/**
 * generated by fontconvert.py
 * name: notosans_18_bolditalic
 * size: 18
 * mode: 2-bit  compressed: true
 * Command used: fontconvert.py notosans_18_bolditalic 18 ../builtinFonts/source/NotoSans/NotoSans-BoldItalic.ttf --2bit --compress --pnum --zopfli
 */
#pragma once
#include "EpdFontData.h"

static const uint8_t notosans_18_bolditalicBitmaps[52836] = {
    0xB5, 0x5A, 0x3D, 0x90, 0xE4, 0xC6, 0x75, 0xEE, 0x99, 0xD1, 0x11, 0x2E, 0x23, 0x80, 0x02, 0x5D,
    0xA9, 0xEC, 0x2B, 0x17, 0x1C, 0x38, 0x70, 0x51, 0xAE, 0x42, 0xAA, 0xC4, 0x6E, 0x9C, 0x1D, 0x30,
    0xF4, 0xBA, 0x8A, 0x63, 0x07, 0x0C, 0xE8, 0xC0, 0x81, 0x8B, 0x72, 0x79, 0x13, 0x87, 0x72, 0x01,
    0xA4, 0x02, 0x87, 0xDA, 0xC0, 0x54, 0xEA, 0x0B, 0x1C, 0xC8, 0xCB, 0xE0, 0x1C, 0x3A, 0x70, 0xB1,
    0xC1, 0x62, 0xE0, 0x80, 0x81, 0x60, 0x5D, 0xC9, 0x0A, 0x14, 0x10, 0xE6, 0x8F, 0x65, 0xF3, 0x82,
    0x6D, 0xB2, 0x70, 0x52, 0xDF, 0x5D, 0x03, 0xCF, 0xEF, 0xFB, 0xD0, 0x1C, 0xCC, 0xDE, 0xDE, 0x6A,
    0x45, 0x96, 0x34, 0x8B, 0xF9, 0x1E, 0x66, 0xA6, 0xE7, 0xBD, 0xD7, 0xEF, 0xAF, 0x5F, 0xF7, 0xAC,
    0x29, 0x67, 0x53, 0xCD, 0xC6, 0x4E, 0xC6, 0x46, 0x5C, 0x4D, 0x30, 0xCD, 0x68, 0x9C, 0x37, 0xA2,
    0xD7, 0x60, 0xA4, 0xDF, 0x48, 0xB7, 0x95, 0x76, 0x2B, 0xF5, 0x4E, 0x0C, 0xAE, 0xD9, 0x64, 0x93,
    0xD9, 0xBC, 0x6C, 0x96, 0x47, 0x36, 0x18, 0xAB, 0xDF, 0x88, 0xC6, 0xE9, 0x15, 0x8C, 0xF5, 0xE6,
    0x56, 0x6D, 0x8A, 0x50, 0x8D, 0x45, 0xB0, 0xBE, 0x1C, 0xF5, 0xE9, 0xED, 0x50, 0x79, 0xDB, 0x55,
    0x43, 0xD3, 0xD9, 0xBE, 0x69, 0x6D, 0xE7, 0x6A, 0xDB, 0x3A, 0x63, 0x6B, 0xC1, 0xD7, 0xC7, 0xDC,
    0x2B, 0x29, 0x7C, 0xB1, 0x90, 0x72, 0x50, 0x52, 0x0E, 0x55, 0xA7, 0xA4, 0xEA, 0x2D, 0x88, 0xED,
    0x9A, 0x96, 0xC4, 0xD5, 0x66, 0xB3, 0x77, 0x6F, 0xCA, 0x5E, 0xD5, 0xC0, 0xA3, 0xBE, 0x44, 0xCC,
    0xF6, 0xAD, 0xF9, 0xAD, 0xF9, 0xDC, 0x98, 0x5D, 0xCC, 0x82, 0x01, 0xC9, 0x47, 0x08, 0x08, 0xE0,
    0x7C, 0xEB, 0xD5, 0x47, 0xAF, 0x3E, 0x3A, 0x31, 0x16, 0x03, 0xC7, 0x4B, 0xC4, 0x9B, 0x17, 0xDD,
    0x27, 0xEE, 0x93, 0x7B, 0x49, 0x80, 0x31, 0x4D, 0x2B, 0x8A, 0xC6, 0x19, 0x12, 0xD9, 0xCE, 0x8A,
    0x9B, 0x79, 0x17, 0x95, 0x6C, 0x27, 0x12, 0x0A, 0xE0, 0xE3, 0xB7, 0x88, 0x7F, 0x44, 0xFC, 0x7B,
    0xC0, 0x0B, 0xF3, 0x89, 0x8E, 0x16, 0xD1, 0x2F, 0x15, 0x50, 0x8D, 0x32, 0x94, 0x99, 0xC8, 0x64,
    0x8C, 0x7C, 0xE6, 0xFF, 0x46, 0xF1, 0x01, 0x66, 0x2A, 0xEF, 0x0E, 0xC0, 0x0F, 0x7B, 0xA0, 0x74,
    0x10, 0x28, 0x78, 0xC7, 0x0A, 0xE4, 0xE5, 0x78, 0x0B, 0x7C, 0x30, 0xB4, 0x92, 0x11, 0xE8, 0x22,
    0x44, 0x59, 0xE0, 0x1F, 0x56, 0xD1, 0xFC, 0xAE, 0xF9, 0xB6, 0xA2, 0xAD, 0xFF, 0xDD, 0x2D, 0x13,
    0xF1, 0xC4, 0x9E, 0x58, 0x83, 0x01, 0x54, 0xFC, 0xFA, 0x23, 0x03, 0x7D, 0x87, 0x23, 0xEC, 0xCD,
    0x95, 0x47, 0x13, 0x60, 0x79, 0xB3, 0x85, 0xA6, 0x76, 0x30, 0x19, 0x18, 0xB8, 0xCE, 0x14, 0xB3,
    0x74, 0x1B, 0x51, 0xC9, 0xA3, 0xEB, 0x76, 0x13, 0x3E, 0x6A, 0xBA, 0x22, 0xE8, 0xF0, 0xDE, 0x75,
    0x95, 0x37, 0x3A, 0xC4, 0x75, 0x4D, 0x07, 0x2A, 0x9D, 0xA8, 0xE5, 0xA4, 0x95, 0x37, 0xA0, 0xBC,
    0xBC, 0x2E, 0x2F, 0x45, 0x0D, 0x02, 0xF9, 0x8E, 0x14, 0x5E, 0x82, 0x91, 0xF7, 0x26, 0xFB, 0x40,
    0xC4, 0x34, 0x12, 0xDD, 0x77, 0x45, 0x6A, 0x2B, 0x9F, 0x4A, 0xF5, 0x58, 0xDA, 0x42, 0xDE, 0x8D,
    0x76, 0x90, 0x76, 0xF3, 0x2F, 0xC5, 0xD8, 0xF4, 0xD2, 0xAA, 0xA4, 0xC1, 0x75, 0xA0, 0x8D, 0x22,
    0xA8, 0x80, 0x67, 0x6D, 0x54, 0xB8, 0xDC, 0x15, 0xB5, 0x8A, 0xF2, 0xFA, 0x63, 0xA5, 0xA5, 0x37,
    0xF2, 0xD2, 0x0C, 0x87, 0x19, 0xB9, 0x50, 0x7B, 0x40, 0x5D, 0x19, 0x0D, 0x3C, 0x65, 0x45, 0xF5,
    0x8F, 0x30, 0x7E, 0x6D, 0xF8, 0x38, 0x31, 0xEB, 0xA3, 0x94, 0x16, 0x44, 0x68, 0xCF, 0x9D, 0x48,
    0x34, 0xF4, 0xD2, 0x0C, 0x32, 0x17, 0x02, 0x23, 0x87, 0x8C, 0x64, 0x4C, 0x24, 0x9F, 0xF9, 0x66,
    0x89, 0x91, 0x65, 0x74, 0x61, 0xF9, 0xC2, 0xB0, 0x78, 0xA8, 0x26, 0x09, 0x66, 0x0F, 0xF1, 0xC3,
    0x56, 0x3A, 0x65, 0xE9, 0x77, 0x52, 0x17, 0x22, 0x31, 0x17, 0xCD, 0xA9, 0x72, 0x2E, 0x26, 0x63,
    0x43, 0x21, 0x6A, 0x60, 0xE7, 0xF1, 0xA9, 0x92, 0x0D, 0x9C, 0x84, 0x3B, 0x69, 0x91, 0x2F, 0x0D,
    0xA2, 0x63, 0xFE, 0x73, 0x9A, 0x5E, 0x04, 0x6E, 0xAF, 0x40, 0x7A, 0x08, 0x98, 0xC4, 0x23, 0x06,
    0xCE, 0xE0, 0xF9, 0x5B, 0x9C, 0x48, 0x11, 0x8A, 0x50, 0x8E, 0xA5, 0xAF, 0x7C, 0x35, 0x58, 0xCD,
    0x0E, 0xDB, 0xDA, 0x1A, 0x66, 0x53, 0x1E, 0xBD, 0x0E, 0xAD, 0x4D, 0x86, 0xC0, 0x8B, 0x50, 0x5D,
    0xAD, 0xA8, 0x6F, 0x2B, 0x3F, 0xCD, 0x5D, 0xA4, 0x6D, 0xFA, 0x68, 0xFD, 0xD8, 0xFA, 0xF4, 0x1C,
    0x30, 0x14, 0x6E, 0x05, 0x97, 0xF4, 0xA4, 0x5B, 0xD7, 0xD7, 0x4D, 0xCF, 0x71, 0x1C, 0x5F, 0x79,
    0x7A, 0xC0, 0x20, 0x14, 0xF2, 0x88, 0x6C, 0x48, 0xE6, 0xDD, 0x88, 0x82, 0xB4, 0xFC, 0xE6, 0xF1,
    0x37, 0xD2, 0xB7, 0x28, 0x95, 0xCF, 0x92, 0xCF, 0xF5, 0x75, 0xC5, 0x31, 0xEB, 0xB3, 0xE1, 0x7C,
    0xA8, 0xFC, 0x86, 0xCA, 0xD7, 0x9C, 0x40, 0x3E, 0x41, 0xF9, 0x75, 0x88, 0x74, 0x87, 0xB7, 0xCB,
    0x40, 0x69, 0xFA, 0xF8, 0x2B, 0x00, 0x14, 0x00, 0x50, 0x9D, 0xDF, 0x37, 0xB0, 0x6D, 0x0B, 0x08,
    0x13, 0xD2, 0x6C, 0x7E, 0xED, 0x5F, 0x4B, 0x26, 0xCC, 0x29, 0xA0, 0x02, 0x38, 0xB9, 0x75, 0x6F,
    0x2B, 0xAE, 0xD6, 0x38, 0xB0, 0xEA, 0x81, 0x68, 0x7B, 0x93, 0x79, 0x55, 0x6B, 0xD3, 0x43, 0x4F,
    0x53, 0xF4, 0x0A, 0x5F, 0x01, 0xE7, 0x3D, 0x40, 0x7E, 0x21, 0xA4, 0xA4, 0x8F, 0xCF, 0xC0, 0x8D,
    0x5F, 0x03, 0xF7, 0x9A, 0x51, 0xD4, 0x66, 0x62, 0xF2, 0x19, 0x73, 0x55, 0xE9, 0xD6, 0x23, 0xCE,
    0x5D, 0x6B, 0x6E, 0xED, 0x5F, 0xAE, 0x94, 0x17, 0xAE, 0x60, 0x65, 0xBC, 0xBD, 0x3F, 0xC9, 0x06,
    0x1B, 0x9A, 0xE8, 0xA2, 0x0B, 0x8D, 0xBF, 0x55, 0x33, 0xA6, 0x81, 0x8C, 0x5D, 0x5A, 0x6A, 0x31,
    0x0C, 0x2C, 0x06, 0x74, 0x03, 0x90, 0xB5, 0x66, 0x2B, 0x1C, 0xBE, 0x0C, 0x9C, 0x38, 0x30, 0xAE,
    0x03, 0x9B, 0xE3, 0x81, 0xED, 0x61, 0x60, 0x7E, 0x3C, 0x70, 0xE4, 0x40, 0x7F, 0x18, 0xB8, 0x39,
    0x1E, 0x38, 0xAF, 0x0A, 0x54, 0xEB, 0xC0, 0xCB, 0x8F, 0x6A, 0xAE, 0x51, 0x71, 0x06, 0x53, 0xA4,
    0x52, 0x1C, 0x8D, 0x9B, 0x9B, 0xC9, 0x88, 0x2F, 0xE6, 0xAD, 0xF4, 0x85, 0xA8, 0x1D, 0x72, 0xC9,
    0xA5, 0xCE, 0xA5, 0x10, 0xA3, 0x30, 0x2B, 0x94, 0x93, 0x0E, 0xAF, 0x22, 0xDC, 0x44, 0x08, 0xA6,
    0x9C, 0x14, 0xD4, 0x61, 0xCA, 0x82, 0x10, 0x14, 0x9A, 0x51, 0x41, 0xBC, 0x0D, 0x1B, 0x19, 0x6C,
    0xDC, 0x49, 0xA7, 0xA9, 0x28, 0x2D, 0x7C, 0x0E, 0x61, 0xD1, 0x30, 0x13, 0x8D, 0x83, 0x0D, 0x36,
    0x4C, 0xAB, 0x0C, 0xD5, 0x6D, 0x52, 0x75, 0xD4, 0xE2, 0xD0, 0x43, 0x42, 0x2E, 0x32, 0x5A, 0x7D,
    0x56, 0x73, 0xE3, 0x8B, 0xD1, 0xF9, 0xBC, 0x95, 0x61, 0x63, 0x04, 0x49, 0xD6, 0xF1, 0xB9, 0x65,
    0xF4, 0x31, 0x38, 0x69, 0xF0, 0x5C, 0x50, 0x44, 0xD2, 0x73, 0xA2, 0x99, 0x54, 0x2D, 0xC4, 0xDC,
    0x62, 0xAC, 0x46, 0x9F, 0x6E, 0xB5, 0x42, 0x29, 0x3D, 0x8C, 0x8B, 0xB0, 0xA0, 0x5E, 0xA6, 0x59,
    0x56, 0x8B, 0xF9, 0xBE, 0xF2, 0x2D, 0x87, 0x9D, 0x62, 0x4E, 0x19, 0xE6, 0x18, 0x29, 0x91, 0xB2,
    0xC0, 0x62, 0x06, 0x36, 0x91, 0xC6, 0x07, 0xE7, 0x8C, 0x43, 0x2A, 0xA1, 0xAF, 0xB9, 0x5C, 0xF1,
    0xED, 0x82, 0xDF, 0xB1, 0x13, 0xC7, 0x8D, 0x87, 0x71, 0xA5, 0xD0, 0xEE, 0xC4, 0x46, 0x98, 0x04,
    0x44, 0x21, 0xA6, 0x8C, 0x86, 0x8D, 0xCA, 0xF4, 0x6E, 0x5C, 0x56, 0x31, 0xFB, 0xB1, 0x13, 0xF3,
    0x3B, 0xCA, 0x95, 0x8A, 0x24, 0xE0, 0xB4, 0x39, 0x5F, 0x88, 0x78, 0x01, 0xF5, 0xAB, 0x58, 0xD6,
    0xC0, 0x11, 0xA0, 0x5C, 0x6E, 0xBD, 0x22, 0x48, 0x22, 0xB2, 0x6E, 0x00, 0x8C, 0x20, 0x82, 0xF3,
    0x2D, 0x66, 0x30, 0xD7, 0x6A, 0x14, 0x96, 0x40, 0x00, 0x24, 0xAA, 0x63, 0x05, 0xCA, 0xDF, 0x66,
    0x2D, 0x4F, 0x26, 0xC8, 0x81, 0xA9, 0x94, 0x37, 0x0C, 0x63, 0x11, 0x5A, 0x86, 0x6A, 0x10, 0xAB,
    0xA7, 0xD0, 0xA6, 0x79, 0x38, 0x41, 0x9D, 0x1F, 0x44, 0x7C, 0x58, 0xB2, 0xF0, 0x01, 0xED, 0x58,
    0x05, 0xE4, 0x82, 0x1D, 0x11, 0xB3, 0xD6, 0xC3, 0x7B, 0x8D, 0x47, 0xB4, 0xBA, 0x01, 0xF2, 0x44,
    0xDF, 0x04, 0xD6, 0x44, 0xD3, 0x10, 0x6F, 0xEF, 0xFF, 0x42, 0x7E, 0x44, 0x29, 0x6B, 0xDE, 0x64,
    0xC4, 0x9C, 0xC8, 0xE9, 0x67, 0x69, 0xE5, 0x05, 0x16, 0xF8, 0x16, 0x91, 0x96, 0x9E, 0x39, 0xD5,
    0x35, 0xC1, 0x2E, 0xE5, 0x23, 0xF1, 0xE2, 0x23, 0x28, 0x2B, 0xC2, 0x99, 0x48, 0x47, 0xD4, 0xCF,
    0x9F, 0x7C, 0x4B, 0x38, 0x56, 0x96, 0x34, 0x22, 0xDA, 0x40, 0x5C, 0xDF, 0x81, 0x55, 0xCF, 0xCC,
    0x4E, 0xC7, 0xBF, 0xFD, 0x67, 0xA7, 0xD2, 0xD1, 0x91, 0x2D, 0x70, 0x36, 0x40, 0x1D, 0x72, 0x07,
    0x6F, 0x24, 0x43, 0xA6, 0xC7, 0x0B, 0xF8, 0xB4, 0x51, 0xD8, 0xC1, 0xAB, 0xCC, 0x0B, 0x2B, 0x1F,
    0xFF, 0xB5, 0x71, 0x01, 0x8A, 0x0C, 0x29, 0xD6, 0x38, 0xC9, 0x62, 0xD2, 0x34, 0x29, 0xA3, 0x26,
    0x67, 0xF5, 0x24, 0x99, 0xA7, 0x07, 0x0C, 0x8D, 0xDC, 0x15, 0x8F, 0xD6, 0xCF, 0xBB, 0x51, 0x27,
    0xE5, 0xFC, 0x02, 0x0E, 0xA0, 0x9F, 0x2A, 0xF4, 0xCD, 0xB8, 0x93, 0xCE, 0x4E, 0xA5, 0xB4, 0xD5,
    0x95, 0xFC, 0x6B, 0x99, 0x7F, 0x9C, 0xB6, 0xF4, 0xDB, 0x15, 0xBB, 0xDD, 0x8A, 0x35, 0xBD, 0xCA,
    0x82, 0x31, 0x01, 0x9B, 0x00, 0xA4, 0x51, 0xB6, 0x8C, 0xA8, 0x5D, 0x8A, 0x8A, 0xFA, 0x90, 0x12,
    0x36, 0x02, 0xDD, 0x3A, 0x70, 0xC7, 0x81, 0x99, 0xB4, 0x2B, 0xAF, 0x35, 0x77, 0x68, 0x5A, 0x66,
    0xD0, 0xCA, 0xAB, 0x65, 0x84, 0x99, 0x94, 0x36, 0xEB, 0x83, 0xF1, 0x96, 0x51, 0xFB, 0x92, 0xB9,
    0x6B, 0x17, 0x1B, 0x8F, 0x18, 0x2C, 0x7D, 0x06, 0xEC, 0x8E, 0xB0, 0x47, 0x5C, 0x88, 0x67, 0x1D,
    0x98, 0x64, 0xE4, 0xB7, 0x7A, 0x08, 0x60, 0xB6, 0x08, 0xD2, 0x25, 0xC5, 0xCC, 0x8F, 0x91, 0xF6,
    0x33, 0xEC, 0x6E, 0xD1, 0x2B, 0xB0, 0xEA, 0xC3, 0xA4, 0x40, 0x47, 0x6C, 0x96, 0x97, 0x71, 0x73,
    0xE8, 0xF4, 0x4A, 0xBA, 0x39, 0x83, 0xFB, 0x52, 0xF7, 0xB8, 0x76, 0xE5, 0x50, 0x73, 0xA4, 0x7E,
    0x14, 0x41, 0x5B, 0xF6, 0xB9, 0xFC, 0x17, 0xAA, 0xAB, 0x71, 0xD0, 0xC8, 0x8E, 0x36, 0x00, 0x46,
    0x00, 0x40, 0xB9, 0x3B, 0xDC, 0xC9, 0x88, 0x9A, 0xE9, 0xD9, 0x53, 0x96, 0x80, 0x42, 0x66, 0x37,
    0x6C, 0x25, 0xA8, 0xC8, 0xDF, 0xBE, 0x2B, 0xDD, 0xA5, 0xC8, 0x98, 0x17, 0x33, 0xFE, 0xE3, 0xD7,
    0x55, 0x1A, 0x23, 0x96, 0x3A, 0x51, 0x25, 0xA8, 0x98, 0xDA, 0x96, 0x3B, 0xED, 0xB2, 0x9F, 0xD8,
    0xF0, 0x42, 0xC8, 0xDF, 0x36, 0xD7, 0x3D, 0x2E, 0xEF, 0x27, 0x30, 0x67, 0x2E, 0x6D, 0x7F, 0xCB,
    0xFC, 0xA7, 0x87, 0xB2, 0xF4, 0x64, 0x1A, 0x72, 0xC2, 0x37, 0x3F, 0x6E, 0x9F, 0x2C, 0xB1, 0x20,
    0x7D, 0x62, 0xC3, 0x56, 0x89, 0xFD, 0x4B, 0x11, 0x96, 0x7E, 0xA6, 0x3A, 0xEE, 0x8C, 0xFF, 0x00,
    0xF1, 0x15, 0x59, 0xD3, 0x20, 0x58, 0xA1, 0x92, 0x8F, 0xF4, 0x66, 0xC6, 0xCD, 0x90, 0x6E, 0xA4,
    0x4F, 0x01, 0x62, 0xA5, 0x86, 0x6F, 0x99, 0x39, 0x78, 0xF3, 0x0E, 0x1D, 0xEC, 0x64, 0x84, 0x99,
    0x22, 0x4D, 0x44, 0x7E, 0xE4, 0x0C, 0xB8, 0xA6, 0x43, 0xB8, 0xF4, 0x78, 0xF1, 0xFC, 0xFC, 0xFC,
    0xFB, 0xCF, 0x0C, 0xB9, 0xBD, 0xDF, 0xEF, 0x97, 0x19, 0x7F, 0x13, 0x60, 0x5B, 0x40, 0x00, 0x48,
    0xCB, 0x66, 0x14, 0x62, 0xD7, 0xDB, 0x86, 0x8E, 0x5A, 0x6E, 0x19, 0x6C, 0x9C, 0x47, 0x48, 0x1D,
    0xBE, 0x8C, 0x54, 0x94, 0x3D, 0x73, 0x9A, 0xC7, 0x19, 0x39, 0x5F, 0x7E, 0x9C, 0xCA, 0x99, 0xC9,
    0x58, 0x8C, 0x59, 0x28, 0x98, 0xC5, 0x8F, 0x5F, 0x95, 0x3A, 0xAB, 0x59, 0x0D, 0x57, 0x60, 0x6A,
    0x59, 0x16, 0xDD, 0x00, 0x0D, 0x06, 0x08, 0xAB, 0xD3, 0x5A, 0x24, 0x43, 0x6A, 0x26, 0xE8, 0xB5,
    0xDD, 0x7C, 0xD5, 0x45, 0xDB, 0x7B, 0xA9, 0xBB, 0x20, 0x8F, 0x04, 0x31, 0xB5, 0x10, 0x0C, 0x02,
    0x96, 0xAD, 0xB7, 0xFF, 0x99, 0x83, 0x19, 0x67, 0x10, 0x20, 0x32, 0xD2, 0xEC, 0x6F, 0x09, 0xFC,
    0x29, 0x67, 0x4C, 0xDF, 0x8A, 0x22, 0xBB, 0xA5, 0xC4, 0xDA, 0x61, 0x23, 0xF5, 0xE6, 0xBC, 0x2E,
    0xBD, 0x8A, 0xAD, 0x64, 0x2A, 0xC6, 0x2C, 0x6E, 0xD0, 0xA3, 0x07, 0xBD, 0x93, 0x8B, 0x98, 0x85,
    0xD2, 0x17, 0x21, 0xD3, 0xBF, 0x6A, 0xB0, 0x43, 0x3E, 0x66, 0xC1, 0x76, 0x4D, 0x57, 0x78, 0x50,
    0xD7, 0x16, 0x3E, 0x1F, 0x6D, 0x27, 0x75, 0x39, 0x14, 0xBE, 0xE9, 0xC4, 0xD8, 0xBE, 0x24, 0x6D,
    0x3A, 0x3B, 0x80, 0x8A, 0x8E, 0xD5, 0xCF, 0xDF, 0x90, 0x1F, 0x4A, 0xAD, 0xE3, 0x45, 0x64, 0xD6,
    0x31, 0x56, 0xBE, 0x0B, 0x8B, 0xF9, 0x7C, 0x46, 0xB2, 0x14, 0xAA, 0xE2, 0xDA, 0x41, 0xA5, 0x04,
    0xFA, 0x2A, 0xD4, 0x7E, 0x6C, 0xEE, 0x78, 0x3A, 0x4A, 0x04, 0x34, 0x4F, 0x14, 0x5D, 0x2A, 0x27,
    0xBC, 0xD9, 0x1F, 0xD2, 0xB9, 0x07, 0x29, 0x64, 0x00, 0x29, 0x97, 0x51, 0x76, 0x21, 0xCD, 0x42,
    0xE4, 0x02, 0x64, 0x2B, 0xFF, 0xE4, 0x29, 0xA2, 0x1C, 0xD9, 0x8A, 0x91, 0x14, 0x91, 0x8D, 0x60,
    0x15, 0x0A, 0x10, 0xEB, 0x49, 0xDC, 0x50, 0x2C, 0x66, 0x02, 0x51, 0xDF, 0x80, 0xA8, 0x23, 0x41,
    0x72, 0x39, 0xB4, 0x26, 0x68, 0x8D, 0x48, 0xA8, 0x24, 0xEA, 0xD9, 0x93, 0xF3, 0xFB, 0xB3, 0xAA,
    0xDE, 0x2B, 0xF3, 0x94, 0x8F, 0x7A, 0xD5, 0x20, 0x85, 0x18, 0x90, 0x72, 0xA2, 0x9B, 0x2D, 0xF8,
    0xF1, 0x9D, 0x59, 0x7D, 0xB6, 0xAE, 0x8B, 0x03, 0x71, 0x24, 0xF7, 0x60, 0x4A, 0x66, 0x3A, 0x0A,
    0x92, 0x5E, 0x81, 0x38, 0xE2, 0x86, 0x67, 0x10, 0x7A, 0xBD, 0xC0, 0xA2, 0x02, 0x6F, 0x73, 0x38,
    0x70, 0x60, 0x4D, 0x43, 0xBF, 0xF6, 0xA3, 0x53, 0xEC, 0xFE, 0x3B, 0x5E, 0xED, 0x16, 0x58, 0x2B,
    0x66, 0x02, 0xBD, 0x72, 0x62, 0x31, 0xA3, 0x57, 0x28, 0xE4, 0x5C, 0x24, 0x4D, 0xA7, 0x02, 0x1F,
    0x22, 0x37, 0xCB, 0xFF, 0xBB, 0x46, 0xE0, 0x1D, 0x75, 0xC7, 0x22, 0x20, 0x39, 0xA2, 0xE2, 0xBD,
    0x93, 0x4F, 0xB0, 0x11, 0x9E, 0x4C, 0xD6, 0x62, 0x8D, 0x4D, 0x2D, 0x08, 0x27, 0xBB, 0x2E, 0x39,
    0x2B, 0x36, 0x81, 0x38, 0x02, 0x9D, 0x5F, 0x51, 0x8E, 0x30, 0xBD, 0x3F, 0xAE, 0xAB, 0x90, 0x9D,
    0xB1, 0x57, 0xAD, 0xE4, 0xE3, 0x53, 0xB4, 0x4E, 0xD0, 0x2D, 0x23, 0x6E, 0x88, 0xA6, 0x42, 0x3C,
    0x70, 0xFB, 0x41, 0x7B, 0x9E, 0x51, 0x0B, 0x78, 0x83, 0x83, 0x3B, 0x92, 0xB4, 0x2C, 0xD1, 0x71,
    0x11, 0xFA, 0xD2, 0xAA, 0x33, 0xF5, 0x82, 0xB2, 0x36, 0x80, 0x40, 0xB3, 0x5C, 0xA8, 0x02, 0x88,
    0x24, 0x32, 0x90, 0xD0, 0x37, 0xF0, 0x2D, 0x08, 0x0A, 0x65, 0xB1, 0xB8, 0xB8, 0x9A, 0x18, 0xB3,
    0x36, 0x32, 0xD3, 0x5D, 0x30, 0x19, 0x46, 0x91, 0x51, 0xB6, 0x7C, 0xE7, 0x14, 0x83, 0xE5, 0xBE,
    0xC8, 0x41, 0x87, 0xC5, 0x78, 0x24, 0x35, 0x63, 0x08, 0x4A, 0xA7, 0x59, 0xE5, 0x44, 0xAA, 0x9E,
    0x90, 0x8B, 0x19, 0xD3, 0x9F, 0x6A, 0xAF, 0x36, 0x3D, 0xB6, 0x26, 0x70, 0x0D, 0x83, 0x91, 0xE8,
    0xCD, 0x06, 0x88, 0x60, 0xD8, 0x9F, 0x50, 0x59, 0xE6, 0x17, 0xB1, 0x7E, 0xB6, 0x4D, 0x4B, 0x48,
    0x51, 0x44, 0x6A, 0x97, 0xD0, 0x2A, 0x7E, 0x31, 0x0D, 0x03, 0xF1, 0x8A, 0xBF, 0xE5, 0x91, 0x6A,
    0xF2, 0x1C, 0x0D, 0x69, 0x90, 0x9D, 0xEA, 0x59, 0xDF, 0xA4, 0xE1, 0x0C, 0x2C, 0x27, 0x8A, 0xBA,
    0x22, 0x70, 0xED, 0xE0, 0xC0, 0xC4, 0x89, 0x44, 0xEA, 0x1C, 0x53, 0x42, 0x35, 0xF2, 0x04, 0xA7,
    0x0C, 0x9A, 0xA2, 0xC3, 0x4E, 0xFC, 0x51, 0xB8, 0xD6, 0x97, 0xBB, 0x9A, 0x35, 0x5C, 0x45, 0xBC,
    0x1B, 0x37, 0x40, 0x8F, 0x1D, 0x19, 0x8F, 0x2A, 0x7A, 0xF1, 0x9B, 0x73, 0xE9, 0xA8, 0x76, 0xE7,
    0x3C, 0x14, 0x76, 0x23, 0xB0, 0x81, 0xB4, 0xDA, 0x62, 0x37, 0x86, 0x70, 0xBD, 0x2F, 0x34, 0xCF,
    0x4C, 0x15, 0x94, 0x6D, 0x8A, 0xBF, 0xC5, 0xDB, 0xFB, 0xCF, 0xA7, 0x67, 0x19, 0x2A, 0xEC, 0xB3,
    0x19, 0x7A, 0x9C, 0xA1, 0x0C, 0x98, 0x22, 0x49, 0x64, 0xCC, 0x55, 0x91, 0x31, 0x67, 0x13, 0x09,
    0x10, 0x07, 0xC3, 0x32, 0xE6, 0x1E, 0xED, 0x5F, 0x51, 0x22, 0x78, 0x98, 0x23, 0x82, 0x79, 0x82,
    0x4C, 0x0C, 0x80, 0xD3, 0xB8, 0x84, 0x6B, 0x3C, 0x0E, 0x57, 0x1B, 0xA8, 0x43, 0xF3, 0x8B, 0x75,
    0xA8, 0x2E, 0xEB, 0x10, 0x48, 0x30, 0x2B, 0x7C, 0x4D, 0xF0, 0x25, 0x02, 0x53, 0x72, 0x32, 0xE4,
    0x43, 0x2E, 0xFC, 0x32, 0x81, 0xDF, 0xE7, 0xD7, 0x08, 0x50, 0x21, 0xB9, 0x38, 0x5B, 0xF7, 0x49,
    0x84, 0x19, 0x00, 0x26, 0x8C, 0xA6, 0x0A, 0x60, 0x01, 0x8D, 0x42, 0x9E, 0xC2, 0x92, 0xC5, 0xA9,
    0x23, 0x24, 0xD7, 0xD3, 0x8C, 0x98, 0xC7, 0x41, 0xB0, 0x5F, 0x05, 0x03, 0x56, 0xC1, 0x6B, 0x93,
    0x56, 0x5F, 0x23, 0x18, 0xB0, 0x0A, 0xB6, 0x81, 0x8C, 0x01, 0xFE, 0xF9, 0xDC, 0x57, 0xC6, 0x6C,
    0x8F, 0x2B, 0x5A, 0x9F, 0x10, 0x01, 0x63, 0xEA, 0xF7, 0xEE, 0xA3, 0x82, 0xB2, 0x3A, 0xB0, 0xB0,
    0xA0, 0xF5, 0x86, 0xD4, 0x42, 0x5A, 0x10, 0x3B, 0x53, 0xB2, 0x63, 0x85, 0xDA, 0x8A, 0x87, 0x0A,
    0x99, 0x74, 0x90, 0xCF, 0xF0, 0xB4, 0xA3, 0x5D, 0x4C, 0xBB, 0x34, 0x32, 0x9F, 0x2D, 0x96, 0xFD,
    0x39, 0x2D, 0x20, 0x17, 0x0C, 0x5D, 0x16, 0x3D, 0xBA, 0x7C, 0xED, 0x02, 0x76, 0x18, 0x02, 0xF2,
    0x86, 0xF4, 0x20, 0x77, 0x65, 0xA0, 0x0E, 0xE2, 0x39, 0x79, 0x37, 0x72, 0xE6, 0x4D, 0xE4, 0xDC,
    0x6D, 0xA4, 0x0E, 0xD5, 0xCC, 0xF9, 0x17, 0x92, 0x48, 0x0A, 0x93, 0xF6, 0x92, 0xB3, 0x66, 0x02,
    0xCD, 0xB5, 0x3A, 0xEB, 0x26, 0x67, 0x98, 0xE7, 0x3B, 0x03, 0x50, 0x5F, 0xE5, 0x2E, 0xE7, 0xE7,
    0x2D, 0x2B, 0x0B, 0x6B, 0x10, 0x20, 0xD5, 0xA1, 0x8C, 0xE6, 0xC1, 0x39, 0x00, 0x6E, 0x2C, 0xCB,
    0x50, 0xDA, 0x35, 0xF1, 0x46, 0xB8, 0x35, 0x1F, 0x55, 0x48, 0xBA, 0xE1, 0x0E, 0xB8, 0x62, 0xB8,
    0x22, 0xE3, 0x9E, 0x8E, 0xA6, 0xC0, 0x3E, 0xD8, 0x3E, 0x0C, 0xBA, 0x21, 0xC6, 0xF2, 0xAD, 0x37,
    0xF6, 0xFD, 0xA8, 0x2C, 0x7E, 0x12, 0x8C, 0xC3, 0xB6, 0x58, 0xDE, 0x0B, 0x46, 0x5E, 0xC5, 0xCD,
    0x7F, 0xA8, 0x37, 0xAA, 0xC0, 0x9B, 0xDD, 0xC4, 0x9D, 0xF1, 0x3F, 0xC4, 0x3C, 0x5A, 0x24, 0xFF,
    0x4B, 0xB1, 0x1C, 0x2D, 0xF2, 0x7F, 0xA7, 0xAF, 0x9B, 0xE5, 0xA6, 0xE9, 0xDD, 0xC0, 0x1B, 0x69,
    0xB1, 0x50, 0xCD, 0xBB, 0x49, 0x0C, 0x34, 0x9D, 0x76, 0x32, 0xE3, 0xA6, 0x88, 0x3B, 0x89, 0x1B,
    0x69, 0x79, 0x13, 0xB6, 0x50, 0x30, 0xEC, 0xC4, 0xC3, 0x00, 0x95, 0xDE, 0x0C, 0x3B, 0x68, 0x8A,
    0x8D, 0x21, 0x6B, 0x83, 0xDF, 0x4A, 0x9B, 0xCF, 0xE9, 0x60, 0x62, 0xC3, 0xED, 0x10, 0xB8, 0xD7,
    0x9C, 0x27, 0x86, 0x26, 0xCA, 0x59, 0x66, 0x6C, 0xBC, 0xA3, 0xCA, 0x22, 0x65, 0x34, 0x5B, 0x99,
    0x96, 0x83, 0xC1, 0x9F, 0x0A, 0x9D, 0xD4, 0x7C, 0x28, 0x86, 0x9B, 0xFC, 0x07, 0x52, 0xA3, 0x79,
    0x94, 0x77, 0xA4, 0xB3, 0x30, 0x59, 0x77, 0xA0, 0x7D, 0x83, 0xAA, 0xDC, 0x3A, 0xEF, 0xD0, 0xCC,
    0xD7, 0xD6, 0xBB, 0x1E, 0x22, 0xED, 0x88, 0xCD, 0x01, 0xBE, 0xAD, 0x94, 0x9D, 0x0C, 0xE8, 0x8C,
    0xA3, 0xF0, 0x16, 0x22, 0x73, 0x81, 0x5A, 0xAC, 0xB7, 0x06, 0x94, 0x36, 0x2F, 0x63, 0xDA, 0x0F,
    0x84, 0xA5, 0x34, 0x50, 0x24, 0xD4, 0xF2, 0xA9, 0xF7, 0x5D, 0xFB, 0x8B, 0x90, 0x62, 0x17, 0x59,
    0xB9, 0x2E, 0x8F, 0x23, 0xDC, 0xFA, 0x50, 0x22, 0x1B, 0xE7, 0x66, 0xE2, 0x4E, 0xBE, 0x14, 0x26,
    0x5A, 0x21, 0xB8, 0x10, 0x30, 0xE5, 0x4C, 0x62, 0xE3, 0x31, 0x69, 0xC2, 0x1A, 0xE1, 0x82, 0x38,
    0x4C, 0x04, 0xA3, 0x19, 0x3F, 0x13, 0x89, 0x8D, 0x7C, 0xB3, 0x09, 0x1C, 0x29, 0x23, 0x72, 0x01,
    0x6B, 0x83, 0x45, 0x66, 0x76, 0x28, 0xE3, 0x2E, 0xF5, 0x66, 0x33, 0x4B, 0x1E, 0xF5, 0x14, 0x26,
    0xB4, 0x29, 0x31, 0x15, 0xB6, 0x1E, 0x6B, 0xEF, 0x91, 0x73, 0xE0, 0xBA, 0x38, 0xFA, 0x74, 0x9A,
    0x84, 0x5E, 0x2E, 0xAC, 0xBD, 0x1C, 0x6E, 0x46, 0x60, 0x43, 0x74, 0x1E, 0xEF, 0x8B, 0x87, 0x02,
    0x32, 0xDC, 0xC1, 0x0D, 0x64, 0x6C, 0x80, 0x35, 0x52, 0x19, 0x33, 0x17, 0x39, 0x53, 0x7C, 0xF3,
    0xE4, 0xB9, 0x8B, 0xE3, 0x7C, 0xF3, 0xE2, 0xF8, 0x45, 0x8C, 0x1D, 0x7F, 0x9D, 0xC6, 0x76, 0xC9,
    0xD8, 0x7E, 0x31, 0xF6, 0x00, 0x63, 0x97, 0x34, 0xF6, 0xFF, 0x48, 0x32, 0xF6, 0x44, 0x63, 0x73,
    0xFF, 0xB2, 0x6E, 0x67, 0xA8, 0xFC, 0x2B, 0x7C, 0xC5, 0xEA, 0x79, 0x38, 0x9C, 0x20, 0xCB, 0xC3,
    0xEA, 0x8D, 0xB1, 0x24, 0xB7, 0xF6, 0xB4, 0xD2, 0x13, 0xCC, 0x92, 0x2C, 0x0B, 0x49, 0xFC, 0x79,
    0x44, 0x70, 0x5F, 0x3C, 0xBB, 0x41, 0xBF, 0x7A, 0xA0, 0x59, 0xFA, 0x6B, 0x7F, 0x68, 0xB1, 0xF1,
    0xA9, 0x78, 0xEC, 0x30, 0xE4, 0x89, 0x48, 0x47, 0xB7, 0x50, 0x25, 0x2C, 0x82, 0xC2, 0x8C, 0x78,
    0x48, 0x7C, 0x5D, 0x98, 0x25, 0xF8, 0x8D, 0x85, 0x33, 0xA7, 0x51, 0x60, 0x05, 0x9E, 0xC6, 0xC2,
    0x00, 0xA5, 0x5E, 0xC2, 0x8A, 0x0A, 0x84, 0x55, 0x6D, 0x48, 0x4D, 0x59, 0x52, 0x9A, 0xFB, 0x40,
    0xA6, 0x0F, 0xD1, 0xA6, 0xAD, 0xC5, 0x5B, 0x28, 0x43, 0xC1, 0xFC, 0xDE, 0xA1, 0x4F, 0x1E, 0x12,
    0xAE, 0x3D, 0xF3, 0x04, 0x6C, 0x92, 0x9D, 0x3C, 0x8B, 0x67, 0x34, 0xE4, 0xB6, 0x7E, 0x50, 0x50,
    0x14, 0x05, 0xA6, 0xF3, 0xA1, 0x4D, 0xC2, 0xCE, 0xFC, 0x1D, 0xDF, 0x6F, 0xDE, 0x3C, 0x45, 0x57,
    0x01, 0xE1, 0x40, 0x96, 0x0F, 0x70, 0x63, 0x6A, 0xF3, 0x88, 0x2C, 0x6D, 0x78, 0x08, 0x18, 0x17,
    0x1D, 0x40, 0x68, 0x8F, 0xB4, 0x96, 0x5E, 0xB7, 0x2E, 0x10, 0xC2, 0x75, 0xEB, 0xC2, 0x40, 0x6D,
    0xAE, 0x59, 0x17, 0xAE, 0xAE, 0xD4, 0x64, 0x90, 0x09, 0x59, 0x3C, 0xD3, 0x9C, 0xCF, 0xE4, 0x51,
    0x4E, 0x24, 0xD5, 0xE5, 0xA6, 0x27, 0x80, 0xD7, 0xA1, 0xE3, 0x1A, 0x2F, 0x75, 0x3B, 0x4A, 0xA6,
    0xB5, 0xE9, 0xE9, 0xD9, 0xF4, 0x5C, 0xEA, 0xB8, 0x68, 0xA1, 0x31, 0x35, 0x5E, 0x60, 0x94, 0x38,
    0x80, 0x94, 0x33, 0x3B, 0x14, 0x4B, 0x93, 0x7D, 0x8F, 0x2D, 0x3E, 0x73, 0x3F, 0xC5, 0x1A, 0x92,
    0x37, 0x79, 0x62, 0x34, 0x87, 0xB3, 0xA8, 0x66, 0x30, 0x3C, 0x14, 0x84, 0x70, 0xD4, 0x5C, 0x54,
    0x5E, 0x48, 0x51, 0x44, 0x1B, 0xC9, 0x66, 0x4C, 0xB1, 0x9C, 0x80, 0xDC, 0xFC, 0x41, 0x94, 0x22,
    0x22, 0x76, 0x84, 0x72, 0x58, 0x28, 0x5A, 0x45, 0x58, 0xA2, 0x0C, 0xC5, 0x0C, 0x2C, 0x23, 0x10,
    0x35, 0x1E, 0xBF, 0x32, 0x2B, 0x46, 0x37, 0x00, 0xB9, 0x13, 0x9A, 0xA4, 0x55, 0x7C, 0x4A, 0x33,
    0xA6, 0x5F, 0x53, 0x23, 0x31, 0x10, 0x3D, 0xF3, 0x65, 0x20, 0x76, 0xD0, 0xB0, 0xE7, 0xF9, 0xBF,
    0x1B, 0x94, 0x05, 0x8D, 0x84, 0xC5, 0xAD, 0xA4, 0x85, 0x1D, 0xB3, 0x16, 0x4D, 0xEF, 0x60, 0x1A,
    0xB4, 0xB8, 0x98, 0x8E, 0xC3, 0x72, 0x80, 0x1B, 0x11, 0x58, 0xB3, 0x19, 0xB6, 0x22, 0x2C, 0x72,
    0xC3, 0x4E, 0x84, 0xFA, 0x0F, 0xF9, 0x2C, 0xCC, 0xAF, 0xA1, 0x78, 0x22, 0xB0, 0x76, 0x33, 0x94,
    0x3F, 0x13, 0x1A, 0x7A, 0xB0, 0x9F, 0xCA, 0x16, 0x5E, 0x1A, 0x9A, 0xFF, 0x94, 0x1D, 0x7F, 0x6F,
    0x95, 0x77, 0x24, 0x9F, 0x79, 0xF3, 0xBA, 0x70, 0x35, 0xFB, 0x40, 0x87, 0x62, 0x82, 0xF6, 0xC3,
    0x79, 0x23, 0xD5, 0x88, 0x75, 0x2D, 0x6E, 0x04, 0xD3, 0xB4, 0x17, 0x7A, 0xD3, 0x0C, 0xB8, 0x51,
    0xD3, 0xB0, 0x71, 0x12, 0xBF, 0x61, 0xE9, 0xB0, 0x2C, 0xA4, 0x66, 0xE9, 0x14, 0xD2, 0x4D, 0x6B,
    0x64, 0xE2, 0x8D, 0x31, 0x12, 0xD3, 0x1E, 0x93, 0xBE, 0xA1, 0xB7, 0x73, 0xA9, 0x99, 0x22, 0xAC,
    0x23, 0x50, 0x12, 0x43, 0x58, 0x9D, 0x19, 0xBF, 0x5B, 0x19, 0x18, 0xCC, 0x8B, 0x91, 0x6C, 0x4C,
    0xDB, 0xDD, 0x08, 0xF7, 0xC3, 0xC8, 0x8E, 0x8C, 0x72, 0xC1, 0x30, 0x98, 0x92, 0xC3, 0xB8, 0x20,
    0x52, 0x00, 0x24, 0xF3, 0x75, 0x24, 0x2D, 0xD2, 0xEB, 0x4A, 0x66, 0xD2, 0x86, 0xE3, 0xD8, 0xDC,
    0xD5, 0x1C, 0xF6, 0x40, 0x5A, 0xB2, 0xFB, 0x4E, 0x3A, 0xDE, 0x67, 0xA2, 0xA4, 0xF5, 0x02, 0x5A,
    0x93, 0x42, 0x27, 0xC8, 0x85, 0x4E, 0x50, 0x97, 0x6D, 0x5B, 0xE4, 0xC4, 0xD8, 0xD0, 0x35, 0x1E,
    0x33, 0x42, 0xE0, 0xB2, 0xEE, 0xB0, 0x06, 0xB1, 0x2A, 0x45, 0xD6, 0xA9, 0x69, 0x49, 0x00, 0x4C,
    0x3A, 0x9F, 0x33, 0x9E, 0x9D, 0x16, 0x02, 0xE1, 0xD5, 0x04, 0x74, 0x01, 0x12, 0x20, 0x67, 0xB1,
    0xAD, 0x11, 0x69, 0x89, 0xE9, 0x07, 0x15, 0x9A, 0x85, 0x78, 0xBC, 0xAB, 0x1F, 0x80, 0x6B, 0xA5,
    0x81, 0x69, 0x81, 0xD7, 0xEC, 0x43, 0x99, 0x24, 0x88, 0x24, 0x60, 0x4E, 0xE4, 0x4A, 0x40, 0x5C,
    0x7F, 0xB3, 0xC9, 0xD6, 0x2D, 0x1B, 0x27, 0x47, 0xF9, 0xEB, 0x87, 0xFD, 0xFA, 0xB3, 0xCE, 0xAA,
    0x5C, 0x3A, 0xC2, 0x5E, 0x3F, 0xA4, 0x67, 0xD7, 0x53, 0x6E, 0x7E, 0x38, 0xF0, 0xC3, 0x4F, 0xCE,
    0xCF, 0x4D, 0x49, 0xE1, 0x15, 0x85, 0x5B, 0x08, 0x4F, 0xC8, 0x5E, 0x66, 0xC7, 0xE7, 0x64, 0x32,
    0x7D, 0xF2, 0x8C, 0x14, 0xCF, 0x70, 0xF4, 0xCB, 0xED, 0xF1, 0x6F, 0xC7, 0x47, 0xBF, 0x17, 0x0B,
    0x9E, 0x2D, 0x9B, 0xB8, 0x2D, 0x2C, 0x8B, 0xE7, 0xAC, 0xCF, 0xC9, 0x30, 0xC7, 0x56, 0x56, 0x2B,
    0x1B, 0xB2, 0x92, 0x81, 0xCF, 0x46, 0x95, 0x77, 0xD2, 0x81, 0x85, 0xEB, 0x70, 0x35, 0x1D, 0xD8,
    0xDB, 0x81, 0x97, 0xC7, 0xD8, 0xD2, 0xE3, 0x9B, 0x85, 0x5E, 0x01, 0xAC, 0x72, 0x5E, 0xD9, 0x84,
    0x6B, 0x37, 0xF3, 0x12, 0x88, 0xDE, 0x08, 0x95, 0x90, 0x96, 0x57, 0xB7, 0x84, 0x24, 0x35, 0x22,
    0xCC, 0x86, 0x53, 0xA3, 0x46, 0x54, 0x29, 0x01, 0x14, 0xA3, 0x66, 0x54, 0xCB, 0x58, 0xC2, 0xC0,
    0x22, 0x91, 0x80, 0xD3, 0x24, 0x47, 0x70, 0xA6, 0x10, 0x4E, 0xD5, 0xEC, 0x56, 0x60, 0x2F, 0xFB,
    0x0C, 0xF7, 0x00, 0x18, 0x8F, 0xB9, 0x57, 0xB2, 0xCC, 0x1C, 0xD0, 0x23, 0x23, 0xA8, 0xE5, 0x26,
    0x80, 0x43, 0x4C, 0x87, 0x85, 0xA8, 0x43, 0xC9, 0xC9, 0x0E, 0x20, 0xAE, 0x55, 0x63, 0xDA, 0x4E,
    0x39, 0x2B, 0x14, 0xBE, 0x82, 0x71, 0xCA, 0xC1, 0xE0, 0xB8, 0xD2, 0x48, 0x9D, 0x8F, 0x2A, 0x3B,
    0x0B, 0x59, 0x54, 0x0E, 0xC5, 0xA8, 0x50, 0x0D, 0x66, 0x3B, 0x61, 0x49, 0xDB, 0xE3, 0x34, 0x99,
    0x1E, 0x36, 0x0D, 0xFC, 0xFE, 0xDA, 0x3D, 0x54, 0xFB, 0x92, 0x7D, 0x34, 0xF4, 0x15, 0x83, 0x23,
    0xF9, 0xCD, 0xDB, 0xF5, 0x1E, 0xAD, 0xC3, 0x80, 0xBC, 0x92, 0x27, 0x69, 0xBF, 0x0D, 0x7B, 0x89,
    0x20, 0xEC, 0xD8, 0x2F, 0xD6, 0xD5, 0xA4, 0x88, 0xEF, 0x2E, 0x99, 0x65, 0xF5, 0x66, 0x69, 0xF7,
    0x02, 0x70, 0x29, 0xE0, 0xA9, 0xBB, 0x00, 0x6E, 0xE0, 0xD8, 0x80, 0xB8, 0xB4, 0x53, 0x09, 0x4C,
    0xA7, 0x29, 0x33, 0x9B, 0xC7, 0x20, 0xAD, 0xD9, 0x42, 0x20, 0x14, 0xA0, 0x9B, 0xCE, 0xCD, 0xF3,
    0xDB, 0xBE, 0x09, 0xF8, 0x9C, 0xE3, 0x97, 0xF1, 0xB4, 0x55, 0xFC, 0x0C, 0xD5, 0xBD, 0x79, 0x0A,
    0xA7, 0xBA, 0xB4, 0x31, 0x75, 0xD0, 0x3F, 0xE4, 0xD2, 0xAA, 0x06, 0x3B, 0xE0, 0x72, 0x48, 0xD8,
    0xEE, 0x70, 0xD5, 0x44, 0xE4, 0x26, 0x8F, 0x2F, 0x21, 0x0A, 0x17, 0x6A, 0x3B, 0x66, 0xC7, 0x39,
    0x22, 0x75, 0x4A, 0x2D, 0xCF, 0x23, 0xD3, 0x64, 0x48, 0x9A, 0xDB, 0x0F, 0xD9, 0xB7, 0x74, 0x42,
    0xF1, 0xB7, 0x00, 0xE6, 0xF4, 0xFF, 0xA0, 0x2C, 0x27, 0xC7, 0xF2, 0x0B, 0xDE, 0xB3, 0x53, 0xD6,
    0xFD, 0x06, 0x16, 0x83, 0x1F, 0xAF, 0xE9, 0x11, 0x2E, 0x43, 0xFA, 0x54, 0xEE, 0x52, 0xA4, 0x06,
    0x39, 0x60, 0x97, 0x9A, 0xD6, 0x33, 0xFE, 0x5C, 0xC6, 0xC7, 0x8B, 0xF7, 0x6E, 0xA8, 0x43, 0xC0,
    0x54, 0x87, 0xD4, 0xAB, 0x7F, 0xC2, 0xE6, 0xF6, 0x43, 0x7A, 0xF5, 0xE7, 0xB4, 0x0D, 0xBD, 0xFA,
    0x84, 0x5E, 0xED, 0x56, 0xAF, 0xCE, 0xF4, 0x6A, 0x4C, 0x5E, 0xA5, 0x3F, 0x89, 0x63, 0xF2, 0xAA,
    0x5D, 0xBD, 0x6A, 0xE8, 0xD5, 0x2D, 0xBD, 0x9A, 0x4B, 0x77, 0xF0, 0x2A, 0x30, 0x97, 0xE8, 0x9E,
    0xF1, 0xAA, 0xF9, 0xD6, 0xE3, 0xB4, 0x48, 0x54, 0xE9, 0xE7, 0x64, 0xFD, 0xEE, 0x68, 0xB1, 0xFB,
    0x2F, 0x23, 0xA3, 0x09, 0x1D, 0x40, 0xA8, 0xE2, 0x46, 0x46, 0xB0, 0x1A, 0x00, 0xAD, 0x4D, 0xE7,
    0x59, 0x35, 0xA7, 0x9A, 0x2C, 0x14, 0x00, 0x1A, 0x79, 0x74, 0x8A, 0x29, 0x00, 0xBB, 0xD4, 0xCD,
    0x7D, 0x94, 0xBA, 0x0E, 0x25, 0xE7, 0xF5, 0xA1, 0x4D, 0x74, 0x6C, 0xBC, 0x52, 0x8B, 0xF2, 0xB4,
    0x83, 0x1E, 0xED, 0x1A, 0x5C, 0xC4, 0x52, 0x5E, 0xE6, 0x90, 0x89, 0x6E, 0x44, 0x85, 0x22, 0xFE,
    0xA6, 0x9B, 0xBF, 0x0F, 0x69, 0x57, 0xAB, 0xFE, 0x15, 0x9B, 0x5F, 0xAD, 0xFA, 0x44, 0xB6, 0x75,
    0xD7, 0x47, 0x33, 0xF1, 0xEA, 0x71, 0x27, 0xD7, 0xD6, 0x87, 0x14, 0x22, 0x32, 0x10, 0x3B, 0x22,
    0x3F, 0xD4, 0x59, 0x32, 0xE6, 0xCE, 0x6E, 0xE3, 0xBC, 0x33, 0xD8, 0x1E, 0xC9, 0xE4, 0x52, 0x62,
    0x31, 0xEE, 0x3B, 0xB5, 0x62, 0x81, 0x18, 0xEC, 0x73, 0x9E, 0x8F, 0x33, 0xBE, 0x6B, 0xC5, 0x02,
    0x37, 0x50, 0x21, 0x05, 0xFA, 0xD2, 0xB0, 0x47, 0x60, 0x45, 0x6C, 0x02, 0x77, 0x33, 0x58, 0x3B,
    0x5F, 0x62, 0xFC, 0xC1, 0x5B, 0x19, 0x71, 0x27, 0x93, 0x1B, 0x60, 0x00, 0xE9, 0xD7, 0xFF, 0xFA,
    0x38, 0x4C, 0xF8, 0x2F, 0x21, 0x41, 0x9B, 0x6B, 0x47, 0x47, 0x48, 0x24, 0x8E, 0xC4, 0x0E, 0x47,
    0x95, 0xE1, 0xCB, 0xE5, 0x76, 0x35, 0x28, 0x7E, 0x2A, 0x91, 0xB9, 0x2D, 0xCC, 0x6D, 0x56, 0xA5,
    0xFB, 0x28, 0xEB, 0x91, 0x59, 0x3D, 0x12, 0x87, 0xC3, 0x0F, 0x00, 0xBB, 0x84, 0xED, 0x9A, 0xD8,
    0x98, 0x32, 0x71, 0x89, 0x71, 0x45, 0xCC, 0x9A, 0xC1, 0xCE, 0xCB, 0xA6, 0xCA, 0x05, 0x3C, 0xFC,
    0xE6, 0xCA, 0xFF, 0x25, 0xCA, 0xB8, 0xCF, 0xE5, 0x93, 0xBA, 0x66, 0xE1, 0xE8, 0x37, 0xC5, 0x97,
    0xA1, 0x21, 0x03, 0x83, 0xE3, 0x05, 0xCF, 0x81, 0xE9, 0x77, 0xF9, 0x3F, 0x44, 0x5A, 0x86, 0x41,
    0x4E, 0x36, 0xCF, 0xF9, 0x0F, 0x91, 0xA3, 0xFF, 0x12, 0xE1, 0xBF, 0x14, 0x26, 0xB3, 0xEE, 0x56,
    0x60, 0x28, 0xCD, 0xAB, 0x64, 0x6E, 0xFB, 0xAE, 0x3F, 0xCA, 0x23, 0x2F, 0xEA, 0x75, 0xE3, 0xD9,
    0x54, 0x7B, 0xE5, 0xA0, 0x90, 0x70, 0xED, 0x09, 0x25, 0x7A, 0xA4, 0xB7, 0x38, 0x51, 0x19, 0x00,
    0x1D, 0x80, 0x11, 0xFB, 0xA5, 0xFC, 0x1B, 0x60, 0xC4, 0xA5, 0xD9, 0x6F, 0x3C, 0xE6, 0xEA, 0x3C,
    0xCA, 0xA5, 0x0C, 0x96, 0xFB, 0x13, 0xC1, 0x49, 0xD4, 0xBB, 0xB4, 0xE7, 0x0F, 0xD8, 0x52, 0xDC,
    0x67, 0xA3, 0x26, 0x63, 0x42, 0x44, 0x66, 0x5C, 0xF6, 0xBD, 0xC0, 0x0B, 0x5A, 0x37, 0x07, 0x4E,
    0x19, 0xCF, 0xEA, 0x97, 0x7D, 0x51, 0xFA, 0x59, 0x5D, 0x3C, 0xD0, 0x2D, 0x8E, 0x8E, 0xD4, 0x96,
    0xBA, 0xE6, 0x37, 0x38, 0xE5, 0x46, 0xFF, 0xD6, 0xBF, 0x94, 0x7F, 0x9B, 0x91, 0xDB, 0xCB, 0xAA,
    0xD7, 0xCC, 0xD5, 0x77, 0xDE, 0x41, 0xF8, 0x82, 0xFB, 0x7B, 0x32, 0x73, 0x23, 0xEB, 0xDE, 0x17,
    0xB1, 0x32, 0x1B, 0x46, 0xB7, 0x38, 0x36, 0xED, 0x99, 0x04, 0xB0, 0x44, 0x8C, 0x0F, 0xCA, 0x9F,
    0x61, 0xDE, 0xE9, 0x0D, 0x23, 0xBD, 0xD5, 0x1B, 0x26, 0x77, 0xAD, 0x22, 0xF9, 0x12, 0x72, 0x33,
    0x49, 0x75, 0x7C, 0x79, 0x59, 0xA5, 0x1B, 0xA8, 0xC0, 0xF7, 0x79, 0xC3, 0xF7, 0xED, 0x98, 0x5E,
    0x36, 0x3E, 0xBD, 0x74, 0x3E, 0xBD, 0xA4, 0xC1, 0xF0, 0x52, 0x7A, 0xBC, 0xCF, 0x1B, 0x2A, 0x3F,
    0x2C, 0x9A, 0x53, 0x6D, 0xA1, 0xCE, 0x97, 0xD3, 0xD1, 0xFC, 0x1A, 0xD3, 0xF1, 0xF4, 0xA3, 0xB4,
    0x4B, 0xB7, 0xA8, 0xE5, 0xA8, 0x49, 0x58, 0xC2, 0x42, 0x2E, 0x9D, 0x8D, 0x6C, 0xF5, 0x4B, 0xCC,
    0x8F, 0x75, 0xCC, 0x82, 0x1B, 0x1B, 0x1C, 0x1E, 0x40, 0x35, 0x70, 0x38, 0x38, 0x05, 0x2E, 0x5F,
    0x36, 0x6C, 0xC4, 0x63, 0xD9, 0xEA, 0x79, 0xF2, 0x5A, 0x08, 0xBB, 0x5D, 0x36, 0x10, 0xE9, 0x7F,
    0x52, 0xB0, 0x8E, 0xBC, 0x10, 0xD0, 0x88, 0x59, 0x64, 0x6F, 0x4C, 0xBF, 0x08, 0xF1, 0x17, 0x80,
    0xA7, 0xAC, 0x8B, 0xAD, 0xA3, 0x3D, 0x29, 0xE3, 0xB8, 0xF9, 0x21, 0x52, 0xE7, 0xC6, 0xE3, 0x72,
    0xCB, 0x35, 0xC0, 0xA4, 0xE2, 0xB7, 0x50, 0xDC, 0x67, 0x28, 0xD0, 0xB1, 0xC4, 0xA1, 0x57, 0x12,
    0x2D, 0x51, 0xF1, 0x94, 0x45, 0x36, 0x87, 0x40, 0x31, 0x27, 0xD7, 0x64, 0xD0, 0x35, 0x75, 0x12,
    0x78, 0x68, 0xDF, 0x3C, 0x6D, 0xF4, 0x58, 0xD2, 0x42, 0xBF, 0xBD, 0x69, 0xA1, 0x2F, 0xBF, 0xCC,
    0x42, 0x3F, 0x73, 0xA1, 0xFF, 0x19, 0xDB, 0xB7, 0x07, 0xA8, 0x1E, 0x5F, 0xDB, 0xC9, 0x17, 0xCC,
    0xFE, 0x94, 0x10, 0xCA, 0xF3, 0x87, 0xD8, 0xD0, 0xFD, 0x44, 0xC1, 0x5D, 0x28, 0xC3, 0x54, 0xE3,
    0xBF, 0x87, 0x23, 0xBA, 0xB4, 0xAF, 0x81, 0xFC, 0x5F, 0xEA, 0x77, 0x8D, 0x78, 0x4D, 0x31, 0x34,
    0x5B, 0x77, 0x4F, 0x6F, 0x17, 0xCE, 0x08, 0x49, 0x41, 0x50, 0xF6, 0x0D, 0x58, 0xDD, 0x02, 0x80,
    0x29, 0x65, 0x2C, 0xBB, 0xC0, 0x36, 0xF5, 0x0D, 0xA5, 0x8C, 0x78, 0x0D, 0x66, 0x0D, 0x79, 0xA7,
    0x6A, 0xFB, 0x6F, 0x78, 0xE9, 0x44, 0x02, 0xC0, 0x03, 0xD0, 0xDA, 0xE0, 0xC3, 0x3D, 0x37, 0xB4,
    0x61, 0x59, 0x2B, 0x8A, 0xB4, 0xCB, 0x69, 0x1E, 0xBD, 0x8C, 0xC6, 0x02, 0x0D, 0x8D, 0x3E, 0xC7,
    0x6F, 0xC8, 0x27, 0xF7, 0x9E, 0xF7, 0x1F, 0x84, 0xD7, 0x96, 0xA2, 0xE9, 0x2B, 0x3C, 0xE5, 0x86,
    0x84, 0x82, 0xE7, 0xA4, 0x71, 0x69, 0xD8, 0xF7, 0x58, 0x08, 0x8E, 0xD2, 0x8A, 0xD7, 0x21, 0xA1,
    0x98, 0xE6, 0x29, 0x3E, 0xD7, 0xB4, 0x7A, 0x36, 0x38, 0x65, 0x50, 0x44, 0x55, 0x93, 0x61, 0x4B,
    0xCC, 0xA4, 0x53, 0x2C, 0x80, 0x23, 0x32, 0xC2, 0xC9, 0x8C, 0xB5, 0x9D, 0x11, 0x65, 0xE5, 0xBF,
    0xA9, 0xE7, 0xDD, 0xC3, 0x3F, 0xDF, 0xDC, 0x3E, 0x81, 0x0E, 0x16, 0x49, 0x01, 0xAC, 0x50, 0x6A,
    0x52, 0xFB, 0xE8, 0x3C, 0x10, 0xC7, 0x4D, 0x81, 0xE7, 0x55, 0xAC, 0x10, 0x45, 0xE4, 0x2C, 0x63,
    0x31, 0x03, 0xAB, 0x08, 0x84, 0x8B, 0xF2, 0xD8, 0x78, 0x20, 0xBC, 0x90, 0x4D, 0xE9, 0xC7, 0xB7,
    0x7A, 0xD9, 0xAD, 0x01, 0x23, 0x31, 0x10, 0x3D, 0x9B, 0xAD, 0x61, 0xB1, 0xF6, 0xFE, 0x44, 0xD1,
    0xF5, 0x3B, 0xA8, 0xDF, 0x91, 0xAA, 0x18, 0xD7, 0xE7, 0x98, 0x88, 0x71, 0x7D, 0x21, 0x03, 0xCE,
    0x6B, 0xFA, 0x52, 0x86, 0x32, 0x2A, 0xB5, 0xEF, 0x0F, 0x36, 0x28, 0x6D, 0x94, 0x7A, 0xA5, 0xF2,
    0xEA, 0xE0, 0x70, 0x44, 0x23, 0xE5, 0x80, 0x28, 0xFC, 0x60, 0x2E, 0x3F, 0xC0, 0x01, 0xCD, 0x83,
    0x58, 0xB2, 0x61, 0xFE, 0x71, 0x2C, 0x7F, 0x8A, 0x79, 0xBF, 0x3F, 0x96, 0x0F, 0x27, 0xA5, 0x17,
    0xBE, 0xBC, 0x80, 0x47, 0x94, 0x9B, 0x8C, 0xA0, 0x5D, 0x29, 0x1E, 0xB4, 0x2D, 0xA5, 0x07, 0xC5,
    0x29, 0x6F, 0xA2, 0xF5, 0xD2, 0xA9, 0x4A, 0xEA, 0x16, 0x6E, 0xEF, 0x79, 0xFC, 0x4A, 0xC7, 0xB0,
    0x88, 0xEC, 0x58, 0x56, 0x32, 0x06, 0xC1, 0x9F, 0x8A, 0x51, 0x5C, 0x02, 0x3E, 0x75, 0x7E, 0xDC,
    0x6E, 0xB2, 0x81, 0x6C, 0x98, 0x48, 0xC9, 0x10, 0x5C, 0xA5, 0x19, 0xA1, 0xE5, 0x0C, 0x51, 0x4D,
    0xC0, 0x48, 0xF1, 0xB2, 0x1C, 0xAC, 0x81, 0x71, 0x0D, 0x8F, 0xCF, 0x8B, 0x34, 0xDC, 0x24, 0x27,
    0x25, 0x2F, 0x25, 0x37, 0x31, 0xE3, 0x23, 0x89, 0x1B, 0x19, 0x6F, 0xE2, 0x41, 0xD8, 0x1F, 0x14,
    0xF0, 0x15, 0x08, 0x42, 0x93, 0xDE, 0xE2, 0x96, 0xB4, 0x8C, 0x24, 0xCC, 0xAB, 0x6C, 0x62, 0x87,
    0xB1, 0x9B, 0xDC, 0x00, 0x42, 0x5D, 0xA0, 0x5E, 0xBD, 0x90, 0xF5, 0x18, 0x88, 0x79, 0x4C, 0x32,
    0x82, 0x50, 0x4C, 0xDA, 0xA6, 0x30, 0x9F, 0xD7, 0x82, 0xA1, 0xBA, 0x02, 0x5F, 0x5B, 0xC6, 0x3B,
    0x19, 0x49, 0x30, 0x10, 0x84, 0x23, 0x9A, 0xD4, 0xFE, 0xDE, 0xC6, 0x7F, 0x42, 0x59, 0x18, 0xAC,
    0x49, 0x59, 0x38, 0x02, 0xFC, 0x52, 0x26, 0x60, 0x83, 0x94, 0xAC, 0x2E, 0x40, 0xD6, 0xFA, 0x3E,
    0x2A, 0xC2, 0xFA, 0x3E, 0x7F, 0x29, 0xE4, 0xFB, 0xFB, 0x3D, 0xD8, 0xCD, 0x80, 0xC9, 0x34, 0x00,
    0x27, 0x8B, 0x1E, 0xF7, 0x59, 0x6C, 0x14, 0xAC, 0x40, 0x01, 0x80, 0x3C, 0x06, 0x74, 0x37, 0x1D,
    0x00, 0x14, 0x9F, 0x17, 0xA1, 0x82, 0xA6, 0x95, 0x8E, 0xD6, 0x4E, 0x8C, 0xBE, 0xC1, 0x99, 0xD3,
    0x6A, 0xEE, 0x00, 0x72, 0xCD, 0xF1, 0x42, 0x12, 0xD1, 0xE3, 0x6E, 0xFC, 0xDC, 0x94, 0x0E, 0x90,
    0x2B, 0xEC, 0x8D, 0xAB, 0x7F, 0x35, 0x7F, 0xAF, 0x29, 0xC3, 0x33, 0x16, 0x21, 0xC6, 0x2F, 0x54,
    0xBE, 0x03, 0x75, 0xE4, 0xF2, 0xE9, 0xCE, 0x46, 0x16, 0x95, 0x76, 0x47, 0xCF, 0x2D, 0xF6, 0x5F,
    0xC2, 0xAA, 0xC5, 0x8A, 0x59, 0x48, 0x40, 0xA4, 0xB3, 0xFE, 0x5A, 0x9F, 0x0E, 0x8A, 0xF0, 0x5C,
    0x59, 0xE1, 0xA7, 0xC1, 0x57, 0x84, 0x91, 0xCD, 0x6F, 0xC2, 0x4A, 0x33, 0xE2, 0xE7, 0x6B, 0xB0,
    0xA0, 0xF2, 0xFB, 0x0D, 0x2B, 0x72, 0xF6, 0x6D, 0x05, 0x89, 0xF6, 0x42, 0xE1, 0x9B, 0xE6, 0x54,
    0xC6, 0xAF, 0x9A, 0x8D, 0x6B, 0xFF, 0x1F, 0xB4, 0x94, 0x01, 0xE4, 0x25, 0xD7, 0x15, 0xC6, 0x7F,
    0x6F, 0xA6, 0xFF, 0x7D, 0x49, 0x86, 0xCE, 0xC2, 0x42, 0x42, 0x07, 0x80, 0xA5, 0x2E, 0x00, 0x48,
    0xEE, 0x54, 0x50, 0x40, 0xB7, 0xEC, 0x2B, 0x14, 0x01, 0xD0, 0x40, 0x00, 0x14, 0xCD, 0x1D, 0x2D,
    0x8A, 0x22, 0x8B, 0x2A, 0x04, 0x16, 0x45, 0xF3, 0x56, 0x15, 0x00, 0x74, 0xEF, 0x4D, 0x0A, 0x80,
    0x0E, 0x54, 0x01, 0x26, 0x24, 0xB4, 0x82, 0x5C, 0x3A, 0xD5, 0xD9, 0x66, 0x66, 0xBE, 0xFE, 0xCF,
    0xF5, 0x7F, 0x9B, 0xDD, 0x54, 0xB6, 0x5A, 0x7A, 0xDE, 0x9C, 0xEF, 0xF3, 0xCC, 0x3D, 0xF7, 0xDE,
    0xEF, 0x7C, 0xE6, 0xC0, 0x7D, 0x38, 0x6E, 0xD0, 0x0A, 0xBA, 0x9B, 0x6C, 0x37, 0xA8, 0x1E, 0xF2,
    0x5C, 0xF8, 0xA9, 0x24, 0x61, 0x84, 0x98, 0x40, 0x25, 0x39, 0x68, 0xA0, 0xBA, 0xCE, 0x5A, 0xFD,
    0x75, 0xC2, 0x51, 0xD0, 0x08, 0xDA, 0x9D, 0x92, 0xDD, 0x06, 0x6E, 0x05, 0x6F, 0xB9, 0x70, 0x89,
    0x36, 0x01, 0x9D, 0x81, 0x4B, 0x56, 0xB4, 0x83, 0x97, 0x06, 0x24, 0x51, 0x1B, 0x34, 0x1A, 0xBF,
    0x4D, 0x27, 0x4A, 0xF5, 0x4D, 0x69, 0x98, 0x81, 0x98, 0x01, 0x15, 0x98, 0x9E, 0x87, 0x6C, 0x30,
    0xF3, 0x90, 0xA8, 0xDF, 0x65, 0xBC, 0x94, 0xE9, 0x0C, 0x8E, 0xD2, 0x08, 0xE1, 0xAF, 0x80, 0x07,
    0x08, 0x06, 0x8F, 0xC1, 0xA4, 0x3F, 0x13, 0xCE, 0x56, 0x1D, 0xA4, 0xCD, 0x04, 0x68, 0xC5, 0x8A,
    0x17, 0xF0, 0xFA, 0x61, 0x2E, 0xE7, 0xDF, 0xBE, 0x39, 0x1B, 0x15, 0xD4, 0x54, 0x70, 0xC4, 0x8A,
    0x12, 0xF0, 0x03, 0xFD, 0xE9, 0x9E, 0xD5, 0x6B, 0xA6, 0x92, 0x94, 0x9F, 0xC1, 0x09, 0x1A, 0x15,
    0xD9, 0x7B, 0xC1, 0xCD, 0xB0, 0x5B, 0x0D, 0xFD, 0x5C, 0x36, 0x18, 0x81, 0x56, 0xD2, 0x8E, 0x7B,
    0x8A, 0x1B, 0xFE, 0x29, 0xAE, 0xBC, 0xC4, 0xF5, 0xE3, 0x0E, 0xBF, 0x74, 0xC4, 0xCF, 0x15, 0x53,
    0x90, 0x34, 0x74, 0xB6, 0xB4, 0xD9, 0xDF, 0x5A, 0x69, 0x73, 0xB5, 0xD3, 0x4D, 0x08, 0x37, 0x22,
    0xBA, 0x02, 0x19, 0xD1, 0x2E, 0xC7, 0xCD, 0x76, 0xDE, 0xCA, 0x96, 0x44, 0x49, 0xC9, 0xBF, 0xBF,
    0x85, 0xE1, 0x9B, 0xF0, 0x2D, 0x4A, 0xD4, 0xB2, 0xD6, 0x9A, 0x81, 0xCA, 0xD7, 0x58, 0x29, 0x55,
    0x1A, 0x6A, 0xF5, 0x07, 0x25, 0xBB, 0xAF, 0x92, 0xDD, 0x54, 0xA3, 0xDD, 0x34, 0x8E, 0x71, 0x82,
    0xF0, 0xB1, 0x12, 0xF8, 0xBF, 0xA9, 0x07, 0xFF, 0xC5, 0x0E, 0x38, 0xAD, 0x45, 0xC0, 0x5C, 0xB0,
    0xC8, 0x95, 0x52, 0x51, 0x34, 0xDC, 0x20, 0xCD, 0x97, 0xDA, 0xAF, 0xDE, 0xDA, 0x4F, 0xC5, 0xF0,
    0xBD, 0xE0, 0x06, 0xC1, 0x24, 0x96, 0x6E, 0x18, 0x66, 0xC3, 0x50, 0x30, 0x1A, 0x9E, 0x88, 0xFD,
    0xD7, 0xFF, 0xDE, 0xE6, 0xD9, 0xF8, 0xCF, 0x6B, 0x5F, 0xFD, 0x00, 0x73, 0x65, 0xA2, 0x35, 0x83,
    0x9D, 0x94, 0xF1, 0x73, 0x35, 0x11, 0x26, 0x30, 0x28, 0x6E, 0x83, 0xD3, 0x70, 0x23, 0xC9, 0x69,
    0x07, 0x7D, 0x6E, 0xAD, 0xA9, 0x94, 0xEA, 0x8D, 0x6B, 0x58, 0x89, 0xA9, 0xDE, 0x0C, 0xD4, 0xDB,
    0x8B, 0x7F, 0x08, 0x6C, 0x3B, 0x9C, 0x32, 0x1C, 0xAD, 0x8C, 0x50, 0x9A, 0x72, 0x03, 0x0F, 0x0D,
    0x1E, 0xDF, 0x0B, 0x0B, 0x51, 0xCA, 0x06, 0x09, 0xA7, 0xAD, 0xDC, 0xB8, 0x04, 0x2E, 0xC5, 0xDE,
    0x4F, 0x1A, 0xC2, 0xC7, 0x1A, 0xFC, 0xA8, 0xFE, 0xD5, 0xFE, 0x47, 0x7C, 0x19, 0x8D, 0x9E, 0x14,
    0x96, 0x34, 0x62, 0xDD, 0xFC, 0xFE, 0x3B, 0xE5, 0x96, 0x23, 0x07, 0x01, 0x8F, 0xCB, 0x06, 0x54,
    0x0B, 0xF1, 0x93, 0x26, 0x53, 0x4F, 0x47, 0xED, 0xD5, 0x4C, 0x9B, 0xBA, 0x7D, 0x63, 0xA5, 0xED,
    0xFD, 0xF0, 0x0D, 0x7E, 0x82, 0x23, 0x02, 0x1E, 0xCF, 0x0A, 0x38, 0xDE, 0x38, 0x18, 0x77, 0xBC,
    0x5E, 0xB8, 0xEB, 0x5F, 0x3F, 0x2C, 0xCF, 0xF1, 0xE5, 0xFD, 0x1B, 0x37, 0xEB, 0x1D, 0x5B, 0xA9,
    0xEF, 0xFA, 0xD0, 0xC3, 0xBB, 0xB4, 0xC9, 0x7F, 0xFA, 0x5B, 0x56, 0x8E, 0x63, 0xAB, 0xED, 0xB0,
    0x50, 0xCF, 0x07, 0x2D, 0xC7, 0x4C, 0x59, 0xD6, 0x8D, 0x10, 0x06, 0x88, 0x3D, 0xB4, 0x4F, 0x78,
    0x6D, 0x83, 0xCB, 0xE7, 0x50, 0x9A, 0x4A, 0x89, 0x3B, 0x3D, 0x37, 0x11, 0x3E, 0xCA, 0x95, 0xBE,
    0xC8, 0x47, 0x69, 0x6A, 0x67, 0x3F, 0xBA, 0xC9, 0x25, 0x9F, 0x2C, 0xFD, 0x70, 0xFD, 0xEB, 0xC3,
    0x10, 0x7A, 0x9F, 0x84, 0xFF, 0x4C, 0x38, 0x3D, 0xA6, 0x59, 0x7F, 0x4F, 0x89, 0xAA, 0xE7, 0x01,
    0x34, 0x63, 0x35, 0x43, 0xB7, 0x34, 0x3B, 0x84, 0xA5, 0x13, 0x28, 0x87, 0x95, 0x5A, 0x49, 0x99,
    0x56, 0x6F, 0x6A, 0xC4, 0x6F, 0xAD, 0x7A, 0xE2, 0xE2, 0x6C, 0xC9, 0xDC, 0x6D, 0xE6, 0x74, 0xBB,
    0x83, 0x5B, 0xCB, 0xC8, 0xDA, 0x6A, 0x0D, 0x34, 0xE6, 0x31, 0xB5, 0x0E, 0x1A, 0x31, 0x6F, 0x47,
    0x0E, 0x9F, 0xF0, 0x63, 0x9E, 0x8D, 0xF2, 0x41, 0x7E, 0x05, 0x80, 0xFA, 0x85, 0x70, 0xB8, 0x7F,
    0x75, 0xBA, 0xEF, 0xB4, 0x7A, 0x7B, 0x16, 0xAF, 0xF9, 0xCE, 0xE9, 0xDE, 0x7F, 0xEF, 0xAE, 0xFB,
    0xE7, 0x50, 0xDC, 0x75, 0x5A, 0x8A, 0xBB, 0x4E, 0x7B, 0x71, 0xD7, 0xF5, 0xB1, 0xB8, 0xEB, 0x7A,
    0x6F, 0xEE, 0x1A, 0x9B, 0xBB, 0xC6, 0xE6, 0xEE, 0x35, 0xEF, 0xE6, 0x2A, 0x4E, 0xEB, 0x0D, 0x4F,
    0xE6, 0x2E, 0xEE, 0x51, 0x2E, 0xEE, 0xBA, 0x37, 0x67, 0x5C, 0xA9, 0x5F, 0x8B, 0xBB, 0xAE, 0x7F,
    0x5C, 0xDC, 0xB5, 0x7A, 0x73, 0xD7, 0xF5, 0xEE, 0x43, 0x73, 0xD7, 0xF5, 0xED, 0x9F, 0xFF, 0x47,
    0x77, 0x9D, 0xBD, 0x33, 0x18, 0xBD, 0xA4, 0x74, 0xF7, 0x7C, 0x3E, 0x0F, 0x00, 0x87, 0x38, 0xD1,
    0x68, 0xA3, 0x93, 0x7A, 0xFF, 0x69, 0x4C, 0x61, 0x70, 0x29, 0xD0, 0x8D, 0x81, 0x76, 0x0C, 0x7D,
    0x37, 0xFA, 0x31, 0x24, 0x27, 0x0D, 0xAD, 0x44, 0xA5, 0x05, 0x5E, 0xED, 0x2F, 0x1F, 0x8D, 0x5E,
    0x00, 0x77, 0x4E, 0x3A, 0xDD, 0xFF, 0x8A, 0x49, 0x77, 0xCF, 0x3A, 0xFF, 0xE6, 0xC5, 0x65, 0x70,
    0x7E, 0x81, 0xCB, 0xA6, 0xB2, 0x92, 0x52, 0x2D, 0x4D, 0xD5, 0x1E, 0x33, 0xA3, 0xCB, 0xE0, 0x26,
    0xF0, 0x23, 0x28, 0x71, 0x14, 0x74, 0x0B, 0xC4, 0x91, 0x5A, 0xD0, 0x6E, 0x65, 0x9F, 0x21, 0x48,
    0x7D, 0x94, 0x38, 0x9D, 0x4E, 0xF0, 0xDA, 0x5E, 0xF6, 0x28, 0x23, 0xE8, 0x49, 0xC8, 0xD0, 0x59,
    0x4E, 0x1C, 0x62, 0x22, 0xEC, 0x10, 0x17, 0x78, 0x24, 0x20, 0x0E, 0x96, 0xB7, 0xD1, 0xF0, 0xEE,
    0xFB, 0xEA, 0x83, 0x76, 0xBC, 0x66, 0x6E, 0x9D, 0x7B, 0x38, 0x3F, 0xAC, 0x34, 0xD5, 0x1A, 0xDA,
    0x0D, 0x37, 0x13, 0x12, 0x77, 0x80, 0xC3, 0xC9, 0x1E, 0x6A, 0xF5, 0x47, 0xC1, 0x75, 0x36, 0xC2,
    0xB2, 0xDD, 0xB1, 0x6C, 0x37, 0x2C, 0xBB, 0xB5, 0x90, 0x5B, 0xA1, 0x5B, 0x8D, 0x2C, 0xFD, 0x82,
    0xA5, 0x9F, 0xB1, 0x0C, 0x19, 0xCB, 0x98, 0xB1, 0xD4, 0x64, 0x74, 0x90, 0x29, 0xCC, 0xB5, 0x0A,
    0x35, 0x4A, 0x1C, 0xB4, 0x38, 0xA5, 0xE2, 0xB9, 0x06, 0x6A, 0x69, 0x53, 0x6F, 0xB4, 0x08, 0x6A,
    0x85, 0xA9, 0xDC, 0xE1, 0x0A, 0xCA, 0x1D, 0xA0, 0xDC, 0xA1, 0xD0, 0x56, 0xA8, 0xBB, 0xA1, 0xB5,
    0x90, 0x2B, 0x54, 0xEE, 0x61, 0x34, 0x53, 0xE2, 0xEA, 0xED, 0xF3, 0x19, 0xA2, 0x24, 0x6A, 0x19,
    0xB6, 0x05, 0x3B, 0x29, 0x7B, 0x5C, 0x41, 0xFF, 0x6F, 0x18, 0x54, 0xF0, 0x6B, 0xDE, 0xBA, 0x82,
    0x5D, 0xC1, 0xA6, 0x60, 0x55, 0x90, 0x77, 0x0A, 0x52, 0xFF, 0x1F, 0xB0, 0xCA, 0x8E, 0x5B, 0x93,
    0x5B, 0x83, 0xFD, 0x16, 0x9F, 0xAF, 0xFA, 0x7A, 0xE1, 0xB8, 0xD0, 0x0A, 0x34, 0x10, 0xD3, 0x77,
    0x34, 0x48, 0xBD, 0x76, 0xE2, 0x27, 0x70, 0xF8, 0xC0, 0x5A, 0x14, 0xD7, 0xA3, 0x56, 0x57, 0x26,
    0x85, 0x7B, 0x2F, 0xBF, 0xD4, 0x65, 0x5C, 0xC6, 0x4F, 0xF8, 0xD1, 0xEC, 0x8E, 0x09, 0x0D, 0xE5,
    0xE9, 0x39, 0x41, 0x9C, 0x8E, 0x5A, 0x5B, 0x6D, 0xFE, 0x63, 0x85, 0xA4, 0xD8, 0x4B, 0x48, 0xEC,
    0xAA, 0x36, 0xD5, 0x6B, 0xF8, 0x7C, 0xF6, 0x9A, 0x5A, 0xF5, 0xDC, 0x83, 0x97, 0xB9, 0xC5, 0x61,
    0x27, 0x0C, 0x36, 0xE1, 0x52, 0xAD, 0x41, 0xD3, 0x35, 0x07, 0x73, 0xD9, 0xCF, 0xC4, 0xEC, 0xD6,
    0x32, 0x19, 0xF1, 0x6B, 0xBB, 0xA3, 0xD9, 0xAF, 0x95, 0xC6, 0x38, 0x37, 0xFA, 0xA9, 0xC6, 0x6E,
    0x3F, 0x6A, 0xF0, 0x6B, 0xB7, 0x13, 0xB3, 0x5F, 0x71, 0xA9, 0xCD, 0x34, 0x54, 0x89, 0x12, 0x76,
    0x6D, 0xBA, 0x89, 0x66, 0xA7, 0xDC, 0x71, 0x33, 0x69, 0xB5, 0x56, 0x2A, 0x95, 0xA9, 0x73, 0x5C,
    0xF1, 0x5A, 0x68, 0x67, 0xBA, 0xF7, 0x66, 0x13, 0xF2, 0x72, 0x3B, 0x9B, 0x0C, 0xBA, 0x7C, 0x10,
    0xE0, 0x72, 0xBD, 0x01, 0x7E, 0x6A, 0x16, 0xA3, 0xB1, 0xCB, 0xD5, 0x99, 0x90, 0x7C, 0x6A, 0x77,
    0x62, 0x52, 0xEF, 0x36, 0xE2, 0x47, 0x3B, 0x71, 0x43, 0x3F, 0x5F, 0x0F, 0x5A, 0x39, 0xB5, 0xF9,
    0xA8, 0xD5, 0x96, 0xB6, 0x9F, 0x2D, 0x10, 0x07, 0xFF, 0xC7, 0x99, 0x83, 0x50, 0x9B, 0xA9, 0xB7,
    0x6A, 0xED, 0x32, 0xED, 0x72, 0x7C, 0xF2, 0xCE, 0xDF, 0x71, 0xB9, 0x91, 0x76, 0x42, 0x6A, 0x8D,
    0xD4, 0xBF, 0x72, 0xD6, 0x5F, 0xEA, 0x1D, 0x08, 0xA9, 0x59, 0xB1, 0x52, 0x2C, 0x4E, 0x4F, 0x35,
    0x5C, 0x44, 0xDC, 0xA8, 0xE0, 0x46, 0xC6, 0x45, 0xC7, 0x45, 0xC8, 0x45, 0xC9, 0x45, 0xCA, 0x45,
    0xCB, 0x45, 0x8C, 0xA9, 0x69, 0x97, 0xC2, 0xA3, 0xCB, 0x36, 0x20, 0x43, 0x0A, 0x1F, 0x49, 0x66,
    0x9F, 0xBE, 0x2B, 0x8D, 0xC4, 0x3F, 0xEC, 0x65, 0x8C, 0xE8, 0x17, 0x6B, 0x19, 0x25, 0xA7, 0xEE,
    0x99, 0x71, 0x62, 0xA9, 0xA1, 0x64, 0x25, 0x38, 0x5A, 0xAE, 0x65, 0xBC, 0x94, 0xC3, 0xE3, 0x58,
    0x96, 0xD6, 0x2A, 0x42, 0xE8, 0x36, 0x40, 0x10, 0xA4, 0xC1, 0x0E, 0x8F, 0x52, 0xDF, 0x2C, 0x85,
    0xB1, 0xB8, 0x8C, 0x1E, 0x50, 0x19, 0x3F, 0xD4, 0x9B, 0xF1, 0x84, 0x2D, 0xB2, 0x31, 0x64, 0x47,
    0x1B, 0xF8, 0x22, 0x64, 0x42, 0x3D, 0x36, 0x92, 0xAA, 0xD2, 0xA8, 0xBD, 0x1C, 0x4D, 0x5C, 0x68,
    0x33, 0x65, 0x3C, 0xF9, 0x91, 0xD2, 0xBA, 0xD2, 0x3C, 0xC2, 0x87, 0xE2, 0xEE, 0xC3, 0xDB, 0xE8,
    0x67, 0x1B, 0x31, 0xBF, 0xF1, 0x48, 0xDF, 0x5B, 0x2A, 0x4D, 0x5E, 0xBB, 0xCB, 0x47, 0x8D, 0x5E,
    0x4B, 0x48, 0x9D, 0xD2, 0xF5, 0xE8, 0x52, 0xEF, 0x95, 0xA0, 0xDE, 0x91, 0x55, 0x36, 0x6B, 0xBD,
    0x1A, 0x77, 0xB9, 0xC9, 0xEA, 0x4B, 0xA3, 0x46, 0x61, 0x9A, 0xC3, 0xAF, 0x74, 0xCF, 0x74, 0x47,
    0x29, 0xDB, 0xE1, 0x92, 0x26, 0xD3, 0x7D, 0x7E, 0xB4, 0x3F, 0x28, 0x4D, 0xB7, 0x0B, 0xC5, 0x64,
    0x5B, 0x50, 0xE2, 0xEA, 0x3E, 0x70, 0x6B, 0xA6, 0x74, 0xC2, 0x9B, 0x81, 0xC6, 0xD6, 0xB0, 0x19,
    0x0E, 0x3D, 0x4F, 0xE3, 0xEE, 0x03, 0x08, 0x23, 0x94, 0xD9, 0x95, 0x68, 0xD4, 0x9B, 0xBE, 0x4A,
    0x0B, 0x8D, 0x26, 0x9C, 0xFD, 0xB5, 0xAD, 0x33, 0x68, 0x2C, 0x79, 0x5B, 0xF9, 0x56, 0x8E, 0xD2,
    0x1C, 0xA4, 0xD5, 0x5D, 0x67, 0x23, 0x3D, 0xE0, 0xED, 0x5F, 0x03, 0xBC, 0xF2, 0xAF, 0xEE, 0xAD,
    0x00, 0x42, 0x73, 0xED, 0x0A, 0x27, 0x7F, 0xBA, 0x4D, 0x4D, 0x4A, 0x16, 0x6F, 0xE0, 0x2D, 0x2F,
    0x00, 0xED, 0x42, 0x00, 0x40, 0x25, 0x0B, 0x8A, 0x2A, 0x8B, 0x59, 0x00, 0x05, 0xE0, 0x15, 0x03,
    0x00, 0xFA, 0x92, 0x16, 0x8A, 0xC2, 0x03, 0x85, 0xA2, 0x83, 0x96, 0x7D, 0x5B, 0x0C, 0x00, 0xE8,
    0xE6, 0x7F, 0x00, 0x0A, 0xA9, 0xAA, 0x45, 0xF1, 0xFE, 0xEA, 0xDB, 0x56, 0xFB, 0xF0, 0x52, 0xD2,
    0xF6, 0xCE, 0x6C, 0x72, 0x4F, 0xEF, 0xF7, 0x7D, 0x33, 0xF9, 0xA3, 0x63, 0x19, 0xEA, 0x99, 0xD9,
    0x3F, 0xB2, 0xE7, 0x64, 0x67, 0x92, 0xDC, 0xEF, 0x9C, 0x93, 0xDC, 0x73, 0xCE, 0x97, 0x3B, 0x4A,
    0x17, 0xA9, 0x51, 0x25, 0xD6, 0x52, 0xB3, 0x21, 0x50, 0x04, 0xE9, 0x54, 0xAA, 0x78, 0xC9, 0xF7,
    0xBC, 0x80, 0xBF, 0xCB, 0x95, 0x2E, 0x0B, 0x1B, 0x78, 0xBE, 0x54, 0x23, 0x65, 0x5F, 0x42, 0x6D,
    0xEC, 0x97, 0x50, 0x89, 0x15, 0x23, 0x0B, 0x03, 0xAA, 0x7C, 0x2A, 0x58, 0x1E, 0xB8, 0x1C, 0xAA,
    0x1A, 0xA8, 0xBA, 0x5D, 0x3E, 0x71, 0x6C, 0xA8, 0x8D, 0xB5, 0x50, 0x89, 0xD5, 0x50, 0x99, 0x5D,
    0x77, 0x34, 0x06, 0xA7, 0x48, 0x35, 0x66, 0x2C, 0x6C, 0x2F, 0x5F, 0x9C, 0x7B, 0xB4, 0x20, 0x78,
    0xEA, 0x13, 0xE5, 0xB0, 0xD4, 0x6A, 0xA8, 0x9C, 0x8F, 0x1D, 0x1D, 0x9A, 0x18, 0x7C, 0x09, 0x45,
    0x53, 0x5E, 0x9C, 0xC9, 0x5C, 0xDA, 0x99, 0xD9, 0x6A, 0x26, 0x67, 0x6C, 0x18, 0x41, 0xAA, 0x93,
    0xE8, 0x60, 0x8C, 0x46, 0xE9, 0x80, 0x5E, 0x6D, 0x96, 0x29, 0x46, 0x1B, 0x2E, 0x68, 0x67, 0x13,
    0x6A, 0x14, 0x0C, 0x5F, 0x97, 0x03, 0x2A, 0x3D, 0x86, 0xFA, 0x30, 0x8C, 0x7E, 0xCA, 0x08, 0xE6,
    0x73, 0xCC, 0xE1, 0xED, 0x0B, 0xB6, 0xE0, 0x46, 0xD8, 0xFE, 0x94, 0x1D, 0xB3, 0x0B, 0x66, 0xF3,
    0xC4, 0x87, 0x07, 0x13, 0x69, 0x6D, 0xF9, 0x8E, 0x53, 0x61, 0x39, 0x74, 0x5B, 0xA2, 0xB0, 0xD5,
    0xFF, 0x8E, 0xDA, 0xC7, 0x91, 0xB6, 0x83, 0x31, 0xFA, 0x01, 0x65, 0xD4, 0x8D, 0x11, 0x11, 0x4E,
    0x50, 0xC9, 0xF8, 0x92, 0x86, 0xED, 0xAA, 0x95, 0x4A, 0xFE, 0xE5, 0x97, 0x53, 0xD8, 0xA1, 0xEB,
    0xF2, 0x83, 0xF1, 0x04, 0x6F, 0x24, 0xE4, 0xD5, 0x72, 0x84, 0x03, 0x91, 0x3D, 0x3C, 0xDA, 0x12,
    0xB4, 0x8E, 0x00, 0x40, 0x35, 0x2D, 0x72, 0x8F, 0x66, 0x41, 0x64, 0x9E, 0x52, 0x47, 0xA8, 0x96,
    0x9C, 0x8E, 0x6C, 0xA7, 0x23, 0x00, 0x69, 0x46, 0x79, 0x8A, 0x8D, 0x01, 0x39, 0x02, 0xE6, 0x3A,
    0x1A, 0xCE, 0x6C, 0x47, 0x06, 0xC1, 0xE1, 0x48, 0x8C, 0x57, 0x6C, 0xAF, 0xD1, 0x31, 0x6E, 0x38,
    0x28, 0x2F, 0x5D, 0x8E, 0x72, 0x95, 0xE0, 0x6A, 0xB2, 0xCC, 0x6A, 0x8E, 0xEF, 0x5F, 0x9C, 0x9B,
    0x46, 0x1D, 0xAE, 0x66, 0xE8, 0x98, 0x9C, 0x07, 0xDA, 0x2E, 0x38, 0x02, 0x17, 0x29, 0xFB, 0x15,
    0xBC, 0xBA, 0xF0, 0xB2, 0xBC, 0xA6, 0x2B, 0x4A, 0x1E, 0x5D, 0x6F, 0x8F, 0xD8, 0x9E, 0xD2, 0x17,
    0x19, 0x01, 0x95, 0x3C, 0xEE, 0xEC, 0x1F, 0xB6, 0xC5, 0x84, 0x98, 0xB6, 0x09, 0xDD, 0x94, 0x11,
    0x4F, 0xAE, 0xA9, 0xD1, 0xCB, 0x0D, 0x7B, 0xD9, 0x38, 0xCA, 0x51, 0x4E, 0xD9, 0x4B, 0x5B, 0xC9,
    0x4E, 0x72, 0xE4, 0x99, 0xBA, 0xD6, 0x63, 0x72, 0x29, 0xED, 0xF5, 0x69, 0x4F, 0xCC, 0x7D, 0x94,
    0x52, 0xC6, 0x94, 0xE8, 0x34, 0x81, 0x53, 0x8F, 0xA4, 0x5F, 0x65, 0xA5, 0x46, 0x11, 0x84, 0x7C,
    0xC8, 0xE3, 0xCA, 0xB6, 0x90, 0x74, 0x54, 0xA9, 0x76, 0xFB, 0xE8, 0x13, 0x48, 0xE1, 0x4D, 0x28,
    0x63, 0xF9, 0xB1, 0xE3, 0x2D, 0xCA, 0x9E, 0x4F, 0xF6, 0xE2, 0x07, 0x0D, 0x9C, 0x51, 0xCA, 0x7D,
    0x92, 0x72, 0xA0, 0x22, 0x5F, 0x0A, 0xB4, 0xE4, 0xDA, 0x60, 0x4A, 0x63, 0x84, 0x15, 0x5D, 0x3A,
    0x32, 0xA6, 0xDC, 0xD8, 0x1F, 0x43, 0x6C, 0x09, 0x3C, 0xC8, 0x96, 0xB2, 0xE6, 0x80, 0xFB, 0xFC,
    0x9A, 0x4B, 0x6A, 0x28, 0x4A, 0xC5, 0x48, 0xB2, 0x32, 0x5B, 0xA7, 0xE6, 0x64, 0x15, 0x08, 0x21,
    0x92, 0x3B, 0xAC, 0x56, 0x52, 0x7E, 0x97, 0x2C, 0x62, 0xDE, 0xD5, 0x6C, 0x93, 0x99, 0x67, 0xF0,
    0xAC, 0x26, 0x17, 0x09, 0x9E, 0x06, 0x35, 0x70, 0x7C, 0xC2, 0x20, 0xBD, 0x33, 0x16, 0x71, 0x2B,
    0x76, 0x4D, 0xAB, 0xB4, 0xB2, 0xC8, 0x1D, 0x6E, 0x7B, 0x54, 0x7F, 0x5B, 0x27, 0xBC, 0x43, 0x31,
    0xFA, 0xF0, 0x8C, 0x23, 0x72, 0xD2, 0xBE, 0xE6, 0x3C, 0x13, 0xCF, 0xA1, 0x21, 0x8E, 0xF7, 0x96,
    0x8C, 0x6C, 0xBA, 0x71, 0x43, 0x8A, 0x5E, 0xF5, 0x94, 0xC8, 0xDE, 0x6E, 0xCD, 0xEA, 0x73, 0xCE,
    0x66, 0x81, 0x2E, 0x41, 0x80, 0xC4, 0x47, 0x78, 0x44, 0x97, 0x53, 0x78, 0x88, 0x59, 0x05, 0xA8,
    0x3C, 0x21, 0x47, 0x34, 0x4A, 0x0D, 0x44, 0xDC, 0x03, 0xEA, 0x56, 0x62, 0xA9, 0xDA, 0xAB, 0x79,
    0x71, 0x51, 0x2C, 0x27, 0xC8, 0x58, 0xC7, 0xB7, 0x5E, 0x25, 0xDC, 0x02, 0x5B, 0xB8, 0x05, 0x5C,
    0xC8, 0x05, 0x7D, 0x4D, 0x54, 0x0B, 0xB8, 0x24, 0xF1, 0x13, 0x3B, 0xE5, 0x2D, 0x7C, 0xBC, 0xE7,
    0xC7, 0x6F, 0x06, 0x95, 0xC6, 0xC8, 0x1A, 0x99, 0x23, 0x53, 0x24, 0xD1, 0xF7, 0x90, 0x4B, 0x2B,
    0x38, 0x30, 0x13, 0x6C, 0x6C, 0x9F, 0xB9, 0x30, 0x8A, 0x4F, 0x67, 0x34, 0x40, 0xB1, 0x71, 0x1A,
    0x3B, 0x7E, 0x87, 0x2C, 0xE2, 0x66, 0xC9, 0x14, 0x46, 0xFD, 0x2E, 0x3A, 0xD5, 0xEF, 0x41, 0xA0,
    0xD7, 0x7B, 0xAE, 0x2F, 0x53, 0xF7, 0xEB, 0x91, 0x4A, 0xCD, 0x7F, 0x2C, 0x73, 0x78, 0x29, 0xDF,
    0x4F, 0xAA, 0x41, 0x49, 0x95, 0x64, 0x1B, 0x71, 0x95, 0x93, 0x9A, 0xD3, 0x89, 0x43, 0x55, 0x8E,
    0xAA, 0x81, 0x0D, 0x40, 0x0B, 0xF5, 0xBE, 0x5D, 0x9E, 0x65, 0x46, 0xA2, 0x2A, 0xA8, 0x2A, 0xA8,
    0x9C, 0x6A, 0x17, 0x54, 0x63, 0xD6, 0xE7, 0x2A, 0x64, 0xCA, 0x99, 0x06, 0x54, 0x13, 0x4D, 0xE8,
    0x1C, 0x8C, 0x88, 0x8D, 0x37, 0x4A, 0x99, 0xE8, 0xA3, 0x53, 0x4E, 0x15, 0xE7, 0x66, 0x0B, 0x06,
    0xA5, 0x6D, 0xAA, 0x9A, 0xAE, 0x06, 0xE8, 0x88, 0xED, 0xF1, 0x89, 0xCA, 0x97, 0x8D, 0x32, 0xAF,
    0xFD, 0x49, 0xC1, 0x37, 0x05, 0x7E, 0x6E, 0x14, 0xF4, 0x91, 0x8E, 0xBA, 0x51, 0xEC, 0x93, 0x0C,
    0xAC, 0xD9, 0x3E, 0x03, 0x4B, 0x6E, 0x43, 0xD0, 0xD1, 0xA2, 0x8B, 0x80, 0x2A, 0xF5, 0xA2, 0x4F,
    0xB2, 0x59, 0x5A, 0xCC, 0xE8, 0xCC, 0xA9, 0xA2, 0xFA, 0x9B, 0xD1, 0xD1, 0xCD, 0x5F, 0x8C, 0xF3,
    0x47, 0xF7, 0x07, 0xAB, 0x4B, 0x4C, 0x55, 0x9F, 0xDA, 0xB6, 0x1A, 0x82, 0xDE, 0x2E, 0xBA, 0x6F,
    0x06, 0xA4, 0xE8, 0x6E, 0xE8, 0x76, 0x68, 0xB7, 0xAA, 0x01, 0x44, 0x6B, 0xD0, 0xA3, 0x29, 0x17,
    0xB8, 0xA0, 0x59, 0xD3, 0x41, 0xFB, 0x10, 0x48, 0x6B, 0x31, 0x64, 0x66, 0x80, 0x35, 0xB1, 0x6B,
    0x83, 0x4E, 0xE8, 0x13, 0x90, 0x3A, 0x80, 0xE5, 0xF4, 0xC4, 0x60, 0x48, 0x68, 0x0C, 0xD5, 0x4D,
    0x7A, 0xAB, 0xEA, 0x55, 0x57, 0xAF, 0x39, 0x42, 0xC4, 0x0B, 0x3B, 0x01, 0xAA, 0x6C, 0xBC, 0xD9,
    0xDC, 0x3F, 0x32, 0xC7, 0xF3, 0xE9, 0xE5, 0x6C, 0xEF, 0x73, 0xB0, 0x36, 0xF6, 0x85, 0xE1, 0x99,
    0x76, 0xE0, 0x96, 0x50, 0x34, 0x15, 0x16, 0x65, 0xFC, 0x48, 0x86, 0x1D, 0xC1, 0x2B, 0x3C, 0x55,
    0x35, 0xAD, 0x55, 0xE3, 0xA8, 0xBA, 0x51, 0x75, 0xE2, 0xB0, 0xA8, 0xC2, 0xB3, 0x70, 0x2A, 0x67,
    0xAA, 0x6A, 0xE2, 0x0F, 0x1B, 0xC7, 0x33, 0xC3, 0x78, 0x0D, 0x6C, 0x1D, 0xF0, 0xC4, 0xE5, 0xB6,
    0x45, 0x11, 0xD5, 0x31, 0x3E, 0x66, 0x5E, 0x79, 0xC5, 0xED, 0xBF, 0x39, 0x14, 0xB0, 0x7D, 0xF5,
    0x39, 0x8A, 0x04, 0x07, 0xAC, 0x18, 0xD6, 0xAD, 0xBE, 0x57, 0xEE, 0x72, 0x6B, 0x7E, 0xE3, 0x38,
    0x3A, 0x34, 0xDB, 0x1F, 0x7F, 0x42, 0x65, 0x26, 0xD3, 0x19, 0xFF, 0x7C, 0xBE, 0xEA, 0x03, 0x2B,
    0xCE, 0x29, 0x6D, 0x8E, 0xC0, 0xB3, 0xD5, 0x3F, 0x20, 0xDB, 0x69, 0xD2, 0xB1, 0xE6, 0xF4, 0x97,
    0x9C, 0xC9, 0x2E, 0x67, 0xB5, 0x15, 0x9C, 0x03, 0x7F, 0xC1, 0x87, 0xE1, 0x23, 0xBD, 0x02, 0xEF,
    0x45, 0x5F, 0x3B, 0xB4, 0xB8, 0x6B, 0x4B, 0x5C, 0xBE, 0x63, 0x15, 0x53, 0x0D, 0x2B, 0xE5, 0xD8,
    0x4A, 0x6C, 0xCE, 0x8E, 0x5A, 0x9D, 0x75, 0x50, 0xB6, 0xC7, 0x51, 0x08, 0x66, 0xD6, 0x46, 0x1F,
    0xA0, 0x9C, 0x6E, 0xDA, 0xCA, 0x6D, 0xF0, 0xF1, 0x3F, 0x20, 0x48, 0xEC, 0x3C, 0x20, 0x32, 0x0E,
    0xA6, 0x9C, 0x76, 0xFD, 0x69, 0xBC, 0xB1, 0x1D, 0x4C, 0x46, 0xDE, 0xC9, 0x7D, 0x54, 0x4C, 0x89,
    0xB5, 0xD5, 0x80, 0xFE, 0x3C, 0xE4, 0xC4, 0x28, 0x89, 0xA2, 0x6F, 0x46, 0x37, 0xB6, 0x23, 0xCC,
    0xA9, 0xE6, 0xB1, 0xEE, 0xA3, 0x21, 0x8A, 0x8D, 0xDA, 0xD5, 0x0C, 0x2A, 0x12, 0x5C, 0x92, 0xCD,
    0x45, 0x18, 0xC0, 0x46, 0x8C, 0xB8, 0x09, 0x67, 0xE1, 0x83, 0x1B, 0x76, 0xDB, 0xA6, 0x56, 0x67,
    0x73, 0x18, 0xC2, 0xA2, 0xE2, 0x9F, 0x00, 0x18, 0x55, 0xBF, 0xB7, 0x6D, 0x31, 0x47, 0xF6, 0x24,
    0xA8, 0x69, 0xE3, 0x03, 0xEA, 0x72, 0xCA, 0x26, 0xAA, 0x62, 0x08, 0x88, 0xCA, 0xA9, 0xEA, 0xC3,
    0x45, 0xE5, 0x64, 0x35, 0x52, 0xAA, 0x47, 0x4A, 0x60, 0xFE, 0xA9, 0x26, 0xD0, 0x12, 0x24, 0xB4,
    0xAD, 0xDF, 0xB0, 0x45, 0x7E, 0x0D, 0x3E, 0x2B, 0x61, 0x2B, 0x4D, 0x44, 0x33, 0x7C, 0x24, 0xCB,
    0x5F, 0xB1, 0xC9, 0xCC, 0xDA, 0xE3, 0x5A, 0xBE, 0xD2, 0xA6, 0xEE, 0x51, 0x2E, 0xD9, 0x53, 0xA3,
    0xF0, 0xCD, 0xD2, 0x41, 0xAA, 0x85, 0x5C, 0xF7, 0x90, 0xCC, 0xF2, 0xA9, 0x2D, 0x6D, 0x39, 0x53,
    0x35, 0x2B, 0x93, 0xDC, 0xB3, 0x2C, 0x29, 0x66, 0xAA, 0x12, 0x91, 0xA4, 0x62, 0x96, 0x77, 0x64,
    0x2D, 0x2A, 0xD5, 0x09, 0xCD, 0xC8, 0x41, 0xBB, 0x81, 0x95, 0x8A, 0x05, 0x35, 0xF3, 0x46, 0x05,
    0x54, 0x8F, 0x6B, 0x62, 0xDB, 0xC2, 0xC4, 0x0D, 0x94, 0xE3, 0x8D, 0x9A, 0x11, 0x37, 0x82, 0xC2,
    0x8D, 0x74, 0x07, 0xA8, 0xC2, 0x07, 0x35, 0x89, 0x2C, 0xB7, 0x9F, 0xB3, 0x48, 0x90, 0xD1, 0xEA,
    0xB5, 0xE9, 0x10, 0x95, 0x04, 0x23, 0xCD, 0x3B, 0x81, 0xBC, 0x41, 0x01, 0xCB, 0x07, 0x18, 0x79,
    0xE9, 0x35, 0xD9, 0x6C, 0x6A, 0x42, 0x39, 0x34, 0xDB, 0xD9, 0x91, 0xAA, 0x25, 0x55, 0x4F, 0xBA,
    0x34, 0xA5, 0xEA, 0x4A, 0xA3, 0x0D, 0xDB, 0x52, 0xF5, 0xA5, 0x07, 0x66, 0xBB, 0xB6, 0x7C, 0xB8,
    0xE6, 0x46, 0xFB, 0x5B, 0x71, 0xA3, 0x07, 0x12, 0xF7, 0x33, 0x86, 0x7D, 0x27, 0xDE, 0x6E, 0xE9,
    0x6D, 0x4A, 0x9E, 0x45, 0xDB, 0x57, 0xB5, 0x50, 0x83, 0x06, 0xBB, 0xE7, 0xD8, 0x2D, 0xCB, 0x7C,
    0x60, 0x2C, 0xF9, 0xFD, 0xBD, 0x71, 0xB8, 0x92, 0x36, 0x6C, 0xC8, 0x4C, 0x86, 0x53, 0x30, 0x8D,
    0x1A, 0x86, 0x2E, 0x67, 0xC8, 0xCE, 0x61, 0x24, 0x75, 0x72, 0x74, 0xAE, 0x59, 0x4B, 0xC9, 0xA1,
    0x26, 0x75, 0xF8, 0x6F, 0xE9, 0xD5, 0xFA, 0x5B, 0xF6, 0x6A, 0x6F, 0x6D, 0xD9, 0x0A, 0xFB, 0x35,
    0x25, 0xF3, 0xD8, 0x42, 0xAA, 0x52, 0xD2, 0x9D, 0x8F, 0x6C, 0x1B, 0x46, 0xE4, 0xD4, 0x3C, 0xC4,
    0x90, 0xBB, 0x45, 0x86, 0x3D, 0x0C, 0x17, 0xF6, 0x94, 0x93, 0xF6, 0xA9, 0xD5, 0xFA, 0x70, 0x0F,
    0xC9, 0xFA, 0x5B, 0x14, 0xA2, 0xAF, 0xC1, 0x44, 0x3E, 0x5D, 0x06, 0x94, 0x1F, 0x27, 0xC9, 0xD5,
    0x42, 0x00, 0x2D, 0xD7, 0x12, 0xD6, 0x85, 0x92, 0xE5, 0x09, 0xB8, 0x2B, 0x6D, 0xF3, 0x9D, 0xDA,
    0xB8, 0x3E, 0x83, 0x4E, 0x31, 0xE0, 0x96, 0x46, 0xC1, 0x60, 0xDC, 0x3F, 0xA5, 0x0E, 0x8E, 0x37,
    0x35, 0x74, 0x36, 0x73, 0x94, 0x94, 0xC1, 0xAD, 0xA6, 0xC2, 0x5A, 0x8E, 0x27, 0x36, 0xA0, 0x1A,
    0x1B, 0x27, 0xB7, 0x52, 0x83, 0xBC, 0x25, 0x42, 0x1B, 0x44, 0x1F, 0xA2, 0x0B, 0x1B, 0xE8, 0xDE,
    0xC4, 0x9C, 0x5C, 0xDB, 0xCD, 0xD2, 0xA5, 0x97, 0x93, 0xF3, 0x95, 0x4E, 0xED, 0xFB, 0x88, 0x39,
    0x18, 0xE2, 0x37, 0xC0, 0x9D, 0x5B, 0x6E, 0x36, 0x02, 0x96, 0x1A, 0xEE, 0x7C, 0xCE, 0xCC, 0xCB,
    0x01, 0xCC, 0x2D, 0x34, 0x9E, 0xB0, 0xA4, 0x3B, 0x47, 0xF5, 0x1B, 0x1B, 0xA8, 0xE9, 0x03, 0xEA,
    0xAD, 0xB4, 0x51, 0x71, 0xD9, 0x80, 0xB6, 0x17, 0xEC, 0xE8, 0x74, 0x7A, 0x45, 0xA9, 0x5A, 0x3D,
    0x9B, 0x20, 0x37, 0xF3, 0xFF, 0xCC, 0xC8, 0xF1, 0xCB, 0xFA, 0x19, 0x42, 0xB1, 0x23, 0x99, 0x73,
    0x19, 0xA4, 0xA2, 0x65, 0xDE, 0x0C, 0x2C, 0x3E, 0x0B, 0x09, 0x7C, 0x7B, 0x47, 0xCA, 0xD5, 0xE3,
    0xCB, 0xDC, 0xA9, 0x25, 0x23, 0xA5, 0x83, 0xC4, 0x82, 0x91, 0xB0, 0x0F, 0x90, 0x1D, 0x24, 0x78,
    0xE6, 0xC6, 0x25, 0x5C, 0x70, 0x55, 0x40, 0x8A, 0xAE, 0x32, 0xCF, 0x7E, 0xD4, 0xF1, 0x7B, 0x36,
    0x06, 0x5C, 0x5E, 0x96, 0xF7, 0x5F, 0xC8, 0x66, 0x41, 0xDF, 0xD3, 0x31, 0x7E, 0x45, 0xC7, 0xD4,
    0xF7, 0x0B, 0xF3, 0x11, 0x09, 0x97, 0x92, 0x38, 0x3B, 0xDB, 0xF1, 0x4B, 0x06, 0x28, 0x95, 0x19,
    0x8E, 0x2E, 0xB1, 0x1A, 0x13, 0x01, 0x3D, 0xB9, 0x57, 0x98, 0x1F, 0xD0, 0x8B, 0xD6, 0x17, 0x5B,
    0x0C, 0xDC, 0xA9, 0xEE, 0x0A, 0x0E, 0xFE, 0xAB, 0xCD, 0x41, 0x6E, 0xCB, 0x11, 0xA7, 0xC4, 0xF7,
    0xCB, 0xCF, 0xDA, 0x7C, 0xE2, 0xF0, 0x4E, 0xE5, 0xD3, 0x22, 0x3D, 0x1F, 0x8B, 0x85, 0x0B, 0xBA,
    0x5F, 0x98, 0x9F, 0xEE, 0x27, 0x54, 0xCD, 0x1A, 0xCD, 0x0F, 0xFA, 0x20, 0x7F, 0x9B, 0xEE, 0x16,
    0xA9, 0x9F, 0xE8, 0xB7, 0xB9, 0xD7, 0x55, 0xF7, 0xC9, 0x0A, 0x62, 0x78, 0x74, 0x11, 0x01, 0x85,
    0xC7, 0x89, 0x8D, 0x5D, 0x32, 0x47, 0x1A, 0xB7, 0x31, 0xC1, 0x7F, 0xC7, 0xC6, 0xA5, 0xB6, 0xAD,
    0x50, 0x66, 0x23, 0xBD, 0x85, 0xDD, 0xE5, 0x5E, 0x28, 0x4A, 0xA0, 0xD9, 0xD8, 0x00, 0x54, 0x48,
    0xAA, 0x40, 0x64, 0x06, 0xA6, 0x06, 0xDA, 0x11, 0x9B, 0x5D, 0xD4, 0x42, 0xA7, 0x64, 0x66, 0xD4,
    0x2E, 0xD1, 0xBC, 0x3C, 0xA3, 0x3F, 0xF9, 0x80, 0x17, 0x99, 0xA1, 0x23, 0x90, 0xCE, 0x6C, 0x82,
    0x06, 0xD6, 0xB9, 0xB4, 0xCF, 0x89, 0x56, 0xF9, 0xF9, 0xF4, 0xEF, 0xEC, 0xBD, 0x44, 0xCB, 0x01,
    0x66, 0xCB, 0x87, 0x3C, 0xB8, 0x2B, 0x86, 0xB7, 0xD8, 0x3A, 0xAD, 0xB8, 0xBC, 0x65, 0x49, 0xF9,
    0x0D, 0xA1, 0xDF, 0xDA, 0x93, 0x11, 0xC8, 0xC7, 0x28, 0x87, 0x48, 0xD4, 0xCC, 0x81, 0x2F, 0x2B,
    0x19, 0x38, 0xBE, 0xF7, 0xE3, 0x35, 0xD7, 0x9D, 0x42, 0xE8, 0x53, 0xA4, 0x83, 0x18, 0x98, 0x88,
    0x96, 0xF9, 0x98, 0x96, 0x55, 0x10, 0xFA, 0xCC, 0x39, 0x69, 0x2A, 0x5E, 0xCF, 0xC4, 0x3F, 0xBC,
    0xC0, 0x25, 0xEC, 0xD9, 0xE4, 0x64, 0xB7, 0xC1, 0xEA, 0xAB, 0x14, 0x7D, 0x0D, 0xA3, 0x5C, 0xCC,
    0xF4, 0x6A, 0x6C, 0x23, 0x5C, 0xB2, 0x83, 0x68, 0xE5, 0x49, 0xBB, 0xAC, 0x55, 0x05, 0x08, 0xBD,
    0x13, 0xB3, 0x5D, 0xD0, 0xEF, 0x51, 0x0E, 0xA1, 0x7A, 0xA6, 0x81, 0xBB, 0xE4, 0x2B, 0x11, 0x1C,
    0x8D, 0x53, 0xCD, 0xA0, 0x4C, 0x99, 0x91, 0xEF, 0x1C, 0x38, 0xD7, 0xDE, 0x0D, 0xAA, 0x23, 0xD0,
    0x6D, 0x7C, 0x25, 0x8C, 0x9D, 0xD8, 0xE9, 0x10, 0x7C, 0x9A, 0xBB, 0xA8, 0xDA, 0x25, 0x33, 0xE2,
    0x7C, 0x72, 0x37, 0xBE, 0x22, 0x01, 0x9A, 0x8E, 0x9A, 0x79, 0x52, 0x5F, 0xB8, 0x28, 0x99, 0xF3,
    0x31, 0x8A, 0x7F, 0xF5, 0x75, 0xE6, 0xDA, 0xBB, 0xF0, 0x55, 0x1C, 0xB2, 0x0F, 0x96, 0x8F, 0xED,
    0xF0, 0x54, 0xE5, 0x8E, 0x2B, 0x8C, 0x09, 0xF6, 0xF8, 0x84, 0x2F, 0x3E, 0xD7, 0x6E, 0x02, 0x05,
    0x4B, 0x32, 0xD6, 0x63, 0x21, 0xC6, 0x61, 0x47, 0x03, 0x4D, 0xE6, 0x41, 0xEB, 0x41, 0x0B, 0xCD,
    0x19, 0x93, 0x26, 0x0C, 0x3C, 0x17, 0xCF, 0x59, 0x73, 0xC4, 0x62, 0x72, 0xC5, 0xD6, 0x0E, 0xCB,
    0x13, 0x81, 0xDB, 0xE3, 0x3C, 0x82, 0xED, 0x06, 0x3D, 0xD8, 0xA4, 0x01, 0x7A, 0xA6, 0x6C, 0xAD,
    0x9C, 0x6E, 0xF9, 0x2F, 0x65, 0x5F, 0xCF, 0x69, 0x10, 0x83, 0x61, 0x34, 0x0C, 0xB7, 0xFE, 0x63,
    0x10, 0x0D, 0x89, 0xA8, 0x23, 0xE8, 0x86, 0x92, 0xAA, 0x19, 0x10, 0xF1, 0x10, 0xF0, 0x89, 0xF1,
    0xFE, 0x6A, 0xC6, 0xE4, 0xB6, 0x99, 0xB2, 0x21, 0xF5, 0xB9, 0x43, 0x40, 0xD3, 0xA9, 0x18, 0x96,
    0x70, 0x7E, 0x65, 0x63, 0x7E, 0x83, 0x7C, 0x59, 0x59, 0xFF, 0x08, 0xE1, 0xFD, 0xB7, 0xB1, 0x70,
    0xE0, 0x94, 0xC4, 0xA2, 0xAE, 0x50, 0x79, 0xA9, 0xD7, 0x11, 0xE3, 0x6D, 0x1C, 0xFB, 0x8A, 0x8F,
    0x39, 0xC1, 0x68, 0x72, 0xB1, 0x9F, 0x4D, 0xB8, 0xE8, 0x0D, 0x9A, 0x1C, 0x94, 0xE5, 0x19, 0x65,
    0x6E, 0x6D, 0x90, 0xA5, 0xC7, 0x70, 0xDA, 0x9B, 0x51, 0xCC, 0xD0, 0xB5, 0x74, 0xCA, 0x00, 0x7A,
    0x28, 0x82, 0x54, 0x2A, 0x48, 0xF5, 0xF5, 0x42, 0x0B, 0x00, 0xC4, 0x0F, 0x8D, 0x04, 0xD5, 0xEE,
    0xF9, 0xEC, 0x98, 0x8B, 0x46, 0x0B, 0x97, 0x80, 0x65, 0xE2, 0x5A, 0x0D, 0x76, 0x48, 0xFA, 0x20,
    0x90, 0x04, 0x07, 0xF2, 0xCC, 0x87, 0x8B, 0xDF, 0x6A, 0x2E, 0x5E, 0xFC, 0xD4, 0xC0, 0xE6, 0xFF,
    0xCE, 0xD0, 0xAF, 0x7D, 0x66, 0x4C, 0x5F, 0xE7, 0x60, 0x74, 0xA6, 0x04, 0x72, 0x0C, 0x32, 0x20,
    0x08, 0x92, 0x8F, 0x65, 0x9D, 0x50, 0xF2, 0xE1, 0xE4, 0xA2, 0x65, 0xEE, 0xB9, 0xA7, 0x9C, 0x71,
    0x50, 0xCC, 0x7A, 0x56, 0xF5, 0xB8, 0x2A, 0xBF, 0x70, 0x1F, 0x21, 0x9B, 0x60, 0x20, 0x4D, 0xE3,
    0x5B, 0xC1, 0x38, 0x29, 0x70, 0x62, 0xE8, 0x73, 0xA7, 0x15, 0xF8, 0xEB, 0xC9, 0xF6, 0xF4, 0x73,
    0x38, 0x93, 0xC9, 0x95, 0xF4, 0x92, 0x0D, 0x48, 0x67, 0x2E, 0xB3, 0x6D, 0xC5, 0x44, 0x36, 0x15,
    0x20, 0xB4, 0xC2, 0x38, 0xC5, 0x5C, 0x61, 0xD4, 0xCA, 0x41, 0x8C, 0xE1, 0x17, 0xF4, 0x2C, 0x46,
    0x74, 0x74, 0x67, 0xE5, 0x62, 0x1B, 0xAA, 0x39, 0xB3, 0xBE, 0x30, 0x2D, 0x51, 0xF7, 0x88, 0x9E,
    0x83, 0xB3, 0x5A, 0xBA, 0xE6, 0x76, 0x93, 0xED, 0x1D, 0xA0, 0xBA, 0xC5, 0x64, 0x7B, 0x07, 0xA8,
    0xDE, 0x83, 0x3F, 0x62, 0xEB, 0x4B, 0xAC, 0xD0, 0x99, 0xBB, 0x28, 0xE2, 0x69, 0x51, 0xF1, 0x8A,
    0x4D, 0x7A, 0x8D, 0xB0, 0xAE, 0x4B, 0x54, 0xA2, 0x13, 0x3C, 0xE1, 0x23, 0xC0, 0x88, 0x08, 0x23,
    0x42, 0xBC, 0xEA, 0xBB, 0x09, 0x92, 0x07, 0x73, 0x44, 0x98, 0x01, 0x15, 0x24, 0x81, 0x5E, 0xBD,
    0x2F, 0x84, 0x7A, 0xF5, 0x9A, 0x10, 0x6C, 0x44, 0xB4, 0x11, 0xE1, 0x0A, 0x88, 0x00, 0x0B, 0xF1,
    0x12, 0x5E, 0x35, 0x56, 0xD9, 0xC8, 0xA2, 0xF4, 0x2D, 0x09, 0xE2, 0x0E, 0x3C, 0x09, 0x61, 0x22,
    0x24, 0x17, 0x81, 0x67, 0xED, 0xE5, 0x2D, 0xFE, 0x94, 0x05, 0xDB, 0xB7, 0x6E, 0xDE, 0x40, 0x8C,
    0xDE, 0x47, 0x2B, 0xE2, 0xFB, 0xE2, 0x3B, 0x5A, 0x91, 0x24, 0x92, 0x99, 0xF7, 0x03, 0x1F, 0xE3,
    0x3B, 0x56, 0x68, 0x25, 0x9B, 0xF0, 0x0E, 0xAF, 0x75, 0x6C, 0xC8, 0x3C, 0x49, 0x90, 0xF9, 0x9C,
    0xFF, 0x07, 0x6F, 0x76, 0xF5, 0x2A, 0xC8, 0xA9, 0xFB, 0xA9, 0x05, 0x7B, 0x7D, 0x16, 0xA4, 0x4D,
    0x78, 0xD7, 0x6D, 0x28, 0x10, 0xB4, 0xBE, 0x82, 0xFC, 0xB1, 0x8D, 0xE2, 0x0C, 0x20, 0x97, 0x20,
    0x54, 0x5F, 0xE2, 0x3D, 0x2A, 0xEA, 0x13, 0x38, 0xFE, 0xCA, 0xFF, 0x7C, 0xF5, 0x45, 0x74, 0x20,
    0x33, 0x2E, 0xEB, 0x50, 0x8B, 0x01, 0x32, 0x75, 0xEB, 0x0A, 0x9B, 0x7F, 0x29, 0xF1, 0xE0, 0xD9,
    0x7A, 0xB2, 0xE1, 0xBE, 0x4C, 0x33, 0x33, 0x9F, 0x14, 0x3E, 0x23, 0xEB, 0xC9, 0x86, 0x99, 0x15,
    0x7B, 0xC7, 0xDD, 0x76, 0x41, 0x8A, 0xF8, 0xD8, 0x50, 0xA6, 0xB6, 0x0D, 0x32, 0x87, 0x1C, 0x11,
    0x89, 0xCE, 0xBC, 0xD5, 0x28, 0x73, 0xE9, 0x98, 0x3F, 0x93, 0xEE, 0x7F, 0x62, 0xAB, 0x89, 0xE8,
    0xC3, 0xE7, 0xEA, 0x78, 0x17, 0xE8, 0xA9, 0x69, 0xAE, 0x17, 0x7E, 0xF1, 0x49, 0xF7, 0x0B, 0xF3,
    0x63, 0xB6, 0xEA, 0x9D, 0xD5, 0xD7, 0xC4, 0x54, 0xEA, 0x9B, 0x1E, 0x14, 0x18, 0x1C, 0xDD, 0x71,
    0x3D, 0xFD, 0x33, 0x96, 0x28, 0xF7, 0x08, 0xF3, 0xEA, 0xA3, 0x4E, 0x36, 0x95, 0x83, 0x3E, 0xE9,
    0xE8, 0x78, 0xFD, 0x41, 0xE7, 0x7E, 0x60, 0xFE, 0xFF, 0xF8, 0xF5, 0xE3, 0xA7, 0x00, 0x0F, 0x34,
    0xB9, 0x41, 0xA1, 0x37, 0x64, 0x43, 0x38, 0x51, 0x75, 0xA3, 0x18, 0xB0, 0x01, 0x8A, 0x24, 0x4B,
    0x8E, 0x9C, 0x0C, 0x15, 0x0C, 0x86, 0x62, 0x2F, 0x9A, 0xCD, 0xC5, 0x44, 0xC5, 0x52, 0x34, 0x9D,
    0x99, 0x4D, 0x93, 0xB9, 0xDB, 0x41, 0x79, 0x22, 0xC2, 0x9B, 0x2C, 0x25, 0x2A, 0x7C, 0x26, 0x66,
    0x9B, 0xA4, 0x46, 0x28, 0x0E, 0x43, 0xAA, 0x0C, 0x8A, 0xC3, 0xC0, 0x4A, 0x19, 0xE2, 0xF9, 0xFC,
    0xEB, 0xFC, 0xCE, 0x46, 0xA9, 0x5E, 0x4A, 0x36, 0x5E, 0x53, 0x5A, 0x8F, 0xCF, 0x6E, 0x49, 0x73,
    0x26, 0x92, 0xF6, 0x93, 0x0B, 0xC8, 0x92, 0xB5, 0x19, 0xEE, 0xA9, 0x15, 0x8B, 0xB9, 0xBD, 0x61,
    0x33, 0xB7, 0xED, 0x5C, 0x54, 0x18, 0xA7, 0xFF, 0x79, 0x15, 0xC4, 0x91, 0x72, 0x58, 0xF7, 0xCC,
    0xC0, 0x2F, 0x69, 0x57, 0x5C, 0x67, 0xCA, 0xD5, 0x8E, 0xA5, 0xD5, 0x9B, 0x3D, 0xA7, 0x89, 0xD4,
    0xC9, 0x94, 0x93, 0x71, 0x40, 0x44, 0x63, 0xFD, 0xB7, 0xBE, 0x92, 0xC5, 0xCD, 0x35, 0x30, 0x8E,
    0x92, 0x86, 0xAF, 0x57, 0x1C, 0xB7, 0x37, 0x56, 0x1C, 0x73, 0x55, 0xD8, 0x9A, 0x55, 0x3F, 0xE0,
    0x68, 0xFF, 0x17, 0xDD, 0x5A, 0x31, 0x8C, 0xDC, 0xD6, 0x76, 0xBD, 0x9C, 0xF9, 0xAB, 0x01, 0x44,
    0x20, 0x4C, 0x91, 0x2D, 0xBE, 0x7E, 0xC1, 0xB4, 0x71, 0xC3, 0xBE, 0x7A, 0xFC, 0x49, 0x91, 0x76,
    0x8B, 0x1D, 0xA4, 0x48, 0x11, 0x17, 0xA9, 0x9C, 0x42, 0x7D, 0x45, 0xDA, 0x7D, 0xB1, 0x8D, 0x81,
    0x20, 0x29, 0xAC, 0xC2, 0x85, 0x3C, 0x29, 0xB6, 0x2F, 0x62, 0xD2, 0x4A, 0xE9, 0x22, 0x03, 0x1B,
    0x46, 0x8A, 0x14, 0x66, 0x60, 0x3B, 0x46, 0xEC, 0xC2, 0x8C, 0x41, 0xC3, 0xD4, 0x8A, 0xE4, 0xCD,
    0x3B, 0xE7, 0xCE, 0x13, 0x67, 0x67, 0x9D, 0x8D, 0x2C, 0x44, 0x7F, 0x35, 0x1A, 0xEC, 0xDE, 0x4B,
    0xAD, 0x38, 0x7C, 0xE7, 0x9E, 0x73, 0xF9, 0xDE, 0x7D, 0x97, 0x14, 0x91, 0x93, 0xF5, 0x3A, 0xF7,
    0x2E, 0x55, 0xAD, 0xBD, 0xCB, 0x54, 0x4B, 0xEF, 0x9C, 0xB9, 0xD3, 0xF5, 0x5A, 0xE6, 0xCF, 0x4A,
    0xB7, 0x70, 0x89, 0x36, 0x70, 0xA9, 0xB6, 0x70, 0xCE, 0x5C, 0x61, 0x4E, 0x7F, 0x80, 0x5B, 0xE8,
    0x07, 0x70, 0x4B, 0x4D, 0x3B, 0xEF, 0xE2, 0x89, 0x2E, 0x19, 0xD2, 0x1E, 0x03, 0xF4, 0x09, 0x9C,
    0x6B, 0xE9, 0xAA, 0x26, 0x19, 0xBC, 0xD3, 0x1A, 0x6E, 0xA1, 0x25, 0xDC, 0x52, 0x73, 0xB8, 0x58,
    0x55, 0x07, 0xE2, 0xD2, 0x91, 0x80, 0xE0, 0x0A, 0xEF, 0x26, 0x11, 0xBD, 0xDA, 0x5C, 0x4E, 0x12,
    0x79, 0x3C, 0xF1, 0xE4, 0xCF, 0xAF, 0x3D, 0x34, 0xFF, 0x93, 0xC3, 0x25, 0x2A, 0x70, 0xE9, 0x88,
    0x0B, 0x89, 0x1B, 0xE8, 0x44, 0xD6, 0xEB, 0x73, 0x0C, 0xA0, 0xFC, 0xB7, 0xF6, 0xB4, 0x9D, 0x48,
    0xB4, 0x5E, 0x9F, 0x85, 0xF0, 0xA2, 0x8F, 0xF3, 0x75, 0x8E, 0xE8, 0x34, 0x17, 0xA7, 0x57, 0xDE,
    0xAA, 0xAA, 0xFA, 0x13, 0x27, 0x55, 0xC4, 0xEE, 0x26, 0x49, 0x34, 0xCF, 0x46, 0x0C, 0x91, 0x0E,
    0x92, 0x8D, 0xB0, 0xCE, 0x1F, 0x78, 0xDB, 0xFB, 0xB8, 0x60, 0x5D, 0x27, 0x85, 0xFF, 0x69, 0x61,
    0x2B, 0xD8, 0x48, 0x1B, 0x29, 0xFA, 0xA5, 0x47, 0xEA, 0xC6, 0x14, 0x56, 0xC1, 0x73, 0xAA, 0x93,
    0xB7, 0x89, 0xF6, 0x5A, 0xCA, 0x82, 0x03, 0xCA, 0xA9, 0xD8, 0xC7, 0xC9, 0xAA, 0x01, 0x9F, 0x79,
    0x02, 0xE7, 0xBE, 0xA9, 0xEA, 0x59, 0x8E, 0x44, 0x55, 0x48, 0x6F, 0x07, 0x27, 0xBF, 0x91, 0x37,
    0x43, 0x9C, 0xA5, 0x27, 0xCA, 0xDB, 0x4E, 0x26, 0x6F, 0xA7, 0x7F, 0x1C, 0x29, 0x14, 0x00, 0x28,
    0x71, 0x67, 0xA0, 0x47, 0x84, 0xE6, 0x75, 0x10, 0xEA, 0xE8, 0x09, 0x27, 0xEC, 0x96, 0xAE, 0x28,
    0xE9, 0x94, 0x76, 0x31, 0xD0, 0x2D, 0x77, 0x6E, 0x7A, 0x9B, 0xCE, 0x42, 0x59, 0x98, 0x93, 0xA2,
    0x79, 0x5D, 0x64, 0x30, 0xB4, 0x16, 0x87, 0xAB, 0x61, 0xAB, 0x7C, 0x8E, 0x45, 0xFF, 0x9E, 0x76,
    0x20, 0x66, 0x5A, 0xF0, 0x3D, 0x63, 0xDF, 0x3C, 0x12, 0x21, 0x57, 0xA0, 0xD6, 0x1B, 0x60, 0xA3,
    0x10, 0xB0, 0x4A, 0x56, 0xCE, 0xE7, 0xD3, 0x7F, 0xA7, 0x4F, 0x99, 0x8E, 0xDA, 0x50, 0x88, 0x56,
    0x32, 0x1E, 0x57, 0xFA, 0x9D, 0xD6, 0x91, 0x8E, 0xB2, 0x2A, 0x97, 0x4C, 0x83, 0x98, 0x17, 0x4C,
    0xEC, 0x82, 0x13, 0xAC, 0x1B, 0x66, 0x5B, 0xF4, 0xB4, 0x1D, 0xB1, 0xB6, 0xB3, 0xD5, 0x60, 0xE7,
    0xBF, 0x77, 0x33, 0x6E, 0x37, 0x89, 0x9C, 0x49, 0xA6, 0xDF, 0x3C, 0xDC, 0x4A, 0xA2, 0xAA, 0x5B,
    0x59, 0xD1, 0x46, 0xB4, 0x92, 0xE9, 0x84, 0xB0, 0xD7, 0x06, 0x74, 0xF3, 0xA1, 0x80, 0x20, 0x84,
    0x56, 0x8A, 0x24, 0x23, 0x52, 0xAC, 0xC3, 0xA5, 0x80, 0x8B, 0x99, 0xCB, 0xCF, 0xC3, 0xFF, 0x02,
    0x56, 0xA3, 0xB7, 0x46, 0x5C, 0x1E, 0xFF, 0x54, 0xE5, 0x5E, 0xB4, 0x08, 0x9A, 0x19, 0x78, 0x08,
    0x05, 0xE8, 0x30, 0x3D, 0x81, 0xDF, 0x34, 0xF6, 0xBF, 0xFA, 0xFB, 0x0E, 0x8C, 0x74, 0x92, 0xC0,
    0xD8, 0xCC, 0x5A, 0xE9, 0x85, 0x48, 0x74, 0x66, 0xA8, 0x1E, 0x33, 0x83, 0x46, 0x32, 0xA4, 0xB8,
    0xF2, 0x53, 0x0C, 0x52, 0x6D, 0xAB, 0x5A, 0x16, 0x2A, 0x59, 0x23, 0xD1, 0xB9, 0x9C, 0x9C, 0x1D,
    0x1B, 0xDB, 0x6F, 0x7D, 0x44, 0x98, 0x5C, 0x4B, 0x72, 0x4F, 0xB6, 0x87, 0xE3, 0x5A, 0xD7, 0x88,
    0x96, 0x49, 0x2B, 0xE7, 0x0C, 0xFE, 0x2E, 0xD8, 0xBE, 0x97, 0x33, 0x90, 0x10, 0xDA, 0x41, 0xB0,
    0xCE, 0xEE, 0xF8, 0xE3, 0xCB, 0x6D, 0xE6, 0x47, 0x16, 0x68, 0xB0, 0x01, 0x5D, 0x07, 0x30, 0x9C,
    0x87, 0xEF, 0x28, 0xB7, 0xDF, 0xC9, 0x17, 0x3E, 0xB9, 0xDD, 0x16, 0x93, 0x7A, 0xDA, 0x56, 0x5B,
    0x30, 0x84, 0x41, 0x56, 0xCC, 0xF6, 0xA5, 0x92, 0x96, 0xF5, 0xD9, 0xB1, 0xB1, 0xFD, 0x56, 0x19,
    0x6D, 0x24, 0x6B, 0xE3, 0x41, 0x92, 0xDE, 0xB5, 0xB2, 0x9A, 0xB4, 0x46, 0xEC, 0x22, 0x91, 0x0E,
    0x0C, 0xE8, 0x6E, 0xD8, 0xBE, 0xFF, 0x48, 0xDE, 0x29, 0x45, 0x56, 0xC3, 0x42, 0xC9, 0x6E, 0xC2,
    0xB8, 0x74, 0x17, 0x30, 0x29, 0x13, 0xA7, 0x96, 0x2E, 0xE7, 0xFB, 0xB5, 0xD1, 0x74, 0x21, 0xC4,
    0x39, 0x91, 0x54, 0x40, 0xA5, 0x6B, 0xB9, 0xA2, 0x72, 0x61, 0x1D, 0xC0, 0x3E, 0xD7, 0xA6, 0x89,
    0x60, 0x12, 0x05, 0x58, 0x38, 0xE0, 0x8B, 0x15, 0x84, 0xD2, 0xE9, 0xCE, 0x35, 0xC1, 0x25, 0x8A,
    0xB5, 0x17, 0x6E, 0x81, 0x45, 0xCA, 0x96, 0xE0, 0x6C, 0xE4, 0x14, 0xEC, 0x06, 0xEF, 0x72, 0xA9,
    0x7A, 0x59, 0xE1, 0x2C, 0x5E, 0x68, 0x65, 0xDF, 0x79, 0xC8, 0x15, 0xED, 0x52, 0x35, 0x60, 0xB0,
    0x54, 0x30, 0x97, 0x73, 0x8D, 0x07, 0x68, 0xAA, 0xF1, 0xE8, 0xC1, 0x23, 0xCA, 0xD8, 0x16, 0x3B,
    0x69, 0x2B, 0x86, 0xAA, 0x8D, 0x96, 0xF4, 0x9F, 0x4D, 0x70, 0x91, 0x7E, 0x3E, 0x98, 0x7F, 0xC2,
    0xD3, 0x01, 0x07, 0xCB, 0xF4, 0x5F, 0xEC, 0x8A, 0xC7, 0xAF, 0x34, 0x27, 0x3F, 0x3F, 0xAB, 0xB1,
    0xA6, 0x46, 0xE2, 0x15, 0xFD, 0x4A, 0x6B, 0x44, 0x6E, 0x4B, 0x36, 0xFC, 0xE4, 0x39, 0xA1, 0x74,
    0xF4, 0x5C, 0xB8, 0x7B, 0x13, 0xD0, 0x7C, 0x87, 0x1F, 0x92, 0xE3, 0x5A, 0xF3, 0xD5, 0xCE, 0x6B,
    0x03, 0xDF, 0x2F, 0x58, 0x20, 0xB9, 0x11, 0xA9, 0xCC, 0x70, 0xE8, 0x53, 0x7A, 0x88, 0x31, 0x54,
    0x80, 0x65, 0xCB, 0x39, 0x56, 0xA7, 0x57, 0x20, 0xD6, 0x03, 0xBD, 0x7A, 0xE4, 0x5D, 0xA6, 0xDA,
    0x7A, 0xE7, 0xBC, 0x4B, 0xE8, 0x1A, 0xEF, 0x0A, 0xD5, 0xED, 0xAB, 0x11, 0x8B, 0xCE, 0x94, 0x32,
    0x4E, 0x16, 0x1B, 0xBD, 0x62, 0x64, 0x3C, 0x37, 0x26, 0xF1, 0x0C, 0x69, 0x56, 0x89, 0x00, 0x24,
    0xDA, 0x00, 0x80, 0xA4, 0xFA, 0xB9, 0xB2, 0x8A, 0x7C, 0xC6, 0x3B, 0x4E, 0x6D, 0x8D, 0x21, 0x21,
    0x9E, 0x4C, 0x37, 0x0A, 0x20, 0x65, 0x20, 0x82, 0x35, 0x15, 0x35, 0xEA, 0x83, 0x34, 0x41, 0x19,
    0x0A, 0x43, 0x57, 0xD0, 0x51, 0x16, 0x47, 0x55, 0x82, 0x28, 0xD4, 0x24, 0x48, 0x12, 0x14, 0xA1,
    0x20, 0xB3, 0x1E, 0xDC, 0x1F, 0x86, 0x7D, 0xA1, 0x0B, 0x36, 0xBF, 0xB6, 0x37, 0xB4, 0x69, 0x24,
    0xA6, 0x35, 0xC1, 0x68, 0x79, 0xE1, 0x92, 0x08, 0x89, 0x71, 0x9E, 0xC4, 0xF6, 0xA7, 0x2F, 0x5A,
    0x55, 0xED, 0x69, 0x3B, 0xDA, 0x56, 0x22, 0xDA, 0x85, 0x7E, 0xB1, 0x3E, 0xA3, 0x44, 0x24, 0x88,
    0x36, 0xE7, 0x80, 0x82, 0x14, 0xA1, 0x4D, 0xCC, 0xDA, 0x50, 0xB4, 0xA6, 0x09, 0x2D, 0x43, 0x14,
    0xEE, 0xF3, 0xCE, 0x39, 0x9D, 0xD0, 0x00, 0x70, 0xBB, 0xBF, 0xF7, 0xFB, 0xBB, 0xA7, 0x0C, 0xA2,
    0x66, 0xA6, 0x10, 0xCC, 0x42, 0x3B, 0x37, 0xAC, 0xB4, 0x4E, 0x07, 0x56, 0xAF, 0xE9, 0xE8, 0x41,
    0x67, 0x43, 0xA4, 0x9D, 0x83, 0xEE, 0x30, 0xA5, 0x03, 0xE6, 0x42, 0xAF, 0x72, 0xD3, 0x9A, 0xE1,
    0x30, 0x32, 0xE7, 0x55, 0xE1, 0xF0, 0x44, 0x45, 0xE5, 0x20, 0xE6, 0xD7, 0x22, 0xD1, 0xF9, 0xBC,
    0xC5, 0x73, 0xDC, 0xE1, 0x71, 0x83, 0x47, 0x5E, 0x19, 0xC3, 0xBC, 0xBB, 0xFB, 0x8D, 0x1C, 0x0F,
    0xBB, 0xF1, 0x56, 0x46, 0x89, 0xDB, 0xC5, 0x20, 0xF1, 0xF4, 0x10, 0x37, 0x11, 0x2F, 0x8E, 0x44,
    0x2B, 0x26, 0x90, 0x9F, 0xCB, 0x5D, 0xF0, 0x1C, 0x2A, 0xA1, 0xE2, 0xC6, 0xD2, 0xA8, 0xCD, 0x41,
    0x25, 0x74, 0x24, 0x3C, 0x8B, 0xFC, 0x2D, 0xBE, 0x36, 0x85, 0xF3, 0xCD, 0x4C, 0xF8, 0x1B, 0xB1,
    0xC8, 0x9D, 0xF0, 0x7C, 0x04, 0xBC, 0xC5, 0x1D, 0x41, 0x6C, 0x9F, 0xEF, 0x12, 0xA3, 0x89, 0x53,
    0xEF, 0x48, 0xAB, 0xE7, 0xB4, 0x06, 0x85, 0x36, 0xEB, 0xFE, 0xB0, 0x5C, 0xB2, 0x15, 0x55, 0x00,
    0x5E, 0x15, 0x60, 0x2D, 0xFB, 0x20, 0x6B, 0x3C, 0x9E, 0xB1, 0xDB, 0x80, 0xF0, 0x79, 0x0A, 0xCC,
    0xC6, 0xEA, 0xCE, 0x1A, 0x75, 0x67, 0x76, 0xB3, 0xEE, 0xB4, 0x30, 0xD6, 0xF9, 0xF1, 0xE4, 0x36,
    0x4B, 0x3B, 0xAB, 0xEC, 0x42, 0x61, 0xA7, 0x5C, 0x3C, 0xAD, 0xAC, 0x73, 0x7A, 0x50, 0xD4, 0x51,
    0x17, 0x13, 0xC6, 0x94, 0x31, 0x84, 0xD4, 0x46, 0x28, 0x8E, 0x50, 0x1D, 0xA1, 0x3C, 0x42, 0x7D,
    0x84, 0x02, 0xD1, 0x96, 0x42, 0x89, 0x4C, 0x23, 0x8A, 0x84, 0x70, 0xE7, 0xD0, 0xA9, 0x13, 0x11,
    0x12, 0x39, 0x40, 0xD1, 0x5A, 0xDE, 0x33, 0xF1, 0xB9, 0xD8, 0x6F, 0x84, 0x10, 0x99, 0x40, 0x08,
    0x3F, 0x9E, 0x20, 0x63, 0xD6, 0x65, 0xAD, 0x48, 0x55, 0xC7, 0xBD, 0x17, 0x61, 0xDE, 0x08, 0xCA,
    0x3D, 0x9E, 0x53, 0xA9, 0x02, 0x22, 0x2C, 0xE8, 0x60, 0xA2, 0x54, 0x6D, 0xA4, 0x93, 0x44, 0x0D,
    0xDA, 0x2D, 0x73, 0xF5, 0x6F, 0x8D, 0x59, 0xC3, 0x73, 0xAD, 0xFA, 0x57, 0x6D, 0xAB, 0x2E, 0x82,
    0x6D, 0x17, 0xAA, 0x4D, 0xD5, 0x7A, 0x74, 0x5B, 0x6D, 0xA3, 0x8D, 0xD6, 0x14, 0xA5, 0xAE, 0x5A,
    0xC8, 0x51, 0x75, 0xB0, 0x05, 0x46, 0xCB, 0xDD, 0x24, 0x2C, 0x85, 0xBE, 0xB9, 0xB4, 0xDC, 0x9B,
    0x08, 0x61, 0x14, 0x79, 0xDE, 0x59, 0xBA, 0xB0, 0x94, 0x61, 0xC1, 0x82, 0xE3, 0x84, 0x58, 0x32,
    0x65, 0x6B, 0xEA, 0xDF, 0xD9, 0x3B, 0xFA, 0x73, 0xD0, 0xD1, 0x8B, 0xE6, 0x72, 0x92, 0xEF, 0xF7,
    0x13, 0x2E, 0x4E, 0x91, 0x04, 0xBD, 0xDB, 0xA2, 0x55, 0x53, 0x85, 0xB6, 0x8D, 0x6A, 0x85, 0x5D,
    0x4D, 0x97, 0x60, 0x57, 0xB0, 0x8D, 0x35, 0xF7, 0x79, 0xB2, 0x52, 0xF1, 0x07, 0xD6, 0x9A, 0x8A,
    0xBD, 0xF5, 0xA8, 0x26, 0xD8, 0x64, 0xB4, 0x6A, 0x06, 0x36, 0xA3, 0x2D, 0x7A, 0x6C, 0x1E, 0x14,
    0x65, 0xDD, 0x5F, 0x6A, 0x47, 0xCC, 0x2D, 0x31, 0x23, 0xB4, 0xB1, 0x6A, 0x50, 0x5C, 0x59, 0x0F,
    0xCE, 0xEA, 0xDC, 0xE7, 0x39, 0xF8, 0x36, 0x46, 0x90, 0xE2, 0xFD, 0x8A, 0xB7, 0x96, 0x0E, 0xB4,
    0x1D, 0x6D, 0x0D, 0x0D, 0x28, 0xB0, 0x24, 0x75, 0x34, 0x78, 0xBB, 0x5D, 0xF6, 0xDE, 0x5E, 0x3D,
    0xEC, 0xC0, 0xBA, 0x75, 0x4E, 0x78, 0xA1, 0x8A, 0x84, 0x47, 0x30, 0x47, 0xA5, 0x5D, 0xE4, 0x81,
    0x95, 0x12, 0x8D, 0x5C, 0xDE, 0xF4, 0x1F, 0x00, 0xC0, 0x2A, 0x69, 0xC7, 0xB8, 0x63, 0x63, 0xEC,
    0x8F, 0xE5, 0xA8, 0xB5, 0x93, 0xE8, 0x62, 0xAF, 0x67, 0x77, 0xC3, 0x26, 0x0D, 0xAC, 0x1C, 0x9D,
    0x76, 0x22, 0xBF, 0x95, 0x99, 0x8D, 0x6B, 0xB6, 0xB4, 0x45, 0x8B, 0x9F, 0x23, 0xD7, 0xEE, 0xB8,
    0x14, 0xB1, 0x6E, 0xB1, 0xED, 0x54, 0x61, 0x97, 0x04, 0xB1, 0xB2, 0x3C, 0xEB, 0x60, 0xD3, 0x06,
    0xF6, 0x64, 0x77, 0xFA, 0xFD, 0x8B, 0xB9, 0xD4, 0x28, 0x6A, 0x58, 0x62, 0xE7, 0xD7, 0x40, 0x39,
    0x17, 0x8F, 0x23, 0x57, 0xF0, 0x3E, 0xF9, 0x90, 0x4C, 0x2D, 0x4A, 0x0A, 0x15, 0xE9, 0x07, 0x1D,
    0x8B, 0x15, 0x52, 0x93, 0xB5, 0xEC, 0xD0, 0x9C, 0xE6, 0xB2, 0xDE, 0xAB, 0xAF, 0xB9, 0x37, 0x8D,
    0x95, 0xEB, 0x6D, 0xA2, 0x40, 0x01, 0xFC, 0xA2, 0x0D, 0x40, 0xD3, 0x0D, 0x6C, 0xA5, 0x64, 0x03,
    0x84, 0x83, 0xC6, 0x74, 0x3D, 0xB1, 0x15, 0x9D, 0xED, 0xCE, 0x7F, 0x5A, 0xFF, 0xB5, 0x77, 0x8A,
    0x8F, 0xEC, 0x39, 0xE4, 0x0C, 0xDC, 0xC8, 0x92, 0x84, 0xBB, 0x90, 0x1A, 0x17, 0xDA, 0xDB, 0xD8,
    0xBB, 0x9E, 0x18, 0x8A, 0xDB, 0x31, 0x64, 0xD7, 0x31, 0xF4, 0x70, 0x58, 0x11, 0x1F, 0x31, 0x84,
    0x8E, 0x79, 0xC8, 0x06, 0xE4, 0xB7, 0x13, 0xA2, 0x7E, 0x57, 0x11, 0xB4, 0x54, 0x35, 0x1A, 0x94,
    0x21, 0x09, 0x70, 0xBE, 0x1C, 0x56, 0x41, 0x13, 0xED, 0x08, 0x7B, 0xAD, 0xE0, 0xEA, 0x69, 0xBB,
    0xAC, 0xF1, 0xF6, 0xBF, 0xC9, 0xF9, 0x33, 0x05, 0x30, 0x55, 0xC6, 0x79, 0xA9, 0xA5, 0xE8, 0xE0,
    0xC3, 0x88, 0xB4, 0xA3, 0x6D, 0xBC, 0xF5, 0x98, 0x96, 0x4C, 0x0A, 0xDA, 0x72, 0xA5, 0xC2, 0xEC,
    0xB0, 0xBC, 0xA0, 0x1D, 0xD9, 0xC1, 0xF1, 0xD6, 0x52, 0x63, 0x90, 0x8C, 0x3F, 0xAE, 0xE7, 0x4F,
    0xE7, 0x2D, 0x18, 0x70, 0xEC, 0xDA, 0x04, 0x69, 0x02, 0x2F, 0x81, 0x98, 0xE8, 0x6F, 0x74, 0xBD,
    0xD6, 0x9F, 0x24, 0x56, 0x7E, 0xEA, 0x9D, 0x2F, 0x13, 0xF3, 0xF9, 0x49, 0x31, 0xAE, 0xFF, 0x4A,
    0xBF, 0x90, 0x20, 0x11, 0x35, 0x82, 0x37, 0x91, 0x82, 0x3C, 0xD7, 0xFD, 0x24, 0x41, 0xA8, 0xA0,
    0x54, 0x90, 0x2A, 0x68, 0x15, 0xC4, 0x0A, 0x6A, 0x11, 0x56, 0x35, 0xC3, 0x32, 0xC1, 0x5A, 0x09,
    0x8A, 0x05, 0xC9, 0x82, 0x66, 0x84, 0x03, 0x4F, 0x15, 0x02, 0xFF, 0xB4, 0xD1, 0xA5, 0x6E, 0x4A,
    0x96, 0x72, 0x35, 0x6F, 0x88, 0x92, 0xB1, 0xE5, 0xCF, 0x97, 0x8F, 0x8E, 0xB6, 0x7D, 0x70, 0x21,
    0x52, 0xFC, 0x88, 0x74, 0xAF, 0xBE, 0x07, 0xE0, 0x90, 0x65, 0x54, 0x64, 0x58, 0x69, 0x1E, 0x69,
    0x4B, 0x15, 0x9A, 0x1B, 0x2A, 0xE4, 0x2F, 0xAF, 0x82, 0x9C, 0x30, 0x81, 0xAA, 0x26, 0xAD, 0x05,
    0x5D, 0xD4, 0x92, 0x10, 0x45, 0x92, 0xFF, 0xD4, 0xD1, 0xDB, 0x3A, 0xEB, 0x70, 0x4A, 0xB4, 0xBF,
    0x61, 0x25, 0x39, 0x4A, 0x6A, 0xCC, 0x82, 0x06, 0x36, 0xC7, 0x28, 0xE4, 0xDC, 0x18, 0x6E, 0x82,
    0x35, 0xA6, 0xC8, 0x13, 0xED, 0x6D, 0x75, 0xFB, 0xED, 0x79, 0x4B, 0x5B, 0xC0, 0xC6, 0x9C, 0xCC,
    0x33, 0x0E, 0x8E, 0x3E, 0x70, 0xB0, 0xF2, 0x27, 0xC0, 0xAB, 0x5B, 0x97, 0xAF, 0xF4, 0xA9, 0x02,
    0x9D, 0x27, 0xE3, 0xDF, 0xD4, 0x53, 0x90, 0x17, 0x8D, 0x9C, 0xCE, 0xA1, 0x9C, 0x9E, 0x07, 0xF2,
    0x09, 0x9A, 0x98, 0x95, 0xA6, 0x21, 0x60, 0x98, 0x9A, 0x70, 0x89, 0xD6, 0x0C, 0xC8, 0x26, 0xD4,
    0x79, 0x23, 0x4C, 0x9C, 0x84, 0x79, 0xA3, 0xE7, 0x6C, 0xD2, 0xF2, 0x3D, 0x80, 0x48, 0x15, 0x89,
    0x62, 0xA6, 0xC7, 0xDF, 0xCE, 0x66, 0x42, 0x8D, 0xCF, 0x64, 0x67, 0xB6, 0x24, 0xF3, 0x1A, 0xAC,
    0x66, 0x1F, 0xD6, 0xE2, 0x10, 0x56, 0x4E, 0x0A, 0x5F, 0x00, 0x16, 0xA9, 0x23, 0x73, 0x24, 0x8E,
    0x8C, 0xD1, 0xB0, 0x2F, 0x85, 0x2E, 0x15, 0x9A, 0x54, 0xF8, 0x8D, 0xD8, 0x80, 0x23, 0x4B, 0x0C,
    0x03, 0x60, 0x88, 0x45, 0x5B, 0x22, 0x89, 0x88, 0xB2, 0x06, 0x0C, 0xA0, 0xC0, 0x2F, 0xA9, 0x01,
    0x84, 0x44, 0x09, 0x80, 0xE3, 0x5B, 0xA7, 0x10, 0x83, 0x93, 0x12, 0x5E, 0x2A, 0x3C, 0x7B, 0xEF,
    0x45, 0x81, 0x7E, 0xF7, 0xEC, 0x7D, 0x98, 0x9F, 0xBD, 0x33, 0x35, 0x24, 0x3F, 0x9E, 0x9C, 0x8B,
    0x1B, 0xF9, 0xE7, 0xB8, 0x8D, 0xC6, 0x95, 0xEF, 0x44, 0x81, 0xC5, 0x08, 0x67, 0x14, 0x13, 0xBB,
    0x50, 0xAF, 0x86, 0xC5, 0xD7, 0x26, 0x71, 0x24, 0x6E, 0xC3, 0xB3, 0x70, 0x7D, 0xDE, 0x46, 0x18,
    0xC2, 0xA3, 0x7C, 0xD6, 0x53, 0x91, 0x37, 0x41, 0xA5, 0xD0, 0x22, 0xE3, 0x33, 0x7D, 0x9D, 0x99,
    0x90, 0xA2, 0x9C, 0x2B, 0x9F, 0x75, 0x0E, 0x6C, 0x84, 0xB6, 0xCF, 0x44, 0xBA, 0xCF, 0x44, 0x6F,
    0xBF, 0x45, 0x77, 0x8D, 0x50, 0xB9, 0x46, 0xA8, 0x91, 0xCA, 0x30, 0x27, 0xEB, 0x6B, 0xA4, 0x0D,
    0xB1, 0xF2, 0xB7, 0xC0, 0x1A, 0xA2, 0x90, 0x33, 0xD4, 0x48, 0xA1, 0xDB, 0x65, 0x85, 0xD3, 0x8A,
    0x5B, 0x6B, 0xCD, 0x61, 0x42, 0x64, 0xF6, 0x79, 0x5D, 0xC8, 0x67, 0x5E, 0x39, 0xF6, 0xDA, 0xAB,
    0x16, 0x14, 0x68, 0xE3, 0x87, 0xF2, 0xF1, 0x73, 0xA5, 0x2E, 0xFD, 0x8F, 0x2D, 0x0D, 0x89, 0x86,
    0x92, 0xCD, 0x16, 0x02, 0x5B, 0x0B, 0x3A, 0x8B, 0x02, 0x74, 0x21, 0x10, 0xD0, 0x95, 0xD0, 0x97,
    0x0C, 0x07, 0x79, 0xC8, 0x87, 0x83, 0xCA, 0xA0, 0x08, 0x93, 0x85, 0x8B, 0x32, 0x2A, 0x03, 0x6B,
    0x15, 0x4C, 0xA8, 0x5D, 0xAC, 0x78, 0x09, 0xBE, 0x67, 0xA4, 0x18, 0x87, 0xC1, 0x16, 0x1C, 0x8F,
    0x97, 0xE0, 0xB5, 0x78, 0x1B, 0xC3, 0x37, 0x0C, 0x9C, 0x1C, 0x25, 0x23, 0xD5, 0x03, 0x4E, 0x32,
    0xC5, 0x52, 0xAA, 0x26, 0x09, 0x24, 0xCD, 0x4A, 0x69, 0x52, 0x11, 0xAB, 0x90, 0x8D, 0x44, 0x85,
    0x5C, 0x00, 0x4E, 0xF0, 0xBC, 0x77, 0x47, 0x3A, 0xE3, 0x0F, 0x08, 0x7B, 0x38, 0x2A, 0x66, 0xBE,
    0xD9, 0xF9, 0xD2, 0xFC, 0x64, 0x99, 0xA9, 0x17, 0x96, 0x04, 0xD8, 0xEC, 0xAD, 0x3C, 0x67, 0x6C,
    0xE8, 0x64, 0x23, 0xAC, 0xF3, 0xC7, 0x13, 0x20, 0xAD, 0x7A, 0xDC, 0xF0, 0xF3, 0x87, 0x32, 0xAC,
    0xCF, 0x10, 0xA9, 0x36, 0xA0, 0x4A, 0xB7, 0x3E, 0x4A, 0x04, 0xA4, 0x2D, 0xC2, 0xD0, 0xC6, 0xDB,
    0x48, 0xB7, 0x28, 0xA4, 0xB8, 0x6C, 0x2F, 0x50, 0x57, 0x23, 0xA2, 0x98, 0x36, 0xE1, 0x12, 0x3E,
    0x2F, 0xDE, 0x2A, 0x69, 0x18, 0x2A, 0x61, 0x1F, 0x29, 0x1D, 0xAC, 0x9B, 0x04, 0x0E, 0xDD, 0x00,
    0x06, 0x5D, 0x4F, 0xDB, 0x85, 0xF9, 0x6E, 0x7B, 0x30, 0xDF, 0xAD, 0x58, 0x3A, 0x5F, 0x5A, 0xF2,
    0xAA, 0xC0, 0x8E, 0xB4, 0x9D, 0x25, 0x36, 0x51, 0x3F, 0xD8, 0x90, 0x20, 0x7E, 0x41, 0xAD, 0xD5,
    0xC7, 0x3A, 0x6C, 0x48, 0x70, 0x73, 0x35, 0xB8, 0x8B, 0x4F, 0xE7, 0x37, 0x52, 0xE6, 0xA2, 0xF1,
    0xF0, 0x31, 0xB0, 0xD2, 0x86, 0x39, 0x97, 0x96, 0x73, 0xEE, 0xE1, 0x5E, 0x92, 0xDA, 0xDD, 0x32,
    0xE7, 0x8E, 0xB7, 0x35, 0x04, 0x8B, 0xF6, 0x96, 0x01, 0xF7, 0x87, 0x8A, 0x39, 0x54, 0xA6, 0x0C,
    0xCA, 0xEC, 0x40, 0xDB, 0x85, 0x30, 0xE5, 0xF2, 0xA9, 0xC8, 0x61, 0xC7, 0xC9, 0xD9, 0xFF, 0x7F,
    0xC9, 0x4A, 0x70, 0x39, 0x59, 0xC7, 0x49, 0xAE, 0x77, 0x9C, 0x4E, 0xD6, 0xB7, 0xA3, 0xA5, 0xBD,
    0x0D, 0xAD, 0xFC, 0x02, 0x3D, 0xE5, 0x21, 0x3D, 0x2F, 0x52, 0xBE, 0xD3, 0x56, 0x18, 0xF0, 0x9F,
    0x78, 0x79, 0xD5, 0x86, 0xB6, 0xA6, 0x0D, 0x0D, 0x54, 0x5E, 0x93, 0xD3, 0x2F, 0x13, 0x6D, 0xCB,
    0x59, 0x40, 0x4B, 0x38, 0x67, 0xF3, 0x69, 0xC5, 0x07, 0x9B, 0x0B, 0x6D, 0x71, 0xE5, 0x95, 0x95,
    0xB1, 0x09, 0x4B, 0xD3, 0xCE, 0xD9, 0x64, 0x66, 0x8D, 0xB8, 0x1F, 0xED, 0xFA, 0x3F, 0xDB, 0x00,
    0x3F, 0xA8, 0x84, 0x0E, 0x0F, 0xCB, 0x6A, 0x46, 0xA3, 0x9C, 0xD5, 0x70, 0x0A, 0xDC, 0x7B, 0x96,
    0x4F, 0xBF, 0xD7, 0x86, 0x18, 0x94, 0x37, 0x3D, 0x41, 0x25, 0x13, 0x6E, 0x63, 0x66, 0xF6, 0x40,
    0x0C, 0xD9, 0xC4, 0xB0, 0x12, 0x35, 0x17, 0xF6, 0x4C, 0x61, 0x3D, 0x38, 0xD8, 0x10, 0x73, 0x2E,
    0xA1, 0x13, 0xF2, 0x34, 0xD0, 0x25, 0x1D, 0x5D, 0x0A, 0x7A, 0x29, 0xDA, 0x4B, 0x6D, 0x87, 0x7A,
    0x9B, 0x4F, 0x81, 0xB6, 0xE0, 0x7C, 0x58, 0xB5, 0x80, 0xA3, 0x0D, 0xB8, 0xD0, 0xAD, 0x76, 0x12,
    0xE9, 0xBF, 0x70, 0xA2, 0xFF, 0x57, 0xCD, 0x65, 0xA1, 0x97, 0x23, 0x70, 0x68, 0x17, 0xEC, 0x4A,
    0xD5, 0x26, 0xEA, 0x11, 0x16, 0x2C, 0x25, 0x53, 0x0C, 0x3B, 0xAE, 0xD8, 0xF0, 0xB6, 0x2D, 0x47,
    0xA4, 0x0D, 0x86, 0x52, 0xBB, 0x8B, 0xAD, 0x22, 0x1F, 0x0E, 0x5A, 0x47, 0x1B, 0xC3, 0x49, 0x6B,
    0x38, 0x5B, 0x22, 0x64, 0x7C, 0x45, 0x78, 0x74, 0x0D, 0x7B, 0xF6, 0x7F, 0x62, 0x96, 0x1D, 0xE6,
    0x4F, 0x5F, 0x05, 0x66, 0xEC, 0x50, 0x91, 0x59, 0x4C, 0x5E, 0x43, 0xEC, 0xB8, 0x00, 0x96, 0xF3,
    0xFB, 0x61, 0xD7, 0xD6, 0xB9, 0x29, 0x98, 0xF4, 0xFA, 0x3A, 0x37, 0xD7, 0xCB, 0x45, 0x77, 0xA3,
    0x1A, 0x97, 0x83, 0x6A, 0xFC, 0x7F, 0x5D, 0x45, 0x27, 0x18, 0xDD, 0x6C, 0x4A, 0xB6, 0xFC, 0xD9,
    0xEB, 0x87, 0x09, 0xFD, 0xFE, 0x05, 0x52, 0x88, 0xF9, 0x9D, 0x3D, 0x5F, 0xAA, 0x79, 0xAD, 0x69,
    0xEE, 0x90, 0xF0, 0xB4, 0x19, 0xF3, 0xED, 0x35, 0xFE, 0xAF, 0xDE, 0x41, 0xE4, 0xBF, 0x72, 0x07,
    0x51, 0x74, 0xAF, 0x11, 0x7F, 0xF3, 0xE7, 0xFE, 0x63, 0x8C, 0xDB, 0x07, 0xB5, 0x8B, 0x6D, 0x90,
    0x9C, 0x37, 0xD8, 0x79, 0x78, 0x27, 0xC1, 0xEA, 0xDD, 0x5B, 0x4A, 0xB3, 0x17, 0xA9, 0xF2, 0xBA,
    0x17, 0xA9, 0xF2, 0xC8, 0xEA, 0xBE, 0x7E, 0xF1, 0x64, 0xB7, 0x4E, 0xDA, 0xF2, 0xB6, 0x61, 0x7D,
    0x79, 0xBA, 0xE3, 0x72, 0x73, 0x81, 0x11, 0xF9, 0xDE, 0xCC, 0x42, 0x73, 0x6F, 0x97, 0x1C, 0x77,
    0xC5, 0xC9, 0x30, 0xE1, 0x5C, 0x78, 0x92, 0xDF, 0xBE, 0xDE, 0xDD, 0x32, 0xA1, 0xDF, 0xBA, 0xD3,
    0x98, 0x24, 0x30, 0x7C, 0xE3, 0xA9, 0x94, 0xCC, 0x59, 0xBA, 0xF8, 0x48, 0x56, 0x1A, 0xA3, 0x20,
    0x40, 0x01, 0x82, 0x97, 0x77, 0x93, 0x11, 0xCD, 0xBA, 0xC1, 0x95, 0x1E, 0xDB, 0x9F, 0x1D, 0x43,
    0xFA, 0x45, 0x17, 0xA2, 0x6D, 0xD6, 0x63, 0x22, 0x1A, 0x44, 0xB7, 0xC5, 0xE0, 0xB1, 0xB8, 0xCE,
    0x63, 0x49, 0x9B, 0x97, 0x4D, 0xBF, 0xFF, 0x87, 0xDB, 0xF2, 0xB7, 0xE0, 0x05, 0x25, 0xF2, 0x27,
    0x28, 0xCA, 0x9E, 0xA8, 0xC7, 0xF2, 0x2E, 0x4B, 0xB2, 0x2A, 0x7F, 0x09, 0x5E, 0xAE, 0xD3, 0x7B,
    0x4B, 0x48, 0xE3, 0x9F, 0xA2, 0x81, 0xD7, 0xC3, 0x20, 0xB3, 0x75, 0xB2, 0x7A, 0x23, 0x52, 0x2D,
    0xED, 0xEF, 0x8E, 0x9D, 0x25, 0x98, 0x04, 0xE2, 0xDD, 0xFB, 0x45, 0xF1, 0xBE, 0xDB, 0x3C, 0x42,
    0x13, 0xA9, 0xE1, 0x73, 0xD5, 0x58, 0x51, 0xEC, 0xC2, 0x48, 0xB4, 0xE1, 0x7E, 0x89, 0x4B, 0xA2,
    0xDD, 0x4D, 0x37, 0x77, 0x8E, 0x59, 0x6F, 0xC8, 0xDD, 0x53, 0x0F, 0x9E, 0x8D, 0xBE, 0x52, 0x14,
    0x1B, 0x05, 0xCD, 0x53, 0xED, 0x70, 0x28, 0x05, 0x8A, 0x76, 0x02, 0xE2, 0x4D, 0x79, 0xEB, 0xA5,
    0xE6, 0xEA, 0x69, 0x2E, 0x27, 0x19, 0x6A, 0x20, 0xC8, 0x1E, 0x19, 0x1B, 0x49, 0x74, 0x73, 0x21,
    0x69, 0x5F, 0x02, 0x6E, 0x96, 0xF2, 0x0D, 0xB1, 0x27, 0xDA, 0x12, 0x7F, 0xF0, 0x00, 0xB5, 0x9A,
    0xC0, 0xD5, 0x20, 0xF1, 0x48, 0x4F, 0x10, 0x4E, 0x47, 0xDE, 0xD6, 0xEE, 0x5B, 0x25, 0xA0, 0xE2,
    0x2B, 0x25, 0xA0, 0xEA, 0x73, 0xCD, 0xD1, 0xAA, 0xF2, 0xC2, 0xD6, 0xAE, 0xF5, 0xBE, 0x7E, 0xEE,
    0xB7, 0x45, 0x2B, 0x91, 0x96, 0x55, 0x5B, 0x35, 0xB2, 0xD0, 0xDC, 0xB5, 0x1E, 0xD8, 0xD2, 0xFB,
    0x0E, 0x33, 0x07, 0xBE, 0xED, 0x3D, 0x5F, 0x57, 0x87, 0x47, 0x73, 0x5B, 0x4B, 0x0C, 0x19, 0x2B,
    0x60, 0xF1, 0x49, 0x81, 0xC0, 0x2F, 0xE1, 0xB9, 0x31, 0x99, 0xC8, 0x01, 0x77, 0x7B, 0x1C, 0x12,
    0xB0, 0x5A, 0x61, 0x2D, 0x65, 0x6B, 0x0C, 0xC5, 0xCF, 0x79, 0x93, 0xCC, 0x33, 0xC8, 0xAE, 0x50,
    0x3D, 0xA0, 0xE2, 0x34, 0x67, 0x0B, 0xF6, 0x13, 0x45, 0x2C, 0x9F, 0x2A, 0x94, 0xF9, 0xF2, 0xA0,
    0x05, 0x2B, 0xAF, 0xAA, 0x05, 0xFB, 0x26, 0xAB, 0x70, 0xF0, 0x79, 0xEB, 0x43, 0x3A, 0x9E, 0x61,
    0xB9, 0x69, 0x5E, 0xCB, 0x6B, 0x39, 0xBA, 0x1C, 0xCC, 0x47, 0x67, 0x77, 0xAF, 0xCE, 0xCB, 0x56,
    0x84, 0x22, 0x1B, 0xB9, 0xF7, 0x98, 0x7F, 0xAD, 0x77, 0xE7, 0xB4, 0x5A, 0xC3, 0xA7, 0xCF, 0x2C,
    0xCC, 0x58, 0x07, 0x7A, 0x36, 0x67, 0xAC, 0xDF, 0xF2, 0xE6, 0xDF, 0x99, 0xA4, 0xE5, 0x43, 0x54,
    0x29, 0xF8, 0x8B, 0xFB, 0x0F, 0x2D, 0x41, 0x88, 0x2D, 0x38, 0x03, 0xC3, 0x6E, 0x67, 0x2A, 0xEE,
    0x5E, 0x7B, 0xCF, 0x48, 0x98, 0x34, 0x42, 0x7D, 0xC1, 0x67, 0x81, 0x94, 0xCD, 0x74, 0x1A, 0xE9,
    0x92, 0xC1, 0x03, 0xBD, 0x90, 0xB4, 0x2B, 0x9E, 0xA0, 0xC7, 0xDD, 0x54, 0x9F, 0xEA, 0xE4, 0xB1,
    0xEB, 0x0F, 0x40, 0x4C, 0xB0, 0xB9, 0x77, 0x03, 0x26, 0xE9, 0xC8, 0x9A, 0x3B, 0xF6, 0x00, 0x41,
    0x0C, 0xAA, 0x18, 0x56, 0x3E, 0x43, 0x80, 0x23, 0xDA, 0x1D, 0x5C, 0x1C, 0xD2, 0x11, 0xF0, 0x0E,
    0xB1, 0x41, 0xC6, 0x5A, 0x08, 0xA8, 0x06, 0xDA, 0xBB, 0x8E, 0xCE, 0x1A, 0x51, 0xC2, 0xC1, 0x98,
    0x42, 0xD4, 0x91, 0x6B, 0x5A, 0x48, 0xA1, 0xD5, 0x9C, 0x42, 0x5C, 0xFA, 0x42, 0x0A, 0x31, 0x75,
    0x9E, 0xDD, 0x48, 0xA1, 0x9C, 0x29, 0xF4, 0x99, 0x96, 0xAE, 0xBB, 0x9E, 0x3A, 0xE6, 0x8B, 0xB6,
    0x68, 0x90, 0x42, 0x4C, 0x9D, 0x05, 0xCE, 0x56, 0x9F, 0x42, 0xF8, 0xB6, 0x0D, 0x9D, 0x8C, 0xF4,
    0xEC, 0xF3, 0x60, 0xC8, 0xA5, 0x02, 0xD6, 0x08, 0xCF, 0xD4, 0x89, 0x76, 0x5E, 0xE0, 0x53, 0x0C,
    0x65, 0x29, 0x24, 0xCE, 0x52, 0xC8, 0x3A, 0xAE, 0x6D, 0xD8, 0x2D, 0xE2, 0x1C, 0x3A, 0xC6, 0x3E,
    0xD7, 0x82, 0x7F, 0x74, 0xA9, 0xD4, 0x2B, 0x51, 0x28, 0x45, 0x2F, 0xE6, 0x7B, 0xFA, 0x78, 0xCA,
    0xF7, 0x52, 0xEA, 0xC9, 0x5D, 0x4D, 0x27, 0xD5, 0x61, 0xDF, 0x84, 0x95, 0xD8, 0x02, 0x83, 0x93,
    0x11, 0xD8, 0x89, 0xB6, 0x67, 0xBA, 0x5D, 0xEC, 0x5E, 0xC5, 0x3D, 0xB3, 0x90, 0x1A, 0x73, 0xDB,
    0x39, 0x50, 0x7B, 0x4D, 0x37, 0x7C, 0x7E, 0xC7, 0xAF, 0x45, 0xF3, 0x0B, 0xC7, 0xF6, 0xAA, 0xB2,
    0xBD, 0x4E, 0xFF, 0xBD, 0x82, 0x6D, 0x8F, 0x07, 0xE4, 0x37, 0x92, 0x22, 0x8C, 0x92, 0x9D, 0x49,
    0x2B, 0x33, 0xD2, 0x89, 0x0E, 0x7C, 0xCF, 0xAE, 0xE8, 0xE7, 0xB6, 0x81, 0x12, 0xBE, 0x39, 0x9C,
    0xCD, 0x9E, 0xC5, 0x48, 0x67, 0x3D, 0x31, 0x9C, 0x8D, 0x33, 0xB5, 0x93, 0x62, 0xE0, 0xE4, 0xE6,
    0xD0, 0xEE, 0xA8, 0xF1, 0xD0, 0xBD, 0xE2, 0x44, 0xA6, 0x3A, 0x71, 0xC3, 0x4B, 0x9C, 0x6A, 0x91,
    0xA4, 0x3A, 0x12, 0xFC, 0x9A, 0x36, 0x42, 0xB0, 0xE1, 0x95, 0xDD, 0xF6, 0xC6, 0x2B, 0xBB, 0x0F,
    0xBF, 0x16, 0x9B, 0x7D, 0x1C, 0xBE, 0xAC, 0xEC, 0x96, 0x5E, 0x69, 0x8F, 0xF7, 0xA3, 0x07, 0xBE,
    0x1D, 0xED, 0x71, 0xA5, 0x03, 0x9F, 0x87, 0x3B, 0xE8, 0xE1, 0x7A, 0x98, 0x4E, 0xB2, 0x81, 0x9D,
    0x3B, 0x68, 0xD1, 0x17, 0x50, 0xC3, 0xF5, 0x91, 0xB6, 0x78, 0x21, 0x7A, 0xCB, 0x4A, 0x37, 0x01,
    0xB2, 0x25, 0x71, 0x15, 0x5A, 0x86, 0xF5, 0x27, 0xAD, 0xA3, 0x1E, 0x6E, 0xBB, 0x84, 0x4B, 0x9E,
    0x5E, 0xB6, 0x41, 0x07, 0xCA, 0x55, 0x52, 0x52, 0x43, 0x1F, 0xD1, 0xBE, 0x39, 0x3A, 0xAC, 0x1A,
    0xF9, 0x58, 0xF0, 0x44, 0x45, 0xF0, 0x48, 0xC5, 0x14, 0x89, 0x18, 0x48, 0xC1, 0xC2, 0x2A, 0x97,
    0x3B, 0x51, 0x44, 0xEE, 0x7F, 0xF4, 0xE0, 0x31, 0x4B, 0x5C, 0xDB, 0x5E, 0x34, 0x56, 0xA7, 0xBF,
    0xC7, 0x5B, 0x87, 0xFB, 0x47, 0x49, 0xDA, 0xA4, 0x61, 0x0B, 0xEA, 0xE4, 0x4D, 0x52, 0x84, 0x15,
    0xC8, 0xFD, 0x0D, 0x96, 0x04, 0x6E, 0x03, 0x3A, 0x87, 0xAB, 0x6E, 0x31, 0x09, 0xE8, 0x62, 0xC2,
    0xB3, 0xBC, 0x55, 0x27, 0x12, 0xE5, 0x51, 0x2E, 0xFB, 0xCA, 0x98, 0x34, 0xA6, 0x0D, 0xC5, 0x11,
    0xAA, 0x23, 0x94, 0x47, 0xA8, 0x8F, 0x50, 0x20, 0x1E, 0xB0, 0x23, 0xC8, 0x5E, 0x37, 0x6D, 0x37,
    0x77, 0xBC, 0x29, 0x93, 0x50, 0x27, 0xA1, 0x50, 0x42, 0xA5, 0x84, 0x52, 0x09, 0xB5, 0x32, 0xB1,
    0x4C, 0xAD, 0x20, 0xD7, 0xBE, 0x00, 0xF8, 0xD4, 0x94, 0x80, 0x07, 0x31, 0x5C, 0xD8, 0x7F, 0x53,
    0x97, 0x4A, 0xBF, 0xC3, 0x01, 0xA5, 0xC0, 0x02, 0x47, 0x31, 0x20, 0x33, 0xD0, 0x02, 0xC1, 0xFC,
    0x2A, 0x00, 0x25, 0x81, 0x86, 0x54, 0x23, 0x1C, 0x44, 0x0C, 0xB0, 0xE8, 0xC3, 0x41, 0x27, 0x0B,
    0x2A, 0x5D, 0x21, 0x6A, 0x30, 0xC0, 0x83, 0xF7, 0xD7, 0x39, 0x0E, 0xB8, 0x43, 0xC4, 0x41, 0x1C,
    0x0E, 0x12, 0x3B, 0xE8, 0xB8, 0x00, 0x53, 0x32, 0xAB, 0xF6, 0x9C, 0xAD, 0xBE, 0x42, 0xB1, 0xA6,
    0x0D, 0x34, 0x30, 0xC8, 0x26, 0x18, 0x0F, 0x22, 0xFA, 0x89, 0xA2, 0xF1, 0x60, 0x96, 0xED, 0x7F,
    0x00, 0xDD, 0x99, 0x01, 0x84, 0x25, 0xD9, 0xF5, 0xC6, 0xCF, 0x7B, 0x6F, 0x7B, 0x9B, 0x2D, 0xD4,
    0x62, 0x17, 0xF6, 0x8F, 0x82, 0x3F, 0x98, 0x45, 0x01, 0x00, 0xEE, 0xDB, 0x00, 0x80, 0x46, 0x3F,
    0x00, 0xBB, 0x08, 0x68, 0x18, 0x08, 0x40, 0xD4, 0x1B, 0x00, 0x60, 0x20, 0x03, 0x41, 0x06, 0x8B,
    0xD9, 0x0E, 0x16, 0x20, 0x40, 0xBD, 0x08, 0x00, 0x54, 0x12, 0x11, 0x2C, 0xB6, 0x32, 0x1B, 0x46,
    0x76, 0x30, 0x15, 0x6A, 0xA3, 0x66, 0x54, 0xD5, 0xC9, 0xF9, 0xA9, 0x4F, 0x5E, 0xBF, 0xD1, 0x06,
    0x09, 0x63, 0x7A, 0xCA, 0xEB, 0xEF, 0x54, 0x57, 0x9D, 0x7B, 0xCF, 0x39, 0xDF, 0x77, 0xEB, 0x56,
    0xD5, 0x2D, 0xB3, 0x6F, 0x1F, 0xDB, 0xE7, 0x2F, 0xCD, 0x72, 0x9F, 0x37, 0xEE, 0x07, 0xAB, 0xDC,
    0x7F, 0xE3, 0xDE, 0xAD, 0xDC, 0xD9, 0x86, 0x8D, 0xBF, 0x72, 0xEF, 0xCB, 0x31, 0xF3, 0x7D, 0xE5,
    0x87, 0x7C, 0xCC, 0xDD, 0x92, 0x5B, 0x31, 0x16, 0x93, 0x95, 0xB3, 0xA5, 0x31, 0x8D, 0x56, 0x8E,
    0x2B, 0xEF, 0xD3, 0x60, 0xA5, 0x47, 0xBB, 0xD4, 0x63, 0xC3, 0xB9, 0x0F, 0x3F, 0x9F, 0xAC, 0xEA,
    0xC2, 0xBE, 0xDA, 0x62, 0xE3, 0x90, 0x01, 0x8E, 0x4D, 0xC3, 0xDA, 0x47, 0xEC, 0x9C, 0xF9, 0x6C,
    0xFF, 0x47, 0x23, 0x36, 0xCB, 0x65, 0x23, 0x97, 0xA7, 0x58, 0xAB, 0x7D, 0x5B, 0xD1, 0x62, 0x75,
    0x61, 0xAB, 0x4B, 0x63, 0xB3, 0xEB, 0xAF, 0x03, 0x56, 0xDE, 0x05, 0x6E, 0x7C, 0x1F, 0x98, 0xCD,
    0x1C, 0x2E, 0x06, 0x30, 0x35, 0xE0, 0xA7, 0xA6, 0xCD, 0xCE, 0x89, 0x6E, 0x19, 0xB9, 0xD0, 0xB9,
    0x6F, 0x41, 0x6F, 0xAC, 0xF0, 0x6F, 0xBD, 0x8B, 0x42, 0xE8, 0xA7, 0x1C, 0xAD, 0xEE, 0x2C, 0x4A,
    0x21, 0xEB, 0x41, 0xB9, 0xD6, 0x5D, 0xFC, 0x38, 0xEB, 0xDD, 0x79, 0xF8, 0xC3, 0xC3, 0xC1, 0x9C,
    0x9C, 0xE0, 0x66, 0xB0, 0xB5, 0x73, 0x60, 0xE3, 0xCF, 0x1D, 0x7C, 0xE0, 0x4D, 0xE0, 0xD6, 0xDB,
    0x08, 0x48, 0xD3, 0xCC, 0xAD, 0x1A, 0x22, 0x14, 0xBD, 0xE6, 0xB3, 0x95, 0x93, 0x15, 0xF1, 0x73,
    0x42, 0xE5, 0x0E, 0x06, 0xA1, 0x11, 0x6A, 0x13, 0x8D, 0xCD, 0xAE, 0x28, 0x88, 0x7A, 0xF8, 0x97,
    0x6A, 0x54, 0x0C, 0xB5, 0xA8, 0x14, 0x76, 0xB6, 0xE5, 0xC1, 0xD2, 0x9F, 0xD0, 0xE8, 0xBB, 0x80,
    0xFA, 0x45, 0xD4, 0x4E, 0x41, 0x01, 0x8F, 0x22, 0xA7, 0x51, 0x9C, 0xAC, 0xBD, 0x51, 0x47, 0x41,
    0x0E, 0xF5, 0x53, 0xBE, 0x1B, 0xD5, 0x03, 0x33, 0x30, 0x11, 0x01, 0xFA, 0x4B, 0x20, 0x01, 0x69,
    0x00, 0xFA, 0xBB, 0x42, 0xD9, 0x71, 0x5B, 0x5F, 0x6F, 0x8D, 0x5A, 0x8D, 0xCC, 0x27, 0x30, 0x1F,
    0xC0, 0xA2, 0x03, 0x13, 0xCE, 0xE2, 0x70, 0x75, 0xB9, 0x1E, 0x6D, 0x33, 0x95, 0x63, 0xF8, 0xD5,
    0xD1, 0xDD, 0xEC, 0x84, 0xF3, 0x3E, 0xE0, 0xE5, 0x57, 0x56, 0xD0, 0x6F, 0xE1, 0x90, 0x32, 0x9D,
    0x90, 0xC2, 0xB8, 0x25, 0x3F, 0x24, 0x02, 0x5A, 0xA0, 0x81, 0xED, 0x03, 0x6C, 0x1F, 0x8E, 0x6C,
    0x03, 0xDB, 0xD3, 0xDC, 0x0C, 0x3A, 0xC9, 0x69, 0x04, 0x7A, 0x7A, 0x6F, 0x95, 0x96, 0x49, 0xD9,
    0x7B, 0xFB, 0x15, 0x6E, 0x45, 0x97, 0xE1, 0x93, 0x8D, 0x69, 0x19, 0xD8, 0xF4, 0x09, 0x63, 0xC6,
    0x86, 0x14, 0xB4, 0xB8, 0xB0, 0xD7, 0x06, 0xB6, 0x64, 0x92, 0x4E, 0x12, 0x4A, 0x4A, 0x49, 0x2A,
    0x69, 0x25, 0xB1, 0xA4, 0x96, 0xE4, 0x92, 0x5E, 0x12, 0x4C, 0x8A, 0x2D, 0x92, 0x49, 0x33, 0x89,
    0x26, 0xD5, 0x24, 0x9B, 0x74, 0x93, 0x70, 0x52, 0x4E, 0xD2, 0x49, 0x3B, 0x89, 0x27, 0xF5, 0x24,
    0x9F, 0x49, 0x3F, 0xBB, 0xF7, 0xD0, 0xAE, 0x8D, 0x92, 0x27, 0x55, 0xAC, 0x82, 0x57, 0x54, 0x41,
    0xB9, 0x27, 0xD5, 0x6A, 0xEC, 0x2F, 0x83, 0x7F, 0x19, 0xFD, 0xCB, 0xF0, 0x37, 0xAA, 0x06, 0x1F,
    0xD1, 0x74, 0xD4, 0xB4, 0xA0, 0x6B, 0x80, 0x48, 0x9A, 0x22, 0x74, 0x19, 0x90, 0x28, 0x5C, 0x81,
    0xA4, 0xA9, 0x4B, 0x01, 0xA2, 0xC0, 0x12, 0xA4, 0x04, 0x29, 0xAF, 0xEB, 0x81, 0xED, 0xC3, 0x18,
    0x64, 0x6A, 0x28, 0x87, 0xBA, 0x25, 0x9A, 0xEF, 0x89, 0x30, 0x19, 0xFB, 0x37, 0xB4, 0x29, 0x21,
    0x07, 0xE2, 0x68, 0x03, 0x26, 0xA7, 0xA4, 0xCA, 0x7F, 0x1B, 0x6D, 0x7D, 0xB0, 0xFF, 0xD7, 0x58,
    0x32, 0xFC, 0x84, 0x3A, 0x52, 0x4F, 0x60, 0x15, 0x1D, 0xD3, 0x0D, 0x87, 0x72, 0x0A, 0xA3, 0xB7,
    0xE3, 0x89, 0x5C, 0x95, 0x05, 0xAA, 0xD6, 0x95, 0xF0, 0x60, 0xBF, 0xE0, 0xB8, 0x55, 0xBF, 0xBA,
    0x1F, 0x9E, 0x15, 0xC1, 0xC1, 0x89, 0x14, 0x1C, 0xA9, 0x20, 0x0C, 0x3E, 0x35, 0x95, 0x3E, 0xA6,
    0x9B, 0x86, 0xE3, 0x5B, 0xD1, 0x80, 0x18, 0x46, 0x14, 0xDB, 0x99, 0xB6, 0x75, 0x1D, 0x6E, 0x89,
    0x96, 0x8C, 0x85, 0x0D, 0xA4, 0x47, 0xA3, 0x0A, 0x52, 0xCF, 0x00, 0xE8, 0x65, 0x50, 0x68, 0xB8,
    0x44, 0xDB, 0x9A, 0x92, 0x0A, 0xEF, 0xF9, 0x9F, 0x4E, 0x2B, 0x80, 0x51, 0x01, 0xC9, 0xBF, 0xE3,
    0xDF, 0xDA, 0x7D, 0x00, 0x3A, 0xE0, 0x10, 0xA5, 0x4E, 0x44, 0xDC, 0x1A, 0xE1, 0xC8, 0xCA, 0x32,
    0xEF, 0x70, 0xA7, 0x4F, 0xAB, 0x9F, 0x4D, 0xF4, 0xF4, 0x33, 0xF8, 0x1C, 0x49, 0xEE, 0xEC, 0xC2,
    0x3E, 0xBD, 0x73, 0x6C, 0x5F, 0x3D, 0xA1, 0xCD, 0x04, 0x5B, 0x6E, 0x56, 0xBC, 0xA4, 0x49, 0x5B,
    0x1D, 0xD6, 0xBE, 0x2D, 0xBA, 0xD5, 0x25, 0x03, 0xE8, 0xAD, 0xB3, 0x7D, 0x77, 0x38, 0x2C, 0xF0,
    0xB6, 0x12, 0x64, 0xB2, 0xD1, 0x64, 0xAF, 0x8B, 0x6F, 0xC5, 0x7E, 0xF4, 0x32, 0x82, 0xDE, 0xEB,
    0xAA, 0x7F, 0x9B, 0x5C, 0x56, 0xE4, 0xE8, 0x5B, 0x0A, 0x6A, 0xF1, 0xED, 0x35, 0xDD, 0x7F, 0xC0,
    0x5E, 0xEE, 0x1D, 0xD0, 0x68, 0xD2, 0xB1, 0xF5, 0x37, 0xF6, 0xD1, 0xE3, 0xF0, 0xB4, 0x3A, 0x0E,
    0xD5, 0x7F, 0xA0, 0x59, 0xF2, 0xC9, 0x14, 0x17, 0x4F, 0x6A, 0xDA, 0xDD, 0xB9, 0xF9, 0xE4, 0x6A,
    0x1B, 0x95, 0xA5, 0xA6, 0x18, 0xAC, 0xE8, 0xEB, 0x96, 0x73, 0xFB, 0x68, 0x3C, 0xD3, 0x27, 0x8A,
    0xED, 0x2E, 0xDE, 0xFE, 0x7C, 0x42, 0x6D, 0xF4, 0xBF, 0x60, 0x01, 0x5A, 0x09, 0x12, 0x7F, 0x49,
    0xED, 0x70, 0xCB, 0xAD, 0x02, 0xB4, 0x5B, 0x6F, 0x18, 0xC5, 0x74, 0xEB, 0xAD, 0x42, 0x58, 0xF5,
    0xA6, 0x87, 0x85, 0x53, 0x45, 0x8E, 0x9C, 0xDE, 0x12, 0xD0, 0x26, 0x60, 0x0D, 0xEA, 0xB8, 0x55,
    0x0D, 0x98, 0x68, 0xFB, 0x31, 0xFB, 0x96, 0x38, 0x1E, 0xB8, 0x25, 0x78, 0x84, 0xC2, 0x35, 0xCC,
    0xF9, 0xB0, 0x0C, 0xB3, 0x92, 0x3B, 0xFA, 0x4F, 0x97, 0xC1, 0xF8, 0x98, 0xDC, 0x87, 0xF8, 0xEB,
    0x3F, 0xF7, 0x1F, 0x1F, 0x13, 0x8B, 0x18, 0x3C, 0x96, 0x50, 0x50, 0xA6, 0x3F, 0x4A, 0xC9, 0xA7,
    0x65, 0xC2, 0xA7, 0x94, 0xC4, 0xDF, 0xF4, 0x01, 0xA3, 0x10, 0xE6, 0xA2, 0xE0, 0x69, 0xB9, 0x9A,
    0x26, 0xF2, 0x82, 0x8C, 0xFD, 0x92, 0x53, 0x6A, 0xC8, 0x87, 0x6C, 0xC8, 0x65, 0x29, 0xFA, 0x6A,
    0x8F, 0xEA, 0xED, 0x7F, 0x54, 0x9F, 0x6F, 0x57, 0x1D, 0xBE, 0xA7, 0x04, 0x54, 0x01, 0x63, 0x0D,
    0x20, 0xC4, 0xF0, 0xFA, 0xD3, 0x69, 0x71, 0xFA, 0x74, 0xFA, 0xE6, 0x07, 0x31, 0x00, 0x5E, 0x6F,
    0x7D, 0x10, 0xBB, 0xED, 0xD9, 0x97, 0x9B, 0xF9, 0x13, 0x3D, 0x90, 0x45, 0xC2, 0x0B, 0xCB, 0x9B,
    0xA1, 0x3A, 0x04, 0x97, 0x0E, 0x99, 0x71, 0x12, 0x36, 0xA1, 0xD3, 0xE0, 0xD3, 0x20, 0x14, 0xE8,
    0x0D, 0x4A, 0x09, 0x74, 0x1A, 0xC3, 0x88, 0x01, 0xBC, 0xE9, 0xF9, 0x1A, 0x7A, 0x75, 0x95, 0x97,
    0x40, 0x0E, 0x40, 0x31, 0x8F, 0x81, 0xFF, 0xF5, 0x20, 0x25, 0xA4, 0xF0, 0xEC, 0x4B, 0xDF, 0x99,
    0xD1, 0x96, 0x08, 0x34, 0x4A, 0x42, 0xD7, 0xE3, 0xEC, 0xFF, 0x38, 0x48, 0x6D, 0xE6, 0x2C, 0xB0,
    0x99, 0x08, 0x3A, 0x1A, 0x52, 0xED, 0x6C, 0xAD, 0xD7, 0xB6, 0x19, 0x98, 0xEC, 0x23, 0x7F, 0x15,
    0x0C, 0xD6, 0x27, 0x4F, 0xCA, 0xA5, 0x07, 0x26, 0xC1, 0xC1, 0x2A, 0xE0, 0x94, 0x3C, 0x09, 0xE4,
    0x5F, 0x00, 0x71, 0x26, 0x03, 0x36, 0x80, 0xB9, 0x53, 0xDD, 0xD6, 0xD8, 0x2E, 0xEC, 0xD2, 0xA0,
    0x77, 0x45, 0xF0, 0xE4, 0xCF, 0x29, 0x84, 0x6B, 0x9E, 0xEC, 0xEE, 0x13, 0x69, 0x35, 0xAC, 0x69,
    0x13, 0x8E, 0x1F, 0x9B, 0x36, 0x92, 0x21, 0x10, 0xA5, 0x66, 0x98, 0x36, 0x42, 0x50, 0x26, 0x5A,
    0x51, 0x67, 0x31, 0x61, 0x90, 0x6A, 0x23, 0xB3, 0x3C, 0xA8, 0x42, 0x71, 0xEA, 0x69, 0x03, 0x63,
    0xB9, 0xD3, 0x11, 0x6D, 0xE8, 0x08, 0x85, 0xBD, 0xB5, 0x02, 0xD3, 0xD0, 0x86, 0x99, 0x32, 0x8D,
    0x74, 0xA4, 0x67, 0x5C, 0xDA, 0xD0, 0x51, 0x18, 0x3A, 0x52, 0x0F, 0x61, 0x8A, 0x39, 0xCC, 0x68,
    0x69, 0xA2, 0x82, 0x47, 0x3E, 0x42, 0x0F, 0x25, 0xE8, 0xD9, 0x9D, 0xAA, 0x35, 0x33, 0xF7, 0x18,
    0xBD, 0xF4, 0xDA, 0x27, 0xF6, 0x29, 0xB2, 0xEC, 0x13, 0x8E, 0xAF, 0x66, 0xA4, 0xA6, 0x6D, 0xFA,
    0x35, 0x6E, 0xC9, 0xEA, 0x06, 0x97, 0x0F, 0x54, 0x31, 0x37, 0x8F, 0xB3, 0x1D, 0x55, 0x67, 0xFC,
    0xC8, 0x9A, 0xDF, 0xC4, 0xAF, 0x18, 0x49, 0xBB, 0x0C, 0x1C, 0x49, 0xB5, 0x04, 0x8D, 0x5F, 0xCF,
    0xAF, 0xEA, 0xF8, 0xD5, 0xFC, 0xCC, 0xDB, 0x40, 0x88, 0xF2, 0x76, 0xED, 0xE0, 0xB9, 0x1F, 0x02,
    0x73, 0xB0, 0xE7, 0xC6, 0x51, 0xFB, 0x4C, 0x69, 0xFE, 0xD2, 0xA9, 0xE5, 0x6F, 0x8E, 0x96, 0x5F,
    0x04, 0x9A, 0x72, 0x3E, 0xDB, 0xED, 0xB6, 0x46, 0x7D, 0x9A, 0xBC, 0x7C, 0x8F, 0xD1, 0x1D, 0x63,
    0xB7, 0x7B, 0x9F, 0x14, 0x82, 0x72, 0x66, 0xBA, 0x73, 0xDD, 0x15, 0xBD, 0xC5, 0x1D, 0x84, 0x84,
    0x77, 0x4A, 0x95, 0x64, 0xE7, 0x1D, 0x66, 0x9B, 0xB7, 0x98, 0x7F, 0xD4, 0x8D, 0x51, 0xA1, 0x1E,
    0x04, 0x70, 0xB4, 0xF5, 0x52, 0x19, 0xE3, 0xE9, 0xBD, 0xD2, 0x28, 0x3F, 0xD8, 0x18, 0xD8, 0x6E,
    0xC0, 0xF9, 0x7E, 0x0F, 0x35, 0xAE, 0x97, 0x4F, 0x4A, 0x9C, 0x0D, 0xDF, 0xED, 0xBB, 0x75, 0x15,
    0xD9, 0x19, 0xA0, 0xE9, 0x54, 0xF7, 0x0C, 0x3B, 0xFF, 0x69, 0xC2, 0x64, 0x87, 0x5F, 0xCA, 0xE8,
    0xA0, 0x5C, 0xD4, 0x40, 0xCD, 0xDF, 0x2F, 0x11, 0x25, 0x50, 0x39, 0x82, 0xEE, 0x1C, 0x98, 0xAA,
    0x6D, 0x60, 0x9F, 0xEF, 0x85, 0x3A, 0xC2, 0x59, 0x3C, 0x87, 0x77, 0x52, 0xD6, 0x7B, 0x5F, 0x5F,
    0x3D, 0x36, 0x98, 0x5C, 0x16, 0x93, 0x78, 0x0D, 0xB0, 0xCD, 0x9C, 0x21, 0x61, 0xDE, 0x17, 0x1D,
    0x89, 0x1F, 0xD2, 0x9E, 0xA9, 0xD2, 0x3E, 0x79, 0xCF, 0x14, 0xFC, 0xE8, 0xFA, 0xB3, 0x27, 0x3C,
    0x21, 0xF1, 0x3C, 0x92, 0x3A, 0x96, 0x52, 0xFC, 0x41, 0xF4, 0xBB, 0x9E, 0x79, 0xB4, 0xC8, 0xFA,
    0xBC, 0x43, 0xAE, 0xB3, 0x77, 0x66, 0xDA, 0xBC, 0xFB, 0xBC, 0xCF, 0x20, 0x6F, 0x0B, 0x6C, 0x45,
    0x0B, 0x5A, 0x3A, 0xDC, 0x34, 0xD5, 0x5F, 0x40, 0x4B, 0x34, 0xA3, 0x37, 0x50, 0x0B, 0xEB, 0xEF,
    0x88, 0x0C, 0x59, 0x7F, 0x4C, 0xD7, 0x55, 0xD5, 0x8D, 0xF7, 0xA6, 0xAF, 0x8E, 0xF7, 0xAD, 0x05,
    0xCB, 0xEE, 0x64, 0x25, 0xF6, 0x61, 0xA0, 0x96, 0x95, 0x54, 0xE2, 0xA0, 0x2B, 0xEA, 0xBB, 0x31,
    0x50, 0xEB, 0x4B, 0x5A, 0x3F, 0x76, 0xAE, 0xBB, 0x93, 0x55, 0x26, 0xBD, 0x95, 0xB1, 0xD0, 0x50,
    0xB7, 0x75, 0xBB, 0x68, 0xD8, 0xC4, 0x4E, 0x31, 0x23, 0x58, 0xEC, 0xA4, 0x19, 0xAD, 0xAA, 0xD6,
    0xAA, 0x19, 0x96, 0x62, 0xA7, 0x86, 0x22, 0x76, 0xDC, 0x61, 0xA9, 0x8A, 0x92, 0x1D, 0x72, 0xAA,
    0x36, 0xF4, 0x31, 0x98, 0x69, 0xB3, 0xD9, 0x0D, 0x7E, 0xDA, 0xFC, 0x95, 0x43, 0x4E, 0xD5, 0x16,
    0xFF, 0x72, 0xC6, 0x41, 0x6A, 0xD3, 0x3F, 0x7D, 0xCD, 0x20, 0x6A, 0xAB, 0x3F, 0xFA, 0x06, 0x36,
    0x5A, 0xFF, 0xBD, 0xA3, 0x48, 0xEC, 0x3C, 0xF0, 0x1C, 0xE9, 0x9F, 0x86, 0x6B, 0xC1, 0x53, 0xE0,
    0x0F, 0xF3, 0xCA, 0x59, 0x69, 0x48, 0xCF, 0xC6, 0x95, 0xB3, 0x82, 0x97, 0x5E, 0xC4, 0x4E, 0xD5,
    0xB2, 0xD3, 0xAF, 0xDC, 0x0F, 0x90, 0x19, 0xBC, 0xFB, 0x9E, 0x9D, 0x26, 0x76, 0xF4, 0x4E, 0xA9,
    0x9D, 0xBD, 0xF9, 0x24, 0xF5, 0xF5, 0x59, 0x46, 0x2C, 0x6A, 0xD9, 0x0A, 0xB6, 0x1D, 0xBA, 0x61,
    0x5A, 0x2C, 0x4D, 0x7A, 0x55, 0x6D, 0x53, 0xC3, 0x69, 0x56, 0xB1, 0xF8, 0x5F, 0x0B, 0x59, 0xDA,
    0x76, 0x5B, 0xDB, 0x5D, 0x04, 0xD6, 0xCD, 0xC6, 0x5B, 0x78, 0xC2, 0x06, 0x4D, 0x75, 0x93, 0xA1,
    0xBD, 0xD5, 0x4D, 0xEE, 0x2D, 0x24, 0x35, 0x85, 0xB7, 0xC5, 0x18, 0x36, 0x7D, 0xDF, 0xA6, 0x21,
    0x6C, 0x15, 0xB6, 0x0B, 0xEB, 0x5F, 0xB6, 0x35, 0xBC, 0x78, 0xD1, 0x72, 0x41, 0x3C, 0x9D, 0x8B,
    0xA7, 0xB0, 0xF2, 0xE7, 0xB1, 0xF8, 0x81, 0x6B, 0xEB, 0xAF, 0x63, 0xF1, 0x0C, 0x72, 0xBE, 0xEF,
    0x8B, 0xE7, 0x13, 0xE5, 0x76, 0xC5, 0x0B, 0x18, 0x89, 0xDE, 0xBC, 0xC7, 0x1E, 0x0A, 0xEF, 0xB0,
    0xFB, 0xC2, 0x1B, 0x2C, 0x0B, 0xFD, 0xB2, 0xDB, 0xB0, 0x53, 0xD8, 0x65, 0x3A, 0xFE, 0x06, 0xA4,
    0xB8, 0xE5, 0xC5, 0x43, 0x05, 0xA6, 0x2E, 0x31, 0x3D, 0xED, 0xF3, 0xEE, 0xA4, 0xB4, 0xAA, 0x63,
    0xA1, 0x84, 0xEB, 0x92, 0x8F, 0x12, 0xFA, 0x40, 0x51, 0x4E, 0x46, 0x09, 0x03, 0x62, 0x7B, 0x17,
    0xC8, 0x10, 0xCF, 0xE6, 0x70, 0x09, 0xB7, 0xDC, 0xE9, 0xB8, 0x9C, 0xC0, 0x7A, 0x60, 0xB8, 0x91,
    0xD7, 0xA2, 0x8D, 0x21, 0x8C, 0x82, 0x5B, 0x3D, 0x82, 0x55, 0xAF, 0x30, 0x1C, 0x79, 0xC3, 0x4B,
    0x9A, 0x30, 0x28, 0x05, 0x8F, 0x4B, 0x17, 0x6C, 0xD7, 0x28, 0x17, 0x0E, 0x13, 0x26, 0xD3, 0xCD,
    0xF0, 0x25, 0x3E, 0xC1, 0x7B, 0x7D, 0xE0, 0x94, 0x95, 0x2D, 0xD3, 0x32, 0x43, 0x9D, 0x4D, 0xCB,
    0xEE, 0x67, 0x3B, 0xD6, 0xBE, 0xA9, 0x0A, 0x43, 0xCE, 0xE5, 0xC0, 0xCC, 0x84, 0xA9, 0x7B, 0xA3,
    0x4A, 0x7D, 0x5F, 0x20, 0x78, 0x3E, 0x46, 0x74, 0x8C, 0xBE, 0x74, 0xE4, 0x33, 0xE1, 0xA6, 0x70,
    0xC2, 0xA4, 0x81, 0x94, 0x26, 0x2A, 0xB1, 0xCD, 0x54, 0xB7, 0x98, 0x99, 0x66, 0xA2, 0x19, 0x73,
    0x4C, 0x53, 0xCB, 0xF8, 0x61, 0x7A, 0x0C, 0x61, 0x54, 0xAF, 0x8A, 0xA4, 0x4F, 0xCD, 0x51, 0x33,
    0x78, 0xB5, 0xF8, 0xD7, 0xF8, 0x63, 0x9A, 0xC5, 0x80, 0x56, 0xFD, 0xDD, 0x6E, 0x6C, 0x59, 0x57,
    0x36, 0x5C, 0xDC, 0xE8, 0x59, 0x0C, 0x15, 0xD8, 0x55, 0x07, 0xB3, 0x0F, 0x1F, 0x7E, 0xA6, 0x3B,
    0xCD, 0x5D, 0xD2, 0xD6, 0xEE, 0x21, 0x2E, 0x6A, 0xA8, 0x89, 0x1C, 0xF2, 0x51, 0x73, 0xDF, 0x71,
    0xDD, 0x79, 0xE1, 0xD8, 0x99, 0x95, 0xC0, 0x0C, 0xB4, 0x3C, 0x70, 0x02, 0xB5, 0x1A, 0xD8, 0xD1,
    0x39, 0xE1, 0xE2, 0x18, 0xCD, 0xD2, 0xAC, 0x7C, 0x8F, 0x27, 0x1B, 0x4E, 0xEA, 0x1D, 0x4E, 0x27,
    0x8F, 0xDF, 0x61, 0x75, 0x52, 0xF7, 0x0E, 0xEE, 0x4E, 0xA0, 0xD6, 0x62, 0x5B, 0x4E, 0xFA, 0x8F,
    0xD7, 0xD7, 0x56, 0x10, 0x3C, 0x5C, 0x08, 0x9E, 0x08, 0x2E, 0xD4, 0x05, 0x18, 0x04, 0x8B, 0x0D,
    0xA6, 0x3E, 0x66, 0x5B, 0x2D, 0xD2, 0x9C, 0xA9, 0x14, 0xDE, 0x1B, 0x2F, 0x69, 0x13, 0x5A, 0x68,
    0xC5, 0xAF, 0x07, 0xF4, 0xF1, 0x94, 0xE4, 0xB5, 0x30, 0x88, 0x0E, 0xAB, 0x1B, 0xC7, 0x49, 0xFB,
    0x78, 0xBC, 0x55, 0xB5, 0xB9, 0xEF, 0x76, 0x74, 0x37, 0xEB, 0x73, 0x35, 0x50, 0xBB, 0xC6, 0xE0,
    0x43, 0x30, 0x9B, 0xC0, 0x62, 0xBE, 0x81, 0x13, 0x98, 0x69, 0x7A, 0xBC, 0x4B, 0x14, 0xFF, 0x9C,
    0x20, 0x33, 0x9E, 0xA7, 0x8B, 0x62, 0x7A, 0x30, 0x78, 0xDB, 0x14, 0xB3, 0x0A, 0x7E, 0xC5, 0x12,
    0xDD, 0xB0, 0x71, 0x8A, 0x98, 0x8B, 0xC1, 0x68, 0x59, 0x53, 0x8C, 0xB9, 0xEE, 0x2F, 0xBE, 0x24,
    0x75, 0xF9, 0x3A, 0xD5, 0xE2, 0x5A, 0x64, 0x8B, 0x6D, 0xD1, 0x2D, 0x4A, 0x45, 0xB8, 0x18, 0x17,
    0xE5, 0x24, 0x78, 0xEA, 0xD1, 0x98, 0x98, 0x15, 0xEF, 0xF2, 0x50, 0x71, 0xA2, 0x5E, 0x1E, 0x22,
    0x5F, 0xEC, 0x8B, 0x7E, 0xF1, 0x2F, 0x01, 0xA4, 0x80, 0x24, 0x10, 0xFB, 0x32, 0x4B, 0xCD, 0x31,
    0x67, 0x8C, 0x6B, 0xA7, 0x59, 0xCE, 0x21, 0x27, 0x8C, 0xD5, 0x64, 0xAA, 0xF8, 0x67, 0x97, 0xA7,
    0x6A, 0x2C, 0x72, 0x2C, 0x7A, 0x2C, 0x82, 0x48, 0x11, 0xA8, 0x57, 0x79, 0x12, 0x05, 0xF6, 0xC9,
    0xFC, 0xE6, 0x49, 0xA3, 0xE3, 0x9B, 0x27, 0x5B, 0x31, 0x23, 0x75, 0x4E, 0xD6, 0x0A, 0x2B, 0x50,
    0x0A, 0xE1, 0x7C, 0xBD, 0xD5, 0x97, 0x09, 0x4E, 0xD1, 0xAB, 0x26, 0x37, 0x6F, 0x14, 0xE0, 0x64,
    0x6A, 0xCA, 0x4E, 0x3F, 0xAE, 0xDE, 0xFE, 0x89, 0x75, 0x30, 0xF0, 0x74, 0x16, 0xBC, 0x7D, 0x2E,
    0x3C, 0x9D, 0x05, 0x85, 0x6F, 0x08, 0x78, 0x1A, 0x4A, 0xF3, 0xC9, 0x95, 0x13, 0xAA, 0x16, 0xCB,
    0x0D, 0x18, 0x1D, 0xE8, 0xA4, 0xFD, 0x1B, 0xE4, 0x5A, 0x21, 0xAC, 0xE5, 0xD6, 0xD1, 0x1E, 0xDF,
    0xFB, 0xBF, 0xBD, 0x52, 0x0C, 0x8C, 0x96, 0x24, 0xD2, 0x6F, 0x1E, 0x62, 0x8E, 0x8E, 0xDB, 0x80,
    0xD2, 0x80, 0xBD, 0xA1, 0x25, 0x41, 0x21, 0xCB, 0x91, 0xCD, 0xD1, 0x23, 0x6D, 0x61, 0x03, 0x02,
    0xD2, 0x17, 0xB0, 0xB8, 0x24, 0x76, 0x70, 0xC8, 0x95, 0x0A, 0x0B, 0xEA, 0x28, 0x59, 0xB5, 0x6A,
    0x41, 0x0C, 0x2C, 0xD5, 0xBB, 0x3D, 0xF6, 0xD7, 0x37, 0xDF, 0xA7, 0xD1, 0x7D, 0x79, 0x6A, 0xDA,
    0x92, 0x4A, 0xDB, 0xED, 0xD1, 0xBD, 0x67, 0xC6, 0x2F, 0xD7, 0xF6, 0xCC, 0xF7, 0x9D, 0x33, 0x67,
    0x66, 0x36, 0xC6, 0xF1, 0xEE, 0x67, 0x92, 0x69, 0x35, 0x7B, 0x0F, 0xAB, 0x75, 0x8B, 0x15, 0x00,
    0xDA, 0x61, 0xB6, 0x12, 0xC0, 0x37, 0xB8, 0x58, 0x03, 0xE0, 0x6F, 0xE8, 0x6D, 0xC0, 0x17, 0xC0,
    0x6E, 0x05, 0x56, 0x4B, 0x58, 0xEC, 0x88, 0xC9, 0x6A, 0xB4, 0x56, 0x62, 0xB4, 0x0A, 0xC6, 0x6F,
    0x09, 0xB3, 0x7A, 0x97, 0x4C, 0xD9, 0xEC, 0x44, 0xA9, 0xEB, 0x6E, 0x35, 0xC9, 0x45, 0xBF, 0x1D,
    0xE6, 0x07, 0x72, 0x97, 0x6C, 0x36, 0xC9, 0x94, 0x29, 0x79, 0xCF, 0xB0, 0x98, 0x81, 0x3A, 0x5F,
    0x69, 0x69, 0xB3, 0x0A, 0xA3, 0x59, 0x83, 0x97, 0x03, 0x5A, 0x7F, 0x86, 0x5B, 0xE5, 0xEF, 0x02,
    0x16, 0x33, 0x9A, 0x3F, 0xBA, 0x4B, 0x35, 0x5E, 0x19, 0xC7, 0x59, 0xC2, 0xC7, 0xFB, 0x9F, 0x52,
    0x74, 0x33, 0x85, 0xBF, 0xE2, 0xF9, 0x77, 0x86, 0x8B, 0xFB, 0xFA, 0x53, 0x8C, 0x96, 0x80, 0xDF,
    0xA3, 0x35, 0x00, 0xD8, 0xEC, 0x88, 0xD7, 0x80, 0xC3, 0x30, 0xA6, 0xBD, 0x75, 0x53, 0x9B, 0x4C,
    0xEF, 0xEA, 0xCD, 0x5C, 0x75, 0x91, 0xEE, 0x45, 0x26, 0x78, 0x14, 0x8B, 0xFF, 0xDD, 0x1D, 0x4C,
    0x2E, 0x66, 0x82, 0xDA, 0x2D, 0xF2, 0x68, 0x2D, 0xE0, 0x62, 0x2B, 0x71, 0x71, 0xD3, 0x80, 0x9E,
    0xA6, 0xBB, 0xE5, 0x47, 0x60, 0xA5, 0x55, 0xE8, 0x5D, 0x14, 0x1F, 0x5E, 0xED, 0x3D, 0xDC, 0x51,
    0xB8, 0x77, 0xAD, 0x75, 0xD3, 0xBD, 0x70, 0x08, 0x69, 0x95, 0x63, 0x86, 0xC9, 0x2A, 0x34, 0xD9,
    0x0A, 0x5C, 0xFC, 0x61, 0xF3, 0xBD, 0x32, 0xFA, 0xC3, 0x2F, 0x76, 0xA0, 0xB2, 0xFB, 0xC3, 0x7B,
    0x6B, 0x30, 0xB9, 0xD2, 0xBA, 0x41, 0x7C, 0x94, 0x9B, 0x1A, 0x6C, 0x50, 0x11, 0x16, 0xE4, 0x41,
    0xCA, 0xC6, 0x87, 0x9B, 0xFB, 0xE5, 0xF8, 0xB8, 0xC7, 0x7C, 0x38, 0x7D, 0x3E, 0x48, 0x71, 0x42,
    0xA8, 0x2C, 0xFE, 0x16, 0xC2, 0xCA, 0x87, 0x53, 0x29, 0x41, 0x97, 0x16, 0x47, 0x4C, 0x77, 0xA5,
    0x4C, 0x05, 0xBF, 0xA4, 0xB7, 0x5C, 0x56, 0xA4, 0xA1, 0x0A, 0xC2, 0x8E, 0x82, 0x83, 0x48, 0x4C,
    0x52, 0x8A, 0x67, 0x92, 0x1A, 0x77, 0xB7, 0x14, 0xEE, 0xAD, 0x0F, 0x37, 0xE3, 0xDC, 0x16, 0xE7,
    0x0F, 0xD0, 0x17, 0x18, 0x0F, 0xF8, 0x1A, 0xFE, 0xA7, 0xA3, 0xB8, 0xEB, 0x8F, 0xE0, 0x22, 0x6D,
    0x4F, 0x40, 0xEF, 0x66, 0x95, 0x58, 0xDD, 0x77, 0xFA, 0x68, 0xA5, 0xA4, 0x4F, 0xEE, 0xAA, 0x4F,
    0xEE, 0xA9, 0x4F, 0x4E, 0xA1, 0x4F, 0x69, 0xA5, 0x24, 0x42, 0x7E, 0x31, 0x50, 0x92, 0x46, 0x97,
    0x47, 0xC9, 0xAD, 0xC6, 0xE4, 0x12, 0x18, 0x2E, 0x5C, 0x73, 0x7B, 0x37, 0xD2, 0xA7, 0x4C, 0x79,
    0xC0, 0x44, 0x69, 0x4F, 0x2D, 0x86, 0xD6, 0x61, 0x5F, 0x90, 0x59, 0x8E, 0x7A, 0x2E, 0x37, 0x8B,
    0x51, 0xE6, 0x34, 0x4B, 0x13, 0x22, 0xA3, 0x34, 0x2D, 0x6C, 0x4A, 0x0D, 0xC4, 0x2D, 0x7C, 0x7A,
    0x2C, 0x19, 0x0D, 0x92, 0xBC, 0xDF, 0xBA, 0x9B, 0x40, 0xA6, 0xD8, 0x85, 0x73, 0x96, 0x18, 0x1F,
    0x5E, 0xCC, 0x5C, 0x8E, 0xAB, 0x51, 0xE4, 0xE0, 0xA5, 0xCE, 0x05, 0x36, 0x3E, 0xE8, 0x22, 0x38,
    0x08, 0x17, 0x7A, 0x52, 0x59, 0x81, 0x3E, 0x13, 0x08, 0x5D, 0x0C, 0x99, 0x6C, 0x93, 0xF6, 0x02,
    0x0B, 0x37, 0x17, 0x2F, 0x8E, 0x24, 0x0B, 0xBC, 0xD0, 0xFD, 0x86, 0x89, 0x17, 0x0D, 0x8C, 0x17,
    0x7C, 0x40, 0x97, 0x45, 0x2C, 0x2F, 0xB0, 0x88, 0x5D, 0xA7, 0x87, 0x7B, 0x9E, 0x0B, 0xAD, 0xD9,
    0x18, 0x6B, 0xB4, 0xA4, 0x53, 0xD6, 0xFD, 0x5C, 0xD6, 0xC3, 0x6A, 0xDD, 0x26, 0xAF, 0xF9, 0x72,
    0xBF, 0x9F, 0x1C, 0x9F, 0x30, 0xE9, 0x7E, 0x7F, 0xEC, 0x73, 0x8C, 0x7E, 0x3F, 0x2F, 0x5E, 0x00,
    0x56, 0xE3, 0xCF, 0x77, 0x9F, 0x87, 0xD7, 0x89, 0x33, 0x9D, 0x9F, 0x1E, 0x5E, 0xB4, 0xD6, 0x09,
    0x9C, 0x04, 0xDC, 0x9A, 0x0D, 0x0C, 0x32, 0x31, 0xDE, 0xF9, 0xEC, 0x9E, 0xC8, 0xA0, 0x6A, 0x2B,
    0xD0, 0x12, 0x76, 0x37, 0xBD, 0xDC, 0x02, 0x75, 0xE3, 0x0D, 0x02, 0xDD, 0x3A, 0x5C, 0x02, 0x73,
    0x4B, 0x68, 0xE3, 0xE5, 0x76, 0xF3, 0xCC, 0x02, 0x71, 0x0D, 0x01, 0x7E, 0x73, 0x3E, 0x3F, 0x0B,
    0xBC, 0x1B, 0x20, 0x07, 0xDC, 0x89, 0x3A, 0xD1, 0x76, 0x7D, 0x0D, 0xB0, 0x3B, 0xBE, 0x0B, 0xAE,
    0x73, 0xE9, 0x05, 0xD4, 0x56, 0xA2, 0x0F, 0xA4, 0xAD, 0xC6, 0x15, 0xE8, 0x94, 0x03, 0x67, 0xDE,
    0x16, 0x30, 0x93, 0x33, 0xA1, 0xAC, 0x5B, 0x05, 0xB2, 0xB6, 0xB2, 0x30, 0x16, 0x61, 0x82, 0xD8,
    0x6F, 0x0D, 0x84, 0x45, 0xB7, 0x00, 0x2E, 0xF1, 0x8B, 0x73, 0xB8, 0xE8, 0xF3, 0x15, 0xDE, 0xD0,
    0x5B, 0xD7, 0x77, 0x81, 0xCB, 0x79, 0x8B, 0x30, 0xFD, 0xCE, 0xA7, 0xF6, 0x49, 0xAF, 0x50, 0x7D,
    0xCA, 0x07, 0xB4, 0x0A, 0xD7, 0x07, 0x54, 0xFE, 0x5A, 0xFA, 0x02, 0xCC, 0x52, 0x2F, 0xD6, 0x39,
    0xB6, 0xF4, 0x8A, 0xA8, 0x52, 0x1D, 0x05, 0xAA, 0xFC, 0xE3, 0x28, 0xBE, 0xFC, 0x00, 0xFD, 0x53,
    0x42, 0x5A, 0xE1, 0x5B, 0xB4, 0x49, 0x88, 0xE2, 0xAF, 0x01, 0x28, 0x00, 0xE1, 0xC9, 0xD0, 0x4F,
    0x38, 0x3D, 0xA0, 0x8D, 0xC9, 0xC3, 0x28, 0x11, 0x6B, 0x9B, 0x8D, 0x60, 0x3A, 0x60, 0x35, 0x4F,
    0x03, 0xA7, 0xCA, 0x55, 0xC7, 0x83, 0x8B, 0x72, 0x15, 0x92, 0x69, 0x75, 0x95, 0x68, 0xA4, 0xC5,
    0x3F, 0x25, 0x5A, 0x1D, 0x0D, 0xB3, 0x35, 0xBB, 0xC5, 0xB9, 0xD0, 0x65, 0xA9, 0x01, 0x62, 0xB7,
    0x1E, 0x70, 0x71, 0x16, 0x74, 0x54, 0x8C, 0x95, 0x43, 0x48, 0xC0, 0x46, 0xC7, 0x4B, 0x68, 0x8E,
    0x02, 0xB0, 0x44, 0x1E, 0x7A, 0xC7, 0x8F, 0x5C, 0xA3, 0xED, 0x04, 0x5F, 0x44, 0x1A, 0x51, 0xA5,
    0xA9, 0x84, 0x08, 0x8A, 0xA0, 0x17, 0xCA, 0x66, 0x3C, 0xC6, 0x38, 0xD5, 0x8A, 0x7B, 0xFA, 0x5A,
    0xD2, 0x62, 0xD3, 0x94, 0x16, 0x5A, 0xE9, 0x5F, 0x32, 0xC2, 0xF5, 0xA6, 0x09, 0xAE, 0x60, 0x26,
    0x23, 0x9A, 0x70, 0x21, 0x13, 0xA4, 0x80, 0xE0, 0x93, 0x00, 0xF7, 0xE9, 0x28, 0xA5, 0xF7, 0xAF,
    0x2B, 0x2D, 0xBF, 0x3C, 0x32, 0x68, 0x69, 0xF9, 0x8F, 0x2D, 0xC5, 0xDD, 0x5D, 0x4F, 0x03, 0x01,
    0xF4, 0x75, 0xEC, 0xCB, 0x46, 0x0A, 0x64, 0x29, 0x95, 0xD5, 0x34, 0x86, 0x85, 0x82, 0x76, 0x09,
    0x07, 0x1A, 0xC7, 0x27, 0x8C, 0xA1, 0xF4, 0xA1, 0x50, 0x5A, 0x83, 0x55, 0x4A, 0xB9, 0xB7, 0xD7,
    0x88, 0x7B, 0x2B, 0x59, 0x65, 0x19, 0x58, 0xEF, 0xB2, 0xAF, 0xD9, 0x64, 0x5E, 0x9D, 0x25, 0xCB,
    0x59, 0x30, 0xF2, 0x4F, 0x14, 0x02, 0xF1, 0xFC, 0xA1, 0x1B, 0x45, 0xA0, 0xD2, 0x22, 0x78, 0x3A,
    0xCA, 0x0B, 0xB1, 0x73, 0x94, 0x30, 0x0B, 0x24, 0x9E, 0xD0, 0x2E, 0xB5, 0xF3, 0x0A, 0x41, 0xD5,
    0x12, 0xBB, 0x13, 0x04, 0x5D, 0x09, 0x21, 0x57, 0xB9, 0x6C, 0x89, 0xCE, 0x09, 0xA2, 0xB1, 0x44,
    0x98, 0xA3, 0x77, 0x13, 0xB4, 0xB4, 0x12, 0x33, 0x97, 0x84, 0xAC, 0x5B, 0x28, 0x69, 0x0E, 0x24,
    0x39, 0x84, 0x8E, 0x98, 0xD3, 0xDE, 0xA1, 0x3C, 0x4A, 0x3E, 0x79, 0x81, 0x5E, 0x20, 0xC2, 0x24,
    0x37, 0x49, 0x06, 0x42, 0x5A, 0xCB, 0x44, 0xC5, 0xD1, 0x3A, 0xC1, 0xB1, 0x2A, 0x21, 0x84, 0x18,
    0xB9, 0x36, 0x6D, 0x10, 0x2B, 0x27, 0x61, 0x62, 0x49, 0xF3, 0x4A, 0x74, 0x16, 0x62, 0x32, 0x0B,
    0x11, 0xE1, 0x21, 0x34, 0xEE, 0xE7, 0xFB, 0x4B, 0x21, 0x21, 0x1C, 0x88, 0x42, 0x4F, 0x0C, 0xDA,
    0x0A, 0xBE, 0x6A, 0x2A, 0xD2, 0x51, 0x79, 0x3E, 0x28, 0xDF, 0xE9, 0xF9, 0xA6, 0x74, 0xCC, 0x67,
    0x9D, 0xDE, 0x29, 0xD3, 0xE3, 0xD5, 0x67, 0x6D, 0x35, 0xF9, 0x2A, 0x02, 0x08, 0x3F, 0xDD, 0x19,
    0xE9, 0x6B, 0xEB, 0x38, 0x6B, 0x35, 0x6E, 0x9C, 0x17, 0xFE, 0xC7, 0x5E, 0x3F, 0xB1, 0x42, 0x9C,
    0x94, 0x98, 0xDC, 0x0E, 0x87, 0xA8, 0xC2, 0x6C, 0x47, 0x31, 0x23, 0x95, 0x0B, 0xBA, 0xC6, 0x62,
    0x27, 0x2D, 0x97, 0x06, 0xD9, 0xCA, 0x2D, 0x54, 0xDA, 0xCB, 0x90, 0x77, 0x2F, 0xB3, 0xD4, 0x3F,
    0xD2, 0x7E, 0x5F, 0x42, 0xDD, 0xB7, 0xB0, 0x86, 0x86, 0xDB, 0xF0, 0x3B, 0xB4, 0x0D, 0xAD, 0x37,
    0x7C, 0x85, 0x31, 0xD1, 0x05, 0xC3, 0x28, 0x75, 0xA1, 0x7A, 0xE9, 0x66, 0x47, 0xAF, 0x40, 0x3F,
    0xCC, 0xC3, 0xE4, 0x0E, 0x1E, 0xD0, 0xA6, 0x79, 0x70, 0x1C, 0xDD, 0xBE, 0xB4, 0x68, 0x69, 0x1D,
    0xFD, 0xA9, 0x44, 0xD4, 0x29, 0xAA, 0x37, 0xCF, 0x96, 0x46, 0xB7, 0xAF, 0xDA, 0xD1, 0xBB, 0x4A,
    0xFB, 0xD0, 0xD2, 0x89, 0x4C, 0xAA, 0xA5, 0xDE, 0x0B, 0xC8, 0x1F, 0xCF, 0xFA, 0xE8, 0x8F, 0xDB,
    0x57, 0xB8, 0xF1, 0xAE, 0xBA, 0x19, 0xF2, 0x27, 0x79, 0x54, 0x90, 0x13, 0x1A, 0xA2, 0x5B, 0x23,
    0x49, 0x25, 0xE4, 0x2B, 0x25, 0x51, 0x9E, 0xAF, 0xEA, 0x74, 0x55, 0x7B, 0x69, 0x22, 0x40, 0xE3,
    0x09, 0x6E, 0xA5, 0x68, 0x7C, 0x1C, 0x8A, 0x3B, 0x16, 0xB4, 0x94, 0x68, 0x45, 0x8B, 0x54, 0x71,
    0xE1, 0x06, 0x87, 0x7A, 0xC8, 0x16, 0xB4, 0xF8, 0x10, 0x2D, 0x52, 0x45, 0xCB, 0xD3, 0x67, 0x41,
    0x0B, 0x0D, 0x16, 0x2D, 0x44, 0x5D, 0xB4, 0x10, 0x75, 0xD1, 0xE2, 0xA8, 0x07, 0x2D, 0xC3, 0x1C,
    0xB4, 0x38, 0xD4, 0xA2, 0xC5, 0xD5, 0xA0, 0xA5, 0xC0, 0x25, 0x68, 0x39, 0x60, 0x0C, 0x5A, 0xA8,
    0x8A, 0x16, 0x87, 0x9A, 0xB4, 0xB8, 0xDA, 0x06, 0x2D, 0x27, 0xB4, 0x41, 0x0B, 0x9D, 0x20, 0x2D,
    0x44, 0x5D, 0xB4, 0x10, 0x75, 0xD1, 0xE2, 0xC6, 0x07, 0x2D, 0x75, 0x0E, 0x5A, 0x9C, 0x80, 0xA0,
    0xE5, 0x4A, 0xC0, 0x35, 0x4C, 0x2A, 0x9C, 0x6B, 0xB8, 0x13, 0x31, 0x10, 0x6A, 0xF1, 0x05, 0x2E,
    0xA1, 0x02, 0xE3, 0x55, 0x6D, 0x43, 0x15, 0x43, 0x54, 0xC5, 0xA0, 0xC6, 0x4D, 0x4B, 0x41, 0x43,
    0x1E, 0xBD, 0xB4, 0x0B, 0xC5, 0xB1, 0xE4, 0xA8, 0xF9, 0x8E, 0x47, 0xE3, 0x69, 0xDB, 0x4C, 0x66,
    0xE7, 0xD6, 0xD2, 0x57, 0x50, 0xE1, 0xD1, 0x7D, 0x0D, 0x70, 0xAB, 0x0E, 0x7F, 0x80, 0x16, 0x2A,
    0xF0, 0x02, 0x3D, 0x95, 0x7C, 0x14, 0x5C, 0x58, 0x18, 0x21, 0xDC, 0x18, 0x29, 0x07, 0x22, 0xCA,
    0x2C, 0x92, 0x0A, 0x0B, 0x03, 0x87, 0xDA, 0xC1, 0x64, 0x9C, 0xCA, 0x3E, 0x33, 0x54, 0x51, 0x61,
    0xF0, 0xA8, 0x58, 0xE3, 0xA5, 0x45, 0x55, 0x81, 0x53, 0xCD, 0xB2, 0xC0, 0x31, 0x52, 0x5D, 0x80,
    0xD9, 0x67, 0x06, 0x2F, 0x57, 0x3A, 0x46, 0xAE, 0xB4, 0x30, 0x84, 0x09, 0x26, 0x5A, 0x1A, 0xE1,
    0xF1, 0x5A, 0xC1, 0x71, 0x54, 0x90, 0x7C, 0x67, 0x40, 0xFC, 0x61, 0x0B, 0x65, 0x0D, 0x65, 0xFA,
    0xE1, 0x69, 0xF4, 0x49, 0x7B, 0xF8, 0x8D, 0x83, 0x76, 0xA9, 0x57, 0x87, 0x6C, 0x19, 0x98, 0x65,
    0x89, 0x89, 0xA3, 0x6E, 0x3F, 0xF0, 0x66, 0x1E, 0x3A, 0x31, 0x94, 0xBD, 0x5F, 0x9F, 0x57, 0x8B,
    0xDA, 0x24, 0xD1, 0x49, 0xE0, 0x7B, 0x17, 0x07, 0xFC, 0xDA, 0xC5, 0x11, 0xF5, 0xC2, 0xD7, 0x52,
    0x54, 0x99, 0xAF, 0x6B, 0xD6, 0xCA, 0x45, 0x9A, 0x29, 0x86, 0x89, 0x39, 0x18, 0x46, 0x17, 0x07,
    0xF4, 0x2E, 0x1C, 0x5B, 0xD5, 0x19, 0xE0, 0x26, 0x83, 0x9B, 0x94, 0x24, 0x3A, 0xD5, 0xE7, 0x78,
    0x7D, 0xF7, 0x62, 0x67, 0xC4, 0x2D, 0x49, 0x87, 0x13, 0xA0, 0x93, 0x9F, 0x80, 0x70, 0xFD, 0x73,
    0x3F, 0xA7, 0x4C, 0x61, 0x4F, 0x98, 0x5C, 0x2B, 0xAD, 0x56, 0x42, 0xAD, 0x54, 0x5A, 0x49, 0xB4,
    0x12, 0xBD, 0xC8, 0xF1, 0x94, 0xDE, 0xB5, 0xE7, 0xD6, 0x3D, 0x65, 0x56, 0xF9, 0x9A, 0x65, 0x3C,
    0xE3, 0xD8, 0x0E, 0x38, 0x0E, 0x69, 0x67, 0x02, 0x17, 0xA7, 0x45, 0x43, 0x6E, 0x13, 0x89, 0x55,
    0xB2, 0x26, 0x4A, 0x3B, 0xDF, 0xDB, 0x3E, 0x0F, 0x3E, 0xFB, 0xB2, 0xEE, 0xD6, 0xA3, 0xD3, 0xBB,
    0xD5, 0x3E, 0x03, 0x2A, 0xAC, 0x19, 0xF8, 0x57, 0xF4, 0x4A, 0xBD, 0x22, 0xEB, 0x7A, 0xF2, 0xB9,
    0xBD, 0x7F, 0x6B, 0xC7, 0xDD, 0x9C, 0x74, 0xFC, 0x6C, 0x77, 0xB8, 0xBE, 0x27, 0x76, 0x24, 0xA0,
    0x41, 0xEF, 0x36, 0x9F, 0x1F, 0xD0, 0x83, 0x25, 0x22, 0x61, 0x15, 0xF3, 0x25, 0x36, 0x16, 0x83,
    0x4C, 0x6C, 0x4D, 0x4C, 0x9A, 0x1F, 0x1D, 0x5B, 0x9C, 0xB9, 0xC8, 0xC8, 0x02, 0x9F, 0xA9, 0xE0,
    0x29, 0xDE, 0x39, 0xEF, 0x9C, 0xB7, 0x6B, 0x7E, 0xF2, 0xF0, 0x24, 0xEE, 0x7C, 0x56, 0xD8, 0x6D,
    0xF8, 0xF2, 0x04, 0x8C, 0x31, 0x33, 0x0D, 0x2F, 0xB3, 0x9F, 0x6F, 0x7B, 0xED, 0x1B, 0x91, 0xC1,
    0x4E, 0xA5, 0x8C, 0x6F, 0xD3, 0x80, 0x5F, 0x5A, 0x8A, 0xF4, 0x50, 0x36, 0x83, 0xD3, 0x24, 0x83,
    0xAF, 0xF9, 0x20, 0xAD, 0xE5, 0xC4, 0x05, 0x70, 0x4D, 0xF9, 0x22, 0x29, 0x0D, 0x33, 0x23, 0x11,
    0x8D, 0x4C, 0x74, 0xB9, 0x96, 0xCE, 0x2C, 0x9A, 0xF3, 0xB5, 0x5C, 0x3E, 0x02, 0x42, 0x03, 0xE6,
    0x03, 0xF9, 0x71, 0x59, 0xCC, 0xEE, 0x16, 0xB1, 0x83, 0xDE, 0xC9, 0x23, 0xA7, 0x01, 0x09, 0x18,
    0xF0, 0x17, 0x46, 0x19, 0x96, 0x91, 0xEA, 0x6B, 0x29, 0xCB, 0x47, 0x74, 0xB5, 0xD4, 0xD4, 0xA2,
    0x31, 0x57, 0xD1, 0xAD, 0x14, 0x03, 0xEB, 0x3B, 0xBA, 0x2C, 0xE1, 0xBF, 0x06, 0xBB, 0x59, 0x14,
    0x29, 0x47, 0x2F, 0xCB, 0x7F, 0xA9, 0xD2, 0xC9, 0xBB, 0x07, 0x5C, 0x90, 0x63, 0xF4, 0xB1, 0xD8,
    0xC6, 0xE2, 0x8A, 0xA0, 0x9D, 0x00, 0xD4, 0x4F, 0xD8, 0xAE, 0x2D, 0x2C, 0xB1, 0x61, 0x65, 0x3E,
    0x78, 0x5D, 0xBD, 0xFB, 0x8E, 0x13, 0x21, 0x36, 0xA8, 0x62, 0x40, 0x30, 0xA1, 0xC1, 0xE6, 0x16,
    0x7D, 0x6D, 0xC9, 0xE7, 0x85, 0x8F, 0x9D, 0x59, 0xDD, 0xAC, 0xEC, 0x6B, 0xA9, 0xB2, 0xCC, 0xEC,
    0x6A, 0x65, 0x2A, 0x9B, 0x7A, 0x5A, 0x91, 0x43, 0x2D, 0xD7, 0x1C, 0x4A, 0xFD, 0x2C, 0x6D, 0x0C,
    0xB5, 0x41, 0xD4, 0xCC, 0x62, 0x8A, 0xA9, 0x56, 0x56, 0x74, 0xB2, 0x3A, 0xF4, 0xEC, 0x63, 0x45,
    0xE8, 0xFA, 0x5C, 0xA1, 0x6B, 0x71, 0x4E, 0xE7, 0x6B, 0xE8, 0x52, 0x2E, 0x49, 0xF6, 0x16, 0x79,
    0xD9, 0x52, 0xC4, 0x81, 0x74, 0x8A, 0x56, 0x57, 0xD4, 0xAE, 0x2C, 0x5B, 0x77, 0xF5, 0xB6, 0x36,
    0x8A, 0xC6, 0xA1, 0xA4, 0x60, 0xB9, 0xBA, 0x46, 0x73, 0x4B, 0xAD, 0xAD, 0xE8, 0x2F, 0xAA, 0xBC,
    0x8D, 0xA6, 0x56, 0xED, 0xE2, 0x12, 0x0D, 0x2D, 0xB5, 0xB3, 0xA2, 0x99, 0xD5, 0xB1, 0x95, 0xE5,
    0xC2, 0x1F, 0xC4, 0x27, 0x44, 0x13, 0xCB, 0x69, 0x4B, 0x9B, 0x1A, 0x58, 0xAC, 0x3D, 0x62, 0xBF,
    0x2A, 0x65, 0x07, 0x14, 0x53, 0x97, 0x07, 0x6D, 0xAB, 0x77, 0x6F, 0xED, 0xCE, 0xAC, 0x5A, 0x4E,
    0x9B, 0xD9, 0x29, 0xFB, 0x61, 0x78, 0x14, 0xAD, 0xF2, 0x7E, 0xD8, 0x7F, 0xC8, 0x57, 0x71, 0xF6,
    0xD8, 0xA0, 0x83, 0x89, 0xA7, 0x12, 0x3F, 0x9B, 0x7F, 0x94, 0x1E, 0x36, 0x41, 0x4D, 0xC3, 0x99,
    0x01, 0xCB, 0x3F, 0xCA, 0x02, 0x07, 0x7E, 0x30, 0x45, 0x26, 0x3D, 0x1D, 0x38, 0x9F, 0x98, 0x02,
    0x56, 0x3E, 0x2F, 0x4E, 0xCC, 0x80, 0xDD, 0x5D, 0xC3, 0x2B, 0xB8, 0x2F, 0xDF, 0x70, 0x7D, 0xFF,
    0xC4, 0x8D, 0x7F, 0x16, 0x56, 0xF0, 0x04, 0x29, 0x41, 0x57, 0x14, 0x95, 0x42, 0x84, 0xA1, 0xF6,
    0x7F, 0x2E, 0xAA, 0xB9, 0x1B, 0x49, 0xA9, 0x56, 0x9F, 0x44, 0x7D, 0x19, 0x82, 0xC5, 0xFF, 0x0E,
    0x2E, 0xD7, 0x7F, 0x8F, 0x4B, 0x8D, 0x02, 0x2A, 0xB7, 0xB1, 0xF1, 0x77, 0x99, 0x70, 0xC5, 0x0F,
    0xEC, 0xB0, 0x96, 0x93, 0xD9, 0x69, 0x6B, 0x66, 0x0F, 0x4C, 0xD7, 0xB9, 0xB8, 0x7D, 0xD2, 0xBE,
    0x49, 0x1C, 0x5F, 0x43, 0x23, 0x59, 0x25, 0x68, 0x4A, 0xA6, 0x49, 0xEB, 0x4A, 0xD1, 0x5C, 0x82,
    0x6A, 0xB2, 0x9A, 0x7A, 0xE7, 0x78, 0x1A, 0x46, 0x0A, 0xF8, 0x55, 0x33, 0x76, 0xF6, 0xB6, 0x52,
    0x4D, 0x04, 0xF6, 0x6B, 0xEA, 0xAA, 0x23, 0x57, 0x41, 0x2B, 0x33, 0xC7, 0x75, 0x00, 0x8F, 0x4B,
    0x79, 0x31, 0x2B, 0xD7, 0x7A, 0x76, 0xD8, 0x48, 0xF8, 0x52, 0x4F, 0x6F, 0x20, 0xE1, 0x37, 0x2D,
    0xB5, 0x6A, 0xA6, 0xF1, 0xC7, 0xDC, 0x28, 0x8F, 0x40, 0x4F, 0xCE, 0xB6, 0x07, 0x19, 0xF9, 0x75,
    0x6F, 0xF7, 0xFF, 0x63, 0x7B, 0xFB, 0xB8, 0x9A, 0xBB, 0xB7, 0x9F, 0x1C, 0x8E, 0x8E, 0x59, 0x71,
    0x03, 0x35, 0xF3, 0xED, 0xD1, 0x0E, 0xD7, 0xDE, 0xCE, 0xE9, 0xCD, 0xDD, 0xE1, 0x37, 0x92, 0x27,
    0xC8, 0x35, 0x09, 0x43, 0x4F, 0x91, 0x46, 0x8A, 0x6A, 0xFA, 0xD1, 0x1D, 0x4E, 0xC1, 0x1D, 0xFE,
    0x56, 0x07, 0x73, 0xE2, 0xA0, 0x39, 0xA9, 0x42, 0x9A, 0x89, 0xDA, 0xEA, 0x33, 0xA1, 0x3C, 0x2C,
    0x4E, 0x78, 0x99, 0xB9, 0xC3, 0xF3, 0x9B, 0xBB, 0xC3, 0x8B, 0xE1, 0x3B, 0x77, 0x12, 0xAD, 0xD1,
    0x6F, 0x62, 0xB0, 0x7F, 0x84, 0xD5, 0x7A, 0x4B, 0x91, 0x4B, 0x33, 0xAB, 0xBE, 0x79, 0xEE, 0x95,
    0x2E, 0xB2, 0x01, 0xC8, 0x27, 0x9F, 0x2A, 0xBC, 0xEC, 0xD6, 0x66, 0xB3, 0x6E, 0x61, 0x69, 0x9B,
    0xDC, 0x8C, 0xB4, 0xB0, 0xEF, 0x3D, 0xC0, 0x6A, 0x60, 0x53, 0x85, 0xC2, 0xC2, 0x5F, 0x71, 0xEF,
    0x71, 0x96, 0x50, 0xFE, 0xD3, 0x2C, 0x21, 0x29, 0x4B, 0x18, 0x24, 0x14, 0x49, 0xA6, 0x58, 0x58,
    0x6F, 0x47, 0xB1, 0xAA, 0x21, 0x02, 0x6C, 0xE0, 0x92, 0x03, 0xE7, 0xF3, 0xF9, 0x5A, 0xED, 0x7D,
    0x79, 0x58, 0xDD, 0x88, 0x92, 0xF7, 0xD0, 0xA0, 0xBD, 0x74, 0x23, 0x3F, 0x2E, 0x6E, 0xFF, 0x45,
    0x11, 0x7B, 0xF8, 0x0F, 0x16, 0xB1, 0xF9, 0x71, 0x11, 0x2B, 0x72, 0x83, 0x4E, 0x8A, 0x89, 0x7C,
    0x90, 0x9E, 0x47, 0x23, 0xF5, 0x14, 0xDD, 0x48, 0x31, 0x48, 0x88, 0x5B, 0xD2, 0xFF, 0x16, 0x91,
    0x3B, 0x90, 0x5C, 0xFC, 0x08, 0xB9, 0xC5, 0xEA, 0xF3, 0x71, 0x7B, 0x30, 0xAB, 0x08, 0x75, 0x24,
    0xDF, 0x24, 0x72, 0xEF, 0xB5, 0xB3, 0x0A, 0x2D, 0x02, 0xD3, 0x87, 0x86, 0x36, 0xD6, 0x30, 0xAE,
    0xBF, 0x93, 0x12, 0x43, 0x80, 0x8A, 0xC1, 0x84, 0xD0, 0x5C, 0x51, 0x3B, 0x9D, 0x9A, 0xFA, 0x11,
    0xA1, 0x95, 0xA8, 0x36, 0xD3, 0xAD, 0x5B, 0x9D, 0xA5, 0xA5, 0xDC, 0xE4, 0x38, 0x4B, 0xA2, 0x31,
    0x88, 0x49, 0x9A, 0x13, 0xD2, 0x2D, 0xD1, 0x30, 0x1B, 0xC8, 0x22, 0xCB, 0x6A, 0x60, 0x55, 0x18,
    0x03, 0xD4, 0x05, 0x5A, 0x5D, 0x53, 0x9B, 0xA1, 0xC0, 0x4B, 0x5F, 0xB0, 0x07, 0xBD, 0x94, 0xB7,
    0x86, 0x56, 0x01, 0xF4, 0x51, 0xE7, 0x82, 0x7C, 0x4C, 0xFB, 0xDD, 0x0B, 0xF9, 0xA8, 0x43, 0x4C,
    0xED, 0x4B, 0xFD, 0x9B, 0x09, 0x17, 0x44, 0xC5, 0xBB, 0x4B, 0xB4, 0x2A, 0x6E, 0x79, 0xC8, 0xB8,
    0xD6, 0x72, 0x49, 0x34, 0xD4, 0x02, 0x1F, 0x41, 0xF1, 0x10, 0x39, 0x0F, 0xD5, 0xC2, 0x8F, 0x95,
    0xC1, 0x43, 0xF6, 0xDF, 0x7B, 0xC5, 0x1D, 0xB0, 0xFB, 0xE3, 0x3B, 0xBC, 0xA6, 0x03, 0xE0, 0x58,
    0x8E, 0x7E, 0xB9, 0x74, 0xAB, 0xC7, 0x5D, 0xF4, 0x4D, 0xF6, 0xC2, 0x1C, 0xBE, 0xE0, 0x77, 0xF1,
    0xDF, 0xF8, 0x3A, 0x38, 0x60, 0xF6, 0xF5, 0xE0, 0x78, 0xA7, 0x95, 0x14, 0xB4, 0x69, 0x71, 0xB9,
    0x72, 0x55, 0xE0, 0x55, 0x6B, 0x5A, 0x17, 0xE6, 0x12, 0x94, 0x2B, 0xAB, 0x6B, 0xAE, 0x8E, 0xCD,
    0xFE, 0x5F, 0xBC, 0x61, 0xA7, 0x3F, 0x2E, 0x4B, 0x64, 0xCA, 0x03, 0xA6, 0xAD, 0xC1, 0x77, 0x5C,
    0x27, 0x0F, 0x4F, 0xC9, 0x27, 0x84, 0x8F, 0x44, 0xF0, 0xB4, 0xE0, 0x8D, 0xAB, 0x5B, 0xEF, 0xE7,
    0xD5, 0x6E, 0xC5, 0x74, 0xE4, 0x7B, 0x4A, 0xA5, 0x4A, 0x44, 0xA6, 0x86, 0xF1, 0x8D, 0x9C, 0x9D,
    0xB1, 0x85, 0x6C, 0xCD, 0xC3, 0x52, 0xF8, 0x3C, 0x1F, 0x80, 0xE9, 0xFE, 0xEE, 0x8F, 0x70, 0xE1,
    0xB1, 0x32, 0x62, 0x3E, 0x7C, 0x81, 0x3F, 0x0D, 0xF3, 0x09, 0xC8, 0xC3, 0xE2, 0x73, 0xB7, 0x96,
    0xC0, 0x9A, 0x36, 0x3B, 0x39, 0x0C, 0x7D, 0x0D, 0xF5, 0x47, 0x68, 0xC2, 0x66, 0x86, 0xD8, 0xDD,
    0xB7, 0x16, 0x5D, 0x83, 0xE7, 0xB7, 0xF7, 0x25, 0xCD, 0x11, 0x39, 0x5D, 0x4C, 0xFF, 0x13, 0x86,
    0x36, 0x02, 0xF6, 0x01, 0x63, 0x81, 0xB9, 0xF2, 0x56, 0xF1, 0x58, 0xA2, 0x3D, 0xA1, 0xD7, 0x51,
    0x7D, 0xE2, 0x51, 0x5D, 0xF2, 0xA8, 0xBE, 0x1E, 0xD8, 0x71, 0x66, 0x27, 0x36, 0x45, 0x86, 0xD5,
    0x2A, 0xFC, 0x0A, 0x0B, 0xDF, 0x3E, 0xFB, 0xDB, 0x87, 0xD9, 0xF7, 0xAB, 0xF7, 0xB8, 0x9E, 0x4F,
    0xC3, 0x14, 0x95, 0xC1, 0xBD, 0x2B, 0x2F, 0xE3, 0x1F, 0xFC, 0x4B, 0x5A, 0x78, 0xF3, 0x73, 0x3C,
    0xB3, 0xDF, 0x5A, 0xB3, 0x0B, 0x3B, 0xCE, 0x0B, 0x97, 0xC8, 0xE8, 0x98, 0xBE, 0x52, 0x2B, 0xCB,
    0xFB, 0x03, 0xCC, 0xCA, 0x37, 0x47, 0x90, 0x1D, 0x82, 0x68, 0x11, 0x44, 0x9B, 0x1D, 0x5B, 0xD4,
    0x6B, 0x8F, 0x38, 0x89, 0x07, 0x8B, 0x15, 0x13, 0x2D, 0xE2, 0xC5, 0x44, 0x8C, 0x89, 0x19, 0x51,
    0x23, 0x6E, 0x44, 0x8E, 0xD8, 0x91, 0xC8, 0x14, 0xE2, 0xC7, 0x44, 0x90, 0x89, 0xA1, 0x7B, 0x41,
    0x5B, 0x30, 0x17, 0x77, 0x8E, 0xE4, 0xAC, 0xF6, 0xFB, 0xCC, 0x44, 0x6C, 0x58, 0x28, 0xBA, 0xAC,
    0xC4, 0xEE, 0xEF, 0xED, 0x9B, 0x21, 0x8C, 0xDC, 0x56, 0x10, 0x86, 0xBD, 0xBB, 0xE0, 0xA4, 0x1A,
    0x98, 0xB4, 0x24, 0x01, 0x2E, 0x27, 0xE6, 0xA0, 0xB2, 0x83, 0xCA, 0x41, 0x70, 0x83, 0x4B, 0xC2,
    0x91, 0xAF, 0x25, 0xA1, 0x47, 0xCA, 0x0B, 0x02, 0xAE, 0x57, 0x10, 0x8E, 0x6C, 0x25, 0x5C, 0x75,
    0x2A, 0x55, 0xA1, 0x26, 0x21, 0x2D, 0x88, 0x5B, 0x6D, 0x7B, 0x5B, 0xD5, 0xEB, 0xE9, 0xCE, 0xFF,
    0x6B, 0xEE, 0xFD, 0x77, 0x96, 0xDA, 0x82, 0x82, 0x24, 0xCA, 0x82, 0x79, 0xCE, 0x45, 0xB2, 0xED,
    0x37, 0x7E, 0x33, 0x6F, 0xE6, 0xFF, 0x1C, 0x4A, 0xD7, 0x6B, 0x5F, 0x58, 0x74, 0x55, 0xF8, 0x8A,
    0xCE, 0x0A, 0x6F, 0x85, 0xBB, 0xB6, 0x97, 0xD9, 0xBD, 0x6F, 0xB3, 0x8D, 0x65, 0xDE, 0x0E, 0xEA,
    0x5E, 0x90, 0x27, 0xC1, 0x46, 0x85, 0x39, 0x87, 0x73, 0x90, 0xE2, 0x4F, 0xF8, 0xF7, 0x40, 0xFF,
    0x76, 0x43, 0xF8, 0xD7, 0xE0, 0xDF, 0x3D, 0xFC, 0x3B, 0xE4, 0x90, 0xE4, 0xE0, 0xDF, 0x86, 0xE1,
    0x3C, 0x0F, 0x2F, 0x9F, 0xAC, 0xFA, 0xB7, 0x82, 0x6D, 0xC1, 0x34, 0x98, 0x7B, 0xF9, 0x73, 0xF5,
    0x32, 0x9A, 0x64, 0x47, 0xF7, 0x6F, 0x37, 0x31, 0x6F, 0x59, 0x0F, 0x9F, 0x44, 0xB3, 0xF5, 0x11,
    0xA2, 0x43, 0xFB, 0x4D, 0x67, 0xF0, 0xE9, 0x0C, 0x2B, 0xFE, 0x3D, 0x48, 0xBF, 0x8E, 0x0D, 0xBB,
    0xE8, 0xD8, 0x45, 0xCB, 0x8E, 0x3D, 0x3B, 0x36, 0xED, 0xB4, 0x0B, 0x14, 0x84, 0xC5, 0x44, 0xB9,
    0x77, 0xC0, 0x8D, 0x93, 0x38, 0xA8, 0x17, 0x28, 0xF5, 0x9D, 0x7B, 0xDB, 0x43, 0x81, 0x87, 0x43,
    0xC8, 0x96, 0xF5, 0x01, 0xBE, 0xAD, 0xF7, 0x70, 0x6A, 0x3B, 0xE1, 0xF2, 0xDD, 0x6F, 0x94, 0xE4,
    0xAF, 0xAD, 0x47, 0x6E, 0xC5, 0x75, 0xE0, 0x18, 0x04, 0x6A, 0x76, 0x4B, 0xD9, 0x89, 0xBD, 0x66,
    0x57, 0xF6, 0x6B, 0x6E, 0x98, 0x1F, 0xD8, 0x88, 0x7B, 0xB0, 0x29, 0xB5, 0x37, 0x17, 0xB4, 0x89,
    0x0B, 0xAC, 0x0B, 0x4C, 0x1F, 0xC1, 0x87, 0xC2, 0x38, 0x00, 0x2D, 0x83, 0x4A, 0xBA, 0xB9, 0x72,
    0x2A, 0x26, 0xB3, 0xF3, 0xF6, 0x74, 0x92, 0xF6, 0x25, 0xBA, 0xCA, 0x7F, 0x2D, 0xA1, 0x6D, 0x40,
    0xA0, 0x73, 0xBF, 0x36, 0x4A, 0xB8, 0x49, 0xD3, 0xFA, 0x1F, 0xDB, 0xD5, 0x07, 0x5A, 0x9F, 0xAB,
    0x1A, 0xD1, 0xAD, 0x9D, 0x76, 0x78, 0x23, 0xFD, 0xFA, 0x36, 0xD6, 0x28, 0x1F, 0xCC, 0x01, 0xC6,
    0x17, 0xE0, 0x0F, 0x7E, 0x80, 0x72, 0xF0, 0x8C, 0xAD, 0x9A, 0x7D, 0x58, 0x0F, 0x2F, 0xB1, 0x4A,
    0x73, 0x4C, 0x4B, 0xB1, 0xE4, 0x6E, 0x8F, 0x7E, 0xFF, 0xE5, 0xCC, 0xB2, 0x65, 0x63, 0x63, 0x52,
    0x7A, 0x3A, 0xEE, 0xD8, 0xE7, 0xF7, 0xA4, 0x99, 0x6C, 0x8D, 0x6C, 0x4F, 0x8A, 0x09, 0x43, 0x39,
    0x4A, 0xD3, 0x27, 0xAB, 0xFF, 0xE0, 0xBF, 0xAC, 0x91, 0xC0, 0x81, 0x97, 0xF8, 0x76, 0x6F, 0x39,
    0x47, 0x4E, 0x8C, 0x82, 0x03, 0x7D, 0x65, 0xB4, 0x95, 0xD1, 0x55, 0x46, 0x53, 0x19, 0xEB, 0x0C,
    0x2D, 0x65, 0x74, 0x94, 0xD1, 0x50, 0x46, 0x3F, 0x19, 0xED, 0x64, 0x24, 0x2B, 0x34, 0x93, 0xD1,
    0x4B, 0x46, 0xB6, 0x45, 0x27, 0x79, 0xC7, 0x60, 0x06, 0xDA, 0x61, 0x1F, 0x15, 0x2B, 0xDE, 0xD9,
    0x63, 0xDC, 0xFA, 0x6E, 0x79, 0x94, 0x31, 0xC2, 0x6D, 0x98, 0xE8, 0xA6, 0xA4, 0x3F, 0xDE, 0xEC,
    0x5F, 0x47, 0x0E, 0x03, 0x87, 0x9E, 0xFF, 0x87, 0xA7, 0xF9, 0xE0, 0x47, 0xD9, 0xEB, 0x93, 0x95,
    0x44, 0xF0, 0x73, 0x83, 0xBF, 0xBD, 0xF5, 0x5E, 0xBE, 0x72, 0xB9, 0x2D, 0x6B, 0xFB, 0x6A, 0x8A,
    0x06, 0x55, 0x41, 0x70, 0xC3, 0xD7, 0x77, 0xE4, 0xBE, 0xE4, 0x6C, 0x86, 0xF5, 0x1C, 0xB6, 0xA0,
    0x85, 0xBF, 0x71, 0x3B, 0xD1, 0xED, 0xF3, 0xA5, 0x4E, 0xD8, 0x2B, 0xA6, 0x8B, 0xAB, 0xDE, 0x26,
    0xFE, 0x19, 0x16, 0xD0, 0x12, 0x5E, 0x95, 0x3C, 0x90, 0xE3, 0x39, 0xA5, 0xD4, 0x12, 0xB6, 0x48,
    0xC7, 0xEE, 0xF2, 0x4F, 0xA9, 0xC2, 0x5F, 0x9C, 0x19, 0xB7, 0x6D, 0x13, 0x6C, 0x4F, 0xFC, 0x2D,
    0xF8, 0x07, 0x96, 0xD6, 0x9B, 0xEF, 0x18, 0x41, 0x1B, 0x44, 0xD0, 0x1F, 0xA9, 0xDD, 0x80, 0x51,
    0xB5, 0xBD, 0x46, 0xD0, 0xF4, 0xB2, 0xBB, 0xB7, 0xFC, 0x29, 0x06, 0xB7, 0x78, 0x79, 0xC2, 0x36,
    0x37, 0x77, 0x65, 0x7B, 0x79, 0xAE, 0xEC, 0xEE, 0x73, 0x71, 0xA7, 0x7E, 0x01, 0xBB, 0xC4, 0x5A,
    0x89, 0xF5, 0x83, 0x4C, 0x83, 0x99, 0x49, 0x41, 0xF8, 0x76, 0x40, 0x26, 0x73, 0x45, 0x17, 0x3D,
    0xC5, 0x1D, 0x76, 0x3F, 0x77, 0x1E, 0x99, 0x91, 0x67, 0xBA, 0xC8, 0x8F, 0x63, 0xDA, 0xF9, 0x64,
    0xB1, 0x07, 0xB8, 0xC8, 0xB6, 0x0B, 0x92, 0xAB, 0x3D, 0x01, 0x15, 0x47, 0xB5, 0x14, 0x57, 0x2C,
    0xAD, 0x57, 0xB5, 0x14, 0xC7, 0xAB, 0xA9, 0x9D, 0x57, 0xB7, 0xB3, 0x5F, 0x29, 0xA7, 0xB0, 0x8A,
    0xFD, 0xAC, 0x95, 0x53, 0x58, 0x2A, 0xF4, 0xF9, 0x7F, 0x49, 0x45, 0xB0, 0x98, 0x91, 0xEF, 0x59,
    0x83, 0xD8, 0x08, 0xDB, 0xC3, 0x0A, 0x84, 0xA6, 0x1C, 0xAE, 0x62, 0xB8, 0x4A, 0xE1, 0x2A, 0x84,
    0xAB, 0x0C, 0xAE, 0x22, 0xB8, 0x4A, 0xE0, 0x2A, 0x80, 0xAB, 0xFC, 0xAD, 0xE2, 0xB7, 0x4A, 0xDF,
    0x2A, 0x7C, 0xAB, 0xEC, 0xAD, 0xA0, 0xB7, 0x4A, 0xDE, 0x2A, 0x78, 0xAB, 0xDC, 0xAD, 0x62, 0xB7,
    0x4A, 0xDD, 0x2A, 0x74, 0xAB, 0xCC, 0xAD, 0x22, 0xB7, 0x4A, 0xDC, 0x2A, 0x70, 0xAB, 0xBC, 0xAD,
    0xE2, 0xB6, 0x4A, 0xDB, 0x72, 0x0E, 0xF1, 0x0B, 0xA6, 0x56, 0xB0, 0xF1, 0x38, 0x9C, 0x52, 0x81,
    0x0A, 0xE7, 0x28, 0x4F, 0x2B, 0x38, 0xAD, 0xD0, 0xB4, 0x02, 0xD3, 0x0A, 0x4B, 0x2B, 0x28, 0xAD,
    0x90, 0xB4, 0x02, 0xD2, 0x0A, 0x47, 0x2B, 0x18, 0xAD, 0x50, 0xB4, 0x02, 0xD1, 0x0A, 0x43, 0x2B,
    0x08, 0xAD, 0x10, 0xB4, 0x02, 0xD0, 0x0A, 0x3F, 0x2B, 0xF8, 0x6C, 0xA2, 0x67, 0x65, 0xAE, 0x94,
    0x9D, 0x15, 0x74, 0x56, 0x3E, 0x70, 0xD0, 0x48, 0x29, 0x6C, 0x4F, 0x82, 0x74, 0x12, 0xD9, 0x23,
    0x47, 0x7D, 0xA6, 0xF0, 0x8A, 0x10, 0xB3, 0x09, 0x98, 0x4D, 0xBC, 0x6C, 0xC2, 0x65, 0x13, 0x2D,
    0x9B, 0x60, 0xD9, 0xC4, 0xCA, 0x26, 0x54, 0x36, 0x91, 0xB2, 0x09, 0x94, 0x4D, 0x9C, 0x6C, 0xC2,
    0x64, 0x83, 0x92, 0x15, 0x48, 0x56, 0x18, 0xD9, 0x40, 0x64, 0x85, 0x90, 0x15, 0x40, 0x36, 0xF1,
    0xB1, 0x09, 0x8F, 0x15, 0x3A, 0xF6, 0x16, 0x86, 0xFF, 0xE5, 0xE5, 0x2A, 0x04, 0xE2, 0xBD, 0x61,
    0x1C, 0x19, 0x88, 0xED, 0xFF, 0x8F, 0x85, 0xB0, 0xDB, 0x75, 0x21, 0xCC, 0x2A, 0x8B, 0x45, 0x16,
    0x6B, 0x2C, 0x96, 0x58, 0xAC, 0xB0, 0x58, 0x60, 0xA1, 0xBE, 0x42, 0x79, 0xF5, 0x2F, 0x85, 0x30,
    0x6E, 0xF4, 0xCA, 0x47, 0x8D, 0xF2, 0x1D, 0x52, 0x06, 0x23, 0xDD, 0x91, 0x9F, 0x98, 0xBC, 0xD3,
    0x85, 0xD5, 0x99, 0xC5, 0xEB, 0x9D, 0x5B, 0xC4, 0x77, 0x7E, 0x0E, 0x73, 0x73, 0x34, 0x30, 0x47,
    0xF0, 0xCC, 0xE4, 0xE4, 0x78, 0x44, 0x45, 0xC2, 0xF3, 0x27, 0x94, 0x05, 0x00, 0x64, 0x35, 0x54,
    0x85, 0x9D, 0x5F, 0xD8, 0x8F, 0x70, 0xFE, 0xEE, 0xF7, 0x87, 0x5F, 0x18, 0xCF, 0x8F, 0x09, 0x2F,
    0x78, 0x44, 0xDA, 0x31, 0x8E, 0xFC, 0xFC, 0x70, 0x01, 0xCE, 0xFF, 0xD3, 0xC3, 0x76, 0x0E, 0xE1,
    0x83, 0x7D, 0x7E, 0x9E, 0x9C, 0x47, 0x0D, 0xBB, 0x76, 0x3C, 0xF9, 0x14, 0x01, 0x9A, 0xAD, 0xFF,
    0x62, 0x21, 0xDD, 0x3E, 0xF0, 0xE8, 0x78, 0x9F, 0x42, 0x0A, 0x3B, 0x3C, 0x84, 0xB2, 0xFD, 0x1E,
    0x70, 0x54, 0xF0, 0x73, 0x84, 0x43, 0xD2, 0xEF, 0xB8, 0x75, 0x50, 0x5D, 0x03, 0x34, 0xDE, 0xD6,
    0x72, 0x43, 0x07, 0xB3, 0x36, 0xF3, 0xA1, 0x33, 0x84, 0xA1, 0xE5, 0x99, 0xF5, 0x0C, 0xD2, 0x83,
    0xBF, 0xAB, 0x11, 0xC3, 0x70, 0x6D, 0x0C, 0x98, 0x35, 0x64, 0x9C, 0x24, 0xE4, 0xC8, 0xC3, 0xC0,
    0x3F, 0x53, 0x28, 0x38, 0x28, 0xBA, 0x26, 0x8F, 0x6C, 0x50, 0x2E, 0x26, 0x3F, 0x43, 0x4E, 0xFA,
    0xBB, 0x45, 0xF9, 0xF5, 0x9C, 0x52, 0xF9, 0x1B, 0x63, 0x01, 0x06, 0x9E, 0xD9, 0xE7, 0x0E, 0xC3,
    0x18, 0x98, 0x27, 0xB3, 0x13, 0x73, 0x2D, 0xFD, 0xA5, 0x08, 0x69, 0xCD, 0xA1, 0x3E, 0x28, 0x39,
    0x28, 0xDF, 0x70, 0x29, 0xB4, 0x98, 0xDD, 0xBB, 0xE4, 0x58, 0x2C, 0x02, 0xC1, 0xEB, 0xB6, 0x37,
    0x26, 0xAD, 0xEE, 0x95, 0x56, 0xE4, 0x2F, 0x60, 0xD2, 0x20, 0x49, 0x83, 0x1D, 0x8D, 0x31, 0x00,
    0xD2, 0xA0, 0x47, 0x03, 0x1D, 0x0D, 0x6E, 0x34, 0xA0, 0xD1, 0x20, 0x46, 0x03, 0x17, 0x0D, 0x56,
    0x94, 0xA0, 0x28, 0xC7, 0x41, 0xC8, 0xDD, 0xC0, 0x76, 0x01, 0x87, 0x26, 0x32, 0x34, 0xB0, 0xD0,
    0x60, 0x42, 0x03, 0x08, 0x0D, 0x1A, 0x34, 0x50, 0xD0, 0xE0, 0x40, 0x03, 0x02, 0x0D, 0x02, 0x34,
    0xF0, 0x4F, 0x4F, 0x0C, 0x97, 0x69, 0xD7, 0x94, 0x2F, 0x22, 0x0A, 0x5A, 0x13, 0x93, 0xA1, 0x53,
    0x01, 0x00, 0x93, 0xF4, 0x25, 0xD1, 0x4B, 0x72, 0x97, 0x84, 0x2E, 0x49, 0x5C, 0x12, 0xB7, 0x24,
    0x6B, 0x49, 0xD0, 0x72, 0x07, 0x0B, 0xC4, 0x52, 0xF5, 0x30, 0x58, 0xAC, 0x9B, 0x32, 0x54, 0x31,
    0xD0, 0x46, 0xAA, 0x87, 0x91, 0xA3, 0x24, 0x44, 0xA9, 0xA4, 0xE8, 0xD6, 0x86, 0x74, 0xC7, 0x59,
    0x35, 0xEA, 0x6B, 0x1E, 0x5C, 0x3A, 0xD7, 0xFF, 0x2F, 0x07, 0x3C, 0xE0, 0xF9, 0x2C, 0x43, 0xF1,
    0xFC, 0x80, 0x81, 0xE2, 0x5F, 0x19, 0x9D, 0x6B, 0x0C, 0x1D, 0x87, 0x10, 0x1D, 0x1E, 0x33, 0x0D,
    0x54, 0x13, 0xAE, 0x86, 0xA1, 0x9C, 0x4B, 0x7E, 0xF3, 0x85, 0xA1, 0x9D, 0x90, 0x18, 0x6C, 0x28,
    0xB0, 0xF4, 0xFA, 0xB5, 0xDA, 0x50, 0x70, 0xA8, 0x54, 0x74, 0xC0, 0x1E, 0xE6, 0x96, 0xDA, 0x90,
    0xAF, 0xD5, 0x06, 0x0C, 0xA1, 0x36, 0xDC, 0xD9, 0xA6, 0xEF, 0xD3, 0x93, 0x32, 0xBA, 0x3F, 0x65,
    0x45, 0x97, 0x3E, 0x18, 0x3C, 0x16, 0xEE, 0xBB, 0x39, 0x87, 0xC5, 0x71, 0x47, 0x0D, 0x97, 0xDB,
    0xD9, 0xC3, 0x5B, 0x45, 0x48, 0x4A, 0xE2, 0xD5, 0x65, 0xCB, 0xE8, 0xAC, 0xEB, 0x15, 0xA2, 0x4F,
    0x1C, 0xD5, 0xE1, 0x77, 0x3D, 0xCB, 0x07, 0x4D, 0x62, 0xA5, 0x49, 0xA0, 0x9F, 0x86, 0x33, 0x47,
    0xB1, 0xCF, 0x15, 0x2F, 0xBC, 0xB5, 0xF5, 0x18, 0xB6, 0x8B, 0x7E, 0x60, 0xF9, 0x0E, 0x6B, 0x14,
    0xF7, 0xAE, 0x34, 0x45, 0x30, 0x78, 0x6C, 0xD6, 0x3C, 0x93, 0xC4, 0xB6, 0x8F, 0xB0, 0x99, 0x5B,
    0xCA, 0x9E, 0x8A, 0xE0, 0x40, 0x1F, 0x35, 0x58, 0xC5, 0x6C, 0x62, 0x63, 0xF3, 0xE1, 0x97, 0xF7,
    0x18, 0x97, 0xD5, 0xD6, 0x43, 0x92, 0xB7, 0x1E, 0xF1, 0xCD, 0xB7, 0x41, 0x4D, 0x7E, 0xB4, 0xDE,
    0x57, 0xC9, 0xAF, 0xD6, 0x7B, 0x63, 0xF6, 0xA5, 0xF5, 0xA7, 0x79, 0xB6, 0x07, 0xA7, 0x61, 0xDE,
    0x2E, 0x5B, 0xEB, 0xAB, 0x39, 0x9F, 0x31, 0x94, 0xD3, 0xCE, 0x67, 0xAA, 0x1E, 0xCE, 0xFC, 0x93,
    0x25, 0xA0, 0xFC, 0xD5, 0x82, 0x4D, 0x53, 0x65, 0x58, 0x5C, 0x25, 0xB3, 0x67, 0x61, 0xC3, 0x16,
    0x9E, 0x7F, 0xFD, 0x18, 0x75, 0x03, 0x7C, 0x9C, 0x33, 0x84, 0x94, 0x7C, 0xA9, 0xEA, 0x57, 0xE6,
    0x34, 0x78, 0x7E, 0xFE, 0x49, 0x03, 0x75, 0x1D, 0xBF, 0xF0, 0x38, 0xDE, 0x0C, 0x7A, 0x3B, 0x7C,
    0xCD, 0x2A, 0xD7, 0xEE, 0x7A, 0xF9, 0xFE, 0x9F, 0x9F, 0xF1, 0xB5, 0x64, 0x7B, 0x29, 0x6A, 0x07,
    0x5B, 0x3A, 0x4C, 0x70, 0x65, 0xD8, 0x7C, 0x7A, 0x40, 0xD8, 0x98, 0xDF, 0xEF, 0xCE, 0x1C, 0x9C,
    0x2F, 0xAE, 0x3D, 0x86, 0xD7, 0xAF, 0x4E, 0x76, 0xEE, 0x9E, 0x78, 0xD0, 0x5A, 0xF2, 0x93, 0xB5,
    0xD9, 0xA3, 0xBA, 0x4D, 0xE5, 0xEC, 0x4F, 0x50, 0xBB, 0xFD, 0xCA, 0x33, 0x24, 0xD6, 0xE1, 0x99,
    0x90, 0xA1, 0xF5, 0x1B, 0x5F, 0x98, 0x65, 0x03, 0xA6, 0xE2, 0xE6, 0x63, 0x6C, 0xDC, 0x79, 0xB5,
    0xEF, 0x46, 0xAC, 0x76, 0x92, 0xBC, 0x73, 0xE1, 0xC3, 0x66, 0x21, 0x84, 0xD1, 0x6E, 0x48, 0x5B,
    0x65, 0x1F, 0xBF, 0x17, 0x5A, 0xF2, 0xDF, 0xDD, 0x98, 0x01, 0x84, 0xE7, 0xF8, 0x15, 0xC7, 0x5F,
    0x92, 0xCE, 0xFE, 0x99, 0x20, 0xB0, 0x03, 0x2D, 0x02, 0x05, 0x5B, 0x04, 0x00, 0xF0, 0xCB, 0x29,
    0x4A, 0xC1, 0x62, 0x07, 0x14, 0xA0, 0xA0, 0xC5, 0x40, 0x01, 0x48, 0xAE, 0x45, 0x51, 0x58, 0xE8,
    0x01, 0x74, 0xCB, 0x62, 0x77, 0x8A, 0x05, 0x68, 0xE1, 0x92, 0x2A, 0x00, 0xC4, 0x51, 0x50, 0xF8,
    0x97, 0x3B, 0x68, 0x71, 0x29, 0x39, 0x7E, 0x3B, 0x4D, 0xF2, 0xFA, 0x3E, 0xF2, 0x4C, 0x26, 0xDA,
    0xBB, 0x02, 0x77, 0x7B, 0x1B, 0x99, 0xEF, 0xDB, 0xD9, 0xFC, 0xF2, 0x7B, 0xDF, 0xF7, 0x7D, 0x79,
    0x2F, 0x2F, 0x93, 0xDE, 0x5E, 0xBE, 0x12, 0x49, 0xF5, 0x37, 0xAB, 0x88, 0xE8, 0x5F, 0xD4, 0x30,
    0x0C, 0x5A, 0x8B, 0x94, 0xE7, 0xA6, 0x15, 0x39, 0x8D, 0x65, 0x2F, 0x22, 0x4F, 0x93, 0x5A, 0xFC,
    0x48, 0x3E, 0xAE, 0xAF, 0x6B, 0x29, 0xF4, 0x6C, 0x8B, 0x82, 0xDE, 0x19, 0xAA, 0x1D, 0x92, 0xE9,
    0x6A, 0x78, 0xD2, 0x21, 0xAC, 0x76, 0xB1, 0xAE, 0x16, 0x43, 0x29, 0x67, 0xA9, 0x16, 0x30, 0xD8,
    0x3F, 0x0C, 0xA3, 0x54, 0x11, 0x0C, 0x93, 0x34, 0x76, 0x8E, 0x60, 0x07, 0x26, 0x7A, 0x96, 0x26,
    0x66, 0x3A, 0x48, 0x58, 0x4A, 0x50, 0x55, 0x7B, 0x29, 0x75, 0x35, 0x2C, 0x34, 0x6A, 0x6B, 0x0C,
    0x71, 0x28, 0x57, 0xE2, 0xC7, 0xCD, 0xA7, 0x60, 0xA6, 0x8A, 0x29, 0x54, 0x61, 0x59, 0xA9, 0xDD,
    0x0A, 0xFF, 0xEA, 0x6C, 0xA6, 0x91, 0x02, 0xF3, 0x58, 0x76, 0xEE, 0x02, 0x41, 0x43, 0xE8, 0x63,
    0x4A, 0x1D, 0x31, 0x61, 0x33, 0xCD, 0x66, 0xF4, 0x73, 0x4C, 0xAA, 0xBF, 0xC3, 0x64, 0x5A, 0x4E,
    0x66, 0xF2, 0x15, 0x23, 0xC5, 0x5C, 0x46, 0xFC, 0xC4, 0x02, 0x13, 0x46, 0x8C, 0x74, 0xE7, 0x62,
    0xE6, 0xB6, 0x1E, 0x93, 0x6A, 0x8B, 0xC9, 0xB4, 0xC6, 0xE4, 0xAA, 0x6A, 0xA6, 0x34, 0xB3, 0xE0,
    0x46, 0x31, 0x8D, 0x19, 0x13, 0x5B, 0xEF, 0x6E, 0xDF, 0xAC, 0x92, 0xE8, 0x60, 0x9B, 0xDB, 0xFA,
    0xDE, 0xA8, 0xD9, 0x59, 0x63, 0x4C, 0x39, 0x4C, 0xB9, 0xB0, 0x11, 0xDA, 0x61, 0x44, 0x1E, 0xAD,
    0xF5, 0x3D, 0x59, 0xF6, 0x25, 0x7A, 0x96, 0xCC, 0xA9, 0x61, 0x3E, 0xCA, 0x2A, 0x84, 0xFA, 0xF8,
    0x5D, 0x4A, 0xD4, 0x93, 0x17, 0xB7, 0x2D, 0x7A, 0x75, 0x67, 0xC4, 0x0B, 0x23, 0x6C, 0x0B, 0xC3,
    0x64, 0x3D, 0x45, 0x14, 0x4F, 0x50, 0xEE, 0x62, 0xE7, 0x7C, 0x52, 0x45, 0x10, 0x05, 0x0B, 0xB6,
    0x76, 0x44, 0xC1, 0x16, 0x7E, 0xA8, 0x0F, 0x42, 0x14, 0x8C, 0x60, 0x33, 0x81, 0x1D, 0x48, 0x8C,
    0x11, 0xD4, 0x09, 0x34, 0xAD, 0x12, 0xD0, 0x58, 0xFD, 0xF5, 0xFA, 0x29, 0x32, 0x8B, 0x18, 0xB6,
    0x20, 0x2C, 0x91, 0x99, 0xF4, 0x2A, 0x58, 0x38, 0x2A, 0xAE, 0x14, 0xAC, 0x0C, 0x6B, 0x47, 0x22,
    0xB5, 0x1C, 0xDC, 0x7E, 0xF7, 0x95, 0xDD, 0x6A, 0xC9, 0x4D, 0xF4, 0x47, 0x8B, 0x39, 0xFD, 0xA5,
    0x1A, 0x8B, 0xBE, 0xB3, 0xFB, 0xCE, 0xA1, 0x35, 0xFD, 0x2F, 0xC4, 0x8F, 0x9F, 0xBF, 0x65, 0x77,
    0x73, 0x58, 0xE1, 0x1F, 0x5A, 0xA9, 0x4E, 0x61, 0x3E, 0x69, 0x5F, 0xCE, 0x28, 0x3E, 0x97, 0x8B,
    0xD1, 0xAF, 0xE6, 0x44, 0x27, 0xB6, 0x3E, 0x03, 0x6D, 0x80, 0x7D, 0xA3, 0x77, 0x35, 0x9A, 0x7B,
    0x60, 0x21, 0x02, 0x96, 0x1D, 0x76, 0x52, 0x29, 0x80, 0x0C, 0xB0, 0x85, 0x56, 0x04, 0xC9, 0xB3,
    0xBD, 0x1E, 0x28, 0x07, 0x22, 0x20, 0xC0, 0xA0, 0x04, 0xDB, 0xB4, 0xD5, 0x60, 0x2C, 0xA5, 0x30,
    0xA4, 0x12, 0xBE, 0x2D, 0x3A, 0x8B, 0x5C, 0xBE, 0xC5, 0x97, 0xF6, 0x04, 0x35, 0x42, 0x35, 0x4A,
    0x31, 0x9D, 0xA2, 0x94, 0x7D, 0x3A, 0x8B, 0xA9, 0xFC, 0xF4, 0x1B, 0xD0, 0x39, 0xBD, 0xFD, 0xF1,
    0x6B, 0x0B, 0xF4, 0xD7, 0x2B, 0xAD, 0x52, 0xBD, 0x53, 0x16, 0x63, 0xE8, 0xB7, 0x3E, 0xB9, 0xB7,
    0xC9, 0x13, 0xBA, 0xE4, 0x10, 0x2A, 0x1C, 0x06, 0x49, 0x28, 0xD6, 0xCD, 0x5F, 0x07, 0xE8, 0xD9,
    0x81, 0x1E, 0x60, 0xC2, 0xF5, 0x0E, 0xC8, 0x86, 0x6A, 0x2E, 0x5A, 0x0E, 0x14, 0x0A, 0xAC, 0x00,
    0x9B, 0x90, 0x20, 0xA9, 0x80, 0x00, 0x34, 0x06, 0xB9, 0xEB, 0x38, 0x6C, 0x89, 0x07, 0xE4, 0x67,
    0xBF, 0xBF, 0x6D, 0xC3, 0x68, 0x42, 0x4C, 0xCD, 0x90, 0xCF, 0xD5, 0x98, 0xCE, 0x74, 0x89, 0x2C,
    0xCA, 0x63, 0x57, 0x2F, 0xB1, 0x06, 0x81, 0x27, 0x1C, 0xE1, 0x07, 0x37, 0x78, 0xA1, 0xF3, 0xE0,
    0x03, 0x17, 0xC8, 0xC2, 0x0F, 0x1A, 0xC1, 0x5B, 0xC7, 0x8D, 0x35, 0x11, 0x69, 0x0F, 0x65, 0xD2,
    0x0D, 0x6B, 0x4F, 0x75, 0xBA, 0x1A, 0x56, 0x2C, 0xA3, 0x49, 0xA5, 0xF4, 0xA8, 0x6C, 0x49, 0x56,
    0x93, 0x48, 0x3E, 0xF6, 0x06, 0xF5, 0xCE, 0x48, 0x44, 0x53, 0x25, 0xBF, 0x83, 0xD1, 0x9C, 0x32,
    0xE3, 0x9B, 0x4F, 0xA7, 0xB9, 0x18, 0x92, 0xF9, 0xA2, 0x96, 0xAD, 0xAE, 0xAE, 0xCC, 0x84, 0x09,
    0x52, 0x87, 0xF0, 0x93, 0x43, 0xF8, 0x2D, 0x3F, 0x74, 0xEF, 0x83, 0x8A, 0xC5, 0x43, 0x15, 0x5D,
    0x49, 0xB6, 0x92, 0xCB, 0x57, 0x4F, 0x5E, 0x40, 0x7B, 0xA9, 0xF8, 0x2D, 0x5B, 0x8B, 0x28, 0x84,
    0x78, 0x9A, 0x05, 0xA6, 0x1F, 0xAE, 0x98, 0x8A, 0x9E, 0x42, 0x43, 0xBF, 0x92, 0xFD, 0xF8, 0x9E,
    0x6E, 0x2B, 0xA9, 0x13, 0xC2, 0x41, 0x9A, 0xCA, 0x0C, 0xA9, 0xD1, 0x7F, 0x2A, 0x4D, 0x29, 0x4A,
    0x63, 0x7A, 0xDB, 0x85, 0x52, 0x6D, 0x45, 0x0B, 0x19, 0x3B, 0xE1, 0x55, 0xAE, 0x18, 0x98, 0x3C,
    0x30, 0x4D, 0xC4, 0x50, 0xD3, 0x2C, 0x23, 0xC0, 0xCD, 0xB0, 0x9A, 0x50, 0xAB, 0x05, 0xC3, 0x6A,
    0xFB, 0x4F, 0x56, 0xB3, 0x52, 0x27, 0xF4, 0xCC, 0xEC, 0x02, 0xEF, 0x10, 0x4A, 0x4F, 0x3F, 0xEB,
    0xA8, 0x04, 0xDE, 0x6C, 0x5B, 0x73, 0x81, 0xA7, 0x99, 0x81, 0x4C, 0xE8, 0x22, 0x1C, 0xD7, 0xC0,
    0xA3, 0xDB, 0x4B, 0xEF, 0x9F, 0xA2, 0xBF, 0x42, 0xFA, 0x3F, 0xAB, 0x39, 0x19, 0x3A, 0x53, 0x6E,
    0xAC, 0x7A, 0x49, 0x9E, 0x9A, 0xF0, 0xFB, 0x0B, 0x3E, 0xF7, 0x86, 0x30, 0xB0, 0xD7, 0x98, 0xE9,
    0x9D, 0xC6, 0x5C, 0xFB, 0x40, 0x5D, 0x57, 0xB3, 0x31, 0x2C, 0x67, 0xD3, 0xB6, 0x5C, 0x82, 0xC1,
    0x1C, 0x22, 0x30, 0xD9, 0x85, 0x66, 0x32, 0xBE, 0x8D, 0x91, 0x8B, 0x0D, 0x6F, 0xAD, 0x10, 0x13,
    0x1D, 0xC3, 0x92, 0xEB, 0x50, 0x52, 0xFA, 0x05, 0x1C, 0x33, 0x85, 0x61, 0x63, 0xFA, 0x98, 0xCB,
    0x4D, 0xDA, 0xB7, 0x60, 0xC2, 0x23, 0x42, 0x04, 0x28, 0x4B, 0x3C, 0x23, 0x01, 0x9C, 0x73, 0xF2,
    0x54, 0xB5, 0x19, 0xE6, 0x82, 0x3B, 0xDE, 0xA3, 0x8C, 0x50, 0x02, 0x06, 0x0D, 0x0F, 0x35, 0xBC,
    0xA9, 0x02, 0xC9, 0x63, 0x36, 0x33, 0x3E, 0xCD, 0x42, 0x21, 0x7C, 0x13, 0x19, 0xA1, 0x46, 0xBC,
    0x44, 0xBC, 0x42, 0xBC, 0x40, 0x9A, 0x0F, 0xD6, 0xFB, 0xF2, 0xB8, 0xD8, 0xAB, 0xE3, 0x44, 0x33,
    0x87, 0xDE, 0x82, 0x60, 0xB0, 0x04, 0x07, 0x8B, 0xF5, 0x8D, 0x8E, 0xC6, 0x23, 0x31, 0xAC, 0xD0,
    0x0C, 0xE5, 0xE0, 0x13, 0xEF, 0xC7, 0x1A, 0x3B, 0xB9, 0xAA, 0x23, 0xC3, 0xA1, 0x45, 0xA4, 0x3D,
    0xC1, 0x29, 0x72, 0x68, 0xA4, 0x81, 0x51, 0xE3, 0x96, 0x4C, 0xF0, 0x43, 0x1D, 0x0C, 0x6B, 0x13,
    0xEB, 0x44, 0x56, 0x3C, 0x61, 0x05, 0xD9, 0xA3, 0xE6, 0x19, 0xA2, 0xEC, 0x54, 0x5C, 0x15, 0x20,
    0x19, 0x0F, 0x91, 0x0E, 0x49, 0x40, 0x5B, 0x3C, 0xFE, 0xF8, 0x67, 0xB3, 0x17, 0x7B, 0xD9, 0x37,
    0xF2, 0x60, 0x72, 0xB8, 0xAA, 0xAD, 0x10, 0xC2, 0x27, 0xE6, 0xAE, 0xF9, 0x9B, 0x41, 0xF7, 0xB9,
    0x69, 0x42, 0x40, 0x06, 0x1F, 0x19, 0x27, 0xBB, 0x0B, 0xB6, 0xC6, 0x6B, 0x10, 0xF6, 0x05, 0x5A,
    0xE2, 0xAF, 0xFF, 0x7F, 0x23, 0x04, 0x22, 0x30, 0xF9, 0xD3, 0x1B, 0xFD, 0x99, 0xF7, 0x47, 0x1E,
    0xCD, 0x46, 0x7F, 0xE0, 0xFD, 0x79, 0xBF, 0x22, 0x1D, 0xDF, 0x12, 0x89, 0xBD, 0x8A, 0x89, 0x27,
    0x23, 0x1C, 0xA2, 0xD9, 0x82, 0xA9, 0x7A, 0x8B, 0x85, 0xA1, 0xE1, 0x6B, 0x95, 0xD8, 0xE7, 0x5F,
    0x1F, 0x80, 0x7D, 0x02, 0xF6, 0x11, 0xD8, 0x67, 0x60, 0x1F, 0x82, 0x8F, 0x53, 0x30, 0x6F, 0x1A,
    0x82, 0xA7, 0xD0, 0xF1, 0x47, 0x28, 0x68, 0x35, 0xE0, 0x33, 0xD5, 0x1E, 0x01, 0x30, 0x15, 0x25,
    0xEF, 0xA6, 0xC5, 0x2D, 0x0C, 0xC3, 0xC4, 0x3D, 0xC8, 0x5E, 0x28, 0x1B, 0x71, 0x0F, 0x1B, 0xC1,
    0x94, 0x26, 0x84, 0x19, 0xB8, 0x27, 0xD1, 0x1E, 0xBE, 0x6C, 0xE4, 0xF2, 0x35, 0x13, 0x1B, 0x61,
    0xD8, 0x68, 0xDB, 0x01, 0x53, 0xAE, 0x66, 0x66, 0x66, 0x23, 0x09, 0xFA, 0x11, 0xF2, 0x54, 0x8A,
    0xB4, 0x9E, 0x7F, 0x9F, 0x92, 0xA8, 0x5E, 0x82, 0xF6, 0x89, 0xF4, 0xF2, 0xF5, 0x93, 0x97, 0xA6,
    0xD9, 0x5A, 0x46, 0x84, 0xCC, 0x89, 0x51, 0x7F, 0x88, 0x5A, 0xA1, 0x57, 0x34, 0x1B, 0x9A, 0x7A,
    0x7F, 0xEA, 0xB9, 0xEB, 0x5A, 0x2E, 0xAE, 0x89, 0x3A, 0xE7, 0x84, 0x35, 0xE7, 0xC2, 0x59, 0xCE,
    0xD0, 0xAE, 0x0C, 0xB7, 0x4F, 0x13, 0x50, 0x38, 0x27, 0xCE, 0x66, 0xE4, 0xEC, 0x38, 0x2D, 0x40,
    0x43, 0x84, 0xD2, 0x73, 0xAA, 0xE0, 0x49, 0x7B, 0xC3, 0x02, 0x9C, 0x68, 0x2E, 0x9D, 0xAE, 0x84,
    0xA6, 0x6F, 0x95, 0x58, 0xFE, 0xAE, 0x24, 0xF4, 0x03, 0xF8, 0x3C, 0xFB, 0x8A, 0xEF, 0x4A, 0xFA,
    0x1D, 0xA6, 0xAF, 0x30, 0xDD, 0xFE, 0x5D, 0xF9, 0x3E, 0xE5, 0x8B, 0xE2, 0x01, 0x09, 0x99, 0x15,
    0x23, 0xD2, 0xB0, 0x80, 0xA9, 0x5B, 0x18, 0xBB, 0x0D, 0x29, 0xA1, 0x77, 0x29, 0x5F, 0x7E, 0x54,
    0xF4, 0x2E, 0xBA, 0x08, 0x21, 0x82, 0xC1, 0xBF, 0xB4, 0xFF, 0x40, 0xA3, 0x8D, 0xF2, 0x7D, 0x43,
    0x4A, 0x0E, 0x7F, 0x3B, 0x8E, 0x60, 0xB7, 0x80, 0xB8, 0xF2, 0xA1, 0x55, 0x0A, 0x04, 0x63, 0xB7,
    0xFD, 0x02, 0x7C, 0x10, 0x05, 0x34, 0x9E, 0x44, 0xEF, 0xD8, 0xCB, 0x2F, 0xB6, 0x54, 0xFC, 0xF6,
    0x86, 0x4C, 0xE0, 0x1C, 0x44, 0x79, 0x97, 0x50, 0x6B, 0x1A, 0x0E, 0x20, 0x1C, 0xF4, 0x04, 0xB0,
    0xD9, 0xBC, 0xF7, 0xA0, 0x8F, 0xCD, 0x82, 0x8F, 0x19, 0xF4, 0x96, 0x9B, 0x76, 0xB6, 0x34, 0xB0,
    0x03, 0x0D, 0x92, 0xAC, 0xD5, 0x99, 0x0E, 0x0D, 0xD9, 0xBE, 0x00, 0xC4, 0x80, 0x74, 0x6A, 0x84,
    0x16, 0x4C, 0x3B, 0x42, 0x2B, 0x75, 0xE2, 0xF7, 0x19, 0x2F, 0x40, 0xB5, 0x00, 0xB3, 0xFC, 0x91,
    0x5F, 0x3B, 0xD5, 0x08, 0x8C, 0x00, 0x73, 0x02, 0x17, 0xAF, 0xEF, 0xE9, 0x59, 0xBB, 0x22, 0x2A,
    0xEE, 0x87, 0x0D, 0x17, 0xF3, 0x68, 0x40, 0xC7, 0x62, 0x16, 0x40, 0x0B, 0x78, 0x6C, 0x58, 0x82,
    0x52, 0x81, 0xF0, 0xD4, 0xD5, 0xE7, 0xF3, 0xC3, 0x07, 0xE0, 0xE9, 0xCB, 0x3E, 0x00, 0x57, 0xB0,
    0x5C, 0xFE, 0xE7, 0xB7, 0xE6, 0xF1, 0x8B, 0x13, 0xE7, 0xC7, 0x0C, 0xEE, 0x39, 0xF8, 0x2F, 0x87,
    0x87, 0x23, 0xBD, 0x7D, 0xE0, 0x7C, 0x01, 0x8B, 0x08, 0x96, 0x23, 0x18, 0x7A, 0xD0, 0x67, 0x88,
    0xCC, 0x2E, 0xF0, 0xA4, 0x17, 0xBC, 0xFB, 0x18, 0xAD, 0xBE, 0x78, 0x96, 0xAB, 0xCE, 0x7C, 0x2A,
    0xDA, 0xCF, 0xF4, 0x03, 0xFD, 0xC7, 0x0B, 0x9F, 0xF6, 0x0F, 0xDF, 0x4C, 0xF9, 0x97, 0x4D, 0xFB,
    0xCB, 0x77, 0x24, 0xE8, 0x82, 0xC2, 0x16, 0x30, 0x13, 0xE0, 0x8C, 0x2B, 0x67, 0xE5, 0xF7, 0x2F,
    0xF0, 0xC1, 0x1D, 0x5C, 0xB8, 0xFC, 0xE0, 0x48, 0x3A, 0x25, 0xBE, 0x1B, 0x25, 0x45, 0x24, 0x5F,
    0x09, 0xC4, 0x5F, 0x95, 0x9F, 0xDD, 0x98, 0x49, 0xA6, 0xED, 0x69, 0xAC, 0x5D, 0x8A, 0x2D, 0x73,
    0x2E, 0x06, 0x32, 0xD7, 0xC2, 0x36, 0x46, 0x8E, 0x6D, 0xE2, 0xFE, 0x17, 0xB2, 0x46, 0x59, 0x81,
    0x19, 0x31, 0x9F, 0x76, 0x5C, 0xFB, 0xA9, 0x67, 0x81, 0x48, 0x8E, 0x66, 0xCF, 0x13, 0x91, 0x71,
    0x70, 0x03, 0xD2, 0x8F, 0x98, 0x7C, 0x73, 0xDE, 0x69, 0x4B, 0x13, 0x51, 0x16, 0x3E, 0x52, 0x9D,
    0x40, 0xFF, 0x4B, 0x04, 0xBE, 0x31, 0x35, 0x86, 0xD5, 0x38, 0x35, 0xC0, 0x29, 0x07, 0x77, 0xE8,
    0x73, 0x36, 0xD4, 0x85, 0x20, 0x59, 0x99, 0x79, 0xA4, 0x6F, 0x6C, 0x7D, 0xFA, 0xFC, 0x58, 0xB9,
    0x7B, 0xDE, 0x73, 0x65, 0x4F, 0x0B, 0x91, 0x08, 0x27, 0x14, 0x60, 0x89, 0xE1, 0x04, 0x76, 0xB3,
    0xE1, 0xF3, 0x2D, 0x82, 0x7C, 0x3D, 0x22, 0x91, 0x81, 0x04, 0xED, 0x01, 0x65, 0x9B, 0x1C, 0xDA,
    0x13, 0x86, 0x02, 0x6C, 0x13, 0x3C, 0x08, 0x08, 0x37, 0xB4, 0x48, 0xF9, 0x13, 0x00, 0xE7, 0x97,
    0xF2, 0xA4, 0xA5, 0x4A, 0x12, 0xAD, 0x71, 0xB7, 0x3D, 0x60, 0xDC, 0xB4, 0xC7, 0x59, 0x71, 0xB3,
    0xD0, 0x2A, 0xFD, 0x20, 0x3E, 0xB9, 0xEF, 0xFA, 0xE3, 0xA1, 0xEB, 0xD3, 0xEE, 0x37, 0x33, 0x93,
    0x52, 0xB8, 0xA5, 0x87, 0xAE, 0xEF, 0xED, 0x9E, 0xE7, 0xAF, 0xFB, 0xE2, 0xFA, 0x27, 0x66, 0x94,
    0x43, 0x1E, 0x9A, 0x95, 0xF0, 0x11, 0x92, 0xBF, 0xC5, 0xDC, 0x1C, 0x5F, 0x39, 0x98, 0x9A, 0x8D,
    0xE0, 0xD0, 0x7C, 0x35, 0x87, 0xEA, 0xC8, 0x21, 0x0A, 0x26, 0x79, 0x2D, 0x97, 0x2F, 0xE9, 0x58,
    0x8D, 0xC9, 0xDC, 0x7C, 0x42, 0x70, 0x95, 0xAE, 0x88, 0xA9, 0x11, 0x61, 0xF5, 0xEC, 0x7F, 0x56,
    0xD8, 0x0B, 0x10, 0x3C, 0x54, 0xFF, 0x2E, 0xFE, 0xF1, 0x2F, 0x4D, 0x51, 0xC0, 0xA9, 0x3A, 0x1B,
    0xFE, 0x8B, 0x6A, 0x69, 0xFE, 0xAD, 0x10, 0xF3, 0xC9, 0xEC, 0x0D, 0x43, 0xDA, 0x6C, 0x61, 0x24,
    0x3A, 0x81, 0x7A, 0x36, 0x34, 0x4E, 0x16, 0x51, 0xE6, 0xD8, 0x9E, 0xF4, 0xF0, 0x46, 0x02, 0x17,
    0xFE, 0x51, 0xFA, 0x7B, 0x89, 0xB3, 0x9A, 0x8F, 0x6F, 0xA4, 0x88, 0x02, 0x61, 0x42, 0x80, 0xFF,
    0x00, 0xBD, 0x96, 0x01, 0x84, 0x66, 0xD7, 0x15, 0xC7, 0x7F, 0xEF, 0xBD, 0x9D, 0x7D, 0xCD, 0x3E,
    0x72, 0x07, 0x33, 0x95, 0xCE, 0x6A, 0x5E, 0x11, 0xC4, 0xEA, 0xE6, 0x41, 0x69, 0xC3, 0xCE, 0xDC,
    0x9B, 0xA6, 0x14, 0x54, 0x07, 0x3B, 0x05, 0x62, 0x8B, 0x40, 0xB6, 0x6A, 0x14, 0x98, 0x32, 0xC9,
    0xBB, 0x12, 0x14, 0xD0, 0x49, 0x8A, 0x22, 0xAA, 0x83, 0x0D, 0x9B, 0xAF, 0x68, 0xB0, 0x98, 0x32,
    0xBB, 0xEF, 0xEE, 0x16, 0x00, 0x5E, 0x9B, 0x2A, 0x84, 0xF6, 0x55, 0xB7, 0x6D, 0x35, 0xE8, 0x6D,
    0xBD, 0x34, 0x6F, 0x93, 0xF7, 0x7D, 0xA7, 0xF7, 0xBE, 0x6F, 0x26, 0x93, 0xA4, 0xB1, 0x80, 0xFE,
    0xDF, 0xB9, 0xF7, 0x7C, 0xEE, 0x39, 0xE7, 0x9C, 0x7B, 0xDE, 0x77, 0xEE, 0xB9, 0xEF, 0xFA, 0x21,
    0x7A, 0xA0, 0x1C, 0x29, 0xE6, 0x64, 0x0B, 0x10, 0x58, 0x87, 0xD9, 0x8D, 0x44, 0xBA, 0x4C, 0xAC,
    0x5A, 0x50, 0xF5, 0xD4, 0x2E, 0xAE, 0x71, 0x69, 0x06, 0x8D, 0x98, 0x44, 0xC4, 0xE5, 0x8B, 0xBA,
    0xAB, 0xFA, 0xD2, 0x37, 0xAE, 0x18, 0x77, 0x48, 0xAE, 0xB2, 0xC6, 0x7A, 0x26, 0xE6, 0x25, 0x25,
    0x1F, 0xCC, 0x2B, 0x91, 0x51, 0xBF, 0x2E, 0xFD, 0x4B, 0x34, 0xED, 0x1A, 0xE7, 0x58, 0xD9, 0xD9,
    0x31, 0x61, 0xCD, 0x69, 0x11, 0x1B, 0x86, 0x59, 0xDF, 0xD9, 0x61, 0x63, 0x36, 0x9B, 0x19, 0x2D,
    0x22, 0xD3, 0xC4, 0x34, 0x85, 0xF5, 0xAB, 0x68, 0x32, 0xAF, 0xAD, 0xF2, 0xFA, 0x41, 0xD3, 0x46,
    0x23, 0x25, 0x42, 0x2A, 0x03, 0xAC, 0xC0, 0x79, 0xA3, 0x7D, 0xD3, 0x4B, 0xDF, 0xF8, 0xCA, 0x31,
    0x41, 0xDB, 0x05, 0xCD, 0x3D, 0x41, 0x7E, 0x2D, 0x13, 0xBF, 0xC4, 0xCD, 0x69, 0x79, 0x8E, 0x8E,
    0x9E, 0x1D, 0x8D, 0xA3, 0xB6, 0xA9, 0xC4, 0xFC, 0xCA, 0x96, 0x0D, 0x4B, 0xB2, 0x4D, 0xB9, 0x40,
    0x8B, 0xBD, 0x53, 0xBA, 0xB1, 0x68, 0xC7, 0xC2, 0xDD, 0xD9, 0x75, 0x5A, 0x6C, 0x58, 0xC4, 0xC0,
    0xEC, 0xD5, 0x99, 0x4D, 0x83, 0x37, 0x9B, 0x4B, 0xB1, 0x40, 0x0D, 0x65, 0x4F, 0xD5, 0x69, 0x47,
    0x63, 0x04, 0xD6, 0xB8, 0x0A, 0xD7, 0x4D, 0xFA, 0xA6, 0x6E, 0xCB, 0x20, 0x69, 0x5A, 0x25, 0x62,
    0x32, 0x99, 0x2F, 0x37, 0xB8, 0xB3, 0x4D, 0xDE, 0x17, 0x5E, 0x79, 0xD5, 0x95, 0x6D, 0xD9, 0x56,
    0x4E, 0x3B, 0x6D, 0x6B, 0xB3, 0x8E, 0x6A, 0x9B, 0x10, 0x5C, 0xA8, 0x5C, 0x08, 0x7C, 0x77, 0x8E,
    0xBE, 0x37, 0xA2, 0x5F, 0x19, 0xB9, 0xFE, 0xF5, 0x1B, 0xCC, 0x5E, 0x9B, 0x99, 0xFA, 0x4F, 0x62,
    0x2B, 0xDF, 0x38, 0xD5, 0xEB, 0x36, 0x1B, 0x95, 0x4F, 0xE6, 0x79, 0xCF, 0x1A, 0xDB, 0x54, 0x86,
    0x98, 0x00, 0xE2, 0x38, 0x6A, 0x7E, 0xEC, 0xC6, 0x2F, 0x94, 0xF6, 0x0E, 0xB5, 0xA9, 0x45, 0xA8,
    0x64, 0x24, 0x97, 0x0E, 0xD6, 0x80, 0xDD, 0xFB, 0x64, 0x22, 0xA8, 0xE5, 0xFB, 0x75, 0xB5, 0xAD,
    0x42, 0x44, 0xD5, 0xAE, 0x91, 0x18, 0x6A, 0x8B, 0xD8, 0x44, 0xC8, 0x16, 0x14, 0x73, 0xD4, 0x48,
    0x35, 0xA0, 0x3D, 0x8D, 0x67, 0xC7, 0x90, 0x88, 0xCD, 0x22, 0x11, 0x73, 0x1D, 0x29, 0x27, 0x91,
    0x6E, 0x63, 0xD0, 0x1D, 0xC2, 0x2C, 0xE1, 0x69, 0xC2, 0x53, 0x3B, 0x3D, 0x3D, 0xEB, 0xE6, 0xE1,
    0x16, 0x97, 0x6E, 0xA0, 0xC7, 0xB8, 0x9E, 0xC7, 0x77, 0x02, 0x8D, 0x61, 0x3D, 0xAC, 0xDE, 0x44,
    0xFA, 0x54, 0xDA, 0x5C, 0xA2, 0x48, 0x77, 0xAC, 0x1B, 0xA8, 0x60, 0x8B, 0x4B, 0xB7, 0xA9, 0xE7,
    0x5C, 0x1F, 0xE1, 0x18, 0x06, 0x80, 0xC2, 0xA1, 0x2C, 0x6A, 0x46, 0x29, 0xA6, 0x9A, 0xF1, 0x54,
    0xD4, 0x62, 0x2A, 0xBD, 0x9B, 0xB5, 0x8C, 0x81, 0x4E, 0x55, 0x7B, 0x12, 0x4F, 0x1A, 0xA8, 0x23,
    0xEB, 0x48, 0x2D, 0x1B, 0x37, 0x63, 0x6C, 0x3D, 0xD0, 0xF8, 0x44, 0xDA, 0x4A, 0xAC, 0x5E, 0xA0,
    0x3D, 0x4F, 0x43, 0x72, 0x50, 0xB6, 0xDA, 0xDD, 0x61, 0x0C, 0x4F, 0x83, 0xE6, 0x02, 0x70, 0xE2,
    0x03, 0xCF, 0xE7, 0xDF, 0x33, 0xB5, 0x04, 0x02, 0x08, 0x3F, 0x1A, 0x21, 0x6B, 0xC9, 0x1D, 0x45,
    0x20, 0x7B, 0x12, 0x6D, 0xFD, 0x81, 0xD1, 0x12, 0xAB, 0x24, 0xF5, 0x53, 0xB4, 0x83, 0x50, 0xAB,
    0xC1, 0xC4, 0x05, 0x7D, 0x2A, 0x1F, 0x53, 0xD2, 0x2D, 0xF5, 0xF4, 0x16, 0xC4, 0xA5, 0x62, 0x45,
    0x90, 0x05, 0x12, 0xC2, 0xB5, 0x93, 0xB0, 0x3B, 0x15, 0x2E, 0xE9, 0xAF, 0x88, 0x50, 0x0B, 0x95,
    0x90, 0xBC, 0x11, 0xBC, 0x95, 0xA3, 0x8E, 0xCF, 0x50, 0x74, 0x00, 0x65, 0x5B, 0x1B, 0xED, 0x83,
    0xF3, 0x4E, 0xAC, 0x6E, 0xC5, 0x6C, 0x98, 0x17, 0x60, 0x1B, 0x15, 0xAB, 0xD6, 0x35, 0xD7, 0xDC,
    0x71, 0xDE, 0x06, 0x0A, 0x3F, 0x74, 0x3C, 0x9E, 0x51, 0x74, 0x7E, 0xA6, 0xE6, 0xE5, 0x50, 0x79,
    0xED, 0x1A, 0xB3, 0x46, 0xD6, 0x53, 0x0C, 0x28, 0x21, 0x11, 0x83, 0xD8, 0x67, 0x96, 0xDB, 0x99,
    0xD3, 0x74, 0xA4, 0xF3, 0xC2, 0x57, 0x6D, 0x6D, 0x1B, 0xD3, 0xFC, 0xAE, 0x99, 0xEB, 0x79, 0x31,
    0xC2, 0x69, 0xC5, 0x4E, 0xF5, 0x3A, 0x55, 0x6C, 0xC3, 0x0E, 0x11, 0xA5, 0xC8, 0x18, 0x47, 0x05,
    0xC3, 0x16, 0xF4, 0x9B, 0x24, 0x7E, 0x3F, 0x0C, 0x80, 0xC3, 0xF3, 0x3C, 0xDF, 0x2B, 0xFC, 0xED,
    0xFA, 0xA7, 0x5E, 0x7F, 0x28, 0xEE, 0x82, 0x7D, 0x21, 0x9E, 0x8C, 0x9B, 0xBA, 0x2D, 0xFB, 0xCA,
    0x2F, 0x4F, 0x46, 0x2E, 0x73, 0x32, 0xE9, 0x89, 0x95, 0xC6, 0x85, 0x99, 0xA5, 0x92, 0x96, 0x46,
    0x7C, 0x2A, 0x3F, 0xEF, 0x8B, 0x10, 0xBB, 0xF2, 0xE9, 0x62, 0xDD, 0xB0, 0xF3, 0xB0, 0x23, 0xFF,
    0xE9, 0xDA, 0xD6, 0x1F, 0xAF, 0xED, 0x6D, 0xD6, 0x72, 0x61, 0x5E, 0xCA, 0xBB, 0x63, 0x90, 0x0D,
    0xF5, 0x35, 0xF1, 0xB7, 0x13, 0xB1, 0x57, 0xCF, 0x7A, 0x4E, 0xB4, 0x31, 0xA7, 0x3D, 0xE7, 0x52,
    0xE8, 0x39, 0x87, 0x5A, 0x44, 0xBA, 0x3A, 0x4C, 0x2D, 0x11, 0x45, 0xFC, 0xA5, 0xC2, 0xE4, 0x82,
    0x45, 0xDC, 0xE7, 0x29, 0xAA, 0x8F, 0x7A, 0xD3, 0x7A, 0x10, 0xC0, 0x36, 0xEB, 0xB9, 0x98, 0xDB,
    0x4A, 0xFE, 0xF3, 0xF1, 0x58, 0x2E, 0xF6, 0xB7, 0xE8, 0x97, 0xB3, 0x36, 0x56, 0x8B, 0x2C, 0xA6,
    0x5E, 0x16, 0x04, 0x11, 0x6F, 0x6A, 0x89, 0x58, 0xD4, 0x13, 0x9B, 0x37, 0x13, 0x1B, 0xA3, 0xD7,
    0xA8, 0x43, 0x0A, 0x94, 0x06, 0xC4, 0x51, 0x48, 0x4B, 0x2D, 0xE4, 0xD2, 0x53, 0x89, 0xA5, 0x1E,
    0xA1, 0x6A, 0xE1, 0x51, 0xCE, 0x70, 0xC1, 0x02, 0x2C, 0xDB, 0x9F, 0x36, 0x00, 0x02, 0x90, 0xCC,
    0x01, 0xB2, 0x11, 0x20, 0xF7, 0x00, 0xAA, 0x7B, 0x98, 0xE2, 0xF0, 0xFF, 0x55, 0x5C, 0xE2, 0x11,
    0x94, 0x2D, 0xDB, 0xBC, 0xCB, 0x7C, 0xDE, 0xC5, 0x2A, 0xFC, 0x15, 0x11, 0xCA, 0x70, 0xA5, 0x84,
    0xFD, 0x0A, 0x8E, 0xC3, 0x18, 0xB4, 0x48, 0x1F, 0x86, 0x3F, 0xF9, 0x77, 0x46, 0x15, 0x07, 0x1C,
    0x3D, 0x0E, 0xFD, 0x53, 0xE0, 0xB7, 0x76, 0xBE, 0xE3, 0x83, 0xBC, 0x0B, 0x2F, 0xF7, 0x20, 0xB9,
    0xB1, 0x61, 0x4A, 0x11, 0xBF, 0x59, 0xFE, 0xC6, 0xDF, 0x2A, 0x4C, 0x1F, 0xAA, 0xF2, 0xBB, 0x31,
    0x50, 0x4E, 0x75, 0x2D, 0x9E, 0x8D, 0xBC, 0x47, 0x0D, 0xD4, 0x73, 0xF6, 0x36, 0x59, 0x05, 0x56,
    0xA0, 0x21, 0x7B, 0x40, 0xDE, 0x46, 0x8A, 0x27, 0xD9, 0x93, 0xF4, 0x91, 0x2E, 0x76, 0x68, 0xCB,
    0x1A, 0x4B, 0x4C, 0x05, 0xF1, 0x59, 0x55, 0xF1, 0x89, 0xCB, 0x6A, 0x87, 0xEB, 0x87, 0xD4, 0x3D,
    0xD5, 0x80, 0x1A, 0x3F, 0x7E, 0x77, 0x1E, 0x4E, 0xCD, 0xCE, 0xA8, 0x39, 0xDA, 0x9F, 0x74, 0xC6,
    0x78, 0x3F, 0x92, 0x8A, 0xD5, 0x14, 0xF2, 0xC1, 0x62, 0x3A, 0x5A, 0xE8, 0x77, 0x64, 0x40, 0xD3,
    0x74, 0xC4, 0x2A, 0x02, 0xEA, 0xAE, 0x1E, 0x76, 0x87, 0x6C, 0xC8, 0xBD, 0x6A, 0x93, 0xB3, 0x98,
    0x23, 0x94, 0x5D, 0xD3, 0x0B, 0xDA, 0xCB, 0xDB, 0x42, 0xFD, 0x2F, 0x79, 0x25, 0xCC, 0x6F, 0x2F,
    0x42, 0xC4, 0x8D, 0x7C, 0x4C, 0x6E, 0x40, 0xB2, 0x0D, 0x6C, 0x1C, 0xE8, 0x4E, 0xB7, 0xF5, 0xFD,
    0x7A, 0xAC, 0x87, 0xB2, 0x3F, 0x1F, 0x2A, 0xEF, 0x40, 0x4D, 0xD5, 0xFD, 0x8F, 0xD9, 0x2F, 0x5D,
    0x09, 0x85, 0xAB, 0x40, 0xD9, 0x2D, 0x50, 0x66, 0x13, 0xD4, 0xA7, 0xEA, 0xDC, 0x4C, 0x19, 0x9D,
    0xA1, 0x11, 0x99, 0x23, 0x71, 0x9A, 0xEA, 0xB4, 0x74, 0x8B, 0xEA, 0xEE, 0x3C, 0x5C, 0x5D, 0xFA,
    0xE5, 0xB1, 0x7E, 0x76, 0x6C, 0xB2, 0xE1, 0x7A, 0x7A, 0xA3, 0x5A, 0xA0, 0x85, 0x4B, 0x77, 0x60,
    0x13, 0xF6, 0xE1, 0x18, 0x8E, 0x00, 0x4B, 0xF2, 0x5A, 0x77, 0xA8, 0xE4, 0x9E, 0xAF, 0xE4, 0xDD,
    0x76, 0x53, 0x8B, 0x3B, 0xDA, 0x5A, 0xB0, 0x1A, 0x45, 0xAB, 0xC0, 0x69, 0xBD, 0x14, 0xE3, 0x72,
    0xE4, 0x3D, 0x3C, 0xCF, 0xF3, 0xB9, 0x98, 0x5E, 0xC9, 0xDF, 0x7C, 0x75, 0x51, 0xDA, 0x2B, 0x89,
    0x98, 0xD5, 0x15, 0xA0, 0x76, 0xD0, 0x9C, 0x0C, 0x4D, 0xC4, 0x6A, 0x22, 0x76, 0xC8, 0xE5, 0x43,
    0xAF, 0xDE, 0x91, 0xB6, 0xA4, 0x31, 0x4B, 0x77, 0x69, 0x57, 0xCA, 0xEB, 0x4E, 0x37, 0x62, 0xF6,
    0xF3, 0x39, 0xAB, 0x6C, 0x2F, 0x63, 0x1D, 0x7E, 0x99, 0xFC, 0x2F, 0x75, 0x4C, 0x30, 0xB6, 0x16,
    0x9B, 0xBB, 0x7D, 0x12, 0x7B, 0xC0, 0x12, 0x89, 0x2D, 0xDA, 0xCA, 0xEF, 0xDE, 0x57, 0x56, 0x99,
    0x92, 0x8A, 0xBA, 0xCF, 0xC4, 0x95, 0xF3, 0x13, 0xF6, 0xC3, 0x6D, 0x76, 0x58, 0xF9, 0xFE, 0x1E,
    0x11, 0x97, 0x03, 0x5B, 0x9B, 0xD8, 0xA3, 0x57, 0xDE, 0xE2, 0x32, 0x3C, 0xBA, 0xF6, 0x16, 0x90,
    0xB9, 0x48, 0xA4, 0x36, 0x12, 0x9F, 0x03, 0x9E, 0x60, 0xF5, 0x8B, 0xC0, 0xDE, 0xB9, 0xBD, 0x73,
    0xC0, 0xEA, 0xE5, 0xBD, 0x55, 0xE0, 0xDC, 0xE5, 0xBD, 0x2B, 0xD1, 0xC9, 0xE5, 0xBD, 0x27, 0x80,
    0xC7, 0x2E, 0x9F, 0xF8, 0x7C, 0x62, 0xD2, 0x7C, 0x8C, 0xC8, 0xBE, 0x02, 0x89, 0x89, 0x74, 0xEA,
    0x33, 0xF9, 0x16, 0x3F, 0x30, 0x4C, 0xF1, 0xA6, 0xE8, 0x4F, 0x32, 0x31, 0xCE, 0xD8, 0x27, 0xB7,
    0x6B, 0x18, 0xA8, 0xDB, 0xA2, 0xCF, 0xFB, 0xBA, 0x9B, 0x73, 0x00, 0x87, 0x85, 0x2F, 0xBD, 0x36,
    0x1A, 0x4D, 0xE5, 0x94, 0x4B, 0x2D, 0xBB, 0x03, 0xA9, 0x88, 0x29, 0x24, 0xE8, 0xC7, 0x8E, 0xFF,
    0x4C, 0xDE, 0xE9, 0xF2, 0xED, 0xE9, 0xFE, 0x9A, 0x46, 0xE5, 0x88, 0x58, 0x5D, 0xDD, 0x3F, 0xD2,
    0xA3, 0xF2, 0x95, 0x6F, 0xC6, 0x2B, 0x5F, 0x8B, 0xDB, 0xE7, 0xF8, 0x62, 0x5F, 0xDB, 0x3A, 0x28,
    0xA5, 0x03, 0x4F, 0x1A, 0x8E, 0xA8, 0x0F, 0x8A, 0x21, 0x1D, 0xAA, 0xFE, 0x8E, 0x39, 0xC4, 0x00,
    0x03, 0x55, 0x58, 0xD3, 0xA6, 0xE8, 0x6B, 0x97, 0xF5, 0xEF, 0xBB, 0xCA, 0xFF, 0xBB, 0x5B, 0xA4,
    0x9D, 0x3F, 0xCC, 0xDC, 0xAD, 0x15, 0x94, 0x53, 0x3E, 0xF3, 0x69, 0x18, 0xF1, 0x63, 0xEA, 0xE9,
    0x4F, 0x7D, 0xC8, 0xA5, 0x07, 0x64, 0x2D, 0x5F, 0xFD, 0x03, 0x8D, 0x70, 0xF1, 0x3D, 0x54, 0x8F,
    0xDE, 0xE7, 0x91, 0x2F, 0x51, 0x74, 0x8D, 0x89, 0x27, 0xFD, 0xA8, 0xBC, 0xEB, 0xBD, 0x32, 0xB7,
    0xE2, 0x38, 0x2A, 0x9D, 0x8F, 0x6B, 0x45, 0xDF, 0xD8, 0x35, 0xAE, 0xB0, 0x47, 0x33, 0xCA, 0xC0,
    0x2D, 0x3C, 0x87, 0xEB, 0x44, 0xAC, 0x1B, 0xED, 0x00, 0xC4, 0x54, 0x1E, 0xC8, 0x17, 0xA8, 0x85,
    0x21, 0x69, 0x06, 0x32, 0x91, 0x99, 0x48, 0x0B, 0x12, 0x01, 0x94, 0x81, 0xDD, 0x07, 0xD8, 0x95,
    0x07, 0x93, 0x25, 0xC0, 0x8A, 0xA9, 0x5A, 0x80, 0xDA, 0x96, 0x3D, 0x90, 0x0B, 0x85, 0xD8, 0x60,
    0x3F, 0x92, 0x4E, 0xF6, 0x1D, 0x34, 0x12, 0x60, 0xA0, 0x08, 0xAC, 0x07, 0xF8, 0xDE, 0x64, 0x3F,
    0xB5, 0x7B, 0xB4, 0x04, 0x9C, 0xCC, 0xB5, 0x9C, 0xB6, 0x8A, 0xAB, 0x6C, 0x3C, 0x54, 0x4A, 0xB2,
    0x03, 0xB0, 0x4D, 0x2D, 0x0B, 0x43, 0xE6, 0x33, 0x09, 0x78, 0x63, 0xB7, 0x53, 0x32, 0xC1, 0x95,
    0xF7, 0x57, 0x9A, 0xC9, 0xD2, 0x90, 0xEC, 0x4A, 0xCF, 0xFF, 0xE2, 0xE2, 0x32, 0x97, 0x54, 0x02,
    0x2C, 0x94, 0x91, 0x7B, 0x10, 0x99, 0xFD, 0x42, 0x46, 0x32, 0x69, 0xA3, 0x0A, 0x6A, 0x00, 0x10,
    0xBB, 0xCC, 0x51, 0x3B, 0x3E, 0x13, 0x07, 0x2C, 0x31, 0x9C, 0x5C, 0x61, 0x71, 0xAF, 0x13, 0x5C,
    0x23, 0x13, 0x2C, 0x13, 0xE6, 0x2C, 0xE1, 0x59, 0xC2, 0x90, 0xBC, 0x6A, 0xD4, 0x87, 0xAE, 0xBA,
    0xE6, 0xB6, 0x94, 0xDD, 0x57, 0xE6, 0xB8, 0xE4, 0x58, 0x53, 0x2F, 0x28, 0x9F, 0x83, 0x17, 0xC8,
    0xC5, 0x96, 0x3F, 0x72, 0x5A, 0x39, 0x2D, 0x6C, 0x6D, 0xB3, 0x09, 0xD5, 0x82, 0x62, 0x20, 0xB1,
    0x59, 0x9B, 0x98, 0x15, 0x73, 0x7A, 0x10, 0xB7, 0x82, 0x68, 0x9F, 0x3D, 0x92, 0x1B, 0x28, 0x89,
    0xBD, 0x7C, 0xB3, 0x70, 0xC7, 0xCA, 0x46, 0xAA, 0xD0, 0x73, 0x8A, 0x8E, 0x95, 0xC4, 0x54, 0xB9,
    0xDB, 0x2A, 0xDC, 0x66, 0x08, 0x14, 0xA8, 0x34, 0x31, 0xD0, 0x3F, 0xA9, 0x9E, 0x0B, 0x56, 0x6A,
    0xA1, 0xBF, 0xF1, 0x22, 0xC7, 0xD3, 0xA3, 0x87, 0x8B, 0x1D, 0xC9, 0x21, 0xD3, 0xA7, 0x5B, 0xF2,
    0x93, 0x56, 0x49, 0xDC, 0xDE, 0xE6, 0x72, 0x7B, 0xEA, 0x74, 0x7B, 0x3F, 0xFB, 0x48, 0x85, 0xEC,
    0xF7, 0x26, 0x97, 0xAE, 0xF8, 0xB3, 0x57, 0xF7, 0xBC, 0x7A, 0xB6, 0x2B, 0xB3, 0xF6, 0x24, 0x50,
    0x61, 0x56, 0x2E, 0xA4, 0x56, 0x35, 0x7F, 0x0C, 0xAD, 0xE7, 0xBD, 0xBE, 0xFC, 0x66, 0xDB, 0x57,
    0xC5, 0x5D, 0xBF, 0xA5, 0x5E, 0xF6, 0x9B, 0x41, 0x6F, 0x5F, 0x65, 0xED, 0xDE, 0xE3, 0x99, 0x5B,
    0x79, 0x44, 0xDD, 0x51, 0x7F, 0x2F, 0xED, 0x59, 0x16, 0x90, 0xB6, 0xF9, 0x7D, 0x3D, 0x9E, 0x65,
    0xA7, 0x3B, 0xD5, 0x5E, 0x5D, 0x31, 0x47, 0x61, 0xD3, 0x5B, 0xEC, 0xEF, 0xB3, 0x3F, 0xB0, 0xE9,
    0xD1, 0x2D, 0xDA, 0xF2, 0x14, 0x24, 0xE6, 0x6A, 0xF6, 0x5B, 0x9F, 0xBE, 0xEF, 0x12, 0x31, 0xCC,
    0x49, 0x17, 0x14, 0x21, 0xB1, 0x6F, 0xDB, 0x17, 0x0B, 0xFB, 0x5F, 0xD5, 0x9B, 0x3D, 0xAC, 0xEC,
    0xE8, 0x59, 0xC7, 0xED, 0x99, 0xEC, 0x1A, 0x31, 0x85, 0x53, 0xE4, 0x4A, 0x28, 0x5B, 0x98, 0x82,
    0x2A, 0x08, 0xB9, 0xA1, 0xA2, 0xC0, 0x23, 0x22, 0x41, 0xC9, 0x16, 0x7B, 0x88, 0xC4, 0x16, 0xDB,
    0x50, 0x05, 0xA1, 0xD3, 0x50, 0x21, 0xC0, 0x4E, 0x28, 0xB6, 0xA0, 0xE0, 0x22, 0x91, 0x2A, 0x45,
    0x52, 0x50, 0xB0, 0xE7, 0x16, 0xA7, 0x97, 0xA2, 0x78, 0xB2, 0x5B, 0x50, 0xA4, 0xD8, 0x09, 0x52,
    0xA0, 0x48, 0x11, 0xA3, 0xEC, 0x06, 0xD8, 0x2D, 0xAE, 0x09, 0xBE, 0xC8, 0xF7, 0xC6, 0xF6, 0xC3,
    0xFB, 0xFF, 0x3D, 0xEF, 0x31, 0x66, 0x6E, 0x0E, 0xBB, 0xA0, 0x25, 0xE4, 0x8E, 0xE6, 0x3C, 0xCF,
    0x3B, 0x1E, 0x8F, 0xDF, 0xE7, 0xFB, 0xCB, 0x3E, 0x49, 0xF2, 0xF3, 0x6F, 0x25, 0xE1, 0x75, 0x58,
    0x04, 0xF7, 0x26, 0x98, 0x58, 0x23, 0x58, 0x9F, 0x04, 0xCB, 0xB3, 0xE0, 0x4B, 0x47, 0x41, 0xBD,
    0x32, 0x33, 0x3B, 0x27, 0x79, 0x80, 0xA7, 0x0D, 0x6C, 0x92, 0x22, 0xC0, 0x63, 0x52, 0x4E, 0x3A,
    0xA7, 0x72, 0x38, 0x72, 0x95, 0x41, 0xB0, 0xED, 0x81, 0x40, 0x33, 0x1B, 0x80, 0x7D, 0x92, 0x02,
    0x77, 0xC0, 0xBD, 0x7D, 0xF7, 0xEA, 0xD5, 0x00, 0x1B, 0xE8, 0x38, 0xB2, 0x15, 0x94, 0x01, 0x73,
    0x87, 0x50, 0x59, 0x6C, 0x37, 0x04, 0x56, 0x01, 0x26, 0x40, 0xBE, 0x6F, 0xFE, 0x44, 0xDB, 0x7F,
    0xC7, 0xB4, 0xFD, 0xDF, 0x09, 0xB6, 0x6F, 0x0B, 0x56, 0x5F, 0x9A, 0xC5, 0x4A, 0xF2, 0xAA, 0x73,
    0xF2, 0xA2, 0x70, 0x04, 0xB4, 0x63, 0x0D, 0x04, 0x26, 0x2D, 0x50, 0x60, 0x59, 0x2F, 0xB7, 0x6C,
    0x2E, 0x27, 0x3E, 0xA1, 0x5C, 0xF0, 0x81, 0x28, 0x87, 0x42, 0xBF, 0x5C, 0xCD, 0x66, 0x2D, 0x5C,
    0xDB, 0xD3, 0xCC, 0xBA, 0x44, 0xEF, 0x3E, 0xD1, 0xC7, 0x3E, 0xB5, 0x53, 0x60, 0x6A, 0x07, 0x14,
    0xE5, 0x26, 0xB8, 0xB3, 0x2E, 0xB3, 0xDF, 0x7C, 0xC3, 0x4E, 0x99, 0x1D, 0xCC, 0x9A, 0x83, 0x60,
    0xD8, 0xEA, 0x60, 0x53, 0x92, 0xCF, 0xBA, 0x40, 0x78, 0xBD, 0x86, 0x2C, 0xD3, 0x9B, 0xAF, 0xC3,
    0xEC, 0x69, 0x65, 0xB0, 0x74, 0x99, 0x71, 0x8E, 0x1D, 0x39, 0xF3, 0x42, 0xF2, 0x87, 0xE7, 0xE4,
    0x1F, 0xC5, 0x11, 0xE9, 0x77, 0xC9, 0x03, 0x91, 0x7C, 0xBD, 0x95, 0xBC, 0xC3, 0x0E, 0x78, 0x16,
    0x01, 0x6C, 0xBD, 0x03, 0x22, 0xF9, 0xFB, 0xE5, 0xBF, 0x00, 0x11, 0x55, 0xDC, 0xEA, 0x72, 0xC3,
    0xF5, 0xF5, 0x8A, 0xE4, 0x2C, 0xD5, 0x76, 0x50, 0xDB, 0x27, 0x15, 0xEB, 0xD6, 0x3E, 0x68, 0x4F,
    0xA9, 0x8D, 0x49, 0xD6, 0xEC, 0xA1, 0xE1, 0xC0, 0x5E, 0x91, 0xF1, 0x79, 0x63, 0x38, 0xE8, 0xB4,
    0x06, 0xB6, 0x28, 0xC1, 0xA1, 0x2B, 0xD0, 0x36, 0xAC, 0xB4, 0x0E, 0x9D, 0x51, 0xFF, 0x6D, 0x38,
    0x43, 0x56, 0xF1, 0xFE, 0xB5, 0x0B, 0xE9, 0x1C, 0xC5, 0x96, 0x02, 0xC3, 0x17, 0x8B, 0x38, 0xBB,
    0xDA, 0x50, 0x7B, 0x6D, 0xEF, 0x89, 0x61, 0x33, 0x91, 0x12, 0x0D, 0x68, 0x96, 0xDE, 0x1F, 0x85,
    0x0B, 0xDA, 0x90, 0x7C, 0xE6, 0x42, 0x6E, 0x0E, 0xDD, 0xAA, 0x67, 0x36, 0x86, 0x8D, 0xD2, 0x7A,
    0x98, 0x99, 0x10, 0xA8, 0xFD, 0xE7, 0x17, 0x85, 0x4B, 0x17, 0xB8, 0x73, 0xA9, 0xAF, 0xB2, 0xFF,
    0x43, 0x8E, 0xD7, 0x5F, 0xB9, 0xB6, 0x06, 0x7E, 0x13, 0xC1, 0x19, 0x12, 0x7A, 0xC9, 0x07, 0x35,
    0x3C, 0x10, 0x40, 0x19, 0xB9, 0xA1, 0x08, 0xD4, 0x50, 0x4C, 0x2E, 0xFC, 0x4A, 0x7F, 0xA3, 0xFB,
    0x59, 0xDB, 0xF3, 0x07, 0x8D, 0xD6, 0xB1, 0x8F, 0x74, 0xBB, 0xE7, 0xAF, 0x41, 0xAB, 0x59, 0xF8,
    0x3B, 0xAC, 0x97, 0x72, 0xE3, 0x2F, 0x2F, 0x2E, 0x95, 0x1C, 0xCE, 0xDF, 0x08, 0x47, 0x7E, 0xB4,
    0x84, 0x8F, 0xFF, 0x66, 0x01, 0xFC, 0x20, 0xAC, 0xCA, 0x77, 0xA6, 0xCB, 0x68, 0x00, 0x4D, 0x5C,
    0x8D, 0x4B, 0x41, 0x16, 0x74, 0xB9, 0x55, 0x54, 0x80, 0x51, 0x60, 0x70, 0x43, 0x84, 0x3A, 0x48,
    0xC3, 0xFE, 0x20, 0x10, 0x0A, 0x01, 0xD0, 0x08, 0x91, 0xDB, 0x0B, 0xDF, 0x7B, 0xF5, 0xF1, 0x0E,
    0xAC, 0xDF, 0x09, 0x94, 0xCF, 0x9F, 0x80, 0x68, 0xE2, 0xCE, 0x17, 0xDB, 0xAF, 0x3B, 0xAF, 0xDB,
    0x4B, 0x3E, 0xEC, 0xBC, 0xF2, 0x05, 0xE0, 0xEA, 0xF7, 0xF0, 0xB5, 0xBD, 0xBA, 0x6B, 0xF8, 0x60,
    0x27, 0xA9, 0xB0, 0x11, 0x90, 0x32, 0xA5, 0x51, 0x7D, 0x59, 0x62, 0x7C, 0x18, 0xB2, 0xB1, 0xDA,
    0x11, 0x99, 0x3C, 0x97, 0x6C, 0x57, 0x8B, 0x8B, 0xD7, 0x57, 0xD0, 0xE2, 0xFB, 0x43, 0x0B, 0x32,
    0x80, 0x67, 0xC8, 0x41, 0x28, 0x90, 0x03, 0x7D, 0xBE, 0x12, 0xAA, 0x6D, 0x61, 0xD5, 0xCB, 0x7D,
    0x3A, 0x27, 0xD2, 0xCC, 0x26, 0x17, 0x81, 0x5F, 0x9B, 0x30, 0xF6, 0xC3, 0xD6, 0x10, 0x46, 0x78,
    0xE7, 0xD6, 0x48, 0x22, 0xE1, 0x9D, 0x61, 0x30, 0x4D, 0x90, 0x4C, 0x34, 0x9D, 0x80, 0xB4, 0x3A,
    0x98, 0x3E, 0x48, 0x4C, 0x81, 0x94, 0xCC, 0x50, 0x50, 0x3D, 0x87, 0xC3, 0x72, 0xBD, 0x56, 0x31,
    0xCE, 0x1E, 0x05, 0xD8, 0xDA, 0x20, 0x77, 0x0A, 0xB0, 0x0D, 0x9B, 0x15, 0x78, 0x5F, 0xBB, 0x46,
    0xED, 0xFA, 0xA9, 0x1C, 0xC6, 0x42, 0xF4, 0x4B, 0xB7, 0xD6, 0x04, 0x39, 0xE8, 0x3C, 0xF5, 0xC5,
    0x22, 0x62, 0xE0, 0x95, 0x05, 0xAC, 0x8A, 0x08, 0x71, 0x2A, 0x32, 0x5C, 0x1B, 0x99, 0x2F, 0x46,
    0x11, 0x81, 0x42, 0x20, 0x0A, 0x7E, 0xF3, 0x85, 0xC5, 0xB3, 0x9B, 0xD6, 0xDE, 0x72, 0xC1, 0xAF,
    0xD9, 0x07, 0x01, 0xA4, 0x42, 0x22, 0x69, 0xE7, 0xD8, 0x4E, 0x38, 0xE4, 0x70, 0xB0, 0xB3, 0xF6,
    0x69, 0xFB, 0x9D, 0x16, 0x47, 0x44, 0xD7, 0x69, 0x1F, 0x22, 0xBF, 0xF6, 0xB1, 0x2E, 0xD0, 0xE8,
    0x94, 0x86, 0x9F, 0x88, 0x52, 0xA4, 0x57, 0xCC, 0x81, 0xAE, 0x0F, 0xCC, 0xA0, 0x94, 0x2D, 0x4A,
    0x5F, 0x8C, 0x50, 0x8A, 0x1C, 0xA0, 0xD4, 0xC6, 0x4F, 0x2A, 0x55, 0x8D, 0xDB, 0x54, 0x75, 0xBA,
    0x4B, 0x55, 0x4F, 0x32, 0xEB, 0x2F, 0x53, 0x95, 0x91, 0xAA, 0xAC, 0x13, 0x6B, 0x30, 0x98, 0x4A,
    0xCF, 0x47, 0xB4, 0x2D, 0x1F, 0x40, 0xB7, 0x4D, 0xBE, 0x48, 0xB4, 0xF9, 0xEC, 0x5E, 0x18, 0x4A,
    0x9E, 0x1B, 0x10, 0x66, 0x8F, 0x50, 0x3D, 0x78, 0x09, 0xED, 0x17, 0x37, 0xC5, 0x11, 0xF4, 0xD2,
    0xAB, 0x17, 0xCA, 0xEC, 0xDC, 0x5A, 0xCE, 0xA2, 0xFE, 0x60, 0x8D, 0xD4, 0x58, 0x98, 0xDB, 0xAB,
    0x87, 0x1C, 0xEB, 0x75, 0x5D, 0x7C, 0xA6, 0x1A, 0x33, 0x6B, 0xE4, 0x52, 0x85, 0x11, 0x2C, 0xD8,
    0xAE, 0x7D, 0x42, 0xA0, 0x85, 0x23, 0x50, 0xE3, 0x89, 0xE5, 0xE8, 0xA8, 0x91, 0x07, 0xFD, 0x83,
    0xFB, 0xEE, 0x97, 0xED, 0x2C, 0x74, 0xB4, 0x0E, 0x27, 0xF6, 0xF8, 0x49, 0x6A, 0xC8, 0x8D, 0xED,
    0xF2, 0x05, 0x24, 0x1A, 0x16, 0x68, 0x90, 0x91, 0x94, 0x42, 0x47, 0x57, 0x4D, 0x23, 0xC5, 0xEC,
    0x9D, 0xB1, 0x2F, 0x2A, 0x31, 0x47, 0x07, 0xE7, 0x64, 0x78, 0x72, 0xB4, 0x5B, 0x40, 0x89, 0x39,
    0x7A, 0xB0, 0x61, 0x7A, 0x0E, 0x64, 0x8D, 0xDA, 0x62, 0x2F, 0x34, 0x05, 0x0A, 0x06, 0xA1, 0x22,
    0x50, 0x53, 0x8C, 0xC4, 0x80, 0x72, 0x94, 0x43, 0xE8, 0xC2, 0x58, 0x42, 0xBF, 0x17, 0xAA, 0xFB,
    0x6C, 0x96, 0xE6, 0xBA, 0x1C, 0x74, 0xAE, 0x7E, 0x24, 0x05, 0x9D, 0xEA, 0x1F, 0xD8, 0x31, 0x20,
    0x7B, 0x47, 0x56, 0xF6, 0xB6, 0x7D, 0xDE, 0x02, 0xB7, 0x6F, 0x2E, 0xA8, 0xEA, 0xB7, 0xA7, 0x83,
    0xB4, 0x54, 0x0E, 0xEC, 0x55, 0x77, 0x61, 0x93, 0x6C, 0xB1, 0x53, 0x31, 0x91, 0x34, 0x8A, 0x51,
    0xBE, 0x97, 0x94, 0x72, 0x84, 0x49, 0x7B, 0x15, 0x32, 0xBF, 0x9E, 0x1C, 0x55, 0x07, 0x24, 0x5F,
    0x0C, 0x34, 0x60, 0x05, 0x01, 0x25, 0x09, 0x4C, 0xB7, 0xA7, 0x7C, 0x04, 0x15, 0x84, 0xB5, 0x8E,
    0x80, 0x5D, 0x99, 0x7B, 0xA2, 0x07, 0xAC, 0xB4, 0x7D, 0x2F, 0xB9, 0x78, 0xC9, 0x12, 0x52, 0xEB,
    0x84, 0x24, 0x3B, 0x3B, 0x23, 0x49, 0xEB, 0x10, 0x6F, 0xDB, 0x93, 0xD8, 0xEB, 0xDE, 0x73, 0xCB,
    0xA0, 0x03, 0x12, 0x81, 0x75, 0x12, 0x2A, 0x2E, 0x9D, 0x4F, 0xB8, 0x6F, 0x3E, 0xE7, 0x46, 0x61,
    0x8D, 0x89, 0x67, 0xA6, 0x30, 0x26, 0xCE, 0x7A, 0x90, 0x75, 0x1E, 0x2C, 0x4F, 0x6C, 0xE8, 0xB1,
    0xD3, 0xCC, 0xED, 0x71, 0x72, 0x34, 0x3A, 0x31, 0x3D, 0x7A, 0x80, 0xE6, 0x3F, 0x52, 0xBC, 0xC1,
    0x2B, 0x12, 0xD0, 0xE4, 0xA8, 0x77, 0xD4, 0x70, 0x3E, 0x16, 0xEB, 0xD6, 0xDA, 0x42, 0x32, 0x94,
    0x2F, 0xC4, 0x9F, 0x18, 0x74, 0x8A, 0x09, 0x54, 0x7A, 0xE4, 0xA9, 0x22, 0x1A, 0x65, 0x64, 0x0A,
    0x35, 0x07, 0x67, 0x33, 0x8F, 0x68, 0xF1, 0x2B, 0xCC, 0xA0, 0x62, 0xE2, 0x42, 0x25, 0x57, 0xE0,
    0xA7, 0x42, 0x23, 0x57, 0xA8, 0x07, 0x59, 0xAB, 0x44, 0x93, 0x79, 0x7C, 0x21, 0xA8, 0xF4, 0x17,
    0x34, 0x14, 0xC4, 0xA4, 0x3B, 0x54, 0x0A, 0x35, 0x31, 0x6C, 0x44, 0xB4, 0xFA, 0xE2, 0x2E, 0x22,
    0x38, 0x63, 0x0B, 0xD0, 0x5A, 0x3C, 0xF0, 0x8A, 0xE5, 0x67, 0xEE, 0x52, 0x28, 0x1C, 0x55, 0x8E,
    0x6A, 0x47, 0xF6, 0x58, 0x28, 0xB5, 0xAF, 0x0D, 0xFC, 0xBE, 0x10, 0xCA, 0x96, 0x62, 0xD4, 0xCF,
    0xA6, 0x5C, 0xA8, 0x1C, 0x41, 0x55, 0x9F, 0xE3, 0xA3, 0x8E, 0xEC, 0x2C, 0xA4, 0x20, 0x38, 0xB1,
    0xAD, 0xD0, 0xC1, 0xA8, 0x66, 0x72, 0x10, 0xD4, 0xAB, 0xA4, 0x70, 0x64, 0xCF, 0x6E, 0x6E, 0x9D,
    0x47, 0x8F, 0x3D, 0x42, 0x92, 0x44, 0x4C, 0x29, 0x7B, 0x65, 0x3C, 0x50, 0xA5, 0xEB, 0xF1, 0x05,
    0x05, 0x25, 0x30, 0xDF, 0x14, 0xC1, 0x85, 0xE0, 0x5A, 0x87, 0xDE, 0x53, 0xFE, 0x3E, 0xFB, 0xAB,
    0x18, 0x3F, 0x80, 0x03, 0xD1, 0x63, 0x06, 0x9A, 0x68, 0xBE, 0x26, 0xBD, 0x1D, 0x04, 0x95, 0xDA,
    0x9C, 0x94, 0xA0, 0x90, 0x70, 0x24, 0x5F, 0x44, 0x4F, 0x80, 0xD5, 0xE2, 0xA9, 0x8D, 0x0D, 0x47,
    0xB8, 0xE9, 0xBC, 0x54, 0x15, 0x7C, 0x0F, 0xE1, 0x2E, 0x0F, 0x9D, 0xE9, 0xE3, 0x86, 0xC2, 0xDE,
    0x7F, 0x20, 0x63, 0x68, 0x27, 0x32, 0xB4, 0x92, 0x34, 0x70, 0x20, 0x4D, 0xE3, 0x15, 0x6D, 0xFF,
    0xB2, 0x82, 0x35, 0x24, 0x72, 0xBA, 0x60, 0x17, 0xE9, 0xDC, 0xD9, 0x77, 0xA1, 0xF0, 0xE4, 0x39,
    0x78, 0xA7, 0xC5, 0x45, 0xD4, 0x56, 0x06, 0x2A, 0xAC, 0xC9, 0xED, 0x46, 0xB9, 0xC7, 0x13, 0xCF,
    0x4A, 0xE7, 0x59, 0x14, 0x3E, 0x7D, 0x31, 0x5A, 0x08, 0x28, 0xD2, 0xBA, 0x70, 0x0C, 0x03, 0x83,
    0x47, 0x22, 0x36, 0xAF, 0x1D, 0x7B, 0x4A, 0x86, 0x16, 0x08, 0x09, 0x20, 0x8D, 0x45, 0x1D, 0xC4,
    0x48, 0x48, 0xC2, 0x2E, 0x32, 0xE1, 0xB5, 0xB4, 0x84, 0x28, 0x52, 0x92, 0xD3, 0x93, 0x1B, 0x14,
    0x39, 0x81, 0xD5, 0x84, 0xE1, 0x49, 0x2D, 0x10, 0x66, 0x3D, 0x38, 0xF5, 0xBC, 0xED, 0x1E, 0x4C,
    0x52, 0x39, 0xBA, 0x0B, 0xF3, 0xEA, 0xB2, 0x88, 0x0F, 0x8E, 0xCF, 0xB9, 0xE3, 0xD3, 0x8A, 0x67,
    0x17, 0x4C, 0x31, 0x81, 0x8F, 0x5C, 0x3A, 0xB3, 0x58, 0x6E, 0x83, 0xC1, 0x9F, 0xFB, 0x7A, 0xC2,
    0x8C, 0xE1, 0x05, 0x18, 0x1C, 0xA4, 0x8A, 0x44, 0x03, 0xF1, 0x9D, 0x4C, 0x46, 0x03, 0xD6, 0x92,
    0x60, 0xAC, 0x8F, 0xC1, 0x5E, 0xB9, 0xDF, 0xE3, 0xFD, 0x81, 0x20, 0x3F, 0x85, 0x53, 0x8B, 0xC5,
    0x77, 0xB0, 0x53, 0xE5, 0x42, 0x08, 0x1A, 0x33, 0x0F, 0xF3, 0xBF, 0xA1, 0x2C, 0xCE, 0xA5, 0xDF,
    0xB1, 0x37, 0x3D, 0x80, 0xD9, 0x3F, 0xD9, 0xD7, 0xA0, 0x89, 0xBA, 0x66, 0x5A, 0x57, 0xB0, 0x8B,
    0xFF, 0xC2, 0xEC, 0x7E, 0x5D, 0xE5, 0x76, 0xBB, 0xB4, 0x6E, 0xBC, 0x56, 0x4C, 0x2E, 0xA2, 0x76,
    0x2A, 0xA7, 0x72, 0xE6, 0x07, 0x43, 0x35, 0x42, 0xC0, 0xDE, 0xBA, 0x6A, 0xF0, 0xE6, 0x22, 0x10,
    0xD2, 0x43, 0x5E, 0x69, 0xCA, 0xC4, 0xDA, 0xB7, 0x9D, 0x45, 0x3C, 0x99, 0x4D, 0xC4, 0xAB, 0x40,
    0xD9, 0x5B, 0x8F, 0x89, 0xF5, 0xFA, 0x41, 0xA2, 0xB7, 0x12, 0xE9, 0x91, 0x09, 0x80, 0x88, 0xE1,
    0xF5, 0xB2, 0xF1, 0x6B, 0xF7, 0xDF, 0xCD, 0xF8, 0xA0, 0x7A, 0xFF, 0x3A, 0x9C, 0xF7, 0x4B, 0x49,
    0xB6, 0x71, 0x16, 0x87, 0x7B, 0xA0, 0x57, 0xB0, 0xF5, 0x82, 0xF5, 0x8F, 0xC0, 0x46, 0x90, 0xC6,
    0x83, 0x0C, 0xFC, 0xD2, 0xEB, 0xE6, 0xBA, 0xDD, 0xB8, 0x4C, 0x01, 0x5C, 0x6D, 0xE1, 0xD3, 0x7C,
    0xFB, 0xA7, 0xC7, 0x57, 0x6C, 0x70, 0x27, 0x01, 0x9E, 0x04, 0x17, 0x35, 0xE5, 0x78, 0xCB, 0x83,
    0x57, 0x5F, 0xF4, 0x42, 0x85, 0x3A, 0xAC, 0x3D, 0x81, 0xDC, 0xB1, 0x33, 0x43, 0x9C, 0x36, 0x23,
    0x20, 0x37, 0x8D, 0x57, 0x68, 0xB5, 0xD6, 0xD7, 0x0B, 0xCE, 0xF4, 0x8B, 0x5E, 0x4F, 0xA7, 0xE6,
    0x9B, 0xEC, 0xC0, 0x6B, 0xB7, 0xBB, 0xE2, 0x2C, 0xE2, 0xC3, 0xB2, 0xF6, 0xFA, 0x45, 0x6C, 0xF7,
    0x63, 0x43, 0xBF, 0x76, 0xDD, 0xB1, 0xF1, 0x5E, 0x67, 0x0A, 0xB1, 0xFD, 0x5E, 0x27, 0x0B, 0x06,
    0x3E, 0x6B, 0x49, 0x6E, 0x62, 0xC4, 0x40, 0xA7, 0x03, 0x3B, 0x3B, 0x17, 0xA6, 0xD3, 0xE5, 0xFD,
    0x4E, 0x22, 0x06, 0xF0, 0xC0, 0x5A, 0x64, 0x7B, 0xA9, 0x78, 0x00, 0xF7, 0xDE, 0xDE, 0x52, 0x8F,
    0x09, 0x37, 0x90, 0x55, 0xC7, 0x99, 0x49, 0x9A, 0x6C, 0xAB, 0xAA, 0x32, 0x5C, 0xF1, 0xA0, 0xDD,
    0x6B, 0x05, 0x6B, 0x2D, 0xCC, 0x1A, 0x16, 0x54, 0xAC, 0x05, 0xB1, 0xD7, 0x7C, 0x50, 0x94, 0x11,
    0x47, 0xBD, 0x45, 0xF6, 0x45, 0xF1, 0x63, 0x95, 0x46, 0x8F, 0x03, 0x5F, 0x1F, 0x6A, 0x87, 0xEF,
    0x05, 0x17, 0x7E, 0x57, 0xF1, 0xF4, 0x7B, 0x63, 0x62, 0x7F, 0x11, 0x16, 0xF6, 0xED, 0x31, 0xB5,
    0x62, 0x64, 0xB1, 0x5F, 0x4A, 0x55, 0x30, 0x7F, 0x3E, 0x66, 0x53, 0xA5, 0xC5, 0x9B, 0x53, 0x3E,
    0x56, 0x8A, 0xEF, 0xBF, 0x35, 0x15, 0x7D, 0xAD, 0x6D, 0xC2, 0x17, 0x5D, 0xDB, 0xB1, 0xA8, 0x4F,
    0xED, 0x39, 0x58, 0xDF, 0x7E, 0xB2, 0x46, 0x04, 0xCE, 0xFB, 0xD9, 0x12, 0x11, 0x38, 0xEF, 0x6D,
    0x49, 0xB5, 0x98, 0xF6, 0x36, 0x05, 0x01, 0xB1, 0x18, 0xF7, 0xA2, 0x34, 0xC0, 0x7E, 0x2F, 0x4A,
    0x87, 0xBD, 0x75, 0x5A, 0x54, 0x8A, 0x85, 0xD9, 0xE2, 0x8B, 0x86, 0xE1, 0x37, 0x72, 0xFA, 0xAF,
    0x65, 0x6F, 0x7F, 0x59, 0xF6, 0x0A, 0x51, 0xF6, 0xEE, 0xB6, 0x65, 0x2F, 0xA8, 0x8D, 0x65, 0xEF,
    0x93, 0xAB, 0xD7, 0xCD, 0x43, 0x25, 0xC8, 0x5B, 0x72, 0xAF, 0x79, 0x40, 0xA4, 0xAB, 0x7A, 0x53,
    0x7A, 0x1F, 0x2F, 0x4A, 0xEF, 0xE7, 0x68, 0x28, 0x9E, 0x2B, 0xBD, 0x2F, 0x69, 0xD8, 0x0C, 0x2A,
    0x29, 0xDB, 0x52, 0x36, 0xF7, 0x8A, 0x6D, 0x2D, 0x33, 0xCC, 0x1E, 0xD9, 0x18, 0x7E, 0x34, 0x24,
    0xDA, 0x5D, 0x57, 0x92, 0xCB, 0xA9, 0xAE, 0xD3, 0x5B, 0x7F, 0xE5, 0xEC, 0x99, 0x7B, 0x72, 0x34,
    0x82, 0xEA, 0x01, 0xD4, 0xF6, 0x9C, 0x02, 0x5A, 0x44, 0x95, 0xC8, 0x12, 0x5A, 0x7D, 0x94, 0xEF,
    0xEA, 0x11, 0x87, 0x92, 0xDF, 0x8B, 0xC0, 0xCE, 0x6B, 0xCC, 0x93, 0xC6, 0x97, 0x2D, 0x7B, 0x11,
    0xB9, 0x7D, 0x7A, 0xB0, 0x7A, 0x6D, 0x61, 0xF3, 0xA6, 0xEF, 0xCC, 0xCC, 0x0B, 0xE2, 0x0D, 0x3A,
    0x83, 0x36, 0x5D, 0xC3, 0xB6, 0xEF, 0x78, 0xBE, 0x73, 0x01, 0xAD, 0x9D, 0x0B, 0xE8, 0x2C, 0x72,
    0xEF, 0xED, 0x5C, 0xAA, 0xD8, 0xB9, 0x0C, 0x18, 0xC1, 0x3D, 0x9D, 0x0B, 0x57, 0xB8, 0xE8, 0x9E,
    0x4E, 0x17, 0xDD, 0x53, 0x00, 0xCF, 0x98, 0xB6, 0xC5, 0x94, 0xE7, 0x2C, 0x3B, 0xE1, 0x94, 0x5D,
    0x3B, 0xEB, 0x11, 0x95, 0xD7, 0xC9, 0xF2, 0x79, 0xC1, 0xBA, 0xD7, 0x91, 0x96, 0x32, 0xC3, 0x3A,
    0x89, 0xCD, 0xDE, 0x7F, 0xC3, 0xCE, 0xD8, 0x4D, 0x03, 0xC4, 0x78, 0x44, 0xAC, 0x31, 0xBA, 0xFA,
    0xCA, 0xAB, 0xCF, 0x17, 0x39, 0xF7, 0x97, 0xA3, 0xD5, 0x27, 0x3F, 0xD1, 0xBE, 0xBF, 0x46, 0x03,
    0x7E, 0x42, 0x13, 0x6D, 0x88, 0x9A, 0x01, 0x75, 0x00, 0x53, 0x2B, 0x60, 0x48, 0xE2, 0x62, 0x94,
    0x7A, 0x39, 0x29, 0x9D, 0x3E, 0x72, 0x52, 0x2A, 0xE0, 0x93, 0xD2, 0x8F, 0x1E, 0xD4, 0xBE, 0xF0,
    0x13, 0x81, 0x8B, 0x57, 0x7B, 0x76, 0x6C, 0x77, 0xF8, 0x44, 0xA9, 0xD7, 0x22, 0xF8, 0x54, 0x52,
    0xC6, 0xF7, 0x6D, 0x2D, 0x8E, 0x45, 0x95, 0xD9, 0x87, 0xD6, 0x2A, 0x8C, 0x0E, 0x99, 0xED, 0x04,
    0x4E, 0x21, 0x6C, 0xD6, 0x63, 0x6E, 0xB2, 0xB8, 0x6A, 0x0A, 0x20, 0x57, 0x6E, 0x2B, 0x26, 0xC7,
    0x41, 0x0F, 0xC5, 0x08, 0x96, 0x30, 0x2A, 0x61, 0xBA, 0xC3, 0x72, 0x66, 0x7E, 0xAB, 0x24, 0x5E,
    0xF7, 0x3B, 0xEB, 0x73, 0x3B, 0xD7, 0x5D, 0x61, 0x67, 0x99, 0xC0, 0x8F, 0xD7, 0xB1, 0xA5, 0x72,
    0x93, 0xF0, 0x00, 0x1D, 0x6E, 0x10, 0xBF, 0x6F, 0xCF, 0x60, 0x65, 0x87, 0x6C, 0x24, 0x32, 0xD0,
    0x8A, 0x53, 0x59, 0x0C, 0x4A, 0x25, 0xAE, 0xED, 0x3C, 0xC4, 0xA1, 0xF3, 0x3A, 0xF6, 0x3D, 0xB1,
    0xCD, 0xD2, 0x57, 0x6B, 0x3D, 0x21, 0xDA, 0xDD, 0xBC, 0xA9, 0xAD, 0xA5, 0xA6, 0x76, 0x00, 0x4B,
    0x25, 0x48, 0xDA, 0xE5, 0x43, 0xAE, 0x03, 0xCF, 0x11, 0x4F, 0xE0, 0x1C, 0x8C, 0xDD, 0x0A, 0x89,
    0x70, 0x70, 0x60, 0xE7, 0xC8, 0x69, 0xEF, 0xB0, 0xCD, 0xC1, 0x3E, 0xEF, 0x03, 0xDF, 0x25, 0x6E,
    0x3F, 0x45, 0x6B, 0x1C, 0x20, 0x4B, 0x5E, 0xAF, 0x7D, 0x83, 0x5C, 0x21, 0x57, 0x34, 0x61, 0x50,
    0x0B, 0x8E, 0xF7, 0x3F, 0x9E, 0xE8, 0x1C, 0x3F, 0xD6, 0x44, 0xE7, 0xFC, 0x31, 0x26, 0x3A, 0xFA,
    0xCD, 0x36, 0x2E, 0x5E, 0xD2, 0x50, 0x18, 0x71, 0xAA, 0xDC, 0xA2, 0x63, 0x05, 0x4A, 0x22, 0x8A,
    0xD1, 0x69, 0x8B, 0xE6, 0xED, 0x1C, 0xB2, 0x8C, 0x48, 0xDB, 0xCA, 0x95, 0x7C, 0x3B, 0x8F, 0xC2,
    0x4E, 0x6E, 0x4E, 0xF8, 0x76, 0x3E, 0x9D, 0x56, 0x8F, 0xBC, 0x50, 0x7A, 0xAC, 0x06, 0xB1, 0xEA,
    0x9C, 0xD6, 0x2A, 0x46, 0x25, 0xB6, 0x37, 0x16, 0x8F, 0x1F, 0xB4, 0x7A, 0xC1, 0x2A, 0x81, 0x3B,
    0x60, 0xF2, 0xD9, 0xB7, 0xEA, 0xFB, 0xC6, 0x01, 0xDD, 0x0A, 0xD3, 0x9F, 0x3C, 0x0E, 0xC8, 0x2C,
    0x96, 0x5F, 0xB1, 0xDA, 0xD2, 0x57, 0x39, 0xF5, 0xD6, 0xBA, 0xE2, 0xC4, 0x62, 0xF6, 0x13, 0x8E,
    0xE2, 0xD2, 0x0F, 0x53, 0x4D, 0x72, 0x58, 0x22, 0xF6, 0x0A, 0x93, 0x96, 0x93, 0x13, 0x48, 0x08,
    0x3A, 0x01, 0x5A, 0x38, 0x01, 0xAB, 0xE5, 0x04, 0x68, 0x22, 0xC8, 0xA0, 0x36, 0x4E, 0x80, 0x36,
    0xA3, 0x62, 0xD4, 0xD6, 0x9C, 0x20, 0xFD, 0xA5, 0x7E, 0x02, 0xE3, 0x70, 0x0E, 0x7B, 0x99, 0xE8,
    0x81, 0xCB, 0x0F, 0x9F, 0xA1, 0x6D, 0x43, 0xF2, 0x71, 0xAF, 0x95, 0xDD, 0xDC, 0xDA, 0x07, 0x8F,
    0x62, 0x93, 0x6C, 0x6B, 0xA3, 0x8C, 0x12, 0x37, 0xAB, 0x6A, 0x5D, 0x71, 0x41, 0x5D, 0x86, 0xFB,
    0x28, 0x5C, 0xA6, 0xA1, 0x98, 0xE7, 0xB0, 0xCF, 0x22, 0xE0, 0xDC, 0x65, 0x70, 0x58, 0x65, 0xE0,
    0xF6, 0xED, 0x87, 0x91, 0x06, 0x87, 0x91, 0x06, 0x87, 0xD1, 0x0A, 0x87, 0x91, 0x06, 0xA2, 0x59,
    0x65, 0x30, 0xB2, 0xE2, 0x30, 0x5A, 0xE2, 0x30, 0xD2, 0xE0, 0xB0, 0xA4, 0xE1, 0x87, 0xD1, 0xCF,
    0x56, 0x06, 0xEB, 0x78, 0x8E, 0xC3, 0x4E, 0xA5, 0x73, 0xCE, 0xE1, 0x2D, 0xF1, 0x48, 0x03, 0x81,
    0xAC, 0xD2, 0x58, 0x56, 0x19, 0x84, 0x28, 0xF6, 0xDC, 0xCA, 0x8D, 0x78, 0x4D, 0x91, 0x9B, 0xA4,
    0xBB, 0x5A, 0xDA, 0x6A, 0x6D, 0xBC, 0xDA, 0x75, 0xF5, 0xC5, 0x87, 0xBA, 0xCA, 0x89, 0xE0, 0x01,
    0xA4, 0xEB, 0x26, 0x0B, 0xB8, 0x98, 0xEF, 0xBF, 0x75, 0xE2, 0x90, 0x1F, 0x5C, 0xDE, 0x3A, 0x69,
    0x42, 0x39, 0x7A, 0x8B, 0x89, 0xEC, 0x91, 0x46, 0xAA, 0xCA, 0x82, 0x05, 0x82, 0xE0, 0xB6, 0x98,
    0xEE, 0xF5, 0xF0, 0x6E, 0x0A, 0x6B, 0x32, 0x6E, 0xF4, 0x64, 0x70, 0x75, 0x20, 0xFC, 0xAE, 0x93,
    0x9A, 0x7F, 0x46, 0xD7, 0xEE, 0x0F, 0x4E, 0x4C, 0x34, 0x1D, 0xCF, 0xA0, 0x77, 0xE3, 0x20, 0x34,
    0x47, 0xDC, 0x29, 0xE3, 0xC2, 0xA5, 0xE1, 0x26, 0xEF, 0x59, 0xD5, 0x65, 0x11, 0x0D, 0xDE, 0xF9,
    0x68, 0x6D, 0xF1, 0x28, 0xE0, 0x33, 0x48, 0x5F, 0x8C, 0x5A, 0xA4, 0x10, 0x83, 0xAD, 0xFF, 0xBD,
    0x59, 0x34, 0xF5, 0xC2, 0xA2, 0x7D, 0x1F, 0xE8, 0xE3, 0x7C, 0xC6, 0x69, 0x9D, 0x08, 0xD4, 0x11,
    0xBA, 0xCA, 0xDC, 0x08, 0x90, 0x9A, 0x1D, 0x46, 0x4A, 0xEB, 0x59, 0x94, 0x32, 0xF2, 0x84, 0x52,
    0x31, 0x08, 0xA5, 0xAA, 0x3B, 0x20, 0x50, 0x1A, 0x8E, 0x8B, 0x87, 0x50, 0xFA, 0xB1, 0xC6, 0x7D,
    0xD5, 0xF3, 0xF3, 0x45, 0x20, 0x4C, 0xC1, 0x11, 0xD0, 0x79, 0x59, 0xC4, 0x48, 0x6B, 0xCC, 0x95,
    0xF1, 0x96, 0x4C, 0xE3, 0x3C, 0x5F, 0x38, 0x47, 0xCC, 0x68, 0xED, 0x63, 0xCD, 0x68, 0xFD, 0x9E,
    0x0E, 0xC9, 0x9B, 0x1C, 0x59, 0x4B, 0x65, 0xEB, 0x1D, 0x77, 0x7C, 0xF6, 0x83, 0x36, 0xF0, 0xFC,
    0x0B, 0x3E, 0xA7, 0x51, 0x11, 0x73, 0x59, 0x98, 0xAD, 0x30, 0xA3, 0x0C, 0x3C, 0x00, 0xF3, 0x15,
    0x76, 0xC0, 0xF3, 0xC5, 0x74, 0x67, 0x53, 0x15, 0x8A, 0xC2, 0x5F, 0x4C, 0x52, 0xF5, 0xFD, 0xE1,
    0xA6, 0xFF, 0xE0, 0x75, 0x24, 0xB0, 0x11, 0x9C, 0x99, 0xD3, 0x3C, 0xBC, 0xB8, 0x97, 0xE6, 0x69,
    0x55, 0xD7, 0xF1, 0x29, 0xA1, 0xDB, 0x3A, 0x12, 0x66, 0x28, 0x8E, 0x94, 0xD1, 0x8F, 0xCF, 0x02,
    0xEC, 0x43, 0xF3, 0x71, 0x40, 0x40, 0xB5, 0x78, 0x9B, 0x54, 0x05, 0x15, 0x04, 0x0E, 0x74, 0x8A,
    0x51, 0x29, 0x9D, 0x7B, 0x07, 0x25, 0xC8, 0x55, 0x9F, 0xBC, 0x11, 0x57, 0x92, 0xFC, 0xBA, 0x9A,
    0x59, 0xA5, 0xEE, 0xB2, 0xF9, 0x66, 0xA5, 0xB9, 0x34, 0xC9, 0x77, 0x21, 0xB7, 0x68, 0xCF, 0x99,
    0xFC, 0x32, 0xA1, 0xE5, 0xCC, 0x57, 0x35, 0xE5, 0xA7, 0x56, 0x38, 0x88, 0xCE, 0x51, 0x5D, 0xCF,
    0x5C, 0xFD, 0x78, 0xF0, 0xAC, 0x9C, 0xAB, 0xE1, 0xC1, 0x1B, 0x98, 0x08, 0x40, 0x7C, 0xDC, 0x86,
    0x4B, 0xC0, 0xA4, 0xB7, 0x58, 0x9E, 0x10, 0x79, 0x2C, 0xC2, 0xF1, 0x67, 0xF9, 0xD2, 0x05, 0xE1,
    0xC6, 0x89, 0x7C, 0x28, 0x42, 0xED, 0x11, 0x45, 0x28, 0x37, 0x3C, 0x71, 0xDB, 0xA3, 0xA8, 0x72,
    0x59, 0xEA, 0xED, 0x96, 0x8F, 0xE3, 0xE5, 0x8B, 0xD0, 0xC9, 0x6F, 0x3A, 0x3C, 0xBB, 0x95, 0x91,
    0x42, 0x00, 0xBB, 0x33, 0x73, 0x70, 0xD4, 0x22, 0xE6, 0xD4, 0xFA, 0xB6, 0xE7, 0x07, 0x16, 0x50,
    0x2E, 0x2F, 0x42, 0xB7, 0x6C, 0x3E, 0xA5, 0x94, 0xE7, 0xFD, 0x8E, 0xCD, 0xCF, 0x88, 0x9C, 0x98,
    0x11, 0xC8, 0xF3, 0x22, 0x63, 0x8E, 0xC1, 0xE1, 0x9B, 0xAA, 0xDB, 0x0B, 0xFB, 0x47, 0x54, 0xFA,
    0xEF, 0xDE, 0xB7, 0x2C, 0xDA, 0xDF, 0x24, 0x93, 0xA6, 0x9E, 0xA4, 0xB5, 0x6A, 0x73, 0xD7, 0xA0,
    0x8C, 0x7D, 0x10, 0x19, 0xAD, 0x77, 0x48, 0x4E, 0x03, 0x32, 0xFE, 0x20, 0x94, 0x0F, 0xDA, 0xB4,
    0x9D, 0x8B, 0x00, 0xE3, 0x04, 0x32, 0xB6, 0x57, 0xA3, 0x1D, 0x45, 0x93, 0x76, 0xFF, 0x0C, 0xE2,
    0xE3, 0x19, 0x2F, 0xEA, 0x45, 0xFA, 0x1C, 0x41, 0x4E, 0xCD, 0x80, 0x85, 0xD9, 0xFB, 0x62, 0x5D,
    0x26, 0x69, 0xE3, 0x9A, 0xE5, 0xC5, 0x8B, 0xB8, 0xCF, 0x16, 0x69, 0xBF, 0x22, 0x60, 0x98, 0xF5,
    0x6E, 0x84, 0x9A, 0x60, 0x29, 0x1A, 0x19, 0x34, 0xCF, 0x40, 0x58, 0xA8, 0x47, 0xE0, 0x65, 0x37,
    0xA7, 0x85, 0x05, 0x38, 0x52, 0x59, 0xCD, 0xF2, 0xBD, 0x82, 0xCD, 0x0F, 0x66, 0x68, 0xC3, 0x86,
    0x58, 0x9F, 0xAF, 0xE5, 0xF9, 0xF5, 0x7B, 0x54, 0xBA, 0x0D, 0x96, 0x21, 0x43, 0xD1, 0xA4, 0x42,
    0xD5, 0xB5, 0x4A, 0xEA, 0x39, 0x48, 0x49, 0x7B, 0x0E, 0xD5, 0xFC, 0xBB, 0xD6, 0x33, 0x03, 0x6D,
    0x75, 0xA5, 0x00, 0x2C, 0xB1, 0x27, 0xAF, 0xDB, 0x89, 0x7B, 0xF7, 0xDC, 0x3F, 0x00, 0xB0, 0x73,
    0x25, 0x5B, 0xA1, 0x09, 0xDD, 0xB3, 0x6D, 0xCB, 0x00, 0xE9, 0x35, 0xED, 0xD9, 0xFE, 0x35, 0x6A,
    0x47, 0x30, 0x27, 0x7F, 0x98, 0xE2, 0xD7, 0x7F, 0x27, 0x50, 0xFC, 0xE9, 0xED, 0x63, 0x1F, 0x9D,
    0x0F, 0x7E, 0x5E, 0x11, 0x55, 0x0C, 0x2E, 0x3C, 0x1A, 0xCC, 0xD2, 0x6F, 0xB3, 0x36, 0x5A, 0x0E,
    0x7E, 0x25, 0x88, 0xE8, 0xB1, 0x34, 0x6C, 0xC1, 0x10, 0x2E, 0x76, 0x7B, 0xE9, 0xE6, 0xA1, 0x3E,
    0xCE, 0x31, 0xAD, 0x55, 0xBA, 0x4C, 0x29, 0xD9, 0x7E, 0x8A, 0x8E, 0xC6, 0x2F, 0x94, 0xCF, 0x02,
    0x8B, 0x47, 0x83, 0x62, 0x09, 0xC0, 0xEC, 0xDB, 0xB6, 0x57, 0x4F, 0x40, 0x23, 0x12, 0xB6, 0x34,
    0x93, 0xE8, 0x97, 0x4A, 0x26, 0x14, 0xC4, 0x5C, 0xCC, 0xAD, 0x3A, 0x6A, 0x19, 0xCC, 0x84, 0xB0,
    0x4D, 0x6D, 0x05, 0x4D, 0x34, 0x15, 0x7E, 0x3D, 0x1D, 0xEC, 0x44, 0x10, 0x2C, 0x22, 0x55, 0xBD,
    0xC8, 0x38, 0x12, 0x89, 0x56, 0x89, 0xCB, 0x76, 0x8D, 0x56, 0x5B, 0x49, 0xB2, 0x33, 0xCD, 0xCD,
    0xAB, 0x5E, 0xC9, 0xA2, 0x67, 0xB2, 0x51, 0x4D, 0x99, 0x75, 0x77, 0x12, 0x37, 0x7C, 0x25, 0x80,
    0xA7, 0x31, 0x86, 0xB6, 0x80, 0xC1, 0x3B, 0xDB, 0x3F, 0x20, 0xDE, 0xAD, 0xBB, 0x4D, 0xDA, 0xED,
    0x1C, 0x77, 0x6B, 0x1F, 0x26, 0x2F, 0x5D, 0x25, 0x69, 0x40, 0x36, 0x8B, 0x4D, 0x99, 0xB1, 0xD1,
    0x39, 0xB5, 0xAC, 0x4E, 0xF9, 0xB4, 0x13, 0x2D, 0x8F, 0x54, 0xE3, 0x66, 0xF6, 0x8C, 0x50, 0x5D,
    0x8E, 0x1E, 0x61, 0x35, 0xD8, 0xF7, 0x7C, 0xD3, 0xF6, 0x55, 0x5F, 0x8D, 0xBE, 0xAA, 0xFB, 0x58,
    0xB6, 0x4A, 0x3C, 0xEB, 0x2A, 0x06, 0x78, 0x9F, 0x9A, 0x6C, 0x57, 0x3B, 0xFB, 0x96, 0x9D, 0xB4,
    0x62, 0x12, 0xDA, 0x70, 0x5E, 0x6E, 0x7B, 0x6B, 0xF8, 0x6D, 0xBD, 0xEC, 0xED, 0x28, 0x6D, 0x14,
    0xCA, 0x8D, 0x74, 0x90, 0x95, 0xA9, 0x0C, 0xAF, 0x58, 0xA9, 0xD5, 0xCB, 0x25, 0xDF, 0xD9, 0x3B,
    0x8E, 0xDE, 0x63, 0x95, 0x3F, 0x17, 0xFA, 0xD9, 0xE5, 0x61, 0x82, 0x85, 0x31, 0x9D, 0xD8, 0x61,
    0x52, 0x4F, 0xBF, 0xC0, 0x06, 0x2B, 0x90, 0x23, 0x3C, 0xB8, 0x46, 0xFB, 0xA4, 0xA6, 0xCE, 0x9B,
    0x55, 0x1D, 0xF3, 0x2A, 0x81, 0xEE, 0x9B, 0xD5, 0xEF, 0x71, 0xD7, 0xC2, 0x0C, 0x30, 0x09, 0x68,
    0x82, 0xAC, 0x2F, 0xAF, 0x8E, 0x89, 0x40, 0x7A, 0x75, 0xDC, 0xF9, 0x8D, 0xC3, 0x6D, 0xE6, 0x54,
    0xE4, 0x25, 0xFF, 0xF3, 0xCE, 0x17, 0xDE, 0x90, 0x5B, 0x70, 0xFF, 0xAB, 0x0C, 0xD0, 0x03, 0x0E,
    0x10, 0x87, 0x15, 0xA4, 0xBE, 0x4E, 0x81, 0x7B, 0x4A, 0x8F, 0xC2, 0x6F, 0x2E, 0xB6, 0x67, 0x35,
    0x74, 0xB5, 0x02, 0xDD, 0xD8, 0x12, 0xF5, 0xDA, 0xE6, 0x2E, 0xC2, 0x1C, 0xC6, 0xD4, 0x04, 0x77,
    0x82, 0x53, 0x36, 0x27, 0x51, 0xDF, 0x3B, 0xD1, 0xBA, 0x36, 0xDE, 0x31, 0x9A, 0xFF, 0x4C, 0xD0,
    0xCC, 0x6D, 0x92, 0x70, 0x97, 0xAC, 0xEE, 0xF5, 0x33, 0xBF, 0x13, 0x64, 0x9D, 0x06, 0xDB, 0x76,
    0xAE, 0x68, 0x04, 0x5B, 0x55, 0x58, 0xDF, 0xE2, 0xA6, 0xDA, 0x3B, 0x44, 0xF9, 0xC7, 0x46, 0xA4,
    0x72, 0xE6, 0x48, 0x54, 0x0E, 0x5B, 0xF2, 0x63, 0xB1, 0x30, 0xCF, 0xA0, 0xB0, 0x3F, 0x50, 0xED,
    0x79, 0xDF, 0xB8, 0xB3, 0x33, 0x71, 0xAF, 0xF3, 0x18, 0xC8, 0x3C, 0x7B, 0x94, 0x08, 0xAE, 0xAE,
    0x5E, 0x8B, 0x09, 0x70, 0x07, 0x64, 0x06, 0x08, 0x54, 0xEF, 0xA6, 0xB3, 0x0F, 0x72, 0x3A, 0x5C,
    0x22, 0xC0, 0x29, 0x8E, 0x3C, 0x75, 0xB9, 0x81, 0xA1, 0x2B, 0xC9, 0xA7, 0x06, 0xB6, 0xEB, 0xF3,
    0x3E, 0xC7, 0x94, 0x7B, 0xC6, 0x5F, 0xE5, 0x9E, 0xB1, 0x91, 0xF3, 0x0C, 0x31, 0x1A, 0xDD, 0x84,
    0x5F, 0xE3, 0x53, 0x31, 0xBD, 0x5E, 0xF9, 0x5F, 0x2D, 0xAE, 0xD5, 0xD6, 0x32, 0x5B, 0x63, 0xA8,
    0xBD, 0x8F, 0x38, 0xF3, 0x69, 0x6D, 0x93, 0xDB, 0x0C, 0x2E, 0x20, 0xB7, 0x3D, 0x55, 0x8F, 0x45,
    0x70, 0x7D, 0xAA, 0xBF, 0xEF, 0xD8, 0xBE, 0x36, 0x26, 0xD9, 0x52, 0x7D, 0xCB, 0xCA, 0x40, 0xF6,
    0x5C, 0xBD, 0xB3, 0x54, 0xBD, 0xF0, 0xB7, 0xA7, 0x4A, 0xA4, 0x57, 0xEF, 0x8E, 0x75, 0x27, 0xFC,
    0xB8, 0x6F, 0x03, 0x01, 0x63, 0x65, 0x67, 0xE5, 0x81, 0xA1, 0xB2, 0x13, 0x8C, 0x54, 0x76, 0x8C,
    0x98, 0x3B, 0x8E, 0x7D, 0x39, 0xEF, 0x14, 0x86, 0x3A, 0xC9, 0x70, 0xA3, 0x29, 0x6F, 0xF3, 0xBC,
    0xA9, 0xD9, 0x01, 0xBD, 0xB5, 0xF3, 0xDE, 0xC5, 0x3B, 0x36, 0xAC, 0xE8, 0x83, 0x5B, 0x41, 0xF3,
    0xCA, 0x9D, 0x0A, 0xD6, 0xC8, 0xB6, 0x37, 0x2D, 0xCD, 0x95, 0x37, 0x56, 0xDE, 0x4E, 0x7A, 0x2B,
    0xE9, 0xCD, 0x94, 0xB7, 0x90, 0xDE, 0x3E, 0x7A, 0xDB, 0x44, 0x78, 0xF8, 0xE5, 0xA7, 0x3E, 0xEB,
    0x38, 0x29, 0x18, 0x30, 0xFD, 0xC7, 0xB6, 0x6D, 0x69, 0x67, 0x59, 0x14, 0x25, 0x5A, 0x93, 0xAF,
    0x46, 0x0B, 0x2C, 0x16, 0xC1, 0x52, 0x9B, 0xB2, 0x1D, 0xB0, 0x60, 0x6B, 0x7F, 0xFB, 0x3D, 0xE8,
    0x56, 0xE5, 0x12, 0xA5, 0x92, 0x82, 0x04, 0x34, 0x1F, 0x25, 0x67, 0x86, 0x77, 0x1E, 0xAF, 0x5E,
    0xF3, 0x42, 0xA8, 0x7C, 0x18, 0xF6, 0x7D, 0x9B, 0x18, 0xFA, 0x2E, 0xCF, 0x56, 0xDC, 0xBA, 0x86,
    0x6E, 0xA5, 0xF1, 0x29, 0x13, 0xEC, 0x69, 0xE8, 0xCE, 0xDE, 0xBF, 0x01, 0x9B, 0xF5, 0x29, 0x07,
    0xBC, 0x09, 0xE8, 0xD1, 0x76, 0xBA, 0xF3, 0xA9, 0x95, 0x9E, 0x91, 0xF7, 0x20, 0xE8, 0xF9, 0x9A,
    0xFB, 0xBC, 0x01, 0x2A, 0x69, 0xED, 0x82, 0x08, 0xF6, 0x93, 0x6E, 0x7F, 0x64, 0x93, 0x59, 0xBF,
    0xB6, 0x42, 0xCF, 0x6C, 0xA2, 0x88, 0x11, 0x74, 0x96, 0x36, 0x1C, 0x8E, 0x40, 0x24, 0x4B, 0x9B,
    0xCE, 0x15, 0x47, 0x41, 0x49, 0xD6, 0xDF, 0xC3, 0x5E, 0xA9, 0x46, 0x45, 0xCC, 0xCE, 0x3C, 0x31,
    0x7B, 0xDC, 0x54, 0xE1, 0xBC, 0x37, 0x55, 0xD5, 0x99, 0x49, 0x04, 0xF7, 0xF4, 0x1B, 0xF7, 0x3C,
    0xCF, 0x40, 0x36, 0x0B, 0x24, 0x67, 0x64, 0x56, 0x81, 0xD6, 0x64, 0x29, 0xCB, 0x6D, 0x90, 0x4B,
    0x97, 0x4A, 0x5F, 0xFF, 0xDD, 0xAC, 0x74, 0x5C, 0x01, 0xC7, 0xB8, 0x4B, 0x65, 0xC7, 0x3F, 0x96,
    0x92, 0x54, 0xF2, 0xBA, 0xC7, 0x52, 0xB3, 0x92, 0xD1, 0xD1, 0xCF, 0xF5, 0xC3, 0xE4, 0xBA, 0x91,
    0x86, 0xC6, 0x4C, 0x09, 0xF1, 0x5D, 0xF1, 0x34, 0xA1, 0xA5, 0xDA, 0x66, 0xF4, 0x64, 0xED, 0x92,
    0xDA, 0x74, 0xB0, 0x21, 0x0F, 0xB8, 0xCF, 0xAC, 0x93, 0xE6, 0xCF, 0x99, 0x1E, 0xEB, 0xC0, 0x6E,
    0x8F, 0xC2, 0x0D, 0x2A, 0xE2, 0x03, 0x71, 0x44, 0xCC, 0x96, 0xC2, 0x84, 0x3D, 0x1D, 0x04, 0xCF,
    0x2E, 0x5A, 0x3E, 0x78, 0x62, 0x46, 0x61, 0x7C, 0xA0, 0xDA, 0x71, 0xE3, 0xE5, 0x60, 0x6A, 0x67,
    0x0E, 0xCA, 0x6F, 0x1E, 0x84, 0x90, 0x73, 0x45, 0x27, 0xEA, 0x21, 0x0A, 0xFE, 0xB1, 0x01, 0x90,
    0x98, 0xCE, 0xD1, 0x93, 0xC7, 0x0A, 0x21, 0xBA, 0x9C, 0x83, 0x48, 0x13, 0x42, 0x0F, 0xD9, 0x92,
    0xCF, 0x42, 0x16, 0x1F, 0x75, 0xA8, 0x06, 0x47, 0x3D, 0xA8, 0x3D, 0xAF, 0x63, 0x5B, 0xA1, 0xA3,
    0x4F, 0x6F, 0xD1, 0x89, 0x4D, 0x8E, 0x46, 0x47, 0xBD, 0xA3, 0x4E, 0xD0, 0xDB, 0x28, 0x34, 0x83,
    0xB8, 0x05, 0x3F, 0x67, 0x68, 0xBA, 0xB6, 0xF1, 0x72, 0x88, 0xBB, 0x9D, 0x23, 0xBC, 0xFC, 0x37,
    0xCF, 0xCF, 0xCF, 0x40, 0x3E, 0x3F, 0x73, 0x9B, 0x70, 0xD4, 0x83, 0x6A, 0xD0, 0xCB, 0x36, 0x38,
    0x81, 0x3E, 0x61, 0x77, 0x97, 0xD6, 0xCB, 0x23, 0x87, 0xBC, 0xE6, 0x6D, 0x7B, 0x53, 0xF5, 0xA2,
    0x1E, 0x5A, 0x38, 0x29, 0x14, 0x49, 0xA2, 0xA3, 0x50, 0x57, 0x0F, 0x99, 0x50, 0xDB, 0x1F, 0x16,
    0x65, 0x8A, 0x3E, 0x9F, 0x1D, 0x69, 0xBA, 0xDD, 0xF6, 0xC5, 0xB4, 0x17, 0x22, 0x0F, 0xD4, 0x63,
    0x39, 0x16, 0xA6, 0x2A, 0xED, 0x49, 0xEC, 0x59, 0x4D, 0x43, 0x39, 0xB6, 0xF5, 0xEE, 0x97, 0xDD,
    0xCF, 0x51, 0x12, 0x20, 0x24, 0x91, 0x7E, 0xF4, 0xB3, 0x5E, 0x20, 0x69, 0x05, 0xF4, 0xD2, 0x95,
    0xDE, 0x3E, 0xEA, 0x03, 0xD5, 0xD3, 0x7A, 0x5B, 0x77, 0x6F, 0x7F, 0xE6, 0xE3, 0xFD, 0xBF, 0xE5,
    0x02, 0xF6, 0x7D, 0x7E, 0x02, 0xCF, 0xAB, 0x60, 0x2B, 0xDF, 0xB0, 0xF4, 0x2D, 0x6A, 0x47, 0xE6,
    0x3D, 0x2E, 0x88, 0xF9, 0x2F, 0x4E, 0x52, 0x7B, 0x95, 0x57, 0x79, 0x97, 0xE4, 0x4F, 0x6F, 0xD1,
    0x56, 0xE5, 0x34, 0xEA, 0xDE, 0xA3, 0xFF, 0x5F, 0xA7, 0xF9, 0x9E, 0x34, 0xFF, 0x24, 0x3E, 0x23,
    0xA7, 0x34, 0x6F, 0x4A, 0xF3, 0x95, 0x79, 0x50, 0x56, 0x9A, 0x3F, 0xCC, 0x6E, 0x19, 0xC0, 0x6D,
    0xBC, 0x18, 0x05, 0x25, 0xB3, 0xD7, 0xC2, 0x9B, 0x6D, 0x71, 0x02, 0xB6, 0x23, 0x0C, 0xE2, 0x49,
    0x24, 0xEC, 0xBA, 0x07, 0xEC, 0xD4, 0x7C, 0x1C, 0xEC, 0x5C, 0x5B, 0xEB, 0x45, 0xF4, 0xA9, 0x34,
    0x93, 0xBB, 0xFE, 0xC0, 0x9A, 0xF4, 0x06, 0xBD, 0xDC, 0xF3, 0xA8, 0x3C, 0x40, 0xA2, 0xD0, 0x5B,
    0x43, 0x03, 0x67, 0xDF, 0x45, 0xE1, 0x7D, 0xB5, 0xFB, 0x39, 0xC7, 0xC5, 0x3E, 0xC7, 0xF5, 0x2B,
    0x3F, 0xEE, 0x6E, 0xEA, 0x02, 0xB9, 0xF3, 0x7C, 0x7D, 0x84, 0xC6, 0xB8, 0xA0, 0xF2, 0x27, 0x6F,
    0xF5, 0xF1, 0xE3, 0x5D, 0xC1, 0x41, 0xFD, 0x31, 0xEC, 0x8C, 0x0A, 0x47, 0x23, 0x81, 0x3E, 0xB7,
    0x13, 0xA2, 0x1B, 0x6A, 0x6F, 0x3E, 0x5A, 0x5B, 0xE8, 0x5B, 0xE7, 0xCA, 0x26, 0x6F, 0x20, 0x4B,
    0xFB, 0x57, 0x6A, 0x9D, 0xF3, 0xC1, 0xBE, 0x44, 0x1B, 0xE9, 0x69, 0xE8, 0x67, 0x95, 0x8B, 0xF7,
    0xE1, 0x02, 0x67, 0x8A, 0x5C, 0xCC, 0xCE, 0x45, 0xDF, 0x4E, 0xCE, 0x45, 0x53, 0x4E, 0xCE, 0x85,
    0x2B, 0xC4, 0x6D, 0xE0, 0x72, 0x0E, 0x59, 0xF5, 0x97, 0xF3, 0x48, 0x6A, 0xA4, 0x78, 0xDB, 0x0D,
    0xB8, 0xE0, 0x19, 0xB3, 0xE6, 0x93, 0xED, 0xF3, 0x99, 0x67, 0xD4, 0xA9, 0xDB, 0x89, 0x53, 0x6B,
    0x24, 0xE9, 0x67, 0xD7, 0x5E, 0x9C, 0xF1, 0xF8, 0xFD, 0x6E, 0x85, 0xF8, 0x45, 0x7C, 0x6E, 0xCA,
    0x9E, 0xB5, 0xC6, 0xF9, 0x13, 0xE1, 0x80, 0xB9, 0xC3, 0xFA, 0x9F, 0x21, 0xD4, 0xF9, 0x2E, 0x75,
    0x42, 0xC0, 0x5E, 0x38, 0x0E, 0x67, 0x19, 0xCD, 0xAE, 0x93, 0x22, 0xCC, 0x6E, 0xF3, 0xD0, 0xDB,
    0x03, 0x1F, 0xB5, 0x9B, 0xE1, 0x4A, 0xB4, 0xDC, 0xD5, 0x08, 0x3E, 0xA9, 0xF0, 0x59, 0x1E, 0x91,
    0x1B, 0x28, 0x4F, 0xBD, 0xF8, 0x71, 0x3C, 0x04, 0x1C, 0x25, 0x7F, 0xA6, 0x7C, 0xA5, 0x57, 0x0A,
    0xFC, 0xDF, 0xDA, 0x97, 0x63, 0xEB, 0xAE, 0xBD, 0x55, 0x00, 0x0B, 0xA7, 0x66, 0x0F, 0xF7, 0x6B,
    0x1F, 0x09, 0xBD, 0x1F, 0x75, 0x2B, 0x11, 0xD2, 0xF2, 0xD8, 0x1D, 0x5A, 0x23, 0x70, 0x2E, 0x97,
    0xAF, 0x9A, 0x52, 0x18, 0x00, 0xEF, 0x03, 0xB4, 0xBD, 0x86, 0x5B, 0x1D, 0xCD, 0x7B, 0xE1, 0x81,
    0x99, 0x62, 0x74, 0x6D, 0x25, 0x5F, 0x79, 0x4A, 0x84, 0x3A, 0x0B, 0x0C, 0x31, 0x35, 0x3F, 0x6D,
    0x17, 0x76, 0xD9, 0xF6, 0x52, 0x0F, 0xBE, 0x40, 0x8D, 0x7B, 0x07, 0xD0, 0xCD, 0xCD, 0xAD, 0x53,
    0x43, 0x15, 0xE0, 0x19, 0xFF, 0x57, 0x53, 0x26, 0x1B, 0xD6, 0x0B, 0x9C, 0x04, 0xA4, 0x92, 0x41,
    0x6C, 0xC5, 0xB6, 0xE1, 0xE5, 0xE5, 0x88, 0x91, 0xB4, 0x34, 0xD0, 0xFD, 0x9E, 0x1D, 0x65, 0x91,
    0x68, 0xBB, 0x2B, 0xED, 0xD6, 0xDB, 0x88, 0xC9, 0xEF, 0x37, 0xA8, 0xF9, 0x96, 0xC2, 0xAD, 0x43,
    0xE5, 0x1F, 0x46, 0xD5, 0x1B, 0x07, 0x33, 0xB1, 0x1F, 0xF0, 0x41, 0x18, 0x27, 0x7A, 0x44, 0x98,
    0xCC, 0x17, 0x66, 0xB8, 0x3C, 0xC4, 0xA1, 0x98, 0x4A, 0x4E, 0x21, 0x34, 0x2A, 0x9F, 0x53, 0x3F,
    0x9A, 0x99, 0x97, 0x6B, 0xE6, 0xBA, 0x2A, 0xED, 0xEE, 0x61, 0xE3, 0x31, 0xDA, 0x2E, 0x30, 0xBD,
    0xBA, 0x7A, 0x15, 0xD3, 0xD2, 0x37, 0x82, 0x45, 0x1C, 0x48, 0xDE, 0xE8, 0xC1, 0xA7, 0x31, 0x5D,
    0x9B, 0x08, 0x6F, 0x82, 0xEA, 0x81, 0x3B, 0x66, 0xB3, 0x84, 0x55, 0xC2, 0x91, 0x48, 0x43, 0xC2,
    0xA4, 0x95, 0x5B, 0x6E, 0xBF, 0x49, 0x58, 0xF5, 0x58, 0xC0, 0xB7, 0xDF, 0xF8, 0x97, 0x5B, 0x5B,
    0x03, 0x19, 0xF4, 0x38, 0x5E, 0x46, 0xEC, 0x6E, 0xD6, 0xA7, 0x97, 0xA9, 0x0B, 0xF0, 0xB1, 0x5C,
    0x20, 0x83, 0x48, 0x0C, 0xE6, 0xA7, 0x3E, 0x7C, 0xE0, 0xB5, 0x1F, 0x8A, 0x73, 0x72, 0xF0, 0x06,
    0xC5, 0x41, 0x97, 0x64, 0x7D, 0x41, 0x9E, 0xFD, 0x7F, 0xA0, 0x4A, 0xB2, 0xBA, 0x98, 0xAC, 0xEF,
    0x6E, 0x2D, 0x88, 0x0F, 0x4B, 0x41, 0x75, 0x78, 0x9C, 0x1D, 0x2F, 0x9F, 0xDC, 0xFD, 0x9C, 0xA6,
    0x49, 0x3F, 0x92, 0xD2, 0xED, 0x43, 0x5A, 0x03, 0xF4, 0x05, 0xA4, 0xE0, 0x3C, 0x12, 0x36, 0x8F,
    0x8C, 0x29, 0xD7, 0x16, 0xA9, 0xF1, 0x9B, 0x53, 0x97, 0x19, 0x78, 0xB9, 0x37, 0x03, 0x57, 0x3E,
    0xCD, 0x5B, 0x9B, 0x82, 0xE7, 0x9E, 0x10, 0xC6, 0xDB, 0x21, 0x9A, 0x5B, 0x82, 0xEE, 0x7A, 0x33,
    0x70, 0x8C, 0x85, 0x0C, 0x45, 0xDD, 0x5B, 0x22, 0x7A, 0xF4, 0xDF, 0xE3, 0x97, 0x9E, 0xA6, 0x8B,
    0x7E, 0xFD, 0xAF, 0xDA, 0x9F, 0xFA, 0x40, 0x2E, 0xBD, 0x0D, 0x7A, 0xCE, 0x7D, 0xD8, 0x48, 0x0F,
    0x6C, 0x1A, 0xD0, 0xB6, 0x32, 0xE8, 0x4F, 0x31, 0x54, 0xDF, 0x3E, 0x3F, 0x01, 0x3D, 0x00, 0xB6,
    0x7D, 0x76, 0x73, 0x84, 0x93, 0x8D, 0xB2, 0xEB, 0x39, 0xED, 0x3D, 0x82, 0x94, 0x02, 0x07, 0x01,
    0x35, 0xCF, 0x51, 0xCF, 0x2F, 0x9B, 0x7A, 0x39, 0x1A, 0x6B, 0xEF, 0x78, 0xA4, 0x83, 0xBF, 0xFC,
    0xA6, 0xA2, 0xD0, 0xCF, 0x09, 0xC8, 0x06, 0x08, 0xF0, 0x83, 0xE4, 0x23, 0x01, 0xC5, 0x1A, 0xB5,
    0xBF, 0x93, 0x65, 0xBB, 0x65, 0x6C, 0xD0, 0xD0, 0x90, 0x58, 0x80, 0x5F, 0x63, 0x27, 0xD7, 0xF6,
    0xD4, 0xE3, 0x15, 0xE3, 0x54, 0x04, 0xCC, 0x64, 0xC2, 0xBC, 0x2C, 0xC9, 0x62, 0xCA, 0xF3, 0x78,
    0x46, 0x2C, 0x83, 0x72, 0xEB, 0xD7, 0x7F, 0x2A, 0x94, 0x46, 0x7D, 0xB8, 0xDD, 0xE8, 0x6F, 0xFD,
    0xA7, 0xC2, 0xC3, 0xFD, 0xFF, 0x9F, 0x88, 0x41, 0x92, 0x3B, 0x3F, 0x93, 0x86, 0x18, 0x9B, 0x9F,
    0x13, 0xBB, 0x0E, 0xF4, 0x54, 0xFA, 0x3B, 0x25, 0xDF, 0x28, 0x8E, 0x97, 0x7B, 0x7E, 0xF4, 0x3F,
    0x32, 0xC6, 0xFD, 0x7E, 0xD2, 0x9E, 0xE3, 0xF6, 0x7F, 0x22, 0xD7, 0x70, 0x47, 0x94, 0x81, 0x8F,
    0xD4, 0x95, 0xA2, 0x8F, 0xF5, 0xBA, 0xF3, 0xFA, 0x54, 0xC4, 0x9A, 0x89, 0x2E, 0xDB, 0xC0, 0xE2,
    0xFE, 0x7F, 0x2E, 0x04, 0xFC, 0xAF, 0x1F, 0x99, 0xD1, 0x50, 0xE9, 0xD7, 0x4C, 0x94, 0xDB, 0x20,
    0xD0, 0x0B, 0xC8, 0x48, 0xA5, 0x29, 0x1F, 0x07, 0x79, 0xA7, 0xE4, 0xDE, 0x82, 0x42, 0xD1, 0xBF,
    0xF5, 0x2B, 0xE6, 0xCA, 0x6D, 0x47, 0xCD, 0x0F, 0x19, 0xB4, 0x69, 0xDF, 0x79, 0x2D, 0xE0, 0x29,
    0x8D, 0xCF, 0xF7, 0xFB, 0x2F, 0xCB, 0x51, 0xBF, 0x98, 0x28, 0x94, 0xFF, 0xA5, 0x9D, 0x83, 0xB4,
    0xF7, 0xF4, 0x94, 0x6D, 0xE7, 0x65, 0x99, 0x9D, 0xC1, 0x41, 0xCB, 0xC2, 0xF3, 0xEB, 0xC2, 0xC7,
    0x6A, 0xC2, 0x1E, 0x7F, 0x68, 0xA3, 0x19, 0x14, 0xF4, 0xDE, 0x14, 0xF9, 0x70, 0xB4, 0xB0, 0xA7,
    0x2E, 0xE2, 0xAB, 0x38, 0x92, 0x39, 0x12, 0x7D, 0xDC, 0xF5, 0xC9, 0x71, 0xC8, 0x06, 0x29, 0x80,
    0x8F, 0x48, 0x08, 0x59, 0x90, 0xE0, 0x3C, 0x42, 0xE4, 0x8E, 0x0D, 0x32, 0x1D, 0x5B, 0x92, 0x39,
    0x3E, 0x1D, 0x40, 0x6A, 0x8D, 0x29, 0x4A, 0x14, 0x63, 0x29, 0x08, 0xF2, 0xD9, 0xCB, 0xC0, 0x62,
    0x02, 0x77, 0xE5, 0xE4, 0xCF, 0xC0, 0x2A, 0x40, 0xD9, 0x6D, 0x4C, 0x3E, 0xDC, 0x0C, 0x25, 0xAA,
    0xA2, 0xA7, 0x16, 0xDD, 0xBB, 0x87, 0xFF, 0x07, 0xCC, 0x56, 0x2D, 0xB0, 0xE4, 0x58, 0x19, 0xBD,
    0xDD, 0xCD, 0x4E, 0x8B, 0x88, 0x18, 0xD0, 0xF1, 0x6B, 0xE2, 0xD5, 0x0D, 0x85, 0x40, 0xAC, 0x60,
    0xC4, 0x36, 0x78, 0x8B, 0x19, 0xAF, 0x6E, 0x57, 0xE1, 0x8B, 0x31, 0x60, 0x31, 0x08, 0x78, 0x23,
    0x9E, 0xC5, 0xDD, 0x6C, 0xAD, 0x40, 0xAC, 0x98, 0x50, 0x5B, 0x28, 0xC4, 0x06, 0xAA, 0x56, 0x30,
    0x2B, 0xC8, 0x2E, 0x19, 0xC8, 0xCC, 0x24, 0x39, 0x9C, 0x73, 0x6E, 0x77, 0xBD, 0x2A, 0x1C, 0x8E,
    0x54, 0xEA, 0x3B, 0x67, 0x6A, 0xDE, 0xBD, 0xDF, 0xF9, 0x7E, 0xD3, 0xE1, 0xF8, 0x10, 0xF8, 0x54,
    0x90, 0xAD, 0x77, 0x9A, 0xE3, 0x23, 0x1E, 0xBA, 0x70, 0x02, 0xD0, 0x87, 0x33, 0xED, 0x35, 0x54,
    0xB4, 0x5D, 0x08, 0x71, 0x09, 0x81, 0x76, 0x96, 0x4D, 0xD3, 0xC7, 0x2F, 0x43, 0xC8, 0xDF, 0x61,
    0xA1, 0xFD, 0x06, 0x3C, 0x07, 0x00, 0x37, 0x7B, 0xC0, 0x5A, 0xA1, 0x3B, 0x62, 0x3A, 0xA1, 0x3B,
    0x61, 0xB0, 0xED, 0xCF, 0xE0, 0x9D, 0x57, 0xFA, 0x21, 0xA9, 0xF4, 0xCA, 0x9B, 0xDE, 0x4D, 0x6F,
    0xB3, 0x86, 0x66, 0x0B, 0x2D, 0xED, 0x2A, 0x3F, 0xAD, 0xAD, 0xDE, 0x59, 0x6F, 0x9A, 0xF4, 0xE6,
    0x29, 0x48, 0xDE, 0xC3, 0x55, 0x7A, 0x25, 0x48, 0x47, 0xA4, 0x68, 0x92, 0x45, 0xAF, 0xFF, 0x84,
    0x68, 0xF8, 0x54, 0xC6, 0xCF, 0x0F, 0x9E, 0x87, 0xCB, 0x73, 0x1E, 0x3E, 0x40, 0xE7, 0x29, 0x23,
    0x60, 0xAC, 0x79, 0x16, 0x43, 0xDC, 0x02, 0x6D, 0x5E, 0xA8, 0xF6, 0x33, 0x4C, 0x3C, 0xF9, 0x39,
    0x7A, 0x2A, 0xFC, 0x07, 0x02, 0x2D, 0xB6, 0xA0, 0xD8, 0x17, 0x39, 0x2A, 0x36, 0xAF, 0x4A, 0x4F,
    0xB3, 0xD3, 0x6E, 0x35, 0xE8, 0x5A, 0x21, 0x52, 0xA7, 0xAE, 0x8C, 0xCB, 0x11, 0x03, 0xED, 0x01,
    0xA3, 0xD4, 0xC2, 0x6A, 0x93, 0xB2, 0xF5, 0xF0, 0x92, 0xE6, 0x26, 0xBC, 0x9D, 0x65, 0xEB, 0x45,
    0xF6, 0xB4, 0xCA, 0x1E, 0xF6, 0xFF, 0x52, 0x7B, 0xE9, 0x0E, 0x17, 0xE6, 0xAD, 0x67, 0xA2, 0xFC,
    0x76, 0xB4, 0xCE, 0x5B, 0xF7, 0xBF, 0xE6, 0x2D, 0xCD, 0xB2, 0x98, 0xA8, 0xE7, 0x60, 0x7B, 0x92,
    0xB6, 0xB5, 0x91, 0x4E, 0x20, 0x0F, 0xA1, 0xC5, 0x9E, 0xFA, 0x50, 0x63, 0xC9, 0x8A, 0x7A, 0xC8,
    0x4C, 0xEA, 0xF7, 0x8B, 0x88, 0x38, 0x9C, 0x57, 0x83, 0xA5, 0xC6, 0xC9, 0xBA, 0x1B, 0x60, 0x94,
    0x7A, 0xDC, 0xD2, 0xBC, 0x05, 0x07, 0x20, 0x73, 0xCF, 0xF4, 0xA7, 0x81, 0xE2, 0xA5, 0xA0, 0x82,
    0x40, 0x1A, 0xA5, 0x8A, 0xAC, 0x88, 0xE3, 0xE9, 0x55, 0xA9, 0x90, 0x6C, 0x8C, 0x82, 0xA3, 0x2E,
    0xAB, 0x76, 0x06, 0x29, 0x70, 0x0B, 0x9E, 0xF7, 0x7A, 0x13, 0x80, 0x47, 0x54, 0x88, 0x38, 0x17,
    0x98, 0x04, 0xD2, 0x2D, 0xE7, 0xE8, 0x0B, 0x74, 0x92, 0x00, 0xD8, 0x3D, 0xD6, 0x02, 0x4B, 0x81,
    0xA9, 0xC0, 0x28, 0xAB, 0x12, 0xF9, 0xCE, 0xAB, 0xA0, 0x81, 0xEC, 0xC7, 0xD8, 0x04, 0x09, 0x4B,
    0x81, 0xA9, 0xC0, 0x55, 0x10, 0x97, 0xFF, 0xA3, 0x6A, 0xFC, 0xC1, 0x9A, 0xE7, 0xD2, 0xE7, 0x4F,
    0x36, 0xD9, 0xE6, 0x51, 0xF6, 0xE7, 0x57, 0x05, 0xF4, 0x3B, 0x09, 0x38, 0x3C, 0x5C, 0xE3, 0x22,
    0xC2, 0x98, 0x49, 0x28, 0x83, 0x9A, 0xD3, 0x2C, 0x25, 0x67, 0x74, 0x26, 0xD2, 0x9C, 0xA9, 0x87,
    0x05, 0x82, 0xCA, 0xE1, 0xBF, 0x37, 0x91, 0x60, 0x91, 0x4C, 0xCD, 0xAB, 0xD4, 0x62, 0x2E, 0xED,
    0x7C, 0x24, 0xC9, 0x13, 0xC9, 0x89, 0x04, 0x23, 0x79, 0x05, 0x06, 0x32, 0x90, 0xD4, 0x98, 0xE9,
    0x8A, 0xA4, 0xC5, 0x4C, 0x0F, 0x24, 0x11, 0xB3, 0xE6, 0x23, 0xCD, 0x09, 0x4B, 0xB3, 0x8B, 0xE0,
    0x71, 0x89, 0x2B, 0x85, 0xBF, 0x43, 0xBB, 0xA6, 0x99, 0xE4, 0xC3, 0xDE, 0xAC, 0x98, 0x48, 0xB0,
    0x35, 0x00, 0x6B, 0xDA, 0x62, 0xAD, 0xA1, 0xE4, 0x37, 0x3A, 0x0C, 0x37, 0x1A, 0x7D, 0x6C, 0x26,
    0xE3, 0xD9, 0x45, 0xAA, 0x54, 0x88, 0xA9, 0xD4, 0x51, 0x2E, 0xCB, 0x6C, 0xEB, 0x8D, 0x16, 0x85,
    0x21, 0x4E, 0xC4, 0x03, 0xFA, 0x44, 0x1C, 0x8E, 0x46, 0x2F, 0x1F, 0x4D, 0xBF, 0xD6, 0x8F, 0xB1,
    0xDA, 0x89, 0x3C, 0x5F, 0x6F, 0xC4, 0x33, 0xFA, 0x76, 0x25, 0xD6, 0xE8, 0xBD, 0x65, 0x5A, 0x1F,
    0x8A, 0x8C, 0xA1, 0xC7, 0x40, 0x04, 0xFE, 0xA4, 0xF1, 0x7E, 0x8B, 0xFC, 0x25, 0xA8, 0xF2, 0xDF,
    0x7B, 0xFA, 0x66, 0xB7, 0xDA, 0x88, 0xD5, 0x62, 0x19, 0xAC, 0xB5, 0xB6, 0x18, 0x85, 0x7D, 0x83,
    0xDE, 0x02, 0x6B, 0xF5, 0xE6, 0xC9, 0xCD, 0xC1, 0xC7, 0x2D, 0xDD, 0xD8, 0xF0, 0xD8, 0x47, 0x2F,
    0xB6, 0x4B, 0x17, 0x01, 0x0C, 0x32, 0x7D, 0x92, 0xC9, 0x50, 0xF8, 0xDE, 0x13, 0x18, 0x65, 0xFE,
    0xFE, 0x5C, 0x9D, 0xBD, 0xAB, 0xCB, 0x15, 0x03, 0x30, 0xCB, 0xAC, 0x27, 0xFC, 0x30, 0xAF, 0x0C,
    0xA5, 0xDD, 0xDC, 0x79, 0xEE, 0x3D, 0xB7, 0x9E, 0xDA, 0x6E, 0xE3, 0xED, 0x79, 0x6D, 0xF7, 0x47,
    0x2C, 0xBA, 0x79, 0xBA, 0x5F, 0xCF, 0xEA, 0x02, 0x2F, 0x99, 0xAF, 0xAE, 0x75, 0xBF, 0xC4, 0xCF,
    0xB0, 0x0A, 0xD3, 0x17, 0x80, 0x30, 0x7F, 0x55, 0x46, 0x09, 0x78, 0xF4, 0x00, 0xC8, 0x8D, 0x71,
    0x36, 0x1E, 0x30, 0x1A, 0x3D, 0x09, 0xBF, 0x7E, 0x19, 0x4E, 0x44, 0x49, 0xF3, 0x34, 0xC0, 0x99,
    0xAD, 0xA4, 0x52, 0x8A, 0xF0, 0x53, 0x8C, 0x65, 0x26, 0x30, 0xD1, 0xB8, 0xB1, 0x68, 0x3C, 0xF1,
    0x8D, 0x56, 0x02, 0xBB, 0xA6, 0x25, 0xE2, 0x95, 0xFB, 0x53, 0xE7, 0x3B, 0xE2, 0x51, 0x22, 0x35,
    0xEA, 0xC9, 0xD1, 0xD3, 0xE7, 0xD3, 0x4E, 0x74, 0xC5, 0x55, 0xFE, 0xBD, 0xA3, 0xA1, 0x5A, 0x60,
    0x96, 0x03, 0x9D, 0x35, 0x69, 0x14, 0xAB, 0xD2, 0x9B, 0xF0, 0x26, 0x0F, 0x4A, 0x31, 0x2F, 0x7B,
    0xD6, 0xB3, 0x99, 0x8F, 0x28, 0x13, 0xB3, 0xB0, 0xCE, 0x26, 0x73, 0x85, 0x4E, 0x24, 0xB9, 0x45,
    0x15, 0xFA, 0xDB, 0x17, 0xFB, 0x85, 0x5B, 0x2B, 0xC0, 0x4F, 0x7F, 0x27, 0xD7, 0x3B, 0xE9, 0xC2,
    0xC1, 0x08, 0xC5, 0xFF, 0xE7, 0xFC, 0xEE, 0x72, 0xF1, 0x3E, 0x51, 0x1B, 0x8B, 0x5C, 0xEF, 0xA4,
    0x13, 0xB1, 0xD2, 0xB2, 0x3D, 0x2A, 0x92, 0x95, 0x28, 0x81, 0x2D, 0x0F, 0x3F, 0x2F, 0x4A, 0xBF,
    0x7E, 0x31, 0x4A, 0x69, 0x0D, 0x60, 0xD4, 0xB4, 0x9D, 0xEE, 0x24, 0x88, 0xF8, 0x6C, 0xA3, 0x40,
    0xFD, 0x48, 0x97, 0xD7, 0x6A, 0xFE, 0xAD, 0xB4, 0x87, 0x56, 0x72, 0xD4, 0xD4, 0x50, 0x1A, 0x26,
    0x17, 0x21, 0x68, 0x4E, 0xDE, 0x6F, 0xC4, 0xB1, 0x41, 0xF7, 0x3D, 0xE2, 0x60, 0xBF, 0x1A, 0x03,
    0x09, 0x39, 0xE2, 0x0D, 0xDE, 0xFB, 0x73, 0xAE, 0xE7, 0x8E, 0x12, 0x5A, 0xB0, 0xC2, 0x03, 0xDE,
    0xFC, 0x5E, 0x78, 0x70, 0x8E, 0x5C, 0x21, 0x61, 0xD9, 0xD1, 0xCE, 0xE6, 0xF2, 0x6C, 0xF0, 0x66,
    0x00, 0x06, 0x05, 0x15, 0x85, 0x5A, 0x2E, 0xC6, 0x39, 0x1C, 0xEF, 0x82, 0x3F, 0x2A, 0x70, 0xC4,
    0x2D, 0x27, 0x8B, 0xA0, 0x2E, 0xD0, 0x60, 0x15, 0xC4, 0x02, 0xE9, 0x83, 0x01, 0x7F, 0x11, 0x1C,
    0xF1, 0xC7, 0xCD, 0x7F, 0xFF, 0x63, 0x41, 0x85, 0xD3, 0x6E, 0xFF, 0x86, 0x16, 0x00, 0x21, 0x15,
    0x80, 0xE1, 0x50, 0xE0, 0x84, 0xC7, 0x0F, 0xE8, 0x18, 0x48, 0xFB, 0x16, 0x57, 0xEA, 0x8E, 0xDF,
    0x12, 0xDA, 0x95, 0xD0, 0x53, 0x5D, 0x1A, 0xBD, 0x95, 0xB2, 0x00, 0x23, 0x06, 0xF5, 0x6C, 0xAF,
    0xA9, 0x3E, 0xA3, 0x43, 0x9F, 0x87, 0x1A, 0x07, 0x5C, 0xF3, 0xD8, 0x6C, 0x47, 0x41, 0x5C, 0xBD,
    0x26, 0x9C, 0x6E, 0x0B, 0x93, 0xEF, 0x83, 0xED, 0x09, 0xB0, 0x2A, 0x58, 0x14, 0xDC, 0x45, 0xE8,
    0xB4, 0x80, 0xDD, 0x24, 0x03, 0xAD, 0x72, 0xAC, 0xB5, 0x0D, 0xDA, 0xCA, 0xB6, 0x81, 0x73, 0xF3,
    0x01, 0x69, 0x0C, 0xE9, 0x9F, 0x88, 0x63, 0xC0, 0x97, 0x7B, 0x9C, 0x14, 0x69, 0x64, 0xDD, 0x3E,
    0x59, 0xDB, 0x99, 0x73, 0x4B, 0xDB, 0xAC, 0xF5, 0xDA, 0x2C, 0x71, 0x69, 0x96, 0x46, 0x1B, 0xDA,
    0x3B, 0x44, 0xDE, 0x18, 0xB9, 0x88, 0xD6, 0x47, 0xC4, 0x50, 0x36, 0x48, 0x16, 0x69, 0x56, 0xC5,
    0x3F, 0x9A, 0x9C, 0x74, 0xBD, 0x57, 0xBB, 0xBF, 0x8F, 0x5E, 0xE4, 0x26, 0x33, 0xFF, 0x57, 0x24,
    0x4D, 0xE4, 0xED, 0xA4, 0x36, 0xBF, 0x64, 0x7F, 0xC7, 0xE1, 0xE7, 0x4E, 0xB0, 0x3C, 0x91, 0x83,
    0x11, 0xAB, 0xDA, 0xFC, 0xC5, 0x8E, 0xAF, 0xFC, 0xE5, 0x88, 0x0B, 0x5E, 0x8B, 0x74, 0xE9, 0x5B,
    0xFC, 0x52, 0x24, 0xE0, 0x6F, 0xF8, 0x64, 0xA3, 0xC3, 0x23, 0x3E, 0x17, 0x61, 0xB5, 0xF0, 0x0B,
    0x9C, 0xB5, 0x86, 0x44, 0x45, 0xB6, 0x7A, 0x3F, 0xEF, 0x67, 0x48, 0xC2, 0x5A, 0x6D, 0x27, 0x50,
    0x60, 0x5A, 0x6A, 0x93, 0x05, 0x53, 0xBD, 0x92, 0xC4, 0x77, 0x18, 0x1A, 0xA5, 0x5C, 0x2B, 0xFC,
    0xC0, 0x1D, 0x1E, 0xA8, 0xD6, 0xCB, 0x9D, 0x01, 0xD5, 0x92, 0xA7, 0x39, 0x16, 0xAA, 0x96, 0x58,
    0x8C, 0x59, 0xCD, 0xC2, 0x6C, 0xE3, 0x0B, 0xA5, 0xE0, 0xCA, 0x76, 0x91, 0xD6, 0x87, 0x57, 0x78,
    0xB5, 0xDD, 0xBA, 0xFA, 0x8E, 0xDE, 0x0D, 0x7A, 0x42, 0xB5, 0x3F, 0x14, 0x5C, 0x0F, 0x78, 0xFD,
    0x1E, 0x41, 0xDE, 0x7F, 0xF3, 0x2F, 0x74, 0xF5, 0xCA, 0xB6, 0x61, 0xBF, 0x34, 0x14, 0x16, 0x89,
    0xED, 0xDC, 0x32, 0x61, 0xE8, 0xB9, 0xF9, 0xE7, 0x38, 0x0A, 0x31, 0xA5, 0x81, 0xF8, 0x57, 0xF4,
    0x99, 0xDD, 0x52, 0x3A, 0x50, 0x02, 0xF1, 0x84, 0x2E, 0x43, 0xBE, 0xAD, 0x8D, 0x28, 0x74, 0x73,
    0x94, 0xB9, 0xD7, 0x2A, 0x9E, 0xDD, 0x32, 0x65, 0x9E, 0xCE, 0x50, 0xB8, 0x6A, 0xA7, 0x9F, 0xEC,
    0x5E, 0x70, 0xC8, 0x8B, 0xF0, 0xE8, 0xDB, 0x7C, 0xFF, 0xE6, 0x7F, 0x7A, 0x4A, 0x1D, 0x80, 0x1B,
    0x00, 0x69, 0xD3, 0x79, 0xCA, 0x5B, 0xB2, 0x4B, 0x1B, 0xE7, 0x44, 0xCC, 0x53, 0x9A, 0x22, 0x11,
    0x43, 0x16, 0x1E, 0xD1, 0x43, 0xC8, 0x92, 0x61, 0x8C, 0xB3, 0x3A, 0x09, 0x03, 0x51, 0xD3, 0xDC,
    0x13, 0xD5, 0xE6, 0x42, 0xF5, 0x79, 0xEF, 0xDF, 0x23, 0x2E, 0x2E, 0x47, 0xF6, 0xC2, 0x47, 0x6E,
    0x00, 0xDC, 0xC1, 0x3D, 0xBC, 0x52, 0xEA, 0xCE, 0xA6, 0x91, 0xA4, 0xE0, 0xCD, 0x80, 0x1F, 0xC1,
    0x42, 0x5F, 0x97, 0x41, 0xB6, 0xEC, 0x43, 0xF6, 0xAC, 0x57, 0x16, 0xEF, 0x1C, 0x10, 0x72, 0x01,
    0x76, 0x0E, 0x3A, 0x9E, 0xAE, 0x17, 0x5C, 0x79, 0x57, 0x33, 0x67, 0x4E, 0xC7, 0xDA, 0x0A, 0xEA,
    0xA5, 0x9D, 0x12, 0x17, 0xF4, 0x1C, 0x05, 0x4C, 0xFA, 0x98, 0x06, 0x96, 0x3C, 0x0D, 0x04, 0x6B,
    0xD7, 0x33, 0x78, 0x27, 0x99, 0x39, 0x8E, 0x3B, 0x0B, 0x66, 0x57, 0xC6, 0x64, 0x4F, 0xBB, 0x73,
    0xCD, 0xD8, 0xD3, 0xE2, 0x59, 0x60, 0x97, 0xE3, 0x36, 0x0C, 0x0A, 0xD6, 0x15, 0xA9, 0xB7, 0x0A,
    0xDE, 0xFA, 0xE5, 0x77, 0xA5, 0xE7, 0xE1, 0x67, 0x28, 0x5F, 0xDB, 0xDB, 0xBD, 0x77, 0xB6, 0xDC,
    0xD8, 0xD3, 0xA6, 0xB1, 0x33, 0x0F, 0x45, 0x7E, 0xCF, 0xFB, 0x9C, 0xC0, 0x34, 0x61, 0x50, 0xB2,
    0xB9, 0x60, 0x0A, 0xEB, 0x30, 0x80, 0xCB, 0xC6, 0x83, 0xD1, 0x63, 0x24, 0xD3, 0x38, 0x5C, 0x55,
    0x1E, 0x4A, 0x3E, 0x6B, 0xB9, 0x9A, 0xD5, 0xBB, 0x7F, 0x97, 0x50, 0x7C, 0xB3, 0x9D, 0xC4, 0x54,
    0x59, 0x7D, 0x6E, 0xCD, 0xD2, 0xEC, 0x35, 0x44, 0xF1, 0x98, 0x98, 0x06, 0x32, 0x0E, 0x48, 0x29,
    0x51, 0x9C, 0x5A, 0x77, 0x78, 0x1A, 0xA3, 0xAB, 0x93, 0x87, 0xC6, 0x83, 0xAC, 0x1F, 0x32, 0x17,
    0x0C, 0xC4, 0xD3, 0xA6, 0x0E, 0xC3, 0xF5, 0x88, 0x6A, 0xD3, 0x80, 0x04, 0x34, 0xB3, 0x06, 0xE4,
    0x01, 0x56, 0x08, 0x3C, 0xE1, 0x72, 0x1B, 0x90, 0xF5, 0x36, 0x20, 0x3B, 0x0B, 0x73, 0x44, 0xF3,
    0x9D, 0x06, 0xE4, 0xBC, 0x71, 0x30, 0x88, 0xF5, 0x1A, 0x89, 0x0D, 0x37, 0x53, 0x1C, 0xD1, 0xB9,
    0x54, 0x03, 0x3A, 0xDA, 0x31, 0xF7, 0x42, 0x6F, 0xD3, 0x2B, 0x07, 0xE4, 0x2A, 0x0C, 0x7A, 0xD8,
    0x48, 0xD5, 0x78, 0xD2, 0x6A, 0x5E, 0x1A, 0x65, 0x6F, 0x4B, 0x5F, 0x3B, 0x9B, 0x1D, 0x6D, 0xDA,
    0x68, 0x9E, 0x61, 0x2F, 0xFD, 0xA1, 0x44, 0x49, 0x46, 0x75, 0x9B, 0xDA, 0x5F, 0xE5, 0x3D, 0x1C,
    0xE6, 0xA0, 0x53, 0xDD, 0x7F, 0xCA, 0xB7, 0x02, 0x08, 0x5B, 0xD2, 0xEC, 0xFC, 0xD7, 0xBD, 0xD3,
    0xEF, 0xCE, 0xCE, 0x65, 0x6B, 0xA0, 0x67, 0xD9, 0x49, 0x14, 0x2C, 0x64, 0x24, 0x29, 0x00, 0xD8,
    0x6C, 0xD5, 0x26, 0x62, 0x11, 0xA4, 0xC5, 0xEB, 0x0C, 0x06, 0x13, 0x04, 0x0C, 0x34, 0x0C, 0x60,
    0xB3, 0x55, 0x9B, 0xC5, 0x02, 0x34, 0xC9, 0x2C, 0x04, 0x06, 0x93, 0x78, 0xDB, 0x41, 0x07, 0x90,
    0x44, 0x76, 0xFF, 0xBB, 0xBB, 0x18, 0x0C, 0x52, 0x11, 0x31, 0x18, 0x4C, 0x49, 0xDE, 0x0B, 0x79,
    0x83, 0xAE, 0xC9, 0xAB, 0xCD, 0xD4, 0xEB, 0xF7, 0x57, 0x9D, 0xF4, 0xF7, 0x7D, 0x75, 0xFF, 0xEE,
    0xDB, 0x57, 0x7B, 0xC9, 0x98, 0x15, 0x2B, 0xE5, 0xFA, 0xCE, 0xFF, 0xEE, 0xBB, 0x55, 0xF5, 0xFF,
    0xE7, 0x9C, 0x73, 0xFE, 0x73, 0xCE, 0x7F, 0xDA, 0x69, 0x6B, 0x9E, 0x71, 0x02, 0xD2, 0xA2, 0x5E,
    0x31, 0xC4, 0x07, 0x94, 0x95, 0xB7, 0xA7, 0x0E, 0xF8, 0x50, 0xC2, 0xC2, 0xAB, 0x4F, 0xA8, 0xA3,
    0x48, 0xC0, 0x62, 0xF4, 0xEF, 0x89, 0x1C, 0x27, 0xC4, 0x35, 0xFE, 0xF7, 0x1E, 0xEC, 0xEA, 0x55,
    0x08, 0x75, 0xC1, 0x95, 0xCF, 0x5B, 0xB1, 0xE1, 0x91, 0x85, 0xFD, 0xA5, 0xD4, 0x04, 0xD8, 0x11,
    0xB9, 0xE1, 0x17, 0x34, 0xCA, 0x5C, 0xB9, 0x30, 0x31, 0xF1, 0xC0, 0x78, 0x31, 0x11, 0x1A, 0x1C,
    0xDC, 0xB1, 0x71, 0x0E, 0xC5, 0x07, 0xD3, 0x29, 0x7C, 0x38, 0x1E, 0x75, 0x82, 0x29, 0xBF, 0x4A,
    0xD5, 0xCA, 0xA2, 0x99, 0x95, 0x2E, 0x7D, 0xF4, 0xA6, 0xD5, 0xEE, 0xC0, 0x29, 0xD6, 0x12, 0xAE,
    0x0C, 0x39, 0xA3, 0x1F, 0xB9, 0xAE, 0x96, 0x0A, 0x58, 0x12, 0x3B, 0xAC, 0xD1, 0x07, 0x17, 0x73,
    0xDE, 0x94, 0x98, 0x03, 0x13, 0x7C, 0xFF, 0x55, 0x3C, 0x7F, 0x41, 0xDF, 0x94, 0x72, 0x86, 0x85,
    0x81, 0x3D, 0xD5, 0xF4, 0xE7, 0x8E, 0xDE, 0x14, 0xB8, 0x21, 0x3E, 0x82, 0xBF, 0x95, 0xBB, 0x29,
    0x88, 0x29, 0x31, 0xF1, 0x40, 0x5D, 0xAB, 0xC9, 0xE5, 0x54, 0xAD, 0xC9, 0x15, 0x5D, 0x32, 0xC7,
    0xCA, 0x0B, 0xAB, 0x91, 0xBF, 0x21, 0xA7, 0x47, 0x50, 0xD0, 0x5E, 0xD1, 0x7C, 0x70, 0xD8, 0x50,
    0x99, 0x24, 0x6C, 0x40, 0x63, 0x80, 0x8D, 0x1F, 0x8F, 0xFA, 0x31, 0x6E, 0x6A, 0xB7, 0x37, 0x21,
    0x74, 0x1D, 0x48, 0x95, 0x59, 0xAC, 0x27, 0x08, 0xC8, 0x0F, 0xE9, 0xB8, 0xB2, 0xC6, 0x55, 0x76,
    0x3E, 0x79, 0xBA, 0x7C, 0x5C, 0x62, 0x97, 0x85, 0xD9, 0x1B, 0xB6, 0x64, 0x25, 0x25, 0x4F, 0xE9,
    0xEC, 0x50, 0xDF, 0x8A, 0xDA, 0x96, 0x36, 0x33, 0xDD, 0x90, 0x24, 0xA4, 0x1C, 0x9D, 0x91, 0x2C,
    0x8D, 0x64, 0x25, 0xB2, 0x16, 0x49, 0x27, 0x91, 0x51, 0x24, 0x90, 0x64, 0x20, 0xC7, 0x65, 0x3E,
    0x1C, 0xDC, 0x4F, 0x60, 0xFA, 0xE9, 0x44, 0x57, 0x9A, 0x4E, 0xF0, 0xA0, 0x1D, 0x48, 0x59, 0x75,
    0x30, 0xF1, 0xD2, 0xB7, 0x20, 0xCE, 0x1A, 0xEC, 0x85, 0x34, 0x4C, 0xBA, 0xDF, 0x6C, 0x64, 0xA2,
    0x9B, 0x87, 0x2C, 0x2C, 0xAC, 0xCE, 0x43, 0x8E, 0x8D, 0xAF, 0x18, 0x40, 0x5C, 0xD5, 0x23, 0x36,
    0x45, 0xD2, 0x34, 0x80, 0x13, 0x6D, 0x11, 0xF0, 0xC0, 0x4D, 0x3E, 0xA5, 0x63, 0x6E, 0x25, 0x97,
    0xAF, 0x60, 0xD1, 0x7A, 0x99, 0x6E, 0x4D, 0x1E, 0x48, 0x41, 0x81, 0xE4, 0x40, 0x24, 0x91, 0x0F,
    0xD6, 0xC4, 0xD5, 0xC7, 0xC5, 0x2F, 0x48, 0xA8, 0x68, 0xF1, 0x82, 0x5E, 0x0E, 0xFC, 0x09, 0x15,
    0x6D, 0x2D, 0x36, 0xE7, 0xC6, 0x57, 0x78, 0xFB, 0x81, 0x05, 0x97, 0x20, 0x09, 0x84, 0x8D, 0x36,
    0x2E, 0x35, 0xA4, 0xF6, 0x20, 0xA9, 0x91, 0x77, 0xD9, 0x48, 0x52, 0x04, 0x11, 0x49, 0xAD, 0x12,
    0xF1, 0xBB, 0xE4, 0xF2, 0xEC, 0xEC, 0x9C, 0xB2, 0xC6, 0x4D, 0x20, 0x4C, 0x35, 0xE9, 0xA7, 0x41,
    0x7C, 0x0F, 0xFF, 0xCD, 0xDC, 0x78, 0x44, 0xA6, 0xE7, 0x72, 0x3B, 0xAD, 0xF8, 0x2E, 0x7A, 0xF8,
    0x55, 0xF4, 0xCC, 0x5C, 0x59, 0x66, 0xE3, 0xEC, 0x70, 0x78, 0x9D, 0x3C, 0xE4, 0xD4, 0x4B, 0x45,
    0xA6, 0x66, 0xC8, 0x53, 0x2F, 0x6D, 0x58, 0x5B, 0x5D, 0x84, 0x14, 0x81, 0x08, 0x22, 0xEE, 0x90,
    0x8F, 0x2E, 0x1B, 0xE9, 0x3C, 0xAF, 0xA1, 0xBA, 0x3C, 0xF3, 0x81, 0x0E, 0x97, 0xE5, 0x25, 0xAA,
    0x64, 0x01, 0x55, 0xCC, 0xC0, 0xEB, 0x94, 0x59, 0x0E, 0xDF, 0x5C, 0x31, 0x11, 0x82, 0xE1, 0xB4,
    0x30, 0x0F, 0xCE, 0xDC, 0xC0, 0x73, 0x03, 0x2E, 0x88, 0x2B, 0x7B, 0x56, 0xC0, 0xFA, 0xCA, 0x82,
    0xD9, 0xC8, 0x15, 0x16, 0x81, 0xC5, 0xAB, 0x39, 0x8B, 0x76, 0x39, 0x73, 0xE6, 0x9C, 0x09, 0x73,
    0x0E, 0xB9, 0xBB, 0x6C, 0x48, 0x27, 0x60, 0x16, 0x80, 0x2C, 0x91, 0x0C, 0x45, 0x07, 0xDD, 0xF3,
    0x2D, 0x90, 0x21, 0xC0, 0x88, 0x77, 0xA7, 0xCF, 0x94, 0x15, 0x4F, 0x54, 0xD7, 0x40, 0x1C, 0x88,
    0x4A, 0x89, 0x5B, 0xE2, 0x9C, 0x15, 0xBB, 0xB7, 0xF0, 0xC6, 0x15, 0xB7, 0xFC, 0x94, 0x1B, 0x7E,
    0x61, 0x9B, 0x7C, 0x70, 0x9E, 0x88, 0x64, 0x69, 0x80, 0x36, 0x64, 0xCC, 0xF3, 0xD2, 0xB0, 0x36,
    0xBC, 0x2B, 0x9D, 0x80, 0x79, 0x00, 0x22, 0x15, 0x5B, 0x07, 0xDF, 0x01, 0xAD, 0xC1, 0x8A, 0x95,
    0xD7, 0x2A, 0xAB, 0x55, 0x58, 0x1C, 0x88, 0x03, 0x90, 0x73, 0x58, 0x70, 0x0E, 0x2F, 0x3D, 0x78,
    0xED, 0x5D, 0xE7, 0xD6, 0x63, 0xDE, 0xE3, 0x7B, 0xDA, 0x90, 0x2D, 0x81, 0xD5, 0x77, 0x71, 0x5B,
    0xB6, 0xA9, 0xA0, 0x6E, 0xE5, 0x81, 0xE3, 0xF5, 0xCB, 0xC0, 0xCF, 0xD7, 0xDE, 0x43, 0x11, 0x2F,
    0x0B, 0x15, 0xB9, 0x91, 0x77, 0x08, 0x8C, 0xD2, 0x21, 0xAE, 0xAB, 0x28, 0x47, 0xA4, 0x3E, 0x73,
    0xB9, 0xE6, 0xFF, 0x9A, 0xFF, 0xF1, 0x8A, 0xD6, 0x4D, 0x1A, 0x4D, 0x5C, 0x17, 0xED, 0x9C, 0xA3,
    0x68, 0xEC, 0xBC, 0xBC, 0x7D, 0xC2, 0xC7, 0xF2, 0xE7, 0x83, 0xF6, 0x6C, 0x3E, 0xBF, 0x75, 0x99,
    0xA1, 0xB8, 0x77, 0x78, 0x7F, 0x8D, 0x19, 0x1B, 0x66, 0xEF, 0x99, 0x43, 0x33, 0x6F, 0x44, 0xF2,
    0x39, 0xCD, 0x63, 0x78, 0xC7, 0x80, 0xB1, 0x63, 0xE1, 0x2C, 0x8E, 0xAF, 0xA0, 0x1A, 0x38, 0x86,
    0x83, 0x84, 0xC1, 0xB3, 0xFE, 0xD4, 0xC8, 0x0F, 0x68, 0x3C, 0x3B, 0x83, 0x6C, 0x72, 0x55, 0xEB,
    0x3B, 0xB9, 0x09, 0x84, 0x3C, 0xD6, 0x60, 0x0C, 0xF1, 0x23, 0xBB, 0xC3, 0x6F, 0xF0, 0xAC, 0xE2,
    0x89, 0x95, 0x7C, 0x0E, 0x3C, 0xD4, 0x67, 0x28, 0x39, 0x05, 0xB2, 0x22, 0x7F, 0x86, 0xAD, 0x6D,
    0x02, 0xE7, 0x51, 0xAA, 0xC1, 0x12, 0x1F, 0x79, 0x2B, 0x95, 0x50, 0xCC, 0x0E, 0x25, 0xB3, 0x2E,
    0x7A, 0x15, 0xFC, 0x4E, 0xAE, 0x05, 0xE3, 0x3A, 0xFA, 0x97, 0xD4, 0xA2, 0x93, 0xC1, 0xD6, 0x10,
    0xAF, 0x3C, 0xC4, 0x21, 0x97, 0x14, 0x19, 0xDC, 0x91, 0xAA, 0x82, 0xDE, 0x80, 0x8A, 0x79, 0xD1,
    0xE1, 0x4A, 0x74, 0x71, 0xDC, 0xDF, 0x18, 0x97, 0xD1, 0x93, 0x25, 0xC7, 0x0E, 0x55, 0x2D, 0xF8,
    0x33, 0x7C, 0x0D, 0x8F, 0x68, 0xAC, 0x62, 0x2D, 0xA2, 0x6F, 0x43, 0xF9, 0x8B, 0x1E, 0x6E, 0xC1,
    0x7A, 0xFA, 0x1A, 0x1C, 0x4F, 0xAC, 0x46, 0xBD, 0x05, 0xD9, 0x56, 0xC2, 0xA2, 0x56, 0x36, 0x61,
    0xEB, 0xA2, 0xF2, 0xE5, 0xAC, 0x4A, 0xAA, 0xB4, 0x15, 0xF4, 0x2D, 0x6B, 0x0D, 0x18, 0x7A, 0x16,
    0xB8, 0x7A, 0xBA, 0xE3, 0x7F, 0xB6, 0x9A, 0xC6, 0x15, 0x5C, 0xF5, 0xA1, 0x71, 0x4B, 0x41, 0xAA,
    0xF0, 0xD1, 0xC8, 0xBD, 0x06, 0x05, 0xC2, 0x8B, 0x00, 0x87, 0x4D, 0x2F, 0x8D, 0xD9, 0x17, 0xE3,
    0x9A, 0x05, 0x4C, 0x88, 0x8C, 0x7B, 0x53, 0x4E, 0x16, 0x92, 0xC1, 0x4C, 0x5F, 0xE5, 0x3B, 0x33,
    0xAE, 0x8E, 0x1E, 0x14, 0x5A, 0x22, 0x3F, 0x8A, 0x77, 0xEB, 0xC2, 0x23, 0xE3, 0xD0, 0x77, 0x24,
    0x3B, 0xEA, 0x7C, 0xEF, 0x3C, 0xEE, 0xDE, 0x48, 0xC3, 0xE3, 0x70, 0xBC, 0x1E, 0xC6, 0xBB, 0x56,
    0x53, 0x49, 0x1A, 0xAF, 0xBC, 0x26, 0xF1, 0x1B, 0x99, 0xC3, 0x53, 0x59, 0x82, 0x92, 0x6C, 0xA3,
    0x52, 0x29, 0xC4, 0x30, 0x53, 0xB5, 0x6D, 0xF0, 0xB9, 0xB9, 0x15, 0x93, 0x8F, 0x3A, 0x45, 0xE2,
    0x82, 0x9A, 0x9E, 0x03, 0x41, 0xAC, 0x35, 0x2B, 0x37, 0x03, 0x01, 0x92, 0xAA, 0xE7, 0x97, 0xBE,
    0x8B, 0x64, 0xB9, 0x43, 0x56, 0x56, 0x4B, 0xBB, 0xA5, 0xD8, 0xB2, 0x81, 0x62, 0xE4, 0x96, 0x69,
    0xC1, 0xE5, 0x96, 0xFE, 0xCC, 0x10, 0xF7, 0xD2, 0x20, 0xD7, 0xDB, 0x5C, 0x83, 0x1C, 0x54, 0xA1,
    0x6B, 0x2E, 0x7C, 0xC5, 0x20, 0xCE, 0x15, 0x35, 0xC9, 0x0B, 0x80, 0xB8, 0xEA, 0x8E, 0xCA, 0x83,
    0xC5, 0xAD, 0xA9, 0xC6, 0x05, 0x19, 0x6F, 0xDA, 0xBF, 0x98, 0x00, 0xDB, 0xC5, 0x33, 0x2C, 0xE8,
    0xDE, 0xF7, 0x10, 0x90, 0x68, 0x1D, 0x5A, 0x06, 0xB1, 0xC7, 0x37, 0x95, 0x90, 0x59, 0x24, 0x53,
    0xA5, 0x92, 0xEE, 0xCB, 0x15, 0xE1, 0xD7, 0xF2, 0x89, 0x7E, 0x22, 0xD0, 0x7C, 0xF0, 0x5F, 0x98,
    0xEE, 0xEC, 0x51, 0x14, 0xE4, 0x2E, 0xA4, 0xD9, 0x51, 0xA8, 0x92, 0xDC, 0x29, 0x09, 0xE6, 0x53,
    0x6A, 0x60, 0xF3, 0x62, 0x92, 0x7E, 0xAE, 0xC6, 0x2F, 0xDA, 0x77, 0xF3, 0xD2, 0x71, 0xB4, 0xBD,
    0x37, 0x89, 0x82, 0xFD, 0x3A, 0x51, 0x45, 0x70, 0x19, 0x4A, 0x13, 0xE3, 0xED, 0xDD, 0xEB, 0x64,
    0x2A, 0x13, 0x7B, 0x48, 0x93, 0x6E, 0x33, 0xEA, 0x1F, 0x07, 0x50, 0x68, 0xB3, 0x4D, 0x6A, 0xD6,
    0x24, 0x36, 0x9D, 0xD7, 0xEB, 0x4F, 0x60, 0x3F, 0xDD, 0xC2, 0x25, 0x0E, 0xE5, 0xEA, 0x8D, 0x4C,
    0x38, 0xD5, 0xEC, 0x0A, 0x96, 0xAB, 0x31, 0x40, 0xAC, 0xA0, 0x01, 0xE4, 0xA4, 0xC1, 0x30, 0x0F,
    0x20, 0x71, 0xFE, 0x38, 0x0E, 0x3C, 0xB6, 0x2A, 0xD8, 0x88, 0xEF, 0x18, 0x49, 0x22, 0x29, 0xA4,
    0xC3, 0x30, 0x0E, 0x90, 0x8C, 0xC1, 0x9B, 0xB1, 0x60, 0xB3, 0x61, 0x09, 0x5E, 0x26, 0x4B, 0xBB,
    0xB4, 0xB2, 0x98, 0xE0, 0xB8, 0x3C, 0xAA, 0x83, 0x9F, 0x18, 0x1D, 0x70, 0x6A, 0xBC, 0x20, 0x08,
    0x5E, 0x1B, 0xB0, 0x7A, 0xF0, 0xA6, 0x82, 0x58, 0x9D, 0x31, 0xEF, 0x71, 0xF7, 0xF9, 0x21, 0x9B,
    0x27, 0xD1, 0xCC, 0xE6, 0x29, 0xBD, 0x21, 0x83, 0xF8, 0x07, 0xEC, 0xAE, 0xF8, 0xE5, 0x77, 0x12,
    0xB1, 0xD8, 0x8B, 0xB8, 0x6C, 0xA6, 0xA9, 0x88, 0xFB, 0x93, 0x99, 0xEE, 0x6F, 0x20, 0x4C, 0x2F,
    0x4E, 0xDD, 0xF9, 0x29, 0x74, 0x38, 0xAC, 0x0C, 0xBE, 0xC0, 0x02, 0x9C, 0x53, 0x62, 0xE0, 0x20,
    0x1C, 0xD1, 0xD4, 0x2D, 0x2F, 0x50, 0xFD, 0xAD, 0x5F, 0x4E, 0x12, 0x6B, 0xE9, 0x35, 0xB1, 0x21,
    0x8C, 0xA4, 0x1D, 0xBD, 0x25, 0x23, 0x5C, 0x7D, 0xCF, 0x3A, 0x3B, 0x28, 0xCF, 0xF3, 0xAC, 0xE1,
    0x3F, 0x12, 0xD2, 0x58, 0xB4, 0xE7, 0xC6, 0x81, 0x2D, 0x32, 0x05, 0x7B, 0xD6, 0xF6, 0xF3, 0xCA,
    0x20, 0xD0, 0xAD, 0x06, 0x5E, 0xCC, 0x3A, 0xF8, 0x7D, 0xE8, 0x7A, 0x82, 0xF2, 0xF6, 0xC4, 0xEA,
    0x23, 0x3E, 0xB8, 0xE4, 0xD6, 0x65, 0xE8, 0xFD, 0x76, 0x20, 0x17, 0xD1, 0xE7, 0xAB, 0x0D, 0x07,
    0xEF, 0xFE, 0xCA, 0xB2, 0x74, 0x7B, 0xD7, 0xFF, 0xC3, 0x63, 0x14, 0x2E, 0xFA, 0xEC, 0xEC, 0x87,
    0xB1, 0x08, 0x25, 0x1A, 0x40, 0xBF, 0x91, 0xFE, 0xB4, 0xA7, 0x1D, 0xAE, 0xF7, 0x54, 0xE3, 0x97,
    0xE9, 0xF8, 0x25, 0x06, 0x43, 0xF8, 0x57, 0xF4, 0xB4, 0x9D, 0xCB, 0x39, 0xF6, 0xA8, 0xDE, 0x42,
    0x8B, 0x56, 0x35, 0x18, 0x43, 0x0E, 0xC5, 0xDD, 0x3F, 0x8B, 0xF5, 0x07, 0x62, 0xDC, 0xF1, 0x69,
    0xFC, 0x10, 0x66, 0x44, 0x8B, 0x18, 0xBF, 0x57, 0x9A, 0xA6, 0x7B, 0xF1, 0x1C, 0x04, 0x22, 0x27,
    0xDB, 0x0D, 0x72, 0x45, 0x4C, 0xC8, 0x71, 0x2C, 0x29, 0xFE, 0x76, 0xF7, 0x98, 0x7D, 0xFF, 0x0D,
    0x90, 0x04, 0x94, 0x26, 0x66, 0x74, 0x27, 0xFF, 0x31, 0xBB, 0xFD, 0x02, 0xAE, 0x42, 0x95, 0x8D,
    0xC9, 0x97, 0x2B, 0x6B, 0x12, 0x47, 0x46, 0x70, 0x11, 0xB4, 0xC3, 0x82, 0x30, 0x6C, 0x1F, 0x5F,
    0xED, 0x82, 0xFE, 0xD7, 0x7E, 0xB7, 0x71, 0x39, 0x9E, 0x94, 0x02, 0x14, 0xBE, 0x78, 0x65, 0x87,
    0x4E, 0x40, 0xB6, 0x0A, 0x68, 0xE5, 0xFB, 0x8F, 0x8E, 0x2E, 0x7A, 0xD9, 0xE2, 0x9E, 0xD6, 0x2D,
    0x5C, 0xBA, 0xB9, 0xA2, 0x79, 0xE9, 0xD2, 0xB1, 0xC2, 0xFC, 0x71, 0x9F, 0x8E, 0x78, 0xF9, 0x68,
    0xCA, 0xF1, 0x7D, 0x08, 0xB7, 0xFC, 0xD1, 0x97, 0x5D, 0xE5, 0x5E, 0x2C, 0x9A, 0x11, 0x13, 0x1F,
    0x14, 0x57, 0xE9, 0xF0, 0x5C, 0xAB, 0x29, 0x10, 0xCA, 0x57, 0xEB, 0x01, 0x9B, 0xCD, 0xDF, 0xB8,
    0x84, 0x01, 0x70, 0x47, 0x93, 0xBE, 0xE5, 0xB7, 0x86, 0x83, 0xE3, 0xD7, 0x43, 0x81, 0x2C, 0xCF,
    0xAC, 0xAF, 0xDE, 0x39, 0x2E, 0xBF, 0x11, 0xAB, 0x54, 0xD6, 0xBC, 0x62, 0xD6, 0xE1, 0x7B, 0x6F,
    0x7F, 0xD1, 0xDB, 0xC3, 0x65, 0x7F, 0xE4, 0x92, 0xA3, 0x97, 0xEA, 0x02, 0xF5, 0xBC, 0xFA, 0x47,
    0xAE, 0x2A, 0xB3, 0x36, 0x39, 0xBD, 0xD7, 0x22, 0x93, 0x58, 0x85, 0x64, 0x58, 0x77, 0x55, 0xFD,
    0x35, 0x6E, 0xBA, 0x0B, 0x7B, 0x08, 0xC6, 0x9C, 0x66, 0x66, 0x53, 0xF1, 0xEF, 0x36, 0x16, 0x75,
    0x36, 0xBE, 0xB6, 0xF5, 0xC4, 0x2F, 0x13, 0xE3, 0x59, 0xB3, 0xAE, 0xD4, 0xA2, 0xED, 0xFC, 0x66,
    0xD2, 0x5D, 0x6F, 0x6D, 0x6F, 0xBB, 0xBB, 0xAF, 0xD5, 0x44, 0xE2, 0xEB, 0x39, 0x90, 0x52, 0x88,
    0xFF, 0x5B, 0xAF, 0x37, 0xE0, 0xE6, 0x3B, 0x57, 0xBB, 0xE1, 0xDB, 0x34, 0xC8, 0x2F, 0x63, 0x87,
    0xD4, 0x4B, 0x5F, 0xC0, 0xE4, 0x3E, 0xE7, 0x75, 0x34, 0xD3, 0x03, 0x49, 0x57, 0x75, 0x34, 0xBE,
    0x57, 0x29, 0xC6, 0xD7, 0x17, 0x5A, 0xC1, 0xBA, 0xFC, 0xF6, 0xDB, 0x4E, 0x2B, 0x48, 0xDD, 0xAF,
    0xBA, 0x2F, 0xE0, 0xD2, 0x9B, 0x0F, 0x63, 0x09, 0x06, 0x31, 0xEE, 0xBC, 0xE2, 0x15, 0x54, 0x42,
    0x6F, 0x4E, 0xCB, 0x6F, 0x5F, 0xAF, 0xF8, 0xD7, 0xDD, 0x5D, 0x17, 0x75, 0xE9, 0x73, 0x71, 0xFD,
    0x37, 0x88, 0x3B, 0x21, 0x07, 0xB7, 0xCF, 0x78, 0x0D, 0x71, 0x94, 0xF4, 0x33, 0x2D, 0xDD, 0x62,
    0x1E, 0x2E, 0x37, 0x52, 0x40, 0xA9, 0xFB, 0xAA, 0x03, 0xA3, 0x1C, 0xFE, 0x37, 0x06, 0x9E, 0x81,
    0xDC, 0x9B, 0x80, 0x3F, 0xBE, 0xB6, 0xEA, 0x42, 0xF1, 0x29, 0xA7, 0x08, 0xF8, 0x92, 0x04, 0xF9,
    0xF9, 0xF9, 0xC8, 0x9B, 0xFD, 0xA9, 0x86, 0x29, 0xCA, 0x69, 0xF3, 0x70, 0x2A, 0x57, 0x76, 0xCD,
    0x96, 0x93, 0xAD, 0x3F, 0x6C, 0xDD, 0x17, 0x75, 0x69, 0x2F, 0x5D, 0x03, 0x52, 0x9D, 0xB4, 0x02,
    0xD3, 0x6B, 0x27, 0xB5, 0xEE, 0x62, 0xE5, 0x72, 0x49, 0x57, 0xD3, 0x38, 0x37, 0x8A, 0xAF, 0x2F,
    0x82, 0x41, 0x91, 0xDB, 0xC9, 0x10, 0x65, 0x20, 0x0E, 0x6A, 0xD8, 0x91, 0x44, 0x8F, 0x12, 0x19,
    0x1F, 0x7F, 0xB0, 0x15, 0xFC, 0x4B, 0xEF, 0xB9, 0x7B, 0x0F, 0x58, 0xBD, 0xC3, 0x87, 0x34, 0x57,
    0x14, 0xFD, 0x4D, 0x7A, 0x51, 0x9D, 0xD2, 0xD1, 0xF1, 0x8A, 0x25, 0x8A, 0xA6, 0xF6, 0x0D, 0x90,
    0x79, 0x0B, 0x85, 0x56, 0x98, 0x6A, 0x82, 0x66, 0x7C, 0xDC, 0x02, 0x94, 0xA7, 0x75, 0x2C, 0x35,
    0xB8, 0xD4, 0x46, 0xBA, 0x27, 0xEE, 0x49, 0x88, 0x6A, 0x44, 0x13, 0xFB, 0x78, 0x70, 0xDC, 0xEB,
    0xDE, 0xBC, 0xA2, 0xA8, 0x0D, 0x62, 0x1E, 0xD6, 0xE4, 0x3C, 0x99, 0x43, 0x20, 0x28, 0x6A, 0x6D,
    0x85, 0x50, 0xFA, 0x4F, 0x0D, 0xC7, 0x4C, 0x0B, 0xFB, 0x16, 0xF2, 0x63, 0x9C, 0x12, 0x8D, 0x8E,
    0xDE, 0xB7, 0x18, 0x44, 0x7D, 0x87, 0x92, 0x3E, 0x02, 0xAE, 0x05, 0xA6, 0x65, 0xD8, 0xBC, 0xB9,
    0x95, 0x38, 0xD1, 0xC0, 0xFF, 0xCB, 0xAC, 0x27, 0xCD, 0xB5, 0xC7, 0x95, 0xB9, 0xDC, 0xB8, 0x96,
    0x40, 0x9F, 0x4B, 0x96, 0x88, 0xE6, 0xC3, 0x6E, 0x0D, 0xD5, 0x5A, 0x92, 0x45, 0x34, 0x7C, 0x51,
    0x3A, 0x5D, 0x6D, 0x85, 0xDC, 0xF3, 0x0F, 0x8E, 0xB0, 0x4A, 0x7E, 0x10, 0x5F, 0xE6, 0x43, 0xA2,
    0x03, 0x4F, 0x9E, 0xC5, 0xF2, 0x1D, 0x5E, 0x7B, 0xD4, 0xD1, 0x6E, 0x5B, 0x93, 0x6A, 0x03, 0xBB,
    0xED, 0x34, 0xD0, 0xCB, 0xD5, 0xB6, 0x9D, 0x26, 0x9D, 0xF6, 0xDB, 0x69, 0xF0, 0xC9, 0xF9, 0x51,
    0x58, 0xA5, 0x46, 0x1A, 0x0F, 0x64, 0x1A, 0x3A, 0x2C, 0x81, 0x63, 0x86, 0x7C, 0x96, 0x31, 0x73,
    0x66, 0xE6, 0xAD, 0x49, 0x2D, 0x78, 0xBC, 0xAB, 0xF1, 0x56, 0xBB, 0x43, 0xB7, 0x30, 0x2E, 0x28,
    0xF6, 0x62, 0x50, 0x7E, 0xB7, 0xF6, 0x58, 0x6B, 0x35, 0x53, 0x15, 0x85, 0x63, 0x43, 0x1C, 0x70,
    0x11, 0x4F, 0xCE, 0x1D, 0x31, 0x6E, 0xDE, 0xD5, 0x08, 0xBF, 0x5F, 0xDC, 0x8C, 0x08, 0x7E, 0x5E,
    0xC6, 0x2C, 0x47, 0x45, 0x96, 0x78, 0xB8, 0x3A, 0xB2, 0x81, 0x60, 0x02, 0x5F, 0x53, 0xB6, 0xC2,
    0x01, 0xE3, 0xDA, 0x0D, 0x2F, 0xCC, 0x26, 0x0C, 0xAA, 0x91, 0xFD, 0x11, 0x81, 0x4C, 0xE5, 0xA9,
    0xBF, 0x35, 0x40, 0xAA, 0xA2, 0xC1, 0xBC, 0x51, 0x62, 0xD3, 0xB4, 0x63, 0xC7, 0xC8, 0xA1, 0x3D,
    0xBA, 0xAF, 0xB4, 0xAF, 0x02, 0x78, 0x55, 0x8C, 0xEB, 0xD9, 0x27, 0xAE, 0x6E, 0x6D, 0xDD, 0x71,
    0xF7, 0x25, 0xE4, 0xE3, 0x5B, 0x25, 0xEF, 0x05, 0xA8, 0x80, 0x5B, 0xFB, 0xA7, 0x6F, 0x20, 0x83,
    0xE5, 0x69, 0x56, 0x02, 0xC0, 0x08, 0xB5, 0x07, 0x3F, 0x9D, 0x1B, 0x7E, 0xC7, 0xBE, 0x8B, 0x1E,
    0xBC, 0xA9, 0xA9, 0x16, 0x78, 0x09, 0xCE, 0x3C, 0xD6, 0x9C, 0x68, 0x4A, 0x33, 0x03, 0x76, 0x5A,
    0x06, 0x6B, 0x0D, 0x14, 0x61, 0x11, 0x5B, 0xA3, 0x7A, 0x49, 0xF4, 0xC5, 0x02, 0xE1, 0xF2, 0x8F,
    0x19, 0x2B, 0x7B, 0x46, 0xC6, 0x15, 0x82, 0x66, 0x2C, 0x3B, 0x01, 0x96, 0x8B, 0x78, 0xB6, 0x8B,
    0x35, 0xBD, 0xF3, 0x3A, 0x4F, 0xA4, 0x93, 0x81, 0xAB, 0x2A, 0x63, 0xE7, 0x62, 0x44, 0xF9, 0x19,
    0x3C, 0x3B, 0x22, 0x44, 0xC4, 0xAE, 0x92, 0x7B, 0x03, 0x7A, 0xEF, 0x0A, 0x98, 0x52, 0xD0, 0x11,
    0xA3, 0x4E, 0x4C, 0x9E, 0x19, 0x52, 0xDD, 0xDA, 0x0F, 0x78, 0x04, 0x23, 0x7E, 0x60, 0x3E, 0xB7,
    0x20, 0x12, 0xBB, 0x9D, 0x46, 0x44, 0x7C, 0xDA, 0xBF, 0x45, 0xDC, 0xFB, 0x84, 0x45, 0xE7, 0x4F,
    0x0D, 0x41, 0x64, 0xC0, 0x6C, 0x63, 0xDA, 0x8D, 0x79, 0x9E, 0x70, 0xCE, 0x6B, 0xDA, 0xA7, 0xFB,
    0x83, 0x89, 0xB3, 0x1D, 0x39, 0xCF, 0x3F, 0xDA, 0x51, 0x45, 0x61, 0xBE, 0x17, 0x00, 0x72, 0x5F,
    0xBE, 0x1F, 0xDB, 0x07, 0xF9, 0xED, 0x5E, 0x0F, 0xD8, 0xCA, 0xB4, 0x16, 0xF1, 0x3C, 0xA2, 0xAA,
    0x32, 0xFB, 0x8F, 0x8E, 0x1A, 0xBB, 0x1F, 0x5B, 0x12, 0x9B, 0x5B, 0x11, 0xE6, 0x72, 0xC6, 0x9A,
    0x58, 0xBA, 0x3D, 0x13, 0x79, 0x1E, 0xE7, 0xF9, 0x63, 0x66, 0x21, 0x84, 0x6B, 0xC5, 0x1B, 0xDC,
    0xE1, 0x31, 0x4C, 0x1A, 0x42, 0xA8, 0x00, 0x1E, 0x40, 0xC3, 0xB1, 0x96, 0x93, 0x00, 0x6C, 0x34,
    0x91, 0x9B, 0xFA, 0x0C, 0x90, 0x3E, 0xEF, 0x29, 0xF5, 0x1D, 0xF1, 0xE8, 0xFF, 0x82, 0x47, 0xC4,
    0x3D, 0x1E, 0xBD, 0x64, 0x97, 0x0F, 0x58, 0x57, 0xD0, 0xC1, 0x59, 0xB8, 0x81, 0xC3, 0x17, 0xC0,
    0x23, 0x9E, 0xC5, 0xDF, 0xD7, 0x61, 0x5C, 0x86, 0x07, 0xE7, 0x00, 0x3E, 0x9C, 0x0B, 0x20, 0x44,
    0x9B, 0xCF, 0xE4, 0x19, 0xE0, 0xFC, 0x22, 0x7C, 0xC5, 0xFE, 0xA5, 0xBC, 0xDB, 0xE6, 0x23, 0x8F,
    0x22, 0x2B, 0x80, 0xCF, 0x61, 0xC5, 0x73, 0x52, 0x91, 0x98, 0x50, 0xD1, 0xC1, 0x71, 0x6B, 0x34,
    0xA3, 0xEA, 0xD3, 0xC5, 0x67, 0xB6, 0x51, 0x03, 0xF0, 0xCA, 0x50, 0xCE, 0xC3, 0x5C, 0xAC, 0x55,
    0x61, 0x24, 0x1D, 0x81, 0x78, 0x95, 0xB5, 0xF9, 0x0D, 0x2C, 0x06, 0x0A, 0x9D, 0xFC, 0x8C, 0x61,
    0x34, 0x77, 0x20, 0xEE, 0x61, 0x7F, 0xF7, 0x87, 0x16, 0x54, 0x18, 0x23, 0x36, 0xC4, 0x12, 0x09,
    0x6B, 0x1F, 0x4B, 0xB5, 0x87, 0xC7, 0xC7, 0x47, 0x60, 0x48, 0xBF, 0xA7, 0x51, 0x78, 0xEE, 0x6D,
    0x8D, 0x7A, 0x8C, 0x7E, 0x36, 0xED, 0x9E, 0x26, 0xED, 0x58, 0xDB, 0x05, 0x2A, 0xD4, 0x0B, 0x6B,
    0xD3, 0x91, 0x73, 0x64, 0x11, 0x83, 0x15, 0x8C, 0x08, 0xCC, 0x78, 0x1D, 0x01, 0x21, 0x2B, 0x66,
    0x9B, 0xC0, 0x7F, 0x2C, 0x1F, 0x6B, 0xFD, 0x23, 0xA0, 0x07, 0x60, 0x4F, 0x8F, 0xF5, 0x2C, 0x6C,
    0xDD, 0xCC, 0xF2, 0xF9, 0x76, 0x38, 0x8C, 0x16, 0x33, 0x62, 0x7A, 0x5C, 0x83, 0xB7, 0x0B, 0xEE,
    0x0A, 0x0A, 0x1B, 0xCA, 0x59, 0x83, 0xAF, 0x46, 0xBE, 0xA7, 0x44, 0x56, 0xC6, 0x1B, 0xD8, 0xCE,
    0x00, 0x39, 0xB3, 0x69, 0x76, 0x4A, 0x4D, 0x32, 0x4D, 0x47, 0xCA, 0x0C, 0xB1, 0x43, 0xF0, 0x73,
    0xD9, 0xE3, 0xE3, 0x91, 0x8B, 0xA6, 0x90, 0x78, 0xC3, 0x2C, 0x22, 0xDD, 0xE1, 0xD1, 0x3F, 0x45,
    0xFE, 0x56, 0x4F, 0xAC, 0x9E, 0xCB, 0x5B, 0x28, 0xB0, 0x33, 0x79, 0xF5, 0xAD, 0xB5, 0xBC, 0xE1,
    0x8A, 0x52, 0xEA, 0x2B, 0x64, 0xE5, 0x95, 0xF2, 0x30, 0x96, 0x0E, 0x79, 0x03, 0xAB, 0xCD, 0xBC,
    0x01, 0x93, 0x9F, 0x1E, 0xE0, 0x06, 0x9C, 0xFA, 0x92, 0xA7, 0x1B, 0x6E, 0xF1, 0x2C, 0x91, 0xB0,
    0x71, 0x76, 0xD0, 0xF1, 0x9E, 0x5A, 0xC4, 0x74, 0x55, 0xD7, 0xA3, 0x6E, 0xBF, 0x0A, 0x6C, 0x6D,
    0x1C, 0x35, 0x24, 0x94, 0x5E, 0x64, 0x67, 0x1C, 0x91, 0x7D, 0xA7, 0x57, 0x26, 0xE4, 0x12, 0x5F,
    0x2F, 0xD8, 0xD8, 0x80, 0x7A, 0x00, 0x62, 0x35, 0x54, 0x1A, 0x38, 0xAA, 0xD3, 0x90, 0x20, 0x39,
    0xBE, 0xB0, 0x0D, 0x4E, 0x5E, 0x2E, 0x4B, 0xA8, 0x5A, 0x3E, 0xB0, 0xE4, 0xCF, 0xC2, 0x14, 0x23,
    0x1C, 0x8E, 0xB0, 0x22, 0x8E, 0xB6, 0x65, 0x2B, 0x5C, 0xDD, 0x1D, 0xA3, 0x24, 0x8E, 0x96, 0xF6,
    0x13, 0xDB, 0x78, 0x1E, 0x1D, 0x31, 0xA0, 0xEB, 0xC8, 0xAB, 0x85, 0xD5, 0x1C, 0x55, 0x3C, 0x2B,
    0x1E, 0x5F, 0x70, 0xB9, 0xB1, 0x09, 0x8A, 0xE6, 0xDD, 0xE1, 0x18, 0x15, 0x23, 0x96, 0x46, 0xD6,
    0xE2, 0x10, 0x6B, 0x86, 0x83, 0x3B, 0x2C, 0xDD, 0xB5, 0xE3, 0x97, 0xDB, 0xDF, 0x1F, 0x55, 0x91,
    0x43, 0xBE, 0xD9, 0xE3, 0x15, 0xB4, 0x2D, 0xC6, 0x60, 0xB1, 0x2A, 0x6B, 0xE4, 0x56, 0xEC, 0xFE,
    0x72, 0xDA, 0xF1, 0x5D, 0xF1, 0x08, 0x4D, 0x14, 0x5F, 0x83, 0xD8, 0xC8, 0xD2, 0x88, 0xD1, 0x18,
    0x59, 0xC7, 0xD7, 0xEE, 0x3E, 0x10, 0x6B, 0x20, 0xB8, 0xA6, 0xFA, 0xD3, 0xC1, 0x5C, 0x78, 0xF4,
    0xD7, 0x2E, 0xE4, 0xB6, 0x67, 0x7D, 0x99, 0xFF, 0xFB, 0x9D, 0xF2, 0x55, 0xD9, 0xA7, 0x75, 0xC4,
    0x0D, 0x70, 0x42, 0x89, 0x86, 0x02, 0xFF, 0x8A, 0x22, 0xD4, 0x91, 0x68, 0x44, 0x4F, 0xE4, 0x0C,
    0x7E, 0x60, 0x1C, 0x0A, 0x67, 0x41, 0xB9, 0x78, 0x7D, 0x75, 0x3A, 0xDD, 0x5A, 0x20, 0x84, 0xCD,
    0x87, 0x3F, 0x7D, 0x3D, 0x9A, 0x6B, 0xDC, 0x57, 0x0E, 0x4F, 0xB0, 0x64, 0x39, 0xF3, 0x96, 0x55,
    0x4D, 0x87, 0xEF, 0xE6, 0x75, 0xC6, 0x6D, 0xE6, 0x8F, 0x5D, 0xCE, 0x88, 0x88, 0x10, 0xE4, 0x52,
    0x72, 0xFA, 0x9C, 0x37, 0x28, 0x71, 0xD6, 0xBE, 0x03, 0x80, 0x3D, 0x8C, 0x38, 0x23, 0x78, 0x63,
    0xC4, 0xED, 0x01, 0xD0, 0x4B, 0x35, 0x63, 0x51, 0x80, 0xDE, 0x82, 0x47, 0x36, 0xB5, 0xFA, 0x41,
    0x1D, 0x48, 0x11, 0xB8, 0x2B, 0xE0, 0xD7, 0xE8, 0x11, 0x68, 0x65, 0xEB, 0x35, 0x2B, 0xD2, 0x46,
    0xFF, 0x5B, 0x04, 0x5A, 0x0A, 0xAD, 0xC6, 0xFF, 0xA7, 0x1C, 0xD9, 0x67, 0x7C, 0x30, 0x66, 0x46,
    0x32, 0x52, 0x13, 0x2F, 0x26, 0x0A, 0xED, 0x1F, 0x8D, 0x52, 0xFB, 0x40, 0x2B, 0xF9, 0xBE, 0xF6,
    0x84, 0xDF, 0x51, 0x71, 0x0C, 0x2F, 0xC0, 0x1C, 0xAC, 0xE3, 0xCB, 0xAD, 0x27, 0xA9, 0xA6, 0x1F,
    0xF2, 0x90, 0xD5, 0x8C, 0xF1, 0xB6, 0x4D, 0x20, 0x48, 0x19, 0x8A, 0x81, 0xD9, 0x45, 0x14, 0x62,
    0x24, 0xC5, 0x20, 0xB2, 0xD3, 0x86, 0xE0, 0x45, 0xAC, 0x15, 0x69, 0xD8, 0x50, 0x79, 0x7C, 0x3F,
    0xFE, 0x55, 0x84, 0x8A, 0x9C, 0xA9, 0x95, 0xF0, 0xF8, 0x13, 0x7E, 0xE8, 0xA1, 0x85, 0xFF, 0x64,
    0x9D, 0x4B, 0xEC, 0x7D, 0xDB, 0x68, 0xEE, 0x14, 0x20, 0xB1, 0xA7, 0x9F, 0xEA, 0x31, 0xE1, 0x22,
    0x00, 0xF3, 0x11, 0xD3, 0x4D, 0x4D, 0x5E, 0xB0, 0xE4, 0x19, 0xEA, 0xE3, 0x1A, 0xAD, 0xBE, 0xF4,
    0x48, 0x42, 0xAF, 0x66, 0x37, 0xAB, 0xE5, 0x73, 0xC9, 0x0B, 0x17, 0x51, 0xC5, 0x95, 0x35, 0x31,
    0x1D, 0x89, 0x41, 0x61, 0x96, 0x36, 0x4D, 0x96, 0xF1, 0x29, 0xA9, 0xD4, 0x0E, 0x24, 0xA9, 0xF4,
    0xCD, 0x09, 0x22, 0xCA, 0x3C, 0x24, 0x15, 0x72, 0xF5, 0x2F, 0x14, 0xEC, 0x2E, 0xBB, 0x22, 0x64,
    0x46, 0x31, 0x52, 0x44, 0x9E, 0x22, 0xFA, 0x54, 0xAA, 0xF6, 0x64, 0x57, 0x44, 0x41, 0x22, 0x1A,
    0x6F, 0x8A, 0xE8, 0x7D, 0x89, 0xE8, 0x7B, 0xDA, 0x8D, 0xBE, 0xC5, 0xC3, 0x5E, 0xE3, 0x81, 0xD6,
    0xDA, 0x52, 0x90, 0xF4, 0x8A, 0x0C, 0x5C, 0xF3, 0x49, 0xE0, 0x1C, 0x30, 0x15, 0xCA, 0x86, 0x04,
    0x7A, 0x52, 0x0C, 0xB4, 0x50, 0x44, 0xE1, 0x87, 0x91, 0xD5, 0x9F, 0xFE, 0x19, 0x58, 0xFD, 0xE4,
    0x02, 0xAC, 0xFE, 0x37, 0x70, 0xD3, 0x3E, 0xA4, 0xC1, 0x7F, 0xC4, 0xDD, 0xFA, 0x83, 0x9B, 0xAC,
    0x0E, 0xFB, 0xAC, 0x26, 0x92, 0xD5, 0xCA, 0x7E, 0x2B, 0xB2, 0xDA, 0x1B, 0xBA, 0xAA, 0x2F, 0xD9,
    0xFE, 0xDB, 0x1B, 0x02, 0xE2, 0x23, 0xDF, 0xAB, 0xE5, 0x51, 0xDA, 0xCD, 0xB4, 0x93, 0x0E, 0xE4,
    0x4D, 0x3B, 0x4A, 0xF1, 0x85, 0x75, 0x05, 0x4D, 0xB1, 0xF3, 0x03, 0xC8, 0xBF, 0xAA, 0xF5, 0xEB,
    0x43, 0xDB, 0x20, 0x7B, 0xFA, 0xFD, 0xBB, 0x59, 0xF7, 0x99, 0x6D, 0xFE, 0x47, 0xDA, 0x1D, 0x59,
    0xF7, 0xDB, 0x20, 0xDA, 0x21, 0xA3, 0x76, 0x9B, 0xF3, 0xC3, 0x4D, 0x0B, 0xC3, 0x8B, 0x78, 0xE8,
    0x12, 0x39, 0x58, 0x0C, 0xB4, 0x45, 0xFE, 0x11, 0xD4, 0x4E, 0xC8, 0x96, 0x9C, 0xDB, 0x59, 0xBD,
    0xF3, 0x47, 0x50, 0xC2, 0x18, 0x1D, 0xFE, 0xC2, 0xB5, 0x9A, 0x0D, 0xEC, 0x64, 0xB5, 0xB3, 0x0E,
    0x18, 0x59, 0x5D, 0xF0, 0xF8, 0xA5, 0x05, 0x59, 0x5A, 0x53, 0x99, 0x31, 0x75, 0x81, 0xE5, 0x4E,
    0x8C, 0xC9, 0xAA, 0x40, 0xC5, 0x56, 0xB3, 0xCD, 0x52, 0xED, 0xA3, 0x2A, 0x9D, 0x86, 0x7C, 0xE2,
    0xE4, 0xAB, 0x00, 0xD2, 0x1B, 0xB7, 0x25, 0xB1, 0x5A, 0x81, 0x14, 0xEF, 0x07, 0xB9, 0x20, 0x13,
    0xEC, 0x23, 0x7C, 0x89, 0x5E, 0xDF, 0x9A, 0x44, 0xAC, 0xFE, 0xAE, 0xB5, 0x20, 0xB5, 0xCE, 0xD0,
    0x4B, 0x2D, 0x44, 0x6F, 0x35, 0xF2, 0x18, 0xAE, 0x6D, 0xE2, 0x1C, 0x52, 0xC3, 0x1C, 0xC8, 0x63,
    0x2A, 0xEB, 0x06, 0xE1, 0x19, 0xAA, 0x01, 0x05, 0xFB, 0x6B, 0x40, 0xCA, 0x02, 0x1B, 0x34, 0x45,
    0xF5, 0xD6, 0xB9, 0xBC, 0x53, 0x3A, 0xE1, 0x97, 0xE2, 0x08, 0x1E, 0x33, 0x77, 0xD4, 0x1A, 0xC3,
    0xA0, 0x89, 0xEE, 0x0F, 0xF7, 0x83, 0x3C, 0x23, 0xA9, 0x9E, 0xD8, 0x06, 0x44, 0xCA, 0xE3, 0x3B,
    0x53, 0x5A, 0x5C, 0x0D, 0x20, 0xCD, 0x7C, 0x64, 0x8B, 0x29, 0xF1, 0x4C, 0x89, 0x93, 0x87, 0xE1,
    0xB0, 0x0C, 0x41, 0xB5, 0x01, 0x37, 0x28, 0xF8, 0x4A, 0x47, 0x77, 0x5E, 0xC4, 0xD8, 0xAD, 0x4F,
    0x12, 0xB8, 0x6B, 0xE4, 0x20, 0x1B, 0x48, 0x63, 0x01, 0xA2, 0x1C, 0xBB, 0x02, 0x29, 0xD9, 0x54,
    0x0A, 0x15, 0xC0, 0xE5, 0x6E, 0x92, 0x89, 0x21, 0x82, 0x0A, 0x00, 0xC7, 0x27, 0xC1, 0x49, 0xB6,
    0xBC, 0xB5, 0x00, 0x29, 0xF1, 0xBC, 0xBB, 0xE7, 0x70, 0xF9, 0x1E, 0xE7, 0x60, 0x03, 0x5F, 0x6E,
    0xFD, 0x4C, 0x38, 0x07, 0xBB, 0xCB, 0xED, 0xEE, 0xB7, 0x7D, 0xCD, 0xA4, 0x16, 0x41, 0x2F, 0x07,
    0x1C, 0xC6, 0xAD, 0x9C, 0xD6, 0xF4, 0x69, 0xF9, 0x69, 0x14, 0x9B, 0x6E, 0x0B, 0x37, 0x8F, 0xFF,
    0x1A, 0xEC, 0x32, 0x13, 0x22, 0xB0, 0x53, 0xCC, 0x7C, 0x76, 0x6E, 0x77, 0x14, 0x6E, 0xA6, 0x07,
    0x48, 0xF3, 0x2D, 0x14, 0x42, 0xD4, 0x17, 0x06, 0xBC, 0xD0, 0xEE, 0xFE, 0x73, 0xA6, 0x38, 0x7D,
    0x55, 0xE9, 0x88, 0x88, 0x5D, 0xC8, 0x1E, 0x30, 0x94, 0x0C, 0xC2, 0x80, 0x2C, 0xB2, 0x49, 0x03,
    0x5A, 0x96, 0xD8, 0x44, 0x17, 0xAD, 0x2C, 0x62, 0x2B, 0x2E, 0x27, 0x81, 0x71, 0x20, 0x91, 0xB9,
    0xAD, 0xD0, 0xDC, 0x56, 0x6C, 0x51, 0x62, 0xBB, 0x03, 0xBC, 0x60, 0x2B, 0x3E, 0xB7, 0x15, 0xA0,
    0x93, 0x08, 0x39, 0xA0, 0x10, 0x39, 0xA0, 0x18, 0xA3, 0x32, 0xB9, 0xAD, 0x28, 0xE7, 0x99, 0x6A,
    0x40, 0x19, 0x69, 0xA6, 0x1C, 0xE4, 0x77, 0xCF, 0x14, 0x02, 0x82, 0xB1, 0x50, 0x44, 0x3C, 0xC9,
    0xEE, 0x40, 0x4B, 0x4A, 0xCA, 0xCC, 0x51, 0x50, 0x97, 0x67, 0x57, 0x34, 0xA6, 0x36, 0x7C, 0x02,
    0xC4, 0x05, 0x0A, 0x81, 0x81, 0x4A, 0x64, 0xA2, 0xB1, 0xB5, 0xDC, 0x39, 0x09, 0x8E, 0x94, 0xF3,
    0x92, 0xF0, 0x40, 0x47, 0x4E, 0x4F, 0x32, 0xE4, 0xCC, 0x62, 0x42, 0xAD, 0x90, 0x3F, 0x26, 0xA4,
    0xB3, 0xD4, 0x62, 0x77, 0xE6, 0x7A, 0x3B, 0x48, 0x31, 0x68, 0xE6, 0x01, 0x17, 0x93, 0xC5, 0x81,
    0xD4, 0xDF, 0xCD, 0x06, 0xA0, 0xE7, 0x49, 0x10, 0xEA, 0x5B, 0xA7, 0x68, 0xC8, 0xBB, 0x68, 0x01,
    0x5C, 0x2A, 0x07, 0xB4, 0x44, 0x3E, 0xDA, 0x1A, 0x0C, 0x26, 0x32, 0x8D, 0x8D, 0xB9, 0xB4, 0x47,
    0xBC, 0x7F, 0xA9, 0x01, 0x8B, 0x55, 0xEC, 0x44, 0x1D, 0x96, 0x62, 0x5A, 0x15, 0x56, 0xE4, 0x1A,
    0xFB, 0x56, 0x66, 0xDB, 0xA6, 0x44, 0x1A, 0x0E, 0xF8, 0xA8, 0x74, 0x42, 0x77, 0x04, 0x06, 0x63,
    0xAE, 0x99, 0x66, 0x1C, 0x30, 0x2F, 0xD6, 0x4C, 0xC5, 0x8D, 0x58, 0x28, 0x50, 0xB2, 0x74, 0xAB,
    0x05, 0x68, 0x25, 0x4B, 0x4C, 0xDF, 0xA9, 0x6C, 0xC3, 0x81, 0x58, 0xCE, 0xC1, 0xB8, 0x1D, 0x74,
    0xFA, 0x29, 0x85, 0x42, 0x79, 0x97, 0x80, 0x63, 0xA4, 0xAF, 0xD4, 0x75, 0x79, 0x67, 0xB1, 0x14,
    0x12, 0x97, 0x90, 0x2F, 0x21, 0x54, 0xCC, 0x7E, 0x21, 0xDA, 0x80, 0x62, 0xEE, 0xE4, 0xE6, 0x02,
    0xB4, 0x9C, 0x1D, 0xDC, 0x59, 0xA9, 0x02, 0xA3, 0xD1, 0xBB, 0xA4, 0xEC, 0xF3, 0x26, 0xB5, 0x92,
    0xD4, 0xB3, 0xC3, 0x37, 0x0B, 0x2B, 0x1E, 0xC7, 0x72, 0xB7, 0x51, 0xDD, 0xCB, 0x1A, 0x96, 0xE7,
    0xD8, 0x90, 0x0A, 0x69, 0x18, 0x3A, 0xB3, 0xAA, 0x0E, 0x14, 0x27, 0xD8, 0xD4, 0xD8, 0xFD, 0x4A,
    0x31, 0xBC, 0x3C, 0x69, 0xAE, 0x6D, 0xF4, 0xB1, 0x4D, 0xA4, 0x34, 0x49, 0xD2, 0x4E, 0x54, 0x3F,
    0xC3, 0x71, 0xF4, 0xDE, 0x85, 0xB4, 0x80, 0xDD, 0x0E, 0xF8, 0x1D, 0xC6, 0x05, 0xEF, 0xF2, 0xF6,
    0x57, 0x2D, 0x53, 0x22, 0x36, 0xA3, 0x25, 0x7F, 0x5F, 0xAE, 0x51, 0x5D, 0xE8, 0x52, 0x43, 0xDC,
    0x9E, 0x4D, 0x38, 0x45, 0x45, 0x17, 0xFD, 0xC5, 0x54, 0x84, 0x95, 0xAD, 0xAC, 0x1A, 0xF0, 0x47,
    0xA5, 0x55, 0x9F, 0x86, 0x95, 0xF9, 0xEE, 0x0A, 0x27, 0xDF, 0x65, 0x61, 0x0D, 0x1C, 0xD2, 0x11,
    0x98, 0x05, 0x60, 0x31, 0xF8, 0x3E, 0x0D, 0x55, 0x87, 0xBF, 0x4F, 0xC1, 0x5A, 0xD7, 0x2C, 0x9D,
    0xFF, 0x9E, 0x91, 0x49, 0x2A, 0x0A, 0x60, 0x12, 0xC2, 0x8C, 0xE8, 0x8E, 0xE7, 0xDC, 0xF5, 0x95,
    0x23, 0xB4, 0x6B, 0xC5, 0x46, 0xA4, 0x82, 0x8B, 0x54, 0x29, 0xE8, 0xCA, 0x63, 0xF3, 0x14, 0xF9,
    0xA0, 0x44, 0xA6, 0x8C, 0x5B, 0x47, 0xFC, 0xA8, 0x08, 0x99, 0x19, 0xC2, 0x9D, 0xFF, 0x32, 0x84,
    0xF4, 0x2D, 0x1A, 0x09, 0xAA, 0xCD, 0x15, 0x76, 0xD5, 0x4F, 0xCC, 0x5D, 0xE1, 0x4F, 0x0D, 0xC7,
    0xFD, 0x3F, 0x9B, 0xF0, 0x9B, 0x8F, 0x03, 0x42, 0x4B, 0xBE, 0xD6, 0xCF, 0x65, 0x9A, 0xC7, 0x34,
    0x61, 0x7A, 0x3D, 0x60, 0x72, 0x94, 0x4D, 0x3B, 0x87, 0x3F, 0xEC, 0x6F, 0x7A, 0xEE, 0x09, 0x77,
    0xFB, 0x0B, 0x3C, 0xE1, 0x3E, 0xE2, 0x09, 0xB7, 0x66, 0xDB, 0xB8, 0x15, 0x31, 0x21, 0x22, 0xA3,
    0x60, 0xF6, 0x48, 0xD1, 0xE7, 0x32, 0x8A, 0x96, 0xD8, 0x45, 0xFC, 0x52, 0x05, 0xCC, 0xAC, 0x25,
    0x6E, 0x66, 0x3F, 0x19, 0xAF, 0xFD, 0x73, 0xEE, 0xE5, 0xF3, 0xCF, 0xB9, 0xAB, 0xBB, 0xCF, 0xB9,
    0xBF, 0xC9, 0x0A, 0x5A, 0xEF, 0x52, 0x80, 0xA2, 0x32, 0x6F, 0xA8, 0x60, 0x2B, 0xB1, 0x03, 0x30,
    0xB1, 0x0B, 0x31, 0xB1, 0x0B, 0xD7, 0x89, 0x5D, 0xDC, 0x4A, 0x67, 0x5B, 0x1D, 0x09, 0xB0, 0xD6,
    0xE0, 0x01, 0xD0, 0x99, 0xE1, 0x79, 0x25, 0xCA, 0xE1, 0x7A, 0x96, 0x7B, 0x05, 0x7D, 0x55, 0xAA,
    0x00, 0xAA, 0x54, 0x09, 0x6A, 0xC0, 0xD9, 0xA9, 0x5B, 0xA9, 0x82, 0x07, 0x47, 0x15, 0xE1, 0x79,
    0xF5, 0xFE, 0xED, 0xCB, 0xFF, 0x1B, 0xED, 0x5B, 0x01, 0xC4, 0x2E, 0xE9, 0x75, 0x3E, 0xDF, 0x8C,
    0xBB, 0x43, 0x3E, 0x4C, 0x91, 0x5B, 0x75, 0x97, 0x4E, 0xD0, 0xA0, 0x8B, 0x0E, 0x04, 0x40, 0xDE,
    0x69, 0x83, 0xA0, 0xE8, 0xC5, 0xFD, 0x13, 0x04, 0x81, 0x22, 0x4D, 0x71, 0x01, 0xA8, 0xB6, 0xF3,
    0xC9, 0x62, 0x01, 0x7E, 0xB4, 0x85, 0x22, 0x8B, 0x8B, 0xDD, 0x7F, 0x71, 0x01, 0x28, 0x3A, 0xB3,
    0x29, 0x82, 0x45, 0x26, 0x89, 0x16, 0x82, 0x4C, 0xBA, 0xBB, 0xCA, 0x06, 0x3B, 0x49, 0xA6, 0x3A,
    0xF7, 0xEE, 0x3B, 0xF3, 0xF4, 0x7B, 0x9E, 0x33, 0xFF, 0x67, 0xFE, 0xEF, 0xDE, 0x7F, 0x7B, 0xD3,
    0xB4, 0x92, 0xEE, 0x76, 0x8C, 0xE7, 0xBC, 0xDF, 0x7F, 0xEF, 0x37, 0xEF, 0x39, 0xCF, 0x39, 0x73,
    0xDE, 0x73, 0xDE, 0x99, 0xCF, 0xEE, 0x56, 0x65, 0x67, 0x0F, 0x2F, 0xCD, 0xC2, 0x77, 0x10, 0x53,
    0x8C, 0x66, 0xF5, 0x3B, 0x58, 0x0A, 0x44, 0xB3, 0xE6, 0xC7, 0x40, 0xC0, 0x62, 0x06, 0x3C, 0x06,
    0x1A, 0x98, 0x21, 0x66, 0x98, 0x72, 0x0E, 0xC6, 0x14, 0xFD, 0x1E, 0xB6, 0x43, 0x9F, 0xA2, 0x3D,
    0x0E, 0x12, 0xB4, 0x29, 0x0E, 0xC7, 0x41, 0x8A, 0x36, 0x43, 0x95, 0x2F, 0xE6, 0x1F, 0xF3, 0xD9,
    0xB2, 0x23, 0x2E, 0x56, 0x44, 0xF3, 0x8F, 0xE5, 0xF5, 0x20, 0x4C, 0xFE, 0x77, 0x0D, 0xF4, 0xF7,
    0x30, 0xAE, 0x1F, 0xC3, 0x5C, 0xF9, 0xC7, 0x80, 0x36, 0x4C, 0x56, 0x0F, 0xEB, 0xA0, 0x19, 0xAC,
    0xC4, 0x21, 0x8C, 0x1C, 0xEC, 0x51, 0x99, 0x8E, 0x14, 0x76, 0x36, 0xC8, 0x96, 0x75, 0xB0, 0x9F,
    0xCF, 0x07, 0x79, 0x3C, 0x1F, 0xDC, 0xB9, 0xCF, 0xEB, 0x27, 0xE8, 0xEA, 0xD1, 0x32, 0x1C, 0xA8,
    0x0C, 0xA8, 0x4C, 0x39, 0x53, 0x99, 0x5A, 0xBA, 0x61, 0x38, 0x62, 0x82, 0xCE, 0xF6, 0x4B, 0x86,
    0x83, 0x65, 0xC8, 0xC1, 0xE9, 0xCA, 0x99, 0xD8, 0x4C, 0x66, 0x09, 0x30, 0x98, 0xED, 0x80, 0xD6,
    0x48, 0xD7, 0x81, 0x28, 0x6D, 0x9A, 0x48, 0xAC, 0x47, 0xE1, 0x40, 0x6C, 0x84, 0xE8, 0x85, 0xDD,
    0x11, 0x76, 0x44, 0x12, 0x78, 0x8D, 0xA4, 0x4E, 0x58, 0xD1, 0x16, 0x5D, 0xE6, 0xEE, 0x7D, 0xBB,
    0x73, 0x41, 0x42, 0x72, 0x10, 0x4B, 0xB1, 0x17, 0xA2, 0x95, 0xE2, 0xA4, 0x98, 0x0C, 0xFD, 0x11,
    0xF9, 0xED, 0x3C, 0xF2, 0xDB, 0x79, 0xDC, 0x83, 0x36, 0xE6, 0x33, 0xB1, 0x8C, 0x66, 0xFB, 0x18,
    0x46, 0x22, 0xA7, 0xCF, 0x22, 0x3A, 0xB2, 0xC4, 0xC9, 0x52, 0xC0, 0x88, 0x8B, 0x30, 0x0A, 0x27,
    0x69, 0x32, 0x10, 0x37, 0xBA, 0xA5, 0xB7, 0xE8, 0xB6, 0x17, 0xE6, 0x8E, 0x0B, 0xB1, 0x98, 0x6D,
    0xFD, 0xD7, 0x72, 0xCE, 0x50, 0x59, 0x3D, 0xF1, 0x5B, 0x18, 0x12, 0xB4, 0x09, 0xBA, 0x1D, 0x5A,
    0x92, 0x88, 0x4E, 0x81, 0xD4, 0x91, 0xC4, 0xA6, 0xAF, 0x27, 0xF2, 0xC3, 0x39, 0xC3, 0xCF, 0x39,
    0x67, 0xF8, 0x88, 0xF3, 0x94, 0x52, 0xAE, 0x40, 0xD4, 0x04, 0x93, 0x70, 0xD0, 0x94, 0x54, 0x85,
    0x97, 0xB6, 0x7B, 0x8F, 0x71, 0x75, 0x69, 0x01, 0x40, 0x27, 0x6C, 0xAD, 0x3E, 0x21, 0xAF, 0x20,
    0xFE, 0x1D, 0xC3, 0x24, 0xDC, 0xF8, 0xE2, 0xA2, 0xB2, 0xBB, 0x0F, 0x8C, 0xDF, 0x8C, 0xC4, 0x66,
    0x24, 0x8F, 0x18, 0xAC, 0xE9, 0x69, 0x72, 0xDD, 0x53, 0xED, 0xBA, 0xA7, 0x81, 0x61, 0xC8, 0x17,
    0x62, 0x19, 0x89, 0x61, 0x24, 0x92, 0xCA, 0x72, 0xA0, 0xB6, 0xE5, 0xCF, 0xA8, 0x50, 0xF1, 0x0B,
    0x2A, 0x54, 0x7C, 0x04, 0xEA, 0x79, 0xA6, 0x33, 0xB1, 0x3F, 0x69, 0xAE, 0xD8, 0x2D, 0xA4, 0x67,
    0x29, 0x0C, 0xD4, 0x56, 0x58, 0x91, 0xB4, 0x8D, 0xCE, 0x8E, 0xD3, 0x1A, 0x45, 0xEE, 0x0C, 0x7E,
    0x5F, 0xAE, 0x29, 0x17, 0x0F, 0xA5, 0x3A, 0x52, 0x0E, 0x3C, 0x69, 0x9A, 0x7B, 0x2D, 0x8C, 0xA4,
    0x99, 0x97, 0x70, 0xDF, 0x14, 0xD1, 0x2F, 0x99, 0xCF, 0xF5, 0x28, 0x09, 0xF4, 0xEE, 0x27, 0xE9,
    0xE4, 0x91, 0x20, 0x39, 0xAF, 0x32, 0x4A, 0xEE, 0x57, 0x59, 0xF8, 0xDF, 0xA9, 0xA5, 0x24, 0x3E,
    0x92, 0x4C, 0xF0, 0xC3, 0x35, 0x18, 0x5E, 0xD5, 0x75, 0x72, 0x24, 0x92, 0x21, 0x2A, 0xC8, 0x45,
    0xEA, 0xD3, 0x47, 0x96, 0xA0, 0xB7, 0x06, 0x93, 0x65, 0xF2, 0x8D, 0x02, 0xD9, 0x02, 0x06, 0x0B,
    0xB3, 0x59, 0x29, 0xBD, 0x65, 0xCA, 0x56, 0xFA, 0x9D, 0x21, 0xD9, 0x4A, 0x26, 0x2E, 0x3D, 0x06,
    0x4F, 0x51, 0xE8, 0x91, 0x46, 0x47, 0xDE, 0xB9, 0x30, 0x2B, 0x16, 0x5D, 0x32, 0x87, 0x35, 0x13,
    0x75, 0xDF, 0xF1, 0xDA, 0x29, 0xBE, 0xE4, 0xB1, 0xFE, 0x3D, 0xE8, 0x72, 0x1F, 0xCA, 0x12, 0x40,
    0xB4, 0x36, 0x3E, 0x5B, 0x40, 0xEB, 0xC2, 0xFC, 0x8F, 0x3E, 0xB1, 0x66, 0x5A, 0x19, 0xCA, 0x17,
    0xE7, 0x35, 0x4A, 0x5D, 0x8C, 0xB5, 0x9B, 0x15, 0xDC, 0xAA, 0x80, 0xD1, 0x0A, 0x58, 0x21, 0x9B,
    0xE4, 0x73, 0xF9, 0xAC, 0x97, 0x68, 0x5C, 0xA0, 0x73, 0xD1, 0x6E, 0xAC, 0x4A, 0x70, 0xD8, 0xD8,
    0xB2, 0xBB, 0x10, 0xC1, 0x98, 0x8A, 0x48, 0x11, 0xCB, 0x58, 0xF3, 0x53, 0x98, 0x1A, 0x00, 0x63,
    0x18, 0x01, 0x60, 0xA8, 0x99, 0xFD, 0x94, 0x49, 0xF2, 0x55, 0x2C, 0xE2, 0x2C, 0x9F, 0x35, 0x45,
    0x11, 0x75, 0xED, 0x32, 0x8A, 0xB0, 0x30, 0x59, 0xEA, 0x42, 0xD1, 0x3C, 0x6A, 0xA6, 0x7A, 0x10,
    0x69, 0x4A, 0xA3, 0xFE, 0xD5, 0x45, 0x5F, 0xCD, 0x67, 0x91, 0x5E, 0xCC, 0x96, 0xF8, 0x15, 0xD2,
    0x6B, 0x71, 0xF0, 0x2B, 0x7C, 0x70, 0xD5, 0x60, 0xC8, 0x20, 0x35, 0xF6, 0x2E, 0x72, 0x89, 0xDE,
    0x45, 0xB7, 0xB5, 0xCC, 0x45, 0xBA, 0x8A, 0xAD, 0x9D, 0x9A, 0x5D, 0xB1, 0xE5, 0x62, 0x39, 0xFA,
    0xEE, 0xE2, 0xE2, 0xCE, 0x83, 0x12, 0x80, 0x5B, 0x5E, 0x12, 0x97, 0x30, 0xBD, 0xD2, 0x2C, 0x6F,
    0x86, 0xC9, 0x78, 0x8E, 0x3C, 0xEB, 0x81, 0x67, 0xA3, 0x13, 0xBD, 0xCE, 0xEE, 0x88, 0x9C, 0x12,
    0x5D, 0x82, 0xF6, 0x38, 0x48, 0xD1, 0x26, 0xCA, 0x31, 0x47, 0xCC, 0x51, 0x1D, 0xB1, 0x24, 0xF6,
    0x0D, 0xFE, 0x26, 0x01, 0x49, 0x35, 0xE0, 0x17, 0x98, 0xAC, 0xC1, 0xDB, 0x18, 0xAD, 0x5C, 0x78,
    0xA9, 0xDD, 0x7D, 0x0B, 0xF2, 0x98, 0xA3, 0xBB, 0xAD, 0xE9, 0x4E, 0xDE, 0x72, 0xDC, 0xB9, 0x0D,
    0x17, 0x52, 0x3F, 0x8C, 0xD4, 0xBE, 0x1E, 0xDC, 0x07, 0xEE, 0x82, 0x7C, 0x26, 0xCA, 0x01, 0x9D,
    0xF3, 0x1F, 0x26, 0xA1, 0xD8, 0x0F, 0x22, 0xDF, 0xB9, 0x77, 0xEA, 0x1B, 0xC5, 0x4C, 0xB3, 0x7C,
    0x0D, 0x8B, 0x32, 0xD6, 0x6C, 0x41, 0x0A, 0xE6, 0xC2, 0x04, 0x33, 0xEF, 0xFF, 0x3B, 0xCF, 0xC9,
    0x5C, 0x8D, 0x90, 0x37, 0x96, 0xE2, 0x58, 0xA1, 0x3A, 0x92, 0xF2, 0x15, 0x6F, 0x5B, 0x6A, 0xDA,
    0xDB, 0xD2, 0xF9, 0xF1, 0xF6, 0xB9, 0xFB, 0x40, 0x8B, 0x2E, 0x17, 0xDC, 0x51, 0x4C, 0x8B, 0x68,
    0xF1, 0x4C, 0x82, 0x3B, 0xAD, 0xF5, 0xE8, 0xB3, 0x23, 0x0C, 0xF9, 0x11, 0x16, 0xE0, 0xD0, 0x00,
    0xA8, 0x02, 0x53, 0x41, 0x81, 0x77, 0x60, 0xBB, 0x37, 0xC9, 0x83, 0x02, 0xD1, 0x8A, 0xE5, 0x8D,
    0x35, 0x77, 0x97, 0x84, 0xE0, 0x40, 0x4B, 0xCA, 0xD1, 0x89, 0x76, 0x70, 0xB2, 0x1B, 0x41, 0x27,
    0xA6, 0x95, 0x99, 0x6F, 0xA1, 0x78, 0xB8, 0x41, 0x31, 0xB1, 0x0D, 0xF1, 0x8E, 0x28, 0x2E, 0x53,
    0xB4, 0xF5, 0x18, 0x52, 0x1C, 0xEA, 0xF1, 0x8B, 0x19, 0xAA, 0x66, 0xF8, 0x2B, 0x52, 0x3C, 0xFD,
    0x25, 0x29, 0x06, 0x44, 0x31, 0x31, 0x88, 0xE8, 0x62, 0xA5, 0x78, 0x21, 0xC5, 0xD9, 0x40, 0x8A,
    0x53, 0x25, 0xF6, 0xB4, 0x27, 0xC5, 0x59, 0x47, 0xF6, 0xF6, 0x2D, 0x84, 0xE2, 0x70, 0x77, 0xC6,
    0xE1, 0x35, 0x65, 0x65, 0x54, 0x80, 0x2A, 0x3E, 0x15, 0x9E, 0x8A, 0x4E, 0xFC, 0x64, 0x40, 0x8F,
    0x7F, 0xFD, 0xD9, 0x11, 0xDE, 0x7D, 0x17, 0x1D, 0x7E, 0xF1, 0x21, 0x5A, 0x00, 0x68, 0xA9, 0xCA,
    0x81, 0x94, 0x55, 0x39, 0x53, 0xE7, 0xAE, 0xF9, 0x32, 0xCC, 0x0A, 0x1A, 0x5A, 0xD2, 0xC2, 0x92,
    0x06, 0xFE, 0x7E, 0x11, 0xC9, 0xD3, 0x35, 0x14, 0xF1, 0xF6, 0x15, 0xE1, 0x2C, 0x22, 0x1C, 0x5D,
    0xDD, 0xEF, 0x37, 0x4F, 0x4C, 0x11, 0x7F, 0x10, 0x76, 0x29, 0x71, 0x38, 0xE2, 0x87, 0xBC, 0x87,
    0x3B, 0xC3, 0xA0, 0x34, 0xF2, 0x3C, 0x7A, 0xE7, 0x2D, 0xBD, 0x6B, 0x04, 0x8B, 0x5E, 0x46, 0x8C,
    0x22, 0xB8, 0xF2, 0x08, 0x86, 0xD0, 0x92, 0x2B, 0x3B, 0x2F, 0x08, 0x16, 0xE1, 0x4C, 0x2C, 0x9E,
    0xB3, 0x0A, 0x97, 0xFD, 0x11, 0x7F, 0xC6, 0xA0, 0xA8, 0x3F, 0x02, 0xCC, 0x14, 0x49, 0x2A, 0x35,
    0x0F, 0x06, 0x16, 0x31, 0x3B, 0x8C, 0xC2, 0xFE, 0x88, 0x2A, 0x2F, 0xAB, 0x74, 0xC5, 0x43, 0x06,
    0x4E, 0xB5, 0xD7, 0x99, 0x2F, 0xC2, 0x99, 0x83, 0x62, 0xE6, 0xA0, 0x88, 0x3C, 0x4B, 0x9D, 0xA7,
    0xD4, 0xE1, 0x65, 0xA4, 0x97, 0x8E, 0x9B, 0x63, 0xD7, 0xA0, 0x92, 0x86, 0x80, 0xB3, 0x08, 0x6A,
    0x24, 0xD6, 0x16, 0x99, 0xB2, 0x34, 0x5E, 0x82, 0xB4, 0x39, 0x65, 0x58, 0x38, 0x71, 0x18, 0x9A,
    0x89, 0xB2, 0xEE, 0xA0, 0x14, 0xDC, 0xBC, 0xCD, 0xB5, 0x18, 0x86, 0x1F, 0xA2, 0x7D, 0x09, 0xB3,
    0x41, 0xC7, 0x64, 0x8D, 0x64, 0x6F, 0x41, 0xB2, 0xB2, 0x3D, 0xC5, 0x7B, 0xBA, 0xDC, 0xD5, 0xA3,
    0x53, 0xD1, 0xA4, 0x69, 0xCE, 0xE5, 0xBA, 0xB0, 0x9D, 0x16, 0xBC, 0xDE, 0xEE, 0x48, 0xAD, 0xE5,
    0x2B, 0x90, 0x83, 0x01, 0xC9, 0x7A, 0x95, 0x85, 0xD4, 0x95, 0xDE, 0xEF, 0x79, 0x55, 0xFB, 0x40,
    0xC2, 0x5E, 0x5E, 0x2A, 0xE5, 0x86, 0x9E, 0x17, 0xF5, 0x3B, 0x10, 0x2C, 0xB8, 0xE6, 0x62, 0x09,
    0x6F, 0xF3, 0x5E, 0xAE, 0x5F, 0x65, 0xFD, 0xDE, 0xBC, 0xC6, 0x9A, 0xBD, 0x79, 0x07, 0xD6, 0xC4,
    0x5A, 0xCA, 0x07, 0x62, 0x97, 0x93, 0x07, 0x92, 0xB4, 0x5C, 0xBA, 0x17, 0x4F, 0xE8, 0xDE, 0x45,
    0x95, 0xB5, 0x32, 0xAB, 0xB5, 0x54, 0x68, 0x6B, 0xD9, 0x85, 0x27, 0x9E, 0x28, 0x3F, 0x0D, 0x5C,
    0x37, 0xE3, 0x59, 0xF5, 0xD2, 0xBD, 0x78, 0xF5, 0xF2, 0x6B, 0xF7, 0xD1, 0x7E, 0x59, 0xBB, 0xA1,
    0x13, 0x16, 0x13, 0xB1, 0x74, 0x1C, 0x7D, 0x4D, 0xF4, 0x1E, 0x44, 0x2C, 0x61, 0xB4, 0x3D, 0xE4,
    0x0B, 0x87, 0xCE, 0x76, 0x98, 0xAF, 0xB3, 0x50, 0x43, 0x40, 0xEF, 0xE0, 0x0C, 0xC8, 0x6C, 0x81,
    0x0C, 0x97, 0xD5, 0x19, 0x56, 0x07, 0xB8, 0x57, 0x36, 0x6B, 0xC6, 0x29, 0xED, 0x05, 0x42, 0x1D,
    0x45, 0xC9, 0xC1, 0xCA, 0xB5, 0xBC, 0x6F, 0x1D, 0xA4, 0xEC, 0x64, 0xA8, 0xD6, 0x51, 0x72, 0xED,
    0xCB, 0x59, 0xE6, 0x88, 0x5C, 0x44, 0x1F, 0x39, 0xB1, 0x2B, 0xD1, 0x76, 0xCB, 0xC1, 0x85, 0xDD,
    0xFB, 0x2A, 0x75, 0x03, 0x83, 0x66, 0x6E, 0x8E, 0x42, 0x35, 0xB5, 0xA7, 0x8D, 0x14, 0x9D, 0x68,
    0x61, 0xE3, 0x5B, 0x89, 0x2C, 0x74, 0xC5, 0xE2, 0xEA, 0x33, 0x4B, 0x8A, 0x9D, 0x1D, 0x17, 0x47,
    0xCD, 0xFF, 0x47, 0xF8, 0xD6, 0xBA, 0x5E, 0xFC, 0x13, 0x5E, 0x73, 0x97, 0xE3, 0xDF, 0xF0, 0xED,
    0xEB, 0xF2, 0xD2, 0xF5, 0xF3, 0xD1, 0xB8, 0xEA, 0xB9, 0xDE, 0x17, 0xE9, 0x69, 0x94, 0xE3, 0xF1,
    0xD2, 0x78, 0xBE, 0x64, 0x59, 0x14, 0xBD, 0xA3, 0x2C, 0x63, 0x39, 0xEB, 0x0B, 0x63, 0x98, 0x8A,
    0xC5, 0x43, 0x36, 0x8C, 0xCE, 0x24, 0xDA, 0x30, 0x48, 0xBD, 0x12, 0x56, 0x0F, 0x6A, 0x00, 0x9A,
    0x59, 0xCA, 0xB7, 0xB6, 0x03, 0x95, 0x67, 0x73, 0x90, 0x62, 0x30, 0x74, 0x3B, 0x39, 0xB0, 0x35,
    0x9E, 0x6C, 0xAC, 0x2B, 0x46, 0x6A, 0xB3, 0x2A, 0x63, 0xA1, 0xB3, 0x75, 0x54, 0xB7, 0xEB, 0xA8,
    0x82, 0x8F, 0x0C, 0x80, 0xF9, 0x51, 0xE3, 0xD4, 0x62, 0x9F, 0x68, 0xB6, 0xCF, 0x9E, 0xB1, 0xDB,
    0x5C, 0xB2, 0x34, 0xDF, 0x1D, 0x05, 0x3C, 0x4D, 0x73, 0x46, 0xE5, 0xEC, 0x46, 0xA3, 0x36, 0x8F,
    0x09, 0x50, 0xD9, 0x5B, 0xE8, 0x8A, 0x98, 0xE1, 0x29, 0xE7, 0xEA, 0xCB, 0x49, 0x16, 0x19, 0x6D,
    0x2B, 0xDC, 0xF2, 0x21, 0x68, 0x99, 0xE6, 0x48, 0xC5, 0xC9, 0x4A, 0x1F, 0x4E, 0x23, 0x57, 0x61,
    0x2D, 0x44, 0xB7, 0xA3, 0x04, 0x6F, 0xA3, 0xD5, 0x28, 0xC5, 0xB7, 0x70, 0x40, 0x2F, 0xAE, 0x52,
    0x1C, 0xBC, 0x63, 0x5A, 0x52, 0x54, 0xE4, 0xB9, 0xE0, 0xC2, 0x63, 0x35, 0x4B, 0x78, 0x0C, 0x4C,
    0x3E, 0x1A, 0xB5, 0xFB, 0x45, 0xF5, 0x7C, 0xC3, 0xD5, 0x45, 0x8D, 0xF1, 0xDD, 0xCA, 0x93, 0xAC,
    0x87, 0x32, 0x19, 0xD5, 0x5A, 0x74, 0x70, 0xE3, 0x8C, 0x22, 0x44, 0xF5, 0xC1, 0x18, 0x19, 0xD4,
    0x89, 0x42, 0x27, 0xCA, 0x1D, 0x61, 0x2A, 0xA0, 0x05, 0xD0, 0x23, 0x7C, 0x94, 0xF7, 0x1B, 0x35,
    0xBD, 0x86, 0xFF, 0xC0, 0x61, 0xA5, 0x57, 0xC2, 0x6F, 0x22, 0x65, 0x83, 0xC4, 0xD3, 0x5A, 0x8A,
    0xF5, 0x46, 0x3E, 0xBC, 0x8C, 0xC1, 0x52, 0xFA, 0x6C, 0x2D, 0xE5, 0x47, 0x53, 0xAD, 0x34, 0x99,
    0x1A, 0xD5, 0x55, 0x44, 0xEA, 0xC0, 0x4F, 0x65, 0xDC, 0x08, 0x9E, 0x6B, 0xED, 0xA0, 0xF0, 0x16,
    0xDF, 0x14, 0xA9, 0xB4, 0x50, 0x50, 0xD8, 0x1F, 0x5C, 0x28, 0x1B, 0x97, 0xC0, 0xEC, 0x62, 0x72,
    0xD1, 0x6D, 0x5A, 0x41, 0xF2, 0xA0, 0xC4, 0x70, 0xF1, 0xC0, 0xC2, 0xC8, 0x6B, 0xD5, 0x8A, 0x34,
    0x96, 0x14, 0x95, 0xA1, 0xF7, 0xFB, 0x89, 0xCC, 0xE2, 0xFB, 0xE8, 0x6D, 0x87, 0xEF, 0xA2, 0xB5,
    0x44, 0x5D, 0x58, 0x8A, 0x26, 0x12, 0x31, 0x2B, 0xA9, 0xC0, 0x53, 0xD4, 0x20, 0x8C, 0x54, 0xDE,
    0xD9, 0x2E, 0xB9, 0x43, 0xA4, 0x1D, 0x19, 0x22, 0x15, 0xDF, 0x0B, 0x39, 0x1E, 0x3D, 0x71, 0x38,
    0x7A, 0xD7, 0x2C, 0xDA, 0x15, 0xE8, 0xF6, 0xC5, 0xC7, 0xBA, 0x73, 0x81, 0x4E, 0x58, 0x11, 0xDD,
    0x92, 0x4B, 0xF3, 0x63, 0x9B, 0xD4, 0xB1, 0x95, 0x4E, 0xFA, 0x62, 0xCE, 0xFA, 0xEC, 0x39, 0xBB,
    0x88, 0x92, 0x55, 0x49, 0x99, 0x41, 0x1C, 0x4A, 0x99, 0xD1, 0x55, 0x10, 0x9F, 0x45, 0x54, 0x1E,
    0xA4, 0xB6, 0x0D, 0x65, 0x98, 0x94, 0x08, 0x45, 0x4E, 0xA7, 0xC0, 0xF5, 0xD5, 0x00, 0x43, 0xE2,
    0xB2, 0x4B, 0x29, 0x7D, 0xF7, 0x4C, 0xD3, 0xAC, 0xF9, 0x51, 0xE5, 0x2F, 0xAD, 0xDC, 0x53, 0x96,
    0x8B, 0x8C, 0xFC, 0xBC, 0x77, 0x06, 0xDE, 0x6A, 0xAA, 0x88, 0x1C, 0x28, 0xD5, 0xBA, 0x96, 0x2C,
    0x6C, 0x17, 0x95, 0xD9, 0x8A, 0x4B, 0x4F, 0xE3, 0x9A, 0x5A, 0x42, 0xFA, 0x6C, 0x56, 0x25, 0xCD,
    0xBB, 0x6E, 0xA2, 0x6C, 0x97, 0xC7, 0x72, 0x91, 0xB8, 0x87, 0x47, 0x2B, 0x0D, 0xB2, 0x52, 0xA2,
    0x70, 0x11, 0xF0, 0x78, 0xD1, 0xAA, 0xC7, 0x8C, 0xAD, 0x52, 0x5C, 0x06, 0x94, 0x51, 0xFA, 0x87,
    0x49, 0xD7, 0x0C, 0xE3, 0x89, 0x9C, 0x7C, 0x11, 0x27, 0x85, 0x53, 0xA2, 0x6D, 0x01, 0x27, 0xA6,
    0xBB, 0xE6, 0xE3, 0xB7, 0xD1, 0x53, 0x04, 0x36, 0x70, 0xE8, 0x02, 0x49, 0xA0, 0x91, 0x76, 0x14,
    0x55, 0xE0, 0xEA, 0x0F, 0x99, 0x94, 0x2E, 0xDB, 0x9D, 0xBB, 0x62, 0xDA, 0x9A, 0x57, 0x0F, 0x12,
    0xDB, 0xFE, 0x53, 0xBD, 0xB4, 0x77, 0x6A, 0xEB, 0xBD, 0x71, 0xDE, 0x2F, 0x17, 0xB3, 0x84, 0xF7,
    0x12, 0xA7, 0x7E, 0x59, 0xE2, 0xAC, 0x5F, 0x6E, 0xFE, 0xFD, 0xE2, 0x6B, 0x47, 0x01, 0x1E, 0xB6,
    0x15, 0x8B, 0x38, 0x02, 0xD3, 0xC2, 0x3F, 0x5F, 0x3C, 0xBC, 0xD9, 0x2F, 0x53, 0x54, 0x46, 0x03,
    0x38, 0xB9, 0xEB, 0xD0, 0xDC, 0xA2, 0x43, 0x79, 0x53, 0x87, 0xE9, 0xAC, 0x6B, 0x56, 0x4A, 0x3F,
    0x39, 0x29, 0x90, 0x88, 0x2F, 0xFE, 0x3D, 0x22, 0xC7, 0xC0, 0xE8, 0xA2, 0x77, 0x71, 0x50, 0x8C,
    0x3B, 0x39, 0x17, 0x04, 0xF5, 0x29, 0xF7, 0x9F, 0xE9, 0x9D, 0x79, 0x6E, 0x3A, 0xE8, 0x6E, 0xA7,
    0xDE, 0x39, 0xE1, 0xF9, 0xC1, 0x5B, 0x72, 0x01, 0x56, 0xAC, 0x32, 0xA2, 0xED, 0x71, 0xF5, 0x78,
    0xAD, 0xB8, 0x75, 0x7A, 0xAD, 0x3D, 0x6F, 0x6A, 0x6D, 0x3F, 0xB7, 0xCD, 0xFA, 0x59, 0x1B, 0x2A,
    0x1B, 0xD7, 0x52, 0xEB, 0x1F, 0x1A, 0x2D, 0x4E, 0x80, 0x11, 0x67, 0xE1, 0xA0, 0x00, 0xAC, 0x4C,
    0xC7, 0xB3, 0xCE, 0x5B, 0x3E, 0xD6, 0x79, 0x3B, 0x11, 0xE7, 0xFC, 0x8D, 0x67, 0xCE, 0xFB, 0xEA,
    0xAF, 0xE0, 0xBC, 0x5B, 0x75, 0x40, 0x2C, 0x66, 0x09, 0x4D, 0x8E, 0xD1, 0xC5, 0x20, 0x1D, 0xD6,
    0xBB, 0x6C, 0xEB, 0x44, 0x5D, 0x49, 0xB9, 0x42, 0xA2, 0x8C, 0x12, 0xF5, 0x24, 0x81, 0x71, 0x4D,
    0xC3, 0xFF, 0xCB, 0xEE, 0xF2, 0xD6, 0x68, 0x79, 0x93, 0xEE, 0xC2, 0x1C, 0x88, 0xEA, 0x5E, 0xA1,
    0x8E, 0x1F, 0x9B, 0xCD, 0x0F, 0x6F, 0x73, 0x37, 0xBB, 0xBD, 0x6B, 0x5B, 0x37, 0x9F, 0x94, 0xA7,
    0x9A, 0xBF, 0xF2, 0x46, 0x48, 0xF5, 0xDF, 0xD8, 0x08, 0x39, 0x6F, 0x7B, 0x93, 0x2B, 0xF4, 0xD4,
    0x92, 0x98, 0x89, 0xFA, 0x3D, 0xA8, 0x7E, 0x2E, 0x3C, 0x6F, 0x41, 0x6F, 0xDF, 0x0E, 0x16, 0xFE,
    0x8F, 0x6F, 0x84, 0xDC, 0x7B, 0x3C, 0x7B, 0x5A, 0x76, 0xA8, 0x31, 0x31, 0xD4, 0x47, 0x31, 0x2C,
    0xF0, 0x6D, 0xA5, 0x04, 0x15, 0x6D, 0xB0, 0x15, 0x32, 0xC2, 0xEE, 0x81, 0x69, 0xC8, 0x8D, 0x66,
    0xAD, 0x90, 0x83, 0xEF, 0x53, 0xE6, 0x1C, 0x34, 0x38, 0xF8, 0x00, 0xA8, 0xAC, 0xC0, 0x68, 0xC9,
    0x3A, 0xF0, 0x9D, 0xDC, 0xD2, 0x0B, 0x75, 0x6E, 0xA5, 0x8F, 0x96, 0x7F, 0xC4, 0xA5, 0xE1, 0xA7,
    0x93, 0x95, 0x1F, 0xCD, 0x66, 0xF5, 0x71, 0x10, 0x7E, 0xCC, 0x0A, 0xF7, 0x47, 0x93, 0x35, 0xDF,
    0x3B, 0x0E, 0xF0, 0xCE, 0x64, 0xF8, 0x3A, 0x07, 0xDF, 0x8D, 0x09, 0xCA, 0x49, 0x83, 0x74, 0x0E,
    0xA3, 0xED, 0xF0, 0x5A, 0xDC, 0xC7, 0x30, 0x58, 0x82, 0x2F, 0xC7, 0x62, 0x0C, 0x2C, 0x3A, 0xD2,
    0xE3, 0xE7, 0xBA, 0xD7, 0xA0, 0xEE, 0x1A, 0x1F, 0xE0, 0x80, 0xCE, 0xB2, 0x25, 0x9D, 0x61, 0xD4,
    0x74, 0x4E, 0xB1, 0xD8, 0xFA, 0x38, 0x22, 0xD2, 0x3E, 0x0E, 0xA6, 0x04, 0x18, 0x8A, 0x29, 0xC5,
    0x40, 0x5F, 0x95, 0x53, 0x4A, 0x22, 0xD1, 0x96, 0xA3, 0x1E, 0x1A, 0xE1, 0x10, 0x86, 0x04, 0x87,
    0x3D, 0xCE, 0x1F, 0xE3, 0x88, 0xC5, 0xED, 0x3D, 0xE3, 0x11, 0xB0, 0x29, 0x5F, 0x3C, 0xB1, 0x6C,
    0xD7, 0xB5, 0x35, 0x65, 0xDE, 0xBB, 0xAA, 0xEC, 0x95, 0xAB, 0x4A, 0xA4, 0x91, 0xAF, 0x5A, 0xF5,
    0x66, 0x45, 0x99, 0xF8, 0xA6, 0x43, 0x2B, 0xB2, 0xC0, 0x06, 0xCB, 0x65, 0xAE, 0xB4, 0xD0, 0xB4,
    0x64, 0x2A, 0x41, 0xDD, 0x92, 0xA8, 0x14, 0xA1, 0x6D, 0xBE, 0x27, 0xD9, 0xE1, 0xEB, 0x13, 0xE5,
    0x0F, 0x50, 0x8E, 0x96, 0x2D, 0xE1, 0x87, 0x24, 0x69, 0x3F, 0x97, 0x3F, 0x22, 0x47, 0x79, 0x2C,
    0x3F, 0x1C, 0x5D, 0x82, 0x0C, 0x51, 0x76, 0x4D, 0x67, 0xC5, 0x54, 0xA2, 0x05, 0x86, 0x72, 0x2C,
    0x50, 0x01, 0x7D, 0x18, 0x8A, 0x65, 0x07, 0xB4, 0x47, 0x19, 0x13, 0x4F, 0xD9, 0x0A, 0x00, 0xC9,
    0xF4, 0xD4, 0xCC, 0xDC, 0x7C, 0x52, 0x55, 0x4E, 0x2E, 0xEB, 0xB3, 0xCD, 0xF2, 0x8B, 0xEA, 0x37,
    0xA8, 0x2D, 0x6B, 0xDA, 0x7C, 0x92, 0x28, 0x46, 0x65, 0x12, 0x4D, 0xEF, 0xFF, 0x48, 0xAD, 0xE4,
    0xAA, 0xE6, 0x3D, 0x7B, 0xE6, 0xC8, 0xD6, 0xCA, 0xD3, 0x8D, 0x2A, 0xDC, 0xAD, 0xC1, 0x45, 0xED,
    0x02, 0x1F, 0x52, 0x24, 0xF8, 0x36, 0x45, 0x0A, 0x4D, 0xB0, 0x5F, 0x24, 0xF2, 0x58, 0x4C, 0x62,
    0x48, 0x93, 0x87, 0x41, 0xA2, 0xE9, 0xC5, 0x1C, 0xBB, 0x0B, 0x25, 0x32, 0x8A, 0x14, 0x15, 0x85,
    0x8A, 0x4C, 0x2F, 0x68, 0x74, 0x6F, 0x4A, 0xD4, 0x5E, 0xF3, 0xE1, 0xE9, 0xD5, 0xE3, 0x45, 0x1C,
    0xED, 0x17, 0x45, 0x93, 0x36, 0x9B, 0x2A, 0x8A, 0x1C, 0x46, 0x51, 0xCC, 0x72, 0x52, 0x88, 0x12,
    0x96, 0x46, 0x6B, 0x0E, 0x44, 0x96, 0xE7, 0x8B, 0xFE, 0xA2, 0xEB, 0x69, 0x5F, 0xF6, 0x54, 0x6F,
    0xDE, 0x27, 0xE8, 0xD8, 0xFD, 0x63, 0x75, 0x51, 0xD1, 0x52, 0x30, 0x2E, 0x9F, 0xAE, 0x2B, 0x93,
    0xA5, 0x58, 0x00, 0xF2, 0x10, 0x16, 0xF6, 0xEC, 0xE5, 0x7C, 0x44, 0x25, 0xEB, 0x99, 0x18, 0xAE,
    0x77, 0xB3, 0xCA, 0xEB, 0xE5, 0xB5, 0x66, 0x62, 0x22, 0x36, 0x44, 0xAE, 0x1C, 0xF5, 0x94, 0xD2,
    0x1D, 0x73, 0x71, 0x7A, 0x14, 0x56, 0x60, 0x51, 0xB6, 0x98, 0x70, 0xB0, 0x44, 0x13, 0xDA, 0x5D,
    0xBB, 0x71, 0xE4, 0x7D, 0x68, 0xA9, 0xE4, 0xD0, 0x50, 0x84, 0x01, 0x9B, 0x4F, 0x9F, 0x39, 0xBC,
    0xF2, 0x89, 0x72, 0xD4, 0x7A, 0x2C, 0xE9, 0xC4, 0xCF, 0x9A, 0xC5, 0x71, 0x91, 0x1A, 0x6F, 0x24,
    0xAF, 0x9B, 0x8E, 0xDF, 0x30, 0x47, 0x15, 0xA7, 0xC6, 0x36, 0x3C, 0xDB, 0xE2, 0xEE, 0x34, 0xD2,
    0x4E, 0xFE, 0x69, 0xB4, 0xC7, 0x75, 0xC2, 0x2C, 0xE6, 0x22, 0xFA, 0x28, 0xC4, 0x72, 0x1D, 0x35,
    0xDE, 0x43, 0x2B, 0x17, 0xF8, 0x68, 0xDD, 0xD8, 0x5D, 0xBB, 0x81, 0x46, 0x8C, 0x6B, 0xAB, 0x6D,
    0x0D, 0xE0, 0xC8, 0xE9, 0x46, 0xAF, 0x55, 0xD6, 0x6E, 0x1B, 0xC3, 0x0E, 0xEF, 0x5F, 0xDC, 0x5F,
    0xDB, 0xD2, 0x56, 0x5F, 0x3D, 0x8D, 0x72, 0x60, 0xCD, 0x69, 0x25, 0x47, 0x95, 0x97, 0xAC, 0xAC,
    0x46, 0x78, 0xA8, 0xC7, 0xBB, 0x2E, 0x76, 0x72, 0x5C, 0x5D, 0x1D, 0x38, 0xBF, 0xBE, 0xE4, 0x0F,
    0x36, 0x0B, 0x7D, 0xBB, 0x58, 0x4C, 0xA3, 0x4A, 0xEE, 0x2B, 0x35, 0x92, 0x47, 0x5E, 0x7E, 0xA2,
    0xE8, 0x5B, 0xFC, 0x21, 0xEF, 0x53, 0x29, 0x04, 0x1D, 0x63, 0xCA, 0x8F, 0x63, 0x3D, 0xE9, 0x69,
    0xDC, 0xA1, 0x8C, 0x6C, 0x1B, 0xC1, 0x60, 0x5B, 0xDC, 0x27, 0x2A, 0x53, 0x13, 0x0C, 0xF4, 0x11,
    0xF9, 0xA3, 0x7F, 0xB4, 0x6C, 0x8F, 0x94, 0x93, 0x3C, 0x85, 0x27, 0xD5, 0xEA, 0x2B, 0xA3, 0x84,
    0xE4, 0x94, 0xCA, 0x7E, 0x7A, 0x6C, 0xB6, 0xDF, 0x75, 0x3F, 0x60, 0xB1, 0x62, 0x95, 0x7B, 0x44,
    0x4A, 0x7A, 0x6E, 0x2E, 0xF1, 0x9E, 0x7C, 0xE7, 0x4B, 0xB7, 0xA7, 0x43, 0xCF, 0x86, 0x9E, 0x0C,
    0xC3, 0x75, 0x65, 0xF2, 0xBC, 0x4C, 0x98, 0xC9, 0xAB, 0x7B, 0xA1, 0x13, 0xE2, 0xE8, 0x94, 0x7C,
    0xFC, 0x53, 0x80, 0x46, 0x08, 0x60, 0x12, 0x8E, 0xC2, 0xC1, 0x76, 0x42, 0x16, 0xB8, 0xF7, 0x5F,
    0xEC, 0x09, 0xBE, 0x4F, 0x25, 0x14, 0xEB, 0x8E, 0xB2, 0x99, 0x5F, 0x9B, 0xAD, 0x6E, 0x89, 0xA0,
    0xDB, 0x12, 0x28, 0x02, 0x96, 0x4D, 0xB2, 0xEB, 0x6E, 0x26, 0x3B, 0xFB, 0xF3, 0x27, 0x6E, 0x57,
    0x2B, 0x27, 0x0E, 0xAB, 0x86, 0x09, 0xC6, 0x10, 0xD9, 0x07, 0xA8, 0xB9, 0x57, 0x59, 0x3A, 0xFB,
    0xFE, 0xC4, 0x0E, 0x72, 0x06, 0x7A, 0xE1, 0xC1, 0x1D, 0x43, 0x47, 0x57, 0xA7, 0x2A, 0x6D, 0xDC,
    0x54, 0x6F, 0xB3, 0x15, 0x1E, 0x1D, 0xD4, 0x9C, 0x98, 0x0A, 0xAD, 0xA6, 0x1B, 0x56, 0x27, 0xF8,
    0xF1, 0x12, 0xAF, 0xA6, 0xCB, 0x09, 0x21, 0xE4, 0x04, 0x1F, 0x34, 0xE8, 0xEC, 0x0B, 0x96, 0x7A,
    0xF2, 0x72, 0x6C, 0xC6, 0xB3, 0x99, 0x84, 0x77, 0x2E, 0x9A, 0x89, 0xD7, 0xC1, 0x68, 0x0D, 0xD1,
    0x37, 0xEA, 0x72, 0x61, 0xC0, 0x7B, 0x3B, 0xF4, 0x35, 0x6B, 0x86, 0xAE, 0x19, 0x49, 0xB5, 0x5A,
    0xBD, 0x83, 0x76, 0xD6, 0x54, 0xC4, 0xCF, 0x2A, 0x6F, 0xA7, 0xD5, 0xBA, 0x52, 0x93, 0xEF, 0x95,
    0xD0, 0x76, 0xEB, 0xBD, 0x2C, 0xDA, 0x14, 0x14, 0x35, 0x3C, 0xDB, 0x74, 0xEE, 0xC4, 0xE5, 0x2B,
    0x98, 0x4C, 0x4D, 0x89, 0xFB, 0x5F, 0xA1, 0x70, 0xE7, 0x61, 0xF4, 0xFD, 0x62, 0x1C, 0x21, 0x23,
    0xE4, 0x78, 0xBF, 0x9E, 0xCA, 0xD9, 0x6A, 0x96, 0xAE, 0x18, 0xC2, 0xB0, 0x43, 0x17, 0x46, 0xDE,
    0x0D, 0x4B, 0x03, 0x2B, 0x38, 0xD7, 0x7E, 0x8D, 0x89, 0x4A, 0x2F, 0xBE, 0x6C, 0x97, 0x81, 0x83,
    0xA7, 0xFF, 0x13, 0xF6, 0x38, 0x9C, 0x96, 0x80, 0xFF, 0x7B, 0x2C, 0xEA, 0xD8, 0x2D, 0xD9, 0xE4,
    0x39, 0xDE, 0x41, 0x79, 0xFE, 0xD1, 0x29, 0xCD, 0xFF, 0xDA, 0xD8, 0xF6, 0x23, 0x89, 0xFB, 0xD1,
    0x47, 0xAE, 0x98, 0x97, 0xBC, 0xC5, 0xF5, 0x28, 0xE6, 0xE3, 0xAA, 0xE2, 0xA3, 0x97, 0x2E, 0x5F,
    0x64, 0xDB, 0xFA, 0xFF, 0xB7, 0xAD, 0xB7, 0x47, 0x38, 0x2C, 0xEB, 0xE8, 0x68, 0xC8, 0xB3, 0xA3,
    0x57, 0x97, 0x75, 0xF4, 0x8A, 0xBD, 0x21, 0xA9, 0xE3, 0xD3, 0xB3, 0x6D, 0xBD, 0x1E, 0x65, 0xDB,
    0xF0, 0x42, 0xDF, 0x27, 0xF5, 0xCD, 0x0F, 0x88, 0xF5, 0xDB, 0x54, 0xFF, 0x9E, 0x7D, 0xE3, 0x79,
    0xF7, 0xBD, 0x57, 0x04, 0xBE, 0x81, 0x52, 0xFB, 0x7D, 0xFF, 0xFE, 0x43, 0xB4, 0xF6, 0x7B, 0x4C,
    0xE5, 0xE7, 0x2F, 0xB1, 0x09, 0x33, 0x54, 0xD2, 0x54, 0xE9, 0x79, 0x12, 0x1E, 0x88, 0xA4, 0xBF,
    0x90, 0x91, 0x77, 0xBE, 0xB6, 0x12, 0xB1, 0x59, 0xDD, 0xCE, 0x56, 0xBA, 0xDF, 0xD2, 0xBF, 0xFE,
    0x75, 0xF5, 0x32, 0x46, 0x4D, 0x3B, 0x08, 0x5B, 0xE2, 0x62, 0xF6, 0xB2, 0xF8, 0xF3, 0xC7, 0x53,
    0x7E, 0xA4, 0x31, 0x1F, 0xD8, 0x93, 0x8D, 0x2B, 0xC4, 0x72, 0xB0, 0xE4, 0xF5, 0xCF, 0x1C, 0x36,
    0xF6, 0xDC, 0x5B, 0x2E, 0x55, 0xA6, 0x13, 0x70, 0x48, 0x74, 0xB9, 0x27, 0x5F, 0x45, 0x7F, 0xDE,
    0x27, 0xDD, 0x7D, 0x48, 0x23, 0xBD, 0xF8, 0xEC, 0x69, 0x74, 0x34, 0xFE, 0xCD, 0x2D, 0x3B, 0xB5,
    0x4D, 0xD5, 0x9F, 0x2A, 0x70, 0x01, 0x41, 0x24, 0x30, 0x32, 0x51, 0x79, 0x77, 0x66, 0x99, 0x94,
    0xDE, 0x0B, 0xF3, 0x13, 0xF6, 0xBE, 0xCC, 0x9E, 0x36, 0x5D, 0x9B, 0xE9, 0xB4, 0x05, 0x9F, 0xA3,
    0x3A, 0x2D, 0xF2, 0x18, 0xFC, 0xCF, 0x42, 0x9F, 0x6F, 0x7D, 0x54, 0x38, 0xEA, 0x76, 0x72, 0x96,
    0x66, 0x62, 0x21, 0xCC, 0x37, 0xE3, 0x72, 0xB6, 0xCF, 0x89, 0xBD, 0x70, 0x99, 0xAD, 0x59, 0x73,
    0x10, 0xB6, 0xC4, 0x45, 0x97, 0xE9, 0x6D, 0x4D, 0x4F, 0x7A, 0x09, 0xE7, 0xBE, 0xB4, 0xEA, 0xB6,
    0xAF, 0xA7, 0x09, 0xAB, 0xD3, 0x2C, 0x18, 0x37, 0x7A, 0xDA, 0xB9, 0x9E, 0x5E, 0x81, 0x5E, 0x0A,
    0x17, 0x3B, 0x6D, 0xC2, 0xF8, 0x34, 0xC9, 0xEA, 0xEB, 0x75, 0x31, 0x38, 0xAF, 0x64, 0x1C, 0x1B,
    0xB7, 0x6B, 0xB0, 0x47, 0x7A, 0xA8, 0xD4, 0x7C, 0xD0, 0xA8, 0x7B, 0x07, 0x8C, 0x18, 0x15, 0x7A,
    0x3D, 0x43, 0xF2, 0x89, 0x6D, 0x8E, 0x8B, 0x8B, 0x07, 0x14, 0x80, 0x27, 0x19, 0xD1, 0xB2, 0x0A,
    0xA3, 0x55, 0xD7, 0x47, 0x36, 0x33, 0xA3, 0x90, 0xA4, 0x94, 0x82, 0x59, 0x7D, 0xA4, 0x60, 0x2B,
    0x53, 0x90, 0xA1, 0x41, 0x6F, 0x55, 0xA2, 0xD7, 0xA6, 0xBD, 0xD2, 0x6A, 0x4A, 0x51, 0x0F, 0xD9,
    0x4C, 0x3D, 0xFA, 0x5C, 0xA2, 0x0B, 0x3F, 0xC7, 0xC1, 0xD0, 0xD6, 0xEF, 0xA2, 0x3A, 0x0A, 0xA6,
    0x96, 0x1D, 0xBE, 0x83, 0x2F, 0xC1, 0x12, 0xBC, 0xB6, 0x64, 0xB0, 0x14, 0x7F, 0x12, 0xD5, 0x98,
    0x94, 0xA3, 0xE6, 0xAA, 0xD9, 0xE5, 0x64, 0x8B, 0x4A, 0x9E, 0x3D, 0x50, 0x15, 0x93, 0xAA, 0xC0,
    0x72, 0x3C, 0x0A, 0x7F, 0xF5, 0x95, 0xFE, 0x61, 0xD8, 0x28, 0x7F, 0xB3, 0x92, 0x6A, 0x58, 0x04,
    0x1D, 0x94, 0xDA, 0xB1, 0xEE, 0x14, 0xC9, 0x92, 0x0C, 0x18, 0xDC, 0x73, 0x4E, 0xAC, 0x1C, 0x57,
    0x99, 0x1F, 0xBB, 0x0B, 0x66, 0xAD, 0x0C, 0xB6, 0x7F, 0xEE, 0xEE, 0xDF, 0x6C, 0xE5, 0x11, 0xBD,
    0x43, 0x11, 0xDE, 0xF6, 0x66, 0x55, 0xC3, 0xF5, 0x6C, 0x4D, 0xBC, 0xDA, 0xEB, 0x3A, 0x62, 0x4E,
    0x1C, 0x6B, 0x1C, 0xAC, 0xC1, 0x82, 0x8A, 0xD5, 0xB2, 0x2A, 0x80, 0x9F, 0x80, 0xEA, 0xFC, 0xE1,
    0x11, 0xED, 0xC1, 0x59, 0x0E, 0x4D, 0xDC, 0x0F, 0x5F, 0x9E, 0xE5, 0xFD, 0x3F, 0x76, 0xE7, 0x64,
    0xF2, 0xCA, 0x37, 0x76, 0xA7, 0x95, 0xF8, 0x13, 0xE1, 0x1C, 0x3F, 0xD2, 0x29, 0xEF, 0xCD, 0x73,
    0x8E, 0xE5, 0x31, 0x0C, 0xEB, 0x78, 0x93, 0x80, 0x7E, 0x13, 0x1D, 0x95, 0x8D, 0x45, 0x67, 0xAE,
    0xF0, 0x46, 0x8C, 0x41, 0x37, 0xED, 0xE5, 0x67, 0x2A, 0x3B, 0x3F, 0x5E, 0xC6, 0x24, 0x57, 0x2A,
    0x31, 0xEC, 0x7D, 0x0D, 0x2B, 0xBD, 0x28, 0x68, 0xF0, 0x53, 0x44, 0xF9, 0xB1, 0x26, 0xB7, 0x4C,
    0x73, 0xFE, 0x70, 0x14, 0x3C, 0x69, 0x6B, 0xB1, 0x48, 0x84, 0xB8, 0x15, 0xF5, 0x24, 0xD1, 0x8C,
    0xDE, 0x7C, 0x0E, 0x27, 0x51, 0x2C, 0xCA, 0x2D, 0xE5, 0x2C, 0x11, 0xA2, 0xFE, 0x58, 0x4F, 0xFA,
    0x9F, 0x5C, 0x11, 0xA2, 0x0A, 0x03, 0x75, 0xE3, 0x4C, 0x55, 0xEF, 0x37, 0xA8, 0x94, 0x5F, 0x17,
    0xDD, 0x29, 0xD2, 0x13, 0x37, 0x9F, 0x5B, 0x5E, 0x6C, 0xAA, 0xB0, 0x79, 0x3F, 0xAA, 0x00, 0xF3,
    0xDA, 0x2B, 0x9D, 0xF3, 0xF1, 0x99, 0x8A, 0xEB, 0xE1, 0x7B, 0x32, 0x51, 0x4D, 0x90, 0xD7, 0x88,
    0xEC, 0x34, 0xA7, 0x3D, 0xCB, 0x27, 0x3D, 0x9A, 0x2C, 0x16, 0x7F, 0xBB, 0xB6, 0x98, 0x03, 0x7D,
    0x16, 0x26, 0xC2, 0x68, 0x65, 0xAC, 0x47, 0x0B, 0xB1, 0x1E, 0x2C, 0x4C, 0xEA, 0x29, 0xC3, 0xB4,
    0xC3, 0x10, 0xE6, 0x3D, 0x3A, 0x65, 0xFE, 0x9C, 0x3A, 0xA6, 0x6B, 0x83, 0x73, 0x50, 0xE9, 0xFA,
    0x82, 0x04, 0xFF, 0x9D, 0x08, 0x1E, 0x99, 0x90, 0x53, 0xF5, 0x8A, 0xEA, 0x9C, 0xF3, 0xCD, 0xCE,
    0x87, 0x44, 0x88, 0x2E, 0xC0, 0xC3, 0x6A, 0x17, 0xCD, 0x4D, 0xF1, 0xF4, 0x8A, 0xDB, 0x28, 0x20,
    0xCF, 0xB3, 0x44, 0xE9, 0x04, 0x87, 0x49, 0xA2, 0x19, 0x49, 0xF5, 0xCE, 0xDF, 0x6A, 0xDD, 0x8B,
    0xE0, 0xCB, 0xFA, 0x45, 0x09, 0xBE, 0x95, 0xB8, 0x83, 0x88, 0x2B, 0x62, 0x31, 0x73, 0x8F, 0x74,
    0x26, 0x71, 0x00, 0xA2, 0x40, 0x50, 0x3F, 0xBD, 0x6A, 0x9C, 0x38, 0x85, 0x7A, 0x18, 0x8D, 0xC4,
    0x65, 0x2F, 0x42, 0x9C, 0x7A, 0x99, 0xF3, 0x2D, 0x2D, 0xB5, 0x33, 0xDB, 0x7E, 0xE6, 0x13, 0xC5,
    0xF4, 0xB6, 0xEC, 0x89, 0xE5, 0xA8, 0xFB, 0xF7, 0xBC, 0xEC, 0xF9, 0xF5, 0x79, 0xA4, 0x49, 0xE6,
    0xB5, 0xE4, 0xE6, 0xD3, 0x84, 0x85, 0xE3, 0x2F, 0xF1, 0x2F, 0x7F, 0xB6, 0x7B, 0x74, 0x5E, 0x64,
    0x2E, 0x95, 0x56, 0xF7, 0x51, 0x38, 0x5F, 0xB7, 0x98, 0xA5, 0x2A, 0x80, 0xDF, 0x51, 0x91, 0xA9,
    0x22, 0x7B, 0xD3, 0x62, 0xDE, 0xC4, 0x5B, 0x0A, 0x2D, 0xE1, 0xD9, 0x2F, 0x19, 0x94, 0x92, 0x4E,
    0x15, 0xCC, 0x62, 0x9F, 0x53, 0x29, 0x15, 0xFE, 0xF6, 0xE1, 0xB3, 0x1B, 0x10, 0xB3, 0x8A, 0xCC,
    0x4B, 0x2F, 0x93, 0xB6, 0x61, 0xE6, 0x41, 0xA6, 0x10, 0x0B, 0x7D, 0xD3, 0x9E, 0x87, 0x17, 0xB7,
    0xAA, 0xB8, 0x3C, 0x11, 0x46, 0x4B, 0x54, 0x8C, 0x3C, 0x69, 0xBC, 0x28, 0xDA, 0x56, 0x90, 0x77,
    0xF9, 0x78, 0xB2, 0xC1, 0x35, 0xC8, 0x66, 0xDF, 0x2E, 0xCB, 0x09, 0xC5, 0xEC, 0x65, 0xD2, 0x17,
    0x76, 0x5E, 0xC1, 0x0D, 0x84, 0x96, 0xE0, 0x4F, 0x79, 0x3C, 0x08, 0x4E, 0x45, 0x40, 0x01, 0x99,
    0x57, 0x42, 0xF6, 0x05, 0xAF, 0xDC, 0xEE, 0x5E, 0x5C, 0x6C, 0xBA, 0xC6, 0x96, 0x24, 0x52, 0x90,
    0x09, 0x74, 0xC6, 0x86, 0x4B, 0x2C, 0x91, 0x44, 0xB5, 0x93, 0x74, 0x74, 0x5C, 0x3B, 0xC8, 0xB5,
    0x7D, 0x64, 0x59, 0x2E, 0xFE, 0xF2, 0x28, 0xCD, 0xF3, 0x59, 0xDA, 0xED, 0x17, 0xE9, 0x97, 0x21,
    0x78, 0xF9, 0x5A, 0x0F, 0x12, 0x6B, 0xB9, 0xE7, 0x1E, 0x73, 0x1D, 0x0C, 0x6B, 0x17, 0x19, 0x5D,
    0x4C, 0x44, 0xC6, 0xFB, 0x69, 0x5B, 0xF9, 0x2F, 0x1A, 0xE9, 0x5C, 0x03, 0x26, 0x11, 0x5D, 0x0C,
    0x12, 0xFA, 0x27, 0x05, 0xD6, 0xD6, 0xDA, 0xD2, 0xA7, 0x08, 0xB7, 0x5A, 0xEB, 0xBF, 0x9D, 0x91,
    0x29, 0x39, 0x24, 0xCA, 0x59, 0x16, 0x85, 0x28, 0xD1, 0x8C, 0xEA, 0x37, 0x30, 0x50, 0x90, 0x13,
    0xFF, 0x09, 0x8D, 0x9B, 0x69, 0x14, 0xF9, 0x42, 0x33, 0xE7, 0x22, 0x4A, 0xC8, 0xCC, 0x6C, 0x76,
    0x33, 0xE7, 0xA6, 0xA7, 0x58, 0xD6, 0xB0, 0x42, 0xE5, 0xC2, 0x64, 0xFB, 0xEC, 0xF6, 0x45, 0x17,
    0x37, 0x5F, 0xB7, 0xE9, 0x6E, 0x3C, 0xDC, 0xDF, 0xBC, 0x79, 0xF1, 0x4D, 0x78, 0xD3, 0x88, 0xD1,
    0x45, 0xE7, 0xC2, 0x44, 0xC1, 0xD9, 0x76, 0x61, 0x3E, 0x04, 0x79, 0x7A, 0x6C, 0xBA, 0x8F, 0xD9,
    0xBC, 0xFF, 0x84, 0xF9, 0xFD, 0x97, 0xCF, 0xF2, 0x9F, 0xD8, 0x28, 0x78, 0xE5, 0xD1, 0x37, 0x5F,
    0x57, 0xDE, 0x43, 0xE7, 0x1B, 0x36, 0x15, 0xB5, 0xD8, 0xCF, 0x2A, 0xDD, 0x8A, 0x41, 0xFD, 0xBD,
    0x58, 0xBA, 0x63, 0x77, 0x3F, 0x69, 0x51, 0xF0, 0xCA, 0xEB, 0x57, 0xB4, 0x1D, 0x3F, 0xF1, 0x87,
    0x99, 0xAF, 0xAA, 0x31, 0x9E, 0xF7, 0x51, 0xB6, 0x97, 0x9C, 0x3E, 0xB4, 0xF5, 0x81, 0x8E, 0xB7,
    0xCF, 0x7E, 0x0A, 0x72, 0x01, 0x92, 0xE8, 0x6D, 0x96, 0xBA, 0x2C, 0xA1, 0x9A, 0xAC, 0x37, 0xCE,
    0x7A, 0xAC, 0x14, 0xF4, 0x6E, 0x26, 0x57, 0x73, 0x2E, 0x9C, 0xDE, 0xD7, 0xA0, 0x22, 0x45, 0xD4,
    0x9B, 0x5C, 0xC2, 0x10, 0xD7, 0xD7, 0xB9, 0x52, 0x3D, 0x20, 0xC9, 0x50, 0xD5, 0xE3, 0x5A, 0xA6,
    0xE7, 0xE0, 0x82, 0xF9, 0xF5, 0xEB, 0x5F, 0x52, 0x94, 0xDB, 0x37, 0x35, 0x84, 0x76, 0xEF, 0xCD,
    0xFA, 0xB6, 0x9F, 0xAC, 0xF4, 0x8E, 0xCF, 0xFE, 0x9E, 0xE2, 0x44, 0x82, 0x78, 0x18, 0xCA, 0xD6,
    0x8A, 0xB1, 0xEE, 0x3D, 0xBB, 0x15, 0x43, 0xDD, 0xDA, 0x4B, 0x87, 0x7B, 0x1B, 0x4B, 0xEE, 0x3C,
    0x38, 0x9E, 0xEA, 0x95, 0xF4, 0x02, 0x92, 0x7A, 0x24, 0xB5, 0x48, 0x47, 0xA8, 0xBD, 0x3C, 0xA9,
    0x07, 0x41, 0x82, 0xBE, 0x9E, 0xF6, 0xE8, 0x6A, 0x34, 0x68, 0xB5, 0xF7, 0xA1, 0x6D, 0xE3, 0x3D,
    0xDE, 0xC5, 0x61, 0x77, 0x75, 0xFE, 0xE4, 0x7B, 0xF3, 0xD0, 0x5B, 0xF0, 0x4B, 0x3D, 0x95, 0xB9,
    0xCD, 0xE8, 0x8F, 0xFF, 0x21, 0xCE, 0x41, 0x58, 0x3D, 0xFF, 0xA9, 0xCC, 0xE2, 0x78, 0x55, 0x69,
    0x65, 0xD7, 0x16, 0x29, 0xEC, 0x1A, 0x03, 0x5E, 0xE0, 0xB7, 0x16, 0xE7, 0x2F, 0xCD, 0x68, 0x7D,
    0xBC, 0xCF, 0xEF, 0x8E, 0xBE, 0x53, 0xD5, 0x10, 0x00, 0xF4, 0x52, 0x4E, 0xB0, 0xFB, 0xD8, 0xD7,
    0x03, 0xCE, 0x99, 0x5A, 0xDE, 0x38, 0xFB, 0x91, 0x0F, 0x61, 0x54, 0x7A, 0x3E, 0xFF, 0xA5, 0xCF,
    0xF6, 0x47, 0x3E, 0x82, 0x8B, 0xEA, 0x6C, 0x95, 0x9A, 0x33, 0x69, 0xAA, 0x3D, 0xFB, 0xB3, 0xC1,
    0x9C, 0x8F, 0x1F, 0xBF, 0x25, 0x9E, 0xC1, 0xC9, 0x95, 0x86, 0xD2, 0x5F, 0x5A, 0xA6, 0x1C, 0xCC,
    0x1A, 0xC8, 0x61, 0x5E, 0x7B, 0x95, 0xD7, 0x83, 0x10, 0xDD, 0x26, 0x67, 0xCA, 0x33, 0x83, 0x0C,
    0x14, 0x6B, 0x5E, 0x80, 0x35, 0x58, 0x9C, 0x55, 0x2F, 0x0D, 0x7D, 0x30, 0x71, 0xE0, 0x2F, 0xE8,
    0x06, 0x96, 0xEE, 0xFF, 0x02, 0x58, 0x3D, 0x72, 0xDE, 0x42, 0xAD, 0x6B, 0xCA, 0x28, 0xAB, 0xC0,
    0x41, 0x95, 0xA1, 0x42, 0xAF, 0x76, 0x9F, 0x03, 0x75, 0xFC, 0xD8, 0x79, 0x47, 0x51, 0x60, 0xD5,
    0xB4, 0x9E, 0xA5, 0x29, 0xDE, 0x42, 0x94, 0xA6, 0x00, 0x46, 0x69, 0xCA, 0xD8, 0x93, 0x82, 0xC0,
    0x62, 0xEB, 0xE0, 0x72, 0xAD, 0x5D, 0x6F, 0x3C, 0xD8, 0x96, 0xD5, 0xFB, 0x78, 0xA2, 0x6D, 0xFB,
    0x74, 0x41, 0x0F, 0xB8, 0xCF, 0x0F, 0xF1, 0xBF, 0xBB, 0xB8, 0xF6, 0x75, 0x95, 0x52, 0x66, 0x70,
    0xB7, 0xEF, 0x29, 0x2B, 0x31, 0x91, 0xC1, 0xBD, 0xBD, 0x5F, 0x65, 0x8E, 0xBB, 0x15, 0xA9, 0xD4,
    0xB6, 0x6E, 0x19, 0xA5, 0x6B, 0x15, 0x26, 0xC9, 0x96, 0x89, 0x75, 0x79, 0x0B, 0x9D, 0xDA, 0x85,
    0x1D, 0xFA, 0x86, 0xD2, 0x5C, 0x8E, 0x47, 0x89, 0x5E, 0xB2, 0x43, 0x67, 0x61, 0xD2, 0x26, 0x37,
    0xDF, 0x2A, 0xC5, 0xB7, 0xD6, 0x9B, 0x2A, 0xF5, 0x67, 0x3A, 0x13, 0xE5, 0x0E, 0xB8, 0x4C, 0x37,
    0x0F, 0x50, 0x36, 0x77, 0x63, 0xFB, 0xCB, 0x3F, 0x23, 0x1D, 0x58, 0x1D, 0xE0, 0xA9, 0xC2, 0x75,
    0xED, 0x2F, 0xE2, 0x06, 0xA7, 0xFF, 0xFA, 0x57, 0xCE, 0x57, 0x07, 0x22, 0x5A, 0xDD, 0x8D, 0x07,
    0x5D, 0xC7, 0xB1, 0xE2, 0x15, 0x6E, 0xF9, 0xFD, 0x93, 0xF4, 0xF9, 0x7C, 0x43, 0x0C, 0x18, 0x85,
    0x83, 0xB0, 0xF5, 0x2D, 0xDA, 0xD3, 0xF1, 0x9F, 0x8D, 0x91, 0x81, 0xA6, 0xDC, 0x40, 0x18, 0x85,
    0xBF, 0xBB, 0xAB, 0x56, 0x05, 0x01, 0xAB, 0x80, 0x3C, 0x42, 0x1E, 0x61, 0x46, 0x9F, 0xE1, 0x2E,
    0x28, 0xEE, 0xA3, 0x64, 0xE9, 0xCB, 0xF4, 0x2D, 0xB2, 0xF4, 0x05, 0x96, 0x2A, 0x00, 0x81, 0x02,
    0x30, 0x08, 0x8D, 0x36, 0x99, 0xD3, 0x3D, 0x32, 0x86, 0xA5, 0xB8, 0x63, 0x9D, 0x2F, 0x36, 0x7F,
    0xCE, 0x7F, 0xC6, 0xE1, 0xC3, 0xE5, 0xF2, 0x4A, 0x2B, 0x6D, 0x74, 0xD2, 0x4A, 0x6F, 0x09, 0xD2,
    0x42, 0x98, 0x61, 0x97, 0x21, 0x01, 0x63, 0xC2, 0x13, 0xB3, 0x27, 0x12, 0xA1, 0xCA, 0x27, 0xFD,
    0x8C, 0x1C, 0x75, 0xE5, 0x21, 0x11, 0x4E, 0xD2, 0x9D, 0xC6, 0xD2, 0x4A, 0xB7, 0x2A, 0x57, 0x9E,
    0x66, 0x80, 0x56, 0xF0, 0x71, 0xCC, 0x7E, 0x58, 0x2D, 0x8B, 0x65, 0x7A, 0x48, 0x8E, 0x94, 0x73,
    0xD0, 0x8D, 0x46, 0xF1, 0xC1, 0x3B, 0x7D, 0x06, 0x34, 0x31, 0xAC, 0x66, 0xF2, 0xCF, 0xC1, 0xFC,
    0xCA, 0x29, 0x4F, 0xBA, 0x9A, 0xAB, 0x5D, 0xA1, 0x5B, 0xFB, 0xD5, 0x6C, 0xB7, 0x61, 0xC6, 0x94,
    0x9D, 0xBD, 0x58, 0x37, 0xF3, 0x28, 0xB1, 0x73, 0x2B, 0x5C, 0x0D, 0x9A, 0xC2, 0xAE, 0xFC, 0x1F,
    0xCA, 0x9C, 0xFE, 0x9A, 0x1C, 0xF4, 0x43, 0x11, 0xDB, 0x7C, 0xB5, 0x0F, 0xAD, 0x9C, 0xD0, 0x6B,
    0xD1, 0x9F, 0x6F, 0x30, 0xCE, 0x48, 0x2B, 0x07, 0x4D, 0x8C, 0x5A, 0x38, 0xE9, 0xC6, 0xA0, 0x99,
    0x56, 0x76, 0x4A, 0x84, 0x0D, 0xFA, 0x07, 0xF1, 0x19, 0x0B, 0x35, 0x15, 0xDE, 0xEB, 0x95, 0x8D,
    0xB7, 0x1A, 0x34, 0xEE, 0xCC, 0x4F, 0x41, 0x7D, 0x6D, 0xEA, 0x39, 0xBF, 0x72, 0xBE, 0x38, 0xC5,
    0xB0, 0xD2, 0x6D, 0x28, 0xD1, 0xE6, 0xA3, 0x6B, 0x50, 0x23, 0x77, 0xF3, 0x96, 0xFD, 0x85, 0x3F,
    0x7D, 0x91, 0xF7, 0x23, 0xBB, 0x33, 0xD8, 0x1B, 0xA7, 0x02, 0xFB, 0x7B, 0x06, 0x68, 0xBC, 0x93,
    0xCE, 0x33, 0x0C, 0x9B, 0x17, 0x29, 0x49, 0xCB, 0xC3, 0x70, 0xD4, 0xD2, 0xE8, 0x1A, 0xB4, 0xF4,
    0x99, 0xA0, 0xD9, 0xDB, 0x94, 0xA8, 0x97, 0xD1, 0x54, 0x2E, 0x52, 0xAE, 0x71, 0xF8, 0x62, 0xF5,
    0x15, 0xB0, 0xD6, 0xF8, 0x0E, 0xFF, 0xBF, 0x86, 0xB5, 0x7B, 0x84, 0xD2, 0xB0, 0xE6, 0xD2, 0xF0,
    0xF4, 0x9E, 0x86, 0xF3, 0x53, 0xC3, 0xAD, 0xE4, 0x87, 0xCA, 0xCE, 0xBC, 0x42, 0x6F, 0xC6, 0x42,
    0xEC, 0xBF, 0x03, 0xFD, 0x56, 0xC4, 0x01, 0xBF, 0x7B, 0x8C, 0x46, 0x9F, 0x65, 0x9F, 0x2E, 0xBF,
    0xE8, 0x5E, 0x1A, 0x4E, 0x80, 0x66, 0x73, 0x6F, 0x78, 0xC6, 0x0D, 0xFB, 0x15, 0xAD, 0x22, 0x66,
    0xC8, 0xD0, 0xE7, 0xF7, 0x37, 0xB2, 0x50, 0x1A, 0x39, 0x4B, 0xBF, 0x22, 0xA3, 0xC3, 0xA1, 0xAA,
    0x58, 0xF3, 0x73, 0x23, 0x61, 0xB3, 0x2A, 0x69, 0xC2, 0x8D, 0x24, 0xDC, 0xC8, 0xE2, 0xAD, 0x75,
    0xDB, 0x3F, 0xE5, 0x9B, 0x01, 0x84, 0x25, 0xD9, 0xD5, 0xC7, 0x4F, 0xBD, 0xFA, 0xDE, 0x3E, 0xE6,
    0xA1, 0x3E, 0x6C, 0x47, 0x32, 0x83, 0x02, 0x90, 0x86, 0x02, 0x00, 0xE6, 0x56, 0x36, 0x00, 0xD0,
    0xA2, 0x5B, 0x10, 0x80, 0x41, 0x76, 0x82, 0x01, 0x00, 0xAB, 0x4A, 0x16, 0x4B, 0x82, 0x34, 0x08,
    0x04, 0x19, 0x0C, 0x26, 0x1D, 0x0C, 0x00, 0x64, 0x53, 0x05, 0x12, 0x80, 0x12, 0x22, 0x08, 0xD4,
    0x30, 0x0B, 0x06, 0xA9, 0x50, 0x89, 0xEA, 0xD9, 0xAA, 0x3A, 0xB9, 0xE7, 0x7F, 0xCF, 0xE9, 0xAE,
    0x7E, 0xB3, 0x63, 0x41, 0xD2, 0xFD, 0x5E, 0x97, 0xD7, 0xE7, 0x3F, 0xDB, 0xAF, 0xAA, 0xEE, 0x3D,
    0xE7, 0x77, 0xCE, 0xAD, 0x7B, 0x6F, 0xF5, 0x12, 0xD1, 0x86, 0x1B, 0x6F, 0x29, 0xE1, 0x56, 0x24,
    0xE5, 0x4E, 0xC4, 0x05, 0x29, 0x82, 0xF0, 0x3F, 0x44, 0x56, 0xFC, 0x5B, 0x91, 0x98, 0xD3, 0xDE,
    0xCB, 0x76, 0x86, 0x24, 0x63, 0x3A, 0x78, 0xC9, 0x86, 0x44, 0xC4, 0x75, 0x90, 0xAA, 0x4D, 0x46,
    0x2F, 0x5C, 0x8B, 0xAC, 0xB8, 0x14, 0x89, 0x39, 0x17, 0xD9, 0x32, 0xB3, 0x97, 0xD4, 0xCB, 0x24,
    0xCD, 0x40, 0x0A, 0x2F, 0x33, 0x11, 0xBF, 0xBB, 0x78, 0x35, 0x53, 0xC4, 0x8D, 0xBF, 0xB9, 0x3F,
    0xBF, 0xF6, 0x5D, 0xF3, 0x9F, 0x5C, 0x24, 0x61, 0x12, 0x49, 0x27, 0xB9, 0x11, 0xB9, 0x11, 0xB2,
    0x7B, 0x7C, 0x54, 0x42, 0x5C, 0x0F, 0x29, 0x06, 0x48, 0xA5, 0xFF, 0xD5, 0x41, 0x32, 0xF8, 0x1A,
    0xFD, 0x31, 0x3F, 0xCB, 0xC5, 0x63, 0xCE, 0xC9, 0xF1, 0x3B, 0x6F, 0xD9, 0x1F, 0x14, 0xF3, 0xCC,
    0x2C, 0xF1, 0x70, 0xB3, 0xFF, 0x32, 0xCF, 0x26, 0x69, 0x36, 0x1D, 0x29, 0x9B, 0xBC, 0x95, 0x46,
    0x33, 0x6F, 0x07, 0xEF, 0xAB, 0xB7, 0xD2, 0x4A, 0xE1, 0x3F, 0x9D, 0xD8, 0x4A, 0x6C, 0xC4, 0xAD,
    0x6F, 0x33, 0xE6, 0x86, 0xDC, 0x94, 0x8A, 0x65, 0xE6, 0x9A, 0x52, 0x9E, 0xBD, 0x4D, 0x78, 0xE0,
    0x92, 0x56, 0x68, 0x90, 0x8E, 0x16, 0x5D, 0x7E, 0x98, 0xA3, 0x8F, 0x08, 0x3D, 0x62, 0x1D, 0xC1,
    0x52, 0x60, 0x52, 0xE4, 0x7A, 0xDA, 0x3A, 0x08, 0xF7, 0x41, 0xA6, 0x20, 0x33, 0x64, 0x75, 0x43,
    0x1E, 0x8D, 0x90, 0xA2, 0x0D, 0x02, 0x4B, 0xDF, 0x27, 0x3B, 0x0E, 0x82, 0x77, 0x32, 0xC3, 0x72,
    0x7D, 0xED, 0x46, 0xB6, 0xB0, 0x55, 0x0D, 0x2F, 0xE1, 0x6B, 0x8F, 0xBC, 0x78, 0x8E, 0xCB, 0xEE,
    0x14, 0x79, 0xC5, 0x45, 0x5B, 0xF0, 0x7A, 0xFA, 0x22, 0x6D, 0x01, 0x7F, 0x74, 0x39, 0x3A, 0x3F,
    0x9D, 0x02, 0xCE, 0xBF, 0x38, 0x60, 0x6C, 0x42, 0x26, 0xCC, 0x94, 0xD5, 0x4B, 0x94, 0x4B, 0xA4,
    0xC6, 0xD4, 0xA0, 0x1A, 0x55, 0xC3, 0x6A, 0x5C, 0x0D, 0xAC, 0x91, 0x35, 0xB4, 0xC6, 0xD6, 0xE0,
    0x1A, 0x5D, 0xC3, 0x6B, 0x7C, 0x0D, 0xB0, 0x11, 0x36, 0xC4, 0xC6, 0xD8, 0x20, 0x1B, 0x65, 0xC3,
    0x6C, 0x9C, 0x0D, 0xB4, 0x91, 0x36, 0xD4, 0xC6, 0xFA, 0x26, 0xEC, 0xA3, 0x13, 0x48, 0x51, 0xFB,
    0xEB, 0xCF, 0x88, 0xE1, 0xE3, 0xE7, 0x23, 0x1A, 0xF9, 0xD3, 0xB9, 0x17, 0x7E, 0x25, 0x1E, 0xC7,
    0xF3, 0xB6, 0x93, 0xAF, 0xBA, 0x58, 0xBE, 0x5A, 0xE7, 0x84, 0xE8, 0x2D, 0x89, 0x2B, 0x72, 0x65,
    0x1E, 0xA0, 0x2B, 0x75, 0xC5, 0xAE, 0xDC, 0x15, 0xBC, 0x92, 0x57, 0xF4, 0xCA, 0x5E, 0xE1, 0x2B,
    0x7D, 0xC5, 0xAF, 0xFC, 0x35, 0x01, 0x34, 0x03, 0x34, 0x05, 0x34, 0x07, 0x34, 0x09, 0x2C, 0x0B,
    0xAE, 0xD2, 0xA0, 0xCA, 0x21, 0x45, 0x09, 0xC9, 0xEA, 0xA7, 0x2F, 0x24, 0x9A, 0xAF, 0x11, 0xCC,
    0xE8, 0xC7, 0x3C, 0x69, 0x0A, 0x58, 0x06, 0x2C, 0x13, 0xE0, 0x30, 0x0A, 0x7A, 0x0D, 0xBA, 0xDB,
    0x01, 0xC9, 0x38, 0x46, 0x67, 0x5E, 0xA6, 0x44, 0x22, 0x75, 0xEC, 0xB8, 0x56, 0xBA, 0x0A, 0x17,
    0x6C, 0x81, 0xF6, 0xCE, 0x95, 0xB2, 0x90, 0x01, 0xCE, 0x26, 0xE8, 0x4F, 0xDA, 0xA0, 0x31, 0xF4,
    0xE2, 0x79, 0x51, 0x23, 0xF6, 0xC3, 0x67, 0x01, 0xD6, 0xF8, 0x24, 0x70, 0x9D, 0x35, 0xB3, 0x91,
    0x05, 0xD1, 0x7D, 0x2B, 0x6D, 0x1D, 0x94, 0xB7, 0x13, 0xFE, 0x1D, 0x62, 0xF1, 0x58, 0x8A, 0x3C,
    0x42, 0x72, 0x7D, 0xD1, 0x4A, 0x63, 0x7F, 0x2E, 0x2D, 0x07, 0xA6, 0x24, 0xE4, 0xC0, 0x70, 0x27,
    0x73, 0xE0, 0x84, 0x4E, 0x80, 0xEA, 0x93, 0x0E, 0xA4, 0x80, 0x2A, 0x7B, 0x85, 0x14, 0x7E, 0xEC,
    0xC9, 0x2E, 0x0E, 0xEE, 0x03, 0x9D, 0x11, 0x2C, 0xBF, 0x9E, 0x42, 0x6D, 0x73, 0xC8, 0x00, 0x57,
    0x1E, 0x50, 0x6D, 0xDB, 0x91, 0xB5, 0x29, 0xE6, 0x2A, 0x95, 0xA4, 0x09, 0xCB, 0x29, 0x5D, 0xD6,
    0x13, 0x45, 0x79, 0x94, 0x23, 0xC1, 0x82, 0x43, 0xE2, 0x39, 0x73, 0x23, 0xD5, 0x9E, 0x0A, 0xE9,
    0x7E, 0x73, 0x37, 0x49, 0x5F, 0xBC, 0x44, 0x67, 0x78, 0x0A, 0x70, 0x18, 0x54, 0x2E, 0xB9, 0x04,
    0x46, 0x29, 0xF4, 0x95, 0xEF, 0x44, 0xE7, 0xCF, 0x38, 0xA5, 0xE8, 0x44, 0xAF, 0xB9, 0x9F, 0x73,
    0x6C, 0x7A, 0x70, 0x21, 0xA7, 0x66, 0xA8, 0x82, 0x8A, 0x3B, 0xF8, 0xD6, 0x4B, 0xC5, 0xCB, 0x94,
    0x27, 0xEB, 0x64, 0x02, 0x74, 0x94, 0xD3, 0x19, 0xCE, 0xDD, 0xC7, 0x39, 0x39, 0x31, 0x6C, 0x3C,
    0x42, 0xB6, 0x38, 0xFD, 0x71, 0xFA, 0x43, 0x51, 0x47, 0x49, 0x83, 0x40, 0x14, 0x35, 0xA8, 0x73,
    0xC8, 0x81, 0x09, 0x7E, 0x56, 0x0D, 0x1D, 0x56, 0x99, 0x3F, 0x78, 0x0E, 0xEA, 0xB5, 0x2D, 0x38,
    0xE2, 0xD7, 0xC3, 0x63, 0x6F, 0xFF, 0x79, 0xFE, 0xA5, 0xB7, 0xFD, 0x6A, 0x44, 0xE1, 0xF7, 0x56,
    0xE0, 0x94, 0xCD, 0x70, 0x39, 0xA7, 0x6F, 0x21, 0xBF, 0xFA, 0x2F, 0x92, 0x1F, 0xDF, 0x27, 0x6F,
    0xE3, 0x74, 0x15, 0xC4, 0xE5, 0xE0, 0x99, 0x7C, 0xBE, 0xCB, 0x13, 0x71, 0x03, 0xF1, 0x03, 0xE5,
    0xF9, 0xB0, 0x44, 0xD7, 0x5B, 0xF8, 0xD1, 0x81, 0x67, 0x2F, 0x3C, 0xBB, 0x27, 0x57, 0x3C, 0x57,
    0x7B, 0xC0, 0xD3, 0x8E, 0xB4, 0x81, 0x3C, 0xEA, 0x20, 0x11, 0x64, 0xA7, 0x5A, 0xD7, 0xF7, 0x88,
    0x6E, 0x34, 0x10, 0x3A, 0x16, 0x62, 0x43, 0xBB, 0x35, 0xDB, 0xEC, 0x17, 0xE3, 0x53, 0x3A, 0x41,
    0x7C, 0x7F, 0xDE, 0x83, 0x07, 0x62, 0x9F, 0x7E, 0xC1, 0xC2, 0xF1, 0x21, 0x3D, 0x95, 0x33, 0x3E,
    0x26, 0x9C, 0xE2, 0x28, 0xEE, 0x44, 0xCE, 0x53, 0xB8, 0x23, 0xF7, 0x45, 0x64, 0x03, 0xE3, 0x37,
    0x74, 0x98, 0x13, 0x2F, 0xAC, 0x74, 0x2B, 0x19, 0xDB, 0xE4, 0x7E, 0xAB, 0xEE, 0x51, 0x7F, 0xE5,
    0x5E, 0x4B, 0x4E, 0x48, 0x13, 0x66, 0xED, 0x8C, 0x7E, 0xC1, 0xAB, 0x8C, 0x51, 0xFE, 0x27, 0x77,
    0x6C, 0xC7, 0xC4, 0xF9, 0x1E, 0xE3, 0xE1, 0x9B, 0x88, 0xB8, 0xAF, 0xAA, 0x1A, 0x38, 0xB8, 0x0C,
    0xDC, 0x09, 0x20, 0x82, 0x77, 0xFF, 0x07, 0x7B, 0x6F, 0x27, 0x5E, 0x92, 0xE8, 0xC5, 0x15, 0xDA,
    0xF9, 0x37, 0x02, 0xFE, 0x26, 0xE0, 0x5C, 0x4B, 0x79, 0xFF, 0x26, 0x5E, 0x00, 0xCA, 0x12, 0x42,
    0xD8, 0x04, 0x37, 0x85, 0x45, 0xCC, 0x4B, 0xE9, 0x99, 0xB8, 0x08, 0xEB, 0x82, 0x1D, 0x70, 0x6D,
    0x7F, 0x1D, 0x2D, 0x66, 0x1E, 0x60, 0x7B, 0xD8, 0x8E, 0x22, 0xD8, 0x15, 0xFF, 0xF5, 0xEC, 0x04,
    0x60, 0xC8, 0xDB, 0x12, 0x36, 0xBF, 0xDA, 0x48, 0xDC, 0xC2, 0x26, 0x6A, 0xD1, 0x14, 0x6C, 0xE6,
    0x6D, 0x1E, 0x2C, 0x7C, 0xDC, 0x81, 0x16, 0x3D, 0xC7, 0x05, 0xA1, 0x57, 0xD3, 0xC2, 0x8E, 0xD7,
    0x4F, 0x21, 0xFA, 0xD9, 0x25, 0xDC, 0xAA, 0xE5, 0x36, 0x1D, 0xBA, 0xB7, 0xE2, 0xDE, 0x8D, 0x1B,
    0xAE, 0xD3, 0x11, 0x31, 0x4F, 0x27, 0xEF, 0x46, 0x36, 0x46, 0xDC, 0x4B, 0x13, 0xAD, 0x98, 0xD2,
    0x89, 0x17, 0x05, 0xBF, 0xCB, 0x03, 0x7C, 0x38, 0x08, 0x5F, 0x9D, 0xE7, 0x83, 0x0E, 0x51, 0x02,
    0x8C, 0x62, 0xFC, 0x89, 0x6F, 0xB0, 0x26, 0xD1, 0xE3, 0x41, 0x6E, 0x49, 0xC3, 0xD7, 0x06, 0x8B,
    0x56, 0xF1, 0x5B, 0xA1, 0x44, 0x8A, 0x60, 0x84, 0x45, 0xB7, 0xE3, 0x85, 0x4D, 0x07, 0xDB, 0xF3,
    0xB0, 0x39, 0xD3, 0xA7, 0xB0, 0xFB, 0x04, 0x29, 0x9D, 0x6D, 0x85, 0x92, 0x21, 0xC7, 0x1C, 0x4C,
    0x2D, 0x8F, 0x84, 0x52, 0x06, 0x01, 0xEC, 0x29, 0x4A, 0xBC, 0xCE, 0xBD, 0xB9, 0x0D, 0x56, 0x27,
    0xE4, 0x35, 0x99, 0xE4, 0xA1, 0xED, 0xF8, 0xAD, 0xBF, 0xAE, 0x42, 0x11, 0xCF, 0xCF, 0xB8, 0xA1,
    0xC8, 0x37, 0x9D, 0xCB, 0x29, 0xFF, 0xBF, 0x47, 0x61, 0xFF, 0x98, 0xD6, 0x92, 0x4D, 0xA5, 0x93,
    0x81, 0xEF, 0x92, 0x71, 0xC1, 0xE4, 0x41, 0xFC, 0x4D, 0xD2, 0xCC, 0xE1, 0xB5, 0xC5, 0x11, 0x45,
    0x44, 0x8B, 0x78, 0x6B, 0xC0, 0x11, 0x71, 0xED, 0x21, 0x62, 0x4E, 0x08, 0xBA, 0x8E, 0x4A, 0x08,
    0x3B, 0x21, 0xEE, 0x84, 0xC0, 0xC3, 0x96, 0x84, 0xD0, 0x23, 0xF6, 0x48, 0x78, 0x73, 0x17, 0xAE,
    0x6B, 0xFC, 0x03, 0x80, 0x40, 0x40, 0x11, 0x80, 0xC1, 0xB2, 0x60, 0x56, 0x13, 0x64, 0x3B, 0x60,
    0x43, 0x2F, 0x6D, 0xB1, 0x9F, 0x57, 0xE4, 0xD8, 0xCE, 0x3B, 0xD5, 0xDD, 0x3C, 0xDB, 0xCC, 0xDB,
    0xDD, 0xCB, 0x5B, 0xB2, 0x51, 0x38, 0xCA, 0x45, 0x45, 0xC3, 0x05, 0x40, 0x46, 0xC8, 0x10, 0x69,
    0x47, 0xB5, 0xD7, 0xA0, 0x64, 0x98, 0x94, 0x93, 0x82, 0x52, 0x52, 0x8A, 0x0A, 0xAC, 0x0C, 0x96,
    0xD1, 0x02, 0x2E, 0xE3, 0x05, 0x60, 0x10, 0x6D, 0x1C, 0xA2, 0xB4, 0x4C, 0x96, 0xC5, 0x72, 0x94,
    0x43, 0xE4, 0xA4, 0xF5, 0xD9, 0x2A, 0x14, 0x0E, 0x5E, 0xAF, 0x54, 0xFC, 0x8B, 0x52, 0x9A, 0xC7,
    0xEC, 0x79, 0x33, 0xA2, 0x60, 0xD2, 0x16, 0x5F, 0xAD, 0x25, 0x3D, 0x77, 0x60, 0x2A, 0x4D, 0xE0,
    0x34, 0x57, 0x14, 0xA8, 0x12, 0x55, 0xA4, 0xCA, 0x54, 0xA1, 0x2A, 0x55, 0xC5, 0xAA, 0x5C, 0x15,
    0xAC, 0x92, 0xD5, 0x20, 0xE1, 0x22, 0x83, 0x6B, 0x74, 0x15, 0xAF, 0xF1, 0x55, 0xC0, 0x46, 0x58,
    0xA8, 0xD9, 0x3E, 0x7C, 0x56, 0x5F, 0x3C, 0xF7, 0xA7, 0xFF, 0x85, 0x07, 0x6C, 0xC2, 0x8F, 0x46,
    0x17, 0x70, 0x97, 0x6C, 0xF7, 0xA5, 0xE8, 0xB0, 0xC9, 0x0E, 0x2A, 0x9B, 0x61, 0x7D, 0x46, 0xD1,
    0x98, 0x31, 0xD1, 0x4F, 0x2B, 0x2E, 0xC1, 0x0C, 0xC4, 0xC0, 0x4B, 0x69, 0xDD, 0xCE, 0x23, 0xA9,
    0xC8, 0x21, 0x55, 0xB3, 0xDC, 0x41, 0xDF, 0xB4, 0x28, 0xB7, 0x67, 0x35, 0xCA, 0xED, 0x4B, 0x78,
    0x8D, 0xDD, 0xF3, 0xEC, 0xDF, 0x56, 0x6E, 0xBA, 0x75, 0x5E, 0x1E, 0x5A, 0xB9, 0x7D, 0x74, 0x7E,
    0x3D, 0x71, 0x78, 0x00, 0x4B, 0x7F, 0x90, 0xC2, 0xFB, 0x68, 0x94, 0xB3, 0x93, 0x46, 0xCA, 0xEE,
    0x57, 0xBE, 0x79, 0x54, 0xDD, 0x76, 0x94, 0x11, 0x29, 0x43, 0xCD, 0x1D, 0x01, 0xE2, 0x5D, 0x1A,
    0x3D, 0xB1, 0x39, 0x8E, 0xBD, 0x71, 0x6C, 0x8D, 0xDB, 0xCE, 0xF8, 0x72, 0x63, 0x5C, 0xDA, 0xC5,
    0x58, 0xAA, 0x9B, 0xE2, 0xD8, 0x13, 0x5F, 0x6C, 0x89, 0xEF, 0xDD, 0xC4, 0xA2, 0x68, 0x1E, 0x53,
    0xC4, 0xF3, 0x14, 0xD6, 0x56, 0x9B, 0xA6, 0x68, 0x65, 0xC3, 0xDB, 0x66, 0x1C, 0x05, 0x23, 0x7F,
    0x7C, 0xED, 0x4D, 0x59, 0xE3, 0xB9, 0x6D, 0x3B, 0x79, 0xE8, 0xDD, 0x52, 0xED, 0x61, 0x47, 0x7B,
    0xC5, 0x23, 0xDC, 0xC4, 0xB0, 0x7E, 0xC9, 0xB9, 0x54, 0x62, 0x55, 0xFB, 0xB3, 0x7D, 0xEF, 0xE4,
    0xC4, 0x35, 0x12, 0xFA, 0x30, 0xA7, 0xDF, 0x0F, 0x2E, 0x50, 0x7A, 0x75, 0xD8, 0xEB, 0x88, 0xF9,
    0x59, 0xE7, 0xAF, 0x48, 0x06, 0x72, 0x6D, 0x3C, 0x49, 0x39, 0x21, 0x4C, 0x77, 0x72, 0x9A, 0x8E,
    0x81, 0x9D, 0x4B, 0x31, 0xAD, 0x18, 0x3C, 0x79, 0x61, 0x5A, 0x99, 0xC2, 0xD6, 0xB2, 0xFE, 0x23,
    0x6F, 0x7A, 0x21, 0x7C, 0x7E, 0x4D, 0xB0, 0x17, 0x80, 0xDE, 0x4B, 0x35, 0x8D, 0x4E, 0xEF, 0xD1,
    0x52, 0xA5, 0x8D, 0xC0, 0x60, 0xB9, 0xEA, 0xD1, 0xD4, 0x6A, 0x00, 0x06, 0x5C, 0x80, 0x05, 0x54,
    0x12, 0x98, 0x59, 0xCC, 0x24, 0x4D, 0x8F, 0x16, 0x5F, 0x27, 0xA6, 0xF0, 0x66, 0xAB, 0xA4, 0xB0,
    0x0A, 0xAC, 0x83, 0xC1, 0x21, 0x57, 0xA5, 0x48, 0x1E, 0x79, 0xB0, 0xB7, 0x61, 0x01, 0xEB, 0xBB,
    0xBD, 0x99, 0xFD, 0x45, 0x1D, 0x06, 0x41, 0x1C, 0x47, 0xA7, 0xB2, 0xEE, 0x45, 0x07, 0xD1, 0x3F,
    0xEE, 0xD0, 0xBB, 0x08, 0x3D, 0xAF, 0xD1, 0x35, 0xDF, 0x33, 0xFC, 0x6C, 0x38, 0x47, 0xB7, 0x12,
    0xC6, 0xED, 0xD1, 0xA7, 0x74, 0x44, 0x8F, 0xD0, 0x21, 0x37, 0xE0, 0x56, 0x77, 0x2A, 0x0C, 0xD7,
    0x7F, 0xA3, 0x13, 0xE1, 0xC6, 0x68, 0xC2, 0xDA, 0xB1, 0x7D, 0xE9, 0xEF, 0xE1, 0x5B, 0xFC, 0x3E,
    0xFC, 0x94, 0xF8, 0xC6, 0x8E, 0xF5, 0xD9, 0x37, 0xFB, 0x5A, 0x2C, 0xC3, 0xD6, 0x5A, 0xD8, 0x34,
    0x64, 0x16, 0xB6, 0x1C, 0x7E, 0xEC, 0x86, 0x6D, 0xB9, 0xF1, 0xE0, 0xE4, 0x16, 0xBD, 0xFE, 0x74,
    0x9A, 0x80, 0x76, 0x3C, 0x92, 0x82, 0x46, 0x19, 0xE7, 0xF0, 0x12, 0x63, 0xBC, 0x17, 0x2C, 0x57,
    0xDE, 0xF2, 0x48, 0x91, 0xD4, 0x80, 0x8C, 0x85, 0xAD, 0x47, 0xED, 0xCF, 0x28, 0xA5, 0x9D, 0x24,
    0x34, 0x99, 0xCE, 0x10, 0x37, 0x2E, 0xA5, 0x18, 0x44, 0xD0, 0x5A, 0xC2, 0x68, 0x50, 0x25, 0x9D,
    0x01, 0x3F, 0x9B, 0x20, 0x6E, 0xC4, 0x2F, 0x8B, 0x01, 0x67, 0x72, 0x2F, 0x61, 0x8E, 0xFD, 0x17,
    0xD8, 0xB1, 0x90, 0x3A, 0xFD, 0xAA, 0xE2, 0x1C, 0xF5, 0x35, 0x03, 0xB8, 0x3D, 0xC5, 0x1B, 0x01,
    0xC4, 0xC1, 0xC5, 0x33, 0x5A, 0x1E, 0x2F, 0xB4, 0x44, 0x20, 0xC9, 0x4D, 0x99, 0x21, 0xAB, 0x01,
    0x42, 0xCF, 0xDE, 0xC0, 0x57, 0x0C, 0x3B, 0x0D, 0x06, 0xB2, 0x98, 0xDF, 0xF1, 0xB0, 0xE5, 0xDA,
    0x8D, 0x09, 0x7B, 0x06, 0xE9, 0xEC, 0x61, 0x64, 0xF2, 0x6C, 0x75, 0xDE, 0x8C, 0x6E, 0x10, 0xD3,
    0xFB, 0x2F, 0x3C, 0x12, 0x37, 0x7A, 0x26, 0x6E, 0xC0, 0x66, 0x89, 0x1B, 0x22, 0xEE, 0xDC, 0xB4,
    0xE5, 0x06, 0x43, 0x5A, 0x22, 0x9D, 0x8D, 0xD1, 0xD5, 0x02, 0xF8, 0x4F, 0xAE, 0x38, 0xE4, 0x04,
    0x10, 0xA0, 0x00, 0x77, 0x03, 0x0B, 0x83, 0x11, 0xE5, 0x90, 0x62, 0x0A, 0xC2, 0x2A, 0x25, 0xD4,
    0x24, 0x87, 0x7F, 0xC1, 0x95, 0x6C, 0x08, 0x52, 0xEB, 0xE6, 0xCB, 0x21, 0x22, 0xFD, 0xF0, 0x0A,
    0x1F, 0xE3, 0xE6, 0xEE, 0x0A, 0xFF, 0x56, 0xC0, 0x02, 0x8A, 0x8E, 0xD5, 0x74, 0xFC, 0x72, 0x0B,
    0x2C, 0xD5, 0x8C, 0x9D, 0xEA, 0x15, 0x33, 0x36, 0x63, 0xB6, 0x53, 0x05, 0x82, 0x69, 0x17, 0x70,
    0x15, 0x39, 0x9E, 0x5E, 0xBB, 0x87, 0x82, 0x33, 0x72, 0x86, 0xCE, 0xD8, 0x29, 0x3C, 0xA3, 0x67,
    0xF8, 0x8C, 0x9F, 0x01, 0x34, 0x82, 0xC6, 0xCE, 0xD4, 0x20, 0x1A, 0x45, 0xC3, 0x68, 0x1C, 0x0D,
    0xA4, 0x91, 0x34, 0x94, 0xC6, 0xD2, 0x60, 0x1A, 0x4D, 0xC3, 0x69, 0x3C, 0x0D, 0xA8, 0x11, 0x55,
    0xA4, 0xCA, 0x74, 0x77, 0x21, 0x5A, 0xEF, 0x2E, 0x44, 0x0B, 0x5D, 0x88, 0x56, 0x58, 0x88, 0x4E,
    0x1F, 0x5E, 0x88, 0x82, 0xB1, 0x52, 0xA6, 0xC0, 0xD9, 0xA6, 0xF5, 0x60, 0x4D, 0x04, 0xDA, 0x44,
    0xE0, 0x0D, 0xD7, 0x52, 0x2F, 0x60, 0x4E, 0x04, 0xEA, 0x18, 0x5D, 0x21, 0x3D, 0x4E, 0x01, 0x7B,
    0x2F, 0x9D, 0x8E, 0xBA, 0x70, 0x1D, 0x19, 0x40, 0x84, 0x1C, 0xB8, 0x9A, 0xF2, 0x27, 0x70, 0x55,
    0x33, 0xC1, 0x0A, 0xD4, 0xB2, 0xC1, 0xD5, 0xCB, 0x37, 0xE8, 0x49, 0x77, 0xFC, 0x12, 0xCF, 0xEF,
    0x0A, 0xA9, 0xF1, 0x23, 0x66, 0x4B, 0x05, 0xCB, 0x84, 0x65, 0x22, 0x1C, 0x50, 0xF9, 0x2E, 0x17,
    0xAD, 0xF1, 0x62, 0xD1, 0x2A, 0xC1, 0x02, 0x5F, 0xD0, 0x5D, 0x2E, 0x5A, 0x6F, 0xA5, 0x72, 0x15,
    0x93, 0xEB, 0x20, 0xDF, 0x19, 0x20, 0x51, 0x8F, 0x2A, 0x4E, 0x85, 0x4A, 0x35, 0x65, 0x39, 0x6A,
    0xF8, 0xBB, 0x81, 0x5B, 0x2E, 0x17, 0x75, 0x2E, 0x70, 0x4B, 0x0E, 0x90, 0xDB, 0xFB, 0x6B, 0xD7,
    0xF0, 0xDD, 0x67, 0xBB, 0x6B, 0xD7, 0x5F, 0xE6, 0xBA, 0x76, 0xDD, 0x60, 0xED, 0x0A, 0x94, 0x4B,
    0x96, 0xA0, 0xA9, 0x38, 0xC1, 0x53, 0x0B, 0x14, 0x44, 0xB5, 0x3C, 0xC1, 0x54, 0x8B, 0x13, 0x54,
    0xB5, 0x34, 0xC1, 0x55, 0x0B, 0x13, 0x64, 0xB5, 0x2C, 0xC1, 0x56, 0x8B, 0x12, 0x74, 0xB5, 0x24,
    0xC1, 0x57, 0x01, 0x83, 0xB0, 0x22, 0xC6, 0x76, 0xE5, 0xC7, 0x00, 0x52, 0x8E, 0x3A, 0x65, 0x14,
    0xC7, 0xDE, 0x72, 0x27, 0x92, 0x17, 0x8B, 0x49, 0x90, 0x04, 0x0C, 0x67, 0xCE, 0xE1, 0x01, 0xCB,
    0x22, 0x69, 0x40, 0x5D, 0x1D, 0x2E, 0x6A, 0x2C, 0x75, 0xDD, 0x62, 0xA9, 0x1B, 0x37, 0x45, 0x77,
    0x73, 0xA9, 0x9B, 0x5F, 0x2D, 0x75, 0x5B, 0x8F, 0x79, 0xDB, 0xD3, 0xD1, 0xAD, 0x55, 0xEC, 0xF1,
    0xEF, 0x20, 0x0C, 0x38, 0xB1, 0xBE, 0x3C, 0x9C, 0xAA, 0x1A, 0x35, 0x8C, 0x2A, 0xF6, 0x97, 0x0A,
    0xE2, 0x53, 0x5C, 0x71, 0xAF, 0xE7, 0xB7, 0xDF, 0xBE, 0x2A, 0xBE, 0xB3, 0xF3, 0x60, 0xD9, 0xBF,
    0x05, 0xE0, 0x7A, 0xB1, 0xFF, 0xA6, 0x4B, 0x32, 0xBB, 0x14, 0xAC, 0x21, 0xE2, 0xC9, 0xC3, 0x17,
    0xFA, 0xD5, 0x10, 0x68, 0x17, 0x7D, 0xC0, 0x5D, 0x75, 0xE0, 0xFD, 0x9A, 0x1B, 0x00, 0xFF, 0x9A,
    0x4B, 0x4F, 0xFC, 0xF7, 0xCC, 0x33, 0x90, 0x3B, 0xEE, 0x95, 0x79, 0x2E, 0x23, 0xD2, 0x07, 0x67,
    0x50, 0x9B, 0x9D, 0x19, 0x14, 0xF4, 0xFD, 0x19, 0x14, 0x08, 0x54, 0xA0, 0x0F, 0x7D, 0x7F, 0x06,
    0x85, 0x7F, 0xA3, 0x49, 0x72, 0xD3, 0x87, 0x67, 0x50, 0xBD, 0x66, 0x2B, 0xDC, 0x4F, 0xF9, 0x72,
    0x67, 0x06, 0xA5, 0x55, 0x50, 0x0D, 0x10, 0x6E, 0x17, 0x3B, 0x96, 0xDB, 0x29, 0x44, 0xAA, 0xA3,
    0x63, 0x1F, 0xC3, 0xB5, 0x6E, 0x5A, 0x48, 0x2F, 0x00, 0x3A, 0xEC, 0xFC, 0x7C, 0x12, 0x16, 0xAF,
    0x7F, 0xD7, 0x17, 0xC5, 0x13, 0xC6, 0x64, 0xEE, 0x30, 0x28, 0xCF, 0xF9, 0x72, 0xCE, 0x34, 0xFD,
    0x0F, 0xE6, 0x4C, 0x48, 0x55, 0x88, 0xAC, 0xFD, 0xA1, 0x2B, 0x23, 0x8B, 0x08, 0xD8, 0xA4, 0xDF,
    0xE6, 0x13, 0xB8, 0xF0, 0x3E, 0x11, 0x8F, 0x2E, 0x4A, 0x28, 0x37, 0xCA, 0x12, 0x92, 0x05, 0x49,
    0x06, 0x48, 0x3C, 0x82, 0x38, 0x9D, 0xEE, 0x07, 0x71, 0xAC, 0x75, 0x6D, 0xB1, 0x0B, 0x65, 0x55,
    0x43, 0x5F, 0xA9, 0x32, 0x4E, 0x04, 0x10, 0x5B, 0xF2, 0x42, 0x6B, 0xD2, 0x45, 0xEF, 0xBD, 0xAA,
    0xFD, 0xC5, 0xA2, 0x58, 0x97, 0xC5, 0x10, 0x9D, 0xC6, 0xAA, 0xD4, 0x64, 0x3B, 0x51, 0xE8, 0x16,
    0x44, 0x06, 0x04, 0x2C, 0x92, 0xF7, 0x23, 0x3D, 0xF0, 0xDA, 0x1C, 0x2F, 0xCE, 0x47, 0x2F, 0xFA,
    0xEA, 0xDC, 0x5E, 0x9E, 0x87, 0xD7, 0xE7, 0xA2, 0x23, 0x5E, 0xA0, 0xE3, 0x15, 0xFA, 0x7D, 0x4A,
    0x03, 0xBC, 0x84, 0xC7, 0xA6, 0x66, 0x86, 0x2D, 0xCC, 0xA9, 0x22, 0x8B, 0xA8, 0xBE, 0x88, 0xA7,
    0x2C, 0x2F, 0x3A, 0x4F, 0x7C, 0x4D, 0xD1, 0x5E, 0x10, 0xC7, 0x71, 0x0F, 0x0B, 0x99, 0x9E, 0x04,
    0x89, 0x39, 0xE8, 0x16, 0xF9, 0x8C, 0xCE, 0x98, 0x2E, 0x27, 0x75, 0x38, 0x30, 0xCE, 0xD3, 0xFE,
    0x60, 0xBD, 0x7A, 0x75, 0x91, 0x0E, 0x10, 0xF7, 0x4D, 0xEF, 0x6B, 0xD3, 0x56, 0xBD, 0x01, 0x27,
    0x74, 0x19, 0x53, 0x9B, 0x84, 0x25, 0xCD, 0x3D, 0x14, 0xEC, 0x78, 0xA7, 0x13, 0xC4, 0xF7, 0x30,
    0x36, 0x29, 0xFD, 0x1D, 0x30, 0x71, 0x70, 0xBD, 0x22, 0x55, 0x92, 0x00, 0xC9, 0x5E, 0x26, 0xDC,
    0x28, 0x15, 0x69, 0xE4, 0x9A, 0x88, 0x6B, 0x69, 0x7C, 0x25, 0x32, 0xE0, 0x46, 0x45, 0x2F, 0x37,
    0xF2, 0x82, 0x1B, 0xE9, 0x1D, 0xBC, 0xA4, 0xB3, 0x97, 0x51, 0x28, 0x93, 0xE3, 0x5F, 0x33, 0x56,
    0xBF, 0x12, 0x4E, 0x70, 0x6E, 0x96, 0x7F, 0x8B, 0xD0, 0xD3, 0xE2, 0x7D, 0xA9, 0x2D, 0xA2, 0x21,
    0xD9, 0x0D, 0xA7, 0x0B, 0x75, 0xBA, 0x87, 0xA4, 0x0D, 0x2E, 0x3B, 0xF3, 0x4B, 0x6B, 0x71, 0x7B,
    0x8B, 0x4F, 0x32, 0xE3, 0x33, 0xC9, 0x27, 0x05, 0xA2, 0xCC, 0x16, 0xC5, 0x99, 0x58, 0x7C, 0x7A,
    0xF9, 0x14, 0x9D, 0x7C, 0x2A, 0x7C, 0xB8, 0xF5, 0x56, 0x22, 0xC5, 0xED, 0x0A, 0x76, 0xC3, 0xB5,
    0xB7, 0x89, 0xD8, 0xBE, 0x40, 0xC5, 0xCC, 0xE2, 0x1B, 0x5F, 0xB2, 0x38, 0xF3, 0x1A, 0x05, 0xF2,
    0x03, 0x6F, 0x69, 0xD9, 0xE9, 0x4F, 0x6D, 0xF6, 0x65, 0x93, 0x6F, 0xB3, 0xB9, 0xF4, 0x73, 0xDA,
    0xF9, 0x7F, 0x99, 0x87, 0x20, 0x73, 0x10, 0x86, 0x44, 0x37, 0xE4, 0x91, 0xBA, 0xDB, 0x05, 0xC9,
    0x21, 0xC7, 0xB0, 0x74, 0x28, 0xBC, 0xFF, 0x03, 0xED, 0x97, 0x2D, 0x8C, 0xE4, 0x46, 0x10, 0x85,
    0x5F, 0x7B, 0x33, 0x19, 0xE9, 0x0C, 0x1C, 0x90, 0x23, 0x39, 0x60, 0x9C, 0x23, 0xE6, 0xC8, 0x8E,
    0xC2, 0xA5, 0x05, 0x37, 0x9C, 0x87, 0x1C, 0x47, 0x36, 0x47, 0x8B, 0x82, 0x0F, 0x0F, 0xE7, 0x5E,
    0x1E, 0x62, 0x8E, 0x1C, 0x29, 0x0A, 0x39, 0x62, 0x60, 0xE0, 0x48, 0xB6, 0x5F, 0xFC, 0xEA, 0x81,
    0x1D, 0x6D, 0x14, 0xAE, 0x39, 0x6D, 0xA9, 0x55, 0x5F, 0xE9, 0xAE, 0xBB, 0xBA, 0xFE, 0xBC, 0xEA,
    0x81, 0x05, 0xD5, 0x26, 0x5D, 0xB3, 0x0B, 0xFD, 0x0C, 0x00, 0xED, 0x8B, 0x4E, 0x6C, 0x00, 0x14,
    0x1B, 0xA4, 0x47, 0xE9, 0x77, 0x1D, 0x60, 0x49, 0x17, 0x9C, 0x2E, 0x38, 0x13, 0x79, 0xAC, 0x62,
    0x8F, 0xB5, 0x69, 0x95, 0x2B, 0xCA, 0x0D, 0xD5, 0x2A, 0xA3, 0x5E, 0x50, 0x85, 0xD6, 0x9A, 0xB5,
    0xDA, 0x49, 0xAB, 0x8F, 0xC5, 0xF1, 0xD0, 0x89, 0x03, 0x38, 0x66, 0xA1, 0xCF, 0x7C, 0x3E, 0x74,
    0x21, 0x3D, 0xB7, 0xEC, 0xD0, 0x73, 0x67, 0x83, 0x96, 0xFF, 0x50, 0xF1, 0xFD, 0x49, 0x20, 0xE7,
    0x2F, 0x04, 0xF0, 0x09, 0x96, 0x74, 0xFD, 0x62, 0xE3, 0xC1, 0xD1, 0x03, 0x05, 0x4D, 0xDD, 0x6B,
    0x69, 0x47, 0x13, 0x6C, 0x4C, 0x9D, 0xCE, 0xAE, 0xB0, 0x9C, 0x75, 0xC1, 0x78, 0x20, 0x27, 0xC0,
    0x09, 0x39, 0x8B, 0x1D, 0x8A, 0xAC, 0x60, 0xB5, 0x42, 0xC1, 0x15, 0xE4, 0x84, 0xC4, 0x67, 0x94,
    0xE4, 0x80, 0x2C, 0x8C, 0x5D, 0x37, 0x76, 0xA8, 0x38, 0xCA, 0x68, 0x94, 0x5E, 0xB8, 0x52, 0x86,
    0x80, 0x5C, 0xB5, 0x36, 0xA0, 0x3C, 0x01, 0xF9, 0xB4, 0xB1, 0x85, 0x73, 0xA8, 0x38, 0xE0, 0xE0,
    0x38, 0xE5, 0x1C, 0xA8, 0x57, 0x64, 0x36, 0x16, 0xA7, 0x23, 0x67, 0xBA, 0x05, 0x68, 0x27, 0x39,
    0xB7, 0x21, 0x9F, 0xE1, 0xBE, 0xDC, 0x11, 0xA7, 0xB4, 0x64, 0xF0, 0x77, 0x2E, 0x91, 0x38, 0xC9,
    0xC9, 0xA5, 0xA0, 0xAB, 0xF2, 0x40, 0xEE, 0x08, 0x69, 0x39, 0xDA, 0x48, 0xAE, 0xA0, 0xE4, 0xA7,
    0x2B, 0x60, 0x4F, 0xA6, 0x0F, 0x3B, 0x16, 0x65, 0xE5, 0xA3, 0x28, 0x66, 0xE0, 0xFA, 0x04, 0x9C,
    0x9A, 0xA8, 0x0A, 0xE0, 0x2D, 0x97, 0x26, 0x5D, 0x7E, 0x65, 0x77, 0xA4, 0x90, 0xF1, 0x0F, 0xEA,
    0x9F, 0x1E, 0xC8, 0x4D, 0x71, 0x1F, 0x54, 0xFC, 0xCD, 0x99, 0xEC, 0x14, 0x7E, 0xCE, 0x05, 0x07,
    0xA3, 0x16, 0xC8, 0x4D, 0x4F, 0x8D, 0x18, 0x73, 0x03, 0xA9, 0x4A, 0xF4, 0xD4, 0x04, 0xDB, 0xD9,
    0x35, 0xE9, 0xCD, 0xC4, 0x29, 0xF8, 0x60, 0x6E, 0x25, 0x47, 0x91, 0xEC, 0x07, 0x40, 0xAD, 0x89,
    0xD9, 0x2D, 0xB8, 0x06, 0x33, 0x8E, 0x41, 0xBC, 0x87, 0x05, 0xEF, 0xAE, 0x26, 0x72, 0x06, 0xDC,
    0x40, 0x8B, 0x53, 0xF6, 0xFC, 0x5B, 0xCA, 0xD1, 0x44, 0x6A, 0xF0, 0x36, 0x33, 0x26, 0xE0, 0xAF,
    0xCE, 0xE1, 0x21, 0x2E, 0x35, 0x8B, 0xD5, 0x3C, 0x6F, 0x66, 0xDA, 0x3D, 0x33, 0xF8, 0xF1, 0xBE,
    0x67, 0x06, 0x27, 0x03, 0xE0, 0x62, 0x82, 0xBB, 0x09, 0xD2, 0x44, 0xFA, 0x8F, 0xF1, 0x61, 0x33,
    0x51, 0x4F, 0x80, 0x8D, 0xC6, 0xC4, 0x47, 0xE0, 0x6D, 0x9C, 0xF0, 0x4A, 0x72, 0x36, 0xF0, 0xA9,
    0xD1, 0xB4, 0x13, 0xA0, 0x7C, 0xC5, 0x76, 0x80, 0x9D, 0x36, 0xE6, 0xE2, 0x31, 0xCB, 0xBE, 0xDC,
    0xF7, 0x98, 0xA5, 0x47, 0xB8, 0x26, 0xE5, 0x96, 0x2D, 0x70, 0x45, 0xBF, 0x3A, 0xE5, 0x9E, 0xB4,
    0xB1, 0x7F, 0x76, 0x41, 0xD3, 0x72, 0x26, 0x42, 0x1E, 0xF1, 0x03, 0xDE, 0x66, 0xC9, 0x54, 0x31,
    0x4F, 0x8D, 0xC8, 0xA1, 0xEA, 0x62, 0xEF, 0xDE, 0x37, 0x11, 0x3A, 0x19, 0x4E, 0xFE, 0xE6, 0x2A,
    0x96, 0x5D, 0x35, 0x6B, 0x66, 0x4E, 0x48, 0xF7, 0x3C, 0x33, 0x96, 0xB7, 0xEE, 0xE3, 0x95, 0xA4,
    0x27, 0xD3, 0x5D, 0xB0, 0xEB, 0xFF, 0x35, 0xF2, 0xD1, 0xB4, 0x5C, 0x7D, 0xF4, 0xBE, 0x87, 0xC2,
    0xF2, 0xFD, 0x93, 0x59, 0xCF, 0x66, 0xBB, 0x98, 0xBD, 0x89, 0x76, 0x32, 0xAB, 0x01, 0xDE, 0x7F,
    0x55, 0x5B, 0xDC, 0x25, 0xB7, 0x11, 0x71, 0x21, 0x2A, 0xB7, 0x60, 0xF6, 0x1F, 0x29, 0x48, 0x7C,
    0x3C, 0xE3, 0xD0, 0xCE, 0x38, 0xB3, 0xAB, 0x17, 0x14, 0x54, 0x26, 0x55, 0x24, 0xD9, 0x2E, 0xCA,
    0x96, 0xD3, 0xA1, 0xF5, 0xB2, 0xCF, 0xF7, 0x73, 0xD4, 0xA7, 0xA0, 0xDC, 0x57, 0x9B, 0xB4, 0x82,
    0xC8, 0xA2, 0xB9, 0xC9, 0x9D, 0x25, 0xBB, 0xD0, 0x71, 0xED, 0xEA, 0xB9, 0x78, 0x89, 0xB2, 0x0F,
    0xED, 0x8E, 0x73, 0x70, 0x83, 0xDC, 0x1E, 0x6B, 0x07, 0x1E, 0xBA, 0x89, 0xF1, 0xBD, 0x7D, 0xED,
    0x79, 0xCE, 0xFC, 0x7F, 0x37, 0xEF, 0xBC, 0x76, 0xB8, 0x7D, 0xE3, 0x39, 0x31, 0xCB, 0xFB, 0x47,
    0x9C, 0x2E, 0x51, 0xB8, 0x82, 0x01, 0xC5, 0x5C, 0x2D, 0x9A, 0x19, 0xA1, 0x9F, 0xA3, 0x8B, 0x9C,
    0x84, 0xA8, 0x54, 0xB1, 0x1E, 0xB7, 0x0B, 0x67, 0x42, 0xF0, 0x00, 0x6C, 0xE5, 0x1A, 0xF0, 0x17,
    0xB5, 0x45, 0x26, 0x0F, 0x5B, 0x3F, 0x0A, 0xBB, 0x63, 0x26, 0x1B, 0xC3, 0xC3, 0xB6, 0x79, 0xF6,
    0x56, 0x63, 0x16, 0xE2, 0x1A, 0xE7, 0xEB, 0x24, 0x6F, 0x12, 0xAA, 0x76, 0xE9, 0xDF, 0xBC, 0xBF,
    0xE7, 0x6C, 0x0C, 0x86, 0x73, 0xFC, 0xEB, 0x6E, 0x7A, 0xF5, 0xFA, 0xF3, 0x2D, 0xD6, 0x9B, 0xDF,
    0xA8, 0xA1, 0xAB, 0xD5, 0xDF, 0xEB, 0xBD, 0xF4, 0x28, 0x7B, 0x8A, 0x1E, 0x95, 0x4B, 0xF4, 0xA8,
    0x5E, 0xA3, 0x47, 0xC6, 0x50, 0x2F, 0x02, 0xCA, 0xD1, 0x3D, 0xBA, 0x79, 0x66, 0xDA, 0xA5, 0xAF,
    0xE1, 0x1E, 0x77, 0xDE, 0xE8, 0x0F, 0x2E, 0xF7, 0x18, 0x1A, 0x92, 0x9F, 0xA5, 0xEE, 0xAE, 0xCB,
    0x9C, 0x8D, 0xCD, 0x60, 0x20, 0x33, 0xD2, 0x7E, 0xFB, 0x33, 0xA2, 0xF6, 0xCE, 0xB6, 0x09, 0x7C,
    0xC4, 0x37, 0xFC, 0x99, 0x02, 0xF1, 0x04, 0xCC, 0x77, 0x28, 0x03, 0x7E, 0x3D, 0x74, 0x4D, 0xED,
    0xEF, 0x3F, 0xAB, 0xD0, 0x6B, 0x92, 0xDB, 0x4F, 0xF8, 0xEE, 0x9E, 0x1A, 0xEE, 0x57, 0xAD, 0xC2,
    0x58, 0xFC, 0xA2, 0x9D, 0x5F, 0xDE, 0xB3, 0x7E, 0xCD, 0xA6, 0x25, 0x63, 0xE3, 0x97, 0xEC, 0x37,
    0xDC, 0xDB, 0x7F, 0x01, 0xCD, 0x59, 0x01, 0xA4, 0x2E, 0x49, 0x76, 0xFE, 0xBA, 0x7B, 0xEE, 0x6B,
    0x99, 0x26, 0xB5, 0x78, 0x17, 0x9B, 0x49, 0xA6, 0x07, 0x41, 0x0C, 0xB3, 0x1D, 0xC0, 0x62, 0xF6,
    0x55, 0xED, 0x3E, 0x2C, 0x82, 0xBD, 0x78, 0x3F, 0x08, 0x26, 0xD8, 0xB0, 0x79, 0x61, 0x67, 0x60,
    0x19, 0x31, 0xB6, 0x2B, 0x59, 0x04, 0x30, 0x17, 0x08, 0x81, 0x3C, 0x0C, 0x92, 0xBB, 0xB1, 0x33,
    0x58, 0x24, 0xCC, 0xAA, 0x9E, 0x2C, 0x20, 0xD0, 0xAC, 0x05, 0xA0, 0x13, 0x8F, 0xB0, 0x30, 0x95,
    0xA4, 0x77, 0xF5, 0x4C, 0xAA, 0xFB, 0xE4, 0x9C, 0xD3, 0xFF, 0xDF, 0xFF, 0xFF, 0xCF, 0x5E, 0x93,
    0xF7, 0xCC, 0x0D, 0x7B, 0xBA, 0xFA, 0xAB, 0xEA, 0xAE, 0x53, 0xE7, 0x9C, 0xF3, 0x9D, 0xFE, 0x5F,
    0x57, 0xDF, 0x87, 0x2B, 0xE0, 0xC7, 0xC0, 0x6B, 0x78, 0xFC, 0xBE, 0x23, 0xF2, 0xF1, 0x65, 0xC4,
    0xB7, 0x11, 0x9F, 0x20, 0xE2, 0x8B, 0xB6, 0x27, 0x40, 0xE6, 0x50, 0x7A, 0xBC, 0x0C, 0x7C, 0xFF,
    0xC6, 0x05, 0xEA, 0x5E, 0x2B, 0xBA, 0xEA, 0x61, 0x97, 0xFF, 0xA0, 0x43, 0xF1, 0xC5, 0x9B, 0xBF,
    0xD8, 0x3D, 0x6A, 0x28, 0x59, 0x69, 0x93, 0xA5, 0xF1, 0x72, 0x77, 0xF5, 0xEB, 0x77, 0x20, 0x62,
    0x89, 0x28, 0x09, 0x4C, 0x2D, 0xC3, 0x18, 0x18, 0x22, 0x36, 0x69, 0x88, 0xA8, 0x53, 0x10, 0x15,
    0x2F, 0xE0, 0x20, 0x72, 0xA6, 0x21, 0x92, 0xB6, 0x81, 0xDD, 0x0F, 0xA6, 0xC3, 0x60, 0x14, 0xBD,
    0x2F, 0xB0, 0xEA, 0x12, 0x17, 0x57, 0xC1, 0x99, 0xF8, 0x9B, 0x74, 0x3E, 0xC6, 0xBD, 0x27, 0x10,
    0xA9, 0x85, 0x97, 0x86, 0xC1, 0x5D, 0xEE, 0x76, 0x3B, 0x1C, 0xA5, 0x25, 0x5A, 0x10, 0x88, 0x66,
    0xF0, 0xFD, 0x47, 0x40, 0xEB, 0x41, 0x3E, 0x23, 0x14, 0x84, 0x6A, 0x86, 0x49, 0x68, 0x26, 0xD8,
    0x88, 0x10, 0xB1, 0x73, 0x40, 0x18, 0x40, 0x43, 0x46, 0x5D, 0x4E, 0x9E, 0x15, 0x4A, 0x55, 0xA8,
    0x47, 0x34, 0x03, 0x2E, 0x1D, 0x58, 0x23, 0xA7, 0xAE, 0x20, 0x57, 0x12, 0xCC, 0xBA, 0x76, 0x84,
    0x1D, 0xD0, 0x76, 0x08, 0x0E, 0xA1, 0x23, 0x3E, 0x42, 0xD7, 0xF2, 0x61, 0xF9, 0x68, 0xFA, 0x0B,
    0xC7, 0xDE, 0x6C, 0x07, 0x72, 0x81, 0x3D, 0x66, 0xE4, 0x8A, 0x45, 0xBD, 0xAA, 0x59, 0xF5, 0xAC,
    0xBE, 0xED, 0xC8, 0xDE, 0x5B, 0xF1, 0x2F, 0xCF, 0x42, 0x3B, 0xF0, 0x90, 0x7A, 0x8D, 0x42, 0xE2,
    0xF8, 0x86, 0x44, 0xA2, 0xB1, 0x94, 0x0B, 0x2F, 0xAB, 0x24, 0x1E, 0x23, 0x11, 0x35, 0x91, 0x63,
    0x5A, 0xA3, 0x92, 0xB8, 0x3E, 0x92, 0xC8, 0x1E, 0x92, 0x2F, 0x45, 0xD9, 0xCC, 0x95, 0x28, 0x6B,
    0x84, 0x1C, 0xBE, 0x15, 0x65, 0x8E, 0xAA, 0x47, 0x70, 0xAD, 0x17, 0x97, 0xDB, 0xD1, 0xF0, 0x51,
    0xCB, 0xC9, 0x87, 0x91, 0x83, 0x8D, 0x57, 0x7C, 0x64, 0x57, 0x19, 0x07, 0x73, 0xE3, 0x80, 0x9C,
    0x14, 0xB0, 0x87, 0x62, 0x16, 0x48, 0x7B, 0x78, 0xA1, 0x18, 0x2F, 0x20, 0xB4, 0xC3, 0x0A, 0xCF,
    0x0A, 0xED, 0xFB, 0x9F, 0xCE, 0x80, 0xE9, 0x01, 0xD4, 0x1D, 0x43, 0x23, 0x60, 0x15, 0x3C, 0x43,
    0x2B, 0x10, 0x1C, 0x03, 0x61, 0x0F, 0x99, 0x1A, 0x56, 0x58, 0x00, 0xA1, 0x1D, 0xA8, 0x04, 0x4C,
    0x3A, 0x40, 0x2D, 0x00, 0xBC, 0xF8, 0x9E, 0xDC, 0x98, 0xE4, 0xC6, 0x28, 0x10, 0x05, 0x06, 0x71,
    0xD2, 0xAF, 0x9E, 0x32, 0x0A, 0x1F, 0x8F, 0x39, 0x11, 0x8D, 0x05, 0x43, 0x54, 0xC8, 0x10, 0x0E,
    0x9E, 0xF2, 0x73, 0x4F, 0x6B, 0x1E, 0x13, 0xF0, 0xEA, 0xDF, 0x7C, 0xF2, 0x58, 0xA2, 0x27, 0x7D,
    0x5E, 0x04, 0x66, 0xFC, 0xE9, 0xB7, 0xFE, 0xED, 0x3B, 0x40, 0xAD, 0x86, 0x05, 0xAC, 0x40, 0xDB,
    0x49, 0xF4, 0x02, 0x24, 0xB0, 0x43, 0x45, 0x5D, 0x4D, 0xD1, 0xCA, 0xEF, 0x36, 0x6D, 0xCD, 0x4A,
    0x1B, 0x0D, 0x0D, 0x4A, 0x1E, 0x32, 0xF1, 0xDC, 0x03, 0xC5, 0xB8, 0xF2, 0x57, 0x92, 0x47, 0x45,
    0x03, 0x0C, 0x25, 0x3E, 0x89, 0xCF, 0x19, 0x35, 0xF5, 0x68, 0x66, 0xC0, 0x0E, 0xC0, 0x03, 0x00,
    0xAF, 0x60, 0x95, 0x7B, 0x43, 0x33, 0xB5, 0x29, 0xA4, 0x30, 0xD9, 0x78, 0xE1, 0xCA, 0x01, 0x8D,
    0xB3, 0x13, 0xA8, 0x6F, 0x53, 0x4E, 0x43, 0x48, 0x05, 0xC3, 0x54, 0xF0, 0x65, 0xCC, 0xC8, 0x5F,
    0x38, 0xDC, 0x07, 0xAB, 0x7C, 0x17, 0xF9, 0x53, 0x3B, 0xE5, 0x1C, 0x59, 0x6A, 0x59, 0xA3, 0xB3,
    0x73, 0x48, 0xA5, 0x76, 0x93, 0x74, 0xA9, 0x65, 0x5E, 0xD0, 0x8C, 0xAC, 0xFE, 0x08, 0x17, 0x2E,
    0x7F, 0x5A, 0x27, 0x3B, 0xF3, 0x91, 0xE4, 0xD6, 0xE3, 0x1B, 0x4F, 0xD4, 0x45, 0xE0, 0xAE, 0xDA,
    0x07, 0xC0, 0xCD, 0x8D, 0x23, 0xEA, 0x50, 0xDC, 0x61, 0xF3, 0x2D, 0xF5, 0xB7, 0xB6, 0x3B, 0x09,
    0x9A, 0xED, 0xFC, 0xC5, 0x8D, 0x7F, 0x0B, 0xD8, 0xDA, 0xF7, 0x76, 0xEE, 0x0E, 0x8D, 0xBF, 0x7A,
    0xD3, 0x03, 0xC7, 0x76, 0xB9, 0xBB, 0xB3, 0xC8, 0x4F, 0xA5, 0x9D, 0x00, 0xA3, 0xB7, 0x72, 0xA2,
    0xF5, 0xC9, 0x02, 0x4A, 0x22, 0xB7, 0x3E, 0xC0, 0x30, 0x0B, 0x75, 0x19, 0x41, 0xA4, 0x19, 0x43,
    0xA7, 0xBF, 0x6C, 0x51, 0x6B, 0x3B, 0x33, 0xAD, 0x06, 0xFA, 0xD0, 0x35, 0xAB, 0xCD, 0xA0, 0xFF,
    0xB2, 0xED, 0x87, 0xD4, 0x91, 0xD3, 0x21, 0x79, 0xFA, 0xAB, 0x05, 0x2A, 0xF4, 0x97, 0xF4, 0xCD,
    0x74, 0xE1, 0x90, 0x3D, 0x02, 0xFD, 0x80, 0x4C, 0xA4, 0x09, 0x35, 0x39, 0xFA, 0xD7, 0xD9, 0xFE,
    0x8C, 0x08, 0x41, 0x6A, 0x93, 0xC2, 0xBB, 0x44, 0x5F, 0x27, 0x8A, 0x96, 0xFE, 0x93, 0x9A, 0x4F,
    0x58, 0xED, 0xCD, 0x68, 0xE8, 0xA7, 0xC9, 0x0E, 0xF4, 0xD7, 0xB3, 0x19, 0xB3, 0x7F, 0x30, 0x63,
    0xDB, 0xD3, 0xBB, 0xC9, 0x8C, 0x40, 0x33, 0xB0, 0x9B, 0x77, 0xA7, 0x9A, 0x87, 0x6D, 0x47, 0x9E,
    0xFE, 0x6E, 0xAC, 0x23, 0x40, 0xE2, 0xF1, 0x8D, 0xC8, 0x31, 0x71, 0xB0, 0x6C, 0xAA, 0x89, 0x36,
    0xA2, 0x9A, 0x40, 0xDF, 0x90, 0x61, 0x0F, 0xD6, 0xA1, 0x6F, 0x2E, 0x4D, 0x0C, 0x1D, 0x6C, 0x07,
    0xFA, 0x38, 0xD5, 0x9F, 0x92, 0x87, 0x24, 0x2C, 0xBF, 0x46, 0x42, 0xBE, 0x00, 0x96, 0x86, 0x8A,
    0x12, 0xCA, 0x04, 0x18, 0x72, 0x39, 0x0D, 0x50, 0xB9, 0x02, 0x2E, 0x75, 0x70, 0x3B, 0x83, 0xE7,
    0x24, 0x9E, 0xF3, 0x78, 0x4E, 0xE5, 0x39, 0x9B, 0xE7, 0x84, 0x9E, 0x73, 0x7A, 0x4E, 0xEB, 0x39,
    0xB3, 0xE7, 0xE4, 0x9E, 0xF3, 0x8B, 0xCB, 0x53, 0x8A, 0x73, 0x8A, 0x27, 0x2C, 0x1B, 0x4A, 0x67,
    0x44, 0xCF, 0x27, 0x5C, 0xB7, 0xFF, 0xB1, 0x9C, 0xD0, 0x4D, 0xFF, 0x42, 0x47, 0xC6, 0x7F, 0xC9,
    0x0C, 0x1E, 0x49, 0xFF, 0x15, 0xE5, 0x74, 0xE4, 0xFD, 0xBF, 0xA8, 0x58, 0x8E, 0xD4, 0xFF, 0xF7,
    0xC2, 0x57, 0x1B, 0xFB, 0x7C, 0x35, 0x1F, 0x0B, 0xF0, 0xB3, 0xB9, 0x4A, 0xC7, 0x1A, 0xFC, 0x74,
    0x31, 0xD3, 0x56, 0x06, 0x0E, 0x20, 0xC4, 0x63, 0x25, 0x72, 0xA2, 0xE1, 0xA4, 0x18, 0x44, 0xFE,
    0xA4, 0x1E, 0x76, 0x3E, 0x2D, 0x49, 0xE6, 0x80, 0x5A, 0xDF, 0xD1, 0x6D, 0x0F, 0xF2, 0x39, 0x41,
    0x5D, 0xB2, 0x1F, 0x31, 0xDE, 0xEA, 0x6C, 0x35, 0xF3, 0xBC, 0x99, 0x58, 0x83, 0xD5, 0xC8, 0xB7,
    0x7D, 0x2E, 0xE1, 0x16, 0x73, 0x46, 0xAC, 0x59, 0x48, 0x4C, 0x95, 0x84, 0x62, 0x22, 0xEB, 0x37,
    0xDD, 0xBA, 0x42, 0x92, 0x92, 0x45, 0xBC, 0x56, 0xD6, 0xC9, 0x72, 0x5D, 0xDA, 0x44, 0xE4, 0xA4,
    0x23, 0xA8, 0x01, 0xF2, 0x6A, 0x83, 0x47, 0x62, 0x46, 0xAC, 0xA9, 0xA5, 0x6A, 0x84, 0x1A, 0x33,
    0x03, 0xC0, 0x4B, 0xEA, 0x11, 0x26, 0xA1, 0x9C, 0x91, 0x2B, 0x57, 0x08, 0x4E, 0xA2, 0x6B, 0x7A,
    0x98, 0xA1, 0x11, 0xD3, 0xF5, 0x68, 0x12, 0x6B, 0x14, 0x33, 0xEB, 0xE4, 0x24, 0x5A, 0xE4, 0x40,
    0x08, 0x9E, 0x35, 0xAD, 0x3C, 0xAD, 0xF5, 0xC0, 0xDA, 0x26, 0xB2, 0x7E, 0x39, 0x36, 0x1A, 0x96,
    0xAE, 0xE1, 0x28, 0x19, 0x64, 0x89, 0xAE, 0x23, 0xAF, 0x2B, 0xDB, 0x4E, 0xD7, 0xEA, 0x0B, 0x5D,
    0x97, 0x0A, 0x98, 0xA8, 0x16, 0xCA, 0x49, 0x6D, 0xE4, 0x09, 0x22, 0xF9, 0x00, 0x14, 0x11, 0xE0,
    0x49, 0x61, 0x0C, 0x0F, 0x46, 0xE0, 0xC3, 0x7F, 0x42, 0x36, 0xBD, 0xC3, 0xB7, 0xDF, 0x41, 0xD5,
    0x7F, 0x0D, 0xC6, 0x3F, 0x80, 0xE5, 0xE3, 0x27, 0x68, 0x80, 0xDC, 0xF1, 0x3D, 0xE1, 0xBB, 0x4D,
    0x90, 0xD7, 0x67, 0x67, 0xC8, 0x35, 0x33, 0x02, 0xDF, 0x18, 0x61, 0x27, 0x34, 0x09, 0x86, 0xE9,
    0x27, 0x94, 0x84, 0x82, 0x5C, 0xF6, 0x14, 0x22, 0xBF, 0x85, 0x6C, 0x41, 0x21, 0x77, 0x7C, 0x46,
    0x1D, 0x68, 0x40, 0x88, 0xBA, 0x20, 0x81, 0xC6, 0x9C, 0xFA, 0x8A, 0x7C, 0xBD, 0xF0, 0x95, 0xDC,
    0x66, 0xFE, 0x2B, 0xEC, 0xE5, 0x42, 0x51, 0x7F, 0x47, 0xAF, 0xA0, 0xE8, 0x65, 0xE1, 0x87, 0x30,
    0x23, 0xF7, 0x39, 0x89, 0x1F, 0x59, 0x29, 0x6E, 0xAC, 0x67, 0xBF, 0x7C, 0x05, 0x31, 0x00, 0x3B,
    0x22, 0xA7, 0x0E, 0xFB, 0x40, 0x20, 0x0A, 0x32, 0x2D, 0x0A, 0x32, 0x0D, 0xD8, 0x5F, 0xC9, 0x34,
    0xD7, 0x86, 0x08, 0xAD, 0x0B, 0x9C, 0x46, 0x5A, 0xE7, 0x28, 0x66, 0xD2, 0xE7, 0x34, 0xF2, 0xB5,
    0x65, 0xE3, 0x33, 0xBB, 0xD6, 0x0D, 0x8C, 0xBB, 0x84, 0x18, 0x17, 0x17, 0x62, 0x9C, 0x5D, 0x00,
    0x95, 0xC6, 0x00, 0x34, 0x49, 0x5C, 0xC8, 0xB4, 0xB8, 0x90, 0xE9, 0x4B, 0x89, 0xA1, 0x22, 0x5E,
    0xCC, 0x0A, 0x75, 0x02, 0x0D, 0xB2, 0x43, 0x8B, 0xDC, 0x23, 0x21, 0xEB, 0x44, 0xEB, 0x0F, 0x35,
    0x10, 0x8F, 0x13, 0x61, 0x0A, 0x28, 0xA2, 0x59, 0x32, 0x46, 0x3B, 0x67, 0xAC, 0x6C, 0x13, 0x93,
    0xC3, 0xC8, 0x3C, 0xA3, 0x9D, 0x14, 0x47, 0xE6, 0x90, 0x3D, 0x95, 0xE4, 0x58, 0x59, 0xD2, 0xA3,
    0x41, 0xB1, 0x37, 0x0B, 0x32, 0x12, 0x7F, 0x39, 0x79, 0x93, 0x18, 0x5D, 0x2D, 0x71, 0xA1, 0x99,
    0x14, 0x47, 0x14, 0x0B, 0x6C, 0x44, 0x39, 0x0B, 0x66, 0x8F, 0x64, 0xC3, 0x7A, 0x2A, 0xBA, 0x2D,
    0x80, 0x9D, 0x32, 0x71, 0xC2, 0x0E, 0x7B, 0x04, 0x75, 0x1B, 0xD4, 0xAD, 0x8D, 0x92, 0xA1, 0x6E,
    0x08, 0x54, 0xB2, 0xB0, 0xB8, 0x9A, 0x68, 0x08, 0x44, 0xA3, 0xD5, 0xCF, 0x82, 0xF7, 0xE7, 0x97,
    0xE9, 0x8F, 0x38, 0xE8, 0x6A, 0xCE, 0xE5, 0x5C, 0xEA, 0x54, 0xCC, 0x1C, 0xF2, 0xA2, 0x7B, 0xAC,
    0xAE, 0xA4, 0x05, 0x25, 0x09, 0x27, 0x1E, 0x66, 0x59, 0xF7, 0x6C, 0x66, 0xC2, 0x99, 0xBC, 0xE8,
    0x21, 0xA1, 0x21, 0x8C, 0x00, 0xC9, 0xC9, 0xE3, 0xB6, 0x07, 0x2E, 0x4E, 0xBF, 0x46, 0x06, 0x81,
    0xDE, 0x32, 0x74, 0xAF, 0xDE, 0xDC, 0xDC, 0xAC, 0xFC, 0xFD, 0x09, 0x80, 0xDF, 0x8F, 0x0C, 0x6F,
    0xBF, 0x0D, 0x64, 0xF1, 0x6B, 0x40, 0xD5, 0xD7, 0x1E, 0xAD, 0xAB, 0x3E, 0xFD, 0x73, 0xE1, 0x43,
    0x2C, 0x35, 0x8B, 0x03, 0xB2, 0x9B, 0x6B, 0xA0, 0xA6, 0x19, 0xA0, 0xFF, 0x21, 0x5F, 0x4C, 0xAC,
    0x67, 0x3A, 0xE4, 0xF1, 0x2B, 0x00, 0x7E, 0xFC, 0x0E, 0xC3, 0xEB, 0x6F, 0x31, 0x7C, 0x15, 0x67,
    0xA2, 0x7B, 0xC0, 0x71, 0xA5, 0x08, 0x60, 0x7D, 0xA0, 0x71, 0x0C, 0xDF, 0x3F, 0x4C, 0xE6, 0x3A,
    0x19, 0xB7, 0x49, 0x09, 0xCA, 0x82, 0x65, 0x16, 0xA6, 0x74, 0xF9, 0xB6, 0x63, 0xAD, 0x7F, 0x24,
    0x93, 0x0D, 0xC3, 0x4F, 0x6A, 0x99, 0x34, 0x0E, 0x45, 0x34, 0x1E, 0xD5, 0xC0, 0x6B, 0x4D, 0x57,
    0x75, 0xB0, 0xAE, 0xEC, 0xB1, 0xFF, 0xD5, 0x6C, 0x52, 0xC7, 0x6D, 0xD8, 0x9C, 0x0C, 0xB7, 0x97,
    0x8D, 0x6B, 0xF6, 0x6B, 0x60, 0x46, 0xDB, 0x1D, 0x86, 0xB4, 0x3D, 0x5F, 0x35, 0xD1, 0xDF, 0xFE,
    0xE3, 0xF6, 0x62, 0xA2, 0x84, 0x55, 0x5E, 0x3A, 0x0E, 0xCB, 0xE3, 0xB0, 0xA1, 0x8F, 0xBE, 0x83,
    0x55, 0xC2, 0xC7, 0x07, 0x17, 0x39, 0xBD, 0x1B, 0x37, 0x55, 0x33, 0x62, 0x95, 0x6C, 0xAE, 0xF6,
    0xAB, 0xEC, 0xF5, 0x57, 0xCB, 0x19, 0x8B, 0x93, 0xE1, 0x20, 0x7C, 0x91, 0x0E, 0x7B, 0x64, 0x00,
    0x01, 0x2F, 0x40, 0xC2, 0xFA, 0x52, 0x46, 0x80, 0xF1, 0x12, 0xD6, 0x83, 0x6C, 0x06, 0xEA, 0xA9,
    0x75, 0x40, 0xF8, 0xF7, 0xA4, 0xC5, 0xC5, 0x7D, 0x48, 0x10, 0xAE, 0x21, 0xE9, 0x18, 0x68, 0xC8,
    0x82, 0x0C, 0xEF, 0xC9, 0x10, 0x15, 0xD1, 0xA4, 0x7A, 0x3D, 0x6A, 0xFA, 0x21, 0x0F, 0xC3, 0xF2,
    0x7E, 0x8F, 0x40, 0x9D, 0x04, 0xB7, 0x08, 0xF0, 0x25, 0xCC, 0x4C, 0x60, 0x55, 0x21, 0xCC, 0x4E,
    0xC1, 0xA3, 0x5C, 0xB7, 0x0B, 0xB1, 0xED, 0x80, 0xD1, 0x24, 0xA0, 0xEC, 0x39, 0x3E, 0xBC, 0xA2,
    0x71, 0x3B, 0x65, 0x30, 0x97, 0x48, 0xF1, 0xE5, 0x3D, 0x51, 0xA9, 0xF9, 0xEC, 0xB7, 0x37, 0x29,
    0x16, 0x8B, 0x76, 0xBA, 0x6E, 0x2B, 0x88, 0xED, 0xB5, 0x23, 0xBF, 0x52, 0xB4, 0xD2, 0xB3, 0x6A,
    0x28, 0x47, 0xDB, 0x86, 0x20, 0x74, 0x82, 0xD9, 0xDE, 0xD4, 0xBC, 0x9A, 0x9A, 0xCE, 0x4C, 0xA9,
    0xC6, 0x4A, 0x1B, 0xF2, 0xE5, 0xCC, 0xD4, 0x99, 0xB3, 0xE0, 0x7F, 0xDD, 0x94, 0x99, 0x4E, 0x9F,
    0x8D, 0x76, 0x35, 0xA5, 0xB4, 0x14, 0x7A, 0xCE, 0x28, 0xF9, 0xAC, 0xD2, 0xF1, 0x97, 0x57, 0x8F,
    0x7A, 0xEA, 0x12, 0x2B, 0xE7, 0xA0, 0xBF, 0x36, 0x0D, 0x34, 0xFC, 0xDC, 0x81, 0xC8, 0xF3, 0xE9,
    0x32, 0x22, 0xE4, 0x74, 0x83, 0x82, 0x94, 0x01, 0xF5, 0x57, 0xCE, 0x38, 0x35, 0xB5, 0x99, 0x51,
    0x53, 0x34, 0xE8, 0xD9, 0xD2, 0x56, 0x1A, 0x59, 0xB9, 0xC2, 0x02, 0x09, 0xE3, 0x40, 0xA2, 0x39,
    0xC2, 0xF6, 0xC1, 0xA6, 0x09, 0x58, 0x85, 0x01, 0x6B, 0x40, 0x0A, 0x3B, 0x31, 0x45, 0x2B, 0x78,
    0x64, 0x24, 0x2C, 0xFD, 0x90, 0x24, 0xFF, 0xDB, 0x3E, 0x0D, 0xCF, 0x0D, 0x9B, 0xF1, 0xD4, 0x7A,
    0x43, 0x6B, 0x94, 0x02, 0x3D, 0xD0, 0x8A, 0xCD, 0xA3, 0xBC, 0x49, 0xD7, 0x78, 0x89, 0x27, 0x4B,
    0xA2, 0x29, 0x27, 0x4A, 0xAC, 0x4E, 0xB3, 0x21, 0x22, 0x08, 0x54, 0x7C, 0x7A, 0xF3, 0xC9, 0x1B,
    0xF4, 0x70, 0xF9, 0x63, 0xEA, 0x4A, 0x57, 0xD0, 0xC3, 0xEB, 0x5C, 0x0C, 0x14, 0xE4, 0x90, 0x1D,
    0x06, 0x7A, 0xC7, 0x90, 0xE4, 0xEA, 0xA0, 0x9B, 0x95, 0x9A, 0xA4, 0x5E, 0x13, 0x10, 0x84, 0x39,
    0x1A, 0x58, 0x4D, 0x28, 0x23, 0x07, 0x23, 0xBA, 0x21, 0x01, 0x56, 0xA2, 0x97, 0xA8, 0xC2, 0x28,
    0x9C, 0x79, 0x40, 0xCD, 0xE9, 0x42, 0xBF, 0x26, 0x97, 0x13, 0x3E, 0x57, 0xF2, 0x27, 0x40, 0xF6,
    0xDE, 0xFE, 0x5B, 0xD8, 0x2C, 0x38, 0xFA, 0xD6, 0x41, 0xA3, 0x83, 0x04, 0xD4, 0x32, 0xD5, 0x8C,
    0x7B, 0x8A, 0x2E, 0x1C, 0x90, 0x5D, 0x9D, 0x53, 0xC0, 0x6A, 0x42, 0x00, 0x77, 0x92, 0x3E, 0xDA,
    0xA4, 0x0C, 0x84, 0x49, 0x52, 0x77, 0x61, 0x94, 0xC4, 0x9D, 0xD0, 0x28, 0xDD, 0xB0, 0x76, 0xBD,
    0xA4, 0xAC, 0x14, 0xD8, 0x59, 0x08, 0xC8, 0x84, 0x3F, 0x2F, 0xC9, 0x0A, 0x25, 0x0D, 0xF1, 0x12,
    0x4D, 0x54, 0x3A, 0xE1, 0x77, 0x81, 0x4E, 0xCF, 0x7A, 0xA3, 0x4A, 0x9A, 0xA0, 0xC4, 0x23, 0x11,
    0x5D, 0xDD, 0x92, 0xD8, 0x4B, 0xD7, 0x9A, 0x56, 0x1B, 0x35, 0x17, 0x1A, 0xB7, 0x2E, 0x01, 0x14,
    0x35, 0x9D, 0xD0, 0x6B, 0x32, 0x97, 0xE7, 0x6F, 0x54, 0xA9, 0x26, 0x9A, 0x25, 0x97, 0x44, 0x60,
    0xD7, 0x5A, 0xAE, 0xF9, 0x91, 0xE7, 0xBE, 0x90, 0x4A, 0xA2, 0x9D, 0xF2, 0x3E, 0x93, 0x7E, 0x04,
    0xA4, 0x0F, 0x71, 0xED, 0xD7, 0x24, 0xBD, 0x44, 0xAC, 0x44, 0x52, 0x2F, 0x35, 0x94, 0x29, 0x29,
    0xA1, 0xA6, 0x60, 0xF4, 0x8D, 0xEF, 0xB4, 0x80, 0x05, 0x41, 0x4D, 0x14, 0xAB, 0xAA, 0x26, 0x25,
    0x94, 0x94, 0xB2, 0x44, 0x78, 0x7E, 0x84, 0x5B, 0xA5, 0x1C, 0x90, 0xFD, 0x3D, 0x00, 0x3B, 0xA1,
    0x5A, 0x00, 0xB4, 0x09, 0x86, 0xA0, 0x7C, 0xD5, 0xDA, 0x4F, 0x6B, 0x6F, 0xE3, 0x56, 0x33, 0x2D,
    0xD9, 0x8E, 0xE5, 0x51, 0x20, 0xA2, 0x69, 0x83, 0xF1, 0xF1, 0xCD, 0x8D, 0x44, 0x2F, 0x6C, 0x00,
    0xE4, 0xD7, 0x60, 0x84, 0x6F, 0xE8, 0x5A, 0x65, 0x4A, 0x0C, 0xAD, 0x11, 0x66, 0x9B, 0x86, 0x3A,
    0x16, 0x8A, 0x61, 0x45, 0xA3, 0x3D, 0x68, 0x48, 0x8E, 0xE0, 0x57, 0x2D, 0xFB, 0xB3, 0x44, 0xE4,
    0x14, 0x07, 0xC5, 0x09, 0x56, 0xDF, 0x1A, 0xB6, 0x20, 0x5A, 0x14, 0xE9, 0x99, 0x71, 0xD5, 0x9F,
    0x15, 0x93, 0xE2, 0xA8, 0x38, 0x08, 0x2E, 0x60, 0x8C, 0xB8, 0x6B, 0x7C, 0x50, 0x0C, 0x8C, 0xC8,
    0x98, 0x35, 0xA0, 0x95, 0x64, 0x72, 0x12, 0x2C, 0x15, 0x0D, 0x51, 0x6C, 0x5C, 0xAD, 0xD8, 0x28,
    0xDA, 0x67, 0xC0, 0xE6, 0x64, 0x95, 0x51, 0xAC, 0xE8, 0x68, 0x79, 0xF5, 0xB2, 0x7A, 0xBC, 0xDC,
    0xE9, 0x9F, 0xEF, 0xB6, 0xDB, 0x83, 0xE2, 0x84, 0x56, 0x19, 0x10, 0x5C, 0x14, 0xE9, 0x39, 0x71,
    0x51, 0x4C, 0xAB, 0x35, 0xC5, 0xA8, 0xE8, 0xF7, 0x1E, 0x81, 0x6F, 0x6F, 0x2F, 0x20, 0x05, 0x72,
    0xF8, 0x03, 0x10, 0x60, 0xBD, 0xC0, 0x34, 0x03, 0x81, 0xE6, 0xC7, 0x1F, 0xD4, 0xBA, 0xF2, 0x4D,
    0x81, 0x46, 0x20, 0xD0, 0xC5, 0x93, 0x9C, 0x82, 0x83, 0x59, 0x6C, 0x87, 0x26, 0xD9, 0x1E, 0x95,
    0x7C, 0x59, 0x67, 0x7D, 0x3D, 0x02, 0x30, 0xD7, 0x0C, 0x2F, 0x00, 0xF8, 0x2E, 0x32, 0xEA, 0x0A,
    0xEA, 0xB5, 0x75, 0xF2, 0x9C, 0xDF, 0xC7, 0xE7, 0xC8, 0xA5, 0x43, 0xE8, 0xF7, 0xAD, 0xE5, 0xD6,
    0xC1, 0x1E, 0x5A, 0x23, 0xD1, 0xE1, 0xF1, 0x7B, 0xDB, 0xE7, 0x33, 0x60, 0x17, 0x1A, 0x00, 0x2C,
    0xBA, 0xC7, 0x92, 0x22, 0x7E, 0x08, 0x54, 0x1E, 0x78, 0x0D, 0xA8, 0x25, 0x08, 0xE0, 0x77, 0x01,
    0xFC, 0x36, 0x7E, 0xE3, 0x45, 0xB7, 0xA8, 0x80, 0x6E, 0x52, 0xB5, 0x65, 0x3C, 0xD4, 0x8D, 0x2A,
    0xA0, 0x5B, 0x55, 0x40, 0x37, 0xAB, 0xD8, 0x6F, 0x57, 0xF7, 0x1B, 0xD6, 0xAD, 0x7C, 0x52, 0xBA,
    0x0D, 0xC9, 0x43, 0x4B, 0xB8, 0xAF, 0xE1, 0x5A, 0x44, 0x04, 0x5A, 0x1E, 0x7F, 0x80, 0xB5, 0x8C,
    0x6B, 0x1D, 0xD1, 0x08, 0x6A, 0x25, 0xA1, 0xA5, 0x5C, 0x6B, 0xB9, 0x16, 0x13, 0xA5, 0x54, 0xF3,
    0x50, 0x4E, 0x98, 0x5E, 0xF0, 0x85, 0xDB, 0x1D, 0x06, 0x0F, 0xFC, 0xDE, 0x99, 0xC3, 0xE5, 0x76,
    0x87, 0xF5, 0x67, 0x1D, 0x56, 0xEA, 0xB0, 0x3E, 0x75, 0x38, 0x9C, 0x39, 0xDC, 0xB6, 0xB2, 0xF9,
    0x1C, 0x62, 0x99, 0x68, 0xAC, 0xF8, 0x34, 0x63, 0xCB, 0xBA, 0xB5, 0xD7, 0x4D, 0x49, 0xB7, 0x26,
    0xAC, 0x6F, 0xD6, 0xFD, 0x06, 0xE4, 0xB0, 0xF1, 0x38, 0x6C, 0x3A, 0x74, 0xDF, 0xA2, 0x6A, 0xD9,
    0xC9, 0x3E, 0xA5, 0x4A, 0xF9, 0x13, 0x33, 0x9A, 0x54, 0xC7, 0x66, 0xB1, 0x43, 0xB3, 0xB4, 0x5D,
    0xBD, 0x84, 0xCE, 0x24, 0x7D, 0xE1, 0x65, 0xBB, 0xED, 0x7D, 0xB7, 0x5C, 0x03, 0x98, 0x73, 0x62,
    0xB9, 0x46, 0x91, 0x2A, 0x12, 0xF9, 0x45, 0x98, 0x0C, 0x05, 0x1D, 0xC6, 0x66, 0xC0, 0xEF, 0xC8,
    0xA0, 0xB3, 0x0E, 0xB2, 0x19, 0x5D, 0x70, 0x09, 0xEC, 0xBF, 0x26, 0x54, 0xF2, 0xFD, 0xCE, 0xD4,
    0x83, 0xAE, 0xDF, 0x1C, 0x8A, 0x11, 0xF9, 0x58, 0x75, 0xC0, 0x3B, 0x35, 0x80, 0xD7, 0x5F, 0x67,
    0x78, 0xF9, 0xFE, 0x49, 0xAE, 0x10, 0x33, 0x70, 0xD6, 0x39, 0x64, 0xD1, 0x3E, 0xEC, 0x39, 0x1F,
    0xFB, 0xAD, 0x11, 0x05, 0xB5, 0xED, 0x08, 0x10, 0x51, 0x0F, 0x58, 0x22, 0xB7, 0xFF, 0x54, 0x69,
    0x89, 0xC5, 0x9D, 0xE2, 0xE5, 0x1B, 0xB4, 0xEC, 0x54, 0x07, 0xAA, 0xDF, 0xC9, 0xDA, 0x20, 0xDF,
    0x76, 0x62, 0x27, 0x1B, 0xED, 0xC3, 0x01, 0xB8, 0x12, 0xFB, 0x7B, 0x5F, 0x1A, 0xAF, 0x76, 0xDB,
    0x9B, 0x41, 0x2A, 0x21, 0x00, 0x85, 0xD0, 0xEB, 0xEC, 0x6D, 0x92, 0x89, 0x81, 0x7A, 0x12, 0x53,
    0x49, 0x60, 0x3E, 0x8C, 0x1A, 0x81, 0x7B, 0xD7, 0xF8, 0x7C, 0x69, 0xBB, 0xA3, 0xB7, 0xCD, 0xE5,
    0xC0, 0xF0, 0x15, 0xC7, 0x56, 0x9B, 0x68, 0x87, 0xD0, 0xC1, 0xC6, 0x76, 0xA0, 0x8F, 0xC8, 0xA3,
    0xED, 0xB9, 0x7B, 0x48, 0xFA, 0xE7, 0xAC, 0x62, 0x29, 0x67, 0xE4, 0xDC, 0x55, 0xC9, 0x4C, 0x28,
    0x66, 0xEE, 0xC6, 0x26, 0xA2, 0x9A, 0x0C, 0x17, 0xC4, 0x76, 0xA8, 0xA3, 0xED, 0x6D, 0xA7, 0x7F,
    0x48, 0x69, 0x3D, 0x7D, 0x7D, 0x01, 0x5A, 0x47, 0xD9, 0x52, 0xA4, 0x2D, 0xD5, 0x2D, 0xDB, 0x43,
    0x9A, 0x1A, 0xC0, 0x76, 0x7D, 0x32, 0x7F, 0x7B, 0xF2, 0xB7, 0x73, 0x81, 0xFB, 0x2B, 0x1D, 0x39,
    0xAD, 0x3C, 0x94, 0xE4, 0xED, 0xAC, 0x7D, 0xB7, 0xBF, 0xEE, 0x94, 0x9A, 0x82, 0xDC, 0xCA, 0xCE,
    0x9F, 0xE1, 0x39, 0xA4, 0xED, 0x6E, 0x8B, 0x77, 0xEB, 0x57, 0xEE, 0x56, 0xFA, 0x0E, 0x1B, 0xB7,
    0x47, 0x87, 0x78, 0x9C, 0x5D, 0xFD, 0x76, 0xA7, 0xF1, 0xC8, 0xF5, 0x61, 0xFE, 0xA0, 0xFF, 0x0C,
    0x72, 0xF1, 0x9C, 0xFC, 0x7D, 0x19, 0xCF, 0x21, 0x66, 0xBC, 0x85, 0xBF, 0xEA, 0x16, 0xFE, 0x34,
    0xD9, 0x7F, 0x46, 0xE6, 0xEA, 0xC9, 0x26, 0x3B, 0xDB, 0x54, 0xA7, 0xFF, 0xEB, 0x89, 0x3B, 0xEA,
    0x36, 0x27, 0xBA, 0xD5, 0x24, 0xD8, 0xCC, 0x82, 0xF6, 0x04, 0xEB, 0x24, 0x58, 0x3E, 0x7D, 0xF6,
    0xB8, 0xAB, 0xB4, 0x6E, 0xA2, 0xD7, 0x3D, 0x35, 0x23, 0x8F, 0x25, 0x5E, 0x33, 0x97, 0x03, 0x90,
    0x3F, 0x7D, 0xB6, 0x67, 0xC8, 0x7C, 0x6E, 0x3C, 0xF9, 0x13, 0x41, 0xB4, 0x0E, 0x27, 0x5F, 0x7C,
    0x5F, 0xE2, 0x3E, 0x13, 0xDA, 0xB8, 0x6F, 0xA2, 0xD0, 0x16, 0x7C, 0x3B, 0xA1, 0x92, 0x3E, 0x6C,
    0xBD, 0xD0, 0x16, 0xBC, 0x1D, 0x85, 0xB6, 0xE0, 0xAB, 0xEB, 0x6D, 0xFD, 0x79, 0xAF, 0x9B, 0xC7,
    0xF0, 0xF3, 0xDD, 0xCE, 0xD1, 0x2A, 0xDD, 0x67, 0x7B, 0xFE, 0xEB, 0x0A, 0xFD, 0x42, 0xFF, 0xC2,
    0x72, 0xFB, 0x7A, 0x7C, 0x9B, 0xFB, 0x7B, 0x0E, 0x85, 0xC4, 0x63, 0xF7, 0xF1, 0x84, 0xF1, 0x10,
    0xC7, 0x76, 0xBD, 0x9F, 0xDF, 0xF4, 0x6F, 0xB1, 0xA7, 0x72, 0xE1, 0x6C, 0x0C, 0x23, 0x4D, 0x61,
    0x6A, 0xE3, 0x4B, 0x27, 0x13, 0x75, 0xDF, 0x8E, 0x61, 0x92, 0xC3, 0x0E, 0x19, 0x0E, 0x72, 0x6F,
    0xAF, 0x4D, 0xAC, 0xFD, 0xA2, 0xBF, 0xC7, 0x09, 0xB7, 0xA9, 0x4D, 0x5C, 0xF3, 0x28, 0x3A, 0xF5,
    0x60, 0x27, 0xBD, 0x9E, 0xAA, 0x5E, 0x2C, 0x6F, 0xB3, 0x63, 0xE6, 0xCE, 0x66, 0x07, 0xF9, 0xCF,
    0x96, 0x4F, 0x3D, 0x22, 0xB6, 0x76, 0xF9, 0x4B, 0x77, 0xA7, 0xFF, 0x4D, 0xD4, 0xBF, 0x85, 0x63,
    0xFB, 0xDE, 0xDD, 0xFD, 0x4F, 0x8E, 0xA5, 0xAE, 0x21, 0x6F, 0x08, 0xD5, 0x82, 0x22, 0x21, 0x9F,
    0x80, 0x78, 0x77, 0x0D, 0x82, 0xD9, 0x28, 0x96, 0xCB, 0x19, 0x86, 0xC0, 0xBE, 0xD8, 0xE3, 0xDD,
    0x18, 0xBF, 0x92, 0x68, 0xAB, 0x1F, 0xE1, 0xB5, 0xD2, 0xBF, 0x5E, 0x74, 0xE6, 0x0D, 0xF1, 0x72,
    0x57, 0x91, 0xB7, 0x03, 0x5E, 0x8D, 0xF8, 0x7F, 0x2A, 0xE8, 0xFF, 0x02, 0x75, 0x95, 0x31, 0x8C,
    0xE6, 0x46, 0x15, 0xC7, 0x7F, 0xB6, 0xC5, 0x59, 0x3A, 0x17, 0x93, 0x22, 0x34, 0xA4, 0x70, 0xBF,
    0x14, 0xEE, 0x9B, 0xCC, 0xF4, 0x35, 0x47, 0x93, 0xBE, 0x60, 0x29, 0xB6, 0x97, 0xD0, 0x8D, 0x45,
    0x4B, 0x73, 0x7D, 0xB5, 0xC5, 0x15, 0x7B, 0xDF, 0x15, 0x69, 0x41, 0x82, 0x9D, 0x81, 0x82, 0x14,
    0x34, 0x8E, 0xA0, 0xA3, 0x88, 0x25, 0x2E, 0x12, 0x82, 0x22, 0x46, 0x58, 0xE0, 0x4D, 0x6C, 0xFF,
    0x33, 0xB6, 0xBF, 0xEF, 0xF6, 0x92, 0x53, 0xF6, 0xBD, 0xBF, 0xF5, 0xCD, 0xD3, 0xCE, 0xF8, 0xCD,
    0xF8, 0xFD, 0xDE, 0x50, 0x4F, 0x20, 0x51, 0x48, 0xB1, 0x4A, 0x32, 0xB3, 0xEF, 0x9A, 0xC1, 0x76,
    0x76, 0x53, 0x32, 0xDF, 0xF9, 0xE8, 0x63, 0x48, 0x52, 0x0C, 0x7F, 0x94, 0xF3, 0x7F, 0x15, 0x56,
    0x0B, 0x8D, 0x26, 0x8C, 0x7A, 0xB2, 0x7B, 0xE0, 0x39, 0x68, 0xF7, 0x0F, 0x01, 0xF2, 0x99, 0x22,
    0xF9, 0x44, 0x39, 0x52, 0x0D, 0x98, 0xE4, 0x3D, 0x75, 0x47, 0x1D, 0x69, 0x22, 0xB6, 0xDD, 0x1C,
    0x80, 0xA7, 0x77, 0x60, 0x27, 0x08, 0x23, 0xB9, 0x06, 0xCA, 0xA4, 0x3A, 0xC9, 0x7E, 0xDA, 0x23,
    0xDB, 0x15, 0xB3, 0x8D, 0xD5, 0xE0, 0x63, 0xFD, 0xA5, 0xFE, 0xD6, 0x48, 0x93, 0x95, 0xC6, 0xAB,
    0xD7, 0xBA, 0x25, 0x13, 0xE4, 0x2B, 0x64, 0x3F, 0x83, 0xEB, 0xD3, 0x2D, 0xD2, 0x90, 0xD4, 0xE7,
    0x52, 0x57, 0x4C, 0x50, 0x8C, 0x50, 0xEA, 0x0D, 0x95, 0x56, 0x4A, 0x09, 0x50, 0x0B, 0xE1, 0x2C,
    0xB9, 0xE7, 0x9F, 0x08, 0xAF, 0x19, 0xAB, 0x81, 0x27, 0x27, 0xE0, 0x89, 0x3A, 0xBC, 0x62, 0xBE,
    0x9F, 0xC0, 0xCF, 0x5B, 0x33, 0x42, 0xD3, 0x83, 0xFD, 0xCB, 0x84, 0x97, 0x36, 0xB9, 0x10, 0xD5,
    0x86, 0xD6, 0xB7, 0xC1, 0x05, 0xE7, 0x5B, 0x61, 0xFF, 0x2D, 0x1A, 0xCD, 0x54, 0x1A, 0xE0, 0xE4,
    0xD2, 0x3A, 0xA7, 0x97, 0x46, 0x1A, 0xCE, 0xEA, 0xC1, 0x47, 0x90, 0xDB, 0xF3, 0x2C, 0x67, 0xD8,
    0x17, 0x1D, 0xCE, 0xE1, 0x96, 0x5C, 0x50, 0x2E, 0x60, 0xA6, 0x23, 0xFC, 0x63, 0x07, 0x54, 0x2B,
    0x04, 0xC5, 0x4C, 0x1A, 0x8A, 0xD5, 0x0C, 0xC5, 0x9C, 0xB4, 0xD6, 0x43, 0x1A, 0x47, 0xFC, 0x4A,
    0xA6, 0x95, 0x4A, 0x6A, 0x9B, 0x21, 0x44, 0x1B, 0x6D, 0x97, 0x14, 0x6D, 0xAF, 0xD8, 0x48, 0xAE,
    0xD2, 0x42, 0x16, 0x5E, 0xC0, 0xCD, 0x1B, 0xF2, 0xE3, 0xFF, 0x5C, 0x3D, 0x86, 0xD8, 0xF4, 0x36,
    0xBE, 0xB5, 0x3E, 0x8D, 0xA5, 0x68, 0x14, 0x62, 0xFE, 0x10, 0x1C, 0x1C, 0x49, 0x9C, 0xC2, 0x44,
    0x50, 0x9F, 0xE4, 0xB8, 0x7E, 0x09, 0x00, 0xBF, 0x7F, 0xF4, 0xA0, 0x39, 0xF9, 0xF5, 0x7A, 0xF7,
    0x18, 0xFC, 0x55, 0x3A, 0xF6, 0x3B, 0x69, 0x4E, 0xEE, 0xB5, 0x26, 0xBF, 0x3A, 0xBD, 0x02, 0xD2,
    0xF3, 0x18, 0x92, 0x39, 0xEA, 0x16, 0x0B, 0x33, 0xF9, 0x44, 0x31, 0x50, 0x75, 0x98, 0xB8, 0xC7,
    0x1C, 0x96, 0xCD, 0xFD, 0xEE, 0xCF, 0xF7, 0xE7, 0x11, 0x69, 0xA0, 0x76, 0x98, 0x08, 0xC0, 0x87,
    0x6F, 0x43, 0x6D, 0x0A, 0xBD, 0xEF, 0x7B, 0x31, 0xED, 0xCB, 0x79, 0xF8, 0x03, 0xCC, 0x14, 0x23,
    0x65, 0x8F, 0x89, 0x58, 0x2E, 0x7F, 0xC5, 0x7F, 0xE4, 0x8A, 0x6F, 0x14, 0x4B, 0xDD, 0x74, 0xD5,
    0x64, 0x3A, 0x33, 0x24, 0xF5, 0x75, 0xAC, 0xBB, 0x26, 0xD6, 0xD1, 0xB6, 0x4D, 0xB4, 0xCE, 0xB6,
    0x1E, 0xEB, 0x02, 0x1E, 0x01, 0x40, 0x33, 0x92, 0x1D, 0x95, 0xE3, 0x8C, 0x14, 0x9B, 0x29, 0x44,
    0x3B, 0xF8, 0x68, 0x0F, 0x0E, 0xCE, 0xA6, 0xA8, 0x36, 0xD9, 0xAF, 0x45, 0xF8, 0x6C, 0x3D, 0x57,
    0xD3, 0x48, 0xAD, 0x8E, 0xFC, 0x77, 0x00, 0x27, 0xA8, 0x04, 0x7E, 0x25, 0xD7, 0x92, 0xE2, 0x33,
    0x4D, 0x92, 0xF9, 0xFB, 0xC4, 0x13, 0x33, 0x1D, 0xD5, 0x50, 0x0F, 0xD0, 0x24, 0xD9, 0x3E, 0xA9,
    0x03, 0x1F, 0x0F, 0x85, 0xA4, 0x67, 0x0E, 0x3E, 0x5A, 0xC9, 0xA4, 0x58, 0x6C, 0x95, 0xBD, 0x86,
    0x81, 0xAE, 0xB9, 0x4C, 0xE8, 0x40, 0x91, 0x42, 0xEC, 0xEC, 0x86, 0x9E, 0x5C, 0x0E, 0xB3, 0x80,
    0x95, 0xDA, 0xBD, 0x5A, 0x25, 0x9E, 0x3D, 0x7B, 0x06, 0x37, 0x0F, 0x14, 0x29, 0x96, 0x14, 0xB3,
    0x2F, 0x7D, 0x07, 0x4D, 0x92, 0x8D, 0x64, 0x6A, 0xD1, 0x02, 0x1A, 0xE1, 0xD3, 0x15, 0xD0, 0x26,
    0xE7, 0x32, 0xB9, 0xFB, 0xD7, 0x22, 0x68, 0x49, 0x4A, 0x74, 0xBC, 0x7A, 0x97, 0x52, 0x1D, 0x94,
    0x56, 0x3B, 0xA5, 0xFD, 0x4E, 0xE9, 0x7A, 0x50, 0x6A, 0x06, 0x1F, 0x9B, 0x44, 0xA9, 0x7D, 0x97,
    0xD2, 0x5C, 0x50, 0xBC, 0x4F, 0x69, 0x26, 0x75, 0xF9, 0xFB, 0x94, 0xBA, 0xEF, 0x53, 0xFA, 0xF1,
    0x27, 0x47, 0x9F, 0x39, 0x28, 0x75, 0xF0, 0x44, 0xF1, 0x2D, 0xA5, 0xEB, 0xF7, 0x29, 0x5D, 0x93,
    0x44, 0x88, 0x72, 0xA1, 0x0D, 0xEF, 0x50, 0xBA, 0x7E, 0x87, 0xD2, 0xA7, 0xA7, 0xD3, 0xED, 0x85,
    0xD2, 0x5A, 0xEA, 0x8E, 0xC3, 0x3E, 0xE7, 0x59, 0xCD, 0x50, 0xEF, 0xDF, 0x63, 0x0F, 0x67, 0x72,
    0x8F, 0xE1, 0x11, 0xEC, 0x85, 0xD2, 0x8F, 0x0E, 0x4A, 0x73, 0xA9, 0x2F, 0x96, 0xFA, 0xA0, 0x74,
    0x69, 0xFA, 0x2D, 0x2F, 0xC2, 0xB2, 0x7F, 0x6F, 0x23, 0xB9, 0x8D, 0x4C, 0x7F, 0xB1, 0xCF, 0x15,
    0xAD, 0x84, 0xD9, 0x28, 0xBD, 0x3F, 0x28, 0x2D, 0xB4, 0x62, 0x0E, 0x4A, 0xDB, 0x83, 0xE5, 0xB3,
    0x75, 0x8A, 0x76, 0xA7, 0x54, 0x6D, 0x3E, 0x09, 0xB2, 0x47, 0x4A, 0xA5, 0x3E, 0x09, 0xAE, 0x5F,
    0xBC, 0x47, 0xE9, 0x41, 0xE3, 0xE9, 0x5D, 0x4A, 0x7F, 0x4B, 0x6A, 0x4A, 0x47, 0x3C, 0x68, 0x49,
    0x9E, 0xA0, 0x05, 0xD2, 0xF3, 0x18, 0xF2, 0xA3, 0x9D, 0x52, 0xBF, 0x53, 0x9A, 0xE0, 0x19, 0x30,
    0x3B, 0xA5, 0x4D, 0xFB, 0x88, 0xE8, 0xF3, 0xEF, 0xFA, 0x19, 0x54, 0x87, 0x69, 0x2F, 0x94, 0x7E,
    0x7C, 0x09, 0xD5, 0xED, 0x0F, 0x22, 0x6A, 0xF7, 0xC9, 0x0B, 0xD9, 0xA5, 0x17, 0x1C, 0xAF, 0x05,
    0xB8, 0x7F, 0xDA, 0x16, 0xFA, 0x62, 0xDF, 0x6D, 0xD3, 0xCB, 0xD9, 0x18, 0xF0, 0x2E, 0x10, 0xB8,
    0x47, 0x2C, 0x28, 0x9F, 0x51, 0x39, 0x13, 0x36, 0xC2, 0xD6, 0x89, 0xEA, 0xF3, 0x5B, 0xB8, 0xE9,
    0x29, 0xB4, 0x60, 0x1E, 0x44, 0x13, 0x3D, 0xB6, 0x15, 0xE1, 0xF5, 0x42, 0xD0, 0x88, 0x5E, 0x81,
    0x80, 0xC0, 0x07, 0xF8, 0x6F, 0x06, 0x1A, 0x0D, 0xE4, 0xAB, 0x3B, 0xCF, 0x99, 0x31, 0x5A, 0xB1,
    0x5D, 0x60, 0xA3, 0x3E, 0xB0, 0x29, 0xA0, 0xDD, 0x56, 0x42, 0x31, 0xE3, 0x2F, 0x14, 0x7F, 0x0D,
    0x9C, 0x92, 0xA5, 0xE8, 0x02, 0xF6, 0x37, 0x23, 0x34, 0x5F, 0x74, 0x50, 0xAB, 0x05, 0xB3, 0x02,
    0x66, 0x06, 0x9A, 0x05, 0x08, 0x2B, 0x64, 0x8B, 0x87, 0x72, 0xB2, 0x2D, 0x66, 0xB0, 0x91, 0xAB,
    0xF6, 0x27, 0x2F, 0xC8, 0x42, 0x4F, 0xA9, 0x85, 0xF2, 0x5F, 0x02, 0xBC, 0x03, 0xDB, 0xF2, 0x4B,
    0xB5, 0x95, 0xE4, 0x9A, 0x87, 0x80, 0x75, 0xC2, 0xE7, 0x0B, 0xF6, 0xAB, 0x89, 0x46, 0x1D, 0x4F,
    0x1E, 0x80, 0x2B, 0xC0, 0x03, 0x01, 0x58, 0x81, 0x05, 0xB2, 0xD9, 0xBB, 0xFD, 0x72, 0x3B, 0x5F,
    0x0C, 0xE5, 0x54, 0x0D, 0xE5, 0x68, 0xFA, 0xEA, 0xDC, 0xCE, 0xCC, 0xD1, 0xCE, 0x62, 0x13, 0x6D,
    0x9B, 0x36, 0xE6, 0xAE, 0xDC, 0xF5, 0x0F, 0xAC, 0x93, 0xDF, 0xE5, 0x5B, 0xB9, 0x4E, 0x36, 0x16,
    0xA3, 0x28, 0xFF, 0x7F, 0xA0, 0x61, 0x76, 0x8D, 0x98, 0x7F, 0xCC, 0xD4, 0x7F, 0x5A, 0x68, 0xA2,
    0xB0, 0x09, 0xA2, 0xAB, 0x64, 0x5C, 0x81, 0x87, 0x00, 0x82, 0x95, 0x6C, 0x79, 0xBC, 0xDD, 0x8B,
    0xBD, 0x66, 0xAA, 0xFD, 0x76, 0x37, 0x6F, 0x6F, 0xF7, 0x48, 0x9A, 0x94, 0xBD, 0xF4, 0xEE, 0x9E,
    0xFC, 0x7F, 0xFA, 0x6C, 0x6F, 0x3E, 0x52, 0x4C, 0x79, 0xCF, 0x75, 0x2C, 0xD3, 0xDB, 0xD3, 0x33,
    0xE5, 0xDE, 0xC4, 0x2D, 0x7B, 0x1B, 0xB7, 0xFC, 0x6D, 0xBB, 0xED, 0xC0, 0xBA, 0xED, 0x97, 0x67,
    0xFB, 0x75, 0x7C, 0xA0, 0x95, 0x6D, 0x27, 0xAF, 0xC8, 0x6F, 0xEF, 0x29, 0xFE, 0xBB, 0xB7, 0xC2,
    0x2E, 0xAD, 0xD0, 0x57, 0xA3, 0xE9, 0xD2, 0x3A, 0x69, 0xEF, 0xDB, 0xBE, 0x9B, 0x63, 0xDF, 0x47,
    0x2B, 0xDF, 0x8B, 0xE7, 0x9A, 0x5F, 0xC0, 0xDD, 0x8D, 0x63, 0xD9, 0x79, 0x19, 0xB2, 0xB5, 0x1C,
    0xF3, 0xB9, 0x18, 0x8B, 0x29, 0x29, 0x9D, 0x5C, 0x39, 0x54, 0xC9, 0x4C, 0x6F, 0x46, 0xBB, 0x17,
    0x9E, 0xF9, 0x6A, 0xA5, 0xFE, 0xF3, 0x1B, 0x9A, 0x08, 0xB6, 0x4D, 0x72, 0x8F, 0x47, 0x97, 0x2E,
    0xD5, 0x4A, 0xB3, 0xF9, 0x7A, 0xAC, 0x3B, 0xEA, 0x01, 0xB3, 0x52, 0x28, 0xE2, 0x7B, 0xCC, 0xE0,
    0x4C, 0xBF, 0x86, 0x4E, 0x6A, 0x7F, 0xFA, 0x4F, 0xF8, 0x00, 0xA6, 0x8D, 0xA2, 0x6A, 0x7D, 0x11,
    0x14, 0x93, 0x3F, 0x9E, 0xC8, 0xF9, 0x96, 0xDA, 0x7D, 0xC6, 0xCE, 0x54, 0x6F, 0xF8, 0x16, 0x6D,
    0x98, 0x01, 0xA4, 0x25, 0xD7, 0x19, 0xC7, 0xCF, 0xCC, 0x74, 0x77, 0xD8, 0xC1, 0x09, 0x44, 0x74,
    0x8B, 0x29, 0xA0, 0x1A, 0x0C, 0x00, 0xC8, 0x9E, 0x49, 0x96, 0x06, 0xE0, 0xA9, 0xBC, 0x96, 0x2E,
    0xB6, 0x28, 0xA2, 0xC5, 0x83, 0x02, 0x52, 0x33, 0xBA, 0x08, 0xC0, 0x42, 0x0A, 0xE0, 0xA1, 0x25,
    0xBD, 0xC1, 0x03, 0x28, 0x8D, 0x9D, 0x79, 0x09, 0x82, 0x85, 0xD9, 0x54, 0x5B, 0x04, 0x19, 0x9A,
    0x88, 0x7D, 0x8B, 0x3D, 0xDD, 0x9D, 0xCD, 0xCE, 0xDB, 0x37, 0x33, 0xFF, 0x7E, 0xFF, 0xEF, 0xCC,
    0xBD, 0xB7, 0x2F, 0x9B, 0x8B, 0xDF, 0xFF, 0xDC, 0x3B, 0x33, 0xE7, 0x7C, 0xE7, 0x3B, 0xDF, 0xF7,
    0x9D, 0x33, 0xD7, 0x84, 0xCF, 0x55, 0x8C, 0x42, 0x07, 0x18, 0x13, 0x01, 0xB3, 0x31, 0x09, 0x30,
    0x19, 0x63, 0xF1, 0xF5, 0xDF, 0x8C, 0xC9, 0x17, 0xC3, 0x8B, 0x93, 0x72, 0x20, 0x2B, 0x7F, 0x7D,
    0xB3, 0x31, 0x4D, 0xCF, 0x07, 0x20, 0x5C, 0x0C, 0xBA, 0x0A, 0xB3, 0xB4, 0xAB, 0xB3, 0x0F, 0x85,
    0x4D, 0x67, 0x4C, 0x33, 0xA0, 0x95, 0x3B, 0x81, 0xB3, 0x63, 0x76, 0x0C, 0x6F, 0xAC, 0xB0, 0x67,
    0xCF, 0x90, 0xCB, 0xAF, 0x61, 0x53, 0x73, 0x18, 0x76, 0x97, 0x2E, 0x64, 0xB6, 0x1C, 0x96, 0x1C,
    0x12, 0xAD, 0xB2, 0x56, 0x96, 0x32, 0x3C, 0xA0, 0x36, 0x5E, 0x29, 0x0F, 0x84, 0xF6, 0x13, 0x2F,
    0xCC, 0x6F, 0xF6, 0x62, 0x69, 0xF3, 0x51, 0xA7, 0x23, 0x74, 0xDA, 0xA9, 0x37, 0xB9, 0x0E, 0x50,
    0x09, 0xDB, 0x08, 0xF0, 0x55, 0x9D, 0xE0, 0x79, 0x3F, 0x9B, 0x0C, 0xF7, 0xDB, 0xD1, 0x58, 0xF0,
    0xD1, 0x62, 0xCE, 0x6F, 0x7A, 0x99, 0x8B, 0x4B, 0x3B, 0xE3, 0xC6, 0x1B, 0xB6, 0x35, 0xD5, 0xF0,
    0xB1, 0xAD, 0x4D, 0xE3, 0xA7, 0x42, 0x6C, 0xFE, 0xEF, 0xE0, 0x8C, 0xC1, 0x13, 0xFF, 0x07, 0xE1,
    0xD3, 0x7E, 0x92, 0x5F, 0x2E, 0xBA, 0x91, 0x63, 0x70, 0x54, 0x87, 0x9B, 0xBE, 0x16, 0x7E, 0x81,
    0x96, 0xA6, 0x09, 0x53, 0x65, 0xB4, 0xE5, 0x62, 0x4C, 0xEC, 0xEF, 0x19, 0x99, 0x56, 0xFF, 0xB1,
    0x30, 0xE3, 0xA3, 0xDF, 0xF9, 0xFC, 0x08, 0xE7, 0x62, 0xB8, 0xDA, 0x99, 0x29, 0x0B, 0x75, 0x47,
    0x83, 0x33, 0xDA, 0x3C, 0x9A, 0xAC, 0x4C, 0xD0, 0xF3, 0x59, 0xD4, 0x42, 0x0B, 0xC1, 0xCE, 0xFF,
    0xD1, 0xC1, 0x75, 0xB1, 0x39, 0xF3, 0x10, 0x9B, 0xED, 0xD3, 0x85, 0xBC, 0x98, 0xC5, 0x72, 0x8B,
    0x49, 0x98, 0xCF, 0x46, 0x58, 0x0C, 0xA4, 0xF3, 0x3B, 0x0E, 0x95, 0x74, 0x57, 0x8D, 0x55, 0x27,
    0x3D, 0xCC, 0xCD, 0x69, 0xCD, 0x01, 0x1F, 0x7F, 0x9F, 0xFD, 0x72, 0x61, 0xE6, 0x38, 0x87, 0x44,
    0xAC, 0xFE, 0x4C, 0x76, 0xEC, 0xF5, 0xD6, 0x8E, 0x36, 0x73, 0xF2, 0x6A, 0x90, 0x9D, 0xC9, 0x3C,
    0x70, 0x22, 0x0B, 0xA5, 0x1B, 0x95, 0x1A, 0x40, 0x95, 0xB2, 0x01, 0xC3, 0x0B, 0xC0, 0x20, 0x7C,
    0xB1, 0x39, 0x16, 0x76, 0x86, 0x6E, 0x68, 0x75, 0x28, 0x52, 0x57, 0xD1, 0x34, 0xCA, 0x60, 0x4E,
    0xA6, 0x73, 0x57, 0x5E, 0x1E, 0x70, 0xBA, 0xE4, 0xD0, 0x82, 0x4F, 0xC4, 0x1A, 0xB3, 0x99, 0x0E,
    0x96, 0xEB, 0x60, 0x0E, 0xB7, 0x3C, 0xE7, 0x6D, 0x5E, 0xA1, 0x27, 0x78, 0x23, 0x94, 0xEA, 0xDC,
    0x5F, 0xE0, 0xEB, 0x43, 0x1D, 0x66, 0x51, 0xCE, 0x62, 0x89, 0x3E, 0x9A, 0xA8, 0xD3, 0x53, 0x94,
    0x6C, 0x02, 0xA3, 0x72, 0xD0, 0xA9, 0xFB, 0xED, 0x32, 0x14, 0xFB, 0x34, 0x88, 0x74, 0x16, 0x56,
    0xFB, 0x29, 0x76, 0x9C, 0x8D, 0xDB, 0x71, 0x6B, 0xEA, 0xB2, 0x6A, 0xB2, 0xFD, 0x21, 0x1D, 0xD6,
    0x86, 0xA5, 0x3D, 0xAF, 0x96, 0x45, 0xE7, 0x70, 0x57, 0xBA, 0x3D, 0xC5, 0x54, 0xD1, 0x4B, 0xD5,
    0x7D, 0x2C, 0xC1, 0x75, 0x5F, 0x62, 0x6B, 0xE7, 0x09, 0xD0, 0x40, 0x1A, 0x53, 0x8A, 0xD1, 0xB2,
    0x31, 0x24, 0xE8, 0x33, 0x88, 0x19, 0x7D, 0x82, 0x36, 0x03, 0x3D, 0x29, 0x33, 0x90, 0x86, 0x7C,
    0x4D, 0x51, 0x8A, 0xD3, 0xF4, 0x2B, 0xFD, 0x96, 0x0A, 0x17, 0xBA, 0x4E, 0xBE, 0x16, 0xB3, 0x29,
    0xB4, 0x51, 0x89, 0x91, 0x23, 0x7F, 0xC7, 0xA4, 0x8D, 0x39, 0x66, 0x63, 0x30, 0x39, 0x47, 0x30,
    0x95, 0x97, 0xDB, 0x2C, 0x06, 0xBA, 0xCF, 0x8D, 0x05, 0xBC, 0x41, 0x2F, 0x8D, 0x8A, 0x8D, 0x4E,
    0x6E, 0x43, 0xA3, 0x0D, 0x13, 0xBF, 0x3C, 0x27, 0xBF, 0x36, 0x8A, 0xD6, 0x5C, 0xFE, 0x70, 0xD4,
    0x6C, 0x30, 0x56, 0x8C, 0xF3, 0x2B, 0x73, 0x94, 0xB9, 0x8C, 0x84, 0xBA, 0x90, 0xDE, 0x51, 0x3B,
    0xE9, 0xFA, 0x71, 0xED, 0x5A, 0xE3, 0x4E, 0x5A, 0x61, 0x75, 0xD2, 0x56, 0xF5, 0x55, 0x34, 0x67,
    0xE8, 0xE9, 0x67, 0x0C, 0x4A, 0x7F, 0x05, 0xB7, 0xFF, 0x85, 0x83, 0x68, 0xB1, 0x0F, 0x16, 0x13,
    0x2F, 0xF6, 0xF3, 0xE0, 0x6D, 0x74, 0xCA, 0xF6, 0x68, 0x39, 0xC1, 0x52, 0x67, 0xA3, 0xFD, 0x66,
    0x94, 0xD1, 0xB2, 0x47, 0x32, 0xA0, 0xCF, 0x2E, 0x3C, 0xC9, 0x22, 0xE1, 0x53, 0xA6, 0x5D, 0x4F,
    0xBA, 0x2E, 0xE5, 0x5C, 0xC4, 0x6D, 0xED, 0x4A, 0xB1, 0xE7, 0xCF, 0x6B, 0x5C, 0xA1, 0x5D, 0x75,
    0xD8, 0xC7, 0xB3, 0xEA, 0x42, 0xAD, 0x7C, 0x0E, 0x6A, 0xD3, 0x67, 0xAA, 0x90, 0xAE, 0x8C, 0xDC,
    0x41, 0xD7, 0xC7, 0xAA, 0x19, 0xD2, 0x91, 0x31, 0x6E, 0x61, 0x07, 0x13, 0xCB, 0x04, 0xE7, 0xE2,
    0xFC, 0x9D, 0x04, 0x3F, 0xC3, 0x04, 0x2E, 0x1D, 0xF0, 0x1C, 0xF0, 0xA9, 0xE8, 0x37, 0xA2, 0x99,
    0xE8, 0x9B, 0xCD, 0xD7, 0x07, 0xA2, 0xE2, 0x71, 0xA6, 0x18, 0x23, 0x54, 0x94, 0x83, 0xA2, 0xD6,
    0xA8, 0x8F, 0x44, 0x8B, 0x91, 0xD1, 0x5E, 0x6A, 0x00, 0x26, 0x30, 0x41, 0xF9, 0xDD, 0x53, 0x1F,
    0x97, 0x95, 0x68, 0x0C, 0x94, 0x0D, 0xE3, 0x4A, 0x54, 0x43, 0xB4, 0x5A, 0xE3, 0x2F, 0x3A, 0xE0,
    0x0A, 0x3C, 0x5C, 0x57, 0x09, 0x7A, 0x6D, 0x4D, 0x98, 0x75, 0xAA, 0x33, 0x55, 0x9D, 0x19, 0x1A,
    0x63, 0xBE, 0x36, 0x06, 0x06, 0xCE, 0x43, 0x4E, 0x3B, 0x43, 0xAC, 0x15, 0x4B, 0x1A, 0xDA, 0x05,
    0x57, 0x46, 0x9D, 0x85, 0x2E, 0x87, 0x3B, 0x3F, 0xAA, 0x0D, 0xDA, 0x66, 0x76, 0x3E, 0x0E, 0x59,
    0xB5, 0x1A, 0x04, 0x5F, 0xA9, 0xA5, 0x40, 0xEB, 0x16, 0x6D, 0x2C, 0x9A, 0xBA, 0x29, 0x1E, 0xCF,
    0x86, 0x51, 0x96, 0x21, 0x93, 0xB5, 0xC4, 0xC4, 0x06, 0xD4, 0x64, 0xBB, 0xA4, 0xD2, 0xB0, 0x8C,
    0x5F, 0xCE, 0x34, 0x85, 0x38, 0x41, 0xA6, 0xCA, 0x46, 0x21, 0x8D, 0xF7, 0x19, 0xE0, 0x6E, 0x8C,
    0xF1, 0xD9, 0xA2, 0x61, 0x1B, 0xE1, 0x33, 0x60, 0xD4, 0xC6, 0xBF, 0x75, 0x1B, 0xF0, 0x06, 0x9F,
    0xEB, 0x06, 0xA2, 0x9B, 0xC7, 0x81, 0xA0, 0x31, 0xD9, 0xC4, 0xA0, 0x04, 0xDD, 0xEA, 0x44, 0xE9,
    0xD6, 0xA6, 0x16, 0x75, 0x93, 0x40, 0x35, 0x52, 0x6D, 0xA6, 0x78, 0xA6, 0x62, 0x64, 0xCA, 0x22,
    0x5A, 0xC6, 0x74, 0x32, 0xD1, 0x12, 0xBF, 0x18, 0xED, 0x20, 0x9A, 0x7C, 0x3B, 0x5A, 0x2F, 0x9A,
    0x3E, 0x1D, 0x8B, 0x5E, 0xD4, 0xFE, 0x67, 0x70, 0x9D, 0x66, 0x3F, 0x68, 0xCB, 0x77, 0x34, 0x9E,
    0xAB, 0x9B, 0xCF, 0xC0, 0x4C, 0x69, 0x92, 0x27, 0x33, 0xAB, 0x80, 0x3C, 0x38, 0x89, 0xCE, 0x53,
    0xFA, 0x7C, 0x14, 0x5D, 0xA6, 0xF4, 0x42, 0xBD, 0x33, 0xA4, 0xF0, 0x54, 0x86, 0x28, 0xB5, 0x4F,
    0xD1, 0x52, 0x3B, 0xD5, 0x90, 0xD6, 0xD4, 0x32, 0x83, 0xA1, 0x9A, 0x6C, 0x59, 0x97, 0xF2, 0x58,
    0x7A, 0x33, 0x39, 0xBD, 0x9A, 0x4E, 0x6A, 0x48, 0x9B, 0x05, 0x03, 0x7A, 0x2B, 0xFA, 0xEC, 0xB0,
    0xF1, 0x56, 0x7C, 0x23, 0x71, 0x3F, 0xE4, 0x83, 0xA9, 0x3A, 0x63, 0xC7, 0xDC, 0x9B, 0xE6, 0x13,
    0xD8, 0xB1, 0xF0, 0x06, 0x9F, 0x8A, 0x3A, 0xD1, 0x3B, 0x8B, 0x68, 0x1F, 0xE1, 0xED, 0x39, 0x1F,
    0xAA, 0x2E, 0x42, 0x3A, 0x15, 0xBE, 0x69, 0x63, 0x64, 0xA2, 0x2C, 0x2E, 0x76, 0x72, 0x1E, 0x75,
    0xA2, 0x77, 0xA1, 0x4C, 0x79, 0xD7, 0x03, 0x94, 0xBC, 0x2A, 0x5D, 0x99, 0x8C, 0x57, 0x3F, 0x85,
    0xE1, 0x55, 0xE9, 0x2A, 0xE8, 0xFB, 0xB3, 0x61, 0x5F, 0xF4, 0x38, 0xFB, 0x62, 0x00, 0x3B, 0xCF,
    0xBD, 0xCE, 0x8B, 0x39, 0x00, 0x98, 0x7F, 0x0F, 0xA8, 0xA5, 0xA9, 0x4E, 0xB5, 0x70, 0xD2, 0x2C,
    0xB0, 0x1A, 0xF2, 0x73, 0xED, 0x43, 0x95, 0xB5, 0xE8, 0x17, 0x2A, 0x9B, 0x66, 0xA9, 0x75, 0x13,
    0x5D, 0x4B, 0xBF, 0xFA, 0x26, 0x88, 0x16, 0xFB, 0x5D, 0x9D, 0xFF, 0x6D, 0xCD, 0x3B, 0x52, 0x0C,
    0x21, 0xB1, 0x17, 0x4A, 0x05, 0x50, 0x84, 0xA8, 0x4D, 0x0C, 0x6F, 0x51, 0x1A, 0x2D, 0x9F, 0x5A,
    0xF8, 0x53, 0x11, 0x69, 0xA6, 0x8B, 0xEE, 0x39, 0x19, 0x65, 0xD6, 0x7D, 0x27, 0x17, 0x99, 0x54,
    0xF2, 0x20, 0x6E, 0xD4, 0x5B, 0x9A, 0x41, 0x04, 0x6F, 0xC1, 0x53, 0x40, 0x49, 0x29, 0x6A, 0x57,
    0x41, 0x1B, 0x9A, 0xD1, 0x75, 0x7A, 0x78, 0x31, 0x2F, 0x7D, 0x7E, 0xBA, 0xD9, 0xFC, 0xD5, 0xA8,
    0x45, 0x0B, 0x6F, 0xD4, 0xB9, 0xEF, 0x3F, 0x47, 0xA8, 0xB5, 0xB3, 0x81, 0xA6, 0x93, 0x15, 0xFB,
    0x8D, 0x30, 0xDF, 0x6E, 0x19, 0x19, 0x51, 0x7D, 0xE9, 0x8C, 0x50, 0xCC, 0x82, 0xA8, 0x9A, 0x0F,
    0xCB, 0xED, 0x1E, 0x2D, 0xAC, 0x95, 0xE5, 0xEA, 0x8D, 0xC0, 0x62, 0xDD, 0x1E, 0x57, 0x0E, 0xDB,
    0x0D, 0x38, 0x5A, 0xD9, 0xAD, 0x7B, 0xE5, 0x2B, 0xC2, 0xF9, 0x56, 0xAF, 0xC3, 0x0A, 0x9D, 0xD2,
    0x2A, 0xE3, 0xB0, 0x3A, 0x9A, 0x52, 0x29, 0x4C, 0x0A, 0x9A, 0x62, 0xE8, 0x48, 0x66, 0xE4, 0x12,
    0xFC, 0xA2, 0x5E, 0xE2, 0x2A, 0x6B, 0xD6, 0xB6, 0x5C, 0xBB, 0x0C, 0xA5, 0x96, 0x94, 0x45, 0x0B,
    0x8A, 0x9B, 0xB4, 0x8A, 0xC2, 0x8B, 0x34, 0x4F, 0x74, 0x5C, 0x3C, 0x45, 0xAD, 0x16, 0x42, 0xD4,
    0x51, 0xCA, 0x20, 0xC6, 0xBC, 0x2E, 0xDC, 0x70, 0x99, 0x9F, 0xA3, 0xA4, 0xDC, 0x41, 0x4B, 0x79,
    0x8B, 0x92, 0x82, 0x66, 0xD3, 0x06, 0xF4, 0x3A, 0x38, 0xBC, 0xAE, 0x5B, 0x33, 0xE8, 0x4A, 0x55,
    0xA3, 0x06, 0x0E, 0xC7, 0xA3, 0xCC, 0xB4, 0xC1, 0x14, 0xA1, 0x08, 0x01, 0x5D, 0x60, 0x4A, 0xB6,
    0x99, 0xD2, 0x92, 0xF5, 0xFE, 0xDC, 0x50, 0x92, 0xDF, 0x74, 0x24, 0x7B, 0x8E, 0xD4, 0xA5, 0xB1,
    0x16, 0xCD, 0x84, 0x03, 0xAB, 0x07, 0x68, 0xF7, 0xDB, 0x7A, 0xB1, 0x2A, 0x57, 0xB7, 0xDB, 0x2F,
    0x79, 0xCF, 0x55, 0x8B, 0x76, 0x77, 0x4E, 0xD2, 0x49, 0xC7, 0x20, 0x73, 0xED, 0x40, 0x77, 0x7B,
    0xF3, 0x46, 0xC5, 0xA1, 0x5E, 0x3E, 0xA8, 0xEC, 0x3F, 0x51, 0x83, 0xAF, 0x42, 0xCB, 0xD1, 0xB8,
    0x5D, 0xCB, 0x6F, 0x4B, 0xF8, 0x1A, 0x3C, 0xF6, 0xE1, 0xAF, 0xB6, 0xC7, 0x65, 0x5A, 0x14, 0x6E,
    0x7C, 0xF5, 0x9D, 0x34, 0xAC, 0xAB, 0x56, 0xC7, 0x3E, 0xB4, 0xBC, 0x0E, 0xA4, 0x6B, 0xB0, 0x0E,
    0x4C, 0xA9, 0x76, 0xE9, 0xB3, 0x6D, 0x75, 0xBB, 0x56, 0x1B, 0x5A, 0x1A, 0x2A, 0x8D, 0x8F, 0xEE,
    0xDD, 0xD5, 0xD0, 0x81, 0x2F, 0xF4, 0xA4, 0x54, 0xF3, 0xDC, 0x8F, 0x45, 0x5A, 0x65, 0x8C, 0x07,
    0x78, 0x04, 0xC6, 0x46, 0xC2, 0x7A, 0x10, 0x0E, 0x21, 0x52, 0x54, 0x4C, 0x53, 0x67, 0x8B, 0x71,
    0xC8, 0x26, 0x69, 0xD9, 0x39, 0xC2, 0x64, 0x27, 0xB9, 0x6A, 0x97, 0x13, 0x0C, 0x76, 0x34, 0x28,
    0x39, 0x8F, 0xCE, 0xCE, 0x29, 0x34, 0x08, 0x42, 0x3D, 0xD3, 0x20, 0xD5, 0xA8, 0x75, 0x78, 0x21,
    0x76, 0x5F, 0xA0, 0x5B, 0x1D, 0xD1, 0xBF, 0x13, 0x1A, 0xAC, 0x67, 0xDB, 0x56, 0xBB, 0x6D, 0x35,
    0xBB, 0x16, 0xF6, 0xAD, 0x7A, 0xEB, 0x4D, 0x94, 0x6B, 0x2B, 0x86, 0x79, 0xA9, 0xB5, 0xF5, 0xF8,
    0x40, 0xC9, 0xB0, 0xAC, 0xBE, 0x2E, 0x35, 0x49, 0xB5, 0x37, 0x0C, 0x14, 0x71, 0x65, 0xD5, 0x6A,
    0xFE, 0xAC, 0xD2, 0x04, 0x41, 0x4D, 0x39, 0xD5, 0x28, 0xE1, 0xFC, 0x79, 0xE7, 0xFD, 0x59, 0xE5,
    0xF1, 0x68, 0xD6, 0x30, 0x52, 0x09, 0x15, 0x4B, 0x7B, 0x2E, 0x9D, 0x2E, 0x60, 0xAB, 0x11, 0x92,
    0x74, 0xFA, 0x2D, 0xEB, 0x75, 0xF0, 0xFC, 0x09, 0x60, 0x38, 0x73, 0x15, 0x68, 0x0A, 0xC4, 0x8B,
    0xF4, 0x5C, 0x9B, 0x74, 0x40, 0x22, 0x62, 0xFB, 0x99, 0x39, 0x56, 0xB4, 0xBF, 0x0F, 0xC9, 0xFC,
    0xE3, 0x20, 0x26, 0xD9, 0x4A, 0x4D, 0x49, 0x75, 0xA0, 0xE8, 0x36, 0xC2, 0x6F, 0xAB, 0x4C, 0x41,
    0x06, 0x95, 0x85, 0x77, 0x58, 0x9C, 0x87, 0x98, 0xEA, 0x35, 0x19, 0xA7, 0xED, 0xA1, 0xC7, 0x2D,
    0x0D, 0xC2, 0x09, 0xA0, 0xBC, 0x8A, 0x17, 0x27, 0xF8, 0x2A, 0xC3, 0xFE, 0x48, 0x66, 0x98, 0x49,
    0x0C, 0x8D, 0x75, 0xF1, 0xD0, 0x39, 0xE5, 0xEB, 0x38, 0x6B, 0x96, 0x5A, 0x2E, 0x61, 0x34, 0x29,
    0x1A, 0xF8, 0x7D, 0x7D, 0x5A, 0x0C, 0x39, 0x90, 0x0F, 0xF7, 0xEF, 0x10, 0x63, 0x88, 0xD3, 0x3D,
    0x2B, 0xBF, 0x67, 0xB3, 0xCD, 0x8A, 0x6B, 0x35, 0x99, 0xB7, 0x82, 0xAB, 0x5A, 0x8E, 0xB4, 0x7C,
    0xA6, 0x00, 0xC2, 0xF6, 0x37, 0xF2, 0x87, 0x66, 0x88, 0xB0, 0xDC, 0x8B, 0xBC, 0xCC, 0x4E, 0x5F,
    0x0F, 0x5A, 0xA1, 0x45, 0xC9, 0x42, 0xB0, 0x44, 0x42, 0x37, 0xC5, 0x23, 0x99, 0xB0, 0xBA, 0x8E,
    0x09, 0x30, 0x34, 0x43, 0x0A, 0xF8, 0xC6, 0x93, 0xF0, 0x99, 0xD2, 0x9E, 0xA1, 0x17, 0x9E, 0xA2,
    0x83, 0xCF, 0x4F, 0xD1, 0x36, 0x43, 0xF1, 0x47, 0xB4, 0xD5, 0xE4, 0xEE, 0xA0, 0x76, 0x8B, 0xBB,
    0x89, 0xB2, 0x00, 0x4E, 0x50, 0xAA, 0x1F, 0x4C, 0xAA, 0x8C, 0x04, 0x8B, 0xFA, 0xF0, 0x58, 0x3C,
    0x3E, 0xAB, 0xDF, 0x75, 0x7A, 0xF1, 0x40, 0xD2, 0x98, 0x30, 0x01, 0xB4, 0x14, 0x17, 0xA4, 0x0A,
    0x02, 0x95, 0x28, 0x48, 0x82, 0x26, 0x94, 0x98, 0x8A, 0x62, 0x67, 0x95, 0x7C, 0xAA, 0x7A, 0x9D,
    0x32, 0xDD, 0x47, 0xC2, 0xAF, 0xC2, 0x15, 0x08, 0x67, 0xC1, 0x9A, 0x72, 0x0B, 0x87, 0xD5, 0xB3,
    0x32, 0xD1, 0x6B, 0xED, 0x2A, 0x51, 0x33, 0x1F, 0x56, 0xE7, 0x25, 0x3D, 0x4A, 0x67, 0xA3, 0xA7,
    0x44, 0xE8, 0x28, 0x0C, 0x98, 0x7C, 0x62, 0xA4, 0x50, 0x2C, 0x0C, 0x25, 0x9F, 0x55, 0x18, 0x99,
    0x76, 0xBA, 0xBC, 0x3F, 0xF1, 0xEC, 0xA8, 0x54, 0xCF, 0x02, 0x7C, 0x8B, 0x3F, 0x61, 0x5C, 0x96,
    0x21, 0xF4, 0xE2, 0x3D, 0x69, 0xD2, 0xB5, 0xCD, 0xE6, 0x04, 0xC7, 0xB9, 0x5A, 0x5A, 0x90, 0xFD,
    0x95, 0x5B, 0xC0, 0xB3, 0xD2, 0x14, 0x60, 0x6F, 0xDA, 0x59, 0xA5, 0x46, 0x36, 0x64, 0xDD, 0x60,
    0xB3, 0xD9, 0x94, 0xBB, 0xF7, 0xBE, 0x3D, 0x67, 0x13, 0xDD, 0x35, 0x16, 0x1F, 0x1C, 0x75, 0x42,
    0xFD, 0x03, 0x40, 0x19, 0x91, 0x97, 0xDE, 0x64, 0x19, 0x1F, 0x35, 0x69, 0x5B, 0x7D, 0xFB, 0x5E,
    0x84, 0xEA, 0xA7, 0x4C, 0x59, 0xD0, 0x06, 0xD3, 0xA8, 0x5B, 0x30, 0x55, 0x69, 0x9D, 0xA0, 0xBF,
    0xA7, 0xAB, 0xA3, 0x13, 0x32, 0xDC, 0xC5, 0xD6, 0x50, 0x51, 0x8E, 0x31, 0x2D, 0x1C, 0x92, 0x41,
    0xA9, 0x6F, 0xD9, 0xA9, 0x32, 0xEB, 0xF7, 0xB4, 0x9D, 0xB2, 0x15, 0x0E, 0xB9, 0xB0, 0x9A, 0x8A,
    0x9A, 0xD9, 0xE3, 0xCA, 0x03, 0xC3, 0x50, 0xD9, 0xDA, 0x9C, 0x5E, 0xB6, 0x59, 0x73, 0x6F, 0x36,
    0xFB, 0x50, 0x51, 0x26, 0xA3, 0x71, 0x3C, 0x08, 0x48, 0x40, 0x8B, 0xD8, 0xC1, 0x30, 0x89, 0x0B,
    0xAF, 0xD5, 0xAA, 0x7A, 0xF6, 0x3B, 0x1C, 0x96, 0x59, 0x58, 0x56, 0xA7, 0x52, 0x07, 0x29, 0x35,
    0xED, 0x36, 0xF4, 0x7C, 0x31, 0x85, 0x68, 0x18, 0x29, 0x25, 0x53, 0x2A, 0x85, 0x66, 0x53, 0x06,
    0xD3, 0x04, 0x81, 0x0F, 0xDB, 0x66, 0xAF, 0xDB, 0x26, 0x3A, 0xBA, 0x39, 0x0A, 0x7B, 0x76, 0x4C,
    0x71, 0x63, 0xB2, 0x95, 0x8E, 0xAF, 0x1E, 0x09, 0x74, 0x57, 0x58, 0xDF, 0x03, 0x0C, 0x85, 0x1B,
    0x06, 0xEA, 0xF5, 0x25, 0xE3, 0xF2, 0xBE, 0x15, 0x4A, 0x0A, 0xC6, 0xFD, 0x4B, 0x14, 0xD6, 0x73,
    0xC7, 0x72, 0xE2, 0xC3, 0x16, 0x7A, 0x77, 0xAD, 0x51, 0x2F, 0x4B, 0x1B, 0x64, 0xDD, 0x77, 0x66,
    0x8A, 0x41, 0xB8, 0xE8, 0xC2, 0xAF, 0x19, 0x82, 0xB7, 0x76, 0xEF, 0x2E, 0x2A, 0x16, 0x52, 0x22,
    0xDE, 0xBD, 0x76, 0x13, 0xC6, 0x3D, 0x59, 0xDC, 0x3F, 0x60, 0xFE, 0x0E, 0xE0, 0x29, 0xCC, 0xB3,
    0xD9, 0x7D, 0x26, 0x72, 0x6F, 0x72, 0x6F, 0x5F, 0xF0, 0x68, 0xE0, 0xD2, 0x50, 0x30, 0x6E, 0xAF,
    0x21, 0xC1, 0xD8, 0xBD, 0x50, 0x63, 0xB3, 0x6E, 0x3E, 0x92, 0xD1, 0x6D, 0xA7, 0xAB, 0x67, 0x4F,
    0xC7, 0x42, 0xEB, 0xB9, 0x26, 0x92, 0x32, 0x55, 0x86, 0x87, 0x2C, 0x79, 0xE9, 0x88, 0x77, 0x7D,
    0xC3, 0xD3, 0x1D, 0xE3, 0x6B, 0xB9, 0xF4, 0x87, 0x40, 0xA5, 0x0C, 0x47, 0x86, 0xCB, 0xFF, 0x71,
    0x04, 0x2E, 0x21, 0xBE, 0xC9, 0x62, 0xDA, 0xD3, 0x05, 0x8E, 0x64, 0x35, 0x7C, 0xFF, 0x61, 0x41,
    0x19, 0x71, 0x2C, 0x9A, 0x39, 0x25, 0x2B, 0x74, 0x53, 0xD2, 0x53, 0xD6, 0x60, 0xAE, 0x1C, 0x36,
    0xE7, 0x07, 0x7A, 0x50, 0x25, 0x7A, 0x7E, 0x2D, 0x43, 0x27, 0xFA, 0x52, 0xCC, 0x9B, 0x1D, 0x60,
    0x04, 0x8C, 0xF0, 0x73, 0x1D, 0x72, 0x6B, 0x83, 0x9A, 0x96, 0x21, 0xAC, 0x0E, 0x11, 0xB6, 0xC0,
    0x60, 0x84, 0x5A, 0xA5, 0x66, 0xEA, 0x59, 0x74, 0xF7, 0xCF, 0xDE, 0xA5, 0xFF, 0xF7, 0xCC, 0xAF,
    0x19, 0x60, 0x47, 0xBD, 0x30, 0xC4, 0xBC, 0xBA, 0x1B, 0xD0, 0x1F, 0x46, 0x43, 0x0E, 0x92, 0xAD,
    0x3F, 0xAC, 0xBE, 0x45, 0xA9, 0x85, 0x40, 0xA7, 0x73, 0x4E, 0x73, 0x96, 0x5D, 0x95, 0xAC, 0xD0,
    0x46, 0x87, 0xE6, 0xE7, 0x5C, 0x05, 0x1A, 0x92, 0x92, 0xE1, 0xBF, 0x8E, 0x50, 0xB9, 0x4C, 0x35,
    0xC9, 0x50, 0x9C, 0xB1, 0x5D, 0x8E, 0x10, 0x72, 0xAD, 0xD6, 0xA3, 0x84, 0x0E, 0x38, 0x6C, 0x53,
    0x4D, 0x3A, 0xD9, 0x7D, 0xE2, 0x35, 0x48, 0x3B, 0x5A, 0xFF, 0x85, 0xE7, 0x58, 0x09, 0x59, 0xFD,
    0x3F, 0x1F, 0xBD, 0xD8, 0xFC, 0xC5, 0x54, 0xFB, 0x5C, 0xF3, 0x39, 0x39, 0xA6, 0xE4, 0x64, 0xF2,
    0x7F, 0x1E, 0xFE, 0x52, 0x58, 0x33, 0x85, 0x8B, 0xB7, 0xDE, 0x34, 0x1F, 0x1B, 0x67, 0xEF, 0xD7,
    0x42, 0xB1, 0x57, 0xDF, 0xC4, 0x2E, 0x06, 0x53, 0x7D, 0xFB, 0x82, 0x79, 0xD2, 0xF6, 0x4D, 0x1D,
    0xAD, 0x2B, 0x5F, 0xEE, 0xE6, 0x95, 0xBB, 0xE5, 0xA4, 0x36, 0x3F, 0x28, 0x80, 0x52, 0xFD, 0xA3,
    0xDE, 0x23, 0x4D, 0xB3, 0x90, 0x51, 0x49, 0x32, 0xF7, 0x83, 0xBA, 0x55, 0x2B, 0xD5, 0xFD, 0xD6,
    0x88, 0x6E, 0xD5, 0xF6, 0x92, 0x46, 0x41, 0xAF, 0x62, 0x77, 0x90, 0x81, 0x96, 0x82, 0xDD, 0x46,
    0xB5, 0x9E, 0xB6, 0x3F, 0xC2, 0x11, 0x8F, 0x77, 0x63, 0xB6, 0x24, 0xA2, 0xE8, 0x79, 0x4C, 0xEB,
    0x62, 0xB4, 0x76, 0xD2, 0x1D, 0xBE, 0xCE, 0x83, 0x96, 0xC5, 0x28, 0x9A, 0x82, 0x7B, 0x34, 0xDA,
    0x4C, 0xD4, 0xCB, 0x08, 0x76, 0x11, 0xE5, 0xCD, 0x21, 0x02, 0x6A, 0x3B, 0xA9, 0x96, 0x39, 0x95,
    0x07, 0x83, 0x55, 0xDD, 0xA8, 0xF1, 0xC0, 0x87, 0xD7, 0xB8, 0x02, 0xBE, 0x52, 0xA2, 0x5E, 0xFF,
    0x1D, 0x8D, 0xD5, 0x40, 0x8D, 0x61, 0xF6, 0x50, 0x4D, 0xFA, 0xFC, 0x4C, 0xE6, 0x33, 0x9F, 0xCD,
    0x27, 0x3E, 0x59, 0x08, 0x67, 0x86, 0x1D, 0x2B, 0xD6, 0x10, 0x37, 0xCB, 0x09, 0xFC, 0x3E, 0x31,
    0xC3, 0xA6, 0x3C, 0x1A, 0x72, 0x7F, 0xA0, 0xEF, 0x77, 0x6E, 0x72, 0x80, 0xDF, 0xB2, 0x52, 0xBE,
    0x86, 0x0F, 0x0E, 0xD4, 0xE4, 0x5D, 0xF0, 0x66, 0x4A, 0x7A, 0xF0, 0xF8, 0x27, 0x94, 0xD8, 0xBF,
    0x67, 0xC2, 0x5F, 0xBC, 0x2A, 0x9D, 0x4A, 0xB6, 0x8C, 0x66, 0xF7, 0x2E, 0x9A, 0x07, 0x69, 0x54,
    0x12, 0xA8, 0x64, 0x40, 0xF2, 0x88, 0x61, 0xF8, 0x38, 0xE9, 0xB8, 0x17, 0xDC, 0x48, 0x75, 0x63,
    0xB8, 0x91, 0x89, 0x60, 0x78, 0xC3, 0xD6, 0x22, 0xFE, 0x3D, 0x5B, 0x32, 0xA3, 0x7E, 0x73, 0x6D,
    0x7D, 0x11, 0xA3, 0xB4, 0x2F, 0x8B, 0xDA, 0xBE, 0x4E, 0x64, 0x1F, 0x00, 0x6E, 0x52, 0xB1, 0x50,
    0x49, 0xF4, 0xE2, 0xF5, 0x8F, 0x80, 0xB3, 0x9A, 0x61, 0x1F, 0x32, 0x7B, 0x2F, 0x75, 0x88, 0xE4,
    0x92, 0x56, 0xD7, 0xC7, 0xC2, 0xF4, 0xD4, 0x0B, 0xB3, 0x4F, 0x48, 0x7B, 0xA7, 0xE7, 0xEC, 0x2F,
    0xF4, 0xA5, 0x2A, 0x1C, 0xD0, 0xF6, 0x1B, 0x7C, 0x1E, 0xF2, 0x69, 0xCC, 0x84, 0xC5, 0x98, 0x08,
    0xDD, 0xA0, 0xF4, 0xF4, 0x1A, 0x4F, 0x87, 0x8C, 0xC5, 0xA3, 0x59, 0x57, 0x73, 0x54, 0xD6, 0xCA,
    0x72, 0xDD, 0xEA, 0x62, 0xFC, 0x09, 0x5E, 0xD7, 0x74, 0x14, 0xD2, 0xEE, 0xC0, 0x94, 0xE4, 0xCA,
    0xCA, 0xEF, 0x8C, 0xBA, 0xC1, 0x58, 0xC8, 0x6A, 0xEA, 0x80, 0x9D, 0xCE, 0xA1, 0xDC, 0x1F, 0x47,
    0x59, 0x3D, 0xC7, 0x1B, 0x66, 0xC7, 0xE1, 0x0D, 0x5D, 0xA1, 0x77, 0x85, 0xFF, 0x03, 0x63, 0x0D,
    0x0D, 0xD1, 0xFF, 0xFF, 0xC7, 0x1E, 0x84, 0x7E, 0xD8, 0xFF, 0xFF, 0x22, 0x1A, 0x1A, 0x00, 0x00,
    0xED, 0x55, 0x21, 0x74, 0xD4, 0x40, 0x10, 0x9D, 0x34, 0x8F, 0xF6, 0x3D, 0x4E, 0xC4, 0xA0, 0x6A,
    0x82, 0xAE, 0x89, 0x57, 0x17, 0xAF, 0x2A, 0x5A, 0xBC, 0xC6, 0xFB, 0x1C, 0xDE, 0x60, 0xF0, 0x08,
    0x04, 0xAD, 0xA9, 0xC1, 0x6F, 0xBC, 0x8A, 0xC1, 0xAF, 0x00, 0x03, 0x26, 0x62, 0xC5, 0xF5, 0x35,
    0x77, 0x9F, 0xF9, 0x3B, 0x9B, 0x4D, 0x78, 0x85, 0x62, 0x2A, 0x89, 0x60, 0xFE, 0x63, 0x7E, 0xBA,
    0x7F, 0xFE, 0xEC, 0xCF, 0x89, 0x3E, 0x6F, 0xDF, 0xCB, 0xF9, 0x27, 0xAD, 0x1B, 0x4C, 0x25, 0x8E,
    0x0A, 0xB6, 0xD8, 0x57, 0x38, 0x28, 0x70, 0x08, 0x5B, 0x4C, 0x0A, 0x80, 0xB1, 0xC3, 0x5E, 0xA4,
    0x80, 0x17, 0x17, 0x44, 0xE4, 0x04, 0xBD, 0x28, 0x16, 0x29, 0xB1, 0x13, 0x0C, 0x0A, 0xCE, 0xF0,
    0xE1, 0x0D, 0xBE, 0xB7, 0x22, 0x1D, 0xF8, 0xF4, 0x4A, 0xE1, 0xA3, 0xED, 0x72, 0x06, 0x27, 0x77,
    0xB8, 0xBD, 0xC3, 0x0F, 0x25, 0x57, 0x07, 0xE5, 0xF3, 0xEC, 0x7A, 0x92, 0x4D, 0x04, 0xCD, 0x24,
    0xD5, 0x91, 0x60, 0xBB, 0x67, 0x97, 0x20, 0xB0, 0xBB, 0x06, 0xDD, 0x48, 0x1A, 0x75, 0x8D, 0xA4,
    0x51, 0x97, 0x67, 0x97, 0x60, 0x60, 0x97, 0x02, 0x7B, 0x76, 0xB3, 0xC0, 0xC7, 0x4A, 0x09, 0x5A,
    0xD2, 0x28, 0x39, 0x76, 0x39, 0x39, 0xBB, 0xD4, 0x75, 0x64, 0x77, 0x2D, 0x90, 0xBA, 0x08, 0x2E,
    0x30, 0xBD, 0x74, 0x66, 0x4E, 0xA8, 0x31, 0x45, 0xE0, 0x6B, 0x84, 0x08, 0x76, 0x35, 0x3C, 0xB9,
    0xF7, 0xB2, 0x21, 0x85, 0x4F, 0x71, 0xDB, 0x9E, 0xB6, 0xFC, 0x3F, 0x75, 0x8E, 0x3D, 0x07, 0x8F,
    0x91, 0xFA, 0x30, 0xB0, 0x96, 0x78, 0xE8, 0xE1, 0x29, 0x61, 0x27, 0xDD, 0x2E, 0x2A, 0x88, 0x4F,
    0x95, 0x6A, 0x8D, 0xAB, 0xE2, 0xBA, 0x25, 0xFD, 0x40, 0x41, 0x1B, 0x60, 0xA2, 0x9E, 0x4A, 0x2B,
    0xA9, 0x2A, 0xE5, 0x73, 0x05, 0xF3, 0x86, 0xB6, 0x71, 0xF8, 0x3A, 0x6E, 0x2C, 0x59, 0x84, 0xB9,
    0x7A, 0x73, 0x0A, 0x03, 0x6B, 0xB4, 0xA7, 0x0B, 0xD1, 0x14, 0x52, 0xCD, 0x93, 0x54, 0x4D, 0x4E,
    0xAB, 0x54, 0x56, 0x52, 0x29, 0x8B, 0xD4, 0xE4, 0x0B, 0xEB, 0x21, 0x52, 0x79, 0x16, 0x65, 0xD9,
    0x19, 0x94, 0x31, 0xD7, 0xBD, 0x55, 0x17, 0x62, 0xF9, 0x89, 0x31, 0x56, 0xC0, 0xA7, 0xDA, 0xA7,
    0x9A, 0x68, 0xDF, 0xAC, 0x9A, 0x5F, 0x17, 0x1F, 0xCD, 0x2F, 0x0A, 0xA3, 0x5F, 0x6E, 0xF6, 0xCB,
    0x9B, 0x5F, 0x26, 0x6C, 0xF7, 0xBB, 0x30, 0x44, 0x61, 0xF4, 0x8B, 0xC2, 0x9E, 0xF4, 0xEB, 0xF8,
    0x67, 0xBF, 0xEA, 0xBF, 0xF9, 0x15, 0x9E, 0xD5, 0xAF, 0xB3, 0xE7, 0xF5, 0xCB, 0x52, 0x5B, 0x5C,
    0xE6, 0xDC, 0x56, 0x53, 0x4E, 0x6E, 0xB3, 0x64, 0xB7, 0x59, 0xD2, 0x4B, 0x98, 0xF2, 0xBB, 0xF1,
    0x4B, 0x2E, 0xD6, 0xC9, 0xC8, 0x29, 0xBE, 0xBE, 0xCC, 0x39, 0x86, 0xCF, 0x49, 0x56, 0x4E, 0x99,
    0xE1, 0x9C, 0xE6, 0xC2, 0xE6, 0xCC, 0x61, 0xAA, 0xA7, 0x1C, 0xA7, 0x66, 0x4A, 0x81, 0xE2, 0xA0,
    0xC6, 0xC9, 0x71, 0xDE, 0xAC, 0xA1, 0x2D, 0xC4, 0xE8, 0xDC, 0x89, 0xD1, 0x73, 0xBE, 0x6D, 0x43,
    0x43, 0xE2, 0xD0, 0x69, 0xE3, 0xE4, 0x21, 0xD6, 0x30, 0xD8, 0x3C, 0x46, 0xE7, 0xE1, 0x89, 0x9E,
    0x04, 0x92, 0x93, 0x05, 0xAE, 0x13, 0x9F, 0x33, 0xBF, 0x4E, 0xFD, 0x92, 0xFB, 0x75, 0xF2, 0x97,
    0xEC, 0xAF, 0xD3, 0xBF, 0xCE, 0xFF, 0xB2, 0xA1, 0xD3, 0x9B, 0x65, 0x43, 0x87, 0xBC, 0x21, 0x4E,
    0xF4, 0x78, 0x43, 0xDB, 0xFC, 0x85, 0x7D, 0x62, 0xA2, 0xB4, 0x21, 0x37, 0x3E, 0xBD, 0xA1, 0x77,
    0xFF, 0x37, 0xF4, 0xEF, 0x0D, 0x9D, 0xDF, 0xB4, 0xE9, 0xD6, 0xE3, 0x60, 0x7D, 0xC0, 0x82, 0xE0,
    0x14, 0xD8, 0xEF, 0x09, 0x5C, 0x04, 0x25, 0x3C, 0x57, 0x43, 0xD0, 0xA7, 0x1F, 0x3C, 0x13, 0x9E,
    0x42, 0xFF, 0xF5, 0x32, 0x2A, 0xAD, 0xF9, 0x1A, 0x01, 0x00, 0x4F, 0xC1, 0x06, 0x68, 0x90, 0x2E,
    0xC3, 0x1C, 0xA7, 0x9B, 0xE6, 0xF7, 0x31, 0x82, 0x40, 0xDA, 0xEA, 0x9B, 0x94, 0x3F, 0x4A, 0xF9,
    0x6B, 0x3E, 0x3B, 0x98, 0xBF, 0x4B, 0x74, 0x98, 0xFC, 0xFC, 0x65, 0x32, 0x4B, 0x33, 0x40, 0x78,
    0x45, 0xD0, 0xF2, 0x8E, 0x45, 0x5F, 0x0D, 0xF0, 0xE4, 0x2D, 0x01, 0x4F, 0xAE, 0xA2, 0x52, 0x1E,
    0x78, 0x25, 0x51, 0x60, 0x36, 0xD6, 0x9E, 0x6E, 0x9F, 0xAE, 0x31, 0x82, 0x01, 0x1A, 0x91, 0xC0,
    0x30, 0x83, 0x36, 0x73, 0xD7, 0xAE, 0xCA, 0xEC, 0xEA, 0x7D, 0x5A, 0x00, 0x6C, 0x97, 0x30, 0x33,
    0xCC, 0xD5, 0x64, 0x66, 0x81, 0x21, 0x02, 0x8E, 0x44, 0x70, 0xB4, 0x4B, 0x7A, 0xE2, 0x20, 0x25,
    0x5D, 0x6D, 0x80, 0xB6, 0xE1, 0x6B, 0xFC, 0x23, 0x5C, 0x0F, 0xEF, 0x7A, 0xC1, 0x7B, 0xAF, 0x6D,
    0x57, 0xD0, 0x55, 0xDD, 0xC4, 0x8B, 0x38, 0x92, 0x02, 0x8E, 0x44, 0xD0, 0xDB, 0x48, 0x25, 0xF6,
    0x36, 0x92, 0xBE, 0xD5, 0x9A, 0x87, 0x6E, 0x36, 0xB3, 0x46, 0xA0, 0x99, 0xEC, 0x4D, 0x66, 0xA6,
    0x74, 0x13, 0x3D, 0x34, 0x17, 0x94, 0x46, 0x92, 0x81, 0x2F, 0xB2, 0x55, 0x30, 0xBE, 0x16, 0xF7,
    0x80, 0x20, 0x5C, 0xB2, 0xE3, 0x3F, 0x06, 0xB8, 0x0B, 0x05, 0x0D, 0x2F, 0x51, 0x4D, 0xF6, 0xB5,
    0x98, 0xAB, 0xBF, 0x00, 0x62, 0x40, 0x06, 0x80, 0x1A, 0xE6, 0xD8, 0x06, 0x61, 0x18, 0x88, 0xC2,
    0xF0, 0x4B, 0x52, 0xA4, 0xA0, 0x60, 0x04, 0xB3, 0x41, 0x46, 0x40, 0xCC, 0xC1, 0x22, 0x74, 0x64,
    0x1C, 0x24, 0x56, 0x40, 0xC0, 0x26, 0xB8, 0xA7, 0xA1, 0x74, 0x91, 0xF8, 0xF1, 0xEE, 0xCE, 0x91,
    0x6C, 0xFB, 0xB7, 0xF4, 0xF9, 0x2E, 0xED, 0xEE, 0x6A, 0x8B, 0x91, 0x73, 0x44, 0x62, 0x8E, 0xB8,
    0xB2, 0x04, 0x21, 0x6B, 0x23, 0xDF, 0x40, 0x29, 0x63, 0xCA, 0x4E, 0x80, 0xA1, 0x38, 0x89, 0x49,
    0x22, 0xA7, 0x1B, 0x0C, 0x25, 0x7E, 0x2A, 0x98, 0x45, 0x48, 0x82, 0x45, 0xC4, 0xC6, 0x68, 0x8D,
    0x8A, 0x45, 0xAF, 0x39, 0x29, 0xF2, 0xA0, 0x7D, 0x54, 0xCC, 0x7B, 0xB2, 0x4C, 0x0A, 0xFB, 0xF0,
    0xDB, 0x91, 0xAB, 0x08, 0xDF, 0xBD, 0xAC, 0x08, 0x81, 0x97, 0xC7, 0x02, 0x4C, 0xAC, 0x77, 0x11,
    0x40, 0xC8, 0x08, 0x20, 0xE4, 0x44, 0x68, 0x1D, 0x8C, 0x08, 0x95, 0xCE, 0x88, 0x90, 0x42, 0x44,
    0x68, 0xE9, 0x9D, 0x00, 0xCF, 0xB3, 0x88, 0xA3, 0x20, 0x42, 0x41, 0x80, 0x8D, 0x00, 0x8F, 0x2D,
    0x0E, 0x76, 0xFC, 0x01,
};

static const EpdGlyph notosans_18_bolditalicGlyphs[] = {
    { 0, 0, 0, 0, 0, 0, 0 }, // U+0000
    { 0, 0, 156, 0, 0, 0, 0 }, // U+000D
    { 0, 0, 156, 0, 0, 0, 0 }, // U+0020
    { 12, 28, 172, 0, 27, 84, 0 }, // !
    { 15, 10, 272, 3, 27, 38, 84 }, // "
    { 25, 27, 388, 0, 27, 169, 122 }, // #
    { 21, 32, 331, 0, 29, 168, 291 }, // $
    { 29, 29, 514, 2, 28, 211, 459 }, // %
    { 26, 29, 425, 1, 28, 189, 670 }, // &
    { 8, 10, 153, 3, 27, 20, 859 }, // '
    { 15, 33, 203, 1, 27, 124, 879 }, // (
    { 15, 34, 205, -3, 28, 128, 1003 }, // )
    { 19, 19, 328, 3, 29, 91, 1131 }, // *
    { 20, 19, 343, 1, 23, 95, 1222 }, // +
    { 10, 10, 172, -2, 5, 25, 1317 }, // ,
    { 12, 6, 194, 0, 13, 18, 1342 }, // -
    { 7, 7, 172, 0, 6, 13, 1360 }, // .
    { 21, 28, 254, -2, 27, 147, 1373 }, // /
    { 20, 29, 356, 1, 28, 145, 1520 }, // 0
    { 16, 27, 284, 1, 27, 108, 1665 }, // 1
    { 22, 28, 331, -1, 28, 154, 1773 }, // 2
    { 20, 29, 331, 0, 28, 145, 1927 }, // 3
    { 22, 27, 331, -1, 27, 149, 2072 }, // 4
    { 21, 28, 331, 0, 27, 147, 2221 }, // 5
    { 20, 29, 341, 1, 28, 145, 2368 }, // 6
    { 22, 27, 305, 0, 27, 149, 2513 }, // 7
    { 21, 29, 334, 0, 28, 153, 2662 }, // 8
    { 19, 29, 334, 2, 28, 138, 2815 }, // 9
    { 11, 22, 172, 0, 21, 61, 2953 }, // :
    { 14, 26, 172, -3, 21, 91, 3014 }, // ;
    { 20, 21, 343, 1, 24, 105, 3105 }, // <
    { 20, 12, 343, 1, 19, 60, 3210 }, // =
    { 20, 21, 343, 1, 24, 105, 3270 }, // >
    { 17, 29, 275, 2, 28, 124, 3375 }, // ?
    { 31, 31, 514, 1, 27, 241, 3499 }, // @
    { 25, 27, 377, -3, 27, 169, 3740 }, // A
    { 23, 27, 372, 0, 27, 156, 3909 }, // B
    { 23, 29, 368, 2, 28, 167, 4065 }, // C
    { 25, 27, 406, 0, 27, 169, 4232 }, // D
    { 22, 27, 326, 0, 27, 149, 4401 }, // E
    { 22, 27, 320, 0, 27, 149, 4550 }, // F
    { 24, 29, 414, 2, 28, 174, 4699 }, // G
    { 27, 27, 421, 0, 27, 183, 4873 }, // H
    { 19, 27, 230, -2, 27, 129, 5056 }, // I
    { 19, 35, 200, -6, 27, 167, 5185 }, // J
    { 27, 27, 368, 0, 27, 183, 5352 }, // K
    { 17, 27, 311, 0, 27, 115, 5535 }, // L
    { 34, 27, 528, 0, 27, 230, 5650 }, // M
    { 29, 27, 455, 0, 27, 196, 5880 }, // N
    { 25, 29, 439, 2, 28, 182, 6076 }, // O
    { 24, 27, 366, 0, 27, 162, 6258 }, // P
    { 25, 35, 439, 2, 28, 219, 6420 }, // Q
    { 23, 27, 372, 0, 27, 156, 6639 }, // R
    { 21, 29, 318, 0, 28, 153, 6795 }, // S
    { 20, 27, 319, 3, 27, 135, 6948 }, // T
    { 25, 28, 415, 2, 27, 175, 7083 }, // U
    { 23, 27, 354, 3, 27, 156, 7258 }, // V
    { 35, 27, 536, 3, 27, 237, 7414 }, // W
    { 29, 27, 366, -3, 27, 196, 7651 }, // X
    { 22, 27, 338, 3, 27, 149, 7847 }, // Y
    { 24, 27, 322, -2, 27, 162, 7996 }, // Z
    { 16, 33, 199, -1, 27, 132, 8158 }, // [
    { 9, 28, 254, 4, 27, 63, 8290 }, // <backslash>
    { 17, 33, 199, -3, 27, 141, 8353 }, // ]
    { 20, 18, 331, 0, 27, 90, 8494 }, // ^
    { 17, 3, 240, -4, -3, 13, 8584 }, // _
    { 9, 7, 194, 5, 29, 16, 8597 }, // `
    { 21, 22, 355, 1, 21, 116, 8613 }, // a
    { 21, 30, 357, 0, 29, 158, 8729 }, // b
    { 18, 22, 290, 1, 21, 99, 8887 }, // c
    { 23, 30, 356, 1, 29, 173, 8986 }, // d
    { 19, 22, 334, 1, 21, 105, 9159 }, // e
    { 23, 38, 224, -4, 29, 219, 9264 }, // f
    { 22, 30, 358, 0, 21, 165, 9483 }, // g
    { 21, 29, 362, 0, 29, 153, 9648 }, // h
    { 13, 29, 179, 0, 29, 95, 9801 }, // i
    { 18, 38, 179, -5, 29, 171, 9896 }, // j
    { 24, 29, 341, 0, 29, 174, 10067 }, // k
    { 13, 29, 179, 0, 29, 95, 10241 }, // l
    { 33, 21, 543, 0, 21, 174, 10336 }, // m
    { 21, 21, 362, 0, 21, 111, 10510 }, // n
    { 20, 22, 351, 1, 21, 110, 10621 }, // o
    { 23, 30, 357, -2, 21, 173, 10731 }, // p
    { 21, 30, 356, 1, 21, 158, 10904 }, // q
    { 18, 21, 253, 0, 21, 95, 11062 }, // r
    { 18, 22, 285, 0, 21, 99, 11157 }, // s
    { 16, 26, 246, 1, 25, 104, 11256 }, // t
    { 21, 22, 362, 2, 21, 116, 11360 }, // u
    { 21, 21, 307, 1, 21, 111, 11476 }, // v
    { 30, 21, 473, 2, 21, 158, 11587 }, // w
    { 24, 21, 320, -2, 21, 126, 11745 }, // x
    { 25, 30, 311, -3, 21, 188, 11871 }, // y
    { 19, 21, 281, -1, 21, 100, 12059 }, // z
    { 17, 33, 213, -1, 27, 141, 12159 }, // {
    { 5, 38, 331, 8, 29, 48, 12300 }, // |
    { 16, 33, 213, -2, 27, 132, 12348 }, // }
    { 20, 7, 343, 1, 17, 35, 12480 }, // ~
    { 0, 0, 156, 0, 0, 0, 0 }, // U+00A0
    { 13, 28, 172, -2, 21, 91, 0 }, // U+00A1
    { 17, 29, 331, 3, 28, 124, 91 }, // U+00A2
    { 24, 28, 331, -1, 28, 168, 215 }, // U+00A3
    { 18, 18, 331, 2, 22, 81, 383 }, // U+00A4
    { 23, 27, 331, 1, 27, 156, 464 }, // U+00A5
    { 5, 38, 331, 8, 29, 48, 620 }, // U+00A6
    { 19, 30, 292, 0, 29, 143, 668 }, // U+00A7
    { 13, 6, 332, 7, 29, 20, 811 }, // U+00A8
    { 29, 29, 499, 1, 28, 211, 831 }, // U+00A9
    { 15, 15, 227, 2, 28, 57, 1042 }, // U+00AA
    { 21, 18, 340, 1, 19, 95, 1099 }, // U+00AB
    { 20, 12, 343, 1, 16, 60, 1194 }, // U+00AC
    { 12, 6, 194, 0, 13, 18, 1254 }, // U+00AD
    { 29, 29, 499, 1, 28, 211, 1272 }, // U+00AE
    { 18, 5, 257, 3, 33, 23, 1483 }, // U+00AF
    { 14, 14, 254, 1, 28, 49, 1506 }, // U+00B0
    { 20, 24, 343, 1, 24, 120, 1555 }, // U+00B1
    { 14, 17, 227, 2, 32, 60, 1675 }, // U+00B2
    { 14, 17, 227, 2, 32, 60, 1735 }, // U+00B3
    { 11, 7, 193, 4, 29, 20, 1795 }, // U+00B4
    { 25, 30, 366, -2, 21, 188, 1815 }, // U+00B5
    { 21, 34, 393, 2, 29, 179, 2003 }, // U+00B6
    { 8, 7, 172, 2, 17, 14, 2182 }, // U+00B7
    { 9, 9, 123, -4, 0, 21, 2196 }, // U+00B8
    { 12, 17, 227, 3, 32, 51, 2217 }, // U+00B9
    { 12, 14, 221, 3, 27, 42, 2268 }, // U+00BA
    { 20, 18, 337, 0, 19, 90, 2310 }, // U+00BB
    { 28, 28, 500, 2, 27, 196, 2400 }, // U+00BC
    { 30, 28, 535, 2, 27, 210, 2596 }, // U+00BD
    { 31, 28, 518, 1, 27, 217, 2806 }, // U+00BE
    { 16, 28, 279, -1, 21, 112, 3023 }, // U+00BF
    { 25, 35, 377, -3, 35, 219, 3135 }, // U+00C0
    { 26, 35, 377, -3, 35, 228, 3354 }, // U+00C1
    { 27, 35, 377, -3, 35, 237, 3582 }, // U+00C2
    { 27, 35, 377, -3, 35, 237, 3819 }, // U+00C3
    { 26, 35, 377, -3, 35, 228, 4056 }, // U+00C4
    { 25, 38, 377, -3, 38, 238, 4284 }, // U+00C5
    { 38, 27, 537, -3, 27, 257, 4522 }, // U+00C6
    { 23, 37, 368, 2, 28, 213, 4779 }, // U+00C7
    { 22, 35, 326, 0, 35, 193, 4992 }, // U+00C8
    { 22, 35, 326, 0, 35, 193, 5185 }, // U+00C9
    { 22, 35, 326, 0, 35, 193, 5378 }, // U+00CA
    { 22, 35, 326, 0, 35, 193, 5571 }, // U+00CB
    { 19, 35, 230, -2, 35, 167, 5764 }, // U+00CC
    { 21, 35, 230, -2, 35, 184, 5931 }, // U+00CD
    { 21, 35, 230, -2, 35, 184, 6115 }, // U+00CE
    { 20, 35, 230, -2, 35, 175, 6299 }, // U+00CF
    { 25, 27, 406, 0, 27, 169, 6474 }, // U+00D0
    { 29, 35, 455, 0, 35, 254, 6643 }, // U+00D1
    { 25, 36, 439, 2, 35, 225, 6897 }, // U+00D2
    { 25, 36, 439, 2, 35, 225, 7122 }, // U+00D3
    { 25, 36, 439, 2, 35, 225, 7347 }, // U+00D4
    { 25, 36, 439, 2, 35, 225, 7572 }, // U+00D5
    { 25, 36, 439, 2, 35, 225, 7797 }, // U+00D6
    { 18, 18, 343, 2, 22, 81, 8022 }, // U+00D7
    { 26, 31, 438, 1, 29, 202, 8103 }, // U+00D8
    { 25, 36, 415, 2, 35, 225, 8305 }, // U+00D9
    { 25, 36, 415, 2, 35, 225, 8530 }, // U+00DA
    { 25, 36, 415, 2, 35, 225, 8755 }, // U+00DB
    { 25, 36, 415, 2, 35, 225, 8980 }, // U+00DC
    { 22, 35, 338, 3, 35, 193, 9205 }, // U+00DD
    { 22, 27, 361, 0, 27, 149, 9398 }, // U+00DE
    { 29, 38, 395, -5, 29, 276, 9547 }, // U+00DF
    { 21, 30, 355, 1, 29, 158, 9823 }, // U+00E0
    { 21, 30, 355, 1, 29, 158, 9981 }, // U+00E1
    { 21, 30, 355, 1, 29, 158, 10139 }, // U+00E2
    { 22, 30, 355, 1, 29, 165, 10297 }, // U+00E3
    { 21, 30, 355, 1, 29, 158, 10462 }, // U+00E4
    { 21, 33, 355, 1, 32, 174, 10620 }, // U+00E5
    { 31, 22, 523, 1, 21, 171, 10794 }, // U+00E6
    { 18, 30, 290, 1, 21, 135, 10965 }, // U+00E7
    { 19, 30, 334, 1, 29, 143, 11100 }, // U+00E8
    { 20, 30, 334, 1, 29, 150, 11243 }, // U+00E9
    { 20, 30, 334, 1, 29, 150, 11393 }, // U+00EA
    { 19, 30, 334, 1, 29, 143, 11543 }, // U+00EB
    { 12, 29, 179, 0, 29, 87, 11686 }, // U+00EC
    { 16, 29, 179, 0, 29, 116, 11773 }, // U+00ED
    { 16, 29, 179, 0, 29, 116, 11889 }, // U+00EE
    { 15, 29, 179, 0, 29, 109, 12005 }, // U+00EF
    { 21, 30, 346, 1, 29, 158, 12114 }, // U+00F0
    { 23, 29, 363, 0, 29, 167, 12272 }, // U+00F1
    { 20, 30, 354, 1, 29, 150, 12439 }, // U+00F2
    { 20, 30, 354, 1, 29, 150, 12589 }, // U+00F3
    { 20, 30, 354, 1, 29, 150, 12739 }, // U+00F4
    { 21, 30, 354, 1, 29, 158, 12889 }, // U+00F5
    { 20, 30, 354, 1, 29, 150, 13047 }, // U+00F6
    { 20, 19, 343, 1, 23, 95, 13197 }, // U+00F7
    { 21, 24, 351, 0, 22, 126, 13292 }, // U+00F8
    { 21, 30, 363, 2, 29, 158, 13418 }, // U+00F9
    { 21, 30, 363, 2, 29, 158, 13576 }, // U+00FA
    { 21, 30, 363, 2, 29, 158, 13734 }, // U+00FB
    { 21, 30, 363, 2, 29, 158, 13892 }, // U+00FC
    { 25, 38, 311, -3, 29, 238, 14050 }, // U+00FD
    { 23, 38, 358, -2, 29, 219, 14288 }, // U+00FE
    { 25, 38, 311, -3, 29, 238, 14507 }, // U+00FF
    { 26, 33, 377, -3, 33, 215, 0 }, // U+0100
    { 21, 28, 355, 1, 27, 147, 215 }, // U+0101
    { 26, 35, 377, -3, 35, 228, 362 }, // U+0102
    { 21, 30, 355, 1, 29, 158, 590 }, // U+0103
    { 25, 37, 377, -3, 27, 232, 748 }, // U+0104
    { 21, 31, 355, 1, 21, 163, 980 }, // U+0105
    { 23, 36, 368, 2, 35, 207, 1143 }, // U+0106
    { 19, 30, 290, 1, 29, 143, 1350 }, // U+0107
    { 23, 36, 368, 2, 35, 207, 1493 }, // U+0108
    { 19, 30, 290, 1, 29, 143, 1700 }, // U+0109
    { 23, 36, 368, 2, 35, 207, 1843 }, // U+010A
    { 18, 30, 290, 1, 29, 135, 2050 }, // U+010B
    { 24, 36, 368, 2, 35, 216, 2185 }, // U+010C
    { 20, 30, 290, 1, 29, 150, 2401 }, // U+010D
    { 26, 35, 406, 0, 35, 228, 2551 }, // U+010E
    { 31, 30, 407, 1, 29, 233, 2779 }, // U+010F
    { 25, 27, 406, 0, 27, 169, 3012 }, // U+0110
    { 25, 30, 356, 1, 29, 188, 3181 }, // U+0111
    { 22, 33, 326, 0, 33, 182, 3369 }, // U+0112
    { 19, 28, 334, 1, 27, 133, 3551 }, // U+0113
    { 22, 35, 326, 0, 35, 193, 3684 }, // U+0114
    { 20, 30, 334, 1, 29, 150, 3877 }, // U+0115
    { 22, 35, 326, 0, 35, 193, 4027 }, // U+0116
    { 19, 30, 334, 1, 29, 143, 4220 }, // U+0117
    { 22, 37, 326, 0, 27, 204, 4363 }, // U+0118
    { 19, 30, 334, 1, 21, 143, 4567 }, // U+0119
    { 24, 35, 326, 0, 35, 210, 4710 }, // U+011A
    { 21, 30, 334, 1, 29, 158, 4920 }, // U+011B
    { 24, 36, 414, 2, 35, 216, 5078 }, // U+011C
    { 22, 38, 358, 0, 29, 209, 5294 }, // U+011D
    { 24, 36, 414, 2, 35, 216, 5503 }, // U+011E
    { 22, 38, 358, 0, 29, 209, 5719 }, // U+011F
    { 24, 36, 414, 2, 35, 216, 5928 }, // U+0120
    { 22, 38, 358, 0, 29, 209, 6144 }, // U+0121
    { 24, 37, 414, 2, 28, 222, 6353 }, // U+0122
    { 22, 38, 358, 0, 29, 209, 6575 }, // U+0123
    { 27, 35, 421, 0, 35, 237, 6784 }, // U+0124
    { 21, 37, 363, 0, 37, 195, 7021 }, // U+0125
    { 29, 27, 421, 0, 27, 196, 7216 }, // U+0126
    { 21, 29, 362, 0, 29, 153, 7412 }, // U+0127
    { 22, 35, 230, -2, 35, 193, 7565 }, // U+0128
    { 17, 29, 179, 0, 29, 124, 7758 }, // U+0129
    { 20, 33, 230, -2, 33, 165, 7882 }, // U+012A
    { 15, 27, 179, 0, 27, 102, 8047 }, // U+012B
    { 21, 35, 230, -2, 35, 184, 8149 }, // U+012C
    { 16, 29, 179, 0, 29, 116, 8333 }, // U+012D
    { 19, 37, 230, -2, 27, 176, 8449 }, // U+012E
    { 15, 39, 179, -2, 29, 147, 8625 }, // U+012F
    { 19, 35, 230, -2, 35, 167, 8772 }, // U+0130
    { 11, 21, 179, 0, 21, 58, 8939 }, // U+0131
    { 30, 35, 428, -2, 27, 263, 8997 }, // U+0132
    { 24, 38, 359, 0, 29, 228, 9260 }, // U+0133
    { 24, 43, 200, -6, 35, 258, 9488 }, // U+0134
    { 21, 38, 179, -5, 29, 200, 9746 }, // U+0135
    { 27, 36, 376, 0, 27, 243, 9946 }, // U+0136
    { 24, 38, 341, 0, 29, 228, 10189 }, // U+0137
    { 24, 21, 341, 0, 21, 126, 10417 }, // U+0138
    { 19, 35, 311, 0, 35, 167, 10543 }, // U+0139
    { 18, 37, 179, 0, 37, 167, 10710 }, // U+013A
    { 17, 36, 311, 0, 27, 153, 10877 }, // U+013B
    { 15, 38, 179, -2, 29, 143, 11030 }, // U+013C
    { 22, 27, 311, 0, 27, 149, 11173 }, // U+013D
    { 20, 29, 227, 0, 29, 145, 11322 }, // U+013E
    { 19, 27, 311, 0, 27, 129, 11467 }, // U+013F
    { 18, 29, 265, 0, 29, 131, 11596 }, // U+0140
    { 18, 27, 311, -1, 27, 122, 11727 }, // U+0141
    { 14, 29, 196, 0, 29, 102, 11849 }, // U+0142
    { 29, 35, 455, 0, 35, 254, 11951 }, // U+0143
    { 22, 29, 363, 0, 29, 160, 12205 }, // U+0144
    { 29, 36, 455, 0, 27, 261, 12365 }, // U+0145
    { 21, 30, 363, 0, 21, 158, 12626 }, // U+0146
    { 29, 35, 455, 0, 35, 254, 12784 }, // U+0147
    { 23, 29, 363, 0, 29, 167, 13038 }, // U+0148
    { 25, 27, 424, 0, 27, 169, 13205 }, // U+0149
    { 29, 35, 453, 0, 27, 254, 13374 }, // U+014A
    { 21, 30, 362, 0, 21, 158, 13628 }, // U+014B
    { 25, 34, 439, 2, 33, 213, 13786 }, // U+014C
    { 20, 28, 354, 1, 27, 140, 13999 }, // U+014D
    { 25, 36, 439, 2, 35, 225, 14139 }, // U+014E
    { 20, 30, 354, 1, 29, 150, 14364 }, // U+014F
    { 28, 36, 439, 2, 35, 252, 14514 }, // U+0150
    { 24, 30, 354, 1, 29, 180, 14766 }, // U+0151
    { 34, 29, 541, 2, 28, 247, 14946 }, // U+0152
    { 32, 22, 529, 1, 21, 176, 0 }, // U+0153
    { 23, 35, 372, 0, 35, 202, 176 }, // U+0154
    { 19, 29, 253, 0, 29, 138, 378 }, // U+0155
    { 23, 36, 372, 0, 27, 207, 516 }, // U+0156
    { 20, 30, 253, -2, 21, 150, 723 }, // U+0157
    { 25, 35, 372, 0, 35, 219, 873 }, // U+0158
    { 21, 29, 253, 0, 29, 153, 1092 }, // U+0159
    { 21, 36, 319, 0, 35, 189, 1245 }, // U+015A
    { 19, 30, 285, 0, 29, 143, 1434 }, // U+015B
    { 21, 36, 319, 0, 35, 189, 1577 }, // U+015C
    { 19, 30, 285, 0, 29, 143, 1766 }, // U+015D
    { 21, 37, 319, 0, 28, 195, 1909 }, // U+015E
    { 18, 30, 285, 0, 21, 135, 2104 }, // U+015F
    { 23, 36, 319, 0, 35, 207, 2239 }, // U+0160
    { 20, 30, 285, 0, 29, 150, 2446 }, // U+0161
    { 21, 36, 319, 2, 27, 189, 2596 }, // U+0162
    { 16, 34, 246, 1, 25, 136, 2785 }, // U+0163
    { 20, 35, 319, 3, 35, 175, 2921 }, // U+0164
    { 20, 30, 246, 1, 29, 150, 3096 }, // U+0165
    { 21, 27, 319, 2, 27, 142, 3246 }, // U+0166
    { 17, 26, 246, 0, 25, 111, 3388 }, // U+0167
    { 25, 36, 415, 2, 35, 225, 3499 }, // U+0168
    { 21, 30, 363, 2, 29, 158, 3724 }, // U+0169
    { 25, 34, 415, 2, 33, 213, 3882 }, // U+016A
    { 21, 28, 363, 2, 27, 147, 4095 }, // U+016B
    { 25, 36, 415, 2, 35, 225, 4242 }, // U+016C
    { 21, 30, 363, 2, 29, 158, 4467 }, // U+016D
    { 25, 39, 415, 2, 38, 244, 4625 }, // U+016E
    { 21, 33, 363, 2, 32, 174, 4869 }, // U+016F
    { 27, 36, 415, 2, 35, 243, 5043 }, // U+0170
    { 24, 30, 363, 2, 29, 180, 5286 }, // U+0171
    { 25, 37, 415, 2, 27, 232, 5466 }, // U+0172
    { 21, 31, 363, 2, 21, 163, 5698 }, // U+0173
    { 35, 35, 542, 3, 35, 307, 5861 }, // U+0174
    { 30, 29, 473, 2, 29, 218, 6168 }, // U+0175
    { 22, 35, 338, 3, 35, 193, 6386 }, // U+0176
    { 25, 38, 311, -3, 29, 238, 6579 }, // U+0177
    { 22, 35, 338, 3, 35, 193, 6817 }, // U+0178
    { 24, 35, 322, -2, 35, 210, 7010 }, // U+0179
    { 20, 29, 281, -1, 29, 145, 7220 }, // U+017A
    { 24, 35, 322, -2, 35, 210, 7365 }, // U+017B
    { 19, 29, 281, -1, 29, 138, 7575 }, // U+017C
    { 25, 35, 322, -2, 35, 219, 7713 }, // U+017D
    { 22, 29, 281, -1, 29, 160, 7932 }, // U+017E
    { 23, 38, 215, -5, 29, 219, 8092 }, // U+017F
    { 31, 30, 463, 2, 29, 233, 0 }, // U+01A0
    { 27, 25, 386, 1, 24, 169, 233 }, // U+01A1
    { 33, 30, 465, 2, 29, 248, 402 }, // U+01AF
    { 30, 25, 427, 1, 24, 188, 650 }, // U+01B0
    { 49, 35, 728, 0, 35, 429, 838 }, // U+01C4
    { 46, 29, 679, 0, 29, 334, 1267 }, // U+01C5
    { 42, 30, 629, 1, 29, 315, 1601 }, // U+01C6
    { 33, 35, 509, 0, 27, 289, 1916 }, // U+01C7
    { 32, 38, 489, 0, 29, 304, 2205 }, // U+01C8
    { 24, 38, 359, 0, 29, 228, 2509 }, // U+01C9
    { 42, 35, 652, 0, 27, 368, 2737 }, // U+01CA
    { 41, 38, 631, 0, 29, 390, 3105 }, // U+01CB
    { 35, 38, 541, 0, 29, 333, 3495 }, // U+01CC
    { 28, 35, 377, -3, 35, 245, 3828 }, // U+01CD
    { 22, 30, 355, 1, 29, 165, 4073 }, // U+01CE
    { 22, 35, 230, -2, 35, 193, 4238 }, // U+01CF
    { 17, 29, 179, 0, 29, 124, 4431 }, // U+01D0
    { 25, 36, 439, 2, 35, 225, 4555 }, // U+01D1
    { 21, 30, 354, 1, 29, 158, 4780 }, // U+01D2
    { 25, 36, 415, 2, 35, 225, 4938 }, // U+01D3
    { 21, 30, 363, 2, 29, 158, 5163 }, // U+01D4
    { 25, 40, 415, 2, 39, 250, 5321 }, // U+01D5
    { 21, 34, 363, 2, 33, 179, 5571 }, // U+01D6
    { 25, 41, 415, 2, 40, 257, 5750 }, // U+01D7
    { 21, 35, 363, 2, 34, 184, 6007 }, // U+01D8
    { 25, 41, 415, 2, 40, 257, 6191 }, // U+01D9
    { 21, 35, 363, 2, 34, 184, 6448 }, // U+01DA
    { 25, 41, 415, 2, 40, 257, 6632 }, // U+01DB
    { 21, 35, 363, 2, 34, 184, 6889 }, // U+01DC
    { 20, 22, 334, 0, 21, 110, 7073 }, // U+01DD
    { 27, 39, 377, -3, 39, 264, 7183 }, // U+01DE
    { 21, 34, 355, 1, 33, 179, 7447 }, // U+01DF
    { 27, 39, 377, -3, 39, 264, 7626 }, // U+01E0
    { 21, 34, 355, 1, 33, 179, 7890 }, // U+01E1
    { 38, 33, 537, -3, 33, 314, 8069 }, // U+01E2
    { 31, 28, 523, 1, 27, 217, 8383 }, // U+01E3
    { 24, 29, 414, 2, 28, 174, 8600 }, // U+01E4
    { 22, 30, 356, 0, 21, 165, 8774 }, // U+01E5
    { 25, 36, 414, 2, 35, 225, 8939 }, // U+01E6
    { 23, 38, 358, 0, 29, 219, 9164 }, // U+01E7
    { 27, 35, 376, 0, 35, 237, 9383 }, // U+01E8
    { 24, 37, 341, 0, 37, 222, 9620 }, // U+01E9
    { 25, 38, 439, 2, 28, 238, 9842 }, // U+01EA
    { 20, 31, 354, 1, 21, 155, 10080 }, // U+01EB
    { 25, 43, 439, 2, 33, 269, 10235 }, // U+01EC
    { 20, 37, 354, 1, 27, 185, 10504 }, // U+01ED
    { 24, 36, 334, -1, 35, 216, 10689 }, // U+01EE
    { 23, 39, 328, -2, 29, 225, 10905 }, // U+01EF
    { 22, 38, 179, -5, 29, 209, 11130 }, // U+01F0
    { 48, 27, 728, 0, 27, 324, 11339 }, // U+01F1
    { 44, 27, 688, 0, 27, 297, 11663 }, // U+01F2
    { 40, 30, 638, 1, 29, 300, 11960 }, // U+01F3
    { 24, 36, 414, 2, 35, 216, 12260 }, // U+01F4
    { 22, 38, 358, 0, 29, 209, 12476 }, // U+01F5
    { 37, 28, 605, 0, 27, 259, 12685 }, // U+01F6
    { 26, 37, 387, -1, 28, 241, 12944 }, // U+01F7
    { 29, 35, 455, 0, 35, 254, 13185 }, // U+01F8
    { 21, 29, 363, 0, 29, 153, 13439 }, // U+01F9
    { 28, 36, 377, -3, 36, 252, 13592 }, // U+01FA
    { 22, 37, 355, 1, 36, 204, 13844 }, // U+01FB
    { 38, 35, 537, -3, 35, 333, 14048 }, // U+01FC
    { 31, 30, 523, 1, 29, 233, 14381 }, // U+01FD
    { 26, 37, 439, 1, 35, 241, 14614 }, // U+01FE
    { 22, 31, 351, 0, 29, 171, 14855 }, // U+01FF
    { 25, 35, 377, -3, 35, 219, 15026 }, // U+0200
    { 21, 30, 355, 1, 29, 158, 0 }, // U+0201
    { 26, 35, 377, -3, 35, 228, 158 }, // U+0202
    { 21, 30, 355, 1, 29, 158, 386 }, // U+0203
    { 22, 35, 326, 0, 35, 193, 544 }, // U+0204
    { 19, 30, 334, 1, 29, 143, 737 }, // U+0205
    { 22, 35, 326, 0, 35, 193, 880 }, // U+0206
    { 19, 30, 334, 1, 29, 143, 1073 }, // U+0207
    { 19, 35, 230, -2, 35, 167, 1216 }, // U+0208
    { 15, 29, 179, -2, 29, 109, 1383 }, // U+0209
    { 20, 35, 230, -2, 35, 175, 1492 }, // U+020A
    { 16, 29, 179, 0, 29, 116, 1667 }, // U+020B
    { 25, 36, 439, 2, 35, 225, 1783 }, // U+020C
    { 20, 30, 354, 1, 29, 150, 2008 }, // U+020D
    { 25, 36, 439, 2, 35, 225, 2158 }, // U+020E
    { 20, 30, 354, 1, 29, 150, 2383 }, // U+020F
    { 23, 35, 372, 0, 35, 202, 2533 }, // U+0210
    { 18, 29, 253, 0, 29, 131, 2735 }, // U+0211
    { 23, 35, 372, 0, 35, 202, 2866 }, // U+0212
    { 19, 29, 253, 0, 29, 138, 3068 }, // U+0213
    { 25, 36, 415, 2, 35, 225, 3206 }, // U+0214
    { 21, 30, 363, 2, 29, 158, 3431 }, // U+0215
    { 25, 36, 415, 2, 35, 225, 3589 }, // U+0216
    { 21, 30, 363, 2, 29, 158, 3814 }, // U+0217
    { 21, 37, 319, 0, 28, 195, 3972 }, // U+0218
    { 18, 30, 285, 0, 21, 135, 4167 }, // U+0219
    { 21, 36, 319, 2, 27, 189, 4302 }, // U+021A
    { 16, 34, 246, 1, 25, 136, 4491 }, // U+021B
    { 26, 35, 377, -2, 28, 228, 4627 }, // U+021C
    { 22, 30, 304, -3, 21, 165, 4855 }, // U+021D
    { 27, 35, 421, 0, 35, 237, 5020 }, // U+021E
    { 21, 37, 363, 0, 37, 195, 5257 }, // U+021F
    { 9, 7, 0, -16, 29, 16, 0 }, // U+0300
    { 11, 7, 0, -9, 29, 20, 16 }, // U+0301
    { 16, 7, 0, -5, 29, 28, 36 }, // U+0302
    { 16, 7, 0, -17, 29, 28, 64 }, // U+0303
    { 13, 5, 0, -4, 27, 17, 92 }, // U+0304
    { 17, 5, 0, -5, 32, 22, 109 }, // U+0305
    { 15, 7, 0, -4, 29, 27, 131 }, // U+0306
    { 7, 7, 0, 0, 29, 13, 158 }, // U+0307
    { 13, 6, 0, -3, 29, 20, 171 }, // U+0308
    { 9, 10, 0, -12, 32, 23, 191 }, // U+0309
    { 10, 10, 0, -1, 32, 25, 214 }, // U+030A
    { 18, 7, 0, -4, 29, 32, 239 }, // U+030B
    { 16, 7, 0, -4, 29, 28, 271 }, // U+030C
    { 7, 11, 0, 0, 29, 20, 299 }, // U+030D
    { 13, 7, 0, -3, 29, 23, 319 }, // U+030E
    { 15, 7, 0, -17, 29, 27, 342 }, // U+030F
    { 14, 10, 0, -3, 32, 35, 369 }, // U+0310
    { 14, 7, 0, -4, 29, 25, 404 }, // U+0311
    { 10, 10, 0, -2, 27, 25, 429 }, // U+0312
    { 9, 10, 0, -2, 27, 23, 454 }, // U+0313
    { 6, 10, 0, 0, 27, 15, 477 }, // U+0314
    { 9, 10, 0, -2, 27, 23, 492 }, // U+0315
    { 9, 7, 0, -8, -1, 16, 515 }, // U+0316
    { 12, 7, 0, -9, -1, 21, 531 }, // U+0317
    { 9, 8, 0, -7, -1, 18, 552 }, // U+0318
    { 9, 8, 0, -8, -1, 18, 570 }, // U+0319
    { 12, 11, 188, 3, 29, 33, 588 }, // U+031A
    { 12, 9, 0, -3, 29, 27, 621 }, // U+031B
    { 6, 9, 0, -2, 0, 14, 648 }, // U+031C
    { 9, 7, 0, -8, -1, 16, 662 }, // U+031D
    { 9, 7, 0, -7, -1, 16, 678 }, // U+031E
    { 10, 8, 0, -8, -1, 20, 694 }, // U+031F
    { 10, 3, 0, -8, -3, 8, 714 }, // U+0320
    { 10, 11, 0, -8, 2, 28, 722 }, // U+0321
    { 9, 11, 0, -4, 2, 25, 750 }, // U+0322
    { 8, 6, 0, -18, -2, 12, 775 }, // U+0323
    { 13, 6, 0, -10, -2, 20, 787 }, // U+0324
    { 10, 10, 0, -8, 0, 25, 807 }, // U+0325
    { 8, 7, 0, 2, -2, 14, 832 }, // U+0326
    { 9, 9, 0, -7, 0, 21, 846 }, // U+0327
    { 8, 10, 0, -7, 0, 20, 867 }, // U+0328
    { 7, 11, 0, -6, -1, 20, 887 }, // U+0329
    { 16, 8, 0, -11, -1, 32, 907 }, // U+032A
    { 15, 5, 0, -10, -2, 19, 939 }, // U+032B
    { 16, 7, 0, -10, -1, 28, 958 }, // U+032C
    { 16, 7, 0, -12, -1, 28, 986 }, // U+032D
    { 15, 7, 0, -10, -2, 27, 1014 }, // U+032E
    { 14, 7, 0, -10, -2, 25, 1041 }, // U+032F
    { 16, 7, 0, -11, -1, 28, 1066 }, // U+0330
    { 13, 5, 0, -10, -2, 17, 1094 }, // U+0331
    { 18, 3, 0, -12, -3, 14, 1111 }, // U+0332
    { 18, 9, 0, -13, 0, 41, 1125 }, // U+0333
    { 16, 7, 0, -8, 14, 28, 1166 }, // U+0334
    { 17, 5, 0, -9, 12, 22, 1194 }, // U+0335
    { 28, 5, 0, -14, 13, 35, 1216 }, // U+0336
    { 14, 11, 0, -7, 16, 39, 1251 }, // U+0337
    { 22, 32, 0, -11, 29, 176, 1290 }, // U+0338
    { 6, 9, 0, -3, 0, 14, 1466 }, // U+0339
    { 16, 8, 0, -11, -1, 32, 1480 }, // U+033A
    { 16, 8, 0, -11, -1, 32, 1512 }, // U+033B
    { 15, 5, 0, -10, -2, 19, 1544 }, // U+033C
    { 9, 9, 0, -1, 30, 21, 1563 }, // U+033D
    { 9, 12, 0, -1, 33, 27, 1584 }, // U+033E
    { 18, 9, 0, -5, 37, 41, 1611 }, // U+033F
    { 9, 7, 0, -3, 29, 16, 1652 }, // U+0340
    { 11, 7, 0, 0, 29, 20, 1668 }, // U+0341
    { 17, 7, 0, 5, 29, 30, 1688 }, // U+0342
    { 7, 8, 0, 0, 30, 14, 1718 }, // U+0343
    { 21, 8, 0, -6, 30, 42, 1732 }, // U+0344
    { 7, 7, 0, -5, -2, 13, 1774 }, // U+0345
    { 18, 7, 0, -6, 29, 32, 1787 }, // U+0346
    { 17, 9, 0, -12, 0, 39, 1819 }, // U+0347
    { 12, 7, 0, -9, -1, 21, 1858 }, // U+0348
    { 9, 7, 0, -7, -2, 16, 1879 }, // U+0349
    { 15, 8, 0, -4, 29, 30, 1895 }, // U+034A
    { 15, 15, 0, -4, 36, 57, 1925 }, // U+034B
    { 15, 11, 0, -4, 33, 42, 1982 }, // U+034C
    { 14, 8, 0, -10, -1, 28, 2024 }, // U+034D
    { 7, 9, 0, -6, 0, 16, 2052 }, // U+034E
    { 28, 27, 0, -14, 27, 189, 2068 }, // U+034F
    { 7, 8, 0, 0, 30, 14, 2257 }, // U+0350
    { 7, 9, 0, 4, 32, 16, 2271 }, // U+0351
    { 14, 10, 0, -4, 32, 35, 2287 }, // U+0352
    { 8, 8, 0, -6, -1, 16, 2322 }, // U+0353
    { 7, 8, 0, -6, -1, 14, 2338 }, // U+0354
    { 7, 8, 0, -5, -1, 14, 2352 }, // U+0355
    { 15, 8, 0, -9, -1, 30, 2366 }, // U+0356
    { 7, 9, 0, 3, 31, 16, 2396 }, // U+0357
    { 7, 7, 0, 0, 29, 13, 2412 }, // U+0358
    { 9, 8, 0, -7, -1, 18, 2425 }, // U+0359
    { 15, 8, 0, -10, -1, 30, 2443 }, // U+035A
    { 8, 8, 0, 0, 30, 16, 2473 }, // U+035B
    { 30, 8, 0, -17, -1, 60, 2489 }, // U+035C
    { 30, 8, 0, -12, 30, 60, 2549 }, // U+035D
    { 21, 5, 0, -7, 27, 27, 2609 }, // U+035E
    { 21, 5, 0, -13, -1, 27, 2636 }, // U+035F
    { 31, 7, 0, -12, 29, 55, 2663 }, // U+0360
    { 30, 9, 0, -11, 33, 68, 2718 }, // U+0361
    { 30, 9, 0, -19, 0, 68, 2786 }, // U+0362
    { 10, 9, 0, -1, 32, 23, 2854 }, // U+0363
    { 9, 9, 0, -1, 32, 21, 2877 }, // U+0364
    { 6, 12, 0, 1, 35, 18, 2898 }, // U+0365
    { 9, 9, 0, -1, 32, 21, 2916 }, // U+0366
    { 10, 9, 0, -1, 32, 23, 2937 }, // U+0367
    { 8, 9, 0, 0, 32, 18, 2960 }, // U+0368
    { 11, 12, 0, -1, 35, 33, 2978 }, // U+0369
    { 10, 12, 0, -2, 35, 30, 3011 }, // U+036A
    { 15, 9, 0, -4, 32, 34, 3041 }, // U+036B
    { 8, 9, 0, 0, 32, 18, 3075 }, // U+036C
    { 8, 11, 0, 0, 34, 22, 3093 }, // U+036D
    { 9, 9, 0, 0, 32, 21, 3115 }, // U+036E
    { 11, 9, 0, -2, 32, 25, 3136 }, // U+036F
    { 22, 35, 318, 0, 35, 193, 0 }, // U+0400
    { 22, 35, 318, 0, 35, 193, 193 }, // U+0401
    { 23, 28, 427, 3, 27, 161, 386 }, // U+0402
    { 22, 35, 302, 0, 35, 193, 547 }, // U+0403
    { 23, 29, 363, 2, 28, 167, 740 }, // U+0404
    { 21, 29, 318, 0, 28, 153, 907 }, // U+0405
    { 13, 27, 185, 0, 27, 88, 1060 }, // U+0406
    { 17, 35, 185, 0, 35, 149, 1148 }, // U+0407
    { 20, 35, 191, -7, 27, 175, 1297 }, // U+0408
    { 38, 28, 581, -2, 27, 266, 1472 }, // U+0409
    { 34, 27, 562, 0, 27, 230, 1738 }, // U+040A
    { 23, 27, 437, 3, 27, 156, 1968 }, // U+040B
    { 27, 35, 376, 0, 35, 237, 2124 }, // U+040C
    { 27, 35, 419, 0, 35, 237, 2361 }, // U+040D
    { 26, 36, 355, 0, 35, 234, 2598 }, // U+040E
    { 26, 33, 404, 0, 27, 215, 2832 }, // U+040F
    { 25, 27, 377, -3, 27, 169, 3047 }, // U+0410
    { 22, 27, 355, 0, 27, 149, 3216 }, // U+0411
    { 24, 27, 369, 0, 27, 162, 3365 }, // U+0412
    { 22, 27, 302, 0, 27, 149, 3527 }, // U+0413
    { 31, 33, 433, -4, 27, 256, 3676 }, // U+0414
    { 22, 27, 318, 0, 27, 149, 3932 }, // U+0415
    { 40, 27, 543, -3, 27, 270, 4081 }, // U+0416
    { 22, 29, 341, 0, 28, 160, 4351 }, // U+0417
    { 27, 27, 419, 0, 27, 183, 4511 }, // U+0418
    { 27, 35, 419, 0, 35, 237, 4694 }, // U+0419
    { 27, 27, 376, 0, 27, 183, 4931 }, // U+041A
    { 29, 28, 418, -2, 27, 203, 5114 }, // U+041B
    { 34, 27, 521, 0, 27, 230, 5317 }, // U+041C
    { 27, 27, 412, 0, 27, 183, 5547 }, // U+041D
    { 25, 29, 431, 2, 28, 182, 5730 }, // U+041E
    { 26, 27, 406, 0, 27, 176, 5912 }, // U+041F
    { 23, 27, 353, 0, 27, 156, 6088 }, // U+0420
    { 23, 29, 357, 2, 28, 167, 6244 }, // U+0421
    { 20, 27, 313, 3, 27, 135, 6411 }, // U+0422
    { 26, 28, 358, 0, 27, 182, 6546 }, // U+0423
    { 32, 29, 529, 1, 28, 232, 6728 }, // U+0424
    { 29, 27, 365, -3, 27, 196, 6960 }, // U+0425
    { 26, 33, 418, 0, 27, 215, 7156 }, // U+0426
    { 23, 27, 396, 3, 27, 156, 7371 }, // U+0427
    { 38, 27, 592, 0, 27, 257, 7527 }, // U+0428
    { 37, 33, 596, 0, 27, 306, 7784 }, // U+0429
    { 22, 27, 419, 3, 27, 149, 8090 }, // U+042A
    { 34, 27, 526, 0, 27, 230, 8239 }, // U+042B
    { 22, 27, 356, 0, 27, 149, 8469 }, // U+042C
    { 23, 29, 366, 0, 28, 167, 8618 }, // U+042D
    { 37, 29, 592, 0, 28, 269, 8785 }, // U+042E
    { 26, 27, 371, -2, 27, 176, 9054 }, // U+042F
    { 21, 22, 348, 1, 21, 116, 9230 }, // U+0430
    { 21, 30, 339, 1, 29, 158, 9346 }, // U+0431
    { 20, 22, 332, 1, 21, 110, 9504 }, // U+0432
    { 19, 22, 278, -1, 21, 105, 9614 }, // U+0433
    { 20, 30, 345, 1, 29, 150, 9719 }, // U+0434
    { 19, 22, 314, 1, 21, 105, 9869 }, // U+0435
    { 38, 22, 573, -1, 21, 209, 9974 }, // U+0436
    { 18, 22, 298, 0, 21, 99, 10183 }, // U+0437
    { 21, 22, 357, 1, 21, 116, 10282 }, // U+0438
    { 21, 30, 355, 1, 29, 158, 10398 }, // U+0439
    { 23, 21, 336, 0, 21, 121, 10556 }, // U+043A
    { 24, 22, 365, -1, 21, 132, 10677 }, // U+043B
    { 29, 21, 463, 0, 21, 153, 10809 }, // U+043C
    { 22, 21, 353, 0, 21, 116, 10962 }, // U+043D
    { 21, 22, 341, 0, 21, 116, 11078 }, // U+043E
    { 21, 21, 356, 0, 21, 111, 11194 }, // U+043F
    { 24, 30, 362, -2, 21, 180, 11305 }, // U+0440
    { 18, 22, 281, 0, 21, 99, 11485 }, // U+0441
    { 32, 21, 537, 0, 21, 168, 11584 }, // U+0442
    { 25, 30, 320, -3, 21, 188, 11752 }, // U+0443
    { 26, 38, 446, 1, 29, 247, 11940 }, // U+0444
    { 25, 21, 313, -3, 21, 132, 12187 }, // U+0445
    { 21, 27, 367, 1, 21, 142, 12319 }, // U+0446
    { 20, 21, 347, 2, 21, 105, 12461 }, // U+0447
    { 33, 22, 537, 1, 21, 182, 12566 }, // U+0448
    { 33, 27, 548, 1, 21, 223, 12748 }, // U+0449
    { 22, 22, 376, 1, 21, 121, 12971 }, // U+044A
    { 29, 22, 480, 1, 21, 160, 13092 }, // U+044B
    { 19, 22, 331, 1, 21, 105, 13252 }, // U+044C
    { 17, 22, 286, 0, 21, 94, 13357 }, // U+044D
    { 30, 22, 484, 0, 21, 165, 13451 }, // U+044E
    { 23, 21, 330, -2, 21, 121, 13616 }, // U+044F
    { 19, 30, 314, 1, 29, 143, 13737 }, // U+0450
    { 19, 30, 314, 1, 29, 143, 13880 }, // U+0451
    { 21, 38, 358, 0, 29, 200, 14023 }, // U+0452
    { 20, 30, 278, -1, 29, 150, 14223 }, // U+0453
    { 17, 22, 281, 1, 21, 94, 14373 }, // U+0454
    { 17, 22, 274, 0, 21, 94, 14467 }, // U+0455
    { 13, 29, 174, 0, 29, 95, 14561 }, // U+0456
    { 14, 29, 172, 0, 29, 102, 14656 }, // U+0457
    { 19, 38, 173, -6, 29, 181, 14758 }, // U+0458
    { 32, 22, 515, -1, 21, 176, 14939 }, // U+0459
    { 31, 22, 502, 0, 21, 171, 15115 }, // U+045A
    { 21, 29, 358, 0, 29, 153, 0 }, // U+045B
    { 23, 29, 332, 0, 29, 167, 153 }, // U+045C
    { 21, 30, 355, 1, 29, 158, 320 }, // U+045D
    { 25, 38, 320, -3, 29, 238, 478 }, // U+045E
    { 21, 29, 357, 1, 21, 153, 716 }, // U+045F
    { 34, 27, 532, 3, 27, 230, 869 }, // U+0460
    { 30, 21, 485, 2, 21, 158, 1099 }, // U+0461
    { 20, 27, 377, 2, 27, 135, 1257 }, // U+0462
    { 30, 22, 517, 0, 21, 165, 1392 }, // U+0463
    { 35, 29, 532, 0, 28, 254, 1557 }, // U+0464
    { 29, 22, 450, 0, 21, 160, 1811 }, // U+0465
    { 26, 27, 401, -3, 27, 176, 1971 }, // U+0466
    { 23, 21, 348, -3, 21, 121, 2147 }, // U+0467
    { 33, 27, 554, 0, 27, 223, 2268 }, // U+0468
    { 30, 21, 502, 0, 21, 158, 2491 }, // U+0469
    { 31, 27, 438, -2, 27, 210, 2649 }, // U+046A
    { 25, 21, 347, -2, 21, 132, 2859 }, // U+046B
    { 38, 27, 591, 0, 27, 257, 2991 }, // U+046C
    { 32, 21, 497, 0, 21, 168, 3248 }, // U+046D
    { 24, 42, 358, -2, 33, 252, 3416 }, // U+046E
    { 22, 35, 314, -2, 26, 193, 3668 }, // U+046F
    { 30, 27, 496, 4, 27, 203, 3861 }, // U+0470
    { 28, 38, 485, 1, 29, 266, 4064 }, // U+0471
    { 25, 29, 439, 2, 28, 182, 4330 }, // U+0472
    { 20, 22, 351, 1, 21, 110, 4512 }, // U+0473
    { 24, 27, 390, 3, 27, 162, 4622 }, // U+0474
    { 21, 21, 328, 1, 21, 111, 4784 }, // U+0475
    { 24, 35, 390, 3, 35, 210, 4895 }, // U+0476
    { 21, 29, 328, 1, 29, 153, 5105 }, // U+0477
    { 47, 37, 749, 2, 28, 435, 5258 }, // U+0478
    { 43, 30, 662, 1, 21, 323, 5693 }, // U+0479
    { 26, 33, 454, 2, 30, 215, 6016 }, // U+047A
    { 22, 26, 380, 1, 23, 143, 6231 }, // U+047B
    { 35, 40, 607, 2, 39, 350, 6374 }, // U+047C
    { 30, 34, 518, 1, 33, 255, 6724 }, // U+047D
    { 34, 34, 532, 3, 34, 289, 6979 }, // U+047E
    { 30, 28, 487, 2, 28, 210, 7268 }, // U+047F
    { 23, 37, 368, 2, 28, 213, 7478 }, // U+0480
    { 18, 30, 290, 1, 21, 135, 7691 }, // U+0481
    { 20, 25, 365, 1, 24, 125, 7826 }, // U+0482
    { 15, 7, 0, -15, 28, 27, 7951 }, // U+0483
    { 15, 7, 0, -15, 29, 27, 7978 }, // U+0484
    { 7, 8, 0, -10, 30, 14, 8005 }, // U+0485
    { 8, 8, 0, -11, 30, 16, 8019 }, // U+0486
    { 16, 7, 0, -4, 35, 28, 8035 }, // U+0487
    { 44, 40, 0, -22, 30, 440, 8063 }, // U+0488
    { 42, 42, 0, -21, 31, 441, 8503 }, // U+0489
    { 30, 44, 493, 0, 36, 330, 8944 }, // U+048A
    { 23, 38, 377, 1, 30, 219, 9274 }, // U+048B
    { 21, 27, 353, 0, 27, 142, 9493 }, // U+048C
    { 18, 30, 341, 2, 29, 135, 9635 }, // U+048D
    { 24, 27, 366, 0, 27, 162, 9770 }, // U+048E
    { 23, 30, 357, -2, 21, 173, 9932 }, // U+048F
    { 23, 33, 305, 0, 33, 190, 10105 }, // U+0490
    { 20, 26, 276, 0, 26, 130, 10295 }, // U+0491
    { 22, 27, 304, 0, 27, 149, 10425 }, // U+0492
    { 20, 21, 278, -1, 21, 105, 10574 }, // U+0493
    { 22, 37, 400, 0, 27, 204, 10679 }, // U+0494
    { 19, 31, 344, 0, 21, 148, 10883 }, // U+0495
    { 39, 35, 551, -3, 27, 342, 11031 }, // U+0496
    { 38, 29, 576, -1, 21, 276, 11373 }, // U+0497
    { 22, 38, 341, 0, 28, 209, 11649 }, // U+0498
    { 18, 31, 298, 0, 21, 140, 11858 }, // U+0499
    { 26, 35, 412, 0, 27, 228, 11998 }, // U+049A
    { 23, 29, 367, 0, 21, 167, 12226 }, // U+049B
    { 27, 27, 377, 0, 27, 183, 12393 }, // U+049C
    { 23, 21, 353, 1, 21, 121, 12576 }, // U+049D
    { 27, 27, 368, 0, 27, 183, 12697 }, // U+049E
    { 23, 29, 347, 0, 29, 167, 12880 }, // U+049F
    { 27, 27, 421, 3, 27, 183, 13047 }, // U+04A0
    { 26, 21, 389, 1, 21, 137, 13230 }, // U+04A1
    { 27, 35, 460, 0, 27, 237, 13367 }, // U+04A2
    { 24, 29, 401, 0, 21, 174, 13604 }, // U+04A3
    { 33, 27, 462, 0, 27, 223, 13778 }, // U+04A4
    { 29, 21, 427, 0, 21, 153, 14001 }, // U+04A5
    { 36, 37, 619, 0, 27, 333, 14154 }, // U+04A6
    { 30, 31, 518, 0, 21, 233, 14487 }, // U+04A7
    { 24, 30, 438, 2, 28, 180, 14720 }, // U+04A8
    { 21, 23, 368, 1, 21, 121, 14900 }, // U+04A9
    { 23, 38, 368, 2, 28, 219, 15021 }, // U+04AA
    { 18, 31, 290, 1, 21, 140, 15240 }, // U+04AB
    { 20, 35, 319, 3, 27, 175, 15380 }, // U+04AC
    { 34, 29, 556, 0, 21, 247, 0 }, // U+04AD
    { 22, 27, 338, 3, 27, 149, 247 }, // U+04AE
    { 21, 30, 307, 1, 21, 158, 396 }, // U+04AF
    { 24, 27, 338, 1, 27, 162, 554 }, // U+04B0
    { 24, 30, 307, -2, 21, 180, 716 }, // U+04B1
    { 29, 35, 415, -3, 27, 254, 896 }, // U+04B2
    { 25, 29, 359, -2, 21, 182, 1150 }, // U+04B3
    { 28, 35, 502, 3, 27, 245, 1332 }, // U+04B4
    { 24, 29, 409, 1, 21, 174, 1577 }, // U+04B5
    { 23, 35, 449, 3, 27, 202, 1751 }, // U+04B6
    { 20, 29, 383, 3, 21, 145, 1953 }, // U+04B7
    { 23, 27, 406, 3, 27, 156, 2098 }, // U+04B8
    { 20, 21, 362, 3, 21, 105, 2254 }, // U+04B9
    { 23, 27, 406, 1, 27, 156, 2359 }, // U+04BA
    { 21, 29, 363, 0, 29, 153, 2515 }, // U+04BB
    { 29, 29, 467, 1, 28, 211, 2668 }, // U+04BC
    { 24, 22, 397, 0, 21, 132, 2879 }, // U+04BD
    { 29, 36, 467, 1, 28, 261, 3011 }, // U+04BE
    { 24, 29, 397, 0, 21, 174, 3272 }, // U+04BF
    { 19, 27, 230, -2, 27, 129, 3446 }, // U+04C0
    { 40, 35, 543, -3, 35, 350, 3575 }, // U+04C1
    { 38, 30, 573, -1, 29, 285, 3925 }, // U+04C2
    { 26, 37, 415, 0, 27, 241, 4210 }, // U+04C3
    { 23, 31, 371, 0, 21, 179, 4451 }, // U+04C4
    { 30, 35, 456, -2, 27, 263, 4630 }, // U+04C5
    { 26, 29, 395, -2, 21, 189, 4893 }, // U+04C6
    { 27, 37, 421, 0, 27, 250, 5082 }, // U+04C7
    { 23, 31, 370, 0, 21, 179, 5332 }, // U+04C8
    { 28, 35, 460, 0, 27, 245, 5511 }, // U+04C9
    { 24, 29, 405, 0, 21, 174, 5756 }, // U+04CA
    { 23, 35, 404, 3, 27, 202, 5930 }, // U+04CB
    { 19, 29, 357, 3, 21, 138, 6132 }, // U+04CC
    { 35, 35, 568, 0, 27, 307, 6270 }, // U+04CD
    { 31, 29, 502, 0, 21, 225, 6577 }, // U+04CE
    { 19, 27, 230, -2, 27, 129, 6802 }, // U+04CF
    { 27, 35, 377, -3, 35, 237, 6931 }, // U+04D0
    { 21, 30, 355, 1, 29, 158, 7168 }, // U+04D1
    { 26, 35, 377, -3, 35, 228, 7326 }, // U+04D2
    { 21, 30, 355, 1, 29, 158, 7554 }, // U+04D3
    { 38, 27, 537, -3, 27, 257, 7712 }, // U+04D4
    { 31, 22, 523, 1, 21, 171, 7969 }, // U+04D5
    { 23, 35, 326, 0, 35, 202, 8140 }, // U+04D6
    { 22, 30, 334, 1, 29, 165, 8342 }, // U+04D7
    { 23, 29, 396, 1, 28, 167, 8507 }, // U+04D8
    { 20, 22, 334, 0, 21, 110, 8674 }, // U+04D9
    { 23, 36, 396, 1, 35, 207, 8784 }, // U+04DA
    { 20, 30, 334, 0, 29, 150, 8991 }, // U+04DB
    { 40, 35, 543, -3, 35, 350, 9141 }, // U+04DC
    { 38, 30, 573, -1, 29, 285, 9491 }, // U+04DD
    { 22, 36, 341, 0, 35, 198, 9776 }, // U+04DE
    { 19, 30, 298, 0, 29, 143, 9974 }, // U+04DF
    { 23, 28, 333, -1, 27, 161, 10117 }, // U+04E0
    { 22, 31, 328, -2, 21, 171, 10278 }, // U+04E1
    { 27, 33, 419, 0, 33, 223, 10449 }, // U+04E2
    { 21, 28, 363, 2, 27, 147, 10672 }, // U+04E3
    { 27, 35, 419, 0, 35, 237, 10819 }, // U+04E4
    { 21, 30, 363, 2, 29, 158, 11056 }, // U+04E5
    { 25, 36, 439, 2, 35, 225, 11214 }, // U+04E6
    { 20, 30, 354, 1, 29, 150, 11439 }, // U+04E7
    { 25, 29, 438, 2, 28, 182, 11589 }, // U+04E8
    { 20, 22, 354, 1, 21, 110, 11771 }, // U+04E9
    { 25, 36, 438, 2, 35, 225, 11881 }, // U+04EA
    { 20, 30, 354, 1, 29, 150, 12106 }, // U+04EB
    { 23, 36, 365, 0, 35, 207, 12256 }, // U+04EC
    { 18, 30, 286, 0, 29, 135, 12463 }, // U+04ED
    { 26, 34, 355, 0, 33, 221, 12598 }, // U+04EE
    { 25, 36, 311, -3, 27, 225, 12819 }, // U+04EF
    { 26, 36, 355, 0, 35, 234, 13044 }, // U+04F0
    { 25, 38, 311, -3, 29, 238, 13278 }, // U+04F1
    { 27, 36, 355, 0, 35, 243, 13516 }, // U+04F2
    { 26, 38, 311, -3, 29, 247, 13759 }, // U+04F3
    { 23, 35, 392, 3, 35, 202, 14006 }, // U+04F4
    { 20, 29, 346, 2, 29, 145, 14208 }, // U+04F5
    { 22, 35, 302, 0, 27, 193, 14353 }, // U+04F6
    { 19, 29, 278, 0, 21, 138, 14546 }, // U+04F7
    { 34, 35, 526, 0, 35, 298, 14684 }, // U+04F8
    { 29, 30, 483, 1, 29, 218, 14982 }, // U+04F9
    { 22, 37, 304, 0, 27, 204, 15200 }, // U+04FA
    { 20, 31, 278, -1, 21, 155, 0 }, // U+04FB
    { 29, 37, 415, -3, 27, 269, 155 }, // U+04FC
    { 24, 31, 359, -2, 21, 186, 424 }, // U+04FD
    { 29, 27, 366, -3, 27, 196, 610 }, // U+04FE
    { 24, 21, 319, -2, 21, 126, 806 }, // U+04FF
    { 25, 35, 377, -3, 27, 219, 0 }, // U+1EA0
    { 21, 29, 355, 1, 21, 153, 219 }, // U+1EA1
    { 25, 38, 377, -3, 38, 238, 372 }, // U+1EA2
    { 21, 33, 355, 1, 32, 174, 610 }, // U+1EA3
    { 32, 37, 377, -3, 37, 296, 784 }, // U+1EA4
    { 26, 32, 355, 1, 31, 208, 1080 }, // U+1EA5
    { 26, 37, 377, -3, 37, 241, 1288 }, // U+1EA6
    { 21, 32, 355, 1, 31, 168, 1529 }, // U+1EA7
    { 30, 39, 377, -3, 39, 293, 1697 }, // U+1EA8
    { 24, 34, 355, 1, 33, 204, 1990 }, // U+1EA9
    { 27, 40, 377, -3, 40, 270, 2194 }, // U+1EAA
    { 21, 35, 355, 1, 34, 184, 2464 }, // U+1EAB
    { 27, 43, 377, -3, 35, 291, 2648 }, // U+1EAC
    { 21, 37, 355, 1, 29, 195, 2939 }, // U+1EAD
    { 26, 38, 377, -3, 38, 247, 3134 }, // U+1EAE
    { 21, 33, 355, 1, 32, 174, 3381 }, // U+1EAF
    { 26, 38, 377, -3, 38, 247, 3555 }, // U+1EB0
    { 21, 33, 355, 1, 32, 174, 3802 }, // U+1EB1
    { 26, 40, 377, -3, 40, 260, 3976 }, // U+1EB2
    { 21, 34, 355, 1, 33, 179, 4236 }, // U+1EB3
    { 27, 40, 377, -3, 40, 270, 4415 }, // U+1EB4
    { 21, 35, 355, 1, 34, 184, 4685 }, // U+1EB5
    { 26, 43, 377, -3, 35, 280, 4869 }, // U+1EB6
    { 21, 37, 355, 1, 29, 195, 5149 }, // U+1EB7
    { 22, 35, 326, 0, 27, 193, 5344 }, // U+1EB8
    { 19, 29, 334, 1, 21, 138, 5537 }, // U+1EB9
    { 22, 38, 326, 0, 38, 209, 5675 }, // U+1EBA
    { 19, 33, 334, 1, 32, 157, 5884 }, // U+1EBB
    { 23, 35, 326, 0, 35, 202, 6041 }, // U+1EBC
    { 21, 30, 334, 1, 29, 158, 6243 }, // U+1EBD
    { 28, 37, 326, 0, 37, 259, 6401 }, // U+1EBE
    { 26, 32, 334, 1, 31, 208, 6660 }, // U+1EBF
    { 22, 37, 326, 0, 37, 204, 6868 }, // U+1EC0
    { 19, 32, 334, 1, 31, 152, 7072 }, // U+1EC1
    { 26, 39, 326, 0, 39, 254, 7224 }, // U+1EC2
    { 24, 34, 334, 1, 33, 204, 7478 }, // U+1EC3
    { 23, 40, 326, 0, 40, 230, 7682 }, // U+1EC4
    { 20, 35, 334, 1, 34, 175, 7912 }, // U+1EC5
    { 22, 43, 326, 0, 35, 237, 8087 }, // U+1EC6
    { 20, 37, 334, 1, 29, 185, 8324 }, // U+1EC7
    { 19, 38, 230, -2, 38, 181, 8509 }, // U+1EC8
    { 14, 32, 179, 0, 32, 112, 8690 }, // U+1EC9
    { 19, 35, 230, -2, 27, 167, 8802 }, // U+1ECA
    { 14, 37, 179, -1, 29, 130, 8969 }, // U+1ECB
    { 25, 36, 439, 2, 28, 225, 9099 }, // U+1ECC
    { 20, 29, 354, 1, 21, 145, 9324 }, // U+1ECD
    { 25, 39, 439, 2, 38, 244, 9469 }, // U+1ECE
    { 20, 33, 354, 1, 32, 165, 9713 }, // U+1ECF
    { 29, 38, 439, 2, 37, 276, 9878 }, // U+1ED0
    { 26, 32, 354, 1, 31, 208, 10154 }, // U+1ED1
    { 25, 38, 439, 2, 37, 238, 10362 }, // U+1ED2
    { 20, 32, 354, 1, 31, 160, 10600 }, // U+1ED3
    { 27, 40, 439, 2, 39, 270, 10760 }, // U+1ED4
    { 24, 34, 354, 1, 33, 204, 11030 }, // U+1ED5
    { 25, 41, 439, 2, 40, 257, 11234 }, // U+1ED6
    { 20, 35, 354, 1, 34, 175, 11491 }, // U+1ED7
    { 25, 43, 439, 2, 35, 269, 11666 }, // U+1ED8
    { 20, 37, 354, 1, 29, 185, 11935 }, // U+1ED9
    { 31, 36, 463, 2, 35, 279, 12120 }, // U+1EDA
    { 27, 30, 392, 1, 29, 203, 12399 }, // U+1EDB
    { 31, 36, 463, 2, 35, 279, 12602 }, // U+1EDC
    { 27, 30, 392, 1, 29, 203, 12881 }, // U+1EDD
    { 31, 39, 463, 2, 38, 303, 13084 }, // U+1EDE
    { 27, 33, 392, 1, 32, 223, 13387 }, // U+1EDF
    { 31, 36, 463, 2, 35, 279, 13610 }, // U+1EE0
    { 27, 30, 392, 1, 29, 203, 13889 }, // U+1EE1
    { 31, 37, 463, 2, 29, 287, 14092 }, // U+1EE2
    { 27, 32, 392, 1, 24, 216, 14379 }, // U+1EE3
    { 25, 35, 415, 2, 27, 219, 14595 }, // U+1EE4
    { 21, 29, 363, 2, 21, 153, 14814 }, // U+1EE5
    { 25, 39, 415, 2, 38, 244, 14967 }, // U+1EE6
    { 21, 33, 363, 2, 32, 174, 0 }, // U+1EE7
    { 33, 36, 465, 2, 35, 297, 174 }, // U+1EE8
    { 30, 30, 427, 1, 29, 225, 471 }, // U+1EE9
    { 33, 36, 465, 2, 35, 297, 696 }, // U+1EEA
    { 30, 30, 427, 1, 29, 225, 993 }, // U+1EEB
    { 33, 39, 465, 2, 38, 322, 1218 }, // U+1EEC
    { 30, 33, 427, 1, 32, 248, 1540 }, // U+1EED
    { 33, 36, 465, 2, 35, 297, 1788 }, // U+1EEE
    { 30, 30, 427, 1, 29, 225, 2085 }, // U+1EEF
    { 33, 37, 465, 2, 29, 306, 2310 }, // U+1EF0
    { 30, 32, 427, 1, 24, 240, 2616 }, // U+1EF1
    { 22, 35, 338, 3, 35, 193, 2856 }, // U+1EF2
    { 25, 38, 311, -3, 29, 238, 3049 }, // U+1EF3
    { 22, 35, 338, 3, 27, 193, 3287 }, // U+1EF4
    { 25, 30, 311, -3, 21, 188, 3480 }, // U+1EF5
    { 22, 38, 338, 3, 38, 209, 3668 }, // U+1EF6
    { 25, 41, 311, -3, 32, 257, 3877 }, // U+1EF7
    { 22, 35, 338, 3, 35, 193, 4134 }, // U+1EF8
    { 25, 38, 311, -3, 29, 238, 4327 }, // U+1EF9
    { 0, 0, 300, 0, 0, 0, 0 }, // U+2000
    { 0, 0, 600, 0, 0, 0, 0 }, // U+2001
    { 0, 0, 300, 0, 0, 0, 0 }, // U+2002
    { 0, 0, 600, 0, 0, 0, 0 }, // U+2003
    { 0, 0, 200, 0, 0, 0, 0 }, // U+2004
    { 0, 0, 150, 0, 0, 0, 0 }, // U+2005
    { 0, 0, 100, 0, 0, 0, 0 }, // U+2006
    { 0, 0, 331, 0, 0, 0, 0 }, // U+2007
    { 0, 0, 172, 0, 0, 0, 0 }, // U+2008
    { 0, 0, 100, 0, 0, 0, 0 }, // U+2009
    { 0, 0, 60, 0, 0, 0, 0 }, // U+200A
    { 0, 0, 0, 0, 0, 0, 0 }, // U+200B
    { 0, 0, 0, 0, 0, 0, 0 }, // U+200C
    { 0, 0, 0, 0, 0, 0, 0 }, // U+200D
    { 9, 31, 0, -1, 26, 70, 0 }, // U+200E
    { 9, 31, 0, -8, 26, 70, 70 }, // U+200F
    { 12, 6, 194, 0, 13, 18, 140 }, // U+2010
    { 12, 6, 194, 0, 13, 18, 158 }, // U+2011
    { 19, 6, 331, 1, 16, 29, 176 }, // U+2012
    { 18, 6, 288, 0, 13, 27, 205 }, // U+2013
    { 36, 6, 576, 0, 13, 54, 232 }, // U+2014
    { 36, 6, 576, 0, 13, 54, 286 }, // U+2015
    { 15, 38, 331, 3, 29, 143, 340 }, // U+2016
    { 17, 9, 240, -4, 0, 39, 483 }, // U+2017
    { 10, 10, 130, 2, 27, 25, 522 }, // U+2018
    { 10, 10, 130, 1, 27, 25, 547 }, // U+2019
    { 10, 10, 168, -2, 5, 25, 572 }, // U+201A
    { 6, 10, 129, 4, 27, 15, 597 }, // U+201B
    { 18, 10, 260, 2, 27, 45, 612 }, // U+201C
    { 19, 10, 260, 1, 27, 48, 657 }, // U+201D
    { 18, 10, 298, -2, 5, 45, 705 }, // U+201E
    { 15, 10, 260, 3, 27, 38, 750 }, // U+201F
    { 17, 29, 308, 3, 29, 124, 788 }, // U+2020
    { 19, 29, 308, 1, 29, 138, 912 }, // U+2021
    { 12, 13, 226, 2, 20, 39, 1050 }, // U+2022
    { 13, 15, 211, 1, 21, 49, 1089 }, // U+2023
    { 7, 7, 300, 4, 6, 13, 1138 }, // U+2024
    { 18, 7, 345, 0, 6, 32, 1151 }, // U+2025
    { 28, 7, 500, 0, 6, 49, 1183 }, // U+2026
    { 8, 7, 193, 2, 13, 14, 1232 }, // U+2027
    { 0, 0, 360, 0, 0, 0, 1246 }, // U+2028
    { 0, 0, 360, 0, 0, 0, 1246 }, // U+2029
    { 9, 28, 0, -1, 23, 63, 1246 }, // U+202A
    { 9, 28, 0, -8, 23, 63, 1309 }, // U+202B
    { 10, 31, 0, -5, 26, 78, 1372 }, // U+202C
    { 10, 31, 0, -5, 26, 78, 1450 }, // U+202D
    { 10, 31, 0, -5, 26, 78, 1528 }, // U+202E
    { 0, 0, 100, 0, 0, 0, 1606 }, // U+202F
    { 43, 29, 731, 2, 28, 312, 1606 }, // U+2030
    { 56, 29, 948, 2, 28, 406, 1918 }, // U+2031
    { 12, 10, 170, 2, 27, 30, 2324 }, // U+2032
    { 20, 10, 308, 2, 27, 50, 2354 }, // U+2033
    { 29, 10, 446, 2, 27, 73, 2404 }, // U+2034
    { 10, 10, 170, 2, 27, 25, 2477 }, // U+2035
    { 19, 10, 308, 2, 27, 48, 2502 }, // U+2036
    { 28, 10, 446, 2, 27, 70, 2550 }, // U+2037
    { 13, 13, 211, -3, 4, 43, 2620 }, // U+2038
    { 12, 18, 196, 1, 19, 54, 2663 }, // U+2039
    { 11, 18, 194, 0, 19, 50, 2717 }, // U+203A
    { 30, 30, 508, 1, 28, 225, 2767 }, // U+203B
    { 23, 28, 337, 0, 27, 161, 2992 }, // U+203C
    { 16, 29, 276, 3, 28, 116, 3153 }, // U+203D
    { 18, 5, 300, 3, 33, 23, 3269 }, // U+203E
    { 19, 9, 322, -2, 0, 43, 3292 }, // U+203F
    { 20, 9, 322, 3, 30, 45, 3335 }, // U+2040
    { 20, 25, 230, -4, 16, 125, 3380 }, // U+2041
    { 42, 34, 692, -1, 29, 357, 3505 }, // U+2042
    { 12, 6, 194, 0, 13, 18, 3862 }, // U+2043
    { 25, 27, 75, -10, 27, 169, 3880 }, // U+2044
    { 16, 33, 199, -1, 27, 132, 4049 }, // U+2045
    { 17, 33, 199, -3, 27, 141, 4181 }, // U+2046
    { 33, 29, 544, 2, 28, 240, 4322 }, // U+2047
    { 28, 29, 452, 2, 28, 203, 4562 }, // U+2048
    { 30, 29, 447, 0, 28, 218, 4765 }, // U+2049
    { 19, 21, 319, 2, 21, 100, 4983 }, // U+204A
    { 21, 34, 373, 3, 29, 179, 5083 }, // U+204B
    { 21, 20, 385, 1, 21, 105, 5262 }, // U+204C
    { 21, 20, 385, 2, 21, 105, 5367 }, // U+204D
    { 19, 19, 325, -1, 10, 91, 5472 }, // U+204E
    { 10, 26, 171, 1, 21, 65, 5563 }, // U+204F
    { 25, 39, 322, -2, 30, 244, 5628 }, // U+2050
    { 23, 38, 325, -1, 29, 219, 5872 }, // U+2051
    { 16, 29, 253, 0, 28, 116, 6091 }, // U+2052
    { 36, 8, 600, 1, 15, 72, 6207 }, // U+2053
    { 20, 9, 322, -4, 0, 45, 6279 }, // U+2054
    { 21, 21, 344, 0, 20, 111, 6324 }, // U+2055
    { 19, 29, 335, 1, 28, 138, 6435 }, // U+2056
    { 34, 10, 530, 2, 27, 85, 6573 }, // U+2057
    { 29, 29, 510, 1, 28, 211, 6658 }, // U+2058
    { 29, 29, 511, 1, 28, 211, 6869 }, // U+2059
    { 8, 29, 164, 1, 28, 58, 7080 }, // U+205A
    { 24, 31, 428, 1, 30, 186, 7138 }, // U+205B
    { 29, 30, 497, 1, 28, 218, 7324 }, // U+205C
    { 7, 30, 169, 2, 29, 53, 7542 }, // U+205D
    { 7, 29, 171, 2, 28, 51, 7595 }, // U+205E
    { 0, 0, 133, 0, 0, 0, 7646 }, // U+205F
    { 0, 0, 360, 0, 0, 0, 7646 }, // U+2060
    { 0, 0, 360, 0, 0, 0, 7646 }, // U+2061
    { 0, 0, 360, 0, 0, 0, 7646 }, // U+2062
    { 0, 0, 360, 0, 0, 0, 7646 }, // U+2063
    { 0, 0, 360, 0, 0, 0, 7646 }, // U+2064
    { 0, 0, 360, 0, 0, 0, 7646 }, // U+2066
    { 0, 0, 360, 0, 0, 0, 7646 }, // U+2067
    { 0, 0, 360, 0, 0, 0, 7646 }, // U+2068
    { 0, 0, 360, 0, 0, 0, 7646 }, // U+2069
    { 10, 31, 0, -5, 26, 78, 7646 }, // U+206A
    { 10, 31, 0, -5, 26, 78, 7724 }, // U+206B
    { 10, 31, 0, -5, 26, 78, 7802 }, // U+206C
    { 10, 31, 0, -5, 26, 78, 7880 }, // U+206D
    { 10, 31, 0, -5, 26, 78, 7958 }, // U+206E
    { 10, 31, 0, -5, 26, 78, 8036 }, // U+206F
    { 14, 17, 227, 3, 32, 60, 0 }, // U+2070
    { 9, 18, 146, 2, 28, 41, 60 }, // U+2071
    { 15, 17, 227, 1, 32, 64, 101 }, // U+2074
    { 15, 17, 227, 2, 32, 64, 165 }, // U+2075
    { 14, 17, 227, 3, 32, 60, 229 }, // U+2076
    { 15, 17, 227, 3, 32, 64, 289 }, // U+2077
    { 15, 17, 227, 2, 32, 64, 353 }, // U+2078
    { 14, 17, 227, 3, 32, 60, 417 }, // U+2079
    { 12, 12, 226, 4, 29, 36, 477 }, // U+207A
    { 12, 3, 226, 4, 24, 9, 513 }, // U+207B
    { 12, 7, 242, 4, 26, 21, 522 }, // U+207C
    { 10, 22, 134, 4, 34, 55, 543 }, // U+207D
    { 10, 22, 134, 0, 34, 55, 598 }, // U+207E
    { 14, 14, 236, 2, 24, 49, 653 }, // U+207F
    { 14, 17, 227, -1, 12, 60, 702 }, // U+2080
    { 13, 17, 227, -1, 12, 56, 762 }, // U+2081
    { 14, 17, 227, -2, 12, 60, 818 }, // U+2082
    { 14, 17, 227, -2, 12, 60, 878 }, // U+2083
    { 15, 17, 227, -3, 12, 64, 938 }, // U+2084
    { 15, 17, 227, -2, 12, 64, 1002 }, // U+2085
    { 14, 17, 227, -1, 12, 60, 1066 }, // U+2086
    { 15, 17, 227, -1, 12, 64, 1126 }, // U+2087
    { 14, 17, 227, -2, 12, 60, 1190 }, // U+2088
    { 13, 17, 227, -1, 12, 56, 1250 }, // U+2089
    { 11, 12, 226, 0, 10, 33, 1306 }, // U+208A
    { 11, 3, 226, 0, 5, 9, 1339 }, // U+208B
    { 12, 7, 242, 0, 6, 21, 1348 }, // U+208C
    { 10, 22, 134, 0, 14, 55, 1369 }, // U+208D
    { 9, 22, 134, -4, 14, 50, 1424 }, // U+208E
    { 14, 13, 231, -1, 9, 46, 1474 }, // U+2090
    { 13, 13, 214, -1, 9, 43, 1520 }, // U+2091
    { 13, 13, 230, -1, 9, 43, 1563 }, // U+2092
    { 17, 13, 208, -4, 9, 56, 1606 }, // U+2093
    { 13, 13, 214, -2, 9, 43, 1662 }, // U+2094
    { 14, 18, 268, -1, 14, 63, 1705 }, // U+2095
    { 16, 18, 236, -1, 14, 72, 1768 }, // U+2096
    { 9, 18, 152, -1, 14, 41, 1840 }, // U+2097
    { 22, 13, 385, -1, 9, 72, 1881 }, // U+2098
    { 14, 13, 236, -2, 9, 46, 1953 }, // U+2099
    { 15, 18, 233, -3, 9, 68, 1999 }, // U+209A
    { 11, 13, 202, -1, 9, 36, 2067 }, // U+209B
    { 10, 16, 159, -1, 12, 40, 2103 }, // U+209C
    { 21, 28, 343, 2, 28, 147, 0 }, // U+20A0
    { 23, 32, 331, 1, 29, 184, 147 }, // U+20A1
    { 23, 29, 343, 1, 28, 167, 331 }, // U+20A2
    { 23, 27, 331, 0, 27, 156, 498 }, // U+20A3
    { 24, 28, 331, -1, 28, 168, 654 }, // U+20A4
    { 33, 30, 543, 0, 25, 248, 822 }, // U+20A5
    { 23, 27, 349, 0, 27, 156, 1070 }, // U+20A6
    { 31, 28, 514, 1, 27, 217, 1226 }, // U+20A7
    { 34, 28, 538, 0, 27, 238, 1443 }, // U+20A8
    { 30, 27, 436, 0, 27, 203, 1681 }, // U+20A9
    { 32, 27, 519, 1, 27, 216, 1884 }, // U+20AA
    { 26, 35, 356, 0, 29, 228, 2100 }, // U+20AB
    { 23, 29, 331, 0, 28, 167, 2328 }, // U+20AC
    { 26, 27, 343, 0, 27, 176, 2495 }, // U+20AD
    { 22, 27, 319, 1, 27, 149, 2671 }, // U+20AE
    { 37, 37, 606, 0, 28, 343, 2820 }, // U+20AF
    { 26, 37, 354, -3, 28, 241, 3163 }, // U+20B0
    { 23, 27, 343, 0, 27, 156, 3404 }, // U+20B1
    { 24, 32, 414, 2, 29, 192, 3560 }, // U+20B2
    { 27, 27, 360, -3, 27, 183, 3752 }, // U+20B3
    { 23, 29, 343, 0, 28, 167, 3935 }, // U+20B4
    { 23, 32, 367, 2, 29, 184, 4102 }, // U+20B5
    { 26, 26, 406, 1, 25, 169, 4286 }, // U+20B6
    { 28, 31, 412, -1, 28, 217, 4455 }, // U+20B7
    { 22, 27, 317, 1, 27, 149, 4672 }, // U+20B8
    { 20, 27, 331, 2, 27, 135, 4821 }, // U+20B9
    { 21, 28, 331, 0, 27, 147, 4956 }, // U+20BA
    { 24, 29, 386, 2, 28, 174, 5103 }, // U+20BB
    { 30, 27, 489, -1, 27, 203, 5277 }, // U+20BC
    { 24, 27, 349, -1, 27, 162, 5480 }, // U+20BD
    { 26, 31, 367, -1, 31, 202, 5642 }, // U+20BE
    { 21, 35, 331, 0, 31, 184, 5844 }, // U+20BF
    { 12, 6, 194, 0, 13, 18, 0 }, // U+2212
    { 36, 38, 428, -5, 29, 342, 0 }, // U+FB00
    { 31, 38, 402, -4, 29, 295, 342 }, // U+FB01
    { 31, 38, 402, -4, 29, 295, 637 }, // U+FB02
    { 44, 38, 600, -5, 29, 418, 932 }, // U+FB03
    { 44, 38, 600, -5, 29, 418, 1350 }, // U+FB04
    { 35, 38, 455, -5, 29, 333, 1768 }, // U+FB05
    { 34, 30, 530, 0, 29, 255, 2101 }, // U+FB06
    { 35, 35, 600, 1, 29, 307, 0 }, // U+FFFD
};

static const EpdUnicodeInterval notosans_18_bolditalicIntervals[] = {
    { 0x0, 0x0, 0x0 },
    { 0xD, 0xD, 0x1 },
    { 0x20, 0x7E, 0x2 },
    { 0xA0, 0x17F, 0x61 },
    { 0x1A0, 0x1A1, 0x141 },
    { 0x1AF, 0x1B0, 0x143 },
    { 0x1C4, 0x21F, 0x145 },
    { 0x300, 0x36F, 0x1A1 },
    { 0x400, 0x4FF, 0x211 },
    { 0x1EA0, 0x1EF9, 0x311 },
    { 0x2000, 0x2064, 0x36B },
    { 0x2066, 0x2071, 0x3D0 },
    { 0x2074, 0x208E, 0x3DC },
    { 0x2090, 0x209C, 0x3F7 },
    { 0x20A0, 0x20BF, 0x404 },
    { 0x2212, 0x2212, 0x424 },
    { 0xFB00, 0xFB06, 0x425 },
    { 0xFFFD, 0xFFFD, 0x42C },
};

static const EpdFontGroup notosans_18_bolditalicGroups[] = {
    { 0, 5175, 13495, 97, 0 },
    { 5175, 4476, 16014, 96, 97 },
    { 9651, 3838, 16237, 83, 193 },
    { 13489, 2310, 8963, 45, 276 },
    { 15799, 4624, 16245, 65, 321 },
    { 20423, 1882, 5901, 31, 386 },
    { 22305, 1914, 3502, 112, 417 },
    { 24219, 5421, 16341, 91, 529 },
    { 29640, 6142, 16370, 82, 620 },
    { 35782, 4914, 16271, 78, 702 },
    { 40696, 394, 979, 5, 780 },
    { 41090, 2806, 16257, 71, 785 },
    { 43896, 844, 4981, 19, 856 },
    { 44740, 3128, 8809, 111, 875 },
    { 47868, 1219, 2422, 42, 986 },
    { 49087, 2847, 6355, 32, 1028 },
    { 51934, 18, 18, 1, 1060 },
    { 51952, 724, 2398, 7, 1061 },
    { 52676, 160, 315, 1, 1068 },
};

static const uint16_t notosans_18_bolditalicKernLeftCodepoints[] = {
    0x0020, 0x0022, 0x0026, 0x0027, 0x0028, 0x002C, 0x002D, 0x002E, 0x0041, 0x0042, 0x0043, 0x0044,
    0x0045, 0x0046, 0x004B, 0x004C, 0x004F, 0x0050, 0x0051, 0x0052, 0x0054, 0x0055, 0x0056, 0x0057,
    0x0058, 0x0059, 0x005A, 0x005B, 0x005F, 0x0061, 0x0062, 0x0063, 0x0065, 0x0066, 0x006B, 0x006F,
    0x0070, 0x0072, 0x0074, 0x0076, 0x0077, 0x0078, 0x0079, 0x007B, 0x00A1, 0x00AB, 0x00BB, 0x00BF,
    0x00C0, 0x00C1, 0x00C2, 0x00C3, 0x00C4, 0x00C5, 0x00C6, 0x00C7, 0x00C8, 0x00C9, 0x00CA, 0x00CB,
    0x00D0, 0x00D2, 0x00D3, 0x00D4, 0x00D5, 0x00D6, 0x00D8, 0x00D9, 0x00DA, 0x00DB, 0x00DC, 0x00DD,
    0x00DE, 0x00E0, 0x00E1, 0x00E2, 0x00E3, 0x00E4, 0x00E5, 0x00E6, 0x00E8, 0x00E9, 0x00EA, 0x00EB,
    0x00EF, 0x00F0, 0x00F2, 0x00F3, 0x00F4, 0x00F5, 0x00F6, 0x00F8, 0x00FD, 0x00FE, 0x00FF, 0x0100,
    0x0101, 0x0102, 0x0103, 0x0104, 0x0105, 0x0106, 0x0108, 0x010A, 0x010C, 0x010E, 0x010F, 0x0110,
    0x0112, 0x0113, 0x0114, 0x0115, 0x0116, 0x0117, 0x0118, 0x0119, 0x011A, 0x011B, 0x0129, 0x012B,
    0x012E, 0x0136, 0x0137, 0x0138, 0x0139, 0x013B, 0x013D, 0x013E, 0x013F, 0x0141, 0x014C, 0x014D,
    0x014E, 0x014F, 0x0150, 0x0151, 0x0152, 0x0153, 0x0155, 0x0157, 0x0159, 0x0162, 0x0163, 0x0164,
    0x0165, 0x0166, 0x0167, 0x0168, 0x016A, 0x016C, 0x016E, 0x0170, 0x0172, 0x0174, 0x0175, 0x0176,
    0x0177, 0x0178, 0x0179, 0x017B, 0x017D, 0x01A0, 0x01A1, 0x01AF, 0x01B0, 0x01D0, 0x01FA, 0x01FB,
    0x01FC, 0x01FD, 0x01FE, 0x01FF, 0x020B, 0x021A, 0x021B, 0x0402, 0x0403, 0x0404, 0x0405, 0x0408,
    0x0409, 0x040A, 0x040B, 0x040C, 0x040E, 0x0410, 0x0411, 0x0412, 0x0413, 0x0414, 0x0416, 0x0417,
    0x041A, 0x041E, 0x0420, 0x0421, 0x0422, 0x0423, 0x0424, 0x0425, 0x0426, 0x0429, 0x042A, 0x042C,
    0x042D, 0x042E, 0x0430, 0x0431, 0x0432, 0x0433, 0x0434, 0x0435, 0x0436, 0x0437, 0x0438, 0x0439,
    0x043A, 0x043B, 0x043C, 0x043D, 0x043E, 0x043F, 0x0440, 0x0441, 0x0442, 0x0443, 0x0444, 0x0445,
    0x0446, 0x0447, 0x0448, 0x0449, 0x044A, 0x044B, 0x044C, 0x044D, 0x044E, 0x044F, 0x0450, 0x0451,
    0x0452, 0x0453, 0x0454, 0x0455, 0x0457, 0x0458, 0x0459, 0x045A, 0x045B, 0x045C, 0x045D, 0x045E,
    0x045F, 0x0460, 0x0461, 0x0462, 0x0463, 0x0464, 0x0466, 0x0467, 0x0468, 0x0469, 0x046E, 0x046F,
    0x0472, 0x0473, 0x0474, 0x0475, 0x0476, 0x0477, 0x0478, 0x0479, 0x047A, 0x047B, 0x047C, 0x047D,
    0x047E, 0x047F, 0x0480, 0x048A, 0x048B, 0x048C, 0x048D, 0x048E, 0x048F, 0x0490, 0x0491, 0x0492,
    0x0493, 0x0495, 0x0496, 0x0497, 0x0498, 0x0499, 0x049A, 0x049B, 0x049C, 0x049D, 0x049E, 0x049F,
    0x04A0, 0x04A1, 0x04A2, 0x04A3, 0x04A4, 0x04A5, 0x04A7, 0x04A9, 0x04AA, 0x04AC, 0x04AD, 0x04AE,
    0x04AF, 0x04B0, 0x04B1, 0x04B2, 0x04B3, 0x04B4, 0x04B5, 0x04B6, 0x04B7, 0x04BB, 0x04BC, 0x04BD,
    0x04BE, 0x04BF, 0x04C1, 0x04C2, 0x04C4, 0x04C5, 0x04C6, 0x04C9, 0x04CA, 0x04CD, 0x04CE, 0x04D0,
    0x04D1, 0x04D2, 0x04D3, 0x04D5, 0x04D7, 0x04D8, 0x04D9, 0x04DA, 0x04DB, 0x04DC, 0x04DD, 0x04DE,
    0x04DF, 0x04E6, 0x04E7, 0x04E8, 0x04E9, 0x04EA, 0x04EB, 0x04EC, 0x04ED, 0x04EE, 0x04EF, 0x04F0,
    0x04F1, 0x04F2, 0x04F3, 0x04F5, 0x04F6, 0x04F7, 0x04F9, 0x04FA, 0x04FB, 0x04FC, 0x04FD, 0x04FE,
    0x04FF, 0x1EA0, 0x1EA1, 0x1EA2, 0x1EA3, 0x1EA4, 0x1EA5, 0x1EA6, 0x1EA7, 0x1EA8, 0x1EA9, 0x1EAA,
    0x1EAB, 0x1EAC, 0x1EAD, 0x1EAE, 0x1EAF, 0x1EB0, 0x1EB1, 0x1EB2, 0x1EB3, 0x1EB4, 0x1EB5, 0x1EB6,
    0x1EB7, 0x1EB8, 0x1EB9, 0x1EBA, 0x1EBB, 0x1EBC, 0x1EBD, 0x1EBE, 0x1EBF, 0x1EC0, 0x1EC1, 0x1EC2,
    0x1EC3, 0x1EC4, 0x1EC5, 0x1EC6, 0x1EC7, 0x1ECC, 0x1ECD, 0x1ECE, 0x1ECF, 0x1ED0, 0x1ED1, 0x1ED2,
    0x1ED3, 0x1ED4, 0x1ED5, 0x1ED6, 0x1ED7, 0x1ED8, 0x1ED9, 0x1EDA, 0x1EDB, 0x1EDC, 0x1EDD, 0x1EDE,
    0x1EDF, 0x1EE0, 0x1EE1, 0x1EE2, 0x1EE3, 0x1EE4, 0x1EE6, 0x1EE8, 0x1EE9, 0x1EEA, 0x1EEB, 0x1EEC,
    0x1EED, 0x1EEE, 0x1EEF, 0x1EF0, 0x1EF1, 0x1EF2, 0x1EF3, 0x1EF4, 0x1EF5, 0x1EF6, 0x1EF7, 0x1EF8,
    0x1EF9, 0x2013, 0x2014, 0x2015, 0x2018, 0x2019, 0x201A, 0x201C, 0x201D, 0x201E, 0x2039, 0x203A,
    0x207D, 0x208D, 0xFB00,
};

static const uint8_t notosans_18_bolditalicKernLeftClassIds[] = {
      1,   2,   3,   2,   4,   5,   6,   5,   7,   8,   9,  10,  11,  12,  13,  14,
     10,  15,  10,  16,  17,  18,  19,  19,  13,  20,  21,   4,  22,  23,  24,  25,
     24,  26,  27,  24,  24,  28,  29,  30,  30,  27,  30,   4,  31,  32,  33,  34,
      7,   7,   7,   7,   7,   7,  11,   9,  11,  11,  11,  11,  10,  10,  10,  10,
     10,  10,  10,  18,  18,  18,  18,  20,  15,  23,  23,  23,  23,  23,  23,  24,
     24,  24,  24,  24,  35,  24,  24,  24,  24,  24,  24,  24,  30,  24,  30,   7,
     23,   7,  23,   7,  23,   9,   9,   9,   9,  10,  36,  10,  11,  24,  11,  24,
     11,  24,  11,  24,  11,  24,  37,  35,  38,  13,  27,  27,  14,  14,  14,  36,
     14,  14,  10,  24,  10,  24,  10,  24,  11,  24,  28,  28,  28,  17,  29,  17,
     39,  17,  29,  18,  18,  18,  18,  18,  18,  19,  30,  20,  30,  20,  21,  21,
     21,  40,  41,  42,  43,  35,   7,  23,  11,  24,  10,  24,  35,  17,  29,  44,
     45,  46,  47,  48,  44,  44,  49,  50,  51,  52,  53,  54,  45,  55,  50,  54,
     50,  56,  57,  46,  45,  51,  58,  50,  55,  55,  44,  44,  56,  56,  59,  60,
     61,  62,  63,  62,  64,  61,  59,  59,  65,  59,  59,  59,  66,  67,  66,  64,
     67,  68,  66,  65,  69,  59,  59,  69,  70,  59,  70,  66,  66,  59,  62,  62,
     71,  62,  64,  72,  73,  74,  70,  70,  67,  65,  59,  75,  59,  51,  76,  77,
     70,  46,  52,  78,  52,  78,  54,  61,  56,  66,  51,  76,  51,  76,  68,  68,
     56,  66,  56,  66,  51,  76,  46,  55,  63,  77,  70,  57,  66,  79,  80,  81,
     82,  83,  84,  85,  54,  61,  84,  85,  50,  64,  50,  64,  50,  64,  55,  63,
     81,  80,  83,  66,  46,  79,  63,  86,  87,  86,  87,  84,  85,  55,  63,  55,
     63,  83,  88,  62,  88,  62,  50,  64,  64,  55,  63,  55,  63,  55,  63,  52,
     23,  52,  23,  62,  62,  56,  66,  56,  66,  50,  64,  54,  61,  56,  66,  56,
     66,  56,  66,  56,  66,  51,  68,  51,  68,  51,  68,  59,  79,  80,  59,  81,
     82,  84,  85,  50,  85,   7,  23,   7,  23,   7,  23,   7,  23,   7,  23,   7,
     23,   7,  23,   7,  23,   7,  23,   7,  23,   7,  23,   7,  23,  11,  24,  11,
     24,  11,  24,  11,  24,  11,  24,  11,  24,  11,  24,  11,  24,  10,  24,  10,
     24,  10,  24,  10,  24,  10,  24,  10,  24,  10,  24,  40,  41,  40,  41,  40,
     41,  40,  41,  40,  41,  18,  18,  42,  43,  42,  43,  42,  43,  42,  43,  42,
     43,  20,  30,  20,  30,  20,  30,  20,  30,   6,   6,   6,   2,   2,   5,   2,
      2,   5,  32,  33,  89,  90,  26,
};

static const uint16_t notosans_18_bolditalicKernRightCodepoints[] = {
    0x0021, 0x0022, 0x0026, 0x0027, 0x0029, 0x002C, 0x002D, 0x002E, 0x003A, 0x003B, 0x003F, 0x0041,
    0x0043, 0x0047, 0x0049, 0x004A, 0x004F, 0x0051, 0x0053, 0x0054, 0x0055, 0x0056, 0x0057, 0x0058,
    0x0059, 0x005A, 0x005D, 0x0061, 0x0063, 0x0064, 0x0065, 0x0066, 0x0067, 0x006A, 0x006D, 0x006E,
    0x006F, 0x0070, 0x0071, 0x0072, 0x0073, 0x0074, 0x0075, 0x0076, 0x0077, 0x0079, 0x007A, 0x007D,
    0x00AB, 0x00BB, 0x00C0, 0x00C1, 0x00C2, 0x00C3, 0x00C4, 0x00C5, 0x00C6, 0x00C7, 0x00D2, 0x00D3,
    0x00D4, 0x00D5, 0x00D6, 0x00D8, 0x00D9, 0x00DA, 0x00DB, 0x00DC, 0x00DD, 0x00DF, 0x00E0, 0x00E1,
    0x00E2, 0x00E3, 0x00E4, 0x00E5, 0x00E6, 0x00E7, 0x00E8, 0x00E9, 0x00EA, 0x00EB, 0x00F1, 0x00F2,
    0x00F3, 0x00F4, 0x00F5, 0x00F6, 0x00F8, 0x00F9, 0x00FA, 0x00FB, 0x00FC, 0x00FD, 0x00FF, 0x0100,
    0x0101, 0x0102, 0x0103, 0x0104, 0x0105, 0x0106, 0x0107, 0x0108, 0x0109, 0x010A, 0x010B, 0x010C,
    0x010D, 0x010F, 0x0111, 0x0113, 0x0115, 0x0117, 0x0119, 0x011B, 0x011C, 0x011D, 0x011E, 0x011F,
    0x0120, 0x0121, 0x0122, 0x0123, 0x0127, 0x0129, 0x0135, 0x0138, 0x0144, 0x0146, 0x0148, 0x014B,
    0x014C, 0x014D, 0x014E, 0x014F, 0x0150, 0x0151, 0x0152, 0x0153, 0x0155, 0x0157, 0x015B, 0x015D,
    0x015F, 0x0161, 0x0162, 0x0163, 0x0164, 0x0165, 0x0166, 0x0167, 0x0168, 0x0169, 0x016A, 0x016B,
    0x016C, 0x016D, 0x016E, 0x016F, 0x0170, 0x0171, 0x0172, 0x0173, 0x0174, 0x0175, 0x0176, 0x0177,
    0x0178, 0x0179, 0x017A, 0x017B, 0x017C, 0x017D, 0x017E, 0x01A0, 0x01A1, 0x01AF, 0x01B0, 0x01FA,
    0x01FB, 0x01FC, 0x01FD, 0x01FE, 0x01FF, 0x0219, 0x021A, 0x021B, 0x0402, 0x0404, 0x0405, 0x0408,
    0x0409, 0x040B, 0x040E, 0x0410, 0x0414, 0x0416, 0x0417, 0x041B, 0x041E, 0x0421, 0x0422, 0x0423,
    0x0424, 0x0425, 0x0427, 0x042A, 0x042D, 0x042F, 0x0430, 0x0431, 0x0432, 0x0433, 0x0434, 0x0435,
    0x0436, 0x0437, 0x0438, 0x0439, 0x043A, 0x043B, 0x043C, 0x043D, 0x043E, 0x043F, 0x0440, 0x0441,
    0x0442, 0x0443, 0x0444, 0x0445, 0x0446, 0x0447, 0x0448, 0x0449, 0x044A, 0x044B, 0x044C, 0x044D,
    0x044E, 0x044F, 0x0450, 0x0451, 0x0452, 0x0453, 0x0454, 0x0455, 0x0457, 0x0458, 0x0459, 0x045A,
    0x045B, 0x045C, 0x045D, 0x045E, 0x045F, 0x0460, 0x0461, 0x0462, 0x0465, 0x0466, 0x0467, 0x0469,
    0x046D, 0x046E, 0x046F, 0x0470, 0x0471, 0x0472, 0x0473, 0x0474, 0x0475, 0x0476, 0x0477, 0x0478,
    0x0479, 0x047A, 0x047B, 0x047C, 0x047D, 0x047E, 0x047F, 0x0480, 0x0481, 0x048B, 0x048C, 0x048D,
    0x048F, 0x0491, 0x0492, 0x0495, 0x0496, 0x0497, 0x0498, 0x0499, 0x049B, 0x049D, 0x049E, 0x049F,
    0x04A0, 0x04A1, 0x04A3, 0x04A5, 0x04A7, 0x04A8, 0x04A9, 0x04AA, 0x04AB, 0x04AC, 0x04AD, 0x04AE,
    0x04AF, 0x04B0, 0x04B1, 0x04B2, 0x04B3, 0x04B4, 0x04B5, 0x04B6, 0x04B7, 0x04B8, 0x04B9, 0x04BB,
    0x04BC, 0x04BD, 0x04BE, 0x04BF, 0x04C1, 0x04C2, 0x04C4, 0x04C5, 0x04C6, 0x04C8, 0x04CA, 0x04CB,
    0x04CC, 0x04CE, 0x04D0, 0x04D1, 0x04D2, 0x04D3, 0x04D4, 0x04D5, 0x04D7, 0x04D8, 0x04D9, 0x04DA,
    0x04DB, 0x04DC, 0x04DD, 0x04DE, 0x04DF, 0x04E3, 0x04E5, 0x04E6, 0x04E7, 0x04E8, 0x04E9, 0x04EA,
    0x04EB, 0x04EC, 0x04ED, 0x04EE, 0x04EF, 0x04F0, 0x04F1, 0x04F2, 0x04F3, 0x04F4, 0x04F5, 0x04F7,
    0x04F9, 0x04FA, 0x04FC, 0x04FD, 0x04FE, 0x04FF, 0x1EA0, 0x1EA1, 0x1EA2, 0x1EA3, 0x1EA4, 0x1EA5,
    0x1EA6, 0x1EA7, 0x1EA8, 0x1EA9, 0x1EAA, 0x1EAB, 0x1EAC, 0x1EAD, 0x1EAE, 0x1EAF, 0x1EB0, 0x1EB1,
    0x1EB2, 0x1EB3, 0x1EB4, 0x1EB5, 0x1EB6, 0x1EB7, 0x1EB9, 0x1EBB, 0x1EBD, 0x1EBF, 0x1EC1, 0x1EC3,
    0x1EC5, 0x1EC7, 0x1ECC, 0x1ECD, 0x1ECE, 0x1ECF, 0x1ED0, 0x1ED1, 0x1ED2, 0x1ED3, 0x1ED4, 0x1ED5,
    0x1ED6, 0x1ED7, 0x1ED8, 0x1ED9, 0x1EDA, 0x1EDB, 0x1EDC, 0x1EDD, 0x1EDE, 0x1EDF, 0x1EE0, 0x1EE1,
    0x1EE2, 0x1EE3, 0x1EE4, 0x1EE5, 0x1EE6, 0x1EE7, 0x1EE8, 0x1EE9, 0x1EEA, 0x1EEB, 0x1EEC, 0x1EED,
    0x1EEE, 0x1EEF, 0x1EF0, 0x1EF1, 0x1EF2, 0x1EF3, 0x1EF4, 0x1EF5, 0x1EF6, 0x1EF7, 0x1EF8, 0x1EF9,
    0x2013, 0x2014, 0x2015, 0x2018, 0x2019, 0x201A, 0x201C, 0x201D, 0x201E, 0x2026, 0x2039, 0x203A,
    0x207E, 0x208E, 0xFB00,
};

static const uint8_t notosans_18_bolditalicKernRightClassIds[] = {
      1,   2,   3,   2,   4,   5,   6,   5,   7,   7,   8,   9,  10,  10,  11,  12,
     10,  10,  13,  14,  15,  16,  16,  17,  18,  19,   4,  20,  21,  21,  21,  22,
     23,  24,  25,  25,  21,  25,  21,  25,  26,  27,  25,  28,  28,  28,  29,   4,
     30,  31,   9,   9,   9,   9,   9,   9,  32,  10,  10,  10,  10,  10,  10,  10,
     15,  15,  15,  15,  18,  24,  21,  20,  20,  20,  20,  20,  20,  21,  21,  21,
     21,  21,  25,  21,  21,  21,  21,  21,  21,  25,  25,  25,  25,  28,  28,   9,
     20,   9,  20,   9,  20,  10,  21,  10,  21,  10,  21,  10,  21,  21,  21,  21,
     21,  21,  21,  21,  10,  23,  10,  23,  10,  23,  10,  23,  33,  34,  24,  25,
     25,  25,  25,  25,  10,  21,  10,  21,  10,  21,  10,  21,  25,  25,  26,  26,
     26,  26,  14,  27,  14,  27,  14,  27,  15,  25,  15,  25,  15,  25,  15,  25,
     15,  25,  15,  25,  16,  28,  18,  28,  18,  19,  29,  19,  29,  19,  29,  10,
     21,  15,  25,   9,  20,  32,  20,  10,  21,  26,  14,  27,  35,  36,  37,  38,
     39,  35,  40,  41,  42,  43,  44,  39,  36,  36,  35,  40,  45,  43,  46,  35,
     44,  47,  48,  49,  48,  50,  51,  48,  52,  50,  53,  53,  54,  55,  54,  54,
     48,  54,  54,  48,  54,  56,  48,  57,  53,  58,  53,  53,  59,  53,  53,  52,
     54,  60,  48,  48,  61,  50,  48,  62,  63,  64,  55,  54,  61,  54,  53,  65,
     53,  66,  67,  68,  69,  41,  70,  69,  69,  44,  50,  46,  69,  71,  72,  66,
     67,  66,  67,  71,  72,  71,  72,  71,  72,  66,  67,  71,  72,  69,  68,  61,
     69,  69,  68,  69,  43,  50,  44,  50,  69,  69,  68,  61,  73,  59,  69,  69,
     69,  71,  72,  71,  72,  35,  69,  74,  75,  74,  75,  43,  52,  73,  59,  46,
     58,  46,  58,  69,  76,  77,  76,  77,  43,  52,  69,  78,  70,  69,  69,  46,
     58,  69,  41,  79,  41,  79,  41,  79,  72,  80,  50,  80,  50,  43,  52,  44,
     50,  69,  69,  71,  72,  71,  72,  71,  72,  44,  52,  40,  56,  40,  56,  40,
     56,  46,  58,  69,  53,  68,  43,  52,  43,  52,   9,  20,   9,  20,   9,  20,
      9,  20,   9,  20,   9,  20,   9,  20,   9,  20,   9,  20,   9,  20,   9,  20,
      9,  20,  21,  21,  21,  21,  21,  21,  21,  21,  10,  21,  10,  21,  10,  21,
     10,  21,  10,  21,  10,  21,  10,  21,  10,  21,  10,  21,  10,  21,  10,  21,
     10,  21,  15,  25,  15,  25,  15,  25,  15,  25,  15,  25,  15,  25,  15,  25,
     18,  28,  18,  28,  18,  28,  18,  28,   6,   6,   6,  81,   2,   5,  81,   2,
      5,   5,  30,  31,  82,  83,  22,
};

static const uint16_t notosans_18_bolditalicKernRowOffsets[] = {
        0,     2,    32,    35,    50,    65,    78,    84,    85,    88,    96,    97,   100,   102,   109,   115,
      116,   132,   134,   146,   160,   163,   164,   165,   168,   169,   171,   172,   177,   179,   182,   185,
      192,   200,   204,   205,   211,   213,   214,   219,   226,   232,   246,   254,   270,   299,   309,   314,
      316,   323,   342,   371,   395,   409,   423,   439,   452,   468,   487,   488,   504,   514,   522,   527,
      535,   545,   561,   570,   582,   600,   619,   628,   633,   641,   643,   655,   657,   664,   676,   700,
      704,   722,   726,   734,   741,   743,   758,   760,   763,   764,   765,
};

static const uint8_t notosans_18_bolditalicKernSparseCols[] = {
     70,  71,   8,  13,  15,  17,  19,  20,  22,  24,  25,  33,  34,  36,  38,  39,
     40,  41,  42,  43,  45,  49,  54,  55,  60,  62,  64,  68,  69,  71,  77,  78,
     13,  15,  17,  11,  21,  23,  34,  37,  38,  41,  42,  43,  44,  55,  60,  62,
     63,  64,   9,  13,  14,  15,  17,  34,  44,  45,  57,  58,  65,  70,  72,  73,
     75,  13,  34,  39,  41,  42,  45,  54,  55,  56,  57,  58,  64,  72,   1,   9,
     11,  13,  15,  17,   4,   2,   9,  29,   4,   8,  13,  15,  16,  17,  18,  36,
     11,   4,   7,   8,   9,  29,   1,   9,  13,  14,  15,  17,  29,   2,   4,   8,
     16,  18,  29,  29,   2,   4,   5,   7,   8,   9,  13,  19,  20,  22,  24,  25,
     27,  28,  29,  30,   4,   8,   2,   4,   7,   8,   9,  19,  20,  22,  24,  25,
     29,  30,   2,   4,   7,   8,   9,  19,  20,  22,  24,  25,  28,  29,  30,  31,
      2,   9,  29,  11,   1,   1,  27,  28,   1,   1,   3,  20,   1,   4,  19,  20,
     22,   1,   3,   1,   4,   7,  11,  13,  17,  13,  15,  17,  34,  39,  45,  72,
     13,  15,  17,  34,  39,  42,  45,  72,  11,  13,  15,  17,   3,   0,   1,   3,
      7,  32,  80,   3,  33,  11,   0,   1,   3,   7,  80,   7,  12,  13,  15,  16,
     17,  20,   1,  21,  25,  26,  27,  80,   1,   4,   7,   8,  10,  12,  13,  15,
     16,  17,  19,  20,  24,  80,   1,   4,   7,  21,  25,  26,  27,  80,   1,   3,
      4,  34,  35,  39,  42,  44,  45,  46,  51,  55,  57,  58,  64,  80,   3,   4,
      5,   6,  30,  34,  35,  38,  40,  41,  43,  44,  46,  47,  49,  50,  51,  52,
     53,  54,  55,  56,  57,  58,  59,  60,  61,  62,  64,  29,  35,  37,  44,  45,
     47,  50,  57,  70,  75,   4,  44,  45,  57,  80,  37,  63,   1,  34,  39,  45,
     57,  58,  80,   3,   4,   5,  29,  35,  37,  41,  44,  45,  47,  50,  52,  55,
     57,  58,  62,  64,  70,  75,   4,   5,   6,  29,  30,  35,  38,  40,  41,  44,
     46,  47,  48,  49,  50,  52,  53,  54,  57,  59,  60,  61,  62,  69,  70,  71,
     75,  76,  77,   1,  34,  35,  37,  38,  39,  44,  45,  47,  48,  50,  52,  54,
     55,  57,  58,  64,  65,  67,  72,  73,  75,  79,  80,   1,  35,  40,  42,  44,
     45,  51,  55,  56,  57,  58,  64,  75,  80,   4,  34,  36,  39,  40,  42,  43,
     44,  45,  46,  51,  57,  65,  73,   3,  34,  35,  37,  38,  40,  41,  42,  44,
     45,  54,  55,  57,  58,  63,  64,   4,  34,  39,  40,  42,  43,  45,  46,  57,
     65,  69,  72,  73,   4,   5,  29,  34,  38,  39,  40,  41,  42,  43,  46,  47,
     50,  54,  69,  77,   3,   4,   6,  34,  36,  38,  39,  40,  41,  42,  43,  45,
     46,  54,  65,  69,  72,  73,  77,  34,   1,   4,  34,  39,  42,  45,  49,  51,
     55,  56,  57,  58,  59,  61,  64,  80,   4,  34,  45,  49,  51,  55,  57,  58,
     59,  64,   1,  34,  45,  47,  50,  55,  57,  64,   1,   4,  34,  42,  56,  34,
     45,  47,  50,  54,  57,  71,  76,   4,   5,  34,  45,  47,  48,  50,  52,  57,
     80,   1,   4,  34,  39,  42,  45,  49,  51,  55,  56,  57,  58,  59,  61,  64,
     80,   1,  34,  42,  45,  55,  57,  58,  64,  80,   4,   5,  34,  38,  40,  42,
     47,  50,  54,  59,  69,  80,   1,   3,  34,  37,  38,  40,  41,  42,  44,  45,
     52,  54,  55,  57,  58,  63,  64,  80,   1,  34,  35,  38,  39,  41,  45,  48,
     51,  52,  55,  56,  57,  58,  64,  66,  74,  76,  80,   1,  34,  37,  55,  57,
     58,  63,  64,  80,  34,  39,  47,  50,  57,   1,   3,  34,  39,  42,  60,  62,
     80,  37,  63,   4,   5,  34,  38,  40,  42,  47,  50,  54,  59,  69,  80,   4,
     69,   1,  34,  45,  58,  65,  72,  73,   1,  55,  57,  58,  59,  64,  66,  68,
     71,  74,  76,  78,   4,   5,  29,  30,  34,  40,  44,  49,  51,  55,  57,  58,
     59,  61,  64,  66,  68,  69,  70,  71,  74,  75,  76,  77,   4,   5,  69,  71,
      4,   5,  34,  40,  44,  49,  51,  57,  60,  61,  68,  69,  70,  71,  72,  75,
     76,  77,   4,  66,  69,  71,   1,  55,  57,  58,  64,  66,  74,  76,  37,  44,
     57,  58,  70,  75,  76,  57,  71,   4,  40,  44,  49,  57,  59,  60,  68,  69,
     70,  71,  76,  77,  78,  79,   4,  69,  34,  65,  73,  81,  82,
};

static const int8_t notosans_18_bolditalicKernSparseValues[] = {
     -12,  -12,  -42,   12,   12,    6,  -24,  -36,  -18,  -18,  -18,   38,   12,   18,  -30,   18,
     -42,  -36,   18,   24,   12,    6,  -18,   12,   24,   24,   12,   -6,  -42,  -36,  -36,  -12,
     -36,  -24,  -36,   54,   24,   24,   18,   66,   -6,   24,   12,   18,  -12,   18,   24,   18,
      54,   18,  -30,  -42,  -12,  -36,  -36,  -36,  -24,  -48,  -36,  -30,  -36,  -30,  -42,  -36,
     -36,  -24,  -24,  -12,   -6,  -12,  -30,   -6,   -6,   -6,  -12,  -12,   -6,  -24,  -42,  -12,
      45,  -30,   -6,  -18,  -12,   -6,  -12,  -12,  -24,  -12,  -18,   -6,  -12,   -6,   -6,   -6,
      36,  -36,   12,  -12,  -12,  -12,  -48,  -12,  -24,   -6,  -12,  -24,  -24,  -12,  -78,  -30,
     -12,   -6,   -6,   -6,  -12,  -36,  -24,   12,  -30,  -12,    6,  -48,  -42,  -42,  -30,  -36,
     -12,  -24,  -36,  -24,  -12,   -6,   -6,  -30,   12,   -6,   -6,  -12,  -12,   -6,   -6,   -6,
     -24,  -12,  -18,  -36,   12,  -18,  -12,  -30,  -30,  -12,  -18,  -24,  -12,  -24,  -24,  -12,
     -12,   -6,   -6,   65,   -6,   -6,  -12,   -6,   12,   36,   24,  -12,   24,  -68,  -12,  -12,
      -6,   12,   12,   24,  -24,   12,   36,  -12,   -6,  -24,  -12,  -24,  -24,   -6,  -12,  -18,
     -36,  -24,  -24,  -36,  -12,  -12,  -36,  -24,   60,  -30,   -6,  -18,   24,   36,   46,   53,
      48,   42,   20,   24,   70,   30,   22,   35,   47,   23,   11,   18,   12,   18,   24,   18,
      36,   12,   12,   24,   12,   24,   30,   36,   12,  -24,   30,  -12,   18,   12,   42,   48,
      36,   48,  -12,    6,   -6,   12,   12,   -6,   12,   30,   12,   30,   30,   30,  -48,   -6,
     -12,  -42,   -6,  -12,   -6,   -6,  -48,   -6,   -6,  -18,  -18,  -36,  -18,  -42,   18,  -36,
     -24,  -12,  -24,    6,  -12,  -36,  -30,  -36,    6,  -21,   -6,  -42,  -13,  -56,  -11,  -18,
     -18,  -42,   -8,  -13,  -23,   -8,  -18,   30,  -18,   12,  -17,  -12,   -6,   12,  -12,   -6,
      -6,   -6,  -12,  -12,  -12,   -6,   -6,  -12,   -9,   -6,   30,   18,  -48,  -42,  -12,  -48,
     -18,  -30,  -30,   12,   -6,  -18,  -12,  -15,   12,    6,  -24,  -12,   -6,  -12,   -6,   -6,
     -18,   -6,    6,   -6,  -12,  -30,  -48,  -12,  -12,  -24,  -12,  -12,  -44,  -44,  -42,  -18,
     -18,  -18,  -12,   -6,  -29,   -6,  -12,  -34,  -12,   -6,   34,  -12,   12,  -24,   -6,  -12,
     -12,  -18,  -30,  -42,  -36,  -24,   18,   12,  -16,  -24,  -54,   -6,   -6,   -6,   -6,    8,
     -18,  -36,  -36,  -18,  -24,  -12,  -30,  -36,  -30,  -12,  -42,  -12,   -6,   -6,   -6,   -6,
     -12,   -6,  -18,   -6,  -18,  -24,  -18,  -12,  -12,  -12,  -12,   -6,   -6,   -6,   -6,   -6,
      -6,  -12,   -6,   -6,   -6,   -6,   -6,   24,   -6,   -6,   72,   18,    9,   18,    6,   -6,
     -18,   24,   18,  -24,  -12,   60,   18,  -24,  -24,  -24,  -12,  -15,   -6,  -12,   -6,   -6,
      -6,   -6,   -6,   -6,  -78,   -6,   -6,  -12,  -30,  -18,  -30,  -30,  -18,   -6,   -6,   -6,
      -6,  -24,  -30,  -36,  -12,  -24,   -6,  -30,   -6,  -12,  -32,  -12,   -9,  -24,  -12,  -12,
     -18,  -12,   -6,   -6,  -12,  -18,  -12,  -18,   -6,  -12,  -62,  -18,   -6,  -18,   -6,  -12,
     -24,  -12,  -12,  -12,   -6,   -6,  -24,  -12,  -12,  -36,   -6,   -6,   -6,  -18,  -12,   -6,
       4,  -18,   -6,  -30,   -6,   -6,   -6,  -12,   -6,  -12,   -6,  -12,  -12,   -6,   -6,  -24,
      -6,  -12,  -12,    6,  -12,  -12,  -12,   -6,  -12,  -11,   -6,  -12,   -6,  -12,   -9,   -6,
       6,   -6,  -12,  -42,  -18,   -6,  -18,   -6,  -12,  -24,  -12,  -12,  -12,   -6,   -6,  -24,
     -12,  -18,  -24,   -6,  -12,  -30,  -12,  -12,  -30,  -24,  -24,   -6,   -8,  -18,   -6,   -6,
     -14,  -14,  -30,   -6,  -12,   12,  -12,   24,  -30,   78,   24,   12,   24,   12,  -12,  -24,
      -6,   12,    6,  -12,  -12,   44,    6,  -18,  -36,  -54,  -18,   10,   -7,    4,  -72,   -6,
      -9,   -6,  -36,   -3,  -42,  -42,  -36,  -12,  -18,  -12,  -54,  -18,  -54,   52,  -24,  -12,
     -12,   16,  -24,  -24,  -18,  -12,   -6,   -6,  -12,   24,   18,   16,   12,    6,   23,    6,
      24,   48,   18,  -24,   -6,  -17,  -18,   -6,   -6,  -14,  -14,  -30,   -6,  -12,   12,  -24,
     -12,  -24,  -24,  -36,  -12,  -18,  -30,  -18,  -42,  -18,  -18,  -30,   18,  -18,  -12,   -6,
     -12,  -12,  -12,  -12,  -36,  -24,  -36,  -24,    6,  -30,  -24,  -12,  -12,  -24,  -30,  -24,
     -18,  -36,  -24,  -12,  -30,  -36,  -12,  -42,  -24,  -30,  -42,  -30,  -30,  -12,  -18,   -6,
     -30,  -12,   12,  -36,  -18,  -12,  -12,  -30,   12,  -18,  -18,  -30,  -12,  -24,   12,  -12,
     -18,  -24,  -18,   30,  -18,  -12,  -42,  -12,  -48,  -30,  -12,  -12,  -12,  -12,  127,  -18,
     -24,  -12,  -12,  -18,  -12,   -6,   -6,  -36,  -36,  -18,  -24,  -24,  -12,   12,  -18,  -30,
     -12,  -30,  -24,  -24,  -24,   -6,  -24,   -6,  -12,   -6,   -6,   19,   23,
};

static const EpdLigaturePair notosans_18_bolditalicLigaturePairs[] = {
    { 0x00660066, 0xFB00 }, // f f -> U+FB00
    { 0x00660069, 0xFB01 }, // f i -> U+FB01
    { 0x0066006C, 0xFB02 }, // f l -> U+FB02
    { 0xFB000069, 0xFB03 }, // U+FB00 i -> U+FB03
    { 0xFB00006C, 0xFB04 }, // U+FB00 l -> U+FB04
};

static const EpdFontData notosans_18_bolditalic = {
    notosans_18_bolditalicBitmaps,
    notosans_18_bolditalicGlyphs,
    notosans_18_bolditalicIntervals,
    18,
    51,
    41,
    -11,
    true,
    notosans_18_bolditalicGroups,
    19,
    nullptr,
    nullptr,  // kernLeftClasses: built-in fonts use the split arrays below
    nullptr,  // kernRightClasses
    notosans_18_bolditalicKernLeftCodepoints,
    notosans_18_bolditalicKernLeftClassIds,
    notosans_18_bolditalicKernRightCodepoints,
    notosans_18_bolditalicKernRightClassIds,
    nullptr,  // kernMatrix: built-in fonts use the sparse form below
    notosans_18_bolditalicKernRowOffsets,
    notosans_18_bolditalicKernSparseCols,
    notosans_18_bolditalicKernSparseValues,
    471,
    471,
    90,
    83,
    notosans_18_bolditalicLigaturePairs,
    5,
};
