/**
 * generated by fontconvert.py
 * name: notoserif_16_regular
 * size: 16
 * mode: 2-bit  compressed: true
 * Command used: fontconvert.py notoserif_16_regular 16 ../builtinFonts/source/NotoSerif/NotoSerif-Regular.ttf --2bit --compress --pnum --zopfli
 */
#pragma once
#include "EpdFontData.h"

static const uint8_t notoserif_16_regularBitmaps[40323] = {
    0xB5, 0x97, 0x01, 0x84, 0x27, 0x59, 0x7E, 0xC7, 0x3F, 0x55, 0xB5, 0xB3, 0x15, 0x57, 0x31, 0xEF,
    0x70, 0x13, 0x64, 0x6C, 0x17, 0x1C, 0xD6, 0x32, 0x53, 0x41, 0xB0, 0xE8, 0xEE, 0x57, 0x59, 0x80,
    0x85, 0xC6, 0x74, 0x42, 0x82, 0x01, 0xE0, 0x4E, 0xD2, 0xB0, 0x68, 0xC9, 0xCC, 0x54, 0x25, 0x41,
    0x00, 0x06, 0x07, 0x04, 0x16, 0x8B, 0x5C, 0x2F, 0x66, 0xD1, 0x18, 0x32, 0xD3, 0xF5, 0xF6, 0x82,
    0x45, 0x70, 0x95, 0x3B, 0x2C, 0x82, 0x2B, 0x67, 0x72, 0xE7, 0x36, 0xE2, 0x5E, 0x2E, 0xB5, 0xB6,
    0x66, 0xA6, 0xAA, 0x5E, 0xDE, 0xD7, 0xBF, 0xBB, 0xA7, 0x77, 0x77, 0xE6, 0xB2, 0x73, 0xBB, 0x79,
    0x5D, 0xBF, 0xCF, 0xAF, 0xAA, 0xDE, 0xAF, 0x7E, 0xEF, 0xFD, 0x7E, 0xBF, 0x7A, 0xAF, 0xFA, 0xDF,
    0xD4, 0xFA, 0xB3, 0xB5, 0xE5, 0xE2, 0x5F, 0xC5, 0x75, 0xFD, 0xB1, 0xC5, 0x6B, 0xBC, 0x02, 0x51,
    0x6C, 0xDD, 0xB5, 0x5D, 0x6B, 0x01, 0xFB, 0xD6, 0xA4, 0x23, 0x1D, 0xAB, 0x24, 0x1E, 0xBE, 0xC4,
    0x6F, 0xE1, 0x2F, 0xE3, 0x01, 0x32, 0x77, 0x59, 0xD8, 0x82, 0xBC, 0xBD, 0x06, 0x45, 0xBB, 0x1D,
    0x51, 0x47, 0x18, 0x22, 0x4A, 0xEE, 0x63, 0x42, 0x08, 0xFE, 0x5B, 0xDD, 0xD1, 0xFA, 0x2E, 0xD7,
    0xF0, 0xB0, 0x8D, 0x90, 0x0C, 0x11, 0x69, 0x0F, 0x87, 0xC2, 0x71, 0xE6, 0x78, 0x63, 0x7D, 0xFF,
    0x93, 0xD6, 0x46, 0xE3, 0x36, 0xF1, 0x45, 0x4B, 0x32, 0x14, 0x35, 0x69, 0x6F, 0x40, 0xD0, 0x10,
    0x17, 0xC7, 0x81, 0x1A, 0x52, 0xB7, 0x91, 0xAB, 0x4F, 0x48, 0x42, 0x18, 0xB2, 0xDF, 0xFC, 0xCB,
    0x68, 0x7E, 0xF4, 0xE1, 0x64, 0x7E, 0xE4, 0x24, 0x3E, 0x0A, 0xE6, 0xE7, 0x8E, 0xFC, 0x89, 0x23,
    0x0D, 0x3D, 0x34, 0x0B, 0x14, 0xA1, 0x25, 0x0D, 0x9E, 0xF4, 0xA3, 0x89, 0xF4, 0xC3, 0xF9, 0xB5,
    0xD4, 0x2D, 0xBB, 0x51, 0x6C, 0xEA, 0x66, 0xFB, 0xD6, 0x87, 0x53, 0xF9, 0x93, 0x8F, 0x7C, 0x1E,
    0x42, 0xCB, 0xF7, 0x1F, 0xC9, 0xF7, 0x33, 0x49, 0x5A, 0x4E, 0x5B, 0x1A, 0x5A, 0xF2, 0x16, 0xF3,
    0xB1, 0xC7, 0xD4, 0xC4, 0x94, 0x50, 0x82, 0x65, 0x66, 0x07, 0x76, 0xA3, 0xBA, 0x05, 0x77, 0x78,
    0xC8, 0x88, 0x54, 0xE2, 0x91, 0xCA, 0x7A, 0xA4, 0x72, 0x87, 0x94, 0xA9, 0xF7, 0xF5, 0x40, 0x99,
    0x07, 0x67, 0x99, 0x76, 0xCC, 0xDF, 0xF9, 0xF2, 0x2D, 0x7F, 0x2B, 0x9E, 0xE6, 0xA1, 0x1F, 0xE5,
    0xE2, 0x87, 0x89, 0xBF, 0x13, 0x15, 0x59, 0x7F, 0x9B, 0x87, 0x90, 0xBB, 0x87, 0x52, 0xA6, 0x96,
    0xA2, 0x44, 0x37, 0xD9, 0x41, 0x26, 0xDC, 0xC2, 0x4A, 0x8D, 0x9A, 0x08, 0x89, 0xC7, 0xFC, 0xBD,
    0x27, 0xEB, 0xC9, 0x42, 0x8B, 0xDA, 0x77, 0x04, 0xB5, 0x52, 0x37, 0x08, 0xEF, 0x7B, 0x48, 0xE7,
    0x64, 0x82, 0xCC, 0x33, 0x7F, 0x81, 0xA3, 0x98, 0xCC, 0x51, 0xC3, 0x6A, 0x7A, 0xA0, 0x59, 0x01,
    0xAC, 0xA7, 0x1B, 0x93, 0x30, 0xD2, 0xDD, 0x35, 0x3F, 0x5F, 0x78, 0x40, 0xD5, 0x76, 0xF5, 0x7D,
    0x1A, 0xAC, 0x1B, 0x39, 0xC1, 0x78, 0xCF, 0x4A, 0xB6, 0x0C, 0x2C, 0x10, 0x7A, 0x4E, 0x88, 0x1D,
    0x74, 0xC4, 0x0E, 0x6C, 0x4D, 0x35, 0x53, 0xF5, 0x3C, 0x5C, 0x29, 0xD6, 0x7B, 0x43, 0xF3, 0x28,
    0x09, 0xA1, 0x2E, 0x17, 0x92, 0x1A, 0xB0, 0x7A, 0x0D, 0xA9, 0xA8, 0x28, 0xD9, 0xE2, 0x32, 0x9B,
    0x96, 0xF4, 0x18, 0xC7, 0x2E, 0xCC, 0x9A, 0x58, 0x3E, 0x60, 0x74, 0x83, 0xD2, 0x51, 0xB5, 0xD8,
    0x78, 0xD4, 0xCF, 0x3B, 0x5A, 0xF5, 0x46, 0x1B, 0xE3, 0x64, 0x9F, 0x7B, 0x14, 0xC6, 0x0C, 0x16,
    0x0A, 0x27, 0x9F, 0xA8, 0x0D, 0x70, 0x1B, 0xCA, 0x56, 0x6E, 0xD3, 0x8D, 0xC1, 0x82, 0x66, 0xDC,
    0xC8, 0xF2, 0xDC, 0xD7, 0xC5, 0xE3, 0xEC, 0x26, 0x34, 0xB2, 0x94, 0xFD, 0xAC, 0x67, 0xF3, 0x41,
    0x7E, 0x1E, 0x22, 0x9F, 0x6A, 0x97, 0x00, 0xD3, 0x46, 0xA9, 0x79, 0xB3, 0x48, 0x5C, 0xF3, 0x76,
    0x31, 0x1C, 0x3C, 0xED, 0x86, 0xA4, 0x7B, 0x04, 0x51, 0xAA, 0xA7, 0x5D, 0xDF, 0xBC, 0x6D, 0x86,
    0x37, 0x8D, 0xE2, 0xAB, 0x37, 0xB6, 0x97, 0xA2, 0x56, 0x2B, 0xEA, 0xE7, 0x4A, 0x17, 0xC2, 0x18,
    0xA2, 0xBC, 0xA8, 0x9F, 0xCD, 0x42, 0x6D, 0x6D, 0x6F, 0x7B, 0xD3, 0x67, 0x2E, 0x73, 0x05, 0xB7,
    0x19, 0x80, 0x2B, 0xFB, 0xB5, 0x0D, 0x43, 0x3C, 0x90, 0x45, 0x47, 0x20, 0xD0, 0xA0, 0xA6, 0x45,
    0x45, 0xE6, 0x74, 0xE4, 0xAD, 0x9C, 0x18, 0x74, 0x6C, 0xC1, 0x35, 0xD8, 0x46, 0xC7, 0x21, 0x1C,
    0x83, 0x87, 0x41, 0x79, 0x4B, 0xBF, 0x9A, 0xED, 0x79, 0x2B, 0x57, 0x20, 0x74, 0x8E, 0x6C, 0xCC,
    0x54, 0xBE, 0x64, 0x52, 0x4D, 0x66, 0xD5, 0xE6, 0x44, 0x35, 0x6A, 0xB0, 0x82, 0x52, 0x8A, 0x50,
    0xFF, 0x56, 0x6C, 0x8C, 0x2B, 0x41, 0x0E, 0x36, 0xAE, 0x8A, 0x21, 0x99, 0x37, 0xEE, 0x59, 0x0F,
    0x7A, 0xA8, 0x02, 0xC0, 0x1E, 0x90, 0x7A, 0x30, 0x51, 0x1A, 0x4F, 0xFE, 0x99, 0xC7, 0x7E, 0x14,
    0x25, 0xF7, 0xF0, 0x75, 0xA4, 0x18, 0xB9, 0x74, 0xB0, 0xEE, 0x95, 0x2A, 0x04, 0x90, 0x46, 0x55,
    0x3E, 0x09, 0xD8, 0xBA, 0x72, 0x71, 0x3E, 0xFD, 0x43, 0xCC, 0x70, 0x9B, 0x62, 0x78, 0x25, 0x0A,
    0xF1, 0x1A, 0xCD, 0x91, 0xB2, 0x06, 0x0B, 0x3C, 0x80, 0x64, 0x84, 0x4C, 0x5D, 0x2D, 0x5C, 0x3F,
    0xBD, 0x25, 0xD7, 0x8E, 0xEF, 0x1A, 0x78, 0x67, 0x07, 0xC6, 0xF5, 0xE8, 0x7D, 0x15, 0x5A, 0x72,
    0x3A, 0xC6, 0xA4, 0x31, 0x6A, 0xDB, 0x96, 0x7D, 0x83, 0xF1, 0x77, 0xC8, 0xFD, 0x4E, 0x94, 0x57,
    0xA2, 0xB0, 0x19, 0xC7, 0x81, 0x85, 0x57, 0x27, 0xBD, 0x5C, 0xF0, 0xFD, 0x50, 0x43, 0x35, 0x40,
    0xA1, 0xC1, 0x26, 0x2D, 0x72, 0xC9, 0xB7, 0xA3, 0x1C, 0xC7, 0xEB, 0x89, 0xDC, 0x3F, 0xA4, 0xEC,
    0xED, 0x2F, 0x42, 0x5D, 0x84, 0x09, 0xAE, 0x00, 0xE4, 0x03, 0x9B, 0x6C, 0x61, 0x85, 0xBF, 0x11,
    0xFE, 0x27, 0x22, 0xFD, 0x28, 0x22, 0xFF, 0x87, 0x08, 0xA3, 0xE1, 0xAE, 0x09, 0x87, 0x82, 0x8F,
    0x48, 0xFB, 0x88, 0xDC, 0x45, 0x18, 0x22, 0xAE, 0x0B, 0x3B, 0xFB, 0x7F, 0xF1, 0xE9, 0x5E, 0xA7,
    0x7D, 0x7E, 0x5F, 0x67, 0xE8, 0xDE, 0x45, 0x14, 0x11, 0xC9, 0xC1, 0x5A, 0x93, 0x85, 0xE0, 0x8A,
    0x10, 0x7A, 0x13, 0xC2, 0x20, 0x31, 0x30, 0x5C, 0xDE, 0x08, 0x92, 0xD7, 0x4E, 0xE5, 0xDA, 0x25,
    0x15, 0x75, 0xA2, 0x3A, 0x0A, 0x2D, 0x54, 0xFD, 0xC6, 0x45, 0xB6, 0x89, 0xED, 0x82, 0xFC, 0x71,
    0xBC, 0xF7, 0x20, 0xF6, 0x9D, 0x50, 0x39, 0xFB, 0xC9, 0xC5, 0xD8, 0xD8, 0x6C, 0xF5, 0xCD, 0x3F,
    0x8E, 0xC9, 0x9C, 0xCC, 0xDA, 0xE0, 0x8A, 0x9E, 0xFB, 0x46, 0x95, 0x89, 0x52, 0xB5, 0x60, 0xEB,
    0x28, 0x7F, 0x72, 0x03, 0x7B, 0x10, 0x5A, 0xFB, 0xF8, 0xA6, 0xB7, 0x2E, 0x9D, 0x6D, 0xCD, 0x12,
    0x65, 0x8D, 0x72, 0x22, 0x89, 0x76, 0x27, 0xD1, 0x7E, 0x35, 0x8E, 0x45, 0x2F, 0x5D, 0x36, 0x66,
    0x23, 0xEB, 0xBD, 0x9E, 0x2A, 0xD4, 0xB0, 0x47, 0x13, 0xC2, 0xD2, 0x6D, 0x24, 0xE6, 0x99, 0xE9,
    0x03, 0x52, 0xFF, 0x01, 0x99, 0xD2, 0xA7, 0x39, 0xBB, 0xCF, 0xBF, 0x0B, 0xBB, 0xC0, 0x43, 0x60,
    0x06, 0x54, 0x22, 0xCF, 0xC6, 0x74, 0x78, 0xB1, 0xA9, 0x1A, 0x07, 0x2B, 0xA4, 0x7A, 0xD1, 0x8B,
    0x21, 0xDA, 0x97, 0x2E, 0x99, 0x14, 0xC0, 0x4C, 0x55, 0x0B, 0x3A, 0x2B, 0x1D, 0x13, 0x66, 0x48,
    0x3D, 0xF9, 0x52, 0xF4, 0x24, 0xE1, 0x04, 0x68, 0x16, 0x21, 0xB4, 0x64, 0xBE, 0xF1, 0x18, 0x97,
    0xCF, 0x28, 0x36, 0x1A, 0x68, 0x04, 0x7B, 0x01, 0x16, 0x6E, 0xCB, 0xF3, 0x4C, 0xF1, 0xE9, 0x55,
    0x4F, 0xD2, 0x29, 0xBE, 0x24, 0x8A, 0x1A, 0xCD, 0x44, 0xB6, 0xC6, 0xEC, 0x0E, 0x65, 0x5F, 0xC6,
    0xCA, 0xDB, 0x3A, 0x1B, 0x2D, 0xC9, 0xDC, 0xC0, 0x99, 0x2C, 0x12, 0x65, 0xAF, 0x72, 0xD9, 0x62,
    0xC6, 0x72, 0xC9, 0xC2, 0xBC, 0x70, 0x70, 0x77, 0x81, 0xCD, 0x47, 0x05, 0xD2, 0xE9, 0xB4, 0x82,
    0xFE, 0xF7, 0x29, 0xFA, 0x2D, 0xAA, 0xD6, 0xFC, 0x62, 0x25, 0x0F, 0xE3, 0x69, 0xC5, 0xAA, 0xDA,
    0xBA, 0xC6, 0xD9, 0xF6, 0x12, 0x5F, 0x6C, 0xDA, 0xE2, 0x62, 0x8F, 0x53, 0xC5, 0x88, 0xCF, 0x1A,
    0x5F, 0x7A, 0x33, 0x24, 0x35, 0x5F, 0x68, 0x09, 0x65, 0x5F, 0xC5, 0xBE, 0xDC, 0x27, 0x3E, 0xE9,
    0x33, 0x57, 0xF1, 0x0E, 0xE7, 0xED, 0xBB, 0x90, 0x8E, 0x5A, 0x23, 0x24, 0x2B, 0x94, 0x51, 0x85,
    0x1A, 0x33, 0x42, 0x57, 0x47, 0x41, 0xB7, 0x50, 0x97, 0x4C, 0x20, 0x5D, 0x74, 0xD2, 0x6F, 0x9E,
    0x79, 0xE6, 0x46, 0xEB, 0xB3, 0x8B, 0xC2, 0x17, 0xDA, 0xF7, 0x8E, 0x8E, 0xDE, 0x53, 0xDF, 0xFE,
    0xFE, 0xFE, 0x1E, 0x40, 0x0F, 0xC8, 0x83, 0xED, 0x21, 0xD7, 0x49, 0xD3, 0x42, 0x3E, 0x01, 0x5D,
    0xBB, 0x59, 0xA3, 0xF9, 0xA8, 0x9B, 0xEA, 0x94, 0x91, 0x86, 0xD3, 0x68, 0x2B, 0x30, 0xF0, 0xAC,
    0xE5, 0x61, 0xC0, 0x7E, 0xB2, 0xD2, 0x51, 0xD5, 0x0B, 0xC6, 0x3D, 0xC0, 0xF4, 0xAF, 0x9F, 0xEF,
    0x33, 0x92, 0xD2, 0x81, 0x6D, 0xF5, 0xA4, 0xFC, 0xCB, 0x17, 0x3B, 0xC0, 0xF6, 0x05, 0x79, 0x85,
    0x67, 0xAD, 0x03, 0xC2, 0xA9, 0x9C, 0x9C, 0xE7, 0xED, 0xE0, 0x57, 0x52, 0x55, 0x08, 0x8A, 0x7C,
    0xAD, 0x5F, 0x9D, 0xC1, 0x0C, 0xAA, 0x08, 0x4A, 0x79, 0xEE, 0x98, 0x81, 0x54, 0xAF, 0xD7, 0x1F,
    0xD6, 0xF8, 0xBC, 0xCF, 0x42, 0xA8, 0x8F, 0x8D, 0x2B, 0x9D, 0xE5, 0xB0, 0xAC, 0x2D, 0x96, 0x6D,
    0xCB, 0xC2, 0x2E, 0xDB, 0xBB, 0xC9, 0xCC, 0x1D, 0xB6, 0x6F, 0xA7, 0x23, 0xB7, 0xD9, 0x7E, 0x90,
    0x79, 0x1E, 0x70, 0x28, 0x35, 0x73, 0x38, 0xE7, 0x52, 0xC7, 0x73, 0xE6, 0x93, 0x09, 0x1F, 0x55,
    0x3A, 0xA5, 0xFD, 0x83, 0x6C, 0xCC, 0x1F, 0xE4, 0x31, 0xB0, 0xF5, 0xAF, 0x76, 0x0F, 0xB8, 0x4D,
    0x33, 0x95, 0x33, 0xBB, 0x5C, 0xAA, 0x93, 0x3D, 0x2A, 0xD4, 0x30, 0xAD, 0xA8, 0xA8, 0x61, 0x6F,
    0xB3, 0xB1, 0x0D, 0xD0, 0xF4, 0x89, 0x2A, 0x57, 0x9C, 0x56, 0xE3, 0xCF, 0x7F, 0x28, 0x92, 0xF7,
    0xA2, 0x19, 0xC4, 0xD2, 0x8B, 0xD5, 0x28, 0xEE, 0x4C, 0xE2, 0xE1, 0x2C, 0x8E, 0x8B, 0xE8, 0x3B,
    0xE4, 0xC8, 0x02, 0x99, 0xB3, 0x2A, 0x4F, 0x8C, 0x07, 0x8A, 0xDA, 0x28, 0xB3, 0x72, 0xC1, 0x16,
    0xB9, 0x07, 0x1B, 0xF7, 0xE6, 0xC8, 0x10, 0x66, 0xB8, 0x4F, 0x12, 0xE9, 0x61, 0x21, 0x89, 0xEC,
    0x48, 0x7B, 0x68, 0xC8, 0x9C, 0x8A, 0x50, 0xF4, 0x91, 0xEE, 0xE0, 0x31, 0x97, 0xB4, 0x91, 0x53,
    0x84, 0xB5, 0x0B, 0xEB, 0x5D, 0x0E, 0x42, 0x58, 0xC8, 0x66, 0x9A, 0x36, 0xD5, 0x42, 0x8D, 0x30,
    0xC3, 0x39, 0xFC, 0xF9, 0x59, 0x1F, 0x61, 0xDB, 0x74, 0xF9, 0xD3, 0x95, 0x54, 0x31, 0xA5, 0xCB,
    0x7E, 0x57, 0x9F, 0x75, 0xE4, 0xB2, 0xCB, 0x46, 0x61, 0x12, 0xE6, 0xD3, 0x33, 0x41, 0xBD, 0x59,
    0xF4, 0x3C, 0xDC, 0x5C, 0xDF, 0x0F, 0x75, 0x17, 0xC2, 0xA3, 0xB3, 0xB2, 0x86, 0x15, 0xCA, 0x27,
    0x5D, 0x4F, 0x57, 0x9B, 0x8D, 0x83, 0xCC, 0x93, 0x79, 0x33, 0x90, 0xF6, 0x8A, 0x92, 0xCA, 0xA1,
    0x29, 0x0B, 0xED, 0x6F, 0x85, 0x3B, 0x33, 0x2E, 0x7B, 0xC0, 0x78, 0x36, 0x2F, 0xF0, 0xB7, 0xB3,
    0x19, 0x3E, 0x20, 0xB4, 0xB9, 0x57, 0x82, 0x7A, 0x72, 0x0D, 0x19, 0x8B, 0x47, 0x17, 0xC2, 0x5D,
    0x14, 0x7A, 0xA8, 0x15, 0xFB, 0xC1, 0x80, 0xE6, 0x39, 0x89, 0xC9, 0x22, 0xD2, 0x89, 0x34, 0xB5,
    0x68, 0x9D, 0x58, 0x5D, 0x60, 0xD9, 0x3F, 0x9F, 0x17, 0x6D, 0xEC, 0x86, 0xF5, 0xB9, 0xB7, 0x64,
    0x15, 0x33, 0x1D, 0x54, 0x1E, 0xE5, 0xA3, 0x45, 0x09, 0x41, 0x0C, 0xEE, 0x40, 0x88, 0x7D, 0x85,
    0x93, 0x99, 0x90, 0x9E, 0x03, 0xBE, 0x88, 0x65, 0x7F, 0x4F, 0x95, 0x98, 0x75, 0x76, 0x43, 0xF7,
    0x78, 0x21, 0xDE, 0x11, 0x8E, 0x85, 0x31, 0x8B, 0xF6, 0xFE, 0xE6, 0x7A, 0x74, 0xCF, 0x6B, 0x48,
    0xFF, 0xF2, 0xE3, 0x6E, 0xB0, 0x1E, 0xBD, 0xB7, 0x19, 0x5C, 0x97, 0x5F, 0x05, 0x99, 0x70, 0x33,
    0xFC, 0x40, 0xA1, 0x4E, 0x9C, 0xB7, 0x4E, 0x65, 0x30, 0xEB, 0xBD, 0x4D, 0xAA, 0x57, 0x92, 0x19,
    0x02, 0xD9, 0x08, 0x77, 0x28, 0x3C, 0xBC, 0x89, 0xE9, 0x01, 0x4A, 0x27, 0x56, 0x22, 0xB6, 0x7D,
    0x21, 0xAB, 0xE0, 0x23, 0xF3, 0xD0, 0x5B, 0x07, 0x41, 0xF6, 0x74, 0xF2, 0xC0, 0x09, 0x66, 0x10,
    0xF3, 0x51, 0x4C, 0x67, 0x91, 0xAE, 0x15, 0xCB, 0xF5, 0xFD, 0x15, 0x52, 0x95, 0x01, 0x92, 0x3D,
    0xCD, 0xC9, 0xE7, 0x21, 0x70, 0x10, 0xDE, 0x7D, 0x35, 0xAC, 0x9A, 0x38, 0x55, 0xAF, 0x47, 0x28,
    0xDD, 0xCB, 0xA8, 0x65, 0x7F, 0xFF, 0x20, 0xAA, 0x10, 0xDB, 0xB3, 0x2B, 0xF5, 0xBD, 0xBC, 0xDA,
    0x4C, 0xC2, 0xC5, 0xFC, 0xDD, 0x4D, 0xBA, 0xC7, 0x9A, 0x60, 0x11, 0x82, 0x54, 0x9C, 0xA3, 0x0A,
    0xFA, 0x3B, 0x1D, 0xD9, 0x2C, 0x7F, 0x1B, 0x5F, 0xAF, 0x86, 0x27, 0x58, 0x47, 0xF5, 0xF5, 0x8F,
    0x56, 0x87, 0xAD, 0x69, 0x60, 0xA1, 0x1A, 0x69, 0x5A, 0xCD, 0xD3, 0x04, 0x17, 0xA7, 0x5A, 0x84,
    0x36, 0x3B, 0x1F, 0xDD, 0x8B, 0xB9, 0x13, 0x4B, 0xC4, 0x6D, 0x91, 0x51, 0xCC, 0x7A, 0xD1, 0xB4,
    0x62, 0x85, 0xD8, 0xB9, 0xC8, 0x25, 0x0C, 0x91, 0xE1, 0xC7, 0xA3, 0x98, 0xCD, 0xBA, 0x9F, 0x04,
    0x91, 0xD0, 0x8A, 0xB6, 0x17, 0x4B, 0x2F, 0x16, 0x93, 0x98, 0x69, 0x67, 0x23, 0x09, 0x75, 0x8C,
    0x94, 0xE6, 0x51, 0x9C, 0x49, 0xEC, 0x10, 0x55, 0x5D, 0xD4, 0x07, 0xE9, 0x37, 0x86, 0xF3, 0x65,
    0xB6, 0x81, 0xFF, 0xD2, 0x5A, 0x03, 0x4A, 0x65, 0xA2, 0x06, 0xBB, 0xB6, 0x59, 0x68, 0xA3, 0xF6,
    0xA4, 0xBF, 0x76, 0xF0, 0xCF, 0x51, 0xFF, 0xAC, 0x87, 0xCF, 0xA2, 0xFE, 0x77, 0x4F, 0xF2, 0xCB,
    0xA8, 0x7F, 0x1A, 0xE5, 0x63, 0xE9, 0x89, 0xEC, 0xA3, 0xA8, 0xFF, 0x6D, 0xD6, 0x7F, 0xBD, 0xA4,
    0xFD, 0x4C, 0x91, 0x4B, 0x9F, 0x60, 0xA4, 0xFB, 0x86, 0xD7, 0xA4, 0x7B, 0x5B, 0x6F, 0x4B, 0xF7,
    0x55, 0xBB, 0xD1, 0xA5, 0x3B, 0x96, 0xEE, 0x4D, 0xEF, 0xA5, 0xFB, 0xC2, 0x0F, 0xD2, 0x7D, 0xF6,
    0x9B, 0x7E, 0xA3, 0x9F, 0x3A, 0xE9, 0x3E, 0x09, 0xAD, 0x74, 0x4F, 0xA8, 0xA3, 0xCE, 0x06, 0x3A,
    0x0A, 0xCF, 0xCD, 0xC7, 0xDC, 0xE1, 0x60, 0xAD, 0xBB, 0xC0, 0x36, 0x21, 0xB8, 0x6E, 0x24, 0x0D,
    0xCB, 0xC1, 0x4C, 0xDA, 0x3D, 0xCE, 0x02, 0x98, 0x36, 0x0D, 0x35, 0x45, 0x9D, 0x06, 0x27, 0xFE,
    0xDA, 0x8B, 0x1F, 0x8F, 0xE2, 0x4F, 0x67, 0xB1, 0x5F, 0x11, 0x9B, 0x5A, 0xB4, 0x4E, 0x34, 0x83,
    0x58, 0x8C, 0x62, 0x36, 0x8B, 0xAC, 0x22, 0xDD, 0xDB, 0xA2, 0xFD, 0x57, 0xB1, 0xFC, 0x4F, 0xB1,
    0x08, 0x62, 0x26, 0xAA, 0x82, 0xD9, 0x00, 0x5D, 0x7D, 0xF3, 0x71, 0x8D, 0x8D, 0x33, 0x6A, 0x29,
    0x6B, 0xD4, 0xD0, 0x9C, 0x80, 0x4A, 0xDF, 0x11, 0x82, 0x16, 0x78, 0x36, 0xC1, 0x42, 0xEE, 0xA1,
    0xC1, 0x0C, 0x60, 0xDB, 0xD2, 0x41, 0xE5, 0xAA, 0xC8, 0xB2, 0xB7, 0x91, 0xA6, 0xB7, 0x6D, 0xE4,
    0x60, 0x45, 0xFF, 0x5C, 0xAA, 0xD7, 0x89, 0x9B, 0xA7, 0x4A, 0xD1, 0x6D, 0xBC, 0x15, 0x3E, 0xF2,
    0x74, 0x14, 0x56, 0x9D, 0x60, 0x7F, 0xA5, 0xD1, 0xF5, 0x75, 0xD9, 0x7C, 0x5E, 0x38, 0xFB, 0xB2,
    0x6A, 0x99, 0xA1, 0xEF, 0x24, 0x95, 0x8B, 0x30, 0xBD, 0x30, 0x08, 0xFE, 0x1C, 0xC3, 0x19, 0x4A,
    0xB7, 0xF9, 0xC6, 0xCE, 0xC9, 0xD9, 0x37, 0x76, 0x3D, 0xAA, 0x5F, 0x7A, 0x5F, 0x7D, 0x7E, 0x4E,
    0xE6, 0xFF, 0x9F, 0x9C, 0x54, 0x17, 0x72, 0xD2, 0x3C, 0x2F, 0x27, 0xDA, 0x42, 0xD1, 0x33, 0x88,
    0x5E, 0x2C, 0x44, 0x4D, 0xEA, 0x6C, 0xFA, 0x10, 0x6A, 0xB1, 0x9A, 0xC5, 0xE4, 0x9F, 0x94, 0xBD,
    0x1A, 0xA5, 0x6F, 0x61, 0x93, 0x3F, 0x94, 0x1D, 0x27, 0x9A, 0xE1, 0x02, 0xFD, 0x97, 0xEE, 0x38,
    0xD1, 0xCA, 0x3E, 0x59, 0x50, 0x12, 0xFB, 0xC8, 0xF5, 0x9E, 0x38, 0x1B, 0x2F, 0x66, 0x93, 0x98,
    0x2E, 0x22, 0x41, 0xA4, 0x69, 0x45, 0xEB, 0x4E, 0x7D, 0x66, 0xDA, 0x3D, 0xB4, 0x37, 0x66, 0xA1,
    0xD6, 0x5E, 0xD1, 0xB9, 0xB3, 0x5F, 0x39, 0x59, 0xF4, 0x64, 0xFA, 0xDC, 0x57, 0x75, 0x3A, 0x5A,
    0x92, 0x28, 0xDC, 0x8D, 0x82, 0x3D, 0xFD, 0x11, 0x68, 0x26, 0xC8, 0x43, 0x4B, 0xA2, 0x52, 0x54,
    0x41, 0x27, 0x03, 0x94, 0xD3, 0x69, 0x9C, 0xCB, 0xEF, 0x45, 0xD9, 0x86, 0x87, 0xB7, 0x4F, 0x7F,
    0x98, 0xD8, 0x36, 0xF3, 0xE5, 0x7F, 0x1C, 0xF4, 0x69, 0x58, 0xF5, 0xDA, 0x60, 0x43, 0x0C, 0x59,
    0x58, 0x77, 0xE9, 0xD8, 0xBD, 0x15, 0xB1, 0x75, 0x18, 0x71, 0xF9, 0x9D, 0x08, 0x43, 0x04, 0xDF,
    0x24, 0xFE, 0x20, 0x3C, 0x02, 0x1B, 0x16, 0x9A, 0xE0, 0xB3, 0xB8, 0xB2, 0xC3, 0x90, 0x76, 0x93,
    0x32, 0x63, 0xDA, 0x64, 0x8E, 0xAC, 0x45, 0xC3, 0x37, 0x4B, 0x36, 0x5C, 0xA0, 0x84, 0x0E, 0x76,
    0xC1, 0xF6, 0xBA, 0x59, 0x86, 0x7B, 0x1E, 0x95, 0xAC, 0x06, 0x92, 0x88, 0xA0, 0xDF, 0xE2, 0x63,
    0xB7, 0xB6, 0xAF, 0x86, 0x47, 0xC5, 0x04, 0x96, 0x6C, 0x84, 0xEB, 0xA8, 0x82, 0xDB, 0xF2, 0xC6,
    0x2D, 0xF9, 0xE1, 0x3E, 0xAC, 0xE0, 0xA1, 0x21, 0x89, 0xB4, 0xDA, 0x30, 0xA8, 0xDA, 0xCC, 0x41,
    0xE9, 0xF2, 0x48, 0xD3, 0x17, 0x35, 0x14, 0x83, 0x01, 0x72, 0xBF, 0x05, 0xD1, 0xD1, 0x35, 0x20,
    0x9D, 0xB6, 0x21, 0x3A, 0x3A, 0x04, 0x58, 0x8E, 0xC5, 0x13, 0x2F, 0xDA, 0x01, 0xB1, 0x17, 0x2B,
    0x27, 0x9A, 0x16, 0xBA, 0xD0, 0xF3, 0x3A, 0x79, 0x18, 0x0F, 0xC2, 0x5D, 0x4E, 0x88, 0xB3, 0xCA,
    0x67, 0x08, 0x67, 0x9B, 0x41, 0xD0, 0xDC, 0xD2, 0x59, 0x7B, 0x15, 0x3B, 0x24, 0x0B, 0x69, 0x68,
    0xD9, 0x86, 0x95, 0xEC, 0x67, 0x4E, 0x53, 0xED, 0xC8, 0x7E, 0xEC, 0x38, 0x86, 0x86, 0xFC, 0xED,
    0x01, 0xAF, 0xA9, 0x6A, 0x1F, 0xD7, 0x49, 0x6B, 0x32, 0x9F, 0x0E, 0x1A, 0x6D, 0x2B, 0x1B, 0xB3,
    0x5E, 0x73, 0xBE, 0x96, 0x4E, 0x0A, 0xC1, 0x0C, 0xDB, 0xC9, 0xAC, 0x28, 0x0A, 0xBF, 0xCD, 0xA2,
    0x40, 0x72, 0x7F, 0xC8, 0x89, 0x41, 0x51, 0x1C, 0xD3, 0x18, 0x14, 0x88, 0xC7, 0x6E, 0xA1, 0x58,
    0xE2, 0xC9, 0x5F, 0x02, 0x2C, 0x3D, 0xD5, 0x03, 0x80, 0xE0, 0x30, 0x33, 0x40, 0x17, 0x4F, 0x26,
    0xD0, 0x60, 0x14, 0x9B, 0x30, 0x6B, 0x72, 0x0D, 0x1E, 0x86, 0x32, 0xB4, 0x55, 0xE8, 0x8B, 0xD0,
    0xA6, 0x21, 0x3A, 0x83, 0xC8, 0x01, 0x1A, 0xE5, 0x50, 0x4B, 0xBC, 0xD6, 0x34, 0xAE, 0xA3, 0x45,
    0xBB, 0x0D, 0x64, 0xB3, 0x07, 0x08, 0xC3, 0xC6, 0xAD, 0x68, 0x45, 0xAA, 0x5E, 0x6C, 0xBC, 0xF8,
    0xD9, 0x04, 0xA4, 0x3F, 0x59, 0xF4, 0x54, 0x1B, 0x00, 0x13, 0xFD, 0xC1, 0x4E, 0xF4, 0xA7, 0x92,
    0x19, 0x0F, 0x1E, 0xED, 0x4C, 0x9E, 0x6C, 0xE1, 0xE0, 0x31, 0xA5, 0xFE, 0x19, 0xA1, 0x09, 0x83,
    0x0D, 0xDE, 0x84, 0xA1, 0x0A, 0xEF, 0x7E, 0x2B, 0x0C, 0xB1, 0x4B, 0x65, 0x8D, 0x54, 0x02, 0xF5,
    0xA0, 0x66, 0xED, 0xD1, 0x76, 0xDA, 0x6B, 0x56, 0x9A, 0x61, 0xEE, 0x95, 0x96, 0x6C, 0x2A, 0x51,
    0x06, 0x34, 0x43, 0x4E, 0x0E, 0x45, 0xEB, 0x9F, 0xCD, 0xCA, 0xB8, 0xAF, 0xCA, 0x52, 0xF6, 0x97,
    0xBA, 0xC7, 0x9B, 0x5F, 0x6F, 0x2D, 0x36, 0x44, 0x5A, 0x61, 0x17, 0x3A, 0xBD, 0x7A, 0x6B, 0x44,
    0x36, 0xF3, 0xA6, 0xE6, 0x8F, 0x42, 0x41, 0x51, 0xA1, 0x00, 0x21, 0x80, 0x26, 0x8C, 0x2C, 0xD8,
    0x64, 0xBA, 0x1C, 0xCE, 0x52, 0xD4, 0xD4, 0xA7, 0x16, 0xA9, 0x3A, 0xF3, 0x89, 0xA4, 0xD7, 0x2E,
    0xD6, 0x97, 0x3D, 0x99, 0xB6, 0xE1, 0xDC, 0x75, 0x9F, 0x1C, 0x75, 0x2E, 0xC4, 0xE6, 0xAE, 0xEC,
    0x77, 0xA1, 0xAB, 0x4F, 0x78, 0xD9, 0xBF, 0xAE, 0xED, 0xC2, 0x95, 0x1B, 0x7B, 0xE0, 0xE1, 0x18,
    0x0E, 0x61, 0x5B, 0x07, 0xAF, 0xC1, 0x65, 0x30, 0x50, 0xA8, 0x24, 0x64, 0x4E, 0x87, 0x3E, 0xAE,
    0x03, 0xF8, 0x2F, 0x59, 0x5F, 0x83, 0x2D, 0x30, 0x9B, 0x07, 0xEA, 0xCF, 0x3D, 0x00, 0xFB, 0x37,
    0xC2, 0x9A, 0xAC, 0xBC, 0xF4, 0xDC, 0xD2, 0x35, 0xAC, 0x57, 0x6E, 0x90, 0x38, 0xC8, 0x7A, 0x15,
    0x0E, 0xCC, 0x08, 0x5B, 0xDB, 0xB0, 0x73, 0x0D, 0x6E, 0x95, 0x70, 0x6C, 0x6A, 0x7C, 0x1E, 0xAB,
    0x9B, 0xB9, 0xCC, 0x25, 0x43, 0xD1, 0xE2, 0x0D, 0xDC, 0xBF, 0x0E, 0xDB, 0xDB, 0x10, 0xD5, 0x69,
    0x53, 0x41, 0xEA, 0x37, 0x8E, 0x8E, 0x8E, 0xEA, 0xEF, 0x61, 0xEB, 0xD2, 0xE5, 0x03, 0x9E, 0xD7,
    0x51, 0x4B, 0xBA, 0x15, 0xF2, 0xC7, 0x9D, 0xD3, 0xCA, 0x1F, 0x30, 0x2E, 0xF3, 0xE4, 0x02, 0x9C,
    0x23, 0xF9, 0x33, 0x4F, 0x12, 0x82, 0xC7, 0x8C, 0xF1, 0xB2, 0x6A, 0x23, 0x2C, 0x11, 0xCD, 0x06,
    0xB9, 0x2E, 0x4D, 0x44, 0xFB, 0xC6, 0x48, 0x19, 0xFE, 0x7B, 0x21, 0x0F, 0x7F, 0x1B, 0x6A, 0xBE,
    0x03, 0x5C, 0xD9, 0x03, 0x9A, 0x09, 0xC8, 0x85, 0x54, 0x48, 0x9E, 0x8B, 0x6A, 0x8A, 0x08, 0xA1,
    0x4E, 0x9E, 0xBA, 0xCA, 0x25, 0x81, 0x62, 0x48, 0x16, 0x32, 0x9F, 0xE8, 0xA7, 0xEE, 0x19, 0xD2,
    0x29, 0x99, 0xCE, 0xA1, 0xCB, 0x0B, 0xBD, 0x32, 0xD6, 0x63, 0x3E, 0x7D, 0xDA, 0x56, 0xFD, 0xD5,
    0x4F, 0x43, 0x68, 0x1B, 0xDF, 0x2C, 0xA7, 0xFB, 0xA3, 0x5A, 0xB3, 0x92, 0xAE, 0x07, 0x31, 0xCA,
    0xC2, 0x2B, 0xCC, 0x18, 0xC7, 0x60, 0xEB, 0x04, 0x0B, 0xCF, 0x97, 0x7A, 0xF3, 0xA6, 0x9A, 0x9E,
    0x3F, 0x2A, 0xC6, 0xC4, 0xA7, 0x21, 0x0C, 0x34, 0xA1, 0x26, 0x51, 0x4C, 0x97, 0xF6, 0x81, 0x32,
    0xC8, 0xBD, 0x40, 0xF3, 0x7C, 0x74, 0x93, 0x25, 0x0B, 0xC1, 0x52, 0x8C, 0x79, 0x87, 0x51, 0x60,
    0x55, 0x4B, 0x90, 0xF3, 0x0E, 0x2B, 0x93, 0x17, 0x43, 0x26, 0x32, 0xA6, 0xD4, 0x63, 0xC6, 0x47,
    0x07, 0x59, 0x58, 0xED, 0x23, 0x39, 0x9D, 0x15, 0xD5, 0x85, 0xB0, 0x3A, 0x97, 0x7B, 0x85, 0x95,
    0x8D, 0x65, 0x9B, 0xCE, 0x31, 0xAC, 0xD9, 0xC2, 0x6C, 0x8F, 0x8E, 0x66, 0x1B, 0xC2, 0x6C, 0xF7,
    0xF7, 0x6F, 0x5C, 0x0C, 0xAB, 0xDC, 0x84, 0xF5, 0xDD, 0x7C, 0x4C, 0xC6, 0xCF, 0x87, 0x75, 0x54,
    0x53, 0x04, 0x8F, 0x4D, 0x27, 0xEE, 0x24, 0x23, 0x0F, 0xA9, 0x99, 0xE1, 0x4C, 0xA2, 0x2F, 0xDE,
    0x08, 0x47, 0x3A, 0x7F, 0x79, 0x59, 0xE0, 0x6A, 0xF8, 0x01, 0x36, 0xE8, 0x82, 0xA2, 0xA5, 0x5A,
    0x9B, 0x9E, 0xF5, 0xE0, 0x97, 0x7D, 0xE6, 0xF3, 0xA1, 0xCE, 0x87, 0xCC, 0x53, 0xF4, 0xE9, 0x28,
    0x4C, 0xA7, 0x67, 0x43, 0x44, 0xE6, 0x63, 0x47, 0x3A, 0x15, 0x3D, 0x74, 0xA1, 0x86, 0xBF, 0x7E,
    0x0F, 0x92, 0x01, 0xC8, 0x9C, 0xF0, 0x08, 0xD0, 0x3F, 0x80, 0xEA, 0x5D, 0x75, 0x16, 0x28, 0x6B,
    0x6C, 0xBD, 0x0B, 0x65, 0xBB, 0x03, 0xA6, 0xD6, 0x59, 0x6D, 0xC1, 0x2A, 0x9B, 0x0F, 0x28, 0x9E,
    0xDC, 0xF3, 0x7A, 0xED, 0x6B, 0xBD, 0x9C, 0x67, 0x6F, 0x27, 0xB9, 0x48, 0x2A, 0x92, 0xBC, 0x90,
    0xB2, 0x4D, 0x1E, 0x87, 0x10, 0xF9, 0xB4, 0x6D, 0x1C, 0xC9, 0x8A, 0x89, 0x9C, 0x31, 0xBD, 0x58,
    0x0C, 0x67, 0x9C, 0x5E, 0x8E, 0x69, 0x7C, 0xCA, 0xC7, 0xF4, 0xD4, 0xC5, 0x63, 0xED, 0xEA, 0x45,
    0x80, 0x6F, 0xC3, 0xAC, 0xFB, 0xD1, 0x21, 0xC7, 0x9C, 0x37, 0x3B, 0x73, 0x75, 0x73, 0xF3, 0x2B,
    0x1C, 0xC9, 0x12, 0x7D, 0xDE, 0xB5, 0xC1, 0xF3, 0x0A, 0x27, 0x04, 0xC2, 0xE9, 0xA2, 0xC7, 0xAC,
    0x85, 0x76, 0xA4, 0x3B, 0xFF, 0xE7, 0xDF, 0x09, 0x0F, 0x99, 0xD3, 0xA9, 0x1A, 0xEE, 0xD4, 0x5F,
    0x7D, 0x29, 0x67, 0x61, 0x4C, 0xA6, 0x34, 0x0C, 0xF1, 0xB2, 0x21, 0x62, 0x8A, 0x48, 0x87, 0x88,
    0xC2, 0x45, 0x94, 0x44, 0xDC, 0x41, 0x79, 0x8C, 0x08, 0xC1, 0x45, 0x18, 0xA5, 0xAF, 0xF0, 0x7A,
    0x76, 0x8E, 0x48, 0x96, 0x08, 0xBA, 0xCD, 0x7F, 0x9A, 0x31, 0x2B, 0x66, 0x8A, 0x49, 0x49, 0xD7,
    0x38, 0x83, 0x6E, 0xD2, 0xE8, 0xA9, 0x3C, 0xFE, 0x4E, 0x87, 0x52, 0x1A, 0x73, 0xB2, 0xD7, 0x05,
    0xCF, 0x69, 0xAB, 0xC6, 0x6A, 0x4E, 0x43, 0xCF, 0xD5, 0x29, 0x04, 0x13, 0xA2, 0xCD, 0xEA, 0xEC,
    0x7F, 0x45, 0x2B, 0x02, 0x66, 0x64, 0x85, 0x05, 0xE3, 0x69, 0x40, 0x95, 0x3D, 0xD7, 0xF6, 0x6B,
    0xEB, 0x64, 0x51, 0xCD, 0xAD, 0x2A, 0x14, 0xAB, 0x6E, 0xF5, 0x29, 0x2F, 0x02, 0x76, 0xFA, 0x5F,
    0x9D, 0x92, 0x81, 0xA6, 0x1D, 0x47, 0x18, 0x80, 0xBF, 0xDD, 0x69, 0x2D, 0x96, 0x4C, 0x70, 0x5B,
    0xE5, 0xE8, 0xDD, 0x17, 0x68, 0xBA, 0x50, 0x5C, 0x9C, 0x9B, 0x99, 0x37, 0xE8, 0x45, 0x51, 0xA8,
    0x3C, 0xC2, 0x29, 0x8A, 0xD2, 0xE4, 0xCE, 0xB6, 0x7D, 0x81, 0x42, 0xDF, 0xA2, 0xA4, 0x08, 0x42,
    0xF5, 0xEC, 0x26, 0x7D, 0x81, 0x25, 0x14, 0xC0, 0x92, 0x43, 0x51, 0x74, 0xE8, 0xD0, 0x89, 0xCC,
    0xEE, 0xDF, 0x9D, 0xF6, 0x68, 0xA8, 0x7B, 0x73, 0xB5, 0xEB, 0x9F, 0xCF, 0xD8, 0xF9, 0xFE, 0x7F,
    0x66, 0x7E, 0x03, 0x00, 0x26, 0xB4, 0x33, 0x6C, 0xA2, 0x48, 0x47, 0xB1, 0x0C, 0xED, 0x00, 0x82,
    0x9E, 0x60, 0xA1, 0xF2, 0x90, 0x8E, 0x54, 0xFF, 0x9D, 0xC5, 0x9C, 0xB9, 0x91, 0x6F, 0xD4, 0x8C,
    0x11, 0xAF, 0xA4, 0x03, 0x80, 0x9D, 0x58, 0xCA, 0xE5, 0xE1, 0x44, 0xE5, 0xCB, 0x88, 0x1E, 0x98,
    0x69, 0x3B, 0x2E, 0x31, 0x16, 0x83, 0xE1, 0x08, 0x7B, 0x05, 0xC8, 0x4A, 0x96, 0x1D, 0x39, 0x8D,
    0x7A, 0x2A, 0x12, 0xE5, 0x72, 0xCF, 0x83, 0x93, 0x0E, 0x8A, 0x0B, 0x00, 0xC0, 0x85, 0x36, 0xB2,
    0x0B, 0x22, 0xB6, 0x7C, 0xB9, 0x5E, 0xA9, 0x90, 0xAC, 0xE6, 0xE3, 0xAC, 0xBE, 0x0A, 0x47, 0x50,
    0xC6, 0x22, 0xFE, 0x83, 0x94, 0xF1, 0x6A, 0x35, 0xCB, 0x39, 0x6D, 0x45, 0xD7, 0x8E, 0xC5, 0x0B,
    0x91, 0xAE, 0x88, 0x6E, 0xA6, 0x88, 0x85, 0x5D, 0x01, 0xFF, 0x46, 0x99, 0x80, 0x8D, 0x58, 0x70,
    0x32, 0x01, 0x00, 0xF4, 0xB1, 0x89, 0x4A, 0xC4, 0x1C, 0xEA, 0x50, 0xF7, 0xE8, 0x7C, 0x90, 0xB6,
    0x43, 0x30, 0x96, 0x1E, 0x03, 0xEE, 0x35, 0xC8, 0x4A, 0x96, 0x69, 0x72, 0x9A, 0xF6, 0x55, 0x8F,
    0x92, 0xC5, 0xE4, 0xA2, 0x06, 0xDE, 0xB4, 0x0E, 0xE0, 0x2A, 0xF4, 0xC0, 0xDB, 0x72, 0x00, 0x23,
    0x09, 0x40, 0x46, 0x19, 0x77, 0xCF, 0xC4, 0x57, 0xBF, 0x56, 0x5E, 0xCD, 0xCA, 0xAB, 0x54, 0x5A,
    0x15, 0x41, 0x05, 0x50, 0xFE, 0xF5, 0xA3, 0x0A, 0xB0, 0x5B, 0x2E, 0x90, 0xE3, 0x9D, 0x4A, 0x09,
    0xE8, 0x9F, 0x67, 0x0C, 0x86, 0xBB, 0xBC, 0xCF, 0x25, 0xEF, 0x60, 0x00, 0x33, 0x42, 0x33, 0x43,
    0x95, 0x3D, 0x97, 0xF2, 0x04, 0x70, 0xF6, 0x0D, 0x9A, 0xEE, 0x0C, 0xDD, 0xDD, 0xA7, 0xB1, 0x0F,
    0x72, 0xD6, 0xB7, 0x33, 0x75, 0x76, 0x4E, 0x80, 0xCF, 0xE0, 0x11, 0x04, 0xCA, 0x40, 0x23, 0xD1,
    0x49, 0x54, 0x81, 0x1B, 0xA3, 0x5C, 0x23, 0x81, 0x7C, 0x9C, 0xB7, 0x29, 0xAC, 0x89, 0x85, 0x8C,
    0xB4, 0x91, 0x7E, 0x22, 0xBF, 0xA6, 0x89, 0x22, 0x52, 0xFF, 0x0F, 0xA6, 0x23, 0xF5, 0x04, 0x89,
    0x66, 0xA5, 0xF0, 0x85, 0x07, 0x23, 0xCF, 0x67, 0xD0, 0xF2, 0xB5, 0x58, 0xB8, 0x00, 0x7A, 0xB1,
    0x92, 0xDC, 0x62, 0x1F, 0x46, 0xED, 0xA9, 0x87, 0x6A, 0x45, 0xA7, 0x02, 0x9A, 0xBC, 0x3D, 0x24,
    0xEE, 0xC0, 0xCC, 0x16, 0x7A, 0xCE, 0xC0, 0xF0, 0x3D, 0x98, 0xCE, 0x43, 0xF3, 0x64, 0x04, 0xFD,
    0x74, 0x80, 0xFA, 0x79, 0x07, 0xD5, 0x4B, 0x0B, 0x4A, 0x80, 0x72, 0x01, 0x48, 0x20, 0xC2, 0x29,
    0x8D, 0x74, 0xFD, 0x42, 0x6B, 0xEB, 0xC5, 0x6A, 0x8F, 0xE9, 0x08, 0x54, 0x1E, 0x37, 0xE0, 0x51,
    0x9E, 0x1F, 0x46, 0x26, 0x54, 0xE0, 0x97, 0xA9, 0x1C, 0xF3, 0x83, 0x7D, 0xE6, 0xD5, 0x40, 0x91,
    0xCA, 0xA7, 0x41, 0x75, 0x30, 0xAB, 0x2F, 0x63, 0x65, 0x61, 0x5F, 0xD9, 0xA4, 0x01, 0xA7, 0xF9,
    0x51, 0x03, 0xE6, 0x16, 0x97, 0xEF, 0x02, 0xE6, 0x13, 0xCC, 0x7B, 0x40, 0xF3, 0x1D, 0xED, 0x16,
    0xD0, 0x8F, 0x69, 0x1E, 0x03, 0x3A, 0xA0, 0x3D, 0x50, 0xFB, 0x1C, 0x50, 0x4D, 0x39, 0x30, 0xF2,
    0x93, 0xF8, 0x56, 0xBE, 0x92, 0xA9, 0x9C, 0xB9, 0x0B, 0x0B, 0x9F, 0x83, 0xB1, 0x1E, 0x9A, 0xBF,
    0xAE, 0xF1, 0x87, 0x05, 0xB5, 0x00, 0xCC, 0x00, 0x02, 0xA8, 0xDF, 0xF2, 0xC2, 0x87, 0x13, 0x9C,
    0xAA, 0x00, 0xDB, 0x22, 0x81, 0x67, 0x8F, 0xF2, 0xB8, 0x6E, 0xF7, 0xA2, 0x90, 0x20, 0x52, 0x4B,
    0xEA, 0x05, 0x89, 0x6E, 0xA1, 0x0F, 0xDA, 0xA3, 0x87, 0x6A, 0x85, 0xCD, 0x3D, 0x64, 0xF5, 0x4F,
    0x21, 0x71, 0x0E, 0x7B, 0xB6, 0x60, 0xFE, 0xDE, 0x32, 0x40, 0x33, 0x78, 0xD0, 0x4F, 0xA6, 0xDC,
    0xBE, 0x01, 0xD4, 0xEF, 0x2B, 0xCA, 0xDC, 0x43, 0x04, 0x60, 0x01, 0x78, 0x00, 0x70, 0x1F, 0x20,
    0x02, 0x85, 0x07, 0x54, 0x46, 0x3D, 0x00, 0xA6, 0x83, 0xCD, 0x02, 0xB4, 0x53, 0x86, 0x88, 0x37,
    0xEB, 0x38, 0xA7, 0x19, 0xCF, 0x30, 0xDD, 0x07, 0xF4, 0xC0, 0x0C, 0x2A, 0x42, 0xED, 0x41, 0x8F,
    0x90, 0x53, 0x5E, 0xFD, 0xBE, 0x5D, 0x7B, 0x3E, 0xD5, 0x23, 0xDE, 0x74, 0x85, 0x77, 0x6B, 0x6E,
    0xBF, 0x0E, 0xF8, 0x88, 0x7A, 0xA1, 0x1D, 0x31, 0xE0, 0xAE, 0x89, 0x3D, 0xCC, 0x6C, 0x02, 0x6E,
    0xA0, 0x8A, 0x30, 0xC3, 0xFE, 0x7A, 0xD9, 0xD8, 0x5C, 0xAD, 0x5E, 0xE0, 0xE4, 0xF6, 0xA3, 0x9B,
    0xBE, 0xB7, 0xC0, 0x79, 0xCA, 0x74, 0x2C, 0x7A, 0x65, 0x1C, 0x8B, 0xEA, 0x03, 0xE5, 0x42, 0x73,
    0xC8, 0x73, 0x77, 0xBD, 0x3C, 0x53, 0x25, 0xDC, 0xC4, 0x09, 0x94, 0x07, 0x6E, 0x69, 0xE1, 0xB4,
    0xB9, 0x37, 0xDC, 0x39, 0x2F, 0xC3, 0x76, 0x4B, 0x1F, 0xB7, 0x34, 0x13, 0xC0, 0x9F, 0xD5, 0x97,
    0x01, 0x84, 0x25, 0x49, 0x9A, 0xC7, 0x7F, 0x11, 0x31, 0x35, 0xC9, 0xA4, 0x9B, 0x1C, 0xF4, 0x9C,
    0xB5, 0x73, 0x53, 0x79, 0x68, 0x8C, 0x36, 0x55, 0xB9, 0x58, 0x0C, 0x5E, 0x75, 0xC6, 0xEE, 0x02,
    0x0E, 0x1A, 0x53, 0x3B, 0x68, 0xF4, 0x02, 0xDC, 0xE2, 0x6A, 0xD1, 0x68, 0xA7, 0xAA, 0x33, 0x77,
    0x0F, 0x07, 0xD0, 0x00, 0x1C, 0x14, 0x16, 0x73, 0x3D, 0xE8, 0x46, 0xA1, 0xD0, 0x5D, 0x19, 0x3B,
    0x87, 0xC5, 0x42, 0xDE, 0x9D, 0xB3, 0x38, 0x48, 0x73, 0xBB, 0xCB, 0xCD, 0x62, 0x62, 0x4F, 0xCE,
    0x7A, 0xBD, 0x97, 0xF9, 0xE2, 0xF2, 0x6F, 0xB7, 0xAB, 0xBA, 0xFB, 0xB6, 0xEF, 0xC6, 0x18, 0xAB,
    0xFB, 0xAB, 0x8C, 0xDF, 0xFF, 0xBD, 0xC8, 0x88, 0x88, 0xEF, 0xFF, 0x65, 0x65, 0xBE, 0xF7, 0xA0,
    0xA6, 0x69, 0xBB, 0xB6, 0xF1, 0x5B, 0x28, 0xDE, 0x66, 0x9B, 0x5D, 0xFD, 0x51, 0x51, 0x3F, 0xFD,
    0xE7, 0x1B, 0xAF, 0x3F, 0x4C, 0x00, 0xAB, 0xD6, 0x43, 0x93, 0x5A, 0xF7, 0xBB, 0xCF, 0x62, 0xF1,
    0xC9, 0x3F, 0x8D, 0xE5, 0xC7, 0x1F, 0x8F, 0xF5, 0xB7, 0x7F, 0x32, 0xD4, 0x36, 0xA0, 0xD6, 0x3C,
    0xD3, 0x6A, 0xB5, 0x6F, 0x07, 0xAA, 0x1F, 0x05, 0x8A, 0x7F, 0x09, 0xDF, 0xC8, 0x7F, 0xFB, 0x93,
    0x68, 0x53, 0x1A, 0xA8, 0x92, 0x47, 0x6B, 0x69, 0x4D, 0x35, 0x14, 0x6F, 0xA5, 0x16, 0xBA, 0x7B,
    0x23, 0x76, 0x34, 0x13, 0x2E, 0x32, 0x91, 0xF5, 0x3C, 0x20, 0xEF, 0xF9, 0x9E, 0x00, 0xD9, 0x00,
    0x38, 0xC1, 0x45, 0xC0, 0x8E, 0x28, 0x9D, 0xE4, 0x11, 0xE0, 0x08, 0xE0, 0xAA, 0x50, 0x23, 0x9C,
    0xBF, 0x5D, 0x09, 0x27, 0x80, 0xF9, 0xD4, 0xD3, 0xE6, 0x69, 0x73, 0xBD, 0xAD, 0x52, 0x4A, 0xBC,
    0xC7, 0xC1, 0x04, 0x18, 0x8F, 0xE2, 0x1B, 0x70, 0xFC, 0xA0, 0xF9, 0x24, 0x2E, 0xA7, 0xFA, 0x22,
    0x94, 0xBE, 0x20, 0x0B, 0x3B, 0xD8, 0xB0, 0xC2, 0xF4, 0x6A, 0xCB, 0xEB, 0xBE, 0xC4, 0x85, 0xA2,
    0x2D, 0x7D, 0xB5, 0x49, 0xE1, 0x61, 0xF3, 0xAB, 0xF8, 0x4D, 0xB8, 0x0F, 0xD0, 0x25, 0x93, 0xC6,
    0x6E, 0x43, 0xF7, 0x8B, 0x22, 0x52, 0xB6, 0xD9, 0x02, 0xDC, 0x9A, 0x1D, 0xCC, 0xA4, 0xDD, 0x67,
    0x6E, 0x41, 0x43, 0x84, 0xFA, 0x5B, 0x03, 0x94, 0x7F, 0x17, 0xA0, 0xF8, 0x69, 0x0B, 0xD9, 0xBF,
    0x83, 0xF9, 0x20, 0xED, 0xE3, 0x52, 0xDA, 0xA0, 0xD1, 0xC0, 0x02, 0xF3, 0xDD, 0xF9, 0xE9, 0xBE,
    0x73, 0x98, 0x19, 0xB8, 0x9E, 0xEE, 0x68, 0xCF, 0x35, 0x6F, 0x9C, 0x3C, 0x19, 0x28, 0x9E, 0xED,
    0xDB, 0xF2, 0x90, 0x66, 0xB2, 0x5F, 0x76, 0x7E, 0xC9, 0x3C, 0x94, 0x14, 0xA1, 0x22, 0x6F, 0x2B,
    0x0C, 0x95, 0x87, 0x62, 0x80, 0x7C, 0x03, 0x65, 0x1A, 0x58, 0x35, 0x33, 0x87, 0x59, 0x6A, 0x0F,
    0x69, 0x86, 0x23, 0xF2, 0x58, 0xB7, 0x76, 0xAC, 0x46, 0xC6, 0x3C, 0xF9, 0x71, 0xF1, 0x17, 0xA9,
    0x52, 0x8F, 0x4D, 0x2D, 0xD4, 0x01, 0x74, 0x49, 0x5C, 0xFF, 0x3A, 0xB6, 0xAF, 0x50, 0x73, 0xA1,
    0xEC, 0x0B, 0x9F, 0xA5, 0x19, 0x0E, 0xEE, 0xB0, 0x63, 0x86, 0xDA, 0x8D, 0xCB, 0xB1, 0x6B, 0x22,
    0x8F, 0xE3, 0x40, 0x79, 0x93, 0xA5, 0x7B, 0x1B, 0xA0, 0x6E, 0xA9, 0x02, 0xAC, 0xC1, 0x46, 0xDC,
    0xC0, 0x3E, 0x87, 0xE4, 0x61, 0xC9, 0x63, 0x97, 0x82, 0x87, 0x76, 0x2C, 0xD8, 0x36, 0x23, 0x63,
    0xD6, 0xEE, 0xB8, 0x01, 0xEF, 0xC2, 0x2A, 0xD3, 0x86, 0x12, 0x74, 0x55, 0xF2, 0x00, 0xB6, 0x3F,
    0x97, 0x5E, 0xF2, 0x78, 0x88, 0x8B, 0x92, 0x6D, 0x3B, 0x72, 0x39, 0x6B, 0x0B, 0x66, 0x4E, 0x0A,
    0xBF, 0x58, 0x4E, 0x43, 0x89, 0xEB, 0xED, 0x3F, 0x72, 0x08, 0x6B, 0x30, 0x23, 0xD4, 0x9E, 0xB2,
    0x57, 0x05, 0xEE, 0x6E, 0x40, 0x35, 0x1D, 0x50, 0x5C, 0x43, 0x7D, 0xD4, 0xD7, 0x43, 0xED, 0x86,
    0x2D, 0x37, 0xF0, 0xC1, 0x50, 0xFE, 0x7A, 0xB8, 0xED, 0x86, 0x69, 0x39, 0xB2, 0xE1, 0xAC, 0x8C,
    0xD5, 0xE7, 0x93, 0x01, 0x2E, 0x19, 0xCF, 0xCD, 0xAC, 0x35, 0x51, 0x2B, 0xEF, 0x51, 0x84, 0x89,
    0xFA, 0x3B, 0x23, 0x5D, 0x1E, 0x51, 0xD3, 0x6B, 0xF5, 0xE9, 0x9C, 0xC6, 0x68, 0xAC, 0xE6, 0x74,
    0x29, 0x8D, 0x69, 0x69, 0xC0, 0xC9, 0x73, 0xDA, 0xCD, 0x37, 0xF7, 0x7D, 0x9D, 0x86, 0xE5, 0x00,
    0xBE, 0x58, 0x05, 0x51, 0x05, 0x7F, 0x9A, 0x92, 0x57, 0x05, 0xCF, 0xAE, 0x0F, 0x05, 0xDB, 0x1C,
    0x19, 0x55, 0x90, 0x23, 0xC6, 0xA5, 0x2E, 0xE7, 0x62, 0xA2, 0x5D, 0xE4, 0xF6, 0xF5, 0x7E, 0xA9,
    0x19, 0x4D, 0x42, 0x72, 0x54, 0x63, 0x25, 0x45, 0xEB, 0x34, 0x24, 0xEF, 0x5D, 0x58, 0xA6, 0xBB,
    0xA8, 0x0A, 0x1E, 0x99, 0xF5, 0x52, 0xC1, 0xBF, 0x4F, 0x7D, 0x2A, 0x71, 0xFF, 0xBC, 0xEF, 0xDF,
    0xFC, 0x42, 0x15, 0x7C, 0x73, 0x7F, 0x7F, 0x9F, 0x3A, 0xA5, 0xE4, 0xAF, 0xDC, 0xBD, 0x7B, 0xD7,
    0x03, 0x2E, 0xF9, 0x32, 0x0D, 0x57, 0x4D, 0x5C, 0x71, 0x7A, 0xC8, 0xAD, 0x43, 0x4E, 0x57, 0x2C,
    0x8F, 0x90, 0x58, 0xA4, 0xDE, 0x68, 0x3A, 0x90, 0xFB, 0x3F, 0xDA, 0xCE, 0x2B, 0xF6, 0x9C, 0xF3,
    0x4F, 0x86, 0xC6, 0xA9, 0x99, 0xF7, 0x29, 0x53, 0xB8, 0x9A, 0xC5, 0x43, 0x17, 0xDF, 0x71, 0x11,
    0x1D, 0x03, 0x79, 0xA0, 0x80, 0x15, 0x44, 0xB2, 0xF6, 0x9D, 0x6D, 0xDE, 0x6B, 0xD2, 0x5A, 0xF7,
    0x12, 0x68, 0x7C, 0x6A, 0x6F, 0x5F, 0x8C, 0x1F, 0x28, 0x5B, 0x37, 0x63, 0x0E, 0x7A, 0xDC, 0x88,
    0x59, 0xFF, 0xC0, 0xAC, 0x4F, 0xEC, 0x78, 0xF4, 0x56, 0xAC, 0x92, 0xE7, 0x1A, 0xE6, 0xC7, 0xD9,
    0x58, 0xF4, 0xA5, 0xDF, 0xE3, 0x7B, 0x54, 0x9E, 0xE9, 0x4B, 0xA0, 0xF6, 0xE6, 0x31, 0x5A, 0xBB,
    0x20, 0xB8, 0x05, 0x43, 0x39, 0x53, 0xA7, 0xA9, 0x69, 0xF7, 0xBA, 0x58, 0x85, 0xBD, 0x2D, 0x60,
    0xEF, 0x99, 0x67, 0x5B, 0x2B, 0x44, 0xA0, 0x1A, 0x40, 0x96, 0x80, 0xA5, 0xDA, 0xD7, 0xF2, 0x94,
    0xD2, 0x92, 0xDD, 0xE7, 0x0D, 0x75, 0x8A, 0x2B, 0x1A, 0xA1, 0xFB, 0x23, 0x68, 0x84, 0x5A, 0x28,
    0x85, 0x4C, 0xC0, 0x08, 0x7C, 0x79, 0x60, 0x04, 0x1B, 0xF7, 0xE0, 0x20, 0xD6, 0x03, 0xDF, 0x3F,
    0xBE, 0x72, 0x0C, 0xB7, 0x49, 0x24, 0x3A, 0x2E, 0x61, 0xC8, 0x29, 0xFA, 0x6C, 0x64, 0xE2, 0x01,
    0x53, 0x1A, 0xBB, 0x96, 0x57, 0xE0, 0x21, 0xD9, 0xCC, 0xED, 0x99, 0xCB, 0x0F, 0xE1, 0x79, 0xC7,
    0x46, 0xB9, 0x02, 0xAF, 0x6E, 0x7C, 0xF9, 0x0F, 0xC3, 0x55, 0x33, 0x3E, 0x64, 0x9A, 0x1E, 0x1F,
    0xCB, 0x5A, 0x47, 0xAC, 0xAB, 0xEF, 0xC4, 0x3C, 0xB5, 0x5C, 0xE2, 0x0D, 0x03, 0xB7, 0xB2, 0x96,
    0x3D, 0xD7, 0x53, 0x7E, 0x4B, 0xF7, 0xDF, 0x4C, 0x16, 0x6B, 0xEC, 0x54, 0x05, 0x35, 0xBD, 0x56,
    0x9F, 0xCE, 0x69, 0x8C, 0xC6, 0x6A, 0x8E, 0x72, 0x51, 0x3C, 0x00, 0xD7, 0x92, 0x4D, 0x50, 0x78,
    0xCE, 0x16, 0x29, 0xE1, 0xF2, 0x22, 0x7B, 0xC0, 0x22, 0x87, 0x12, 0x18, 0x25, 0x98, 0x28, 0xC1,
    0xF5, 0x12, 0xB2, 0x20, 0xA1, 0xF0, 0x5B, 0x92, 0x92, 0x5A, 0xB2, 0x47, 0x82, 0x99, 0x43, 0x9B,
    0xE4, 0x61, 0x74, 0x0D, 0x60, 0x62, 0x51, 0x03, 0xAE, 0x7F, 0x57, 0x92, 0x85, 0x9B, 0x92, 0xC2,
    0x0F, 0x92, 0xD2, 0x7E, 0xDA, 0x7D, 0x08, 0x7B, 0x2E, 0x25, 0xED, 0x06, 0x35, 0x30, 0x4A, 0xB4,
    0x1B, 0xB5, 0xD7, 0x6E, 0x2E, 0x45, 0x14, 0x4F, 0x65, 0x9D, 0x43, 0xA6, 0x74, 0x51, 0xD6, 0x4A,
    0xF7, 0xF2, 0x17, 0x4C, 0x57, 0x42, 0x69, 0xDE, 0x47, 0xE9, 0x96, 0x29, 0x2C, 0x72, 0x58, 0xBB,
    0xC8, 0xCC, 0xB8, 0x67, 0xC7, 0x3A, 0xFD, 0x26, 0x7E, 0xCD, 0x8E, 0xA0, 0x7D, 0xA3, 0xD2, 0x95,
    0x68, 0x9A, 0x16, 0x28, 0xF5, 0x4A, 0xBB, 0xE9, 0xD0, 0x6E, 0x11, 0x18, 0x71, 0xE1, 0x6B, 0xDA,
    0x6D, 0xB9, 0xBB, 0x34, 0xAD, 0x49, 0x6B, 0x0D, 0x96, 0x28, 0x40, 0x7B, 0x81, 0xEE, 0x36, 0x32,
    0xCF, 0x72, 0xC7, 0x51, 0xC0, 0xA1, 0x8B, 0xEC, 0x82, 0xEE, 0xBC, 0x15, 0xE0, 0x06, 0x4E, 0x81,
    0xB2, 0x25, 0x82, 0x9B, 0xB1, 0x03, 0xBA, 0x13, 0x5D, 0x00, 0xDC, 0x98, 0xB7, 0x80, 0x59, 0x17,
    0x5C, 0x62, 0xB9, 0x2B, 0x77, 0x99, 0x58, 0xEE, 0xCC, 0x95, 0x9B, 0x58, 0xEE, 0xCE, 0xD3, 0x7C,
    0xA2, 0x4A, 0x3E, 0xFE, 0xD9, 0x04, 0xD7, 0xEC, 0xB0, 0x5A, 0x04, 0x17, 0xEE, 0x4B, 0xF2, 0x1F,
    0xF6, 0x92, 0xC2, 0xB5, 0x92, 0xDD, 0xFC, 0xEE, 0xE6, 0x18, 0x56, 0x45, 0x4A, 0x11, 0xED, 0xA6,
    0xCE, 0x28, 0xD1, 0x6E, 0xCC, 0x9A, 0x46, 0x91, 0x02, 0x0A, 0x20, 0x97, 0xE1, 0x01, 0x4A, 0xF9,
    0x1F, 0xC0, 0x7A, 0xCE, 0x23, 0x6B, 0x9F, 0x6E, 0x55, 0x8B, 0xDD, 0x40, 0x1E, 0xA1, 0x0A, 0x50,
    0x7B, 0x68, 0x80, 0x33, 0x35, 0xCC, 0xD2, 0x5C, 0x7F, 0x9B, 0x6C, 0xA8, 0x7D, 0x31, 0x14, 0xBF,
    0x6C, 0x82, 0x4D, 0x1B, 0xD8, 0xBA, 0x06, 0xF6, 0x18, 0xC0, 0xAD, 0x45, 0x66, 0x81, 0x5A, 0xA0,
    0xF0, 0xA2, 0x0D, 0x3C, 0x13, 0x59, 0x2F, 0x2A, 0x1D, 0x25, 0x26, 0x56, 0xA3, 0xB8, 0xB7, 0x16,
    0x6F, 0x4D, 0xE2, 0x38, 0x8B, 0xB1, 0x43, 0xC6, 0x6A, 0xE4, 0xAB, 0x56, 0x9E, 0xA1, 0x0C, 0x90,
    0xFB, 0xA2, 0x87, 0x42, 0x4B, 0xB0, 0x4D, 0x16, 0xA1, 0xBE, 0xFB, 0xD1, 0xB8, 0x30, 0xA5, 0x09,
    0x4E, 0x31, 0x0B, 0x23, 0xCC, 0x98, 0x85, 0x1D, 0xB6, 0x87, 0x06, 0x27, 0x4F, 0x6D, 0xDE, 0x2F,
    0x0C, 0x07, 0x8F, 0xD8, 0xD2, 0x13, 0x97, 0x5C, 0x26, 0xF8, 0xBA, 0x07, 0x19, 0x3E, 0x37, 0x60,
    0x46, 0xD1, 0xF5, 0xE2, 0xAB, 0xBC, 0xE8, 0xF9, 0xBF, 0x7A, 0xE7, 0x22, 0x93, 0x7A, 0x2D, 0x3E,
    0x78, 0x08, 0x98, 0x58, 0x02, 0xAE, 0x75, 0xED, 0x0B, 0x9E, 0xFF, 0xFB, 0x00, 0x2E, 0xF9, 0x01,
    0xF2, 0xF4, 0xAB, 0x1E, 0x5E, 0xCF, 0x52, 0x80, 0x57, 0xF8, 0x9B, 0x17, 0xBC, 0xF2, 0x66, 0x78,
    0x0D, 0x70, 0xB1, 0x6A, 0x17, 0x8E, 0xA2, 0x1D, 0x4A, 0x14, 0xBC, 0xE0, 0x99, 0x63, 0xFC, 0xC5,
    0x7F, 0xCB, 0xFA, 0x48, 0x1C, 0x5E, 0x47, 0x2C, 0xC4, 0xB8, 0x2D, 0x36, 0x93, 0x58, 0xC6, 0x17,
    0x25, 0xE7, 0x2C, 0x2D, 0x11, 0xE0, 0xD5, 0x4E, 0x0A, 0xFC, 0xED, 0x9A, 0x5C, 0xFA, 0x5F, 0x6B,
    0xCD, 0xC2, 0x7C, 0x22, 0x05, 0xF7, 0xF1, 0x1A, 0x1B, 0x20, 0xFB, 0xD1, 0x1A, 0x45, 0x61, 0xA5,
    0xB0, 0x2D, 0x05, 0x56, 0x52, 0x39, 0xB0, 0xF3, 0xFE, 0x35, 0x20, 0x5A, 0xE5, 0x83, 0x1D, 0x96,
    0xF7, 0xEF, 0xCB, 0x81, 0xCE, 0x43, 0xFE, 0xE9, 0x47, 0x52, 0x8A, 0x94, 0xA4, 0xEC, 0x60, 0xA5,
    0xAC, 0xA4, 0xC0, 0x89, 0x94, 0x1F, 0x10, 0xA5, 0xDC, 0x77, 0xBD, 0x94, 0x98, 0xF5, 0xB8, 0x35,
    0x36, 0x2E, 0xB9, 0xDF, 0xD8, 0xDC, 0xBD, 0x17, 0x53, 0x42, 0x79, 0x47, 0x14, 0x18, 0x19, 0x29,
    0x7F, 0xD7, 0xF5, 0x74, 0xBE, 0x88, 0x76, 0xC2, 0x8D, 0x2E, 0xE2, 0x62, 0x31, 0x60, 0x7B, 0x55,
    0x8B, 0x2A, 0x20, 0xEB, 0x42, 0xFB, 0x7F, 0x22, 0x3C, 0x1E, 0x5C, 0xF6, 0x40, 0x11, 0x81, 0x6C,
    0x84, 0x37, 0xDC, 0x04, 0xF7, 0x49, 0x6D, 0x16, 0x55, 0xE8, 0x9E, 0x4C, 0x5B, 0xF2, 0xB6, 0x07,
    0xAA, 0x16, 0x78, 0xEB, 0xFC, 0xA7, 0xA8, 0x11, 0x6C, 0x04, 0x9B, 0x06, 0xA5, 0xE6, 0xE1, 0x0A,
    0x8F, 0xD7, 0x57, 0x32, 0xB8, 0x08, 0x30, 0x0A, 0xEF, 0xF2, 0x44, 0xE8, 0x0A, 0x84, 0x03, 0xC1,
    0x4D, 0xE4, 0x41, 0x3E, 0x04, 0x7B, 0x0E, 0x78, 0x16, 0xAA, 0xB5, 0x0A, 0x8D, 0xAA, 0xAC, 0x3E,
    0x9E, 0x8B, 0x9B, 0xC2, 0x89, 0x30, 0xBA, 0x09, 0x1B, 0x55, 0xC7, 0xA8, 0x2D, 0x95, 0xEA, 0x31,
    0x90, 0x47, 0xA0, 0x0C, 0x40, 0x0D, 0x70, 0x2A, 0x0C, 0x2F, 0x46, 0x7E, 0x1F, 0x02, 0x36, 0x01,
    0x2E, 0x79, 0x28, 0x7E, 0x16, 0x60, 0xD7, 0x46, 0xF8, 0x26, 0x37, 0x5F, 0x84, 0xFC, 0x76, 0xCC,
    0x00, 0x8D, 0x8B, 0xC2, 0x08, 0x7B, 0x76, 0x00, 0x78, 0x11, 0x4A, 0xF7, 0xD7, 0xD0, 0x78, 0x5D,
    0xD4, 0xAC, 0xC7, 0x44, 0xB8, 0x7C, 0x9E, 0x4F, 0x3C, 0x48, 0xC7, 0x1A, 0xFC, 0xA5, 0x0E, 0x37,
    0x71, 0x23, 0xDD, 0x59, 0x16, 0xD1, 0xC7, 0x64, 0xD1, 0x53, 0x7B, 0x8E, 0x60, 0xC4, 0x84, 0xAF,
    0x78, 0x7D, 0xF3, 0x63, 0x54, 0xB0, 0x44, 0x79, 0xA3, 0xDD, 0x73, 0xFD, 0x31, 0xC7, 0x5F, 0xED,
    0xFA, 0xEF, 0xD8, 0x7E, 0xCE, 0xE2, 0x46, 0xBF, 0xF5, 0x7A, 0xF8, 0x6A, 0x93, 0xD7, 0x15, 0xB8,
    0x03, 0xBA, 0xEA, 0x5E, 0x9D, 0x07, 0x83, 0xCE, 0x66, 0x6B, 0xD1, 0xCC, 0x22, 0x9D, 0x48, 0xE3,
    0xC5, 0x3A, 0x88, 0xD5, 0x1F, 0xF8, 0xE7, 0xF3, 0x3E, 0x65, 0xBF, 0xAC, 0xE0, 0xCB, 0xFE, 0xBB,
    0x7A, 0xDD, 0xAB, 0x5F, 0xBC, 0x18, 0x73, 0x31, 0xAB, 0xF6, 0xE7, 0xAB, 0x99, 0x8D, 0xE8, 0x74,
    0x50, 0x45, 0x6E, 0x6C, 0x3E, 0x4A, 0x2D, 0xCB, 0x3A, 0xBF, 0x00, 0x78, 0x5F, 0xB0, 0xA9, 0xBD,
    0x0F, 0xD9, 0x67, 0x9F, 0x0F, 0x90, 0xDB, 0x14, 0x60, 0xEB, 0xD9, 0x2F, 0x05, 0xDD, 0x88, 0x4D,
    0xF3, 0xC1, 0x84, 0xED, 0x1E, 0xB9, 0x04, 0x45, 0x6B, 0x93, 0x27, 0xF7, 0x1A, 0xBD, 0xF0, 0xB3,
    0x28, 0xFE, 0x7C, 0x14, 0xFF, 0x75, 0x12, 0xFB, 0x0D, 0x62, 0xE3, 0xC5, 0x3A, 0x88, 0xC5, 0x20,
    0xE6, 0xA3, 0xE8, 0x26, 0x91, 0x8D, 0x48, 0xF7, 0x57, 0x62, 0xFD, 0x33, 0xB1, 0xFC, 0xB5, 0x98,
    0x27, 0xD1, 0x89, 0x98, 0xE4, 0xDD, 0x00, 0x9D, 0xBF, 0xF1, 0xC8, 0x53, 0xFB, 0x2E, 0xB5, 0x94,
    0xFE, 0xE9, 0xAF, 0xC3, 0xD3, 0xFF, 0xFB, 0x75, 0x58, 0xD9, 0x03, 0x95, 0x3E, 0x12, 0x48, 0x64,
    0xA3, 0xA6, 0x32, 0x93, 0x45, 0x68, 0x28, 0x06, 0xA8, 0xDB, 0x32, 0xA8, 0x86, 0xD5, 0xC2, 0x72,
    0xC9, 0x18, 0x8A, 0xBE, 0x6E, 0x17, 0x0E, 0xB5, 0x18, 0x9F, 0xC3, 0xA1, 0x0E, 0xE2, 0xEF, 0x67,
    0x95, 0x62, 0xF8, 0xFD, 0x6A, 0x79, 0x5C, 0xF8, 0x87, 0x5D, 0xD8, 0xE8, 0x05, 0xF5, 0x7F, 0x6A,
    0x77, 0x7D, 0x50, 0x00, 0x5B, 0x5E, 0xE4, 0xFB, 0x02, 0xB3, 0x60, 0xD7, 0xA2, 0x1B, 0x2E, 0x5C,
    0xBC, 0xCD, 0xCB, 0xE1, 0xE2, 0xB5, 0x56, 0xAC, 0x07, 0xB1, 0x89, 0xE2, 0x7A, 0x42, 0x56, 0x76,
    0x81, 0xCC, 0x67, 0x2F, 0x85, 0x0B, 0x73, 0x0D, 0x20, 0xDF, 0x58, 0x4D, 0xEC, 0x7E, 0xDE, 0xC2,
    0xBB, 0x79, 0x02, 0x2E, 0x99, 0xD3, 0x97, 0x22, 0x7F, 0xDB, 0xEE, 0x00, 0xF9, 0x50, 0x8B, 0x51,
    0x74, 0xFD, 0x2E, 0x0A, 0x5E, 0x86, 0xFC, 0xFF, 0x12, 0xEE, 0x1C, 0x62, 0x63, 0x45, 0xDE, 0xE7,
    0xA1, 0xF2, 0x36, 0x3E, 0x84, 0xB3, 0x11, 0xAA, 0x1E, 0xB4, 0xE4, 0x59, 0xC4, 0x8E, 0x0F, 0xC8,
    0xFB, 0x8A, 0xCA, 0xE7, 0xE1, 0x08, 0x1B, 0x2F, 0xC3, 0x1D, 0xCE, 0x63, 0x47, 0xCE, 0x1E, 0xBD,
    0x87, 0x9C, 0x45, 0xE4, 0x6C, 0xAD, 0xAD, 0x9C, 0x9C, 0x91, 0x25, 0x39, 0x2B, 0xE4, 0x8C, 0x1D,
    0x39, 0x63, 0x25, 0x67, 0x9C, 0xC8, 0x19, 0x51, 0xCE, 0x6C, 0x90, 0x8F, 0xAC, 0x15, 0x0B, 0xC4,
    0x6D, 0xC4, 0x15, 0x72, 0x76, 0x13, 0x39, 0x8B, 0x72, 0xF6, 0x71, 0x2F, 0x67, 0xFF, 0x11, 0xE4,
    0xEC, 0xBF, 0xBD, 0x9C, 0x6D, 0x9E, 0x70, 0xD6, 0xC8, 0x19, 0xBF, 0x95, 0x33, 0xD3, 0xCB, 0x99,
    0xF1, 0x28, 0xCC, 0x87, 0xFF, 0xFB, 0xA7, 0x7B, 0x2B, 0xBA, 0x5E, 0xE4, 0x98, 0xA7, 0xA2, 0x49,
    0xD1, 0xA5, 0xF9, 0x20, 0x0D, 0xB6, 0x5B, 0xDB, 0x59, 0x63, 0xCD, 0xB4, 0xD0, 0x1B, 0x91, 0xAF,
    0x96, 0x88, 0x30, 0x43, 0x09, 0x1D, 0x5C, 0x85, 0xBA, 0x57, 0x67, 0x99, 0xEE, 0x45, 0xB0, 0x29,
    0x79, 0xCE, 0x7D, 0x7C, 0xBD, 0x15, 0x6B, 0x2F, 0x9E, 0x09, 0xAC, 0x2F, 0x5C, 0x64, 0xFE, 0xE5,
    0x70, 0x61, 0x8F, 0xC5, 0x7C, 0x2D, 0x16, 0xB3, 0x58, 0x57, 0xE2, 0x69, 0x1E, 0x80, 0xDE, 0xF4,
    0x2F, 0x85, 0x8B, 0x93, 0xAC, 0x05, 0xA6, 0xA2, 0x3F, 0xE7, 0x69, 0x16, 0x50, 0xBC, 0x1C, 0x57,
    0x81, 0x2B, 0x12, 0x9A, 0x27, 0x3E, 0x03, 0x47, 0xD1, 0x05, 0xF1, 0x35, 0x9E, 0x8E, 0x3A, 0xC5,
    0x22, 0x0D, 0x55, 0x3A, 0x7E, 0x2D, 0x0D, 0x6E, 0xD6, 0x34, 0xB3, 0xF0, 0x10, 0x3A, 0x38, 0x85,
    0xDA, 0x13, 0xA1, 0x0A, 0xB6, 0x87, 0x62, 0xD0, 0x12, 0x59, 0xCC, 0x3D, 0xB8, 0x75, 0x09, 0x98,
    0x69, 0x05, 0x70, 0x76, 0x4B, 0xAC, 0xA3, 0x58, 0xF5, 0x62, 0x11, 0xBE, 0x28, 0xCB, 0x1E, 0xD8,
    0xEA, 0x1E, 0x79, 0xC8, 0x53, 0x6A, 0xE9, 0x52, 0x84, 0x83, 0x74, 0x0C, 0xEE, 0x99, 0x6F, 0xE0,
    0x69, 0xE9, 0xB4, 0x9B, 0x8F, 0x36, 0x7A, 0xDB, 0xB4, 0x0B, 0xCA, 0xB0, 0xA0, 0x18, 0x84, 0xF8,
    0x34, 0x06, 0xA1, 0x5F, 0x50, 0x69, 0x48, 0x87, 0xDD, 0xDC, 0x5B, 0x63, 0xD3, 0xC6, 0x3F, 0xB1,
    0x9E, 0x96, 0xD7, 0x37, 0x48, 0xE8, 0xD2, 0x08, 0xF0, 0xA6, 0x07, 0xB2, 0x34, 0x23, 0x13, 0x07,
    0x1E, 0x1A, 0xF2, 0x00, 0x0F, 0x71, 0x03, 0x4C, 0xB8, 0xF8, 0x04, 0x47, 0xAA, 0x89, 0x66, 0xE4,
    0xCA, 0xE4, 0x36, 0xC7, 0x17, 0xFF, 0x2C, 0xED, 0x13, 0x0C, 0x88, 0x51, 0xCC, 0x36, 0xA2, 0x49,
    0xFD, 0x42, 0xAA, 0xB5, 0xE8, 0x66, 0x91, 0x6E, 0xE1, 0x2B, 0xD4, 0x0B, 0xFF, 0x02, 0x71, 0x67,
    0xA1, 0x99, 0x2A, 0xAE, 0xF2, 0xD6, 0x54, 0xFC, 0xDB, 0x44, 0x3D, 0x65, 0x69, 0x40, 0xC9, 0x3D,
    0x7E, 0xD4, 0xCD, 0x42, 0x2D, 0x68, 0x1F, 0x5C, 0x78, 0xF6, 0x29, 0x87, 0xE9, 0x36, 0x90, 0x3D,
    0xEA, 0x02, 0x45, 0x9F, 0x0F, 0x14, 0xC1, 0x45, 0x32, 0x01, 0xCE, 0x61, 0x3E, 0x88, 0x98, 0x94,
    0x22, 0xC5, 0xE8, 0x22, 0x55, 0xBB, 0xA0, 0x66, 0x41, 0x83, 0x40, 0xA6, 0xB7, 0xC5, 0x82, 0xF6,
    0xCA, 0x48, 0x99, 0x7E, 0x33, 0x93, 0xA5, 0x1F, 0x26, 0xCF, 0xA5, 0x8B, 0x67, 0x55, 0x2D, 0x9C,
    0x01, 0xAC, 0x01, 0x3B, 0x00, 0xCE, 0xFF, 0x09, 0xD3, 0xD0, 0x4F, 0x22, 0x28, 0x46, 0xD0, 0xA5,
    0x80, 0xA3, 0xAB, 0xC0, 0x58, 0x78, 0x6C, 0x6B, 0xC3, 0x9F, 0x2E, 0x8D, 0xFF, 0x01, 0xCD, 0x96,
    0x01, 0x84, 0x1D, 0x47, 0x18, 0xC7, 0x7F, 0xB3, 0xD3, 0x64, 0xE9, 0xAA, 0x2D, 0x5A, 0xC8, 0x49,
    0x1E, 0x14, 0x15, 0xED, 0x6D, 0x11, 0x14, 0x4D, 0x66, 0x5A, 0x00, 0x50, 0xF4, 0x14, 0x68, 0x01,
    0x00, 0x39, 0xC0, 0xD1, 0x4B, 0xDE, 0x54, 0x51, 0x40, 0x03, 0x00, 0x38, 0x14, 0x69, 0x20, 0x41,
    0x10, 0x44, 0xDE, 0x16, 0x00, 0x58, 0x00, 0x8A, 0x2E, 0x29, 0x50, 0x64, 0xAA, 0x1B, 0xE6, 0x9A,
    0xDD, 0xFD, 0x3A, 0x9F, 0xAE, 0x73, 0xC7, 0xD1, 0xB6, 0x91, 0xEB, 0x8D, 0xDD, 0xDF, 0xBB, 0x77,
    0xFB, 0xED, 0xFE, 0x7F, 0xF3, 0x8D, 0xB1, 0x8F, 0xB7, 0x00, 0x23, 0x61, 0x17, 0xFB, 0xEC, 0x79,
    0xA4, 0x2A, 0xA4, 0xE3, 0x02, 0xDB, 0x1E, 0x8E, 0x86, 0xD9, 0xCC, 0x50, 0x1E, 0x6E, 0x5A, 0xEA,
    0xAE, 0xEA, 0xA9, 0x5B, 0x1B, 0x29, 0x15, 0x70, 0x04, 0xF3, 0x79, 0xC4, 0x88, 0x44, 0xEA, 0xC1,
    0x46, 0x9A, 0x90, 0xE1, 0xC8, 0x58, 0xA3, 0xA0, 0xD4, 0xAF, 0x75, 0x46, 0xB8, 0x3A, 0xB0, 0x92,
    0xDF, 0x26, 0x4A, 0xF9, 0x5A, 0xBC, 0x86, 0xC3, 0x41, 0xE5, 0xB1, 0xC3, 0xAA, 0xC5, 0xA6, 0x0C,
    0x13, 0xEB, 0x25, 0xFC, 0xEC, 0x0C, 0x00, 0xA8, 0x13, 0x70, 0x63, 0x03, 0x3C, 0xAC, 0x80, 0x07,
    0xA5, 0xD7, 0xBF, 0x96, 0xFF, 0xE9, 0xD5, 0xB3, 0x16, 0xD2, 0x94, 0x42, 0x7A, 0xCD, 0xF9, 0xF9,
    0xD7, 0x51, 0x93, 0x84, 0xB5, 0x66, 0x4D, 0x34, 0x21, 0xA7, 0x8D, 0xAC, 0x5A, 0xB0, 0x89, 0x5A,
    0x3F, 0x86, 0x5C, 0x90, 0x33, 0xFF, 0xB8, 0x77, 0xBF, 0x33, 0xA2, 0xA3, 0xCB, 0xB9, 0xCF, 0x77,
    0x76, 0x7C, 0x4E, 0x1E, 0x00, 0x87, 0x7E, 0x68, 0x7A, 0x02, 0xCD, 0x1F, 0x41, 0x0D, 0x66, 0x0A,
    0xEF, 0xC2, 0xF6, 0x3A, 0x54, 0x61, 0x25, 0x69, 0x25, 0x42, 0x29, 0x5D, 0x21, 0x09, 0x35, 0xB9,
    0x00, 0xA0, 0xE5, 0xB9, 0x6A, 0xBE, 0x99, 0xA7, 0x5A, 0x45, 0x9D, 0x6B, 0x7E, 0x64, 0xEF, 0xBC,
    0xC1, 0xC1, 0xE9, 0xA7, 0x87, 0xA6, 0x45, 0x8D, 0x3E, 0xA8, 0x06, 0x13, 0x0B, 0x91, 0x9E, 0xB5,
    0x78, 0x6C, 0x07, 0xF6, 0x17, 0x30, 0xD3, 0xB1, 0xEA, 0x1B, 0xE0, 0x46, 0x70, 0x3D, 0xDC, 0x05,
    0xE6, 0xE5, 0x01, 0x3A, 0x2B, 0xAD, 0xE7, 0x01, 0x70, 0xDC, 0x63, 0xD3, 0x96, 0x51, 0x3D, 0xEC,
    0xB0, 0x0A, 0xC5, 0x98, 0x3D, 0x46, 0x07, 0xA3, 0xBB, 0x77, 0x6F, 0x74, 0x22, 0xA3, 0xDB, 0xD9,
    0xF9, 0xEC, 0xB8, 0xC7, 0xEA, 0x2F, 0x8F, 0x77, 0xCA, 0xC1, 0x0C, 0x47, 0x1E, 0xE6, 0x53, 0xE0,
    0x52, 0x00, 0x17, 0xE0, 0x36, 0x90, 0xA0, 0xE8, 0xC1, 0xFA, 0x57, 0x93, 0x75, 0xF1, 0x0E, 0xD4,
    0x11, 0x9A, 0x11, 0x6E, 0xDD, 0x86, 0xA1, 0xF6, 0x45, 0x28, 0xC2, 0xAB, 0xC8, 0x32, 0xFD, 0xEB,
    0xD8, 0xA1, 0x69, 0xF5, 0x3C, 0xDA, 0x4B, 0xAF, 0x20, 0xE7, 0x2A, 0xB8, 0xA0, 0x57, 0x6C, 0x84,
    0x01, 0xDE, 0x03, 0x00, 0xDC, 0xC8, 0xD6, 0x88, 0x19, 0xE1, 0x1F, 0x1C, 0x66, 0x62, 0x4B, 0xEE,
    0x38, 0x89, 0x14, 0x07, 0x54, 0x51, 0xC3, 0x1C, 0xEC, 0x41, 0xFF, 0x52, 0x4F, 0x33, 0x77, 0xB1,
    0x13, 0x95, 0xB0, 0xFA, 0x2E, 0x5C, 0xB7, 0xFD, 0x2E, 0x0F, 0x5E, 0xE6, 0x69, 0xEF, 0x16, 0xDD,
    0x93, 0x32, 0xE6, 0x63, 0xDF, 0x76, 0xF0, 0x52, 0x62, 0x00, 0x90, 0xD8, 0x85, 0xCD, 0xB7, 0x11,
    0x4A, 0xF1, 0x50, 0xCC, 0xC0, 0xEA, 0x7E, 0x80, 0xEB, 0x55, 0x07, 0x6F, 0x6A, 0x43, 0x21, 0xC1,
    0xD6, 0xE1, 0x63, 0x8C, 0xC8, 0x44, 0x39, 0x94, 0x42, 0xDD, 0x22, 0x34, 0x81, 0x35, 0xCE, 0xE7,
    0xC3, 0x71, 0x3A, 0xD0, 0xAB, 0x5A, 0x77, 0x5B, 0xEF, 0x78, 0x4C, 0xD5, 0x9B, 0x94, 0x23, 0xBE,
    0x8C, 0xE8, 0xCA, 0xA1, 0x4B, 0xB7, 0x80, 0x7A, 0xB2, 0x01, 0x1A, 0xF9, 0xC9, 0xC3, 0x87, 0xB5,
    0x90, 0xB3, 0xCD, 0x23, 0x4E, 0x0C, 0x37, 0x34, 0x13, 0x6C, 0x25, 0x91, 0x80, 0x99, 0xDB, 0xA6,
    0x05, 0xA1, 0xEE, 0x61, 0xA6, 0x8C, 0x30, 0x2E, 0xB4, 0xFF, 0x9E, 0x66, 0x52, 0xE6, 0xB6, 0xD8,
    0x09, 0x27, 0xD1, 0x4A, 0xE0, 0x07, 0x80, 0x8D, 0xA2, 0xF1, 0x40, 0xD5, 0x02, 0x45, 0x0F, 0xB0,
    0xCB, 0xF1, 0x71, 0x53, 0x3C, 0xC5, 0x7C, 0xBF, 0xCF, 0xE1, 0x45, 0xD2, 0x59, 0x4E, 0xE8, 0x7C,
    0xD1, 0x99, 0xE3, 0x50, 0xFC, 0x5D, 0x73, 0xD6, 0xE8, 0x6D, 0xDA, 0x9C, 0xF1, 0xA8, 0x39, 0x81,
    0xA5, 0x2F, 0xBA, 0x5B, 0x59, 0x75, 0xA0, 0xE5, 0x70, 0x0B, 0x60, 0x00, 0x4C, 0x38, 0x4B, 0x8D,
    0xE2, 0x00, 0xA8, 0x92, 0xAA, 0x4C, 0x80, 0x73, 0xC0, 0xA3, 0xAA, 0xC5, 0x74, 0xA6, 0x3B, 0x43,
    0x8D, 0xE5, 0xF7, 0xC1, 0x35, 0xEC, 0xB3, 0xC3, 0x48, 0xF9, 0xB1, 0xF4, 0x18, 0xB6, 0xFD, 0x19,
    0x1A, 0x3C, 0x2C, 0x03, 0x66, 0xAC, 0x3B, 0x14, 0x30, 0x54, 0x01, 0x80, 0x33, 0x34, 0x00, 0xA8,
    0x03, 0xAC, 0x5A, 0xD0, 0xF3, 0x22, 0x27, 0xC6, 0x46, 0x64, 0x90, 0x7C, 0x72, 0x7C, 0x5C, 0x00,
    0xEA, 0xA5, 0xBE, 0x3E, 0x69, 0x7C, 0x05, 0x6E, 0xCE, 0xFB, 0x2A, 0x3C, 0x2C, 0xC2, 0xCB, 0x3B,
    0x7D, 0xC6, 0xF9, 0x5A, 0x5D, 0xDF, 0x57, 0xEC, 0xA9, 0x61, 0xCC, 0x28, 0xBA, 0x0C, 0xDB, 0x66,
    0xD4, 0x2A, 0xFC, 0x85, 0x0A, 0x3F, 0x56, 0xE1, 0x41, 0x85, 0xA3, 0x19, 0xB1, 0x2A, 0x5C, 0x6E,
    0x24, 0x50, 0xAB, 0xF0, 0x6B, 0x00, 0x5C, 0xF2, 0x4A, 0xCD, 0x27, 0xC7, 0x28, 0xCD, 0xA0, 0x64,
    0x5F, 0xC1, 0x1B, 0x9C, 0x1C, 0x2E, 0x19, 0xE9, 0x68, 0x12, 0x9B, 0x1E, 0x75, 0xEA, 0x31, 0x89,
    0xEA, 0x3F, 0x70, 0x5C, 0x58, 0xF7, 0x30, 0xB2, 0xCA, 0x14, 0xBE, 0x8A, 0xE0, 0xE4, 0xE9, 0x04,
    0xB5, 0x7C, 0x23, 0x1E, 0x96, 0xB6, 0xDE, 0x55, 0xD8, 0xB4, 0x28, 0x2E, 0x2D, 0x83, 0x6D, 0x05,
    0xD7, 0xCE, 0x81, 0xE1, 0x55, 0x05, 0x9B, 0x00, 0x68, 0x38, 0xD8, 0xA7, 0x11, 0xA8, 0xC2, 0x23,
    0xE0, 0x32, 0x97, 0xFF, 0x77, 0xC3, 0xCA, 0xEF, 0xA1, 0xAB, 0x3C, 0x2D, 0x54, 0xB7, 0x3D, 0x00,
    0xCE, 0x41, 0xF7, 0x8A, 0xEF, 0x81, 0x32, 0xB2, 0xAC, 0x6B, 0xE3, 0x81, 0x8F, 0x00, 0x0E, 0x4E,
    0xEE, 0x1F, 0x24, 0xAD, 0x67, 0x36, 0x43, 0x1D, 0x73, 0x61, 0x99, 0xE1, 0xED, 0x40, 0xAD, 0x21,
    0x57, 0x60, 0xE4, 0x3A, 0x3C, 0xD1, 0xFB, 0x1C, 0x7B, 0x19, 0x7E, 0xD0, 0x99, 0x46, 0xA8, 0x7F,
    0xEC, 0xA1, 0x7A, 0xDA, 0x82, 0xFD, 0x3D, 0xA3, 0x78, 0xE1, 0x01, 0x01, 0x98, 0x15, 0xB7, 0x14,
    0xFB, 0x8A, 0x04, 0x98, 0x08, 0x58, 0x45, 0xD5, 0x02, 0x2E, 0xC0, 0xD6, 0xAC, 0x4E, 0x3D, 0xF0,
    0xB6, 0xEA, 0xAE, 0x13, 0x50, 0x2A, 0x0A, 0x85, 0x39, 0x15, 0x4D, 0xCA, 0x10, 0xF1, 0xE6, 0x45,
    0xDB, 0xB4, 0x46, 0xA8, 0x7A, 0xA3, 0x2F, 0x32, 0xDD, 0x83, 0xC3, 0x02, 0x8A, 0x64, 0xD2, 0x11,
    0xF4, 0xEB, 0xB1, 0xAB, 0x5A, 0xAC, 0xB7, 0x65, 0x84, 0xA6, 0x33, 0x87, 0x22, 0xC1, 0xA4, 0xF5,
    0x84, 0x49, 0xC6, 0x9F, 0x1A, 0x59, 0x8C, 0xC0, 0x96, 0x78, 0x58, 0x4B, 0x0F, 0x5C, 0xE1, 0x00,
    0xDC, 0x27, 0xE3, 0x82, 0x15, 0x03, 0xC0, 0xF9, 0x6A, 0xE7, 0x9F, 0xCD, 0xD7, 0x31, 0x8C, 0xDC,
    0xC6, 0x15, 0xC6, 0xF1, 0xFF, 0x90, 0xD1, 0x31, 0x10, 0x91, 0x50, 0x85, 0xED, 0x04, 0x56, 0x12,
    0x36, 0xA9, 0x8C, 0x58, 0x4C, 0x91, 0x22, 0x85, 0x2C, 0x4E, 0x9F, 0xE6, 0x0A, 0xAF, 0xD3, 0x45,
    0xA9, 0xDD, 0x9C, 0x0B, 0x17, 0x46, 0x20, 0x1F, 0x99, 0xBE, 0xB9, 0xBE, 0xBA, 0x00, 0x2E, 0x82,
    0x53, 0x71, 0x2E, 0x5C, 0x28, 0x80, 0x22, 0x0E, 0x90, 0x1E, 0x66, 0x93, 0x9E, 0x40, 0x0E, 0x48,
    0xCA, 0x31, 0xC0, 0x00, 0x3C, 0x85, 0xCB, 0x97, 0x79, 0x63, 0xDD, 0x2A, 0x1B, 0xCB, 0x8E, 0x25,
    0xDD, 0x29, 0x4B, 0x91, 0xBF, 0x23, 0xC1, 0xD9, 0x99, 0x37, 0xDF, 0x92, 0x5C, 0x8A, 0xE4, 0xE4,
    0xC4, 0x42, 0x2A, 0xD2, 0x82, 0x59, 0xAD, 0x60, 0x7B, 0xC9, 0x7A, 0xB5, 0x18, 0xD4, 0xD2, 0xAB,
    0xD5, 0xA8, 0xBE, 0x33, 0xA9, 0x1F, 0xCD, 0xEA, 0xB8, 0x56, 0x7D, 0x07, 0x24, 0x43, 0x0D, 0xA4,
    0xAE, 0x6E, 0x21, 0x73, 0xA5, 0x83, 0xDC, 0x16, 0x3D, 0x14, 0xB1, 0x8B, 0x9F, 0x90, 0x79, 0xA8,
    0x4F, 0xEE, 0x8F, 0x41, 0x91, 0x19, 0x1E, 0x60, 0x82, 0x1E, 0xD6, 0x98, 0x60, 0x47, 0xD2, 0x43,
    0x43, 0xEA, 0xA0, 0x6E, 0xF3, 0x3E, 0xE8, 0x0E, 0xCE, 0xB9, 0x26, 0xA3, 0x08, 0xB9, 0x2C, 0x46,
    0x8B, 0x4D, 0x45, 0x9C, 0x96, 0x6A, 0x79, 0xBA, 0x98, 0x6E, 0x81, 0xEC, 0xBC, 0x73, 0x14, 0x7D,
    0x3E, 0x50, 0xB8, 0xD4, 0x93, 0x29, 0xB0, 0xC1, 0xFC, 0xDA, 0x63, 0x44, 0x3C, 0xC5, 0x98, 0x7A,
    0xAA, 0x36, 0x50, 0x13, 0x68, 0x22, 0x64, 0x7A, 0x58, 0x04, 0xDA, 0xB7, 0x46, 0x4A, 0xF9, 0x62,
    0x4D, 0x26, 0xBF, 0x17, 0xCB, 0x6B, 0x00, 0x49, 0x9B, 0xC6, 0x79, 0x15, 0x80, 0x79, 0xDC, 0x01,
    0x74, 0xB3, 0x7A, 0xF3, 0x78, 0xC7, 0x13, 0x73, 0x49, 0x8B, 0x19, 0xB2, 0x16, 0x96, 0x53, 0x0B,
    0xCD, 0x02, 0xE4, 0x67, 0xBC, 0xA2, 0xEC, 0x76, 0x30, 0x11, 0xD0, 0x0E, 0xD5, 0x7B, 0x0A, 0xA3,
    0x62, 0xBC, 0x9A, 0x8C, 0xAA, 0x99, 0x55, 0x64, 0xDA, 0x54, 0x7A, 0xB5, 0x19, 0x65, 0x2D, 0x70,
    0x0B, 0xE0, 0xA1, 0x32, 0x6D, 0x58, 0x2B, 0xCD, 0x0C, 0xDC, 0x8C, 0xC7, 0xEF, 0x2B, 0x0B, 0x60,
    0xF4, 0x30, 0x1D, 0x80, 0xBC, 0x05, 0xBE, 0xC7, 0xD6, 0xD7, 0x29, 0x0B, 0x94, 0x8F, 0xBB, 0x9E,
    0xCE, 0x16, 0x3E, 0x99, 0x49, 0xB5, 0x9C, 0xD4, 0x17, 0x03, 0x49, 0xAF, 0x39, 0x52, 0x39, 0xA0,
    0x8E, 0xB4, 0xDF, 0x88, 0xBB, 0x68, 0x5C, 0xF6, 0xA0, 0xB5, 0x43, 0x36, 0xC2, 0x8D, 0x74, 0x86,
    0x4F, 0x91, 0x56, 0xA7, 0x24, 0xD2, 0x93, 0xC5, 0x54, 0xAF, 0x59, 0xE0, 0xCD, 0x16, 0x6A, 0x0B,
    0x8F, 0x80, 0x09, 0xD2, 0x1E, 0x32, 0xCB, 0x66, 0x69, 0x16, 0x92, 0xE5, 0x20, 0x44, 0x98, 0x7B,
    0xCD, 0x30, 0x84, 0x34, 0xD4, 0xD6, 0x50, 0xC3, 0xB3, 0x37, 0x1B, 0x0B, 0xA0, 0xE8, 0xF9, 0x79,
    0x3E, 0x1A, 0x9F, 0x88, 0x0C, 0x34, 0x62, 0x31, 0xFB, 0xC0, 0xF5, 0x58, 0xE4, 0x00, 0x34, 0x1E,
    0x98, 0x66, 0x0D, 0xE5, 0x96, 0x0E, 0x98, 0xED, 0x4C, 0x20, 0xC9, 0x31, 0xE4, 0x13, 0x94, 0x33,
    0xDC, 0xA9, 0x61, 0xCA, 0x5B, 0xD3, 0x1B, 0x77, 0x35, 0x81, 0x18, 0x80, 0x62, 0x53, 0x5F, 0x24,
    0x6F, 0x01, 0xD8, 0x99, 0x40, 0xB0, 0x90, 0xFA, 0xD8, 0x8C, 0xCC, 0x43, 0xD2, 0x03, 0x70, 0x25,
    0x81, 0x5C, 0xE3, 0x1A, 0x64, 0xEE, 0x6D, 0x48, 0xFC, 0x04, 0x88, 0x07, 0x9A, 0x38, 0xC1, 0x76,
    0x57, 0x02, 0x31, 0x2D, 0x2D, 0x3E, 0x73, 0x7C, 0x5C, 0x41, 0xB5, 0x86, 0x62, 0xD2, 0x60, 0xAE,
    0x26, 0x90, 0xD7, 0xF8, 0x21, 0x50, 0xF2, 0x00, 0xC8, 0xFF, 0x32, 0x00, 0xA9, 0xB8, 0x18, 0x80,
    0x05, 0x78, 0xC4, 0xF6, 0xD2, 0x89, 0x1C, 0xC1, 0x81, 0x88, 0x58, 0xD2, 0x99, 0x83, 0x81, 0x64,
    0x26, 0x9B, 0x54, 0xB3, 0x56, 0xE9, 0xA2, 0x8D, 0x55, 0x6B, 0xA7, 0x56, 0x1B, 0x35, 0x83, 0x67,
    0xBA, 0xD5, 0xA6, 0xFE, 0x52, 0xBB, 0xE9, 0xCD, 0x2C, 0x6A, 0x1A, 0xD7, 0xCA, 0x73, 0x77, 0xB9,
    0x2F, 0xAD, 0x56, 0x72, 0x86, 0x06, 0xB6, 0x32, 0x16, 0x4A, 0xC9, 0x7A, 0x30, 0x92, 0x3B, 0xA0,
    0x29, 0x6C, 0x14, 0xF5, 0x47, 0x51, 0x2E, 0xEC, 0xA6, 0x1A, 0x52, 0x91, 0x60, 0x3E, 0x66, 0x1D,
    0x14, 0xCE, 0x08, 0x54, 0x2D, 0x12, 0x93, 0xEA, 0x82, 0xD0, 0xFC, 0x4F, 0x63, 0xCB, 0xF8, 0x29,
    0xCA, 0xD8, 0x43, 0xE1, 0xB5, 0xB7, 0x54, 0x96, 0xFA, 0x2C, 0x8E, 0x32, 0x83, 0xB1, 0x2F, 0x99,
    0xD8, 0x1B, 0xEB, 0x15, 0x65, 0xDF, 0x89, 0xD8, 0xB2, 0x7F, 0x4F, 0xF7, 0x2F, 0x29, 0x31, 0x34,
    0x30, 0xC0, 0x28, 0x34, 0x60, 0x56, 0xDD, 0xBB, 0x9A, 0xCA, 0x4C, 0x3C, 0x8C, 0xEC, 0xED, 0xD7,
    0x18, 0x99, 0x6B, 0xB2, 0xA5, 0x6B, 0x28, 0x86, 0x54, 0x28, 0x1D, 0x12, 0x27, 0x1D, 0xE7, 0x1F,
    0xA3, 0x78, 0x36, 0x7A, 0x36, 0xB6, 0x8B, 0xD9, 0xC4, 0x68, 0x62, 0x32, 0xC4, 0x60, 0x62, 0x2E,
    0x6F, 0x9D, 0x1C, 0x43, 0x2D, 0x23, 0xBC, 0xBE, 0xDA, 0xDF, 0xBE, 0xC2, 0xC4, 0x1D, 0x28, 0xE9,
    0x4C, 0xEE, 0x74, 0x1A, 0x4A, 0xB2, 0x01, 0xFE, 0x9B, 0x75, 0xE8, 0x20, 0x11, 0x99, 0x75, 0xEF,
    0xDD, 0xCD, 0x89, 0x67, 0xF2, 0xA1, 0xF2, 0x99, 0x32, 0xA6, 0x33, 0x89, 0xBF, 0xBB, 0x9C, 0x9C,
    0x7A, 0x1D, 0xD2, 0xEB, 0x8B, 0x64, 0x22, 0xE2, 0xF4, 0x35, 0x72, 0xFB, 0x4E, 0xEB, 0x5C, 0xE6,
    0xE3, 0x9D, 0x36, 0x96, 0x6D, 0x32, 0xD7, 0xD6, 0xCC, 0x35, 0xCC, 0xF5, 0xC9, 0xC9, 0x5C, 0x4B,
    0xC8, 0x67, 0xB5, 0x7A, 0xF7, 0x3F, 0xEF, 0xB4, 0x32, 0xDE, 0x69, 0xFC, 0x34, 0x1B, 0xCD, 0xB8,
    0x75, 0xA7, 0xFD, 0x82, 0x0F, 0xE0, 0x36, 0x1E, 0xAA, 0xFB, 0x03, 0x14, 0xE2, 0xC0, 0xFC, 0x89,
    0x5D, 0x98, 0xBA, 0x4B, 0x5A, 0x7D, 0x21, 0x8C, 0xEF, 0x83, 0xF5, 0x02, 0xD7, 0xCF, 0xB8, 0x92,
    0x08, 0xB8, 0x01, 0xB0, 0x56, 0x96, 0x0D, 0x1F, 0xED, 0x42, 0x04, 0x60, 0x21, 0xF3, 0x90, 0xEB,
    0xB6, 0xF9, 0x11, 0xBA, 0x8A, 0x18, 0xFE, 0x8F, 0x73, 0xE4, 0x6D, 0x00, 0x0F, 0xA4, 0x03, 0x90,
    0xF5, 0x1B, 0x46, 0x20, 0x95, 0x01, 0xE8, 0xFA, 0xCB, 0x9D, 0xEF, 0x03, 0x30, 0xFE, 0xC9, 0x6B,
    0x9F, 0x6E, 0x03, 0xA4, 0xCB, 0x31, 0x46, 0x3C, 0xBC, 0x6E, 0xF9, 0x6D, 0xF8, 0xC7, 0xED, 0xC4,
    0x43, 0xF9, 0x2B, 0x07, 0xB9, 0x58, 0x3D, 0x0F, 0x98, 0x79, 0x27, 0x6E, 0x0D, 0x6B, 0x5A, 0xE3,
    0xF3, 0x96, 0x87, 0x35, 0xD4, 0x33, 0x14, 0xA3, 0xCE, 0xE1, 0x8A, 0x6E, 0x8F, 0xBD, 0x23, 0xD0,
    0x21, 0xD4, 0x6A, 0x56, 0x3F, 0x3E, 0x54, 0xC7, 0xC2, 0x42, 0xD2, 0x26, 0x0E, 0xD8, 0x4E, 0xE5,
    0x08, 0x8A, 0xE5, 0xF4, 0xCB, 0x9F, 0x8F, 0x25, 0x66, 0x26, 0xA4, 0x23, 0x1C, 0x92, 0x7B, 0xF8,
    0xA5, 0x8E, 0x83, 0x8E, 0xA8, 0x56, 0xD1, 0xBA, 0xFD, 0x5A, 0x2B, 0xF1, 0xC1, 0x4C, 0xFA, 0xDA,
    0x81, 0xC4, 0xF6, 0x5D, 0xEC, 0xE1, 0x11, 0xC5, 0xA0, 0x66, 0xA3, 0x9A, 0xCC, 0x2A, 0x5D, 0xAB,
    0x96, 0xCB, 0xFD, 0x05, 0xCD, 0xF9, 0x0C, 0x88, 0x93, 0x48, 0x8E, 0x81, 0x6C, 0x06, 0x8A, 0x35,
    0x50, 0x57, 0xC0, 0xC3, 0xDC, 0xC1, 0x60, 0x7A, 0x2E, 0x96, 0xBC, 0xA5, 0x5A, 0x9A, 0x9E, 0xE5,
    0xE0, 0xEF, 0x7D, 0xEA, 0xB3, 0xC1, 0x66, 0x43, 0xEA, 0xC9, 0xFB, 0x64, 0x54, 0xA6, 0x27, 0x7B,
    0x43, 0x20, 0xF5, 0xA9, 0x27, 0x99, 0xF2, 0x1E, 0x3A, 0xB1, 0xF0, 0xBB, 0x4F, 0xC0, 0x0C, 0x40,
    0xEA, 0x94, 0x33, 0xE2, 0xE8, 0xA3, 0x9E, 0x5D, 0x74, 0x4F, 0x28, 0x2D, 0xB5, 0xBD, 0x03, 0x65,
    0xFB, 0x0E, 0x14, 0x71, 0xCF, 0xD6, 0x50, 0x53, 0xB5, 0x3C, 0x24, 0x7F, 0x7C, 0xEA, 0x31, 0xDD,
    0x62, 0x41, 0x9F, 0x7B, 0x10, 0x9F, 0x7C, 0xB0, 0x9C, 0x02, 0x34, 0x8B, 0x9A, 0x9F, 0x01, 0xBB,
    0x9F, 0x74, 0x6F, 0x1C, 0xF8, 0x34, 0xF0, 0xE8, 0xB4, 0x85, 0x5A, 0x80, 0xBD, 0x33, 0x76, 0x2B,
    0x64, 0x88, 0xA4, 0x5E, 0xCD, 0xC6, 0xA8, 0x87, 0xED, 0x27, 0xEC, 0xCE, 0x47, 0x8D, 0xBD, 0x98,
    0x83, 0x36, 0x27, 0x92, 0x0C, 0x00, 0xEC, 0x5C, 0xDE, 0x3B, 0x9C, 0x22, 0x3C, 0xFD, 0xFE, 0xF3,
    0x5E, 0x2D, 0x5C, 0xD4, 0xAA, 0xDF, 0x57, 0xF8, 0x4E, 0xF4, 0xBB, 0xCA, 0x6D, 0xE5, 0x9E, 0x32,
    0x01, 0xC9, 0xA8, 0xF8, 0x5D, 0xCB, 0x5B, 0x1F, 0xDA, 0x9B, 0xA7, 0x36, 0xD5, 0xAC, 0x72, 0x78,
    0x87, 0xCD, 0x83, 0x9B, 0xC4, 0x25, 0xEE, 0xAB, 0x57, 0xB9, 0xCF, 0x44, 0x38, 0x90, 0xE3, 0x3D,
    0x59, 0x48, 0x67, 0xA8, 0xFA, 0x18, 0x5F, 0xE9, 0x9E, 0xE7, 0xCF, 0x7A, 0xB5, 0x3A, 0x70, 0xB1,
    0x62, 0xD9, 0x1C, 0xC5, 0x73, 0x2F, 0xF0, 0x27, 0x16, 0xE1, 0xB8, 0x2B, 0x47, 0xA6, 0x3B, 0xD7,
    0x02, 0x73, 0x11, 0xE0, 0x2D, 0x00, 0xC4, 0x02, 0x46, 0x62, 0x5C, 0x7F, 0xF3, 0x68, 0x26, 0x13,
    0xF0, 0x63, 0x7E, 0x06, 0xAF, 0xEF, 0x03, 0x34, 0x93, 0x9A, 0x45, 0x93, 0xA8, 0xF9, 0x5A, 0xB5,
    0xAD, 0x39, 0x17, 0x09, 0xFE, 0xAB, 0x6D, 0x1C, 0x66, 0xA1, 0x08, 0xCE, 0x14, 0xBD, 0x9A, 0x0F,
    0x17, 0x4E, 0xCF, 0x67, 0x32, 0x93, 0x7B, 0x6E, 0x8A, 0xCD, 0xCF, 0x69, 0x64, 0xC8, 0xE5, 0xDB,
    0xE4, 0xFC, 0x86, 0xC6, 0xF6, 0x57, 0x3A, 0xD1, 0x85, 0xF7, 0xE2, 0xD1, 0x2B, 0xCF, 0xF9, 0x6B,
    0x32, 0xD4, 0xE2, 0x80, 0x46, 0xC4, 0x12, 0x3F, 0xFF, 0x34, 0xC3, 0xBD, 0x7D, 0xB5, 0x5B, 0x07,
    0x1F, 0x3F, 0x16, 0x8B, 0x11, 0x5B, 0x39, 0xCC, 0xFA, 0x22, 0xC3, 0xED, 0x24, 0x5F, 0x26, 0xC3,
    0x6B, 0x16, 0xAA, 0x29, 0xE7, 0x50, 0x7E, 0xC3, 0xA7, 0xD5, 0xCC, 0xFE, 0xDE, 0xC0, 0xC5, 0x52,
    0xC9, 0x1C, 0xDA, 0xFE, 0x03, 0x04, 0xE8, 0x2E, 0x69, 0x13, 0xF8, 0x81, 0x9C, 0x69, 0xDF, 0xDF,
    0x38, 0x76, 0x21, 0xB0, 0x27, 0x40, 0x03, 0xD4, 0xCF, 0xB9, 0x35, 0x96, 0x3D, 0x39, 0xA3, 0x90,
    0x99, 0xF7, 0x4F, 0x8E, 0x3A, 0xF1, 0xAB, 0xD5, 0xFE, 0xE6, 0xD6, 0x0C, 0x97, 0x4B, 0x3A, 0x93,
    0xBC, 0xD0, 0x9A, 0xCE, 0xDC, 0x15, 0xED, 0xF0, 0xE4, 0xE4, 0x48, 0x64, 0xD8, 0x74, 0x5B, 0x87,
    0xA0, 0x66, 0xCC, 0x0C, 0xDF, 0x62, 0x35, 0x6B, 0x6E, 0xCA, 0x51, 0x2D, 0xFE, 0x03, 0x8E, 0x3F,
    0x32, 0x43, 0x7D, 0xDF, 0x95, 0xD2, 0x26, 0xE7, 0x5C, 0x66, 0x85, 0x9B, 0xCE, 0x4F, 0x43, 0xE7,
    0x56, 0x3B, 0x7F, 0x89, 0x3A, 0x2F, 0xAB, 0x24, 0x1E, 0x90, 0xF6, 0xE4, 0x8E, 0xA2, 0x8D, 0x6B,
    0xD8, 0x17, 0x67, 0xA4, 0xE5, 0x06, 0x68, 0xCB, 0x58, 0xD8, 0x67, 0xC0, 0x4B, 0x55, 0xCB, 0x3D,
    0x8C, 0x27, 0x73, 0x71, 0xA0, 0xE0, 0x40, 0x2A, 0x3D, 0x9D, 0x8E, 0x92, 0x4C, 0xC4, 0x59, 0xC0,
    0x27, 0xC0, 0x25, 0x07, 0xFE, 0xA2, 0xD9, 0x7E, 0x11, 0xFF, 0xF7, 0xF3, 0x87, 0x4E, 0xDA, 0x74,
    0x26, 0x1F, 0xB5, 0xCF, 0xCC, 0xBF, 0x22, 0x53, 0x55, 0xEB, 0x0F, 0x76, 0xE2, 0x83, 0xC0, 0x57,
    0xCD, 0x07, 0xB5, 0xE8, 0x37, 0xAF, 0x0D, 0xD7, 0x17, 0x80, 0x62, 0x00, 0x6E, 0x60, 0x40, 0x1F,
    0xEE, 0x49, 0x60, 0x30, 0xBA, 0xC7, 0x67, 0x64, 0x2D, 0xDB, 0x4B, 0x3D, 0x1B, 0xE9, 0x6F, 0xCE,
    0xA6, 0xEB, 0x63, 0x13, 0x9E, 0x90, 0xBF, 0x00, 0x66, 0x1D, 0x08, 0xE9, 0xE5, 0x7D, 0xC8, 0x2F,
    0xEF, 0x81, 0x48, 0xF1, 0x14, 0x07, 0x94, 0x2D, 0x50, 0x03, 0x7B, 0xEB, 0x27, 0x33, 0x78, 0xD3,
    0x52, 0x3B, 0x3A, 0x6F, 0xFE, 0x39, 0xA5, 0xFD, 0x3B, 0xD7, 0xB9, 0x0E, 0x00, 0xB9, 0xC8, 0x9E,
    0x3C, 0xD6, 0x53, 0xD5, 0xCB, 0xAF, 0xAD, 0xAE, 0xB5, 0xA5, 0x81, 0x35, 0xD5, 0x48, 0xD3, 0xC2,
    0x1F, 0x49, 0x16, 0x32, 0xB1, 0xC5, 0xE7, 0xEE, 0x56, 0xE2, 0x3F, 0xE4, 0x43, 0x00, 0x28, 0x16,
    0xF2, 0x05, 0x1E, 0xC1, 0xE1, 0xF3, 0xAF, 0x8F, 0xE0, 0xCF, 0x30, 0x93, 0x4C, 0x54, 0x03, 0x87,
    0x56, 0xBF, 0xBD, 0x42, 0xAF, 0xA3, 0xE3, 0x5C, 0xDA, 0xCD, 0xB5, 0x9C, 0x7A, 0x35, 0x73, 0x6A,
    0x89, 0x7A, 0x3B, 0x3A, 0xAA, 0x69, 0xAF, 0x16, 0xAD, 0x5A, 0xA1, 0x76, 0x2E, 0xB8, 0x96, 0x21,
    0x28, 0x9F, 0x8F, 0x6A, 0x3A, 0x07, 0x67, 0x23, 0x2A, 0xD2, 0xAA, 0x75, 0xAF, 0x96, 0x5E, 0xCD,
    0x27, 0x35, 0x5D, 0x93, 0xCE, 0x18, 0xB1, 0xE1, 0x3A, 0xA2, 0x39, 0x0B, 0x95, 0xE8, 0x89, 0xAD,
    0xA5, 0x70, 0x6A, 0xD9, 0xAA, 0x95, 0xC2, 0xAD, 0xE8, 0xED, 0xE8, 0x0D, 0x9E, 0xBC, 0x67, 0x34,
    0x13, 0x90, 0x29, 0x89, 0x62, 0x9E, 0x49, 0x2A, 0xA3, 0x99, 0x12, 0x19, 0xC2, 0x61, 0x43, 0x60,
    0x0A, 0x24, 0x43, 0x20, 0x77, 0x81, 0x92, 0xC0, 0x61, 0xE0, 0x5C, 0x02, 0x22, 0x2E, 0x10, 0x7F,
    0x34, 0x73, 0xAF, 0x9F, 0x9D, 0x03, 0x66, 0x1D, 0xA0, 0x8B, 0x93, 0x71, 0x37, 0xC5, 0x16, 0x53,
    0x23, 0x43, 0xB2, 0x6C, 0x5D, 0xAD, 0xCA, 0x1D, 0xE5, 0x9E, 0xF2, 0x40, 0xF1, 0x8A, 0x85, 0x46,
    0x2B, 0xA8, 0xB4, 0x82, 0xE4, 0x92, 0x2B, 0xF8, 0x37, 0xD5, 0x98, 0x31, 0x8C, 0xDC, 0x58, 0x19,
    0xC7, 0x7F, 0xB6, 0xB3, 0xEB, 0x90, 0x41, 0x98, 0xE2, 0xC2, 0x45, 0x89, 0x88, 0x29, 0x23, 0xD0,
    0x9D, 0xDB, 0x14, 0x9B, 0xF1, 0x13, 0x2D, 0xCD, 0x14, 0x59, 0x89, 0x2E, 0xB4, 0x54, 0x9B, 0x22,
    0x05, 0x12, 0x9B, 0x8C, 0xC5, 0x95, 0x34, 0xDB, 0x5C, 0x4D, 0x84, 0x28, 0xEE, 0xB6, 0x60, 0xAF,
    0xD8, 0xE2, 0x0A, 0x12, 0x5B, 0xB4, 0x34, 0xD6, 0x9D, 0x04, 0xAD, 0x11, 0xA1, 0x80, 0x14, 0xE7,
    0xC2, 0x11, 0x4E, 0xCE, 0x9E, 0x0F, 0xFF, 0xE5, 0x61, 0x76, 0x87, 0x40, 0xEE, 0x92, 0xDB, 0x64,
    0xB3, 0x9F, 0xFC, 0x7E, 0xDF, 0xEC, 0xF3, 0x7B, 0xFE, 0xE6, 0xFB, 0xFF, 0x67, 0xAC, 0xF5, 0xE0,
    0xDF, 0x07, 0x26, 0x35, 0x10, 0x15, 0x40, 0x0A, 0xB0, 0x2B, 0x54, 0x1C, 0x8F, 0xDC, 0x6A, 0xD8,
    0xB1, 0xFB, 0x10, 0x74, 0x80, 0x7F, 0x62, 0xB8, 0x23, 0x1C, 0xAE, 0x50, 0x07, 0x1D, 0x7E, 0x7D,
    0x6B, 0xB1, 0x7F, 0x50, 0xE7, 0x66, 0x56, 0xB3, 0x79, 0x9F, 0xA8, 0x24, 0xC9, 0x98, 0x42, 0x83,
    0x57, 0x72, 0x71, 0x46, 0xDE, 0x12, 0xB6, 0xF8, 0x2D, 0xDE, 0xAB, 0x1D, 0x9D, 0x2A, 0x5F, 0xB1,
    0xD9, 0xD0, 0xD4, 0xA9, 0xF5, 0x75, 0x2C, 0x1E, 0x0A, 0x9D, 0xD0, 0x0A, 0x35, 0xE0, 0x55, 0x00,
    0x8E, 0x13, 0xEE, 0x16, 0x00, 0x4D, 0xFA, 0x0D, 0x41, 0x4D, 0x50, 0x10, 0x66, 0x78, 0xC8, 0xDD,
    0x28, 0x1B, 0x54, 0x88, 0xB2, 0xA0, 0x23, 0xD6, 0xFA, 0xF7, 0x84, 0x2D, 0xE1, 0x07, 0xAF, 0x51,
    0x85, 0x8B, 0xB3, 0x0D, 0xF2, 0x36, 0x21, 0x6C, 0xA7, 0xF8, 0xED, 0x16, 0x5E, 0x7B, 0x7D, 0x18,
    0xB7, 0x87, 0xC1, 0x37, 0x1B, 0x1D, 0x2A, 0xAF, 0xAE, 0x51, 0xDB, 0x2F, 0xE1, 0xB2, 0x27, 0xC4,
    0xC5, 0x80, 0x64, 0x85, 0x89, 0x7B, 0xE5, 0xFE, 0x90, 0x7D, 0xF2, 0x0F, 0xFF, 0x6B, 0xBD, 0x77,
    0x6F, 0x18, 0x71, 0xE1, 0xB5, 0x49, 0x31, 0xE6, 0x89, 0x3B, 0xD9, 0xFE, 0x42, 0x61, 0x3E, 0x60,
    0xD1, 0x0E, 0xB0, 0x6C, 0x79, 0x22, 0x12, 0x72, 0xE1, 0xB7, 0x2F, 0xD5, 0xDF, 0x4D, 0xD2, 0x0E,
    0x9D, 0x79, 0xC1, 0xD1, 0x1F, 0x62, 0x15, 0xE6, 0x82, 0x8E, 0xA4, 0xE3, 0xDA, 0x7F, 0x9F, 0xD5,
    0x71, 0xC5, 0xF6, 0x52, 0x6B, 0x80, 0xCB, 0x19, 0x40, 0xEA, 0xC4, 0x87, 0x02, 0xAD, 0x10, 0x94,
    0x62, 0xE8, 0x58, 0x8B, 0xBC, 0xC1, 0xB7, 0x7E, 0xA7, 0xC3, 0xCF, 0x9F, 0x06, 0x06, 0x51, 0xE6,
    0x9B, 0x93, 0x59, 0x56, 0x88, 0x5F, 0xD4, 0xE2, 0x5F, 0x1A, 0xF1, 0xF3, 0x4E, 0x2C, 0x17, 0x88,
    0x73, 0x27, 0xA6, 0x85, 0x18, 0x55, 0xE2, 0xA4, 0x11, 0x83, 0x4E, 0x64, 0x21, 0x92, 0xFF, 0x44,
    0x4C, 0xFF, 0x24, 0xC6, 0x8F, 0xC5, 0x89, 0x89, 0x81, 0x88, 0x67, 0x2E, 0xA8, 0x20, 0x77, 0xB7,
    0x9E, 0x3A, 0x52, 0x97, 0x5B, 0x46, 0xEC, 0x80, 0x8F, 0x41, 0xEE, 0x88, 0x41, 0x23, 0x86, 0xA5,
    0x18, 0x09, 0x5C, 0x63, 0x3D, 0xD2, 0x26, 0xE9, 0xE1, 0x4A, 0x6B, 0x96, 0xE1, 0x2D, 0x8A, 0xA4,
    0x00, 0x23, 0xAA, 0x60, 0x41, 0x58, 0x43, 0xB7, 0x64, 0xF0, 0xF2, 0xF4, 0x7A, 0x71, 0x50, 0x35,
    0xE8, 0x49, 0xAD, 0x0E, 0x2C, 0x7B, 0xEB, 0xB4, 0x5A, 0x8B, 0xA0, 0x16, 0xC3, 0x4A, 0x9C, 0x14,
    0x88, 0xD9, 0x91, 0x6E, 0xE7, 0x4E, 0x45, 0x31, 0xD6, 0x22, 0x2E, 0xC4, 0xC4, 0x89, 0xA9, 0xC0,
    0x0D, 0x81, 0xEB, 0x02, 0xDF, 0x15, 0xC8, 0xC8, 0x80, 0x26, 0x2C, 0x74, 0x36, 0x01, 0x88, 0x7B,
    0x31, 0xEA, 0xC6, 0x1E, 0xDF, 0xF2, 0x4F, 0xEF, 0x06, 0x1B, 0x40, 0x58, 0xBC, 0x07, 0xF8, 0x75,
    0x0B, 0x60, 0xB5, 0x38, 0x2F, 0xC5, 0x24, 0x3B, 0xBD, 0x4F, 0xEF, 0xD5, 0x65, 0xC9, 0x62, 0x4C,
    0xA5, 0x48, 0x32, 0xA6, 0x70, 0x4C, 0x41, 0x21, 0x12, 0xFE, 0xA6, 0x8B, 0x17, 0x10, 0x4F, 0xBA,
    0xB9, 0x15, 0xB4, 0x2C, 0xAA, 0xB8, 0xC2, 0x91, 0x67, 0x61, 0x0D, 0xE4, 0x04, 0x0D, 0xF0, 0x90,
    0x65, 0xF2, 0xBF, 0x49, 0x32, 0xFC, 0x16, 0x42, 0xDB, 0xF3, 0x17, 0x8E, 0xC4, 0x9A, 0xC1, 0xB8,
    0xBC, 0x7D, 0xDE, 0xD3, 0xEC, 0x39, 0x4F, 0x5B, 0xF1, 0xB3, 0xD1, 0x53, 0x43, 0x9C, 0x67, 0x62,
    0x32, 0x7A, 0x5A, 0x8B, 0x61, 0x2B, 0xFA, 0x9D, 0x88, 0x89, 0xCC, 0x7F, 0x2D, 0x26, 0xF2, 0x94,
    0xE8, 0x4B, 0x31, 0x34, 0xD1, 0x17, 0x61, 0xF4, 0x74, 0x2E, 0x4F, 0x49, 0xE4, 0x29, 0x91, 0x03,
    0x98, 0x1C, 0x63, 0xC4, 0x11, 0x63, 0x81, 0xA9, 0xB0, 0xD9, 0x89, 0x93, 0xEA, 0xC8, 0xD8, 0xD1,
    0xD7, 0xD1, 0x56, 0xB9, 0x3A, 0x9A, 0xDA, 0x8D, 0x08, 0xBE, 0x36, 0xE4, 0x64, 0x2D, 0x23, 0x6B,
    0xF9, 0x58, 0x03, 0x02, 0xE1, 0x0A, 0xAA, 0x49, 0x54, 0x2E, 0xBF, 0x60, 0x9E, 0x81, 0xAC, 0x61,
    0x73, 0x7F, 0x1F, 0x98, 0x98, 0x01, 0x1B, 0xDB, 0xDB, 0xAC, 0x85, 0x24, 0x06, 0x92, 0x67, 0xB9,
    0xBA, 0x26, 0x6C, 0x08, 0x5A, 0xE8, 0x75, 0x41, 0xE6, 0x44, 0x15, 0xA4, 0x99, 0xAE, 0x96, 0xE8,
    0xCD, 0x13, 0x97, 0x69, 0xA1, 0x12, 0x69, 0x36, 0xB0, 0x4A, 0xC5, 0xFA, 0xFF, 0xB0, 0x4A, 0x0B,
    0x71, 0xDC, 0x15, 0x8B, 0xC5, 0x78, 0xB5, 0x49, 0x3D, 0x70, 0x59, 0x85, 0x85, 0x5E, 0x90, 0xFE,
    0x43, 0xD5, 0x43, 0x5B, 0x00, 0x6C, 0x38, 0x60, 0x7F, 0x3F, 0xC3, 0x33, 0x2B, 0x61, 0x7B, 0xDB,
    0x71, 0x2C, 0x76, 0xCC, 0xE1, 0x2F, 0x0E, 0x2A, 0xC2, 0xDA, 0x6F, 0x89, 0x0A, 0x7A, 0x92, 0x8C,
    0x7B, 0xA4, 0x8E, 0x94, 0x94, 0x25, 0xDC, 0xFF, 0x00, 0x5A, 0xA2, 0xC5, 0xF3, 0x71, 0xDB, 0xA4,
    0xF2, 0x3A, 0xFC, 0xC5, 0x2D, 0x35, 0x6A, 0x19, 0x78, 0x33, 0x20, 0x70, 0xA1, 0x58, 0x44, 0xE2,
    0xB3, 0x07, 0x00, 0xD6, 0x8A, 0x3F, 0xDA, 0x3B, 0x13, 0xBA, 0x95, 0x5E, 0x01, 0x75, 0x30, 0xE0,
    0xE1, 0x41, 0x06, 0xA9, 0x01, 0x9B, 0x8F, 0x78, 0x83, 0x0A, 0xF2, 0xC3, 0x1F, 0xFF, 0x0E, 0x98,
    0x4B, 0x08, 0xFA, 0xA8, 0x04, 0xBF, 0x49, 0x1C, 0x04, 0xE5, 0x0D, 0x60, 0xE2, 0x0E, 0xCF, 0x84,
    0x8E, 0x9B, 0x7B, 0x3F, 0x57, 0x9D, 0x1E, 0x92, 0x5F, 0xB5, 0x70, 0x2F, 0xAC, 0xA0, 0x8D, 0x32,
    0xBC, 0xEA, 0xEA, 0x1B, 0x15, 0x73, 0x25, 0x92, 0x02, 0xC9, 0x34, 0x64, 0x87, 0x49, 0x9F, 0xC4,
    0x05, 0xAD, 0x72, 0xE4, 0x06, 0xE8, 0x70, 0x51, 0x35, 0xE6, 0xB8, 0x50, 0x86, 0x64, 0x99, 0xD3,
    0xFF, 0xE4, 0xEC, 0x28, 0x3F, 0xD9, 0x9E, 0xA1, 0x6C, 0x56, 0xAF, 0xFD, 0xBD, 0xB6, 0x6E, 0xFD,
    0x3A, 0xC4, 0xCB, 0x3C, 0xD6, 0xA1, 0x9C, 0xD4, 0xCA, 0x5E, 0x35, 0xBE, 0x0F, 0xBF, 0x64, 0xA1,
    0x1C, 0x96, 0x83, 0xA0, 0x07, 0xCF, 0xF6, 0xF3, 0x92, 0xD0, 0x14, 0xA5, 0x44, 0x5D, 0x53, 0x6D,
    0x41, 0xB2, 0x90, 0x6E, 0xA5, 0xE5, 0xE5, 0xA0, 0xDC, 0xBF, 0x9A, 0xB0, 0x8E, 0x0A, 0xAC, 0xF4,
    0x5B, 0x09, 0x52, 0xD0, 0x49, 0x9C, 0x8C, 0x3E, 0x65, 0x95, 0xF6, 0xF7, 0x95, 0x52, 0xB3, 0x85,
    0xD2, 0x87, 0xDB, 0x37, 0x95, 0x1C, 0x8C, 0x4B, 0xD0, 0x86, 0x02, 0xC6, 0xED, 0xE8, 0x62, 0x15,
    0x97, 0x26, 0x95, 0xFF, 0x65, 0xCB, 0xA7, 0x83, 0xAA, 0x95, 0xDA, 0x9C, 0x9B, 0x4B, 0x2C, 0x93,
    0xB2, 0xCC, 0x40, 0x0F, 0xC3, 0xC8, 0x64, 0xD0, 0x3E, 0x71, 0x2A, 0xD0, 0x08, 0x5E, 0xC9, 0x7A,
    0xE4, 0xB6, 0x70, 0xF2, 0xDB, 0x7A, 0x08, 0x3A, 0x72, 0x37, 0x3E, 0xDA, 0x88, 0x51, 0x75, 0x8C,
    0xF5, 0x73, 0x33, 0x85, 0x98, 0x6A, 0xBD, 0xD7, 0x23, 0x2B, 0x4B, 0xD4, 0xBB, 0xD8, 0x45, 0xB5,
    0x18, 0xB4, 0xA2, 0xDF, 0x8B, 0x98, 0xC8, 0x3C, 0x13, 0xD3, 0xF1, 0xFA, 0xB5, 0x2A, 0x4E, 0x5A,
    0x6E, 0xD9, 0x5E, 0x60, 0x2E, 0xB7, 0x9A, 0xBC, 0x80, 0x8F, 0xD1, 0x49, 0x82, 0x1A, 0x26, 0x05,
    0xC4, 0xEB, 0xFF, 0x14, 0x5B, 0x69, 0xE5, 0xCE, 0xE7, 0x56, 0x87, 0x8F, 0xC3, 0x3A, 0xE8, 0x83,
    0x3A, 0xE8, 0x7C, 0xA7, 0x3A, 0x41, 0xA3, 0x2D, 0x2F, 0x1E, 0x61, 0x23, 0x8F, 0x66, 0x98, 0x55,
    0x6F, 0x5F, 0xDF, 0x6B, 0x31, 0x17, 0x78, 0x20, 0xD0, 0x1D, 0xB9, 0x47, 0x25, 0xE0, 0x4E, 0x58,
    0x8B, 0x31, 0x96, 0xF3, 0xD5, 0x28, 0x7B, 0x94, 0x41, 0x04, 0x9C, 0x03, 0x98, 0xF1, 0x33, 0x60,
    0xD7, 0xAF, 0x80, 0x24, 0x2A, 0x80, 0xC8, 0x00, 0x82, 0x5E, 0xF4, 0xDA, 0xB7, 0xFC, 0x33, 0x75,
    0x89, 0xF3, 0x44, 0x6E, 0x97, 0xF0, 0xB3, 0x1A, 0xDF, 0x4A, 0xB0, 0x6C, 0x94, 0xF8, 0xC4, 0x75,
    0xBC, 0xEC, 0x60, 0xEE, 0xA0, 0x07, 0x4F, 0x9B, 0x4B, 0xD8, 0x5C, 0xBF, 0x41, 0x04, 0x43, 0x37,
    0x51, 0x19, 0xD6, 0x89, 0xF3, 0x9B, 0x14, 0x6F, 0x18, 0xEC, 0xA5, 0x40, 0x9A, 0x41, 0x52, 0x42,
    0xD4, 0x42, 0xA8, 0x6F, 0xB3, 0xB5, 0x90, 0x98, 0x5E, 0x54, 0x10, 0xB7, 0xA8, 0x2F, 0xE8, 0xCF,
    0x43, 0xBF, 0x05, 0x0F, 0xEE, 0x42, 0x37, 0x87, 0x2E, 0xCD, 0x82, 0x3A, 0xFE, 0xFB, 0x4E, 0xE9,
    0xDB, 0x62, 0x79, 0x3B, 0xFA, 0xE8, 0xE8, 0xFB, 0x23, 0xAB, 0x62, 0xE0, 0x3A, 0xAB, 0xF0, 0xAD,
    0x21, 0xFA, 0x73, 0x4F, 0x4A, 0xCA, 0x94, 0xF7, 0xB9, 0xC7, 0x25, 0x52, 0x20, 0x2D, 0x21, 0xEE,
    0x55, 0xBB, 0x82, 0x79, 0xA7, 0x17, 0xA8, 0x97, 0x73, 0xC4, 0xD9, 0x75, 0xA2, 0x6C, 0x97, 0xD8,
    0xDD, 0xD5, 0xAE, 0x0F, 0x7B, 0x26, 0x5A, 0xF3, 0x0E, 0xE0, 0xDF, 0x87, 0xA8, 0x81, 0xA4, 0x83,
    0x69, 0x0A, 0x4D, 0x94, 0x79, 0xA5, 0x5F, 0xBC, 0xC9, 0x7E, 0x25, 0xB9, 0xBC, 0xC7, 0x2A, 0xFC,
    0x27, 0x0D, 0x61, 0xB1, 0xCB, 0x05, 0x2E, 0xBC, 0x9E, 0x7E, 0xDF, 0x44, 0x4F, 0x13, 0x07, 0x93,
    0x0A, 0x36, 0x3B, 0xE0, 0x0F, 0xC0, 0x5D, 0xA0, 0x83, 0xBC, 0x85, 0x79, 0x79, 0xB2, 0x3D, 0x6D,
    0x01, 0x53, 0x07, 0x71, 0x09, 0x41, 0xB5, 0xBA, 0x01, 0x04, 0x56, 0x10, 0x2C, 0xC0, 0x73, 0x5E,
    0xE6, 0xD5, 0x93, 0x8C, 0xDD, 0x04, 0xD2, 0x6E, 0xD9, 0x58, 0xC5, 0x9B, 0xF4, 0xF7, 0x3C, 0xDF,
    0x22, 0x72, 0x5B, 0x04, 0x7F, 0x6D, 0xC6, 0xAD, 0x79, 0x01, 0xA9, 0x7B, 0x2D, 0xFE, 0xA6, 0x66,
    0xD6, 0x0B, 0x8B, 0x29, 0x39, 0xD3, 0xDD, 0x01, 0x57, 0x7F, 0x31, 0xE0, 0x3B, 0x77, 0x06, 0x44,
    0x0C, 0xE0, 0x24, 0xF1, 0x3D, 0x7B, 0xA4, 0x9A, 0x3D, 0x32, 0x62, 0xE9, 0x84, 0xAC, 0x90, 0x0F,
    0x2B, 0x54, 0x20, 0x3B, 0x90, 0x1F, 0xDC, 0x81, 0x43, 0x68, 0xF0, 0x1B, 0x62, 0x6B, 0xE7, 0xD6,
    0x06, 0x0D, 0x5F, 0x79, 0xF8, 0xC3, 0xD1, 0x81, 0xFD, 0x54, 0x32, 0x44, 0x8E, 0x68, 0x8F, 0xB0,
    0x81, 0x56, 0x87, 0xD7, 0x62, 0x35, 0x96, 0xF1, 0x0E, 0x97, 0x20, 0xE6, 0x53, 0x08, 0xFF, 0x58,
    0x2F, 0x4B, 0x6A, 0x1E, 0xEE, 0xB1, 0x8A, 0xD3, 0x54, 0x68, 0x03, 0x88, 0x1D, 0x24, 0xC0, 0x0D,
    0xB8, 0x73, 0x1D, 0x0E, 0x6F, 0x43, 0x83, 0xFA, 0x93, 0x1A, 0x0C, 0x72, 0xA8, 0xDD, 0x97, 0x1A,
    0xBE, 0x46, 0x07, 0x52, 0x47, 0xF2, 0xE0, 0xB9, 0x57, 0xED, 0xD1, 0xDF, 0xB7, 0xFD, 0xBD, 0xC0,
    0xCC, 0xAA, 0x57, 0xEC, 0xF1, 0xC5, 0xEE, 0xBE, 0xFB, 0x64, 0x96, 0x5A, 0xF3, 0xEE, 0xD3, 0xD9,
    0x8B, 0xDC, 0xF5, 0xDC, 0xF2, 0x3E, 0xE5, 0x59, 0x76, 0x1B, 0x82, 0x2F, 0x9E, 0xD4, 0x10, 0xFA,
    0x56, 0x4A, 0xBF, 0xF7, 0x1D, 0xC7, 0x63, 0x6E, 0x75, 0x60, 0xFD, 0x8E, 0x55, 0x7E, 0xDE, 0xFA,
    0x3D, 0x44, 0x99, 0xD7, 0x0D, 0x74, 0x62, 0xC4, 0xC9, 0x92, 0x91, 0x3D, 0xC4, 0x90, 0xC3, 0x14,
    0xD2, 0x92, 0x4E, 0xBE, 0x1D, 0xD4, 0xE0, 0x9B, 0x39, 0xC0, 0x5B, 0x81, 0xB8, 0x0D, 0x81, 0xA9,
    0xDD, 0x02, 0x6E, 0x27, 0x3D, 0x30, 0xF3, 0x1F, 0xB1, 0x16, 0x69, 0xEB, 0x59, 0x49, 0xD2, 0x92,
    0x57, 0xF8, 0x2D, 0x51, 0x85, 0xD7, 0x32, 0x79, 0x05, 0x76, 0x4B, 0x46, 0x15, 0x74, 0xC4, 0x03,
    0x8D, 0x5F, 0xD6, 0xF2, 0xE4, 0x6F, 0x92, 0xC5, 0x3E, 0x30, 0x07, 0x33, 0x58, 0x3E, 0xBE, 0x2F,
    0x9F, 0xDF, 0xD9, 0xDE, 0x3E, 0x13, 0x7A, 0x5E, 0xDE, 0xFF, 0x08, 0x48, 0xAC, 0x03, 0x2E, 0x6E,
    0xDF, 0x3C, 0x7D, 0x0D, 0x4B, 0xAF, 0x00, 0xEA, 0x40, 0x5C, 0x1C, 0x38, 0x20, 0x5D, 0x00, 0x5C,
    0x78, 0xC4, 0x59, 0xD0, 0xF3, 0xDB, 0x5C, 0x03, 0x22, 0xB6, 0xC4, 0x7F, 0x36, 0x40, 0x60, 0x15,
    0xC0, 0xEF, 0xDD, 0xE9, 0x6B, 0x3B, 0x46, 0xD4, 0x8A, 0xD3, 0x5C, 0x3C, 0x9C, 0x88, 0x9F, 0x84,
    0x6E, 0xF5, 0x5A, 0xF3, 0x5A, 0x73, 0x26, 0xD4, 0x1E, 0xC3, 0xD3, 0x04, 0xE1, 0xE3, 0x0A, 0x88,
    0xA8, 0x11, 0x3F, 0x41, 0xAC, 0x57, 0xF3, 0x9E, 0xBD, 0x05, 0xFA, 0xEB, 0xE7, 0x95, 0xE5, 0xEF,
    0x2B, 0xA4, 0x1F, 0xB4, 0x2C, 0x7F, 0x61, 0xA1, 0x8D, 0x32, 0xF0, 0xCA, 0xEF, 0x9F, 0x05, 0xCD,
    0xFF, 0x0D, 0xCD, 0xD1, 0x01, 0xA4, 0x26, 0x6B, 0x19, 0xC0, 0xF1, 0xDF, 0x3B, 0xA3, 0x1D, 0xCE,
    0xB0, 0xEF, 0x05, 0x70, 0xAF, 0x7B, 0x06, 0xE0, 0x48, 0xDD, 0x81, 0xB0, 0xF8, 0xF6, 0xCE, 0x00,
    0x10, 0x5C, 0x04, 0x10, 0x01, 0x2C, 0x52, 0x80, 0xA5, 0xD3, 0x7E, 0x93, 0x00, 0x60, 0x01, 0x00,
    0x01, 0x58, 0x11, 0x2C, 0x96, 0x4E, 0x67, 0xA6, 0x20, 0x40, 0x43, 0x08, 0xD0, 0xB0, 0x4B, 0x04,
    0x5E, 0x35, 0x98, 0xD5, 0x7C, 0xDF, 0xDB, 0xB1, 0x07, 0x36, 0x85, 0x54, 0x9B, 0x7D, 0xF8, 0xFF,
    0x3D, 0x1E, 0xF0, 0xFA, 0xBF, 0x3C, 0x79, 0xF0, 0x1C, 0xA7, 0x38, 0x53, 0x6C, 0xED, 0x40, 0xB5,
    0x3C, 0x43, 0x1C, 0x36, 0x7C, 0x1E, 0x66, 0x00, 0xA0, 0xDB, 0x42, 0x9E, 0xB5, 0x9B, 0x71, 0x51,
    0x6C, 0xE2, 0x22, 0x6C, 0xEA, 0xFF, 0xC0, 0xFB, 0xBD, 0xC5, 0x85, 0x5D, 0xB3, 0x90, 0xFD, 0x28,
    0xD1, 0xE5, 0xD7, 0x27, 0x62, 0xFE, 0x69, 0xEE, 0xF9, 0x0A, 0x5D, 0x5E, 0x8B, 0x7C, 0x6E, 0xF3,
    0x9B, 0x30, 0xBE, 0x0D, 0x67, 0xE2, 0xE4, 0x44, 0x3D, 0x7C, 0x00, 0xF7, 0xEE, 0x7D, 0x4B, 0xE4,
    0xD8, 0x6B, 0xE9, 0x66, 0x37, 0xC4, 0xFC, 0x8B, 0x95, 0x90, 0xF3, 0x80, 0x62, 0x81, 0x7A, 0x80,
    0x06, 0x74, 0xEF, 0xFB, 0xFE, 0x9E, 0xA1, 0x38, 0xFF, 0xDF, 0x8B, 0x35, 0xE0, 0x06, 0x42, 0x82,
    0x22, 0x41, 0x79, 0xBF, 0x6F, 0x20, 0xAF, 0xD0, 0x2E, 0xE0, 0x09, 0x40, 0x06, 0x14, 0x79, 0x02,
    0xAA, 0x3F, 0x2C, 0x40, 0xEC, 0x57, 0xE0, 0xCA, 0x95, 0x7F, 0x35, 0x63, 0x9E, 0x5D, 0xA9, 0xF2,
    0xFA, 0x83, 0xFC, 0xDC, 0xAD, 0x07, 0xF9, 0x4D, 0xB5, 0x93, 0xE9, 0x94, 0x1B, 0x99, 0x2F, 0x14,
    0xBB, 0x90, 0x7B, 0x8F, 0x85, 0x93, 0x22, 0x0F, 0x0E, 0x9C, 0x95, 0x7F, 0x9C, 0x5C, 0x33, 0x2A,
    0x7F, 0x37, 0x79, 0xC9, 0x51, 0xF5, 0xED, 0x45, 0xA2, 0xEB, 0xEB, 0x2A, 0x49, 0x74, 0x43, 0x2C,
    0x53, 0xB1, 0xD0, 0x4E, 0x97, 0xE5, 0x5A, 0xCE, 0xC4, 0xF9, 0x9B, 0xC5, 0x56, 0x4E, 0xC4, 0xE5,
    0x10, 0xF6, 0x6A, 0xA2, 0x4E, 0x07, 0xA7, 0xBA, 0xA7, 0x4A, 0x4F, 0xDD, 0x46, 0x94, 0xEB, 0x4B,
    0xC7, 0x88, 0x62, 0x4B, 0xBA, 0x4B, 0x84, 0x3D, 0xE9, 0xBE, 0x0F, 0xA7, 0x59, 0x7B, 0x03, 0x79,
    0x12, 0x77, 0x18, 0x27, 0x71, 0x83, 0x6E, 0x50, 0x27, 0xE8, 0x7A, 0x55, 0x02, 0x9F, 0xF6, 0xC0,
    0x71, 0x02, 0xF2, 0x02, 0x8A, 0xBF, 0xAC, 0xA0, 0x9A, 0xAE, 0xC1, 0x43, 0x17, 0xFE, 0x79, 0x72,
    0x76, 0xA9, 0xC9, 0xC3, 0x78, 0xD6, 0xF6, 0xF5, 0xB9, 0x8F, 0x49, 0x37, 0x58, 0x55, 0xC9, 0x71,
    0x92, 0x94, 0xC9, 0x2F, 0x67, 0x8B, 0x72, 0xF5, 0xA7, 0xA5, 0x98, 0x15, 0x5B, 0xF8, 0x7D, 0x2A,
    0x27, 0x61, 0x2F, 0x7E, 0xB3, 0x96, 0x03, 0xA7, 0xF2, 0x27, 0x5B, 0xD5, 0x73, 0x5B, 0xF5, 0x7B,
    0xC4, 0x31, 0xFA, 0x55, 0x44, 0xF7, 0xD0, 0xB3, 0xCF, 0xD1, 0x7D, 0x57, 0xF7, 0x0D, 0x34, 0x3F,
    0xD7, 0x1E, 0x10, 0x5F, 0x69, 0x5E, 0x21, 0xAE, 0x62, 0x42, 0x9D, 0xD4, 0x09, 0xD5, 0xA2, 0x5A,
    0xE0, 0x62, 0x80, 0x76, 0x81, 0xE3, 0x0A, 0xDB, 0x8E, 0x62, 0xF9, 0x02, 0x55, 0x5F, 0xF5, 0x00,
    0xA0, 0xCB, 0x29, 0xE6, 0xA5, 0xCD, 0x3F, 0xBB, 0xC8, 0x4B, 0x79, 0xE2, 0x28, 0x9C, 0xDC, 0x7F,
    0x98, 0x57, 0x74, 0xBD, 0x44, 0x3B, 0x15, 0x33, 0x71, 0x29, 0x27, 0xAA, 0x54, 0xF7, 0x94, 0x5B,
    0x83, 0xB0, 0x1F, 0xE0, 0xF6, 0x29, 0x74, 0x09, 0xDA, 0x19, 0xE2, 0xF4, 0xEF, 0xBA, 0x99, 0xF1,
    0xB5, 0xF1, 0x6D, 0x4F, 0x9D, 0xF3, 0x80, 0x27, 0x08, 0x19, 0x65, 0x1E, 0xA8, 0x7F, 0x3B, 0xD3,
    0x84, 0xC4, 0x23, 0x57, 0x00, 0x18, 0xB3, 0xBC, 0x1D, 0xCF, 0xC6, 0x35, 0x26, 0x71, 0xAA, 0xEE,
    0xD4, 0x97, 0xAB, 0x28, 0xEC, 0x2E, 0xD9, 0x3D, 0xE6, 0xD6, 0x81, 0xCE, 0x53, 0xBA, 0x7E, 0xA5,
    0x99, 0x12, 0xF1, 0xD7, 0x0B, 0xF5, 0xEB, 0x89, 0xF2, 0xAF, 0x13, 0xC5, 0xDF, 0x7A, 0x64, 0x38,
    0xC3, 0x8F, 0xE1, 0x1A, 0x36, 0x84, 0x84, 0x32, 0xA1, 0x9E, 0xD0, 0x0D, 0x7C, 0x76, 0x46, 0xBB,
    0x40, 0x98, 0x3F, 0x45, 0x99, 0xBA, 0xFE, 0x9D, 0x07, 0x8A, 0xA5, 0x01, 0x7C, 0xE4, 0x8D, 0x2F,
    0x9E, 0xA3, 0x9D, 0xD0, 0xC1, 0x0D, 0x42, 0x42, 0x31, 0xFC, 0xE3, 0xBB, 0x73, 0x1E, 0xDE, 0xE9,
    0x4B, 0x46, 0x07, 0xE1, 0xEC, 0xA0, 0xDC, 0x3D, 0x52, 0xAD, 0x88, 0x09, 0xED, 0x84, 0xE3, 0x80,
    0x8C, 0x70, 0x42, 0xB9, 0xA3, 0x4E, 0x68, 0x16, 0x74, 0x13, 0x8E, 0x3D, 0x32, 0x8A, 0x1D, 0xD5,
    0x26, 0xCC, 0x31, 0x29, 0xE6, 0x66, 0x56, 0xCE, 0xDD, 0xA4, 0x9A, 0xC6, 0x3F, 0xBF, 0x18, 0xA7,
    0x7C, 0x37, 0x13, 0x5F, 0xC7, 0x88, 0x9D, 0x32, 0x51, 0x4D, 0x3C, 0x04, 0xA0, 0xCD, 0x39, 0x75,
    0x77, 0x3C, 0xD6, 0xCC, 0x8F, 0x74, 0xC3, 0xB7, 0x8C, 0x38, 0x51, 0x6E, 0xD4, 0x89, 0x38, 0xD3,
    0x0D, 0xDE, 0x3B, 0x7F, 0x52, 0x27, 0x3F, 0x8C, 0xB3, 0xD4, 0x0D, 0x21, 0x1D, 0x73, 0x4E, 0xE3,
    0x1D, 0x7C, 0x82, 0xB0, 0xA3, 0xD8, 0xB9, 0xDF, 0xBC, 0x04, 0x1F, 0x45, 0x87, 0x80, 0x7A, 0x26,
    0x2E, 0xF7, 0x3C, 0x18, 0xF0, 0x01, 0x3A, 0x7C, 0xE5, 0x7B, 0x5C, 0x17, 0x0B, 0x6D, 0x9C, 0x88,
    0x19, 0xE5, 0x09, 0xC5, 0xF6, 0x31, 0x74, 0x28, 0xFA, 0xD0, 0x17, 0x4B, 0xEC, 0xDD, 0x7C, 0x49,
    0xB7, 0xD3, 0x24, 0xEA, 0xE5, 0x7F, 0xDF, 0x21, 0xBC, 0xE8, 0x35, 0x79, 0xF1, 0xAC, 0x4A, 0xF6,
    0xE2, 0x8E, 0xD0, 0x87, 0x9D, 0xB0, 0xFD, 0x97, 0xEC, 0x14, 0x3B, 0x9F, 0xE5, 0xEF, 0x18, 0xF3,
    0xE6, 0xEF, 0xD5, 0x98, 0x01, 0xA4, 0x27, 0xD7, 0xD9, 0xC6, 0x9F, 0x39, 0xE7, 0xDB, 0x1D, 0x32,
    0x38, 0x8B, 0x7C, 0x7C, 0x9F, 0x25, 0x53, 0x14, 0xD5, 0xA4, 0x3B, 0x50, 0x04, 0x77, 0x77, 0xA6,
    0x00, 0x02, 0x5B, 0xBA, 0x0A, 0xD8, 0x20, 0x20, 0x70, 0x8B, 0x20, 0xD2, 0x24, 0x33, 0x69, 0x51,
    0x80, 0x0B, 0x00, 0x58, 0x14, 0x75, 0x97, 0x6E, 0x71, 0x11, 0x44, 0xE7, 0x08, 0x40, 0xD1, 0xD1,
    0xA2, 0x80, 0x4E, 0xDB, 0xA5, 0x9A, 0xA0, 0xA7, 0x35, 0x65, 0x36, 0xCE, 0xCC, 0xDB, 0xF3, 0xBE,
    0xE7, 0xB5, 0xF7, 0xDE, 0x9B, 0xDD, 0x36, 0x62, 0xB3, 0xD9, 0x7D, 0xDD, 0xFD, 0x3D, 0xCF, 0x9D,
    0xFF, 0xCE, 0xFC, 0xCF, 0x79, 0xCE, 0x9D, 0x99, 0x79, 0x07, 0x5C, 0xFF, 0x2F, 0x44, 0xDB, 0xC1,
    0xD0, 0x86, 0x76, 0x40, 0xF3, 0xD9, 0x38, 0xD5, 0x1D, 0x08, 0xE5, 0xE2, 0x60, 0x57, 0x60, 0x7B,
    0x09, 0x65, 0x00, 0xFA, 0x05, 0x6E, 0x06, 0x5A, 0x8F, 0xDA, 0x03, 0x8D, 0xE7, 0x1F, 0xD4, 0x13,
    0x6F, 0xE0, 0x0F, 0xDA, 0xE1, 0x54, 0xC2, 0x7F, 0x90, 0x59, 0x77, 0xD0, 0xDD, 0x51, 0xB3, 0xF8,
    0x7C, 0xE8, 0x01, 0x55, 0x48, 0x82, 0xFC, 0xB5, 0x00, 0x76, 0x71, 0x68, 0xFF, 0x36, 0x4E, 0x00,
    0x4A, 0xDA, 0xC1, 0x75, 0xA9, 0x43, 0xAE, 0x0F, 0x01, 0x14, 0xB2, 0x6D, 0xC7, 0x21, 0x75, 0xD7,
    0xCD, 0x7E, 0x6F, 0x3E, 0x28, 0x83, 0x59, 0x4F, 0x9C, 0x07, 0xF9, 0x66, 0x40, 0xCF, 0x13, 0x6B,
    0xD1, 0x42, 0xD1, 0x3D, 0x02, 0x49, 0x12, 0xE4, 0x3F, 0x3B, 0x8F, 0x0D, 0xD5, 0x5C, 0x44, 0x98,
    0xFD, 0x36, 0xCF, 0x99, 0x06, 0xA0, 0xB8, 0x89, 0x5C, 0x97, 0x3B, 0x11, 0x37, 0xF5, 0x14, 0x2C,
    0xB9, 0xF9, 0x90, 0x66, 0x33, 0x96, 0x93, 0xD9, 0x00, 0x67, 0x7D, 0x11, 0x93, 0x94, 0x83, 0xC8,
    0x2F, 0x21, 0x72, 0x3F, 0x0B, 0x9E, 0xAC, 0x40, 0x65, 0x03, 0x6A, 0x00, 0x23, 0x70, 0x83, 0x33,
    0x9A, 0x78, 0x3B, 0x6A, 0xBA, 0x17, 0x00, 0x18, 0x22, 0x19, 0x6C, 0x21, 0x64, 0xB3, 0x30, 0x6D,
    0xCC, 0x6C, 0xD7, 0x82, 0xA6, 0xD8, 0xAC, 0x18, 0xE7, 0x13, 0xB3, 0xC2, 0xFD, 0x29, 0x14, 0x2B,
    0x2A, 0x1A, 0x98, 0x0B, 0x98, 0xF3, 0x17, 0x63, 0x54, 0xF2, 0xF2, 0x45, 0xD4, 0x89, 0x84, 0x1F,
    0xF3, 0x1A, 0xD2, 0x5F, 0x38, 0x15, 0xFA, 0x29, 0x0F, 0x43, 0xF3, 0xE3, 0x7A, 0x1D, 0xDF, 0x80,
    0xD6, 0x41, 0x11, 0xA0, 0x55, 0xBF, 0xE6, 0xA1, 0x55, 0x51, 0x07, 0x2D, 0xBB, 0xAB, 0x91, 0x99,
    0x3F, 0xA6, 0x46, 0xA2, 0x23, 0xA0, 0x21, 0x22, 0x7F, 0x98, 0xD0, 0xA1, 0x65, 0x6B, 0x23, 0x0E,
    0x67, 0xB4, 0x40, 0xDF, 0x99, 0x88, 0x72, 0xC5, 0x75, 0x80, 0x90, 0x6C, 0xB1, 0xE1, 0x00, 0x66,
    0x63, 0x8B, 0x31, 0x59, 0xBB, 0x8A, 0xED, 0x3B, 0xC0, 0x05, 0xB1, 0xAD, 0xFC, 0x59, 0x8A, 0x6D,
    0xBC, 0xFC, 0xAA, 0x16, 0x23, 0xD8, 0xF2, 0x87, 0xC5, 0x0E, 0xB5, 0x92, 0xA8, 0xDA, 0x72, 0x79,
    0x68, 0x5D, 0xC8, 0x56, 0xCF, 0x12, 0xB5, 0xFD, 0x00, 0xFD, 0x0A, 0x10, 0xD4, 0x76, 0xC5, 0xA6,
    0x76, 0x94, 0x63, 0x4D, 0x3C, 0xC8, 0x1D, 0x55, 0x40, 0x31, 0x27, 0x6B, 0x25, 0x54, 0x33, 0x25,
    0x6D, 0x02, 0xEF, 0x68, 0xA7, 0xDB, 0xFB, 0x5D, 0x1A, 0xD0, 0x7F, 0x72, 0x7C, 0x6F, 0x1A, 0x89,
    0xEE, 0x03, 0x89, 0x34, 0x69, 0x4E, 0x5D, 0x31, 0xA8, 0x0B, 0xD5, 0x90, 0xB3, 0xC1, 0x47, 0x2D,
    0x72, 0x34, 0x68, 0x23, 0x72, 0x32, 0x70, 0x0B, 0x72, 0x30, 0xA8, 0x66, 0xCD, 0x05, 0xD0, 0x71,
    0xB0, 0xD1, 0x54, 0x1A, 0xA2, 0x90, 0x47, 0xAC, 0x0E, 0x8D, 0xBF, 0x06, 0x37, 0x67, 0x77, 0x90,
    0xFE, 0xE5, 0x09, 0xBF, 0x8A, 0x1E, 0xD9, 0x01, 0xBB, 0x3A, 0x16, 0x75, 0x65, 0xD0, 0x08, 0xE0,
    0xE6, 0x33, 0xB9, 0x68, 0x16, 0x3D, 0x34, 0x0A, 0x68, 0xAC, 0x23, 0xF3, 0x8A, 0x04, 0xC1, 0xBB,
    0x7E, 0x57, 0x72, 0xE0, 0x5D, 0x4F, 0x24, 0x06, 0xDE, 0x75, 0xC9, 0x29, 0xB4, 0x44, 0x4B, 0x0E,
    0xA1, 0x4F, 0x0E, 0xB8, 0x74, 0x0B, 0xC5, 0x80, 0x01, 0xA8, 0x09, 0x58, 0x4A, 0x0F, 0x14, 0x04,
    0xBC, 0xD7, 0x00, 0x40, 0x0F, 0x34, 0x9B, 0x1A, 0xB7, 0xAA, 0x29, 0x83, 0x9A, 0x5C, 0x6A, 0xC6,
    0xB5, 0x45, 0x4D, 0xB4, 0x58, 0xA2, 0x6C, 0xAA, 0xA5, 0x1C, 0xD1, 0xC0, 0x05, 0xE7, 0x0B, 0xC2,
    0x2B, 0xA8, 0xF9, 0xDA, 0xC2, 0xA6, 0xED, 0xDA, 0x4E, 0x12, 0x23, 0xB4, 0xB2, 0x7B, 0x11, 0xD5,
    0xD8, 0x45, 0x4D, 0x15, 0xD4, 0xD4, 0x5E, 0x4D, 0xDB, 0xA9, 0x19, 0xC5, 0x8F, 0xBC, 0xD3, 0x8B,
    0x7C, 0x40, 0xDE, 0xE9, 0xD5, 0xDA, 0x17, 0xC4, 0x3B, 0xBD, 0xED, 0x42, 0x39, 0xF2, 0x4E, 0xAB,
    0xA5, 0xBD, 0xBD, 0xDF, 0x12, 0xAD, 0x3C, 0xB0, 0xC8, 0x73, 0x7E, 0x78, 0x5E, 0x8F, 0x24, 0x27,
    0xDB, 0x7A, 0x48, 0x77, 0x80, 0x97, 0xE9, 0x7E, 0x3E, 0xC1, 0x09, 0x46, 0x74, 0x7F, 0xAA, 0xFA,
    0x96, 0xEA, 0xC9, 0x05, 0x0D, 0x49, 0x6D, 0x84, 0x61, 0xBD, 0xBD, 0x1F, 0xDF, 0x63, 0x1D, 0x89,
    0x88, 0x35, 0xD7, 0x45, 0xDD, 0x54, 0x63, 0x16, 0xB3, 0x8A, 0xE8, 0x62, 0xA1, 0x18, 0x27, 0x51,
    0xF3, 0x00, 0x5A, 0x9D, 0xD0, 0x2E, 0x92, 0x86, 0xE5, 0x30, 0x58, 0x24, 0x0B, 0x39, 0x8B, 0xB8,
    0x1E, 0x21, 0xFD, 0x22, 0x72, 0xB8, 0x8A, 0xD8, 0x2C, 0xE6, 0xCB, 0xC9, 0x5B, 0x59, 0x4E, 0xCE,
    0x49, 0x30, 0x3C, 0x08, 0x93, 0x84, 0xE7, 0x9D, 0x44, 0xA6, 0xAD, 0xD3, 0x31, 0xCB, 0x59, 0xB1,
    0x2A, 0xE1, 0xEC, 0x4C, 0xDD, 0x94, 0xE7, 0xDB, 0x69, 0x0A, 0xFF, 0x7B, 0x13, 0x05, 0xC6, 0x15,
    0xCE, 0x97, 0x2B, 0x9F, 0x7B, 0x2B, 0x6A, 0xCF, 0x17, 0xE2, 0x2E, 0x01, 0x38, 0x0B, 0x4B, 0xE9,
    0x03, 0x33, 0x26, 0xA0, 0x66, 0xB8, 0x2F, 0x83, 0x98, 0x60, 0x18, 0x57, 0xE9, 0xA6, 0xF3, 0x29,
    0x5C, 0xE7, 0x01, 0x5C, 0x40, 0x3D, 0x24, 0x34, 0x9D, 0x9E, 0x3C, 0x55, 0xCC, 0xC3, 0x1E, 0x17,
    0x18, 0xDA, 0x6A, 0xDA, 0x0E, 0x23, 0xCC, 0xF8, 0xA0, 0xA2, 0xD5, 0x12, 0xE0, 0x06, 0x8C, 0x83,
    0xA1, 0x0E, 0x55, 0x87, 0xB6, 0x33, 0xE4, 0xC5, 0xC0, 0xFC, 0x3D, 0xA8, 0xF9, 0xC3, 0xA2, 0xE6,
    0xF7, 0x51, 0xCD, 0xB4, 0x43, 0x4D, 0xDF, 0xA9, 0x69, 0xBD, 0x1A, 0x37, 0xAB, 0xA9, 0x16, 0x35,
    0x36, 0xAA, 0xC1, 0xAE, 0x06, 0xE3, 0x6B, 0x6A, 0xDA, 0xDF, 0xA8, 0xA9, 0x3F, 0x55, 0x53, 0x91,
    0x1A, 0xAB, 0x06, 0x85, 0x18, 0x3B, 0x03, 0x23, 0x9B, 0xDB, 0x0F, 0x12, 0xD9, 0x8C, 0x34, 0xA0,
    0x66, 0xA3, 0xF5, 0x79, 0xD3, 0xAB, 0x62, 0x54, 0xC5, 0xA6, 0x6A, 0xA2, 0x9A, 0x7B, 0xB3, 0x9A,
    0xBD, 0x83, 0xD6, 0x15, 0xD5, 0x98, 0xF3, 0x2A, 0x34, 0xAE, 0x22, 0x6A, 0x5A, 0x27, 0x1A, 0x16,
    0x34, 0x2B, 0x8D, 0x0A, 0x9A, 0x54, 0x13, 0x73, 0x50, 0x57, 0x63, 0xCE, 0xA9, 0x88, 0x1A, 0x53,
    0xD4, 0x94, 0xA2, 0x86, 0x14, 0x35, 0xA3, 0xA8, 0x11, 0x45, 0x4D, 0x28, 0x6A, 0x40, 0x51, 0xF3,
    0x89, 0x1A, 0x4F, 0xD4, 0x74, 0x58, 0xAD, 0x6A, 0xC1, 0xAA, 0xD1, 0x44, 0x4D, 0x26, 0x6A, 0x30,
    0x3A, 0xC5, 0xC7, 0x69, 0xA1, 0x6A, 0x96, 0x73, 0x27, 0x32, 0x46, 0x7F, 0x3E, 0xAA, 0xFF, 0xB9,
    0x90, 0x6A, 0xDF, 0x9D, 0xD7, 0x6B, 0x78, 0x5C, 0xB5, 0x4B, 0xB3, 0xA1, 0x22, 0x5C, 0x5D, 0x89,
    0x86, 0xCB, 0x84, 0x62, 0xF7, 0x8D, 0x5C, 0x6E, 0x09, 0x6E, 0x66, 0xE5, 0x3B, 0x09, 0x6B, 0x7C,
    0xA8, 0xF6, 0x49, 0x68, 0xB1, 0x65, 0xBD, 0x4A, 0x47, 0x76, 0x4B, 0xDA, 0x52, 0xB0, 0x34, 0xE8,
    0xF8, 0xF1, 0xDF, 0xF4, 0xD7, 0xE7, 0xE3, 0x79, 0x79, 0xD1, 0x8F, 0x07, 0xBD, 0x93, 0xCB, 0x5D,
    0x5C, 0xEE, 0xE0, 0xB2, 0x39, 0x32, 0xDD, 0xC2, 0xAC, 0x66, 0x5C, 0xA8, 0x72, 0x62, 0xBA, 0x99,
    0x59, 0x07, 0x66, 0xB3, 0x30, 0xAF, 0xAF, 0xCC, 0xB7, 0x23, 0x73, 0xD9, 0x98, 0x61, 0x4C, 0x30,
    0x73, 0x9B, 0x68, 0x3D, 0x7F, 0x57, 0xE9, 0x6B, 0x0F, 0x54, 0x9D, 0x9B, 0x00, 0x27, 0x87, 0xC8,
    0x4F, 0xFC, 0xED, 0xF1, 0xDD, 0x25, 0x91, 0x28, 0x02, 0x1F, 0xCA, 0x28, 0x03, 0xB0, 0xA1, 0x48,
    0x1C, 0x61, 0x26, 0xA0, 0x87, 0xF5, 0x3C, 0xDC, 0x6A, 0x4A, 0xF4, 0x87, 0x0F, 0x70, 0x89, 0x16,
    0x22, 0x54, 0xB4, 0xE7, 0xE1, 0xCB, 0xE8, 0xDF, 0x6D, 0x78, 0x2C, 0x11, 0x7A, 0xD7, 0xD5, 0xB5,
    0xD7, 0x2A, 0xC6, 0x1D, 0x28, 0x1F, 0x8C, 0x1E, 0x6E, 0xAA, 0x66, 0x38, 0x6F, 0x03, 0x4A, 0x06,
    0xF0, 0x10, 0xC5, 0x0F, 0x03, 0x0A, 0xA2, 0x00, 0xB7, 0xD8, 0x80, 0x66, 0x90, 0xC0, 0x13, 0x7A,
    0x41, 0x5E, 0x4F, 0xE9, 0x2E, 0xBE, 0xBD, 0xA0, 0xA6, 0x7F, 0x6C, 0x28, 0xE9, 0x03, 0xEA, 0xF0,
    0x22, 0x80, 0x9B, 0x78, 0xFD, 0x5D, 0x33, 0x37, 0xCE, 0x3B, 0x82, 0xDD, 0xF2, 0x8D, 0x44, 0x6F,
    0x9B, 0xE9, 0x26, 0xC1, 0xD7, 0xE6, 0x2F, 0xF5, 0x63, 0x23, 0x6E, 0xD3, 0xD1, 0x48, 0x21, 0x3D,
    0xCE, 0x1E, 0x14, 0x21, 0x3D, 0xBE, 0x56, 0xD4, 0xD9, 0x5D, 0x17, 0x32, 0x2F, 0xD5, 0xD5, 0x28,
    0xBF, 0x7E, 0x81, 0x9F, 0x62, 0xE3, 0x3F, 0x9F, 0x96, 0x02, 0x2E, 0xC3, 0xC8, 0xA2, 0xD4, 0x9C,
    0xCC, 0xF2, 0x91, 0x8C, 0x74, 0x61, 0xB6, 0x79, 0x59, 0x3D, 0xCE, 0x17, 0x77, 0x6C, 0x90, 0x86,
    0x0D, 0xD2, 0xAF, 0x69, 0xDF, 0x24, 0xDD, 0x9A, 0x76, 0x54, 0xB9, 0x57, 0xCB, 0xBD, 0x96, 0x34,
    0x5E, 0x53, 0xEE, 0xC2, 0x84, 0xE1, 0x31, 0x9C, 0x5B, 0xCF, 0xCC, 0x7B, 0xD5, 0x4C, 0x9F, 0x8F,
    0x26, 0xED, 0x99, 0x7E, 0x8B, 0x36, 0x67, 0xDC, 0x9B, 0x69, 0x6B, 0xA6, 0x9D, 0xD9, 0x80, 0x23,
    0x7D, 0xF8, 0xBA, 0x51, 0x77, 0x40, 0xCD, 0x9F, 0x54, 0x51, 0xEF, 0x71, 0xA7, 0xC5, 0x1D, 0x1B,
    0xB8, 0x63, 0x03, 0x77, 0x6C, 0xB9, 0xF5, 0x6A, 0x06, 0xBC, 0xFF, 0x84, 0x3A, 0x36, 0x1D, 0x87,
    0x0C, 0x44, 0x47, 0x22, 0x43, 0xD1, 0xB1, 0x5C, 0x1C, 0x0C, 0xA4, 0xA7, 0xDB, 0xA4, 0xA5, 0x5B,
    0xA5, 0xA3, 0xCB, 0x9D, 0x5C, 0x27, 0xC4, 0x93, 0x25, 0x98, 0xDA, 0xC0, 0x69, 0xFF, 0x26, 0xED,
    0x9B, 0x76, 0x6F, 0xDA, 0xBC, 0x15, 0x8C, 0x17, 0xF1, 0x7F, 0x89, 0x4E, 0x5A, 0xDD, 0xF2, 0x77,
    0xB9, 0xB5, 0xF3, 0x89, 0xA0, 0x81, 0xD9, 0xE3, 0x7C, 0x49, 0x63, 0x07, 0x69, 0xEC, 0xC0, 0xA1,
    0x5E, 0x68, 0xD7, 0xBE, 0x92, 0xC6, 0xEE, 0xD6, 0xAD, 0x64, 0x91, 0x7B, 0x90, 0xE3, 0xE3, 0x23,
    0x40, 0xEB, 0x0D, 0xC3, 0xDB, 0xA3, 0x9B, 0x1E, 0x72, 0xAD, 0xFC, 0xF3, 0x90, 0x79, 0x4D, 0x31,
    0xB1, 0x61, 0x9E, 0xAB, 0xBA, 0x93, 0xED, 0xC3, 0x29, 0x5F, 0xC0, 0x1B, 0x5F, 0x7F, 0xFE, 0x78,
    0xE1, 0xE8, 0xF4, 0xEA, 0xD0, 0x32, 0xF0, 0xAE, 0x30, 0x30, 0xAE, 0x7C, 0x8F, 0x19, 0x39, 0xF9,
    0xE2, 0xEC, 0x5A, 0x5C, 0x29, 0xBA, 0x67, 0x7B, 0x15, 0xB4, 0x4C, 0x3C, 0x7D, 0x2E, 0xAE, 0x26,
    0xA6, 0xEB, 0x98, 0xAF, 0x40, 0xF2, 0x3F, 0x39, 0x5D, 0x91, 0x0F, 0xA2, 0x9E, 0x29, 0x5F, 0xF7,
    0x8A, 0xE8, 0x95, 0x67, 0x95, 0x2B, 0x4F, 0x2B, 0xCF, 0xC6, 0x6E, 0x4B, 0x90, 0x7E, 0x9B, 0x93,
    0xCF, 0x2B, 0x32, 0xE9, 0x8A, 0xB0, 0x7F, 0x8E, 0x56, 0xE4, 0x1A, 0x0E, 0x12, 0xDD, 0xC7, 0x4B,
    0xA2, 0xA5, 0xE9, 0xF4, 0x5A, 0xF4, 0xE6, 0x85, 0x15, 0x51, 0xBA, 0xEE, 0x19, 0x58, 0x91, 0x5F,
    0x9C, 0x79, 0xDE, 0x6A, 0x85, 0xCE, 0x33, 0xCD, 0x24, 0x2B, 0xF2, 0x7D, 0x5D, 0x11, 0xA6, 0x9B,
    0x9F, 0xB7, 0x15, 0xA9, 0xFD, 0xE9, 0x23, 0xA1, 0x09, 0xFA, 0x66, 0xF4, 0xD1, 0xE7, 0x88, 0x7F,
    0x66, 0x56, 0x04, 0x28, 0x28, 0xED, 0x44, 0xD4, 0xD5, 0x5D, 0xE3, 0xBF, 0x85, 0x2A, 0xE4, 0x7B,
    0xB2, 0x59, 0xC1, 0x47, 0xD0, 0x7F, 0x3D, 0x51, 0xEC, 0x8F, 0xEF, 0xC6, 0x3E, 0xF9, 0x16, 0x66,
    0x6D, 0x3B, 0xBB, 0xF0, 0x13, 0xA0, 0x9B, 0xDC, 0x94, 0x1E, 0x1B, 0x07, 0x8C, 0x5B, 0x7E, 0xEA,
    0x28, 0x6E, 0xDD, 0x02, 0x60, 0x89, 0x06, 0xC0, 0x1C, 0x1F, 0x9F, 0x86, 0x73, 0xF4, 0x42, 0x02,
    0xEF, 0x24, 0xF4, 0x9C, 0x50, 0xDD, 0x3D, 0xD3, 0xCF, 0xCE, 0x86, 0x27, 0x61, 0x89, 0x3C, 0x4E,
    0xAB, 0x08, 0x2E, 0x6D, 0x5B, 0x6B, 0x0F, 0xB3, 0x24, 0xE0, 0xE8, 0xF2, 0x53, 0x7C, 0x8A, 0xD6,
    0x58, 0x99, 0x17, 0x83, 0xF3, 0xA7, 0xC1, 0x55, 0x42, 0x33, 0x3C, 0x4F, 0xB1, 0xC2, 0x4E, 0x79,
    0xE4, 0x0A, 0x33, 0x3C, 0xCD, 0x58, 0x81, 0x37, 0x8F, 0xEF, 0x40, 0xFB, 0x11, 0x7D, 0x94, 0xBA,
    0x89, 0x47, 0x54, 0x49, 0x24, 0xE3, 0xBE, 0x3C, 0x66, 0xC5, 0x3B, 0x2B, 0x2A, 0xD6, 0x7F, 0xAE,
    0x32, 0xDD, 0xE2, 0xCF, 0x59, 0xED, 0xC7, 0x2B, 0x4C, 0xD2, 0xF2, 0x27, 0x2B, 0xB8, 0x9C, 0xC9,
    0xFA, 0x92, 0xEA, 0x81, 0xEA, 0xDB, 0x66, 0x93, 0x2F, 0x0A, 0x46, 0x82, 0x34, 0x73, 0xFA, 0xFD,
    0x07, 0x1C, 0x7D, 0xFE, 0xBC, 0xFA, 0xE4, 0xAE, 0xA8, 0x23, 0x12, 0xFD, 0x0E, 0x8C, 0xE8, 0x81,
    0xEA, 0x89, 0xE8, 0x8F, 0x10, 0x44, 0x7F, 0x65, 0x27, 0xD1, 0x50, 0x4E, 0xF2, 0x3A, 0x3D, 0xA4,
    0xD0, 0xE5, 0x75, 0x17, 0x11, 0x28, 0x55, 0xE0, 0x69, 0x1E, 0x01, 0x00, 0xFB, 0x47, 0x4E, 0x92,
    0x93, 0x36, 0x34, 0x73, 0xD6, 0x7F, 0xFC, 0x34, 0x72, 0xDA, 0x84, 0x9E, 0xF3, 0xE6, 0x8E, 0x20,
    0x25, 0x1E, 0x51, 0x7B, 0xF0, 0xC1, 0x1D, 0xCB, 0x02, 0x37, 0xA5, 0xDC, 0x3F, 0x4B, 0x2F, 0xC0,
    0x0B, 0xE2, 0x9A, 0x52, 0xF6, 0xFF, 0x4A, 0x4F, 0xA1, 0x29, 0xFD, 0x05, 0x40, 0x0B, 0x91, 0x9E,
    0x77, 0x60, 0x29, 0xA3, 0x6C, 0x74, 0x3B, 0x4C, 0xD7, 0x0E, 0xD7, 0xFA, 0xA1, 0x1A, 0x6A, 0x5A,
    0x6B, 0x22, 0x94, 0x34, 0x19, 0x5A, 0xC1, 0xAB, 0x71, 0x09, 0x0F, 0x6B, 0xA4, 0x23, 0xC0, 0xED,
    0xF7, 0xE4, 0x0D, 0xB8, 0xC9, 0x5D, 0x1D, 0xC9, 0x31, 0xDF, 0x97, 0xAB, 0xD4, 0xAB, 0x70, 0xD3,
    0xE9, 0x65, 0xB7, 0x11, 0xB6, 0xC3, 0x63, 0xD9, 0x50, 0x48, 0x2C, 0x49, 0xDA, 0x2F, 0x92, 0xFF,
    0x3F, 0xF2, 0x11, 0x8E, 0xE9, 0x8E, 0x9B, 0x41, 0xB4, 0x94, 0x0B, 0xDF, 0x99, 0x4C, 0x64, 0x62,
    0x1C, 0x98, 0xF5, 0x7E, 0x77, 0x07, 0x8C, 0xBC, 0xD9, 0xD6, 0x6E, 0x06, 0xD5, 0x80, 0x66, 0xEF,
    0x27, 0xEC, 0x87, 0x7F, 0x9D, 0x6C, 0x28, 0xE7, 0xAE, 0x9C, 0x6D, 0x40, 0x35, 0x99, 0x85, 0xB1,
    0xAA, 0x9B, 0x13, 0x6C, 0xB0, 0xBC, 0x34, 0xD5, 0xC4, 0x73, 0xE9, 0x80, 0x77, 0x7E, 0x0E, 0x14,
    0xB3, 0x9C, 0x5B, 0x8C, 0xFB, 0x90, 0x43, 0x2F, 0xFC, 0xE9, 0xC6, 0x8E, 0xE4, 0xDD, 0x56, 0x77,
    0x03, 0xA8, 0x87, 0xEB, 0x3C, 0xA2, 0x1B, 0x78, 0x73, 0xBC, 0xD3, 0x22, 0xF7, 0x58, 0x11, 0xD5,
    0x67, 0xF7, 0x02, 0x2F, 0x51, 0xA7, 0xAF, 0x25, 0xB4, 0xB1, 0xE7, 0xCE, 0x5E, 0x5B, 0x7B, 0xED,
    0xED, 0x4F, 0x9B, 0xFB, 0xA7, 0x1C, 0x26, 0x47, 0xE7, 0x66, 0xE6, 0x17, 0x09, 0x53, 0x3B, 0x54,
    0xFB, 0xD8, 0x0E, 0xF5, 0xAB, 0xCB, 0x7B, 0xFF, 0x7C, 0xDE, 0x70, 0xE2, 0x3A, 0xCD, 0x1B, 0x1F,
    0x9D, 0xCD, 0xDB, 0x74, 0x86, 0x39, 0x3B, 0x00, 0x58, 0xDF, 0x63, 0xF6, 0x2B, 0xB3, 0x09, 0x4C,
    0x37, 0x5D, 0x4C, 0x3B, 0x38, 0xF2, 0x87, 0x74, 0xA7, 0xA2, 0xE1, 0xE1, 0xDB, 0x0D, 0x1B, 0x98,
    0xA5, 0x67, 0xD6, 0x60, 0x1E, 0x08, 0x17, 0xA6, 0x9D, 0x98, 0x6E, 0x60, 0x36, 0x60, 0x8E, 0x3E,
    0x71, 0xA3, 0x39, 0x91, 0x7E, 0xBB, 0x30, 0x6D, 0xE4, 0xED, 0x05, 0x31, 0x41, 0x03, 0xB3, 0x9D,
    0x98, 0x75, 0x60, 0x56, 0x2B, 0xD3, 0x6E, 0xB0, 0x11, 0x05, 0x75, 0xB7, 0xE9, 0x08, 0xFD, 0xFD,
    0x91, 0x02, 0x7F, 0xF0, 0x4D, 0x3E, 0xB7, 0xAE, 0x21, 0x00, 0xEE, 0x67, 0x13, 0x60, 0xE5, 0xF6,
    0x4C, 0x00, 0xB0, 0x81, 0x5F, 0x67, 0xEB, 0x74, 0x4A, 0x86, 0x61, 0x14, 0x8F, 0x84, 0xA5, 0xA5,
    0x58, 0x0D, 0xCD, 0xC5, 0x8A, 0x1E, 0x09, 0x6B, 0x82, 0x99, 0x13, 0x2A, 0x9F, 0x50, 0x23, 0xE1,
    0xFD, 0x84, 0x07, 0x94, 0x40, 0xE4, 0x13, 0xF8, 0x12, 0x11, 0xAB, 0xC0, 0xFB, 0xC6, 0x84, 0x62,
    0x4B, 0xC0, 0x28, 0x43, 0xF7, 0x57, 0xA9, 0x73, 0x6B, 0x4F, 0xB3, 0xD9, 0x9F, 0xD5, 0xF7, 0x28,
    0x75, 0xC7, 0xBC, 0xCE, 0xC0, 0x2A, 0x5C, 0x18, 0x45, 0xF6, 0x9B, 0x70, 0x8C, 0xCC, 0x7A, 0x05,
    0xFE, 0x0D, 0xD5, 0x98, 0x3F, 0x8C, 0xDD, 0x56, 0x76, 0x87, 0xBF, 0x4B, 0x4A, 0x62, 0x20, 0x22,
    0xE6, 0x16, 0x4E, 0x10, 0x58, 0x1B, 0xB1, 0x71, 0x11, 0x18, 0x96, 0xD9, 0x6C, 0xA1, 0x62, 0x34,
    0xF7, 0x26, 0x29, 0xD3, 0xA8, 0x58, 0x61, 0x53, 0x45, 0x6D, 0x9C, 0x66, 0xB6, 0x50, 0x31, 0xD8,
    0x48, 0x22, 0x77, 0x53, 0xA4, 0x9D, 0x22, 0xE9, 0x55, 0xB8, 0x30, 0x46, 0x40, 0xC6, 0x85, 0x0A,
    0x1B, 0x18, 0x0D, 0xE9, 0x6D, 0xD3, 0x10, 0x58, 0x20, 0x29, 0x43, 0x64, 0x15, 0x04, 0xB1, 0x8B,
    0xDC, 0x04, 0xDC, 0x80, 0x9A, 0x90, 0xBC, 0xE1, 0x0F, 0x8F, 0xEF, 0x8D, 0x3C, 0x58, 0xEF, 0xAE,
    0x0D, 0xAF, 0x63, 0x5F, 0x3C, 0x7E, 0xF7, 0xCC, 0xE3, 0xDC, 0x3F, 0xE7, 0x9C, 0x7B, 0x0E, 0x79,
    0x1E, 0x00, 0x1C, 0x04, 0x47, 0x34, 0x9F, 0x74, 0x24, 0x3E, 0x1A, 0xC8, 0x1A, 0x26, 0x8A, 0x8A,
    0xC7, 0x58, 0x87, 0xC5, 0xB2, 0xC2, 0xFD, 0x12, 0xA0, 0x7F, 0xD1, 0x3F, 0x97, 0x9B, 0x61, 0x69,
    0x67, 0x46, 0xA2, 0xF9, 0xBE, 0x87, 0x32, 0x54, 0x10, 0xB7, 0x40, 0xE6, 0x80, 0x7D, 0x80, 0x3B,
    0xC2, 0x23, 0x40, 0xE3, 0xA0, 0x08, 0x40, 0x32, 0x01, 0xD7, 0x8E, 0x8F, 0x81, 0x34, 0x04, 0xE0,
    0xEA, 0xBD, 0x7B, 0x7C, 0xB6, 0x45, 0x61, 0x02, 0x8A, 0xF3, 0xBA, 0x85, 0x40, 0xD2, 0x13, 0x0F,
    0x30, 0x91, 0x78, 0xB4, 0x6E, 0x07, 0xB6, 0xCA, 0x1B, 0x28, 0x9A, 0x62, 0x61, 0xDE, 0xDA, 0x85,
    0x59, 0x6B, 0xAB, 0x85, 0x9D, 0x15, 0xFD, 0xE7, 0xB0, 0xB3, 0x8D, 0xB8, 0x19, 0x95, 0x8B, 0xCD,
    0x66, 0xB6, 0xD4, 0x2F, 0x5C, 0x57, 0x61, 0x96, 0x80, 0xFD, 0x0F, 0xAD, 0x9E, 0x84, 0x19, 0x20,
    0x77, 0x3B, 0x6D, 0x18, 0x04, 0x7A, 0xC1, 0x6C, 0xE4, 0x49, 0xA0, 0x1E, 0xC5, 0x7C, 0x00, 0x8E,
    0x8F, 0x2B, 0x4C, 0x08, 0x2D, 0xDC, 0xBB, 0xE7, 0x00, 0xE0, 0xB7, 0x6E, 0xF8, 0x6E, 0x6B, 0xF8,
    0x02, 0x59, 0x1F, 0xE1, 0x92, 0xE1, 0x67, 0xE0, 0x88, 0xBB, 0x70, 0x28, 0x37, 0x15, 0x99, 0x4C,
    0xB2, 0xF3, 0x48, 0x34, 0x70, 0xD1, 0xE4, 0x99, 0x40, 0xB6, 0x62, 0x24, 0x83, 0x9E, 0xDF, 0x95,
    0x77, 0xAF, 0x68, 0x91, 0xD5, 0x14, 0x03, 0x10, 0x75, 0x40, 0x5A, 0x01, 0xC5, 0x7B, 0x80, 0x95,
    0xD2, 0xBF, 0x77, 0x7F, 0x04, 0x4C, 0x00, 0x28, 0x75, 0x4B, 0x66, 0xA7, 0xD8, 0xE0, 0x8E, 0xF0,
    0x58, 0xDF, 0x95, 0x50, 0x3A, 0xDB, 0x98, 0x99, 0xFC, 0xFC, 0x60, 0x20, 0x0A, 0xD2, 0xE3, 0xEA,
    0x5D, 0x88, 0x9C, 0x71, 0x51, 0x97, 0x39, 0x86, 0x47, 0x60, 0x47, 0x28, 0xBC, 0x1C, 0xCC, 0xB6,
    0xE5, 0x21, 0xF4, 0xCB, 0x35, 0x2C, 0x97, 0x7F, 0x87, 0xA4, 0x79, 0x9B, 0xCC, 0x5D, 0xD1, 0x96,
    0xF8, 0x10, 0x22, 0x0F, 0x89, 0xDC, 0x0C, 0xD8, 0xBB, 0x50, 0xCE, 0x60, 0xE4, 0x4A, 0xF9, 0x38,
    0x1A, 0x01, 0x5D, 0xD3, 0x2B, 0xD7, 0x78, 0x05, 0xC6, 0x87, 0x98, 0xE1, 0x39, 0xB1, 0xAF, 0x75,
    0x9E, 0xCE, 0x83, 0xBB, 0x16, 0x5E, 0xF0, 0x26, 0x6F, 0xDE, 0xC2, 0x67, 0x7F, 0xDB, 0x26, 0xA1,
    0x8A, 0xC2, 0xD6, 0xCF, 0x90, 0xCD, 0xA4, 0x33, 0x9C, 0xC1, 0xE3, 0x2F, 0xFE, 0x39, 0x83, 0xE7,
    0x30, 0xCA, 0xDE, 0x45, 0xC7, 0x63, 0x47, 0x1D, 0xC2, 0x91, 0x3C, 0x14, 0x42, 0x73, 0xB0, 0xC0,
    0x61, 0x25, 0xC6, 0x23, 0x07, 0x1D, 0x56, 0x26, 0x8A, 0x46, 0x92, 0x41, 0xEA, 0x05, 0x16, 0xD1,
    0x4C, 0xEC, 0x11, 0x4D, 0x12, 0xA9, 0x17, 0x31, 0x1E, 0x24, 0x52, 0x3A, 0xC8, 0xBC, 0x44, 0x59,
    0x9B, 0xBC, 0x95, 0x28, 0x9B, 0xEB, 0xCF, 0xAD, 0x58, 0x23, 0x51, 0x37, 0xCD, 0xBC, 0x13, 0xE3,
    0x71, 0x27, 0x26, 0xFD, 0x56, 0xD4, 0x5C, 0xEB, 0x30, 0x7D, 0xB6, 0xA2, 0xBC, 0xB9, 0x2E, 0x11,
    0x58, 0x45, 0x67, 0xA6, 0x55, 0xAC, 0x35, 0x17, 0xAD, 0x36, 0x39, 0xCB, 0xDC, 0xA6, 0x8B, 0x46,
    0x7D, 0x95, 0x77, 0x44, 0xED, 0xD2, 0x17, 0x5E, 0x03, 0xE3, 0xF6, 0xFE, 0xFC, 0x34, 0x54, 0x94,
    0x9F, 0x1C, 0x9F, 0xB4, 0x8B, 0xF2, 0x2F, 0x60, 0x61, 0x90, 0x78, 0x04, 0x00, 0x1B, 0x33, 0x00,
    0x6C, 0xAC, 0x00, 0xB0, 0x31, 0x02, 0xB0, 0xDA, 0x80, 0xDD, 0x9A, 0xC0, 0x6A, 0x81, 0x22, 0x04,
    0xBF, 0xD9, 0xDD, 0x56, 0x2A, 0x9A, 0x77, 0xC8, 0xBA, 0x8D, 0xB4, 0xB7, 0x5C, 0x1B, 0xE5, 0x6E,
    0x53, 0xB2, 0x91, 0x60, 0x5E, 0x25, 0x75, 0x5B, 0x2B, 0xF8, 0xAD, 0xBA, 0x59, 0x77, 0x61, 0x83,
    0xAD, 0xDE, 0xE5, 0x56, 0x6D, 0x56, 0x13, 0xD6, 0xE2, 0x77, 0x36, 0x4A, 0x27, 0x9E, 0xEF, 0x45,
    0xD2, 0x59, 0x43, 0x9F, 0x49, 0x65, 0xAF, 0xA1, 0xFD, 0x46, 0x63, 0x1B, 0x42, 0xBF, 0x51, 0xB8,
    0x5C, 0x24, 0x25, 0xBE, 0xDD, 0x81, 0x5E, 0x05, 0xB3, 0x15, 0x28, 0x7F, 0x73, 0xA1, 0x1E, 0x2C,
    0x0A, 0x89, 0x38, 0x84, 0x8D, 0x90, 0xF6, 0x49, 0x4D, 0x41, 0xE6, 0xB3, 0xC6, 0x04, 0xDE, 0x26,
    0x6F, 0x8A, 0x0A, 0x09, 0xD6, 0x59, 0x47, 0x0D, 0x04, 0x2C, 0x94, 0x60, 0xC6, 0x55, 0x88, 0xFB,
    0x55, 0x48, 0xFD, 0x2A, 0xE4, 0xCD, 0x2A, 0x58, 0xB7, 0x0A, 0x35, 0x68, 0xB8, 0x06, 0xBD, 0xAE,
    0x09, 0x35, 0xE8, 0x76, 0xAE, 0x25, 0x52, 0xCF, 0x61, 0xE6, 0x93, 0x5A, 0x83, 0x86, 0x38, 0xCC,
    0xF6, 0x85, 0x0D, 0x61, 0xD0, 0xC6, 0x46, 0xE9, 0x8C, 0x71, 0x6C, 0xDB, 0x1B, 0x12, 0x29, 0x45,
    0x26, 0xC1, 0xF4, 0x62, 0xDC, 0x8A, 0xD7, 0xB8, 0xDC, 0x6A, 0x9D, 0x89, 0x6C, 0x3E, 0x19, 0x51,
    0x20, 0xCC, 0x5A, 0x7B, 0xB3, 0x30, 0x8F, 0xB5, 0x2A, 0xB7, 0xD7, 0xBC, 0x90, 0x37, 0x62, 0x21,
    0x62, 0xAB, 0xCF, 0x65, 0x11, 0xFC, 0xC2, 0x24, 0xE8, 0x91, 0x41, 0x58, 0x63, 0x42, 0x33, 0x9C,
    0x91, 0x75, 0x62, 0xD2, 0x8B, 0xD1, 0x28, 0x52, 0x57, 0x62, 0x3E, 0x3F, 0x95, 0xA7, 0xE5, 0x37,
    0x30, 0x77, 0x01, 0xAE, 0x1F, 0x6D, 0x17, 0xB3, 0x00, 0xA7, 0x80, 0xF1, 0x40, 0x54, 0xB1, 0x6B,
    0x69, 0x45, 0x31, 0x97, 0x2D, 0xF3, 0xC1, 0xBF, 0xB7, 0xB1, 0x4F, 0x3A, 0x97, 0x74, 0xB1, 0x27,
    0x6D, 0xA3, 0x5E, 0x18, 0x56, 0xA9, 0x5B, 0x10, 0xFB, 0xD8, 0x13, 0x0D, 0x69, 0x2B, 0x75, 0x1D,
    0xFC, 0xE8, 0x3D, 0x30, 0x1D, 0x10, 0x37, 0xC2, 0x0B, 0xD0, 0xEA, 0xBD, 0xEE, 0xCE, 0x92, 0x02,
    0xB9, 0xC3, 0xBA, 0x7D, 0xC8, 0xAB, 0x3B, 0x4A, 0xFA, 0x92, 0x9C, 0x65, 0xF3, 0x7C, 0x38, 0x25,
    0x3D, 0x3F, 0xF1, 0x98, 0x7A, 0x56, 0x6A, 0xF1, 0x49, 0x08, 0x28, 0xA2, 0x9E, 0x5C, 0x0B, 0xF3,
    0x26, 0xA0, 0x28, 0x5A, 0xD6, 0x30, 0x6F, 0xBE, 0xBC, 0x30, 0xDD, 0xBB, 0x77, 0x20, 0x41, 0xFB,
    0x09, 0xCD, 0xB2, 0xD0, 0xE6, 0x9B, 0x1B, 0xB3, 0xDB, 0xFC, 0x4F, 0x3C, 0xB2, 0x11, 0xA2, 0x2F,
    0x24, 0x0C, 0x12, 0xC8, 0xDA, 0xB8, 0x27, 0x96, 0xD0, 0x25, 0x9E, 0xFB, 0xE1, 0x88, 0xF8, 0xE5,
    0x41, 0x2B, 0x75, 0x58, 0x00, 0xB0, 0x73, 0x05, 0x40, 0xD9, 0x2F, 0x1E, 0xA5, 0x18, 0x6C, 0xD0,
    0x3C, 0x2F, 0xAF, 0x05, 0x4C, 0x68, 0x95, 0xAB, 0x82, 0x93, 0x97, 0x82, 0xA2, 0x9A, 0x49, 0xB3,
    0x31, 0x7E, 0x3E, 0xF3, 0x56, 0x2C, 0x1A, 0xD1, 0x56, 0x62, 0x89, 0x38, 0x8B, 0x66, 0x14, 0xE3,
    0x5E, 0xCC, 0x5A, 0xD1, 0xBA, 0x85, 0x66, 0x62, 0x61, 0xDE, 0x01, 0xB3, 0x5C, 0x47, 0x90, 0xB7,
    0x98, 0x04, 0xC6, 0xCB, 0x34, 0x22, 0xD1, 0x24, 0xDE, 0xD0, 0xC1, 0xA6, 0x94, 0x5B, 0xC1, 0xBC,
    0x77, 0x71, 0x9B, 0x52, 0x90, 0x8B, 0x81, 0xA4, 0x11, 0x69, 0x2F, 0x05, 0x45, 0xAF, 0x37, 0xA4,
    0x83, 0x91, 0xA8, 0x7E, 0x19, 0x07, 0xC8, 0xAA, 0x28, 0x38, 0x52, 0x17, 0x85, 0x46, 0xFC, 0x4F,
    0x2F, 0xFE, 0x73, 0x2F, 0xFE, 0x6C, 0x14, 0xDB, 0x19, 0xB1, 0x74, 0xA2, 0x6D, 0xC4, 0xAC, 0x13,
    0xD3, 0x5E, 0x8C, 0x47, 0x91, 0x59, 0xA4, 0xFE, 0x33, 0xD1, 0xFE, 0xA3, 0x98, 0x7F, 0x2A, 0xA6,
    0x41, 0x8C, 0x45, 0x4C, 0x70, 0x71, 0x07, 0xB5, 0xBB, 0xFF, 0x52, 0x67, 0xB0, 0x0E, 0x95, 0x76,
    0x7A, 0xED, 0x09, 0x40, 0x3C, 0xBC, 0xA2, 0xF0, 0xBE, 0x40, 0xE6, 0xB8, 0x14, 0x16, 0x00, 0xB6,
    0x2F, 0x26, 0xB8, 0x31, 0x84, 0x50, 0x61, 0x66, 0xBD, 0xC4, 0x11, 0xE4, 0x04, 0x94, 0x40, 0x61,
    0x5C, 0x19, 0x7F, 0x71, 0x9A, 0x49, 0x5C, 0x6C, 0x1B, 0x4F, 0xD8, 0xE0, 0xE3, 0x50, 0x01, 0x56,
    0xE0, 0xEC, 0x95, 0x64, 0xD3, 0x20, 0x59, 0x40, 0xBE, 0x83, 0xB3, 0x53, 0xD1, 0xDF, 0x14, 0xBB,
    0x0C, 0xC9, 0xAF, 0x89, 0x1F, 0x3D, 0x17, 0x8B, 0x5E, 0xCC, 0xFC, 0x85, 0x7C, 0x67, 0x14, 0x1F,
    0x88, 0x78, 0xCD, 0x6C, 0xBA, 0x12, 0x65, 0x31, 0xEB, 0x16, 0x4A, 0x23, 0x52, 0x97, 0x2D, 0xCC,
    0xA4, 0x17, 0x37, 0xA5, 0x11, 0x4A, 0x85, 0x28, 0xF5, 0x8F, 0xF0, 0x0C, 0x26, 0xF0, 0x30, 0x13,
    0x75, 0x50, 0x12, 0xB7, 0xDA, 0x68, 0x22, 0x36, 0x07, 0xBF, 0xE0, 0x6A, 0xE8, 0x43, 0x20, 0x0D,
    0xF3, 0x9A, 0x67, 0x4A, 0x80, 0x61, 0x9B, 0x28, 0x0D, 0xB0, 0x31, 0xBA, 0x0C, 0xC9, 0x61, 0x06,
    0x7C, 0x90, 0xBA, 0x15, 0x0F, 0xF3, 0xED, 0x0D, 0x73, 0x04, 0x00, 0xCA, 0x06, 0x90, 0xBC, 0xAC,
    0x1B, 0xB2, 0x36, 0xED, 0xC8, 0x9A, 0xD8, 0x93, 0x08, 0xB0, 0x83, 0xF9, 0x81, 0xC7, 0x84, 0xE0,
    0xC9, 0xFA, 0xD8, 0x53, 0x54, 0x0B, 0x2C, 0x0B, 0x4A, 0x04, 0x69, 0x60, 0xC9, 0x16, 0x54, 0x6F,
    0xF5, 0xE4, 0xE1, 0xBF, 0x26, 0x92, 0xF0, 0xE3, 0xE0, 0x78, 0x9D, 0xB5, 0xBD, 0x2B, 0xEC, 0x0E,
    0x3F, 0x51, 0x2F, 0x82, 0x54, 0xBA, 0x38, 0x0A, 0xF0, 0x5D, 0x7E, 0x59, 0x4B, 0x82, 0xD2, 0x08,
    0x5C, 0xAB, 0x37, 0x3D, 0x3F, 0x1A, 0x48, 0xD5, 0xFF, 0xF7, 0x20, 0x77, 0x61, 0xFE, 0x75, 0xD3,
    0xC7, 0x3F, 0x1D, 0x88, 0x1A, 0x48, 0x7E, 0x32, 0x00, 0x90, 0x45, 0x9B, 0xFE, 0xE6, 0xDA, 0xEF,
    0xAD, 0xFD, 0xE1, 0x92, 0x8E, 0xEE, 0x02, 0x3E, 0x92, 0xB9, 0x89, 0xBA, 0xE5, 0xEF, 0xEF, 0xCB,
    0x35, 0x9B, 0xFB, 0xE9, 0x27, 0x4F, 0xD5, 0x93, 0x85, 0xA0, 0x9E, 0x5B, 0x6C, 0xBE, 0xDF, 0x5B,
    0xFB, 0x67, 0xEA, 0xF9, 0x21, 0x5E, 0x3D, 0x1F, 0xC4, 0xAD, 0x7A, 0x7C, 0xD2, 0xA2, 0xD7, 0x2D,
    0x7F, 0xF0, 0x92, 0xFB, 0xF3, 0xF1, 0x89, 0x0F, 0x01, 0xED, 0xDB, 0xCB, 0x1B, 0x32, 0xF5, 0xEE,
    0x2D, 0xB5, 0x70, 0xEC, 0x2A, 0x1F, 0xE8, 0x05, 0x4C, 0xC3, 0xA5, 0x26, 0xB7, 0x44, 0xA1, 0x93,
    0x63, 0xFE, 0xE5, 0xD3, 0x51, 0xAE, 0x09, 0x94, 0x72, 0x8E, 0xAA, 0x82, 0x44, 0x29, 0x34, 0x6F,
    0xD0, 0x8A, 0x99, 0xBA, 0x5E, 0x93, 0x9B, 0x1F, 0x9C, 0x2F, 0x6F, 0x4D, 0x26, 0xA8, 0xB5, 0x8B,
    0xA3, 0x7E, 0xB1, 0x14, 0x18, 0x8B, 0xAB, 0x7A, 0xC0, 0xA2, 0x8E, 0x52, 0x03, 0x90, 0xC3, 0x46,
    0x90, 0xCB, 0x66, 0x22, 0x67, 0xAB, 0x77, 0xCA, 0x2A, 0xAD, 0x72, 0xBD, 0x33, 0x07, 0x3D, 0xFF,
    0xA2, 0x30, 0x20, 0xD7, 0x5D, 0x05, 0xE0, 0xAF, 0x76, 0x8E, 0x5B, 0xF5, 0x8F, 0xBB, 0x0B, 0x97,
    0xFD, 0x21, 0xAF, 0xB6, 0x5B, 0x10, 0x85, 0x97, 0xB7, 0x51, 0x75, 0xE6, 0x21, 0x90, 0x0C, 0x5A,
    0x30, 0x56, 0x75, 0x46, 0xA2, 0x30, 0x26, 0x53, 0x75, 0xC6, 0x2D, 0x55, 0x67, 0xEC, 0xA9, 0x3A,
    0xE3, 0x99, 0xAA, 0x33, 0xBC, 0xAA, 0xB3, 0xA8, 0x51, 0x2D, 0x96, 0x54, 0x62, 0x86, 0x78, 0x13,
    0x71, 0x0F, 0x55, 0x67, 0x0F, 0x50, 0x75, 0xE6, 0x55, 0x9D, 0xFD, 0xB4, 0x55, 0x75, 0xF6, 0xF3,
    0x46, 0xD5, 0xD9, 0xFF, 0x3A, 0x69, 0x37, 0xBF, 0x52, 0x9D, 0x95, 0xAA, 0xCE, 0xF8, 0x9F, 0x30,
    0x83, 0x69, 0xAF, 0x3A, 0x76, 0xAF, 0x18, 0x6F, 0xEC, 0x22, 0xFE, 0xEC, 0x33, 0x25, 0x4A, 0xEC,
    0xD8, 0xB5, 0x9B, 0x70, 0x30, 0x3F, 0x54, 0x21, 0xD6, 0xAF, 0x85, 0xD8, 0x6A, 0xF2, 0x19, 0xEB,
    0x32, 0x8B, 0xE5, 0x96, 0x70, 0xA8, 0xCA, 0xCB, 0x2F, 0x88, 0xDA, 0x05, 0x71, 0xB3, 0x20, 0xC3,
    0x62, 0xFF, 0x62, 0x41, 0x71, 0x2A, 0x4F, 0xF5, 0x2A, 0xC4, 0xBC, 0x19, 0x89, 0x55, 0x88, 0x25,
    0xCA, 0x86, 0x99, 0x1E, 0x4B, 0x57, 0x00, 0xF8, 0xCB, 0xEB, 0x15, 0x50, 0xA6, 0x1E, 0x28, 0xFE,
    0xB4, 0x07, 0xB2, 0x66, 0x44, 0xC6, 0xBD, 0x03, 0x8A, 0x55, 0x2E, 0x35, 0x85, 0x0A, 0xB2, 0x20,
    0x90, 0xBF, 0x9A, 0x6D, 0x06, 0xF1, 0x70, 0x14, 0xFB, 0x49, 0xF4, 0x35, 0xD2, 0xCB, 0x02, 0x71,
    0x23, 0x6D, 0x93, 0x26, 0xDF, 0xE4, 0x9C, 0xF6, 0x52, 0xCE, 0x39, 0x7E, 0xDA, 0x2F, 0x54, 0x10,
    0xF0, 0x21, 0x66, 0xA1, 0x87, 0x09, 0xB3, 0xB0, 0x26, 0x6A, 0xA1, 0x54, 0x58, 0xC9, 0xC6, 0x9B,
    0xCC, 0xF3, 0xF2, 0x22, 0xF3, 0xBC, 0xAB, 0x23, 0x6D, 0x63, 0x0F, 0xF9, 0x8F, 0x07, 0x48, 0xDB,
    0x53, 0x88, 0x7C, 0x01, 0x3C, 0x48, 0x01, 0xF8, 0xBA, 0x72, 0xCB, 0xF5, 0x27, 0x62, 0x39, 0x89,
    0x73, 0x0D, 0x44, 0x6D, 0xEA, 0x16, 0x56, 0xB1, 0xFB, 0x46, 0x1B, 0x50, 0x1B, 0xD7, 0xBE, 0xD7,
    0x6D, 0x9B, 0x2E, 0xA9, 0x30, 0x4D, 0x5C, 0x7D, 0x7D, 0xB6, 0xBB, 0x5E, 0xBD, 0xAF, 0x94, 0x34,
    0x69, 0x22, 0x0B, 0x0C, 0x79, 0x05, 0x0F, 0x93, 0x06, 0x5E, 0x33, 0x1D, 0x17, 0xAD, 0xDE, 0x16,
    0x9F, 0xCA, 0x39, 0x69, 0xA3, 0x0A, 0x46, 0x88, 0x76, 0x80, 0xCB, 0x50, 0x7A, 0x55, 0x6E, 0x45,
    0x89, 0xF5, 0xD2, 0xDD, 0x4B, 0x78, 0x20, 0x3C, 0x13, 0x7A, 0xBD, 0x15, 0x7A, 0xA5, 0x4E, 0xAF,
    0x25, 0xBD, 0x8E, 0x58, 0x99, 0x78, 0x8A, 0x9F, 0xF4, 0xA4, 0xCD, 0x29, 0x51, 0xB7, 0xFF, 0xD9,
    0xB8, 0x28, 0x67, 0xA2, 0xB9, 0x6E, 0x12, 0x9F, 0xFA, 0xC5, 0x36, 0x7D, 0x5E, 0x45, 0xA3, 0x75,
    0x66, 0xB4, 0x30, 0xDA, 0xE3, 0xE3, 0x51, 0x6E, 0xB1, 0xF7, 0xEE, 0x7D, 0xDF, 0x02, 0xBA, 0xAC,
    0x83, 0xBC, 0x91, 0xCA, 0xBC, 0x99, 0xF4, 0xA6, 0x8F, 0x42, 0xE8, 0x28, 0x83, 0x43, 0x41, 0x69,
    0x3E, 0x02, 0xB2, 0x50, 0x41, 0xF1, 0xB4, 0x85, 0x3D, 0x3C, 0x7C, 0x8F, 0x0F, 0xBE, 0x01, 0x66,
    0xE0, 0xFA, 0x0B, 0xB0, 0x33, 0xCC, 0x27, 0x8E, 0x2E, 0xA9, 0x4C, 0x13, 0x55, 0xBF, 0x0D, 0x13,
    0xC8, 0xDC, 0x0A, 0xE8, 0xFC, 0xE3, 0x81, 0xA4, 0x3D, 0xC5, 0xF8, 0x42, 0xC1, 0xBC, 0x8D, 0x22,
    0x29, 0xD2, 0x98, 0x7A, 0xAE, 0xC8, 0x3C, 0xA4, 0x5F, 0xCD, 0xA5, 0xB9, 0x4C, 0x39, 0x3B, 0xCD,
    0xFD, 0x56, 0xB4, 0xAC, 0xBF, 0x24, 0x42, 0xA5, 0xC1, 0xA4, 0x7B, 0x84, 0xF1, 0x39, 0x1C, 0x26,
    0xBB, 0xF5, 0x09, 0x1E, 0x0E, 0x3C, 0x28, 0xF0, 0xE2, 0x2F, 0x78, 0x25, 0xBD, 0xB2, 0xBA, 0x63,
    0x59, 0x27, 0x7A, 0x9F, 0x3C, 0x38, 0x7B, 0xD2, 0x1C, 0x9A, 0xEE, 0x87, 0x3C, 0xD9, 0x3A, 0xD7,
    0x2F, 0x55, 0x90, 0x2C, 0xFF, 0xA5, 0x3E, 0xF1, 0xA8, 0x3A, 0x64, 0x99, 0xE4, 0x62, 0xF2, 0xA8,
    0xFD, 0x80, 0x0E, 0x00, 0xEC, 0xC8, 0x8D, 0xB5, 0x48, 0xF8, 0xF5, 0x1F, 0x33, 0xE9, 0x0D, 0xD5,
    0x06, 0xCF, 0xFB, 0xEB, 0x13, 0xA2, 0x43, 0x4F, 0x08, 0xFF, 0x2B, 0x9E, 0x10, 0xDF, 0xD0, 0xDF,
    0x45, 0xF5, 0xE4, 0x7D, 0xE3, 0x4F, 0x9E, 0x40, 0xFE, 0xF1, 0x08, 0x69, 0xFB, 0x7C, 0x97, 0x69,
    0xB2, 0x0A, 0xDE, 0x8E, 0x9A, 0xAF, 0xE7, 0xC7, 0x4F, 0x85, 0x37, 0xDC, 0x38, 0x12, 0xC3, 0x00,
    0x44, 0xE7, 0xCF, 0x51, 0x66, 0xCF, 0x44, 0xF7, 0xAD, 0x30, 0x23, 0xD7, 0x5E, 0x00, 0x36, 0x00,
    0x67, 0x27, 0x15, 0xF8, 0xB8, 0x81, 0xD6, 0x7C, 0x8D, 0x16, 0x7C, 0x2B, 0x7A, 0x02, 0x4B, 0x2E,
    0x1E, 0x2E, 0xCE, 0xA1, 0xDF, 0x07, 0xE8, 0x33, 0x07, 0xBC, 0x1D, 0x57, 0x97, 0x7F, 0x9B, 0x99,
    0x9D, 0xF6, 0x24, 0x6B, 0xC6, 0x23, 0xB5, 0x23, 0xD2, 0x1B, 0xAB, 0x98, 0x75, 0xAF, 0xD0, 0x73,
    0xF9, 0x9B, 0x46, 0xB4, 0x6E, 0xA1, 0x99, 0x50, 0xDA, 0x69, 0x91, 0x5E, 0xE2, 0x98, 0x79, 0x31,
    0x1E, 0xC4, 0x68, 0x12, 0x09, 0x22, 0x65, 0x25, 0xDA, 0x66, 0x9D, 0x53, 0x29, 0x7A, 0x50, 0x4C,
    0xC6, 0xC1, 0xD5, 0xC1, 0x53, 0x37, 0xDA, 0xBF, 0x76, 0xAF, 0xBD, 0xC7, 0x7A, 0x92, 0xF4, 0x39,
    0xDC, 0xBE, 0xD8, 0xB5, 0xED, 0x6D, 0x7F, 0xA3, 0x0F, 0xA3, 0x39, 0xFF, 0x78, 0x24, 0xB8, 0xE5,
    0xE2, 0x88, 0x19, 0x98, 0x80, 0xF1, 0x57, 0x5F, 0x46, 0x05, 0x6B, 0xF8, 0x3B, 0x6C, 0xD0, 0xC6,
    0x3E, 0x62, 0xFB, 0x28, 0xC1, 0xEA, 0x59, 0xC2, 0x9E, 0xE9, 0x00, 0xE5, 0x9A, 0x6F, 0xB4, 0x85,
    0x78, 0xEB, 0x08, 0x13, 0x06, 0xE2, 0xF3, 0x89, 0xA4, 0xBA, 0x49, 0xC2, 0x75, 0xB6, 0x2D, 0xB4,
    0xA1, 0x3D, 0xF8, 0x59, 0xF0, 0xC9, 0xA7, 0x89, 0x8F, 0xA7, 0xD8, 0xC7, 0x63, 0xE4, 0xB4, 0x46,
    0xDC, 0xFF, 0xA6, 0xB9, 0xF7, 0x2E, 0x21, 0x74, 0xF0, 0xC6, 0x1F, 0xBF, 0x07, 0x64, 0x4A, 0x08,
    0x24, 0xDD, 0x19, 0xDB, 0xB7, 0x46, 0x4E, 0xD3, 0x8A, 0xCB, 0x49, 0x01, 0x4A, 0x95, 0xE9, 0xD3,
    0x41, 0xE8, 0xA2, 0x7A, 0x90, 0x36, 0x59, 0x65, 0xC6, 0x85, 0xCE, 0x88, 0x7C, 0xB5, 0x64, 0xC3,
    0x09, 0x72, 0xA8, 0x61, 0x1F, 0x6C, 0xCB, 0x08, 0x79, 0x38, 0xF1, 0xC8, 0xCC, 0x0E, 0x30, 0x0B,
    0xA2, 0x27, 0xEF, 0x22, 0xDD, 0xAD, 0x03, 0x46, 0xC5, 0x32, 0x8F, 0x92, 0x16, 0xC8, 0x8D, 0x07,
    0x12, 0xF7, 0x80, 0xCF, 0x34, 0x3B, 0x98, 0xD0, 0x52, 0x0C, 0xD4, 0x1D, 0x0A, 0xCD, 0x0E, 0x33,
    0x90, 0x7E, 0x09, 0x8E, 0x2B, 0x95, 0x38, 0x46, 0xF2, 0x85, 0x81, 0xBF, 0xF6, 0x60, 0xC3, 0xCF,
    0x65, 0x9C, 0xF0, 0x37, 0xC1, 0xC1, 0x5D, 0x58, 0x13, 0x86, 0x6E, 0xB0, 0xA6, 0x8C, 0x35, 0x67,
    0xD0, 0x9A, 0x6F, 0x83, 0x85, 0xE1, 0x1F, 0xC4, 0x38, 0x74, 0x40, 0xF6, 0x49, 0x0F, 0xBC, 0xC6,
    0x21, 0xF0, 0x5D, 0xFE, 0xE8, 0xFF, 0xDF, 0xB6, 0xE8, 0x40, 0x13, 0x2F, 0x11, 0x97, 0xB5, 0x89,
    0x2F, 0x5C, 0xD4, 0x5B, 0xCC, 0x72, 0x71, 0x64, 0xD7, 0xFA, 0xB2, 0x68, 0x21, 0x1B, 0x20, 0x09,
    0x95, 0x62, 0x0A, 0x0A, 0x09, 0xD2, 0x26, 0x57, 0xD4, 0x8C, 0xC0, 0xF4, 0x3B, 0x30, 0xED, 0xC1,
    0xF3, 0x47, 0x30, 0x96, 0x30, 0xDA, 0x2A, 0xF6, 0xF9, 0xBF, 0x1D, 0xB4, 0x51, 0x98, 0xD7, 0xA4,
    0x8F, 0x62, 0x04, 0x52, 0x4D, 0xD6, 0x40, 0x06, 0xDC, 0x64, 0x5B, 0x40, 0x12, 0x85, 0x9E, 0xEC,
    0x9F, 0x26, 0x2C, 0x96, 0x7D, 0xDE, 0xE1, 0x31, 0x7F, 0x80, 0x45, 0x26, 0x85, 0x7C, 0xD2, 0xDA,
    0x1D, 0x94, 0xA3, 0x04, 0xA0, 0x74, 0x57, 0xC8, 0xAB, 0xDB, 0x64, 0xD5, 0x43, 0x72, 0xF7, 0x48,
    0xA3, 0xFE, 0x7E, 0x22, 0x0D, 0x1D, 0xBC, 0xBE, 0x35, 0x25, 0x72, 0x09, 0x3C, 0x04, 0x3E, 0x04,
    0x3C, 0xE0, 0x64, 0x80, 0x10, 0x26, 0x61, 0xDE, 0xA7, 0x66, 0xFF, 0xE1, 0x82, 0x9B, 0x87, 0x0B,
    0x5E, 0x7B, 0xB0, 0x20, 0x63, 0x01, 0x5F, 0x25, 0x7E, 0x3F, 0xBC, 0xD0, 0x9A, 0x13, 0xAF, 0xB6,
    0x33, 0xE1, 0xB9, 0x30, 0x08, 0x1E, 0x30, 0x1D, 0x80, 0x03, 0x1E, 0xC0, 0x33, 0xE8, 0x89, 0x54,
    0xE2, 0x0C, 0x65, 0x18, 0xE2, 0x9E, 0x5F, 0xFB, 0x89, 0x96, 0xCF, 0x08, 0xE1, 0xCF, 0x65, 0x22,
    0xE3, 0x00, 0x8A, 0x0A, 0x2B, 0x0B, 0xB0, 0x07, 0x87, 0xF0, 0x9D, 0xAD, 0x99, 0x67, 0x47, 0x7E,
    0x5E, 0x77, 0x94, 0x55, 0x3C, 0x72, 0xA6, 0x6C, 0x3F, 0xC1, 0xCC, 0xA9, 0xF0, 0xBA, 0x00, 0x4C,
    0xA0, 0xF9, 0x20, 0xF5, 0xA0, 0x5C, 0xCB, 0x8D, 0x11, 0x98, 0xEB, 0x0A, 0xAA, 0xB4, 0xDF, 0xDE,
    0x65, 0xFE, 0x3C, 0xD5, 0x03, 0x68, 0xE6, 0xF5, 0x70, 0x64, 0x1E, 0x28, 0x1B, 0x48, 0x66, 0x30,
    0x75, 0xA7, 0x03, 0x27, 0x33, 0x38, 0xD6, 0xF6, 0x7F, 0x95, 0x8E, 0x01, 0x66, 0xC5, 0x40, 0x14,
    0x45, 0xCF, 0xCB, 0xA7, 0x69, 0x0D, 0x06, 0x94, 0x52, 0x64, 0x09, 0xD9, 0x40, 0x49, 0x96, 0x50,
    0xF8, 0x00, 0xBA, 0x84, 0x0F, 0xA0, 0xFC, 0x9A, 0x59, 0x42, 0x97, 0xD0, 0x95, 0x34, 0xB3, 0x84,
    0x2C, 0x21, 0x45, 0x01, 0x08, 0x06, 0x89, 0xA6, 0x79, 0x9D, 0x0C, 0x55, 0x2D, 0x45, 0x1E, 0xF7,
    0x1C, 0xE3, 0x32, 0x2E, 0x40, 0xA1, 0x91, 0xEA, 0x7D, 0xA5, 0xA1, 0xF1, 0x4F, 0x54, 0xE1, 0x0E,
    0x1B, 0x6E, 0x52, 0xC8, 0xA9, 0x3D, 0x38, 0x28, 0x27, 0xE8, 0x22, 0x12, 0x5F, 0x81, 0x6A, 0xEB,
    0x7A, 0x28, 0xC7, 0xDF, 0xB1, 0x43, 0xEE, 0x68, 0x5A, 0x64, 0x05, 0x13, 0x11, 0xF5, 0x34, 0x11,
    0x1E, 0x01, 0xA4, 0x15, 0x0F, 0x30, 0x9A, 0xAC, 0x73, 0x0D, 0x40, 0xBD, 0x00, 0x60, 0x27, 0x20,
    0x7F, 0xF3, 0xF7, 0x3A, 0x1D, 0x4B, 0x55, 0x4E, 0xFA, 0x72, 0xA1, 0x2B, 0x87, 0x05, 0xEA, 0x9E,
    0x22, 0xA9, 0x0A, 0x7B, 0xF4, 0x79, 0x3C, 0x9E, 0x92, 0x34, 0xDD, 0xCF, 0x2B, 0x77, 0xFB, 0x95,
    0x47, 0x04, 0x1E, 0xF4, 0x59, 0xBA, 0x79, 0x1B, 0x68, 0x54, 0xE1, 0x92, 0x2B, 0xC0, 0xB6, 0x67,
    0xE0, 0xF0, 0x16, 0x01, 0xD1, 0x01, 0xA0, 0x0B, 0x00, 0x4D, 0x0B, 0xD7, 0xF7, 0x00, 0x6E, 0x02,
    0x28, 0x33, 0x8B, 0x4C, 0xF9, 0x97, 0x2E, 0x59, 0x66, 0x55, 0x90, 0x0F, 0xEF, 0x02, 0xB2, 0x62,
    0x13, 0x17, 0x6C, 0xBF, 0xD1, 0x0C, 0xDF, 0x9C, 0xF6, 0xB1, 0x58, 0x30, 0x23, 0xB7, 0xDA, 0x9A,
    0x19, 0xA7, 0x83, 0x51, 0xBE, 0x00, 0xA5, 0x94, 0x01, 0x84, 0x24, 0xD9, 0x19, 0xC7, 0x7F, 0x55,
    0xB5, 0x3D, 0xB5, 0x3B, 0xEF, 0xA6, 0x6B, 0x70, 0xED, 0x26, 0xB9, 0xBE, 0xAE, 0xC1, 0x61, 0x33,
    0x99, 0x9E, 0x3A, 0x34, 0x1A, 0xDD, 0x5D, 0xEF, 0x44, 0x40, 0xC8, 0x15, 0xD9, 0x06, 0x0B, 0x43,
    0x82, 0x24, 0xD9, 0x5C, 0x1A, 0x8B, 0x3D, 0xB6, 0xBB, 0xCB, 0x05, 0x80, 0xA4, 0x05, 0x20, 0x48,
    0x4B, 0x82, 0x35, 0x11, 0xDB, 0x89, 0x09, 0x83, 0xE9, 0xA9, 0x0A, 0x22, 0x02, 0x14, 0x39, 0x82,
    0x08, 0x0F, 0xC1, 0x25, 0xE0, 0xA1, 0x44, 0x6F, 0x52, 0xD3, 0x2F, 0x55, 0xD7, 0x3B, 0xB7, 0x33,
    0x73, 0x49, 0x20, 0xFF, 0xFF, 0x57, 0x5F, 0xBF, 0xEF, 0xBD, 0xEF, 0xBD, 0xFE, 0xDE, 0x7B, 0x7F,
    0xEF, 0x80, 0x30, 0xF5, 0x32, 0x47, 0x73, 0xC6, 0x21, 0xCF, 0xEC, 0xC2, 0xD1, 0x5E, 0xEA, 0xD3,
    0x85, 0x67, 0x38, 0x6B, 0x5C, 0x83, 0xF7, 0xC3, 0x74, 0xE0, 0xA8, 0xC7, 0x8C, 0x2C, 0x09, 0xFE,
    0xCA, 0x95, 0x03, 0xF3, 0x13, 0x1E, 0x07, 0x97, 0xEC, 0xDA, 0x7F, 0xE5, 0xDB, 0x27, 0x33, 0x63,
    0xF4, 0x70, 0x18, 0x35, 0x86, 0x43, 0x69, 0xCA, 0xE6, 0xC9, 0xC9, 0xC9, 0xFC, 0x98, 0xD9, 0x63,
    0x2B, 0x0B, 0x9F, 0xA7, 0xBE, 0x91, 0xF6, 0x8A, 0xDD, 0x0B, 0x63, 0xEE, 0x7F, 0xD3, 0x9E, 0x5D,
    0xBA, 0xBA, 0xB4, 0xA7, 0x4E, 0x66, 0xC9, 0x70, 0xF5, 0xC1, 0x64, 0x37, 0x60, 0xE0, 0x14, 0x4E,
    0xEA, 0xC4, 0x16, 0xE0, 0xE7, 0x93, 0xA5, 0xF6, 0x2A, 0x4E, 0x96, 0x7E, 0x0E, 0xF6, 0xFC, 0x00,
    0xA1, 0x13, 0xBC, 0xB4, 0x20, 0x74, 0x34, 0x4F, 0xDD, 0x94, 0x85, 0x80, 0x88, 0xE3, 0x9E, 0xAD,
    0xFC, 0xAF, 0xA4, 0xC2, 0x48, 0x67, 0x8D, 0x55, 0x10, 0xE9, 0x0A, 0xEC, 0xDE, 0x79, 0xD2, 0xBE,
    0x22, 0x1C, 0xD8, 0x73, 0xC2, 0x2F, 0xE5, 0xD5, 0x74, 0x1C, 0x35, 0xC1, 0xD2, 0x3E, 0x74, 0xDD,
    0x98, 0x39, 0xF6, 0xAA, 0xB2, 0x28, 0x8F, 0x16, 0xA8, 0xB1, 0x9B, 0x05, 0x26, 0x16, 0x6B, 0x00,
    0xFB, 0x19, 0x65, 0xBD, 0x65, 0xD5, 0x4F, 0xEC, 0xAC, 0x1C, 0xE2, 0xD8, 0x55, 0x2D, 0x7A, 0x3C,
    0x61, 0x49, 0x12, 0x27, 0x69, 0x98, 0x6E, 0x23, 0x64, 0x98, 0x85, 0xCA, 0x57, 0x8E, 0xB2, 0x33,
    0x27, 0xF5, 0x39, 0x43, 0xD2, 0x62, 0x9A, 0x26, 0x69, 0x22, 0xCF, 0x79, 0x42, 0x0F, 0x4F, 0xDA,
    0x8A, 0xDD, 0xFF, 0x94, 0x77, 0x20, 0x83, 0x54, 0x64, 0xB6, 0x2E, 0x83, 0x26, 0xCF, 0x9C, 0x95,
    0xAB, 0xBC, 0xF8, 0x88, 0x0E, 0xCC, 0x50, 0xDF, 0x51, 0x89, 0xB2, 0x14, 0x0A, 0x8E, 0x59, 0x70,
    0x31, 0x4B, 0xD4, 0x29, 0x0B, 0xA0, 0x31, 0x24, 0x31, 0x72, 0xF8, 0x50, 0x22, 0x6E, 0x9A, 0x85,
    0x3D, 0x13, 0x5A, 0xE4, 0xB6, 0xB6, 0xB4, 0x9D, 0x05, 0xB2, 0x03, 0xC1, 0x52, 0x6B, 0x3D, 0xF1,
    0xC1, 0x49, 0x2B, 0x86, 0x45, 0x58, 0x34, 0x1E, 0x84, 0xC5, 0x17, 0x3F, 0xAE, 0x22, 0x3B, 0xB6,
    0x63, 0x27, 0x7D, 0xE3, 0xA3, 0xB0, 0x78, 0xE3, 0xA3, 0x2A, 0x9A, 0x5E, 0x26, 0x6B, 0x22, 0xF4,
    0x86, 0xEF, 0x6A, 0xA3, 0x4C, 0xFA, 0xB9, 0x57, 0x1D, 0xE4, 0xBB, 0x89, 0x0E, 0xF5, 0x96, 0x64,
    0x6C, 0xCC, 0x98, 0xEB, 0x77, 0xB7, 0x35, 0x0B, 0x8B, 0xB3, 0xA3, 0x45, 0xFD, 0xB4, 0x35, 0x38,
    0x17, 0xCA, 0x4F, 0xFD, 0x38, 0xA0, 0x4F, 0x8F, 0x5D, 0x2C, 0x1C, 0xE9, 0x2A, 0xBB, 0x60, 0x4C,
    0x9F, 0xE5, 0xB4, 0x98, 0x96, 0x9B, 0xF7, 0xE9, 0xF3, 0x94, 0x25, 0x53, 0xC2, 0xB5, 0xB8, 0x9C,
    0xEB, 0x12, 0xF3, 0x52, 0x21, 0xC6, 0x98, 0xF5, 0x30, 0xD1, 0x78, 0x0A, 0x31, 0x63, 0x6B, 0xF4,
    0xF6, 0xCE, 0x3B, 0xDD, 0xE6, 0x60, 0x7D, 0xEE, 0xFF, 0x59, 0x03, 0xB9, 0xA5, 0xFB, 0x6E, 0xEA,
    0x3F, 0x97, 0x62, 0x8D, 0x53, 0x40, 0x54, 0x79, 0xF7, 0x12, 0xCF, 0x30, 0xF0, 0xD2, 0x33, 0x5B,
    0x49, 0x76, 0x37, 0x12, 0x1B, 0xFC, 0xE2, 0x13, 0x89, 0xBD, 0xF8, 0xCC, 0xDD, 0x81, 0xAF, 0xB6,
    0xC2, 0xCB, 0xFA, 0x22, 0xB9, 0x54, 0x22, 0x07, 0x4A, 0x85, 0x1A, 0xA3, 0x4B, 0xB5, 0x0E, 0xCB,
    0xD6, 0x95, 0x4E, 0xAB, 0xAF, 0x6A, 0x57, 0x7D, 0x00, 0xD7, 0xE3, 0x9A, 0x24, 0xC8, 0xC5, 0xD4,
    0xBC, 0xAF, 0xC3, 0x22, 0xDA, 0x52, 0x8D, 0xE1, 0x83, 0x72, 0xA4, 0x4C, 0x68, 0x0C, 0x4B, 0xC8,
    0xA9, 0x29, 0x91, 0x1D, 0x9C, 0x94, 0x88, 0x01, 0x38, 0xC4, 0x2A, 0x0B, 0x54, 0x24, 0xD2, 0x5D,
    0x11, 0xC6, 0xF4, 0xD9, 0xC0, 0x02, 0x9C, 0x14, 0x84, 0x04, 0x0F, 0x68, 0x01, 0x7D, 0xA0, 0x07,
    0x9C, 0x02, 0x1A, 0x2C, 0x05, 0x4E, 0xF6, 0x7F, 0xA7, 0x9D, 0x01, 0xBB, 0x00, 0xAB, 0x89, 0xE7,
    0x79, 0xCB, 0x7C, 0xC6, 0x96, 0x42, 0x68, 0xBC, 0xF2, 0xA4, 0x3F, 0x2D, 0x5D, 0x86, 0xC6, 0xA4,
    0x5D, 0xEC, 0x4F, 0xBF, 0x2A, 0x2E, 0xB7, 0x11, 0x8B, 0x1F, 0xA9, 0xC0, 0x14, 0x9D, 0x5E, 0x73,
    0x74, 0xB8, 0x03, 0x40, 0xAF, 0x17, 0xAC, 0x84, 0xF2, 0xF4, 0xE0, 0x7C, 0xEF, 0x6D, 0x10, 0x69,
    0x20, 0x7B, 0xF4, 0x09, 0xF0, 0xE2, 0x4A, 0x4F, 0x41, 0xFC, 0x05, 0xAE, 0x9F, 0x24, 0x70, 0x23,
    0xFE, 0x6F, 0x62, 0xBF, 0x75, 0xAA, 0xF7, 0x08, 0x65, 0x18, 0x8B, 0x58, 0xC8, 0x16, 0xFB, 0xE0,
    0x49, 0xF0, 0x53, 0xEE, 0xFB, 0xBF, 0x8F, 0xA7, 0xFE, 0x7B, 0x69, 0xE2, 0x7B, 0x69, 0xBF, 0x2D,
    0x62, 0xF6, 0xE0, 0x5B, 0x2C, 0x4B, 0x5E, 0xC8, 0x69, 0xFA, 0x79, 0x3E, 0x2B, 0xA0, 0xFF, 0x75,
    0x91, 0x37, 0xDF, 0x85, 0x61, 0x94, 0xA8, 0x86, 0xA2, 0xE2, 0x0C, 0x8B, 0xDA, 0x7B, 0x04, 0xEB,
    0x4F, 0xEA, 0x99, 0x16, 0xD1, 0x3F, 0xAA, 0x3E, 0xEE, 0xC3, 0xB8, 0xB2, 0xB2, 0x21, 0x66, 0xDB,
    0xA5, 0x86, 0x7E, 0x93, 0x14, 0xEA, 0xCD, 0x9C, 0xD7, 0x61, 0x0C, 0x17, 0xD0, 0xBB, 0xBD, 0x8B,
    0x5B, 0x21, 0xF0, 0x9A, 0x43, 0x68, 0xD2, 0xC4, 0xA8, 0xA3, 0x87, 0xF1, 0x5D, 0x1B, 0x00, 0x9C,
    0xD4, 0xD3, 0x7E, 0xEE, 0x66, 0x1B, 0x26, 0x69, 0xB0, 0x72, 0xD6, 0x26, 0x0B, 0x56, 0xAE, 0xD1,
    0x00, 0xDE, 0x95, 0xFF, 0xDA, 0xEF, 0xF0, 0x22, 0x7E, 0xFD, 0x03, 0x6A, 0xD4, 0x61, 0x01, 0xF7,
    0xE0, 0x18, 0xF6, 0xAB, 0x46, 0x34, 0x82, 0x7A, 0xED, 0x65, 0xE6, 0x0C, 0x1C, 0x4F, 0x67, 0xE0,
    0xBE, 0x9C, 0x3B, 0xAF, 0x46, 0xB7, 0x29, 0xFD, 0xCE, 0xD5, 0xAC, 0xCD, 0x0A, 0xFC, 0xEA, 0xAB,
    0xA0, 0xF9, 0xFA, 0x1F, 0xF0, 0xAE, 0xFF, 0x97, 0xA9, 0x6A, 0x30, 0x9B, 0x1A, 0xF6, 0x19, 0x20,
    0x72, 0xAB, 0x10, 0xAB, 0x50, 0x76, 0x00, 0xFC, 0xF1, 0x42, 0x9F, 0x0E, 0xB6, 0x01, 0xB1, 0x26,
    0x30, 0x71, 0xF9, 0x52, 0x9E, 0x5A, 0x2A, 0xD2, 0xD1, 0xE6, 0xF9, 0x64, 0x7E, 0x5B, 0x23, 0x77,
    0x39, 0xF7, 0x55, 0x28, 0x03, 0x65, 0x15, 0x34, 0xE1, 0xF6, 0x82, 0x11, 0xAF, 0xB3, 0xAC, 0x14,
    0xA4, 0x26, 0x38, 0xAB, 0x04, 0x3F, 0xFF, 0x97, 0x9C, 0xD8, 0x7F, 0x4C, 0xE7, 0xCE, 0x6F, 0x33,
    0x56, 0xE3, 0xBA, 0xD7, 0x2A, 0xE6, 0x77, 0x08, 0x99, 0xCA, 0xA9, 0x3C, 0x02, 0x4D, 0xF3, 0x67,
    0x32, 0x78, 0x1E, 0xDB, 0x2B, 0x4A, 0xBF, 0xF7, 0x53, 0x89, 0x66, 0xFB, 0xC3, 0x79, 0x68, 0x8A,
    0xD3, 0x5E, 0x6B, 0xD1, 0xAB, 0x97, 0x36, 0x31, 0x4B, 0xFF, 0x4F, 0x39, 0xD4, 0x69, 0x52, 0xBD,
    0x76, 0x74, 0x19, 0x71, 0x85, 0x0E, 0x80, 0x95, 0xB6, 0x00, 0x84, 0x14, 0x19, 0x30, 0xC6, 0x5A,
    0x47, 0x3C, 0xCC, 0x21, 0x30, 0xC6, 0xC4, 0xC0, 0xF7, 0xCC, 0x8C, 0xCD, 0x1C, 0x2B, 0x6B, 0x03,
    0xB8, 0xB1, 0x17, 0x03, 0x47, 0xD8, 0x2F, 0x60, 0x6B, 0x05, 0xD3, 0x32, 0x33, 0x03, 0x3B, 0x31,
    0x1F, 0x73, 0x03, 0xA6, 0x42, 0x52, 0xC9, 0xF0, 0x56, 0x68, 0x99, 0xBF, 0x01, 0xCA, 0x33, 0xE6,
    0x05, 0x4E, 0xD6, 0xE7, 0x4D, 0xB3, 0x4E, 0xE2, 0x05, 0xE5, 0xEF, 0x25, 0x11, 0x50, 0x93, 0x40,
    0x63, 0x58, 0x79, 0xB1, 0x99, 0x9D, 0xFC, 0xFD, 0x24, 0x51, 0x38, 0x39, 0x58, 0x05, 0x9E, 0x04,
    0x7C, 0x7A, 0x1B, 0xC5, 0xEC, 0x03, 0x10, 0x73, 0x85, 0x77, 0x4C, 0x89, 0xA2, 0x72, 0xEB, 0x61,
    0x89, 0x33, 0x80, 0x4D, 0xCE, 0xF6, 0xBC, 0x79, 0xC8, 0xE1, 0xF6, 0x79, 0xF7, 0xB0, 0x73, 0xD8,
    0xFF, 0x65, 0xAD, 0xD6, 0xCA, 0x46, 0xA3, 0x79, 0xF7, 0x9F, 0x67, 0x8A, 0x05, 0xFD, 0x51, 0x4D,
    0xEE, 0xD1, 0x04, 0x1E, 0x95, 0xFE, 0x8A, 0x6D, 0x86, 0x88, 0x9F, 0x1F, 0xEE, 0x74, 0xEA, 0x1D,
    0xD1, 0x11, 0xDD, 0xFA, 0x5B, 0x8F, 0xAC, 0xA8, 0x2D, 0x64, 0xDD, 0x79, 0x65, 0xDB, 0x8E, 0x74,
    0x7F, 0x1C, 0x13, 0x45, 0xDB, 0xAA, 0xD3, 0x19, 0xB1, 0x60, 0x54, 0xB2, 0xFD, 0x0D, 0x4B, 0xF2,
    0x5D, 0xD8, 0xA9, 0x4C, 0xFC, 0x85, 0x6E, 0x9B, 0xD1, 0xCE, 0x4B, 0xEB, 0xBC, 0x45, 0xFB, 0x7D,
    0x6A, 0x5F, 0xA6, 0x0D, 0xF5, 0x8D, 0x2D, 0xF1, 0xDC, 0x1B, 0x8B, 0xFA, 0x4E, 0xDC, 0x78, 0x57,
    0xB6, 0x97, 0x13, 0x3C, 0xF1, 0xFD, 0x78, 0xC7, 0xB5, 0xD3, 0xEB, 0x5F, 0xCB, 0xFD, 0x30, 0x6B,
    0x58, 0x32, 0xFA, 0x20, 0x6F, 0x75, 0x5E, 0x55, 0xDA, 0xE0, 0x0E, 0xF7, 0xB9, 0x90, 0x5D, 0xAE,
    0xD8, 0xA6, 0xC6, 0xD2, 0x97, 0xBD, 0x7B, 0x34, 0x5F, 0x63, 0xE7, 0x2E, 0x62, 0x1F, 0xE7, 0x18,
    0x27, 0x03, 0xC9, 0xE4, 0x88, 0x9D, 0x3D, 0xDC, 0x63, 0xEC, 0x14, 0x7B, 0xC1, 0xDD, 0x2E, 0x8F,
    0x8E, 0x78, 0xD0, 0xE0, 0xDF, 0xD5, 0x99, 0x3B, 0x8C, 0xE6, 0x56, 0x15, 0xC7, 0xFF, 0xB6, 0x33,
    0x31, 0xC2, 0x52, 0x9C, 0x22, 0x80, 0x44, 0x94, 0x71, 0x93, 0x0A, 0x25, 0x71, 0xBB, 0x82, 0x99,
    0xB1, 0xE9, 0x9B, 0x2D, 0x98, 0xA4, 0x98, 0x22, 0x3D, 0xCD, 0xD7, 0xA4, 0xA0, 0xD8, 0xAC, 0x2D,
    0xD1, 0x8B, 0x29, 0xE8, 0xB5, 0x05, 0x69, 0x86, 0x62, 0xB7, 0x58, 0x89, 0x2D, 0x36, 0xB1, 0x11,
    0xBD, 0x64, 0x24, 0x94, 0xDA, 0xC0, 0x22, 0x20, 0x0D, 0x17, 0xE1, 0x08, 0xCF, 0xCA, 0xF6, 0xE1,
    0xFC, 0xCF, 0xFD, 0x1E, 0xF3, 0x6D, 0x32, 0xC9, 0x86, 0xBC, 0xAF, 0x76, 0x7E, 0xFF, 0xEB, 0xCF,
    0xF7, 0x71, 0xEE, 0xFB, 0x5C, 0x2F, 0x2C, 0x14, 0xB5, 0x22, 0x6B, 0x15, 0x71, 0xAF, 0x08, 0x9C,
    0x02, 0xB7, 0x88, 0x67, 0xE0, 0x43, 0x23, 0x22, 0xED, 0x8A, 0x88, 0x26, 0x24, 0x6D, 0x38, 0x21,
    0x22, 0xC2, 0x6E, 0x03, 0xE0, 0x49, 0xCC, 0xA7, 0x3F, 0x43, 0x28, 0x32, 0x59, 0xCC, 0x7E, 0xBB,
    0x16, 0x6F, 0x11, 0xF7, 0x89, 0x81, 0xE5, 0x0D, 0x67, 0x22, 0x32, 0x34, 0x0A, 0xE7, 0x0D, 0xB8,
    0x1D, 0x8C, 0x40, 0xC3, 0xF7, 0x55, 0xA8, 0xB1, 0x17, 0x70, 0x13, 0x0C, 0x5F, 0xAF, 0x69, 0x85,
    0x62, 0x01, 0x28, 0x02, 0x9C, 0xE0, 0x3D, 0x14, 0xC0, 0x91, 0x4A, 0xE6, 0x25, 0x05, 0x6E, 0x78,
    0x79, 0x59, 0xE5, 0x00, 0x80, 0x0A, 0x3E, 0x46, 0x72, 0xE9, 0x7C, 0x33, 0x26, 0xCA, 0x79, 0x28,
    0xFE, 0x5D, 0x53, 0x9A, 0x14, 0xB5, 0x49, 0xDE, 0x5E, 0x23, 0xBB, 0x24, 0x15, 0x00, 0x01, 0x16,
    0xE0, 0x07, 0xF2, 0xA7, 0x6C, 0xA4, 0x69, 0x53, 0xCE, 0x91, 0x7D, 0xF6, 0x8E, 0x22, 0xED, 0x15,
    0xF6, 0x78, 0x02, 0x0D, 0x23, 0xC7, 0xB9, 0xC3, 0x13, 0xFD, 0x58, 0x6F, 0xFA, 0x31, 0xB3, 0x7E,
    0xDC, 0x47, 0x50, 0x2A, 0x80, 0xCF, 0x8D, 0x88, 0x38, 0x93, 0x5F, 0xB3, 0xCA, 0x11, 0xEB, 0x10,
    0xB0, 0x2F, 0xB3, 0xC7, 0xD2, 0xA1, 0x29, 0x53, 0xC7, 0x2A, 0x5D, 0xEC, 0x14, 0x6A, 0x76, 0xD8,
    0xDA, 0xD4, 0xCC, 0x89, 0xA2, 0xDE, 0x87, 0x88, 0x23, 0xFA, 0xAB, 0xBF, 0x6D, 0x13, 0x67, 0xDD,
    0xA6, 0xDD, 0xC9, 0x00, 0x3C, 0xCF, 0x7A, 0xEF, 0x41, 0xEA, 0xD8, 0xB2, 0xB4, 0x88, 0x59, 0x25,
    0x0E, 0x4A, 0x58, 0xA8, 0x96, 0x32, 0x5A, 0x9A, 0x3E, 0xED, 0xA2, 0x21, 0xAF, 0x83, 0xB1, 0x28,
    0x31, 0x16, 0xC0, 0x1D, 0x55, 0x2B, 0x36, 0xEF, 0x81, 0x74, 0x06, 0x22, 0x0E, 0x56, 0xA3, 0x91,
    0x4C, 0x5A, 0x8D, 0x38, 0x20, 0x9D, 0x38, 0xA3, 0x00, 0x2C, 0xDF, 0xD1, 0x61, 0x38, 0xD2, 0xBF,
    0xB7, 0x81, 0x77, 0x2B, 0x60, 0x2A, 0xEA, 0x70, 0x4C, 0x2F, 0x57, 0x7D, 0x28, 0x4B, 0xC9, 0x7A,
    0x1A, 0x71, 0x2B, 0xB9, 0xA3, 0x66, 0x84, 0xFF, 0xD7, 0x3F, 0xCD, 0x78, 0x26, 0xE7, 0x5A, 0x08,
    0x50, 0xDE, 0x8E, 0xFA, 0x26, 0x76, 0xB7, 0x63, 0xF7, 0x42, 0xE0, 0xED, 0xFF, 0xC2, 0x0A, 0x4F,
    0x44, 0xF0, 0xAC, 0x3C, 0xF6, 0xFD, 0x98, 0x7F, 0x99, 0x7F, 0x35, 0x50, 0x94, 0x7E, 0xDA, 0xCE,
    0xFA, 0x38, 0x68, 0xB4, 0xE6, 0x44, 0xD0, 0xA0, 0x71, 0xDC, 0x55, 0x7D, 0xA4, 0x1A, 0xB7, 0x58,
    0x54, 0x10, 0xB5, 0x98, 0x9F, 0x46, 0xE3, 0x7A, 0xAB, 0xCB, 0x3B, 0xA5, 0xA9, 0xC8, 0xEC, 0x9F,
    0x4F, 0x9B, 0x1A, 0x49, 0xA9, 0xEF, 0xB3, 0xDE, 0x6B, 0xEC, 0x90, 0x52, 0xA3, 0x11, 0x29, 0xBC,
    0x66, 0xA6, 0x13, 0xF2, 0xB5, 0x9E, 0xAC, 0x7F, 0x7F, 0x68, 0xCA, 0x5D, 0x40, 0x35, 0x75, 0x32,
    0x20, 0x98, 0x51, 0xB4, 0x8D, 0xC3, 0x8B, 0x22, 0x82, 0xAA, 0x45, 0x41, 0x83, 0x77, 0x3B, 0xA6,
    0x4B, 0x59, 0xAD, 0x0E, 0x4A, 0x22, 0xA3, 0x9F, 0xF5, 0x5A, 0x3B, 0xFB, 0xDA, 0x9A, 0x6D, 0x8A,
    0xCF, 0xA0, 0xCB, 0xC5, 0x85, 0x7C, 0xF0, 0x1B, 0x84, 0x62, 0xA1, 0xF6, 0xE5, 0xAC, 0x9C, 0xA9,
    0xDA, 0xE7, 0x35, 0x98, 0xBC, 0x62, 0x5E, 0xEB, 0xF2, 0x84, 0xCE, 0xFB, 0xE9, 0xA2, 0x89, 0x76,
    0x55, 0x48, 0x9D, 0x8E, 0xFE, 0xB3, 0x5C, 0xFC, 0x6A, 0x77, 0x26, 0x72, 0x89, 0x2F, 0x7E, 0x7B,
    0x1B, 0x29, 0xE7, 0xF1, 0xEC, 0xDF, 0x89, 0x97, 0xCA, 0x4B, 0xF1, 0x14, 0x52, 0x02, 0x42, 0xE1,
    0xF6, 0x86, 0xE2, 0x11, 0xB7, 0x37, 0x14, 0x2C, 0xED, 0x47, 0xBE, 0xC3, 0x8D, 0x13, 0x11, 0x39,
    0x32, 0x6E, 0xC9, 0xE7, 0xB0, 0x1F, 0x6C, 0x5C, 0x3A, 0x1B, 0x95, 0x5A, 0xDB, 0x1E, 0xF8, 0xD9,
    0xEF, 0xC8, 0xB8, 0x25, 0x33, 0x90, 0xC7, 0xC6, 0x81, 0x8C, 0x3A, 0x32, 0xA9, 0x95, 0xF3, 0x0A,
    0x4A, 0x11, 0x8B, 0x57, 0xF6, 0x7B, 0xEA, 0xC8, 0x78, 0x22, 0xC3, 0x85, 0x84, 0x94, 0x64, 0xE1,
    0x4B, 0x73, 0x64, 0x32, 0x92, 0x91, 0xCD, 0x27, 0x7D, 0xAD, 0x7D, 0x8D, 0xEA, 0x11, 0x57, 0x72,
    0x32, 0xC1, 0x02, 0xF3, 0x79, 0x5D, 0xBC, 0x14, 0x5E, 0xD2, 0xDA, 0xBF, 0xEC, 0x4C, 0x50, 0xEE,
    0xB5, 0x23, 0x12, 0x29, 0xB5, 0x21, 0xDC, 0x5E, 0x58, 0xAE, 0xAF, 0x0A, 0x69, 0x77, 0x55, 0x0A,
    0x2F, 0x8D, 0x49, 0xF8, 0x2F, 0x93, 0xE4, 0x57, 0x26, 0x59, 0x6A, 0x72, 0xCB, 0x8B, 0x33, 0x89,
    0x5A, 0x93, 0xB4, 0x34, 0x39, 0x86, 0xC9, 0x03, 0x93, 0xA5, 0x37, 0x91, 0xDA, 0xCB, 0x7E, 0x45,
    0x26, 0x11, 0xA5, 0xE7, 0x3E, 0x12, 0x34, 0x97, 0x6B, 0x03, 0x6B, 0x04, 0x25, 0xB7, 0xA8, 0xB4,
    0x8D, 0x7B, 0x26, 0x4A, 0x94, 0xC9, 0x65, 0xD5, 0xF9, 0x1D, 0x7F, 0x2F, 0x88, 0x74, 0xA9, 0xF4,
    0x8D, 0xD4, 0xDF, 0x95, 0x9E, 0xFD, 0x72, 0xDB, 0x0A, 0xBC, 0x65, 0xA5, 0x3F, 0xB0, 0x8E, 0x71,
    0x1C, 0xE5, 0xA0, 0xE7, 0x8E, 0xCC, 0x1E, 0xC9, 0xDB, 0xA8, 0xE5, 0x2E, 0x1F, 0xB3, 0x7C, 0x97,
    0x72, 0xC8, 0x87, 0x43, 0x3B, 0x60, 0x5E, 0x51, 0x06, 0xF3, 0x91, 0x95, 0xFA, 0x16, 0x59, 0x39,
    0xB2, 0xE8, 0xC9, 0xAC, 0xF5, 0x3D, 0x6B, 0x2C, 0xC9, 0x9C, 0xB8, 0x98, 0xC8, 0x66, 0xDC, 0x25,
    0x3C, 0x20, 0x6C, 0x4B, 0x5C, 0xB4, 0x9B, 0x75, 0x53, 0xA4, 0x3D, 0x45, 0x1B, 0x2A, 0x73, 0xCF,
    0xFA, 0x4B, 0x66, 0x1B, 0x19, 0xE9, 0x74, 0xC8, 0x87, 0x0D, 0x29, 0xFA, 0x6C, 0x86, 0xA6, 0x8E,
    0x8C, 0x7B, 0x32, 0xEA, 0x8C, 0xED, 0x8E, 0x28, 0x89, 0xA4, 0x23, 0x53, 0xDF, 0x6A, 0x47, 0xE6,
    0x03, 0x79, 0x32, 0x92, 0xBF, 0x98, 0xC8, 0x61, 0x26, 0x5D, 0xA3, 0x08, 0xFB, 0xC2, 0x0A, 0xE0,
    0x79, 0x17, 0xDB, 0xA1, 0x9B, 0x70, 0x1E, 0x20, 0xB5, 0x22, 0x0E, 0xB9, 0x59, 0xA2, 0xB8, 0xF8,
    0xED, 0xA0, 0x14, 0xB1, 0x41, 0x09, 0x94, 0x0E, 0x98, 0x11, 0x28, 0x1B, 0x9B, 0xA6, 0x95, 0x59,
    0x50, 0xD4, 0xAC, 0xBB, 0x68, 0x57, 0x97, 0x38, 0x90, 0x41, 0x04, 0xDA, 0x87, 0xDE, 0xC1, 0x20,
    0xE8, 0x60, 0xB0, 0x81, 0x31, 0xB1, 0x73, 0x30, 0x80, 0x27, 0x21, 0x72, 0x4E, 0x2C, 0x7C, 0x6C,
    0x98, 0x24, 0xED, 0x15, 0x89, 0x63, 0x5E, 0xC3, 0xB0, 0x85, 0xB3, 0x17, 0x9B, 0x24, 0x15, 0xFB,
    0x6C, 0xE1, 0xAE, 0xD3, 0x2B, 0x96, 0x73, 0xAC, 0xF8, 0xA8, 0xF5, 0x36, 0xAC, 0x32, 0xEB, 0x2C,
    0x1D, 0xE1, 0x0C, 0xDB, 0x47, 0xBE, 0xD0, 0xC9, 0x35, 0xBF, 0x3E, 0xB3, 0xDE, 0x11, 0x1A, 0xB3,
    0x1C, 0xF6, 0xD6, 0xEA, 0x88, 0x46, 0x62, 0xDA, 0xC7, 0x68, 0x6F, 0xD9, 0xAC, 0x9E, 0x63, 0x55,
    0x37, 0x22, 0x8F, 0xBE, 0x3E, 0x87, 0x4A, 0x34, 0xCC, 0x76, 0x7E, 0x8E, 0x9C, 0x1A, 0x45, 0x6D,
    0x2C, 0x11, 0x2A, 0x39, 0xBE, 0x9F, 0xC8, 0x9A, 0x8C, 0x3D, 0x4B, 0x32, 0x01, 0x99, 0x5E, 0xE1,
    0xA1, 0xF1, 0xE8, 0x0A, 0x1F, 0x18, 0x1D, 0x19, 0xF6, 0x64, 0x65, 0x36, 0x34, 0xE4, 0x62, 0xA7,
    0xDE, 0xF2, 0x9E, 0x1D, 0x06, 0x0F, 0xC9, 0x93, 0x07, 0xE4, 0x6B, 0xF7, 0xC9, 0xC3, 0x7B, 0xE4,
    0x73, 0xCF, 0x93, 0xCF, 0x7C, 0x5D, 0xAE, 0x7C, 0x2A, 0x6D, 0xC5, 0x63, 0xAF, 0x4E, 0x38, 0x60,
    0xFD, 0x8B, 0x52, 0x62, 0xB1, 0xDD, 0x7A, 0x00, 0x72, 0x04, 0x76, 0x32, 0x20, 0xAD, 0x35, 0x92,
    0x96, 0x5C, 0x6D, 0x1A, 0x79, 0xCD, 0xEE, 0x49, 0x1A, 0xB1, 0x6B, 0xD2, 0x03, 0x8D, 0x38, 0x46,
    0x8E, 0x83, 0xC9, 0x2F, 0xC6, 0x34, 0xB0, 0x13, 0x03, 0x48, 0xDE, 0x9F, 0xDF, 0x2C, 0xED, 0x17,
    0xB6, 0x8B, 0x91, 0xE2, 0xFD, 0x79, 0xD5, 0x33, 0x52, 0xFD, 0x74, 0xF2, 0xAB, 0x58, 0x34, 0x97,
    0x1F, 0xC8, 0x60, 0x32, 0x57, 0x32, 0x1E, 0xB5, 0x40, 0x61, 0x26, 0x56, 0x51, 0xD1, 0x5B, 0xD2,
    0x4A, 0x15, 0x40, 0x45, 0x33, 0x98, 0x4D, 0xCC, 0x30, 0x3B, 0x55, 0x42, 0xE5, 0x82, 0x7C, 0xC4,
    0x8B, 0x72, 0x0E, 0xE9, 0xAA, 0x73, 0xEE, 0x5A, 0xC8, 0xAD, 0x6C, 0x04, 0x8D, 0x94, 0x48, 0x97,
    0xBB, 0x83, 0x66, 0x0F, 0x67, 0xCE, 0x03, 0xE1, 0x60, 0x35, 0x1C, 0xC6, 0x0A, 0x60, 0x6C, 0x03,
    0x56, 0xCD, 0x36, 0x1F, 0xAC, 0x58, 0xE3, 0x52, 0x6A, 0x4C, 0xB3, 0xB1, 0x97, 0x7D, 0x92, 0x9D,
    0x8B, 0x6D, 0x38, 0xE6, 0xE3, 0x6D, 0xA2, 0x62, 0x51, 0x45, 0x1B, 0x2C, 0xC8, 0x2E, 0x57, 0xE3,
    0xFA, 0x84, 0x3C, 0xB8, 0xF9, 0x2D, 0x3A, 0xA5, 0x70, 0xD3, 0x1C, 0xE9, 0xA8, 0x0F, 0x1D, 0xC0,
    0xB5, 0x3C, 0xF0, 0x69, 0x59, 0x39, 0x6B, 0x39, 0x13, 0x30, 0x7C, 0xFB, 0x8E, 0xDF, 0x6F, 0x9A,
    0xBB, 0x63, 0xEE, 0xFD, 0x64, 0x9B, 0xD3, 0x3F, 0x68, 0x41, 0x55, 0x22, 0x52, 0xE2, 0x5A, 0xC6,
    0xF5, 0xC7, 0x33, 0x29, 0x77, 0x4C, 0x3D, 0x41, 0x66, 0xC6, 0xDC, 0x78, 0x62, 0x7C, 0x48, 0x86,
    0x13, 0x29, 0x03, 0xD0, 0xA0, 0x71, 0xF8, 0xBE, 0x3C, 0xAA, 0x5A, 0xE4, 0x32, 0x79, 0x77, 0x9D,
    0x4B, 0x04, 0xD6, 0x4F, 0x35, 0xF4, 0xD7, 0xF3, 0x48, 0x78, 0x86, 0x8D, 0x36, 0x62, 0xF8, 0xC9,
    0xA0, 0xDA, 0x03, 0xBF, 0x53, 0xFD, 0xBB, 0x03, 0xFE, 0xA3, 0xFA, 0xD7, 0x01, 0x81, 0xFE, 0x85,
    0x7F, 0xD1, 0xFE, 0xFC, 0x83, 0xEA, 0x9F, 0xB5, 0xB9, 0xD4, 0x7E, 0x41, 0xFC, 0x4B, 0x6A, 0x83,
    0x34, 0xA2, 0x16, 0xE5, 0x5A, 0xEB, 0x57, 0x4D, 0xF3, 0xF6, 0xC8, 0x34, 0xED, 0x6E, 0x78, 0x75,
    0xF7, 0x4D, 0x63, 0xE7, 0x4C, 0xA3, 0x0F, 0x7B, 0xD3, 0x70, 0x69, 0x4D, 0x03, 0xF1, 0x0A, 0xA9,
    0xA9, 0x0E, 0x0D, 0xEF, 0x22, 0x67, 0x97, 0x28, 0xB8, 0x40, 0x1B, 0xC1, 0x31, 0x1A, 0x3A, 0x4D,
    0x2E, 0x16, 0x81, 0x79, 0x29, 0x0B, 0xCC, 0x69, 0xF0, 0xD3, 0x22, 0x6B, 0x3F, 0x8B, 0xCC, 0xA7,
    0xA7, 0x2B, 0x15, 0xD1, 0xB0, 0x7B, 0xB2, 0x77, 0x9F, 0x5D, 0xBC, 0x11, 0xBB, 0xD9, 0x68, 0x06,
    0xAE, 0x43, 0x28, 0xB3, 0x32, 0x7F, 0xDC, 0x74, 0xC0, 0x82, 0x78, 0x64, 0x93, 0x18, 0x71, 0x76,
    0x15, 0xA1, 0xE3, 0x50, 0x67, 0x76, 0x4B, 0xCC, 0xCD, 0xBF, 0x2B, 0x94, 0xA9, 0xF6, 0xE0, 0x96,
    0xEE, 0x1A, 0xF6, 0x3E, 0xA5, 0xCF, 0x95, 0x91, 0xAD, 0x2F, 0x2D, 0x71, 0x4A, 0x5F, 0x0B, 0xFF,
    0x31, 0x52, 0xFC, 0x8D, 0x9B, 0xB0, 0xFF, 0x06, 0x60, 0x1F, 0x01, 0xFC, 0x61, 0xB5, 0x22, 0x1F,
    0x9B, 0xF1, 0x5F, 0xA5, 0xA3, 0x57, 0x7B, 0xD7, 0x52, 0x7B, 0xEB, 0x40, 0x3E, 0xB4, 0x35, 0x2B,
    0x1B, 0xB7, 0x85, 0x3E, 0x46, 0xD0, 0xD0, 0x55, 0xC8, 0xDB, 0x3D, 0xB7, 0x25, 0xD9, 0xE1, 0x09,
    0x07, 0x46, 0xD3, 0x05, 0xB2, 0x76, 0x60, 0x96, 0x8B, 0xF2, 0x73, 0x7C, 0x8F, 0x69, 0x3A, 0x34,
    0xAC, 0x6D, 0xBC, 0xEE, 0x7B, 0x8C, 0xA1, 0xFE, 0x08, 0x3E, 0xD7, 0xF7, 0x18, 0xBB, 0x7A, 0x12,
    0x72, 0xC2, 0x63, 0xE5, 0x48, 0x91, 0x11, 0xE9, 0x0D, 0xE2, 0x65, 0xC5, 0x01, 0x14, 0xF8, 0x02,
    0xD0, 0x94, 0xE0, 0x5E, 0x00, 0x14, 0xB2, 0x7C, 0x43, 0x2F, 0x20, 0xC0, 0xF7, 0x4E, 0x6F, 0x52,
    0x2A, 0x71, 0x94, 0x68, 0x21, 0x11, 0x4C, 0xC6, 0x46, 0x2E, 0x99, 0x5F, 0x16, 0xE9, 0x11, 0x2C,
    0x01, 0x77, 0xE6, 0x78, 0x08, 0x26, 0x8E, 0x5A, 0xAF, 0x52, 0xE8, 0x12, 0x52, 0xD1, 0x35, 0x64,
    0x6E, 0x43, 0x5F, 0x94, 0x14, 0x57, 0xED, 0x49, 0xE1, 0x65, 0x9D, 0x64, 0x9D, 0xC1, 0x67, 0xAF,
    0x7D, 0x61, 0x9B, 0xA2, 0x51, 0x58, 0x45, 0x56, 0xED, 0xCE, 0x08, 0xEE, 0xF4, 0x57, 0x0C, 0xFC,
    0xF9, 0xC5, 0x1D, 0x26, 0xEC, 0x53, 0x69, 0x73, 0xE9, 0x12, 0xA9, 0x43, 0x41, 0x30, 0x02, 0x62,
    0xBE, 0x61, 0x55, 0x47, 0xB6, 0xB4, 0x53, 0xEB, 0xB3, 0x43, 0xEB, 0xB3, 0x23, 0xEB, 0xB3, 0x41,
    0x09, 0xE9, 0xC9, 0xA6, 0x25, 0x0B, 0x63, 0xDE, 0xEF, 0xFA, 0xEF, 0xBF, 0x36, 0x69, 0xFF, 0x68,
    0x2E, 0x52, 0x2B, 0xCA, 0xD4, 0xE6, 0xD8, 0xB1, 0x79, 0x46, 0xB7, 0xCC, 0x2D, 0x1A, 0x6C, 0x3F,
    0x71, 0xB4, 0x69, 0x75, 0x49, 0x87, 0xA8, 0x91, 0xB2, 0x10, 0xE7, 0xAF, 0x71, 0xF0, 0xF7, 0x38,
    0xF8, 0xD5, 0x06, 0xBF, 0xC0, 0xBD, 0xD4, 0x5F, 0xB9, 0x44, 0x5E, 0xCE, 0x84, 0x01, 0x8D, 0x17,
    0x86, 0xC0, 0x0B, 0x0A, 0x2F, 0x99, 0x97, 0x74, 0x4F, 0x12, 0x2F, 0x01, 0x2A, 0x19, 0xB4, 0x61,
    0xB9, 0xF4, 0xDA, 0xAE, 0x70, 0xB1, 0x66, 0xB1, 0x5C, 0xCF, 0xFA, 0x5A, 0xCE, 0x57, 0x28, 0xC6,
    0xAA, 0x43, 0x53, 0x23, 0x17, 0x91, 0x9A, 0x4B, 0x71, 0x55, 0xEB, 0xC4, 0x2B, 0x73, 0x25, 0xF0,
    0xC9, 0xB4, 0x61, 0xD2, 0x6D, 0x4B, 0x69, 0xDB, 0x96, 0xAB, 0xA4, 0x15, 0xF3, 0x39, 0x56, 0xF4,
    0x3F, 0xCE, 0x23, 0xEE, 0x60, 0x1C, 0x15, 0xBB, 0x29, 0x21, 0x1A, 0xBE, 0xF1, 0x91, 0x91, 0x83,
    0xC2, 0xC0, 0x13, 0xD6, 0x87, 0xEE, 0xDB, 0xDF, 0x2E, 0x46, 0xCE, 0x76, 0xCD, 0xF1, 0xA1, 0x87,
    0x0F, 0xF9, 0x26, 0x12, 0x6F, 0x22, 0xD1, 0x26, 0x12, 0x6E, 0x22, 0xC1, 0x26, 0x82, 0x6D, 0xA4,
    0xB4, 0x2F, 0xF0, 0x50, 0xF6, 0x74, 0xB7, 0x16, 0x00, 0x47, 0x98, 0xB6, 0xBC, 0x61, 0x7C, 0xD9,
    0x88, 0x3D, 0xDA, 0xA7, 0x59, 0xFF, 0x61, 0x16, 0xF3, 0xA9, 0xD4, 0x00, 0x37, 0x1D, 0x32, 0x71,
    0x64, 0x3C, 0x90, 0xD1, 0xF8, 0x11, 0x0E, 0x64, 0xEC, 0x60, 0x7B, 0x15, 0x59, 0xB5, 0xFC, 0x00,
    0xBB, 0x00, 0x95, 0xBF, 0xEC, 0x3B, 0xAC, 0x5D, 0x21, 0x98, 0x2F, 0x34, 0x63, 0xEB, 0x0C, 0x21,
    0x6B, 0x9F, 0x5E, 0x97, 0x77, 0xBC, 0x8A, 0x8C, 0xA6, 0xF3, 0xEB, 0x52, 0x52, 0x79, 0x0C, 0x53,
    0x59, 0xBD, 0xD7, 0xC4, 0x79, 0x8D, 0x37, 0x3A, 0x3C, 0xA1, 0x6E, 0x3F, 0x5D, 0xDA, 0x79, 0xAD,
    0xEA, 0xBC, 0xE5, 0x80, 0x2C, 0xDE, 0x41, 0x92, 0xF3, 0x44, 0xC4, 0xEC, 0x37, 0xE3, 0x69, 0xF9,
    0xA7, 0xDE, 0xFE, 0x69, 0xA4, 0x59, 0x68, 0xE6, 0xD1, 0xB6, 0xA7, 0xFD, 0x48, 0xD2, 0x99, 0x01,
    0xAC, 0xDD, 0xAA, 0x86, 0x85, 0xA0, 0x59, 0x78, 0x55, 0x6C, 0x9C, 0x7D, 0x79, 0xDA, 0x5E, 0x15,
    0x8B, 0xFA, 0x70, 0xFF, 0x04, 0x27, 0x9C, 0xC7, 0xC1, 0xE9, 0x9B, 0x9A, 0x5A, 0x64, 0x1D, 0x03,
    0x12, 0x22, 0x35, 0xF4, 0x06, 0xEB, 0xCF, 0x63, 0x16, 0xC0, 0xAB, 0x62, 0x59, 0x01, 0x8B, 0x79,
    0x28, 0xBC, 0x2A, 0xF6, 0x08, 0xC5, 0xAE, 0x99, 0x7B, 0x1F, 0x36, 0x59, 0x60, 0x0D, 0xBB, 0x5A,
    0xDD, 0x1D, 0x11, 0xD9, 0x40, 0x37, 0xB0, 0x2F, 0x33, 0xDE, 0x5F, 0xAA, 0xE0, 0x1B, 0x30, 0xC3,
    0x9A, 0x14, 0x4C, 0xB0, 0x0F, 0xF3, 0x21, 0x75, 0x0C, 0xA7, 0x88, 0x3A, 0xA9, 0x8E, 0x76, 0x4B,
    0x99, 0xDF, 0xF0, 0x2A, 0xE2, 0x75, 0x3E, 0x33, 0xB5, 0xF7, 0xFB, 0x3A, 0x51, 0x77, 0xE5, 0xF8,
    0x72, 0x77, 0xF5, 0xA0, 0xB1, 0x7A, 0xAD, 0x63, 0xB2, 0x96, 0x76, 0x75, 0xA8, 0xE8, 0xE1, 0x46,
    0xCB, 0xD9, 0x64, 0x76, 0x57, 0xD2, 0xC1, 0xC2, 0x4D, 0xE2, 0x87, 0xA2, 0x8F, 0xB1, 0xB0, 0x7B,
    0xB3, 0xC1, 0x8E, 0x1C, 0xFA, 0xF0, 0x68, 0x40, 0x2E, 0x1F, 0xA1, 0x18, 0x1B, 0xA3, 0x4F, 0x99,
    0x0D, 0x64, 0x28, 0xA2, 0x44, 0x43, 0x06, 0x0B, 0x7F, 0x89, 0x26, 0x32, 0xB6, 0xB7, 0xA9, 0x23,
    0xF3, 0x96, 0xAC, 0xEA, 0x6D, 0x39, 0xA1, 0xFF, 0xBF, 0x8C, 0x11, 0xAB, 0xA5, 0x2C, 0x3A, 0x88,
    0xF4, 0x3B, 0xB7, 0x2E, 0xB9, 0x5C, 0xB5, 0xFE, 0x53, 0x6C, 0xDA, 0x46, 0x0E, 0x31, 0x01, 0x6C,
    0x11, 0xBC, 0xE1, 0x10, 0x70, 0x44, 0xD3, 0x4B, 0x7D, 0x2C, 0x6A, 0x45, 0x85, 0x1D, 0x62, 0x22,
    0xE5, 0x8B, 0xD7, 0x06, 0x64, 0xF2, 0xEF, 0x19, 0xB1, 0xFC, 0x5E, 0x4A, 0xBC, 0x00, 0x0B, 0x21,
    0xB1, 0x32, 0x17, 0x01, 0xC8, 0xB9, 0xBE, 0xD9, 0x0B, 0x11, 0x47, 0x39, 0xE9, 0x37, 0x0E, 0xCF,
    0x21, 0x3B, 0xE8, 0x95, 0x4C, 0x5F, 0x1C, 0x71, 0x34, 0x7E, 0xDC, 0x63, 0xE6, 0x31, 0x52, 0xA1,
    0xAA, 0x39, 0x45, 0x4A, 0xE4, 0x75, 0xC5, 0x46, 0x29, 0x32, 0x8F, 0xC2, 0xC0, 0xDF, 0x0A, 0xBE,
    0xCD, 0x98, 0x2E, 0x65, 0x8E, 0x98, 0x79, 0x83, 0xF9, 0x8C, 0x9D, 0x20, 0xB5, 0xEF, 0xFA, 0x86,
    0x93, 0x6A, 0xC5, 0x26, 0x70, 0xF8, 0x14, 0x98, 0xF7, 0xC1, 0xDF, 0xE8, 0xCE, 0x8A, 0x94, 0x88,
    0x1E, 0xDF, 0x1D, 0xF4, 0x31, 0xB0, 0x17, 0x15, 0x51, 0x6C, 0x51, 0xF9, 0x1C, 0xAB, 0xE5, 0xEE,
    0x68, 0xCB, 0x84, 0x70, 0x2C, 0x58, 0xCB, 0x65, 0xBF, 0x6F, 0xFE, 0xEE, 0xB1, 0xDF, 0x3F, 0xF5,
    0x6F, 0x84, 0x96, 0x74, 0x13, 0x8D, 0x58, 0xCD, 0x32, 0x85, 0x8D, 0x6D, 0x2E, 0x3C, 0x46, 0x9F,
    0x43, 0x5E, 0x5E, 0xC1, 0x4B, 0x5B, 0xBC, 0x42, 0x1C, 0x6D, 0x71, 0x83, 0xB8, 0x4F, 0x38, 0x45,
    0x40, 0x44, 0x9D, 0x62, 0xF5, 0xC1, 0x45, 0xF3, 0xCF, 0xC6, 0xBE, 0xB9, 0x95, 0x08, 0xE6, 0x77,
    0x01, 0xBC, 0xFD, 0x50, 0x71, 0xFC, 0x40, 0xF1, 0xEA, 0x7D, 0xC5, 0x4B, 0xF7, 0x88, 0xFF, 0x01,
    0xCD, 0x99, 0x41, 0xAC, 0xDC, 0xC6, 0x79, 0xC7, 0x7F, 0x24, 0x63, 0x11, 0x28, 0x01, 0xD3, 0x87,
    0x3A, 0x2D, 0xF0, 0x6A, 0xB1, 0xC7, 0x20, 0xB1, 0xCC, 0x4B, 0x0E, 0x06, 0xFA, 0xE2, 0xA1, 0xDC,
    0x63, 0x0F, 0x55, 0x01, 0xBF, 0xF8, 0x90, 0x83, 0xCE, 0x29, 0xD0, 0xEC, 0x25, 0x40, 0x85, 0x40,
    0x36, 0xA9, 0xF8, 0x90, 0x5B, 0xAB, 0x02, 0xF5, 0xA9, 0x07, 0xE7, 0xD0, 0x02, 0x8D, 0x7C, 0x78,
    0x3E, 0xA4, 0xA8, 0x5A, 0xE8, 0x2D, 0xC7, 0xF6, 0x21, 0x87, 0x1E, 0x4C, 0xB7, 0x68, 0x7A, 0x65,
    0x0A, 0x35, 0x6D, 0xAD, 0x02, 0x1E, 0xD7, 0x54, 0xC5, 0xA7, 0x90, 0xFC, 0x3A, 0xDF, 0xEC, 0xEE,
    0xF3, 0x26, 0x92, 0x1D, 0x01, 0xB6, 0x9B, 0x8E, 0x34, 0xBF, 0xFF, 0x2C, 0x39, 0x9C, 0xF9, 0xF8,
    0xCD, 0x37, 0x7C, 0x1F, 0x77, 0xD1, 0x52, 0x2F, 0xC4, 0xF3, 0xCA, 0x66, 0x5D, 0xEA, 0x0A, 0x1B,
    0x8F, 0xA6, 0x8A, 0x26, 0x03, 0x73, 0xAD, 0xF5, 0xE8, 0x68, 0xAE, 0x45, 0x16, 0xAF, 0x2F, 0xD4,
    0x80, 0x56, 0x53, 0x81, 0x69, 0xA0, 0xB0, 0xFC, 0x66, 0x36, 0x70, 0x33, 0x16, 0x71, 0xD4, 0xD2,
    0x10, 0x5D, 0xA2, 0x9D, 0x4A, 0x79, 0x4B, 0x5C, 0x3D, 0x1E, 0xC8, 0x35, 0xE9, 0x53, 0x17, 0x4F,
    0xBC, 0x0C, 0x2E, 0x9A, 0xB8, 0x09, 0x57, 0xA3, 0x29, 0xEA, 0xE1, 0x99, 0x68, 0x4A, 0x2C, 0xE4,
    0x17, 0xA7, 0x0C, 0x48, 0xDE, 0x9C, 0xCE, 0x03, 0xA9, 0x88, 0x00, 0xF9, 0xCF, 0x96, 0xB6, 0x81,
    0xF2, 0xCD, 0xA9, 0xB0, 0x60, 0x2E, 0x4E, 0xB9, 0x83, 0xD6, 0x5F, 0x30, 0xE0, 0x2F, 0x9E, 0xE2,
    0x89, 0x64, 0x8C, 0x26, 0x16, 0x32, 0x1D, 0xBA, 0xAD, 0xEA, 0xEE, 0x40, 0x2A, 0x73, 0x7B, 0xA9,
    0x4A, 0xE9, 0xD2, 0x11, 0x20, 0x93, 0x01, 0xF3, 0xD3, 0x85, 0x35, 0xA6, 0xBA, 0x45, 0x69, 0x0F,
    0xD1, 0x91, 0xCA, 0x06, 0x0C, 0x70, 0x8B, 0x48, 0x7A, 0x78, 0x7D, 0xDE, 0xDE, 0x47, 0xAE, 0x86,
    0x74, 0xCF, 0xFA, 0x7A, 0xCB, 0xD7, 0x99, 0xD2, 0xD6, 0xAF, 0xB6, 0x14, 0x32, 0xC2, 0x93, 0xD0,
    0x4A, 0x23, 0xC2, 0x6A, 0xA9, 0xDA, 0x85, 0x64, 0x24, 0xEF, 0x49, 0x06, 0xDF, 0xED, 0x23, 0x1A,
    0x65, 0x24, 0xCA, 0xF4, 0x1D, 0x65, 0x91, 0x2B, 0x6F, 0x29, 0xFF, 0xC7, 0x29, 0xA5, 0x51, 0x2E,
    0x28, 0xC7, 0xBD, 0x6B, 0x75, 0x34, 0x1D, 0xB9, 0x3E, 0xDD, 0xCE, 0xC2, 0x53, 0x3C, 0x0B, 0x3C,
    0x87, 0x01, 0x0C, 0x6B, 0xA0, 0xBC, 0x33, 0x01, 0xD1, 0xFA, 0x3A, 0x7B, 0xE5, 0xFF, 0xD4, 0x2A,
    0xCF, 0x57, 0xC4, 0xAD, 0x96, 0xE7, 0xA5, 0xF7, 0xE7, 0xD6, 0xDA, 0x6D, 0xF0, 0x88, 0x7B, 0x1D,
    0xBA, 0xD1, 0x91, 0xF1, 0x38, 0xF4, 0x90, 0xD9, 0x63, 0x11, 0xFD, 0x68, 0xAC, 0x9E, 0xD0, 0x31,
    0x33, 0xE7, 0x91, 0x4C, 0x1E, 0x51, 0x30, 0xB5, 0xAD, 0xFC, 0xD8, 0xE5, 0x6D, 0x3F, 0x74, 0x3A,
    0x26, 0x22, 0x32, 0xC5, 0xAD, 0xC8, 0x48, 0xA1, 0xE1, 0xF4, 0x38, 0xA6, 0xDA, 0xC3, 0xF9, 0x33,
    0x3C, 0xA5, 0xB8, 0xA0, 0x78, 0x5A, 0x71, 0x78, 0x86, 0x9B, 0x1E, 0xD1, 0xE0, 0x71, 0xEC, 0x30,
    0x8D, 0x74, 0x91, 0xDC, 0xAE, 0x9B, 0x54, 0xA6, 0x2F, 0x00, 0xB4, 0x33, 0xA4, 0x62, 0x57, 0x02,
    0xB9, 0x34, 0x89, 0x40, 0x31, 0xEA, 0x7D, 0x63, 0x06, 0x92, 0xF7, 0x2D, 0xBF, 0xE3, 0xC5, 0xFB,
    0xE6, 0x6F, 0xBD, 0xFC, 0x83, 0xE3, 0x43, 0x2F, 0x6F, 0x0F, 0xF1, 0x3F, 0xA9, 0x4C, 0xBE, 0xA5,
    0x51, 0x99, 0xBE, 0xE2, 0xC5, 0x2E, 0x79, 0xA2, 0x52, 0x9F, 0x0F, 0x62, 0xFE, 0x28, 0x48, 0x39,
    0x05, 0xC9, 0x07, 0x95, 0x2E, 0x77, 0xC9, 0xC8, 0xEA, 0x34, 0xED, 0x0B, 0x5D, 0x12, 0xDF, 0x57,
    0x6C, 0xEB, 0xA3, 0x5F, 0x74, 0x85, 0xEE, 0x07, 0xF7, 0xAA, 0x77, 0xED, 0x43, 0x21, 0x22, 0x36,
    0x59, 0x6E, 0x1C, 0xDB, 0x8F, 0xEF, 0xA2, 0x03, 0x84, 0x25, 0x09, 0x83, 0x12, 0x4A, 0x29, 0x15,
    0xF1, 0x72, 0xD9, 0x91, 0xF5, 0xD1, 0xA4, 0x01, 0xBE, 0xA6, 0xAC, 0x30, 0x18, 0x8D, 0xEA, 0xDA,
    0xA3, 0xF1, 0x28, 0x03, 0xEC, 0x59, 0x4B, 0x61, 0x9A, 0xD0, 0xC5, 0x68, 0xE7, 0x70, 0x59, 0xAE,
    0x03, 0x24, 0xF3, 0x37, 0x1C, 0x61, 0x0B, 0xEB, 0x1E, 0xA6, 0x15, 0x91, 0x65, 0xE5, 0x71, 0x9A,
    0x0C, 0xBE, 0xD7, 0xA7, 0xC2, 0x48, 0x69, 0x57, 0xCB, 0xC5, 0xD6, 0x5B, 0xFF, 0x5D, 0x59, 0xD0,
    0xD2, 0xF6, 0xF5, 0x29, 0xAB, 0xFF, 0x16, 0xA9, 0xD2, 0x7B, 0x95, 0xE9, 0x92, 0x89, 0xE0, 0xC1,
    0xD4, 0xA9, 0x37, 0x07, 0xC5, 0x98, 0xB8, 0x0D, 0xE2, 0x1D, 0xF4, 0xE3, 0x10, 0x10, 0x22, 0x4A,
    0x3B, 0x87, 0xCB, 0xA4, 0x2A, 0x6D, 0xF2, 0xA1, 0x48, 0x95, 0xB8, 0x76, 0x26, 0x71, 0x51, 0xE5,
    0x01, 0x0F, 0x60, 0x00, 0x8D, 0x6B, 0x10, 0xB1, 0x6C, 0x4A, 0xBD, 0x54, 0xC9, 0xBC, 0xEA, 0xF3,
    0x3E, 0x1D, 0xD4, 0x58, 0x53, 0xC5, 0xCE, 0xE8, 0xE1, 0x87, 0xD7, 0xFD, 0xA7, 0xDE, 0x6F, 0xE7,
    0x03, 0x3F, 0x4C, 0x36, 0x4F, 0xBD, 0x4A, 0x3D, 0x66, 0x44, 0xA4, 0x09, 0xF8, 0x5A, 0x3C, 0x64,
    0xCD, 0x61, 0x3C, 0x24, 0xCD, 0xB3, 0x1E, 0xF6, 0xAB, 0x0A, 0xE2, 0x01, 0x1E, 0x05, 0x49, 0xC0,
    0xB8, 0x33, 0xB5, 0x95, 0xCE, 0x57, 0x64, 0xAA, 0x17, 0xEA, 0x31, 0x77, 0x64, 0x36, 0xF5, 0x68,
    0x34, 0x2C, 0x88, 0x26, 0x0F, 0x26, 0x2E, 0xC0, 0x9A, 0x43, 0x30, 0x5C, 0xF1, 0xA8, 0x7E, 0xA8,
    0x06, 0x3A, 0xC8, 0xDF, 0xED, 0x21, 0xFB, 0xD7, 0x0E, 0x92, 0x0F, 0x2D, 0xC4, 0xD2, 0x00, 0xC2,
    0x0E, 0x2F, 0x29, 0x0E, 0x15, 0x57, 0x14, 0x03, 0x10, 0x39, 0x20, 0xED, 0xE0, 0x5C, 0x6B, 0x21,
    0x13, 0x20, 0x99, 0x01, 0x2E, 0x29, 0xA2, 0x23, 0x65, 0x16, 0x86, 0xA1, 0x0E, 0x2C, 0x3F, 0x89,
    0x07, 0x12, 0x9C, 0x7D, 0xFC, 0xBE, 0xAE, 0x57, 0x71, 0x6D, 0x26, 0xEF, 0x8A, 0xA6, 0xF6, 0xE7,
    0x8A, 0xA6, 0x6C, 0x4C, 0x55, 0x34, 0x85, 0xAD, 0x29, 0x9A, 0xBC, 0x0B, 0xEC, 0x3F, 0x86, 0x9D,
    0xF6, 0xCC, 0x6D, 0x69, 0xFD, 0x55, 0x56, 0x47, 0x30, 0xF8, 0xC5, 0x6A, 0x66, 0x22, 0x39, 0xFE,
    0x8B, 0x01, 0x0A, 0x91, 0xEA, 0x93, 0x2D, 0x51, 0x5A, 0xE0, 0xB1, 0xF6, 0x6E, 0xB0, 0x5F, 0xD8,
    0x16, 0x23, 0x6F, 0x8B, 0x2B, 0x7D, 0x4C, 0xF6, 0xF1, 0xCC, 0x73, 0xB0, 0xDE, 0xF8, 0xCF, 0x41,
    0xF1, 0x96, 0xDE, 0xFF, 0xBD, 0x0A, 0x92, 0x05, 0x60, 0x56, 0x08, 0x84, 0xC7, 0x06, 0xD9, 0xEF,
    0xF7, 0xA0, 0x0F, 0x03, 0x0E, 0xA3, 0x09, 0x1C, 0x6B, 0x8D, 0xB0, 0xBA, 0x59, 0x9D, 0x46, 0x32,
    0x88, 0x64, 0x32, 0x85, 0x40, 0x0F, 0x21, 0x1F, 0x82, 0xFF, 0x53, 0x6F, 0xA1, 0xD5, 0x72, 0xA3,
    0x7D, 0xAF, 0x15, 0x5F, 0x00, 0x02, 0x8C, 0xA2, 0x54, 0xE4, 0x1F, 0xA1, 0x96, 0xB7, 0x64, 0x29,
    0xE5, 0x5A, 0x98, 0xB7, 0xB0, 0xF1, 0xB0, 0x41, 0xBE, 0x8F, 0xD1, 0x23, 0x9A, 0x3C, 0x90, 0x6A,
    0x65, 0xA9, 0x45, 0x2C, 0xE7, 0x7E, 0x70, 0xD9, 0x02, 0xF9, 0x19, 0x8A, 0x1D, 0xA2, 0xF6, 0x14,
    0x12, 0x59, 0x5A, 0xF9, 0x9E, 0x8C, 0x46, 0xAC, 0xFE, 0x1D, 0xB8, 0x5D, 0x4A, 0x93, 0x8C, 0x18,
    0x45, 0xA2, 0x0F, 0x5F, 0x8F, 0x8D, 0xBA, 0xCF, 0x58, 0x87, 0x33, 0x0D, 0x1E, 0x78, 0x7D, 0xA9,
    0x5A, 0x09, 0xC5, 0xFE, 0x6A, 0xEC, 0x39, 0xD3, 0x9D, 0x3D, 0xCD, 0xCE, 0x1E, 0x42, 0x29, 0xB7,
    0x9A, 0x6D, 0x35, 0xF9, 0x05, 0x8D, 0xB7, 0x1A, 0x59, 0xA3, 0xD7, 0x18, 0xDD, 0x21, 0x5F, 0x0B,
    0x81, 0x94, 0x38, 0x78, 0x56, 0xF1, 0x55, 0x05, 0x1B, 0xDC, 0xFF, 0x81, 0x87, 0x88, 0x23, 0x71,
    0xE9, 0xE4, 0xC1, 0xAC, 0xD8, 0x44, 0x9B, 0xA2, 0x55, 0x2C, 0x84, 0x14, 0x6B, 0x75, 0xFF, 0x78,
    0x40, 0x44, 0xBC, 0x45, 0x16, 0x5F, 0x57, 0xD2, 0xB0, 0x5A, 0xD4, 0x25, 0xA4, 0xEA, 0x16, 0x1D,
    0xF3, 0xE1, 0xA2, 0xD3, 0xA8, 0x88, 0x0C, 0x2A, 0x43, 0x3C, 0x05, 0x61, 0xD9, 0x48, 0xFD, 0x30,
    0x69, 0x83, 0x44, 0x73, 0x58, 0x99, 0xE3, 0x71, 0x15, 0x16, 0xA6, 0x09, 0xEB, 0x62, 0x41, 0xE7,
    0x46, 0x67, 0xD6, 0xAE, 0x0F, 0x60, 0x77, 0x5B, 0x43, 0x98, 0x2B, 0xCC, 0xA4, 0xA8, 0x7F, 0x1E,
    0x6D, 0x18, 0x3F, 0x8C, 0x8E, 0x8E, 0x8D, 0x96, 0x4C, 0x7A, 0xCC, 0x8F, 0xE7, 0x6D, 0x62, 0x57,
    0xD8, 0x43, 0xF2, 0x0E, 0xB2, 0xDE, 0x57, 0x07, 0xA9, 0xE3, 0xC6, 0xB1, 0x43, 0x24, 0xB4, 0xF5,
    0x98, 0x9E, 0xD3, 0xC4, 0x4E, 0xFB, 0xCE, 0x18, 0xEA, 0x57, 0x67, 0x0A, 0xE9, 0xE1, 0x85, 0xFD,
    0x4C, 0xAA, 0x08, 0xAE, 0xAA, 0x96, 0x6F, 0x6C, 0xFF, 0xBA, 0xCC, 0x9A, 0xD9, 0xF4, 0xC1, 0x8C,
    0xBC, 0x0B, 0xE1, 0x94, 0x5B, 0xCA, 0x26, 0x19, 0x0A, 0x1B, 0x36, 0x64, 0x19, 0x44, 0xA4, 0x51,
    0x59, 0xDA, 0x66, 0xEF, 0xA0, 0x76, 0x09, 0xA2, 0x17, 0x9C, 0x5D, 0x9E, 0xF5, 0x98, 0xDD, 0xD0,
    0x3A, 0xD1, 0x8B, 0x83, 0x4E, 0x5B, 0x4A, 0xC3, 0xEE, 0xE1, 0x7A, 0x20, 0xD2, 0x47, 0x22, 0x72,
    0x3D, 0xA4, 0xB6, 0x99, 0xF3, 0xC8, 0xBB, 0x33, 0xF4, 0x1E, 0xA9, 0x1E, 0x8B, 0x97, 0xAF, 0x4F,
    0x50, 0x8B, 0x47, 0xF9, 0x63, 0x6D, 0x5D, 0xF4, 0x58, 0xF4, 0xC4, 0xE4, 0x11, 0xAE, 0xCD, 0x35,
    0x18, 0x6A, 0x7B, 0x20, 0xD7, 0x17, 0x8C, 0xF4, 0xFC, 0x35, 0x20, 0x7B, 0x99, 0x6E, 0xDC, 0x03,
    0x6F, 0xA0, 0xE5, 0xB3, 0x4E, 0xFC, 0xA3, 0xFE, 0xD7, 0xFC, 0xCD, 0x6E, 0x9C, 0x11, 0xB9, 0xBC,
    0x02, 0x3E, 0x97, 0x79, 0x8E, 0xD4, 0x63, 0xE2, 0x80, 0x4C, 0x91, 0x28, 0x5E, 0xBC, 0x7B, 0x04,
    0x22, 0xB2, 0x8B, 0x31, 0x17, 0xF0, 0xC5, 0x8A, 0xE4, 0x03, 0x19, 0x49, 0xEE, 0xDD, 0x11, 0x92,
    0x85, 0xBA, 0x4A, 0xA6, 0xB0, 0x30, 0xBA, 0x48, 0x8E, 0xFC, 0x91, 0x91, 0x0E, 0x1E, 0x7E, 0xE9,
    0x72, 0x2B, 0x62, 0xF3, 0x87, 0x3D, 0x2B, 0x1B, 0xA0, 0xAC, 0xB6, 0xD6, 0x9F, 0x9B, 0xD8, 0x84,
    0x25, 0xDF, 0x04, 0xE6, 0x8D, 0x51, 0x69, 0x07, 0xEA, 0x94, 0xDF, 0x62, 0x2F, 0xF8, 0xC4, 0xAD,
    0x7C, 0x4D, 0x86, 0xD8, 0x57, 0x76, 0xF5, 0x0D, 0xED, 0xFE, 0x4B, 0xEB, 0x08, 0xAB, 0xE5, 0x12,
    0xAD, 0xB8, 0x47, 0x4B, 0x66, 0x6E, 0xFC, 0x25, 0xB5, 0x8C, 0x8F, 0x94, 0xCC, 0x68, 0x89, 0x65,
    0xA0, 0xF8, 0xE9, 0x8C, 0xC1, 0xF0, 0x12, 0xA5, 0xAF, 0x4F, 0x6D, 0xAE, 0xEB, 0xA0, 0x08, 0x99,
    0x75, 0x07, 0xF5, 0xA4, 0x0D, 0xA0, 0xD6, 0x91, 0x9A, 0x2B, 0xE4, 0xCD, 0x2D, 0x5F, 0x4F, 0x28,
    0x31, 0x7E, 0xAF, 0x65, 0x32, 0xC0, 0x93, 0x40, 0x45, 0x48, 0xDD, 0xF4, 0x7F, 0xD4, 0xEF, 0xDD,
    0xFF, 0xC0, 0xCA, 0x1F, 0x7F, 0xC4, 0xFF, 0xA3, 0x6E, 0x1E, 0x91, 0xEE, 0x89, 0x88, 0x93, 0xDC,
    0x2E, 0x79, 0x37, 0xE7, 0xF6, 0x4B, 0x69, 0xF3, 0x29, 0x47, 0xE3, 0x09, 0x66, 0x16, 0x16, 0xAE,
    0x10, 0x4A, 0x39, 0x1F, 0xCC, 0x3C, 0xCA, 0xBF, 0x89, 0x29, 0x1A, 0x13, 0xB7, 0xEA, 0x16, 0x12,
    0x11, 0x19, 0x40, 0x5F, 0x65, 0x6E, 0x03, 0x05, 0x35, 0xC0, 0xE3, 0xBC, 0xFC, 0xA0, 0x9C, 0xDF,
    0x49, 0x7D, 0xE3, 0x12, 0xEA, 0x52, 0x59, 0xE0, 0x02, 0x2F, 0xAB, 0x07, 0x9F, 0xF6, 0x52, 0x58,
    0x0E, 0xBD, 0xE4, 0xDD, 0x4E, 0x6E, 0x06, 0x89, 0x06, 0x15, 0x7B, 0xEC, 0x58, 0x63, 0xAC, 0x74,
    0xE7, 0xE4, 0x75, 0xA1, 0x6E, 0x0A, 0x9D, 0xF0, 0x0B, 0xBB, 0x60, 0x7A, 0x5E, 0x66, 0x8D, 0x89,
    0x8B, 0x72, 0x1A, 0xC2, 0xC3, 0xD8, 0x10, 0x29, 0x65, 0xF3, 0x71, 0x72, 0x7A, 0xB4, 0xFA, 0xE7,
    0x8A, 0x44, 0xB4, 0x54, 0xE1, 0xD3, 0xAA, 0x0B, 0xE7, 0x32, 0x17, 0x24, 0x19, 0x1E, 0x26, 0x2E,
    0x19, 0xBD, 0xE4, 0x6E, 0xB5, 0x44, 0xED, 0x7B, 0x62, 0xF5, 0xF5, 0x50, 0x4E, 0x3F, 0x83, 0x4D,
    0x39, 0xA2, 0x61, 0xFB, 0xA8, 0x9B, 0x52, 0xB1, 0xDB, 0x94, 0xA7, 0xBA, 0x29, 0x17, 0x88, 0xBF,
    0x1F, 0xA6, 0xDF, 0xED, 0x49, 0x73, 0x96, 0xDC, 0xF6, 0xEC, 0x95, 0xCF, 0xEF, 0x7D, 0x96, 0x2F,
    0x57, 0xEC, 0x26, 0x27, 0xEB, 0x95, 0xF1, 0xA0, 0xE4, 0x6A, 0xE0, 0x53, 0xFC, 0xEA, 0xDE, 0xE2,
    0x79, 0x5A, 0x5D, 0x71, 0x8B, 0x13, 0x58, 0x33, 0x83, 0xB9, 0x33, 0xC2, 0xB9, 0x75, 0xC3, 0x59,
    0xF9, 0xFF, 0xF2, 0xA2, 0xF1, 0x79, 0x24, 0xCF, 0xA7, 0xE1, 0x7D, 0x96, 0x48, 0x2A, 0x60, 0xBD,
    0x6F, 0xD5, 0x3E, 0x36, 0x25, 0x1B, 0x83, 0xFB, 0x9C, 0x59, 0x48, 0x26, 0x8A, 0xF1, 0x3B, 0x42,
    0x34, 0x93, 0x4E, 0xB4, 0x0D, 0x02, 0x13, 0xC6, 0xD2, 0xAA, 0x2B, 0xCB, 0x8E, 0xBA, 0xE2, 0xAA,
    0x7A, 0xDA, 0x58, 0x55, 0x47, 0xA9, 0x9A, 0x39, 0x8A, 0xCE, 0xAB, 0xFA, 0xAE, 0xE7, 0x26, 0x7A,
    0x1B, 0x8E, 0x81, 0x78, 0xC2, 0x38, 0x9C, 0xBA, 0xF3, 0x8F, 0x07, 0x75, 0xC1, 0xCC, 0x87, 0x63,
    0xDC, 0xC1, 0x12, 0xFD, 0xE3, 0x94, 0x58, 0x68, 0xF5, 0x2B, 0x87, 0x06, 0xEA, 0xB4, 0x9A, 0x73,
    0xC0, 0xFC, 0x1E, 0xCB, 0x79, 0xD5, 0x3F, 0xA1, 0x55, 0x03, 0xCB, 0xFF, 0xA2, 0xFE, 0x36, 0x50,
    0x8C, 0xD4, 0x0E, 0x74, 0x42, 0xD3, 0xA9, 0x06, 0x03, 0x20, 0xB3, 0x94, 0xEC, 0x4A, 0xD9, 0xA4,
    0xBD, 0x87, 0xF4, 0x89, 0xC3, 0xD8, 0xCC, 0x6D, 0xB3, 0xFF, 0x68, 0x52, 0xC7, 0x4F, 0x4C, 0x24,
    0x96, 0x99, 0x13, 0x52, 0x4B, 0x4D, 0xAD, 0x62, 0x30, 0x64, 0x15, 0x65, 0x65, 0xAA, 0x5C, 0x97,
    0xD6, 0x34, 0xE7, 0x21, 0xB7, 0xAD, 0xBD, 0x00, 0x59, 0x77, 0xA7, 0x3B, 0x84, 0xF4, 0x27, 0x3F,
    0xEA, 0xDF, 0xD0, 0x75, 0x7E, 0xE5, 0x83, 0xDE, 0xCB, 0xCF, 0x7E, 0xF7, 0x9E, 0x85, 0x48, 0x62,
    0x01, 0x98, 0x99, 0x55, 0x26, 0x06, 0x0D, 0x02, 0xD1, 0x33, 0xED, 0xD2, 0x6C, 0xEC, 0x04, 0xB2,
    0x8F, 0x68, 0x44, 0x04, 0xEA, 0xE3, 0xFB, 0x2D, 0x5C, 0xC9, 0x5C, 0x0E, 0xDF, 0xCE, 0x5C, 0xB6,
    0xDF, 0x47, 0x29, 0xD2, 0x78, 0xDE, 0x5D, 0x8D, 0x7A, 0x24, 0x5A, 0x94, 0xD4, 0x81, 0xA6, 0x09,
    0xB4, 0xCA, 0x52, 0xA9, 0xED, 0xB3, 0xE3, 0xF5, 0xB6, 0x7F, 0xA4, 0x39, 0xB1, 0x5A, 0xB2, 0x54,
    0x3C, 0xF9, 0x02, 0x60, 0x26, 0x20, 0x51, 0xF0, 0x89, 0x30, 0x22, 0xF0, 0xE5, 0xE5, 0xC6, 0x27,
    0xF5, 0x0B, 0x4F, 0xFA, 0xE5, 0x86, 0x34, 0x4C, 0xBA, 0xDA, 0x9A, 0xB4, 0x79, 0xA4, 0x3B, 0xEC,
    0xBE, 0x95, 0x39, 0xF0, 0x5D, 0x2A, 0x23, 0x32, 0xEE, 0xED, 0x32, 0x17, 0xF2, 0xD8, 0x95, 0x7C,
    0x9F, 0xF6, 0xF5, 0x59, 0xED, 0x49, 0x46, 0x44, 0xA3, 0x43, 0xD3, 0x45, 0xD5, 0xC2, 0x6E, 0xD4,
    0x54, 0x7C, 0x49, 0xB5, 0x06, 0x54, 0xDB, 0xAD, 0x2E, 0xEC, 0xEB, 0x7C, 0xB4, 0x1C, 0xBD, 0xE0,
    0x55, 0x34, 0xC4, 0xF5, 0xF3, 0xD7, 0x97, 0xA3, 0xA3, 0x07, 0xFA, 0xA9, 0xCA, 0x2F, 0x8C, 0x53,
    0x57, 0x1B, 0x35, 0x4D, 0x50, 0x75, 0x65, 0xA4, 0xAA, 0xDB, 0x5F, 0xED, 0x4A, 0x67, 0x6A, 0x2E,
    0xCB, 0xF5, 0x48, 0x64, 0x0A, 0x76, 0x97, 0xD2, 0x03, 0xEC, 0xE7, 0xCF, 0x46, 0x5C, 0xD4, 0x8E,
    0x7C, 0x45, 0xAE, 0x67, 0xA7, 0x6D, 0x15, 0xCD, 0x94, 0x4D, 0x69, 0x99, 0x30, 0xE4, 0x2A, 0x6B,
    0xF2, 0xC6, 0xCB, 0x0C, 0x9C, 0xC9, 0xCE, 0x81, 0xEA, 0x15, 0x75, 0xA1, 0x0C, 0xBB, 0x83, 0x0F,
    0xF4, 0x6C, 0x83, 0xA8, 0x23, 0xAC, 0x0E, 0xDD, 0xA5, 0x9A, 0xD8, 0x6A, 0x60, 0xE8, 0xB4, 0x12,
    0x3A, 0xF1, 0x58, 0x75, 0xF6, 0xC6, 0x95, 0x77, 0xCA, 0xA2, 0x57, 0x1A, 0xA7, 0xFC, 0xCE, 0xA0,
    0xFC, 0x9B, 0x49, 0xE9, 0xB4, 0x7F, 0xD4, 0xAF, 0x81, 0xC4, 0xD6, 0x81, 0xA6, 0x82, 0xEC, 0xD5,
    0x95, 0x85, 0x5C, 0xC4, 0xB3, 0xA8, 0x5F, 0xEB, 0xE1, 0x42, 0xF9, 0x3D, 0x07, 0x87, 0xE5, 0x2B,
    0x03, 0x5C, 0x29, 0xBF, 0x3B, 0xC1, 0x50, 0x5E, 0xF3, 0x74, 0x65, 0xB3, 0x10, 0xF7, 0x65, 0xD3,
    0x92, 0x58, 0xFD, 0x0E, 0x23, 0x55, 0x36, 0xB9, 0xD2, 0xD6, 0xB7, 0xCB, 0x6B, 0xED, 0x20, 0x53,
    0xF9, 0x8A, 0x4C, 0x70, 0x02, 0x20, 0x40, 0x2C, 0x15, 0x24, 0xEF, 0x58, 0x48, 0xFF, 0xD4, 0x23,
    0x4F, 0xC3, 0x77, 0x07, 0x0E, 0x9E, 0x8E, 0x07, 0x30, 0xDA, 0xF7, 0xEF, 0x97, 0x19, 0x3E, 0x18,
    0xD7, 0x44, 0xEF, 0x8E, 0x86, 0xE4, 0xCD, 0xB1, 0x6C, 0xD2, 0x6B, 0x63, 0x61, 0xB3, 0x8B, 0x63,
    0xDE, 0xE5, 0xD1, 0x98, 0xBB, 0xDA, 0x1F, 0x9B, 0xE4, 0xCD, 0xD1, 0x2C, 0xBA, 0x0A, 0x3C, 0x03,
    0x21, 0x7C, 0x30, 0xBB, 0x78, 0x6E, 0x1B, 0x88, 0xB5, 0x21, 0x76, 0xD3, 0x88, 0xEE, 0x74, 0x9B,
    0x46, 0xFC, 0x23, 0xB7, 0x69, 0x24, 0x6F, 0x6F, 0x1B, 0xE9, 0xF3, 0xE3, 0xA6, 0x91, 0x47, 0x1E,
    0xDA, 0x28, 0x98, 0x43, 0x1C, 0x1D, 0x7D, 0xEB, 0x48, 0x03, 0x48, 0x42, 0xD9, 0x1C, 0xF9, 0xBB,
    0xA5, 0x6E, 0x42, 0x9F, 0xE1, 0xA4, 0xB4, 0xA1, 0xE1, 0x4E, 0xF2, 0x4E, 0x1B, 0x71, 0x7F, 0x92,
    0xF7, 0xDA, 0x48, 0xEC, 0x49, 0xEA, 0xB4, 0x91, 0xDA, 0x93, 0x64, 0xD0, 0x46, 0x56, 0x9D, 0x78,
    0x6A, 0x20, 0x71, 0x12, 0x85, 0x46, 0xC1, 0x09, 0x8B, 0x9A, 0x6A, 0x7C, 0x43, 0xB8, 0x2C, 0x7F,
    0x26, 0xD7, 0x4F, 0xCE, 0x49, 0xD7, 0xCA, 0x87, 0xE2, 0xC7, 0x11, 0x67, 0xC4, 0xB1, 0x46, 0xC3,
    0x08, 0x81, 0x68, 0xDE, 0x3C, 0xAA, 0xA7, 0x8D, 0xE7, 0x26, 0xEF, 0xBB, 0x4E, 0x45, 0xBD, 0xE7,
    0xE5, 0xF1, 0xC4, 0xA9, 0x5C, 0x88, 0xC7, 0x4D, 0x18, 0x4D, 0x1A, 0x46, 0xF7, 0xD5, 0x8B, 0x13,
    0x6E, 0xAC, 0xBD, 0x44, 0xFD, 0x68, 0xBC, 0x24, 0xD6, 0xFB, 0xD2, 0x4B, 0x33, 0x6A, 0x30, 0x66,
    0xD5, 0xA8, 0xEF, 0x53, 0xB9, 0x17, 0x77, 0x30, 0xD5, 0xFE, 0xDC, 0x6C, 0x26, 0xE9, 0xBC, 0x57,
    0xC3, 0x28, 0x03, 0x3B, 0x69, 0x8F, 0x8E, 0x5E, 0x74, 0x68, 0xD4, 0xA5, 0x1A, 0x13, 0x96, 0x5C,
    0xC3, 0xC4, 0xF1, 0x1C, 0x90, 0x8C, 0xDC, 0x02, 0x98, 0x23, 0xA7, 0x52, 0x27, 0x9D, 0x4A, 0xF9,
    0x4E, 0xA3, 0x92, 0x8B, 0x32, 0x15, 0x99, 0x41, 0x93, 0x67, 0x5D, 0x16, 0xA3, 0x4B, 0x09, 0x75,
    0x34, 0xE6, 0x3D, 0xB4, 0xD1, 0x98, 0x39, 0x58, 0xA2, 0x31, 0x75, 0x44, 0x53, 0x34, 0xAA, 0xC7,
    0xBC, 0x6C, 0x7E, 0xD5, 0x18, 0xA3, 0x90, 0x58, 0x8C, 0xCC, 0x64, 0x2E, 0x6C, 0xD8, 0x95, 0xFE,
    0xB8, 0x51, 0x77, 0x4B, 0x55, 0x4B, 0x7F, 0xE0, 0x22, 0xF1, 0x85, 0x0D, 0x59, 0xC3, 0x4B, 0xC1,
    0xC8, 0x01, 0x72, 0xAB, 0x76, 0x24, 0x2E, 0x6F, 0x20, 0x9A, 0x34, 0x3E, 0x58, 0xAB, 0x99, 0x99,
    0x84, 0x2C, 0xFD, 0xB5, 0x7F, 0x19, 0x61, 0xCE, 0xED, 0x8C, 0xBF, 0x7D, 0xBB, 0x26, 0xF6, 0xFE,
    0x30, 0x24, 0x83, 0x67, 0x95, 0x39, 0x1F, 0xBF, 0x36, 0xEF, 0x7D, 0xA8, 0x75, 0xB5, 0x5D, 0x0D,
    0xD9, 0xB8, 0x20, 0x73, 0x3C, 0xB7, 0xE2, 0x52, 0xF1, 0xC5, 0x6A, 0xA8, 0x6D, 0x5B, 0xC9, 0xA4,
    0x49, 0xE3, 0xD1, 0xE5, 0x10, 0x12, 0x1A, 0x3D, 0x25, 0xDA, 0x52, 0x53, 0xAE, 0x86, 0x56, 0x30,
    0x27, 0xB4, 0xD4, 0xA4, 0x7E, 0x1B, 0x70, 0x2E, 0xB3, 0xDB, 0x60, 0x1C, 0x0B, 0x36, 0x2D, 0xE6,
    0x43, 0x36, 0x11, 0x76, 0x54, 0x8F, 0x9C, 0x05, 0x5D, 0xBF, 0x39, 0x26, 0xAF, 0xFD, 0xFB, 0x44,
    0x98, 0x63, 0xCE, 0xBB, 0x16, 0x42, 0x34, 0x79, 0xF3, 0xB4, 0xA5, 0x66, 0x77, 0x26, 0x58, 0x90,
    0xBA, 0xBC, 0xDB, 0x44, 0x65, 0xE6, 0x5B, 0x45, 0x68, 0x6D, 0x6E, 0x44, 0x5B, 0xAA, 0xB9, 0xD3,
    0x96, 0x7E, 0x71, 0x98, 0xBA, 0x10, 0x7E, 0x4D, 0xAE, 0x59, 0x9F, 0xC6, 0x5F, 0x54, 0x9F, 0xC6,
    0x4B, 0xD5, 0xCA, 0xBD, 0x31, 0x16, 0xA1, 0xB6, 0x46, 0x3E, 0x08, 0x7E, 0xFD, 0x8A, 0x3F, 0xA7,
    0x1A, 0xCD, 0x5B, 0x0F, 0x4F, 0xE1, 0xA6, 0x54, 0xF5, 0x96, 0x54, 0x13, 0x97, 0x35, 0xAA, 0xD1,
    0x58, 0xA2, 0xCA, 0xFA, 0x2A, 0x20, 0x5A, 0x1A, 0x0D, 0x45, 0x79, 0xFF, 0x4E, 0xE8, 0xBF, 0x64,
    0x76, 0x52, 0x9D, 0x32, 0xBB, 0xF6, 0x1A, 0x8F, 0x99, 0x0D, 0x51, 0x39, 0x78, 0x6D, 0x98, 0xD4,
    0x2F, 0x85, 0x8D, 0xA6, 0x60, 0x72, 0xAF, 0x11, 0xB9, 0x1A, 0xD3, 0xD1, 0x4C, 0xEA, 0xFF, 0x68,
    0x06, 0x2A, 0xE2, 0x5E, 0xA3, 0xE5, 0xA6, 0xD1, 0xBD, 0x7E, 0x13, 0x28, 0x9C, 0xBA, 0x6A, 0x81,
    0xF2, 0x7E, 0xDB, 0x53, 0x57, 0xE9, 0xC8, 0xA2, 0x77, 0x38, 0xC1, 0xCC, 0x2D, 0xC5, 0xAF, 0x2B,
    0x34, 0x08, 0x42, 0xAC, 0xEE, 0xF2, 0xD0, 0xBA, 0x82, 0x10, 0x94, 0x37, 0xDA, 0x4E, 0x8F, 0xE9,
    0x89, 0x30, 0x05, 0xA2, 0x68, 0x7F, 0x1E, 0x12, 0x96, 0x06, 0x38, 0x18, 0x89, 0x56, 0xD2, 0x51,
    0xC8, 0x7F, 0x40, 0x7D, 0x7D, 0x77, 0x7E, 0x81, 0x27, 0x68, 0x39, 0x10, 0xCC, 0x7B, 0x22, 0x55,
    0x26, 0xA7, 0xAB, 0xCA, 0x4F, 0xFC, 0x38, 0x5A, 0x72, 0xCD, 0xE5, 0xBB, 0xB6, 0x89, 0xEE, 0x6A,
    0xB8, 0x5B, 0x52, 0x19, 0x28, 0xFF, 0x4D, 0xA8, 0x31, 0x8D, 0xBE, 0xDE, 0x5C, 0xF0, 0x15, 0x8A,
    0x06, 0x0C, 0x1C, 0xCD, 0x24, 0xE2, 0x88, 0x6E, 0x2C, 0x40, 0xD9, 0x40, 0xDE, 0xED, 0x55, 0x0B,
    0xA6, 0xE1, 0x8B, 0x0B, 0x85, 0xDC, 0xA6, 0xBE, 0x04, 0x13, 0x5A, 0xA3, 0x6A, 0xA2, 0x75, 0xF5,
    0xB1, 0x0C, 0xD9, 0xF2, 0x07, 0x0E, 0xA8, 0xEA, 0x21, 0x93, 0xBE, 0x9C, 0x56, 0x63, 0x26, 0xD7,
    0xCB, 0x31, 0x51, 0xA7, 0x94, 0xD6, 0xCB, 0x9A, 0xB2, 0xF9, 0xA5, 0x62, 0x9A, 0x38, 0x48, 0x15,
    0x4F, 0x41, 0xA2, 0x20, 0x30, 0x7B, 0x69, 0xA1, 0xDD, 0xE6, 0xCB, 0xDD, 0x3A, 0x1D, 0x21, 0x93,
    0xB0, 0xA3, 0xF8, 0x43, 0xF9, 0x2B, 0xB4, 0xAC, 0xF9, 0x78, 0x91, 0xC0, 0xDF, 0x90, 0x3F, 0x57,
    0x31, 0x32, 0xAA, 0x50, 0x29, 0xA2, 0xFE, 0xD1, 0x58, 0x8F, 0x51, 0xFF, 0x1C, 0xA5, 0x67, 0x5D,
    0xC5, 0x9E, 0xA5, 0x8D, 0x3C, 0xF3, 0xC0, 0x34, 0x30, 0xD9, 0xB0, 0x53, 0xC6, 0xFB, 0xDC, 0x9D,
    0x9D, 0x76, 0x4C, 0x1B, 0x3C, 0x73, 0x90, 0xA8, 0x7F, 0x06, 0xEA, 0x77, 0x7F, 0x32, 0x41, 0x21,
    0x12, 0x22, 0x4A, 0x2A, 0xE0, 0xDC, 0x66, 0xDE, 0x47, 0x66, 0x28, 0xB1, 0xCC, 0x84, 0x70, 0xEC,
    0x40, 0x48, 0x87, 0x10, 0x74, 0x33, 0xA9, 0x83, 0x9A, 0xBC, 0x07, 0xD3, 0xE8, 0x7A, 0x97, 0xB6,
    0xF4, 0x2C, 0x3A, 0xE3, 0x99, 0x77, 0xE6, 0xDA, 0x25, 0x7F, 0xCE, 0xB4, 0x8B, 0xA6, 0xD9, 0xF7,
    0xDB, 0xBB, 0xB5, 0x33, 0x4D, 0x26, 0xE2, 0xC9, 0x37, 0x73, 0xA5, 0x9E, 0xB5, 0xCA, 0x52, 0xD9,
    0x85, 0x88, 0xB1, 0x9B, 0xD1, 0x32, 0x1D, 0x79, 0x3B, 0x0B, 0x4B, 0x68, 0x98, 0xFF, 0xD4, 0xD9,
    0x53, 0x59, 0xCE, 0xD2, 0x81, 0x50, 0x56, 0xE1, 0x17, 0xB2, 0xE3, 0x9E, 0xD4, 0x85, 0x6F, 0xBD,
    0xD1, 0xE4, 0x84, 0x97, 0x31, 0x15, 0x06, 0x83, 0xE2, 0x5B, 0x95, 0xA9, 0x8C, 0xF8, 0xC4, 0xC5,
    0x5C, 0x14, 0xA9, 0x0C, 0x8F, 0x19, 0x0F, 0x4C, 0xE8, 0xA2, 0x9D, 0xEB, 0xCD, 0x65, 0x59, 0xAF,
    0x4F, 0xA0, 0xE5, 0xF2, 0xFE, 0x2F, 0x64, 0x22, 0x96, 0x78, 0xD4, 0x04, 0x37, 0x9F, 0x32, 0x35,
    0xE2, 0x56, 0x32, 0xC0, 0xD5, 0x60, 0xD0, 0xCD, 0xB0, 0xFF, 0x1C, 0xCC, 0x44, 0x9E, 0x0B, 0x71,
    0x17, 0x8C, 0xD6, 0x80, 0xAE, 0x94, 0x65, 0x93, 0x36, 0xE1, 0x96, 0xD0, 0xDB, 0x53, 0x66, 0xFD,
    0x79, 0x20, 0x75, 0x17, 0xD8, 0xBE, 0x7E, 0x12, 0x8F, 0xCF, 0x86, 0x8D, 0xAC, 0x19, 0x3F, 0xF3,
    0x1B, 0xCA, 0xB5, 0x53, 0x9A, 0x3E, 0xD0, 0x2A, 0xCB, 0xC0, 0xBC, 0x81, 0xFF, 0x05, 0xBD, 0x98,
    0x3F, 0xB0, 0x1D, 0xD7, 0x5D, 0xC7, 0x3F, 0x67, 0xD7, 0xD1, 0x0E, 0x59, 0x92, 0x4D, 0x61, 0x43,
    0x06, 0x61, 0x5D, 0x8A, 0x34, 0xB1, 0x23, 0x6F, 0x93, 0x42, 0x30, 0x4F, 0x3A, 0x0B, 0x2E, 0x5D,
    0xA0, 0x02, 0xD1, 0xB8, 0x50, 0x4A, 0x68, 0x78, 0x8D, 0x66, 0x10, 0x19, 0x59, 0x77, 0x07, 0x06,
    0xCA, 0xE4, 0x15, 0xEE, 0x68, 0x54, 0x50, 0x30, 0xCF, 0x85, 0x54, 0xA8, 0x70, 0xF1, 0xA2, 0xDD,
    0x8C, 0x0B, 0x3A, 0xD8, 0x61, 0x26, 0x43, 0xBB, 0x80, 0x42, 0x11, 0xC3, 0xE4, 0x64, 0x72, 0x03,
    0x2B, 0x79, 0x77, 0x7F, 0x9C, 0xEF, 0xEC, 0xBE, 0xEB, 0x27, 0xF9, 0x59, 0x9E, 0xC4, 0x98, 0x33,
    0xF7, 0x7E, 0xBE, 0xBF, 0xB7, 0xBB, 0xE7, 0xCF, 0xEF, 0xCF, 0x9E, 0x7B, 0x24, 0xD4, 0x1A, 0xAB,
    0xDC, 0xB4, 0x9D, 0xAB, 0xCC, 0x8A, 0x40, 0xF1, 0xBD, 0x2C, 0x70, 0x89, 0x74, 0xC7, 0x01, 0xC9,
    0x10, 0xC1, 0xC8, 0x6D, 0x98, 0x78, 0x08, 0x0D, 0x01, 0xBC, 0xEB, 0x23, 0xFE, 0xB2, 0x83, 0xCD,
    0x07, 0x2D, 0x14, 0x1F, 0xD4, 0x90, 0xFF, 0x4B, 0x05, 0xD9, 0x47, 0x40, 0x6A, 0x40, 0x32, 0x81,
    0xFA, 0xC1, 0x37, 0x2F, 0x1C, 0x01, 0xFE, 0xCD, 0x00, 0x14, 0x3F, 0xD4, 0x95, 0xAC, 0x7B, 0x07,
    0x70, 0x61, 0x03, 0x70, 0x2B, 0xAB, 0x38, 0xDB, 0xCC, 0x5A, 0x92, 0xA1, 0x99, 0x6B, 0x8A, 0x31,
    0x1F, 0xC0, 0x9F, 0xA4, 0x3B, 0xB8, 0x43, 0x3A, 0xC0, 0xFB, 0xB8, 0x11, 0x02, 0x4C, 0xB8, 0xC8,
    0x99, 0xA4, 0x83, 0x2D, 0x69, 0x0B, 0xBE, 0x12, 0xCB, 0x3A, 0xAB, 0x61, 0xD3, 0x16, 0x9A, 0xAB,
    0x13, 0xF3, 0xFE, 0x92, 0x66, 0x0C, 0x97, 0x81, 0x74, 0x77, 0x00, 0x24, 0xC3, 0x15, 0xC0, 0x8D,
    0xB7, 0x00, 0xA6, 0x07, 0xE2, 0xA3, 0x20, 0xFA, 0x1E, 0xB1, 0x15, 0x4B, 0x91, 0xA2, 0x86, 0x0B,
    0x47, 0x7F, 0x0A, 0x69, 0xD8, 0x82, 0x1B, 0xCA, 0x1A, 0x4E, 0x72, 0xCD, 0x93, 0xF4, 0x90, 0x57,
    0xEA, 0x0C, 0x7C, 0xC1, 0x11, 0x3C, 0xDB, 0x2E, 0xD8, 0x8E, 0xB5, 0xF9, 0xA7, 0x56, 0xAD, 0xE6,
    0xCC, 0xA6, 0x93, 0xA2, 0x28, 0xA5, 0x61, 0x31, 0xF3, 0x40, 0xB2, 0xF6, 0x2E, 0x3A, 0xD0, 0x68,
    0x28, 0x36, 0x30, 0x97, 0xD6, 0x79, 0x93, 0x8F, 0x34, 0x17, 0xAD, 0x2E, 0x67, 0x39, 0xCD, 0x36,
    0x99, 0xD4, 0xD7, 0xD7, 0xD1, 0xAC, 0x26, 0x92, 0x5E, 0x26, 0xBE, 0x7A, 0x44, 0xDA, 0xAD, 0xA6,
    0x42, 0xBD, 0x9A, 0xBE, 0xCA, 0xEB, 0xD5, 0x54, 0xB8, 0xD7, 0x6E, 0x45, 0xBB, 0x61, 0x19, 0x8C,
    0xBC, 0xBF, 0xCC, 0x32, 0x05, 0x69, 0x38, 0x58, 0x27, 0x26, 0xD9, 0xDD, 0x3E, 0x5D, 0x8E, 0x1B,
    0x1F, 0x6A, 0x91, 0x51, 0x61, 0x0C, 0xCA, 0x8E, 0x3E, 0xDC, 0xED, 0xC1, 0x4D, 0x14, 0x8A, 0x4F,
    0x47, 0xC4, 0x7F, 0x34, 0xD5, 0x9A, 0x8F, 0xDC, 0x86, 0x35, 0x29, 0xF0, 0x0A, 0x32, 0xD9, 0xB7,
    0x92, 0x7D, 0xBB, 0xCA, 0xBE, 0x9D, 0xEC, 0x2D, 0xB7, 0x13, 0xD7, 0xC0, 0x7C, 0x1C, 0xCD, 0x7A,
    0x7F, 0xF1, 0x09, 0xCF, 0xB4, 0x43, 0x7B, 0xD3, 0xC6, 0xD4, 0xFA, 0x64, 0xBE, 0xFF, 0x6F, 0x36,
    0x24, 0xD6, 0x65, 0x21, 0x19, 0x7C, 0x8B, 0xA7, 0x68, 0x99, 0xA2, 0x33, 0x57, 0x29, 0x6B, 0xEE,
    0x46, 0x57, 0x0E, 0xF0, 0x15, 0x3E, 0xEF, 0xB9, 0x8D, 0x07, 0x9F, 0x06, 0x76, 0xC8, 0xF8, 0x83,
    0x81, 0x80, 0x8C, 0xDF, 0x1F, 0x15, 0x4B, 0x45, 0x6A, 0x52, 0xF8, 0x64, 0x6C, 0x57, 0x03, 0x9F,
    0x57, 0xA8, 0x3B, 0xE5, 0x1F, 0xA2, 0x01, 0xB7, 0x14, 0xFF, 0x08, 0x9A, 0x82, 0xFC, 0xBF, 0x54,
    0xBD, 0x6E, 0x24, 0x1B, 0x21, 0x99, 0x6F, 0x06, 0x25, 0x17, 0xB6, 0x56, 0x2F, 0xCE, 0xB8, 0xEB,
    0x90, 0x9C, 0xBA, 0x92, 0xF6, 0xAB, 0x91, 0xB5, 0xE2, 0x1A, 0xA6, 0x67, 0x23, 0x33, 0x9F, 0xBA,
    0x36, 0xAC, 0xC6, 0xEA, 0xFD, 0x85, 0x4E, 0x2C, 0x02, 0xE0, 0x9A, 0xB9, 0x82, 0x8D, 0xA9, 0xCA,
    0x9A, 0xEF, 0xFF, 0x6C, 0x26, 0x19, 0x5D, 0xE5, 0xEB, 0x6C, 0xA7, 0xA4, 0x29, 0x25, 0x79, 0x50,
    0xF2, 0xD2, 0x9D, 0xF2, 0x91, 0x0E, 0x5E, 0x1C, 0x95, 0xFA, 0xE4, 0x33, 0xB8, 0x3C, 0xB9, 0xF4,
    0x5A, 0x46, 0x58, 0x46, 0xCB, 0x82, 0x46, 0x56, 0x9D, 0xFA, 0x9A, 0xE6, 0xAD, 0x30, 0x43, 0x69,
    0x4A, 0x73, 0x62, 0x5A, 0x1D, 0xC5, 0x0E, 0x14, 0x06, 0xF6, 0xED, 0x4F, 0x00, 0x37, 0xA3, 0x55,
    0xF6, 0x38, 0xB3, 0x89, 0x6C, 0x37, 0xFA, 0x2A, 0x0E, 0x1A, 0x8B, 0xAF, 0x8D, 0x8F, 0xFA, 0x8A,
    0x34, 0x78, 0x56, 0xEC, 0xCE, 0x41, 0xF0, 0x7A, 0x64, 0x53, 0x93, 0xF5, 0x45, 0x4B, 0x11, 0x53,
    0xFB, 0xBE, 0xAF, 0x9D, 0x99, 0x26, 0xB7, 0xC7, 0xEB, 0xF0, 0xBC, 0xCF, 0x99, 0x96, 0xD8, 0x91,
    0x84, 0xCC, 0x66, 0x19, 0x14, 0xAE, 0x09, 0xD2, 0x5F, 0xCB, 0xFE, 0xE6, 0x9E, 0x14, 0xB9, 0xA3,
    0x96, 0xAC, 0xEA, 0xDA, 0x45, 0xF3, 0x6A, 0xD1, 0xAF, 0x73, 0xB6, 0xE5, 0x56, 0xE5, 0xF2, 0x6F,
    0xDB, 0x74, 0xFE, 0xC3, 0x1D, 0x6E, 0xC8, 0x82, 0x67, 0x24, 0x0D, 0x69, 0xB8, 0xC6, 0x56, 0x69,
    0xEF, 0xBE, 0x85, 0x9C, 0x02, 0x28, 0xE5, 0x97, 0x1C, 0x6E, 0xD7, 0x5D, 0xA9, 0xF3, 0x8B, 0xF6,
    0xBE, 0x3E, 0x57, 0xC3, 0xA7, 0x68, 0x7F, 0xDA, 0xEF, 0x74, 0x1C, 0xA9, 0xC6, 0x5D, 0x76, 0x0F,
    0xDF, 0x16, 0x81, 0x4C, 0x99, 0xC8, 0x86, 0x78, 0x11, 0x23, 0x9D, 0x69, 0x76, 0x11, 0x98, 0x0D,
    0xF1, 0xA3, 0x98, 0x1F, 0x6D, 0x4C, 0x0F, 0x5F, 0x87, 0x3F, 0x02, 0xF8, 0xDA, 0xC7, 0xC1, 0xC9,
    0x15, 0x1A, 0x0A, 0x9A, 0xA0, 0xB0, 0xFC, 0xB5, 0xC2, 0xB2, 0xAC, 0x3F, 0x11, 0xD7, 0x80, 0xE4,
    0xD5, 0x27, 0x83, 0x01, 0x34, 0x21, 0x46, 0x24, 0x7D, 0x3A, 0xFA, 0xBF, 0x8D, 0x19, 0xB9, 0x7A,
    0x35, 0xD9, 0x6D, 0xEA, 0xAB, 0x07, 0xC4, 0xB4, 0x7E, 0xED, 0xA5, 0x48, 0x80, 0x49, 0xE4, 0xD1,
    0xC2, 0xED, 0x19, 0xFA, 0x8F, 0xF9, 0x03, 0x91, 0xA9, 0xAC, 0x80, 0x71, 0xD3, 0xBA, 0xD6, 0x0D,
    0x31, 0xB9, 0x7D, 0x8C, 0xEA, 0xDC, 0xCC, 0xF7, 0x3B, 0x9A, 0xB1, 0xB4, 0x8A, 0x2F, 0x55, 0x5C,
    0x7F, 0x26, 0x15, 0x36, 0x4B, 0xD3, 0x1F, 0xFD, 0xE2, 0x8E, 0x34, 0xA9, 0xEE, 0x7D, 0x62, 0x79,
    0x90, 0x0F, 0xA4, 0x83, 0x22, 0x39, 0x93, 0x8E, 0x6C, 0x86, 0xEF, 0x1A, 0x6E, 0xD2, 0x9B, 0xD9,
    0xD4, 0x18, 0x8C, 0xF8, 0x96, 0x06, 0x4E, 0x28, 0x3B, 0xB6, 0x15, 0x77, 0x54, 0x0F, 0xBE, 0x95,
    0x06, 0x4A, 0x69, 0x1E, 0xD8, 0x74, 0x51, 0xD3, 0x9D, 0x6E, 0xBD, 0xAF, 0xD1, 0xCA, 0xC0, 0x8E,
    0x64, 0xC4, 0x07, 0xB4, 0x0B, 0xF2, 0xE7, 0x3B, 0x17, 0x60, 0xE2, 0xE7, 0x83, 0x22, 0x36, 0xBB,
    0x7F, 0x1E, 0xD3, 0x16, 0x9A, 0xF4, 0x87, 0x63, 0xA6, 0x52, 0xC9, 0xAA, 0xA9, 0x00, 0xFC, 0x5B,
    0xCC, 0x97, 0xA4, 0xDF, 0xA3, 0x39, 0x00, 0xCA, 0xFF, 0x64, 0x7B, 0x4B, 0x59, 0x1C, 0xD8, 0x06,
    0xD0, 0x84, 0xBE, 0x83, 0x75, 0x01, 0x90, 0xB7, 0x94, 0x80, 0x3B, 0x3E, 0x3E, 0xAE, 0x94, 0x2A,
    0xB3, 0x28, 0xF4, 0x07, 0x1A, 0x8B, 0xEA, 0xE5, 0x2F, 0xF1, 0x5C, 0x2B, 0xEB, 0xAC, 0x8F, 0xB0,
    0x18, 0x36, 0x7C, 0x9B, 0x87, 0x64, 0x47, 0xD1, 0x26, 0x83, 0xF6, 0xA1, 0x8E, 0x51, 0x45, 0xDA,
    0x32, 0xF1, 0x03, 0xB2, 0x96, 0x2D, 0x5B, 0x89, 0xC7, 0x2B, 0xAF, 0x65, 0xE5, 0xAB, 0x42, 0xD5,
    0xE4, 0xEB, 0x4B, 0xC4, 0x3E, 0x4D, 0x7B, 0x19, 0xF2, 0xEE, 0xC3, 0xEE, 0x00, 0xB2, 0x7F, 0xFD,
    0x87, 0xFE, 0x01, 0xA4, 0x3F, 0xFF, 0xAB, 0x9F, 0xF5, 0x51, 0x3E, 0x7A, 0xF3, 0x7F, 0x5A, 0x70,
    0x96, 0x18, 0xC8, 0xE3, 0xF5, 0x97, 0x6E, 0xC7, 0xDA, 0x9C, 0x52, 0xB2, 0x79, 0xDA, 0x74, 0x34,
    0x55, 0x11, 0x92, 0x91, 0x74, 0x97, 0x06, 0xD2, 0x10, 0x7D, 0x4A, 0x3A, 0x15, 0x95, 0x62, 0x0A,
    0x5E, 0xF0, 0xF5, 0x0B, 0xD1, 0xAE, 0x0F, 0x2B, 0xFA, 0xEB, 0x26, 0xA7, 0xDD, 0x4C, 0x59, 0x04,
    0xAC, 0x7E, 0x09, 0xBC, 0x0D, 0x90, 0x09, 0x64, 0x42, 0x72, 0x0E, 0xF4, 0x38, 0x87, 0xAA, 0x73,
    0xB3, 0x80, 0xDA, 0x76, 0x26, 0x99, 0x0F, 0xBB, 0xBC, 0xCF, 0x43, 0xD1, 0xA6, 0xA1, 0xAC, 0xD3,
    0xDE, 0x57, 0x0E, 0x0F, 0xE7, 0x7F, 0xD7, 0x1F, 0x31, 0xAD, 0x3E, 0xDF, 0x39, 0x25, 0x02, 0xB6,
    0x06, 0x6E, 0x0B, 0x9F, 0xDE, 0x6B, 0xFF, 0xB6, 0x5C, 0x83, 0x97, 0x38, 0x81, 0x4D, 0x35, 0x40,
    0xF9, 0xEF, 0x41, 0x2B, 0x96, 0x47, 0x5B, 0x61, 0x33, 0x02, 0xBE, 0xD1, 0xE9, 0x64, 0xD3, 0x7D,
    0x9D, 0xC1, 0xD5, 0x3A, 0x6E, 0x51, 0x7E, 0xD4, 0x29, 0xE3, 0xED, 0xE9, 0x63, 0x5E, 0x71, 0x3E,
    0x69, 0x6A, 0xDC, 0x50, 0xD4, 0xA4, 0xC1, 0xA1, 0x9C, 0x42, 0xD2, 0xB2, 0x6F, 0x97, 0x78, 0xE5,
    0xC6, 0x16, 0x33, 0x63, 0xBE, 0x71, 0x63, 0xDD, 0x03, 0xAF, 0xC3, 0xC5, 0x99, 0xD7, 0xCD, 0x6A,
    0xFF, 0x24, 0x69, 0xBF, 0x89, 0xAB, 0xAF, 0xCE, 0xC3, 0xC3, 0x6B, 0x17, 0xEE, 0x34, 0xE5, 0xA5,
    0x93, 0x23, 0x2A, 0xC8, 0xE7, 0x8A, 0xD2, 0x9E, 0x56, 0x07, 0x17, 0xAC, 0xFD, 0x06, 0xBF, 0x55,
    0xB3, 0xFE, 0x3E, 0xAD, 0x6D, 0x33, 0xEF, 0x4D, 0x6F, 0x35, 0x6B, 0xBB, 0x95, 0xEE, 0xE7, 0xFD,
    0x8E, 0xAB, 0x79, 0xAE, 0xA9, 0xBB, 0xB8, 0xEF, 0x5E, 0x18, 0xEA, 0x5E, 0x89, 0xF2, 0xE9, 0xA1,
    0xBA, 0x73, 0x45, 0xEF, 0xCA, 0x3D, 0x75, 0xE7, 0x77, 0x38, 0xE2, 0xF3, 0xB7, 0x7C, 0x5A, 0x75,
    0x5E, 0x27, 0x83, 0xD2, 0xEA, 0xBF, 0x58, 0x7F, 0x57, 0xAF, 0x66, 0xED, 0x03, 0xD7, 0x2D, 0xCB,
    0x97, 0x7E, 0xEE, 0xE6, 0xDE, 0x45, 0xFC, 0x3B, 0x4D, 0xF3, 0xB1, 0x9B, 0x5B, 0xE5, 0x12, 0x7F,
    0xBF, 0x85, 0x07, 0x1F, 0xBB, 0x79, 0xFD, 0xD3, 0xDC, 0x4C, 0xD4, 0x7D, 0x0D, 0xB5, 0xED, 0xCD,
    0x6B, 0xF7, 0xEB, 0xD5, 0x5A, 0x07, 0x59, 0x93, 0x59, 0xB1, 0xBF, 0xBC, 0x2A, 0x2E, 0xEC, 0x87,
    0x0A, 0x3C, 0x77, 0xA4, 0x58, 0x8B, 0x04, 0x52, 0x28, 0x96, 0x61, 0xF2, 0x5A, 0xD6, 0x7A, 0xEB,
    0xCB, 0x35, 0xEE, 0x04, 0xD2, 0xC0, 0x5A, 0x89, 0x6E, 0x90, 0x65, 0xEA, 0xA4, 0x58, 0x3A, 0x43,
    0x7B, 0xB3, 0x70, 0x4B, 0xF8, 0x36, 0xBF, 0x6A, 0x9B, 0x2B, 0x51, 0x63, 0x35, 0x6B, 0x92, 0x9A,
    0xC7, 0x17, 0xE7, 0xD5, 0x9A, 0xB9, 0xBB, 0xFA, 0xD2, 0xF0, 0xF9, 0xDB, 0x6F, 0x0B, 0x97, 0x05,
    0x8D, 0x8A, 0x55, 0xC0, 0x76, 0xA9, 0x0A, 0xA0, 0xAC, 0xC0, 0xF7, 0xB8, 0x7B, 0x0A, 0x03, 0xD7,
    0xE4, 0xFC, 0x1A, 0x24, 0x59, 0x49, 0xBF, 0x8F, 0xDA, 0x1A, 0x2E, 0xC9, 0xD9, 0x43, 0x99, 0xAC,
    0x6A, 0x6F, 0xAD, 0x5A, 0xB9, 0x0A, 0x45, 0x5D, 0x71, 0x47, 0x27, 0x01, 0xC9, 0xB4, 0xD1, 0x5F,
    0x34, 0xF6, 0xDC, 0x2B, 0xA5, 0x4B, 0x21, 0x35, 0xAB, 0x0E, 0xED, 0x5E, 0x62, 0x73, 0x95, 0x8E,
    0xB0, 0x59, 0x0E, 0xFC, 0x45, 0x77, 0x56, 0xFC, 0x22, 0x8D, 0x84, 0xE4, 0xA7, 0x12, 0xF2, 0xEF,
    0x4B, 0xD8, 0x2C, 0x8F, 0xDC, 0x59, 0x24, 0x48, 0xC6, 0xB4, 0x95, 0x8C, 0x45, 0x25, 0x19, 0xAF,
    0x2E, 0xA3, 0xBC, 0x8F, 0x64, 0xEE, 0x91, 0x58, 0xBD, 0xC8, 0x73, 0x13, 0x49, 0x52, 0x49, 0xCF,
    0xDB, 0x76, 0xE4, 0x9A, 0x27, 0xD5, 0xB2, 0xC0, 0x35, 0x2A, 0xED, 0x59, 0xC9, 0xEB, 0xB3, 0x21,
    0xD8, 0x08, 0xE0, 0xF7, 0x87, 0xF7, 0x57, 0xB9, 0xA2, 0xEA, 0x5D, 0x37, 0xC0, 0x47, 0x40, 0xF9,
    0xE1, 0x08, 0xB8, 0x47, 0xCF, 0x16, 0xBE, 0xA2, 0x62, 0xC6, 0xE1, 0x5C, 0x35, 0x33, 0xE9, 0xA0,
    0xA9, 0xD3, 0x9D, 0xD6, 0xB1, 0xA7, 0x17, 0x9D, 0x89, 0xD9, 0x3F, 0x89, 0x9B, 0x42, 0x3C, 0x11,
    0xFF, 0x3B, 0x88, 0x56, 0x8B, 0x33, 0xE2, 0x70, 0xA6, 0xAF, 0x46, 0xD3, 0xC8, 0xDB, 0xA7, 0xCB,
    0x2C, 0x15, 0x40, 0x7E, 0x26, 0x5F, 0x6F, 0x08, 0x1C, 0x08, 0xDC, 0x11, 0x18, 0x04, 0x76, 0xCB,
    0xC1, 0x28, 0x19, 0x3F, 0x89, 0x3F, 0x9E, 0x6E, 0x40, 0xA3, 0xB1, 0x7E, 0x43, 0x96, 0xAE, 0x9D,
    0x0F, 0xB3, 0x9E, 0x64, 0x7A, 0x7B, 0xD6, 0x9F, 0xDB, 0x5A, 0x99, 0x6A, 0x23, 0x8A, 0x5E, 0x08,
    0x7B, 0xF4, 0x0B, 0x74, 0x37, 0x8D, 0xCF, 0x55, 0x37, 0xE7, 0xF7, 0x26, 0x0D, 0x7F, 0xB4, 0xAC,
    0x80, 0xF1, 0x93, 0xF0, 0x66, 0xF0, 0xDA, 0x7C, 0xBC, 0xFE, 0x79, 0x2E, 0x4C, 0x27, 0xE0, 0xF9,
    0xD8, 0x6A, 0xE2, 0xC8, 0x5D, 0x44, 0x1E, 0x22, 0xB2, 0x3D, 0xF2, 0xDE, 0x69, 0xCA, 0x8B, 0xF1,
    0x91, 0xCA, 0x9B, 0x0D, 0x34, 0x3A, 0xF7, 0x1D, 0x9A, 0x8D, 0xCA, 0x7F, 0x53, 0x25, 0x23, 0x65,
    0xAB, 0xA5, 0x75, 0xE7, 0xAF, 0xF9, 0x2B, 0xBA, 0x51, 0xC8, 0xA3, 0xD4, 0xA2, 0x6F, 0xC9, 0x4C,
    0xA2, 0x51, 0x92, 0xF9, 0xF8, 0x8E, 0xFC, 0xBD, 0x24, 0x7C, 0xF9, 0xDC, 0xB8, 0xA4, 0xC2, 0x4D,
    0x7B, 0x57, 0x41, 0x1C, 0x58, 0xDA, 0x76, 0x57, 0x0E, 0x1C, 0xEE, 0xCC, 0xAA, 0xE4, 0xA3, 0xB6,
    0x6C, 0x9D, 0x69, 0x7D, 0x13, 0x69, 0x70, 0xA3, 0x52, 0xBF, 0x22, 0x19, 0xDC, 0xB0, 0x87, 0xFE,
    0x5C, 0x6F, 0xA4, 0x11, 0x53, 0xFA, 0x41, 0x70, 0xE6, 0x3E, 0x8C, 0xA8, 0xAD, 0x73, 0x4F, 0xCC,
    0x6A, 0x37, 0x6C, 0x0D, 0x37, 0xB8, 0xB7, 0xAA, 0xD8, 0x23, 0x6D, 0x23, 0xA8, 0x05, 0x84, 0x65,
    0x2D, 0x17, 0xAD, 0x82, 0xAD, 0xF5, 0xA8, 0xE5, 0x7B, 0x14, 0x42, 0x49, 0x63, 0xAA, 0x4B, 0x21,
    0x5D, 0x57, 0xFF, 0x05, 0xE0, 0xFC, 0x90, 0x7C, 0x07, 0x08, 0xCB, 0x37, 0x09, 0xDE, 0x2C, 0xBC,
    0x3E, 0x1F, 0xDF, 0x73, 0x7A, 0xEC, 0x97, 0xFC, 0xBA, 0x49, 0x5E, 0x1E, 0xE1, 0x6D, 0xA0, 0x34,
    0xB3, 0xFE, 0x62, 0x44, 0xC0, 0x48, 0x03, 0x0D, 0x3C, 0x07, 0xCE, 0x83, 0x37, 0x6B, 0x79, 0xCD,
    0x8E, 0xEB, 0xB3, 0x37, 0x5E, 0x0C, 0x03, 0x7E, 0xD3, 0x7E, 0x0C, 0xA5, 0xCD, 0xA0, 0xFA, 0x7A,
    0x7D, 0x7E, 0x4F, 0xE9, 0x1A, 0x18, 0xB9, 0xCD, 0xC8, 0x15, 0x46, 0x5E, 0x3E, 0x5D, 0xA3, 0xB7,
    0x91, 0xD7, 0xED, 0xEF, 0x3F, 0x73, 0xFD, 0xCA, 0x47, 0xAD, 0x7C, 0xE8, 0x4D, 0x29, 0x54, 0x9D,
    0xE9, 0x19, 0xBC, 0xE8, 0x45, 0x3C, 0x12, 0x26, 0x92, 0xD1, 0xA9, 0x58, 0x29, 0xFB, 0x88, 0x6C,
    0x17, 0x91, 0x8C, 0x11, 0x4C, 0xC2, 0x2C, 0x3C, 0x12, 0x9A, 0x54, 0x50, 0x3E, 0x1A, 0xE5, 0xE3,
    0x11, 0xB0, 0x60, 0xE2, 0x6B, 0x30, 0xB2, 0x5B, 0x8A, 0x30, 0x0B, 0x6E, 0xD2, 0xBB, 0xD5, 0xFC,
    0xC4, 0x2A, 0x36, 0x4A, 0x1C, 0xAF, 0x2C, 0xCE, 0x22, 0x6F, 0x91, 0xBB, 0xC8, 0x5F, 0xE1, 0x0A,
    0xF2, 0xF8, 0xD9, 0x37, 0xB4, 0x16, 0x76, 0x30, 0xBA, 0x39, 0x02, 0x5F, 0xA1, 0x97, 0x0E, 0xF9,
    0x26, 0x74, 0x6E, 0x8A, 0x88, 0xCE, 0x17, 0x5D, 0xF4, 0xBE, 0xE8, 0x80, 0x05, 0xED, 0x82, 0x03,
    0x36, 0x35, 0x27, 0x78, 0x2D, 0xEE, 0x11, 0xF8, 0x0F, 0x07, 0xC8, 0xAC, 0xD6, 0x92, 0x4C, 0x6E,
    0xE2, 0x47, 0x9A, 0xB9, 0x2A, 0x66, 0xAE, 0xDD, 0x25, 0x0F, 0x5C, 0x6B, 0xB8, 0x92, 0x57, 0x59,
    0xE0, 0xE1, 0x57, 0x20, 0x6D, 0xD3, 0xE0, 0x7A, 0xC0, 0x75, 0x69, 0x58, 0x36, 0xF4, 0x90, 0x86,
    0xAC, 0x5A, 0x4E, 0x74, 0xA1, 0x90, 0x72, 0x90, 0x86, 0x57, 0xA5, 0x7C, 0x35, 0x0D, 0x07, 0x52,
    0xF2, 0x37, 0xC3, 0x43, 0x29, 0x17, 0xB5, 0x72, 0x35, 0x25, 0x45, 0xBD, 0x92, 0x29, 0x0D, 0xA5,
    0xC6, 0x49, 0x87, 0xD8, 0x3D, 0xE8, 0x59, 0x0D, 0xA8, 0x87, 0x36, 0x9A, 0x42, 0x3E, 0x7B, 0x4D,
    0x3A, 0x01, 0xDB, 0x6A, 0x29, 0xBF, 0xA5, 0x0E, 0x7D, 0x1D, 0x7B, 0xCB, 0x88, 0xFD, 0x33, 0xED,
    0x4F, 0xC4, 0xFE, 0x87, 0x41, 0x1B, 0x77, 0x36, 0x57, 0x56, 0xCB, 0x1D, 0x6D, 0xFF, 0x4B, 0x2B,
    0x4F, 0x8D, 0xEC, 0xD4, 0x48, 0x4E, 0x0D, 0x77, 0x6A, 0xF0, 0x02, 0xA3, 0xEC, 0x33, 0x1B, 0xDC,
    0x8C, 0x1F, 0x13, 0x7B, 0x9C, 0x5B, 0xFD, 0xCE, 0x9F, 0xE1, 0xAB, 0xCD, 0xCD, 0xFA, 0x1B, 0x79,
    0xE5, 0xA3, 0xC7, 0x0A, 0x8D, 0x47, 0x4E, 0xBA, 0xDE, 0x2B, 0x42, 0xF0, 0xD0, 0x2F, 0x01, 0x7A,
    0xC3, 0xDF, 0x94, 0x38, 0xBD, 0x46, 0xF2, 0xEF, 0xC9, 0xF6, 0xED, 0x11, 0xB9, 0xE7, 0x99, 0x01,
    0x5F, 0x7B, 0xB6, 0x72, 0x0E, 0x8F, 0x6F, 0x61, 0xC6, 0x2B, 0x17, 0x4A, 0x84, 0x1C, 0xCA, 0x06,
    0x7C, 0x15, 0x71, 0x18, 0x9C, 0x3D, 0x4E, 0xEC, 0xC8, 0xEA, 0xB8, 0x0E, 0xB6, 0x61, 0x75, 0x66,
    0xD5, 0x64, 0x55, 0xB7, 0x2A, 0x9F, 0xA1, 0x8D, 0xD5, 0xE4, 0xF3, 0xFD, 0x21, 0xCE, 0x24, 0x9F,
    0x6A, 0x1A, 0x3C, 0xF8, 0xAA, 0x14, 0xBE, 0x24, 0xAC, 0x47, 0x1E, 0xE6, 0xD3, 0xF7, 0x61, 0xD3,
    0x83, 0x37, 0xE0, 0xB5, 0xFB, 0x3B, 0x5D, 0x9B, 0x41, 0x19, 0x39, 0xF3, 0xCF, 0x2C, 0xE1, 0xAA,
    0x70, 0x57, 0x5E, 0x6D, 0x75, 0xD7, 0xB7, 0x6E, 0x66, 0xF3, 0xF4, 0x70, 0x58, 0xFF, 0x4B, 0xE7,
    0xC2, 0x12, 0x19, 0xE1, 0x40, 0xB8, 0x76, 0x8A, 0x2F, 0x4F, 0x40, 0x3E, 0x00, 0x54, 0xAB, 0x6B,
    0xB6, 0xA3, 0xFC, 0xB1, 0x29, 0x2A, 0xF5, 0x5D, 0x36, 0xED, 0xE5, 0xF8, 0x45, 0xB5, 0x8B, 0x87,
    0x1B, 0x13, 0xA9, 0x05, 0xDC, 0xF1, 0xAC, 0x59, 0x6B, 0x95, 0xF8, 0x4B, 0xF1, 0x7B, 0x27, 0x7E,
    0x4F, 0x28, 0xDA, 0x47, 0x94, 0xAD, 0xFF, 0x51, 0x43, 0x6E, 0x03, 0xBC, 0xB1, 0x1E, 0x3A, 0xD2,
    0x0E, 0xD2, 0x7E, 0xF9, 0xDE, 0x8F, 0xF6, 0xB6, 0x86, 0x97, 0x14, 0x8A, 0x40, 0xA3, 0x93, 0x54,
    0xBA, 0x6C, 0x10, 0x3F, 0xD5, 0x96, 0xF0, 0x46, 0x5A, 0x47, 0x1E, 0x40, 0xE4, 0x03, 0x91, 0x5E,
    0x4C, 0x5A, 0x31, 0xAD, 0xC5, 0x1C, 0xF1, 0x55, 0xD1, 0x66, 0x51, 0xE9, 0xD5, 0xF5, 0x9D, 0x98,
    0x8C, 0x22, 0xB3, 0x48, 0x23, 0xE2, 0x6B, 0xB1, 0x6C, 0xC5, 0xA2, 0x17, 0xB3, 0x1D, 0xE9, 0xA8,
    0xCF, 0x4D, 0x3B, 0x72, 0xF6, 0xAE, 0x56, 0xB2, 0x1D, 0x90, 0xEF, 0x22, 0x2C, 0xBC, 0x2D, 0x70,
    0xE5, 0x53, 0xC8, 0xD6, 0x42, 0xA6, 0x8D, 0xF0, 0xA8, 0x9C, 0x71, 0x13, 0xEF, 0x44, 0x77, 0x47,
    0xC2, 0xAF, 0x47, 0x26, 0x1D, 0x91, 0x59, 0x2D, 0x16, 0x88, 0x77, 0xF6, 0x3B, 0x08, 0xD3, 0x61,
    0x8F, 0xEE, 0xEE, 0xC4, 0x64, 0x14, 0x99, 0x45, 0x1A, 0x11, 0x5F, 0x6B, 0xB4, 0xB2, 0x47, 0x3B,
    0xC9, 0x5C, 0xC5, 0x59, 0x12, 0xF5, 0x03, 0x2F, 0x52, 0x88, 0x64, 0x22, 0xE9, 0x39, 0x94, 0x2F,
    0x65, 0x17, 0xA3, 0x8A, 0x05, 0xF9, 0xF8, 0x51, 0xD0, 0xD1, 0xB3, 0xEE, 0xE5, 0x3B, 0x44, 0x7E,
    0x4B, 0xBC, 0x7D, 0x05, 0xF1, 0x01, 0x62, 0x2F, 0x7E, 0xB7, 0x15, 0xB7, 0x55, 0xE4, 0xAC, 0xF9,
    0x74, 0x3C, 0xD0, 0x95, 0xBB, 0x93, 0x78, 0xBB, 0x41, 0xF4, 0xB5, 0x58, 0xB6, 0xE2, 0x12, 0xC9,
    0x3C, 0x88, 0xE9, 0x28, 0xBA, 0x49, 0x06, 0xA6, 0xA8, 0xB2, 0x7D, 0xAC, 0x95, 0xE4, 0xE3, 0x3E,
    0x56, 0xCE, 0x14, 0xAB, 0xDC, 0x6A, 0xED, 0xC2, 0x6F, 0xD5, 0x8C, 0x7A, 0x79, 0x19, 0xAF, 0x3C,
    0x44, 0xEC, 0xC5, 0xDF, 0x6B, 0x45, 0xAD, 0x01, 0xE5, 0x14, 0x26, 0x65, 0x85, 0xF1, 0x77, 0x27,
    0xF1, 0x4A, 0x83, 0xE8, 0xEB, 0xC8, 0x97, 0x55, 0xF5, 0xCA, 0xA6, 0x26, 0xCD, 0x77, 0x8A, 0x55,
    0xAA, 0x58, 0x05, 0x9A, 0xF6, 0x53, 0xEA, 0x4A, 0x91, 0x39, 0x80, 0xC6, 0xFA, 0x2F, 0xA4, 0xAE,
    0xC2, 0x27, 0xEB, 0xEA, 0xA8, 0x51, 0x2E, 0xC2, 0x2B, 0x3A, 0x17, 0xE2, 0x47, 0x31, 0x15, 0x41,
    0xE4, 0x95, 0x49, 0x37, 0xBC, 0xC9, 0x39, 0x27, 0xC0, 0xB8, 0x32, 0x1B, 0xC5, 0x72, 0x16, 0xBF,
    0x90, 0xBA, 0x9A, 0x50, 0x5D, 0x19, 0x5E, 0x3E, 0x36, 0xF8, 0xF7, 0x62, 0xFC, 0xAC, 0xBD, 0x23,
    0x47, 0xEE, 0xB7, 0xB7, 0x92, 0x81, 0xCB, 0x69, 0x45, 0x94, 0xDB, 0x20, 0x09, 0x48, 0x5C, 0x87,
    0x24, 0x6D, 0x91, 0x64, 0x15, 0x92, 0x02, 0x24, 0x97, 0x91, 0xC8, 0x17, 0x89, 0x2D, 0x4F, 0xE6,
    0x4B, 0x3F, 0x39, 0xAD, 0xEE, 0x13, 0x12, 0x9A, 0x45, 0x7C, 0x25, 0xA1, 0x6C, 0x25, 0xCA, 0xA4,
    0x44, 0x3D, 0x96, 0x08, 0xC6, 0x10, 0x5E, 0x8F, 0x21, 0xC4, 0x2C, 0x20, 0xCF, 0x58, 0x4F, 0x36,
    0x9B, 0xB0, 0x7D, 0x6F, 0xAE, 0xB7, 0xC3, 0xED, 0x74, 0xC7, 0xEE, 0xE4, 0x56, 0x1A, 0xD2, 0xEE,
    0xDB, 0xA4, 0x21, 0xAF, 0x88, 0x2C, 0x10, 0x0F, 0xC4, 0x5F, 0x04, 0xD1, 0x66, 0x64, 0x37, 0xAD,
    0xAE, 0x6F, 0x3A, 0x31, 0x0F, 0x62, 0x3A, 0x88, 0xC9, 0x28, 0x62, 0x91, 0x3B, 0x9A, 0x5A, 0xBF,
    0x60, 0x7E, 0xE7, 0xCC, 0xDA, 0x6C, 0x6A, 0x2C, 0x64, 0x66, 0xC4, 0x32, 0xBA, 0x60, 0xB3, 0x16,
    0x44, 0xD9, 0xA1, 0xE7, 0x37, 0xED, 0x2F, 0x23, 0xD3, 0x8D, 0x1B, 0x87, 0x51, 0x2C, 0xB6, 0xF5,
    0xAF, 0xF5, 0xDE, 0xAF, 0x20, 0xEB, 0x22, 0x54, 0x5B, 0xCD, 0x13, 0x6D, 0x9F, 0xF9, 0xF2, 0x53,
    0x8E, 0x6B, 0x24, 0x50, 0x2E, 0x52, 0x2C, 0x92, 0x2F, 0x92, 0x2D, 0x92, 0x9E, 0x8A, 0xB7, 0x10,
    0x3F, 0xF1, 0x55, 0x7C, 0xDD, 0xEE, 0xB9, 0x09, 0x65, 0x65, 0x7C, 0xE1, 0xC7, 0xCC, 0x22, 0xE7,
    0xE3, 0xE3, 0xC8, 0x17, 0x7E, 0x96, 0xD1, 0x62, 0x79, 0x5D, 0xB4, 0x7B, 0xCB, 0x2C, 0x68, 0x7E,
    0x11, 0x27, 0xC2, 0x59, 0x3E, 0x38, 0xCB, 0x25, 0xDC, 0x93, 0xC2, 0x6D, 0x3F, 0x99, 0x52, 0x79,
    0xDA, 0x5E, 0x5B, 0xFC, 0xBE, 0xF4, 0x8C, 0x7C, 0xF5, 0xFF, 0x37, 0xDC, 0xED, 0xB3, 0xE1, 0x46,
    0x7E, 0x99, 0xB5, 0x0A, 0xDF, 0x7C, 0xBF, 0x93, 0xC7, 0x7A, 0x2B, 0xE5, 0xBE, 0x7B, 0x46, 0xE0,
    0x59, 0x59, 0xA3, 0xA8, 0x30, 0xEE, 0x2F, 0xBE, 0x50, 0x9C, 0x86, 0x66, 0x89, 0xE6, 0x11, 0x6B,
    0x38, 0x1B, 0x5B, 0x87, 0x39, 0x94, 0x31, 0xAC, 0x1B, 0xCA, 0xB6, 0x02, 0x12, 0x19, 0xFC, 0x1F,
    0x19, 0xF6, 0xF8, 0xD4, 0xB0, 0x7A, 0x31, 0xD8, 0x86, 0xD5, 0xC8, 0xC6, 0xD5, 0x70, 0xF3, 0x6A,
    0xD0, 0x9C, 0x1A, 0xBE, 0x5A, 0x8D, 0xB2, 0x5E, 0x8D, 0x4D, 0xBB, 0x37, 0xB4, 0xD4, 0x46, 0x46,
    0x8C, 0xE8, 0x85, 0x38, 0xC3, 0x46, 0x3B, 0x75, 0x69, 0xA3, 0x62, 0xBD, 0xB4, 0xF2, 0xD4, 0xF0,
    0xB5, 0x78, 0x7A, 0x1C, 0xE2, 0xDA, 0xBA, 0x36, 0x3C, 0x4C, 0xEB, 0x03, 0xD9, 0xB0, 0x74, 0x79,
    0xDA, 0xF4, 0x52, 0x32, 0x9B, 0x25, 0xEA, 0x56, 0xC1, 0xFF, 0x02, 0xD5, 0x99, 0x3F, 0x8C, 0xDD,
    0xC6, 0x76, 0xC6, 0xBF, 0x21, 0xB5, 0x4B, 0xC0, 0x44, 0x44, 0x17, 0xB1, 0x63, 0x40, 0xD1, 0xB2,
    0x49, 0x11, 0x44, 0x96, 0x98, 0x32, 0x40, 0x56, 0x3B, 0x74, 0x5F, 0x44, 0x85, 0x94, 0x94, 0xDB,
    0x23, 0x08, 0xAE, 0x0B, 0x15, 0x42, 0x20, 0x99, 0x23, 0xA7, 0x48, 0x91, 0x66, 0x9B, 0xB8, 0x56,
    0x19, 0xAC, 0x8A, 0x55, 0x21, 0x20, 0x02, 0x22, 0x2D, 0x69, 0xB9, 0x48, 0x91, 0x22, 0xB4, 0x0D,
    0x3B, 0x45, 0x0A, 0x13, 0x89, 0x80, 0xD8, 0x4E, 0xA1, 0x79, 0x7E, 0x34, 0xCC, 0x5D, 0x0F, 0x79,
    0xDE, 0x39, 0x87, 0x77, 0xFF, 0xC9, 0x92, 0xDE, 0xDA, 0xB0, 0x9F, 0xFD, 0x06, 0xF7, 0xFE, 0xBE,
    0xCB, 0x4B, 0x72, 0xE6, 0xF0, 0xE3, 0x99, 0x19, 0xCE, 0xBD, 0x96, 0xB8, 0xB4, 0xC0, 0x85, 0x69,
    0xFB, 0x2E, 0x6D, 0x01, 0x26, 0x20, 0x1E, 0x00, 0x80, 0xB5, 0x3F, 0xA5, 0xD2, 0xB4, 0x54, 0xEA,
    0x54, 0xFB, 0x38, 0xCC, 0x8A, 0x69, 0xA9, 0xD5, 0x52, 0x6D, 0x39, 0x6B, 0xE1, 0xCC, 0xC8, 0xED,
    0xB0, 0x9E, 0xA3, 0xAD, 0xC5, 0x54, 0x16, 0xCE, 0x92, 0xAF, 0xA9, 0x2B, 0x1C, 0xB4, 0x3C, 0xAB,
    0xB6, 0x14, 0x7A, 0x58, 0x11, 0xD3, 0xE3, 0x91, 0x6A, 0x30, 0x41, 0x14, 0xF5, 0x4E, 0xA7, 0x7A,
    0x6E, 0x2A, 0xB1, 0x2C, 0x11, 0x0D, 0xCC, 0x62, 0x3F, 0x30, 0x09, 0x67, 0x00, 0x09, 0x09, 0x48,
    0x3C, 0x56, 0x4A, 0x64, 0x1D, 0xEA, 0x80, 0xBC, 0x89, 0xC6, 0x1A, 0x45, 0x93, 0x78, 0xEB, 0x6C,
    0x93, 0x75, 0x79, 0x63, 0x5D, 0xD6, 0x66, 0xAD, 0x75, 0x39, 0x6F, 0x59, 0x57, 0x1C, 0xD0, 0x9F,
    0x60, 0x93, 0xB7, 0x59, 0x57, 0x34, 0x72, 0xA4, 0x1C, 0x27, 0xEF, 0xD4, 0x4B, 0x2D, 0x71, 0x6F,
    0xCB, 0x78, 0x88, 0xC2, 0x04, 0x4C, 0x90, 0xE6, 0xED, 0x17, 0x75, 0x07, 0xAC, 0x12, 0xED, 0x3D,
    0x04, 0x56, 0xDE, 0x22, 0xB1, 0x4B, 0x9A, 0xD7, 0x52, 0x10, 0x60, 0xE8, 0xAE, 0x86, 0x04, 0x64,
    0x0D, 0x23, 0x77, 0xE9, 0x08, 0x5B, 0xDA, 0xDA, 0x59, 0xEC, 0x72, 0x1C, 0x08, 0x49, 0x27, 0xF0,
    0xD6, 0x1C, 0x02, 0x82, 0x72, 0x4C, 0xBB, 0xDC, 0xF1, 0x21, 0x59, 0x63, 0x73, 0x6E, 0xB9, 0x20,
    0x98, 0x69, 0x73, 0x94, 0x4A, 0x29, 0x00, 0x57, 0xF3, 0x1E, 0x5A, 0x0C, 0x4D, 0x40, 0xBE, 0x5F,
    0xB7, 0xA8, 0xCB, 0xCC, 0x47, 0x7A, 0x67, 0x3C, 0x62, 0x9F, 0x75, 0x88, 0x38, 0x7C, 0x89, 0xA2,
    0x61, 0x58, 0x85, 0x7B, 0x29, 0x9A, 0x83, 0x83, 0xF3, 0x96, 0x91, 0x79, 0x46, 0xD2, 0x03, 0xAF,
    0x8A, 0xAD, 0xF7, 0x40, 0x2E, 0xF1, 0xB0, 0x92, 0x47, 0x89, 0xE6, 0x42, 0x51, 0x32, 0x52, 0xC7,
    0x88, 0x5B, 0x41, 0x77, 0x80, 0x1D, 0xD9, 0xAC, 0x1C, 0xE3, 0x0C, 0xE6, 0x52, 0x4D, 0x88, 0xA6,
    0x45, 0x9B, 0xB2, 0x89, 0x59, 0x13, 0xFB, 0xC2, 0xC5, 0x9D, 0x2D, 0x0D, 0x2C, 0xF0, 0xFC, 0x77,
    0x39, 0xC7, 0xC1, 0xD1, 0xFF, 0x79, 0xDA, 0x1B, 0x1F, 0x49, 0xCE, 0x55, 0x54, 0xCE, 0x0D, 0x49,
    0x58, 0x37, 0x01, 0xAC, 0x03, 0xB8, 0x05, 0x9C, 0x0D, 0x40, 0x36, 0x7B, 0x21, 0x69, 0x3E, 0x0A,
    0xA6, 0x0D, 0xD4, 0xD8, 0xB8, 0xC9, 0x58, 0xBB, 0xC1, 0x38, 0x7B, 0x9D, 0x91, 0x81, 0x81, 0x1F,
    0x13, 0xAF, 0xD3, 0x13, 0x69, 0x73, 0x04, 0x10, 0x09, 0xE6, 0x84, 0xBD, 0x2C, 0xB8, 0x28, 0x38,
    0x2F, 0xF8, 0x03, 0x85, 0x86, 0xD6, 0xDA, 0xBB, 0xD3, 0x4E, 0xBB, 0x6E, 0x86, 0xB8, 0xBD, 0x61,
    0x06, 0xD3, 0x5E, 0x37, 0x03, 0xBA, 0x57, 0x19, 0x57, 0xC0, 0xC0, 0xA9, 0x11, 0x05, 0xC6, 0x39,
    0xBA, 0x03, 0xD4, 0xA4, 0xF7, 0x48, 0x60, 0x04, 0x50, 0xDC, 0x3B, 0x89, 0xB7, 0x61, 0xC9, 0x67,
    0xD4, 0x15, 0x74, 0xE7, 0x15, 0xEA, 0xE2, 0x11, 0xA8, 0x60, 0x46, 0xF5, 0xB0, 0x06, 0x1E, 0xA8,
    0xDD, 0x5E, 0x0C, 0x8F, 0x5A, 0x20, 0xEB, 0xE2, 0x46, 0x6A, 0x4C, 0x4B, 0x20, 0x1E, 0x72, 0xED,
    0x80, 0x62, 0x34, 0x76, 0x6F, 0x08, 0xAD, 0x17, 0x16, 0xAD, 0x30, 0x6B, 0x4E, 0x4B, 0x4D, 0xA7,
    0x95, 0x7A, 0xAF, 0x04, 0x52, 0x22, 0x87, 0x9A, 0x4A, 0x0A, 0xD5, 0x54, 0xEE, 0x0C, 0x99, 0x47,
    0xDA, 0x24, 0x0C, 0x17, 0xF7, 0xC8, 0x10, 0x0D, 0x0C, 0x04, 0xB1, 0x6F, 0xC4, 0xBA, 0xC4, 0xF7,
    0x17, 0x80, 0xC5, 0x3D, 0x86, 0xF3, 0x40, 0xFE, 0xBE, 0x44, 0xF8, 0xB8, 0x01, 0xD2, 0xFF, 0x75,
    0x40, 0xF2, 0x8D, 0x04, 0x49, 0xE2, 0xC8, 0xC4, 0x40, 0x78, 0x19, 0xCC, 0xA8, 0xA6, 0x6D, 0x41,
    0xDC, 0xF8, 0x29, 0x1D, 0x59, 0xD9, 0xFC, 0xA4, 0xD4, 0x54, 0xF4, 0xC0, 0x6B, 0x8B, 0x4F, 0xAE,
    0xFC, 0xCC, 0x8E, 0x18, 0x92, 0x04, 0xDD, 0x9E, 0xFE, 0xE5, 0xB7, 0x3A, 0xD2, 0xE5, 0xE4, 0x0A,
    0x6A, 0x53, 0x72, 0x11, 0x49, 0xBB, 0x60, 0x76, 0xD2, 0x91, 0xE3, 0x46, 0xBC, 0xC8, 0x4A, 0xF1,
    0xE2, 0x92, 0x8E, 0x09, 0xEB, 0xCC, 0x38, 0x78, 0x26, 0xA8, 0x13, 0xD6, 0x8D, 0xD0, 0x2A, 0x67,
    0x2F, 0x2A, 0x2F, 0xFC, 0x46, 0xF3, 0xF5, 0xA3, 0x91, 0x99, 0x38, 0x62, 0x66, 0x3A, 0x30, 0x5C,
    0xD6, 0xEE, 0xFD, 0x40, 0x87, 0x18, 0xCF, 0xF5, 0x41, 0x46, 0xAC, 0x11, 0x8B, 0x3D, 0xE4, 0xB4,
    0x55, 0x13, 0x2A, 0x92, 0xF3, 0x90, 0x2A, 0x8D, 0x12, 0x33, 0xD5, 0x73, 0xF1, 0xE0, 0x88, 0x96,
    0x3E, 0x20, 0x5F, 0xD0, 0xBB, 0xD4, 0x45, 0x23, 0x36, 0x80, 0x49, 0x0E, 0xB2, 0xA5, 0xB8, 0xA3,
    0xC6, 0xA8, 0x27, 0x6A, 0xC7, 0x28, 0x20, 0x89, 0xFD, 0xA9, 0xEC, 0xF8, 0xAB, 0x0E, 0x58, 0x63,
    0x97, 0xB1, 0x6E, 0x82, 0xC4, 0xB1, 0x2B, 0x61, 0x54, 0x6E, 0xB1, 0x67, 0x68, 0x8F, 0x28, 0x25,
    0x3D, 0x47, 0xB1, 0x21, 0xB8, 0x24, 0x58, 0x13, 0x9C, 0x3D, 0x82, 0x25, 0xE2, 0xE6, 0xA9, 0x14,
    0x7D, 0x4C, 0x53, 0xB9, 0x11, 0x85, 0xB4, 0xC9, 0x3B, 0xDC, 0x8C, 0x42, 0xDC, 0x64, 0x2D, 0x6E,
    0x2C, 0xF5, 0x7A, 0x14, 0x22, 0x51, 0xED, 0xBC, 0x3F, 0x87, 0xC6, 0xA2, 0x1D, 0xB0, 0x39, 0x6D,
    0x6F, 0xEF, 0xEC, 0x95, 0xA8, 0x49, 0x8A, 0x83, 0x96, 0x7A, 0xA9, 0xF9, 0x52, 0xD3, 0xA5, 0xC6,
    0x2F, 0x54, 0x4B, 0x34, 0x16, 0xD4, 0xDB, 0x9D, 0xFD, 0x91, 0x47, 0xA2, 0xF5, 0xA4, 0xBB, 0x2C,
    0xBE, 0x27, 0xDD, 0x1A, 0x46, 0x5C, 0x4F, 0xBA, 0xB3, 0x08, 0x78, 0x35, 0xE9, 0x56, 0x58, 0x90,
    0x74, 0xF8, 0xC1, 0x32, 0x02, 0x29, 0xCB, 0x04, 0x2C, 0xF6, 0xB7, 0xB7, 0xE9, 0x8E, 0x21, 0x29,
    0x3D, 0xA4, 0x24, 0xB3, 0xE0, 0xA4, 0xDC, 0x9F, 0xE5, 0xFA, 0x49, 0xB1, 0xD4, 0xCB, 0xFD, 0x2C,
    0xA8, 0x5B, 0xA5, 0x7D, 0xED, 0x1C, 0xB6, 0xD1, 0xDA, 0x0B, 0x96, 0x70, 0x6A, 0x19, 0x67, 0xA1,
    0xF9, 0xF4, 0xCA, 0x25, 0xC4, 0x52, 0x10, 0xED, 0xB0, 0x24, 0xD4, 0xCB, 0x3E, 0x9C, 0x81, 0x0A,
    0x4E, 0x23, 0x56, 0x65, 0x85, 0xBE, 0x16, 0xC9, 0x88, 0x44, 0x60, 0x66, 0x81, 0x9D, 0x25, 0x3B,
    0x21, 0xE9, 0x2C, 0xC9, 0x81, 0x54, 0xF4, 0x21, 0x51, 0xB9, 0xA0, 0xDB, 0xF5, 0x54, 0xC6, 0x01,
    0x32, 0xE9, 0xF7, 0xC8, 0x5A, 0x61, 0xFA, 0x5C, 0x06, 0x19, 0x7B, 0xCC, 0xF4, 0xD7, 0xD4, 0x02,
    0x35, 0xFD, 0x13, 0xF3, 0xDC, 0x90, 0x32, 0x81, 0xEF, 0x32, 0xEB, 0x18, 0xA6, 0xDA, 0x97, 0x0E,
    0xB4, 0xCC, 0x15, 0xAB, 0xCC, 0x94, 0xA9, 0x32, 0x51, 0xC6, 0x27, 0x58, 0xA9, 0xDD, 0xB3, 0xDB,
    0x4B, 0xB3, 0xD5, 0x41, 0xA5, 0x3B, 0x49, 0xE3, 0x84, 0x51, 0xCB, 0x1C, 0x8F, 0x91, 0x94, 0xD5,
    0x47, 0x6D, 0xED, 0x50, 0x68, 0xA6, 0x26, 0x34, 0x2D, 0x1C, 0xF0, 0x47, 0xF2, 0x3D, 0xA2, 0x17,
    0x50, 0x6A, 0x3B, 0x74, 0x56, 0x8D, 0x15, 0x5F, 0x2B, 0xE9, 0x9B, 0x05, 0x9B, 0xB4, 0x17, 0x0F,
    0xF2, 0x48, 0xD8, 0xCF, 0xC8, 0x0E, 0xF0, 0x26, 0x63, 0x60, 0x98, 0xC0, 0x00, 0xDD, 0x5A, 0x34,
    0xA8, 0x88, 0x1A, 0xAC, 0xEE, 0x6E, 0x36, 0x80, 0x7C, 0xB7, 0x44, 0xCE, 0x80, 0xC0, 0xD4, 0x7B,
    0x62, 0xCA, 0x34, 0xCF, 0xC0, 0x0B, 0xBA, 0x83, 0x83, 0xA7, 0xCF, 0xE8, 0x54, 0x4C, 0xA9, 0x45,
    0x34, 0x12, 0x0D, 0x88, 0xE8, 0xC9, 0xEA, 0xC4, 0x9F, 0x81, 0x5A, 0xF7, 0xDA, 0x99, 0xE5, 0x69,
    0x18, 0x33, 0x2B, 0xB7, 0x49, 0x5B, 0xAB, 0xF4, 0xA4, 0x96, 0x29, 0x6D, 0x7A, 0x4D, 0xE6, 0x1B,
    0x54, 0x83, 0x30, 0x51, 0x46, 0x4A, 0xF3, 0x42, 0xCA, 0xB1, 0x66, 0x8F, 0x88, 0xF9, 0xAD, 0xAB,
    0x1A, 0x98, 0x09, 0x19, 0x33, 0x20, 0x6B, 0x85, 0x69, 0x77, 0xC0, 0xE1, 0xFB, 0x31, 0x0A, 0x48,
    0x3D, 0xCE, 0x51, 0x99, 0xEE, 0xA1, 0xA2, 0x2E, 0x25, 0x1C, 0x95, 0x7A, 0x12, 0xA6, 0x53, 0xDD,
    0xE9, 0xAD, 0xD2, 0x40, 0x6B, 0xED, 0x5E, 0x26, 0xE8, 0xA7, 0x78, 0x00, 0xEC, 0xDC, 0xC5, 0xAD,
    0xDB, 0x48, 0xBD, 0xA4, 0xCA, 0xA3, 0x4C, 0xA4, 0x79, 0x94, 0x75, 0x22, 0x95, 0x8C, 0xDE, 0x79,
    0x63, 0x49, 0x4A, 0xB3, 0x3A, 0xCB, 0x9C, 0xB1, 0x38, 0x14, 0xAF, 0x92, 0xAA, 0x68, 0x65, 0x90,
    0xAA, 0x85, 0x62, 0xB8, 0x16, 0x9A, 0xFB, 0x94, 0xED, 0xCC, 0xEE, 0x9C, 0x2B, 0xB2, 0xDB, 0x10,
    0x6D, 0x41, 0x54, 0xDD, 0xD4, 0x52, 0x4C, 0x0C, 0xDA, 0x69, 0xE5, 0xF1, 0xBA, 0x3F, 0x93, 0x76,
    0x26, 0xDC, 0x62, 0x9B, 0xC2, 0xC3, 0xBC, 0xC1, 0xF8, 0xA8, 0x70, 0x98, 0xAA, 0xFA, 0xCB, 0xED,
    0x29, 0x27, 0xA2, 0x09, 0xD5, 0x3F, 0x5F, 0xBB, 0x0A, 0xCD, 0x43, 0x85, 0x26, 0x4D, 0x26, 0x48,
    0x3D, 0xDE, 0x90, 0x00, 0x1E, 0x02, 0x44, 0x72, 0x35, 0x24, 0xFB, 0xAF, 0xFC, 0x1E, 0x3A, 0x53,
    0x84, 0xE3, 0xF5, 0x24, 0x9D, 0x4A, 0xDC, 0xAA, 0x44, 0xCD, 0x49, 0xF9, 0x09, 0x3D, 0xEC, 0x97,
    0x1E, 0x26, 0x41, 0x5A, 0xEA, 0x19, 0xF0, 0x87, 0xE8, 0x8E, 0xA1, 0x26, 0xCF, 0x9D, 0x34, 0x0E,
    0x88, 0x7E, 0xD0, 0x2B, 0x0E, 0xE0, 0x5E, 0x36, 0x77, 0xF6, 0xEB, 0xB8, 0x03, 0x2D, 0x03, 0x82,
    0x2A, 0x42, 0xB4, 0xFC, 0x50, 0x3D, 0xF5, 0xAA, 0x58, 0x9D, 0x4A, 0x3C, 0xAF, 0x64, 0xD4, 0x54,
    0xE4, 0x73, 0x72, 0x29, 0xB9, 0x05, 0x75, 0xDC, 0x3B, 0x30, 0x21, 0x1E, 0x11, 0xCB, 0x85, 0xC0,
    0x04, 0x24, 0x0D, 0x90, 0x39, 0xE9, 0x7D, 0xA5, 0xF8, 0xC9, 0x1F, 0x2E, 0x89, 0xEB, 0xDE, 0x04,
    0x5D, 0xF3, 0xE0, 0x01, 0x7F, 0xD0, 0x36, 0x2E, 0x9B, 0x30, 0xDB, 0x9D, 0x99, 0x30, 0x0F, 0xC4,
    0xE9, 0xA7, 0xE3, 0x66, 0x39, 0x37, 0x42, 0xA4, 0xA6, 0xDB, 0x4F, 0xC7, 0x45, 0xA7, 0x71, 0xBD,
    0x15, 0xE6, 0x3B, 0x45, 0x7C, 0x56, 0xD0, 0xA1, 0xCA, 0x04, 0xBD, 0xCF, 0xC9, 0x60, 0x02, 0x48,
    0x4E, 0x92, 0x26, 0xAA, 0x06, 0x28, 0xB8, 0x51, 0x06, 0x50, 0x69, 0x18, 0x1E, 0x20, 0x0D, 0x2C,
    0x48, 0x9C, 0x11, 0x73, 0x42, 0x31, 0xE8, 0x73, 0x23, 0xB5, 0xD5, 0x16, 0xC4, 0x93, 0xC2, 0xCF,
    0xAE, 0x1C, 0x79, 0xA2, 0x8E, 0xA8, 0x1F, 0x2F, 0x70, 0xA3, 0x0E, 0x05, 0x3D, 0x26, 0x5F, 0x0D,
    0xE7, 0xE8, 0x36, 0x75, 0x89, 0xAC, 0x5B, 0xDF, 0x01, 0x24, 0x86, 0x07, 0xC0, 0x4D, 0x13, 0x4C,
    0x07, 0x5C, 0xE2, 0x60, 0xC5, 0x8E, 0xB7, 0x42, 0x2A, 0x21, 0xBF, 0x1F, 0xD6, 0x58, 0x12, 0x22,
    0x0D, 0xF7, 0xDB, 0xA9, 0x76, 0x40, 0xF1, 0x7E, 0x90, 0xCC, 0xB0, 0xF3, 0xF5, 0xD5, 0x7C, 0x42,
    0xAF, 0xBF, 0x18, 0x48, 0x9C, 0x72, 0x65, 0x13, 0x52, 0xA9, 0xBA, 0x2E, 0xAB, 0x96, 0xBD, 0xB6,
    0x4F, 0xA6, 0xB2, 0xA0, 0x36, 0x19, 0x24, 0xE8, 0xBA, 0x94, 0x84, 0xA0, 0x46, 0x66, 0xCD, 0xA7,
    0x4D, 0xC4, 0x46, 0xC7, 0x8E, 0xB9, 0x0E, 0x30, 0xEF, 0x29, 0x3B, 0x61, 0xD4, 0x08, 0x63, 0x27,
    0x4C, 0x21, 0x3C, 0x2F, 0x24, 0x7A, 0xA2, 0x24, 0x27, 0x47, 0x56, 0x5E, 0x98, 0x04, 0xA1, 0x99,
    0x84, 0xA8, 0x8F, 0x8F, 0xE3, 0x4E, 0x58, 0x34, 0xC2, 0xBC, 0x89, 0x95, 0x9C, 0x4F, 0x4C, 0xB5,
    0x6F, 0x7E, 0x6C, 0x3E, 0x98, 0x5F, 0x57, 0x98, 0xC0, 0x86, 0xD4, 0x80, 0x0A, 0x18, 0xE5, 0x4B,
    0x19, 0x07, 0x0A, 0x59, 0xE3, 0xCB, 0x2C, 0x78, 0xFC, 0x17, 0x06, 0x1D, 0x5A, 0x87, 0x0B, 0xB4,
    0x65, 0x47, 0x33, 0xE2, 0xD1, 0x2D, 0x04, 0xE3, 0xDF, 0x80, 0xFA, 0x16, 0xD2, 0x12, 0x50, 0xCF,
    0xC6, 0x5B, 0x0C, 0xED, 0xBF, 0xD3, 0x7B, 0xE4, 0x10, 0x90, 0x77, 0x0C, 0xB6, 0x4A, 0xE2, 0x65,
    0x40, 0x21, 0x15, 0x60, 0x57, 0x6E, 0xEC, 0x6E, 0x45, 0x1E, 0xBB, 0x87, 0x2B, 0xDA, 0x51, 0x10,
    0x90, 0x96, 0x66, 0x40, 0xE6, 0x62, 0x8F, 0xAC, 0x49, 0x5B, 0xA4, 0xFB, 0x75, 0x09, 0x53, 0x3F,
    0x81, 0x21, 0x2E, 0x01, 0x3B, 0xCC, 0xCF, 0x25, 0x7F, 0xAB, 0x12, 0x31, 0x13, 0x2F, 0x64, 0xE2,
    0x9E, 0xCF, 0xB4, 0x3C, 0x62, 0x36, 0x13, 0xC2, 0x5C, 0x59, 0x28, 0x37, 0x94, 0x0F, 0x85, 0x51,
    0x10, 0x52, 0x2F, 0x46, 0xD5, 0x1E, 0xAF, 0xD3, 0x17, 0x55, 0x83, 0x82, 0xA6, 0x33, 0x87, 0x6B,
    0x6F, 0xAC, 0x2B, 0x6F, 0x2A, 0x1F, 0x28, 0x7B, 0x81, 0xF1, 0xC2, 0xD8, 0xC7, 0x12, 0x78, 0x54,
    0x8B, 0x33, 0xB9, 0x38, 0x7F, 0x16, 0xB6, 0x3C, 0x86, 0xB5, 0x43, 0x9C, 0x17, 0x5C, 0x14, 0xBC,
    0x29, 0x58, 0x3F, 0xC4, 0x03, 0x86, 0xE9, 0x19, 0x3B, 0x1E, 0xD6, 0x51, 0x6B, 0xE8, 0x73, 0x79,
    0x2A, 0x1C, 0xCF, 0x1C, 0x34, 0x7E, 0x43, 0x70, 0x5F, 0x70, 0xB8, 0x48, 0x8F, 0x3B, 0x41, 0x5B,
    0x93, 0x4F, 0x88, 0xC0, 0x49, 0xB8, 0x4A, 0x13, 0xE2, 0xA0, 0x0B, 0xA7, 0x39, 0x41, 0xBE, 0x8F,
    0x8C, 0xD7, 0xAE, 0x2D, 0x58, 0x88, 0xCB, 0xD1, 0x96, 0xEC, 0xFB, 0x01, 0x12, 0xCF, 0x32, 0x67,
    0xA6, 0xF4, 0x6C, 0x91, 0xA3, 0xDC, 0x84, 0x5D, 0x0A, 0x80, 0x3F, 0x16, 0xD7, 0xF5, 0x76, 0x04,
    0xDD, 0x91, 0xF4, 0x38, 0xC8, 0x50, 0x44, 0xB4, 0xC7, 0xB4, 0xE4, 0xF9, 0xC5, 0x99, 0x79, 0x81,
    0xEE, 0x98, 0x11, 0xFC, 0x42, 0x78, 0xE9, 0x8B, 0x88, 0x98, 0xBC, 0x3C, 0x61, 0xBE, 0xF4, 0x35,
    0x57, 0x25, 0x89, 0x1A, 0xA4, 0x15, 0xA6, 0x94, 0x63, 0x34, 0x03, 0xB0, 0xAA, 0xD3, 0x41, 0x8E,
    0xD8, 0x33, 0x25, 0x5F, 0xE7, 0x84, 0x85, 0xA9, 0x07, 0xE0, 0x17, 0xEA, 0x7D, 0xA1, 0xDE, 0x9B,
    0x7A, 0xBF, 0xE4, 0x00, 0x53, 0xA9, 0x54, 0x4A, 0x3C, 0x4B, 0xE2, 0x54, 0x32, 0x25, 0xF2, 0x59,
    0x2E, 0xCD, 0x72, 0x79, 0x96, 0x87, 0xA8, 0xE9, 0xB6, 0x5C, 0xD7, 0x54, 0xD6, 0xFB, 0x88, 0x07,
    0x64, 0x32, 0xD5, 0x22, 0x6B, 0x5E, 0x4C, 0x22, 0x62, 0x4E, 0xDB, 0x3B, 0xCC, 0x97, 0x1F, 0x29,
    0xB5, 0x49, 0xCD, 0xD5, 0xFE, 0xB2, 0x95, 0xA3, 0x68, 0xD6, 0x94, 0x17, 0x95, 0xEB, 0x73, 0x24,
    0xCA, 0x41, 0x20, 0xDD, 0xE3, 0xBB, 0xCB, 0x81, 0x79, 0x25, 0x15, 0x4E, 0xC1, 0x51, 0x49, 0x7A,
    0x96, 0xAE, 0xB8, 0x96, 0x0B, 0x2E, 0x5D, 0x6F, 0x1D, 0x2D, 0xB7, 0x5E, 0xCE, 0x93, 0xCB, 0x01,
    0x61, 0x0F, 0x61, 0xA3, 0x2C, 0x95, 0x02, 0x9C, 0x3D, 0xC9, 0x9F, 0x7E, 0x79, 0xA5, 0x0B, 0x89,
    0x79, 0x79, 0x25, 0x1E, 0x83, 0xD9, 0x29, 0x5B, 0x65, 0xF3, 0x3C, 0xD6, 0x04, 0x20, 0xA7, 0x66,
    0x41, 0x25, 0x60, 0x27, 0x17, 0x93, 0x63, 0xF5, 0x88, 0x9E, 0x36, 0xC0, 0xBF, 0xB1, 0x7E, 0xD6,
    0x02, 0xDF, 0xB0, 0xFE, 0xB7, 0x87, 0xF9, 0x3F, 0xD6, 0x8F, 0xF9, 0xFD, 0x5F, 0xA2, 0x03, 0xE2,
    0x7F, 0x67, 0xFD, 0x30, 0x20, 0xF9, 0x47, 0xD6, 0x36, 0x20, 0x4D, 0x44, 0x77, 0x91, 0xA9, 0x56,
    0x38, 0xAF, 0x6A, 0xCB, 0x75, 0xD5, 0xC2, 0xCD, 0x9A, 0x37, 0xF7, 0x55, 0xB3, 0xD6, 0xAB, 0xA6,
    0xBE, 0x53, 0x8D, 0xBF, 0x6A, 0x67, 0xFD, 0xB6, 0x51, 0x35, 0xE4, 0x54, 0x41, 0x25, 0x6B, 0xDC,
    0xA1, 0x46, 0xEA, 0xB1, 0xB9, 0x87, 0x77, 0xB0, 0x98, 0x5C, 0x4D, 0x58, 0x07, 0x51, 0x8B, 0x13,
    0x0F, 0x86, 0xF1, 0x52, 0x53, 0x37, 0x6B, 0x56, 0x9E, 0x48, 0x71, 0x14, 0x4B, 0xDD, 0x40, 0x3D,
    0x02, 0x89, 0x5C, 0x36, 0x90, 0x91, 0x8B, 0x59, 0xF2, 0x01, 0x72, 0xF1, 0xB6, 0xD7, 0x9F, 0x74,
    0xFE, 0x92, 0xE5, 0x3F, 0x5B, 0xFC, 0x2B, 0xCB, 0x7F, 0x78, 0xFC, 0x9A, 0xE5, 0x83, 0x3E, 0xFA,
    0x58, 0x24, 0xF0, 0x27, 0x79, 0x82, 0x48, 0xFE, 0x81, 0xA5, 0x99, 0xB2, 0x58, 0xA4, 0x5A, 0x53,
    0xB1, 0x7F, 0xA7, 0x52, 0x04, 0x95, 0xAC, 0x17, 0x69, 0x33, 0x1F, 0x0F, 0x58, 0xEC, 0x25, 0x5D,
    0xCE, 0x61, 0x4F, 0x7C, 0x2C, 0xB5, 0x47, 0xC1, 0x1E, 0x4A, 0xFA, 0xBC, 0x3E, 0xB9, 0x31, 0xCB,
    0xE5, 0x1F, 0xEF, 0x99, 0x33, 0x6A, 0x92, 0x12, 0x48, 0xE7, 0x51, 0xAC, 0x93, 0xA4, 0x8D, 0xF5,
    0xE9, 0x07, 0x7F, 0xFB, 0x39, 0x9E, 0x29, 0xC9, 0x51, 0x66, 0x21, 0xF7, 0xC2, 0xA2, 0xD7, 0x68,
    0x06, 0xE1, 0x8D, 0x20, 0xEC, 0x47, 0xA1, 0xAF, 0x19, 0x51, 0x67, 0x01, 0xF1, 0xC0, 0x01, 0x49,
    0x23, 0xA3, 0x7D, 0x5A, 0x66, 0x2D, 0x90, 0x69, 0x15, 0x6B, 0x48, 0x3C, 0x60, 0xB7, 0xEF, 0xF6,
    0x4C, 0x1D, 0x9D, 0x1F, 0xC0, 0x30, 0x3D, 0x30, 0xC2, 0x30, 0x6B, 0xB9, 0xD5, 0xA8, 0xD4, 0x0E,
    0xEB, 0xD2, 0x96, 0xD9, 0x2C, 0xF6, 0xB0, 0x42, 0x3D, 0x11, 0x52, 0x9A, 0xA2, 0x26, 0x76, 0x1C,
    0x52, 0xD2, 0x21, 0xF1, 0xB2, 0x24, 0x9C, 0xEA, 0x06, 0xB8, 0xF0, 0x05, 0x8E, 0x15, 0x53, 0x4F,
    0x40, 0xB2, 0xC7, 0x3B, 0xB2, 0x96, 0x0F, 0x91, 0xBF, 0x07, 0x90, 0x08, 0x80, 0x43, 0x98, 0xBF,
    0xF1, 0x30, 0x44, 0x1E, 0x59, 0xCF, 0x9B, 0x85, 0x63, 0x58, 0x30, 0xAA, 0x19, 0x89, 0x6C, 0x66,
    0x0C, 0xF7, 0x67, 0x3D, 0x72, 0xFA, 0xD5, 0x88, 0x84, 0x6E, 0x53, 0x89, 0x3F, 0xD4, 0xFA, 0xBB,
    0x57, 0xB4, 0x96, 0xC2, 0x31, 0x7B, 0x61, 0xD4, 0xE5, 0xD0, 0xF2, 0xCB, 0xF6, 0x0E, 0x77, 0xD2,
    0x92, 0x23, 0xCE, 0x65, 0xE8, 0x65, 0x18, 0x3F, 0xF7, 0x8B, 0xDF, 0xA5, 0x77, 0x48, 0xE6, 0xA9,
    0x0D, 0xAB, 0xF5, 0xAC, 0xF8, 0xFB, 0x01, 0xA9, 0xE8, 0x57, 0x83, 0xC6, 0x6D, 0xFE, 0x67, 0xD6,
    0xF8, 0xF1, 0x80, 0x88, 0x35, 0x79, 0x57, 0xAD, 0x42, 0x16, 0xCD, 0xBA, 0xB6, 0xD4, 0xF5, 0xA5,
    0xDE, 0xE0, 0x49, 0xF2, 0x0A, 0xAB, 0x8F, 0xD4, 0x91, 0xA8, 0xE3, 0xED, 0xAB, 0xE2, 0xE1, 0xBC,
    0x3F, 0xFD, 0xF2, 0xAE, 0x6A, 0x46, 0xA4, 0x7A, 0x11, 0x91, 0xEA, 0xFA, 0x52, 0xEF, 0xAB, 0xBE,
    0x0D, 0xAF, 0x7A, 0x2F, 0x6E, 0x55, 0x7D, 0xD2, 0xB2, 0x45, 0x88, 0x3C, 0xBB, 0xB7, 0xC9, 0x33,
    0x99, 0x27, 0x02, 0x71, 0xF1, 0x47, 0x2E, 0x45, 0xD4, 0x89, 0x4F, 0x9F, 0xFD, 0x7F, 0x10, 0xA7,
    0x08, 0x95, 0x78, 0x35, 0xB2, 0x1B, 0xEC, 0x56, 0x00, 0xBB, 0xAB, 0xD3, 0x9B, 0x88, 0x8C, 0xEE,
    0xEC, 0xD9, 0xFE, 0xF6, 0x4E, 0x6B, 0x48, 0x4A, 0xCB, 0xBE, 0x7D, 0x7D, 0xED, 0x5A, 0xC9, 0xCE,
    0xF5, 0x00, 0x2C, 0x44, 0xC4, 0xBD, 0x41, 0x25, 0x09, 0x80, 0x38, 0x38, 0x21, 0x2A, 0xAD, 0xBB,
    0x54, 0xB9, 0xD4, 0xE5, 0x34, 0xE4, 0x44, 0x48, 0xA8, 0x8D, 0x68, 0x80, 0x38, 0xB9, 0x72, 0xB0,
    0x6A, 0x1C, 0x10, 0x74, 0x6D, 0xA4, 0x2B, 0xA3, 0x67, 0xD7, 0x45, 0xEA, 0xF1, 0x42, 0x10, 0x07,
    0x76, 0x59, 0x46, 0x00, 0x41, 0x74, 0x08, 0xE0, 0x59, 0x88, 0x9B, 0x6A, 0xA5, 0xF8, 0xA8, 0xDF,
    0xBD, 0x10, 0xD7, 0x05, 0xF7, 0x05, 0xBD, 0x8C, 0x48, 0x5E, 0x9D, 0xAA, 0xC5, 0x26, 0xD3, 0xC6,
    0x2E, 0xE9, 0xE2, 0x4E, 0xBA, 0xA8, 0xF4, 0xD0, 0x13, 0x1D, 0xB4, 0x9A, 0xB4, 0xD7, 0xF2, 0x3E,
    0xCF, 0x96, 0xF5, 0xB9, 0x8B, 0x82, 0x2D, 0x4D, 0xB0, 0x40, 0xB0, 0xFC, 0xA4, 0x26, 0x99, 0x6D,
    0xAF, 0x5D, 0xBB, 0x7A, 0xEC, 0x9F, 0x3B, 0xB1, 0x53, 0x4C, 0xFC, 0x93, 0xA4, 0x37, 0xFD, 0xE1,
    0x3F, 0x77, 0x47, 0xBF, 0xA4, 0x14, 0xD4, 0x41, 0x82, 0x9E, 0x00, 0x3E, 0x82, 0x1A, 0xA4, 0x25,
    0xF2, 0x0E, 0x90, 0x4D, 0x61, 0x1C, 0x84, 0x66, 0x14, 0x62, 0x52, 0x92, 0xB2, 0x5E, 0xD2, 0x12,
    0x97, 0x03, 0x96, 0x40, 0xAD, 0x24, 0x58, 0x77, 0xC0, 0x09, 0x45, 0x03, 0x33, 0x4A, 0x24, 0xF3,
    0xA4, 0x1D, 0xF7, 0x92, 0xE8, 0x99, 0x17, 0x27, 0x6C, 0x03, 0xD4, 0xEF, 0x49, 0xC5, 0xB9, 0x2C,
    0xE1, 0xF4, 0x06, 0x69, 0x31, 0x34, 0x20, 0x25, 0x2A, 0xF3, 0xB2, 0x68, 0xFE, 0x14, 0xA9, 0xD7,
    0x6C, 0xD0, 0x0C, 0x33, 0xE1, 0xE0, 0x5D, 0x11, 0x85, 0x6A, 0xFB, 0x6E, 0xA8, 0x20, 0x1E, 0x44,
    0x83, 0x2D, 0xE3, 0x5E, 0xFA, 0x94, 0xFC, 0x51, 0xCC, 0x09, 0xE6, 0x50, 0x8F, 0xBA, 0x36, 0xFB,
    0x0D, 0xD5, 0x97, 0x31, 0x6C, 0xDE, 0xC6, 0x15, 0xC7, 0x7F, 0x24, 0x2D, 0x11, 0x08, 0xD1, 0xB2,
    0x43, 0x8C, 0xA2, 0x31, 0x2A, 0xAE, 0x69, 0x92, 0x9A, 0xAB, 0x07, 0xA9, 0xC7, 0x64, 0x07, 0x9A,
    0xC1, 0xEA, 0x92, 0xC1, 0x73, 0xA7, 0x6F, 0xC9, 0xE0, 0x41, 0x35, 0x99, 0xEE, 0x40, 0x35, 0x34,
    0x9D, 0x3B, 0xB8, 0x40, 0x22, 0x0F, 0xEE, 0x90, 0x41, 0x83, 0x6B, 0x5E, 0xD2, 0x1D, 0x25, 0x0A,
    0x34, 0x33, 0x81, 0xA6, 0x05, 0x32, 0xE5, 0x80, 0x7E, 0x6D, 0x28, 0xE7, 0xC8, 0x57, 0x3E, 0x1E,
    0xF4, 0x49, 0x96, 0x55, 0xDB, 0x45, 0x52, 0x34, 0x3E, 0xE0, 0xFD, 0xFE, 0x27, 0x88, 0x7C, 0x77,
    0xEF, 0x8F, 0xFB, 0xEE, 0x8E, 0xBC, 0xC4, 0x47, 0x40, 0xF9, 0x9E, 0xDF, 0xB0, 0x60, 0xCD, 0x65,
    0xAD, 0x94, 0x1E, 0x62, 0x91, 0x09, 0xD2, 0x75, 0x24, 0x96, 0xAC, 0xA2, 0xE8, 0x41, 0xFF, 0x54,
    0x26, 0x5E, 0x19, 0x8D, 0x4A, 0xA6, 0x85, 0xB2, 0xB0, 0x0D, 0xC4, 0xC8, 0xDC, 0x4E, 0x59, 0x41,
    0xBB, 0x50, 0x30, 0xCD, 0x29, 0x27, 0x4A, 0xAB, 0x19, 0x0A, 0xAB, 0xD9, 0xF2, 0x9E, 0x64, 0x4D,
    0xEA, 0xC8, 0x1D, 0xB1, 0xC7, 0x58, 0x68, 0x7F, 0x33, 0x01, 0x85, 0x7C, 0x06, 0xF0, 0x32, 0x10,
    0x75, 0xAF, 0x90, 0x38, 0x53, 0xCD, 0xD1, 0xC4, 0x7D, 0xC1, 0xF9, 0x16, 0xC9, 0x40, 0x26, 0x52,
    0x15, 0x55, 0x69, 0x5F, 0x25, 0x73, 0x68, 0x3A, 0xE2, 0x01, 0x22, 0x7F, 0x1A, 0xB5, 0x88, 0xAF,
    0x8F, 0xEE, 0xF9, 0x7A, 0xEE, 0x1B, 0xE2, 0x61, 0xCE, 0xB4, 0x2E, 0x9B, 0xC4, 0xE5, 0x5D, 0xDE,
    0xA5, 0x27, 0x6D, 0x43, 0x3B, 0xC2, 0x56, 0x05, 0xF0, 0xA3, 0xA8, 0x03, 0x80, 0x3A, 0x71, 0x17,
    0x3A, 0x7B, 0x71, 0xCF, 0x53, 0x5B, 0x2E, 0xB6, 0x16, 0x57, 0x48, 0x93, 0x49, 0xB3, 0x92, 0xFE,
    0x9A, 0x54, 0x4C, 0x24, 0xE3, 0x32, 0xA1, 0x92, 0xC8, 0x93, 0x5A, 0xC8, 0x9B, 0xB9, 0x93, 0x57,
    0x90, 0x74, 0x73, 0xE7, 0x3A, 0x10, 0xB9, 0xB9, 0x73, 0x00, 0x70, 0x3C, 0x77, 0x1C, 0xC0, 0x5E,
    0xE4, 0x93, 0x0E, 0x20, 0x8F, 0x7C, 0xD6, 0x00, 0x64, 0x9F, 0x8E, 0xB7, 0xAA, 0x30, 0x88, 0x88,
    0x05, 0x30, 0x9F, 0x8E, 0xAB, 0x1E, 0xA0, 0x7E, 0xD3, 0xE7, 0x0E, 0x40, 0xE6, 0xB7, 0x3C, 0x90,
    0xF8, 0xC8, 0xC7, 0x23, 0x90, 0x0E, 0x91, 0x47, 0x80, 0x5C, 0x87, 0xA8, 0x2D, 0x94, 0xF3, 0xA0,
    0x33, 0xA0, 0x5E, 0xA6, 0xE1, 0x40, 0x96, 0x89, 0x79, 0x9D, 0x67, 0x3C, 0x73, 0xA2, 0x1C, 0xB8,
    0x26, 0x87, 0x48, 0x57, 0x1F, 0xD2, 0x8A, 0xA3, 0x74, 0x1B, 0x57, 0xD4, 0x8A, 0x20, 0x4F, 0xF7,
    0xA3, 0xF5, 0xA5, 0x7C, 0x22, 0xAE, 0x1E, 0xAE, 0xC9, 0x7B, 0xD2, 0xA7, 0x2E, 0xF6, 0xDC, 0x01,
    0x9D, 0xC3, 0x31, 0x1C, 0x44, 0x3E, 0xEA, 0xE1, 0xFA, 0x3C, 0x59, 0xB5, 0xE3, 0x4D, 0x9F, 0x01,
    0xC9, 0xC7, 0x7E, 0x07, 0x48, 0x45, 0x04, 0xC8, 0xBF, 0x9A, 0xDA, 0x06, 0xCA, 0x8F, 0x7D, 0x61,
    0xC1, 0x84, 0xFA, 0xDA, 0xF9, 0x85, 0x35, 0x91, 0xD6, 0xE6, 0x49, 0xB4, 0xB2, 0x89, 0x4C, 0x53,
    0xB7, 0x55, 0xDD, 0xCD, 0x5E, 0x9B, 0xCF, 0xA6, 0xAA, 0x94, 0x2E, 0x1D, 0x78, 0x37, 0x6D, 0xC0,
    0xE7, 0x1D, 0x01, 0xC7, 0xA9, 0xE5, 0x42, 0x8B, 0x5A, 0xA9, 0xC8, 0xA7, 0xFB, 0x6B, 0xCA, 0x2E,
    0x1E, 0x31, 0x15, 0x82, 0x81, 0x96, 0x1D, 0xA8, 0x01, 0xDA, 0x0D, 0x46, 0xC2, 0x8A, 0xDA, 0x5A,
    0xA9, 0x7D, 0x53, 0x05, 0x5B, 0xF3, 0x6B, 0x10, 0x8F, 0x9B, 0x47, 0x4C, 0xA3, 0xB0, 0x0B, 0xF6,
    0x66, 0x34, 0x77, 0x14, 0x35, 0xD4, 0x18, 0x1B, 0x4D, 0x14, 0x27, 0xAB, 0x81, 0x58, 0xA4, 0x81,
    0xAD, 0xB7, 0x21, 0x6D, 0x5E, 0x25, 0xB7, 0x0F, 0xC9, 0xBB, 0x87, 0x64, 0xCD, 0x01, 0xE7, 0x5B,
    0x26, 0x6B, 0xCC, 0xDF, 0x27, 0x1E, 0x62, 0xAA, 0x07, 0x94, 0x76, 0x97, 0x42, 0x87, 0x6D, 0xC0,
    0x00, 0x0F, 0x88, 0xA4, 0x87, 0x7B, 0x23, 0x60, 0x2A, 0xC8, 0xD5, 0xC0, 0xEE, 0xC6, 0x1C, 0x0F,
    0xE6, 0x18, 0x29, 0x6D, 0xFD, 0x7E, 0x4B, 0x21, 0x03, 0x5C, 0x85, 0x4C, 0x44, 0xC8, 0x03, 0xC4,
    0x93, 0xC3, 0x9A, 0xEF, 0x90, 0x74, 0x5C, 0x21, 0xAF, 0x80, 0x3D, 0x80, 0x01, 0x88, 0x7B, 0x20,
    0x6B, 0x80, 0xF2, 0x2E, 0x60, 0xA4, 0x83, 0xAB, 0xB7, 0x3C, 0x10, 0x09, 0x40, 0xBD, 0xA9, 0xAF,
    0x0C, 0xD8, 0x53, 0x68, 0x91, 0x56, 0x8B, 0xAC, 0x42, 0x91, 0x8F, 0x1E, 0x2B, 0xB2, 0x10, 0x59,
    0xCF, 0x31, 0xCC, 0xE1, 0xAE, 0x93, 0xDA, 0x37, 0xC8, 0xAB, 0x2B, 0xEC, 0x01, 0xC7, 0x10, 0x3B,
    0xC2, 0x6F, 0x01, 0x30, 0x6F, 0x43, 0x3D, 0x41, 0xD4, 0x76, 0x90, 0x39, 0x88, 0x3D, 0xA0, 0x31,
    0x9E, 0x0B, 0x7F, 0x05, 0xFC, 0x01, 0xD1, 0xF0, 0x07, 0x12, 0xD7, 0x52, 0x74, 0xE6, 0x91, 0x54,
    0xDB, 0xF2, 0x19, 0x70, 0x74, 0xD4, 0x00, 0x91, 0x48, 0x07, 0xB0, 0xBF, 0x5F, 0x71, 0xA1, 0xB5,
    0xE2, 0x12, 0x91, 0x6A, 0x25, 0xBF, 0x8D, 0x65, 0xAA, 0x12, 0x0F, 0x85, 0x5B, 0x46, 0xC9, 0xBB,
    0xF3, 0x62, 0x82, 0xB4, 0x8B, 0xC4, 0x5F, 0x2C, 0x92, 0xFD, 0x6A, 0x91, 0x22, 0x5F, 0xE4, 0x20,
    0x88, 0x5B, 0x24, 0xB1, 0x8B, 0xE4, 0xD5, 0x22, 0x7B, 0x2C, 0x72, 0xBC, 0xC8, 0xD4, 0x2F, 0x22,
    0x4D, 0x90, 0x0B, 0x03, 0xA9, 0x24, 0x2A, 0x3D, 0xEF, 0xC8, 0x61, 0xD4, 0x9E, 0x10, 0x26, 0xD8,
    0xF0, 0xCA, 0xD1, 0x07, 0x40, 0x29, 0x1E, 0xB8, 0xBA, 0x7F, 0xF3, 0x62, 0x15, 0x8D, 0x08, 0xAB,
    0xA9, 0x6A, 0x27, 0x92, 0x21, 0x6C, 0x9B, 0x9A, 0x6A, 0x43, 0xA3, 0x8C, 0x44, 0x99, 0xFE, 0x49,
    0x59, 0xE4, 0xCA, 0x07, 0xCA, 0x7F, 0x39, 0xA5, 0x34, 0xCA, 0x09, 0xE5, 0xB0, 0x79, 0x37, 0x64,
    0xD3, 0xCC, 0xF5, 0x49, 0x18, 0x05, 0xF8, 0x28, 0x5D, 0x4C, 0xF5, 0x79, 0x77, 0x26, 0xAC, 0xB3,
    0x86, 0xD0, 0x5E, 0x54, 0x8B, 0x4F, 0x0F, 0xC2, 0xC6, 0x2B, 0xAD, 0x32, 0xAF, 0x8E, 0x01, 0xE0,
    0xFF, 0x68, 0x77, 0xDC, 0xFC, 0x18, 0xC8, 0x7A, 0xA3, 0x74, 0xCA, 0xA4, 0xBB, 0xCE, 0x65, 0x2D,
    0x96, 0x11, 0x28, 0x1F, 0xB5, 0x1D, 0x08, 0xE9, 0x5A, 0xB3, 0x31, 0x92, 0x3A, 0xA8, 0x35, 0x2D,
    0xA6, 0x59, 0x36, 0x0C, 0x5B, 0xCE, 0x2C, 0x3A, 0x63, 0xD5, 0x0B, 0xD3, 0xCC, 0xEC, 0x17, 0xBA,
    0x4B, 0xA9, 0xFF, 0xB5, 0xCA, 0xF0, 0x56, 0xA1, 0xB4, 0x21, 0x5B, 0xE6, 0x66, 0x86, 0x51, 0x60,
    0xB1, 0x02, 0xF3, 0xB9, 0x8E, 0x9E, 0xCA, 0x04, 0xB0, 0x55, 0x85, 0xD5, 0x12, 0x16, 0x89, 0xE2,
    0xF2, 0x75, 0xB2, 0x92, 0x8A, 0x78, 0xBA, 0xDF, 0x93, 0xBA, 0x78, 0x20, 0xB7, 0x8C, 0x94, 0x0D,
    0x77, 0x30, 0x15, 0x06, 0x03, 0x01, 0xD5, 0x25, 0x08, 0x8F, 0x94, 0x0D, 0x75, 0x78, 0x2D, 0xEB,
    0x23, 0x4F, 0x3C, 0xDD, 0xD2, 0x92, 0xA5, 0x81, 0xE8, 0xED, 0x6F, 0xC4, 0x9D, 0xF7, 0xF7, 0xF7,
    0x6F, 0x39, 0x23, 0x73, 0x73, 0xA1, 0x7F, 0xB9, 0x3B, 0xF9, 0x13, 0xEE, 0xD4, 0xCF, 0x72, 0xE7,
    0xBF, 0xAA, 0x5F, 0x44, 0x2A, 0x73, 0x74, 0xD4, 0x3E, 0xAD, 0xFE, 0xF8, 0xC9, 0xFA, 0xE3, 0x6E,
    0x39, 0x3E, 0x9D, 0x51, 0x5E, 0xBE, 0x82, 0xBE, 0xD5, 0x1E, 0x7D, 0xF4, 0xCC, 0x23, 0xFB, 0x7F,
    0xED, 0xE0, 0xB3, 0x67, 0x10, 0xB5, 0x53, 0x45, 0x3E, 0xB5, 0x8E, 0xD2, 0x26, 0x7E, 0x73, 0x69,
    0x30, 0xCD, 0x8E, 0xDA, 0x85, 0xBA, 0x85, 0x5A, 0xA0, 0x70, 0x01, 0x5B, 0xB3, 0x47, 0x94, 0x22,
    0xA1, 0x07, 0x64, 0x8A, 0x7C, 0x41, 0x7F, 0x8A, 0xE2, 0xEC, 0x3C, 0xAD, 0x6A, 0x98, 0x30, 0x36,
    0xF6, 0x7A, 0x69, 0xE8, 0xD1, 0xDD, 0x34, 0x38, 0x94, 0x55, 0xB7, 0xC9, 0xED, 0x48, 0x31, 0xC7,
    0x93, 0x97, 0x86, 0x5E, 0x6F, 0x83, 0xE1, 0xD2, 0x40, 0x61, 0x77, 0xD1, 0x0A, 0xB2, 0x3E, 0x0C,
    0x97, 0x3A, 0x8E, 0xEE, 0x3B, 0x44, 0x42, 0x9F, 0x4C, 0xA3, 0x0F, 0x97, 0x06, 0xCD, 0x66, 0xA8,
    0xDF, 0x1F, 0x29, 0xA4, 0x87, 0x9B, 0xC0, 0xF6, 0xD1, 0x87, 0x40, 0x2E, 0x02, 0xF3, 0xA4, 0xF7,
    0x79, 0xAC, 0x89, 0x74, 0xB9, 0xF4, 0xAD, 0x34, 0x2F, 0x49, 0x9F, 0x79, 0xB8, 0x43, 0x32, 0xF3,
    0x80, 0x78, 0xE6, 0x31, 0x4C, 0xE0, 0xA0, 0x25, 0xEA, 0xD5, 0x96, 0xB8, 0x43, 0x9D, 0x5A, 0x96,
    0x51, 0x5A, 0x69, 0xD9, 0x39, 0x90, 0xAE, 0x77, 0x80, 0xC4, 0xBF, 0x01, 0x44, 0xE3, 0x2E, 0x80,
    0xBC, 0xAB, 0xAC, 0x9D, 0xD2, 0xF4, 0x2C, 0x96, 0x28, 0xF3, 0x66, 0x61, 0xA5, 0x2C, 0x15, 0x47,
    0x5E, 0xD9, 0x0E, 0x67, 0x0F, 0x6E, 0x29, 0x78, 0xE5, 0xE8, 0x2E, 0x18, 0xF1, 0x17, 0x8F, 0xCD,
    0x56, 0x90, 0xA1, 0x9E, 0x68, 0xD7, 0xB9, 0x23, 0xB7, 0xE9, 0x8C, 0x4A, 0x37, 0x61, 0x22, 0xCF,
    0x0E, 0x78, 0xF6, 0xE0, 0x21, 0xBB, 0x60, 0xB8, 0x3D, 0xA3, 0x5A, 0xEB, 0xC8, 0x0E, 0xF2, 0x8F,
    0xD5, 0xBB, 0xBF, 0x5A, 0x48, 0xFE, 0x31, 0x23, 0xFE, 0xAA, 0x02, 0x04, 0x60, 0x52, 0xFC, 0x42,
    0x71, 0xA0, 0x18, 0x80, 0xC8, 0x01, 0x89, 0x22, 0xB3, 0x68, 0xDD, 0x70, 0x6D, 0x02, 0xCA, 0x1E,
    0xCE, 0xB6, 0xF6, 0x7A, 0xC3, 0xD4, 0xEE, 0x01, 0xC0, 0x0B, 0x61, 0xAD, 0x1E, 0x98, 0xE1, 0x93,
    0xD1, 0x28, 0x36, 0x9F, 0x8D, 0xDF, 0x2A, 0x93, 0x79, 0xED, 0xAD, 0xBB, 0x40, 0x9B, 0x39, 0xC2,
    0xCF, 0x97, 0x78, 0x5D, 0x56, 0x90, 0x76, 0x9A, 0x25, 0xE3, 0xF7, 0x2F, 0x84, 0xD5, 0xFC, 0x7C,
    0xFB, 0x90, 0x68, 0x2C, 0xF4, 0xA2, 0x60, 0x2A, 0xD2, 0xFE, 0x8E, 0xBE, 0x3C, 0xC0, 0x0F, 0xA3,
    0xEE, 0x5B, 0xE6, 0xB7, 0x6E, 0x96, 0xC1, 0xE9, 0xC0, 0xCB, 0x77, 0x6C, 0xA8, 0x65, 0x9D, 0xC9,
    0x54, 0x4A, 0xBF, 0x2D, 0x8F, 0xE2, 0x09, 0x8C, 0xC5, 0x43, 0x19, 0xD8, 0xFC, 0x47, 0x8E, 0xE7,
    0x28, 0x0B, 0xEB, 0x8E, 0xB6, 0xA1, 0x14, 0x91, 0x86, 0x54, 0xA6, 0x55, 0x03, 0x57, 0xAB, 0x72,
    0x26, 0x3C, 0x9D, 0xC6, 0x02, 0x5B, 0xF2, 0x4F, 0x20, 0x17, 0x39, 0x5B, 0xCE, 0x01, 0x39, 0xC7,
    0x4F, 0x4E, 0xF9, 0x13, 0x9D, 0xF1, 0x7B, 0xED, 0x49, 0x32, 0x50, 0xD8, 0x78, 0x1D, 0x90, 0x9F,
    0xC7, 0x30, 0x23, 0xF2, 0x33, 0x90, 0x6A, 0x65, 0xA9, 0x45, 0x2C, 0xDB, 0x1F, 0xDE, 0xB2, 0x40,
    0xBE, 0x41, 0x71, 0x0A, 0xBD, 0x7F, 0x92, 0xC8, 0xD4, 0x8A, 0x88, 0x5D, 0x29, 0x12, 0xAF, 0x59,
    0x3C, 0xC9, 0xE3, 0x80, 0x6F, 0x06, 0x89, 0xE2, 0x96, 0xFC, 0x1A, 0x5A, 0x19, 0x80, 0x4C, 0x11,
    0x29, 0x42, 0xB9, 0xB7, 0x15, 0x37, 0xCE, 0xC3, 0x88, 0x0C, 0xAF, 0x4F, 0xF7, 0x86, 0xC8, 0x33,
    0xE0, 0xB9, 0x8D, 0xE7, 0x06, 0x9E, 0x97, 0xF1, 0xF0, 0xAC, 0x88, 0x46, 0xB8, 0x26, 0x77, 0x31,
    0x32, 0x40, 0x32, 0x00, 0x1A, 0xC7, 0x61, 0x1C, 0x6E, 0x6C, 0x22, 0x9C, 0x61, 0xC0, 0x72, 0x8E,
    0x01, 0x14, 0x41, 0xCF, 0x9F, 0x67, 0x97, 0x7F, 0x5B, 0x90, 0x8A, 0x30, 0x7F, 0x5C, 0xB0, 0x2D,
    0x13, 0xC9, 0x08, 0x94, 0x5D, 0x28, 0xB5, 0xB0, 0xCF, 0xAF, 0xD3, 0xEF, 0x82, 0x8A, 0x0C, 0x8B,
    0x8E, 0x3F, 0x93, 0x4A, 0xD5, 0x53, 0xDA, 0xA0, 0x79, 0x1F, 0x34, 0x73, 0x41, 0xD3, 0x53, 0x5D,
    0x5F, 0x50, 0xF7, 0xF8, 0x73, 0x79, 0x17, 0xB4, 0x6E, 0x4A, 0xCB, 0x3B, 0x22, 0x53, 0xF8, 0xE4,
    0x90, 0xC3, 0x4C, 0x44, 0x7D, 0x88, 0x1B, 0x00, 0x9F, 0xF5, 0x00, 0x63, 0x90, 0xF0, 0x83, 0xB9,
    0xBC, 0x60, 0xAB, 0xB1, 0x92, 0x86, 0xD5, 0xD4, 0xA8, 0xA3, 0xE9, 0x40, 0xB2, 0x86, 0xC4, 0x71,
    0xB9, 0x3C, 0xFA, 0x70, 0x11, 0x91, 0xB5, 0xCA, 0x3A, 0xF6, 0x8B, 0x30, 0x05, 0xA9, 0x2F, 0x93,
    0x76, 0x91, 0x68, 0x9C, 0xBB, 0xAB, 0xE9, 0xFE, 0xA0, 0x1F, 0x3A, 0x22, 0x8D, 0x88, 0x2D, 0x45,
    0xA4, 0xBF, 0x36, 0xC3, 0x21, 0x9A, 0xB5, 0x85, 0x0B, 0xE0, 0x32, 0x18, 0x11, 0xCB, 0x6B, 0x72,
    0xD4, 0x40, 0x0B, 0xCF, 0x05, 0x01, 0xBE, 0x2F, 0x9F, 0x43, 0x29, 0x02, 0xF0, 0xDD, 0x0D, 0x76,
    0x80, 0x2B, 0x7B, 0x40, 0xE1, 0x81, 0x7C, 0x00, 0xE2, 0xC3, 0x67, 0xAF, 0x52, 0x23, 0x9E, 0xD7,
    0xE5, 0x83, 0x67, 0xAC, 0x52, 0x0F, 0xEC, 0x9E, 0xC5, 0xF7, 0x0E, 0xC0, 0x0C, 0x60, 0x1C, 0x6C,
    0x57, 0x18, 0xE9, 0x0B, 0x69, 0x4A, 0xE9, 0x32, 0x69, 0x62, 0x21, 0x1E, 0x60, 0x66, 0x0F, 0x75,
    0x93, 0x58, 0x28, 0x6D, 0x5E, 0x41, 0xDE, 0x5F, 0x07, 0xD2, 0xB5, 0xA6, 0x48, 0xBC, 0x03, 0x90,
    0x5E, 0xD9, 0x5A, 0xA5, 0x59, 0x58, 0x76, 0x67, 0xE7, 0xC1, 0x97, 0x4B, 0x09, 0x7F, 0x1E, 0x81,
    0xB4, 0x11, 0x20, 0xA7, 0x6E, 0x60, 0x8F, 0xD2, 0xC2, 0x31, 0xB9, 0x03, 0xB7, 0xDC, 0xC5, 0x1D,
    0xC9, 0xC8, 0xEA, 0x84, 0x42, 0x0E, 0x5B, 0xA1, 0x16, 0x07, 0xC0, 0x13, 0x7C, 0xAB, 0x57, 0x4A,
    0xB7, 0xD0, 0x2A, 0x7F, 0x80, 0x91, 0x3F, 0x8A, 0x2B, 0xE5, 0x97, 0xD2, 0xC7, 0x23, 0x3F, 0x81,
    0x29, 0x6C, 0xFF, 0x0E, 0x8A, 0x4F, 0x2C, 0x64, 0x5F, 0x56, 0x90, 0x4C, 0x00, 0xA3, 0x42, 0x80,
    0xE4, 0x0B, 0xFD, 0xC7, 0x4F, 0x7B, 0xD8, 0x49, 0xD6, 0xB0, 0x1B, 0x79, 0x70, 0x3C, 0x24, 0x71,
    0xD4, 0xCD, 0xEA, 0x24, 0x92, 0x41, 0x24, 0x93, 0x11, 0xE0, 0x8D, 0x0D, 0x76, 0x15, 0x07, 0x04,
    0xD7, 0x28, 0x1D, 0xEA, 0xDB, 0xD7, 0xB1, 0x2D, 0xDA, 0x97, 0xBF, 0xDC, 0x24, 0x15, 0x91, 0x69,
    0xEE, 0xD7, 0x7F, 0xBB, 0xF9, 0xF5, 0x6D, 0xEB, 0x9F, 0xC3, 0x8C, 0xED, 0x7B, 0x72, 0xD4, 0xE8,
    0xA8, 0xF6, 0x39, 0xCD, 0x58, 0xAB, 0x19, 0xFE, 0xDF, 0xDD, 0xD8, 0x01, 0xA4, 0x1D, 0xD9, 0x1D,
    0xC7, 0xF1, 0xCF, 0x99, 0xD9, 0x97, 0xDB, 0xEE, 0x54, 0x27, 0x58, 0xD0, 0xE8, 0x0E, 0x14, 0xBA,
    0xD2, 0x5E, 0x28, 0xAA, 0x36, 0x99, 0x59, 0x00, 0x20, 0x48, 0x14, 0x90, 0x05, 0x58, 0xB4, 0x0F,
    0x82, 0x2D, 0x9B, 0xDC, 0xC9, 0x42, 0x00, 0x1E, 0x00, 0xD0, 0x87, 0xA2, 0x52, 0x64, 0x51, 0xA4,
    0xBC, 0xEC, 0x9D, 0x16, 0x8A, 0xC2, 0x55, 0x0A, 0xC0, 0xA8, 0x52, 0x6D, 0xD1, 0x59, 0xA6, 0xDC,
    0xAC, 0x79, 0xF7, 0x34, 0x27, 0x7B, 0x65, 0x88, 0x6E, 0xD5, 0xDA, 0xCD, 0x7B, 0xAF, 0x7F, 0xF3,
    0xBE, 0x66, 0x8E, 0x99, 0x77, 0xCE, 0x7C, 0xCF, 0xEF, 0x39, 0xE7, 0x0D, 0x8B, 0x0D, 0x94, 0x3D,
    0x54, 0x03, 0x2C, 0x47, 0xB8, 0xB6, 0x85, 0xF7, 0x27, 0x18, 0x4F, 0x61, 0x58, 0x23, 0xEB, 0x6B,
    0xE4, 0x5D, 0xDD, 0xB2, 0xE8, 0xAA, 0x8E, 0xA2, 0x29, 0x37, 0x94, 0xCA, 0x9E, 0x37, 0x2D, 0x06,
    0xEA, 0x87, 0xBF, 0x1A, 0xA9, 0x63, 0x9C, 0x78, 0x2C, 0x4C, 0x0C, 0x9C, 0x0A, 0x03, 0x6B, 0xD9,
    0x86, 0x95, 0xBC, 0xA3, 0x6E, 0x8B, 0x0D, 0x75, 0x77, 0xF8, 0xD4, 0x41, 0x1C, 0x63, 0x54, 0xC4,
    0x1D, 0xCC, 0x55, 0x74, 0xF3, 0xD8, 0x12, 0xF7, 0x2D, 0x73, 0x85, 0xF5, 0x8E, 0xC5, 0xD3, 0x75,
    0xA7, 0xDC, 0x14, 0xBD, 0xB2, 0xCB, 0x07, 0x8B, 0x04, 0x5E, 0x20, 0xFC, 0x78, 0x10, 0x62, 0x1C,
    0x94, 0x63, 0x3E, 0x58, 0xB6, 0xCF, 0x50, 0x7B, 0x86, 0x95, 0x04, 0x8B, 0x74, 0x59, 0x3E, 0x43,
    0xFB, 0xD6, 0xA8, 0x8A, 0x9F, 0x9C, 0x5A, 0xC4, 0xFB, 0xB1, 0xF1, 0x06, 0x60, 0x6F, 0xA8, 0x1C,
    0xF6, 0xD8, 0x0B, 0x03, 0x57, 0x7A, 0x58, 0x4F, 0x70, 0x7C, 0x1D, 0x24, 0x0A, 0x13, 0x14, 0x3D,
    0x2C, 0x9A, 0x99, 0x70, 0xEE, 0x8C, 0x87, 0x06, 0xF5, 0x16, 0xBF, 0xB9, 0x87, 0xCB, 0x4B, 0xB8,
    0x8E, 0x7C, 0x92, 0x7A, 0x44, 0xDE, 0x22, 0xBC, 0x42, 0xE9, 0xDF, 0x6A, 0xA0, 0xC6, 0x41, 0x73,
    0x82, 0xEA, 0x93, 0x7E, 0x3F, 0x48, 0xB6, 0xD7, 0x90, 0x6F, 0x8A, 0x86, 0x20, 0x9C, 0x5B, 0xAD,
    0x80, 0xAA, 0xC5, 0x75, 0x8A, 0xE1, 0x31, 0xD5, 0xF6, 0x88, 0xEB, 0x77, 0x31, 0x96, 0x8D, 0xAC,
    0xCD, 0xDA, 0x57, 0x97, 0xE5, 0xEC, 0x18, 0xC2, 0x08, 0x3E, 0x38, 0x68, 0x50, 0x55, 0x83, 0x8B,
    0xA8, 0xF5, 0x1E, 0x2C, 0x61, 0xF1, 0xBB, 0x09, 0x0F, 0x76, 0x28, 0x7F, 0xDE, 0x70, 0x2D, 0xDF,
    0x70, 0xEC, 0x23, 0x73, 0x39, 0x8C, 0xAD, 0xB0, 0x3B, 0x1C, 0xE4, 0x63, 0xB6, 0x4D, 0x9E, 0x26,
    0x21, 0x81, 0x19, 0xB7, 0x26, 0x56, 0x71, 0x92, 0x9F, 0x9A, 0x14, 0xBD, 0x49, 0xD9, 0x99, 0x54,
    0x9F, 0x21, 0xA4, 0xCB, 0xFC, 0x19, 0xFA, 0xD7, 0x9F, 0x58, 0xC4, 0x69, 0xD5, 0x84, 0xD8, 0xAF,
    0x36, 0x0E, 0x98, 0xAB, 0x1C, 0xE1, 0x6B, 0x6F, 0x83, 0xAB, 0x38, 0x78, 0x67, 0x94, 0x92, 0xDB,
    0x5D, 0x38, 0xC5, 0xD9, 0x31, 0x8A, 0x13, 0x78, 0x13, 0xBE, 0x47, 0x31, 0x0C, 0x54, 0xDB, 0xE6,
    0xCC, 0xE2, 0xCB, 0x93, 0xAC, 0x23, 0x8B, 0xFF, 0xE8, 0xC8, 0x1F, 0xC4, 0x86, 0xCC, 0x7B, 0x70,
    0xD0, 0xC0, 0x05, 0x8C, 0xF2, 0x1B, 0x1A, 0xE2, 0xFD, 0x8D, 0x2C, 0xC6, 0x4E, 0xDE, 0xAD, 0x81,
    0x24, 0x5B, 0x92, 0xED, 0x0C, 0x65, 0x5F, 0x3A, 0x7A, 0x59, 0xEA, 0xC9, 0x13, 0x84, 0xA1, 0x42,
    0xDE, 0xE6, 0x2D, 0xE6, 0xBA, 0x98, 0xBB, 0x88, 0xF9, 0x45, 0xCB, 0x11, 0xCB, 0x09, 0x77, 0xAF,
    0xCF, 0xC2, 0xBB, 0xF3, 0xB3, 0xD1, 0xF0, 0x1E, 0x98, 0x20, 0x0C, 0x90, 0xB7, 0x09, 0xDD, 0xA2,
    0x49, 0x32, 0x2B, 0x88, 0xBB, 0x79, 0xB2, 0xC2, 0x79, 0x9F, 0x9A, 0x1A, 0x4E, 0x10, 0x7A, 0xC2,
    0x87, 0xEF, 0x34, 0x42, 0xBF, 0x68, 0xD9, 0x3D, 0x6A, 0x58, 0xED, 0x50, 0xFC, 0xC5, 0xAB, 0xF4,
    0xFF, 0x0B, 0x70, 0x02, 0x96, 0x60, 0xD1, 0x5C, 0x64, 0xC3, 0x4F, 0x60, 0x09, 0x45, 0x4B, 0xB8,
    0x7F, 0xFF, 0xCC, 0x0D, 0x5F, 0x69, 0xE1, 0x47, 0x03, 0xB8, 0x33, 0x27, 0x39, 0x0D, 0x4A, 0xFE,
    0xDB, 0x8B, 0xE7, 0x39, 0xBC, 0x18, 0xC7, 0x6B, 0xEF, 0xC3, 0x0F, 0x91, 0x3D, 0x8F, 0xF3, 0xD9,
    0xCB, 0x7E, 0x12, 0x3A, 0xB2, 0xF8, 0xD7, 0x8E, 0xFC, 0xF7, 0xF3, 0x62, 0x89, 0x8B, 0x19, 0xEA,
    0x79, 0xB1, 0x0C, 0xFB, 0xC5, 0xB2, 0x01, 0x42, 0x1B, 0xCE, 0x5A, 0x76, 0xD6, 0xE6, 0xC8, 0xBB,
    0x12, 0xE1, 0xD3, 0x35, 0xAC, 0x27, 0xB8, 0x72, 0xEC, 0xFF, 0x64, 0x99, 0x0C, 0x5D, 0xD6, 0xFE,
    0x17, 0xCB, 0x67, 0xBE, 0x42, 0xAE, 0x63, 0x8C, 0xDD, 0x61, 0x42, 0x3E, 0x29, 0xBA, 0x6C, 0x92,
    0x27, 0x64, 0x2F, 0xC0, 0xCB, 0x38, 0xBD, 0x75, 0x43, 0x16, 0xE3, 0x94, 0xCE, 0x6E, 0xA6, 0x36,
    0x9F, 0x8B, 0x3B, 0x09, 0xBF, 0x4E, 0x18, 0xF3, 0x49, 0x36, 0xDC, 0xDE, 0x3D, 0x7C, 0x34, 0xA4,
    0x2E, 0x07, 0x73, 0xD9, 0xCE, 0x8F, 0xC0, 0xD6, 0x5C, 0xC9, 0x57, 0xB6, 0x5B, 0x77, 0x8B, 0xA1,
    0x18, 0x9E, 0x89, 0x19, 0xAB, 0x36, 0x9B, 0xEA, 0x26, 0x4C, 0x35, 0x53, 0xFD, 0xF0, 0xE1, 0x94,
    0x66, 0xAF, 0xBE, 0x75, 0xEB, 0x66, 0x8D, 0x1A, 0x75, 0x43, 0xD5, 0x51, 0x6E, 0x7C, 0x67, 0x31,
    0x86, 0x31, 0x8B, 0xB1, 0xB7, 0x8A, 0x8D, 0x70, 0x63, 0xF6, 0x50, 0x0E, 0xE9, 0x67, 0x96, 0x10,
    0x3E, 0x46, 0x11, 0x3B, 0x5E, 0xCF, 0x7B, 0xE4, 0x1B, 0x54, 0x1D, 0x3E, 0x86, 0x3B, 0x12, 0xCE,
    0xDA, 0x57, 0x68, 0xA8, 0x27, 0x7E, 0xB6, 0xE2, 0x72, 0x85, 0x9A, 0x7C, 0x22, 0xDF, 0x90, 0x77,
    0x84, 0xE6, 0xCB, 0x17, 0x76, 0xD0, 0xA0, 0x1E, 0xBF, 0xC9, 0x7A, 0xF7, 0x13, 0xFA, 0xD5, 0x44,
    0x73, 0xA9, 0x87, 0xB3, 0xD6, 0x71, 0x93, 0x2C, 0xB6, 0x1F, 0x2D, 0xFE, 0xF9, 0xAF, 0xBE, 0xC8,
    0x62, 0x77, 0xE0, 0xA7, 0x5F, 0x55, 0x66, 0xC2, 0x31, 0xF2, 0x9E, 0x9B, 0x45, 0x2B, 0xDB, 0xBD,
    0xC9, 0x22, 0x36, 0x94, 0x0F, 0x36, 0x5C, 0x33, 0x70, 0xD9, 0xE5, 0x33, 0x96, 0xF1, 0xF2, 0x17,
    0x93, 0x7E, 0xFF, 0xC5, 0xC4, 0xBD, 0xBB, 0x18, 0x2B, 0xF3, 0x7F, 0x41, 0xB3, 0x22, 0xC9, 0x91,
    0x24, 0x49, 0xB2, 0x24, 0x69, 0x92, 0x3C, 0x49, 0xA2, 0x24, 0x53, 0x92, 0x2A, 0xC9, 0x95, 0x1A,
    0x7B, 0x34, 0xA8, 0x3A, 0x24, 0x61, 0x92, 0x31, 0x49, 0x99, 0xE4, 0x4C, 0x92, 0xE6, 0xBB, 0xB0,
    0x6C, 0x50, 0x74, 0x37, 0x09, 0x7F, 0xDE, 0x39, 0x7F, 0xD6, 0x5E, 0xDE, 0xEC, 0x7D, 0xB8, 0x25,
    0x3C, 0xD8, 0xA1, 0x7A, 0xD4, 0x70, 0x6D, 0xD1, 0x71, 0xEC, 0xD8, 0x5C, 0xAA, 0xD8, 0xB2, 0x7E,
    0x34, 0x08, 0x53, 0x1A, 0xE6, 0xE0, 0xD4, 0xA2, 0xB7, 0x4E, 0x22, 0x56, 0xCA, 0x4E, 0xAD, 0xFC,
    0xFB, 0xC3, 0xB5, 0x32, 0xC6, 0xA8, 0xFC, 0xD3, 0xAD, 0x5B, 0xA9, 0xCD, 0x1E, 0x1B, 0x2C, 0x06,
    0xE4, 0xA3, 0xAF, 0x0B, 0xA7, 0xEE, 0xB2, 0x8E, 0x5B, 0xAA, 0xB8, 0xC1, 0x4D, 0x00, 0x62, 0x83,
    0x07, 0x1D, 0xF2, 0x8E, 0x9B, 0x55, 0x23, 0xDB, 0x5D, 0x3D, 0x8F, 0xFE, 0xB2, 0x63, 0x8A, 0x13,
    0x7C, 0x1B, 0x57, 0x15, 0x7D, 0xAF, 0xDA, 0x36, 0x29, 0x74, 0xC6, 0x6A, 0x8E, 0xDC, 0x97, 0xFD,
    0x27, 0x59, 0x1C, 0x5D, 0xA5, 0x3E, 0x7D, 0xCC, 0xFB, 0xAB, 0x81, 0x77, 0x2F, 0xB5, 0x7B, 0x7F,
    0xD9, 0xB9, 0x8C, 0xD9, 0x1B, 0x1A, 0xF1, 0xC3, 0x2E, 0x4B, 0x3D, 0xB7, 0x6B, 0xA0, 0xE8, 0xA9,
    0xB6, 0xBE, 0x72, 0x55, 0x7E, 0x89, 0x2C, 0x22, 0x7F, 0xAE, 0xE5, 0x0F, 0x1D, 0xDF, 0xCF, 0x06,
    0x7E, 0xE0, 0x0E, 0x5C, 0x80, 0x4D, 0xC0, 0xA5, 0x23, 0xCA, 0x81, 0xE5, 0xC4, 0xDD, 0x7B, 0x8C,
    0x65, 0x93, 0x74, 0xBD, 0xCA, 0x0D, 0xC2, 0xA5, 0xA7, 0xAA, 0xD8, 0x7E, 0xA3, 0xE8, 0x14, 0x9D,
    0xC3, 0xC6, 0x53, 0x06, 0x7A, 0x92, 0xB9, 0xE1, 0x30, 0x1E, 0xA7, 0xD7, 0xFA, 0x42, 0x47, 0x3E,
    0xB9, 0x1D, 0x8F, 0xD6, 0x71, 0x70, 0x43, 0x11, 0x9B, 0xF2, 0x76, 0xF7, 0x5A, 0x9E, 0x7A, 0xB1,
    0x6E, 0x8C, 0x0C, 0xDC, 0x80, 0x7A, 0x72, 0x65, 0x12, 0x26, 0xFE, 0x87, 0x23, 0x9C, 0xBA, 0x12,
    0x8F, 0xEA, 0x38, 0x7C, 0x69, 0x63, 0x03, 0x61, 0xDC, 0x37, 0x86, 0x11, 0x5C, 0x26, 0xDD, 0x26,
    0xA4, 0xC9, 0x05, 0xBE, 0xF8, 0x50, 0x01, 0xDB, 0x7D, 0xD7, 0xF3, 0xEC, 0x23, 0x8B, 0xA7, 0x58,
    0x7E, 0xBA, 0xDE, 0x10, 0x2D, 0x46, 0xF9, 0x96, 0x53, 0x8B, 0x81, 0x95, 0xB2, 0xA7, 0x6E, 0xAB,
    0x8E, 0x65, 0xB7, 0xEC, 0xA8, 0x36, 0xF5, 0xF3, 0xC9, 0xAD, 0x5B, 0xCA, 0xFE, 0x39, 0x87, 0xCF,
    0x61, 0x5F, 0x77, 0x89, 0x9F, 0x3D, 0x55, 0x25, 0x76, 0x9F, 0xFD, 0xB6, 0x62, 0xA0, 0xDE, 0xF7,
    0x62, 0x97, 0x4E, 0xD4, 0x7F, 0x4B, 0xBD, 0x2F, 0xE2, 0x0E, 0x0E, 0x1A, 0x00, 0xCA, 0x16, 0xAA,
    0x6E, 0x66, 0x6A, 0x99, 0x8B, 0xC3, 0xD8, 0xC8, 0x76, 0x8F, 0x7A, 0x8B, 0x21, 0xDB, 0x2A, 0x3B,
    0xA7, 0x96, 0xAD, 0x7B, 0xEA, 0x46, 0xAD, 0xB6, 0x47, 0xF3, 0x1F, 0x20, 0xDD, 0x62, 0xD9, 0x5A,
    0x49, 0x8F, 0x29, 0xFA, 0x30, 0xC9, 0x76, 0xB7, 0x07, 0x56, 0xB1, 0xF5, 0x22, 0xB1, 0x64, 0xFB,
    0x75, 0x45, 0xD2, 0x43, 0x3E, 0x00, 0x58, 0x1E, 0x41, 0x9C, 0x60, 0xF3, 0x01, 0x78, 0x1B, 0xC2,
    0x96, 0xE4, 0x49, 0x22, 0x28, 0xCE, 0xBD, 0xF1, 0x1B, 0xA8, 0x76, 0xB8, 0x76, 0xD8, 0x70, 0xB9,
    0x6C, 0x50, 0x35, 0x84, 0x1D, 0xB2, 0x3E, 0x61, 0x03, 0xCD, 0xAB, 0x53, 0xFF, 0x16, 0xB8, 0x87,
    0x83, 0x66, 0xC4, 0xF2, 0x8F, 0x1B, 0xAC, 0x47, 0x84, 0xF1, 0x04, 0x8B, 0xAE, 0x42, 0x10, 0x2E,
    0x48, 0x9C, 0x3B, 0x54, 0x2C, 0xC6, 0xB7, 0x29, 0xA7, 0x77, 0xA9, 0xEF, 0xE1, 0x71, 0xD1, 0x0A,
    0x9B, 0xB0, 0x79, 0x75, 0xB9, 0xFE, 0x37, 0xD5, 0xD6, 0x01, 0x84, 0x24, 0xD9, 0x1D, 0xC7, 0xF1,
    0x4F, 0x55, 0xCD, 0x5C, 0xB1, 0x2D, 0xA9, 0xC3, 0x06, 0xB9, 0x93, 0x2D, 0x80, 0x88, 0xCD, 0x36,
    0x1C, 0x82, 0xDD, 0xAB, 0x4A, 0x00, 0x02, 0x83, 0x03, 0x90, 0x03, 0x88, 0x20, 0xBB, 0x58, 0x2C,
    0xD9, 0xDB, 0x2E, 0x02, 0x00, 0x4B, 0x10, 0x1C, 0x2C, 0x82, 0x8B, 0x90, 0x0B, 0x16, 0x83, 0x98,
    0x7E, 0x07, 0x00, 0x14, 0x21, 0x01, 0xA4, 0xE2, 0x4E, 0x08, 0xB8, 0x22, 0x1D, 0xEA, 0x72, 0xDD,
    0xFD, 0x62, 0xFA, 0xA1, 0xE0, 0x96, 0x5C, 0x6C, 0x66, 0xA6, 0xFF, 0xF8, 0xFD, 0x79, 0xDE, 0xEB,
    0x6E, 0xDF, 0xEF, 0xAB, 0x7F, 0x57, 0xFE, 0x1C, 0xF2, 0x11, 0x9C, 0x9F, 0xB6, 0xF8, 0xFE, 0xB2,
    0x87, 0xD5, 0x06, 0xD9, 0xE6, 0x8F, 0x28, 0x42, 0x8D, 0x4C, 0x06, 0x20, 0x8F, 0x3B, 0x2C, 0xFF,
    0xBD, 0xEE, 0x89, 0xCA, 0x8D, 0x62, 0x62, 0xA7, 0x1C, 0x59, 0xA9, 0x06, 0x9A, 0xAE, 0x0E, 0x2C,
    0xC3, 0x32, 0x50, 0xF7, 0x4D, 0xA0, 0xEA, 0x9B, 0x8E, 0x6A, 0x38, 0xE4, 0xF8, 0x8A, 0x1C, 0x0E,
    0x3B, 0x87, 0x74, 0xAA, 0xBE, 0xCC, 0x90, 0x3E, 0x6D, 0x31, 0xD2, 0xA4, 0x6F, 0x61, 0xAF, 0x98,
    0x68, 0xFE, 0xB1, 0xEE, 0x29, 0xE3, 0x1E, 0x4E, 0x5B, 0x40, 0x03, 0x55, 0x87, 0xE2, 0x93, 0x1D,
    0x7E, 0x15, 0x51, 0xFD, 0x35, 0x70, 0x2F, 0x1F, 0x78, 0xEC, 0xB1, 0xB9, 0xBC, 0x1D, 0x7B, 0xD6,
    0xBF, 0x9B, 0x64, 0x5B, 0x17, 0x8A, 0x51, 0xD3, 0x2E, 0x06, 0x75, 0x57, 0xF5, 0xAA, 0x50, 0x05,
    0x29, 0xFA, 0xAF, 0x88, 0x70, 0xD8, 0x72, 0xB9, 0x39, 0x1C, 0x8E, 0xE5, 0x93, 0x15, 0xEB, 0x5F,
    0x6F, 0xA9, 0xE3, 0x80, 0xF7, 0xCC, 0x55, 0x8D, 0x70, 0xF2, 0x04, 0xFC, 0x00, 0xA7, 0x3F, 0x1A,
    0xB1, 0xFC, 0x53, 0x87, 0xF5, 0x0C, 0xBA, 0x3C, 0x16, 0xD0, 0xD9, 0x6F, 0x50, 0x5C, 0x40, 0x05,
    0x77, 0x28, 0x37, 0x2F, 0xA9, 0xB6, 0x67, 0x34, 0xCF, 0x70, 0xBE, 0xE8, 0x64, 0x7D, 0xD6, 0x33,
    0xD7, 0xC3, 0xD8, 0xCA, 0xF7, 0x1F, 0x0F, 0xCA, 0x31, 0x9F, 0x54, 0xC1, 0xCE, 0xB2, 0xF3, 0x4C,
    0xD3, 0x6A, 0x34, 0xA4, 0x68, 0xBF, 0x22, 0xD2, 0x96, 0x65, 0x67, 0x95, 0x8E, 0x2D, 0x86, 0x6C,
    0x2B, 0xDF, 0xBF, 0x3F, 0xB2, 0x8A, 0x1D, 0xD9, 0x19, 0xB2, 0xA9, 0xE8, 0x28, 0xE2, 0x87, 0x2D,
    0x8B, 0x1F, 0x47, 0xDC, 0xF2, 0xD3, 0xF9, 0x37, 0x2F, 0x7B, 0xC7, 0x49, 0xFB, 0xC4, 0x19, 0xEB,
    0x7E, 0xE0, 0xCB, 0xD8, 0xCB, 0xC3, 0xAA, 0x03, 0x94, 0x1B, 0x54, 0x5B, 0xD7, 0x87, 0xDC, 0xAD,
    0x0E, 0x9A, 0x01, 0x56, 0x23, 0x4C, 0x5B, 0x14, 0xC3, 0x3D, 0x94, 0x6D, 0x09, 0x1C, 0xC1, 0xDC,
    0x40, 0xD5, 0x41, 0x1D, 0xE6, 0x4C, 0x2B, 0x20, 0x7F, 0x81, 0xC5, 0x84, 0x7A, 0x87, 0xA6, 0x39,
    0x00, 0x0F, 0x57, 0x0E, 0x1C, 0xF2, 0x11, 0xC5, 0x06, 0xE5, 0x06, 0xC5, 0x08, 0xC0, 0xCF, 0x80,
    0x1D, 0xC8, 0x27, 0x50, 0x0C, 0xA0, 0x6A, 0xC1, 0x77, 0x00, 0x7C, 0x1B, 0x68, 0xDA, 0x83, 0x96,
    0xA6, 0x3B, 0x78, 0xA9, 0xDB, 0x83, 0x98, 0x2A, 0x31, 0xBB, 0x93, 0xD4, 0x6C, 0x92, 0x9B, 0x20,
    0xC9, 0x91, 0x38, 0x4B, 0xD0, 0x35, 0xDD, 0xDC, 0x46, 0xAF, 0x6E, 0x83, 0x74, 0x40, 0x3A, 0x2E,
    0x79, 0x92, 0x44, 0x49, 0xA6, 0x24, 0x55, 0xC9, 0x95, 0x24, 0x4B, 0xB2, 0x35, 0xEB, 0xF2, 0xC6,
    0x73, 0xD4, 0x3D, 0x9A, 0x16, 0x1F, 0xC0, 0x06, 0x59, 0xE7, 0x1C, 0xD9, 0x1E, 0xF6, 0x97, 0x2E,
    0x1E, 0x5C, 0xBA, 0xB8, 0x7F, 0xE9, 0xE2, 0x65, 0x15, 0xC4, 0x70, 0xC0, 0xFB, 0x9A, 0x5C, 0xE4,
    0x2F, 0x40, 0x31, 0x01, 0x5B, 0xA0, 0x31, 0xD3, 0x26, 0x0F, 0x47, 0x4F, 0xFB, 0xB7, 0xB0, 0x86,
    0x65, 0x8B, 0x45, 0x40, 0x3E, 0xC0, 0xA3, 0xAB, 0xA4, 0x6D, 0xF9, 0x1C, 0xC4, 0x2D, 0xE8, 0x9F,
    0x02, 0xF7, 0x41, 0x36, 0x81, 0xAA, 0x4F, 0x0D, 0x58, 0x1C, 0x31, 0x74, 0x67, 0xA8, 0xF7, 0x78,
    0xF0, 0xB0, 0xE5, 0xCD, 0xAA, 0x45, 0xDD, 0x26, 0xDA, 0x09, 0x7F, 0xDE, 0x3B, 0xA7, 0xBD, 0x1A,
    0xFC, 0x29, 0x58, 0xEC, 0xF3, 0x80, 0x7A, 0xFD, 0x97, 0x0E, 0x77, 0x17, 0x11, 0x6E, 0x67, 0xE7,
    0x47, 0x7F, 0xCB, 0x6F, 0x23, 0x8B, 0xDD, 0x3B, 0x8A, 0xCF, 0xBF, 0x18, 0x95, 0x3F, 0x8C, 0x83,
    0xCC, 0xBD, 0xF6, 0xAA, 0x2E, 0xF8, 0xB1, 0xE3, 0x03, 0xA8, 0x3A, 0x50, 0x07, 0x52, 0x9B, 0x17,
    0xE7, 0xBA, 0x62, 0xA8, 0xAF, 0xFC, 0xBF, 0x5C, 0xC5, 0xB1, 0x88, 0xBB, 0x87, 0x71, 0xC8, 0xD7,
    0x53, 0xBE, 0xA3, 0xEA, 0xB2, 0x2D, 0x55, 0x7B, 0x48, 0xAF, 0x37, 0xA5, 0xDC, 0x51, 0xB3, 0xE6,
    0x5D, 0x9A, 0xDE, 0x96, 0x3A, 0x7E, 0x3C, 0x92, 0xC7, 0xD8, 0x22, 0x6B, 0x01, 0x28, 0x7B, 0xA8,
    0xC6, 0x39, 0xD3, 0x0A, 0x34, 0x53, 0x16, 0x7B, 0xCB, 0xC9, 0x7A, 0x90, 0x4F, 0xAA, 0x41, 0x36,
    0x59, 0xFC, 0x0F, 0xB9, 0x95, 0xB2, 0x1A, 0xD8, 0xAA, 0x07, 0xA2, 0x5F, 0x8C, 0x34, 0xF1, 0xD3,
    0x1D, 0x55, 0xFC, 0x65, 0x6C, 0x39, 0x33, 0xD7, 0x12, 0xAC, 0xDA, 0x39, 0x1B, 0x73, 0xDD, 0x9A,
    0xA0, 0x89, 0xF0, 0xDD, 0xAA, 0x85, 0x94, 0x2B, 0xC8, 0x27, 0xC8, 0x7B, 0xC8, 0x82, 0x1B, 0x6E,
    0xE1, 0x5B, 0x70, 0x89, 0x99, 0xE2, 0xCF, 0x1B, 0x64, 0x36, 0x90, 0x8D, 0xB0, 0xEC, 0xE1, 0x1E,
    0xB8, 0x0B, 0x4E, 0x5C, 0xAB, 0x9D, 0xB7, 0x3A, 0xD0, 0xB4, 0xE0, 0x02, 0x98, 0x40, 0xD1, 0x83,
    0xB2, 0x05, 0x78, 0xA3, 0x05, 0x55, 0x7F, 0x60, 0x5F, 0x0D, 0x07, 0xF8, 0x65, 0x7F, 0xA0, 0x5F,
    0x84, 0x03, 0xAA, 0x32, 0x59, 0xF8, 0xBD, 0x43, 0xFB, 0x2C, 0x35, 0xAF, 0xB7, 0x49, 0x4D, 0xD2,
    0x21, 0xF9, 0x90, 0x84, 0x48, 0x46, 0x24, 0x25, 0x24, 0x27, 0x7C, 0x04, 0xC5, 0x04, 0xE5, 0x08,
    0x55, 0x98, 0x45, 0xBC, 0x23, 0xDB, 0x40, 0xB1, 0x4D, 0x79, 0x10, 0xB1, 0x3D, 0x88, 0x78, 0x79,
    0x29, 0xE2, 0x6F, 0xE3, 0x25, 0xD8, 0xD8, 0x5D, 0xE6, 0xE6, 0xFF, 0x23, 0x22, 0xFB, 0x08, 0xD8,
    0x01, 0xCD, 0x3C, 0x16, 0x67, 0x11, 0x5E, 0x1C, 0xBD, 0x88, 0xB7, 0x5A, 0xA8, 0xC3, 0xEC, 0x21,
    0x91, 0xF7, 0x14, 0x7C, 0xE3, 0x9A, 0x45, 0xCC, 0xB3, 0x48, 0x13, 0x99, 0xA7, 0x91, 0xD4, 0xAC,
    0xCC, 0x03, 0x49, 0xDE, 0x83, 0x2C, 0x1C, 0xA9, 0x8F, 0xAF, 0x3B, 0xAD, 0xB2, 0x0D, 0x27, 0xD7,
    0xEA, 0xE6, 0x36, 0xC8, 0x62, 0xF7, 0x08, 0xC5, 0xE7, 0xFF, 0x1A, 0x51, 0xE6, 0xB1, 0xC7, 0xA9,
    0x7B, 0xED, 0xB1, 0x3F, 0x1D, 0x29, 0xEB, 0xA9, 0xC4, 0xBB, 0xF1, 0x7D, 0x3C, 0x5A, 0xEE, 0x70,
    0x96, 0x7F, 0x76, 0xFD, 0xCF, 0xC5, 0x31, 0x83, 0x05, 0x28, 0x7B, 0x50, 0x8D, 0xA4, 0x36, 0x2F,
    0xCE, 0x75, 0x7D, 0xA8, 0xBF, 0xC6, 0x2B, 0x53, 0xFE, 0x02, 0x8A, 0x09, 0xEC, 0x40, 0x63, 0x1E,
    0x54, 0x79, 0x80, 0xB9, 0x9A, 0x38, 0x56, 0x71, 0x58, 0xC6, 0x17, 0xB7, 0xE2, 0x50, 0xEC, 0x58,
    0xC9, 0x76, 0x3C, 0x65, 0xCD, 0x39, 0x4D, 0x6B, 0x64, 0x19, 0xF2, 0x9E, 0x6A, 0x28, 0x02, 0xE5,
    0xB8, 0x68, 0x29, 0xA6, 0x1A, 0xD9, 0xF6, 0x3E, 0x5C, 0x3C, 0x81, 0x66, 0x1E, 0x0C, 0xAA, 0xF0,
    0xDF, 0x66, 0xDD, 0xE3, 0x74, 0xFD, 0x45, 0xCB, 0x22, 0xC6, 0x8E, 0xEF, 0xC1, 0x32, 0xA0, 0xEA,
    0x51, 0x8C, 0x70, 0x0E, 0x77, 0x99, 0x6B, 0x1D, 0xC5, 0x69, 0xB5, 0xB7, 0xDE, 0x54, 0xA3, 0x2A,
    0x94, 0xA3, 0xAA, 0x2D, 0x36, 0x2A, 0xD9, 0xD6, 0x1D, 0xB6, 0x1E, 0x70, 0xE1, 0x3E, 0x8D, 0x27,
    0x34, 0xED, 0x86, 0x3A, 0x8C, 0x54, 0x9F, 0x0C, 0x2C, 0x3E, 0x0D, 0x14, 0xFF, 0x0C, 0xE4, 0x5F,
    0xB6, 0x88, 0xB0, 0x87, 0x0F, 0xE0, 0x29, 0x4C, 0xC8, 0x46, 0x14, 0x23, 0x16, 0x01, 0x4D, 0xC7,
    0xDB, 0x7B, 0x2C, 0x87, 0x9B, 0x48, 0xCE, 0x5C, 0xF3, 0x9E, 0x39, 0xAB, 0x70, 0xC5, 0xEC, 0xEA,
    0x56, 0x31, 0x36, 0xC1, 0x22, 0x34, 0x41, 0xD3, 0xD5, 0xED, 0xCC, 0x8E, 0xE5, 0x73, 0x88, 0x5B,
    0xE8, 0x1F, 0x80, 0x43, 0x66, 0x5B, 0x58, 0x0C, 0x87, 0x34, 0xA7, 0x1B, 0x49, 0xFC, 0x36, 0xCA,
    0xD8, 0xB1, 0xF8, 0xB0, 0xE7, 0xA4, 0x18, 0x50, 0xF6, 0x58, 0x75, 0x78, 0x02, 0x8F, 0xE1, 0xCD,
    0x1B, 0x73, 0x6B, 0x79, 0x0F, 0x8A, 0xD8, 0x0E, 0x2C, 0xE2, 0xDF, 0x7B, 0xBE, 0x59, 0xC6, 0xC0,
    0x89, 0x9F, 0xDF, 0xF0, 0xC9, 0x70, 0xDA, 0x62, 0xB9, 0x59, 0xF0, 0x2C, 0xFE, 0x84, 0x3F, 0x2C,
    0xB7, 0x9C, 0xBD, 0x31, 0xDC, 0xA8, 0xA1, 0xF0, 0x1F, 0xA5, 0x98, 0x01, 0x84, 0x5D, 0xD9, 0xFD,
    0xC7, 0x3F, 0xF7, 0xDE, 0x99, 0xDC, 0xFD, 0xFF, 0x6F, 0xCD, 0x19, 0xCC, 0x28, 0xDB, 0x9D, 0xB9,
    0x45, 0xB0, 0x22, 0xF3, 0x6E, 0x11, 0x04, 0xEF, 0xCD, 0x39, 0xBB, 0xC1, 0x62, 0xD1, 0xC1, 0x8E,
    0xA5, 0xAB, 0xB6, 0x28, 0x58, 0x48, 0x55, 0x30, 0x98, 0xC9, 0x3B, 0xBB, 0x01, 0x50, 0x0D, 0x00,
    0xD0, 0x41, 0xCB, 0x6E, 0xB0, 0x1B, 0x04, 0x51, 0x49, 0xEE, 0xC9, 0x06, 0x45, 0xD1, 0xBB, 0x5D,
    0x55, 0x40, 0x6F, 0xED, 0x2E, 0x04, 0x5C, 0x7A, 0xB5, 0x6F, 0xD3, 0xF7, 0xDE, 0xE9, 0x39, 0xE7,
    0xBD, 0x79, 0xB9, 0x9E, 0x49, 0x24, 0x99, 0xEF, 0x3D, 0xDF, 0xEF, 0xFB, 0x9D, 0xF3, 0xFB, 0xFD,
    0x7E, 0xE7, 0x9C, 0xDF, 0xEE, 0x5C, 0xEF, 0xE5, 0xF8, 0x59, 0xD8, 0xFB, 0xC5, 0xFF, 0x5D, 0xBE,
    0xB8, 0x76, 0x3B, 0x31, 0xA2, 0x2E, 0x46, 0xBF, 0xFE, 0x4D, 0xAC, 0x5F, 0xEC, 0x89, 0x14, 0x06,
    0x1A, 0xE8, 0x53, 0x5A, 0x6E, 0xF7, 0x39, 0xBE, 0xCD, 0xB1, 0xE1, 0x98, 0x57, 0x1F, 0x7B, 0x80,
    0x21, 0xD1, 0x08, 0x90, 0x56, 0xAF, 0x25, 0x3A, 0xF9, 0x44, 0xF3, 0xA5, 0x26, 0x3E, 0xC3, 0x88,
    0xD4, 0xE6, 0xBE, 0x92, 0xB6, 0x76, 0x03, 0xE8, 0xDA, 0x01, 0xA5, 0xB5, 0x56, 0x79, 0x41, 0x3A,
    0x69, 0x82, 0x00, 0xF8, 0x69, 0x40, 0x7B, 0x62, 0x8C, 0x08, 0x78, 0xBE, 0x6B, 0x63, 0xB5, 0x2F,
    0xCE, 0xFA, 0xCC, 0xB7, 0x18, 0x3B, 0x8E, 0x08, 0x67, 0xDE, 0xDF, 0xF3, 0xF3, 0x0B, 0xB7, 0x6E,
    0x7D, 0xCA, 0xF9, 0xB8, 0xC9, 0xD4, 0x16, 0x7D, 0x76, 0x91, 0x46, 0xD6, 0x45, 0x75, 0x4E, 0x6D,
    0x7B, 0xAB, 0x2A, 0xAA, 0xB4, 0x4A, 0x4C, 0xAA, 0x73, 0x46, 0x28, 0x56, 0x90, 0x5A, 0x56, 0xB2,
    0x12, 0x6E, 0x2D, 0x31, 0x19, 0x47, 0xD4, 0x40, 0xA6, 0x8B, 0x4A, 0xD6, 0xD2, 0xEC, 0x72, 0x91,
    0x35, 0x52, 0x1D, 0xB5, 0xAC, 0x73, 0x3E, 0xD2, 0x71, 0x23, 0x74, 0xA6, 0xFA, 0x6C, 0x71, 0x9B,
    0x3E, 0x0D, 0xBB, 0xCE, 0x21, 0x1F, 0x5A, 0xE4, 0x3F, 0x2D, 0x45, 0x65, 0x39, 0xA7, 0xDE, 0x64,
    0x9B, 0xBB, 0x6E, 0x6D, 0x8A, 0xFC, 0xEB, 0x6C, 0x2D, 0xAD, 0x0A, 0x12, 0xE3, 0xAB, 0x5C, 0x24,
    0xE7, 0x0E, 0xA3, 0xB4, 0x42, 0x45, 0xB0, 0xC2, 0x3A, 0x52, 0x4F, 0x42, 0x9C, 0xFC, 0xCA, 0x22,
    0xAA, 0xA1, 0x8B, 0xCB, 0x1D, 0xB7, 0xC8, 0xE8, 0x73, 0x14, 0x37, 0xD4, 0xA9, 0x82, 0x70, 0x9E,
    0x1D, 0x8A, 0x2A, 0xEC, 0x13, 0x6A, 0xFB, 0x7D, 0x2F, 0xD2, 0xB0, 0xC6, 0x1D, 0x52, 0x3D, 0x20,
    0x6A, 0x33, 0xC3, 0x3A, 0x8A, 0x4D, 0x40, 0x76, 0xD8, 0x9B, 0x73, 0x6B, 0xC6, 0xE9, 0xE7, 0xA5,
    0xB1, 0xD6, 0x9A, 0xBD, 0xAD, 0x48, 0x2D, 0x62, 0x86, 0x6A, 0xC6, 0x6E, 0xDE, 0x6E, 0x27, 0x77,
    0xC7, 0xE7, 0x2E, 0xF1, 0x8D, 0x0E, 0x5F, 0x03, 0x36, 0x4F, 0xDF, 0xF3, 0xB3, 0x9F, 0xFF, 0x4C,
    0xFB, 0xFD, 0x3E, 0xDB, 0x7A, 0x5D, 0xD3, 0xEB, 0xEC, 0x27, 0x67, 0x7E, 0x7E, 0x10, 0x18, 0xEA,
    0xCC, 0xFD, 0x0B, 0xEE, 0xED, 0x44, 0xCA, 0xE7, 0x5A, 0x77, 0xE6, 0x10, 0xBB, 0xB3, 0x14, 0x73,
    0x01, 0xA2, 0x4F, 0xC9, 0xAD, 0x92, 0xD6, 0x48, 0x5B, 0x0D, 0x4F, 0x86, 0x9B, 0xBA, 0xC5, 0x74,
    0x02, 0x70, 0x0C, 0x0F, 0xA0, 0xAC, 0x29, 0xA7, 0x94, 0xB6, 0x2E, 0x6D, 0x5B, 0x5A, 0x55, 0xB6,
    0x94, 0x8A, 0x3B, 0xCC, 0x70, 0x1D, 0x8B, 0xA5, 0x64, 0x63, 0x3E, 0x13, 0x95, 0x25, 0xAF, 0x1D,
    0x9B, 0xD2, 0xD9, 0x1B, 0x44, 0x6A, 0x05, 0x14, 0xEB, 0x52, 0xA5, 0x0D, 0xD3, 0xA1, 0x11, 0x2D,
    0x76, 0x68, 0x32, 0xA7, 0x61, 0x65, 0x42, 0xC0, 0x0A, 0x65, 0xA8, 0x33, 0xC4, 0x23, 0xFC, 0xA5,
    0xC3, 0xF1, 0x99, 0xC7, 0x1E, 0x1E, 0xD2, 0x6A, 0x12, 0x4D, 0x7C, 0xE6, 0xE1, 0x3B, 0xDA, 0xC5,
    0x8B, 0xBF, 0xC3, 0xAC, 0xFD, 0x6E, 0xBF, 0xC2, 0x3F, 0x35, 0x2F, 0x97, 0xB7, 0xFF, 0x01, 0x69,
    0x78, 0xB2, 0x97, 0xC9, 0xE3, 0x29, 0x62, 0xAB, 0x49, 0x35, 0x1E, 0xE2, 0xEF, 0x0D, 0x62, 0xE6,
    0x2B, 0xA2, 0x96, 0x9C, 0x00, 0xC9, 0x98, 0x01, 0x01, 0xBB, 0x8C, 0x39, 0x24, 0xE0, 0x3A, 0xF7,
    0x69, 0x17, 0x66, 0xD4, 0x2C, 0xCC, 0xA4, 0x5A, 0x98, 0xA9, 0x39, 0x31, 0xEF, 0x09, 0xB5, 0x0F,
    0x9B, 0xCA, 0x17, 0xCB, 0x53, 0x6B, 0xB0, 0x2D, 0x92, 0xD1, 0x40, 0x7C, 0xD2, 0x24, 0xF5, 0x3D,
    0xF2, 0xB7, 0x9B, 0x43, 0x37, 0xCD, 0xCC, 0x2E, 0xA9, 0xAD, 0x5A, 0xB7, 0x8D, 0x30, 0x12, 0x3E,
    0x8B, 0x9A, 0xEB, 0xCE, 0xD4, 0x85, 0x82, 0xA4, 0x3A, 0xE2, 0x7E, 0x1E, 0xCC, 0xD4, 0xDC, 0x0F,
    0xA6, 0x06, 0xA1, 0x16, 0x66, 0xCE, 0x22, 0x60, 0x80, 0x4F, 0x33, 0xDE, 0x3C, 0x44, 0xCE, 0x8B,
    0xD1, 0xFA, 0x4B, 0xF9, 0x2D, 0x88, 0x1A, 0xC4, 0x8D, 0x26, 0x69, 0xEE, 0xF9, 0xB2, 0x24, 0x56,
    0x63, 0x1B, 0x02, 0x36, 0x60, 0x95, 0x2E, 0xBA, 0x0D, 0x5A, 0xEE, 0x51, 0xB7, 0x4D, 0xCB, 0x9D,
    0xEA, 0x36, 0x6B, 0xB9, 0x5F, 0xDD, 0x96, 0x2D, 0x77, 0xAD, 0xDB, 0xB8, 0xE5, 0xDE, 0x45, 0x7B,
    0xEC, 0x76, 0xDA, 0x37, 0xE9, 0x74, 0xD0, 0x2D, 0xAB, 0xA7, 0x4D, 0x8C, 0x5A, 0x61, 0x9E, 0xF6,
    0x31, 0x69, 0x32, 0xF3, 0xB4, 0x95, 0x57, 0x9A, 0xB4, 0x5A, 0x74, 0xD3, 0xCF, 0xEA, 0xA7, 0x0D,
    0xBD, 0x11, 0x66, 0x42, 0x75, 0x67, 0x39, 0xDD, 0xC8, 0x01, 0x9D, 0x2A, 0x8B, 0xE6, 0xC6, 0x6E,
    0x87, 0x45, 0x7F, 0xC3, 0xEE, 0x9D, 0x16, 0x8F, 0x8B, 0x6E, 0x97, 0x8B, 0x71, 0xB7, 0xD1, 0x91,
    0x42, 0x54, 0xC2, 0xB8, 0xF2, 0xF4, 0x18, 0xD0, 0xE7, 0x12, 0xB8, 0x95, 0x07, 0xC2, 0x4C, 0x72,
    0x3D, 0x76, 0xE5, 0x7A, 0x51, 0x33, 0x88, 0xEB, 0x7E, 0x62, 0x2E, 0x25, 0x7A, 0xE6, 0x4A, 0x6B,
    0xE7, 0xCC, 0x6A, 0xE7, 0x16, 0xC6, 0x05, 0x08, 0xED, 0x42, 0x84, 0x72, 0x41, 0x39, 0x2E, 0x6C,
    0x07, 0x17, 0x78, 0x91, 0x00, 0x89, 0x54, 0xB9, 0x76, 0x9D, 0x30, 0x89, 0x89, 0x2B, 0x6A, 0x90,
    0x71, 0x2B, 0xDF, 0x1E, 0x85, 0xD4, 0x7B, 0xA9, 0x71, 0xE1, 0x83, 0xB8, 0xDA, 0xA6, 0x16, 0x04,
    0x57, 0xAE, 0x9D, 0x53, 0x98, 0xE0, 0xF6, 0x01, 0x95, 0x0F, 0xA9, 0x7C, 0x50, 0xED, 0xC3, 0x1A,
    0x1F, 0x78, 0x9B, 0x80, 0x75, 0x38, 0x80, 0x31, 0xD1, 0x94, 0xF8, 0x1F, 0x24, 0x7F, 0xD2, 0xD9,
    0x15, 0x23, 0xE2, 0x7A, 0x87, 0xA6, 0xCF, 0x1D, 0x36, 0xB8, 0x16, 0x35, 0x49, 0xE5, 0x1A, 0xA3,
    0x4A, 0x4A, 0xA4, 0x12, 0x26, 0xA9, 0xA2, 0x86, 0x6B, 0x6C, 0xAC, 0x73, 0xC0, 0x80, 0x5C, 0x89,
    0x2A, 0x69, 0xE2, 0x71, 0x3C, 0x4E, 0x1A, 0x51, 0xE5, 0x6A, 0xC0, 0x81, 0x2F, 0x49, 0xAA, 0xE1,
    0x3C, 0xA2, 0xE2, 0x27, 0x47, 0x88, 0x9A, 0x51, 0xEE, 0x33, 0x6B, 0xDF, 0x69, 0xA1, 0xA3, 0x16,
    0x76, 0xE1, 0x08, 0x46, 0x90, 0xAB, 0xA4, 0x86, 0xB4, 0x12, 0x1A, 0xA2, 0x36, 0x2C, 0x5F, 0x1F,
    0x71, 0xD7, 0x92, 0xD7, 0xD1, 0xD8, 0x22, 0xAA, 0x78, 0x7C, 0x9F, 0xDD, 0x96, 0x31, 0x8C, 0x8E,
    0x80, 0xA4, 0xCE, 0x95, 0x2F, 0xE2, 0x4B, 0x5D, 0x77, 0x19, 0x44, 0x23, 0x9F, 0x13, 0xFE, 0xFB,
    0xBA, 0x1E, 0x65, 0x26, 0xAD, 0x76, 0x11, 0x55, 0xD4, 0x5E, 0x76, 0xCA, 0xAF, 0x20, 0x33, 0x30,
    0x54, 0xA5, 0xA3, 0x0D, 0x9F, 0xD2, 0x13, 0xCF, 0x07, 0x8E, 0xD7, 0x3B, 0x3C, 0x72, 0x1C, 0x50,
    0x38, 0xF6, 0x02, 0xFB, 0x81, 0xDB, 0x8E, 0x5B, 0x8E, 0x2B, 0xEE, 0x01, 0x82, 0x86, 0x6E, 0x68,
    0xEB, 0x19, 0xEA, 0x9C, 0x20, 0xB6, 0xDF, 0x93, 0x3F, 0x29, 0x8D, 0xD4, 0x69, 0x53, 0x12, 0x8F,
    0x8E, 0x56, 0xDF, 0x1A, 0xEF, 0x08, 0x33, 0x21, 0xF0, 0xE1, 0x18, 0xF1, 0xA5, 0xE3, 0xA3, 0x16,
    0xF1, 0xDB, 0x1A, 0x61, 0x15, 0x62, 0x04, 0x99, 0x76, 0x54, 0x4F, 0x19, 0x11, 0x10, 0x3E, 0x73,
    0x03, 0x45, 0x35, 0xA3, 0x30, 0xCC, 0xBF, 0xBB, 0xEC, 0x87, 0xEF, 0x4B, 0xCA, 0x7D, 0x7B, 0xB9,
    0xA5, 0x98, 0xE1, 0x52, 0xC8, 0x30, 0xDB, 0xE0, 0x8B, 0x64, 0x15, 0x70, 0x44, 0x34, 0xDD, 0xE3,
    0x83, 0x16, 0x0A, 0x17, 0xAD, 0x81, 0xAB, 0xF6, 0xE6, 0xAC, 0x82, 0x02, 0x32, 0x6B, 0xA7, 0x40,
    0xF9, 0xF8, 0x56, 0x59, 0x93, 0xB4, 0x10, 0x8D, 0x11, 0x0A, 0xC8, 0xE9, 0x03, 0x24, 0xE6, 0xC7,
    0x78, 0x68, 0xA0, 0x81, 0xB8, 0xF6, 0x4B, 0xB3, 0xD3, 0x0A, 0xA0, 0x07, 0x21, 0xEE, 0xEE, 0x29,
    0x6E, 0x03, 0x45, 0x0D, 0xFD, 0xC6, 0xB9, 0x9D, 0xBF, 0xE9, 0x3B, 0x77, 0xCF, 0xB9, 0x85, 0x73,
    0x67, 0x5A, 0x38, 0xAB, 0xE7, 0x56, 0xFA, 0xD0, 0x38, 0xAF, 0x1B, 0x44, 0x8A, 0x80, 0xCC, 0x10,
    0x90, 0xCE, 0x3E, 0xB7, 0x52, 0x7D, 0x0C, 0x20, 0x6F, 0xBC, 0xD3, 0x00, 0x14, 0xFF, 0x29, 0x6B,
    0x3C, 0x86, 0xDF, 0x13, 0x70, 0x75, 0x44, 0x58, 0xFF, 0x6F, 0x58, 0x77, 0x71, 0xEF, 0x36, 0xDD,
    0x3C, 0x52, 0xD3, 0xAD, 0x7B, 0x4E, 0xAF, 0xAA, 0xFF, 0xD7, 0x7E, 0x16, 0xB8, 0x92, 0x9A, 0xF5,
    0x95, 0x54, 0xD3, 0x4B, 0x3E, 0x6E, 0x7A, 0xE9, 0xC7, 0x8D, 0xFC, 0xFA, 0xA7, 0xAD, 0xFC, 0xFA,
    0xC3, 0x36, 0xB5, 0xF6, 0xA6, 0x27, 0x79, 0x8D, 0x67, 0x64, 0xA7, 0x2A, 0x76, 0x94, 0xDF, 0x7C,
    0xD8, 0xCA, 0x6F, 0xAE, 0xB6, 0xC5, 0x95, 0x4F, 0x9A, 0xE2, 0x9D, 0xB7, 0x9B, 0xD7, 0x52, 0xBD,
    0xE7, 0xE9, 0x6B, 0x75, 0x79, 0xE1, 0xD6, 0xCD, 0xA1, 0xAD, 0xBA, 0x03, 0xF0, 0xED, 0xA9, 0xC2,
    0x81, 0x42, 0x93, 0x73, 0x60, 0x00, 0x1C, 0x02, 0xBE, 0xF5, 0xCD, 0x59, 0xDC, 0x6C, 0xEE, 0x97,
    0xB6, 0x54, 0x0F, 0x38, 0xFD, 0x29, 0x27, 0xCF, 0xF4, 0xE8, 0xD2, 0x6E, 0xBE, 0xB7, 0xFF, 0x9E,
    0x9D, 0x46, 0x53, 0x9E, 0x11, 0x34, 0x7C, 0xA6, 0x27, 0x9E, 0xDA, 0xE9, 0xE6, 0x7B, 0xCC, 0x91,
    0xDA, 0x3A, 0x50, 0x3E, 0x9E, 0x06, 0x96, 0x14, 0xCA, 0x51, 0x4F, 0x10, 0xC6, 0xF3, 0x1E, 0xA2,
    0xF2, 0x7C, 0x93, 0xAC, 0xF6, 0xC4, 0xD9, 0x8E, 0xB3, 0xCF, 0xC0, 0xDC, 0xCC, 0x28, 0xF5, 0x8C,
    0x53, 0xC0, 0x42, 0x3A, 0x9A, 0x51, 0x56, 0x33, 0x0E, 0x98, 0xB1, 0x7F, 0x0A, 0x2F, 0x02, 0x2B,
    0x33, 0x76, 0x11, 0xE6, 0xE5, 0x9C, 0x76, 0x89, 0x0F, 0xC2, 0xFA, 0x12, 0xFC, 0x4D, 0x0A, 0x13,
    0xEE, 0x62, 0xFC, 0x4D, 0x8A, 0x70, 0x87, 0x22, 0xDC, 0xA2, 0xD0, 0xFE, 0xFC, 0x85, 0xC6, 0xD9,
    0xF9, 0x42, 0x73, 0x93, 0x2B, 0x90, 0xDA, 0xEB, 0x14, 0xA7, 0xE9, 0x08, 0xA1, 0x90, 0x95, 0xD7,
    0x01, 0x08, 0xE8, 0x2F, 0x2B, 0x2B, 0xB0, 0x4A, 0x17, 0x94, 0x50, 0x18, 0x2C, 0xC8, 0x13, 0x7D,
    0x00, 0x85, 0xA6, 0x83, 0xA1, 0xCA, 0x6C, 0xE5, 0x74, 0xF8, 0x78, 0xEC, 0x74, 0x82, 0x44, 0xBE,
    0x35, 0x76, 0x31, 0x92, 0x96, 0xDC, 0x48, 0x7E, 0x89, 0x70, 0x4A, 0xB0, 0xA1, 0x08, 0x2A, 0xB5,
    0xD7, 0x12, 0xA7, 0xD1, 0x84, 0x02, 0xB2, 0x96, 0x1E, 0x0C, 0xB5, 0xD7, 0x43, 0xBC, 0x1E, 0xC0,
    0x76, 0xD0, 0xAD, 0xA0, 0x2B, 0xB0, 0x4E, 0xC0, 0x89, 0x2D, 0x15, 0x13, 0x28, 0x75, 0x34, 0x3D,
    0x51, 0x09, 0x13, 0xE6, 0x38, 0x0F, 0x1B, 0x43, 0xFF, 0x13, 0xCB, 0x31, 0x77, 0x64, 0x93, 0xBB,
    0x40, 0x0B, 0x34, 0x10, 0xCD, 0x19, 0x5E, 0x13, 0x95, 0xA3, 0x81, 0xF4, 0xE4, 0x75, 0xE1, 0xA9,
    0x1C, 0x81, 0x1C, 0xE8, 0x01, 0x83, 0x39, 0x0F, 0xE7, 0x0C, 0xA5, 0xC2, 0xCF, 0xB6, 0xD9, 0xCF,
    0xCB, 0xF4, 0xBB, 0xD2, 0x9A, 0xB8, 0x1E, 0xDA, 0x3A, 0x72, 0xD2, 0x3C, 0x57, 0x2A, 0x2F, 0xC6,
    0xC9, 0x94, 0xA8, 0x3E, 0xE4, 0x4C, 0x12, 0x7B, 0x49, 0xBC, 0x0C, 0xEB, 0x61, 0xCD, 0x47, 0x37,
    0x2F, 0x1C, 0x13, 0x90, 0x5A, 0x6B, 0xEB, 0xDC, 0x3E, 0x9E, 0x2A, 0x69, 0xCD, 0x5D, 0xDC, 0x86,
    0x77, 0x28, 0x4F, 0x91, 0xE0, 0x70, 0x21, 0xF7, 0x10, 0x2E, 0xE3, 0x66, 0xE4, 0x5E, 0xE1, 0x37,
    0x4F, 0x7E, 0x35, 0x4F, 0xF8, 0xD1, 0x93, 0xD2, 0xAA, 0x78, 0x7E, 0x5C, 0x5B, 0x2D, 0xA4, 0x5E,
    0x48, 0x15, 0xBC, 0x89, 0x97, 0xAB, 0xAE, 0x00, 0x1F, 0xDD, 0xBA, 0xF5, 0x7B, 0x58, 0x65, 0xD1,
    0xC6, 0xCB, 0x59, 0x64, 0x86, 0xEF, 0x66, 0xF5, 0x55, 0xF7, 0x4E, 0x8C, 0xCA, 0x6F, 0xC1, 0xD1,
    0xBD, 0x1F, 0xAB, 0xE1, 0xBB, 0xA2, 0xBE, 0x2C, 0xA2, 0xCA, 0xC7, 0x84, 0xD8, 0x55, 0x05, 0x14,
    0x4A, 0x9A, 0xA1, 0x91, 0xDA, 0x17, 0x58, 0x46, 0xE1, 0x3C, 0xEE, 0xA1, 0xEF, 0x9E, 0x35, 0xD2,
    0x8A, 0xDB, 0x9C, 0xE0, 0x9C, 0xFD, 0x1E, 0x18, 0x3E, 0x29, 0x2B, 0xE2, 0x11, 0xF1, 0x98, 0xAC,
    0x02, 0x49, 0x0E, 0x64, 0xBA, 0x0F, 0x24, 0xD5, 0x3A, 0x80, 0xE2, 0xCC, 0xE8, 0x03, 0x71, 0x55,
    0x00, 0x99, 0x11, 0x06, 0x0A, 0x92, 0x96, 0x68, 0x0C, 0xE5, 0x1F, 0xBE, 0xA8, 0x21, 0xB3, 0x53,
    0x08, 0x97, 0x79, 0xF5, 0x2E, 0xBC, 0x62, 0x5E, 0xA6, 0xAF, 0xE5, 0x55, 0xE3, 0x86, 0x78, 0x58,
    0x91, 0x18, 0x3F, 0x32, 0x85, 0x80, 0x35, 0xD8, 0x81, 0x3E, 0x1C, 0xC0, 0x1D, 0x68, 0x88, 0x6A,
    0xE2, 0x10, 0x92, 0x6A, 0x32, 0x10, 0xB0, 0xED, 0xDA, 0x94, 0x57, 0x6E, 0x5C, 0x13, 0x06, 0x88,
    0xBF, 0x65, 0x4D, 0x58, 0xB6, 0xF3, 0x0F, 0xCD, 0xCE, 0x20, 0x6E, 0xFB, 0x7D, 0xCA, 0x51, 0x9F,
    0xBC, 0xA6, 0x83, 0xA8, 0xB4, 0xDF, 0x02, 0x43, 0x6B, 0xAD, 0x21, 0x9E, 0xC0, 0x0F, 0x47, 0x64,
    0x1A, 0xE8, 0xB1, 0x03, 0x90, 0xEA, 0x6B, 0x21, 0xAC, 0xC2, 0x23, 0x71, 0x31, 0x89, 0xD1, 0xD9,
    0xA3, 0x47, 0x75, 0xFA, 0xCD, 0x9F, 0x2B, 0xFE, 0xFD, 0x3B, 0x28, 0x46, 0x0C, 0xBF, 0x78, 0x32,
    0x71, 0x15, 0x26, 0x1B, 0x79, 0xBB, 0xC1, 0x1F, 0x3F, 0x27, 0xF9, 0xD7, 0x5F, 0x8C, 0x78, 0xF4,
    0xA8, 0x49, 0xAE, 0x3C, 0x0C, 0x17, 0x20, 0xD6, 0xCC, 0x71, 0x0F, 0xA2, 0xA9, 0xA3, 0x05, 0xA6,
    0xC0, 0x06, 0x73, 0x48, 0xE5, 0x68, 0x60, 0xE8, 0x28, 0x7D, 0x2B, 0x58, 0x60, 0x1D, 0x98, 0x84,
    0x9C, 0x90, 0xEB, 0x6D, 0x10, 0x5F, 0x8D, 0x8B, 0x2B, 0x8D, 0xF8, 0x72, 0x24, 0xD3, 0x26, 0xBF,
    0xD1, 0xC8, 0xAC, 0x2A, 0x92, 0xE6, 0x28, 0x33, 0xBD, 0xA4, 0x3A, 0x14, 0x7A, 0x90, 0x9A, 0xBB,
    0x82, 0x7E, 0xAA, 0x9A, 0x6D, 0x2E, 0x65, 0xD4, 0x6F, 0xD0, 0x05, 0xF7, 0x01, 0xEC, 0x42, 0xA6,
    0x74, 0x4F, 0xE2, 0x51, 0x28, 0xE2, 0x56, 0x1A, 0x92, 0xF1, 0xD0, 0x8B, 0xD4, 0x24, 0xA3, 0x55,
    0x60, 0xAF, 0x73, 0x24, 0xA6, 0xDD, 0x2A, 0x30, 0x79, 0xF1, 0x02, 0x2F, 0x70, 0x8C, 0x15, 0x40,
    0x85, 0xB4, 0x59, 0x81, 0x20, 0xCA, 0x4D, 0x01, 0x9E, 0xF7, 0x37, 0xB6, 0x04, 0x39, 0x8F, 0x5B,
    0x79, 0x91, 0x4D, 0x4F, 0x2F, 0x40, 0xB2, 0x7C, 0x93, 0x70, 0x38, 0x4E, 0xC5, 0xF3, 0x3A, 0xD3,
    0xE3, 0x20, 0xAE, 0xA5, 0x3A, 0x48, 0xDA, 0xA1, 0x93, 0x91, 0xE4, 0x20, 0x69, 0xE0, 0x00, 0x96,
    0xC4, 0xFF, 0xDF, 0x38, 0x0A, 0x72, 0x9A, 0x57, 0xBA, 0x2A, 0xCD, 0xAC, 0x80, 0x97, 0xC2, 0x4F,
    0x4F, 0xEF, 0x87, 0x7C, 0xCE, 0xDA, 0xCA, 0x52, 0x0F, 0x57, 0x91, 0xDA, 0xD9, 0xA6, 0x50, 0x00,
    0xDB, 0xCC, 0x3C, 0xAF, 0x2F, 0xE5, 0x58, 0xFB, 0xFE, 0xDF, 0x62, 0xED, 0x9F, 0xC4, 0xBC, 0xE4,
    0x3F, 0x5F, 0x7C, 0x50, 0xA5, 0xFE, 0xA9, 0xB3, 0x97, 0xC9, 0x2B, 0xA7, 0x72, 0x5C, 0x8C, 0x44,
    0x93, 0xD5, 0x89, 0x89, 0xF5, 0x8B, 0xE7, 0x41, 0xA4, 0x12, 0x93, 0x56, 0xA2, 0xC9, 0x5B, 0x39,
    0x2E, 0xA7, 0x2F, 0x9E, 0x19, 0xEB, 0xAC, 0xBE, 0x78, 0xF9, 0xF6, 0x5A, 0xBF, 0x2F, 0x9A, 0xC4,
    0xBC, 0xC4, 0x0D, 0xF5, 0xFB, 0xFA, 0x55, 0x3A, 0xF3, 0x3F, 0xED, 0x94, 0x01, 0x84, 0x1D, 0x47,
    0x18, 0xC7, 0x7F, 0xB3, 0x93, 0xDE, 0xD0, 0xC1, 0x16, 0x77, 0x20, 0xDC, 0x42, 0x70, 0x22, 0x77,
    0x5B, 0x04, 0x29, 0xEF, 0x76, 0x27, 0x89, 0x42, 0x51, 0x0F, 0xEF, 0x14, 0x45, 0x00, 0x08, 0xDC,
    0x21, 0x88, 0xB8, 0x7B, 0x6F, 0x14, 0x8A, 0x42, 0x00, 0x00, 0x2D, 0x2D, 0x2F, 0x87, 0x06, 0x0E,
    0xD7, 0xF6, 0x2E, 0x37, 0x55, 0x14, 0x85, 0x2D, 0x00, 0xE8, 0x22, 0x28, 0x41, 0x47, 0xBB, 0xD8,
    0x34, 0x7B, 0x37, 0xFD, 0x5C, 0x72, 0xAE, 0x91, 0x2B, 0x0A, 0x50, 0x7D, 0xDF, 0xFF, 0xB7, 0xBE,
    0xF9, 0xEF, 0x7F, 0xBC, 0xB1, 0xFB, 0x59, 0x26, 0x98, 0xE4, 0x8B, 0xDB, 0x6D, 0xAD, 0xBA, 0x29,
    0xFD, 0x21, 0x83, 0x68, 0x38, 0xD5, 0xCB, 0x5E, 0xCC, 0x3A, 0x8B, 0xC5, 0xA7, 0xAD, 0xC4, 0x58,
    0x64, 0xC1, 0x59, 0xBF, 0xE0, 0x60, 0x89, 0xD2, 0x5B, 0x6F, 0x5E, 0xAB, 0xE2, 0xE9, 0xD2, 0x04,
    0xE5, 0x20, 0x6F, 0xA0, 0x10, 0x6A, 0xE1, 0x45, 0x83, 0xFA, 0xA9, 0x41, 0x7F, 0xD6, 0x90, 0xDB,
    0x86, 0x6B, 0x42, 0xF5, 0xF8, 0x4F, 0x37, 0x4B, 0xC9, 0x23, 0xBD, 0x00, 0x79, 0x0B, 0xE9, 0x04,
    0x00, 0xA0, 0x48, 0xB1, 0x4C, 0xF1, 0x1A, 0x5B, 0x2B, 0xBC, 0x73, 0x03, 0xDE, 0xDB, 0xA0, 0x4E,
    0xCD, 0xA2, 0xEE, 0x50, 0x03, 0x0C, 0x57, 0x18, 0x0E, 0x54, 0x3F, 0x35, 0x92, 0xF1, 0x8C, 0x61,
    0xC9, 0x65, 0x29, 0xDA, 0xEF, 0xBB, 0x82, 0xAE, 0xC6, 0x55, 0x30, 0x7D, 0xE2, 0x66, 0xCF, 0xE2,
    0x54, 0x32, 0x0C, 0x15, 0x43, 0xCD, 0x50, 0xD2, 0xE7, 0x3F, 0xC4, 0x2C, 0x05, 0x16, 0x01, 0x66,
    0xA9, 0x17, 0x6D, 0x71, 0x6F, 0x8B, 0x88, 0x6A, 0xD0, 0x01, 0xE3, 0xB1, 0x90, 0xC3, 0x2A, 0x8C,
    0x60, 0x1F, 0x22, 0xAA, 0x05, 0x60, 0x03, 0x9B, 0x9A, 0x32, 0x8B, 0x95, 0xEA, 0x6A, 0xD1, 0xAD,
    0x58, 0xBC, 0x08, 0x26, 0x39, 0x93, 0xDA, 0xDA, 0xBC, 0x7C, 0x5C, 0x07, 0x72, 0xAD, 0x6F, 0x75,
    0x12, 0x63, 0x82, 0x28, 0x4F, 0xAE, 0xB6, 0xCD, 0x8E, 0x8E, 0x07, 0x59, 0x27, 0x47, 0x3D, 0x54,
    0x7D, 0xA5, 0xFA, 0xF2, 0xB7, 0x3E, 0xFB, 0xAA, 0x47, 0x75, 0x64, 0xF1, 0x5D, 0xDD, 0x8E, 0x8A,
    0x50, 0x9E, 0xA0, 0x1C, 0x5C, 0x87, 0x7B, 0xE7, 0x4A, 0x69, 0xD8, 0xF8, 0x66, 0xF2, 0x77, 0x07,
    0x80, 0x53, 0x7F, 0x63, 0xB2, 0xBB, 0x3B, 0x97, 0x86, 0xB3, 0xDF, 0xAB, 0xE5, 0x25, 0xF6, 0x75,
    0xCC, 0x43, 0x49, 0xC5, 0x0E, 0x72, 0x1C, 0x06, 0xA4, 0x38, 0x90, 0x7E, 0x4A, 0x4D, 0xE9, 0xF2,
    0x26, 0xEB, 0x58, 0x01, 0xC7, 0xBE, 0xAC, 0x6C, 0xA3, 0x63, 0xD6, 0xA9, 0x9E, 0xE1, 0xBC, 0xE8,
    0x55, 0xA7, 0xA3, 0x69, 0x73, 0x3F, 0xE5, 0x73, 0x60, 0xE9, 0x2D, 0x47, 0xB9, 0xD9, 0x63, 0x9B,
    0x75, 0x4C, 0x58, 0xC3, 0xF8, 0xE5, 0x0B, 0x29, 0xDA, 0xC2, 0x2F, 0x8D, 0x25, 0xFC, 0x2F, 0xA7,
    0x88, 0x4B, 0x70, 0x88, 0x39, 0x66, 0x7A, 0xCC, 0x95, 0x43, 0xF8, 0x27, 0x9D, 0x50, 0xA7, 0x08,
    0xA8, 0x09, 0x45, 0x0A, 0x95, 0x89, 0xDB, 0x3A, 0xAE, 0xE8, 0x88, 0x16, 0xB5, 0xD8, 0x40, 0x0E,
    0x23, 0x88, 0x18, 0xBF, 0xB2, 0xCC, 0x0D, 0x79, 0xAD, 0x47, 0xA9, 0x3F, 0xCB, 0xFB, 0xE9, 0x79,
    0xBE, 0xA5, 0xF0, 0xFA, 0x18, 0xB5, 0xD9, 0xA0, 0x3B, 0x54, 0xBF, 0xA5, 0xFA, 0xBD, 0xAC, 0xDB,
    0xB9, 0x2C, 0x53, 0xE4, 0x18, 0xF3, 0x5F, 0x98, 0xDA, 0xFF, 0xA7, 0x76, 0x61, 0x4E, 0x75, 0xC7,
    0x8D, 0x8C, 0xBF, 0xA4, 0x03, 0x3A, 0x5C, 0x4E, 0x61, 0x5B, 0x87, 0x4E, 0x87, 0x68, 0xC2, 0xBE,
    0x0D, 0xF5, 0x1F, 0x51, 0x06, 0x35, 0x9B, 0x53, 0x48, 0x46, 0x87, 0xFB, 0xBA, 0xD9, 0xCB, 0x9A,
    0x94, 0x9A, 0x0E, 0xF6, 0x60, 0x1B, 0x2A, 0x15, 0x6C, 0x72, 0x4C, 0xC8, 0x1E, 0x51, 0x7C, 0xEC,
    0x47, 0xAA, 0xDD, 0x27, 0xEE, 0x11, 0x3B, 0x3A, 0x91, 0x34, 0xF7, 0x89, 0xA3, 0xAC, 0xC9, 0x1F,
    0x4B, 0x86, 0xBB, 0x5F, 0x3C, 0xA2, 0xFC, 0xF9, 0x39, 0x26, 0xB4, 0xA8, 0xDF, 0x3D, 0x7C, 0x07,
    0xAC, 0x03, 0x35, 0xF0, 0x63, 0x40, 0xDF, 0x6C, 0xB1, 0xF4, 0x1C, 0x7D, 0x92, 0x1C, 0xC0, 0xC2,
    0x97, 0x54, 0x47, 0x8C, 0xAD, 0x47, 0x07, 0x74, 0xB3, 0xF1, 0xD1, 0xE9, 0x5F, 0xEB, 0xB0, 0xA7,
    0xC3, 0xC8, 0xBA, 0xE2, 0x09, 0x6A, 0xCC, 0xCC, 0x41, 0x2E, 0xD8, 0x33, 0x3E, 0x78, 0x88, 0xFD,
    0xB6, 0xC7, 0x86, 0x11, 0xD6, 0xAF, 0x8A, 0xF7, 0x06, 0x92, 0x5F, 0x63, 0xD6, 0x96, 0x1E, 0x78,
    0x73, 0xFF, 0xCD, 0x5D, 0xE1, 0x58, 0xFA, 0x16, 0x7B, 0xDB, 0x63, 0x3F, 0x04, 0x3B, 0x13, 0x7E,
    0xF1, 0xB2, 0x6E, 0xE4, 0x5E, 0x94, 0xFC, 0x01, 0xB2, 0xDF, 0x01, 0x1C, 0xB9, 0xDC, 0xD9, 0x8B,
    0x4A, 0xFC, 0xD9, 0x53, 0xB8, 0xFA, 0xF6, 0xC3, 0xAB, 0xAE, 0x78, 0xF0, 0xFC, 0x59, 0x63, 0x42,
    0xAD, 0xA2, 0x7C, 0x18, 0x88, 0xC6, 0xAF, 0x5E, 0x7C, 0xB1, 0x5E, 0xEE, 0x6E, 0x76, 0xA5, 0x3F,
    0x01, 0x40, 0xF6, 0x52, 0x3C, 0x18, 0x30, 0x61, 0x5D, 0xB8, 0xF8, 0x6B, 0x62, 0x85, 0xCD, 0xAE,
    0xF0, 0x00, 0x77, 0x5F, 0xE5, 0x6D, 0x58, 0x13, 0xBF, 0x40, 0xCE, 0x70, 0x8E, 0x17, 0x82, 0x78,
    0xCD, 0x3A, 0x76, 0xD6, 0x61, 0xDF, 0x77, 0xE2, 0x83, 0x40, 0xEE, 0x61, 0x16, 0x41, 0xCD, 0x59,
    0xBE, 0xC3, 0xC8, 0xB8, 0x11, 0x94, 0x0E, 0xD3, 0x8B, 0x0D, 0xD6, 0x5F, 0x97, 0xE7, 0xAD, 0x7D,
    0xF1, 0x35, 0x6A, 0x8C, 0xC6, 0x50, 0xCC, 0x37, 0xE7, 0x39, 0xAF, 0x95, 0x33, 0xBF, 0x32, 0xF9,
    0x0B, 0x9D, 0xD7, 0x01, 0xA4, 0x25, 0x59, 0x7A, 0xC0, 0xF1, 0xFF, 0xA9, 0x9A, 0xEE, 0x1A, 0x5B,
    0xB6, 0x6B, 0x90, 0x9E, 0x0E, 0x6F, 0x76, 0x2B, 0x58, 0xC4, 0x64, 0x66, 0x4A, 0x68, 0xF1, 0xC2,
    0x9B, 0x77, 0x4E, 0x2C, 0x82, 0x45, 0x1A, 0x7D, 0xB3, 0x68, 0xCC, 0x04, 0xA0, 0x83, 0x37, 0x58,
    0x32, 0x91, 0xEE, 0x5B, 0x95, 0x69, 0x04, 0x43, 0xF6, 0x91, 0x00, 0x90, 0x45, 0x30, 0xFB, 0x1A,
    0xAF, 0x13, 0x23, 0x26, 0x74, 0x77, 0x9D, 0x9D, 0xB6, 0x16, 0x83, 0xD4, 0xA6, 0xAD, 0x00, 0x52,
    0xE9, 0xF4, 0x48, 0xCC, 0x62, 0x4E, 0x4C, 0xB5, 0xBE, 0xEF, 0xE5, 0x54, 0x7D, 0x39, 0xA7, 0xEE,
    0xBB, 0xAF, 0xBB, 0xDB, 0xEC, 0x9A, 0xCC, 0xE1, 0xFD, 0xBE, 0xEF, 0x9E, 0xEF, 0x73, 0x6E, 0xBD,
    0xE3, 0xDE, 0xAA, 0x73, 0x01, 0x60, 0x6F, 0x82, 0xE4, 0x68, 0xCF, 0x92, 0xDB, 0xDC, 0x52, 0x9A,
    0xCC, 0xA2, 0x81, 0x35, 0xCB, 0x19, 0xB5, 0x58, 0x5C, 0x5E, 0x66, 0x22, 0x7E, 0x49, 0xCD, 0xB5,
    0x9A, 0x5D, 0x5E, 0xD3, 0x81, 0x57, 0x2A, 0xB3, 0x0B, 0x85, 0x0D, 0xA4, 0x47, 0xF5, 0xC2, 0x50,
    0x8B, 0x74, 0x50, 0x03, 0xEC, 0x3E, 0x4F, 0x1E, 0x29, 0x50, 0xED, 0xA2, 0x26, 0x13, 0x11, 0x78,
    0xE1, 0x05, 0xE0, 0xDC, 0x37, 0x81, 0x6F, 0xBE, 0x02, 0xBC, 0x71, 0x0D, 0x72, 0x11, 0x43, 0x3D,
    0xD6, 0xBD, 0x1A, 0xB7, 0xB5, 0x4B, 0x87, 0x8B, 0x7F, 0x36, 0x14, 0xFD, 0x3B, 0xFF, 0xE8, 0x4A,
    0x7B, 0xEB, 0x1F, 0x4C, 0x65, 0x6F, 0xF5, 0x68, 0xDB, 0x77, 0xE8, 0xE6, 0xE7, 0x81, 0xBF, 0xFC,
    0xB9, 0x0D, 0x7C, 0x1C, 0x78, 0xEF, 0x5E, 0x83, 0xBE, 0x77, 0xA3, 0xA1, 0xBA, 0xF7, 0x57, 0x86,
    0xF2, 0xFE, 0x1F, 0x42, 0xF1, 0x38, 0x87, 0x4C, 0x0A, 0xDE, 0x49, 0xE4, 0x9C, 0x72, 0xB4, 0x72,
    0xD8, 0x53, 0xC6, 0xE5, 0xBF, 0xB5, 0xDC, 0x87, 0xD7, 0x76, 0x80, 0x9D, 0x6D, 0x60, 0xFB, 0x22,
    0x27, 0x43, 0xC9, 0x04, 0xE5, 0x71, 0xDB, 0xD1, 0x9A, 0xC2, 0x25, 0x9E, 0x74, 0x48, 0x1D, 0xA9,
    0x2B, 0x7A, 0x92, 0xAE, 0xE8, 0x80, 0xCA, 0x02, 0x7A, 0xE6, 0xC6, 0x58, 0x76, 0xFA, 0xBD, 0xA9,
    0x75, 0xBA, 0xD1, 0xF7, 0x22, 0xEF, 0x75, 0x01, 0x43, 0x20, 0xB6, 0x04, 0xAA, 0x48, 0x68, 0x82,
    0xC2, 0x05, 0xB2, 0x41, 0xF3, 0x52, 0xEA, 0x35, 0xB7, 0x90, 0x36, 0x73, 0x68, 0x91, 0x8E, 0x4C,
    0x26, 0xE0, 0xCC, 0xBC, 0x73, 0xC2, 0x5E, 0xC0, 0x24, 0x2B, 0x2A, 0xA3, 0x56, 0x14, 0x91, 0xEC,
    0x14, 0xF8, 0x52, 0xA6, 0x83, 0x1F, 0xA1, 0x44, 0x86, 0xE7, 0x0B, 0x7F, 0x3A, 0xFD, 0x18, 0x6A,
    0x19, 0x79, 0xBE, 0x90, 0x78, 0x60, 0x4B, 0x2E, 0x41, 0x2B, 0x2B, 0x00, 0xE6, 0xD7, 0xFB, 0xD0,
    0x1E, 0x0E, 0x24, 0x83, 0xF2, 0xA4, 0x0E, 0x4F, 0xD6, 0x71, 0x9B, 0xBC, 0xE3, 0xED, 0x08, 0x64,
    0x3D, 0xC4, 0xC2, 0x09, 0x2F, 0x1F, 0x2D, 0xA0, 0x16, 0x31, 0x9C, 0xBF, 0x13, 0x32, 0xAE, 0x03,
    0xE7, 0xEB, 0xCD, 0x1C, 0x1A, 0x60, 0x37, 0xB2, 0x13, 0xF9, 0x10, 0x50, 0x9F, 0x19, 0x9A, 0x5C,
    0xA6, 0x2B, 0x4D, 0x25, 0x22, 0x6C, 0xB3, 0xE7, 0x01, 0x65, 0x78, 0x7A, 0x24, 0x36, 0x0A, 0x69,
    0x13, 0x85, 0xFC, 0xA4, 0x5C, 0x00, 0xD5, 0x50, 0xF9, 0x52, 0x3A, 0xB6, 0x56, 0x22, 0x5A, 0x56,
    0xA8, 0xC9, 0xEA, 0x31, 0xF1, 0x20, 0x14, 0x03, 0x13, 0x8C, 0x14, 0x8E, 0x1A, 0x3C, 0x79, 0x7F,
    0x1A, 0xF5, 0x97, 0xC5, 0xE2, 0x24, 0x56, 0x27, 0x51, 0x9F, 0xC4, 0xFA, 0x24, 0xFE, 0xEF, 0x49,
    0xFC, 0x65, 0x8C, 0x6A, 0x4C, 0x3E, 0x71, 0x68, 0xB6, 0xE4, 0x6F, 0x3E, 0x39, 0x42, 0xF7, 0x5A,
    0x1E, 0x7F, 0x4F, 0xD0, 0x2B, 0x28, 0x58, 0x8F, 0x73, 0xB3, 0xF0, 0xDA, 0x2C, 0xFC, 0xF6, 0x6C,
    0xE5, 0xA9, 0xA4, 0xD9, 0x9A, 0xD8, 0x92, 0x46, 0x09, 0x0C, 0x20, 0x0D, 0x2E, 0x68, 0x67, 0xFB,
    0xE8, 0x63, 0x17, 0xFD, 0x62, 0x15, 0xFD, 0x1F, 0x1F, 0x6C, 0x25, 0x8C, 0xFE, 0xEA, 0x71, 0x7B,
    0x70, 0xBC, 0x8F, 0xD3, 0x8D, 0x03, 0x57, 0xDA, 0x93, 0x79, 0x77, 0xF5, 0xF8, 0xE6, 0x71, 0x9C,
    0x4F, 0x57, 0x71, 0x5E, 0xF9, 0x28, 0xD3, 0x6C, 0x3D, 0xAB, 0x67, 0xCB, 0xD9, 0xC2, 0xB1, 0x35,
    0x99, 0xCC, 0x51, 0x89, 0x4D, 0x43, 0x49, 0x8E, 0x0D, 0xF0, 0x3B, 0x22, 0x2B, 0x40, 0x8D, 0x4A,
    0x00, 0x46, 0x74, 0x33, 0x87, 0xCA, 0xCE, 0xA1, 0xEC, 0xE6, 0x50, 0x6C, 0xC2, 0x4B, 0xEB, 0xF0,
    0xCE, 0x5C, 0xB3, 0xB7, 0xD6, 0x9D, 0x2E, 0x06, 0x9D, 0x3E, 0x32, 0x8C, 0x6A, 0xAC, 0xA5, 0x47,
    0xC4, 0x5D, 0x78, 0x74, 0x09, 0xF9, 0x31, 0xE9, 0x5C, 0xFB, 0x2A, 0x21, 0x71, 0x30, 0x41, 0x32,
    0xB0, 0x25, 0x7F, 0x8B, 0x9A, 0xDE, 0xD6, 0x32, 0x42, 0xEB, 0x00, 0x38, 0x43, 0xBB, 0xBE, 0x5C,
    0xF6, 0xD6, 0xD7, 0x4B, 0xEA, 0xD5, 0x04, 0xA0, 0x3C, 0xDA, 0xAC, 0x63, 0x65, 0xD7, 0xB1, 0x3C,
    0x8D, 0xB9, 0x74, 0x73, 0xD4, 0x57, 0x86, 0x39, 0x7A, 0xFC, 0xDC, 0x3F, 0xF0, 0x51, 0x88, 0x4B,
    0x35, 0xF0, 0xB6, 0xF2, 0x67, 0x57, 0x78, 0x50, 0x22, 0x0D, 0x62, 0x50, 0x53, 0xDB, 0x50, 0x0F,
    0x28, 0x5F, 0x5A, 0x4A, 0x69, 0x94, 0x2F, 0x7A, 0x94, 0x38, 0xE5, 0xB3, 0x01, 0x4A, 0xAF, 0x7C,
    0xEA, 0xE7, 0xED, 0xF2, 0x6A, 0xE4, 0x25, 0x96, 0xCA, 0x23, 0xF4, 0xEC, 0x86, 0x58, 0xFF, 0x81,
    0xE3, 0x7A, 0xE2, 0xD1, 0x3F, 0x19, 0xF0, 0x57, 0x64, 0xBF, 0x38, 0x9A, 0xBE, 0x3F, 0xB4, 0xE2,
    0x92, 0xB1, 0x92, 0x06, 0x00, 0x2E, 0x51, 0xC9, 0xC0, 0x37, 0x50, 0x32, 0x6E, 0xC9, 0x43, 0x4A,
    0xA3, 0xDA, 0x23, 0x25, 0x50, 0x59, 0x0A, 0xCB, 0x04, 0xDA, 0x92, 0x37, 0xB4, 0x50, 0x77, 0x14,
    0x86, 0xDA, 0xD0, 0xF6, 0x14, 0xA0, 0x1B, 0x1E, 0x3B, 0xCA, 0xB9, 0xF3, 0x0B, 0xC7, 0xEB, 0x50,
    0x5A, 0xF5, 0xAF, 0x03, 0x3B, 0x50, 0x74, 0xC9, 0x4F, 0x56, 0x73, 0xD2, 0xA7, 0xD6, 0xF3, 0x2E,
    0x5A, 0x4E, 0xC6, 0xAB, 0x37, 0x8F, 0x6F, 0x1E, 0xC8, 0xC1, 0xF1, 0x01, 0xE9, 0x90, 0x53, 0xE3,
    0x20, 0x59, 0x15, 0xE8, 0xA4, 0x03, 0xE5, 0xCF, 0x51, 0x7D, 0xD7, 0x02, 0xE3, 0xB7, 0x28, 0x6F,
    0xC4, 0xE4, 0xEE, 0x6B, 0x14, 0x3F, 0x6B, 0x80, 0x7A, 0x87, 0xE2, 0x13, 0x03, 0xE8, 0x1F, 0x90,
    0xFF, 0x3B, 0x31, 0x71, 0xA4, 0x02, 0x50, 0x85, 0x64, 0x02, 0x28, 0x7A, 0x12, 0x3F, 0x27, 0x1D,
    0xCA, 0x43, 0x2D, 0xD2, 0xE0, 0xEB, 0x83, 0xC3, 0x15, 0x7E, 0x09, 0xD3, 0xAC, 0x5E, 0x6B, 0xA2,
    0x55, 0xB3, 0x31, 0x75, 0xE5, 0x57, 0x10, 0x9E, 0x52, 0xCD, 0xA6, 0x43, 0x34, 0x77, 0xCB, 0xF4,
    0xF8, 0xA0, 0xB5, 0xCB, 0x54, 0xE4, 0x08, 0x38, 0xB3, 0x00, 0x4A, 0x01, 0x54, 0x84, 0x1A, 0xD4,
    0xA2, 0xBD, 0x4C, 0x28, 0x7B, 0xA0, 0x66, 0xCD, 0xD9, 0x4B, 0x1A, 0x25, 0x5E, 0x93, 0x4D, 0x6D,
    0x1D, 0xF7, 0x4A, 0x28, 0x2D, 0x42, 0xD5, 0x04, 0xB4, 0xA1, 0x45, 0x43, 0xFD, 0xE5, 0xC4, 0x6A,
    0xEC, 0x8B, 0x9B, 0x2E, 0x14, 0x2E, 0x6B, 0x49, 0x65, 0xD2, 0x0F, 0x69, 0x57, 0xDA, 0x3F, 0x77,
    0xD3, 0x2A, 0x44, 0xA4, 0xFF, 0xC6, 0xC1, 0xC1, 0xC1, 0x3E, 0x00, 0xA8, 0x76, 0x80, 0xE2, 0x58,
    0x40, 0x1B, 0xDD, 0x70, 0x27, 0x2E, 0xE4, 0x29, 0x8D, 0x5A, 0xF1, 0x02, 0xC9, 0xF0, 0xCC, 0x6D,
    0xF4, 0xC2, 0xA3, 0x85, 0xA1, 0x15, 0xB1, 0x64, 0x0E, 0xD6, 0x5C, 0x79, 0xB4, 0x80, 0x56, 0xA6,
    0x4D, 0xDF, 0x00, 0x24, 0x2B, 0x40, 0x79, 0x80, 0x31, 0x52, 0xA3, 0x40, 0xDB, 0xCC, 0x50, 0x4C,
    0x2D, 0x28, 0xF1, 0xC0, 0x19, 0x43, 0x25, 0x3E, 0x15, 0xB7, 0x25, 0xFF, 0x9D, 0x48, 0x8F, 0x40,
    0x0B, 0x2D, 0xF8, 0xA8, 0x72, 0xD1, 0xCC, 0x46, 0x0B, 0xA2, 0x6F, 0xCE, 0x0E, 0xD1, 0xB4, 0x87,
    0xF3, 0xED, 0x95, 0x5F, 0x5C, 0xA6, 0x15, 0x91, 0x31, 0xE4, 0xED, 0x78, 0x19, 0xDA, 0x2F, 0x46,
    0x82, 0x56, 0xA2, 0xD4, 0x36, 0xAA, 0xFB, 0x68, 0x31, 0x44, 0x33, 0x1F, 0x4D, 0xA6, 0x28, 0x62,
    0x10, 0xA8, 0xBB, 0x0B, 0xF1, 0x73, 0x7E, 0x54, 0x89, 0x0F, 0x05, 0x1D, 0x57, 0x8B, 0x4C, 0xBB,
    0xB4, 0xEC, 0x5E, 0x0B, 0x7C, 0xFB, 0xDD, 0xC0, 0xB9, 0x1F, 0x04, 0x0A, 0x02, 0x04, 0x54, 0xA4,
    0x32, 0x81, 0x15, 0x81, 0x06, 0x72, 0x01, 0xEE, 0xB6, 0x09, 0xAA, 0x6F, 0xF7, 0x4E, 0x0B, 0x66,
    0x5D, 0x50, 0x53, 0x4B, 0x2C, 0x00, 0x3C, 0xCB, 0xCB, 0xF2, 0x10, 0xB4, 0x8C, 0x00, 0xAA, 0x89,
    0x02, 0xF9, 0x2C, 0xF0, 0xFA, 0x2C, 0x9C, 0xB9, 0xBD, 0x79, 0xE8, 0x49, 0x0F, 0xC0, 0x87, 0x59,
    0x7F, 0x1D, 0x00, 0x0A, 0x5B, 0x1A, 0x00, 0xCA, 0x26, 0xB7, 0x00, 0x68, 0x93, 0xF6, 0xEB, 0x84,
    0xC4, 0x01, 0xB0, 0x44, 0x0D, 0x00, 0xDC, 0x41, 0xAD, 0x00, 0xF0, 0xF0, 0x6C, 0xA2, 0x82, 0x73,
    0x92, 0x0C, 0x73, 0x0E, 0xA9, 0x7B, 0x92, 0x24, 0xC3, 0x99, 0x7D, 0x48, 0xFB, 0x90, 0xEB, 0x11,
    0xB2, 0x2E, 0x24, 0xAB, 0xD2, 0x90, 0x5B, 0xF2, 0xFF, 0xE8, 0xA3, 0x96, 0xE2, 0x5E, 0x97, 0xD9,
    0x52, 0x1A, 0xCA, 0x1B, 0x21, 0xB9, 0x18, 0xAA, 0x3A, 0xEB, 0x72, 0xFB, 0x4E, 0xD9, 0x29, 0x9F,
    0xBB, 0xC2, 0x5C, 0xBC, 0xB6, 0x7C, 0xAB, 0x2F, 0x8E, 0x96, 0x94, 0x7D, 0x3E, 0x51, 0xFC, 0xDD,
    0x00, 0x00, 0x27, 0x57, 0x0F, 0xD5, 0x2C, 0xA0, 0x37, 0xC9, 0xEE, 0x26, 0xB9, 0xBE, 0x49, 0x6E,
    0x6F, 0x92, 0x0F, 0x38, 0x1D, 0xD9, 0x04, 0x54, 0x87, 0x0D, 0xEC, 0xA6, 0x16, 0xAE, 0xA9, 0x1E,
    0x6E, 0x3F, 0x45, 0x07, 0x77, 0x12, 0x0B, 0xCB, 0x58, 0xAD, 0xB3, 0x06, 0x74, 0x4E, 0xE0, 0xAF,
    0x81, 0xD2, 0x03, 0xC5, 0x0A, 0xC8, 0x1D, 0xBC, 0x94, 0x0D, 0x70, 0x31, 0x5B, 0xC1, 0xED, 0xC2,
    0xA3, 0xC6, 0x6F, 0x4F, 0xA4, 0x9F, 0xEF, 0xB4, 0x64, 0x7F, 0xE4, 0xB4, 0x39, 0x97, 0xF7, 0xBA,
    0x79, 0x25, 0xB5, 0xA5, 0xDD, 0x4E, 0x4C, 0x61, 0x81, 0xA2, 0x03, 0xF2, 0x0E, 0xD5, 0x64, 0x3D,
    0xA9, 0x4D, 0x3B, 0xD2, 0x2E, 0xB3, 0xA4, 0xAE, 0x68, 0x50, 0x22, 0xC0, 0xDE, 0x40, 0x25, 0xD3,
    0x3E, 0x5B, 0x22, 0x23, 0x08, 0xAD, 0xA1, 0xA5, 0xB4, 0xE7, 0xDB, 0xC5, 0x5B, 0x9F, 0xB6, 0x12,
    0x06, 0x2D, 0xB9, 0x9B, 0x59, 0xC8, 0xE2, 0xAD, 0x47, 0x9B, 0xB9, 0xA2, 0x0B, 0x54, 0x36, 0xD0,
    0x42, 0x2B, 0xAB, 0xC0, 0x81, 0x09, 0xC0, 0xAF, 0x41, 0x80, 0x0B, 0xF2, 0x29, 0xF1, 0x2D, 0x01,
    0x52, 0xFB, 0xC4, 0x56, 0xF6, 0xA1, 0x90, 0xCF, 0x3D, 0xD4, 0xDF, 0xFD, 0x78, 0x42, 0xF9, 0xD4,
    0x0A, 0xE9, 0x90, 0xDA, 0x25, 0xB9, 0x4B, 0xED, 0x36, 0x45, 0x17, 0x3B, 0x4B, 0x1B, 0xAD, 0x66,
    0x75, 0xF3, 0x2B, 0xFD, 0x5C, 0x5C, 0xF0, 0x67, 0xD2, 0xE9, 0xD0, 0x29, 0x73, 0x7F, 0x3B, 0xAF,
    0x70, 0x97, 0xA2, 0x8F, 0x66, 0x43, 0x34, 0xF1, 0x51, 0xDA, 0x1B, 0xD1, 0x52, 0x7E, 0x39, 0x41,
    0x22, 0xF2, 0x10, 0x48, 0xBB, 0x27, 0xD7, 0x96, 0x98, 0x68, 0x6E, 0xD9, 0x6C, 0x29, 0x55, 0x1F,
    0xD5, 0x2E, 0xFA, 0x17, 0x43, 0xF4, 0x9F, 0x56, 0x51, 0xE7, 0x01, 0xD5, 0x8F, 0x40, 0xD2, 0xDD,
    0x9D, 0x17, 0xD0, 0x30, 0x6F, 0x9A, 0xBF, 0x7A, 0x78, 0xD0, 0x7E, 0xF6, 0x01, 0x05, 0x85, 0x85,
    0x37, 0xE2, 0x42, 0x57, 0xDB, 0x83, 0xC3, 0xE3, 0x0F, 0xD6, 0x55, 0x3E, 0x22, 0x5D, 0x81, 0x23,
    0xF1, 0x28, 0x87, 0xF2, 0x24, 0x1D, 0x4C, 0xA4, 0x16, 0x5A, 0xB2, 0x2E, 0x68, 0xF6, 0x8E, 0x38,
    0x2B, 0x0F, 0x45, 0x28, 0xC5, 0x03, 0x40, 0x25, 0x06, 0x25, 0x87, 0x8E, 0x74, 0x50, 0x9E, 0xAC,
    0x67, 0x49, 0xDA, 0xA1, 0x51, 0x4D, 0x00, 0xD6, 0xD4, 0x9C, 0x5F, 0x2C, 0xC4, 0xC4, 0xF7, 0x71,
    0xE7, 0x17, 0x72, 0x64, 0xC8, 0x25, 0xAE, 0x27, 0x86, 0x79, 0x6E, 0x6B, 0x5A, 0x2C, 0x2E, 0x15,
    0x0E, 0x28, 0xBB, 0x88, 0xE5, 0xC5, 0xC8, 0x7C, 0xA1, 0xA5, 0x09, 0x54, 0x26, 0x75, 0xD4, 0xA8,
    0xE9, 0x8F, 0x47, 0xA8, 0xA4, 0x07, 0x2E, 0x03, 0xE4, 0x33, 0xA7, 0x67, 0x7C, 0x91, 0x8E, 0xF6,
    0x7B, 0xF1, 0x8C, 0x9F, 0xC7, 0x33, 0x7E, 0x1E, 0xCF, 0xF8, 0x79, 0x3C, 0xE3, 0xE7, 0x50, 0xD9,
    0x80, 0x9E, 0x69, 0x7E, 0x2D, 0x76, 0xD3, 0x5C, 0x76, 0x81, 0xC2, 0x05, 0xB2, 0x21, 0x8F, 0x67,
    0xFC, 0x9C, 0x5B, 0xC8, 0xFB, 0xCF, 0x9E, 0xF1, 0x73, 0x13, 0x01, 0x38, 0x0B, 0x89, 0xCB, 0x3B,
    0x52, 0x57, 0x7C, 0x39, 0x12, 0x46, 0x3F, 0x33, 0xBF, 0xFC, 0xDA, 0xE4, 0x33, 0x2E, 0x90, 0x8E,
    0x6F, 0xA7, 0x4E, 0x89, 0x03, 0xCE, 0xB0, 0x1E, 0xA5, 0x34, 0x20, 0x87, 0x2B, 0x42, 0x61, 0x24,
    0xB4, 0x2E, 0x29, 0x2C, 0xBB, 0x91, 0xEF, 0xF0, 0xD4, 0x57, 0x72, 0x00, 0xD2, 0x09, 0x50, 0xD2,
    0x03, 0x3A, 0xA6, 0xD9, 0x9C, 0xD6, 0x3E, 0xA6, 0x13, 0x40, 0x6B, 0x00, 0xDD, 0x00, 0x55, 0x53,
    0xB5, 0x77, 0xCB, 0xE6, 0xF7, 0xFE, 0xF3, 0x5F, 0x2A, 0xF3, 0xBB, 0xF7, 0xDF, 0xD7, 0xFC, 0xFE,
    0xFD, 0xF7, 0xEF, 0x50, 0xDE, 0xFF, 0xE1, 0x40, 0x22, 0xD2, 0xA0, 0xFE, 0xED, 0x87, 0xA0, 0xEE,
    0xBF, 0x7F, 0x42, 0x2B, 0x22, 0x66, 0x86, 0xD3, 0x71, 0x35, 0x3C, 0x4B, 0x8D, 0xC4, 0xB9, 0x55,
    0xE6, 0x8A, 0xC6, 0xA5, 0x2E, 0x8B, 0xA4, 0x4D, 0x1F, 0xD9, 0x4F, 0x5D, 0x62, 0x48, 0x1D, 0xFC,
    0xFF, 0xC8, 0x22, 0x7B, 0x93, 0x41, 0x89, 0x74, 0x68, 0x11, 0x69, 0x66, 0x50, 0x13, 0x40, 0xFD,
    0xE4, 0x3F, 0xB0, 0xEB, 0xEA, 0xF9, 0x45, 0xFD, 0x0B, 0x03, 0xDA, 0x12, 0x30, 0x40, 0x0B, 0x5C,
    0xF0, 0xA0, 0xA5, 0x83, 0xEA, 0x21, 0x50, 0xB8, 0xD3, 0x1D, 0xF2, 0x70, 0xB2, 0x92, 0x44, 0xEA,
    0x79, 0xA5, 0x6E, 0xD3, 0x93, 0x4D, 0x06, 0x54, 0x6B, 0x29, 0xC5, 0x43, 0x78, 0x3E, 0x03, 0x2D,
    0x40, 0xFD, 0x84, 0xC4, 0x06, 0xF6, 0x9A, 0xC0, 0x00, 0x4A, 0x0C, 0x54, 0xA2, 0x1A, 0xDE, 0xAD,
    0xAB, 0x58, 0x38, 0x3A, 0xD9, 0xE5, 0x52, 0xD0, 0xE6, 0xCF, 0x6B, 0x6A, 0x4B, 0x4D, 0xD9, 0x07,
    0x52, 0x17, 0x48, 0x22, 0xAA, 0x8F, 0x59, 0x17, 0x48, 0x2D, 0x2D, 0x85, 0x39, 0x2B, 0x9F, 0xDE,
    0xA1, 0xDA, 0x3C, 0xE6, 0x20, 0xF7, 0xD1, 0xEA, 0x30, 0xBA, 0x93, 0x19, 0x60, 0x3B, 0xB5, 0x31,
    0x4F, 0x7F, 0x7A, 0x60, 0xD0, 0x37, 0x45, 0x1C, 0x85, 0xC8, 0x4D, 0x8F, 0xBA, 0x69, 0xD9, 0x85,
    0xC4, 0x52, 0xCC, 0xE6, 0x6B, 0x0D, 0xC9, 0x4F, 0x5F, 0x8C, 0xF9, 0xE7, 0x6F, 0x16, 0x41, 0x91,
    0xD7, 0x83, 0x0F, 0xFE, 0x6B, 0x05, 0xB9, 0xBD, 0xD1, 0x41, 0x65, 0x01, 0xFE, 0xB9, 0x8B, 0xFE,
    0x49, 0x1F, 0xC5, 0xF1, 0x22, 0xF0, 0x11, 0x6F, 0x00, 0xBB, 0xDC, 0x85, 0x79, 0x0F, 0x36, 0x9F,
    0x21, 0xCE, 0x47, 0x7E, 0x23, 0xC2, 0xCE, 0xF3, 0xAA, 0xEB, 0x06, 0xD8, 0x93, 0x09, 0x92, 0xE9,
    0xCD, 0xD6, 0x92, 0xBB, 0x9D, 0xDC, 0x51, 0xD8, 0x9D, 0x74, 0x45, 0x65, 0x76, 0x94, 0x47, 0xB3,
    0xC3, 0xC8, 0x32, 0x78, 0x97, 0xBB, 0xC1, 0x9A, 0x3B, 0x41, 0xCD, 0xF8, 0xB5, 0xAC, 0x65, 0x32,
    0xEB, 0x1F, 0x1C, 0xC9, 0x8A, 0x16, 0xB5, 0xA2, 0x6A, 0x02, 0xA5, 0x0D, 0x14, 0xDD, 0xB3, 0xD8,
    0x4D, 0xB5, 0xE6, 0xE5, 0xF1, 0xFB, 0x9E, 0x5A, 0xA4, 0x0B, 0xD9, 0xA5, 0xAF, 0xF7, 0x23, 0xDC,
    0x18, 0xE0, 0x81, 0x7D, 0x9A, 0x3C, 0x56, 0xDA, 0xC7, 0xD2, 0x24, 0xAB, 0x07, 0x9F, 0xB8, 0xBC,
    0x7F, 0xF0, 0xB1, 0x2F, 0xEC, 0x03, 0x3B, 0x56, 0xCD, 0x03, 0xBB, 0xD4, 0xE6, 0x81, 0xDD, 0xD5,
    0x9C, 0xB0, 0x5D, 0x03, 0xCC, 0xE8, 0x53, 0x2A, 0x03, 0x14, 0x16, 0xC8, 0xBB, 0xCD, 0x97, 0x80,
    0xD5, 0xA6, 0xFC, 0xEA, 0xE1, 0x67, 0x07, 0x7F, 0x5F, 0x8B, 0xC8, 0x30, 0xC3, 0x2B, 0xDB, 0x30,
    0xD3, 0xCA, 0x08, 0x7B, 0xF3, 0x7D, 0xCB, 0x65, 0x43, 0x20, 0xF1, 0x01, 0x35, 0x33, 0x06, 0x88,
    0x28, 0xBF, 0x29, 0xA4, 0xA1, 0xE5, 0xD1, 0x5E, 0x68, 0x16, 0x31, 0x21, 0xBB, 0xD2, 0x6F, 0xAA,
    0x4C, 0x91, 0x36, 0x52, 0x3F, 0x4B, 0xBB, 0xA9, 0x26, 0x9E, 0xB7, 0x8E, 0x0F, 0x1D, 0x6D, 0xDC,
    0xF6, 0x27, 0x57, 0xC0, 0x6F, 0x7E, 0x87, 0xF5, 0xA8, 0x27, 0x93, 0x8E, 0x7B, 0x7D, 0xD1, 0x67,
    0x43, 0x69, 0xD3, 0x41, 0x9B, 0xC4, 0x69, 0xA0, 0xFE, 0x15, 0x7F, 0xDA, 0x80, 0x6E, 0xA0, 0xB4,
    0xFC, 0x56, 0x31, 0xF0, 0x61, 0x2A, 0xE2, 0xA8, 0xC5, 0xA0, 0x2E, 0x01, 0xC4, 0x67, 0xCB, 0x25,
    0x1D, 0xE6, 0x5E, 0x3D, 0x38, 0xF8, 0xD1, 0xFF, 0x01, 0x63, 0x00, 0x82, 0xFF, 0xFF, 0xFF, 0xFF,
    0x01, 0xE1, 0xD0, 0xD0, 0xD0, 0x10, 0x00, 0xCD, 0x92, 0x21, 0x8C, 0xD4, 0x40, 0x14, 0x86, 0xBF,
    0xB6, 0xE4, 0x2A, 0x2A, 0x6A, 0xB8, 0x84, 0x80, 0xA8, 0x47, 0xB0, 0x16, 0xC5, 0x34, 0x78, 0xB1,
    0xE2, 0x3C, 0x1E, 0x04, 0x3E, 0xE1, 0x6E, 0xEB, 0xB0, 0x67, 0xCE, 0x2B, 0x12, 0x76, 0x11, 0xE7,
    0x45, 0xE9, 0x7A, 0x55, 0x85, 0x2E, 0x86, 0xE0, 0xA8, 0x40, 0xCC, 0xE5, 0xA6, 0x7D, 0xBC, 0x79,
    0xD9, 0x4D, 0x31, 0xB8, 0x85, 0x50, 0xF1, 0xFF, 0xD3, 0x37, 0xC9, 0xCC, 0xF7, 0xCF, 0x7B, 0x70,
    0x4E, 0xB2, 0x85, 0x5C, 0x86, 0x95, 0xF4, 0x54, 0xEF, 0x7D, 0x9B, 0x8F, 0xB8, 0xC4, 0x87, 0x6C,
    0xE0, 0x92, 0xAF, 0x3E, 0xA9, 0x69, 0x49, 0x3D, 0x10, 0x7E, 0x37, 0x27, 0xFA, 0x05, 0x9E, 0xCA,
    0xAE, 0x9B, 0x3F, 0x1E, 0x8B, 0x7F, 0xC5, 0x26, 0xB2, 0x00, 0x4F, 0xE4, 0xFA, 0xD5, 0xBC, 0xC6,
    0x89, 0x17, 0xF1, 0xC0, 0x9B, 0x3B, 0x20, 0x9F, 0x65, 0x80, 0x6A, 0x5F, 0x8E, 0xE0, 0xC8, 0x54,
    0x3F, 0x93, 0xF5, 0x30, 0x01, 0x10, 0x16, 0x8D, 0xB4, 0x3F, 0x23, 0xEC, 0x27, 0x6F, 0xE7, 0x9E,
    0x50, 0x0D, 0x4F, 0xE9, 0xAA, 0x79, 0xAD, 0x70, 0x9B, 0x08, 0xF4, 0xF8, 0xC3, 0x1A, 0x32, 0xBD,
    0x31, 0xB2, 0x55, 0xAA, 0xCA, 0xA6, 0x7A, 0x65, 0x3A, 0x91, 0xAA, 0x86, 0x45, 0x95, 0xED, 0xA5,
    0xB1, 0x2D, 0xF5, 0xD3, 0xA8, 0xB1, 0xF9, 0x85, 0xAD, 0x8B, 0x6C, 0xE7, 0x70, 0xFB, 0x1D, 0xEB,
    0x77, 0x71, 0x2F, 0x0D, 0xB1, 0xE3, 0xAE, 0x5E, 0xF5, 0xC4, 0x9E, 0xB7, 0x94, 0x3D, 0x5C, 0x32,
    0x04, 0x8A, 0x06, 0x5A, 0x12, 0x0F, 0x4B, 0x27, 0x96, 0x85, 0x13, 0xFB, 0x06, 0x7B, 0xD2, 0x79,
    0x77, 0x3B, 0x1E, 0xB6, 0xF2, 0x7F, 0xBC, 0xB0, 0xC7, 0x2F, 0xC6, 0xC3, 0x74, 0xBC, 0x9D, 0x6B,
    0x9B, 0x8F, 0x51, 0x64, 0x6F, 0x49, 0x5F, 0xDF, 0xAC, 0xB1, 0xA4, 0x5A, 0x3B, 0x26, 0x1D, 0x8F,
    0x49, 0xC7, 0x43, 0xD2, 0x7C, 0xB4, 0xA4, 0x7F, 0xB8, 0xC2, 0x92, 0xCE, 0xBA, 0xB0, 0xA4, 0xDB,
    0xFC, 0x3F, 0x4C, 0x9A, 0xEC, 0x6A, 0xA0, 0xBC, 0xF7, 0x80, 0xC3, 0x01, 0x2D, 0x55, 0x03, 0x81,
    0x52, 0x37, 0x8F, 0x5A, 0xA9, 0x7A, 0x56, 0x51, 0x93, 0x4E, 0xF6, 0x89, 0xCF, 0x24, 0x6A, 0xAC,
    0x9F, 0x40, 0xED, 0x96, 0x54, 0xB5, 0x57, 0xC2, 0x8B, 0xE2, 0xEE, 0xBA, 0x13, 0x9F, 0x4A, 0x0F,
    0xD6, 0x07, 0xCE, 0xB6, 0x00, 0xB8, 0x1F, 0x03, 0x40, 0x48, 0x02, 0xC4, 0x01, 0xBD, 0x8A, 0x36,
    0x1A, 0x72, 0xA6, 0xB6, 0xFC, 0x25, 0x9E, 0x0E, 0x52, 0x09, 0x67, 0x22, 0x94, 0x5F, 0xE6, 0x52,
    0xA4, 0x8E, 0xD1, 0x36, 0xF0, 0x82, 0x67, 0x38, 0xB8, 0xE4, 0x51, 0x34, 0x07, 0x66, 0xBD, 0x59,
    0x35, 0xA9, 0x59, 0xC7, 0xA3, 0xB1, 0x09, 0x66, 0xB9, 0x98, 0xB1, 0xA9, 0xD5, 0x1E, 0x50, 0x35,
    0x6A, 0xCF, 0x29, 0xA3, 0xBD, 0xA3, 0xAA, 0xED, 0x30, 0x87, 0xAB, 0x71, 0x37, 0x13, 0xAB, 0x6F,
    0x75, 0x21, 0x03, 0x85, 0x34, 0x3C, 0x04, 0x2E, 0xF8, 0x05, 0x55, 0x8F, 0x81, 0x09, 0xC3, 0x30,
    0x0C, 0x04, 0x43, 0x3D, 0x80, 0x06, 0x28, 0x90, 0x11, 0x3C, 0x82, 0x3D, 0x42, 0x37, 0xCA, 0x64,
    0x25, 0x19, 0x41, 0x23, 0x64, 0x04, 0x03, 0x2A, 0xA4, 0x40, 0x7A, 0xB5, 0xA5, 0x42, 0x89, 0x00,
    0x0E, 0x38, 0x9B, 0xFF, 0x9F, 0xFE, 0x97, 0x6A, 0x50, 0x34, 0x58, 0x2C, 0xC8, 0x19, 0x1A, 0xAA,
    0x6B, 0x50, 0xD7, 0x8F, 0xBB, 0x0D, 0x1E, 0xD3, 0xF4, 0x1C, 0xBA, 0xC9, 0x56, 0x6A, 0xD7, 0x4D,
    0xF6, 0x59, 0xBB, 0x3E, 0xE6, 0x26, 0xFD, 0x01, 0xB0, 0xCB, 0x39, 0x7E, 0xA3, 0x42, 0x15, 0x60,
    0xCB, 0x68, 0x01, 0xEA, 0x82, 0x75, 0x9E, 0x37, 0x30, 0x81, 0x36, 0x83, 0xA6, 0xCE, 0x65, 0x24,
    0x81, 0xAD, 0x23, 0xB9, 0xF0, 0x01, 0xF3, 0x58, 0x0F, 0x4E, 0xBC, 0x57, 0x2F, 0x82, 0x66, 0x2F,
    0x56, 0xB6, 0x6C, 0x51, 0x3B, 0xEB, 0x60, 0x7A, 0xAD, 0xF5, 0xD7, 0xFB, 0xBA, 0x43, 0xF4, 0xB2,
    0x33, 0xEE, 0x0B,
};

static const EpdGlyph notoserif_16_regularGlyphs[] = {
    { 0, 0, 0, 0, 0, 0, 0 }, // U+0000
    { 0, 0, 139, 0, 0, 0, 0 }, // U+000D
    { 0, 0, 139, 0, 0, 0, 0 }, // U+0020
    { 5, 25, 177, 3, 24, 32, 0 }, // !
    { 11, 9, 218, 1, 24, 25, 32 }, // "
    { 18, 24, 298, 0, 24, 108, 57 }, // #
    { 16, 29, 298, 1, 26, 116, 165 }, // $
    { 28, 26, 478, 1, 25, 182, 281 }, // %
    { 24, 26, 396, 1, 25, 156, 463 }, // &
    { 5, 9, 117, 1, 24, 12, 619 }, // '
    { 10, 31, 185, 1, 26, 78, 631 }, // (
    { 9, 31, 185, 1, 26, 70, 709 }, // )
    { 15, 14, 267, 1, 26, 53, 779 }, // *
    { 15, 16, 298, 2, 20, 60, 832 }, // +
    { 6, 11, 133, 1, 5, 17, 892 }, // ,
    { 10, 4, 165, 0, 11, 10, 909 }, // -
    { 5, 6, 133, 2, 5, 8, 919 }, // .
    { 10, 31, 154, 0, 26, 78, 927 }, // /
    { 17, 26, 309, 1, 25, 111, 1005 }, // 0
    { 15, 24, 245, 0, 24, 90, 1116 }, // 1
    { 15, 25, 264, 1, 25, 94, 1206 }, // 2
    { 15, 26, 272, 1, 25, 98, 1300 }, // 3
    { 18, 24, 294, 0, 24, 108, 1398 }, // 4
    { 15, 25, 272, 1, 24, 94, 1506 }, // 5
    { 16, 26, 293, 1, 25, 104, 1600 }, // 6
    { 16, 24, 274, 1, 24, 96, 1704 }, // 7
    { 17, 26, 297, 1, 25, 111, 1800 }, // 8
    { 16, 26, 293, 1, 25, 104, 1911 }, // 9
    { 5, 20, 153, 2, 19, 25, 2015 }, // :
    { 7, 25, 153, 1, 19, 44, 2040 }, // ;
    { 15, 18, 298, 2, 21, 68, 2084 }, // <
    { 15, 10, 298, 2, 17, 38, 2152 }, // =
    { 15, 18, 298, 2, 21, 68, 2190 }, // >
    { 14, 26, 253, 1, 25, 91, 2258 }, // ?
    { 27, 29, 491, 2, 24, 196, 2349 }, // @
    { 24, 24, 376, 0, 24, 144, 2545 }, // A
    { 19, 24, 349, 1, 24, 114, 2689 }, // B
    { 19, 26, 327, 1, 25, 124, 2803 }, // C
    { 22, 24, 388, 1, 24, 132, 2927 }, // D
    { 19, 24, 332, 1, 24, 114, 3059 }, // E
    { 18, 24, 315, 1, 24, 108, 3173 }, // F
    { 23, 26, 381, 1, 25, 150, 3281 }, // G
    { 25, 24, 423, 1, 24, 150, 3431 }, // H
    { 10, 24, 196, 1, 24, 60, 3581 }, // I
    { 12, 32, 190, -1, 24, 96, 3641 }, // J
    { 23, 24, 373, 1, 24, 138, 3737 }, // K
    { 19, 24, 332, 1, 24, 114, 3875 }, // L
    { 29, 24, 500, 1, 24, 174, 3989 }, // M
    { 24, 24, 407, 1, 24, 144, 4163 }, // N
    { 22, 26, 396, 1, 25, 143, 4307 }, // O
    { 18, 24, 322, 1, 24, 108, 4450 }, // P
    { 22, 33, 396, 1, 25, 182, 4558 }, // Q
    { 22, 24, 350, 1, 24, 132, 4740 }, // R
    { 16, 26, 290, 1, 25, 104, 4872 }, // S
    { 20, 24, 327, 0, 24, 120, 4976 }, // T
    { 24, 25, 382, 0, 24, 150, 5096 }, // U
    { 23, 24, 360, 0, 24, 138, 5246 }, // V
    { 35, 24, 558, 0, 24, 210, 5384 }, // W
    { 22, 24, 352, 0, 24, 132, 5594 }, // X
    { 22, 24, 333, -1, 24, 132, 5726 }, // Y
    { 18, 24, 316, 1, 24, 108, 5858 }, // Z
    { 8, 31, 192, 3, 26, 62, 5966 }, // [
    { 10, 31, 154, 0, 26, 78, 6028 }, // <backslash>
    { 8, 31, 192, 1, 26, 62, 6106 }, // ]
    { 16, 16, 298, 1, 24, 64, 6168 }, // ^
    { 17, 3, 245, -1, -2, 13, 6232 }, // _
    { 7, 6, 146, 1, 26, 11, 6245 }, // `
    { 17, 20, 300, 1, 19, 85, 6256 }, // a
    { 19, 27, 327, 0, 26, 129, 6341 }, // b
    { 15, 20, 262, 1, 19, 75, 6470 }, // c
    { 19, 27, 327, 1, 26, 129, 6545 }, // d
    { 16, 20, 285, 1, 19, 80, 6674 }, // e
    { 15, 26, 197, 0, 26, 98, 6754 }, // f
    { 18, 27, 287, 0, 19, 122, 6852 }, // g
    { 21, 26, 339, 0, 26, 137, 6974 }, // h
    { 11, 26, 171, 0, 26, 72, 7111 }, // i
    { 8, 34, 160, -1, 26, 68, 7183 }, // j
    { 20, 26, 312, 0, 26, 130, 7251 }, // k
    { 10, 26, 165, 0, 26, 65, 7381 }, // l
    { 31, 19, 504, 0, 19, 148, 7446 }, // m
    { 21, 19, 344, 0, 19, 100, 0 }, // n
    { 17, 20, 308, 1, 19, 85, 100 }, // o
    { 19, 27, 327, 0, 19, 129, 185 }, // p
    { 19, 27, 327, 1, 19, 129, 314 }, // q
    { 15, 19, 251, 1, 19, 72, 443 }, // r
    { 13, 20, 240, 1, 19, 65, 515 }, // s
    { 11, 23, 188, 0, 22, 64, 580 }, // t
    { 21, 19, 339, 0, 18, 100, 644 }, // u
    { 20, 18, 309, 0, 18, 90, 744 }, // v
    { 29, 18, 460, 0, 18, 131, 834 }, // w
    { 20, 18, 308, 0, 18, 90, 965 }, // x
    { 19, 26, 301, 0, 18, 124, 1055 }, // y
    { 15, 18, 272, 1, 18, 68, 1179 }, // z
    { 12, 31, 228, 1, 26, 93, 1247 }, // {
    { 3, 34, 298, 8, 26, 26, 1340 }, // |
    { 12, 31, 228, 1, 26, 93, 1366 }, // }
    { 16, 7, 298, 1, 15, 28, 1459 }, // ~
    { 0, 0, 139, 0, 0, 0, 0 }, // U+00A0
    { 5, 25, 177, 3, 19, 32, 0 }, // U+00A1
    { 15, 24, 298, 2, 24, 90, 32 }, // U+00A2
    { 17, 26, 298, 1, 25, 111, 122 }, // U+00A3
    { 15, 16, 298, 2, 20, 60, 233 }, // U+00A4
    { 19, 24, 298, 0, 24, 114, 293 }, // U+00A5
    { 3, 34, 298, 8, 26, 26, 407 }, // U+00A6
    { 15, 30, 290, 2, 26, 113, 433 }, // U+00A7
    { 11, 4, 308, 4, 25, 11, 546 }, // U+00A8
    { 26, 26, 451, 1, 25, 169, 557 }, // U+00A9
    { 12, 12, 204, 1, 24, 36, 726 }, // U+00AA
    { 13, 14, 274, 2, 16, 46, 762 }, // U+00AB
    { 15, 9, 298, 2, 13, 34, 808 }, // U+00AC
    { 10, 4, 165, 0, 11, 10, 842 }, // U+00AD
    { 26, 26, 451, 1, 25, 169, 852 }, // U+00AE
    { 17, 3, 245, -1, 28, 13, 1021 }, // U+00AF
    { 11, 11, 213, 1, 25, 31, 1034 }, // U+00B0
    { 15, 20, 298, 2, 20, 75, 1065 }, // U+00B1
    { 11, 16, 213, 1, 28, 44, 1140 }, // U+00B2
    { 11, 16, 213, 1, 28, 44, 1184 }, // U+00B3
    { 7, 6, 146, 1, 26, 11, 1228 }, // U+00B4
    { 18, 26, 328, 2, 18, 117, 1239 }, // U+00B5
    { 19, 30, 329, 1, 26, 143, 1356 }, // U+00B6
    { 5, 6, 133, 2, 15, 8, 1499 }, // U+00B7
    { 7, 9, 178, 2, 1, 16, 1507 }, // U+00B8
    { 11, 16, 213, 1, 28, 44, 1523 }, // U+00B9
    { 12, 12, 212, 1, 24, 36, 1567 }, // U+00BA
    { 13, 14, 274, 2, 16, 46, 1603 }, // U+00BB
    { 28, 26, 448, 0, 25, 182, 1649 }, // U+00BC
    { 27, 26, 448, 0, 25, 176, 1831 }, // U+00BD
    { 27, 26, 448, 1, 25, 176, 2007 }, // U+00BE
    { 14, 25, 253, 1, 18, 88, 2183 }, // U+00BF
    { 24, 32, 376, 0, 32, 192, 2271 }, // U+00C0
    { 24, 32, 376, 0, 32, 192, 2463 }, // U+00C1
    { 24, 32, 376, 0, 32, 192, 2655 }, // U+00C2
    { 24, 31, 376, 0, 31, 186, 2847 }, // U+00C3
    { 24, 31, 376, 0, 31, 186, 3033 }, // U+00C4
    { 24, 30, 376, 0, 30, 180, 3219 }, // U+00C5
    { 31, 24, 507, 0, 24, 186, 3399 }, // U+00C6
    { 19, 33, 327, 1, 25, 157, 3585 }, // U+00C7
    { 19, 32, 332, 1, 32, 152, 3742 }, // U+00C8
    { 19, 32, 332, 1, 32, 152, 3894 }, // U+00C9
    { 19, 32, 332, 1, 32, 152, 4046 }, // U+00CA
    { 19, 31, 332, 1, 31, 148, 4198 }, // U+00CB
    { 10, 32, 196, 1, 32, 80, 4346 }, // U+00CC
    { 10, 32, 196, 1, 32, 80, 4426 }, // U+00CD
    { 10, 32, 196, 1, 32, 80, 4506 }, // U+00CE
    { 10, 31, 196, 1, 31, 78, 4586 }, // U+00CF
    { 22, 24, 388, 1, 24, 132, 4664 }, // U+00D0
    { 24, 31, 407, 1, 31, 186, 4796 }, // U+00D1
    { 22, 33, 396, 1, 32, 182, 4982 }, // U+00D2
    { 22, 33, 396, 1, 32, 182, 5164 }, // U+00D3
    { 22, 33, 396, 1, 32, 182, 5346 }, // U+00D4
    { 22, 32, 396, 1, 31, 176, 5528 }, // U+00D5
    { 22, 32, 396, 1, 31, 176, 5704 }, // U+00D6
    { 15, 14, 298, 2, 19, 53, 5880 }, // U+00D7
    { 22, 28, 396, 1, 26, 154, 5933 }, // U+00D8
    { 24, 33, 382, 0, 32, 198, 6087 }, // U+00D9
    { 24, 33, 382, 0, 32, 198, 6285 }, // U+00DA
    { 24, 33, 382, 0, 32, 198, 6483 }, // U+00DB
    { 24, 32, 382, 0, 31, 192, 6681 }, // U+00DC
    { 22, 32, 333, -1, 32, 176, 6873 }, // U+00DD
    { 18, 24, 322, 1, 24, 108, 7049 }, // U+00DE
    { 21, 27, 345, 0, 26, 142, 7157 }, // U+00DF
    { 17, 27, 300, 1, 26, 115, 7299 }, // U+00E0
    { 17, 27, 300, 1, 26, 115, 7414 }, // U+00E1
    { 17, 27, 300, 1, 26, 115, 7529 }, // U+00E2
    { 17, 26, 300, 1, 25, 111, 0 }, // U+00E3
    { 17, 26, 300, 1, 25, 111, 111 }, // U+00E4
    { 17, 29, 300, 1, 28, 124, 222 }, // U+00E5
    { 26, 20, 448, 1, 19, 130, 346 }, // U+00E6
    { 15, 27, 262, 1, 19, 102, 476 }, // U+00E7
    { 16, 27, 285, 1, 26, 108, 578 }, // U+00E8
    { 16, 27, 285, 1, 26, 108, 686 }, // U+00E9
    { 16, 27, 285, 1, 26, 108, 794 }, // U+00EA
    { 16, 26, 285, 1, 25, 104, 902 }, // U+00EB
    { 11, 26, 171, 0, 26, 72, 1006 }, // U+00EC
    { 11, 26, 171, 0, 26, 72, 1078 }, // U+00ED
    { 11, 26, 171, 0, 26, 72, 1150 }, // U+00EE
    { 11, 25, 171, 0, 25, 69, 1222 }, // U+00EF
    { 17, 27, 308, 1, 26, 115, 1291 }, // U+00F0
    { 21, 25, 344, 0, 25, 132, 1406 }, // U+00F1
    { 17, 27, 308, 1, 26, 115, 1538 }, // U+00F2
    { 17, 27, 308, 1, 26, 115, 1653 }, // U+00F3
    { 17, 27, 308, 1, 26, 115, 1768 }, // U+00F4
    { 17, 26, 308, 1, 25, 111, 1883 }, // U+00F5
    { 17, 26, 308, 1, 25, 111, 1994 }, // U+00F6
    { 15, 18, 298, 2, 21, 68, 2105 }, // U+00F7
    { 17, 22, 308, 1, 20, 94, 2173 }, // U+00F8
    { 21, 27, 339, 0, 26, 142, 2267 }, // U+00F9
    { 21, 27, 339, 0, 26, 142, 2409 }, // U+00FA
    { 21, 27, 339, 0, 26, 142, 2551 }, // U+00FB
    { 21, 26, 339, 0, 25, 137, 2693 }, // U+00FC
    { 19, 34, 301, 0, 26, 162, 2830 }, // U+00FD
    { 19, 34, 327, 0, 26, 162, 2992 }, // U+00FE
    { 19, 33, 301, 0, 25, 157, 3154 }, // U+00FF
    { 24, 29, 376, 0, 29, 174, 0 }, // U+0100
    { 17, 24, 300, 1, 23, 102, 174 }, // U+0101
    { 24, 31, 376, 0, 31, 186, 276 }, // U+0102
    { 17, 26, 300, 1, 25, 111, 462 }, // U+0103
    { 24, 32, 376, 0, 24, 192, 573 }, // U+0104
    { 17, 27, 300, 1, 19, 115, 765 }, // U+0105
    { 19, 33, 327, 1, 32, 157, 880 }, // U+0106
    { 15, 27, 262, 1, 26, 102, 1037 }, // U+0107
    { 19, 33, 327, 1, 32, 157, 1139 }, // U+0108
    { 15, 27, 262, 1, 26, 102, 1296 }, // U+0109
    { 19, 33, 327, 1, 32, 157, 1398 }, // U+010A
    { 15, 27, 262, 1, 26, 102, 1555 }, // U+010B
    { 19, 33, 327, 1, 32, 157, 1657 }, // U+010C
    { 15, 27, 262, 1, 26, 102, 1814 }, // U+010D
    { 22, 32, 388, 1, 32, 176, 1916 }, // U+010E
    { 22, 27, 327, 1, 26, 149, 2092 }, // U+010F
    { 22, 24, 388, 1, 24, 132, 2241 }, // U+0110
    { 19, 27, 327, 1, 26, 129, 2373 }, // U+0111
    { 19, 29, 332, 1, 29, 138, 2502 }, // U+0112
    { 16, 24, 285, 1, 23, 96, 2640 }, // U+0113
    { 19, 31, 332, 1, 31, 148, 2736 }, // U+0114
    { 16, 26, 285, 1, 25, 104, 2884 }, // U+0115
    { 19, 31, 332, 1, 31, 148, 2988 }, // U+0116
    { 16, 27, 285, 1, 26, 108, 3136 }, // U+0117
    { 19, 32, 332, 1, 24, 152, 3244 }, // U+0118
    { 16, 27, 285, 1, 19, 108, 3396 }, // U+0119
    { 19, 32, 332, 1, 32, 152, 3504 }, // U+011A
    { 16, 27, 285, 1, 26, 108, 3656 }, // U+011B
    { 23, 33, 381, 1, 32, 190, 3764 }, // U+011C
    { 18, 34, 287, 0, 26, 153, 3954 }, // U+011D
    { 23, 32, 381, 1, 31, 184, 4107 }, // U+011E
    { 18, 33, 287, 0, 25, 149, 4291 }, // U+011F
    { 23, 33, 381, 1, 32, 190, 4440 }, // U+0120
    { 18, 34, 287, 0, 26, 153, 4630 }, // U+0121
    { 23, 33, 381, 1, 25, 190, 4783 }, // U+0122
    { 18, 34, 287, 0, 26, 153, 4973 }, // U+0123
    { 25, 32, 423, 1, 32, 200, 5126 }, // U+0124
    { 21, 32, 339, 0, 32, 168, 5326 }, // U+0125
    { 25, 24, 423, 1, 24, 150, 5494 }, // U+0126
    { 21, 26, 339, 0, 26, 137, 5644 }, // U+0127
    { 13, 31, 196, 0, 31, 101, 5781 }, // U+0128
    { 13, 25, 171, -1, 25, 82, 5882 }, // U+0129
    { 10, 29, 196, 1, 29, 73, 5964 }, // U+012A
    { 11, 23, 171, 0, 23, 64, 6037 }, // U+012B
    { 10, 31, 196, 1, 31, 78, 6101 }, // U+012C
    { 11, 25, 171, 0, 25, 69, 6179 }, // U+012D
    { 10, 32, 196, 1, 24, 80, 6248 }, // U+012E
    { 11, 34, 171, 0, 26, 94, 6328 }, // U+012F
    { 10, 32, 196, 1, 32, 80, 6422 }, // U+0130
    { 11, 18, 171, 0, 18, 50, 6502 }, // U+0131
    { 22, 32, 371, 1, 24, 176, 6552 }, // U+0132
    { 18, 34, 331, 0, 26, 153, 6728 }, // U+0133
    { 12, 40, 190, -1, 32, 120, 6881 }, // U+0134
    { 11, 34, 160, -1, 26, 94, 7001 }, // U+0135
    { 23, 32, 373, 1, 24, 184, 7095 }, // U+0136
    { 20, 34, 312, 0, 26, 170, 7279 }, // U+0137
    { 20, 18, 312, 0, 18, 90, 7449 }, // U+0138
    { 19, 32, 332, 1, 32, 152, 0 }, // U+0139
    { 10, 32, 165, 0, 32, 80, 152 }, // U+013A
    { 19, 32, 332, 1, 24, 152, 232 }, // U+013B
    { 10, 34, 165, 0, 26, 85, 384 }, // U+013C
    { 19, 24, 332, 1, 24, 114, 469 }, // U+013D
    { 13, 26, 165, 0, 26, 85, 583 }, // U+013E
    { 19, 24, 332, 1, 24, 114, 668 }, // U+013F
    { 14, 26, 197, 0, 26, 91, 782 }, // U+0140
    { 19, 24, 332, 1, 24, 114, 873 }, // U+0141
    { 11, 26, 173, 0, 26, 72, 987 }, // U+0142
    { 24, 32, 407, 1, 32, 192, 1059 }, // U+0143
    { 21, 26, 344, 0, 26, 137, 1251 }, // U+0144
    { 24, 32, 407, 1, 24, 192, 1388 }, // U+0145
    { 21, 27, 344, 0, 19, 142, 1580 }, // U+0146
    { 24, 32, 407, 1, 32, 192, 1722 }, // U+0147
    { 21, 26, 344, 0, 26, 137, 1914 }, // U+0148
    { 26, 24, 416, 0, 24, 156, 2051 }, // U+0149
    { 24, 32, 407, 1, 24, 192, 2207 }, // U+014A
    { 18, 27, 339, 0, 19, 122, 2399 }, // U+014B
    { 22, 30, 396, 1, 29, 165, 2521 }, // U+014C
    { 17, 24, 308, 1, 23, 102, 2686 }, // U+014D
    { 22, 32, 396, 1, 31, 176, 2788 }, // U+014E
    { 17, 26, 308, 1, 25, 111, 2964 }, // U+014F
    { 22, 33, 396, 1, 32, 182, 3075 }, // U+0150
    { 17, 27, 308, 1, 26, 115, 3257 }, // U+0151
    { 30, 26, 511, 1, 25, 195, 3372 }, // U+0152
    { 28, 20, 483, 1, 19, 140, 3567 }, // U+0153
    { 22, 32, 350, 1, 32, 176, 3707 }, // U+0154
    { 15, 26, 251, 1, 26, 98, 3883 }, // U+0155
    { 22, 32, 350, 1, 24, 176, 3981 }, // U+0156
    { 15, 27, 251, 1, 19, 102, 4157 }, // U+0157
    { 22, 32, 350, 1, 32, 176, 4259 }, // U+0158
    { 15, 26, 251, 1, 26, 98, 4435 }, // U+0159
    { 16, 33, 290, 1, 32, 132, 4533 }, // U+015A
    { 13, 27, 240, 1, 26, 88, 4665 }, // U+015B
    { 16, 33, 290, 1, 32, 132, 4753 }, // U+015C
    { 13, 27, 240, 1, 26, 88, 4885 }, // U+015D
    { 16, 33, 290, 1, 25, 132, 4973 }, // U+015E
    { 13, 27, 240, 1, 19, 88, 5105 }, // U+015F
    { 16, 33, 290, 1, 32, 132, 5193 }, // U+0160
    { 13, 27, 240, 1, 26, 88, 5325 }, // U+0161
    { 20, 32, 327, 0, 24, 160, 5413 }, // U+0162
    { 11, 30, 188, 0, 22, 83, 5573 }, // U+0163
    { 20, 32, 327, 0, 32, 160, 5656 }, // U+0164
    { 13, 27, 188, 0, 26, 88, 5816 }, // U+0165
    { 20, 24, 327, 0, 24, 120, 5904 }, // U+0166
    { 11, 23, 188, 0, 22, 64, 6024 }, // U+0167
    { 24, 32, 382, 0, 31, 192, 6088 }, // U+0168
    { 21, 26, 339, 0, 25, 137, 6280 }, // U+0169
    { 24, 30, 382, 0, 29, 180, 6417 }, // U+016A
    { 21, 24, 339, 0, 23, 126, 6597 }, // U+016B
    { 24, 32, 382, 0, 31, 192, 6723 }, // U+016C
    { 21, 26, 339, 0, 25, 137, 6915 }, // U+016D
    { 24, 35, 382, 0, 34, 210, 7052 }, // U+016E
    { 21, 29, 339, 0, 28, 153, 7262 }, // U+016F
    { 24, 33, 382, 0, 32, 198, 7415 }, // U+0170
    { 21, 27, 339, 0, 26, 142, 0 }, // U+0171
    { 24, 32, 387, 0, 24, 192, 142 }, // U+0172
    { 21, 26, 339, 0, 18, 137, 334 }, // U+0173
    { 35, 32, 558, 0, 32, 280, 471 }, // U+0174
    { 29, 26, 460, 0, 26, 189, 751 }, // U+0175
    { 22, 32, 333, -1, 32, 176, 940 }, // U+0176
    { 19, 34, 301, 0, 26, 162, 1116 }, // U+0177
    { 22, 31, 333, -1, 31, 171, 1278 }, // U+0178
    { 18, 32, 316, 1, 32, 144, 1449 }, // U+0179
    { 15, 26, 272, 1, 26, 98, 1593 }, // U+017A
    { 18, 32, 316, 1, 32, 144, 1691 }, // U+017B
    { 15, 26, 272, 1, 26, 98, 1835 }, // U+017C
    { 18, 32, 316, 1, 32, 144, 1933 }, // U+017D
    { 15, 26, 272, 1, 26, 98, 2077 }, // U+017E
    { 15, 26, 189, 0, 26, 98, 2175 }, // U+017F
    { 25, 27, 415, 1, 26, 169, 0 }, // U+01A0
    { 20, 22, 324, 1, 21, 110, 169 }, // U+01A1
    { 26, 27, 415, 0, 26, 176, 279 }, // U+01AF
    { 23, 22, 360, 0, 21, 127, 455 }, // U+01B0
    { 42, 32, 703, 1, 32, 336, 582 }, // U+01C4
    { 39, 26, 660, 1, 26, 254, 918 }, // U+01C5
    { 35, 27, 600, 1, 26, 237, 1172 }, // U+01C6
    { 31, 32, 523, 1, 24, 248, 1409 }, // U+01C7
    { 27, 34, 492, 1, 26, 230, 1657 }, // U+01C8
    { 18, 34, 325, 0, 26, 153, 1887 }, // U+01C9
    { 36, 32, 597, 1, 24, 288, 2040 }, // U+01CA
    { 32, 34, 567, 1, 26, 272, 2328 }, // U+01CB
    { 29, 34, 504, 0, 26, 247, 2600 }, // U+01CC
    { 24, 32, 376, 0, 32, 192, 2847 }, // U+01CD
    { 17, 27, 300, 1, 26, 115, 3039 }, // U+01CE
    { 11, 32, 196, 1, 32, 88, 3154 }, // U+01CF
    { 11, 26, 171, 0, 26, 72, 3242 }, // U+01D0
    { 22, 33, 396, 1, 32, 182, 3314 }, // U+01D1
    { 17, 27, 308, 1, 26, 115, 3496 }, // U+01D2
    { 24, 33, 382, 0, 32, 198, 3611 }, // U+01D3
    { 21, 27, 339, 0, 26, 142, 3809 }, // U+01D4
    { 24, 35, 382, 0, 34, 210, 3951 }, // U+01D5
    { 21, 29, 339, 0, 28, 153, 4161 }, // U+01D6
    { 24, 36, 382, 0, 35, 216, 4314 }, // U+01D7
    { 21, 31, 339, 0, 30, 163, 4530 }, // U+01D8
    { 24, 36, 382, 0, 35, 216, 4693 }, // U+01D9
    { 21, 31, 339, 0, 30, 163, 4909 }, // U+01DA
    { 24, 36, 382, 0, 35, 216, 5072 }, // U+01DB
    { 21, 31, 339, 0, 30, 163, 5288 }, // U+01DC
    { 15, 20, 285, 1, 19, 75, 5451 }, // U+01DD
    { 24, 34, 376, 0, 34, 204, 5526 }, // U+01DE
    { 17, 29, 300, 1, 28, 124, 5730 }, // U+01DF
    { 24, 33, 376, 0, 33, 198, 5854 }, // U+01E0
    { 17, 29, 300, 1, 28, 124, 6052 }, // U+01E1
    { 31, 29, 507, 0, 29, 225, 6176 }, // U+01E2
    { 26, 24, 448, 1, 23, 156, 6401 }, // U+01E3
    { 23, 26, 381, 1, 25, 150, 6557 }, // U+01E4
    { 19, 27, 287, 0, 19, 129, 6707 }, // U+01E5
    { 23, 33, 381, 1, 32, 190, 6836 }, // U+01E6
    { 18, 34, 287, 0, 26, 153, 7026 }, // U+01E7
    { 23, 32, 373, 1, 32, 184, 7179 }, // U+01E8
    { 20, 32, 312, 0, 32, 160, 7363 }, // U+01E9
    { 22, 33, 396, 1, 25, 182, 7523 }, // U+01EA
    { 17, 27, 308, 1, 19, 115, 0 }, // U+01EB
    { 22, 37, 396, 1, 29, 204, 115 }, // U+01EC
    { 17, 31, 308, 1, 23, 132, 319 }, // U+01ED
    { 18, 33, 322, 1, 32, 149, 451 }, // U+01EE
    { 16, 34, 292, 1, 26, 136, 600 }, // U+01EF
    { 11, 34, 160, -1, 26, 94, 736 }, // U+01F0
    { 42, 24, 703, 1, 24, 252, 830 }, // U+01F1
    { 39, 24, 660, 1, 24, 234, 1082 }, // U+01F2
    { 35, 27, 600, 1, 26, 237, 1316 }, // U+01F3
    { 23, 33, 381, 1, 32, 190, 1553 }, // U+01F4
    { 18, 34, 287, 0, 26, 153, 1743 }, // U+01F5
    { 34, 25, 567, 1, 24, 213, 1896 }, // U+01F6
    { 22, 33, 370, 0, 25, 182, 2109 }, // U+01F7
    { 24, 32, 407, 1, 32, 192, 2291 }, // U+01F8
    { 21, 26, 344, 0, 26, 137, 2483 }, // U+01F9
    { 24, 32, 376, 0, 32, 192, 2620 }, // U+01FA
    { 17, 33, 300, 1, 32, 141, 2812 }, // U+01FB
    { 31, 32, 507, 0, 32, 248, 2953 }, // U+01FC
    { 26, 27, 448, 1, 26, 176, 3201 }, // U+01FD
    { 22, 34, 396, 1, 32, 187, 3377 }, // U+01FE
    { 17, 28, 308, 1, 26, 119, 3564 }, // U+01FF
    { 24, 32, 376, 0, 32, 192, 3683 }, // U+0200
    { 17, 27, 300, 1, 26, 115, 3875 }, // U+0201
    { 24, 31, 376, 0, 31, 186, 3990 }, // U+0202
    { 17, 26, 300, 1, 25, 111, 4176 }, // U+0203
    { 19, 32, 332, 1, 32, 152, 4287 }, // U+0204
    { 16, 27, 285, 1, 26, 108, 4439 }, // U+0205
    { 19, 31, 332, 1, 31, 148, 4547 }, // U+0206
    { 16, 26, 285, 1, 25, 104, 4695 }, // U+0207
    { 13, 32, 196, -2, 32, 104, 4799 }, // U+0208
    { 14, 26, 171, -3, 26, 91, 4903 }, // U+0209
    { 10, 31, 196, 1, 31, 78, 4994 }, // U+020A
    { 11, 25, 171, 0, 25, 69, 5072 }, // U+020B
    { 22, 33, 396, 1, 32, 182, 5141 }, // U+020C
    { 17, 27, 308, 1, 26, 115, 5323 }, // U+020D
    { 22, 32, 396, 1, 31, 176, 5438 }, // U+020E
    { 17, 26, 308, 1, 25, 111, 5614 }, // U+020F
    { 22, 32, 350, 1, 32, 176, 5725 }, // U+0210
    { 16, 26, 251, 0, 26, 104, 5901 }, // U+0211
    { 22, 31, 350, 1, 31, 171, 6005 }, // U+0212
    { 15, 25, 251, 1, 25, 94, 6176 }, // U+0213
    { 24, 33, 382, 0, 32, 198, 6270 }, // U+0214
    { 21, 27, 339, 0, 26, 142, 6468 }, // U+0215
    { 24, 32, 382, 0, 31, 192, 6610 }, // U+0216
    { 21, 26, 339, 0, 25, 137, 6802 }, // U+0217
    { 16, 33, 290, 1, 25, 132, 6939 }, // U+0218
    { 13, 27, 240, 1, 19, 88, 7071 }, // U+0219
    { 20, 32, 327, 0, 24, 160, 7159 }, // U+021A
    { 11, 30, 188, 0, 22, 83, 7319 }, // U+021B
    { 17, 31, 323, 2, 25, 132, 7402 }, // U+021C
    { 14, 27, 263, 1, 19, 95, 0 }, // U+021D
    { 25, 32, 423, 1, 32, 200, 95 }, // U+021E
    { 21, 32, 339, 0, 32, 168, 295 }, // U+021F
    { 8, 6, 0, -15, 26, 12, 0 }, // U+0300
    { 8, 6, 0, -11, 26, 12, 12 }, // U+0301
    { 11, 6, 0, -15, 26, 17, 24 }, // U+0302
    { 13, 5, 0, -17, 25, 17, 41 }, // U+0303
    { 10, 3, 0, -5, 23, 8, 58 }, // U+0304
    { 14, 3, 0, -7, 28, 11, 66 }, // U+0305
    { 10, 5, 0, -5, 25, 13, 77 }, // U+0306
    { 4, 5, 0, -2, 26, 5, 90 }, // U+0307
    { 10, 4, 0, -5, 25, 10, 95 }, // U+0308
    { 8, 9, 0, -14, 28, 18, 105 }, // U+0309
    { 8, 9, 0, -4, 28, 18, 123 }, // U+030A
    { 13, 6, 0, -5, 26, 20, 141 }, // U+030B
    { 11, 6, 0, -15, 26, 17, 161 }, // U+030C
    { 2, 7, 0, -1, 26, 4, 178 }, // U+030D
    { 8, 7, 0, -4, 26, 14, 182 }, // U+030E
    { 13, 6, 0, -18, 26, 20, 196 }, // U+030F
    { 10, 9, 0, -5, 28, 23, 216 }, // U+0310
    { 10, 5, 0, -5, 25, 13, 239 }, // U+0311
    { 6, 10, 0, -3, 24, 15, 252 }, // U+0312
    { 6, 10, 0, -3, 24, 15, 267 }, // U+0313
    { 6, 10, 0, -3, 24, 15, 282 }, // U+0314
    { 6, 10, 0, -3, 24, 15, 297 }, // U+0315
    { 8, 6, 0, -4, -2, 12, 312 }, // U+0316
    { 8, 6, 0, -4, -2, 12, 324 }, // U+0317
    { 6, 7, 0, -3, -1, 11, 336 }, // U+0318
    { 6, 7, 0, -3, -1, 11, 347 }, // U+0319
    { 9, 9, 185, 0, 26, 21, 358 }, // U+031A
    { 7, 8, 0, -4, 26, 14, 379 }, // U+031B
    { 4, 8, 0, -2, 0, 8, 393 }, // U+031C
    { 8, 6, 0, -4, -1, 12, 401 }, // U+031D
    { 8, 6, 0, -4, -1, 12, 413 }, // U+031E
    { 8, 7, 0, -4, -1, 14, 425 }, // U+031F
    { 8, 2, 0, -4, -3, 4, 439 }, // U+0320
    { 6, 9, 0, -6, 2, 14, 443 }, // U+0321
    { 6, 9, 0, 0, 2, 14, 457 }, // U+0322
    { 4, 6, 0, -12, -1, 6, 471 }, // U+0323
    { 10, 4, 0, -5, -2, 10, 477 }, // U+0324
    { 8, 7, 0, -4, -1, 14, 487 }, // U+0325
    { 6, 6, 0, -3, -2, 9, 501 }, // U+0326
    { 8, 9, 0, -4, 1, 18, 510 }, // U+0327
    { 8, 8, 0, -4, 0, 16, 528 }, // U+0328
    { 2, 6, 0, -1, -1, 3, 544 }, // U+0329
    { 12, 6, 0, -6, -2, 18, 547 }, // U+032A
    { 12, 5, 0, -6, -2, 15, 565 }, // U+032B
    { 10, 6, 0, -5, -2, 15, 580 }, // U+032C
    { 10, 6, 0, -5, -2, 15, 595 }, // U+032D
    { 10, 5, 0, -5, -2, 13, 610 }, // U+032E
    { 10, 5, 0, -5, -2, 13, 623 }, // U+032F
    { 12, 6, 0, -6, -1, 18, 636 }, // U+0330
    { 10, 3, 0, -5, -2, 8, 654 }, // U+0331
    { 14, 3, 0, -7, -2, 11, 662 }, // U+0332
    { 14, 7, 0, -7, -1, 25, 673 }, // U+0333
    { 12, 5, 0, -6, 12, 15, 698 }, // U+0334
    { 12, 3, 0, -6, 11, 9, 713 }, // U+0335
    { 22, 3, 0, -11, 11, 17, 722 }, // U+0336
    { 12, 9, 0, -6, 14, 27, 739 }, // U+0337
    { 14, 29, 0, -7, 26, 102, 766 }, // U+0338
    { 4, 8, 0, -2, 0, 8, 868 }, // U+0339
    { 12, 6, 0, -6, -2, 18, 876 }, // U+033A
    { 14, 7, 0, -7, -1, 25, 894 }, // U+033B
    { 12, 5, 0, -6, -2, 15, 919 }, // U+033C
    { 8, 7, 0, -4, 26, 14, 934 }, // U+033D
    { 6, 11, 0, -3, 30, 17, 948 }, // U+033E
    { 14, 7, 0, -7, 32, 25, 965 }, // U+033F
    { 8, 6, 0, -5, 26, 12, 990 }, // U+0340
    { 8, 6, 0, -3, 26, 12, 1002 }, // U+0341
    { 12, 5, 0, -6, 25, 15, 1014 }, // U+0342
    { 5, 7, 0, -3, 27, 9, 1029 }, // U+0343
    { 14, 7, 0, -6, 26, 25, 1038 }, // U+0344
    { 6, 6, 0, 2, -2, 9, 1063 }, // U+0345
    { 12, 6, 0, -6, 26, 18, 1072 }, // U+0346
    { 14, 7, 0, -7, -1, 25, 1090 }, // U+0347
    { 8, 7, 0, -4, 0, 14, 1115 }, // U+0348
    { 6, 6, 0, -3, -2, 9, 1129 }, // U+0349
    { 12, 7, 0, -6, 26, 21, 1138 }, // U+034A
    { 12, 12, 0, -6, 31, 36, 1159 }, // U+034B
    { 12, 10, 0, -6, 29, 30, 1195 }, // U+034C
    { 10, 7, 0, -5, -1, 18, 1225 }, // U+034D
    { 8, 8, 0, -4, 0, 16, 1243 }, // U+034E
    { 24, 24, 0, -12, 24, 144, 1259 }, // U+034F
    { 8, 8, 0, -4, 26, 16, 1403 }, // U+0350
    { 4, 8, 0, -2, 28, 8, 1419 }, // U+0351
    { 10, 9, 0, -5, 29, 23, 1427 }, // U+0352
    { 8, 7, 0, -4, -1, 14, 1450 }, // U+0353
    { 8, 8, 0, -4, -1, 16, 1464 }, // U+0354
    { 8, 8, 0, -4, -1, 16, 1480 }, // U+0355
    { 14, 7, 0, -7, -1, 25, 1496 }, // U+0356
    { 4, 8, 0, -2, 28, 8, 1521 }, // U+0357
    { 5, 5, 0, 3, 26, 7, 1529 }, // U+0358
    { 10, 7, 0, -5, -1, 18, 1536 }, // U+0359
    { 12, 7, 0, -6, -1, 21, 1554 }, // U+035A
    { 8, 8, 0, -4, 27, 16, 1575 }, // U+035B
    { 26, 7, 0, -13, 0, 46, 1591 }, // U+035C
    { 26, 7, 0, -13, 26, 46, 1637 }, // U+035D
    { 20, 3, 0, -10, 23, 15, 1683 }, // U+035E
    { 20, 3, 0, -10, -2, 15, 1698 }, // U+035F
    { 26, 5, 0, -13, 25, 33, 1713 }, // U+0360
    { 26, 7, 0, -13, 28, 46, 1746 }, // U+0361
    { 20, 7, 0, -10, -1, 35, 1792 }, // U+0362
    { 8, 8, 0, -4, 28, 16, 1827 }, // U+0363
    { 7, 8, 0, -3, 28, 14, 1843 }, // U+0364
    { 5, 11, 0, -2, 31, 14, 1857 }, // U+0365
    { 8, 8, 0, -4, 28, 16, 1871 }, // U+0366
    { 10, 8, 0, -5, 28, 20, 1887 }, // U+0367
    { 7, 8, 0, -3, 28, 14, 1907 }, // U+0368
    { 9, 11, 0, -4, 31, 25, 1921 }, // U+0369
    { 10, 11, 0, -5, 31, 28, 1946 }, // U+036A
    { 14, 8, 0, -7, 28, 28, 1974 }, // U+036B
    { 7, 8, 0, -3, 28, 14, 2002 }, // U+036C
    { 5, 10, 0, -2, 30, 13, 2016 }, // U+036D
    { 9, 8, 0, -4, 28, 18, 2029 }, // U+036E
    { 9, 8, 0, -4, 28, 18, 2047 }, // U+036F
    { 19, 32, 335, 1, 32, 152, 0 }, // U+0400
    { 19, 31, 335, 1, 31, 148, 152 }, // U+0401
    { 26, 24, 422, 0, 24, 156, 300 }, // U+0402
    { 17, 32, 301, 1, 32, 136, 456 }, // U+0403
    { 19, 26, 327, 1, 25, 124, 592 }, // U+0404
    { 16, 26, 293, 1, 25, 104, 716 }, // U+0405
    { 11, 24, 198, 1, 24, 66, 820 }, // U+0406
    { 11, 31, 198, 1, 31, 86, 886 }, // U+0407
    { 13, 32, 193, -1, 24, 104, 972 }, // U+0408
    { 31, 25, 514, 0, 24, 194, 1076 }, // U+0409
    { 32, 24, 543, 1, 24, 192, 1270 }, // U+040A
    { 28, 24, 454, 0, 24, 168, 1462 }, // U+040B
    { 23, 32, 375, 1, 32, 184, 1630 }, // U+040C
    { 25, 32, 430, 1, 32, 200, 1814 }, // U+040D
    { 22, 32, 347, 0, 31, 176, 2014 }, // U+040E
    { 24, 31, 420, 1, 24, 186, 2190 }, // U+040F
    { 24, 24, 376, 0, 24, 144, 2376 }, // U+0410
    { 19, 24, 336, 1, 24, 114, 2520 }, // U+0411
    { 19, 24, 349, 1, 24, 114, 2634 }, // U+0412
    { 17, 24, 301, 1, 24, 102, 2748 }, // U+0413
    { 24, 31, 396, 0, 24, 186, 2850 }, // U+0414
    { 19, 24, 335, 1, 24, 114, 3036 }, // U+0415
    { 34, 24, 523, -1, 24, 204, 3150 }, // U+0416
    { 17, 26, 317, 1, 25, 111, 3354 }, // U+0417
    { 25, 24, 430, 1, 24, 150, 3465 }, // U+0418
    { 25, 31, 430, 1, 31, 194, 3615 }, // U+0419
    { 23, 24, 375, 1, 24, 138, 3809 }, // U+041A
    { 24, 25, 390, 0, 24, 150, 3947 }, // U+041B
    { 30, 24, 509, 1, 24, 180, 4097 }, // U+041C
    { 25, 24, 425, 1, 24, 150, 4277 }, // U+041D
    { 22, 26, 395, 1, 25, 143, 4427 }, // U+041E
    { 24, 24, 420, 1, 24, 144, 4570 }, // U+041F
    { 18, 24, 325, 1, 24, 108, 4714 }, // U+0420
    { 19, 26, 327, 1, 25, 124, 4822 }, // U+0421
    { 20, 24, 332, 0, 24, 120, 4946 }, // U+0422
    { 22, 25, 347, 0, 24, 138, 5066 }, // U+0423
    { 26, 26, 458, 1, 25, 169, 5204 }, // U+0424
    { 22, 24, 354, 0, 24, 132, 5373 }, // U+0425
    { 25, 31, 420, 1, 24, 194, 5505 }, // U+0426
    { 24, 24, 404, 0, 24, 144, 5699 }, // U+0427
    { 34, 24, 572, 1, 24, 204, 5843 }, // U+0428
    { 34, 31, 572, 1, 24, 264, 6047 }, // U+0429
    { 23, 24, 383, 0, 24, 138, 6311 }, // U+042A
    { 29, 24, 488, 1, 24, 174, 6449 }, // U+042B
    { 19, 24, 331, 1, 24, 114, 6623 }, // U+042C
    { 19, 26, 334, 1, 25, 124, 6737 }, // U+042D
    { 32, 26, 544, 1, 25, 208, 6861 }, // U+042E
    { 22, 24, 351, -1, 24, 132, 7069 }, // U+042F
    { 17, 20, 304, 1, 19, 85, 7201 }, // U+0430
    { 17, 27, 311, 1, 26, 115, 7286 }, // U+0431
    { 17, 18, 295, 1, 18, 77, 7401 }, // U+0432
    { 14, 18, 253, 1, 18, 63, 7478 }, // U+0433
    { 20, 24, 329, 0, 18, 120, 7541 }, // U+0434
    { 16, 20, 285, 1, 19, 80, 0 }, // U+0435
    { 27, 18, 427, 0, 18, 122, 80 }, // U+0436
    { 14, 20, 253, 1, 19, 70, 202 }, // U+0437
    { 21, 18, 360, 1, 18, 95, 272 }, // U+0438
    { 21, 25, 360, 1, 25, 132, 367 }, // U+0439
    { 19, 18, 316, 1, 18, 86, 499 }, // U+043A
    { 20, 19, 327, 0, 18, 95, 585 }, // U+043B
    { 26, 18, 440, 1, 18, 117, 680 }, // U+043C
    { 20, 18, 357, 1, 18, 90, 797 }, // U+043D
    { 17, 20, 308, 1, 19, 85, 887 }, // U+043E
    { 20, 18, 352, 1, 18, 90, 972 }, // U+043F
    { 19, 27, 339, 1, 19, 129, 1062 }, // U+0440
    { 15, 20, 262, 1, 19, 75, 1191 }, // U+0441
    { 17, 18, 283, 0, 18, 77, 1266 }, // U+0442
    { 19, 27, 304, 0, 18, 129, 1343 }, // U+0443
    { 22, 35, 386, 1, 26, 193, 1472 }, // U+0444
    { 20, 18, 308, 0, 18, 90, 1665 }, // U+0445
    { 20, 24, 352, 1, 18, 120, 1755 }, // U+0446
    { 20, 18, 337, 0, 18, 90, 1875 }, // U+0447
    { 30, 18, 502, 1, 18, 135, 1965 }, // U+0448
    { 30, 24, 502, 1, 18, 180, 2100 }, // U+0449
    { 20, 18, 331, 0, 18, 90, 2280 }, // U+044A
    { 25, 18, 437, 1, 18, 113, 2370 }, // U+044B
    { 17, 18, 286, 1, 18, 77, 2483 }, // U+044C
    { 14, 20, 264, 1, 19, 70, 2560 }, // U+044D
    { 26, 20, 441, 1, 19, 130, 2630 }, // U+044E
    { 18, 18, 304, 0, 18, 81, 2760 }, // U+044F
    { 16, 27, 285, 1, 26, 108, 2841 }, // U+0450
    { 16, 26, 285, 1, 25, 104, 2949 }, // U+0451
    { 17, 34, 322, 1, 26, 145, 3053 }, // U+0452
    { 14, 26, 253, 1, 26, 91, 3198 }, // U+0453
    { 15, 20, 262, 1, 19, 75, 3289 }, // U+0454
    { 13, 20, 241, 1, 19, 65, 3364 }, // U+0455
    { 10, 26, 183, 1, 26, 65, 3429 }, // U+0456
    { 10, 26, 183, 1, 26, 65, 3494 }, // U+0457
    { 8, 34, 173, 0, 26, 68, 3559 }, // U+0458
    { 26, 19, 420, 0, 18, 124, 3627 }, // U+0459
    { 27, 18, 453, 1, 18, 122, 3751 }, // U+045A
    { 20, 26, 352, 1, 26, 130, 3873 }, // U+045B
    { 19, 26, 316, 1, 26, 124, 4003 }, // U+045C
    { 21, 26, 360, 1, 26, 137, 4127 }, // U+045D
    { 19, 34, 304, 0, 25, 162, 4264 }, // U+045E
    { 20, 24, 352, 1, 18, 120, 4426 }, // U+045F
    { 32, 25, 524, 0, 25, 200, 4546 }, // U+0460
    { 26, 19, 434, 0, 19, 124, 4746 }, // U+0461
    { 21, 24, 355, 0, 24, 126, 4870 }, // U+0462
    { 18, 26, 317, 0, 26, 117, 4996 }, // U+0463
    { 29, 26, 486, 1, 25, 189, 5113 }, // U+0464
    { 26, 20, 423, 0, 19, 130, 5302 }, // U+0465
    { 24, 24, 368, 0, 24, 144, 5432 }, // U+0466
    { 20, 18, 314, 0, 18, 90, 5576 }, // U+0467
    { 34, 24, 559, 1, 24, 204, 5666 }, // U+0468
    { 28, 18, 443, 0, 18, 126, 5870 }, // U+0469
    { 27, 24, 420, 0, 24, 162, 5996 }, // U+046A
    { 24, 18, 374, 0, 18, 108, 6158 }, // U+046B
    { 37, 24, 606, 1, 24, 222, 6266 }, // U+046C
    { 32, 18, 503, 0, 18, 144, 6488 }, // U+046D
    { 17, 36, 322, 2, 29, 153, 6632 }, // U+046E
    { 15, 30, 261, 1, 23, 113, 6785 }, // U+046F
    { 28, 24, 442, 0, 24, 168, 6898 }, // U+0470
    { 22, 34, 370, 0, 26, 187, 7066 }, // U+0471
    { 22, 26, 396, 1, 25, 143, 7253 }, // U+0472
    { 17, 20, 308, 1, 19, 85, 7396 }, // U+0473
    { 24, 24, 370, 0, 24, 144, 7481 }, // U+0474
    { 20, 19, 312, 0, 19, 95, 0 }, // U+0475
    { 24, 32, 370, 0, 32, 192, 95 }, // U+0476
    { 20, 26, 312, 0, 26, 130, 287 }, // U+0477
    { 41, 33, 655, 1, 25, 339, 417 }, // U+0478
    { 34, 27, 556, 1, 19, 230, 756 }, // U+0479
    { 24, 29, 417, 1, 26, 174, 986 }, // U+047A
    { 19, 22, 340, 1, 20, 105, 1160 }, // U+047B
    { 30, 36, 524, 1, 35, 270, 1265 }, // U+047C
    { 24, 31, 421, 1, 30, 186, 1535 }, // U+047D
    { 32, 30, 524, 0, 30, 240, 1721 }, // U+047E
    { 26, 24, 434, 0, 24, 156, 1961 }, // U+047F
    { 19, 33, 327, 1, 25, 157, 2117 }, // U+0480
    { 15, 27, 262, 1, 19, 102, 2274 }, // U+0481
    { 18, 22, 325, 1, 21, 99, 2376 }, // U+0482
    { 13, 5, 0, -6, 24, 17, 2475 }, // U+0483
    { 14, 5, 0, -7, 25, 18, 2492 }, // U+0484
    { 4, 6, 0, -2, 26, 6, 2510 }, // U+0485
    { 4, 6, 0, -2, 26, 6, 2516 }, // U+0486
    { 14, 5, 0, -7, 30, 18, 2522 }, // U+0487
    { 42, 38, 0, -21, 28, 399, 2540 }, // U+0488
    { 40, 40, 0, -20, 29, 400, 2939 }, // U+0489
    { 26, 38, 431, 1, 31, 247, 3339 }, // U+048A
    { 21, 32, 360, 1, 25, 168, 3586 }, // U+048B
    { 18, 26, 322, 1, 26, 117, 3754 }, // U+048C
    { 18, 22, 317, 0, 22, 99, 3871 }, // U+048D
    { 18, 24, 322, 1, 24, 108, 3970 }, // U+048E
    { 19, 27, 327, 0, 19, 129, 4078 }, // U+048F
    { 17, 28, 290, 1, 28, 119, 4207 }, // U+0490
    { 14, 22, 237, 0, 22, 77, 4326 }, // U+0491
    { 19, 24, 299, 0, 24, 114, 4403 }, // U+0492
    { 15, 18, 244, 0, 18, 68, 4517 }, // U+0493
    { 20, 33, 351, 1, 24, 165, 4585 }, // U+0494
    { 18, 26, 293, 0, 18, 117, 4750 }, // U+0495
    { 34, 31, 552, 0, 24, 264, 4867 }, // U+0496
    { 30, 26, 491, 0, 19, 195, 5131 }, // U+0497
    { 18, 33, 322, 1, 25, 149, 5326 }, // U+0498
    { 14, 27, 261, 1, 19, 95, 5475 }, // U+0499
    { 23, 31, 395, 1, 24, 179, 5570 }, // U+049A
    { 21, 26, 342, 0, 19, 137, 5749 }, // U+049B
    { 23, 24, 389, 1, 24, 138, 5886 }, // U+049C
    { 22, 19, 344, 0, 19, 105, 6024 }, // U+049D
    { 22, 24, 373, 1, 24, 132, 6129 }, // U+049E
    { 21, 26, 328, 0, 26, 137, 6261 }, // U+049F
    { 26, 24, 419, 0, 24, 156, 6398 }, // U+04A0
    { 24, 19, 378, 0, 19, 114, 6554 }, // U+04A1
    { 25, 31, 423, 1, 24, 194, 6668 }, // U+04A2
    { 23, 25, 367, 0, 18, 144, 6862 }, // U+04A3
    { 28, 24, 468, 1, 24, 168, 7006 }, // U+04A4
    { 26, 18, 416, 0, 18, 117, 7174 }, // U+04A5
    { 34, 33, 562, 1, 24, 281, 7291 }, // U+04A6
    { 29, 26, 473, 0, 18, 189, 0 }, // U+04A7
    { 23, 27, 395, 1, 25, 156, 189 }, // U+04A8
    { 19, 20, 332, 1, 19, 95, 345 }, // U+04A9
    { 19, 33, 327, 1, 25, 157, 440 }, // U+04AA
    { 15, 27, 262, 1, 19, 102, 597 }, // U+04AB
    { 20, 31, 327, 0, 24, 155, 699 }, // U+04AC
    { 18, 25, 292, 0, 18, 113, 854 }, // U+04AD
    { 22, 24, 333, -1, 24, 132, 967 }, // U+04AE
    { 20, 26, 309, 0, 18, 130, 1099 }, // U+04AF
    { 22, 24, 333, -1, 24, 132, 1229 }, // U+04B0
    { 20, 26, 309, 0, 18, 130, 1361 }, // U+04B1
    { 23, 31, 378, 0, 24, 179, 1491 }, // U+04B2
    { 20, 25, 326, 0, 18, 125, 1670 }, // U+04B3
    { 29, 31, 476, 0, 24, 225, 1795 }, // U+04B4
    { 27, 25, 435, 0, 18, 169, 2020 }, // U+04B5
    { 25, 31, 403, 0, 24, 194, 2189 }, // U+04B6
    { 21, 25, 341, 0, 18, 132, 2383 }, // U+04B7
    { 24, 24, 404, 0, 24, 144, 2515 }, // U+04B8
    { 20, 18, 337, 0, 18, 90, 2659 }, // U+04B9
    { 24, 24, 403, 1, 24, 144, 2749 }, // U+04BA
    { 21, 26, 339, 0, 26, 137, 2893 }, // U+04BB
    { 26, 26, 431, 0, 25, 169, 3030 }, // U+04BC
    { 20, 20, 341, 0, 19, 100, 3199 }, // U+04BD
    { 26, 32, 431, 0, 25, 208, 3299 }, // U+04BE
    { 20, 26, 341, 0, 19, 130, 3507 }, // U+04BF
    { 10, 24, 196, 1, 24, 60, 3637 }, // U+04C0
    { 34, 31, 523, -1, 31, 264, 3697 }, // U+04C1
    { 27, 25, 427, 0, 25, 169, 3961 }, // U+04C2
    { 22, 33, 370, 1, 24, 182, 4130 }, // U+04C3
    { 20, 27, 326, 0, 19, 135, 4312 }, // U+04C4
    { 24, 31, 389, 0, 24, 186, 4447 }, // U+04C5
    { 20, 25, 327, 0, 18, 125, 4633 }, // U+04C6
    { 25, 32, 418, 1, 24, 200, 4758 }, // U+04C7
    { 23, 26, 362, 0, 18, 150, 4958 }, // U+04C8
    { 26, 31, 423, 1, 24, 202, 5108 }, // U+04C9
    { 21, 25, 357, 1, 18, 132, 5310 }, // U+04CA
    { 24, 31, 403, 0, 24, 186, 5442 }, // U+04CB
    { 21, 25, 341, 0, 18, 132, 5628 }, // U+04CC
    { 30, 31, 500, 1, 24, 233, 5760 }, // U+04CD
    { 26, 25, 440, 1, 18, 163, 5993 }, // U+04CE
    { 10, 24, 196, 1, 24, 60, 6156 }, // U+04CF
    { 24, 31, 376, 0, 31, 186, 6216 }, // U+04D0
    { 17, 26, 300, 1, 25, 111, 6402 }, // U+04D1
    { 24, 31, 376, 0, 31, 186, 6513 }, // U+04D2
    { 17, 26, 300, 1, 25, 111, 6699 }, // U+04D3
    { 31, 24, 507, 0, 24, 186, 6810 }, // U+04D4
    { 26, 20, 448, 1, 19, 130, 6996 }, // U+04D5
    { 19, 31, 332, 1, 31, 148, 7126 }, // U+04D6
    { 16, 26, 285, 1, 25, 104, 7274 }, // U+04D7
    { 21, 26, 368, 1, 25, 137, 7378 }, // U+04D8
    { 15, 20, 285, 1, 19, 75, 7515 }, // U+04D9
    { 21, 32, 368, 1, 31, 168, 0 }, // U+04DA
    { 15, 26, 285, 1, 25, 98, 168 }, // U+04DB
    { 34, 31, 523, -1, 31, 264, 266 }, // U+04DC
    { 27, 25, 427, 0, 25, 169, 530 }, // U+04DD
    { 17, 32, 317, 1, 31, 136, 699 }, // U+04DE
    { 14, 26, 253, 1, 25, 91, 835 }, // U+04DF
    { 18, 25, 322, 1, 24, 113, 926 }, // U+04E0
    { 16, 26, 292, 1, 18, 104, 1039 }, // U+04E1
    { 25, 29, 430, 1, 29, 182, 1143 }, // U+04E2
    { 21, 23, 360, 1, 23, 121, 1325 }, // U+04E3
    { 25, 31, 430, 1, 31, 194, 1446 }, // U+04E4
    { 21, 25, 360, 1, 25, 132, 1640 }, // U+04E5
    { 22, 32, 396, 1, 31, 176, 1772 }, // U+04E6
    { 17, 26, 308, 1, 25, 111, 1948 }, // U+04E7
    { 22, 26, 396, 1, 25, 143, 2059 }, // U+04E8
    { 17, 20, 308, 1, 19, 85, 2202 }, // U+04E9
    { 22, 32, 396, 1, 31, 176, 2287 }, // U+04EA
    { 17, 26, 308, 1, 25, 111, 2463 }, // U+04EB
    { 19, 32, 334, 1, 31, 152, 2574 }, // U+04EC
    { 14, 26, 264, 1, 25, 91, 2726 }, // U+04ED
    { 22, 30, 347, 0, 29, 165, 2817 }, // U+04EE
    { 19, 31, 301, 0, 23, 148, 2982 }, // U+04EF
    { 22, 32, 347, 0, 31, 176, 3130 }, // U+04F0
    { 19, 33, 301, 0, 25, 157, 3306 }, // U+04F1
    { 22, 33, 347, 0, 32, 182, 3463 }, // U+04F2
    { 19, 34, 301, 0, 26, 162, 3645 }, // U+04F3
    { 24, 31, 404, 0, 31, 186, 3807 }, // U+04F4
    { 20, 25, 337, 0, 25, 125, 3993 }, // U+04F5
    { 18, 31, 299, 1, 24, 140, 4118 }, // U+04F6
    { 15, 25, 244, 0, 18, 94, 4258 }, // U+04F7
    { 29, 31, 488, 1, 31, 225, 4352 }, // U+04F8
    { 25, 25, 437, 1, 25, 157, 4577 }, // U+04F9
    { 19, 31, 299, 0, 24, 148, 4734 }, // U+04FA
    { 15, 25, 244, 0, 18, 94, 4882 }, // U+04FB
    { 22, 31, 352, 0, 24, 171, 4976 }, // U+04FC
    { 20, 25, 308, 0, 18, 125, 5147 }, // U+04FD
    { 22, 24, 352, 0, 24, 132, 5272 }, // U+04FE
    { 20, 18, 308, 0, 18, 90, 5404 }, // U+04FF
    { 24, 31, 376, 0, 24, 186, 0 }, // U+1EA0
    { 17, 26, 300, 1, 19, 111, 186 }, // U+1EA1
    { 24, 33, 376, 0, 33, 198, 297 }, // U+1EA2
    { 17, 29, 300, 1, 28, 124, 495 }, // U+1EA3
    { 24, 33, 376, 0, 33, 198, 619 }, // U+1EA4
    { 17, 29, 300, 1, 28, 124, 817 }, // U+1EA5
    { 24, 33, 376, 0, 33, 198, 941 }, // U+1EA6
    { 18, 29, 300, 0, 28, 131, 1139 }, // U+1EA7
    { 24, 35, 376, 0, 35, 210, 1270 }, // U+1EA8
    { 17, 30, 300, 1, 29, 128, 1480 }, // U+1EA9
    { 24, 35, 376, 0, 35, 210, 1608 }, // U+1EAA
    { 17, 31, 300, 1, 30, 132, 1818 }, // U+1EAB
    { 24, 39, 376, 0, 32, 234, 1950 }, // U+1EAC
    { 17, 33, 300, 1, 26, 141, 2184 }, // U+1EAD
    { 24, 34, 376, 0, 34, 204, 2325 }, // U+1EAE
    { 17, 30, 300, 1, 29, 128, 2529 }, // U+1EAF
    { 24, 34, 376, 0, 34, 204, 2657 }, // U+1EB0
    { 17, 30, 300, 1, 29, 128, 2861 }, // U+1EB1
    { 24, 35, 376, 0, 35, 210, 2989 }, // U+1EB2
    { 17, 31, 300, 1, 30, 132, 3199 }, // U+1EB3
    { 24, 35, 376, 0, 35, 210, 3331 }, // U+1EB4
    { 17, 31, 300, 1, 30, 132, 3541 }, // U+1EB5
    { 24, 38, 376, 0, 31, 228, 3673 }, // U+1EB6
    { 17, 32, 300, 1, 25, 136, 3901 }, // U+1EB7
    { 19, 31, 332, 1, 24, 148, 4037 }, // U+1EB8
    { 16, 26, 285, 1, 19, 104, 4185 }, // U+1EB9
    { 19, 33, 332, 1, 33, 157, 4289 }, // U+1EBA
    { 16, 29, 285, 1, 28, 116, 4446 }, // U+1EBB
    { 19, 31, 332, 1, 31, 148, 4562 }, // U+1EBC
    { 16, 26, 285, 1, 25, 104, 4710 }, // U+1EBD
    { 19, 33, 332, 1, 33, 157, 4814 }, // U+1EBE
    { 17, 29, 285, 1, 28, 124, 4971 }, // U+1EBF
    { 19, 33, 332, 1, 33, 157, 5095 }, // U+1EC0
    { 17, 29, 285, 0, 28, 124, 5252 }, // U+1EC1
    { 19, 35, 332, 1, 35, 167, 5376 }, // U+1EC2
    { 16, 30, 285, 1, 29, 120, 5543 }, // U+1EC3
    { 19, 35, 332, 1, 35, 167, 5663 }, // U+1EC4
    { 16, 31, 285, 1, 30, 124, 5830 }, // U+1EC5
    { 19, 39, 332, 1, 32, 186, 5954 }, // U+1EC6
    { 16, 33, 285, 1, 26, 132, 6140 }, // U+1EC7
    { 10, 33, 196, 1, 33, 83, 6272 }, // U+1EC8
    { 11, 28, 171, 0, 28, 77, 6355 }, // U+1EC9
    { 10, 31, 196, 1, 24, 78, 6432 }, // U+1ECA
    { 11, 33, 171, 0, 26, 91, 6510 }, // U+1ECB
    { 22, 32, 396, 1, 25, 176, 6601 }, // U+1ECC
    { 17, 26, 308, 1, 19, 111, 6777 }, // U+1ECD
    { 22, 34, 396, 1, 33, 187, 6888 }, // U+1ECE
    { 17, 29, 308, 1, 28, 124, 7075 }, // U+1ECF
    { 22, 34, 396, 1, 33, 187, 7199 }, // U+1ED0
    { 18, 29, 308, 1, 28, 131, 7386 }, // U+1ED1
    { 22, 34, 396, 1, 33, 187, 0 }, // U+1ED2
    { 18, 29, 308, 0, 28, 131, 187 }, // U+1ED3
    { 22, 36, 396, 1, 35, 198, 318 }, // U+1ED4
    { 17, 30, 308, 1, 29, 128, 516 }, // U+1ED5
    { 22, 36, 396, 1, 35, 198, 644 }, // U+1ED6
    { 17, 31, 308, 1, 30, 132, 842 }, // U+1ED7
    { 22, 39, 396, 1, 32, 215, 974 }, // U+1ED8
    { 17, 33, 308, 1, 26, 141, 1189 }, // U+1ED9
    { 25, 33, 415, 1, 32, 207, 1330 }, // U+1EDA
    { 20, 27, 324, 1, 26, 135, 1537 }, // U+1EDB
    { 25, 33, 415, 1, 32, 207, 1672 }, // U+1EDC
    { 20, 27, 324, 1, 26, 135, 1879 }, // U+1EDD
    { 25, 34, 415, 1, 33, 213, 2014 }, // U+1EDE
    { 20, 29, 324, 1, 28, 145, 2227 }, // U+1EDF
    { 25, 32, 415, 1, 31, 200, 2372 }, // U+1EE0
    { 20, 26, 324, 1, 25, 130, 2572 }, // U+1EE1
    { 25, 33, 415, 1, 26, 207, 2702 }, // U+1EE2
    { 20, 28, 324, 1, 21, 140, 2909 }, // U+1EE3
    { 24, 31, 382, 0, 24, 186, 3049 }, // U+1EE4
    { 21, 25, 339, 0, 18, 132, 3235 }, // U+1EE5
    { 24, 34, 382, 0, 33, 204, 3367 }, // U+1EE6
    { 21, 29, 339, 0, 28, 153, 3571 }, // U+1EE7
    { 26, 33, 415, 0, 32, 215, 3724 }, // U+1EE8
    { 23, 27, 360, 0, 26, 156, 3939 }, // U+1EE9
    { 26, 33, 415, 0, 32, 215, 4095 }, // U+1EEA
    { 23, 27, 360, 0, 26, 156, 4310 }, // U+1EEB
    { 26, 34, 415, 0, 33, 221, 4466 }, // U+1EEC
    { 23, 29, 360, 0, 28, 167, 4687 }, // U+1EED
    { 26, 32, 415, 0, 31, 208, 4854 }, // U+1EEE
    { 23, 26, 360, 0, 25, 150, 5062 }, // U+1EEF
    { 26, 33, 415, 0, 26, 215, 5212 }, // U+1EF0
    { 23, 28, 360, 0, 21, 161, 5427 }, // U+1EF1
    { 22, 32, 333, -1, 32, 176, 5588 }, // U+1EF2
    { 19, 34, 301, 0, 26, 162, 5764 }, // U+1EF3
    { 22, 31, 333, -1, 24, 171, 5926 }, // U+1EF4
    { 19, 26, 301, 0, 18, 124, 6097 }, // U+1EF5
    { 22, 33, 333, -1, 33, 182, 6221 }, // U+1EF6
    { 19, 36, 301, 0, 28, 171, 6403 }, // U+1EF7
    { 22, 31, 333, -1, 31, 171, 6574 }, // U+1EF8
    { 19, 33, 301, 0, 25, 157, 6745 }, // U+1EF9
    { 0, 0, 267, 0, 0, 0, 0 }, // U+2000
    { 0, 0, 533, 0, 0, 0, 0 }, // U+2001
    { 0, 0, 267, 0, 0, 0, 0 }, // U+2002
    { 0, 0, 533, 0, 0, 0, 0 }, // U+2003
    { 0, 0, 178, 0, 0, 0, 0 }, // U+2004
    { 0, 0, 133, 0, 0, 0, 0 }, // U+2005
    { 0, 0, 89, 0, 0, 0, 0 }, // U+2006
    { 0, 0, 298, 0, 0, 0, 0 }, // U+2007
    { 0, 0, 133, 0, 0, 0, 0 }, // U+2008
    { 0, 0, 89, 0, 0, 0, 0 }, // U+2009
    { 0, 0, 53, 0, 0, 0, 0 }, // U+200A
    { 0, 0, 0, 0, 0, 0, 0 }, // U+200B
    { 2, 26, 0, -1, 21, 13, 0 }, // U+200C
    { 8, 28, 0, -4, 23, 56, 13 }, // U+200D
    { 9, 28, 0, -1, 23, 63, 69 }, // U+200E
    { 9, 28, 0, -8, 23, 63, 132 }, // U+200F
    { 10, 4, 165, 0, 11, 10, 195 }, // U+2010
    { 10, 4, 165, 0, 11, 10, 205 }, // U+2011
    { 17, 3, 298, 1, 14, 13, 215 }, // U+2012
    { 18, 3, 267, -1, 10, 14, 228 }, // U+2013
    { 35, 3, 533, -1, 10, 27, 242 }, // U+2014
    { 35, 3, 533, -1, 10, 27, 269 }, // U+2015
    { 8, 34, 298, 5, 26, 68, 296 }, // U+2016
    { 15, 7, 219, -1, 0, 27, 364 }, // U+2017
    { 7, 10, 133, 1, 24, 18, 391 }, // U+2018
    { 6, 10, 133, 1, 24, 15, 409 }, // U+2019
    { 6, 11, 133, 1, 5, 17, 424 }, // U+201A
    { 7, 10, 133, 1, 24, 18, 441 }, // U+201B
    { 13, 10, 240, 1, 24, 33, 459 }, // U+201C
    { 13, 10, 240, 1, 24, 33, 492 }, // U+201D
    { 13, 11, 240, 1, 5, 36, 525 }, // U+201E
    { 13, 10, 240, 1, 24, 33, 561 }, // U+201F
    { 13, 30, 239, 1, 26, 98, 594 }, // U+2020
    { 13, 30, 239, 1, 26, 98, 692 }, // U+2021
    { 10, 10, 193, 1, 17, 25, 790 }, // U+2022
    { 11, 12, 267, 3, 18, 33, 815 }, // U+2023
    { 5, 6, 133, 2, 15, 8, 848 }, // U+2024
    { 14, 6, 286, 2, 15, 21, 856 }, // U+2025
    { 24, 6, 458, 2, 5, 36, 877 }, // U+2026
    { 5, 6, 133, 2, 13, 8, 913 }, // U+2027
    { 0, 0, 320, 0, 0, 0, 921 }, // U+2028
    { 0, 0, 320, 0, 0, 0, 921 }, // U+2029
    { 9, 26, 0, -1, 21, 59, 921 }, // U+202A
    { 9, 26, 0, -8, 21, 59, 980 }, // U+202B
    { 8, 28, 0, -4, 23, 56, 1039 }, // U+202C
    { 8, 28, 0, -4, 23, 56, 1095 }, // U+202D
    { 8, 28, 0, -4, 23, 56, 1151 }, // U+202E
    { 0, 0, 89, 0, 0, 0, 1207 }, // U+202F
    { 41, 26, 688, 1, 25, 267, 1207 }, // U+2030
    { 54, 26, 899, 1, 25, 351, 1474 }, // U+2031
    { 6, 9, 100, 0, 24, 14, 1825 }, // U+2032
    { 12, 9, 201, 0, 24, 27, 1839 }, // U+2033
    { 19, 9, 301, 0, 24, 43, 1866 }, // U+2034
    { 6, 9, 100, 0, 24, 14, 1909 }, // U+2035
    { 12, 9, 201, 0, 24, 27, 1923 }, // U+2036
    { 19, 9, 301, 0, 24, 43, 1950 }, // U+2037
    { 11, 10, 213, 1, 2, 28, 1993 }, // U+2038
    { 7, 14, 178, 2, 16, 25, 2021 }, // U+2039
    { 7, 14, 178, 2, 16, 25, 2046 }, // U+203A
    { 24, 24, 437, 2, 24, 144, 2071 }, // U+203B
    { 13, 25, 298, 3, 24, 82, 2215 }, // U+203C
    { 16, 26, 288, 1, 25, 104, 2297 }, // U+203D
    { 17, 3, 245, -1, 28, 13, 2401 }, // U+203E
    { 26, 7, 0, -13, 0, 46, 2414 }, // U+203F
    { 26, 7, 0, -13, 28, 46, 2460 }, // U+2040
    { 15, 24, 240, 0, 24, 90, 2506 }, // U+2041
    { 31, 26, 533, 1, 26, 202, 2596 }, // U+2042
    { 10, 6, 193, 1, 15, 15, 2798 }, // U+2043
    { 15, 24, 33, -6, 24, 90, 2813 }, // U+2044
    { 8, 31, 192, 3, 26, 62, 2903 }, // U+2045
    { 8, 31, 192, 1, 26, 62, 2965 }, // U+2046
    { 30, 26, 509, 1, 25, 195, 3027 }, // U+2047
    { 22, 26, 410, 1, 25, 143, 3222 }, // U+2048
    { 22, 26, 405, 3, 25, 143, 3365 }, // U+2049
    { 16, 25, 298, 1, 19, 100, 3508 }, // U+204A
    { 19, 30, 329, 1, 26, 143, 3608 }, // U+204B
    { 18, 13, 318, 1, 19, 59, 3751 }, // U+204C
    { 18, 13, 318, 1, 19, 59, 3810 }, // U+204D
    { 15, 14, 267, 1, 19, 53, 3869 }, // U+204E
    { 6, 25, 153, 2, 19, 38, 3922 }, // U+204F
    { 22, 26, 389, 1, 25, 143, 3960 }, // U+2050
    { 15, 28, 267, 1, 26, 105, 4103 }, // U+2051
    { 11, 25, 175, 0, 24, 69, 4208 }, // U+2052
    { 16, 7, 298, 1, 15, 28, 4277 }, // U+2053
    { 26, 7, 0, -13, 0, 46, 4305 }, // U+2054
    { 16, 16, 288, 1, 20, 64, 4351 }, // U+2055
    { 16, 20, 327, 2, 19, 80, 4415 }, // U+2056
    { 23, 9, 369, 0, 24, 52, 4495 }, // U+2057
    { 19, 20, 378, 2, 19, 95, 4547 }, // U+2058
    { 19, 20, 378, 2, 19, 95, 4642 }, // U+2059
    { 5, 26, 153, 2, 25, 33, 4737 }, // U+205A
    { 19, 26, 378, 2, 25, 124, 4770 }, // U+205B
    { 19, 18, 372, 2, 18, 86, 4894 }, // U+205C
    { 5, 26, 153, 2, 25, 33, 4980 }, // U+205D
    { 5, 26, 153, 2, 25, 33, 5013 }, // U+205E
    { 0, 0, 118, 0, 0, 0, 5046 }, // U+205F
    { 0, 0, 320, 0, 0, 0, 5046 }, // U+2060
    { 0, 0, 320, 0, 0, 0, 5046 }, // U+2061
    { 0, 0, 320, 0, 0, 0, 5046 }, // U+2062
    { 0, 0, 320, 0, 0, 0, 5046 }, // U+2063
    { 0, 0, 320, 0, 0, 0, 5046 }, // U+2064
    { 0, 0, 0, 0, 0, 0, 5046 }, // U+2066
    { 0, 0, 0, 0, 0, 0, 5046 }, // U+2067
    { 0, 0, 0, 0, 0, 0, 5046 }, // U+2068
    { 0, 0, 0, 0, 0, 0, 5046 }, // U+2069
    { 8, 28, 0, -4, 23, 56, 5046 }, // U+206A
    { 8, 28, 0, -4, 23, 56, 5102 }, // U+206B
    { 8, 28, 0, -4, 23, 56, 5158 }, // U+206C
    { 8, 29, 0, -4, 24, 58, 5214 }, // U+206D
    { 8, 28, 0, -4, 23, 56, 5272 }, // U+206E
    { 8, 28, 0, -4, 23, 56, 5328 }, // U+206F
    { 12, 16, 213, 1, 28, 48, 0 }, // U+2070
    { 7, 16, 111, 0, 25, 28, 48 }, // U+2071
    { 13, 16, 213, 0, 28, 52, 76 }, // U+2074
    { 11, 16, 213, 1, 28, 44, 128 }, // U+2075
    { 11, 16, 213, 1, 28, 44, 172 }, // U+2076
    { 11, 16, 213, 1, 28, 44, 216 }, // U+2077
    { 12, 16, 213, 1, 28, 48, 260 }, // U+2078
    { 11, 16, 213, 1, 28, 44, 308 }, // U+2079
    { 11, 12, 210, 1, 25, 33, 352 }, // U+207A
    { 11, 3, 210, 1, 21, 9, 385 }, // U+207B
    { 11, 7, 210, 1, 23, 20, 394 }, // U+207C
    { 7, 21, 133, 2, 30, 37, 414 }, // U+207D
    { 7, 21, 133, -1, 30, 37, 451 }, // U+207E
    { 14, 12, 223, 0, 21, 42, 488 }, // U+207F
    { 12, 16, 213, 1, 12, 48, 530 }, // U+2080
    { 11, 16, 213, 1, 12, 44, 578 }, // U+2081
    { 11, 16, 213, 1, 12, 44, 622 }, // U+2082
    { 11, 16, 213, 1, 12, 44, 666 }, // U+2083
    { 13, 16, 213, 0, 12, 52, 710 }, // U+2084
    { 11, 16, 213, 1, 12, 44, 762 }, // U+2085
    { 11, 16, 213, 1, 12, 44, 806 }, // U+2086
    { 11, 16, 213, 1, 12, 44, 850 }, // U+2087
    { 12, 16, 213, 1, 12, 48, 894 }, // U+2088
    { 11, 16, 213, 1, 12, 44, 942 }, // U+2089
    { 11, 12, 210, 1, 9, 33, 986 }, // U+208A
    { 11, 3, 210, 1, 5, 9, 1019 }, // U+208B
    { 11, 7, 210, 1, 7, 20, 1028 }, // U+208C
    { 7, 21, 133, 2, 14, 37, 1048 }, // U+208D
    { 7, 21, 133, -1, 14, 37, 1085 }, // U+208E
    { 11, 12, 195, 1, 8, 33, 1122 }, // U+2090
    { 10, 12, 186, 1, 8, 30, 1155 }, // U+2091
    { 11, 12, 200, 1, 8, 33, 1185 }, // U+2092
    { 13, 12, 201, 0, 8, 39, 1218 }, // U+2093
    { 10, 12, 186, 1, 8, 30, 1257 }, // U+2094
    { 14, 16, 220, 0, 12, 56, 1287 }, // U+2095
    { 13, 16, 203, 0, 12, 52, 1343 }, // U+2096
    { 7, 16, 108, 0, 12, 28, 1395 }, // U+2097
    { 20, 12, 327, 0, 8, 60, 1423 }, // U+2098
    { 14, 12, 223, 0, 8, 42, 1483 }, // U+2099
    { 13, 16, 213, 0, 8, 52, 1525 }, // U+209A
    { 9, 12, 156, 0, 8, 27, 1577 }, // U+209B
    { 8, 14, 122, 0, 10, 28, 1604 }, // U+209C
    { 20, 25, 353, 1, 25, 125, 0 }, // U+20A0
    { 19, 28, 327, 1, 26, 133, 125 }, // U+20A1
    { 19, 26, 327, 1, 25, 124, 258 }, // U+20A2
    { 17, 24, 298, 1, 24, 102, 382 }, // U+20A3
    { 17, 26, 298, 1, 25, 111, 484 }, // U+20A4
    { 31, 27, 504, 0, 23, 210, 595 }, // U+20A5
    { 22, 24, 354, 0, 24, 132, 805 }, // U+20A6
    { 26, 25, 437, 0, 24, 163, 937 }, // U+20A7
    { 32, 25, 544, 1, 24, 200, 1100 }, // U+20A8
    { 36, 24, 558, -1, 24, 216, 1300 }, // U+20A9
    { 24, 20, 476, 3, 20, 120, 1516 }, // U+20AA
    { 19, 31, 327, 1, 26, 148, 1636 }, // U+20AB
    { 17, 26, 298, 1, 25, 111, 1784 }, // U+20AC
    { 24, 24, 373, 0, 24, 144, 1895 }, // U+20AD
    { 20, 24, 298, 0, 24, 120, 2039 }, // U+20AE
    { 34, 34, 533, 0, 27, 289, 2159 }, // U+20AF
    { 18, 33, 298, -1, 25, 149, 2448 }, // U+20B0
    { 20, 24, 322, 0, 24, 120, 2597 }, // U+20B1
    { 23, 29, 381, 1, 26, 167, 2717 }, // U+20B2
    { 24, 24, 376, 0, 24, 144, 2884 }, // U+20B3
    { 18, 26, 290, 0, 25, 117, 3028 }, // U+20B4
    { 19, 29, 327, 1, 26, 138, 3145 }, // U+20B5
    { 18, 25, 316, 1, 24, 113, 3283 }, // U+20B6
    { 17, 28, 298, 0, 25, 119, 3396 }, // U+20B7
    { 17, 24, 298, 1, 24, 102, 3515 }, // U+20B8
    { 17, 24, 298, 1, 24, 102, 3617 }, // U+20B9
    { 18, 24, 298, 0, 24, 108, 3719 }, // U+20BA
    { 21, 26, 348, 0, 25, 137, 3827 }, // U+20BB
    { 21, 23, 419, 3, 23, 121, 3964 }, // U+20BC
    { 18, 24, 315, 1, 24, 108, 4085 }, // U+20BD
    { 20, 26, 358, 1, 26, 130, 4193 }, // U+20BE
    { 17, 29, 298, 1, 26, 124, 4323 }, // U+20BF
    { 15, 24, 262, 1, 19, 90, 4447 }, // U+20C0
    { 16, 4, 309, 2, 14, 16, 0 }, // U+2212
    { 26, 26, 378, 0, 26, 169, 0 }, // U+FB00
    { 22, 26, 354, 0, 26, 143, 169 }, // U+FB01
    { 22, 26, 353, 0, 26, 143, 312 }, // U+FB02
    { 33, 26, 534, 0, 26, 215, 455 }, // U+FB03
    { 33, 26, 534, 0, 26, 215, 670 }, // U+FB04
    { 22, 27, 356, 0, 26, 149, 885 }, // U+FB05
    { 25, 27, 421, 1, 26, 169, 1034 }, // U+FB06
    { 31, 32, 533, 1, 26, 248, 0 }, // U+FFFD
};

static const EpdUnicodeInterval notoserif_16_regularIntervals[] = {
    { 0x0, 0x0, 0x0 },
    { 0xD, 0xD, 0x1 },
    { 0x20, 0x7E, 0x2 },
    { 0xA0, 0x17F, 0x61 },
    { 0x1A0, 0x1A1, 0x141 },
    { 0x1AF, 0x1B0, 0x143 },
    { 0x1C4, 0x21F, 0x145 },
    { 0x300, 0x36F, 0x1A1 },
    { 0x400, 0x4FF, 0x211 },
    { 0x1EA0, 0x1EF9, 0x311 },
    { 0x2000, 0x2064, 0x36B },
    { 0x2066, 0x2071, 0x3D0 },
    { 0x2074, 0x208E, 0x3DC },
    { 0x2090, 0x209C, 0x3F7 },
    { 0x20A0, 0x20C0, 0x404 },
    { 0x2212, 0x2212, 0x425 },
    { 0xFB00, 0xFB06, 0x426 },
    { 0xFFFD, 0xFFFD, 0x42D },
};

static const EpdFontGroup notoserif_16_regularGroups[] = {
    { 0, 3360, 8148, 80, 0 },
    { 3360, 734, 1597, 17, 80 },
    { 4094, 2480, 8160, 67, 97 },
    { 6574, 989, 3669, 29, 164 },
    { 7563, 1806, 8094, 57, 193 },
    { 9369, 1769, 8173, 56, 250 },
    { 11138, 784, 2450, 15, 306 },
    { 11922, 2272, 8136, 43, 321 },
    { 14194, 2727, 8107, 50, 364 },
    { 16921, 221, 524, 3, 414 },
    { 17142, 1311, 2282, 112, 417 },
    { 18453, 2443, 8176, 53, 529 },
    { 20896, 3246, 8135, 64, 582 },
    { 24142, 3085, 8030, 50, 646 },
    { 27227, 2854, 8049, 51, 696 },
    { 30081, 1880, 5964, 38, 747 },
    { 31961, 1358, 8030, 50, 785 },
    { 33319, 1186, 7423, 40, 835 },
    { 34505, 2177, 5871, 111, 875 },
    { 36682, 775, 1816, 42, 986 },
    { 37457, 2296, 4859, 33, 1028 },
    { 39753, 14, 16, 1, 1061 },
    { 39767, 419, 1313, 7, 1062 },
    { 40186, 137, 256, 1, 1069 },
};

static const uint16_t notoserif_16_regularKernLeftCodepoints[] = {
    0x0022, 0x0026, 0x0027, 0x002A, 0x002C, 0x002E, 0x0040, 0x0041, 0x0042, 0x0044, 0x0045, 0x0046,
    0x0047, 0x004B, 0x004C, 0x004E, 0x004F, 0x0050, 0x0051, 0x0052, 0x0053, 0x0054, 0x0055, 0x0056,
    0x0057, 0x0058, 0x0059, 0x0061, 0x0062, 0x0065, 0x0066, 0x0067, 0x0068, 0x006B, 0x006D, 0x006E,
    0x006F, 0x0070, 0x0072, 0x0073, 0x0076, 0x0077, 0x0079, 0x00A1, 0x00BF, 0x00C0, 0x00C1, 0x00C2,
    0x00C3, 0x00C4, 0x00C5, 0x00C6, 0x00C8, 0x00C9, 0x00CA, 0x00CB, 0x00D0, 0x00D1, 0x00D2, 0x00D3,
    0x00D4, 0x00D5, 0x00D6, 0x00D8, 0x00D9, 0x00DA, 0x00DB, 0x00DC, 0x00DD, 0x00DE, 0x00DF, 0x00E0,
    0x00E1, 0x00E2, 0x00E3, 0x00E4, 0x00E5, 0x00E6, 0x00E8, 0x00E9, 0x00EA, 0x00EB, 0x00F0, 0x00F1,
    0x00F2, 0x00F3, 0x00F4, 0x00F5, 0x00F6, 0x00F8, 0x00FD, 0x00FE, 0x00FF, 0x0100, 0x0102, 0x0104,
    0x010E, 0x010F, 0x0110, 0x0112, 0x0113, 0x0114, 0x0115, 0x0116, 0x0117, 0x0118, 0x0119, 0x011A,
    0x011B, 0x011C, 0x011E, 0x0120, 0x0122, 0x0125, 0x0127, 0x0129, 0x0136, 0x0137, 0x0138, 0x0139,
    0x013B, 0x013E, 0x0141, 0x0143, 0x0144, 0x0145, 0x0146, 0x0147, 0x0148, 0x0149, 0x014B, 0x014C,
    0x014D, 0x014E, 0x014F, 0x0150, 0x0151, 0x0152, 0x0153, 0x0154, 0x0155, 0x0156, 0x0157, 0x0158,
    0x0159, 0x015A, 0x015B, 0x015C, 0x015D, 0x015E, 0x015F, 0x0160, 0x0161, 0x0162, 0x0164, 0x0165,
    0x0166, 0x0168, 0x016A, 0x016C, 0x016E, 0x0170, 0x0172, 0x0174, 0x0175, 0x0176, 0x0177, 0x0178,
    0x01A0, 0x01A1, 0x01AF, 0x01B0, 0x01FA, 0x01FC, 0x01FD, 0x01FE, 0x01FF, 0x0218, 0x0219, 0x021A,
    0x0402, 0x0409, 0x040A, 0x040E, 0x0423, 0x042A, 0x042C, 0x0431, 0x043E, 0x0440, 0x0444, 0x044D,
    0x044E, 0x0457, 0x0460, 0x0462, 0x0465, 0x0466, 0x0468, 0x046A, 0x046C, 0x046E, 0x046F, 0x0472,
    0x0473, 0x0474, 0x0476, 0x0478, 0x0479, 0x047A, 0x047B, 0x047C, 0x047D, 0x047E, 0x0481, 0x048C,
    0x048D, 0x048E, 0x048F, 0x0490, 0x0491, 0x0493, 0x0494, 0x0496, 0x0497, 0x0498, 0x0499, 0x049A,
    0x049B, 0x049C, 0x049D, 0x049E, 0x049F, 0x04A0, 0x04A1, 0x04A3, 0x04A4, 0x04A5, 0x04A6, 0x04A8,
    0x04AB, 0x04AC, 0x04AD, 0x04B2, 0x04B3, 0x04B5, 0x04B7, 0x04BA, 0x04BC, 0x04BD, 0x04BE, 0x04BF,
    0x04C3, 0x04C6, 0x04D0, 0x04D1, 0x04D2, 0x04D3, 0x04D4, 0x04D5, 0x04D6, 0x04D7, 0x04D8, 0x04D9,
    0x04DA, 0x04DB, 0x04E0, 0x04E6, 0x04E7, 0x04E8, 0x04E9, 0x04EA, 0x04EB, 0x04ED, 0x04EE, 0x04EF,
    0x04F0, 0x04F1, 0x04F2, 0x04F3, 0x04F6, 0x04F7, 0x04FB, 0x04FC, 0x04FD, 0x04FE, 0x04FF, 0x1EA0,
    0x1EA1, 0x1EA2, 0x1EA3, 0x1EA4, 0x1EA5, 0x1EA6, 0x1EA7, 0x1EA8, 0x1EA9, 0x1EAA, 0x1EAB, 0x1EAC,
    0x1EAD, 0x1EAE, 0x1EAF, 0x1EB0, 0x1EB1, 0x1EB2, 0x1EB3, 0x1EB4, 0x1EB5, 0x1EB6, 0x1EB7, 0x1EB8,
    0x1EB9, 0x1EBA, 0x1EBB, 0x1EBC, 0x1EBD, 0x1EBE, 0x1EBF, 0x1EC0, 0x1EC1, 0x1EC2, 0x1EC3, 0x1EC4,
    0x1EC5, 0x1EC6, 0x1EC7, 0x1ECC, 0x1ECD, 0x1ECE, 0x1ECF, 0x1ED0, 0x1ED1, 0x1ED2, 0x1ED3, 0x1ED4,
    0x1ED5, 0x1ED6, 0x1ED7, 0x1ED8, 0x1ED9, 0x1EDA, 0x1EDB, 0x1EDC, 0x1EDD, 0x1EDE, 0x1EDF, 0x1EE0,
    0x1EE1, 0x1EE2, 0x1EE3, 0x1EE4, 0x1EE6, 0x1EE8, 0x1EE9, 0x1EEA, 0x1EEB, 0x1EEC, 0x1EED, 0x1EEE,
    0x1EEF, 0x1EF0, 0x1EF1, 0x1EF2, 0x1EF3, 0x1EF4, 0x1EF5, 0x1EF6, 0x1EF7, 0x1EF8, 0x1EF9, 0x2018,
    0x2019, 0x201A, 0x201C, 0x201D, 0x201E, 0x2026, 0x207D, 0x208D, 0xFB00,
};

static const uint8_t notoserif_16_regularKernLeftClassIds[] = {
      1,   2,   1,   3,   4,   4,   5,   6,   7,   8,   9,  10,  11,  12,  13,  14,
      8,   3,   8,  15,  16,  17,  18,  19,  20,  21,  22,  23,  24,  25,  26,  27,
     23,  28,  23,  23,  24,  24,  29,  30,  31,  32,  33,  34,  35,  36,  36,  36,
     36,  36,  36,   9,   9,   9,   9,   9,   8,  14,   8,   8,   8,   8,   8,   8,
     18,  18,  18,  18,  22,   8,  24,  23,  23,  23,  23,  23,  23,  25,  25,  25,
     25,  25,  24,  23,  24,  24,  24,  24,  24,  24,  33,  24,  33,   6,  36,  36,
      8,  37,   8,   9,  25,   9,  25,   9,  25,   9,  25,   9,  25,  11,  11,  11,
     11,  23,  23,  38,  12,  28,  28,  13,  13,  37,  13,  14,  23,  14,  23,  14,
     23,  23,  23,   8,  24,   8,  24,   8,  24,   9,  25,  15,  29,  15,  29,  15,
     29,  16,  30,  16,  30,  16,  30,  16,  30,  17,  17,  39,  17,  18,  18,  18,
     18,  18,  18,  20,  32,  22,  33,  22,  40,  41,  42,  43,   6,   9,  25,   8,
     24,  16,  30,  17,  44,  45,  45,  46,  46,  45,  45,  47,  48,  48,  49,  49,
     49,  50,  51,  52,  53,  54,  54,  55,  55,  56,  24,  51,  48,  57,  57,  33,
     58,  51,  48,  51,  24,  51,  53,  52,  24,  59,  48,  60,  61,  61,  62,  55,
     63,  56,  48,  55,  63,  55,  63,  55,  63,  55,  63,  64,  60,  61,  62,  51,
     53,  60,  61,  65,  63,  64,  64,  62,  51,  48,  51,  48,  62,  64,  54,  23,
     54,  23,  66,  48,  66,  48,  51,  48,  51,  48,  56,  51,  48,  51,  48,  51,
     48,  48,  46,  58,  46,  58,  46,  58,  60,  61,  61,  65,  63,  65,  63,  36,
     23,  36,  23,  36,  23,  36,  23,  36,  23,  36,  23,  36,  23,  36,  23,  36,
     23,  36,  23,  36,  23,  36,  23,   9,  25,   9,  25,   9,  25,   9,  25,   9,
     25,   9,  25,   9,  25,   9,  25,   8,  24,   8,  24,   8,  24,   8,  24,   8,
     24,   8,  24,   8,  24,  40,  41,  40,  41,  40,  41,  40,  41,  40,  41,  18,
     18,  42,  43,  42,  43,  42,  43,  42,  43,  42,  43,  22,  33,  22,  33,  22,
     33,  22,  33,  67,  68,   4,  67,  68,   4,   4,  69,  70,  26,
};

static const uint16_t notoserif_16_regularKernRightCodepoints[] = {
    0x0021, 0x0022, 0x0026, 0x0027, 0x0029, 0x002A, 0x002C, 0x002E, 0x003A, 0x003B, 0x003F, 0x0040,
    0x0041, 0x0042, 0x0043, 0x0044, 0x0045, 0x0046, 0x0047, 0x0048, 0x0049, 0x004A, 0x004B, 0x004C,
    0x004D, 0x004E, 0x004F, 0x0050, 0x0051, 0x0052, 0x0053, 0x0054, 0x0055, 0x0056, 0x0057, 0x0058,
    0x0059, 0x005A, 0x005D, 0x0061, 0x0062, 0x0063, 0x0064, 0x0065, 0x0067, 0x0068, 0x0069, 0x006B,
    0x006C, 0x006D, 0x006E, 0x006F, 0x0070, 0x0071, 0x0072, 0x0073, 0x0074, 0x0075, 0x0076, 0x0077,
    0x0078, 0x0079, 0x007A, 0x007D, 0x00AB, 0x00B7, 0x00BB, 0x00C0, 0x00C1, 0x00C2, 0x00C3, 0x00C4,
    0x00C5, 0x00C6, 0x00C7, 0x00C8, 0x00C9, 0x00CA, 0x00CB, 0x00CC, 0x00CD, 0x00CE, 0x00CF, 0x00D0,
    0x00D1, 0x00D2, 0x00D3, 0x00D4, 0x00D5, 0x00D6, 0x00D8, 0x00D9, 0x00DA, 0x00DB, 0x00DC, 0x00DD,
    0x00DE, 0x00E0, 0x00E1, 0x00E2, 0x00E3, 0x00E4, 0x00E5, 0x00E6, 0x00E7, 0x00E8, 0x00E9, 0x00EA,
    0x00EB, 0x00EC, 0x00ED, 0x00EE, 0x00EF, 0x00F0, 0x00F1, 0x00F2, 0x00F3, 0x00F4, 0x00F5, 0x00F6,
    0x00F8, 0x00F9, 0x00FA, 0x00FB, 0x00FC, 0x00FD, 0x00FE, 0x00FF, 0x0100, 0x0101, 0x0102, 0x0103,
    0x0104, 0x0105, 0x0106, 0x0107, 0x0108, 0x0109, 0x010A, 0x010B, 0x010C, 0x010D, 0x010E, 0x010F,
    0x0110, 0x0111, 0x0112, 0x0113, 0x0114, 0x0115, 0x0116, 0x0117, 0x0118, 0x0119, 0x011A, 0x011B,
    0x011C, 0x011D, 0x011E, 0x011F, 0x0120, 0x0121, 0x0122, 0x0123, 0x0124, 0x0125, 0x0126, 0x0127,
    0x0128, 0x0129, 0x012A, 0x012B, 0x012C, 0x012D, 0x012E, 0x012F, 0x0130, 0x0132, 0x0133, 0x0134,
    0x0136, 0x0137, 0x0138, 0x0139, 0x013A, 0x013B, 0x013C, 0x013D, 0x013E, 0x013F, 0x0140, 0x0141,
    0x0142, 0x0143, 0x0144, 0x0145, 0x0146, 0x0147, 0x0148, 0x014A, 0x014B, 0x014C, 0x014D, 0x014E,
    0x014F, 0x0150, 0x0151, 0x0152, 0x0153, 0x0154, 0x0155, 0x0156, 0x0157, 0x0158, 0x015A, 0x015B,
    0x015C, 0x015D, 0x015E, 0x015F, 0x0160, 0x0161, 0x0162, 0x0163, 0x0164, 0x0165, 0x0166, 0x0167,
    0x0168, 0x0169, 0x016A, 0x016B, 0x016C, 0x016D, 0x016E, 0x016F, 0x0170, 0x0171, 0x0172, 0x0173,
    0x0174, 0x0175, 0x0176, 0x0177, 0x0178, 0x0179, 0x017A, 0x017B, 0x017C, 0x017D, 0x017E, 0x01A0,
    0x01A1, 0x01AF, 0x01B0, 0x01FA, 0x01FB, 0x01FC, 0x01FD, 0x01FE, 0x01FF, 0x0218, 0x0219, 0x021A,
    0x021B, 0x0402, 0x040B, 0x040E, 0x0416, 0x0422, 0x0423, 0x0425, 0x0427, 0x042A, 0x042F, 0x0431,
    0x0436, 0x0443, 0x0445, 0x0447, 0x0451, 0x0456, 0x0457, 0x045E, 0x0460, 0x0462, 0x0466, 0x046A,
    0x046E, 0x0472, 0x0473, 0x0478, 0x0479, 0x047A, 0x047B, 0x047C, 0x047D, 0x047E, 0x0480, 0x0481,
    0x0496, 0x0498, 0x0499, 0x04A0, 0x04A1, 0x04A8, 0x04A9, 0x04AA, 0x04AB, 0x04AC, 0x04AD, 0x04B2,
    0x04B4, 0x04B5, 0x04B6, 0x04B7, 0x04B8, 0x04B9, 0x04C1, 0x04C2, 0x04CB, 0x04CC, 0x04D0, 0x04D2,
    0x04D4, 0x04D5, 0x04D7, 0x04D8, 0x04D9, 0x04DA, 0x04DC, 0x04DD, 0x04E0, 0x04E1, 0x04E6, 0x04E7,
    0x04E8, 0x04E9, 0x04EA, 0x04EB, 0x04EE, 0x04EF, 0x04F0, 0x04F1, 0x04F2, 0x04F3, 0x04F4, 0x04F5,
    0x04FC, 0x04FE, 0x1EA0, 0x1EA1, 0x1EA2, 0x1EA3, 0x1EA4, 0x1EA5, 0x1EA6, 0x1EA7, 0x1EA8, 0x1EA9,
    0x1EAA, 0x1EAB, 0x1EAC, 0x1EAD, 0x1EAE, 0x1EAF, 0x1EB0, 0x1EB1, 0x1EB2, 0x1EB3, 0x1EB4, 0x1EB5,
    0x1EB6, 0x1EB7, 0x1EB8, 0x1EB9, 0x1EBA, 0x1EBB, 0x1EBC, 0x1EBD, 0x1EBE, 0x1EBF, 0x1EC0, 0x1EC1,
    0x1EC2, 0x1EC3, 0x1EC4, 0x1EC5, 0x1EC6, 0x1EC7, 0x1EC9, 0x1ECB, 0x1ECC, 0x1ECD, 0x1ECE, 0x1ECF,
    0x1ED0, 0x1ED1, 0x1ED2, 0x1ED3, 0x1ED4, 0x1ED5, 0x1ED6, 0x1ED7, 0x1ED8, 0x1ED9, 0x1EDA, 0x1EDB,
    0x1EDC, 0x1EDD, 0x1EDE, 0x1EDF, 0x1EE0, 0x1EE1, 0x1EE2, 0x1EE3, 0x1EE4, 0x1EE5, 0x1EE6, 0x1EE7,
    0x1EE8, 0x1EE9, 0x1EEA, 0x1EEB, 0x1EEC, 0x1EED, 0x1EEE, 0x1EEF, 0x1EF0, 0x1EF1, 0x1EF2, 0x1EF3,
    0x1EF4, 0x1EF5, 0x1EF6, 0x1EF7, 0x1EF8, 0x1EF9, 0x2018, 0x2019, 0x201A, 0x201C, 0x201D, 0x201E,
    0x2026, 0x2039, 0x203A, 0x207E, 0x208E,
};

static const uint8_t notoserif_16_regularKernRightClassIds[] = {
      1,   2,   3,   2,   4,   5,   6,   7,   8,   8,   9,  10,  11,  12,  13,  12,
     12,  12,  13,  12,  12,  14,  12,  12,  12,  12,  13,  12,  13,  12,  15,  16,
     17,  18,  19,  20,  21,  22,   4,  23,  24,  25,  25,  25,  26,  24,  27,  24,
     24,  27,  27,  25,  27,  25,  27,  28,  29,  30,  31,  32,  33,  34,  35,   4,
     36,  37,  36,  11,  11,  11,  11,  11,  11,  38,  13,  12,  12,  12,  12,  12,
     12,  12,  12,  12,  12,  13,  13,  13,  13,  13,  13,  17,  17,  17,  17,  21,
     12,  23,  23,  23,  23,  23,  23,  23,  25,  25,  25,  25,  25,  39,  27,  39,
     39,  25,  27,  25,  25,  25,  25,  25,  25,  30,  30,  30,  30,  34,  24,  34,
     11,  23,  11,  23,  11,  23,  13,  25,  13,  25,  13,  25,  13,  25,  12,  25,
     12,  25,  12,  25,  12,  25,  12,  25,  12,  25,  12,  25,  13,  25,  13,  25,
     13,  25,  13,  25,  12,  24,  12,  24,  12,  40,  12,  39,  12,  39,  12,  27,
     12,  12,  27,  14,  12,  24,  27,  12,  24,  12,  24,  12,  24,  12,  24,  12,
     24,  12,  27,  12,  27,  12,  27,  12,  27,  13,  25,  13,  25,  13,  25,  13,
     25,  12,  27,  12,  27,  12,  15,  28,  15,  28,  15,  28,  15,  28,  16,  29,
     16,  29,  16,  29,  17,  30,  17,  30,  17,  30,  17,  30,  17,  30,  17,  30,
     19,  32,  21,  34,  21,  22,  35,  22,  35,  22,  35,  13,  25,  17,  30,  11,
     23,  38,  23,  13,  25,  15,  28,  16,  29,  41,  41,  42,  41,  41,  42,  41,
     43,  41,  44,  45,  46,  47,  46,  48,  49,  50,  51,  47,  52,  16,  53,  54,
     55,  52,  56,  52,  56,  52,  56,  52,  25,  52,  52,  56,  54,  55,  57,  58,
     59,  52,  56,  52,  56,  58,  59,  54,  58,  59,  60,  61,  43,  48,  41,  46,
     60,  61,  53,  53,  38,  62,  56,  52,  62,  52,  41,  46,  55,  35,  52,  56,
     52,  56,  52,  56,  42,  63,  42,  63,  42,  63,  43,  48,  54,  54,  11,  23,
     11,  23,  11,  23,  11,  23,  11,  23,  11,  23,  11,  23,  11,  23,  11,  23,
     11,  23,  11,  23,  11,  23,  12,  25,  12,  25,  12,  25,  12,  25,  12,  25,
     12,  25,  12,  25,  12,  25,  27,  27,  13,  25,  13,  25,  13,  25,  13,  25,
     13,  25,  13,  25,  13,  25,  13,  25,  13,  25,  13,  25,  13,  25,  13,  25,
     17,  30,  17,  30,  17,  30,  17,  30,  17,  30,  17,  30,  17,  30,  21,  34,
     21,  34,  21,  34,  21,  34,  64,   5,   7,  64,   5,   7,   7,  36,  36,  65,
     66,
};

static const uint16_t notoserif_16_regularKernRowOffsets[] = {
        0,     5,    10,    16,    32,    34,    50,    64,    77,    80,    89,    95,   101,   113,   114,   125,
      137,   148,   153,   165,   176,   180,   194,   199,   205,   208,   213,   214,   216,   220,   222,   225,
      228,   231,   234,   239,   255,   271,   272,   276,   295,   304,   320,   326,   335,   336,   339,   344,
      347,   351,   353,   360,   366,   367,   385,   399,   408,   422,   424,   428,   442,   446,   453,   457,
      458,   469,   470,   473,   480,   481,   482,
};

static const uint8_t notoserif_16_regularKernSparseCols[] = {
     10,  24,  25,  37,  52,   8,  15,  17,  18,  20,   2,   5,   6,  10,  37,  52,
      8,  12,  15,  16,  17,  18,  20,  30,  31,  33,  51,  57,  58,  59,  60,  62,
     10,  20,   1,   4,   8,  12,  15,  16,  17,  18,  20,  24,  25,  29,  30,  31,
     33,  63,   4,   8,  10,  15,  17,  18,  19,  20,  21,  31,  33,  37,  52,  57,
      5,   6,   8,  10,  15,  17,  18,  19,  20,  37,  52,  53,  57,  17,  18,  20,
      2,   5,   6,   9,  10,  22,  24,  25,  37,   8,  15,  17,  18,  20,  37,  12,
     24,  25,  29,  31,  33,   1,   4,   8,  15,  17,  18,  20,  30,  31,  33,  36,
     63,  35,   4,   8,  12,  15,  16,  17,  18,  20,  30,  31,  33,   8,  10,  15,
     17,  18,  19,  20,  31,  33,  37,  52,  57,   2,   5,   6,   9,  10,  12,  22,
     24,  25,  27,  37,   5,   6,   9,  10,  37,   2,   5,   6,   9,  10,  12,  22,
     24,  25,  27,  37,  52,   5,   6,   9,  10,  12,  22,  24,  25,  27,  34,  37,
     12,  14,  31,  33,   2,   5,   6,   9,  10,  12,  14,  22,  24,  25,  27,  34,
     37,  52,   1,  33,  59,  60,  62,  17,  18,  20,  33,  59,  62,  17,  18,  20,
      1,   3,   4,  38,  39,  18,  24,  25,   4,   5,   6,  22,  20,  59,   5,   6,
     10,   5,   6,  10,   5,   6,  10,  17,  18,  20,   8,  15,  17,  18,  20,   1,
      4,   8,  12,  15,  16,  17,  18,  20,  24,  25,  29,  30,  31,  33,  63,   0,
      1,   3,   4,   8,  11,  13,  15,  16,  17,  18,  19,  20,  21,  23,  63,  39,
      1,   3,   8,  23,   5,   6,   7,   8,  10,  15,  17,  18,  20,  22,  24,  25,
     26,  27,  28,  30,  31,  32,  33,   4,   5,   6,  26,  28,  29,  30,  31,  33,
      5,   6,   7,  10,  12,  22,  24,  25,  26,  27,  28,  29,  30,  31,  33,  34,
      4,   5,   6,  26,  28,  30,   1,   8,  15,  42,  45,  46,  47,  57,  63,  57,
     48,  49,  50,  40,  41,  57,  59,  60,  57,  59,  60,  42,  57,  59,  60,  42,
     63,   5,   6,  37,  52,  53,  57,  59,   1,   4,  57,  59,  60,  63,  59,   1,
      4,   8,  12,  15,  17,  20,  24,  25,  29,  31,  33,  51,  57,  58,  59,  60,
     63,  12,  24,  25,  29,  31,  33,  44,  51,  54,  55,  58,  59,  60,  62,   5,
      6,  31,  33,  37,  52,  53,  58,  59,   5,   6,  12,  22,  24,  25,  27,  37,
     51,  52,  54,  55,  56,  61,   5,   6,   5,   6,  37,  52,   5,   6,  12,  22,
     24,  25,  27,  37,  43,  51,  52,  55,  56,  61,   4,   5,   6,  52,   1,   4,
      8,  15,  57,  59,  62,  24,  25,  55,  61,   3,  12,  24,  25,  29,  31,  33,
     51,  54,  58,  59,  62,  58,  10,  37,  52,  10,  12,  22,  24,  25,  27,  39,
     64,  65,
};

static const int8_t notoserif_16_regularKernSparseValues[] = {
     -43,  -11,  -32,  -64,  -43,  -16,  -16,  -21,  -21,  -16,   -5,  -64,  -64,  -27,  -43,  -27,
     -48,  -11,  -48,  -11,  -59,  -48,  -43,  -37,  -32,  -27,  -11,  -48,  -37,  -43,  -27,  -27,
     -16,   -5,  -43,  -37,  -32,  -11,  -32,  -11,  -43,  -37,  -37,  -11,  -11,  -11,  -32,  -16,
     -27,  -37,  -11,  -11,  -11,  -11,  -21,  -16,  -11,  -21,  -11,   -5,  -11,  -16,  -11,  -11,
     -11,  -11,  -11,  -11,  -11,  -11,  -11,  -11,  -16,  -27,  -11,  -11,  -11,  -11,  -11,  -11,
     -11,  -64,  -64,  -21,  -37,  -21,  -21,  -21,  -59,  -11,  -11,  -11,  -11,  -11,  -11,  -11,
     -11,  -11,  -11,  -16,  -16,  -32,  -43,  -37,  -37,  -27,  -27,  -32,  -11,   -5,  -16,  -11,
     -43,   -5,  -11,  -11,  -11,  -11,   -5,  -16,  -16,  -16,   -5,   -5,  -11,  -11,  -11,  -11,
     -11,  -11,  -11,  -11,   -5,  -11,  -11,  -11,  -11,   -5,  -48,  -48,  -16,  -32,  -11,  -16,
     -27,  -27,   -3,  -43,  -11,  -11,   -5,  -11,  -21,  -16,  -59,  -59,  -27,  -43,  -11,  -32,
     -32,  -32,  -21,  -69,  -43,  -48,  -48,  -27,  -37,  -11,  -37,  -32,  -32,  -27,  -16,  -69,
     -11,   -5,  -16,  -27,   -5,  -43,  -43,  -21,  -37,  -16,  -11,  -32,  -37,  -37,  -32,  -11,
     -48,  -37,  -21,  -11,  -16,  -11,  -11,  -32,  -32,  -37,  -11,  -16,  -11,  -32,  -32,  -32,
      43,   48,   43,   21,   21,  -11,  -11,  -11,   16,  -69,  -69,  -11,  -32,  -11,  -27,  -37,
     -32,  -37,  -37,  -16,  -48,  -48,  -27,  -16,  -11,  -16,  -11,  -11,  -27,  -27,  -27,  -43,
     -37,  -32,  -11,  -32,  -11,  -43,  -37,  -37,  -11,  -11,  -11,  -27,  -16,  -27,  -37,   11,
      27,   43,   21,   59,   27,   32,   27,   37,   43,   37,   37,   53,   21,   48,    5,   32,
      11,   27,   11,   21,  -11,  -11,   -5,   11,  -21,   11,   11,   11,   11,  -11,  -11,  -11,
      -5,  -11,   -5,  -11,  -11,  -11,  -11,   11,  -11,  -11,   11,   16,   11,   16,   16,   16,
     -11,  -11,   -5,  -32,  -11,  -27,  -27,  -27,  -16,  -32,   -5,  -16,  -11,  -11,  -11,  -16,
      11,   -5,   -5,   11,   16,   16,  -21,   -5,   -5,  -21,   -5,  -21,  -16,  -16,  -27,  -16,
     -29,  -16,    1,  -11,   -5,  -16,  -16,   -5,  -16,  -16,   -5,  -16,  -16,  -16,   -5,   -5,
      -5,  -11,  -11,  -27,  -11,  -11,  -11,  -11,  -16,  -27,  -16,  -16,  -11,  -16,  -16,  -43,
     -37,  -32,  -11,  -32,  -43,  -37,  -11,  -11,  -11,  -16,  -27,  -11,  -32,  -21,  -48,  -21,
     -37,  -11,  -11,  -11,  -11,  -16,  -16,  -11,  -11,  -11,  -11,  -16,  -11,  -11,  -11,  -11,
     -11,   -5,  -11,  -16,  -11,  -11,  -11,  -21,  -53,  -53,  -11,  -32,  -32,  -32,  -21,  -69,
     -11,  -53,  -11,  -21,  -16,  -21,  -48,  -48,  -64,  -64,  -43,  -27,  -48,  -48,  -11,  -16,
     -16,  -16,   -5,  -43,  -11,  -11,  -32,  -16,  -16,  -16,   16,  -37,  -37,  -16,  -32,  -37,
     -37,  -37,  -37,  -37,  -16,  -11,  -11,  -11,  -11,   11,  -11,  -11,  -11,  -11,  -16,  -27,
     -11,  -11,  -21,  -11,  -16,  -11,  -37,  -75,  -37,  -53,  -11,  -16,  -21,  -21,  -27,    5,
      27,   27,
};

static const EpdLigaturePair notoserif_16_regularLigaturePairs[] = {
    { 0x00660066, 0xFB00 }, // f f -> U+FB00
    { 0x00660069, 0xFB01 }, // f i -> U+FB01
    { 0x0066006C, 0xFB02 }, // f l -> U+FB02
    { 0xFB000069, 0xFB03 }, // U+FB00 i -> U+FB03
    { 0xFB00006C, 0xFB04 }, // U+FB00 l -> U+FB04
};

static const EpdFontData notoserif_16_regular = {
    notoserif_16_regularBitmaps,
    notoserif_16_regularGlyphs,
    notoserif_16_regularIntervals,
    18,
    45,
    36,
    -10,
    true,
    notoserif_16_regularGroups,
    24,
    nullptr,
    nullptr,  // kernLeftClasses: built-in fonts use the split arrays below
    nullptr,  // kernRightClasses
    notoserif_16_regularKernLeftCodepoints,
    notoserif_16_regularKernLeftClassIds,
    notoserif_16_regularKernRightCodepoints,
    notoserif_16_regularKernRightClassIds,
    nullptr,  // kernMatrix: built-in fonts use the sparse form below
    notoserif_16_regularKernRowOffsets,
    notoserif_16_regularKernSparseCols,
    notoserif_16_regularKernSparseValues,
    381,
    449,
    70,
    66,
    notoserif_16_regularLigaturePairs,
    5,
};
