/**
 * generated by fontconvert.py
 * name: notosans_16_italic
 * size: 16
 * mode: 2-bit  compressed: true
 * Command used: fontconvert.py notosans_16_italic 16 ../builtinFonts/source/NotoSans/NotoSans-Italic.ttf --2bit --compress --pnum --zopfli
 */
#pragma once
#include "EpdFontData.h"

static const uint8_t notosans_16_italicBitmaps[43508] = {
    0xBD, 0x59, 0x55, 0x97, 0xE4, 0x4A, 0x72, 0xFE, 0x24, 0xDD, 0x1E, 0xF9, 0xAC, 0x1E, 0x64, 0xA6,
    0x05, 0x99, 0xD9, 0xD6, 0x1F, 0x98, 0xAA, 0x4C, 0x33, 0xB3, 0x7B, 0xC7, 0xEC, 0x67, 0xE3, 0xE2,
    0x63, 0x77, 0x49, 0x66, 0x66, 0x78, 0x35, 0x53, 0x8F, 0x19, 0x17, 0xAA, 0x5A, 0x32, 0xB3, 0x2D,
    0xF3, 0xE3, 0x6A, 0x79, 0x2F, 0xA7, 0x8F, 0x75, 0x7D, 0x35, 0x6D, 0x49, 0xE9, 0xF8, 0xE2, 0x6A,
    0xD4, 0xA3, 0x53, 0x73, 0xDB, 0xBC, 0x59, 0xD2, 0x27, 0x9D, 0x54, 0x66, 0x50, 0x46, 0x44, 0x46,
    0x76, 0x23, 0xAB, 0x91, 0xD7, 0x30, 0x25, 0x8C, 0x85, 0x01, 0x0A, 0xE0, 0x12, 0x38, 0x00, 0x83,
    0x5E, 0x3D, 0x82, 0x0E, 0xA1, 0x43, 0x24, 0x57, 0x8B, 0xA8, 0x41, 0x5C, 0x23, 0xB0, 0x80, 0xB6,
    0x4C, 0x66, 0xD4, 0x28, 0x6A, 0x4E, 0x7D, 0x04, 0x48, 0xBF, 0xB1, 0xCB, 0xBE, 0xA9, 0xCB, 0x3F,
    0xD1, 0xE5, 0x91, 0x33, 0x51, 0xB3, 0x89, 0xEA, 0xDB, 0xB1, 0x5C, 0xE5, 0xAB, 0x63, 0x0B, 0x6C,
    0xF0, 0x5B, 0x00, 0xCE, 0xE0, 0x04, 0xF7, 0x01, 0xB1, 0x0B, 0x5B, 0x41, 0x27, 0x34, 0x11, 0x38,
    0x21, 0x2B, 0x0C, 0x92, 0x1A, 0x2F, 0xB8, 0x7B, 0xF5, 0xAB, 0x8F, 0x95, 0xA9, 0x97, 0x56, 0x9E,
    0x7C, 0xD5, 0x3F, 0x16, 0xA7, 0x16, 0xA9, 0xDD, 0x02, 0x48, 0xB1, 0x21, 0x4B, 0x9C, 0x09, 0x6E,
    0xF1, 0x1A, 0x90, 0x64, 0x0F, 0x70, 0xE0, 0x30, 0x23, 0xBA, 0xE8, 0x98, 0x64, 0x29, 0xD8, 0xA4,
    0x16, 0x22, 0x79, 0x06, 0x20, 0x29, 0x73, 0xB0, 0x05, 0x84, 0xD4, 0x12, 0xF8, 0xF6, 0x32, 0x0B,
    0x24, 0x7E, 0x02, 0x0A, 0xEF, 0x81, 0x71, 0xF3, 0x12, 0x84, 0xDD, 0x6D, 0x88, 0xDA, 0x67, 0x24,
    0xF2, 0x1A, 0xBE, 0x89, 0xFC, 0x61, 0x4F, 0xC1, 0x3D, 0xC1, 0x8C, 0x02, 0xB1, 0x27, 0x75, 0xDF,
    0x0A, 0xFC, 0x81, 0x13, 0xF8, 0xBD, 0x0E, 0x88, 0xBF, 0x51, 0x20, 0xF9, 0xA6, 0x0E, 0x36, 0xFD,
    0x54, 0x87, 0x7B, 0xE9, 0xCB, 0x1A, 0x4A, 0x67, 0xF1, 0x32, 0xDF, 0x03, 0xD8, 0x91, 0xD9, 0xED,
    0x05, 0xCE, 0xB0, 0xB4, 0xA2, 0x41, 0xD8, 0x86, 0x42, 0x3B, 0xA9, 0xE3, 0xB6, 0x47, 0x66, 0xD3,
    0x72, 0x8F, 0x2D, 0x32, 0xEC, 0xE5, 0xF7, 0x71, 0x6A, 0xB3, 0x0D, 0x5E, 0x13, 0x35, 0x54, 0x3B,
    0x2D, 0x65, 0x66, 0x97, 0xCB, 0xFC, 0xC0, 0x9D, 0xBD, 0xBF, 0x3D, 0x8B, 0xDA, 0xCE, 0xBB, 0x4D,
    0xFC, 0x07, 0x6F, 0xBE, 0xEA, 0xCD, 0xCB, 0xBE, 0xFB, 0x4F, 0x9A, 0x7D, 0x36, 0x65, 0x69, 0x79,
    0x76, 0xEB, 0x2D, 0x1B, 0xB5, 0x57, 0x9F, 0x0B, 0x86, 0x6E, 0x2B, 0x84, 0xE2, 0x5A, 0x88, 0x88,
    0xDE, 0x1B, 0x74, 0x42, 0x7C, 0x23, 0x44, 0xF7, 0xD8, 0x44, 0xAD, 0x3C, 0x4D, 0x52, 0x0B, 0xF1,
    0xCC, 0x0B, 0x5F, 0x24, 0x23, 0xD8, 0x3E, 0x6F, 0x11, 0xAE, 0xEA, 0x54, 0x5B, 0x76, 0x67, 0x6F,
    0xAC, 0x04, 0x8D, 0xCD, 0xAD, 0x20, 0x32, 0xC1, 0xED, 0x8C, 0x86, 0xFD, 0xF4, 0x1E, 0xE4, 0x71,
    0xCF, 0x91, 0xBE, 0x11, 0x4C, 0x27, 0xB0, 0x87, 0x04, 0x42, 0x3F, 0xE0, 0x04, 0x49, 0x77, 0x09,
    0x83, 0xBC, 0x34, 0xD8, 0xA1, 0x40, 0x56, 0x0F, 0x38, 0x20, 0x79, 0x53, 0x87, 0x01, 0xD1, 0xBF,
    0xB7, 0x82, 0xF0, 0xB5, 0x22, 0x1D, 0x31, 0xF2, 0x25, 0xCC, 0x0F, 0xBC, 0xEC, 0xE9, 0x06, 0xB9,
    0xF7, 0x62, 0xCE, 0xD8, 0xF7, 0xE1, 0x00, 0xBC, 0x17, 0x48, 0xB8, 0xCC, 0xCA, 0xDC, 0xE6, 0x30,
    0xD8, 0xE0, 0xB6, 0xFC, 0x5E, 0x0D, 0xE0, 0x35, 0xF4, 0xD5, 0x44, 0xD4, 0x90, 0x69, 0xF4, 0xE2,
    0xA0, 0xA7, 0xE7, 0xC6, 0x2D, 0xD2, 0x9A, 0x17, 0x1D, 0x16, 0xBC, 0xB6, 0xC0, 0x39, 0xBF, 0x63,
    0xBF, 0xBE, 0xCE, 0xF5, 0xDA, 0xEA, 0x98, 0x5C, 0xFD, 0x23, 0x29, 0xD5, 0xDF, 0xA3, 0x1A, 0x51,
    0x4B, 0xE2, 0xE8, 0x40, 0xB7, 0x1B, 0x96, 0x49, 0x24, 0x33, 0x5F, 0x7B, 0xED, 0xE7, 0x45, 0xC6,
    0x61, 0xF7, 0x00, 0xEF, 0x92, 0xE4, 0x76, 0xC0, 0xC0, 0x6E, 0xF6, 0xA9, 0x80, 0xEF, 0x09, 0x00,
    0x16, 0xEC, 0x56, 0xAA, 0x81, 0xC3, 0x87, 0xC8, 0x6D, 0x3E, 0xBE, 0x45, 0xF1, 0x6F, 0x35, 0x6E,
    0xF9, 0xC7, 0x27, 0xA4, 0x7E, 0x42, 0xDE, 0x7E, 0x09, 0x06, 0x06, 0x61, 0x87, 0xB4, 0xD9, 0xCB,
    0xE4, 0x73, 0x84, 0x6A, 0xEE, 0x8F, 0xA4, 0x73, 0x3F, 0xEF, 0x5D, 0x89, 0xE3, 0xF1, 0x3E, 0xBD,
    0xF3, 0xD6, 0xD3, 0xE7, 0x1B, 0x43, 0xED, 0x82, 0x21, 0xEC, 0x23, 0x17, 0xB7, 0x69, 0x9D, 0x96,
    0x39, 0x36, 0x22, 0xD6, 0xC9, 0xA9, 0xCD, 0x7D, 0x6D, 0x7C, 0xFD, 0x5E, 0xA7, 0x96, 0x71, 0x6E,
    0xEA, 0xA2, 0x36, 0xF6, 0x91, 0x39, 0xE8, 0x41, 0xDE, 0xAA, 0xB1, 0x4A, 0x4E, 0x95, 0x40, 0x5D,
    0x41, 0x55, 0x41, 0xE3, 0xCF, 0x23, 0x76, 0xC7, 0x23, 0x92, 0x46, 0x87, 0x1D, 0x8D, 0x08, 0xFA,
    0xE3, 0x11, 0x74, 0x31, 0x14, 0x58, 0x5A, 0xC0, 0x48, 0x4B, 0x18, 0xE8, 0xE6, 0xAD, 0x13, 0x50,
    0xC1, 0x88, 0xE8, 0x32, 0x2A, 0xEA, 0x84, 0x67, 0xEC, 0x64, 0x52, 0xD2, 0x08, 0xE8, 0x5A, 0x67,
    0xB5, 0xF4, 0x89, 0x24, 0xF4, 0x11, 0x01, 0x43, 0x6A, 0x02, 0x06, 0xF7, 0x61, 0x47, 0x38, 0x10,
    0x06, 0x81, 0xB0, 0x87, 0xB1, 0x91, 0x93, 0x91, 0x69, 0x8B, 0xF4, 0x2D, 0x45, 0x8D, 0xD8, 0x4F,
    0xE4, 0x48, 0xC1, 0x4F, 0x40, 0x15, 0xE4, 0xA3, 0x43, 0xE5, 0x62, 0xDF, 0x9A, 0xB7, 0x37, 0xC5,
    0x67, 0xD6, 0x1F, 0xA1, 0x7C, 0xA8, 0x6D, 0xBE, 0xB8, 0x95, 0x2A, 0x74, 0x58, 0xF9, 0xC0, 0x9C,
    0x3C, 0xE9, 0x09, 0x54, 0x6D, 0x6E, 0x55, 0x4F, 0x4D, 0xBC, 0x15, 0x4D, 0xAA, 0x1A, 0x2F, 0x81,
    0x70, 0x05, 0x62, 0xAA, 0x1F, 0x2D, 0x10, 0xB3, 0x2F, 0xE5, 0x94, 0x6C, 0xB1, 0xD7, 0xC8, 0x8F,
    0xDD, 0xFD, 0xFE, 0xC2, 0x02, 0x01, 0xBB, 0x62, 0x76, 0xE5, 0x35, 0x09, 0x73, 0x40, 0x2F, 0xA0,
    0x14, 0xCD, 0x63, 0x17, 0xBF, 0xC8, 0x94, 0x36, 0x12, 0x86, 0xFB, 0x66, 0x24, 0xF3, 0x6C, 0x61,
    0xFE, 0xB1, 0xA4, 0x45, 0x6E, 0x2B, 0x58, 0x56, 0x92, 0x14, 0x6F, 0xFD, 0x6A, 0x0F, 0xA4, 0xDE,
    0x12, 0x74, 0x6C, 0xAF, 0xB2, 0x10, 0x2E, 0x09, 0xC5, 0x02, 0x3B, 0xC2, 0x88, 0x0F, 0x40, 0x38,
    0x60, 0xFB, 0x79, 0x59, 0x07, 0xE3, 0x65, 0xC6, 0x0B, 0x69, 0x4B, 0xBC, 0x97, 0x15, 0x98, 0x25,
    0x37, 0x24, 0xEF, 0x05, 0x42, 0x42, 0xF2, 0x86, 0x12, 0xC8, 0xBE, 0xDF, 0x02, 0x45, 0x4E, 0x7F,
    0x30, 0xB4, 0x80, 0xE1, 0xD0, 0x1D, 0xD7, 0xED, 0x40, 0x36, 0x7B, 0xDA, 0x73, 0xA0, 0x65, 0x7A,
    0x11, 0x4E, 0xDE, 0x8D, 0x58, 0x97, 0x6A, 0x79, 0x57, 0x09, 0xB4, 0x5F, 0x73, 0x71, 0xF7, 0xAA,
    0x04, 0x62, 0x52, 0x4F, 0xEA, 0x59, 0x83, 0x45, 0x0D, 0x1A, 0xBB, 0x46, 0x4A, 0x10, 0xCD, 0x35,
    0xF8, 0x80, 0x2D, 0xE1, 0x9C, 0xB0, 0x27, 0x0C, 0x04, 0xCD, 0x53, 0xCF, 0xFC, 0x0C, 0x10, 0x71,
    0x98, 0x80, 0x03, 0xAC, 0xEA, 0x1B, 0x0C, 0x8B, 0xD2, 0x87, 0x35, 0xA8, 0x87, 0xF7, 0xF8, 0x3C,
    0x24, 0x0E, 0x87, 0x8F, 0x2F, 0x34, 0xF0, 0x2C, 0x72, 0xDF, 0x83, 0x21, 0xBE, 0xB4, 0x4C, 0x3A,
    0x43, 0x7E, 0x49, 0xA7, 0x97, 0x02, 0xA6, 0x51, 0xEB, 0x91, 0xEE, 0x7A, 0xC1, 0x6B, 0xC2, 0x37,
    0x4D, 0x42, 0xE0, 0xAB, 0x7C, 0x0B, 0x73, 0xF9, 0x55, 0x1D, 0x4C, 0x4B, 0xFF, 0x2C, 0x31, 0xA0,
    0x80, 0xC0, 0x8E, 0x70, 0xBE, 0xC0, 0x0E, 0xB4, 0x06, 0x49, 0x18, 0x9B, 0xB4, 0xC8, 0xDA, 0xA2,
    0xA6, 0xBA, 0x40, 0xB8, 0x78, 0x6F, 0x2E, 0x16, 0x82, 0x99, 0x61, 0x7A, 0x48, 0xDC, 0x36, 0xAB,
    0xB8, 0xBD, 0x5C, 0x8D, 0x88, 0xD7, 0x91, 0xBD, 0x1E, 0x11, 0xAD, 0x47, 0xE4, 0xE5, 0x2A, 0x3B,
    0xB0, 0x51, 0x8E, 0x96, 0xDA, 0x8F, 0x40, 0xF1, 0xA3, 0x9E, 0x26, 0x34, 0x36, 0xE8, 0x85, 0x58,
    0xD0, 0x2D, 0x40, 0x05, 0x30, 0x90, 0x6C, 0x11, 0xAB, 0x77, 0x36, 0x02, 0x0C, 0x40, 0xDA, 0x2B,
    0xE9, 0xB2, 0x06, 0x39, 0x23, 0xBC, 0xA0, 0x9D, 0x0F, 0x34, 0xD9, 0x00, 0xCC, 0x30, 0xB2, 0xAF,
    0xA2, 0x0C, 0xA6, 0xC9, 0x5B, 0x5D, 0x5E, 0xE1, 0x78, 0x4F, 0x35, 0x9F, 0x5B, 0x22, 0x5D, 0x85,
    0x77, 0x81, 0xBF, 0x33, 0x88, 0xBC, 0x63, 0xD2, 0x60, 0x27, 0xD2, 0x1A, 0xEE, 0x12, 0xB9, 0x5D,
    0xEE, 0x22, 0x2B, 0x31, 0xA5, 0x75, 0x34, 0xA6, 0xDD, 0xCB, 0xC6, 0xC8, 0x8F, 0x03, 0xAA, 0x76,
    0x00, 0x82, 0x8E, 0x46, 0xD2, 0xD5, 0xA1, 0x9D, 0x54, 0xC5, 0x0A, 0x3F, 0xF3, 0xC2, 0x01, 0x74,
    0x0E, 0xCA, 0xA7, 0x05, 0xD1, 0xBB, 0x62, 0x0C, 0xE5, 0x27, 0x9A, 0x1C, 0xB5, 0x55, 0x06, 0x0D,
    0x94, 0x4A, 0xCE, 0x8B, 0xF6, 0xBC, 0xA9, 0x51, 0xCF, 0xA8, 0x27, 0xF3, 0xA4, 0x99, 0xB7, 0xAF,
    0x2D, 0x70, 0x46, 0x5E, 0x4B, 0x4B, 0x08, 0x15, 0x5F, 0x26, 0xBE, 0x30, 0x41, 0x8E, 0x7C, 0x69,
    0xE6, 0x97, 0xA2, 0x11, 0xA8, 0x2C, 0xDF, 0xD4, 0xB5, 0x3D, 0x59, 0xE6, 0xE3, 0xFD, 0x6C, 0x8A,
    0x17, 0x4E, 0x4A, 0x80, 0x10, 0x63, 0x69, 0x0C, 0x2B, 0xDE, 0x58, 0x37, 0x7C, 0xCD, 0xC5, 0xC5,
    0x2F, 0xCE, 0xDF, 0x74, 0x1E, 0x7E, 0xE2, 0x3A, 0x07, 0x68, 0xEA, 0x98, 0x96, 0xD7, 0x5B, 0xFA,
    0x9A, 0xF3, 0x35, 0x5C, 0x78, 0xBC, 0x70, 0x24, 0x5F, 0x1A, 0xB1, 0x9F, 0xAB, 0x27, 0x95, 0xEA,
    0xD2, 0x92, 0xD4, 0x5A, 0x75, 0xDF, 0xD1, 0x6B, 0x91, 0xBD, 0xB5, 0x2A, 0xDF, 0x45, 0x13, 0x60,
    0x7A, 0x7D, 0xAB, 0xE1, 0x0C, 0x80, 0x49, 0x73, 0x91, 0x72, 0xA9, 0xB8, 0x8F, 0xCD, 0x2B, 0xC5,
    0x94, 0x22, 0x77, 0xB0, 0x5A, 0x01, 0xC0, 0x90, 0x1F, 0xEF, 0xEB, 0xB8, 0xFC, 0x9A, 0x47, 0x89,
    0x2F, 0xF4, 0x6A, 0x0B, 0xFF, 0xE8, 0xD7, 0x8E, 0x24, 0xA8, 0x89, 0x35, 0x2F, 0x95, 0x15, 0x75,
    0x8B, 0x9B, 0xA0, 0x47, 0x20, 0xA4, 0xA3, 0x36, 0xF0, 0x63, 0xE0, 0x92, 0x9A, 0xE1, 0xD5, 0xC9,
    0x66, 0x59, 0x6E, 0xD0, 0x65, 0x38, 0x68, 0x35, 0x86, 0x1E, 0x7B, 0x74, 0xDB, 0x80, 0x09, 0xCA,
    0x6D, 0x44, 0x8E, 0x2E, 0x70, 0x5A, 0x5A, 0x85, 0x7C, 0xC8, 0xE4, 0x46, 0x1E, 0xB1, 0x4C, 0x96,
    0x6F, 0x99, 0xCB, 0xEC, 0x36, 0x98, 0x86, 0x69, 0x82, 0x41, 0xE5, 0x8A, 0x4E, 0xE4, 0x3B, 0xC1,
    0x89, 0x55, 0xE5, 0x34, 0x13, 0x10, 0x99, 0x44, 0xC1, 0x4D, 0xB7, 0xFA, 0x87, 0xF7, 0x1E, 0xA0,
    0x39, 0x9B, 0x8F, 0xA0, 0x9A, 0x2C, 0x1E, 0x68, 0x86, 0xA0, 0x4B, 0xEC, 0x05, 0x22, 0x5A, 0x35,
    0x66, 0x42, 0x4D, 0xFF, 0xA6, 0x66, 0x56, 0x15, 0x30, 0x89, 0xC0, 0x8E, 0x30, 0x24, 0x0D, 0xC2,
    0x2E, 0x6E, 0x44, 0x19, 0xDD, 0x8F, 0x22, 0x96, 0x27, 0x91, 0xA3, 0xA9, 0x1D, 0x0A, 0xC2, 0x74,
    0x71, 0xD7, 0x05, 0x2C, 0x53, 0x22, 0x27, 0x20, 0x83, 0x82, 0x3E, 0xAD, 0x05, 0x68, 0x8F, 0xC1,
    0x40, 0xE0, 0x92, 0x20, 0x33, 0xDE, 0x02, 0x66, 0x93, 0x92, 0xD0, 0x62, 0xA7, 0xC9, 0x8F, 0xEE,
    0x7A, 0x60, 0x3C, 0x0E, 0x33, 0x74, 0x41, 0x8F, 0xD8, 0x85, 0xA2, 0x5F, 0x13, 0x4D, 0x77, 0x3D,
    0x13, 0xEA, 0x5B, 0x08, 0x3D, 0x55, 0xAC, 0x90, 0x30, 0xAE, 0xD3, 0x7A, 0xD9, 0xB4, 0x4B, 0x82,
    0x45, 0x56, 0x33, 0x24, 0xB9, 0x69, 0x7B, 0x98, 0x8B, 0x5F, 0x1D, 0x54, 0x32, 0x54, 0xF4, 0xB9,
    0xB9, 0xE5, 0x5E, 0xF4, 0xA0, 0x39, 0xB2, 0xE9, 0x6E, 0x47, 0x27, 0x7F, 0x57, 0x4C, 0xF7, 0x77,
    0xBE, 0xF8, 0x3A, 0xA3, 0xAD, 0x53, 0x92, 0x42, 0x41, 0xB8, 0x3C, 0x02, 0x7E, 0x58, 0xC6, 0x69,
    0xAE, 0x6B, 0x35, 0xA8, 0x4E, 0x5F, 0x43, 0x3E, 0x74, 0x09, 0xEA, 0x8B, 0x2F, 0x52, 0xDE, 0x3F,
    0x03, 0x55, 0xDD, 0x2A, 0xB6, 0xC0, 0x0E, 0x59, 0x0F, 0x2A, 0x3E, 0x10, 0x29, 0xC9, 0x40, 0x7A,
    0x44, 0x83, 0xA0, 0x27, 0x86, 0x1D, 0x91, 0xDE, 0xB9, 0x46, 0xAE, 0x74, 0x41, 0x3B, 0xE0, 0x52,
    0x17, 0x7F, 0x20, 0x86, 0x03, 0x3D, 0x3C, 0xA6, 0x57, 0x70, 0x1F, 0x67, 0x6E, 0xAA, 0x61, 0x70,
    0xCB, 0x43, 0xCC, 0x51, 0xA9, 0x30, 0x0C, 0xA2, 0x4A, 0x45, 0xE2, 0xDA, 0x35, 0x14, 0xA4, 0x56,
    0xC0, 0x4E, 0xB3, 0xEF, 0x7A, 0x57, 0x23, 0x04, 0xFD, 0x92, 0xF2, 0xA7, 0x8B, 0x9F, 0xE1, 0x22,
    0x74, 0x0A, 0x2A, 0x02, 0x25, 0x58, 0x6F, 0x99, 0x04, 0x4B, 0xEA, 0x04, 0x03, 0xC2, 0xC5, 0x45,
    0x49, 0xCE, 0x35, 0xF7, 0xB7, 0xF2, 0x7F, 0xC2, 0xD7, 0x11, 0xAE, 0xEE, 0x33, 0x8F, 0xB9, 0xA8,
    0xC7, 0x7C, 0x09, 0x6B, 0xBE, 0x84, 0x85, 0xFA, 0xD2, 0xE8, 0x80, 0x5C, 0x1B, 0xCF, 0x9D, 0xE2,
    0x62, 0xD2, 0x54, 0xF7, 0xBE, 0xF4, 0x18, 0x32, 0x19, 0x88, 0xB1, 0x5B, 0xEA, 0x0D, 0xBA, 0x82,
    0x12, 0x5D, 0x08, 0x0A, 0x06, 0x22, 0x49, 0x21, 0xB2, 0xF4, 0xB8, 0x14, 0xEC, 0x04, 0x45, 0xC4,
    0x15, 0x16, 0x1A, 0x8A, 0x46, 0xCD, 0x63, 0x6A, 0xCD, 0xC1, 0xAD, 0x20, 0xFD, 0xA2, 0x2A, 0x95,
    0xB9, 0xA5, 0x20, 0xF7, 0x40, 0xD7, 0x98, 0x19, 0x44, 0x3A, 0x61, 0x99, 0xB6, 0x53, 0xCD, 0xCE,
    0x15, 0x0F, 0xAA, 0xDB, 0x20, 0x68, 0x89, 0xB9, 0x5D, 0x7C, 0x83, 0x38, 0x5D, 0x88, 0x16, 0x91,
    0xD0, 0x1C, 0x15, 0x07, 0xD2, 0xC0, 0x40, 0x1A, 0x82, 0x1A, 0x83, 0x82, 0x1C, 0x9C, 0x96, 0x94,
    0x2D, 0x53, 0xBC, 0x99, 0xA1, 0xC6, 0x89, 0x61, 0xAC, 0xDC, 0x03, 0x67, 0x72, 0xC6, 0xB2, 0x99,
    0xC5, 0xDC, 0x23, 0xD6, 0x49, 0x95, 0xE4, 0x48, 0x66, 0xB9, 0x77, 0xB3, 0xD5, 0x87, 0xEB, 0x43,
    0x4A, 0xA8, 0xFE, 0x57, 0xA2, 0xF2, 0x35, 0xD6, 0x5F, 0xA9, 0x4D, 0xD0, 0x1D, 0x33, 0xA2, 0x06,
    0xE9, 0x0D, 0x8C, 0xB6, 0xC7, 0x8C, 0x48, 0x4A, 0xC9, 0xCC, 0xA4, 0xD2, 0x16, 0x1F, 0xCA, 0x18,
    0x60, 0xD1, 0xDA, 0xCF, 0x3B, 0x7B, 0xCE, 0xD9, 0xBC, 0x46, 0x22, 0x47, 0xEE, 0x90, 0x36, 0x24,
    0x63, 0x2C, 0x9D, 0x70, 0x24, 0xA9, 0xA8, 0x23, 0xB2, 0x3B, 0xE8, 0x4D, 0x49, 0xA2, 0x9A, 0x27,
    0x9E, 0xED, 0x89, 0x5E, 0x51, 0x93, 0x6A, 0xDC, 0xEF, 0x40, 0x49, 0x0D, 0x28, 0x63, 0x6E, 0x89,
    0x99, 0xCA, 0xCA, 0xB9, 0x99, 0xA5, 0x1E, 0xB9, 0xA5, 0x28, 0x3C, 0x2C, 0x10, 0x83, 0x41, 0xA5,
    0x1E, 0x55, 0xEE, 0x42, 0xE5, 0x39, 0xB6, 0xDB, 0xFE, 0x21, 0x2A, 0xB9, 0xF9, 0x6E, 0x8F, 0xAD,
    0x93, 0x95, 0xE4, 0xB5, 0x58, 0x47, 0x43, 0x8E, 0x11, 0xA7, 0x01, 0x97, 0x73, 0xBD, 0x06, 0x18,
    0xD6, 0x21, 0xF2, 0x70, 0xBA, 0x8B, 0x16, 0x94, 0x48, 0x5C, 0x57, 0x1E, 0x93, 0xC3, 0xE8, 0x10,
    0x3C, 0xEB, 0xD0, 0x77, 0x88, 0xFE, 0x55, 0x1F, 0xF1, 0x3F, 0xB7, 0x41, 0xD7, 0x23, 0xFD, 0x93,
    0x26, 0x74, 0x3D, 0xB2, 0x44, 0x72, 0xFD, 0x80, 0x2D, 0x53, 0xFE, 0x1E, 0x7B, 0x79, 0xB4, 0x7B,
    0xF4, 0x59, 0x19, 0x37, 0x67, 0xA1, 0xCB, 0x6D, 0x52, 0x9F, 0x47, 0x8D, 0x11, 0x41, 0x36, 0x69,
    0x2D, 0x8F, 0x72, 0x93, 0x59, 0x23, 0x22, 0x6D, 0x0D, 0x76, 0x22, 0xD1, 0xF6, 0x1C, 0x07, 0xE4,
    0xE4, 0x29, 0xCC, 0x91, 0x3B, 0x08, 0x21, 0x64, 0xAD, 0xA8, 0x75, 0x8E, 0xAC, 0x96, 0x07, 0x0F,
    0xA6, 0x54, 0x90, 0x09, 0xB7, 0x87, 0xA9, 0xE9, 0x0B, 0xA6, 0xD1, 0x2A, 0xDD, 0x51, 0xE3, 0x4A,
    0x71, 0xEC, 0xA9, 0x79, 0x3F, 0xD0, 0xFD, 0xFA, 0x3D, 0x92, 0x3A, 0xE8, 0x76, 0xC2, 0x32, 0x74,
    0x64, 0x1C, 0x89, 0x14, 0x59, 0x19, 0xB9, 0xB4, 0x14, 0x5B, 0xB7, 0xB2, 0x0E, 0x32, 0x2A, 0x16,
    0x91, 0x28, 0xF7, 0x56, 0x47, 0xC9, 0xD8, 0x32, 0xE8, 0x0F, 0x1A, 0x47, 0x7B, 0xDA, 0xE9, 0x30,
    0xD0, 0xF0, 0x5B, 0x61, 0xA8, 0x86, 0xD8, 0x02, 0x99, 0x53, 0xEF, 0x77, 0x34, 0x7E, 0xE2, 0xAE,
    0x6B, 0x1A, 0xEE, 0x9A, 0xB1, 0xE6, 0xEB, 0xFC, 0xEA, 0x65, 0x03, 0x50, 0x95, 0xC1, 0xA4, 0xC7,
    0xA7, 0x42, 0x9D, 0x47, 0x8B, 0x67, 0xE8, 0x76, 0xC4, 0x0D, 0x48, 0xB7, 0x7F, 0x63, 0x15, 0x41,
    0x2C, 0xC0, 0xFE, 0x9D, 0xE2, 0x25, 0x38, 0x92, 0x68, 0x2C, 0xB1, 0x00, 0xB1, 0x92, 0xA7, 0x96,
    0xB7, 0x9A, 0x80, 0x4C, 0x4D, 0xEE, 0x59, 0x4B, 0x1B, 0x24, 0xD3, 0x4B, 0xBD, 0xE6, 0x8B, 0x71,
    0xDE, 0xBB, 0x96, 0x7C, 0xE1, 0x7F, 0x82, 0x9B, 0xC8, 0x44, 0xF0, 0x25, 0xED, 0xDC, 0xE0, 0x80,
    0xA4, 0x15, 0x88, 0x68, 0xE1, 0x19, 0x02, 0xEE, 0x97, 0x8C, 0xFC, 0x86, 0x21, 0x5F, 0x4B, 0x87,
    0xB7, 0x11, 0xA9, 0xA9, 0x3E, 0xC9, 0xD5, 0xCF, 0xDE, 0x9C, 0xBB, 0x8F, 0x73, 0xE8, 0x3B, 0xC1,
    0x26, 0x06, 0xC4, 0xCB, 0x87, 0xDB, 0x24, 0x57, 0x9B, 0x78, 0x8B, 0xB5, 0x4D, 0xBE, 0x4A, 0x31,
    0x76, 0xD7, 0x39, 0x1C, 0x93, 0x62, 0x61, 0x89, 0x1F, 0x55, 0x72, 0xE4, 0x0F, 0x2C, 0x16, 0xD3,
    0x5D, 0x27, 0x53, 0x8B, 0xB9, 0x9B, 0x2C, 0x66, 0xCA, 0xE8, 0x99, 0x2F, 0xF3, 0x73, 0xDD, 0xA1,
    0x27, 0x8A, 0x26, 0xB7, 0x73, 0xD1, 0x41, 0xC8, 0x4A, 0x9E, 0x9B, 0xAC, 0xA6, 0xD3, 0xA8, 0xD3,
    0x08, 0x17, 0xC0, 0xA0, 0xF1, 0xAD, 0xE1, 0xBD, 0x1C, 0x9D, 0x47, 0x20, 0x25, 0x5F, 0x73, 0x55,
    0x95, 0xA8, 0x10, 0x58, 0x0C, 0xEC, 0x57, 0xE8, 0x97, 0x37, 0x02, 0xBC, 0x5A, 0xBF, 0x15, 0x48,
    0xC7, 0xA5, 0xF4, 0x2E, 0x74, 0xB3, 0xD5, 0xDD, 0x70, 0x3D, 0x9C, 0xC0, 0xBE, 0x77, 0xA5, 0x2E,
    0xBB, 0xD3, 0xAA, 0x41, 0x71, 0x7D, 0x8A, 0x3C, 0x9D, 0x6B, 0x72, 0x5B, 0x11, 0xBC, 0xB4, 0xF5,
    0x8E, 0xAD, 0x70, 0xD3, 0xCE, 0x79, 0x49, 0x38, 0xDC, 0xB8, 0x2F, 0x2F, 0xB0, 0xAE, 0x07, 0x74,
    0x70, 0x5A, 0x12, 0x79, 0x4E, 0x23, 0x79, 0x0D, 0xF2, 0xA3, 0x2A, 0x66, 0xA7, 0x78, 0xB8, 0xDE,
    0xAF, 0x66, 0xE4, 0x49, 0x8F, 0xCC, 0x72, 0x4B, 0x6E, 0xB9, 0x32, 0x31, 0x33, 0x72, 0xCA, 0xEE,
    0x7A, 0xD7, 0x22, 0x66, 0x35, 0xFB, 0x0D, 0xEB, 0x3F, 0x70, 0x6B, 0x7F, 0xE6, 0xCB, 0x06, 0x3D,
    0xBD, 0xBB, 0xF9, 0x30, 0x28, 0x0F, 0xC2, 0x9E, 0x14, 0xF8, 0xC5, 0xED, 0x39, 0xF3, 0x40, 0xDF,
    0x3B, 0x07, 0x0C, 0x49, 0x5C, 0x12, 0x98, 0x9D, 0x74, 0x19, 0xC9, 0x88, 0x11, 0x65, 0xC8, 0x20,
    0x17, 0x31, 0x04, 0x0C, 0xD5, 0xE0, 0x6E, 0x6C, 0xA9, 0xD6, 0x37, 0x75, 0x40, 0xFA, 0xCD, 0x4E,
    0xE0, 0xBB, 0x1B, 0x96, 0xCD, 0xA5, 0xC0, 0xD3, 0x10, 0x98, 0xC0, 0x8C, 0x4B, 0x58, 0xEA, 0x4A,
    0xE5, 0x81, 0x9C, 0x1C, 0x2A, 0xA0, 0xE0, 0xD3, 0x53, 0xEB, 0x1D, 0x42, 0x0F, 0xF5, 0x98, 0xE8,
    0x69, 0xEA, 0xB9, 0x45, 0xF2, 0x06, 0x3A, 0xD4, 0x16, 0xE9, 0xF7, 0x73, 0xF3, 0xD8, 0x22, 0x4B,
    0x6D, 0x4A, 0xDD, 0x4C, 0x6A, 0x79, 0xF0, 0xC4, 0x79, 0x6A, 0xA9, 0x28, 0x06, 0x7D, 0x9A, 0xA0,
    0x4B, 0xCB, 0x83, 0x3C, 0x99, 0xFC, 0x06, 0x3E, 0x9B, 0xF4, 0x1B, 0x3B, 0x2D, 0xDD, 0x55, 0x34,
    0x93, 0x96, 0xE9, 0xB7, 0x37, 0xF2, 0xCC, 0x91, 0xFE, 0x05, 0x37, 0x76, 0x61, 0x40, 0x41, 0xF3,
    0x33, 0x61, 0x04, 0xDD, 0x0A, 0x92, 0x89, 0x4F, 0xA7, 0x12, 0x5F, 0x3F, 0x1B, 0xD6, 0x91, 0x6A,
    0x56, 0x95, 0x5F, 0x8B, 0x87, 0x16, 0xF4, 0x7C, 0xF9, 0xA2, 0xB5, 0xA5, 0x56, 0x3B, 0x2C, 0xD5,
    0x75, 0x93, 0x52, 0x17, 0xD0, 0x0D, 0x13, 0x07, 0xF5, 0xA4, 0xAD, 0x3A, 0x90, 0x19, 0x88, 0xD9,
    0x52, 0x51, 0xD1, 0xB3, 0x89, 0x15, 0x7B, 0x82, 0x7B, 0xCF, 0xB9, 0x51, 0xAF, 0x3E, 0xA3, 0x6C,
    0xED, 0xB9, 0xBA, 0x9E, 0xA1, 0x63, 0x13, 0xB5, 0x60, 0xE1, 0x4C, 0x2E, 0x02, 0x5F, 0xE6, 0xDA,
    0x6A, 0x0F, 0x64, 0xAA, 0xB7, 0xC6, 0x9A, 0x3C, 0x74, 0xB8, 0x46, 0x62, 0xCA, 0x03, 0x32, 0x27,
    0xD5, 0x06, 0x02, 0x23, 0x90, 0xFC, 0x5E, 0x0F, 0xC4, 0x7F, 0xCF, 0xCD, 0xF3, 0xF1, 0x66, 0x8E,
    0xA8, 0xC0, 0x03, 0x9C, 0x79, 0x93, 0x57, 0xB7, 0x47, 0x5E, 0x2D, 0xC8, 0x20, 0x9A, 0x31, 0x9B,
    0x8F, 0xB3, 0xE1, 0x51, 0xD9, 0x68, 0xCA, 0x25, 0x7A, 0x82, 0xE7, 0xF9, 0x58, 0x5D, 0x7F, 0x8C,
    0x6E, 0xFC, 0xD8, 0x5D, 0x7F, 0xCC, 0x1F, 0xBB, 0xB8, 0x00, 0x0C, 0x99, 0x13, 0xC9, 0x3C, 0xF2,
    0x35, 0x62, 0xB9, 0x93, 0xC7, 0xA8, 0x31, 0xD7, 0x89, 0xF7, 0x5C, 0x0E, 0x3C, 0x50, 0x28, 0xD1,
    0xAE, 0xFB, 0xF9, 0x26, 0xDD, 0xFB, 0x35, 0x97, 0x5B, 0x57, 0x16, 0xAB, 0xE2, 0x8E, 0x64, 0x1E,
    0x24, 0xC5, 0xE4, 0x39, 0x02, 0xEF, 0xF5, 0x45, 0x24, 0xB7, 0xC1, 0x96, 0x5E, 0x89, 0x1C, 0x99,
    0x8C, 0x48, 0xAD, 0x38, 0x5A, 0x9D, 0xC8, 0x2F, 0xAE, 0xE3, 0x26, 0x6A, 0xE5, 0xE7, 0x42, 0xF9,
    0x09, 0x8F, 0x0E, 0xBD, 0xFC, 0x54, 0x46, 0xB9, 0x6F, 0xFD, 0x2A, 0x29, 0xDE, 0x20, 0xE0, 0x70,
    0x2C, 0xE0, 0x22, 0xDC, 0x91, 0x80, 0x0B, 0x99, 0x85, 0xD4, 0x0E, 0x2A, 0x63, 0x31, 0x40, 0xE5,
    0x44, 0x54, 0x2F, 0x47, 0x3B, 0xF5, 0xE7, 0x3D, 0xD9, 0x6D, 0x04, 0x6E, 0x73, 0xC6, 0x6B, 0x52,
    0x0B, 0x74, 0x42, 0x2F, 0x74, 0x51, 0x83, 0xA8, 0x09, 0x1D, 0x89, 0x77, 0x90, 0xEE, 0x3D, 0x49,
    0x52, 0x49, 0x79, 0x9E, 0x81, 0x3D, 0xF3, 0xA1, 0xA9, 0x17, 0xCB, 0x77, 0xEF, 0x75, 0x7A, 0xFA,
    0x79, 0x1F, 0x05, 0x23, 0xA1, 0x19, 0x73, 0xD2, 0xAF, 0x41, 0x5B, 0x32, 0x45, 0x2C, 0x36, 0xFF,
    0xA4, 0x86, 0xBF, 0xF3, 0x74, 0x1D, 0xF5, 0xF0, 0x65, 0xE2, 0x50, 0x68, 0x00, 0x43, 0xA3, 0xD7,
    0xD8, 0xD5, 0x9F, 0x91, 0x99, 0x70, 0x04, 0x02, 0x42, 0xD4, 0x0B, 0x24, 0x1D, 0x4D, 0x2A, 0xF0,
    0x7B, 0x93, 0x43, 0xE6, 0xDF, 0xE4, 0x10, 0xFB, 0x4F, 0x68, 0xE7, 0x3F, 0xDD, 0x04, 0xF6, 0x61,
    0x59, 0x9B, 0x80, 0x75, 0xEA, 0x4E, 0x58, 0x5D, 0x16, 0xDE, 0x62, 0xBC, 0x57, 0x88, 0x2C, 0x75,
    0xDA, 0xC0, 0x8B, 0xF5, 0x82, 0x51, 0x20, 0x1C, 0x04, 0xA2, 0x8E, 0xC0, 0x63, 0x94, 0xD8, 0x34,
    0x6D, 0x62, 0xC6, 0x57, 0xD2, 0x20, 0xE3, 0x48, 0x63, 0x35, 0xCA, 0x32, 0x27, 0xC3, 0xF3, 0x43,
    0xD2, 0xE3, 0xE3, 0x8C, 0x6F, 0xB1, 0x49, 0x84, 0xDC, 0xF5, 0xFF, 0x76, 0x62, 0xE9, 0x32, 0xDE,
    0xC1, 0xFF, 0xE8, 0x4F, 0x44, 0x3D, 0xD3, 0xA9, 0xCA, 0xC4, 0x10, 0x5D, 0x6A, 0xD9, 0x82, 0x92,
    0x2C, 0xF7, 0xDC, 0x6F, 0x81, 0xAC, 0x7D, 0x21, 0x13, 0x33, 0x02, 0xEE, 0xE0, 0x27, 0x16, 0x4B,
    0x51, 0xD3, 0xDF, 0x18, 0x87, 0xDC, 0xF9, 0x13, 0x5A, 0xF7, 0x6F, 0xFE, 0x2F, 0xAC, 0x7B, 0xB5,
    0x58, 0xF7, 0x13, 0x67, 0xEB, 0x2E, 0x7F, 0xF1, 0x53, 0xB5, 0xEE, 0x74, 0x51, 0x1F, 0xF4, 0x49,
    0xCB, 0xBF, 0x62, 0x84, 0x1D, 0xFF, 0x4D, 0x60, 0x3E, 0xBE, 0x6A, 0x8C, 0xFE, 0x25, 0xF4, 0x2D,
    0xD8, 0xD9, 0x87, 0xAA, 0x65, 0x45, 0x2D, 0xFB, 0x9C, 0x5A, 0x00, 0x04, 0x69, 0x2D, 0xDF, 0x33,
    0x48, 0x3B, 0x3A, 0xE1, 0x7A, 0xF5, 0xE6, 0x85, 0xE3, 0xDF, 0x65, 0x98, 0x50, 0x04, 0x4E, 0xAA,
    0x2F, 0x5A, 0xCE, 0xC2, 0xFF, 0x83, 0x3D, 0xF7, 0xBF, 0x54, 0xC7, 0x91, 0xDC, 0xCF, 0xF7, 0x9A,
    0x81, 0x09, 0x25, 0xE6, 0xC6, 0xAC, 0x48, 0x9B, 0xFC, 0x8B, 0x83, 0xF9, 0xC7, 0xD7, 0x3B, 0x4C,
    0x30, 0x74, 0x95, 0x8C, 0x75, 0x90, 0x38, 0x79, 0x2B, 0x90, 0xD2, 0x41, 0xB4, 0xEC, 0x11, 0xC8,
    0xAD, 0x5A, 0x5C, 0xA0, 0x20, 0x4C, 0x02, 0xE1, 0x48, 0x2F, 0x12, 0xE8, 0x76, 0x7B, 0xC4, 0xBE,
    0x1F, 0x10, 0xF8, 0xA6, 0x07, 0x1E, 0x09, 0x3A, 0xD2, 0x5F, 0x84, 0x4E, 0x5A, 0x7C, 0x80, 0xEE,
    0xD7, 0x3F, 0xC6, 0x63, 0x19, 0xCD, 0xF5, 0x02, 0xFF, 0x03, 0xFF, 0x35, 0xF7, 0xDE, 0x12, 0x76,
    0xC9, 0xA4, 0xEE, 0x5D, 0x8A, 0x7B, 0xBF, 0x8C, 0xEE, 0x9D, 0xD0, 0xBD, 0x93, 0x26, 0x18, 0x05,
    0x42, 0x56, 0x0F, 0x51, 0x47, 0x98, 0x05, 0xE7, 0x39, 0x45, 0xE8, 0xD0, 0x77, 0x90, 0xCE, 0xB0,
    0x23, 0xF5, 0x73, 0x52, 0x3F, 0x90, 0xFA, 0x00, 0x43, 0xC0, 0x2D, 0xB2, 0xA6, 0x68, 0xA9, 0xC5,
    0xD2, 0xCE, 0xD7, 0xFF, 0xD7, 0xEE, 0xB9, 0x10, 0xCB, 0xBF, 0x66, 0xE8, 0x96, 0x0D, 0x1E, 0xFC,
    0x97, 0x4E, 0x3E, 0x8B, 0x1A, 0x94, 0xAA, 0xAE, 0x2E, 0x7B, 0xD4, 0x60, 0xD5, 0xAE, 0xCF, 0x6A,
    0xEB, 0xFC, 0x77, 0xB8, 0x21, 0xFF, 0x2D, 0x87, 0xE2, 0xA3, 0x04, 0xBD, 0x90, 0xDA, 0x01, 0x1F,
    0x36, 0x02, 0xA6, 0x97, 0xBB, 0x01, 0xFE, 0x03, 0x85, 0x93, 0xB1, 0xAE, 0xDC, 0x44, 0x14, 0x86,
    0xFF, 0xF1, 0x28, 0x72, 0xE1, 0xC2, 0x29, 0x82, 0x90, 0x40, 0xC8, 0x15, 0x2D, 0xFB, 0x02, 0xC9,
    0xF5, 0x02, 0x05, 0x25, 0x14, 0x11, 0x29, 0x28, 0x78, 0x84, 0xBC, 0x40, 0x62, 0x2F, 0x50, 0x50,
    0xD0, 0xDC, 0x8A, 0x67, 0x89, 0xE0, 0xFA, 0xAE, 0xA1, 0xA1, 0x8C, 0xDF, 0x20, 0x16, 0xD0, 0x67,
    0x42, 0x06, 0x31, 0x37, 0xD8, 0x7B, 0xF8, 0x7F, 0xED, 0xEC, 0xE5, 0x22, 0x22, 0xC5, 0xDA, 0xF9,
    0x66, 0x35, 0x9A, 0xF3, 0xFF, 0x73, 0xCE, 0x9C, 0xC1, 0xAD, 0x2D, 0x80, 0x7A, 0x3C, 0xA1, 0xD9,
    0x11, 0x1B, 0xAD, 0xB5, 0xF8, 0x0F, 0x3A, 0x34, 0x23, 0x06, 0xF4, 0xC0, 0xE2, 0x16, 0xA2, 0x0C,
    0x40, 0xE2, 0x92, 0x8B, 0x5C, 0x2A, 0x5E, 0x70, 0xC9, 0xBF, 0x0C, 0x84, 0x11, 0xA5, 0x25, 0xA0,
    0x4A, 0x0B, 0x31, 0x5D, 0x4A, 0xB8, 0x15, 0xA8, 0xDA, 0xEC, 0xEA, 0x91, 0xEA, 0xF5, 0x44, 0xCD,
    0x32, 0x10, 0x3E, 0x02, 0x6E, 0x2B, 0x6B, 0xFE, 0xE8, 0xCD, 0x3D, 0x1B, 0x19, 0xEA, 0xD7, 0x81,
    0x7E, 0x90, 0x17, 0x9D, 0xE8, 0x83, 0x22, 0xC2, 0x07, 0xFD, 0xCA, 0x99, 0xC2, 0xA8, 0xC6, 0x9B,
    0x71, 0x39, 0xE8, 0xF4, 0x3D, 0xAA, 0x16, 0xEC, 0x67, 0x5C, 0xF4, 0xE6, 0x2D, 0x61, 0xBD, 0xEA,
    0x3F, 0xFD, 0x7E, 0x81, 0x8D, 0xF5, 0x80, 0x15, 0x86, 0x3A, 0x62, 0x70, 0x2B, 0x6A, 0x6E, 0x28,
    0x16, 0x25, 0xB6, 0xF8, 0x48, 0x19, 0x4E, 0x81, 0x52, 0x2E, 0xD1, 0xA0, 0xA5, 0x5D, 0x39, 0x69,
    0x0A, 0x34, 0xEA, 0x68, 0x4B, 0xA7, 0xE1, 0x38, 0x2D, 0x3C, 0x81, 0x76, 0xF3, 0x14, 0x34, 0x5E,
    0x94, 0x1B, 0x5C, 0xE2, 0xA4, 0x20, 0xD4, 0x2A, 0xE1, 0x67, 0x3C, 0x42, 0x7D, 0x80, 0x0E, 0x30,
    0x62, 0x5D, 0x1F, 0x4E, 0xB0, 0xA9, 0x9E, 0x9C, 0xA1, 0x9A, 0x8B, 0x95, 0x71, 0x9E, 0x51, 0x93,
    0x8F, 0x8C, 0xA1, 0x65, 0x33, 0x96, 0xF4, 0xDD, 0x55, 0x73, 0xAE, 0x0D, 0x57, 0x8F, 0xE8, 0x41,
    0x9B, 0x4B, 0x65, 0xB7, 0xA2, 0x95, 0x53, 0x0B, 0x42, 0x9F, 0x8A, 0x4C, 0x9F, 0xDE, 0x02, 0x9C,
    0x3D, 0x58, 0xE0, 0x13, 0xF7, 0x51, 0x20, 0xC7, 0xAA, 0x1E, 0xDA, 0x9C, 0xD1, 0x65, 0x74, 0xC2,
    0x20, 0x48, 0xAA, 0x48, 0x14, 0xA5, 0x73, 0xF3, 0x3B, 0x8F, 0x57, 0x99, 0x6D, 0x29, 0x95, 0x00,
    0x38, 0x9C, 0xBE, 0xA6, 0xE0, 0xE2, 0xA6, 0x31, 0x9E, 0xA9, 0xFB, 0x32, 0xA0, 0x0D, 0x3E, 0xA2,
    0x1D, 0x99, 0x6A, 0xBF, 0x25, 0xF6, 0x20, 0x56, 0x61, 0x51, 0xDE, 0x09, 0x3E, 0x3A, 0x5D, 0x11,
    0xFF, 0x97, 0xDA, 0xA9, 0x04, 0x95, 0xDB, 0xC2, 0xED, 0xD5, 0xF3, 0x8F, 0x0E, 0xA8, 0x9E, 0x52,
    0xBF, 0xFE, 0x99, 0x72, 0xF5, 0x78, 0xE7, 0xF5, 0xBD, 0x76, 0x26, 0x3C, 0x16, 0x06, 0x5C, 0x7F,
    0xD5, 0xC1, 0x33, 0x29, 0xFB, 0x65, 0x84, 0x3D, 0x78, 0x3E, 0x32, 0x55, 0xDB, 0x55, 0x81, 0xA2,
    0x4A, 0x15, 0x8D, 0xC0, 0xE2, 0xF4, 0x12, 0xE8, 0x88, 0x9C, 0x20, 0xE1, 0x04, 0x9F, 0x88, 0x2A,
    0xAA, 0x28, 0xC4, 0x4F, 0xAF, 0x98, 0xAF, 0xFD, 0x16, 0x58, 0xBE, 0x4F, 0x66, 0xE0, 0x76, 0x39,
    0x49, 0x7F, 0x7C, 0xE3, 0x1B, 0x50, 0x4B, 0x35, 0x81, 0xD7, 0x19, 0xB0, 0xBE, 0x3A, 0x87, 0x31,
    0xCC, 0x00, 0xB7, 0x02, 0x85, 0x5A, 0x3F, 0x72, 0xA8, 0xF1, 0x29, 0x29, 0x45, 0x09, 0xD6, 0x79,
    0x50, 0x8D, 0x62, 0x1C, 0x37, 0xA4, 0xB0, 0xB1, 0xAD, 0x33, 0x9B, 0xFD, 0xD5, 0x17, 0x63, 0x35,
    0x6B, 0x3F, 0x07, 0xE3, 0xF4, 0xA8, 0xFC, 0x01, 0x90, 0x3E, 0x36, 0x89, 0xE2, 0x34, 0xC0, 0x5E,
    0x91, 0x79, 0xF4, 0x88, 0x5C, 0x33, 0x4B, 0xE8, 0xB5, 0xE7, 0x3E, 0x80, 0xF7, 0x80, 0xBB, 0xC0,
    0x85, 0x52, 0x7E, 0xD7, 0x96, 0xDE, 0x96, 0xB7, 0xFF, 0xBC, 0x7F, 0xF3, 0x9D, 0x5C, 0x3F, 0x92,
    0x66, 0x9B, 0xDF, 0x49, 0xFE, 0x7D, 0xC8, 0x63, 0xA0, 0x32, 0x35, 0xAB, 0x8B, 0xA8, 0xD4, 0x89,
    0xF5, 0x09, 0xDC, 0x5F, 0xCE, 0x8C, 0x60, 0xFC, 0x26, 0xB7, 0xA3, 0x40, 0x95, 0x4E, 0x3A, 0x83,
    0x94, 0xD4, 0x43, 0x4E, 0xF0, 0x89, 0xB8, 0x2E, 0xF1, 0x57, 0x2A, 0xB1, 0xFD, 0x1A, 0x28, 0xFD,
    0xF1, 0x4C, 0x71, 0x5D, 0x68, 0xEE, 0xBF, 0x81, 0x93, 0xC2, 0xA0, 0x3E, 0x52, 0xB6, 0x94, 0xA5,
    0xC1, 0xF1, 0x05, 0xB7, 0xA0, 0x72, 0x27, 0x2C, 0x40, 0xFD, 0x75, 0x22, 0xBE, 0x09, 0xC4, 0xB7,
    0x13, 0xF1, 0x54, 0x15, 0x7A, 0xB6, 0x25, 0x0C, 0xC4, 0x4A, 0x94, 0x0B, 0x71, 0x06, 0xA9, 0xC8,
    0x3E, 0xA0, 0x93, 0x5C, 0xC0, 0xCA, 0xE9, 0x83, 0x28, 0x1B, 0xDC, 0x8B, 0x85, 0x8C, 0x2E, 0xA2,
    0xD7, 0xA6, 0x18, 0x99, 0x4D, 0x5B, 0x84, 0xA8, 0x54, 0xFC, 0x9C, 0x54, 0x8F, 0x72, 0x4C, 0xF4,
    0xDD, 0xD4, 0xBB, 0xD4, 0x71, 0x6A, 0x90, 0x2E, 0x38, 0x9D, 0xE1, 0x49, 0xE2, 0x74, 0x17, 0x3F,
    0x04, 0x4E, 0x4F, 0xF0, 0xE3, 0x0C, 0x34, 0x11, 0xFB, 0x89, 0x53, 0xC0, 0x7E, 0xE4, 0x34, 0xB1,
    0xFD, 0x64, 0x8F, 0x22, 0x29, 0x13, 0xD5, 0xAB, 0x51, 0x9D, 0x5B, 0x35, 0xC0, 0x0A, 0xF8, 0x3F,
    0x22, 0x50, 0xFC, 0xCD, 0x40, 0xD8, 0x98, 0xEF, 0x10, 0xC6, 0xE1, 0x8D, 0x71, 0xF5, 0x33, 0x35,
    0xC5, 0x77, 0x23, 0xD0, 0xB1, 0xCA, 0x6E, 0xD1, 0x75, 0x05, 0x97, 0x54, 0x0C, 0x1E, 0x7B, 0x87,
    0x01, 0xD4, 0x83, 0x2E, 0x4E, 0x85, 0x39, 0x96, 0x5E, 0x5C, 0x45, 0x96, 0x1C, 0xBA, 0x2C, 0x39,
    0x95, 0x33, 0x39, 0xAB, 0xCD, 0xFC, 0xCC, 0x08, 0xAA, 0xB4, 0x10, 0x3B, 0xB2, 0x08, 0x8B, 0xF8,
    0x22, 0x92, 0xEE, 0x65, 0x10, 0xFF, 0x9A, 0x90, 0x0F, 0x44, 0x6E, 0xC5, 0x83, 0x80, 0x45, 0xA0,
    0x3F, 0x14, 0x2B, 0x56, 0xB3, 0xD8, 0x68, 0xE3, 0xFB, 0x7B, 0x02, 0xED, 0x0A, 0x71, 0x16, 0xD1,
    0xDB, 0xAA, 0x81, 0xB7, 0x3E, 0xCF, 0xBD, 0xAF, 0xED, 0x1B, 0xDA, 0xF7, 0x00, 0xF2, 0x52, 0x3D,
    0x5D, 0x2F, 0x39, 0x2D, 0x85, 0x7F, 0x97, 0x5A, 0xB3, 0x5D, 0x6F, 0xF2, 0x7F, 0x67, 0x84, 0xCA,
    0xE9, 0x6C, 0xF7, 0xFA, 0xE7, 0xC3, 0xCD, 0xCD, 0x8D, 0xA7, 0xB3, 0x72, 0x4A, 0x94, 0x94, 0xEC,
    0x74, 0xD4, 0x74, 0xF1, 0x34, 0x94, 0xB0, 0xD6, 0x38, 0xB2, 0xCC, 0x49, 0xAA, 0x8A, 0xC7, 0x57,
    0xE5, 0x38, 0xF4, 0xDD, 0x79, 0xF4, 0xA6, 0x8F, 0x31, 0xE7, 0xB4, 0x4F, 0xB9, 0xD3, 0x1E, 0x73,
    0xDC, 0xCB, 0xF3, 0x45, 0x2E, 0x57, 0xCA, 0xBE, 0x21, 0x8F, 0xA8, 0x62, 0xEA, 0xAC, 0x93, 0x52,
    0x82, 0xBF, 0xD2, 0x8B, 0xFE, 0x7F, 0x0A, 0x67, 0x59, 0x66, 0x38, 0xCA, 0x94, 0x89, 0xCB, 0x81,
    0x83, 0xDB, 0x6E, 0x83, 0x21, 0x57, 0x70, 0x2C, 0xED, 0x5C, 0xE1, 0xF2, 0xA1, 0x19, 0xCE, 0xDD,
    0x5E, 0x5E, 0xB7, 0xB6, 0xF8, 0x07, 0xD5, 0x99, 0x01, 0xA4, 0x25, 0x59, 0x7A, 0x80, 0xBF, 0x53,
    0xA7, 0xBB, 0x6B, 0xA5, 0x22, 0xA7, 0xB1, 0x0D, 0xB3, 0xD9, 0xAE, 0x60, 0xC5, 0x64, 0xE4, 0x4D,
    0x01, 0x24, 0xBC, 0x77, 0xCF, 0x49, 0x02, 0x08, 0xB6, 0xD1, 0x2F, 0x83, 0xC1, 0x06, 0x60, 0x37,
    0x68, 0x80, 0xC6, 0x7B, 0xB7, 0xCE, 0x0A, 0x00, 0xB2, 0x10, 0x00, 0x69, 0x74, 0x18, 0x77, 0xD0,
    0x30, 0x78, 0xB8, 0xEF, 0xD5, 0x19, 0x8B, 0x05, 0x4C, 0xB1, 0x89, 0x00, 0xA6, 0x64, 0x67, 0x83,
    0x09, 0xE6, 0xA0, 0x86, 0xDA, 0x9E, 0xBA, 0xF7, 0xA4, 0xFE, 0xBA, 0xF7, 0x5E, 0x4F, 0xF7, 0xB2,
    0x43, 0x18, 0xDD, 0xC7, 0x39, 0xDF, 0x3F, 0xAE, 0x3A, 0xFF, 0xFF, 0x9D, 0xBF, 0xAE, 0x9A, 0x5B,
    0xFD, 0x00, 0xCA, 0x80, 0xDD, 0x4D, 0xC7, 0x1D, 0xF6, 0xE3, 0x14, 0x2E, 0xE0, 0x0A, 0x7A, 0x99,
    0x2A, 0x92, 0x45, 0xF4, 0x34, 0x3B, 0xF2, 0x96, 0xA2, 0xC5, 0x04, 0x99, 0x65, 0xA0, 0xF2, 0x58,
    0x27, 0xF3, 0x38, 0xCE, 0x76, 0xDB, 0xB9, 0x84, 0x22, 0x45, 0xEA, 0x14, 0xD5, 0x96, 0x7F, 0xD4,
    0x3D, 0x98, 0x0E, 0xD9, 0x42, 0xE5, 0xC0, 0xB2, 0x5B, 0xCB, 0x57, 0x96, 0x95, 0xE5, 0xA1, 0xFC,
    0xFA, 0x09, 0x79, 0x4A, 0xD0, 0x0C, 0x92, 0x4E, 0x74, 0x66, 0x1F, 0xEE, 0x73, 0x1C, 0x2A, 0xF5,
    0x80, 0x49, 0x09, 0xB0, 0xBF, 0xBD, 0x01, 0x6E, 0xE6, 0x13, 0x8C, 0x00, 0x6A, 0x98, 0xD9, 0x03,
    0x22, 0x0F, 0xE8, 0x5B, 0xCC, 0x3B, 0x20, 0x7B, 0xF1, 0xF2, 0x23, 0xD0, 0x29, 0x8D, 0xA0, 0x7E,
    0xF2, 0x9F, 0x8F, 0x01, 0xE3, 0x01, 0x4A, 0x27, 0xAC, 0x66, 0x5A, 0x01, 0x0B, 0x38, 0x24, 0xCE,
    0x7A, 0x61, 0xF5, 0x72, 0xB5, 0x72, 0xD8, 0x94, 0x92, 0xA7, 0x9E, 0xE8, 0xF8, 0x1E, 0xFC, 0xD9,
    0xA2, 0xFC, 0x62, 0xA8, 0x52, 0x8A, 0xC5, 0xEF, 0x9E, 0x84, 0x22, 0xE4, 0xAD, 0x71, 0x59, 0x57,
    0xA2, 0x62, 0x09, 0xD1, 0x4C, 0xD1, 0x78, 0xDD, 0xE5, 0x9D, 0x09, 0x26, 0xA5, 0xCE, 0xD6, 0x2F,
    0x87, 0xBF, 0x54, 0xEE, 0x13, 0x76, 0x65, 0xB3, 0x68, 0x02, 0x45, 0x57, 0x48, 0x63, 0xF3, 0x16,
    0xEB, 0x74, 0xC7, 0x52, 0x6C, 0x47, 0xB2, 0x38, 0x05, 0xD5, 0x8B, 0xF3, 0x60, 0x02, 0xAC, 0x2D,
    0x70, 0x71, 0x09, 0x9C, 0x8D, 0x70, 0xB7, 0xFE, 0xDA, 0x51, 0xA5, 0xD4, 0x62, 0x05, 0x3B, 0xF9,
    0x0A, 0xF8, 0x59, 0xB3, 0x72, 0x34, 0xA2, 0xB6, 0x4A, 0x2B, 0x40, 0x36, 0xB0, 0x3E, 0x9E, 0x63,
    0x00, 0xBE, 0x7F, 0x71, 0x6B, 0x7C, 0x9F, 0xDD, 0x78, 0xF7, 0xF6, 0x87, 0xC0, 0x83, 0x47, 0xA0,
    0xD3, 0x16, 0xCA, 0x94, 0xC0, 0xBA, 0xBB, 0xFB, 0x76, 0x2C, 0x05, 0xD6, 0x01, 0x65, 0x07, 0x98,
    0x2D, 0x60, 0xC5, 0x60, 0x28, 0x22, 0x3A, 0x66, 0x03, 0xBA, 0x65, 0x14, 0x0C, 0xE8, 0xA8, 0x7A,
    0xB2, 0x51, 0x47, 0x48, 0xFF, 0x16, 0xA0, 0xDA, 0x02, 0x59, 0x62, 0x7F, 0xB7, 0x31, 0xE1, 0x80,
    0xD2, 0xF3, 0xD7, 0x34, 0x92, 0x69, 0x03, 0x3F, 0x48, 0x1D, 0xBB, 0x71, 0x07, 0x77, 0x99, 0xB7,
    0xD7, 0x45, 0xFB, 0x34, 0xF7, 0x1C, 0xC6, 0x93, 0xF4, 0x0B, 0xA0, 0xD8, 0xBE, 0xD8, 0xEC, 0xF2,
    0x3C, 0xF1, 0x30, 0x40, 0xDE, 0xA1, 0x3B, 0x1E, 0x33, 0x50, 0xF8, 0x22, 0x85, 0x33, 0x0C, 0x75,
    0x0A, 0x25, 0x27, 0x6C, 0x70, 0xC6, 0x9D, 0x66, 0x3D, 0xE4, 0xFE, 0x54, 0x64, 0x74, 0x78, 0xAA,
    0xBB, 0x5D, 0x68, 0x5F, 0x0F, 0xA7, 0xBA, 0x9B, 0x43, 0x16, 0x65, 0xC3, 0x09, 0x03, 0x14, 0xCE,
    0xD0, 0x7C, 0x1C, 0x0C, 0x85, 0x2F, 0x25, 0xB5, 0x6E, 0xD5, 0xBF, 0xB3, 0x46, 0x0D, 0x20, 0xF9,
    0x6A, 0x47, 0x15, 0xA0, 0x78, 0xF9, 0xE1, 0x16, 0xA0, 0xD9, 0xF9, 0xAB, 0x47, 0x42, 0x60, 0xFB,
    0x6E, 0xFE, 0xCD, 0x95, 0xF9, 0x9B, 0xFE, 0x21, 0xF1, 0x54, 0x66, 0xF7, 0x57, 0x59, 0x3B, 0xD5,
    0x3A, 0x2D, 0x82, 0x6D, 0x82, 0xF9, 0x8D, 0xDF, 0x9D, 0x14, 0x4A, 0x7A, 0x96, 0x3A, 0xAA, 0xA1,
    0x08, 0x45, 0x57, 0xB9, 0x2A, 0xDC, 0x50, 0xAB, 0x51, 0x3E, 0xC2, 0x66, 0x3D, 0xA5, 0x1F, 0x31,
    0x61, 0x4D, 0xDE, 0x2E, 0xD0, 0xB1, 0x84, 0xCE, 0xB0, 0x2B, 0x97, 0x92, 0xAC, 0xF3, 0xF3, 0xF3,
    0x27, 0x40, 0xC9, 0xEB, 0xEB, 0x9D, 0xBB, 0xE7, 0xAE, 0x4A, 0xC1, 0xA6, 0xF0, 0xE0, 0xDC, 0x7D,
    0xBB, 0x46, 0x32, 0x37, 0xB2, 0xD9, 0x22, 0x8D, 0x6C, 0x76, 0x8D, 0x5C, 0xE7, 0xDD, 0xD4, 0x48,
    0xD6, 0x3A, 0xE6, 0x7E, 0x0E, 0x53, 0xCF, 0xA6, 0xD0, 0x49, 0xB8, 0x7E, 0x12, 0x24, 0x34, 0x09,
    0x09, 0x37, 0x37, 0xD2, 0x41, 0xD6, 0xD5, 0x2E, 0x98, 0x90, 0x7B, 0xD9, 0xDE, 0x16, 0xCE, 0xC8,
    0x3E, 0x69, 0xE4, 0x5A, 0x0D, 0xD2, 0xC8, 0xC7, 0x3C, 0xFE, 0x56, 0x8D, 0x7C, 0x6F, 0xB5, 0x7A,
    0x56, 0xA7, 0x14, 0x7F, 0xB6, 0x5A, 0x89, 0x75, 0x96, 0xBC, 0x49, 0xB1, 0x62, 0x7D, 0xC6, 0xE9,
    0x29, 0x67, 0xD3, 0x9C, 0xFE, 0xA3, 0x62, 0x6D, 0x52, 0xCC, 0x92, 0x07, 0xD0, 0xED, 0x1F, 0x82,
    0x34, 0x6D, 0x87, 0x07, 0x1F, 0xFC, 0xF6, 0xFC, 0x0F, 0xED, 0x00, 0x78, 0x30, 0xF5, 0xF8, 0xD6,
    0x36, 0xEE, 0x3A, 0x95, 0x7A, 0xFD, 0x72, 0x54, 0xEE, 0xE2, 0xF0, 0xF4, 0x1C, 0xC8, 0x22, 0x45,
    0xA0, 0x82, 0x41, 0xFA, 0x58, 0x3A, 0x6C, 0x8A, 0x4D, 0x8A, 0xF3, 0x7E, 0x97, 0xA5, 0xA8, 0xFF,
    0x67, 0x84, 0xC3, 0xF5, 0xF7, 0x22, 0xC9, 0xF1, 0xA2, 0x95, 0x5D, 0xC8, 0xBC, 0x9F, 0xC5, 0xE5,
    0x8B, 0xD6, 0x26, 0x27, 0xA7, 0xFE, 0x29, 0x1B, 0xDD, 0x17, 0x6D, 0xE9, 0x4E, 0x91, 0x44, 0x97,
    0x54, 0x8E, 0x35, 0x16, 0xC6, 0x03, 0xD4, 0xC0, 0x92, 0xAC, 0xE7, 0x5A, 0x12, 0x8C, 0xE8, 0x3D,
    0x06, 0xF2, 0x4E, 0xF5, 0x98, 0x36, 0x9B, 0x10, 0x74, 0xC4, 0x0A, 0x1A, 0x9F, 0x47, 0x95, 0x5C,
    0x31, 0x96, 0x9F, 0xBB, 0x22, 0xA5, 0x0A, 0xF3, 0xF9, 0x30, 0xE1, 0xE7, 0xEE, 0xF0, 0xFC, 0x10,
    0x58, 0x0E, 0x58, 0xC0, 0xED, 0xE7, 0x07, 0x77, 0xA7, 0xC3, 0x2B, 0x79, 0xF6, 0x19, 0x41, 0x95,
    0x36, 0x1F, 0x78, 0x9B, 0x36, 0xB9, 0xAF, 0x05, 0x8D, 0x20, 0xFD, 0x1E, 0x34, 0xC7, 0x4B, 0xAC,
    0xA0, 0x12, 0x18, 0x81, 0x12, 0xC0, 0xC9, 0xFF, 0x17, 0x80, 0xF8, 0xDB, 0x50, 0x07, 0xEB, 0xEE,
    0xA0, 0xC3, 0x94, 0x5F, 0x0E, 0xDF, 0xAB, 0xBE, 0xE9, 0x92, 0x03, 0x96, 0xD9, 0xA6, 0x5C, 0x9F,
    0x5D, 0xB0, 0x66, 0xA0, 0x57, 0x51, 0xC5, 0xAC, 0xD3, 0xAD, 0x6E, 0xF3, 0x50, 0x04, 0x00, 0xA4,
    0x31, 0xDF, 0x74, 0xC6, 0xC5, 0x87, 0x7C, 0x72, 0xBA, 0x9F, 0x51, 0xA6, 0x6E, 0xCB, 0x17, 0xBE,
    0xD8, 0x02, 0x28, 0xF7, 0x3D, 0xF2, 0x70, 0x86, 0xEE, 0x2A, 0xB2, 0x58, 0x3A, 0x06, 0x13, 0xE4,
    0x1B, 0xCD, 0x52, 0x1A, 0x9B, 0xF5, 0x6A, 0xCC, 0xA3, 0x8E, 0x65, 0x30, 0xA1, 0xA6, 0x62, 0xE4,
    0x52, 0x47, 0x7E, 0x94, 0x05, 0x6E, 0x8D, 0xD2, 0x53, 0x78, 0x1A, 0x47, 0x49, 0xFE, 0x15, 0x9C,
    0x61, 0x7E, 0x02, 0x03, 0xBC, 0x4F, 0x16, 0x61, 0x41, 0x1E, 0xE6, 0x0F, 0x1D, 0x5C, 0xB0, 0x00,
    0xD6, 0xAC, 0x81, 0x2B, 0xD5, 0x03, 0xBD, 0xEE, 0x4C, 0x20, 0x9A, 0x50, 0x05, 0x15, 0x2B, 0x6A,
    0x9F, 0xC5, 0x4B, 0x95, 0x1C, 0x0C, 0xFA, 0x33, 0xD0, 0xD1, 0x94, 0x50, 0x84, 0xB3, 0xF7, 0xA5,
    0x13, 0x57, 0x27, 0xB0, 0x50, 0xF1, 0x0C, 0x46, 0x9D, 0x52, 0xC8, 0x62, 0x3E, 0x31, 0x6F, 0xE1,
    0x0A, 0xE3, 0xA1, 0xC7, 0x02, 0x11, 0x7E, 0xBF, 0x9B, 0x13, 0xB7, 0xC5, 0xEC, 0x36, 0xDE, 0x72,
    0x6B, 0x67, 0x37, 0x2F, 0x6E, 0xF6, 0xB6, 0xDB, 0x5D, 0x27, 0x6E, 0x4D, 0x4F, 0x34, 0xBF, 0x7C,
    0x39, 0x8A, 0x9B, 0x3B, 0x9B, 0xDC, 0xE0, 0x0C, 0x06, 0x38, 0x9D, 0xF7, 0xAF, 0xE5, 0x6C, 0x59,
    0xC4, 0x38, 0x8A, 0xC0, 0x02, 0x2A, 0x64, 0xFF, 0x88, 0x8A, 0xE8, 0x0E, 0xDD, 0x62, 0xBC, 0x4C,
    0x9B, 0x62, 0x05, 0x75, 0x3A, 0xC8, 0xDD, 0x75, 0xC7, 0xFF, 0xE3, 0x3F, 0x44, 0x7F, 0x39, 0xC2,
    0x25, 0xFB, 0xCC, 0x12, 0x74, 0x04, 0x2E, 0x24, 0x25, 0xF7, 0x7A, 0x4A, 0x07, 0xC9, 0xB3, 0x00,
    0x5E, 0xB4, 0xB3, 0x9E, 0xDC, 0x6A, 0xE6, 0xE6, 0xB5, 0x73, 0x30, 0xDE, 0x72, 0x3F, 0x8B, 0x15,
    0x0D, 0x8B, 0x17, 0xED, 0x85, 0xDA, 0x62, 0x93, 0xEB, 0xF3, 0x0D, 0xEA, 0x91, 0xEE, 0xCC, 0x29,
    0x73, 0x0B, 0x2F, 0x80, 0x92, 0xFE, 0xA9, 0x54, 0xC8, 0xBA, 0x2B, 0x60, 0xC8, 0x43, 0x0F, 0x59,
    0x34, 0x29, 0x41, 0x1E, 0x4A, 0x09, 0xC6, 0x91, 0x75, 0xB0, 0x40, 0xE4, 0x59, 0x4B, 0x78, 0xAD,
    0xA1, 0xD8, 0x00, 0xB5, 0x44, 0xE0, 0x0E, 0xC7, 0x81, 0x94, 0x10, 0xBF, 0xFD, 0x53, 0xAF, 0x6C,
    0x91, 0xCE, 0xEB, 0x11, 0x4C, 0x84, 0x6A, 0xBF, 0xE3, 0x12, 0xB8, 0xDE, 0xAF, 0x1B, 0x24, 0xD3,
    0x92, 0x2A, 0x25, 0x8A, 0x34, 0xC0, 0x39, 0x80, 0x7A, 0x2E, 0x1C, 0xD9, 0x5F, 0x84, 0x85, 0xD9,
    0x0C, 0xB4, 0xE7, 0xF6, 0xB0, 0x30, 0x97, 0x80, 0xE4, 0x40, 0x27, 0x0F, 0xF9, 0xE7, 0x1E, 0xCC,
    0x67, 0x01, 0xCA, 0x7F, 0x09, 0x60, 0xA5, 0x89, 0x4B, 0xC1, 0x58, 0xB4, 0x64, 0x7D, 0xDE, 0xA2,
    0x63, 0xDE, 0x51, 0xB4, 0xBA, 0x9B, 0x9F, 0x20, 0x52, 0x3A, 0x52, 0x0B, 0xB6, 0xAB, 0x8F, 0xA3,
    0x1A, 0xC9, 0x7A, 0x1D, 0xE5, 0xCA, 0x0E, 0x35, 0x98, 0x30, 0x41, 0xC4, 0x47, 0xCB, 0x84, 0x1B,
    0x01, 0xC0, 0x7B, 0xB0, 0xB7, 0x47, 0x8D, 0x42, 0x1D, 0x85, 0xC6, 0x0B, 0x4F, 0x78, 0x75, 0x58,
    0x8E, 0xA2, 0x24, 0xA1, 0xA8, 0xEE, 0x5D, 0x67, 0xD9, 0xBD, 0xED, 0xAC, 0xBB, 0xF7, 0x9D, 0x85,
    0x77, 0xC6, 0x3B, 0xE5, 0x9D, 0xF3, 0x4E, 0x7A, 0x67, 0x4D, 0x2D, 0x9C, 0xBD, 0x99, 0xC5, 0x99,
    0xCD, 0x99, 0xD5, 0x99, 0xDD, 0x99, 0xE5, 0xB1, 0x08, 0x8F, 0xFA, 0xF7, 0x3C, 0x50, 0x75, 0x40,
    0x1D, 0x41, 0x0D, 0x03, 0xE4, 0xED, 0x19, 0x3C, 0xE4, 0xE1, 0x1B, 0xD1, 0xDF, 0x47, 0x78, 0xD0,
    0x5B, 0x1D, 0xC0, 0xA4, 0xAF, 0x3C, 0x94, 0x79, 0x02, 0xFE, 0x94, 0xAB, 0x37, 0xBD, 0xB3, 0xEE,
    0x8E, 0xE4, 0xB4, 0x7B, 0x64, 0xED, 0x09, 0x00, 0x6F, 0x44, 0x53, 0x01, 0xB0, 0x2D, 0xF0, 0xB2,
    0x07, 0xD5, 0x9D, 0x82, 0x6A, 0x27, 0x10, 0x9F, 0x02, 0x4D, 0x04, 0x7E, 0xE0, 0xDF, 0x08, 0xD3,
    0x2C, 0xA5, 0x34, 0x00, 0xC5, 0x3E, 0x9A, 0x29, 0xF6, 0x80, 0xFD, 0x71, 0x00, 0x60, 0x69, 0x76,
    0x71, 0x2C, 0x3D, 0x40, 0xD6, 0x57, 0x0E, 0x20, 0x8F, 0x16, 0x00, 0x13, 0x76, 0xB1, 0xF2, 0x4B,
    0x00, 0x6A, 0x9A, 0xD5, 0x0A, 0xD8, 0xD0, 0xA4, 0x04, 0xD9, 0x40, 0x4A, 0x5B, 0xD0, 0x91, 0x11,
    0xC0, 0xEC, 0x8A, 0x50, 0xEE, 0x8A, 0x60, 0x57, 0x1F, 0xCF, 0x71, 0x2B, 0x57, 0x80, 0x1A, 0x77,
    0x51, 0xCF, 0x77, 0x1F, 0x0A, 0x39, 0x1D, 0x50, 0x06, 0xCC, 0x97, 0xAB, 0x67, 0x58, 0x27, 0x19,
    0x22, 0x0D, 0xBB, 0xB8, 0x1F, 0x55, 0x6A, 0xE5, 0x1C, 0x23, 0xE5, 0x76, 0x4A, 0x57, 0xB7, 0xDC,
    0x67, 0x0B, 0xE8, 0x61, 0x16, 0x05, 0xCC, 0x3E, 0x89, 0x78, 0x02, 0x96, 0x03, 0x6A, 0xC1, 0xCD,
    0xEB, 0xA0, 0xE6, 0x78, 0x5D, 0x00, 0xCA, 0xD9, 0x66, 0x7B, 0x7E, 0x25, 0x75, 0x06, 0xA8, 0xD3,
    0x17, 0xA0, 0xFF, 0x03, 0xD0, 0x1E, 0x30, 0xDD, 0xF1, 0x8D, 0x71, 0x10, 0xF4, 0x40, 0x13, 0x05,
    0x0E, 0xE0, 0xA7, 0xC7, 0x8C, 0xD5, 0xF1, 0xC9, 0xA5, 0x03, 0xA0, 0x3A, 0x6E, 0x8D, 0xC3, 0xAB,
    0x58, 0xD8, 0x61, 0x09, 0x70, 0x7D, 0xFB, 0xD5, 0x6B, 0x07, 0x35, 0x1C, 0xDE, 0x25, 0xF5, 0x76,
    0xF5, 0x1C, 0x2D, 0xAD, 0x14, 0xEC, 0x5B, 0xD6, 0xBE, 0xFA, 0x52, 0xF4, 0xFA, 0x0F, 0xB3, 0xD5,
    0x6A, 0x7E, 0xF5, 0x0C, 0x72, 0x8F, 0x3C, 0xC0, 0x1F, 0x09, 0xAD, 0xE0, 0xE6, 0x50, 0x40, 0xCF,
    0xC9, 0xDC, 0x1B, 0xE1, 0x97, 0x3D, 0x03, 0x8A, 0x1E, 0xA8, 0x46, 0xA9, 0x79, 0x06, 0x59, 0x2C,
    0x21, 0xF7, 0xB9, 0x7B, 0x13, 0xFC, 0xEE, 0x2B, 0x60, 0x30, 0x1E, 0x35, 0xC8, 0xF5, 0xD1, 0x00,
    0xC0, 0x1B, 0xA0, 0x76, 0xEF, 0x17, 0xA0, 0x23, 0xA8, 0x7E, 0x5F, 0xE1, 0x0C, 0xF8, 0x93, 0xDB,
    0x5E, 0xA2, 0xD5, 0x92, 0xFD, 0x6E, 0x57, 0x57, 0xC7, 0xDD, 0x92, 0x7A, 0x79, 0x0B, 0x45, 0x00,
    0xB3, 0x5F, 0x52, 0x4F, 0x2A, 0x59, 0x8E, 0x8B, 0xE5, 0xFE, 0x1C, 0xE3, 0x7E, 0x0D, 0x90, 0x0D,
    0x50, 0x27, 0x4F, 0x93, 0x02, 0xC0, 0x47, 0x90, 0x8D, 0x90, 0xC7, 0x5D, 0x92, 0x05, 0xF0, 0xF4,
    0x3B, 0xAC, 0xFF, 0x0E, 0xD0, 0x78, 0x54, 0x0A, 0xE4, 0xBF, 0xE9, 0x28, 0x5D, 0xCF, 0x53, 0x9E,
    0x7E, 0x67, 0xF5, 0x15, 0xF7, 0x31, 0x61, 0x9C, 0x57, 0xE1, 0x3E, 0x01, 0xBE, 0xBB, 0xB3, 0x57,
    0xE9, 0x39, 0x60, 0x53, 0x72, 0x33, 0x3B, 0xD9, 0x51, 0x0E, 0xB2, 0x27, 0x1B, 0x85, 0x6C, 0x61,
    0x84, 0x7A, 0xA6, 0x45, 0x0D, 0xC2, 0xAC, 0x17, 0xEA, 0x28, 0xAC, 0xD3, 0x88, 0xA5, 0x99, 0xF9,
    0x4F, 0x5F, 0x3E, 0xA7, 0xA6, 0x68, 0xE1, 0x66, 0x16, 0x1A, 0x85, 0xD9, 0x28, 0x62, 0x79, 0x4F,
    0xE9, 0x30, 0x9D, 0x08, 0xD6, 0x01, 0xCB, 0xBD, 0x04, 0x76, 0xD5, 0xCC, 0x2E, 0xA9, 0x85, 0x26,
    0x7D, 0x01, 0x00, 0x8F, 0x94, 0x83, 0x7C, 0xB3, 0xFF, 0xA9, 0xE1, 0xE0, 0xA4, 0xD8, 0x02, 0xEF,
    0x2A, 0x11, 0xBD, 0x35, 0x2A, 0x0F, 0x03, 0x36, 0xA0, 0x7A, 0x6C, 0x2B, 0x4E, 0x75, 0x14, 0xA7,
    0x66, 0xE6, 0x66, 0x40, 0x77, 0x0C, 0xA3, 0x34, 0x69, 0x58, 0x53, 0x04, 0xD5, 0x2F, 0x31, 0x21,
    0x8B, 0x76, 0xA2, 0x8E, 0x95, 0x2B, 0xBD, 0x8E, 0xC6, 0x57, 0x4E, 0x5E, 0x77, 0x2A, 0xF2, 0x36,
    0x6F, 0x2D, 0x45, 0xD0, 0x71, 0x31, 0x5F, 0xB5, 0xC4, 0x78, 0x35, 0x5C, 0x8B, 0xF9, 0xB8, 0x16,
    0xE7, 0xEB, 0x91, 0x0A, 0x16, 0x03, 0x16, 0x6C, 0xCF, 0x02, 0xCA, 0xC8, 0x25, 0x98, 0xC8, 0x1A,
    0x8A, 0x78, 0xF8, 0x0D, 0x47, 0xDE, 0x01, 0x62, 0x00, 0x30, 0xCC, 0xBC, 0x98, 0xF9, 0x43, 0x5E,
    0x19, 0xF5, 0x56, 0x0E, 0x3A, 0xF7, 0xBC, 0x7A, 0xF9, 0x64, 0x84, 0xC6, 0xAB, 0x2D, 0x6A, 0x03,
    0x35, 0x5A, 0x3A, 0xEC, 0x8A, 0x4E, 0x8E, 0x39, 0xDF, 0xDA, 0x20, 0xC7, 0x35, 0xC1, 0xBA, 0x99,
    0x08, 0x6B, 0xE4, 0xF3, 0xE5, 0xCC, 0x1B, 0xE4, 0x4A, 0xA1, 0x75, 0xC2, 0x1A, 0x61, 0x43, 0x0D,
    0x6C, 0xB0, 0xA0, 0x47, 0x6C, 0x10, 0xCF, 0xB2, 0x93, 0x6E, 0x15, 0xDB, 0x7F, 0x48, 0x9E, 0x2C,
    0xA5, 0xCD, 0xFE, 0x3B, 0x06, 0x3C, 0x16, 0x80, 0xFA, 0x48, 0x28, 0x02, 0x60, 0x5A, 0x61, 0xE5,
    0x84, 0x97, 0x02, 0xE2, 0x5B, 0x72, 0x8A, 0xBF, 0x98, 0x99, 0x04, 0x59, 0xF2, 0x40, 0xF1, 0x5F,
    0x2D, 0x60, 0xB3, 0x08, 0x5C, 0xF1, 0xC9, 0x5B, 0x71, 0x0A, 0xE5, 0xEE, 0x01, 0xE5, 0x60, 0x00,
    0x9B, 0xAE, 0xC5, 0xBC, 0x1A, 0x81, 0x67, 0xD9, 0xB3, 0xB7, 0xC3, 0x9F, 0xFB, 0x80, 0xF1, 0x03,
    0x50, 0xFE, 0x5C, 0x68, 0x88, 0x00, 0xF0, 0x56, 0xF8, 0xC3, 0x1F, 0xC3, 0x8F, 0x2C, 0x5C, 0x97,
    0x21, 0x1B, 0xF2, 0x58, 0x74, 0x6A, 0xAC, 0xFC, 0x24, 0x0B, 0xE5, 0xB0, 0x7F, 0x87, 0x1E, 0xE1,
    0xA6, 0x26, 0x1B, 0xCA, 0x50, 0x74, 0x79, 0xAC, 0xBC, 0x1A, 0xDF, 0x87, 0x8B, 0x3B, 0x70, 0x9F,
    0xE3, 0xE0, 0x19, 0x94, 0x69, 0x6A, 0x80, 0x4A, 0xE9, 0x9B, 0x48, 0xB1, 0xFD, 0x30, 0x05, 0xAA,
    0x8E, 0xDA, 0x53, 0x3B, 0x9A, 0xC0, 0x06, 0x95, 0xDA, 0x6C, 0x40, 0x7F, 0xD3, 0xE9, 0x88, 0xF9,
    0xD5, 0x54, 0x09, 0xFB, 0x77, 0xD1, 0xB4, 0xDC, 0xE8, 0x68, 0x82, 0x1A, 0x74, 0x2C, 0x83, 0x8E,
    0x79, 0x2C, 0xBD, 0x09, 0x52, 0x45, 0xFA, 0x21, 0x67, 0x34, 0x6D, 0x35, 0xA5, 0x35, 0xA1, 0xFA,
    0xE7, 0x48, 0x15, 0xCA, 0xCF, 0x02, 0xD6, 0x99, 0xE4, 0x48, 0x98, 0x0D, 0xD9, 0x48, 0x3E, 0x52,
    0xF4, 0xE8, 0xF4, 0xAF, 0x4D, 0x87, 0x49, 0x29, 0x39, 0xEC, 0xDF, 0xA7, 0x1E, 0x7E, 0xC8, 0x03,
    0x38, 0x8E, 0x77, 0x9C, 0xD0, 0x04, 0x61, 0xD1, 0xDE, 0x7A, 0x7E, 0xF5, 0x33, 0x9F, 0x02, 0xB7,
    0xC7, 0x08, 0xC6, 0x0B, 0x4B, 0xAF, 0x06, 0xA8, 0x5C, 0xD6, 0x4F, 0x9C, 0xF7, 0xD8, 0x3D, 0xF3,
    0x0E, 0x96, 0x33, 0xAF, 0xE7, 0x8C, 0x23, 0x26, 0x1C, 0x38, 0x50, 0x7A, 0xD4, 0x40, 0xE5, 0xC8,
    0x7A, 0x2A, 0x64, 0x8B, 0xDD, 0x53, 0xB6, 0x2C, 0x45, 0x42, 0x68, 0x82, 0xB0, 0x0C, 0x58, 0xB0,
    0x0E, 0xEB, 0x49, 0x50, 0x7E, 0xFD, 0xE1, 0x08, 0x45, 0x4A, 0x11, 0x69, 0xA7, 0x03, 0x94, 0xE0,
    0xF0, 0x0B, 0x10, 0xD3, 0x09, 0x2B, 0x2F, 0x5C, 0x0A, 0x18, 0x04, 0x59, 0xFB, 0x96, 0x9C, 0xE2,
    0x23, 0x41, 0xB6, 0x11, 0x16, 0x49, 0x58, 0xFD, 0xD8, 0x03, 0xD7, 0x79, 0x0B, 0xAA, 0x53, 0xDD,
    0x5B, 0x71, 0x8A, 0x3B, 0x48, 0xB4, 0x3A, 0x1E, 0x79, 0x72, 0xBC, 0x01, 0x6F, 0x83, 0xFF, 0xEE,
    0x65, 0x22, 0x32, 0x6F, 0x01, 0x0B, 0x30, 0xBE, 0xF6, 0x2E, 0xB6, 0x16, 0xED, 0x6B, 0xB0, 0x2C,
    0x61, 0x83, 0x45, 0x8D, 0x3B, 0xEB, 0xCA, 0x99, 0x96, 0xD2, 0x97, 0x1E, 0x13, 0x2C, 0x13, 0x36,
    0x50, 0x7C, 0x3A, 0x40, 0xFE, 0xEB, 0x08, 0xFA, 0x7F, 0x5B, 0xC8, 0x92, 0x97, 0xA2, 0x20, 0x3B,
    0x5F, 0xFF, 0x65, 0x1F, 0x8F, 0xE8, 0xE0, 0xD5, 0x5F, 0xF6, 0x54, 0x02, 0x7B, 0xC4, 0x52, 0xD0,
    0xAC, 0xDC, 0x84, 0x34, 0x40, 0x4A, 0x09, 0x46, 0x1A, 0x27, 0x8D, 0x09, 0xFB, 0x7F, 0x98, 0x3F,
    0xA2, 0xA3, 0x0C, 0x79, 0x47, 0xE5, 0x8B, 0x96, 0x1A, 0x13, 0xB2, 0x2D, 0xE6, 0xCB, 0x34, 0x50,
    0xA6, 0xD4, 0x4E, 0x78, 0x0E, 0x95, 0x7B, 0x3D, 0xFB, 0xB5, 0x00, 0x50, 0xE7, 0xC2, 0x2A, 0x75,
    0x40, 0x92, 0x62, 0xD9, 0x46, 0x8D, 0xB3, 0xEA, 0xB5, 0x18, 0x0A, 0x4D, 0x60, 0x14, 0x66, 0x83,
    0xB4, 0xC7, 0x74, 0x92, 0xB0, 0xF6, 0x60, 0xD5, 0xE6, 0xF8, 0x6D, 0x58, 0xE4, 0x2D, 0x70, 0x39,
    0xF3, 0x5A, 0xF7, 0xC0, 0x98, 0x6D, 0x84, 0x34, 0xF3, 0xFD, 0x2C, 0x5B, 0x54, 0x4F, 0x7E, 0xF8,
    0xC3, 0xB0, 0xCC, 0x7E, 0x66, 0x24, 0xEF, 0xE4, 0xF3, 0xE2, 0xD7, 0x6D, 0xD5, 0x62, 0x7E, 0x99,
    0x92, 0xC7, 0x7C, 0x9A, 0x36, 0x52, 0xF0, 0xAE, 0x93, 0x82, 0xAF, 0xFE, 0x6D, 0x75, 0x29, 0xF8,
    0xF3, 0x51, 0x68, 0xFB, 0x99, 0xAD, 0x10, 0xF5, 0x5C, 0x30, 0x02, 0xAC, 0x11, 0x25, 0x81, 0x71,
    0x40, 0xEE, 0xB9, 0x35, 0x8A, 0xAD, 0x0E, 0xD8, 0xF4, 0xAB, 0x40, 0xFA, 0xE0, 0xAB, 0xA0, 0x07,
    0x92, 0x2F, 0x22, 0xB5, 0x33, 0x01, 0x2B, 0xE5, 0x2C, 0xD6, 0x09, 0x60, 0x29, 0xB8, 0x66, 0x09,
    0xE3, 0x04, 0x25, 0xD0, 0xC3, 0x84, 0xA2, 0xC7, 0x52, 0x4D, 0xF8, 0x74, 0x1B, 0x29, 0xD3, 0x7F,
    0x47, 0xF2, 0xF4, 0xB7, 0x1D, 0xDC, 0x07, 0x80, 0xF7, 0x04, 0x5B, 0x20, 0x1B, 0x0E, 0xB7, 0xDA,
    0x78, 0xE0, 0x84, 0xEF, 0x4E, 0xE3, 0xFF, 0x00, 0xBC, 0xD6, 0x01, 0xA4, 0x25, 0xD7, 0x1D, 0xC7,
    0xF1, 0xCF, 0xDC, 0x49, 0x76, 0xC8, 0x60, 0x16, 0x0B, 0x52, 0x7D, 0x03, 0x2D, 0x44, 0xD3, 0x01,
    0x28, 0x76, 0x77, 0xCE, 0x6E, 0x00, 0x90, 0x07, 0xB5, 0x80, 0x05, 0xA0, 0xD4, 0x42, 0xB1, 0xC8,
    0xDE, 0x3B, 0x09, 0x14, 0x60, 0xA1, 0x00, 0x1A, 0x14, 0x29, 0x58, 0x58, 0x04, 0xFB, 0xF2, 0x4E,
    0x0A, 0x41, 0xD1, 0xA1, 0x0A, 0xC0, 0x68, 0x02, 0xC0, 0x9B, 0xEA, 0x54, 0xA6, 0xE9, 0xDC, 0x7B,
    0xFA, 0xC6, 0xE5, 0xD6, 0x12, 0xD0, 0xD8, 0xF7, 0x33, 0xE7, 0x0B, 0x66, 0xFE, 0xBF, 0xDF, 0x3D,
    0xF7, 0x9C, 0xBF, 0x3F, 0xEF, 0x74, 0x68, 0x7A, 0x5C, 0x8E, 0x6C, 0xA6, 0x99, 0x32, 0x7E, 0xC4,
    0x99, 0x33, 0x9C, 0x54, 0x1E, 0xF2, 0xA8, 0x4D, 0x5F, 0x45, 0xE9, 0xD1, 0x55, 0xCC, 0x67, 0xA9,
    0x2B, 0x47, 0xBB, 0x50, 0x45, 0xAD, 0xBA, 0xD3, 0x6A, 0xC3, 0x0A, 0xB6, 0x2B, 0x2E, 0x6C, 0x59,
    0x6C, 0x65, 0x2B, 0xF2, 0xD9, 0x56, 0x39, 0x69, 0x35, 0xD7, 0xF8, 0xF2, 0x30, 0xAA, 0xD3, 0xDF,
    0x47, 0x45, 0x7A, 0x38, 0x70, 0x1B, 0x9C, 0x67, 0x9D, 0x62, 0xF5, 0xA8, 0xD2, 0x55, 0xE7, 0xAC,
    0x4C, 0xFC, 0xCC, 0xE7, 0x37, 0x99, 0x20, 0xBC, 0x45, 0x3E, 0xDC, 0xA7, 0x18, 0xB6, 0xE4, 0xF1,
    0x2E, 0xB8, 0xC9, 0x04, 0x60, 0xD7, 0xE3, 0xBB, 0x91, 0xAC, 0x7F, 0xCA, 0x26, 0xFE, 0x82, 0x6C,
    0x78, 0x89, 0x34, 0xA2, 0xE9, 0x6E, 0x3C, 0x90, 0x72, 0x5F, 0x96, 0x07, 0x76, 0xE9, 0xC3, 0x5D,
    0x8A, 0xAB, 0xD3, 0xFE, 0x71, 0x9F, 0xCF, 0x59, 0x1A, 0x8A, 0xA1, 0x1C, 0xA5, 0xAE, 0x18, 0xAA,
    0x28, 0x29, 0xFB, 0xBA, 0xB3, 0x57, 0xC7, 0x36, 0x58, 0x6E, 0x25, 0x2D, 0x29, 0x2D, 0x5A, 0x59,
    0x4A, 0xCF, 0x6D, 0x6D, 0xFE, 0xCD, 0x6A, 0x3B, 0xB1, 0x1A, 0xCF, 0xD8, 0xAA, 0x17, 0xB4, 0x76,
    0x7B, 0xB4, 0x9F, 0x7C, 0x9B, 0xBA, 0x5F, 0xAB, 0xD3, 0x57, 0x57, 0x69, 0xAF, 0x38, 0x14, 0xBF,
    0x4D, 0x13, 0xE7, 0xDC, 0x01, 0x14, 0x69, 0xD0, 0xA6, 0x51, 0xFA, 0xDD, 0xA7, 0xF9, 0x4C, 0x39,
    0x52, 0x45, 0x9A, 0x8E, 0xD6, 0x71, 0xED, 0xB0, 0x3D, 0x2D, 0x5A, 0xB4, 0x81, 0x7A, 0xF8, 0x91,
    0x32, 0x25, 0x59, 0xDA, 0x73, 0x2F, 0xF0, 0x14, 0x7B, 0x34, 0x81, 0x2A, 0x50, 0x07, 0xE5, 0x81,
    0x6A, 0xC2, 0xAD, 0xE7, 0xE4, 0x23, 0x9B, 0x09, 0x0B, 0xEE, 0xE1, 0xCC, 0x49, 0x65, 0xEA, 0x8E,
    0x39, 0x1E, 0x4D, 0xF9, 0x9C, 0xCD, 0xE5, 0x90, 0xCD, 0x55, 0xDC, 0x4C, 0x75, 0x57, 0x8C, 0xED,
    0x83, 0xCB, 0xBE, 0x4D, 0x49, 0x9B, 0xBE, 0xB1, 0x0D, 0xDF, 0x9B, 0x23, 0x94, 0x29, 0x85, 0x35,
    0x87, 0xB7, 0xC1, 0x67, 0xE4, 0x33, 0xE5, 0x40, 0xDD, 0x71, 0x1F, 0x2F, 0xDF, 0x90, 0xD7, 0x7B,
    0xB8, 0x0C, 0x36, 0x29, 0x2A, 0xFF, 0x3A, 0x68, 0x1E, 0x4C, 0x9E, 0x7A, 0xFA, 0x46, 0xBC, 0x32,
    0xB7, 0x55, 0x71, 0x39, 0xAE, 0x30, 0xC1, 0x9B, 0xF0, 0xC9, 0x3E, 0x95, 0xCD, 0x2C, 0xDC, 0xA7,
    0xA6, 0x08, 0x80, 0x67, 0x5C, 0xB0, 0xB0, 0x30, 0xCB, 0x66, 0x9B, 0x49, 0x3E, 0xAE, 0x4F, 0x31,
    0x28, 0x7A, 0x65, 0xAF, 0x8A, 0xEB, 0x53, 0x77, 0x9A, 0xA0, 0xA1, 0x85, 0x5F, 0xB1, 0x97, 0x4F,
    0xCA, 0x5E, 0x1D, 0xDC, 0xF5, 0x83, 0xAA, 0xBD, 0x13, 0xB4, 0xD1, 0xE5, 0xB0, 0xF9, 0xD7, 0x54,
    0xC5, 0x57, 0x3F, 0xF7, 0xFE, 0x0F, 0xAA, 0x16, 0xDE, 0xCA, 0x87, 0x7B, 0xC5, 0xB0, 0x3D, 0x75,
    0xA6, 0xFF, 0xBF, 0x14, 0xF0, 0x79, 0x11, 0x39, 0x34, 0x91, 0xF6, 0x80, 0x66, 0x24, 0x4B, 0x13,
    0xE5, 0xB4, 0x50, 0x84, 0x67, 0xD0, 0x42, 0xC3, 0xAD, 0xCF, 0x6A, 0x76, 0xE9, 0xF7, 0x61, 0x93,
    0x5E, 0x5C, 0x85, 0x72, 0xCA, 0x52, 0xA8, 0xA2, 0xCB, 0xD0, 0x04, 0x3B, 0x2D, 0xAD, 0xED, 0x11,
    0xB6, 0x2E, 0xB8, 0x38, 0xA6, 0xDA, 0xDA, 0xCC, 0x5A, 0xC5, 0xA8, 0xE9, 0x9F, 0x44, 0x55, 0x4A,
    0xC1, 0x26, 0xCD, 0x78, 0x1B, 0xDC, 0xF1, 0x13, 0x52, 0xF7, 0xD2, 0x26, 0xFD, 0x67, 0x94, 0x7F,
    0x99, 0xA2, 0x22, 0xBC, 0x0B, 0xE0, 0x9C, 0x8F, 0xAA, 0x03, 0xAF, 0x76, 0x29, 0xDA, 0xEF, 0x9F,
    0xF4, 0x52, 0x5F, 0xF5, 0x59, 0x52, 0x0E, 0x9B, 0xBD, 0xB2, 0xCF, 0x17, 0x55, 0x9F, 0x4F, 0xAA,
    0x98, 0x8F, 0xEA, 0xB8, 0xDA, 0x74, 0xE5, 0xA0, 0x09, 0x55, 0xAF, 0x55, 0xC5, 0x23, 0x76, 0xEA,
    0xCE, 0x17, 0x9A, 0x60, 0xAF, 0x0D, 0x16, 0x2D, 0x0B, 0x9B, 0xE7, 0xC8, 0x47, 0x64, 0x33, 0xBC,
    0x82, 0xFB, 0x50, 0x3A, 0x09, 0x45, 0xEA, 0xD8, 0xA5, 0x51, 0x96, 0x1E, 0x2D, 0xF2, 0xD9, 0x17,
    0xCA, 0xC1, 0xB1, 0xBC, 0xE6, 0xD8, 0x5E, 0x57, 0xBC, 0xBE, 0x07, 0xDB, 0x53, 0xB7, 0x6D, 0xAD,
    0x7B, 0x10, 0x8A, 0x51, 0xFD, 0xCD, 0x93, 0xDE, 0x7A, 0x78, 0x65, 0x69, 0x46, 0x06, 0xFC, 0x11,
    0x9B, 0xE5, 0x18, 0x86, 0x2A, 0xA2, 0x85, 0xA7, 0x37, 0x1A, 0xE3, 0x5D, 0xD8, 0x75, 0x64, 0xA9,
    0xA7, 0xF8, 0x7A, 0xA4, 0xEE, 0x66, 0xEE, 0xB9, 0x7B, 0x83, 0x31, 0xB2, 0xF3, 0x4D, 0x50, 0x2D,
    0x65, 0xD0, 0xA4, 0x17, 0xDC, 0xAD, 0xF7, 0xFC, 0x26, 0xFB, 0xC3, 0x4D, 0x26, 0x70, 0x9B, 0x32,
    0xBE, 0xB2, 0x76, 0x2E, 0xCA, 0xEE, 0x25, 0xB8, 0xC9, 0x04, 0x01, 0xC5, 0x88, 0xF2, 0x84, 0xAC,
    0x73, 0x12, 0x97, 0x29, 0xA5, 0x23, 0x7E, 0x79, 0xAD, 0xD7, 0xA2, 0x0D, 0xAF, 0x7D, 0x96, 0xF7,
    0x4E, 0x12, 0x65, 0xE9, 0xEB, 0x41, 0x95, 0x52, 0xB4, 0xFB, 0x5B, 0x0A, 0xF6, 0x76, 0xDD, 0x66,
    0xCA, 0x52, 0xCC, 0xC7, 0xFC, 0x2A, 0x96, 0x7D, 0xF5, 0xE7, 0x58, 0xC5, 0xA6, 0xBC, 0xC6, 0xB3,
    0x2A, 0x56, 0x1F, 0xCF, 0x55, 0xAC, 0x3F, 0x18, 0xAA, 0xAE, 0xFE, 0x30, 0xD6, 0xA1, 0x7E, 0xA1,
    0x55, 0xED, 0x5D, 0xA8, 0xE6, 0x6C, 0x51, 0xCC, 0xE5, 0x78, 0xAC, 0xD4, 0xEC, 0x0E, 0xFC, 0x58,
    0x00, 0x38, 0xFE, 0x59, 0x0B, 0x9C, 0x1A, 0x88, 0x2A, 0x20, 0xEF, 0x9C, 0x24, 0x9B, 0x94, 0xD7,
    0xBE, 0xAA, 0x13, 0xEA, 0xAE, 0x18, 0xD4, 0xA1, 0xEC, 0x35, 0xA7, 0xAB, 0xDB, 0xAA, 0x3B, 0x5B,
    0x75, 0x70, 0xA1, 0x39, 0x5E, 0xDD, 0x6C, 0x45, 0x3E, 0x6B, 0x9D, 0x46, 0x97, 0x8F, 0xBF, 0x3B,
    0x8E, 0x2E, 0xCA, 0xF4, 0xC1, 0xC0, 0x39, 0xF0, 0x1E, 0x5C, 0x22, 0xFB, 0xDF, 0xDD, 0xEA, 0x70,
    0xE6, 0x26, 0x63, 0xDC, 0xEA, 0xD0, 0x0C, 0xD8, 0x8D, 0x64, 0xF3, 0x4C, 0xD1, 0xDF, 0xE3, 0xCC,
    0xD9, 0x0D, 0xC6, 0x38, 0xCE, 0xB6, 0x63, 0x7B, 0x84, 0x4D, 0xFF, 0x3E, 0xB8, 0xB9, 0x04, 0xA7,
    0x83, 0x91, 0x4F, 0x50, 0xF5, 0xD0, 0x84, 0xD3, 0x29, 0x31, 0x7A, 0x5D, 0x75, 0xA7, 0x8A, 0xAA,
    0x4E, 0x13, 0x8E, 0xC6, 0x2B, 0xF7, 0x2B, 0xB3, 0xC5, 0x31, 0xAA, 0xA2, 0x2F, 0x06, 0xD6, 0xE9,
    0x93, 0x7C, 0xA8, 0xBB, 0xE3, 0xAF, 0x5B, 0xB9, 0xC5, 0x66, 0x5C, 0x56, 0xFE, 0x63, 0x42, 0xF6,
    0xCF, 0x71, 0xE5, 0xB7, 0x3D, 0xA4, 0x68, 0x65, 0x80, 0x03, 0x58, 0x20, 0x9B, 0x59, 0xBF, 0x85,
    0x72, 0x80, 0x3A, 0xE2, 0xA7, 0x97, 0xD0, 0xEE, 0xAD, 0x1C, 0x80, 0xF3, 0xE3, 0x8B, 0x2B, 0x4E,
    0x77, 0xAE, 0x5F, 0x11, 0x51, 0x9D, 0x50, 0x7F, 0x92, 0x82, 0xE6, 0x71, 0xEA, 0xB5, 0xDB, 0xC7,
    0xA3, 0x76, 0xCC, 0x27, 0x6D, 0xCC, 0x66, 0xBB, 0x70, 0x8D, 0x4B, 0xD7, 0xD8, 0xAF, 0x58, 0x6C,
    0xA6, 0x6C, 0x96, 0x4F, 0xD9, 0x24, 0x1F, 0x37, 0x93, 0x62, 0x7D, 0xB3, 0xEA, 0xAF, 0x51, 0xC7,
    0x62, 0xB1, 0x0B, 0xE5, 0xD5, 0xC3, 0x83, 0xF2, 0x2F, 0x69, 0x56, 0xFD, 0x29, 0xF5, 0xAA, 0x78,
    0x87, 0xBA, 0x43, 0x13, 0xD0, 0x3A, 0x82, 0xFB, 0xA7, 0x0D, 0xBD, 0xE0, 0xD4, 0xCD, 0xD4, 0x0F,
    0x26, 0x34, 0x0F, 0x57, 0x9E, 0x65, 0x83, 0xEF, 0xD1, 0x7F, 0x37, 0x88, 0xC3, 0x1B, 0x00, 0xCD,
    0x99, 0x47, 0x94, 0xE3, 0x58, 0x15, 0x86, 0x7F, 0x49, 0xD3, 0xAD, 0x43, 0x6B, 0xE1, 0x21, 0x67,
    0x44, 0xCE, 0xE0, 0xFD, 0x99, 0x20, 0x0D, 0xEC, 0x0F, 0x39, 0xC7, 0x15, 0x39, 0xE7, 0xD0, 0x65,
    0x6B, 0xC7, 0x8E, 0x0C, 0x6B, 0x72, 0xF0, 0x2C, 0xC9, 0x50, 0x6E, 0x8B, 0x9C, 0x41, 0xE4, 0x25,
    0x26, 0x67, 0xD0, 0x80, 0xCF, 0x41, 0x3D, 0x47, 0xE5, 0xC7, 0xFD, 0xCE, 0x75, 0x98, 0x6A, 0x77,
    0x91, 0x6B, 0xC6, 0xAF, 0x4A, 0xBF, 0xFA, 0xA8, 0xE5, 0x7B, 0xFF, 0xFB, 0x3D, 0xE9, 0x3E, 0xC9,
    0x25, 0xC5, 0x93, 0x8F, 0x4A, 0x69, 0x58, 0x22, 0x47, 0xBA, 0xE9, 0x28, 0x90, 0x59, 0x69, 0x12,
    0x4C, 0x92, 0x50, 0x49, 0xE9, 0x4F, 0x4D, 0x06, 0xDF, 0xAD, 0xA5, 0xFC, 0x2D, 0x26, 0x45, 0x66,
    0x32, 0x42, 0xFA, 0xAC, 0x51, 0xBC, 0x48, 0x1B, 0x25, 0x6D, 0x3A, 0x57, 0xD6, 0x24, 0x73, 0x0D,
    0xEA, 0xA4, 0xD5, 0x30, 0x84, 0x56, 0x63, 0x64, 0x39, 0xB9, 0xBE, 0x8D, 0x7A, 0x3B, 0x29, 0x69,
    0x4D, 0xEC, 0xA4, 0xA8, 0x1B, 0xD4, 0x26, 0xC3, 0x4A, 0xEA, 0x0B, 0x99, 0x5C, 0x40, 0x56, 0x7E,
    0xB0, 0x92, 0x85, 0x5E, 0xDA, 0x8E, 0x6C, 0x99, 0xD4, 0x2A, 0xC2, 0x57, 0x6B, 0x85, 0x27, 0xFD,
    0xA5, 0x4E, 0x3A, 0x85, 0x2A, 0xB3, 0xD8, 0xA5, 0x45, 0x29, 0x94, 0x57, 0x26, 0x45, 0x89, 0x98,
    0x23, 0x64, 0x6A, 0x3B, 0xF5, 0x26, 0x11, 0x92, 0x74, 0x26, 0xD9, 0x42, 0x85, 0x86, 0x26, 0x9F,
    0x5F, 0xB6, 0xCA, 0xC3, 0xCF, 0x5B, 0xCB, 0xF3, 0x88, 0xB9, 0x74, 0xA5, 0x18, 0x71, 0x79, 0xD6,
    0x34, 0xA9, 0x07, 0xE8, 0x8D, 0x4B, 0xD3, 0x28, 0x74, 0xA6, 0x1A, 0xBE, 0x15, 0xDD, 0x21, 0xE3,
    0x68, 0x60, 0xE3, 0x70, 0x9C, 0x8E, 0xE3, 0x71, 0x3E, 0x0E, 0xC8, 0x09, 0x39, 0x22, 0x67, 0xE4,
    0x90, 0x9C, 0x92, 0x63, 0x72, 0x4E, 0x0E, 0x4A, 0x90, 0x52, 0x04, 0x2A, 0x3B, 0x11, 0x05, 0x56,
    0x67, 0x27, 0xA2, 0xE0, 0xEA, 0x55, 0x08, 0xBD, 0x80, 0x62, 0xFC, 0x9C, 0x94, 0x56, 0x39, 0xB6,
    0x0D, 0x5B, 0x8C, 0x6B, 0xBD, 0xB4, 0xBA, 0x99, 0xD8, 0xDD, 0x92, 0xD7, 0x8A, 0x14, 0xCF, 0x21,
    0x4E, 0xAD, 0x0F, 0x97, 0x8D, 0xAB, 0x37, 0x52, 0x30, 0x69, 0xF9, 0xFC, 0xE6, 0x61, 0x90, 0x61,
    0xE0, 0x5A, 0x92, 0x7C, 0x1A, 0x69, 0x37, 0xB2, 0x84, 0xC8, 0x78, 0x3B, 0x15, 0xD1, 0x07, 0x4C,
    0xD2, 0x56, 0x4C, 0xFB, 0x9A, 0xDA, 0x21, 0xC7, 0xB7, 0x46, 0x19, 0xC3, 0x60, 0x84, 0x42, 0xE8,
    0x95, 0x2F, 0xAF, 0x5F, 0x68, 0xDC, 0x18, 0xE5, 0xA5, 0x84, 0x89, 0xF5, 0xA7, 0x1B, 0xAA, 0x23,
    0x04, 0x48, 0x88, 0x83, 0x90, 0x0B, 0xB9, 0xB0, 0x2B, 0xFE, 0x1F, 0x7E, 0x5E, 0xED, 0x64, 0x20,
    0xF2, 0x84, 0x4F, 0x93, 0xA7, 0xE3, 0xCA, 0xFB, 0xA5, 0xA4, 0xC7, 0x0B, 0x2F, 0x1F, 0x91, 0x92,
    0x85, 0xE7, 0x18, 0x96, 0xD2, 0xC1, 0xBA, 0x18, 0x1F, 0x69, 0x98, 0x1B, 0xC5, 0x56, 0xE1, 0x5D,
    0xEF, 0xC1, 0x4F, 0xD6, 0x7A, 0x2D, 0xF8, 0x28, 0xE4, 0x1B, 0xB9, 0x46, 0xDB, 0xCD, 0x8F, 0x97,
    0x24, 0xBD, 0xAB, 0xB2, 0x10, 0x14, 0x71, 0x77, 0x9F, 0x01, 0x8D, 0x9E, 0x47, 0xC2, 0x40, 0x6D,
    0x5C, 0x37, 0x83, 0x6F, 0x72, 0x8D, 0x70, 0x57, 0x2C, 0xD4, 0xEE, 0x0D, 0x90, 0x07, 0x49, 0x0A,
    0xB2, 0xE3, 0x95, 0xB2, 0x9F, 0x34, 0x2A, 0xE2, 0xD6, 0xA6, 0xF9, 0xE3, 0xA7, 0x04, 0xE4, 0x76,
    0xC8, 0xD1, 0x46, 0x7A, 0xF9, 0xD8, 0x17, 0x16, 0xD8, 0xA3, 0x82, 0x99, 0xB8, 0x30, 0x18, 0xA7,
    0xC3, 0xE1, 0x81, 0xBA, 0x93, 0x34, 0x54, 0x67, 0x31, 0xDE, 0x34, 0x27, 0x76, 0x25, 0x25, 0x94,
    0x19, 0x75, 0x7B, 0x03, 0xE3, 0xCE, 0xF6, 0x33, 0x28, 0x0F, 0x95, 0x7D, 0xB1, 0x55, 0x12, 0x6A,
    0xBF, 0x8E, 0xFB, 0x53, 0x02, 0x42, 0x32, 0x91, 0x8E, 0xC0, 0x96, 0x50, 0x22, 0xA5, 0x48, 0xCA,
    0x98, 0xEE, 0x5C, 0x24, 0x1F, 0x20, 0x54, 0x08, 0xA5, 0xD0, 0x39, 0xE1, 0xF3, 0x8E, 0xF3, 0xE2,
    0x1E, 0x85, 0x52, 0x4F, 0x7E, 0xB4, 0x80, 0xAA, 0x69, 0xBC, 0x40, 0x93, 0xF6, 0x52, 0x4D, 0xE7,
    0x9C, 0x99, 0x35, 0x00, 0xA2, 0x82, 0x1E, 0x8D, 0x7B, 0x9A, 0x66, 0xBA, 0x50, 0x5E, 0x6A, 0x30,
    0xA7, 0x53, 0x8C, 0x69, 0xA4, 0x67, 0x83, 0x54, 0x4C, 0x66, 0x80, 0x0A, 0xA1, 0x91, 0x66, 0xE0,
    0x92, 0x40, 0x76, 0x06, 0x55, 0x37, 0x44, 0xA3, 0x8E, 0x76, 0x69, 0x19, 0xA9, 0xC7, 0xD2, 0xB4,
    0x62, 0xF7, 0xD7, 0x46, 0xEC, 0xE6, 0x8E, 0xAF, 0x11, 0xE0, 0xB3, 0x5A, 0x94, 0xC0, 0x3A, 0x22,
    0x1A, 0xB7, 0x98, 0x5C, 0x2E, 0x07, 0x9A, 0x77, 0x09, 0x52, 0xA8, 0xE1, 0xC5, 0xE1, 0xF9, 0x6E,
    0x83, 0x73, 0xEA, 0x64, 0x7B, 0xB1, 0x8B, 0x7C, 0xC7, 0x6C, 0x78, 0x3B, 0x97, 0x68, 0xE8, 0xEC,
    0x3E, 0x7F, 0x63, 0x2B, 0x79, 0x53, 0x67, 0xE6, 0x1E, 0x89, 0x07, 0x5D, 0xF9, 0x7F, 0x82, 0x39,
    0x0E, 0xBD, 0xE9, 0x0C, 0xD5, 0x0B, 0x7F, 0xFF, 0x81, 0xFF, 0x07, 0x4C, 0x67, 0x89, 0x44, 0xE8,
    0x99, 0x27, 0x5E, 0x74, 0x8B, 0xD5, 0xDA, 0x28, 0xB3, 0x86, 0x36, 0x6B, 0x88, 0x63, 0x18, 0x46,
    0xE1, 0x89, 0x86, 0xD0, 0x00, 0xCC, 0x2A, 0x07, 0xE8, 0xFC, 0x1C, 0x9F, 0xD3, 0x73, 0x78, 0xE8,
    0xD4, 0xD1, 0x39, 0x39, 0x07, 0xE7, 0xDC, 0x1C, 0x9B, 0x53, 0x73, 0x68, 0xCE, 0x6C, 0x8B, 0x6C,
    0x32, 0x29, 0xB9, 0x5F, 0x90, 0x70, 0xFC, 0xBA, 0x0C, 0x0D, 0x06, 0x6B, 0x97, 0xD1, 0xE6, 0xDA,
    0x3D, 0x44, 0x7A, 0x17, 0xAF, 0x09, 0x82, 0xDC, 0xF4, 0x93, 0x0F, 0x28, 0x09, 0x61, 0xE1, 0x42,
    0x51, 0xC0, 0x63, 0xDE, 0x5D, 0xF0, 0x8E, 0x94, 0x44, 0x47, 0x0A, 0x21, 0x93, 0x49, 0x05, 0xB4,
    0x5A, 0x33, 0x98, 0xE8, 0x9C, 0x45, 0xC9, 0x43, 0x67, 0x1B, 0x41, 0x7D, 0x64, 0xA1, 0xF2, 0xFB,
    0xF3, 0x49, 0x8B, 0xA4, 0x8B, 0xBA, 0x6C, 0xCE, 0x53, 0x46, 0xBC, 0xC8, 0xAB, 0xB4, 0x2D, 0xAE,
    0x9B, 0x35, 0x66, 0x50, 0x85, 0x01, 0x1F, 0x95, 0x97, 0xBD, 0x3F, 0xCB, 0xCC, 0xCA, 0xF3, 0xFB,
    0x13, 0xC3, 0x6F, 0x8D, 0x2B, 0x45, 0xF3, 0xB4, 0x96, 0x96, 0x3C, 0x06, 0xCD, 0xE8, 0x42, 0x77,
    0x9D, 0xEF, 0x43, 0xE9, 0xB7, 0xD2, 0x9D, 0x94, 0xEB, 0xBC, 0x06, 0x7F, 0x58, 0x88, 0x96, 0xA4,
    0x0B, 0xE5, 0xA9, 0x20, 0x50, 0x54, 0xAD, 0x9B, 0x6E, 0x86, 0xA4, 0x8D, 0x18, 0x7B, 0x80, 0x00,
    0x06, 0xDB, 0x7E, 0x7B, 0xAD, 0x18, 0xA7, 0x82, 0xE0, 0x16, 0xAB, 0xEF, 0xFC, 0xFA, 0x51, 0x38,
    0xAD, 0xF9, 0x5C, 0x85, 0x94, 0xC8, 0x6F, 0x39, 0xD6, 0xFF, 0xDF, 0xEB, 0x5D, 0x5A, 0xBD, 0x0B,
    0x29, 0x69, 0x3C, 0x4F, 0xAE, 0xD5, 0xF6, 0x4B, 0xD1, 0x1D, 0x7C, 0xBC, 0xD5, 0x7E, 0xB4, 0xA0,
    0xF3, 0x9C, 0x2F, 0x08, 0xD0, 0x73, 0x42, 0xEB, 0x05, 0xEE, 0xC5, 0x6D, 0x71, 0xCE, 0xBC, 0x1F,
    0x28, 0xFD, 0xFE, 0x42, 0x31, 0xCD, 0x35, 0x94, 0x24, 0x3E, 0x9D, 0x5B, 0x43, 0x0F, 0xDE, 0xBE,
    0x31, 0xC6, 0xA1, 0x26, 0xFC, 0x0F, 0xE6, 0xD8, 0xBB, 0x8E, 0x8A, 0x5E, 0x67, 0x3F, 0xC7, 0xC7,
    0xD0, 0x22, 0xD3, 0x3A, 0x83, 0x94, 0x2F, 0x27, 0x4B, 0xF1, 0x64, 0x73, 0x27, 0x29, 0x88, 0xFA,
    0x7B, 0x34, 0x6D, 0xD1, 0x41, 0x83, 0xE6, 0x35, 0x4A, 0xA9, 0xEE, 0x01, 0x8D, 0x0C, 0xD2, 0xD8,
    0x08, 0x75, 0xBA, 0x60, 0xBA, 0x30, 0x55, 0xD2, 0x1E, 0xD3, 0xB1, 0x60, 0x57, 0x08, 0x78, 0x45,
    0x0D, 0xB8, 0x7C, 0x8E, 0xDA, 0xB3, 0xCE, 0xAC, 0x12, 0xC9, 0x4B, 0x8C, 0x5C, 0xDC, 0x2E, 0x37,
    0xF1, 0x5B, 0x49, 0xD9, 0x92, 0x0B, 0x0F, 0xD3, 0x03, 0x29, 0x6E, 0x87, 0x52, 0x56, 0x65, 0xA5,
    0xB6, 0x23, 0x0E, 0x15, 0xAF, 0x47, 0x37, 0xB4, 0x2A, 0x7E, 0xF4, 0xB9, 0x56, 0x4B, 0x15, 0x73,
    0xD6, 0xB7, 0x26, 0x69, 0x2D, 0x7C, 0x4A, 0x0E, 0xB3, 0x9D, 0xD7, 0x24, 0xAC, 0x4C, 0x86, 0x25,
    0x8B, 0x8F, 0x4C, 0xC6, 0xC8, 0xD2, 0x24, 0x3E, 0xB2, 0x93, 0x32, 0x93, 0xC5, 0xE8, 0x50, 0x69,
    0xE8, 0x7A, 0x45, 0xA1, 0xE9, 0xA4, 0x2B, 0xA2, 0x85, 0xC8, 0x09, 0x05, 0x24, 0x9B, 0xEB, 0x9E,
    0x54, 0x5F, 0xBC, 0xDB, 0xBC, 0x16, 0xD0, 0x3E, 0x17, 0xF0, 0x28, 0x7A, 0x9E, 0xE8, 0x7A, 0xA6,
    0xF4, 0x3D, 0x79, 0xE7, 0xF3, 0xDE, 0xB7, 0xFF, 0xA4, 0xA3, 0xCA, 0x57, 0x13, 0x93, 0xE5, 0x8C,
    0xEB, 0xE6, 0x88, 0xD5, 0xE4, 0x3D, 0xDA, 0x2B, 0xC8, 0x50, 0xDE, 0x72, 0x18, 0x23, 0xDB, 0xDE,
    0xBA, 0xFF, 0x90, 0x4F, 0x5E, 0xAF, 0xF6, 0x0B, 0xF2, 0xFE, 0x02, 0xF4, 0x41, 0x21, 0x5E, 0xC4,
    0x1A, 0xE1, 0xA0, 0x42, 0x73, 0x44, 0x57, 0xC8, 0xC7, 0x9D, 0x90, 0xF3, 0xC8, 0x82, 0xB3, 0x37,
    0xBC, 0xB3, 0x7A, 0xCF, 0x78, 0x9F, 0xDC, 0xA9, 0xDB, 0x9D, 0x4E, 0xED, 0x90, 0x13, 0xA0, 0x6D,
    0xD1, 0x8D, 0x04, 0xB4, 0x03, 0xA1, 0x53, 0xE1, 0xAB, 0x37, 0x2D, 0xD1, 0x61, 0xB9, 0x79, 0x35,
    0x40, 0x97, 0x93, 0xC9, 0x92, 0x35, 0xCC, 0xB2, 0xA3, 0x3D, 0x31, 0xD4, 0x13, 0x43, 0xBD, 0x7F,
    0xDB, 0x87, 0xC6, 0x0B, 0x80, 0x9A, 0xE9, 0x1C, 0xFD, 0x17, 0x09, 0x15, 0xBD, 0x07, 0xB2, 0x1D,
    0xFC, 0x8F, 0x4C, 0x46, 0x85, 0x2C, 0x0C, 0x9F, 0x6F, 0x92, 0x35, 0xE9, 0xA8, 0xDC, 0x5D, 0x2B,
    0x87, 0x25, 0xB2, 0xB9, 0x5E, 0xAE, 0x45, 0x46, 0xD9, 0x52, 0x9A, 0x8E, 0x43, 0xA5, 0xA3, 0x8B,
    0x2F, 0xAD, 0x15, 0x6A, 0xCB, 0x15, 0x2C, 0x61, 0x74, 0x64, 0x12, 0xE3, 0x30, 0x59, 0x20, 0x3E,
    0x37, 0x16, 0x27, 0x6D, 0x2C, 0x4E, 0x66, 0x4C, 0xED, 0x80, 0xCB, 0x88, 0xE8, 0x07, 0x44, 0x9F,
    0x12, 0xBD, 0x27, 0x3A, 0x1C, 0x44, 0x0D, 0xAB, 0x22, 0x56, 0x55, 0xAC, 0xCA, 0xC8, 0x03, 0x43,
    0x85, 0xEF, 0x1E, 0x6C, 0x88, 0x66, 0xBF, 0x93, 0xB3, 0x93, 0xC3, 0x5B, 0xD1, 0x53, 0x02, 0x3E,
    0xAD, 0xF8, 0xAD, 0x00, 0xAE, 0x08, 0xAE, 0x10, 0xAE, 0x18, 0xAE, 0x20, 0x3A, 0x3F, 0xA6, 0x82,
    0x1D, 0xF1, 0xD2, 0x13, 0x3C, 0x68, 0xCA, 0x6E, 0x87, 0x54, 0xF4, 0xD2, 0x1F, 0x3D, 0x9A, 0x3C,
    0x2D, 0x32, 0xBF, 0x29, 0xA9, 0x83, 0xF4, 0xA2, 0x74, 0x58, 0x84, 0x52, 0xFD, 0x72, 0x66, 0xA4,
    0x9A, 0x81, 0x91, 0x2A, 0xFF, 0x23, 0x52, 0xD7, 0x5E, 0x9E, 0x54, 0x54, 0xC6, 0x96, 0xBC, 0xCB,
    0x64, 0x44, 0x66, 0xD2, 0xD5, 0x79, 0x2F, 0xBD, 0x2A, 0x7E, 0xCF, 0xA5, 0xDF, 0x80, 0xA8, 0x40,
    0xE2, 0x8B, 0x9B, 0x47, 0xA4, 0xD6, 0x85, 0xE2, 0xB6, 0x77, 0xDA, 0x09, 0xD3, 0x5E, 0xE8, 0x98,
    0x6C, 0x1F, 0xC0, 0xFA, 0x8D, 0x74, 0x04, 0x46, 0xB8, 0x1A, 0x34, 0x0B, 0x04, 0x78, 0x74, 0x54,
    0xA5, 0xCB, 0xA4, 0x1E, 0x84, 0xBF, 0x94, 0x0F, 0xCF, 0x82, 0x1E, 0xA8, 0x8F, 0x68, 0x33, 0x0E,
    0x56, 0x21, 0x7A, 0x36, 0xFF, 0x7C, 0xD4, 0xB9, 0x37, 0x5C, 0xB1, 0x61, 0x0C, 0x5F, 0x60, 0xC7,
    0x10, 0x1B, 0x9E, 0xB0, 0x34, 0x74, 0x2F, 0x97, 0x7D, 0x6B, 0xA3, 0x5E, 0xCA, 0xA5, 0xDA, 0xCB,
    0x07, 0xAC, 0x77, 0x03, 0x16, 0xDA, 0x6E, 0xA3, 0x5D, 0x6F, 0x94, 0x46, 0x65, 0x14, 0x76, 0x76,
    0xF2, 0xD1, 0x2C, 0x1C, 0x65, 0xA1, 0xDF, 0x96, 0x32, 0xE5, 0x44, 0x7E, 0x3B, 0xAA, 0xF0, 0x6F,
    0xE5, 0x93, 0x96, 0x84, 0x69, 0x83, 0xFF, 0x81, 0x37, 0xCB, 0x8A, 0x54, 0x43, 0x4F, 0xC2, 0xF3,
    0xC7, 0x40, 0x57, 0xDB, 0xB3, 0x47, 0xB7, 0xF3, 0xCE, 0x75, 0xDA, 0x05, 0xE8, 0x9C, 0xB2, 0xEA,
    0x1E, 0x4A, 0x6F, 0xEC, 0x15, 0xC3, 0xED, 0x25, 0xD5, 0xFF, 0x79, 0x62, 0x4E, 0xBF, 0x06, 0x7D,
    0xFC, 0xF8, 0xBB, 0xC5, 0xF0, 0xD2, 0x77, 0x0B, 0x3D, 0x9B, 0xCF, 0x45, 0xBD, 0xB4, 0x39, 0xA2,
    0xED, 0x6C, 0xF0, 0x5B, 0xF9, 0x84, 0x6C, 0xBF, 0xCF, 0xD8, 0x4E, 0xE4, 0x6A, 0x16, 0x63, 0x66,
    0x51, 0xD1, 0xDC, 0x68, 0x91, 0xE0, 0x1A, 0xF1, 0x5B, 0xBC, 0xC7, 0xBF, 0xF0, 0x3B, 0xF9, 0x9D,
    0xF1, 0xF4, 0xCB, 0xC7, 0xEB, 0x54, 0xBD, 0xFD, 0x74, 0x51, 0xC7, 0xDF, 0x40, 0xF8, 0x3B, 0x49,
    0xDA, 0x64, 0x8D, 0x2D, 0x7F, 0x75, 0x5E, 0x0D, 0xCB, 0xA1, 0x0A, 0xE1, 0x81, 0x0E, 0x12, 0xEC,
    0x28, 0x3E, 0xF2, 0x0A, 0x27, 0xEB, 0x35, 0x02, 0xF5, 0xD6, 0x86, 0xB2, 0x46, 0xE0, 0xC9, 0xFB,
    0xDA, 0xA1, 0xD0, 0x1E, 0x67, 0xBB, 0x8B, 0x12, 0x55, 0xA0, 0x78, 0x44, 0xA7, 0x97, 0x2E, 0x4A,
    0xEA, 0x50, 0x73, 0xCB, 0xAA, 0x1B, 0xCC, 0x0C, 0x8E, 0x4D, 0x2F, 0x79, 0x10, 0x64, 0xF1, 0x89,
    0x9E, 0x46, 0x6D, 0x69, 0x68, 0x85, 0x56, 0xA2, 0x69, 0x20, 0x67, 0x15, 0x95, 0xAC, 0xD2, 0x0D,
    0x4B, 0xB9, 0x4D, 0x18, 0x9D, 0xF0, 0xF8, 0xA0, 0x13, 0x92, 0xBB, 0x20, 0xE9, 0xB5, 0xC8, 0x88,
    0xC4, 0x53, 0x66, 0xAE, 0xC7, 0x69, 0x8F, 0xB9, 0xCE, 0x24, 0xE2, 0x05, 0x30, 0x6E, 0xAD, 0x46,
    0x3B, 0x90, 0x6D, 0x1E, 0x14, 0x3C, 0x7A, 0x95, 0xF1, 0x8C, 0x30, 0x30, 0x91, 0x49, 0x71, 0xD9,
    0x9E, 0x37, 0x5A, 0xBB, 0x7D, 0x2E, 0x66, 0x67, 0xED, 0xF6, 0xEF, 0x35, 0x77, 0x41, 0xF8, 0x77,
    0x44, 0x73, 0x4D, 0x7F, 0xD1, 0x42, 0xAC, 0xE3, 0x2A, 0xB9, 0x5A, 0x9B, 0xB1, 0xD3, 0x2B, 0xA3,
    0x0E, 0x59, 0x9C, 0xD0, 0x89, 0xFD, 0x3D, 0xF5, 0x5F, 0x77, 0x62, 0x5F, 0x80, 0x4F, 0x88, 0xEE,
    0x81, 0x37, 0xD1, 0x07, 0x73, 0xE9, 0x7E, 0xE3, 0x9A, 0x45, 0xA0, 0x34, 0xE1, 0x8C, 0x33, 0xFA,
    0x4F, 0xDE, 0xD7, 0x94, 0x97, 0x27, 0x38, 0x38, 0xD8, 0x75, 0xA0, 0x6D, 0x7D, 0xED, 0x09, 0xF5,
    0x65, 0xDB, 0xFA, 0xAA, 0xDD, 0xFA, 0xA8, 0xEA, 0xFE, 0x00, 0x2F, 0x3A, 0x84, 0x0F, 0x78, 0xD7,
    0xE4, 0xF7, 0x08, 0xA5, 0xB4, 0x91, 0x06, 0x0D, 0xA9, 0x8B, 0x52, 0x3A, 0xE4, 0xB0, 0xFA, 0x64,
    0x81, 0x72, 0x38, 0xEA, 0x8A, 0x0A, 0x0C, 0x4B, 0x72, 0xFF, 0xBD, 0x43, 0x83, 0x6B, 0x8F, 0x91,
    0x6E, 0x24, 0x9C, 0x14, 0xC2, 0xC5, 0xB0, 0x44, 0xF3, 0x1A, 0x1F, 0x7C, 0x36, 0x2F, 0x31, 0x3A,
    0x2C, 0xFD, 0x42, 0x8F, 0x3B, 0xD4, 0xBF, 0xDC, 0x24, 0xCB, 0x94, 0xEB, 0xF7, 0xF8, 0xA0, 0x06,
    0xF7, 0xEF, 0x50, 0xF0, 0xC3, 0x68, 0x11, 0x39, 0xC7, 0x33, 0xE5, 0xBF, 0xBB, 0xB6, 0x9A, 0x91,
    0x29, 0x29, 0x7A, 0x72, 0xF6, 0x3C, 0xB4, 0x77, 0x76, 0x28, 0x5A, 0xD8, 0xA1, 0xF8, 0x86, 0x5E,
    0x4A, 0xFE, 0xD6, 0x52, 0x87, 0x49, 0x4A, 0x49, 0x59, 0xD7, 0x53, 0xCA, 0x05, 0x02, 0x17, 0x5E,
    0xCE, 0xFA, 0xD1, 0xD7, 0x8A, 0x29, 0x64, 0x01, 0x9C, 0xD7, 0x76, 0xB8, 0x83, 0x72, 0xED, 0xF6,
    0xFC, 0xC6, 0x2B, 0x87, 0xFE, 0x01, 0xD5, 0x98, 0x01, 0xA4, 0x1E, 0xD9, 0xF9, 0xC6, 0x7F, 0x33,
    0xF3, 0x4F, 0xBE, 0x7F, 0x33, 0x74, 0x16, 0x61, 0xB7, 0x9B, 0x26, 0x83, 0x2E, 0x56, 0x4B, 0x0E,
    0xC0, 0x62, 0xF7, 0xCE, 0x59, 0x0B, 0x28, 0x1A, 0x24, 0x0D, 0x82, 0x16, 0xB0, 0xAB, 0x34, 0x00,
    0xC1, 0xBD, 0xDF, 0x9C, 0x05, 0x0B, 0xD8, 0x0B, 0x14, 0x20, 0x08, 0x92, 0x0B, 0x0B, 0xC5, 0xAA,
    0xFB, 0xDD, 0x6F, 0xD2, 0xA2, 0x80, 0x8E, 0x52, 0x00, 0x1D, 0x15, 0xB0, 0x45, 0x87, 0x4E, 0x98,
    0x5C, 0xF3, 0x7D, 0xA7, 0xF3, 0x98, 0xB9, 0xD3, 0x3B, 0xAE, 0x6C, 0xAA, 0xBA, 0x37, 0xB9, 0xAF,
    0x3B, 0xCF, 0x91, 0x7B, 0xE7, 0x9C, 0xF7, 0x79, 0x9F, 0xF7, 0xCD, 0x7B, 0xCE, 0x1C, 0xF6, 0x48,
    0x0B, 0x56, 0xE4, 0xD0, 0x05, 0x5D, 0x0F, 0x8B, 0x9A, 0xA0, 0x4D, 0x0B, 0x82, 0x26, 0x87, 0xB0,
    0xEE, 0x20, 0xFA, 0x67, 0xDD, 0x83, 0xEF, 0x61, 0xE1, 0x5B, 0x88, 0xDB, 0xAE, 0x87, 0xF2, 0x08,
    0x92, 0x22, 0x13, 0x18, 0x4B, 0xEA, 0x92, 0x02, 0x63, 0x93, 0x92, 0x8C, 0x45, 0xDD, 0x43, 0xD4,
    0x00, 0x57, 0x1C, 0x64, 0x0E, 0x8E, 0x20, 0x68, 0x21, 0xAA, 0x20, 0xB6, 0x4C, 0x66, 0x80, 0x6C,
    0x7C, 0x96, 0xC0, 0x0A, 0x38, 0x04, 0xBA, 0xE1, 0xD1, 0x94, 0xB0, 0x81, 0xA8, 0x1E, 0x1E, 0x4D,
    0x5F, 0x54, 0x72, 0x2D, 0xA7, 0xC3, 0x93, 0x3A, 0x48, 0x2D, 0x18, 0x3B, 0x2E, 0x75, 0x70, 0xE0,
    0x72, 0xEF, 0x8B, 0xB5, 0xF7, 0x6E, 0xF0, 0x6F, 0x0A, 0x14, 0x1B, 0x8A, 0x43, 0x11, 0x38, 0x90,
    0x05, 0x76, 0xBE, 0x88, 0x16, 0x38, 0xCB, 0x67, 0xE2, 0x42, 0x0B, 0x41, 0x33, 0xE3, 0x33, 0x71,
    0x89, 0x8B, 0xF9, 0x52, 0x13, 0x97, 0x73, 0x89, 0x51, 0x36, 0xAE, 0xBF, 0x37, 0xF2, 0xD4, 0x3A,
    0x05, 0x04, 0xC8, 0xAE, 0x82, 0xB2, 0x4A, 0xD0, 0xCA, 0x51, 0x58, 0x13, 0xE9, 0x47, 0x4E, 0xE2,
    0x52, 0xCB, 0xEB, 0xC7, 0x69, 0x7D, 0x63, 0xB5, 0x48, 0x26, 0x9A, 0x62, 0x79, 0x38, 0x9B, 0x37,
    0x4C, 0x1A, 0x4C, 0xB3, 0x4B, 0x34, 0x09, 0x3E, 0x84, 0xB7, 0x00, 0xC3, 0xBB, 0x9A, 0x9A, 0x09,
    0x76, 0xB5, 0x42, 0x0B, 0xAB, 0xA0, 0x82, 0xC3, 0xD0, 0x0D, 0xB1, 0x0A, 0xB4, 0x16, 0x5A, 0x4D,
    0x6B, 0x4C, 0x50, 0x31, 0x84, 0x2C, 0x3E, 0x43, 0xC0, 0x02, 0x85, 0x2D, 0xB0, 0x5A, 0x5D, 0x90,
    0x31, 0x86, 0x8E, 0x62, 0x47, 0xC1, 0x2B, 0x8B, 0xB7, 0x48, 0x7E, 0xDF, 0x90, 0xFC, 0xA1, 0x26,
    0xFD, 0xA2, 0xC0, 0xFC, 0xCC, 0x62, 0x6E, 0xBC, 0xC6, 0x2C, 0x06, 0x36, 0xAA, 0xE3, 0x2A, 0xAA,
    0x92, 0x6A, 0x51, 0xC5, 0xC5, 0x7F, 0x9C, 0xC5, 0xC0, 0x8E, 0xA9, 0x48, 0x9D, 0x5E, 0x30, 0xCC,
    0x52, 0xA1, 0x3C, 0x5C, 0xA5, 0x3D, 0x0A, 0x9A, 0x6D, 0xD8, 0xEC, 0x9E, 0xCE, 0x5F, 0x5C, 0xCC,
    0xE6, 0x69, 0x12, 0xDF, 0x1E, 0xCA, 0x14, 0xC1, 0x0F, 0x61, 0xB3, 0x05, 0xDF, 0x82, 0x77, 0x2C,
    0x36, 0x90, 0x35, 0x90, 0xD7, 0xF0, 0xA3, 0x41, 0x95, 0x79, 0x1D, 0x7E, 0x73, 0xF0, 0x30, 0xF5,
    0xBE, 0x36, 0xDE, 0x57, 0xAF, 0x66, 0xBB, 0x2D, 0xF1, 0x65, 0xE8, 0x89, 0x1B, 0x2D, 0xB8, 0xAE,
    0x79, 0xBB, 0x62, 0xF1, 0x32, 0xB6, 0xC0, 0x67, 0x02, 0x36, 0x82, 0xA8, 0x11, 0xCA, 0xED, 0x20,
    0x97, 0x4A, 0x6C, 0x6E, 0xC6, 0x41, 0x4B, 0xA6, 0x06, 0x45, 0x56, 0x12, 0xCA, 0x07, 0x91, 0xDC,
    0x08, 0x37, 0xAD, 0x2A, 0xAA, 0xED, 0xE4, 0xAF, 0x3D, 0xEC, 0x5D, 0x06, 0xCD, 0xB2, 0x77, 0x19,
    0xD6, 0x59, 0x8F, 0x51, 0x6D, 0x6C, 0xEA, 0xA2, 0x3A, 0x71, 0xC6, 0xF6, 0x39, 0x2A, 0x4C, 0xFF,
    0xD6, 0xA2, 0xCC, 0x88, 0xFB, 0xBF, 0xEC, 0xA0, 0xB7, 0xFA, 0x77, 0x5D, 0xD0, 0xAE, 0xC4, 0xB0,
    0x3B, 0x14, 0xC9, 0x55, 0x87, 0x81, 0x9D, 0x96, 0x0C, 0x09, 0xB4, 0x03, 0x69, 0xCD, 0x1E, 0x24,
    0x35, 0x87, 0x10, 0xD7, 0x8C, 0x6D, 0x0E, 0x53, 0x00, 0x39, 0x40, 0x37, 0x55, 0xB5, 0xE3, 0xC4,
    0x6E, 0xC1, 0x6E, 0xB2, 0x85, 0xC3, 0xDC, 0x17, 0x6C, 0x36, 0xF7, 0x25, 0x50, 0x52, 0x06, 0x9E,
    0xB8, 0x0A, 0x37, 0xC4, 0x65, 0xD4, 0x91, 0x94, 0x51, 0x83, 0x38, 0x92, 0x16, 0x8B, 0x1A, 0xE3,
    0xE2, 0x6A, 0xE8, 0xA8, 0x62, 0x3E, 0x40, 0x2E, 0x5E, 0x47, 0xA2, 0xB5, 0x21, 0xB3, 0x74, 0x22,
    0xD5, 0xBD, 0x89, 0x8A, 0x4C, 0x26, 0x4A, 0x20, 0x1A, 0xD2, 0xA3, 0x10, 0x26, 0x4E, 0x78, 0x43,
    0xC0, 0xFF, 0x9D, 0x87, 0x3C, 0xA3, 0xCD, 0x3A, 0x4C, 0x0A, 0xF0, 0x91, 0xE0, 0xC1, 0xE0, 0x5F,
    0x76, 0x99, 0xCB, 0x56, 0x2C, 0x0D, 0xE3, 0xC6, 0x07, 0xBE, 0x16, 0xAE, 0x0B, 0x61, 0xF6, 0xA6,
    0x17, 0xE2, 0x3E, 0x0F, 0xA1, 0xED, 0xFD, 0xF1, 0x91, 0xB1, 0x60, 0x36, 0x8A, 0xB6, 0x19, 0xDB,
    0xEB, 0x39, 0x28, 0xAD, 0x36, 0x48, 0x24, 0x50, 0xBE, 0x89, 0xAB, 0x49, 0x6D, 0xDB, 0x67, 0x3A,
    0x4B, 0x9E, 0xFA, 0x72, 0x37, 0xF9, 0xD2, 0x37, 0x57, 0xD3, 0xF5, 0x6F, 0x3A, 0x4C, 0x47, 0x0F,
    0xB5, 0x26, 0x17, 0x02, 0x1B, 0x74, 0xE4, 0x84, 0x2D, 0x47, 0x92, 0x72, 0xA3, 0x35, 0xBA, 0x01,
    0x16, 0x75, 0xD0, 0x8A, 0x5F, 0x7B, 0x8A, 0x5A, 0x22, 0x6A, 0xA9, 0xA8, 0x19, 0xF7, 0xEA, 0x4C,
    0x2C, 0xA6, 0x4C, 0xAC, 0x50, 0x26, 0x76, 0x4E, 0x65, 0x22, 0x1D, 0x32, 0x51, 0x28, 0x13, 0x71,
    0x91, 0x29, 0x13, 0xD5, 0xA9, 0x4C, 0x28, 0x6B, 0x8E, 0x21, 0x13, 0x87, 0xCA, 0x04, 0x7B, 0xCA,
    0x04, 0x99, 0x32, 0x81, 0x51, 0x26, 0x48, 0x4E, 0x65, 0xA2, 0xA7, 0x35, 0x29, 0x3E, 0xB6, 0x31,
    0x49, 0x70, 0x67, 0x6D, 0x01, 0xBF, 0x41, 0xD8, 0x08, 0x2F, 0x71, 0x62, 0xBB, 0xF1, 0x90, 0x10,
    0xC7, 0xE6, 0xC5, 0xFD, 0x02, 0xAF, 0x7D, 0xC3, 0xF7, 0x93, 0x03, 0x25, 0x24, 0xEC, 0xC4, 0xF2,
    0xDF, 0x51, 0x57, 0xA4, 0xAE, 0x0F, 0xC4, 0xD8, 0x78, 0xC8, 0xC5, 0x00, 0x4B, 0xD1, 0x5B, 0xA2,
    0x3A, 0xC1, 0x20, 0x39, 0x5F, 0xBE, 0xE3, 0x2A, 0x2F, 0x61, 0xEF, 0x87, 0x85, 0xB7, 0x10, 0x89,
    0x12, 0xEF, 0x1E, 0x3C, 0x02, 0x8C, 0x6F, 0x10, 0xD6, 0xCC, 0x2D, 0xDF, 0x5A, 0xBD, 0xED, 0x2B,
    0x30, 0xC7, 0xF7, 0x3B, 0x58, 0xBB, 0x60, 0x4B, 0x4F, 0x8F, 0x1C, 0x35, 0xEC, 0xCC, 0x6A, 0x4D,
    0xE3, 0x92, 0x42, 0xD1, 0x1A, 0xA7, 0xB4, 0x67, 0x16, 0x21, 0xC2, 0x1C, 0xFD, 0x7E, 0x89, 0xF0,
    0x08, 0xBD, 0x29, 0xCC, 0xAC, 0x30, 0x47, 0xB8, 0x26, 0x07, 0x15, 0x13, 0x44, 0x2A, 0x08, 0x15,
    0x74, 0x5A, 0x29, 0x99, 0xF1, 0xF6, 0xE7, 0xDE, 0x11, 0x7A, 0x49, 0x87, 0xF1, 0x52, 0x94, 0xDB,
    0x82, 0x2B, 0x07, 0x8F, 0x21, 0xF1, 0x1D, 0xA4, 0xBE, 0x65, 0x32, 0x11, 0x75, 0x90, 0xFB, 0x9A,
    0xC0, 0xDF, 0xED, 0x54, 0x8F, 0x47, 0x0A, 0x79, 0xD0, 0x6A, 0xD8, 0x77, 0x32, 0x4E, 0x60, 0x39,
    0xC2, 0x52, 0xB0, 0x12, 0x48, 0xBA, 0xB0, 0x25, 0xB3, 0xAA, 0xAF, 0x67, 0xF7, 0x7B, 0x02, 0xDE,
    0x5B, 0x02, 0xB9, 0x20, 0x40, 0xF6, 0x0E, 0xEF, 0x03, 0x37, 0x79, 0xA0, 0x78, 0xFE, 0x5E, 0x4B,
    0x51, 0xD1, 0x22, 0xF8, 0x1D, 0x17, 0x42, 0x37, 0x7E, 0x00, 0x09, 0x1F, 0x6A, 0x53, 0x6F, 0xC7,
    0x73, 0x3D, 0x47, 0xF6, 0x3C, 0x15, 0xE4, 0xDD, 0xF0, 0xA1, 0x42, 0x88, 0xC5, 0xAA, 0x4B, 0x9D,
    0xDA, 0xED, 0x8E, 0x74, 0x2C, 0x1A, 0xE0, 0xFB, 0x41, 0x79, 0x11, 0x74, 0xE4, 0xCA, 0xE7, 0x8F,
    0xC0, 0x7C, 0x52, 0xC3, 0x9E, 0x1C, 0x37, 0x06, 0xA2, 0x72, 0x17, 0x62, 0x5B, 0x9D, 0xAB, 0x98,
    0x32, 0x79, 0xF0, 0x7E, 0x2B, 0x91, 0x34, 0x98, 0xE3, 0x5F, 0x89, 0xF0, 0xDA, 0x45, 0x35, 0xD2,
    0x49, 0x43, 0xD4, 0x0C, 0x27, 0xBA, 0x4A, 0x83, 0xBC, 0x4B, 0x7D, 0xE3, 0x10, 0xF7, 0xCC, 0x0E,
    0x03, 0xA4, 0xDF, 0x1C, 0xB8, 0x5C, 0x81, 0xFA, 0x42, 0x64, 0xBC, 0x97, 0x54, 0x52, 0x71, 0x1A,
    0xC4, 0x4A, 0xC3, 0x4A, 0x4E, 0x45, 0x10, 0xB2, 0x71, 0x28, 0xD0, 0x90, 0x56, 0x81, 0xD8, 0xC5,
    0xDB, 0xBB, 0xDB, 0x83, 0x27, 0x52, 0x4E, 0x54, 0xB4, 0xA2, 0xD7, 0x5F, 0x6F, 0x31, 0xD7, 0x46,
    0xF2, 0x64, 0x3A, 0x58, 0xD6, 0xF4, 0xFA, 0xAC, 0xEF, 0xB6, 0x51, 0xCB, 0xBA, 0xA5, 0x93, 0x46,
    0x35, 0x9D, 0x54, 0x2A, 0x82, 0x56, 0x3A, 0xB9, 0x45, 0x2D, 0x91, 0x3E, 0x5E, 0x57, 0x1A, 0xBC,
    0xB7, 0x4B, 0x0D, 0xCF, 0xD0, 0x60, 0xD1, 0xB0, 0x46, 0x03, 0x1E, 0xA4, 0x9A, 0xD7, 0x60, 0xB5,
    0xBE, 0x94, 0xFB, 0xD3, 0xB3, 0x6B, 0xAE, 0xD7, 0xAE, 0x17, 0xC8, 0x05, 0xBE, 0x09, 0xFC, 0x16,
    0xD9, 0x25, 0x8B, 0x32, 0xB9, 0x7F, 0x72, 0x80, 0xCB, 0xA6, 0x03, 0x5C, 0x3D, 0x3F, 0xC0, 0xA1,
    0x08, 0xF6, 0xE5, 0x70, 0x2B, 0xF0, 0x6A, 0xB9, 0x69, 0xC9, 0x4A, 0x85, 0xB2, 0x9A, 0xF6, 0x2A,
    0x41, 0xA0, 0xED, 0x26, 0x6C, 0xB4, 0x57, 0xD5, 0x64, 0x2E, 0x7A, 0x7E, 0xCF, 0x13, 0x79, 0xDF,
    0x2A, 0x37, 0x96, 0xB8, 0x34, 0xD2, 0x3A, 0x29, 0x06, 0xD0, 0x0E, 0x46, 0x6A, 0xA3, 0x1A, 0x63,
    0xA3, 0x66, 0xCC, 0x35, 0x74, 0x0A, 0x63, 0x23, 0x89, 0x73, 0x80, 0xC7, 0x10, 0x76, 0xC3, 0xD6,
    0xA2, 0x34, 0xED, 0x00, 0x0F, 0x98, 0x6C, 0x37, 0xAD, 0x39, 0xCC, 0x6B, 0x36, 0xC7, 0xFB, 0xA8,
    0x3E, 0xBD, 0x52, 0xAE, 0x19, 0xCA, 0xF9, 0xF4, 0x91, 0xC3, 0xE2, 0x25, 0x1F, 0x39, 0x06, 0xC8,
    0x5E, 0x67, 0x7C, 0x93, 0x4D, 0x87, 0x05, 0x85, 0xA8, 0xC0, 0x04, 0xB5, 0xC0, 0x32, 0x55, 0xCC,
    0x53, 0x0F, 0xF1, 0x1F, 0x7B, 0x48, 0xFE, 0xFA, 0xA4, 0x87, 0x0D, 0x3D, 0xD4, 0x9A, 0x56, 0x4E,
    0x39, 0xB4, 0x02, 0x80, 0xA5, 0x60, 0x4F, 0x70, 0x08, 0x67, 0xBF, 0x43, 0x05, 0xE3, 0xAE, 0x38,
    0xD9, 0x94, 0xFA, 0xB3, 0x47, 0x45, 0xAE, 0x0A, 0x60, 0x9F, 0x5F, 0xC2, 0xD7, 0x92, 0x74, 0x47,
    0x1A, 0xA6, 0x5B, 0xBD, 0xD9, 0x22, 0x95, 0xDF, 0x84, 0x72, 0xF9, 0x1E, 0x57, 0x20, 0x71, 0x7B,
    0x10, 0xFD, 0xB9, 0x81, 0x50, 0x25, 0x81, 0xB7, 0xC0, 0x11, 0x30, 0x2F, 0x1B, 0xD5, 0x0D, 0x2A,
    0x1C, 0x18, 0x5E, 0x63, 0xA8, 0x1D, 0x15, 0x8F, 0xAA, 0x67, 0x52, 0xA3, 0x3A, 0x91, 0x24, 0x2E,
    0xCE, 0x7E, 0xA4, 0x1B, 0x2B, 0x60, 0x54, 0x7D, 0xFA, 0x22, 0xCA, 0x06, 0x9F, 0x92, 0x7B, 0x9A,
    0x6D, 0x39, 0x65, 0xC1, 0x7A, 0x03, 0x89, 0xC4, 0xC9, 0x8E, 0xD7, 0x8E, 0x35, 0x81, 0x1D, 0xD2,
    0x33, 0xE5, 0x28, 0x98, 0xFE, 0x39, 0x44, 0x90, 0x55, 0x8C, 0x39, 0x0F, 0xBD, 0x5C, 0xE4, 0x95,
    0x16, 0x6D, 0x44, 0x73, 0xFE, 0xBA, 0x40, 0xBF, 0x7B, 0x4B, 0x82, 0x2F, 0xEF, 0xAC, 0x4B, 0x72,
    0xC9, 0x69, 0xBC, 0x5E, 0xBB, 0x83, 0x2C, 0x7C, 0x84, 0xFE, 0x78, 0xD2, 0xF8, 0xE4, 0x39, 0xA8,
    0x4E, 0xA7, 0xCF, 0x06, 0xDE, 0x57, 0xD1, 0x8B, 0x7B, 0x45, 0x5C, 0x0D, 0x71, 0xAB, 0x61, 0x2E,
    0xD4, 0x49, 0xB7, 0x0C, 0x7A, 0x99, 0x16, 0x42, 0xB1, 0x59, 0x8B, 0xDB, 0xF8, 0xE4, 0x34, 0xE1,
    0x06, 0x65, 0x30, 0xD7, 0x3B, 0xB7, 0x91, 0xAF, 0xFD, 0x93, 0xA3, 0xB8, 0x11, 0xB1, 0xD5, 0x9E,
    0x2A, 0x2F, 0x55, 0x83, 0x89, 0xED, 0x1B, 0x23, 0xC8, 0xA7, 0x10, 0x6C, 0x87, 0x53, 0x61, 0xFA,
    0x65, 0xC1, 0x32, 0xAA, 0x68, 0xA8, 0xBF, 0x03, 0x41, 0x5E, 0x73, 0xB4, 0xBF, 0x9E, 0x6E, 0x15,
    0xF2, 0xA9, 0xE9, 0x2C, 0xC6, 0x8A, 0x56, 0xF4, 0x3D, 0xB4, 0xFF, 0xEB, 0xA0, 0x7F, 0x0B, 0xD4,
    0x10, 0xB6, 0x63, 0x57, 0xBA, 0x39, 0xF4, 0xB8, 0xB4, 0x03, 0x53, 0x89, 0xF0, 0x7E, 0xB0, 0x0F,
    0x8D, 0xD6, 0x3F, 0xD4, 0xF4, 0x4C, 0x01, 0xA4, 0xB5, 0x48, 0x95, 0xBC, 0x29, 0x15, 0xF2, 0x1E,
    0xEF, 0x70, 0x33, 0x68, 0x49, 0xBE, 0xA8, 0xB4, 0x73, 0x4B, 0x01, 0xF9, 0xFC, 0x2E, 0x2A, 0x24,
    0xF5, 0xDE, 0x97, 0x46, 0x90, 0xF5, 0x50, 0xCC, 0x3F, 0x61, 0x04, 0xDF, 0x76, 0x69, 0x68, 0xA6,
    0xA6, 0x94, 0x31, 0xDB, 0x0A, 0x56, 0x82, 0x0E, 0x5E, 0x7E, 0x25, 0x19, 0x68, 0xCD, 0xA8, 0x60,
    0x60, 0x0D, 0xDD, 0x6C, 0xF3, 0xC8, 0x6B, 0x81, 0x56, 0xE7, 0xBA, 0x4A, 0x48, 0x7F, 0xE9, 0xB8,
    0xE6, 0xBB, 0xDC, 0x77, 0x6F, 0x3F, 0xBF, 0x7D, 0xF6, 0x66, 0x35, 0x9D, 0xDF, 0xAC, 0xEA, 0xE7,
    0x63, 0x8C, 0x27, 0xF6, 0x44, 0x25, 0xB1, 0x55, 0x76, 0xC3, 0x1A, 0x1A, 0xA1, 0xAF, 0xD8, 0x5A,
    0xA9, 0xFC, 0x3E, 0xEC, 0x04, 0x0D, 0xA4, 0x3F, 0xD5, 0x96, 0x3D, 0x7D, 0xA4, 0x89, 0xE5, 0xFC,
    0xBC, 0x67, 0xD7, 0x02, 0xDF, 0xDB, 0x24, 0xC4, 0x0C, 0xD2, 0x97, 0x09, 0x71, 0x34, 0x53, 0x63,
    0x26, 0xC4, 0xAB, 0x64, 0x46, 0x25, 0xA7, 0x6E, 0xAE, 0x7F, 0x2A, 0xBA, 0xEB, 0x3B, 0xBD, 0x14,
    0x0F, 0x06, 0x95, 0x3A, 0xA4, 0x06, 0xBD, 0x1C, 0xF4, 0x7A, 0x68, 0xBE, 0x9E, 0x57, 0xDF, 0x68,
    0x0F, 0x8F, 0xC4, 0x91, 0x3A, 0x92, 0x07, 0x6E, 0xBD, 0xB2, 0x0A, 0x16, 0x67, 0xE9, 0x5D, 0xFA,
    0xC5, 0x5F, 0x2C, 0x59, 0x3F, 0x41, 0x50, 0x40, 0xF6, 0x5F, 0x55, 0x01, 0x0B, 0x0B, 0x09, 0xD3,
    0xD9, 0xE8, 0xB2, 0xF7, 0xE2, 0xC2, 0xA5, 0xCD, 0x9D, 0xE9, 0x1E, 0x59, 0x53, 0x7E, 0x72, 0xFC,
    0x50, 0x67, 0x57, 0x8D, 0xE3, 0x11, 0x6B, 0x16, 0xE7, 0xF0, 0x94, 0x96, 0x58, 0xDC, 0x45, 0xE7,
    0x2A, 0xC0, 0x25, 0xFE, 0x5F, 0xCB, 0x56, 0x6A, 0x41, 0x7E, 0xAB, 0xA5, 0xAA, 0x75, 0xDD, 0x63,
    0x11, 0x3B, 0x66, 0xD6, 0x41, 0xE2, 0x84, 0xA9, 0x93, 0x37, 0x63, 0xC5, 0xD0, 0x88, 0x22, 0xD9,
    0x88, 0xF2, 0xBA, 0x14, 0xB2, 0x92, 0x67, 0x3A, 0xF9, 0x1C, 0xB1, 0x25, 0x75, 0xA2, 0x69, 0xAC,
    0x42, 0x33, 0x68, 0x4A, 0x36, 0xA2, 0xA6, 0x2C, 0x45, 0x56, 0x98, 0x14, 0xC2, 0xB4, 0x20, 0x93,
    0x60, 0x64, 0x0E, 0x0F, 0xE9, 0xF3, 0x7B, 0x9D, 0x32, 0xE1, 0x45, 0x4D, 0x8D, 0x00, 0x02, 0x81,
    0x12, 0xA3, 0xFF, 0xFA, 0x61, 0x41, 0xE2, 0xFF, 0xD1, 0xC3, 0xC2, 0xC3, 0x75, 0x1E, 0xCF, 0xEF,
    0xFC, 0x74, 0x7D, 0x42, 0x32, 0x41, 0xEA, 0x74, 0x6F, 0x61, 0x7B, 0x77, 0x46, 0xDE, 0x32, 0x04,
    0xA2, 0xB7, 0x54, 0x1D, 0xAC, 0x44, 0xB1, 0x23, 0x23, 0x10, 0x44, 0x6D, 0x0F, 0x71, 0xD3, 0x83,
    0xE9, 0xE1, 0xF3, 0xE3, 0x9A, 0xD4, 0xFF, 0xAD, 0x26, 0xF6, 0x9F, 0x54, 0xF2, 0x2D, 0xFB, 0xF1,
    0xC1, 0x3E, 0x90, 0xFB, 0x0A, 0x61, 0x79, 0x11, 0x54, 0x0B, 0x0F, 0x9E, 0xC0, 0xC2, 0x6F, 0x05,
    0x9B, 0xF3, 0xD4, 0xEA, 0x3D, 0x9D, 0x56, 0xD9, 0x0D, 0x6A, 0x20, 0xFB, 0x4A, 0x5A, 0xA5, 0xDE,
    0x89, 0xD0, 0x0B, 0x2E, 0x84, 0x6E, 0xF6, 0xB2, 0x1A, 0x72, 0xD2, 0xC3, 0xF1, 0x96, 0xF1, 0xC3,
    0xD7, 0xEC, 0x9F, 0xA7, 0x82, 0xB2, 0xB1, 0x05, 0x93, 0x7C, 0x65, 0xD5, 0xFC, 0x23, 0x87, 0xB0,
    0x00, 0x6E, 0x2C, 0x1C, 0x90, 0x78, 0x44, 0xE5, 0xEB, 0x0B, 0xA1, 0xE9, 0x60, 0x59, 0x09, 0x1C,
    0x37, 0x10, 0xA8, 0x13, 0x05, 0x65, 0x0F, 0xD4, 0x0F, 0x00, 0x35, 0x23, 0xAE, 0xB9, 0x73, 0x95,
    0xF8, 0xB3, 0xCB, 0x8E, 0xE9, 0x2A, 0x28, 0x03, 0x16, 0x45, 0x07, 0xA4, 0x61, 0x05, 0x7C, 0xB0,
    0xB8, 0x18, 0x8D, 0x31, 0xDC, 0xFF, 0x14, 0x92, 0xA7, 0xDD, 0xC9, 0xAD, 0x50, 0x3C, 0xDE, 0x0A,
    0x85, 0xEE, 0x83, 0xF3, 0x13, 0xF3, 0x5F, 0xCC, 0x93, 0x31, 0x88, 0x24, 0x45, 0x14, 0x86, 0xFF,
    0xEE, 0x56, 0x07, 0xEC, 0xA0, 0x12, 0x05, 0x4D, 0xAC, 0xC8, 0x40, 0xE1, 0xAE, 0x73, 0x38, 0xAF,
    0x0A, 0xCC, 0xE1, 0x22, 0x13, 0x73, 0x30, 0x8F, 0x77, 0x7B, 0xEA, 0x30, 0x30, 0x3C, 0xF3, 0xD8,
    0xE8, 0x62, 0x83, 0x45, 0x77, 0x9D, 0x32, 0xBA, 0xC0, 0xC0, 0x02, 0x73, 0x6C, 0x0C, 0x35, 0xB0,
    0xC4, 0x12, 0x1B, 0xE9, 0x99, 0xF2, 0x7F, 0x8F, 0xED, 0xC6, 0x71, 0xD1, 0xF0, 0xD8, 0x1A, 0xF6,
    0xFB, 0xE1, 0x15, 0xAF, 0xFE, 0x57, 0x7F, 0xD7, 0x62, 0x01, 0x4C, 0x10, 0xDA, 0xD0, 0xCC, 0xC0,
    0xE0, 0xDB, 0x42, 0xA2, 0xCB, 0x80, 0xBB, 0xE5, 0x6E, 0x02, 0x46, 0xE5, 0x0D, 0xFA, 0x04, 0x2C,
    0x30, 0x71, 0xE5, 0xCC, 0x3E, 0xB0, 0x71, 0xF0, 0x60, 0xE3, 0x00, 0x69, 0x71, 0x2B, 0xD9, 0x32,
    0x42, 0x5A, 0x48, 0x13, 0x85, 0x36, 0x4A, 0xDD, 0x79, 0xB8, 0x80, 0x0A, 0xD8, 0x3F, 0x3E, 0xA6,
    0x73, 0x5F, 0x6B, 0x06, 0x9A, 0x5A, 0x3D, 0xB4, 0x87, 0xCB, 0x78, 0xE1, 0x43, 0x01, 0x1E, 0x29,
    0x2F, 0x94, 0xEE, 0x73, 0xE1, 0x30, 0x61, 0x5D, 0x4D, 0x41, 0x1F, 0xE9, 0x66, 0x36, 0xD8, 0xC0,
    0x23, 0xAC, 0xA7, 0xEB, 0x20, 0xA6, 0x4E, 0xC1, 0x2A, 0x46, 0x56, 0x71, 0x23, 0x93, 0x2E, 0x2C,
    0x34, 0x82, 0x6E, 0x26, 0xFA, 0x42, 0x0C, 0xC4, 0xD3, 0xBF, 0xD8, 0x5D, 0x7F, 0xCA, 0x1C, 0xE8,
    0x43, 0x3A, 0x3C, 0xE9, 0x03, 0x80, 0xC7, 0xE0, 0xBA, 0x12, 0xE4, 0x0D, 0x27, 0x4F, 0xEC, 0x03,
    0xD6, 0xF5, 0x7A, 0x50, 0xC1, 0x90, 0x54, 0x70, 0xC8, 0x2A, 0x6D, 0x99, 0x55, 0xFB, 0x74, 0xA1,
    0xFA, 0x0E, 0x7F, 0x77, 0xD7, 0x25, 0xE0, 0xD8, 0x8A, 0x91, 0x7D, 0x3C, 0x55, 0xB4, 0x32, 0x69,
    0x6A, 0x4B, 0x5D, 0xA8, 0xDD, 0xAF, 0x3C, 0x8A, 0x83, 0xF4, 0x3F, 0xFA, 0x2E, 0x53, 0xCD, 0x33,
    0xBF, 0x9B, 0xA8, 0xD6, 0x78, 0xBD, 0x9B, 0x33, 0xDE, 0x06, 0xEA, 0xA5, 0xF1, 0x0E, 0xD4, 0xC5,
    0xA8, 0x36, 0xC5, 0x84, 0x1B, 0x6A, 0x97, 0x4D, 0x58, 0x44, 0x93, 0x79, 0x5A, 0xA8, 0x7D, 0x34,
    0x9F, 0x66, 0xAA, 0x09, 0xE6, 0xB3, 0x44, 0x65, 0x4C, 0xDF, 0x45, 0x60, 0xA0, 0xC1, 0xF7, 0x81,
    0x7A, 0x41, 0x23, 0x50, 0x67, 0xF4, 0x27, 0x51, 0xE6, 0xB1, 0xFC, 0x53, 0x13, 0x76, 0x05, 0xFA,
    0x29, 0x77, 0x19, 0xBA, 0x3E, 0x51, 0x36, 0x27, 0x95, 0x5D, 0x55, 0xB1, 0xCF, 0xA2, 0xDE, 0xAE,
    0x4B, 0x22, 0x13, 0x7F, 0xFF, 0x5A, 0x8F, 0xA5, 0xDD, 0x49, 0xFE, 0x19, 0x23, 0xC5, 0x64, 0x1C,
    0x29, 0x0F, 0x0B, 0x16, 0xCA, 0x07, 0xA5, 0x2D, 0x94, 0xEB, 0xA2, 0x2F, 0xA9, 0x94, 0x3E, 0xC1,
    0xB5, 0xB9, 0xC8, 0x7D, 0xBB, 0x69, 0xB6, 0x1E, 0xC3, 0x2E, 0xCE, 0x92, 0x9B, 0x09, 0xF3, 0x48,
    0xB1, 0x98, 0xAF, 0xF5, 0x0E, 0x57, 0x33, 0xE5, 0x11, 0xBE, 0xCA, 0x94, 0x2B, 0x7C, 0x4D, 0x5B,
    0x5B, 0x70, 0x48, 0x94, 0x8C, 0x43, 0xA4, 0x24, 0xEC, 0xFD, 0x3A, 0xB4, 0x8E, 0xAC, 0x03, 0xEB,
    0xB8, 0x3A, 0x6C, 0x3E, 0x1B, 0x95, 0x87, 0x5A, 0x4D, 0x11, 0x74, 0x39, 0x6E, 0xEF, 0x26, 0x63,
    0xF0, 0x26, 0x71, 0x8B, 0xC1, 0x9B, 0xE8, 0x40, 0x1C, 0x81, 0xFE, 0x5B, 0x9A, 0xEF, 0x7E, 0xC8,
    0x40, 0xF7, 0x4B, 0x02, 0xDA, 0x1A, 0x68, 0xA1, 0x71, 0x1C, 0x05, 0x8B, 0x38, 0xCE, 0xFA, 0x30,
    0x88, 0x2E, 0x6F, 0x98, 0xD6, 0x77, 0xCF, 0x5B, 0xCA, 0x51, 0xD0, 0xF5, 0x9E, 0x52, 0xDB, 0xBB,
    0x1A, 0x48, 0xF3, 0x22, 0x92, 0x8C, 0x81, 0xFC, 0x92, 0xBF, 0xB3, 0xA5, 0x83, 0xC0, 0x04, 0x0E,
    0x06, 0x7D, 0x15, 0xC2, 0xA3, 0x90, 0x13, 0xEB, 0xFF, 0x08, 0x3D, 0x12, 0x5D, 0xE8, 0xC4, 0x1D,
    0x9A, 0xDA, 0x40, 0x66, 0x07, 0xE1, 0x48, 0xB6, 0x79, 0x11, 0xFE, 0x56, 0xC8, 0xE6, 0xF7, 0x2C,
    0xFC, 0x33, 0xE9, 0x08, 0x51, 0xE9, 0x85, 0x27, 0xAC, 0x37, 0xD1, 0xAB, 0x48, 0xAF, 0xB0, 0x9F,
    0x84, 0x36, 0x12, 0xEF, 0x1E, 0x08, 0xB8, 0xA3, 0x52, 0xCB, 0x78, 0x05, 0xEC, 0x1D, 0x64, 0x6E,
    0xD7, 0x11, 0x0F, 0x5A, 0x3D, 0x16, 0xF7, 0x23, 0xE6, 0xE6, 0x0B, 0x61, 0x57, 0x84, 0x26, 0x11,
    0xF4, 0x14, 0x5E, 0x0A, 0xEE, 0x3C, 0x5B, 0x53, 0x6B, 0x5D, 0x69, 0x6B, 0xD5, 0x38, 0xDA, 0x45,
    0xB8, 0xCB, 0xD8, 0x4E, 0x70, 0x41, 0xF8, 0x8D, 0x1E, 0xFF, 0x1F, 0x9B, 0x07, 0x6C, 0x9B, 0xDD,
    0xFF, 0x6D, 0x9E, 0x0D, 0xF6, 0xF3, 0xF3, 0xE7, 0x80, 0x53, 0x73, 0x52, 0xCD, 0xF1, 0xFE, 0xFA,
    0x59, 0xDA, 0x79, 0xBD, 0x9F, 0x09, 0xC4, 0x83, 0xB3, 0xB9, 0xF7, 0xF5, 0x78, 0x8B, 0x37, 0x3F,
    0x5A, 0xF4, 0xD8, 0xF5, 0xAB, 0x0D, 0x41, 0xB6, 0xC1, 0xB5, 0xD5, 0xD5, 0x6D, 0xAB, 0x37, 0x5A,
    0xCF, 0x67, 0x75, 0xBA, 0x07, 0x1E, 0x57, 0x35, 0xA9, 0x37, 0xB0, 0xDD, 0x16, 0x27, 0xE5, 0xB5,
    0x12, 0xF7, 0x3D, 0xBB, 0xD7, 0x6E, 0xDF, 0xEC, 0x10, 0xA9, 0xFE, 0x4E, 0x5E, 0xFC, 0xD3, 0xB4,
    0xF4, 0x9C, 0x7E, 0xD2, 0xAB, 0x6B, 0x22, 0x5A, 0xD2, 0x83, 0xD7, 0x52, 0x23, 0xA5, 0xBC, 0x95,
    0x34, 0x1F, 0x8D, 0x07, 0x6F, 0xE1, 0x6D, 0x71, 0xD1, 0x70, 0xFB, 0x17, 0xFA, 0x0E, 0x6B, 0x24,
    0xDB, 0x0A, 0xCD, 0xFC, 0x9E, 0x67, 0xD4, 0xFA, 0xD6, 0xA3, 0x4B, 0x03, 0xD0, 0xE4, 0x05, 0x40,
    0xCD, 0xC4, 0x3E, 0x12, 0x83, 0x7F, 0x59, 0xEF, 0xEB, 0xD5, 0x27, 0xC4, 0x7E, 0x01, 0x9A, 0xAA,
    0xC9, 0x6F, 0xFF, 0xC6, 0x91, 0x30, 0x1B, 0x6C, 0x58, 0xA7, 0x72, 0x58, 0x31, 0x6E, 0xB8, 0xD9,
    0xD2, 0xFE, 0x7B, 0x48, 0xE5, 0x03, 0x5A, 0x21, 0x81, 0x5A, 0x3E, 0xE0, 0x34, 0x1D, 0x16, 0xF6,
    0x6A, 0x7F, 0x40, 0xBC, 0x2F, 0x20, 0x02, 0xA4, 0x01, 0x00, 0xD5, 0x98, 0x01, 0xA4, 0x2D, 0xD7,
    0xF5, 0xC6, 0xBF, 0x99, 0xC9, 0xBB, 0xE3, 0xFF, 0x06, 0xF3, 0x47, 0x42, 0xDA, 0xE2, 0x14, 0x41,
    0xA1, 0x3D, 0x00, 0x90, 0x77, 0x67, 0xB4, 0x80, 0x22, 0x41, 0xD3, 0x87, 0x22, 0x05, 0xAA, 0xA8,
    0x0B, 0x00, 0xB9, 0x33, 0x93, 0x16, 0x01, 0xF4, 0x82, 0x02, 0x08, 0x02, 0x3D, 0x01, 0x80, 0xD2,
    0x73, 0xEE, 0x99, 0xB4, 0x08, 0x8A, 0x8C, 0x52, 0x00, 0x9D, 0x56, 0x0A, 0x29, 0x32, 0xD1, 0xA9,
    0xCC, 0x7B, 0x66, 0xCE, 0xEE, 0xFE, 0x59, 0xFB, 0xE6, 0xBC, 0x93, 0x77, 0x43, 0xC0, 0xCD, 0x7B,
    0xEB, 0xDD, 0xF9, 0xD6, 0x78, 0x67, 0xF6, 0xDE, 0xDF, 0xFA, 0xF6, 0xDA, 0x7B, 0xCF, 0x1A, 0x61,
    0xD1, 0xEB, 0xC2, 0xB2, 0x5E, 0xAA, 0x0F, 0x65, 0xDE, 0x29, 0x75, 0xAE, 0x5F, 0xB5, 0x5A, 0x3F,
    0xBE, 0x98, 0x0B, 0x69, 0xDF, 0x44, 0x6E, 0x56, 0xB4, 0x48, 0x75, 0xAF, 0x64, 0x94, 0x8A, 0x92,
    0x67, 0xB5, 0x6E, 0x94, 0xB7, 0x12, 0x0F, 0x36, 0xE2, 0xB6, 0x28, 0xCD, 0x09, 0xA7, 0x5A, 0xFC,
    0xA6, 0xCA, 0xDC, 0xB5, 0x68, 0x80, 0xE3, 0x31, 0x5C, 0x2D, 0x9C, 0xF6, 0xDC, 0x49, 0x8B, 0x68,
    0x97, 0xCC, 0xDE, 0xB5, 0xCA, 0x06, 0x69, 0xD5, 0xAB, 0xE8, 0xA4, 0xEC, 0xF0, 0x53, 0xD7, 0x48,
    0xB1, 0x73, 0x8B, 0xE8, 0xC2, 0x75, 0xC2, 0x7E, 0x02, 0x60, 0xF7, 0x1B, 0xD9, 0x00, 0xD6, 0x7F,
    0xEA, 0x9A, 0x42, 0xAA, 0xDD, 0xB0, 0x28, 0x72, 0x0F, 0xDD, 0xA8, 0x64, 0xD2, 0x1E, 0xBA, 0xF4,
    0x6E, 0xDC, 0xD6, 0x25, 0xF8, 0xE4, 0x5F, 0x15, 0x30, 0xFC, 0xED, 0x40, 0xC1, 0x44, 0xF1, 0x04,
    0xDD, 0x14, 0x3A, 0x1F, 0x5F, 0xC0, 0xC6, 0xB9, 0x52, 0x8A, 0xDC, 0x24, 0x64, 0x03, 0xCC, 0x8C,
    0x4E, 0x3C, 0xD3, 0x2A, 0xFF, 0xCD, 0x88, 0x5B, 0xBD, 0x33, 0x44, 0x93, 0xB4, 0x7E, 0xAD, 0x8D,
    0x47, 0x78, 0x97, 0xC9, 0x20, 0x15, 0x93, 0x70, 0x45, 0xA9, 0xB4, 0x67, 0x14, 0x1C, 0xE3, 0x65,
    0x1D, 0x03, 0x42, 0xF0, 0x09, 0xB7, 0x6A, 0xE4, 0x7B, 0x80, 0x6F, 0x4C, 0x0F, 0xB2, 0xA6, 0x37,
    0xCE, 0x7A, 0xA0, 0x29, 0x8E, 0x36, 0x38, 0x84, 0x20, 0xA8, 0xD2, 0x5F, 0x8D, 0x1C, 0xD2, 0xFC,
    0xF7, 0x67, 0xB3, 0x04, 0xF3, 0x01, 0xCE, 0x04, 0x70, 0x9C, 0x72, 0xEC, 0x97, 0xC2, 0x16, 0x61,
    0x73, 0x34, 0x2A, 0xFB, 0xD3, 0xE8, 0x47, 0xC8, 0xFF, 0xD2, 0x83, 0xAE, 0xF1, 0xB8, 0x9A, 0x18,
    0x6C, 0x55, 0x32, 0xD6, 0x3A, 0xC8, 0x68, 0x08, 0x47, 0x46, 0x2D, 0xB5, 0x83, 0xA8, 0x89, 0x16,
    0x81, 0x08, 0xEF, 0x31, 0x1B, 0xC1, 0x35, 0xF8, 0xF6, 0x63, 0x64, 0x74, 0xFF, 0x1C, 0x20, 0xF3,
    0xA3, 0x5E, 0x92, 0x71, 0x30, 0xFB, 0x96, 0xFF, 0x17, 0x2C, 0x2F, 0xB7, 0x0A, 0x96, 0xFD, 0x79,
    0x50, 0xB0, 0xC4, 0xB5, 0x76, 0x43, 0x10, 0xE6, 0x8D, 0xF7, 0xED, 0x86, 0xE4, 0xEF, 0x89, 0xB0,
    0x9D, 0x54, 0x10, 0x75, 0x7E, 0x73, 0xDB, 0x87, 0xDB, 0x8A, 0xC0, 0x04, 0x5D, 0xED, 0x98, 0x3B,
    0x91, 0xDC, 0x04, 0x72, 0x80, 0x44, 0x2F, 0xA2, 0xA9, 0xE9, 0xC8, 0xA6, 0xA3, 0xB0, 0x9C, 0x8D,
    0x88, 0xCB, 0x5A, 0xC5, 0x84, 0x65, 0xAD, 0x6C, 0x4E, 0x68, 0x65, 0xB7, 0xD6, 0xCA, 0x6E, 0x69,
    0x85, 0x80, 0xF8, 0x45, 0x36, 0x63, 0xD7, 0xB4, 0x0A, 0x33, 0x4D, 0x76, 0x72, 0x0B, 0x07, 0x5A,
    0x21, 0x6A, 0x3A, 0xF2, 0x34, 0xCA, 0xD2, 0x27, 0xAD, 0x90, 0xB7, 0x6E, 0x51, 0x95, 0x3E, 0xCF,
    0x1C, 0xAD, 0xB8, 0xDD, 0xEC, 0x27, 0xAD, 0x3E, 0xD9, 0x6C, 0xC8, 0x7A, 0xD7, 0x11, 0x9F, 0x93,
    0xF6, 0xEE, 0x63, 0xD9, 0x6D, 0xB0, 0xB8, 0x8C, 0x9B, 0xA0, 0x63, 0xBF, 0x2A, 0x4D, 0x1B, 0x8D,
    0xBB, 0x20, 0x8D, 0xF6, 0x63, 0x50, 0x86, 0x35, 0x67, 0xC2, 0xB0, 0x9A, 0x4C, 0x17, 0xCC, 0x64,
    0xC1, 0x4C, 0x95, 0xC2, 0x1D, 0x82, 0x28, 0xB5, 0xBF, 0x33, 0x4D, 0x5E, 0x7A, 0x63, 0x09, 0x92,
    0xB0, 0x6E, 0x2C, 0x76, 0x96, 0xB2, 0xDD, 0x91, 0x9A, 0xE1, 0xAE, 0x38, 0xCA, 0x71, 0x54, 0xE3,
    0x28, 0x46, 0xD0, 0x82, 0x06, 0x26, 0x05, 0x0D, 0x82, 0x12, 0xB0, 0x31, 0x21, 0xC6, 0x13, 0x1D,
    0x4C, 0x86, 0x56, 0x47, 0x15, 0xDA, 0x2F, 0x44, 0x68, 0xC2, 0x12, 0xBD, 0xD2, 0xBB, 0xDC, 0x4C,
    0x9A, 0xD2, 0x4E, 0x82, 0xF4, 0x03, 0xDF, 0x95, 0xE0, 0xBC, 0x46, 0x61, 0x91, 0xF0, 0xA3, 0xDD,
    0x40, 0x90, 0x1B, 0x10, 0xA3, 0x85, 0xD8, 0x8D, 0xB2, 0x36, 0xA7, 0xC7, 0xC2, 0x7D, 0x64, 0x37,
    0xEE, 0xE1, 0xA7, 0xED, 0xBD, 0x37, 0xEA, 0x32, 0x99, 0xC4, 0x40, 0xD7, 0x04, 0x5C, 0x97, 0xA4,
    0x87, 0x2D, 0x90, 0x74, 0x20, 0x86, 0xB0, 0x5E, 0x4A, 0x6E, 0x0C, 0x2B, 0x9E, 0xE5, 0x66, 0x87,
    0x58, 0xB6, 0xE1, 0xB0, 0xCF, 0x54, 0xD6, 0x94, 0x9B, 0x64, 0xE2, 0x59, 0x55, 0x2C, 0xA2, 0x45,
    0xB6, 0x8E, 0x78, 0x56, 0xC5, 0x07, 0x8F, 0x07, 0x9E, 0x15, 0xAB, 0x29, 0x67, 0x61, 0xA7, 0x7E,
    0x41, 0xE5, 0xCC, 0x9F, 0xFE, 0x5F, 0xC1, 0xD6, 0x76, 0x21, 0x5D, 0x61, 0xCE, 0x46, 0x0D, 0x3B,
    0x1C, 0x17, 0xCB, 0x6C, 0xE6, 0xEF, 0xE8, 0x50, 0x85, 0x2B, 0x1E, 0xD1, 0x05, 0x21, 0xB8, 0x6E,
    0x5C, 0x8F, 0x22, 0x48, 0xC3, 0xC5, 0xC4, 0x65, 0x1D, 0x5C, 0xB9, 0xCC, 0x11, 0x2B, 0xD7, 0xAA,
    0x64, 0x9A, 0xB4, 0x36, 0x77, 0xC3, 0x61, 0xB3, 0xB1, 0xCD, 0xD9, 0xB5, 0x15, 0x29, 0xEA, 0x1A,
    0x78, 0xD8, 0xE0, 0x47, 0x67, 0x19, 0x7E, 0xEF, 0x62, 0xC0, 0xE5, 0xAE, 0x15, 0xCE, 0x52, 0x2F,
    0x2A, 0x41, 0xEC, 0x65, 0x42, 0x23, 0x0D, 0x39, 0x40, 0x40, 0x5D, 0x12, 0x17, 0x61, 0x01, 0x44,
    0x66, 0x1D, 0x46, 0x23, 0x18, 0x8F, 0xD1, 0x44, 0x04, 0xF1, 0x08, 0x26, 0x03, 0xFC, 0x13, 0xB0,
    0x23, 0xA4, 0xAC, 0x25, 0xA2, 0xBC, 0xCD, 0x3A, 0x30, 0x6F, 0x89, 0x00, 0x5C, 0x97, 0x44, 0xB3,
    0x26, 0x18, 0xB4, 0xF7, 0x78, 0xEE, 0x3D, 0x02, 0x12, 0xC9, 0x4E, 0x04, 0x32, 0x8B, 0x38, 0x8C,
    0xB9, 0x1D, 0x0A, 0x23, 0x18, 0x0F, 0x60, 0x02, 0x5A, 0x26, 0xC5, 0x17, 0x2D, 0xB7, 0xA4, 0x88,
    0x92, 0xC5, 0x62, 0x61, 0x34, 0xEF, 0x18, 0x98, 0x11, 0x3B, 0x3F, 0x44, 0xD6, 0x12, 0x18, 0xC3,
    0x19, 0x30, 0xD8, 0x9A, 0xA0, 0x0A, 0xA2, 0x39, 0x07, 0x2A, 0x06, 0xDA, 0x59, 0x60, 0x31, 0xE0,
    0x47, 0x61, 0xB5, 0x45, 0xA3, 0x1F, 0xC9, 0x8F, 0x9B, 0x75, 0x89, 0x87, 0x96, 0x5C, 0x26, 0xAE,
    0xD0, 0x3B, 0x1D, 0x97, 0xA4, 0xA0, 0x00, 0xA6, 0x88, 0xF8, 0x4E, 0x47, 0x02, 0xA0, 0xF6, 0x8B,
    0x19, 0x55, 0xE1, 0x5E, 0x37, 0x76, 0xAA, 0x6A, 0x22, 0xF4, 0xD6, 0x0F, 0x4A, 0xF0, 0x1D, 0xE3,
    0x5E, 0xAA, 0x26, 0x2F, 0xB4, 0xD3, 0x1E, 0xAF, 0x59, 0x8B, 0x67, 0xC1, 0x02, 0x9D, 0x66, 0xAF,
    0xAB, 0xD7, 0x7B, 0xDA, 0x7A, 0x1A, 0x5E, 0xF9, 0xB1, 0xF2, 0x63, 0x7A, 0xED, 0x07, 0xC6, 0x46,
    0x7D, 0x74, 0xC5, 0xE7, 0xCD, 0xBA, 0xF4, 0xF3, 0xD0, 0xE7, 0xED, 0xDA, 0xB3, 0x4E, 0xFD, 0x3F,
    0x9E, 0x80, 0xFA, 0xB9, 0x98, 0x87, 0x78, 0xA8, 0xD0, 0xA5, 0x89, 0xA6, 0x9D, 0xF7, 0x9E, 0xF2,
    0xBC, 0xF5, 0x9C, 0x3D, 0xEB, 0xDD, 0xCC, 0x7C, 0x48, 0xE7, 0x93, 0xF7, 0x24, 0x16, 0xB4, 0xCE,
    0xA5, 0x15, 0x74, 0x2E, 0xA5, 0x7C, 0xD0, 0x96, 0x14, 0xC8, 0xA0, 0x65, 0x66, 0x9E, 0xA5, 0x86,
    0xB1, 0xD2, 0xB0, 0x97, 0x2E, 0xFA, 0x70, 0x54, 0x34, 0xE6, 0x09, 0xFF, 0x24, 0xD1, 0xF4, 0x62,
    0x88, 0x7F, 0x17, 0xE2, 0x5F, 0x42, 0xFC, 0x5B, 0x8B, 0x1F, 0xA5, 0x82, 0xB7, 0xF8, 0x65, 0xF1,
    0xC7, 0x03, 0xF1, 0x13, 0x4B, 0x88, 0xBF, 0xB7, 0xF8, 0xD3, 0xCE, 0xE2, 0xCF, 0x3A, 0x8B, 0x9F,
    0x5F, 0x88, 0x9F, 0x5F, 0x88, 0x9F, 0x99, 0x22, 0xFE, 0x55, 0x69, 0xF1, 0xAF, 0x65, 0xF1, 0x17,
    0xB2, 0xF8, 0x0B, 0x59, 0xFC, 0x55, 0x88, 0x7F, 0x17, 0xE2, 0xDF, 0x86, 0xF8, 0xE7, 0x10, 0xFF,
    0x64, 0xF1, 0x47, 0x16, 0x2F, 0x84, 0x31, 0x88, 0x9E, 0x78, 0x72, 0x13, 0xCB, 0x3B, 0x61, 0x67,
    0x75, 0x2B, 0x2C, 0x73, 0xE1, 0x67, 0x6B, 0xCE, 0x7A, 0x0C, 0xBE, 0x38, 0xF5, 0x8C, 0xFA, 0xB4,
    0xD9, 0xB9, 0xFE, 0x16, 0xAB, 0x76, 0x92, 0xB6, 0xB5, 0x6B, 0xE1, 0xB1, 0x2C, 0x17, 0x1D, 0xAB,
    0xC3, 0x75, 0x39, 0xF2, 0x44, 0x4E, 0x19, 0x8B, 0x30, 0x5E, 0x2C, 0x65, 0x93, 0xD9, 0xB3, 0x48,
    0x79, 0xC1, 0xB4, 0x9C, 0xE5, 0xBD, 0xC3, 0x27, 0x03, 0x53, 0xB5, 0x66, 0x39, 0x66, 0x3D, 0x19,
    0xDC, 0x40, 0x15, 0x31, 0xC8, 0x63, 0xC4, 0xC0, 0xD7, 0xE1, 0x4D, 0xE4, 0x3A, 0xBC, 0xDE, 0x2D,
    0xD0, 0x2A, 0x4A, 0x13, 0x83, 0x95, 0xA3, 0xAD, 0xCC, 0xE6, 0x53, 0x7F, 0xAB, 0x3C, 0x2C, 0xD6,
    0xFE, 0xE4, 0x95, 0x23, 0x3E, 0x1C, 0xCF, 0x50, 0x3B, 0x3F, 0x15, 0x71, 0x76, 0xDA, 0xB9, 0x69,
    0x67, 0xA6, 0x2D, 0xA7, 0x53, 0x33, 0x91, 0xF6, 0x25, 0xE8, 0xC0, 0xC4, 0x35, 0xA8, 0xFA, 0x77,
    0x30, 0xFF, 0x88, 0xCE, 0x57, 0xBF, 0x05, 0x8B, 0x0C, 0xAC, 0x40, 0xCD, 0x59, 0x07, 0xA1, 0xB4,
    0x83, 0x8E, 0xD7, 0x03, 0x75, 0x3C, 0xB2, 0x74, 0x48, 0x54, 0xE7, 0xB1, 0x06, 0x75, 0xD8, 0xBC,
    0xEF, 0x55, 0x9C, 0x6D, 0x9B, 0x06, 0xD3, 0x9E, 0x80, 0xF2, 0x16, 0x24, 0x69, 0x59, 0x25, 0xE0,
    0x35, 0x28, 0xE8, 0x97, 0x4A, 0x3A, 0x4F, 0x33, 0x1A, 0xD0, 0x83, 0x3E, 0x54, 0xB7, 0x4F, 0x31,
    0xCF, 0x0E, 0x89, 0x97, 0xD6, 0x7D, 0xD8, 0x8A, 0xB3, 0x8D, 0x73, 0xAD, 0xE1, 0x4C, 0x2B, 0xC3,
    0xC6, 0xC1, 0x92, 0x2B, 0x01, 0xA9, 0x02, 0x76, 0x76, 0x76, 0x71, 0x6E, 0xD9, 0x99, 0xC5, 0x79,
    0xC5, 0xD4, 0x78, 0xF8, 0xE0, 0x30, 0xD8, 0x1B, 0x5F, 0xEA, 0x7E, 0x78, 0x73, 0x36, 0xFD, 0x9F,
    0xEE, 0x4B, 0x79, 0x73, 0x29, 0x25, 0x7F, 0xE5, 0x90, 0x71, 0x5D, 0x50, 0x07, 0x9E, 0x47, 0xB3,
    0x37, 0xFD, 0x02, 0x88, 0x1F, 0xD9, 0x14, 0x21, 0x88, 0x01, 0x89, 0x0B, 0xD0, 0x14, 0xD1, 0x08,
    0xDA, 0xE0, 0xD6, 0x9D, 0x0D, 0x80, 0x25, 0x64, 0x4D, 0x8B, 0x00, 0x13, 0x1D, 0x03, 0x35, 0x13,
    0xB3, 0x67, 0xBA, 0xCF, 0xCA, 0xB3, 0xD2, 0x8B, 0xA4, 0x78, 0x98, 0x4D, 0x22, 0x14, 0x2A, 0x74,
    0xB4, 0xCB, 0xD0, 0xCD, 0x1C, 0x2E, 0x3B, 0x2F, 0x65, 0x47, 0x8B, 0x5D, 0x90, 0x83, 0x9B, 0x1D,
    0x28, 0x76, 0xC1, 0x0B, 0x5A, 0x6B, 0xF8, 0x1C, 0xDF, 0x78, 0xED, 0x65, 0xD7, 0xDE, 0x73, 0x2D,
    0xDF, 0x58, 0x18, 0x46, 0xF0, 0xD4, 0x28, 0xCD, 0x24, 0x2A, 0x33, 0x89, 0xC2, 0x4C, 0xD4, 0x65,
    0x07, 0x2B, 0xCB, 0x42, 0x55, 0x66, 0x45, 0x99, 0xD5, 0x64, 0x56, 0x92, 0x15, 0xA5, 0x40, 0x81,
    0x56, 0x8F, 0x55, 0x02, 0xAD, 0x1A, 0xB3, 0x62, 0x0C, 0xAC, 0x05, 0xEE, 0xAD, 0x12, 0xB3, 0x42,
    0xCC, 0xEA, 0x30, 0x2B, 0xC3, 0xAC, 0x0A, 0xB3, 0x22, 0xCC, 0x66, 0xC6, 0x6A, 0x1E, 0x66, 0xF3,
    0x4C, 0xCA, 0x9A, 0x4A, 0x4A, 0xFE, 0x81, 0x12, 0xB0, 0x13, 0x62, 0x9A, 0xDE, 0x66, 0xE1, 0xE4,
    0xA3, 0x2C, 0xA3, 0x2A, 0x9B, 0xC9, 0x92, 0x6B, 0xAB, 0xC9, 0x6C, 0x15, 0x87, 0x7C, 0x0A, 0x50,
    0x05, 0xA8, 0x00, 0x4B, 0x2F, 0x2B, 0xC5, 0xA8, 0xC4, 0xAC, 0x10, 0xA3, 0x0E, 0x0B, 0x65, 0x58,
    0x24, 0xEC, 0x15, 0x7D, 0xCF, 0xE3, 0x83, 0x68, 0x24, 0xBC, 0x1F, 0xC3, 0x2F, 0xB3, 0x15, 0xB7,
    0x84, 0xF5, 0x7D, 0x6A, 0x33, 0x29, 0x68, 0x35, 0x96, 0x95, 0x58, 0x56, 0x61, 0xD9, 0xFB, 0xA9,
    0xA1, 0x95, 0x57, 0xE0, 0xCE, 0xCA, 0x33, 0xB8, 0x06, 0x9C, 0xAC, 0x36, 0xB3, 0xD2, 0x2C, 0x54,
    0x66, 0x45, 0x40, 0x9A, 0x58, 0x59, 0x66, 0x55, 0x99, 0x15, 0x65, 0xF6, 0xDE, 0x67, 0x25, 0x99,
    0x55, 0x64, 0x56, 0x90, 0x85, 0x7A, 0x2C, 0x02, 0x6C, 0x83, 0xB1, 0xFD, 0x65, 0xDC, 0x85, 0xDD,
    0x05, 0xF5, 0x99, 0x2B, 0x1D, 0x8D, 0x1A, 0xCD, 0xCE, 0xF7, 0x00, 0x9E, 0x0D, 0xF5, 0x59, 0x49,
    0x79, 0xA6, 0x93, 0x43, 0xBE, 0x12, 0xA5, 0x19, 0x3C, 0x91, 0x30, 0x02, 0x78, 0xAB, 0x3C, 0xAE,
    0x50, 0x8A, 0x32, 0x56, 0x68, 0x28, 0xC9, 0x6C, 0xE7, 0xCE, 0x11, 0x56, 0x2B, 0x50, 0xDF, 0xDE,
    0xBC, 0xA7, 0x53, 0x3B, 0x67, 0x3B, 0x52, 0x95, 0x82, 0x0F, 0x92, 0xEE, 0x79, 0x10, 0x56, 0x94,
    0x03, 0x06, 0x9B, 0x4D, 0x29, 0xB3, 0xF2, 0x05, 0x3A, 0x2E, 0x6E, 0xA0, 0x7B, 0x70, 0x97, 0x12,
    0xB3, 0x62, 0x51, 0xFA, 0x89, 0x93, 0xE3, 0x52, 0xD8, 0x70, 0xBB, 0xD0, 0xAF, 0x26, 0xED, 0xF3,
    0x20, 0xB4, 0x19, 0x0F, 0x5A, 0xB9, 0x08, 0x29, 0xDB, 0xA6, 0xF3, 0x2F, 0x24, 0xEF, 0xCF, 0xBF,
    0x19, 0xC9, 0xCD, 0x56, 0x3A, 0xF7, 0x98, 0x7D, 0x30, 0x31, 0x07, 0xFF, 0xEE, 0xE0, 0x08, 0x7F,
    0xE8, 0xDE, 0x9A, 0xE7, 0x05, 0x5A, 0x3E, 0x2F, 0x79, 0x6E, 0x36, 0x40, 0x7C, 0xCB, 0x81, 0x73,
    0x7E, 0x4D, 0xC4, 0x93, 0x7D, 0xCE, 0xB8, 0x35, 0xED, 0xE3, 0xEE, 0xFB, 0x77, 0xBA, 0xB3, 0xB4,
    0x20, 0x6A, 0x88, 0x60, 0xB1, 0x51, 0xD8, 0xAB, 0xCF, 0xF3, 0xFE, 0x72, 0xE4, 0x66, 0xAB, 0x98,
    0x8E, 0xE1, 0x49, 0x90, 0xED, 0x37, 0xBE, 0xD3, 0xF0, 0xE6, 0xA0, 0xC4, 0xB9, 0x36, 0xF9, 0xD7,
    0x9B, 0x43, 0xC4, 0xC6, 0x83, 0x02, 0xD0, 0xE5, 0xA2, 0x9F, 0xEF, 0xB8, 0xC9, 0x87, 0x33, 0x65,
    0x87, 0x87, 0xE3, 0xAA, 0x83, 0x63, 0xDA, 0x53, 0x81, 0xF1, 0xA2, 0x57, 0xBC, 0x7D, 0xE0, 0x20,
    0x50, 0xCA, 0x99, 0xFF, 0xE2, 0x71, 0x2F, 0x35, 0x3C, 0xEE, 0xA6, 0x66, 0xB6, 0xBA, 0x2D, 0x4E,
    0x0B, 0xF4, 0x59, 0x7E, 0x23, 0x26, 0x88, 0x46, 0x91, 0x03, 0x36, 0x1B, 0x99, 0x1D, 0xF7, 0xA8,
    0xB4, 0xAF, 0x98, 0xBF, 0x57, 0xEF, 0xF0, 0xDD, 0xD8, 0x18, 0x29, 0x32, 0x7C, 0x52, 0xDC, 0xAC,
    0x04, 0x57, 0xED, 0x11, 0x33, 0x3D, 0xDB, 0xE2, 0x12, 0x04, 0x50, 0x12, 0xC8, 0x49, 0x18, 0xEB,
    0x16, 0x80, 0xD4, 0x7D, 0xDD, 0xA1, 0xB8, 0x8C, 0x17, 0x5E, 0x66, 0xC8, 0x68, 0xF3, 0xA3, 0x6E,
    0xB1, 0xD8, 0x39, 0x1E, 0x50, 0x16, 0x7C, 0xEE, 0x3D, 0x0F, 0x16, 0xAF, 0xB5, 0xC2, 0xAA, 0xDC,
    0xFC, 0xCC, 0x1E, 0x8B, 0x7A, 0x76, 0x80, 0xA7, 0x64, 0xBD, 0xD0, 0x0E, 0x4F, 0x88, 0x95, 0xB0,
    0x5A, 0x7B, 0x14, 0xD0, 0xC2, 0xB7, 0x22, 0x0A, 0x0E, 0x39, 0x77, 0x90, 0x7D, 0x34, 0xB1, 0xDE,
    0x27, 0x23, 0x63, 0x6C, 0x8A, 0xCD, 0xFB, 0x78, 0x1D, 0x78, 0x82, 0xF5, 0x69, 0x3E, 0x41, 0x71,
    0x48, 0xD9, 0x97, 0x37, 0xB2, 0x20, 0xFF, 0x64, 0xF3, 0x2E, 0x9A, 0xE4, 0x4C, 0xD0, 0x5E, 0xE6,
    0xA5, 0x78, 0xF3, 0x7B, 0x41, 0x87, 0x41, 0x70, 0x8B, 0xBE, 0x6C, 0xD9, 0x92, 0x65, 0x07, 0x26,
    0xF6, 0xB5, 0xDA, 0xB5, 0xA8, 0xBD, 0xBC, 0xD9, 0x25, 0x53, 0xE4, 0xFA, 0xB4, 0xF7, 0x8A, 0x3B,
    0xBF, 0x01, 0xF9, 0x08, 0x9D, 0x1F, 0xC7, 0x07, 0xB8, 0xF8, 0x91, 0xA8, 0xA5, 0xCF, 0x1C, 0xA2,
    0x3B, 0x37, 0xAB, 0x60, 0x5A, 0xAF, 0x54, 0x59, 0x61, 0x56, 0xC1, 0x0C, 0x97, 0x4D, 0x38, 0xAD,
    0x08, 0xAA, 0x50, 0xBD, 0xE0, 0x7E, 0xFD, 0xB9, 0x6B, 0x7E, 0xE5, 0x23, 0xFB, 0xF0, 0x53, 0xCF,
    0x22, 0x3D, 0xA4, 0xEF, 0x10, 0xE2, 0xEB, 0x61, 0x27, 0x31, 0x5B, 0xBB, 0x8F, 0x4D, 0x71, 0x69,
    0x75, 0xD8, 0xC0, 0xAA, 0xD3, 0xCB, 0x92, 0x13, 0x31, 0xCF, 0xA6, 0x2B, 0x98, 0x77, 0xC7, 0xDC,
    0x37, 0xBD, 0x0B, 0x19, 0x46, 0x7E, 0x56, 0x6B, 0x25, 0x6E, 0xD2, 0xB5, 0xC7, 0xD1, 0x23, 0x8A,
    0xDD, 0xE0, 0xD9, 0xFB, 0x8F, 0x54, 0x2B, 0xF7, 0x62, 0x14, 0x1E, 0x17, 0xCA, 0x1A, 0xBE, 0x53,
    0xF6, 0x60, 0x76, 0x78, 0x63, 0xDF, 0x88, 0xC1, 0x4B, 0x88, 0x3C, 0xB2, 0xB2, 0xC6, 0x0C, 0x52,
    0x0D, 0x59, 0xF4, 0xD9, 0xA0, 0xFA, 0x6F, 0x7F, 0x1C, 0xE4, 0x3B, 0xE8, 0xF9, 0x2A, 0xDD, 0x9D,
    0x7E, 0x5A, 0x6B, 0xE9, 0xAD, 0xF1, 0xB0, 0x2E, 0x57, 0x21, 0x51, 0xF7, 0xC0, 0x81, 0x35, 0xB4,
    0x78, 0xDA, 0xF9, 0xA2, 0xEC, 0xD1, 0x6E, 0x0B, 0xB5, 0x99, 0xA2, 0x6D, 0xB2, 0x5D, 0x5F, 0xF7,
    0x1E, 0x3E, 0x62, 0xCA, 0x88, 0xDB, 0xC3, 0x77, 0x45, 0xEB, 0xDF, 0xB9, 0x52, 0x05, 0x13, 0x76,
    0xDF, 0x75, 0xA1, 0x58, 0x26, 0xF4, 0xF2, 0x12, 0x19, 0x28, 0x97, 0xAD, 0x5E, 0xB6, 0xF5, 0xCD,
    0x12, 0x30, 0xBB, 0x33, 0x31, 0xC1, 0x5A, 0x24, 0x62, 0xC1, 0x4E, 0xF1, 0xF5, 0xC4, 0x8C, 0xAE,
    0xA2, 0x2B, 0x69, 0x64, 0xBB, 0xD9, 0x32, 0x4C, 0x31, 0x33, 0xF6, 0x70, 0x43, 0xE3, 0x16, 0xBD,
    0x8B, 0xAF, 0xD0, 0x3B, 0xFF, 0x92, 0xDE, 0x8D, 0xE9, 0x5D, 0x03, 0x07, 0x0F, 0xF1, 0xC2, 0xA4,
    0x78, 0x18, 0xAB, 0xAD, 0x52, 0x37, 0xCD, 0x8A, 0x5C, 0x37, 0x49, 0x2F, 0xA0, 0xB7, 0x7D, 0x94,
    0x4D, 0x80, 0xAC, 0x7F, 0x5A, 0xEF, 0x2B, 0x2B, 0x23, 0x5F, 0xE1, 0xAD, 0x23, 0xB6, 0x32, 0xB2,
    0x85, 0xA2, 0xD3, 0x57, 0x97, 0x91, 0x6B, 0x14, 0xE3, 0x6F, 0x01, 0x59, 0x07, 0x15, 0x31, 0x69,
    0xC7, 0xAA, 0xD4, 0x56, 0xB4, 0x9A, 0x93, 0x11, 0xE4, 0xBF, 0xA3, 0xA9, 0x68, 0xE8, 0xE5, 0x40,
    0x8F, 0x9F, 0x4F, 0xA0, 0x33, 0x44, 0x91, 0x74, 0xAA, 0x84, 0xA8, 0x56, 0xAD, 0xAF, 0x4B, 0xD0,
    0x73, 0x24, 0xD8, 0xCE, 0x63, 0x99, 0xF6, 0xCC, 0x15, 0xFC, 0x29, 0x86, 0xC1, 0x68, 0x66, 0x40,
    0x2D, 0x0C, 0xC8, 0xB4, 0xE8, 0x4A, 0x3F, 0x97, 0xFE, 0xC0, 0x83, 0xE7, 0xAB, 0x86, 0x14, 0xA0,
    0x2B, 0x46, 0xE0, 0xBF, 0xCC, 0xEE, 0x95, 0x5F, 0xF3, 0x73, 0x09, 0xFA, 0xEC, 0xE8, 0x75, 0x66,
    0x98, 0x99, 0xBC, 0x99, 0x56, 0x7C, 0x02, 0xAD, 0xA5, 0xF8, 0xB3, 0x59, 0x4A, 0xFE, 0x33, 0x40,
    0xDD, 0x43, 0x4A, 0x14, 0xD9, 0x34, 0xC3, 0xFE, 0xDA, 0xF6, 0x3F, 0x8B, 0x20, 0xCC, 0x13, 0x9F,
    0xEC, 0x48, 0x3C, 0x24, 0x7A, 0x46, 0x3F, 0x67, 0xB0, 0x22, 0xD1, 0xC9, 0x0E, 0x58, 0x61, 0x3F,
    0x10, 0x76, 0x6E, 0x13, 0xFD, 0x2E, 0x98, 0x0F, 0xE0, 0x5D, 0x7C, 0xD5, 0x30, 0x0A, 0x6F, 0xC1,
    0x8B, 0x31, 0x39, 0x91, 0x03, 0x3C, 0x96, 0x37, 0x07, 0x60, 0xFF, 0x03, 0xD5, 0x98, 0x01, 0xA4,
    0x25, 0x59, 0x7E, 0xC6, 0x7F, 0x55, 0xB5, 0xD3, 0xC5, 0x2B, 0xD9, 0x33, 0x48, 0x4B, 0x74, 0xEB,
    0xAE, 0x80, 0xC8, 0xB6, 0x9D, 0x2E, 0x58, 0x08, 0xDD, 0x7D, 0x6A, 0xB7, 0x01, 0xC1, 0x0C, 0xA6,
    0x33, 0x68, 0x04, 0x40, 0x96, 0xA4, 0x83, 0x20, 0x78, 0x7D, 0xAB, 0x3A, 0x8B, 0x00, 0xF2, 0x20,
    0x0B, 0xA0, 0xF1, 0xD0, 0x79, 0xC1, 0x2E, 0x06, 0x21, 0xEF, 0xBE, 0x7B, 0x06, 0x0C, 0x82, 0x29,
    0x18, 0x10, 0xA4, 0x32, 0xE9, 0x08, 0x03, 0x7D, 0x86, 0x6A, 0xA9, 0xEE, 0xA9, 0xBA, 0x27, 0xEF,
    0xFF, 0x77, 0xEA, 0xDD, 0xFB, 0xF4, 0x8C, 0x08, 0x49, 0xCF, 0xCE, 0xD1, 0xF7, 0xAB, 0xF3, 0xF4,
    0xBB, 0x75, 0xBE, 0xEF, 0xFB, 0xFF, 0xCF, 0xF7, 0x4E, 0x15, 0x5C, 0x3B, 0x39, 0x06, 0xAA, 0x30,
    0x28, 0x7A, 0x2E, 0x8F, 0x66, 0x5B, 0x43, 0x1E, 0x42, 0x0F, 0xD5, 0xEB, 0x47, 0x13, 0x6C, 0xDA,
    0x64, 0x4B, 0x32, 0x43, 0x43, 0x36, 0x80, 0xAD, 0x0B, 0xF9, 0xAF, 0xD6, 0x38, 0x28, 0x5D, 0xD5,
    0x82, 0x71, 0xB6, 0x56, 0x44, 0xB0, 0x01, 0x4A, 0xB7, 0x52, 0x3C, 0x43, 0x7E, 0x53, 0xD0, 0xD6,
    0x82, 0x0D, 0x82, 0x1B, 0x1A, 0x60, 0xC6, 0x42, 0x36, 0x61, 0x1D, 0x85, 0xA7, 0xEC, 0xB1, 0x1D,
    0xC5, 0xF6, 0x8F, 0x43, 0x4B, 0x1A, 0xC2, 0xAC, 0xD4, 0x3A, 0x20, 0x19, 0x00, 0x72, 0x27, 0x58,
    0x0A, 0x70, 0x5B, 0xF1, 0x9E, 0x62, 0xF5, 0x54, 0xD0, 0xEC, 0x69, 0x38, 0x38, 0x79, 0x06, 0x26,
    0x4C, 0x50, 0x86, 0x91, 0xBD, 0x91, 0x87, 0x16, 0x9A, 0xE0, 0x49, 0xC2, 0x47, 0x13, 0xD9, 0xC8,
    0x19, 0x45, 0x8F, 0xC5, 0x38, 0x2C, 0x55, 0x8D, 0xC5, 0xB2, 0xC0, 0x2A, 0xC2, 0x4A, 0x60, 0x2D,
    0x30, 0x61, 0x49, 0x47, 0x6C, 0x9D, 0x7B, 0xCA, 0xE7, 0x8F, 0x3A, 0x8A, 0x10, 0x6A, 0x92, 0x30,
    0x2E, 0xB4, 0x0E, 0x81, 0xC4, 0x03, 0x59, 0x7F, 0x01, 0xAF, 0x01, 0x02, 0x17, 0xE3, 0x88, 0x23,
    0x18, 0x8A, 0x0E, 0x0E, 0x2B, 0xC0, 0x4E, 0x40, 0xE9, 0x81, 0xA2, 0x63, 0x6F, 0xD8, 0x10, 0xBC,
    0x02, 0x8D, 0x96, 0x01, 0xDB, 0x02, 0x5B, 0x10, 0xD6, 0x60, 0x3A, 0xF5, 0x53, 0x2D, 0x44, 0x4B,
    0x82, 0xE9, 0x11, 0xBD, 0xED, 0x52, 0xCF, 0x7C, 0x22, 0xFE, 0x37, 0x67, 0x97, 0x61, 0x06, 0x92,
    0x89, 0x9A, 0x7C, 0x60, 0xAE, 0x9B, 0x9E, 0x10, 0x42, 0x4B, 0xA5, 0x3A, 0xAE, 0x46, 0x92, 0x4F,
    0x61, 0xCC, 0x3B, 0xB8, 0x5B, 0xD5, 0x50, 0xCD, 0x80, 0x19, 0x40, 0xDC, 0xDA, 0x1B, 0x46, 0xF8,
    0x95, 0xC2, 0xEF, 0xDA, 0xC9, 0xAF, 0x2E, 0x18, 0xAD, 0x81, 0x74, 0x88, 0x8A, 0xC4, 0x55, 0x5D,
    0x56, 0x9C, 0x83, 0x42, 0x99, 0x86, 0x1A, 0x0E, 0x44, 0x95, 0x30, 0x80, 0x64, 0xC7, 0x74, 0x7D,
    0x19, 0xA6, 0x08, 0xA2, 0xF0, 0x5D, 0x8C, 0xC7, 0xFE, 0x72, 0xE3, 0xB0, 0x61, 0x0B, 0x85, 0x7E,
    0x3F, 0x39, 0x4A, 0xD4, 0x4E, 0x07, 0xA7, 0xF6, 0x92, 0x9D, 0xC6, 0xB1, 0x3F, 0xCA, 0x7A, 0xE1,
    0x62, 0x59, 0x40, 0xDB, 0xE7, 0xF1, 0x9B, 0x8B, 0x31, 0x2E, 0x3D, 0x97, 0x6A, 0x31, 0x2F, 0x20,
    0xEF, 0x17, 0x55, 0xB2, 0x20, 0x46, 0xA1, 0x05, 0xCA, 0xF6, 0xD2, 0xDD, 0x57, 0xC0, 0xEF, 0xCF,
    0x80, 0x1D, 0x05, 0x3A, 0xB4, 0x93, 0x8F, 0x91, 0x86, 0x09, 0x5A, 0xDB, 0x1A, 0xB3, 0x4C, 0xFB,
    0x38, 0x5D, 0x51, 0x8E, 0xD1, 0x8C, 0x35, 0x69, 0x14, 0x2D, 0xCC, 0xB6, 0xB1, 0xB8, 0x13, 0x34,
    0x40, 0xE5, 0x74, 0x6A, 0xD1, 0x1F, 0x93, 0x11, 0xAC, 0x7E, 0x4B, 0x3D, 0xB7, 0xFA, 0x2D, 0x65,
    0x6B, 0xF5, 0x5B, 0x71, 0xAA, 0xDF, 0x8A, 0xD3, 0x46, 0x95, 0xE8, 0x75, 0x8E, 0x7A, 0xCE, 0x62,
    0x0B, 0xE9, 0xAD, 0x8B, 0x5E, 0xA7, 0xC2, 0xA1, 0x72, 0x2A, 0x4E, 0xCA, 0xD4, 0x44, 0x17, 0x4D,
    0xCF, 0x8C, 0xAA, 0xA5, 0x71, 0xDA, 0x8B, 0x58, 0xAE, 0x84, 0xD8, 0x19, 0xF6, 0x64, 0x33, 0x52,
    0x7E, 0x79, 0x72, 0x82, 0xF4, 0x6D, 0x87, 0x55, 0x69, 0x9B, 0xF0, 0x1C, 0x9D, 0x2E, 0x3E, 0x40,
    0x74, 0x01, 0xA2, 0x07, 0x70, 0xE1, 0xC0, 0x85, 0xFE, 0x0B, 0xF5, 0x51, 0xBB, 0xD4, 0x5D, 0x95,
    0x37, 0x61, 0xAB, 0xBA, 0xB9, 0xFA, 0x60, 0x8E, 0xAA, 0xD3, 0x31, 0xAA, 0x2B, 0x7C, 0x9C, 0x94,
    0x2E, 0x4E, 0xEC, 0x4E, 0xED, 0xA2, 0x75, 0xA7, 0x54, 0x75, 0x52, 0xBA, 0xA8, 0xD2, 0x2E, 0x1A,
    0xA7, 0x45, 0xE1, 0xB0, 0xD3, 0x17, 0xD5, 0xB9, 0x9D, 0x36, 0xB7, 0x28, 0x6B, 0x01, 0x3E, 0x24,
    0x8E, 0x51, 0x11, 0x92, 0x65, 0x22, 0x24, 0x75, 0x64, 0xFE, 0x8D, 0x49, 0x0F, 0x3A, 0xF2, 0x4E,
    0x90, 0x62, 0x5B, 0x38, 0x23, 0x37, 0xB4, 0xE1, 0x33, 0x9D, 0x10, 0x3E, 0x7A, 0xE1, 0xDE, 0x79,
    0xD0, 0xD4, 0xD9, 0x48, 0x68, 0x91, 0xC8, 0xF2, 0x34, 0xB5, 0x94, 0x5C, 0x63, 0x0B, 0x49, 0xA3,
    0x16, 0x8B, 0xFE, 0x58, 0x63, 0x89, 0xB8, 0xD2, 0x7D, 0x67, 0xD5, 0xCE, 0x11, 0x34, 0xC0, 0x72,
    0x2F, 0x13, 0xFD, 0xAA, 0x4C, 0x32, 0x49, 0x33, 0x99, 0x14, 0x03, 0xDA, 0xAF, 0x54, 0x83, 0xEE,
    0x53, 0xFB, 0xC9, 0x6B, 0x9F, 0x7B, 0x0D, 0x94, 0x2F, 0xBC, 0x6E, 0xF3, 0x3C, 0xDC, 0xEF, 0x8D,
    0x56, 0xEA, 0x5D, 0x76, 0xE3, 0x19, 0x4B, 0x22, 0xC5, 0x06, 0x28, 0xDB, 0x5D, 0x30, 0x7F, 0x0C,
    0x97, 0x47, 0x25, 0x6E, 0xA5, 0xDA, 0x07, 0xE5, 0xF6, 0x64, 0x0B, 0x4D, 0xC7, 0xEF, 0xC6, 0x74,
    0xCC, 0x26, 0x50, 0x2D, 0x4B, 0xBA, 0xA9, 0xD1, 0x71, 0x57, 0x61, 0x41, 0x31, 0x39, 0x39, 0xA6,
    0x21, 0x0B, 0xA3, 0x94, 0x31, 0x0C, 0x9C, 0xA9, 0x93, 0xFB, 0xD8, 0x68, 0x73, 0x5B, 0xED, 0x6B,
    0xEB, 0x44, 0x67, 0xD9, 0x0B, 0x16, 0xDB, 0x07, 0x9B, 0x56, 0x17, 0xAF, 0x85, 0xC8, 0xAB, 0xBD,
    0x82, 0x5D, 0x6B, 0x01, 0xBB, 0xE4, 0x54, 0x32, 0x2C, 0xC5, 0x30, 0x35, 0x7B, 0x23, 0x0D, 0xAD,
    0x84, 0xDD, 0x57, 0x1E, 0xFB, 0xF9, 0x3F, 0x79, 0xB6, 0xD8, 0x5E, 0x3A, 0xA7, 0xCB, 0x3C, 0xC6,
    0xE5, 0xB2, 0x86, 0xE9, 0x28, 0x9D, 0x2C, 0xD8, 0x9E, 0x43, 0x55, 0x6B, 0x51, 0xCE, 0xA1, 0x11,
    0xD8, 0x9E, 0x43, 0x3A, 0x63, 0x5C, 0x71, 0x0E, 0xC3, 0xEA, 0x94, 0x3C, 0x8C, 0x13, 0x49, 0xE8,
    0x46, 0xF8, 0xC1, 0xA5, 0xAC, 0x51, 0x27, 0x7F, 0x4F, 0xD4, 0xDB, 0x5F, 0x86, 0x1A, 0x1B, 0x66,
    0x09, 0xCB, 0x23, 0xA0, 0x8A, 0x31, 0x66, 0x77, 0x59, 0xB3, 0xC4, 0x8D, 0x5E, 0xD7, 0x3A, 0x85,
    0xD3, 0x98, 0x6A, 0x93, 0x4C, 0xAD, 0x5E, 0x27, 0xEE, 0x69, 0x37, 0x4E, 0xAC, 0x48, 0x07, 0x99,
    0xAE, 0xC9, 0xB6, 0x27, 0xFF, 0x30, 0x30, 0x91, 0x05, 0xA9, 0x6F, 0xBC, 0x26, 0xA3, 0xD8, 0x97,
    0xF5, 0xE9, 0x20, 0x06, 0xE6, 0x72, 0x15, 0xF3, 0x54, 0xA5, 0xB8, 0x99, 0x69, 0xB3, 0x89, 0x60,
    0xDD, 0x28, 0x6D, 0xD1, 0x09, 0x17, 0x55, 0xAC, 0x1D, 0x58, 0xB5, 0x7A, 0x7D, 0xB9, 0x51, 0x2E,
    0x79, 0xD8, 0x2A, 0xAD, 0x24, 0x0C, 0xE8, 0x78, 0x67, 0xCF, 0xCF, 0xBE, 0x19, 0x21, 0xFB, 0x42,
    0x0A, 0x92, 0xFD, 0xCB, 0x7F, 0x6C, 0x1C, 0xF9, 0x0B, 0x4C, 0x4F, 0xA1, 0x5D, 0x5A, 0x78, 0x64,
    0xC9, 0x4E, 0xD1, 0xA1, 0xCB, 0x0A, 0x56, 0xF5, 0xAE, 0xBC, 0xBA, 0x20, 0xF7, 0xA0, 0x6A, 0x45,
    0xB0, 0x55, 0xE5, 0x5B, 0x98, 0x48, 0x55, 0x72, 0xE1, 0x45, 0xA8, 0x75, 0x24, 0x43, 0x12, 0xC4,
    0x60, 0x23, 0x0B, 0x7E, 0xB5, 0xE9, 0x20, 0x13, 0x62, 0xE4, 0x41, 0x03, 0x7D, 0x46, 0x03, 0x6F,
    0x0F, 0x5B, 0x88, 0x5E, 0x53, 0x09, 0x60, 0xF7, 0x70, 0xA5, 0x08, 0xC9, 0x53, 0x41, 0xDD, 0x2E,
    0x30, 0x29, 0xDE, 0x55, 0x2C, 0x15, 0x8B, 0x9A, 0xBD, 0xA1, 0x24, 0x89, 0x6C, 0xB0, 0x9D, 0x54,
    0xA1, 0x51, 0x8D, 0x1B, 0xC5, 0x79, 0x94, 0x24, 0x18, 0x27, 0xF2, 0x8E, 0xF1, 0x94, 0xC2, 0x25,
    0xC3, 0x0A, 0xE3, 0x52, 0x6F, 0xD5, 0x74, 0xE9, 0xA6, 0xCC, 0x9B, 0xB6, 0xAA, 0xB3, 0xDE, 0xB8,
    0x8A, 0xBC, 0xCB, 0x3B, 0x4B, 0xE1, 0x32, 0x7F, 0x4F, 0x7F, 0x6B, 0x85, 0x69, 0x93, 0x71, 0x2D,
    0x26, 0x4D, 0xA7, 0x62, 0xD2, 0x7A, 0xA2, 0x82, 0x7B, 0xA3, 0x36, 0xC9, 0x20, 0x26, 0x95, 0x5E,
    0x4C, 0x32, 0x9E, 0x53, 0xC4, 0x19, 0xF8, 0x51, 0x94, 0x14, 0x37, 0x6D, 0xE1, 0x2E, 0xD2, 0xC8,
    0xB3, 0x8C, 0x0F, 0xE0, 0xD0, 0x6C, 0xE1, 0xB4, 0x09, 0x8E, 0x79, 0x7E, 0xD4, 0x11, 0x3A, 0xD3,
    0x25, 0x12, 0x87, 0xA9, 0xC4, 0x69, 0x36, 0x61, 0xBA, 0x6C, 0x88, 0x8D, 0xE1, 0x72, 0x4F, 0xD5,
    0x16, 0x3D, 0x55, 0x6D, 0x3A, 0x84, 0xB9, 0x82, 0xEE, 0x00, 0xCE, 0x84, 0xD6, 0x8C, 0xAD, 0x99,
    0x62, 0x53, 0x82, 0xE4, 0x18, 0x24, 0xF3, 0x6E, 0xEB, 0x2B, 0x15, 0x7E, 0x5B, 0x80, 0x3F, 0x47,
    0xB7, 0x5D, 0x07, 0x64, 0xCE, 0x0B, 0xB6, 0x7B, 0xF8, 0x9F, 0xBD, 0x60, 0x70, 0x40, 0xFE, 0xA2,
    0x05, 0xCC, 0x67, 0x32, 0x2F, 0xFF, 0x56, 0xD0, 0xAA, 0x9A, 0x33, 0xC5, 0xA9, 0xE8, 0x20, 0xD5,
    0xD3, 0x4C, 0xE6, 0xF3, 0x1E, 0xA1, 0xDD, 0xA3, 0x94, 0xE3, 0x39, 0x8B, 0x46, 0xF1, 0x7C, 0x3F,
    0x78, 0x92, 0x49, 0x4A, 0x93, 0x0D, 0x52, 0xA6, 0xBC, 0x27, 0x19, 0x45, 0x00, 0xA3, 0x94, 0x4F,
    0x89, 0x0B, 0x9E, 0x29, 0x02, 0xD6, 0x5D, 0x3A, 0xDC, 0xB8, 0xA5, 0xC3, 0x15, 0x36, 0xB2, 0xEC,
    0xBF, 0x79, 0x21, 0xFF, 0x97, 0x0A, 0xF1, 0x47, 0x54, 0xD1, 0x55, 0x20, 0x06, 0x7E, 0xE6, 0xB0,
    0xE1, 0x53, 0xA7, 0x41, 0xAF, 0x21, 0xAF, 0x01, 0xAF, 0xE6, 0x69, 0x86, 0x68, 0x9C, 0x6B, 0xA0,
    0xDB, 0xE5, 0x24, 0xAA, 0x21, 0xAE, 0x01, 0xAE, 0xE1, 0xAD, 0xC1, 0x8D, 0xFD, 0x64, 0xEB, 0x35,
    0xB0, 0xC9, 0xC3, 0xCF, 0xF6, 0x83, 0xFA, 0x5A, 0x8D, 0x8E, 0x46, 0x31, 0x72, 0x8F, 0x61, 0xB3,
    0xF0, 0x06, 0x7E, 0xC8, 0x37, 0x0D, 0xCD, 0x4C, 0x95, 0x17, 0xAF, 0x72, 0x5C, 0x19, 0x00, 0xFB,
    0xBE, 0x03, 0x60, 0x65, 0xF4, 0xCA, 0xA4, 0xB5, 0x23, 0x1D, 0x34, 0x9C, 0xC8, 0xBD, 0x05, 0xDD,
    0x52, 0x36, 0xF6, 0xFF, 0x2A, 0x92, 0xD8, 0xC8, 0xF1, 0x80, 0x99, 0x4D, 0x08, 0xEA, 0x5C, 0x08,
    0x5B, 0x25, 0xA3, 0xB4, 0x8C, 0x2E, 0x02, 0xA5, 0x2E, 0x02, 0x56, 0x42, 0x0A, 0xD8, 0x2A, 0x5D,
    0x51, 0xAD, 0xD7, 0x4C, 0xAB, 0xA3, 0x59, 0x29, 0xE5, 0xA5, 0x74, 0x98, 0x2F, 0x4F, 0x9E, 0x62,
    0xF5, 0x64, 0xE5, 0xD9, 0xA0, 0x57, 0x00, 0x6E, 0x29, 0xB2, 0x01, 0xBD, 0xC1, 0x9E, 0xF6, 0xB8,
    0xD3, 0xB9, 0xC9, 0x1B, 0xA3, 0x98, 0x8B, 0x62, 0x0B, 0x4D, 0x78, 0xBF, 0x09, 0x5A, 0x9A, 0xF9,
    0x4F, 0xBA, 0x6C, 0x4C, 0x42, 0x9F, 0xF7, 0x85, 0x27, 0xB4, 0x79, 0x6F, 0x1C, 0x81, 0xA2, 0x2B,
    0x5B, 0x66, 0x4A, 0x27, 0x7D, 0x7D, 0x25, 0x60, 0x21, 0x84, 0x09, 0x4B, 0x12, 0xC2, 0x91, 0x84,
    0xED, 0x2B, 0x90, 0x3A, 0x0D, 0x7A, 0x29, 0x46, 0xBD, 0x94, 0x13, 0x60, 0x69, 0x66, 0xB9, 0xFC,
    0xF5, 0x7F, 0x85, 0xF6, 0xCF, 0x28, 0xC3, 0xA7, 0x2F, 0xC2, 0x4C, 0xBE, 0xCD, 0xFF, 0x46, 0x74,
    0x7F, 0xA0, 0x7B, 0x60, 0x47, 0x7E, 0xBB, 0x8B, 0x1A, 0x95, 0x1D, 0x89, 0xBF, 0xC7, 0xFE, 0x78,
    0x2A, 0xAE, 0x3D, 0x19, 0x65, 0xE9, 0xAF, 0x3D, 0xC5, 0xF6, 0x61, 0x70, 0x54, 0x3D, 0x4D, 0x4B,
    0x53, 0xB3, 0x71, 0xCC, 0x24, 0xA1, 0x4B, 0x47, 0xB2, 0xAF, 0x7B, 0x49, 0xD5, 0x4F, 0x7D, 0xD1,
    0x63, 0xEF, 0x7B, 0xD3, 0x71, 0x96, 0x79, 0xE3, 0x92, 0x31, 0xF3, 0x72, 0x68, 0xCA, 0xBD, 0xC4,
    0x79, 0xEE, 0xAB, 0x56, 0x1E, 0xF3, 0xE4, 0xD1, 0xCD, 0x74, 0xD5, 0x93, 0x51, 0xC2, 0xFD, 0x17,
    0x9E, 0xCA, 0x95, 0x9F, 0x39, 0x6C, 0x6D, 0x42, 0x4D, 0xC0, 0xCC, 0x92, 0xB5, 0xF9, 0x24, 0x3D,
    0x98, 0x85, 0xBF, 0xDB, 0xF4, 0xDA, 0x1D, 0x35, 0xF6, 0x8F, 0x44, 0xC5, 0x0D, 0xAE, 0xB2, 0x37,
    0xAE, 0x1C, 0x69, 0xA1, 0x96, 0xD4, 0x99, 0x96, 0x3F, 0x7A, 0x79, 0xCB, 0xC5, 0x70, 0x24, 0xE1,
    0xDF, 0xF5, 0x2E, 0x8E, 0xE6, 0xF3, 0x20, 0x89, 0xD1, 0xB4, 0xE9, 0x90, 0x04, 0x97, 0xF9, 0xEC,
    0x85, 0x2B, 0x3A, 0xF3, 0xCF, 0xCE, 0xB8, 0xAA, 0x38, 0x87, 0xC7, 0xC6, 0x99, 0x27, 0xA3, 0x71,
    0xE5, 0xFD, 0xDE, 0xB4, 0xE5, 0xFB, 0xAE, 0xAC, 0xCB, 0x5F, 0x61, 0x85, 0xD2, 0x1A, 0x33, 0x26,
    0x13, 0xF9, 0x58, 0x78, 0xBD, 0x13, 0x55, 0xB3, 0x15, 0x36, 0x35, 0x17, 0xD1, 0x7D, 0x0B, 0x92,
    0xD1, 0xD6, 0x30, 0x19, 0x07, 0xF7, 0xF2, 0x0E, 0x4A, 0x21, 0x93, 0xD7, 0xBF, 0x66, 0x7F, 0x58,
    0x81, 0x4D, 0x0D, 0x84, 0x1A, 0xB2, 0xD0, 0x42, 0xFE, 0xAF, 0x6D, 0x0C, 0x1B, 0xCD, 0x1A, 0x8D,
    0x9A, 0x95, 0xC0, 0x54, 0x48, 0xAC, 0xE7, 0x9D, 0xC6, 0x8C, 0xA6, 0x8C, 0x86, 0x0C, 0x55, 0x7C,
    0x8C, 0xF3, 0x9A, 0x30, 0x1A, 0x30, 0x99, 0x3F, 0x07, 0x8D, 0x17, 0xE3, 0xCE, 0x41, 0xC3, 0x45,
    0xB3, 0x45, 0xA3, 0x25, 0x7D, 0xFA, 0x23, 0xD9, 0x47, 0x76, 0xD9, 0x54, 0x8F, 0xE5, 0xEE, 0x95,
    0x84, 0x56, 0x51, 0x7B, 0x80, 0xB7, 0x96, 0x1D, 0xD7, 0x8E, 0x80, 0xCD, 0x04, 0xA9, 0xEE, 0x51,
    0x57, 0x8A, 0x43, 0x07, 0xDF, 0xBD, 0x43, 0x91, 0x59, 0x18, 0x65, 0xC5, 0x19, 0x72, 0x77, 0x13,
    0x0A, 0x7E, 0xF8, 0x16, 0xCD, 0x79, 0x76, 0x50, 0xC3, 0xDA, 0x88, 0xBE, 0xBC, 0x87, 0xF2, 0x67,
    0x1E, 0x0A, 0x37, 0x42, 0xDA, 0xDD, 0x61, 0x6F, 0x54, 0xCB, 0xB3, 0x82, 0x02, 0x1A, 0x82, 0x6B,
    0x81, 0x53, 0x81, 0x69, 0x81, 0x64, 0xD4, 0xEC, 0x04, 0x39, 0x97, 0x1D, 0x93, 0x49, 0xFC, 0x29,
    0xEC, 0x1E, 0x3A, 0x8D, 0x8B, 0x20, 0xEC, 0xDF, 0x7C, 0xA4, 0x3D, 0x39, 0x69, 0xC5, 0x43, 0x27,
    0xB9, 0xDA, 0x72, 0xD0, 0x3E, 0xA3, 0xE8, 0x67, 0xE4, 0x84, 0xC0, 0x50, 0xC1, 0x61, 0xD1, 0xF2,
    0x5E, 0xEA, 0x76, 0xF6, 0xE8, 0x33, 0x86, 0x27, 0x7C, 0x34, 0x64, 0x63, 0x32, 0x16, 0xBD, 0x38,
    0x9D, 0x0E, 0x65, 0x9B, 0x7B, 0xFB, 0xD3, 0x4D, 0x67, 0x43, 0xC0, 0x86, 0xE7, 0xAC, 0x6A, 0x84,
    0xB3, 0x7E, 0x6C, 0x3C, 0x27, 0x97, 0xFD, 0xF5, 0x5A, 0xDE, 0x7D, 0x24, 0x62, 0xFD, 0x3B, 0xBA,
    0xB5, 0x8F, 0x01, 0xBB, 0x05, 0xF4, 0x95, 0x88, 0xCF, 0x5B, 0x52, 0x97, 0xB5, 0xDF, 0xBD, 0x0D,
    0xF0, 0x73, 0xC8, 0xF5, 0x21, 0xDB, 0x73, 0x9B, 0x8F, 0xF9, 0x03, 0x7E, 0xF2, 0xFF, 0x61, 0xC1,
    0x95, 0xF6, 0x19, 0xB9, 0xDA, 0x6D, 0x61, 0x2C, 0x6B, 0x0E, 0x0B, 0xC7, 0x8D, 0x3D, 0xBB, 0x2B,
    0x95, 0xDF, 0x91, 0xBE, 0x52, 0x7D, 0x64, 0x5E, 0x3F, 0xAA, 0x2B, 0xEF, 0xA0, 0x70, 0x60, 0xF4,
    0xA3, 0xBA, 0x54, 0x91, 0x65, 0xF7, 0x59, 0x45, 0xBF, 0xA6, 0xF8, 0x91, 0x46, 0x1B, 0xA1, 0x09,
    0x2D, 0x9B, 0xE0, 0xB8, 0x75, 0xE5, 0x48, 0xA2, 0xFC, 0xC9, 0x90, 0xBB, 0x29, 0xF5, 0x77, 0xF9,
    0xF5, 0xB2, 0x15, 0xF2, 0x4E, 0x5C, 0x33, 0x4E, 0xFF, 0xB5, 0x72, 0x6B, 0x7D, 0xCF, 0xA5, 0x6D,
    0x0F, 0x8F, 0xF5, 0xA6, 0x93, 0xFC, 0x4B, 0x46, 0xE1, 0x95, 0x7A, 0x65, 0xC5, 0xAD, 0x9A, 0x34,
    0x78, 0x8A, 0x30, 0x62, 0x38, 0xE4, 0x06, 0x3F, 0x7E, 0x4B, 0x4A, 0x74, 0x67, 0x87, 0x31, 0x0B,
    0x73, 0xD1, 0xDE, 0x2E, 0xF8, 0x2D, 0x74, 0xEC, 0x13, 0x65, 0x8C, 0x5C, 0x33, 0xE5, 0x9A, 0xF7,
    0xFB, 0x1A, 0xA3, 0xC0, 0x0A, 0x2C, 0x70, 0xF0, 0xE4, 0x18, 0x30, 0xDD, 0x04, 0x64, 0xFD, 0x63,
    0x20, 0xF1, 0x56, 0x9B, 0xCE, 0xD4, 0xC0, 0x8F, 0xB3, 0xF6, 0x37, 0xFB, 0xC5, 0x27, 0x1F, 0xEA,
    0x9F, 0xCD, 0x67, 0x90, 0xFB, 0xB3, 0xDD, 0x9F, 0x84, 0x1A, 0xEE, 0xE6, 0x0E, 0x6E, 0xA6, 0xDD,
    0xDB, 0x79, 0xBB, 0x99, 0xA0, 0xE3, 0xE7, 0x35, 0x90, 0x89, 0x39, 0x98, 0x30, 0x00, 0xB7, 0xF9,
    0x47, 0xB1, 0x91, 0x9F, 0x7C, 0x0F, 0x6C, 0xD4, 0x63, 0xB0, 0x36, 0x35, 0x45, 0x98, 0xC0, 0xD4,
    0x77, 0xD0, 0xBE, 0x7E, 0x7B, 0x0E, 0xFE, 0xE9, 0x81, 0xDC, 0x5E, 0xA5, 0xDF, 0xF7, 0x60, 0x3E,
    0x19, 0x20, 0xEB, 0x0E, 0x21, 0xE9, 0xDF, 0xE3, 0x52, 0x56, 0x1E, 0xA1, 0x6F, 0xBB, 0x96, 0xAC,
    0x2C, 0x3B, 0xD6, 0xA2, 0x70, 0xAD, 0xC7, 0xE4, 0x05, 0x92, 0x31, 0x3E, 0xA0, 0x77, 0x99, 0xC7,
    0xB6, 0xD9, 0xCB, 0x87, 0x41, 0xB2, 0x72, 0x24, 0x97, 0x75, 0x8B, 0xAE, 0xAA, 0x31, 0xCE, 0x38,
    0x14, 0xCA, 0xB6, 0x90, 0x47, 0x76, 0x7D, 0x84, 0xCE, 0x86, 0xC8, 0x14, 0x26, 0x21, 0x3E, 0xB3,
    0x86, 0x26, 0x66, 0xD8, 0xFA, 0x72, 0x86, 0xDD, 0xDC, 0xCB, 0xB0, 0xC3, 0xD2, 0x73, 0xDA, 0x78,
    0xE6, 0xD7, 0x47, 0x88, 0xB1, 0x01, 0xAD, 0x69, 0x3A, 0x41, 0x36, 0xFC, 0xCF, 0x21, 0x50, 0x2D,
    0x19, 0x4D, 0x72, 0xAC, 0x2A, 0x01, 0xDD, 0xF1, 0x43, 0xE6, 0x48, 0xBA, 0xD4, 0x7D, 0xF7, 0x16,
    0x70, 0x39, 0xF8, 0xEE, 0x68, 0x83, 0xFC, 0x5F, 0xCB, 0xBF, 0x95, 0x3E, 0x05, 0xAA, 0x5F, 0x0C,
    0xDA, 0xEB, 0x23, 0xD2, 0x04, 0xA7, 0x9A, 0x4D, 0xB7, 0x01, 0x3E, 0x2E, 0xB8, 0x3C, 0x26, 0x30,
    0xAD, 0x60, 0xD9, 0x26, 0xA3, 0xDC, 0x4B, 0x52, 0xB7, 0xD2, 0xF5, 0x6C, 0x44, 0x59, 0x77, 0x25,
    0x28, 0x26, 0x75, 0x30, 0x61, 0xDC, 0x82, 0xA3, 0x30, 0x48, 0x46, 0xE1, 0x90, 0x0E, 0x54, 0x4A,
    0xD4, 0xA2, 0xA8, 0x84, 0x57, 0x50, 0x74, 0x82, 0xC6, 0x09, 0x96, 0x6E, 0x79, 0x85, 0xD8, 0x12,
    0xA0, 0x7C, 0xF9, 0x70, 0x42, 0x3A, 0xD9, 0x43, 0x22, 0xA6, 0x42, 0x52, 0xFF, 0x2F, 0x8E, 0xD0,
    0xC9, 0xA0, 0xAF, 0x29, 0x30, 0x17, 0x50, 0xB6, 0xFA, 0xF2, 0xA8, 0xE8, 0xA8, 0x74, 0x63, 0x29,
    0x08, 0xC7, 0x15, 0x65, 0xCD, 0x5A, 0x78, 0xEA, 0x03, 0x94, 0x40, 0x36, 0x62, 0x77, 0xC7, 0xB0,
    0x27, 0xAF, 0xE3, 0x31, 0xAC, 0x08, 0xF7, 0x7B, 0xF8, 0x00, 0x5D, 0xE0, 0xEF, 0xD1, 0x3C, 0x72,
    0x80, 0xD5, 0x6C, 0x3A, 0x4C, 0x3C, 0xF0, 0x17, 0xF4, 0xDF, 0x03, 0x1B, 0xE1, 0xE0, 0x9B, 0x8E,
    0xD8, 0xC5, 0xDB, 0x74, 0x50, 0x17, 0xD9, 0xCC, 0x60, 0xF4, 0x78, 0xF6, 0x7A, 0xD3, 0xB2, 0x11,
    0x76, 0x13, 0x90, 0x28, 0x8C, 0x3A, 0x5B, 0x00, 0xA5, 0x6F, 0x7B, 0xC0, 0xCC, 0x08, 0xF1, 0x16,
    0x68, 0x7A, 0x90, 0x85, 0x20, 0xBB, 0xFC, 0xEB, 0x0A, 0xD9, 0xC8, 0xBB, 0x14, 0x9E, 0xD5, 0x83,
    0x4D, 0x47, 0x23, 0x06, 0x54, 0x9A, 0x8B, 0x0F, 0x58, 0x86, 0x85, 0xDD, 0xFB, 0x4B, 0xF0, 0xBA,
    0x2D, 0x76, 0x36, 0x01, 0x95, 0x1C, 0xB7, 0x42, 0x9F, 0xBD, 0x7A, 0xE8, 0x24, 0x43, 0x0B, 0xA7,
    0x8E, 0x93, 0x7B, 0xC8, 0xB6, 0xA0, 0x7B, 0xB2, 0x1A, 0x21, 0x9D, 0x81, 0xCD, 0xDE, 0x89, 0xA3,
    0x61, 0x48, 0x67, 0x24, 0x16, 0x9A, 0xD0, 0xED, 0xDE, 0xD3, 0x8F, 0xEA, 0x2D, 0x59, 0x0F, 0xB9,
    0x03, 0x03, 0xFC, 0x00, 0x28, 0x43, 0x08, 0x5D, 0x25, 0x60, 0xCF, 0xC1, 0xC5, 0xD3, 0xA8, 0xDF,
    0x87, 0x6F, 0x3F, 0x8D, 0x56, 0x0A, 0xEA, 0xCF, 0x65, 0x51, 0x6B, 0x81, 0xE9, 0xDB, 0xCE, 0xBA,
    0x9E, 0xBD, 0x11, 0x97, 0xE8, 0x2E, 0x6E, 0xBC, 0xBC, 0x5A, 0x8C, 0x4F, 0x65, 0x37, 0xE0, 0x8E,
    0xBA, 0x34, 0x71, 0x3D, 0x4C, 0x4D, 0x98, 0x7E, 0xE7, 0xE5, 0x87, 0xCB, 0x59, 0xE8, 0xD2, 0x41,
    0xA8, 0xAC, 0xE3, 0x61, 0x2F, 0xFE, 0xFB, 0x29, 0x55, 0xA0, 0x08, 0x68, 0xDD, 0xE3, 0x6F, 0x96,
    0x7A, 0xEB, 0xBF, 0xDA, 0xEF, 0x05, 0xAE, 0xC7, 0xF7, 0xF4, 0x5B, 0xE4, 0xB5, 0x79, 0x68, 0xC9,
    0x5B, 0x2A, 0x07, 0x60, 0xF6, 0xB0, 0x54, 0xB4, 0x2D, 0xD1, 0x6D, 0x72, 0x15, 0xB5, 0xE9, 0x81,
    0x47, 0xA1, 0xD6, 0x3E, 0x77, 0xA2, 0xB2, 0xF0, 0xC4, 0xAE, 0x58, 0x1A, 0x88, 0x3D, 0x4C, 0x14,
    0xD3, 0x71, 0xEF, 0xF5, 0x7F, 0x2F, 0xD8, 0x38, 0x84, 0x04, 0xA0, 0x45, 0x25, 0x0F, 0x1D, 0x5C,
    0x09, 0x33, 0x60, 0x83, 0x36, 0xDC, 0x73, 0x80, 0x63, 0xF6, 0xC6, 0x46, 0x42, 0x3F, 0x84, 0x8E,
    0xFC, 0xF9, 0x75, 0x4F, 0x22, 0xE6, 0xBE, 0x61, 0xB3, 0xB4, 0x0E, 0xD6, 0x41, 0xBE, 0x15, 0x8A,
    0x93, 0x34, 0x4F, 0x80, 0xB4, 0xB6, 0xAD, 0x8A, 0x7A, 0xB3, 0xA6, 0xB6, 0x8E, 0x0A, 0xB5, 0xB1,
    0xCA, 0x01, 0x12, 0xE1, 0xF2, 0x68, 0x0B, 0x55, 0xE8, 0xC1, 0xBE, 0x02, 0xFE, 0x10, 0xE0, 0xBF,
    0x01, 0x85, 0x8E, 0x81, 0x05, 0xC3, 0x40, 0x18, 0x46, 0xBF, 0xE4, 0x10, 0x15, 0x64, 0x84, 0x8C,
    0xD0, 0x0D, 0xDA, 0x1B, 0xA5, 0x1B, 0x74, 0x82, 0xA4, 0x37, 0x42, 0xE7, 0xC8, 0x04, 0x85, 0x70,
    0x23, 0x44, 0x27, 0xE8, 0x08, 0x41, 0xD0, 0x92, 0xE4, 0xFA, 0xFE, 0x08, 0x14, 0xF4, 0x22, 0x0F,
    0xE7, 0xFD, 0xEF, 0x3F, 0xE9, 0xC0, 0x27, 0x55, 0xBE, 0x81, 0xC5, 0x73, 0x82, 0x2E, 0x0D, 0x50,
    0xC9, 0x1B, 0x7B, 0xFD, 0x9E, 0xA3, 0x97, 0x7B, 0xE9, 0x8C, 0xBB, 0xB1, 0x1C, 0xD4, 0x32, 0x1D,
    0xD5, 0x18, 0xCD, 0xAE, 0x83, 0x66, 0xE8, 0x21, 0x72, 0xF6, 0x16, 0x5A, 0x4E, 0x16, 0xAE, 0x5D,
    0xB7, 0x52, 0x4F, 0x69, 0xD9, 0x38, 0x5B, 0x03, 0x8D, 0x06, 0x64, 0x1A, 0x19, 0x22, 0x57, 0x41,
    0x6E, 0xA4, 0x04, 0xFF, 0x2C, 0xD4, 0x5D, 0x17, 0xE9, 0x61, 0xA1, 0x13, 0xBE, 0xEA, 0x55, 0xDC,
    0xB3, 0xD4, 0xF4, 0xFD, 0x64, 0x1E, 0xE0, 0xEE, 0x30, 0xCD, 0xAA, 0x80, 0xDF, 0x9A, 0xCC, 0x1A,
    0xDA, 0x92, 0xE1, 0xFE, 0x96, 0x82, 0x96, 0xCF, 0x35, 0x2A, 0x45, 0x76, 0x25, 0x16, 0x66, 0x0B,
    0xC8, 0xED, 0x85, 0x6E, 0x32, 0x8C, 0x80, 0x7A, 0x1D, 0x8A, 0x81, 0x4E, 0x19, 0x49, 0x54, 0x3B,
    0x5A, 0xAB, 0x37, 0x56, 0xEF, 0xAD, 0x3E, 0x73, 0x0B, 0xBE, 0xAD, 0x94, 0x01, 0x84, 0x24, 0xD9,
    0x1D, 0xC6, 0x7F, 0x55, 0xB5, 0xDD, 0xB5, 0x3B, 0xB5, 0xDD, 0x6F, 0x30, 0x23, 0xB1, 0x7A, 0xB7,
    0x06, 0x87, 0xDD, 0xCD, 0xEC, 0x54, 0xA3, 0x25, 0x9D, 0xD3, 0xD3, 0xF5, 0xE2, 0x80, 0x84, 0x68,
    0x6E, 0x47, 0x00, 0x86, 0xAC, 0xB8, 0xDD, 0x84, 0x34, 0x06, 0x7D, 0x74, 0x6F, 0x57, 0x72, 0x01,
    0x42, 0x0C, 0x00, 0xA0, 0xB1, 0xC7, 0x99, 0xC5, 0x76, 0x62, 0x30, 0x64, 0x66, 0xFA, 0x05, 0x41,
    0x04, 0x29, 0x11, 0x02, 0x50, 0x2E, 0x47, 0x16, 0xDC, 0x3E, 0x51, 0xE8, 0x5B, 0xD5, 0xFD, 0xF2,
    0xAA, 0xBB, 0x25, 0x17, 0xE2, 0xC0, 0x7D, 0xF5, 0xFE, 0xAF, 0x5F, 0xF5, 0xFB, 0xDE, 0xFF, 0xBD,
    0xFA, 0x7F, 0x5F, 0xD5, 0x07, 0x3C, 0x27, 0x46, 0x24, 0xBE, 0x72, 0x52, 0x9E, 0x3A, 0x85, 0xA7,
    0x85, 0x8A, 0x18, 0xC0, 0x03, 0x30, 0x78, 0x26, 0x09, 0xFE, 0x9E, 0xC6, 0xAE, 0xBE, 0xE0, 0xDC,
    0x91, 0x55, 0xC2, 0xB9, 0x20, 0x36, 0xD7, 0x0C, 0xA2, 0x82, 0xA9, 0x9B, 0x71, 0xE7, 0x6C, 0x12,
    0x1B, 0x1D, 0x9B, 0x0C, 0x60, 0x6C, 0x8C, 0x9A, 0xD9, 0xD8, 0x3D, 0x3A, 0x92, 0xC7, 0x4C, 0x2E,
    0xDC, 0x6C, 0xFC, 0x4A, 0x45, 0x46, 0x56, 0x5F, 0xB3, 0xF3, 0xFC, 0x7A, 0xC8, 0x0D, 0xE4, 0xC8,
    0x4F, 0xAF, 0x82, 0x74, 0xE8, 0x27, 0xBB, 0x8C, 0xD3, 0x9F, 0x68, 0x72, 0x57, 0x47, 0xE9, 0x21,
    0x03, 0xB6, 0x01, 0x91, 0x77, 0xAF, 0x06, 0xE2, 0x44, 0x74, 0xEE, 0x45, 0x45, 0x35, 0xE3, 0xC5,
    0x1D, 0x3C, 0x3D, 0x26, 0x48, 0x0B, 0xC2, 0xF7, 0x34, 0xC3, 0x20, 0x61, 0x52, 0x87, 0x27, 0x3C,
    0x39, 0xB4, 0xAB, 0x84, 0x12, 0x06, 0xBF, 0xC0, 0xCB, 0x71, 0x64, 0xA0, 0x02, 0x25, 0x12, 0x21,
    0x43, 0x19, 0x11, 0xD3, 0x65, 0x87, 0x8A, 0x23, 0x43, 0x3F, 0x8D, 0x02, 0x15, 0x07, 0xAA, 0x2B,
    0x92, 0x91, 0x90, 0xC0, 0x83, 0xEA, 0x69, 0xEC, 0xEB, 0xF0, 0x97, 0x3A, 0x50, 0x73, 0x2F, 0x3B,
    0x44, 0xDF, 0x03, 0xB8, 0x84, 0xA2, 0x6C, 0xC7, 0xC7, 0x93, 0x81, 0xA3, 0xE3, 0x57, 0xE9, 0xFA,
    0xC8, 0x3C, 0xC5, 0x37, 0x69, 0x68, 0xB4, 0xE5, 0xB5, 0xE9, 0x73, 0xEE, 0x68, 0x2F, 0xB3, 0xDB,
    0xA8, 0x48, 0x8E, 0xB9, 0xE6, 0x31, 0x6E, 0xEE, 0x69, 0x3F, 0x13, 0x2A, 0x4C, 0x22, 0x0E, 0xB9,
    0xA4, 0x47, 0x97, 0x78, 0x73, 0x45, 0x84, 0x84, 0x54, 0xFE, 0x0F, 0xE7, 0x21, 0x91, 0x14, 0xCA,
    0x4F, 0x5D, 0xCD, 0x39, 0x9F, 0x78, 0xF3, 0x20, 0x0B, 0x93, 0xAE, 0x1D, 0x02, 0x43, 0x06, 0xE3,
    0xF9, 0x2C, 0x47, 0x3B, 0x1A, 0x09, 0x42, 0x0A, 0xC2, 0x45, 0xB4, 0x78, 0x44, 0x87, 0x1D, 0x76,
    0x8F, 0x7A, 0x63, 0xA3, 0x9F, 0xBD, 0xCC, 0xF0, 0x52, 0x3C, 0x85, 0xAF, 0x08, 0x12, 0xCB, 0x41,
    0xC0, 0x16, 0xEC, 0x72, 0xCD, 0xC2, 0xAA, 0x97, 0x47, 0x69, 0x97, 0x6D, 0x20, 0xB0, 0xE7, 0xEC,
    0x70, 0xC2, 0x80, 0x2E, 0xB7, 0xA0, 0xE7, 0x68, 0x27, 0x73, 0xD3, 0xF1, 0x72, 0xBC, 0xD8, 0x7D,
    0x3C, 0x5B, 0xBC, 0x7A, 0x1D, 0xC8, 0x32, 0x3F, 0x80, 0xC6, 0xD1, 0x7C, 0xEB, 0x2D, 0xB1, 0xE1,
    0x1B, 0x7F, 0x2B, 0x53, 0xBB, 0xC9, 0x4A, 0xCC, 0xD9, 0x92, 0x5D, 0xBA, 0x8C, 0xB8, 0xA4, 0xA0,
    0x70, 0xE6, 0x3F, 0xD5, 0xE3, 0x6C, 0x2C, 0x2B, 0x52, 0x24, 0xEB, 0x32, 0xC7, 0x74, 0x89, 0x5F,
    0x44, 0x79, 0xA0, 0x3B, 0x8B, 0xC5, 0xC0, 0x8A, 0x1B, 0x7B, 0xDA, 0xB6, 0x47, 0x6E, 0x0A, 0xC1,
    0xBC, 0x7B, 0xDD, 0x16, 0x03, 0xD1, 0x09, 0xA3, 0x45, 0x35, 0xF3, 0xCB, 0xBA, 0xC9, 0x03, 0x86,
    0x6C, 0xE3, 0xA6, 0x9E, 0x0A, 0x32, 0x67, 0xCE, 0x25, 0xF3, 0xB1, 0x1E, 0x27, 0x9E, 0x0A, 0xE9,
    0x70, 0x61, 0xAF, 0x99, 0x8A, 0x15, 0x54, 0xE4, 0x4A, 0x48, 0xD6, 0x42, 0x8E, 0x18, 0xF2, 0x98,
    0xCA, 0xD1, 0x51, 0x4F, 0x18, 0x93, 0x85, 0x67, 0x2F, 0xB3, 0x03, 0xBC, 0xF4, 0x10, 0x4F, 0x75,
    0xF0, 0xD5, 0x0E, 0x0E, 0x27, 0x75, 0x57, 0x9D, 0x44, 0xBE, 0x8A, 0x8D, 0x21, 0xFC, 0xEB, 0x9C,
    0x09, 0xC7, 0x97, 0x5E, 0xD6, 0x0D, 0x93, 0x70, 0x89, 0x98, 0xE3, 0x67, 0xF0, 0x74, 0xE3, 0x64,
    0xF1, 0x67, 0xD5, 0xF5, 0xF4, 0x39, 0xD3, 0x09, 0xA7, 0xB9, 0x97, 0x5E, 0xBF, 0xB2, 0x8B, 0xA8,
    0x7E, 0x56, 0x12, 0x02, 0xA3, 0xD6, 0x4A, 0xB7, 0x98, 0x3A, 0xD2, 0x45, 0xFC, 0x8F, 0xCF, 0x27,
    0x3C, 0x5C, 0xF9, 0x7C, 0x6C, 0x52, 0xEB, 0x71, 0x3D, 0xB3, 0xC1, 0x06, 0x91, 0x31, 0x73, 0xBB,
    0x75, 0xCE, 0x06, 0xCF, 0xCE, 0xCE, 0x26, 0x76, 0x3E, 0x3D, 0xB2, 0xEF, 0x00, 0x3D, 0xEB, 0xCC,
    0x85, 0x97, 0x08, 0xF3, 0x46, 0x3E, 0x0A, 0x96, 0xB4, 0x9D, 0x17, 0x00, 0x58, 0x7E, 0x36, 0xB6,
    0x9C, 0xF2, 0x3D, 0x79, 0x78, 0x66, 0xF1, 0x49, 0x6C, 0x2C, 0x8A, 0xF5, 0x18, 0xC0, 0x55, 0x84,
    0x19, 0xB3, 0x24, 0x28, 0x18, 0xA7, 0x3C, 0x87, 0x3D, 0x56, 0xD8, 0x01, 0x98, 0x03, 0x8E, 0x06,
    0xBC, 0x6C, 0xA5, 0x33, 0x20, 0x24, 0x10, 0x03, 0x8C, 0xBE, 0x06, 0xC6, 0xF0, 0xAB, 0x18, 0x11,
    0x2B, 0x3C, 0x22, 0x24, 0x90, 0x81, 0x0C, 0x59, 0x70, 0x4A, 0x05, 0x7A, 0x02, 0x27, 0x0B, 0x71,
    0x57, 0x02, 0xC5, 0x67, 0x2F, 0x55, 0xBC, 0xFE, 0x12, 0x00, 0x50, 0x8A, 0x27, 0xCE, 0x5E, 0xA6,
    0x75, 0x3C, 0x75, 0xD7, 0xC6, 0x23, 0xFC, 0xC4, 0xCE, 0x97, 0x4F, 0x8F, 0x9F, 0x5F, 0x13, 0xCD,
    0xDE, 0x24, 0x83, 0xD0, 0x53, 0xD3, 0x9A, 0x97, 0xDC, 0xBC, 0x19, 0x75, 0xC5, 0x3C, 0xD0, 0xA1,
    0x1E, 0x15, 0x7B, 0x7B, 0xFC, 0xCC, 0x2D, 0x7C, 0x15, 0x24, 0xBE, 0xF2, 0x32, 0x57, 0x7B, 0x59,
    0xA4, 0x1E, 0x7C, 0x55, 0xDD, 0xB3, 0xB2, 0xEE, 0x0F, 0x88, 0x09, 0x93, 0xC0, 0xAE, 0x40, 0x7F,
    0xF9, 0x15, 0x73, 0x7A, 0xAE, 0x14, 0x8B, 0x40, 0x46, 0xE6, 0x0D, 0x9D, 0x70, 0x41, 0xCB, 0xEA,
    0x71, 0x8D, 0x49, 0x44, 0x12, 0x24, 0x21, 0xDF, 0x04, 0x91, 0x72, 0x23, 0xFA, 0x15, 0xA3, 0x38,
    0xE6, 0xEA, 0x2A, 0x66, 0x90, 0x1F, 0xE2, 0x64, 0xB0, 0xB3, 0x32, 0xE2, 0x15, 0x33, 0x15, 0x25,
    0xD6, 0x8A, 0x8F, 0x43, 0xAB, 0x55, 0x74, 0x76, 0x76, 0x79, 0x08, 0xC3, 0x0E, 0x5C, 0xD8, 0xC8,
    0xB7, 0xA1, 0x07, 0x50, 0xCE, 0x95, 0x67, 0x63, 0x03, 0xFB, 0x84, 0x93, 0xD2, 0x33, 0xB6, 0x12,
    0xBD, 0x8A, 0xD3, 0x13, 0x1F, 0x65, 0xE1, 0x7B, 0xE9, 0xE6, 0xCB, 0x24, 0x14, 0x10, 0x17, 0x71,
    0xC1, 0x90, 0x0B, 0x72, 0x34, 0x8E, 0x84, 0xF7, 0xFF, 0x20, 0x7D, 0xF3, 0xD1, 0xDA, 0x34, 0x91,
    0x35, 0xCD, 0x87, 0x2F, 0xA0, 0xC9, 0x1A, 0x81, 0x84, 0x30, 0x59, 0x47, 0x05, 0x82, 0x3C, 0x20,
    0x5A, 0xFE, 0x9C, 0xC3, 0xF1, 0x82, 0x73, 0x3F, 0x87, 0x77, 0x80, 0x62, 0x13, 0xC7, 0xB0, 0x32,
    0xE0, 0xD2, 0x8A, 0x34, 0x33, 0x74, 0xFC, 0x02, 0x80, 0xEA, 0x69, 0x9D, 0x78, 0x31, 0xE2, 0xC3,
    0xF1, 0x9C, 0x69, 0x35, 0x05, 0x24, 0xAE, 0x3A, 0x27, 0x34, 0x0B, 0x62, 0xB3, 0x44, 0xFC, 0x22,
    0xC7, 0xFD, 0x5E, 0xC2, 0x1A, 0x8E, 0x0A, 0xB2, 0x28, 0x2F, 0x05, 0x10, 0x52, 0x94, 0x05, 0x98,
    0x7B, 0x4B, 0x93, 0x46, 0x73, 0xDF, 0x68, 0x00, 0xB1, 0xE9, 0x79, 0xFF, 0x8F, 0x88, 0x1E, 0xBF,
    0xFB, 0x0D, 0x15, 0xEA, 0x30, 0x85, 0x5B, 0x70, 0x0C, 0x7B, 0xE5, 0xA0, 0xD7, 0x87, 0x7A, 0x65,
    0xC3, 0x3C, 0x05, 0x4F, 0xE8, 0x14, 0xFC, 0xCD, 0xDA, 0x49, 0x39, 0xBB, 0x85, 0xED, 0x6B, 0x9B,
    0x55, 0x9B, 0x0C, 0xFC, 0xF6, 0x87, 0xA0, 0xF9, 0xF1, 0x9F, 0x10, 0x5F, 0xDE, 0xCB, 0x94, 0x67,
    0x30, 0xEB, 0x33, 0x40, 0xCE, 0x4C, 0x06, 0x59, 0x90, 0xCD, 0x92, 0x1C, 0x00, 0xB1, 0x12, 0x7A,
    0x6A, 0xE3, 0xB0, 0x14, 0x14, 0xAA, 0x86, 0xD0, 0xA8, 0xEE, 0x8F, 0xB2, 0x0B, 0xB2, 0xDE, 0xB4,
    0xE7, 0xCE, 0xB1, 0xCD, 0xC9, 0xB8, 0xB9, 0xD7, 0x2D, 0x44, 0x2E, 0x74, 0x3C, 0xBF, 0xDB, 0x06,
    0x7A, 0x7E, 0x36, 0x4E, 0x8A, 0x55, 0x32, 0x26, 0x7B, 0x74, 0x09, 0x33, 0x37, 0x0F, 0xF2, 0x58,
    0xB6, 0x90, 0xC0, 0x17, 0x14, 0xC4, 0x69, 0x81, 0xFF, 0xE9, 0xE7, 0x84, 0xFF, 0xF8, 0x0B, 0xD7,
    0xFE, 0xAF, 0xE5, 0x24, 0xF0, 0x92, 0x1B, 0x08, 0x82, 0xC4, 0x53, 0x9E, 0x2D, 0x50, 0xCC, 0x3B,
    0xEC, 0x5C, 0x2F, 0x87, 0x38, 0xA7, 0x38, 0x29, 0x07, 0x9F, 0x63, 0xD5, 0xF3, 0x73, 0xC4, 0x90,
    0x6A, 0xA9, 0x0B, 0x84, 0x9F, 0x2E, 0x78, 0x3E, 0x7B, 0x23, 0xA7, 0x07, 0x9E, 0xD2, 0x77, 0x3D,
    0x55, 0xFE, 0x3E, 0xB7, 0x32, 0x97, 0xFF, 0x43, 0x9B, 0x13, 0x66, 0xDA, 0x68, 0x32, 0xBB, 0x9A,
    0x27, 0x00, 0x0F, 0x46, 0x00, 0x97, 0xB1, 0x04, 0x5F, 0x8B, 0x1C, 0xC6, 0xCA, 0x33, 0x6F, 0x67,
    0x4B, 0xB0, 0x96, 0xCA, 0xC0, 0x79, 0xF6, 0x02, 0x6C, 0xB3, 0xCC, 0x4B, 0x80, 0x22, 0xA6, 0x64,
    0x86, 0x9F, 0xC1, 0x4C, 0xF9, 0xE6, 0xAD, 0xF9, 0x2F, 0xF3, 0xCC, 0xD2, 0xCA, 0xEF, 0x4B, 0x62,
    0xEF, 0x8D, 0x2A, 0xBB, 0xE4, 0x99, 0xBD, 0x95, 0xB3, 0x72, 0x54, 0x76, 0x92, 0xDD, 0x1E, 0x38,
    0x89, 0x6B, 0xCC, 0x29, 0x9E, 0x12, 0x6F, 0x8D, 0xF9, 0xF8, 0x95, 0x8C, 0x70, 0x66, 0x66, 0xC1,
    0xFD, 0x32, 0xC3, 0x29, 0x50, 0xF9, 0x18, 0xF0, 0x8D, 0xF9, 0x02, 0x56, 0x39, 0xBC, 0xA5, 0x24,
    0xD4, 0xA2, 0xDC, 0x61, 0xB5, 0x39, 0xA3, 0x0F, 0x00, 0xEE, 0x00, 0x20, 0x59, 0xE1, 0x64, 0x45,
    0x35, 0x4B, 0xCC, 0x0A, 0x12, 0x80, 0x4B, 0x56, 0x38, 0x66, 0x03, 0xF7, 0x5F, 0xD4, 0x05, 0xF7,
    0xEB, 0xB4, 0x6A, 0x34, 0x1B, 0x34, 0x3B, 0x74, 0x5F, 0x53, 0x01, 0x3F, 0xDB, 0x6F, 0x37, 0x5B,
    0xBF, 0x4F, 0x27, 0x4C, 0x79, 0x77, 0x52, 0x91, 0x0E, 0x9E, 0x84, 0x2A, 0x35, 0x6E, 0xD3, 0x60,
    0x9F, 0x36, 0x2D, 0xB6, 0x71, 0xF3, 0x7A, 0xAD, 0xBD, 0xD5, 0xDA, 0x6A, 0xD6, 0x5A, 0x8D, 0x83,
    0x73, 0x47, 0xDE, 0xF6, 0x68, 0xF8, 0xEC, 0x6F, 0xD1, 0xAE, 0xD1, 0x5A, 0x65, 0x7B, 0xB7, 0xCC,
    0x66, 0x79, 0x77, 0x69, 0xD3, 0xA4, 0x6F, 0xAF, 0xAE, 0xCD, 0x86, 0x93, 0xE0, 0x26, 0x78, 0xD2,
    0xFD, 0x27, 0x35, 0x41, 0xBB, 0x4E, 0xB3, 0x46, 0xBF, 0x41, 0xFF, 0x3F, 0xDB, 0x13, 0x50, 0xA7,
    0x76, 0x19, 0x7E, 0xBF, 0xB1, 0x75, 0xBF, 0xD6, 0xBA, 0xDD, 0x6C, 0xF4, 0xF7, 0xD9, 0xBE, 0x39,
    0x1F, 0xDD, 0xAB, 0xFF, 0x60, 0xBF, 0xEE, 0xB7, 0x1A, 0x5B, 0xCD, 0xFD, 0x5A, 0xBF, 0x7D, 0x7B,
    0xD2, 0x6A, 0xC8, 0xED, 0x1B, 0xB7, 0x2E, 0x84, 0xAC, 0xD1, 0xE0, 0x3E, 0x2D, 0x9A, 0x6C, 0x03,
    0x35, 0xC6, 0x6A, 0x73, 0x4F, 0x9F, 0xEF, 0xB2, 0xCB, 0xF1, 0xED, 0xFE, 0xFD, 0x66, 0xBF, 0x99,
    0x7E, 0x5B, 0x7D, 0x47, 0x1E, 0x70, 0x83, 0x5B, 0x55, 0x82, 0x06, 0xDE, 0x14, 0x57, 0xE1, 0xA7,
    0xD4, 0xFA, 0xB4, 0x5A, 0xF4, 0xE0, 0xDF, 0xCD, 0x99, 0x01, 0xA4, 0x24, 0xD9, 0x15, 0x86, 0x6F,
    0x75, 0x67, 0xA7, 0x98, 0x46, 0x2F, 0x76, 0x90, 0x0C, 0x0A, 0x04, 0x16, 0x0A, 0x00, 0xCC, 0xBB,
    0x15, 0x01, 0x80, 0xC1, 0xBE, 0x1D, 0x3C, 0x6C, 0xB0, 0x10, 0xC4, 0x03, 0x20, 0x66, 0xBA, 0x7B,
    0x41, 0xB0, 0xC8, 0xC0, 0x2E, 0x80, 0xC5, 0x22, 0xFB, 0x06, 0x03, 0x41, 0xD0, 0xDD, 0xD5, 0x2B,
    0x08, 0x82, 0x2D, 0x1B, 0x09, 0xC0, 0x56, 0xEC, 0xAE, 0xC8, 0xC0, 0x16, 0xA9, 0xA5, 0xDE, 0x53,
    0x55, 0x37, 0xE7, 0xFB, 0xAB, 0xAB, 0xDF, 0xBC, 0xA7, 0xED, 0x6E, 0x08, 0x3B, 0xAD, 0xFB, 0x3F,
    0xF3, 0x6E, 0x55, 0x9D, 0xF3, 0xDF, 0x73, 0xCE, 0x3D, 0xE7, 0xDE, 0x1A, 0xE7, 0x7E, 0xED, 0xEC,
    0xE3, 0x81, 0x64, 0x65, 0x30, 0xDB, 0x19, 0x4C, 0x0B, 0xFE, 0x2E, 0x81, 0xF1, 0x93, 0x86, 0xB0,
    0x73, 0x1E, 0x58, 0x86, 0xB0, 0x72, 0x1B, 0xC6, 0xD6, 0x40, 0x3B, 0x42, 0xD4, 0x18, 0x4C, 0x6A,
    0x1E, 0xAF, 0x80, 0xAB, 0x8B, 0x8F, 0xDD, 0x34, 0x84, 0xCA, 0xC5, 0xC0, 0x0C, 0x95, 0xF3, 0x9D,
    0x40, 0xB6, 0x80, 0x0C, 0xC5, 0x07, 0xFB, 0x82, 0xE5, 0xC5, 0x45, 0xE6, 0x72, 0x4C, 0x84, 0x10,
    0xB2, 0xD1, 0xFA, 0x9F, 0xE6, 0x18, 0x49, 0xED, 0xEF, 0x86, 0xFB, 0x3F, 0xFA, 0xE9, 0x8F, 0x4F,
    0x0D, 0x8B, 0x3D, 0x16, 0x7B, 0xC6, 0x3A, 0xBB, 0x3B, 0xBB, 0x71, 0xF7, 0x09, 0xB0, 0x00, 0x44,
    0xA8, 0x3D, 0xB5, 0xCB, 0x21, 0x34, 0x2E, 0xE2, 0x89, 0xA8, 0x8B, 0xF2, 0xCC, 0x08, 0xA5, 0x3B,
    0x23, 0x34, 0x17, 0x14, 0x71, 0x69, 0x30, 0x2B, 0xEC, 0x4F, 0xA3, 0x21, 0x48, 0x57, 0x06, 0xCB,
    0x2C, 0x79, 0xEF, 0xED, 0xDE, 0xA5, 0xBF, 0x08, 0xAD, 0xF3, 0x51, 0x80, 0xEB, 0x1B, 0x9A, 0xF6,
    0x5D, 0x78, 0xFA, 0x6C, 0x6F, 0x20, 0xAA, 0xC7, 0xB8, 0xCD, 0xB2, 0x5B, 0xCE, 0x59, 0x39, 0x0F,
    0x2C, 0x21, 0xFD, 0x03, 0x9C, 0x23, 0x20, 0xF6, 0xB1, 0xC1, 0x77, 0x38, 0xE7, 0x7A, 0xBA, 0xB7,
    0x66, 0xFA, 0x92, 0xF5, 0xFB, 0xA1, 0x1E, 0x26, 0x3C, 0xEB, 0x3F, 0x6C, 0x5D, 0x5A, 0xBA, 0x9F,
    0xB8, 0x9C, 0xE7, 0x3A, 0x6C, 0x34, 0xD8, 0xA8, 0xB0, 0x51, 0x1E, 0x6C, 0xBC, 0xB8, 0xF8, 0x83,
    0x4B, 0x42, 0xB0, 0x7B, 0x05, 0xB2, 0x71, 0x80, 0x54, 0x20, 0x06, 0xBA, 0x59, 0x24, 0xC5, 0x3E,
    0x7C, 0xF0, 0x1B, 0xE7, 0x72, 0xA2, 0x90, 0x04, 0x06, 0xEE, 0x8D, 0x04, 0x22, 0xB3, 0xED, 0xE6,
    0x4A, 0x90, 0xAF, 0x9F, 0x5B, 0xE0, 0x5C, 0xB4, 0x9F, 0x34, 0x30, 0xE1, 0xD6, 0x48, 0x20, 0xD2,
    0x41, 0x96, 0x44, 0xA6, 0x93, 0x56, 0x4C, 0x2D, 0xE5, 0x05, 0x39, 0x65, 0xBC, 0xF3, 0xA0, 0x42,
    0x63, 0xAF, 0x73, 0x75, 0x71, 0x9A, 0x97, 0x83, 0x87, 0x53, 0x11, 0x38, 0x95, 0xEF, 0xE5, 0x9B,
    0x85, 0xFC, 0xB2, 0xD1, 0x43, 0x2D, 0xE6, 0x26, 0x35, 0x4E, 0xD6, 0x17, 0x1F, 0x2B, 0xE4, 0x7C,
    0xCD, 0xB7, 0x69, 0xC6, 0xD7, 0x1F, 0x9E, 0x3B, 0x78, 0xF3, 0xF1, 0x63, 0xD7, 0xB6, 0x7C, 0xDF,
    0x7D, 0x97, 0x3F, 0xFF, 0xAF, 0xCA, 0x89, 0x5A, 0xAB, 0x1F, 0x0A, 0xC8, 0x24, 0xB4, 0xA0, 0x80,
    0x1F, 0x5A, 0x50, 0x83, 0x92, 0xF1, 0x87, 0x36, 0x74, 0x29, 0xF4, 0x5E, 0xC9, 0x2E, 0x95, 0xB7,
    0x55, 0x49, 0x8D, 0x54, 0x29, 0x5A, 0x3F, 0xCF, 0x59, 0xA7, 0x46, 0xC1, 0x2E, 0xBD, 0x26, 0xD3,
    0x13, 0x72, 0x03, 0x37, 0xEE, 0x65, 0xAC, 0x95, 0xA4, 0x2A, 0x24, 0x6E, 0xF3, 0x51, 0xAE, 0x50,
    0x87, 0xCD, 0x41, 0x7A, 0x54, 0x23, 0x51, 0x2D, 0xDB, 0xD3, 0xAB, 0x87, 0x64, 0x36, 0x1A, 0x32,
    0xEC, 0xCF, 0x42, 0x30, 0xDE, 0x8D, 0x31, 0xBF, 0x5F, 0x33, 0xA5, 0xF9, 0x6E, 0xD2, 0xBA, 0x49,
    0x25, 0x8D, 0xF6, 0x10, 0x33, 0x68, 0x99, 0x5A, 0x9A, 0x71, 0x73, 0xC1, 0x2C, 0x5A, 0x2E, 0x7A,
    0x88, 0xDB, 0x45, 0x0F, 0x71, 0x39, 0x2A, 0xA9, 0xDE, 0x34, 0x6E, 0xDB, 0x8B, 0xB0, 0xF3, 0xC6,
    0x05, 0xA2, 0xBE, 0x44, 0x1A, 0x8C, 0x9F, 0x74, 0xBF, 0x26, 0xBC, 0xBC, 0x22, 0x57, 0x78, 0x79,
    0x76, 0x2F, 0xD7, 0x1A, 0x92, 0x5B, 0x9E, 0x48, 0xEA, 0x92, 0x5C, 0xA4, 0x3C, 0xAC, 0x25, 0xB1,
    0x18, 0x35, 0xC8, 0xC0, 0x67, 0x25, 0xA9, 0x2A, 0xF5, 0xF5, 0xE9, 0xA3, 0x6F, 0xCF, 0x45, 0x73,
    0x5A, 0x45, 0x3D, 0x34, 0x8D, 0xF9, 0x12, 0x09, 0x73, 0xE8, 0x8A, 0x79, 0x92, 0x21, 0x17, 0x2E,
    0x95, 0xDC, 0x38, 0x4F, 0xA0, 0xA2, 0x76, 0xA0, 0x15, 0x37, 0xA2, 0x75, 0x91, 0x97, 0xA2, 0x85,
    0x7E, 0xB3, 0xB9, 0x0C, 0x5F, 0xB9, 0xFF, 0xB5, 0x92, 0xDD, 0x53, 0x25, 0x6B, 0x59, 0xD8, 0xC1,
    0x2A, 0x59, 0xB6, 0xDC, 0x4D, 0xEA, 0xB1, 0x88, 0x19, 0xCC, 0x54, 0xC9, 0x76, 0x87, 0x4A, 0xB6,
    0x32, 0x48, 0x80, 0x34, 0x93, 0x5F, 0x95, 0x83, 0xF2, 0x2C, 0x2E, 0xF8, 0x18, 0x54, 0x10, 0xE1,
    0x2C, 0x5F, 0x2A, 0xDF, 0x85, 0x95, 0xF0, 0x86, 0x9F, 0xBD, 0xBE, 0x9D, 0x42, 0x5E, 0xC3, 0x88,
    0x2A, 0xB0, 0x56, 0x55, 0x68, 0x5D, 0x0E, 0xBD, 0x48, 0xC9, 0x17, 0x57, 0xF8, 0x75, 0x5E, 0xA0,
    0xDC, 0x67, 0x86, 0x36, 0x31, 0xB0, 0x51, 0x96, 0xB5, 0xAA, 0x6C, 0x9D, 0x8C, 0x2E, 0x84, 0x5E,
    0xC5, 0x2D, 0x55, 0x5E, 0x43, 0x24, 0x55, 0xCE, 0x7B, 0x15, 0x28, 0x2F, 0x82, 0x0B, 0x05, 0x67,
    0x5C, 0x6A, 0x83, 0x2F, 0x26, 0x1F, 0x09, 0x6B, 0xD0, 0xB5, 0xC2, 0x07, 0xC2, 0x44, 0x38, 0xBB,
    0xCD, 0x5F, 0x95, 0x84, 0xB0, 0x54, 0x0A, 0x86, 0x42, 0x11, 0x0A, 0xC3, 0x49, 0x20, 0x2F, 0xE3,
    0x6F, 0xC0, 0xF9, 0x67, 0x64, 0xBB, 0x4F, 0x56, 0xA6, 0x77, 0x93, 0x66, 0x16, 0xF2, 0x06, 0x06,
    0xD3, 0x12, 0x84, 0x6F, 0x5C, 0xA6, 0x6E, 0x63, 0xFC, 0x9E, 0xB8, 0xB5, 0x31, 0x6F, 0x78, 0xE4,
    0xCF, 0x95, 0x61, 0xF2, 0xFE, 0xCE, 0x1E, 0x4C, 0xDF, 0x51, 0x67, 0x59, 0x40, 0xDA, 0xB7, 0xC2,
    0x4A, 0xF9, 0x52, 0x80, 0xF9, 0x8A, 0x89, 0x85, 0xBD, 0xB7, 0x3F, 0x76, 0xF8, 0xBF, 0x9D, 0xE0,
    0xE8, 0xED, 0x59, 0x69, 0xE8, 0x55, 0xF4, 0xEE, 0x5C, 0xDE, 0x24, 0x1E, 0xD5, 0x3C, 0xC0, 0xFC,
    0xD3, 0x21, 0x6D, 0x1C, 0xD8, 0xE1, 0x05, 0xDC, 0x2D, 0x5B, 0xCE, 0xAB, 0x90, 0xA7, 0xD2, 0x9C,
    0x64, 0x69, 0xC6, 0xB2, 0xF5, 0x72, 0x6E, 0x87, 0x2F, 0x3E, 0x95, 0xEB, 0xFF, 0xA6, 0x4A, 0xFA,
    0xAF, 0x02, 0x0C, 0x50, 0x98, 0xA8, 0xEA, 0x5A, 0x56, 0x83, 0x2D, 0x48, 0x9D, 0xC5, 0x51, 0x60,
    0xCA, 0x2D, 0x6F, 0xEB, 0x16, 0x0B, 0x20, 0x58, 0x82, 0x6F, 0x5C, 0xFB, 0x93, 0xC4, 0x57, 0xDA,
    0xAB, 0x2A, 0x6D, 0x46, 0xD4, 0xBA, 0xE6, 0x92, 0x10, 0xE6, 0x0B, 0xC5, 0x69, 0x23, 0xAA, 0x6B,
    0x61, 0x2B, 0x54, 0x19, 0x88, 0x1A, 0xDC, 0xA2, 0x3C, 0x66, 0x50, 0x88, 0x26, 0x30, 0x1B, 0xEA,
    0x84, 0xD6, 0x9A, 0x4C, 0x09, 0xD9, 0x0E, 0x58, 0x47, 0xC9, 0xB5, 0x17, 0x08, 0x42, 0x17, 0x33,
    0x2D, 0xA1, 0x88, 0x69, 0xEE, 0xC2, 0x15, 0xA8, 0x92, 0x37, 0x2E, 0xAA, 0x5C, 0x53, 0x32, 0x98,
    0xE2, 0xF0, 0xF8, 0x0B, 0x83, 0xF9, 0x67, 0x38, 0xEE, 0xF7, 0x06, 0x9E, 0x87, 0x17, 0x40, 0x2B,
    0x56, 0x31, 0x0B, 0x5F, 0xD5, 0x7C, 0x5A, 0x0E, 0x2B, 0x2D, 0xA5, 0x2E, 0x2C, 0x81, 0xFE, 0xE2,
    0x59, 0x15, 0xB5, 0x76, 0xD3, 0xB4, 0x32, 0xD0, 0x54, 0xE6, 0x3B, 0x03, 0xAD, 0x08, 0x4C, 0xB5,
    0x5B, 0x80, 0x27, 0x4A, 0x56, 0x7A, 0xC1, 0x63, 0xBB, 0xEF, 0xD9, 0x08, 0x7C, 0xFB, 0xD0, 0x60,
    0x5F, 0x82, 0x48, 0x9E, 0x33, 0x8A, 0x4F, 0xD4, 0x31, 0x9D, 0xAD, 0x9C, 0x6D, 0xBE, 0x01, 0xD8,
    0x50, 0xA4, 0xF6, 0x34, 0x05, 0x19, 0x98, 0xD5, 0xE6, 0x16, 0xB3, 0x93, 0xCB, 0x29, 0xD4, 0x16,
    0x97, 0xF6, 0x4F, 0xC9, 0xAA, 0xDE, 0x8D, 0x76, 0xD3, 0x92, 0x32, 0x5D, 0xC9, 0xFB, 0x82, 0xA8,
    0x31, 0x0B, 0xB8, 0xBE, 0x20, 0x57, 0x57, 0xD3, 0xAB, 0x67, 0x3D, 0x76, 0x0B, 0x6A, 0x79, 0x89,
    0xDD, 0x56, 0xEE, 0x06, 0x7C, 0xA6, 0x3E, 0x66, 0x76, 0x7D, 0x46, 0x31, 0xC0, 0x97, 0x39, 0xC6,
    0x3B, 0xB3, 0xFB, 0xBC, 0xC1, 0x6E, 0x61, 0x76, 0x2F, 0x7F, 0xCC, 0x8D, 0x0F, 0xF6, 0x50, 0x20,
    0x2E, 0x54, 0x4A, 0x89, 0x06, 0x35, 0x58, 0x43, 0x28, 0xB7, 0x10, 0x28, 0xC3, 0x9C, 0x97, 0x41,
    0x04, 0xD7, 0x25, 0xF0, 0x2F, 0x16, 0xA5, 0x5B, 0x3E, 0x1E, 0xD3, 0x99, 0x0B, 0x50, 0x57, 0xBF,
    0xE7, 0x37, 0x74, 0x6B, 0xBE, 0xAC, 0x40, 0x44, 0xB2, 0xD3, 0x24, 0xBC, 0x92, 0xF6, 0x6E, 0xB0,
    0x4C, 0xBD, 0x72, 0x49, 0xE0, 0xE3, 0x52, 0x89, 0xB1, 0xB2, 0x4B, 0x3C, 0x19, 0x4A, 0xFC, 0x66,
    0xDF, 0x9C, 0x46, 0x37, 0x69, 0x91, 0x3D, 0xFC, 0xF1, 0xB6, 0xFE, 0xD3, 0x82, 0x3B, 0x3A, 0x55,
    0x30, 0x8A, 0x42, 0x54, 0xAB, 0xC4, 0x60, 0x72, 0xA1, 0xC2, 0xB0, 0x36, 0x2E, 0x4B, 0x4D, 0x83,
    0xA2, 0x8F, 0xBE, 0x76, 0x5A, 0xCB, 0x42, 0x33, 0x97, 0xCD, 0x4F, 0x1B, 0x8F, 0xB1, 0xF8, 0xF3,
    0x9A, 0x35, 0x00, 0x25, 0x51, 0x16, 0x35, 0xAE, 0xEF, 0xA5, 0xFF, 0xDD, 0xE7, 0x35, 0x32, 0x9F,
    0xED, 0xD4, 0x8E, 0xDB, 0xB9, 0x64, 0x5C, 0xED, 0x9B, 0x43, 0x91, 0x50, 0xC7, 0x48, 0x39, 0x55,
    0xB5, 0x5E, 0x35, 0x4E, 0x09, 0x8F, 0x9C, 0x55, 0x46, 0x20, 0x2E, 0xF1, 0xB9, 0xEA, 0xE0, 0x92,
    0x90, 0xC9, 0x19, 0xE3, 0x0E, 0x18, 0xE7, 0x19, 0x7C, 0x18, 0x34, 0x7D, 0xED, 0xD1, 0x95, 0x66,
    0x47, 0x72, 0xCD, 0xA6, 0x73, 0xF7, 0x59, 0xCB, 0x36, 0xF6, 0x29, 0x8E, 0x2F, 0x45, 0xE7, 0x90,
    0x66, 0xFE, 0x96, 0xC3, 0x80, 0x7E, 0xB8, 0x65, 0x71, 0x7A, 0x5E, 0x13, 0x9F, 0xC2, 0x9E, 0x62,
    0xE8, 0xDE, 0x2B, 0xD9, 0x6F, 0x7E, 0xE6, 0xDE, 0x14, 0x2D, 0xF2, 0x2D, 0xF9, 0x40, 0x5D, 0x58,
    0x21, 0x88, 0xB6, 0xD9, 0xAB, 0xDC, 0x29, 0x5F, 0xC5, 0x9D, 0xC7, 0x7E, 0x8D, 0x0C, 0x22, 0x36,
    0xA1, 0x9E, 0x33, 0x96, 0x10, 0xA9, 0x66, 0xAD, 0xA2, 0xF5, 0x50, 0x3B, 0xAE, 0x85, 0x54, 0x42,
    0x5F, 0x89, 0xCA, 0xDC, 0x4D, 0x34, 0x12, 0x51, 0xAD, 0xA4, 0x9C, 0x98, 0x2B, 0x34, 0x07, 0xD1,
    0xD1, 0x96, 0x0E, 0xE6, 0x08, 0x7E, 0xAC, 0x62, 0xD5, 0xE2, 0xD1, 0x31, 0x6F, 0xF6, 0x08, 0xFC,
    0x28, 0x51, 0x62, 0xE3, 0x3A, 0x9C, 0x85, 0x3D, 0xDB, 0x68, 0x34, 0x69, 0x74, 0xA4, 0xF2, 0x56,
    0xAC, 0xCD, 0xD8, 0xB2, 0x76, 0x5B, 0x13, 0x7D, 0xE5, 0xAE, 0xAC, 0x7D, 0xFD, 0xA7, 0x72, 0x97,
    0x56, 0xC7, 0xBE, 0x2C, 0xA3, 0x6F, 0xCD, 0xEC, 0x5F, 0x8A, 0x49, 0x65, 0xF5, 0xF2, 0xFD, 0x62,
    0x6A, 0x22, 0xA5, 0xED, 0x35, 0xEE, 0x81, 0x89, 0xD2, 0xE2, 0x98, 0xAC, 0xE2, 0x62, 0x1D, 0xD5,
    0x49, 0x36, 0xDB, 0xAD, 0xA7, 0x15, 0xEB, 0xF1, 0x71, 0x5C, 0x78, 0x9B, 0xF2, 0x63, 0xF6, 0x1C,
    0xC9, 0xEA, 0x41, 0xA2, 0xF6, 0xF4, 0xE0, 0x44, 0x0D, 0xEA, 0x64, 0x4D, 0x8B, 0xC2, 0x66, 0x6B,
    0xA9, 0x97, 0x92, 0x01, 0x4F, 0x8C, 0x53, 0xD4, 0xD8, 0xD5, 0x84, 0xDD, 0x6B, 0x6B, 0xF7, 0x32,
    0xF7, 0x54, 0xDD, 0xDB, 0x6B, 0xA2, 0x0B, 0xCD, 0x73, 0x23, 0x5C, 0x6B, 0xB2, 0xED, 0x88, 0x3A,
    0x86, 0xE8, 0x10, 0x72, 0x08, 0x11, 0x45, 0xEF, 0xA2, 0x53, 0x3C, 0x2C, 0x3B, 0x41, 0xF9, 0xAD,
    0x75, 0x6A, 0xC6, 0xE0, 0xA4, 0x3E, 0x6C, 0x28, 0xC0, 0x54, 0xE8, 0x71, 0xED, 0x11, 0x83, 0x83,
    0xA9, 0xF1, 0x93, 0xF7, 0x04, 0x57, 0x8D, 0xC4, 0x5F, 0x9E, 0xD7, 0x6C, 0x1C, 0xA6, 0xAD, 0x0A,
    0x43, 0x47, 0x9A, 0xD0, 0x1B, 0xB9, 0x64, 0x73, 0x01, 0x49, 0x25, 0x9F, 0x79, 0x77, 0x8D, 0x0B,
    0xD0, 0x6D, 0x85, 0x9D, 0xE1, 0x52, 0xB8, 0x15, 0xB6, 0x60, 0xD4, 0x72, 0x75, 0x5A, 0xDB, 0x15,
    0x14, 0xFA, 0xCC, 0xCA, 0x14, 0x41, 0x5B, 0xAE, 0xDC, 0xFC, 0xF2, 0xAC, 0x57, 0x9E, 0xD5, 0x6A,
    0x6D, 0x90, 0x8A, 0x1E, 0x2A, 0xA6, 0x41, 0x7D, 0x41, 0xB8, 0x14, 0x6E, 0x44, 0x7A, 0x7D, 0x6C,
    0xF3, 0x85, 0xAF, 0xC6, 0x7D, 0xE2, 0x66, 0xDC, 0x7C, 0x95, 0x60, 0xBC, 0x3F, 0xA6, 0x1D, 0xBC,
    0xF4, 0x5D, 0x9B, 0x2F, 0x21, 0x37, 0x8C, 0xBE, 0x3A, 0x04, 0xE4, 0xB0, 0xD1, 0x68, 0xD5, 0x80,
    0xB1, 0xB2, 0x24, 0x6E, 0xE6, 0x18, 0x22, 0x21, 0x88, 0xB0, 0x23, 0x03, 0x68, 0x06, 0x7C, 0x36,
    0x2D, 0xA3, 0x40, 0xBC, 0xF6, 0x27, 0xC6, 0xF9, 0x8B, 0x4F, 0xBE, 0xAF, 0x4D, 0x1D, 0x7F, 0xD3,
    0x71, 0x3E, 0xEC, 0x57, 0xAC, 0xA8, 0x5C, 0x9D, 0x55, 0xD4, 0x8E, 0xD7, 0x27, 0x5A, 0xF6, 0xF5,
    0xF8, 0xA2, 0x82, 0xD8, 0x28, 0x34, 0xB7, 0x55, 0x6D, 0x0F, 0xFA, 0xBA, 0x03, 0x6C, 0x0E, 0x17,
    0x96, 0x80, 0x17, 0x17, 0x75, 0x8A, 0xFE, 0xF4, 0x8F, 0xAC, 0xFD, 0x9A, 0x59, 0x32, 0xF0, 0x96,
    0x53, 0x08, 0x56, 0x4B, 0x40, 0x9B, 0xD1, 0x97, 0x5B, 0xCA, 0x91, 0xCE, 0x3B, 0x6E, 0x5F, 0x8E,
    0x4F, 0xE9, 0x56, 0x4B, 0x3F, 0xB2, 0x43, 0x1A, 0xB5, 0xBF, 0xB2, 0x87, 0x82, 0xF1, 0x23, 0x93,
    0xE3, 0xAC, 0x35, 0x6F, 0x85, 0x69, 0xBF, 0x94, 0x78, 0x64, 0x79, 0x99, 0x9F, 0x37, 0x58, 0xD9,
    0x44, 0x1D, 0x06, 0x2C, 0x65, 0x60, 0xBB, 0xEF, 0xEB, 0xAD, 0x0E, 0xAC, 0xB4, 0x09, 0xA3, 0x3D,
    0xA9, 0x25, 0xB4, 0x62, 0x53, 0x37, 0x88, 0xCC, 0x5C, 0xB1, 0xB5, 0xB9, 0x9B, 0x68, 0x75, 0xE0,
    0x35, 0x15, 0x33, 0x6B, 0x3B, 0x49, 0x65, 0xB3, 0x78, 0xE7, 0x1F, 0x4C, 0xC4, 0xEC, 0x74, 0xDA,
    0x04, 0xD0, 0xCE, 0xB5, 0x1F, 0x93, 0x00, 0x24, 0x46, 0xDA, 0x2A, 0xD6, 0xDA, 0xDB, 0x13, 0x33,
    0x65, 0x3C, 0x46, 0xB6, 0x78, 0x7F, 0xE8, 0x2A, 0xF2, 0x7D, 0xAB, 0x80, 0x6E, 0x34, 0x95, 0x13,
    0x05, 0xCD, 0xB7, 0xA0, 0x59, 0x54, 0xB4, 0x35, 0x52, 0x82, 0xB9, 0xBA, 0xEA, 0xE5, 0x10, 0xBA,
    0x46, 0xCE, 0x68, 0xE5, 0x84, 0x27, 0x0A, 0xB7, 0xC7, 0xAD, 0xA0, 0x16, 0x1A, 0x4F, 0x72, 0x3E,
    0xD7, 0x3F, 0x96, 0x0A, 0xF1, 0xED, 0xA3, 0xD5, 0xFC, 0x07, 0x1F, 0xAD, 0xC0, 0x1F, 0x7A, 0xB4,
    0x4A, 0xBF, 0xE3, 0x68, 0xF5, 0x42, 0x47, 0xAB, 0xDE, 0x05, 0xE1, 0x98, 0xA0, 0x32, 0x7A, 0xC0,
    0x66, 0x3C, 0x9B, 0x6A, 0xA3, 0xCA, 0x29, 0xA9, 0xE4, 0xDD, 0x08, 0x30, 0x2B, 0x8C, 0xB2, 0xC5,
    0x02, 0x48, 0x33, 0x03, 0x0F, 0x7D, 0x0F, 0xFB, 0x13, 0x68, 0x2F, 0x01, 0xAF, 0x2D, 0xF0, 0xCA,
    0xFC, 0x9C, 0x5C, 0x3D, 0xEF, 0x48, 0x0B, 0xD3, 0x9B, 0x5F, 0x1D, 0x3F, 0x1C, 0x00, 0xC7, 0x0F,
    0x07, 0xA9, 0x5E, 0xEB, 0x34, 0xA8, 0x5B, 0xF3, 0xE0, 0x02, 0x7E, 0x6C, 0x49, 0x06, 0x3F, 0x68,
    0x10, 0xC9, 0x20, 0x51, 0xD6, 0x60, 0x5C, 0x6A, 0x70, 0xA8, 0x48, 0x0A, 0xBD, 0x06, 0x91, 0x0C,
    0x1A, 0x59, 0x0D, 0x2A, 0xCD, 0x06, 0xA9, 0x41, 0xE5, 0x26, 0x75, 0x09, 0x89, 0xEB, 0x16, 0x1A,
    0xC4, 0x3B, 0x1A, 0x24, 0x6D, 0x9D, 0x18, 0x68, 0x50, 0x12, 0x88, 0x1A, 0xBC, 0x6A, 0x87, 0xC5,
    0x5A, 0x7E, 0x65, 0xE7, 0x0B, 0x22, 0x5F, 0xE6, 0xBF, 0x39, 0xC6, 0x7F, 0x73, 0x83, 0x7F, 0x75,
    0x8C, 0x7F, 0x75, 0x8C, 0x3F, 0x83, 0x26, 0x8F, 0xF1, 0x47, 0x1E, 0xE7, 0xBF, 0x66, 0xF0, 0x36,
    0xFF, 0xF5, 0x35, 0xFF, 0xFE, 0xE9, 0xC0, 0x3F, 0x14, 0x80, 0xFA, 0x8E, 0x3E, 0xF3, 0x9B, 0x12,
    0xAD, 0x87, 0x75, 0x2F, 0x09, 0xE8, 0x14, 0xEE, 0x79, 0x64, 0x09, 0xE4, 0xE1, 0xFB, 0x2B, 0x62,
    0xFF, 0x81, 0x01, 0xE5, 0x22, 0x0A, 0x01, 0x37, 0xDE, 0xE9, 0xF1, 0xC2, 0xD2, 0xA9, 0x7B, 0x18,
    0x28, 0x3E, 0x9A, 0x9C, 0xD7, 0x8A, 0x81, 0x40, 0x3F, 0xBC, 0x6E, 0x4C, 0x5E, 0xE4, 0xF5, 0x78,
    0x7A, 0xBA, 0x14, 0x85, 0x71, 0x7B, 0xA1, 0x76, 0x2F, 0xB2, 0x32, 0xA2, 0x1D, 0xC6, 0xD8, 0xCB,
    0xE0, 0x23, 0xA1, 0x1C, 0x54, 0xE7, 0x94, 0x98, 0x5E, 0xBD, 0xA5, 0xA2, 0xAA, 0x33, 0x18, 0xA2,
    0xD2, 0xFA, 0xBA, 0xDF, 0x98, 0xD0, 0x21, 0x59, 0x7B, 0x8D, 0x2E, 0x6A, 0xA4, 0x75, 0xD8, 0x6D,
    0x74, 0x43, 0x0B, 0x6D, 0xC5, 0x33, 0x6A, 0xB5, 0xD5, 0x98, 0xD6, 0xE2, 0x30, 0xAF, 0x66, 0x05,
    0x87, 0x75, 0xDE, 0xD1, 0x99, 0x47, 0x79, 0x88, 0x59, 0xE2, 0xB6, 0x54, 0xF6, 0xAE, 0xDF, 0xE8,
    0xAE, 0x8F, 0xBC, 0xD5, 0x35, 0x32, 0x30, 0x81, 0x46, 0x5C, 0xCE, 0x1A, 0x08, 0x60, 0xDD, 0x7E,
    0x5B, 0xAA, 0x84, 0x19, 0xED, 0x98, 0x87, 0xB1, 0x6F, 0xCC, 0x2F, 0x95, 0x19, 0x2A, 0xB0, 0xA2,
    0x77, 0x02, 0xFA, 0x9C, 0xF3, 0x2F, 0x2D, 0xED, 0xFE, 0x43, 0x85, 0x21, 0x29, 0x74, 0xE6, 0x1A,
    0x9B, 0x26, 0x56, 0x64, 0xEE, 0x00, 0x77, 0x2F, 0x9E, 0x35, 0x9C, 0x62, 0xE5, 0xD3, 0x71, 0x65,
    0xDE, 0xFE, 0x1F, 0x84, 0x14, 0x50, 0x9D, 0xED, 0xB9, 0xD8, 0xBA, 0xDF, 0x9E, 0xE6, 0xD5, 0x70,
    0x70, 0xF5, 0xE3, 0x9B, 0xF9, 0x9B, 0x2F, 0x6E, 0x31, 0xEE, 0x89, 0xAE, 0x36, 0x28, 0xB3, 0xFE,
    0xAC, 0x53, 0x32, 0x96, 0xEC, 0xE9, 0xD7, 0xA8, 0xF2, 0x84, 0xA5, 0x57, 0x07, 0xD7, 0x16, 0x9F,
    0x9E, 0x07, 0x45, 0x32, 0x7F, 0x5A, 0x21, 0xA7, 0xD5, 0xAC, 0x94, 0xBC, 0x7A, 0x5E, 0x48, 0x2A,
    0x2B, 0xE7, 0x45, 0x8C, 0x54, 0x6B, 0x48, 0x4C, 0x26, 0xE6, 0x6A, 0x64, 0xBA, 0x92, 0xD4, 0xCB,
    0x0C, 0x49, 0x0B, 0x11, 0xDC, 0xB7, 0x1C, 0x00, 0x0A, 0x0A, 0x33, 0x1E, 0xC3, 0x0B, 0x1C, 0x7B,
    0x61, 0xB2, 0x30, 0x7A, 0xA7, 0x41, 0xB9, 0xB2, 0xC4, 0x63, 0x2D, 0x2D, 0xAC, 0x7C, 0xB9, 0x7D,
    0x44, 0xCF, 0xB1, 0x94, 0xCA, 0x5E, 0x00, 0xA7, 0x1D, 0xA1, 0x8C, 0xAB, 0x7D, 0x75, 0x4D, 0x0F,
    0xD5, 0xF5, 0xE5, 0xA2, 0x5E, 0xA0, 0x31, 0xAE, 0xD1, 0x37, 0x09, 0xA7, 0x86, 0x2E, 0x97, 0x8F,
    0xBC, 0xB0, 0x27, 0x04, 0x13, 0x72, 0xC7, 0xF4, 0x80, 0xFA, 0x3F, 0x2A, 0x73, 0x07, 0xE7, 0x82,
    0xA0, 0xA2, 0xAE, 0x94, 0x8B, 0x6B, 0x70, 0x4E, 0xEE, 0xE0, 0xAB, 0x71, 0xC1, 0x99, 0x2B, 0x63,
    0x76, 0x86, 0x76, 0xD4, 0x0A, 0x8F, 0xBE, 0x58, 0xD9, 0x74, 0x42, 0x36, 0xC3, 0xAB, 0x14, 0x78,
    0x9A, 0x8D, 0xDA, 0x90, 0x60, 0xA3, 0x05, 0x6F, 0x42, 0x30, 0x69, 0x0C, 0xA6, 0x35, 0x6F, 0x9A,
    0x6A, 0xEE, 0xAC, 0x9C, 0x7F, 0xEF, 0xAA, 0xB2, 0x40, 0x7D, 0x59, 0xDA, 0xB4, 0x7F, 0x59, 0x50,
    0xEB, 0x87, 0x8F, 0x59, 0xBA, 0x93, 0x97, 0xC3, 0x56, 0x68, 0x1A, 0xFE, 0x6D, 0x2E, 0xAE, 0xC7,
    0xE8, 0x77, 0xCA, 0x99, 0x43, 0x92, 0xFC, 0x33, 0x58, 0x8B, 0xFB, 0xAB, 0x4D, 0x6B, 0xFE, 0xCD,
    0xA3, 0x8E, 0xDB, 0x72, 0x97, 0xB2, 0x0A, 0xFC, 0x0E, 0xC8, 0x00, 0x37, 0xC2, 0x09, 0xAC, 0x0C,
    0x36, 0x40, 0xEB, 0x48, 0x61, 0x56, 0xB9, 0x31, 0x28, 0xD2, 0x82, 0x26, 0x91, 0x59, 0x38, 0x1A,
    0x95, 0x92, 0x71, 0xA6, 0x7A, 0xCB, 0x54, 0x45, 0xFD, 0xA3, 0x76, 0x5A, 0xAB, 0x4B, 0xB7, 0xAC,
    0xE5, 0x34, 0x23, 0xF9, 0x93, 0xD2, 0x62, 0x96, 0x11, 0xB7, 0xED, 0xE9, 0x79, 0xB1, 0x31, 0x5F,
    0xD2, 0x22, 0xD9, 0x1D, 0x71, 0xC6, 0x4B, 0x4D, 0xE7, 0xDC, 0x54, 0x4E, 0xD0, 0xF8, 0xDA, 0xDE,
    0x75, 0xE7, 0xBD, 0xFD, 0x6D, 0x8C, 0x2F, 0xCF, 0x2A, 0xAD, 0x86, 0xF1, 0x0D, 0x0F, 0xB9, 0x10,
    0x99, 0xAD, 0xB4, 0xB3, 0x78, 0x3D, 0x75, 0x73, 0x6D, 0xBD, 0xA0, 0xFC, 0xD2, 0xAF, 0x48, 0x58,
    0x23, 0xE6, 0x8E, 0xCB, 0xE1, 0x25, 0xC0, 0x9D, 0x4F, 0xB4, 0x6F, 0x2F, 0xF6, 0x51, 0x7D, 0x3D,
    0xEA, 0xAE, 0xB7, 0x95, 0x63, 0x7D, 0x24, 0x72, 0x4A, 0x8A, 0xFB, 0xBD, 0xAA, 0xC1, 0x67, 0xBB,
    0x49, 0x1F, 0x87, 0x95, 0x25, 0x61, 0x58, 0x11, 0x2D, 0x4E, 0xA7, 0x3E, 0xBB, 0xF6, 0xD0, 0x02,
    0x0F, 0x6D, 0xF0, 0xD0, 0x75, 0xC8, 0x86, 0x53, 0x34, 0x69, 0x90, 0x16, 0x1C, 0x1B, 0x42, 0x4F,
    0x52, 0xD5, 0x37, 0xDD, 0x94, 0x11, 0xAA, 0x28, 0x9C, 0xD5, 0xD3, 0x7A, 0x52, 0xCF, 0xCA, 0xA8,
    0xB6, 0x3A, 0x59, 0x5B, 0xF1, 0xAC, 0x7C, 0x94, 0xEF, 0x7C, 0x08, 0x8A, 0xE4, 0x36, 0x43, 0xB3,
    0x7A, 0x12, 0x96, 0x44, 0x33, 0x2D, 0xEE, 0x67, 0x83, 0x9B, 0x2E, 0x0F, 0x0A, 0xF5, 0x31, 0x6F,
    0x34, 0xC4, 0x33, 0x94, 0x26, 0xCD, 0xDC, 0xA3, 0x3A, 0xAA, 0xA7, 0xDD, 0xAF, 0x5C, 0xD4, 0x4E,
    0xB4, 0x28, 0xA9, 0x7D, 0x2A, 0x0C, 0x3A, 0x26, 0x4A, 0x96, 0x1E, 0xB9, 0x89, 0x0B, 0x94, 0x8F,
    0x5B, 0x34, 0x64, 0x8B, 0xBC, 0x7C, 0xE7, 0xEF, 0xC8, 0x49, 0x9D, 0xAC, 0x90, 0xD3, 0x2A, 0xC9,
    0x90, 0xBC, 0x49, 0x40, 0xB2, 0x91, 0xD8, 0x98, 0x1B, 0x97, 0xD9, 0x09, 0x6F, 0x7A, 0x7C, 0xC7,
    0x49, 0xB2, 0xE3, 0x1C, 0xBB, 0x76, 0xB3, 0x4E, 0xD4, 0xC6, 0xFC, 0x8C, 0xF2, 0xCE, 0xC5, 0xD4,
    0xC8, 0xAF, 0xCF, 0x8B, 0xA1, 0x44, 0xC5, 0xFC, 0x0A, 0x79, 0xFA, 0x5E, 0x9E, 0xB9, 0xDC, 0xE2,
    0x21, 0xA3, 0xF9, 0x3E, 0x0E, 0x3A, 0x54, 0xEB, 0x44, 0xFD, 0x55, 0xC4, 0xCE, 0xA7, 0x55, 0xE0,
    0xD8, 0xE3, 0xFF, 0x17, 0xCD, 0x99, 0x2F, 0x90, 0xE4, 0x56, 0x7E, 0xC7, 0x7F, 0x6A, 0x25, 0xAB,
    0xAA, 0x08, 0x28, 0xE0, 0x5C, 0x57, 0xE5, 0x03, 0xE2, 0xA9, 0x4A, 0x84, 0x03, 0x6E, 0x9E, 0xD6,
    0x0B, 0x0D, 0x6E, 0xC1, 0xCD, 0x19, 0x2C, 0xD8, 0x83, 0x76, 0xC8, 0xD0, 0x00, 0x77, 0x4B, 0xAE,
    0x80, 0x80, 0x00, 0x2F, 0x88, 0x13, 0x18, 0x03, 0x03, 0x67, 0x16, 0x98, 0x1A, 0x74, 0x4F, 0x6B,
    0xD7, 0x15, 0x14, 0x60, 0xC5, 0x2E, 0x57, 0x40, 0x40, 0x94, 0x3F, 0x4B, 0x6C, 0xB0, 0x72, 0x59,
    0x1B, 0x6B, 0x66, 0xD5, 0xFD, 0xF2, 0xFD, 0xD4, 0xD3, 0xF4, 0xCC, 0xD4, 0xC4, 0x15, 0x07, 0xAC,
    0x73, 0x6F, 0x46, 0xDF, 0x5F, 0xCD, 0x48, 0xEF, 0xF7, 0xFF, 0xCF, 0x53, 0xF7, 0xA2, 0xB7, 0xB4,
    0x89, 0x7B, 0xCB, 0x1A, 0xA0, 0x4E, 0x3A, 0xCB, 0xCB, 0xB4, 0xB5, 0xA2, 0x4C, 0x1B, 0x73, 0x96,
    0xCD, 0xB0, 0xB2, 0xBC, 0xB6, 0xA5, 0xFE, 0x6B, 0x6B, 0x73, 0x66, 0x93, 0x20, 0x9A, 0xEC, 0xC8,
    0xE2, 0x51, 0xB7, 0xD2, 0x41, 0x7F, 0x16, 0xBD, 0xB9, 0xF7, 0x2E, 0x7A, 0x2B, 0xFC, 0x7F, 0x74,
    0x96, 0xFA, 0x7B, 0x9D, 0xD9, 0x7D, 0xD3, 0x4A, 0xEB, 0xAC, 0x14, 0x87, 0xC2, 0x2C, 0x6D, 0xCF,
    0xCC, 0x62, 0x3F, 0x9A, 0xD9, 0xC9, 0x23, 0xBB, 0x5A, 0xAF, 0x5A, 0x83, 0xA5, 0xA5, 0x9D, 0x36,
    0x15, 0xB5, 0x36, 0x55, 0xDA, 0xA9, 0x6D, 0xD1, 0x28, 0x51, 0x8B, 0x41, 0x6C, 0xE3, 0xDE, 0x95,
    0x16, 0xBF, 0xD8, 0xCD, 0x9A, 0x25, 0x40, 0xDA, 0x4E, 0x26, 0x91, 0x1B, 0xC0, 0x99, 0xE4, 0x4A,
    0x68, 0x5E, 0xEA, 0xE1, 0xA2, 0xCC, 0x5A, 0x09, 0x4A, 0x7A, 0x41, 0x3C, 0x88, 0x75, 0xE5, 0xBD,
    0x70, 0x0B, 0xDA, 0xFE, 0x74, 0x2F, 0x1C, 0x4D, 0xDB, 0xA2, 0x41, 0xA2, 0xC4, 0x7A, 0x46, 0xF8,
    0x76, 0xD1, 0x08, 0xE3, 0x85, 0x76, 0x61, 0xA7, 0xB0, 0x06, 0xF3, 0x52, 0xE6, 0x5A, 0xA1, 0x3B,
    0x26, 0x9E, 0x32, 0xD8, 0x36, 0x18, 0xFB, 0xF3, 0x09, 0xAC, 0x7A, 0x6C, 0xAE, 0x90, 0x6B, 0xF3,
    0xAA, 0x4A, 0x5B, 0x78, 0x49, 0xAC, 0x2D, 0x96, 0x34, 0xDF, 0x58, 0x26, 0xF2, 0xB2, 0xB1, 0x7C,
    0x63, 0xD1, 0xF7, 0xD2, 0x6D, 0x6D, 0x8B, 0xEF, 0x5A, 0x5B, 0x4F, 0x16, 0x7F, 0xD7, 0xD9, 0x38,
    0x5A, 0xFC, 0xEF, 0x7D, 0xFC, 0xED, 0x60, 0xF1, 0x3F, 0xF5, 0xC9, 0x17, 0x83, 0x25, 0x6D, 0x9F,
    0x3D, 0xC5, 0xDB, 0x43, 0x81, 0xAB, 0x9B, 0xF1, 0x28, 0xEE, 0xA4, 0xC8, 0xA7, 0x53, 0xD2, 0x4A,
    0x93, 0xE5, 0x90, 0x8A, 0x91, 0xA4, 0x62, 0xA9, 0xB9, 0x06, 0xCF, 0x9B, 0xAB, 0xB3, 0x5A, 0x5E,
    0x76, 0xBA, 0x2F, 0x4F, 0x12, 0xAB, 0x75, 0x30, 0x0C, 0x08, 0x66, 0x61, 0x55, 0x30, 0x4A, 0xF0,
    0xE2, 0xF8, 0xA4, 0x8E, 0xBD, 0xF7, 0x75, 0x22, 0x20, 0x8C, 0x37, 0x23, 0x68, 0x1B, 0x18, 0xAD,
    0xB1, 0x68, 0x3A, 0x84, 0x71, 0xB4, 0xB0, 0x52, 0x5F, 0xE3, 0xD2, 0xDE, 0xA2, 0xFD, 0x5B, 0x13,
    0x0E, 0x3E, 0x33, 0xFC, 0x6D, 0x39, 0x0C, 0xB4, 0xC3, 0xB1, 0x63, 0x86, 0x15, 0xB0, 0x34, 0x51,
    0xC1, 0x46, 0x04, 0x56, 0xB6, 0x18, 0xCD, 0x95, 0x0A, 0x4F, 0xDE, 0x16, 0x8D, 0xD8, 0xF9, 0xD2,
    0x22, 0x0F, 0xF7, 0xDF, 0xB7, 0xCB, 0xF5, 0x6E, 0xAE, 0x50, 0xAF, 0xB7, 0xDE, 0xEC, 0xE2, 0x5C,
    0x5E, 0xF4, 0x4D, 0xDE, 0x44, 0x5E, 0xDA, 0x2D, 0x26, 0xB4, 0x1F, 0x01, 0xBC, 0x2E, 0x28, 0x08,
    0x8D, 0xB3, 0x1F, 0x30, 0x61, 0xB2, 0xE2, 0x52, 0x7B, 0x81, 0x1C, 0x10, 0x56, 0xBE, 0x90, 0xCC,
    0x22, 0xF7, 0xAD, 0x1D, 0xAD, 0x1E, 0x2A, 0x4D, 0x7A, 0x59, 0x51, 0x35, 0x52, 0x6B, 0x5B, 0xEA,
    0xC1, 0xBD, 0x09, 0x76, 0xC0, 0xA4, 0x2D, 0x11, 0xA0, 0x5B, 0x71, 0x2F, 0xB9, 0x09, 0x4F, 0x66,
    0x6D, 0x32, 0xCA, 0xDA, 0x64, 0x52, 0x9C, 0xD3, 0xE7, 0x6F, 0xEC, 0x2D, 0xFB, 0xDC, 0x4B, 0xA5,
    0xA7, 0x62, 0x97, 0xD7, 0x3F, 0x33, 0x7C, 0x20, 0x30, 0x2D, 0x07, 0x1C, 0x01, 0x2B, 0x60, 0x03,
    0x4C, 0xC0, 0xEC, 0xC8, 0x0E, 0x3F, 0x46, 0xFE, 0x37, 0x9D, 0xB8, 0xE2, 0x44, 0x71, 0x65, 0x3B,
    0x1B, 0xB9, 0xD8, 0xC6, 0xAE, 0xAB, 0x8B, 0xBF, 0x1D, 0xDC, 0xDB, 0xD7, 0x2D, 0xF3, 0x7B, 0x65,
    0xD9, 0x39, 0x6E, 0xBB, 0xE6, 0x37, 0xD9, 0xA0, 0xCC, 0xAA, 0x7C, 0xE2, 0x07, 0x3B, 0x7F, 0x51,
    0x3D, 0xFC, 0xDB, 0xC9, 0x7C, 0x9D, 0xAF, 0x6D, 0x92, 0xFF, 0x72, 0x25, 0x83, 0x3C, 0x98, 0xB7,
    0x36, 0xC5, 0x58, 0x20, 0x82, 0x03, 0x29, 0x33, 0x5C, 0x34, 0xE0, 0x49, 0x19, 0x9B, 0xB6, 0x92,
    0x13, 0x93, 0x5F, 0x9B, 0x40, 0xD6, 0xCA, 0xA0, 0x9C, 0xBA, 0x4C, 0x5B, 0x7C, 0x4A, 0x9F, 0x90,
    0x77, 0x44, 0x78, 0x1A, 0x62, 0x44, 0xA3, 0x46, 0x33, 0x7E, 0x51, 0x33, 0xF8, 0xDD, 0x60, 0x4E,
    0xF9, 0xE8, 0xBE, 0x1E, 0x48, 0x3B, 0x0A, 0x4A, 0x0C, 0xE1, 0x50, 0x82, 0xD8, 0x92, 0xAA, 0x84,
    0xC1, 0x49, 0xA8, 0xF4, 0x07, 0xBF, 0xEC, 0x84, 0xF1, 0xBF, 0x34, 0xE0, 0xBF, 0xD6, 0xA0, 0x17,
    0xD8, 0x62, 0x0F, 0xCA, 0x02, 0x70, 0x00, 0xE1, 0x4B, 0xC1, 0x82, 0x79, 0x03, 0x56, 0xC0, 0xE3,
    0x1D, 0xE8, 0x47, 0x50, 0xE9, 0x13, 0xD6, 0xAF, 0xED, 0xCA, 0xFD, 0xDC, 0xC1, 0x84, 0x9B, 0x8C,
    0x66, 0xA4, 0xD6, 0x83, 0x67, 0xAD, 0xF0, 0x5E, 0x5C, 0xFD, 0xDF, 0x3D, 0xEF, 0xD5, 0xC1, 0xB2,
    0xCF, 0x64, 0xBA, 0x1C, 0xB1, 0xB3, 0x5C, 0xEA, 0xAF, 0xC8, 0x76, 0x5D, 0xE1, 0x67, 0x45, 0xF5,
    0xC9, 0x5F, 0x4B, 0xD1, 0x0D, 0x99, 0xAE, 0x6B, 0xB2, 0x49, 0x94, 0x46, 0xE6, 0x6C, 0x54, 0x84,
    0x8B, 0x27, 0x43, 0xA6, 0x42, 0xBE, 0x78, 0x41, 0x5F, 0xF0, 0x1E, 0x1D, 0x2B, 0xDF, 0x5E, 0x0A,
    0xC4, 0x0A, 0xB0, 0x01, 0xB3, 0x2B, 0xC4, 0xB1, 0x86, 0x27, 0x41, 0x07, 0x84, 0xDA, 0x5E, 0x91,
    0x30, 0x54, 0xBE, 0xDC, 0x7B, 0xA6, 0x67, 0x9F, 0x4C, 0x38, 0xAE, 0xC7, 0x57, 0x0D, 0xEA, 0xF3,
    0x3C, 0x22, 0x16, 0x40, 0xE2, 0x61, 0xF4, 0x1C, 0x0E, 0x99, 0xD8, 0xED, 0x68, 0xA9, 0x84, 0x3B,
    0xED, 0x88, 0x5C, 0x13, 0x0D, 0xF8, 0x6D, 0xFA, 0x3F, 0xF7, 0xF8, 0x43, 0x73, 0x58, 0x00, 0xD7,
    0x7A, 0xFC, 0x40, 0x8F, 0x1F, 0xE5, 0xBE, 0x7F, 0xF3, 0x75, 0xEA, 0x4B, 0x29, 0x73, 0x3F, 0x58,
    0xE0, 0x6E, 0x96, 0xC5, 0x3B, 0x92, 0x62, 0x2B, 0xAA, 0x95, 0x89, 0x01, 0x33, 0xE6, 0x05, 0x1D,
    0x62, 0x65, 0xC9, 0x20, 0x13, 0xFB, 0x4A, 0x9D, 0xCE, 0x7D, 0xF3, 0x7D, 0x97, 0xFB, 0x7F, 0xEE,
    0x16, 0xE7, 0xF8, 0x28, 0xE4, 0x4F, 0xF0, 0x0B, 0x3C, 0xB9, 0xB4, 0x03, 0x85, 0x49, 0x68, 0xA9,
    0x7C, 0xC8, 0xEB, 0xAB, 0x84, 0x26, 0x45, 0x65, 0xC4, 0x55, 0x5E, 0x77, 0x22, 0xD3, 0x55, 0x5E,
    0x17, 0x21, 0xAF, 0x91, 0x0C, 0x31, 0xC2, 0x55, 0x87, 0x19, 0x52, 0x1E, 0x49, 0x0D, 0xF3, 0xA5,
    0x7C, 0x3D, 0x2C, 0xBC, 0x0C, 0x7B, 0x31, 0xE5, 0x95, 0x4C, 0x6B, 0xFD, 0xFE, 0xC8, 0x64, 0x5C,
    0x35, 0xFC, 0x92, 0x11, 0x46, 0x15, 0xFE, 0xB4, 0x4A, 0x9C, 0x94, 0x05, 0x4A, 0x14, 0x23, 0x4A,
    0x0C, 0xD9, 0x80, 0x12, 0x73, 0x0A, 0x1F, 0x48, 0x07, 0x5A, 0x12, 0xC8, 0x9D, 0xBA, 0x20, 0x37,
    0x1C, 0xF0, 0x47, 0xD4, 0x85, 0xE5, 0x37, 0x5B, 0x95, 0x8B, 0x8C, 0x9C, 0x1C, 0xE7, 0x61, 0xB9,
    0x29, 0xAB, 0xDA, 0xD0, 0xE8, 0x36, 0x14, 0xB5, 0x7A, 0xE5, 0x16, 0x5E, 0xBB, 0xD0, 0xC8, 0xCC,
    0x7E, 0xC6, 0x44, 0xE5, 0x92, 0x17, 0x64, 0x2F, 0x1A, 0xC4, 0x7D, 0x40, 0xE4, 0xC7, 0x1D, 0xC1,
    0x4B, 0xDA, 0xEC, 0x49, 0x29, 0x53, 0xD5, 0xBC, 0xC4, 0x28, 0xF3, 0x5E, 0xF3, 0x2B, 0x7F, 0x94,
    0x77, 0x4C, 0xEF, 0xB8, 0xCF, 0xCB, 0x42, 0x4F, 0x17, 0xE6, 0x84, 0xCA, 0xA2, 0x80, 0x6A, 0x1B,
    0xE4, 0x7A, 0xA1, 0x36, 0xC1, 0xAC, 0x58, 0x33, 0x2C, 0x6C, 0x9A, 0xDB, 0x1E, 0xB2, 0x82, 0x0C,
    0xAC, 0x84, 0x3F, 0x25, 0x44, 0x82, 0x94, 0x86, 0x8C, 0x5C, 0x12, 0x8A, 0x47, 0x79, 0x0F, 0x47,
    0xA2, 0x10, 0x2E, 0xC9, 0xD0, 0xFC, 0xD1, 0xF8, 0x69, 0xE1, 0xB8, 0x10, 0x3F, 0xB8, 0xB1, 0xA2,
    0xAD, 0x9A, 0xBC, 0xFE, 0x17, 0x3F, 0xDB, 0xC2, 0x05, 0xBD, 0xAF, 0x24, 0x1C, 0xBF, 0xA5, 0x66,
    0xED, 0xFB, 0x85, 0xAE, 0x2B, 0x89, 0x97, 0x29, 0xE9, 0xCA, 0x3F, 0xBD, 0xB3, 0x97, 0x3F, 0x46,
    0x52, 0x83, 0x84, 0xB8, 0x5C, 0xCC, 0x63, 0xFF, 0x48, 0xDE, 0xD4, 0x8D, 0x81, 0x72, 0xD9, 0xFE,
    0xCD, 0xCE, 0x68, 0x0B, 0xD4, 0xDC, 0xDC, 0x7A, 0x49, 0x92, 0xA2, 0x24, 0x49, 0x44, 0xE2, 0xF3,
    0x87, 0x0D, 0x44, 0xE3, 0x59, 0x24, 0x81, 0x28, 0x09, 0xC8, 0x0E, 0xCE, 0x1E, 0x22, 0x72, 0x47,
    0xA3, 0xC8, 0xED, 0x20, 0xB5, 0xF8, 0xE4, 0xEA, 0xA9, 0xE4, 0x4A, 0x99, 0x0E, 0x79, 0x87, 0xDB,
    0xC2, 0x16, 0xDB, 0xEE, 0x82, 0x4D, 0x25, 0x78, 0xE2, 0x7B, 0x59, 0x26, 0x28, 0x2E, 0x1E, 0x77,
    0xCC, 0x5F, 0xBA, 0xBC, 0xE4, 0xAD, 0xD1, 0x1E, 0x80, 0xAD, 0xB6, 0x3D, 0x3B, 0xC1, 0x73, 0x5E,
    0x06, 0x02, 0x69, 0xE7, 0xE8, 0xAC, 0x2B, 0x1A, 0xEB, 0x86, 0x86, 0xB2, 0x26, 0x2B, 0xE9, 0x83,
    0x82, 0xA2, 0xA1, 0x85, 0x2E, 0x1E, 0xCD, 0xE9, 0x36, 0x32, 0x80, 0x74, 0xFD, 0x09, 0x6D, 0xCC,
    0x0E, 0x4B, 0xD9, 0xA9, 0x9C, 0xEA, 0x22, 0xFF, 0x60, 0x88, 0x07, 0x99, 0xD8, 0x45, 0x83, 0x06,
    0xF9, 0x20, 0x6D, 0x7B, 0x17, 0x6D, 0x1B, 0xE7, 0x3D, 0xB7, 0xED, 0xAC, 0xC4, 0x45, 0x78, 0xEB,
    0xFA, 0x98, 0xFB, 0x45, 0x29, 0x5D, 0xCA, 0x1B, 0x63, 0x2E, 0x6D, 0xA8, 0x8E, 0x49, 0xCA, 0x22,
    0xF0, 0xD5, 0xC8, 0xC1, 0x65, 0xB8, 0x24, 0x40, 0x74, 0xF2, 0xD5, 0x7D, 0xDC, 0xD1, 0x03, 0xDD,
    0xF5, 0x26, 0xB6, 0x8A, 0xFE, 0x5A, 0xDC, 0x0A, 0x6F, 0x36, 0xE1, 0x73, 0x3F, 0x14, 0x8D, 0x79,
    0x45, 0x23, 0xDA, 0x1F, 0x0E, 0x2B, 0x87, 0x43, 0x17, 0xDD, 0xB4, 0x4E, 0xFE, 0xC7, 0x6E, 0x2A,
    0x50, 0x58, 0x37, 0xF3, 0x61, 0x05, 0x98, 0xA7, 0x13, 0xC3, 0x09, 0xE7, 0xCE, 0xC0, 0x00, 0xFD,
    0x03, 0x12, 0x13, 0x5B, 0x2D, 0x21, 0xBC, 0x16, 0x7D, 0x6C, 0x36, 0x1F, 0x1F, 0xC4, 0x24, 0x44,
    0xA0, 0xB7, 0xC3, 0x3A, 0xD9, 0xCB, 0x2A, 0x25, 0xE4, 0xF9, 0x83, 0x9E, 0xE7, 0x60, 0x19, 0x98,
    0x29, 0x53, 0x22, 0x12, 0x6C, 0x47, 0x76, 0x5A, 0x36, 0x1A, 0x35, 0x8D, 0xF0, 0xAB, 0xAB, 0xCD,
    0xA9, 0x1F, 0x8B, 0xF1, 0xCA, 0x6B, 0x3F, 0xE2, 0xD0, 0x72, 0xFC, 0x6B, 0xFA, 0x81, 0x6E, 0x4F,
    0xFF, 0xCB, 0xA1, 0x65, 0x77, 0x15, 0xCD, 0x62, 0x5F, 0x46, 0x72, 0x6A, 0x7C, 0xFE, 0xA0, 0x91,
    0x75, 0xB8, 0x86, 0xA4, 0xB4, 0x04, 0x6D, 0x19, 0xF7, 0x1E, 0xB3, 0x46, 0xFD, 0x81, 0xB1, 0xDB,
    0x6B, 0xDA, 0x55, 0x36, 0x68, 0xB4, 0x79, 0x3F, 0x86, 0x21, 0xCA, 0x74, 0xBF, 0x43, 0xB8, 0x50,
    0x27, 0x2B, 0xAF, 0x57, 0x1F, 0x4A, 0x4C, 0xFC, 0xDA, 0x88, 0x57, 0x17, 0x83, 0xEC, 0xE7, 0x57,
    0x01, 0x49, 0x5A, 0xA4, 0x69, 0x13, 0xFB, 0x6A, 0xAC, 0x28, 0x02, 0xF7, 0xDF, 0xFE, 0xD6, 0xC6,
    0x31, 0x3A, 0x1F, 0xEC, 0xDB, 0xFE, 0x06, 0xAB, 0x75, 0x60, 0x75, 0x83, 0x4F, 0xDC, 0xC1, 0xEA,
    0x3A, 0x9F, 0xFC, 0x92, 0x0F, 0xAC, 0x2C, 0xAA, 0x83, 0x3D, 0xA9, 0x2E, 0x09, 0xBC, 0xB1, 0x68,
    0xC0, 0x85, 0xDD, 0x3E, 0xF0, 0x4D, 0xF3, 0x35, 0x6A, 0xFB, 0x1C, 0xB4, 0xDB, 0x6D, 0xEE, 0xD6,
    0x2C, 0x3C, 0xB0, 0x39, 0x33, 0xFB, 0x33, 0x6D, 0xAF, 0x06, 0xA2, 0x68, 0x78, 0xCB, 0xEF, 0x21,
    0x5B, 0x5C, 0xCF, 0x4B, 0x10, 0xC4, 0x68, 0xA3, 0xF0, 0x17, 0x81, 0xB5, 0x6C, 0x82, 0x2C, 0x86,
    0x3F, 0x44, 0xC8, 0x82, 0x84, 0x4E, 0x5B, 0x65, 0xFC, 0x60, 0xA4, 0x71, 0x32, 0x85, 0x13, 0xC1,
    0xCE, 0x72, 0x7A, 0x07, 0xC9, 0x9A, 0x42, 0x1C, 0x84, 0x80, 0x27, 0x7D, 0x34, 0xE9, 0x8D, 0x28,
    0x1E, 0x93, 0xA1, 0xEA, 0x8D, 0xA0, 0x56, 0x0D, 0x82, 0x4B, 0x43, 0xC8, 0x7D, 0xDC, 0xA7, 0x7D,
    0xB8, 0x30, 0x85, 0x50, 0x1C, 0x07, 0x12, 0x8D, 0x98, 0x80, 0x99, 0x38, 0x84, 0xC1, 0x69, 0x22,
    0x5E, 0xEB, 0xC3, 0x40, 0xF6, 0x96, 0x5C, 0x9C, 0x6E, 0x4F, 0x79, 0x57, 0x41, 0xB4, 0xA6, 0x86,
    0x48, 0x06, 0x59, 0x8B, 0x70, 0x80, 0x80, 0x94, 0x32, 0xBC, 0xA8, 0x69, 0x94, 0xF5, 0x16, 0x3F,
    0x14, 0x7E, 0x07, 0x49, 0x94, 0xB3, 0xAC, 0xD7, 0x7E, 0x5C, 0x65, 0x1F, 0x01, 0xCB, 0xE4, 0x5C,
    0xAA, 0x3A, 0x69, 0x3F, 0xED, 0x55, 0x71, 0xBE, 0xCD, 0x04, 0xD2, 0x3C, 0xDA, 0x09, 0x7E, 0x5C,
    0x65, 0x1F, 0x61, 0xD3, 0xF2, 0x56, 0x65, 0xAB, 0x84, 0x6B, 0x41, 0x01, 0x10, 0xEE, 0xE0, 0x76,
    0x34, 0x4C, 0x0E, 0x69, 0xFB, 0x6A, 0x5F, 0x88, 0xA3, 0x8F, 0x0C, 0xCF, 0x1F, 0x6C, 0xCD, 0x81,
    0xB4, 0x46, 0x8D, 0xE6, 0xA7, 0x7B, 0xE3, 0xA7, 0x55, 0x7D, 0x8A, 0x9D, 0x86, 0x03, 0x9C, 0xB4,
    0x23, 0x60, 0x0D, 0x75, 0x7C, 0x6E, 0x37, 0xD7, 0xEF, 0xEC, 0x8B, 0xC5, 0xAB, 0x77, 0x52, 0xF2,
    0x43, 0xEF, 0x91, 0x1F, 0xF3, 0x7F, 0x5C, 0xA0, 0xDC, 0x11, 0x15, 0xEB, 0xA4, 0x93, 0x8E, 0x8E,
    0xD3, 0xD5, 0x4A, 0x14, 0x2F, 0x9C, 0x85, 0x47, 0x66, 0x5A, 0x94, 0x50, 0x7E, 0x45, 0x2B, 0xFD,
    0x42, 0x39, 0xE6, 0x89, 0x2E, 0x44, 0x27, 0x51, 0xF9, 0x23, 0x1A, 0x45, 0x53, 0x8F, 0x0B, 0xA4,
    0x76, 0xC5, 0x8B, 0x7A, 0x65, 0xCE, 0x61, 0x95, 0xB3, 0xA5, 0x72, 0x09, 0x9B, 0x46, 0xB2, 0xCB,
    0xDC, 0xA2, 0xCF, 0x1B, 0x84, 0xDD, 0xD3, 0x49, 0x96, 0xA8, 0xFC, 0x55, 0x93, 0x3D, 0x21, 0x2E,
    0xEF, 0x97, 0x29, 0xAF, 0x22, 0xD9, 0x73, 0x4B, 0x9E, 0x13, 0x95, 0x9D, 0x18, 0xCB, 0x5D, 0xE9,
    0x24, 0x1A, 0xBC, 0x2B, 0xF3, 0x0F, 0x8B, 0x13, 0x31, 0x1E, 0x5C, 0x1A, 0xA4, 0x56, 0x2B, 0xE1,
    0x34, 0x04, 0x91, 0x24, 0x91, 0x56, 0xB6, 0xAF, 0x21, 0x1B, 0x91, 0xB9, 0xDB, 0x64, 0x6D, 0x34,
    0x88, 0x14, 0x7A, 0x81, 0x11, 0xA9, 0x3A, 0x8E, 0x33, 0xF6, 0xB2, 0xA3, 0xEC, 0xE2, 0xEF, 0xFA,
    0x5C, 0xBA, 0x25, 0x4F, 0xFB, 0x23, 0xDE, 0x77, 0xDE, 0xE8, 0xD1, 0x6C, 0x15, 0xFD, 0xD7, 0x20,
    0xC5, 0x26, 0xF3, 0xE4, 0xCA, 0x60, 0x4C, 0xD1, 0xB4, 0x0B, 0x51, 0xCD, 0xAF, 0x3A, 0xE7, 0x6B,
    0xDB, 0xE3, 0xFB, 0x95, 0xFA, 0xC1, 0x96, 0x76, 0xB0, 0xBB, 0xD6, 0x84, 0x47, 0xB2, 0xE4, 0xEF,
    0x8D, 0x36, 0xA1, 0x6B, 0x54, 0x7F, 0x9C, 0xA4, 0xC9, 0x9E, 0xE3, 0x7C, 0x36, 0x5F, 0x0A, 0xF1,
    0x4E, 0x79, 0x39, 0x39, 0x45, 0xD4, 0x9D, 0xFA, 0xCE, 0x79, 0x5F, 0x56, 0xFE, 0x3F, 0xCD, 0xE6,
    0x50, 0xBE, 0x9B, 0xED, 0x21, 0xEB, 0x0A, 0x57, 0xD8, 0x6E, 0x77, 0x22, 0x15, 0x68, 0x2C, 0xAD,
    0xD8, 0x7B, 0xEC, 0xE2, 0x5D, 0x0D, 0x12, 0x87, 0xA6, 0x48, 0x83, 0xF9, 0x87, 0xFB, 0xF8, 0x84,
    0x29, 0x9C, 0x90, 0x1B, 0x9E, 0x21, 0xA9, 0x10, 0x74, 0xA1, 0xA0, 0x65, 0xAE, 0x48, 0x1C, 0x08,
    0xAF, 0x11, 0x64, 0x5B, 0xCB, 0x14, 0x6B, 0xAB, 0xC6, 0x85, 0x73, 0x9C, 0x13, 0xDB, 0x90, 0xB0,
    0x87, 0x99, 0xCB, 0x2A, 0x10, 0xBA, 0x37, 0x6E, 0xC3, 0x16, 0xEA, 0xBF, 0xFE, 0xA4, 0x26, 0x14,
    0x3B, 0x8B, 0x0C, 0x0F, 0x53, 0x02, 0x34, 0xA0, 0x06, 0x4A, 0xCA, 0x06, 0x7A, 0x26, 0xC4, 0x1F,
    0x73, 0xB5, 0x2C, 0x46, 0x68, 0xBC, 0x7F, 0xBC, 0x3F, 0x3D, 0x2D, 0xE5, 0x1F, 0x96, 0x1D, 0x68,
    0xD2, 0x25, 0x73, 0x25, 0x05, 0x4A, 0xB3, 0x9C, 0x69, 0x0F, 0xCD, 0xEB, 0x38, 0xD0, 0x92, 0xC6,
    0x44, 0x8E, 0x86, 0x2A, 0x44, 0x9D, 0x99, 0x6E, 0x9F, 0x3D, 0x90, 0x73, 0x83, 0x9A, 0xA4, 0xFE,
    0x1D, 0xB9, 0x35, 0x98, 0x53, 0xDE, 0x38, 0x62, 0x8F, 0xE8, 0xEC, 0x27, 0xBA, 0xE5, 0x57, 0x6F,
    0x0B, 0x71, 0xF6, 0x88, 0x76, 0x74, 0x4D, 0x34, 0xA5, 0x4B, 0xE8, 0x6C, 0xFD, 0xEC, 0x38, 0x68,
    0x57, 0x26, 0xA0, 0xD2, 0x2A, 0x27, 0x33, 0x1B, 0x30, 0xBB, 0xC4, 0x06, 0xCD, 0xC2, 0x89, 0x2A,
    0x1D, 0xEF, 0x34, 0x85, 0x2D, 0x24, 0xDC, 0x5D, 0x4E, 0x33, 0x86, 0x19, 0x0D, 0x07, 0x0C, 0xDE,
    0xA9, 0x40, 0xF3, 0x60, 0xF4, 0x52, 0xDB, 0xF8, 0x60, 0x0F, 0xAB, 0xBF, 0x04, 0xF3, 0xBF, 0xC0,
    0x44, 0xB7, 0x00, 0x57, 0xA0, 0xF9, 0xC7, 0x83, 0xC1, 0x72, 0xC4, 0x51, 0x60, 0xF6, 0x45, 0x3F,
    0xF1, 0x20, 0xE8, 0xE2, 0x6E, 0x6D, 0x76, 0x96, 0xB4, 0x4B, 0x79, 0x3B, 0x6D, 0x56, 0x68, 0xDE,
    0x1C, 0x29, 0xFE, 0xEA, 0x6A, 0x8C, 0xBC, 0xDA, 0x49, 0xB7, 0xBC, 0x2C, 0x68, 0x1A, 0x94, 0x89,
    0x28, 0x5A, 0x27, 0x23, 0x3A, 0x4D, 0xC8, 0x03, 0x8E, 0xDE, 0x25, 0x78, 0x4B, 0x7C, 0x70, 0x44,
    0xC1, 0x09, 0x92, 0x67, 0x95, 0x85, 0xA3, 0x7D, 0x01, 0xB8, 0x22, 0xE7, 0x9D, 0x3B, 0xAF, 0xA3,
    0xF1, 0x88, 0x8F, 0x39, 0x97, 0x8A, 0x49, 0xBB, 0x66, 0xA6, 0xAE, 0x79, 0xCB, 0x18, 0x93, 0x56,
    0x65, 0x4E, 0x25, 0x86, 0xE9, 0xE4, 0xC2, 0x01, 0x46, 0x24, 0x17, 0xA1, 0xE8, 0x45, 0x36, 0x52,
    0x74, 0x08, 0xA7, 0xA2, 0x51, 0x97, 0x54, 0x85, 0x48, 0xD7, 0x89, 0x0C, 0x11, 0x27, 0x63, 0xA4,
    0xD7, 0x6B, 0xE5, 0xC7, 0xE9, 0xF6, 0xEB, 0xDD, 0x3C, 0xCB, 0x2F, 0x89, 0x8A, 0x68, 0x58, 0x3B,
    0x72, 0xA3, 0x9B, 0x9C, 0x21, 0x79, 0x2C, 0xF0, 0xFE, 0x7B, 0x43, 0x5E, 0xE6, 0xB5, 0x8B, 0x7A,
    0xEC, 0xDC, 0x2C, 0xFA, 0xAC, 0x2E, 0xEE, 0x4E, 0x31, 0xF6, 0xEB, 0x85, 0xB2, 0x13, 0x51, 0x56,
    0xB5, 0xF2, 0x4C, 0xD6, 0xA4, 0x4D, 0xDA, 0x6E, 0x8A, 0x9A, 0xAC, 0x22, 0x07, 0x26, 0x34, 0xE2,
    0x58, 0xAC, 0x02, 0xDA, 0x83, 0xB9, 0xF4, 0x1C, 0x65, 0x29, 0xDA, 0xAC, 0x0B, 0x94, 0x19, 0x95,
    0x69, 0xE7, 0x6F, 0xBD, 0x38, 0x29, 0xD1, 0xC1, 0xD7, 0x09, 0x28, 0xBB, 0x8B, 0x5F, 0xBD, 0x2F,
    0x66, 0x2E, 0x7F, 0x53, 0x4A, 0x4C, 0x79, 0xDA, 0xAA, 0x8D, 0x15, 0x49, 0xAB, 0x80, 0x28, 0x1A,
    0xC5, 0x9B, 0xED, 0x51, 0xDC, 0x17, 0xEA, 0x4F, 0x9A, 0xBA, 0x45, 0xB9, 0xA6, 0x7B, 0x79, 0x36,
    0xDB, 0xE2, 0x1A, 0x29, 0x91, 0x67, 0x7B, 0x43, 0x05, 0xB2, 0xCE, 0x1C, 0xFD, 0x85, 0x0C, 0x2A,
    0x6A, 0x0B, 0xCD, 0x58, 0x2B, 0xFD, 0x22, 0x94, 0xCB, 0xF7, 0x3D, 0xE4, 0xE7, 0x74, 0x07, 0x83,
    0x99, 0x48, 0xB2, 0xDF, 0x6F, 0xC9, 0xBE, 0x76, 0x0A, 0xAF, 0x93, 0xF4, 0x17, 0xAB, 0x22, 0x42,
    0x60, 0xBB, 0xC5, 0x20, 0x12, 0xC9, 0x09, 0x22, 0x8B, 0x01, 0x37, 0x98, 0x40, 0x3F, 0x86, 0xF7,
    0x44, 0xE4, 0x8B, 0x56, 0x84, 0xF6, 0x2C, 0xE2, 0x0C, 0x22, 0x66, 0x58, 0x37, 0x63, 0xFA, 0xF5,
    0xE9, 0x96, 0x61, 0x41, 0x5B, 0x8B, 0x06, 0xEE, 0x9A, 0x24, 0x09, 0x7F, 0xE9, 0x04, 0x56, 0xED,
    0x50, 0x8F, 0x57, 0x05, 0x73, 0xCF, 0xBF, 0xD1, 0xDD, 0x33, 0x5A, 0x79, 0x34, 0x66, 0xF5, 0x64,
    0xF2, 0x7D, 0x39, 0xD1, 0x60, 0x8C, 0xD3, 0x56, 0x21, 0x0B, 0x15, 0x1E, 0x39, 0xDC, 0xA9, 0x31,
    0xAF, 0xD4, 0x10, 0x96, 0xA2, 0xA6, 0x84, 0x94, 0x1C, 0x64, 0x5F, 0xD2, 0x0A, 0xAA, 0x07, 0x1C,
    0x65, 0x62, 0x6C, 0xA2, 0xDF, 0xC2, 0x82, 0xEE, 0x3F, 0xCD, 0xCD, 0x41, 0xEC, 0x75, 0xA2, 0x21,
    0x42, 0xB4, 0x4E, 0x62, 0x64, 0x9B, 0xC9, 0xC8, 0x98, 0x53, 0x7F, 0x7E, 0xD9, 0x49, 0x5A, 0x83,
    0x6E, 0x9F, 0xF7, 0x24, 0xCD, 0x58, 0xDC, 0x1B, 0x0D, 0xBB, 0x9D, 0x36, 0x91, 0x36, 0x4E, 0x4C,
    0xA8, 0x5D, 0x28, 0xB8, 0x82, 0x96, 0xE1, 0x33, 0xB8, 0x42, 0x9A, 0xF3, 0xC3, 0xB3, 0x13, 0xE3,
    0x37, 0x1E, 0x22, 0x5A, 0xC5, 0x4A, 0xE7, 0xD5, 0x41, 0x74, 0x93, 0xB5, 0x0B, 0xA8, 0x2D, 0x91,
    0xA0, 0x61, 0x12, 0xC8, 0x14, 0x5F, 0x9C, 0x7E, 0xD2, 0xDA, 0x44, 0xFA, 0x98, 0x60, 0x1D, 0x0E,
    0xFD, 0xCA, 0x40, 0x23, 0xA5, 0x7F, 0xD5, 0xA8, 0x95, 0x1C, 0x3F, 0xF4, 0x73, 0xC7, 0x1B, 0x78,
    0xB5, 0x7E, 0x79, 0x31, 0xF1, 0x9A, 0x7E, 0xAF, 0x3F, 0x33, 0x25, 0x27, 0x53, 0x59, 0xB9, 0x44,
    0x15, 0xC9, 0x91, 0xAA, 0x28, 0xCA, 0x1B, 0x52, 0xBC, 0xD9, 0x71, 0x54, 0x2D, 0x28, 0x65, 0x29,
    0x5B, 0x94, 0x79, 0x49, 0x2B, 0xF9, 0x3D, 0x3E, 0x40, 0xC9, 0x09, 0x4E, 0xFA, 0x19, 0x66, 0x33,
    0x37, 0x23, 0x6F, 0xBC, 0xB8, 0xD7, 0x70, 0x57, 0x88, 0xCF, 0x1F, 0x48, 0x40, 0x19, 0x11, 0x28,
    0xDB, 0xDC, 0x04, 0x4A, 0x9E, 0xAC, 0x23, 0xE7, 0x16, 0x3A, 0x26, 0x6B, 0xC7, 0x40, 0x38, 0xF7,
    0x87, 0xEE, 0x44, 0x37, 0x33, 0xFC, 0x6D, 0xF1, 0x01, 0x12, 0x20, 0xEB, 0x04, 0x4E, 0x8F, 0xFC,
    0xC2, 0x97, 0x12, 0xB6, 0x23, 0x09, 0x1E, 0x59, 0x71, 0x71, 0x9F, 0x24, 0xE4, 0x96, 0x01, 0xE5,
    0x71, 0x49, 0xDB, 0x90, 0xBF, 0x01, 0x3B, 0x3E, 0x7E, 0xDB, 0xC2, 0x8A, 0xDB, 0x5C, 0xC1, 0xEB,
    0x91, 0xB1, 0x19, 0x78, 0xB2, 0xA3, 0x45, 0x0F, 0xF3, 0x47, 0x43, 0xF9, 0x07, 0x73, 0x1B, 0xBF,
    0xF1, 0x39, 0xD3, 0x99, 0x94, 0x7D, 0x3C, 0x12, 0xDB, 0xFA, 0xF2, 0x74, 0x8E, 0xF2, 0x98, 0x01,
    0xDC, 0x30, 0xE8, 0xA4, 0x0F, 0x2E, 0x48, 0x11, 0xEB, 0xA8, 0x97, 0x25, 0xF7, 0xD7, 0x40, 0xC5,
    0xC8, 0x71, 0x24, 0x77, 0x02, 0xB0, 0x30, 0x6C, 0xAD, 0xA0, 0x8B, 0x4C, 0xC6, 0x50, 0x84, 0x70,
    0x6E, 0x1F, 0xAD, 0x32, 0x42, 0x6D, 0xAB, 0x50, 0x1B, 0x9B, 0x40, 0x48, 0x98, 0x04, 0xC2, 0x17,
    0x09, 0x04, 0xB8, 0x4C, 0x79, 0x68, 0x2E, 0x20, 0x57, 0xD2, 0x5A, 0x44, 0x72, 0x4E, 0x97, 0x85,
    0xDA, 0x22, 0x53, 0x75, 0x70, 0x77, 0xF7, 0x86, 0x48, 0xCC, 0x8C, 0x44, 0x28, 0xF0, 0xD7, 0xFD,
    0x47, 0x76, 0x08, 0x07, 0xFA, 0xDF, 0x26, 0x62, 0xCF, 0x22, 0xC3, 0x59, 0x0A, 0x38, 0x6B, 0x75,
    0x6D, 0xDB, 0xFA, 0xD6, 0x67, 0xD4, 0xC3, 0xE5, 0x0E, 0x4A, 0x16, 0x9D, 0x66, 0xEC, 0xC0, 0xA4,
    0x45, 0xBD, 0xB4, 0xA1, 0xF8, 0xB3, 0xE6, 0xEA, 0x47, 0xDA, 0xD6, 0x1C, 0xD0, 0xC2, 0x9C, 0x28,
    0x4A, 0xA9, 0x6D, 0x6E, 0xAE, 0xD6, 0x50, 0x1D, 0x85, 0xFA, 0xEA, 0x28, 0x83, 0xA6, 0xB4, 0x97,
    0x3D, 0xBB, 0x2D, 0x1E, 0x24, 0x59, 0x6C, 0xEB, 0xBB, 0xDB, 0x1F, 0x8A, 0x83, 0x1D, 0x98, 0xDC,
    0xFE, 0x8C, 0xBA, 0xB6, 0xAB, 0x55, 0xED, 0x4B, 0xFC, 0x02, 0x8B, 0xE2, 0xE2, 0x64, 0xE2, 0x8C,
    0x1C, 0xED, 0x8D, 0x84, 0xAD, 0x38, 0xCD, 0xE0, 0x5C, 0x6E, 0xE1, 0x4B, 0x3E, 0x43, 0xAF, 0x61,
    0x22, 0x87, 0x82, 0x1F, 0x1C, 0x1F, 0x9F, 0x34, 0x95, 0xD7, 0x9A, 0xF1, 0xCC, 0x78, 0x12, 0x74,
    0x25, 0x58, 0x19, 0xB8, 0x15, 0x35, 0xDB, 0x91, 0x46, 0xF1, 0x44, 0xD6, 0x4A, 0xFF, 0xBC, 0xE3,
    0x25, 0x37, 0xDD, 0xFF, 0x26, 0xB4, 0xE2, 0x1D, 0x1B, 0x7D, 0x7B, 0xF5, 0x91, 0x3F, 0x2B, 0x09,
    0x5F, 0x5A, 0x0D, 0x0A, 0x17, 0x5F, 0x5A, 0x71, 0xC4, 0x95, 0x2A, 0x44, 0x59, 0x50, 0xF0, 0xE6,
    0x2F, 0x0D, 0x2A, 0xA3, 0x73, 0x19, 0xF2, 0x89, 0xCA, 0x0A, 0xB8, 0xFD, 0xA5, 0x55, 0x77, 0x82,
    0xB3, 0x0E, 0x5F, 0x5A, 0x45, 0x84, 0x8D, 0xA3, 0x1B, 0x2F, 0x5F, 0xFB, 0xB5, 0x64, 0x7F, 0xB5,
    0x99, 0xBF, 0xF5, 0xDA, 0x69, 0x6F, 0x34, 0x09, 0x64, 0xFB, 0x11, 0x7E, 0xBC, 0xFE, 0x3D, 0x15,
    0xA7, 0x34, 0x11, 0xC1, 0x46, 0x50, 0x32, 0xFE, 0xDF, 0x18, 0xE6, 0xC3, 0x42, 0xF6, 0x97, 0xAD,
    0xE0, 0xFD, 0x46, 0xC0, 0x5B, 0x8A, 0x8E, 0xD1, 0xF0, 0xC6, 0xF3, 0x13, 0x30, 0x5E, 0x96, 0xEE,
    0x92, 0x9D, 0x92, 0xE1, 0x4B, 0x87, 0x0C, 0x77, 0xCD, 0xA6, 0x7C, 0x66, 0xCF, 0x7D, 0xFD, 0x01,
    0xFB, 0xBB, 0x1C, 0x34, 0xC4, 0x5E, 0xD0, 0x09, 0xFE, 0x11, 0xF6, 0x9F, 0x73, 0xF6, 0x81, 0x7D,
    0x7A, 0x60, 0x9F, 0x00, 0xAF, 0xDF, 0xFD, 0x50, 0x77, 0x9F, 0x86, 0xB7, 0xCA, 0xF9, 0xFC, 0x60,
    0x43, 0x2E, 0xF8, 0xF3, 0xB4, 0xB4, 0x79, 0xFD, 0x3F, 0x5A, 0xFE, 0xCE, 0x1D, 0xDD, 0x75, 0x64,
    0x93, 0xFA, 0x2D, 0x09, 0x34, 0xD2, 0x89, 0x74, 0xE6, 0x89, 0xBA, 0x3F, 0xB6, 0xC3, 0x7A, 0x95,
    0x1E, 0xFA, 0x6F, 0xBD, 0x59, 0x01, 0xA4, 0x25, 0x59, 0x7A, 0xFE, 0xAA, 0x6A, 0x7A, 0xEE, 0x4E,
    0x97, 0x9D, 0x6A, 0x4C, 0x4B, 0x4C, 0x33, 0x15, 0x2C, 0x76, 0x31, 0x73, 0x00, 0x36, 0x64, 0xDE,
    0x39, 0x3D, 0x03, 0x08, 0xA6, 0x31, 0xBD, 0x1B, 0x19, 0x74, 0x10, 0xAC, 0x2C, 0xFB, 0x20, 0x58,
    0xD1, 0xEF, 0x56, 0xAD, 0x01, 0x0C, 0x32, 0xB0, 0x0B, 0x90, 0x46, 0x44, 0xF2, 0x06, 0xB3, 0x58,
    0x0C, 0xE9, 0xFB, 0xEA, 0x6C, 0x47, 0x2C, 0x16, 0x53, 0x32, 0x46, 0x00, 0x2A, 0xD1, 0xB3, 0x61,
    0x16, 0x5D, 0xC9, 0xD6, 0x64, 0xAA, 0x7B, 0xCF, 0xAD, 0x93, 0xFA, 0x3E, 0x75, 0xDF, 0xBD, 0x79,
    0x4F, 0x6F, 0x66, 0x36, 0xEC, 0xEF, 0xD5, 0xF7, 0x1F, 0x75, 0x4F, 0xD5, 0xFF, 0xFF, 0xDF, 0xF9,
    0xCF, 0x7F, 0xCE, 0xA9, 0x87, 0x03, 0xA9, 0x26, 0x07, 0xC9, 0x2A, 0xC6, 0x0E, 0x12, 0xF3, 0xE4,
    0x38, 0x40, 0xD2, 0xD4, 0xC9, 0x04, 0x4A, 0xB2, 0x05, 0x2A, 0x50, 0xB2, 0x01, 0xB0, 0x7A, 0x24,
    0xEF, 0x00, 0xF3, 0x83, 0x11, 0x08, 0x85, 0x07, 0x4A, 0x3F, 0x22, 0x1D, 0x4C, 0x0D, 0x14, 0x3E,
    0x20, 0xEB, 0xD9, 0x87, 0xAD, 0xBC, 0xB5, 0x60, 0xEB, 0x3E, 0x4A, 0x5F, 0x81, 0xFD, 0x36, 0xB0,
    0x6E, 0xAD, 0xD6, 0x09, 0xD6, 0x38, 0xA3, 0xC1, 0x7A, 0x8D, 0xA0, 0x96, 0x75, 0x47, 0xC9, 0xA8,
    0x56, 0x05, 0x9B, 0xF5, 0x6A, 0x35, 0xB0, 0xAB, 0x4E, 0xD6, 0xB7, 0x30, 0x85, 0x87, 0x05, 0xB2,
    0x00, 0x53, 0x3A, 0x58, 0x8F, 0xBC, 0x47, 0x69, 0x81, 0xB2, 0x83, 0x6D, 0x51, 0x9C, 0x00, 0xF9,
    0xF4, 0xAD, 0x58, 0xA3, 0x08, 0x40, 0x1A, 0xE3, 0x16, 0x28, 0x06, 0x1A, 0x88, 0x2D, 0x50, 0xF4,
    0x00, 0xF0, 0xA6, 0xBC, 0xC1, 0x22, 0x65, 0x8D, 0x45, 0x2C, 0x16, 0x91, 0x4D, 0x49, 0x12, 0x96,
    0x46, 0xFA, 0xD6, 0xB0, 0xB4, 0xB2, 0xD8, 0xEE, 0x5A, 0x13, 0xF6, 0x22, 0xFA, 0xEA, 0x64, 0x40,
    0x32, 0xA2, 0x8A, 0xFD, 0xDC, 0xC8, 0xFA, 0x24, 0x7E, 0x3B, 0x24, 0x23, 0x56, 0x5D, 0xC6, 0x80,
    0x46, 0x14, 0x3E, 0xEF, 0x60, 0x11, 0x60, 0xEA, 0xC2, 0xAB, 0x61, 0x61, 0xDC, 0x0C, 0xF7, 0xB1,
    0xA1, 0x75, 0x3B, 0xAB, 0x00, 0x35, 0x4E, 0xD2, 0x01, 0x6B, 0x36, 0x8E, 0xB2, 0x9E, 0x8D, 0x35,
    0x8E, 0xF2, 0x96, 0x8D, 0x0D, 0x8E, 0x0A, 0xCF, 0x46, 0x80, 0x35, 0xEC, 0x90, 0x8E, 0x30, 0x47,
    0xA4, 0x6D, 0xD5, 0xC3, 0xDC, 0x07, 0xCA, 0x87, 0xC7, 0x2D, 0xCA, 0x11, 0xC8, 0x63, 0x74, 0x8A,
    0x38, 0x89, 0x23, 0x50, 0xD0, 0xEB, 0xE4, 0x30, 0x72, 0xE3, 0x2E, 0xC6, 0xBD, 0x5D, 0x74, 0x3A,
    0x2E, 0xFA, 0x4E, 0xBF, 0x8B, 0xCC, 0x2F, 0x8D, 0x5D, 0xC8, 0x1F, 0x10, 0x32, 0x3D, 0x70, 0x1C,
    0x9D, 0x52, 0x67, 0x00, 0x8C, 0xF8, 0x6E, 0xDE, 0x1E, 0xA2, 0xD2, 0xC5, 0xD6, 0x4C, 0x95, 0x92,
    0x51, 0xA3, 0x68, 0x69, 0x38, 0xEF, 0x4C, 0x4D, 0xB4, 0x4E, 0x08, 0x62, 0x25, 0x5C, 0x83, 0x7D,
    0xCE, 0xF6, 0xE8, 0x89, 0xC6, 0xAF, 0x95, 0x12, 0xEC, 0x53, 0xCD, 0x5A, 0x09, 0xE0, 0x39, 0xF8,
    0x45, 0x17, 0xCA, 0x9E, 0x66, 0xA3, 0x47, 0x12, 0xE3, 0x04, 0x5A, 0x7F, 0x48, 0x17, 0x83, 0x5C,
    0x1F, 0xB0, 0x97, 0xAF, 0x13, 0xA2, 0xE2, 0x78, 0x17, 0xA8, 0xE2, 0xA8, 0x27, 0x90, 0x8D, 0xDF,
    0xB1, 0x4C, 0x61, 0x8D, 0x46, 0x59, 0x1B, 0x87, 0xC2, 0x5B, 0x08, 0x50, 0xD6, 0xEB, 0x05, 0x8C,
    0xD3, 0x38, 0x68, 0x0C, 0x2C, 0xED, 0xDB, 0x9B, 0xAF, 0x8F, 0x28, 0x1F, 0xC5, 0x9E, 0x0C, 0xD7,
    0x48, 0x1A, 0xB2, 0x50, 0x92, 0xDE, 0xBC, 0x86, 0xE4, 0x96, 0x10, 0x39, 0x89, 0x91, 0x5F, 0x8F,
    0xD5, 0x78, 0x35, 0x8D, 0xEA, 0xF0, 0x9D, 0xEF, 0xBF, 0x08, 0xC9, 0x8E, 0xCC, 0x57, 0x16, 0xFD,
    0xF2, 0xA2, 0x7F, 0x22, 0x44, 0x52, 0xE3, 0x40, 0x92, 0xA6, 0x4B, 0x62, 0xC7, 0xB7, 0x86, 0xF9,
    0x0F, 0xB0, 0x4F, 0xC6, 0xD5, 0xA7, 0x11, 0x68, 0xDC, 0xB5, 0x14, 0x95, 0x4B, 0x82, 0x4C, 0x89,
    0x71, 0x71, 0xDE, 0x43, 0x2C, 0x16, 0x2D, 0xA4, 0x4B, 0x0F, 0x69, 0xF2, 0xCF, 0xDF, 0xAD, 0x93,
    0xAE, 0x2D, 0xA0, 0xE7, 0x2A, 0x69, 0x4D, 0x4B, 0x66, 0x13, 0xCE, 0x18, 0x2F, 0x2A, 0xEA, 0x0D,
    0x70, 0x46, 0x1D, 0xF8, 0x27, 0x9D, 0x8E, 0xA8, 0x38, 0x37, 0x56, 0xBD, 0x12, 0x10, 0x45, 0x07,
    0xEB, 0x57, 0x61, 0x06, 0x94, 0x9F, 0x1D, 0xC7, 0x1F, 0x45, 0x65, 0x5F, 0x15, 0x83, 0x92, 0x2F,
    0xD7, 0x8C, 0xB9, 0xE2, 0xF0, 0x02, 0x24, 0xCF, 0x08, 0x19, 0x8C, 0xA6, 0x13, 0xC7, 0x04, 0xB9,
    0x3F, 0xA6, 0xC3, 0x57, 0xF3, 0x9B, 0xF7, 0xB0, 0x4F, 0xD2, 0x55, 0x2B, 0x95, 0x79, 0xA9, 0x52,
    0x88, 0xAF, 0xE1, 0xA2, 0x90, 0xE9, 0xA6, 0xE3, 0xC8, 0xDE, 0x8C, 0x01, 0x49, 0xFC, 0x53, 0xFC,
    0x62, 0x0B, 0x11, 0x51, 0xA9, 0x44, 0xC1, 0xF2, 0x85, 0x54, 0xA6, 0x96, 0xB2, 0x38, 0x54, 0x15,
    0x54, 0x5C, 0xD6, 0xC8, 0x5B, 0x9C, 0x51, 0x79, 0x6C, 0x67, 0x55, 0xF8, 0x24, 0xE8, 0xC9, 0x6C,
    0x80, 0x75, 0x65, 0x9D, 0xF7, 0x30, 0x1F, 0x37, 0x9F, 0x54, 0x1E, 0x45, 0x9C, 0xC5, 0x21, 0x8D,
    0xFF, 0xC6, 0x99, 0x85, 0xEB, 0xB8, 0x02, 0xD0, 0xF9, 0xD3, 0xD3, 0xBF, 0x07, 0xC0, 0x9F, 0x83,
    0xBC, 0x4A, 0xFD, 0x5F, 0x82, 0x91, 0xC3, 0x5D, 0xC3, 0x25, 0x61, 0x92, 0x39, 0x64, 0x9D, 0xD5,
    0x4C, 0x5C, 0x75, 0x15, 0xD9, 0x47, 0xDE, 0x2A, 0xDB, 0x94, 0xFE, 0xEA, 0x22, 0xCD, 0x2E, 0xD4,
    0xCB, 0xC0, 0x54, 0xCB, 0xC0, 0x44, 0x60, 0x33, 0xEB, 0x34, 0x6A, 0x60, 0x90, 0x45, 0xA8, 0x72,
    0xE6, 0x11, 0x2A, 0x1A, 0x65, 0xC5, 0x9A, 0x50, 0xC1, 0x5A, 0x97, 0xB7, 0xAC, 0x29, 0xC6, 0xA9,
    0xEC, 0x8C, 0xCA, 0x75, 0x9B, 0xF6, 0xA5, 0xA7, 0xB1, 0xD7, 0x3B, 0x16, 0x69, 0x98, 0x77, 0x7C,
    0xF1, 0xD3, 0x11, 0x28, 0xFF, 0xDA, 0xE5, 0x1F, 0xF5, 0x40, 0xF1, 0x08, 0xAB, 0x47, 0x7E, 0xD6,
    0x5B, 0x64, 0x91, 0x93, 0x36, 0xD0, 0x00, 0xF8, 0xEA, 0x24, 0xE0, 0x40, 0x92, 0xD3, 0xD3, 0xD3,
    0x1A, 0x9C, 0x52, 0xEC, 0x86, 0xF6, 0x9B, 0x05, 0x00, 0xD4, 0xD7, 0x9E, 0xC1, 0x05, 0x59, 0xF3,
    0xD9, 0xC2, 0x9F, 0x48, 0xD5, 0x1B, 0xB2, 0x6E, 0x9C, 0x94, 0xC5, 0xAC, 0x5A, 0x1C, 0xE1, 0x3E,
    0xD5, 0x66, 0x56, 0x79, 0x8B, 0x80, 0x0D, 0x8A, 0x36, 0x19, 0x66, 0x65, 0xBA, 0xAC, 0x9F, 0x55,
    0xD5, 0xAD, 0x58, 0x03, 0x7F, 0x3D, 0x3B, 0x8C, 0xA3, 0xEC, 0x57, 0x3D, 0xEB, 0xFF, 0xEA, 0x41,
    0xCF, 0x7C, 0x2D, 0x5E, 0xEB, 0x19, 0xC3, 0x3A, 0xF9, 0x6F, 0x56, 0x9C, 0x80, 0xD8, 0xA9, 0xEE,
    0x37, 0xAA, 0x39, 0xA8, 0x70, 0x2E, 0x5C, 0x07, 0x52, 0x0E, 0x50, 0x39, 0xBD, 0x37, 0xA0, 0x6A,
    0x71, 0x4D, 0xD3, 0x30, 0x1B, 0x01, 0xA6, 0xF3, 0x52, 0x28, 0x35, 0x5B, 0x96, 0x64, 0xD9, 0x41,
    0x45, 0x38, 0xBB, 0x0C, 0xA8, 0x70, 0xDE, 0xCF, 0x43, 0x0B, 0x91, 0xD6, 0x20, 0x20, 0x55, 0x59,
    0xAA, 0x54, 0x25, 0xC3, 0x02, 0x1C, 0xA2, 0x05, 0xD2, 0x41, 0x74, 0x2E, 0x40, 0x1E, 0x76, 0xD5,
    0xB6, 0x83, 0x8D, 0x3D, 0xE2, 0x0F, 0xEF, 0xD1, 0xAD, 0xBC, 0xD7, 0x7C, 0x90, 0x3B, 0x16, 0xFB,
    0x6B, 0x7D, 0x70, 0xE9, 0x9E, 0x03, 0xCC, 0xC3, 0x3F, 0x47, 0x1E, 0x07, 0x24, 0xB1, 0x57, 0x38,
    0xC8, 0x3A, 0xBD, 0x98, 0x7C, 0xF2, 0x25, 0xBA, 0xCA, 0x5A, 0xA9, 0x07, 0xE0, 0xF7, 0x09, 0x96,
    0x33, 0xF2, 0x04, 0x28, 0x5C, 0x00, 0xCA, 0xFF, 0xE2, 0x43, 0x9A, 0x9A, 0x15, 0xA1, 0xA4, 0xF3,
    0xB6, 0xA9, 0x81, 0x93, 0xA2, 0xFD, 0x0A, 0xC6, 0xC4, 0xDB, 0xD7, 0x7A, 0xA0, 0xFC, 0xBC, 0x63,
    0x78, 0x9A, 0x54, 0x1D, 0x81, 0xDD, 0x36, 0x64, 0x7B, 0xCC, 0x3D, 0xD2, 0x3E, 0x71, 0xB2, 0x8C,
    0xC4, 0xE3, 0x5C, 0xB2, 0x3A, 0xB9, 0x7D, 0xA7, 0xB5, 0x31, 0x7A, 0x7B, 0xFB, 0xF6, 0x52, 0xEB,
    0xAE, 0x01, 0x37, 0x22, 0x5E, 0xE4, 0xBD, 0x31, 0xF3, 0xDF, 0x40, 0x5A, 0xBF, 0x3C, 0x8D, 0x3F,
    0x7E, 0xE5, 0xD9, 0x97, 0x51, 0xA1, 0x74, 0x05, 0xEE, 0xE2, 0x16, 0xF8, 0x97, 0xC7, 0x1A, 0x65,
    0x9C, 0xDC, 0xAB, 0x49, 0xF4, 0x5F, 0xC7, 0xB3, 0x35, 0x0E, 0x05, 0x74, 0x4F, 0x92, 0xC6, 0xFE,
    0xDC, 0xD8, 0xF7, 0x77, 0x2D, 0x95, 0xFF, 0x43, 0xB9, 0xE2, 0x88, 0xB7, 0x19, 0xA2, 0x46, 0x80,
    0x61, 0x3C, 0xB9, 0x0F, 0x20, 0xFF, 0x65, 0x87, 0xC4, 0x3F, 0x0F, 0xE0, 0x79, 0xFC, 0x18, 0x70,
    0xCC, 0xE0, 0x67, 0xE8, 0xE3, 0x97, 0x96, 0x1B, 0x83, 0x54, 0x32, 0x89, 0x19, 0x30, 0x00, 0xFF,
    0x93, 0x12, 0x94, 0xE2, 0x66, 0xD7, 0xAE, 0x40, 0xF9, 0x2A, 0x8D, 0xFC, 0x3F, 0xC4, 0xF6, 0x0A,
    0xB9, 0x06, 0x62, 0x58, 0xD2, 0x26, 0x69, 0x5F, 0xA2, 0x09, 0xF4, 0x48, 0xEA, 0xE7, 0x00, 0x3C,
    0x87, 0x3F, 0xB8, 0xF0, 0xD0, 0xF7, 0xDC, 0xD2, 0x48, 0xF6, 0x5C, 0x7D, 0xFC, 0xC1, 0xAE, 0xE5,
    0xFE, 0x08, 0x97, 0x24, 0x71, 0xC4, 0x83, 0x3A, 0x4C, 0x5B, 0x35, 0x16, 0x29, 0xCE, 0x5B, 0xA5,
    0x93, 0x4A, 0x01, 0x03, 0x49, 0x5E, 0xC3, 0x2E, 0xDD, 0x3D, 0xBE, 0x01, 0xDC, 0xF0, 0x4B, 0xA6,
    0x27, 0xF4, 0x39, 0x21, 0x45, 0xC5, 0xF9, 0xB4, 0x50, 0x9D, 0x06, 0x07, 0x2D, 0x65, 0x83, 0x7E,
    0x7F, 0x29, 0xF9, 0x2B, 0x27, 0x95, 0xBF, 0x8B, 0x6A, 0x61, 0x7C, 0xE2, 0x1F, 0x44, 0x4C, 0x8B,
    0xEF, 0x41, 0xF2, 0x62, 0x8B, 0xDF, 0x56, 0xEA, 0xDD, 0x84, 0xC9, 0xF4, 0x8E, 0xE6, 0x7C, 0xDA,
    0x4E, 0x58, 0x82, 0x31, 0x1D, 0x33, 0x93, 0xC1, 0x1C, 0x69, 0xA2, 0xBD, 0x7A, 0xCE, 0xD0, 0x4B,
    0xE7, 0x0C, 0x7D, 0x85, 0x5A, 0x0C, 0x5D, 0x58, 0xFB, 0x81, 0x3D, 0xF5, 0x2F, 0x2C, 0xFA, 0xAE,
    0xD8, 0x3D, 0x11, 0xB3, 0x16, 0x95, 0xAA, 0x97, 0xB8, 0xD2, 0xFC, 0x3C, 0x48, 0x4C, 0x03, 0x70,
    0x91, 0x62, 0xC9, 0xA3, 0x6D, 0xD3, 0x6B, 0xED, 0xEE, 0xB1, 0xD1, 0x2A, 0x1B, 0x90, 0x7D, 0xDE,
    0xCE, 0x58, 0xFC, 0xDC, 0x63, 0x84, 0x79, 0xC3, 0x27, 0x03, 0xD6, 0x85, 0x4F, 0x7B, 0x84, 0xA2,
    0xCE, 0xFA, 0xAC, 0x2F, 0x5D, 0xD6, 0xE7, 0xAD, 0x41, 0xD6, 0x71, 0x3F, 0xB0, 0x6A, 0x2D, 0x8E,
    0x90, 0xFB, 0xC0, 0x35, 0xF0, 0x01, 0xCB, 0x6F, 0xF1, 0x4E, 0x87, 0xFB, 0x28, 0xEF, 0x78, 0x04,
    0x98, 0x0A, 0x7C, 0x49, 0x60, 0xC8, 0x76, 0x40, 0xDA, 0xB3, 0x00, 0x64, 0x4F, 0xEA, 0xCA, 0x73,
    0x99, 0x68, 0x30, 0x23, 0x28, 0x47, 0xC2, 0xFB, 0xC2, 0x11, 0x3B, 0xB2, 0x96, 0x22, 0x57, 0xB4,
    0xBB, 0x79, 0x78, 0x85, 0xE9, 0x55, 0xB2, 0xEA, 0x97, 0x5C, 0x9C, 0x8A, 0x4F, 0x1A, 0x87, 0x55,
    0xE4, 0x08, 0xBE, 0xFF, 0x2E, 0xCE, 0x85, 0xC6, 0x72, 0xCF, 0x65, 0xE3, 0x1C, 0xCA, 0x7A, 0xD5,
    0xA1, 0xE4, 0xC2, 0x66, 0xA0, 0x55, 0x4D, 0x50, 0xD6, 0x58, 0x93, 0xAE, 0x0D, 0x8C, 0xD3, 0x56,
    0x3A, 0x21, 0x64, 0xE3, 0x0C, 0x39, 0x09, 0x32, 0x33, 0xFC, 0xE0, 0xC9, 0x63, 0x57, 0xC6, 0x7F,
    0x8F, 0x2E, 0x8F, 0xAF, 0x47, 0x56, 0x97, 0x23, 0x71, 0x4D, 0x18, 0x65, 0xEA, 0x7C, 0x64, 0xDB,
    0x3D, 0xBD, 0xB0, 0xBA, 0xB4, 0xA9, 0x2E, 0xE6, 0xEB, 0x6A, 0x3C, 0x05, 0x02, 0x74, 0x25, 0xA3,
    0x6A, 0x39, 0xB2, 0xE9, 0x1F, 0xB8, 0x9D, 0x69, 0xE7, 0x6B, 0x58, 0x75, 0xAB, 0x90, 0xB7, 0xD8,
    0x16, 0x1E, 0x67, 0xDC, 0xAF, 0x97, 0x35, 0x36, 0xA5, 0xC3, 0xD6, 0xB8, 0x34, 0xD0, 0x17, 0x7B,
    0x1A, 0xDB, 0x2A, 0x46, 0xD7, 0xC4, 0x7B, 0xC0, 0x9B, 0xFB, 0xF7, 0xD0, 0xFA, 0xEF, 0x3D, 0xBE,
    0x85, 0x2A, 0x0E, 0xF3, 0xD5, 0x5F, 0xAA, 0xDD, 0x45, 0x0D, 0x06, 0x09, 0xE3, 0x16, 0x97, 0xAE,
    0xDF, 0x82, 0x8D, 0x13, 0xAA, 0x18, 0xEB, 0x0D, 0x4A, 0x9D, 0xB6, 0x96, 0xCB, 0x6F, 0x79, 0xDE,
    0x72, 0x8D, 0xB3, 0x71, 0xAB, 0x94, 0x51, 0x5E, 0x19, 0x1A, 0xE4, 0x13, 0x60, 0x25, 0x26, 0x5B,
    0x2D, 0x4E, 0x38, 0xFB, 0x36, 0x0C, 0x3A, 0xEC, 0x40, 0xC7, 0x96, 0x74, 0x28, 0x8B, 0x36, 0xED,
    0x8B, 0xE3, 0x99, 0xF0, 0x22, 0xBA, 0x8C, 0xBB, 0xFB, 0x55, 0xE4, 0xC6, 0xF7, 0xC9, 0xDF, 0x0D,
    0x74, 0x27, 0x10, 0xFE, 0x8C, 0x4E, 0xC9, 0x2B, 0xB9, 0x75, 0xB8, 0x64, 0xAE, 0x09, 0x27, 0x38,
    0x97, 0x32, 0x8D, 0x0E, 0xA6, 0x8C, 0x2D, 0xEC, 0xFA, 0x4E, 0x0F, 0xDB, 0x33, 0x6B, 0x3D, 0x4F,
    0x4C, 0x6E, 0x86, 0x06, 0x33, 0x6C, 0x09, 0x81, 0x7C, 0x8E, 0xC8, 0x06, 0x1D, 0xA3, 0xE6, 0xF6,
    0x6A, 0xEE, 0xF9, 0xD5, 0xA2, 0xCD, 0x06, 0x5B, 0xFA, 0x55, 0x28, 0x1A, 0x97, 0x3F, 0x7A, 0x63,
    0x42, 0xFE, 0x61, 0x1C, 0xE7, 0x14, 0x8D, 0x4C, 0x89, 0x17, 0x46, 0x7A, 0x70, 0x97, 0x1E, 0x7C,
    0xF3, 0xC0, 0x83, 0xA3, 0x73, 0x0F, 0x36, 0x90, 0x20, 0xE1, 0x06, 0x33, 0xD5, 0xAA, 0x2B, 0xE8,
    0x34, 0xD2, 0x30, 0x31, 0xB6, 0xA2, 0x64, 0xE1, 0xE5, 0xFC, 0x91, 0xFB, 0x97, 0x57, 0xEF, 0x65,
    0xE1, 0xBE, 0xBC, 0x7A, 0x73, 0xA4, 0x48, 0x89, 0x80, 0x94, 0x10, 0xDC, 0x53, 0x78, 0xD9, 0x39,
    0xB4, 0x18, 0xB9, 0x90, 0x4D, 0x1C, 0xFC, 0x66, 0xBE, 0xB6, 0xB7, 0x6F, 0xE9, 0x97, 0xF1, 0x20,
    0xCF, 0x7A, 0x5E, 0x32, 0xA9, 0x1C, 0xCD, 0xFD, 0xE1, 0xDA, 0x4E, 0x63, 0xFB, 0x94, 0x65, 0x5C,
    0xFE, 0xCB, 0xC7, 0xA5, 0xAD, 0x7B, 0x43, 0xF8, 0xEE, 0xA7, 0x7F, 0xFB, 0x5B, 0xC5, 0xB5, 0xF3,
    0x7F, 0x3A, 0xBD, 0x77, 0xD9, 0xFF, 0xFD, 0xCF, 0x79, 0xF7, 0x7F, 0xFA, 0x7F, 0x79, 0x5C, 0xF6,
    0xE3, 0x79, 0xD9, 0xFF, 0x65, 0x68, 0xE3, 0x44, 0x88, 0x1D, 0x56, 0x8F, 0xDF, 0x1F, 0x91, 0xB7,
    0xE9, 0x96, 0xAF, 0x8F, 0x4B, 0xA9, 0xA8, 0xB5, 0xA1, 0x87, 0x71, 0xC6, 0xC1, 0xD4, 0x16, 0x82,
    0xE5, 0xA4, 0xE7, 0x4E, 0x0E, 0xF7, 0x7B, 0x2A, 0xEE, 0x61, 0xB7, 0x41, 0x2C, 0x7B, 0xBC, 0xF4,
    0xAD, 0xE8, 0xB9, 0x15, 0xC1, 0x0C, 0x0F, 0xA1, 0xB9, 0x0B, 0xCE, 0xD6, 0xA7, 0x06, 0xFB, 0x99,
    0x43, 0x16, 0x35, 0x6F, 0xDC, 0xAA, 0x3B, 0xF6, 0xB9, 0xCF, 0x3B, 0x16, 0x30, 0x5E, 0x65, 0x9D,
    0xF5, 0xC6, 0x65, 0x83, 0x41, 0xD6, 0xDB, 0xF3, 0x61, 0x25, 0x25, 0x2C, 0x90, 0xC6, 0x03, 0x8D,
    0x7B, 0xFE, 0xAD, 0x09, 0x45, 0x1C, 0xB1, 0x8A, 0xF5, 0xF9, 0x72, 0x72, 0xA4, 0x33, 0x97, 0xE6,
    0x6D, 0x8F, 0x55, 0x0F, 0x4E, 0x7C, 0x1A, 0x0B, 0xF2, 0x39, 0x20, 0x24, 0x5B, 0x11, 0x34, 0xEA,
    0x0C, 0x64, 0x93, 0x41, 0xF5, 0xD6, 0xBC, 0xD6, 0xDB, 0x9A, 0x2F, 0xF8, 0xA7, 0x9E, 0x51, 0x21,
    0xFF, 0xE8, 0x57, 0x23, 0x75, 0xF6, 0xF9, 0x2F, 0x7B, 0x69, 0xF2, 0xAB, 0xD5, 0xE5, 0x91, 0xA3,
    0x2E, 0x3F, 0xFC, 0xD0, 0x53, 0x57, 0x6F, 0xBC, 0xD3, 0x52, 0x6F, 0xCB, 0xB7, 0x7B, 0x11, 0x61,
    0x5E, 0xE3, 0x73, 0x45, 0x67, 0x15, 0xAB, 0xAD, 0xED, 0xF2, 0x8D, 0xE6, 0x88, 0xBC, 0xA5, 0x01,
    0x27, 0x30, 0xB5, 0xDC, 0x42, 0xF1, 0x29, 0xCB, 0x4B, 0xE0, 0x42, 0x5C, 0x39, 0xD6, 0x15, 0x1A,
    0x3E, 0xCC, 0xFD, 0x70, 0x41, 0x8F, 0x84, 0xA5, 0x06, 0x2F, 0x63, 0x79, 0x78, 0xA2, 0xE6, 0x2D,
    0x7D, 0x64, 0xA9, 0xFA, 0x34, 0xF6, 0x69, 0x9F, 0xC5, 0x3E, 0xF9, 0xF6, 0x38, 0x93, 0xF9, 0xD9,
    0x2D, 0x24, 0x21, 0xEB, 0x2C, 0x1D, 0x0E, 0x59, 0x5B, 0xC9, 0xC6, 0xAA, 0xDD, 0x4A, 0xE7, 0x3E,
    0x48, 0x17, 0x0F, 0x46, 0xEA, 0x26, 0xC6, 0x81, 0x3A, 0xC6, 0xD8, 0xCB, 0x76, 0xF9, 0x3A, 0x75,
    0x32, 0x9A, 0x8C, 0x3A, 0x1B, 0xAC, 0xF4, 0xAA, 0x3F, 0x12, 0x7D, 0xA5, 0x3F, 0x49, 0x47, 0x70,
    0x28, 0xEE, 0x62, 0xD2, 0x4E, 0xF7, 0x3E, 0x9A, 0x2D, 0xAA, 0x0E, 0x23, 0xCA, 0x80, 0xEB, 0x5F,
    0xC4, 0xFF, 0xEC, 0x50, 0x1F, 0xCA, 0x8D, 0x38, 0xA8, 0x10, 0xCF, 0xF0, 0x23, 0xB2, 0x4F, 0xBA,
    0x94, 0x01, 0x9C, 0xDD, 0x97, 0xAB, 0x4A, 0x05, 0x5C, 0x7D, 0x2F, 0x00, 0x25, 0xCF, 0xCC, 0x26,
    0x76, 0x20, 0xDF, 0xE7, 0x13, 0xCF, 0x2E, 0x70, 0x21, 0x7F, 0xD9, 0x65, 0x7D, 0xFB, 0x98, 0x25,
    0x25, 0xB2, 0xCE, 0x4D, 0xBB, 0xC9, 0x9B, 0x0B, 0x6A, 0x82, 0x5F, 0x76, 0x72, 0x59, 0xE3, 0x66,
    0xD8, 0xE2, 0x40, 0x92, 0x46, 0xC9, 0x5B, 0x67, 0x9F, 0x1C, 0xB7, 0x72, 0x6D, 0xA9, 0x3B, 0x72,
    0xE9, 0x7A, 0xE3, 0xD0, 0x8C, 0xCB, 0x06, 0xB4, 0x51, 0x41, 0xD8, 0x9F, 0x2F, 0x2C, 0x1E, 0x26,
    0x13, 0x62, 0x0C, 0xA8, 0x62, 0xAB, 0x15, 0x16, 0xAF, 0x2E, 0x3B, 0x1E, 0xA3, 0xD2, 0x8C, 0xE7,
    0x83, 0xB6, 0x2C, 0x14, 0x3D, 0x6A, 0x1D, 0x2C, 0xC4, 0xB2, 0xE6, 0xDB, 0x1A, 0x45, 0x47, 0x64,
    0xDA, 0x6E, 0x30, 0x69, 0x6C, 0x47, 0x22, 0x6F, 0x27, 0x23, 0x6F, 0xA7, 0x83, 0x22, 0xFC, 0x7C,
    0x84, 0x8E, 0x2D, 0xC2, 0x96, 0xC4, 0xFD, 0x47, 0xCF, 0xB8, 0xFE, 0x65, 0x14, 0x75, 0x41, 0xD8,
    0x08, 0xAD, 0x3C, 0x2C, 0x3D, 0x0D, 0xE6, 0x9D, 0x4C, 0x0D, 0xC4, 0x64, 0x7A, 0x97, 0x34, 0xC6,
    0x96, 0x68, 0x3D, 0xD4, 0x59, 0x58, 0xEF, 0x77, 0xB7, 0x46, 0x68, 0xB1, 0x47, 0xCA, 0x09, 0xE7,
    0xDF, 0x86, 0x84, 0x87, 0x24, 0xD0, 0xC9, 0x1E, 0x18, 0x0B, 0x8F, 0x64, 0xB0, 0xCC, 0x81, 0x00,
    0xCC, 0x87, 0xD5, 0xE5, 0xA0, 0xB1, 0x7A, 0x44, 0xF8, 0x57, 0x96, 0xBD, 0x07, 0x83, 0x7C, 0x23,
    0xAC, 0xE9, 0x93, 0x75, 0x30, 0xAE, 0xF8, 0x18, 0x06, 0x79, 0xA4, 0x5B, 0x93, 0xDE, 0x7D, 0xA9,
    0x56, 0x2F, 0xDB, 0x94, 0x4B, 0xB4, 0x6D, 0x97, 0x58, 0x16, 0xDA, 0x4E, 0xAE, 0x8A, 0xB6, 0x52,
    0xB4, 0x95, 0x23, 0xD1, 0x5C, 0xA2, 0x2D, 0x88, 0xB0, 0x51, 0x38, 0x88, 0xB6, 0x41, 0x95, 0x41,
    0xB4, 0xFD, 0x34, 0x10, 0x1F, 0x4C, 0xC4, 0xB7, 0x23, 0x69, 0x7B, 0x9B, 0xCE, 0x9B, 0x9B, 0x7F,
    0x7C, 0x40, 0x5B, 0x1A, 0x68, 0x10, 0x93, 0x3C, 0xAD, 0x40, 0x95, 0xB7, 0xD8, 0x7C, 0xCD, 0xD4,
    0x08, 0x77, 0x27, 0x20, 0xFC, 0xE3, 0x00, 0x8C, 0xB1, 0x45, 0x32, 0x44, 0x37, 0xDB, 0xDD, 0x9E,
    0x93, 0xD1, 0x91, 0x8C, 0x76, 0x47, 0xC6, 0xCF, 0x48, 0xC6, 0xCF, 0x48, 0xC6, 0xCF, 0x27, 0x7E,
    0x84, 0xA8, 0x1C, 0xCC, 0x1B, 0xAC, 0xD6, 0xCF, 0xE5, 0xDD, 0x62, 0xCC, 0xE0, 0x42, 0xA4, 0x79,
    0x1C, 0x8B, 0x16, 0x45, 0x1C, 0xAC, 0xC3, 0xD5, 0x78, 0xEF, 0xA9, 0x09, 0x42, 0x93, 0x87, 0x09,
    0xE2, 0xF7, 0x09, 0xF2, 0xD1, 0x70, 0x90, 0x20, 0x67, 0x58, 0x86, 0x01, 0xA5, 0xFB, 0x5F, 0x09,
    0xD2, 0xEF, 0x23, 0xA5, 0xF1, 0x8D, 0x22, 0x45, 0xE2, 0x0E, 0x57, 0xC5, 0xE4, 0xF8, 0x63, 0x56,
    0xFA, 0x58, 0x13, 0xDC, 0xE1, 0xF6, 0x43, 0x7B, 0xAC, 0x8D, 0x2A, 0x20, 0x9F, 0x0E, 0x8C, 0x85,
    0x8E, 0x27, 0xF4, 0x3B, 0xED, 0xC5, 0xC8, 0xB0, 0x24, 0xEE, 0xC2, 0x48, 0xCF, 0xF4, 0x18, 0xF9,
    0xE2, 0x2D, 0xA1, 0x92, 0x5F, 0x35, 0xD3, 0xC3, 0x33, 0x3D, 0x7A, 0x4D, 0x10, 0x54, 0xB1, 0x86,
    0xA9, 0x9B, 0x19, 0x1B, 0xC4, 0xE8, 0xE8, 0xA0, 0x45, 0xDE, 0x13, 0x8D, 0xA7, 0xDD, 0x86, 0xE3,
    0x91, 0x06, 0x15, 0xC3, 0x5E, 0x79, 0xE0, 0x89, 0x72, 0xFE, 0x71, 0x80, 0x0E, 0xCC, 0xC4, 0x5F,
    0x77, 0x90, 0x13, 0xC4, 0xFF, 0x0C, 0xAA, 0x3B, 0xE4, 0x62, 0xF7, 0xE1, 0xBE, 0xF4, 0xC4, 0x82,
    0x53, 0xBE, 0x5E, 0xF5, 0xF4, 0x25, 0x1D, 0x95, 0x78, 0x1A, 0x08, 0x54, 0x42, 0x5B, 0xA3, 0x8A,
    0x3E, 0x1D, 0x67, 0xC8, 0xFB, 0xBF, 0x78, 0x9F, 0x0F, 0x95, 0x35, 0x1D, 0xBF, 0x19, 0x00, 0xC3,
    0xC7, 0x2C, 0xDF, 0x63, 0x69, 0xBC, 0xA2, 0x8D, 0x33, 0x42, 0xD8, 0x10, 0x68, 0x66, 0x2C, 0x3D,
    0x92, 0x31, 0x6F, 0x91, 0x0E, 0x59, 0xCF, 0x1D, 0x68, 0x98, 0x01, 0x5B, 0x64, 0x1D, 0x2C, 0x8D,
    0x2D, 0x8D, 0x95, 0x50, 0xDF, 0xC2, 0x49, 0xFB, 0x89, 0x70, 0x43, 0x9F, 0x10, 0x38, 0x6E, 0x44,
    0xE3, 0x92, 0x51, 0x23, 0x36, 0x08, 0xA7, 0xD3, 0xD3, 0x89, 0x83, 0x12, 0xB7, 0xC2, 0xA0, 0x02,
    0xC6, 0x4D, 0x32, 0xB1, 0xA0, 0x55, 0xE2, 0xDC, 0xB9, 0xA8, 0x69, 0xB2, 0x24, 0x5E, 0x32, 0xF8,
    0x44, 0x06, 0xA3, 0x0C, 0x4E, 0xCB, 0xAC, 0xDF, 0x9F, 0x70, 0xC2, 0x01, 0x8E, 0x07, 0x2B, 0xC0,
    0x2D, 0x75, 0x0B, 0x74, 0x70, 0x44, 0x38, 0xDC, 0xDA, 0xF6, 0x09, 0x81, 0x5B, 0xDB, 0x2E, 0x7B,
    0x7C, 0xFB, 0xAD, 0x96, 0x9E, 0xB5, 0xFA, 0x9C, 0xBD, 0x6A, 0x51, 0xF8, 0x9C, 0xEC, 0x71, 0xB0,
    0xDD, 0xEE, 0x5C, 0x63, 0x35, 0xD3, 0x6F, 0x19, 0xA0, 0xEA, 0x2D, 0xD0, 0x3C, 0x6D, 0xD3, 0xB9,
    0x6C, 0xC6, 0xF7, 0x07, 0xC3, 0x18, 0x14, 0x86, 0x14, 0xA7, 0xCC, 0xC2, 0x1C, 0x36, 0x54, 0x0C,
    0x40, 0xBD, 0x45, 0x1B, 0xA4, 0x00, 0xD1, 0x87, 0x85, 0x3F, 0x64, 0x22, 0x70, 0x61, 0x70, 0xA1,
    0x70, 0xE1, 0x70, 0x21, 0x71, 0x61, 0x71, 0xA1, 0x71, 0x61, 0x10, 0xA5, 0x93, 0x32, 0x4E, 0x9D,
    0xE9, 0x43, 0x8B, 0x65, 0xF0, 0x2E, 0xF8, 0x40, 0x92, 0x38, 0x73, 0x36, 0x54, 0x8E, 0x44, 0x4D,
    0xA7, 0x10, 0x55, 0x80, 0xC8, 0x92, 0x4B, 0x54, 0x22, 0x0C, 0x10, 0x65, 0x80, 0x48, 0x03, 0x44,
    0x1B, 0x20, 0xE2, 0x00, 0x51, 0x07, 0x88, 0x3C, 0x29, 0x2B, 0x42, 0xA8, 0x78, 0x47, 0x4A, 0x0E,
    0xB0, 0xB9, 0x11, 0x4B, 0x7A, 0x0D, 0x60, 0xF5, 0x9E, 0xBD, 0x56, 0x55, 0x96, 0x77, 0x30, 0xD4,
    0x9B, 0x65, 0x01, 0xD0, 0x3C, 0xDB, 0xEB, 0x64, 0x54, 0x57, 0x79, 0xBB, 0xA1, 0xEE, 0xF5, 0x13,
    0xFD, 0x65, 0x54, 0x8B, 0x1E, 0xE9, 0x78, 0x32, 0x7D, 0x77, 0x82, 0x72, 0x1C, 0x0D, 0x47, 0x36,
    0xEB, 0x61, 0xBD, 0x34, 0x27, 0x98, 0x76, 0x4D, 0x45, 0x5B, 0xD6, 0xEC, 0x9A, 0xB7, 0xC6, 0xB1,
    0x6B, 0xDE, 0x59, 0x46, 0xB1, 0xD7, 0xAD, 0xDC, 0x42, 0xD1, 0xD2, 0x2D, 0xC7, 0x5B, 0x92, 0x72,
    0xD1, 0xB6, 0x86, 0xA4, 0x12, 0x22, 0x99, 0x20, 0x59, 0x05, 0xE1, 0x0F, 0x9B, 0x5E, 0x9A, 0x7E,
    0x49, 0x3F, 0x86, 0xE4, 0x3A, 0xA1, 0xE2, 0xCE, 0x48, 0x1B, 0x24, 0x76, 0x9A, 0x4E, 0xDF, 0xA3,
    0x0A, 0x9C, 0x07, 0xC0, 0x48, 0x7A, 0x75, 0x0E, 0x6F, 0x19, 0x29, 0xCD, 0xCA, 0xEB, 0x7F, 0x96,
    0x2A, 0x75, 0x54, 0x85, 0x89, 0x5B, 0x76, 0x33, 0x37, 0x23, 0x72, 0xF2, 0x6E, 0x6B, 0xD1, 0x5F,
    0x32, 0xC4, 0x35, 0x0B, 0x49, 0x8D, 0xCD, 0xAC, 0x78, 0x36, 0xA7, 0x82, 0x94, 0x05, 0x34, 0x01,
    0xB1, 0xCF, 0x5B, 0xE3, 0x0E, 0x57, 0xD8, 0x33, 0x61, 0x1A, 0x88, 0x7F, 0x78, 0x3C, 0x50, 0xD9,
    0xD8, 0xAA, 0xDF, 0x84, 0x8B, 0x72, 0x3C, 0x41, 0xE1, 0x41, 0xFF, 0xC4, 0xDC, 0x7D, 0x1C, 0xE4,
    0x86, 0xD8, 0x71, 0xC9, 0x30, 0x23, 0xF2, 0x0E, 0x91, 0x07, 0x81, 0x74, 0x5B, 0x39, 0x53, 0xAF,
    0x7A, 0x53, 0x5B, 0x37, 0x93, 0xEE, 0xAD, 0x2A, 0x5D, 0x05, 0x53, 0x97, 0x7E, 0xAD, 0x03, 0xC2,
    0x19, 0x27, 0x9D, 0xD0, 0x3A, 0x21, 0xCE, 0x74, 0x55, 0x33, 0x6E, 0x61, 0x9D, 0xCD, 0x02, 0xAC,
    0x37, 0xEF, 0xF4, 0x28, 0xBB, 0xF2, 0x51, 0x8B, 0x7C, 0xBA, 0xC3, 0x35, 0x2E, 0xC6, 0xE9, 0x4F,
    0x80, 0x63, 0x4D, 0x13, 0xBC, 0x69, 0x88, 0x48, 0x6E, 0xE1, 0xE0, 0x9F, 0x42, 0x15, 0xBB, 0x4D,
    0xB7, 0x81, 0x95, 0x96, 0x9F, 0x76, 0x35, 0x71, 0x4B, 0x12, 0x6B, 0xE3, 0xEC, 0xDF, 0x78, 0x8B,
    0x2D, 0x0B, 0x6F, 0x58, 0xB5, 0x6B, 0xD6, 0xC3, 0x75, 0x3A, 0x16, 0x7E, 0x9D, 0x0E, 0x84, 0x71,
    0xEE, 0x90, 0x8C, 0x15, 0x6C, 0x3D, 0x05, 0x94, 0x5D, 0xC3, 0x25, 0x30, 0xFE, 0x02, 0x49, 0xE4,
    0xAC, 0xB9, 0x92, 0xC4, 0xDF, 0xF9, 0x47, 0xEE, 0xDB, 0x1F, 0xD0, 0xCE, 0xC8, 0x88, 0x1E, 0x2E,
    0xE7, 0x2F, 0xF4, 0x04, 0xB6, 0x04, 0x09, 0xE1, 0x98, 0xF7, 0x1A, 0x0F, 0xCA, 0x17, 0xFF, 0xC8,
    0x5D, 0x3D, 0xE5, 0x23, 0x77, 0xD9, 0xDD, 0x60, 0xDC, 0x48, 0x58, 0x8E, 0x5E, 0xE1, 0x0D, 0x46,
    0xB4, 0x5C, 0x06, 0x78, 0x76, 0x02, 0xF2, 0x11, 0x92, 0x8A, 0xD4, 0x34, 0x84, 0x38, 0xCB, 0xE5,
    0x62, 0xE9, 0x7F, 0xD3, 0x97, 0x0B, 0x05, 0xBE, 0xF9, 0x82, 0xE7, 0xFF, 0x27, 0x1A, 0x5C, 0xBE,
    0x93, 0x80, 0xA3, 0xDF, 0xB4, 0x79, 0x03, 0xB3, 0xE1, 0x7F, 0x00, 0xDD, 0x59, 0x01, 0xA4, 0x26,
    0xD7, 0x15, 0x3E, 0x33, 0x93, 0xDD, 0x61, 0x07, 0x13, 0x64, 0x55, 0xBB, 0x74, 0x00, 0x50, 0xED,
    0x00, 0x40, 0xF2, 0xDF, 0x69, 0x8A, 0x02, 0x12, 0x64, 0x1B, 0x14, 0x1B, 0x00, 0xAD, 0x7A, 0x00,
    0xC1, 0xBE, 0x99, 0x49, 0x83, 0xA0, 0xC8, 0x22, 0x02, 0x60, 0xD1, 0xD2, 0xFE, 0x4B, 0x17, 0x0A,
    0xD8, 0xF7, 0xFE, 0x59, 0xC1, 0xA2, 0xC8, 0xD8, 0x4A, 0x8B, 0x22, 0xA3, 0xD9, 0x2D, 0x4D, 0x90,
    0xAB, 0x99, 0x7A, 0xF3, 0x36, 0x33, 0x73, 0xFB, 0x7D, 0xE7, 0xFE, 0x99, 0xFF, 0xFD, 0xFB, 0x76,
    0xA5, 0x48, 0x23, 0xED, 0xD8, 0xF9, 0xEE, 0xF3, 0xCF, 0xDC, 0x7B, 0xCE, 0xF9, 0xCE, 0x39, 0x67,
    0xCE, 0xBD, 0x2B, 0xDB, 0xEB, 0x7A, 0x32, 0xCA, 0xA6, 0x93, 0x3B, 0x95, 0x8B, 0xDC, 0x20, 0xD3,
    0x69, 0xF5, 0xD2, 0xBB, 0xA3, 0xB8, 0x26, 0x3D, 0x12, 0x0C, 0x92, 0xF6, 0x72, 0x14, 0x4C, 0x92,
    0xE2, 0x85, 0x70, 0x94, 0xAC, 0x91, 0x31, 0xEA, 0x25, 0xAB, 0x31, 0x58, 0xC9, 0x8B, 0x60, 0x88,
    0x3B, 0x31, 0x12, 0xF6, 0x71, 0xCB, 0xC1, 0x26, 0x8D, 0x94, 0x12, 0xD9, 0xB4, 0x91, 0x23, 0x3F,
    0x8C, 0x12, 0x77, 0x7C, 0x5B, 0x92, 0x36, 0x2F, 0x38, 0x74, 0xB9, 0x04, 0x83, 0xC4, 0x8E, 0x93,
    0x24, 0x9C, 0x45, 0xAF, 0x23, 0x3F, 0xDC, 0xF1, 0xC3, 0xE8, 0x87, 0x41, 0x31, 0xD0, 0x81, 0x2F,
    0x2F, 0xEF, 0x64, 0x35, 0xDE, 0x37, 0x10, 0x24, 0x13, 0x86, 0x60, 0x04, 0xA8, 0x32, 0x69, 0x8B,
    0x47, 0x10, 0x96, 0x36, 0x46, 0x00, 0x93, 0x48, 0x72, 0x17, 0xB3, 0xE3, 0x3F, 0x59, 0x91, 0xE8,
    0x93, 0x16, 0x8B, 0xB8, 0x1A, 0x0B, 0x3A, 0x11, 0xCE, 0x54, 0x41, 0x7E, 0x7D, 0xBF, 0x7A, 0x64,
    0x17, 0xE8, 0x00, 0x31, 0x21, 0x69, 0x85, 0x4B, 0x01, 0x4A, 0x8A, 0x5C, 0x51, 0xD5, 0x9D, 0x48,
    0xC3, 0x97, 0x72, 0x3E, 0xCF, 0x8B, 0xBC, 0x96, 0xAC, 0x30, 0x5B, 0xE5, 0xD2, 0x7A, 0x04, 0xBC,
    0xD7, 0x03, 0xEE, 0x75, 0x80, 0xF7, 0x1B, 0x2C, 0xF5, 0x21, 0x84, 0xC7, 0x4E, 0x00, 0x14, 0x1E,
    0x8D, 0x04, 0x2F, 0x77, 0x27, 0x8D, 0xD0, 0x50, 0xE4, 0x02, 0x59, 0x0D, 0xC8, 0x0B, 0xFF, 0x20,
    0x18, 0xF0, 0x4A, 0x64, 0xF1, 0x72, 0xDA, 0x62, 0x5A, 0xD6, 0x00, 0x94, 0xC8, 0x09, 0x8F, 0x68,
    0x09, 0xBC, 0x02, 0x48, 0x5B, 0xF0, 0xC4, 0x89, 0x87, 0x50, 0x48, 0x56, 0x64, 0x37, 0x1F, 0x00,
    0x19, 0x25, 0xF1, 0xE1, 0x85, 0x6B, 0x1F, 0x14, 0x62, 0x9C, 0x6B, 0x3C, 0x5C, 0xAE, 0xAE, 0x16,
    0x34, 0x8F, 0x66, 0x2E, 0x70, 0x44, 0x18, 0x55, 0x35, 0x88, 0x04, 0x25, 0xC9, 0x19, 0x91, 0x80,
    0x12, 0xEE, 0x96, 0x11, 0xC2, 0xC3, 0x41, 0x82, 0x3E, 0xB2, 0x5E, 0x39, 0x19, 0xA8, 0xF5, 0x68,
    0x04, 0x50, 0x12, 0x46, 0x2E, 0x45, 0xE1, 0x1B, 0x0A, 0xAF, 0x68, 0xA1, 0x69, 0x08, 0x85, 0x50,
    0x38, 0x7E, 0x22, 0xC8, 0xF1, 0xE2, 0xFF, 0xF1, 0x9C, 0x67, 0xC8, 0x27, 0x7D, 0x92, 0x36, 0x54,
    0x9E, 0x94, 0x17, 0x54, 0xE0, 0x98, 0x4F, 0x83, 0x91, 0x2F, 0xD2, 0x6A, 0x9A, 0x4D, 0x59, 0xCA,
    0xD5, 0x4A, 0x4D, 0x30, 0xA3, 0x78, 0xAB, 0xD5, 0x6C, 0xA2, 0xE9, 0x88, 0xAA, 0x4A, 0x70, 0xEA,
    0xC9, 0x1F, 0x94, 0xE9, 0x51, 0x59, 0x3E, 0x54, 0xE3, 0x8D, 0x78, 0x0F, 0x0B, 0xED, 0xAD, 0x39,
    0x33, 0xFD, 0x87, 0xE4, 0xF8, 0x63, 0x92, 0x0A, 0x74, 0xF8, 0xF0, 0xF4, 0x38, 0x2C, 0x21, 0x4A,
    0x4D, 0x89, 0x96, 0x18, 0x29, 0x06, 0x05, 0x56, 0xE3, 0xEF, 0x06, 0x61, 0x8F, 0xE8, 0xC8, 0x1A,
    0x1F, 0x9A, 0x49, 0x8B, 0xC9, 0xD1, 0x47, 0x3D, 0xDE, 0xFE, 0x9C, 0x5A, 0xB9, 0x9A, 0xC0, 0x09,
    0x33, 0xE7, 0x3A, 0x2A, 0xC4, 0x60, 0xC9, 0x5F, 0x6A, 0x40, 0x0C, 0x32, 0x2B, 0xA0, 0x5B, 0x63,
    0x1B, 0x9E, 0x16, 0xA0, 0xC0, 0x35, 0xA0, 0x6E, 0xC3, 0x29, 0x59, 0x41, 0xA5, 0xD5, 0x2C, 0x85,
    0x7D, 0xD7, 0x29, 0xB3, 0xAE, 0x18, 0x37, 0x8A, 0x00, 0x17, 0x0C, 0x10, 0x4D, 0x7D, 0xD2, 0x86,
    0x1A, 0x2E, 0x18, 0x77, 0x34, 0x53, 0x79, 0xE5, 0x0B, 0x9A, 0x3C, 0x5B, 0x2C, 0x35, 0x00, 0x8F,
    0xC8, 0x0D, 0x11, 0x92, 0x47, 0xA0, 0x28, 0xAA, 0xDD, 0xB4, 0x8F, 0x02, 0x35, 0xEE, 0xF6, 0x30,
    0x7E, 0xB4, 0xBE, 0x35, 0xD7, 0x09, 0x05, 0x37, 0xA9, 0xE2, 0xD6, 0x93, 0xAA, 0x39, 0x31, 0x57,
    0x34, 0xB2, 0xC3, 0x52, 0x51, 0x03, 0xA3, 0x5B, 0x55, 0x80, 0xF2, 0x67, 0x9B, 0x8F, 0x6F, 0x1C,
    0x79, 0x89, 0x0A, 0x2A, 0xB5, 0x44, 0xC0, 0x41, 0xA6, 0xC6, 0x5F, 0xE4, 0x81, 0xB6, 0x75, 0x01,
    0x4C, 0x6B, 0xA1, 0x4F, 0xDE, 0xE0, 0x51, 0xD5, 0x20, 0x3A, 0x5C, 0x13, 0x4C, 0xC9, 0x87, 0x20,
    0xCD, 0xA5, 0x98, 0x3B, 0xC4, 0x23, 0x9D, 0xF2, 0xB4, 0xB4, 0xD7, 0x1C, 0xD4, 0xBF, 0x35, 0x9E,
    0xC3, 0x5E, 0x23, 0x5F, 0x33, 0x4E, 0x59, 0x02, 0x24, 0x6D, 0x06, 0x68, 0xB4, 0xC8, 0xE4, 0x05,
    0x40, 0x33, 0xDE, 0xD0, 0x16, 0x80, 0x11, 0x53, 0x5F, 0x74, 0x92, 0xC3, 0x58, 0x49, 0xDC, 0x7C,
    0x2C, 0xC1, 0x1A, 0xCA, 0x3F, 0x39, 0xA6, 0x15, 0xA2, 0x47, 0x35, 0xC0, 0x69, 0x61, 0xD8, 0x77,
    0xE6, 0x8A, 0x70, 0xB8, 0x97, 0x87, 0x9E, 0xBD, 0x43, 0xFA, 0x83, 0xA5, 0x94, 0x74, 0x90, 0x8D,
    0x52, 0x22, 0xDC, 0x71, 0x5F, 0x4A, 0x6A, 0x2B, 0xA9, 0xAC, 0xF9, 0xE4, 0xA4, 0xCB, 0xDC, 0xBD,
    0x36, 0x3C, 0x65, 0x25, 0x49, 0xB7, 0x77, 0xC6, 0x78, 0x7A, 0x47, 0xC0, 0x01, 0xEE, 0x9E, 0x46,
    0x2E, 0xB7, 0xDA, 0x9D, 0xB4, 0xFA, 0xDE, 0x97, 0x9B, 0x5F, 0xAB, 0xF9, 0xAF, 0xD1, 0x7C, 0xFC,
    0x6C, 0x02, 0x0B, 0xF3, 0x43, 0x0B, 0xF3, 0xC3, 0x0E, 0xE6, 0xBF, 0xF9, 0xE7, 0xB3, 0xE6, 0xCB,
    0xED, 0x96, 0xC5, 0xB0, 0x18, 0xBF, 0x00, 0x9A, 0x9F, 0xD1, 0xF2, 0x6F, 0x9F, 0xA7, 0xFE, 0x89,
    0xB6, 0x25, 0x6F, 0x0E, 0x65, 0xFA, 0xE3, 0xBE, 0x4C, 0x61, 0x5B, 0x6A, 0xAC, 0x71, 0x5B, 0xDB,
    0x66, 0xD8, 0xF6, 0x3C, 0x14, 0xBA, 0x8E, 0xFB, 0x75, 0xCC, 0xFA, 0x43, 0xBE, 0x2D, 0x60, 0xEA,
    0x8A, 0xBD, 0x8C, 0xA8, 0x96, 0xC0, 0x7A, 0xDC, 0x15, 0x17, 0xDE, 0x91, 0xF0, 0xD4, 0xB9, 0x22,
    0x84, 0xC2, 0x6D, 0xE4, 0x6E, 0x64, 0x16, 0xBA, 0x44, 0xF6, 0x49, 0x66, 0x2B, 0x3C, 0xC9, 0xEB,
    0xFA, 0x59, 0x50, 0xD0, 0x74, 0x3F, 0x5F, 0xB8, 0xCF, 0x7B, 0xB5, 0x4C, 0x66, 0xE8, 0x52, 0xC1,
    0xEB, 0xD3, 0xE9, 0x01, 0xF3, 0x19, 0xB2, 0x1C, 0x96, 0x0F, 0x26, 0x40, 0x38, 0x62, 0x76, 0xD4,
    0x13, 0x2C, 0x40, 0x53, 0x33, 0x6E, 0xB1, 0x4E, 0xC2, 0x94, 0x4C, 0xB7, 0x50, 0x72, 0xF5, 0x43,
    0x9F, 0x94, 0xF9, 0x92, 0x1B, 0xCB, 0x55, 0xCD, 0x05, 0x23, 0xCA, 0x75, 0x90, 0xFD, 0xE8, 0xF6,
    0xC0, 0x0A, 0x83, 0x75, 0xF1, 0x4F, 0x26, 0x89, 0x2D, 0x91, 0xD5, 0x70, 0xBC, 0x9E, 0xD7, 0x12,
    0x8C, 0x24, 0x3B, 0x1E, 0x46, 0xD0, 0x74, 0x60, 0xA7, 0xE3, 0xAB, 0xB7, 0x5D, 0xC3, 0x8A, 0x31,
    0xD1, 0x8D, 0x5C, 0x86, 0xCB, 0x3E, 0x1D, 0x67, 0xC5, 0x4A, 0xD1, 0x34, 0x72, 0x01, 0x66, 0x9F,
    0xFE, 0x64, 0x56, 0xE1, 0x13, 0x0B, 0xAD, 0x7B, 0x00, 0x0C, 0x5E, 0x5E, 0x34, 0xCB, 0x5C, 0xC1,
    0x5F, 0x41, 0xEE, 0x74, 0xCD, 0x4A, 0x02, 0xC2, 0x9F, 0xA3, 0xA5, 0x77, 0xF2, 0x02, 0x60, 0xA0,
    0xD6, 0x74, 0x7C, 0xC1, 0xD5, 0xD5, 0x56, 0xFE, 0x8D, 0x33, 0xDF, 0x69, 0x0F, 0x13, 0x61, 0x43,
    0x30, 0x6D, 0xCE, 0xE5, 0x1C, 0xF3, 0x87, 0x49, 0x75, 0x59, 0xBE, 0xA9, 0xF6, 0xB3, 0xF8, 0x6B,
    0x50, 0x28, 0x9E, 0xAD, 0x82, 0x44, 0x3A, 0x51, 0xAF, 0xAF, 0x81, 0xA3, 0xA7, 0xD6, 0x22, 0x0B,
    0xD0, 0x2B, 0x87, 0x58, 0x83, 0x3B, 0x3C, 0xE5, 0xA3, 0xFD, 0x12, 0x81, 0x30, 0x94, 0x73, 0x25,
    0x65, 0x97, 0x76, 0x7A, 0x97, 0x5B, 0x29, 0xE3, 0xF6, 0x86, 0x88, 0x10, 0x37, 0x83, 0x7D, 0xE3,
    0xD4, 0xF4, 0xF0, 0x46, 0xA8, 0x66, 0x47, 0x5D, 0xD2, 0xE8, 0xF8, 0xAF, 0x03, 0x4F, 0x80, 0xF3,
    0x5C, 0xCA, 0xF7, 0x6E, 0xCA, 0xF9, 0x2B, 0x42, 0x0A, 0xD0, 0x32, 0xDF, 0x7C, 0xB0, 0xE1, 0xC0,
    0x48, 0x5E, 0x47, 0x88, 0xCC, 0xB1, 0xD0, 0x1D, 0x88, 0xAD, 0x34, 0xC3, 0xC6, 0x40, 0xBF, 0xE5,
    0xDA, 0xA7, 0x52, 0xC9, 0x21, 0xD5, 0x1E, 0xEE, 0xEE, 0x60, 0x28, 0x37, 0xBE, 0xDF, 0x1F, 0xEB,
    0x82, 0xCE, 0x8D, 0xDB, 0x51, 0x8D, 0x4F, 0xB7, 0xA3, 0x79, 0xEB, 0x7E, 0xAF, 0xFC, 0x25, 0xDA,
    0x12, 0x84, 0x63, 0xAA, 0x63, 0x8C, 0x5A, 0x40, 0xDB, 0x52, 0x14, 0x01, 0xB5, 0xB5, 0xC8, 0x0B,
    0xDA, 0x3E, 0x6B, 0xFB, 0xC7, 0xD0, 0x32, 0x1C, 0x13, 0x0B, 0x05, 0x98, 0xB3, 0xBE, 0x0D, 0x96,
    0x8A, 0x09, 0xAA, 0x14, 0x4B, 0x26, 0x3F, 0x10, 0x3F, 0xAE, 0x80, 0x54, 0x68, 0xD4, 0x31, 0xF1,
    0x72, 0x25, 0x38, 0x2E, 0xE4, 0xFC, 0x05, 0xDE, 0x06, 0xC9, 0x7A, 0x71, 0x1D, 0x46, 0xD7, 0xCB,
    0xAB, 0x3D, 0x6A, 0xF3, 0xF4, 0x1A, 0xC2, 0x36, 0xB4, 0x1A, 0x56, 0xA3, 0x56, 0x29, 0xD8, 0x1F,
    0xD9, 0x5C, 0x74, 0xEC, 0x0C, 0xC7, 0xA3, 0xB8, 0x2D, 0x39, 0x6A, 0x28, 0xFB, 0x51, 0xE5, 0x9D,
    0x5E, 0xFB, 0x40, 0xED, 0xEA, 0xB3, 0x9A, 0x63, 0x64, 0xB3, 0xC2, 0xF7, 0x78, 0x20, 0x4C, 0xC3,
    0xD3, 0xD0, 0x7F, 0xCF, 0x56, 0xC5, 0x8A, 0xCA, 0x9B, 0x89, 0x55, 0x66, 0x92, 0xAA, 0x07, 0xC1,
    0xC9, 0x84, 0xF8, 0xE6, 0xF5, 0xB2, 0xFA, 0xDD, 0xE0, 0x1F, 0x5D, 0x02, 0x24, 0xD3, 0xA5, 0xE6,
    0xD4, 0x21, 0x7F, 0xC6, 0x0A, 0x93, 0xAA, 0xD6, 0x13, 0xF9, 0x73, 0x30, 0x98, 0x82, 0x42, 0x67,
    0x01, 0x9E, 0x0C, 0xCA, 0xFB, 0xA9, 0xA2, 0x63, 0x60, 0x51, 0x37, 0x7E, 0xBE, 0x9D, 0xEF, 0x3C,
    0x6A, 0x22, 0x9B, 0x25, 0xFF, 0x07, 0xB0, 0xDD, 0xB5, 0x26, 0x8A, 0xFC, 0xA5, 0x54, 0x3C, 0xD4,
    0x29, 0xE4, 0x55, 0xD1, 0xD4, 0x4B, 0x3E, 0x06, 0x14, 0xA6, 0xDD, 0xDA, 0xA5, 0xAB, 0x1B, 0x4B,
    0xA2, 0xF5, 0x3B, 0x0B, 0xB9, 0x4B, 0xB5, 0x38, 0xE4, 0x2C, 0x8D, 0x1B, 0x06, 0x0D, 0xB9, 0xF4,
    0xFD, 0x6B, 0xD0, 0x1B, 0x26, 0x05, 0xBB, 0xB4, 0xCF, 0xEC, 0x56, 0xD7, 0x98, 0xD3, 0xE3, 0x07,
    0x07, 0x56, 0x12, 0x5F, 0x9F, 0x83, 0x11, 0x20, 0x23, 0xF5, 0x1B, 0xA9, 0xDE, 0xB8, 0x57, 0x89,
    0x03, 0x42, 0xA8, 0x96, 0x5A, 0x40, 0x02, 0x60, 0x9C, 0x46, 0xEF, 0xBA, 0x42, 0x22, 0xBA, 0x24,
    0xA4, 0xE5, 0x8B, 0x9B, 0x19, 0xFC, 0x81, 0x62, 0x48, 0x87, 0x71, 0x12, 0xA5, 0x77, 0xC4, 0xB8,
    0x0D, 0x06, 0x5A, 0x19, 0xF6, 0x44, 0x3C, 0x81, 0x48, 0x62, 0x5E, 0x10, 0xB9, 0x07, 0x21, 0xF2,
    0x03, 0x5E, 0x2A, 0x17, 0xE3, 0x0E, 0x83, 0x81, 0xEA, 0x41, 0x5D, 0xED, 0x98, 0x95, 0xBE, 0x6E,
    0xD7, 0xD9, 0xE5, 0xEC, 0xEC, 0x2E, 0x3B, 0x91, 0xCD, 0x4D, 0x03, 0x99, 0xAE, 0x33, 0x3D, 0xB0,
    0xA5, 0x93, 0x13, 0xCF, 0xE9, 0x99, 0x06, 0xED, 0x48, 0xD1, 0xE7, 0xCC, 0x20, 0x7B, 0x57, 0xB0,
    0xA1, 0x7E, 0xF4, 0xA1, 0xF9, 0x3B, 0x93, 0x3D, 0xC0, 0x32, 0x88, 0x4F, 0xDF, 0x97, 0x87, 0xCB,
    0x47, 0x35, 0x6E, 0x93, 0x16, 0x92, 0x53, 0x3A, 0x56, 0xB7, 0x4C, 0xF0, 0xAF, 0xA1, 0x7E, 0xA5,
    0xA7, 0xCF, 0xC8, 0xB7, 0x06, 0x31, 0xAF, 0x54, 0x48, 0x1B, 0x5B, 0xD5, 0xBE, 0x49, 0x8F, 0x76,
    0x3B, 0xA2, 0xE5, 0x4B, 0xBA, 0x3A, 0xB3, 0x55, 0x54, 0xC3, 0xD4, 0xA4, 0x58, 0x31, 0xF1, 0x71,
    0xD1, 0xF8, 0xB8, 0xA0, 0xD2, 0x74, 0x0F, 0x90, 0x02, 0x74, 0xBF, 0x2A, 0xBA, 0x61, 0x52, 0x9C,
    0xD7, 0xEB, 0x59, 0x22, 0x66, 0x88, 0xE2, 0xC8, 0x35, 0x74, 0xA7, 0xBA, 0xB0, 0x47, 0x64, 0xBF,
    0x5C, 0xEB, 0x56, 0x80, 0xF8, 0x25, 0x02, 0x97, 0xAA, 0x6E, 0x8A, 0xDD, 0x87, 0x61, 0x22, 0xC4,
    0x90, 0x9C, 0xFC, 0xE6, 0xA9, 0x81, 0x28, 0x23, 0x95, 0x1D, 0x30, 0x04, 0x00, 0x0A, 0x1D, 0xD8,
    0xD5, 0x12, 0xC2, 0x1E, 0xB2, 0xA2, 0xD3, 0xAB, 0x3F, 0x6D, 0xA9, 0x65, 0x1B, 0x03, 0x9A, 0x98,
    0x4C, 0x82, 0x97, 0xCC, 0x33, 0x09, 0x20, 0x93, 0x80, 0xBC, 0x20, 0xE8, 0x2E, 0x66, 0xAF, 0xDE,
    0xEF, 0x45, 0x63, 0x0A, 0x3B, 0x1F, 0x6E, 0xA0, 0xAD, 0x6E, 0xBD, 0xE8, 0xBD, 0x6F, 0x08, 0x99,
    0x8F, 0x54, 0xA0, 0x53, 0x81, 0x93, 0xEC, 0xFC, 0xDC, 0xEF, 0x36, 0x55, 0xF1, 0x99, 0x8F, 0x69,
    0x5E, 0x2B, 0x85, 0x5F, 0x39, 0x81, 0x2F, 0xE7, 0xC2, 0x46, 0x1A, 0xD4, 0x74, 0x4F, 0x8F, 0x41,
    0x25, 0xF5, 0x3F, 0x6A, 0x98, 0xD3, 0xAF, 0x6C, 0xBF, 0xF0, 0x73, 0x0B, 0x70, 0x0A, 0x9D, 0x3E,
    0x04, 0xE8, 0xC3, 0xC7, 0x8E, 0x2E, 0xA8, 0xF1, 0x36, 0x81, 0xD1, 0x31, 0x9C, 0xDD, 0x2B, 0x84,
    0x3D, 0xF7, 0x6A, 0x28, 0xE6, 0x76, 0x92, 0xCC, 0x1E, 0xC3, 0xC2, 0xEA, 0x93, 0xCF, 0xDB, 0xDC,
    0xBD, 0xDF, 0x5C, 0x3C, 0xF5, 0x1F, 0xF5, 0xE5, 0xC3, 0x1E, 0x54, 0x8C, 0x55, 0x58, 0x3D, 0x3F,
    0xFD, 0x9B, 0xAF, 0x5E, 0x60, 0x5F, 0x30, 0xEA, 0xD6, 0x3A, 0xC5, 0xC0, 0xCA, 0x34, 0x80, 0x3E,
    0xDD, 0x67, 0x1C, 0x63, 0x98, 0xAD, 0x4C, 0xA0, 0xE8, 0xC4, 0xCA, 0xD8, 0x6B, 0x41, 0x1D, 0xE0,
    0x8F, 0xBF, 0x74, 0x41, 0x8F, 0x88, 0xF8, 0x63, 0x1B, 0xDA, 0x41, 0x32, 0x94, 0x54, 0x3B, 0xCA,
    0x4A, 0xDB, 0x1C, 0xB9, 0x83, 0xA1, 0xBB, 0x23, 0x03, 0x1B, 0xDF, 0xEB, 0xA1, 0x65, 0xEB, 0x7B,
    0x18, 0xB5, 0xFC, 0xBE, 0xBE, 0x40, 0xFE, 0xD2, 0xFA, 0x85, 0xAC, 0x58, 0x41, 0x93, 0x95, 0xD1,
    0xCA, 0xB1, 0x3A, 0x64, 0x13, 0x4C, 0x99, 0x23, 0xDD, 0x67, 0x31, 0xE0, 0x69, 0x17, 0xCC, 0x37,
    0x58, 0xDE, 0x03, 0xD7, 0xDC, 0xC1, 0x14, 0x3D, 0xF9, 0x51, 0x42, 0x74, 0x30, 0x7B, 0xC7, 0x4E,
    0xA3, 0x62, 0xD4, 0xEB, 0x10, 0xDB, 0x5D, 0x1B, 0x09, 0x87, 0xF5, 0xDC, 0x6A, 0x67, 0x56, 0x5C,
    0x43, 0xCB, 0x3E, 0x6F, 0x18, 0x12, 0x27, 0x8D, 0x9C, 0xB4, 0xC1, 0x67, 0x4D, 0x78, 0xD2, 0x86,
    0x9F, 0xB5, 0xD1, 0x5F, 0x9B, 0xE8, 0xA3, 0x36, 0x7D, 0xBB, 0x89, 0xEE, 0x77, 0x59, 0x5A, 0x47,
    0xF7, 0xED, 0x2A, 0x2D, 0xE2, 0xBB, 0xF6, 0x7A, 0x26, 0xC9, 0x5D, 0x3B, 0xE4, 0x90, 0xFE, 0x4F,
    0x0B, 0xB5, 0x8B, 0x93, 0x16, 0x7A, 0x61, 0xA1, 0x43, 0x68, 0xBB, 0x29, 0x4A, 0x04, 0x19, 0xE8,
    0xC7, 0x6F, 0xD7, 0x65, 0x6F, 0x6B, 0x2C, 0x4B, 0x7C, 0xE1, 0xC9, 0xA2, 0x5E, 0xD8, 0x7F, 0x6D,
    0x2D, 0xDA, 0xA5, 0xFA, 0x52, 0xC1, 0x65, 0x32, 0x60, 0xFC, 0x70, 0xA3, 0x9F, 0x69, 0xD5, 0xE1,
    0xE0, 0x86, 0x3C, 0x76, 0x19, 0xC5, 0x4D, 0x41, 0x74, 0xC4, 0x48, 0x79, 0x8E, 0x3F, 0x24, 0xEA,
    0xA9, 0x97, 0x64, 0x6F, 0x13, 0x4D, 0x42, 0x2C, 0x15, 0x47, 0x64, 0x88, 0x9E, 0x18, 0x52, 0x6F,
    0xBF, 0xF7, 0x8C, 0x80, 0x74, 0x3E, 0xAD, 0x73, 0xC0, 0x4A, 0x71, 0x5E, 0xDF, 0x42, 0xDC, 0x68,
    0x2E, 0x6B, 0x7A, 0xD1, 0x44, 0x2D, 0x23, 0x44, 0xE6, 0x3E, 0x1D, 0x4E, 0x3C, 0x56, 0x94, 0xB8,
    0x49, 0x6A, 0x80, 0x16, 0x98, 0x0A, 0x22, 0xDC, 0x78, 0x4E, 0xE9, 0x64, 0x8E, 0x78, 0xE6, 0x75,
    0xAF, 0x11, 0xF7, 0xEA, 0xA7, 0x4D, 0x34, 0x88, 0xAB, 0x13, 0xB6, 0x69, 0xBB, 0xFC, 0x37, 0x05,
    0x61, 0x29, 0xA0, 0xA5, 0x6F, 0x31, 0x03, 0x42, 0x34, 0x00, 0x92, 0x9E, 0x51, 0x06, 0xB8, 0x8B,
    0xB8, 0xCE, 0xDC, 0xDF, 0xAC, 0xC4, 0xEE, 0x45, 0xA8, 0xFF, 0xAC, 0xE8, 0x55, 0x3C, 0x43, 0xAB,
    0xCC, 0x16, 0xC2, 0xF6, 0xFB, 0x72, 0xEE, 0x32, 0x0B, 0x67, 0x0E, 0xA0, 0x8C, 0x29, 0x61, 0xCA,
    0x97, 0xD2, 0xA5, 0x6C, 0x95, 0x04, 0x72, 0xA5, 0x54, 0x29, 0x53, 0x4A, 0x94, 0xF2, 0xA4, 0x34,
    0x55, 0x04, 0x92, 0xA4, 0x1C, 0x29, 0x45, 0xCA, 0x90, 0x12, 0xA4, 0xFC, 0x28, 0x3D, 0x9E, 0x1D,
    0xAF, 0x59, 0xB7, 0x62, 0xA0, 0xC0, 0xA8, 0xA8, 0x79, 0x5E, 0x95, 0xF9, 0x5A, 0xC9, 0xE1, 0x46,
    0x7B, 0xA0, 0xA0, 0xED, 0x98, 0x62, 0xEC, 0xC9, 0x08, 0x0F, 0xBA, 0x18, 0x1F, 0xA9, 0x1F, 0x47,
    0x08, 0xD3, 0x98, 0xCF, 0x0B, 0x9F, 0x92, 0x4A, 0x99, 0x56, 0x4F, 0x5F, 0xF6, 0x4B, 0x1D, 0x2B,
    0xD9, 0xAC, 0xD7, 0xFA, 0x7D, 0xDD, 0x38, 0xA7, 0x51, 0xAC, 0x1D, 0x94, 0xF6, 0x4E, 0x7E, 0xF5,
    0x81, 0x63, 0xE6, 0x85, 0x88, 0x59, 0xDF, 0xD2, 0x71, 0xD6, 0x74, 0xA1, 0xD6, 0x3A, 0x46, 0x1A,
    0x57, 0xDA, 0x19, 0x31, 0x30, 0xB5, 0xF1, 0xFC, 0x78, 0x7D, 0x93, 0xB6, 0xEA, 0xA6, 0x60, 0x23,
    0x3A, 0xEE, 0x58, 0x9A, 0x92, 0x64, 0x66, 0x88, 0xBE, 0x54, 0x39, 0x65, 0x6A, 0xBA, 0xD6, 0x46,
    0x43, 0xE0, 0xBA, 0xB8, 0x03, 0x5B, 0xAE, 0xD6, 0xBA, 0xEF, 0x7C, 0xE5, 0x9F, 0xB0, 0x1A, 0xD6,
    0x19, 0x2F, 0x3A, 0x12, 0xE6, 0x9C, 0x9E, 0x5F, 0x71, 0xCF, 0x56, 0x6A, 0xFA, 0x92, 0xB6, 0x5E,
    0x87, 0x64, 0xD0, 0x21, 0x1B, 0x35, 0x3E, 0xAA, 0x89, 0xC3, 0x2F, 0x4F, 0x5C, 0xFD, 0x0B, 0x68,
    0x7F, 0xEF, 0x53, 0x37, 0x49, 0x3C, 0xC7, 0x6F, 0xB9, 0x5E, 0x7B, 0xEF, 0xE7, 0xA8, 0xFC, 0xCD,
    0xF0, 0xA6, 0x04, 0x3C, 0x95, 0x0D, 0xA6, 0x6B, 0x8D, 0x80, 0x00, 0x11, 0xB9, 0xF2, 0x40, 0x76,
    0x17, 0x43, 0xA4, 0xDD, 0x9D, 0xF1, 0x2E, 0x27, 0x20, 0x4F, 0x3F, 0x65, 0x8D, 0xE6, 0xF5, 0xAF,
    0x25, 0x22, 0x59, 0x84, 0xC7, 0xCF, 0xBF, 0x15, 0xB2, 0xDD, 0xB1, 0x23, 0xC1, 0x78, 0x5A, 0xD7,
    0x35, 0x43, 0xB1, 0xA1, 0x17, 0x18, 0xC6, 0x75, 0x56, 0x00, 0x72, 0x4E, 0x3E, 0xFA, 0x62, 0xE7,
    0xF9, 0xFB, 0x7A, 0x2F, 0xD0, 0xF8, 0x9E, 0x01, 0xA7, 0xA0, 0x0F, 0xD2, 0x06, 0x3D, 0xBC, 0x03,
    0x68, 0x8F, 0x8B, 0xB2, 0x6F, 0xC5, 0xFC, 0x70, 0xA3, 0xCA, 0x0B, 0x00, 0x56, 0x95, 0x85, 0xD2,
    0xA3, 0xB0, 0xC8, 0x2D, 0xA8, 0x4B, 0x77, 0xA5, 0x60, 0x38, 0x15, 0xA0, 0x95, 0xA4, 0x5D, 0x38,
    0x23, 0xE3, 0x54, 0xBC, 0x46, 0x8E, 0x5D, 0xD7, 0x4D, 0x4F, 0x71, 0xB8, 0xDB, 0x21, 0x1F, 0xFB,
    0x10, 0x7A, 0xEC, 0xAC, 0x28, 0xB8, 0xED, 0x66, 0x5A, 0x33, 0x47, 0x6E, 0x5E, 0x4F, 0xE9, 0x29,
    0x93, 0xA8, 0x41, 0x68, 0x55, 0x0C, 0x14, 0x4C, 0x49, 0x2C, 0x20, 0x6B, 0x00, 0x55, 0x5D, 0x49,
    0x38, 0x8B, 0x79, 0x78, 0x30, 0x48, 0x46, 0xAE, 0x43, 0xAF, 0x41, 0xB1, 0x1C, 0x42, 0x90, 0xC7,
    0x26, 0x7A, 0x78, 0xCD, 0x06, 0xEA, 0x66, 0x65, 0x7A, 0xD4, 0x9B, 0xC1, 0x77, 0xC5, 0x21, 0x68,
    0xDC, 0x90, 0xCC, 0xAF, 0xF6, 0x59, 0xCB, 0x6A, 0x11, 0x77, 0x2B, 0x0D, 0x71, 0x53, 0x98, 0x37,
    0x66, 0x2C, 0x39, 0x48, 0xEC, 0x5A, 0xEF, 0x6E, 0x79, 0x46, 0xB0, 0xEC, 0x8A, 0x65, 0xB2, 0x8C,
    0x01, 0xCF, 0x47, 0x8D, 0xF8, 0xEB, 0x9B, 0x61, 0x6F, 0x80, 0x0C, 0x4F, 0xF8, 0xA1, 0x6D, 0x46,
    0x89, 0xEB, 0xD7, 0x45, 0xAF, 0xFF, 0x06, 0x0F, 0xBE, 0x8C, 0x69, 0xC7, 0x93, 0xEB, 0x88, 0x09,
    0xC0, 0xBD, 0x4A, 0xFB, 0x7F, 0x79, 0x7C, 0x40, 0x86, 0x55, 0x50, 0x3D, 0xE8, 0x98, 0xBD, 0xE1,
    0xC7, 0x54, 0x96, 0xCA, 0xF4, 0x3F, 0x74, 0x7C, 0xE0, 0xE3, 0xF9, 0x05, 0x76, 0xD6, 0xC7, 0xC9,
    0x93, 0xE3, 0xF9, 0x0A, 0xD4, 0xDD, 0x56, 0x80, 0x77, 0x9D, 0xD6, 0x9E, 0x16, 0xA0, 0x4A, 0xC7,
    0x84, 0xFD, 0xF2, 0x44, 0xE7, 0x5D, 0xBA, 0x35, 0xB2, 0xD8, 0xDF, 0x60, 0xE9, 0xEB, 0x94, 0xFC,
    0x5D, 0xC1, 0xD8, 0x87, 0x8A, 0x30, 0xFB, 0x57, 0xCA, 0xAB, 0x07, 0x3D, 0x13, 0xA0, 0xC5, 0xAC,
    0xF9, 0xEC, 0x39, 0x62, 0x16, 0x58, 0xC9, 0x5F, 0xEC, 0xE5, 0xBB, 0x41, 0xB7, 0xBF, 0xD9, 0x9D,
    0xF4, 0x2C, 0x20, 0x7A, 0x78, 0xD0, 0x52, 0x9F, 0xA5, 0xF1, 0xA2, 0x1E, 0x97, 0x37, 0x85, 0x6E,
    0xA7, 0x94, 0xAC, 0x8D, 0x2F, 0x93, 0xBE, 0xA5, 0x2E, 0x28, 0xFA, 0x41, 0x30, 0x0B, 0x89, 0xAC,
    0x18, 0xCF, 0xAF, 0x88, 0xDA, 0x67, 0x15, 0xA8, 0x01, 0xC5, 0x68, 0x90, 0x51, 0x8D, 0x68, 0xD0,
    0x70, 0xD1, 0x58, 0xD9, 0x66, 0xB0, 0x06, 0x64, 0xDA, 0x09, 0x8D, 0xAC, 0x69, 0xA4, 0x25, 0x0D,
    0x67, 0x12, 0x7C, 0x1F, 0x26, 0xFF, 0x8D, 0x2B, 0x24, 0xEE, 0x65, 0x2A, 0xAA, 0x8E, 0x3E, 0xAC,
    0x25, 0xDF, 0x1D, 0x96, 0x6A, 0xCC, 0x66, 0x94, 0xFB, 0x9D, 0xF5, 0xED, 0x45, 0xD2, 0x91, 0xBA,
    0xD7, 0x73, 0xEB, 0xF5, 0xD7, 0xE5, 0x42, 0xFD, 0x6E, 0xAB, 0x06, 0xAE, 0x00, 0xD7, 0xAA, 0x6D,
    0xDC, 0xAB, 0x8C, 0x45, 0x83, 0xA3, 0x7D, 0x18, 0x15, 0x54, 0x73, 0x44, 0x6F, 0x6A, 0xE1, 0xC9,
    0x4D, 0x23, 0x86, 0x34, 0x27, 0x3A, 0x5F, 0x2E, 0xAE, 0x7F, 0xAB, 0x2B, 0x8E, 0x8A, 0x83, 0xEC,
    0x5D, 0x39, 0xAB, 0x0F, 0x1D, 0x96, 0x59, 0x3D, 0x61, 0xEF, 0xB8, 0xAA, 0x6B, 0x81, 0xA1, 0xD3,
    0xFF, 0x58, 0xFE, 0x94, 0x98, 0xBE, 0x5F, 0x07, 0x83, 0x98, 0xAC, 0x86, 0xD2, 0x47, 0x79, 0xC1,
    0x2D, 0x9F, 0xD1, 0xFF, 0xAF, 0x24, 0x32, 0xEB, 0x18, 0x9B, 0x47, 0xB0, 0xE6, 0x50, 0x58, 0x9F,
    0x06, 0x4E, 0x79, 0xCF, 0x02, 0xB3, 0x5F, 0x35, 0x6C, 0x23, 0xAF, 0x15, 0x98, 0x98, 0x6B, 0xBA,
    0x99, 0x51, 0xD1, 0xD2, 0xA3, 0x55, 0x4B, 0xDC, 0xD4, 0xA4, 0xC1, 0xF9, 0x18, 0x0B, 0xD7, 0xBF,
    0xE3, 0xB6, 0x7D, 0x26, 0x4C, 0x67, 0x23, 0xA2, 0x97, 0x44, 0x4F, 0xEB, 0x17, 0xC8, 0x6A, 0x26,
    0x71, 0x81, 0xA9, 0x9A, 0xDE, 0xC6, 0x83, 0x9E, 0x74, 0x64, 0x4C, 0xE9, 0xED, 0x71, 0x47, 0x40,
    0x88, 0x06, 0xC0, 0xD2, 0x37, 0xBD, 0xF1, 0x68, 0xDB, 0x37, 0x25, 0xEE, 0x47, 0x9D, 0x4F, 0x95,
    0x7F, 0x03, 0xD5, 0x97, 0x31, 0x88, 0x1D, 0x45, 0x18, 0xC7, 0xFF, 0xB3, 0x9B, 0xE4, 0x81, 0x5B,
    0x6C, 0x0A, 0x1B, 0x23, 0x66, 0x2A, 0x41, 0x85, 0x30, 0xB5, 0xA0, 0x37, 0xAB, 0xF6, 0x90, 0x22,
    0x97, 0x94, 0xF6, 0x36, 0xD7, 0x8A, 0x90, 0xDD, 0x4D, 0x9D, 0x26, 0x85, 0x5A, 0xA7, 0xB0, 0xD0,
    0xB3, 0xB0, 0xB1, 0xBC, 0x77, 0x6F, 0x83, 0x3D, 0x2E, 0x88, 0x58, 0xBA, 0x48, 0x82, 0x82, 0x85,
    0xAB, 0x2E, 0x64, 0x73, 0xCE, 0x7B, 0x9F, 0xDF, 0x9F, 0xD9, 0x5B, 0xBC, 0xE7, 0xE9, 0x29, 0x04,
    0xF1, 0x06, 0xE6, 0xB7, 0x8F, 0xDD, 0xF9, 0x66, 0xFE, 0xDF, 0x7F, 0xBE, 0x99, 0xE3, 0x00, 0x83,
    0xCB, 0x00, 0xB2, 0xE6, 0x40, 0x99, 0x37, 0x41, 0xB9, 0xA8, 0xDF, 0xC5, 0x29, 0xCD, 0x01, 0x59,
    0x0F, 0x0F, 0xD8, 0x1E, 0x25, 0xE0, 0x3B, 0x2C, 0x01, 0x69, 0x95, 0x89, 0x34, 0x08, 0x58, 0xFC,
    0x44, 0xE6, 0x5F, 0xD6, 0x66, 0x84, 0xB7, 0x75, 0x32, 0x60, 0xE9, 0x8A, 0xB4, 0x37, 0xA3, 0x47,
    0xDA, 0xA7, 0x1D, 0x99, 0x37, 0x25, 0x16, 0x9D, 0xD3, 0x90, 0xAC, 0xBD, 0x8D, 0x03, 0x5D, 0x6F,
    0x64, 0xC8, 0x17, 0xBD, 0xD2, 0xDE, 0x6D, 0x34, 0xD0, 0xBD, 0x5D, 0x68, 0xA0, 0x2B, 0x75, 0x30,
    0x7C, 0x00, 0xD9, 0x6B, 0x08, 0xAA, 0x96, 0x5C, 0xD5, 0x1A, 0x08, 0xA1, 0x50, 0x00, 0xC5, 0x05,
    0xE8, 0x00, 0x3F, 0x21, 0x69, 0xAF, 0x61, 0xAB, 0x99, 0x41, 0xF3, 0xD2, 0x29, 0xF2, 0x19, 0xB6,
    0xD6, 0x59, 0x6C, 0xA1, 0x93, 0x38, 0xCE, 0xE1, 0x23, 0x6C, 0x8D, 0x52, 0xDF, 0xAA, 0x2C, 0x57,
    0x20, 0xC0, 0xC3, 0x10, 0xE9, 0xA8, 0xC8, 0x06, 0x85, 0x53, 0xDC, 0x39, 0xD2, 0x68, 0xF9, 0xAE,
    0x47, 0x26, 0x6F, 0x75, 0xC0, 0x75, 0xB0, 0x45, 0xEF, 0xF2, 0x7A, 0x50, 0xDA, 0x3B, 0x23, 0x7F,
    0xA3, 0xC7, 0x69, 0xAD, 0xDA, 0x14, 0xC0, 0x42, 0xA4, 0x03, 0xDC, 0xD1, 0x5E, 0x80, 0xA6, 0x62,
    0x36, 0x30, 0x6B, 0xA0, 0x42, 0xAA, 0xE1, 0xBE, 0xC8, 0xF8, 0xA9, 0x66, 0x62, 0xB6, 0x71, 0x35,
    0x53, 0xF4, 0x05, 0x48, 0x90, 0x15, 0xF8, 0xBE, 0x04, 0x79, 0x08, 0x8E, 0x24, 0x7D, 0x41, 0x56,
    0x20, 0x57, 0xE0, 0x98, 0x35, 0xE8, 0x87, 0xCA, 0x6F, 0xB8, 0x59, 0xB6, 0x83, 0x6F, 0x91, 0x6D,
    0x6E, 0x4A, 0x8D, 0x44, 0x64, 0xCD, 0x40, 0x69, 0x95, 0xB8, 0x31, 0xCB, 0xE7, 0xCE, 0xC7, 0x8D,
    0xCF, 0xEA, 0xCF, 0xB1, 0xDD, 0x16, 0x1A, 0x89, 0x4A, 0x7A, 0x18, 0xB9, 0x15, 0x68, 0xC9, 0x21,
    0x54, 0xE8, 0xE4, 0x9B, 0x2B, 0x14, 0x1E, 0xC7, 0x28, 0x27, 0x94, 0xC4, 0x92, 0xA0, 0x8D, 0xC9,
    0xA8, 0x32, 0x17, 0xAA, 0xE5, 0xE1, 0x9E, 0x4A, 0x11, 0x29, 0x60, 0x84, 0x4E, 0x99, 0xA7, 0xE3,
    0xCE, 0x07, 0xBB, 0xBB, 0x7B, 0x4D, 0x25, 0xDA, 0x22, 0x9F, 0x92, 0x3B, 0x5B, 0xF9, 0x0F, 0xA7,
    0xE7, 0x5F, 0xC3, 0x15, 0xAA, 0xA0, 0x82, 0x17, 0x11, 0x54, 0xC4, 0x5F, 0xE7, 0xDF, 0xED, 0x35,
    0x58, 0x6C, 0xE7, 0x7F, 0x01, 0x85, 0x72, 0x27, 0xED, 0x94, 0xE5, 0x82, 0x7C, 0x2D, 0x6D, 0x30,
    0xB7, 0xFF, 0xBB, 0x47, 0xAC, 0x20, 0x16, 0xCF, 0x84, 0xAC, 0x98, 0x2B, 0xE8, 0x3F, 0x73, 0x90,
    0xB7, 0x40, 0xD2, 0xBB, 0xE9, 0x16, 0x30, 0xDD, 0x55, 0x6C, 0xB7, 0x3D, 0x79, 0x08, 0x88, 0x6C,
    0x80, 0xCD, 0x87, 0x14, 0x03, 0xDB, 0x52, 0x57, 0xAF, 0xA0, 0x71, 0x48, 0x08, 0x33, 0xFE, 0x01,
    0xCF, 0xEC, 0x7F, 0x3A, 0xC2, 0x8A, 0x8A, 0x76, 0x04, 0xE7, 0x9E, 0x22, 0xA8, 0x9D, 0xC9, 0xD2,
    0x07, 0x82, 0x0E, 0x63, 0xC3, 0x8F, 0x01, 0xEF, 0xED, 0xAE, 0x7A, 0xA6, 0x50, 0xC3, 0x53, 0x1F,
    0x76, 0xA7, 0x0D, 0xE6, 0xF6, 0x72, 0x73, 0xB7, 0xB7, 0xD6, 0xAC, 0x46, 0x30, 0x9D, 0xF4, 0xD1,
    0xAA, 0x01, 0xF2, 0x8E, 0xCB, 0xCC, 0x7D, 0xF7, 0x56, 0x6F, 0x44, 0xFA, 0x44, 0x7B, 0x7C, 0xA7,
    0xF1, 0xC8, 0x5A, 0xAE, 0xCD, 0x55, 0x5F, 0xBD, 0xB4, 0xE1, 0x2A, 0xDC, 0x8C, 0xE9, 0x32, 0x7A,
    0x65, 0xFF, 0x1E, 0x68, 0x74, 0x07, 0xB2, 0xDD, 0xBA, 0x08, 0x19, 0xC7, 0xEC, 0x5C, 0x8D, 0xC0,
    0xFD, 0x26, 0xD7, 0xF4, 0xD8, 0x04, 0xDA, 0xCD, 0x05, 0x3C, 0x73, 0x8B, 0xF7, 0x22, 0x6C, 0xE1,
    0x58, 0x3A, 0xB5, 0x07, 0x03, 0xD7, 0xCC, 0xFB, 0xC1, 0xC8, 0x2C, 0xBF, 0xEA, 0xE9, 0xC6, 0xF7,
    0x2D, 0x29, 0xCC, 0x26, 0x11, 0x3A, 0x60, 0x36, 0x20, 0x03, 0x99, 0x72, 0x20, 0x6B, 0xE7, 0xD8,
    0xA3, 0x9B, 0x1C, 0x02, 0x59, 0x83, 0xEC, 0xC8, 0x67, 0x11, 0xDB, 0x95, 0xFD, 0xFB, 0x4A, 0x2F,
    0xFD, 0xC4, 0x13, 0xCD, 0xD6, 0x94, 0x92, 0xB3, 0x42, 0x62, 0xB1, 0x90, 0x6B, 0x92, 0xEB, 0xF0,
    0x62, 0x07, 0x16, 0xED, 0xA2, 0xA3, 0x35, 0xD4, 0x9C, 0x76, 0xB6, 0x8E, 0x55, 0x40, 0x96, 0xD4,
    0xD6, 0x07, 0xF2, 0xE7, 0x81, 0xDA, 0x7E, 0xED, 0xC9, 0xC7, 0x54, 0x0E, 0x2A, 0x57, 0x16, 0xE4,
    0x86, 0x40, 0x20, 0x68, 0x10, 0x63, 0xC9, 0xAC, 0x23, 0x2D, 0x07, 0xBE, 0xB8, 0x02, 0xF5, 0xAD,
    0x41, 0xF2, 0xF5, 0x7C, 0x6E, 0x3D, 0xC7, 0x4E, 0xBC, 0x96, 0x4C, 0x9E, 0x9F, 0x0B, 0xE7, 0x79,
    0x70, 0x01, 0xFB, 0xC6, 0xC0, 0xA1, 0x6F, 0x92, 0x57, 0xCD, 0x94, 0xDA, 0x39, 0xDA, 0x05, 0xBC,
    0x7C, 0xA9, 0x66, 0x18, 0x07, 0x24, 0x83, 0x07, 0xA5, 0x70, 0x8E, 0x3C, 0xE1, 0x80, 0x97, 0xD2,
    0xFA, 0x5C, 0xEC, 0x05, 0xAE, 0x24, 0x3C, 0xBA, 0x65, 0xDE, 0x82, 0xB9, 0x14, 0x34, 0xF1, 0x75,
    0x06, 0xD7, 0xB4, 0xEC, 0x85, 0xA4, 0x39, 0x47, 0x3B, 0x72, 0xC6, 0x6D, 0x4C, 0x65, 0x48, 0x29,
    0x6B, 0x41, 0x64, 0x6D, 0xCE, 0x64, 0x2C, 0xE1, 0x98, 0x8D, 0x67, 0x7A, 0x0A, 0x57, 0xEC, 0x00,
    0x1E, 0x15, 0xE1, 0x81, 0x1D, 0xF8, 0x1A, 0x87, 0xB0, 0x47, 0x9F, 0xAD, 0x91, 0x89, 0x04, 0x60,
    0x75, 0xA4, 0x88, 0xC2, 0x92, 0x78, 0x41, 0x9F, 0x00, 0xB3, 0xE7, 0x6D, 0x49, 0x57, 0x22, 0x78,
    0x62, 0x79, 0x52, 0xD9, 0xB7, 0xCE, 0x2A, 0xBD, 0x2C, 0x55, 0xC3, 0x52, 0x25, 0x1C, 0x78, 0x20,
    0x78, 0x18, 0xED, 0xC9, 0x58, 0x62, 0x31, 0x94, 0xC8, 0xFB, 0x0A, 0x55, 0xEF, 0x7F, 0x7C, 0xDC,
    0x59, 0xF9, 0xA6, 0x4B, 0x9E, 0xC4, 0x4B, 0x98, 0x9D, 0x62, 0xA9, 0x35, 0x76, 0xCA, 0x16, 0x69,
    0xE1, 0x45, 0x9A, 0x08, 0x7A, 0x8D, 0xDB, 0xC4, 0x72, 0xF6, 0xF2, 0xA4, 0xEC, 0xE4, 0x4C, 0xD9,
    0x14, 0x07, 0x58, 0x82, 0x8B, 0xC0, 0x83, 0xF8, 0x48, 0x51, 0x0D, 0xC4, 0xA9, 0x13, 0x10, 0xF3,
    0x04, 0x17, 0xC1, 0x56, 0x49, 0x8F, 0x95, 0xF6, 0x8D, 0x5E, 0xB9, 0xD4, 0x30, 0x52, 0x06, 0x55,
    0x30, 0x92, 0x9D, 0xC1, 0xDC, 0x1E, 0xE0, 0x4F, 0x09, 0xBE, 0xAF, 0x7D, 0x04, 0xFC, 0xF1, 0xD8,
    0x53, 0xFE, 0x22, 0x4D, 0xED, 0xB2, 0x21, 0x11, 0xF8, 0x6A, 0x7E, 0x0C, 0x79, 0x81, 0xD3, 0x9B,
    0x8B, 0x05, 0xE1, 0xA3, 0xE8, 0x32, 0x2A, 0x5E, 0xC6, 0xC7, 0x41, 0x4C, 0x3B, 0x80, 0x89, 0xC7,
    0x47, 0x34, 0xCE, 0x53, 0x34, 0x1F, 0xE9, 0xD1, 0x0D, 0xF0, 0xD4, 0x8A, 0xD4, 0x58, 0xF2, 0xD1,
    0x23, 0xA8, 0xA8, 0xE7, 0x47, 0x04, 0x9D, 0xCE, 0x04, 0x7D, 0xF0, 0x64, 0x68, 0x10, 0x67, 0x4D,
    0x06, 0x4E, 0xB7, 0x56, 0xE1, 0x56, 0xA7, 0xD3, 0x87, 0x2B, 0x4C, 0x58, 0x74, 0x9C, 0x67, 0xA0,
    0x06, 0xE4, 0xBD, 0x6A, 0xA8, 0xF6, 0xA5, 0xD1, 0xD1, 0x2B, 0x11, 0x06, 0x89, 0x74, 0x0C, 0x3A,
    0x6E, 0xD6, 0xF4, 0x67, 0x5C, 0x97, 0x66, 0x60, 0x4F, 0x7A, 0x1A, 0x1B, 0x6D, 0x8A, 0xA4, 0x55,
    0x69, 0x97, 0xB5, 0x4C, 0x37, 0x7F, 0x50, 0xB0, 0xF0, 0x65, 0xA3, 0x2B, 0xE4, 0xC2, 0xE5, 0xEC,
    0x3D, 0xDB, 0xD9, 0x9A, 0xFF, 0x2C, 0xD9, 0xC2, 0xE9, 0x68, 0x07, 0xAF, 0xF4, 0x70, 0x91, 0x75,
    0xD6, 0x95, 0xC8, 0x5B, 0xD7, 0x2C, 0x59, 0xFC, 0xC5, 0x01, 0x8C, 0x30, 0xC5, 0x69, 0x63, 0x33,
    0xE6, 0x9D, 0xCF, 0x98, 0x2A, 0x85, 0x00, 0x5D, 0x9A, 0x51, 0x9E, 0xA8, 0x43, 0x2B, 0x02, 0x38,
    0xE2, 0xCA, 0xD1, 0x27, 0x54, 0xBB, 0x5D, 0x46, 0x54, 0x7A, 0xB2, 0x18, 0x7F, 0x60, 0x18, 0x63,
    0x1D, 0x81, 0xF1, 0x18, 0x66, 0x8E, 0x5D, 0x75, 0x04, 0x07, 0x3F, 0x17, 0xFD, 0x92, 0x00, 0xA7,
    0xDD, 0xEF, 0x7F, 0x4C, 0x0D, 0xD8, 0xA1, 0x8C, 0x49, 0x45, 0x98, 0x3F, 0x23, 0x61, 0x1D, 0x6E,
    0xD7, 0xD5, 0x23, 0xED, 0x1B, 0x20, 0x5F, 0x4F, 0x47, 0xE8, 0x80, 0x3D, 0xD6, 0xAC, 0xEF, 0xB5,
    0xB7, 0xD3, 0x22, 0x79, 0xAD, 0xC6, 0x52, 0x61, 0xDE, 0x32, 0xD0, 0x15, 0x9C, 0xE2, 0x90, 0x19,
    0x99, 0xC0, 0xE1, 0x9C, 0x10, 0x81, 0x57, 0x2B, 0xCF, 0x37, 0x45, 0x50, 0x01, 0x7C, 0x20, 0x2D,
    0x3F, 0x32, 0x72, 0xBE, 0xC1, 0x56, 0x7C, 0x63, 0x9E, 0xC4, 0x94, 0x46, 0x30, 0xF7, 0x58, 0x81,
    0xD4, 0x50, 0x32, 0x0B, 0x13, 0xC8, 0x94, 0x4E, 0x6B, 0x24, 0x6D, 0x71, 0xFA, 0x23, 0xA0, 0x02,
    0x16, 0x01, 0xB3, 0x33, 0x18, 0x08, 0x43, 0x72, 0x70, 0x74, 0x87, 0x6C, 0x48, 0x4A, 0xDF, 0x61,
    0xE2, 0x1E, 0x0B, 0xCE, 0x64, 0x1B, 0x5E, 0x7E, 0xF4, 0x7C, 0x0D, 0xA4, 0xBF, 0x68, 0x54, 0xF2,
    0x1B, 0x87, 0x4B, 0xC3, 0x10, 0xF0, 0x17, 0xE7, 0x91, 0x02, 0xC8, 0xBF, 0xE5, 0x91, 0xBC, 0xDB,
    0xC4, 0xFF, 0x17, 0x0C, 0x2B, 0x39, 0xED, 0xCD, 0x93, 0x42, 0xB5, 0x48, 0xE3, 0x6B, 0xAC, 0x6A,
    0xAA, 0x66, 0xA6, 0xF6, 0x44, 0x15, 0xE4, 0x6B, 0x82, 0xDA, 0x2E, 0x5E, 0xFF, 0x97, 0xB6, 0xD5,
    0x27, 0x6D, 0xF3, 0x22, 0x23, 0x2F, 0x14, 0x19, 0x80, 0x77, 0xE4, 0xE8, 0xFE, 0x59, 0xB6, 0x1D,
    0x9E, 0x66, 0x5B, 0x03, 0xC7, 0x1F, 0xA0, 0x6D, 0xDD, 0x3F, 0x32, 0x63, 0x57, 0xBE, 0x06, 0x44,
    0xA4, 0x36, 0x8A, 0xE2, 0xEF, 0xCC, 0x18, 0x39, 0x71, 0x80, 0xE7, 0xB5, 0xF0, 0x3B, 0xD5, 0xD6,
    0x01, 0xA4, 0x25, 0xF7, 0xBD, 0x07, 0xF0, 0xCF, 0xCC, 0x64, 0xEF, 0xBC, 0xB7, 0xC3, 0x3B, 0x8B,
    0x15, 0x88, 0xEC, 0x81, 0xE7, 0x89, 0x27, 0xD9, 0x03, 0x45, 0xB0, 0x9B, 0x99, 0x0D, 0x55, 0x80,
    0xA0, 0x1A, 0x55, 0x28, 0x00, 0xB0, 0x41, 0x70, 0xB1, 0x39, 0x67, 0x5A, 0x0A, 0x85, 0x06, 0x00,
    0x10, 0x04, 0x6C, 0x21, 0x08, 0x8A, 0xDD, 0x7B, 0x27, 0x29, 0x4A, 0xA1, 0x43, 0x01, 0xD0, 0x49,
    0xA4, 0x4A, 0x8B, 0x0C, 0x0E, 0x9D, 0x6E, 0xCE, 0xBD, 0xFF, 0x9A, 0xF9, 0xE1, 0xCA, 0x46, 0x01,
    0xB9, 0xF7, 0x2E, 0x67, 0xBE, 0x60, 0xF0, 0xFF, 0x7D, 0xBE, 0x3F, 0x67, 0xFE, 0xA8, 0xE1, 0xB4,
    0x41, 0x6A, 0x28, 0x52, 0x4B, 0xF9, 0x97, 0x96, 0xD5, 0x9F, 0x3A, 0xD6, 0xBF, 0xE9, 0xA8, 0xAB,
    0x8E, 0xED, 0x1C, 0x87, 0xAA, 0x97, 0xEF, 0xCB, 0x5E, 0x31, 0x96, 0x83, 0xAA, 0x2F, 0x06, 0xAB,
    0xAE, 0x18, 0x6D, 0x52, 0x1A, 0xED, 0xE6, 0x38, 0x7F, 0xFC, 0xDB, 0x31, 0x3B, 0xC8, 0xF7, 0xC5,
    0x38, 0xBF, 0x39, 0xC8, 0xA6, 0x55, 0x27, 0x9B, 0x36, 0x2D, 0x87, 0x1A, 0x87, 0x93, 0x39, 0x00,
    0x90, 0x0D, 0x28, 0xF6, 0x28, 0x46, 0x64, 0x3D, 0x40, 0x75, 0x5E, 0x74, 0xEA, 0xF4, 0x87, 0x4E,
    0x7A, 0xF7, 0xEB, 0xAE, 0x98, 0xA4, 0xB6, 0x1A, 0xED, 0x9A, 0x55, 0xA7, 0xB6, 0x6E, 0xD5, 0xEA,
    0x66, 0x0E, 0xB6, 0x6A, 0x9E, 0xDA, 0x72, 0xB0, 0x95, 0xCD, 0x51, 0x4C, 0xB6, 0xAA, 0xBD, 0xDA,
    0x66, 0xAF, 0xFE, 0xEC, 0x7C, 0xB4, 0x4E, 0x5F, 0x8E, 0xCA, 0xF4, 0xF6, 0xC0, 0x2D, 0x00, 0xF7,
    0xE0, 0x2C, 0x02, 0xC7, 0xC0, 0xFA, 0x43, 0x6C, 0x0E, 0xF0, 0x08, 0xEE, 0x21, 0x9F, 0xB0, 0xEA,
    0x71, 0x07, 0x5E, 0x05, 0xAE, 0xCE, 0xEF, 0x06, 0x6C, 0xF6, 0x78, 0xF9, 0xE2, 0xA0, 0x4F, 0xB0,
    0x1A, 0xB1, 0x6E, 0xF0, 0x06, 0xBC, 0x74, 0x89, 0x9C, 0x9B, 0x06, 0x7C, 0x00, 0xAB, 0xCF, 0xF6,
    0x50, 0x7F, 0xD9, 0xC2, 0xD9, 0x1E, 0x8A, 0xFE, 0x11, 0xFC, 0xCF, 0x85, 0x1E, 0xDF, 0x76, 0x0C,
    0xC9, 0xB0, 0x14, 0x9A, 0xC2, 0x53, 0x88, 0x0A, 0x53, 0xA1, 0x2A, 0x5C, 0x85, 0xAC, 0xB0, 0x15,
    0xBA, 0xC2, 0x57, 0x08, 0x0B, 0x63, 0xA1, 0x6C, 0x71, 0x66, 0x91, 0x66, 0xB1, 0x66, 0xD1, 0x66,
    0xF1, 0x66, 0x11, 0x67, 0x31, 0xE7, 0xF9, 0xAD, 0x9D, 0xB1, 0x02, 0xDC, 0xFA, 0xF3, 0x11, 0xBB,
    0x2F, 0x1B, 0xB2, 0x67, 0x23, 0xCA, 0x79, 0xCC, 0xEF, 0x4E, 0x19, 0x0D, 0x44, 0x05, 0x4B, 0x07,
    0x96, 0x12, 0x2C, 0x2D, 0x58, 0x6A, 0x88, 0x1E, 0xA2, 0x88, 0x68, 0x22, 0xAA, 0x88, 0x2E, 0xA2,
    0x8C, 0x68, 0x23, 0xEA, 0x88, 0x3E, 0xA2, 0x90, 0x68, 0x44, 0x54, 0xE2, 0x16, 0xC8, 0x47, 0xD8,
    0xC3, 0xBD, 0x55, 0xC7, 0x7F, 0xD7, 0x43, 0x94, 0x11, 0x55, 0xC4, 0x11, 0x5D, 0xF1, 0x2A, 0x3F,
    0x7F, 0xD0, 0x75, 0xC7, 0x7F, 0xED, 0x06, 0xA1, 0x59, 0x5E, 0x1C, 0xD4, 0xE5, 0xAD, 0x72, 0xF6,
    0x21, 0xE4, 0x07, 0xF0, 0x2A, 0x78, 0x84, 0xD5, 0xE7, 0x03, 0xEA, 0x2F, 0x1A, 0xA1, 0xA8, 0xF8,
    0x0F, 0x55, 0xAB, 0x09, 0xCB, 0xC0, 0x0C, 0xCD, 0xE0, 0x0C, 0xCF, 0x00, 0x0D, 0xD1, 0x20, 0x0D,
    0xD3, 0x40, 0x0D, 0xD5, 0x60, 0x0D, 0xD7, 0x80, 0x0D, 0xD9, 0x85, 0xD6, 0x62, 0x6B, 0xC1, 0xB5,
    0xE8, 0x5A, 0x78, 0x2D, 0xBE, 0x16, 0x60, 0x21, 0x8C, 0xFC, 0x23, 0xE4, 0x4F, 0xE0, 0x75, 0x78,
    0xC4, 0xFA, 0xF7, 0x3D, 0xBB, 0x2F, 0xAE, 0xD2, 0xF9, 0xB6, 0x5B, 0x48, 0xED, 0x48, 0x91, 0x52,
    0x4F, 0xD9, 0xCC, 0x64, 0x19, 0xB0, 0xEA, 0xA0, 0x1E, 0xBC, 0x68, 0xDA, 0xB7, 0xBD, 0x23, 0x4B,
    0xBF, 0x18, 0x14, 0x5F, 0xA7, 0x4E, 0xB5, 0xCC, 0x04, 0xD6, 0x1D, 0xAE, 0x76, 0xB5, 0x8F, 0x5A,
    0x6C, 0x06, 0xEC, 0x46, 0xB2, 0x69, 0xA2, 0xEC, 0xEF, 0x73, 0xC7, 0x1D, 0x00, 0xAE, 0xEB, 0xB5,
    0xE0, 0x66, 0x8B, 0x4D, 0x8F, 0xD3, 0x91, 0x7C, 0x3F, 0x51, 0x75, 0x8F, 0x88, 0xC3, 0xBB, 0xFA,
    0x9B, 0x03, 0xA0, 0x06, 0x07, 0xC8, 0x07, 0x64, 0x47, 0x37, 0x50, 0xB6, 0x2B, 0x14, 0x7F, 0x3D,
    0x41, 0x96, 0x26, 0x78, 0xF8, 0xE1, 0x35, 0x5F, 0x65, 0xE0, 0x2D, 0x98, 0x50, 0xF4, 0x1C, 0x1D,
    0x1D, 0x51, 0xB5, 0x6B, 0x8A, 0xBF, 0x3F, 0x25, 0x4F, 0x7B, 0x3C, 0x6C, 0x2F, 0xBB, 0x00, 0x3C,
    0x01, 0xF7, 0xC1, 0x0A, 0xB2, 0xFC, 0x87, 0x2F, 0xB2, 0xF3, 0x01, 0xEE, 0xC3, 0x0A, 0x47, 0xF9,
    0x75, 0x71, 0x5E, 0x8D, 0xE0, 0xD3, 0x8B, 0x2C, 0x07, 0x64, 0xD5, 0x8B, 0xBA, 0xD5, 0x19, 0xAC,
    0x06, 0xF8, 0x04, 0x46, 0x54, 0x3D, 0x47, 0x37, 0xAF, 0x9A, 0x3C, 0x3E, 0x1E, 0xF1, 0xF5, 0x88,
    0xCF, 0x87, 0xEA, 0xC1, 0x2C, 0x96, 0x81, 0x4C, 0xF6, 0x42, 0x92, 0xC7, 0x58, 0x79, 0x7A, 0xD0,
    0x2B, 0x97, 0x6F, 0x62, 0x96, 0x00, 0x37, 0xDC, 0x10, 0xE4, 0xE5, 0x55, 0x91, 0xE7, 0xCD, 0x11,
    0x8A, 0x6E, 0x41, 0x7D, 0x76, 0x7E, 0x81, 0xBA, 0xB9, 0xEE, 0xA8, 0xCF, 0x7F, 0x2F, 0x15, 0xFB,
    0x25, 0x47, 0xC8, 0xFA, 0x18, 0xEE, 0x26, 0xE5, 0xB2, 0xD2, 0xCF, 0xCE, 0x66, 0xDF, 0x29, 0x7C,
    0xAF, 0xFE, 0x73, 0x39, 0x8F, 0xDE, 0xAB, 0x53, 0xEA, 0x22, 0xB6, 0xF0, 0x14, 0x9E, 0xC0, 0x81,
    0x88, 0x6C, 0x62, 0xC6, 0xA0, 0x38, 0x7F, 0xFC, 0xB1, 0x22, 0xA5, 0x7D, 0xC4, 0x4C, 0x69, 0xB6,
    0x9D, 0x85, 0x44, 0xAC, 0x5B, 0xAC, 0x1B, 0x6C, 0x1A, 0xD4, 0x50, 0x3F, 0x7E, 0xDC, 0xCE, 0xC2,
    0x9D, 0xD3, 0x94, 0x5A, 0x00, 0x78, 0x03, 0x4E, 0x10, 0xF1, 0x26, 0x40, 0x95, 0x5A, 0x75, 0x1A,
    0xA5, 0x77, 0xF7, 0xC5, 0x94, 0x4D, 0xD5, 0x30, 0x5F, 0x57, 0xF2, 0xFD, 0xBA, 0x2D, 0xC7, 0xFA,
    0xC1, 0x69, 0x5F, 0xA7, 0xA4, 0x4E, 0x5F, 0xD9, 0x36, 0x6C, 0xC5, 0x53, 0x33, 0x33, 0x59, 0x0F,
    0xAF, 0x34, 0x55, 0x4A, 0x4D, 0x96, 0xCE, 0xB8, 0x01, 0x38, 0xC6, 0x19, 0x0E, 0x78, 0x1F, 0xAA,
    0xAF, 0xB0, 0x3A, 0x83, 0x0D, 0xDC, 0x45, 0xF6, 0x94, 0x59, 0x92, 0xAA, 0x41, 0x05, 0x57, 0xCA,
    0x74, 0x1B, 0xA7, 0x3D, 0x3F, 0x1B, 0x31, 0x92, 0x8F, 0x6C, 0x3A, 0x3E, 0xC0, 0x31, 0x6E, 0x7D,
    0x0F, 0x58, 0xB7, 0xFD, 0x5C, 0x96, 0xDA, 0x51, 0x91, 0xBE, 0x19, 0x94, 0xBF, 0x4C, 0x9D, 0xCA,
    0x5D, 0xB8, 0x6A, 0x8E, 0xAC, 0xC9, 0x59, 0x4D, 0x2B, 0xEA, 0x74, 0xC2, 0xF1, 0xE6, 0xC0, 0x7B,
    0xF9, 0x00, 0x5C, 0x48, 0x2C, 0x14, 0xB3, 0x85, 0x19, 0xC3, 0xAC, 0x61, 0xE6, 0x30, 0x7B, 0x98,
    0x41, 0xCC, 0x22, 0x0B, 0xC9, 0x62, 0x62, 0x8B, 0x88, 0x5A, 0xB8, 0x04, 0x8C, 0x59, 0xC6, 0x42,
    0x13, 0x36, 0x58, 0xF5, 0xC4, 0x21, 0xCB, 0xF1, 0x09, 0xD6, 0xD3, 0x47, 0xD8, 0x3E, 0x41, 0xB6,
    0xBF, 0x8B, 0xB2, 0x2D, 0xF1, 0x1D, 0xAF, 0xB0, 0x12, 0xB9, 0x85, 0x30, 0x0B, 0x34, 0x07, 0x44,
    0x86, 0x5B, 0xC0, 0x85, 0x5C, 0xA8, 0x45, 0x06, 0x5E, 0xE8, 0x85, 0x5C, 0x64, 0x00, 0x86, 0x60,
    0x10, 0xAA, 0x21, 0x10, 0x43, 0x51, 0x30, 0x02, 0x78, 0x8A, 0x7C, 0xCF, 0xAE, 0xEA, 0x48, 0xBF,
    0xA6, 0xFC, 0x5B, 0xC7, 0xFA, 0xC1, 0xC8, 0x9B, 0x7E, 0x70, 0x89, 0xAC, 0x13, 0xDC, 0x83, 0x55,
    0x39, 0x72, 0xB4, 0x9E, 0x82, 0x34, 0x44, 0x03, 0xF4, 0xCA, 0xB7, 0x0F, 0xB3, 0x53, 0xD1, 0x63,
    0xDC, 0xF1, 0xBF, 0xA9, 0x9D, 0xC1, 0x66, 0xAF, 0xE0, 0xFA, 0x7E, 0xFE, 0xB9, 0x3E, 0x06, 0x09,
    0x54, 0x60, 0x8D, 0x72, 0x9C, 0xB0, 0x9E, 0x9A, 0x17, 0x6F, 0xF7, 0x6E, 0xB6, 0x73, 0x8C, 0xF0,
    0x29, 0xB2, 0x91, 0xDD, 0xAA, 0x25, 0xFD, 0xEA, 0xCA, 0x16, 0x70, 0xCE, 0xDB, 0xEC, 0xFA, 0x63,
    0xBE, 0x49, 0xA3, 0xBC, 0xDF, 0xF5, 0xB0, 0x40, 0xE3, 0x3B, 0xFB, 0xD8, 0x5C, 0x87, 0x7D, 0x7C,
    0x27, 0x6B, 0x94, 0xE7, 0x45, 0x6B, 0x75, 0x9A, 0x78, 0x35, 0x3F, 0x03, 0xD8, 0x41, 0x6A, 0xBF,
    0xCD, 0xF9, 0xFE, 0x65, 0x72, 0xE6, 0x1F, 0xA1, 0xDA, 0x63, 0x73, 0xC0, 0xD3, 0xFB, 0xE4, 0xE3,
    0xFA, 0x79, 0xBA, 0xEB, 0x7A, 0xFD, 0xF8, 0x7F, 0x9C, 0x36, 0xF2, 0xD4, 0xA9, 0xFE, 0x3C, 0xD8,
    0x3C, 0xD8, 0x3B, 0x76, 0xEC, 0xD2, 0xAE, 0x26, 0xDB, 0x96, 0xDD, 0x48, 0x36, 0x62, 0xA4, 0x1C,
    0xA8, 0x5B, 0x1E, 0xC5, 0x0B, 0xB0, 0x59, 0xE0, 0x7A, 0xF9, 0xBF, 0x42, 0xA6, 0x18, 0x29, 0xE2,
    0x55, 0x65, 0x4F, 0xD5, 0xB1, 0x8A, 0xC7, 0xBA, 0x0D, 0x8B, 0xDA, 0xC5, 0xB3, 0x0D, 0x69, 0x87,
    0x78, 0x4C, 0xE4, 0x13, 0xBB, 0xD4, 0x3A, 0x4D, 0x1D, 0x37, 0xD8, 0xEC, 0xBD, 0x7C, 0xE0, 0x1E,
    0x4F, 0x54, 0xE3, 0x4C, 0x7A, 0x87, 0x97, 0xC0, 0x07, 0x3C, 0xE5, 0xC0, 0x81, 0x49, 0x36, 0xC5,
    0x75, 0x79, 0xFE, 0x95, 0x83, 0xB2, 0x57, 0xF5, 0x56, 0xDD, 0xFC, 0x5B, 0xB7, 0x36, 0x8D, 0x0D,
    0xF5, 0x25, 0x9C, 0x19, 0x50, 0xB6, 0xAC, 0x7A, 0x56, 0x1D, 0x65, 0x83, 0xAC, 0x5D, 0x4E, 0x36,
    0x2A, 0x7A, 0x40, 0x6C, 0xC8, 0xA6, 0x51, 0x53, 0xF3, 0x16, 0xDB, 0x8B, 0x89, 0xB2, 0x49, 0xB6,
    0xFF, 0xD6, 0x44, 0x55, 0xAF, 0x5A, 0xC6, 0x01, 0xEE, 0x88, 0xDB, 0xB8, 0x37, 0x00, 0xD8, 0x9D,
    0x37, 0x94, 0x29, 0x0D, 0x6C, 0x9E, 0x3D, 0x3C, 0x70, 0xDA, 0x66, 0xE7, 0xB2, 0x33, 0x76, 0x8A,
    0x3D, 0x75, 0x53, 0x0D, 0x6C, 0xDA, 0x65, 0xB6, 0x6E, 0xD3, 0xB2, 0xEA, 0xEA, 0x66, 0x49, 0x73,
    0xEE, 0xB0, 0xEE, 0xB6, 0x4B, 0x9E, 0x60, 0xD3, 0xCE, 0x59, 0x37, 0x73, 0xEE, 0xCC, 0x79, 0x6A,
    0x87, 0x33, 0x35, 0xC5, 0x41, 0xDD, 0x2D, 0x9D, 0x0C, 0xEA, 0x5E, 0x75, 0xFE, 0x93, 0xD4, 0xCA,
    0x53, 0x3A, 0x0B, 0x64, 0xF8, 0x31, 0x00, 0x79, 0x0F, 0xD5, 0x70, 0x91, 0x45, 0x0B, 0xA0, 0x4C,
    0xED, 0x2C, 0x38, 0xCA, 0xD2, 0xBB, 0x07, 0xC5, 0xE4, 0x44, 0x35, 0xA8, 0xAD, 0x3A, 0x75, 0x00,
    0xD5, 0x44, 0xD8, 0x46, 0xD8, 0x86, 0xD6, 0x96, 0x83, 0x5A, 0x3E, 0xA9, 0x9B, 0x72, 0xB4, 0xFE,
    0xEA, 0x61, 0x2F, 0xFE, 0x08, 0xD2, 0x84, 0x0C, 0xC0, 0x5D, 0xD8, 0x45, 0xE0, 0x75, 0xE0, 0xA4,
    0x81, 0x38, 0x6D, 0x3E, 0x2E, 0x39, 0xC0, 0x2B, 0x3D, 0x9C, 0x36, 0xF0, 0x29, 0xF8, 0xE4, 0xBA,
    0x33, 0xDF, 0x80, 0x7A, 0xC0, 0xFF, 0xED, 0xE1, 0x77, 0xC8, 0xF6, 0x58, 0x0F, 0x78, 0x0B, 0xEE,
    0xC1, 0xED, 0x4B, 0x54, 0x3F, 0x84, 0x2B, 0xB6, 0x55, 0x47, 0x96, 0x7E, 0x8A, 0xF2, 0x1F, 0x1D,
    0xD6, 0x6F, 0x0F, 0x38, 0xF6, 0x1E, 0x78, 0x21, 0x76, 0x98, 0x2D, 0xB2, 0x89, 0xFA, 0x47, 0x3D,
    0xE9, 0x8F, 0x14, 0xFF, 0xEC, 0x59, 0xB5, 0x23, 0xAF, 0x79, 0x0D, 0x2E, 0x07, 0xF7, 0xDF, 0xD5,
    0x98, 0x01, 0xA4, 0x25, 0x55, 0x1C, 0x87, 0xBF, 0x99, 0xD9, 0xB7, 0xB7, 0xDE, 0xB0, 0x03, 0x2B,
    0xB5, 0xF1, 0x06, 0x2A, 0x5B, 0x76, 0x1B, 0x08, 0xE1, 0xD5, 0x19, 0x2D, 0x0A, 0xE8, 0x21, 0x85,
    0x40, 0x80, 0x05, 0x2F, 0x84, 0x87, 0xDC, 0x7B, 0x12, 0x02, 0x58, 0x00, 0x82, 0xB0, 0x00, 0x58,
    0x3C, 0x3C, 0xBC, 0xF7, 0xDE, 0x6C, 0x00, 0xC1, 0x10, 0x02, 0x18, 0x15, 0xB0, 0xD8, 0x49, 0x93,
    0x9D, 0xD6, 0xCC, 0x3D, 0xF9, 0x39, 0x47, 0xC7, 0x23, 0x08, 0xF6, 0xEE, 0x3D, 0x9E, 0x6F, 0xF0,
    0xDC, 0x3B, 0xFF, 0xF9, 0xBE, 0x3B, 0x73, 0x8F, 0x4B, 0x61, 0x01, 0xB2, 0x46, 0x4C, 0xBA, 0x25,
    0xC0, 0x17, 0xAE, 0x06, 0x16, 0x8F, 0x1A, 0xA0, 0xFC, 0xA0, 0x03, 0x8E, 0xF8, 0x92, 0xCB, 0x6B,
    0xB5, 0xAE, 0x61, 0xE1, 0x5C, 0x07, 0xD5, 0xD3, 0xC3, 0x09, 0x2E, 0x6C, 0xB2, 0x26, 0x99, 0x61,
    0x45, 0x36, 0x80, 0xA9, 0x73, 0xFD, 0xCB, 0x16, 0x0D, 0x94, 0x4D, 0x65, 0xA1, 0x68, 0x4C, 0x8D,
    0x88, 0xB8, 0x02, 0xCA, 0x66, 0x89, 0x78, 0x0E, 0x54, 0x56, 0x34, 0xB5, 0xB8, 0x42, 0xBC, 0x60,
    0x05, 0xCC, 0x18, 0xC8, 0x26, 0x4C, 0x43, 0xDE, 0x53, 0x76, 0x98, 0x96, 0x7C, 0xFD, 0xA9, 0xB3,
    0xA4, 0xCE, 0xCD, 0x40, 0xE5, 0x5A, 0x80, 0x4F, 0x08, 0x6B, 0xD1, 0x00, 0x69, 0x07, 0x70, 0xAC,
    0x13, 0xBE, 0xE6, 0x1A, 0xC8, 0x9E, 0xB4, 0x50, 0xD8, 0x1E, 0x6E, 0x72, 0x93, 0xB8, 0x58, 0x38,
    0x0B, 0x2B, 0xD7, 0x93, 0xB8, 0xCF, 0x26, 0xB2, 0x91, 0x73, 0xF2, 0x0E, 0x43, 0xD1, 0x60, 0xA8,
    0x6A, 0x0C, 0x06, 0x02, 0x96, 0x01, 0x4B, 0xE1, 0x4C, 0x98, 0x30, 0xA4, 0x23, 0xA6, 0x5E, 0xF4,
    0x94, 0xBF, 0x1F, 0xB6, 0xE4, 0xCE, 0xD5, 0x24, 0x6E, 0x04, 0x12, 0x00, 0x60, 0xB7, 0x16, 0x8B,
    0x5E, 0x44, 0x24, 0xE9, 0x80, 0x65, 0x51, 0x43, 0xE2, 0x3E, 0xDA, 0x56, 0xD1, 0x57, 0xEF, 0x01,
    0xBB, 0x03, 0x68, 0x66, 0x48, 0x7A, 0x30, 0x1F, 0x5A, 0x70, 0x0F, 0x37, 0x69, 0xBB, 0x4E, 0x24,
    0x6B, 0x5E, 0x58, 0x28, 0x2F, 0x1C, 0x70, 0x6B, 0x31, 0x01, 0x61, 0x2D, 0x85, 0xE4, 0x3F, 0x3E,
    0xDC, 0x0F, 0xB6, 0xC2, 0xF9, 0x01, 0x35, 0xD9, 0xFA, 0x4E, 0x43, 0xF1, 0xD8, 0xD5, 0x5C, 0x4B,
    0xD7, 0x84, 0xA5, 0x53, 0xE3, 0x3F, 0xE6, 0xDD, 0x86, 0xC4, 0xBF, 0x29, 0xE0, 0x84, 0x54, 0xE7,
    0x22, 0xFF, 0xA5, 0x05, 0x4C, 0xDA, 0x03, 0x27, 0x1C, 0x6F, 0x85, 0x60, 0x00, 0xD2, 0x56, 0xCC,
    0xBB, 0xC8, 0xCC, 0x8A, 0xDC, 0x10, 0x56, 0x16, 0x12, 0xBD, 0x66, 0xF1, 0x5B, 0x0F, 0xA5, 0x1D,
    0xE1, 0x3D, 0xF6, 0x9F, 0xA9, 0x6A, 0xE0, 0x6D, 0x61, 0x15, 0x00, 0xB7, 0xC2, 0xE4, 0x3F, 0x88,
    0x14, 0x1D, 0x20, 0x25, 0xF1, 0x33, 0x0F, 0x63, 0xBC, 0x36, 0x00, 0x92, 0x03, 0xC2, 0x05, 0xAA,
    0x45, 0xD1, 0xA2, 0x18, 0x65, 0x83, 0x6A, 0x18, 0x94, 0xC3, 0x4D, 0xBE, 0x47, 0x17, 0x82, 0xE0,
    0x8B, 0xE0, 0x93, 0xE0, 0x9B, 0xE0, 0xA3, 0xE0, 0xAB, 0xE0, 0xB3, 0xE0, 0xBB, 0xE0, 0xC3, 0xE0,
    0xCB, 0xE0, 0xD3, 0x84, 0x36, 0x21, 0x4E, 0xA8, 0x13, 0xF2, 0x84, 0x3E, 0x21, 0x50, 0x28, 0x14,
    0x12, 0xC5, 0x46, 0xDC, 0x15, 0x92, 0x49, 0xCC, 0x7A, 0xFC, 0x89, 0x81, 0x4A, 0xE0, 0x88, 0x5D,
    0x0B, 0x3A, 0xBD, 0x77, 0xA0, 0x1C, 0x06, 0xF5, 0x98, 0x15, 0xC4, 0x0D, 0x2A, 0x72, 0x51, 0xFB,
    0x24, 0x61, 0x72, 0x45, 0xE1, 0xD2, 0xDF, 0x32, 0x30, 0xFC, 0x9D, 0x89, 0x4C, 0xF8, 0x36, 0x3E,
    0x8E, 0xAF, 0xE3, 0xF3, 0xA8, 0x0F, 0x31, 0xD0, 0x8D, 0x9A, 0x38, 0x16, 0x79, 0x4B, 0x1C, 0x15,
    0x06, 0xC2, 0x9C, 0xDB, 0x1E, 0x22, 0xBD, 0x17, 0x2F, 0x2B, 0x19, 0x45, 0x4E, 0x05, 0xDE, 0x17,
    0xC8, 0x37, 0x1F, 0x02, 0xCE, 0x6B, 0x91, 0x30, 0x77, 0xDA, 0xFB, 0x43, 0x27, 0xF2, 0x6A, 0x2B,
    0x6A, 0x04, 0x80, 0x63, 0x01, 0x1E, 0x6C, 0x6F, 0x0F, 0x76, 0x04, 0x4C, 0x27, 0xBE, 0x31, 0x88,
    0x9C, 0x08, 0xC9, 0x00, 0x7A, 0x8B, 0xD8, 0x66, 0x5F, 0x6D, 0xB8, 0xBE, 0xD1, 0x36, 0x3B, 0xBC,
    0xE0, 0xC7, 0xDD, 0x07, 0x70, 0xEB, 0x11, 0x48, 0xBA, 0x8B, 0x5E, 0x87, 0x26, 0xB7, 0xDB, 0x7D,
    0x77, 0x68, 0xF0, 0x54, 0xA7, 0x9C, 0xF3, 0x5A, 0xFF, 0x79, 0x2C, 0xE9, 0xE5, 0x0C, 0xBC, 0x93,
    0xDC, 0xDF, 0xFC, 0x7D, 0xB1, 0xCD, 0x62, 0xC3, 0x92, 0xD7, 0x60, 0x31, 0x1E, 0x72, 0xC2, 0xE2,
    0xB9, 0x70, 0x0C, 0xFB, 0x02, 0x73, 0x24, 0x47, 0x02, 0x13, 0x14, 0x56, 0x2C, 0x6D, 0x32, 0xEA,
    0xDC, 0xE9, 0x00, 0x15, 0x59, 0x0F, 0x26, 0x70, 0xD1, 0xC1, 0x52, 0xE4, 0x8C, 0xBC, 0x85, 0x49,
    0x73, 0x06, 0x8E, 0x94, 0x96, 0x64, 0xD4, 0xCC, 0xE9, 0x40, 0x85, 0x5E, 0x62, 0x02, 0xF5, 0x92,
    0x25, 0xE4, 0xAD, 0x58, 0xA8, 0x85, 0x34, 0x18, 0x94, 0xC0, 0x58, 0x1C, 0x94, 0x7F, 0x7D, 0x3E,
    0xA1, 0x99, 0x7B, 0x48, 0x34, 0x39, 0x24, 0x42, 0x34, 0x4B, 0x54, 0x87, 0x64, 0x86, 0xA7, 0x48,
    0xDE, 0x64, 0x3D, 0xC5, 0xBF, 0x28, 0xED, 0xA2, 0xA3, 0xAC, 0xF3, 0x96, 0xCA, 0x3B, 0x14, 0x34,
    0xD9, 0x92, 0xB2, 0xE6, 0x4C, 0xD3, 0x4D, 0x18, 0x12, 0x21, 0x1B, 0x31, 0xE4, 0x03, 0x86, 0x6A,
    0xC0, 0x7C, 0xF3, 0xB4, 0xA7, 0x74, 0xBF, 0xF6, 0xE4, 0xEE, 0x4E, 0x07, 0x07, 0x00, 0xD1, 0xCE,
    0x1C, 0x0C, 0xC1, 0x57, 0x02, 0xE9, 0xDF, 0x62, 0xA6, 0x41, 0x21, 0x6F, 0x22, 0x0F, 0x6B, 0x20,
    0x9D, 0x11, 0x5B, 0xC4, 0x46, 0x7C, 0x9E, 0x0D, 0xEF, 0x00, 0x52, 0x00, 0x2F, 0x4D, 0x00, 0xFB,
    0xC2, 0x29, 0x90, 0xF7, 0x20, 0x6D, 0xB0, 0x07, 0x70, 0x05, 0x78, 0x06, 0xD6, 0xFF, 0xD7, 0xA6,
    0x31, 0x7E, 0xF3, 0x4F, 0x48, 0xEF, 0xB7, 0x03, 0xF2, 0xFB, 0x5D, 0x9F, 0x48, 0xF0, 0xC7, 0x4D,
    0x2A, 0xC3, 0xAE, 0x96, 0x5C, 0x33, 0x7A, 0xC7, 0x75, 0x90, 0x1C, 0x2C, 0x07, 0xCD, 0xC1, 0x73,
    0x38, 0x04, 0xD3, 0x41, 0x75, 0x70, 0x1D, 0x64, 0x07, 0xDB, 0x41, 0x77, 0xF0, 0x1D, 0x84, 0x07,
    0xE3, 0x41, 0x79, 0x70, 0x1E, 0xA4, 0x7B, 0xEB, 0xF1, 0x31, 0x07, 0x6F, 0x09, 0xAC, 0x85, 0x74,
    0x04, 0xFF, 0xB6, 0x50, 0x58, 0xF1, 0x36, 0xDC, 0x8D, 0xF7, 0x28, 0x93, 0xAC, 0xFF, 0x38, 0xC8,
    0xF8, 0x4F, 0x9D, 0xE8, 0xAC, 0xC4, 0x8F, 0xC8, 0x7C, 0x8D, 0xD4, 0xE3, 0xB5, 0x07, 0xCA, 0x3E,
    0x5E, 0xBF, 0xF7, 0xEF, 0x03, 0xF8, 0x02, 0x3E, 0x81, 0x6F, 0xE0, 0x23, 0xF8, 0x0A, 0x21, 0x03,
    0x07, 0x71, 0xD3, 0x48, 0x7C, 0x92, 0xF9, 0x43, 0xD6, 0x5D, 0xDE, 0x34, 0x6E, 0x7D, 0x88, 0xE4,
    0x7E, 0xDC, 0xBC, 0x73, 0x26, 0x60, 0x04, 0x8A, 0x5A, 0x5C, 0xD8, 0x8D, 0x87, 0x08, 0x8F, 0x1B,
    0x32, 0x67, 0x43, 0x89, 0x78, 0x08, 0x8F, 0x1C, 0x92, 0x39, 0xDE, 0x18, 0x90, 0x36, 0xDB, 0xDB,
    0x83, 0x1D, 0x41, 0x46, 0x80, 0x57, 0x26, 0x91, 0xFD, 0xB8, 0x97, 0xCF, 0x87, 0xD8, 0x66, 0x0F,
    0xB5, 0xB9, 0xB2, 0xD1, 0x36, 0x3B, 0xBC, 0x0C, 0xB0, 0xEA, 0xC2, 0xA6, 0x71, 0x00, 0x52, 0x6D,
    0x1A, 0x55, 0x61, 0xD7, 0x6E, 0xFD, 0x63, 0xEA, 0x20, 0xB1, 0xB0, 0x58, 0x67, 0x0D, 0x14, 0xEE,
    0xB1, 0x85, 0xBD, 0xDC, 0x01, 0xB7, 0x38, 0xD9, 0xFC, 0x7D, 0xB1, 0xCD, 0x62, 0x2F, 0x6F, 0x1A,
    0xAB, 0x26, 0x7E, 0xD7, 0xC1, 0x35, 0xC2, 0xE2, 0xF9, 0x70, 0xCC, 0x6D, 0x81, 0xF3, 0x48, 0xDE,
    0x8D, 0x3F, 0x24, 0x17, 0x0D, 0x5E, 0x09, 0x69, 0x0F, 0x30, 0x0A, 0xFB, 0xC4, 0xC5, 0xA9, 0x46,
    0x39, 0x03, 0xC3, 0x12, 0xE6, 0xB0, 0x15, 0x90, 0xCC, 0x4A, 0xDB, 0xFC, 0xD2, 0x96, 0xDA, 0xC2,
    0x6B, 0xEA, 0x66, 0x86, 0xFC, 0xE1, 0x08, 0x8B, 0x9F, 0x7B, 0xC8, 0x1E, 0xB5, 0x90, 0x3A, 0x2B,
    0x77, 0x97, 0x76, 0x61, 0x6A, 0xA3, 0x32, 0x3E, 0x48, 0x40, 0x17, 0xA6, 0x90, 0x07, 0x34, 0x54,
    0xDC, 0x74, 0xE7, 0x1D, 0xF1, 0x77, 0x81, 0x41, 0xE4, 0xEB, 0x78, 0x5D, 0x71, 0xA1, 0x41, 0x1A,
    0x0A, 0x4B, 0x55, 0x47, 0x91, 0xB3, 0x28, 0x6D, 0xDA, 0xF6, 0xC0, 0xA2, 0x5D, 0x74, 0x3A, 0x93,
    0xCE, 0x90, 0x75, 0xA5, 0xD5, 0x1B, 0x1B, 0xC4, 0x25, 0x52, 0x30, 0x89, 0x7F, 0x0C, 0x40, 0xF2,
    0x67, 0x2F, 0x3E, 0x69, 0x01, 0x5C, 0x83, 0x58, 0x8B, 0x6B, 0x81, 0x89, 0x70, 0x29, 0x7A, 0x6D,
    0x1C, 0xB3, 0x6C, 0x80, 0xD7, 0x2F, 0x00, 0xCC, 0x8C, 0xD8, 0x6D, 0xD2, 0x61, 0x5C, 0x85, 0x60,
    0x6A, 0x02, 0xF6, 0x36, 0x6C, 0xEC, 0x08, 0x19, 0x9B, 0x91, 0xB1, 0x09, 0x19, 0x3B, 0x8E, 0xC6,
    0xE2, 0xD7, 0xA6, 0x36, 0xE9, 0x68, 0x40, 0xC8, 0x85, 0x43, 0xC2, 0x76, 0x2B, 0x6B, 0x85, 0x06,
    0xD8, 0xB0, 0xDE, 0xEB, 0xC4, 0xAB, 0xFD, 0xBE, 0x13, 0x53, 0x91, 0x4C, 0x64, 0x65, 0xC5, 0x13,
    0x81, 0x5E, 0xE0, 0x60, 0x1B, 0x3E, 0xAE, 0xEC, 0xF0, 0x22, 0x98, 0xFE, 0x36, 0x5C, 0xAC, 0x4F,
    0xA1, 0x5F, 0x0D, 0x24, 0xED, 0x55, 0x0B, 0xB0, 0x71, 0xE5, 0x49, 0xBD, 0x03, 0x54, 0xC3, 0x35,
    0x60, 0xE5, 0xCE, 0x80, 0xE3, 0x6A, 0x04, 0xBA, 0xAB, 0xF7, 0xB6, 0xE6, 0x79, 0xF0, 0x0F, 0xC5,
    0x98, 0x01, 0xA4, 0x65, 0x49, 0x7A, 0xC7, 0x7F, 0x75, 0xEA, 0xBD, 0x39, 0x93, 0x39, 0xD2, 0xA7,
    0xD1, 0x1D, 0xD9, 0x19, 0xDB, 0x67, 0x01, 0x76, 0x33, 0xDB, 0x27, 0x08, 0x16, 0xF7, 0xDE, 0xAA,
    0x99, 0x01, 0x80, 0x8B, 0xBE, 0x19, 0x32, 0x58, 0x08, 0x26, 0x81, 0x09, 0x1A, 0x23, 0xDE, 0x7B,
    0xB7, 0x26, 0x41, 0x10, 0x68, 0x64, 0x84, 0x80, 0xC6, 0x20, 0xE9, 0x45, 0x37, 0x1A, 0x2F, 0x72,
    0x5F, 0xDF, 0x9A, 0x59, 0x2C, 0xC0, 0x21, 0x36, 0x21, 0x81, 0x8A, 0xC9, 0x40, 0x16, 0xA9, 0x64,
    0x4E, 0x92, 0x93, 0xCD, 0x79, 0xB7, 0x52, 0x75, 0xCE, 0x79, 0xEF, 0xDD, 0x79, 0x66, 0xA7, 0xA7,
    0x77, 0x44, 0xBE, 0x3A, 0xDF, 0xBF, 0x4E, 0xD5, 0xF7, 0x7D, 0x5F, 0x7D, 0xF5, 0x79, 0xB7, 0xBE,
    0x53, 0x0F, 0x0B, 0x1E, 0x66, 0x6C, 0x03, 0x4F, 0x66, 0x3C, 0x7C, 0xC2, 0x43, 0xCB, 0x43, 0x7E,
    0xF9, 0x67, 0x09, 0x58, 0xA4, 0xA1, 0x04, 0x15, 0xCC, 0x0D, 0x69, 0xE4, 0x1F, 0x19, 0x3E, 0x31,
    0x64, 0xDF, 0xE0, 0x11, 0xFA, 0x70, 0xA5, 0xEB, 0x60, 0x55, 0xB0, 0xB7, 0x57, 0x5F, 0x78, 0x07,
    0xA0, 0x0E, 0x21, 0x68, 0x15, 0x81, 0xDB, 0xAB, 0xD5, 0x8A, 0xC3, 0xD5, 0xEA, 0x5E, 0x9C, 0xEA,
    0x54, 0xE4, 0x38, 0xB1, 0x8C, 0xE3, 0x48, 0x69, 0x2E, 0x51, 0x9A, 0x4F, 0x94, 0x64, 0x89, 0x9E,
    0x2F, 0x5F, 0xA2, 0xDB, 0xCC, 0xFD, 0x5F, 0x3F, 0x8C, 0x54, 0x86, 0xD0, 0x57, 0x91, 0x99, 0xE8,
    0x7B, 0x8F, 0x1E, 0x3D, 0x8C, 0x01, 0xF9, 0xB4, 0x11, 0x9E, 0x0A, 0x2F, 0x5D, 0x61, 0x4B, 0xAB,
    0xF4, 0x9A, 0x1D, 0xF7, 0xC8, 0x5A, 0xE9, 0x0B, 0x57, 0xDA, 0xCA, 0x28, 0xE6, 0x6C, 0x58, 0x22,
    0x7A, 0xD9, 0xC5, 0xB9, 0x26, 0xCE, 0xE9, 0x05, 0x47, 0xDC, 0x64, 0x81, 0x9A, 0x5A, 0x4D, 0x45,
    0xC9, 0x21, 0x3C, 0x2D, 0xB4, 0xF0, 0x15, 0xD2, 0x29, 0x0A, 0x7B, 0x46, 0x69, 0x7B, 0xD4, 0x9B,
    0x1D, 0x6B, 0xE9, 0xD9, 0x15, 0x8E, 0x7B, 0x87, 0x3A, 0x7A, 0xAE, 0x8D, 0xF4, 0x4A, 0x17, 0x6E,
    0x1D, 0xE5, 0xE7, 0x54, 0xA6, 0x43, 0x65, 0x9E, 0xB9, 0x74, 0x6C, 0x72, 0xCB, 0xF2, 0x10, 0x44,
    0x5F, 0x59, 0xD9, 0x0D, 0x7A, 0x14, 0xCD, 0xB3, 0xC1, 0x4F, 0xF5, 0x46, 0xCB, 0x42, 0x7A, 0x8E,
    0xA4, 0xE5, 0xA6, 0x80, 0x93, 0xBC, 0x39, 0x29, 0x1A, 0x95, 0xBB, 0xF4, 0x48, 0x57, 0x4B, 0x57,
    0x65, 0xAE, 0x14, 0xFE, 0x30, 0xC5, 0xBA, 0x84, 0xC2, 0x45, 0x6E, 0xA0, 0xB4, 0x91, 0x4D, 0x64,
    0x1D, 0x19, 0xD4, 0xE3, 0xC7, 0x56, 0x85, 0x60, 0xFE, 0xF0, 0xE4, 0x47, 0x9A, 0x19, 0x0C, 0xFC,
    0x3E, 0x70, 0x0A, 0xB4, 0x80, 0x07, 0x11, 0x39, 0x8B, 0x2C, 0xDD, 0xC8, 0x79, 0x73, 0xE5, 0xAA,
    0x8A, 0x5C, 0x47, 0x56, 0x06, 0xE0, 0x36, 0xB0, 0x06, 0xCE, 0x80, 0xCD, 0xA5, 0x93, 0xEC, 0xCF,
    0xFE, 0xE3, 0x5D, 0x19, 0x53, 0x9D, 0x87, 0xD0, 0x91, 0x35, 0x20, 0x9B, 0x7D, 0x27, 0x23, 0x4F,
    0xF1, 0xDC, 0xBE, 0x73, 0xA8, 0xB7, 0x31, 0x9E, 0xC8, 0x5A, 0xCF, 0x04, 0xCC, 0x26, 0x57, 0x3D,
    0x88, 0xC8, 0x59, 0x07, 0x42, 0xD7, 0xED, 0xBA, 0xDF, 0x9E, 0x87, 0xDD, 0x76, 0xB7, 0x3D, 0x57,
    0x7D, 0xE1, 0x00, 0xA9, 0xC9, 0x1D, 0x45, 0x4F, 0x19, 0x74, 0x19, 0x5C, 0x19, 0xDA, 0x2A, 0xE8,
    0xDA, 0x31, 0x67, 0xA4, 0x4A, 0x2B, 0xBB, 0xB6, 0x4A, 0x1F, 0x4C, 0xA3, 0xD2, 0x28, 0x5B, 0xA7,
    0x99, 0x38, 0xA7, 0xCC, 0x01, 0x87, 0x97, 0x7A, 0x85, 0xCD, 0x5D, 0x94, 0x35, 0xA5, 0x5F, 0x0F,
    0xA8, 0x74, 0x6D, 0xCB, 0x26, 0x69, 0x08, 0x0D, 0x35, 0x6B, 0xBD, 0xD5, 0x5B, 0x6E, 0x01, 0xC3,
    0x8F, 0x19, 0x1E, 0x7E, 0xE3, 0x67, 0x09, 0x80, 0x0A, 0x06, 0x69, 0xC8, 0xBE, 0xF1, 0x23, 0x74,
    0xF8, 0x02, 0x65, 0xE6, 0xEB, 0xB5, 0x64, 0xF7, 0xD9, 0xAA, 0x21, 0x35, 0xC7, 0x8B, 0xD9, 0xAD,
    0xDE, 0x21, 0x1F, 0x5A, 0xF1, 0x22, 0x76, 0x5C, 0xD2, 0xBA, 0x21, 0x73, 0x40, 0x16, 0x3C, 0x85,
    0x05, 0x72, 0xD7, 0x51, 0x69, 0xA0, 0x34, 0x1B, 0x16, 0x00, 0x15, 0x9B, 0xD8, 0x80, 0xBB, 0x6C,
    0x84, 0x07, 0x98, 0x73, 0x2A, 0x9B, 0xF1, 0xA5, 0x2B, 0x0D, 0xC0, 0x11, 0x6D, 0xCD, 0xF0, 0x22,
    0xFC, 0xD1, 0xAB, 0x9A, 0xDF, 0xE3, 0x48, 0xBA, 0x36, 0x78, 0x19, 0xEC, 0x3C, 0xFF, 0xF1, 0xA7,
    0x3F, 0xEF, 0xCA, 0x9F, 0x39, 0xF5, 0xDE, 0x9F, 0xFE, 0xA4, 0xD9, 0xD4, 0x99, 0xAF, 0x76, 0x55,
    0x69, 0x8E, 0x16, 0xC2, 0xBF, 0xF4, 0xCF, 0xF3, 0x8A, 0xA3, 0x68, 0x02, 0x5D, 0xCD, 0x51, 0xF2,
    0x9E, 0xF9, 0x05, 0x9B, 0x2E, 0xF3, 0xE4, 0x36, 0xAE, 0xD2, 0x4A, 0x47, 0xA9, 0xE7, 0xB4, 0xAD,
    0x6C, 0x58, 0x30, 0x17, 0xDE, 0xE7, 0x96, 0x0D, 0xF3, 0xE8, 0xBC, 0x34, 0x51, 0x5D, 0x15, 0x36,
    0x5A, 0x46, 0x61, 0x15, 0xF4, 0xF6, 0x9C, 0xD2, 0x50, 0x9C, 0x53, 0xB7, 0x00, 0x2C, 0x11, 0x8C,
    0x74, 0x7D, 0xB3, 0xFB, 0xFB, 0xDD, 0xDF, 0xF2, 0xFE, 0xAE, 0xF7, 0x37, 0xBE, 0xBF, 0xF7, 0xFD,
    0xED, 0xEF, 0x67, 0x60, 0x3F, 0x09, 0xFB, 0x79, 0x10, 0x1F, 0x5D, 0xA5, 0xA2, 0x0C, 0x5C, 0x65,
    0xE3, 0xB1, 0xBE, 0x4C, 0xC8, 0xA6, 0xB4, 0x63, 0x4E, 0xE2, 0x06, 0xDB, 0xC2, 0x5E, 0xA4, 0xE5,
    0xDF, 0xD3, 0x66, 0xA7, 0xCC, 0x7C, 0xEE, 0x0A, 0x7B, 0x91, 0x9C, 0xCF, 0x9B, 0xC2, 0x5C, 0xE4,
    0xE7, 0xD3, 0xA6, 0xD4, 0x17, 0x29, 0xFA, 0x7B, 0x5B, 0x72, 0x91, 0xA5, 0x9F, 0xD8, 0x9A, 0x8B,
    0x44, 0xFD, 0x49, 0x54, 0xBD, 0xC8, 0x95, 0x74, 0x9B, 0xCB, 0x74, 0x65, 0xA1, 0xBD, 0xCA, 0x58,
    0x68, 0xAE, 0x92, 0x76, 0x00, 0x9C, 0xD1, 0x67, 0xE3, 0x69, 0xAC, 0xEF, 0x32, 0xE3, 0x3E, 0x9C,
    0x95, 0x96, 0xBE, 0xD6, 0x99, 0x57, 0x24, 0x2F, 0xD1, 0x1B, 0xE5, 0x1B, 0x9E, 0xBB, 0xD2, 0x32,
    0xCB, 0x0D, 0xF7, 0x5F, 0x21, 0xE9, 0x7C, 0xDC, 0x45, 0xA5, 0xB7, 0x7C, 0xD4, 0xCA, 0x9B, 0xA8,
    0x56, 0xDA, 0xA8, 0x57, 0x25, 0xC5, 0x45, 0xD2, 0x3C, 0x4A, 0xAA, 0x3E, 0xE9, 0x3A, 0x8E, 0x59,
    0xB0, 0x18, 0x0F, 0x6D, 0x5D, 0xE8, 0xDC, 0x48, 0x73, 0x5C, 0xE9, 0x45, 0x69, 0x16, 0xA5, 0xAD,
    0x73, 0x5B, 0x49, 0x5B, 0xBE, 0xD5, 0x14, 0x6F, 0xBA, 0xFC, 0x03, 0x2F, 0x8D, 0x3F, 0xAE, 0xDE,
    0x72, 0x8B, 0xF2, 0x8F, 0xFD, 0xA2, 0xFC, 0xC4, 0xD7, 0xF9, 0xC7, 0x3E, 0x8A, 0xDB, 0x28, 0x3F,
    0x8D, 0x0A, 0xEF, 0x47, 0x8D, 0x59, 0x54, 0x79, 0x1D, 0x61, 0x40, 0x36, 0x50, 0x3A, 0xB8, 0xEB,
    0xE1, 0xE8, 0x09, 0xF8, 0xFB, 0x64, 0xCD, 0x8C, 0xDC, 0xCC, 0x28, 0xF9, 0x3E, 0x73, 0x6E, 0x70,
    0x4A, 0x09, 0x07, 0x50, 0xC1, 0x09, 0xA2, 0x23, 0xF7, 0x54, 0x96, 0x75, 0x1A, 0xA1, 0xA0, 0xD2,
    0x94, 0x96, 0xBC, 0x41, 0x7A, 0x70, 0x00, 0x42, 0x93, 0x5B, 0xA4, 0x23, 0xF3, 0xD0, 0xC1, 0x06,
    0x16, 0xA0, 0x60, 0x87, 0x6C, 0x29, 0x1A, 0x6A, 0xCD, 0x31, 0xFC, 0x16, 0x7B, 0x74, 0x40, 0xD6,
    0x22, 0xA8, 0x91, 0x1D, 0xA5, 0x4E, 0x85, 0x04, 0x45, 0xEE, 0x85, 0xA3, 0x47, 0xF4, 0x0C, 0xCE,
    0xD7, 0x97, 0x87, 0xB9, 0x82, 0x28, 0xA4, 0x87, 0x28, 0x4C, 0x22, 0x58, 0x27, 0xD1, 0xB7, 0xA8,
    0x02, 0xAF, 0xE8, 0x68, 0xD9, 0x47, 0xB5, 0xB5, 0x96, 0xA9, 0x53, 0x94, 0x61, 0x30, 0x54, 0x95,
    0x05, 0xE8, 0xA3, 0x65, 0x72, 0x98, 0xDC, 0xA6, 0xF9, 0x13, 0xC6, 0x7D, 0x18, 0xE8, 0x21, 0x77,
    0x51, 0xC4, 0x52, 0x74, 0x51, 0x24, 0x5B, 0x4E, 0xC6, 0x90, 0x2A, 0xFD, 0x32, 0x71, 0xF4, 0x12,
    0xC0, 0x12, 0x52, 0x10, 0xB5, 0xA1, 0xB6, 0xCA, 0xA0, 0x8C, 0xD2, 0x28, 0xAD, 0x40, 0xB1, 0x86,
    0x35, 0xCF, 0x88, 0xCF, 0x39, 0x9C, 0xD1, 0x43, 0x3F, 0x80, 0xE8, 0xA0, 0x13, 0x2D, 0xA2, 0xCD,
    0x3C, 0x99, 0x97, 0x1E, 0xE9, 0xA5, 0x43, 0x3A, 0xD9, 0x20, 0x9B, 0xDC, 0x92, 0xDB, 0xC2, 0x22,
    0xB4, 0x60, 0x8F, 0x2A, 0x5D, 0x83, 0xB2, 0x6B, 0xC3, 0xDA, 0x6E, 0x0D, 0xA9, 0xC8, 0x73, 0xC0,
    0x2D, 0x00, 0x10, 0xA1, 0xA5, 0x0E, 0x81, 0x2A, 0x6C, 0xCD, 0xCB, 0x27, 0x95, 0x1D, 0xFF, 0xDC,
    0x26, 0xEE, 0x2A, 0x23, 0x5A, 0xA5, 0x85, 0xDF, 0x91, 0xFD, 0x57, 0x87, 0x0C, 0x4D, 0x64, 0x8D,
    0x4C, 0xDB, 0xF3, 0x91, 0x2D, 0x14, 0x91, 0x05, 0xFB, 0x8B, 0x81, 0x32, 0xB0, 0x4E, 0x0C, 0xDC,
    0x9A, 0x3E, 0x36, 0xD6, 0x21, 0xF8, 0xDF, 0x7F, 0xF4, 0xE8, 0xC1, 0x6F, 0x82, 0x30, 0xF7, 0x41,
    0x9A, 0x19, 0x94, 0xDC, 0x85, 0x23, 0x4A, 0x93, 0xB5, 0xC8, 0x10, 0x0C, 0xBC, 0xD7, 0x01, 0xAC,
    0x80, 0x22, 0x38, 0xD8, 0xAE, 0xCE, 0xC9, 0x3C, 0x15, 0x45, 0xAA, 0x15, 0xDF, 0x86, 0xCC, 0xFE,
    0x00, 0x68, 0x6E, 0x02, 0x1A, 0x38, 0x04, 0xBE, 0x3F, 0x95, 0x70, 0x0F, 0xA2, 0x01, 0x99, 0x82,
    0xD2, 0x70, 0x07, 0x98, 0x01, 0x4F, 0x01, 0x9F, 0x0C, 0xC7, 0x78, 0xCB, 0xA9, 0x82, 0xCF, 0x1B,
    0xF0, 0x0E, 0xE1, 0x3C, 0xD2, 0xFA, 0x68, 0xF1, 0x84, 0x1B, 0x51, 0x77, 0x36, 0xB8, 0xDA, 0xDB,
    0x92, 0xF4, 0x17, 0x2F, 0xEE, 0xE2, 0xA5, 0x01, 0x80, 0x07, 0xD2, 0x02, 0xC0, 0x79, 0x6E, 0x00,
    0x20, 0xFC, 0x4C, 0x03, 0x43, 0xEC, 0x8F, 0x7B, 0xA6, 0x22, 0x37, 0xBD, 0x6C, 0x3F, 0x78, 0x17,
    0x80, 0xEC, 0xF3, 0xC9, 0xAA, 0xFC, 0xC4, 0x4D, 0x2A, 0x6F, 0x4C, 0x4B, 0x2C, 0xE8, 0x00, 0xE0,
    0x65, 0x7A, 0x00, 0xD1, 0xC2, 0x47, 0x99, 0x1B, 0x5F, 0xC8, 0xFC, 0xC8, 0x09, 0x6E, 0xA6, 0xD9,
    0x9B, 0xB2, 0xE1, 0x38, 0x6B, 0xE0, 0x4C, 0x5A, 0xB6, 0x7F, 0x6B, 0x21, 0x44, 0x78, 0x2D, 0xFC,
    0xF4, 0xAF, 0x22, 0x7C, 0xF8, 0x97, 0xBC, 0x17, 0xCE, 0x89, 0xD0, 0x53, 0xFF, 0xDD, 0x19, 0xA8,
    0x7F, 0xE8, 0x79, 0xE6, 0x80, 0x9F, 0x37, 0x48, 0xEF, 0x41, 0xFE, 0x9B, 0xA7, 0x6C, 0x3A, 0x28,
    0x6D, 0x4B, 0x6D, 0x36, 0x50, 0xEB, 0x9E, 0x82, 0x63, 0xB8, 0xC1, 0x06, 0x98, 0x03, 0x1C, 0xB3,
    0x4F, 0x75, 0x30, 0x2A, 0xE8, 0xDB, 0x2B, 0x00, 0xEE, 0x70, 0xA5, 0xD0, 0x5D, 0xA5, 0xAA, 0xB0,
    0x00, 0x95, 0x06, 0x58, 0x00, 0xB0, 0x01, 0x10, 0xFE, 0x2A, 0x77, 0xA5, 0x01, 0x98, 0x0A, 0x17,
    0x00, 0xED, 0x98, 0xE1, 0x3D, 0x7B, 0xB8, 0x08, 0x81, 0x8E, 0x69, 0xFB, 0x90, 0x5B, 0x80, 0xF2,
    0xBA, 0x73, 0x90, 0xC1, 0x92, 0x47, 0x2E, 0xFE, 0xC5, 0x5C, 0x7D, 0xF3, 0x99, 0x31, 0x8E, 0x1A,
    0x50, 0x93, 0xC1, 0x31, 0xB0, 0x99, 0xF8, 0x7C, 0x09, 0xA1, 0x45, 0x04, 0x3F, 0x78, 0x97, 0x23,
    0x5F, 0x7D, 0xF3, 0x59, 0x2E, 0x5D, 0x55, 0xFB, 0xAE, 0x76, 0x91, 0xCF, 0xE1, 0xF6, 0x3D, 0x18,
    0xD7, 0x8C, 0xFC, 0xD2, 0xE3, 0xA4, 0xF1, 0x15, 0x0B, 0xF6, 0x13, 0x77, 0xF0, 0xDB, 0xE3, 0x9A,
    0x89, 0xC7, 0xC5, 0xAE, 0x2F, 0xB8, 0xE7, 0xE6, 0xC2, 0xD5, 0xC9, 0xB8, 0xE6, 0xBA, 0x9F, 0xD6,
    0xBD, 0xFA, 0xF1, 0xBE, 0x16, 0x4C, 0x1D, 0x02, 0x21, 0xB4, 0xD5, 0x67, 0x5B, 0xB3, 0x7B, 0xA7,
    0x7F, 0x99, 0xCA, 0x2E, 0x39, 0x1F, 0x7D, 0x9D, 0x5D, 0xEF, 0xA6, 0xD3, 0x49, 0x41, 0xD6, 0xC1,
    0x0E, 0x0A, 0x4F, 0xDE, 0x81, 0xB2, 0xD4, 0x0E, 0x11, 0x60, 0xAB, 0xD3, 0x84, 0xE8, 0xA1, 0x1C,
    0xCF, 0xE2, 0x7A, 0xCC, 0xFB, 0x62, 0x8C, 0xF0, 0x08, 0x04, 0x70, 0x8B, 0x6B, 0x94, 0x22, 0x4E,
    0x7E, 0x0C, 0xB2, 0x87, 0xF5, 0xD4, 0x81, 0xEC, 0x46, 0xE5, 0xE5, 0x7E, 0xD0, 0x65, 0x33, 0x9C,
    0x39, 0x36, 0x85, 0x5C, 0xD9, 0x14, 0x71, 0x6D, 0x20, 0x5D, 0x40, 0x06, 0xE4, 0x02, 0x2B, 0x33,
    0x1E, 0xAA, 0x67, 0xC0, 0x8E, 0x0D, 0x29, 0xB2, 0x9E, 0x14, 0x69, 0x97, 0x02, 0x15, 0x6D, 0x8A,
    0x53, 0x78, 0xA4, 0x27, 0xF3, 0x53, 0xB1, 0x28, 0x22, 0x36, 0x08, 0x10, 0xFA, 0x7A, 0x80, 0xA5,
    0x41, 0xC5, 0xC7, 0xB2, 0x1E, 0x91, 0x34, 0xBC, 0x05, 0x87, 0x57, 0x4A, 0xB6, 0x08, 0x0D, 0xB5,
    0x0D, 0xA1, 0x8B, 0xB2, 0xED, 0x9F, 0x9F, 0xA3, 0xF4, 0x77, 0x78, 0x86, 0x02, 0xD6, 0xB1, 0x81,
    0x8A, 0x23, 0x38, 0xE1, 0x0C, 0x22, 0x8F, 0xDF, 0xE9, 0xE3, 0x79, 0xD8, 0x41, 0xDD, 0x88, 0x36,
    0x05, 0x96, 0x79, 0x64, 0x8F, 0xF4, 0x14, 0x0E, 0xE9, 0x28, 0x0D, 0xB2, 0x99, 0xF2, 0xB8, 0x18,
    0x02, 0xBB, 0xC5, 0xF5, 0xD8, 0x36, 0xA0, 0xAC, 0x38, 0x87, 0xB5, 0xCD, 0x22, 0x2A, 0x9D, 0xF5,
    0x70, 0x00, 0x4B, 0xD8, 0x86, 0x10, 0x08, 0x09, 0xE2, 0xBD, 0x71, 0x0D, 0x24, 0x65, 0x44, 0x07,
    0x48, 0x0F, 0x14, 0x0D, 0x50, 0x5A, 0xA0, 0x06, 0x38, 0x01, 0xE8, 0x81, 0xAC, 0x65, 0x08, 0x6C,
    0x12, 0x56, 0x06, 0x50, 0x0C, 0x71, 0x0F, 0x61, 0xC3, 0xED, 0xD5, 0xBD, 0xC1, 0xBD, 0x4B, 0xD0,
    0xF3, 0xD7, 0x3F, 0x0C, 0x3B, 0x9E, 0x96, 0x21, 0x0C, 0x60, 0x12, 0xD8, 0xAF, 0x82, 0x51, 0x45,
    0x5F, 0x58, 0xF4, 0x09, 0x5C, 0x04, 0xF8, 0x46, 0x30, 0xD2, 0x6F, 0x84, 0xD0, 0x64, 0x21, 0x42,
    0x11, 0xC2, 0xDB, 0x4D, 0x15, 0x42, 0xD6, 0xD4, 0x09, 0xD4, 0x73, 0x61, 0xD4, 0x2B, 0x13, 0x44,
    0xDB, 0x1F, 0x8D, 0x5E, 0x78, 0x35, 0x56, 0x9F, 0x28, 0x7D, 0x40, 0x84, 0x9E, 0xF9, 0x0F, 0x43,
    0x60, 0x16, 0xC5, 0x26, 0x81, 0xBD, 0x84, 0xE6, 0x12, 0xDC, 0xFE, 0x70, 0x5F, 0xC5, 0x2C, 0x1E,
    0x87, 0x30, 0x7A, 0x89, 0x95, 0xCD, 0x30, 0xD1, 0xE6, 0x22, 0xED, 0x74, 0xF0, 0xEB, 0xB4, 0xA0,
    0x8C, 0x07, 0xF5, 0xDF, 0x0E, 0xC4, 0xF6, 0x7F, 0x02, 0x44, 0x5B, 0xA8, 0xFC, 0xEF, 0xC0, 0xF1,
    0x53, 0xC8, 0xBA, 0x23, 0x28, 0xFC, 0x3C, 0x82, 0x55, 0x90, 0xE9, 0x5A, 0x03, 0xDF, 0x06, 0xB4,
    0x6C, 0x8B, 0xD8, 0x72, 0xC7, 0x97, 0x50, 0x3F, 0xB5, 0x4D, 0x6C, 0x47, 0xCC, 0xB8, 0x05, 0xB0,
    0x62, 0xAA, 0x98, 0x63, 0xC9, 0x1C, 0x6B, 0xE6, 0x58, 0x34, 0x19, 0xAA, 0x26, 0x43, 0xD9, 0x64,
    0xAC, 0x9B, 0xFF, 0x4F, 0x34, 0x94, 0x7E, 0x86, 0xDA, 0xCF, 0x0C, 0x4A, 0xC6, 0xEA, 0x3F, 0x96,
    0xFF, 0xA9, 0xFE, 0x4F, 0x1F, 0x00, 0x88, 0xCB, 0x82, 0x22, 0xDD, 0x74, 0xEE, 0x3F, 0x48, 0x90,
    0x6A, 0xAD, 0x08, 0xFF, 0x08, 0xBC, 0x16, 0x1E, 0x77, 0xA0, 0x42, 0x97, 0x6A, 0xEB, 0xEF, 0x22,
    0x53, 0x5D, 0x2D, 0x7F, 0xDC, 0x80, 0x7A, 0xD3, 0xC3, 0x42, 0xB4, 0x97, 0x75, 0xF4, 0x23, 0xF6,
    0x28, 0x1B, 0x6B, 0xE9, 0x04, 0xDF, 0x91, 0x0D, 0x3C, 0x93, 0x16, 0xB6, 0x9F, 0x5A, 0x78, 0x29,
    0xFC, 0xEB, 0x39, 0x54, 0x21, 0xC2, 0xFA, 0xE3, 0x77, 0x11, 0xFF, 0xE9, 0x20, 0xFF, 0x27, 0x0F,
    0x95, 0xED, 0x22, 0xB0, 0x81, 0x43, 0x8E, 0x81, 0x21, 0x9D, 0xC0, 0x09, 0x15, 0x5B, 0x16, 0x91,
    0x8F, 0x99, 0x27, 0x31, 0x2D, 0x88, 0xEB, 0x45, 0xC4, 0x40, 0x05, 0x2C, 0x80, 0x39, 0x0C, 0x6A,
    0xDD, 0xA4, 0x96, 0x78, 0x5F, 0x8D, 0xEF, 0xA2, 0xD8, 0x32, 0x8F, 0xBC, 0x61, 0x0D, 0x1C, 0xC0,
    0x6D, 0x0D, 0x08, 0xB2, 0x10, 0x1E, 0x40, 0xA1, 0xCB, 0x10, 0x76, 0x9A, 0x8A, 0x45, 0x0C, 0x77,
    0xF7, 0xE1, 0x39, 0xEF, 0x43, 0x1E, 0x42, 0xCB, 0x1F, 0x00, 0xBF, 0x16, 0x25, 0x70, 0x13, 0xA8,
    0x42, 0x03, 0xE1, 0x2F, 0x3A, 0xA4, 0x63, 0x41, 0xA9, 0x29, 0x99, 0x81, 0x34, 0xF7, 0x21, 0xB3,
    0x37, 0x41, 0x00, 0xF7, 0x01, 0x4E, 0x41, 0x98, 0xD3, 0x5F, 0x8D, 0x7A, 0xA7, 0x0A, 0xBA, 0xD3,
    0x1E, 0x16, 0x7F, 0xE3, 0xA1, 0x0C, 0x96, 0xDB, 0xEF, 0x84, 0x0F, 0x97, 0x2A, 0x84, 0xE0, 0xBF,
    0xF7, 0x38, 0x3C, 0x7A, 0x38, 0xCC, 0xA1, 0x92, 0xB4, 0x8F, 0x7A, 0xD2, 0x47, 0x8B, 0xCC, 0x9E,
    0xDE, 0x18, 0xBD, 0x24, 0xD8, 0x27, 0xE9, 0x21, 0x6F, 0x41, 0x46, 0x16, 0x0F, 0xF8, 0x05, 0x74,
    0x07, 0x50, 0x66, 0x62, 0xBE, 0x92, 0x96, 0xC9, 0xD7, 0xBE, 0xCF, 0x74, 0xED, 0x69, 0x6B, 0x86,
    0x8B, 0xCF, 0x09, 0xC3, 0xD5, 0xA7, 0x27, 0x5D, 0x7E, 0x3E, 0x68, 0x49, 0xD7, 0x1F, 0xE9, 0xD2,
    0x05, 0x68, 0x9E, 0xDB, 0xE1, 0x0A, 0x54, 0xEA, 0xE1, 0x12, 0x54, 0x11, 0xAF, 0x41, 0xA2, 0x79,
    0xFD, 0x5A, 0xA4, 0x24, 0xC7, 0xFB, 0x5D, 0x74, 0xFF, 0x22, 0x74, 0x67, 0x04, 0xA5, 0x01, 0x65,
    0x94, 0x19, 0x3B, 0x20, 0x4D, 0xBD, 0x08, 0xE9, 0x2F, 0x09, 0x49, 0xFA, 0xEB, 0x21, 0x8D, 0x5E,
    0xEB, 0x69, 0x21, 0x3B, 0x2D, 0xFB, 0x2A, 0xC0, 0x2B, 0x3C, 0x9F, 0x9E, 0xB3, 0xF7, 0xCC, 0xF1,
    0x22, 0x74, 0x38, 0xC2, 0x18, 0x84, 0x1E, 0x42, 0x5A, 0x9B, 0x69, 0xF4, 0x2B, 0x00, 0x09, 0xD4,
    0x90, 0x96, 0x9A, 0xE7, 0xD1, 0xAB, 0x83, 0x0B, 0xA5, 0x0F, 0x80, 0x0D, 0xC0, 0xEE, 0x12, 0xCE,
    0x78, 0x0E, 0x25, 0x9B, 0x9B, 0x4A, 0x23, 0xBA, 0xE1, 0x33, 0x44, 0x69, 0xB2, 0xFE, 0x0E, 0xF0,
    0x94, 0xE7, 0xD0, 0xBB, 0x5F, 0x5C, 0xE8, 0x9C, 0xE4, 0x08, 0x40, 0x2C, 0x01, 0x90, 0x6E, 0xAF,
    0x7B, 0x20, 0x5D, 0xA6, 0x91, 0x9D, 0x74, 0x65, 0x33, 0x76, 0x0E, 0xD9, 0x0E, 0x23, 0x96, 0xD2,
    0x09, 0x3D, 0x69, 0x7E, 0x79, 0xB7, 0x0D, 0x89, 0xF4, 0xD4, 0xAD, 0x56, 0x6F, 0x7F, 0xB6, 0x5A,
    0xFD, 0x02, 0x03, 0x1D, 0x9D, 0x31, 0xBA, 0xB6, 0xC3, 0x42, 0x55, 0x33, 0x76, 0x16, 0xE1, 0xA4,
    0x2B, 0x0C, 0xD7, 0xED, 0xB2, 0x07, 0x00, 0x28, 0xB6, 0x7A, 0xAB, 0x15, 0x57, 0xF4, 0x2D, 0xD6,
    0x7A, 0x6B, 0xD6, 0xFA, 0x2E, 0x13, 0x8D, 0x5A, 0x69, 0x8E, 0x03, 0xE0, 0x84, 0x40, 0x60, 0xCB,
    0x2D, 0x88, 0xBC, 0x1D, 0x46, 0x27, 0x00, 0x7C, 0x97, 0x90, 0x5A, 0xEC, 0x61, 0x5F, 0x2F, 0x16,
    0xE5, 0x9F, 0x66, 0x26, 0x35, 0x69, 0x5F, 0xF0, 0x7F, 0x6E, 0xEF, 0x34, 0x79, 0x6A, 0xAE, 0x78,
    0x11, 0xBB, 0xED, 0x4E, 0xF5, 0x75, 0x57, 0xFA, 0xC2, 0x49, 0x9B, 0x99, 0xAF, 0x6F, 0x07, 0x42,
    0x4B, 0x9B, 0x37, 0xA5, 0xAF, 0x5A, 0xD5, 0x6F, 0x77, 0x5F, 0xDF, 0x32, 0x33, 0x85, 0x7B, 0xFD,
    0x07, 0x4F, 0x6E, 0xCC, 0x66, 0xA5, 0x97, 0xF6, 0x05, 0x76, 0x68, 0xDE, 0x36, 0xBF, 0x4C, 0x66,
    0xFE, 0x17, 0x65, 0x95, 0x01, 0xA4, 0x1C, 0x47, 0x18, 0xC7, 0x7F, 0xB3, 0x93, 0x97, 0xAD, 0x2E,
    0x99, 0x20, 0x41, 0x91, 0x5B, 0x00, 0xE2, 0xBD, 0x3B, 0x80, 0x87, 0xDD, 0x77, 0xD3, 0x14, 0x00,
    0x1E, 0x0A, 0x80, 0xA2, 0xD0, 0x40, 0x20, 0x38, 0xBA, 0x7A, 0xAB, 0x28, 0x80, 0x07, 0x40, 0x21,
    0x28, 0xD2, 0xA7, 0xBC, 0xE0, 0xCA, 0xB6, 0x5E, 0xDC, 0x54, 0x01, 0x60, 0x15, 0x00, 0x3A, 0xA8,
    0x22, 0x41, 0x27, 0x35, 0xD2, 0xCB, 0xCB, 0xBE, 0x4C, 0x67, 0xE7, 0x2E, 0x47, 0x75, 0xE6, 0x3F,
    0x98, 0xF9, 0xBE, 0xDB, 0x99, 0xEF, 0x3F, 0xBF, 0x71, 0x7C, 0x84, 0x08, 0x7D, 0xFE, 0xD2, 0xA9,
    0xD6, 0xCF, 0xF0, 0x35, 0x9B, 0x0A, 0xDF, 0xE0, 0x2F, 0x71, 0x9D, 0x70, 0x5D, 0x66, 0x2F, 0x65,
    0xDF, 0x14, 0x66, 0xBE, 0xA6, 0x1C, 0x10, 0xA7, 0x00, 0x0E, 0x0B, 0x42, 0x4B, 0x23, 0xDB, 0x5C,
    0x17, 0x28, 0x6E, 0x31, 0xE1, 0x88, 0x2A, 0xF6, 0x3B, 0xA4, 0x36, 0x90, 0x6D, 0x28, 0x3C, 0x13,
    0x4F, 0xE3, 0x78, 0xE5, 0xE4, 0x6F, 0xB6, 0xF8, 0xA4, 0x9F, 0x4A, 0x33, 0x0F, 0xC3, 0x32, 0x0C,
    0x14, 0x2D, 0x4A, 0xA3, 0xD8, 0xB6, 0x2C, 0x78, 0x19, 0x65, 0xDE, 0x2F, 0xFF, 0x44, 0x19, 0xDA,
    0x1B, 0x85, 0x41, 0xF6, 0x5B, 0xE9, 0xC2, 0x5C, 0xAD, 0xF5, 0xFA, 0x9A, 0x03, 0xCD, 0x78, 0x86,
    0xE5, 0x46, 0xBC, 0xFB, 0x2E, 0xEF, 0xC7, 0xE4, 0x09, 0xD4, 0x6B, 0x3D, 0x0F, 0xFD, 0x57, 0xD2,
    0x36, 0xC2, 0x35, 0xC2, 0x36, 0x99, 0x6D, 0x72, 0x33, 0xBF, 0x68, 0xD5, 0xBB, 0xDD, 0x79, 0x8B,
    0x30, 0x44, 0x81, 0x27, 0x73, 0xE4, 0x06, 0xD5, 0x32, 0x83, 0x1A, 0x06, 0x84, 0x43, 0x5A, 0x0A,
    0x43, 0xA9, 0x99, 0x93, 0x5A, 0xDC, 0x63, 0xED, 0xB3, 0x37, 0xB1, 0xEC, 0x5A, 0x9A, 0x3A, 0x16,
    0x2F, 0x5E, 0x7B, 0x42, 0x9B, 0x87, 0xBE, 0x7C, 0xE0, 0x6A, 0x7C, 0x85, 0xAF, 0x85, 0x9B, 0x7D,
    0x6B, 0x8B, 0xA0, 0xF9, 0x14, 0xEE, 0x90, 0x05, 0x53, 0xBC, 0x74, 0xA5, 0x76, 0xD3, 0x18, 0x4A,
    0x3A, 0x91, 0xAE, 0x0C, 0x2E, 0x7F, 0x6D, 0x91, 0x3D, 0x85, 0x61, 0xC6, 0xF9, 0x35, 0xC1, 0x72,
    0x17, 0x78, 0x02, 0x6E, 0xA7, 0x65, 0xB0, 0x0F, 0xAF, 0xCE, 0xF6, 0x53, 0x4E, 0x81, 0xB4, 0x78,
    0x7E, 0xB6, 0x0C, 0x7D, 0x14, 0xEC, 0x56, 0xEE, 0x9F, 0x9F, 0x31, 0x81, 0x26, 0x15, 0x61, 0x77,
    0x45, 0x28, 0x28, 0x61, 0x0A, 0x75, 0x52, 0x95, 0x54, 0x27, 0x4D, 0x41, 0x41, 0x01, 0x38, 0x56,
    0x34, 0xE9, 0x6E, 0xEA, 0xD4, 0x2B, 0x1A, 0x2E, 0xF1, 0xC2, 0x65, 0x36, 0x37, 0x4A, 0x4F, 0xE9,
    0x10, 0xE2, 0x2C, 0x7F, 0xB4, 0x29, 0x7C, 0xA3, 0x4C, 0xA5, 0x74, 0x55, 0xD2, 0x1C, 0xD1, 0x55,
    0xAC, 0x2A, 0x5C, 0x83, 0x5B, 0x08, 0x7B, 0x2A, 0xF4, 0x0E, 0x93, 0xB7, 0x23, 0x26, 0x25, 0xDD,
    0x09, 0x5D, 0x3D, 0xE6, 0x6C, 0x1A, 0x7C, 0x13, 0xD3, 0x32, 0xD7, 0x48, 0x5B, 0x8F, 0x98, 0x68,
    0x75, 0xBD, 0xB3, 0x7D, 0x28, 0x36, 0x4B, 0xDF, 0xB9, 0xB8, 0x93, 0x93, 0x56, 0xF6, 0xB9, 0xC9,
    0x4D, 0xD1, 0x2A, 0xAD, 0x74, 0xB9, 0xB3, 0x39, 0x78, 0x79, 0x35, 0x08, 0xBD, 0x3D, 0x71, 0x03,
    0x1B, 0x32, 0xB7, 0x75, 0x8B, 0x01, 0x69, 0xD3, 0x9D, 0x04, 0xB7, 0x0C, 0x6E, 0x9B, 0x2F, 0x62,
    0xFE, 0x8B, 0x01, 0xDE, 0xE7, 0xDF, 0x1C, 0xAF, 0x85, 0x8B, 0x1E, 0xE1, 0xC0, 0x47, 0xDD, 0xCE,
    0xDC, 0xC9, 0x45, 0x3F, 0x0F, 0x7A, 0xBB, 0x3F, 0x3C, 0x47, 0x0C, 0xC8, 0x01, 0xD5, 0x51, 0x7B,
    0x56, 0xB1, 0x64, 0x97, 0xFF, 0xE2, 0x54, 0x66, 0xE7, 0xE1, 0x3A, 0x92, 0x48, 0x9E, 0x90, 0x8B,
    0x62, 0x8F, 0xA1, 0xDB, 0xAE, 0x29, 0xFE, 0x8F, 0xA1, 0x49, 0x18, 0xB2, 0x1E, 0xDE, 0x63, 0x38,
    0x1B, 0x22, 0x86, 0x31, 0xA2, 0xDA, 0x74, 0x0F, 0xCB, 0x11, 0xC3, 0x79, 0xE6, 0xEA, 0x88, 0x61,
    0x54, 0x66, 0x23, 0x3C, 0xB3, 0x84, 0x21, 0x3B, 0x0C, 0xAF, 0x13, 0x86, 0xA9, 0xCC, 0xFD, 0xCF,
    0x4E, 0xE0, 0x12, 0xE1, 0x91, 0x76, 0x8F, 0x66, 0x6A, 0x77, 0x11, 0xC1, 0xE6, 0x7F, 0x7A, 0xD5,
    0x76, 0x4A, 0x77, 0x45, 0xEB, 0xE5, 0xCB, 0x3E, 0x0B, 0xA8, 0xBF, 0xDA, 0x93, 0xBC, 0xEF, 0xA4,
    0xF5, 0x99, 0xED, 0x64, 0xBF, 0x7C, 0x64, 0xCA, 0x2D, 0xE6, 0x77, 0x10, 0x09, 0x43, 0xA5, 0xFD,
    0x8C, 0xD5, 0x94, 0xD5, 0x09, 0x7E, 0x96, 0x79, 0x15, 0x2B, 0x7A, 0x93, 0xB6, 0xCB, 0x47, 0xC8,
    0x23, 0x86, 0xEB, 0x2D, 0x86, 0x9F, 0xC1, 0xB3, 0x9D, 0xE6, 0x91, 0xAF, 0xAB, 0x27, 0xFB, 0x29,
    0xB7, 0x81, 0xD1, 0xF9, 0xFB, 0xE7, 0x4F, 0x62, 0x28, 0x0A, 0xB6, 0x2B, 0x09, 0xC3, 0x0A, 0x2F,
    0x6D, 0x11, 0xD1, 0x99, 0x51, 0x27, 0x96, 0x3A, 0xFC, 0xAE, 0x77, 0x89, 0xB4, 0x23, 0x78, 0xC6,
    0x62, 0x8F, 0xDC, 0xD1, 0x1E, 0xBB, 0x98, 0x18, 0x51, 0x30, 0xAA, 0x9D, 0xD1, 0xC0, 0x17, 0x1F,
    0xC8, 0xF0, 0x83, 0xD2, 0x9B, 0xA3, 0xF4, 0xA4, 0x16, 0xB8, 0x55, 0x54, 0x66, 0x57, 0x79, 0xDF,
    0xCC, 0xCC, 0xEC, 0x6F, 0x33, 0x9A, 0xFC, 0x10, 0x19, 0x8C, 0xCA, 0xFA, 0xA3, 0xAC, 0xAF, 0x0A,
    0xB3, 0x7C, 0xC7, 0xCF, 0xA7, 0xAC, 0x18, 0x55, 0xDF, 0xA4, 0x0C, 0xA9, 0xF0, 0x87, 0xE4, 0xA1,
    0x57, 0xDA, 0xD5, 0x23, 0xB0, 0xAB, 0x55, 0xD4, 0xEE, 0x53, 0x7D, 0x5D, 0xB4, 0x5B, 0x73, 0x44,
    0xFB, 0x21, 0x71, 0xCA, 0x18, 0xE0, 0x47, 0x0B, 0xF3, 0x16, 0x66, 0xC0, 0x12, 0x78, 0xAB, 0x91,
    0xBF, 0x1A, 0xE2, 0x2E, 0xD4, 0x38, 0x00, 0xC4, 0xF7, 0xA8, 0x60, 0x6E, 0x64, 0x16, 0x5C, 0x94,
    0xB8, 0x70, 0xEA, 0x85, 0xAD, 0xB3, 0xFE, 0x38, 0x37, 0x55, 0xC9, 0x6C, 0x40, 0x68, 0x44, 0x4F,
    0x66, 0x90, 0x49, 0xF9, 0x37, 0x67, 0xC5, 0x72, 0xA3, 0x6C, 0xA5, 0xDA, 0x18, 0x3F, 0xBE, 0xC7,
    0xE2, 0x30, 0xBD, 0x9E, 0x63, 0xDC, 0x63, 0x61, 0xE3, 0x49, 0xE0, 0xBF, 0xF9, 0xED, 0xE7, 0xC5,
    0xC7, 0x4E, 0xE5, 0xAD, 0x9A, 0x30, 0xE9, 0x28, 0x1D, 0xB3, 0x8E, 0xAA, 0xE2, 0x78, 0xC2, 0x63,
    0xC5, 0x2A, 0x6F, 0x01, 0x61, 0xB3, 0x5E, 0x1A, 0x69, 0xF2, 0xB6, 0xD0, 0x0A, 0xC5, 0x2D, 0xEE,
    0x71, 0x98, 0x4C, 0x5D, 0xB0, 0x02, 0xB2, 0x9B, 0xED, 0x7D, 0x8A, 0xE5, 0xAB, 0xE8, 0x4F, 0xFF,
    0xE5, 0x83, 0x68, 0x40, 0x93, 0xF5, 0x8A, 0x45, 0x66, 0x26, 0x3C, 0x93, 0xE6, 0x10, 0x27, 0xDB,
    0x0A, 0x9B, 0xEB, 0x4A, 0xD8, 0x82, 0xC5, 0x18, 0x5B, 0x49, 0xA3, 0x48, 0x4D, 0x7C, 0xFD, 0x87,
    0xFC, 0xFD, 0x5A, 0xFA, 0x69, 0xDE, 0x4F, 0x8A, 0xF6, 0x48, 0x51, 0x2B, 0xAA, 0xC9, 0xEE, 0xD9,
    0xFB, 0x0A, 0x07, 0x70, 0xFA, 0x14, 0xFE, 0x09, 0x70, 0x5D, 0xB4, 0x22, 0x7E, 0x2C, 0xB3, 0xB2,
    0x8D, 0xA7, 0x89, 0xA3, 0xD0, 0xB9, 0x51, 0xE4, 0x66, 0x4A, 0x61, 0x2F, 0x51, 0x73, 0xC7, 0xAD,
    0x03, 0xB8, 0x07, 0x1C, 0x02, 0xD5, 0x38, 0xF6, 0x1E, 0x4E, 0x52, 0x40, 0x69, 0x72, 0x07, 0xCF,
    0xA1, 0x04, 0xC5, 0xD9, 0x94, 0xB0, 0xE1, 0x40, 0x93, 0xB5, 0x52, 0x97, 0x4F, 0xD7, 0x83, 0xDA,
    0xFF, 0x7F, 0x2C, 0x78, 0x1C, 0xC7, 0xDC, 0x1C, 0xF0, 0x2F, 0x65, 0x98, 0x01, 0x84, 0x2D, 0xE7,
    0xF9, 0xC6, 0x9F, 0x99, 0xC9, 0xDE, 0xF9, 0xFF, 0x33, 0xD5, 0xEF, 0xA2, 0xD1, 0x6A, 0x9A, 0x4E,
    0x01, 0x34, 0xB2, 0x03, 0x05, 0x9C, 0xDD, 0x6F, 0x92, 0x8B, 0x02, 0x2C, 0xBA, 0x29, 0x8A, 0x14,
    0x10, 0xA9, 0xBA, 0x55, 0x55, 0x8B, 0xDD, 0x33, 0xD3, 0x86, 0x02, 0x64, 0x21, 0x29, 0x0A, 0x8B,
    0x94, 0xF4, 0x5C, 0x6C, 0x70, 0xB1, 0xDA, 0x3D, 0x7B, 0xBE, 0xA4, 0x28, 0x82, 0xCC, 0x4D, 0x7B,
    0x05, 0x45, 0x46, 0x25, 0xC4, 0x4D, 0x35, 0x5F, 0x7A, 0xE7, 0xCA, 0xEC, 0x66, 0xCE, 0x7C, 0x7D,
    0x9F, 0xD7, 0x71, 0xCE, 0x4A, 0x3E, 0xEB, 0x37, 0x93, 0x99, 0xF9, 0xDE, 0xF7, 0xBD, 0xEF, 0xF3,
    0xCE, 0xFB, 0xCE, 0x09, 0x74, 0xE5, 0x63, 0x09, 0x84, 0x50, 0x23, 0x59, 0xDE, 0x28, 0x91, 0xB5,
    0x00, 0x8C, 0x13, 0x14, 0xA5, 0xC0, 0x42, 0xD6, 0x14, 0x2F, 0xCD, 0xCA, 0x29, 0x9F, 0x99, 0x63,
    0x9C, 0x95, 0xF3, 0xA8, 0x03, 0xE6, 0xB1, 0x97, 0x1B, 0x89, 0xC0, 0xDE, 0x12, 0x14, 0xE1, 0xEA,
    0x0D, 0xA4, 0x21, 0x0C, 0xC0, 0x0B, 0x1F, 0xFD, 0x48, 0x2D, 0x08, 0x6A, 0xA2, 0x14, 0xE4, 0xE5,
    0xDA, 0x60, 0x68, 0x89, 0x06, 0xB2, 0xF6, 0x6E, 0x02, 0x71, 0xEB, 0x81, 0xE4, 0x2D, 0x41, 0xFA,
    0x49, 0x03, 0x2C, 0x42, 0x27, 0x66, 0x04, 0xC5, 0x68, 0xDE, 0xC4, 0xE2, 0x30, 0x47, 0x34, 0x1C,
    0x3E, 0x83, 0xC4, 0xDF, 0x9D, 0x48, 0x68, 0xFE, 0x00, 0xE6, 0xED, 0xB6, 0x43, 0xFE, 0xB2, 0x6C,
    0x28, 0x7E, 0xF8, 0x76, 0x03, 0x9B, 0xDD, 0x72, 0xB0, 0x26, 0xAD, 0x61, 0xB7, 0x0D, 0x60, 0x27,
    0xB9, 0x40, 0x36, 0xC0, 0x76, 0x13, 0x20, 0x97, 0x0D, 0x30, 0x9E, 0xC6, 0xC7, 0xAB, 0x95, 0xE1,
    0xEC, 0x85, 0x70, 0x0C, 0x93, 0xD5, 0x00, 0x37, 0x40, 0x36, 0xAC, 0xD7, 0x62, 0x04, 0xB2, 0x10,
    0xC4, 0xE0, 0xD5, 0xA9, 0x43, 0x28, 0x23, 0x24, 0x03, 0x80, 0xD4, 0x0B, 0x4C, 0x23, 0xC8, 0x6B,
    0x81, 0x2D, 0x09, 0x9C, 0xFC, 0x1C, 0x53, 0x3C, 0x1C, 0x31, 0x8F, 0xC2, 0xBF, 0x31, 0xC4, 0x23,
    0x30, 0x24, 0x3D, 0xE1, 0x05, 0x69, 0x4B, 0x34, 0xC0, 0x32, 0x73, 0xC0, 0x85, 0x11, 0x54, 0xCC,
    0x86, 0xFD, 0xA0, 0x04, 0xF2, 0xF0, 0x07, 0xC7, 0x58, 0x1C, 0xFF, 0xB9, 0x35, 0xB0, 0x45, 0x83,
    0x51, 0x08, 0x4B, 0xC4, 0x4C, 0x60, 0xA2, 0xA0, 0x4F, 0x5A, 0x41, 0xD6, 0x10, 0x0E, 0xD7, 0x73,
    0x7A, 0x2D, 0x9D, 0xB3, 0x59, 0x09, 0x1B, 0x02, 0xA0, 0x38, 0x82, 0xAC, 0x73, 0x82, 0x81, 0x3F,
    0xB1, 0x14, 0x25, 0x2C, 0x35, 0x79, 0x7A, 0x7C, 0x03, 0xA0, 0x62, 0x48, 0x14, 0xED, 0xCA, 0xFA,
    0x7A, 0xC5, 0xA1, 0x13, 0x1A, 0xDA, 0x80, 0xBD, 0x7F, 0x21, 0xBC, 0xC0, 0x63, 0x2B, 0x33, 0x88,
    0x7A, 0x32, 0xEE, 0x94, 0x9E, 0x4C, 0x94, 0x3F, 0x79, 0xB4, 0x0F, 0xC6, 0xBC, 0x54, 0x0E, 0xAB,
    0x10, 0x57, 0x8C, 0x4F, 0x1F, 0xBC, 0xCE, 0x74, 0xD2, 0xF0, 0x8D, 0xC5, 0xEC, 0x44, 0x93, 0xC6,
    0x35, 0x55, 0x0E, 0x1B, 0x93, 0xC5, 0xD5, 0xEA, 0x1F, 0x11, 0x6A, 0x54, 0xC2, 0x12, 0xD7, 0xD7,
    0x99, 0x32, 0xF2, 0x24, 0x92, 0x86, 0xD4, 0x74, 0x1C, 0x66, 0x83, 0x09, 0x2D, 0xCE, 0xAB, 0x60,
    0x43, 0x8F, 0xE5, 0x65, 0x15, 0x5E, 0x1B, 0x10, 0x9C, 0x59, 0x62, 0x89, 0x00, 0xD3, 0x89, 0x30,
    0x4B, 0x18, 0x79, 0x20, 0x1E, 0x90, 0x3B, 0xD1, 0xA5, 0x43, 0x51, 0xAB, 0x3C, 0x55, 0x19, 0xF5,
    0x69, 0x8B, 0x20, 0xEE, 0xD3, 0x26, 0x96, 0x83, 0xCF, 0x5C, 0x32, 0x22, 0xF1, 0x86, 0xBB, 0x79,
    0x28, 0x06, 0xC9, 0x4E, 0x5E, 0x4F, 0x06, 0xC9, 0x7E, 0x51, 0xF6, 0x03, 0xE4, 0x52, 0xF4, 0x59,
    0x2F, 0x07, 0x9B, 0xBC, 0xD7, 0x51, 0x83, 0xAC, 0x06, 0x57, 0xAE, 0xC4, 0x8E, 0x12, 0x2F, 0x2A,
    0x59, 0x2A, 0x9D, 0x78, 0x16, 0xE4, 0x5E, 0xE2, 0x2E, 0x7C, 0xEC, 0x61, 0xBD, 0x38, 0xDE, 0xF5,
    0x49, 0x8B, 0x1D, 0x71, 0x8A, 0xC3, 0x3E, 0x75, 0x8F, 0x8F, 0xE3, 0xE9, 0xC7, 0x26, 0x48, 0xE2,
    0xF4, 0x2C, 0xEA, 0x0E, 0xF3, 0x32, 0xF2, 0x87, 0x05, 0x9E, 0xBE, 0x0A, 0x8B, 0x13, 0x26, 0xC2,
    0x3F, 0xF9, 0x51, 0x75, 0xB1, 0x97, 0x36, 0xDB, 0x87, 0xC8, 0x5C, 0x71, 0x2E, 0xC8, 0xCF, 0xC5,
    0x79, 0x2E, 0x81, 0x94, 0x46, 0xAC, 0xC3, 0x88, 0x75, 0xC2, 0xD2, 0x1D, 0xCC, 0xA8, 0xAF, 0x9A,
    0x2A, 0x59, 0x84, 0x25, 0x09, 0xD5, 0x53, 0x4B, 0x76, 0x17, 0x85, 0x70, 0xAA, 0x9C, 0xA3, 0x78,
    0xAE, 0xC1, 0x00, 0x9B, 0x3A, 0x61, 0x65, 0x1C, 0x7A, 0x8C, 0xD5, 0x18, 0x75, 0x69, 0x08, 0xA3,
    0x48, 0xF9, 0x59, 0xF5, 0x6A, 0x22, 0x3A, 0x58, 0x24, 0x57, 0xC7, 0xB0, 0x5A, 0x29, 0xBB, 0x5A,
    0x88, 0x47, 0x9A, 0x7A, 0x09, 0x42, 0x38, 0x68, 0x2D, 0xF6, 0xC8, 0x95, 0x34, 0x3B, 0xDC, 0xA4,
    0xC2, 0xC1, 0x93, 0x95, 0x0A, 0xB6, 0xC5, 0xA8, 0x6A, 0x68, 0x58, 0x3D, 0xD6, 0x71, 0xC1, 0x62,
    0x01, 0x3D, 0x58, 0x21, 0x76, 0x35, 0x40, 0x1C, 0x49, 0x54, 0xA1, 0xC5, 0x1C, 0xD6, 0x84, 0x8E,
    0xD1, 0x15, 0xF7, 0xDF, 0x94, 0xC3, 0x85, 0x65, 0x05, 0x46, 0x03, 0x0F, 0x97, 0x2F, 0x74, 0x56,
    0x8B, 0xAD, 0x91, 0x1D, 0x49, 0x18, 0x91, 0x37, 0x48, 0xFC, 0x14, 0x59, 0x2F, 0x41, 0x5A, 0xC4,
    0xA3, 0x44, 0x69, 0x21, 0x0A, 0x8B, 0x60, 0x25, 0x72, 0x67, 0x5C, 0x5E, 0x42, 0x64, 0xAD, 0x25,
    0x48, 0x39, 0xAF, 0x25, 0xEE, 0x5C, 0xEE, 0x98, 0x77, 0xCA, 0xAA, 0xB4, 0x30, 0xFF, 0x14, 0x0B,
    0x16, 0xD9, 0x7B, 0x9A, 0x32, 0x8D, 0x56, 0xF4, 0x1A, 0xB0, 0x13, 0xF9, 0x68, 0x90, 0xC2, 0xF1,
    0xF1, 0x80, 0x3E, 0xF6, 0xC9, 0x10, 0x75, 0xB1, 0x4F, 0xF9, 0xDF, 0xDE, 0x1C, 0x26, 0x6D, 0xEC,
    0xF3, 0x83, 0xD4, 0x25, 0x7E, 0xFB, 0x40, 0xEA, 0xA6, 0x9D, 0x1C, 0x98, 0x32, 0x69, 0x0F, 0xCF,
    0x72, 0x24, 0x6D, 0x7F, 0x66, 0xB5, 0x8E, 0x43, 0xA3, 0x74, 0xC9, 0xDF, 0x9B, 0xAE, 0x47, 0xF2,
    0xBE, 0xEB, 0x3A, 0x24, 0xEF, 0xD4, 0x8F, 0x3C, 0x92, 0x77, 0xCB, 0xFF, 0xB6, 0x48, 0x3F, 0xC0,
    0x43, 0x87, 0xF4, 0x3F, 0xF8, 0x5C, 0x38, 0xE0, 0x8B, 0x92, 0x0C, 0x40, 0xDA, 0x81, 0x2D, 0xC8,
    0x63, 0x29, 0x6C, 0xA1, 0x6F, 0x54, 0xB8, 0x64, 0xC2, 0xF3, 0x10, 0x28, 0x58, 0x3E, 0xBB, 0xD3,
    0x31, 0xD9, 0x88, 0x24, 0x26, 0x58, 0x30, 0x48, 0xEC, 0x02, 0x47, 0x72, 0x38, 0x8A, 0x8F, 0x8F,
    0x12, 0x8F, 0xF3, 0xD4, 0x49, 0x8C, 0x18, 0x32, 0x77, 0x9E, 0x36, 0xE8, 0x8D, 0x93, 0x33, 0x39,
    0xD4, 0x72, 0x16, 0x75, 0xF9, 0xB3, 0x9D, 0xA9, 0x63, 0x5F, 0x44, 0x5E, 0x82, 0xF6, 0x36, 0xF6,
    0xB9, 0xC4, 0xBE, 0x9B, 0xF8, 0x02, 0x69, 0xB3, 0x9B, 0xB4, 0x22, 0xB5, 0x3B, 0x92, 0x33, 0xC8,
    0xE6, 0xCC, 0x1D, 0x41, 0x36, 0xD3, 0xB9, 0x6C, 0x66, 0x0F, 0x90, 0xCD, 0xEC, 0x85, 0x45, 0xF4,
    0x68, 0xBF, 0x6A, 0x50, 0xC4, 0xFA, 0xAA, 0xEE, 0x26, 0x21, 0x7C, 0x08, 0x5D, 0x4F, 0x28, 0x77,
    0xD7, 0x2F, 0x79, 0xB4, 0x7F, 0x51, 0x6A, 0x4F, 0x69, 0x95, 0x0D, 0x40, 0x2B, 0x64, 0x47, 0x0D,
    0x7F, 0xEB, 0x59, 0x15, 0x0F, 0x85, 0xD5, 0xFD, 0xBF, 0x08, 0x47, 0x14, 0x2D, 0xE2, 0x01, 0x2A,
    0xA9, 0xB8, 0x16, 0x45, 0x49, 0xD3, 0x90, 0x14, 0xAE, 0x26, 0x29, 0x6B, 0x0D, 0x0B, 0xB2, 0x52,
    0x8E, 0x64, 0xBC, 0x84, 0xDC, 0xCD, 0x48, 0x3F, 0x3D, 0x07, 0xD2, 0xD0, 0x0B, 0xA3, 0xD0, 0xD0,
    0xE1, 0x63, 0xF8, 0xD2, 0xAA, 0x42, 0xF0, 0xC0, 0x42, 0x23, 0x7B, 0x62, 0x7F, 0x7F, 0xD3, 0x70,
    0x6E, 0x30, 0xCA, 0x22, 0x0C, 0x40, 0x98, 0x89, 0x70, 0x3D, 0xBE, 0xA7, 0x6F, 0x16, 0x72, 0xB7,
    0x9E, 0x85, 0x84, 0xBE, 0x5B, 0xDC, 0x6D, 0x09, 0xED, 0x62, 0x89, 0x17, 0x7C, 0x93, 0x0D, 0x71,
    0x11, 0x46, 0x40, 0x9B, 0x62, 0xDA, 0xEA, 0x8D, 0x35, 0x3A, 0x41, 0x34, 0x08, 0x10, 0x5E, 0x3D,
    0x03, 0xD8, 0xB7, 0x90, 0x69, 0xED, 0x7D, 0x83, 0x06, 0x01, 0xAB, 0x7F, 0x4B, 0x92, 0x0F, 0x4F,
    0x75, 0xEA, 0xCC, 0xF5, 0xED, 0x38, 0xE7, 0x65, 0x76, 0x31, 0x92, 0x97, 0xA3, 0xDE, 0xD6, 0x10,
    0xDF, 0x23, 0xFD, 0x7E, 0xBE, 0x54, 0xC7, 0x14, 0x44, 0xC0, 0x4A, 0xEA, 0x19, 0xA8, 0xBE, 0x0C,
    0xE0, 0xBB, 0x40, 0xE6, 0x8E, 0x99, 0x32, 0x8D, 0xB0, 0x64, 0x68, 0x45, 0xA9, 0xE3, 0x1B, 0x71,
    0x4F, 0x32, 0xB0, 0xA9, 0x3A, 0x9F, 0x83, 0x99, 0x4D, 0xC5, 0x4E, 0x97, 0x11, 0x46, 0xE0, 0xF5,
    0x32, 0x30, 0x6C, 0x30, 0x01, 0xA2, 0xAB, 0x81, 0x4A, 0xB6, 0x40, 0x32, 0x82, 0xE5, 0x2B, 0xB0,
    0x2D, 0x2F, 0xDD, 0x6B, 0xE5, 0xED, 0xFA, 0xA0, 0xC5, 0xD7, 0x4D, 0xA0, 0x6F, 0xAA, 0x50, 0x38,
    0x0A, 0xA2, 0x15, 0x41, 0x09, 0x2A, 0xC1, 0x0F, 0xD6, 0x29, 0xDD, 0x58, 0xDF, 0x48, 0x31, 0xAA,
    0x2E, 0x96, 0xCE, 0xB9, 0xFD, 0x8F, 0xB7, 0x97, 0x50, 0x31, 0xB1, 0xD0, 0x1B, 0x5B, 0xB4, 0xA8,
    0x73, 0x30, 0x6B, 0xF5, 0x41, 0xCD, 0xF2, 0x2A, 0x77, 0x5A, 0x88, 0xB1, 0x1E, 0x8F, 0x56, 0x55,
    0x37, 0x5F, 0x1D, 0x87, 0xF5, 0x51, 0xEF, 0x43, 0x74, 0xEE, 0xE2, 0x50, 0x47, 0x9D, 0xEC, 0xCF,
    0x83, 0x8F, 0x3D, 0x5B, 0xC9, 0xEF, 0x7B, 0xD6, 0x60, 0x33, 0xD7, 0x81, 0x51, 0xB8, 0x41, 0x47,
    0x7A, 0xF5, 0x6C, 0x8F, 0x21, 0x6B, 0xA2, 0x31, 0xEE, 0xE4, 0xE8, 0x72, 0x79, 0x26, 0xEE, 0xCD,
    0x83, 0xD0, 0x24, 0x7D, 0xE6, 0x4D, 0x18, 0x39, 0xBA, 0x9B, 0x3C, 0x1C, 0x23, 0xFD, 0x74, 0x5C,
    0xCD, 0xA9, 0x3D, 0xAC, 0x07, 0xE2, 0xF5, 0x63, 0x4D, 0x52, 0x07, 0x52, 0xA5, 0xD7, 0x65, 0x95,
    0x0C, 0xFD, 0xDA, 0x32, 0x3D, 0x69, 0x47, 0x72, 0x59, 0xE8, 0xEB, 0xC3, 0x7D, 0xB1, 0x37, 0x42,
    0x09, 0x19, 0xC2, 0xB6, 0x50, 0xEE, 0x2A, 0xCF, 0x95, 0x3D, 0xF9, 0x2F, 0x2F, 0x8C, 0x3F, 0x6F,
    0xC8, 0x50, 0x83, 0x02, 0x08, 0xAE, 0x8F, 0xF5, 0xAF, 0x25, 0x3C, 0xDF, 0x31, 0x64, 0x55, 0x1C,
    0x0A, 0xC3, 0xD1, 0x0E, 0x90, 0x7C, 0xD2, 0x8B, 0xB1, 0xEC, 0x6F, 0x5E, 0x98, 0xDF, 0x72, 0x16,
    0xD8, 0x8D, 0xCB, 0x02, 0x5C, 0xD7, 0x69, 0xAF, 0x85, 0x3B, 0x27, 0x5E, 0x1B, 0xC8, 0xD0, 0x91,
    0x8B, 0x5A, 0x50, 0x8C, 0xC7, 0xAB, 0x6F, 0x90, 0xEA, 0xCE, 0x48, 0x31, 0x2A, 0x3E, 0x99, 0xD7,
    0x05, 0x07, 0xDF, 0xD3, 0xE3, 0x6C, 0xF1, 0x31, 0x3B, 0x4B, 0x1D, 0x77, 0xA2, 0xA3, 0xBC, 0x3E,
    0xD5, 0x1E, 0xAB, 0xD8, 0xFF, 0xEC, 0x6A, 0x36, 0x1E, 0xA7, 0x6D, 0x3C, 0x20, 0xBB, 0x77, 0xDB,
    0xB3, 0x7B, 0x38, 0xC1, 0xE5, 0x57, 0x3F, 0x7F, 0x70, 0xFD, 0xBD, 0xDC, 0x7C, 0xFE, 0x70, 0xDD,
    0x54, 0x9E, 0x11, 0x05, 0x5B, 0x14, 0xFB, 0x15, 0x90, 0x87, 0xAB, 0x11, 0xA8, 0xEE, 0xB5, 0xDF,
    0x02, 0x42, 0xDC, 0x00, 0xC9, 0x90, 0x38, 0x20, 0xF5, 0xA4, 0x69, 0x52, 0x61, 0xEE, 0x38, 0xDD,
    0x8B, 0x9A, 0xF9, 0xB5, 0x30, 0x50, 0xCE, 0x5E, 0x47, 0xA5, 0x43, 0xEC, 0x42, 0xAC, 0x75, 0xC2,
    0x9D, 0xC4, 0x0B, 0x27, 0xCA, 0x43, 0x61, 0x85, 0x83, 0xB4, 0x85, 0xC5, 0xDD, 0xAC, 0x81, 0x75,
    0x1D, 0x1B, 0x56, 0xEB, 0x85, 0xD9, 0xF8, 0x48, 0x12, 0xA1, 0xCD, 0x92, 0x81, 0x5C, 0x52, 0x96,
    0x7F, 0x80, 0x74, 0x64, 0x5C, 0x5F, 0x97, 0x7E, 0x51, 0x92, 0x81, 0x4C, 0xA8, 0x97, 0x54, 0x12,
    0x69, 0xDE, 0x75, 0xC2, 0xFC, 0x15, 0xD2, 0x66, 0xE4, 0x54, 0x18, 0x05, 0x59, 0x6D, 0xAC, 0x44,
    0xDA, 0x89, 0x77, 0x64, 0x4D, 0x22, 0x34, 0x4E, 0xE2, 0xC9, 0x74, 0x02, 0x19, 0xB2, 0xC6, 0x92,
    0xB5, 0x1E, 0x0D, 0x64, 0x22, 0x27, 0xEC, 0xE3, 0x94, 0xDF, 0x38, 0x1D, 0xDD, 0x35, 0x38, 0x6D,
    0x41, 0x5E, 0x28, 0x75, 0x21, 0x5A, 0xB0, 0x9D, 0x72, 0x7B, 0x7A, 0xB5, 0x68, 0x11, 0x23, 0x5D,
    0x77, 0xB1, 0x78, 0x8D, 0xC4, 0xDF, 0x98, 0xCD, 0x4E, 0x7B, 0xA3, 0xDF, 0x31, 0xB3, 0xD3, 0xF0,
    0x86, 0x84, 0xD5, 0x33, 0xCD, 0x35, 0xBE, 0x1F, 0xC6, 0xD9, 0x89, 0xA5, 0x9C, 0xF9, 0xA3, 0xFD,
    0xFD, 0x3D, 0x3A, 0x43, 0xAE, 0xA8, 0x09, 0x07, 0x26, 0x5C, 0x90, 0x5D, 0x3E, 0xDF, 0x23, 0x09,
    0xDC, 0x56, 0xB1, 0x97, 0x44, 0x7B, 0x1B, 0xFD, 0xCE, 0x54, 0xBD, 0x63, 0xE6, 0x6F, 0x10, 0xA3,
    0x5F, 0x74, 0x94, 0xEE, 0x26, 0x46, 0x51, 0x2E, 0xE9, 0x93, 0x46, 0x75, 0x53, 0xD9, 0x54, 0x35,
    0x14, 0x75, 0x56, 0xAA, 0x66, 0x0A, 0x2A, 0x06, 0x5C, 0x60, 0x9B, 0xD8, 0x21, 0x26, 0x0A, 0x50,
    0x2C, 0xC0, 0x8A, 0x75, 0x4A, 0x05, 0x2A, 0x05, 0x0A, 0x75, 0x46, 0x3F, 0x0C, 0x83, 0xF5, 0x22,
    0xD6, 0x57, 0x22, 0xC5, 0xAA, 0x44, 0x29, 0xA6, 0x61, 0x68, 0x16, 0x05, 0x0A, 0x95, 0x6C, 0x97,
    0x6D, 0x4A, 0x16, 0x72, 0xC1, 0x88, 0xAD, 0xE5, 0x3E, 0xBF, 0xB8, 0x07, 0x0C, 0x10, 0x4A, 0x7E,
    0x25, 0xC7, 0x4C, 0x52, 0xDC, 0xC5, 0x9E, 0x99, 0x4A, 0xD6, 0x4C, 0xDB, 0xB4, 0x15, 0x36, 0x59,
    0x43, 0xCD, 0x8C, 0xA3, 0x66, 0x1B, 0xE6, 0x35, 0x59, 0x94, 0xA6, 0x29, 0x51, 0xC0, 0x04, 0xC7,
    0x26, 0x2D, 0xD4, 0x41, 0xB1, 0x59, 0x4F, 0x32, 0x59, 0x58, 0x84, 0x81, 0xC5, 0x72, 0x47, 0x98,
    0x75, 0xBC, 0xCF, 0x9C, 0x32, 0xBD, 0x5F, 0xA6, 0x69, 0x94, 0x1D, 0x99, 0x8C, 0x24, 0x42, 0x43,
    0x16, 0x3D, 0x99, 0x84, 0x6B, 0x15, 0x58, 0xB8, 0xC7, 0x9F, 0xAB, 0x5F, 0xCF, 0x9D, 0x7D, 0xF7,
    0xE1, 0x60, 0xDC, 0x2F, 0xFD, 0xFC, 0xA9, 0xDC, 0xFD, 0xBA, 0x39, 0x78, 0xAA, 0xA8, 0xAD, 0x7B,
    0xF3, 0x29, 0x49, 0x6B, 0xE3, 0xB7, 0x97, 0xC8, 0xC2, 0xD5, 0xA2, 0x43, 0x7A, 0xCA, 0x4E, 0x9D,
    0x45, 0xF7, 0x7F, 0x05, 0x98, 0xD8, 0xFD, 0x02, 0xF8, 0xFF, 0xB8, 0xFE, 0x29, 0x34, 0x27, 0x75,
    0x41, 0x10, 0x25, 0xD6, 0xEB, 0xA5, 0xD9, 0xEC, 0x4F, 0x58, 0x30, 0x61, 0x72, 0x5D, 0xE7, 0x36,
    0x56, 0xC8, 0xEB, 0xAF, 0xBE, 0xD8, 0x5F, 0x1D, 0x11, 0x04, 0x53, 0xAB, 0xD8, 0xD4, 0xE1, 0x0A,
    0x3A, 0xB8, 0x90, 0x11, 0x5B, 0xB7, 0xF5, 0x07, 0x4A, 0xBF, 0xDE, 0xB7, 0xD4, 0xB1, 0x3D, 0xC0,
    0xAA, 0xCA, 0x7A, 0x4D, 0xEF, 0x66, 0x1E, 0x78, 0x7E, 0xE1, 0x80, 0xC0, 0xBC, 0x8C, 0x25, 0x3D,
    0xAE, 0x7D, 0x6B, 0x50, 0x1A, 0x5E, 0xB6, 0x9E, 0xE7, 0xF1, 0x66, 0x94, 0x2F, 0x89, 0x8A, 0x48,
    0xB5, 0x98, 0x09, 0xE3, 0x14, 0x4F, 0x02, 0xF9, 0xEF, 0xC6, 0x55, 0xFB, 0xA9, 0xD8, 0xBD, 0x98,
    0x86, 0x7C, 0x81, 0x73, 0xDC, 0x9C, 0xDE, 0xEE, 0xA9, 0x5D, 0x29, 0x05, 0x74, 0x0C, 0x54, 0x34,
    0xF5, 0xE7, 0x01, 0xF1, 0x49, 0xD4, 0x8B, 0x07, 0x31, 0x9F, 0xB6, 0xFA, 0x11, 0x24, 0xC8, 0x1D,
    0xFB, 0x4A, 0x29, 0x86, 0x47, 0xB1, 0x9E, 0x0D, 0x90, 0x89, 0xD3, 0xC2, 0x30, 0xA5, 0x39, 0x0D,
    0x63, 0x6F, 0x9D, 0xD9, 0x78, 0x49, 0xAA, 0x17, 0x6C, 0x9B, 0x5A, 0x38, 0x49, 0xDD, 0x9A, 0x3B,
    0x59, 0x2D, 0xB4, 0x9F, 0x3E, 0x98, 0x9D, 0xC0, 0x68, 0xC1, 0xC6, 0xC2, 0xC0, 0x1A, 0x43, 0xE6,
    0xB0, 0xAD, 0xD5, 0xBE, 0x03, 0xC4, 0x0D, 0x26, 0xDF, 0xF9, 0x3F, 0xE1, 0xE1, 0xD1, 0x6E, 0xEC,
    0x70, 0x11, 0xC2, 0x2D, 0x87, 0xC5, 0x2B, 0xEF, 0x7F, 0x5A, 0x62, 0x9E, 0x3E, 0x3B, 0x6A, 0xCA,
    0x6E, 0x42, 0x02, 0xA1, 0x97, 0x73, 0xF2, 0xB1, 0x29, 0x09, 0x7B, 0xFF, 0x45, 0x75, 0x3F, 0xAC,
    0x7F, 0x50, 0x62, 0x8B, 0xE0, 0x38, 0x22, 0xD3, 0x0D, 0x35, 0x4F, 0xCC, 0xD1, 0x86, 0x9A, 0xE7,
    0xAD, 0xC5, 0x87, 0xD0, 0xC6, 0xE6, 0x34, 0xC4, 0x0E, 0xB6, 0xB5, 0xFA, 0x6D, 0x3C, 0xC5, 0x52,
    0xF2, 0x3D, 0xC7, 0x34, 0xD1, 0x9F, 0x06, 0x89, 0x27, 0xD3, 0x96, 0xCC, 0x1A, 0x49, 0xDA, 0xD4,
    0x34, 0x92, 0xB5, 0xB9, 0x71, 0xD2, 0x3D, 0x96, 0x5A, 0xF0, 0x43, 0x5E, 0x93, 0x45, 0xA9, 0xDF,
    0x4A, 0x2A, 0x1A, 0x29, 0x3B, 0xE3, 0xC0, 0xA1, 0xC4, 0xDF, 0xD9, 0xC2, 0xAB, 0x45, 0xD0, 0x98,
    0x16, 0x35, 0x63, 0x2A, 0x1C, 0x69, 0xDC, 0xE6, 0x2F, 0x97, 0x3F, 0x36, 0x16, 0xD6, 0xA5, 0x05,
    0x2C, 0xA2, 0x51, 0x18, 0x89, 0x7C, 0x0C, 0xB0, 0x41, 0xAE, 0x35, 0xBC, 0x35, 0xEE, 0x83, 0xDE,
    0xB0, 0xA6, 0xCC, 0x36, 0x61, 0x15, 0x82, 0xF0, 0xC7, 0x97, 0xFB, 0x50, 0xCF, 0xCA, 0x2F, 0x27,
    0x61, 0xBD, 0x9E, 0x31, 0xE4, 0xC4, 0x28, 0xBF, 0x4B, 0x56, 0x63, 0x09, 0xD6, 0xB2, 0x57, 0x4B,
    0x2D, 0xA2, 0xE0, 0x27, 0x7B, 0x48, 0x7B, 0xFD, 0xFF, 0x1A, 0xF7, 0xDA, 0xBB, 0x80, 0xFD, 0x4D,
    0xCB, 0x9B, 0x71, 0x23, 0xBC, 0x48, 0x9C, 0x70, 0x48, 0xDE, 0x6A, 0x37, 0x13, 0x7E, 0xCD, 0xB8,
    0x23, 0x23, 0x92, 0x57, 0x36, 0xD1, 0x2E, 0x95, 0x95, 0xB2, 0xA8, 0xC9, 0xAC, 0x13, 0x7C, 0xFB,
    0x4E, 0x78, 0x70, 0x02, 0x6D, 0xDF, 0x2B, 0xAE, 0xD6, 0x64, 0x22, 0x38, 0x20, 0xEE, 0x1E, 0xB0,
    0xB6, 0x7B, 0xC8, 0xFD, 0x91, 0x08, 0x25, 0xA6, 0xB0, 0x0E, 0x73, 0x18, 0x45, 0x83, 0x81, 0x67,
    0x84, 0x78, 0x2C, 0x38, 0xE4, 0x17, 0x48, 0xC6, 0xD3, 0x81, 0xB9, 0xAF, 0x89, 0x16, 0x1C, 0xF2,
    0xCC, 0xC3, 0x92, 0x4F, 0x5E, 0x10, 0x15, 0xF3, 0x3D, 0x45, 0x5E, 0x72, 0xD4, 0x96, 0x14, 0x18,
    0x69, 0x0F, 0x3B, 0x5B, 0x78, 0x54, 0xDC, 0xB6, 0xA0, 0xC7, 0xE4, 0xED, 0x46, 0xF0, 0x57, 0x4E,
    0xEE, 0x97, 0x05, 0x51, 0x04, 0xE0, 0x7F, 0x63, 0x0D, 0x75, 0xD0, 0xFF, 0x7F, 0xC0, 0xFE, 0xFF,
    0x01, 0xD1, 0x50, 0x07, 0x00, 0xC5, 0x92, 0x81, 0x86, 0xDC, 0x50, 0x14, 0x86, 0xFF, 0x4D, 0xBA,
    0x82, 0xC5, 0x40, 0x0B, 0x20, 0x40, 0x01, 0xF2, 0x06, 0x3B, 0x79, 0x84, 0xC1, 0xAE, 0x62, 0x1F,
    0xA2, 0x4F, 0xB0, 0x99, 0xBC, 0x4D, 0x5F, 0x62, 0xB2, 0x13, 0xFA, 0x02, 0xD1, 0x27, 0x18, 0x28,
    0x00, 0x17, 0x41, 0x96, 0xCC, 0xDC, 0xDE, 0xCF, 0xB9, 0x8E, 0x51, 0x76, 0xA9, 0x96, 0x2E, 0xEE,
    0x97, 0x35, 0xB9, 0xF7, 0xFE, 0xDF, 0xC9, 0x2F, 0xE9, 0x76, 0xA7, 0xC7, 0x04, 0xC5, 0xA5, 0x8A,
    0x93, 0x54, 0xC6, 0xB9, 0x8E, 0xA3, 0x54, 0x05, 0x6D, 0x7B, 0x49, 0x9B, 0x51, 0x5B, 0x19, 0x07,
    0x58, 0xB7, 0x5A, 0x61, 0x23, 0xA8, 0x9B, 0x63, 0x8C, 0x71, 0x96, 0x36, 0xD1, 0x78, 0x7B, 0x7C,
    0xFC, 0xF2, 0xBA, 0x93, 0x34, 0xA8, 0x0C, 0x09, 0x3A, 0x64, 0xAE, 0xAA, 0x4E, 0xC6, 0xBB, 0x89,
    0x7D, 0x8B, 0xEE, 0xC6, 0xC4, 0x62, 0xD6, 0x06, 0x96, 0xC1, 0x59, 0xF7, 0xC6, 0xA6, 0x95, 0xD8,
    0xC4, 0xF5, 0x69, 0x93, 0xC7, 0xB8, 0xCF, 0xEC, 0x60, 0xDD, 0xFF, 0x16, 0xCB, 0xC8, 0xCB, 0x8B,
    0xF1, 0x66, 0x86, 0x9D, 0x3C, 0x06, 0xFC, 0xB6, 0x14, 0x5F, 0x89, 0x71, 0x0C, 0x65, 0xEC, 0x61,
    0x5F, 0x9E, 0xC5, 0x1F, 0xF3, 0xB0, 0x69, 0x7C, 0x14, 0xB3, 0x78, 0x11, 0x1B, 0x2E, 0xE2, 0xC2,
    0x03, 0xAB, 0x5D, 0x96, 0x27, 0x80, 0xFF, 0xA5, 0x08, 0xC9, 0xFE, 0x52, 0x86, 0xE4, 0xFE, 0xC0,
    0x25, 0x83, 0x30, 0x3D, 0x08, 0xCF, 0x95, 0x1D, 0x62, 0xC5, 0x78, 0xD3, 0xE3, 0x5B, 0xB7, 0x66,
    0xC7, 0xBA, 0x95, 0xAD, 0x6C, 0xE9, 0xB0, 0xC4, 0xC6, 0xAF, 0x5A, 0xF1, 0x13, 0x6B, 0x9B, 0x76,
    0xB3, 0xC5, 0xCC, 0x7C, 0xED, 0x64, 0x4E, 0xC2, 0x48, 0xC2, 0x47, 0xC2, 0xC6, 0x5D, 0x3E, 0x09,
    0x97, 0x4E, 0xB8, 0x0C, 0xB8, 0xF8, 0xD1, 0x62, 0xF5, 0xA3, 0x09, 0x96, 0x5C, 0xCA, 0x6B, 0x97,
    0xD3, 0x7B, 0x2E, 0xF5, 0xB5, 0x8B, 0xDE, 0x73, 0x59, 0xAF, 0x5C, 0x96, 0xBF, 0x70, 0xA1, 0xA7,
    0x5E, 0xD4, 0x5D, 0x6E, 0xEA, 0xF7, 0x90, 0xAB, 0x5A, 0x86, 0xDC, 0x55, 0x62, 0x53, 0x56, 0x79,
    0x2D, 0xBC, 0xAE, 0xDE, 0xD7, 0xF4, 0xBB, 0x15, 0xB6, 0xEE, 0x73, 0x63, 0xF9, 0xA4, 0x83, 0xB9,
    0xE0, 0x8B, 0x48, 0x2E, 0xAD, 0x3D, 0xA0, 0xD3, 0x59, 0x6D, 0x39, 0x1B, 0x77, 0xA4, 0x50, 0xF6,
    0x87, 0x2C, 0xC8, 0x21, 0x38, 0xDA, 0xDE, 0x62, 0xCE, 0xE5, 0xCD, 0x01, 0xEF, 0xF3, 0x83, 0x3A,
    0x7E, 0xB7, 0xFE, 0x56, 0x93, 0x25, 0x4D, 0x67, 0x7B, 0x83, 0xBD, 0xC2, 0xDE, 0x61, 0x2F, 0xB1,
    0xB7, 0xD8, 0x6B, 0xEC, 0x3D, 0xF6, 0x22, 0xFB, 0xC4, 0x76, 0x79, 0x62, 0x3F, 0xE6, 0x37, 0x27,
    0x56, 0xE5, 0x89, 0x79, 0x0E, 0x02, 0xAB, 0xB1, 0x6F, 0xFD, 0xE6, 0xC4, 0x9A, 0x7F, 0x3D, 0xB1,
    0xF9, 0xFF, 0x4F, 0xEC, 0xE6, 0xC1, 0xB6, 0xC7, 0x96, 0x7F, 0x62, 0x3C, 0x25, 0x94, 0x4B, 0xB5,
    0x88, 0x68, 0x5A, 0x45, 0xB0, 0x24, 0x44, 0x1A, 0x2E, 0x48, 0x28, 0x82, 0x88, 0xD4, 0xC4, 0x99,
    0x1C, 0x11, 0x6C, 0xF5, 0xF4, 0x73, 0x07, 0x98, 0xA2, 0x3A, 0x92, 0x3B, 0x06, 0xC3, 0x8A, 0x05,
    0x68, 0x5A, 0x26, 0x44, 0x70, 0xB4, 0x33, 0x3A, 0x89, 0xD8, 0xCF, 0x86, 0x41, 0x5C, 0x0E, 0x38,
    0xF0, 0xF8, 0xC1, 0x3E, 0xDA, 0x19, 0xA8, 0x36, 0xA8, 0x95, 0x1D, 0x48, 0x06, 0x33, 0x30, 0x9F,
    0x17, 0x16, 0x7D, 0xCE, 0xD3, 0x99, 0x0D, 0xD3, 0x1F, 0xD8, 0x8E, 0xD8, 0x26, 0x14, 0xEC, 0xAD,
    0x46, 0x86, 0xD9, 0xC4, 0x29, 0xD9, 0xF2, 0x7A, 0x8C, 0xA1, 0x7C, 0x7D, 0x1A, 0x93, 0xED, 0xDD,
    0x89, 0x70, 0xE9, 0x3D, 0xE2, 0xF0, 0x04, 0xAA, 0x90, 0xD0, 0xAB, 0xBC, 0x58, 0xB8, 0x38, 0x11,
    0x4E, 0x4D, 0xB6, 0x3D, 0x03, 0xE9, 0xA8, 0xCE, 0xF2, 0x3E, 0x1B, 0x06, 0xB0, 0x07, 0x73, 0x71,
    0xC6, 0x36, 0xC6, 0x45, 0xFB, 0xB3, 0xF6, 0x69, 0x3B, 0xB6, 0x44, 0x6E, 0xF5, 0x0B, 0x55, 0x8F,
    0xB1, 0x11, 0xC2, 0x50, 0x0C, 0x43, 0xCD, 0xB9, 0xA0, 0x74, 0x0F, 0x43, 0x64, 0x04, 0x67, 0xB3,
    0x30, 0x02, 0x1B, 0xE5, 0x8F, 0xE0, 0x11, 0x18, 0x81, 0x22, 0xB9, 0xA3, 0x48, 0x10, 0x8A, 0x7E,
    0xC1, 0xC5, 0xCD, 0x2B, 0xF4, 0xEE, 0x24, 0xDB, 0xFF, 0x7C, 0xEC, 0x8C, 0xEA, 0xCC, 0xA5, 0x13,
    0xBB, 0xE0, 0x80, 0x84, 0x00, 0x4A, 0xF1, 0xF3, 0x2E, 0xE1, 0x63, 0xB6, 0x13, 0x4E, 0x26, 0x85,
    0xD8, 0x6E, 0x8F, 0xA4, 0x90, 0x5F, 0xD4, 0x40, 0x01, 0xC0, 0x6B, 0xD8, 0xCD, 0xC9, 0x96, 0x18,
    0x83, 0xB4, 0x09, 0x95, 0xC0, 0x76, 0x01, 0x16, 0xF2, 0x7D, 0x25, 0xE3, 0xD0, 0x80, 0x72, 0x28,
    0x1B, 0x8D, 0x9C, 0x8E, 0xE6, 0x04, 0x18, 0xAB, 0x56, 0xC5, 0x8E, 0x75, 0xD6, 0x10, 0xB4, 0xD4,
    0xB0, 0x6C, 0xAC, 0xE1, 0x45, 0xCB, 0x3A, 0xE8, 0xEB, 0xCC, 0x58, 0xBB, 0xCF, 0x7F, 0x44, 0x9D,
    0xFF, 0xD4, 0xFD, 0x00,
};

static const EpdGlyph notosans_16_italicGlyphs[] = {
    { 0, 0, 0, 0, 0, 0, 0 }, // U+0000
    { 0, 0, 139, 0, 0, 0, 0 }, // U+000D
    { 0, 0, 139, 0, 0, 0, 0 }, // U+0020
    { 10, 25, 139, 0, 24, 63, 0 }, // !
    { 11, 9, 209, 3, 24, 25, 63 }, // "
    { 21, 24, 344, 1, 24, 126, 88 }, // #
    { 17, 28, 294, 1, 26, 119, 214 }, // $
    { 24, 26, 426, 2, 25, 156, 333 }, // %
    { 21, 26, 359, 1, 25, 137, 489 }, // &
    { 5, 9, 117, 3, 24, 12, 626 }, // '
    { 12, 30, 155, 1, 24, 90, 638 }, // (
    { 12, 30, 155, -3, 24, 90, 728 }, // )
    { 16, 16, 294, 3, 26, 64, 818 }, // *
    { 16, 17, 305, 2, 20, 68, 882 }, // +
    { 8, 9, 137, -2, 4, 18, 950 }, // ,
    { 10, 4, 167, 0, 11, 10, 968 }, // -
    { 5, 6, 137, 0, 5, 8, 978 }, // .
    { 17, 24, 190, -2, 24, 102, 986 }, // /
    { 17, 26, 298, 1, 25, 111, 1088 }, // 0
    { 11, 24, 243, 3, 24, 66, 1199 }, // 1
    { 18, 25, 294, -1, 25, 113, 1265 }, // 2
    { 18, 26, 294, -1, 25, 117, 1378 }, // 3
    { 18, 24, 294, 0, 24, 108, 1495 }, // 4
    { 18, 25, 294, 0, 24, 113, 1603 }, // 5
    { 17, 26, 294, 1, 25, 111, 1716 }, // 6
    { 17, 24, 254, 2, 24, 102, 1827 }, // 7
    { 17, 26, 294, 1, 25, 111, 1929 }, // 8
    { 16, 26, 294, 1, 25, 104, 2040 }, // 9
    { 8, 20, 137, 0, 19, 40, 2144 }, // :
    { 10, 24, 137, -2, 19, 60, 2184 }, // ;
    { 17, 18, 305, 2, 21, 77, 2244 }, // <
    { 16, 10, 305, 2, 17, 40, 2321 }, // =
    { 17, 18, 305, 2, 21, 77, 2361 }, // >
    { 14, 26, 229, 2, 25, 91, 2438 }, // ?
    { 27, 28, 452, 1, 24, 189, 2529 }, // @
    { 20, 24, 300, -2, 24, 120, 2718 }, // A
    { 19, 24, 320, 1, 24, 114, 2838 }, // B
    { 20, 26, 313, 2, 25, 130, 2952 }, // C
    { 21, 24, 356, 1, 24, 126, 3082 }, // D
    { 18, 24, 274, 1, 24, 108, 3208 }, // E
    { 18, 24, 254, 1, 24, 108, 3316 }, // F
    { 21, 26, 362, 2, 25, 137, 3424 }, // G
    { 22, 24, 363, 1, 24, 132, 3561 }, // H
    { 14, 24, 173, -1, 24, 84, 3693 }, // I
    { 16, 31, 146, -6, 24, 124, 3777 }, // J
    { 21, 24, 300, 1, 24, 126, 3901 }, // K
    { 13, 24, 255, 1, 24, 78, 4027 }, // L
    { 28, 24, 448, 1, 24, 168, 4105 }, // M
    { 23, 24, 377, 1, 24, 138, 4273 }, // N
    { 21, 26, 384, 2, 25, 137, 4411 }, // O
    { 18, 24, 302, 1, 24, 108, 4548 }, // P
    { 21, 31, 384, 2, 25, 163, 4656 }, // Q
    { 18, 24, 306, 1, 24, 108, 4819 }, // R
    { 18, 26, 269, 0, 25, 117, 4927 }, // S
    { 17, 24, 267, 3, 24, 102, 5044 }, // T
    { 21, 25, 361, 2, 24, 132, 5146 }, // U
    { 19, 24, 294, 3, 24, 114, 5278 }, // V
    { 29, 24, 456, 3, 24, 174, 5392 }, // W
    { 23, 24, 281, -2, 24, 138, 5566 }, // X
    { 18, 24, 271, 3, 24, 108, 5704 }, // Y
    { 21, 24, 283, -1, 24, 126, 5812 }, // Z
    { 14, 30, 155, -1, 24, 105, 5938 }, // [
    { 7, 24, 190, 3, 24, 42, 6043 }, // <backslash>
    { 14, 30, 155, -3, 24, 105, 6085 }, // ]
    { 17, 16, 305, 1, 24, 68, 6190 }, // ^
    { 15, 3, 211, -4, -3, 12, 6258 }, // _
    { 7, 6, 148, 4, 26, 11, 6270 }, // `
    { 18, 20, 303, 1, 19, 90, 6281 }, // a
    { 18, 27, 309, 0, 26, 122, 6371 }, // b
    { 15, 20, 242, 1, 19, 75, 6493 }, // c
    { 19, 27, 309, 1, 26, 129, 6568 }, // d
    { 15, 20, 266, 1, 19, 75, 6697 }, // e
    { 19, 34, 170, -4, 26, 162, 6772 }, // f
    { 19, 27, 309, 0, 19, 129, 6934 }, // g
    { 18, 26, 309, 0, 26, 117, 7063 }, // h
    { 9, 25, 138, 0, 25, 57, 7180 }, // i
    { 14, 33, 138, -5, 25, 116, 7237 }, // j
    { 18, 26, 264, 0, 26, 117, 0 }, // k
    { 10, 26, 138, 0, 26, 65, 117 }, // l
    { 28, 19, 467, 0, 19, 133, 182 }, // m
    { 18, 19, 309, 0, 19, 86, 315 }, // n
    { 17, 20, 300, 1, 19, 85, 401 }, // o
    { 19, 27, 309, -1, 19, 129, 486 }, // p
    { 18, 27, 309, 1, 19, 122, 615 }, // q
    { 15, 19, 212, 0, 19, 72, 737 }, // r
    { 14, 20, 230, 0, 19, 70, 809 }, // s
    { 12, 23, 177, 1, 22, 69, 879 }, // t
    { 18, 19, 309, 1, 18, 86, 948 }, // u
    { 17, 18, 249, 1, 18, 77, 1034 }, // v
    { 25, 18, 386, 1, 18, 113, 1111 }, // w
    { 19, 18, 258, -2, 18, 86, 1224 }, // x
    { 22, 26, 249, -4, 18, 143, 1310 }, // y
    { 16, 18, 237, -1, 18, 72, 1453 }, // z
    { 14, 30, 187, 0, 24, 105, 1525 }, // {
    { 4, 35, 294, 8, 26, 35, 1630 }, // |
    { 14, 30, 187, -2, 24, 105, 1665 }, // }
    { 17, 5, 305, 2, 14, 22, 1770 }, // ~
    { 0, 0, 139, 0, 0, 0, 0 }, // U+00A0
    { 10, 26, 139, -1, 19, 65, 0 }, // U+00A1
    { 15, 26, 294, 3, 25, 98, 65 }, // U+00A2
    { 21, 25, 294, -1, 25, 132, 163 }, // U+00A3
    { 15, 15, 294, 2, 19, 57, 295 }, // U+00A4
    { 19, 24, 294, 2, 24, 114, 352 }, // U+00A5
    { 4, 35, 294, 8, 26, 35, 466 }, // U+00A6
    { 17, 27, 259, 0, 26, 115, 501 }, // U+00A7
    { 10, 4, 295, 7, 25, 10, 616 }, // U+00A8
    { 26, 26, 444, 1, 25, 169, 626 }, // U+00A9
    { 11, 13, 181, 2, 25, 36, 795 }, // U+00AA
    { 15, 15, 254, 1, 16, 57, 831 }, // U+00AB
    { 16, 9, 305, 2, 13, 36, 888 }, // U+00AC
    { 10, 4, 167, 0, 11, 10, 924 }, // U+00AD
    { 26, 26, 444, 1, 25, 169, 934 }, // U+00AE
    { 15, 3, 210, 3, 28, 12, 1103 }, // U+00AF
    { 12, 12, 228, 1, 25, 36, 1115 }, // U+00B0
    { 17, 20, 305, 2, 20, 85, 1151 }, // U+00B1
    { 12, 16, 188, 2, 29, 48, 1236 }, // U+00B2
    { 12, 16, 188, 2, 29, 48, 1284 }, // U+00B3
    { 8, 6, 140, 3, 26, 12, 1332 }, // U+00B4
    { 20, 26, 312, -1, 18, 130, 1344 }, // U+00B5
    { 17, 31, 349, 3, 26, 132, 1474 }, // U+00B6
    { 5, 6, 137, 2, 15, 8, 1606 }, // U+00B7
    { 7, 8, 109, -3, 0, 14, 1614 }, // U+00B8
    { 8, 16, 188, 4, 29, 32, 1628 }, // U+00B9
    { 11, 13, 181, 2, 25, 36, 1660 }, // U+00BA
    { 15, 15, 254, 0, 16, 57, 1696 }, // U+00BB
    { 22, 26, 390, 2, 25, 143, 1753 }, // U+00BC
    { 24, 26, 429, 2, 25, 156, 1896 }, // U+00BD
    { 25, 26, 423, 1, 25, 163, 2052 }, // U+00BE
    { 13, 26, 229, -1, 19, 85, 2215 }, // U+00BF
    { 20, 32, 300, -2, 32, 160, 2300 }, // U+00C0
    { 21, 32, 300, -2, 32, 168, 2460 }, // U+00C1
    { 20, 32, 300, -2, 32, 160, 2628 }, // U+00C2
    { 22, 31, 300, -2, 31, 171, 2788 }, // U+00C3
    { 20, 31, 300, -2, 31, 155, 2959 }, // U+00C4
    { 20, 34, 300, -2, 34, 170, 3114 }, // U+00C5
    { 31, 24, 439, -2, 24, 186, 3284 }, // U+00C6
    { 20, 33, 313, 2, 25, 165, 3470 }, // U+00C7
    { 18, 32, 274, 1, 32, 144, 3635 }, // U+00C8
    { 18, 32, 274, 1, 32, 144, 3779 }, // U+00C9
    { 18, 32, 274, 1, 32, 144, 3923 }, // U+00CA
    { 18, 31, 274, 1, 31, 140, 4067 }, // U+00CB
    { 14, 32, 173, -1, 32, 112, 4207 }, // U+00CC
    { 16, 32, 173, -1, 32, 128, 4319 }, // U+00CD
    { 15, 32, 173, -1, 32, 120, 4447 }, // U+00CE
    { 15, 31, 173, -1, 31, 117, 4567 }, // U+00CF
    { 21, 24, 356, 1, 24, 126, 4684 }, // U+00D0
    { 23, 31, 377, 1, 31, 179, 4810 }, // U+00D1
    { 21, 33, 384, 2, 32, 174, 4989 }, // U+00D2
    { 21, 33, 384, 2, 32, 174, 5163 }, // U+00D3
    { 21, 33, 384, 2, 32, 174, 5337 }, // U+00D4
    { 21, 32, 384, 2, 31, 168, 5511 }, // U+00D5
    { 21, 32, 384, 2, 31, 168, 5679 }, // U+00D6
    { 16, 16, 305, 2, 20, 64, 5847 }, // U+00D7
    { 23, 28, 384, 1, 26, 161, 5911 }, // U+00D8
    { 21, 33, 361, 2, 32, 174, 6072 }, // U+00D9
    { 21, 33, 361, 2, 32, 174, 6246 }, // U+00DA
    { 21, 33, 361, 2, 32, 174, 6420 }, // U+00DB
    { 21, 32, 361, 2, 31, 168, 6594 }, // U+00DC
    { 18, 32, 271, 3, 32, 144, 6762 }, // U+00DD
    { 18, 24, 302, 1, 24, 108, 6906 }, // U+00DE
    { 24, 34, 311, -5, 26, 204, 7014 }, // U+00DF
    { 18, 27, 303, 1, 26, 122, 7218 }, // U+00E0
    { 18, 27, 303, 1, 26, 122, 7340 }, // U+00E1
    { 18, 27, 303, 1, 26, 122, 0 }, // U+00E2
    { 18, 26, 303, 1, 25, 117, 122 }, // U+00E3
    { 18, 26, 303, 1, 25, 117, 239 }, // U+00E4
    { 18, 29, 303, 1, 28, 131, 356 }, // U+00E5
    { 26, 20, 437, 1, 19, 130, 487 }, // U+00E6
    { 15, 27, 242, 1, 19, 102, 617 }, // U+00E7
    { 15, 27, 266, 1, 26, 102, 719 }, // U+00E8
    { 16, 27, 266, 1, 26, 108, 821 }, // U+00E9
    { 15, 27, 266, 1, 26, 102, 929 }, // U+00EA
    { 15, 26, 266, 1, 25, 98, 1031 }, // U+00EB
    { 9, 26, 138, 0, 26, 59, 1129 }, // U+00EC
    { 12, 26, 138, 0, 26, 78, 1188 }, // U+00ED
    { 12, 26, 138, 0, 26, 78, 1266 }, // U+00EE
    { 12, 25, 138, 0, 25, 75, 1344 }, // U+00EF
    { 18, 27, 304, 1, 26, 122, 1419 }, // U+00F0
    { 19, 25, 309, 0, 25, 119, 1541 }, // U+00F1
    { 17, 27, 300, 1, 26, 115, 1660 }, // U+00F2
    { 17, 27, 300, 1, 26, 115, 1775 }, // U+00F3
    { 17, 27, 300, 1, 26, 115, 1890 }, // U+00F4
    { 17, 26, 300, 1, 25, 111, 2005 }, // U+00F5
    { 17, 26, 300, 1, 25, 111, 2116 }, // U+00F6
    { 17, 16, 305, 2, 20, 68, 2227 }, // U+00F7
    { 18, 22, 300, 0, 20, 99, 2295 }, // U+00F8
    { 18, 27, 309, 1, 26, 122, 2394 }, // U+00F9
    { 18, 27, 309, 1, 26, 122, 2516 }, // U+00FA
    { 18, 27, 309, 1, 26, 122, 2638 }, // U+00FB
    { 18, 26, 309, 1, 25, 117, 2760 }, // U+00FC
    { 22, 34, 249, -4, 26, 187, 2877 }, // U+00FD
    { 19, 34, 309, -1, 26, 162, 3064 }, // U+00FE
    { 22, 33, 249, -4, 25, 182, 3226 }, // U+00FF
    { 20, 29, 300, -2, 29, 145, 0 }, // U+0100
    { 18, 24, 303, 1, 23, 108, 145 }, // U+0101
    { 21, 31, 300, -2, 31, 163, 253 }, // U+0102
    { 18, 26, 303, 1, 25, 117, 416 }, // U+0103
    { 20, 32, 300, -2, 24, 160, 533 }, // U+0104
    { 18, 27, 303, 1, 19, 122, 693 }, // U+0105
    { 20, 33, 313, 2, 32, 165, 815 }, // U+0106
    { 15, 27, 242, 1, 26, 102, 980 }, // U+0107
    { 20, 33, 313, 2, 32, 165, 1082 }, // U+0108
    { 15, 27, 242, 1, 26, 102, 1247 }, // U+0109
    { 20, 32, 313, 2, 31, 160, 1349 }, // U+010A
    { 15, 26, 242, 1, 25, 98, 1509 }, // U+010B
    { 20, 33, 313, 2, 32, 165, 1607 }, // U+010C
    { 16, 27, 242, 1, 26, 108, 1772 }, // U+010D
    { 21, 32, 356, 1, 32, 168, 1880 }, // U+010E
    { 25, 27, 327, 1, 26, 169, 2048 }, // U+010F
    { 21, 24, 356, 1, 24, 126, 2217 }, // U+0110
    { 21, 27, 309, 1, 26, 142, 2343 }, // U+0111
    { 18, 29, 274, 1, 29, 131, 2485 }, // U+0112
    { 15, 24, 266, 1, 23, 90, 2616 }, // U+0113
    { 18, 31, 274, 1, 31, 140, 2706 }, // U+0114
    { 16, 26, 266, 1, 25, 104, 2846 }, // U+0115
    { 18, 31, 274, 1, 31, 140, 2950 }, // U+0116
    { 15, 26, 266, 1, 25, 98, 3090 }, // U+0117
    { 18, 32, 274, 1, 24, 144, 3188 }, // U+0118
    { 15, 27, 266, 1, 19, 102, 3332 }, // U+0119
    { 18, 32, 274, 1, 32, 144, 3434 }, // U+011A
    { 16, 27, 266, 1, 26, 108, 3578 }, // U+011B
    { 21, 33, 362, 2, 32, 174, 3686 }, // U+011C
    { 19, 34, 309, 0, 26, 162, 3860 }, // U+011D
    { 21, 32, 362, 2, 31, 168, 4022 }, // U+011E
    { 19, 33, 309, 0, 25, 157, 4190 }, // U+011F
    { 21, 32, 362, 2, 31, 168, 4347 }, // U+0120
    { 19, 33, 309, 0, 25, 157, 4515 }, // U+0121
    { 21, 33, 362, 2, 25, 174, 4672 }, // U+0122
    { 19, 34, 309, 0, 26, 162, 4846 }, // U+0123
    { 22, 32, 363, 1, 32, 176, 5008 }, // U+0124
    { 18, 33, 309, 0, 33, 149, 5184 }, // U+0125
    { 25, 24, 363, 1, 24, 150, 5333 }, // U+0126
    { 18, 26, 309, 0, 26, 117, 5483 }, // U+0127
    { 17, 31, 173, -1, 31, 132, 5600 }, // U+0128
    { 14, 25, 138, 0, 25, 88, 5732 }, // U+0129
    { 15, 29, 173, -1, 29, 109, 5820 }, // U+012A
    { 12, 23, 138, 0, 23, 69, 5929 }, // U+012B
    { 16, 31, 173, -1, 31, 124, 5998 }, // U+012C
    { 13, 25, 138, 0, 25, 82, 6122 }, // U+012D
    { 14, 32, 173, -1, 24, 112, 6204 }, // U+012E
    { 11, 33, 138, -2, 25, 91, 6316 }, // U+012F
    { 14, 31, 173, -1, 31, 109, 6407 }, // U+0130
    { 8, 18, 138, 0, 18, 36, 6516 }, // U+0131
    { 22, 31, 318, -1, 24, 171, 6552 }, // U+0132
    { 18, 33, 275, 0, 25, 149, 6723 }, // U+0133
    { 20, 39, 146, -6, 32, 195, 6872 }, // U+0134
    { 17, 34, 138, -5, 26, 145, 7067 }, // U+0135
    { 21, 32, 300, 1, 24, 168, 7212 }, // U+0136
    { 18, 34, 264, 0, 26, 153, 7380 }, // U+0137
    { 18, 18, 264, 0, 18, 81, 0 }, // U+0138
    { 14, 32, 255, 1, 32, 112, 81 }, // U+0139
    { 14, 33, 138, 0, 33, 116, 193 }, // U+013A
    { 13, 32, 255, 1, 24, 104, 309 }, // U+013B
    { 12, 34, 138, -2, 26, 102, 413 }, // U+013C
    { 17, 24, 255, 1, 24, 102, 515 }, // U+013D
    { 15, 26, 154, 0, 26, 98, 617 }, // U+013E
    { 14, 24, 255, 1, 24, 84, 715 }, // U+013F
    { 12, 26, 158, 0, 26, 78, 799 }, // U+0140
    { 14, 24, 255, 0, 24, 84, 877 }, // U+0141
    { 10, 26, 138, 0, 26, 65, 961 }, // U+0142
    { 23, 32, 377, 1, 32, 184, 1026 }, // U+0143
    { 18, 26, 309, 0, 26, 117, 1210 }, // U+0144
    { 23, 32, 377, 1, 24, 184, 1327 }, // U+0145
    { 18, 27, 309, 0, 19, 122, 1511 }, // U+0146
    { 23, 32, 377, 1, 32, 184, 1633 }, // U+0147
    { 19, 26, 309, 0, 26, 124, 1817 }, // U+0148
    { 20, 24, 350, 1, 24, 120, 1941 }, // U+0149
    { 23, 31, 377, 1, 24, 179, 2061 }, // U+014A
    { 18, 27, 309, 0, 19, 122, 2240 }, // U+014B
    { 21, 30, 384, 2, 29, 158, 2362 }, // U+014C
    { 17, 24, 300, 1, 23, 102, 2520 }, // U+014D
    { 21, 32, 384, 2, 31, 168, 2622 }, // U+014E
    { 17, 26, 300, 1, 25, 111, 2790 }, // U+014F
    { 23, 33, 384, 2, 32, 190, 2901 }, // U+0150
    { 19, 27, 300, 1, 26, 129, 3091 }, // U+0151
    { 28, 26, 458, 2, 25, 182, 3220 }, // U+0152
    { 27, 20, 462, 1, 19, 135, 3402 }, // U+0153
    { 18, 32, 306, 1, 32, 144, 3537 }, // U+0154
    { 16, 26, 212, 0, 26, 104, 3681 }, // U+0155
    { 18, 32, 306, 1, 24, 144, 3785 }, // U+0156
    { 17, 27, 212, -2, 19, 115, 3929 }, // U+0157
    { 19, 32, 306, 1, 32, 152, 4044 }, // U+0158
    { 17, 26, 212, 0, 26, 111, 4196 }, // U+0159
    { 18, 33, 269, 0, 32, 149, 4307 }, // U+015A
    { 15, 27, 230, 0, 26, 102, 4456 }, // U+015B
    { 18, 33, 269, 0, 32, 149, 4558 }, // U+015C
    { 15, 27, 230, 0, 26, 102, 4707 }, // U+015D
    { 18, 33, 269, 0, 25, 149, 4809 }, // U+015E
    { 14, 27, 230, 0, 19, 95, 4958 }, // U+015F
    { 18, 33, 269, 0, 32, 149, 5053 }, // U+0160
    { 16, 27, 230, 0, 26, 108, 5202 }, // U+0161
    { 18, 32, 267, 2, 24, 144, 5310 }, // U+0162
    { 12, 30, 177, 1, 22, 90, 5454 }, // U+0163
    { 17, 32, 267, 3, 32, 136, 5544 }, // U+0164
    { 14, 27, 177, 1, 26, 95, 5680 }, // U+0165
    { 18, 24, 267, 2, 24, 108, 5775 }, // U+0166
    { 13, 23, 177, 0, 22, 75, 5883 }, // U+0167
    { 21, 32, 361, 2, 31, 168, 5958 }, // U+0168
    { 18, 26, 309, 1, 25, 117, 6126 }, // U+0169
    { 21, 30, 361, 2, 29, 158, 6243 }, // U+016A
    { 18, 24, 309, 1, 23, 108, 6401 }, // U+016B
    { 21, 32, 361, 2, 31, 168, 6509 }, // U+016C
    { 18, 26, 309, 1, 25, 117, 6677 }, // U+016D
    { 21, 35, 361, 2, 34, 184, 6794 }, // U+016E
    { 18, 29, 309, 1, 28, 131, 6978 }, // U+016F
    { 22, 33, 361, 2, 32, 182, 7109 }, // U+0170
    { 20, 27, 309, 1, 26, 135, 7291 }, // U+0171
    { 21, 32, 361, 2, 24, 168, 0 }, // U+0172
    { 18, 26, 309, 1, 18, 117, 168 }, // U+0173
    { 29, 32, 456, 3, 32, 232, 285 }, // U+0174
    { 25, 26, 386, 1, 26, 163, 517 }, // U+0175
    { 18, 32, 271, 3, 32, 144, 680 }, // U+0176
    { 22, 34, 249, -4, 26, 187, 824 }, // U+0177
    { 18, 31, 271, 3, 31, 140, 1011 }, // U+0178
    { 21, 32, 283, -1, 32, 168, 1151 }, // U+0179
    { 17, 26, 237, -1, 26, 111, 1319 }, // U+017A
    { 21, 31, 283, -1, 31, 163, 1430 }, // U+017B
    { 16, 25, 237, -1, 25, 100, 1593 }, // U+017C
    { 21, 32, 283, -1, 32, 168, 1693 }, // U+017D
    { 17, 26, 237, -1, 26, 111, 1861 }, // U+017E
    { 20, 34, 151, -5, 26, 170, 1972 }, // U+017F
    { 26, 27, 383, 2, 26, 176, 0 }, // U+01A0
    { 22, 22, 303, 1, 21, 121, 176 }, // U+01A1
    { 27, 27, 388, 2, 26, 183, 297 }, // U+01AF
    { 24, 22, 334, 1, 21, 132, 480 }, // U+01B0
    { 41, 32, 639, 1, 32, 328, 612 }, // U+01C4
    { 38, 26, 593, 1, 26, 247, 940 }, // U+01C5
    { 35, 27, 546, 1, 26, 237, 1187 }, // U+01C6
    { 25, 31, 400, 1, 24, 194, 1424 }, // U+01C7
    { 24, 33, 392, 1, 25, 198, 1618 }, // U+01C8
    { 18, 34, 275, 0, 26, 153, 1816 }, // U+01C9
    { 32, 31, 523, 1, 24, 248, 1969 }, // U+01CA
    { 32, 33, 515, 1, 25, 264, 2217 }, // U+01CB
    { 29, 33, 446, 0, 25, 240, 2481 }, // U+01CC
    { 22, 32, 300, -2, 32, 176, 2721 }, // U+01CD
    { 18, 27, 303, 1, 26, 122, 2897 }, // U+01CE
    { 17, 32, 173, -1, 32, 136, 3019 }, // U+01CF
    { 13, 26, 138, 0, 26, 85, 3155 }, // U+01D0
    { 21, 33, 384, 2, 32, 174, 3240 }, // U+01D1
    { 17, 27, 300, 1, 26, 115, 3414 }, // U+01D2
    { 21, 33, 361, 2, 32, 174, 3529 }, // U+01D3
    { 18, 27, 309, 1, 26, 122, 3703 }, // U+01D4
    { 21, 35, 361, 2, 34, 184, 3825 }, // U+01D5
    { 18, 29, 309, 1, 28, 131, 4009 }, // U+01D6
    { 21, 36, 361, 2, 35, 189, 4140 }, // U+01D7
    { 18, 31, 309, 1, 30, 140, 4329 }, // U+01D8
    { 21, 38, 361, 2, 37, 200, 4469 }, // U+01D9
    { 18, 32, 309, 1, 31, 144, 4669 }, // U+01DA
    { 21, 36, 361, 2, 35, 189, 4813 }, // U+01DB
    { 18, 31, 309, 1, 30, 140, 5002 }, // U+01DC
    { 15, 20, 263, 0, 19, 75, 5142 }, // U+01DD
    { 22, 34, 300, -2, 34, 187, 5217 }, // U+01DE
    { 18, 29, 303, 1, 28, 131, 5404 }, // U+01DF
    { 21, 34, 300, -2, 34, 179, 5535 }, // U+01E0
    { 18, 29, 303, 1, 28, 131, 5714 }, // U+01E1
    { 31, 29, 439, -2, 29, 225, 5845 }, // U+01E2
    { 26, 24, 437, 1, 23, 156, 6070 }, // U+01E3
    { 21, 26, 362, 2, 25, 137, 6226 }, // U+01E4
    { 19, 27, 269, 0, 19, 129, 6363 }, // U+01E5
    { 21, 33, 362, 2, 32, 174, 6492 }, // U+01E6
    { 19, 34, 309, 0, 26, 162, 6666 }, // U+01E7
    { 21, 32, 300, 1, 32, 168, 6828 }, // U+01E8
    { 18, 33, 264, 0, 33, 149, 6996 }, // U+01E9
    { 21, 33, 384, 2, 25, 174, 7145 }, // U+01EA
    { 17, 27, 300, 1, 19, 115, 7319 }, // U+01EB
    { 21, 37, 384, 2, 29, 195, 0 }, // U+01EC
    { 17, 31, 300, 1, 23, 132, 195 }, // U+01ED
    { 19, 33, 282, 0, 32, 157, 327 }, // U+01EE
    { 19, 34, 247, -3, 26, 162, 484 }, // U+01EF
    { 18, 34, 138, -5, 26, 153, 646 }, // U+01F0
    { 41, 24, 639, 1, 24, 246, 799 }, // U+01F1
    { 36, 24, 593, 1, 24, 216, 1045 }, // U+01F2
    { 33, 27, 546, 1, 26, 223, 1261 }, // U+01F3
    { 21, 33, 362, 2, 32, 174, 1484 }, // U+01F4
    { 19, 34, 309, 0, 26, 162, 1658 }, // U+01F5
    { 29, 25, 479, 1, 24, 182, 1820 }, // U+01F6
    { 23, 33, 336, -1, 25, 190, 2002 }, // U+01F7
    { 23, 32, 377, 1, 32, 184, 2192 }, // U+01F8
    { 18, 26, 309, 0, 26, 117, 2376 }, // U+01F9
    { 21, 32, 300, -2, 32, 168, 2493 }, // U+01FA
    { 18, 33, 303, 1, 32, 149, 2661 }, // U+01FB
    { 31, 32, 439, -2, 32, 248, 2810 }, // U+01FC
    { 26, 27, 437, 1, 26, 176, 3058 }, // U+01FD
    { 23, 34, 384, 1, 32, 196, 3234 }, // U+01FE
    { 18, 28, 300, 0, 26, 126, 3430 }, // U+01FF
    { 20, 32, 300, -2, 32, 160, 3556 }, // U+0200
    { 18, 27, 303, 1, 26, 122, 3716 }, // U+0201
    { 20, 31, 300, -2, 31, 155, 3838 }, // U+0202
    { 18, 26, 303, 1, 25, 117, 3993 }, // U+0203
    { 18, 32, 274, 1, 32, 144, 4110 }, // U+0204
    { 15, 27, 266, 1, 26, 102, 4254 }, // U+0205
    { 18, 31, 274, 1, 31, 140, 4356 }, // U+0206
    { 15, 26, 266, 1, 25, 98, 4496 }, // U+0207
    { 14, 32, 173, -1, 32, 112, 4594 }, // U+0208
    { 12, 26, 138, -2, 26, 78, 4706 }, // U+0209
    { 15, 31, 173, -1, 31, 117, 4784 }, // U+020A
    { 12, 25, 138, 0, 25, 75, 4901 }, // U+020B
    { 21, 33, 384, 2, 32, 174, 4976 }, // U+020C
    { 17, 27, 300, 1, 26, 115, 5150 }, // U+020D
    { 21, 32, 384, 2, 31, 168, 5265 }, // U+020E
    { 17, 26, 300, 1, 25, 111, 5433 }, // U+020F
    { 18, 32, 306, 1, 32, 144, 5544 }, // U+0210
    { 15, 26, 212, 0, 26, 98, 5688 }, // U+0211
    { 18, 31, 306, 1, 31, 140, 5786 }, // U+0212
    { 15, 25, 212, 0, 25, 94, 5926 }, // U+0213
    { 21, 33, 361, 2, 32, 174, 6020 }, // U+0214
    { 18, 27, 309, 1, 26, 122, 6194 }, // U+0215
    { 21, 32, 361, 2, 31, 168, 6316 }, // U+0216
    { 18, 26, 309, 1, 25, 117, 6484 }, // U+0217
    { 18, 33, 269, 0, 25, 149, 6601 }, // U+0218
    { 14, 27, 230, 0, 19, 95, 6750 }, // U+0219
    { 18, 32, 267, 2, 24, 144, 6845 }, // U+021A
    { 12, 30, 177, 1, 22, 90, 6989 }, // U+021B
    { 22, 31, 307, -2, 25, 171, 7079 }, // U+021C
    { 19, 27, 264, -3, 19, 129, 7250 }, // U+021D
    { 22, 32, 363, 1, 32, 176, 0 }, // U+021E
    { 18, 33, 309, 0, 33, 149, 176 }, // U+021F
    { 6, 6, 0, -13, 26, 9, 0 }, // U+0300
    { 8, 6, 0, -8, 26, 12, 9 }, // U+0301
    { 11, 6, 0, -3, 26, 17, 21 }, // U+0302
    { 13, 5, 0, -14, 25, 17, 38 }, // U+0303
    { 11, 3, 0, -3, 23, 9, 55 }, // U+0304
    { 14, 4, 0, -3, 29, 14, 64 }, // U+0305
    { 10, 5, 0, -2, 25, 13, 78 }, // U+0306
    { 4, 5, 0, 1, 25, 5, 91 }, // U+0307
    { 10, 4, 0, -2, 25, 10, 96 }, // U+0308
    { 7, 9, 0, -10, 28, 16, 106 }, // U+0309
    { 8, 8, 0, -1, 28, 16, 122 }, // U+030A
    { 13, 6, 0, -2, 26, 20, 138 }, // U+030B
    { 11, 6, 0, -2, 26, 17, 158 }, // U+030C
    { 6, 10, 0, 0, 26, 15, 175 }, // U+030D
    { 10, 7, 0, -2, 26, 18, 190 }, // U+030E
    { 12, 6, 0, -17, 26, 18, 208 }, // U+030F
    { 11, 9, 0, -2, 29, 25, 226 }, // U+0310
    { 11, 5, 0, -3, 25, 14, 251 }, // U+0311
    { 7, 9, 0, -1, 24, 16, 265 }, // U+0312
    { 7, 9, 0, -1, 24, 16, 281 }, // U+0313
    { 5, 9, 0, 0, 24, 12, 297 }, // U+0314
    { 7, 9, 0, -1, 24, 16, 309 }, // U+0315
    { 7, 6, 0, -7, -1, 11, 325 }, // U+0316
    { 8, 6, 0, -5, -1, 12, 336 }, // U+0317
    { 8, 8, 0, -6, 0, 16, 348 }, // U+0318
    { 8, 8, 0, -7, 0, 16, 364 }, // U+0319
    { 10, 10, 174, 3, 26, 25, 380 }, // U+031A
    { 8, 8, 0, -2, 26, 16, 405 }, // U+031B
    { 5, 8, 0, -2, 0, 10, 421 }, // U+031C
    { 8, 6, 0, -7, -1, 12, 431 }, // U+031D
    { 8, 6, 0, -6, -1, 12, 443 }, // U+031E
    { 9, 8, 0, -7, 0, 18, 455 }, // U+031F
    { 8, 3, 0, -7, -2, 6, 473 }, // U+0320
    { 8, 10, 0, -7, 2, 20, 479 }, // U+0321
    { 7, 10, 0, -4, 2, 18, 499 }, // U+0322
    { 4, 4, 0, -14, -2, 4, 517 }, // U+0323
    { 10, 4, 0, -8, -2, 10, 521 }, // U+0324
    { 8, 8, 0, -7, 0, 16, 531 }, // U+0325
    { 6, 6, 0, 2, -2, 9, 547 }, // U+0326
    { 7, 8, 0, -6, 0, 14, 556 }, // U+0327
    { 6, 8, 0, -5, 0, 12, 570 }, // U+0328
    { 5, 10, 0, -5, -1, 13, 582 }, // U+0329
    { 14, 7, 0, -10, -1, 25, 595 }, // U+032A
    { 14, 4, 0, -9, -2, 14, 620 }, // U+032B
    { 11, 6, 0, -7, -1, 17, 634 }, // U+032C
    { 11, 6, 0, -8, -1, 17, 651 }, // U+032D
    { 10, 5, 0, -7, -1, 13, 668 }, // U+032E
    { 11, 5, 0, -8, -1, 14, 681 }, // U+032F
    { 13, 5, 0, -9, -1, 17, 695 }, // U+0330
    { 10, 3, 0, -8, -2, 8, 712 }, // U+0331
    { 15, 3, 0, -10, -3, 12, 720 }, // U+0332
    { 15, 8, 0, -10, 0, 30, 732 }, // U+0333
    { 14, 5, 0, -7, 12, 18, 762 }, // U+0334
    { 14, 4, 0, -7, 12, 14, 780 }, // U+0335
    { 24, 3, 0, -12, 11, 18, 794 }, // U+0336
    { 10, 8, 0, -5, 14, 20, 812 }, // U+0337
    { 20, 28, 0, -10, 26, 140, 832 }, // U+0338
    { 5, 8, 0, -2, 0, 10, 972 }, // U+0339
    { 14, 7, 0, -10, -1, 25, 982 }, // U+033A
    { 14, 8, 0, -10, 0, 28, 1007 }, // U+033B
    { 13, 4, 0, -9, -2, 13, 1035 }, // U+033C
    { 8, 7, 0, -1, 26, 14, 1048 }, // U+033D
    { 8, 10, 0, -1, 29, 20, 1062 }, // U+033E
    { 15, 8, 0, -3, 33, 30, 1082 }, // U+033F
    { 7, 6, 0, -2, 26, 11, 1112 }, // U+0340
    { 8, 6, 0, 1, 26, 12, 1123 }, // U+0341
    { 13, 5, 0, 5, 25, 17, 1135 }, // U+0342
    { 5, 6, 0, 1, 26, 8, 1152 }, // U+0343
    { 13, 6, 0, -3, 26, 20, 1160 }, // U+0344
    { 6, 6, 0, -4, -2, 9, 1180 }, // U+0345
    { 16, 7, 0, -5, 26, 28, 1189 }, // U+0346
    { 16, 8, 0, -10, 0, 32, 1217 }, // U+0347
    { 10, 7, 0, -8, -1, 18, 1249 }, // U+0348
    { 8, 6, 0, -6, -2, 12, 1267 }, // U+0349
    { 14, 8, 0, -4, 26, 28, 1279 }, // U+034A
    { 13, 12, 0, -3, 31, 39, 1307 }, // U+034B
    { 13, 9, 0, -3, 29, 30, 1346 }, // U+034C
    { 13, 7, 0, -9, -1, 23, 1376 }, // U+034D
    { 7, 8, 0, -6, 0, 14, 1399 }, // U+034E
    { 24, 24, 0, -12, 24, 144, 1413 }, // U+034F
    { 6, 8, 0, 0, 27, 12, 1557 }, // U+0350
    { 5, 8, 0, 4, 28, 10, 1569 }, // U+0351
    { 10, 9, 0, -2, 29, 23, 1579 }, // U+0352
    { 8, 7, 0, -6, -1, 14, 1602 }, // U+0353
    { 6, 7, 0, -5, -1, 11, 1616 }, // U+0354
    { 7, 7, 0, -5, -1, 13, 1627 }, // U+0355
    { 13, 7, 0, -8, -1, 23, 1640 }, // U+0356
    { 5, 8, 0, 3, 28, 10, 1663 }, // U+0357
    { 4, 5, 0, 1, 25, 5, 1673 }, // U+0358
    { 9, 7, 0, -7, -1, 16, 1678 }, // U+0359
    { 13, 8, 0, -9, 0, 26, 1694 }, // U+035A
    { 7, 8, 0, 0, 27, 14, 1720 }, // U+035B
    { 24, 7, 0, -14, -1, 42, 1734 }, // U+035C
    { 24, 7, 0, -9, 26, 42, 1776 }, // U+035D
    { 18, 3, 0, -6, 23, 14, 1818 }, // U+035E
    { 17, 3, 0, -11, -2, 13, 1832 }, // U+035F
    { 26, 5, 0, -10, 25, 33, 1845 }, // U+0360
    { 24, 7, 0, -9, 29, 42, 1878 }, // U+0361
    { 25, 7, 0, -16, -1, 44, 1920 }, // U+0362
    { 9, 8, 0, -1, 28, 18, 1964 }, // U+0363
    { 7, 8, 0, 0, 28, 14, 1982 }, // U+0364
    { 5, 11, 0, 1, 31, 14, 1996 }, // U+0365
    { 8, 8, 0, -1, 28, 16, 2010 }, // U+0366
    { 9, 8, 0, -1, 28, 18, 2026 }, // U+0367
    { 7, 8, 0, 0, 28, 14, 2044 }, // U+0368
    { 9, 11, 0, -1, 31, 25, 2058 }, // U+0369
    { 8, 11, 0, -1, 31, 22, 2083 }, // U+036A
    { 12, 8, 0, -3, 28, 24, 2105 }, // U+036B
    { 7, 8, 0, 0, 28, 14, 2129 }, // U+036C
    { 6, 10, 0, 1, 30, 15, 2143 }, // U+036D
    { 8, 8, 0, 0, 28, 16, 2158 }, // U+036E
    { 9, 8, 0, -1, 28, 18, 2174 }, // U+036F
    { 18, 32, 270, 1, 32, 144, 0 }, // U+0400
    { 18, 31, 270, 1, 31, 140, 144 }, // U+0401
    { 18, 25, 355, 3, 24, 113, 284 }, // U+0402
    { 18, 32, 252, 1, 32, 144, 397 }, // U+0403
    { 20, 26, 310, 1, 25, 130, 541 }, // U+0404
    { 18, 26, 269, 0, 25, 117, 671 }, // U+0405
    { 9, 24, 144, 1, 24, 54, 788 }, // U+0406
    { 12, 31, 145, 1, 31, 93, 842 }, // U+0407
    { 16, 31, 146, -6, 24, 124, 935 }, // U+0408
    { 32, 25, 494, -2, 24, 200, 1059 }, // U+0409
    { 29, 24, 491, 1, 24, 174, 1259 }, // U+040A
    { 18, 24, 363, 3, 24, 108, 1433 }, // U+040B
    { 21, 32, 300, 1, 32, 168, 1541 }, // U+040C
    { 23, 32, 366, 1, 32, 184, 1709 }, // U+040D
    { 22, 32, 300, 0, 31, 176, 1893 }, // U+040E
    { 22, 30, 353, 1, 24, 165, 2069 }, // U+040F
    { 20, 24, 304, -2, 24, 120, 2234 }, // U+0410
    { 18, 24, 294, 1, 24, 108, 2354 }, // U+0411
    { 19, 24, 313, 1, 24, 114, 2462 }, // U+0412
    { 17, 24, 252, 1, 24, 102, 2576 }, // U+0413
    { 26, 30, 367, -3, 24, 195, 2678 }, // U+0414
    { 18, 24, 270, 1, 24, 108, 2873 }, // U+0415
    { 32, 24, 428, -2, 24, 192, 2981 }, // U+0416
    { 19, 26, 278, -1, 25, 124, 3173 }, // U+0417
    { 23, 24, 366, 1, 24, 138, 3297 }, // U+0418
    { 23, 31, 366, 1, 31, 179, 3435 }, // U+0419
    { 21, 24, 300, 1, 24, 126, 3614 }, // U+041A
    { 25, 25, 358, -2, 24, 157, 3740 }, // U+041B
    { 27, 24, 447, 1, 24, 162, 3897 }, // U+041C
    { 22, 24, 360, 1, 24, 132, 4059 }, // U+041D
    { 21, 26, 371, 2, 25, 137, 4191 }, // U+041E
    { 22, 24, 355, 1, 24, 132, 4328 }, // U+041F
    { 18, 24, 292, 1, 24, 108, 4460 }, // U+0420
    { 19, 26, 310, 2, 25, 124, 4568 }, // U+0421
    { 17, 24, 279, 3, 24, 102, 4692 }, // U+0422
    { 22, 25, 300, 0, 24, 138, 4794 }, // U+0423
    { 25, 26, 420, 1, 25, 163, 4932 }, // U+0424
    { 23, 24, 286, -2, 24, 138, 5095 }, // U+0425
    { 22, 30, 361, 1, 24, 165, 5233 }, // U+0426
    { 18, 24, 332, 3, 24, 108, 5398 }, // U+0427
    { 31, 24, 508, 1, 24, 186, 5506 }, // U+0428
    { 31, 30, 516, 1, 24, 233, 5692 }, // U+0429
    { 17, 24, 339, 3, 24, 102, 5925 }, // U+042A
    { 26, 24, 423, 1, 24, 156, 6027 }, // U+042B
    { 16, 24, 292, 1, 24, 96, 6183 }, // U+042C
    { 20, 26, 312, 0, 25, 130, 6279 }, // U+042D
    { 30, 26, 501, 1, 25, 195, 6409 }, // U+042E
    { 22, 24, 308, -2, 24, 132, 6604 }, // U+042F
    { 18, 20, 302, 1, 19, 90, 6736 }, // U+0430
    { 18, 27, 295, 1, 26, 122, 6826 }, // U+0431
    { 16, 20, 276, 1, 19, 80, 6948 }, // U+0432
    { 15, 20, 245, 0, 19, 75, 7028 }, // U+0433
    { 17, 27, 297, 1, 26, 115, 7103 }, // U+0434
    { 15, 20, 262, 1, 19, 75, 7218 }, // U+0435
    { 31, 20, 468, -1, 19, 155, 7293 }, // U+0436
    { 14, 20, 238, 0, 19, 70, 7448 }, // U+0437
    { 18, 19, 303, 1, 18, 86, 0 }, // U+0438
    { 18, 26, 303, 1, 25, 117, 86 }, // U+0439
    { 18, 18, 269, 0, 18, 81, 203 }, // U+043A
    { 21, 19, 302, -2, 18, 100, 284 }, // U+043B
    { 25, 18, 398, 0, 18, 113, 384 }, // U+043C
    { 19, 18, 305, 0, 18, 86, 497 }, // U+043D
    { 17, 20, 298, 1, 19, 85, 583 }, // U+043E
    { 18, 19, 301, 0, 19, 86, 668 }, // U+043F
    { 19, 27, 305, -1, 19, 129, 754 }, // U+0440
    { 15, 20, 246, 1, 19, 75, 883 }, // U+0441
    { 28, 19, 462, 0, 19, 133, 958 }, // U+0442
    { 21, 26, 260, -3, 18, 137, 1091 }, // U+0443
    { 21, 34, 357, 1, 26, 179, 1228 }, // U+0444
    { 19, 18, 244, -2, 18, 86, 1407 }, // U+0445
    { 18, 23, 317, 1, 18, 104, 1493 }, // U+0446
    { 16, 18, 296, 2, 18, 72, 1597 }, // U+0447
    { 28, 19, 462, 1, 18, 133, 1669 }, // U+0448
    { 28, 23, 475, 1, 18, 161, 1802 }, // U+0449
    { 18, 19, 318, 1, 18, 86, 1963 }, // U+044A
    { 23, 19, 390, 1, 18, 110, 2049 }, // U+044B
    { 15, 19, 274, 1, 18, 72, 2159 }, // U+044C
    { 15, 20, 253, 0, 19, 75, 2231 }, // U+044D
    { 25, 20, 414, 0, 19, 125, 2306 }, // U+044E
    { 19, 18, 272, -2, 18, 86, 2431 }, // U+044F
    { 15, 27, 262, 1, 26, 102, 2517 }, // U+0450
    { 16, 26, 262, 1, 25, 104, 2619 }, // U+0451
    { 18, 34, 307, 0, 26, 153, 2723 }, // U+0452
    { 16, 27, 245, 0, 26, 108, 2876 }, // U+0453
    { 15, 20, 247, 1, 19, 75, 2984 }, // U+0454
    { 14, 20, 230, 0, 19, 70, 3059 }, // U+0455
    { 10, 25, 138, 0, 25, 63, 3129 }, // U+0456
    { 11, 25, 132, 0, 25, 69, 3192 }, // U+0457
    { 14, 33, 132, -5, 25, 116, 3261 }, // U+0458
    { 28, 19, 435, -2, 18, 133, 3377 }, // U+0459
    { 26, 19, 430, 0, 18, 124, 3510 }, // U+045A
    { 18, 26, 307, 0, 26, 117, 3634 }, // U+045B
    { 18, 26, 269, 0, 26, 117, 3751 }, // U+045C
    { 18, 27, 303, 1, 26, 122, 3868 }, // U+045D
    { 21, 33, 260, -3, 25, 174, 3990 }, // U+045E
    { 18, 25, 303, 1, 18, 113, 4164 }, // U+045F
    { 30, 25, 490, 3, 24, 188, 4277 }, // U+0460
    { 26, 18, 421, 2, 18, 117, 4465 }, // U+0461
    { 16, 24, 314, 2, 24, 96, 4582 }, // U+0462
    { 26, 20, 445, 0, 19, 130, 4678 }, // U+0463
    { 30, 26, 460, 1, 25, 195, 4808 }, // U+0464
    { 24, 20, 370, 0, 19, 120, 5003 }, // U+0465
    { 21, 24, 324, -2, 24, 126, 5123 }, // U+0466
    { 18, 18, 285, -2, 18, 81, 5249 }, // U+0467
    { 26, 24, 453, 1, 24, 156, 5330 }, // U+0468
    { 23, 18, 390, 0, 18, 104, 5486 }, // U+0469
    { 26, 24, 355, -2, 24, 156, 5590 }, // U+046A
    { 22, 18, 320, -2, 18, 99, 5746 }, // U+046B
    { 31, 24, 491, 1, 24, 186, 5845 }, // U+046C
    { 27, 18, 428, 0, 18, 122, 6031 }, // U+046D
    { 20, 36, 287, -2, 29, 180, 6153 }, // U+046E
    { 17, 30, 242, -2, 23, 128, 6333 }, // U+046F
    { 25, 24, 396, 3, 24, 150, 6461 }, // U+0470
    { 22, 34, 386, 1, 26, 187, 6611 }, // U+0471
    { 21, 26, 384, 2, 25, 137, 6798 }, // U+0472
    { 17, 20, 300, 1, 19, 85, 6935 }, // U+0473
    { 20, 24, 302, 3, 24, 120, 7020 }, // U+0474
    { 17, 18, 240, 1, 18, 77, 7140 }, // U+0475
    { 20, 32, 302, 3, 32, 160, 7217 }, // U+0476
    { 17, 26, 240, 1, 26, 111, 7377 }, // U+0477
    { 40, 33, 633, 2, 25, 330, 0 }, // U+0478
    { 35, 27, 549, 1, 19, 237, 330 }, // U+0479
    { 22, 29, 395, 2, 26, 160, 567 }, // U+047A
    { 17, 22, 311, 1, 20, 94, 727 }, // U+047B
    { 29, 36, 511, 2, 35, 261, 821 }, // U+047C
    { 25, 31, 426, 1, 30, 194, 1082 }, // U+047D
    { 30, 31, 490, 3, 30, 233, 1276 }, // U+047E
    { 26, 24, 421, 2, 24, 156, 1509 }, // U+047F
    { 20, 33, 313, 2, 25, 165, 1665 }, // U+0480
    { 15, 27, 242, 1, 19, 102, 1830 }, // U+0481
    { 18, 22, 325, 1, 21, 99, 1932 }, // U+0482
    { 14, 5, 0, -14, 24, 18, 2031 }, // U+0483
    { 14, 5, 0, -14, 25, 18, 2049 }, // U+0484
    { 4, 6, 0, -9, 26, 6, 2067 }, // U+0485
    { 5, 6, 0, -9, 26, 8, 2073 }, // U+0486
    { 14, 5, 0, -3, 30, 18, 2081 }, // U+0487
    { 38, 36, 0, -19, 27, 342, 2099 }, // U+0488
    { 38, 38, 0, -19, 28, 361, 2441 }, // U+0489
    { 23, 38, 379, 1, 31, 219, 2802 }, // U+048A
    { 18, 33, 311, 1, 26, 149, 3021 }, // U+048B
    { 16, 24, 295, 1, 24, 96, 3170 }, // U+048C
    { 14, 27, 279, 2, 26, 95, 3266 }, // U+048D
    { 18, 24, 303, 1, 24, 108, 3361 }, // U+048E
    { 19, 27, 309, -1, 19, 129, 3469 }, // U+048F
    { 19, 29, 255, 1, 29, 138, 3598 }, // U+0490
    { 16, 24, 208, 0, 24, 96, 3736 }, // U+0491
    { 18, 24, 253, 1, 24, 108, 3832 }, // U+0492
    { 15, 18, 208, 0, 18, 68, 3940 }, // U+0493
    { 18, 33, 325, 1, 24, 149, 4008 }, // U+0494
    { 15, 27, 266, 0, 18, 102, 4157 }, // U+0495
    { 32, 31, 443, -2, 24, 248, 4259 }, // U+0496
    { 31, 26, 453, -1, 19, 202, 4507 }, // U+0497
    { 19, 33, 278, -1, 25, 157, 4709 }, // U+0498
    { 14, 27, 238, 0, 19, 95, 4866 }, // U+0499
    { 21, 31, 325, 1, 24, 163, 4961 }, // U+049A
    { 18, 25, 282, 0, 18, 113, 5124 }, // U+049B
    { 21, 24, 307, 1, 24, 126, 5237 }, // U+049C
    { 19, 18, 259, 0, 18, 86, 5363 }, // U+049D
    { 21, 24, 300, 1, 24, 126, 5449 }, // U+049E
    { 18, 26, 259, 0, 26, 117, 5575 }, // U+049F
    { 22, 24, 340, 3, 24, 132, 5692 }, // U+04A0
    { 20, 18, 303, 1, 18, 90, 5824 }, // U+04A1
    { 22, 31, 366, 1, 24, 171, 5914 }, // U+04A2
    { 20, 25, 323, 0, 18, 125, 6085 }, // U+04A3
    { 28, 24, 403, 1, 24, 168, 6210 }, // U+04A4
    { 25, 18, 368, 0, 18, 113, 6378 }, // U+04A5
    { 30, 33, 533, 1, 24, 248, 6491 }, // U+04A6
    { 26, 27, 438, 0, 18, 176, 6739 }, // U+04A7
    { 21, 27, 384, 2, 25, 142, 6915 }, // U+04A8
    { 18, 20, 320, 1, 19, 90, 7057 }, // U+04A9
    { 20, 33, 313, 2, 25, 165, 7147 }, // U+04AA
    { 15, 27, 242, 1, 19, 102, 7312 }, // U+04AB
    { 17, 31, 267, 3, 24, 132, 7414 }, // U+04AC
    { 28, 26, 474, 0, 19, 182, 0 }, // U+04AD
    { 18, 24, 271, 3, 24, 108, 182 }, // U+04AE
    { 17, 26, 249, 1, 18, 111, 290 }, // U+04AF
    { 20, 24, 271, 1, 24, 120, 401 }, // U+04B0
    { 19, 26, 249, -1, 18, 124, 521 }, // U+04B1
    { 23, 31, 309, -2, 24, 179, 645 }, // U+04B2
    { 19, 25, 281, -1, 18, 119, 824 }, // U+04B3
    { 24, 31, 417, 3, 24, 186, 943 }, // U+04B4
    { 20, 25, 351, 1, 18, 125, 1129 }, // U+04B5
    { 19, 31, 344, 3, 24, 148, 1254 }, // U+04B6
    { 16, 25, 295, 2, 18, 100, 1402 }, // U+04B7
    { 19, 24, 343, 3, 24, 114, 1502 }, // U+04B8
    { 16, 18, 298, 2, 18, 72, 1616 }, // U+04B9
    { 19, 24, 343, 1, 24, 114, 1688 }, // U+04BA
    { 18, 26, 309, 0, 26, 117, 1802 }, // U+04BB
    { 24, 26, 408, 2, 25, 156, 1919 }, // U+04BC
    { 19, 20, 319, 1, 19, 95, 2075 }, // U+04BD
    { 24, 32, 408, 2, 25, 192, 2170 }, // U+04BE
    { 19, 26, 319, 1, 19, 124, 2362 }, // U+04BF
    { 14, 24, 173, -1, 24, 84, 2486 }, // U+04C0
    { 32, 31, 428, -2, 31, 248, 2570 }, // U+04C1
    { 31, 26, 468, -1, 25, 202, 2818 }, // U+04C2
    { 21, 33, 339, 1, 24, 174, 3020 }, // U+04C3
    { 18, 27, 279, 0, 18, 122, 3194 }, // U+04C4
    { 24, 31, 352, -2, 24, 186, 3316 }, // U+04C5
    { 20, 26, 292, -2, 19, 130, 3502 }, // U+04C6
    { 22, 33, 363, 1, 24, 182, 3632 }, // U+04C7
    { 20, 27, 320, 0, 18, 135, 3814 }, // U+04C8
    { 22, 31, 369, 1, 24, 171, 3949 }, // U+04C9
    { 20, 25, 323, 0, 18, 125, 4120 }, // U+04CA
    { 19, 31, 343, 3, 24, 148, 4245 }, // U+04CB
    { 16, 25, 309, 3, 18, 100, 4393 }, // U+04CC
    { 28, 31, 454, 1, 24, 217, 4493 }, // U+04CD
    { 23, 25, 374, 0, 18, 144, 4710 }, // U+04CE
    { 14, 24, 173, -1, 24, 84, 4854 }, // U+04CF
    { 21, 31, 300, -2, 31, 163, 4938 }, // U+04D0
    { 18, 26, 303, 1, 25, 117, 5101 }, // U+04D1
    { 20, 31, 300, -2, 31, 155, 5218 }, // U+04D2
    { 18, 26, 303, 1, 25, 117, 5373 }, // U+04D3
    { 31, 24, 439, -2, 24, 186, 5490 }, // U+04D4
    { 26, 20, 437, 1, 19, 130, 5676 }, // U+04D5
    { 18, 31, 274, 1, 31, 140, 5806 }, // U+04D6
    { 17, 26, 266, 1, 25, 111, 5946 }, // U+04D7
    { 20, 26, 352, 1, 25, 130, 6057 }, // U+04D8
    { 15, 20, 263, 0, 19, 75, 6187 }, // U+04D9
    { 20, 32, 352, 1, 31, 160, 6262 }, // U+04DA
    { 16, 26, 263, 0, 25, 104, 6422 }, // U+04DB
    { 32, 31, 428, -2, 31, 248, 6526 }, // U+04DC
    { 31, 26, 468, -1, 25, 202, 6774 }, // U+04DD
    { 19, 32, 278, -1, 31, 152, 6976 }, // U+04DE
    { 15, 26, 238, 0, 25, 98, 7128 }, // U+04DF
    { 19, 25, 282, 0, 24, 119, 7226 }, // U+04E0
    { 18, 26, 247, -3, 18, 117, 7345 }, // U+04E1
    { 23, 29, 366, 1, 29, 167, 7462 }, // U+04E2
    { 18, 24, 309, 1, 23, 108, 7629 }, // U+04E3
    { 23, 31, 366, 1, 31, 179, 0 }, // U+04E4
    { 18, 26, 309, 1, 25, 117, 179 }, // U+04E5
    { 21, 32, 384, 2, 31, 168, 296 }, // U+04E6
    { 17, 26, 300, 1, 25, 111, 464 }, // U+04E7
    { 21, 26, 384, 2, 25, 137, 575 }, // U+04E8
    { 17, 20, 300, 1, 19, 85, 712 }, // U+04E9
    { 21, 32, 384, 2, 31, 168, 797 }, // U+04EA
    { 17, 26, 300, 1, 25, 111, 965 }, // U+04EB
    { 20, 32, 312, 0, 31, 160, 1076 }, // U+04EC
    { 15, 26, 253, 0, 25, 98, 1236 }, // U+04ED
    { 22, 30, 300, 0, 29, 165, 1334 }, // U+04EE
    { 22, 31, 249, -4, 23, 171, 1499 }, // U+04EF
    { 22, 32, 300, 0, 31, 176, 1670 }, // U+04F0
    { 22, 33, 249, -4, 25, 182, 1846 }, // U+04F1
    { 22, 33, 300, 0, 32, 182, 2028 }, // U+04F2
    { 22, 34, 249, -4, 26, 187, 2210 }, // U+04F3
    { 18, 31, 332, 3, 31, 140, 2397 }, // U+04F4
    { 16, 25, 296, 2, 25, 100, 2537 }, // U+04F5
    { 18, 31, 255, 1, 24, 140, 2637 }, // U+04F6
    { 15, 25, 208, 0, 18, 94, 2777 }, // U+04F7
    { 26, 31, 423, 1, 31, 202, 2871 }, // U+04F8
    { 23, 26, 390, 1, 25, 150, 3073 }, // U+04F9
    { 19, 31, 253, 0, 24, 148, 3223 }, // U+04FA
    { 16, 25, 208, -1, 18, 100, 3371 }, // U+04FB
    { 23, 31, 280, -2, 24, 179, 3471 }, // U+04FC
    { 19, 25, 256, -2, 18, 119, 3650 }, // U+04FD
    { 23, 24, 281, -2, 24, 138, 3769 }, // U+04FE
    { 19, 18, 258, -2, 18, 86, 3907 }, // U+04FF
    { 20, 30, 300, -2, 24, 150, 0 }, // U+1EA0
    { 18, 25, 303, 1, 19, 113, 150 }, // U+1EA1
    { 20, 33, 300, -2, 33, 165, 263 }, // U+1EA2
    { 18, 29, 303, 1, 28, 131, 428 }, // U+1EA3
    { 25, 33, 300, -2, 33, 207, 559 }, // U+1EA4
    { 21, 29, 303, 1, 28, 153, 766 }, // U+1EA5
    { 20, 33, 300, -2, 33, 165, 919 }, // U+1EA6
    { 18, 29, 303, 1, 28, 131, 1084 }, // U+1EA7
    { 24, 35, 300, -2, 35, 210, 1215 }, // U+1EA8
    { 20, 30, 303, 1, 29, 150, 1425 }, // U+1EA9
    { 23, 36, 300, -2, 36, 207, 1575 }, // U+1EAA
    { 18, 31, 303, 1, 30, 140, 1782 }, // U+1EAB
    { 20, 38, 300, -2, 32, 190, 1922 }, // U+1EAC
    { 18, 32, 303, 1, 26, 144, 2112 }, // U+1EAD
    { 21, 35, 300, -2, 35, 184, 2256 }, // U+1EAE
    { 18, 30, 303, 1, 29, 135, 2440 }, // U+1EAF
    { 21, 35, 300, -2, 35, 184, 2575 }, // U+1EB0
    { 18, 30, 303, 1, 29, 135, 2759 }, // U+1EB1
    { 21, 36, 300, -2, 36, 189, 2894 }, // U+1EB2
    { 18, 31, 303, 1, 30, 140, 3083 }, // U+1EB3
    { 22, 36, 300, -2, 36, 198, 3223 }, // U+1EB4
    { 18, 31, 303, 1, 30, 140, 3421 }, // U+1EB5
    { 21, 37, 300, -2, 31, 195, 3561 }, // U+1EB6
    { 18, 31, 303, 1, 25, 140, 3756 }, // U+1EB7
    { 18, 30, 274, 1, 24, 135, 3896 }, // U+1EB8
    { 15, 25, 266, 1, 19, 94, 4031 }, // U+1EB9
    { 18, 33, 274, 1, 33, 149, 4125 }, // U+1EBA
    { 15, 29, 266, 1, 28, 109, 4274 }, // U+1EBB
    { 19, 31, 274, 1, 31, 148, 4383 }, // U+1EBC
    { 17, 26, 266, 1, 25, 111, 4531 }, // U+1EBD
    { 22, 33, 274, 1, 33, 182, 4642 }, // U+1EBE
    { 20, 29, 266, 1, 28, 145, 4824 }, // U+1EBF
    { 18, 33, 274, 1, 33, 149, 4969 }, // U+1EC0
    { 15, 29, 266, 1, 28, 109, 5118 }, // U+1EC1
    { 21, 35, 274, 1, 35, 184, 5227 }, // U+1EC2
    { 19, 30, 266, 1, 29, 143, 5411 }, // U+1EC3
    { 19, 36, 274, 1, 36, 171, 5554 }, // U+1EC4
    { 18, 31, 266, 1, 30, 140, 5725 }, // U+1EC5
    { 18, 38, 274, 1, 32, 171, 5865 }, // U+1EC6
    { 15, 32, 266, 1, 26, 120, 6036 }, // U+1EC7
    { 15, 33, 173, -1, 33, 124, 6156 }, // U+1EC8
    { 12, 28, 138, 0, 28, 84, 6280 }, // U+1EC9
    { 14, 30, 173, -1, 24, 105, 6364 }, // U+1ECA
    { 10, 31, 138, -1, 25, 78, 6469 }, // U+1ECB
    { 21, 31, 384, 2, 25, 163, 6547 }, // U+1ECC
    { 17, 25, 300, 1, 19, 107, 6710 }, // U+1ECD
    { 21, 34, 384, 2, 33, 179, 6817 }, // U+1ECE
    { 17, 29, 300, 1, 28, 124, 6996 }, // U+1ECF
    { 24, 34, 384, 2, 33, 204, 7120 }, // U+1ED0
    { 20, 29, 300, 1, 28, 145, 7324 }, // U+1ED1
    { 21, 34, 384, 2, 33, 179, 0 }, // U+1ED2
    { 17, 29, 300, 1, 28, 124, 179 }, // U+1ED3
    { 23, 36, 384, 2, 35, 207, 303 }, // U+1ED4
    { 19, 30, 300, 1, 29, 143, 510 }, // U+1ED5
    { 21, 37, 384, 2, 36, 195, 653 }, // U+1ED6
    { 18, 31, 300, 1, 30, 140, 848 }, // U+1ED7
    { 21, 38, 384, 2, 32, 200, 988 }, // U+1ED8
    { 17, 32, 300, 1, 26, 136, 1188 }, // U+1ED9
    { 26, 33, 383, 2, 32, 215, 1324 }, // U+1EDA
    { 22, 27, 303, 1, 26, 149, 1539 }, // U+1EDB
    { 26, 33, 383, 2, 32, 215, 1688 }, // U+1EDC
    { 22, 27, 303, 1, 26, 149, 1903 }, // U+1EDD
    { 26, 34, 383, 2, 33, 221, 2052 }, // U+1EDE
    { 22, 29, 303, 1, 28, 160, 2273 }, // U+1EDF
    { 26, 32, 383, 2, 31, 208, 2433 }, // U+1EE0
    { 22, 26, 303, 1, 25, 143, 2641 }, // U+1EE1
    { 26, 32, 383, 2, 26, 208, 2784 }, // U+1EE2
    { 22, 27, 303, 1, 21, 149, 2992 }, // U+1EE3
    { 21, 30, 361, 2, 24, 158, 3141 }, // U+1EE4
    { 18, 24, 309, 1, 18, 108, 3299 }, // U+1EE5
    { 21, 34, 361, 2, 33, 179, 3407 }, // U+1EE6
    { 18, 29, 309, 1, 28, 131, 3586 }, // U+1EE7
    { 27, 33, 388, 2, 32, 223, 3717 }, // U+1EE8
    { 24, 27, 334, 1, 26, 162, 3940 }, // U+1EE9
    { 27, 33, 388, 2, 32, 223, 4102 }, // U+1EEA
    { 24, 27, 334, 1, 26, 162, 4325 }, // U+1EEB
    { 27, 34, 388, 2, 33, 230, 4487 }, // U+1EEC
    { 24, 29, 334, 1, 28, 174, 4717 }, // U+1EED
    { 27, 32, 388, 2, 31, 216, 4891 }, // U+1EEE
    { 24, 26, 334, 1, 25, 156, 5107 }, // U+1EEF
    { 27, 32, 388, 2, 26, 216, 5263 }, // U+1EF0
    { 24, 27, 334, 1, 21, 162, 5479 }, // U+1EF1
    { 18, 32, 271, 3, 32, 144, 5641 }, // U+1EF2
    { 22, 34, 249, -4, 26, 187, 5785 }, // U+1EF3
    { 18, 30, 271, 3, 24, 135, 5972 }, // U+1EF4
    { 22, 26, 249, -4, 18, 143, 6107 }, // U+1EF5
    { 18, 33, 271, 3, 33, 149, 6250 }, // U+1EF6
    { 22, 36, 249, -4, 28, 198, 6399 }, // U+1EF7
    { 18, 31, 271, 3, 31, 140, 6597 }, // U+1EF8
    { 22, 33, 249, -4, 25, 182, 6737 }, // U+1EF9
    { 0, 0, 267, 0, 0, 0, 0 }, // U+2000
    { 0, 0, 533, 0, 0, 0, 0 }, // U+2001
    { 0, 0, 267, 0, 0, 0, 0 }, // U+2002
    { 0, 0, 533, 0, 0, 0, 0 }, // U+2003
    { 0, 0, 178, 0, 0, 0, 0 }, // U+2004
    { 0, 0, 133, 0, 0, 0, 0 }, // U+2005
    { 0, 0, 89, 0, 0, 0, 0 }, // U+2006
    { 0, 0, 294, 0, 0, 0, 0 }, // U+2007
    { 0, 0, 137, 0, 0, 0, 0 }, // U+2008
    { 0, 0, 89, 0, 0, 0, 0 }, // U+2009
    { 0, 0, 53, 0, 0, 0, 0 }, // U+200A
    { 0, 0, 0, 0, 0, 0, 0 }, // U+200B
    { 0, 0, 0, 0, 0, 0, 0 }, // U+200C
    { 0, 0, 0, 0, 0, 0, 0 }, // U+200D
    { 9, 28, 0, -1, 23, 63, 0 }, // U+200E
    { 9, 28, 0, -8, 23, 63, 63 }, // U+200F
    { 10, 4, 167, 0, 11, 10, 126 }, // U+2010
    { 10, 4, 167, 0, 11, 10, 136 }, // U+2011
    { 17, 4, 294, 1, 14, 17, 146 }, // U+2012
    { 15, 4, 256, 0, 11, 15, 163 }, // U+2013
    { 31, 4, 512, 0, 11, 31, 178 }, // U+2014
    { 31, 4, 512, 0, 11, 31, 209 }, // U+2015
    { 10, 35, 294, 5, 26, 88, 240 }, // U+2016
    { 16, 8, 211, -4, 0, 32, 328 }, // U+2017
    { 7, 9, 93, 2, 24, 16, 360 }, // U+2018
    { 7, 9, 93, 2, 24, 16, 376 }, // U+2019
    { 7, 9, 130, -2, 4, 16, 392 }, // U+201A
    { 5, 9, 93, 3, 24, 12, 408 }, // U+201B
    { 13, 9, 191, 2, 24, 30, 420 }, // U+201C
    { 13, 9, 191, 2, 24, 30, 450 }, // U+201D
    { 14, 9, 227, -2, 4, 32, 480 }, // U+201E
    { 10, 9, 191, 3, 24, 23, 512 }, // U+201F
    { 13, 26, 251, 3, 26, 85, 535 }, // U+2020
    { 16, 26, 251, 1, 26, 104, 620 }, // U+2021
    { 8, 9, 201, 3, 17, 18, 724 }, // U+2022
    { 11, 11, 196, 1, 18, 31, 742 }, // U+2023
    { 5, 6, 267, 4, 5, 8, 773 }, // U+2024
    { 14, 6, 270, 0, 5, 21, 781 }, // U+2025
    { 22, 6, 410, 0, 5, 33, 802 }, // U+2026
    { 5, 6, 137, 2, 12, 8, 835 }, // U+2027
    { 0, 0, 320, 0, 0, 0, 843 }, // U+2028
    { 0, 0, 320, 0, 0, 0, 843 }, // U+2029
    { 9, 26, 0, -1, 21, 59, 843 }, // U+202A
    { 9, 26, 0, -8, 21, 59, 902 }, // U+202B
    { 8, 28, 0, -4, 23, 56, 961 }, // U+202C
    { 8, 28, 0, -4, 23, 56, 1017 }, // U+202D
    { 8, 28, 0, -4, 23, 56, 1073 }, // U+202E
    { 0, 0, 89, 0, 0, 0, 1129 }, // U+202F
    { 35, 26, 600, 2, 25, 228, 1129 }, // U+2030
    { 45, 26, 775, 2, 25, 293, 1357 }, // U+2031
    { 8, 9, 117, 2, 24, 18, 1650 }, // U+2032
    { 14, 9, 207, 2, 24, 32, 1668 }, // U+2033
    { 19, 9, 298, 2, 24, 43, 1700 }, // U+2034
    { 5, 9, 144, 4, 24, 12, 1743 }, // U+2035
    { 11, 9, 226, 4, 24, 25, 1755 }, // U+2036
    { 16, 9, 308, 4, 24, 36, 1780 }, // U+2037
    { 13, 11, 213, -3, 3, 36, 1816 }, // U+2038
    { 9, 15, 153, 1, 16, 34, 1852 }, // U+2039
    { 9, 15, 153, 0, 16, 34, 1886 }, // U+203A
    { 26, 26, 446, 1, 25, 169, 1920 }, // U+203B
    { 17, 25, 263, 0, 24, 107, 2089 }, // U+203C
    { 14, 26, 230, 2, 25, 91, 2196 }, // U+203D
    { 15, 3, 210, 3, 28, 12, 2287 }, // U+203E
    { 18, 7, 289, -2, -1, 32, 2299 }, // U+203F
    { 18, 8, 289, 2, 27, 36, 2331 }, // U+2040
    { 16, 22, 182, -4, 14, 88, 2367 }, // U+2041
    { 36, 31, 596, 0, 26, 279, 2455 }, // U+2042
    { 9, 4, 153, 0, 11, 9, 2734 }, // U+2043
    { 21, 24, 69, -8, 24, 126, 2743 }, // U+2044
    { 14, 30, 155, -1, 24, 105, 2869 }, // U+2045
    { 14, 30, 155, -3, 24, 105, 2974 }, // U+2046
    { 28, 26, 459, 2, 25, 182, 3079 }, // U+2047
    { 22, 26, 368, 2, 25, 143, 3261 }, // U+2048
    { 24, 26, 368, 0, 25, 156, 3404 }, // U+2049
    { 17, 18, 277, 2, 18, 77, 3560 }, // U+204A
    { 17, 31, 319, 3, 26, 132, 3637 }, // U+204B
    { 18, 17, 341, 1, 18, 77, 3769 }, // U+204C
    { 18, 17, 341, 2, 18, 77, 3846 }, // U+204D
    { 17, 16, 294, -1, 9, 68, 3923 }, // U+204E
    { 7, 24, 137, 1, 19, 42, 3991 }, // U+204F
    { 22, 35, 289, -2, 27, 193, 4033 }, // U+2050
    { 19, 33, 294, 0, 26, 157, 4226 }, // U+2051
    { 13, 26, 198, 0, 25, 85, 4383 }, // U+2052
    { 29, 6, 533, 3, 13, 44, 4468 }, // U+2053
    { 18, 8, 289, -3, 0, 36, 4512 }, // U+2054
    { 18, 18, 305, 0, 17, 81, 4548 }, // U+2055
    { 15, 26, 276, 1, 25, 98, 4629 }, // U+2056
    { 25, 9, 387, 2, 24, 57, 4727 }, // U+2057
    { 25, 26, 438, 1, 25, 163, 4784 }, // U+2058
    { 25, 26, 442, 1, 25, 163, 4947 }, // U+2059
    { 5, 26, 118, 1, 25, 33, 5110 }, // U+205A
    { 20, 26, 349, 1, 25, 130, 5143 }, // U+205B
    { 25, 26, 424, 1, 25, 163, 5273 }, // U+205C
    { 5, 25, 143, 2, 24, 32, 5436 }, // U+205D
    { 5, 26, 143, 3, 25, 33, 5468 }, // U+205E
    { 0, 0, 118, 0, 0, 0, 5501 }, // U+205F
    { 0, 0, 320, 0, 0, 0, 5501 }, // U+2060
    { 0, 0, 320, 0, 0, 0, 5501 }, // U+2061
    { 0, 0, 320, 0, 0, 0, 5501 }, // U+2062
    { 0, 0, 320, 0, 0, 0, 5501 }, // U+2063
    { 0, 0, 320, 0, 0, 0, 5501 }, // U+2064
    { 0, 0, 320, 0, 0, 0, 5501 }, // U+2066
    { 0, 0, 320, 0, 0, 0, 5501 }, // U+2067
    { 0, 0, 320, 0, 0, 0, 5501 }, // U+2068
    { 0, 0, 320, 0, 0, 0, 5501 }, // U+2069
    { 8, 28, 0, -4, 23, 56, 5501 }, // U+206A
    { 8, 28, 0, -4, 23, 56, 5557 }, // U+206B
    { 8, 28, 0, -4, 23, 56, 5613 }, // U+206C
    { 8, 29, 0, -4, 24, 58, 5669 }, // U+206D
    { 8, 28, 0, -4, 23, 56, 5727 }, // U+206E
    { 8, 28, 0, -4, 23, 56, 5783 }, // U+206F
    { 11, 16, 188, 3, 29, 44, 0 }, // U+2070
    { 6, 16, 119, 2, 25, 24, 44 }, // U+2071
    { 12, 16, 188, 2, 29, 48, 68 }, // U+2074
    { 11, 16, 188, 3, 29, 44, 116 }, // U+2075
    { 11, 16, 188, 3, 29, 44, 160 }, // U+2076
    { 12, 16, 188, 3, 29, 48, 204 }, // U+2077
    { 12, 16, 188, 2, 29, 48, 252 }, // U+2078
    { 11, 16, 188, 3, 29, 44, 300 }, // U+2079
    { 10, 10, 180, 3, 25, 25, 344 }, // U+207A
    { 10, 3, 180, 3, 22, 8, 369 }, // U+207B
    { 10, 6, 180, 3, 23, 15, 377 }, // U+207C
    { 9, 18, 99, 3, 30, 41, 392 }, // U+207D
    { 8, 18, 99, 0, 30, 36, 433 }, // U+207E
    { 12, 12, 201, 2, 21, 36, 469 }, // U+207F
    { 11, 16, 188, -1, 11, 44, 505 }, // U+2080
    { 7, 16, 188, 1, 11, 28, 549 }, // U+2081
    { 12, 16, 188, -2, 11, 48, 577 }, // U+2082
    { 12, 16, 188, -2, 11, 48, 625 }, // U+2083
    { 12, 16, 188, -2, 11, 48, 673 }, // U+2084
    { 11, 16, 188, -1, 11, 44, 721 }, // U+2085
    { 11, 16, 188, -1, 11, 44, 765 }, // U+2086
    { 12, 16, 188, -1, 11, 48, 809 }, // U+2087
    { 11, 16, 188, -1, 11, 44, 857 }, // U+2088
    { 11, 16, 188, -1, 11, 44, 901 }, // U+2089
    { 10, 10, 180, -1, 7, 25, 945 }, // U+208A
    { 10, 3, 180, -1, 4, 8, 970 }, // U+208B
    { 10, 6, 180, -1, 5, 15, 978 }, // U+208C
    { 8, 18, 99, 0, 12, 36, 993 }, // U+208D
    { 8, 18, 99, -4, 12, 36, 1029 }, // U+208E
    { 12, 12, 197, -1, 8, 36, 1065 }, // U+2090
    { 10, 12, 173, -1, 8, 30, 1101 }, // U+2091
    { 11, 12, 195, -1, 8, 33, 1131 }, // U+2092
    { 13, 12, 167, -3, 8, 39, 1164 }, // U+2093
    { 10, 12, 173, -2, 8, 30, 1203 }, // U+2094
    { 11, 16, 232, 0, 12, 44, 1233 }, // U+2095
    { 11, 16, 187, 0, 12, 44, 1277 }, // U+2096
    { 6, 16, 125, 0, 12, 24, 1321 }, // U+2097
    { 18, 12, 335, 0, 8, 54, 1345 }, // U+2098
    { 12, 12, 201, -2, 8, 36, 1399 }, // U+2099
    { 13, 16, 201, -3, 8, 52, 1435 }, // U+209A
    { 9, 12, 164, -1, 8, 27, 1487 }, // U+209B
    { 8, 14, 115, -1, 10, 28, 1514 }, // U+209C
    { 17, 25, 294, 2, 25, 107, 0 }, // U+20A0
    { 19, 28, 294, 1, 26, 133, 107 }, // U+20A1
    { 18, 26, 294, 2, 25, 117, 240 }, // U+20A2
    { 20, 24, 294, 0, 24, 120, 357 }, // U+20A3
    { 21, 25, 294, -1, 25, 132, 477 }, // U+20A4
    { 28, 27, 467, 0, 23, 189, 609 }, // U+20A5
    { 20, 24, 294, 0, 24, 120, 798 }, // U+20A6
    { 24, 25, 393, 0, 24, 150, 918 }, // U+20A7
    { 27, 25, 428, 0, 24, 169, 1068 }, // U+20A8
    { 24, 24, 331, 0, 24, 144, 1237 }, // U+20A9
    { 28, 24, 426, 0, 24, 168, 1381 }, // U+20AA
    { 22, 32, 309, 0, 26, 176, 1549 }, // U+20AB
    { 20, 26, 294, 1, 25, 130, 1725 }, // U+20AC
    { 21, 24, 300, 1, 24, 126, 1855 }, // U+20AD
    { 19, 24, 267, 1, 24, 114, 1981 }, // U+20AE
    { 32, 33, 517, 0, 25, 264, 2095 }, // U+20AF
    { 21, 33, 294, -2, 25, 174, 2359 }, // U+20B0
    { 20, 24, 294, 1, 24, 120, 2533 }, // U+20B1
    { 21, 29, 362, 2, 26, 153, 2653 }, // U+20B2
    { 22, 24, 300, -2, 24, 132, 2806 }, // U+20B3
    { 20, 26, 269, -1, 25, 130, 2938 }, // U+20B4
    { 20, 29, 313, 2, 26, 145, 3068 }, // U+20B5
    { 21, 23, 303, 0, 22, 121, 3213 }, // U+20B6
    { 24, 28, 350, -1, 25, 168, 3334 }, // U+20B7
    { 17, 24, 262, 2, 24, 102, 3502 }, // U+20B8
    { 17, 24, 294, 3, 24, 102, 3604 }, // U+20B9
    { 19, 25, 294, 0, 24, 119, 3706 }, // U+20BA
    { 22, 26, 357, 1, 25, 143, 3825 }, // U+20BB
    { 24, 24, 396, -1, 24, 144, 3968 }, // U+20BC
    { 21, 24, 310, -1, 24, 126, 4112 }, // U+20BD
    { 22, 28, 313, -1, 28, 154, 4238 }, // U+20BE
    { 18, 32, 294, 1, 28, 144, 4392 }, // U+20BF
    { 10, 4, 167, 0, 11, 10, 0 }, // U+2212
    { 30, 34, 340, -4, 26, 255, 0 }, // U+FB00
    { 24, 34, 307, -4, 26, 204, 255 }, // U+FB01
    { 24, 34, 307, -4, 26, 204, 459 }, // U+FB02
    { 35, 34, 478, -4, 26, 298, 663 }, // U+FB03
    { 35, 34, 478, -4, 26, 298, 961 }, // U+FB04
    { 27, 34, 328, -5, 26, 230, 1259 }, // U+FB05
    { 27, 27, 407, 0, 26, 183, 1489 }, // U+FB06
    { 31, 32, 533, 1, 26, 248, 0 }, // U+FFFD
};

static const EpdUnicodeInterval notosans_16_italicIntervals[] = {
    { 0x0, 0x0, 0x0 },
    { 0xD, 0xD, 0x1 },
    { 0x20, 0x7E, 0x2 },
    { 0xA0, 0x17F, 0x61 },
    { 0x1A0, 0x1A1, 0x141 },
    { 0x1AF, 0x1B0, 0x143 },
    { 0x1C4, 0x21F, 0x145 },
    { 0x300, 0x36F, 0x1A1 },
    { 0x400, 0x4FF, 0x211 },
    { 0x1EA0, 0x1EF9, 0x311 },
    { 0x2000, 0x2064, 0x36B },
    { 0x2066, 0x2071, 0x3D0 },
    { 0x2074, 0x208E, 0x3DC },
    { 0x2090, 0x209C, 0x3F7 },
    { 0x20A0, 0x20BF, 0x404 },
    { 0x2212, 0x2212, 0x424 },
    { 0xFB00, 0xFB06, 0x425 },
    { 0xFFFD, 0xFFFD, 0x42C },
};

static const EpdFontGroup notosans_16_italicGroups[] = {
    { 0, 3368, 8100, 77, 0 },
    { 3368, 942, 1960, 20, 77 },
    { 4310, 2626, 8106, 66, 97 },
    { 6936, 1095, 3747, 30, 163 },
    { 8031, 2039, 8175, 56, 193 },
    { 10070, 2129, 8144, 58, 249 },
    { 12199, 803, 2379, 14, 307 },
    { 13002, 2530, 8127, 44, 321 },
    { 15532, 2821, 8024, 50, 365 },
    { 18353, 185, 357, 2, 415 },
    { 18538, 1517, 2456, 112, 417 },
    { 20055, 2925, 8104, 56, 529 },
    { 22980, 3359, 8082, 64, 585 },
    { 26339, 3368, 8067, 53, 649 },
    { 29707, 3015, 8103, 55, 702 },
    { 32722, 1372, 4321, 28, 757 },
    { 34094, 1489, 8111, 50, 785 },
    { 35583, 1280, 7461, 40, 835 },
    { 36863, 2515, 6453, 111, 875 },
    { 39378, 1000, 1688, 42, 986 },
    { 40378, 2429, 4815, 32, 1028 },
    { 42807, 14, 12, 1, 1060 },
    { 42821, 553, 1719, 7, 1061 },
    { 43374, 134, 256, 1, 1068 },
};

static const uint16_t notosans_16_italicKernLeftCodepoints[] = {
    0x0020, 0x0022, 0x0026, 0x0027, 0x0028, 0x002C, 0x002D, 0x002E, 0x0041, 0x0042, 0x0043, 0x0044,
    0x0045, 0x0046, 0x004B, 0x004C, 0x004F, 0x0050, 0x0051, 0x0052, 0x0054, 0x0055, 0x0056, 0x0057,
    0x0058, 0x0059, 0x005A, 0x005B, 0x005F, 0x0061, 0x0062, 0x0063, 0x0065, 0x0066, 0x006B, 0x006F,
    0x0070, 0x0072, 0x0074, 0x0076, 0x0077, 0x0078, 0x0079, 0x007B, 0x00A1, 0x00AB, 0x00BB, 0x00BF,
    0x00C0, 0x00C1, 0x00C2, 0x00C3, 0x00C4, 0x00C5, 0x00C6, 0x00C7, 0x00C8, 0x00C9, 0x00CA, 0x00CB,
    0x00D0, 0x00D2, 0x00D3, 0x00D4, 0x00D5, 0x00D6, 0x00D8, 0x00D9, 0x00DA, 0x00DB, 0x00DC, 0x00DD,
    0x00DE, 0x00E0, 0x00E1, 0x00E2, 0x00E3, 0x00E4, 0x00E5, 0x00E6, 0x00E8, 0x00E9, 0x00EA, 0x00EB,
    0x00EF, 0x00F0, 0x00F2, 0x00F3, 0x00F4, 0x00F5, 0x00F6, 0x00F8, 0x00FD, 0x00FE, 0x00FF, 0x0100,
    0x0101, 0x0102, 0x0103, 0x0104, 0x0105, 0x0106, 0x0108, 0x010A, 0x010C, 0x010E, 0x010F, 0x0110,
    0x0112, 0x0113, 0x0114, 0x0115, 0x0116, 0x0117, 0x0118, 0x0119, 0x011A, 0x011B, 0x0129, 0x012B,
    0x012E, 0x0136, 0x0137, 0x0138, 0x0139, 0x013B, 0x013D, 0x013E, 0x013F, 0x0141, 0x014C, 0x014D,
    0x014E, 0x014F, 0x0150, 0x0151, 0x0152, 0x0153, 0x0155, 0x0157, 0x0159, 0x0162, 0x0163, 0x0164,
    0x0165, 0x0166, 0x0167, 0x0168, 0x016A, 0x016C, 0x016E, 0x0170, 0x0172, 0x0174, 0x0175, 0x0176,
    0x0177, 0x0178, 0x0179, 0x017B, 0x017D, 0x01A0, 0x01A1, 0x01AF, 0x01B0, 0x01D0, 0x01FA, 0x01FB,
    0x01FC, 0x01FD, 0x01FE, 0x01FF, 0x020B, 0x021A, 0x021B, 0x0402, 0x0403, 0x0404, 0x0405, 0x0408,
    0x0409, 0x040A, 0x040B, 0x040C, 0x040E, 0x0410, 0x0411, 0x0412, 0x0413, 0x0414, 0x0416, 0x0417,
    0x041A, 0x041E, 0x0420, 0x0421, 0x0422, 0x0423, 0x0424, 0x0425, 0x0426, 0x0429, 0x042A, 0x042C,
    0x042D, 0x042E, 0x0430, 0x0431, 0x0432, 0x0433, 0x0434, 0x0435, 0x0436, 0x0437, 0x0438, 0x0439,
    0x043A, 0x043B, 0x043C, 0x043D, 0x043E, 0x043F, 0x0440, 0x0441, 0x0442, 0x0443, 0x0444, 0x0445,
    0x0446, 0x0447, 0x0448, 0x0449, 0x044A, 0x044B, 0x044C, 0x044D, 0x044E, 0x044F, 0x0450, 0x0451,
    0x0452, 0x0453, 0x0454, 0x0455, 0x0457, 0x0458, 0x0459, 0x045A, 0x045B, 0x045C, 0x045D, 0x045E,
    0x045F, 0x0460, 0x0461, 0x0462, 0x0463, 0x0464, 0x0466, 0x0467, 0x0468, 0x0469, 0x046E, 0x046F,
    0x0472, 0x0473, 0x0474, 0x0475, 0x0476, 0x0477, 0x0478, 0x0479, 0x047A, 0x047B, 0x047C, 0x047D,
    0x047E, 0x047F, 0x0480, 0x048A, 0x048B, 0x048C, 0x048D, 0x048E, 0x048F, 0x0490, 0x0491, 0x0492,
    0x0493, 0x0495, 0x0496, 0x0497, 0x0498, 0x0499, 0x049A, 0x049B, 0x049C, 0x049D, 0x049E, 0x049F,
    0x04A0, 0x04A1, 0x04A2, 0x04A3, 0x04A4, 0x04A5, 0x04A7, 0x04A9, 0x04AA, 0x04AC, 0x04AD, 0x04AE,
    0x04AF, 0x04B0, 0x04B1, 0x04B2, 0x04B3, 0x04B4, 0x04B5, 0x04B6, 0x04B7, 0x04BB, 0x04BC, 0x04BD,
    0x04BE, 0x04BF, 0x04C1, 0x04C2, 0x04C4, 0x04C5, 0x04C6, 0x04C9, 0x04CA, 0x04CD, 0x04CE, 0x04D0,
    0x04D1, 0x04D2, 0x04D3, 0x04D5, 0x04D7, 0x04D8, 0x04D9, 0x04DA, 0x04DB, 0x04DC, 0x04DD, 0x04DE,
    0x04DF, 0x04E6, 0x04E7, 0x04E8, 0x04E9, 0x04EA, 0x04EB, 0x04EC, 0x04ED, 0x04EE, 0x04EF, 0x04F0,
    0x04F1, 0x04F2, 0x04F3, 0x04F5, 0x04F6, 0x04F7, 0x04F9, 0x04FA, 0x04FB, 0x04FC, 0x04FD, 0x04FE,
    0x04FF, 0x1EA0, 0x1EA1, 0x1EA2, 0x1EA3, 0x1EA4, 0x1EA5, 0x1EA6, 0x1EA7, 0x1EA8, 0x1EA9, 0x1EAA,
    0x1EAB, 0x1EAC, 0x1EAD, 0x1EAE, 0x1EAF, 0x1EB0, 0x1EB1, 0x1EB2, 0x1EB3, 0x1EB4, 0x1EB5, 0x1EB6,
    0x1EB7, 0x1EB8, 0x1EB9, 0x1EBA, 0x1EBB, 0x1EBC, 0x1EBD, 0x1EBE, 0x1EBF, 0x1EC0, 0x1EC1, 0x1EC2,
    0x1EC3, 0x1EC4, 0x1EC5, 0x1EC6, 0x1EC7, 0x1ECC, 0x1ECD, 0x1ECE, 0x1ECF, 0x1ED0, 0x1ED1, 0x1ED2,
    0x1ED3, 0x1ED4, 0x1ED5, 0x1ED6, 0x1ED7, 0x1ED8, 0x1ED9, 0x1EDA, 0x1EDB, 0x1EDC, 0x1EDD, 0x1EDE,
    0x1EDF, 0x1EE0, 0x1EE1, 0x1EE2, 0x1EE3, 0x1EE4, 0x1EE6, 0x1EE8, 0x1EE9, 0x1EEA, 0x1EEB, 0x1EEC,
    0x1EED, 0x1EEE, 0x1EEF, 0x1EF0, 0x1EF1, 0x1EF2, 0x1EF3, 0x1EF4, 0x1EF5, 0x1EF6, 0x1EF7, 0x1EF8,
    0x1EF9, 0x2013, 0x2014, 0x2015, 0x2018, 0x2019, 0x201A, 0x201C, 0x201D, 0x201E, 0x2039, 0x203A,
    0x207D, 0x208D, 0xFB00,
};

static const uint8_t notosans_16_italicKernLeftClassIds[] = {
      1,   2,   3,   2,   4,   5,   6,   5,   7,   8,   9,  10,  11,  12,  13,  14,
     10,  15,  10,  16,  17,  18,  19,  19,  13,  20,  21,   4,  22,  23,  24,  25,
     24,  26,  27,  24,  24,  28,  29,  30,  30,  27,  30,   4,  31,  32,  33,  34,
      7,   7,   7,   7,   7,   7,  11,   9,  11,  11,  11,  11,  10,  10,  10,  10,
     10,  10,  10,  18,  18,  18,  18,  20,  15,  23,  23,  23,  23,  23,  23,  24,
     24,  24,  24,  24,  35,  24,  24,  24,  24,  24,  24,  24,  30,  24,  30,   7,
     23,   7,  23,   7,  23,   9,   9,   9,   9,  10,  36,  10,  11,  24,  11,  24,
     11,  24,  11,  24,  11,  24,  37,  35,  38,  13,  27,  27,  14,  14,  14,  36,
     14,  14,  10,  24,  10,  24,  10,  24,  11,  24,  28,  28,  28,  17,  29,  17,
     39,  17,  29,  18,  18,  18,  18,  18,  18,  19,  30,  20,  30,  20,  21,  21,
     21,  40,  41,  42,  43,  35,   7,  23,  11,  24,  10,  24,  35,  17,  29,  44,
     45,  46,  47,  48,  44,  44,  49,  50,  51,  52,  53,  54,  45,  55,  50,  54,
     50,  56,  57,  46,  45,  51,  58,  50,  55,  55,  44,  44,  56,  56,  59,  60,
     61,  62,  63,  62,  64,  61,  59,  59,  65,  59,  59,  59,  66,  67,  66,  64,
     67,  68,  66,  65,  69,  59,  59,  69,  70,  59,  70,  66,  66,  59,  62,  62,
     71,  62,  64,  72,  73,  74,  70,  70,  67,  65,  59,  75,  59,  51,  76,  77,
     70,  46,  52,  78,  52,  78,  54,  61,  56,  66,  51,  76,  51,  76,  68,  68,
     56,  66,  56,  66,  51,  76,  46,  55,  63,  77,  70,  57,  66,  79,  80,  81,
     82,  83,  84,  85,  54,  61,  84,  85,  50,  64,  50,  64,  50,  64,  55,  63,
     81,  80,  83,  66,  46,  79,  63,  86,  87,  86,  87,  84,  85,  55,  63,  55,
     63,  83,  88,  62,  88,  62,  50,  64,  64,  55,  63,  55,  63,  55,  63,  52,
     23,  52,  23,  62,  62,  56,  66,  56,  66,  50,  64,  54,  61,  56,  66,  56,
     66,  56,  66,  56,  66,  51,  68,  51,  68,  51,  68,  59,  79,  80,  59,  81,
     82,  84,  85,  50,  85,   7,  23,   7,  23,   7,  23,   7,  23,   7,  23,   7,
     23,   7,  23,   7,  23,   7,  23,   7,  23,   7,  23,   7,  23,  11,  24,  11,
     24,  11,  24,  11,  24,  11,  24,  11,  24,  11,  24,  11,  24,  10,  24,  10,
     24,  10,  24,  10,  24,  10,  24,  10,  24,  10,  24,  40,  41,  40,  41,  40,
     41,  40,  41,  40,  41,  18,  18,  42,  43,  42,  43,  42,  43,  42,  43,  42,
     43,  20,  30,  20,  30,  20,  30,  20,  30,   6,   6,   6,   2,   2,   5,   2,
      2,   5,  32,  33,  89,  90,  26,
};

static const uint16_t notosans_16_italicKernRightCodepoints[] = {
    0x0021, 0x0022, 0x0026, 0x0027, 0x0029, 0x002C, 0x002D, 0x002E, 0x003A, 0x003B, 0x003F, 0x0041,
    0x0043, 0x0047, 0x0049, 0x004A, 0x004F, 0x0051, 0x0053, 0x0054, 0x0055, 0x0056, 0x0057, 0x0058,
    0x0059, 0x005A, 0x005D, 0x0061, 0x0063, 0x0064, 0x0065, 0x0066, 0x0067, 0x006A, 0x006D, 0x006E,
    0x006F, 0x0070, 0x0071, 0x0072, 0x0073, 0x0074, 0x0075, 0x0076, 0x0077, 0x0079, 0x007A, 0x007D,
    0x00AB, 0x00BB, 0x00C0, 0x00C1, 0x00C2, 0x00C3, 0x00C4, 0x00C5, 0x00C6, 0x00C7, 0x00D2, 0x00D3,
    0x00D4, 0x00D5, 0x00D6, 0x00D8, 0x00D9, 0x00DA, 0x00DB, 0x00DC, 0x00DD, 0x00DF, 0x00E0, 0x00E1,
    0x00E2, 0x00E3, 0x00E4, 0x00E5, 0x00E6, 0x00E7, 0x00E8, 0x00E9, 0x00EA, 0x00EB, 0x00F1, 0x00F2,
    0x00F3, 0x00F4, 0x00F5, 0x00F6, 0x00F8, 0x00F9, 0x00FA, 0x00FB, 0x00FC, 0x00FD, 0x00FF, 0x0100,
    0x0101, 0x0102, 0x0103, 0x0104, 0x0105, 0x0106, 0x0107, 0x0108, 0x0109, 0x010A, 0x010B, 0x010C,
    0x010D, 0x010F, 0x0111, 0x0113, 0x0115, 0x0117, 0x0119, 0x011B, 0x011C, 0x011D, 0x011E, 0x011F,
    0x0120, 0x0121, 0x0122, 0x0123, 0x0127, 0x0129, 0x0135, 0x0138, 0x0144, 0x0146, 0x0148, 0x014B,
    0x014C, 0x014D, 0x014E, 0x014F, 0x0150, 0x0151, 0x0152, 0x0153, 0x0155, 0x0157, 0x015B, 0x015D,
    0x015F, 0x0161, 0x0162, 0x0163, 0x0164, 0x0165, 0x0166, 0x0167, 0x0168, 0x0169, 0x016A, 0x016B,
    0x016C, 0x016D, 0x016E, 0x016F, 0x0170, 0x0171, 0x0172, 0x0173, 0x0174, 0x0175, 0x0176, 0x0177,
    0x0178, 0x0179, 0x017A, 0x017B, 0x017C, 0x017D, 0x017E, 0x01A0, 0x01A1, 0x01AF, 0x01B0, 0x01FA,
    0x01FB, 0x01FC, 0x01FD, 0x01FE, 0x01FF, 0x0219, 0x021A, 0x021B, 0x0402, 0x0404, 0x0405, 0x0408,
    0x0409, 0x040B, 0x040E, 0x0410, 0x0414, 0x0416, 0x0417, 0x041B, 0x041E, 0x0421, 0x0422, 0x0423,
    0x0424, 0x0425, 0x0427, 0x042A, 0x042D, 0x042F, 0x0430, 0x0431, 0x0432, 0x0433, 0x0434, 0x0435,
    0x0436, 0x0437, 0x0438, 0x0439, 0x043A, 0x043B, 0x043C, 0x043D, 0x043E, 0x043F, 0x0440, 0x0441,
    0x0442, 0x0443, 0x0444, 0x0445, 0x0446, 0x0447, 0x0448, 0x0449, 0x044A, 0x044B, 0x044C, 0x044D,
    0x044E, 0x044F, 0x0450, 0x0451, 0x0452, 0x0453, 0x0454, 0x0455, 0x0457, 0x0458, 0x0459, 0x045A,
    0x045B, 0x045C, 0x045D, 0x045E, 0x045F, 0x0460, 0x0461, 0x0462, 0x0465, 0x0466, 0x0467, 0x0469,
    0x046D, 0x046E, 0x046F, 0x0470, 0x0471, 0x0472, 0x0473, 0x0474, 0x0475, 0x0476, 0x0477, 0x0478,
    0x0479, 0x047A, 0x047B, 0x047C, 0x047D, 0x047E, 0x047F, 0x0480, 0x0481, 0x048B, 0x048C, 0x048D,
    0x048F, 0x0491, 0x0492, 0x0495, 0x0496, 0x0497, 0x0498, 0x0499, 0x049B, 0x049D, 0x049E, 0x049F,
    0x04A0, 0x04A1, 0x04A3, 0x04A5, 0x04A7, 0x04A8, 0x04A9, 0x04AA, 0x04AB, 0x04AC, 0x04AD, 0x04AE,
    0x04AF, 0x04B0, 0x04B1, 0x04B2, 0x04B3, 0x04B4, 0x04B5, 0x04B6, 0x04B7, 0x04B8, 0x04B9, 0x04BB,
    0x04BC, 0x04BD, 0x04BE, 0x04BF, 0x04C1, 0x04C2, 0x04C4, 0x04C5, 0x04C6, 0x04C8, 0x04CA, 0x04CB,
    0x04CC, 0x04CE, 0x04D0, 0x04D1, 0x04D2, 0x04D3, 0x04D4, 0x04D5, 0x04D7, 0x04D8, 0x04D9, 0x04DA,
    0x04DB, 0x04DC, 0x04DD, 0x04DE, 0x04DF, 0x04E3, 0x04E5, 0x04E6, 0x04E7, 0x04E8, 0x04E9, 0x04EA,
    0x04EB, 0x04EC, 0x04ED, 0x04EE, 0x04EF, 0x04F0, 0x04F1, 0x04F2, 0x04F3, 0x04F4, 0x04F5, 0x04F7,
    0x04F9, 0x04FA, 0x04FC, 0x04FD, 0x04FE, 0x04FF, 0x1EA0, 0x1EA1, 0x1EA2, 0x1EA3, 0x1EA4, 0x1EA5,
    0x1EA6, 0x1EA7, 0x1EA8, 0x1EA9, 0x1EAA, 0x1EAB, 0x1EAC, 0x1EAD, 0x1EAE, 0x1EAF, 0x1EB0, 0x1EB1,
    0x1EB2, 0x1EB3, 0x1EB4, 0x1EB5, 0x1EB6, 0x1EB7, 0x1EB9, 0x1EBB, 0x1EBD, 0x1EBF, 0x1EC1, 0x1EC3,
    0x1EC5, 0x1EC7, 0x1ECC, 0x1ECD, 0x1ECE, 0x1ECF, 0x1ED0, 0x1ED1, 0x1ED2, 0x1ED3, 0x1ED4, 0x1ED5,
    0x1ED6, 0x1ED7, 0x1ED8, 0x1ED9, 0x1EDA, 0x1EDB, 0x1EDC, 0x1EDD, 0x1EDE, 0x1EDF, 0x1EE0, 0x1EE1,
    0x1EE2, 0x1EE3, 0x1EE4, 0x1EE5, 0x1EE6, 0x1EE7, 0x1EE8, 0x1EE9, 0x1EEA, 0x1EEB, 0x1EEC, 0x1EED,
    0x1EEE, 0x1EEF, 0x1EF0, 0x1EF1, 0x1EF2, 0x1EF3, 0x1EF4, 0x1EF5, 0x1EF6, 0x1EF7, 0x1EF8, 0x1EF9,
    0x2013, 0x2014, 0x2015, 0x2018, 0x2019, 0x201A, 0x201C, 0x201D, 0x201E, 0x2026, 0x2039, 0x203A,
    0x207E, 0x208E, 0xFB00,
};

static const uint8_t notosans_16_italicKernRightClassIds[] = {
      1,   2,   3,   2,   4,   5,   6,   5,   7,   7,   8,   9,  10,  10,  11,  12,
     10,  10,  13,  14,  15,  16,  16,  17,  18,  19,   4,  20,  21,  21,  21,  22,
     23,  24,  25,  25,  21,  25,  21,  25,  26,  27,  25,  28,  28,  28,  29,   4,
     30,  31,   9,   9,   9,   9,   9,   9,  32,  10,  10,  10,  10,  10,  10,  10,
     15,  15,  15,  15,  18,  24,  21,  20,  20,  20,  20,  20,  20,  21,  21,  21,
     21,  21,  25,  21,  21,  21,  21,  21,  21,  25,  25,  25,  25,  28,  28,   9,
     20,   9,  20,   9,  20,  10,  21,  10,  21,  10,  21,  10,  21,  21,  21,  21,
     21,  21,  21,  21,  10,  23,  10,  23,  10,  23,  10,  23,  33,  34,  24,  25,
     25,  25,  25,  25,  10,  21,  10,  21,  10,  21,  10,  21,  25,  25,  26,  26,
     26,  26,  14,  27,  14,  27,  14,  27,  15,  25,  15,  25,  15,  25,  15,  25,
     15,  25,  15,  25,  16,  28,  18,  28,  18,  19,  29,  19,  29,  19,  29,  10,
     21,  15,  25,   9,  20,  32,  20,  10,  21,  26,  14,  27,  35,  36,  37,  38,
     39,  35,  40,  41,  42,  43,  44,  39,  36,  36,  35,  40,  45,  43,  46,  35,
     44,  47,  48,  49,  48,  50,  51,  48,  52,  50,  53,  53,  54,  55,  54,  54,
     48,  54,  54,  48,  54,  56,  48,  57,  53,  58,  53,  53,  59,  53,  53,  52,
     54,  60,  48,  48,  61,  50,  48,  62,  63,  64,  55,  54,  61,  54,  53,  65,
     53,  66,  67,  68,  69,  41,  70,  69,  69,  44,  50,  46,  69,  71,  72,  66,
     67,  66,  67,  71,  72,  71,  72,  71,  72,  66,  67,  71,  72,  69,  68,  61,
     69,  69,  68,  69,  43,  50,  44,  50,  69,  69,  68,  61,  73,  59,  69,  69,
     69,  71,  72,  71,  72,  35,  69,  74,  75,  74,  75,  43,  52,  73,  59,  46,
     58,  46,  58,  69,  76,  77,  76,  77,  43,  52,  69,  78,  70,  69,  69,  46,
     58,  69,  41,  79,  41,  79,  41,  79,  72,  80,  50,  80,  50,  43,  52,  44,
     50,  69,  69,  71,  72,  71,  72,  71,  72,  44,  52,  40,  56,  40,  56,  40,
     56,  46,  58,  69,  53,  68,  43,  52,  43,  52,   9,  20,   9,  20,   9,  20,
      9,  20,   9,  20,   9,  20,   9,  20,   9,  20,   9,  20,   9,  20,   9,  20,
      9,  20,  21,  21,  21,  21,  21,  21,  21,  21,  10,  21,  10,  21,  10,  21,
     10,  21,  10,  21,  10,  21,  10,  21,  10,  21,  10,  21,  10,  21,  10,  21,
     10,  21,  15,  25,  15,  25,  15,  25,  15,  25,  15,  25,  15,  25,  15,  25,
     18,  28,  18,  28,  18,  28,  18,  28,   6,   6,   6,  81,   2,   5,  81,   2,
      5,   5,  30,  31,  82,  83,  22,
};

static const uint16_t notosans_16_italicKernRowOffsets[] = {
        0,     2,    32,    35,    50,    65,    78,    84,    85,    88,    96,    97,   100,   102,   109,   115,
      116,   132,   134,   146,   160,   163,   164,   165,   168,   169,   171,   172,   177,   179,   182,   185,
      192,   200,   204,   205,   211,   213,   214,   217,   224,   230,   244,   252,   268,   297,   307,   312,
      314,   321,   340,   369,   393,   407,   421,   437,   450,   466,   485,   486,   502,   511,   519,   524,
      532,   542,   558,   567,   579,   597,   614,   623,   628,   636,   638,   650,   652,   659,   671,   695,
      699,   717,   721,   729,   736,   738,   753,   755,   758,   759,   760,
};

static const uint8_t notosans_16_italicKernSparseCols[] = {
     70,  71,   8,  13,  15,  17,  19,  20,  22,  24,  25,  33,  34,  36,  38,  39,
     40,  41,  42,  43,  45,  49,  54,  55,  60,  62,  64,  68,  69,  71,  77,  78,
     13,  15,  17,  11,  21,  23,  34,  37,  38,  41,  42,  43,  44,  55,  60,  62,
     63,  64,   9,  13,  14,  15,  17,  34,  44,  45,  57,  58,  65,  70,  72,  73,
     75,  13,  34,  39,  41,  42,  45,  54,  55,  56,  57,  58,  64,  72,   1,   9,
     11,  13,  15,  17,   4,   2,   9,  29,   4,   8,  13,  15,  16,  17,  18,  36,
     11,   4,   7,   8,   9,  29,   1,   9,  13,  14,  15,  17,  29,   2,   4,   8,
     16,  18,  29,  29,   2,   4,   5,   7,   8,   9,  13,  19,  20,  22,  24,  25,
     27,  28,  29,  30,   4,   8,   2,   4,   7,   8,   9,  19,  20,  22,  24,  25,
     29,  30,   2,   4,   7,   8,   9,  19,  20,  22,  24,  25,  28,  29,  30,  31,
      2,   9,  29,  11,   1,   1,  27,  28,   1,   1,   3,  20,   1,   4,  19,  20,
     22,   1,   3,   1,   4,   7,  11,  13,  17,  13,  15,  17,  34,  39,  45,  72,
     13,  15,  17,  34,  39,  42,  45,  72,  11,  13,  15,  17,   3,   0,   1,   3,
      7,  32,  80,   3,  33,  11,   1,   3,   7,   7,  12,  13,  15,  16,  17,  20,
      1,  21,  25,  26,  27,  80,   1,   4,   7,   8,  10,  12,  13,  15,  16,  17,
     19,  20,  24,  80,   1,   4,   7,  21,  25,  26,  27,  80,   1,   3,   4,  34,
     35,  39,  42,  44,  45,  46,  51,  55,  57,  58,  64,  80,   3,   4,   5,   6,
     30,  34,  35,  38,  40,  41,  43,  44,  46,  47,  49,  50,  51,  52,  53,  54,
     55,  56,  57,  58,  59,  60,  61,  62,  64,  29,  35,  37,  44,  45,  47,  50,
     57,  70,  75,   4,  44,  45,  57,  80,  37,  63,   1,  34,  39,  45,  57,  58,
     80,   3,   4,   5,  29,  35,  37,  41,  44,  45,  47,  50,  52,  55,  57,  58,
     62,  64,  70,  75,   4,   5,   6,  29,  30,  35,  38,  40,  41,  44,  46,  47,
     48,  49,  50,  52,  53,  54,  57,  59,  60,  61,  62,  69,  70,  71,  75,  76,
     77,   1,  34,  35,  37,  38,  39,  44,  45,  47,  48,  50,  52,  54,  55,  57,
     58,  64,  65,  67,  72,  73,  75,  79,  80,   1,  35,  40,  42,  44,  45,  51,
     55,  56,  57,  58,  64,  75,  80,   4,  34,  36,  39,  40,  42,  43,  44,  45,
     46,  51,  57,  65,  73,   3,  34,  35,  37,  38,  40,  41,  42,  44,  45,  54,
     55,  57,  58,  63,  64,   4,  34,  39,  40,  42,  43,  45,  46,  57,  65,  69,
     72,  73,   4,   5,  29,  34,  38,  39,  40,  41,  42,  43,  46,  47,  50,  54,
     69,  77,   3,   4,   6,  34,  36,  38,  39,  40,  41,  42,  43,  45,  46,  54,
     65,  69,  72,  73,  77,  34,   1,   4,  34,  39,  42,  45,  49,  51,  55,  56,
     57,  58,  59,  61,  64,  80,   4,  34,  45,  49,  51,  55,  57,  58,  64,   1,
     34,  45,  47,  50,  55,  57,  64,   1,   4,  34,  42,  56,  34,  45,  47,  50,
     54,  57,  71,  76,   4,   5,  34,  45,  47,  48,  50,  52,  57,  80,   1,   4,
     34,  39,  42,  45,  49,  51,  55,  56,  57,  58,  59,  61,  64,  80,   1,  34,
     42,  45,  55,  57,  58,  64,  80,   4,   5,  34,  38,  40,  42,  47,  50,  54,
     59,  69,  80,   1,   3,  34,  37,  38,  40,  41,  42,  44,  45,  52,  54,  55,
     57,  58,  63,  64,  80,   1,  34,  35,  38,  45,  48,  51,  52,  55,  56,  57,
     58,  64,  66,  74,  76,  80,   1,  34,  37,  55,  57,  58,  63,  64,  80,  34,
     39,  47,  50,  57,   1,   3,  34,  39,  42,  60,  62,  80,  37,  63,   4,   5,
     34,  38,  40,  42,  47,  50,  54,  59,  69,  80,   4,  69,   1,  34,  45,  58,
     65,  72,  73,   1,  55,  57,  58,  59,  64,  66,  68,  71,  74,  76,  78,   4,
      5,  29,  30,  34,  40,  44,  49,  51,  55,  57,  58,  59,  61,  64,  66,  68,
     69,  70,  71,  74,  75,  76,  77,   4,   5,  69,  71,   4,   5,  34,  40,  44,
     49,  51,  57,  60,  61,  68,  69,  70,  71,  72,  75,  76,  77,   4,  66,  69,
     71,   1,  55,  57,  58,  64,  66,  74,  76,  37,  44,  57,  58,  70,  75,  76,
     57,  71,   4,  40,  44,  49,  57,  59,  60,  68,  69,  70,  71,  76,  77,  78,
     79,   4,  69,  34,  65,  73,  81,  82,
};

static const int8_t notosans_16_italicKernSparseValues[] = {
     -11,  -11,  -37,   11,   11,    5,  -21,  -32,  -16,  -16,  -16,   37,   11,   16,  -27,   16,
     -37,  -32,   16,   21,   11,    5,  -16,   11,   21,   21,   11,   -5,  -37,  -32,  -32,  -11,
     -32,  -21,  -32,   48,   21,   21,   16,   59,   -5,   21,   11,   16,  -11,   16,   21,   16,
      48,   16,  -27,  -37,  -11,  -32,  -32,  -32,  -21,  -43,  -32,  -27,  -32,  -27,  -37,  -32,
     -32,  -21,  -21,  -11,   -5,  -11,  -27,   -5,   -5,   -5,  -11,  -11,   -5,  -21,  -37,  -11,
      40,  -27,   -5,  -16,  -11,   -5,  -11,  -11,  -21,  -11,  -16,   -5,  -11,   -5,   -5,   -5,
      32,  -32,   11,  -11,  -11,  -11,  -43,  -11,  -21,   -5,  -11,  -21,  -21,  -11,  -69,  -27,
     -11,   -5,   -5,   -5,  -11,  -32,  -21,   11,  -27,  -11,    5,  -43,  -37,  -37,  -27,  -32,
     -11,  -21,  -32,  -21,  -11,   -5,   -5,  -27,   11,   -5,   -5,  -11,  -11,   -5,   -5,   -5,
     -21,  -11,  -16,  -32,   11,  -16,  -11,  -27,  -27,  -11,  -16,  -21,  -11,  -21,  -21,  -11,
     -11,   -5,   -5,   48,   -5,   -5,  -11,   -5,   11,   32,   21,  -11,   21,  -64,  -11,  -11,
      -5,   11,   11,   21,  -21,   11,   32,  -11,   -5,  -21,  -11,  -21,  -21,   -5,  -11,  -16,
     -32,  -21,  -21,  -32,  -11,  -11,  -32,  -21,   53,  -27,   -5,  -16,   21,   32,   37,   45,
      43,   37,   21,   21,   59,   27,   21,   32,   11,   16,   11,   16,   21,   16,   32,   11,
      11,   21,   11,   21,   27,   32,   11,  -21,   27,  -11,   16,   11,   37,   43,   32,   43,
     -11,    5,   -5,   11,   11,   -5,   11,   27,   11,   27,   27,   27,  -43,   -5,  -11,  -37,
      -5,  -11,   -5,   -5,  -43,   -5,   -5,  -16,  -16,  -32,  -16,  -37,   16,  -32,  -21,  -11,
     -21,    5,  -11,  -32,  -27,  -32,    5,  -19,   -5,  -37,  -16,  -53,  -16,  -16,  -16,  -37,
     -11,  -16,  -27,  -11,  -16,   27,  -16,   11,  -21,  -11,   -5,   11,  -11,   -5,   -5,   -5,
     -11,  -11,  -11,   -5,   -5,  -11,   -8,   -5,   27,   16,  -43,  -37,  -11,  -43,  -16,  -27,
     -27,   11,   -5,  -16,  -11,  -13,   11,    5,  -21,  -11,   -5,  -11,   -5,   -5,  -16,   -5,
       5,   -5,  -11,  -27,  -43,  -11,  -11,  -21,  -11,  -11,  -43,  -43,  -37,  -16,  -16,  -16,
     -11,   -5,  -32,   -5,  -11,  -27,  -11,   -5,   27,  -11,   11,  -21,   -5,  -11,  -11,  -16,
     -27,  -37,  -32,  -21,   16,   11,  -11,  -21,  -48,   -5,   -5,   -5,   -5,   11,  -16,  -32,
     -32,  -16,  -21,  -11,  -27,  -32,  -27,  -11,  -37,  -11,   -5,   -5,   -5,   -5,  -11,   -5,
     -16,   -5,  -16,  -21,  -16,  -11,  -11,  -11,  -11,   -5,   -5,   -5,   -5,   -5,   -5,  -11,
      -5,   -5,   -5,   -5,   -5,   21,   -5,   -5,   64,   16,    8,   16,    5,   -5,  -16,   21,
      16,  -21,  -11,   53,   16,  -21,  -21,  -21,  -11,  -13,   -5,  -11,   -5,   -5,   -5,   -5,
      -5,   -5,  -69,   -5,   -5,  -11,  -27,  -16,  -27,  -27,  -16,   -5,   -5,   -5,   -5,  -21,
     -27,  -32,  -11,  -21,   -5,  -27,   -5,  -11,  -32,  -11,   -8,  -21,  -11,  -11,  -16,  -11,
      -5,   -5,  -11,  -16,  -11,  -16,   -5,  -11,  -59,  -16,   -5,  -16,   -5,  -11,  -21,  -11,
     -11,  -11,   -5,   -5,  -21,  -11,  -11,  -32,   -5,   -5,   -5,  -16,  -11,   -5,  -16,   -5,
     -27,   -5,   -5,   -5,  -11,   -5,  -11,   -5,  -11,  -11,   -5,   -5,  -21,   -5,  -11,  -11,
       5,  -11,  -11,  -11,   -5,  -11,  -16,   -5,  -11,   -5,  -11,   -8,   -5,    5,   -5,  -11,
     -37,  -16,   -5,  -16,   -5,  -11,  -21,  -11,  -11,  -11,   -5,   -5,  -21,  -11,  -16,  -21,
      -5,  -11,  -27,  -11,  -11,  -27,  -21,  -21,   -5,  -11,  -16,   -5,   -5,  -16,  -16,  -27,
      -5,  -11,   11,  -11,   21,  -27,   69,   21,   11,   21,   11,  -11,  -21,   -5,   11,    5,
     -11,  -11,   27,    5,  -16,  -32,  -48,  -16,    5,  -64,   -5,   -8,   -5,  -32,   -3,  -37,
     -37,  -32,  -11,  -16,  -11,  -48,  -16,  -48,   43,  -21,  -11,  -11,   11,  -21,  -21,  -16,
     -11,   -5,   -5,  -11,   21,   16,   11,   11,    5,   11,    5,   21,   43,   16,  -21,   -5,
     -21,  -16,   -5,   -5,  -16,  -16,  -27,   -5,  -11,   11,  -21,  -11,  -21,  -21,  -32,  -11,
     -16,  -27,  -16,  -37,  -16,  -16,  -27,   16,  -16,  -11,   -5,  -11,  -11,  -11,  -11,  -32,
     -21,  -32,  -21,    5,  -27,  -21,  -11,  -11,  -21,  -27,  -21,  -16,  -32,  -21,  -11,  -27,
     -32,  -11,  -37,  -21,  -27,  -37,  -27,  -27,  -11,  -16,   -5,  -27,  -11,   11,  -32,  -16,
     -11,  -11,  -27,   11,  -16,  -16,  -27,  -11,  -21,   11,  -11,  -16,  -21,  -16,   27,  -16,
     -11,  -37,  -11,  -43,  -27,  -11,  -11,  -11,  -11,  117,  -16,  -21,  -11,  -11,  -16,  -11,
      -5,   -5,  -32,  -32,  -16,  -21,  -21,  -11,   11,  -16,  -27,  -11,  -27,  -21,  -21,  -21,
      -5,  -21,   -5,  -11,   -5,   -5,   28,   27,
};

static const EpdLigaturePair notosans_16_italicLigaturePairs[] = {
    { 0x00660066, 0xFB00 }, // f f -> U+FB00
    { 0x00660069, 0xFB01 }, // f i -> U+FB01
    { 0x0066006C, 0xFB02 }, // f l -> U+FB02
    { 0xFB000069, 0xFB03 }, // U+FB00 i -> U+FB03
    { 0xFB00006C, 0xFB04 }, // U+FB00 l -> U+FB04
};

static const EpdFontData notosans_16_italic = {
    notosans_16_italicBitmaps,
    notosans_16_italicGlyphs,
    notosans_16_italicIntervals,
    18,
    45,
    36,
    -10,
    true,
    notosans_16_italicGroups,
    24,
    nullptr,
    nullptr,  // kernLeftClasses: built-in fonts use the split arrays below
    nullptr,  // kernRightClasses
    notosans_16_italicKernLeftCodepoints,
    notosans_16_italicKernLeftClassIds,
    notosans_16_italicKernRightCodepoints,
    notosans_16_italicKernRightClassIds,
    nullptr,  // kernMatrix: built-in fonts use the sparse form below
    notosans_16_italicKernRowOffsets,
    notosans_16_italicKernSparseCols,
    notosans_16_italicKernSparseValues,
    471,
    471,
    90,
    83,
    notosans_16_italicLigaturePairs,
    5,
};
