/**
 * generated by fontconvert.py
 * name: notosans_12_regular
 * size: 12
 * mode: 2-bit  compressed: true
 * Command used: fontconvert.py notosans_12_regular 12 ../builtinFonts/source/NotoSans/NotoSans-Regular.ttf --2bit --compress --pnum --zopfli
 */
#pragma once
#include "EpdFontData.h"

static const uint8_t notosans_12_regularBitmaps[24473] = {
    0xAD, 0x97, 0x31, 0x8C, 0xDC, 0xC6, 0x15, 0x86, 0x3F, 0x92, 0x92, 0x19, 0x98, 0xC0, 0x8D, 0x8B,
    0x0B, 0x92, 0x28, 0xD2, 0xB1, 0x71, 0x65, 0xDC, 0x2E, 0xDB, 0x0B, 0x40, 0xEE, 0x8E, 0x11, 0x20,
    0x29, 0x52, 0xE4, 0x02, 0x58, 0x6E, 0xD3, 0xA4, 0x88, 0x85, 0x20, 0x6E, 0x84, 0x60, 0x0D, 0xF0,
    0xB4, 0x04, 0x5C, 0xA6, 0xB0, 0x54, 0xD8, 0x69, 0x55, 0xC6, 0x67, 0x04, 0x52, 0xB1, 0x49, 0x06,
    0xD0, 0xDE, 0x91, 0x8E, 0x0B, 0x97, 0x66, 0x62, 0xA8, 0x0A, 0x10, 0x33, 0xB6, 0x2A, 0x19, 0x81,
    0xC6, 0xF6, 0xD8, 0x62, 0x74, 0x7B, 0x3B, 0x19, 0xEE, 0xDE, 0x46, 0x92, 0x4E, 0x17, 0x59, 0x49,
    0x66, 0xDE, 0x37, 0xCB, 0x9D, 0x79, 0x33, 0xF3, 0xCF, 0xE3, 0xE3, 0x2D, 0x6F, 0xE0, 0x4A, 0xD6,
    0x73, 0x65, 0xF3, 0xEC, 0xD9, 0xB3, 0x30, 0x18, 0x0E, 0x4E, 0xE5, 0xBD, 0xBC, 0x97, 0xF6, 0xB6,
    0x7A, 0x5B, 0x67, 0xB7, 0xCE, 0x3E, 0xFF, 0x0D, 0x22, 0xAF, 0x62, 0xCD, 0x77, 0x04, 0x15, 0xE7,
    0x82, 0x82, 0xCD, 0xA0, 0x78, 0x76, 0xFF, 0x9D, 0xB7, 0x63, 0x6B, 0xE7, 0x8C, 0x04, 0x5C, 0x5C,
    0x83, 0xEB, 0x0E, 0x7D, 0x8E, 0xB1, 0xB5, 0x6D, 0x87, 0x57, 0xA7, 0xF8, 0xD5, 0x96, 0xE3, 0x22,
    0x41, 0x75, 0x9D, 0xA0, 0xD0, 0xB0, 0xD9, 0x99, 0x57, 0x5E, 0x8E, 0xED, 0x6C, 0xF0, 0x8B, 0x9F,
    0xE7, 0x9B, 0x2C, 0x6D, 0x38, 0x25, 0x9A, 0x4B, 0x4A, 0x43, 0xEF, 0x90, 0xCD, 0x84, 0xCD, 0xD8,
    0xB5, 0xAF, 0xF5, 0xF6, 0xC6, 0xD6, 0x9C, 0xD9, 0x97, 0xCB, 0x59, 0xAC, 0x03, 0x80, 0x68, 0xD8,
    0x64, 0xA0, 0x18, 0x71, 0x71, 0x13, 0xCD, 0xF5, 0x73, 0x5E, 0xCD, 0xF5, 0x4E, 0x97, 0x5E, 0x8B,
    0xA4, 0xBB, 0x12, 0xB8, 0xBE, 0xCD, 0xA4, 0x18, 0x6D, 0x8E, 0x0E, 0x9A, 0xC1, 0xF4, 0xB3, 0x46,
    0x8B, 0xBF, 0x7F, 0xDC, 0x69, 0x78, 0xCF, 0x35, 0xE1, 0xF7, 0xAB, 0x11, 0x22, 0x70, 0x4D, 0xAF,
    0xD3, 0x95, 0x7A, 0xF5, 0x75, 0xAE, 0xF3, 0x95, 0xF6, 0x1A, 0xC6, 0x15, 0xAC, 0x8A, 0x67, 0x6B,
    0x08, 0x0F, 0x0C, 0x88, 0x42, 0x81, 0x20, 0x07, 0x21, 0x73, 0x88, 0x8A, 0x16, 0x82, 0x0F, 0x75,
    0xE7, 0x52, 0x80, 0x37, 0x07, 0xC4, 0x1D, 0x29, 0x18, 0x86, 0xCD, 0x06, 0xB9, 0xD7, 0x66, 0x28,
    0x2E, 0xE5, 0x28, 0x62, 0xC3, 0x94, 0x48, 0x33, 0x20, 0x69, 0x49, 0x0E, 0x0E, 0x2F, 0x11, 0xDA,
    0x26, 0x2E, 0x00, 0xC8, 0xF3, 0x74, 0x6B, 0x6B, 0xEB, 0x79, 0xBF, 0x0E, 0x2B, 0x21, 0x63, 0x32,
    0x52, 0xBA, 0x29, 0x06, 0x83, 0x46, 0x2F, 0x3E, 0x15, 0x53, 0x52, 0x32, 0x12, 0x04, 0x61, 0xE5,
    0xD7, 0x29, 0x31, 0x42, 0x86, 0x55, 0x50, 0xFB, 0x8D, 0xB7, 0x72, 0x9A, 0x30, 0x59, 0x4E, 0xF2,
    0xB4, 0xDF, 0x04, 0x6E, 0xB5, 0xA8, 0x88, 0x49, 0x21, 0x87, 0xB4, 0x33, 0xB9, 0x75, 0x6A, 0xFE,
    0xDA, 0xBC, 0xB4, 0x73, 0x0E, 0xF1, 0xEE, 0x10, 0xBC, 0x5F, 0x89, 0xD7, 0x9B, 0xC8, 0xAB, 0x01,
    0x36, 0x21, 0xBD, 0x6F, 0xBB, 0xFB, 0xBB, 0xD6, 0x5A, 0x52, 0x1E, 0x32, 0xE8, 0x67, 0x69, 0x3E,
    0xD1, 0xEC, 0x5E, 0xB5, 0xFA, 0xFC, 0xF6, 0x22, 0x31, 0x08, 0x2A, 0xA2, 0x02, 0x01, 0x31, 0xF4,
    0x20, 0x85, 0x11, 0x18, 0xD0, 0xF8, 0x4D, 0x37, 0x18, 0xBA, 0x71, 0x89, 0x80, 0x0D, 0xC8, 0x20,
    0x05, 0x05, 0xB0, 0x8C, 0x58, 0x64, 0x35, 0xB1, 0x9C, 0x92, 0x91, 0x91, 0xD2, 0x27, 0x27, 0x66,
    0x84, 0x40, 0x3D, 0x42, 0xD7, 0xD7, 0x8D, 0xA5, 0x8E, 0xCE, 0x37, 0x66, 0x4A, 0xF4, 0xA9, 0xC1,
    0xB7, 0x35, 0x00, 0xA4, 0xDE, 0x61, 0x74, 0x38, 0xCC, 0xD2, 0x8C, 0x93, 0x2B, 0xE0, 0xD9, 0x06,
    0x97, 0x6B, 0x6C, 0x70, 0x09, 0x88, 0x01, 0x71, 0xF4, 0xD9, 0x07, 0x32, 0x40, 0x81, 0xAF, 0xE9,
    0x54, 0x13, 0x03, 0x39, 0x78, 0x0F, 0x7C, 0x1D, 0x5A, 0x5B, 0x75, 0x00, 0x91, 0x2D, 0x5C, 0x3A,
    0x6E, 0x31, 0x85, 0x74, 0x75, 0xB2, 0x29, 0xA1, 0x0E, 0xAC, 0xF4, 0x4B, 0x0D, 0x53, 0xE8, 0x43,
    0xBC, 0xB0, 0x41, 0xC1, 0x74, 0xFE, 0x8E, 0x19, 0xDB, 0xCB, 0x00, 0xE4, 0xC0, 0x0C, 0x02, 0x47,
    0x98, 0x83, 0x48, 0x21, 0x75, 0x4C, 0x52, 0xBC, 0x26, 0x25, 0xA8, 0x52, 0x22, 0x99, 0xB2, 0x41,
    0xBA, 0xA8, 0x63, 0x6B, 0x75, 0x07, 0xA4, 0x3C, 0x48, 0x6C, 0x5B, 0x67, 0x7D, 0xE8, 0x39, 0x5B,
    0x29, 0x18, 0xDA, 0x62, 0x68, 0x0D, 0xDE, 0x0C, 0x06, 0x90, 0xB0, 0x12, 0xB0, 0xCD, 0x74, 0x7C,
    0xCD, 0x24, 0xB6, 0x00, 0x00, 0x48, 0x5A, 0x7C, 0xAB, 0x88, 0x6A, 0x10, 0x40, 0x1F, 0x48, 0x81,
    0x1C, 0x18, 0x95, 0x0D, 0x37, 0x6E, 0xCF, 0xD8, 0x67, 0xC0, 0x94, 0xF8, 0xFE, 0x0D, 0x70, 0x64,
    0xC4, 0xC4, 0x64, 0x2E, 0xF8, 0xED, 0xF2, 0xA9, 0x00, 0x4A, 0x6B, 0xB1, 0x0E, 0x88, 0x81, 0x0C,
    0xC8, 0x01, 0x05, 0x68, 0xF0, 0x1B, 0x08, 0x2A, 0x88, 0x0A, 0x10, 0xF2, 0x61, 0x17, 0x03, 0x9E,
    0x86, 0xA0, 0x59, 0x06, 0x18, 0x58, 0xDC, 0x50, 0x71, 0xD0, 0x92, 0xB0, 0x43, 0x46, 0x9F, 0x2E,
    0x0C, 0x19, 0xD9, 0x22, 0x49, 0xC2, 0xBB, 0x7A, 0x91, 0x34, 0xE1, 0x22, 0x69, 0x66, 0xA4, 0x24,
    0xAB, 0x64, 0x91, 0x4B, 0x6D, 0x09, 0xB1, 0xD3, 0x1D, 0xDA, 0x06, 0x56, 0xCB, 0x15, 0xC2, 0xEA,
    0x01, 0x6D, 0x4E, 0xAA, 0xE8, 0x4F, 0x88, 0x27, 0x08, 0x45, 0xB2, 0xC3, 0x38, 0x79, 0xEB, 0x4E,
    0x64, 0x7F, 0xCA, 0xF6, 0xC6, 0x2A, 0x6D, 0x15, 0xBE, 0x3E, 0x73, 0xAD, 0x8A, 0xE7, 0x00, 0xDF,
    0x19, 0x0E, 0xBF, 0x0D, 0x00, 0x8B, 0x2C, 0x7F, 0x56, 0x8A, 0x4A, 0x54, 0xCF, 0xF0, 0x70, 0x11,
    0x52, 0x10, 0x2F, 0x44, 0x6E, 0xB1, 0x2A, 0x21, 0x30, 0x86, 0xD0, 0xC0, 0x58, 0xAE, 0x3E, 0xD8,
    0x03, 0xE2, 0x06, 0xBC, 0xB9, 0x84, 0xC8, 0x00, 0xE5, 0x91, 0xEF, 0x2A, 0x82, 0x17, 0x76, 0x77,
    0x79, 0xE8, 0xEB, 0xDB, 0x00, 0x57, 0x81, 0x7D, 0x56, 0x73, 0x81, 0xA8, 0x01, 0xF6, 0x8F, 0xF6,
    0x68, 0xA1, 0x94, 0xC4, 0x06, 0xF6, 0x97, 0xBE, 0xAB, 0xF2, 0xDD, 0x39, 0xA5, 0xAD, 0x9F, 0xF7,
    0x35, 0xAC, 0xCC, 0x6F, 0x88, 0x2A, 0x86, 0xD0, 0xE2, 0x69, 0xBC, 0xBA, 0x33, 0x00, 0xBA, 0x91,
    0x40, 0x77, 0x86, 0x04, 0xAF, 0xBC, 0x05, 0xC4, 0xD6, 0x4A, 0x38, 0x24, 0xAA, 0x09, 0x6A, 0x30,
    0x44, 0x12, 0x52, 0x36, 0x28, 0x6F, 0x9D, 0x63, 0x33, 0xB8, 0xD7, 0xAE, 0x91, 0x0A, 0x79, 0x51,
    0xD0, 0x59, 0xC4, 0xC5, 0x0D, 0x26, 0x11, 0x93, 0x1E, 0x13, 0xC1, 0xE4, 0x1C, 0x66, 0x8D, 0x8B,
    0x31, 0xE6, 0x1C, 0x23, 0xF1, 0x9B, 0xBD, 0x9C, 0x34, 0x98, 0x0B, 0x4D, 0x8F, 0xE7, 0x3C, 0x10,
    0x00, 0x84, 0x35, 0xA7, 0xBA, 0xF3, 0xBC, 0x35, 0x05, 0x62, 0x6B, 0x00, 0x80, 0xA3, 0x44, 0x69,
    0x40, 0x68, 0xD8, 0x98, 0x40, 0x36, 0x82, 0x34, 0x05, 0xD5, 0x03, 0x13, 0xE3, 0x69, 0x21, 0xFD,
    0x26, 0x2A, 0x82, 0xDB, 0xEF, 0x54, 0xA1, 0xB5, 0xB5, 0x78, 0xF3, 0x65, 0x1D, 0x83, 0xEE, 0x83,
    0x4A, 0x21, 0xCF, 0x21, 0x33, 0x90, 0x8C, 0xE7, 0x97, 0x29, 0xED, 0x0C, 0x45, 0xE9, 0x88, 0x1D,
    0x42, 0x3A, 0x16, 0xD7, 0x7B, 0xE7, 0xA7, 0x6E, 0xAC, 0x61, 0x7F, 0xF7, 0xB0, 0xFB, 0x2E, 0x15,
    0x51, 0xE1, 0xA8, 0x96, 0x08, 0x77, 0x3D, 0x94, 0xA5, 0x3D, 0x5C, 0xF8, 0x00, 0x10, 0xDB, 0xCB,
    0x9E, 0xB5, 0x3A, 0x34, 0x5C, 0x16, 0x15, 0x24, 0xC0, 0x60, 0xF5, 0xB0, 0x3C, 0x86, 0x0C, 0x48,
    0x80, 0xB8, 0x58, 0x1E, 0xC5, 0xB7, 0xD7, 0x6A, 0x5E, 0xB5, 0x15, 0xC0, 0x52, 0x97, 0xDB, 0xD7,
    0x2B, 0xBB, 0x7D, 0x6B, 0x45, 0xA0, 0x15, 0x9E, 0x03, 0xE3, 0x68, 0x1D, 0xEA, 0x88, 0xD6, 0x61,
    0x96, 0x63, 0x81, 0x5E, 0x6A, 0x1B, 0x1F, 0xE9, 0xBA, 0xCC, 0xD8, 0x9A, 0xD2, 0xBA, 0x51, 0x1E,
    0x30, 0x77, 0xB0, 0xED, 0xD2, 0xEA, 0xFD, 0xDD, 0xAB, 0x0A, 0x1E, 0x31, 0xE7, 0xEC, 0xEC, 0xB1,
    0xB3, 0x9C, 0xB9, 0x29, 0x6E, 0xA2, 0x9B, 0xAE, 0xE0, 0xB8, 0x2D, 0xF3, 0xC9, 0xDE, 0xC2, 0xDA,
    0x59, 0xD0, 0xF2, 0xB3, 0xC7, 0xC7, 0xE0, 0x9B, 0x2F, 0xE5, 0x0C, 0x0F, 0x73, 0xCE, 0xEC, 0xE5,
    0x90, 0x65, 0x8E, 0xC4, 0x21, 0x0A, 0xB2, 0xD0, 0x90, 0x79, 0xF6, 0xD3, 0x43, 0x12, 0xDB, 0x02,
    0x8C, 0x40, 0xAB, 0xC7, 0xE3, 0x34, 0x9C, 0xD7, 0xA5, 0xED, 0x0E, 0xB1, 0xBB, 0xEA, 0x3B, 0x11,
    0x77, 0x98, 0x46, 0xC8, 0x93, 0xEB, 0xAB, 0x8D, 0x35, 0x4C, 0x50, 0x5F, 0xA3, 0x9A, 0x1F, 0x6A,
    0x5B, 0xEF, 0x32, 0x5A, 0x64, 0x42, 0x82, 0x62, 0x8A, 0xF2, 0x34, 0x2A, 0xAC, 0x51, 0x42, 0xA2,
    0x32, 0x50, 0x2D, 0xDC, 0x70, 0x94, 0x7B, 0xB0, 0x97, 0x80, 0x12, 0xC5, 0x72, 0xDC, 0xD7, 0x28,
    0x66, 0x8E, 0xC1, 0x2A, 0x9B, 0xAA, 0x11, 0xA8, 0xA7, 0xB0, 0xD5, 0xDD, 0x81, 0x40, 0x97, 0x92,
    0xC8, 0x94, 0x05, 0xC2, 0xDC, 0xA8, 0xD8, 0x30, 0x7F, 0xAC, 0xE9, 0x99, 0xDF, 0x6B, 0x52, 0x33,
    0xD1, 0x8C, 0x8C, 0x52, 0x68, 0xA3, 0x72, 0xCF, 0x35, 0x99, 0x5F, 0x1B, 0xD5, 0x0F, 0x2A, 0xA3,
    0x44, 0x58, 0xB8, 0xE6, 0xC7, 0xD2, 0xA8, 0xF0, 0x03, 0x8C, 0x0A, 0xFE, 0xE1, 0x1A, 0x7F, 0xE6,
    0x1A, 0xAF, 0x75, 0x0D, 0x06, 0xB3, 0x03, 0x17, 0x4B, 0x50, 0x65, 0x81, 0x72, 0xCB, 0xAA, 0x3F,
    0x68, 0xD4, 0xC4, 0x38, 0x72, 0xC7, 0x10, 0xE5, 0xCE, 0xA8, 0x94, 0x4B, 0x30, 0x15, 0x34, 0x4A,
    0x61, 0x1C, 0xD3, 0x91, 0x62, 0xE0, 0x88, 0xDD, 0x75, 0xD4, 0x2A, 0x02, 0x87, 0xD7, 0x02, 0x40,
    0x62, 0x25, 0xDD, 0xF3, 0x40, 0xD8, 0x78, 0x33, 0x44, 0xC1, 0x80, 0x04, 0x62, 0x32, 0xDC, 0x97,
    0x14, 0xA2, 0x2A, 0x87, 0xF0, 0x78, 0xE3, 0x06, 0x16, 0x2E, 0x0B, 0xE7, 0x58, 0x32, 0x20, 0x72,
    0x0B, 0x74, 0x8F, 0x87, 0x86, 0x57, 0x6D, 0x01, 0xCB, 0x27, 0x44, 0x76, 0x39, 0xEA, 0xCD, 0x9C,
    0x00, 0x45, 0xD2, 0x49, 0xA0, 0xAF, 0xC8, 0x5C, 0x8F, 0xCB, 0xD1, 0x72, 0x2E, 0x15, 0x1C, 0xB7,
    0xFF, 0xAF, 0xB2, 0xE1, 0x71, 0x65, 0xAE, 0x17, 0xA2, 0x1A, 0xF0, 0x0D, 0xC0, 0x21, 0xC0, 0x7A,
    0xA7, 0x16, 0x27, 0x17, 0xE5, 0xAD, 0x32, 0x20, 0x71, 0xC4, 0x8E, 0xBE, 0x23, 0x63, 0xEF, 0xE5,
    0xD6, 0x8D, 0xD7, 0xEC, 0x5F, 0xEB, 0xB2, 0xA5, 0x3A, 0xCA, 0x16, 0xE3, 0x98, 0x3E, 0x94, 0x31,
    0x80, 0x6F, 0x6F, 0x75, 0xEF, 0xC0, 0xAC, 0xE7, 0xB0, 0xB4, 0x01, 0x24, 0x35, 0xE1, 0x1C, 0xCA,
    0x86, 0xB0, 0x85, 0x1D, 0xC8, 0xA0, 0x0F, 0xD9, 0x36, 0xD3, 0xF2, 0x9A, 0x19, 0xDB, 0x02, 0x28,
    0xAD, 0x6D, 0xAC, 0x83, 0x18, 0x10, 0xFF, 0x3D, 0x13, 0xD0, 0xED, 0x53, 0xA0, 0xF0, 0xF4, 0xD4,
    0x91, 0x12, 0xD4, 0x49, 0xF7, 0xEB, 0x78, 0xCF, 0xE2, 0xDB, 0x16, 0x80, 0x09, 0x8C, 0xA6, 0xD0,
    0xA6, 0xA0, 0x07, 0xF8, 0x3A, 0x76, 0x3E, 0x82, 0xEE, 0x75, 0x34, 0x2A, 0xBA, 0x57, 0xDC, 0xA0,
    0x8E, 0xF1, 0x9B, 0x3E, 0x9E, 0xCE, 0xC0, 0xE4, 0xA0, 0x14, 0xA4, 0x1A, 0x06, 0x8E, 0xA4, 0x01,
    0x51, 0x2D, 0x50, 0x44, 0x05, 0xA3, 0xBC, 0xBB, 0x6C, 0x33, 0xE2, 0x1A, 0x33, 0xA0, 0xDF, 0x78,
    0x3A, 0x21, 0xD3, 0xDD, 0xAA, 0xA9, 0x09, 0x1A, 0x21, 0x47, 0x2A, 0xA8, 0x44, 0x61, 0xD2, 0xB0,
    0x0A, 0x2B, 0x9D, 0x46, 0x45, 0xF0, 0xAE, 0xEE, 0xBB, 0x3D, 0xFE, 0x52, 0xC7, 0x02, 0xFF, 0x93,
    0x4A, 0xC4, 0x78, 0x5F, 0x54, 0xD1, 0x2F, 0xE1, 0x6E, 0x11, 0xFE, 0x0E, 0x0E, 0x64, 0x30, 0x83,
    0x92, 0xAE, 0xBD, 0x84, 0xDF, 0x42, 0x27, 0x82, 0x14, 0xAF, 0x49, 0x3A, 0x9D, 0xB2, 0xD3, 0xD8,
    0xE9, 0xEB, 0xBA, 0x15, 0xEC, 0x68, 0x18, 0xD6, 0x4B, 0x4D, 0xB1, 0xA3, 0xD3, 0xD8, 0x1A, 0x3C,
    0x9D, 0x3B, 0xEF, 0xBE, 0x53, 0x28, 0x64, 0xBC, 0x48, 0xA1, 0xA0, 0xE9, 0xE2, 0xA1, 0xEE, 0x8F,
    0x54, 0x82, 0x6E, 0xB5, 0x6E, 0xD5, 0x14, 0xDF, 0x8D, 0x60, 0x34, 0x5C, 0x6A, 0x60, 0x58, 0x41,
    0x5C, 0x80, 0xE0, 0x44, 0x92, 0xD5, 0x9B, 0x26, 0xA2, 0x80, 0x04, 0xC8, 0x80, 0x16, 0x7C, 0x0D,
    0x41, 0xFD, 0xC4, 0x6E, 0x37, 0xB7, 0xEE, 0xB0, 0x8D, 0x6D, 0x34, 0x4F, 0xAE, 0x9D, 0xDF, 0x04,
    0xF2, 0x55, 0x92, 0x09, 0x67, 0x92, 0xB0, 0x22, 0xA8, 0xF0, 0x1B, 0x3C, 0x0D, 0x06, 0x14, 0xA4,
    0x90, 0x41, 0x0C, 0x02, 0xA2, 0xC2, 0x79, 0x8C, 0xF5, 0x58, 0xF3, 0x35, 0xEA, 0xC2, 0x6F, 0x0D,
    0x88, 0xE5, 0x32, 0x02, 0xBF, 0xAA, 0x41, 0x6B, 0x3C, 0xB7, 0x6F, 0x50, 0xA5, 0x84, 0x45, 0x8F,
    0x08, 0xC1, 0x1A, 0x91, 0xEC, 0xB9, 0x9E, 0x75, 0x90, 0xEE, 0x04, 0x74, 0xC0, 0x94, 0x01, 0x42,
    0xFA, 0x05, 0x17, 0xA4, 0xB0, 0x7A, 0xED, 0xC5, 0x96, 0xD5, 0xBF, 0x35, 0xBE, 0x9D, 0x25, 0xB7,
    0xA7, 0x3B, 0xA4, 0x2D, 0xA9, 0x61, 0x3A, 0xF5, 0x66, 0xE3, 0x6B, 0xD3, 0xF8, 0x70, 0x13, 0x30,
    0x8F, 0xD8, 0x05, 0x79, 0xD7, 0x9D, 0xF3, 0xC5, 0xD9, 0x8C, 0xAC, 0xA5, 0x6F, 0x88, 0xFF, 0x6D,
    0x2D, 0xC9, 0x8C, 0xC1, 0x21, 0xD3, 0x83, 0x4F, 0xCD, 0x67, 0xB6, 0x06, 0xDC, 0x46, 0xA1, 0xD5,
    0xE2, 0xE6, 0xD5, 0x01, 0xA4, 0x90, 0x83, 0x5A, 0xD9, 0x32, 0x48, 0x09, 0x88, 0x7B, 0xDA, 0xB7,
    0x0D, 0x00, 0x42, 0x1E, 0xE3, 0x15, 0xE1, 0x56, 0xF8, 0x48, 0xC6, 0x57, 0xAC, 0x1C, 0x30, 0x94,
    0x39, 0xB1, 0x43, 0x48, 0xF5, 0x00, 0xB9, 0x23, 0x75, 0xFD, 0x43, 0x37, 0x2E, 0x6E, 0x5B, 0xE9,
    0xDB, 0x5F, 0x4B, 0x56, 0x9B, 0x37, 0xE2, 0x4A, 0x3B, 0x20, 0x4B, 0xE9, 0xE7, 0x24, 0xA5, 0xB5,
    0xEE, 0x67, 0xF1, 0xFE, 0xE6, 0xF2, 0x94, 0xB8, 0x37, 0xF5, 0x6C, 0x0B, 0x00, 0x8C, 0x6B, 0x6F,
    0x5E, 0x07, 0xF5, 0xEA, 0x1F, 0xAE, 0x9B, 0x94, 0x56, 0x7E, 0xEB, 0xA6, 0xBB, 0x7E, 0x82, 0xF1,
    0x8A, 0x47, 0x68, 0xFF, 0xFA, 0x94, 0x22, 0xDF, 0x90, 0x20, 0x58, 0x12, 0xB3, 0xCE, 0x25, 0x12,
    0xDB, 0x12, 0xD9, 0xCB, 0xC7, 0x22, 0xFE, 0x82, 0xFC, 0xCA, 0x6A, 0xFB, 0x93, 0xD9, 0x8C, 0xB4,
    0x25, 0x33, 0x27, 0xDB, 0xA9, 0x2C, 0x3B, 0xC5, 0x7A, 0xF6, 0x60, 0xE1, 0x39, 0x0C, 0xC6, 0xB5,
    0xB0, 0x8D, 0xF9, 0xCF, 0xD5, 0xD3, 0xE3, 0x66, 0x5C, 0x3C, 0xBA, 0x3B, 0xDB, 0xC6, 0xD7, 0x26,
    0xAA, 0x4C, 0x82, 0x99, 0xF2, 0xA5, 0xE6, 0x6E, 0x83, 0xD5, 0xCC, 0xA6, 0x98, 0x01, 0x46, 0x48,
    0x13, 0x56, 0x9D, 0x03, 0xAD, 0x39, 0x5E, 0xB6, 0x2F, 0xC8, 0x33, 0xF2, 0x0B, 0xFB, 0xB1, 0x93,
    0xFF, 0x83, 0x83, 0x2B, 0xEE, 0x00, 0xFB, 0xA4, 0x2D, 0x39, 0x99, 0x79, 0x9A, 0xC6, 0xAD, 0xF2,
    0xF9, 0xD7, 0x0B, 0x00, 0x17, 0x24, 0xA1, 0x35, 0x88, 0x2B, 0x7B, 0x0C, 0x48, 0x48, 0x17, 0x91,
    0x8F, 0x8A, 0x07, 0x5E, 0x50, 0x8B, 0x1C, 0x51, 0x64, 0x08, 0x12, 0x86, 0x88, 0xDB, 0x33, 0xBC,
    0xA3, 0xE4, 0x73, 0xBB, 0x7C, 0x71, 0xB4, 0xCB, 0xCE, 0x63, 0x13, 0x7B, 0xBE, 0x48, 0xEC, 0x2F,
    0x6D, 0x7D, 0x2C, 0x42, 0xFF, 0x4B, 0x06, 0x3C, 0x96, 0xED, 0x17, 0x3E, 0xB3, 0x77, 0x6F, 0xCE,
    0x99, 0x61, 0x8E, 0x55, 0xEF, 0x6D, 0x12, 0x5B, 0xEF, 0x3C, 0x53, 0x4D, 0x40, 0xC1, 0x25, 0x88,
    0x0D, 0xBE, 0x95, 0xC4, 0xF5, 0xF2, 0x8F, 0x8C, 0xF4, 0x9B, 0xFD, 0x6B, 0xD5, 0x78, 0x0E, 0xE0,
    0x41, 0x50, 0x10, 0x16, 0xC4, 0x6F, 0x76, 0xD9, 0xEC, 0xDA, 0xA8, 0x38, 0xC1, 0x2A, 0x82, 0x7B,
    0xD2, 0xB3, 0x12, 0x58, 0xE7, 0xF4, 0x22, 0x74, 0x4F, 0x22, 0x23, 0x96, 0x09, 0x43, 0x19, 0xBB,
    0xE3, 0x84, 0x47, 0x4F, 0xDD, 0x36, 0xA7, 0x8F, 0x8E, 0x1B, 0x93, 0xD1, 0x5F, 0xDE, 0x04, 0xBA,
    0xC3, 0x1B, 0xC2, 0x4A, 0x13, 0xBC, 0xDB, 0xE0, 0x7F, 0x52, 0x77, 0xBF, 0x27, 0x70, 0x50, 0xC0,
    0x18, 0x18, 0xC2, 0x4B, 0xAC, 0xB3, 0x9E, 0xB3, 0x47, 0x9A, 0x32, 0x27, 0xCF, 0xBC, 0x3B, 0xA8,
    0xBE, 0xFF, 0x11, 0x26, 0x0E, 0xDE, 0x2F, 0xB4, 0x08, 0xDE, 0x7B, 0xB7, 0x11, 0x3F, 0x7A, 0xFD,
    0x4F, 0x75, 0xF4, 0x86, 0xFF, 0x61, 0x15, 0x7E, 0xE0, 0xA6, 0x07, 0x7F, 0xE3, 0x6E, 0xE1, 0xCF,
    0x28, 0xA5, 0x37, 0x63, 0x0C, 0x2D, 0xC3, 0x85, 0xF2, 0x84, 0x64, 0xA1, 0xCF, 0xE5, 0x25, 0xFE,
    0xE7, 0x1A, 0x0E, 0x2A, 0x9C, 0x48, 0x07, 0x50, 0x56, 0x6E, 0xE7, 0x86, 0xA0, 0x36, 0x88, 0xA2,
    0xD3, 0xD8, 0x27, 0x43, 0xC8, 0x95, 0xEA, 0xF4, 0x48, 0x75, 0xD7, 0xAE, 0x52, 0x27, 0xE8, 0x54,
    0xFF, 0x59, 0xE3, 0x39, 0xD5, 0x74, 0xAA, 0x6F, 0x14, 0x30, 0x64, 0x49, 0x06, 0xA4, 0x80, 0x02,
    0x4F, 0x43, 0x59, 0x3B, 0x24, 0x9C, 0x3E, 0xBF, 0x9D, 0xD8, 0xF6, 0xF4, 0x79, 0x83, 0xDF, 0x38,
    0x21, 0x08, 0xC9, 0x00, 0x72, 0xD0, 0x04, 0x35, 0x51, 0x45, 0x0C, 0xC3, 0xDD, 0xDF, 0x0E, 0xED,
    0x8C, 0x67, 0x0B, 0xC6, 0x05, 0x2D, 0x68, 0xBC, 0x87, 0x2D, 0x68, 0x18, 0xCB, 0xCE, 0xC2, 0xE6,
    0xD1, 0x21, 0x9C, 0xB5, 0x74, 0x13, 0xA3, 0x22, 0x3D, 0xA9, 0xF0, 0x3D, 0x18, 0x56, 0x84, 0x35,
    0xFE, 0xF1, 0x05, 0x0C, 0x24, 0x05, 0x49, 0x45, 0xFB, 0xE8, 0x50, 0xA7, 0xB8, 0xEE, 0x26, 0x66,
    0xB8, 0xA8, 0xC0, 0xF8, 0x9F, 0x21, 0x5F, 0x96, 0x16, 0xF9, 0x4C, 0xCB, 0xBF, 0x00, 0xBD, 0x98,
    0x31, 0x8C, 0xDC, 0xC6, 0xA1, 0x86, 0x3F, 0x92, 0x77, 0xA6, 0x9F, 0x89, 0xB7, 0x73, 0x85, 0x0A,
    0x19, 0xD2, 0x1D, 0x5F, 0xE1, 0xC2, 0xCF, 0xDE, 0x5B, 0x36, 0x07, 0xBC, 0x2D, 0xC8, 0xDD, 0xD1,
    0x13, 0xE0, 0x22, 0x29, 0xAC, 0x00, 0x51, 0x5C, 0x04, 0xB0, 0xDD, 0x46, 0x80, 0x23, 0x15, 0x42,
    0x70, 0x01, 0x56, 0xBE, 0xB1, 0x9A, 0x14, 0x6E, 0x64, 0x04, 0xE9, 0x55, 0xA4, 0x88, 0x57, 0x40,
    0xBC, 0x01, 0x0E, 0x01, 0x13, 0xAF, 0x6F, 0xC7, 0x52, 0x99, 0x86, 0x4E, 0x60, 0xA4, 0x48, 0x11,
    0x3A, 0x2E, 0x02, 0x4B, 0x08, 0x3C, 0x70, 0xC6, 0x01, 0x25, 0xEF, 0xDD, 0x84, 0xA3, 0xE8, 0x36,
    0x91, 0x2C, 0xC1, 0x92, 0x74, 0x12, 0xF9, 0xFF, 0x3F, 0x38, 0x24, 0xE7, 0xFF, 0xFF, 0x3B, 0x92,
    0x20, 0xEF, 0x0E, 0x0F, 0x87, 0xCF, 0xB2, 0x74, 0xF4, 0x68, 0xB7, 0xBB, 0xBE, 0xBE, 0x5E, 0x14,
    0x83, 0xC1, 0xE0, 0x7F, 0x01, 0x72, 0x8F, 0xD0, 0xD5, 0xC2, 0x99, 0x4C, 0x92, 0xC3, 0x08, 0x4A,
    0x58, 0x60, 0x04, 0x05, 0x64, 0xEA, 0xF5, 0xC4, 0x99, 0x60, 0xA6, 0xC8, 0xF1, 0x00, 0x00, 0xD2,
    0x3D, 0x98, 0x39, 0x15, 0xD8, 0x80, 0xB0, 0x86, 0xB0, 0xBA, 0x9D, 0x2F, 0xDE, 0xF8, 0x39, 0x43,
    0xD7, 0xDC, 0xB6, 0x2F, 0xF2, 0xD4, 0x20, 0x24, 0x0C, 0x9D, 0xAB, 0x3C, 0x81, 0xFE, 0xA9, 0xD5,
    0xCC, 0xCD, 0x85, 0xB4, 0xAB, 0xF4, 0xBB, 0x74, 0x3D, 0xC8, 0x05, 0xDB, 0xE9, 0xB5, 0xA6, 0x98,
    0xBD, 0xB1, 0xC2, 0xD3, 0x9B, 0x84, 0x75, 0x41, 0xA4, 0x53, 0x12, 0x25, 0xA4, 0x20, 0xD6, 0x3D,
    0xA2, 0x2A, 0x27, 0x30, 0x25, 0x58, 0x03, 0x83, 0x8A, 0xE5, 0xAD, 0x8F, 0x49, 0x9C, 0xF3, 0xE6,
    0x2D, 0xF1, 0xDB, 0xB7, 0xC6, 0x2C, 0x98, 0xEF, 0x2F, 0xCF, 0x01, 0xF0, 0xDC, 0x62, 0x0C, 0x7E,
    0x42, 0x95, 0x5D, 0xAA, 0x73, 0x68, 0x31, 0x04, 0x61, 0x11, 0x4E, 0xE6, 0x49, 0xBD, 0x89, 0x69,
    0x51, 0x60, 0xD2, 0xDF, 0xD7, 0xA1, 0x53, 0xA4, 0x15, 0xA1, 0x01, 0x23, 0x03, 0xB3, 0x73, 0xA9,
    0xCA, 0xF6, 0x24, 0x00, 0xF9, 0x5A, 0xBE, 0x06, 0x00, 0x70, 0xC4, 0x29, 0xB8, 0xFE, 0x52, 0x43,
    0xA4, 0x49, 0xE9, 0x70, 0x32, 0xD2, 0xDD, 0xD8, 0xBD, 0x55, 0x6D, 0x88, 0x63, 0x72, 0x72, 0x66,
    0x1D, 0xCE, 0x4C, 0x72, 0xD8, 0xF0, 0x59, 0xFD, 0x9B, 0x72, 0x73, 0x78, 0xA6, 0x68, 0x65, 0x23,
    0x85, 0x49, 0x37, 0x71, 0xAA, 0xEE, 0xF0, 0x6E, 0xA4, 0x63, 0x85, 0x20, 0xB8, 0x1E, 0x4C, 0x21,
    0x75, 0x15, 0x00, 0x40, 0xDA, 0x3C, 0xFB, 0x06, 0x9D, 0xA7, 0x7E, 0xD9, 0x7B, 0xB5, 0xDF, 0xE9,
    0xAF, 0x65, 0x7B, 0xCB, 0x12, 0xF5, 0x3F, 0x51, 0x65, 0x93, 0xF3, 0x75, 0x96, 0xE8, 0x51, 0x8A,
    0x2D, 0xC8, 0x53, 0xD2, 0x58, 0x27, 0x97, 0x4D, 0x58, 0x6F, 0x23, 0x57, 0xC6, 0xE3, 0xB1, 0x73,
    0x0E, 0xC4, 0x02, 0x90, 0x8C, 0x2F, 0x3A, 0x73, 0xF2, 0xC4, 0x5D, 0x3B, 0x2F, 0x7F, 0xB7, 0xED,
    0x2C, 0xDC, 0xB1, 0xB6, 0xF3, 0x11, 0x3D, 0x39, 0x23, 0x22, 0x7D, 0x66, 0xD2, 0xCA, 0x46, 0x2D,
    0xBE, 0xAF, 0xFA, 0xB5, 0xD8, 0x6B, 0x3B, 0x8B, 0xB5, 0xB6, 0xB3, 0x10, 0x72, 0x63, 0x43, 0xC4,
    0x7A, 0xD2, 0x15, 0x61, 0x55, 0x77, 0xFE, 0x8B, 0x9F, 0xDE, 0xB5, 0xF3, 0x0B, 0xE3, 0xF1, 0x85,
    0xA1, 0x73, 0x35, 0x90, 0x34, 0x14, 0x3F, 0xE4, 0x6C, 0xC2, 0x24, 0x96, 0x2D, 0xFA, 0x82, 0x74,
    0x97, 0xE0, 0x02, 0x74, 0x81, 0xFC, 0x76, 0xCE, 0x9C, 0xC3, 0xB5, 0x24, 0xE7, 0xEB, 0x64, 0x71,
    0x9C, 0x40, 0x66, 0x4D, 0x7F, 0x9D, 0x0E, 0x1D, 0xBA, 0x6C, 0x87, 0x55, 0x22, 0xD7, 0xD9, 0xDA,
    0x7B, 0xE1, 0xDD, 0x40, 0x92, 0x35, 0x6C, 0xF4, 0xA0, 0x03, 0xAB, 0x3C, 0xD3, 0x90, 0xCC, 0x41,
    0xDC, 0xC2, 0xCE, 0x07, 0xBC, 0x58, 0x03, 0x42, 0x65, 0x8C, 0xB8, 0xC8, 0x09, 0x0E, 0x59, 0x8A,
    0x7B, 0xA1, 0xA1, 0x98, 0xB3, 0xEB, 0x2E, 0xFD, 0xED, 0xAB, 0xBD, 0x55, 0x0B, 0x77, 0x20, 0x74,
    0x4E, 0xA5, 0xEE, 0x8F, 0x6A, 0xE8, 0xCE, 0xAB, 0xAD, 0x96, 0xB3, 0x3B, 0xE8, 0xF7, 0xF9, 0x63,
    0x59, 0xCB, 0xA4, 0x25, 0xAF, 0xB4, 0x0C, 0xEF, 0x83, 0x00, 0x83, 0xE1, 0x60, 0xA9, 0xC3, 0x1A,
    0xB1, 0x0E, 0xAB, 0x57, 0xF4, 0x0E, 0x10, 0x1A, 0x61, 0xF2, 0x09, 0xE6, 0xB6, 0xF5, 0x75, 0x20,
    0x6E, 0x58, 0x7B, 0x8D, 0x7E, 0x2C, 0x37, 0x22, 0xD5, 0xA2, 0x1F, 0xC9, 0x6E, 0x82, 0xD8, 0x25,
    0x38, 0xC1, 0xD3, 0x21, 0x3D, 0xA1, 0xC4, 0xF1, 0x2A, 0xAA, 0x6C, 0x60, 0x46, 0x94, 0x83, 0x56,
    0xE3, 0x0F, 0x4D, 0xBB, 0xA7, 0x10, 0x72, 0x29, 0x20, 0x30, 0x74, 0x48, 0x0C, 0x39, 0x85, 0xE1,
    0x2C, 0x2B, 0x06, 0x03, 0x26, 0xAC, 0xC0, 0x44, 0x0A, 0x8C, 0x00, 0xCC, 0x6A, 0xA4, 0x30, 0xB9,
    0xD0, 0x98, 0x49, 0xA6, 0xF9, 0x55, 0xFD, 0x7F, 0x9A, 0x48, 0x7F, 0xAA, 0x89, 0xFF, 0xFF, 0x8A,
    0x46, 0xC4, 0xC7, 0x35, 0x5D, 0xE1, 0x2C, 0x9B, 0xCF, 0x5C, 0xAA, 0x31, 0x44, 0x6D, 0x63, 0x2F,
    0x35, 0x39, 0xA2, 0x66, 0x9B, 0xA2, 0xA6, 0x66, 0xA5, 0x0E, 0x35, 0xD4, 0xB1, 0x82, 0x5A, 0x00,
    0xF5, 0xBA, 0x97, 0xFE, 0x96, 0xA2, 0xFE, 0xE2, 0x86, 0xE1, 0x93, 0x4A, 0x4E, 0x68, 0x2D, 0x27,
    0x24, 0x12, 0xDF, 0x29, 0xAC, 0xC8, 0xFD, 0xF6, 0x59, 0xD6, 0xC1, 0xB0, 0x4D, 0xA8, 0xC3, 0x1B,
    0x17, 0x63, 0x15, 0x39, 0x03, 0x40, 0x6A, 0x89, 0xD4, 0x8F, 0xCF, 0x91, 0x40, 0x87, 0x35, 0x5A,
    0xE4, 0x2C, 0x4F, 0xD9, 0x46, 0x34, 0x18, 0xE8, 0xF9, 0x34, 0x11, 0xAB, 0x1A, 0x21, 0x22, 0xF3,
    0x9B, 0x73, 0xEB, 0x89, 0xD9, 0xB2, 0xFD, 0x55, 0x03, 0xA6, 0x6F, 0x08, 0xAA, 0x89, 0x21, 0xFA,
    0x50, 0x1B, 0x92, 0xE3, 0x6E, 0x97, 0x4E, 0x38, 0x6E, 0xC8, 0xC1, 0x70, 0xD6, 0xCB, 0x61, 0x18,
    0x7A, 0xF0, 0x2C, 0x00, 0x4B, 0xB0, 0x0A, 0x5D, 0x18, 0x11, 0x58, 0xE2, 0x8A, 0x54, 0x52, 0xC0,
    0x08, 0x36, 0xBD, 0x32, 0x3C, 0x36, 0x49, 0x9D, 0x0D, 0x77, 0x24, 0x00, 0x03, 0x40, 0x48, 0x88,
    0x35, 0x50, 0x03, 0x40, 0xA4, 0x21, 0xA9, 0x41, 0x18, 0x58, 0xDB, 0x86, 0x62, 0x13, 0xF2, 0x1C,
    0xCA, 0x75, 0xB0, 0x29, 0x81, 0x11, 0x32, 0xAC, 0x13, 0x15, 0x5D, 0xBD, 0xA4, 0x63, 0xE7, 0x2A,
    0xF1, 0xB3, 0xEF, 0x99, 0x14, 0x4C, 0x0F, 0xCA, 0x1C, 0x46, 0x23, 0x28, 0x2C, 0x64, 0x00, 0x70,
    0x0E, 0x68, 0x20, 0xAC, 0x21, 0x92, 0x07, 0xEF, 0x9F, 0x54, 0x90, 0x5A, 0x18, 0xE5, 0x50, 0x27,
    0x07, 0xEB, 0xBF, 0x14, 0xC0, 0xEC, 0xB8, 0x0C, 0xAE, 0x39, 0x02, 0xB5, 0x79, 0xF0, 0xDD, 0x37,
    0x8B, 0x96, 0xEB, 0x00, 0x07, 0xEB, 0x1D, 0x48, 0xEF, 0x01, 0xCF, 0xF7, 0xA1, 0xFF, 0x3C, 0xAC,
    0x6E, 0x7B, 0xDF, 0x03, 0xEA, 0x9D, 0xB5, 0x47, 0x61, 0xE8, 0x5C, 0x0D, 0x65, 0x03, 0x60, 0x2C,
    0x10, 0xD6, 0x5E, 0x23, 0xED, 0x35, 0x51, 0x5E, 0x85, 0xBC, 0x7E, 0x52, 0x92, 0xE1, 0x9C, 0xA6,
    0x60, 0x6F, 0xAC, 0x78, 0x73, 0x6C, 0x01, 0xE7, 0x2C, 0x04, 0x5F, 0x9E, 0xB4, 0x10, 0x55, 0x58,
    0x88, 0xB5, 0x57, 0xA1, 0xBC, 0xA6, 0xD0, 0x3A, 0x0F, 0xF0, 0x0A, 0x40, 0xEA, 0x2E, 0x04, 0xCE,
    0x99, 0xD8, 0x72, 0x41, 0x68, 0xC8, 0x80, 0x01, 0x90, 0x03, 0xA3, 0xBB, 0xB0, 0x00, 0x32, 0x20,
    0x55, 0x90, 0xD4, 0x10, 0xBA, 0xF7, 0x2A, 0x4E, 0x3B, 0xBD, 0x78, 0xB5, 0x07, 0x25, 0x90, 0xC3,
    0x72, 0x09, 0xA2, 0x06, 0x88, 0x2B, 0x42, 0x03, 0x25, 0x1C, 0x05, 0xD8, 0x72, 0x76, 0xE6, 0x6C,
    0x09, 0xFF, 0x89, 0x0F, 0x4E, 0x9E, 0x98, 0x39, 0xB3, 0x33, 0xBE, 0x58, 0xC2, 0x1D, 0x68, 0x4F,
    0x6E, 0x01, 0x90, 0x68, 0x52, 0x28, 0xE0, 0xCC, 0xA3, 0xF9, 0xCC, 0x09, 0x1D, 0xC9, 0x4F, 0xF4,
    0x6A, 0x50, 0x3F, 0x8A, 0x8F, 0x38, 0xAE, 0x93, 0xE3, 0x1A, 0x1E, 0xA5, 0xCC, 0x94, 0x01, 0x42,
    0x86, 0x0A, 0xDA, 0x1D, 0xB5, 0x90, 0xF7, 0x5E, 0x4F, 0xD7, 0xCE, 0x02, 0x4D, 0x68, 0x62, 0xDD,
    0xE1, 0xBE, 0xCF, 0x8F, 0x0D, 0xA2, 0xA1, 0x28, 0x98, 0x24, 0x00, 0xC3, 0x5D, 0xB2, 0x86, 0xA8,
    0xBA, 0x5F, 0x1C, 0x69, 0xFC, 0x94, 0xC5, 0x97, 0x4D, 0x3B, 0xC8, 0x9A, 0xA8, 0xBA, 0xF7, 0x7A,
    0xA4, 0x19, 0xEE, 0xC6, 0xEE, 0x33, 0xF0, 0xF7, 0x38, 0xB1, 0x3E, 0x62, 0x5B, 0x61, 0xEA, 0x65,
    0xE8, 0x25, 0xF5, 0x22, 0xA4, 0x17, 0x35, 0x74, 0x3A, 0x51, 0x5B, 0xAE, 0x4A, 0x54, 0xE2, 0x87,
    0xFB, 0x07, 0xD2, 0xC5, 0xC9, 0x7E, 0x5A, 0x6C, 0x6F, 0x59, 0xB9, 0xEB, 0xC0, 0x4A, 0x00, 0x2E,
    0x21, 0xFA, 0xD3, 0x1E, 0x91, 0x2C, 0x01, 0x38, 0x07, 0x67, 0x67, 0x50, 0xCE, 0x14, 0xE5, 0xFB,
    0x9A, 0xF2, 0xD7, 0x86, 0x72, 0xDB, 0xB6, 0x1C, 0xB5, 0x1C, 0x52, 0x96, 0x42, 0x96, 0x65, 0xA2,
    0xCB, 0x32, 0xAA, 0xCB, 0x12, 0xDB, 0x72, 0xBA, 0x59, 0x32, 0x68, 0x99, 0xB6, 0xDB, 0x49, 0x53,
    0x12, 0xB5, 0x0C, 0x1A, 0x00, 0x10, 0x0A, 0x7C, 0x34, 0x04, 0x06, 0xE0, 0x2C, 0x00, 0x40, 0xE6,
    0x24, 0xFE, 0x39, 0x21, 0xAE, 0x83, 0x39, 0x42, 0x31, 0x20, 0x83, 0x94, 0xC2, 0xCF, 0xC9, 0x21,
    0xD1, 0x23, 0x88, 0xEF, 0x22, 0x89, 0xBE, 0x79, 0x8A, 0x3F, 0x99, 0x54, 0x32, 0x20, 0x69, 0x0D,
    0xFC, 0x63, 0x63, 0xE0, 0xB4, 0x53, 0x00, 0x2C, 0x42, 0x00, 0x0A, 0x00, 0x0B, 0x04, 0xD5, 0x93,
    0x0C, 0x8F, 0x2C, 0x90, 0xCC, 0x81, 0xB5, 0x14, 0xE8, 0x47, 0xEA, 0xC9, 0x84, 0x2F, 0x23, 0x61,
    0xF8, 0x91, 0x86, 0x1F, 0x39, 0x0D, 0x17, 0x7B, 0x4F, 0xF2, 0x87, 0xEE, 0x09, 0x60, 0xDD, 0x0B,
    0x3C, 0xB1, 0xDC, 0x3E, 0xAB, 0x03, 0x46, 0xE2, 0x2D, 0x13, 0xFD, 0x55, 0xE3, 0x60, 0x87, 0xC0,
    0xA9, 0xF8, 0x4A, 0x9D, 0xD2, 0xE4, 0x14, 0x2B, 0x2C, 0x81, 0x67, 0xB6, 0xF7, 0xAA, 0xEF, 0x31,
    0xDF, 0xEF, 0x11, 0xEE, 0x91, 0x11, 0xFD, 0x99, 0x02, 0xF1, 0xB2, 0xCA, 0xE9, 0xF9, 0x1E, 0x23,
    0x1F, 0x6C, 0x5A, 0x09, 0xAB, 0x56, 0x62, 0xD5, 0x8A, 0xF0, 0x3D, 0x0A, 0xDF, 0xA3, 0xF4, 0x3D,
    0xCC, 0x7E, 0x8F, 0xC4, 0xF7, 0x48, 0x7D, 0x8F, 0x25, 0xF6, 0x97, 0x39, 0x50, 0x00, 0x02, 0x88,
    0x14, 0x00, 0xDB, 0x60, 0x9A, 0x07, 0x60, 0x49, 0x60, 0xA6, 0x2D, 0x73, 0xA2, 0x2A, 0x93, 0x42,
    0x8B, 0x1B, 0x8E, 0xD0, 0x35, 0xB0, 0x58, 0x1A, 0x88, 0x6A, 0x88, 0x15, 0x74, 0x78, 0x3C, 0x19,
    0xA9, 0x82, 0x61, 0x05, 0xC6, 0x12, 0xAA, 0xEE, 0x63, 0xC9, 0x08, 0x4C, 0x09, 0x9E, 0xF0, 0x58,
    0xFC, 0xC1, 0x7E, 0xED, 0xF7, 0xE4, 0xE7, 0x8C, 0x88, 0xAA, 0x1E, 0x89, 0x16, 0x08, 0x99, 0xA8,
    0xAC, 0x1D, 0xE5, 0x84, 0xFB, 0x7F, 0xF1, 0xBE, 0x59, 0xC3, 0x50, 0x43, 0xAA, 0x40, 0x70, 0x4F,
    0x6E, 0x2E, 0xDE, 0x3A, 0x57, 0xE5, 0xCC, 0x99, 0xF2, 0xA9, 0x79, 0xC9, 0xA0, 0xC4, 0xDF, 0x20,
    0x5E, 0xFD, 0xF6, 0xFC, 0xE6, 0x0B, 0x49, 0x95, 0xB0, 0x00, 0x40, 0xE2, 0x14, 0xC3, 0xCF, 0x2D,
    0x53, 0xA6, 0x58, 0xF2, 0x96, 0x23, 0xAC, 0x5F, 0xE3, 0x0A, 0x2B, 0x24, 0xB6, 0x07, 0x36, 0x6D,
    0x29, 0x2A, 0x6C, 0xD4, 0x60, 0xD9, 0x69, 0x99, 0x4A, 0x4B, 0xA2, 0x6E, 0x52, 0x0A, 0x69, 0x7F,
    0x3B, 0xC3, 0x6E, 0xCD, 0x01, 0x00, 0x22, 0x03, 0x16, 0x72, 0xE8, 0x00, 0x70, 0x4A, 0x0A, 0x67,
    0x3A, 0xC7, 0x1A, 0x18, 0x41, 0xDE, 0x22, 0x74, 0xF3, 0xEC, 0xEA, 0xF4, 0x1C, 0x79, 0x43, 0xDE,
    0x26, 0x4F, 0x83, 0xF9, 0xD6, 0x7B, 0xD3, 0x74, 0xB7, 0x0B, 0x00, 0xC4, 0x15, 0x42, 0xD1, 0x83,
    0xFE, 0x43, 0x4D, 0xF7, 0x0F, 0x9B, 0x8C, 0xAE, 0x54, 0x1D, 0x26, 0x0F, 0x3C, 0x5D, 0xAE, 0x24,
    0x76, 0xA3, 0xB3, 0x65, 0x0E, 0xC7, 0xEA, 0x21, 0xA2, 0xE3, 0xCB, 0x55, 0x7C, 0xBE, 0x82, 0x07,
    0xAF, 0x7D, 0x08, 0x1C, 0xE1, 0x15, 0x15, 0x9E, 0xD7, 0xC1, 0x35, 0xC9, 0xB9, 0x07, 0x76, 0x08,
    0xDE, 0xE5, 0x07, 0xA4, 0xEE, 0x0F, 0xAE, 0x5A, 0x7B, 0xC9, 0x9D, 0xB7, 0xB0, 0xC7, 0x94, 0x16,
    0xB9, 0x97, 0xE2, 0x29, 0xE7, 0xDC, 0x6E, 0xF6, 0xD9, 0xDE, 0xF8, 0x17, 0x23, 0xA6, 0xD0, 0x78,
    0xB1, 0xEC, 0x42, 0x19, 0x3A, 0x96, 0xB6, 0xDE, 0x7B, 0xFB, 0x46, 0x93, 0xEE, 0x86, 0xCE, 0xEE,
    0x37, 0x8F, 0x9D, 0x11, 0x1F, 0x5F, 0x1C, 0x40, 0x0E, 0xA3, 0xAF, 0xFF, 0xA3, 0x08, 0xC4, 0x0D,
    0x13, 0xBA, 0x9A, 0x1C, 0x8F, 0x54, 0x12, 0x2B, 0x5E, 0x93, 0xC1, 0xEE, 0xDD, 0xAF, 0x7E, 0xEC,
    0x6A, 0xF1, 0x4E, 0x33, 0xA0, 0xC8, 0xE9, 0x8D, 0xC8, 0x66, 0xCE, 0xED, 0x8C, 0xC7, 0xFF, 0x76,
    0x93, 0x4B, 0xE2, 0xC6, 0x34, 0x58, 0x3C, 0x28, 0x51, 0x8D, 0x50, 0xAC, 0x41, 0xFF, 0xA1, 0xA6,
    0xBF, 0x79, 0xEB, 0xEA, 0x3F, 0xC3, 0xE4, 0x21, 0xA6, 0xC7, 0x97, 0xEB, 0xE8, 0x72, 0x0D, 0x0F,
    0x11, 0x9D, 0x21, 0x54, 0xA4, 0xB9, 0x08, 0x81, 0xBC, 0xF7, 0xD7, 0x13, 0x44, 0x75, 0xA2, 0x53,
    0xFA, 0xC0, 0x21, 0x8A, 0x7B, 0xAE, 0x40, 0x5C, 0xDF, 0xF6, 0x5D, 0x17, 0xC8, 0xFB, 0xFC, 0xA2,
    0x5B, 0x7C, 0xCB, 0x7D, 0x53, 0x13, 0xA0, 0x3E, 0x0C, 0xBB, 0x73, 0xC8, 0x2A, 0x98, 0xD5, 0x44,
    0xC6, 0x82, 0x1C, 0x01, 0x3D, 0x82, 0x9D, 0x97, 0x49, 0x9C, 0x93, 0x99, 0xDC, 0x52, 0x39, 0x42,
    0x8D, 0x48, 0x74, 0x49, 0xEC, 0xA9, 0x4A, 0x12, 0xBF, 0x4F, 0x0E, 0xC8, 0x10, 0x57, 0xE7, 0x84,
    0xAE, 0x06, 0x7C, 0xDE, 0x8A, 0xB0, 0x67, 0xD6, 0x67, 0xE6, 0xB9, 0x44, 0x01, 0x27, 0x4E, 0xC9,
    0x2F, 0x9C, 0x71, 0xDF, 0x99, 0xCF, 0xC9, 0x1B, 0x0A, 0x7B, 0x6F, 0x00, 0x04, 0x16, 0x98, 0x02,
    0x3D, 0x20, 0x59, 0x5C, 0x03, 0x62, 0x67, 0x11, 0xEF, 0x7C, 0x80, 0x0F, 0xF3, 0xA1, 0x23, 0x12,
    0x5F, 0xC0, 0x53, 0xB7, 0x54, 0x23, 0x84, 0x2A, 0x10, 0x64, 0x0C, 0xF1, 0x65, 0x02, 0x57, 0xB3,
    0x58, 0x42, 0x03, 0xB1, 0x06, 0x01, 0x74, 0x0F, 0xC8, 0x73, 0x08, 0x38, 0x4D, 0xF8, 0x97, 0x9A,
    0x58, 0x6E, 0x3E, 0xBA, 0xA7, 0x5C, 0x22, 0xDA, 0x3D, 0x4A, 0x72, 0xBA, 0xE1, 0xBF, 0xC3, 0xFA,
    0x40, 0x3A, 0x46, 0x95, 0xC1, 0x13, 0x78, 0x74, 0xBF, 0xC3, 0x40, 0x71, 0x8B, 0x87, 0x00, 0x60,
    0x3C, 0x1E, 0xE3, 0x9C, 0x63, 0xB1, 0xE4, 0xC0, 0x39, 0x20, 0xDF, 0xCF, 0xFB, 0x16, 0xB1, 0x73,
    0xA4, 0x3E, 0x8F, 0x19, 0x79, 0xF0, 0xB9, 0x1C, 0x45, 0xBF, 0x53, 0xA5, 0xF8, 0xB6, 0x2A, 0x7B,
    0x6D, 0xDE, 0xA8, 0xCD, 0x33, 0x42, 0x0D, 0x2B, 0x41, 0xA6, 0xFE, 0x95, 0x37, 0x70, 0xF5, 0xBE,
    0x3D, 0x81, 0x05, 0x46, 0xC0, 0x1A, 0x10, 0x4B, 0xC0, 0x47, 0x2F, 0xE3, 0x7B, 0x7F, 0x13, 0x0B,
    0x52, 0x99, 0x31, 0x94, 0xE9, 0x55, 0x27, 0x63, 0xF7, 0xB6, 0xBC, 0xED, 0x5E, 0x88, 0x2A, 0x10,
    0x12, 0x56, 0x39, 0x18, 0xCF, 0xA1, 0x84, 0x99, 0x26, 0xFC, 0xC4, 0x10, 0xCB, 0xFE, 0x81, 0x78,
    0x86, 0x95, 0xC1, 0x13, 0x0E, 0xA8, 0x63, 0x64, 0x20, 0xD1, 0x20, 0x80, 0xE7, 0x01, 0xE0, 0x04,
    0xCB, 0xB2, 0xC4, 0xCF, 0x4B, 0x29, 0xE8, 0x79, 0x5D, 0xDC, 0x11, 0x91, 0x36, 0x44, 0x1F, 0x19,
    0x82, 0x4F, 0x2B, 0xF8, 0xBB, 0x86, 0xF7, 0x15, 0x0C, 0x01, 0xCF, 0x02, 0xC8, 0x81, 0x12, 0x02,
    0x03, 0xB3, 0xAA, 0xA5, 0x04, 0x7B, 0x07, 0x4E, 0xC9, 0x7F, 0x38, 0xE3, 0x8E, 0xCD, 0xE7, 0x14,
    0x0D, 0x3D, 0x4B, 0xBA, 0x40, 0x43, 0x36, 0x67, 0xB0, 0xC7, 0xF4, 0xAB, 0x6B, 0xF6, 0x4B, 0x57,
    0xDD, 0x39, 0x11, 0x00, 0xA2, 0x0F, 0x8D, 0x27, 0xF0, 0x78, 0xEA, 0xFE, 0x13, 0xBD, 0x99, 0x01,
    0x84, 0x24, 0xD9, 0xFD, 0xC7, 0x3F, 0xAF, 0x6A, 0x66, 0xEB, 0xFE, 0x5B, 0xCC, 0x1B, 0xFE, 0x73,
    0x42, 0x36, 0xD9, 0x5A, 0x40, 0xC4, 0xCD, 0x54, 0x70, 0x98, 0xD0, 0x3D, 0xFD, 0x82, 0xE4, 0x10,
    0x72, 0x1D, 0x6E, 0x0F, 0x88, 0x83, 0x20, 0x77, 0xB8, 0x39, 0x2C, 0x06, 0x3D, 0xD7, 0x45, 0x10,
    0x1C, 0xB2, 0x8B, 0x03, 0x90, 0x03, 0xB8, 0x09, 0x66, 0x30, 0xA2, 0xB8, 0x9E, 0xED, 0x47, 0x02,
    0x04, 0x4A, 0x38, 0xC1, 0x21, 0x85, 0x0B, 0x32, 0x81, 0x97, 0xE4, 0xDD, 0x5D, 0x65, 0x75, 0xCF,
    0x2F, 0x55, 0xA5, 0x75, 0x76, 0x3B, 0x3B, 0xB7, 0xD3, 0xB3, 0x7D, 0x57, 0xF5, 0xFB, 0x7C, 0x55,
    0xBD, 0x7E, 0xBF, 0xF7, 0xBE, 0xBF, 0xB7, 0x55, 0xA5, 0x76, 0x8A, 0xF1, 0x05, 0x2D, 0x00, 0xA1,
    0x85, 0xB8, 0x04, 0xED, 0xE0, 0xF6, 0x29, 0x74, 0x0F, 0xA0, 0xD3, 0x81, 0x7C, 0x1B, 0x7C, 0x82,
    0x72, 0xDA, 0x04, 0x65, 0x9C, 0x85, 0xE7, 0xBF, 0xB5, 0x91, 0x48, 0xA1, 0xDF, 0x7F, 0xDD, 0x25,
    0xE0, 0x76, 0x20, 0xEF, 0xC0, 0x60, 0x00, 0x5D, 0x0F, 0x69, 0x2C, 0x65, 0x1D, 0x00, 0x6F, 0x19,
    0x2D, 0x6E, 0xE3, 0x07, 0x15, 0x0C, 0xA0, 0x53, 0x47, 0x20, 0x93, 0xF4, 0x7C, 0x74, 0x48, 0xA7,
    0xA2, 0xE3, 0x19, 0x8D, 0xD4, 0x64, 0x78, 0x3C, 0x4A, 0xA6, 0x2F, 0x01, 0x98, 0x75, 0x70, 0x1B,
    0x30, 0x9C, 0x34, 0x2E, 0x56, 0xEA, 0x68, 0x9D, 0x7E, 0x4C, 0x19, 0x8A, 0xE5, 0x21, 0x4B, 0xF9,
    0x5A, 0xA1, 0x07, 0xA0, 0x03, 0x9C, 0x00, 0x25, 0xE0, 0x00, 0x01, 0x5E, 0x5C, 0xC6, 0xCC, 0x2E,
    0x94, 0xA8, 0x02, 0x55, 0xC2, 0x05, 0x6C, 0x01, 0x40, 0x0F, 0x18, 0x00, 0x0E, 0x02, 0x0B, 0x00,
    0x89, 0xDC, 0x57, 0x22, 0x2E, 0xF2, 0xDC, 0xD7, 0x16, 0x52, 0x60, 0x6F, 0x66, 0x60, 0xF0, 0x14,
    0xBA, 0x40, 0x0A, 0x24, 0x19, 0x6D, 0xA9, 0x81, 0x1C, 0x17, 0xEC, 0x8B, 0x05, 0x00, 0x08, 0x4B,
    0x74, 0xC6, 0x6D, 0xD8, 0x9D, 0x2D, 0x5F, 0x24, 0x4E, 0x7F, 0xFC, 0xC1, 0x1E, 0x34, 0x15, 0x42,
    0xCE, 0x2C, 0x9A, 0x62, 0x21, 0x05, 0xFD, 0xC8, 0x05, 0x52, 0xCE, 0xF3, 0x1D, 0xE8, 0x09, 0xEC,
    0xEC, 0xC0, 0xBD, 0xC8, 0x7C, 0x15, 0x16, 0xDF, 0x45, 0x89, 0x09, 0x7F, 0x5F, 0x6C, 0x70, 0xB2,
    0xBC, 0x45, 0x03, 0x41, 0x49, 0x0B, 0x86, 0x95, 0xDB, 0x5B, 0x83, 0x6E, 0x1B, 0x6B, 0xD7, 0x5B,
    0xBE, 0x83, 0xD8, 0x90, 0x76, 0x21, 0xAE, 0x1A, 0x8F, 0xAB, 0xF7, 0x07, 0xDA, 0xB8, 0xF0, 0xCF,
    0x16, 0x81, 0xC3, 0x6B, 0x59, 0x0C, 0x8B, 0x01, 0x7C, 0xE6, 0xA0, 0x67, 0x21, 0x31, 0x00, 0x0C,
    0x2F, 0xEE, 0x33, 0x96, 0x29, 0xB9, 0x1A, 0x9B, 0x9C, 0xB8, 0xC8, 0x09, 0x5D, 0x8E, 0xAA, 0xC1,
    0xD7, 0x54, 0x35, 0xF9, 0x8C, 0xAA, 0x6D, 0x43, 0xB9, 0xB6, 0x0F, 0xB1, 0xCD, 0x19, 0x9A, 0x26,
    0x77, 0x2C, 0xF7, 0x01, 0xFD, 0x6A, 0x23, 0x3F, 0x69, 0xE4, 0x67, 0x8D, 0xFC, 0xA2, 0x11, 0x03,
    0x6F, 0xD6, 0x12, 0xC9, 0x5F, 0x0C, 0xC9, 0x03, 0x31, 0xEC, 0xD1, 0x33, 0x0C, 0x48, 0x1A, 0xD1,
    0x86, 0xFC, 0x49, 0x69, 0xDB, 0x3A, 0x24, 0x86, 0x5E, 0xD3, 0x4F, 0x9F, 0x8B, 0x21, 0x90, 0xF7,
    0x0C, 0x00, 0x44, 0xF2, 0xB7, 0x46, 0xA4, 0x20, 0xB2, 0xB7, 0x7C, 0x2D, 0x8C, 0x1A, 0xE9, 0x35,
    0x92, 0x34, 0xA2, 0x4D, 0x23, 0x59, 0x4F, 0x6C, 0x9C, 0x0D, 0xA5, 0x88, 0xB3, 0xB8, 0x39, 0x9D,
    0xFD, 0x40, 0x32, 0xEF, 0xDC, 0xA4, 0x45, 0x7E, 0x36, 0x94, 0xFC, 0x9B, 0x99, 0xD3, 0x9A, 0x9E,
    0xB8, 0x16, 0xB4, 0x69, 0x8C, 0x37, 0xBE, 0x93, 0xF7, 0xC5, 0x34, 0xAE, 0x1B, 0xD3, 0x8D, 0xBF,
    0x9C, 0x39, 0xED, 0x79, 0x63, 0xB7, 0x71, 0xDB, 0x98, 0x9D, 0x79, 0x45, 0x4B, 0x51, 0x07, 0x30,
    0x14, 0x3F, 0x16, 0x9F, 0xC3, 0xE3, 0x71, 0x76, 0xB7, 0x3F, 0x16, 0xF7, 0xF0, 0xE8, 0x83, 0x1C,
    0x16, 0x62, 0xDC, 0xF6, 0x8F, 0xC5, 0xCD, 0x9F, 0xCD, 0x91, 0x94, 0xFA, 0x41, 0xB5, 0x47, 0xB7,
    0xC3, 0xCE, 0x80, 0x74, 0x2C, 0xF2, 0xF0, 0xE8, 0xE8, 0xBF, 0xFF, 0xC4, 0x66, 0x4D, 0x3F, 0x1A,
    0x29, 0xA9, 0x80, 0x17, 0x30, 0x1B, 0xAA, 0x88, 0x25, 0x53, 0x67, 0x5C, 0x7B, 0xEA, 0x75, 0x36,
    0x63, 0xDC, 0xEC, 0x21, 0xBC, 0xA4, 0x01, 0x36, 0x61, 0xD4, 0xC6, 0xE6, 0xF5, 0x0D, 0x2C, 0xDC,
    0x87, 0x4B, 0x18, 0xB8, 0xF6, 0x8C, 0x81, 0x25, 0x32, 0x68, 0x9A, 0x88, 0x3C, 0xAA, 0x7F, 0xE5,
    0x49, 0x27, 0x28, 0xD7, 0xA4, 0x87, 0x6D, 0x04, 0x13, 0x78, 0x0D, 0xB8, 0x1D, 0x94, 0xD1, 0x1F,
    0xB3, 0xE0, 0x02, 0x46, 0x5C, 0xDF, 0xD5, 0xE2, 0xFD, 0xBE, 0xDC, 0x52, 0x00, 0xA0, 0x2A, 0x88,
    0xA6, 0xA0, 0xB5, 0xE1, 0x3B, 0x81, 0x05, 0xE0, 0x96, 0x7C, 0x8A, 0xC8, 0x24, 0xAC, 0xF8, 0xF9,
    0xD3, 0x1F, 0x49, 0x2F, 0xBE, 0x36, 0xA0, 0x37, 0x1D, 0xF0, 0xCD, 0xB3, 0x66, 0xD4, 0x6E, 0x4D,
    0x5A, 0xA3, 0x33, 0xBA, 0x91, 0xA7, 0xAB, 0xE4, 0xEF, 0x53, 0xD2, 0xF9, 0x14, 0xD0, 0x03, 0x24,
    0x23, 0xFC, 0x53, 0x49, 0x6C, 0xEE, 0x01, 0xC0, 0x9B, 0x8A, 0x48, 0x3E, 0x31, 0xC9, 0x83, 0x65,
    0xEE, 0x9C, 0x5F, 0x1B, 0xD0, 0xB4, 0x90, 0xB0, 0xC5, 0xBB, 0xED, 0x34, 0xB1, 0xDC, 0x87, 0x2D,
    0x0C, 0x2F, 0x85, 0x16, 0x2D, 0x10, 0x54, 0xAC, 0xBA, 0x0E, 0xC5, 0x1D, 0x22, 0x73, 0x42, 0x28,
    0x25, 0x3C, 0x34, 0x5F, 0x4D, 0x0D, 0x6C, 0x02, 0x7E, 0xC6, 0xE6, 0xCA, 0x6B, 0x60, 0x6D, 0x96,
    0xBC, 0x33, 0x3B, 0x5E, 0x7D, 0x0D, 0xAB, 0xF7, 0xCC, 0x6B, 0xC0, 0x29, 0xE0, 0x40, 0x15, 0x35,
    0x06, 0x00, 0x62, 0x60, 0x03, 0xD8, 0x06, 0x3A, 0x5F, 0x61, 0x2D, 0x89, 0x85, 0x5E, 0x09, 0xDE,
    0x13, 0xD8, 0x6D, 0x00, 0x0E, 0xC0, 0xE5, 0x97, 0x70, 0x76, 0xF7, 0xAE, 0x1B, 0x4B, 0x73, 0xD7,
    0x1E, 0xCD, 0xDA, 0x2E, 0x07, 0x20, 0x72, 0xA0, 0xAB, 0x76, 0x11, 0x38, 0x89, 0x99, 0x6F, 0x61,
    0xF1, 0x34, 0x3E, 0x24, 0xFC, 0x44, 0x6C, 0x38, 0x7D, 0xC5, 0x85, 0x0E, 0x17, 0x96, 0xF8, 0xB0,
    0x78, 0x36, 0x51, 0x86, 0x26, 0x9E, 0x8B, 0xD4, 0x9B, 0x6F, 0x65, 0xDE, 0x46, 0xFC, 0xF1, 0xDD,
    0x37, 0x88, 0x45, 0x84, 0xF8, 0xFC, 0xE8, 0xB8, 0x6D, 0xBB, 0x8A, 0x68, 0x43, 0xCB, 0x58, 0x8A,
    0x9A, 0x72, 0x7E, 0xAE, 0xDF, 0x98, 0xA2, 0xC7, 0xE3, 0x4C, 0x97, 0xB1, 0xD5, 0x36, 0x2C, 0x74,
    0x56, 0x63, 0xBE, 0x1C, 0xC5, 0x66, 0x52, 0x96, 0xDF, 0x97, 0xE2, 0x7B, 0xB7, 0x0C, 0xA0, 0xC5,
    0xC4, 0x17, 0xE0, 0xAF, 0x1A, 0x37, 0x2E, 0x9A, 0x94, 0x85, 0x41, 0xE8, 0x5F, 0x35, 0x7D, 0x28,
    0x43, 0x81, 0xDE, 0x34, 0xAD, 0xC2, 0xE2, 0xF2, 0xFD, 0x56, 0xD5, 0x9B, 0xB6, 0x3D, 0x51, 0xE6,
    0xF2, 0x5E, 0xFD, 0x80, 0x77, 0xE2, 0x7A, 0x2C, 0xE2, 0x12, 0x68, 0x0E, 0xD2, 0x8A, 0xB0, 0xB8,
    0x6A, 0xDC, 0xAA, 0x9A, 0x94, 0x85, 0x41, 0x94, 0xB9, 0x6A, 0xBA, 0xF8, 0x71, 0xA9, 0xCD, 0xE5,
    0xFB, 0x7E, 0x29, 0x5E, 0x15, 0x61, 0x16, 0x13, 0x9B, 0xC8, 0xD3, 0x57, 0x34, 0xAD, 0x0A, 0x58,
    0xE7, 0xF2, 0xAC, 0x0D, 0x3A, 0xEC, 0x72, 0x40, 0xCF, 0xAE, 0x9B, 0x79, 0xC6, 0x95, 0xE6, 0xEA,
    0xFB, 0xC7, 0x37, 0xF1, 0x9A, 0x3A, 0x07, 0x6D, 0xAE, 0xC7, 0x7E, 0xA9, 0x69, 0xC6, 0x80, 0x04,
    0x48, 0x61, 0xED, 0x0C, 0x92, 0x0A, 0x6E, 0xDE, 0x67, 0x0D, 0xD3, 0x0D, 0x5C, 0x57, 0xB9, 0xFA,
    0x00, 0xD8, 0xA2, 0x5F, 0x1F, 0x5F, 0x25, 0x98, 0x47, 0x58, 0x22, 0x16, 0x31, 0x00, 0x13, 0xC2,
    0x0B, 0xF4, 0x8F, 0xB3, 0x6D, 0x55, 0x00, 0x9C, 0x42, 0x7E, 0xAD, 0xF0, 0xBC, 0xE2, 0x90, 0x82,
    0x23, 0x00, 0x54, 0xD5, 0x0E, 0xFB, 0xAA, 0x79, 0x29, 0xB0, 0x4B, 0x5D, 0xA1, 0xF3, 0x50, 0x8E,
    0x61, 0xC9, 0x30, 0xE3, 0x80, 0x38, 0xCB, 0x49, 0xC9, 0x19, 0x91, 0x2B, 0x47, 0x1E, 0x15, 0xE4,
    0xDA, 0x90, 0x77, 0x21, 0xAF, 0xE0, 0xA3, 0x9A, 0xF1, 0x19, 0x9C, 0xA5, 0x90, 0xEB, 0x8C, 0xF6,
    0xF7, 0xC0, 0x91, 0x33, 0xA9, 0xD9, 0xAB, 0x49, 0x4C, 0x4E, 0x6C, 0x01, 0x58, 0x07, 0x6E, 0x03,
    0x1D, 0x60, 0x17, 0xB8, 0xF3, 0x94, 0x99, 0xFB, 0x3E, 0x70, 0x3E, 0xB6, 0x3E, 0xC5, 0x8F, 0xF8,
    0xCC, 0xF1, 0x45, 0x89, 0x38, 0x26, 0x23, 0xFC, 0x1E, 0x5E, 0x1B, 0x1F, 0xD9, 0xA6, 0x03, 0xD5,
    0xAC, 0x2E, 0x87, 0x2A, 0x09, 0x2C, 0x0A, 0xFA, 0xF3, 0xDC, 0xC4, 0xF8, 0x43, 0x7C, 0xC5, 0x17,
    0x0E, 0xF1, 0x4C, 0x47, 0x54, 0x3D, 0xBC, 0xCE, 0x7C, 0x54, 0xCC, 0x73, 0xB5, 0x25, 0x81, 0x0E,
    0x9C, 0x00, 0x70, 0xB0, 0xDC, 0x7A, 0xCF, 0xDF, 0x8D, 0xC2, 0x32, 0xB6, 0x09, 0xBB, 0x00, 0x74,
    0xAF, 0xB4, 0x5F, 0x77, 0x26, 0xD8, 0x82, 0x0E, 0x9C, 0x82, 0x83, 0x8C, 0xEE, 0xFF, 0x6E, 0xAC,
    0xEF, 0x74, 0x76, 0xEF, 0x1C, 0x70, 0x9A, 0xE3, 0x72, 0xCA, 0x5C, 0xD9, 0xAB, 0x4F, 0x50, 0x6F,
    0xCE, 0x17, 0x9F, 0x5B, 0xCF, 0x97, 0xEC, 0x97, 0x98, 0x57, 0xE4, 0xB1, 0x6D, 0x42, 0x5D, 0x32,
    0x36, 0x0B, 0xBB, 0xF9, 0xDC, 0x7D, 0xEE, 0xBC, 0x79, 0xB2, 0x35, 0xCA, 0x20, 0xBE, 0x8C, 0xF7,
    0x32, 0x62, 0x31, 0xC4, 0x1E, 0x52, 0x0B, 0xC3, 0x0C, 0x6E, 0x2D, 0xF6, 0x11, 0x31, 0x0D, 0xA1,
    0x7D, 0x62, 0xFF, 0x43, 0x38, 0x0D, 0xAB, 0xA4, 0xE8, 0xD9, 0xFF, 0x7F, 0xA2, 0x1D, 0x00, 0x26,
    0xA0, 0x1C, 0x34, 0xA7, 0x31, 0x00, 0x1C, 0xC2, 0xBD, 0x31, 0xE4, 0xE3, 0x8C, 0xFC, 0x23, 0x4B,
    0xFE, 0x3B, 0x47, 0x7E, 0xEA, 0x6B, 0x06, 0x35, 0x3D, 0xF2, 0x5C, 0x9B, 0xBC, 0x29, 0x35, 0x0F,
    0xCB, 0x3C, 0xC7, 0xD7, 0x8C, 0x0E, 0x72, 0xF6, 0x6A, 0x92, 0x3C, 0x27, 0xAE, 0x72, 0xC2, 0x1A,
    0x55, 0x01, 0xC4, 0x16, 0x6D, 0xE8, 0xC2, 0x3D, 0x80, 0xFE, 0x5B, 0xE6, 0x9F, 0xE2, 0xE4, 0xA7,
    0x93, 0x09, 0x9D, 0x8A, 0xAE, 0xBF, 0x3C, 0x56, 0xE9, 0x01, 0x65, 0x66, 0xF5, 0x19, 0xD0, 0xC0,
    0x0B, 0xCB, 0x38, 0x61, 0x7E, 0xD9, 0x1D, 0xC0, 0x09, 0xF4, 0x01, 0x50, 0xE5, 0x36, 0x8C, 0x3C,
    0xA4, 0x25, 0xC4, 0xD9, 0xAA, 0xD7, 0x4D, 0xAB, 0xE6, 0xBF, 0x2D, 0x4A, 0x60, 0xB4, 0xDC, 0xBA,
    0xED, 0x00, 0xDD, 0xC7, 0xDE, 0x01, 0x4F, 0xEB, 0x54, 0xF7, 0x2F, 0x71, 0x46, 0x7E, 0x58, 0x31,
    0x61, 0x80, 0xA7, 0x83, 0x7B, 0x36, 0x4F, 0xD4, 0x52, 0xCC, 0x6A, 0xA9, 0x6A, 0x0E, 0x6B, 0xD2,
    0xA6, 0x96, 0x2C, 0xCF, 0xA3, 0x22, 0xCF, 0x03, 0x97, 0xE7, 0x54, 0x07, 0x39, 0x87, 0x35, 0x69,
    0x8D, 0x9E, 0xD5, 0x11, 0xD4, 0x50, 0x01, 0x39, 0xE0, 0xE1, 0x47, 0x0E, 0xA4, 0x80, 0xA3, 0xC7,
    0xAB, 0xE9, 0x3E, 0x6B, 0xED, 0x1F, 0x0B, 0x3D, 0x41, 0x97, 0xF4, 0xC4, 0x40, 0x2B, 0x00, 0xA4,
    0x62, 0x50, 0x22, 0x8E, 0xA8, 0x54, 0x13, 0x74, 0xC6, 0x1E, 0x29, 0x24, 0x74, 0x41, 0x67, 0x1D,
    0x88, 0xED, 0x00, 0xA2, 0xA7, 0x48, 0x6C, 0xDB, 0x2E, 0x6D, 0xE7, 0xC4, 0xB0, 0x47, 0xDC, 0x0C,
    0x10, 0xC8, 0xB1, 0x83, 0x7D, 0xC9, 0x00, 0x20, 0x14, 0xD7, 0x02, 0xC0, 0x5B, 0x86, 0x48, 0x3C,
    0xFA, 0xC1, 0x59, 0x3B, 0x49, 0x07, 0x6D, 0x06, 0xC4, 0x59, 0x4E, 0x8B, 0xAD, 0xC9, 0x06, 0xE8,
    0xAC, 0x8B, 0x26, 0xA5, 0x87, 0x3E, 0x9F, 0xA0, 0xA4, 0x04, 0x80, 0x3B, 0xCA, 0xC0, 0x6E, 0x64,
    0x20, 0x11, 0xE0, 0x46, 0xC5, 0xD7, 0xE2, 0x3F, 0x60, 0x93, 0xD0, 0xBC, 0x43, 0x20, 0x25, 0xEC,
    0x9B, 0xE7, 0xAF, 0x03, 0x00, 0xFD, 0x2B, 0x0B, 0x89, 0x06, 0x3A, 0xDB, 0xC0, 0xC9, 0xCB, 0x5F,
    0x4F, 0x31, 0x00, 0xF8, 0x11, 0x41, 0xE9, 0x08, 0x7F, 0x69, 0xB9, 0x19, 0xB1, 0xA2, 0x82, 0x48,
    0x45, 0x24, 0x0B, 0xA4, 0xD1, 0xB8, 0x0C, 0xCB, 0xC6, 0x4B, 0x50, 0x42, 0x4A, 0xA3, 0xDD, 0x56,
    0x07, 0xCC, 0xF4, 0xAF, 0x77, 0x1B, 0x15, 0x69, 0xF4, 0xD1, 0xD1, 0xBC, 0x7D, 0xD6, 0x73, 0x9E,
    0xA5, 0x4D, 0xA3, 0x71, 0xD9, 0x68, 0x5D, 0x88, 0x48, 0xC6, 0xBE, 0xD4, 0x3A, 0xF7, 0x7C, 0xE3,
    0x3E, 0x91, 0xB8, 0xE1, 0x94, 0xE4, 0xC1, 0xD4, 0xA7, 0xA6, 0x76, 0x5E, 0x34, 0xEB, 0xA3, 0x6D,
    0x68, 0x47, 0x34, 0x2F, 0xF2, 0x39, 0x5A, 0xA4, 0xD1, 0xF3, 0xA3, 0xAC, 0xD6, 0x0C, 0x06, 0xAD,
    0x76, 0x48, 0x2C, 0x4D, 0x25, 0x0E, 0xA3, 0xCF, 0xAB, 0x8B, 0x63, 0x1B, 0x48, 0xD1, 0x2C, 0x3D,
    0xF3, 0x2D, 0xB6, 0xA0, 0x0D, 0x74, 0x81, 0x7B, 0x00, 0x30, 0xBC, 0x30, 0x8C, 0xC5, 0x93, 0xAB,
    0xD9, 0x4B, 0x09, 0x69, 0x4D, 0x52, 0xB3, 0x53, 0xD3, 0xE5, 0xEC, 0xF5, 0x8A, 0xB1, 0x14, 0x3C,
    0x3C, 0xCE, 0xC8, 0x23, 0x3B, 0x7B, 0x81, 0xF1, 0x35, 0xA3, 0xC5, 0x97, 0x98, 0x43, 0xAA, 0xA0,
    0x0C, 0x33, 0xE8, 0x7F, 0xF7, 0x1F, 0xF2, 0xC5, 0xC7, 0x17, 0x4C, 0xF0, 0x8B, 0xFB, 0x2A, 0xE7,
    0x83, 0x75, 0x60, 0xE7, 0xC9, 0x97, 0xA6, 0xAD, 0x9B, 0x59, 0x67, 0x68, 0xBB, 0x9F, 0x99, 0x5E,
    0x46, 0x0F, 0xBA, 0x97, 0xC6, 0x2C, 0x7F, 0x1B, 0x3A, 0xF0, 0x32, 0x6C, 0x02, 0x80, 0x56, 0x25,
    0xF5, 0x23, 0x16, 0x25, 0xC0, 0x68, 0xE5, 0x6B, 0xD4, 0x89, 0xAC, 0x7E, 0x83, 0x70, 0x82, 0xF2,
    0xB0, 0x9C, 0xDB, 0xC5, 0xAF, 0x07, 0x81, 0x7C, 0x9A, 0xC8, 0x64, 0x8F, 0xAD, 0x01, 0xB4, 0xC1,
    0x1E, 0xA4, 0x05, 0xD1, 0x05, 0x8C, 0x4B, 0xA2, 0x0A, 0x0E, 0xA1, 0x0B, 0x3B, 0xD0, 0xED, 0x33,
    0x1A, 0x1F, 0xFB, 0xE1, 0xFC, 0x3A, 0x6B, 0xEF, 0x26, 0x72, 0x28, 0x01, 0xD4, 0x87, 0xA4, 0x52,
    0x1C, 0xDE, 0xB0, 0xA7, 0x90, 0xC3, 0xBB, 0x90, 0x78, 0x02, 0x31, 0x24, 0x05, 0x41, 0x89, 0x72,
    0x26, 0x28, 0x1F, 0x1E, 0xDB, 0xE1, 0xC5, 0xE2, 0x47, 0x82, 0x9B, 0x9C, 0x3C, 0xA7, 0x93, 0xA0,
    0x22, 0x9A, 0x92, 0x68, 0x76, 0x03, 0xBB, 0xBC, 0x93, 0xEB, 0x4E, 0x7D, 0x0A, 0x1E, 0xDE, 0x06,
    0x8D, 0x7A, 0x9B, 0xB0, 0x5A, 0x66, 0xDE, 0x12, 0x55, 0xC2, 0x00, 0xBE, 0x8D, 0x1A, 0x10, 0xF9,
    0xC5, 0x3F, 0xFB, 0x5F, 0xDF, 0x15, 0x2C, 0x5C, 0x21, 0xCB, 0x2E, 0xC8, 0x58, 0xA4, 0x94, 0x1A,
    0x12, 0x40, 0x3F, 0x07, 0x1B, 0xC0, 0x6D, 0x20, 0xB2, 0xA0, 0x0A, 0xF8, 0x86, 0x85, 0xA1, 0x41,
    0x41, 0x98, 0x11, 0x65, 0x24, 0xEF, 0x33, 0x16, 0x53, 0x6B, 0x9C, 0x5D, 0x12, 0x96, 0xF0, 0x91,
    0x51, 0x62, 0xB8, 0xB7, 0xB8, 0xD4, 0x00, 0xA1, 0x5D, 0xFC, 0xCC, 0xB1, 0x42, 0xF3, 0xDC, 0x86,
    0x6D, 0x45, 0x27, 0xCC, 0x5E, 0x5E, 0xCA, 0xEA, 0x15, 0x3C, 0x68, 0xB9, 0x68, 0x78, 0x96, 0x87,
    0x4B, 0x17, 0x6A, 0xFF, 0x9C, 0xA1, 0x5C, 0x3A, 0x3B, 0x9B, 0x8A, 0xE0, 0x62, 0x83, 0xF0, 0x37,
    0x13, 0x22, 0x75, 0x0A, 0x40, 0xAD, 0xAE, 0x5A, 0x82, 0x1C, 0xE5, 0x46, 0x35, 0x1D, 0xC2, 0x22,
    0x35, 0xDA, 0xEA, 0x47, 0x42, 0x20, 0x15, 0x00, 0xF4, 0xD7, 0x08, 0xA7, 0xDF, 0x22, 0xDE, 0x9F,
    0xF0, 0x7F, 0x41, 0x09, 0xC0, 0x16, 0xEB, 0x74, 0xD0, 0xE6, 0x59, 0x74, 0x49, 0x4C, 0x4A, 0xCF,
    0x24, 0xE7, 0x62, 0xA2, 0xD9, 0x27, 0x94, 0x40, 0x26, 0x28, 0xA9, 0x56, 0xEE, 0x33, 0x14, 0xDF,
    0xF0, 0xDC, 0xFE, 0x94, 0x59, 0x23, 0xB0, 0x1D, 0x10, 0x0F, 0x69, 0xB6, 0x72, 0x9F, 0xFF, 0x01,
    0xAC, 0xCF, 0x81, 0xA7, 0x25, 0x55, 0x1C, 0xC0, 0xF1, 0xCF, 0xCC, 0x71, 0x5D, 0xBA, 0xEC, 0x59,
    0xBC, 0x00, 0x35, 0xFF, 0x40, 0xDD, 0x0B, 0x10, 0xE6, 0xEE, 0x8C, 0x00, 0x82, 0x45, 0xFB, 0x6F,
    0x14, 0x3C, 0x6C, 0x5C, 0xBB, 0x43, 0x80, 0xD0, 0xBF, 0x91, 0x88, 0xC5, 0x93, 0xA1, 0x97, 0x77,
    0x76, 0xC3, 0x03, 0x34, 0xBB, 0x01, 0x50, 0xC3, 0x02, 0x41, 0x87, 0x1D, 0xBA, 0xEA, 0xD6, 0x74,
    0xF3, 0x10, 0xC8, 0x7A, 0xF6, 0xE2, 0xF3, 0xC3, 0x98, 0x73, 0x7E, 0xDF, 0x53, 0x3A, 0x13, 0xBA,
    0x73, 0xC5, 0x9C, 0xF9, 0xB4, 0x05, 0x67, 0x16, 0x6A, 0xB1, 0x7D, 0x9D, 0xAD, 0xAA, 0xDD, 0x68,
    0xDA, 0xEA, 0xD7, 0xB9, 0x5D, 0xCE, 0x5F, 0xB4, 0x60, 0x81, 0x66, 0xE0, 0xC9, 0x93, 0x1B, 0x9F,
    0x8D, 0x54, 0x1D, 0xB8, 0x20, 0xEF, 0x6F, 0xA1, 0x57, 0xE4, 0xCB, 0xA3, 0x5A, 0x18, 0x36, 0x6D,
    0x4C, 0xF1, 0x8F, 0x59, 0x39, 0xEF, 0x81, 0x05, 0x1E, 0x27, 0xC6, 0x81, 0x61, 0xE0, 0xDB, 0xC4,
    0xFA, 0x04, 0xFD, 0x70, 0xB9, 0x25, 0xF7, 0xCA, 0xE7, 0xA3, 0xF0, 0xE1, 0xE9, 0xDB, 0xC1, 0xFE,
    0x52, 0x31, 0x66, 0xE1, 0xD9, 0xE0, 0xAD, 0xF0, 0xE6, 0xDD, 0xA7, 0xE9, 0x3B, 0xE0, 0x1C, 0x19,
    0x23, 0x32, 0x66, 0xBC, 0xFD, 0x06, 0x6D, 0xEF, 0xE0, 0x03, 0x5C, 0xDC, 0xD0, 0x74, 0x2C, 0x00,
    0xC4, 0x04, 0x9B, 0x0C, 0xFD, 0x0E, 0xC5, 0xF0, 0x2E, 0x40, 0x6F, 0xD5, 0x79, 0xB8, 0x13, 0x93,
    0xFD, 0x56, 0x35, 0x98, 0xEE, 0x59, 0x8F, 0x45, 0xDE, 0xD8, 0xE6, 0x32, 0x57, 0xEA, 0x29, 0x8C,
    0xB1, 0x7D, 0xD8, 0x87, 0x14, 0xBB, 0xA9, 0x5E, 0xA6, 0x65, 0xCA, 0xF5, 0xAA, 0x0B, 0x4F, 0xF3,
    0x3A, 0xB6, 0xE1, 0xC5, 0x50, 0x45, 0xE5, 0xCB, 0x14, 0x2B, 0xC5, 0xAB, 0xB4, 0xFA, 0x84, 0xDF,
    0xBB, 0xE5, 0x37, 0xFC, 0xD9, 0x86, 0x03, 0x57, 0x8E, 0xD3, 0x23, 0xE5, 0x9E, 0x2D, 0x13, 0xC0,
    0x5F, 0x28, 0x67, 0x2C, 0xAF, 0x13, 0x77, 0x8C, 0xC0, 0xC7, 0xCE, 0x9C, 0xED, 0x7C, 0xAF, 0xAE,
    0xFD, 0x6D, 0xB7, 0x2D, 0x7E, 0xD3, 0xAF, 0xCB, 0x5F, 0x4C, 0x55, 0xB8, 0xEE, 0x72, 0x0C, 0x3F,
    0x3C, 0x1D, 0xE3, 0x47, 0x9F, 0x3F, 0x1B, 0x56, 0x5F, 0x96, 0x3F, 0xA5, 0xE5, 0x8F, 0xC7, 0x85,
    0xE1, 0xE7, 0xE3, 0xBE, 0xF2, 0xE0, 0xAA, 0x2D, 0x0E, 0x1E, 0xB3, 0xD7, 0x00, 0x9B, 0x8E, 0xC7,
    0x03, 0x79, 0x12, 0xBA, 0xF7, 0x40, 0xAF, 0xC8, 0x3B, 0x61, 0x58, 0x5B, 0xA5, 0x28, 0xB6, 0xAB,
    0x6E, 0x23, 0x0C, 0xB5, 0x32, 0xF7, 0x4C, 0x99, 0x47, 0x23, 0x4D, 0xA2, 0xEA, 0x88, 0xFE, 0x1F,
    0x34, 0x98, 0x3B, 0xE1, 0xC5, 0x68, 0xD5, 0x9E, 0x83, 0xFB, 0x16, 0x6D, 0x2F, 0xB6, 0xB5, 0xCA,
    0xD6, 0xDA, 0x71, 0x8A, 0xED, 0xCE, 0xAA, 0xEB, 0x85, 0x94, 0x85, 0xE7, 0x59, 0xF1, 0x72, 0xE0,
    0x55, 0xE2, 0xBB, 0x8E, 0xC6, 0x8D, 0x2D, 0x6A, 0xF4, 0x14, 0x99, 0xAB, 0xE1, 0xA8, 0x05, 0x8A,
    0x7C, 0xE1, 0x08, 0x4E, 0xFF, 0x06, 0x7B, 0xCA, 0xCC, 0x32, 0x71, 0x07, 0xD8, 0xCC, 0x73, 0x6A,
    0x8E, 0x88, 0x1D, 0x1B, 0x6C, 0xFF, 0xFB, 0x2F, 0x0C, 0xAF, 0xFD, 0x7C, 0x3C, 0x3B, 0xFC, 0x0B,
    0x96, 0x83, 0xD8, 0x7A, 0x9F, 0x73, 0x58, 0x3C, 0xB8, 0xBF, 0x99, 0xF7, 0x8B, 0x07, 0x93, 0x72,
    0xB4, 0x4C, 0x62, 0xEB, 0x1E, 0x3B, 0xB2, 0x30, 0x58, 0x25, 0x15, 0xCD, 0xD7, 0x5F, 0x35, 0xF3,
    0x41, 0x81, 0xD8, 0xDE, 0x28, 0x4E, 0xDC, 0x75, 0x97, 0x1D, 0x3B, 0xEE, 0xDE, 0x32, 0x0A, 0xE5,
    0x50, 0xD3, 0x4F, 0x34, 0x37, 0x37, 0x9F, 0x34, 0x8C, 0x58, 0x8C, 0xE1, 0x3A, 0x15, 0x33, 0xBB,
    0xDB, 0xB6, 0xC5, 0x43, 0xD3, 0x5F, 0x9A, 0xFC, 0x33, 0xFC, 0x10, 0x00, 0xCD, 0x98, 0x01, 0xA4,
    0x25, 0xD7, 0x19, 0xC7, 0x7F, 0x33, 0xE7, 0xBD, 0x1D, 0x76, 0xDA, 0x9E, 0x96, 0xB7, 0xB0, 0x69,
    0x32, 0x41, 0x11, 0xB1, 0x7B, 0x07, 0x82, 0x94, 0x99, 0x7B, 0x4F, 0x52, 0x1A, 0x5A, 0xF4, 0x95,
    0xBD, 0x0B, 0x25, 0x1B, 0x04, 0xB2, 0x68, 0x8A, 0xE0, 0x95, 0xD9, 0xBC, 0x69, 0x0A, 0x08, 0xB2,
    0x8B, 0x00, 0xB0, 0x80, 0xCD, 0x0B, 0x76, 0xF1, 0x5A, 0x13, 0xB9, 0xFB, 0xEE, 0x48, 0x50, 0x14,
    0x1D, 0xAD, 0x28, 0x8A, 0x0C, 0x2D, 0xD5, 0x0D, 0x3A, 0xD9, 0x4C, 0xF4, 0x66, 0x73, 0xDF, 0x3D,
    0x3D, 0xE7, 0xCC, 0xBC, 0x77, 0xB3, 0x79, 0x5D, 0xDD, 0xB7, 0xFB, 0xDE, 0xB6, 0xDF, 0x9E, 0xFF,
    0xFF, 0xDC, 0x9D, 0x77, 0xDF, 0x9C, 0xFF, 0x77, 0xDF, 0xB9, 0xE7, 0xFF, 0xCD, 0x07, 0x90, 0x11,
    0x6B, 0x35, 0xF1, 0xB4, 0x6E, 0xDA, 0xA0, 0xF6, 0x74, 0x2D, 0x73, 0x46, 0x79, 0x0C, 0x11, 0x29,
    0xC8, 0x3C, 0x81, 0x30, 0xCF, 0x0C, 0x95, 0x86, 0x82, 0xBB, 0x29, 0x2C, 0xDD, 0x5B, 0xDC, 0x9B,
    0x23, 0xC5, 0x90, 0xB0, 0xF6, 0xE6, 0xF8, 0xFA, 0x7A, 0x03, 0xAF, 0xEA, 0x9C, 0xBD, 0x58, 0x03,
    0x32, 0x2E, 0xAA, 0x22, 0xD0, 0x6D, 0x13, 0x5D, 0x99, 0x56, 0x43, 0x22, 0x12, 0xA4, 0xCA, 0x08,
    0xF3, 0xA2, 0x43, 0x69, 0x67, 0xFB, 0xFF, 0x14, 0x49, 0xCC, 0x08, 0x79, 0x6B, 0x8E, 0x91, 0xC3,
    0x5E, 0xB4, 0xDB, 0xD0, 0x34, 0x33, 0xF8, 0xB4, 0x36, 0xF4, 0x65, 0x69, 0x68, 0x81, 0xA1, 0xE6,
    0x7E, 0xA8, 0xC0, 0x6B, 0x98, 0x58, 0x4A, 0x10, 0x35, 0xB1, 0x0A, 0x4B, 0xE4, 0x1D, 0xAD, 0xF0,
    0xF4, 0x8C, 0xFD, 0x58, 0x55, 0xD8, 0x7C, 0xD6, 0x58, 0x95, 0x56, 0xDE, 0xAB, 0x96, 0xE6, 0x96,
    0x2E, 0x5B, 0x52, 0xF7, 0xA6, 0x94, 0x48, 0x59, 0xD1, 0x8A, 0xE8, 0x96, 0x56, 0x04, 0xFA, 0x4D,
    0xC5, 0x81, 0xF0, 0xAB, 0x04, 0x17, 0x45, 0x8B, 0x8B, 0x51, 0x05, 0xB8, 0x15, 0xD9, 0x8B, 0xCD,
    0xC5, 0x65, 0x62, 0xAD, 0xCB, 0xA9, 0xDE, 0x65, 0x64, 0xE6, 0xC2, 0x9B, 0x2A, 0x90, 0xF6, 0x03,
    0xAA, 0x20, 0xA6, 0x40, 0x34, 0x90, 0x76, 0xF9, 0x30, 0xA3, 0x80, 0x16, 0xBF, 0xB1, 0xF3, 0x0C,
    0x51, 0xD9, 0xB9, 0x40, 0xE6, 0xDD, 0x1C, 0xD3, 0x5D, 0x4F, 0xDD, 0xDC, 0x32, 0xC3, 0xFD, 0x9E,
    0xDF, 0xE0, 0xEE, 0x23, 0x2A, 0x3B, 0x87, 0xA5, 0xCC, 0xED, 0xBC, 0xA9, 0x62, 0xA0, 0x5F, 0xB7,
    0x9A, 0xEA, 0xCB, 0x6E, 0x66, 0x19, 0x52, 0x35, 0x56, 0x9D, 0xF8, 0xB3, 0x13, 0x87, 0xC6, 0x69,
    0xBB, 0x44, 0x27, 0xCD, 0xDD, 0x71, 0x75, 0x7C, 0xCE, 0x2E, 0x10, 0xE9, 0xB9, 0x5D, 0x6F, 0x75,
    0x3C, 0x73, 0xCB, 0x7B, 0x8D, 0x53, 0x23, 0xAA, 0x5E, 0x9C, 0xBB, 0x18, 0x77, 0x92, 0x12, 0xA7,
    0x88, 0xD6, 0xFD, 0xBA, 0x5F, 0x3B, 0x3D, 0x41, 0xE9, 0xE4, 0x48, 0xE5, 0xD4, 0xC4, 0x5B, 0xD7,
    0x3A, 0x31, 0x73, 0x96, 0x4A, 0xB6, 0xA5, 0x9B, 0x06, 0xA9, 0x9B, 0x64, 0xEB, 0x26, 0x51, 0xBB,
    0x09, 0xE0, 0x15, 0xA9, 0xC6, 0x63, 0x15, 0xE8, 0x8F, 0x95, 0xD6, 0x65, 0x74, 0x45, 0xAB, 0xF1,
    0x85, 0x72, 0xE8, 0xFE, 0x3C, 0x64, 0x44, 0x8A, 0x94, 0x0C, 0xA9, 0x28, 0x28, 0xCC, 0xE4, 0x35,
    0x6E, 0x12, 0x95, 0x9B, 0x64, 0xEE, 0x7E, 0x16, 0x43, 0x42, 0xA4, 0x12, 0x18, 0x31, 0x52, 0x2D,
    0xC8, 0x5B, 0xFA, 0xF9, 0x3B, 0x5B, 0xB9, 0xAF, 0xDF, 0x7C, 0x5E, 0xEB, 0x92, 0x2E, 0x36, 0x60,
    0x50, 0x3C, 0x04, 0xA6, 0xBA, 0x75, 0x00, 0x2C, 0x52, 0xF8, 0xCE, 0x04, 0x46, 0x2D, 0x9C, 0xCE,
    0x81, 0x95, 0x0D, 0x18, 0x16, 0x1D, 0x56, 0x0C, 0x30, 0x58, 0x33, 0x48, 0xEF, 0x17, 0xE6, 0xDE,
    0x0E, 0xC0, 0x57, 0x91, 0x40, 0x34, 0x07, 0x59, 0xB7, 0x1E, 0x6D, 0x58, 0xB6, 0x41, 0x69, 0x5F,
    0x40, 0xEB, 0x29, 0xFB, 0xFA, 0x3E, 0x06, 0xFB, 0x43, 0xE6, 0x42, 0x23, 0x76, 0xB9, 0x04, 0xAF,
    0xF9, 0xD5, 0x14, 0x0A, 0xBF, 0x9E, 0xE6, 0x96, 0xDF, 0x2F, 0x2D, 0xFF, 0xB6, 0xB1, 0xBC, 0xDD,
    0x3A, 0xCE, 0x1C, 0x8F, 0x2C, 0x17, 0x52, 0x59, 0x0E, 0x4B, 0xCB, 0xA2, 0xB6, 0x4C, 0xEB, 0x78,
    0xB2, 0x61, 0x79, 0xE8, 0x38, 0x72, 0x57, 0xC2, 0x99, 0x65, 0xE1, 0xD8, 0x33, 0x0C, 0xD0, 0xB1,
    0xA8, 0x00, 0x2F, 0x2A, 0x01, 0xA1, 0x15, 0xE0, 0x5F, 0xC3, 0x85, 0xB2, 0x7A, 0x84, 0xD3, 0x63,
    0x38, 0xA7, 0x40, 0x59, 0x3D, 0x60, 0xF5, 0x78, 0xCA, 0xEA, 0x11, 0x95, 0xD1, 0x63, 0x79, 0x64,
    0xD9, 0xE8, 0xB1, 0x1C, 0x96, 0x96, 0x45, 0x6D, 0x99, 0xD6, 0xB0, 0xD5, 0x63, 0x79, 0xE8, 0x38,
    0x72, 0x57, 0xC2, 0x99, 0x65, 0xE1, 0xD8, 0x33, 0x0C, 0x70, 0x90, 0x83, 0x12, 0xF0, 0x74, 0x6E,
    0x79, 0x01, 0x80, 0x13, 0xD8, 0x00, 0x9E, 0x25, 0x14, 0x00, 0xEB, 0x17, 0x15, 0xEB, 0xB7, 0x75,
    0xE3, 0x35, 0xFA, 0xA7, 0x73, 0xAF, 0x99, 0x93, 0x78, 0xCD, 0x8C, 0xD4, 0x6B, 0xDA, 0xC3, 0x10,
    0xF0, 0x35, 0x12, 0x35, 0xA0, 0x4B, 0x4B, 0x0A, 0x80, 0x26, 0x82, 0x34, 0x03, 0xD9, 0x40, 0x50,
    0xE1, 0x42, 0x94, 0x10, 0xD6, 0xDD, 0xB5, 0x27, 0xB6, 0x21, 0xDD, 0x80, 0x24, 0x81, 0xE2, 0x2C,
    0xB4, 0x11, 0x5E, 0x23, 0x95, 0x5F, 0x87, 0xB9, 0xB8, 0xF5, 0x6E, 0x19, 0x68, 0x5D, 0xC9, 0xB7,
    0xCF, 0xDB, 0xBB, 0x34, 0x03, 0x28, 0x12, 0xC8, 0x32, 0x48, 0x5B, 0x88, 0x01, 0xF9, 0x5C, 0x63,
    0x8E, 0x06, 0x34, 0x5C, 0x02, 0xE0, 0xA2, 0x92, 0xBA, 0xF9, 0xD6, 0x73, 0x33, 0xC8, 0x20, 0x81,
    0xC4, 0xD7, 0xF3, 0xF8, 0xD6, 0xE4, 0x12, 0xC9, 0x8C, 0xA4, 0x65, 0x32, 0xF1, 0xE6, 0x9B, 0xD7,
    0x27, 0xD1, 0xEE, 0x19, 0x5C, 0x6C, 0x4B, 0x06, 0x29, 0xB2, 0xED, 0x64, 0x33, 0xDA, 0x25, 0xB6,
    0x07, 0xDA, 0xFD, 0x8E, 0xC7, 0x66, 0xF6, 0x57, 0xBA, 0xFB, 0x0C, 0x13, 0x77, 0x9F, 0x0A, 0xC0,
    0x53, 0xF7, 0x7B, 0x87, 0x2E, 0x92, 0x20, 0x87, 0x68, 0x00, 0x04, 0x73, 0xC0, 0x6F, 0xE8, 0x23,
    0x76, 0x5E, 0xA1, 0x1B, 0x02, 0x6B, 0x71, 0x32, 0x67, 0xC8, 0xDD, 0x1E, 0xE9, 0x4C, 0xF1, 0x21,
    0x3C, 0x92, 0x20, 0xDF, 0xC6, 0xFB, 0xAC, 0x86, 0x69, 0x0E, 0x31, 0xF4, 0x9F, 0x22, 0x81, 0x6E,
    0x91, 0x57, 0x6E, 0xDA, 0x05, 0xEF, 0xE1, 0x99, 0xF2, 0x9E, 0x9E, 0xE9, 0x2C, 0xE7, 0xF3, 0x06,
    0x46, 0xE5, 0xDE, 0xD1, 0x88, 0xB5, 0xD1, 0xD9, 0x21, 0x60, 0x0F, 0xE8, 0x89, 0x41, 0x82, 0xA8,
    0x62, 0x25, 0x4B, 0x63, 0x9B, 0xF8, 0x4B, 0xD7, 0x44, 0x94, 0x1B, 0x78, 0xB7, 0x6B, 0xD8, 0x2C,
    0xF7, 0x75, 0x1B, 0x07, 0x75, 0x5A, 0xFF, 0x1B, 0xAC, 0x6F, 0x5A, 0xDB, 0xB4, 0xAE, 0xB9, 0x6F,
    0x9A, 0xE3, 0x73, 0xF8, 0x7A, 0xEE, 0x66, 0x17, 0xF5, 0x6B, 0x9D, 0x85, 0xAC, 0x3F, 0x79, 0xE4,
    0xFA, 0x85, 0x6E, 0x1D, 0x5C, 0xA8, 0x75, 0x44, 0xD5, 0xE0, 0x1B, 0x3C, 0x74, 0x0E, 0x2E, 0x5A,
    0x10, 0x15, 0x84, 0x0A, 0x56, 0x8E, 0x37, 0x0F, 0xBC, 0x06, 0x44, 0x0D, 0x52, 0xC1, 0xE3, 0x47,
    0x9B, 0x8B, 0xA7, 0x56, 0xF0, 0xEA, 0x02, 0x36, 0x6B, 0x88, 0x4B, 0x58, 0x3D, 0xE6, 0x5C, 0x80,
    0x20, 0xDF, 0xDB, 0x53, 0x39, 0x9C, 0x3E, 0x86, 0xBF, 0xCD, 0x0C, 0x48, 0x00, 0x09, 0x78, 0xC7,
    0x9B, 0x8F, 0x33, 0xAA, 0xB6, 0x5F, 0x2F, 0x3C, 0xDA, 0x5C, 0x4E, 0xBC, 0xC3, 0x48, 0x57, 0xDF,
    0x0F, 0x5A, 0x98, 0x40, 0x0A, 0x03, 0x57, 0x54, 0x2C, 0x76, 0xB6, 0x76, 0x0A, 0xD2, 0x8C, 0x64,
    0x48, 0x11, 0x7D, 0xD2, 0x04, 0x3A, 0xEF, 0xBF, 0x58, 0xE8, 0x85, 0x99, 0xC7, 0xB8, 0x78, 0xED,
    0x0C, 0x14, 0x29, 0x7C, 0x7B, 0xE5, 0x48, 0xCD, 0x20, 0xD4, 0xB5, 0x19, 0x80, 0x87, 0x0A, 0x3E,
    0xAC, 0x82, 0x37, 0xAA, 0x07, 0xF0, 0x83, 0x4E, 0xE9, 0x74, 0x77, 0xA9, 0x2C, 0x30, 0xF0, 0xF3,
    0xE3, 0x51, 0x4A, 0x02, 0x97, 0xE0, 0x29, 0x0E, 0xAF, 0x34, 0xD2, 0x65, 0xCF, 0x4B, 0xAB, 0xD0,
    0x15, 0x8C, 0xB4, 0xAE, 0xA1, 0x98, 0x01, 0x34, 0xAD, 0xDB, 0x07, 0x96, 0x45, 0x69, 0x39, 0xCC,
    0x2D, 0x4B, 0xF5, 0xC5, 0x58, 0x11, 0xA3, 0x75, 0x49, 0xCA, 0x62, 0x2B, 0xE7, 0xF5, 0xAD, 0x16,
    0xD0, 0xDA, 0xB0, 0xF7, 0xF9, 0xB8, 0x3B, 0x3F, 0x0C, 0x07, 0xA5, 0x65, 0x99, 0x5B, 0x8E, 0x40,
    0xEB, 0x7A, 0xE8, 0x18, 0xA7, 0xDE, 0x11, 0x80, 0xF7, 0x0E, 0xAF, 0x10, 0xE9, 0x3F, 0xE9, 0xEA,
    0x89, 0x1F, 0xEA, 0x37, 0x5A, 0x58, 0x30, 0xC1, 0x8C, 0xC4, 0x52, 0x7A, 0x42, 0x6B, 0xBD, 0x1B,
    0xFF, 0x63, 0xB1, 0x75, 0x2D, 0xB3, 0x97, 0x67, 0x96, 0x5A, 0x76, 0xA1, 0xF0, 0x35, 0x2B, 0x9B,
    0xD7, 0xDF, 0xBC, 0x33, 0x8B, 0x76, 0x7D, 0xDD, 0xB2, 0x8C, 0xC7, 0xF4, 0xDF, 0x40, 0xEB, 0x39,
    0xA2, 0xE5, 0x65, 0xA4, 0x4B, 0x14, 0x60, 0x08, 0x90, 0x00, 0x64, 0x1D, 0x3D, 0x7D, 0xCD, 0xD0,
    0x68, 0xD7, 0xD0, 0xA9, 0x4B, 0x86, 0x48, 0x49, 0x39, 0x3D, 0xCD, 0x63, 0x62, 0x5D, 0xCA, 0x9C,
    0x94, 0xB0, 0x36, 0xE4, 0xEB, 0x4F, 0x76, 0x21, 0xDE, 0xFF, 0x9E, 0xBF, 0xE2, 0x11, 0xEA, 0xBF,
    0x28, 0x5B, 0x9F, 0x0F, 0x89, 0x95, 0xAD, 0xCC, 0x27, 0x48, 0x55, 0x74, 0x70, 0xAF, 0x33, 0xA4,
    0xFB, 0x59, 0xF4, 0xB6, 0xDD, 0xF4, 0x7F, 0x50, 0xB6, 0xB2, 0x07, 0x83, 0x48, 0xD7, 0x9C, 0xBC,
    0x7E, 0x79, 0xCD, 0xDA, 0xA2, 0x9E, 0x13, 0xEA, 0x0A, 0x17, 0xA9, 0x28, 0x91, 0x17, 0x40, 0xCC,
    0xC1, 0x6B, 0xF7, 0xD3, 0xB0, 0x59, 0x88, 0x19, 0x2F, 0xCB, 0xDE, 0xA3, 0x86, 0x7D, 0x02, 0x99,
    0xC3, 0xA9, 0x73, 0x56, 0x7D, 0xC6, 0xE9, 0x9B, 0x56, 0x7B, 0x6A, 0x10, 0x1B, 0x58, 0xE1, 0x81,
    0x2D, 0xAE, 0xAC, 0xEC, 0xA5, 0x6A, 0x67, 0xD4, 0xFE, 0x5F, 0xAB, 0xCE, 0xA8, 0x87, 0xCB, 0x5C,
    0x82, 0xFD, 0x5C, 0x46, 0x36, 0x17, 0xA7, 0xBD, 0x58, 0xC2, 0xFD, 0x3F, 0x21, 0x52, 0xF6, 0x81,
    0x42, 0xDE, 0xD2, 0xCA, 0xD7, 0x6F, 0x29, 0x90, 0x74, 0x88, 0x58, 0xE3, 0x75, 0xB7, 0x4C, 0xA8,
    0x2F, 0x2F, 0xD7, 0xF9, 0xAC, 0x5F, 0x67, 0x80, 0x8B, 0x0D, 0x67, 0xFC, 0x31, 0x05, 0x13, 0x0A,
    0xAF, 0xA1, 0x08, 0x2A, 0x0A, 0xA9, 0x28, 0xD2, 0x6E, 0xAF, 0xBD, 0x6F, 0x30, 0xBD, 0x09, 0x37,
    0x63, 0x28, 0x64, 0xDE, 0xFD, 0xDC, 0x3D, 0x1F, 0xCE, 0x0D, 0x86, 0x06, 0x91, 0xB2, 0x85, 0x43,
    0x5F, 0x2A, 0x31, 0x4C, 0x40, 0xF6, 0x3E, 0xD5, 0x87, 0x7B, 0x7D, 0x10, 0x9E, 0x12, 0x55, 0x58,
    0x8A, 0x2A, 0x46, 0x54, 0x13, 0xC4, 0x1F, 0x1B, 0x6C, 0xB9, 0x27, 0x3E, 0xCE, 0x11, 0xDA, 0xCC,
    0xB7, 0x1B, 0x44, 0x35, 0x33, 0x48, 0x0D, 0x22, 0xBA, 0xF7, 0x8A, 0xFA, 0xD8, 0x8B, 0xA7, 0x06,
    0xF0, 0x4B, 0x40, 0xEC, 0x93, 0x3F, 0x07, 0x38, 0xF7, 0x10, 0xD5, 0xD3, 0x13, 0xC0, 0x19, 0xE0,
    0xD9, 0x1E, 0x23, 0xEB, 0x7A, 0xCA, 0xCC, 0xBA, 0xA7, 0x63, 0x4F, 0x6B, 0x1B, 0xF0, 0xAA, 0xBB,
    0x72, 0xF3, 0x76, 0xFB, 0xB4, 0x84, 0x6E, 0x1C, 0xE0, 0x18, 0x52, 0xEC, 0x0B, 0x3A, 0x3E, 0x6D,
    0xBA, 0x82, 0x2E, 0xDA, 0x3F, 0xD3, 0x94, 0x05, 0x8C, 0x80, 0x49, 0x5F, 0x6C, 0xF4, 0xFB, 0x7F,
    0x0E, 0x9E, 0x3D, 0x29, 0xDE, 0x5D, 0x00, 0x51, 0x6E, 0x93, 0x04, 0xD1, 0x23, 0x2C, 0x9F, 0x34,
    0xD7, 0x46, 0x5B, 0x0B, 0xE2, 0xE5, 0xD9, 0x22, 0xBD, 0x5A, 0xFC, 0xAE, 0xF4, 0x34, 0x64, 0x00,
    0xA7, 0xC6, 0xE7, 0x36, 0xF5, 0xFC, 0xD4, 0x78, 0x86, 0x5F, 0x13, 0x96, 0x44, 0xEE, 0x7A, 0x83,
    0xF8, 0x02, 0xA1, 0x2B, 0x4E, 0xB4, 0x90, 0xED, 0xDB, 0x9B, 0x7B, 0x91, 0xAD, 0x7B, 0xB3, 0xA9,
    0xAE, 0xE3, 0x05, 0xC0, 0x59, 0x51, 0xCA, 0xB7, 0x10, 0xBB, 0xD0, 0x02, 0xB0, 0x0E, 0xED, 0xE1,
    0x86, 0xD7, 0xB0, 0x59, 0xB3, 0x99, 0xFF, 0xDF, 0xF5, 0x5F, 0xAC, 0x9E, 0xFE, 0x32, 0xD0, 0xA9,
    0x79, 0x94, 0x1D, 0x17, 0xA9, 0x80, 0x7B, 0x4C, 0x8F, 0xB6, 0xD5, 0x02, 0xB0, 0xDC, 0x72, 0x1B,
    0x40, 0x7D, 0x2C, 0xA7, 0x3B, 0xA2, 0xE9, 0x36, 0xB0, 0x04, 0xCE, 0x1C, 0xCF, 0xE9, 0xBE, 0xE1,
    0x3E, 0x91, 0x83, 0xB4, 0x66, 0x29, 0x71, 0x74, 0x73, 0x7C, 0x41, 0x25, 0x53, 0xAD, 0x55, 0xB2,
    0xB3, 0x75, 0xDD, 0x5D, 0xBB, 0x17, 0x85, 0xE5, 0xA4, 0x40, 0x7C, 0xD9, 0x16, 0x78, 0xBA, 0x62,
    0x2F, 0x6E, 0x6C, 0xB6, 0xFC, 0x46, 0x2F, 0x98, 0xE6, 0x91, 0xDA, 0xB1, 0xEF, 0x21, 0x30, 0x10,
    0x65, 0xB1, 0x8F, 0xA0, 0xEC, 0xB6, 0x46, 0xD4, 0x1B, 0xC3, 0x84, 0x42, 0x34, 0x14, 0x51, 0x49,
    0xB1, 0x03, 0xD3, 0xD6, 0x40, 0x41, 0xC1, 0x7F, 0x86, 0x8B, 0x0C, 0x88, 0x81, 0x50, 0xF5, 0x07,
    0x15, 0xAE, 0x0D, 0x34, 0x85, 0xC2, 0xB6, 0x5C, 0x6C, 0xC3, 0xC5, 0xB6, 0x5B, 0xB6, 0x5B, 0x83,
    0xCC, 0x60, 0x44, 0x61, 0xDB, 0x2C, 0xB6, 0xC9, 0x62, 0x5B, 0x2C, 0x05, 0xAD, 0xC1, 0x64, 0xA3,
    0x60, 0x68, 0x10, 0x15, 0xB6, 0xB1, 0x52, 0x20, 0x0C, 0xBC, 0x19, 0x10, 0x54, 0x78, 0x0D, 0x6C,
    0xC0, 0xE3, 0x7D, 0x9F, 0xE4, 0xB6, 0xB6, 0x3D, 0x92, 0x39, 0xC9, 0x8C, 0xB4, 0xBD, 0xF7, 0x70,
    0x2A, 0xE8, 0x5D, 0xCD, 0x03, 0xC2, 0x1A, 0xCE, 0x6E, 0xC0, 0xB3, 0x4F, 0xC1, 0x99, 0x67, 0x41,
    0x36, 0xCB, 0xD2, 0xF1, 0xEC, 0x5E, 0xE9, 0x38, 0x80, 0x46, 0xE2, 0xD5, 0xA1, 0x12, 0x55, 0x50,
    0x0A, 0xAD, 0xCB, 0x50, 0xEB, 0xDA, 0xEE, 0xD9, 0x01, 0xCC, 0xD2, 0xBE, 0x6C, 0x9C, 0x41, 0x4C,
    0x50, 0x13, 0x29, 0xBE, 0x07, 0x6B, 0xA0, 0x95, 0xFF, 0x41, 0x69, 0x86, 0xF7, 0xF7, 0x9C, 0xD7,
    0x79, 0xA0, 0x4A, 0x77, 0xD9, 0x03, 0x8E, 0x01, 0xC8, 0x1C, 0x5F, 0xE5, 0x7F, 0x51, 0x51, 0x76,
    0x11, 0x54, 0x7B, 0x92, 0x06, 0x38, 0x83, 0x38, 0xA6, 0x02, 0x93, 0x18, 0x20, 0x05, 0x68, 0xF7,
    0x1C, 0x0F, 0x56, 0x20, 0x5E, 0xBC, 0x68, 0xAD, 0x75, 0xBE, 0x67, 0xAD, 0xFE, 0x82, 0x18, 0xF1,
    0x31, 0x29, 0xF2, 0x27, 0x79, 0xC2, 0xC0, 0x5A, 0x6B, 0x16, 0x18, 0x6A, 0x0C, 0xF9, 0x95, 0xA1,
    0x20, 0x37, 0x24, 0xAD, 0xB5, 0xA6, 0xD6, 0x5A, 0x0B, 0x22, 0xA2, 0x66, 0xCF, 0x5A, 0x43, 0x6B,
    0xAD, 0x91, 0xB5, 0xD6, 0x15, 0xF6, 0xC2, 0x3F, 0xF8, 0x3D, 0xE7, 0xE2, 0x8F, 0x08, 0xB4, 0x26,
    0x72, 0x6E, 0x3A, 0x25, 0xF1, 0xFE, 0xA9, 0x32, 0xF1, 0xFB, 0xBC, 0x90, 0x3F, 0xCE, 0x0B, 0xB3,
    0x66, 0x91, 0x19, 0x37, 0x6D, 0x64, 0x3E, 0xAA, 0x24, 0x71, 0xDE, 0xB9, 0xE9, 0x50, 0xD7, 0xAC,
    0xD1, 0x45, 0xF0, 0x61, 0x8D, 0x5F, 0x37, 0x70, 0x63, 0x03, 0x9E, 0xFA, 0xEE, 0x51, 0xB7, 0xD8,
    0xB2, 0x21, 0x03, 0x49, 0xF8, 0x42, 0xEE, 0xFF, 0xAA, 0x3C, 0xF4, 0x46, 0x5B, 0x5D, 0x87, 0xD1,
    0x1C, 0xDE, 0xFB, 0x39, 0x5C, 0x3E, 0x79, 0xB4, 0xD2, 0xC6, 0xF8, 0xBA, 0x0C, 0xDE, 0xAE, 0x4F,
    0xF2, 0xD2, 0xA1, 0x75, 0xC1, 0x24, 0x23, 0x1D, 0x20, 0x43, 0x25, 0x9E, 0xCF, 0x81, 0x4D, 0xDD,
    0x4E, 0x75, 0x5B, 0xC0, 0x57, 0xC7, 0xCD, 0xF1, 0xFA, 0x54, 0x37, 0x3B, 0x5B, 0x57, 0x0B, 0xF8,
    0xDA, 0x98, 0xBA, 0xF7, 0x03, 0xE9, 0x90, 0x48, 0x12, 0xFE, 0xA0, 0xF4, 0xCB, 0xAA, 0x93, 0x11,
    0xE8, 0x5A, 0x5E, 0x99, 0x0D, 0x49, 0x13, 0x06, 0x19, 0xF1, 0x54, 0xEB, 0x9D, 0xAD, 0xAD, 0x02,
    0xAC, 0x70, 0x88, 0xD5, 0x8A, 0xBC, 0x33, 0xF1, 0xF4, 0x0C, 0xE0, 0x1C, 0x42, 0xE7, 0xF2, 0x7C,
    0xF9, 0x0D, 0xAA, 0x07, 0xD7, 0x70, 0x6A, 0xFF, 0x73, 0xF8, 0xC5, 0xA1, 0x05, 0x38, 0x5B, 0x8A,
    0xA4, 0x0A, 0x7E, 0x5D, 0x7A, 0x4E, 0xBF, 0xD0, 0x95, 0xAF, 0x73, 0x52, 0xEE, 0x73, 0x78, 0xD3,
    0x5C, 0xE8, 0xEA, 0xE0, 0x7D, 0x58, 0xBB, 0xEF, 0x3B, 0xAC, 0x13, 0xCF, 0xF9, 0xE5, 0x05, 0x5E,
    0x0A, 0x1E, 0xB8, 0x07, 0xBB, 0xBC, 0xC9, 0xD5, 0xE0, 0x01, 0x1A, 0xB0, 0x7E, 0xD3, 0x02, 0x6D,
    0x06, 0x24, 0x67, 0x81, 0x93, 0xC1, 0xA3, 0x6B, 0xC0, 0x0E, 0x22, 0x30, 0x5F, 0x74, 0xC4, 0x07,
    0x15, 0x54, 0x57, 0x1F, 0xBE, 0x01, 0xEB, 0xAD, 0x03, 0x72, 0x01, 0x9C, 0xFD, 0x99, 0x82, 0x67,
    0xFC, 0xFC, 0xD1, 0xE4, 0x72, 0x0A, 0x57, 0x0A, 0x88, 0x8F, 0x6E, 0x20, 0x78, 0xE6, 0x48, 0x1A,
    0xC9, 0x93, 0x14, 0xD2, 0x08, 0x64, 0xA8, 0xE8, 0x4F, 0x1F, 0x36, 0x17, 0x0A, 0xBB, 0xEB, 0x0B,
    0x6F, 0xEF, 0xD9, 0x32, 0xA6, 0x2B, 0x27, 0x06, 0x06, 0x29, 0x37, 0xCF, 0xCF, 0x98, 0xEA, 0x8A,
    0x9D, 0xEB, 0x39, 0x45, 0x50, 0xF6, 0xCF, 0xA1, 0xAD, 0xC1, 0xE4, 0xAE, 0x67, 0xD1, 0x83, 0x27,
    0xDB, 0xAA, 0x7F, 0x55, 0x46, 0x8D, 0xBC, 0xB4, 0x2E, 0x6B, 0x64, 0x89, 0x54, 0xF7, 0x1C, 0xDD,
    0xF3, 0x50, 0x4E, 0x78, 0xBE, 0xE2, 0x9B, 0x5C, 0x3D, 0x52, 0x5D, 0xAB, 0xEB, 0xF1, 0xFC, 0xBD,
    0x17, 0xAF, 0x9E, 0x80, 0xF5, 0xA7, 0x3F, 0xD5, 0xFF, 0xFA, 0x68, 0xC1, 0x9C, 0xF6, 0xC0, 0x3F,
    0xC0, 0x7A, 0x12, 0xC1, 0x87, 0x65, 0xD7, 0xD2, 0xBB, 0xF1, 0xCC, 0xB1, 0xB4, 0x44, 0x63, 0x9B,
    0xF0, 0x0B, 0x65, 0xBF, 0x3B, 0x6F, 0x3C, 0x74, 0xEB, 0xF0, 0xDF, 0xA5, 0xD0, 0x01, 0x67, 0x1C,
    0x41, 0x18, 0x06, 0xE0, 0x67, 0x77, 0x25, 0x87, 0x60, 0x8B, 0x2B, 0xD0, 0x58, 0x28, 0x40, 0xB3,
    0x00, 0xCA, 0x5D, 0x6E, 0x80, 0x02, 0x14, 0xCD, 0xEF, 0x28, 0x40, 0x90, 0x34, 0x0B, 0x40, 0xA1,
    0xD0, 0x1F, 0x91, 0x40, 0x8A, 0xC3, 0x21, 0xCD, 0xEE, 0x4F, 0x58, 0x28, 0x28, 0xAC, 0x4A, 0xA1,
    0x60, 0xB1, 0x88, 0x48, 0x6E, 0x7A, 0x67, 0x01, 0x9A, 0x46, 0x95, 0xF7, 0x99, 0xE1, 0x9B, 0xE1,
    0xE3, 0xB5, 0x13, 0xA8, 0x7B, 0xC9, 0xCF, 0x63, 0x69, 0xF5, 0x02, 0x2C, 0xE9, 0x6F, 0xFF, 0xC1,
    0x4A, 0xD2, 0x5F, 0x6D, 0xCC, 0x64, 0x6D, 0x19, 0xF2, 0x26, 0xBF, 0x8B, 0xD2, 0x78, 0x0B, 0x3C,
    0x47, 0xEC, 0x64, 0xDF, 0x96, 0xB2, 0xF0, 0x12, 0x4C, 0xED, 0x98, 0xC9, 0xC3, 0x53, 0xE6, 0x8A,
    0x50, 0x5A, 0x84, 0xE2, 0x57, 0x0C, 0x93, 0xF8, 0x31, 0x00, 0xD2, 0x78, 0x53, 0xC4, 0xFB, 0x43,
    0xD3, 0x13, 0xC6, 0x1C, 0x52, 0xB6, 0x26, 0x6B, 0xEA, 0xCE, 0xE4, 0x96, 0x53, 0xE6, 0x1C, 0x30,
    0x7F, 0xEB, 0xAA, 0xBE, 0x1C, 0xCE, 0x62, 0x05, 0x53, 0x4E, 0x58, 0xD2, 0x51, 0x49, 0xCE, 0x95,
    0xB1, 0x3D, 0xDD, 0x6D, 0x96, 0xAC, 0xF8, 0x40, 0x31, 0x48, 0x63, 0x50, 0xB4, 0xD2, 0x4E, 0xD2,
    0x87, 0xB4, 0xBB, 0xBE, 0x6C, 0xCE, 0xD6, 0xE0, 0xDD, 0xD8, 0x8B, 0xA4, 0x95, 0x04, 0x75, 0x8C,
    0x5D, 0xDC, 0x50, 0x20, 0xFF, 0x0F, 0xB0, 0x13, 0xC8, 0xB7, 0xB0, 0x8F, 0x29, 0x09, 0x59, 0x65,
    0x52, 0x29, 0x3E, 0xAB, 0x63, 0xD8, 0x9C, 0x7B, 0xD5, 0x23, 0x69, 0x64, 0x77, 0x21, 0x89, 0x01,
    0xA6, 0x1C, 0xF3, 0x85, 0x8E, 0x8A, 0xB1, 0x2C, 0x65, 0x5C, 0x7B, 0xA5, 0x0C, 0xE4, 0x15, 0x7B,
    0xD5, 0x78, 0x97, 0x24, 0x0F, 0xBC, 0x1F, 0x58, 0xDF, 0xF3, 0xA9, 0x34, 0xCE, 0x27, 0x0D, 0x23,
    0xE3, 0xBF, 0xC0, 0xB5, 0x6D, 0xAD, 0x49, 0xDD, 0x5A, 0x3C, 0xB0, 0xA8, 0x78, 0xC6, 0x58, 0x60,
    0xB7, 0x9F, 0x0E, 0xAC, 0x8C, 0x49, 0x7A, 0x45, 0x9B, 0xC6, 0x26, 0xFD, 0x31, 0x70, 0xC5, 0x8C,
    0x19, 0x27, 0xDC, 0x4B, 0xB7, 0x4F, 0xBB, 0xD1, 0xE2, 0xC6, 0x6B, 0x20, 0x6D, 0x67, 0xAC, 0x06,
    0x16, 0xED, 0xB8, 0x0A, 0xC7, 0xF4, 0xAB, 0x47, 0x7C, 0x3D, 0x3A, 0xEA, 0x37, 0xC5, 0xF7, 0xD7,
    0x17, 0x17, 0xE3, 0xEC, 0x2F, 0x60, 0x99, 0x73, 0x30, 0x27, 0x1F, 0xC8, 0x3A, 0x00, 0xB2, 0xF6,
    0x4F, 0xCE, 0x65, 0xDF, 0x63, 0x93, 0x3D, 0xBC, 0xE9, 0xB3, 0x5E, 0x9F, 0x75, 0x86, 0xAC, 0x7D,
    0xDA, 0x6F, 0x75, 0x92, 0x01, 0x64, 0x24, 0x57, 0x1C, 0xC6, 0x7F, 0xB3, 0x73, 0x93, 0xBD, 0xEC,
    0xCA, 0xBE, 0xC1, 0x6D, 0xDB, 0xCB, 0x35, 0x99, 0x45, 0x70, 0xCD, 0xDD, 0x66, 0x06, 0x53, 0xB6,
    0xCC, 0xEE, 0x3E, 0x2D, 0x0A, 0x30, 0x6A, 0x53, 0x40, 0x6F, 0x15, 0x50, 0xEA, 0x06, 0x29, 0xB9,
    0x48, 0xB3, 0x53, 0x14, 0xA0, 0x16, 0x00, 0x30, 0x68, 0xAB, 0xB6, 0xB8, 0x41, 0xAF, 0xD2, 0xDA,
    0xB3, 0xAF, 0x8A, 0x02, 0x4C, 0x0B, 0x28, 0x6A, 0xD0, 0x96, 0x03, 0x06, 0xA9, 0xA6, 0x6C, 0x32,
    0x7D, 0x73, 0xC9, 0xC5, 0xD5, 0xE9, 0xF7, 0x7D, 0xFE, 0x6B, 0xDE, 0x7F, 0xBD, 0xBF, 0xEF, 0xFF,
    0x3D, 0x18, 0x20, 0x64, 0x5D, 0x19, 0x19, 0x98, 0x79, 0x33, 0x76, 0xE8, 0x01, 0xD4, 0x4E, 0xA9,
    0x9F, 0x21, 0x84, 0xEC, 0xD5, 0x94, 0x81, 0xED, 0xE4, 0x49, 0xBF, 0xCC, 0xBC, 0x5B, 0x72, 0x71,
    0xBE, 0x38, 0x07, 0x86, 0xE5, 0x72, 0x7B, 0xF6, 0x55, 0x68, 0xA5, 0xAD, 0xE1, 0xB2, 0x99, 0xDF,
    0x08, 0x02, 0x60, 0xBF, 0xBB, 0xDF, 0x85, 0xD7, 0x98, 0xA8, 0x9A, 0x32, 0x95, 0x23, 0x5F, 0xE5,
    0x1A, 0x16, 0x43, 0x95, 0xE6, 0x49, 0x7A, 0x90, 0x39, 0x12, 0xA8, 0xFF, 0x98, 0x8B, 0xB7, 0xD5,
    0xA6, 0xC0, 0xBF, 0x0D, 0x10, 0xD4, 0x95, 0xB8, 0x87, 0xB9, 0xC4, 0x38, 0xA1, 0xD0, 0xA0, 0xB8,
    0x04, 0x00, 0xF3, 0x43, 0xFA, 0x3B, 0x88, 0xA6, 0x34, 0xDF, 0x54, 0x60, 0x2A, 0x33, 0x7B, 0xE7,
    0xD3, 0x8B, 0x79, 0x56, 0xE8, 0x2E, 0xBF, 0x7B, 0x2F, 0x59, 0x69, 0x6D, 0xF4, 0x83, 0xF9, 0x69,
    0xB8, 0x33, 0x08, 0x0E, 0xF7, 0x52, 0x4E, 0xE7, 0x87, 0x41, 0xB7, 0xC5, 0xCE, 0xA0, 0x1F, 0xEC,
    0xA7, 0x40, 0x1F, 0x87, 0x7A, 0x5C, 0xF9, 0xD2, 0x63, 0x64, 0x97, 0x3D, 0x90, 0x86, 0xBA, 0xA3,
    0x86, 0xCA, 0x50, 0x48, 0x1B, 0x9F, 0x41, 0x3C, 0x54, 0x3E, 0x36, 0x8B, 0xE5, 0x07, 0x73, 0x82,
    0x0B, 0x9A, 0xB9, 0x99, 0x35, 0xD5, 0x84, 0x63, 0x60, 0xB5, 0x1F, 0x45, 0x7D, 0xAB, 0x81, 0xC0,
    0x91, 0x8B, 0x1C, 0x16, 0xF9, 0xFD, 0xA9, 0x40, 0x00, 0x20, 0xB8, 0x3F, 0x5D, 0xE4, 0x82, 0x06,
    0x6D, 0x59, 0x16, 0x00, 0xA6, 0x7A, 0xC6, 0x49, 0x7C, 0x04, 0x14, 0x57, 0x5C, 0x48, 0x57, 0xDA,
    0xC7, 0xC7, 0xF6, 0xB3, 0x1D, 0x3D, 0xBF, 0x95, 0x76, 0x37, 0xD8, 0x0B, 0x1B, 0xB4, 0xA8, 0x22,
    0x78, 0x59, 0x4D, 0xA4, 0x41, 0x93, 0xBB, 0x04, 0x9A, 0xAE, 0xB2, 0x64, 0xA1, 0xC1, 0xA4, 0xCC,
    0x8E, 0xBE, 0xCE, 0x22, 0x2A, 0xD9, 0xC8, 0x30, 0x0C, 0xD3, 0x22, 0x1F, 0x96, 0xCA, 0xB2, 0x00,
    0xFA, 0xCF, 0x6D, 0xF1, 0x2A, 0x39, 0x47, 0xA0, 0x93, 0x93, 0xD6, 0x7F, 0x17, 0x66, 0x20, 0xDD,
    0x2C, 0x7B, 0x50, 0xAA, 0xF1, 0x26, 0x55, 0x92, 0x93, 0xF2, 0x6C, 0x51, 0x9E, 0xB7, 0x77, 0x47,
    0x3A, 0x4F, 0x5D, 0xAF, 0x82, 0x35, 0xB0, 0xDD, 0x3C, 0x7F, 0xA3, 0x54, 0x91, 0x23, 0xAF, 0x0E,
    0x4B, 0x8D, 0xE2, 0x69, 0xE1, 0x3A, 0x8F, 0xEB, 0x27, 0xC3, 0x78, 0x1F, 0x80, 0x9C, 0x5A, 0x86,
    0xA9, 0xA8, 0xC7, 0x34, 0x41, 0xC0, 0x06, 0x04, 0xA0, 0x9B, 0x29, 0x14, 0x18, 0x55, 0x13, 0x53,
    0x37, 0x25, 0x02, 0x36, 0x21, 0x80, 0x1E, 0x7C, 0x03, 0x21, 0x74, 0x82, 0xB5, 0xB5, 0xA0, 0x13,
    0x91, 0x5D, 0x48, 0x3B, 0x6D, 0xEF, 0x4A, 0xAD, 0x45, 0x99, 0x27, 0x24, 0x5A, 0xDF, 0xCF, 0xF2,
    0xD9, 0x2C, 0xD1, 0x4E, 0xB5, 0x5F, 0xED, 0x5A, 0x7B, 0x87, 0x8F, 0x32, 0x37, 0x76, 0xE4, 0x41,
    0x66, 0xCB, 0xD5, 0x8F, 0xD3, 0x5E, 0xB7, 0x75, 0x18, 0xBE, 0x68, 0x01, 0xE6, 0x54, 0x2F, 0xBB,
    0x16, 0x83, 0x88, 0x5D, 0x0E, 0x49, 0x78, 0xDE, 0xFE, 0xE8, 0x6C, 0x73, 0x63, 0x8B, 0x11, 0x9C,
    0xF0, 0xE8, 0x6F, 0xF5, 0xED, 0x4F, 0xCA, 0x8C, 0x29, 0x8A, 0x7F, 0x8E, 0x00, 0xBD, 0x95, 0x07,
    0xBB, 0x1F, 0x46, 0xAC, 0x69, 0x01, 0x2F, 0xDE, 0x5D, 0x5C, 0x02, 0xB6, 0xE3, 0x49, 0x66, 0x3C,
    0x25, 0x60, 0xF4, 0xA4, 0x5B, 0x64, 0x07, 0xA5, 0x7A, 0xFF, 0x37, 0x0C, 0x09, 0x40, 0x51, 0xC9,
    0x90, 0xD5, 0xD8, 0x83, 0x6A, 0xEC, 0xE5, 0x09, 0x21, 0x16, 0xB1, 0xFB, 0xA7, 0xEA, 0x2D, 0xA4,
    0x7D, 0x0D, 0xF1, 0x89, 0x1A, 0x94, 0xCA, 0xDB, 0x01, 0xA8, 0x5D, 0xC7, 0x79, 0x28, 0xB5, 0xD9,
    0x46, 0x03, 0x00, 0x04, 0x43, 0x25, 0xA8, 0x58, 0x9A, 0x4B, 0x51, 0x3C, 0x31, 0x3E, 0x5F, 0x49,
    0x33, 0x20, 0xCA, 0xAC, 0x2F, 0x88, 0x68, 0x5B, 0x12, 0xC6, 0x4C, 0x31, 0x24, 0x37, 0xF8, 0x59,
    0x97, 0xE8, 0x17, 0xB8, 0x7E, 0x51, 0x32, 0xB8, 0x16, 0xD5, 0x62, 0x5E, 0x81, 0x50, 0x93, 0x91,
    0x11, 0x92, 0xAD, 0x7E, 0x49, 0xD5, 0x20, 0xFA, 0xC3, 0x18, 0x59, 0xE9, 0xD3, 0x4B, 0x3B, 0x0C,
    0xA8, 0x2B, 0x47, 0xF5, 0x00, 0xAB, 0xEB, 0xFB, 0x5D, 0xCB, 0x39, 0x99, 0x9C, 0xA5, 0xAD, 0xB7,
    0x7E, 0xA8, 0x67, 0xD5, 0x02, 0x5F, 0x57, 0xAE, 0x72, 0xE4, 0x40, 0x21, 0x0D, 0xE5, 0xC6, 0x7D,
    0xDC, 0xD8, 0x50, 0x3E, 0xAE, 0xAC, 0xEB, 0x2F, 0x9F, 0x64, 0x85, 0x23, 0x11, 0x8B, 0xCF, 0xD4,
    0xD1, 0xDD, 0x2C, 0xF1, 0x93, 0x4E, 0xD0, 0x6A, 0x05, 0x1D, 0x7B, 0x3E, 0xB7, 0x41, 0x30, 0xC9,
    0xEE, 0x4F, 0xDD, 0xB8, 0x2D, 0xE1, 0x32, 0x41, 0xFD, 0xEE, 0x1F, 0xFD, 0x95, 0xBB, 0xF7, 0xE2,
    0x1B, 0xF8, 0x0C, 0xD5, 0x4B, 0xAA, 0x1A, 0xB0, 0x07, 0x6C, 0xEC, 0x00, 0xC7, 0xCD, 0xDF, 0xB9,
    0x95, 0x1B, 0x65, 0x59, 0x4A, 0x56, 0x66, 0xD3, 0xFF, 0x6F, 0x4C, 0xCA, 0xF2, 0xAC, 0xBD, 0xBB,
    0x3B, 0x7A, 0xF6, 0x6B, 0x8C, 0xC0, 0x72, 0xCA, 0x27, 0x6C, 0xF4, 0xDF, 0x5D, 0x94, 0xA7, 0x63,
    0x8C, 0x87, 0x53, 0x00, 0x70, 0xCB, 0x53, 0x6A, 0xE5, 0xAC, 0x54, 0x22, 0xA6, 0x76, 0x12, 0x00,
    0xC1, 0x18, 0x58, 0xE5, 0x0A, 0x1D, 0xB6, 0x67, 0xB3, 0xD9, 0x63, 0x86, 0xFA, 0xF6, 0x73, 0x00,
    0x7C, 0x2E, 0xB0, 0x1E, 0x33, 0x5D, 0xCF, 0xBD, 0x71, 0x94, 0xDF, 0xB4, 0xD7, 0x63, 0x6F, 0x7C,
    0x50, 0x78, 0xF8, 0xAC, 0xC4, 0x1D, 0x3A, 0x91, 0x86, 0xBD, 0x19, 0x47, 0x51, 0xE2, 0x8D, 0x3D,
    0x3F, 0x69, 0xC8, 0x71, 0x67, 0xEC, 0x69, 0x46, 0x5E, 0xBA, 0x6E, 0xBB, 0x32, 0x41, 0x91, 0x11,
    0xB1, 0x0E, 0xE0, 0xE1, 0xED, 0xA4, 0x51, 0x3A, 0xF5, 0x12, 0xDD, 0x6D, 0xD8, 0x30, 0xD6, 0x3C,
    0xC8, 0xA2, 0x68, 0xEC, 0x55, 0xB4, 0xED, 0xED, 0x5F, 0x95, 0xA7, 0x3F, 0xBC, 0x4B, 0xD9, 0xB6,
    0x7D, 0x47, 0xFA, 0x78, 0x54, 0xB4, 0x81, 0x2D, 0x8E, 0xF0, 0xA9, 0x78, 0x9B, 0x06, 0xD5, 0x5F,
    0xB6, 0xD4, 0x5A, 0x2C, 0xA4, 0x81, 0x17, 0xDE, 0x54, 0x4D, 0x5A, 0x72, 0x4B, 0xD9, 0xF6, 0xBF,
    0xB5, 0x99, 0x31, 0xAC, 0x1C, 0xC7, 0x79, 0xC7, 0x7F, 0xBB, 0x4B, 0x72, 0x63, 0x6D, 0x31, 0x2C,
    0x28, 0x20, 0x89, 0x13, 0x6E, 0x0A, 0x37, 0x31, 0xC0, 0xDB, 0x36, 0xC5, 0xEE, 0xDD, 0xD8, 0x2A,
    0x52, 0xB8, 0xC8, 0x05, 0xE0, 0x45, 0x06, 0x54, 0x50, 0x85, 0x2B, 0x05, 0x88, 0xDA, 0x17, 0x64,
    0x5F, 0xDE, 0x26, 0x2E, 0x5C, 0xE6, 0xB9, 0x48, 0xD2, 0xA6, 0x50, 0x11, 0x91, 0x05, 0x53, 0xBC,
    0x20, 0x63, 0x78, 0xDF, 0xBB, 0x95, 0x53, 0xA4, 0x70, 0x91, 0x4D, 0x02, 0x21, 0x65, 0xD6, 0xB0,
    0x84, 0x00, 0x12, 0x02, 0x8E, 0xA1, 0xA1, 0x7C, 0x24, 0xEF, 0xDD, 0xE4, 0x9B, 0x7D, 0x8B, 0xC7,
    0x47, 0x89, 0xA2, 0x44, 0x9A, 0xBE, 0xFD, 0xFE, 0xBF, 0xB7, 0xF3, 0xCD, 0xCE, 0x77, 0x33, 0x37,
    0x73, 0x33, 0x33, 0xEF, 0x80, 0xB4, 0x27, 0xB2, 0xB0, 0x07, 0xBF, 0x03, 0x70, 0xE0, 0xDD, 0xDA,
    0x3B, 0x03, 0x17, 0xED, 0x78, 0xB5, 0x5C, 0x7B, 0x7B, 0x72, 0xFB, 0x1F, 0x0C, 0x7C, 0xC6, 0xE4,
    0x61, 0xB1, 0x28, 0x22, 0xFB, 0x41, 0x27, 0x16, 0x45, 0x2F, 0x1C, 0x44, 0xCC, 0x77, 0xF8, 0x00,
    0x5A, 0x80, 0xFA, 0x29, 0xD8, 0x5F, 0x1F, 0x86, 0xF0, 0x5B, 0xB9, 0xE3, 0x20, 0xF8, 0x72, 0x2D,
    0x50, 0x8D, 0x20, 0x3B, 0x87, 0x0A, 0xBE, 0x02, 0xEA, 0x6F, 0x9E, 0x0A, 0x16, 0x0E, 0x88, 0x00,
    0x08, 0x0F, 0x16, 0x50, 0xC2, 0x3F, 0x41, 0x88, 0x63, 0xA5, 0x46, 0x06, 0x9E, 0xCB, 0x00, 0xC8,
    0x7D, 0x13, 0x79, 0x3F, 0xA4, 0x8E, 0x46, 0x35, 0x50, 0x00, 0x15, 0x50, 0x02, 0xF5, 0x18, 0x79,
    0x37, 0xAA, 0x86, 0x51, 0x15, 0xB0, 0x00, 0xF2, 0x06, 0xB2, 0x81, 0x65, 0xEC, 0xEF, 0x0D, 0xBC,
    0xED, 0x7B, 0x00, 0x20, 0xF6, 0x1F, 0xE4, 0x7E, 0x3B, 0xE7, 0x5A, 0x0D, 0x67, 0x36, 0x87, 0xA2,
    0x27, 0xDD, 0xC1, 0x7A, 0x20, 0xDD, 0xC0, 0x3E, 0x54, 0x30, 0x13, 0x2E, 0x69, 0xD7, 0x77, 0xDD,
    0x81, 0x6F, 0x80, 0x3D, 0xF3, 0xD9, 0xD7, 0xB5, 0x65, 0xE9, 0x4A, 0x0B, 0x90, 0x36, 0xD9, 0x97,
    0x5E, 0x1C, 0x61, 0xBE, 0xC2, 0xE5, 0xFE, 0xD0, 0xFA, 0xFE, 0x36, 0xAC, 0xFD, 0x86, 0xC0, 0x2D,
    0xE0, 0x68, 0x47, 0xD6, 0xE7, 0xB4, 0x4F, 0xF0, 0x60, 0xA7, 0x03, 0xBD, 0x0B, 0x9E, 0x68, 0x1B,
    0xC8, 0x3C, 0x0A, 0xCC, 0xA3, 0xE1, 0x31, 0xE3, 0x3E, 0xF8, 0x93, 0x4E, 0xB8, 0xF5, 0x5D, 0x78,
    0xDE, 0x23, 0x6C, 0xAE, 0x02, 0xB0, 0x87, 0xE4, 0x60, 0xBE, 0x02, 0x4F, 0x6E, 0xDF, 0xF9, 0xE8,
    0x1D, 0xD6, 0x5E, 0x5E, 0xFA, 0x78, 0xF5, 0xFA, 0xFB, 0xB7, 0xFA, 0xE0, 0x8F, 0x6D, 0x20, 0xEE,
    0xB3, 0x8C, 0x6C, 0x60, 0x3A, 0x08, 0xBD, 0x6F, 0x02, 0x1F, 0xF0, 0x42, 0xC3, 0x4F, 0x8D, 0xD0,
    0x82, 0x6C, 0x44, 0xF3, 0x54, 0x00, 0x24, 0x03, 0xA8, 0x06, 0xAE, 0x03, 0x7F, 0xC0, 0xD4, 0xBA,
    0x4C, 0x1B, 0x72, 0x0C, 0x95, 0x68, 0x83, 0x89, 0x2D, 0x26, 0xE9, 0x30, 0xAA, 0xE1, 0xF8, 0x6D,
    0x58, 0x9F, 0xC2, 0xC9, 0x1A, 0x49, 0x6B, 0x4C, 0x26, 0x7E, 0x89, 0x61, 0x70, 0xA2, 0x56, 0x34,
    0x17, 0x29, 0x6D, 0x90, 0x0C, 0x80, 0x7D, 0x20, 0x1F, 0xBB, 0x1D, 0xA2, 0x6E, 0x8A, 0x3F, 0xB6,
    0x56, 0x94, 0x8A, 0x94, 0xE8, 0xC6, 0x91, 0xA1, 0x16, 0xD9, 0x23, 0x13, 0x0F, 0xCE, 0xA4, 0x9D,
    0x93, 0xD8, 0xCE, 0xCC, 0x70, 0xA6, 0x14, 0x39, 0xDC, 0x8F, 0x06, 0xDC, 0x8F, 0x3B, 0xDC, 0x5A,
    0x8B, 0xC0, 0xB5, 0x22, 0xDE, 0x7C, 0x05, 0x4C, 0x0E, 0x8B, 0x2D, 0x5C, 0x39, 0x04, 0xC0, 0x40,
    0x59, 0x41, 0x5B, 0x80, 0x53, 0x3A, 0xB2, 0x59, 0x97, 0xF4, 0x49, 0x9F, 0x76, 0xB1, 0x55, 0x8D,
    0x78, 0xA0, 0x0D, 0x63, 0xB5, 0x84, 0xA2, 0x06, 0xE5, 0x20, 0xB3, 0x90, 0xF4, 0x8C, 0xD5, 0xCD,
    0x35, 0x6A, 0x07, 0x6A, 0x03, 0x11, 0xB0, 0x47, 0x34, 0x18, 0x22, 0xFB, 0xA2, 0x92, 0x9E, 0x1B,
    0x85, 0x82, 0x27, 0x94, 0x74, 0x90, 0x0D, 0xA0, 0x2C, 0x5C, 0x3F, 0x82, 0x6A, 0x0F, 0xCA, 0x12,
    0xCC, 0x0D, 0x70, 0x39, 0x91, 0x55, 0x3A, 0x1E, 0xB2, 0x26, 0xF9, 0xE8, 0x4E, 0x97, 0x7A, 0xDF,
    0xAB, 0xBF, 0xFD, 0x13, 0x9B, 0x83, 0x9D, 0x81, 0x29, 0xA1, 0xAE, 0xA1, 0x72, 0x50, 0x84, 0x0E,
    0x5F, 0x8B, 0x0C, 0x7C, 0x4E, 0xEB, 0x9D, 0x96, 0x3C, 0x87, 0x89, 0x4E, 0x31, 0x2C, 0x44, 0xB9,
    0x48, 0x4D, 0x7F, 0x0B, 0xD1, 0x71, 0xC8, 0x17, 0x35, 0x1C, 0xEC, 0x0E, 0xA7, 0x38, 0x6B, 0xA6,
    0xE7, 0xF4, 0xF4, 0x2C, 0xC7, 0xAB, 0x56, 0xF2, 0x06, 0x19, 0xC7, 0xA7, 0x21, 0x1D, 0xFA, 0xB5,
    0x31, 0xA4, 0x9D, 0xFC, 0x15, 0x29, 0xB9, 0x2F, 0xF4, 0xDA, 0x9F, 0x86, 0x67, 0x5E, 0x74, 0xDE,
    0x5A, 0xF8, 0xDD, 0x84, 0x92, 0xD9, 0x84, 0xFA, 0x1C, 0x7B, 0x4F, 0xC2, 0x04, 0x1C, 0x05, 0x58,
    0x26, 0xC4, 0x83, 0x20, 0xE9, 0x05, 0x59, 0x27, 0x08, 0xDF, 0x35, 0xEB, 0x03, 0x1C, 0x70, 0x01,
    0x47, 0x01, 0x2F, 0xB6, 0x04, 0x94, 0x64, 0xD2, 0x23, 0x05, 0x4A, 0x27, 0x9D, 0xD2, 0xE1, 0x4A,
    0xE5, 0x6F, 0x41, 0x6C, 0x95, 0x2E, 0xC7, 0x91, 0xB6, 0x81, 0x5A, 0x7D, 0xDB, 0x42, 0x71, 0xEB,
    0xEF, 0x3B, 0x50, 0xDE, 0x37, 0x50, 0xDC, 0xBD, 0xD7, 0x41, 0xA5, 0x5E, 0x1B, 0x60, 0xA3, 0xB4,
    0x1B, 0x7B, 0xB6, 0x25, 0xE9, 0x95, 0x9E, 0x93, 0x49, 0x84, 0x5C, 0xE7, 0x28, 0x9D, 0x75, 0x73,
    0x61, 0x32, 0xB4, 0xC2, 0xC8, 0x02, 0x7C, 0xDD, 0x0F, 0x14, 0xFE, 0x94, 0xDF, 0xE0, 0x00, 0xC4,
    0x3B, 0x09, 0x28, 0xE0, 0xF2, 0x96, 0x44, 0xF2, 0xA3, 0x3B, 0xA7, 0x67, 0x69, 0xB2, 0x06, 0xD2,
    0xEE, 0x4C, 0xAA, 0xBB, 0x4A, 0xA1, 0x17, 0x1F, 0xEF, 0xA4, 0xFC, 0x07, 0x2F, 0xF7, 0xDB, 0x76,
    0xF8, 0x9B, 0x60, 0x4B, 0x58, 0x6F, 0xE0, 0xB7, 0x0F, 0x5F, 0x6A, 0xEC, 0x97, 0x36, 0xE3, 0x84,
    0x61, 0x1C, 0xE4, 0xA8, 0x45, 0xE5, 0x28, 0xFB, 0x74, 0x45, 0x41, 0xC3, 0x99, 0xE2, 0x9E, 0x32,
    0xE9, 0x28, 0x7D, 0x10, 0x94, 0x57, 0x81, 0x03, 0x48, 0xEC, 0x5A, 0x93, 0xB9, 0x75, 0x83, 0x0A,
    0x55, 0xBE, 0xEE, 0xFE, 0xA5, 0xE7, 0x86, 0xFB, 0x67, 0x29, 0xE8, 0x8E, 0x2C, 0x7B, 0xCE, 0x18,
    0xAC, 0x33, 0x75, 0x24, 0xA8, 0xE2, 0x5E, 0x5A, 0x99, 0x84, 0xE6, 0xA6, 0x8D, 0xE0, 0x8F, 0xB4,
    0x34, 0xFE, 0xDF, 0x71, 0x26, 0xF9, 0x3F, 0x41, 0xBC, 0x15, 0x44, 0x1B, 0x01, 0x2E, 0xB4, 0x16,
    0x6B, 0xBE, 0x40, 0xC7, 0xAB, 0x95, 0x5D, 0xFB, 0x30, 0x18, 0x6F, 0x87, 0xF4, 0x33, 0x05, 0x00,
    0xC5, 0x0E, 0xC2, 0x9A, 0x4F, 0x3A, 0xC4, 0x1B, 0x54, 0xC3, 0x3E, 0x05, 0xCC, 0xA9, 0x20, 0xA7,
    0x06, 0xA5, 0xCF, 0xD1, 0x4C, 0x60, 0xF2, 0x8D, 0x8F, 0x14, 0x88, 0xE5, 0x9A, 0x7D, 0xB2, 0x21,
    0xDA, 0x10, 0xFB, 0xF5, 0x00, 0x6F, 0x7B, 0x0D, 0x00, 0x07, 0xD3, 0x1C, 0x66, 0x88, 0x7E, 0x25,
    0xC9, 0xB2, 0x1B, 0xBE, 0x77, 0xD1, 0xD6, 0x30, 0x37, 0x14, 0x86, 0xDC, 0x30, 0x33, 0x54, 0xE2,
    0x59, 0x87, 0x77, 0xD0, 0xCF, 0xDA, 0xD3, 0x1C, 0x3E, 0x6B, 0x4F, 0x33, 0xE9, 0x2B, 0xED, 0x69,
    0xD6, 0x12, 0xC7, 0x8B, 0xC8, 0x01, 0xF5, 0xE2, 0x7A, 0x99, 0xAB, 0xCC, 0xF4, 0x72, 0x4C, 0xF8,
    0x53, 0x7F, 0x48, 0xE2, 0xFD, 0x29, 0xAA, 0x77, 0x6F, 0x37, 0x73, 0x5C, 0xDA, 0xD7, 0xB8, 0xD8,
    0x1A, 0x5C, 0x14, 0xC0, 0x19, 0xDA, 0x90, 0x0C, 0x19, 0xC3, 0x22, 0x3C, 0x32, 0x3E, 0x3C, 0x16,
    0x0B, 0x01, 0x2E, 0xC6, 0x63, 0x09, 0x25, 0xD1, 0x50, 0x8C, 0xF3, 0x4E, 0xD6, 0xA4, 0x5D, 0x4E,
    0x3C, 0x54, 0xE0, 0x0C, 0xEC, 0x5B, 0x28, 0x7A, 0x50, 0x1D, 0xE4, 0xA2, 0xB9, 0x05, 0xE3, 0x08,
    0x91, 0x93, 0x7E, 0x46, 0xD6, 0x28, 0x9D, 0x93, 0x76, 0x15, 0x61, 0x76, 0x8A, 0x5C, 0x58, 0x11,
    0x09, 0xDD, 0xF9, 0x92, 0x10, 0xE6, 0xEA, 0x11, 0x1A, 0x50, 0x9F, 0x01, 0x25, 0x71, 0x5F, 0x92,
    0x3C, 0x55, 0x95, 0xA8, 0x40, 0xDA, 0xFD, 0xD0, 0xF7, 0xB1, 0x7F, 0xD4, 0x73, 0x29, 0xE9, 0xE1,
    0xE9, 0xDA, 0x43, 0x49, 0x24, 0x23, 0x4C, 0x7E, 0x2D, 0x0C, 0x0D, 0xF0, 0x13, 0xF7, 0xB8, 0x4E,
    0xD2, 0x19, 0x72, 0xD2, 0x5F, 0x0B, 0xC7, 0x77, 0x39, 0x3D, 0x23, 0x00, 0xD5, 0xE7, 0x78, 0x63,
    0xBD, 0x01, 0x2F, 0xFA, 0x92, 0x8D, 0xC1, 0x76, 0x9A, 0x3A, 0x8B, 0x0B, 0x9B, 0x82, 0x79, 0xF0,
    0x87, 0x7C, 0x91, 0xDE, 0x83, 0xB4, 0x31, 0x82, 0xEE, 0x0B, 0x21, 0xD1, 0x04, 0xDE, 0x49, 0x32,
    0xDA, 0x0A, 0x98, 0x07, 0x14, 0x01, 0xF9, 0xF9, 0xDD, 0x7C, 0xCA, 0x95, 0xE7, 0x02, 0xA4, 0xC4,
    0x1E, 0x3C, 0x65, 0xA9, 0x7D, 0xCA, 0x14, 0x21, 0x9C, 0x8B, 0x47, 0xFC, 0x52, 0x0E, 0xA0, 0xF0,
    0xCD, 0xB8, 0xDD, 0xFF, 0xBD, 0xE8, 0x24, 0xA4, 0x34, 0xA8, 0x69, 0xE5, 0x1B, 0xFB, 0x7A, 0x48,
    0xBD, 0x1F, 0x15, 0xEE, 0x27, 0x5F, 0xC7, 0xF4, 0xB5, 0xD3, 0x9C, 0xB0, 0x5E, 0x6F, 0x38, 0xF0,
    0x87, 0x00, 0x9C, 0xEF, 0x76, 0x25, 0x6D, 0xC4, 0xBB, 0x21, 0xCC, 0xD1, 0x27, 0xE3, 0xEA, 0x92,
    0x63, 0x24, 0xA8, 0x6A, 0x4C, 0xD6, 0x84, 0xB6, 0x2A, 0x2D, 0xB1, 0x8E, 0x6F, 0x31, 0xF6, 0x76,
    0xE0, 0xC9, 0xDD, 0x40, 0xA3, 0xCE, 0xA8, 0x47, 0x86, 0x27, 0xA7, 0x52, 0x21, 0x82, 0x0E, 0xD1,
    0xFE, 0x32, 0x44, 0xBE, 0xB7, 0x11, 0x66, 0xE7, 0xC7, 0x2A, 0xBE, 0x2E, 0x63, 0x36, 0xD4, 0xF3,
    0x83, 0x78, 0x50, 0x8D, 0x88, 0x49, 0x5A, 0xD4, 0xC5, 0x43, 0x72, 0x5F, 0x8A, 0x4B, 0x3E, 0xC5,
    0x9D, 0x81, 0x2A, 0x1E, 0x68, 0xE3, 0x21, 0xB2, 0xE2, 0x1F, 0xE2, 0x21, 0x93, 0xFC, 0x5C, 0x9E,
    0x9B, 0x23, 0xBE, 0x77, 0x29, 0xFC, 0x70, 0xFD, 0xDB, 0x0E, 0x0C, 0xD4, 0x62, 0x57, 0xFC, 0xB6,
    0xF8, 0xA8, 0xDD, 0xA7, 0xDE, 0x50, 0x3B, 0xDA, 0x36, 0xDA, 0x1E, 0xDC, 0xAD, 0xF3, 0xD3, 0x92,
    0xE9, 0xF5, 0xCA, 0x0E, 0xFC, 0x8E, 0xF4, 0x01, 0x28, 0x0D, 0x33, 0xA0, 0x0C, 0x5A, 0x0F, 0xFC,
    0xC5, 0xA3, 0x2D, 0x6B, 0x16, 0x1C, 0x4B, 0x4E, 0x1B, 0x9A, 0x40, 0x36, 0xAA, 0x16, 0x95, 0xE2,
    0xAB, 0xC8, 0xE5, 0x9A, 0x93, 0x7D, 0xB4, 0x25, 0xF6, 0x03, 0x00, 0xAB, 0x9B, 0x78, 0xDF, 0x3F,
    0x78, 0xC3, 0x3A, 0x36, 0x0E, 0xE7, 0x22, 0xEB, 0x7D, 0x23, 0x1E, 0x17, 0x49, 0xB2, 0x1E, 0x6D,
    0xE3, 0x7D, 0x70, 0xAE, 0x56, 0x78, 0xAF, 0x1F, 0xAC, 0x70, 0x7C, 0x89, 0xB1, 0x5A, 0x69, 0xBC,
    0xEF, 0xB8, 0xFF, 0x46, 0x17, 0x0D, 0xE9, 0x13, 0x8A, 0xFB, 0x33, 0x25, 0x5D, 0x3A, 0x5E, 0x6A,
    0x1C, 0x7C, 0x7E, 0xEB, 0x45, 0x0E, 0x4A, 0x37, 0xE9, 0x4D, 0xF8, 0x06, 0x6F, 0x91, 0xFA, 0x21,
    0xFF, 0xAB, 0x4D, 0x45, 0x5D, 0x53, 0x19, 0x66, 0xDE, 0xEF, 0xC4, 0x0C, 0xB4, 0x50, 0xC3, 0x82,
    0x4B, 0xEA, 0xE1, 0x36, 0xF6, 0x1B, 0xE0, 0x1A, 0x57, 0x59, 0x56, 0x98, 0xC8, 0x2A, 0x4C, 0xD2,
    0x65, 0xA1, 0xC3, 0xA5, 0x47, 0x73, 0xB0, 0xA6, 0x84, 0x03, 0xEF, 0x26, 0x38, 0x53, 0x93, 0x0C,
    0xA6, 0x38, 0x1B, 0x13, 0x4A, 0x4B, 0x77, 0xCF, 0x31, 0xB1, 0xAD, 0x31, 0xB8, 0xCB, 0xEF, 0xB2,
    0xF0, 0xFD, 0xEF, 0x5F, 0x71, 0xB0, 0x61, 0x9C, 0xE0, 0x12, 0xDF, 0x24, 0xBE, 0x27, 0x72, 0x50,
    0x8F, 0xB6, 0x9D, 0xDF, 0x71, 0x61, 0x08, 0xC3, 0x92, 0x6B, 0x8E, 0x53, 0x17, 0x9D, 0xBA, 0xE4,
    0xD4, 0x65, 0xFB, 0x4E, 0x55, 0xAE, 0xAC, 0xDC, 0x5E, 0xE5, 0x6C, 0xF5, 0x69, 0x5F, 0xFD, 0xB2,
    0xAB, 0xBC, 0xAE, 0x76, 0x54, 0x5B, 0xAA, 0xAF, 0x71, 0xA8, 0xA4, 0xD5, 0xF7, 0x3A, 0x4E, 0x78,
    0xAE, 0x82, 0x4B, 0x6E, 0x3A, 0xAC, 0x4B, 0x7A, 0x97, 0x35, 0x2E, 0xC7, 0x55, 0xF8, 0x4D, 0x30,
    0xB7, 0x4F, 0x48, 0xAA, 0x26, 0x64, 0x45, 0xA1, 0xF3, 0x90, 0xFE, 0x89, 0xBD, 0x6F, 0xE2, 0x0F,
    0x6F, 0x35, 0x71, 0x9F, 0x8D, 0x4A, 0xBA, 0xCF, 0x2B, 0x15, 0x85, 0xCB, 0x93, 0x35, 0xA7, 0x22,
    0x80, 0x9B, 0x62, 0x3B, 0xA2, 0xAD, 0x27, 0xDE, 0x7A, 0x9D, 0x6C, 0x7F, 0xD9, 0x64, 0xED, 0x27,
    0x9D, 0x2A, 0x7F, 0x31, 0x5C, 0x2F, 0xAD, 0x2D, 0x4B, 0x7B, 0x24, 0x2A, 0x8F, 0x4A, 0x5B, 0xD9,
    0xD2, 0xE6, 0x43, 0x69, 0x55, 0x57, 0x5A, 0x19, 0x53, 0x63, 0x3B, 0xCA, 0x8B, 0x26, 0xBD, 0x28,
    0xF6, 0xA4, 0x33, 0x18, 0x6F, 0x69, 0x52, 0x6F, 0xC9, 0x7F, 0xD8, 0x32, 0xA7, 0xA0, 0x46, 0x61,
    0x50, 0x7A, 0x43, 0xD6, 0x04, 0xC9, 0x7D, 0xD3, 0x4A, 0xBA, 0x24, 0xA7, 0x60, 0x8E, 0xBA, 0x38,
    0x44, 0x57, 0x37, 0x25, 0xE6, 0x83, 0x55, 0xEB, 0x28, 0x9F, 0x6D, 0xCB, 0xB7, 0xF4, 0x27, 0xDE,
    0xFA, 0x3F, 0xDE, 0x6E, 0xD9, 0xDF, 0x30, 0x73, 0xE4, 0xE7, 0xB6, 0xA1, 0xD8, 0x32, 0xDF, 0xD1,
    0x3E, 0xFA, 0xD8, 0xDD, 0xF7, 0xFD, 0xE7, 0x07, 0xAD, 0xD4, 0x50, 0x2A, 0x98, 0xFF, 0xF0, 0xCD,
    0x39, 0xD4, 0x60, 0x60, 0x03, 0x0E, 0x8C, 0xD8, 0x34, 0xD8, 0xA4, 0x56, 0x36, 0xF6, 0xF6, 0xAC,
    0x4A, 0x72, 0x62, 0x5A, 0x1D, 0xDF, 0xA4, 0xE6, 0xD9, 0xB6, 0xE4, 0xB2, 0x36, 0x53, 0xC3, 0x2A,
    0x66, 0xC2, 0x12, 0x35, 0x1E, 0xDD, 0x1D, 0x49, 0x67, 0x49, 0xFE, 0x63, 0x20, 0xFA, 0x79, 0x0F,
    0x9F, 0x74, 0xF0, 0xE3, 0x06, 0x16, 0x88, 0x2E, 0xEC, 0x8F, 0x0C, 0xC4, 0x16, 0xD6, 0xBD, 0x48,
    0x03, 0x49, 0xFF, 0x05, 0xF8, 0xFA, 0x87, 0x84, 0x01, 0xD0, 0xA3, 0xFE, 0xF7, 0xBF, 0x1D, 0x8B,
    0xA4, 0x6F, 0xA9, 0xC3, 0x06, 0xA0, 0x4D, 0xFA, 0x1C, 0x93, 0xF4, 0x8A, 0x4D, 0x80, 0x09, 0x18,
    0x7D, 0x55, 0xD2, 0xCF, 0x29, 0x5E, 0x93, 0xE7, 0xB2, 0x47, 0x1F, 0x5B, 0x22, 0xEF, 0x1B, 0x48,
    0x87, 0x67, 0xBC, 0xC7, 0x35, 0x2E, 0x33, 0x97, 0x4B, 0xE9, 0x9A, 0xB4, 0x73, 0x24, 0x3F, 0x1F,
    0xE0, 0x51, 0x07, 0x07, 0x53, 0xA5, 0x7D, 0x43, 0xFC, 0x49, 0x4F, 0xFA, 0x9E, 0x1D, 0xA7, 0xA0,
    0x19, 0x15, 0x35, 0x79, 0x18, 0xEF, 0x38, 0xCA, 0xAF, 0x2C, 0xEF, 0x7D, 0x17, 0x04, 0xC9, 0x05,
    0xC5, 0xCD, 0x35, 0x2E, 0x19, 0x66, 0xE7, 0x56, 0x8F, 0xB6, 0xF8, 0xBB, 0x9D, 0xF2, 0x3B, 0x6E,
    0xCE, 0xE0, 0xB1, 0x2D, 0x91, 0xCB, 0x21, 0xD7, 0xF3, 0xC3, 0xCB, 0xEB, 0x0C, 0x63, 0x14, 0x1C,
    0x16, 0xFB, 0x2B, 0xD1, 0x87, 0xD7, 0x44, 0x00, 0xF5, 0x39, 0x5E, 0x61, 0xB5, 0x84, 0xB5, 0x83,
    0x95, 0x88, 0x49, 0x3C, 0xB8, 0x09, 0xA1, 0x5B, 0x64, 0x7E, 0xC6, 0x5D, 0xBC, 0xE2, 0x10, 0xB4,
    0xC7, 0xEF, 0x58, 0xC2, 0x35, 0x07, 0xF5, 0x45, 0x3D, 0x7C, 0x87, 0xDA, 0xFB, 0xAE, 0x7E, 0xF0,
    0xBA, 0x95, 0xB4, 0x7B, 0xAC, 0xD8, 0x8A, 0xBF, 0xAF, 0xA5, 0x58, 0xBD, 0x04, 0x77, 0xC1, 0xE4,
    0x9D, 0xA4, 0xC4, 0xB8, 0x0E, 0xB8, 0xC9, 0x62, 0x2B, 0xCF, 0xFA, 0x5D, 0x38, 0x28, 0x0A, 0xBF,
    0xF7, 0x76, 0x43, 0xD2, 0x13, 0x5B, 0x22, 0x5B, 0xF8, 0x60, 0x10, 0xEE, 0x89, 0x07, 0xB2, 0xEE,
    0xE1, 0x5A, 0xAF, 0xB7, 0x00, 0x4B, 0xBE, 0xA9, 0x71, 0xB1, 0x77, 0x38, 0xD5, 0x1F, 0xE3, 0x72,
    0x72, 0x5C, 0x18, 0x31, 0xAE, 0x22, 0x6B, 0xFC, 0x76, 0x42, 0xE7, 0x4A, 0xB9, 0x13, 0x9F, 0x6A,
    0xDC, 0x2C, 0xE4, 0x2A, 0x5D, 0xE0, 0xD2, 0x87, 0x5B, 0x5C, 0xE4, 0x07, 0x00, 0xE0, 0xD5, 0x15,
    0x89, 0xF7, 0x5A, 0x7D, 0x78, 0x4B, 0xE7, 0xA8, 0x73, 0xA9, 0x46, 0xE9, 0x54, 0xFC, 0xAC, 0x45,
    0x52, 0x30, 0xB6, 0x92, 0x9E, 0xCE, 0xF4, 0xE1, 0x9D, 0x80, 0xD8, 0x82, 0x81, 0x0A, 0x5E, 0x01,
    0x78, 0xAE, 0x85, 0x04, 0x48, 0x7E, 0x32, 0x88, 0x45, 0x5A, 0x3F, 0x6F, 0x59, 0xA5, 0xCF, 0xE4,
    0x7D, 0x17, 0x74, 0x9E, 0x56, 0xB7, 0x4E, 0x51, 0xEB, 0x75, 0xA3, 0x86, 0xAC, 0x53, 0x5D, 0xD2,
    0xAB, 0x46, 0xA4, 0x9F, 0x2D, 0xB8, 0xA8, 0xB4, 0x23, 0xF1, 0x0D, 0xF1, 0x0E, 0x80, 0x39, 0xB4,
    0x60, 0x89, 0x1B, 0x80, 0xAF, 0xBE, 0x32, 0x4F, 0x93, 0xDC, 0xE1, 0xF9, 0x24, 0x17, 0x6A, 0x29,
    0xF6, 0xD4, 0x49, 0x2E, 0x0E, 0x6B, 0x61, 0x77, 0x7C, 0xA5, 0xB3, 0xE0, 0xE0, 0x04, 0x8A, 0x0F,
    0x88, 0x3D, 0xE4, 0xDD, 0x38, 0x12, 0x06, 0xA9, 0xE4, 0xEE, 0x6E, 0xB7, 0xDE, 0x01, 0x5C, 0xAA,
    0xAA, 0x4B, 0x5C, 0xAB, 0x2E, 0xBE, 0xAE, 0xEA, 0x7D, 0xBB, 0x6F, 0xAF, 0x6A, 0xB8, 0x8C, 0xD2,
    0x5F, 0x74, 0x71, 0x15, 0x87, 0x13, 0xC2, 0x12, 0xF7, 0xEC, 0x4B, 0xCE, 0xA0, 0xC3, 0x41, 0x13,
    0xDA, 0x0B, 0x71, 0x18, 0x01, 0xC8, 0x6A, 0x17, 0xD8, 0xAB, 0x73, 0x26, 0x9D, 0x7A, 0x57, 0x07,
    0xFA, 0x4D, 0xE0, 0x6A, 0x1D, 0xA8, 0xD5, 0x19, 0xA7, 0x71, 0x12, 0xCE, 0x44, 0x05, 0x1E, 0xE5,
    0x4F, 0x39, 0x15, 0x0E, 0xC0, 0xB4, 0x2E, 0x83, 0xA3, 0x7C, 0x0A, 0x6A, 0x18, 0x0F, 0x07, 0xBB,
    0xDB, 0xBB, 0x3B, 0x2E, 0xF8, 0xDA, 0x80, 0x32, 0xA0, 0x0E, 0xD8, 0x3A, 0x16, 0xDE, 0x06, 0x34,
    0x8F, 0x07, 0x41, 0x3F, 0xEA, 0x7C, 0x10, 0x7C, 0x67, 0x37, 0x0D, 0x82, 0x74, 0x1A, 0x04, 0xA1,
    0xC6, 0xF1, 0xF0, 0x2C, 0x01, 0xA8, 0x8E, 0xFC, 0xF1, 0x2F, 0x0B, 0xCF, 0xB1, 0x23, 0x80, 0x64,
    0x00, 0x0B, 0x35, 0xFC, 0xEE, 0xF3, 0xED, 0x3B, 0x62, 0xFD, 0xE6, 0xB8, 0x3C, 0xC5, 0x8F, 0x06,
    0xF8, 0x33, 0x0D, 0xF0, 0xD2, 0x97, 0xB2, 0x69, 0xF7, 0xF0, 0x2C, 0x9B, 0xF6, 0x13, 0xEC, 0x31,
    0xD9, 0x37, 0xA8, 0x51, 0x1A, 0x77, 0xC6, 0x12, 0xD5, 0x60, 0x2B, 0xB2, 0x33, 0x76, 0x91, 0x9D,
    0x8D, 0x2C, 0x50, 0x7D, 0x6C, 0x73, 0xD4, 0x10, 0x3E, 0xC5, 0xC2, 0x26, 0x7D, 0xD6, 0x54, 0x36,
    0x6C, 0x39, 0x6B, 0x97, 0x76, 0x49, 0x7F, 0xD4, 0x66, 0x4D, 0x3C, 0xD8, 0x52, 0x11, 0xFD, 0x62,
    0x98, 0xE7, 0xF0, 0x69, 0x9F, 0x57, 0x70, 0xD0, 0xA9, 0x16, 0x16, 0x4D, 0xEA, 0x20, 0xD7, 0x89,
    0x05, 0x00, 0xAE, 0x85, 0x9A, 0xEE, 0x61, 0x28, 0xEB, 0x33, 0xC8, 0x55, 0x52, 0x62, 0x2A, 0x81,
    0x9B, 0xB1, 0x8F, 0x55, 0xF8, 0xC8, 0xAA, 0x6F, 0xDD, 0x8B, 0xFB, 0xF4, 0xFB, 0x3F, 0x7D, 0xAD,
    0x4B, 0xFE, 0xED, 0x07, 0x3F, 0x6D, 0xE2, 0x7B, 0xC9, 0xFF, 0xC0, 0x2E, 0xDA, 0x41, 0xCD, 0x16,
    0x1C, 0xA3, 0x5E, 0x1D, 0x67, 0xDA, 0x53, 0xDE, 0x7A, 0xF8, 0x8F, 0x17, 0xE6, 0xF9, 0x25, 0xE2,
    0x3C, 0x64, 0x77, 0xD7, 0xE1, 0x68, 0x45, 0x95, 0x68, 0x3E, 0x49, 0xEE, 0xA3, 0x2D, 0xDE, 0x5B,
    0x91, 0x86, 0xC7, 0x93, 0xC2, 0xEB, 0x1F, 0x6A, 0x71, 0x0D, 0xE1, 0xEF, 0xE4, 0x9B, 0xE4, 0x77,
    0x3A, 0x91, 0x8C, 0xA4, 0x8F, 0x9C, 0xA4, 0x8D, 0xE8, 0x48, 0xEE, 0x6D, 0xF0, 0x85, 0x3C, 0x00,
    0xD8, 0x23, 0x5A, 0x3F, 0xC0, 0xA0, 0xBC, 0x17, 0x2E, 0xF4, 0x2B, 0xC2, 0x2D, 0x60, 0x22, 0x1B,
    0x18, 0x0F, 0x30, 0x16, 0x85, 0xE3, 0xD7, 0xDF, 0x5F, 0x85, 0xE9, 0x56, 0x8A, 0x73, 0x72, 0xE7,
    0xA3, 0xDB, 0x87, 0xE2, 0xEF, 0xA6, 0xDC, 0xC0, 0xE1, 0xBC, 0xD4, 0x14, 0x81, 0x03, 0x1D, 0x98,
    0xEF, 0x76, 0xC2, 0x78, 0x3A, 0xE6, 0xC2, 0x92, 0x2B, 0xEF, 0x38, 0xD6, 0x3B, 0x97, 0xDC, 0xFF,
    0xAE, 0xCB, 0x3A, 0x9C, 0xD2, 0x22, 0x98, 0x16, 0x5C, 0x17, 0xEE, 0xCF, 0xD4, 0xE0, 0xD2, 0x1E,
    0x17, 0xEF, 0x4E, 0x1C, 0x07, 0x67, 0xC5, 0xC7, 0xFA, 0x24, 0x16, 0xC8, 0x36, 0x80, 0xAA, 0x81,
    0xBC, 0x02, 0xAA, 0x1C, 0x28, 0x95, 0x86, 0x70, 0xD2, 0xC3, 0xFB, 0x8E, 0x28, 0xD4, 0x34, 0xF9,
    0xCF, 0x9F, 0x59, 0xD2, 0x9F, 0x0C, 0x8E, 0xEC, 0xAF, 0x87, 0x16, 0x15, 0x0F, 0x25, 0x45, 0x3C,
    0xCC, 0xC2, 0x79, 0x2C, 0xA7, 0x0E, 0x43, 0x63, 0x13, 0x4E, 0x63, 0x5C, 0x06, 0x8A, 0x0E, 0xE6,
    0x3D, 0xFC, 0xF9, 0x00, 0xD6, 0x12, 0x59, 0x43, 0xFC, 0x70, 0x4B, 0xE2, 0x4F, 0xC9, 0xFE, 0x26,
    0x47, 0x29, 0xA5, 0x73, 0x25, 0xA3, 0x48, 0x25, 0x5D, 0x2D, 0x91, 0x8C, 0x8A, 0xEC, 0x1E, 0x91,
    0x05, 0x43, 0xE2, 0x02, 0xD3, 0x6D, 0xA0, 0xAA, 0x47, 0xCE, 0x02, 0x67, 0x2A, 0x30, 0x54, 0xEC,
    0x78, 0x75, 0xFC, 0x46, 0x37, 0x7E, 0x7E, 0xBD, 0x7C, 0x7E, 0x8F, 0x1E, 0x0D, 0x98, 0xF8, 0x67,
    0x52, 0x39, 0x93, 0xBC, 0x37, 0x6C, 0x30, 0xD9, 0x7B, 0x43, 0x8D, 0x51, 0xDF, 0x1A, 0x2A, 0x4C,
    0x1E, 0x0D, 0x05, 0x66, 0x1E, 0x0D, 0x0A, 0x53, 0x0A, 0x1B, 0xD3, 0x86, 0x63, 0xD3, 0x92, 0x57,
    0xC1, 0x71, 0x10, 0xF0, 0x48, 0xE3, 0xA2, 0x4F, 0x3A, 0x5C, 0xFC, 0x5F, 0x3D, 0x4E, 0x42, 0x20,
    0x81, 0x6D, 0xC0, 0x06, 0x97, 0xDF, 0x28, 0x71, 0xD5, 0x8D, 0x0A, 0x57, 0xDE, 0xC8, 0x71, 0xE6,
    0x86, 0xD2, 0xCE, 0xDE, 0xC8, 0x9A, 0x4F, 0x87, 0x1B, 0x61, 0x4E, 0xF4, 0x5E, 0x8F, 0x48, 0x3B,
    0xC2, 0xF1, 0x93, 0x16, 0x36, 0x91, 0x85, 0x2A, 0xE9, 0x40, 0xDA, 0x08, 0xE9, 0x0E, 0x58, 0xFB,
    0x41, 0x9A, 0x2F, 0xED, 0x4F, 0x3B, 0x3B, 0x47, 0x35, 0x36, 0x47, 0x69, 0xAB, 0x74, 0x8E, 0xCD,
    0x9A, 0x19, 0x36, 0xED, 0x2A, 0x6C, 0xD2, 0xD5, 0x82, 0xBE, 0xC5, 0xC6, 0xF6, 0xF2, 0x6A, 0xB5,
    0x94, 0xC0, 0x36, 0x7B, 0xFF, 0xF5, 0x70, 0xC2, 0x6D, 0x70, 0x33, 0xA8, 0x6A, 0x58, 0xEF, 0x48,
    0xFC, 0xBD, 0x2E, 0xFB, 0xFE, 0xBF, 0x0E, 0x2A, 0xE9, 0xEC, 0x2C, 0xE9, 0x5C, 0x25, 0x05, 0xEB,
    0xA4, 0x2B, 0x65, 0x0C, 0xCD, 0xF6, 0x52, 0xEF, 0x7D, 0x63, 0x32, 0x61, 0x37, 0x9D, 0xB8, 0x71,
    0x54, 0x18, 0x6A, 0x36, 0xC2, 0x3C, 0x1E, 0x84, 0xF2, 0xEB, 0x2F, 0xF2, 0xCB, 0xDB, 0x3D, 0xC6,
    0xCF, 0xD0, 0x71, 0x72, 0x7B, 0xB7, 0x3B, 0x0E, 0x23, 0xB4, 0xCD, 0x91, 0x28, 0xED, 0x78, 0x88,
    0x6B, 0xC7, 0xF3, 0x5C, 0x9B, 0x08, 0x69, 0xC7, 0x93, 0x5F, 0x2B, 0xFD, 0x34, 0xA3, 0xC5, 0x9A,
    0x4A, 0xE8, 0x96, 0xAF, 0xCA, 0xB9, 0xD4, 0x2D, 0xC2, 0xE1, 0x36, 0x5F, 0xBD, 0xD1, 0xB9, 0xB4,
    0xCB, 0x71, 0xF1, 0x50, 0xE3, 0xF8, 0xD1, 0xF4, 0xF1, 0x09, 0xBC, 0x76, 0xB9, 0xFA, 0x8E, 0xD4,
    0x52, 0xBD, 0xD6, 0xBB, 0x52, 0x3A, 0xC5, 0x49, 0x54, 0xEB, 0xA4, 0xF1, 0xE6, 0xBE, 0xA0, 0x86,
    0x4B, 0x24, 0xFD, 0x01, 0xDC, 0xB7, 0xB0, 0xE8, 0x88, 0xBD, 0xA3, 0xF0, 0x3B, 0xAE, 0x93, 0x6B,
    0xC8, 0x3A, 0x48, 0xCF, 0xFF, 0x5B, 0x41, 0x74, 0x4C, 0xE2, 0x7B, 0xE2, 0xBB, 0xA7, 0x84, 0x74,
    0xC8, 0x7B, 0x62, 0x49, 0x27, 0x6F, 0xA2, 0x3B, 0x9E, 0xDC, 0x7F, 0xC0, 0x42, 0x43, 0x09, 0xCC,
    0x81, 0xC2, 0xFB, 0xE6, 0x8A, 0xFF, 0xB8, 0x03, 0xF8, 0x1A, 0xDF, 0xCB, 0x5E, 0xDB, 0xC4, 0xF7,
    0xC4, 0xC1, 0xC2, 0x0F, 0xBF, 0x75, 0xC5, 0x81, 0x81, 0x30, 0xF8, 0x62, 0xDF, 0xC4, 0xBE, 0x27,
    0xDA, 0x40, 0x39, 0x5A, 0x1B, 0x8D, 0x47, 0xD3, 0x7D, 0x38, 0x1A, 0x7F, 0x11, 0x59, 0xF8, 0xED,
    0xE5, 0xD5, 0x77, 0x8F, 0xE2, 0x69, 0xEF, 0xAF, 0x9F, 0x06, 0x23, 0x60, 0x44, 0xFD, 0xE4, 0xA1,
    0x40, 0xC9, 0x49, 0xE9, 0x4B, 0x0E, 0x05, 0xFF, 0x0F, 0xB5, 0x98, 0x01, 0x88, 0x1D, 0xC7, 0x79,
    0xF8, 0x7F, 0xBB, 0xAB, 0xD3, 0x26, 0x5E, 0xFE, 0x19, 0x01, 0x27, 0xF8, 0xC7, 0x71, 0xB4, 0x06,
    0x02, 0x38, 0xC6, 0x7A, 0x5B, 0x20, 0x00, 0x85, 0xDD, 0x77, 0x13, 0x9B, 0x12, 0x68, 0x81, 0x9E,
    0x41, 0x2A, 0x40, 0x29, 0x0E, 0x10, 0xA0, 0x31, 0x90, 0x33, 0x60, 0xE0, 0x28, 0x2B, 0xDD, 0x84,
    0x40, 0x0B, 0x00, 0x70, 0x06, 0x4A, 0x01, 0x80, 0x0A, 0x70, 0xC1, 0x91, 0x01, 0x19, 0xB8, 0xB4,
    0x9B, 0xEA, 0x59, 0x6F, 0x82, 0x81, 0x00, 0x01, 0xB2, 0x69, 0xEA, 0x00, 0x14, 0xF0, 0xD2, 0x3A,
    0xD4, 0x58, 0x14, 0x4D, 0xEC, 0x91, 0xFD, 0x14, 0xBD, 0xBB, 0xE9, 0x7C, 0xDA, 0x17, 0xF9, 0x4E,
    0x3E, 0x5D, 0x6D, 0x3B, 0x99, 0xFB, 0x7E, 0xBF, 0x7D, 0xB3, 0xBB, 0x3B, 0xF7, 0xBD, 0xDD, 0xD9,
    0xD9, 0x9D, 0x47, 0xD6, 0xF3, 0x20, 0xEB, 0x59, 0xBF, 0x5E, 0x67, 0x7D, 0x13, 0x99, 0x44, 0xCA,
    0x15, 0xEA, 0x10, 0x65, 0x13, 0xB7, 0x4D, 0xE2, 0x3E, 0xEA, 0x07, 0xFD, 0x32, 0xBF, 0x1B, 0x5C,
    0x32, 0x0F, 0x9A, 0x6C, 0xE0, 0xB8, 0xF6, 0xC6, 0x52, 0x05, 0x4D, 0x12, 0x82, 0x23, 0x1F, 0x92,
    0x25, 0xCA, 0x30, 0xA5, 0x82, 0x92, 0x86, 0x58, 0xA9, 0xA1, 0xB0, 0xAD, 0x68, 0x27, 0x84, 0x30,
    0xAA, 0x85, 0x7C, 0x5C, 0x77, 0x6F, 0x17, 0xD9, 0x99, 0x52, 0x33, 0xA5, 0x90, 0x06, 0xD2, 0x70,
    0xCD, 0xC1, 0x56, 0x30, 0x8C, 0xE5, 0x79, 0x4D, 0x1E, 0x3C, 0xE5, 0x4B, 0xAF, 0x33, 0xA5, 0xA4,
    0x46, 0xE9, 0x96, 0xC2, 0xCC, 0x43, 0x10, 0x6C, 0x47, 0x61, 0xA4, 0x1E, 0xD7, 0x53, 0x51, 0xA1,
    0xDE, 0x5D, 0x92, 0x84, 0x01, 0x80, 0x3D, 0xA8, 0xCC, 0x0C, 0xE6, 0x92, 0x86, 0x63, 0x4A, 0x3A,
    0x50, 0x4A, 0xE2, 0x4A, 0xE7, 0x96, 0xC2, 0x14, 0x86, 0xDC, 0x2A, 0x1D, 0xD7, 0x28, 0xE2, 0xB6,
    0x09, 0x24, 0xAE, 0x01, 0x7C, 0x0D, 0xCC, 0xB6, 0x81, 0xDA, 0x03, 0x8D, 0x03, 0x4A, 0x91, 0xEA,
    0x45, 0x16, 0x36, 0x49, 0x4C, 0x17, 0xAB, 0x2D, 0x25, 0x0D, 0x0D, 0x13, 0xC9, 0x8B, 0x0E, 0xA5,
    0x3D, 0xB9, 0x75, 0x64, 0x3F, 0x19, 0x48, 0x7F, 0xD9, 0x93, 0xBC, 0x6F, 0xE1, 0x43, 0x03, 0x73,
    0x0D, 0x1B, 0x8C, 0xA5, 0x78, 0xA3, 0x87, 0xF4, 0x17, 0x0E, 0x70, 0x2F, 0x02, 0x4F, 0x3C, 0x06,
    0x7F, 0xE0, 0x7C, 0x01, 0xA6, 0x25, 0xA8, 0xC2, 0x90, 0xBD, 0x61, 0x49, 0xFA, 0x2B, 0xC0, 0xE7,
    0xFC, 0x1E, 0x00, 0x3B, 0xFB, 0x62, 0xD2, 0x10, 0x2C, 0x40, 0x31, 0xE4, 0x0E, 0xA0, 0xD4, 0x78,
    0x80, 0x09, 0xB4, 0xEB, 0x24, 0xBA, 0x81, 0xA6, 0x19, 0xAF, 0xFA, 0xB4, 0x92, 0x2B, 0x06, 0x13,
    0x85, 0xD2, 0xB2, 0x2C, 0x4C, 0x89, 0x2C, 0x73, 0x3B, 0x41, 0x96, 0x59, 0x5F, 0x23, 0xFB, 0xA5,
    0x43, 0x8B, 0x1C, 0x87, 0xDB, 0x63, 0x0A, 0x2D, 0x7B, 0x4E, 0xDA, 0x5D, 0x70, 0x69, 0xA0, 0xE8,
    0x33, 0xC7, 0xB4, 0x27, 0x3B, 0x98, 0x5B, 0x2A, 0x0B, 0x3B, 0x07, 0xA0, 0x0C, 0x00, 0x28, 0xC6,
    0x52, 0x32, 0x96, 0x86, 0xB1, 0xCC, 0x44, 0xB0, 0xE1, 0x56, 0x4B, 0x83, 0xF4, 0xAE, 0x35, 0xD8,
    0xCC, 0x83, 0x57, 0x3A, 0x71, 0xEA, 0xA5, 0xD7, 0x0B, 0x93, 0x0E, 0x53, 0xAA, 0xCC, 0x4A, 0x16,
    0xEA, 0x99, 0x5E, 0x52, 0x2E, 0xBE, 0xEF, 0x94, 0x91, 0x7E, 0xE6, 0x15, 0x71, 0x61, 0xBB, 0x12,
    0xA9, 0xD5, 0x0D, 0x2D, 0xCA, 0x34, 0x35, 0x0D, 0x8A, 0x73, 0xDB, 0x54, 0x6C, 0xA0, 0x9C, 0xF4,
    0x40, 0x0A, 0x27, 0x9D, 0x70, 0x75, 0x8F, 0x90, 0x59, 0x31, 0x85, 0x11, 0xA3, 0xB4, 0x98, 0x6A,
    0xAC, 0x2C, 0xC7, 0xC5, 0x20, 0x3E, 0x03, 0x24, 0xB2, 0xE2, 0x2B, 0xC1, 0x90, 0x84, 0xB0, 0x20,
    0xBF, 0xBD, 0xB8, 0x81, 0x32, 0x94, 0xA6, 0x82, 0xDC, 0x36, 0x20, 0x79, 0x21, 0xA7, 0x86, 0xC4,
    0x3D, 0x20, 0xD9, 0xE0, 0x64, 0x97, 0xE1, 0xDE, 0xCE, 0xCA, 0xA0, 0x4C, 0x3E, 0x2C, 0x76, 0xC6,
    0xA6, 0xA8, 0x42, 0xBF, 0x6A, 0x9E, 0x4D, 0xE0, 0x11, 0x0D, 0x55, 0x4F, 0x16, 0xF6, 0x51, 0xB7,
    0x6E, 0xE9, 0x69, 0x92, 0xDB, 0x5A, 0x1A, 0x26, 0x71, 0x1D, 0x8C, 0x48, 0xCB, 0x91, 0x86, 0x6C,
    0x28, 0xFF, 0xB4, 0xB0, 0x45, 0x08, 0x24, 0xD2, 0x94, 0x32, 0x90, 0x00, 0x7C, 0x4F, 0x03, 0x49,
    0xB8, 0x03, 0xA4, 0x76, 0xCB, 0x00, 0x85, 0x88, 0xDC, 0x8A, 0x53, 0x23, 0xFE, 0x12, 0xF7, 0xCB,
    0x7C, 0x28, 0xF6, 0xC9, 0x82, 0xAF, 0x82, 0x51, 0xF6, 0xCC, 0xA9, 0xBC, 0x2F, 0x91, 0xC4, 0xA7,
    0xAC, 0x3A, 0x31, 0xCC, 0x5A, 0x71, 0x2B, 0xA6, 0x3E, 0xEA, 0xDC, 0xAE, 0xDC, 0x36, 0xE2, 0x6E,
    0x2A, 0xF6, 0xA5, 0xCE, 0x6D, 0xEA, 0x54, 0x5F, 0xC4, 0xBF, 0x2C, 0xC4, 0x62, 0x98, 0x2F, 0xAA,
    0x7D, 0x8E, 0x94, 0x4C, 0x12, 0x44, 0x5D, 0x7B, 0x47, 0xD2, 0x59, 0x9B, 0x7D, 0xD4, 0x29, 0xBE,
    0x2A, 0xE2, 0x31, 0x11, 0xDF, 0xE6, 0x7E, 0xF9, 0x21, 0x4F, 0xCA, 0xA8, 0xA3, 0x83, 0xA3, 0xFC,
    0x5B, 0x9E, 0x5D, 0x32, 0x05, 0x1A, 0x6A, 0xA0, 0xA4, 0x45, 0xDC, 0x01, 0x2A, 0xFA, 0x7C, 0x74,
    0x4B, 0xB3, 0xF2, 0x78, 0x17, 0x4D, 0xA9, 0xD8, 0xA1, 0x45, 0xDD, 0xBC, 0x7B, 0x73, 0x41, 0x1A,
    0x7E, 0x12, 0x7A, 0x8E, 0x94, 0x5C, 0xD2, 0x24, 0x7B, 0xE6, 0x5B, 0x00, 0x49, 0xC2, 0xAA, 0xB4,
    0x28, 0x8D, 0x1F, 0x5D, 0xA3, 0x0C, 0xAE, 0xA1, 0x18, 0x6D, 0x13, 0x37, 0x41, 0x5C, 0xA1, 0xFA,
    0xD4, 0x95, 0xA8, 0x21, 0x1D, 0x94, 0xAE, 0x5C, 0xD6, 0x17, 0xA6, 0x71, 0x99, 0xCD, 0x6D, 0xEB,
    0x73, 0x9B, 0xF5, 0x7B, 0x33, 0xE9, 0xC2, 0xAE, 0x56, 0x24, 0xBF, 0x19, 0xA6, 0x25, 0x7C, 0xD0,
    0x97, 0x0D, 0xEC, 0x58, 0x35, 0x93, 0x2E, 0x9F, 0x7B, 0x28, 0x75, 0xE6, 0x58, 0x95, 0x27, 0xAF,
    0xBE, 0x0C, 0xD3, 0x7F, 0xDD, 0x83, 0xC7, 0x1F, 0x7F, 0x1C, 0x00, 0xD6, 0xD9, 0x64, 0x7D, 0x9B,
    0x8E, 0xBA, 0x1D, 0x15, 0xFF, 0x6A, 0x6A, 0xBA, 0x26, 0xCA, 0x4F, 0xB8, 0x84, 0x53, 0x84, 0xC4,
    0xA9, 0x6F, 0xDE, 0x4A, 0xFB, 0xFC, 0x07, 0x3F, 0x7B, 0xC6, 0x66, 0x3F, 0xFD, 0xBB, 0x9F, 0x99,
    0xF4, 0x56, 0xF6, 0x16, 0x1C, 0x24, 0x07, 0xD0, 0xB2, 0x04, 0x90, 0x7E, 0xBC, 0x4B, 0x08, 0x2E,
    0xF3, 0x5C, 0x51, 0x16, 0x2A, 0x60, 0x0A, 0xD4, 0x40, 0x7B, 0x0C, 0x0D, 0x50, 0x01, 0xA5, 0x81,
    0x62, 0x80, 0x34, 0xEC, 0x43, 0x15, 0xA1, 0x39, 0x9E, 0xE7, 0xEF, 0xDD, 0xB9, 0x6F, 0x5E, 0x99,
    0x42, 0x8B, 0x44, 0xC7, 0x2A, 0x5A, 0x68, 0xA0, 0x02, 0xF5, 0x5B, 0x9B, 0x06, 0x4B, 0x6E, 0xC9,
    0x8E, 0x06, 0xA7, 0x80, 0xF3, 0x60, 0x6A, 0x58, 0xC8, 0xC8, 0x3B, 0x40, 0xEE, 0x23, 0x73, 0x64,
    0x98, 0x7C, 0xF1, 0x3C, 0x5C, 0x6E, 0xA1, 0xF0, 0x90, 0xEC, 0x43, 0xF6, 0x96, 0x25, 0xFF, 0xBE,
    0x45, 0x01, 0x5F, 0x64, 0x55, 0x92, 0xFE, 0xC9, 0x57, 0x87, 0xCB, 0x57, 0xCD, 0xD7, 0x80, 0x35,
    0x92, 0x60, 0x77, 0x7E, 0x3D, 0x7C, 0x87, 0xDD, 0xF5, 0x76, 0xEF, 0x1B, 0x5F, 0x5C, 0xBF, 0xF4,
    0xD5, 0xA7, 0xBE, 0x0D, 0xD2, 0xEE, 0xE5, 0xB0, 0xFB, 0x5A, 0xD1, 0x03, 0x5F, 0x66, 0x2C, 0x73,
    0x2B, 0x86, 0xFE, 0x35, 0x31, 0xE8, 0x33, 0x30, 0x26, 0xB4, 0x06, 0x04, 0x03, 0x1B, 0x03, 0xC9,
    0x2F, 0x7A, 0xD8, 0x7B, 0x81, 0x44, 0x6F, 0xAE, 0xF6, 0x38, 0xB9, 0x94, 0x4E, 0x1C, 0xF4, 0x1F,
    0x6F, 0x03, 0xE9, 0xAF, 0xEC, 0xE3, 0x5F, 0x90, 0x25, 0x86, 0xFF, 0xAB, 0x5C, 0x5E, 0x9D, 0xF2,
    0x9B, 0x16, 0xFE, 0xC6, 0x91, 0x9A, 0x5D, 0xD8, 0xFD, 0x06, 0x87, 0x4A, 0xA5, 0xC5, 0x10, 0x7A,
    0x31, 0xD8, 0x17, 0x38, 0x52, 0xD6, 0x44, 0xF0, 0xFF, 0x44, 0xF0, 0x94, 0x08, 0x6A, 0xD1, 0x0B,
    0xB4, 0x00, 0xDB, 0x7C, 0x87, 0x5C, 0x53, 0x03, 0x73, 0x28, 0x21, 0xF5, 0xA0, 0x80, 0x93, 0xB3,
    0x3B, 0xD0, 0x40, 0xDE, 0x57, 0xBD, 0x2C, 0x0E, 0x92, 0x5D, 0x80, 0x47, 0x39, 0xA9, 0xA4, 0xC0,
    0x6B, 0xE3, 0xD7, 0xF1, 0x70, 0x03, 0x68, 0x49, 0x06, 0xCE, 0x8F, 0x49, 0xD5, 0x63, 0x8A, 0xB5,
    0x08, 0x5E, 0x84, 0x31, 0xC5, 0x55, 0xC9, 0xAC, 0x82, 0x74, 0x28, 0x81, 0xB0, 0x0F, 0x3C, 0x7A,
    0x85, 0xFB, 0x3B, 0x2E, 0xE8, 0x48, 0x97, 0x51, 0xB9, 0x48, 0xCD, 0xA2, 0xAA, 0x3A, 0xEA, 0x92,
    0x68, 0xD1, 0xD2, 0xA5, 0x2E, 0x2A, 0xEF, 0xA3, 0x94, 0x89, 0xAA, 0x88, 0xBA, 0x14, 0xB5, 0xB7,
    0x88, 0xFA, 0x67, 0x17, 0x75, 0xBD, 0x8F, 0x9A, 0x1B, 0x11, 0xEC, 0xD8, 0xD7, 0x45, 0x40, 0x6E,
    0x00, 0xA5, 0x81, 0x12, 0x60, 0x22, 0xFA, 0x3A, 0xE7, 0x56, 0x0F, 0xE2, 0xE2, 0xA6, 0x23, 0x99,
    0x1B, 0x00, 0x36, 0x39, 0x8B, 0x63, 0x27, 0x12, 0x70, 0xE9, 0x2D, 0x5C, 0xFE, 0x73, 0x9C, 0x52,
    0xB8, 0x49, 0xA4, 0x8E, 0x78, 0xC5, 0x6F, 0x06, 0xC5, 0x87, 0x56, 0x11, 0x74, 0x04, 0xE5, 0x96,
    0x11, 0x60, 0x80, 0xB4, 0x87, 0xCC, 0x8E, 0x9C, 0xD6, 0xB9, 0x81, 0x22, 0xB2, 0xF5, 0xAE, 0x66,
    0x27, 0x58, 0xBE, 0xF2, 0xA6, 0x96, 0xFA, 0xC8, 0x9B, 0x91, 0xB0, 0x4F, 0xF1, 0x6E, 0xB0, 0x85,
    0xC9, 0x87, 0xC2, 0xA4, 0xAE, 0x30, 0xC9, 0x0A, 0xF9, 0x5C, 0xF4, 0x45, 0x08, 0xA6, 0x08, 0x0B,
    0x49, 0xFC, 0x3E, 0x21, 0xC0, 0xB5, 0x77, 0xE5, 0xF3, 0x43, 0x08, 0x77, 0x22, 0xC1, 0x28, 0x9D,
    0xF7, 0x4A, 0x67, 0x83, 0xD2, 0x69, 0x5C, 0xE6, 0x56, 0xD6, 0xC9, 0xB6, 0x9D, 0x03, 0xCD, 0x3C,
    0x78, 0xBA, 0x64, 0x9F, 0x8E, 0x69, 0xA4, 0x1C, 0x39, 0x15, 0x99, 0xC4, 0xBA, 0x5A, 0xCA, 0xF6,
    0xC8, 0x40, 0xC7, 0x5E, 0xE4, 0x8F, 0x22, 0x7C, 0x8C, 0xCD, 0xE7, 0xF5, 0x7B, 0xC1, 0x85, 0x67,
    0x97, 0x4B, 0x9A, 0x05, 0x13, 0x4F, 0x79, 0x3F, 0x16, 0x54, 0x4B, 0x35, 0x3D, 0xC8, 0x97, 0x77,
    0x6F, 0xFA, 0xDB, 0xC1, 0x79, 0x5A, 0xCF, 0x13, 0x1E, 0xEE, 0x07, 0x7C, 0x0D, 0xB6, 0xC7, 0xD8,
    0x09, 0x8B, 0x79, 0x58, 0x74, 0xF0, 0xA9, 0x82, 0x04, 0x94, 0x1E, 0xE3, 0xE2, 0x73, 0x3A, 0x04,
    0x7D, 0xE7, 0x22, 0x1E, 0x4E, 0x8E, 0x5C, 0xCE, 0xA7, 0x60, 0xE0, 0x38, 0x76, 0xC2, 0x10, 0x71,
    0xF2, 0xF9, 0x44, 0xD6, 0x2E, 0x6E, 0xAA, 0xE0, 0xD5, 0xDF, 0x6F, 0xFE, 0x2E, 0x05, 0xB6, 0xAE,
    0xEA, 0x7B, 0xE7, 0x9C, 0x07, 0x22, 0x7E, 0x3B, 0xE6, 0x61, 0x49, 0x07, 0xC7, 0x72, 0x63, 0x75,
    0x35, 0x66, 0xA7, 0xF7, 0xE9, 0xA8, 0x22, 0xCA, 0x74, 0xE4, 0xB6, 0x23, 0x13, 0xFA, 0xDF, 0x41,
    0xAC, 0x43, 0x1E, 0x51, 0x06, 0x36, 0x64, 0xD0, 0x8E, 0x0C, 0x00, 0x5C, 0xBC, 0xC8, 0x03, 0xDF,
    0xFF, 0xE0, 0x6D, 0x59, 0xB3, 0x28, 0x7B, 0x9F, 0x3A, 0x8F, 0x97, 0xA0, 0x8B, 0x81, 0x84, 0x07,
    0x77, 0x2A, 0x1B, 0x54, 0xB0, 0xF9, 0x01, 0x40, 0xCB, 0x39, 0x0A, 0x53, 0x51, 0x52, 0xA2, 0x4C,
    0x49, 0x4B, 0xD6, 0x97, 0x78, 0x12, 0x57, 0x66, 0x03, 0xB4, 0x65, 0x61, 0xA1, 0x2A, 0x4B, 0x40,
    0xFD, 0x63, 0x0D, 0x64, 0xC1, 0x03, 0xF9, 0xAD, 0x05, 0xA0, 0x9E, 0x6B, 0x80, 0x69, 0x59, 0x6A,
    0x98, 0xC9, 0x9E, 0xF1, 0xA8, 0xD4, 0x21, 0x2D, 0x2C, 0x90, 0xD6, 0x1A, 0xA6, 0xD2, 0xB2, 0x9B,
    0x45, 0x17, 0x0E, 0x80, 0x87, 0xF9, 0x8A, 0x3C, 0x13, 0x37, 0x27, 0xEC, 0x65, 0xBD, 0xD2, 0x7B,
    0xCA, 0xC4, 0xC7, 0xEC, 0x04, 0xDC, 0x5E, 0x0B, 0xED, 0x8F, 0x1C, 0x94, 0xD7, 0x6D, 0xD4, 0xDD,
    0xA8, 0x3A, 0xDE, 0xEA, 0xF8, 0xBD, 0x8E, 0x6C, 0xD8, 0x9B, 0xA2, 0xCC, 0x9E, 0xD2, 0x55, 0x3C,
    0x6C, 0x7F, 0xC6, 0x5E, 0x72, 0x00, 0x30, 0x39, 0x46, 0x5F, 0x1E, 0x9F, 0x95, 0x03, 0x55, 0xD8,
    0xE7, 0x0B, 0xEC, 0x70, 0xE8, 0x9E, 0x01, 0x2A, 0x58, 0x5B, 0x92, 0x85, 0x81, 0xE4, 0xD5, 0xFD,
    0xB1, 0x4E, 0x61, 0x20, 0xB7, 0x23, 0xCA, 0x9E, 0xA1, 0xD2, 0x1B, 0x37, 0x0F, 0xA8, 0xC2, 0xDB,
    0x70, 0x0E, 0xC8, 0x35, 0x64, 0x66, 0x64, 0x43, 0xC3, 0x3A, 0xAC, 0xFD, 0x90, 0x8D, 0xD0, 0x7F,
    0xFD, 0xB4, 0x87, 0x05, 0x74, 0x24, 0x2E, 0x0B, 0x26, 0x0B, 0x3D, 0x89, 0x87, 0x16, 0x89, 0xE5,
    0xF4, 0x55, 0x79, 0x35, 0x63, 0x1B, 0xBE, 0x0A, 0x5F, 0x42, 0x62, 0x1F, 0x36, 0xD9, 0xA6, 0x30,
    0x63, 0x1F, 0x98, 0xC9, 0x48, 0x47, 0x97, 0x5B, 0xBA, 0x52, 0xCB, 0x08, 0x47, 0xB7, 0x80, 0xF9,
    0x00, 0xD7, 0x1D, 0x74, 0xCB, 0xC8, 0x34, 0xA2, 0x8C, 0x0C, 0x86, 0x74, 0x89, 0x97, 0x31, 0x32,
    0x52, 0xF9, 0x8E, 0xC2, 0x03, 0x0F, 0xF2, 0x72, 0x3C, 0xB1, 0x3E, 0x1D, 0x7C, 0x61, 0x7C, 0x85,
    0x6F, 0xB9, 0xED, 0xB8, 0x6B, 0x25, 0x3E, 0x70, 0xF8, 0x19, 0xB2, 0x52, 0x19, 0x9F, 0xED, 0x7B,
    0x0E, 0x60, 0x72, 0x28, 0xBE, 0x7C, 0x24, 0xA9, 0xFF, 0x74, 0x74, 0xFF, 0x6D, 0xE9, 0x82, 0xA6,
    0xDB, 0x5F, 0x25, 0xE5, 0x0E, 0x25, 0x75, 0x10, 0x09, 0x26, 0xEE, 0xD3, 0xD3, 0x3D, 0x7B, 0x3F,
    0xA9, 0x48, 0x61, 0x25, 0x81, 0xA7, 0x87, 0xDB, 0xFF, 0x61, 0x6E, 0x07, 0x6E, 0x2F, 0x91, 0x04,
    0x7A, 0x89, 0x98, 0x80, 0x54, 0xE3, 0xCA, 0xB7, 0x8C, 0xFF, 0xE5, 0xE0, 0xF1, 0xB9, 0x61, 0x4F,
    0x06, 0xC1, 0xAD, 0x77, 0xB2, 0x7E, 0xBE, 0x54, 0xE6, 0x2B, 0xFF, 0x5E, 0xC9, 0x3C, 0x20, 0xB2,
    0xA0, 0xF8, 0x95, 0xA3, 0x08, 0xBD, 0x0C, 0xD8, 0xB1, 0xEE, 0x23, 0xB3, 0xC8, 0x34, 0xA2, 0x74,
    0x61, 0x0A, 0x5B, 0x98, 0x6C, 0x28, 0x0C, 0x3E, 0x32, 0x53, 0x1A, 0x84, 0x79, 0x30, 0x11, 0xCB,
    0x58, 0x5F, 0x8B, 0x4C, 0x22, 0x1D, 0xEA, 0x69, 0x87, 0xFA, 0x96, 0x45, 0x3D, 0x07, 0x6A, 0xB6,
    0x62, 0x2B, 0xF2, 0x67, 0x76, 0xDC, 0xA6, 0x17, 0x91, 0x69, 0x44, 0xE9, 0xB9, 0x8F, 0x8B, 0xB0,
    0x60, 0x0A, 0x0B, 0x66, 0xC8, 0xE5, 0x89, 0x2A, 0x6C, 0x54, 0x49, 0xD4, 0x25, 0xE0, 0xC7, 0x1E,
    0x98, 0x0F, 0x8C, 0xE7, 0x83, 0x6E, 0x21, 0x9A, 0x8A, 0x4A, 0x0D, 0x72, 0xA1, 0x56, 0x87, 0x31,
    0x13, 0x55, 0x22, 0x65, 0xCF, 0x5E, 0x60, 0x7D, 0xBE, 0xC4, 0x9D, 0x9D, 0x65, 0x3D, 0xAD, 0xD2,
    0xB4, 0x53, 0x68, 0x3B, 0xB8, 0xEC, 0x60, 0x67, 0x80, 0x76, 0x11, 0x69, 0x18, 0xB7, 0xE5, 0x3D,
    0x6D, 0xE2, 0x68, 0x69, 0xB7, 0xC1, 0xD1, 0x9D, 0xA8, 0xD7, 0x2F, 0x5E, 0x74, 0xCC, 0x43, 0x70,
    0xDC, 0xB8, 0x7A, 0x75, 0x5C, 0x77, 0xA2, 0xC2, 0x28, 0x40, 0x1D, 0xA3, 0x47, 0xD8, 0x64, 0x0D,
    0x4F, 0xF9, 0x31, 0x42, 0x08, 0xC2, 0x71, 0xDB, 0x86, 0x88, 0x83, 0xE4, 0x41, 0x76, 0xB7, 0x21,
    0xB8, 0x4E, 0xF4, 0x7B, 0x4B, 0x7F, 0x94, 0x64, 0x29, 0x23, 0x61, 0x19, 0x44, 0x17, 0x45, 0x1C,
    0x92, 0xE4, 0x89, 0x48, 0xAA, 0x27, 0x68, 0x27, 0x04, 0x0B, 0x73, 0x31, 0x1D, 0xD9, 0x27, 0x71,
    0x78, 0x1B, 0x71, 0xD0, 0xD1, 0x7D, 0x39, 0xC8, 0xFA, 0xD4, 0x8B, 0x99, 0x89, 0x69, 0xC5, 0x34,
    0x1F, 0x37, 0xC0, 0xCA, 0xAD, 0x88, 0x85, 0x28, 0x73, 0xAC, 0x66, 0x93, 0x94, 0x01, 0x56, 0x23,
    0xFD, 0x05, 0x08, 0x61, 0x09, 0x77, 0x2E, 0xCE, 0xC0, 0x53, 0x1F, 0xD5, 0xF4, 0x9D, 0xA8, 0x8D,
    0x60, 0x3C, 0x4D, 0x31, 0xC4, 0x75, 0x89, 0x8B, 0x62, 0x21, 0xEA, 0x44, 0xED, 0x3D, 0x01, 0xA3,
    0x3A, 0x91, 0x87, 0x24, 0x75, 0x20, 0x83, 0x14, 0x69, 0xD0, 0x7C, 0x54, 0xB6, 0x96, 0xB2, 0x66,
    0x01, 0xC5, 0x00, 0x94, 0x3A, 0xD9, 0xA5, 0xA2, 0x5A, 0xD2, 0x70, 0x79, 0x47, 0xDA, 0x55, 0xBA,
    0x95, 0x5B, 0xAD, 0xC5, 0xE5, 0xB6, 0x4D, 0x44, 0x8C, 0x2A, 0x6C, 0x23, 0x03, 0x4A, 0xC5, 0x4C,
    0x51, 0xEA, 0x66, 0x4A, 0x31, 0xC4, 0xC3, 0xD2, 0x30, 0xF7, 0xB0, 0x15, 0x42, 0x4F, 0x5C, 0x88,
    0x80, 0xE7, 0x21, 0x0F, 0x50, 0xBE, 0x04, 0x0D, 0xDF, 0xA5, 0xCE, 0x82, 0x69, 0x8B, 0x9F, 0xF6,
    0x9D, 0x7A, 0x7A, 0xE8, 0xD4, 0x37, 0xEF, 0xD1, 0xC6, 0xCF, 0x75, 0xFE, 0x86, 0xAD, 0xB2, 0x5B,
    0x5A, 0xC5, 0xF1, 0x37, 0x0D, 0xC1, 0xC1, 0xE9, 0x2B, 0x00, 0x94, 0x61, 0x37, 0x89, 0xF5, 0xDC,
    0xB3, 0xFB, 0xD9, 0x26, 0x3F, 0xD7, 0xFA, 0x98, 0x92, 0x25, 0xEB, 0x81, 0x01, 0x78, 0x0D, 0x70,
    0x50, 0x44, 0xD6, 0x34, 0x3C, 0xAF, 0xF3, 0xE0, 0xC6, 0xC9, 0x4F, 0xFD, 0xD0, 0xC9, 0x8F, 0x4B,
    0xC3, 0xC0, 0x79, 0x50, 0x50, 0x20, 0x31, 0x87, 0x0B, 0xD2, 0x7B, 0x86, 0x10, 0xA1, 0x04, 0xD4,
    0x67, 0xC1, 0x8D, 0xF0, 0x20, 0x57, 0x38, 0x7B, 0xF1, 0xC2, 0x3C, 0xEC, 0x9F, 0x7D, 0xFD, 0x02,
    0x35, 0x0F, 0x8D, 0x0D, 0x2B, 0x91, 0x1D, 0x8A, 0xD4, 0x8C, 0xBF, 0x36, 0x64, 0xBD, 0xCC, 0x73,
    0x15, 0x32, 0x6A, 0x56, 0xB1, 0x56, 0x93, 0xBA, 0x0E, 0xBC, 0x83, 0xCB, 0x03, 0x72, 0x14, 0xA5,
    0x39, 0x29, 0x39, 0xB9, 0xCD, 0x74, 0x87, 0xF4, 0x80, 0x92, 0x86, 0x49, 0x74, 0x8D, 0xA2, 0xA5,
    0x30, 0xAB, 0xDF, 0xB4, 0xFE, 0x6D, 0x20, 0xFD, 0x2F, 0x0B, 0xEF, 0x47, 0xAE, 0x6B, 0xD8, 0x01,
    0xA6, 0x40, 0x73, 0x3C, 0x9F, 0x2A, 0xAF, 0x52, 0xA3, 0x42, 0xA0, 0x08, 0x07, 0x9F, 0x2F, 0xAF,
    0xF0, 0x51, 0x5E, 0x2A, 0x2C, 0x79, 0x64, 0xFE, 0xCA, 0xC7, 0xF2, 0xAA, 0x49, 0x06, 0xC9, 0x44,
    0x32, 0xCA, 0x6D, 0x49, 0x3A, 0x34, 0xE0, 0x3B, 0xB8, 0xE4, 0x60, 0xA3, 0x07, 0x25, 0x39, 0x45,
    0xA6, 0x0E, 0x16, 0xFE, 0xA3, 0x6F, 0x61, 0x94, 0x2E, 0x91, 0x1B, 0x41, 0x5E, 0x4B, 0x92, 0xE3,
    0xA6, 0xD7, 0x5F, 0x5F, 0x67, 0x8D, 0x8A, 0x0A, 0xA5, 0x6B, 0x72, 0xEB, 0x49, 0xDF, 0x73, 0x70,
    0xD7, 0xC2, 0x86, 0x8E, 0x00, 0x73, 0x4B, 0xF2, 0xFE, 0x40, 0xD6, 0x7B, 0x94, 0x69, 0x29, 0xA9,
    0xFA, 0x06, 0xD5, 0x43, 0xFA, 0x00, 0xC9, 0xEE, 0x3C, 0x84, 0x7E, 0x9B, 0x10, 0x3D, 0x83, 0x09,
    0xFC, 0xDE, 0x5D, 0x85, 0x10, 0xEC, 0xCA, 0x40, 0xF6, 0x10, 0xA7, 0x26, 0x76, 0xCD, 0x35, 0x79,
    0xE7, 0x9D, 0x70, 0xF6, 0xCE, 0x85, 0x09, 0x74, 0x7C, 0x0A, 0xC9, 0x3D, 0x33, 0x0A, 0xD2, 0x63,
    0x94, 0xEC, 0x3A, 0x32, 0xEB, 0x4F, 0x60, 0x41, 0x6E, 0x6F, 0x7C, 0x73, 0x6E, 0x63, 0xA6, 0xF6,
    0xF4, 0x6F, 0x9F, 0xB1, 0x90, 0x3D, 0xC8, 0x72, 0x84, 0xFA, 0x01, 0x9E, 0x90, 0x0B, 0x52, 0xA3,
    0x3E, 0x46, 0x43, 0x49, 0xF5, 0x27, 0x01, 0x15, 0xDE, 0x22, 0xF9, 0xA7, 0x4F, 0x76, 0x8B, 0x8E,
    0x79, 0xE6, 0x47, 0x39, 0x15, 0x79, 0x6C, 0x64, 0x11, 0xB9, 0xF1, 0x57, 0x5B, 0xF7, 0xF2, 0x4C,
    0x6F, 0x7C, 0xCB, 0x12, 0xEB, 0xF7, 0x89, 0xFB, 0xC1, 0x48, 0xCC, 0xA9, 0x46, 0xAD, 0xE2, 0x31,
    0x55, 0x3F, 0x15, 0xA3, 0xDA, 0xF8, 0x5E, 0x88, 0xB9, 0x24, 0x33, 0xC5, 0x53, 0x12, 0x9C, 0x52,
    0xA0, 0xB6, 0x81, 0xEE, 0x38, 0x1E, 0x7D, 0x59, 0x4E, 0x29, 0xF3, 0x5F, 0x6F, 0xD9, 0xD9, 0x38,
    0x9F, 0x38, 0x11, 0x0F, 0x47, 0xE2, 0x49, 0xFD, 0xC1, 0x6A, 0xA2, 0x57, 0x2F, 0x68, 0xFC, 0xC3,
    0x83, 0xB1, 0x54, 0x07, 0xC8, 0x18, 0xDD, 0x53, 0x0C, 0x99, 0x43, 0x69, 0x16, 0x4C, 0xA0, 0x7D,
    0xA2, 0x86, 0x66, 0xBB, 0x85, 0x69, 0x2B, 0x9D, 0x6A, 0x23, 0x84, 0x70, 0x50, 0x88, 0x98, 0x01,
    0xB4, 0xA2, 0x46, 0x34, 0x15, 0x95, 0x1A, 0x28, 0x06, 0xD6, 0x65, 0x88, 0x5E, 0xC0, 0x56, 0x78,
    0x9B, 0xB1, 0x7C, 0x17, 0x8A, 0xD0, 0xB3, 0xF1, 0xB4, 0xFF, 0x5A, 0xCB, 0xEC, 0xC5, 0x8E, 0x7A,
    0xDB, 0xD3, 0xC4, 0xE6, 0xF6, 0x1F, 0x39, 0xB8, 0xFA, 0x0A, 0x0E, 0xF0, 0xC0, 0x0C, 0x98, 0x72,
    0x8A, 0xF2, 0x5D, 0x79, 0xF2, 0x78, 0x80, 0x63, 0xF3, 0x2B, 0x25, 0xBF, 0x29, 0xD4, 0x9F, 0x37,
    0xBF, 0xE1, 0x61, 0x3D, 0xF6, 0xA3, 0x9C, 0xAB, 0x4F, 0x97, 0xF3, 0x31, 0x3D, 0x94, 0xE0, 0xE7,
    0x83, 0xD2, 0x0F, 0xFF, 0xDB, 0x1A, 0x82, 0x27, 0xD9, 0xFD, 0xFF, 0x80, 0x0C, 0x45, 0xC0, 0xDC,
    0x8B, 0x1F, 0x35, 0xAC, 0x4A, 0x4D, 0xA1, 0xD3, 0x41, 0x46, 0x9D, 0xCC, 0x8E, 0xC7, 0xE4, 0x71,
    0x59, 0x91, 0x3A, 0x19, 0x87, 0xF0, 0x4A, 0x2F, 0xA0, 0x95, 0x37, 0x60, 0xAA, 0xE7, 0xFE, 0xC1,
    0x82, 0x0A, 0xC1, 0x40, 0x75, 0xED, 0x96, 0x85, 0x46, 0x3D, 0x33, 0x20, 0x4F, 0x7E, 0x4F, 0x12,
    0xF7, 0x9F, 0x21, 0x23, 0xE3, 0x94, 0x22, 0xB6, 0x50, 0xEA, 0x52, 0xC6, 0x6D, 0x3B, 0x8D, 0xCE,
    0x86, 0x59, 0x74, 0xE2, 0xF8, 0x62, 0x62, 0x40, 0x65, 0x16, 0x8A, 0x5B, 0x06, 0x92, 0x1F, 0x33,
    0x96, 0x75, 0xCE, 0xB0, 0xD9, 0xD0, 0xC5, 0x46, 0xE8, 0x32, 0x5B, 0xD8, 0x2E, 0x1E, 0xD4, 0x77,
    0x25, 0xB8, 0xAE, 0x86, 0x9D, 0xE0, 0x57, 0xF2, 0x5D, 0x4B, 0x36, 0x74, 0x15, 0xB9, 0xEC, 0xA2,
    0x74, 0x97, 0xDB, 0xE9, 0xEA, 0x77, 0x20, 0xFC, 0xF1, 0x33, 0x26, 0xC6, 0x19, 0x93, 0x87, 0xEB,
    0xB7, 0x61, 0x1E, 0x16, 0xDC, 0xF8, 0x8B, 0x40, 0x47, 0x69, 0x3B, 0xF2, 0xBE, 0x23, 0x1D, 0xBA,
    0x07, 0x7E, 0x7E, 0x07, 0x21, 0x1B, 0x20, 0xEF, 0xA1, 0x34, 0x84, 0x00, 0x61, 0x01, 0xC0, 0x31,
    0x33, 0x27, 0x99, 0x5D, 0x9B, 0x3B, 0x7F, 0xE9, 0x7C, 0xE2, 0x3D, 0x33, 0x4F, 0x3D, 0x06, 0x12,
    0x2D, 0xAB, 0x59, 0x5F, 0xBF, 0x7A, 0x97, 0x2A, 0xC3, 0x12, 0x64, 0xCA, 0x49, 0x43, 0x03, 0xF5,
    0x51, 0xB5, 0xA2, 0x6D, 0x51, 0x27, 0xF2, 0x22, 0xC7, 0x4A, 0x89, 0x28, 0x1D, 0xA2, 0xB2, 0x5E,
    0x64, 0xA3, 0xAE, 0x19, 0x36, 0x86, 0x00, 0x1B, 0xFD, 0x19, 0x64, 0x0D, 0xE4, 0x22, 0xA5, 0x45,
    0x00, 0x8F, 0xCA, 0x6B, 0x22, 0x84, 0xA0, 0xB9, 0xFD, 0x9C, 0xC6, 0xA9, 0x7B, 0x24, 0x82, 0xFC,
    0x16, 0x24, 0xF4, 0xE3, 0xA5, 0xCF, 0x23, 0xCA, 0x28, 0x3D, 0x47, 0xF9, 0x65, 0x04, 0x70, 0x23,
    0xE9, 0x00, 0x59, 0x0F, 0xA9, 0xD9, 0x06, 0xD7, 0x3D, 0x04, 0x79, 0x41, 0x97, 0xF7, 0x73, 0x79,
    0x3D, 0xEF, 0xE0, 0x44, 0x20, 0x39, 0xD4, 0x6E, 0x69, 0x39, 0x38, 0x7C, 0x86, 0xD7, 0x3C, 0xE5,
    0xE1, 0x08, 0xF7, 0xCA, 0xD1, 0x95, 0x12, 0x48, 0x4C, 0xA0, 0x41, 0xCF, 0x08, 0x9E, 0x79, 0x0F,
    0xFC, 0x21, 0x66, 0x42, 0xFA, 0xC8, 0x4C, 0x68, 0x22, 0x6A, 0x44, 0xAD, 0xE8, 0x95, 0xCF, 0x32,
    0x13, 0x72, 0x02, 0x24, 0x87, 0x7E, 0x23, 0xCC, 0x23, 0xA7, 0xF5, 0xE7, 0x7F, 0x9E, 0xED, 0xAC,
    0x68, 0x39, 0xCA, 0x13, 0x7C, 0xFA, 0xE7, 0x59, 0x10, 0x8E, 0x7D, 0xE3, 0xDC, 0x81, 0xCC, 0x31,
    0xD7, 0x14, 0x9E, 0xB9, 0x41, 0x79, 0xAE, 0x5B, 0xCE, 0x79, 0xFE, 0xA5, 0xE7, 0xBC, 0xE7, 0x47,
    0x8E, 0xDA, 0xB3, 0xE7, 0xD8, 0xF6, 0x74, 0x1D, 0x2E, 0xBA, 0x45, 0xDC, 0xA4, 0x7D, 0xF4, 0x24,
    0xB3, 0xD1, 0x2A, 0x37, 0xE2, 0x3F, 0xD7, 0xD1, 0xF9, 0xCF, 0x89, 0xCE, 0xFE, 0x47, 0x9C, 0x2E,
    0xC5, 0xC9, 0x82, 0x60, 0x3A, 0x3C, 0x41, 0x03, 0x28, 0x11, 0xE7, 0x0E, 0x4D, 0x8E, 0x6A, 0x11,
    0x7F, 0xCD, 0x05, 0xD8, 0x64, 0x9F, 0x6C, 0x41, 0x18, 0x55, 0x2C, 0xF8, 0xD0, 0xA8, 0x8E, 0xF7,
    0xED, 0xB9, 0x6D, 0xDE, 0xEB, 0x9B, 0x6D, 0x9C, 0xAB, 0x45, 0x7B, 0x51, 0xDB, 0x2E, 0xAA, 0x19,
    0xA2, 0x2A, 0x1B, 0xA5, 0xEC, 0x8E, 0x71, 0x4A, 0xEF, 0x68, 0xA0, 0x00, 0x50, 0xF7, 0xFF, 0xCD,
    0x79, 0x3E, 0xF1, 0x08, 0xFB, 0xBF, 0xBD, 0x96, 0x31, 0x90, 0xDC, 0x56, 0xFD, 0xC7, 0x3F, 0x92,
    0x7C, 0xD6, 0x3F, 0x7F, 0xCD, 0xF0, 0x52, 0x38, 0x05, 0x81, 0xB1, 0x52, 0xC2, 0x0C, 0x5E, 0xD5,
    0xCC, 0x48, 0xBB, 0x0F, 0x32, 0x43, 0x7D, 0x45, 0x0E, 0x4A, 0x28, 0x68, 0x48, 0xE3, 0xF6, 0x0A,
    0x39, 0x27, 0x42, 0x41, 0x41, 0xE3, 0x14, 0x81, 0x36, 0x05, 0x05, 0x3E, 0x17, 0x6E, 0xAE, 0x10,
    0x93, 0xCD, 0xE9, 0x41, 0x5F, 0x08, 0xE8, 0x67, 0x34, 0x03, 0x14, 0xD8, 0x05, 0x6F, 0xC8, 0x03,
    0xE4, 0xF3, 0xEE, 0xFE, 0x78, 0x92, 0x34, 0x7B, 0x37, 0xE1, 0x1C, 0x70, 0xC6, 0xE6, 0x77, 0xDF,
    0xCF, 0xF7, 0xB4, 0xB3, 0x92, 0xF4, 0xFD, 0x3D, 0xE9, 0xBD, 0x15, 0x1F, 0xBD, 0x06, 0x67, 0x0B,
    0x58, 0x6D, 0xE0, 0xE6, 0x7D, 0x00, 0x88, 0x0C, 0x24, 0x1D, 0x28, 0x0B, 0xB7, 0xCF, 0xA0, 0x38,
    0x86, 0x3C, 0x87, 0xFA, 0x0E, 0xB8, 0x94, 0xC0, 0x2A, 0x1D, 0x76, 0x49, 0x15, 0x3D, 0x7E, 0x68,
    0x62, 0x91, 0x56, 0x7D, 0xF8, 0x5D, 0x9B, 0x82, 0x5D, 0x40, 0x9D, 0x43, 0x59, 0x42, 0xE1, 0x20,
    0xBB, 0xC9, 0x61, 0xFC, 0x63, 0x1B, 0x3D, 0x69, 0x39, 0x07, 0xE0, 0x5D, 0xAD, 0xC4, 0x7E, 0xE9,
    0x5B, 0x3D, 0x94, 0x90, 0x7B, 0x85, 0xB2, 0xC9, 0x1E, 0xAF, 0xEF, 0x91, 0xF7, 0xE4, 0x8E, 0xF5,
    0x3A, 0xD8, 0x9C, 0x3C, 0x5A, 0xA7, 0xDB, 0x6F, 0x30, 0xD7, 0x71, 0xE1, 0xB9, 0x03, 0xF0, 0x52,
    0x73, 0x01, 0xF1, 0x6F, 0xDB, 0xF8, 0xFD, 0x16, 0xBE, 0x40, 0xAE, 0x4C, 0xA4, 0x85, 0x95, 0x48,
    0x07, 0x75, 0x0F, 0x60, 0x1D, 0x10, 0x76, 0x6E, 0x4C, 0x38, 0x78, 0x52, 0x0D, 0xAE, 0xF4, 0xD3,
    0x23, 0x4D, 0x86, 0x88, 0xA1, 0x60, 0x77, 0x5A, 0xF1, 0xDE, 0xA9, 0x03, 0x44, 0x1C, 0x04, 0x7F,
    0x3F, 0x72, 0x10, 0xB5, 0x38, 0x88, 0xCD, 0xE0, 0xAA, 0x1A, 0x3C, 0x05, 0x91, 0x6E, 0x39, 0x7A,
    0xF0, 0x80, 0x1F, 0x91, 0xCA, 0x1F, 0xA4, 0xBD, 0xFD, 0x1D, 0x79, 0xDF, 0xC1, 0x8E, 0x35, 0x5E,
    0xF9, 0x60, 0xC5, 0x4D, 0x11, 0xD9, 0x66, 0x7F, 0xD9, 0x9D, 0xFE, 0xAA, 0x64, 0x0D, 0xFD, 0x60,
    0x8E, 0x2D, 0xD4, 0xA1, 0x70, 0xE3, 0xE4, 0xD1, 0xCF, 0x2E, 0xFA, 0x74, 0x1B, 0x8A, 0x03, 0xE0,
    0xB5, 0xE0, 0xBE, 0x8A, 0xDA, 0x58, 0x2A, 0x1E, 0x00, 0x9C, 0x88, 0x6B, 0xC4, 0xD5, 0x70, 0x55,
    0x9F, 0x1C, 0x1D, 0x36, 0x62, 0xCF, 0x4F, 0x3F, 0xAA, 0xE1, 0x33, 0x6A, 0xC6, 0xFD, 0x43, 0x7E,
    0x10, 0x57, 0x36, 0x7C, 0xD6, 0xF2, 0x9E, 0x9E, 0xC6, 0x2D, 0x96, 0x4E, 0x7D, 0xD0, 0x2F, 0x29,
    0x72, 0x16, 0x25, 0x59, 0x23, 0x72, 0x7E, 0x7A, 0x5A, 0x43, 0x09, 0x05, 0x64, 0xFA, 0x86, 0xBA,
    0x58, 0x07, 0xD2, 0x33, 0xD5, 0x4D, 0x79, 0x4A, 0x2A, 0x52, 0x7D, 0x99, 0xC4, 0x02, 0x3D, 0x50,
    0x02, 0x05, 0xB0, 0x00, 0xB2, 0x13, 0x11, 0x69, 0x3C, 0x25, 0x64, 0x9E, 0x45, 0x0E, 0x45, 0x01,
    0x65, 0x06, 0xBD, 0x32, 0xB1, 0x8D, 0x76, 0x62, 0x68, 0x76, 0xD3, 0xB9, 0x1E, 0xB0, 0x92, 0xF6,
    0x9B, 0xB1, 0x83, 0x35, 0x14, 0xB0, 0xF0, 0x6A, 0x64, 0x77, 0x7E, 0x7A, 0x5E, 0x53, 0x94, 0xE4,
    0x4B, 0xEA, 0xF4, 0x89, 0x1D, 0x3A, 0x9E, 0xEB, 0x2C, 0x9F, 0x78, 0x05, 0x61, 0x80, 0xE4, 0x27,
    0xC6, 0x8B, 0x2F, 0x98, 0x0D, 0xB0, 0xC7, 0x97, 0x7E, 0x59, 0x39, 0x89, 0x0E, 0xBB, 0x0C, 0xA5,
    0x23, 0xA3, 0xF4, 0xF0, 0x17, 0xFB, 0xFF, 0x19, 0xA1, 0x55, 0x3A, 0x07, 0xA7, 0x74, 0x0F, 0xA5,
    0xFA, 0xB6, 0x85, 0xEC, 0xFB, 0xBF, 0x30, 0xA0, 0x44, 0x2A, 0xC8, 0x1E, 0xFD, 0xD5, 0x40, 0xA1,
    0xDE, 0xEE, 0x86, 0xB4, 0xDA, 0x8D, 0x53, 0x63, 0x4D, 0xD4, 0x2A, 0xBD, 0x24, 0xF1, 0x67, 0x48,
    0x75, 0x8A, 0xD2, 0x89, 0x59, 0x7A, 0x8F, 0xBA, 0xB5, 0xF7, 0xC0, 0x02, 0x80, 0x8A, 0xCC, 0x6C,
    0xFB, 0xBA, 0xC5, 0xEB, 0x1C, 0x16, 0xD4, 0xFE, 0x24, 0xD4, 0x91, 0x49, 0x4C, 0xED, 0x0F, 0x6A,
    0xEB, 0x14, 0x6C, 0x9D, 0x8F, 0x0F, 0xD3, 0x6C, 0xAE, 0x2E, 0x89, 0xBA, 0x3A, 0x23, 0x36, 0xF5,
    0x90, 0xB5, 0x8E, 0xCD, 0x92, 0x3A, 0xB4, 0x25, 0x35, 0x0E, 0x20, 0xFA, 0x8D, 0x1D, 0x99, 0x8B,
    0xAF, 0x48, 0x47, 0x26, 0x5B, 0xFE, 0x8F, 0x13, 0x40, 0xE9, 0x19, 0x20, 0x83, 0x83, 0x0D, 0x91,
    0x74, 0x04, 0x0F, 0xB7, 0xD3, 0x67, 0x92, 0x0A, 0x62, 0x33, 0xA1, 0xCC, 0xEB, 0x64, 0x7A, 0xF5,
    0x64, 0x47, 0x26, 0x7F, 0xBA, 0xEE, 0x26, 0x1C, 0x8C, 0x37, 0xE1, 0xEB, 0x37, 0x1D, 0xF4, 0x50,
    0x13, 0xD8, 0x48, 0xAA, 0x48, 0x5A, 0x02, 0x07, 0xE5, 0xA8, 0xCD, 0xF2, 0xA1, 0xCB, 0xA4, 0x9A,
    0xE6, 0xB4, 0x1E, 0x80, 0x15, 0xB0, 0x86, 0xA8, 0x03, 0x55, 0xC1, 0x12, 0xD8, 0x40, 0x30, 0x5C,
    0xE3, 0xE1, 0x0E, 0x48, 0xE7, 0x0C, 0xD1, 0x4C, 0x62, 0xDE, 0x22, 0xAD, 0x56, 0xA7, 0x43, 0x0E,
    0x07, 0xC0, 0x1B, 0x47, 0xEF, 0x9C, 0xC8, 0xE6, 0x8D, 0xA3, 0x9E, 0xB0, 0x23, 0x31, 0xA4, 0x50,
    0x82, 0x25, 0x7A, 0xCA, 0x70, 0xF9, 0x21, 0x50, 0xB9, 0x7F, 0x2A, 0xA0, 0x80, 0xF2, 0x30, 0xE8,
    0x1B, 0xE9, 0xB2, 0x1D, 0xC8, 0x66, 0x02, 0x38, 0x06, 0x57, 0x13, 0x79, 0x62, 0x8F, 0xF2, 0xDC,
    0x39, 0xAB, 0x29, 0x3D, 0xF6, 0xAC, 0x0E, 0x3B, 0xE7, 0x07, 0xD7, 0xD5, 0x4A, 0xBB, 0x7A, 0x81,
    0xAB, 0x73, 0x8F, 0xC3, 0xFD, 0xBA, 0xC3, 0x7D, 0x6C, 0x70, 0x8D, 0xF6, 0x80, 0x5B, 0x7B, 0x94,
    0xB4, 0x5E, 0xC0, 0x21, 0xB7, 0x1C, 0x5B, 0x17, 0x6C, 0x5D, 0xB4, 0x75, 0xC9, 0x3D, 0xA7, 0x0A,
    0x97, 0x17, 0xEE, 0xB8, 0x70, 0xB6, 0xF8, 0x47, 0x5B, 0xFC, 0xD3, 0x14, 0xA2, 0x8B, 0x1D, 0xC5,
    0x86, 0x02, 0x00, 0x5B, 0x7A, 0x72, 0x80, 0x97, 0x1A, 0x67, 0xBE, 0x4D, 0x6F, 0x1B, 0xE0, 0xC5,
    0x43, 0xB1, 0x50, 0xC0, 0x1D, 0xC5, 0xD5, 0xCA, 0x44, 0x13, 0x88, 0x58, 0xE2, 0x2E, 0xD8, 0xA0,
    0x2A, 0x96, 0x64, 0x90, 0x52, 0x80, 0xAA, 0x72, 0x48, 0x4C, 0x09, 0xF1, 0x35, 0x96, 0x98, 0x71,
    0x97, 0x71, 0xE7, 0x54, 0xB3, 0x24, 0x19, 0x4E, 0x10, 0xCA, 0x23, 0x0B, 0x77, 0xAF, 0xCE, 0xCE,
    0xA8, 0xB5, 0x23, 0xFB, 0x7A, 0x57, 0x13, 0x8B, 0x43, 0x7D, 0xF0, 0xC9, 0x78, 0xB1, 0x1C, 0xA5,
    0x4B, 0x92, 0xAA, 0x9E, 0x30, 0x9E, 0xAA, 0x44, 0x55, 0x05, 0x8A, 0x8C, 0x15, 0xEA, 0xF1, 0x86,
    0x40, 0xBA, 0x17, 0xCC, 0xEC, 0x6D, 0x58, 0x85, 0x46, 0x7B, 0xC1, 0xCC, 0x73, 0xBE, 0x74, 0xCC,
    0x97, 0xEE, 0xF3, 0x35, 0x22, 0x03, 0x53, 0x3E, 0x4F, 0x3E, 0xE6, 0xCB, 0xAE, 0xC9, 0xB7, 0x1F,
    0xE7, 0xFF, 0x59, 0xE6, 0xFD, 0x38, 0x1B, 0x0B, 0xBC, 0x9C, 0x3E, 0x54, 0x6C, 0x46, 0x2E, 0x3B,
    0xA8, 0x68, 0xA4, 0xE7, 0xAD, 0xE0, 0x1C, 0xC8, 0x34, 0x28, 0x33, 0xCF, 0xE7, 0xD6, 0xD3, 0xC5,
    0x22, 0x23, 0x10, 0x0D, 0xB4, 0xCC, 0x73, 0x1C, 0x52, 0xAD, 0x39, 0xA7, 0x69, 0x7A, 0x4E, 0xE4,
    0x3E, 0x73, 0xE5, 0xB7, 0x07, 0x4D, 0xF5, 0xE6, 0x7D, 0x64, 0xC7, 0x0F, 0xEF, 0x56, 0x44, 0x2D,
    0xA1, 0x25, 0xB0, 0x99, 0x0C, 0x82, 0x61, 0x7B, 0x5A, 0x0B, 0x2E, 0x1A, 0xDD, 0x6C, 0x00, 0x90,
    0xED, 0x04, 0x50, 0x43, 0x5E, 0xC0, 0x3A, 0x03, 0x37, 0x2C, 0xC3, 0x89, 0x89, 0xDA, 0xA8, 0x8D,
    0x4D, 0x68, 0x55, 0x85, 0x53, 0xB0, 0x5E, 0x40, 0x91, 0x43, 0x56, 0x82, 0x72, 0x90, 0xD8, 0x31,
    0xDA, 0x1C, 0x0B, 0xB5, 0x03, 0xD5, 0x43, 0x00, 0xC4, 0x62, 0x47, 0x00, 0x0E, 0x39, 0xD0, 0x35,
    0x4A, 0xE7, 0xA4, 0x14, 0x2C, 0xA6, 0xD1, 0x63, 0x18, 0x2D, 0x37, 0x8E, 0x71, 0xF4, 0xBB, 0x8E,
    0xE0, 0x8F, 0x2D, 0x7C, 0x6A, 0xE0, 0xE3, 0x0A, 0x56, 0x4C, 0x14, 0x40, 0x0E, 0xD4, 0x10, 0x5A,
    0x68, 0x5A, 0x8F, 0x66, 0xAA, 0x7A, 0xFF, 0x23, 0xFA, 0xD2, 0xB3, 0x5F, 0xFE, 0x3E, 0x74, 0x00,
    0xAF, 0xAE, 0x87, 0xE8, 0xF7, 0x1D, 0xC9, 0x4F, 0x0D, 0xB7, 0x15, 0x7C, 0xED, 0xAB, 0xAF, 0xA4,
    0x0F, 0x96, 0x29, 0x94, 0x39, 0xD8, 0x33, 0x42, 0xD3, 0x3E, 0xA7, 0x97, 0x62, 0xBF, 0x6A, 0x4C,
    0xBD, 0xD8, 0xFF, 0xD8, 0x4B, 0xF0, 0x99, 0x5E, 0x02, 0x5B, 0xC3, 0xC0, 0x5C, 0x39, 0x61, 0x9B,
    0x13, 0x5D, 0x4B, 0xE1, 0xC9, 0x88, 0x5B, 0x75, 0x21, 0x6D, 0x28, 0xCF, 0x5A, 0x6E, 0x44, 0x2D,
    0x5C, 0xCF, 0xF4, 0x86, 0xEC, 0x05, 0x00, 0xB7, 0xB8, 0x51, 0xB3, 0xD8, 0xAB, 0x1C, 0xB5, 0xFA,
    0xF9, 0x4E, 0xC9, 0x8E, 0x77, 0x16, 0x70, 0xA9, 0x13, 0xE9, 0x1B, 0xE9, 0x6B, 0xF8, 0x2F, 0xD5,
    0x98, 0x41, 0xF1, 0x15, 0x85, 0x15, 0x47, 0x47, 0x88, 0xF8, 0x97, 0x67, 0x1C, 0xCF, 0x95, 0x80,
    0x68, 0xD4, 0x15, 0xFD, 0x3F, 0x73, 0x15, 0x6A, 0xB6, 0xCB, 0x3A, 0x86, 0xB8, 0xAA, 0xBD, 0x99,
    0xE7, 0x5A, 0xB3, 0xD3, 0xDE, 0xC4, 0xF9, 0x8F, 0xC1, 0xC6, 0x1B, 0xCB, 0xC1, 0xB2, 0xC1, 0xD2,
    0xFD, 0xD6, 0x72, 0xFE, 0xD6, 0xEF, 0x37, 0x98, 0x3F, 0x02, 0x00, 0x9B, 0x4F, 0xCC, 0x75, 0x08,
    0xB7, 0x1C, 0x94, 0x57, 0xB9, 0xF8, 0x25, 0xE5, 0xB0, 0x22, 0x3E, 0xFD, 0x9E, 0x2D, 0x1D, 0xEE,
    0x92, 0xD0, 0x96, 0x22, 0x6D, 0x29, 0x3B, 0xCA, 0x58, 0xA4, 0x4A, 0x06, 0x2A, 0xB8, 0x8E, 0x13,
    0xE9, 0x3C, 0x76, 0xD8, 0xBE, 0x9E, 0x7E, 0x82, 0xE3, 0x99, 0x7A, 0x7E, 0x58, 0x5B, 0x38, 0x38,
    0x3A, 0x54, 0xE2, 0xD4, 0x87, 0x87, 0xFB, 0xF1, 0xBA, 0x7B, 0xAA, 0x45, 0x2A, 0xA5, 0xB9, 0x54,
    0x87, 0xB2, 0x30, 0x0B, 0xE5, 0x55, 0x91, 0x13, 0x74, 0xD9, 0xF8, 0xE6, 0x98, 0x54, 0xB1, 0x49,
    0x09, 0xBB, 0x02, 0x5C, 0x0D, 0xF7, 0x2C, 0xAC, 0x5A, 0x50, 0x06, 0x52, 0xCF, 0xD2, 0x42, 0xEF,
    0x08, 0x6C, 0x49, 0xD4, 0x2E, 0x48, 0xFC, 0xA9, 0xD3, 0x71, 0xE5, 0x8F, 0x36, 0x6B, 0x82, 0x0D,
    0x90, 0x5F, 0x12, 0x6D, 0x3C, 0xDD, 0x2D, 0x0E, 0xA6, 0x65, 0x5B, 0xE7, 0xC4, 0xC6, 0x11, 0xFE,
    0xCD, 0xC2, 0x33, 0x03, 0x2B, 0xED, 0x01, 0x1A, 0x43, 0xF0, 0x69, 0x47, 0xD4, 0x3A, 0x54, 0x55,
    0x92, 0x92, 0xDD, 0x2F, 0x50, 0x2D, 0x84, 0x33, 0x91, 0x67, 0x35, 0x1E, 0xF0, 0x79, 0x39, 0x0F,
    0x4E, 0xFE, 0xAC, 0x53, 0x11, 0xF3, 0x66, 0xF3, 0xB8, 0xFA, 0x9C, 0x9C, 0x9D, 0xCF, 0x69, 0xFF,
    0x3D, 0x53, 0x37, 0x66, 0x4A, 0x65, 0x47, 0x26, 0x72, 0x4D, 0xA6, 0xC5, 0x38, 0x91, 0xFF, 0x05,
    0xC5, 0xD6, 0x55, 0x70, 0x23, 0x5B, 0x7A, 0xC0, 0xF1, 0x5F, 0x77, 0x4B, 0x57, 0x3B, 0xD3, 0x19,
    0xB7, 0x1E, 0x86, 0x49, 0xE1, 0x0C, 0x78, 0xAC, 0x30, 0x4A, 0xF6, 0x09, 0x73, 0xB2, 0xFC, 0x1A,
    0x66, 0x58, 0x66, 0xDD, 0x71, 0x87, 0x39, 0x59, 0x7C, 0x0D, 0xE3, 0x32, 0xAF, 0xAA, 0xE2, 0x3B,
    0xEE, 0xF0, 0xAB, 0xC2, 0xAF, 0xBD, 0xF0, 0x12, 0xEE, 0xAD, 0x28, 0x55, 0xAE, 0x1B, 0xCD, 0xF4,
    0x76, 0x97, 0xC7, 0xCB, 0x43, 0xB6, 0xEC, 0x2B, 0x9D, 0xEF, 0x13, 0x34, 0xFD, 0xFF, 0x87, 0x25,
    0x05, 0x69, 0x49, 0x56, 0x71, 0xF9, 0xDD, 0x8C, 0x5F, 0xCE, 0x68, 0xC4, 0xF4, 0x06, 0xF3, 0x81,
    0xA8, 0xCA, 0x42, 0x5C, 0xA6, 0x79, 0xF2, 0xEF, 0x6F, 0x2A, 0x7A, 0x75, 0x3D, 0xCB, 0xDE, 0xF0,
    0xDC, 0x6A, 0x40, 0xB5, 0xC6, 0x74, 0xC4, 0x64, 0xC2, 0x78, 0xCE, 0x10, 0x08, 0x24, 0xB3, 0xDD,
    0x10, 0xF8, 0xF1, 0x90, 0xD5, 0xD5, 0xCA, 0xD7, 0xEE, 0x30, 0x61, 0xC4, 0x28, 0xAE, 0x17, 0xC3,
    0x7F, 0xDF, 0x7A, 0xDC, 0x68, 0xC7, 0x68, 0x6E, 0x6B, 0x2B, 0x5A, 0x6C, 0xBE, 0x6D, 0x6B, 0x70,
    0x7B, 0x15, 0x4E, 0xEE, 0x9E, 0xC2, 0x49, 0x1E, 0x0B, 0xBB, 0x40, 0x5E, 0x8C, 0x77, 0xDF, 0xBD,
    0x69, 0x20, 0x62, 0x69, 0xC0, 0x3F, 0x48, 0x4D, 0x2F, 0x97, 0x06, 0xEB, 0x7C, 0x29, 0x1E, 0x91,
    0x98, 0xA7, 0xA3, 0xD2, 0xFB, 0xC7, 0x42, 0xF6, 0xE1, 0x5D, 0x8A, 0xDF, 0x3D, 0x86, 0x25, 0x52,
    0x8A, 0x90, 0xF1, 0xA3, 0xAB, 0xD4, 0x7D, 0xC9, 0xDF, 0x15, 0x8E, 0xFB, 0x5D, 0x77, 0x61, 0x35,
    0xB4, 0x5A, 0x5C, 0x26, 0x18, 0x69, 0xA3, 0x41, 0xD6, 0x30, 0x6B, 0xA0, 0x35, 0xD4, 0x1A, 0x6C,
    0x0D, 0xB7, 0x06, 0xDC, 0x1E, 0xF9, 0x29, 0x64, 0x48, 0x7E, 0x69, 0xC6, 0x77, 0x57, 0x87, 0xC2,
    0xDE, 0x67, 0xC4, 0xCA, 0xF1, 0x10, 0x6D, 0x14, 0xFE, 0xAF, 0x8A, 0xF3, 0x2B, 0x70, 0xFE, 0xD5,
    0x49, 0xBD, 0x48, 0x5E, 0x7D, 0x93, 0x01, 0x19, 0x99, 0xED, 0x3A, 0x7D, 0xF2, 0x6D, 0x83, 0x90,
    0xAD, 0xCB, 0xC6, 0x86, 0x43, 0x9B, 0x83, 0xFF, 0xF8, 0x9F, 0x5E, 0xFD, 0xED, 0x20, 0xCD, 0x51,
    0x12, 0x95, 0x7A, 0x7F, 0x15, 0x0C, 0xDA, 0x5A, 0x9E, 0x2C, 0x9D, 0x94, 0x97, 0x73, 0x81, 0xD4,
    0xD5, 0xAF, 0x54, 0xF7, 0x93, 0x7F, 0x2C, 0x9A, 0x3A, 0xDE, 0x47, 0x77, 0x60, 0xE3, 0xDB, 0x79,
    0xEF, 0x6D, 0x42, 0xDB, 0x89, 0x5F, 0x4D, 0x76, 0xB7, 0x6A, 0xBF, 0x77, 0xD9, 0xC0, 0x92, 0xF9,
    0xF3, 0xD3, 0xED, 0xD9, 0xD3, 0x1E, 0x0B, 0xAE, 0x50, 0x4B, 0xFE, 0x75, 0xDF, 0xCC, 0x2D, 0xCF,
    0x60, 0xCE, 0x64, 0x44, 0x99, 0x82, 0x43, 0x9D, 0x15, 0x70, 0x4B, 0x54, 0x87, 0xE4, 0xAF, 0x66,
    0x2B, 0xDE, 0xFE, 0xC8, 0xC8, 0x7D, 0x26, 0x4C, 0xE8, 0x03, 0xA6, 0x44, 0x25, 0xCF, 0xF8, 0x46,
    0x9E, 0x7F, 0x82, 0x8D, 0x05, 0xC7, 0x5F, 0xBD, 0x74, 0x8D, 0x34, 0xB7, 0xA2, 0x7B, 0xE5, 0xE9,
    0xA9, 0x59, 0x52, 0x17, 0x6E, 0xD9, 0x57, 0x5D, 0xDF, 0x40, 0xEA, 0xB0, 0x61, 0x93, 0x19, 0x95,
    0xEE, 0xE7, 0x1E, 0x10, 0x36, 0x9D, 0xE1, 0xED, 0xC4, 0x33, 0x9E, 0xD9, 0x3D, 0x3C, 0xE0, 0xC7,
    0x49, 0xB9, 0xDC, 0x02, 0xF7, 0x94, 0x07, 0x00, 0xDE, 0xF8, 0xE6, 0x8F, 0x8D, 0xBE, 0xA7, 0x77,
    0x79, 0xFB, 0xA5, 0x43, 0xAB, 0xE1, 0x0F, 0x35, 0xA3, 0xAF, 0x3C, 0xF6, 0x58, 0xE8, 0x08, 0xFB,
    0xAF, 0xE4, 0xA7, 0x47, 0xBC, 0x7D, 0xA5, 0x65, 0x6C, 0xB9, 0x0E, 0x7D, 0xE4, 0x75, 0xF5, 0x53,
    0x55, 0x52, 0xCF, 0xF6, 0xC3, 0xDA, 0x67, 0xAB, 0x2D, 0xFA, 0x36, 0xEB, 0xF9, 0x76, 0x3D, 0x9F,
    0xF2, 0xB1, 0xC2, 0x13, 0xCF, 0x79, 0xFA, 0x76, 0x5D, 0xDD, 0x7A, 0xE3, 0xEF, 0x4E, 0xF9, 0xA4,
    0xD2, 0x9C, 0xDC, 0x14, 0xE8, 0xEF, 0xFD, 0xD5, 0x6F, 0x9F, 0xDE, 0xAB, 0xCB, 0xEC, 0x35, 0x3B,
    0xEB, 0xC6, 0x23, 0x6B, 0x13, 0xC3, 0xED, 0xBA, 0xBE, 0xF5, 0xC6, 0x37, 0x4E, 0x69, 0x1D, 0x18,
    0x86, 0x4E, 0xF6, 0xE4, 0x56, 0x54, 0xEF, 0x40, 0x87, 0xB5, 0xB6, 0xE8, 0xF0, 0x87, 0xA2, 0x9A,
    0x94, 0x8C, 0xC7, 0x79, 0xFE, 0x01, 0x90, 0xAE, 0xB2, 0x59, 0x88, 0x0B, 0x49, 0x61, 0x10, 0x5C,
    0xA4, 0xF3, 0x68, 0x60, 0x91, 0x7E, 0x36, 0x7F, 0xFE, 0x8D, 0xED, 0xF2, 0x4B, 0xD3, 0x9C, 0xFD,
    0x62, 0x84, 0x4E, 0xBA, 0xF3, 0x95, 0x2B, 0x9B, 0xD5, 0xC5, 0xDE, 0x8C, 0x47, 0x03, 0xA0, 0xCB,
    0x0D, 0xD3, 0x17, 0xC7, 0x77, 0x42, 0xFA, 0xED, 0xE1, 0x58, 0x74, 0x00, 0x0C, 0x11, 0xB2, 0xE0,
    0xEA, 0x25, 0xEA, 0x67, 0x8B, 0xFF, 0xB1, 0xD0, 0x0B, 0x1F, 0xDB, 0x6B, 0x34, 0x50, 0x1A, 0x2A,
    0x0D, 0x96, 0x86, 0x4B, 0x03, 0xA6, 0x21, 0xD3, 0xA0, 0x99, 0x62, 0x82, 0x31, 0x2D, 0x9E, 0x86,
    0xCF, 0x1E, 0xE0, 0x49, 0x5C, 0x46, 0xFA, 0xED, 0xB9, 0x68, 0x58, 0xF2, 0xF2, 0x77, 0xF3, 0xEA,
    0xB3, 0xA0, 0x57, 0xD7, 0x21, 0x6D, 0x23, 0xE7, 0x53, 0xE2, 0x9F, 0x9F, 0xA3, 0x39, 0x26, 0xFD,
    0xF7, 0x37, 0x4A, 0x73, 0x9F, 0x3E, 0xEE, 0x5E, 0x7F, 0x12, 0x63, 0x64, 0xC7, 0x83, 0x68, 0x38,
    0x63, 0x5A, 0x31, 0x5B, 0x05, 0xCE, 0xBF, 0xBA, 0x65, 0x91, 0x7C, 0xE8, 0xA6, 0x2C, 0xCF, 0x42,
    0x26, 0xCD, 0x07, 0xD2, 0x62, 0x58, 0xD7, 0xC5, 0xF0, 0x8D, 0x6F, 0xCC, 0xD7, 0x30, 0x40, 0x16,
    0x48, 0x67, 0x91, 0xE4, 0xCE, 0xDB, 0xD8, 0xBC, 0x03, 0xD8, 0xE1, 0x62, 0x5B, 0xA6, 0xCF, 0x8F,
    0xEF, 0xF4, 0x0F, 0x5C, 0xC3, 0xAF, 0xC0, 0x05, 0xA4, 0x5C, 0xBD, 0x42, 0xDD, 0xDF, 0xAD, 0x65,
    0x07, 0xAF, 0x65, 0xA4, 0x65, 0x71, 0x69, 0xBB, 0xE8, 0x74, 0xF9, 0x53, 0xF1, 0x6D, 0x0D, 0xEC,
    0xD3, 0x0E, 0x04, 0x2B, 0x9E, 0x7F, 0x61, 0x6F, 0xBB, 0xEC, 0xC6, 0xC1, 0x55, 0xEA, 0x16, 0xB5,
    0x25, 0x7D, 0xE4, 0x1E, 0xCA, 0x42, 0x5C, 0x4B, 0x7F, 0xA9, 0xB8, 0x14, 0x95, 0x2C, 0x69, 0xFE,
    0xC0, 0x4D, 0xEA, 0xBC, 0xD9, 0x46, 0x1C, 0xF7, 0x76, 0xF6, 0x3F, 0xA3, 0x9C, 0x0F, 0x17, 0x4A,
    0x6F, 0x8F, 0xAA, 0x34, 0x4F, 0xD1, 0x3C, 0xAC, 0xCC, 0xC2, 0xBD, 0xDF, 0xCF, 0x2B, 0xEB, 0xF9,
    0xE7, 0xD9, 0xCC, 0x93, 0x22, 0x29, 0x86, 0x56, 0x71, 0xD2, 0xF8, 0x9E, 0xEF, 0x87, 0xB9, 0x1B,
    0x91, 0xF6, 0x7B, 0xA4, 0x33, 0x1E, 0x77, 0x9C, 0x1C, 0x7F, 0xFC, 0x6B, 0xF7, 0x3F, 0x30, 0xAC,
    0x83, 0xA8, 0xAE, 0x2B, 0xBD, 0x32, 0x5A, 0xC8, 0x72, 0xEB, 0x86, 0x0C, 0x8C, 0xC9, 0xF2, 0x11,
    0x69, 0x31, 0xA1, 0xF7, 0x69, 0x52, 0x5A, 0x8C, 0xC9, 0xF2, 0xF6, 0x64, 0x83, 0x60, 0x5D, 0xDA,
    0xDE, 0x20, 0xAE, 0xDF, 0x56, 0xF1, 0xBC, 0x3A, 0x07, 0x08, 0x88, 0xAA, 0xBD, 0x24, 0xEC, 0x75,
    0xC8, 0xB9, 0xEC, 0x35, 0x4F, 0xB4, 0x0F, 0x33, 0x92, 0x85, 0x89, 0x34, 0x9F, 0xEE, 0x46, 0xD1,
    0x7E, 0x4E, 0x64, 0xF9, 0x58, 0x66, 0x68, 0x43, 0xF6, 0xEF, 0x0B, 0x51, 0x5D, 0x02, 0x1D, 0xAC,
    0xDD, 0x8D, 0x0E, 0xE2, 0xDF, 0x45, 0xFC, 0x04, 0xAC, 0xC0, 0x0D, 0x98, 0xC3, 0x8C, 0x23, 0x31,
    0x3C, 0x87, 0x8D, 0x82, 0x68, 0x46, 0x5C, 0x30, 0x08, 0x9C, 0x40, 0xE7, 0x80, 0xA6, 0x9C, 0x84,
    0x97, 0x13, 0x57, 0x25, 0xBD, 0x45, 0xE0, 0xF2, 0x65, 0x7C, 0x6E, 0x1C, 0x8E, 0xC6, 0x4C, 0x14,
    0x48, 0x73, 0xD7, 0x56, 0xD8, 0x7C, 0xBD, 0xE8, 0x03, 0x33, 0x49, 0x78, 0x3E, 0x0E, 0x66, 0xD6,
    0x85, 0xA4, 0x40, 0xF4, 0xFE, 0x0A, 0x67, 0x16, 0xC8, 0x06, 0xB8, 0x72, 0x44, 0x66, 0x4F, 0xC7,
    0x14, 0x37, 0xAE, 0xD1, 0xDD, 0xCC, 0x97, 0x66, 0x46, 0x5C, 0xC2, 0x57, 0xC2, 0x8B, 0x89, 0xAB,
    0xD9, 0x53, 0xD3, 0x70, 0x57, 0x71, 0x26, 0xD0, 0x0B, 0xAE, 0x5D, 0x62, 0xF3, 0xE7, 0x97, 0xA8,
    0x08, 0x83, 0x7F, 0xC8, 0xF9, 0xAA, 0x1A, 0x9F, 0x79, 0x12, 0xD1, 0xEF, 0x6A, 0x3D, 0xB1, 0x72,
    0xB4, 0x9E, 0x44, 0x3B, 0x5F, 0x2A, 0x69, 0xFE, 0x8D, 0xA3, 0x9C, 0xF3, 0x58, 0x6A, 0x73, 0x42,
    0x32, 0x47, 0xBA, 0xC0, 0x60, 0x80, 0xAF, 0x4C, 0x72, 0x4F, 0xD9, 0xCC, 0x09, 0x1B, 0xD8, 0x2E,
    0xC4, 0xEF, 0xAF, 0xF4, 0xC2, 0xCB, 0xB1, 0xE4, 0x19, 0x15, 0x18, 0xC2, 0x04, 0xE6, 0x88, 0x0A,
    0x60, 0xD2, 0x4A, 0x6F, 0xB5, 0xD2, 0xF3, 0x46, 0xBA, 0x2E, 0xB3, 0xDC, 0x46, 0xFE, 0x89, 0xD2,
    0x79, 0x2B, 0xB8, 0x7F, 0x69, 0x24, 0x15, 0x69, 0x41, 0x86, 0x55, 0x27, 0x31, 0x69, 0x04, 0xA7,
    0x8D, 0x60, 0x35, 0x78, 0xCD, 0xF6, 0x6C, 0xDD, 0xE0, 0x1E, 0x82, 0xE9, 0xBD, 0x5B, 0x51, 0x16,
    0xB4, 0x20, 0x88, 0x4A, 0x78, 0xF1, 0xD1, 0x09, 0x45, 0x73, 0x6C, 0x61, 0x0D, 0xE9, 0x12, 0x84,
    0xE2, 0x57, 0x23, 0x59, 0xC0, 0x0D, 0x58, 0x45, 0xF4, 0xB1, 0x66, 0x0A, 0x87, 0x6F, 0xF5, 0x79,
    0xD8, 0xCC, 0x89, 0x0B, 0x92, 0x82, 0x01, 0x2E, 0x2E, 0xC1, 0xAC, 0x2B, 0xB0, 0xF1, 0xF7, 0x05,
    0xEF, 0xAD, 0x0B, 0x5E, 0xBD, 0x76, 0x44, 0xAD, 0x14, 0x3A, 0x92, 0xC5, 0x45, 0xE9, 0xF3, 0x76,
    0x9C, 0x88, 0xCB, 0x03, 0x7A, 0x1C, 0x11, 0xB3, 0x80, 0xB8, 0xDA, 0x4B, 0x02, 0xD8, 0x3F, 0xFB,
    0x3D, 0xE6, 0x83, 0x77, 0x53, 0xED, 0x3C, 0x42, 0x4C, 0x45, 0xD5, 0x56, 0x13, 0x23, 0xC9, 0x6C,
    0x18, 0xB2, 0x22, 0x7B, 0xB2, 0x16, 0xD7, 0x3B, 0x40, 0x84, 0x2C, 0xEC, 0x46, 0xC4, 0x49, 0x5D,
    0x2D, 0xDB, 0x83, 0x62, 0x6C, 0x10, 0x1A, 0xCE, 0x30, 0xF8, 0xF7, 0x3A, 0xF4, 0xEA, 0x5F, 0x0B,
    0xA0, 0x83, 0xF5, 0xBB, 0xD1, 0xC1, 0xF9, 0xC0, 0xF5, 0x12, 0x15, 0x51, 0x49, 0x96, 0x93, 0xC2,
    0x32, 0x1D, 0xEE, 0xB1, 0xDF, 0xFB, 0x0C, 0x74, 0x0E, 0xE8, 0x03, 0xA2, 0x39, 0x92, 0x12, 0x69,
    0x8E, 0x15, 0xC0, 0xBC, 0x35, 0x68, 0xD1, 0x3E, 0x5C, 0xEE, 0xF0, 0xFF, 0xC5, 0x0E, 0x77, 0xB4,
    0xA4, 0x0F, 0x93, 0x5A, 0x1B, 0xAD, 0x8E, 0xC6, 0xA7, 0x34, 0x0C, 0x69, 0xA1, 0x31, 0x0A, 0xA2,
    0x3D, 0x25, 0x40, 0x52, 0xA1, 0x57, 0x20, 0x83, 0x55, 0xDD, 0x80, 0x2C, 0x6F, 0xB4, 0xB2, 0xD6,
    0xEB, 0x79, 0x6D, 0x5A, 0xB4, 0xE9, 0xD5, 0x5A, 0x8D, 0x7B, 0xA7, 0x56, 0x50, 0x6B, 0xA8, 0x55,
    0xF4, 0x89, 0x8E, 0x2C, 0x60, 0x0C, 0x19, 0x24, 0xF9, 0x11, 0x5A, 0x46, 0x73, 0x98, 0xC0, 0x65,
    0xE8, 0x85, 0x43, 0xB0, 0x3C, 0x1F, 0x70, 0xA1, 0x84, 0xBD, 0x05, 0x5C, 0x9A, 0x23, 0x75, 0x44,
    0xAA, 0xE7, 0x60, 0xA3, 0x40, 0x34, 0x43, 0x3C, 0x43, 0x16, 0x70, 0x42, 0x37, 0xE8, 0x2C, 0xD9,
    0xB7, 0x1F, 0x11, 0xDF, 0x59, 0x21, 0xF9, 0x9D, 0x05, 0xBD, 0x68, 0x7E, 0x44, 0x96, 0xA1, 0x43,
    0x72, 0xFB, 0x22, 0xED, 0xCC, 0xED, 0x58, 0x5C, 0x2E, 0xBB, 0x2D, 0x8F, 0xC8, 0x23, 0x82, 0x2C,
    0xEC, 0xA5, 0x08, 0x38, 0x04, 0x99, 0x0E, 0xAC, 0xDB, 0x4B, 0x1D, 0x80, 0x05, 0xC6, 0xC8, 0x90,
    0xE4, 0xA0, 0xE5, 0x9E, 0x48, 0x66, 0x6B, 0xD2, 0x22, 0x93, 0x85, 0x34, 0x1F, 0x4A, 0x66, 0x23,
    0x71, 0x35, 0x65, 0x5E, 0x71, 0xB3, 0x64, 0xA3, 0x60, 0x90, 0x93, 0xB9, 0x77, 0x20, 0xAE, 0x30,
    0xC5, 0x18, 0x29, 0xF0, 0x74, 0xDD, 0x30, 0x95, 0x85, 0x91, 0x81, 0xB1, 0x35, 0x6D, 0xDE, 0x5B,
    0xA6, 0x92, 0xA2, 0x92, 0xFC, 0x7D, 0x25, 0xFA, 0xE0, 0x8C, 0xFF, 0x2D, 0xF8, 0xF3, 0x9C, 0x0D,
    0xBB, 0x31, 0xC6, 0x08, 0x53, 0xA2, 0x8A, 0xED, 0x19, 0xDB, 0x61, 0xB9, 0xBC, 0xBA, 0x3E, 0xF6,
    0xBB, 0x7B, 0x50, 0xD6, 0x3E, 0xD3, 0xB6, 0x03, 0x6C, 0x35, 0xAC, 0x7D, 0xDB, 0xE1, 0x1E, 0x8B,
    0xD5, 0x71, 0xCB, 0xAD, 0xF7, 0xBD, 0x4D, 0x5A, 0x52, 0xEC, 0xC6, 0x10, 0xAB, 0x87, 0x53, 0xF7,
    0x1F, 0x01, 0x75, 0x87, 0x65, 0x81, 0x02, 0x41, 0x00, 0x85, 0xBF, 0x75, 0x97, 0x06, 0x1B, 0xE0,
    0x2C, 0xC0, 0x21, 0x13, 0x81, 0x26, 0x04, 0x40, 0x9B, 0x50, 0x03, 0x87, 0x08, 0x43, 0x02, 0x34,
    0x00, 0xEE, 0x0E, 0xBF, 0x79, 0xFE, 0x88, 0x75, 0xD4, 0x6B, 0x80, 0x56, 0x3B, 0x63, 0x2A, 0x33,
    0x00, 0xEA, 0x28, 0xF3, 0x22, 0x9A, 0xFC, 0xC5, 0xEB, 0x47, 0x44, 0xC2, 0xAB, 0xFE, 0x3D, 0x5E,
    0x0A, 0x75, 0x5E, 0x87, 0xF5, 0x1C, 0xCA, 0x23, 0xC8, 0xF6, 0x21, 0xA9, 0x42, 0xC4, 0x67, 0x0B,
    0x1D, 0x6B, 0xFF, 0x4D, 0x94, 0x5F, 0xE3, 0x9B, 0x12, 0x80, 0x1C, 0x86, 0xA8, 0x13, 0x89, 0x14,
    0x09, 0x69, 0x7E, 0x5F, 0x19, 0x89, 0x22, 0x5E, 0xB5, 0x8E, 0xD6, 0x9F, 0xA3, 0x0D, 0xE6, 0x28,
    0x53, 0x09, 0xAB, 0x3E, 0xB4, 0xAA, 0x90, 0xE5, 0xED, 0x34, 0x90, 0x02, 0xEA, 0xA0, 0xCC, 0xA1,
    0x27, 0x1F, 0x16, 0x70, 0x07, 0xA5, 0x97, 0x01, 0x84, 0x24, 0xD9, 0x19, 0xC7, 0x7F, 0xAF, 0xAA,
    0x77, 0xEB, 0x32, 0x65, 0xE7, 0x35, 0xB9, 0x23, 0xDC, 0xCC, 0x54, 0x30, 0x98, 0x6C, 0xBA, 0x67,
    0x16, 0x13, 0x1A, 0xD5, 0x5D, 0x2F, 0x16, 0x87, 0xC0, 0xE0, 0x26, 0x10, 0x18, 0xC0, 0x05, 0xB2,
    0x83, 0x41, 0x5F, 0xF4, 0xA6, 0x4B, 0x16, 0x00, 0x0E, 0x00, 0x30, 0xE4, 0xB0, 0x46, 0xD0, 0xE8,
    0x65, 0x44, 0x67, 0xEB, 0x65, 0x17, 0x87, 0x83, 0x8A, 0x20, 0x08, 0x52, 0x97, 0x24, 0x90, 0x23,
    0xFB, 0x8E, 0x4A, 0xD4, 0xDE, 0xCD, 0xCC, 0xCB, 0xAB, 0xDA, 0xEE, 0xDD, 0xD9, 0xD9, 0xC9, 0xCE,
    0x44, 0xFE, 0xDF, 0xF7, 0x7D, 0xDF, 0xAB, 0xFF, 0xF7, 0x7D, 0xEF, 0xBD, 0x99, 0x37, 0x5D, 0xAF,
    0x07, 0x7C, 0x45, 0x9E, 0x99, 0xC3, 0xFC, 0x57, 0x1C, 0xBE, 0x55, 0x00, 0x02, 0x56, 0x48, 0xAA,
    0x95, 0x8D, 0x60, 0x83, 0xB7, 0x0B, 0x47, 0x87, 0xD6, 0xEC, 0xEE, 0xBC, 0xF0, 0xD6, 0x5A, 0x55,
    0xDB, 0xD1, 0xD1, 0xA7, 0xD6, 0x56, 0xBB, 0x8E, 0xAE, 0xF1, 0xD0, 0xD6, 0x38, 0xD9, 0xAD, 0xF1,
    0xE1, 0x9B, 0x8C, 0x59, 0xFB, 0x5F, 0x05, 0xDE, 0xDB, 0xFD, 0x30, 0xB1, 0xA7, 0xCE, 0x03, 0x6E,
    0x70, 0xFB, 0xE8, 0x61, 0x88, 0x64, 0x93, 0x3E, 0x23, 0x66, 0xB4, 0x89, 0xD8, 0xA2, 0x4F, 0xCC,
    0x90, 0x29, 0x6D, 0xA4, 0x92, 0x44, 0x2E, 0x1B, 0xD3, 0xA3, 0xCD, 0x8C, 0x11, 0x7D, 0xBA, 0xAC,
    0x21, 0x11, 0x84, 0xBE, 0x5A, 0x0E, 0xD5, 0xA6, 0xA4, 0x1F, 0x31, 0xDA, 0x64, 0x36, 0xA0, 0xFD,
    0x2E, 0x91, 0x74, 0x8C, 0x72, 0x4C, 0xBC, 0xC6, 0xB0, 0xCB, 0x24, 0xA6, 0xDD, 0x46, 0x7E, 0xA0,
    0x65, 0xA8, 0x23, 0x99, 0xBA, 0xE2, 0x78, 0x99, 0xDE, 0x2A, 0xED, 0x16, 0xC7, 0x6E, 0xC5, 0x01,
    0x71, 0x44, 0x57, 0xB2, 0x16, 0x2A, 0x19, 0x28, 0x21, 0xA0, 0x6C, 0x74, 0xD2, 0xE8, 0x3E, 0x63,
    0x6B, 0x7E, 0xFE, 0x1B, 0xE3, 0x06, 0x73, 0x9D, 0x2C, 0x74, 0xDA, 0x68, 0xB9, 0xD0, 0xCA, 0xE9,
    0x82, 0xDC, 0xE7, 0xA7, 0x8F, 0x0E, 0x33, 0x5B, 0xB6, 0xF7, 0x77, 0x1A, 0x66, 0x91, 0x9A, 0xE0,
    0x18, 0xC7, 0xBB, 0x2C, 0xFB, 0xBC, 0x4A, 0x11, 0x15, 0x49, 0xD9, 0x88, 0x09, 0xF3, 0x3D, 0xEE,
    0x33, 0xCE, 0xC7, 0xD5, 0xB8, 0x18, 0x73, 0x00, 0xD0, 0x1F, 0x0F, 0x5A, 0xC0, 0x80, 0x32, 0x11,
    0xD5, 0x40, 0x94, 0x2D, 0xDA, 0x00, 0x0C, 0x84, 0x09, 0xD3, 0xC4, 0x2B, 0xA5, 0x76, 0xA4, 0xD4,
    0x2D, 0x94, 0x80, 0x41, 0x52, 0x17, 0x67, 0xE5, 0x21, 0x57, 0x09, 0xC0, 0xB8, 0x62, 0xE3, 0x4A,
    0x01, 0xAC, 0x59, 0xC8, 0x12, 0x6F, 0x13, 0x00, 0x5B, 0x68, 0x6A, 0xB9, 0x4E, 0x6D, 0x66, 0xB8,
    0x53, 0xCB, 0x75, 0x6A, 0x1B, 0xC8, 0x82, 0x0E, 0x30, 0x38, 0x66, 0x08, 0x1C, 0x74, 0x30, 0xC0,
    0x64, 0x55, 0xE4, 0x75, 0x58, 0xF6, 0x35, 0x60, 0x96, 0x43, 0xD5, 0x3C, 0x49, 0x9A, 0x5C, 0x67,
    0x2B, 0x8D, 0xF2, 0x61, 0x67, 0xF8, 0x4D, 0xF1, 0x0B, 0x33, 0x98, 0x7D, 0x55, 0x18, 0xD3, 0x93,
    0x5F, 0xFC, 0x45, 0x1F, 0x98, 0x18, 0xFF, 0xA9, 0x3E, 0x28, 0x3A, 0x04, 0x77, 0xF5, 0xD0, 0x05,
    0xE9, 0x37, 0xA1, 0xEB, 0x35, 0xB9, 0x58, 0xE4, 0x13, 0x17, 0x26, 0xFC, 0xDB, 0x7C, 0x5C, 0x8A,
    0x82, 0xB1, 0xDE, 0x2A, 0x58, 0xE0, 0xC2, 0x76, 0x80, 0xC1, 0x8C, 0x1E, 0x0D, 0x86, 0x5D, 0x0C,
    0x0D, 0x26, 0x6B, 0x62, 0xDE, 0x62, 0xDC, 0xD6, 0x16, 0xA3, 0x40, 0xCD, 0x47, 0x6B, 0x92, 0x45,
    0x5D, 0x77, 0x2B, 0x0D, 0x8B, 0xA0, 0x74, 0xBD, 0x71, 0x66, 0x92, 0x4A, 0x9E, 0xBA, 0xF9, 0x26,
    0x66, 0x3A, 0x8C, 0xBB, 0x12, 0x59, 0x7C, 0x91, 0xC7, 0x93, 0xB5, 0x38, 0x04, 0xEF, 0x49, 0x1E,
    0x1B, 0x37, 0x52, 0x04, 0xBF, 0x74, 0xA3, 0xE5, 0x38, 0x50, 0x48, 0x6F, 0xC1, 0xAD, 0x8A, 0x17,
    0x75, 0x8A, 0x98, 0x62, 0x78, 0xD0, 0x8D, 0x25, 0x4C, 0x79, 0x6E, 0xFA, 0xB3, 0xE8, 0x67, 0x60,
    0x48, 0xF2, 0xC8, 0x84, 0x27, 0x9C, 0x83, 0x11, 0x85, 0xAF, 0x03, 0xB5, 0xCC, 0x0A, 0xEB, 0x60,
    0x8E, 0x45, 0x61, 0xFC, 0x27, 0xB9, 0xFB, 0x75, 0x2C, 0x87, 0xAC, 0x2C, 0xB3, 0xFE, 0x1D, 0x30,
    0xD3, 0xD8, 0xB1, 0x53, 0x47, 0x9B, 0xE0, 0xEE, 0x13, 0x97, 0xF0, 0xD3, 0x95, 0xE5, 0xD0, 0xA5,
    0xDE, 0x61, 0x48, 0x1F, 0x49, 0xA8, 0x7C, 0x2D, 0x72, 0x76, 0x86, 0xEE, 0xB1, 0x8B, 0x74, 0xC4,
    0x07, 0xCA, 0x7F, 0xEA, 0x28, 0xC7, 0x39, 0x32, 0x76, 0xAC, 0xA3, 0x1B, 0xBE, 0x4E, 0x34, 0x99,
    0x3A, 0xB5, 0x03, 0x60, 0x10, 0x25, 0xFE, 0xAF, 0x09, 0x6E, 0xB1, 0xBC, 0xC4, 0xAA, 0x4F, 0xEC,
    0xA7, 0x07, 0x42, 0x93, 0xFA, 0x79, 0x98, 0x6E, 0x31, 0xA2, 0x24, 0x26, 0x22, 0xD4, 0x5E, 0x81,
    0x7A, 0x87, 0x4D, 0xA4, 0xF2, 0x73, 0x61, 0x38, 0x16, 0x26, 0xD0, 0x52, 0xF5, 0x69, 0xD1, 0xA0,
    0xCD, 0x94, 0x76, 0x4C, 0x85, 0x89, 0x98, 0xFA, 0x3A, 0xD0, 0x48, 0x25, 0x0C, 0x7D, 0x9A, 0x29,
    0x88, 0xFC, 0x9C, 0x76, 0xF0, 0x67, 0xD5, 0x9E, 0x89, 0x53, 0xAA, 0x19, 0x27, 0x54, 0xEB, 0xFE,
    0x33, 0xF6, 0xEA, 0xB7, 0x02, 0xF4, 0x85, 0x81, 0x92, 0x11, 0xAE, 0x2A, 0x42, 0xAA, 0xBD, 0x40,
    0xF7, 0xA9, 0x84, 0x59, 0xA7, 0x62, 0x0F, 0xDA, 0x30, 0xF0, 0xF3, 0x97, 0xDA, 0xF7, 0x75, 0xF7,
    0x9C, 0x76, 0x7C, 0xBD, 0xE2, 0xCD, 0x15, 0xA0, 0x29, 0x4E, 0x82, 0x62, 0x10, 0xE4, 0x2D, 0x14,
    0xF0, 0xBE, 0x55, 0xE3, 0x2F, 0xF3, 0x6F, 0xE7, 0xC6, 0xCB, 0xA7, 0x8D, 0x1A, 0xEF, 0xF7, 0xC6,
    0xFB, 0x4C, 0x7B, 0xCF, 0x10, 0x27, 0x08, 0x83, 0x28, 0x10, 0x39, 0x0D, 0xEA, 0x81, 0x6F, 0xF0,
    0x0C, 0x28, 0x6E, 0x1F, 0x1D, 0x7D, 0x92, 0x58, 0x5B, 0x00, 0xDC, 0x81, 0xED, 0x0D, 0x98, 0x48,
    0x3C, 0xED, 0xFF, 0xFD, 0x1E, 0xDC, 0x2B, 0xE1, 0xFB, 0x9F, 0xE2, 0x7D, 0x9D, 0x35, 0x07, 0xD0,
    0x81, 0x49, 0x5D, 0xC3, 0x1C, 0x7E, 0x4A, 0xA0, 0x08, 0xE1, 0x16, 0x74, 0xA0, 0x07, 0xFB, 0xD0,
    0xAC, 0xE3, 0x17, 0xF8, 0x13, 0xC2, 0x6D, 0x6E, 0x75, 0xE8, 0xDC, 0xA2, 0xB7, 0xC4, 0x7E, 0x00,
    0x10, 0xC3, 0x1B, 0x61, 0x27, 0x6E, 0x01, 0x3C, 0xBE, 0xFF, 0x18, 0x20, 0xB3, 0x67, 0x34, 0x8F,
    0x00, 0x88, 0x67, 0x0A, 0xC0, 0xFF, 0x4C, 0x03, 0xC8, 0xA7, 0x06, 0x20, 0xF8, 0x61, 0x0E, 0x7C,
    0x0F, 0xF8, 0x08, 0xFA, 0xC0, 0x10, 0xE2, 0x26, 0xD0, 0x01, 0x7A, 0xDC, 0xEF, 0xDC, 0xE3, 0xF9,
    0xF6, 0x6F, 0x33, 0x6B, 0xB1, 0xF6, 0x54, 0x64, 0x8A, 0x1B, 0xA7, 0x8A, 0x6F, 0x14, 0xE2, 0x9F,
    0x78, 0x7F, 0xD5, 0xF8, 0x9F, 0xA7, 0xC1, 0x13, 0x83, 0x7C, 0xE0, 0x8E, 0xDF, 0x05, 0x3F, 0x07,
    0x97, 0x5B, 0x5C, 0x53, 0xE0, 0xA7, 0x10, 0x02, 0x6B, 0x40, 0x0C, 0x4C, 0x81, 0x02, 0x3C, 0x0D,
    0x41, 0x0A, 0x12, 0xE8, 0x02, 0x3D, 0xC0, 0x80, 0xC8, 0xC1, 0xD7, 0xAF, 0x77, 0x1C, 0x00, 0xF5,
    0x9B, 0x36, 0xE6, 0x35, 0xF9, 0xAF, 0xDC, 0xD8, 0x8C, 0x4B, 0x2E, 0xC8, 0xB8, 0xBC, 0x94, 0x33,
    0x34, 0x78, 0xFF, 0x8C, 0xAC, 0x22, 0xB3, 0x7F, 0xB0, 0x96, 0x75, 0xEF, 0x2B, 0x15, 0x29, 0x30,
    0x84, 0x29, 0x18, 0x82, 0x74, 0x3E, 0xF6, 0x0A, 0x24, 0x84, 0x9A, 0xFB, 0x90, 0x20, 0x4A, 0xA8,
    0xF0, 0x73, 0x84, 0x4B, 0x2A, 0x44, 0x8E, 0x64, 0xEE, 0xCF, 0xA3, 0x69, 0xC2, 0x37, 0x6C, 0xA5,
    0xB5, 0x8F, 0x14, 0x38, 0x7D, 0xB9, 0xEA, 0x2C, 0xB3, 0xF9, 0x6C, 0xDD, 0x33, 0x33, 0x68, 0xEC,
    0xD8, 0xD9, 0xD0, 0x35, 0x0D, 0x09, 0xF5, 0x90, 0x84, 0x21, 0x15, 0x07, 0xC2, 0xB0, 0x2D, 0x72,
    0x1A, 0x3B, 0x37, 0xEF, 0xB1, 0x6F, 0x38, 0xA9, 0x0D, 0x45, 0x1B, 0x60, 0x70, 0xD3, 0xE6, 0x83,
    0xC8, 0x96, 0x83, 0x6F, 0x31, 0x1B, 0x40, 0xBF, 0x0F, 0xDD, 0xAE, 0x8B, 0xCE, 0x66, 0x5D, 0x3C,
    0xD3, 0x25, 0xD4, 0x1D, 0xB6, 0x58, 0x21, 0x76, 0x36, 0x74, 0x76, 0xC0, 0x02, 0x03, 0x46, 0x24,
    0x9C, 0xB8, 0x38, 0xA3, 0x45, 0xDB, 0xDD, 0xF7, 0xBB, 0x2A, 0xB1, 0x56, 0xBF, 0xB7, 0xFB, 0x93,
    0x14, 0x24, 0x2F, 0xFF, 0x36, 0x30, 0xCD, 0xE2, 0x04, 0x1A, 0xA4, 0x82, 0x4D, 0x20, 0x06, 0x2A,
    0x10, 0x06, 0x32, 0x5B, 0xF0, 0xC8, 0x9E, 0x32, 0xC9, 0x6C, 0x6D, 0xCA, 0x59, 0x7A, 0xC1, 0xD4,
    0x8B, 0xDC, 0x99, 0xB3, 0x8A, 0xC9, 0x23, 0xC5, 0x64, 0xC2, 0x95, 0xD6, 0xC0, 0xED, 0x29, 0x74,
    0x7B, 0xDA, 0xB2, 0x7F, 0xD4, 0x89, 0x7D, 0xAA, 0xC7, 0xCE, 0xB2, 0x0B, 0xE6, 0xB8, 0x26, 0x17,
    0xD9, 0x2F, 0xF5, 0x4D, 0x57, 0x3B, 0x6F, 0xC3, 0xDA, 0x8A, 0x7F, 0xD9, 0x33, 0x0A, 0x6B, 0x6B,
    0x53, 0xCE, 0xD2, 0x0B, 0x56, 0x73, 0x7C, 0x6D, 0x4F, 0x99, 0x7F, 0x80, 0x61, 0x04, 0x71, 0xAD,
    0xAA, 0xD7, 0x3A, 0xFB, 0xF8, 0x2C, 0x73, 0xED, 0xA7, 0x88, 0x67, 0xF5, 0x07, 0x48, 0x3E, 0x28,
    0x42, 0x91, 0x03, 0x1F, 0x71, 0xE2, 0x64, 0x9D, 0xD7, 0x31, 0x72, 0xD2, 0x67, 0x13, 0xE9, 0x84,
    0xCB, 0x3F, 0xF5, 0xFF, 0x0F, 0x2E, 0x7F, 0xBB, 0x5C, 0x6B, 0xBF, 0x70, 0xDD, 0xB2, 0x99, 0xAF,
    0x4F, 0x82, 0x74, 0x18, 0x82, 0x84, 0x2E, 0xC4, 0x30, 0x84, 0x09, 0x18, 0x5C, 0x89, 0xAF, 0x09,
    0x52, 0x42, 0x85, 0x84, 0x55, 0x88, 0x83, 0xB4, 0x17, 0xEA, 0x69, 0xA8, 0x01, 0xDE, 0x05, 0x08,
    0xEC, 0x73, 0x98, 0xC8, 0x1F, 0xDB, 0xBF, 0x79, 0x79, 0x07, 0x77, 0x14, 0xE9, 0x77, 0xE1, 0xE6,
    0x43, 0xB8, 0xB1, 0x83, 0xB0, 0xA7, 0xAE, 0x3B, 0x48, 0x57, 0xA1, 0xD8, 0x86, 0x6D, 0x97, 0x69,
    0x73, 0x13, 0x08, 0x9D, 0x86, 0x21, 0xC1, 0xE7, 0x5D, 0x84, 0x9D, 0xC2, 0xB8, 0x60, 0x6C, 0x6D,
    0x7E, 0x3B, 0xFB, 0x47, 0x4A, 0x66, 0xF0, 0xFE, 0x34, 0x22, 0xFC, 0x51, 0x84, 0x08, 0x6F, 0x40,
    0xC8, 0x2B, 0x94, 0x88, 0x0A, 0x0E, 0x39, 0x87, 0x36, 0xCC, 0x1A, 0x5D, 0xE7, 0x02, 0xF6, 0xA0,
    0x82, 0x12, 0x76, 0xA8, 0xAF, 0x6B, 0x51, 0x98, 0xFA, 0xAE, 0xFC, 0x5D, 0x5E, 0x04, 0x77, 0x1F,
    0xD4, 0xB7, 0x65, 0xE0, 0xAB, 0x95, 0x5B, 0x2F, 0xEE, 0xCB, 0x77, 0x5E, 0x2D, 0x40, 0xB3, 0x04,
    0x1C, 0x72, 0x29, 0xDA, 0x80, 0x9A, 0x81, 0x67, 0x1A, 0xB7, 0x0E, 0x7C, 0xC2, 0xA5, 0xD8, 0x03,
    0xA8, 0x16, 0x93, 0xB2, 0xF3, 0xEA, 0x50, 0x44, 0xDD, 0x2B, 0xCA, 0x0D, 0xE0, 0xF0, 0xAA, 0xDE,
    0xC6, 0xED, 0x70, 0x29, 0x9A, 0xC5, 0x5F, 0xED, 0xA5, 0xD9, 0x1A, 0xA3, 0xD9, 0x88, 0x73, 0xE8,
    0xD5, 0x8F, 0x4B, 0x40, 0xA4, 0x40, 0x3A, 0x13, 0xBC, 0x81, 0x0D, 0x84, 0x9B, 0xC6, 0x37, 0x33,
    0x9A, 0x49, 0x14, 0x17, 0x71, 0xBE, 0x9F, 0x97, 0x27, 0x1F, 0xCF, 0x9D, 0x5F, 0xC4, 0xA1, 0xF6,
    0x4D, 0x2C, 0xB5, 0x97, 0xC7, 0x81, 0x82, 0xF8, 0x7C, 0x36, 0xA9, 0xFF, 0x1F, 0x69, 0xDC, 0x85,
    0x84, 0x48, 0xE3, 0x9B, 0x75, 0xAF, 0x4C, 0x1B, 0x87, 0x8A, 0xC5, 0x22, 0xBB, 0x0E, 0xAD, 0x24,
    0xE9, 0x42, 0xF3, 0x9D, 0x79, 0x1E, 0x5A, 0x97, 0x3A, 0xB2, 0x62, 0x89, 0x5A, 0xAE, 0xF5, 0xF5,
    0xD7, 0xE8, 0x3B, 0xB5, 0x5C, 0xA7, 0x36, 0x2B, 0x12, 0x1D, 0x29, 0xC9, 0x12, 0x57, 0xD7, 0xDE,
    0x40, 0xB2, 0x95, 0x26, 0x3A, 0x2B, 0xAE, 0xAE, 0x95, 0xFC, 0x40, 0x1F, 0x1E, 0xDE, 0x4E, 0xAF,
    0x33, 0xEF, 0x63, 0xAE, 0xFB, 0xB3, 0xFD, 0x07, 0xED, 0x92, 0x01, 0x64, 0x5B, 0x41, 0x18, 0x80,
    0xBF, 0xF7, 0xD2, 0xBD, 0x67, 0x39, 0xBB, 0x2B, 0xD6, 0x19, 0x4D, 0xF2, 0x06, 0xD8, 0xB2, 0x97,
    0x16, 0x1E, 0xAE, 0x73, 0x4B, 0x6E, 0x00, 0x40, 0x54, 0x81, 0xD9, 0x5A, 0x0C, 0x20, 0x14, 0x1D,
    0x63, 0x6B, 0x1B, 0x00, 0x40, 0x80, 0x61, 0x50, 0x0C, 0xBA, 0xB1, 0xDE, 0x2A, 0x18, 0x6D, 0xDA,
    0x07, 0x00, 0x28, 0x00, 0xE0, 0x21, 0x30, 0x20, 0x80, 0x87, 0xA4, 0x59, 0x5F, 0x9A, 0xD9, 0xA6,
    0xD8, 0x00, 0xB0, 0xFF, 0xFB, 0xEE, 0xEE, 0xCE, 0xF1, 0xFB, 0xDD, 0x7F, 0x58, 0x54, 0x4E, 0xB3,
    0x83, 0x56, 0xEC, 0x08, 0xFA, 0x85, 0xC5, 0xE6, 0x8D, 0xC2, 0xD4, 0x88, 0xC6, 0x04, 0x19, 0xB8,
    0x45, 0xDC, 0x75, 0x1C, 0x00, 0xBC, 0x83, 0x31, 0xFE, 0x98, 0xD0, 0x20, 0x0D, 0xC6, 0xF0, 0x7A,
    0x97, 0xE9, 0xB4, 0x8B, 0xA1, 0xF0, 0x21, 0xB0, 0x3A, 0x69, 0x6C, 0x68, 0x34, 0xAD, 0x7C, 0x69,
    0x0F, 0x55, 0xB0, 0x37, 0x58, 0xCE, 0xB8, 0x4B, 0x38, 0x21, 0xB2, 0x18, 0x48, 0x2C, 0x6F, 0x27,
    0xEC, 0x46, 0xEC, 0x84, 0x57, 0x5A, 0xA3, 0x88, 0xCE, 0x08, 0x86, 0x00, 0xFB, 0x53, 0x96, 0x36,
    0xA1, 0x0A, 0x06, 0x34, 0x38, 0xC8, 0xF0, 0x53, 0x4A, 0x29, 0xC2, 0x52, 0x06, 0x2C, 0x6A, 0xCC,
    0xD3, 0x1A, 0x5A, 0x15, 0xB3, 0xCA, 0x8B, 0xA3, 0x89, 0xE6, 0x65, 0x37, 0x67, 0x79, 0x3C, 0x4B,
    0x94, 0x63, 0x6A, 0x6C, 0x0B, 0x9C, 0x60, 0x47, 0xD1, 0x3C, 0xA7, 0xFC, 0x01, 0x14, 0x34, 0xA8,
    0xE7, 0x44, 0x3D, 0xB0, 0x5E, 0xEA, 0xA5, 0xF5, 0xEF, 0xAD, 0x49, 0xB1, 0x62, 0xEB, 0x87, 0xAD,
    0x49, 0xEB, 0x72, 0x69, 0x03, 0x5A, 0x97, 0x10, 0x20, 0x89, 0xD1, 0x24, 0x6C, 0xCF, 0x49, 0xD0,
    0xC4, 0x48, 0x02, 0xB6, 0xD0, 0x54, 0x90, 0x28, 0x04, 0xE1, 0x15, 0x02, 0x81, 0xA4, 0x82, 0x66,
    0x0B, 0xDA, 0x47, 0xE3, 0xBE, 0x74, 0xE5, 0x9F, 0x1C, 0x94, 0xFF, 0xE9, 0x8D, 0xF1, 0x47, 0x6A,
    0x64, 0x1C, 0xA3, 0x3F, 0xD8, 0xF2, 0xEC, 0x6A, 0xAE, 0x1B, 0xC8, 0x59, 0x31, 0x7D, 0xFF, 0x42,
    0xD8, 0x06, 0xFB, 0x97, 0xF5, 0x43, 0xCF, 0xB2, 0x9A, 0x93, 0xAC, 0x80, 0x84, 0x2A, 0xE5, 0x1C,
    0x31, 0x06, 0x35, 0xF7, 0x6C, 0xC0, 0xE3, 0x8C, 0xBF, 0xF5, 0xEA, 0x7F, 0xAF, 0x82, 0xE1, 0xED,
    0x17, 0x08, 0x6F, 0xB3, 0x76, 0x94, 0x88, 0x44, 0x35, 0x4F, 0x82, 0x67, 0xFE, 0x10, 0xF9, 0x12,
    0x1D, 0xB2, 0xF6, 0xDC, 0x36, 0x3F, 0xA1, 0x21, 0x06, 0xF5, 0x19, 0xEF, 0x23, 0x7E, 0x8E, 0xDC,
    0xC4, 0x94, 0xBA, 0x89, 0x9F, 0x5E, 0xA9, 0xFD, 0x34, 0x2E, 0x75, 0xD5, 0x97, 0xE2, 0xEA, 0x41,
    0x40, 0x5C, 0x45, 0x6A, 0x4A, 0x19, 0xA5, 0x0B, 0x42, 0x47, 0x35, 0x46, 0x4B, 0x16, 0x3D, 0x96,
    0x33, 0x1E, 0x75, 0x40, 0x40, 0x48, 0x6B, 0x6A, 0x93, 0x10, 0x2D, 0xA8, 0x9D, 0xE2, 0xF5, 0x70,
    0x33, 0x8E, 0x87, 0x83, 0x8E, 0xFB, 0xED, 0xBF, 0xB4, 0x6F, 0x39, 0x66, 0xDC, 0x77, 0xEE, 0x38,
    0x3D, 0xE1, 0xDC, 0x1E, 0xA7, 0xCE, 0x39, 0xD3, 0x5E, 0x70, 0xBF, 0xA2, 0xBD, 0x9E, 0x0D, 0x18,
    0xEC, 0xBF, 0xEF, 0x3A, 0xE9, 0xA7, 0xEE, 0xCE, 0xCD, 0xD1, 0x5E, 0xC0, 0xAE, 0xDF, 0xC8, 0xBC,
    0x9E, 0x31, 0xE8, 0xE0, 0x14, 0x2E, 0x9C, 0x29, 0xE8, 0x4B, 0xCE, 0x4E, 0xF9, 0x5A, 0x14, 0x33,
    0x57, 0x0C, 0xD7, 0x5E, 0x25, 0xAC, 0x10, 0x8C, 0x30, 0x54, 0x9E, 0x7C, 0xBB, 0x67, 0x17, 0xA8,
    0xB0, 0xD7, 0xEB, 0xD8, 0x98, 0x6B, 0x2A, 0xA8, 0x9E, 0xD7, 0xFD, 0x01, 0x95, 0xD2, 0x01, 0x84,
    0x24, 0xD9, 0x19, 0xC0, 0xF1, 0x7F, 0x55, 0xED, 0x6C, 0xE1, 0x49, 0xBF, 0x60, 0xE5, 0x30, 0x99,
    0x2D, 0x38, 0x48, 0x32, 0x3B, 0x15, 0x2C, 0x26, 0x54, 0x77, 0x3F, 0x56, 0x72, 0x38, 0x72, 0x43,
    0xF6, 0x1C, 0x40, 0x10, 0xC8, 0x06, 0xB3, 0x18, 0xB2, 0xA4, 0x76, 0xBB, 0x6E, 0x83, 0xE0, 0x70,
    0x13, 0x2C, 0x80, 0x2C, 0x82, 0xCD, 0xAD, 0x98, 0xC6, 0x86, 0x4A, 0xB2, 0x3B, 0xFD, 0x2E, 0x1B,
    0x0E, 0xC8, 0xD5, 0x85, 0x75, 0x64, 0xC9, 0x56, 0xB8, 0x58, 0x66, 0x31, 0x8F, 0xF4, 0xD1, 0xB3,
    0xE9, 0xEE, 0x2F, 0x5F, 0x6D, 0x27, 0x3B, 0x24, 0xEB, 0x48, 0x4F, 0xFD, 0xFE, 0xF5, 0xBD, 0x57,
    0x55, 0xE0, 0x0D, 0x40, 0x24, 0x0D, 0xE6, 0x99, 0x27, 0x03, 0xB6, 0x54, 0x5F, 0x15, 0xD1, 0xDB,
    0xAE, 0x48, 0xA4, 0x29, 0x12, 0x4F, 0x5F, 0xE5, 0xCA, 0x7E, 0xFA, 0xC8, 0xC5, 0x22, 0x9E, 0xD7,
    0x1E, 0x39, 0x74, 0x7D, 0xEA, 0xA8, 0x42, 0xDF, 0xC5, 0xF4, 0xA0, 0xF7, 0x25, 0xC8, 0x97, 0xE8,
    0x7B, 0x95, 0x9D, 0x0F, 0xC8, 0x37, 0xB7, 0xE9, 0x6F, 0x5F, 0xA4, 0xDC, 0xBE, 0x4A, 0xBD, 0x37,
    0xA6, 0xBE, 0xDA, 0x72, 0x6F, 0xDC, 0x52, 0xB7, 0x0D, 0xE5, 0xDF, 0x3C, 0xFD, 0x3F, 0x7B, 0x86,
    0x0F, 0x2B, 0x32, 0x95, 0xCA, 0x31, 0x89, 0x08, 0xE9, 0x9B, 0x90, 0xF6, 0x60, 0x6D, 0x0D, 0x00,
    0x18, 0x2D, 0xE8, 0xF6, 0x4D, 0xB3, 0x46, 0x06, 0x0C, 0x54, 0xA1, 0x4A, 0x55, 0xF7, 0x46, 0xD4,
    0x56, 0x94, 0x57, 0x50, 0xAA, 0x42, 0xF5, 0x55, 0xAE, 0xEC, 0x13, 0x48, 0xE4, 0x10, 0x26, 0x0B,
    0x00, 0x8C, 0x88, 0xD5, 0xCB, 0xF1, 0xDF, 0xD7, 0xD1, 0xAF, 0xAC, 0x2C, 0xEC, 0xAD, 0xCB, 0xAB,
    0xA5, 0x08, 0x13, 0x39, 0x7D, 0x0A, 0x40, 0xB6, 0x44, 0x37, 0x2B, 0xA6, 0x11, 0x51, 0x0B, 0xF1,
    0x29, 0x86, 0x32, 0xE3, 0x1B, 0xCF, 0x7F, 0xD9, 0xCD, 0xBC, 0xF6, 0xF7, 0x9D, 0x6E, 0xDD, 0xDD,
    0x49, 0x1A, 0x48, 0x3C, 0x58, 0x87, 0xEE, 0x49, 0xD3, 0x01, 0xBE, 0xAF, 0x68, 0x55, 0xD4, 0xB0,
    0x73, 0xE5, 0xD2, 0x5F, 0xDC, 0x3F, 0xE4, 0xA9, 0x04, 0xF9, 0x8E, 0xFC, 0x7C, 0x3E, 0xE7, 0x90,
    0x62, 0x46, 0x49, 0x7F, 0xBA, 0xCA, 0xFD, 0x2E, 0x73, 0x4D, 0xDC, 0x25, 0xE9, 0x62, 0xBA, 0xBD,
    0x5E, 0xA9, 0xD9, 0xEC, 0x52, 0x68, 0xD8, 0x03, 0x08, 0x8A, 0x46, 0x19, 0x6F, 0xB0, 0x8D, 0xC5,
    0xB6, 0x2A, 0xA8, 0x7B, 0xAA, 0xB0, 0x1C, 0x1C, 0x1E, 0xDC, 0x9E, 0x88, 0x04, 0x6B, 0x75, 0x6D,
    0xDE, 0x42, 0x74, 0xDE, 0xBD, 0x7B, 0x7C, 0xDB, 0xC6, 0x4F, 0xB0, 0xC8, 0x0A, 0x23, 0x35, 0x54,
    0x39, 0xC3, 0x13, 0x60, 0x28, 0x1E, 0x8A, 0x34, 0x68, 0xA2, 0xA9, 0x86, 0x2E, 0xD4, 0x17, 0xBB,
    0x69, 0x4F, 0x13, 0x7E, 0xEB, 0x8A, 0xF4, 0xA9, 0xF8, 0xA1, 0x7C, 0x78, 0xE2, 0x86, 0x0B, 0xEE,
    0x51, 0xF0, 0xCA, 0xD4, 0x5D, 0x6E, 0xEC, 0x6B, 0xF2, 0x16, 0x00, 0xF9, 0xAC, 0x8B, 0x00, 0x21,
    0xAB, 0x34, 0xA9, 0xD7, 0x24, 0xFE, 0x8A, 0x0B, 0xC9, 0x1F, 0xA4, 0x0D, 0xC9, 0x47, 0x9F, 0x54,
    0xC1, 0xBC, 0x57, 0xF1, 0xF9, 0xAE, 0xA9, 0x90, 0x45, 0xD2, 0xF2, 0x7C, 0x16, 0x2F, 0x08, 0x05,
    0xA3, 0x2A, 0x6C, 0x61, 0x9A, 0x90, 0x11, 0x87, 0x60, 0x5D, 0x14, 0x42, 0xFA, 0xC7, 0x58, 0xBF,
    0x78, 0x7C, 0xB7, 0x09, 0xF1, 0x53, 0x71, 0x00, 0xEC, 0xC5, 0xAD, 0xE1, 0x5A, 0x12, 0x2C, 0xC5,
    0x8B, 0xA4, 0xE3, 0x1E, 0x85, 0xD9, 0x3B, 0xCF, 0x05, 0xB3, 0x7D, 0x81, 0x0D, 0xBB, 0xBD, 0xC9,
    0xF9, 0x5E, 0x51, 0x30, 0x11, 0x11, 0x77, 0x30, 0x99, 0x2C, 0x9D, 0xDD, 0xDC, 0xD8, 0xC6, 0x14,
    0xBD, 0x3D, 0xD2, 0xB2, 0x77, 0x95, 0xA4, 0x36, 0x63, 0x92, 0xA9, 0x09, 0x24, 0x21, 0x0D, 0xC4,
    0x21, 0x69, 0xBB, 0x34, 0x74, 0xAF, 0x8A, 0xB4, 0x36, 0x44, 0x53, 0x1B, 0x28, 0x6D, 0xF8, 0x72,
    0x61, 0xC3, 0xB5, 0x4E, 0xFF, 0x0B, 0x9C, 0x53, 0x6C, 0xA9, 0x32, 0xDC, 0xB8, 0x3B, 0x0D, 0x23,
    0xD9, 0x07, 0xEB, 0x3A, 0x0C, 0x25, 0x74, 0xBA, 0x99, 0x1F, 0x5A, 0x97, 0xCA, 0x13, 0x97, 0xDD,
    0x12, 0x37, 0x60, 0xE8, 0x4A, 0x32, 0x65, 0x5D, 0xCD, 0xA9, 0x52, 0x15, 0xBA, 0x3F, 0xD4, 0xE7,
    0xF6, 0x48, 0x5C, 0x2C, 0xEF, 0x39, 0x00, 0x00, 0x2B, 0xE2, 0x3B, 0x00, 0xA4, 0x52, 0x31, 0x94,
    0x96, 0x05, 0x55, 0x14, 0x78, 0xF9, 0xFF, 0xB8, 0xFE, 0xE8, 0x32, 0x23, 0x99, 0xB3, 0x7E, 0x6B,
    0x07, 0x53, 0xA1, 0x73, 0xA0, 0x93, 0xFA, 0xD5, 0x3B, 0x71, 0x00, 0xE6, 0x6A, 0x78, 0xDC, 0x60,
    0xC4, 0x03, 0xA4, 0x55, 0xDC, 0xA6, 0x55, 0xEA, 0xD3, 0x2A, 0xD3, 0xB9, 0xAF, 0x66, 0xA4, 0x37,
    0x5B, 0xD2, 0x9F, 0x79, 0xD2, 0x5F, 0xC0, 0x44, 0xC4, 0xEF, 0xCA, 0x51, 0x95, 0x7E, 0xEA, 0x57,
    0xFB, 0xD5, 0x54, 0x95, 0x2A, 0x57, 0xB6, 0x5A, 0x7D, 0x1B, 0x87, 0x91, 0x48, 0xAB, 0xEF, 0x06,
    0xAC, 0x63, 0xE5, 0xDB, 0x6A, 0x57, 0xCD, 0x54, 0x03, 0x23, 0x47, 0x22, 0x6F, 0x61, 0xDE, 0x7F,
    0x00, 0x36, 0x40, 0x5E, 0x11, 0x89, 0x23, 0x7D, 0xE2, 0x88, 0x5F, 0x7E, 0xA3, 0x00, 0x58, 0x97,
    0x7D, 0x60, 0x28, 0x73, 0xE0, 0x1C, 0x23, 0x80, 0x1D, 0xEB, 0x81, 0xEE, 0x98, 0xB4, 0x71, 0x0B,
    0x51, 0x1B, 0x05, 0x88, 0xBB, 0x92, 0x34, 0x2F, 0xEA, 0xA3, 0x10, 0x91, 0xFA, 0xB8, 0x1D, 0x85,
    0xB4, 0x4A, 0x9A, 0x93, 0xB9, 0x71, 0xE6, 0x61, 0xDB, 0xB7, 0xCE, 0x5E, 0xF2, 0x7D, 0xCB, 0x8D,
    0xD4, 0x17, 0xD9, 0xD9, 0xB9, 0xA9, 0xEE, 0xE7, 0xD2, 0xDA, 0x67, 0xD3, 0xFC, 0x04, 0x3B, 0x69,
    0x00, 0xAB, 0xE0, 0xBC, 0x82, 0x0B, 0x0A, 0xFA, 0x0A, 0x0A, 0x05, 0xA5, 0x02, 0x88, 0x97, 0x90,
    0x1E, 0x3B, 0xEC, 0x1B, 0x15, 0x36, 0xF1, 0x2B, 0x69, 0x85, 0x79, 0xD3, 0x91, 0xBE, 0x0F, 0xC9,
    0x5F, 0xD5, 0x1C, 0xA2, 0x19, 0x10, 0x88, 0x6F, 0xCE, 0x48, 0x1F, 0xCE, 0xB1, 0xC7, 0x17, 0x38,
    0x7F, 0x98, 0x51, 0x14, 0x96, 0x6B, 0xAF, 0x1B, 0x07, 0x69, 0x05, 0x89, 0x5F, 0xD1, 0x39, 0x16,
    0x47, 0xBC, 0x20, 0x95, 0x7D, 0x8C, 0xCC, 0x30, 0xD5, 0x0D, 0x3D, 0xC1, 0xDD, 0x1D, 0x11, 0x09,
    0xA6, 0xB2, 0xCE, 0x54, 0xC6, 0x1D, 0x1C, 0x1D, 0xB4, 0xBB, 0x47, 0x93, 0xDB, 0xA6, 0x1A, 0x60,
    0x9E, 0xCD, 0x31, 0xD2, 0x60, 0x2A, 0x5E, 0x09, 0xC6, 0xB0, 0x2E, 0x9F, 0x21, 0x32, 0x4F, 0x66,
    0xE3, 0x1F, 0x58, 0x3F, 0x26, 0x67, 0xCC, 0x40, 0x15, 0xAA, 0xA4, 0xF3, 0x9B, 0xCB, 0x25, 0x93,
    0x45, 0xC9, 0xEF, 0x1E, 0xE8, 0xBA, 0xDF, 0x57, 0xB9, 0xB2, 0xD5, 0xB8, 0x9F, 0x4E, 0xC7, 0xFD,
    0x48, 0xFE, 0xB9, 0x20, 0x97, 0x19, 0x8C, 0xA1, 0x63, 0x3C, 0x58, 0x95, 0xB5, 0x30, 0x08, 0x50,
    0x4C, 0xA1, 0xAE, 0x61, 0x56, 0x22, 0x22, 0xF3, 0x77, 0x3E, 0xDF, 0xBD, 0x9C, 0x34, 0x96, 0x1F,
    0x1D, 0x1D, 0xDC, 0xE9, 0xD6, 0xD6, 0x25, 0x4D, 0x46, 0xD2, 0x6E, 0x11, 0x85, 0x02, 0xA6, 0x25,
    0xD4, 0x33, 0x28, 0x01, 0x62, 0x99, 0x62, 0x65, 0xC9, 0x59, 0x72, 0xE0, 0xF4, 0xE8, 0x27, 0x22,
    0xCD, 0x95, 0xBB, 0xCB, 0x7D, 0xB2, 0x96, 0x78, 0x09, 0xDD, 0xBA, 0xB3, 0x05, 0xF4, 0x55, 0x77,
    0xCF, 0x5C, 0xE4, 0xEC, 0x52, 0x5C, 0x2C, 0x4B, 0x00, 0xA0, 0x85, 0x4C, 0xF6, 0x23, 0x91, 0x90,
    0x4E, 0xDB, 0x7D, 0xEB, 0x5B, 0x72, 0x5A, 0x06, 0xAA, 0x50, 0xE5, 0x2B, 0xF4, 0x55, 0xAE, 0xB2,
    0xAA, 0xC5, 0xB4, 0x2D, 0xB1, 0x48, 0xC3, 0xAE, 0x78, 0x68, 0xE9, 0x44, 0xEE, 0x1C, 0x49, 0xB5,
    0xAD, 0xAE, 0x61, 0x1E, 0x3D, 0xD8, 0x19, 0x89, 0x4C, 0xD7, 0x1F, 0x9D, 0xEC, 0x98, 0xAA, 0xE6,
    0x8B, 0xDD, 0x57, 0xC3, 0x3B, 0xA6, 0xCA, 0x66, 0x9C, 0xFE, 0x46, 0x27, 0x10, 0x8B, 0x38, 0x4C,
    0x73, 0x16, 0xAC, 0x43, 0xA3, 0x56, 0x93, 0xF1, 0x40, 0x32, 0x03, 0x90, 0x06, 0x58, 0x9F, 0x03,
    0x4C, 0x14, 0xB6, 0xFA, 0xDA, 0x85, 0xF3, 0xA9, 0xFF, 0xC9, 0xE3, 0xA7, 0x3F, 0xF5, 0x3F, 0xBE,
    0xF4, 0xE1, 0x47, 0x7E, 0x98, 0xBC, 0xFB, 0xB1, 0xB3, 0x4F, 0x6F, 0x2E, 0x49, 0x26, 0x7A, 0xBA,
    0x49, 0x72, 0xD3, 0x6B, 0xDE, 0xF5, 0x8C, 0x44, 0xFC, 0x44, 0x01, 0x00, 0x74, 0x73, 0x87, 0x0C,
    0xFE, 0x1F, 0x43, 0x59, 0x0C, 0x65, 0xCE, 0x75, 0xC8, 0xF9, 0xFA, 0xC1, 0x1D, 0x5D, 0x92, 0xC1,
    0x80, 0xAF, 0xCC, 0x19, 0xB6, 0x6C, 0x81, 0x75, 0xA4, 0x9E, 0xA4, 0x25, 0x0A, 0x50, 0x43, 0x1F,
    0x72, 0xE2, 0x06, 0x92, 0x17, 0x5E, 0x27, 0x79, 0x3C, 0x25, 0x11, 0xC7, 0xA8, 0x85, 0xDF, 0x7F,
    0x72, 0x8F, 0xE4, 0xB8, 0xC5, 0x9C, 0xC0, 0xA8, 0x89, 0x9A, 0xEF, 0x35, 0x71, 0x93, 0xAC, 0xFE,
    0x7C, 0xD2, 0x18, 0x95, 0xB9, 0xA4, 0xB9, 0x41, 0x22, 0x33, 0x55, 0xF1, 0xF2, 0x97, 0x35, 0xC0,
    0xB7, 0xA6, 0xC0, 0xB8, 0xF8, 0x4F, 0xAE, 0x5F, 0x7F, 0x7B, 0x87, 0x5C, 0x44, 0xAA, 0xB5, 0xC3,
    0x0F, 0xEE, 0x06, 0x0A, 0xB8, 0xD6, 0x65, 0x93, 0xE2, 0xE2, 0x37, 0xBF, 0x4A, 0x7F, 0x31, 0xDF,
    0x24, 0xFF, 0xF8, 0x49, 0x4D, 0x9E, 0xC4, 0x2D, 0x87, 0x40, 0x7C, 0x0C, 0xF0, 0x86, 0x07, 0xE2,
    0xE5, 0x03, 0x60, 0x34, 0x07, 0x00, 0x08, 0xBC, 0x3A, 0x67, 0x4F, 0x20, 0x12, 0x99, 0x62, 0x4E,
    0x9E, 0x2F, 0xC9, 0xAA, 0x90, 0xBB, 0x01, 0xC1, 0xF8, 0x82, 0x90, 0xF8, 0x52, 0xD3, 0x68, 0xE2,
    0xB6, 0x5E, 0x85, 0xFF, 0x49, 0xAA, 0xA7, 0x62, 0x44, 0x30, 0x55, 0xE6, 0x4D, 0x95, 0x36, 0xA6,
    0x4A, 0xDA, 0x7F, 0xD3, 0x39, 0xF5, 0xA6, 0xD9, 0xAD, 0x44, 0x96, 0x4C, 0x96, 0xFB, 0x98, 0x0A,
    0x3A, 0x22, 0x9E, 0xDD, 0x23, 0xD7, 0xCD, 0x2F, 0xC1, 0x19, 0xD5, 0xDB, 0x00, 0xEC, 0xAF, 0x81,
    0x89, 0x78, 0x12, 0xC9, 0xA6, 0xD8, 0x3F, 0x6D, 0x94, 0x64, 0xBD, 0x8D, 0x9C, 0x41, 0x6F, 0xC3,
    0x52, 0x68, 0x5C, 0xD9, 0xDB, 0x30, 0xD5, 0x2A, 0x67, 0xCE, 0x44, 0x14, 0x00, 0x7D, 0xC5, 0x96,
    0xC2, 0x2A, 0x52, 0x0F, 0x44, 0x53, 0xC0, 0x88, 0x2C, 0xB1, 0x5D, 0xA2, 0x35, 0xD2, 0xEF, 0x76,
    0xD7, 0x48, 0x98, 0x48, 0x5B, 0x9F, 0x9D, 0xD6, 0xCC, 0x6B, 0xCA, 0x9A, 0xFB, 0x35, 0xD3, 0x07,
    0xEF, 0x84, 0x89, 0x54, 0x87, 0x07, 0xA1, 0xDB, 0xA4, 0xA8, 0xE9, 0xEB, 0xD5, 0x3D, 0x8D, 0xE6,
    0x13, 0xE9, 0x1E, 0xAD, 0xBE, 0x8D, 0xD6, 0xE0, 0x8A, 0x4B, 0x25, 0x64, 0xB7, 0xF6, 0x07, 0x50,
    0x42, 0x0D, 0x33, 0x98, 0x76, 0x43, 0x77, 0x95, 0x30, 0x04, 0x7B, 0x14, 0x62, 0x69, 0x01, 0x40,
    0x3F, 0xBF, 0xF2, 0xC1, 0xED, 0x7F, 0x01, 0x5B, 0xB5, 0x6A, 0xD5, 0xFF, 0xFF, 0xFF, 0x19, 0x18,
    0x18, 0x00, 0xAD, 0x90, 0x81, 0x46, 0x44, 0x41, 0x14, 0x86, 0xFF, 0x33, 0x43, 0x17, 0x17, 0x01,
    0x16, 0xB0, 0x4F, 0xB0, 0xDD, 0x27, 0x48, 0x53, 0x10, 0x40, 0xE8, 0x75, 0xDA, 0xFB, 0x2A, 0x01,
    0x10, 0x82, 0x10, 0x52, 0x47, 0x4F, 0x30, 0xC5, 0x5A, 0x80, 0x03, 0x8B, 0x40, 0x63, 0x1B, 0x14,
    0xED, 0x9D, 0xCE, 0xCC, 0xA8, 0x0B, 0xC8, 0xD6, 0x9E, 0xE3, 0x7E, 0x77, 0x9C, 0x39, 0xFE, 0xDF,
    0xFC, 0x28, 0xD5, 0xFB, 0x2E, 0xD0, 0xE0, 0x87, 0x60, 0x3D, 0x05, 0x58, 0x36, 0x82, 0x26, 0xA3,
    0x5D, 0xD8, 0x95, 0x7B, 0x48, 0x7D, 0xE2, 0xC9, 0x62, 0xB2, 0x72, 0x65, 0xB6, 0x3D, 0xAA, 0xC5,
    0x13, 0x68, 0x58, 0xB2, 0xF5, 0x0D, 0x5B, 0x26, 0xBD, 0x80, 0xAA, 0x93, 0x8A, 0x9F, 0xAA, 0x76,
    0xC3, 0xDB, 0x74, 0xD5, 0x5B, 0xF2, 0xA8, 0x57, 0xE7, 0xAD, 0xEA, 0xFC, 0x59, 0xAF, 0x86, 0xE0,
    0x72, 0x0A, 0x6F, 0x92, 0x63, 0x30, 0x52, 0x72, 0xA8, 0x8F, 0x2E, 0x49, 0x1C, 0x97, 0x28, 0x1E,
    0x25, 0x67, 0x71, 0x22, 0x79, 0x6E, 0xFE, 0xC5, 0xD1, 0x77, 0x2D, 0xD9, 0x77, 0xFD, 0xE3, 0x3B,
    0xEE, 0xA8, 0xAF, 0x7A, 0xED, 0xDE, 0xB7, 0x4D, 0x0E, 0x47, 0xAF, 0x82, 0x3B, 0x0A, 0x88, 0xDF,
    0x4D, 0x1F, 0x67, 0xB1, 0x4D, 0xA1, 0xFC, 0xF1, 0x5B, 0xBF, 0xEB, 0xD7, 0x5F, 0x46, 0x74, 0x11,
    0x63, 0xF5, 0x02, 0x50, 0xFA, 0x04, 0xAC, 0x3F, 0x54, 0xF0, 0xAC, 0x82, 0xAE, 0x78, 0x7E, 0xDE,
    0xA5, 0xE7, 0xB4, 0xB9, 0xD8, 0xD3, 0xD3, 0x0D, 0x30, 0xC3, 0x6D, 0xC6, 0x3C, 0x63, 0x1A, 0x15,
    0x26, 0x39, 0x5D, 0x9E, 0x7A, 0x85, 0x11, 0x05, 0x85, 0x03, 0x38, 0x23, 0x1D, 0xEE, 0xAF, 0x79,
    0xFF, 0xA5, 0x1F, 0xD0, 0x6C, 0x90, 0xEB, 0x0B, 0x14, 0x8C, 0x81, 0x05, 0x43, 0x51, 0x0C, 0x45,
    0xA3, 0x01, 0x14, 0x19, 0xA0, 0xBB, 0x34, 0xED, 0x64, 0x5F, 0x27, 0xFB, 0xE9, 0x06, 0x6F, 0x84,
    0x8E, 0x10, 0x78, 0x3C, 0xF5, 0xF4, 0x34, 0xB9, 0xE2, 0xE0, 0x5E, 0x39, 0x22, 0x2A, 0x1D, 0x8B,
    0xA6, 0x67, 0x93, 0x5D, 0x50, 0xE8, 0xFA, 0x71, 0xAD, 0xE1, 0x2E, 0x97, 0x1A, 0xB8, 0x3D, 0x77,
    0xD7, 0x6F, 0xC4, 0xE0, 0x45, 0x38, 0x3F, 0x25, 0x4F, 0x96, 0xB1, 0x9C, 0xAC, 0x33, 0x3E, 0x27,
    0xA1, 0xCC, 0x7E, 0x86, 0x16, 0xF9, 0x24, 0xCB, 0x33, 0x8E, 0x28, 0xE7, 0x38, 0xA4, 0xF2, 0xDD,
    0xFF, 0x41, 0xEC, 0x42, 0xD8, 0xCB, 0x04, 0xC4, 0x00,
};

static const EpdGlyph notosans_12_regularGlyphs[] = {
    { 0, 0, 0, 0, 0, 0, 0 }, // U+0000
    { 0, 0, 104, 0, 0, 0, 0 }, // U+000D
    { 0, 0, 104, 0, 0, 0, 0 }, // U+0020
    { 4, 19, 108, 1, 18, 19, 0 }, // !
    { 8, 7, 163, 1, 18, 14, 19 }, // "
    { 16, 18, 258, 0, 18, 72, 33 }, // #
    { 12, 21, 229, 1, 19, 63, 105 }, // $
    { 19, 20, 332, 1, 19, 95, 168 }, // %
    { 18, 20, 293, 1, 19, 90, 263 }, // &
    { 3, 7, 90, 1, 18, 6, 353 }, // '
    { 6, 22, 120, 1, 18, 33, 359 }, // (
    { 7, 22, 120, 0, 18, 39, 392 }, // )
    { 12, 12, 220, 1, 19, 36, 431 }, // *
    { 12, 13, 229, 1, 15, 39, 467 }, // +
    { 4, 7, 107, 1, 3, 7, 506 }, // ,
    { 7, 3, 129, 1, 8, 6, 513 }, // -
    { 4, 5, 107, 1, 4, 5, 519 }, // .
    { 10, 18, 149, 0, 18, 45, 524 }, // /
    { 13, 20, 234, 1, 19, 65, 569 }, // 0
    { 8, 18, 176, 0, 18, 36, 634 }, // 1
    { 13, 19, 222, 0, 19, 62, 670 }, // 2
    { 12, 20, 229, 1, 19, 60, 732 }, // 3
    { 14, 18, 229, 0, 18, 63, 792 }, // 4
    { 12, 19, 229, 1, 18, 57, 855 }, // 5
    { 13, 20, 229, 1, 19, 65, 912 }, // 6
    { 13, 18, 204, 0, 18, 59, 977 }, // 7
    { 13, 20, 236, 1, 19, 65, 1036 }, // 8
    { 12, 20, 229, 1, 19, 60, 1101 }, // 9
    { 4, 15, 107, 1, 14, 15, 1161 }, // :
    { 5, 18, 107, 0, 14, 23, 1176 }, // ;
    { 13, 14, 229, 1, 16, 46, 1199 }, // <
    { 12, 8, 229, 1, 13, 24, 1245 }, // =
    { 13, 14, 229, 1, 16, 46, 1269 }, // >
    { 11, 20, 174, 0, 19, 55, 1315 }, // ?
    { 21, 21, 360, 1, 18, 111, 1370 }, // @
    { 16, 18, 256, 0, 18, 72, 1481 }, // A
    { 13, 18, 260, 2, 18, 59, 1553 }, // B
    { 15, 20, 253, 1, 19, 75, 1612 }, // C
    { 15, 18, 292, 2, 18, 68, 1687 }, // D
    { 11, 18, 222, 2, 18, 50, 1755 }, // E
    { 11, 18, 208, 2, 18, 50, 1805 }, // F
    { 16, 20, 291, 1, 19, 80, 1855 }, // G
    { 15, 18, 296, 2, 18, 68, 1935 }, // H
    { 7, 18, 136, 1, 18, 32, 2003 }, // I
    { 7, 23, 109, -2, 18, 41, 2035 }, // J
    { 14, 18, 248, 2, 18, 63, 2076 }, // K
    { 11, 18, 210, 2, 18, 50, 2139 }, // L
    { 19, 18, 363, 2, 18, 86, 2189 }, // M
    { 15, 18, 304, 2, 18, 68, 2275 }, // N
    { 17, 20, 312, 1, 19, 85, 2343 }, // O
    { 12, 18, 242, 2, 18, 54, 2428 }, // P
    { 17, 24, 312, 1, 19, 102, 2482 }, // Q
    { 14, 18, 249, 2, 18, 63, 2584 }, // R
    { 12, 20, 220, 1, 19, 60, 2647 }, // S
    { 14, 18, 222, 0, 18, 63, 2707 }, // T
    { 14, 19, 292, 2, 18, 67, 2770 }, // U
    { 15, 18, 240, 0, 18, 68, 2837 }, // V
    { 23, 18, 372, 0, 18, 104, 2905 }, // W
    { 15, 18, 234, 0, 18, 68, 3009 }, // X
    { 15, 18, 226, 0, 18, 68, 3077 }, // Y
    { 14, 18, 229, 0, 18, 63, 3145 }, // Z
    { 6, 22, 132, 2, 18, 33, 3208 }, // [
    { 10, 18, 149, 0, 18, 45, 3241 }, // <backslash>
    { 7, 22, 132, 0, 18, 39, 3286 }, // ]
    { 14, 12, 229, 0, 18, 42, 3325 }, // ^
    { 13, 2, 178, -1, -2, 7, 3367 }, // _
    { 6, 5, 112, 1, 20, 8, 3374 }, // `
    { 11, 15, 224, 1, 14, 42, 3382 }, // a
    { 12, 20, 246, 2, 19, 60, 3424 }, // b
    { 11, 15, 192, 1, 14, 42, 3484 }, // c
    { 13, 20, 246, 1, 19, 65, 3526 }, // d
    { 12, 15, 226, 1, 14, 45, 3591 }, // e
    { 10, 20, 138, 0, 20, 50, 3636 }, // f
    { 13, 20, 246, 1, 14, 65, 3686 }, // g
    { 12, 19, 247, 2, 19, 57, 3751 }, // h
    { 4, 19, 103, 1, 19, 19, 3808 }, // i
    { 7, 25, 103, -2, 19, 44, 3827 }, // j
    { 12, 19, 214, 2, 19, 57, 3871 }, // k
    { 3, 19, 103, 2, 19, 15, 3928 }, // l
    { 20, 14, 374, 2, 14, 70, 3943 }, // m
    { 12, 14, 247, 2, 14, 42, 4013 }, // n
    { 13, 15, 242, 1, 14, 49, 4055 }, // o
    { 12, 20, 246, 2, 14, 60, 4104 }, // p
    { 13, 20, 246, 1, 14, 65, 4164 }, // q
    { 8, 14, 165, 2, 14, 28, 4229 }, // r
    { 10, 15, 192, 1, 14, 38, 4257 }, // s
    { 9, 18, 144, 0, 17, 41, 4295 }, // t
    { 13, 15, 247, 1, 14, 49, 4336 }, // u
    { 13, 14, 203, 0, 14, 46, 4385 }, // v
    { 20, 14, 314, 0, 14, 70, 4431 }, // w
    { 13, 14, 212, 0, 14, 46, 4501 }, // x
    { 13, 20, 204, 0, 14, 65, 4547 }, // y
    { 11, 14, 188, 0, 14, 39, 4612 }, // z
    { 9, 22, 152, 0, 18, 50, 4651 }, // {
    { 3, 26, 220, 5, 19, 20, 4701 }, // |
    { 9, 22, 152, 0, 18, 50, 4721 }, // }
    { 13, 4, 229, 1, 11, 13, 4771 }, // ~
    { 0, 0, 104, 0, 0, 0, 0 }, // U+00A0
    { 4, 19, 108, 1, 14, 19, 0 }, // U+00A1
    { 11, 20, 229, 2, 19, 55, 19 }, // U+00A2
    { 14, 19, 229, 0, 19, 67, 74 }, // U+00A3
    { 12, 12, 229, 1, 15, 36, 141 }, // U+00A4
    { 14, 18, 229, 0, 18, 63, 177 }, // U+00A5
    { 3, 26, 220, 5, 19, 20, 240 }, // U+00A6
    { 11, 21, 205, 1, 20, 58, 260 }, // U+00A7
    { 8, 4, 232, 3, 19, 8, 318 }, // U+00A8
    { 19, 20, 333, 1, 19, 95, 326 }, // U+00A9
    { 8, 10, 143, 0, 19, 20, 421 }, // U+00AA
    { 11, 11, 204, 1, 12, 31, 441 }, // U+00AB
    { 12, 7, 229, 1, 10, 21, 472 }, // U+00AC
    { 7, 3, 129, 1, 8, 6, 493 }, // U+00AD
    { 19, 20, 333, 1, 19, 95, 499 }, // U+00AE
    { 14, 2, 200, -1, 21, 7, 594 }, // U+00AF
    { 9, 9, 171, 1, 19, 21, 601 }, // U+00B0
    { 13, 15, 229, 1, 15, 49, 622 }, // U+00B1
    { 8, 12, 140, 0, 22, 24, 671 }, // U+00B2
    { 9, 12, 140, 0, 22, 27, 695 }, // U+00B3
    { 6, 5, 112, 1, 20, 8, 722 }, // U+00B4
    { 12, 20, 249, 2, 14, 60, 730 }, // U+00B5
    { 13, 23, 262, 1, 19, 75, 790 }, // U+00B6
    { 4, 5, 107, 1, 11, 5, 865 }, // U+00B7
    { 6, 6, 90, 0, 0, 9, 870 }, // U+00B8
    { 6, 12, 140, 0, 22, 18, 879 }, // U+00B9
    { 9, 10, 150, 0, 19, 23, 897 }, // U+00BA
    { 12, 11, 204, 0, 12, 33, 920 }, // U+00BB
    { 19, 18, 298, 0, 18, 86, 953 }, // U+00BC
    { 19, 18, 308, 0, 18, 86, 1039 }, // U+00BD
    { 20, 19, 312, 0, 19, 95, 1125 }, // U+00BE
    { 11, 19, 174, 0, 14, 53, 1220 }, // U+00BF
    { 16, 24, 256, 0, 24, 96, 1273 }, // U+00C0
    { 16, 24, 256, 0, 24, 96, 1369 }, // U+00C1
    { 16, 24, 256, 0, 24, 96, 1465 }, // U+00C2
    { 16, 23, 256, 0, 23, 92, 1561 }, // U+00C3
    { 16, 23, 256, 0, 23, 92, 1653 }, // U+00C4
    { 16, 23, 256, 0, 23, 92, 1745 }, // U+00C5
    { 22, 18, 352, -1, 18, 99, 1837 }, // U+00C6
    { 15, 25, 253, 1, 19, 94, 1936 }, // U+00C7
    { 11, 24, 222, 2, 24, 66, 2030 }, // U+00C8
    { 11, 24, 222, 2, 24, 66, 2096 }, // U+00C9
    { 11, 24, 222, 2, 24, 66, 2162 }, // U+00CA
    { 11, 23, 222, 2, 23, 64, 2228 }, // U+00CB
    { 7, 24, 136, 1, 24, 42, 2292 }, // U+00CC
    { 7, 24, 136, 1, 24, 42, 2334 }, // U+00CD
    { 9, 24, 136, 0, 24, 54, 2376 }, // U+00CE
    { 8, 23, 136, 0, 23, 46, 2430 }, // U+00CF
    { 17, 18, 292, 0, 18, 77, 2476 }, // U+00D0
    { 15, 23, 304, 2, 23, 87, 2553 }, // U+00D1
    { 17, 25, 312, 1, 24, 107, 2640 }, // U+00D2
    { 17, 25, 312, 1, 24, 107, 2747 }, // U+00D3
    { 17, 25, 312, 1, 24, 107, 2854 }, // U+00D4
    { 17, 24, 312, 1, 23, 102, 2961 }, // U+00D5
    { 17, 24, 312, 1, 23, 102, 3063 }, // U+00D6
    { 12, 12, 229, 1, 15, 36, 3165 }, // U+00D7
    { 17, 20, 312, 1, 19, 85, 3201 }, // U+00D8
    { 14, 25, 292, 2, 24, 88, 3286 }, // U+00D9
    { 14, 25, 292, 2, 24, 88, 3374 }, // U+00DA
    { 14, 25, 292, 2, 24, 88, 3462 }, // U+00DB
    { 14, 24, 292, 2, 23, 84, 3550 }, // U+00DC
    { 15, 24, 226, 0, 24, 90, 3634 }, // U+00DD
    { 12, 18, 242, 2, 18, 54, 3724 }, // U+00DE
    { 13, 21, 252, 2, 20, 69, 3778 }, // U+00DF
    { 11, 21, 224, 1, 20, 58, 3847 }, // U+00E0
    { 11, 21, 224, 1, 20, 58, 3905 }, // U+00E1
    { 11, 21, 224, 1, 20, 58, 3963 }, // U+00E2
    { 11, 20, 224, 1, 19, 55, 4021 }, // U+00E3
    { 11, 20, 224, 1, 19, 55, 4076 }, // U+00E4
    { 11, 22, 224, 1, 21, 61, 4131 }, // U+00E5
    { 20, 15, 346, 1, 14, 75, 4192 }, // U+00E6
    { 11, 20, 192, 1, 14, 55, 4267 }, // U+00E7
    { 12, 21, 226, 1, 20, 63, 4322 }, // U+00E8
    { 12, 21, 226, 1, 20, 63, 4385 }, // U+00E9
    { 12, 21, 226, 1, 20, 63, 4448 }, // U+00EA
    { 12, 20, 226, 1, 19, 60, 4511 }, // U+00EB
    { 6, 20, 103, -1, 20, 30, 4571 }, // U+00EC
    { 6, 20, 103, 1, 20, 30, 4601 }, // U+00ED
    { 9, 20, 103, -1, 20, 45, 4631 }, // U+00EE
    { 8, 19, 103, -1, 19, 38, 4676 }, // U+00EF
    { 13, 21, 242, 1, 20, 69, 4714 }, // U+00F0
    { 12, 19, 247, 2, 19, 57, 4783 }, // U+00F1
    { 13, 21, 242, 1, 20, 69, 4840 }, // U+00F2
    { 13, 21, 242, 1, 20, 69, 4909 }, // U+00F3
    { 13, 21, 242, 1, 20, 69, 4978 }, // U+00F4
    { 13, 20, 242, 1, 19, 65, 5047 }, // U+00F5
    { 13, 20, 242, 1, 19, 65, 5112 }, // U+00F6
    { 13, 12, 229, 1, 15, 39, 5177 }, // U+00F7
    { 13, 16, 242, 1, 15, 52, 5216 }, // U+00F8
    { 13, 21, 247, 1, 20, 69, 5268 }, // U+00F9
    { 13, 21, 247, 1, 20, 69, 5337 }, // U+00FA
    { 13, 21, 247, 1, 20, 69, 5406 }, // U+00FB
    { 13, 20, 247, 1, 19, 65, 5475 }, // U+00FC
    { 13, 26, 204, 0, 20, 85, 5540 }, // U+00FD
    { 12, 25, 246, 2, 19, 75, 5625 }, // U+00FE
    { 13, 25, 204, 0, 19, 82, 5700 }, // U+00FF
    { 16, 21, 256, 0, 21, 84, 0 }, // U+0100
    { 11, 18, 224, 1, 17, 50, 84 }, // U+0101
    { 16, 23, 256, 0, 23, 92, 134 }, // U+0102
    { 11, 20, 224, 1, 19, 55, 226 }, // U+0103
    { 16, 24, 256, 0, 18, 96, 281 }, // U+0104
    { 12, 20, 224, 1, 14, 60, 377 }, // U+0105
    { 15, 25, 253, 1, 24, 94, 437 }, // U+0106
    { 11, 21, 192, 1, 20, 58, 531 }, // U+0107
    { 15, 25, 253, 1, 24, 94, 589 }, // U+0108
    { 11, 21, 192, 1, 20, 58, 683 }, // U+0109
    { 15, 24, 253, 1, 23, 90, 741 }, // U+010A
    { 11, 20, 192, 1, 19, 55, 831 }, // U+010B
    { 15, 25, 253, 1, 24, 94, 886 }, // U+010C
    { 11, 21, 192, 1, 20, 58, 980 }, // U+010D
    { 15, 24, 292, 2, 24, 90, 1038 }, // U+010E
    { 17, 20, 246, 1, 19, 85, 1128 }, // U+010F
    { 17, 18, 292, 0, 18, 77, 1213 }, // U+0110
    { 15, 20, 247, 1, 19, 75, 1290 }, // U+0111
    { 11, 21, 222, 2, 21, 58, 1365 }, // U+0112
    { 12, 18, 226, 1, 17, 54, 1423 }, // U+0113
    { 11, 23, 222, 2, 23, 64, 1477 }, // U+0114
    { 12, 20, 226, 1, 19, 60, 1541 }, // U+0115
    { 11, 23, 222, 2, 23, 64, 1601 }, // U+0116
    { 12, 20, 226, 1, 19, 60, 1665 }, // U+0117
    { 11, 24, 222, 2, 18, 66, 1725 }, // U+0118
    { 12, 20, 226, 1, 14, 60, 1791 }, // U+0119
    { 11, 24, 222, 2, 24, 66, 1851 }, // U+011A
    { 12, 21, 226, 1, 20, 63, 1917 }, // U+011B
    { 16, 25, 291, 1, 24, 100, 1980 }, // U+011C
    { 13, 26, 246, 1, 20, 85, 2080 }, // U+011D
    { 16, 24, 291, 1, 23, 96, 2165 }, // U+011E
    { 13, 25, 246, 1, 19, 82, 2261 }, // U+011F
    { 16, 24, 291, 1, 23, 96, 2343 }, // U+0120
    { 13, 25, 246, 1, 19, 82, 2439 }, // U+0121
    { 16, 25, 291, 1, 19, 100, 2521 }, // U+0122
    { 13, 26, 246, 1, 20, 85, 2621 }, // U+0123
    { 15, 24, 296, 2, 24, 90, 2706 }, // U+0124
    { 15, 26, 247, -1, 26, 98, 2796 }, // U+0125
    { 19, 18, 296, 0, 18, 86, 2894 }, // U+0126
    { 14, 19, 247, 0, 19, 67, 2980 }, // U+0127
    { 10, 23, 136, -1, 23, 58, 3047 }, // U+0128
    { 10, 19, 103, -2, 19, 48, 3105 }, // U+0129
    { 8, 21, 136, 0, 21, 42, 3153 }, // U+012A
    { 8, 17, 103, -1, 17, 34, 3195 }, // U+012B
    { 9, 23, 136, 0, 23, 52, 3229 }, // U+012C
    { 9, 19, 103, -1, 19, 43, 3281 }, // U+012D
    { 7, 24, 136, 1, 18, 42, 3324 }, // U+012E
    { 5, 25, 103, 0, 19, 32, 3366 }, // U+012F
    { 7, 23, 136, 1, 23, 41, 3398 }, // U+0130
    { 3, 14, 103, 2, 14, 11, 3439 }, // U+0131
    { 13, 23, 245, 1, 18, 75, 3450 }, // U+0132
    { 10, 25, 206, 1, 19, 63, 3525 }, // U+0133
    { 10, 29, 109, -2, 24, 73, 3588 }, // U+0134
    { 10, 26, 103, -2, 20, 65, 3661 }, // U+0135
    { 14, 24, 248, 2, 18, 84, 3726 }, // U+0136
    { 12, 25, 214, 2, 19, 75, 3810 }, // U+0137
    { 12, 14, 214, 2, 14, 42, 3885 }, // U+0138
    { 11, 24, 210, 2, 24, 66, 3927 }, // U+0139
    { 6, 26, 103, 1, 26, 39, 3993 }, // U+013A
    { 11, 24, 210, 2, 18, 66, 4032 }, // U+013B
    { 4, 25, 103, 1, 19, 25, 4098 }, // U+013C
    { 11, 18, 210, 2, 18, 50, 4123 }, // U+013D
    { 7, 19, 103, 2, 19, 34, 4173 }, // U+013E
    { 11, 18, 210, 2, 18, 50, 4207 }, // U+013F
    { 6, 19, 107, 2, 19, 29, 4257 }, // U+0140
    { 13, 18, 210, 0, 18, 59, 4286 }, // U+0141
    { 8, 19, 103, -1, 19, 38, 4345 }, // U+0142
    { 15, 24, 304, 2, 24, 90, 4383 }, // U+0143
    { 12, 20, 247, 2, 20, 60, 4473 }, // U+0144
    { 15, 24, 304, 2, 18, 90, 4533 }, // U+0145
    { 12, 20, 247, 2, 14, 60, 4623 }, // U+0146
    { 15, 24, 304, 2, 24, 90, 4683 }, // U+0147
    { 12, 20, 247, 2, 20, 60, 4773 }, // U+0148
    { 16, 18, 275, 0, 18, 72, 4833 }, // U+0149
    { 15, 23, 304, 2, 18, 87, 4905 }, // U+014A
    { 12, 20, 247, 2, 14, 60, 4992 }, // U+014B
    { 17, 22, 312, 1, 21, 94, 5052 }, // U+014C
    { 13, 18, 242, 1, 17, 59, 5146 }, // U+014D
    { 17, 24, 312, 1, 23, 102, 5205 }, // U+014E
    { 13, 20, 242, 1, 19, 65, 5307 }, // U+014F
    { 17, 25, 312, 1, 24, 107, 5372 }, // U+0150
    { 13, 21, 242, 1, 20, 69, 5479 }, // U+0151
    { 21, 20, 371, 1, 19, 105, 5548 }, // U+0152
    { 22, 15, 378, 1, 14, 83, 5653 }, // U+0153
    { 14, 24, 249, 2, 24, 84, 5736 }, // U+0154
    { 8, 20, 165, 2, 20, 40, 5820 }, // U+0155
    { 14, 24, 249, 2, 18, 84, 5860 }, // U+0156
    { 9, 20, 165, 1, 14, 45, 5944 }, // U+0157
    { 14, 24, 249, 2, 24, 84, 5989 }, // U+0158
    { 10, 20, 165, 1, 20, 50, 6073 }, // U+0159
    { 12, 25, 220, 1, 24, 75, 6123 }, // U+015A
    { 10, 21, 192, 1, 20, 53, 6198 }, // U+015B
    { 12, 25, 220, 1, 24, 75, 6251 }, // U+015C
    { 10, 21, 192, 1, 20, 53, 6326 }, // U+015D
    { 12, 25, 220, 1, 19, 75, 6379 }, // U+015E
    { 10, 20, 192, 1, 14, 50, 6454 }, // U+015F
    { 12, 25, 220, 1, 24, 75, 6504 }, // U+0160
    { 10, 21, 192, 1, 20, 53, 6579 }, // U+0161
    { 14, 24, 222, 0, 18, 84, 6632 }, // U+0162
    { 9, 23, 144, 0, 17, 52, 6716 }, // U+0163
    { 14, 24, 222, 0, 24, 84, 6768 }, // U+0164
    { 12, 20, 144, 0, 19, 60, 6852 }, // U+0165
    { 14, 18, 222, 0, 18, 63, 6912 }, // U+0166
    { 9, 18, 144, 0, 17, 41, 6975 }, // U+0167
    { 14, 24, 292, 2, 23, 84, 7016 }, // U+0168
    { 13, 20, 247, 1, 19, 65, 7100 }, // U+0169
    { 14, 22, 292, 2, 21, 77, 7165 }, // U+016A
    { 13, 18, 247, 1, 17, 59, 7242 }, // U+016B
    { 14, 24, 292, 2, 23, 84, 7301 }, // U+016C
    { 13, 20, 247, 1, 19, 65, 0 }, // U+016D
    { 14, 26, 292, 2, 25, 91, 65 }, // U+016E
    { 13, 22, 247, 1, 21, 72, 156 }, // U+016F
    { 14, 25, 292, 2, 24, 88, 228 }, // U+0170
    { 13, 21, 247, 1, 20, 69, 316 }, // U+0171
    { 14, 24, 292, 2, 18, 84, 385 }, // U+0172
    { 13, 20, 247, 1, 14, 65, 469 }, // U+0173
    { 23, 24, 372, 0, 24, 138, 534 }, // U+0174
    { 20, 20, 314, 0, 20, 100, 672 }, // U+0175
    { 15, 24, 226, 0, 24, 90, 772 }, // U+0176
    { 13, 26, 204, 0, 20, 85, 862 }, // U+0177
    { 15, 23, 226, 0, 23, 87, 947 }, // U+0178
    { 14, 24, 229, 0, 24, 84, 1034 }, // U+0179
    { 11, 20, 188, 0, 20, 55, 1118 }, // U+017A
    { 14, 23, 229, 0, 23, 81, 1173 }, // U+017B
    { 11, 19, 188, 0, 19, 53, 1254 }, // U+017C
    { 14, 24, 229, 0, 24, 84, 1307 }, // U+017D
    { 11, 20, 188, 0, 20, 55, 1391 }, // U+017E
    { 8, 20, 130, 2, 20, 40, 1446 }, // U+017F
    { 20, 20, 314, 1, 19, 100, 0 }, // U+01A0
    { 16, 17, 246, 1, 16, 68, 100 }, // U+01A1
    { 19, 20, 312, 2, 19, 95, 168 }, // U+01AF
    { 17, 17, 270, 1, 16, 73, 263 }, // U+01B0
    { 30, 24, 517, 2, 24, 180, 336 }, // U+01C4
    { 28, 20, 480, 2, 20, 140, 516 }, // U+01C5
    { 26, 21, 434, 1, 20, 137, 656 }, // U+01C6
    { 16, 23, 319, 2, 18, 92, 793 }, // U+01C7
    { 16, 25, 313, 2, 19, 100, 885 }, // U+01C8
    { 9, 25, 206, 2, 19, 57, 985 }, // U+01C9
    { 22, 23, 413, 2, 18, 127, 1042 }, // U+01CA
    { 22, 25, 407, 2, 19, 138, 1169 }, // U+01CB
    { 18, 25, 350, 2, 19, 113, 1307 }, // U+01CC
    { 16, 24, 256, 0, 24, 96, 1420 }, // U+01CD
    { 11, 21, 224, 1, 20, 58, 1516 }, // U+01CE
    { 9, 24, 136, 0, 24, 54, 1574 }, // U+01CF
    { 9, 20, 103, -1, 20, 45, 1628 }, // U+01D0
    { 17, 25, 312, 1, 24, 107, 1673 }, // U+01D1
    { 13, 21, 242, 1, 20, 69, 1780 }, // U+01D2
    { 14, 25, 292, 2, 24, 88, 1849 }, // U+01D3
    { 13, 21, 247, 1, 20, 69, 1937 }, // U+01D4
    { 14, 27, 292, 2, 26, 95, 2006 }, // U+01D5
    { 13, 22, 247, 1, 21, 72, 2101 }, // U+01D6
    { 14, 28, 292, 2, 27, 98, 2173 }, // U+01D7
    { 13, 23, 247, 1, 22, 75, 2271 }, // U+01D8
    { 14, 28, 292, 2, 27, 98, 2346 }, // U+01D9
    { 13, 24, 247, 1, 23, 78, 2444 }, // U+01DA
    { 14, 28, 292, 2, 27, 98, 2522 }, // U+01DB
    { 13, 23, 247, 1, 22, 75, 2620 }, // U+01DC
    { 12, 15, 226, 1, 14, 45, 2695 }, // U+01DD
    { 16, 26, 256, 0, 26, 104, 2740 }, // U+01DE
    { 11, 22, 224, 1, 21, 61, 2844 }, // U+01DF
    { 16, 26, 256, 0, 26, 104, 2905 }, // U+01E0
    { 11, 22, 224, 1, 21, 61, 3009 }, // U+01E1
    { 22, 21, 352, -1, 21, 116, 3070 }, // U+01E2
    { 20, 18, 346, 1, 17, 90, 3186 }, // U+01E3
    { 17, 20, 291, 1, 19, 85, 3276 }, // U+01E4
    { 14, 20, 246, 1, 14, 70, 3361 }, // U+01E5
    { 16, 25, 291, 1, 24, 100, 3431 }, // U+01E6
    { 13, 26, 246, 1, 20, 85, 3531 }, // U+01E7
    { 14, 24, 248, 2, 24, 84, 3616 }, // U+01E8
    { 15, 26, 214, -1, 26, 98, 3700 }, // U+01E9
    { 17, 25, 312, 1, 19, 107, 3798 }, // U+01EA
    { 13, 20, 242, 1, 14, 65, 3905 }, // U+01EB
    { 17, 27, 312, 1, 21, 115, 3970 }, // U+01EC
    { 13, 23, 242, 1, 17, 75, 4085 }, // U+01ED
    { 14, 25, 234, 0, 24, 88, 4160 }, // U+01EE
    { 12, 26, 199, 0, 20, 78, 4248 }, // U+01EF
    { 10, 26, 103, -2, 20, 65, 4326 }, // U+01F0
    { 30, 18, 517, 2, 18, 135, 4391 }, // U+01F1
    { 28, 18, 480, 2, 18, 126, 4526 }, // U+01F2
    { 26, 20, 434, 1, 19, 130, 4652 }, // U+01F3
    { 16, 25, 291, 1, 24, 100, 4782 }, // U+01F4
    { 13, 26, 246, 1, 20, 85, 4882 }, // U+01F5
    { 20, 19, 375, 2, 18, 95, 4967 }, // U+01F6
    { 14, 25, 264, 2, 19, 88, 5062 }, // U+01F7
    { 15, 24, 304, 2, 24, 90, 5150 }, // U+01F8
    { 12, 20, 247, 2, 20, 60, 5240 }, // U+01F9
    { 16, 24, 256, 0, 24, 96, 5300 }, // U+01FA
    { 11, 25, 224, 1, 24, 69, 5396 }, // U+01FB
    { 22, 24, 352, -1, 24, 132, 5465 }, // U+01FC
    { 20, 21, 346, 1, 20, 105, 5597 }, // U+01FD
    { 17, 25, 312, 1, 24, 107, 5702 }, // U+01FE
    { 13, 21, 242, 1, 20, 69, 5809 }, // U+01FF
    { 16, 24, 256, 0, 24, 96, 5878 }, // U+0200
    { 11, 21, 224, 1, 20, 58, 5974 }, // U+0201
    { 16, 23, 256, 0, 23, 92, 6032 }, // U+0202
    { 11, 20, 224, 1, 19, 55, 6124 }, // U+0203
    { 11, 24, 222, 2, 24, 66, 6179 }, // U+0204
    { 12, 21, 226, 1, 20, 63, 6245 }, // U+0205
    { 11, 23, 222, 2, 23, 64, 6308 }, // U+0206
    { 12, 20, 226, 1, 19, 60, 6372 }, // U+0207
    { 10, 24, 136, -2, 24, 60, 6432 }, // U+0208
    { 10, 20, 103, -3, 20, 50, 6492 }, // U+0209
    { 9, 23, 136, 0, 23, 52, 6542 }, // U+020A
    { 9, 19, 103, -1, 19, 43, 6594 }, // U+020B
    { 17, 25, 312, 1, 24, 107, 6637 }, // U+020C
    { 13, 21, 242, 1, 20, 69, 6744 }, // U+020D
    { 17, 24, 312, 1, 23, 102, 6813 }, // U+020E
    { 13, 20, 242, 1, 19, 65, 6915 }, // U+020F
    { 14, 24, 249, 2, 24, 84, 6980 }, // U+0210
    { 10, 20, 165, 0, 20, 50, 7064 }, // U+0211
    { 14, 23, 249, 2, 23, 81, 7114 }, // U+0212
    { 8, 19, 165, 2, 19, 38, 7195 }, // U+0213
    { 14, 25, 292, 2, 24, 88, 7233 }, // U+0214
    { 13, 21, 247, 1, 20, 69, 7321 }, // U+0215
    { 14, 24, 292, 2, 23, 84, 0 }, // U+0216
    { 13, 20, 247, 1, 19, 65, 84 }, // U+0217
    { 12, 25, 220, 1, 19, 75, 149 }, // U+0218
    { 10, 20, 192, 1, 14, 50, 224 }, // U+0219
    { 14, 24, 222, 0, 18, 84, 274 }, // U+021A
    { 9, 23, 144, 0, 17, 52, 358 }, // U+021B
    { 14, 24, 230, 0, 19, 84, 410 }, // U+021C
    { 12, 20, 198, 0, 14, 60, 494 }, // U+021D
    { 15, 24, 296, 2, 24, 90, 554 }, // U+021E
    { 15, 26, 247, -1, 26, 98, 644 }, // U+021F
    { 6, 5, 0, -13, 20, 8, 0 }, // U+0300
    { 6, 5, 0, -9, 20, 8, 8 }, // U+0301
    { 10, 5, 0, -5, 20, 13, 16 }, // U+0302
    { 10, 4, 0, -13, 19, 10, 29 }, // U+0303
    { 8, 2, 0, -4, 17, 4, 39 }, // U+0304
    { 12, 3, 0, -6, 22, 9, 43 }, // U+0305
    { 8, 4, 0, -4, 19, 8, 52 }, // U+0306
    { 4, 4, 0, -2, 19, 4, 60 }, // U+0307
    { 8, 4, 0, -4, 19, 8, 64 }, // U+0308
    { 6, 7, 0, -10, 21, 11, 72 }, // U+0309
    { 6, 6, 0, -3, 21, 9, 83 }, // U+030A
    { 10, 5, 0, -4, 20, 13, 92 }, // U+030B
    { 10, 5, 0, -5, 20, 13, 105 }, // U+030C
    { 2, 5, 0, -1, 19, 3, 118 }, // U+030D
    { 6, 5, 0, -3, 19, 8, 121 }, // U+030E
    { 10, 5, 0, -13, 20, 13, 129 }, // U+030F
    { 8, 7, 0, -4, 22, 14, 142 }, // U+0310
    { 8, 4, 0, -4, 19, 8, 156 }, // U+0311
    { 4, 7, 0, -2, 18, 7, 164 }, // U+0312
    { 4, 7, 0, -2, 18, 7, 171 }, // U+0313
    { 4, 7, 0, -2, 18, 7, 178 }, // U+0314
    { 4, 7, 0, -2, 18, 7, 185 }, // U+0315
    { 6, 5, 0, -3, 0, 8, 192 }, // U+0316
    { 6, 5, 0, -3, 0, 8, 200 }, // U+0317
    { 6, 6, 0, -3, 0, 9, 208 }, // U+0318
    { 6, 6, 0, -3, 0, 9, 217 }, // U+0319
    { 7, 6, 125, 0, 19, 11, 226 }, // U+031A
    { 6, 6, 0, -3, 19, 9, 237 }, // U+031B
    { 4, 6, 0, -2, 0, 6, 246 }, // U+031C
    { 6, 5, 0, -3, -1, 8, 252 }, // U+031D
    { 6, 5, 0, -3, -1, 8, 260 }, // U+031E
    { 6, 6, 0, -3, 0, 9, 268 }, // U+031F
    { 6, 3, 0, -3, -2, 5, 277 }, // U+0320
    { 5, 8, 0, -5, 2, 10, 282 }, // U+0321
    { 5, 8, 0, 0, 2, 10, 292 }, // U+0322
    { 3, 4, 0, -9, -1, 3, 302 }, // U+0323
    { 8, 4, 0, -4, -1, 8, 305 }, // U+0324
    { 6, 6, 0, -3, 0, 9, 313 }, // U+0325
    { 4, 5, 0, -2, -1, 5, 322 }, // U+0326
    { 6, 6, 0, -3, 0, 9, 327 }, // U+0327
    { 6, 7, 0, -3, 1, 11, 336 }, // U+0328
    { 2, 5, 0, -1, -1, 3, 347 }, // U+0329
    { 10, 5, 0, -5, -1, 13, 350 }, // U+032A
    { 10, 4, 0, -5, -1, 10, 363 }, // U+032B
    { 10, 5, 0, -5, 0, 13, 373 }, // U+032C
    { 10, 5, 0, -5, 0, 13, 386 }, // U+032D
    { 8, 4, 0, -4, -1, 8, 399 }, // U+032E
    { 8, 4, 0, -4, -1, 8, 407 }, // U+032F
    { 10, 4, 0, -5, -1, 10, 415 }, // U+0330
    { 8, 2, 0, -4, -2, 4, 425 }, // U+0331
    { 12, 2, 0, -6, -2, 6, 429 }, // U+0332
    { 12, 6, 0, -6, 0, 18, 435 }, // U+0333
    { 10, 4, 0, -5, 9, 10, 453 }, // U+0334
    { 12, 3, 0, -6, 9, 9, 463 }, // U+0335
    { 18, 2, 0, -9, 8, 9, 472 }, // U+0336
    { 8, 6, 0, -4, 10, 12, 481 }, // U+0337
    { 10, 21, 0, -5, 19, 53, 493 }, // U+0338
    { 4, 6, 0, -2, 0, 6, 546 }, // U+0339
    { 10, 5, 0, -5, -1, 13, 552 }, // U+033A
    { 10, 6, 0, -5, 0, 15, 565 }, // U+033B
    { 10, 4, 0, -5, -1, 10, 580 }, // U+033C
    { 6, 6, 0, -3, 20, 9, 590 }, // U+033D
    { 4, 8, 0, -2, 22, 8, 599 }, // U+033E
    { 12, 6, 0, -6, 25, 18, 607 }, // U+033F
    { 6, 5, 0, -4, 20, 8, 625 }, // U+0340
    { 6, 5, 0, -1, 20, 8, 633 }, // U+0341
    { 10, 4, 0, -5, 19, 10, 641 }, // U+0342
    { 4, 5, 0, -2, 20, 5, 651 }, // U+0343
    { 9, 5, 0, -4, 20, 12, 656 }, // U+0344
    { 4, 4, 0, -1, -2, 4, 668 }, // U+0345
    { 12, 6, 0, -6, 20, 18, 672 }, // U+0346
    { 12, 6, 0, -6, 0, 18, 690 }, // U+0347
    { 6, 5, 0, -3, -1, 8, 708 }, // U+0348
    { 6, 5, 0, -3, -1, 8, 716 }, // U+0349
    { 10, 6, 0, -5, 20, 15, 724 }, // U+034A
    { 10, 10, 0, -5, 24, 25, 739 }, // U+034B
    { 10, 7, 0, -5, 22, 18, 764 }, // U+034C
    { 10, 6, 0, -5, 0, 15, 782 }, // U+034D
    { 6, 6, 0, -3, 0, 9, 797 }, // U+034E
    { 18, 18, 0, -9, 18, 81, 806 }, // U+034F
    { 5, 6, 0, -3, 20, 8, 887 }, // U+0350
    { 4, 6, 0, -2, 21, 6, 895 }, // U+0351
    { 8, 6, 0, -4, 21, 12, 901 }, // U+0352
    { 6, 6, 0, -3, 0, 9, 913 }, // U+0353
    { 5, 5, 0, -3, -1, 7, 922 }, // U+0354
    { 5, 5, 0, -3, -1, 7, 929 }, // U+0355
    { 10, 5, 0, -5, -1, 13, 936 }, // U+0356
    { 4, 6, 0, -2, 21, 6, 949 }, // U+0357
    { 3, 4, 0, 3, 19, 3, 955 }, // U+0358
    { 6, 6, 0, -3, 0, 9, 958 }, // U+0359
    { 10, 6, 0, -5, 0, 15, 967 }, // U+035A
    { 6, 6, 0, -3, 20, 9, 982 }, // U+035B
    { 20, 5, 0, -10, -1, 25, 991 }, // U+035C
    { 20, 5, 0, -10, 19, 25, 1016 }, // U+035D
    { 16, 2, 0, -8, 17, 8, 1041 }, // U+035E
    { 16, 2, 0, -8, -2, 8, 1049 }, // U+035F
    { 20, 4, 0, -10, 19, 20, 1057 }, // U+0360
    { 20, 6, 0, -10, 22, 30, 1077 }, // U+0361
    { 21, 6, 0, -10, 0, 32, 1107 }, // U+0362
    { 6, 6, 0, -3, 21, 9, 1139 }, // U+0363
    { 6, 6, 0, -3, 21, 9, 1148 }, // U+0364
    { 2, 8, 0, -1, 23, 4, 1157 }, // U+0365
    { 7, 6, 0, -3, 21, 11, 1161 }, // U+0366
    { 6, 6, 0, -3, 21, 9, 1172 }, // U+0367
    { 5, 6, 0, -2, 21, 8, 1181 }, // U+0368
    { 6, 9, 0, -3, 24, 14, 1189 }, // U+0369
    { 6, 9, 0, -3, 24, 14, 1203 }, // U+036A
    { 10, 6, 0, -5, 21, 15, 1217 }, // U+036B
    { 5, 6, 0, -2, 21, 8, 1232 }, // U+036C
    { 5, 8, 0, -2, 23, 10, 1240 }, // U+036D
    { 7, 6, 0, -3, 21, 11, 1250 }, // U+036E
    { 7, 6, 0, -3, 21, 11, 1261 }, // U+036F
    { 11, 24, 222, 2, 24, 66, 0 }, // U+0400
    { 11, 23, 222, 2, 23, 64, 66 }, // U+0401
    { 17, 19, 286, 0, 18, 81, 130 }, // U+0402
    { 11, 24, 204, 2, 24, 66, 211 }, // U+0403
    { 14, 20, 256, 1, 19, 70, 277 }, // U+0404
    { 12, 20, 220, 1, 19, 60, 347 }, // U+0405
    { 3, 18, 114, 2, 18, 14, 407 }, // U+0406
    { 7, 23, 114, 0, 23, 41, 421 }, // U+0407
    { 7, 23, 109, -2, 18, 41, 462 }, // U+0408
    { 24, 19, 404, 0, 18, 114, 503 }, // U+0409
    { 23, 18, 411, 2, 18, 104, 617 }, // U+040A
    { 17, 18, 286, 0, 18, 77, 721 }, // U+040B
    { 14, 24, 250, 2, 24, 84, 798 }, // U+040C
    { 15, 24, 302, 2, 24, 90, 882 }, // U+040D
    { 16, 24, 246, 0, 23, 96, 972 }, // U+040E
    { 14, 22, 292, 2, 18, 77, 1068 }, // U+040F
    { 16, 18, 255, 0, 18, 72, 1145 }, // U+0410
    { 13, 18, 246, 2, 18, 59, 1217 }, // U+0411
    { 13, 18, 260, 2, 18, 59, 1276 }, // U+0412
    { 11, 18, 204, 2, 18, 50, 1335 }, // U+0413
    { 18, 22, 292, 0, 18, 99, 1385 }, // U+0414
    { 11, 18, 222, 2, 18, 50, 1484 }, // U+0415
    { 23, 18, 362, 0, 18, 104, 1534 }, // U+0416
    { 13, 20, 231, 0, 19, 65, 1638 }, // U+0417
    { 15, 18, 302, 2, 18, 68, 1703 }, // U+0418
    { 15, 23, 302, 2, 23, 87, 1771 }, // U+0419
    { 14, 18, 250, 2, 18, 63, 1858 }, // U+041A
    { 16, 19, 279, 0, 18, 76, 1921 }, // U+041B
    { 19, 18, 363, 2, 18, 86, 1997 }, // U+041C
    { 15, 18, 297, 2, 18, 68, 2083 }, // U+041D
    { 17, 20, 304, 1, 19, 85, 2151 }, // U+041E
    { 14, 18, 293, 2, 18, 63, 2236 }, // U+041F
    { 12, 18, 242, 2, 18, 54, 2299 }, // U+0420
    { 14, 20, 256, 1, 19, 70, 2353 }, // U+0421
    { 14, 18, 222, 0, 18, 63, 2423 }, // U+0422
    { 16, 19, 246, 0, 18, 76, 2486 }, // U+0423
    { 19, 20, 327, 1, 19, 95, 2562 }, // U+0424
    { 15, 18, 235, 0, 18, 68, 2657 }, // U+0425
    { 17, 22, 296, 2, 18, 94, 2725 }, // U+0426
    { 14, 18, 269, 1, 18, 63, 2819 }, // U+0427
    { 22, 18, 414, 2, 18, 99, 2882 }, // U+0428
    { 24, 22, 410, 2, 18, 132, 2981 }, // U+0429
    { 16, 18, 274, 0, 18, 72, 3113 }, // U+042A
    { 17, 18, 340, 2, 18, 77, 3185 }, // U+042B
    { 12, 18, 243, 2, 18, 54, 3262 }, // U+042C
    { 14, 20, 259, 1, 19, 70, 3316 }, // U+042D
    { 22, 20, 400, 2, 19, 110, 3386 }, // U+042E
    { 14, 18, 255, 0, 18, 63, 3496 }, // U+042F
    { 11, 15, 222, 1, 14, 42, 3559 }, // U+0430
    { 13, 21, 239, 1, 20, 69, 3601 }, // U+0431
    { 11, 14, 226, 2, 14, 39, 3670 }, // U+0432
    { 9, 14, 175, 2, 14, 32, 3709 }, // U+0433
    { 15, 18, 243, 0, 14, 68, 3741 }, // U+0434
    { 12, 15, 220, 1, 14, 45, 3809 }, // U+0435
    { 19, 14, 304, 0, 14, 67, 3854 }, // U+0436
    { 12, 15, 195, 0, 14, 45, 3921 }, // U+0437
    { 12, 14, 248, 2, 14, 42, 3966 }, // U+0438
    { 12, 19, 248, 2, 19, 57, 4008 }, // U+0439
    { 12, 14, 212, 2, 14, 42, 4065 }, // U+043A
    { 13, 15, 235, 0, 14, 49, 4107 }, // U+043B
    { 16, 14, 307, 2, 14, 56, 4156 }, // U+043C
    { 12, 14, 246, 2, 14, 42, 4212 }, // U+043D
    { 13, 15, 238, 1, 14, 49, 4254 }, // U+043E
    { 12, 14, 242, 2, 14, 42, 4303 }, // U+043F
    { 12, 20, 243, 2, 14, 60, 4345 }, // U+0440
    { 11, 15, 197, 1, 14, 42, 4405 }, // U+0441
    { 12, 14, 186, 0, 14, 42, 4447 }, // U+0442
    { 13, 20, 204, 0, 14, 65, 4489 }, // U+0443
    { 17, 25, 295, 1, 19, 107, 4554 }, // U+0444
    { 13, 14, 204, 0, 14, 46, 4661 }, // U+0445
    { 14, 18, 245, 2, 14, 63, 4707 }, // U+0446
    { 12, 14, 236, 1, 14, 42, 4770 }, // U+0447
    { 19, 14, 358, 2, 14, 67, 4812 }, // U+0448
    { 21, 18, 359, 2, 14, 95, 4879 }, // U+0449
    { 15, 14, 249, 0, 14, 53, 4974 }, // U+044A
    { 15, 14, 304, 2, 14, 53, 5027 }, // U+044B
    { 11, 14, 218, 2, 14, 39, 5080 }, // U+044C
    { 11, 15, 198, 1, 14, 42, 5119 }, // U+044D
    { 17, 15, 320, 2, 14, 64, 5161 }, // U+044E
    { 13, 14, 231, 0, 14, 46, 5225 }, // U+044F
    { 12, 21, 220, 1, 20, 63, 5271 }, // U+0450
    { 12, 20, 220, 1, 19, 60, 5334 }, // U+0451
    { 14, 25, 248, 0, 19, 88, 5394 }, // U+0452
    { 9, 20, 175, 2, 20, 45, 5482 }, // U+0453
    { 11, 15, 197, 1, 14, 42, 5527 }, // U+0454
    { 10, 15, 187, 1, 14, 38, 5569 }, // U+0455
    { 4, 19, 103, 1, 19, 19, 5607 }, // U+0456
    { 6, 19, 103, 0, 19, 29, 5626 }, // U+0457
    { 7, 25, 103, -2, 19, 44, 5655 }, // U+0458
    { 21, 15, 344, 0, 14, 79, 5699 }, // U+0459
    { 20, 14, 356, 2, 14, 70, 5778 }, // U+045A
    { 14, 19, 248, 0, 19, 67, 5848 }, // U+045B
    { 12, 20, 212, 2, 20, 60, 5915 }, // U+045C
    { 12, 20, 248, 2, 20, 60, 5975 }, // U+045D
    { 13, 25, 204, 0, 19, 82, 6035 }, // U+045E
    { 12, 18, 242, 2, 14, 54, 6117 }, // U+045F
    { 23, 19, 368, 0, 18, 110, 6171 }, // U+0460
    { 20, 14, 316, 0, 14, 70, 6281 }, // U+0461
    { 16, 18, 270, 0, 18, 72, 6351 }, // U+0462
    { 15, 17, 254, 0, 17, 64, 6423 }, // U+0463
    { 21, 20, 369, 2, 19, 105, 6487 }, // U+0464
    { 16, 15, 297, 2, 14, 60, 6592 }, // U+0465
    { 18, 18, 273, 0, 18, 81, 6652 }, // U+0466
    { 15, 14, 229, 0, 14, 53, 6733 }, // U+0467
    { 22, 18, 372, 2, 18, 99, 6786 }, // U+0468
    { 18, 14, 312, 2, 14, 63, 6885 }, // U+0469
    { 18, 18, 292, 0, 18, 81, 6948 }, // U+046A
    { 16, 14, 256, 0, 14, 56, 7029 }, // U+046B
    { 23, 18, 394, 2, 18, 104, 7085 }, // U+046C
    { 20, 14, 340, 2, 14, 70, 7189 }, // U+046D
    { 14, 28, 235, 0, 22, 98, 7259 }, // U+046E
    { 12, 22, 196, 0, 17, 66, 7357 }, // U+046F
    { 17, 18, 322, 2, 18, 77, 7423 }, // U+0470
    { 16, 25, 304, 1, 19, 100, 0 }, // U+0471
    { 17, 20, 313, 1, 19, 85, 100 }, // U+0472
    { 13, 15, 242, 1, 14, 49, 185 }, // U+0473
    { 17, 18, 254, 0, 18, 77, 234 }, // U+0474
    { 14, 14, 206, 0, 14, 49, 311 }, // U+0475
    { 17, 24, 254, 0, 24, 102, 360 }, // U+0476
    { 14, 20, 206, 0, 20, 70, 462 }, // U+0477
    { 30, 25, 488, 1, 19, 188, 532 }, // U+0478
    { 27, 20, 438, 1, 14, 135, 720 }, // U+0479
    { 18, 22, 328, 1, 20, 99, 855 }, // U+047A
    { 15, 17, 264, 1, 15, 64, 954 }, // U+047B
    { 24, 27, 410, 1, 26, 162, 1018 }, // U+047C
    { 21, 24, 362, 1, 23, 126, 1180 }, // U+047D
    { 23, 24, 368, 0, 23, 138, 1306 }, // U+047E
    { 20, 18, 316, 0, 18, 90, 1444 }, // U+047F
    { 15, 25, 257, 1, 19, 94, 1534 }, // U+0480
    { 11, 20, 197, 1, 14, 55, 1628 }, // U+0481
    { 13, 17, 244, 1, 16, 56, 1683 }, // U+0482
    { 10, 4, 0, -12, 18, 10, 1739 }, // U+0483
    { 10, 4, 0, -12, 19, 10, 1749 }, // U+0484
    { 4, 5, 0, -9, 20, 5, 1759 }, // U+0485
    { 4, 5, 0, -9, 20, 5, 1764 }, // U+0486
    { 10, 4, 0, -5, 23, 10, 1769 }, // U+0487
    { 30, 27, 0, -15, 20, 203, 1779 }, // U+0488
    { 28, 28, 0, -14, 21, 196, 1982 }, // U+0489
    { 18, 29, 314, 2, 24, 131, 2178 }, // U+048A
    { 15, 24, 264, 2, 19, 90, 2309 }, // U+048B
    { 15, 18, 246, 0, 18, 68, 2399 }, // U+048C
    { 14, 19, 238, 0, 19, 67, 2467 }, // U+048D
    { 13, 18, 245, 2, 18, 59, 2534 }, // U+048E
    { 12, 20, 246, 2, 14, 60, 2593 }, // U+048F
    { 11, 22, 213, 2, 22, 61, 2653 }, // U+0490
    { 9, 18, 174, 2, 18, 41, 2714 }, // U+0491
    { 13, 18, 212, 0, 18, 59, 2755 }, // U+0492
    { 11, 14, 174, 0, 14, 39, 2814 }, // U+0493
    { 14, 25, 260, 2, 18, 88, 2853 }, // U+0494
    { 11, 21, 213, 2, 14, 58, 2941 }, // U+0495
    { 23, 23, 362, 0, 18, 133, 2999 }, // U+0496
    { 20, 19, 318, 0, 14, 95, 3132 }, // U+0497
    { 13, 25, 231, 0, 19, 82, 3227 }, // U+0498
    { 12, 20, 195, 0, 14, 60, 3309 }, // U+0499
    { 15, 23, 268, 2, 18, 87, 3369 }, // U+049A
    { 12, 19, 223, 2, 14, 57, 3456 }, // U+049B
    { 14, 18, 250, 2, 18, 63, 3513 }, // U+049C
    { 11, 14, 212, 2, 14, 39, 3576 }, // U+049D
    { 16, 18, 250, 0, 18, 72, 3615 }, // U+049E
    { 13, 19, 214, 0, 19, 62, 3687 }, // U+049F
    { 18, 18, 277, 0, 18, 81, 3749 }, // U+04A0
    { 16, 14, 249, 0, 14, 56, 3830 }, // U+04A1
    { 17, 23, 302, 2, 18, 98, 3886 }, // U+04A2
    { 14, 19, 263, 2, 14, 67, 3984 }, // U+04A3
    { 19, 18, 326, 2, 18, 86, 4051 }, // U+04A4
    { 17, 14, 295, 2, 14, 60, 4137 }, // U+04A5
    { 24, 25, 422, 2, 18, 150, 4197 }, // U+04A6
    { 19, 21, 345, 2, 14, 100, 4347 }, // U+04A7
    { 18, 21, 312, 1, 19, 95, 4447 }, // U+04A8
    { 15, 15, 257, 1, 14, 57, 4542 }, // U+04A9
    { 15, 25, 253, 1, 19, 94, 4599 }, // U+04AA
    { 11, 20, 192, 1, 14, 55, 4693 }, // U+04AB
    { 14, 23, 222, 0, 18, 81, 4748 }, // U+04AC
    { 12, 19, 190, 0, 14, 57, 4829 }, // U+04AD
    { 15, 18, 226, 0, 18, 68, 4886 }, // U+04AE
    { 13, 20, 203, 0, 14, 65, 4954 }, // U+04AF
    { 15, 18, 226, 0, 18, 68, 5019 }, // U+04B0
    { 13, 20, 203, 0, 14, 65, 5087 }, // U+04B1
    { 16, 23, 252, 0, 18, 92, 5152 }, // U+04B2
    { 14, 19, 221, 0, 14, 67, 5244 }, // U+04B3
    { 21, 23, 345, 0, 18, 121, 5311 }, // U+04B4
    { 18, 19, 290, 0, 14, 86, 5432 }, // U+04B5
    { 16, 23, 281, 2, 18, 92, 5518 }, // U+04B6
    { 15, 19, 248, 1, 14, 72, 5610 }, // U+04B7
    { 14, 18, 279, 2, 18, 63, 5682 }, // U+04B8
    { 12, 14, 242, 1, 14, 42, 5745 }, // U+04B9
    { 14, 18, 279, 2, 18, 63, 5787 }, // U+04BA
    { 12, 19, 247, 2, 19, 57, 5850 }, // U+04BB
    { 20, 20, 340, 0, 19, 100, 5907 }, // U+04BC
    { 16, 15, 266, 0, 14, 60, 6007 }, // U+04BD
    { 20, 24, 340, 0, 19, 120, 6067 }, // U+04BE
    { 16, 19, 266, 0, 14, 76, 6187 }, // U+04BF
    { 7, 18, 136, 1, 18, 32, 6263 }, // U+04C0
    { 23, 23, 362, 0, 23, 133, 6295 }, // U+04C1
    { 19, 19, 304, 0, 19, 91, 6428 }, // U+04C2
    { 15, 25, 278, 2, 18, 94, 6519 }, // U+04C3
    { 12, 21, 224, 2, 14, 63, 6613 }, // U+04C4
    { 18, 23, 288, 0, 18, 104, 6676 }, // U+04C5
    { 15, 19, 235, 0, 14, 72, 6780 }, // U+04C6
    { 15, 25, 292, 2, 18, 94, 6852 }, // U+04C7
    { 12, 21, 248, 2, 14, 63, 6946 }, // U+04C8
    { 17, 23, 302, 2, 18, 98, 7009 }, // U+04C9
    { 15, 19, 265, 2, 14, 72, 7107 }, // U+04CA
    { 14, 23, 279, 2, 18, 81, 7179 }, // U+04CB
    { 13, 19, 245, 1, 14, 62, 7260 }, // U+04CC
    { 21, 23, 367, 2, 18, 121, 7322 }, // U+04CD
    { 17, 19, 302, 2, 14, 81, 7443 }, // U+04CE
    { 7, 18, 136, 1, 18, 32, 7524 }, // U+04CF
    { 16, 23, 256, 0, 23, 92, 0 }, // U+04D0
    { 11, 20, 224, 1, 19, 55, 92 }, // U+04D1
    { 16, 23, 256, 0, 23, 92, 147 }, // U+04D2
    { 11, 20, 224, 1, 19, 55, 239 }, // U+04D3
    { 22, 18, 352, -1, 18, 99, 294 }, // U+04D4
    { 20, 15, 346, 1, 14, 75, 393 }, // U+04D5
    { 11, 23, 222, 2, 23, 64, 468 }, // U+04D6
    { 12, 20, 226, 1, 19, 60, 532 }, // U+04D7
    { 16, 20, 296, 1, 19, 80, 592 }, // U+04D8
    { 12, 15, 226, 1, 14, 45, 672 }, // U+04D9
    { 16, 24, 296, 1, 23, 96, 717 }, // U+04DA
    { 12, 20, 226, 1, 19, 60, 813 }, // U+04DB
    { 23, 23, 362, 0, 23, 133, 873 }, // U+04DC
    { 19, 19, 304, 0, 19, 91, 1006 }, // U+04DD
    { 13, 24, 231, 0, 23, 78, 1097 }, // U+04DE
    { 12, 20, 195, 0, 19, 60, 1175 }, // U+04DF
    { 14, 19, 234, 0, 18, 67, 1235 }, // U+04E0
    { 12, 20, 199, 0, 14, 60, 1302 }, // U+04E1
    { 15, 21, 302, 2, 21, 79, 1362 }, // U+04E2
    { 12, 17, 248, 2, 17, 51, 1441 }, // U+04E3
    { 15, 23, 302, 2, 23, 87, 1492 }, // U+04E4
    { 12, 19, 248, 2, 19, 57, 1579 }, // U+04E5
    { 17, 24, 312, 1, 23, 102, 1636 }, // U+04E6
    { 13, 20, 242, 1, 19, 65, 1738 }, // U+04E7
    { 17, 20, 313, 1, 19, 85, 1803 }, // U+04E8
    { 13, 15, 242, 1, 14, 49, 1888 }, // U+04E9
    { 17, 24, 313, 1, 23, 102, 1937 }, // U+04EA
    { 13, 20, 242, 1, 19, 65, 2039 }, // U+04EB
    { 14, 24, 259, 1, 23, 84, 2104 }, // U+04EC
    { 11, 20, 198, 1, 19, 55, 2188 }, // U+04ED
    { 16, 22, 246, 0, 21, 88, 2243 }, // U+04EE
    { 13, 23, 204, 0, 17, 75, 2331 }, // U+04EF
    { 16, 24, 246, 0, 23, 96, 2406 }, // U+04F0
    { 13, 25, 204, 0, 19, 82, 2502 }, // U+04F1
    { 16, 25, 246, 0, 24, 100, 2584 }, // U+04F2
    { 13, 26, 204, 0, 20, 85, 2684 }, // U+04F3
    { 14, 23, 269, 1, 23, 81, 2769 }, // U+04F4
    { 12, 19, 236, 1, 19, 57, 2850 }, // U+04F5
    { 11, 23, 212, 2, 18, 64, 2907 }, // U+04F6
    { 9, 19, 173, 2, 14, 43, 2971 }, // U+04F7
    { 17, 23, 340, 2, 23, 98, 3014 }, // U+04F8
    { 15, 19, 304, 2, 19, 72, 3112 }, // U+04F9
    { 13, 23, 212, 0, 18, 75, 3184 }, // U+04FA
    { 11, 19, 174, 0, 14, 53, 3259 }, // U+04FB
    { 16, 23, 253, 0, 18, 92, 3312 }, // U+04FC
    { 14, 19, 220, 0, 14, 67, 3404 }, // U+04FD
    { 15, 18, 234, 0, 18, 68, 3471 }, // U+04FE
    { 13, 14, 212, 0, 14, 46, 3539 }, // U+04FF
    { 16, 23, 256, 0, 18, 92, 0 }, // U+1EA0
    { 11, 19, 224, 1, 14, 53, 92 }, // U+1EA1
    { 16, 25, 256, 0, 25, 100, 145 }, // U+1EA2
    { 11, 22, 224, 1, 21, 61, 245 }, // U+1EA3
    { 16, 25, 256, 0, 25, 100, 306 }, // U+1EA4
    { 13, 22, 224, 1, 21, 72, 406 }, // U+1EA5
    { 16, 25, 256, 0, 25, 100, 478 }, // U+1EA6
    { 12, 22, 224, 0, 21, 66, 578 }, // U+1EA7
    { 16, 26, 256, 0, 26, 104, 644 }, // U+1EA8
    { 12, 23, 224, 1, 22, 69, 748 }, // U+1EA9
    { 16, 27, 256, 0, 27, 108, 817 }, // U+1EAA
    { 11, 24, 224, 1, 23, 66, 925 }, // U+1EAB
    { 16, 29, 256, 0, 24, 116, 991 }, // U+1EAC
    { 11, 25, 224, 1, 20, 69, 1107 }, // U+1EAD
    { 16, 26, 256, 0, 26, 104, 1176 }, // U+1EAE
    { 11, 23, 224, 1, 22, 64, 1280 }, // U+1EAF
    { 16, 26, 256, 0, 26, 104, 1344 }, // U+1EB0
    { 11, 23, 224, 1, 22, 64, 1448 }, // U+1EB1
    { 16, 27, 256, 0, 27, 108, 1512 }, // U+1EB2
    { 11, 23, 224, 1, 22, 64, 1620 }, // U+1EB3
    { 16, 27, 256, 0, 27, 108, 1684 }, // U+1EB4
    { 11, 24, 224, 1, 23, 66, 1792 }, // U+1EB5
    { 16, 28, 256, 0, 23, 112, 1858 }, // U+1EB6
    { 11, 24, 224, 1, 19, 66, 1970 }, // U+1EB7
    { 11, 23, 222, 2, 18, 64, 2036 }, // U+1EB8
    { 12, 19, 226, 1, 14, 57, 2100 }, // U+1EB9
    { 11, 25, 222, 2, 25, 69, 2157 }, // U+1EBA
    { 12, 22, 226, 1, 21, 66, 2226 }, // U+1EBB
    { 11, 23, 222, 2, 23, 64, 2292 }, // U+1EBC
    { 12, 20, 226, 1, 19, 60, 2356 }, // U+1EBD
    { 12, 25, 222, 2, 25, 75, 2416 }, // U+1EBE
    { 13, 22, 226, 1, 21, 72, 2491 }, // U+1EBF
    { 13, 25, 222, 0, 25, 82, 2563 }, // U+1EC0
    { 13, 22, 226, 0, 21, 72, 2645 }, // U+1EC1
    { 12, 26, 222, 2, 26, 78, 2717 }, // U+1EC2
    { 13, 23, 226, 1, 22, 75, 2795 }, // U+1EC3
    { 11, 27, 222, 2, 27, 75, 2870 }, // U+1EC4
    { 12, 24, 226, 1, 23, 72, 2945 }, // U+1EC5
    { 11, 29, 222, 2, 24, 80, 3017 }, // U+1EC6
    { 12, 25, 226, 1, 20, 75, 3097 }, // U+1EC7
    { 7, 25, 136, 1, 25, 44, 3172 }, // U+1EC8
    { 6, 21, 103, 1, 21, 32, 3216 }, // U+1EC9
    { 7, 23, 136, 1, 18, 41, 3248 }, // U+1ECA
    { 4, 24, 103, 1, 19, 24, 3289 }, // U+1ECB
    { 17, 24, 312, 1, 19, 102, 3313 }, // U+1ECC
    { 13, 19, 242, 1, 14, 62, 3415 }, // U+1ECD
    { 17, 26, 312, 1, 25, 111, 3477 }, // U+1ECE
    { 13, 22, 242, 1, 21, 72, 3588 }, // U+1ECF
    { 17, 26, 312, 1, 25, 111, 3660 }, // U+1ED0
    { 14, 22, 242, 1, 21, 77, 3771 }, // U+1ED1
    { 17, 26, 312, 1, 25, 111, 3848 }, // U+1ED2
    { 13, 22, 242, 1, 21, 72, 3959 }, // U+1ED3
    { 17, 27, 312, 1, 26, 115, 4031 }, // U+1ED4
    { 13, 23, 242, 1, 22, 75, 4146 }, // U+1ED5
    { 17, 28, 312, 1, 27, 119, 4221 }, // U+1ED6
    { 13, 24, 242, 1, 23, 78, 4340 }, // U+1ED7
    { 17, 29, 312, 1, 24, 124, 4418 }, // U+1ED8
    { 13, 25, 242, 1, 20, 82, 4542 }, // U+1ED9
    { 20, 25, 314, 1, 24, 125, 4624 }, // U+1EDA
    { 16, 21, 246, 1, 20, 84, 4749 }, // U+1EDB
    { 20, 25, 314, 1, 24, 125, 4833 }, // U+1EDC
    { 16, 21, 246, 1, 20, 84, 4958 }, // U+1EDD
    { 20, 26, 314, 1, 25, 130, 5042 }, // U+1EDE
    { 16, 22, 246, 1, 21, 88, 5172 }, // U+1EDF
    { 20, 24, 314, 1, 23, 120, 5260 }, // U+1EE0
    { 16, 20, 246, 1, 19, 80, 5380 }, // U+1EE1
    { 20, 24, 314, 1, 19, 120, 5460 }, // U+1EE2
    { 16, 21, 246, 1, 16, 84, 5580 }, // U+1EE3
    { 14, 23, 292, 2, 18, 81, 5664 }, // U+1EE4
    { 13, 19, 247, 1, 14, 62, 5745 }, // U+1EE5
    { 14, 26, 292, 2, 25, 91, 5807 }, // U+1EE6
    { 13, 22, 247, 1, 21, 72, 5898 }, // U+1EE7
    { 19, 25, 312, 2, 24, 119, 5970 }, // U+1EE8
    { 17, 21, 270, 1, 20, 90, 6089 }, // U+1EE9
    { 19, 25, 312, 2, 24, 119, 6179 }, // U+1EEA
    { 17, 21, 270, 1, 20, 90, 6298 }, // U+1EEB
    { 19, 26, 312, 2, 25, 124, 6388 }, // U+1EEC
    { 17, 22, 270, 1, 21, 94, 6512 }, // U+1EED
    { 19, 24, 312, 2, 23, 114, 6606 }, // U+1EEE
    { 17, 20, 270, 1, 19, 85, 6720 }, // U+1EEF
    { 19, 24, 312, 2, 19, 114, 6805 }, // U+1EF0
    { 17, 21, 270, 1, 16, 90, 6919 }, // U+1EF1
    { 15, 24, 226, 0, 24, 90, 7009 }, // U+1EF2
    { 13, 26, 204, 0, 20, 85, 7099 }, // U+1EF3
    { 15, 23, 226, 0, 18, 87, 7184 }, // U+1EF4
    { 13, 20, 204, 0, 14, 65, 7271 }, // U+1EF5
    { 15, 25, 226, 0, 25, 94, 7336 }, // U+1EF6
    { 13, 27, 204, 0, 21, 88, 7430 }, // U+1EF7
    { 15, 23, 226, 0, 23, 87, 0 }, // U+1EF8
    { 13, 25, 204, 0, 19, 82, 87 }, // U+1EF9
    { 0, 0, 200, 0, 0, 0, 0 }, // U+2000
    { 0, 0, 400, 0, 0, 0, 0 }, // U+2001
    { 0, 0, 200, 0, 0, 0, 0 }, // U+2002
    { 0, 0, 400, 0, 0, 0, 0 }, // U+2003
    { 0, 0, 133, 0, 0, 0, 0 }, // U+2004
    { 0, 0, 100, 0, 0, 0, 0 }, // U+2005
    { 0, 0, 67, 0, 0, 0, 0 }, // U+2006
    { 0, 0, 229, 0, 0, 0, 0 }, // U+2007
    { 0, 0, 107, 0, 0, 0, 0 }, // U+2008
    { 0, 0, 66, 0, 0, 0, 0 }, // U+2009
    { 0, 0, 40, 0, 0, 0, 0 }, // U+200A
    { 0, 0, 0, 0, 0, 0, 0 }, // U+200B
    { 0, 0, 0, 0, 0, 0, 0 }, // U+200C
    { 0, 0, 0, 0, 0, 0, 0 }, // U+200D
    { 7, 22, 0, -1, 18, 39, 0 }, // U+200E
    { 7, 22, 0, -6, 18, 39, 39 }, // U+200F
    { 7, 3, 129, 1, 8, 6, 78 }, // U+2010
    { 7, 3, 129, 1, 8, 6, 84 }, // U+2011
    { 13, 2, 229, 1, 10, 7, 90 }, // U+2012
    { 11, 3, 200, 1, 8, 9, 97 }, // U+2013
    { 23, 3, 400, 1, 8, 18, 106 }, // U+2014
    { 23, 3, 400, 1, 8, 18, 124 }, // U+2015
    { 8, 26, 220, 3, 19, 52, 142 }, // U+2016
    { 12, 6, 164, -1, 0, 18, 194 }, // U+2017
    { 5, 7, 70, 0, 18, 9, 212 }, // U+2018
    { 5, 7, 70, 0, 18, 9, 221 }, // U+2019
    { 5, 7, 100, 0, 3, 9, 230 }, // U+201A
    { 5, 7, 70, 0, 18, 9, 239 }, // U+201B
    { 9, 7, 144, 0, 18, 16, 248 }, // U+201C
    { 9, 7, 144, 0, 18, 16, 264 }, // U+201D
    { 10, 7, 166, 0, 3, 18, 280 }, // U+201E
    { 9, 7, 144, 0, 18, 16, 298 }, // U+201F
    { 11, 19, 205, 1, 19, 53, 314 }, // U+2020
    { 11, 19, 205, 1, 19, 53, 367 }, // U+2021
    { 7, 7, 150, 1, 13, 13, 420 }, // U+2022
    { 8, 8, 147, 1, 13, 16, 433 }, // U+2023
    { 4, 5, 200, 4, 4, 5, 449 }, // U+2024
    { 11, 5, 214, 1, 4, 14, 454 }, // U+2025
    { 17, 5, 316, 1, 4, 22, 468 }, // U+2026
    { 4, 5, 107, 1, 9, 5, 490 }, // U+2027
    { 0, 0, 240, 0, 0, 0, 495 }, // U+2028
    { 0, 0, 240, 0, 0, 0, 495 }, // U+2029
    { 7, 20, 0, -1, 16, 35, 495 }, // U+202A
    { 7, 20, 0, -6, 16, 35, 530 }, // U+202B
    { 6, 22, 0, -3, 18, 33, 565 }, // U+202C
    { 6, 22, 0, -3, 18, 33, 598 }, // U+202D
    { 6, 22, 0, -3, 18, 33, 631 }, // U+202E
    { 0, 0, 66, 0, 0, 0, 664 }, // U+202F
    { 28, 20, 471, 1, 19, 140, 664 }, // U+2030
    { 37, 20, 618, 1, 19, 185, 804 }, // U+2031
    { 7, 7, 93, 0, 18, 13, 989 }, // U+2032
    { 11, 7, 163, 0, 18, 20, 1002 }, // U+2033
    { 16, 7, 234, 0, 18, 28, 1022 }, // U+2034
    { 6, 7, 93, -1, 18, 11, 1050 }, // U+2035
    { 10, 7, 176, -1, 18, 18, 1061 }, // U+2036
    { 14, 7, 241, -1, 18, 25, 1079 }, // U+2037
    { 10, 9, 160, 0, 3, 23, 1104 }, // U+2038
    { 6, 11, 124, 1, 12, 17, 1127 }, // U+2039
    { 7, 11, 124, 0, 12, 20, 1144 }, // U+203A
    { 19, 20, 335, 1, 19, 95, 1164 }, // U+203B
    { 10, 19, 200, 1, 18, 48, 1259 }, // U+203C
    { 11, 20, 178, 0, 19, 55, 1307 }, // U+203D
    { 14, 2, 200, -1, 21, 7, 1362 }, // U+203E
    { 15, 6, 244, 0, 0, 23, 1369 }, // U+203F
    { 15, 6, 244, 0, 20, 23, 1392 }, // U+2040
    { 9, 17, 150, 0, 11, 39, 1415 }, // U+2041
    { 28, 23, 447, 0, 19, 161, 1454 }, // U+2042
    { 7, 3, 129, 1, 8, 6, 1615 }, // U+2043
    { 13, 18, 52, -5, 18, 59, 1621 }, // U+2044
    { 7, 22, 130, 1, 18, 39, 1680 }, // U+2045
    { 7, 22, 130, 0, 18, 39, 1719 }, // U+2046
    { 21, 20, 342, 0, 19, 105, 1758 }, // U+2047
    { 16, 20, 272, 0, 19, 80, 1863 }, // U+2048
    { 16, 20, 273, 1, 19, 80, 1943 }, // U+2049
    { 13, 14, 229, 0, 14, 46, 2023 }, // U+204A
    { 13, 23, 262, 2, 19, 75, 2069 }, // U+204B
    { 13, 14, 256, 1, 14, 46, 2144 }, // U+204C
    { 13, 14, 256, 2, 14, 46, 2190 }, // U+204D
    { 12, 12, 220, 1, 6, 36, 2236 }, // U+204E
    { 5, 18, 95, 1, 14, 23, 2272 }, // U+204F
    { 15, 26, 242, 0, 20, 98, 2295 }, // U+2050
    { 12, 25, 220, 1, 19, 75, 2393 }, // U+2051
    { 10, 20, 149, 0, 19, 50, 2468 }, // U+2052
    { 23, 5, 400, 1, 10, 29, 2518 }, // U+2053
    { 15, 6, 242, 0, 0, 23, 2547 }, // U+2054
    { 14, 14, 229, 0, 13, 49, 2570 }, // U+2055
    { 11, 20, 207, 1, 19, 55, 2619 }, // U+2056
    { 20, 7, 297, 0, 18, 35, 2674 }, // U+2057
    { 19, 20, 329, 1, 19, 95, 2709 }, // U+2058
    { 19, 20, 332, 1, 19, 95, 2804 }, // U+2059
    { 4, 20, 88, 1, 19, 20, 2899 }, // U+205A
    { 15, 20, 262, 1, 19, 75, 2919 }, // U+205B
    { 19, 20, 318, 0, 19, 95, 2994 }, // U+205C
    { 4, 19, 107, 1, 18, 19, 3089 }, // U+205D
    { 4, 20, 107, 1, 19, 20, 3108 }, // U+205E
    { 0, 0, 89, 0, 0, 0, 3128 }, // U+205F
    { 0, 0, 240, 0, 0, 0, 3128 }, // U+2060
    { 0, 0, 240, 0, 0, 0, 3128 }, // U+2061
    { 0, 0, 240, 0, 0, 0, 3128 }, // U+2062
    { 0, 0, 240, 0, 0, 0, 3128 }, // U+2063
    { 0, 0, 240, 0, 0, 0, 3128 }, // U+2064
    { 0, 0, 0, 0, 0, 0, 3128 }, // U+2066
    { 0, 0, 0, 0, 0, 0, 3128 }, // U+2067
    { 0, 0, 0, 0, 0, 0, 3128 }, // U+2068
    { 0, 0, 0, 0, 0, 0, 3128 }, // U+2069
    { 6, 22, 0, -3, 18, 33, 3128 }, // U+206A
    { 6, 22, 0, -3, 18, 33, 3161 }, // U+206B
    { 6, 22, 0, -3, 18, 33, 3194 }, // U+206C
    { 6, 22, 0, -3, 18, 33, 3227 }, // U+206D
    { 6, 22, 0, -3, 18, 33, 3260 }, // U+206E
    { 6, 22, 0, -3, 18, 33, 3293 }, // U+206F
    { 9, 12, 140, 0, 22, 27, 0 }, // U+2070
    { 2, 12, 67, 1, 19, 6, 27 }, // U+2071
    { 9, 12, 140, 0, 22, 27, 33 }, // U+2074
    { 8, 12, 140, 0, 22, 24, 60 }, // U+2075
    { 9, 12, 140, 0, 22, 27, 84 }, // U+2076
    { 9, 12, 140, 0, 22, 27, 111 }, // U+2077
    { 9, 12, 140, 0, 22, 27, 138 }, // U+2078
    { 9, 12, 140, 0, 22, 27, 165 }, // U+2079
    { 8, 8, 135, 0, 19, 16, 192 }, // U+207A
    { 8, 2, 135, 0, 16, 4, 208 }, // U+207B
    { 8, 5, 135, 0, 17, 10, 212 }, // U+207C
    { 5, 14, 90, 1, 23, 18, 222 }, // U+207D
    { 5, 14, 90, 0, 23, 18, 240 }, // U+207E
    { 8, 9, 161, 1, 16, 18, 258 }, // U+207F
    { 9, 12, 140, 0, 8, 27, 276 }, // U+2080
    { 6, 12, 140, 0, 8, 18, 303 }, // U+2081
    { 8, 12, 140, 0, 8, 24, 321 }, // U+2082
    { 9, 12, 140, 0, 8, 27, 345 }, // U+2083
    { 9, 12, 140, 0, 8, 27, 372 }, // U+2084
    { 8, 12, 140, 0, 8, 24, 399 }, // U+2085
    { 9, 12, 140, 0, 8, 27, 423 }, // U+2086
    { 9, 12, 140, 0, 8, 27, 450 }, // U+2087
    { 9, 12, 140, 0, 8, 27, 477 }, // U+2088
    { 9, 12, 140, 0, 8, 27, 504 }, // U+2089
    { 8, 8, 135, 0, 6, 16, 531 }, // U+208A
    { 8, 2, 135, 0, 3, 4, 547 }, // U+208B
    { 8, 5, 135, 0, 4, 10, 551 }, // U+208C
    { 5, 14, 90, 1, 9, 18, 561 }, // U+208D
    { 5, 14, 90, 0, 9, 18, 579 }, // U+208E
    { 8, 9, 146, 0, 6, 18, 597 }, // U+2090
    { 9, 9, 147, 0, 6, 21, 615 }, // U+2091
    { 9, 9, 157, 0, 6, 21, 636 }, // U+2092
    { 9, 9, 138, 0, 6, 21, 657 }, // U+2093
    { 9, 9, 147, 0, 6, 21, 678 }, // U+2094
    { 8, 12, 161, 1, 9, 24, 699 }, // U+2095
    { 8, 12, 139, 1, 9, 24, 723 }, // U+2096
    { 2, 12, 67, 1, 9, 6, 747 }, // U+2097
    { 13, 9, 243, 1, 6, 30, 753 }, // U+2098
    { 8, 9, 161, 1, 6, 18, 783 }, // U+2099
    { 9, 12, 160, 1, 6, 27, 801 }, // U+209A
    { 8, 9, 124, 0, 6, 18, 828 }, // U+209B
    { 6, 11, 94, 0, 8, 17, 846 }, // U+209C
    { 14, 19, 229, 0, 19, 67, 0 }, // U+20A0
    { 13, 21, 229, 1, 19, 69, 67 }, // U+20A1
    { 13, 20, 229, 1, 19, 65, 136 }, // U+20A2
    { 12, 18, 229, 1, 18, 54, 201 }, // U+20A3
    { 14, 19, 229, 0, 19, 67, 255 }, // U+20A4
    { 20, 20, 374, 2, 17, 100, 322 }, // U+20A5
    { 15, 18, 229, 0, 18, 68, 422 }, // U+20A6
    { 18, 19, 310, 1, 18, 86, 490 }, // U+20A7
    { 18, 19, 333, 2, 18, 86, 576 }, // U+20A8
    { 17, 18, 268, 0, 18, 77, 662 }, // U+20A9
    { 16, 18, 320, 2, 18, 72, 739 }, // U+20AA
    { 15, 23, 247, 1, 19, 87, 811 }, // U+20AB
    { 14, 20, 229, 0, 19, 70, 898 }, // U+20AC
    { 15, 18, 229, 0, 18, 68, 968 }, // U+20AD
    { 14, 18, 229, 0, 18, 63, 1036 }, // U+20AE
    { 24, 25, 388, 0, 19, 150, 1099 }, // U+20AF
    { 13, 25, 229, 0, 19, 82, 1249 }, // U+20B0
    { 15, 18, 229, 0, 18, 68, 1331 }, // U+20B1
    { 16, 21, 291, 1, 19, 84, 1399 }, // U+20B2
    { 16, 18, 243, 0, 18, 72, 1483 }, // U+20B3
    { 14, 20, 220, 0, 19, 70, 1555 }, // U+20B4
    { 15, 21, 253, 1, 19, 79, 1625 }, // U+20B5
    { 15, 18, 248, 0, 17, 68, 1704 }, // U+20B6
    { 17, 21, 290, 0, 19, 90, 1772 }, // U+20B7
    { 14, 18, 218, 0, 18, 63, 1862 }, // U+20B8
    { 12, 18, 229, 1, 18, 54, 1925 }, // U+20B9
    { 14, 19, 229, 0, 18, 67, 1979 }, // U+20BA
    { 20, 20, 312, 0, 19, 100, 2046 }, // U+20BB
    { 18, 18, 324, 1, 18, 81, 2146 }, // U+20BC
    { 14, 18, 233, 0, 18, 63, 2227 }, // U+20BD
    { 17, 20, 308, 1, 20, 85, 2290 }, // U+20BE
    { 12, 24, 229, 2, 21, 72, 2375 }, // U+20BF
    { 10, 18, 197, 1, 14, 45, 2447 }, // U+20C0
    { 12, 3, 229, 1, 10, 9, 0 }, // U+2212
    { 19, 20, 275, 0, 20, 95, 0 }, // U+FB00
    { 14, 20, 241, 0, 20, 70, 95 }, // U+FB01
    { 13, 20, 241, 0, 20, 65, 165 }, // U+FB02
    { 22, 20, 378, 0, 20, 110, 230 }, // U+FB03
    { 22, 20, 378, 0, 20, 110, 340 }, // U+FB04
    { 15, 21, 269, 2, 20, 79, 450 }, // U+FB05
    { 20, 21, 336, 1, 20, 105, 529 }, // U+FB06
    { 23, 23, 400, 1, 19, 133, 0 }, // U+FFFD
};

static const EpdUnicodeInterval notosans_12_regularIntervals[] = {
    { 0x0, 0x0, 0x0 },
    { 0xD, 0xD, 0x1 },
    { 0x20, 0x7E, 0x2 },
    { 0xA0, 0x17F, 0x61 },
    { 0x1A0, 0x1A1, 0x141 },
    { 0x1AF, 0x1B0, 0x143 },
    { 0x1C4, 0x21F, 0x145 },
    { 0x300, 0x36F, 0x1A1 },
    { 0x400, 0x4FF, 0x211 },
    { 0x1EA0, 0x1EF9, 0x311 },
    { 0x2000, 0x2064, 0x36B },
    { 0x2066, 0x2071, 0x3D0 },
    { 0x2074, 0x208E, 0x3DC },
    { 0x2090, 0x209C, 0x3F7 },
    { 0x20A0, 0x20C0, 0x404 },
    { 0x2212, 0x2212, 0x425 },
    { 0xFB00, 0xFB06, 0x426 },
    { 0xFFFD, 0xFFFD, 0x42D },
};

static const EpdFontGroup notosans_12_regularGroups[] = {
    { 0, 2398, 5334, 97, 0 },
    { 2398, 2175, 6440, 96, 97 },
    { 4573, 2131, 8180, 109, 193 },
    { 6704, 524, 1669, 19, 302 },
    { 7228, 2383, 8187, 86, 321 },
    { 9611, 359, 832, 10, 407 },
    { 9970, 942, 1484, 112, 417 },
    { 10912, 3193, 8164, 113, 529 },
    { 14105, 3229, 8184, 95, 642 },
    { 17334, 1450, 3913, 48, 737 },
    { 18784, 1634, 8177, 88, 785 },
    { 20418, 131, 192, 2, 873 },
    { 20549, 1587, 3716, 111, 875 },
    { 22136, 500, 1082, 42, 986 },
    { 22636, 1483, 2719, 33, 1028 },
    { 24119, 11, 9, 1, 1061 },
    { 24130, 246, 689, 7, 1062 },
    { 24376, 97, 138, 1, 1069 },
};

static const uint16_t notosans_12_regularKernLeftCodepoints[] = {
    0x0022, 0x0026, 0x0027, 0x0028, 0x002C, 0x002D, 0x002E, 0x003A, 0x0041, 0x0042, 0x0043, 0x0044,
    0x0045, 0x0046, 0x004B, 0x004C, 0x004F, 0x0050, 0x0051, 0x0052, 0x0054, 0x0055, 0x0056, 0x0057,
    0x0058, 0x0059, 0x005A, 0x005B, 0x005F, 0x0061, 0x0062, 0x0063, 0x0065, 0x0066, 0x0068, 0x006D,
    0x006E, 0x006F, 0x0070, 0x0072, 0x0074, 0x0076, 0x0077, 0x0078, 0x0079, 0x007B, 0x00A1, 0x00AB,
    0x00BB, 0x00BF, 0x00C0, 0x00C1, 0x00C2, 0x00C3, 0x00C4, 0x00C5, 0x00C6, 0x00C7, 0x00C8, 0x00C9,
    0x00CA, 0x00CB, 0x00D0, 0x00D2, 0x00D3, 0x00D4, 0x00D5, 0x00D6, 0x00D8, 0x00D9, 0x00DA, 0x00DB,
    0x00DC, 0x00DD, 0x00DE, 0x00E0, 0x00E1, 0x00E2, 0x00E3, 0x00E4, 0x00E5, 0x00E6, 0x00E8, 0x00E9,
    0x00EA, 0x00EB, 0x00EE, 0x00EF, 0x00F0, 0x00F2, 0x00F3, 0x00F4, 0x00F5, 0x00F6, 0x00F8, 0x00FD,
    0x00FE, 0x00FF, 0x0100, 0x0101, 0x0102, 0x0103, 0x0104, 0x0105, 0x0106, 0x0108, 0x010A, 0x010C,
    0x010E, 0x010F, 0x0110, 0x0112, 0x0113, 0x0114, 0x0115, 0x0116, 0x0117, 0x0118, 0x0119, 0x011A,
    0x011B, 0x0125, 0x0129, 0x012B, 0x012E, 0x0136, 0x0138, 0x0139, 0x013B, 0x013D, 0x013E, 0x013F,
    0x0141, 0x0144, 0x0146, 0x0149, 0x014B, 0x014C, 0x014D, 0x014E, 0x014F, 0x0150, 0x0151, 0x0152,
    0x0153, 0x0155, 0x0157, 0x0159, 0x0162, 0x0163, 0x0164, 0x0165, 0x0166, 0x0167, 0x0168, 0x016A,
    0x016C, 0x016E, 0x0170, 0x0172, 0x0174, 0x0175, 0x0176, 0x0177, 0x0178, 0x0179, 0x017B, 0x017D,
    0x01A0, 0x01A1, 0x01AF, 0x01B0, 0x01FA, 0x01FB, 0x01FC, 0x01FD, 0x01FE, 0x020B, 0x021A, 0x021B,
    0x0400, 0x0401, 0x0402, 0x0403, 0x0404, 0x0405, 0x0409, 0x040A, 0x040B, 0x040C, 0x040E, 0x0410,
    0x0411, 0x0412, 0x0413, 0x0414, 0x0415, 0x0416, 0x0417, 0x041A, 0x041E, 0x0420, 0x0421, 0x0422,
    0x0423, 0x0424, 0x0425, 0x0426, 0x0429, 0x042A, 0x042C, 0x042D, 0x042E, 0x0430, 0x0431, 0x0432,
    0x0433, 0x0434, 0x0435, 0x0436, 0x0437, 0x0438, 0x0439, 0x043A, 0x043B, 0x043C, 0x043D, 0x043E,
    0x043F, 0x0440, 0x0441, 0x0442, 0x0443, 0x0444, 0x0445, 0x0446, 0x0447, 0x0448, 0x0449, 0x044A,
    0x044B, 0x044C, 0x044D, 0x044E, 0x044F, 0x0450, 0x0451, 0x0452, 0x0453, 0x0454, 0x0455, 0x0457,
    0x0458, 0x0459, 0x045A, 0x045B, 0x045C, 0x045D, 0x045E, 0x045F, 0x0460, 0x0461, 0x0462, 0x0463,
    0x0464, 0x0465, 0x0466, 0x0467, 0x0468, 0x0469, 0x046E, 0x0471, 0x0472, 0x0473, 0x0474, 0x0475,
    0x0476, 0x0477, 0x0478, 0x0479, 0x047A, 0x047B, 0x047C, 0x047D, 0x047E, 0x047F, 0x0480, 0x048A,
    0x048B, 0x048C, 0x048D, 0x048E, 0x048F, 0x0490, 0x0491, 0x0492, 0x0493, 0x0496, 0x0497, 0x0498,
    0x0499, 0x049A, 0x049B, 0x049C, 0x049D, 0x049E, 0x049F, 0x04A0, 0x04A1, 0x04A2, 0x04A3, 0x04A4,
    0x04A5, 0x04A9, 0x04AA, 0x04AB, 0x04AC, 0x04AD, 0x04AE, 0x04AF, 0x04B0, 0x04B1, 0x04B2, 0x04B3,
    0x04B4, 0x04B5, 0x04B6, 0x04B7, 0x04BC, 0x04BD, 0x04BE, 0x04BF, 0x04C1, 0x04C2, 0x04C5, 0x04C6,
    0x04C9, 0x04CA, 0x04CD, 0x04CE, 0x04D0, 0x04D1, 0x04D2, 0x04D3, 0x04D4, 0x04D5, 0x04D6, 0x04D7,
    0x04D8, 0x04D9, 0x04DA, 0x04DB, 0x04DC, 0x04DD, 0x04DE, 0x04DF, 0x04E3, 0x04E5, 0x04E6, 0x04E7,
    0x04E8, 0x04E9, 0x04EA, 0x04EB, 0x04EC, 0x04ED, 0x04EE, 0x04EF, 0x04F0, 0x04F1, 0x04F2, 0x04F3,
    0x04F5, 0x04F6, 0x04F7, 0x04F9, 0x04FA, 0x04FB, 0x04FC, 0x04FD, 0x04FE, 0x04FF, 0x1EA0, 0x1EA1,
    0x1EA2, 0x1EA3, 0x1EA4, 0x1EA5, 0x1EA6, 0x1EA7, 0x1EA8, 0x1EA9, 0x1EAA, 0x1EAB, 0x1EAC, 0x1EAD,
    0x1EAE, 0x1EAF, 0x1EB0, 0x1EB1, 0x1EB2, 0x1EB3, 0x1EB4, 0x1EB5, 0x1EB6, 0x1EB7, 0x1EB8, 0x1EB9,
    0x1EBA, 0x1EBB, 0x1EBC, 0x1EBD, 0x1EBE, 0x1EBF, 0x1EC0, 0x1EC1, 0x1EC2, 0x1EC3, 0x1EC4, 0x1EC5,
    0x1EC6, 0x1EC7, 0x1ECC, 0x1ECD, 0x1ECE, 0x1ECF, 0x1ED0, 0x1ED1, 0x1ED2, 0x1ED3, 0x1ED4, 0x1ED5,
    0x1ED6, 0x1ED7, 0x1ED8, 0x1ED9, 0x1EDA, 0x1EDB, 0x1EDC, 0x1EDD, 0x1EDE, 0x1EDF, 0x1EE0, 0x1EE1,
    0x1EE2, 0x1EE3, 0x1EE4, 0x1EE6, 0x1EE8, 0x1EE9, 0x1EEA, 0x1EEB, 0x1EEC, 0x1EED, 0x1EEE, 0x1EEF,
    0x1EF0, 0x1EF1, 0x1EF2, 0x1EF3, 0x1EF4, 0x1EF5, 0x1EF6, 0x1EF7, 0x1EF8, 0x1EF9, 0x2013, 0x2014,
    0x2015, 0x2018, 0x2019, 0x201A, 0x201C, 0x201D, 0x201E, 0x2039, 0x203A, 0xFB00,
};

static const uint8_t notosans_12_regularKernLeftClassIds[] = {
      1,   2,   1,   3,   4,   5,   4,   6,   7,   8,   9,  10,  11,  12,   9,  13,
     10,  14,  10,  15,  16,  17,  18,  18,   9,  19,  20,   3,  21,  22,  23,  24,
     23,  25,  22,  22,  22,  23,  23,  26,  24,  27,  27,  28,  27,   3,  29,  30,
     31,  32,   7,   7,   7,   7,   7,   7,  11,   9,  11,  11,  11,  11,  10,  10,
     10,  10,  10,  10,  10,  17,  17,  17,  17,  19,  14,  22,  22,  22,  22,  22,
     22,  23,  23,  23,  23,  23,  33,  33,  23,  23,  23,  23,  23,  23,  23,  27,
     23,  27,   7,  22,   7,  22,  34,  22,   9,   9,   9,   9,  10,  35,  10,  11,
     23,  11,  23,  11,  23,  11,  23,  11,  23,  22,  36,  33,  37,   9,  28,  13,
     13,  13,  35,  13,  13,  22,  22,  22,  22,  10,  23,  10,  23,  10,  23,  11,
     23,  26,  26,  26,  16,  24,  16,  38,  16,  24,  17,  17,  17,  17,  17,  17,
     18,  27,  19,  27,  19,  20,  20,  20,  39,  40,  41,  42,   7,  22,  11,  23,
     10,  33,  16,  24,  43,  43,  44,  45,  46,  47,  48,  48,  44,  49,  50,  51,
     52,  53,  45,  54,  43,  49,  53,  49,  55,  56,  46,  45,  50,  57,  49,  54,
     54,  48,  48,  55,  55,  58,  59,  60,  61,  62,  63,  64,  60,  65,  65,  64,
     65,  65,  65,  63,  65,  63,  66,  61,  67,  63,  64,  62,  65,  65,  62,  68,
     65,  68,  63,  63,  65,  63,  63,  69,  61,  66,  70,  71,  72,  68,  68,  73,
     64,  65,  67,  65,  55,  74,  75,  68,  46,  66,  51,  76,  51,  76,  77,  63,
     55,  63,  50,  74,  50,  74,  67,  67,  55,  63,  55,  63,  55,  74,  46,  54,
     62,  75,  68,  56,  63,  78,  79,  80,  81,  82,  83,  77,  60,  82,  83,  49,
     64,  49,  64,  49,  64,  54,  62,  80,  79,  63,  46,  66,  78,  79,  84,  85,
     84,  85,  82,  83,  54,  62,  54,  62,  86,  87,  86,  87,  49,  64,  54,  62,
     54,  62,  54,  62,  51,  58,  51,  58,  43,  87,  43,  87,  55,  63,  55,  63,
     49,  64,  77,  60,  65,  65,  55,  63,  55,  63,  55,  63,  55,  63,  50,  67,
     50,  67,  50,  67,  65,  78,  79,  65,  80,  81,  82,  83,  49,  83,   7,  22,
      7,  22,   7,  22,   7,  22,   7,  22,   7,  22,   7,  22,   7,  22,   7,  22,
      7,  22,   7,  22,   7,  22,  11,  23,  11,  23,  11,  23,  11,  23,  11,  23,
     11,  23,  11,  23,  11,  23,  10,  23,  10,  23,  10,  23,  10,  23,  10,  23,
     10,  23,  10,  23,  39,  40,  39,  40,  39,  40,  39,  40,  39,  40,  17,  17,
     41,  42,  41,  42,  41,  42,  41,  42,  41,  42,  19,  27,  19,  27,  19,  27,
     19,  27,   5,   5,   5,   1,   1,   4,   1,   1,   4,  30,  31,  25,
};

static const uint16_t notosans_12_regularKernRightCodepoints[] = {
    0x0021, 0x0022, 0x0026, 0x0027, 0x0029, 0x002C, 0x002D, 0x002E, 0x003A, 0x003B, 0x003F, 0x0041,
    0x0043, 0x0047, 0x0049, 0x004A, 0x004F, 0x0051, 0x0054, 0x0055, 0x0056, 0x0057, 0x0058, 0x0059,
    0x005A, 0x005D, 0x0061, 0x0062, 0x0063, 0x0064, 0x0065, 0x0066, 0x0067, 0x0068, 0x006A, 0x006B,
    0x006C, 0x006D, 0x006E, 0x006F, 0x0070, 0x0071, 0x0072, 0x0073, 0x0074, 0x0075, 0x0076, 0x0077,
    0x0078, 0x0079, 0x007A, 0x007D, 0x00AB, 0x00BB, 0x00C0, 0x00C1, 0x00C2, 0x00C3, 0x00C4, 0x00C5,
    0x00C6, 0x00C7, 0x00D2, 0x00D3, 0x00D4, 0x00D5, 0x00D6, 0x00D8, 0x00D9, 0x00DA, 0x00DB, 0x00DC,
    0x00DD, 0x00E0, 0x00E1, 0x00E2, 0x00E3, 0x00E4, 0x00E5, 0x00E6, 0x00E7, 0x00E8, 0x00E9, 0x00EA,
    0x00EB, 0x00F2, 0x00F3, 0x00F4, 0x00F5, 0x00F6, 0x00F8, 0x00F9, 0x00FA, 0x00FB, 0x00FC, 0x00FD,
    0x00FE, 0x00FF, 0x0100, 0x0101, 0x0102, 0x0103, 0x0104, 0x0105, 0x0106, 0x0107, 0x0108, 0x0109,
    0x010A, 0x010B, 0x010C, 0x010D, 0x010F, 0x0111, 0x0113, 0x0115, 0x0117, 0x0119, 0x011B, 0x011C,
    0x011D, 0x011E, 0x011F, 0x0120, 0x0121, 0x0122, 0x0123, 0x0125, 0x0127, 0x0129, 0x0137, 0x0138,
    0x013A, 0x013C, 0x013E, 0x0140, 0x0144, 0x0146, 0x014B, 0x014C, 0x014D, 0x014E, 0x014F, 0x0150,
    0x0151, 0x0152, 0x0153, 0x0155, 0x0157, 0x015B, 0x015F, 0x0162, 0x0163, 0x0164, 0x0165, 0x0166,
    0x0167, 0x0168, 0x0169, 0x016A, 0x016B, 0x016C, 0x016D, 0x016E, 0x016F, 0x0170, 0x0171, 0x0172,
    0x0173, 0x0174, 0x0175, 0x0176, 0x0177, 0x0178, 0x0179, 0x017A, 0x017B, 0x017C, 0x017D, 0x017E,
    0x01A0, 0x01A1, 0x01AF, 0x01B0, 0x01FA, 0x01FB, 0x01FC, 0x01FD, 0x01FE, 0x01FF, 0x0219, 0x021A,
    0x021B, 0x0402, 0x0404, 0x0405, 0x0408, 0x0409, 0x040B, 0x040E, 0x0410, 0x0414, 0x0416, 0x0417,
    0x041B, 0x041E, 0x0421, 0x0422, 0x0423, 0x0424, 0x0425, 0x0427, 0x042A, 0x042D, 0x042F, 0x0430,
    0x0431, 0x0432, 0x0433, 0x0434, 0x0435, 0x0436, 0x0437, 0x0438, 0x0439, 0x043A, 0x043B, 0x043C,
    0x043D, 0x043E, 0x043F, 0x0440, 0x0441, 0x0442, 0x0443, 0x0444, 0x0445, 0x0446, 0x0447, 0x0448,
    0x0449, 0x044A, 0x044B, 0x044C, 0x044D, 0x044E, 0x044F, 0x0450, 0x0451, 0x0452, 0x0453, 0x0454,
    0x0455, 0x0457, 0x0458, 0x0459, 0x045A, 0x045B, 0x045C, 0x045D, 0x045E, 0x045F, 0x0460, 0x0461,
    0x0462, 0x0465, 0x0466, 0x0467, 0x0469, 0x046D, 0x046E, 0x0470, 0x0472, 0x0473, 0x0474, 0x0475,
    0x0476, 0x0477, 0x0478, 0x0479, 0x047A, 0x047B, 0x047C, 0x047D, 0x047E, 0x047F, 0x0480, 0x0481,
    0x048B, 0x048C, 0x048D, 0x048F, 0x0491, 0x0492, 0x0495, 0x0496, 0x0497, 0x0498, 0x0499, 0x049B,
    0x049D, 0x049F, 0x04A0, 0x04A1, 0x04A3, 0x04A5, 0x04A7, 0x04A8, 0x04A9, 0x04AA, 0x04AB, 0x04AC,
    0x04AD, 0x04AE, 0x04AF, 0x04B0, 0x04B1, 0x04B2, 0x04B3, 0x04B4, 0x04B5, 0x04B6, 0x04B7, 0x04B8,
    0x04B9, 0x04BB, 0x04BC, 0x04BD, 0x04BE, 0x04BF, 0x04C1, 0x04C2, 0x04C4, 0x04C5, 0x04C6, 0x04C8,
    0x04CA, 0x04CB, 0x04CC, 0x04CE, 0x04D0, 0x04D1, 0x04D2, 0x04D3, 0x04D4, 0x04D5, 0x04D7, 0x04D8,
    0x04D9, 0x04DA, 0x04DB, 0x04DC, 0x04DD, 0x04DE, 0x04DF, 0x04E3, 0x04E5, 0x04E6, 0x04E7, 0x04E8,
    0x04E9, 0x04EA, 0x04EB, 0x04EC, 0x04ED, 0x04EE, 0x04EF, 0x04F0, 0x04F1, 0x04F2, 0x04F3, 0x04F4,
    0x04F5, 0x04F7, 0x04F9, 0x04FA, 0x04FC, 0x04FD, 0x04FE, 0x04FF, 0x1EA0, 0x1EA1, 0x1EA2, 0x1EA3,
    0x1EA4, 0x1EA5, 0x1EA6, 0x1EA7, 0x1EA8, 0x1EA9, 0x1EAA, 0x1EAB, 0x1EAC, 0x1EAD, 0x1EAE, 0x1EAF,
    0x1EB0, 0x1EB1, 0x1EB2, 0x1EB3, 0x1EB4, 0x1EB5, 0x1EB6, 0x1EB7, 0x1EB9, 0x1EBB, 0x1EBD, 0x1EBF,
    0x1EC1, 0x1EC3, 0x1EC5, 0x1EC7, 0x1ECC, 0x1ECD, 0x1ECE, 0x1ECF, 0x1ED0, 0x1ED1, 0x1ED2, 0x1ED3,
    0x1ED4, 0x1ED5, 0x1ED6, 0x1ED7, 0x1ED8, 0x1ED9, 0x1EDA, 0x1EDB, 0x1EDC, 0x1EDD, 0x1EDE, 0x1EDF,
    0x1EE0, 0x1EE1, 0x1EE2, 0x1EE3, 0x1EE4, 0x1EE5, 0x1EE6, 0x1EE7, 0x1EE8, 0x1EE9, 0x1EEA, 0x1EEB,
    0x1EEC, 0x1EED, 0x1EEE, 0x1EEF, 0x1EF0, 0x1EF1, 0x1EF2, 0x1EF4, 0x1EF5, 0x1EF6, 0x1EF7, 0x1EF8,
    0x1EF9, 0x2013, 0x2014, 0x2015, 0x2018, 0x2019, 0x201A, 0x201C, 0x201D, 0x201E, 0x2026, 0x2039,
    0x203A, 0xFB00, 0xFB01, 0xFB02, 0xFB03, 0xFB04,
};

static const uint8_t notosans_12_regularKernRightClassIds[] = {
      1,   2,   3,   2,   4,   5,   6,   5,   7,   7,   8,   9,  10,  10,  11,  12,
     10,  10,  13,  14,  15,  15,  16,  17,  18,   4,  19,  20,  21,  21,  21,  22,
     23,  20,  24,  20,  20,  25,  25,  21,  25,  21,  25,  26,  22,  25,  27,  27,
     27,  27,  28,   4,  29,  30,   9,   9,   9,   9,   9,   9,  31,  10,  10,  10,
     10,  10,  10,  10,  14,  14,  14,  14,  17,  21,  19,  19,  19,  19,  19,  19,
     21,  21,  21,  21,  21,  21,  21,  21,  21,  21,  21,  25,  25,  25,  25,  27,
     20,  27,   9,  19,   9,  19,   9,  19,  10,  21,  10,  21,  10,  21,  10,  21,
     21,  21,  21,  21,  21,  21,  21,  10,  23,  10,  23,  10,  23,  10,  23,  20,
     32,  33,  20,  25,  20,  20,  20,  20,  25,  25,  25,  10,  21,  10,  21,  10,
     21,  10,  21,  25,  25,  26,  26,  13,  22,  13,  22,  13,  22,  14,  25,  14,
     25,  14,  25,  14,  25,  14,  25,  14,  25,  15,  27,  17,  27,  17,  18,  28,
     18,  28,  18,  28,  10,  21,  14,  25,   9,  19,  31,  19,  10,  21,  26,  13,
     22,  34,  35,  36,  37,  38,  34,  39,  40,  41,  42,  43,  38,  35,  35,  34,
     39,  44,  42,  45,  34,  43,  46,  47,  48,  49,  49,  50,  51,  52,  53,  49,
     49,  49,  54,  49,  49,  51,  49,  49,  51,  55,  56,  51,  52,  49,  57,  49,
     49,  55,  49,  49,  53,  49,  58,  51,  51,  59,  49,  51,  60,  61,  62,  54,
     49,  59,  49,  49,  56,  49,  63,  64,  65,  66,  40,  50,  66,  66,  43,  45,
     63,  47,  67,  64,  67,  64,  63,  47,  63,  47,  63,  47,  63,  64,  63,  47,
     66,  65,  59,  66,  66,  65,  66,  42,  52,  43,  53,  66,  66,  59,  68,  55,
     66,  66,  66,  63,  47,  63,  47,  34,  55,  69,  70,  69,  70,  42,  52,  68,
     55,  45,  57,  45,  57,  66,  71,  72,  71,  72,  42,  52,  66,  73,  50,  66,
     66,  45,  57,  66,  40,  74,  40,  74,  40,  74,  47,  75,  74,  75,  74,  42,
     52,  43,  53,  49,  49,  63,  47,  63,  47,  63,  47,  43,  53,  39,  56,  39,
     56,  39,  56,  45,  57,  66,  49,  65,  42,  52,  42,  52,   9,  19,   9,  19,
      9,  19,   9,  19,   9,  19,   9,  19,   9,  19,   9,  19,   9,  19,   9,  19,
      9,  19,   9,  19,  21,  21,  21,  21,  21,  21,  21,  21,  10,  21,  10,  21,
     10,  21,  10,  21,  10,  21,  10,  21,  10,  21,  10,  21,  10,  21,  10,  21,
     10,  21,  10,  21,  14,  25,  14,  25,  14,  25,  14,  25,  14,  25,  14,  25,
     14,  25,  17,  17,  27,  17,  27,  17,  27,   6,   6,   6,  76,   2,   5,  76,
      2,   5,   5,  29,  30,  22,  22,  22,  22,  22,
};

static const uint16_t notosans_12_regularKernRowOffsets[] = {
        0,    29,    32,    37,    54,    61,    66,    72,    73,    75,    82,    83,    87,    93,   100,   101,
      117,   119,   130,   143,   145,   146,   147,   150,   151,   154,   159,   162,   163,   167,   173,   182,
      186,   187,   193,   200,   202,   203,   208,   214,   217,   227,   230,   231,   244,   269,   275,   277,
      288,   303,   332,   351,   353,   357,   369,   385,   402,   420,   426,   437,   445,   456,   468,   479,
      491,   493,   497,   509,   527,   533,   537,   541,   543,   548,   550,   557,   565,   568,   593,   600,
      616,   619,   624,   626,   638,   640,   643,   646,
};

static const uint8_t notosans_12_regularKernSparseCols[] = {
      8,  12,  14,  16,  18,  20,  22,  24,  25,  30,  32,  33,  37,  38,  39,  40,
     41,  43,  46,  49,  52,  53,  54,  55,  58,  60,  67,  72,  73,  12,  14,  16,
     11,  23,  36,  43,  61,   9,  12,  13,  14,  16,  33,  36,  38,  43,  44,  54,
     56,  62,  66,  67,  68,  70,  12,  33,  38,  41,  51,  54,  67,  33,  41,  43,
     44,  56,   1,   9,  11,  12,  14,  16,   4,   9,  28,   4,   8,  12,  14,  15,
     16,  17,  11,   3,   4,   7,   8,   1,   9,  12,  13,  14,  16,   2,   4,   8,
     15,  17,  28,  30,  28,   2,   4,   5,   7,   8,   9,  12,  18,  20,  22,  24,
     25,  26,  27,  28,  29,   4,   8,   4,   7,   8,   9,  18,  20,  22,  24,  25,
     28,  29,   2,   4,   7,   8,   9,  18,  20,  22,  24,  25,  27,  28,  29,   9,
     28,  11,   1,   1,  26,  27,   1,   1,   3,   4,   1,   4,  18,  20,  22,   1,
      4,   7,  20,  11,  12,  14,  16,  12,  14,  16,  33,  39,  67,  12,  14,  15,
     16,  33,  38,  41,  44,  67,  11,  12,  14,  16,   3,   1,   9,  11,  12,  14,
     16,   0,   1,   3,   7,  19,  31,  75,   3,  32,  11,   0,   1,   3,   7,  75,
      8,  10,  12,  14,  15,  16,  19,  21,  26,   8,   9,  10,  12,  14,  15,  16,
     18,  20,  22,  19,  21,  26,  36,   1,  33,  38,  44,  54,  55,  56,  64,  66,
     67,  68,  69,  75,   1,   4,   5,   6,  29,  33,  34,  37,  39,  40,  43,  46,
     47,  48,  49,  50,  51,  52,  53,  54,  55,  56,  57,  59,  67,  28,  34,  43,
     56,  62,  70,   4,  43,   1,   4,  33,  38,  44,  51,  54,  55,  57,  67,  75,
      1,   5,   6,  28,  34,  43,  44,  46,  47,  50,  54,  55,  56,  62,  70,   1,
      4,   5,   6,  28,  29,  34,  35,  37,  39,  40,  43,  45,  46,  47,  48,  49,
     50,  51,  52,  53,  56,  57,  58,  59,  62,  70,  71,  72,   1,  29,  33,  34,
     36,  38,  43,  44,  50,  54,  55,  56,  64,  66,  67,  68,  70,  74,  75,  51,
     55,   3,  51,  56,  57,   4,  36,  37,  40,  43,  44,  49,  53,  54,  55,  56,
     61,   4,  33,  37,  38,  39,  40,  41,  42,  49,  51,  53,  57,  66,  67,  68,
     72,   4,   5,   6,  28,  29,  37,  38,  39,  40,  41,  43,  46,  49,  50,  53,
     57,  72,   1,   3,   4,   6,  33,  35,  37,  38,  39,  40,  41,  42,  45,  49,
     51,  53,  57,  67,   1,  33,  38,  51,  54,  55,  33,  38,  39,  41,  45,  49,
     51,  54,  55,  56,  57,   3,  33,  38,  41,  45,  51,  54,  55,   1,   4,   5,
     37,  39,  40,  41,  49,  50,  53,  75,   1,   4,  33,  36,  37,  40,  44,  49,
     53,  54,  56,  61,  33,  38,  39,  41,  45,  49,  51,  54,  55,  56,  57,   5,
     33,  34,  38,  43,  44,  46,  50,  56,  57,  71,  75,  33,  58,   1,  33,  50,
     57,   1,   4,  37,  39,  40,  41,  46,  49,  50,  53,  57,  75,   1,   6,  33,
     38,  39,  41,  43,  44,  45,  51,  54,  55,  56,  57,  63,  69,  71,  75,   1,
     33,  36,  54,  55,  61,  33,  38,  45,  57,   1,  33,  58,  60,  36,  61,   1,
     33,  36,  54,  55,   4,  49,   1,  33,  44,  54,  66,  67,  68,   1,  46,  54,
     55,  56,  63,  69,  71,   4,  66,  68,   4,   5,  28,  29,  33,  34,  37,  39,
     40,  43,  46,  49,  51,  52,  54,  55,  56,  62,  63,  65,  69,  70,  71,  72,
     73,   4,   5,  39,  46,  49,  50,  53,   4,   5,  33,  39,  46,  49,  51,  52,
     56,  58,  62,  65,  67,  70,  71,  72,   4,  46,  49,  54,  56,  62,  70,  71,
     46,  56,   4,  39,  46,  49,  56,  58,  62,  65,  71,  72,  73,  74,   4,  49,
     33,  66,  68,   1,  51,  55,
};

static const int8_t notosans_12_regularKernSparseValues[] = {
     -28,    8,    8,    4,  -16,  -24,  -12,  -12,  -12,  -32,   28,    8,  -12,    8,  -28,  -24,
       8,   -4,  -16,  -28,    8,  -20,   12,    8,   12,   12,    8,  -24,   -8,  -24,   -8,  -12,
      36,   16,   40,  -12,   24,  -20,  -28,   -8,  -24,  -24,  -20,   24,   -8,  -16,  -32,  -16,
     -24,  -20,  -24,  -28,  -24,  -24,  -16,  -16,   -8,   -4,   -4,   -8,  -16,  -12,   -4,   -4,
      -4,   -4,  -28,   -8,   20,  -28,  -16,  -24,   -4,   -8,   -8,  -16,   -8,  -12,   -4,   -8,
      -4,   -4,   24,    8,  -24,    8,   -8,  -32,   -8,   -8,   -4,   -8,  -12,   -4,  -52,  -20,
      -8,   -4,   -8,  -12,   -4,   -8,  -24,  -16,    8,  -28,   -8,    8,  -32,  -28,  -28,  -20,
     -24,   -8,  -16,  -24,  -12,   -8,   -4,  -20,    8,  -16,   -4,   -8,   -8,   -4,   -4,   -4,
     -12,   -4,  -12,  -24,    8,  -24,   -8,  -20,  -20,  -20,  -12,  -16,   -8,  -32,  -12,   -4,
      -8,   38,   -4,   -4,   -8,   -4,    8,   24,   16,   -8,   16,  -64,   -8,   -8,   -4,   16,
     -16,    8,   -8,   20,   -8,   -4,  -12,  -12,   -4,  -12,  -12,   -4,   -4,  -24,  -12,   -8,
     -32,  -24,   -8,   -8,   -8,  -16,   40,  -16,  -12,  -16,   20,  -28,   -8,   44,  -28,  -16,
     -24,   20,   20,   36,   36,   12,   28,   28,   20,   52,   20,   28,   44,   48,   44,   28,
      -8,    8,   24,   28,   20,   24,    8,   16,   20,  -12,   -4,    8,   28,   28,   20,   24,
     -12,   -8,   -8,    8,   20,   20,   20,  -28,  -20,   -8,  -12,   -8,   -8,   -8,   -8,  -16,
     -24,  -20,   -8,  -12,    8,  -20,  -16,  -12,  -12,    8,   -8,  -10,  -28,  -10,  -14,  -16,
      -8,  -12,  -16,  -16,   -4,   -4,  -12,   -4,   -8,  -12,  -16,   -8,    4,   -8,   -8,  -12,
      -8,   -8,   -8,   -8,   -4,  -36,   -4,  -24,   -8,  -12,   -8,   -8,   -8,   -8,  -12,  -24,
       8,   -4,   -4,   -8,   -8,  -16,   -4,   -4,   -8,   -8,   -4,   -4,   -8,   -8,  -20,    8,
     -28,   -8,   -4,  -20,   -8,  -16,   -8,  -36,  -48,  -40,  -12,  -12,  -20,  -16,   -4,  -40,
     -24,  -12,   -8,  -20,   -8,  -20,   20,  -12,   -4,   -8,  -12,  -20,  -28,   -4,  -28,   -8,
      20,  -12,  -14,  -24,   -4,  -12,   -8,  -12,   -8,  -16,  -20,  -24,  -20,   -4,  -16,   -4,
      -4,  -10,   -4,   -6,   -4,   12,   36,   12,   16,   -4,  -10,   12,   12,   -4,   12,   -8,
      28,  -16,   -8,   -4,  -16,   -8,   -4,   -8,   -4,   -4,   -6,   -4,   -4,   -4,   -4,   -4,
      -8,  -52,   -4,   -4,   -8,   -4,  -24,   -8,  -20,  -24,   -8,   -4,  -10,  -20,   -4,  -16,
      -4,  -24,   -4,  -12,  -16,   -4,  -14,   -4,  -10,  -12,  -14,  -12,  -16,  -12,   -4,  -10,
      -6,   -6,   -4,   -8,   -4,  -16,  -16,   -8,   -4,   -4,  -24,  -16,   -4,  -12,   -8,   -4,
      -8,   -4,  -12,   -4,   -4,   -4,  -12,   -4,   -4,   -4,   -8,   -4,   -4,   12,  -16,   -8,
      -8,  -12,  -12,   -4,  -16,   -4,  -12,   16,   -4,    8,  -12,   40,    8,   12,   -6,    8,
      10,   -6,  -12,   24,  -16,  -16,   -4,   -8,   -8,   -4,   -8,   -4,  -12,   -4,   -4,   -4,
      -4,   -6,   -4,   -6,   -4,   -8,   -8,   -8,   -4,   -8,   12,  -12,   -2,    8,   -8,   -4,
      -4,    8,  -16,   -8,   -8,  -12,   -4,   -4,  -20,  -12,  -20,  -12,   16,  -32,   -4,  -24,
      -8,   -4,   -4,   -4,  -28,   -8,   -8,  -24,  -18,  -16,   -8,   -8,  -12,   -8,  -12,   -4,
     -16,   32,  -12,  -20,    8,   -8,  -12,   -4,   -8,   12,    8,   12,    4,   12,    8,   -4,
     -16,   16,  -12,  -20,  -16,   -8,  -16,  -16,  -16,   -8,  -12,   -8,  -12,  -28,   -8,  -20,
     -12,  -12,   -8,   -8,   -8,  -16,   -4,   -4,  -24,  -16,  -24,  -12,    8,   -8,  -16,  -28,
     -20,  -14,  -28,  -24,   -8,   -8,  -16,  -16,  -20,   -8,   -8,  -20,  -16,  -20,  -28,  -20,
     -32,  -20,   -8,  -12,   -4,  -16,   -4,  -12,  -20,   -8,    8,  -24,  -16,  -20,   -8,   -8,
     -20,    8,   -8,  -12,    8,   -8,  -12,  -16,  -12,   -8,  -12,   -8,  -20,   -8,  -20,   -8,
      -4,   -4,  -24,  -24,  -20,  -20,  -16,    8,   -8,  -12,  -16,  -16,  -16,   -4,  -16,   -4,
      -8,   -4,   -4,   -4,   -8,   -4,
};

static const EpdLigaturePair notosans_12_regularLigaturePairs[] = {
    { 0x00660066, 0xFB00 }, // f f -> U+FB00
    { 0x00660069, 0xFB01 }, // f i -> U+FB01
    { 0x0066006C, 0xFB02 }, // f l -> U+FB02
    { 0xFB000069, 0xFB03 }, // U+FB00 i -> U+FB03
    { 0xFB00006C, 0xFB04 }, // U+FB00 l -> U+FB04
};

static const EpdFontData notosans_12_regular = {
    notosans_12_regularBitmaps,
    notosans_12_regularGlyphs,
    notosans_12_regularIntervals,
    18,
    34,
    27,
    -8,
    true,
    notosans_12_regularGroups,
    18,
    nullptr,
    nullptr,  // kernLeftClasses: built-in fonts use the split arrays below
    nullptr,  // kernRightClasses
    notosans_12_regularKernLeftCodepoints,
    notosans_12_regularKernLeftClassIds,
    notosans_12_regularKernRightCodepoints,
    notosans_12_regularKernRightClassIds,
    nullptr,  // kernMatrix: built-in fonts use the sparse form below
    notosans_12_regularKernRowOffsets,
    notosans_12_regularKernSparseCols,
    notosans_12_regularKernSparseValues,
    478,
    474,
    87,
    76,
    notosans_12_regularLigaturePairs,
    5,
};
