/**
 * generated by fontconvert.py
 * name: notosans_12_bolditalic
 * size: 12
 * mode: 2-bit  compressed: true
 * Command used: fontconvert.py notosans_12_bolditalic 12 ../builtinFonts/source/NotoSans/NotoSans-BoldItalic.ttf --2bit --compress --pnum --zopfli
 */
#pragma once
#include "EpdFontData.h"

static const uint8_t notosans_12_bolditalicBitmaps[31101] = {
    0x95, 0x58, 0x01, 0xC4, 0x27, 0x49, 0x76, 0xFF, 0x75, 0xD7, 0xED, 0x34, 0xD3, 0x5C, 0x1D, 0xEE,
    0x20, 0x23, 0x3A, 0x08, 0x92, 0x0B, 0x29, 0x80, 0x80, 0xA9, 0xDA, 0x5D, 0x2E, 0x58, 0xEC, 0x22,
    0x73, 0xC1, 0x61, 0x83, 0xC3, 0xD8, 0x84, 0x0F, 0x0E, 0xC2, 0xCE, 0x54, 0xEF, 0x41, 0xB0, 0xC8,
    0x40, 0x40, 0x90, 0xC5, 0x84, 0x35, 0xB0, 0x07, 0x08, 0xE6, 0x9B, 0xAA, 0xEC, 0x21, 0x38, 0xA4,
    0x76, 0x0F, 0x07, 0x98, 0x3A, 0xB7, 0x70, 0xBB, 0x62, 0x6A, 0x77, 0x7A, 0x6E, 0xFA, 0x6E, 0xAA,
    0xFB, 0xE5, 0xBD, 0xEE, 0xFF, 0xFF, 0x9B, 0xEF, 0x6F, 0x67, 0x92, 0xBB, 0xD7, 0xF5, 0x7B, 0x7F,
    0x5F, 0x55, 0xF7, 0xEB, 0xF7, 0xDE, 0xAB, 0xF7, 0xEA, 0xF5, 0xD7, 0xAC, 0xED, 0xDA, 0x2E, 0xAA,
    0xF2, 0x35, 0x77, 0x53, 0x5F, 0xFA, 0xA2, 0xB3, 0x4E, 0x3A, 0x82, 0xC9, 0xC0, 0x8F, 0x61, 0xF4,
    0xF8, 0x06, 0xCC, 0x1B, 0xC9, 0xBE, 0x99, 0xAC, 0x8E, 0xD7, 0xF5, 0x78, 0x6B, 0x70, 0xEF, 0x0E,
    0xB8, 0xF9, 0x47, 0x80, 0xCA, 0x33, 0xD0, 0xA5, 0x09, 0xE8, 0x3F, 0x2E, 0x80, 0xFE, 0xA9, 0xB0,
    0xD7, 0x33, 0x34, 0x11, 0xED, 0xEC, 0x6A, 0xF8, 0xE8, 0x73, 0xE0, 0x96, 0x76, 0xC0, 0x7D, 0x03,
    0x7C, 0x77, 0x0D, 0x77, 0xE1, 0x89, 0xEA, 0xCE, 0xDA, 0x72, 0xFF, 0x28, 0xE4, 0x93, 0x13, 0x21,
    0xC0, 0x8F, 0x18, 0x3F, 0x01, 0x0C, 0x8D, 0x20, 0x4A, 0x8A, 0x28, 0x76, 0xBF, 0xFD, 0xC4, 0x75,
    0x5F, 0x45, 0x74, 0xCF, 0x22, 0x14, 0x45, 0x34, 0x34, 0x03, 0x96, 0x80, 0x9E, 0x1C, 0xB4, 0x1F,
    0xF1, 0x4D, 0x3B, 0xFE, 0xE8, 0x8F, 0x83, 0xF3, 0x44, 0xF0, 0x54, 0x71, 0x8D, 0xEE, 0x00, 0x7F,
    0x75, 0x10, 0xF5, 0x2D, 0xEC, 0xD4, 0xAE, 0x50, 0x59, 0xD3, 0xA8, 0xE3, 0xF0, 0x28, 0x1A, 0xB0,
    0x41, 0xB7, 0xE0, 0x75, 0x9C, 0x71, 0x5B, 0xDE, 0x7B, 0x3E, 0xBC, 0x9F, 0x70, 0x6E, 0xDF, 0x7E,
    0x3F, 0xFB, 0x60, 0x7D, 0xB5, 0x4B, 0x5D, 0x97, 0xE1, 0xAB, 0x27, 0xF5, 0x1C, 0xDD, 0xAF, 0xA6,
    0x73, 0x51, 0xED, 0x1C, 0x56, 0x95, 0x8A, 0x73, 0x66, 0xCD, 0xAC, 0x9E, 0x4E, 0xAA, 0xB4, 0x54,
    0x74, 0x04, 0x8D, 0x78, 0x4E, 0x1D, 0x39, 0xD1, 0x3C, 0x01, 0x9E, 0x32, 0x10, 0xFA, 0x02, 0xAC,
    0x1B, 0xD3, 0xF2, 0xA7, 0x8F, 0xBB, 0xDE, 0x08, 0xD3, 0xD5, 0x51, 0x51, 0x31, 0x51, 0x3F, 0x9B,
    0xAD, 0x33, 0x9F, 0x2E, 0x04, 0x1B, 0x69, 0x81, 0x1D, 0xFD, 0x0C, 0x9B, 0x6C, 0x81, 0x25, 0x9A,
    0x30, 0x88, 0xAB, 0x3A, 0xFA, 0x25, 0x61, 0x23, 0xE3, 0xAC, 0xB3, 0xB8, 0x8E, 0x5B, 0x78, 0x17,
    0x37, 0x81, 0x2E, 0x43, 0x47, 0x58, 0x87, 0x07, 0x68, 0x2A, 0xD4, 0x84, 0xAE, 0x40, 0x6F, 0x73,
    0x43, 0x84, 0x19, 0x65, 0x45, 0x06, 0x8E, 0x43, 0xFE, 0x94, 0xF9, 0x21, 0xCA, 0x3D, 0x5D, 0x82,
    0x90, 0xC5, 0xF3, 0x29, 0x9D, 0x64, 0xF4, 0xF9, 0x30, 0x44, 0x56, 0x3A, 0x11, 0xE7, 0x81, 0x65,
    0x7F, 0x97, 0x2C, 0x9A, 0x08, 0x8F, 0x9D, 0x06, 0xC7, 0x18, 0xF1, 0x27, 0x06, 0xB8, 0xCD, 0x08,
    0xEB, 0xF7, 0x45, 0x77, 0x34, 0x8C, 0x8E, 0x5E, 0xC1, 0xF0, 0x70, 0x84, 0x7D, 0x33, 0xE2, 0x6A,
    0x9F, 0x80, 0xCE, 0x81, 0x6D, 0x38, 0x85, 0x05, 0x02, 0x91, 0x13, 0xBC, 0x13, 0xEE, 0x7D, 0x6D,
    0x5D, 0x68, 0xDF, 0xA3, 0x1C, 0xBD, 0xD1, 0x02, 0x78, 0xE5, 0x6F, 0xEC, 0xE2, 0xAB, 0xAF, 0x7F,
    0x89, 0x30, 0xD2, 0x18, 0xF0, 0x6D, 0x40, 0xCC, 0x17, 0xB5, 0x44, 0x5D, 0x51, 0x16, 0x01, 0xA2,
    0x2E, 0xDA, 0x0A, 0x51, 0x18, 0xFD, 0x71, 0x69, 0x04, 0x3C, 0x4E, 0x97, 0xE4, 0xC9, 0x7D, 0xE9,
    0x39, 0x99, 0x19, 0x20, 0x82, 0x22, 0x72, 0xFD, 0x6C, 0x47, 0x5D, 0x6C, 0x34, 0xC9, 0x46, 0xB9,
    0xFC, 0xC8, 0x70, 0x36, 0x06, 0xD8, 0x31, 0xC0, 0x3B, 0x42, 0x00, 0x81, 0x79, 0xB3, 0x22, 0xBC,
    0x2E, 0x5B, 0x7C, 0xDA, 0x76, 0x81, 0xEC, 0x4F, 0x21, 0x79, 0x81, 0x2F, 0x2D, 0xE5, 0x81, 0x52,
    0xA0, 0x68, 0xCF, 0xE2, 0x9F, 0xD9, 0x11, 0x3C, 0xBC, 0x13, 0x2D, 0x09, 0x58, 0x37, 0xCF, 0x2E,
    0xA2, 0x91, 0xE2, 0x31, 0xA3, 0x9B, 0xB0, 0x91, 0x88, 0x08, 0x94, 0x5A, 0xA2, 0x82, 0x45, 0x4F,
    0xF8, 0x3B, 0x59, 0x10, 0xE8, 0x02, 0x98, 0x04, 0x78, 0xC9, 0x07, 0xA0, 0xAF, 0x80, 0xC9, 0x00,
    0x8D, 0x50, 0x0B, 0xA0, 0x27, 0xC0, 0x12, 0x8D, 0x9E, 0xC8, 0x09, 0x20, 0x74, 0xB6, 0x6C, 0xD6,
    0x30, 0x62, 0x93, 0x6C, 0x02, 0x06, 0x86, 0x89, 0x80, 0x1F, 0xF1, 0x83, 0x15, 0xA0, 0xCF, 0x18,
    0x33, 0x70, 0x65, 0xC5, 0xEE, 0x3D, 0xBF, 0xFD, 0xDE, 0x69, 0x09, 0x44, 0x0B, 0x63, 0x82, 0xBF,
    0xD8, 0xEE, 0xFD, 0x04, 0x0C, 0x05, 0xF0, 0x0C, 0xCA, 0x50, 0x0C, 0xFD, 0x28, 0xC1, 0xFC, 0x5B,
    0x84, 0x37, 0xB1, 0xA9, 0x76, 0x54, 0x93, 0x75, 0x3A, 0x79, 0x98, 0xCF, 0xE9, 0x03, 0x4B, 0x54,
    0x18, 0xF9, 0x3B, 0x37, 0x56, 0x87, 0xA6, 0x1E, 0x5C, 0xCF, 0x08, 0x94, 0x41, 0x94, 0x20, 0x3A,
    0x2D, 0x37, 0x9C, 0x9A, 0x01, 0x75, 0xB0, 0xB0, 0xA7, 0x09, 0x9A, 0x16, 0xF4, 0x5F, 0x10, 0x00,
    0x92, 0x88, 0x1E, 0x40, 0xAC, 0xD3, 0x0A, 0xA2, 0x7A, 0xAA, 0x93, 0x50, 0x4B, 0x05, 0x03, 0x65,
    0xF1, 0x59, 0x43, 0x4E, 0x5E, 0xB1, 0x47, 0xF7, 0x97, 0x1F, 0xF0, 0x2E, 0x5C, 0x61, 0x88, 0x60,
    0x9F, 0x04, 0x8E, 0x9F, 0x1D, 0x9F, 0x5F, 0x12, 0x4B, 0xC2, 0x40, 0x0B, 0x34, 0xCD, 0x68, 0x29,
    0x1D, 0x92, 0x99, 0x26, 0x4D, 0x54, 0x04, 0xAF, 0xDC, 0xF0, 0x69, 0xDF, 0x1F, 0x04, 0x34, 0xAB,
    0xE8, 0xFE, 0xDC, 0x05, 0x36, 0x02, 0x61, 0x5F, 0x6A, 0x17, 0xA0, 0xAB, 0x87, 0xE8, 0xE4, 0x7D,
    0x69, 0x23, 0xB3, 0x00, 0x44, 0xA3, 0x5A, 0x43, 0x54, 0xD3, 0x90, 0xBA, 0xA2, 0x53, 0x37, 0x0D,
    0x51, 0x55, 0x3F, 0x36, 0xB4, 0x02, 0x34, 0xA1, 0xA3, 0x19, 0xE6, 0x37, 0x2B, 0xEC, 0x48, 0x08,
    0xF0, 0x3B, 0x1C, 0xF3, 0x2F, 0x44, 0x6F, 0x29, 0x04, 0x19, 0x17, 0x14, 0x26, 0xA8, 0x4D, 0x5F,
    0xC2, 0x90, 0x83, 0xBB, 0xB0, 0xC7, 0x09, 0x67, 0xFB, 0x3E, 0x25, 0x27, 0xB6, 0x6A, 0x0A, 0x68,
    0xEE, 0xAE, 0x40, 0xB3, 0xEC, 0x3A, 0x0F, 0x93, 0xB8, 0x9C, 0x31, 0x22, 0xCC, 0xD8, 0xA8, 0x99,
    0xBA, 0xDA, 0x73, 0x76, 0xC1, 0xE1, 0x82, 0x2E, 0xE5, 0xD5, 0xE0, 0xE0, 0x23, 0xC2, 0xB6, 0x59,
    0xBF, 0x81, 0xAF, 0xD1, 0x49, 0xE1, 0x91, 0x32, 0x81, 0xE7, 0xD4, 0xEF, 0xF1, 0xEA, 0x57, 0x20,
    0xE4, 0xED, 0xC7, 0x67, 0x20, 0xDC, 0xD9, 0xDD, 0xD1, 0x8A, 0x3D, 0x03, 0x01, 0x12, 0x28, 0xF4,
    0x0C, 0xE0, 0x9D, 0x7B, 0xF7, 0x2E, 0x2A, 0x01, 0x76, 0xBA, 0xF8, 0x5B, 0x20, 0x93, 0xFF, 0x81,
    0xDD, 0xDD, 0x7E, 0x96, 0x18, 0x8D, 0x7B, 0xA6, 0xB6, 0xE4, 0x36, 0x39, 0x66, 0xC5, 0x15, 0x4A,
    0xF0, 0xCB, 0x7E, 0x8F, 0xDC, 0xBB, 0x0B, 0x92, 0xB0, 0x1A, 0x9A, 0x07, 0xAA, 0xDF, 0x6C, 0xA5,
    0x88, 0xC9, 0x0E, 0xEC, 0x67, 0xF8, 0xCC, 0x4F, 0xA9, 0x2A, 0x26, 0xF4, 0xF9, 0xA8, 0xF6, 0x28,
    0x71, 0x93, 0x31, 0xEE, 0x16, 0x9F, 0xFD, 0x5A, 0x66, 0x89, 0x22, 0xE0, 0x7F, 0xFD, 0xD1, 0x24,
    0x51, 0x96, 0xA7, 0x0B, 0x70, 0x1B, 0x3A, 0xFA, 0xD9, 0xC2, 0xB6, 0x54, 0x0D, 0xAE, 0xF7, 0x99,
    0xF9, 0xAD, 0x61, 0x9C, 0x0D, 0xEE, 0x9B, 0x66, 0x32, 0xA8, 0xB6, 0x2D, 0x16, 0xF5, 0xBA, 0x2A,
    0xB7, 0x50, 0x2D, 0x2F, 0xE3, 0xFE, 0x56, 0xD9, 0xCF, 0xF5, 0x4C, 0x09, 0xB6, 0x79, 0xEB, 0x3B,
    0x10, 0xA7, 0x41, 0x32, 0x56, 0x8E, 0x2B, 0x25, 0x8B, 0x87, 0xD3, 0x03, 0x78, 0x0B, 0x42, 0x83,
    0xCC, 0xD8, 0x59, 0xA6, 0x85, 0xAD, 0xCC, 0x9A, 0x45, 0xD2, 0xE7, 0x09, 0xB3, 0xAE, 0x30, 0xD3,
    0x99, 0x99, 0x89, 0xCC, 0xEC, 0x28, 0x86, 0xFF, 0x0B, 0x33, 0xA2, 0x15, 0xAD, 0x30, 0x45, 0x44,
    0xA2, 0x6B, 0x80, 0xCE, 0xCC, 0x4C, 0x64, 0x26, 0xA5, 0x07, 0x08, 0xAB, 0x03, 0xD1, 0xC4, 0xA8,
    0xCD, 0xFA, 0xB7, 0xB5, 0xA9, 0xED, 0xD2, 0xD6, 0xB6, 0xAA, 0xDA, 0xCD, 0x8A, 0xA8, 0x74, 0x52,
    0xF9, 0x88, 0x46, 0x5D, 0xCE, 0xB2, 0x2E, 0x7C, 0x31, 0x1F, 0x92, 0x2E, 0x26, 0xFA, 0x6C, 0x89,
    0x22, 0x03, 0x56, 0x6A, 0x86, 0x90, 0x6C, 0x4E, 0xCF, 0x72, 0x88, 0xF8, 0xD9, 0x57, 0x7F, 0xA2,
    0x67, 0x60, 0x38, 0x54, 0x28, 0x7B, 0x2C, 0xBA, 0x97, 0x32, 0xD8, 0x0B, 0x64, 0x3E, 0x5F, 0xC1,
    0x20, 0xFA, 0x31, 0x1A, 0x5A, 0x0E, 0x01, 0x5F, 0x01, 0x10, 0x65, 0x61, 0x15, 0xCD, 0xFA, 0x03,
    0x29, 0x8D, 0x0D, 0x89, 0xCF, 0x09, 0xAA, 0x22, 0x40, 0xCD, 0xCC, 0xBA, 0x09, 0x62, 0x18, 0x33,
    0xBD, 0xB3, 0x76, 0x81, 0xCE, 0xBC, 0xCE, 0x4A, 0xCE, 0x30, 0x9F, 0x84, 0x02, 0x51, 0x93, 0xD9,
    0x0A, 0x66, 0x77, 0x44, 0xF2, 0x66, 0x6D, 0x11, 0x34, 0xEB, 0x0D, 0xD7, 0x1C, 0xCF, 0x00, 0x01,
    0x91, 0xEB, 0x0E, 0x9A, 0xE8, 0x27, 0x37, 0xA0, 0x8F, 0xA7, 0x49, 0x3A, 0x58, 0x41, 0xF5, 0x02,
    0x08, 0x54, 0x5E, 0x2A, 0x67, 0x06, 0x2E, 0xE4, 0xD0, 0x7A, 0x2A, 0x27, 0x5E, 0x78, 0x43, 0xB0,
    0xD3, 0x15, 0x9A, 0x45, 0x4F, 0x10, 0x2D, 0x8A, 0xDC, 0x3F, 0xF4, 0xF5, 0xD4, 0x73, 0x7E, 0xA4,
    0xEA, 0x1D, 0xD5, 0xE0, 0x68, 0x0E, 0xAE, 0x9B, 0xBC, 0xEB, 0x8B, 0x8F, 0xBA, 0xD8, 0xAC, 0xF3,
    0x40, 0x94, 0x7A, 0x46, 0x43, 0xAB, 0x83, 0x50, 0x80, 0x4E, 0x20, 0x79, 0xD7, 0x0A, 0x13, 0x9B,
    0x95, 0x25, 0x34, 0xD2, 0x55, 0xB0, 0x72, 0xDE, 0xA9, 0x8D, 0xD1, 0x76, 0x26, 0xEF, 0x0A, 0xAE,
    0x6C, 0xE9, 0xF7, 0x17, 0xF1, 0x5C, 0x3D, 0x7A, 0x8E, 0x99, 0x89, 0x6A, 0x86, 0x8D, 0xDD, 0x04,
    0x3B, 0xF6, 0x85, 0x99, 0x98, 0x40, 0xEB, 0x36, 0x66, 0x98, 0x63, 0x66, 0x58, 0x77, 0xE9, 0xF8,
    0xDA, 0xCF, 0x2E, 0x19, 0x22, 0x65, 0x85, 0x97, 0x74, 0x3D, 0xC4, 0x39, 0x00, 0xA0, 0x03, 0x56,
    0xE0, 0x6B, 0xCE, 0x62, 0xF4, 0xFB, 0x21, 0xFC, 0x62, 0x67, 0xED, 0x07, 0x54, 0x43, 0xA2, 0x04,
    0xA3, 0x32, 0x32, 0xF6, 0xC4, 0x0C, 0xB2, 0x4A, 0x20, 0x87, 0xB5, 0x15, 0x1D, 0xFA, 0x8A, 0xA6,
    0x0E, 0x85, 0xE5, 0xF3, 0xBC, 0xAA, 0xE4, 0xA0, 0x9E, 0x49, 0x45, 0x26, 0x79, 0x87, 0x30, 0x4D,
    0x95, 0xD9, 0x57, 0x0B, 0xB3, 0x4C, 0xF2, 0x1E, 0x92, 0x17, 0x79, 0x49, 0xF8, 0xCD, 0x2A, 0x93,
    0x60, 0xDD, 0x90, 0x71, 0xD9, 0xAE, 0xA6, 0x9E, 0x1C, 0xCB, 0x7D, 0x81, 0xDE, 0x47, 0x16, 0x3D,
    0xC5, 0x1F, 0x54, 0xB7, 0x31, 0x23, 0x24, 0xD8, 0x02, 0x4A, 0x08, 0x1B, 0xA7, 0xDC, 0x50, 0x6E,
    0x29, 0x31, 0x57, 0x14, 0xDB, 0x67, 0xB9, 0x7F, 0x14, 0xD5, 0xD3, 0xAC, 0x99, 0x3F, 0x2E, 0xC6,
    0x8F, 0xDD, 0xE3, 0x62, 0xAD, 0xEB, 0x1F, 0x97, 0xFB, 0x1E, 0xFA, 0x57, 0x5F, 0xCE, 0x01, 0xFA,
    0xE7, 0x8F, 0xCB, 0x03, 0x6E, 0x37, 0x9F, 0xE6, 0x15, 0xC3, 0xC7, 0x14, 0x17, 0x98, 0x1F, 0xD3,
    0x7B, 0x15, 0xF6, 0xC7, 0xD4, 0x32, 0x7F, 0x6D, 0x95, 0xD0, 0x34, 0x55, 0x4D, 0x40, 0x18, 0x59,
    0x31, 0x96, 0xCA, 0x2C, 0xA9, 0xB9, 0xA1, 0xA2, 0xA6, 0x96, 0x4A, 0x57, 0xDA, 0x67, 0x53, 0x5F,
    0xD4, 0x6F, 0x6A, 0x9F, 0xD5, 0x97, 0x55, 0xE7, 0xAE, 0x2C, 0x3A, 0xF5, 0x85, 0x86, 0xA8, 0xB3,
    0x37, 0x51, 0x27, 0x7B, 0x36, 0xEA, 0x68, 0xC9, 0x0D, 0x71, 0x20, 0xC7, 0x13, 0x04, 0x3B, 0x0A,
    0x73, 0xFD, 0x0A, 0x0F, 0xB5, 0x60, 0xA7, 0x4E, 0x12, 0xC6, 0xD3, 0x8C, 0x86, 0x68, 0x81, 0x5A,
    0x5B, 0x82, 0x9E, 0x41, 0xB2, 0x37, 0x83, 0x33, 0x09, 0x72, 0x66, 0x0A, 0x1B, 0x99, 0xC9, 0x3E,
    0x70, 0xC1, 0x81, 0xF8, 0xA7, 0x21, 0x9E, 0x68, 0x17, 0xF8, 0xD8, 0x55, 0xD8, 0x6C, 0xB6, 0x2E,
    0x36, 0x43, 0x0A, 0xC9, 0xDE, 0xB8, 0x0B, 0x1D, 0x6B, 0x4F, 0x61, 0xCC, 0x9C, 0xE0, 0x87, 0xDA,
    0xD3, 0x2C, 0x8A, 0x7F, 0xD5, 0xAC, 0x6A, 0xF7, 0xDB, 0xB3, 0xB9, 0x27, 0xCA, 0x9A, 0xC8, 0xE9,
    0xDF, 0xDD, 0x7D, 0x71, 0x06, 0x39, 0xBC, 0x44, 0xD7, 0xD7, 0xFE, 0x10, 0x5D, 0x95, 0xE8, 0xDA,
    0x3F, 0xD7, 0x35, 0x89, 0xAE, 0x72, 0x98, 0xD4, 0xFD, 0xAB, 0x81, 0x89, 0x84, 0xF9, 0x08, 0xC0,
    0x66, 0x00, 0xAF, 0x38, 0x20, 0xFC, 0x0E, 0x87, 0xBE, 0x65, 0x6A, 0xD6, 0x7E, 0xDE, 0x34, 0xAF,
    0x4A, 0xAE, 0x59, 0xCD, 0x7A, 0xEA, 0x88, 0xB2, 0x98, 0xAC, 0xE5, 0x8C, 0xFE, 0x92, 0x91, 0x25,
    0x2B, 0x59, 0x99, 0xAD, 0x77, 0xE4, 0x6B, 0x34, 0x79, 0x4F, 0x2C, 0xA6, 0x61, 0xF3, 0x85, 0xF4,
    0x78, 0x51, 0x2D, 0x57, 0x9C, 0x24, 0x44, 0x37, 0x31, 0x24, 0x41, 0x36, 0x4D, 0x32, 0xE0, 0x27,
    0x40, 0xCB, 0xC4, 0x02, 0x34, 0x7B, 0x16, 0xFD, 0x50, 0x2D, 0x08, 0x54, 0x19, 0x05, 0x86, 0x46,
    0x08, 0x79, 0xA2, 0x18, 0x18, 0x44, 0x34, 0xDE, 0xA0, 0x1B, 0x2F, 0x4E, 0xBA, 0x63, 0xE2, 0x5D,
    0x4A, 0x3A, 0xC1, 0x70, 0xC9, 0xC7, 0x7B, 0xC1, 0x38, 0x94, 0x5A, 0xBA, 0x28, 0xB5, 0x52, 0xCE,
    0x1A, 0xB1, 0x86, 0xD7, 0x87, 0x2C, 0xB5, 0x22, 0x29, 0x29, 0x09, 0xDD, 0xE5, 0x82, 0xE1, 0x47,
    0x2D, 0x8C, 0xC5, 0xD9, 0xE4, 0x25, 0x3B, 0x68, 0xDC, 0x2A, 0x21, 0x5A, 0x9A, 0xB0, 0xD3, 0x03,
    0x16, 0x1B, 0xD0, 0x4F, 0x81, 0xE5, 0x79, 0x0C, 0xC9, 0xC3, 0x46, 0x2F, 0x11, 0x02, 0xC1, 0xBE,
    0x5A, 0x61, 0x5F, 0x67, 0x81, 0x7F, 0x5D, 0x60, 0xDF, 0xCC, 0xB0, 0xDC, 0x51, 0x9A, 0x30, 0x32,
    0x00, 0xB3, 0x02, 0x43, 0x65, 0xCC, 0xA2, 0xB2, 0xC8, 0x19, 0xA2, 0x9A, 0xA4, 0x0A, 0xF4, 0x25,
    0xC0, 0x47, 0x9D, 0x03, 0x42, 0x1C, 0x62, 0x00, 0xB1, 0x93, 0x43, 0x4B, 0xD1, 0xBB, 0xA0, 0x9E,
    0x45, 0x9E, 0xED, 0xBF, 0x48, 0x0B, 0xBC, 0xFE, 0xD9, 0xA7, 0x15, 0x7E, 0x78, 0xFF, 0xE7, 0x33,
    0xBC, 0x7D, 0xE3, 0x17, 0x05, 0xDE, 0xF7, 0x0F, 0x33, 0xFC, 0x79, 0xFF, 0x30, 0xC2, 0xD7, 0xFE,
    0x11, 0xF3, 0xA9, 0x27, 0x07, 0x5F, 0x3A, 0x02, 0x7C, 0xEE, 0x16, 0x88, 0x69, 0x15, 0x80, 0x1D,
    0x37, 0x33, 0x75, 0xC1, 0x20, 0xDD, 0xB3, 0xCE, 0x7E, 0x84, 0x2E, 0x04, 0x74, 0x4F, 0xB7, 0x48,
    0x4D, 0xC2, 0xB2, 0x98, 0x19, 0x01, 0x25, 0x4C, 0x0B, 0x33, 0x8F, 0x12, 0xE0, 0xFF, 0xB9, 0x00,
    0xD4, 0x17, 0xA8, 0x85, 0x85, 0xF4, 0xB3, 0x54, 0xC9, 0xA2, 0x16, 0x58, 0x29, 0xD2, 0x9B, 0x17,
    0x9C, 0x49, 0x76, 0xF4, 0xAC, 0x35, 0xC1, 0x7C, 0xBC, 0x60, 0x60, 0x0D, 0xF5, 0xC3, 0x02, 0xBD,
    0xED, 0xC7, 0x11, 0x1D, 0x49, 0xEC, 0x5F, 0x12, 0xBC, 0xBC, 0x03, 0x81, 0x16, 0x10, 0x2D, 0x0D,
    0x51, 0xC5, 0x8D, 0xB7, 0xA7, 0xBD, 0x05, 0x0D, 0x11, 0xCD, 0xE1, 0x61, 0x3D, 0x03, 0xA6, 0xEC,
    0x5B, 0xF9, 0x30, 0xD5, 0x1F, 0x0E, 0x6A, 0x89, 0x92, 0x67, 0x6C, 0x8D, 0x97, 0x99, 0x61, 0x67,
    0xF8, 0xBB, 0x78, 0x00, 0x9C, 0x03, 0x55, 0x86, 0x54, 0xC1, 0x19, 0x6A, 0x82, 0x2A, 0x32, 0xBA,
    0x8C, 0xFE, 0xF4, 0xFB, 0xD0, 0x38, 0xD8, 0x0F, 0xB7, 0xE7, 0x26, 0xD8, 0xFD, 0x72, 0xC6, 0x0D,
    0xE3, 0x10, 0xB5, 0x5C, 0xA9, 0x4F, 0x7D, 0xEE, 0x8A, 0xDA, 0xAF, 0x89, 0x65, 0xE1, 0x70, 0xF3,
    0xDF, 0xEF, 0x02, 0xCB, 0x73, 0x81, 0x22, 0x73, 0x3C, 0x7E, 0xC2, 0x02, 0x1E, 0xB8, 0x7D, 0xA2,
    0xC8, 0x5F, 0x6C, 0xCF, 0x85, 0x02, 0x34, 0x0C, 0xC5, 0xE8, 0xA7, 0x7D, 0x63, 0xD8, 0xFB, 0xC0,
    0xF9, 0x2D, 0x60, 0xBE, 0xCE, 0xD3, 0x06, 0x7D, 0x1A, 0xC0, 0xEF, 0x1E, 0x2D, 0xF3, 0x3F, 0xC7,
    0x95, 0xD1, 0xD0, 0x6C, 0x49, 0x6E, 0x63, 0xAD, 0xFA, 0xD4, 0x66, 0xDC, 0xFE, 0xDE, 0x1D, 0x45,
    0x0F, 0xA3, 0x26, 0x8A, 0xC3, 0x44, 0xDB, 0xA7, 0x1D, 0x5F, 0x2E, 0x38, 0x0F, 0x42, 0x60, 0xAC,
    0xA0, 0x86, 0x71, 0x48, 0x35, 0xBB, 0x56, 0x0C, 0x4F, 0x66, 0x6C, 0x14, 0x4E, 0xCF, 0xB4, 0xFD,
    0xAB, 0x86, 0x77, 0xF6, 0x33, 0x8A, 0x8A, 0x28, 0x75, 0x8B, 0xC9, 0xFD, 0xA4, 0xCB, 0x76, 0x65,
    0xBE, 0x92, 0xCE, 0x43, 0x34, 0xC9, 0x48, 0xFA, 0xE7, 0x30, 0xEE, 0xED, 0x53, 0xC5, 0x2D, 0x5B,
    0xB0, 0xD1, 0xD9, 0x67, 0x2D, 0x55, 0x4D, 0xB3, 0x99, 0xFE, 0x54, 0xCA, 0xD5, 0x88, 0x00, 0xD0,
    0x71, 0x04, 0xE7, 0x3C, 0x25, 0x2B, 0xE7, 0xFD, 0x78, 0x6C, 0xBB, 0xD1, 0x95, 0x93, 0x4D, 0x70,
    0x5B, 0xA7, 0x0B, 0x63, 0xCA, 0x25, 0x63, 0x70, 0xD9, 0x98, 0xE5, 0xD4, 0x98, 0xE9, 0x60, 0x8C,
    0xF9, 0x0C, 0x2D, 0x2D, 0xE8, 0x89, 0x30, 0x64, 0xEF, 0xB6, 0x74, 0x7C, 0x95, 0x0E, 0x3B, 0x2A,
    0x83, 0xFE, 0x7D, 0xB7, 0x35, 0xE0, 0x5B, 0xF0, 0x9F, 0x4F, 0xB0, 0x34, 0xA1, 0xA7, 0x8C, 0xE7,
    0x64, 0x2A, 0x10, 0x18, 0x34, 0xA1, 0x3D, 0xEC, 0xD3, 0x6E, 0x1D, 0xE1, 0x29, 0x22, 0x30, 0x44,
    0xC5, 0x97, 0xB7, 0x42, 0xA7, 0x8D, 0xC2, 0xA5, 0xCF, 0x95, 0x20, 0x28, 0x0C, 0x31, 0xDA, 0xBC,
    0x77, 0x17, 0xF4, 0xB4, 0x6C, 0xBD, 0xE9, 0x62, 0xD9, 0xAD, 0x43, 0xE6, 0x2B, 0x99, 0x34, 0xB0,
    0xAD, 0x9B, 0x5B, 0x47, 0xB1, 0xD9, 0xFE, 0xE7, 0xF1, 0xDB, 0x87, 0xD0, 0xD5, 0xF5, 0xE2, 0x53,
    0xFF, 0xAD, 0x6E, 0xAB, 0x95, 0x8C, 0x04, 0xB3, 0xBE, 0x2C, 0x80, 0xB7, 0x8F, 0x01, 0xCC, 0xDD,
    0x3A, 0x94, 0xBE, 0xEE, 0xE1, 0x63, 0x48, 0xF8, 0x12, 0xBF, 0x6D, 0x7F, 0x53, 0x3C, 0x7C, 0x6D,
    0x39, 0x0F, 0x8F, 0x00, 0xA1, 0xDB, 0xC7, 0x58, 0xDD, 0x04, 0x53, 0xF3, 0xE1, 0xCB, 0x5B, 0x86,
    0xD3, 0x16, 0x0A, 0xC7, 0xA7, 0x41, 0x3B, 0x44, 0xC0, 0x2E, 0xE2, 0x34, 0xDF, 0xBB, 0xF2, 0x7F,
    0x77, 0x49, 0x27, 0x7E, 0xDC, 0xCF, 0x2E, 0x5B, 0x19, 0x33, 0x23, 0xBD, 0xCC, 0xDE, 0xF6, 0x43,
    0x55, 0xF5, 0xA4, 0x66, 0x9B, 0xBA, 0x29, 0xB8, 0x9E, 0x5B, 0x23, 0xFD, 0x6C, 0x82, 0xA6, 0xCC,
    0x28, 0x18, 0x68, 0x82, 0xF9, 0xC5, 0x0C, 0xFB, 0xD3, 0x0A, 0xFB, 0xDE, 0x0A, 0xEB, 0x08, 0x1E,
    0x7E, 0x3C, 0xE9, 0x8F, 0xA4, 0xF5, 0xFB, 0xFF, 0x8D, 0xF5, 0x4E, 0x46, 0xF3, 0xC1, 0x03, 0xA9,
    0xFE, 0x8F, 0xE9, 0xBF, 0x68, 0x64, 0x47, 0x3F, 0xA2, 0xC8, 0x6E, 0x5E, 0x4C, 0xEA, 0x59, 0x89,
    0x21, 0x69, 0x09, 0x6A, 0x64, 0xB0, 0x9B, 0x75, 0x16, 0x47, 0x0F, 0x89, 0xF9, 0x28, 0xF0, 0xCE,
    0x0A, 0x07, 0xC3, 0x05, 0x58, 0x06, 0xC1, 0x33, 0x56, 0x91, 0x29, 0x12, 0x23, 0xCB, 0xFB, 0xC3,
    0x82, 0x76, 0x96, 0xA1, 0xA8, 0x42, 0x13, 0xC1, 0x14, 0x92, 0x33, 0xC8, 0x49, 0x97, 0x20, 0xD2,
    0xE9, 0xF2, 0xBF, 0x75, 0xA4, 0x9D, 0xA1, 0x0A, 0x43, 0x05, 0xC7, 0xF4, 0xC3, 0x4D, 0x33, 0x62,
    0xA1, 0xB2, 0x35, 0x00, 0xF4, 0xC6, 0xDC, 0x2E, 0xEA, 0xE2, 0xF8, 0x57, 0xEC, 0xCE, 0xAE, 0xF4,
    0x53, 0x2F, 0x5A, 0xCC, 0x26, 0x4B, 0x42, 0xEA, 0x47, 0x84, 0xE1, 0x67, 0x2C, 0xE3, 0x05, 0xB1,
    0x12, 0xC0, 0x7F, 0x6F, 0xFC, 0xBD, 0x93, 0xF7, 0xD1, 0xFE, 0x19, 0x32, 0x3C, 0x9E, 0x01, 0xF5,
    0xC2, 0x8D, 0xC1, 0x3E, 0x39, 0x57, 0x4F, 0x2B, 0x5B, 0xD7, 0xD1, 0x87, 0x7D, 0x85, 0x9E, 0x5E,
    0xBE, 0xFD, 0x42, 0xEE, 0xA8, 0x6A, 0x1E, 0xF9, 0xDB, 0x43, 0x86, 0xAE, 0x62, 0x63, 0x4B, 0x19,
    0x56, 0xA2, 0xE8, 0xFA, 0xF2, 0x20, 0x94, 0x40, 0xD1, 0xAF, 0x10, 0xFA, 0x21, 0x30, 0xA3, 0x9D,
    0xD0, 0xAF, 0x77, 0x3C, 0xA5, 0x40, 0xE9, 0x28, 0xF3, 0x24, 0xD0, 0x81, 0xC7, 0xFF, 0xC0, 0x2F,
    0x30, 0x15, 0x4C, 0x57, 0x3F, 0xB8, 0x7A, 0x47, 0x0A, 0x20, 0x87, 0x22, 0x0E, 0xF1, 0x72, 0x30,
    0xBC, 0xBB, 0x30, 0x51, 0x0E, 0x42, 0xC5, 0xA0, 0x05, 0x76, 0x91, 0xCA, 0x54, 0x21, 0xF4, 0x0E,
    0xBE, 0x3B, 0x06, 0xB0, 0x2B, 0x40, 0xF0, 0x7C, 0x8F, 0x55, 0x95, 0x5B, 0x83, 0x09, 0xF6, 0xCD,
    0x02, 0xFB, 0x76, 0x82, 0x3D, 0x93, 0xF6, 0xC0, 0xC1, 0xD0, 0x69, 0x6B, 0xF0, 0x0E, 0xEE, 0xE1,
    0x9E, 0x6F, 0xD8, 0x67, 0x5E, 0x51, 0x5B, 0x7D, 0x47, 0x6A, 0xF2, 0xFD, 0xA3, 0xBE, 0x58, 0xFD,
    0x91, 0xCE, 0xD6, 0x9C, 0x0D, 0xD1, 0x5A, 0xC3, 0x3A, 0xDC, 0x32, 0x1E, 0xF6, 0xBE, 0x79, 0x00,
    0x3B, 0x9B, 0x0A, 0x5B, 0xE4, 0xF0, 0xCB, 0xA6, 0xC0, 0x26, 0x93, 0x21, 0x42, 0x80, 0xF0, 0xDA,
    0x0A, 0xF8, 0x7F, 0xAA, 0x80, 0xFD, 0xEF, 0x02, 0x0C, 0xFB, 0xD9, 0xEE, 0x80, 0x7E, 0xC5, 0xDE,
    0x96, 0x1D, 0x0A, 0x0A, 0x01, 0xCD, 0xEA, 0x1D, 0x54, 0xB5, 0x52, 0xF2, 0xC4, 0x25, 0x69, 0xC8,
    0x92, 0xC8, 0xF7, 0xD0, 0x56, 0xD6, 0xBE, 0xA9, 0xAA, 0x32, 0xEB, 0x66, 0x60, 0xE9, 0x0B, 0x33,
    0x09, 0xD7, 0x6A, 0x22, 0xF0, 0xC0, 0x3A, 0x66, 0x41, 0x2A, 0xC1, 0x02, 0xC0, 0x8B, 0x50, 0x3B,
    0x09, 0x2B, 0xC2, 0x92, 0xB0, 0x11, 0x40, 0x38, 0x76, 0xA5, 0xA1, 0x0A, 0x2B, 0xC2, 0x1C, 0xC0,
    0x9A, 0xDE, 0x1B, 0x1B, 0xE2, 0xC8, 0x31, 0xF6, 0x03, 0xBF, 0x42, 0xC2, 0x0E, 0x93, 0x80, 0xC0,
    0x53, 0xEB, 0x61, 0xAA, 0x00, 0x96, 0xE6, 0x0D, 0x9E, 0x26, 0x00, 0xE7, 0xE8, 0xAA, 0x18, 0x31,
    0xA4, 0x93, 0x23, 0xF7, 0x01, 0xAE, 0x55, 0x98, 0x49, 0x5E, 0x7D, 0xAD, 0xC8, 0x36, 0x93, 0x71,
    0x71, 0x54, 0x33, 0x5F, 0xA0, 0x16, 0x79, 0xFA, 0xDD, 0x97, 0xD0, 0x4D, 0xFC, 0x23, 0xE0, 0x23,
    0x42, 0xBC, 0x74, 0xAC, 0x4B, 0xAB, 0x20, 0x63, 0xF8, 0x0C, 0x7D, 0xC5, 0xB5, 0x19, 0x3E, 0x63,
    0x3D, 0xE9, 0x2F, 0xBA, 0x22, 0x26, 0xFB, 0x24, 0x15, 0x71, 0xC8, 0x70, 0x81, 0xFE, 0x95, 0x41,
    0xEE, 0xCE, 0xB5, 0x15, 0x42, 0xFF, 0x0B, 0xBD, 0x99, 0x01, 0xC4, 0x26, 0xD7, 0x7A, 0xC7, 0x7F,
    0x33, 0x67, 0x93, 0x93, 0xEE, 0xD0, 0x13, 0x6C, 0xDB, 0xAB, 0x21, 0x07, 0x6E, 0x49, 0x35, 0xDB,
    0x01, 0xD8, 0x92, 0xFD, 0xCE, 0x49, 0x2E, 0x17, 0x82, 0xBB, 0x48, 0x5A, 0x5C, 0x04, 0xE0, 0xDE,
    0xC5, 0x0D, 0x04, 0xD0, 0xEC, 0x4C, 0x52, 0x94, 0x16, 0x5D, 0xB4, 0x8A, 0xA2, 0xA1, 0xCA, 0xED,
    0x16, 0x5D, 0x5C, 0x14, 0xBB, 0x3B, 0x47, 0x2E, 0x2E, 0x42, 0x3B, 0x37, 0x51, 0xC5, 0x45, 0x4E,
    0x65, 0x53, 0x75, 0x83, 0x9C, 0xB8, 0x93, 0xBB, 0x93, 0x7C, 0x67, 0xE6, 0xE9, 0x9C, 0xF7, 0x7D,
    0xF7, 0xDB, 0xFD, 0x2A, 0xAD, 0x5E, 0xDF, 0x66, 0x9F, 0x39, 0xFF, 0xFF, 0x78, 0x67, 0xCE, 0xFC,
    0x9F, 0xE7, 0x19, 0x67, 0xE6, 0x39, 0xE7, 0x1D, 0xBE, 0x57, 0xAD, 0xF5, 0x5A, 0x2D, 0x5C, 0x81,
    0xEA, 0x8A, 0x4A, 0x3A, 0x35, 0xD1, 0x44, 0x33, 0xDA, 0xD0, 0x06, 0x17, 0x5C, 0xDF, 0xF5, 0x83,
    0xBF, 0x0A, 0x40, 0x13, 0x30, 0x3D, 0xC3, 0xAC, 0x25, 0x9B, 0x75, 0x6A, 0x23, 0xAE, 0x67, 0xF0,
    0x08, 0x08, 0xAC, 0x3B, 0x96, 0xB7, 0x42, 0x27, 0xA1, 0x95, 0xA0, 0x57, 0xD4, 0x88, 0x0A, 0x54,
    0x9E, 0x83, 0x75, 0x5F, 0x40, 0x2D, 0x02, 0x5A, 0x16, 0x30, 0xD3, 0x53, 0x60, 0x22, 0x60, 0xC7,
    0x42, 0x01, 0x68, 0x03, 0x28, 0x11, 0x8F, 0x2E, 0xF4, 0xE4, 0x70, 0x03, 0x18, 0x00, 0x04, 0xA8,
    0x16, 0x40, 0x4F, 0x40, 0x2B, 0x12, 0x71, 0x22, 0x63, 0xA1, 0xC0, 0x39, 0xB8, 0xFC, 0xFD, 0xCB,
    0x9D, 0xAC, 0x56, 0x66, 0xFB, 0xD6, 0xDC, 0x72, 0x6B, 0x6B, 0xD6, 0x67, 0xF3, 0xC9, 0xEC, 0x64,
    0x39, 0x1A, 0x6E, 0x3F, 0xC5, 0x05, 0x1B, 0xF4, 0x64, 0x47, 0x93, 0xCC, 0xD8, 0x86, 0x26, 0x3A,
    0xAF, 0x93, 0xA0, 0x3E, 0xCB, 0xA8, 0x7B, 0x13, 0xB5, 0x24, 0x2A, 0x09, 0xFC, 0x9E, 0xFC, 0x17,
    0x4E, 0x32, 0xBF, 0xB9, 0xBE, 0xB2, 0x73, 0xD6, 0x49, 0x42, 0x36, 0xFC, 0xD1, 0x17, 0x1E, 0x35,
    0x81, 0x4E, 0xF0, 0xC7, 0x27, 0x06, 0x70, 0xE1, 0xE4, 0xD7, 0xF7, 0x00, 0x68, 0x57, 0x10, 0xF1,
    0xF5, 0xF2, 0xDA, 0xEE, 0x02, 0x95, 0xA1, 0x92, 0x7E, 0xC3, 0x84, 0xBE, 0x97, 0x31, 0x61, 0xD9,
    0x70, 0x1B, 0x33, 0x66, 0x1A, 0x29, 0x8E, 0x47, 0xE8, 0x22, 0x34, 0x69, 0xA7, 0x3E, 0xD9, 0xE2,
    0x30, 0xD0, 0xAD, 0xEC, 0xEC, 0xB9, 0x67, 0x59, 0x1C, 0xD9, 0x71, 0xE1, 0x02, 0x7B, 0x7B, 0x46,
    0x7A, 0xB8, 0xF3, 0x37, 0x33, 0x2A, 0xD2, 0x62, 0xF8, 0x7E, 0x13, 0x2E, 0x6A, 0x79, 0x77, 0xBC,
    0x64, 0x5F, 0xF4, 0xE9, 0x8D, 0xCB, 0x70, 0xF3, 0xE6, 0x0B, 0xF0, 0x46, 0xDA, 0xA2, 0xBB, 0xB4,
    0xA3, 0xDD, 0xCF, 0x72, 0xE2, 0x47, 0x97, 0x5A, 0x48, 0xCF, 0x37, 0xF2, 0x76, 0x34, 0xD5, 0x1D,
    0x1D, 0xF4, 0x48, 0x4B, 0xB5, 0xFE, 0x61, 0x06, 0x2B, 0x23, 0xF7, 0xAD, 0xFE, 0x22, 0x1A, 0x19,
    0xED, 0xCB, 0xC1, 0xE9, 0x70, 0xD4, 0x84, 0xCB, 0xA6, 0x3F, 0x6A, 0xBD, 0x13, 0x9A, 0x3F, 0x83,
    0xA7, 0x2B, 0xB8, 0xAC, 0x47, 0xC4, 0x24, 0x95, 0x5D, 0x30, 0x93, 0xF8, 0xF6, 0xFD, 0x05, 0xF7,
    0xE3, 0x4C, 0xFB, 0x6E, 0xC6, 0xC4, 0x95, 0x26, 0x0D, 0xE8, 0xD4, 0x51, 0xFB, 0x6F, 0x02, 0x30,
    0x88, 0xF8, 0x82, 0xAB, 0x37, 0xFE, 0xC9, 0x83, 0x39, 0x85, 0x27, 0x5E, 0x71, 0x4B, 0x97, 0xBB,
    0xFC, 0x95, 0x99, 0x9D, 0xFF, 0xCB, 0x2D, 0x33, 0x23, 0x2F, 0x8D, 0x97, 0xCC, 0x33, 0x21, 0xBD,
    0x61, 0x54, 0xB8, 0x79, 0x73, 0xA3, 0x37, 0x92, 0x79, 0xAD, 0xBF, 0x94, 0xCC, 0xBA, 0x65, 0x66,
    0x7E, 0xB0, 0x65, 0x66, 0x8C, 0xFF, 0xD1, 0x25, 0xA3, 0x43, 0x7A, 0xDE, 0xA8, 0xF7, 0xA3, 0xF9,
    0x35, 0xFE, 0xFA, 0x2B, 0x33, 0xFB, 0x8D, 0x57, 0x5F, 0x75, 0xB2, 0x76, 0xB2, 0xB0, 0xB3, 0x66,
    0xC6, 0xAD, 0xDC, 0x6E, 0xFD, 0x6C, 0xFA, 0xC9, 0xF4, 0xD9, 0xFA, 0x4E, 0xB0, 0x99, 0xCA, 0xC3,
    0xEF, 0x02, 0x47, 0xA7, 0x70, 0x92, 0x45, 0xC1, 0xE9, 0x73, 0x45, 0x1A, 0xAE, 0xDE, 0xB8, 0xF1,
    0xE0, 0xFC, 0x05, 0x94, 0xF4, 0x8D, 0x8C, 0xEA, 0xE5, 0x48, 0x33, 0x62, 0x02, 0x1D, 0x75, 0xA6,
    0x89, 0x38, 0xE9, 0x3B, 0xE9, 0xAF, 0xDE, 0x60, 0xDF, 0x47, 0xCB, 0x58, 0xE9, 0x88, 0x1E, 0x2B,
    0xF1, 0x6A, 0x05, 0xDB, 0x63, 0xC2, 0x1F, 0x74, 0xBD, 0x13, 0x9E, 0xB9, 0x0B, 0xA8, 0xDC, 0x4C,
    0x36, 0x1C, 0xC1, 0x55, 0xFE, 0x01, 0x61, 0x65, 0xAD, 0x96, 0x6A, 0xA9, 0x73, 0xD9, 0x54, 0x56,
    0xF3, 0x7E, 0xD3, 0x93, 0x9E, 0x4C, 0x6A, 0x92, 0x49, 0x66, 0x72, 0xD1, 0x88, 0x8C, 0x46, 0x8E,
    0x83, 0xFD, 0xF4, 0x5F, 0x43, 0x1B, 0xC0, 0x15, 0xF4, 0xD0, 0x79, 0x18, 0xD8, 0xA3, 0x12, 0x89,
    0x66, 0x83, 0x95, 0x5F, 0x46, 0x27, 0xFF, 0xF1, 0x95, 0x68, 0x37, 0x98, 0x0D, 0x7A, 0x03, 0xAF,
    0x6E, 0xA8, 0xFE, 0x1F, 0x00, 0xAC, 0x77, 0xA1, 0x0B, 0xCE, 0x9F, 0xA3, 0xE9, 0x4D, 0x54, 0x49,
    0xA5, 0x21, 0x75, 0x3D, 0x70, 0x47, 0x2F, 0x2E, 0x5F, 0xCB, 0xBF, 0x33, 0xD7, 0x53, 0x3D, 0x95,
    0xE3, 0x3A, 0x3E, 0x79, 0x5D, 0xCF, 0xED, 0x7A, 0xCD, 0xDD, 0x6A, 0xE7, 0x76, 0x3E, 0xCA, 0xB7,
    0xBB, 0xD9, 0x8E, 0x94, 0x2B, 0xC3, 0xAD, 0x93, 0xB1, 0xA4, 0x66, 0xE7, 0xCB, 0x58, 0x2B, 0x30,
    0x49, 0x68, 0x3F, 0x58, 0x18, 0x5E, 0x9E, 0xB8, 0xA6, 0x23, 0x4F, 0x55, 0x3D, 0x7B, 0xEB, 0xD0,
    0x63, 0x2D, 0x98, 0xD0, 0xAE, 0x38, 0xDC, 0xC2, 0x6D, 0xBE, 0x91, 0xAB, 0x19, 0xB2, 0x4A, 0x90,
    0x4D, 0xA0, 0x9A, 0xDB, 0x97, 0x72, 0x3D, 0x5D, 0x6B, 0x66, 0x95, 0xB2, 0x9D, 0xEA, 0xBF, 0x4B,
    0x5D, 0xA2, 0x19, 0xEF, 0x25, 0xEC, 0x9F, 0x7C, 0x94, 0x70, 0xE6, 0x67, 0x77, 0xB9, 0x65, 0x64,
    0xEB, 0x62, 0x64, 0xD2, 0x11, 0x13, 0x4C, 0xE0, 0xBC, 0x7F, 0x48, 0x9F, 0x9D, 0x03, 0x76, 0x1E,
    0xF6, 0x2E, 0xF6, 0x3E, 0x0E, 0x4E, 0x8A, 0x97, 0x2B, 0xC5, 0xCD, 0x6B, 0x0B, 0x9B, 0x1F, 0x27,
    0x6C, 0x8E, 0xBE, 0xE1, 0xD8, 0x3C, 0xE1, 0xA0, 0x19, 0xB9, 0x03, 0xB6, 0xAF, 0x67, 0x70, 0x98,
    0x08, 0x19, 0xE7, 0xA9, 0xA7, 0x4A, 0x16, 0x74, 0xAC, 0x25, 0x63, 0x42, 0x7D, 0xE3, 0x87, 0xF0,
    0x34, 0xD0, 0x08, 0x75, 0x32, 0x12, 0x74, 0x3C, 0xB7, 0x0B, 0xC4, 0xF4, 0x0E, 0xB5, 0x72, 0x1B,
    0xBD, 0x14, 0x8F, 0xAE, 0x38, 0x6C, 0x4D, 0x58, 0x3F, 0x1E, 0xDA, 0x6F, 0x2D, 0xB2, 0x5C, 0x6B,
    0xF2, 0xEB, 0xEF, 0xE4, 0x36, 0xA3, 0xD2, 0x9B, 0x33, 0xCD, 0x4F, 0x3F, 0x9F, 0xB6, 0xAC, 0xFE,
    0x73, 0xC2, 0x69, 0x59, 0xC9, 0x5A, 0x96, 0x7A, 0x42, 0x47, 0x1D, 0x79, 0xF2, 0x3A, 0x75, 0x42,
    0xCF, 0x34, 0x33, 0x3A, 0xB1, 0xB7, 0xF3, 0xD7, 0x31, 0x01, 0x17, 0x2A, 0xA1, 0x59, 0x68, 0x13,
    0x5D, 0xCF, 0x00, 0x03, 0x57, 0x86, 0x4F, 0x92, 0x93, 0xC9, 0xCA, 0x58, 0xBD, 0xC2, 0xC1, 0xEC,
    0x08, 0x34, 0x09, 0x50, 0x85, 0x98, 0x4E, 0x4E, 0x4C, 0x80, 0x9B, 0x81, 0xAE, 0xD0, 0x3A, 0x43,
    0xB5, 0x64, 0x50, 0x9F, 0x67, 0xD0, 0x29, 0x83, 0x89, 0x19, 0xDA, 0x90, 0xC1, 0xF5, 0x0B, 0x0C,
    0x7F, 0xB5, 0x80, 0xC8, 0x4A, 0x5D, 0x48, 0x89, 0x48, 0xD1, 0x1D, 0x30, 0x91, 0x81, 0x36, 0x30,
    0xE0, 0x7A, 0x3A, 0xEE, 0x9B, 0x0B, 0x80, 0x00, 0xF5, 0x0C, 0xE8, 0xF1, 0x31, 0xF9, 0x6D, 0x56,
    0xC0, 0x0A, 0xD0, 0xD9, 0x9E, 0x6A, 0x6E, 0xC2, 0xD7, 0xEE, 0xD7, 0xF6, 0x09, 0xBA, 0xE3, 0x08,
    0x5F, 0x4A, 0x80, 0xF8, 0xFB, 0x5F, 0x7F, 0xAA, 0xCF, 0x36, 0x1E, 0x9C, 0x0D, 0x85, 0x7A, 0xB8,
    0xF0, 0xC4, 0xD7, 0xEF, 0xB2, 0x9E, 0x00, 0xB3, 0x16, 0x32, 0x27, 0xB4, 0xEC, 0x4F, 0x7C, 0xED,
    0xCE, 0x2B, 0x11, 0x09, 0xA0, 0xF6, 0xBB, 0x46, 0x44, 0x7A, 0xB0, 0x9F, 0x7C, 0xFE, 0x2A, 0xE0,
    0xDE, 0x4B, 0x00, 0xC3, 0x77, 0x12, 0x50, 0xAD, 0x26, 0x02, 0x2A, 0x5B, 0xC9, 0xD0, 0x4C, 0x6D,
    0xD9, 0x99, 0xB4, 0xDB, 0xB9, 0x8F, 0xBB, 0x7F, 0xBB, 0x02, 0xDD, 0xEE, 0x62, 0x44, 0xC4, 0x53,
    0x1C, 0x0B, 0xA0, 0x67, 0x04, 0x30, 0x09, 0x91, 0x44, 0x3B, 0xEE, 0x76, 0xE5, 0x09, 0x93, 0xC8,
    0xCE, 0xB4, 0x44, 0x3A, 0xC9, 0x95, 0xC8, 0xAC, 0xE4, 0xC5, 0x9B, 0x66, 0x06, 0x9B, 0x28, 0x3D,
    0x4F, 0xBF, 0xB1, 0x0F, 0xE8, 0x0A, 0xCA, 0xF1, 0xF8, 0x24, 0x56, 0x84, 0x66, 0x43, 0x25, 0x0B,
    0x58, 0xF6, 0x9D, 0x9B, 0x71, 0x87, 0x4A, 0x02, 0xAC, 0x00, 0xFB, 0x20, 0xA8, 0x33, 0x50, 0x70,
    0xC4, 0xCE, 0x06, 0x99, 0x10, 0x49, 0x05, 0xD5, 0xFA, 0xAA, 0xAF, 0x96, 0x7D, 0x17, 0x55, 0x20,
    0xE2, 0xF5, 0x41, 0xDB, 0x6C, 0x77, 0xC2, 0x24, 0x30, 0x11, 0xEC, 0x78, 0x88, 0x4B, 0xF2, 0x09,
    0xF6, 0x66, 0x4A, 0xC4, 0x01, 0x3A, 0x60, 0x7E, 0xF4, 0xFA, 0x95, 0xF4, 0x68, 0x09, 0xD8, 0x9F,
    0x24, 0x8E, 0xAA, 0xE9, 0x91, 0xEA, 0xEB, 0xB7, 0x47, 0xCC, 0xBF, 0x27, 0xCC, 0xA6, 0x5D, 0x55,
    0xFE, 0x51, 0xC7, 0xDE, 0x86, 0x72, 0x5A, 0x25, 0xF6, 0x61, 0xCB, 0xBA, 0x6B, 0x73, 0x39, 0xEE,
    0xB6, 0xD6, 0xE3, 0x3C, 0x9D, 0x67, 0x00, 0x81, 0x95, 0x6A, 0xA1, 0xCE, 0xA5, 0xA9, 0x8C, 0x5D,
    0xE9, 0xC4, 0x0F, 0xE2, 0xD9, 0x59, 0xD7, 0xC3, 0x0A, 0x6A, 0x7E, 0xF0, 0xCE, 0x93, 0xF5, 0x80,
    0x19, 0x1E, 0x2E, 0xF1, 0xCE, 0x3F, 0x28, 0xF3, 0x02, 0xAC, 0xB0, 0xCF, 0xE1, 0x24, 0x8F, 0x22,
    0x5E, 0xD4, 0x39, 0x91, 0x6F, 0x16, 0x68, 0x05, 0xEE, 0xB4, 0xBE, 0x9E, 0x9A, 0xF0, 0x48, 0xF5,
    0x2F, 0x9E, 0x87, 0xAE, 0xED, 0xB9, 0xD6, 0xFA, 0xF2, 0x46, 0x79, 0xA4, 0xDA, 0xC3, 0x0A, 0x88,
    0xC4, 0x42, 0x99, 0x6A, 0xFD, 0xEE, 0x42, 0xB5, 0x54, 0x52, 0x3A, 0x4B, 0xE9, 0x3D, 0xF0, 0x5B,
    0x8B, 0x1F, 0x70, 0x32, 0x0A, 0x9D, 0x04, 0xE1, 0xF5, 0x2F, 0x7B, 0xC1, 0xA4, 0x7A, 0xC1, 0xC4,
    0x72, 0x97, 0x47, 0x33, 0xD3, 0xFE, 0x74, 0x48, 0x38, 0x91, 0xB0, 0xD1, 0xCA, 0x46, 0xD7, 0x01,
    0xDA, 0x17, 0x23, 0x0C, 0xC7, 0x23, 0x1C, 0x4B, 0xA0, 0x1A, 0x7F, 0xC0, 0xDE, 0x86, 0xBE, 0xCA,
    0x48, 0x28, 0x1E, 0x46, 0x35, 0x57, 0x92, 0xD4, 0x54, 0x4B, 0xD2, 0xA9, 0x3E, 0x9E, 0x9A, 0xA4,
    0x7E, 0x99, 0x9B, 0xA8, 0x3E, 0xCB, 0x26, 0xEA, 0xB4, 0x98, 0xB1, 0x49, 0x62, 0x83, 0x89, 0x5D,
    0x1B, 0xCC, 0xE8, 0x5E, 0xEF, 0x4D, 0x70, 0xE2, 0x6D, 0xB0, 0xE2, 0xB7, 0x03, 0x82, 0xEB, 0x0B,
    0xF9, 0x66, 0xA5, 0x43, 0x2D, 0x00, 0xEC, 0xD3, 0x85, 0x01, 0xC0, 0x01, 0x18, 0xCF, 0xDE, 0x74,
    0x09, 0xAB, 0x93, 0x99, 0x4A, 0x64, 0x41, 0xAD, 0xB5, 0x60, 0x66, 0x04, 0x9B, 0x18, 0x7C, 0x3B,
    0xD2, 0x79, 0x17, 0x0A, 0xF5, 0x1B, 0x95, 0x31, 0xE5, 0x07, 0x8F, 0x6C, 0xBB, 0x4A, 0xE8, 0x7C,
    0xBD, 0xD0, 0x05, 0x9D, 0x71, 0xB1, 0x9D, 0xB0, 0x22, 0x91, 0x46, 0xA4, 0xA7, 0x92, 0x99, 0x53,
    0xA6, 0xF2, 0xFD, 0xB2, 0x6E, 0x03, 0x70, 0xC4, 0xE3, 0x74, 0xDE, 0x45, 0xA8, 0x24, 0x81, 0xFE,
    0x2C, 0x83, 0xED, 0xDF, 0x7C, 0x3C, 0xCE, 0xAB, 0xD9, 0x80, 0x92, 0x01, 0x9A, 0x4F, 0x17, 0x30,
    0xF5, 0xDD, 0xC7, 0xE4, 0xF7, 0x9D, 0x7F, 0x06, 0x35, 0x65, 0x50, 0x29, 0x03, 0x57, 0xAE, 0x3C,
    0xAE, 0x9B, 0xFD, 0xEB, 0xBC, 0xE0, 0xFA, 0xD5, 0x7C, 0x94, 0x95, 0x24, 0x24, 0x20, 0xBD, 0x92,
    0x68, 0xEE, 0xCD, 0x2E, 0xAC, 0x2D, 0x97, 0xCF, 0x71, 0x0E, 0x78, 0x02, 0xB4, 0xFC, 0xAD, 0xA7,
    0x13, 0x29, 0x71, 0xAC, 0x87, 0x38, 0x26, 0x2D, 0xDE, 0x46, 0x53, 0x46, 0xB0, 0x2B, 0x71, 0xDC,
    0x76, 0xDE, 0xBD, 0x35, 0x6F, 0x71, 0x7C, 0x2B, 0x76, 0x74, 0x26, 0x0C, 0x74, 0x8E, 0x95, 0x6E,
    0x29, 0x71, 0xCC, 0x25, 0x8E, 0x64, 0xA7, 0x93, 0x75, 0xBA, 0xE7, 0x8E, 0xCC, 0xF0, 0x1C, 0x5F,
    0x31, 0xEA, 0xAA, 0x42, 0x5C, 0x03, 0x68, 0xD9, 0x5B, 0x9D, 0xE9, 0xFC, 0xEE, 0x29, 0x56, 0x33,
    0x82, 0x9E, 0x10, 0x9A, 0xC4, 0x8A, 0x49, 0xD5, 0x82, 0x89, 0x75, 0xC6, 0x46, 0x95, 0x69, 0x47,
    0x35, 0xD3, 0x06, 0x3D, 0xE3, 0x82, 0x9E, 0x70, 0x7D, 0x93, 0xE8, 0x7A, 0x53, 0xC8, 0x46, 0xDC,
    0xD8, 0x85, 0xE2, 0xBC, 0xC7, 0xC8, 0x0A, 0xB5, 0x4C, 0x9C, 0xB2, 0x66, 0x02, 0xEC, 0x08, 0x38,
    0x0F, 0xDC, 0x7A, 0xAC, 0xCE, 0xF7, 0xD3, 0x8F, 0x08, 0xE6, 0x83, 0x04, 0x2D, 0xF3, 0xE3, 0x71,
    0x5E, 0x8F, 0xEF, 0x80, 0xFE, 0xC5, 0x0C, 0xFA, 0xA3, 0x09, 0x2A, 0x7F, 0xE5, 0xF1, 0x25, 0x5D,
    0x09, 0xA8, 0x0C, 0x4D, 0x04, 0x7B, 0x28, 0xB9, 0x98, 0xD4, 0xF9, 0x76, 0x74, 0x7D, 0x17, 0x5C,
    0x10, 0xDA, 0x77, 0x17, 0xEC, 0x07, 0x33, 0xE6, 0xC3, 0x84, 0x91, 0x91, 0x46, 0x7A, 0xB4, 0x80,
    0x5A, 0x36, 0xE4, 0x43, 0x19, 0x9C, 0x28, 0xA1, 0x9D, 0xD4, 0xE0, 0x82, 0x53, 0x75, 0x43, 0xD6,
    0x0D, 0x12, 0x6A, 0x91, 0x2D, 0x62, 0x9B, 0xD4, 0xDC, 0x4C, 0x7A, 0x6A, 0xA6, 0xDD, 0x0A, 0x39,
    0xD9, 0x64, 0xBE, 0x94, 0xD1, 0x88, 0x78, 0x2B, 0x33, 0xED, 0xC7, 0xFE, 0xA4, 0x04, 0x15, 0xF0,
    0x60, 0x76, 0xB6, 0xAF, 0xE5, 0x83, 0xAC, 0x20, 0x95, 0x50, 0x2D, 0x08, 0x75, 0xAE, 0x56, 0x54,
    0x6E, 0x32, 0x6A, 0x76, 0x09, 0x3D, 0x89, 0xA7, 0xF9, 0x6C, 0x2D, 0xF1, 0x88, 0xC7, 0xA4, 0x61,
    0xC4, 0x44, 0x37, 0x61, 0xC7, 0x26, 0xD3, 0x06, 0x95, 0x71, 0xA1, 0xDE, 0xE8, 0x5F, 0xFE, 0x71,
    0xC6, 0xFD, 0x85, 0x24, 0xBA, 0xEF, 0x48, 0xCF, 0x00, 0x20, 0x40, 0xBD, 0x02, 0x2E, 0x17, 0x9A,
    0x0B, 0x8D, 0x0F, 0xAF, 0x75, 0xEC, 0x06, 0x1D, 0xA1, 0x4E, 0xEC, 0xEC, 0xDA, 0xB7, 0xAF, 0x2B,
    0xF9, 0x30, 0x18, 0x91, 0x60, 0x27, 0x09, 0x2E, 0x74, 0xFD, 0xB6, 0xF9, 0xC1, 0x77, 0x08, 0x03,
    0xC2, 0x8A, 0x54, 0x1B, 0xD4, 0xC2, 0x20, 0x19, 0xB7, 0x66, 0xEC, 0xE7, 0x33, 0x0F, 0x6C, 0xE8,
    0x4B, 0x12, 0xA8, 0x09, 0x9A, 0xF0, 0x68, 0x34, 0x4D, 0x06, 0xB7, 0xC2, 0xE2, 0xA8, 0x93, 0xE9,
    0xCF, 0xAC, 0x59, 0x4A, 0x6F, 0xA9, 0xBC, 0xC7, 0xD2, 0x97, 0xBA, 0x7B, 0x66, 0xBD, 0x8B, 0xBF,
    0x0D, 0x77, 0x9C, 0xDF, 0x50, 0xD6, 0x34, 0x67, 0xD7, 0xD3, 0x11, 0x6C, 0x86, 0x8B, 0x17, 0xF7,
    0xB0, 0xB9, 0x1C, 0x3B, 0xBB, 0x6E, 0xF7, 0xED, 0xEF, 0xDE, 0x65, 0xBB, 0x5A, 0x16, 0x8C, 0x6C,
    0x86, 0x4D, 0x12, 0x3B, 0x8A, 0xC6, 0xC0, 0xA6, 0xF2, 0xA2, 0xB0, 0xED, 0x25, 0x17, 0x25, 0x89,
    0x08, 0xF2, 0xF7, 0xEC, 0xD4, 0x40, 0x94, 0xF0, 0x34, 0x83, 0xC8, 0xCF, 0x13, 0x6E, 0x15, 0x49,
    0x9B, 0xEA, 0x3D, 0x19, 0x39, 0xD8, 0xEB, 0x77, 0x6B, 0xC9, 0x46, 0xE6, 0x76, 0xFA, 0xA6, 0x0B,
    0x87, 0x85, 0xBD, 0xDC, 0x6F, 0x83, 0xF7, 0x9D, 0x8C, 0x4E, 0xC6, 0x46, 0x7A, 0x15, 0xD1, 0x13,
    0xE4, 0xD2, 0xDA, 0x99, 0x36, 0x9E, 0x1E, 0x89, 0xCD, 0x43, 0x23, 0xB1, 0xBD, 0x4B, 0x2D, 0x0B,
    0x4D, 0x89, 0x33, 0x96, 0x5A, 0xD0, 0xB1, 0x8B, 0x50, 0x16, 0x44, 0xE2, 0x3E, 0x36, 0x60, 0xE0,
    0x69, 0xBA, 0x9F, 0x4F, 0x38, 0x99, 0x68, 0x24, 0xF2, 0xC0, 0xC4, 0x53, 0x2F, 0xA0, 0x13, 0x98,
    0xFE, 0xEC, 0x9A, 0x27, 0x23, 0x71, 0x81, 0xC5, 0xA1, 0xA2, 0xE9, 0xCF, 0xAC, 0xF9, 0xDC, 0xB3,
    0xB0, 0xBA, 0x9D, 0x1E, 0x17, 0x2E, 0x3C, 0x82, 0x18, 0x9B, 0xA4, 0x66, 0x32, 0x97, 0xA1, 0xFA,
    0xA1, 0xCA, 0x6A, 0xD6, 0x87, 0xF7, 0x91, 0x89, 0x76, 0xDC, 0xFF, 0xCB, 0xEE, 0x4A, 0x4D, 0x07,
    0x6C, 0xC2, 0x05, 0xEE, 0x50, 0x4D, 0x50, 0x7A, 0xA3, 0x32, 0x6A, 0x46, 0x4F, 0x34, 0x09, 0xB3,
    0x6F, 0x11, 0x3B, 0xFE, 0xCF, 0xC5, 0x04, 0x50, 0x8B, 0x6F, 0x24, 0xB4, 0x7F, 0x1A, 0xDF, 0xAC,
    0xD3, 0xAF, 0x74, 0x6D, 0xF3, 0xF6, 0x68, 0xDE, 0x8B, 0x5B, 0x7B, 0xA2, 0xF2, 0xBF, 0xAA, 0x53,
    0x50, 0xFD, 0x75, 0x9A, 0xE3, 0x84, 0x3E, 0xBC, 0xAD, 0x5B, 0xE9, 0x79, 0xD6, 0x06, 0x30, 0x23,
    0xC3, 0xCF, 0x46, 0x25, 0x12, 0xCD, 0x2A, 0xD1, 0x26, 0x17, 0x5D, 0x68, 0xC7, 0x1D, 0xFA, 0x92,
    0x72, 0x61, 0xF1, 0xED, 0xF1, 0x8A, 0x91, 0x4C, 0x2D, 0xE3, 0xFD, 0xC7, 0xEC, 0x05, 0xEC, 0x3A,
    0x73, 0x34, 0x24, 0x2E, 0x35, 0xFD, 0x7E, 0xCE, 0x74, 0x07, 0xF5, 0x0B, 0x09, 0xEA, 0x58, 0xA2,
    0x5E, 0x6D, 0x6A, 0xF2, 0xFE, 0xE6, 0x6D, 0x18, 0xCB, 0x2D, 0x2C, 0x37, 0xB1, 0xDC, 0xC6, 0x83,
    0xAA, 0x77, 0xBE, 0xA3, 0x63, 0x60, 0x67, 0xAE, 0xA7, 0xC4, 0x4D, 0x33, 0x42, 0x1D, 0x0F, 0x0F,
    0x46, 0x44, 0x49, 0xC6, 0x88, 0xD0, 0x26, 0xC1, 0x85, 0x32, 0xA5, 0x72, 0xFD, 0x80, 0xF3, 0x42,
    0xB7, 0x61, 0x40, 0xD8, 0xB8, 0x5E, 0xE8, 0x24, 0xD3, 0x4A, 0xA2, 0x91, 0xFE, 0xFF, 0x1A, 0xC4,
    0x67, 0xD7, 0x3C, 0x3D, 0x88, 0xFD, 0x99, 0x35, 0xDB, 0x97, 0x46, 0x44, 0x42, 0x75, 0x2C, 0xBE,
    0x0E, 0x6F, 0x9E, 0x3D, 0xC6, 0xF2, 0x50, 0x2C, 0x27, 0x0F, 0xC5, 0xD9, 0xF5, 0x2E, 0x02, 0xDD,
    0x01, 0x17, 0xE1, 0xF4, 0xE7, 0x82, 0x1B, 0x70, 0x0E, 0x70, 0x87, 0xF3, 0x8E, 0xFD, 0x6F, 0x80,
    0x67, 0xBE, 0x0C, 0x88, 0x94, 0x71, 0x15, 0x9A, 0xD9, 0x05, 0x13, 0x65, 0xB4, 0xEF, 0x4B, 0x6C,
    0x7F, 0xF2, 0xE1, 0xE8, 0x3E, 0x7C, 0x6D, 0x74, 0x6B, 0x1B, 0x5C, 0x76, 0xA1, 0x4D, 0x83, 0xB7,
    0xC7, 0x82, 0x95, 0x8C, 0x93, 0xC8, 0xF3, 0x3C, 0x64, 0x6E, 0x3F, 0x3C, 0xD1, 0x11, 0xAA, 0x04,
    0xC0, 0xF9, 0x77, 0xCE, 0x5F, 0xDF, 0x7D, 0xF6, 0x1A, 0x6D, 0xB0, 0xE1, 0xE1, 0xF1, 0x54, 0x72,
    0x1A, 0xE8, 0x10, 0x86, 0x6A, 0x65, 0x50, 0x1B, 0x64, 0xC1, 0x2D, 0x19, 0x3B, 0xE5, 0xD3, 0x25,
    0x96, 0xF5, 0x50, 0x62, 0xC7, 0xB3, 0x6A, 0x9E, 0x2E, 0xB1, 0xEB, 0x7E, 0x81, 0x7E, 0x56, 0xCD,
    0xFD, 0xA2, 0x7C, 0x57, 0x12, 0xCB, 0xA2, 0xFC, 0x11, 0xE5, 0x8D, 0x49, 0x40, 0x1B, 0x80, 0x0E,
    0x60, 0x06, 0x0E, 0x2F, 0xAF, 0x1B, 0xFB, 0x49, 0x53, 0x95, 0x55, 0xDE, 0x48, 0xCF, 0xB0, 0x34,
    0x09, 0x16, 0x13, 0x4B, 0x4E, 0x81, 0x12, 0xC8, 0x46, 0x03, 0x70, 0x6D, 0x01, 0xBA, 0x0C, 0xB8,
    0xA9, 0x50, 0x2A, 0x34, 0x16, 0xEA, 0x81, 0x01, 0xA8, 0x57, 0x60, 0xC8, 0x85, 0x52, 0x21, 0x0F,
    0x70, 0xFA, 0x2B, 0xC7, 0x06, 0x60, 0x68, 0x7B, 0x56, 0x49, 0x88, 0x4C, 0x95, 0xFC, 0xF9, 0x5C,
    0xAF, 0x2A, 0xEF, 0xB6, 0x79, 0xDB, 0x26, 0x3D, 0xEB, 0x74, 0x98, 0x0E, 0xCE, 0x6D, 0x34, 0x22,
    0xC1, 0x7C, 0x2A, 0xDE, 0xBE, 0x97, 0xF9, 0xDF, 0x3E, 0x98, 0xF0, 0xE4, 0x5B, 0xF7, 0x67, 0xEA,
    0xE6, 0xC7, 0x09, 0xAA, 0x17, 0xFD, 0xE3, 0x4B, 0xF0, 0xBF, 0x01, 0xBD, 0x98, 0x01, 0xA4, 0x27,
    0xC9, 0x76, 0xC6, 0x7F, 0xDD, 0x95, 0x9D, 0x66, 0x1A, 0xF5, 0x90, 0x27, 0xE4, 0xA1, 0x21, 0xC8,
    0x0B, 0x5E, 0x03, 0x04, 0x79, 0x53, 0x35, 0x41, 0x42, 0x20, 0x83, 0x9D, 0x40, 0xF0, 0x60, 0xB1,
    0x56, 0x64, 0x00, 0x20, 0x3B, 0xDD, 0x0B, 0x02, 0x70, 0x21, 0x00, 0xB2, 0x98, 0xB0, 0x06, 0x04,
    0xB0, 0x98, 0x99, 0xEE, 0x58, 0x40, 0xA0, 0x23, 0x08, 0x82, 0x34, 0x86, 0xC4, 0x2E, 0xB6, 0x66,
    0xB6, 0x27, 0xDB, 0xBB, 0x53, 0xDD, 0x27, 0x75, 0xBA, 0xDB, 0xBD, 0xF7, 0xCE, 0x66, 0xDE, 0xEC,
    0xCC, 0xBD, 0x77, 0xCF, 0xBF, 0xBF, 0x0F, 0x33, 0xDD, 0x75, 0xBE, 0x73, 0x4E, 0x9D, 0x73, 0xAB,
    0x1B, 0xFE, 0xE8, 0xA1, 0x07, 0x27, 0x07, 0xED, 0x56, 0x4D, 0x80, 0x9B, 0x81, 0x46, 0x69, 0x4D,
    0x94, 0x2D, 0x11, 0xCC, 0x8B, 0x44, 0x45, 0x48, 0x64, 0xC7, 0x44, 0x75, 0x9F, 0xC8, 0xB5, 0x0B,
    0x74, 0xFF, 0x90, 0x48, 0x64, 0x25, 0x57, 0x32, 0x22, 0x42, 0x19, 0xE8, 0xB0, 0x63, 0xA2, 0xBA,
    0x4F, 0xE4, 0x5A, 0x1A, 0x75, 0x06, 0x9D, 0x24, 0xAC, 0x6C, 0x76, 0xFF, 0xCF, 0x4E, 0x8C, 0xFC,
    0x57, 0x6F, 0x45, 0xFA, 0x6A, 0x92, 0xDE, 0xF5, 0x4D, 0x9B, 0x7E, 0xBE, 0xF3, 0x0D, 0x42, 0x97,
    0xB0, 0x22, 0x59, 0x82, 0x59, 0xE8, 0x24, 0xE2, 0xD6, 0x48, 0xF5, 0x62, 0xE6, 0x9C, 0x3D, 0x2A,
    0x7A, 0x68, 0xBA, 0x56, 0xE5, 0x03, 0xE5, 0x53, 0xAE, 0x3B, 0x06, 0xB5, 0xB9, 0xEC, 0xE9, 0x3A,
    0x8F, 0x5B, 0xD5, 0xE5, 0x65, 0x62, 0xB9, 0x76, 0xB5, 0xD9, 0x04, 0x14, 0x03, 0x60, 0x7B, 0xA5,
    0x41, 0x69, 0x06, 0x8A, 0x99, 0xCB, 0x09, 0x37, 0x03, 0x58, 0x0F, 0x8E, 0x84, 0x3B, 0x09, 0xA3,
    0xAA, 0xE4, 0xCC, 0xCA, 0x19, 0xAA, 0x11, 0x9C, 0x87, 0xC7, 0x6C, 0x56, 0xC8, 0x48, 0x23, 0x31,
    0x13, 0x99, 0x8D, 0xDC, 0xFE, 0x67, 0x15, 0x52, 0x05, 0xA8, 0x07, 0x70, 0x3D, 0xAA, 0x99, 0xC6,
    0x43, 0x77, 0xA0, 0x51, 0xF4, 0xBA, 0xF4, 0x0D, 0x2A, 0x0D, 0x31, 0x21, 0x93, 0x05, 0x0E, 0xCB,
    0x57, 0x0D, 0xC3, 0x0E, 0xD4, 0x1E, 0xE0, 0xDE, 0xD3, 0x5C, 0xA2, 0x95, 0xB9, 0x9E, 0xFE, 0xC0,
    0xF5, 0x34, 0x2D, 0x1D, 0x08, 0xC7, 0xD5, 0x79, 0xDF, 0xC8, 0xE0, 0x64, 0x28, 0xA5, 0x85, 0xC3,
    0xA4, 0xC7, 0xC8, 0x88, 0xFD, 0xF7, 0x89, 0x9A, 0xF9, 0x3A, 0x24, 0xBA, 0x80, 0xCC, 0x66, 0x5E,
    0xCA, 0xE1, 0x57, 0xEF, 0x26, 0xD1, 0x01, 0x4D, 0xBB, 0x3B, 0xFB, 0x25, 0xD7, 0x21, 0xD1, 0xF6,
    0x54, 0xA3, 0x3E, 0x7D, 0xF3, 0xDD, 0xB2, 0x68, 0xFB, 0xC7, 0x98, 0x6F, 0x26, 0x72, 0x19, 0x40,
    0xFC, 0x75, 0x48, 0x34, 0xA1, 0xF6, 0xC4, 0x05, 0xBA, 0x09, 0xDC, 0x00, 0xBB, 0x50, 0x92, 0x52,
    0x92, 0x54, 0x92, 0x56, 0x5C, 0x7F, 0x24, 0x0A, 0x90, 0x33, 0xA8, 0x64, 0x92, 0x66, 0x5C, 0xC2,
    0xA9, 0xEA, 0x63, 0x55, 0xE7, 0xC9, 0xBE, 0x8B, 0x80, 0x4C, 0x40, 0x33, 0xA0, 0x76, 0xCC, 0x27,
    0x91, 0x51, 0x29, 0x92, 0xAD, 0x7F, 0xBD, 0x90, 0x2D, 0x99, 0x90, 0x47, 0x04, 0x13, 0xE9, 0x30,
    0x73, 0xA2, 0x62, 0x62, 0x6B, 0x3B, 0xC1, 0xEE, 0x94, 0x2F, 0xD8, 0xD1, 0x44, 0xAA, 0xC1, 0x26,
    0x4D, 0xFF, 0xD6, 0x05, 0x9C, 0x48, 0x9F, 0x68, 0x25, 0xD1, 0x09, 0x80, 0x99, 0xD6, 0xA3, 0xA3,
    0xCB, 0xE7, 0x13, 0xD8, 0x6F, 0x86, 0xBD, 0x6B, 0xEE, 0xDB, 0x01, 0x6D, 0x43, 0xB4, 0x0F, 0xA9,
    0x42, 0x22, 0xED, 0x44, 0xB4, 0x15, 0xE9, 0x68, 0x40, 0xE8, 0x94, 0x56, 0x90, 0x6C, 0x01, 0x31,
    0x89, 0xB4, 0x21, 0xB7, 0x8E, 0xA4, 0x9A, 0x66, 0x7E, 0xB4, 0xFA, 0xDF, 0x5B, 0x7C, 0xA7, 0xF9,
    0x10, 0x1A, 0xE9, 0x85, 0x7B, 0xDF, 0xB7, 0x3F, 0x5A, 0x3D, 0x1A, 0x75, 0x21, 0x92, 0xB0, 0xF2,
    0xDE, 0x6F, 0x9E, 0x82, 0x1D, 0x32, 0xF9, 0x4D, 0x5F, 0x88, 0xE8, 0x08, 0x69, 0xDD, 0xD8, 0xB5,
    0xEE, 0x18, 0x1F, 0x2A, 0x5B, 0x05, 0x0B, 0xCB, 0xC5, 0xF1, 0x71, 0x68, 0xE5, 0xC6, 0xC3, 0x4F,
    0xB1, 0x32, 0x26, 0x0C, 0xBB, 0x72, 0x99, 0x10, 0x09, 0x8A, 0x6C, 0xBD, 0xEB, 0xB3, 0x05, 0x15,
    0x8D, 0x51, 0x88, 0xF8, 0xE2, 0xD8, 0x19, 0xF6, 0xC5, 0x5D, 0x6C, 0xD8, 0xF3, 0x56, 0x0D, 0xC7,
    0xAE, 0x92, 0x78, 0x0A, 0x3E, 0x3A, 0xFE, 0xCE, 0xA8, 0x72, 0xB5, 0x5A, 0x77, 0xCA, 0xB2, 0x3D,
    0x5B, 0x8D, 0x8D, 0x4F, 0x89, 0xA5, 0xB9, 0x2D, 0x74, 0xB2, 0x20, 0x32, 0x22, 0xFF, 0x74, 0xEC,
    0x14, 0x7E, 0x46, 0xF3, 0xE5, 0x84, 0x93, 0x89, 0x52, 0x46, 0x4E, 0xCD, 0x32, 0x61, 0xBF, 0x0A,
    0x94, 0x32, 0x90, 0x3D, 0xE1, 0x4A, 0xB5, 0xAA, 0x05, 0xDB, 0xB2, 0x76, 0xD0, 0x2C, 0xF0, 0x8B,
    0xF1, 0x6A, 0x34, 0x73, 0x1F, 0x90, 0x03, 0x1F, 0x5E, 0xBD, 0x66, 0x13, 0xA0, 0x9C, 0xD8, 0x6E,
    0xCC, 0xDB, 0xCB, 0x6B, 0xBE, 0x2A, 0x6D, 0xC5, 0x00, 0x95, 0x87, 0x5B, 0x80, 0xF3, 0x09, 0xC7,
    0x8D, 0x97, 0xD1, 0xA7, 0xEB, 0x7D, 0x0C, 0x44, 0x60, 0x01, 0xA4, 0x05, 0x77, 0xC4, 0x5C, 0xB5,
    0x91, 0xF2, 0xBF, 0x03, 0x46, 0x7A, 0x32, 0xB9, 0xFA, 0x3C, 0x47, 0x3B, 0x70, 0xBF, 0x01, 0xB7,
    0x35, 0xF9, 0x15, 0xED, 0x8D, 0x66, 0x24, 0x93, 0x69, 0x9B, 0x43, 0xB6, 0xD5, 0xC8, 0xE0, 0x86,
    0xCC, 0x38, 0x11, 0x44, 0x16, 0x23, 0xFE, 0x6F, 0xCA, 0x78, 0x71, 0x62, 0x37, 0xAD, 0xC4, 0xC6,
    0x4B, 0xEC, 0xBC, 0xCC, 0x9D, 0x2F, 0xA6, 0xC6, 0x97, 0xA1, 0xE9, 0x6D, 0x70, 0xA3, 0x1D, 0x2B,
    0x91, 0xA1, 0x4C, 0xC8, 0x64, 0xF5, 0x1C, 0x86, 0x11, 0xB0, 0xD2, 0xE2, 0xFE, 0xB2, 0x67, 0x36,
    0xE3, 0xAE, 0xFB, 0x93, 0x07, 0xC8, 0xB7, 0xC1, 0x88, 0x84, 0x62, 0x71, 0xC1, 0x86, 0x6A, 0x4C,
    0xBF, 0xA1, 0x1E, 0xAA, 0xDE, 0xF5, 0x75, 0x82, 0x6B, 0x75, 0xE8, 0xB9, 0x7F, 0x11, 0x5F, 0x8B,
    0x60, 0x13, 0x8A, 0xB8, 0x02, 0x7B, 0x02, 0xEF, 0x14, 0x91, 0x4E, 0x42, 0xC2, 0x40, 0xBD, 0x72,
    0xF8, 0xE9, 0x6F, 0x61, 0xBE, 0x8F, 0x5B, 0x3C, 0xDC, 0x6B, 0xAF, 0x25, 0x96, 0x5F, 0xE7, 0x81,
    0xFA, 0xEB, 0x81, 0x4A, 0x5A, 0xF2, 0xEF, 0xB8, 0xB6, 0x58, 0xA8, 0x5A, 0x55, 0xB8, 0xE3, 0x26,
    0xD7, 0x12, 0x0B, 0x11, 0xF2, 0x5D, 0x03, 0x3C, 0xB8, 0xBE, 0x58, 0xAE, 0x52, 0xF7, 0xCF, 0x3D,
    0xB8, 0x36, 0x01, 0x78, 0x74, 0x26, 0x7B, 0x6F, 0xF2, 0x08, 0x59, 0x82, 0x99, 0xAE, 0xB1, 0x2E,
    0xB8, 0x00, 0xC8, 0x0C, 0x66, 0x7E, 0x0C, 0xE5, 0x50, 0xB3, 0x5B, 0x87, 0x1D, 0x10, 0xAA, 0x81,
    0x95, 0xBA, 0xCF, 0x56, 0x5C, 0x9F, 0x2D, 0xB8, 0x36, 0x8F, 0x34, 0xDE, 0x6C, 0x24, 0xEA, 0x41,
    0xA9, 0x14, 0x59, 0xB1, 0x2F, 0xFE, 0x6A, 0xC1, 0x86, 0x3C, 0x72, 0xFC, 0xAD, 0x4D, 0x54, 0xF7,
    0x66, 0xC6, 0xF5, 0xC5, 0x84, 0x6B, 0xCB, 0x90, 0xC8, 0x86, 0x73, 0x6D, 0x1A, 0x28, 0x9E, 0xCD,
    0x54, 0xED, 0xDF, 0x1D, 0x1E, 0x01, 0x01, 0x56, 0xC8, 0x96, 0x84, 0xA8, 0xB2, 0xEF, 0x63, 0x5E,
    0x4A, 0x6F, 0x44, 0xC6, 0x62, 0xAD, 0x42, 0x19, 0x6D, 0x48, 0xBF, 0x31, 0x61, 0xB0, 0x29, 0xF6,
    0x14, 0xFD, 0x1E, 0xB9, 0xC6, 0xDE, 0x3A, 0xEF, 0x7C, 0x43, 0x43, 0x77, 0x4E, 0xFD, 0x4D, 0x79,
    0xD8, 0xFD, 0x4F, 0x25, 0x22, 0xB1, 0x56, 0x52, 0xF5, 0xED, 0xA5, 0xD4, 0x1F, 0x2A, 0xAD, 0x2C,
    0x09, 0x91, 0x1B, 0xCB, 0xFB, 0xFB, 0x04, 0x9C, 0xC5, 0xAB, 0xD2, 0x42, 0x64, 0x2C, 0x17, 0x3B,
    0x96, 0xD3, 0x8F, 0x50, 0x59, 0xDF, 0x1E, 0xE9, 0x5E, 0x0E, 0xA4, 0xE7, 0xB2, 0xE1, 0x6F, 0xD9,
    0x4C, 0xD6, 0x03, 0x33, 0x49, 0xC0, 0xD9, 0xA1, 0xD2, 0x1D, 0x87, 0xC9, 0x57, 0xB2, 0x94, 0xC7,
    0xB3, 0x09, 0x5C, 0xAD, 0xD0, 0x88, 0xA7, 0x4B, 0x28, 0xC6, 0x3F, 0xA9, 0xD6, 0xF9, 0x56, 0x17,
    0xFE, 0xB8, 0x6C, 0x81, 0xEC, 0x33, 0xBD, 0xC3, 0xCC, 0x14, 0x13, 0x65, 0xC0, 0xEE, 0xD7, 0x48,
    0x35, 0xA8, 0x13, 0x97, 0xAE, 0x56, 0x3D, 0x34, 0x7E, 0x7F, 0x6F, 0x6E, 0x44, 0x71, 0xA5, 0x82,
    0x6E, 0x3E, 0x3C, 0xB1, 0x32, 0x54, 0xD2, 0xBF, 0x9D, 0x1A, 0xB5, 0xCF, 0xB7, 0x97, 0xD2, 0x16,
    0x27, 0x50, 0x3E, 0xBD, 0x52, 0x55, 0x40, 0x45, 0xA8, 0xBE, 0x0A, 0x56, 0x74, 0x8F, 0xBF, 0x9D,
    0x36, 0x59, 0xB7, 0x6B, 0x7E, 0xF5, 0x3F, 0x3A, 0x10, 0x58, 0xD5, 0x71, 0x1E, 0xF5, 0xD2, 0x0D,
    0xB5, 0xAA, 0xCF, 0xE4, 0x32, 0x9B, 0x28, 0x7A, 0x6C, 0x4B, 0x75, 0x82, 0x9D, 0xD4, 0xCB, 0xD9,
    0x84, 0x74, 0xBD, 0x5E, 0xBF, 0x8F, 0xDA, 0x47, 0x17, 0x16, 0x31, 0xF1, 0x07, 0xAA, 0x46, 0xEC,
    0xA0, 0xAA, 0x6C, 0xCB, 0x2D, 0x78, 0x04, 0x8B, 0xA7, 0xDB, 0x54, 0x1C, 0x96, 0x4F, 0x14, 0xDB,
    0x03, 0xD9, 0x09, 0xBC, 0xAB, 0xDA, 0xCF, 0x4C, 0x34, 0x73, 0x31, 0x95, 0x61, 0x6F, 0xBC, 0x6A,
    0x38, 0x06, 0x8D, 0x6F, 0x3C, 0xB2, 0xE6, 0x31, 0x91, 0x49, 0x34, 0x1B, 0x5D, 0x57, 0x3B, 0xA5,
    0x3F, 0x3A, 0x05, 0xE7, 0xED, 0x48, 0xE3, 0xAB, 0x91, 0x4E, 0x65, 0x8A, 0xFA, 0xBD, 0x38, 0x45,
    0x12, 0x75, 0xE8, 0xD3, 0xEA, 0x4F, 0xD4, 0xE3, 0x4A, 0x27, 0xB7, 0x17, 0xF6, 0x3A, 0x51, 0x26,
    0x2A, 0x64, 0x52, 0x1A, 0x95, 0x3C, 0x70, 0xE7, 0xF4, 0x0C, 0xF8, 0x68, 0x7F, 0x79, 0xCF, 0x17,
    0x3E, 0xE4, 0xC1, 0x5E, 0xB9, 0xFC, 0x81, 0x89, 0xC5, 0x64, 0xE6, 0x32, 0x14, 0x93, 0x0D, 0xA5,
    0x0E, 0x8A, 0x0D, 0xD5, 0x60, 0xC7, 0xBA, 0xAF, 0x06, 0xD7, 0xD7, 0xFB, 0x90, 0xF4, 0xAE, 0xED,
    0x70, 0xBE, 0xA3, 0xF1, 0xE7, 0x36, 0x89, 0x3A, 0xED, 0xE6, 0x84, 0x90, 0xD0, 0xB2, 0x5B, 0x13,
    0x5E, 0x3D, 0x50, 0x5C, 0xD8, 0x60, 0xAF, 0x6E, 0x32, 0xA3, 0x98, 0xA1, 0x48, 0x28, 0xA7, 0x84,
    0xC0, 0xC5, 0x93, 0x50, 0x0F, 0xEE, 0x40, 0xD3, 0x92, 0xC9, 0xB1, 0x8D, 0x63, 0xC2, 0x08, 0xBF,
    0xC3, 0x61, 0xB9, 0x78, 0x4A, 0xE9, 0xA9, 0xFF, 0x7E, 0xE4, 0xE3, 0x3C, 0xB0, 0x07, 0x78, 0x6E,
    0xFD, 0x29, 0x21, 0xFC, 0xF6, 0xF5, 0x5D, 0x7B, 0x41, 0x6A, 0xBE, 0x82, 0x8B, 0x09, 0x73, 0xC2,
    0x00, 0x74, 0x7A, 0x97, 0x20, 0x9E, 0x35, 0xD7, 0xFA, 0x97, 0x91, 0x2C, 0x56, 0x81, 0x3C, 0xBA,
    0x1E, 0x13, 0xC5, 0x63, 0x5E, 0x2E, 0x50, 0x88, 0xC6, 0xA2, 0x64, 0x25, 0x26, 0x7A, 0xBE, 0xA8,
    0x3B, 0x51, 0x7F, 0xA2, 0x0E, 0x1B, 0xDD, 0xB8, 0xDB, 0x8E, 0xAA, 0x07, 0x9C, 0x16, 0x9C, 0xD3,
    0xBF, 0x6D, 0x38, 0x80, 0x27, 0x4A, 0xB3, 0xD2, 0xA7, 0xAF, 0x1D, 0xF4, 0x79, 0xDA, 0x69, 0x36,
    0xD5, 0xCE, 0x0D, 0xC5, 0xD4, 0xF9, 0x32, 0x39, 0xB1, 0x2F, 0xA7, 0xE3, 0x1D, 0x2A, 0x50, 0xC9,
    0x44, 0xFD, 0x1F, 0x33, 0xEE, 0x8B, 0x88, 0xFB, 0x64, 0xC5, 0x79, 0xA1, 0xD1, 0x04, 0xAA, 0xDD,
    0x05, 0xD6, 0x63, 0x9D, 0x90, 0xD0, 0x6A, 0xAA, 0x2E, 0xB1, 0x5E, 0xB6, 0x82, 0x99, 0x8F, 0x9C,
    0x7A, 0x78, 0xAD, 0xE6, 0x8B, 0xE5, 0x38, 0x4A, 0xF1, 0xC3, 0x72, 0x48, 0x3C, 0x30, 0x03, 0xFA,
    0x8C, 0xDE, 0x52, 0xF7, 0xDC, 0x02, 0x38, 0xDF, 0x7F, 0x47, 0xAF, 0xBF, 0x69, 0xFC, 0x34, 0x5E,
    0xAF, 0x0B, 0x0F, 0xC6, 0x37, 0x3D, 0x28, 0x31, 0x5D, 0x87, 0x82, 0xF7, 0xF5, 0x7E, 0x33, 0x61,
    0x46, 0x6E, 0x78, 0x5E, 0x5D, 0xB7, 0x7B, 0xF3, 0xE0, 0xA9, 0x86, 0x74, 0x1D, 0x25, 0xD6, 0x39,
    0x02, 0x8F, 0xE0, 0x01, 0xD0, 0x99, 0x80, 0x94, 0x23, 0xAB, 0x4D, 0x6D, 0x5E, 0xBD, 0x7B, 0x96,
    0xBA, 0xAA, 0x47, 0xEA, 0x96, 0xD5, 0x25, 0x19, 0x8F, 0x12, 0xDE, 0x62, 0x9D, 0xB3, 0x8D, 0xAF,
    0x78, 0x43, 0xE5, 0x6A, 0x3D, 0xA0, 0xB5, 0x65, 0x68, 0xBC, 0x0D, 0xBF, 0x7C, 0x83, 0xA6, 0xD7,
    0xD5, 0xE9, 0x71, 0xF9, 0x6C, 0xB5, 0xE9, 0x0A, 0x1F, 0xFC, 0xBF, 0x75, 0xFA, 0xA1, 0x2A, 0xA0,
    0xFB, 0x19, 0x48, 0x48, 0x98, 0xC9, 0x64, 0xA4, 0x3A, 0x5A, 0xB3, 0xD2, 0xE0, 0xCE, 0x07, 0x28,
    0x72, 0x60, 0xE5, 0xA8, 0x4D, 0x07, 0x2B, 0x9C, 0x6A, 0x58, 0x31, 0xE2, 0x0B, 0x69, 0xEB, 0x05,
    0x09, 0x34, 0x81, 0x7A, 0x2F, 0x4F, 0xBF, 0xC9, 0x68, 0xF5, 0xDA, 0xED, 0x18, 0x69, 0x2B, 0xC7,
    0x81, 0xB2, 0x1C, 0x4E, 0xFF, 0x39, 0x8B, 0x48, 0x9F, 0x27, 0x1A, 0xCC, 0x9C, 0x49, 0x30, 0x53,
    0x2E, 0xA1, 0x08, 0xF9, 0xCB, 0xA9, 0x0C, 0xE6, 0x7F, 0x63, 0x39, 0x9A, 0x67, 0xD1, 0x8E, 0x45,
    0x58, 0xEC, 0x50, 0x06, 0xA9, 0x7A, 0x3B, 0x36, 0x75, 0x6F, 0x07, 0x77, 0xAF, 0xB5, 0xBD, 0x13,
    0x5F, 0xF5, 0x95, 0xF8, 0xF4, 0x0F, 0x82, 0x6B, 0x95, 0x7C, 0xB9, 0xD2, 0x60, 0x16, 0x76, 0xAB,
    0xC2, 0x1E, 0xF9, 0x93, 0xE3, 0x8B, 0x2D, 0x64, 0x9F, 0x3E, 0xC1, 0x7C, 0x23, 0xBD, 0x79, 0xF9,
    0xB6, 0x87, 0xBA, 0xEB, 0x55, 0xFA, 0xDE, 0x1D, 0xC0, 0xF6, 0x40, 0xDD, 0x02, 0x0E, 0xE0, 0x0F,
    0x2F, 0xA3, 0xF7, 0x35, 0xB3, 0xE9, 0xB0, 0x24, 0x17, 0x9C, 0xF3, 0x50, 0x2F, 0x80, 0x9D, 0x7F,
    0x92, 0x7A, 0xD4, 0xB7, 0x67, 0xEC, 0x7F, 0x8E, 0x14, 0xD2, 0x92, 0xAF, 0x97, 0xAA, 0x87, 0x99,
    0x80, 0x22, 0xB0, 0xF7, 0x0C, 0xD5, 0x96, 0xB9, 0xBF, 0xF8, 0xD3, 0x19, 0x57, 0xFD, 0xE3, 0xCA,
    0xEF, 0xD6, 0x9D, 0x80, 0x9B, 0x3A, 0x8F, 0x1B, 0x9A, 0x44, 0x7D, 0x03, 0x8D, 0xEF, 0xA0, 0x43,
    0x40, 0x58, 0x61, 0xDD, 0x7A, 0x29, 0x8B, 0x64, 0x71, 0x3B, 0x7A, 0x6C, 0xC3, 0xC6, 0xCC, 0x67,
    0x39, 0x98, 0x8F, 0x1C, 0x8C, 0x66, 0xCA, 0xB6, 0x1C, 0x7C, 0x3B, 0x6F, 0x39, 0xB0, 0xA3, 0xD1,
    0xF0, 0x8B, 0xB0, 0xDA, 0xBE, 0x0C, 0x8D, 0xE6, 0xC0, 0xDD, 0x4B, 0x39, 0xA8, 0xBF, 0x6E, 0xAD,
    0x86, 0x5F, 0x69, 0xF8, 0x75, 0x5B, 0x6A, 0x0E, 0x4C, 0x22, 0x6F, 0x56, 0x74, 0x94, 0xB0, 0x57,
    0x02, 0x93, 0xA8, 0xE8, 0xA6, 0x44, 0x32, 0x28, 0x79, 0x2E, 0x66, 0x42, 0xDE, 0xB6, 0xD2, 0xC7,
    0x80, 0xC9, 0x17, 0x68, 0x62, 0xC2, 0x94, 0xD0, 0x42, 0xF6, 0xF0, 0x01, 0x18, 0x99, 0x95, 0x26,
    0x76, 0x2B, 0xE4, 0x04, 0x9A, 0xAD, 0xF1, 0x65, 0xC1, 0xAC, 0xB9, 0x60, 0x67, 0x84, 0x2A, 0xD0,
    0xF9, 0x7A, 0x40, 0xBF, 0x7A, 0x28, 0xB5, 0x89, 0xB4, 0xE5, 0x7D, 0xE7, 0x11, 0x3A, 0x9F, 0x09,
    0x8D, 0x4F, 0x0E, 0x9A, 0xBE, 0x88, 0xB8, 0xB1, 0x9E, 0xA8, 0x44, 0x46, 0x4A, 0x91, 0x96, 0x4C,
    0x66, 0x0E, 0x7B, 0xF5, 0x0B, 0xE1, 0xBD, 0x11, 0x23, 0x11, 0x2B, 0x42, 0x1D, 0x44, 0xCB, 0xE0,
    0x8F, 0xE3, 0x8F, 0x17, 0x9A, 0x84, 0x0E, 0x21, 0xB1, 0xAE, 0x2C, 0x91, 0x5A, 0xC2, 0xAB, 0xDF,
    0x92, 0xFB, 0x5F, 0xB3, 0x7D, 0x87, 0x20, 0x97, 0x49, 0x17, 0x6C, 0x7F, 0x9A, 0x40, 0xD4, 0xA6,
    0xF2, 0xF8, 0x7C, 0xB8, 0xC2, 0x2F, 0x9E, 0x5E, 0x51, 0x40, 0xD4, 0xFF, 0x1A, 0xA0, 0xA9, 0x7A,
    0x98, 0x6F, 0x81, 0x19, 0x3E, 0xFF, 0xE9, 0x02, 0x2A, 0x9F, 0x47, 0xAA, 0x2F, 0x02, 0xCE, 0xF6,
    0x7C, 0xFE, 0xAB, 0xAB, 0x0A, 0xA8, 0x10, 0x91, 0x40, 0xA3, 0x9C, 0x89, 0x72, 0xD2, 0xBE, 0xDE,
    0xF5, 0x76, 0xCE, 0x23, 0x54, 0x41, 0xB9, 0x1E, 0x4C, 0x62, 0xA7, 0x5B, 0x3B, 0xAD, 0x5D, 0x88,
    0xAE, 0x5C, 0x6E, 0x6C, 0x5F, 0xBC, 0xAF, 0x3C, 0xC2, 0xC1, 0x6D, 0x35, 0xA0, 0x61, 0xF4, 0x68,
    0x1C, 0x12, 0x29, 0x37, 0xD6, 0x95, 0x67, 0x38, 0x34, 0x9F, 0xD4, 0x4F, 0x31, 0xF2, 0x9D, 0xAC,
    0xAA, 0x5B, 0x95, 0x8F, 0x12, 0x5C, 0xCA, 0x4F, 0xB7, 0xA9, 0x6F, 0x3E, 0x51, 0xD5, 0x8D, 0x2C,
    0xAA, 0x5B, 0x26, 0xE4, 0xF8, 0x72, 0x27, 0x40, 0x67, 0xC4, 0xA3, 0x62, 0xB7, 0xEF, 0x77, 0x5F,
    0xCB, 0x44, 0x29, 0x7F, 0x2E, 0x23, 0x17, 0x02, 0x3A, 0x4E, 0x5F, 0xAE, 0x85, 0xE3, 0xCC, 0xDD,
    0x7D, 0x0F, 0x22, 0x43, 0xC2, 0x94, 0xAD, 0xE5, 0x9C, 0x2D, 0x26, 0xE6, 0xD1, 0xE8, 0x6F, 0x36,
    0xB3, 0x9D, 0x0A, 0x91, 0x51, 0x13, 0xBE, 0xBD, 0x97, 0x3F, 0x4B, 0x18, 0x85, 0x6A, 0xE8, 0xBC,
    0x1E, 0x4F, 0xF7, 0x86, 0xAD, 0xC7, 0xB3, 0xCF, 0x0F, 0x02, 0x9A, 0x94, 0x22, 0x80, 0x6D, 0x8F,
    0xD6, 0x7F, 0x8C, 0xF9, 0x36, 0x6E, 0x95, 0x28, 0xE4, 0x33, 0xCA, 0x08, 0x76, 0x7A, 0xFD, 0xF1,
    0xE2, 0x78, 0xCF, 0xBC, 0x5A, 0x5D, 0x3F, 0x07, 0x1A, 0x60, 0x81, 0x6C, 0x4E, 0x38, 0x01, 0x3E,
    0xAC, 0x3D, 0x8B, 0x80, 0x08, 0x99, 0x7C, 0x49, 0x2E, 0x60, 0x96, 0xD7, 0x1C, 0x85, 0xC6, 0x84,
    0x61, 0xD7, 0xAA, 0xF6, 0x9E, 0x87, 0x5A, 0xB5, 0x02, 0x8F, 0x81, 0x0F, 0xE0, 0xB0, 0x72, 0x78,
    0x02, 0xE6, 0xB9, 0xFA, 0x90, 0x11, 0x90, 0x96, 0xB3, 0x2C, 0x6B, 0x38, 0x4A, 0x13, 0x1A, 0x10,
    0x1A, 0xD1, 0xB9, 0xD9, 0xAC, 0x41, 0x51, 0x9C, 0xEE, 0x6F, 0x8D, 0x6B, 0x0B, 0x6C, 0x8B, 0x6C,
    0x0B, 0xED, 0xE2, 0x2B, 0xC1, 0xC8, 0x11, 0x9E, 0xC6, 0x54, 0xF5, 0x3C, 0x3E, 0xBE, 0xF8, 0xD6,
    0xE1, 0x52, 0x79, 0xFF, 0x3F, 0xBD, 0x96, 0x37, 0x90, 0xEE, 0x30, 0x11, 0xC7, 0x7F, 0xB6, 0x07,
    0x3C, 0xF3, 0x5C, 0x98, 0x9C, 0xC1, 0x35, 0x51, 0x7D, 0xF3, 0x64, 0x5A, 0x72, 0x6C, 0xC9, 0x0D,
    0xB9, 0x24, 0x9F, 0x4C, 0x4B, 0xEE, 0x1B, 0x72, 0x4E, 0x25, 0xE9, 0xEE, 0xE4, 0x81, 0x8E, 0x68,
    0x72, 0xF9, 0x44, 0xA8, 0x88, 0x2A, 0x3C, 0x8C, 0xE1, 0xEC, 0x6F, 0x59, 0x8D, 0x7C, 0xF3, 0x72,
    0x0E, 0xB2, 0xFE, 0x7B, 0x77, 0x2B, 0x5B, 0xFB, 0xFB, 0xAF, 0xEF, 0xEE, 0x13, 0x00, 0x98, 0x09,
    0x5C, 0x0F, 0x1B, 0x94, 0x31, 0xA7, 0xBA, 0x43, 0x8F, 0xC8, 0x54, 0x8A, 0x8C, 0xD5, 0xF6, 0xD8,
    0xBE, 0x5E, 0xA0, 0x9E, 0x55, 0x2B, 0x54, 0xD2, 0x53, 0x48, 0x00, 0x37, 0x43, 0x9B, 0x12, 0x1B,
    0x14, 0x07, 0xD5, 0xC6, 0xDB, 0xF4, 0x7B, 0x2F, 0xAB, 0x2A, 0x62, 0x64, 0x60, 0x1F, 0x79, 0xBD,
    0x5A, 0xA0, 0x9D, 0xC0, 0xF4, 0x39, 0xE7, 0x03, 0xB5, 0xAC, 0xB4, 0x49, 0xE1, 0x49, 0x74, 0x21,
    0x6F, 0xD7, 0xC8, 0x40, 0x29, 0x01, 0x6C, 0x84, 0x36, 0xD2, 0x37, 0x91, 0x53, 0x1F, 0xF1, 0x32,
    0xE2, 0x0E, 0x5C, 0x1E, 0x95, 0x40, 0x2B, 0x03, 0xF6, 0x95, 0x23, 0xC7, 0x55, 0x78, 0x28, 0xDC,
    0x89, 0xC1, 0xAF, 0x94, 0xCB, 0x09, 0xCD, 0x64, 0xEE, 0x9F, 0xFB, 0x01, 0x32, 0x16, 0x11, 0xAA,
    0x15, 0x38, 0xCD, 0x6A, 0x57, 0xD5, 0x4C, 0xE2, 0x53, 0x3C, 0xA5, 0x53, 0xB8, 0x2E, 0xA4, 0xB4,
    0x92, 0x25, 0x30, 0x1B, 0x15, 0x4B, 0xA9, 0x14, 0x4A, 0x99, 0x14, 0xA9, 0x0A, 0xA9, 0x30, 0x2B,
    0xC5, 0x8A, 0x5D, 0x30, 0xD3, 0xEE, 0xB9, 0x9C, 0xE9, 0x7E, 0x35, 0xD1, 0x48, 0x9F, 0xEA, 0x3F,
    0x8C, 0xBE, 0x56, 0xD1, 0x0C, 0xAC, 0x07, 0xF0, 0x0B, 0xD8, 0x70, 0xDF, 0x7D, 0xED, 0x44, 0xA2,
    0x51, 0x59, 0x91, 0xF0, 0x64, 0xF7, 0xFB, 0x1E, 0x3B, 0x82, 0x1D, 0xC0, 0xF5, 0xE0, 0x01, 0xD9,
    0x95, 0xB1, 0x28, 0x13, 0xE6, 0xAE, 0x73, 0x2F, 0x4D, 0x84, 0x6A, 0xCC, 0x5F, 0xCB, 0x25, 0xCB,
    0xCE, 0xAA, 0x09, 0x78, 0x1B, 0x2C, 0x94, 0x33, 0xCD, 0xE1, 0x33, 0x4E, 0x26, 0x2F, 0x53, 0x1B,
    0xE8, 0x26, 0xCC, 0x98, 0xA6, 0xD5, 0x39, 0xA4, 0x52, 0x5E, 0xE7, 0x3F, 0x71, 0x1B, 0x66, 0xA5,
    0x1D, 0xD2, 0x0D, 0x55, 0x4C, 0x53, 0x02, 0x3E, 0x9B, 0x2F, 0xCF, 0x8D, 0xBB, 0xCB, 0xC6, 0x9D,
    0xC8, 0xE8, 0x55, 0x22, 0x32, 0xBC, 0x5E, 0x5E, 0x7F, 0x53, 0xD0, 0xEA, 0x32, 0x28, 0xED, 0xAE,
    0x2E, 0xA8, 0x26, 0x12, 0x05, 0x60, 0x7B, 0x70, 0x0A, 0xBB, 0xC2, 0x32, 0x27, 0xDC, 0xC4, 0x8B,
    0x02, 0xE3, 0x55, 0xED, 0xE5, 0x7B, 0x93, 0xAE, 0xEE, 0x91, 0x4A, 0xD1, 0x13, 0xBB, 0xC2, 0xDF,
    0xBE, 0xA9, 0x8F, 0xF1, 0xAF, 0xC3, 0xC8, 0x8A, 0x95, 0x45, 0x35, 0xDF, 0xB2, 0xA9, 0x3C, 0x1D,
    0x2E, 0xC2, 0x09, 0xA5, 0x7C, 0xA9, 0x93, 0xD9, 0xC8, 0x5C, 0x2D, 0x69, 0xF1, 0xF9, 0xFF, 0xEB,
    0x9D, 0x8C, 0x4E, 0x86, 0xBD, 0x97, 0x3A, 0xCF, 0xFA, 0x4E, 0xFA, 0x46, 0x00, 0x14, 0xFF, 0x39,
    0xD0, 0xC8, 0x31, 0xB4, 0x7E, 0x81, 0x67, 0xD7, 0x81, 0x9C, 0x5F, 0x15, 0xA0, 0x5A, 0xF1, 0xA9,
    0x21, 0x92, 0x36, 0x92, 0x54, 0xE6, 0x40, 0x1B, 0x95, 0xA2, 0x0D, 0xBA, 0xDE, 0x05, 0x5D, 0x37,
    0x93, 0xAE, 0x9B, 0x51, 0x49, 0xEC, 0x58, 0xCF, 0x0A, 0xDE, 0x44, 0xDC, 0xD0, 0xA6, 0xD0, 0x05,
    0xEC, 0xE4, 0x46, 0xAC, 0xC8, 0x40, 0x2B, 0x07, 0x14, 0x6D, 0x66, 0x1F, 0xE6, 0xC5, 0x01, 0x7F,
    0x36, 0x71, 0x26, 0x63, 0x31, 0xBD, 0x07, 0x80, 0x0B, 0x9F, 0xBB, 0xF0, 0x99, 0x36, 0xB4, 0x53,
    0x37, 0x75, 0x63, 0x37, 0x1A, 0xBD, 0x6C, 0xBA, 0x06, 0x3B, 0xB8, 0xDE, 0xF5, 0x1E, 0x87, 0xE0,
    0x8B, 0x03, 0xBE, 0x52, 0xC9, 0x86, 0xDD, 0x94, 0x61, 0x5E, 0x77, 0xDE, 0x6F, 0x7C, 0x2E, 0xF9,
    0x88, 0x29, 0x3C, 0x22, 0x0B, 0xCF, 0xFB, 0x06, 0x38, 0x01, 0x2F, 0xF7, 0x8D, 0x9F, 0x47, 0x3B,
    0x1C, 0x43, 0x73, 0x36, 0x43, 0x25, 0x01, 0x38, 0xED, 0x1F, 0x8D, 0x11, 0x80, 0xEF, 0xD7, 0x23,
    0xDE, 0x0F, 0x58, 0x81, 0xE6, 0xAF, 0x0F, 0xC0, 0xD0, 0x11, 0x50, 0xC8, 0x08, 0xE5, 0x6F, 0xA6,
    0x1C, 0xF2, 0x8F, 0x1C, 0xF1, 0x68, 0x5C, 0xD5, 0x01, 0xBA, 0x15, 0x5E, 0xF8, 0xC2, 0xAC, 0x6E,
    0x4D, 0xB9, 0x07, 0xF4, 0xAA, 0x70, 0x6F, 0x9C, 0x60, 0xB3, 0x3D, 0x55, 0x3C, 0x81, 0xFA, 0xA3,
    0xE1, 0xD1, 0xBD, 0xAA, 0x6A, 0xD1, 0xED, 0x7E, 0xBB, 0x60, 0x5E, 0x3A, 0xF1, 0xFE, 0xF6, 0xBE,
    0x0D, 0x3D, 0x44, 0x64, 0x0B, 0x70, 0x0C, 0x14, 0x33, 0x50, 0xFE, 0x17, 0x28, 0x04, 0xC0, 0x03,
    0xF7, 0x07, 0x5E, 0x05, 0x68, 0x07, 0x30, 0x80, 0x7D, 0x15, 0x98, 0x88, 0xB2, 0x72, 0xE5, 0xE8,
    0x16, 0x00, 0xB7, 0x02, 0xC5, 0xEA, 0x48, 0xCF, 0x74, 0x3D, 0x79, 0x9C, 0xD2, 0x8D, 0xD5, 0xEC,
    0xB1, 0x63, 0x13, 0x3D, 0x6E, 0x6C, 0x83, 0xC7, 0x2B, 0x81, 0x47, 0xB4, 0xBE, 0x2F, 0x65, 0xD4,
    0xEA, 0xD5, 0xD9, 0xA8, 0xD9, 0xE6, 0xEF, 0xD3, 0x86, 0x6B, 0x7F, 0xF6, 0x9B, 0x15, 0xD7, 0x7D,
    0x5C, 0xFB, 0xEE, 0xEC, 0x4B, 0xFF, 0x18, 0x71, 0xAE, 0xB9, 0x14, 0x70, 0x27, 0xCD, 0xA5, 0x11,
    0xB7, 0x36, 0xFF, 0xD6, 0x38, 0x37, 0xD2, 0xE3, 0x62, 0x2D, 0xE0, 0x42, 0xBD, 0x91, 0x1A, 0xB5,
    0x72, 0x3E, 0xFC, 0x04, 0xA5, 0x44, 0x68, 0xFE, 0xBC, 0x40, 0xD7, 0x1F, 0xE7, 0xF4, 0x3B, 0xF8,
    0x06, 0xDF, 0x70, 0x85, 0x14, 0x9B, 0xAB, 0xA4, 0x5C, 0x5D, 0x2D, 0xD5, 0xEC, 0x9A, 0x7F, 0x37,
    0xD1, 0xB6, 0xDF, 0x6D, 0x83, 0x35, 0xEF, 0xED, 0x46, 0x6B, 0x8D, 0x76, 0xE4, 0x23, 0xC6, 0x61,
    0x8F, 0xCD, 0x29, 0x76, 0x31, 0x2B, 0x36, 0x9A, 0x05, 0x1B, 0x4C, 0xC4, 0x4E, 0x66, 0xF7, 0x6D,
    0xE6, 0xFD, 0x18, 0x75, 0x44, 0x3D, 0x99, 0x5C, 0x94, 0x36, 0xBA, 0xDE, 0x4C, 0xDA, 0x4F, 0xF5,
    0x25, 0x98, 0x1F, 0x6F, 0x74, 0xEA, 0xA1, 0xBD, 0x14, 0x69, 0x65, 0xA2, 0x91, 0x81, 0xC4, 0x5B,
    0x6D, 0x37, 0xF9, 0xF4, 0x0B, 0x59, 0x79, 0x14, 0x32, 0x42, 0x25, 0x13, 0x74, 0x3F, 0x89, 0x70,
    0xB1, 0x98, 0xF7, 0xFC, 0xD7, 0xF8, 0x06, 0xE5, 0x5A, 0x1C, 0x28, 0xD6, 0x6A, 0xD5, 0x50, 0x2F,
    0xB0, 0x35, 0x51, 0x43, 0x7A, 0xF8, 0x60, 0x46, 0x38, 0xB5, 0xBD, 0x06, 0x0F, 0x1C, 0x6D, 0xE7,
    0xAF, 0xC5, 0xCE, 0x29, 0xC4, 0x14, 0xA6, 0x14, 0x06, 0xC0, 0x03, 0xE5, 0x81, 0xE4, 0x24, 0x85,
    0x98, 0x42, 0x0F, 0xF0, 0xFE, 0x17, 0xC2, 0xEA, 0x55, 0xA7, 0xF0, 0xAA, 0x27, 0x3D, 0x04, 0x77,
    0x09, 0xBA, 0x0D, 0x19, 0xE3, 0x23, 0xE4, 0x02, 0xB2, 0x21, 0xB2, 0x15, 0x22, 0x2B, 0xAF, 0x7F,
    0xE3, 0x0C, 0x26, 0x80, 0x1F, 0x29, 0xF6, 0x4D, 0xDB, 0x05, 0x4C, 0x04, 0x37, 0xC2, 0x9E, 0x6A,
    0x16, 0xE8, 0x22, 0x58, 0x91, 0xC1, 0xA9, 0xBC, 0x48, 0x0F, 0x00, 0x36, 0xDF, 0x54, 0x26, 0x90,
    0xBD, 0xE8, 0x37, 0xBE, 0x31, 0x14, 0x7A, 0x4F, 0xA9, 0xCA, 0x7B, 0xEE, 0xA7, 0x4B, 0x33, 0x81,
    0xD7, 0xD4, 0x61, 0x4F, 0xA5, 0xFD, 0x64, 0x21, 0xC9, 0xC9, 0x4C, 0x1E, 0xA6, 0xCF, 0x7B, 0xBA,
    0x01, 0x9E, 0xF1, 0xE0, 0x79, 0x8B, 0x25, 0x15, 0xCF, 0x2A, 0x3E, 0xF7, 0x00, 0x78, 0x9B, 0xE9,
    0x08, 0xAA, 0xFF, 0x2C, 0xE4, 0x83, 0x6C, 0x7A, 0xE0, 0x32, 0x75, 0xC2, 0x26, 0x71, 0x43, 0x02,
    0xCF, 0xE4, 0x09, 0x5D, 0x93, 0x90, 0x48, 0x33, 0x7D, 0xC2, 0xCF, 0xFC, 0xEC, 0xF9, 0x6C, 0x21,
    0x79, 0xC8, 0x26, 0x70, 0x29, 0x5C, 0x6E, 0xFB, 0x51, 0x1D, 0x31, 0xEF, 0x1D, 0x69, 0x05, 0x9A,
    0xF5, 0x41, 0xF4, 0x7D, 0x06, 0x99, 0x29, 0x25, 0xE6, 0xFE, 0xCC, 0x50, 0xC7, 0xAB, 0x7F, 0xA9,
    0xBA, 0x49, 0x75, 0x7E, 0x00, 0x1C, 0xAE, 0x3F, 0x24, 0x1F, 0x80, 0xED, 0xF2, 0xD9, 0xB3, 0x56,
    0xC9, 0xAC, 0x0A, 0xAA, 0x1E, 0xFE, 0x0F, 0xCD, 0x59, 0x01, 0xA4, 0x26, 0xD7, 0x15, 0xFE, 0x66,
    0xAE, 0xEC, 0x90, 0x1F, 0x37, 0x10, 0x48, 0x30, 0x50, 0x54, 0x24, 0x06, 0x0A, 0x48, 0xF6, 0x4E,
    0x52, 0x52, 0x40, 0x82, 0x6E, 0x8B, 0xC5, 0x02, 0xB0, 0x4A, 0x00, 0x82, 0x64, 0x67, 0x16, 0x00,
    0x58, 0xAA, 0xA0, 0xC8, 0x62, 0xCB, 0x76, 0xA1, 0x50, 0x14, 0xD9, 0x9D, 0x9B, 0x16, 0x45, 0xD0,
    0x49, 0xAA, 0x82, 0x22, 0xD3, 0x34, 0x51, 0x52, 0x64, 0x92, 0xCC, 0x26, 0x93, 0xEE, 0xCC, 0x9C,
    0x9E, 0xEF, 0xDC, 0xCE, 0x7B, 0xEF, 0x6D, 0x83, 0xB2, 0xBB, 0xAF, 0x39, 0xD9, 0xFB, 0xDD, 0xCD,
    0xDB, 0x7F, 0xE7, 0x7C, 0xDF, 0xB9, 0x73, 0xEF, 0x3D, 0xFF, 0xB7, 0xD0, 0x08, 0x11, 0x85, 0x5C,
    0x6B, 0x6A, 0x34, 0x32, 0x0B, 0x32, 0x11, 0x59, 0xE1, 0xB6, 0x5C, 0x46, 0xF8, 0x19, 0xD2, 0xA2,
    0x1C, 0xD1, 0xD4, 0xA8, 0x7A, 0x62, 0x88, 0x86, 0xAD, 0x22, 0x7F, 0x75, 0x20, 0x8A, 0xE1, 0x46,
    0xCC, 0x57, 0xC5, 0xB6, 0x58, 0x80, 0x30, 0x54, 0x13, 0x50, 0x8A, 0x0C, 0xC0, 0x41, 0xA4, 0x06,
    0x32, 0x99, 0x71, 0x22, 0x9E, 0x6A, 0x15, 0xAA, 0x88, 0xD7, 0x86, 0xD0, 0x3A, 0x59, 0x05, 0x5E,
    0x64, 0x41, 0x35, 0x4A, 0xAF, 0x59, 0xEC, 0xF1, 0x9A, 0xA6, 0x43, 0xA8, 0x21, 0x96, 0x84, 0xC9,
    0x84, 0xB9, 0x3A, 0x4B, 0x22, 0x0B, 0x50, 0xC9, 0xC8, 0x87, 0xB7, 0x38, 0x0E, 0x3F, 0xE6, 0x0B,
    0x9A, 0x57, 0x06, 0x37, 0xA3, 0xAB, 0x22, 0x51, 0xEA, 0x62, 0x82, 0xAC, 0x38, 0x8C, 0x90, 0x6B,
    0xF0, 0x63, 0xB6, 0x02, 0x7E, 0xD0, 0x4F, 0xA1, 0xEC, 0x5D, 0xC2, 0x99, 0x44, 0x88, 0x21, 0x16,
    0x93, 0x62, 0x7B, 0x18, 0x29, 0xC6, 0x13, 0xDB, 0x72, 0x00, 0x09, 0x45, 0x45, 0x93, 0xE1, 0x65,
    0x05, 0x90, 0x53, 0xD7, 0x71, 0x64, 0x37, 0xF9, 0xB3, 0xE5, 0xF1, 0xEB, 0x8F, 0xFF, 0x7C, 0xF6,
    0x83, 0xFF, 0x6C, 0x2C, 0xFB, 0x52, 0x62, 0x19, 0xAB, 0x6F, 0x50, 0xC5, 0x10, 0x11, 0xA2, 0x8A,
    0x09, 0xAD, 0xC9, 0x62, 0xD1, 0x4C, 0x47, 0xB6, 0x29, 0x38, 0x82, 0x50, 0xD1, 0x4A, 0x32, 0x93,
    0xC2, 0xB7, 0xC4, 0xA1, 0xBF, 0x03, 0x0B, 0xF7, 0xC5, 0x8C, 0x94, 0xF1, 0x88, 0xC0, 0x29, 0xFD,
    0xDD, 0x06, 0x88, 0xAC, 0x84, 0x61, 0xFF, 0xCD, 0x92, 0xE9, 0x40, 0xB6, 0x5D, 0x5C, 0x71, 0xE1,
    0xD2, 0x84, 0x6C, 0xCD, 0x84, 0xEB, 0xA3, 0x7C, 0x8D, 0x46, 0x84, 0x5B, 0xD0, 0x81, 0x3F, 0x64,
    0xBD, 0xE0, 0x56, 0x80, 0x25, 0x83, 0x9F, 0x60, 0x55, 0x43, 0x35, 0xB0, 0xB0, 0x5C, 0x87, 0x68,
    0x15, 0x5E, 0x21, 0x60, 0x11, 0xDD, 0xC2, 0xCF, 0xA2, 0xEC, 0xFD, 0xEC, 0x49, 0xAB, 0x7A, 0xAF,
    0x1B, 0xAB, 0x11, 0x56, 0xA9, 0xD8, 0x88, 0xA8, 0x64, 0xD9, 0xD0, 0xB1, 0x6C, 0x41, 0xAE, 0xF1,
    0x37, 0x38, 0x1D, 0xB7, 0x8B, 0xC1, 0x18, 0x87, 0xD7, 0x5A, 0x23, 0x5C, 0x6E, 0xC6, 0x17, 0x87,
    0x39, 0xD1, 0x05, 0x12, 0xDB, 0x5B, 0xB7, 0x5A, 0x92, 0xCD, 0x45, 0x5A, 0x72, 0x75, 0x22, 0xB5,
    0x51, 0xCD, 0xC5, 0x98, 0x52, 0x00, 0x89, 0x92, 0xA4, 0xF1, 0x0C, 0x7D, 0xA2, 0xD9, 0xB5, 0xC6,
    0x32, 0xDB, 0x12, 0xC9, 0x62, 0x49, 0x1C, 0xFD, 0x98, 0x28, 0x06, 0x99, 0x8D, 0x21, 0x67, 0x12,
    0x6C, 0x64, 0xC2, 0x51, 0xB8, 0xA9, 0x7A, 0x69, 0x06, 0x8A, 0xD1, 0xBF, 0x3B, 0xB0, 0x0E, 0x85,
    0xB4, 0x14, 0xEF, 0x36, 0x93, 0x0E, 0x8D, 0x2B, 0xBE, 0xBF, 0x7C, 0xEB, 0x9A, 0x93, 0x0F, 0x63,
    0x27, 0x83, 0x17, 0x89, 0x22, 0x7D, 0x39, 0x4A, 0xD4, 0xB4, 0x21, 0x36, 0x6D, 0x26, 0x68, 0x74,
    0xC5, 0x49, 0x18, 0x0D, 0x3C, 0x79, 0x76, 0xDC, 0x46, 0x82, 0x8D, 0xC4, 0xC4, 0x94, 0x41, 0xDC,
    0xEA, 0x16, 0xA0, 0x93, 0xC5, 0x93, 0xC9, 0xB6, 0x94, 0xB2, 0xA2, 0x9C, 0xE6, 0x4A, 0x16, 0xEC,
    0xD1, 0x91, 0x3E, 0xC4, 0xB6, 0x0B, 0xAB, 0x15, 0xB3, 0x55, 0xB1, 0xCD, 0x16, 0x68, 0x86, 0x9C,
    0xC8, 0x2C, 0xE8, 0xB8, 0x7E, 0xB0, 0x92, 0x60, 0x63, 0x41, 0xB2, 0x95, 0xE5, 0xC8, 0x17, 0xA2,
    0x53, 0x1C, 0x88, 0x65, 0xCF, 0x8F, 0x55, 0x91, 0x1F, 0x0B, 0xB2, 0x1C, 0x46, 0xA2, 0x27, 0xCE,
    0x94, 0xC5, 0x54, 0x44, 0x2E, 0x35, 0x82, 0xB4, 0x86, 0x20, 0xCE, 0xC4, 0x0C, 0x27, 0xA3, 0x6C,
    0xD1, 0x91, 0x0F, 0x84, 0x48, 0x6E, 0x4F, 0x31, 0xA9, 0x06, 0xB9, 0x5D, 0x66, 0xEA, 0xB4, 0x3A,
    0xD8, 0x98, 0x34, 0x5B, 0x99, 0x34, 0xE7, 0x62, 0xED, 0xAC, 0x12, 0xCE, 0xE4, 0x56, 0x4C, 0x4C,
    0x7D, 0x18, 0xC9, 0xCD, 0x27, 0x56, 0xC3, 0x11, 0xCE, 0x89, 0x55, 0x15, 0x89, 0xC1, 0xB0, 0x23,
    0xB7, 0x52, 0x40, 0xDC, 0x88, 0x7E, 0x3A, 0xAA, 0xD7, 0xDB, 0x90, 0x6C, 0xC3, 0x96, 0xAF, 0x9A,
    0xF2, 0x86, 0x0E, 0x4D, 0x97, 0xDF, 0x70, 0x4B, 0x31, 0xB9, 0x59, 0x57, 0x72, 0xF2, 0xE3, 0x61,
    0xF4, 0x83, 0xB7, 0x51, 0xF6, 0x7E, 0xA8, 0x62, 0xD9, 0x87, 0x58, 0xC5, 0xC0, 0x85, 0xAB, 0x43,
    0xDB, 0xA1, 0xA9, 0x39, 0x04, 0x64, 0x6E, 0x92, 0xAC, 0xC0, 0xB3, 0x8E, 0x91, 0x99, 0x39, 0xB2,
    0x45, 0x45, 0x4A, 0xD4, 0x27, 0xEB, 0xD4, 0xBB, 0xD9, 0x2D, 0x99, 0x8C, 0x4E, 0x33, 0xE4, 0x32,
    0x16, 0x9A, 0x24, 0xBF, 0x37, 0x1D, 0x34, 0x8F, 0xFB, 0x6A, 0x39, 0x68, 0x1A, 0xF7, 0xF9, 0xC2,
    0x6C, 0xC5, 0xB8, 0x7A, 0x4D, 0x78, 0x18, 0xA5, 0x8C, 0xCC, 0xDC, 0x54, 0x9A, 0xD6, 0xF7, 0xBA,
    0x01, 0x42, 0xF4, 0x31, 0x88, 0x26, 0xD7, 0x3F, 0x90, 0xBA, 0x69, 0xF5, 0xC7, 0x02, 0x92, 0xD1,
    0x89, 0xC7, 0xE0, 0x61, 0x83, 0xA0, 0xE1, 0xEE, 0xA4, 0x58, 0x23, 0xC5, 0x28, 0x16, 0xA2, 0x93,
    0x39, 0x4D, 0x63, 0x9A, 0x5A, 0x30, 0x9E, 0xC0, 0xA9, 0xC8, 0x66, 0x63, 0xED, 0x12, 0x6B, 0x37,
    0x1B, 0xEB, 0xEC, 0xBA, 0xB1, 0x06, 0x8C, 0xF5, 0xE3, 0xD7, 0x8D, 0xB5, 0xFF, 0x0F, 0xEB, 0xC1,
    0x58, 0x97, 0xBD, 0xB1, 0xAE, 0xA2, 0xB1, 0x0E, 0xD1, 0x58, 0x87, 0x36, 0xB1, 0xAE, 0x8D, 0x75,
    0x53, 0x1B, 0xEB, 0x0E, 0xC6, 0x5A, 0x60, 0xAC, 0x37, 0x63, 0x9D, 0xAD, 0xC6, 0x3A, 0x5F, 0xC0,
    0x48, 0x13, 0x5C, 0x9A, 0x0E, 0x33, 0x51, 0x09, 0xA4, 0xA9, 0x07, 0x43, 0xEA, 0x53, 0x9C, 0xF7,
    0x8F, 0xEF, 0x88, 0xEB, 0xB0, 0xC8, 0xAE, 0xDF, 0xC1, 0xB9, 0xEB, 0xEE, 0x4B, 0x89, 0xCA, 0xF6,
    0x9E, 0xB0, 0xB6, 0x5B, 0x39, 0x6A, 0x69, 0x17, 0x5B, 0xD3, 0x91, 0xAB, 0xAA, 0xD8, 0x87, 0x48,
    0x05, 0x5A, 0x56, 0x15, 0x10, 0x6A, 0x1D, 0x5C, 0xE1, 0xC8, 0x35, 0x0E, 0xCA, 0x5E, 0x94, 0x63,
    0x83, 0x0D, 0x0D, 0xBA, 0x54, 0xD0, 0xFC, 0x44, 0xAA, 0x62, 0x26, 0xCA, 0x64, 0x38, 0x9C, 0xE6,
    0xF6, 0x66, 0x31, 0xF2, 0xDC, 0x8A, 0x80, 0x97, 0x5D, 0x89, 0x45, 0x39, 0xED, 0x9B, 0xA5, 0x21,
    0x6C, 0x0A, 0x19, 0x8F, 0x76, 0x77, 0x57, 0xA1, 0x18, 0x15, 0xFC, 0xA0, 0x50, 0x45, 0x85, 0xD0,
    0xAE, 0x40, 0xF7, 0x0B, 0x05, 0x91, 0x0D, 0x39, 0xC1, 0x89, 0x08, 0x37, 0x41, 0xC7, 0x2D, 0xC1,
    0x7A, 0x82, 0x44, 0xD1, 0xC0, 0x62, 0x39, 0xF4, 0x08, 0xA1, 0x46, 0xB5, 0x1E, 0xBF, 0xEE, 0x57,
    0x5E, 0xB6, 0x33, 0x88, 0x07, 0x50, 0x39, 0x09, 0xF5, 0xB5, 0x3C, 0x77, 0x3A, 0xD5, 0x25, 0xE8,
    0x74, 0x6C, 0xB6, 0x19, 0xC4, 0xAD, 0x3C, 0x65, 0x78, 0xC4, 0xA0, 0xBC, 0x3B, 0x9F, 0x38, 0x84,
    0x0F, 0x03, 0x42, 0xD5, 0xDA, 0x26, 0xF2, 0x33, 0x2C, 0x64, 0x43, 0x1A, 0x73, 0xDA, 0x73, 0x81,
    0xA3, 0xD5, 0x51, 0x03, 0x8D, 0x8E, 0x0E, 0xC0, 0x89, 0xCD, 0x91, 0x2F, 0x69, 0x38, 0x1D, 0x7C,
    0x4C, 0x23, 0x35, 0xBA, 0x54, 0xAB, 0xEA, 0xC5, 0xD9, 0xFF, 0x75, 0x28, 0xA4, 0xCD, 0xB7, 0x74,
    0x51, 0xF2, 0x43, 0x6E, 0x46, 0x31, 0x51, 0xA5, 0x4F, 0xBF, 0x06, 0x94, 0x3D, 0xF3, 0x84, 0xC8,
    0x2C, 0xA1, 0x66, 0x8E, 0x14, 0xC5, 0xD0, 0x00, 0xF9, 0x57, 0x0B, 0xF3, 0x8D, 0xB0, 0xDB, 0xCA,
    0x82, 0x2D, 0x0B, 0xF3, 0xCC, 0xC8, 0xF6, 0x7E, 0x85, 0xE4, 0x85, 0xDD, 0x4A, 0x57, 0x5B, 0xB3,
    0x12, 0x22, 0xA1, 0x55, 0x60, 0xA7, 0xA2, 0xF5, 0x80, 0xE8, 0x94, 0x49, 0x6A, 0x53, 0x9A, 0x58,
    0x2C, 0xA9, 0x49, 0xB1, 0x1E, 0xE5, 0x20, 0xD2, 0xDE, 0xDF, 0xA1, 0x2C, 0x3E, 0xE2, 0x4A, 0x03,
    0x04, 0xAA, 0x1A, 0x61, 0xF1, 0xDA, 0x00, 0x27, 0x0B, 0xBC, 0x08, 0x5B, 0x15, 0xEB, 0x54, 0x98,
    0x84, 0x1B, 0x94, 0x0F, 0x4E, 0x05, 0x57, 0x64, 0x06, 0xB6, 0x33, 0x32, 0xDE, 0xDF, 0xA0, 0xC4,
    0xDB, 0x40, 0xF1, 0xA5, 0x6D, 0xB8, 0xFE, 0xF8, 0x8D, 0x62, 0xF9, 0xD2, 0x5D, 0xC1, 0xE2, 0xA4,
    0x6B, 0x8D, 0x05, 0xDA, 0x52, 0xC7, 0x62, 0x0D, 0x4B, 0x39, 0xB8, 0x05, 0x55, 0x6F, 0xA7, 0x77,
    0x31, 0xA7, 0x66, 0xC5, 0x7A, 0x95, 0xA6, 0xF5, 0x84, 0x72, 0x40, 0xE8, 0x9B, 0x88, 0x40, 0x2D,
    0x5E, 0x36, 0xA6, 0x98, 0x4E, 0x09, 0xE2, 0x4A, 0xEF, 0x6F, 0x4F, 0x92, 0xAA, 0x1D, 0xCB, 0x35,
    0x3F, 0xF8, 0xBE, 0xEC, 0x4B, 0xB6, 0x2B, 0x3C, 0x03, 0xF9, 0x5F, 0xCB, 0x5E, 0xC5, 0xCE, 0x40,
    0x88, 0x35, 0x2A, 0x9D, 0xD3, 0x21, 0x2B, 0xC2, 0xBA, 0x1C, 0x37, 0x29, 0xD9, 0xAD, 0x9B, 0x60,
    0x39, 0x98, 0x68, 0xAF, 0x9C, 0xFB, 0x88, 0x5D, 0xC3, 0xDF, 0x15, 0xDC, 0x3B, 0xC3, 0xD9, 0x48,
    0x7B, 0xEC, 0x82, 0x4A, 0x62, 0xDB, 0x28, 0x11, 0x8C, 0xF3, 0x65, 0x8D, 0x46, 0x65, 0xBE, 0x50,
    0x3D, 0xB8, 0x44, 0x1C, 0x1D, 0x57, 0xA4, 0x6C, 0x37, 0x1E, 0xF0, 0xA4, 0x8E, 0xE2, 0x7D, 0xF6,
    0x9E, 0x7F, 0x56, 0x28, 0xAE, 0x9E, 0x91, 0x4E, 0x8B, 0xD0, 0x03, 0x0D, 0x80, 0x85, 0x27, 0x20,
    0xF0, 0x42, 0x09, 0xDC, 0xAE, 0x6A, 0xBC, 0xF1, 0x10, 0xB4, 0x66, 0x78, 0x0C, 0xC8, 0x87, 0x37,
    0xF7, 0x33, 0xAF, 0x89, 0xD4, 0x5A, 0x03, 0xC5, 0x47, 0xE3, 0xBE, 0xA6, 0x67, 0xA9, 0xF5, 0xBC,
    0x1B, 0xE0, 0x7F, 0xD3, 0xA2, 0x58, 0x81, 0xEC, 0xC7, 0x5C, 0x57, 0x3C, 0xDC, 0x75, 0x4D, 0x67,
    0xFD, 0x4A, 0x08, 0x04, 0x95, 0x8F, 0xE2, 0x3D, 0x5B, 0xD7, 0xE9, 0x8C, 0xD7, 0x95, 0x87, 0xAC,
    0xEF, 0x01, 0x37, 0x02, 0x48, 0xEB, 0x8A, 0x2B, 0x5C, 0xD7, 0xF2, 0xC1, 0xB5, 0x76, 0x03, 0x0A,
    0x59, 0x75, 0x08, 0xCE, 0x59, 0xEF, 0x12, 0x22, 0x47, 0xD6, 0x09, 0x2F, 0x8D, 0x36, 0x7C, 0xD2,
    0xD5, 0x76, 0x7A, 0x65, 0x1B, 0xC2, 0x2F, 0x17, 0x04, 0x3B, 0xB3, 0x6A, 0x20, 0x65, 0xBE, 0x75,
    0x0D, 0x28, 0x65, 0x20, 0x44, 0xA4, 0x08, 0x9E, 0x0F, 0xA9, 0x14, 0x9E, 0xF3, 0x8F, 0xFC, 0xDA,
    0xE3, 0xEE, 0x0E, 0x12, 0x6D, 0x30, 0xF6, 0xB7, 0xE0, 0xCD, 0x0A, 0x16, 0x57, 0xCE, 0x3D, 0xC0,
    0xF5, 0xF7, 0xD4, 0x2D, 0x2A, 0x91, 0x98, 0x20, 0x45, 0x3E, 0x2A, 0x38, 0x42, 0xDE, 0x3F, 0x72,
    0x75, 0x4F, 0xDE, 0xA7, 0x2E, 0x1F, 0x52, 0x6E, 0xD7, 0x3F, 0x04, 0x75, 0x38, 0xC7, 0xC5, 0x03,
    0xBC, 0x0C, 0x69, 0xEA, 0x71, 0x14, 0x99, 0x08, 0x53, 0xBA, 0x34, 0x1D, 0x74, 0x6A, 0x81, 0xF2,
    0x9F, 0x77, 0x2F, 0x50, 0xE8, 0xBB, 0x54, 0x8F, 0xEE, 0x15, 0x4E, 0xD9, 0xE6, 0x07, 0x3B, 0x02,
    0x4B, 0x59, 0x80, 0xC3, 0x54, 0x71, 0xF2, 0xA3, 0x4D, 0xE1, 0x93, 0xE6, 0x2F, 0xAF, 0x02, 0xF6,
    0x55, 0x8F, 0x72, 0xA5, 0x06, 0x05, 0x4B, 0xEA, 0x9D, 0x38, 0xF9, 0x11, 0x22, 0x23, 0xAA, 0x9E,
    0x13, 0x5F, 0x3A, 0x31, 0x2E, 0x97, 0x7F, 0x9D, 0xBA, 0x0C, 0xC3, 0x15, 0x7B, 0x34, 0x2F, 0x5F,
    0xFC, 0x18, 0xAA, 0x57, 0x56, 0x78, 0xD1, 0x40, 0x39, 0xCA, 0xD0, 0x80, 0xAA, 0x3B, 0xA8, 0xEE,
    0x17, 0x05, 0x3A, 0xCB, 0x42, 0xED, 0x32, 0x28, 0xCA, 0xAF, 0x60, 0xFA, 0x15, 0x9D, 0xE0, 0x09,
    0x74, 0x22, 0x9F, 0x6A, 0x9A, 0x8D, 0xC9, 0xCA, 0xBB, 0x5F, 0x9F, 0x10, 0xCC, 0x6A, 0xD8, 0xD7,
    0x3C, 0x81, 0xC8, 0xEA, 0xA4, 0xFE, 0xD9, 0x21, 0x5D, 0xEB, 0xE4, 0xA6, 0x19, 0x2E, 0xDF, 0x6C,
    0x5A, 0x59, 0x9A, 0x5A, 0x96, 0xAE, 0xFE, 0xE9, 0xDC, 0xD5, 0x17, 0xBF, 0x69, 0x5E, 0x92, 0xAD,
    0xF9, 0xBD, 0xAC, 0xA1, 0xF7, 0x43, 0xB9, 0x75, 0xFD, 0x41, 0xA4, 0xCF, 0x64, 0xAB, 0xC1, 0xA8,
    0xDE, 0xBB, 0x0E, 0xF9, 0x7A, 0x74, 0x9A, 0xE8, 0xB0, 0x84, 0xD1, 0x8F, 0xE5, 0x50, 0xF6, 0x6C,
    0x31, 0xD9, 0x20, 0x57, 0x69, 0x6F, 0xC6, 0xAE, 0xAE, 0xEE, 0x49, 0x5D, 0x72, 0xED, 0xD7, 0x0E,
    0x78, 0x75, 0x53, 0xE1, 0xD2, 0x42, 0x24, 0xD6, 0x17, 0x57, 0xDC, 0xE9, 0x46, 0x74, 0xD2, 0xA3,
    0xDA, 0x70, 0xD4, 0xEC, 0x04, 0x20, 0xFF, 0xE6, 0xA8, 0xD9, 0x69, 0xE2, 0x09, 0xE6, 0x46, 0x9D,
    0xDC, 0x41, 0xF2, 0x20, 0x7B, 0xD2, 0x27, 0xFF, 0xFD, 0x2B, 0x11, 0x15, 0x80, 0x12, 0xD0, 0xD5,
    0x32, 0x2B, 0x14, 0x13, 0x9A, 0x9A, 0xA7, 0x50, 0xF4, 0x23, 0xC2, 0xC0, 0x3E, 0x4B, 0xA4, 0xC7,
    0x81, 0x90, 0xA4, 0x1C, 0x45, 0xC8, 0x27, 0x94, 0x6F, 0xF5, 0xF0, 0x52, 0xF3, 0xC0, 0xB5, 0xA8,
    0xAE, 0xDE, 0xD8, 0x45, 0x16, 0x6B, 0x12, 0x49, 0x99, 0x55, 0x7F, 0x52, 0x64, 0xD3, 0x86, 0x77,
    0xA4, 0xAE, 0x44, 0xE0, 0x75, 0x14, 0x0B, 0xD5, 0xA4, 0x96, 0xF0, 0xD5, 0x42, 0x89, 0xC8, 0xFD,
    0x22, 0xDD, 0x18, 0x80, 0xEC, 0x5B, 0x44, 0x76, 0x14, 0x21, 0x90, 0x1A, 0x5B, 0xBE, 0x21, 0x5B,
    0x55, 0x61, 0xB6, 0x94, 0xFC, 0xA6, 0x18, 0x68, 0x51, 0x48, 0x0D, 0x77, 0x8F, 0xD6, 0x04, 0x6B,
    0x71, 0x20, 0x78, 0x59, 0x14, 0xBE, 0x30, 0x3F, 0x47, 0x80, 0xB2, 0x57, 0xA8, 0x94, 0x0F, 0x42,
    0xB4, 0x46, 0xB2, 0xEA, 0x11, 0xEA, 0x72, 0xD8, 0xFB, 0xC8, 0xD4, 0x46, 0xCA, 0xB8, 0x37, 0x91,
    0xF7, 0x77, 0xB1, 0x9A, 0x8D, 0xB4, 0xF3, 0x9B, 0x6E, 0xF1, 0x93, 0x9B, 0x43, 0x5F, 0x4C, 0x5D,
    0x7D, 0xD0, 0xC7, 0xFB, 0x7B, 0x13, 0xB7, 0x90, 0x8E, 0x11, 0xA5, 0x4C, 0xA8, 0x3E, 0x98, 0x11,
    0xFE, 0xB0, 0x20, 0x5C, 0xDD, 0x52, 0xDB, 0x87, 0xA6, 0x7D, 0xD4, 0x4D, 0x69, 0x59, 0x2B, 0xF0,
    0x66, 0xC6, 0x4C, 0x58, 0x77, 0xE3, 0xC7, 0x3A, 0xE5, 0x07, 0x6A, 0x4D, 0x33, 0x5E, 0x75, 0x11,
    0xF0, 0xDC, 0xFF, 0x4A, 0xDF, 0xF3, 0xFF, 0x27, 0xEC, 0x1D, 0xDE, 0x0D, 0xFB, 0x72, 0x49, 0x98,
    0xF0, 0x1D, 0x10, 0x79, 0xF9, 0x16, 0xD0, 0x09, 0x20, 0xDB, 0xA3, 0x13, 0xCD, 0xF0, 0x71, 0x45,
    0xF1, 0x8F, 0x11, 0xCE, 0x76, 0x4A, 0x4A, 0xCF, 0x07, 0x74, 0x3A, 0x44, 0x66, 0x5C, 0x68, 0x06,
    0x40, 0x85, 0xE5, 0x6B, 0xFA, 0xCB, 0xA1, 0xD7, 0x61, 0xBE, 0x64, 0xAB, 0x10, 0xD3, 0xAE, 0x2C,
    0x75, 0x54, 0xF1, 0x7B, 0xE8, 0x62, 0xF8, 0x4C, 0xEA, 0x20, 0x2B, 0x2A, 0x19, 0x4E, 0xE6, 0x58,
    0x90, 0x72, 0x44, 0x64, 0xB2, 0xEB, 0xBB, 0x79, 0x94, 0xC3, 0x7C, 0xB7, 0x46, 0xC9, 0x6E, 0x3C,
    0x4E, 0xD3, 0xE3, 0xC2, 0xC7, 0x40, 0xB3, 0x01, 0xCF, 0xEC, 0x79, 0x02, 0x73, 0xD9, 0xCC, 0xCF,
    0xFE, 0x20, 0x97, 0x7A, 0x77, 0xB4, 0x9E, 0x96, 0x16, 0x7B, 0xF0, 0x6B, 0x18, 0xF4, 0x7B, 0x18,
    0xE8, 0x62, 0xE5, 0xDB, 0xB1, 0x69, 0xE9, 0x16, 0x1D, 0x73, 0x12, 0x5F, 0x8C, 0xA9, 0xC9, 0xF5,
    0x1C, 0xC3, 0x4E, 0x1F, 0x08, 0xFB, 0x68, 0x4F, 0x7D, 0xF9, 0xE3, 0x63, 0xC2, 0xA2, 0x63, 0x4E,
    0xF2, 0x77, 0xEF, 0x71, 0xB7, 0x1E, 0x77, 0xE7, 0x71, 0x37, 0x1E, 0x77, 0xDF, 0x71, 0xB7, 0x1D,
    0x77, 0xD7, 0x71, 0x37, 0x1D, 0x77, 0xCF, 0x71, 0xB7, 0x1C, 0x77, 0xC7, 0x71, 0x37, 0x1C, 0x77,
    0xBF, 0x71, 0xB7, 0x1B, 0x77, 0xB7, 0x71, 0x37, 0x1B, 0x77, 0xAF, 0x71, 0xB7, 0x1A, 0xC9, 0x87,
    0x61, 0x7C, 0xD2, 0xBC, 0x28, 0xFE, 0x1F, 0x9D, 0x45, 0x47, 0xB0, 0x3A, 0x33, 0x0E, 0x69, 0xF2,
    0x9C, 0xCE, 0xDC, 0x52, 0x64, 0x50, 0x9C, 0xB1, 0x28, 0x23, 0x70, 0xFE, 0x7F, 0xB8, 0x23, 0x81,
    0xE3, 0x3B, 0x52, 0x66, 0x5E, 0x2F, 0xBC, 0x5D, 0x78, 0xB9, 0xF0, 0x6E, 0x29, 0x45, 0x4E, 0xDF,
    0x91, 0x0C, 0xFB, 0x9B, 0x4D, 0x9D, 0xAE, 0x84, 0xF1, 0xD1, 0x5C, 0x2B, 0x9D, 0x09, 0x80, 0xA0,
    0xE2, 0xB4, 0x19, 0xD1, 0x6C, 0x45, 0x68, 0x75, 0xE2, 0x7D, 0xF8, 0x4C, 0x9D, 0xEB, 0xB4, 0xF7,
    0xF0, 0x5D, 0xEA, 0xC6, 0x04, 0x85, 0xC8, 0x46, 0x9F, 0x54, 0x64, 0x65, 0x1B, 0x7F, 0xF7, 0x27,
    0x0B, 0xA7, 0xC1, 0xD1, 0xCF, 0xE3, 0x64, 0x5E, 0xA9, 0x9B, 0x0B, 0xF6, 0xF4, 0xCE, 0x1C, 0xD2,
    0xE8, 0x44, 0x06, 0x1A, 0xAF, 0x22, 0xD1, 0x5C, 0x8A, 0x0D, 0xA7, 0xA3, 0xFA, 0xD1, 0x4A, 0x53,
    0x48, 0x6A, 0x7B, 0x09, 0xD0, 0x0C, 0x8D, 0x42, 0xAC, 0x7A, 0x52, 0xEC, 0x13, 0x41, 0xD2, 0x33,
    0x72, 0x9A, 0xA5, 0x53, 0x46, 0xB6, 0x01, 0x8A, 0x45, 0xA1, 0x9C, 0x50, 0x4C, 0x5D, 0x4F, 0x42,
    0x35, 0x7C, 0xBA, 0xE0, 0x7A, 0x85, 0x79, 0xF7, 0x64, 0x4D, 0x5E, 0x30, 0x38, 0x3A, 0x14, 0x3B,
    0x1C, 0x45, 0xFA, 0x23, 0xDF, 0xDB, 0x6D, 0xA7, 0x90, 0x8D, 0x48, 0xD1, 0xB5, 0xC9, 0xA8, 0x4C,
    0x36, 0xA5, 0xD9, 0x7D, 0x66, 0xF6, 0x99, 0xD5, 0x47, 0xA3, 0x2F, 0xD9, 0x7C, 0x66, 0xF2, 0x99,
    0xC5, 0x47, 0x83, 0x2F, 0x99, 0x92, 0x34, 0xF7, 0x92, 0xB5, 0xA7, 0x3F, 0x48, 0xB6, 0x9E, 0x99,
    0x7A, 0xC9, 0x88, 0x3C, 0x7A, 0x8D, 0x1D, 0x39, 0x2E, 0x76, 0x78, 0xEF, 0xD6, 0x1C, 0x8D, 0x39,
    0xDA, 0x72, 0x34, 0xE5, 0x68, 0xC9, 0xF9, 0x64, 0xB8, 0xF6, 0xDE, 0xFA, 0xA4, 0x93, 0xDF, 0x60,
    0x42, 0x4D, 0x0B, 0xAE, 0x49, 0x52, 0x4A, 0x32, 0xEF, 0x6A, 0x20, 0xBB, 0xC1, 0xB7, 0xF1, 0x1A,
    0x7F, 0xC4, 0x87, 0x3F, 0xFF, 0x3C, 0xE1, 0x59, 0x85, 0xEA, 0x6D, 0x4A, 0x9D, 0xF8, 0x31, 0xC2,
    0x36, 0xB3, 0x65, 0x52, 0x28, 0xD8, 0x8A, 0xFB, 0xCF, 0x15, 0xCA, 0xDE, 0xBA, 0x70, 0xF3, 0xC5,
    0xD7, 0x74, 0x24, 0xED, 0x5D, 0xF8, 0x46, 0xBA, 0xF2, 0xDF, 0xD6, 0x5A, 0x95, 0x4E, 0x73, 0x26,
    0xCD, 0xEA, 0xD4, 0xEE, 0xBF, 0xF0, 0x46, 0xCA, 0x7A, 0x5E, 0x67, 0x3F, 0xF1, 0xE7, 0x0F, 0x6E,
    0xB5, 0xA5, 0x90, 0x9A, 0x98, 0xAF, 0x27, 0x0F, 0x03, 0xDF, 0xE2, 0x3B, 0xD2, 0x9B, 0xEF, 0x21,
    0xB0, 0x27, 0xEF, 0x4B, 0x4C, 0x8A, 0x67, 0xD4, 0xA7, 0x83, 0xEF, 0x16, 0xE5, 0xC0, 0x8E, 0xA6,
    0xFD, 0x6C, 0x7A, 0x0C, 0x28, 0xE4, 0xAD, 0x9A, 0x8A, 0x58, 0xA1, 0x0D, 0xA9, 0xF5, 0x98, 0x0A,
    0xA9, 0xCB, 0xC1, 0x0B, 0xAD, 0x5D, 0xB6, 0x1E, 0xB7, 0x43, 0x1D, 0xAE, 0xCE, 0x4D, 0xDD, 0xFC,
    0x50, 0x19, 0x35, 0x3E, 0x2A, 0x91, 0x40, 0x83, 0x77, 0x65, 0x0B, 0xC0, 0x9D, 0x16, 0xC6, 0x72,
    0x42, 0x65, 0x3B, 0x99, 0x45, 0xB9, 0x23, 0x33, 0xF0, 0x7D, 0x9C, 0x8E, 0x72, 0x48, 0x9B, 0x6C,
    0x03, 0x5B, 0x05, 0x8B, 0xA7, 0xFF, 0x15, 0x21, 0xD2, 0x3B, 0x91, 0x78, 0x98, 0x69, 0x2A, 0x4B,
    0x5F, 0xBE, 0x2F, 0x43, 0xF5, 0xC7, 0x0F, 0xFB, 0xF0, 0xE1, 0xA5, 0x3E, 0x6C, 0x9A, 0x7F, 0x09,
    0xB1, 0x1A, 0xBB, 0xBA, 0xBC, 0x27, 0xE0, 0x8A, 0x04, 0x19, 0xF0, 0x2C, 0x4E, 0x86, 0x37, 0x13,
    0xE5, 0xF3, 0x99, 0x8F, 0xE5, 0x7B, 0xFC, 0xFA, 0x73, 0x67, 0x61, 0x1B, 0xFB, 0x0F, 0x46, 0x14,
    0x9A, 0x39, 0x1F, 0x67, 0xE0, 0xB7, 0xCF, 0x3F, 0x1C, 0xDB, 0x18, 0x38, 0x6C, 0xFB, 0x3F, 0x11,
    0x5D, 0xB9, 0x14, 0x81, 0xDF, 0xB9, 0x78, 0x06, 0x5A, 0xE0, 0x57, 0x26, 0xAD, 0x71, 0xFB, 0x52,
    0x8B, 0xB1, 0x68, 0x1F, 0x86, 0x96, 0x8C, 0xB7, 0xCB, 0x1A, 0x92, 0x73, 0xE8, 0xD3, 0x33, 0xD1,
    0xC9, 0xC4, 0x7D, 0xC1, 0x91, 0x6D, 0x17, 0xEA, 0xDD, 0xE6, 0x76, 0x1C, 0x22, 0x75, 0x41, 0x8E,
    0x3A, 0xBC, 0xEE, 0xCA, 0x53, 0x0D, 0x93, 0x8E, 0x20, 0xCB, 0xD1, 0x60, 0x94, 0x7F, 0x1A, 0xE0,
    0xD5, 0x2A, 0x74, 0x7F, 0x9B, 0x80, 0xF1, 0x75, 0x58, 0x54, 0x1F, 0x23, 0x97, 0xD5, 0x9E, 0x51,
    0x0E, 0x7C, 0x71, 0x1B, 0xD8, 0xBE, 0xD9, 0x1B, 0x28, 0xEE, 0x18, 0xD2, 0xC0, 0x13, 0x68, 0x3E,
    0x9D, 0x10, 0x64, 0xC2, 0x41, 0x06, 0x30, 0xFE, 0x0D, 0xBD, 0x95, 0x01, 0xC4, 0x26, 0x45, 0x18,
    0xC7, 0x7F, 0xFB, 0xAE, 0xBB, 0xE5, 0x1B, 0xCC, 0xA1, 0x90, 0xB8, 0x01, 0x08, 0xB4, 0x10, 0xE0,
    0x98, 0x49, 0x80, 0xE0, 0xD0, 0x05, 0x10, 0x1C, 0x08, 0x3E, 0x80, 0x83, 0x6E, 0x47, 0x10, 0xC0,
    0x17, 0x14, 0xC0, 0x41, 0x5C, 0x00, 0x04, 0xE8, 0x9A, 0x0D, 0x40, 0x68, 0x39, 0x27, 0x80, 0x29,
    0x77, 0x10, 0x31, 0x65, 0xAF, 0xB6, 0x9A, 0xDD, 0xA7, 0x19, 0xEF, 0x7A, 0x7D, 0xF5, 0x21, 0x38,
    0xF7, 0xCC, 0xF3, 0x7F, 0xB0, 0xF3, 0x7A, 0xDF, 0xFF, 0xFF, 0xD9, 0xE7, 0xF9, 0xBF, 0x00, 0x34,
    0x32, 0xA2, 0x24, 0xA1, 0x3F, 0x9B, 0xB9, 0xC9, 0x0C, 0x40, 0x90, 0x19, 0x91, 0x54, 0xD1, 0x6C,
    0x77, 0x5C, 0xB3, 0xC2, 0x21, 0x43, 0x5B, 0x21, 0xE2, 0x3A, 0x11, 0x54, 0x81, 0x7E, 0x7E, 0x07,
    0x9D, 0x40, 0x47, 0x30, 0x13, 0xF4, 0x05, 0x56, 0xF2, 0x09, 0x00, 0xF4, 0x0B, 0x04, 0x81, 0x3F,
    0xCF, 0x69, 0xA2, 0xDE, 0x9F, 0x3D, 0xE5, 0x20, 0x2B, 0x4A, 0x04, 0x13, 0x07, 0x67, 0xC7, 0x81,
    0xE1, 0x6D, 0x21, 0xC8, 0x8A, 0x48, 0x44, 0xBE, 0x00, 0x01, 0x02, 0x37, 0x18, 0x7E, 0x9E, 0xB1,
    0x32, 0xA3, 0x24, 0xB2, 0x87, 0xFE, 0x21, 0x75, 0x3F, 0xCD, 0x87, 0x94, 0xF9, 0xEA, 0x16, 0x80,
    0x6C, 0xD4, 0x5C, 0xE8, 0x47, 0x6C, 0x49, 0x8F, 0x75, 0x0C, 0x8E, 0x00, 0x02, 0x1B, 0xCD, 0xCA,
    0x21, 0xD7, 0x6C, 0x33, 0x66, 0x63, 0x10, 0x17, 0xC4, 0x01, 0x9B, 0x75, 0xD6, 0x78, 0xF3, 0xEE,
    0xD8, 0x7D, 0x3C, 0x01, 0x7C, 0xC8, 0xE5, 0xCF, 0xB7, 0xC7, 0x5C, 0xE8, 0x66, 0x54, 0x42, 0x97,
    0x8C, 0xE8, 0x89, 0x2A, 0x14, 0x40, 0x6D, 0x60, 0xC5, 0xF1, 0xE8, 0x83, 0x91, 0xB9, 0xF3, 0x1C,
    0x99, 0xEC, 0x58, 0xA8, 0x64, 0xB0, 0x15, 0xBE, 0xC0, 0xC1, 0x50, 0x10, 0x00, 0x01, 0x36, 0xD8,
    0x7B, 0x7A, 0xEA, 0xAB, 0xD9, 0xA8, 0xCC, 0x38, 0x52, 0xE3, 0x20, 0x5E, 0x4B, 0x34, 0x9F, 0xA7,
    0x37, 0x49, 0x40, 0xF3, 0xF0, 0x0A, 0x99, 0xCA, 0x07, 0x33, 0xFD, 0x57, 0x34, 0x00, 0x04, 0xEB,
    0xC1, 0xEA, 0x11, 0xF4, 0x27, 0x13, 0xB4, 0xDF, 0x46, 0x00, 0xA0, 0x93, 0x0B, 0x18, 0x64, 0xA1,
    0x11, 0x59, 0x69, 0xB7, 0x83, 0xA0, 0x17, 0x04, 0x93, 0x08, 0xAE, 0x9F, 0xA8, 0x2F, 0xA3, 0x16,
    0x5F, 0x4A, 0x6D, 0xA1, 0x0B, 0x0E, 0x21, 0xB8, 0x46, 0x18, 0xDC, 0x61, 0x65, 0x18, 0xBB, 0x8C,
    0x8D, 0xFD, 0x8C, 0x11, 0x89, 0x28, 0x11, 0x4F, 0x23, 0x0B, 0xA7, 0xC0, 0x7C, 0x97, 0x50, 0x8F,
    0x13, 0x6D, 0x9A, 0x21, 0xDD, 0x03, 0x80, 0xF3, 0x48, 0x2B, 0x19, 0x2D, 0x42, 0x9F, 0x04, 0x3B,
    0xD6, 0x6F, 0xB7, 0x3E, 0x60, 0x9D, 0x30, 0x14, 0x04, 0x84, 0x52, 0xEB, 0x2F, 0x48, 0xA6, 0x97,
    0x84, 0x12, 0xCF, 0xA5, 0x08, 0x09, 0x0E, 0x92, 0xA1, 0x7D, 0xF6, 0x35, 0x74, 0xFE, 0xD6, 0x4B,
    0x13, 0x84, 0x59, 0x61, 0x10, 0x58, 0xCF, 0x1D, 0x49, 0xB9, 0x17, 0x22, 0x68, 0xB3, 0x60, 0x7B,
    0x4F, 0x99, 0x3E, 0xF6, 0xF1, 0x23, 0xFC, 0x05, 0x22, 0x53, 0xC1, 0xDC, 0x6C, 0x6A, 0x69, 0xD6,
    0x36, 0x1F, 0x72, 0x5B, 0xCF, 0xD2, 0x2E, 0x7A, 0xEE, 0x44, 0x62, 0xA5, 0xA7, 0x65, 0x45, 0xFF,
    0x5A, 0x10, 0x05, 0x33, 0x15, 0x91, 0xE3, 0xE0, 0xED, 0x58, 0x8E, 0xEF, 0xA3, 0xF5, 0x3A, 0x01,
    0xFD, 0xF7, 0x51, 0x3F, 0x4E, 0xED, 0x8F, 0xF3, 0xF1, 0x05, 0x34, 0x0F, 0x1E, 0xB5, 0x7F, 0xE4,
    0xC2, 0xB7, 0x93, 0x87, 0x2A, 0xA3, 0xE7, 0xFF, 0x9B, 0x9E, 0x2A, 0x6E, 0x46, 0x3D, 0xCB, 0x28,
    0x77, 0xEF, 0x05, 0x73, 0x83, 0x3E, 0x5F, 0x71, 0x84, 0xC2, 0x90, 0x42, 0x91, 0xC2, 0x91, 0x42,
    0x12, 0x95, 0xA9, 0x34, 0xFF, 0xED, 0x2E, 0x57, 0x17, 0x6A, 0x8F, 0x75, 0x00, 0xEE, 0xD7, 0x67,
    0xBD, 0xF6, 0xA0, 0xDE, 0x19, 0x01, 0xE0, 0x90, 0x19, 0x5C, 0x9B, 0x09, 0xB4, 0x0B, 0x42, 0x37,
    0x23, 0xA8, 0xC4, 0x86, 0x4E, 0x4D, 0xE5, 0x58, 0xEE, 0x4D, 0x6C, 0x33, 0xFD, 0xD4, 0x56, 0xF3,
    0xE8, 0x16, 0xEC, 0xD8, 0xCD, 0x58, 0xAF, 0x12, 0x83, 0xD7, 0xB5, 0x98, 0x88, 0x9D, 0x86, 0x11,
    0x2B, 0xE2, 0xD1, 0xB2, 0xC1, 0x41, 0x66, 0xE0, 0x92, 0x17, 0xD1, 0xFD, 0x36, 0x53, 0xDD, 0x68,
    0xB7, 0x23, 0xCE, 0x1E, 0x9C, 0x5D, 0xE8, 0xA8, 0x27, 0x33, 0x99, 0xD1, 0x8C, 0x7D, 0x39, 0xC7,
    0x16, 0x58, 0x5F, 0x87, 0x24, 0x30, 0x20, 0x84, 0x66, 0x23, 0xB4, 0x05, 0xB2, 0x62, 0xD7, 0x8C,
    0x99, 0x33, 0x97, 0x42, 0x26, 0x68, 0x65, 0x06, 0xF5, 0x64, 0x01, 0xCD, 0xBD, 0x97, 0x26, 0x08,
    0xBD, 0xB2, 0xFB, 0x9A, 0xAF, 0xBE, 0xF6, 0x42, 0x04, 0x99, 0xCD, 0x21, 0x32, 0x1D, 0x44, 0xC6,
    0x76, 0xBD, 0xEE, 0x0A, 0x2F, 0xBA, 0xB9, 0x20, 0x43, 0x2B, 0x8E, 0x46, 0x22, 0x0C, 0x33, 0xE8,
    0xFA, 0x60, 0x85, 0xE6, 0x68, 0x90, 0x77, 0xDB, 0x95, 0x20, 0xB9, 0x20, 0xD1, 0x8B, 0x07, 0xA0,
    0x79, 0x0F, 0xDA, 0x19, 0xBA, 0x04, 0x7A, 0x84, 0x33, 0x80, 0x10, 0x3B, 0xC9, 0xBA, 0x64, 0x7C,
    0xC5, 0x44, 0x74, 0x46, 0x89, 0x3F, 0x48, 0xC4, 0x26, 0x74, 0x72, 0x2A, 0x7D, 0x13, 0x52, 0x90,
    0x71, 0xD8, 0x00, 0x9A, 0xDB, 0xA8, 0x84, 0x1E, 0x31, 0x8E, 0xD7, 0xC0, 0x88, 0xA4, 0xBE, 0xC0,
    0x8A, 0xC4, 0x57, 0x87, 0x27, 0xEE, 0x34, 0x62, 0x27, 0xBF, 0xBE, 0xEA, 0xD9, 0xED, 0x8E, 0x5D,
    0x07, 0x2A, 0x01, 0xC0, 0xB5, 0xDB, 0xFB, 0xB4, 0x8E, 0xD0, 0x03, 0x6F, 0x00, 0xDC, 0x85, 0x85,
    0xC3, 0x8C, 0xDA, 0x2E, 0x06, 0x99, 0x82, 0x4C, 0xA7, 0xC5, 0x3B, 0xED, 0x5E, 0xF5, 0xA5, 0x92,
    0xBF, 0x30, 0xAC, 0xF4, 0x19, 0xE0, 0x9A, 0xA3, 0xDE, 0xC2, 0x47, 0x70, 0x97, 0x3D, 0x9A, 0xB0,
    0x52, 0xF9, 0x7A, 0xAC, 0xC8, 0xC4, 0x4D, 0xD7, 0x47, 0x40, 0xD7, 0x62, 0x26, 0x20, 0x8C, 0xF0,
    0xBA, 0x40, 0x27, 0x0B, 0x28, 0xC9, 0xA0, 0x3E, 0x15, 0x80, 0x00, 0x47, 0x3D, 0x04, 0x00, 0xE1,
    0xD8, 0x65, 0x4C, 0x86, 0x46, 0x12, 0x9C, 0x8B, 0xC7, 0xC8, 0x02, 0xBD, 0x38, 0xB0, 0x17, 0xC0,
    0x0D, 0x00, 0xCE, 0x36, 0x28, 0x94, 0x19, 0x24, 0xF1, 0x96, 0x9A, 0x4F, 0x72, 0xE9, 0x27, 0xAE,
    0x8B, 0xC3, 0x0A, 0xD8, 0xE0, 0xB9, 0xD1, 0x8F, 0xBB, 0xEC, 0x7D, 0x49, 0xC5, 0xA1, 0x36, 0xAE,
    0xCB, 0x8C, 0x15, 0xCF, 0xF0, 0x14, 0xBE, 0x64, 0x0F, 0xDA, 0xD4, 0x7B, 0xC8, 0x2B, 0x10, 0x66,
    0xC0, 0x46, 0x00, 0x20, 0xA0, 0x27, 0xA4, 0x8A, 0xD9, 0xE8, 0xC7, 0x66, 0xC3, 0x8E, 0xCD, 0x8A,
    0xF5, 0xFB, 0xD8, 0xD7, 0x22, 0x22, 0x74, 0xB5, 0x28, 0x91, 0x0D, 0xFD, 0xFC, 0xFD, 0x15, 0x9D,
    0xCA, 0xBD, 0xAE, 0x63, 0x6F, 0xA6, 0x52, 0xFA, 0xB1, 0xBD, 0x3C, 0xF6, 0x27, 0xD7, 0xE9, 0xA6,
    0x81, 0xF6, 0xF7, 0x0C, 0x92, 0x20, 0x8C, 0x00, 0x57, 0xFE, 0x90, 0x9B, 0x0C, 0x87, 0x7C, 0x9F,
    0xF6, 0x6F, 0x19, 0x5B, 0x91, 0xD8, 0x6D, 0x26, 0xA9, 0xAC, 0x53, 0x39, 0xB1, 0x60, 0xD2, 0xD1,
    0x4C, 0x66, 0xBA, 0xBC, 0x00, 0xD6, 0x59, 0x37, 0x30, 0x10, 0xF8, 0x07, 0x85, 0x93, 0x01, 0x84,
    0x2C, 0xD9, 0x15, 0x86, 0xBF, 0xEA, 0x9A, 0x7A, 0x95, 0x7D, 0x25, 0xAF, 0x26, 0xF4, 0xC8, 0xBE,
    0x7D, 0x99, 0xA9, 0x87, 0x87, 0xE7, 0x65, 0xDE, 0x54, 0xD0, 0xE8, 0x95, 0xAE, 0xBA, 0x37, 0x00,
    0x02, 0x1D, 0xA6, 0x13, 0x12, 0x6C, 0x10, 0xC4, 0x12, 0xD3, 0x92, 0x0E, 0x23, 0xE9, 0x99, 0xBA,
    0x00, 0x80, 0x06, 0x42, 0x60, 0x07, 0x2F, 0x11, 0xB3, 0xE2, 0x95, 0x64, 0x30, 0xD9, 0xCC, 0x4E,
    0x5D, 0x16, 0x10, 0xE4, 0x6E, 0x16, 0x80, 0xB8, 0x42, 0x10, 0xB0, 0x77, 0xA3, 0x22, 0xBD, 0xAB,
    0xBB, 0x6F, 0xBA, 0x67, 0x4C, 0xE4, 0xB1, 0xE4, 0x38, 0xF7, 0xB8, 0xCE, 0x39, 0xE7, 0x9C, 0x7B,
    0xCF, 0xF9, 0x0F, 0x08, 0x95, 0xE9, 0xC4, 0x74, 0x2C, 0x24, 0xF3, 0xD4, 0x0A, 0xF9, 0x3E, 0x00,
    0x5E, 0x87, 0xDE, 0xA4, 0x1F, 0xB9, 0x92, 0x36, 0x55, 0x4E, 0x78, 0x77, 0xED, 0x8D, 0xCB, 0xE5,
    0x1B, 0xE7, 0x4A, 0xF8, 0x35, 0x4B, 0xA0, 0xF2, 0xF3, 0xC6, 0xB7, 0x6F, 0x9F, 0x9F, 0x01, 0x45,
    0xC7, 0x8A, 0x97, 0x3A, 0xF3, 0xEA, 0xDE, 0xA7, 0x80, 0xC0, 0x4B, 0xCF, 0x53, 0x9E, 0xEE, 0xB1,
    0x14, 0x1B, 0xEE, 0x76, 0x79, 0x26, 0x2B, 0xFB, 0x65, 0x17, 0xDA, 0x5C, 0x97, 0x40, 0x66, 0x84,
    0xBB, 0x98, 0x5C, 0x5C, 0x08, 0xF7, 0x48, 0x01, 0x71, 0xBB, 0x4A, 0x3F, 0x6A, 0xF3, 0x6F, 0x9A,
    0xE3, 0x0C, 0x40, 0x84, 0x2E, 0x7B, 0x47, 0xA7, 0x9E, 0x78, 0x41, 0x44, 0x46, 0x4E, 0x49, 0xC1,
    0x09, 0x53, 0x7E, 0xC8, 0x56, 0x44, 0x99, 0x53, 0x94, 0x4C, 0x0B, 0xAE, 0x4E, 0xB8, 0x25, 0xF1,
    0x96, 0xCE, 0xFE, 0x64, 0x92, 0x0F, 0x5C, 0xC7, 0x38, 0x24, 0xA1, 0x23, 0xFC, 0x84, 0x7F, 0xFE,
    0x42, 0x5D, 0x66, 0x88, 0x25, 0x89, 0x05, 0x88, 0x3D, 0xB9, 0xD7, 0xE5, 0xF7, 0xCC, 0x71, 0x68,
    0x82, 0x36, 0x74, 0xB1, 0x4B, 0x4D, 0xAE, 0x85, 0xDA, 0x21, 0x6C, 0xD7, 0x77, 0x9B, 0xEA, 0x5C,
    0x09, 0xBA, 0x2C, 0x97, 0xCB, 0xF7, 0x4F, 0x8A, 0xEE, 0xAB, 0x4A, 0x68, 0x10, 0x32, 0xD5, 0xB1,
    0x86, 0x70, 0x91, 0xBA, 0x9B, 0x5F, 0x48, 0xEC, 0x57, 0x8D, 0xD0, 0xA1, 0x0E, 0xE4, 0x16, 0x03,
    0x4A, 0x55, 0xE9, 0x9A, 0x21, 0xCD, 0xEA, 0xED, 0xDF, 0xB2, 0xCF, 0x80, 0x3E, 0x3D, 0xC6, 0xD0,
    0x59, 0x86, 0x8B, 0xB8, 0x15, 0xB6, 0x92, 0x87, 0x04, 0x64, 0x14, 0xF4, 0x29, 0xD8, 0x05, 0x02,
    0xDD, 0xD1, 0xB1, 0x11, 0x2D, 0x08, 0x7B, 0x74, 0xF6, 0x80, 0x07, 0x40, 0x40, 0xCC, 0xD1, 0xAC,
    0xB1, 0x0F, 0x78, 0x8D, 0x9D, 0xA1, 0x98, 0x03, 0x5D, 0x16, 0x2C, 0x82, 0x45, 0x67, 0x9E, 0x3B,
    0x61, 0x37, 0x0F, 0x16, 0x54, 0x9C, 0x72, 0x4D, 0x63, 0x85, 0xBD, 0x3F, 0x8B, 0x10, 0xAA, 0x52,
    0x42, 0x6E, 0xB1, 0x97, 0x48, 0x91, 0x69, 0x91, 0xA9, 0x6E, 0x44, 0x62, 0xC5, 0x7C, 0xB0, 0xA6,
    0x7C, 0x9E, 0x98, 0x48, 0xAE, 0xB5, 0xB2, 0xE4, 0x07, 0x24, 0x2A, 0x33, 0xA1, 0x0B, 0x5D, 0x63,
    0x1B, 0x95, 0xE8, 0x9C, 0x13, 0x4E, 0x65, 0x65, 0x72, 0x0D, 0x11, 0xB7, 0x5D, 0x2E, 0x98, 0x72,
    0xC5, 0x0B, 0x84, 0xB7, 0xA7, 0xEF, 0xDA, 0x3A, 0x30, 0xAE, 0xA3, 0x87, 0x81, 0xDC, 0xDE, 0xDE,
    0xAE, 0x9D, 0x13, 0x5E, 0x47, 0x11, 0x40, 0x19, 0xBA, 0xFC, 0x6E, 0x42, 0x40, 0x70, 0x03, 0x97,
    0xEC, 0x03, 0x57, 0x06, 0x2D, 0x50, 0x84, 0xFF, 0x8B, 0x86, 0x57, 0x3A, 0x1F, 0xDB, 0x41, 0xB6,
    0x9A, 0x97, 0x8D, 0xEB, 0x27, 0xEA, 0xBF, 0x60, 0x12, 0x7E, 0x55, 0xF9, 0x55, 0x34, 0x1A, 0x91,
    0x7A, 0x4F, 0x34, 0x3A, 0x04, 0x40, 0xF8, 0x25, 0xCF, 0xCE, 0x7F, 0xC3, 0x6D, 0x88, 0x68, 0xDC,
    0x20, 0x51, 0x40, 0xE5, 0x17, 0x8D, 0x9F, 0xAF, 0x61, 0xB7, 0x33, 0x1A, 0x8D, 0x0E, 0x85, 0xF7,
    0x7E, 0x71, 0x23, 0xB8, 0xA3, 0x44, 0x51, 0xE9, 0x8E, 0x27, 0x6F, 0x11, 0x8A, 0xAF, 0xDC, 0xA9,
    0xAF, 0x00, 0x07, 0xA1, 0x85, 0x58, 0x43, 0xAA, 0x20, 0x07, 0x8A, 0xCF, 0x31, 0xC9, 0xFF, 0x6B,
    0xEA, 0x02, 0x14, 0x79, 0x7A, 0x70, 0x49, 0x8F, 0xB3, 0x1E, 0x76, 0x82, 0x69, 0xBC, 0x1E, 0x8D,
    0x64, 0x34, 0x92, 0xC2, 0xDB, 0x1E, 0x66, 0x1C, 0xE8, 0xF7, 0xDE, 0xD5, 0xE7, 0xE7, 0x2A, 0xF8,
    0x86, 0xCC, 0xBD, 0x1D, 0xD7, 0xF5, 0x70, 0x7B, 0x1B, 0xF6, 0xEB, 0xCC, 0xA4, 0xEA, 0x67, 0x66,
    0x5B, 0x32, 0x8B, 0x4D, 0x4A, 0x4A, 0x2C, 0x43, 0x95, 0xF3, 0x84, 0x9D, 0xCD, 0x6F, 0x16, 0x3B,
    0xA3, 0x21, 0xD0, 0xF8, 0xF6, 0x7C, 0xB3, 0x58, 0x0D, 0x42, 0xA5, 0x3A, 0x36, 0x90, 0xB4, 0x99,
    0x11, 0xF2, 0xEA, 0x95, 0x6E, 0x74, 0x69, 0x38, 0x92, 0x29, 0xBB, 0x00, 0xD1, 0x90, 0xE7, 0xD9,
    0xDF, 0x54, 0x95, 0xFF, 0xD9, 0x5C, 0x8B, 0x54, 0x77, 0xA7, 0x01, 0x11, 0xB9, 0x14, 0x52, 0xE8,
    0x4C, 0x03, 0xB9, 0x5F, 0x15, 0xA3, 0x1F, 0xF5, 0xD9, 0xEF, 0xB1, 0x0F, 0x9F, 0x53, 0x6D, 0x6B,
    0xAB, 0x28, 0xA7, 0xC5, 0xD5, 0x74, 0x31, 0x85, 0x37, 0x66, 0xC2, 0x04, 0xA6, 0xA3, 0x43, 0x0D,
    0x04, 0x4F, 0x87, 0x59, 0x6B, 0x4A, 0xAF, 0x7F, 0xFC, 0x57, 0x02, 0x09, 0x5D, 0x38, 0xDD, 0x70,
    0x70, 0xB8, 0x9D, 0x3A, 0xF7, 0xDC, 0x9B, 0xDE, 0x23, 0x19, 0x38, 0xC2, 0x96, 0xB5, 0x0C, 0xE4,
    0xE3, 0x64, 0xE9, 0x76, 0x2B, 0xBD, 0x15, 0x91, 0x7E, 0x68, 0x84, 0x57, 0x5F, 0x3B, 0x00, 0xE8,
    0xDC, 0x23, 0x7B, 0xA9, 0x84, 0xD7, 0xF7, 0xBF, 0x08, 0x00, 0x7B, 0x54, 0xF2, 0x76, 0x4B, 0xFC,
    0x66, 0xA3, 0xFE, 0x11, 0xBC, 0xB8, 0x57, 0x1B, 0x60, 0x6C, 0xA2, 0x5F, 0x31, 0x66, 0x27, 0x92,
    0xF0, 0x7D, 0x66, 0x04, 0x92, 0x2E, 0x1F, 0xAE, 0xC5, 0xF8, 0x2F, 0xF0, 0x85, 0x5B, 0x61, 0x60,
    0x6B, 0xDC, 0x51, 0xBC, 0x0E, 0x43, 0x86, 0x70, 0x18, 0x0C, 0x31, 0xAF, 0xFD, 0x9A, 0x8D, 0x81,
    0xF1, 0xDF, 0x83, 0xC3, 0xA8, 0xBE, 0x49, 0xAA, 0xF8, 0x03, 0x19, 0x15, 0x16, 0x88, 0xCA, 0xE3,
    0x8B, 0xAB, 0x01, 0x74, 0x89, 0xBD, 0xCC, 0x3E, 0xD6, 0x45, 0xC7, 0xF4, 0x3F, 0x35, 0xC1, 0x1C,
    0x6A, 0xE0, 0x27, 0xB2, 0x92, 0x82, 0x3F, 0xAA, 0x2F, 0xD1, 0x91, 0x15, 0x97, 0x1C, 0xD1, 0x91,
    0x3D, 0x72, 0x15, 0xEB, 0x5C, 0xF5, 0x30, 0xF7, 0x39, 0x4D, 0x65, 0xFA, 0x96, 0x3A, 0x7D, 0x53,
    0x9B, 0x4D, 0x91, 0x03, 0x32, 0x52, 0x72, 0xA6, 0x00, 0x54, 0x78, 0x3C, 0x4F, 0x81, 0x84, 0xAF,
    0x9B, 0x7C, 0x96, 0xEB, 0x87, 0x8A, 0x00, 0xF1, 0xB1, 0x19, 0xBB, 0xFA, 0xAC, 0x1E, 0xFF, 0xF4,
    0x5F, 0x36, 0x7F, 0x47, 0x3D, 0x66, 0x4C, 0xA3, 0xBE, 0x23, 0x43, 0x60, 0xBE, 0x39, 0x15, 0x24,
    0x2E, 0xFF, 0xEC, 0xBB, 0x5E, 0xC5, 0xDE, 0x2F, 0xE1, 0xC8, 0xCF, 0x28, 0x80, 0x13, 0xA1, 0x88,
    0xDB, 0x74, 0xF5, 0xED, 0xC6, 0x74, 0xBC, 0x5F, 0xC1, 0x23, 0x7F, 0xC6, 0xB3, 0xF5, 0x84, 0x84,
    0xF7, 0xB6, 0xF2, 0xDE, 0xDC, 0xDD, 0xD7, 0x67, 0xED, 0xF1, 0x82, 0x94, 0xD4, 0xFB, 0xCF, 0xAE,
    0x11, 0xBF, 0xF4, 0x7E, 0x4E, 0x9F, 0xE0, 0xE5, 0x0C, 0x18, 0xC9, 0x4D, 0xCA, 0x15, 0xA1, 0xF7,
    0xDE, 0xA4, 0x2D, 0x8F, 0x9C, 0x00, 0x16, 0x87, 0x40, 0x17, 0xEE, 0xE8, 0x26, 0xF3, 0xF9, 0x82,
    0xCA, 0xDF, 0x94, 0x02, 0x2E, 0x00, 0x90, 0x40, 0x7A, 0x51, 0xD4, 0x93, 0x7A, 0xE2, 0x2A, 0xFB,
    0xBA, 0x82, 0xC4, 0x3D, 0x9F, 0x94, 0xF6, 0x4D, 0xCA, 0xD9, 0x3D, 0x09, 0xB1, 0x0C, 0x48, 0x79,
    0xC0, 0x2E, 0x9B, 0x21, 0x76, 0x81, 0xD4, 0x0C, 0x6E, 0xBC, 0x4B, 0x73, 0x9F, 0xFD, 0xDE, 0x60,
    0xD2, 0xBF, 0x8D, 0x94, 0x90, 0xE9, 0x63, 0x59, 0xE3, 0x78, 0x4F, 0x3E, 0x04, 0xD8, 0xA7, 0x9F,
    0x5E, 0x6C, 0x7C, 0xEF, 0xEC, 0x9B, 0x2C, 0x07, 0xAE, 0xA8, 0x37, 0x11, 0xB5, 0x1D, 0x2A, 0x60,
    0xF7, 0xDF, 0xF6, 0x60, 0xEA, 0x06, 0x13, 0xD7, 0xAF, 0x6D, 0xEF, 0x13, 0xF3, 0xF8, 0x5B, 0x0A,
    0x0E, 0x74, 0x29, 0xFB, 0x4C, 0xA8, 0x19, 0xB2, 0x09, 0x12, 0xFA, 0x16, 0x3F, 0x25, 0x0F, 0xB1,
    0xF6, 0x77, 0xFA, 0xF7, 0xF2, 0xE7, 0x4C, 0x79, 0x42, 0xB2, 0x17, 0x5E, 0x76, 0x6C, 0xEC, 0xF6,
    0x26, 0xDD, 0x27, 0xFF, 0x01, 0xB5, 0x59, 0x3F, 0xB0, 0xD5, 0xC6, 0xF5, 0x5E, 0x49, 0x36, 0xFA,
    0x0D, 0x2A, 0xF6, 0x57, 0x24, 0x33, 0x09, 0x2E, 0x36, 0x7D, 0xB3, 0x7D, 0x91, 0x91, 0x26, 0x9E,
    0x49, 0x0A, 0x17, 0x50, 0x80, 0x53, 0xB8, 0x70, 0x0A, 0x17, 0xF9, 0x33, 0x13, 0xFA, 0xCC, 0x24,
    0x12, 0xA6, 0x48, 0xE1, 0x82, 0xD7, 0xB8, 0x0E, 0x85, 0x0B, 0x8C, 0x0B, 0xD2, 0x8F, 0xCD, 0xCA,
    0xA6, 0xA0, 0x48, 0x81, 0x6C, 0x4F, 0xC6, 0x25, 0x8A, 0xFF, 0xC6, 0x71, 0xF1, 0xD6, 0x41, 0x18,
    0x01, 0xD2, 0x9E, 0x7C, 0xDF, 0xAE, 0x78, 0xEF, 0x66, 0x1E, 0x84, 0xF1, 0x00, 0x7A, 0x9C, 0x4F,
    0x57, 0x57, 0xDA, 0xB3, 0xE7, 0x9C, 0x3D, 0xE7, 0x3B, 0xAB, 0x8B, 0xE2, 0x51, 0x4E, 0x4A, 0x65,
    0x0B, 0x3E, 0xBC, 0x0B, 0xF9, 0x29, 0x04, 0x87, 0x13, 0xAF, 0x24, 0x49, 0x16, 0xCE, 0x34, 0x39,
    0x6E, 0x17, 0x94, 0x19, 0x8F, 0x8B, 0x34, 0x10, 0x55, 0x41, 0xF4, 0xED, 0xD3, 0x4A, 0x8F, 0x4A,
    0x99, 0x41, 0x29, 0xDB, 0x27, 0xA9, 0x65, 0x89, 0xD2, 0xCA, 0x0C, 0xBD, 0xD0, 0xA5, 0xAF, 0x0F,
    0xCA, 0xDC, 0x18, 0x94, 0x7E, 0xA3, 0xC7, 0x17, 0x4F, 0x53, 0x3F, 0x44, 0x46, 0x27, 0x32, 0x88,
    0x48, 0x7F, 0x46, 0xCE, 0x34, 0x4A, 0xA0, 0x3B, 0x60, 0x96, 0x55, 0xA9, 0x5C, 0x82, 0x2A, 0x70,
    0x0F, 0xE2, 0x8B, 0xD9, 0x4C, 0xE5, 0x54, 0xCC, 0x15, 0x3E, 0x69, 0x5F, 0xCE, 0x7A, 0xD4, 0x93,
    0xF9, 0x58, 0xBC, 0xBD, 0x26, 0x3D, 0x44, 0x1D, 0x1E, 0xDA, 0xA7, 0x59, 0x5A, 0x7C, 0x9E, 0x1F,
    0x6A, 0x2B, 0x43, 0xB5, 0x6B, 0x2F, 0xC3, 0x57, 0x79, 0x8C, 0xA4, 0x8C, 0x90, 0xE1, 0xD0, 0xDE,
    0x9A, 0xD2, 0x41, 0x9A, 0x4D, 0x7D, 0x29, 0x23, 0x8C, 0x5E, 0x32, 0x91, 0xB9, 0x08, 0xEA, 0xAF,
    0x1A, 0xE3, 0x8D, 0xDF, 0x9E, 0xFD, 0xD7, 0x25, 0xDE, 0x8A, 0xE2, 0x2E, 0xBF, 0xA5, 0x1C, 0xC6,
    0xB4, 0x14, 0xDE, 0x1B, 0x8F, 0x29, 0xB3, 0xC5, 0x24, 0x93, 0xF5, 0xD0, 0x5C, 0x23, 0xF0, 0x59,
    0x86, 0x1C, 0xFE, 0x17, 0xEB, 0xB1, 0xA6, 0x8C, 0xF6, 0x40, 0x68, 0x1B, 0x6E, 0x65, 0x32, 0x40,
    0x01, 0xBE, 0xD0, 0xFC, 0x02, 0xE3, 0xB2, 0x10, 0xE5, 0x35, 0x7C, 0x76, 0xB2, 0x44, 0xD7, 0xAC,
    0x74, 0x9B, 0x9F, 0x8A, 0xE1, 0x0B, 0x0C, 0x5E, 0xBE, 0xD0, 0x3D, 0x78, 0x07, 0x85, 0xD0, 0x57,
    0x79, 0x7A, 0xA7, 0x47, 0xFA, 0x65, 0x07, 0x7A, 0xC5, 0x7F, 0x5D, 0x34, 0x0F, 0xFA, 0x6E, 0x4F,
    0xF9, 0xBD, 0x39, 0xFF, 0xB7, 0x57, 0x4D, 0xF3, 0x28, 0x3D, 0xC5, 0x11, 0x3D, 0xA6, 0x57, 0x76,
    0x47, 0xCF, 0xD1, 0x98, 0xE1, 0x4B, 0x0A, 0xD5, 0xED, 0x2E, 0x6B, 0x0A, 0xFD, 0xA3, 0xC3, 0x4F,
    0x35, 0x2D, 0xB4, 0x4A, 0x07, 0x81, 0xA6, 0x94, 0x84, 0x00, 0x91, 0x09, 0xA7, 0xE2, 0xE0, 0xE4,
    0xB9, 0x1C, 0xB7, 0x5F, 0xE5, 0xA9, 0xF2, 0x1C, 0x89, 0xE1, 0x7A, 0xE0, 0x69, 0x30, 0x5F, 0xD0,
    0x9E, 0xDE, 0xCA, 0x48, 0x93, 0x98, 0x6C, 0xB0, 0xA8, 0xDE, 0x0F, 0x34, 0xA8, 0x6D, 0x84, 0x36,
    0x39, 0xDA, 0x24, 0x3C, 0x31, 0x9E, 0x82, 0xBF, 0x5F, 0x2E, 0x2A, 0x94, 0xAB, 0x92, 0x39, 0x13,
    0x0C, 0x10, 0x9F, 0x0B, 0x86, 0x4B, 0x57, 0x48, 0xA0, 0x77, 0xE9, 0x70, 0xD1, 0x43, 0x89, 0x3E,
    0x06, 0xE8, 0xA4, 0x47, 0x6D, 0x43, 0x9F, 0x5C, 0xF4, 0x48, 0x36, 0x64, 0x11, 0x48, 0x88, 0x28,
    0x7D, 0x45, 0xF4, 0xDA, 0x17, 0x8B, 0x81, 0x9D, 0x48, 0xE2, 0xC9, 0x0C, 0xE5, 0x54, 0x4D, 0x76,
    0xA8, 0x26, 0xED, 0x6D, 0x5F, 0x79, 0xEB, 0xEB, 0x5E, 0xE3, 0xC9, 0xBA, 0x03, 0xC2, 0x42, 0x23,
    0x9F, 0x3F, 0xAE, 0x34, 0x9A, 0x02, 0xF7, 0x21, 0x28, 0x0A, 0x33, 0x97, 0x53, 0x89, 0xD2, 0x28,
    0x27, 0x4D, 0x19, 0x2B, 0x6F, 0x06, 0xEA, 0xD5, 0xA3, 0xED, 0x19, 0x4D, 0x1E, 0x74, 0x12, 0xB6,
    0x4D, 0x80, 0x18, 0x23, 0xD3, 0xEC, 0x7A, 0x84, 0x38, 0x74, 0x2A, 0x64, 0x5C, 0x72, 0x98, 0x9F,
    0x2F, 0xDA, 0xC3, 0x0D, 0x3B, 0x60, 0x7D, 0xDA, 0x8E, 0xA1, 0xA6, 0x3F, 0x0B, 0xC2, 0x4C, 0xD0,
    0xDF, 0xAD, 0x80, 0x51, 0xB8, 0x52, 0x11, 0xDA, 0x8E, 0x31, 0x66, 0x2A, 0x10, 0x3A, 0x33, 0x22,
    0x22, 0xDA, 0x1F, 0x44, 0x8C, 0x60, 0x3B, 0x80, 0xEE, 0x69, 0xC1, 0x03, 0x7B, 0xAE, 0xA2, 0x26,
    0x14, 0x92, 0x18, 0x80, 0x24, 0xCF, 0x96, 0x42, 0xFA, 0x7C, 0xA9, 0xA4, 0x47, 0x7D, 0xEF, 0x77,
    0xC5, 0x54, 0xB7, 0x5D, 0xE9, 0x5D, 0xDD, 0x94, 0x7E, 0x69, 0x55, 0x75, 0x6B, 0x76, 0x4A, 0x7F,
    0xE5, 0x83, 0xD2, 0x37, 0x87, 0x55, 0x19, 0xE9, 0x56, 0x65, 0x05, 0x75, 0x5C, 0xAF, 0x39, 0x60,
    0x46, 0x1A, 0xD5, 0x1E, 0xBE, 0xB5, 0x43, 0x89, 0x79, 0x9F, 0x57, 0xA7, 0x61, 0x56, 0x47, 0x53,
    0x3F, 0x89, 0x74, 0xC4, 0xD4, 0xF8, 0x8D, 0x4A, 0x47, 0xE5, 0x61, 0x27, 0x52, 0xCE, 0x35, 0x78,
    0x5E, 0xE0, 0x60, 0xCE, 0x24, 0x87, 0x82, 0x6C, 0x61, 0x12, 0xAE, 0xB0, 0x5E, 0x05, 0xAE, 0xAE,
    0x8B, 0xE9, 0xCB, 0x98, 0xD7, 0x0B, 0xC0, 0xCE, 0x00, 0xE3, 0x79, 0x49, 0x0F, 0x5C, 0x0F, 0x11,
    0x7E, 0x58, 0x09, 0xC9, 0xDB, 0x9D, 0x70, 0x42, 0x03, 0xD3, 0x83, 0xD9, 0xD1, 0xC1, 0xC4, 0xB6,
    0x41, 0x58, 0x1D, 0xD3, 0x5D, 0x58, 0x91, 0x01, 0x49, 0x8F, 0x5B, 0x95, 0xC7, 0x2D, 0x1D, 0x61,
    0xC4, 0x7D, 0x33, 0xE0, 0xBE, 0x45, 0x66, 0x40, 0x05, 0xCD, 0x14, 0xD9, 0x80, 0x99, 0x90, 0x4A,
    0x2A, 0x01, 0x2D, 0x4B, 0x71, 0x55, 0x66, 0xE2, 0x97, 0xB4, 0xAD, 0x25, 0x84, 0x85, 0xF9, 0x11,
    0x0B, 0x0B, 0x80, 0xD8, 0x71, 0xA5, 0x00, 0xA6, 0x5F, 0x39, 0x16, 0xE0, 0xDE, 0x04, 0x30, 0x35,
    0x73, 0x49, 0xF4, 0x2A, 0x0C, 0x89, 0xC3, 0x63, 0xC9, 0xF4, 0x36, 0x96, 0x33, 0x9D, 0x43, 0x78,
    0xA2, 0xF8, 0x6C, 0xDD, 0xE5, 0x77, 0x88, 0xCC, 0x91, 0xE3, 0x2B, 0x91, 0x5E, 0xFB, 0x76, 0xD4,
    0xA3, 0x19, 0xCD, 0x00, 0xE9, 0xED, 0x60, 0x7B, 0xD7, 0xD7, 0xB8, 0x57, 0x43, 0x79, 0x4B, 0xAB,
    0x5D, 0x68, 0x36, 0xEE, 0x5D, 0xB2, 0xF0, 0xCA, 0x92, 0x2D, 0x39, 0x96, 0x0C, 0x01, 0x47, 0xC8,
    0x59, 0xC2, 0x9B, 0x9E, 0x4E, 0xFB, 0xB3, 0xA3, 0xF6, 0xF8, 0x03, 0xA6, 0xE4, 0x6D, 0x47, 0xE8,
    0xD9, 0x74, 0x4D, 0x4F, 0x91, 0xC3, 0x8D, 0x08, 0x3F, 0x3F, 0x40, 0x2E, 0xF2, 0x9B, 0x12, 0xE3,
    0x09, 0x84, 0x04, 0xE0, 0x1A, 0x59, 0x76, 0x49, 0x6C, 0xC5, 0x69, 0x60, 0x2C, 0x90, 0x0D, 0x88,
    0x53, 0x70, 0x32, 0x83, 0x2A, 0xA3, 0x6A, 0x0D, 0x74, 0x1D, 0x50, 0x0B, 0x8E, 0x0D, 0x0D, 0x20,
    0x90, 0x20, 0xA1, 0x01, 0x16, 0x30, 0x47, 0x13, 0x36, 0xD0, 0xF4, 0xF4, 0x7A, 0xB3, 0xED, 0x34,
    0x42, 0x85, 0x79, 0xF4, 0x80, 0x5A, 0xD5, 0x58, 0x00, 0x94, 0x62, 0x85, 0xD8, 0x09, 0x2B, 0xBD,
    0x3E, 0x1F, 0x63, 0x54, 0xBF, 0x31, 0xD1, 0xA3, 0xF6, 0xD5, 0x11, 0x27, 0x72, 0x49, 0x3A, 0x01,
    0xF3, 0x74, 0x2A, 0xD7, 0xC0, 0x4E, 0x65, 0xBE, 0x5D, 0x63, 0xA0, 0x3E, 0x5A, 0x78, 0x92, 0xF3,
    0x0B, 0xA6, 0xCD, 0x85, 0xDD, 0x16, 0xCD, 0xA8, 0x98, 0xE8, 0xE1, 0x54, 0xFA, 0x0A, 0x95, 0x06,
    0xCF, 0x69, 0x2E, 0x8E, 0xCC, 0x45, 0x8A, 0xEB, 0x49, 0x45, 0x59, 0x67, 0x52, 0xFC, 0x29, 0xB4,
    0xF9, 0x1D, 0x44, 0x58, 0xA6, 0xD4, 0xED, 0x5E, 0x96, 0x66, 0x5B, 0x83, 0x9E, 0x72, 0x4A, 0x49,
    0xE3, 0xAE, 0x88, 0x72, 0xD1, 0x93, 0xF1, 0x59, 0x13, 0x42, 0x76, 0xEA, 0x79, 0x04, 0xC4, 0x5B,
    0xF0, 0xF4, 0x5D, 0x47, 0xF7, 0x69, 0xFD, 0x89, 0xBD, 0x67, 0x4E, 0x44, 0xCF, 0x8E, 0x5A, 0x73,
    0x11, 0xB4, 0xE4, 0x0D, 0xA6, 0xD4, 0x05, 0x2B, 0x1F, 0x5B, 0x73, 0x6C, 0xCE, 0x6C, 0xF3, 0xBD,
    0x3D, 0x18, 0x07, 0x68, 0x1B, 0x84, 0xDF, 0xE1, 0xA4, 0x02, 0x4E, 0xC8, 0x4B, 0xC1, 0xB2, 0x02,
    0x84, 0x6C, 0x24, 0x9E, 0x5F, 0x90, 0xA8, 0xD2, 0xE1, 0x06, 0xD5, 0x7A, 0x25, 0x83, 0x12, 0x62,
    0x26, 0x23, 0x02, 0x53, 0x70, 0x93, 0x32, 0x96, 0x88, 0xCB, 0xFD, 0x51, 0xEF, 0xF7, 0xC5, 0x9D,
    0xD1, 0x5C, 0xE9, 0x8A, 0x5B, 0x63, 0x5D, 0x77, 0xE5, 0x2D, 0xFF, 0xA7, 0xBA, 0xA9, 0x3E, 0x63,
    0x84, 0xF4, 0x67, 0xDF, 0x32, 0x44, 0x1F, 0xDF, 0x42, 0x8C, 0xCC, 0xB5, 0x3B, 0xE3, 0x0A, 0x94,
    0x7E, 0x51, 0xF6, 0x75, 0x39, 0x87, 0x08, 0xFD, 0x4C, 0x72, 0x60, 0x1E, 0x10, 0xA8, 0x16, 0x2C,
    0xC0, 0xC2, 0x66, 0xAE, 0x08, 0x23, 0x15, 0x00, 0xB0, 0xA3, 0xEE, 0xF9, 0x48, 0x57, 0x44, 0xD6,
    0x9C, 0x71, 0x9F, 0x4D, 0x34, 0x41, 0x25, 0x12, 0x50, 0x16, 0x2F, 0xAF, 0xF0, 0x33, 0x8F, 0x84,
    0x09, 0xC5, 0x91, 0x35, 0x41, 0xE9, 0x18, 0x58, 0x01, 0xBA, 0xCA, 0xEF, 0xF6, 0x9F, 0x8A, 0x75,
    0xDE, 0xC6, 0x3C, 0x44, 0x84, 0xCB, 0x50, 0x40, 0x01, 0x89, 0x1F, 0xA1, 0x74, 0x8D, 0x8D, 0x71,
    0x21, 0xB4, 0x1D, 0x2E, 0x11, 0x1C, 0x87, 0x93, 0x12, 0x40, 0x16, 0xF0, 0x6D, 0x0E, 0xFA, 0xEE,
    0x4B, 0x58, 0x33, 0xDA, 0x89, 0x45, 0x3D, 0xD2, 0x82, 0x0E, 0xAA, 0xE6, 0x03, 0xBA, 0x67, 0x41,
    0xC9, 0x03, 0x40, 0x35, 0xBB, 0x47, 0xD1, 0x7D, 0x20, 0xDD, 0xAF, 0x47, 0xE8, 0xBE, 0x3F, 0xA0,
    0xFB, 0x5E, 0x03, 0x3A, 0x00, 0xAC, 0x27, 0x71, 0xDE, 0x65, 0x9D, 0x0E, 0x10, 0x8C, 0x7D, 0x75,
    0x46, 0xB0, 0xD2, 0xDF, 0x4C, 0xA9, 0xE6, 0xF2, 0x9E, 0xF3, 0x15, 0xEE, 0x73, 0xBF, 0xA0, 0xEF,
    0xED, 0x41, 0x1B, 0x59, 0xFE, 0xC8, 0x06, 0xEC, 0xF1, 0x9B, 0x56, 0x48, 0x9B, 0x9E, 0xA5, 0xEB,
    0x8F, 0xDD, 0xB4, 0xB6, 0x70, 0xD3, 0x41, 0x04, 0x81, 0xC0, 0xAE, 0xE4, 0xFB, 0xED, 0xEC, 0x20,
    0x36, 0x91, 0xD9, 0x33, 0xEF, 0xC3, 0xDB, 0x51, 0x7A, 0x62, 0x45, 0x3C, 0x26, 0x81, 0xFE, 0x89,
    0xF8, 0x98, 0x4C, 0x58, 0x85, 0xBB, 0xF6, 0xBA, 0xC0, 0x20, 0xDB, 0x09, 0x0B, 0xA5, 0x69, 0xF1,
    0x97, 0xB0, 0x8D, 0x95, 0xE2, 0x14, 0xBF, 0x0F, 0x39, 0x1A, 0xF9, 0xB4, 0x1A, 0x3C, 0x2F, 0x1C,
    0x5B, 0x00, 0x11, 0xAF, 0xB3, 0xD8, 0xA1, 0x25, 0x2F, 0xD3, 0xAE, 0x8A, 0x2C, 0x43, 0x44, 0x35,
    0xCC, 0x69, 0x2D, 0xED, 0x50, 0x93, 0x94, 0x5D, 0x07, 0xFF, 0x05, 0x36, 0xDC, 0x61, 0x54, 0x64,
    0x22, 0x8C, 0xAC, 0xE0, 0x9E, 0x9F, 0xA0, 0x49, 0xF3, 0x93, 0xDD, 0xE7, 0xAE, 0xF7, 0x02, 0xEC,
    0x14, 0x12, 0xC4, 0x0A, 0x25, 0xD5, 0xCC, 0x24, 0xF1, 0x00, 0x54, 0x44, 0x78, 0xD8, 0xCE, 0xA2,
    0x79, 0xDC, 0xCE, 0xA2, 0x38, 0x92, 0x6A, 0xA9, 0x46, 0x44, 0xA4, 0x21, 0xA8, 0x96, 0x80, 0x23,
    0x42, 0xA0, 0x13, 0x2B, 0x80, 0x63, 0x31, 0x82, 0xA3, 0x38, 0x08, 0x63, 0x3C, 0x13, 0x93, 0x79,
    0xD9, 0x36, 0x66, 0x40, 0xDD, 0x0C, 0xED, 0x17, 0xB1, 0xCF, 0xF7, 0xEC, 0xA6, 0xF9, 0xD5, 0x98,
    0x38, 0xEA, 0xA1, 0x3B, 0x7D, 0xA7, 0x6A, 0x32, 0x8F, 0xA4, 0x8D, 0x45, 0x88, 0x81, 0x25, 0xD9,
    0x90, 0x84, 0x16, 0x5C, 0x0B, 0x9E, 0x8A, 0xD7, 0x05, 0x1B, 0x6D, 0x60, 0xA7, 0xE5, 0x75, 0x39,
    0xF1, 0x1A, 0x7E, 0xE0, 0x9A, 0x9E, 0xC4, 0xD6, 0xCB, 0x9D, 0x6D, 0x3C, 0xF1, 0x1A, 0x4E, 0xE1,
    0x9A, 0x61, 0x36, 0xB8, 0x8E, 0x3E, 0xC9, 0x98, 0x4E, 0x43, 0x3A, 0x31, 0x35, 0x38, 0x2D, 0x0B,
    0x3A, 0x31, 0x5F, 0x9A, 0x76, 0x3D, 0x9C, 0x36, 0x1C, 0x4E, 0xCB, 0x6B, 0x9C, 0x78, 0xCD, 0xD9,
    0x39, 0x6D, 0xB5, 0x4D, 0xEB, 0xF9, 0x81, 0xD3, 0xE2, 0xC3, 0x83, 0x69, 0x4D, 0xCF, 0x6B, 0x04,
    0x95, 0xF3, 0xA7, 0xF9, 0x24, 0x9D, 0x42, 0x8C, 0x6A, 0x2A, 0x17, 0xCC, 0xB2, 0x7B, 0x2A, 0xB6,
    0xAB, 0xB7, 0xF0, 0x08, 0x08, 0x47, 0x1A, 0xC5, 0xF0, 0x9F, 0x91, 0x9D, 0xB0, 0x85, 0x53, 0x24,
    0xF7, 0x26, 0xBE, 0xF7, 0x06, 0x07, 0x77, 0xF5, 0xC4, 0x57, 0x85, 0xCA, 0x57, 0x53, 0xDA, 0x1F,
    0xB5, 0xA3, 0x49, 0x71, 0x57, 0x96, 0x29, 0xE8, 0x62, 0x76, 0x4B, 0x2C, 0xB2, 0x40, 0x64, 0xE0,
    0x0D, 0xD9, 0x31, 0xD1, 0x23, 0x2C, 0x2C, 0xD6, 0x06, 0xEB, 0x5E, 0xC8, 0xCA, 0xE4, 0x14, 0xE9,
    0xDA, 0xA6, 0xBA, 0x27, 0xBD, 0x03, 0x47, 0xDA, 0x51, 0xB8, 0x6D, 0x00, 0xB2, 0x65, 0x04, 0x60,
    0xFD, 0xE1, 0x8A, 0x11, 0xEE, 0x83, 0x85, 0xBE, 0xBC, 0x48, 0x5C, 0x49, 0xC4, 0x82, 0x54, 0x78,
    0xF4, 0x8B, 0xDC, 0x7A, 0x4A, 0x15, 0x70, 0x9B, 0xBA, 0xA1, 0x79, 0xA0, 0xDE, 0xB4, 0x8F, 0x83,
    0xEE, 0x61, 0x77, 0x4F, 0xB8, 0x1E, 0x74, 0xFB, 0xCC, 0x21, 0xD8, 0xCC, 0x1D, 0xEE, 0x1C, 0xF6,
    0xAC, 0x87, 0x17, 0x53, 0x2A, 0x27, 0xC8, 0x6F, 0xDF, 0x41, 0x36, 0x0B, 0x65, 0x52, 0x97, 0xAF,
    0x3C, 0xD8, 0x51, 0x8C, 0x24, 0xAB, 0x5F, 0x65, 0xB0, 0x3F, 0x26, 0x2E, 0x12, 0x5A, 0x06, 0xB5,
    0x7B, 0xB8, 0x44, 0xF6, 0xBC, 0xE9, 0x61, 0x24, 0x09, 0x9F, 0x4D, 0x37, 0x94, 0x01, 0xA6, 0x42,
    0x3D, 0x73, 0x4C, 0x7B, 0x9E, 0x66, 0xB0, 0x90, 0xE3, 0xFC, 0x3D, 0x4E, 0x25, 0x4F, 0x92, 0x98,
    0x9D, 0x9B, 0x2E, 0xC7, 0x34, 0x45, 0x9C, 0xBB, 0x7C, 0x8D, 0x1D, 0x98, 0xF5, 0xD3, 0xA3, 0x06,
    0x58, 0x41, 0x76, 0xB4, 0x91, 0xA9, 0x45, 0x86, 0x14, 0xCC, 0x86, 0x79, 0xE5, 0xE6, 0x1D, 0x2B,
    0xCE, 0xCA, 0x08, 0xCD, 0x80, 0xF8, 0x90, 0x99, 0xB6, 0x2E, 0x4C, 0xE8, 0x00, 0x6D, 0x93, 0xC0,
    0xDC, 0x23, 0x27, 0xA4, 0xF6, 0x1F, 0x52, 0xE7, 0xE7, 0xDE, 0x0B, 0x5E, 0x60, 0xDB, 0x96, 0x0B,
    0x26, 0x2D, 0xC9, 0x86, 0x5C, 0x7D, 0xEE, 0xB8, 0xC8, 0xD6, 0xE7, 0x2E, 0x66, 0x72, 0xC7, 0x53,
    0xB7, 0x9E, 0x91, 0x05, 0x23, 0x23, 0x6B, 0xA1, 0x1A, 0xD2, 0xD9, 0xAE, 0xEE, 0x58, 0x68, 0x6C,
    0x67, 0x31, 0x0F, 0x95, 0x91, 0xAB, 0xAA, 0x5A, 0xFF, 0xB8, 0x63, 0xD9, 0xEF, 0x7A, 0xF5, 0x02,
    0x3D, 0x96, 0x3E, 0x97, 0xAF, 0x9B, 0x72, 0x4D, 0x71, 0xB5, 0x1F, 0x5C, 0x54, 0xF5, 0x95, 0x25,
    0x8E, 0x69, 0x47, 0xEE, 0x56, 0x9C, 0x92, 0xA6, 0x8D, 0xA5, 0x22, 0xFC, 0x63, 0xD1, 0x92, 0x68,
    0xF6, 0x19, 0x71, 0x0F, 0x9B, 0xB7, 0xAE, 0xF2, 0x02, 0xBC, 0x4E, 0x99, 0xDA, 0x6B, 0x78, 0x09,
    0x7B, 0x7A, 0xFB, 0x77, 0xD7, 0xD5, 0x12, 0xD2, 0x2E, 0xF5, 0x9C, 0x28, 0xDA, 0x43, 0x6F, 0xED,
    0x17, 0x82, 0x70, 0xAC, 0xF0, 0x6B, 0xDA, 0x82, 0xF4, 0xB9, 0x2A, 0x78, 0x4D, 0xFF, 0x9B, 0x8D,
    0x3D, 0x4A, 0x89, 0x59, 0x51, 0x21, 0x74, 0x66, 0x4D, 0x8D, 0xA2, 0xEE, 0x9F, 0x53, 0xF6, 0x4B,
    0x44, 0x41, 0xE6, 0xD8, 0xC3, 0x0E, 0x0E, 0x89, 0x73, 0x53, 0xB6, 0x3D, 0xA5, 0x1E, 0xA3, 0x37,
    0xBF, 0x3F, 0xE9, 0x73, 0xF9, 0x86, 0x8D, 0xD1, 0x9B, 0xA9, 0xF6, 0xAC, 0xCD, 0xBA, 0x87, 0x74,
    0x76, 0xE0, 0x2E, 0x08, 0xF6, 0x00, 0x45, 0xD9, 0xFB, 0x21, 0xEA, 0xCC, 0x65, 0xD8, 0xF5, 0x25,
    0x66, 0x64, 0x05, 0xBE, 0xD3, 0x71, 0x84, 0x6B, 0x92, 0x2F, 0x58, 0x80, 0xAF, 0x1B, 0xF8, 0xB2,
    0xD9, 0x73, 0xEF, 0x5D, 0x8C, 0xE5, 0x1A, 0xD1, 0x9E, 0x94, 0xAF, 0x2C, 0x32, 0x69, 0x5C, 0x2E,
    0x38, 0xF5, 0x81, 0x59, 0x68, 0x87, 0x35, 0x76, 0xBD, 0x0F, 0x57, 0x4B, 0xEB, 0x3E, 0x5D, 0x38,
    0x5C, 0x27, 0xB6, 0x35, 0xE9, 0x64, 0xBF, 0x09, 0x3C, 0xD5, 0xD7, 0x7D, 0xA4, 0xCE, 0x97, 0x3C,
    0xE2, 0xF0, 0x42, 0xD0, 0xBE, 0xFE, 0x27, 0x3A, 0x9D, 0x1E, 0x2D, 0x42, 0x3E, 0xEA, 0xA1, 0x5A,
    0xD4, 0x76, 0xE4, 0x6E, 0x0F, 0xF3, 0x56, 0x12, 0xB2, 0xF4, 0xEB, 0xCC, 0xCB, 0x0B, 0x4C, 0x28,
    0x50, 0x3E, 0xAF, 0xCC, 0x2C, 0xC3, 0x62, 0xB9, 0xEA, 0x66, 0x27, 0xBE, 0x65, 0x48, 0xD4, 0xF1,
    0xBD, 0xE3, 0x7B, 0xAC, 0x3E, 0xB3, 0xE5, 0x08, 0x7D, 0xC7, 0xDF, 0xD6, 0xDF, 0x5C, 0x5A, 0x5B,
    0x74, 0x15, 0x29, 0xD7, 0xB4, 0x0B, 0x5F, 0x16, 0x65, 0xA7, 0x6D, 0xAE, 0x53, 0x59, 0xA3, 0x66,
    0xDD, 0xAB, 0xD5, 0x92, 0xA4, 0x10, 0x1D, 0xF0, 0xCC, 0x13, 0xEA, 0xCC, 0x2F, 0xE5, 0x97, 0xF8,
    0x2E, 0x81, 0xFD, 0xF4, 0x50, 0x7A, 0xD7, 0x55, 0xDF, 0x62, 0x05, 0xEE, 0xB3, 0xA7, 0x82, 0x4A,
    0x11, 0x49, 0x7B, 0x13, 0x5C, 0x7A, 0x7D, 0x56, 0x7C, 0x69, 0xA9, 0x5F, 0x67, 0x6F, 0x93, 0xB4,
    0x17, 0x3B, 0x71, 0xF9, 0xB2, 0xB2, 0x71, 0x19, 0x56, 0xEC, 0x1E, 0xA1, 0x94, 0x74, 0x0D, 0x77,
    0xD7, 0x62, 0xCE, 0x96, 0x72, 0xCA, 0x17, 0xB6, 0x04, 0xF2, 0x33, 0x3A, 0xAD, 0x87, 0x0C, 0xB1,
    0x3F, 0xF5, 0x71, 0xCE, 0xCB, 0xEA, 0xC4, 0x25, 0xAC, 0x4B, 0xBD, 0x94, 0x48, 0xE8, 0x19, 0x20,
    0x53, 0x25, 0xE7, 0xC4, 0xEB, 0xFD, 0xF3, 0xF7, 0xBD, 0xBE, 0xF9, 0xE7, 0x6F, 0x46, 0x73, 0xE3,
    0xC2, 0x8D, 0xC1, 0xDE, 0xF8, 0xCB, 0x85, 0xC1, 0x5E, 0x10, 0x54, 0xF9, 0xC9, 0x00, 0xC7, 0x34,
    0x16, 0xAB, 0xD5, 0x73, 0xDD, 0x38, 0x2C, 0x06, 0x2D, 0xBF, 0x98, 0x66, 0x20, 0xFD, 0x47, 0x19,
    0xF5, 0xED, 0xB3, 0x83, 0x4E, 0x2C, 0x8C, 0x9C, 0x67, 0x4E, 0xB5, 0x4D, 0x94, 0xCE, 0x6D, 0x96,
    0x07, 0x44, 0x6D, 0x3A, 0xC8, 0x29, 0x28, 0xEB, 0x63, 0xBD, 0xC2, 0x3A, 0x7C, 0x82, 0xD8, 0xFE,
    0x7F, 0xE5, 0x63, 0x7E, 0xF1, 0xAA, 0x2A, 0x6E, 0x49, 0x5F, 0x8A, 0x0C, 0x65, 0x30, 0x63, 0x35,
    0x93, 0x4F, 0x21, 0x07, 0xD1, 0xB7, 0x49, 0x43, 0xFC, 0x3B, 0x8C, 0xBE, 0xFA, 0x35, 0x56, 0x6C,
    0x11, 0x4F, 0xF6, 0xCC, 0xE4, 0x17, 0x4B, 0xBE, 0x72, 0xCB, 0x98, 0xA7, 0x4D, 0x23, 0x3A, 0x2A,
    0xDB, 0x19, 0x7A, 0xC9, 0xA4, 0x67, 0xE3, 0x49, 0x4F, 0x7A, 0x5F, 0x1A, 0xF3, 0xB7, 0xF5, 0xC8,
    0xA6, 0xD1, 0xA9, 0x24, 0xCA, 0x40, 0x8D, 0xA0, 0x52, 0xF5, 0xFC, 0x7F, 0x66, 0x3C, 0xFC, 0xB9,
    0xAF, 0x6E, 0x22, 0xF6, 0xFF, 0x6F, 0x11, 0x47, 0x01, 0x25, 0x0D, 0xC9, 0xE8, 0xEC, 0x3D, 0x9A,
    0x7D, 0x5D, 0xC8, 0x8C, 0xFB, 0x30, 0x3F, 0xD8, 0x95, 0xC4, 0x19, 0x7F, 0x8B, 0xF2, 0x66, 0x04,
    0x8E, 0x29, 0x00, 0x34, 0x3E, 0xA6, 0x50, 0xC3, 0x4F, 0x6D, 0x24, 0x0A, 0x07, 0xA4, 0x13, 0xFC,
    0x14, 0xE8, 0x0E, 0x7A, 0x4C, 0x76, 0x09, 0xC5, 0x85, 0xB3, 0x00, 0x40, 0xC7, 0x8A, 0xCD, 0x48,
    0x85, 0x72, 0x02, 0xB0, 0xBC, 0x9C, 0x19, 0x00, 0xD1, 0xEA, 0x96, 0xA5, 0x74, 0x95, 0xB0, 0x10,
    0x66, 0x82, 0x07, 0xD8, 0x51, 0x45, 0xDF, 0x92, 0x63, 0xF9, 0xE1, 0x56, 0x71, 0xE2, 0x57, 0x1D,
    0x80, 0xE4, 0x41, 0xA0, 0x0F, 0xA6, 0xE7, 0x10, 0x02, 0x95, 0x1E, 0x73, 0xB8, 0xD1, 0x4A, 0xC0,
    0x30, 0x12, 0xC3, 0xEC, 0x5A, 0x38, 0x10, 0xE8, 0xC7, 0x0A, 0x86, 0x78, 0x7F, 0x01, 0xBC, 0x1E,
    0x61, 0x86, 0x57, 0xD7, 0x66, 0xB8, 0xF3, 0xF1, 0x84, 0x80, 0x0A, 0x46, 0x54, 0xEC, 0x5F, 0x19,
    0x46, 0x3D, 0x5A, 0x7B, 0x82, 0xB7, 0xD5, 0x65, 0xA5, 0xA4, 0x58, 0xC9, 0x00, 0x33, 0xBE, 0xBB,
    0xC0, 0x3D, 0xB2, 0xF4, 0x64, 0x09, 0x0E, 0x5B, 0x09, 0xD1, 0xA3, 0x68, 0x74, 0x80, 0x0B, 0x2B,
    0xB9, 0x72, 0x6E, 0xB9, 0xAD, 0x8C, 0x6D, 0xC5, 0x0E, 0xDF, 0xA3, 0x32, 0x43, 0x7C, 0x63, 0x69,
    0x57, 0xE4, 0xED, 0xD4, 0xEE, 0xFC, 0x2E, 0xC2, 0xF0, 0xFD, 0x50, 0x1D, 0xEF, 0x4E, 0x74, 0x9B,
    0x86, 0x2D, 0xB7, 0x1C, 0x74, 0x88, 0xAA, 0xAF, 0x41, 0xE0, 0x95, 0x0D, 0xAB, 0x2A, 0xFF, 0x71,
    0xF4, 0xA7, 0x17, 0xCC, 0x8F, 0x91, 0x1A, 0x81, 0xD9, 0x59, 0x5C, 0x72, 0xFF, 0xEE, 0xE2, 0x42,
    0x24, 0x56, 0x47, 0x60, 0x7D, 0x60, 0x35, 0x5D, 0xCE, 0x42, 0x86, 0x4D, 0xE0, 0x38, 0x27, 0x0C,
    0x58, 0xBB, 0xB8, 0xBB, 0x93, 0xB2, 0xBE, 0xFE, 0x74, 0xEB, 0x13, 0x4F, 0x49, 0xB3, 0x74, 0xD4,
    0x2C, 0x1D, 0x34, 0x8F, 0xEC, 0x36, 0xF4, 0x97, 0x87, 0x8B, 0x18, 0x22, 0x9E, 0x06, 0xD5, 0x34,
    0x08, 0x3D, 0x52, 0x9B, 0x91, 0x3F, 0x10, 0x69, 0x32, 0x91, 0x31, 0x97, 0x2B, 0xAC, 0x1F, 0xD6,
    0x11, 0x04, 0xBC, 0x13, 0xF0, 0xC6, 0xCD, 0x06, 0xDF, 0x86, 0x6D, 0x4B, 0x87, 0xA5, 0x64, 0x34,
    0xD6, 0x72, 0x4A, 0xAF, 0x30, 0xDB, 0x9B, 0xBE, 0x16, 0xD4, 0x9C, 0x16, 0xE4, 0x2C, 0x3A, 0x7E,
    0x89, 0x42, 0x68, 0x5F, 0xF2, 0xA0, 0x8A, 0x93, 0x00, 0x07, 0xB7, 0xBE, 0x14, 0x33, 0x80, 0xD5,
    0xD9, 0x3F, 0xD0, 0xA9, 0x36, 0x55, 0x0F, 0x79, 0x7B, 0x92, 0x09, 0x22, 0x0A, 0x3A, 0xBA, 0x83,
    0x05, 0x86, 0x3C, 0x68, 0xAC, 0xC5, 0xD6, 0x8C, 0x8E, 0x91, 0x47, 0x86, 0x8A, 0xAF, 0x38, 0x5B,
    0x53, 0x28, 0x04, 0xEC, 0xB7, 0xA0, 0x47, 0x50, 0x9F, 0xF1, 0x7F, 0x90, 0xA1, 0x45, 0x34, 0xD6,
    0xC4, 0xC9, 0x99, 0x6B, 0x68, 0x1C, 0x59, 0x59, 0xE6, 0xD2, 0xB7, 0xE7, 0x61, 0x38, 0xCA, 0x4E,
    0x7F, 0x17, 0x00, 0xB2, 0x66, 0xAB, 0x11, 0xB0, 0x87, 0xFD, 0x0A, 0x24, 0x62, 0x3F, 0x80, 0xE7,
    0xF5, 0xFB, 0x2B, 0x5F, 0x05, 0xC4, 0x8D, 0x88, 0xBB, 0xF4, 0x4E, 0x99, 0xA0, 0xD2, 0x91, 0x5D,
    0x7E, 0x1B, 0xB1, 0x4B, 0xBC, 0x2F, 0xD8, 0xC1, 0x93, 0x9E, 0x19, 0x0A, 0xB9, 0xE2, 0xE3, 0x76,
    0xAC, 0x86, 0xB8, 0x93, 0x63, 0x16, 0xB8, 0x29, 0x25, 0x1B, 0xC0, 0xFA, 0xA1, 0x4E, 0xE5, 0xC7,
    0x22, 0xAE, 0x46, 0x38, 0xCD, 0x7A, 0x9D, 0x9E, 0xB8, 0x21, 0xAB, 0x1F, 0x1F, 0xC7, 0x0D, 0x10,
    0x61, 0x6B, 0x1B, 0xF5, 0xA3, 0xE3, 0x4F, 0xAE, 0x6F, 0xDB, 0xF6, 0xF2, 0x3B, 0x03, 0x29, 0xD7,
    0xD3, 0x29, 0xF7, 0xEF, 0x4A, 0x53, 0xDC, 0x4F, 0x24, 0x5D, 0x2D, 0x66, 0xD4, 0x13, 0x49, 0x3A,
    0xFD, 0x10, 0xBA, 0x53, 0x88, 0x3B, 0x04, 0x4D, 0x45, 0x21, 0x09, 0x15, 0x38, 0x8A, 0x3F, 0x60,
    0x21, 0xCE, 0x1E, 0x27, 0xCA, 0xB9, 0x0B, 0x1E, 0x9F, 0x7C, 0xA3, 0x04, 0x9F, 0x77, 0xC9, 0x7B,
    0x80, 0xA7, 0x43, 0x2D, 0x7D, 0xFD, 0x66, 0x93, 0xC8, 0xBB, 0xBE, 0xEF, 0x8D, 0xF8, 0x32, 0xF5,
    0x1C, 0xB7, 0x87, 0x34, 0xC1, 0x70, 0x33, 0xFC, 0x04, 0x4F, 0x1A, 0xAA, 0x6A, 0x72, 0xE6, 0xB7,
    0x47, 0x02, 0x36, 0xDA, 0xDF, 0x73, 0xA3, 0x48, 0x4F, 0x02, 0x4A, 0xC7, 0x7B, 0x34, 0x95, 0x9E,
    0xBC, 0x96, 0x52, 0x29, 0xFD, 0x07, 0xD1, 0x91, 0xFF, 0x6B, 0xFA, 0xEF, 0xFF, 0x23, 0x72, 0x70,
    0xEC, 0x7A, 0x57, 0xEE, 0xF7, 0xE5, 0xCD, 0x3E, 0xFF, 0xF9, 0xEE, 0x40, 0x8E, 0xDA, 0x1D, 0x78,
    0x30, 0x6A, 0x1B, 0xB8, 0x33, 0xED, 0xF6, 0x0A, 0x92, 0x66, 0x4E, 0x2A, 0xB6, 0x7A, 0x79, 0xF8,
    0xFF, 0x25, 0x41, 0xD5, 0x43, 0x1B, 0xDC, 0xA6, 0x86, 0x6D, 0xA5, 0x5D, 0x20, 0x13, 0x84, 0xA1,
    0x38, 0x81, 0x54, 0x56, 0x4C, 0x66, 0x60, 0x2D, 0x0B, 0xF1, 0x45, 0x62, 0xCB, 0x49, 0x94, 0x2B,
    0xE4, 0x2E, 0xAB, 0x5C, 0xA4, 0x43, 0x99, 0x07, 0xD7, 0xB3, 0xCE, 0xF9, 0xA6, 0x4C, 0xFE, 0x2D,
    0x27, 0x32, 0x95, 0xF3, 0xFA, 0xAE, 0xEB, 0xDD, 0x50, 0x4A, 0xFC, 0x21, 0x49, 0x38, 0x2C, 0x19,
    0x7A, 0xEC, 0x22, 0x4D, 0xA5, 0x71, 0x7C, 0x92, 0xA6, 0x26, 0xA4, 0x99, 0x5A, 0x24, 0xEC, 0x11,
    0x99, 0x66, 0xC0, 0x00, 0xA3, 0x5B, 0x72, 0x6F, 0x42, 0x24, 0x51, 0x00, 0xD6, 0x9F, 0x70, 0x6F,
    0x64, 0xA1, 0x93, 0x6F, 0x3B, 0x18, 0xF6, 0x0C, 0x52, 0x94, 0x87, 0x19, 0x53, 0xB0, 0xD0, 0x51,
    0xB3, 0xE9, 0xC9, 0x76, 0x70, 0x29, 0xB3, 0x53, 0x0B, 0x2C, 0x47, 0xE8, 0xF3, 0x4F, 0xBC, 0x9B,
    0x54, 0x99, 0xFA, 0x01, 0x14, 0xF6, 0x0B, 0xE0, 0x23, 0x2E, 0xBD, 0x78, 0x7C, 0x77, 0x35, 0xCD,
    0xF5, 0xEC, 0x37, 0x0D, 0x4F, 0x62, 0xFD, 0x73, 0xB0, 0x8F, 0xF5, 0x3D, 0x41, 0x98, 0x07, 0x90,
    0xFF, 0x00, 0xBD, 0x59, 0x01, 0xE4, 0x65, 0xD9, 0x79, 0xFF, 0xDD, 0x77, 0x77, 0xE6, 0x6E, 0x73,
    0x35, 0x27, 0x40, 0xDA, 0x5D, 0x7A, 0xAB, 0x02, 0x9D, 0xB6, 0xB9, 0x50, 0x08, 0x49, 0xCE, 0xD9,
    0x2C, 0x06, 0x83, 0x59, 0xBA, 0x93, 0x60, 0x31, 0x45, 0xD1, 0x4E, 0xD5, 0x04, 0xC1, 0xAA, 0xB4,
    0xE7, 0x66, 0x17, 0x0B, 0xD8, 0xA1, 0x2D, 0x40, 0x33, 0x98, 0x32, 0xF9, 0x17, 0xBB, 0x08, 0xDA,
    0x4A, 0xE6, 0x9C, 0xCD, 0xA8, 0xC5, 0x62, 0xEF, 0xEE, 0x26, 0x09, 0x8A, 0xB9, 0xE9, 0x6E, 0x52,
    0xBA, 0x98, 0xB3, 0x3B, 0x77, 0xB2, 0x77, 0x66, 0xCE, 0xBD, 0xBF, 0x7E, 0xDF, 0xBD, 0xEF, 0xF5,
    0x65, 0x56, 0x36, 0xAB, 0xD2, 0xF6, 0x7B, 0xEF, 0xF7, 0x3B, 0xBC, 0x99, 0x73, 0xCE, 0xEF, 0xFB,
    0xBE, 0x73, 0xCF, 0x77, 0xCE, 0xFD, 0x7B, 0xD7, 0xC6, 0x3A, 0x79, 0x67, 0xA3, 0x19, 0x82, 0xB3,
    0x5D, 0xD3, 0x07, 0xD8, 0xAE, 0x8D, 0x84, 0xFE, 0x46, 0xE8, 0x6F, 0x04, 0x5D, 0x70, 0xDC, 0xD1,
    0x11, 0x2C, 0xF9, 0xC4, 0x0C, 0xD6, 0x7C, 0x32, 0x23, 0x18, 0x9E, 0x9D, 0x10, 0xDA, 0x70, 0x3E,
    0xC1, 0x7B, 0xFB, 0xCD, 0x01, 0x7E, 0xB1, 0x8C, 0xB0, 0xB9, 0xA5, 0x83, 0x9D, 0xDA, 0x05, 0x68,
    0xC7, 0x26, 0x03, 0x4D, 0x32, 0x09, 0x38, 0xE3, 0x2E, 0xE1, 0x12, 0xAC, 0x0B, 0xE0, 0xCA, 0x0B,
    0xBC, 0x8C, 0x9A, 0xE1, 0xC1, 0x52, 0xB8, 0x60, 0x35, 0xC2, 0x3E, 0xC9, 0x3A, 0xC1, 0x9E, 0xA3,
    0xE9, 0x61, 0x2F, 0xB2, 0x8D, 0xB0, 0xC1, 0x7B, 0xA0, 0x5D, 0xEC, 0x02, 0x34, 0xD9, 0x66, 0xC0,
    0x8C, 0x6D, 0x12, 0x4E, 0x4D, 0x0F, 0x20, 0x08, 0x08, 0x3C, 0xC6, 0x6F, 0xC1, 0x92, 0xF0, 0x5C,
    0xF0, 0xE9, 0xF9, 0x69, 0x94, 0x13, 0x50, 0x72, 0x42, 0x45, 0xA2, 0x26, 0xA3, 0x49, 0x5E, 0x3C,
    0x6C, 0xFA, 0xF5, 0x13, 0xDB, 0xD8, 0xBE, 0x12, 0xA2, 0x25, 0x9D, 0xE5, 0x0C, 0xCF, 0x2B, 0x28,
    0xAE, 0xDE, 0x00, 0xCA, 0x3B, 0x8C, 0x28, 0x1F, 0x70, 0x40, 0xB5, 0x34, 0x09, 0x75, 0x16, 0xD5,
    0x26, 0x99, 0x9F, 0x38, 0x21, 0x4E, 0xD2, 0x9D, 0x4B, 0xD3, 0xB7, 0x6F, 0x50, 0xBA, 0x47, 0xDA,
    0x68, 0x85, 0xBA, 0xF6, 0xA7, 0xB3, 0x75, 0x86, 0x93, 0x47, 0xC5, 0x1E, 0x47, 0x43, 0x40, 0xC5,
    0x01, 0xAA, 0x28, 0x63, 0x29, 0xC8, 0xA9, 0x98, 0xAB, 0xE5, 0x89, 0x97, 0x8B, 0x6C, 0x26, 0x60,
    0x97, 0x9B, 0x01, 0x28, 0xB3, 0x8D, 0xC2, 0x24, 0x33, 0xAA, 0x95, 0xEB, 0x95, 0xCD, 0xDD, 0x70,
    0xE1, 0x29, 0x48, 0x42, 0x00, 0x65, 0x07, 0x34, 0xBD, 0xEF, 0x80, 0x36, 0xDA, 0xE1, 0x34, 0x6C,
    0x6C, 0x49, 0xD8, 0xCE, 0x28, 0xBB, 0x82, 0xF7, 0xB0, 0x59, 0x71, 0x1D, 0x97, 0x87, 0x32, 0x97,
    0xCC, 0xE5, 0x64, 0x38, 0x56, 0xA3, 0x1D, 0xFE, 0x58, 0x52, 0xDB, 0xA1, 0xBE, 0xCB, 0xBF, 0x83,
    0x21, 0xE9, 0x94, 0xD0, 0xFC, 0x64, 0xB9, 0x20, 0x43, 0x2D, 0x80, 0x26, 0x58, 0xF3, 0x7B, 0x3B,
    0x5A, 0xE7, 0x19, 0xBD, 0x6B, 0xE8, 0xB0, 0x99, 0xC9, 0x42, 0x8D, 0x92, 0x55, 0x0A, 0xB3, 0xD0,
    0xFC, 0x5D, 0x15, 0xAE, 0x71, 0x12, 0x6F, 0x51, 0xDF, 0x27, 0xD0, 0x50, 0xC8, 0x2A, 0xF9, 0x20,
    0x3A, 0x69, 0x45, 0xD0, 0xEC, 0x6D, 0x57, 0xE6, 0x1B, 0x6D, 0x57, 0x8F, 0x4B, 0x2B, 0x41, 0x9F,
    0x1B, 0x89, 0x76, 0x6E, 0xA2, 0x7D, 0x4E, 0x08, 0xB8, 0xD4, 0x01, 0x1A, 0x66, 0xF6, 0xA8, 0x1E,
    0xF4, 0x30, 0x3F, 0x1A, 0xD0, 0xBE, 0x9A, 0x60, 0xDF, 0x4D, 0x08, 0x4C, 0x05, 0x39, 0x96, 0xF7,
    0x1F, 0x8C, 0xD5, 0x9D, 0x9F, 0x4D, 0xE6, 0xED, 0xF7, 0x73, 0xFB, 0xEA, 0x7B, 0xD9, 0x9E, 0x4D,
    0x59, 0xC3, 0x39, 0x03, 0x84, 0x11, 0x5E, 0xD0, 0x2E, 0x28, 0x66, 0xD8, 0x1B, 0x28, 0x32, 0x82,
    0x17, 0x55, 0x98, 0xAD, 0xC8, 0x2A, 0xB3, 0x30, 0xB9, 0x04, 0x57, 0x51, 0xCC, 0xD5, 0xCA, 0x9D,
    0xB9, 0xEB, 0x79, 0xBB, 0x93, 0x40, 0xDA, 0xCB, 0xD1, 0xF4, 0x8B, 0xBD, 0x18, 0x9B, 0xEF, 0x65,
    0x2F, 0xAA, 0x6E, 0x4E, 0xC1, 0x44, 0xFB, 0x7A, 0xBA, 0x61, 0x7A, 0x59, 0xBD, 0xB3, 0xB0, 0x8F,
    0xB3, 0x19, 0x8A, 0x6B, 0x38, 0x73, 0xA5, 0x1C, 0xC1, 0xA1, 0x14, 0x3D, 0x43, 0x95, 0xCA, 0x07,
    0xA9, 0x4E, 0xF5, 0x9D, 0x64, 0xEE, 0x5E, 0xFC, 0x8F, 0xA4, 0x31, 0x1C, 0x95, 0xA6, 0xE6, 0x07,
    0x0B, 0xA7, 0xF6, 0x1B, 0xF3, 0x9C, 0xED, 0xF3, 0xF7, 0x84, 0xCE, 0xBD, 0x3F, 0x65, 0x6B, 0xDE,
    0x1A, 0x25, 0x00, 0x37, 0xD3, 0x02, 0x9D, 0xBC, 0xDB, 0xE2, 0x8E, 0x5A, 0x18, 0xA8, 0xEE, 0x7D,
    0x25, 0x6B, 0xF4, 0x4C, 0x82, 0x08, 0x6F, 0x23, 0x80, 0xC5, 0xBB, 0x43, 0x78, 0x6B, 0xD2, 0xAD,
    0xC1, 0xEC, 0x01, 0xFF, 0xD2, 0xAD, 0x01, 0x58, 0xDA, 0xD7, 0x12, 0x8A, 0x6C, 0x25, 0x3C, 0xE5,
    0x64, 0x5F, 0x48, 0xA8, 0x46, 0x7F, 0x56, 0x97, 0x64, 0xA8, 0x46, 0x34, 0x3D, 0x85, 0x6D, 0xA4,
    0x28, 0xC5, 0x99, 0x93, 0x93, 0x0E, 0x5E, 0xE7, 0xB3, 0x5C, 0x80, 0xE6, 0xB9, 0x0C, 0x18, 0xE9,
    0x86, 0xEA, 0x76, 0x04, 0x1A, 0x0A, 0x05, 0xCA, 0x58, 0x14, 0x2A, 0xDF, 0xBF, 0x3F, 0xA2, 0x7E,
    0xFB, 0xEE, 0x04, 0x73, 0xF3, 0xBD, 0x09, 0x1A, 0x61, 0xD8, 0x73, 0x43, 0x06, 0x82, 0x46, 0x2D,
    0x82, 0xF5, 0xDA, 0x2C, 0x95, 0x4A, 0x2F, 0xE6, 0x72, 0xFE, 0xCA, 0x2C, 0x2A, 0x8A, 0x5C, 0x8F,
    0x1A, 0xE8, 0xA5, 0x19, 0xA0, 0x8F, 0xAB, 0xED, 0x34, 0xD4, 0x3A, 0xDB, 0x1A, 0xEB, 0x0E, 0xB5,
    0x36, 0x03, 0x24, 0xDA, 0xB7, 0x24, 0x97, 0x12, 0xEE, 0xE6, 0xAD, 0x51, 0x9A, 0xA5, 0xBD, 0x29,
    0x62, 0xDF, 0xCC, 0x56, 0x1A, 0x89, 0xB8, 0xBD, 0x39, 0xC1, 0xBE, 0x36, 0xDA, 0xE7, 0xA5, 0x79,
    0x31, 0xF9, 0x27, 0xA5, 0xB9, 0xD8, 0x07, 0x19, 0xB0, 0xB8, 0xA6, 0x4E, 0x94, 0xA3, 0x25, 0x63,
    0x99, 0x84, 0x51, 0x25, 0xF3, 0x4A, 0x86, 0x44, 0xFE, 0xAD, 0x24, 0xA3, 0x3E, 0xC3, 0xB8, 0x06,
    0xB3, 0x5F, 0x39, 0xA1, 0xF9, 0xE1, 0x42, 0x19, 0xF1, 0xF9, 0xBB, 0xF7, 0x64, 0x88, 0x17, 0x24,
    0xF4, 0xB0, 0xE7, 0xDF, 0x1A, 0x85, 0x9B, 0x9B, 0x49, 0xE5, 0xBD, 0x20, 0x8C, 0x02, 0xBF, 0x8B,
    0xF2, 0x8D, 0x05, 0xBB, 0x07, 0x23, 0xB0, 0x6A, 0xEC, 0x11, 0x38, 0x81, 0x9C, 0xF1, 0xEC, 0x6E,
    0x01, 0x0A, 0xC5, 0x0C, 0x54, 0x19, 0x0D, 0x13, 0xDA, 0xC5, 0xC1, 0xB2, 0x03, 0x2E, 0x27, 0xA0,
    0x16, 0x48, 0x88, 0x61, 0x04, 0x3E, 0x15, 0x2F, 0xB1, 0x6F, 0x48, 0xE7, 0x39, 0x82, 0x7F, 0x0B,
    0x10, 0x82, 0x93, 0xAB, 0xEB, 0x70, 0xAD, 0x00, 0x4F, 0x3D, 0x02, 0xFC, 0x1A, 0xBE, 0x83, 0xFA,
    0xF9, 0x8C, 0x52, 0xC2, 0xFE, 0x38, 0x1D, 0x02, 0x07, 0x68, 0x87, 0xCF, 0xE8, 0x38, 0x82, 0x53,
    0x97, 0x07, 0x18, 0x3A, 0x34, 0x02, 0x5C, 0xEE, 0x01, 0x33, 0x00, 0xED, 0x80, 0xC7, 0x18, 0x2B,
    0xD2, 0x35, 0x9C, 0x60, 0xBF, 0x0F, 0x58, 0x08, 0x4E, 0xAE, 0xA1, 0xA5, 0xF8, 0x2F, 0xC0, 0xD3,
    0x8F, 0xA0, 0x1E, 0xDA, 0xCE, 0xC3, 0x0C, 0xB6, 0x0B, 0x30, 0xBD, 0x75, 0x0B, 0x9A, 0xE8, 0xDD,
    0x8C, 0x36, 0x86, 0x22, 0x43, 0x7E, 0xDD, 0x29, 0x2F, 0xA5, 0xB0, 0x9B, 0xCB, 0x11, 0xF6, 0x89,
    0xAC, 0x3B, 0xE9, 0xF7, 0xB2, 0x0C, 0x6F, 0xD7, 0x84, 0x36, 0xC2, 0x0E, 0x15, 0x55, 0x2C, 0x1E,
    0xBF, 0x0B, 0x6C, 0x2E, 0xAE, 0x22, 0x94, 0x7B, 0xE5, 0x66, 0x65, 0x19, 0x5B, 0xA8, 0x55, 0xB2,
    0x2B, 0x75, 0x4A, 0x0E, 0x9F, 0xB8, 0xEA, 0x4F, 0x5F, 0x95, 0xD4, 0xD6, 0xA9, 0xE9, 0x17, 0xA1,
    0x38, 0xD7, 0xA9, 0x7D, 0x45, 0x48, 0xE6, 0x31, 0x49, 0x9E, 0x70, 0x33, 0x48, 0x4A, 0x1B, 0x49,
    0xE8, 0x28, 0xBA, 0xAA, 0x64, 0x63, 0x38, 0x97, 0x08, 0x4F, 0x8A, 0x50, 0x72, 0x84, 0x7A, 0x09,
    0xB4, 0x3D, 0x84, 0x8E, 0x03, 0x2B, 0x79, 0xA7, 0x84, 0x83, 0x55, 0xBC, 0x02, 0x78, 0x4E, 0x28,
    0xB4, 0x6F, 0xB9, 0xEC, 0xA8, 0x79, 0x08, 0x68, 0x06, 0x68, 0xCD, 0x12, 0x31, 0xF6, 0x3F, 0x4F,
    0xE8, 0x2C, 0x35, 0x25, 0x4A, 0xE1, 0xC2, 0x05, 0x22, 0x00, 0x84, 0x77, 0xBB, 0x19, 0xBE, 0xD3,
    0x48, 0xF4, 0xCD, 0xA8, 0x6E, 0x0F, 0xA8, 0xC9, 0x0E, 0x05, 0x27, 0xEC, 0x4D, 0xF2, 0x50, 0x32,
    0xC3, 0x90, 0x68, 0x87, 0x00, 0xAB, 0x3B, 0xA0, 0x93, 0x20, 0x92, 0x8E, 0x0A, 0x19, 0x4B, 0x3F,
    0x41, 0x47, 0xBA, 0x9D, 0xD1, 0x32, 0xA1, 0x66, 0x07, 0xB5, 0x1B, 0x40, 0x08, 0x28, 0x19, 0x60,
    0xE8, 0xA5, 0xB7, 0x97, 0xDE, 0x5E, 0x0B, 0x25, 0x28, 0x41, 0x9F, 0x61, 0x75, 0x4D, 0x9F, 0x4D,
    0xB2, 0x1C, 0x07, 0xD8, 0x6F, 0x46, 0xB4, 0xA1, 0x13, 0x00, 0xED, 0x5A, 0xC0, 0x04, 0x13, 0x60,
    0x12, 0x70, 0x09, 0x9F, 0xB8, 0x12, 0x60, 0xA5, 0x7F, 0x18, 0x7C, 0x21, 0xAE, 0xA8, 0xE0, 0xB3,
    0xA3, 0xF4, 0x4B, 0xFA, 0x4C, 0xC0, 0x5E, 0xD6, 0xBE, 0x0E, 0x2D, 0x1F, 0xEE, 0xA7, 0xD6, 0xBE,
    0x3E, 0xC0, 0xC8, 0x63, 0x51, 0xFE, 0x78, 0x04, 0xD2, 0xB3, 0xFF, 0xAB, 0xBA, 0xD4, 0x7C, 0x1B,
    0xD1, 0xBE, 0x18, 0x61, 0x6E, 0x0E, 0xD8, 0xBD, 0x92, 0x00, 0xFC, 0x6A, 0x7A, 0x8F, 0x29, 0xC5,
    0x96, 0x55, 0x60, 0x4B, 0x2C, 0xB0, 0xE5, 0x56, 0xCC, 0x4C, 0xE0, 0xE9, 0xAB, 0xC5, 0xF5, 0x26,
    0x21, 0x9C, 0x4D, 0x65, 0x6E, 0x7B, 0xF8, 0x27, 0xC7, 0x7A, 0xB4, 0x51, 0x5B, 0x93, 0x6C, 0x87,
    0x75, 0x6D, 0x79, 0x87, 0xF0, 0xA5, 0xC9, 0xC6, 0xE0, 0xC0, 0x5D, 0xF6, 0x2E, 0xB8, 0x82, 0x45,
    0x5E, 0xD6, 0xB4, 0x17, 0x73, 0x86, 0x8F, 0x55, 0xC6, 0x32, 0x89, 0xD2, 0x76, 0x04, 0xD3, 0x96,
    0xFF, 0xC3, 0x12, 0x08, 0x71, 0x5B, 0x05, 0xE2, 0xFB, 0x6A, 0xDC, 0x9A, 0x62, 0xDE, 0x4B, 0xCC,
    0xD8, 0xA4, 0xA5, 0x7D, 0xDB, 0x6F, 0xED, 0xB2, 0xAD, 0x99, 0xDD, 0x35, 0x7C, 0x6B, 0xAD, 0xAF,
    0xBB, 0xD9, 0x90, 0x5A, 0x6F, 0xDA, 0x24, 0x1A, 0xEA, 0x24, 0x91, 0xFE, 0x92, 0xAE, 0x7D, 0x67,
    0xBF, 0x91, 0xDB, 0x18, 0x60, 0x5D, 0xB6, 0x1D, 0x45, 0x52, 0x0E, 0x20, 0x02, 0xE6, 0x05, 0x04,
    0xB1, 0xE4, 0x75, 0x45, 0x85, 0x09, 0x9E, 0x22, 0x34, 0xAD, 0xEB, 0xCA, 0xF7, 0xEB, 0xD2, 0xB2,
    0x11, 0x6A, 0xDE, 0xE1, 0xA8, 0xAB, 0xDC, 0x64, 0x71, 0xDA, 0x9A, 0x41, 0x19, 0x8B, 0x53, 0x7E,
    0x44, 0xE9, 0x8B, 0x2A, 0x59, 0x35, 0xEA, 0x70, 0x05, 0x49, 0x54, 0xCB, 0x0D, 0x3A, 0x23, 0xE3,
    0xC7, 0x66, 0xD0, 0x55, 0x1D, 0xD1, 0x6E, 0xE4, 0x3B, 0x25, 0x07, 0x7B, 0x20, 0xF8, 0xCE, 0x77,
    0x20, 0x6C, 0xDC, 0x2D, 0xB0, 0x1F, 0xDC, 0xCA, 0x30, 0xFB, 0x07, 0xB4, 0xDF, 0x17, 0x24, 0x13,
    0x85, 0x4E, 0x0B, 0xB0, 0xEB, 0x80, 0x76, 0xC4, 0x8E, 0x84, 0x21, 0x63, 0x4B, 0xF6, 0xF6, 0x15,
    0x75, 0xD7, 0x0C, 0x01, 0x66, 0xE0, 0x8A, 0xA6, 0xD7, 0xC1, 0xC2, 0x5F, 0x84, 0xCE, 0x92, 0x68,
    0x98, 0x51, 0xA9, 0xE2, 0xBF, 0x02, 0xF0, 0x29, 0xA8, 0xFD, 0x99, 0x52, 0xC9, 0x77, 0x54, 0xF4,
    0x13, 0xDF, 0x15, 0x2E, 0x3E, 0x0B, 0xB5, 0x66, 0xE5, 0x4F, 0xAE, 0xFC, 0x87, 0x38, 0x58, 0x33,
    0x17, 0x9A, 0x2F, 0x96, 0x4C, 0x25, 0x97, 0x92, 0x53, 0x3D, 0x3F, 0x5A, 0x9C, 0xCD, 0x26, 0x01,
    0xBB, 0xB9, 0x19, 0x34, 0x29, 0x36, 0xE2, 0xC8, 0x9D, 0xF0, 0xEC, 0x5D, 0x3D, 0xEC, 0x84, 0xCD,
    0x50, 0x66, 0xEF, 0x9A, 0x5E, 0xB8, 0x6B, 0x63, 0x3D, 0x6A, 0x24, 0x9A, 0x64, 0x87, 0xD0, 0x87,
    0xBE, 0xA1, 0x58, 0x57, 0xF3, 0x01, 0x17, 0x4D, 0xB0, 0xE8, 0x39, 0x58, 0xDB, 0x0B, 0xFD, 0xCB,
    0xD2, 0x01, 0x3F, 0x7E, 0x5C, 0xA8, 0x8A, 0xEA, 0xFA, 0x4A, 0x1D, 0x74, 0x6F, 0xDF, 0x9B, 0xBF,
    0x72, 0xB9, 0x2B, 0x39, 0x70, 0x34, 0xEC, 0x99, 0xDB, 0xC1, 0xFD, 0xD1, 0x2C, 0x1A, 0x8A, 0xB5,
    0x94, 0x2F, 0x01, 0x4F, 0x63, 0x26, 0x96, 0x62, 0x5E, 0x30, 0xEF, 0x32, 0x8B, 0x5C, 0x66, 0x96,
    0x73, 0x3D, 0x06, 0x92, 0xC9, 0x32, 0x30, 0x9A, 0xB9, 0x5E, 0xB0, 0xB7, 0x13, 0xA9, 0x20, 0x00,
    0x39, 0x08, 0xFF, 0xF4, 0x47, 0x51, 0xD8, 0x3D, 0x81, 0xBD, 0xFD, 0x7F, 0x9E, 0xCD, 0x71, 0xEA,
    0xC2, 0x05, 0x61, 0x43, 0x2A, 0x5F, 0xD6, 0xA4, 0x9D, 0x7A, 0xF4, 0x37, 0xB0, 0xDA, 0xFF, 0xD1,
    0xC9, 0x5D, 0xAD, 0x5A, 0xEB, 0x63, 0x2E, 0xC8, 0x49, 0xC4, 0xBF, 0x6C, 0x26, 0xD5, 0xB3, 0x25,
    0xC2, 0x46, 0x41, 0xB7, 0x3D, 0x10, 0x61, 0x0F, 0xAF, 0xD0, 0xDF, 0x87, 0x47, 0xD6, 0x05, 0x56,
    0xAF, 0xF5, 0x61, 0xDC, 0xEA, 0x98, 0x39, 0x60, 0x00, 0x74, 0x02, 0x51, 0x80, 0xCB, 0xEF, 0xEC,
    0x98, 0x0D, 0xA7, 0x66, 0xFC, 0x8C, 0x8D, 0xF0, 0xDD, 0x56, 0x20, 0x0E, 0x5F, 0x07, 0x4F, 0x67,
    0x89, 0x9A, 0xC0, 0xA2, 0xDF, 0x62, 0x86, 0x78, 0x55, 0xCA, 0x77, 0x02, 0xF0, 0xA8, 0xE0, 0x0F,
    0x80, 0x2B, 0x9F, 0x07, 0xA6, 0x6F, 0x03, 0x2A, 0x7D, 0x2D, 0xE3, 0x74, 0x30, 0x75, 0xF7, 0x35,
    0xF9, 0x27, 0xFF, 0x75, 0xA0, 0x1E, 0x81, 0xDD, 0x02, 0x94, 0xB7, 0x7A, 0xD4, 0xCF, 0x45, 0x98,
    0xE3, 0x52, 0x59, 0xAD, 0x48, 0x96, 0x29, 0xB0, 0x7F, 0x16, 0x10, 0x01, 0x7F, 0xCE, 0x3E, 0x3C,
    0x18, 0xFE, 0x79, 0x37, 0xFC, 0x16, 0xBC, 0xFB, 0x2E, 0xBE, 0x8E, 0x06, 0xC0, 0x67, 0x61, 0x5D,
    0xE3, 0x1A, 0xE8, 0xA4, 0xA7, 0xDF, 0x41, 0xC3, 0xEF, 0xDB, 0x30, 0x7D, 0x61, 0x37, 0x02, 0xF8,
    0x4D, 0x6C, 0x16, 0xE2, 0xD6, 0xF6, 0x2F, 0x6F, 0xAD, 0xFB, 0xD4, 0x61, 0x13, 0x38, 0x25, 0x60,
    0xA7, 0x31, 0x41, 0xF1, 0x46, 0x0F, 0x7C, 0xFB, 0xAB, 0x28, 0xDC, 0x53, 0xEB, 0xFF, 0xF8, 0x38,
    0x6B, 0x92, 0x32, 0xDD, 0xE7, 0x54, 0xDB, 0xEE, 0x87, 0xF1, 0xB7, 0x1F, 0xD5, 0x16, 0x1D, 0x3E,
    0xCE, 0xFE, 0x5A, 0xD0, 0x74, 0xC0, 0xBB, 0x11, 0xF8, 0xCB, 0x84, 0x5D, 0x77, 0x05, 0xB8, 0x22,
    0x8F, 0xEE, 0xD1, 0x5A, 0xB7, 0xB5, 0xEC, 0xB7, 0x36, 0x7E, 0x15, 0x47, 0xDB, 0x54, 0xAB, 0xFD,
    0xFA, 0xD6, 0xFC, 0xFE, 0xD6, 0x7C, 0x5E, 0xE9, 0xAB, 0x12, 0x14, 0xB1, 0x67, 0xF1, 0x27, 0xA8,
    0xDC, 0xFA, 0x53, 0x00, 0x1A, 0x40, 0xC3, 0x61, 0x80, 0x8F, 0x51, 0xB7, 0x38, 0xA1, 0xAA, 0x6F,
    0x7B, 0x6D, 0x96, 0x42, 0x74, 0x01, 0x8F, 0xE1, 0x97, 0xD9, 0x4E, 0xF0, 0xF2, 0xE6, 0xCE, 0xB8,
    0x16, 0x51, 0x99, 0xBF, 0x18, 0x24, 0xF1, 0x22, 0x4A, 0x25, 0xA9, 0x44, 0x69, 0x56, 0xFB, 0x1A,
    0xB0, 0x49, 0xD4, 0x7E, 0x57, 0x77, 0x57, 0x51, 0xA5, 0x7A, 0x40, 0x39, 0x7B, 0xAD, 0x2A, 0x74,
    0x32, 0xD5, 0x35, 0xA8, 0xE9, 0x38, 0x75, 0xC6, 0x82, 0x76, 0xC2, 0x0C, 0x3F, 0x15, 0x19, 0x1C,
    0x8B, 0xBC, 0x63, 0xDA, 0x4D, 0xD5, 0x83, 0x54, 0x8E, 0xE6, 0xDF, 0x86, 0x72, 0xB4, 0xAF, 0xF7,
    0x55, 0x0A, 0x26, 0xD6, 0xEF, 0xCD, 0x4D, 0x34, 0x6F, 0x4F, 0x6D, 0x34, 0xB7, 0x92, 0xED, 0x8C,
    0x5E, 0xC7, 0x1A, 0x3A, 0x8B, 0x76, 0x81, 0x7F, 0xDA, 0x66, 0x84, 0xD9, 0x8E, 0x60, 0xB6, 0x03,
    0x38, 0x1E, 0x0E, 0x6D, 0xE6, 0x70, 0x84, 0x82, 0xEF, 0x84, 0x08, 0x6C, 0xA2, 0x8A, 0xAB, 0xE5,
    0x58, 0xA5, 0xDD, 0x7C, 0x71, 0x00, 0xD9, 0xE1, 0xF7, 0xEE, 0x41, 0x4C, 0xCE, 0x6D, 0x9F, 0xB8,
    0x62, 0x06, 0xB3, 0x5E, 0x7E, 0xD7, 0xEB, 0x6F, 0xB4, 0xFA, 0xE9, 0x6C, 0xE7, 0x9D, 0x77, 0x01,
    0x1E, 0x44, 0x28, 0x16, 0x84, 0x52, 0x40, 0x5E, 0xF5, 0x33, 0x53, 0x33, 0xB2, 0x07, 0xCC, 0xE1,
    0x31, 0x04, 0xB0, 0x3F, 0x2B, 0x87, 0x6D, 0x3E, 0xC3, 0x2C, 0x98, 0x04, 0xEB, 0xBD, 0x00, 0xA5,
    0x82, 0xEF, 0x3C, 0x7C, 0xE5, 0x4E, 0x6D, 0xBF, 0x5D, 0xBB, 0xAD, 0xCC, 0x79, 0xBC, 0x72, 0x5B,
    0x5E, 0xD9, 0x3F, 0x69, 0x9F, 0x9E, 0x9F, 0xB2, 0x4C, 0x9E, 0x49, 0xBC, 0x32, 0xF2, 0x1D, 0xD0,
    0xF4, 0xEA, 0x97, 0xFD, 0x57, 0x67, 0x39, 0x5A, 0xCE, 0xFE, 0xB9, 0x25, 0x80, 0x01, 0x8B, 0xFF,
    0x51, 0xB6, 0x9C, 0x6A, 0x15, 0x05, 0x84, 0xC5, 0x81, 0x4C, 0x82, 0xA9, 0x58, 0x9E, 0xC9, 0x12,
    0xDB, 0x79, 0x97, 0x8B, 0xB9, 0xCC, 0xBF, 0x33, 0x97, 0x13, 0x73, 0x75, 0x4F, 0xFF, 0x27, 0x93,
    0x21, 0x3B, 0x73, 0xFF, 0xA5, 0xCE, 0x0C, 0xB5, 0xDB, 0xF6, 0x84, 0xE3, 0xC6, 0x62, 0x1D, 0x80,
    0x3F, 0x6D, 0x3B, 0xCC, 0xEB, 0x38, 0x63, 0xC1, 0x73, 0xD3, 0x4E, 0x46, 0x58, 0x3F, 0x93, 0x7C,
    0xC6, 0x72, 0xAA, 0xD2, 0xB9, 0xB1, 0x7E, 0x5F, 0xC6, 0xB9, 0xC7, 0xC1, 0xA8, 0x4F, 0xB7, 0x89,
    0xE6, 0x35, 0x42, 0x52, 0xD5, 0xD9, 0x78, 0xFA, 0xB8, 0x41, 0x61, 0x85, 0xDA, 0x75, 0x6C, 0xD1,
    0x98, 0x04, 0x23, 0x82, 0x8E, 0xBD, 0xA1, 0x58, 0x2E, 0xB8, 0x62, 0xC6, 0x31, 0x56, 0x13, 0x50,
    0x7D, 0xF4, 0xDE, 0x75, 0xD4, 0x29, 0x00, 0x4E, 0x39, 0xFD, 0xF5, 0xA0, 0xBC, 0x38, 0x09, 0xAE,
    0x24, 0xA1, 0xA8, 0xEE, 0x3D, 0xFD, 0xF1, 0x63, 0xB8, 0x4D, 0xE7, 0x87, 0xF5, 0xEC, 0x8E, 0x7A,
    0x34, 0x13, 0xB0, 0x4C, 0xF0, 0x82, 0xCB, 0xF7, 0xAF, 0xFE, 0x72, 0x3D, 0x97, 0x4E, 0x3A, 0x90,
    0x51, 0xB1, 0x8E, 0x93, 0x01, 0x45, 0xCB, 0x04, 0xCB, 0x41, 0xD0, 0x1F, 0x35, 0x0D, 0x82, 0x7E,
    0x7F, 0xA5, 0xF8, 0x70, 0x3C, 0xF2, 0x87, 0xE2, 0xC1, 0x09, 0xB5, 0xE6, 0x8C, 0xEC, 0x4D, 0xF2,
    0xC9, 0x0C, 0x66, 0x6C, 0xFA, 0x7A, 0x6C, 0x63, 0x35, 0x59, 0x45, 0x57, 0x8D, 0xD6, 0xD5, 0xE3,
    0x36, 0x72, 0x3B, 0x14, 0x08, 0xB1, 0x24, 0x25, 0x16, 0x33, 0x4A, 0x0E, 0x50, 0x2B, 0x4E, 0x4E,
    0x70, 0x8C, 0xCD, 0x85, 0xA3, 0x0E, 0x5E, 0x11, 0x4C, 0x68, 0x38, 0xA3, 0x7D, 0x73, 0x81, 0x8D,
    0x84, 0xED, 0x04, 0x8E, 0xF0, 0xE0, 0xB6, 0xBE, 0x25, 0x20, 0x8F, 0xD4, 0x59, 0xD7, 0xB4, 0xA0,
    0x87, 0x59, 0xB0, 0x99, 0x75, 0x6D, 0xD7, 0xF6, 0xD0, 0x67, 0xC6, 0x77, 0xE2, 0x8A, 0x76, 0x82,
    0x19, 0xBC, 0x0A, 0xAF, 0x53, 0xD0, 0x39, 0xCA, 0x91, 0x4D, 0xAF, 0xAE, 0x2C, 0x7E, 0x3D, 0x8B,
    0x2C, 0x84, 0x18, 0x99, 0x85, 0xCB, 0xAD, 0xA9, 0x3F, 0xB8, 0xAF, 0x4D, 0xF3, 0xF6, 0xA4, 0xE3,
    0xDA, 0x57, 0x47, 0x02, 0x60, 0x95, 0xBC, 0x93, 0x89, 0xF5, 0x14, 0x89, 0x7A, 0x32, 0x43, 0x3B,
    0x6B, 0x51, 0xEE, 0x4D, 0x86, 0x8D, 0x8D, 0x36, 0x6A, 0xE5, 0xBE, 0x99, 0x94, 0x75, 0xDD, 0x1C,
    0xAF, 0x6F, 0x30, 0xDA, 0x1C, 0xFE, 0xF9, 0x12, 0x24, 0x58, 0x44, 0x28, 0x28, 0x4D, 0x5C, 0x04,
    0xB0, 0x71, 0x36, 0xA3, 0x26, 0x72, 0x16, 0x17, 0x60, 0xDE, 0xC8, 0x36, 0x62, 0x7F, 0x1B, 0x3C,
    0x34, 0xED, 0xBB, 0xF7, 0x03, 0x00, 0xB9, 0x35, 0x7B, 0x00, 0x3C, 0x97, 0xBC, 0xEC, 0x1D, 0x8B,
    0x48, 0x5A, 0x60, 0xB3, 0x48, 0x92, 0x66, 0x30, 0x7D, 0x35, 0x63, 0xB5, 0xBC, 0x72, 0xB1, 0x35,
    0xBB, 0x87, 0x94, 0x95, 0x9B, 0xB2, 0x22, 0x2C, 0xA8, 0x48, 0x4D, 0xCE, 0x50, 0x74, 0xCD, 0x71,
    0x79, 0x8A, 0x0A, 0xFC, 0x23, 0x3B, 0x70, 0x44, 0xC1, 0x19, 0xF8, 0x32, 0xDD, 0x7E, 0x59, 0x45,
    0xC5, 0x53, 0xA0, 0x0B, 0x2F, 0x11, 0x81, 0x19, 0xFE, 0x70, 0x7C, 0x6C, 0x05, 0x0D, 0x50, 0x78,
    0xA0, 0xA2, 0x60, 0xC2, 0x36, 0x71, 0xB8, 0x62, 0x98, 0x6B, 0x2E, 0x05, 0x08, 0x2C, 0xF8, 0x72,
    0xDE, 0x71, 0x28, 0x65, 0xBE, 0x67, 0xA6, 0xB5, 0x86, 0xE7, 0x1B, 0x61, 0x0A, 0x4C, 0x9E, 0x1D,
    0xFE, 0x69, 0xDD, 0xC2, 0xBF, 0x88, 0x53, 0x37, 0x60, 0x32, 0xCC, 0xA6, 0x31, 0xC0, 0x77, 0xE0,
    0xDA, 0xB7, 0x9C, 0x51, 0xCC, 0xB5, 0x48, 0xCA, 0xCD, 0x20, 0x0E, 0xF9, 0x28, 0xBD, 0x09, 0x94,
    0x0F, 0x66, 0x9D, 0x72, 0x04, 0x6A, 0x25, 0xF3, 0xC1, 0x24, 0xF4, 0x76, 0x16, 0xFA, 0xF7, 0x59,
    0x3D, 0x21, 0xD0, 0x46, 0xAE, 0xE7, 0x69, 0x5D, 0x4B, 0x1A, 0x2C, 0xD7, 0x2E, 0xD0, 0xEC, 0x1F,
    0x02, 0x53, 0xAE, 0x34, 0x1D, 0x73, 0x86, 0xE2, 0xFA, 0xEE, 0x7A, 0x99, 0xCD, 0x58, 0x4E, 0x6D,
    0x5F, 0x8D, 0xA1, 0xAB, 0xDF, 0x5B, 0x64, 0x61, 0x88, 0x2A, 0x26, 0xC1, 0x80, 0xE6, 0x56, 0x42,
    0xFB, 0xEA, 0x04, 0x7B, 0x33, 0xC3, 0x3E, 0xC7, 0x64, 0x9D, 0xF8, 0x80, 0x30, 0x00, 0xB5, 0xC0,
    0xEC, 0xF7, 0xE4, 0x46, 0xD0, 0x76, 0x08, 0x68, 0x7B, 0xF0, 0x91, 0xD0, 0x61, 0xF9, 0xC2, 0x22,
    0xD3, 0xDA, 0xAC, 0x94, 0x7E, 0xDE, 0x87, 0xFB, 0x47, 0x1F, 0x34, 0x05, 0x77, 0x26, 0xA5, 0xAC,
    0x8E, 0x2C, 0x40, 0xF3, 0x16, 0x21, 0xB3, 0xB1, 0x83, 0x7D, 0xCD, 0x46, 0xE8, 0x21, 0x53, 0xC8,
    0xC8, 0x00, 0xD7, 0x4E, 0x5F, 0x2B, 0xEF, 0x9E, 0x4F, 0xD5, 0x07, 0x8C, 0xF5, 0x1D, 0x8A, 0xEF,
    0x33, 0xCC, 0xBB, 0x23, 0x1A, 0x0E, 0x68, 0x19, 0xD1, 0xDE, 0xD2, 0x5B, 0x64, 0x82, 0x7D, 0x69,
    0x82, 0xF7, 0x19, 0xE1, 0x73, 0xCB, 0x16, 0xCB, 0xA0, 0x99, 0x24, 0xE8, 0x0C, 0xDF, 0x94, 0x2E,
    0x7C, 0x6D, 0x12, 0xBA, 0xA5, 0x8A, 0xEC, 0xC3, 0x8A, 0xA6, 0x43, 0x54, 0x8F, 0x8A, 0x7E, 0xBC,
    0xE0, 0x10, 0xD5, 0xB0, 0x46, 0x55, 0x15, 0x59, 0x55, 0xD4, 0x0C, 0x38, 0xD6, 0x9D, 0x59, 0x90,
    0x71, 0x7A, 0x79, 0x5A, 0x06, 0xFD, 0x9F, 0xC4, 0x72, 0xD9, 0x3F, 0xEB, 0xA1, 0xF3, 0x74, 0x36,
    0x06, 0x55, 0x49, 0xEE, 0x16, 0x5C, 0x58, 0x2A, 0x8D, 0x9B, 0xBA, 0x3D, 0xDB, 0x28, 0xA3, 0x06,
    0x87, 0x72, 0x59, 0x80, 0x92, 0xD3, 0x21, 0x78, 0x32, 0x2A, 0xCC, 0xFB, 0xB3, 0x50, 0xA2, 0xD0,
    0xC0, 0xFD, 0x5B, 0x59, 0x2D, 0xA5, 0x22, 0xB5, 0x5D, 0x55, 0x26, 0x3C, 0x76, 0xD2, 0x9D, 0xE9,
    0x5A, 0x8A, 0x7E, 0x4B, 0x99, 0x10, 0xFE, 0x85, 0x49, 0xE8, 0x62, 0x02, 0x82, 0x8F, 0x00, 0x89,
    0x3D, 0xCD, 0x42, 0x45, 0xF6, 0xDD, 0x21, 0x30, 0xCD, 0xB0, 0xBD, 0x19, 0xAC, 0x46, 0x5D, 0xDF,
    0x41, 0x13, 0x4D, 0x99, 0x01, 0x8B, 0xCC, 0x50, 0xCC, 0xB0, 0x71, 0x7D, 0xCB, 0xB3, 0x13, 0x72,
    0x65, 0x86, 0x77, 0x25, 0x49, 0x54, 0x4A, 0x35, 0xB9, 0xC0, 0xDC, 0xFD, 0xF2, 0x2C, 0xAA, 0x76,
    0x79, 0x23, 0xBD, 0xFA, 0x48, 0xC7, 0x72, 0x92, 0x8E, 0x15, 0x93, 0xED, 0x6A, 0x0E, 0xD6, 0x19,
    0xF6, 0x1F, 0xF1, 0x6E, 0xC7, 0xBB, 0xE3, 0xDA, 0xDC, 0x57, 0xBF, 0x4A, 0x3E, 0x75, 0xAA, 0xF5,
    0xAD, 0xA7, 0xD6, 0xD1, 0x41, 0xD0, 0x37, 0x3F, 0xB9, 0xFC, 0xF3, 0xA7, 0x87, 0xD9, 0x3A, 0xAF,
    0x37, 0xF0, 0xFC, 0x50, 0xCD, 0x43, 0x95, 0x80, 0x3A, 0xA9, 0x0F, 0x5C, 0x9D, 0x60, 0x54, 0x2F,
    0xB8, 0xBA, 0xF1, 0x03, 0xAC, 0x7E, 0x60, 0x75, 0x04, 0xAB, 0x27, 0x58, 0x5D, 0xD9, 0x7C, 0xD9,
    0x9C, 0xD9, 0xBC, 0x59, 0x3D, 0x39, 0xF0, 0xEA, 0xD0, 0xE6, 0x91, 0xBA, 0x34, 0xAA, 0xEE, 0x3A,
    0x09, 0x3B, 0x93, 0x56, 0xDD, 0x27, 0x2A, 0x9C, 0xAA, 0x9D, 0x93, 0x4A, 0x87, 0x6A, 0x47, 0x2D,
    0xE2, 0xA1, 0xEA, 0x95, 0x7A, 0xA8, 0x7E, 0xA8, 0x03, 0x10, 0xFD, 0x42, 0x9D, 0x28, 0x11, 0x1F,
    0x9C, 0xA8, 0xF0, 0x00, 0x02, 0x19, 0x01, 0x1E, 0x59, 0x6A, 0x94, 0xEF, 0x50, 0xA8, 0x4A, 0x55,
    0x1C, 0xA0, 0x8A, 0xB9, 0x7A, 0xBA, 0x00, 0x32, 0x09, 0x17, 0x57, 0xA7, 0x42, 0xA3, 0x93, 0x76,
    0xE4, 0x68, 0x92, 0x24, 0x32, 0x9B, 0x41, 0x54, 0xCC, 0x8D, 0xAC, 0xC8, 0x62, 0x69, 0x63, 0x95,
    0xB0, 0xD8, 0x58, 0x2B, 0x77, 0x46, 0xD9, 0x99, 0xA1, 0x98, 0x8F, 0x7B, 0xBA, 0xA6, 0x1B, 0xAE,
    0x19, 0x85, 0x55, 0xA7, 0x72, 0xB7, 0x7F, 0x27, 0x7C, 0xA8, 0x67, 0xD7, 0x34, 0x44, 0xE3, 0x46,
    0x9A, 0x14, 0x48, 0x56, 0x56, 0x1A, 0x60, 0x86, 0x86, 0x9D, 0x92, 0xD4, 0xC9, 0x96, 0x59, 0x52,
    0xF3, 0xEA, 0x2C, 0xBE, 0x7D, 0x43, 0x26, 0xF3, 0x6E, 0x59, 0x2F, 0x6B, 0x5E, 0xE9, 0xB0, 0x29,
    0xE9, 0x9C, 0x8F, 0x34, 0x13, 0xD0, 0x30, 0x29, 0x45, 0xA1, 0x05, 0x47, 0x43, 0xA5, 0xB3, 0x7B,
    0xA1, 0x82, 0xEA, 0xE8, 0x02, 0xC0, 0x4C, 0xF5, 0x3B, 0x68, 0x92, 0x9D, 0xD1, 0xF6, 0xA4, 0xBE,
    0x53, 0xF4, 0x90, 0x17, 0xB8, 0x56, 0xDF, 0xCB, 0x78, 0xA1, 0xB4, 0xD2, 0x22, 0xF4, 0xDE, 0x0C,
    0xFF, 0xBC, 0x3C, 0x29, 0xF6, 0xCD, 0xED, 0xC5, 0x4B, 0xD4, 0x7C, 0xCE, 0x28, 0x94, 0x80, 0x2A,
    0xE3, 0xF8, 0xF6, 0x6D, 0x4D, 0x49, 0x8F, 0x36, 0x7D, 0x4A, 0x06, 0x24, 0xFC, 0x79, 0xC6, 0xD0,
    0xDC, 0x8A, 0x6C, 0x5F, 0x14, 0x9C, 0x17, 0x5C, 0xEC, 0x42, 0x43, 0xF8, 0xDB, 0x33, 0x2C, 0x97,
    0xAE, 0x26, 0xD7, 0x1D, 0xEF, 0x57, 0xBB, 0x36, 0x9E, 0x56, 0x51, 0xAA, 0x69, 0x2B, 0x3E, 0x75,
    0x04, 0xCA, 0x5E, 0x30, 0x00, 0xCF, 0x08, 0xD8, 0x0B, 0x1C, 0xC4, 0x8E, 0x57, 0xC7, 0xF6, 0x17,
    0x5D, 0x1D, 0x83, 0x73, 0x9E, 0xBD, 0x65, 0x5F, 0xB3, 0xC3, 0x08, 0x7C, 0x07, 0xF8, 0x3A, 0x4E,
    0x65, 0x34, 0xF2, 0x1D, 0x20, 0xE6, 0x29, 0xEE, 0x08, 0x48, 0x76, 0x17, 0x78, 0x01, 0x87, 0xF3,
    0xC5, 0xF1, 0x00, 0xF8, 0x11, 0x87, 0xC0, 0x41, 0xC0, 0x88, 0x46, 0xD0, 0xF2, 0x78, 0xBA, 0x3C,
    0xF4, 0xC7, 0x0C, 0xB5, 0xF5, 0xEF, 0x55, 0x37, 0x50, 0xDE, 0xA1, 0x6C, 0xDD, 0x25, 0x79, 0x9B,
    0xB1, 0x5A, 0x1A, 0x29, 0xEF, 0x75, 0xD6, 0x03, 0x93, 0x49, 0x26, 0x35, 0x51, 0xD0, 0xB7, 0xD1,
    0x0C, 0xFA, 0xB8, 0x36, 0xBD, 0x70, 0xA7, 0xF0, 0xCE, 0xAE, 0xAC, 0xF0, 0x49, 0x17, 0x88, 0x4F,
    0x1E, 0x44, 0x7B, 0x7C, 0x09, 0x0C, 0x13, 0x95, 0x9B, 0x95, 0xDB, 0x95, 0xD7, 0xB7, 0xCE, 0xC9,
    0xBB, 0xB6, 0x97, 0x7E, 0x32, 0x1E, 0xD1, 0x7E, 0x6F, 0x96, 0xEA, 0x31, 0x41, 0xEE, 0x2C, 0x6B,
    0x22, 0x35, 0x12, 0x15, 0x81, 0x72, 0xFE, 0x68, 0xCF, 0x14, 0x97, 0x70, 0xA6, 0xD3, 0xCA, 0xAB,
    0x73, 0xFA, 0x62, 0xC1, 0x87, 0x5F, 0x23, 0xB6, 0xFB, 0xD7, 0x88, 0xCD, 0xFE, 0xB5, 0xA4, 0x99,
    0x1E, 0x3A, 0xD6, 0x1E, 0x93, 0xAC, 0xE8, 0xD6, 0xF1, 0x29, 0x13, 0xED, 0x66, 0x99, 0xB1, 0xD2,
    0xAA, 0x6F, 0xB4, 0xD6, 0xB4, 0xBD, 0xD6, 0xC1, 0x0E, 0x98, 0x09, 0x80, 0xB3, 0x50, 0x98, 0x84,
    0x7C, 0x12, 0xB2, 0x3D, 0x70, 0xCA, 0xFF, 0x00, 0x68, 0x49, 0xC0, 0x2A, 0x9D, 0xE1, 0xC9, 0x3E,
    0xC8, 0x58, 0x0E, 0x74, 0xFA, 0xEA, 0xEE, 0x7A, 0x9D, 0xAA, 0xA9, 0x92, 0x68, 0x56, 0xA9, 0x19,
    0xCA, 0x64, 0x63, 0x39, 0x7A, 0x57, 0x8E, 0x44, 0x79, 0x77, 0xC6, 0xEE, 0x67, 0x79, 0xFD, 0xC3,
    0x42, 0xC1, 0x41, 0x10, 0x01, 0x76, 0x02, 0xE8, 0xCA, 0x5C, 0x11, 0x38, 0x3D, 0x74, 0xB8, 0x15,
    0xB9, 0xD5, 0x04, 0x2B, 0x79, 0x11, 0x27, 0x44, 0xA0, 0x19, 0x7C, 0xB7, 0x55, 0x93, 0x4A, 0xAB,
    0x5F, 0xC9, 0x51, 0x69, 0x00, 0x76, 0x3A, 0x58, 0xC9, 0x6E, 0x5B, 0x0A, 0x68, 0xD9, 0x03, 0xFE,
    0xC5, 0x01, 0xA0, 0x74, 0x2D, 0x67, 0xDD, 0xDB, 0xA6, 0x92, 0x43, 0x93, 0x84, 0x6C, 0x2C, 0xD8,
    0xFF, 0xC2, 0x77, 0xF5, 0x80, 0xC7, 0x61, 0x53, 0xFF, 0x56, 0xA1, 0x15, 0x4E, 0xBB, 0x07, 0x2D,
    0x54, 0x74, 0xB0, 0xFB, 0xF0, 0xB6, 0x23, 0xE0, 0x33, 0x0A, 0x6A, 0xE8, 0x16, 0x95, 0x23, 0xB1,
    0xF3, 0x53, 0xE8, 0xEC, 0x71, 0x23, 0x17, 0xA5, 0x7B, 0xF4, 0x9E, 0x3C, 0x97, 0x02, 0x79, 0x3E,
    0x91, 0x34, 0x83, 0x2C, 0xED, 0xA6, 0x07, 0x65, 0xF6, 0x63, 0x9D, 0xD2, 0x9D, 0xBD, 0x5B, 0x37,
    0x76, 0xA1, 0xA0, 0x9E, 0x6B, 0x7E, 0xB0, 0xE8, 0x48, 0x33, 0x4C, 0x2A, 0x94, 0x76, 0xB3, 0x33,
    0xD4, 0x82, 0x22, 0x14, 0x5B, 0xA1, 0x5F, 0x50, 0x8E, 0x02, 0x8E, 0x17, 0xDB, 0x33, 0x27, 0xFF,
    0x70, 0x3D, 0xF0, 0xFD, 0x1C, 0x78, 0x67, 0x7F, 0x3D, 0xFB, 0xEF, 0xF2, 0xA4, 0x18, 0xCC, 0xD0,
    0x08, 0x6C, 0x6F, 0x86, 0x10, 0x0D, 0x99, 0x6B, 0xBE, 0x3E, 0x95, 0x4B, 0xAD, 0x11, 0x55, 0xA4,
    0xBD, 0x2F, 0xAB, 0x0F, 0x4D, 0xBF, 0x9B, 0x1A, 0x29, 0x24, 0xAD, 0x94, 0x11, 0x1B, 0x2B, 0x2D,
    0x8E, 0xC9, 0x3B, 0x93, 0x02, 0xA4, 0x37, 0x9A, 0x3E, 0x38, 0xBF, 0x3E, 0xBB, 0x56, 0x60, 0x16,
    0xFF, 0xA1, 0x87, 0x90, 0x79, 0x45, 0xC1, 0x8F, 0x58, 0xE3, 0xA2, 0xD5, 0x9D, 0x71, 0x5A, 0x4F,
    0x3C, 0x82, 0x7C, 0x08, 0x16, 0xCB, 0x7A, 0xC2, 0xE4, 0xB9, 0x0C, 0xEA, 0xDA, 0x78, 0x30, 0xE1,
    0xF1, 0xBF, 0x39, 0x74, 0x65, 0x84, 0x61, 0x27, 0x70, 0x80, 0xDD, 0x27, 0x2D, 0x1C, 0x1E, 0x76,
    0x51, 0xA3, 0x6B, 0x79, 0xD5, 0x3A, 0x59, 0xD5, 0xAB, 0x5A, 0xCF, 0x89, 0xD6, 0xF3, 0xA2, 0xF5,
    0x93, 0xA2, 0xF5, 0xEF, 0x8F, 0x5A, 0x1B, 0xD5, 0xFA, 0xAC, 0x68, 0xFD, 0x5A, 0x00, 0x5E, 0x26,
    0x90, 0x8E, 0x9B, 0xCE, 0x7F, 0x01, 0xCD, 0x58, 0x01, 0xC4, 0x26, 0xD7, 0xD5, 0x7E, 0x66, 0xE6,
    0xDF, 0x1D, 0x76, 0x30, 0xC1, 0xFE, 0x7E, 0x12, 0x32, 0xF0, 0x23, 0x0D, 0x31, 0x50, 0x54, 0xE1,
    0x4E, 0xB6, 0x04, 0x16, 0xFB, 0x21, 0x1B, 0x08, 0xB6, 0x80, 0x36, 0xB0, 0x00, 0x55, 0x64, 0x26,
    0x1B, 0x14, 0x41, 0x97, 0x2A, 0x28, 0x2C, 0x52, 0x36, 0x5F, 0x10, 0x08, 0x8A, 0xE4, 0xBB, 0x23,
    0x8B, 0x20, 0xD8, 0x49, 0x23, 0x8A, 0x22, 0x93, 0x26, 0xDB, 0xD6, 0x06, 0x7B, 0x37, 0x3B, 0x6B,
    0x27, 0xBB, 0xF7, 0xCE, 0xE9, 0x73, 0xE6, 0x66, 0xDE, 0x2F, 0x5F, 0x3E, 0xA2, 0xBA, 0xCD, 0xB6,
    0xF7, 0x7D, 0x9F, 0xE7, 0xC2, 0x3B, 0xE7, 0x3C, 0x67, 0xEE, 0xB9, 0xE7, 0xDC, 0xFB, 0x3E, 0xDD,
    0x3C, 0xDD, 0xB4, 0x8D, 0x69, 0x5A, 0xB4, 0xB0, 0xFC, 0xC8, 0x8F, 0x04, 0xCB, 0x8F, 0x17, 0x88,
    0x0D, 0xB0, 0xE2, 0x61, 0x88, 0xE2, 0xB3, 0x19, 0xF8, 0x68, 0x46, 0xF2, 0xFE, 0x84, 0xE4, 0xAC,
    0x03, 0x4A, 0xC2, 0x02, 0x10, 0x62, 0x01, 0x12, 0x45, 0x00, 0x52, 0x0F, 0x64, 0xC1, 0x8E, 0x99,
    0x88, 0xCF, 0x89, 0x22, 0xE4, 0xA1, 0x74, 0x09, 0x91, 0xFA, 0x72, 0x4C, 0x7D, 0x35, 0x64, 0xBE,
    0xEE, 0xB3, 0xD9, 0xF4, 0xF9, 0x64, 0xFA, 0x62, 0x32, 0x5D, 0xE9, 0x8E, 0xD8, 0x09, 0x84, 0x57,
    0x3B, 0x2F, 0x23, 0x7B, 0x20, 0x3D, 0xED, 0x8C, 0xF9, 0x52, 0xB9, 0xC2, 0x97, 0x8E, 0x9F, 0x91,
    0x18, 0xCA, 0xB1, 0x1A, 0xAA, 0xA1, 0xEE, 0xEB, 0xDE, 0xE8, 0xA7, 0xE3, 0x67, 0xA7, 0x1E, 0x71,
    0x9C, 0x94, 0x01, 0xA8, 0x65, 0x02, 0xA8, 0x01, 0x99, 0x9C, 0x09, 0x27, 0x72, 0x9F, 0x04, 0x73,
    0xCE, 0x91, 0xAA, 0x31, 0xF7, 0x46, 0x6E, 0xCA, 0x6C, 0x84, 0xD6, 0x4B, 0x91, 0x05, 0x68, 0x3F,
    0x6E, 0x00, 0xD3, 0x81, 0xD4, 0x6F, 0x54, 0xBB, 0xB4, 0x41, 0x29, 0xD2, 0x21, 0x57, 0x82, 0x5D,
    0x36, 0xF3, 0x17, 0x47, 0xDA, 0xF4, 0x28, 0x65, 0xF9, 0x81, 0x19, 0xEC, 0x3B, 0x6D, 0x23, 0xEF,
    0xD8, 0x74, 0xB1, 0xF4, 0x65, 0x68, 0xF1, 0xA4, 0xBC, 0xBE, 0xC6, 0x01, 0xC1, 0x63, 0x90, 0x9B,
    0x0E, 0x46, 0x1C, 0x4A, 0xB9, 0x0C, 0xE0, 0x7B, 0xD7, 0x17, 0x7F, 0xD3, 0x36, 0x24, 0x4B, 0x40,
    0x94, 0x16, 0x3C, 0xA4, 0xF0, 0x8C, 0x42, 0x73, 0x07, 0x14, 0x44, 0x39, 0x12, 0x54, 0x2F, 0xCB,
    0xFA, 0x9D, 0x51, 0xF7, 0x94, 0xA3, 0x7E, 0x4D, 0xA3, 0x8E, 0xED, 0xEA, 0x74, 0x51, 0x43, 0xA9,
    0xD7, 0x6F, 0xE6, 0x51, 0x2D, 0x68, 0xA5, 0xB1, 0xA2, 0xB2, 0x9E, 0x4F, 0x94, 0xE1, 0x8B, 0x41,
    0xA7, 0x83, 0x8B, 0xBD, 0x4E, 0x46, 0xE2, 0x6B, 0x79, 0x1D, 0xBB, 0x51, 0x77, 0x5C, 0x69, 0x87,
    0xAA, 0x2F, 0x87, 0x7A, 0xA0, 0xD7, 0xAA, 0x6F, 0x3B, 0x0A, 0xA8, 0x7B, 0x01, 0xF5, 0x98, 0x57,
    0xD7, 0x24, 0x31, 0xAF, 0x51, 0x19, 0x42, 0x7B, 0x61, 0x54, 0xD5, 0x22, 0x7D, 0x9C, 0xC8, 0x69,
    0x9C, 0xF2, 0xB0, 0xD8, 0x06, 0xA8, 0x6E, 0x07, 0x6A, 0x84, 0xF9, 0xA3, 0xD7, 0x49, 0x5E, 0x65,
    0x1E, 0x22, 0x95, 0x6C, 0xA6, 0x83, 0xDC, 0x67, 0x13, 0xA7, 0x72, 0xCA, 0x5D, 0x31, 0xC3, 0x8C,
    0x85, 0xA3, 0x60, 0x20, 0x69, 0x4E, 0x90, 0x91, 0x8F, 0x46, 0xA7, 0xEC, 0x6E, 0xC0, 0x6A, 0x74,
    0x8E, 0xAF, 0xF1, 0x70, 0x2D, 0xB3, 0x19, 0x2F, 0x81, 0x19, 0xCD, 0xF0, 0x52, 0xE1, 0xD4, 0x2F,
    0x85, 0x74, 0xA8, 0x87, 0x40, 0x9B, 0x28, 0x3F, 0x0C, 0x75, 0xCF, 0xE9, 0x2F, 0xDE, 0x74, 0x9C,
    0xA2, 0xA4, 0x2A, 0x4E, 0xF5, 0x17, 0x8B, 0x4E, 0xE6, 0x7D, 0x67, 0x39, 0xD9, 0xB3, 0x8E, 0x3A,
    0x9F, 0x58, 0x4A, 0x67, 0xFE, 0x0E, 0xC3, 0xAD, 0x52, 0x7B, 0xB4, 0x63, 0x39, 0x14, 0x1E, 0xDB,
    0xB0, 0x68, 0x3B, 0xC8, 0xFA, 0x72, 0xB3, 0x80, 0x24, 0x14, 0x13, 0x12, 0x5F, 0x8D, 0x48, 0x7D,
    0xDB, 0x23, 0xF3, 0x02, 0x6E, 0x98, 0x40, 0xC5, 0xE2, 0x81, 0x42, 0xA4, 0x53, 0x7F, 0x8C, 0xEB,
    0xEE, 0xC5, 0x09, 0x25, 0x33, 0x0A, 0xBA, 0xF5, 0xA8, 0x34, 0xF5, 0x30, 0x2B, 0x75, 0x4A, 0xCD,
    0x1A, 0x6C, 0x3E, 0x93, 0xCA, 0x89, 0x64, 0x1C, 0x12, 0x91, 0x5E, 0x09, 0xD0, 0xD5, 0x8D, 0x23,
    0xB9, 0x9A, 0x5E, 0xCD, 0x7C, 0x39, 0x65, 0x73, 0x3D, 0xE4, 0x93, 0xED, 0x8A, 0xDB, 0x0B, 0xCA,
    0x7B, 0x9A, 0x48, 0x8E, 0x08, 0x1A, 0x13, 0xEA, 0x8F, 0xE5, 0xEB, 0x0D, 0xC9, 0x8D, 0xD9, 0x70,
    0xB9, 0xA0, 0xB1, 0x1B, 0xA2, 0xED, 0x92, 0x44, 0x9A, 0x4C, 0x16, 0x64, 0xB4, 0x98, 0xCA, 0x80,
    0x38, 0x44, 0x18, 0x82, 0x8A, 0x4C, 0x95, 0xB2, 0x70, 0x81, 0x34, 0x95, 0x23, 0x72, 0x57, 0x0D,
    0xEB, 0x52, 0x53, 0xB8, 0xE9, 0x29, 0xDC, 0x74, 0xB4, 0x45, 0x32, 0x7D, 0xAB, 0x39, 0x66, 0x01,
    0x1B, 0x93, 0x8C, 0x16, 0x43, 0xB2, 0x3C, 0x6F, 0xE7, 0x44, 0xBC, 0xB8, 0x54, 0x26, 0xCB, 0x25,
    0x70, 0x88, 0x19, 0xAA, 0xFE, 0xD5, 0x39, 0x49, 0x88, 0xE4, 0x70, 0xFB, 0x7E, 0x05, 0xE4, 0x54,
    0xB3, 0x4A, 0x47, 0xFD, 0x29, 0xC9, 0x5C, 0xF2, 0x80, 0xCD, 0x48, 0xCC, 0x0A, 0x24, 0x81, 0x19,
    0x9F, 0xFA, 0x9C, 0x7A, 0xE6, 0xC2, 0xA1, 0xD0, 0x04, 0xB1, 0xAE, 0xBC, 0xDF, 0xD8, 0xA1, 0x12,
    0xD8, 0xA6, 0x16, 0x70, 0x04, 0xC4, 0x5A, 0x45, 0xD1, 0x24, 0xFE, 0x2E, 0x6E, 0x0E, 0xAB, 0xCE,
    0x85, 0xAA, 0xB1, 0x50, 0x01, 0xBD, 0x9A, 0x3E, 0x09, 0xF1, 0x75, 0xB7, 0x4D, 0xB6, 0x92, 0x88,
    0x20, 0x57, 0x2A, 0x44, 0x16, 0x2E, 0xD1, 0x0B, 0x01, 0x5A, 0x20, 0xF9, 0x78, 0xB6, 0x5B, 0x27,
    0xCA, 0xD0, 0x22, 0xC9, 0x07, 0x0B, 0x47, 0x2A, 0x37, 0xF3, 0xCC, 0x2D, 0x24, 0xB0, 0xBD, 0xBE,
    0xB4, 0x86, 0xB4, 0x80, 0x34, 0x1D, 0x59, 0xA7, 0x6C, 0xD6, 0x4F, 0x3E, 0xE5, 0x53, 0xE1, 0x0A,
    0x57, 0xDE, 0xBD, 0xE0, 0xCA, 0x58, 0x48, 0x86, 0xEA, 0xC6, 0xC5, 0xFE, 0x68, 0xE1, 0x6C, 0xF9,
    0x39, 0xAC, 0xBF, 0x49, 0x1E, 0xB4, 0x40, 0x10, 0xBA, 0x28, 0x1D, 0x38, 0x8E, 0x05, 0x14, 0x34,
    0xA0, 0x2D, 0x7F, 0xBE, 0x23, 0x20, 0x56, 0xFB, 0x48, 0x5B, 0x40, 0x5F, 0xED, 0x31, 0x20, 0x71,
    0x0C, 0x48, 0x06, 0xD3, 0x94, 0xD2, 0x6F, 0xE5, 0xCA, 0x6E, 0x45, 0x2A, 0x5D, 0x93, 0xD1, 0x1F,
    0x8B, 0x65, 0xFA, 0x27, 0x62, 0x59, 0x18, 0x8B, 0x67, 0x2C, 0x3E, 0xAE, 0x47, 0xE1, 0xA0, 0xB2,
    0x63, 0x0E, 0x76, 0xD5, 0x90, 0xCE, 0x55, 0xCF, 0xEC, 0x5D, 0xDB, 0x4E, 0xAE, 0x1A, 0x5C, 0xDB,
    0x94, 0xCE, 0x52, 0xA1, 0xA5, 0x40, 0xDB, 0xB5, 0xBD, 0x15, 0xE9, 0x0D, 0x51, 0x2E, 0x9A, 0x32,
    0x6D, 0xB3, 0xEB, 0x6F, 0x2D, 0xA5, 0xD9, 0x00, 0x08, 0xF1, 0xCD, 0x36, 0xA7, 0x98, 0xA3, 0xD6,
    0xD8, 0x42, 0x77, 0x0D, 0x14, 0x92, 0x2C, 0xEB, 0x2E, 0x95, 0xB3, 0x7E, 0xAD, 0xF0, 0xED, 0x83,
    0x19, 0x4F, 0xFC, 0x66, 0x06, 0x72, 0xE6, 0x95, 0xE6, 0xFA, 0x8A, 0xF1, 0x58, 0x51, 0x2D, 0xA9,
    0x16, 0x76, 0x80, 0x71, 0x90, 0x01, 0x76, 0x65, 0x19, 0x13, 0x19, 0x53, 0x19, 0xC8, 0x99, 0xF4,
    0xE9, 0x83, 0xB1, 0xB8, 0xD5, 0x67, 0xF7, 0xC6, 0x92, 0x7C, 0xC7, 0xD5, 0x6D, 0x97, 0xDF, 0x71,
    0xC6, 0x34, 0xC5, 0x1D, 0xF7, 0x4E, 0x8B, 0xF2, 0xB3, 0xDB, 0x33, 0x63, 0xFA, 0xE8, 0x8E, 0x3B,
    0x40, 0x79, 0xED, 0xDE, 0xB8, 0xA0, 0x7A, 0x4F, 0xFA, 0x80, 0xFA, 0x92, 0xBC, 0x12, 0xF6, 0xCC,
    0x25, 0x61, 0xAA, 0x98, 0x33, 0x0B, 0xDD, 0x9B, 0xC4, 0xAB, 0x00, 0x8E, 0xAA, 0xC7, 0xB6, 0x10,
    0xB0, 0xD8, 0xF5, 0x0B, 0xAA, 0x8F, 0x23, 0xD9, 0x6F, 0x4E, 0x5D, 0xA5, 0xDA, 0xAE, 0xF6, 0xCA,
    0x66, 0x65, 0x3B, 0x23, 0x97, 0x4E, 0x26, 0x14, 0xB7, 0xDE, 0x7B, 0xE0, 0x50, 0x7E, 0x72, 0xED,
    0x1E, 0xF9, 0xFA, 0x07, 0x7F, 0x1E, 0x51, 0x5D, 0xBF, 0x7E, 0x7D, 0x40, 0x7D, 0xFD, 0xD6, 0x39,
    0xF2, 0x6B, 0x42, 0xF3, 0xE6, 0x6C, 0xA8, 0x6F, 0xC2, 0x14, 0xB3, 0x59, 0xD0, 0x16, 0x8E, 0x16,
    0xB6, 0x9D, 0xA3, 0x4B, 0x15, 0xF7, 0xCE, 0xB6, 0x67, 0xB9, 0x60, 0xFF, 0x72, 0x6F, 0x39, 0x9D,
    0x90, 0xDE, 0xCD, 0x47, 0xA0, 0xD5, 0xB6, 0x62, 0xA4, 0xF9, 0x66, 0x4B, 0xA9, 0xD4, 0x95, 0x99,
    0x49, 0xAD, 0xD2, 0x42, 0x4A, 0x82, 0xD7, 0xDA, 0x4E, 0xCA, 0x1D, 0xA9, 0x1C, 0xBD, 0xFA, 0x27,
    0x99, 0x2E, 0x00, 0xF6, 0xB7, 0x24, 0xCD, 0xE7, 0x54, 0x49, 0x73, 0x5C, 0x85, 0x6A, 0xCA, 0x90,
    0xA8, 0xCC, 0xAA, 0xB0, 0x36, 0xBA, 0xD5, 0x76, 0x76, 0xA0, 0xA1, 0x0A, 0x50, 0xCC, 0xD1, 0xE1,
    0xCB, 0xCF, 0x5D, 0xCE, 0xE4, 0x93, 0xBE, 0x14, 0xE9, 0xAB, 0x49, 0x6B, 0x63, 0xDB, 0xF1, 0xD3,
    0xD8, 0xA6, 0x85, 0xC0, 0x12, 0x0B, 0x24, 0x21, 0xB2, 0xAF, 0x8F, 0x59, 0x0B, 0x83, 0xB9, 0xBB,
    0x55, 0xDC, 0x27, 0x0B, 0x8A, 0x37, 0xB4, 0x48, 0xEA, 0xE8, 0xE3, 0xC4, 0xF7, 0x1E, 0xC6, 0x33,
    0x8F, 0x03, 0x07, 0xA6, 0x21, 0xA2, 0xBB, 0x87, 0x0E, 0x21, 0x89, 0x0D, 0x39, 0x8B, 0x53, 0xC1,
    0xA9, 0xA3, 0xFC, 0x2F, 0xEE, 0x9E, 0xD7, 0x00, 0x3E, 0x70, 0x64, 0xD8, 0x73, 0x3A, 0x25, 0x0B,
    0xB5, 0xE8, 0x86, 0xAA, 0xD6, 0xDE, 0x35, 0xD5, 0x3A, 0x95, 0x6E, 0x9D, 0xCC, 0x8D, 0xF6, 0xE3,
    0x3D, 0xA0, 0x5D, 0x1F, 0x86, 0x88, 0x34, 0x87, 0xBD, 0x7D, 0x86, 0x4E, 0xA5, 0x83, 0x88, 0xD3,
    0xB2, 0xA8, 0x93, 0xE9, 0xE9, 0x56, 0x33, 0xE0, 0xB9, 0x17, 0x3F, 0x07, 0xB5, 0x4B, 0x40, 0x29,
    0x1C, 0xA8, 0x9C, 0x8C, 0x2D, 0x34, 0x02, 0x0B, 0xC6, 0xF0, 0xAC, 0x80, 0x33, 0x3D, 0x70, 0x96,
    0x91, 0x2C, 0xBF, 0xC7, 0x1A, 0x0B, 0x39, 0xD3, 0xF3, 0x8F, 0x95, 0xF5, 0x04, 0xB4, 0xD0, 0x28,
    0x63, 0xBA, 0xB7, 0x6B, 0x5A, 0x38, 0x81, 0xE7, 0x51, 0x75, 0x1E, 0xE5, 0x9F, 0x98, 0xFD, 0xEA,
    0xEA, 0xE7, 0x58, 0x87, 0x95, 0x49, 0x15, 0x28, 0x92, 0xE5, 0x7C, 0x73, 0xA4, 0x4C, 0x50, 0x76,
    0x1E, 0xAB, 0x23, 0x4A, 0xC6, 0x5F, 0xC6, 0x2D, 0x8F, 0x4A, 0x0B, 0x14, 0x61, 0xC4, 0x6F, 0x88,
    0xE9, 0xF4, 0xEE, 0x2E, 0x9D, 0x9A, 0x5D, 0x3A, 0xD5, 0x9F, 0x33, 0xF0, 0xB0, 0xDA, 0xA8, 0xC6,
    0xB6, 0x61, 0x24, 0x58, 0xA3, 0x90, 0x00, 0x46, 0x1C, 0xF5, 0xAB, 0x0C, 0x6A, 0x6F, 0x6F, 0x4E,
    0x30, 0x12, 0xE5, 0xED, 0xC6, 0x45, 0x69, 0xE2, 0x0F, 0x65, 0xC6, 0x7A, 0xAE, 0x48, 0x03, 0x80,
    0x25, 0xE2, 0x7F, 0x75, 0x17, 0x2D, 0xD4, 0x18, 0x4A, 0xF9, 0x22, 0x18, 0xF6, 0x21, 0xD3, 0x73,
    0xBF, 0x76, 0x95, 0xA3, 0x9F, 0xC1, 0x88, 0x74, 0x95, 0x26, 0xCF, 0x66, 0xCF, 0x8E, 0xC8, 0x25,
    0x10, 0x82, 0x93, 0xB0, 0x1D, 0x60, 0x7A, 0x45, 0x62, 0x45, 0x73, 0xA5, 0x33, 0x37, 0x6C, 0x63,
    0x1A, 0x41, 0xAB, 0xDD, 0xEF, 0x77, 0x1A, 0x97, 0xA3, 0x96, 0x06, 0xEB, 0x48, 0x87, 0xB7, 0x91,
    0x7D, 0x39, 0x23, 0x27, 0x92, 0x66, 0xEF, 0xDF, 0xAE, 0xED, 0x99, 0xA2, 0x41, 0x5B, 0x77, 0x44,
    0xC3, 0x3C, 0x7E, 0x78, 0xBD, 0xB4, 0x78, 0x2A, 0x1A, 0x31, 0x8D, 0x4E, 0x07, 0x46, 0x99, 0xA6,
    0xFF, 0x7B, 0xCE, 0xAA, 0x57, 0xFE, 0x10, 0x6B, 0xA9, 0x5F, 0x27, 0xB7, 0x4E, 0xD8, 0xDB, 0xFB,
    0x0F, 0x1C, 0x52, 0x8B, 0x33, 0x1D, 0xAA, 0x0F, 0x46, 0x62, 0xC0, 0x89, 0x78, 0xD2, 0x4F, 0xEC,
    0x82, 0x5C, 0xE2, 0x55, 0x2E, 0xE9, 0x2A, 0xF5, 0x18, 0xA1, 0xE9, 0xFF, 0x26, 0x75, 0xAC, 0xA7,
    0xC0, 0x00, 0xBC, 0x20, 0x5A, 0xF2, 0x76, 0x8B, 0xB3, 0x07, 0xCA, 0x7D, 0x4B, 0x13, 0x9C, 0x5E,
    0xB6, 0xC5, 0x7D, 0xEA, 0xC9, 0xB8, 0x00, 0x81, 0x38, 0x7D, 0x3A, 0xE6, 0x93, 0xBD, 0x4C, 0xD5,
    0x1E, 0x85, 0x2C, 0x48, 0xB6, 0x7B, 0xE4, 0x0B, 0x1E, 0xA9, 0x8C, 0xC8, 0x88, 0xE4, 0xC5, 0x39,
    0xEE, 0x42, 0xE2, 0xC0, 0xCE, 0xB4, 0xE7, 0xD0, 0x6E, 0x67, 0x1B, 0xAD, 0x00, 0x96, 0xD0, 0xC4,
    0x3B, 0xDF, 0xD2, 0x09, 0x03, 0x4C, 0x43, 0x3C, 0x0C, 0x9B, 0x81, 0x08, 0x88, 0x3F, 0x6E, 0xFB,
    0xB8, 0x55, 0x2B, 0xA2, 0xEE, 0xFF, 0x1F, 0xB6, 0x37, 0xB7, 0xA4, 0x31, 0xD4, 0x5D, 0x6F, 0xDA,
    0x5E, 0xDA, 0xBF, 0xBA, 0xB3, 0x85, 0x5A, 0x6B, 0x50, 0x87, 0x64, 0xD1, 0x3A, 0x15, 0x1F, 0x33,
    0x9F, 0xC7, 0xB3, 0xC4, 0xD3, 0x9B, 0x3D, 0x43, 0x1C, 0x9E, 0x91, 0x7F, 0x98, 0xAA, 0xBD, 0x05,
    0x46, 0x78, 0x56, 0xD8, 0xF4, 0x61, 0xFF, 0x0D, 0x12, 0xBD, 0x20, 0xA1, 0xE5, 0x38, 0x0E, 0x60,
    0x46, 0x04, 0x58, 0x52, 0x22, 0x83, 0xF6, 0xF1, 0x3E, 0xF5, 0x85, 0xF4, 0x4C, 0x91, 0x5B, 0x1D,
    0xD3, 0xAD, 0xED, 0x72, 0xC7, 0x5C, 0xCD, 0x9D, 0x6F, 0x51, 0xDC, 0xD1, 0xF3, 0xC0, 0xDF, 0xDC,
    0xC2, 0x16, 0x3D, 0x04, 0x54, 0xD2, 0xA9, 0xE0, 0xC4, 0x33, 0xB0, 0x94, 0x34, 0xEB, 0x29, 0xD3,
    0x65, 0x13, 0xDA, 0x21, 0x77, 0x54, 0xB6, 0xAF, 0xD1, 0x02, 0x96, 0xE0, 0x38, 0x75, 0xE5, 0xD4,
    0xE5, 0x92, 0xEB, 0x5B, 0x0D, 0x55, 0x5F, 0x1D, 0x39, 0x37, 0xC6, 0x53, 0xE3, 0xDA, 0x04, 0x18,
    0xA1, 0xCD, 0x08, 0x09, 0xB4, 0xE9, 0x51, 0x4D, 0x9B, 0xCC, 0xB7, 0x9F, 0xA2, 0x68, 0x7F, 0xA0,
    0xF4, 0xAE, 0xA6, 0xE3, 0xE9, 0xEF, 0x5D, 0xBE, 0xEE, 0xD3, 0x76, 0xED, 0x60, 0xBA, 0xF3, 0x1F,
    0x3E, 0x84, 0x64, 0x7C, 0x7B, 0xED, 0xAB, 0xA4, 0xDB, 0x33, 0x80, 0x66, 0xDB, 0x51, 0xB9, 0x5E,
    0xE6, 0x5B, 0x99, 0x91, 0x88, 0x04, 0x64, 0x4B, 0x2A, 0x28, 0x67, 0x68, 0x8F, 0xD1, 0xCB, 0xC1,
    0x00, 0xAD, 0xCE, 0x4A, 0x1D, 0xD4, 0x0B, 0x6C, 0x63, 0x1B, 0x08, 0xA7, 0x44, 0xD0, 0x36, 0x69,
    0x40, 0xDB, 0xE7, 0x54, 0x3F, 0xD6, 0x13, 0x23, 0x92, 0x31, 0xDE, 0xD6, 0x12, 0x9A, 0xC3, 0x61,
    0x92, 0x87, 0xA3, 0x49, 0x7E, 0x78, 0x73, 0x17, 0xD4, 0x4E, 0xD6, 0x9B, 0x90, 0x3A, 0xB0, 0x58,
    0xEB, 0x16, 0x61, 0x21, 0x20, 0xAB, 0x75, 0xF1, 0xA8, 0xB5, 0x82, 0xC5, 0x24, 0xFA, 0x0E, 0xCD,
    0x13, 0x2C, 0xAA, 0x91, 0x8F, 0xD7, 0x3D, 0xED, 0x98, 0x9B, 0xFB, 0x9A, 0x81, 0x22, 0x4D, 0xAB,
    0x64, 0xCF, 0x9F, 0x57, 0xAB, 0xD8, 0x34, 0x77, 0x19, 0x35, 0x0F, 0xD5, 0x71, 0xCD, 0xC7, 0xF4,
    0x8D, 0x96, 0xFA, 0x4C, 0xD4, 0x47, 0x43, 0xA2, 0xA0, 0xAD, 0x9D, 0xBE, 0x5B, 0xDF, 0xD2, 0x97,
    0x7E, 0x78, 0x05, 0x28, 0x3E, 0x9B, 0x94, 0x1C, 0xB4, 0x29, 0x3C, 0x1A, 0xCD, 0xBF, 0x78, 0x06,
    0xF0, 0x2D, 0xF1, 0xB2, 0xA6, 0xE7, 0xC3, 0xC7, 0x71, 0x2A, 0xEF, 0x60, 0xCE, 0x51, 0x56, 0xD9,
    0xE3, 0x44, 0xCC, 0xBF, 0xC4, 0x52, 0x37, 0xDD, 0xA6, 0x5A, 0xFC, 0x2E, 0xD7, 0x0E, 0x28, 0x26,
    0xAD, 0xC7, 0xB1, 0x26, 0xBF, 0x39, 0x43, 0x44, 0x31, 0x61, 0xFF, 0xAD, 0xAD, 0x28, 0x8E, 0xA0,
    0xD7, 0x9F, 0x26, 0xD2, 0x31, 0xA2, 0x35, 0xF8, 0x5A, 0x86, 0x6D, 0x47, 0xA5, 0x3E, 0xA4, 0xB3,
    0x8F, 0x62, 0x4F, 0x2E, 0x54, 0x39, 0x14, 0xE2, 0xB4, 0xC0, 0x64, 0x9E, 0x5F, 0x0A, 0xCF, 0xC5,
    0x6B, 0xBD, 0xCB, 0x19, 0xB1, 0xFB, 0xA5, 0x0C, 0x2D, 0xAD, 0x04, 0x40, 0x7F, 0xBD, 0x7F, 0x05,
    0x28, 0xC5, 0x91, 0xB6, 0x7A, 0x55, 0xB8, 0x78, 0xC3, 0xB4, 0x4D, 0x36, 0x41, 0x28, 0x88, 0x31,
    0xA5, 0x9E, 0xBA, 0x12, 0x5F, 0x38, 0x20, 0xA8, 0x92, 0x45, 0x6B, 0x93, 0x6D, 0x9B, 0x58, 0x17,
    0x60, 0x3C, 0xA9, 0xA6, 0x7A, 0x9A, 0x47, 0xAC, 0x90, 0xB0, 0x3D, 0x21, 0x20, 0x05, 0x25, 0x47,
    0xC2, 0x31, 0x97, 0xC3, 0x76, 0xA7, 0xC3, 0x3E, 0x7D, 0x24, 0x0B, 0x7D, 0x64, 0x9E, 0x44, 0xE9,
    0x08, 0xAB, 0xB7, 0x52, 0xBD, 0x71, 0x4D, 0x75, 0xF7, 0x92, 0xAC, 0x9E, 0x3E, 0x03, 0xA9, 0xF5,
    0x24, 0x33, 0x29, 0xED, 0x5C, 0xEE, 0x6E, 0x8D, 0xE9, 0x42, 0xB2, 0x7E, 0xF3, 0x6B, 0x1B, 0x12,
    0xD2, 0x57, 0x68, 0xAA, 0xD4, 0x4C, 0x2A, 0x3F, 0x22, 0x25, 0xCF, 0x36, 0x8F, 0x28, 0x5E, 0xFA,
    0x8D, 0x2E, 0xCB, 0x6B, 0xD1, 0xEF, 0x23, 0x0C, 0x3A, 0x0E, 0x4B, 0x5B, 0x89, 0xA6, 0x74, 0x36,
    0x7A, 0xA0, 0xB8, 0xF4, 0x88, 0x56, 0x3A, 0x0E, 0xA1, 0x85, 0x54, 0x9D, 0xE7, 0xE3, 0x0C, 0x94,
    0x67, 0x1E, 0xE5, 0x9A, 0xEB, 0x75, 0xC9, 0x5C, 0xE8, 0xD7, 0xCB, 0xD2, 0xFF, 0xC4, 0xAD, 0x57,
    0x0E, 0xD9, 0x5C, 0x11, 0xF1, 0xCE, 0x5F, 0x38, 0xD3, 0x95, 0x7A, 0xE7, 0x1F, 0xDB, 0xA6, 0x1A,
    0xB4, 0x4A, 0xB7, 0x37, 0xEC, 0x7A, 0xDF, 0xAF, 0x74, 0x7B, 0x1E, 0xA8, 0x19, 0x8B, 0x08, 0xC1,
    0x91, 0x8B, 0xBE, 0x96, 0x89, 0xA0, 0x65, 0x82, 0x78, 0xEC, 0x74, 0xDC, 0xE9, 0xDD, 0xE3, 0xDD,
    0xD7, 0xCD, 0xA4, 0x8B, 0x9F, 0x78, 0x80, 0x34, 0xD7, 0x08, 0x59, 0x50, 0x2F, 0x01, 0xF9, 0xA7,
    0xFE, 0xE8, 0x1F, 0x05, 0x5C, 0x00, 0x58, 0x71, 0x47, 0x2E, 0x09, 0xC7, 0x7F, 0x12, 0xFF, 0x0F,
    0x50, 0x8C, 0xC4, 0x76, 0xE2, 0x88, 0xD7, 0x59, 0x42, 0xE7, 0x28, 0x0F, 0xE1, 0xE8, 0x7F, 0x11,
    0xF1, 0xAE, 0xBE, 0x8F, 0x4C, 0x64, 0x45, 0xFE, 0xD5, 0xF9, 0xA3, 0xB6, 0x88, 0x9D, 0x2D, 0x45,
    0x88, 0xAB, 0xDC, 0x12, 0xAB, 0x0E, 0x2D, 0x4A, 0x13, 0xE1, 0xA8, 0x83, 0x20, 0x5F, 0x1A, 0xC8,
    0xE5, 0xFB, 0x6E, 0xE5, 0x51, 0xED, 0x27, 0xBB, 0x64, 0xB3, 0xAB, 0x52, 0x59, 0xED, 0x2F, 0xCA,
    0xAA, 0xA5, 0x1A, 0x55, 0x0D, 0xDF, 0xBA, 0x57, 0x3F, 0x59, 0xA0, 0xE2, 0x3E, 0xD3, 0xB6, 0xDA,
    0xE5, 0x22, 0x6C, 0xB9, 0xC5, 0x7D, 0xE9, 0x6D, 0x53, 0xBA, 0x7A, 0x14, 0xEA, 0xA9, 0xC8, 0xFA,
    0x57, 0xFE, 0x42, 0x36, 0x1F, 0x06, 0x3E, 0x61, 0xDF, 0xF3, 0x30, 0x22, 0x3F, 0x51, 0x0E, 0x34,
    0xD2, 0x0A, 0x17, 0x10, 0xC0, 0xCF, 0x9E, 0x24, 0x05, 0x43, 0xF2, 0x4A, 0x5B, 0x53, 0x4C, 0x5F,
    0x07, 0xDE, 0xD0, 0x1F, 0x84, 0x7C, 0x8A, 0xB9, 0x9C, 0x7A, 0xCA, 0xC9, 0x7C, 0x29, 0x53, 0x36,
    0x97, 0xB2, 0xE4, 0x53, 0x75, 0x5F, 0x72, 0x57, 0xF7, 0xED, 0x59, 0xBD, 0x2C, 0x9C, 0x23, 0xD9,
    0x72, 0xAC, 0xFF, 0x2A, 0xD5, 0x50, 0x8A, 0xA7, 0x42, 0x19, 0x4D, 0x0F, 0x8E, 0x63, 0x2B, 0x93,
    0x7E, 0xE3, 0xCD, 0xFE, 0x5F, 0xD8, 0xA3, 0x1E, 0x87, 0x96, 0xB8, 0x78, 0xFF, 0xCA, 0xD1, 0xEB,
    0xDB, 0x7D, 0x5D, 0x95, 0x8E, 0xD0, 0xF9, 0x30, 0x79, 0xF4, 0xF9, 0xD6, 0x13, 0xF1, 0x20, 0xB9,
    0x9D, 0x10, 0x3B, 0x88, 0xF4, 0x0A, 0xF5, 0xA1, 0xF6, 0x15, 0xDA, 0x44, 0x8C, 0x8C, 0xC4, 0x70,
    0xB8, 0x62, 0x32, 0x10, 0x3D, 0x2A, 0x62, 0xCD, 0xFD, 0xB6, 0x59, 0x6D, 0x57, 0x0A, 0x4F, 0x8C,
    0x88, 0x83, 0xAF, 0x76, 0x86, 0xE9, 0xF9, 0x4C, 0x1D, 0x2F, 0x1F, 0x6D, 0x47, 0x03, 0x02, 0xE4,
    0x77, 0x54, 0xBE, 0x4C, 0x4A, 0x23, 0x1D, 0xC5, 0xBB, 0x78, 0x87, 0xD5, 0x6C, 0x6C, 0x2A, 0xED,
    0xAF, 0x47, 0x40, 0xF4, 0x8D, 0x85, 0x7C, 0xB9, 0x52, 0xCC, 0x99, 0xB8, 0xCA, 0xAD, 0xEF, 0x24,
    0x91, 0xDD, 0x1F, 0xA8, 0x46, 0xA9, 0x5D, 0x9F, 0x6B, 0x48, 0x0B, 0x48, 0xF3, 0x76, 0x3A, 0xE5,
    0x07, 0x56, 0x77, 0xA4, 0xF9, 0xD5, 0x4C, 0xBA, 0xEE, 0x10, 0x15, 0x97, 0x02, 0xA0, 0x08, 0xA4,
    0xD2, 0xAB, 0xA1, 0x80, 0x58, 0x57, 0x92, 0x85, 0x71, 0x64, 0xDE, 0x08, 0x35, 0x9A, 0x45, 0x7B,
    0x73, 0xFC, 0x17, 0xF5, 0xC8, 0x9F, 0x7F, 0x32, 0x29, 0x39, 0xA5, 0xEE, 0x58, 0x94, 0xD5, 0xB7,
    0xA2, 0xFC, 0x72, 0x8B, 0xF2, 0x4D, 0xE1, 0x52, 0x68, 0x8F, 0x4E, 0x94, 0xF0, 0x96, 0xDC, 0xA4,
    0xDF, 0x5B, 0x6B, 0x94, 0x0E, 0x90, 0x62, 0x8D, 0x72, 0x06, 0xA3, 0xF4, 0x60, 0x94, 0x01, 0x8C,
    0x72, 0xF9, 0x8E, 0x10, 0x2E, 0xC8, 0x65, 0xA4, 0x22, 0x93, 0x92, 0xD3, 0x5B, 0xCC, 0xE5, 0x5D,
    0x08, 0xD0, 0x10, 0x54, 0x80, 0xE9, 0x35, 0x84, 0x11, 0xFF, 0x00, 0xC5, 0xD9, 0x01, 0xA4, 0x25,
    0xE7, 0x77, 0x00, 0xF0, 0xDF, 0xDC, 0xC9, 0x7B, 0x57, 0xF7, 0x62, 0x36, 0xB2, 0x15, 0x4D, 0x25,
    0x03, 0x85, 0x50, 0x7B, 0x01, 0x60, 0xBB, 0x33, 0x69, 0x29, 0x40, 0x96, 0x0A, 0x28, 0x4D, 0x51,
    0x44, 0xD1, 0x85, 0x22, 0xF0, 0xDE, 0x0C, 0x41, 0x51, 0x58, 0xA8, 0x02, 0x2C, 0xB6, 0x54, 0x41,
    0x54, 0x90, 0xB2, 0x2F, 0x33, 0xD5, 0xB2, 0x28, 0x5C, 0x0D, 0x00, 0x7A, 0x43, 0x14, 0x85, 0xCE,
    0xD6, 0xDD, 0xBA, 0x64, 0xE6, 0x7E, 0xCD, 0x31, 0xB2, 0xD7, 0x36, 0xFE, 0xFE, 0x64, 0xEF, 0x7B,
    0x6B, 0xEE, 0x1C, 0x7C, 0xD6, 0xF7, 0x9D, 0xDF, 0x39, 0xEB, 0x7C, 0xF7, 0xBD, 0x47, 0xB9, 0x43,
    0xB5, 0x47, 0x13, 0xE1, 0xB0, 0x27, 0x9B, 0x46, 0xF2, 0x17, 0x23, 0xCB, 0x61, 0xA4, 0xD8, 0x8E,
    0xAC, 0xFB, 0x91, 0xAA, 0x9D, 0xE8, 0xFE, 0x66, 0x22, 0xA5, 0x83, 0x45, 0x84, 0x3C, 0xA5, 0x64,
    0x35, 0xE8, 0x14, 0x5B, 0x9D, 0x75, 0xAF, 0x53, 0xB5, 0x1A, 0x40, 0x56, 0x8B, 0x0D, 0x50, 0x46,
    0x28, 0x36, 0xC8, 0xE0, 0xF2, 0x0F, 0x1F, 0xE5, 0xE9, 0x3F, 0xFA, 0x22, 0xA5, 0xBE, 0xDC, 0xA5,
    0xBE, 0xEA, 0x9B, 0xF6, 0xC7, 0xA7, 0xEE, 0xEA, 0x46, 0xD2, 0x49, 0x0E, 0x52, 0x76, 0x90, 0xF2,
    0x49, 0x97, 0x46, 0xD5, 0x61, 0x54, 0xBE, 0xD8, 0x03, 0x75, 0x24, 0x46, 0x31, 0x88, 0x93, 0xA9,
    0x61, 0xB9, 0x8F, 0x70, 0x40, 0xD6, 0xC0, 0x25, 0xF2, 0x7D, 0x84, 0x0D, 0x70, 0x8D, 0xD4, 0xF3,
    0xC7, 0x14, 0x23, 0x67, 0x57, 0xB8, 0x9A, 0xCF, 0x5D, 0xF6, 0xBC, 0x2E, 0x14, 0xE7, 0x2D, 0xAC,
    0x83, 0x3C, 0x5E, 0xA0, 0x3C, 0xDC, 0xC6, 0x65, 0x09, 0x4F, 0xCE, 0x6B, 0x47, 0x9B, 0x19, 0x37,
    0xEB, 0x66, 0xDE, 0xEC, 0x9B, 0x81, 0xB3, 0x70, 0x26, 0xCE, 0xC6, 0x19, 0x39, 0x2B, 0x67, 0xE6,
    0xEC, 0x9C, 0xA1, 0xB3, 0x74, 0xA6, 0xCE, 0xD6, 0x19, 0x0B, 0x67, 0xF5, 0x9C, 0xD3, 0x6A, 0xFF,
    0x94, 0xF5, 0xF8, 0x80, 0xCB, 0xFB, 0x64, 0xBB, 0x82, 0x97, 0x68, 0xA1, 0x16, 0x6C, 0xE1, 0x16,
    0x70, 0x21, 0x17, 0xF4, 0xB0, 0x0B, 0xBC, 0xD0, 0x0B, 0xBE, 0xF0, 0x8B, 0x02, 0x38, 0x56, 0x80,
    0xF7, 0xA0, 0x68, 0xB1, 0x7C, 0x36, 0xE2, 0xD3, 0xC3, 0xEC, 0x9F, 0xF9, 0xD7, 0xDB, 0xD8, 0xDF,
    0xC4, 0x1A, 0xAB, 0xBF, 0xDE, 0xCB, 0x1E, 0x8E, 0xC1, 0x0C, 0xE5, 0x49, 0x1A, 0x7B, 0x05, 0x0F,
    0xE1, 0x03, 0x56, 0xE3, 0x57, 0x73, 0x6B, 0x5D, 0xAE, 0xF1, 0xF8, 0xD6, 0x75, 0xCB, 0xF0, 0x35,
    0x26, 0xBC, 0x6F, 0xB5, 0xDF, 0x5B, 0x8F, 0x8F, 0x7C, 0x73, 0x5F, 0x36, 0x9C, 0x46, 0x57, 0x53,
    0xFE, 0xE7, 0x86, 0xFB, 0xA9, 0xE7, 0x77, 0x7E, 0x0B, 0xCB, 0x3D, 0xCA, 0x09, 0x97, 0x15, 0x9E,
    0xDC, 0x04, 0x91, 0xF2, 0xDB, 0x5E, 0x95, 0x5A, 0x5F, 0x5E, 0x72, 0xFE, 0x84, 0x32, 0x9A, 0x78,
    0x29, 0xDB, 0x95, 0x27, 0x61, 0x62, 0x75, 0x40, 0x99, 0xD0, 0x94, 0xAD, 0x6C, 0xBF, 0xEA, 0xC1,
    0x1B, 0x1B, 0xAC, 0x50, 0xC4, 0x96, 0x07, 0xA6, 0xCA, 0x62, 0x28, 0x5A, 0xD7, 0x32, 0x70, 0x9D,
    0xC1, 0xEF, 0xE1, 0xF6, 0x8B, 0x9A, 0xCF, 0xFF, 0xA0, 0xE7, 0xFE, 0xC3, 0x9A, 0xF2, 0x60, 0x1E,
    0x89, 0x37, 0x51, 0x87, 0x0B, 0x6E, 0x3F, 0xE7, 0x1F, 0xFF, 0xAA, 0x75, 0xB5, 0xA6, 0x9A, 0x58,
    0x6D, 0xCD, 0xE2, 0xF3, 0x5F, 0x2E, 0x9E, 0xEB, 0xBB, 0xEC, 0xF1, 0xF6, 0x77, 0xA1, 0xFB, 0xA3,
    0x59, 0xC7, 0xFA, 0x06, 0x75, 0x45, 0xCB, 0x3B, 0xFF, 0xCC, 0x97, 0x7F, 0xDB, 0xBA, 0x38, 0xA5,
    0x6E, 0x26, 0xEE, 0xE0, 0xDE, 0xCB, 0x06, 0x7E, 0x71, 0xD3, 0xC4, 0xC5, 0x96, 0xEC, 0x2B, 0xDE,
    0xBE, 0x96, 0x06, 0xAA, 0x29, 0xFF, 0x37, 0x66, 0x50, 0xD7, 0x73, 0xE7, 0x0C, 0x7F, 0xB9, 0x08,
    0xE2, 0x1F, 0xF7, 0xAC, 0x93, 0x79, 0x20, 0xDC, 0xC4, 0x0C, 0xFA, 0xF7, 0xDE, 0xFD, 0xD4, 0xFA,
    0xD3, 0x0F, 0x79, 0xBC, 0x68, 0xFD, 0x53, 0xD9, 0xAA, 0x12, 0xAB, 0xEF, 0x4F, 0x35, 0x83, 0x9E,
    0x2E, 0x7B, 0x9A, 0xAE, 0xA5, 0x4A, 0xE6, 0x8D, 0xDF, 0xF8, 0x0C, 0x8A, 0x41, 0xD8, 0x75, 0xF5,
    0x51, 0x7A, 0x0D, 0x33, 0xA8, 0x4B, 0x3B, 0x29, 0x0D, 0xF1, 0x66, 0x87, 0x4F, 0xEA, 0x6C, 0x62,
    0x11, 0xBA, 0x78, 0x53, 0xAA, 0x97, 0x91, 0x7D, 0x4A, 0x8A, 0x17, 0x9F, 0x28, 0x86, 0x39, 0xD5,
    0x72, 0xC3, 0x7A, 0x43, 0x95, 0xC6, 0x97, 0x2F, 0xB8, 0x83, 0x89, 0xEC, 0x40, 0x36, 0xE2, 0x36,
    0xD6, 0xDF, 0x5B, 0xA4, 0x29, 0xF6, 0x50, 0x6E, 0x9B, 0xBA, 0xEA, 0x1B, 0xCD, 0x47, 0x49, 0x97,
    0x26, 0x29, 0x6D, 0xA5, 0xBF, 0x23, 0xA1, 0x73, 0x5B, 0xF3, 0x5F, 0x3B, 0x55, 0xDA, 0x59, 0xA5,
    0xED, 0x31, 0xDF, 0x1D, 0xAB, 0xDD, 0x9C, 0xB7, 0x1A, 0x62, 0xF3, 0xD4, 0xF3, 0x69, 0x4F, 0xD1,
    0xF3, 0x0D, 0x76, 0x38, 0xA1, 0xE5, 0xD6, 0x4F, 0xDF, 0x45, 0x27, 0x3C, 0x35, 0x27, 0xD1, 0xE3,
    0x35, 0x3D, 0xF9, 0xF6, 0x9E, 0x22, 0x8D, 0xD6, 0xDD, 0xCE, 0xBD, 0xD5, 0xE6, 0xA4, 0x39, 0xDF,
    0xCD, 0x7B, 0x29, 0xF5, 0x8B, 0x1F, 0x52, 0xBD, 0xE8, 0xAF, 0x5E, 0x3F, 0x57, 0xB2, 0xC7, 0x58,
    0x6E, 0x49, 0x1F, 0xB7, 0xF2, 0xF4, 0xAF, 0x14, 0xFF, 0xB2, 0xE1, 0xC3, 0x58, 0x7F, 0x99, 0x7A,
    0xE4, 0x3D, 0x87, 0xC8, 0x5E, 0x36, 0x99, 0xF3, 0x0F, 0xC0, 0x2C, 0x10, 0x04, 0xAB, 0x08, 0x81,
    0x08, 0xC5, 0xCC, 0x08, 0xC7, 0x0C, 0x99, 0x05, 0xC7, 0x80, 0x33, 0xA8, 0x28, 0x76, 0x4F, 0xA9,
    0xC6, 0x07, 0x5C, 0x5D, 0xB0, 0xD8, 0x96, 0xBC, 0xB4, 0x05, 0x6E, 0xDE, 0x59, 0xF0, 0x84, 0x2F,
    0x80, 0x42, 0x28, 0x88, 0xC2, 0x48, 0x32, 0x2B, 0x05, 0x53, 0x38, 0x1D, 0xA1, 0x16, 0x8F, 0xC8,
    0x07, 0x0C, 0xA9, 0xF6, 0x6E, 0xEA, 0x83, 0x19, 0xCA, 0x53, 0xB6, 0xE7, 0xCE, 0xAC, 0x51, 0x7C,
    0xBC, 0x93, 0x35, 0x63, 0x68, 0x02, 0x73, 0x8A, 0x36, 0x95, 0x35, 0x7E, 0xBB, 0x47, 0xDE, 0xCB,
    0xD2, 0x9F, 0x30, 0xF7, 0xEA, 0xD9, 0x8D, 0xF5, 0xEA, 0x09, 0xD9, 0x88, 0x7B, 0x8A, 0xDD, 0x4E,
    0x35, 0xB6, 0xA6, 0xD0, 0x7D, 0x70, 0x0A, 0x1D, 0xF9, 0xF4, 0xB9, 0x55, 0x37, 0xF8, 0x8D, 0xF3,
    0x96, 0x8E, 0x3C, 0xB5, 0x8A, 0x7F, 0x3B, 0x79, 0x87, 0xC0, 0xFA, 0x8B, 0x56, 0x97, 0x6A, 0xC3,
    0xD5, 0x3C, 0x04, 0xD6, 0x7B, 0xAE, 0x9E, 0x5A, 0x6C, 0xEF, 0x9E, 0xC6, 0x92, 0xA5, 0xD6, 0x32,
    0xF5, 0xCA, 0x67, 0x83, 0xFB, 0xD9, 0x8E, 0xEB, 0x1F, 0xC0, 0xC7, 0x2F, 0xB3, 0x13, 0x53, 0x25,
    0xDF, 0x16, 0x2D, 0xA7, 0x1F, 0xCC, 0xB1, 0xB0, 0x9A, 0xB8, 0xE4, 0x42, 0xBE, 0x97, 0xF7, 0x90,
    0x0E, 0xE2, 0xB3, 0xB7, 0xEE, 0x55, 0xBD, 0xAA, 0x55, 0xD5, 0x9A, 0x5A, 0x47, 0xE2, 0x20, 0x9B,
    0x02, 0xBB, 0x18, 0x83, 0x5B, 0x1E, 0x34, 0xA9, 0x8E, 0xF2, 0xFF, 0x03, 0xA9, 0x8F, 0x01, 0x5F,
    0xF4, 0x1A, 0xBE, 0x86, 0xEC, 0xEF, 0xE5, 0x63, 0x6C, 0x1C, 0xE7, 0x0C, 0x8A, 0xF9, 0xB3, 0x8D,
    0x5A, 0xBC, 0xBA, 0xF7, 0x2F, 0x3D, 0x94, 0xAC, 0x16, 0x1B, 0xC6, 0x9E, 0x32, 0xA0, 0x6C, 0xC5,
    0x0E, 0xBD, 0xF7, 0xC0, 0x9F, 0xBF, 0xB2, 0x43, 0x3E, 0xFE, 0x2C, 0xA5, 0xAD, 0x62, 0x23, 0xDA,
    0xC3, 0x19, 0x71, 0x6C, 0xAB, 0xE1, 0x2D, 0x80, 0x65, 0x7A, 0x44, 0x93, 0xF6, 0xB2, 0x94, 0x26,
    0xF9, 0x61, 0x91, 0x14, 0x7B, 0x49, 0x39, 0xE8, 0xEA, 0xF5, 0x46, 0xF4, 0x21, 0x42, 0xAB, 0xA9,
    0x23, 0xE3, 0xBA, 0xAB, 0x25, 0x5D, 0x9D, 0x25, 0x4D, 0xBD, 0x98, 0x34, 0xFD, 0x72, 0x54, 0x6D,
    0xD7, 0x3B, 0x65, 0x4A, 0xDB, 0x68, 0x5E, 0x2B, 0x4B, 0x7B, 0x60, 0x3E, 0x27, 0xA4, 0x74, 0x11,
    0x9A, 0x97, 0x6B, 0x0F, 0xB7, 0xF2, 0x34, 0x2A, 0x52, 0xB2, 0x1E, 0x52, 0x4C, 0xCA, 0x3A, 0x4E,
    0xE9, 0x54, 0x75, 0xEC, 0x9C, 0x74, 0x92, 0xA4, 0x8B, 0x23, 0xE2, 0x82, 0x4A, 0x83, 0x55, 0x6A,
    0x81, 0x07, 0xE4, 0xD1, 0xEC, 0xFD, 0xB1, 0xD9, 0x54, 0x2D, 0x9A, 0x01, 0xEF, 0x46, 0xC8, 0x23,
    0xAC, 0x7B, 0xDC, 0xBF, 0x19, 0xEA, 0xF1, 0x8E, 0x1E, 0x31, 0x1E, 0xEF, 0xE8, 0xD7, 0xD5, 0xE2,
    0x33, 0x64, 0x7B, 0x9A, 0x6F, 0x37, 0xA4, 0xE7, 0xE4, 0xCF, 0x77, 0xDC, 0xAA, 0x3F, 0xBB, 0x19,
    0xD9, 0xAF, 0xBF, 0xFC, 0x02, 0x28, 0x84, 0x82, 0x28, 0x8C, 0x02, 0x39, 0x1F, 0x1A, 0x4C, 0x71,
    0x94, 0x80, 0x0A, 0xA9, 0xA0, 0x0A, 0xAB, 0xC0, 0x3A, 0x6A, 0x3D, 0x81, 0x3D, 0xDC, 0x6B, 0x36,
    0x9C, 0xA5, 0xE1, 0x86, 0xBD, 0xBF, 0xE2, 0x6A, 0x3C, 0x45, 0x27, 0x97, 0x1B, 0x9C, 0x0F, 0x30,
    0xD0, 0x3C, 0x8B, 0x63, 0xBF, 0x63, 0xF9, 0x5D, 0xF0, 0xEA, 0x3F, 0xBB, 0x11, 0x9E, 0xE3, 0xFD,
    0xF8, 0xBB, 0xC7, 0xFB, 0xF1, 0x64, 0xC4, 0xB7, 0x70, 0xF8, 0x0B, 0xF2, 0xFF, 0x1E, 0x59, 0x7C,
    0xF4, 0x18, 0xEB, 0x16, 0x69, 0x4B, 0xFE, 0x3F, 0xC3, 0x8D, 0x3A, 0xE3, 0xFE, 0xEC, 0x63, 0x9C,
    0x1A, 0x2E, 0x38, 0xFF, 0xE9, 0xFE, 0xBC, 0x8A, 0xFB, 0xF3, 0x14, 0x56, 0x68, 0xB6, 0x64, 0x69,
    0x60, 0xF9, 0x7C, 0xA4, 0x6C, 0x2F, 0xDE, 0xF0, 0x60, 0xFD, 0xF9, 0xED, 0x5A, 0xBB, 0x96, 0x81,
    0x0B, 0xF3, 0x1A, 0xC5, 0x16, 0xAA, 0x1A, 0xAE, 0x00, 0x55, 0x1F, 0x35, 0x68, 0xEA, 0x28, 0x42,
    0x92, 0xA5, 0x9F, 0xCA, 0x30, 0x88, 0x3A, 0xB4, 0xCA, 0x21, 0xF2, 0x5F, 0x6F, 0x22, 0x56, 0xBD,
    0x88, 0x6D, 0xC4, 0x28, 0x86, 0x88, 0x49, 0xC4, 0x83, 0xB9, 0x1E, 0x9A, 0x76, 0x39, 0x9A, 0x2B,
    0x32, 0x97, 0x24, 0x6A, 0x52, 0xFB, 0xFF, 0x1D, 0x87, 0x58, 0x5E, 0x4C, 0xCC, 0xD9, 0x16, 0xED,
    0x7B, 0x2D, 0xD6, 0xBD, 0x87, 0xDB, 0xAA, 0xCD, 0xD3, 0x94, 0x14, 0x29, 0x88, 0x43, 0xDA, 0xFC,
    0xE2, 0x29, 0x05, 0x2C, 0x46, 0x30, 0xCD, 0x60, 0x50, 0xD6, 0x6F, 0x9A, 0x5F, 0xCD, 0x5A, 0xAC,
    0x36, 0x58, 0x6C, 0xAF, 0x83, 0xBF, 0x6E, 0xA1, 0x1A, 0xE0, 0x9D, 0x88, 0xF2, 0x88, 0xF3, 0xB9,
    0xEE, 0x7A, 0x83, 0x45, 0x88, 0x8B, 0x58, 0x31, 0xE2, 0x2C, 0x82, 0x08, 0xCB, 0x1D, 0x56, 0xFD,
    0x35, 0x54, 0x62, 0xB1, 0xFB, 0x40, 0x2C, 0x5C, 0xA1, 0xE8, 0xF6, 0x78, 0xFF, 0x7C, 0xFB, 0x06,
    0xF5, 0x77, 0x7F, 0x7F, 0x43, 0x4A, 0xBD, 0xEC, 0x87, 0x54, 0x5B, 0xF4, 0x17, 0xA7, 0x36, 0xBF,
    0x41, 0xDB, 0x19, 0x68, 0x6A, 0xE8, 0x22, 0x6A, 0x70, 0x1C, 0x7C, 0xD7, 0x40, 0x7D, 0xF0, 0xEA,
    0x8F, 0xA4, 0x7B, 0xA8, 0xE7, 0xB5, 0xA6, 0xCE, 0x47, 0x5D, 0xAC, 0x25, 0xCB, 0x9D, 0x64, 0x35,
    0x38, 0x28, 0x86, 0x6C, 0x52, 0x6C, 0x17, 0xA3, 0x72, 0x9B, 0x8F, 0xD6, 0x9B, 0x7C, 0x6F, 0xDD,
    0x2F, 0xF7, 0xAA, 0x7E, 0xB9, 0x53, 0xB5, 0xAB, 0x41, 0xD3, 0x16, 0x11, 0xCA, 0xAD, 0x6A, 0xD3,
    0xF4, 0xAA, 0x94, 0x5A, 0xC5, 0xFC, 0x97, 0xBA, 0x1D, 0xC0, 0x1D, 0x98, 0x90, 0x1D, 0x22, 0x8C,
    0x70, 0x5B, 0xFC, 0xE7, 0xBE, 0xF5, 0xA8, 0xD8, 0x16, 0x9B, 0x72, 0x53, 0xF6, 0x65, 0xBF, 0xFE,
    0xF1, 0xA9, 0xE2, 0x69, 0xAB, 0x36, 0xE6, 0x79, 0xA7, 0x09, 0x55, 0x76, 0xD0, 0xE5, 0x07, 0x5D,
    0x9A, 0x54, 0xD3, 0xA8, 0xDC, 0x8D, 0xAF, 0xFE, 0xBA, 0x6D, 0x27, 0x72, 0xA5, 0x3E, 0x5E, 0x22,
    0x1B, 0x2C, 0xB7, 0x11, 0x36, 0xA8, 0x5A, 0xDC, 0x83, 0x1B, 0xA0, 0x9E, 0x3F, 0x61, 0x35, 0x71,
    0xF6, 0x0D, 0x2E, 0xC5, 0x29, 0xF2, 0x0D, 0xAF, 0xAB, 0x05, 0xAC, 0x76, 0x50, 0x6E, 0x8E, 0x37,
    0xD4, 0x53, 0x40, 0x31, 0x04, 0xED, 0xE3, 0x6D, 0xBE, 0xD7, 0xAD, 0xFB, 0x88, 0xA9, 0x0E, 0xDD,
    0x14, 0xBC, 0xF4, 0x68, 0xF6, 0xCD, 0x40, 0xE5, 0x26, 0x9F, 0xE3, 0x9E, 0xF8, 0xB7, 0x66, 0xE4,
    0xAC, 0xD4, 0xD4, 0xC5, 0x40, 0x38, 0x63, 0xBD, 0xE9, 0x85, 0xB4, 0xA6, 0x48, 0x93, 0xB0, 0x6E,
    0x01, 0xFC, 0x1F, 0xC5, 0xD4, 0x21, 0x88, 0xDD, 0x30, 0x1C, 0x06, 0xF0, 0xAF, 0xED, 0x6E, 0x85,
    0xAB, 0xC8, 0x18, 0xF3, 0xF5, 0xE2, 0x16, 0x0F, 0x0F, 0x1A, 0xE6, 0x61, 0xF3, 0x66, 0xDE, 0xEB,
    0x2D, 0xF5, 0xEA, 0x60, 0x1E, 0x26, 0x26, 0xC6, 0x79, 0x31, 0x71, 0xBB, 0x84, 0x79, 0x11, 0x98,
    0x67, 0xF5, 0xE6, 0x45, 0x54, 0x74, 0x5C, 0xDA, 0xEC, 0xFB, 0x13, 0x8E, 0x3D, 0x4F, 0xDF, 0xBD,
    0x40, 0x7E, 0x84, 0x97, 0x24, 0xED, 0x97, 0xBC, 0x14, 0xA5, 0x38, 0x03, 0x54, 0x2B, 0x80, 0x66,
    0x26, 0x9D, 0xAF, 0xBE, 0x03, 0xA8, 0xD3, 0xF5, 0xD7, 0xEB, 0x2F, 0x8B, 0x9A, 0xD4, 0x31, 0xF6,
    0xA1, 0xCF, 0xBE, 0xF7, 0xFA, 0x2F, 0xB4, 0x1F, 0x3C, 0x06, 0x3F, 0x8C, 0x18, 0x46, 0x6B, 0x60,
    0x8D, 0x03, 0x2C, 0x32, 0xE0, 0xAA, 0x8D, 0x34, 0x42, 0xE6, 0x52, 0x76, 0x4D, 0x40, 0x3F, 0x93,
    0xD3, 0xD2, 0x24, 0x11, 0xAB, 0x80, 0xCF, 0x02, 0x7A, 0x94, 0xA2, 0x62, 0x9D, 0x60, 0xDF, 0x4F,
    0xCD, 0x02, 0xA7, 0xBD, 0x98, 0x4D, 0x3B, 0x83, 0x6B, 0x75, 0x11, 0xF9, 0x96, 0xFD, 0xF2, 0x86,
    0x6A, 0xAA, 0x65, 0xDD, 0xD0, 0x14, 0x17, 0x40, 0x7B, 0x71, 0xF0, 0xED, 0x4C, 0x47, 0x8E, 0x85,
    0x35, 0x4A, 0x1C, 0xFB, 0x49, 0x7E, 0xB7, 0x9E, 0xE6, 0x6C, 0x38, 0x37, 0xAF, 0x12, 0x2B, 0x4F,
    0x38, 0x2D, 0x32, 0x86, 0xA8, 0x40, 0xDA, 0x48, 0xAA, 0x78, 0x8E, 0xF8, 0xD6, 0x88, 0x2E, 0x88,
    0xED, 0x04, 0x51, 0xDA, 0x5C, 0x46, 0x3C, 0x5C, 0x72, 0x13, 0x5E, 0x7E, 0x23, 0xDD, 0x4A, 0xAE,
    0x1E, 0x9E, 0xCE, 0x85, 0xCB, 0x91, 0x70, 0x86, 0x9D, 0xA8, 0xE7, 0x1B, 0xAA, 0xF2, 0x3D, 0xED,
    0xDD, 0x42, 0x6F, 0xDA, 0x70, 0xC1, 0xF4, 0xFA, 0x5D, 0x00, 0xF2, 0xA3, 0x47, 0xF5, 0x98, 0x47,
    0xD4, 0xE1, 0xD3, 0xFE, 0x99, 0x2F, 0x96, 0xED, 0x8D, 0x80, 0x4D, 0xA8, 0xF2, 0xC9, 0xCD, 0x7B,
    0x85, 0x52, 0xCE, 0x10, 0xF5, 0xC3, 0xD3, 0x9F, 0xA7, 0x15, 0x9A, 0x99, 0xC0, 0x9C, 0x5E, 0x02,
    0xAE, 0x08, 0xE5, 0xD9, 0x55, 0x0E, 0xDD, 0x31, 0xB9, 0x35, 0x3A, 0xF0, 0x29, 0x7C, 0x62, 0x86,
    0xFE, 0xB5, 0xA2, 0xFF, 0xBD, 0x40, 0xFD, 0x89, 0x4C, 0x14, 0xD0, 0xE5, 0x11, 0x6D, 0xE6, 0xF0,
    0x95, 0x35, 0x95, 0xB5, 0x65, 0x2F, 0x64, 0x27, 0x94, 0xD4, 0xA9, 0xD4, 0x52, 0xA4, 0x17, 0x55,
    0x22, 0xF8, 0x29, 0xBC, 0xFD, 0x1F, 0xF4, 0x8E, 0x41, 0xAB, 0x8D, 0x9D, 0x4D, 0x22, 0xF2, 0x76,
    0x6B, 0x17, 0x89, 0x4C, 0xDE, 0xB4, 0x07, 0x1E, 0x06, 0x43, 0x9C, 0x5C, 0x80, 0x95, 0xD8, 0x44,
    0x86, 0x59, 0x88, 0x42, 0x10, 0x46, 0x22, 0x23, 0xEA, 0x4D, 0x1A, 0x49, 0x88, 0x82, 0xD9, 0x39,
    0xC9, 0x55, 0xF9, 0x2C, 0x95, 0x6A, 0x80, 0x17, 0x7B, 0x67, 0xB8, 0x92, 0x0C, 0x6C, 0xBA, 0x64,
    0x49, 0xE4, 0x34, 0x67, 0xE4, 0x21, 0x3A, 0x94, 0x09, 0xAF, 0x17, 0xB9, 0xA9, 0xE5, 0xB3, 0xD8,
    0x63, 0xE7, 0x93, 0xBA, 0x13, 0xB2, 0x27, 0x1F, 0x03, 0xE9, 0x3C, 0xB1, 0x86, 0xDC, 0x3F, 0xDF,
    0x71, 0x71, 0x5A, 0x3B, 0x56, 0xF9, 0x68, 0x9A, 0x63, 0x46, 0x33, 0xFE, 0xD8, 0x37, 0x62, 0x3B,
    0x1D, 0xD8, 0xDA, 0x12, 0xA0, 0x1D, 0xFB, 0x0F, 0xDD, 0xED, 0xF3, 0x05, 0xFB, 0x07, 0xAD, 0x97,
    0x01, 0xA4, 0x25, 0xD7, 0xFD, 0xC7, 0x3F, 0x33, 0xF3, 0x5E, 0x26, 0xFF, 0x1D, 0xF6, 0x2C, 0xDE,
    0xFE, 0xD9, 0x34, 0xD9, 0x09, 0xE0, 0x65, 0xCB, 0xCE, 0x22, 0x25, 0xC8, 0xBE, 0x73, 0xDA, 0xB4,
    0x0A, 0x34, 0x8B, 0x7D, 0x54, 0x21, 0x10, 0xA4, 0x29, 0x02, 0xB0, 0x21, 0xFB, 0xCE, 0xC9, 0x2E,
    0x8A, 0x20, 0x0B, 0x05, 0xD0, 0x4B, 0x83, 0xD8, 0x22, 0x50, 0x2C, 0xF6, 0xED, 0x9C, 0x64, 0x11,
    0x14, 0xA6, 0x0D, 0x4A, 0x95, 0x4C, 0xA5, 0x94, 0x04, 0x39, 0x62, 0x62, 0x67, 0x75, 0xE6, 0x9E,
    0xFE, 0x66, 0xEE, 0x7D, 0xB9, 0xD9, 0x27, 0xDD, 0x5D, 0xE4, 0xFB, 0x3B, 0xBF, 0x73, 0xEE, 0xB9,
    0xDF, 0xEF, 0x6F, 0xBE, 0xBF, 0x3B, 0x38, 0x33, 0x17, 0x32, 0x43, 0x53, 0x87, 0x45, 0xF3, 0x07,
    0x16, 0x0F, 0x0D, 0x80, 0x9C, 0xA7, 0xD1, 0xFD, 0xD3, 0xBB, 0xF9, 0x2E, 0x0F, 0x0F, 0xB6, 0x2F,
    0xEB, 0xD1, 0x0E, 0x76, 0x38, 0x5A, 0x01, 0xAA, 0x18, 0xBD, 0x96, 0x3C, 0x77, 0xF3, 0xA6, 0x03,
    0x74, 0x1C, 0x6D, 0x1C, 0x5E, 0xBF, 0xF9, 0x3E, 0x30, 0x6F, 0x05, 0xF2, 0x8D, 0x40, 0xBE, 0x14,
    0xFC, 0xCF, 0xEF, 0x6F, 0x67, 0xCD, 0xF7, 0x32, 0x5E, 0x4B, 0x6F, 0x9C, 0xDE, 0xBF, 0x2C, 0x6D,
    0x6C, 0xEF, 0x5F, 0x06, 0x6C, 0xEC, 0x5F, 0xBF, 0xF9, 0x5E, 0x1A, 0xB2, 0xA0, 0x9A, 0xD2, 0x6B,
    0x67, 0xCD, 0x69, 0xF2, 0xA0, 0x64, 0x57, 0x39, 0xCD, 0x01, 0x3B, 0x64, 0xBD, 0xEC, 0x5B, 0xE5,
    0xA7, 0x3D, 0xE8, 0x75, 0x54, 0x12, 0xDB, 0xA4, 0x61, 0x2F, 0x0B, 0x83, 0xFA, 0xCB, 0x50, 0xDE,
    0xED, 0xF4, 0x6F, 0x83, 0x7D, 0xB9, 0x3D, 0xBD, 0x6D, 0xF2, 0xB0, 0x54, 0xFF, 0x1C, 0xD4, 0x47,
    0x7D, 0x75, 0x3D, 0xE8, 0xA2, 0x3D, 0x50, 0x7E, 0x67, 0x9B, 0xAC, 0xAF, 0x11, 0x02, 0x61, 0x10,
    0x0A, 0xE1, 0xD0, 0x79, 0x03, 0x80, 0x55, 0x8D, 0x0C, 0x2D, 0xA3, 0x68, 0xAA, 0xBC, 0x2D, 0x5F,
    0x6A, 0xB7, 0x13, 0x83, 0x96, 0x01, 0x7B, 0x70, 0x11, 0xDE, 0x42, 0xC7, 0xDE, 0xC6, 0xEE, 0xD7,
    0xF7, 0x17, 0x04, 0x92, 0x20, 0xC6, 0x64, 0x2D, 0x79, 0x4B, 0xD1, 0xA0, 0xFC, 0x34, 0x4A, 0x4F,
    0xE5, 0xD0, 0x0E, 0xB1, 0x92, 0x0C, 0xEB, 0x6C, 0x48, 0xFF, 0xF8, 0xB9, 0xCB, 0x62, 0xF4, 0x79,
    0x8C, 0x0E, 0xE5, 0xA0, 0x94, 0xAC, 0xA6, 0x64, 0xCE, 0x2A, 0x8E, 0xE8, 0x38, 0x70, 0xEE, 0xF0,
    0x7D, 0xB8, 0x0D, 0x0C, 0x90, 0x48, 0xA6, 0x3D, 0x14, 0x5D, 0x35, 0xE8, 0xA5, 0x95, 0xD0, 0x63,
    0x35, 0x3C, 0xB1, 0x78, 0x92, 0x93, 0x62, 0x54, 0x05, 0x3D, 0xE8, 0xD1, 0xB6, 0x77, 0x58, 0x00,
    0x85, 0xD3, 0x8D, 0x84, 0xDF, 0xE2, 0x3C, 0x57, 0xEB, 0xB7, 0x63, 0xBC, 0x16, 0xEB, 0x64, 0xDC,
    0xE1, 0xD4, 0x79, 0x6E, 0xA5, 0x6D, 0x7D, 0x6D, 0x54, 0x21, 0x5E, 0x97, 0xA9, 0x4E, 0x07, 0xD5,
    0xEE, 0x70, 0x29, 0x99, 0x2A, 0xBC, 0x84, 0xDB, 0x02, 0xEA, 0x6E, 0xC1, 0xA3, 0x02, 0xC0, 0xF6,
    0xEC, 0x3E, 0x32, 0x80, 0x18, 0x8E, 0xE2, 0x04, 0x0F, 0x0B, 0x80, 0xD8, 0x7A, 0xA6, 0x78, 0x1C,
    0x6D, 0x1D, 0xB8, 0x30, 0xC5, 0xA3, 0xB4, 0x1B, 0xA4, 0x4B, 0xB2, 0x16, 0x50, 0xD1, 0x29, 0x0F,
    0x94, 0x5F, 0xFA, 0x0A, 0x40, 0x2B, 0x7F, 0x15, 0xC0, 0x2A, 0xDF, 0x03, 0x1C, 0xA8, 0xBB, 0x01,
    0xE0, 0xB0, 0x7C, 0xA7, 0x99, 0x57, 0xFD, 0xCA, 0x3B, 0x6D, 0xDA, 0x63, 0x6B, 0x6D, 0x07, 0x15,
    0xD1, 0xE3, 0xB0, 0x1C, 0x75, 0x6D, 0xCA, 0xAF, 0xBE, 0x1E, 0x0E, 0x6D, 0xE9, 0xC8, 0x3F, 0xEB,
    0x0E, 0x0F, 0x65, 0x95, 0xBA, 0xC3, 0xA1, 0x32, 0xE8, 0x2C, 0x0C, 0x83, 0x86, 0xC3, 0xD5, 0x9A,
    0xF4, 0xD9, 0xBD, 0x6E, 0x1C, 0xC9, 0x42, 0x1A, 0x43, 0x3D, 0xA0, 0x3C, 0xD1, 0xE9, 0x96, 0xE3,
    0xD8, 0x74, 0xB8, 0xE9, 0x71, 0xD3, 0xE5, 0xA6, 0xCF, 0x4D, 0xA7, 0x9B, 0x5E, 0x37, 0xDD, 0x6E,
    0xFA, 0xBD, 0x73, 0xD4, 0x71, 0x16, 0xFD, 0xBA, 0xE7, 0x97, 0x63, 0xB3, 0xEE, 0xFA, 0xF7, 0x1F,
    0xB7, 0xEB, 0xBE, 0x3F, 0xF8, 0x79, 0xBB, 0xEE, 0xDC, 0x16, 0xCD, 0xBA, 0x77, 0xAD, 0x9A, 0x75,
    0xF7, 0x62, 0xBA, 0xEE, 0x5F, 0x5B, 0xB7, 0xFE, 0x05, 0x55, 0x3C, 0xFA, 0x0D, 0x45, 0x0F, 0x1B,
    0x8C, 0xA2, 0x0C, 0x45, 0xA3, 0x9C, 0x66, 0x17, 0xC6, 0xA9, 0xB2, 0x32, 0x59, 0xB0, 0x14, 0xCD,
    0x80, 0x7A, 0xBB, 0x43, 0x67, 0x2D, 0xBB, 0x4F, 0xB8, 0x89, 0xFB, 0xB0, 0x17, 0xF2, 0xA5, 0x20,
    0x6C, 0xD1, 0x0A, 0xAD, 0xBC, 0xF0, 0xD5, 0x24, 0xB8, 0x3A, 0x29, 0x5E, 0xA3, 0x32, 0xA5, 0x57,
    0x4D, 0xD6, 0xA6, 0x81, 0x8E, 0x57, 0x45, 0x49, 0xF9, 0x51, 0x8F, 0x6A, 0x06, 0x26, 0x49, 0x1A,
    0x34, 0x74, 0x25, 0xBC, 0x7A, 0xC2, 0x08, 0x67, 0x27, 0x52, 0x1B, 0x61, 0x4B, 0x2F, 0x74, 0xE1,
    0x85, 0xCF, 0x5A, 0x11, 0x48, 0xB5, 0x28, 0x16, 0x00, 0xCF, 0x43, 0x4F, 0x22, 0xE5, 0xFF, 0xA0,
    0x78, 0x86, 0xB3, 0x27, 0x79, 0xF1, 0x24, 0x7F, 0x52, 0x70, 0x0A, 0x2E, 0x42, 0x24, 0x1B, 0x50,
    0x1D, 0x55, 0x8B, 0xF6, 0x54, 0x1E, 0xD5, 0x52, 0x04, 0xF2, 0x40, 0x6A, 0xC0, 0x14, 0x5E, 0xB5,
    0x45, 0xC8, 0xFA, 0x6C, 0xC8, 0x06, 0x15, 0xAA, 0xA6, 0x36, 0x07, 0x3C, 0x09, 0x6C, 0x01, 0x29,
    0x9A, 0x67, 0x51, 0xDE, 0x9A, 0xDB, 0xA8, 0xA0, 0x53, 0xB1, 0x18, 0xB6, 0xA4, 0x96, 0x48, 0xE5,
    0x41, 0xFB, 0x1A, 0x50, 0x5F, 0x0D, 0xF0, 0x54, 0x16, 0xC3, 0x73, 0x68, 0x17, 0xBD, 0x95, 0xB9,
    0x96, 0x8A, 0x2A, 0x8D, 0x61, 0x0F, 0x8A, 0x7B, 0x03, 0x88, 0x7A, 0x09, 0xD4, 0x42, 0x91, 0x0E,
    0xAB, 0x06, 0xAA, 0xAC, 0x9F, 0xAF, 0x3C, 0x90, 0x61, 0xCD, 0xF3, 0xC0, 0x19, 0x20, 0x59, 0xE6,
    0x7D, 0xBA, 0x2C, 0xBA, 0x74, 0x54, 0x21, 0x1B, 0xE6, 0x6C, 0xB3, 0xBE, 0x6C, 0xF2, 0xAE, 0xF4,
    0x52, 0x23, 0xA9, 0x9D, 0x6A, 0xA7, 0xFB, 0xA1, 0xA7, 0x6A, 0x8E, 0x50, 0x71, 0x0B, 0x7B, 0x6D,
    0xA4, 0xBE, 0x3E, 0x62, 0xC5, 0x62, 0x8B, 0x4B, 0x00, 0x45, 0x34, 0x75, 0x6C, 0x6D, 0x0C, 0xFA,
    0xDF, 0x5D, 0xF1, 0x49, 0x50, 0x1F, 0x07, 0xF5, 0x69, 0xAB, 0xA2, 0x53, 0x4B, 0xCA, 0x40, 0xE5,
    0xA9, 0x0C, 0x2B, 0x9C, 0x87, 0xDA, 0x10, 0x0D, 0x35, 0xEC, 0xC0, 0xE9, 0xFD, 0x7D, 0x1D, 0x97,
    0x36, 0x8E, 0xAC, 0x70, 0x01, 0xFC, 0x0B, 0x64, 0xEE, 0x2C, 0x67, 0x29, 0x3E, 0xEF, 0x49, 0xEA,
    0x1B, 0xF0, 0xC6, 0x0D, 0xB2, 0x38, 0xA0, 0xCC, 0x59, 0x5E, 0x20, 0x37, 0x0B, 0x52, 0xC7, 0x37,
    0xC8, 0x3C, 0x28, 0x10, 0x3D, 0xBC, 0x08, 0x74, 0x90, 0xB4, 0xAB, 0xAF, 0x0B, 0x03, 0x25, 0xA0,
    0x81, 0x1A, 0xB8, 0x67, 0xC8, 0xEE, 0x1A, 0xF2, 0xEB, 0x0E, 0x25, 0xFC, 0xC5, 0xD4, 0xC3, 0x06,
    0x79, 0xFB, 0xC0, 0xFA, 0x64, 0xBE, 0x62, 0xD5, 0x3B, 0xAB, 0xB5, 0x8A, 0xBF, 0x33, 0x00, 0x4F,
    0xC4, 0xE8, 0x01, 0xD0, 0xAB, 0x35, 0x89, 0x1F, 0x9A, 0xB9, 0xEC, 0x5E, 0xBB, 0xD2, 0x7F, 0x16,
    0x66, 0xD9, 0x4F, 0x3E, 0xEA, 0xCF, 0x00, 0x45, 0x93, 0x34, 0xA5, 0x93, 0xD5, 0x43, 0x65, 0x38,
    0xAB, 0x1C, 0x17, 0x2B, 0xD0, 0x5F, 0x1A, 0xEA, 0x3B, 0xAB, 0x27, 0xA9, 0x8D, 0x11, 0xEA, 0xE8,
    0x93, 0x69, 0x8D, 0x7F, 0x77, 0x59, 0xFC, 0x15, 0xF9, 0x7F, 0x3C, 0x4A, 0x34, 0xEA, 0x93, 0x16,
    0xFD, 0xAE, 0x27, 0xBF, 0x1B, 0x50, 0x45, 0x03, 0x69, 0x0B, 0x79, 0xC3, 0x06, 0x7A, 0xD4, 0xAB,
    0xA7, 0x72, 0x69, 0x80, 0x03, 0x80, 0x01, 0x48, 0x03, 0x6B, 0xA1, 0x72, 0x80, 0x06, 0xB8, 0x0D,
    0x24, 0x1D, 0xAC, 0xCF, 0x30, 0x0F, 0x54, 0x0F, 0x14, 0x65, 0x61, 0xEE, 0x18, 0x28, 0xBF, 0x29,
    0xA2, 0xEA, 0xD1, 0x3D, 0xF6, 0x3D, 0xEE, 0xC0, 0x21, 0x0C, 0xD3, 0x48, 0x06, 0xD2, 0x9E, 0xEC,
    0x3E, 0x59, 0x74, 0x32, 0xF2, 0xAF, 0x29, 0x5A, 0x54, 0xB3, 0x79, 0x66, 0x55, 0x06, 0xFD, 0xFE,
    0x5C, 0xD7, 0xB1, 0x5E, 0x7E, 0x13, 0xC8, 0x02, 0x79, 0xD8, 0x48, 0x95, 0x4F, 0xDE, 0x70, 0x79,
    0x94, 0x61, 0x12, 0x0B, 0x32, 0x0E, 0x1E, 0xB0, 0xF8, 0xE1, 0x5C, 0x57, 0x07, 0x56, 0x48, 0x63,
    0x53, 0x44, 0x53, 0xC5, 0xBE, 0x8E, 0x6D, 0x19, 0x07, 0x1B, 0xC3, 0xC9, 0x74, 0x7C, 0xA1, 0xE8,
    0x26, 0x69, 0xDE, 0x91, 0x0E, 0x14, 0x81, 0xA2, 0xA7, 0x6A, 0xB1, 0x6D, 0x12, 0x5D, 0x12, 0x4D,
    0x3E, 0x92, 0x0D, 0xA8, 0xD9, 0xB6, 0xF4, 0x93, 0x73, 0xE5, 0xF8, 0x36, 0x0A, 0xC7, 0x79, 0xD0,
    0x9E, 0xF8, 0xCD, 0xEC, 0x58, 0xC2, 0x16, 0x9C, 0x62, 0x63, 0xDB, 0x89, 0xAB, 0x0A, 0x62, 0xAA,
    0x26, 0x4F, 0xD5, 0x8A, 0x65, 0xD9, 0x88, 0x63, 0xE5, 0xC5, 0x50, 0x26, 0xDB, 0xEA, 0xC9, 0x4E,
    0x1B, 0x71, 0xD3, 0x93, 0x99, 0x9D, 0xBC, 0xEE, 0x3C, 0x68, 0x74, 0x0B, 0xED, 0x85, 0x5F, 0x4D,
    0x2E, 0xEB, 0xD9, 0x02, 0xC3, 0x8C, 0x64, 0x29, 0x2E, 0xE9, 0xB2, 0x8C, 0xBD, 0x5C, 0x3D, 0x0E,
    0xD9, 0x70, 0x32, 0x19, 0x45, 0xC5, 0x28, 0xAA, 0x74, 0xC8, 0x3B, 0x71, 0x29, 0x02, 0x3A, 0xC8,
    0x14, 0x9D, 0x6A, 0xB3, 0x11, 0xD5, 0x88, 0x8B, 0xF2, 0xE2, 0xB2, 0x41, 0x35, 0xB9, 0x58, 0x57,
    0x35, 0xD4, 0x4E, 0x37, 0x58, 0x2A, 0xCF, 0x16, 0xDB, 0x20, 0x6F, 0x5B, 0xC6, 0xC6, 0xE8, 0xA6,
    0x04, 0x0B, 0x8C, 0x90, 0x0C, 0x90, 0x75, 0x50, 0xB4, 0x50, 0x7A, 0xD0, 0x0E, 0xEA, 0x15, 0x95,
    0x0E, 0x90, 0x07, 0xB0, 0xB1, 0x97, 0x8C, 0xBC, 0x59, 0x47, 0x77, 0xC5, 0x46, 0x2F, 0xD9, 0x1C,
    0x4B, 0xBF, 0x4E, 0x73, 0xC5, 0x8E, 0x5C, 0x79, 0xF3, 0x12, 0x57, 0xAE, 0xF0, 0xC8, 0x04, 0x48,
    0xE4, 0xDD, 0x51, 0xC5, 0xE8, 0xAB, 0xF8, 0x85, 0xD7, 0xF1, 0xAE, 0xB7, 0x92, 0xF5, 0xB1, 0xB4,
    0x92, 0x3A, 0xFE, 0xCD, 0x97, 0xA2, 0x4B, 0xE7, 0xF7, 0xCD, 0xF7, 0xD0, 0x31, 0xB2, 0x57, 0x47,
    0xFF, 0xA2, 0x8E, 0x8D, 0x64, 0xFB, 0x1D, 0xD9, 0x5C, 0x94, 0x9E, 0x44, 0x67, 0x74, 0xEC, 0x99,
    0xA1, 0x9C, 0xA4, 0xE7, 0x94, 0x32, 0xEC, 0x95, 0x60, 0xE3, 0x3E, 0x3F, 0x10, 0x1E, 0xC9, 0x2C,
    0xFE, 0x0C, 0xF5, 0xA5, 0xA7, 0xFA, 0x73, 0x43, 0x9E, 0x07, 0xC8, 0x1C, 0x49, 0x97, 0x0D, 0xF9,
    0x90, 0x75, 0x18, 0xD8, 0x40, 0x9B, 0xCD, 0x6B, 0x22, 0xCC, 0xC7, 0x12, 0x59, 0x1C, 0x98, 0x0F,
    0xA6, 0xF9, 0x64, 0x62, 0x3E, 0x9A, 0xBE, 0x67, 0x5C, 0x00, 0xCF, 0x74, 0x26, 0x72, 0x56, 0x62,
    0x3E, 0x15, 0xE7, 0x63, 0x71, 0x8D, 0xAB, 0xC0, 0x01, 0xB8, 0xDB, 0x24, 0xFD, 0x6D, 0xD2, 0x78,
    0xFF, 0x97, 0xD8, 0x38, 0x90, 0x4B, 0x96, 0xC3, 0x0E, 0x56, 0xB8, 0x51, 0xC3, 0x6E, 0x65, 0xE0,
    0x99, 0x07, 0xEE, 0xC6, 0x8E, 0xAC, 0x7A, 0x75, 0x37, 0xCC, 0xF1, 0xBB, 0x51, 0x4E, 0x77, 0x23,
    0x0B, 0x90, 0xCD, 0x46, 0x36, 0xED, 0xE2, 0x4B, 0x21, 0xE6, 0xCD, 0x9E, 0x12, 0xCE, 0x51, 0x81,
    0x86, 0x43, 0x18, 0xC4, 0x15, 0xD1, 0xC9, 0x28, 0x1A, 0x26, 0xF2, 0x5A, 0xAB, 0x8B, 0xEE, 0xA0,
    0xE8, 0x0E, 0xF3, 0x00, 0x86, 0x9B, 0x06, 0x76, 0x8A, 0x18, 0x6F, 0xF0, 0x96, 0x8E, 0x31, 0x7E,
    0xD1, 0x1F, 0xFC, 0xF8, 0x83, 0x18, 0xC3, 0x2D, 0x78, 0x23, 0x3A, 0x56, 0xD8, 0xBE, 0x04, 0xF5,
    0x40, 0xF6, 0xAF, 0x92, 0x93, 0x64, 0x7E, 0x17, 0xFC, 0xB3, 0xE0, 0x50, 0x90, 0xA8, 0x9F, 0xA2,
    0xDE, 0x7D, 0x45, 0x7A, 0xAA, 0xE7, 0x7B, 0xFD, 0xFF, 0xF1, 0xFE, 0xA5, 0x3A, 0xC6, 0xD6, 0x4A,
    0x26, 0xB1, 0x27, 0x8F, 0x4B, 0xD4, 0xA7, 0xD6, 0xE4, 0xEA, 0x17, 0xA0, 0x0C, 0x6C, 0x03, 0x9C,
    0x22, 0x19, 0x49, 0x97, 0x24, 0x4B, 0x78, 0x15, 0x1E, 0x78, 0xF4, 0xD4, 0x0E, 0xCD, 0xB7, 0x71,
    0xF9, 0x48, 0x3C, 0x4E, 0xE2, 0x51, 0xBF, 0xFC, 0x49, 0x97, 0xF4, 0x07, 0xE5, 0xC7, 0x21, 0x0B,
    0x83, 0x56, 0xBE, 0xF8, 0x6B, 0x77, 0x58, 0x19, 0x75, 0xBD, 0xED, 0xF7, 0xD0, 0xEA, 0x6E, 0x18,
    0xD8, 0x3D, 0x91, 0xBA, 0xC5, 0xEC, 0xC2, 0x5C, 0x24, 0xC5, 0x47, 0x9F, 0x36, 0x6E, 0xDF, 0x76,
    0x4D, 0x3B, 0xF1, 0xCD, 0x06, 0x99, 0xF2, 0x41, 0x4F, 0x5B, 0x8E, 0xE3, 0xF2, 0x77, 0x5F, 0x6A,
    0x0B, 0x30, 0x16, 0xB2, 0xBE, 0x76, 0xF3, 0x05, 0x64, 0x3A, 0x03, 0xC9, 0x82, 0xE3, 0x98, 0x8F,
    0xF6, 0xE5, 0xD1, 0xC4, 0xC0, 0x71, 0x9C, 0x06, 0x2E, 0x59, 0xB3, 0xBA, 0x54, 0x3E, 0xCC, 0x9F,
    0xCE, 0x00, 0x37, 0xB6, 0xB0, 0xD4, 0xAE, 0x36, 0xE7, 0xF8, 0x2E, 0x9C, 0xA1, 0x36, 0xB5, 0xB3,
    0x66, 0x07, 0x12, 0x03, 0xAA, 0x95, 0x0C, 0xAB, 0x4C, 0xDD, 0x71, 0x83, 0xCB, 0xD6, 0x24, 0x63,
    0xED, 0xD2, 0xE5, 0xB4, 0x9E, 0x39, 0x7E, 0x33, 0x52, 0xB7, 0xA9, 0x55, 0xED, 0xEA, 0x7A, 0x3C,
    0x07, 0xA0, 0x21, 0x6D, 0x75, 0xDA, 0x16, 0x9D, 0x2E, 0xBA, 0x79, 0xCA, 0x83, 0xCE, 0x03, 0xE8,
    0x35, 0x7B, 0x7A, 0xDF, 0xEE, 0xEF, 0xDB, 0x28, 0x98, 0xA7, 0x79, 0xBB, 0x61, 0x33, 0x11, 0x4F,
    0xB5, 0xAA, 0x9B, 0xA7, 0x79, 0xBB, 0x66, 0xF7, 0xA0, 0xC2, 0x3A, 0xEB, 0xB4, 0x61, 0xC6, 0x16,
    0xDA, 0x58, 0x6F, 0xDD, 0x79, 0x56, 0x78, 0x4A, 0xD8, 0xE9, 0xF7, 0x6D, 0xB3, 0x8D, 0x76, 0xD6,
    0x6B, 0xFF, 0x7F, 0x9B, 0x4F, 0xA2, 0x3E, 0xFE, 0xE9, 0x04, 0x50, 0xB7, 0x27, 0x98, 0xE2, 0xB1,
    0xFE, 0x8E, 0x04, 0x7F, 0x61, 0x8A, 0xC7, 0xD1, 0xD6, 0xAD, 0xF6, 0xA5, 0x51, 0xB2, 0x7B, 0xB4,
    0x76, 0x1B, 0x45, 0xE5, 0xB4, 0xAF, 0xDB, 0x47, 0x6B, 0x15, 0x3F, 0xF2, 0x8B, 0xC5, 0x39, 0xF7,
    0x38, 0xD7, 0xBD, 0xC3, 0xE3, 0xFE, 0xB6, 0xFF, 0x02, 0x45, 0x94, 0x01, 0x64, 0x2C, 0x47, 0x18,
    0xC7, 0x7F, 0xBB, 0xEB, 0xDE, 0xBE, 0xBE, 0xA5, 0xF3, 0x70, 0x81, 0x94, 0x0E, 0x28, 0x1A, 0x9A,
    0x05, 0x68, 0xB9, 0xDC, 0x0C, 0x0F, 0x50, 0x24, 0xC8, 0x2B, 0x40, 0xA1, 0x28, 0xF0, 0x00, 0x8A,
    0xDC, 0xED, 0x68, 0x50, 0x80, 0x00, 0x00, 0x29, 0x94, 0x0A, 0x04, 0x8A, 0xE0, 0x2E, 0x3B, 0x15,
    0x14, 0xD0, 0x01, 0x0A, 0xC8, 0xD0, 0x47, 0x01, 0xEF, 0xD4, 0xE1, 0xEA, 0xDD, 0xDD, 0x74, 0x3E,
    0xDB, 0x8A, 0xF9, 0xDB, 0xCC, 0xCC, 0xCE, 0xE4, 0xBE, 0xEF, 0xFF, 0xFB, 0xDF, 0xF1, 0x92, 0x2A,
    0xA1, 0x92, 0x6B, 0xAF, 0xBD, 0x51, 0x7E, 0xAE, 0xFC, 0x52, 0xFB, 0x65, 0xEB, 0x96, 0x86, 0x6E,
    0x8F, 0xD9, 0xD2, 0x44, 0x0A, 0x57, 0xC5, 0xC2, 0x15, 0xB6, 0xF1, 0xCA, 0x29, 0xAB, 0xD0, 0xB4,
    0x4C, 0x39, 0x01, 0x40, 0x05, 0x8C, 0x27, 0xF9, 0x32, 0xF9, 0xE6, 0xD1, 0x69, 0x6D, 0xA7, 0x9D,
    0xED, 0x53, 0xE8, 0x93, 0x67, 0x0E, 0xDF, 0x02, 0x54, 0x29, 0x56, 0x29, 0xD4, 0x1E, 0x75, 0x85,
    0x4A, 0xBC, 0xE8, 0x1D, 0x2A, 0x2F, 0xDC, 0x27, 0x9D, 0x35, 0x7B, 0x3E, 0x7A, 0x0B, 0x23, 0xF2,
    0x75, 0xA9, 0xC1, 0x32, 0x7D, 0xC9, 0x7C, 0x4F, 0xDF, 0xB3, 0xD0, 0x36, 0x6B, 0xDE, 0x61, 0x76,
    0x52, 0x03, 0xA0, 0x53, 0x6C, 0x53, 0x40, 0x7B, 0x0C, 0xCC, 0x61, 0x4B, 0xB5, 0xA2, 0x8E, 0x28,
    0x8F, 0xB1, 0x7C, 0x0A, 0x8C, 0x29, 0x92, 0xAF, 0xDF, 0xC7, 0xE6, 0x21, 0xD6, 0x7F, 0x85, 0x2A,
    0xD9, 0x3A, 0xD9, 0xA1, 0xAF, 0xAC, 0x36, 0x2F, 0xFF, 0x81, 0x33, 0x9A, 0x3D, 0x79, 0x6E, 0x94,
    0x3B, 0x51, 0x7E, 0xAA, 0xBD, 0x49, 0xAE, 0xB9, 0xB5, 0x18, 0xBE, 0xDA, 0xD1, 0xAF, 0x99, 0x5B,
    0x70, 0x14, 0x41, 0x64, 0x92, 0x68, 0x98, 0xE3, 0x38, 0xBA, 0x91, 0xE5, 0xEB, 0xF3, 0xB4, 0x7B,
    0x7D, 0x3E, 0x3C, 0xA1, 0x0C, 0xB5, 0x53, 0x7C, 0xC6, 0x84, 0xEF, 0xF8, 0x85, 0x15, 0x32, 0xD6,
    0x79, 0xF6, 0x39, 0x63, 0xE4, 0x6D, 0x11, 0x65, 0x6B, 0x18, 0x45, 0x2C, 0x43, 0xE5, 0x1B, 0xA7,
    0x98, 0x70, 0x46, 0x31, 0xA2, 0xE9, 0xBC, 0xFA, 0x23, 0xA8, 0x4B, 0xAF, 0x6B, 0xDF, 0x36, 0x7E,
    0x2A, 0x25, 0xD9, 0x89, 0xE2, 0x09, 0xCA, 0xE3, 0x7F, 0xC5, 0xCF, 0xB3, 0xB4, 0xBB, 0x37, 0xB6,
    0x4B, 0x0C, 0x50, 0x00, 0x3A, 0xCA, 0x84, 0x4E, 0xB4, 0xF7, 0x3C, 0x5F, 0xC2, 0x56, 0x54, 0x6C,
    0x44, 0xE5, 0x9A, 0xF2, 0x47, 0x06, 0x63, 0xEB, 0xB4, 0x2A, 0x5F, 0xAD, 0xC4, 0xAC, 0x26, 0x88,
    0x53, 0x3B, 0xEA, 0x15, 0x6D, 0xCA, 0x8D, 0xFB, 0xA3, 0x1B, 0xCB, 0x98, 0x2A, 0xF9, 0xCC, 0xA8,
    0xA8, 0x22, 0x75, 0x28, 0x92, 0x2D, 0xF7, 0xA0, 0x85, 0xD1, 0x17, 0x6F, 0x9C, 0x49, 0x02, 0x08,
    0x40, 0xE5, 0x3B, 0x91, 0x3E, 0x88, 0xC3, 0x8F, 0x5E, 0x9D, 0x3A, 0x23, 0x6F, 0x63, 0x97, 0x02,
    0x06, 0x71, 0x1F, 0x1A, 0x81, 0xE8, 0x94, 0x45, 0x43, 0xBB, 0xE3, 0xB0, 0x07, 0x23, 0xFA, 0xE9,
    0x9E, 0xB4, 0xE5, 0xCD, 0x15, 0x8C, 0x04, 0x50, 0x3E, 0xA6, 0x1D, 0x66, 0x2C, 0x66, 0x76, 0xB7,
    0x6E, 0xA6, 0x44, 0xD3, 0x8E, 0x76, 0x4F, 0xFD, 0xF6, 0x09, 0xB4, 0x70, 0x6D, 0xED, 0x00, 0xBA,
    0x5C, 0x4B, 0xCD, 0xC3, 0xC6, 0x11, 0xE2, 0x4F, 0x9D, 0x50, 0xEF, 0xBC, 0x3E, 0xF5, 0xFA, 0xDA,
    0x65, 0xA0, 0x7A, 0xC7, 0xBC, 0x63, 0xDB, 0xDA, 0xAD, 0xE4, 0x56, 0x6A, 0x96, 0x33, 0x79, 0x3F,
    0x39, 0x93, 0x29, 0x37, 0xDE, 0x08, 0x68, 0x89, 0xE8, 0x13, 0x68, 0x47, 0x69, 0x2B, 0x57, 0xB9,
    0xB4, 0xEB, 0x77, 0xF2, 0xB7, 0xB4, 0x37, 0x3F, 0xA7, 0xDD, 0xC1, 0x79, 0xBF, 0x3F, 0x38, 0x1F,
    0x9E, 0x50, 0xC4, 0xDA, 0x2B, 0x3E, 0x66, 0x32, 0x00, 0x96, 0xC1, 0x5D, 0x9E, 0x4D, 0x04, 0x2F,
    0x45, 0x18, 0x78, 0xCB, 0x18, 0x00, 0x57, 0x7E, 0x88, 0xC3, 0x98, 0xEA, 0x4F, 0xAF, 0xB2, 0xC7,
    0xD2, 0x9C, 0xBD, 0x50, 0x2C, 0x5A, 0x66, 0xF7, 0x92, 0xE5, 0x0F, 0xC6, 0x94, 0xBB, 0x5C, 0x3B,
    0x53, 0x65, 0x67, 0x1D, 0xFD, 0x86, 0x05, 0xCC, 0x9E, 0x0B, 0xD5, 0x67, 0x57, 0x94, 0x1B, 0xE1,
    0x39, 0x95, 0x2B, 0x76, 0x91, 0xA5, 0x99, 0xCD, 0x31, 0x1B, 0x9E, 0x9D, 0x51, 0xC6, 0xBB, 0xF2,
    0xEF, 0x15, 0xEF, 0x3D, 0xBD, 0xE5, 0x5E, 0xC8, 0xD7, 0xBF, 0x3B, 0xFD, 0xA5, 0x3F, 0x28, 0x6C,
    0xB3, 0x11, 0xF3, 0x68, 0x29, 0x6E, 0xC5, 0xD4, 0xC5, 0x94, 0xCD, 0x42, 0x5A, 0x3C, 0xB4, 0x94,
    0x19, 0x7C, 0xA4, 0x0A, 0xD4, 0x8F, 0xAE, 0x4E, 0xA1, 0x79, 0x88, 0xEA, 0x32, 0xA8, 0x4A, 0x12,
    0x77, 0x2C, 0x89, 0x73, 0xE3, 0x11, 0x4F, 0x67, 0x7E, 0x5D, 0x35, 0xBF, 0x05, 0x75, 0x8D, 0xDA,
    0x8A, 0xF4, 0x92, 0xE3, 0x96, 0x1C, 0xC9, 0xF1, 0xC8, 0x96, 0xAB, 0x2A, 0x56, 0xA1, 0xF6, 0xB5,
    0x6F, 0x9E, 0x7E, 0x03, 0xA4, 0xCD, 0xAF, 0x7F, 0x88, 0x4D, 0x7A, 0xB7, 0x6E, 0x1E, 0x56, 0x6B,
    0x75, 0x19, 0xD7, 0xAA, 0xF2, 0x2B, 0x9D, 0xFF, 0x4F, 0xDB, 0x7C, 0x1F, 0xA7, 0xF9, 0xA3, 0xC6,
    0xA3, 0xC2, 0x7E, 0x38, 0x17, 0x0E, 0xED, 0xA9, 0x1B, 0x02, 0x7E, 0xA1, 0x59, 0x68, 0x36, 0xC7,
    0x9C, 0xE5, 0xEB, 0xD7, 0xFF, 0x57, 0xF5, 0x2A, 0xAA, 0x2A, 0xC8, 0xF7, 0xE0, 0x5A, 0x42, 0x77,
    0xF2, 0x0D, 0x17, 0x88, 0xEE, 0xA0, 0xDE, 0xE8, 0x65, 0x8B, 0x0E, 0xF5, 0x9A, 0xED, 0xD9, 0xB6,
    0x5F, 0x1F, 0xDA, 0xC2, 0xD6, 0xAE, 0x5D, 0x77, 0x6B, 0xCD, 0x31, 0x27, 0x4C, 0x98, 0x59, 0xE3,
    0x5F, 0xD8, 0x7F, 0x01, 0x4D, 0x95, 0x01, 0xA4, 0x25, 0xD7, 0xFD, 0xC7, 0x3F, 0x73, 0x67, 0xF7,
    0xCD, 0xFF, 0x9F, 0x21, 0xA7, 0x48, 0xD1, 0xA4, 0xDD, 0x13, 0x00, 0x6D, 0x36, 0x07, 0x20, 0x48,
    0x72, 0x66, 0xBB, 0x08, 0xE0, 0xAD, 0xB2, 0x2D, 0x20, 0x05, 0x40, 0x09, 0x04, 0x45, 0xD3, 0x99,
    0xCD, 0x52, 0x08, 0xFA, 0x40, 0x01, 0xED, 0x22, 0x88, 0x6D, 0x79, 0x41, 0x68, 0xCA, 0x66, 0x67,
    0xB2, 0x0F, 0x8B, 0x55, 0x3B, 0x2C, 0x0D, 0x4A, 0x77, 0xD2, 0x24, 0xAA, 0x5D, 0xEC, 0x79, 0x2F,
    0x13, 0x99, 0x7D, 0x3B, 0x33, 0xDF, 0xCE, 0x99, 0xFB, 0xDE, 0x76, 0xBF, 0xE6, 0xF3, 0x39, 0xCF,
    0x71, 0xCD, 0x7D, 0xE7, 0x9C, 0xDF, 0xEF, 0x5C, 0x62, 0xCA, 0x81, 0x54, 0x03, 0x46, 0x3D, 0xB6,
    0xFB, 0x0E, 0xBE, 0x81, 0xF2, 0xC2, 0xE5, 0x4B, 0x65, 0xAE, 0xAE, 0x36, 0x6A, 0x6B, 0xF3, 0x55,
    0x51, 0xEE, 0x36, 0x78, 0xA9, 0x70, 0x12, 0xD9, 0x02, 0x1E, 0x28, 0x81, 0x7A, 0xDA, 0xA2, 0x11,
    0x30, 0x3F, 0x80, 0x73, 0x2F, 0xB1, 0xA3, 0x11, 0xAF, 0x09, 0x69, 0x4C, 0x75, 0xD8, 0xE7, 0xD3,
    0x3F, 0x1B, 0x73, 0x74, 0x50, 0xB9, 0x7B, 0xEF, 0x15, 0xFE, 0xCE, 0x2E, 0xFE, 0xEE, 0x39, 0xFC,
    0xEF, 0x5F, 0xC2, 0xFF, 0xE9, 0x55, 0xFC, 0xF8, 0x11, 0xBE, 0x3F, 0xC4, 0xCE, 0xC2, 0x48, 0xA4,
    0x91, 0xFB, 0x7B, 0x64, 0xBB, 0x70, 0xF6, 0x2C, 0xDB, 0xEC, 0xE8, 0x4B, 0xBC, 0xC6, 0xED, 0xFB,
    0x8A, 0x8F, 0xB2, 0x11, 0x4C, 0x00, 0xDB, 0x81, 0xFB, 0xF4, 0x30, 0xF8, 0x5B, 0xDF, 0x76, 0xFE,
    0x40, 0xAD, 0xBF, 0x3A, 0xE0, 0xAF, 0x06, 0xFC, 0xED, 0x85, 0x3B, 0x1D, 0xEE, 0xE1, 0xDF, 0x30,
    0x27, 0xFF, 0x6F, 0xA2, 0x89, 0x35, 0x5E, 0x03, 0xA5, 0x7A, 0xEA, 0x05, 0x5D, 0xBE, 0xC4, 0x0C,
    0xC9, 0x04, 0x9B, 0x71, 0x61, 0xBE, 0x5E, 0xA4, 0x52, 0xB5, 0x50, 0x64, 0x8F, 0x2E, 0x93, 0x07,
    0xB0, 0xDF, 0x14, 0xD4, 0x6A, 0x16, 0x2A, 0x6C, 0x0B, 0xAE, 0x01, 0xBF, 0x70, 0x92, 0xF2, 0x11,
    0x6C, 0x24, 0xC8, 0x34, 0x81, 0xE9, 0xFF, 0x6F, 0x51, 0x07, 0xEB, 0x47, 0x37, 0xF5, 0x7F, 0xF6,
    0x48, 0xA5, 0x36, 0xFE, 0x55, 0x81, 0x5F, 0xC8, 0xA5, 0x0A, 0x23, 0x15, 0x20, 0xB6, 0xDF, 0x4C,
    0xD6, 0x03, 0x4E, 0xEA, 0xF0, 0x52, 0x1B, 0xD5, 0x10, 0xF3, 0x7E, 0xD4, 0x26, 0x44, 0x67, 0x0D,
    0xC9, 0xB5, 0x9B, 0x66, 0x26, 0xFD, 0x5A, 0x0F, 0x55, 0xA5, 0x8F, 0x25, 0x35, 0xD9, 0x6C, 0x27,
    0xD7, 0xE6, 0xA3, 0xE9, 0x6D, 0x6B, 0x82, 0x09, 0xB6, 0x59, 0x68, 0x5D, 0x63, 0x3A, 0xD7, 0xF8,
    0xC6, 0xB6, 0xBE, 0xF1, 0x95, 0x6B, 0x54, 0x95, 0x85, 0xBF, 0xB5, 0x18, 0x7F, 0x55, 0x45, 0x8D,
    0xDF, 0x15, 0xA2, 0x74, 0x62, 0x86, 0xD7, 0x88, 0x19, 0xA2, 0x92, 0x2E, 0x9A, 0x9A, 0x1B, 0xA8,
    0x18, 0x12, 0x5D, 0xE8, 0x23, 0x1B, 0xBD, 0x1B, 0xD2, 0x07, 0x57, 0xC3, 0x0B, 0x7A, 0x30, 0x38,
    0x69, 0xCC, 0xFF, 0x7E, 0xA7, 0xCD, 0x6F, 0xDF, 0x6D, 0x4A, 0x29, 0x44, 0xEC, 0xC5, 0xFB, 0x85,
    0x4B, 0x1F, 0xE2, 0x53, 0x2D, 0xCC, 0xBC, 0xBE, 0xF0, 0x4E, 0x3A, 0x41, 0x39, 0x00, 0x48, 0xD5,
    0xEA, 0x16, 0x98, 0xDE, 0x0A, 0x90, 0x8C, 0xF9, 0xE2, 0xCD, 0xE2, 0x8F, 0x49, 0x07, 0x73, 0xD8,
    0x93, 0xF6, 0xF6, 0x8B, 0x6F, 0x8A, 0xEC, 0x58, 0xF7, 0xD5, 0x64, 0x52, 0xA9, 0x2A, 0xD7, 0x64,
    0x3A, 0xCC, 0xF1, 0x25, 0xD3, 0x12, 0x9F, 0x06, 0xBB, 0x3E, 0x6E, 0x7D, 0x7C, 0x85, 0xFB, 0x77,
    0xB4, 0x9D, 0xF1, 0x05, 0xF9, 0xC4, 0x49, 0xF4, 0xE5, 0x6A, 0x01, 0x89, 0xD4, 0xC0, 0x66, 0x2A,
    0x5B, 0x48, 0x47, 0xDB, 0xD6, 0x7B, 0xE9, 0x60, 0xEF, 0xA9, 0x4F, 0x7B, 0x77, 0x5F, 0x21, 0x0B,
    0xE5, 0xDD, 0xF6, 0x52, 0x2E, 0xED, 0xB6, 0x18, 0x4D, 0xA6, 0x5F, 0xDC, 0xE7, 0x33, 0xF6, 0xB3,
    0x7E, 0xA3, 0xCA, 0x1D, 0x0C, 0x94, 0x8D, 0x3B, 0x18, 0xB1, 0x8D, 0x7F, 0x77, 0x2C, 0x16, 0x5F,
    0x19, 0xFF, 0x52, 0x37, 0xE5, 0x85, 0xA9, 0x56, 0x51, 0x33, 0x97, 0x13, 0xDB, 0xA4, 0xAD, 0xAD,
    0xDE, 0xC9, 0x5A, 0x5F, 0xDD, 0x88, 0x1A, 0xB3, 0xB6, 0xBE, 0xD2, 0x67, 0x8D, 0x2E, 0x86, 0xEC,
    0xD3, 0xC7, 0x17, 0xBB, 0xFC, 0xE0, 0xE1, 0x1B, 0x6D, 0x7E, 0x70, 0x77, 0xB7, 0xF1, 0x8A, 0x9B,
    0x15, 0x65, 0xEE, 0x1B, 0x8F, 0xD9, 0x37, 0xEF, 0x60, 0x3E, 0x31, 0x37, 0x30, 0xA3, 0x19, 0x30,
    0x83, 0xED, 0x31, 0xBD, 0x0D, 0x98, 0x60, 0x3B, 0x4C, 0x6B, 0x1B, 0x28, 0x55, 0x65, 0x6D, 0x2C,
    0xD1, 0xBC, 0x45, 0x1A, 0x4D, 0xC3, 0xC8, 0x6C, 0x9A, 0x64, 0x7C, 0xAE, 0xB4, 0xCD, 0x66, 0x98,
    0x4A, 0x57, 0x6D, 0xFA, 0xF1, 0xD7, 0xBE, 0x48, 0x0F, 0xC7, 0x9B, 0x9E, 0xF4, 0x68, 0x98, 0x3C,
    0xD9, 0xD1, 0x32, 0x45, 0xFE, 0xC5, 0xE1, 0xF8, 0x09, 0xE6, 0xDE, 0xE1, 0x30, 0x61, 0x6E, 0x2F,
    0x53, 0x98, 0x3B, 0x9F, 0xFF, 0x64, 0xC0, 0xFE, 0xB6, 0xCD, 0x7A, 0xDC, 0xEE, 0x71, 0xDD, 0xC5,
    0x1A, 0x50, 0x85, 0xB7, 0x7A, 0x44, 0xCC, 0xB4, 0x56, 0xE2, 0x76, 0xDB, 0xA2, 0x2A, 0x92, 0x9F,
    0x3D, 0x02, 0xD2, 0x1E, 0xCA, 0xCF, 0x42, 0x9C, 0x0A, 0xA4, 0x52, 0x87, 0x19, 0xDC, 0xA2, 0xCE,
    0xB6, 0xB8, 0x76, 0x3D, 0x91, 0x45, 0xB1, 0xCC, 0xA2, 0x8A, 0x45, 0x2A, 0x70, 0x12, 0x18, 0xD5,
    0x90, 0x4D, 0xAF, 0xF3, 0x54, 0x4A, 0xF5, 0x50, 0x47, 0x6D, 0x53, 0x7F, 0x49, 0xA6, 0x11, 0xAB,
    0x1E, 0xDF, 0xFE, 0x1C, 0x41, 0x32, 0x43, 0x3E, 0x7F, 0x80, 0xD3, 0xC8, 0x0B, 0xCB, 0x98, 0xF5,
    0xE0, 0x15, 0x28, 0xD5, 0x91, 0x07, 0x56, 0xB2, 0x21, 0x21, 0x95, 0x48, 0x16, 0x28, 0x67, 0xD6,
    0xD4, 0xD4, 0x05, 0x4A, 0x04, 0x73, 0x3A, 0x92, 0xC4, 0x23, 0x4D, 0x46, 0xD7, 0xB1, 0x19, 0xCB,
    0x8A, 0x74, 0x14, 0xA4, 0xC7, 0x23, 0x78, 0xA9, 0xA3, 0x94, 0x5A, 0xAC, 0xA6, 0x02, 0x73, 0x34,
    0x82, 0xF9, 0x7C, 0x02, 0xDB, 0x0A, 0x5C, 0x23, 0xF0, 0x4D, 0x5D, 0xE0, 0xAB, 0xB2, 0xC2, 0x17,
    0xBE, 0x21, 0x8B, 0x25, 0xBF, 0x60, 0xA4, 0xE1, 0xEC, 0x9B, 0xDF, 0x5C, 0xC2, 0x1C, 0x81, 0x51,
    0x81, 0x9D, 0xC0, 0x75, 0xE0, 0x1B, 0x36, 0xFA, 0x07, 0x46, 0x13, 0xFF, 0x5F, 0x76, 0x50, 0x17,
    0x6C, 0x04, 0x76, 0x86, 0x97, 0x9F, 0xBA, 0x59, 0x4E, 0xF2, 0xC2, 0xB6, 0x46, 0x4B, 0xCD, 0xC0,
    0x69, 0xA3, 0x3F, 0x47, 0xD9, 0x01, 0xC9, 0x07, 0x26, 0x10, 0x3F, 0x9D, 0x0D, 0x40, 0x3A, 0xA4,
    0x63, 0x1C, 0xFA, 0x75, 0xC8, 0xC2, 0x3A, 0xE4, 0x21, 0x1D, 0x76, 0xF6, 0x30, 0x21, 0x1B, 0xCA,
    0x09, 0xD3, 0xE5, 0x41, 0xC2, 0xB4, 0xE6, 0x68, 0x70, 0xB1, 0x4C, 0xEF, 0x05, 0x5B, 0xB8, 0x5B,
    0xBA, 0x1A, 0x5C, 0xE1, 0x35, 0x67, 0xA1, 0xC4, 0xAB, 0xCF, 0x35, 0x53, 0xCE, 0x85, 0x79, 0x38,
    0x00, 0x98, 0x26, 0x1A, 0x7B, 0x32, 0x54, 0xD1, 0xB8, 0x22, 0x1A, 0xCF, 0xD3, 0x03, 0xB0, 0xED,
    0x2D, 0x2F, 0xA0, 0x56, 0x05, 0xB2, 0x15, 0xC9, 0xB4, 0xCA, 0x15, 0x8B, 0x3C, 0x8B, 0x6E, 0x02,
    0x1A, 0xA3, 0x02, 0x50, 0xB7, 0xF0, 0x62, 0xD9, 0xC0, 0xDB, 0x51, 0x8F, 0xD4, 0x6E, 0xCB, 0x26,
    0xD7, 0xDD, 0x0E, 0xEB, 0x4C, 0xE0, 0xB5, 0xEF, 0x2F, 0xE2, 0x4C, 0x14, 0xAB, 0x6C, 0x07, 0xA9,
    0xDA, 0xA8, 0x0A, 0x36, 0x13, 0xA0, 0x81, 0x44, 0x2A, 0x36, 0x52, 0x93, 0x8E, 0xAE, 0xB5, 0xD2,
    0xE8, 0x16, 0xB2, 0x60, 0x5A, 0x77, 0xBC, 0xDF, 0x79, 0x29, 0x98, 0x4E, 0x85, 0x95, 0x70, 0x1A,
    0x16, 0xF6, 0xF0, 0x15, 0xF8, 0x02, 0x4A, 0xA0, 0x06, 0xC4, 0x93, 0x9C, 0x03, 0x76, 0x34, 0x80,
    0xDF, 0x56, 0xCD, 0x44, 0xAA, 0xF1, 0x17, 0x98, 0xF1, 0x63, 0xB0, 0xA1, 0x07, 0xDF, 0x86, 0x45,
    0xCD, 0xA2, 0xF2, 0x8A, 0x46, 0xCA, 0x1F, 0x2F, 0xAA, 0x2F, 0xAE, 0x3A, 0x18, 0xA8, 0xDF, 0xB8,
    0xDD, 0x53, 0xDE, 0x7E, 0x2F, 0xE0, 0x1F, 0xEC, 0x06, 0xDC, 0xBA, 0x9C, 0xA8, 0xB5, 0x4F, 0x78,
    0x19, 0xE0, 0x7C, 0x14, 0x2E, 0x00, 0x3E, 0xAA, 0x8E, 0xD2, 0xA2, 0x4D, 0x54, 0xFA, 0x6D, 0x0F,
    0xF9, 0xD7, 0x3D, 0xA9, 0xA4, 0x6E, 0xA7, 0x7E, 0x30, 0x57, 0xF8, 0x77, 0x07, 0x76, 0xF4, 0xC7,
    0xB9, 0x30, 0x92, 0xAA, 0x6C, 0xFA, 0xE9, 0x44, 0x3A, 0x24, 0x23, 0x79, 0x58, 0x64, 0xBA, 0x64,
    0xC2, 0x35, 0x4C, 0x94, 0xD5, 0xA2, 0x35, 0x6E, 0xDE, 0x76, 0xA7, 0xD4, 0xF1, 0xBE, 0x3D, 0xE9,
    0x05, 0x13, 0x7E, 0x78, 0xBD, 0xEE, 0xBD, 0xD4, 0x27, 0x12, 0x99, 0x7A, 0x6A, 0x29, 0x2C, 0x74,
    0xBE, 0x61, 0xBB, 0x27, 0xCD, 0xF3, 0x38, 0xCD, 0x98, 0x85, 0x8D, 0x06, 0xB6, 0xB1, 0x90, 0xA9,
    0xC3, 0x6B, 0x4C, 0xA4, 0x21, 0xD5, 0x8D, 0x0F, 0xCD, 0xF0, 0x4B, 0x6C, 0xF8, 0x18, 0xD7, 0xF6,
    0xEB, 0x56, 0xF8, 0x2B, 0x61, 0xD9, 0x88, 0x6E, 0xA1, 0xA5, 0xBC, 0x18, 0x69, 0x28, 0x6F, 0x37,
    0xF8, 0x07, 0xBF, 0xC1, 0x4A, 0xE4, 0xA7, 0xBF, 0xA8, 0x96, 0xED, 0x1E, 0x7C, 0x8F, 0xF7, 0xE1,
    0xF5, 0xA4, 0x87, 0x4F, 0xD2, 0xC0, 0x46, 0xFB, 0xC7, 0x95, 0x95, 0xD4, 0xB8, 0xA8, 0x74, 0x70,
    0x2D, 0x59, 0xEF, 0x1A, 0xB2, 0xE0, 0x1B, 0xF2, 0xE0, 0x2B, 0x4C, 0x28, 0x0B, 0x4C, 0x57, 0x82,
    0x6D, 0xEB, 0x27, 0xCD, 0xA7, 0x11, 0x5F, 0xD5, 0x8B, 0x0A, 0x3F, 0xF0, 0x74, 0x32, 0xED, 0x81,
    0xDF, 0xDE, 0x20, 0x01, 0x74, 0x61, 0x6F, 0xED, 0xAD, 0x13, 0x09, 0x40, 0x0D, 0x50, 0xF6, 0x80,
    0x9D, 0x80, 0x74, 0x3B, 0x59, 0x9C, 0x7B, 0xFE, 0x9C, 0x2F, 0x4A, 0xD5, 0xBE, 0xF8, 0xF3, 0x9D,
    0xBB, 0x25, 0xE5, 0x9D, 0xDD, 0x19, 0xA7, 0xFD, 0x01, 0x23, 0xB5, 0x18, 0x7B, 0x1E, 0xCE, 0x9D,
    0x5F, 0x64, 0xA5, 0xCE, 0x6D, 0x69, 0xBF, 0x7B, 0xF9, 0x72, 0x01, 0x50, 0x4A, 0x55, 0x2D, 0x15,
    0x5A, 0x40, 0xC0, 0x69, 0x4B, 0x47, 0x46, 0x48, 0x23, 0x03, 0x64, 0x3D, 0xE4, 0x91, 0x00, 0x99,
    0xD4, 0xE4, 0x2B, 0x0D, 0x98, 0xC0, 0x33, 0xFB, 0xC7, 0x58, 0x89, 0xB3, 0x6F, 0xF6, 0xE0, 0x5A,
    0xBC, 0x2A, 0xFC, 0x7C, 0x7A, 0x3C, 0x60, 0x5B, 0x30, 0x61, 0xFB, 0x8E, 0x74, 0x3C, 0x6D, 0x01,
    0xFE, 0x57, 0xCB, 0xF3, 0x0E, 0x9C, 0x1C, 0x9F, 0x9B, 0xC0, 0x2F, 0xC5, 0x9B, 0xC6, 0x0B, 0x52,
    0xDD, 0xBA, 0xDA, 0xFD, 0xF0, 0xCC, 0x9E, 0xE9, 0x4C, 0x1B, 0x7F, 0xF5, 0x4D, 0x5B, 0x56, 0xF6,
    0x96, 0x70, 0x9A, 0xF0, 0x0A, 0x0B, 0x05, 0xA7, 0xC9, 0x03, 0xB8, 0x1B, 0xF0, 0xEA, 0xAB, 0xF0,
    0xAB, 0x85, 0xF2, 0xE6, 0xF5, 0x3D, 0x2F, 0x8D, 0x56, 0x9A, 0x93, 0xE3, 0xEB, 0x35, 0x01, 0xC3,
    0xD1, 0x5F, 0x9F, 0x4D, 0xA4, 0xF3, 0x9B, 0xF9, 0xF1, 0xB8, 0x09, 0x57, 0xAE, 0x99, 0x00, 0x7E,
    0x38, 0xC3, 0x19, 0x4D, 0x50, 0x8F, 0xE0, 0x16, 0xD6, 0x24, 0x23, 0xB0, 0x59, 0x35, 0x00, 0xE9,
    0xAA, 0x1E, 0x92, 0xFD, 0xB9, 0xC0, 0x6A, 0x5B, 0x8A, 0xE3, 0x46, 0x7F, 0xF8, 0xD7, 0x9C, 0x8E,
    0xA6, 0x55, 0xD6, 0xDB, 0xA6, 0xCE, 0x83, 0x6B, 0x6A, 0xD3, 0xF9, 0x4A, 0xA6, 0xF5, 0xC5, 0x6C,
    0x9B, 0x78, 0x93, 0x2C, 0x1A, 0x7D, 0xC3, 0x66, 0xF4, 0x15, 0xE9, 0x80, 0xD5, 0xDE, 0xDA, 0xD5,
    0x5E, 0x13, 0xFE, 0x77, 0x33, 0xBE, 0x10, 0x25, 0xA2, 0x66, 0x46, 0xE9, 0xF4, 0x8C, 0xEA, 0xD1,
    0x48, 0xC1, 0xAC, 0x6D, 0x73, 0x69, 0xFD, 0xE2, 0x1F, 0xCD, 0xD7, 0xF0, 0xEA, 0x70, 0xC7, 0xF1,
    0x6E, 0x04, 0xD3, 0x01, 0x24, 0x67, 0x81, 0xCC, 0x00, 0xF9, 0xB3, 0xDB, 0x06, 0x22, 0x95, 0x1A,
    0x6C, 0x54, 0x39, 0x95, 0x0D, 0xBA, 0xF1, 0x0A, 0x1B, 0xBD, 0xF2, 0x36, 0xE9, 0xF8, 0xCA, 0x87,
    0x8B, 0x5E, 0xBC, 0x46, 0x36, 0x00, 0x59, 0xFF, 0x64, 0x45, 0x4F, 0x56, 0x89, 0xA2, 0xFC, 0x57,
    0x0B, 0x52, 0x1F, 0x15, 0xB6, 0x22, 0xB9, 0x00, 0xE9, 0x7B, 0x0B, 0xBB, 0x50, 0xCF, 0xB0, 0xED,
    0xD2, 0x36, 0x99, 0xDE, 0xEA, 0x92, 0xD1, 0x84, 0xCD, 0x68, 0xBA, 0x58, 0xFF, 0xA9, 0x54, 0x64,
    0x1A, 0xC8, 0x35, 0x61, 0x0E, 0x15, 0x4B, 0xBF, 0x32, 0xAD, 0xAF, 0x6C, 0x53, 0x16, 0xEE, 0x53,
    0xE1, 0x35, 0x2F, 0x0C, 0x0B, 0x7B, 0xEB, 0xAB, 0xB2, 0x67, 0xE1, 0xEC, 0x19, 0xF8, 0x2F, 0x63,
    0x0D, 0xB1, 0xFF, 0x5B, 0xFF, 0xA7, 0xFE, 0x0F, 0x00, 0xCD, 0x92, 0x01, 0xA6, 0xDD, 0x40, 0x18,
    0x85, 0xCF, 0x9B, 0x20, 0x08, 0x66, 0x01, 0x45, 0xA0, 0xF0, 0x40, 0x96, 0x30, 0xD9, 0x59, 0xD2,
    0x1D, 0xBC, 0x25, 0x14, 0x45, 0xAB, 0x3B, 0x28, 0x4C, 0xB4, 0x1B, 0x88, 0xAE, 0x20, 0xDD, 0xC1,
    0x20, 0x08, 0x66, 0xE6, 0xEF, 0x3F, 0x27, 0x33, 0x5C, 0x6E, 0x41, 0x0B, 0xBD, 0xF8, 0xAE, 0x8B,
    0xB9, 0xF3, 0x9D, 0x39, 0x07, 0xF5, 0x33, 0x5D, 0x36, 0x01, 0xFE, 0x72, 0x11, 0x2F, 0x72, 0x4A,
    0x84, 0x89, 0xC8, 0x40, 0x17, 0x5F, 0x12, 0xD0, 0xE7, 0xAF, 0xF9, 0x0D, 0x4E, 0x44, 0x0E, 0x78,
    0xE5, 0x0E, 0x1B, 0xFA, 0x0B, 0xB0, 0x47, 0x1F, 0x0A, 0x07, 0xE5, 0xB8, 0x5B, 0xE5, 0xB4, 0xD9,
    0x03, 0x70, 0xDB, 0xB8, 0x2B, 0xD7, 0x69, 0x53, 0xCE, 0x85, 0x8B, 0xFE, 0x02, 0x3C, 0x29, 0x58,
    0x66, 0x20, 0xC3, 0x03, 0xFA, 0xE7, 0x52, 0x2E, 0x31, 0xF9, 0xBE, 0x5B, 0x19, 0xDC, 0xA5, 0x5C,
    0xDD, 0x0E, 0xA0, 0xB9, 0x45, 0xA7, 0xF4, 0xD1, 0xCF, 0x80, 0x9C, 0x1E, 0x30, 0x09, 0xAF, 0xE5,
    0x18, 0x50, 0xDC, 0x3E, 0x7C, 0x06, 0x16, 0xF9, 0x5E, 0x0E, 0xCB, 0x0F, 0xA5, 0x0D, 0xDD, 0x45,
    0xDE, 0x86, 0x67, 0x71, 0x1B, 0x6E, 0x37, 0xA5, 0xBB, 0x0D, 0x57, 0x1A, 0x92, 0x8B, 0x1A, 0xD2,
    0x4D, 0x29, 0x34, 0xCC, 0x00, 0xDD, 0xD0, 0x2E, 0xF1, 0x37, 0x03, 0xB9, 0x02, 0x8F, 0x6E, 0xCB,
    0x4C, 0x37, 0x34, 0xB7, 0x1A, 0x09, 0x99, 0x6E, 0xE9, 0xEF, 0xDD, 0xD4, 0xEA, 0x9F, 0xDC, 0x6A,
    0xAB, 0x13, 0xEE, 0xB7, 0x5D, 0x56, 0x36, 0x5B, 0x7C, 0xD9, 0xED, 0x6B, 0x6B, 0xB7, 0xF6, 0xFB,
    0x05, 0x6C, 0xF8, 0x57, 0x02, 0x3B, 0xFE, 0x19, 0xC1, 0x96, 0x4D, 0xA4, 0x69, 0x35, 0x1E, 0xF8,
    0x5D, 0xBA, 0x56, 0x77, 0xB6, 0x3D, 0xD0, 0x9B, 0xED, 0xD3, 0x99, 0x09, 0xD4, 0xDA, 0xEE, 0x77,
    0xEB, 0x23, 0xFD, 0x99, 0x86, 0xCD, 0xBB, 0xAD, 0x76, 0xDF, 0xDA, 0x6F, 0xFD, 0xB7, 0x05, 0xB4,
    0x0D, 0xD4, 0x15, 0x3C, 0xE5, 0x71, 0x6B, 0xCD, 0x33, 0xD7, 0x3C, 0xB8, 0xF3, 0xF8, 0x9A, 0x47,
    0x6A, 0x9E, 0xFC, 0xE7, 0x3C, 0xDD, 0xFF, 0x93, 0xE7, 0x9D, 0xBC, 0xA1, 0xC8, 0x25, 0x68, 0x12,
    0xC9, 0x40, 0x97, 0x4C, 0x52, 0xF2, 0xCD, 0xFB, 0xB3, 0xCB, 0x1F, 0x31, 0x84, 0x49, 0x82, 0x7A,
    0x3B, 0xE5, 0xE3, 0x5E, 0x46, 0xEE, 0xA5, 0xDA, 0xD1, 0x4D, 0xCD, 0x9E, 0xF7, 0x22, 0xC5, 0x6D,
    0x52, 0x26, 0xD8, 0x5C, 0x57, 0x63, 0xE8, 0xD4, 0x93, 0x72, 0x92, 0x07, 0x39, 0x3F, 0xBA, 0x0D,
    0xB2, 0x37, 0x37, 0xD0, 0xCD, 0x70, 0x2B, 0xE6, 0x2C, 0xF4, 0x57, 0x97, 0x3F, 0x75, 0x12, 0x27,
    0x39, 0xAD, 0x44, 0x75, 0xB3, 0xC7, 0xFB, 0xFE, 0xC2, 0x78, 0xA0, 0x57, 0xCD, 0x4B, 0xAD, 0xF5,
    0xFC, 0xAC, 0x86, 0x46, 0x0E, 0x1A, 0x86, 0xB2, 0x68, 0x1B, 0xD4, 0x6D, 0x1E, 0x0A, 0xBF, 0xF9,
    0x43, 0xAD, 0xBC, 0x6C, 0xA3, 0x60, 0xC9, 0x18, 0xA4, 0xDE, 0xFA, 0x1B, 0x14, 0x8C, 0x81, 0x05,
    0x43, 0x51, 0x0C, 0x45, 0xA3, 0x01, 0x14, 0x19, 0xA0, 0xBB, 0x34, 0xED, 0x64, 0x5F, 0x27, 0xFB,
    0xE9, 0x06, 0x6F, 0x84, 0x8E, 0x10, 0x78, 0x3C, 0xF5, 0xF4, 0x34, 0xB9, 0xE2, 0xE0, 0x5E, 0x39,
    0x22, 0x2A, 0x1D, 0x8B, 0xA6, 0x67, 0x93, 0x5D, 0x50, 0xE8, 0xFA, 0x71, 0xAD, 0xE1, 0x2E, 0x97,
    0x1A, 0xB8, 0x3D, 0x77, 0xD7, 0x6F, 0xC4, 0xE0, 0x45, 0x38, 0x3F, 0x25, 0x4F, 0x96, 0xB1, 0x9C,
    0xAC, 0x33, 0x3E, 0x27, 0xA1, 0xCC, 0x7E, 0x86, 0x16, 0xF9, 0x24, 0xCB, 0x33, 0x8E, 0x28, 0xE7,
    0x38, 0xA4, 0xF2, 0xDD, 0xFF, 0x41, 0xEC, 0x42, 0xD8, 0xCB, 0x04, 0xC4, 0x00,
};

static const EpdGlyph notosans_12_bolditalicGlyphs[] = {
    { 0, 0, 0, 0, 0, 0, 0 }, // U+0000
    { 0, 0, 104, 0, 0, 0, 0 }, // U+000D
    { 0, 0, 104, 0, 0, 0, 0 }, // U+0020
    { 8, 19, 115, 0, 18, 38, 0 }, // !
    { 10, 7, 181, 2, 18, 18, 38 }, // "
    { 17, 18, 258, 0, 18, 77, 56 }, // #
    { 14, 21, 220, 0, 19, 74, 133 }, // $
    { 20, 20, 342, 1, 19, 100, 207 }, // %
    { 18, 20, 283, 0, 19, 90, 307 }, // &
    { 5, 7, 102, 2, 18, 9, 397 }, // '
    { 11, 22, 136, 0, 18, 61, 406 }, // (
    { 10, 23, 136, -2, 19, 58, 467 }, // )
    { 13, 13, 218, 2, 20, 43, 525 }, // *
    { 13, 13, 229, 1, 15, 43, 568 }, // +
    { 7, 7, 115, -2, 3, 13, 611 }, // ,
    { 8, 4, 129, 0, 9, 8, 624 }, // -
    { 5, 5, 115, 0, 4, 7, 632 }, // .
    { 15, 19, 170, -2, 18, 72, 639 }, // /
    { 13, 20, 237, 1, 19, 65, 711 }, // 0
    { 11, 18, 189, 1, 18, 50, 776 }, // 1
    { 15, 19, 220, -1, 19, 72, 826 }, // 2
    { 14, 20, 220, 0, 19, 70, 898 }, // 3
    { 15, 18, 220, -1, 18, 68, 968 }, // 4
    { 14, 19, 220, 0, 18, 67, 1036 }, // 5
    { 14, 20, 228, 0, 19, 70, 1103 }, // 6
    { 15, 18, 203, 0, 18, 68, 1173 }, // 7
    { 14, 20, 222, 0, 19, 70, 1241 }, // 8
    { 13, 20, 222, 1, 19, 65, 1311 }, // 9
    { 7, 15, 115, 0, 14, 27, 1376 }, // :
    { 9, 18, 115, -2, 14, 41, 1403 }, // ;
    { 13, 14, 229, 1, 16, 46, 1444 }, // <
    { 13, 8, 229, 1, 13, 26, 1490 }, // =
    { 13, 14, 229, 1, 16, 46, 1516 }, // >
    { 12, 20, 184, 1, 19, 60, 1562 }, // ?
    { 21, 21, 342, 1, 18, 111, 1622 }, // @
    { 17, 18, 251, -2, 18, 77, 1733 }, // A
    { 16, 18, 248, 0, 18, 72, 1810 }, // B
    { 16, 20, 245, 1, 19, 80, 1882 }, // C
    { 17, 18, 271, 0, 18, 77, 1962 }, // D
    { 15, 18, 217, 0, 18, 68, 2039 }, // E
    { 15, 18, 213, 0, 18, 68, 2107 }, // F
    { 16, 20, 276, 1, 19, 80, 2175 }, // G
    { 18, 18, 280, 0, 18, 81, 2255 }, // H
    { 12, 18, 153, -1, 18, 54, 2336 }, // I
    { 13, 24, 134, -4, 18, 78, 2390 }, // J
    { 18, 18, 245, 0, 18, 81, 2468 }, // K
    { 12, 18, 207, 0, 18, 54, 2549 }, // L
    { 23, 18, 352, 0, 18, 104, 2603 }, // M
    { 20, 18, 303, 0, 18, 90, 2707 }, // N
    { 17, 20, 292, 1, 19, 85, 2797 }, // O
    { 16, 18, 244, 0, 18, 72, 2882 }, // P
    { 17, 24, 292, 1, 19, 102, 2954 }, // Q
    { 15, 18, 248, 0, 18, 68, 3056 }, // R
    { 14, 20, 212, 0, 19, 70, 3124 }, // S
    { 14, 18, 213, 2, 18, 63, 3194 }, // T
    { 17, 19, 277, 1, 18, 81, 3257 }, // U
    { 15, 18, 236, 2, 18, 68, 3338 }, // V
    { 23, 18, 358, 2, 18, 104, 3406 }, // W
    { 20, 18, 244, -2, 18, 90, 3510 }, // X
    { 15, 18, 226, 2, 18, 68, 3600 }, // Y
    { 16, 18, 214, -1, 18, 72, 3668 }, // Z
    { 11, 22, 132, -1, 18, 61, 3740 }, // [
    { 7, 19, 170, 2, 18, 34, 3801 }, // <backslash>
    { 11, 22, 132, -2, 18, 61, 3835 }, // ]
    { 14, 12, 220, 0, 18, 42, 3896 }, // ^
    { 12, 2, 160, -3, -2, 6, 3938 }, // _
    { 6, 5, 130, 3, 20, 8, 3944 }, // `
    { 14, 15, 237, 1, 14, 53, 3952 }, // a
    { 14, 20, 238, 0, 19, 70, 4005 }, // b
    { 12, 15, 194, 1, 14, 45, 4075 }, // c
    { 15, 20, 238, 1, 19, 75, 4120 }, // d
    { 13, 15, 223, 1, 14, 49, 4195 }, // e
    { 16, 26, 150, -3, 20, 104, 4244 }, // f
    { 15, 20, 238, 0, 14, 75, 4348 }, // g
    { 14, 19, 242, 0, 19, 67, 4423 }, // h
    { 9, 20, 120, 0, 20, 45, 4490 }, // i
    { 13, 26, 120, -4, 20, 85, 4535 }, // j
    { 16, 19, 227, 0, 19, 76, 4620 }, // k
    { 9, 19, 120, 0, 19, 43, 4696 }, // l
    { 22, 14, 362, 0, 14, 77, 4739 }, // m
    { 14, 14, 242, 0, 14, 49, 4816 }, // n
    { 13, 15, 234, 1, 14, 49, 4865 }, // o
    { 15, 20, 238, -1, 14, 75, 4914 }, // p
    { 14, 20, 238, 1, 14, 70, 4989 }, // q
    { 12, 14, 169, 0, 14, 42, 5059 }, // r
    { 12, 15, 190, 0, 14, 45, 5101 }, // s
    { 10, 18, 164, 1, 17, 45, 5146 }, // t
    { 14, 15, 242, 1, 14, 53, 5191 }, // u
    { 14, 14, 205, 1, 14, 49, 5244 }, // v
    { 20, 14, 315, 1, 14, 70, 5293 }, // w
    { 17, 14, 214, -2, 14, 60, 5363 }, // x
    { 17, 20, 208, -2, 14, 85, 5423 }, // y
    { 13, 14, 188, -1, 14, 46, 5508 }, // z
    { 12, 22, 142, -1, 18, 66, 5554 }, // {
    { 4, 25, 220, 5, 19, 25, 5620 }, // |
    { 11, 22, 142, -2, 18, 61, 5645 }, // }
    { 13, 5, 229, 1, 11, 17, 5706 }, // ~
    { 0, 0, 104, 0, 0, 0, 0 }, // U+00A0
    { 8, 19, 114, -1, 14, 38, 0 }, // U+00A1
    { 12, 20, 220, 2, 19, 60, 38 }, // U+00A2
    { 17, 19, 220, -1, 19, 81, 98 }, // U+00A3
    { 12, 12, 220, 1, 15, 36, 179 }, // U+00A4
    { 15, 18, 220, 1, 18, 68, 215 }, // U+00A5
    { 4, 25, 220, 5, 19, 25, 283 }, // U+00A6
    { 13, 21, 194, 0, 20, 69, 308 }, // U+00A7
    { 9, 4, 222, 5, 19, 9, 377 }, // U+00A8
    { 19, 20, 333, 1, 19, 95, 386 }, // U+00A9
    { 10, 10, 152, 1, 19, 25, 481 }, // U+00AA
    { 15, 12, 226, 0, 13, 45, 506 }, // U+00AB
    { 13, 8, 229, 1, 11, 26, 551 }, // U+00AC
    { 8, 4, 129, 0, 9, 8, 577 }, // U+00AD
    { 19, 20, 333, 1, 19, 95, 585 }, // U+00AE
    { 12, 4, 171, 2, 22, 12, 680 }, // U+00AF
    { 9, 10, 170, 1, 19, 23, 692 }, // U+00B0
    { 13, 16, 229, 1, 16, 52, 715 }, // U+00B1
    { 10, 12, 152, 1, 22, 30, 767 }, // U+00B2
    { 10, 12, 152, 1, 22, 30, 797 }, // U+00B3
    { 8, 5, 129, 2, 20, 10, 827 }, // U+00B4
    { 16, 20, 244, -1, 14, 80, 837 }, // U+00B5
    { 14, 23, 262, 1, 19, 81, 917 }, // U+00B6
    { 6, 5, 115, 1, 11, 8, 998 }, // U+00B7
    { 7, 6, 82, -3, 0, 11, 1006 }, // U+00B8
    { 8, 12, 152, 2, 22, 24, 1017 }, // U+00B9
    { 8, 9, 147, 2, 18, 18, 1041 }, // U+00BA
    { 14, 12, 225, 0, 13, 42, 1059 }, // U+00BB
    { 19, 19, 334, 1, 19, 91, 1101 }, // U+00BC
    { 21, 19, 356, 1, 19, 100, 1192 }, // U+00BD
    { 20, 19, 345, 1, 19, 95, 1292 }, // U+00BE
    { 11, 19, 186, -1, 14, 53, 1387 }, // U+00BF
    { 17, 24, 251, -2, 24, 102, 1440 }, // U+00C0
    { 18, 24, 251, -2, 24, 108, 1542 }, // U+00C1
    { 18, 24, 251, -2, 24, 108, 1650 }, // U+00C2
    { 18, 23, 251, -2, 23, 104, 1758 }, // U+00C3
    { 17, 23, 251, -2, 23, 98, 1862 }, // U+00C4
    { 17, 25, 251, -2, 25, 107, 1960 }, // U+00C5
    { 26, 18, 358, -2, 18, 117, 2067 }, // U+00C6
    { 16, 25, 245, 1, 19, 100, 2184 }, // U+00C7
    { 15, 24, 217, 0, 24, 90, 2284 }, // U+00C8
    { 15, 24, 217, 0, 24, 90, 2374 }, // U+00C9
    { 15, 24, 217, 0, 24, 90, 2464 }, // U+00CA
    { 15, 23, 217, 0, 23, 87, 2554 }, // U+00CB
    { 12, 24, 153, -1, 24, 72, 2641 }, // U+00CC
    { 14, 24, 153, -1, 24, 84, 2713 }, // U+00CD
    { 14, 24, 153, -1, 24, 84, 2797 }, // U+00CE
    { 13, 23, 153, -1, 23, 75, 2881 }, // U+00CF
    { 17, 18, 271, 0, 18, 77, 2956 }, // U+00D0
    { 20, 23, 303, 0, 23, 115, 3033 }, // U+00D1
    { 17, 25, 292, 1, 24, 107, 3148 }, // U+00D2
    { 17, 25, 292, 1, 24, 107, 3255 }, // U+00D3
    { 17, 25, 292, 1, 24, 107, 3362 }, // U+00D4
    { 17, 24, 292, 1, 23, 102, 3469 }, // U+00D5
    { 17, 24, 292, 1, 23, 102, 3571 }, // U+00D6
    { 12, 12, 229, 1, 15, 36, 3673 }, // U+00D7
    { 17, 21, 292, 1, 19, 90, 3709 }, // U+00D8
    { 17, 25, 277, 1, 24, 107, 3799 }, // U+00D9
    { 17, 25, 277, 1, 24, 107, 3906 }, // U+00DA
    { 17, 25, 277, 1, 24, 107, 4013 }, // U+00DB
    { 17, 24, 277, 1, 23, 102, 4120 }, // U+00DC
    { 15, 24, 226, 2, 24, 90, 4222 }, // U+00DD
    { 15, 18, 240, 0, 18, 68, 4312 }, // U+00DE
    { 20, 26, 264, -4, 20, 130, 4380 }, // U+00DF
    { 14, 21, 237, 1, 20, 74, 4510 }, // U+00E0
    { 14, 21, 237, 1, 20, 74, 4584 }, // U+00E1
    { 14, 21, 237, 1, 20, 74, 4658 }, // U+00E2
    { 14, 20, 237, 1, 19, 70, 4732 }, // U+00E3
    { 14, 20, 237, 1, 19, 70, 4802 }, // U+00E4
    { 14, 22, 237, 1, 21, 77, 4872 }, // U+00E5
    { 21, 15, 349, 1, 14, 79, 4949 }, // U+00E6
    { 12, 20, 194, 1, 14, 60, 5028 }, // U+00E7
    { 13, 21, 223, 1, 20, 69, 5088 }, // U+00E8
    { 13, 21, 223, 1, 20, 69, 5157 }, // U+00E9
    { 13, 21, 223, 1, 20, 69, 5226 }, // U+00EA
    { 13, 20, 223, 1, 19, 65, 5295 }, // U+00EB
    { 8, 20, 120, 0, 20, 40, 5360 }, // U+00EC
    { 11, 20, 120, 0, 20, 55, 5400 }, // U+00ED
    { 11, 20, 120, 0, 20, 55, 5455 }, // U+00EE
    { 10, 19, 120, 0, 19, 48, 5510 }, // U+00EF
    { 15, 21, 231, 0, 20, 79, 5558 }, // U+00F0
    { 15, 19, 242, 0, 19, 72, 5637 }, // U+00F1
    { 13, 21, 236, 1, 20, 69, 5709 }, // U+00F2
    { 13, 21, 236, 1, 20, 69, 5778 }, // U+00F3
    { 13, 21, 236, 1, 20, 69, 5847 }, // U+00F4
    { 14, 20, 236, 1, 19, 70, 5916 }, // U+00F5
    { 13, 20, 236, 1, 19, 65, 5986 }, // U+00F6
    { 13, 13, 229, 1, 15, 43, 6051 }, // U+00F7
    { 14, 17, 234, 0, 15, 60, 6094 }, // U+00F8
    { 14, 21, 242, 1, 20, 74, 6154 }, // U+00F9
    { 14, 21, 242, 1, 20, 74, 6228 }, // U+00FA
    { 14, 21, 242, 1, 20, 74, 6302 }, // U+00FB
    { 14, 20, 242, 1, 19, 70, 6376 }, // U+00FC
    { 17, 26, 208, -2, 20, 111, 6446 }, // U+00FD
    { 15, 25, 238, -1, 19, 94, 6557 }, // U+00FE
    { 17, 25, 208, -2, 19, 107, 6651 }, // U+00FF
    { 17, 22, 251, -2, 22, 94, 0 }, // U+0100
    { 14, 19, 237, 1, 18, 67, 94 }, // U+0101
    { 18, 24, 251, -2, 24, 108, 161 }, // U+0102
    { 14, 21, 237, 1, 20, 74, 269 }, // U+0103
    { 17, 25, 251, -2, 18, 107, 343 }, // U+0104
    { 14, 21, 237, 1, 14, 74, 450 }, // U+0105
    { 16, 25, 245, 1, 24, 100, 524 }, // U+0106
    { 12, 21, 194, 1, 20, 63, 624 }, // U+0107
    { 16, 25, 245, 1, 24, 100, 687 }, // U+0108
    { 12, 21, 194, 1, 20, 63, 787 }, // U+0109
    { 16, 25, 245, 1, 24, 100, 850 }, // U+010A
    { 12, 21, 194, 1, 20, 63, 950 }, // U+010B
    { 16, 25, 245, 1, 24, 100, 1013 }, // U+010C
    { 13, 21, 194, 1, 20, 69, 1113 }, // U+010D
    { 17, 24, 271, 0, 24, 102, 1182 }, // U+010E
    { 20, 20, 272, 1, 19, 100, 1284 }, // U+010F
    { 17, 18, 271, 0, 18, 77, 1384 }, // U+0110
    { 16, 20, 238, 1, 19, 80, 1461 }, // U+0111
    { 15, 22, 217, 0, 22, 83, 1541 }, // U+0112
    { 13, 19, 223, 1, 18, 62, 1624 }, // U+0113
    { 15, 24, 217, 0, 24, 90, 1686 }, // U+0114
    { 13, 21, 223, 1, 20, 69, 1776 }, // U+0115
    { 15, 24, 217, 0, 24, 90, 1845 }, // U+0116
    { 13, 21, 223, 1, 20, 69, 1935 }, // U+0117
    { 15, 25, 217, 0, 18, 94, 2004 }, // U+0118
    { 13, 20, 223, 1, 14, 65, 2098 }, // U+0119
    { 16, 24, 217, 0, 24, 96, 2163 }, // U+011A
    { 14, 21, 223, 1, 20, 74, 2259 }, // U+011B
    { 16, 25, 276, 1, 24, 100, 2333 }, // U+011C
    { 15, 26, 238, 0, 20, 98, 2433 }, // U+011D
    { 16, 25, 276, 1, 24, 100, 2531 }, // U+011E
    { 15, 26, 238, 0, 20, 98, 2631 }, // U+011F
    { 16, 25, 276, 1, 24, 100, 2729 }, // U+0120
    { 15, 26, 238, 0, 20, 98, 2829 }, // U+0121
    { 16, 25, 276, 1, 19, 100, 2927 }, // U+0122
    { 15, 26, 238, 0, 20, 98, 3027 }, // U+0123
    { 18, 24, 280, 0, 24, 108, 3125 }, // U+0124
    { 14, 25, 242, 0, 25, 88, 3233 }, // U+0125
    { 20, 18, 280, 0, 18, 90, 3321 }, // U+0126
    { 14, 19, 242, 0, 19, 67, 3411 }, // U+0127
    { 14, 23, 153, -1, 23, 81, 3478 }, // U+0128
    { 12, 19, 120, 0, 19, 57, 3559 }, // U+0129
    { 13, 22, 153, -1, 22, 72, 3616 }, // U+012A
    { 10, 18, 120, 0, 18, 45, 3688 }, // U+012B
    { 14, 24, 153, -1, 24, 84, 3733 }, // U+012C
    { 11, 20, 120, 0, 20, 55, 3817 }, // U+012D
    { 12, 25, 153, -1, 18, 75, 3872 }, // U+012E
    { 10, 27, 120, -1, 20, 68, 3947 }, // U+012F
    { 12, 24, 153, -1, 24, 72, 4015 }, // U+0130
    { 8, 14, 120, 0, 14, 28, 4087 }, // U+0131
    { 20, 24, 286, -1, 18, 120, 4115 }, // U+0132
    { 16, 26, 239, 0, 20, 104, 4235 }, // U+0133
    { 16, 30, 134, -4, 24, 120, 4339 }, // U+0134
    { 15, 26, 120, -4, 20, 98, 4459 }, // U+0135
    { 18, 24, 251, 0, 18, 108, 4557 }, // U+0136
    { 16, 25, 227, 0, 19, 100, 4665 }, // U+0137
    { 16, 14, 227, 0, 14, 56, 4765 }, // U+0138
    { 13, 24, 207, 0, 24, 78, 4821 }, // U+0139
    { 12, 25, 120, 0, 25, 75, 4899 }, // U+013A
    { 12, 24, 207, 0, 18, 72, 4974 }, // U+013B
    { 10, 25, 120, -1, 19, 63, 5046 }, // U+013C
    { 15, 18, 207, 0, 18, 68, 5109 }, // U+013D
    { 14, 19, 152, 0, 19, 67, 5177 }, // U+013E
    { 13, 18, 207, 0, 18, 59, 5244 }, // U+013F
    { 12, 19, 176, 0, 19, 57, 5303 }, // U+0140
    { 13, 18, 207, -1, 18, 59, 5360 }, // U+0141
    { 9, 19, 131, 0, 19, 43, 5419 }, // U+0142
    { 20, 24, 303, 0, 24, 120, 5462 }, // U+0143
    { 15, 20, 242, 0, 20, 75, 5582 }, // U+0144
    { 20, 24, 303, 0, 18, 120, 5657 }, // U+0145
    { 14, 20, 242, 0, 14, 70, 5777 }, // U+0146
    { 20, 24, 303, 0, 24, 120, 5847 }, // U+0147
    { 16, 20, 242, 0, 20, 80, 5967 }, // U+0148
    { 17, 18, 282, 0, 18, 77, 6047 }, // U+0149
    { 19, 24, 302, 0, 18, 114, 6124 }, // U+014A
    { 14, 20, 242, 0, 14, 70, 6238 }, // U+014B
    { 17, 23, 292, 1, 22, 98, 6308 }, // U+014C
    { 13, 19, 236, 1, 18, 62, 6406 }, // U+014D
    { 17, 25, 292, 1, 24, 107, 6468 }, // U+014E
    { 13, 21, 236, 1, 20, 69, 6575 }, // U+014F
    { 19, 25, 292, 1, 24, 119, 6644 }, // U+0150
    { 16, 21, 236, 1, 20, 84, 6763 }, // U+0151
    { 23, 20, 360, 1, 19, 115, 6847 }, // U+0152
    { 21, 15, 353, 1, 14, 79, 6962 }, // U+0153
    { 16, 24, 248, 0, 24, 96, 7041 }, // U+0154
    { 13, 20, 169, 0, 20, 65, 7137 }, // U+0155
    { 15, 24, 248, 0, 18, 90, 7202 }, // U+0156
    { 13, 20, 169, -1, 14, 65, 7292 }, // U+0157
    { 17, 24, 248, 0, 24, 102, 7357 }, // U+0158
    { 14, 20, 169, 0, 20, 70, 7459 }, // U+0159
    { 14, 25, 212, 0, 24, 88, 0 }, // U+015A
    { 13, 21, 190, 0, 20, 69, 88 }, // U+015B
    { 14, 25, 212, 0, 24, 88, 157 }, // U+015C
    { 13, 21, 190, 0, 20, 69, 245 }, // U+015D
    { 14, 25, 212, 0, 19, 88, 314 }, // U+015E
    { 12, 20, 190, 0, 14, 60, 402 }, // U+015F
    { 15, 25, 212, 0, 24, 94, 462 }, // U+0160
    { 13, 21, 190, 0, 20, 69, 556 }, // U+0161
    { 15, 24, 213, 1, 18, 90, 625 }, // U+0162
    { 10, 23, 164, 1, 17, 58, 715 }, // U+0163
    { 14, 24, 213, 2, 24, 84, 773 }, // U+0164
    { 13, 20, 164, 1, 19, 65, 857 }, // U+0165
    { 15, 18, 213, 1, 18, 68, 922 }, // U+0166
    { 11, 18, 164, 0, 17, 50, 990 }, // U+0167
    { 17, 24, 277, 1, 23, 102, 1040 }, // U+0168
    { 14, 20, 242, 1, 19, 70, 1142 }, // U+0169
    { 17, 23, 277, 1, 22, 98, 1212 }, // U+016A
    { 14, 19, 242, 1, 18, 67, 1310 }, // U+016B
    { 17, 25, 277, 1, 24, 107, 1377 }, // U+016C
    { 14, 21, 242, 1, 20, 74, 1484 }, // U+016D
    { 17, 26, 277, 1, 25, 111, 1558 }, // U+016E
    { 14, 22, 242, 1, 21, 77, 1669 }, // U+016F
    { 18, 25, 277, 1, 24, 113, 1746 }, // U+0170
    { 16, 21, 242, 1, 20, 84, 1859 }, // U+0171
    { 17, 25, 277, 1, 18, 107, 1943 }, // U+0172
    { 14, 21, 242, 1, 14, 74, 2050 }, // U+0173
    { 23, 24, 362, 2, 24, 138, 2124 }, // U+0174
    { 20, 20, 315, 1, 20, 100, 2262 }, // U+0175
    { 15, 24, 226, 2, 24, 90, 2362 }, // U+0176
    { 17, 26, 208, -2, 20, 111, 2452 }, // U+0177
    { 15, 23, 226, 2, 23, 87, 2563 }, // U+0178
    { 16, 24, 214, -1, 24, 96, 2650 }, // U+0179
    { 14, 20, 188, -1, 20, 70, 2746 }, // U+017A
    { 16, 24, 214, -1, 24, 96, 2816 }, // U+017B
    { 13, 20, 188, -1, 20, 65, 2912 }, // U+017C
    { 17, 24, 214, -1, 24, 102, 2977 }, // U+017D
    { 15, 20, 188, -1, 20, 75, 3079 }, // U+017E
    { 15, 26, 143, -3, 20, 98, 3154 }, // U+017F
    { 21, 20, 309, 1, 19, 105, 0 }, // U+01A0
    { 18, 17, 257, 1, 16, 77, 105 }, // U+01A1
    { 23, 20, 310, 1, 19, 115, 182 }, // U+01AF
    { 20, 17, 284, 1, 16, 85, 297 }, // U+01B0
    { 33, 24, 485, 0, 24, 198, 382 }, // U+01C4
    { 31, 20, 453, 0, 20, 155, 580 }, // U+01C5
    { 28, 21, 420, 1, 20, 147, 735 }, // U+01C6
    { 22, 24, 340, 0, 18, 132, 882 }, // U+01C7
    { 22, 26, 326, 0, 20, 143, 1014 }, // U+01C8
    { 16, 26, 239, 0, 20, 104, 1157 }, // U+01C9
    { 28, 24, 434, 0, 18, 168, 1261 }, // U+01CA
    { 27, 26, 421, 0, 20, 176, 1429 }, // U+01CB
    { 24, 26, 360, 0, 20, 156, 1605 }, // U+01CC
    { 19, 24, 251, -2, 24, 114, 1761 }, // U+01CD
    { 14, 21, 237, 1, 20, 74, 1875 }, // U+01CE
    { 15, 24, 153, -1, 24, 90, 1949 }, // U+01CF
    { 12, 20, 120, 0, 20, 60, 2039 }, // U+01D0
    { 17, 25, 292, 1, 24, 107, 2099 }, // U+01D1
    { 14, 21, 236, 1, 20, 74, 2206 }, // U+01D2
    { 17, 25, 277, 1, 24, 107, 2280 }, // U+01D3
    { 14, 21, 242, 1, 20, 74, 2387 }, // U+01D4
    { 17, 27, 277, 1, 26, 115, 2461 }, // U+01D5
    { 14, 23, 242, 1, 22, 81, 2576 }, // U+01D6
    { 17, 28, 277, 1, 27, 119, 2657 }, // U+01D7
    { 14, 24, 242, 1, 23, 84, 2776 }, // U+01D8
    { 17, 28, 277, 1, 27, 119, 2860 }, // U+01D9
    { 15, 24, 242, 1, 23, 90, 2979 }, // U+01DA
    { 17, 28, 277, 1, 27, 119, 3069 }, // U+01DB
    { 14, 24, 242, 1, 23, 84, 3188 }, // U+01DC
    { 13, 15, 223, 0, 14, 49, 3272 }, // U+01DD
    { 18, 26, 251, -2, 26, 117, 3321 }, // U+01DE
    { 14, 23, 237, 1, 22, 81, 3438 }, // U+01DF
    { 18, 26, 251, -2, 26, 117, 3519 }, // U+01E0
    { 14, 23, 237, 1, 22, 81, 3636 }, // U+01E1
    { 26, 22, 358, -2, 22, 143, 3717 }, // U+01E2
    { 21, 19, 349, 1, 18, 100, 3860 }, // U+01E3
    { 16, 20, 276, 1, 19, 80, 3960 }, // U+01E4
    { 15, 20, 238, 0, 14, 75, 4040 }, // U+01E5
    { 17, 25, 276, 1, 24, 107, 4115 }, // U+01E6
    { 15, 26, 238, 0, 20, 98, 4222 }, // U+01E7
    { 18, 24, 251, 0, 24, 108, 4320 }, // U+01E8
    { 16, 25, 227, 0, 25, 100, 4428 }, // U+01E9
    { 17, 26, 292, 1, 19, 111, 4528 }, // U+01EA
    { 13, 21, 236, 1, 14, 69, 4639 }, // U+01EB
    { 17, 29, 292, 1, 22, 124, 4708 }, // U+01EC
    { 13, 25, 236, 1, 18, 82, 4832 }, // U+01ED
    { 16, 25, 222, -1, 24, 100, 4914 }, // U+01EE
    { 16, 27, 219, -2, 20, 108, 5014 }, // U+01EF
    { 16, 26, 120, -4, 20, 104, 5122 }, // U+01F0
    { 32, 18, 485, 0, 18, 144, 5226 }, // U+01F1
    { 29, 18, 459, 0, 18, 131, 5370 }, // U+01F2
    { 26, 20, 426, 1, 19, 130, 5501 }, // U+01F3
    { 16, 25, 276, 1, 24, 100, 5631 }, // U+01F4
    { 15, 26, 238, 0, 20, 98, 5731 }, // U+01F5
    { 25, 19, 403, 0, 18, 119, 5829 }, // U+01F6
    { 18, 25, 258, -1, 19, 113, 5948 }, // U+01F7
    { 20, 24, 303, 0, 24, 120, 6061 }, // U+01F8
    { 14, 20, 242, 0, 20, 70, 6181 }, // U+01F9
    { 19, 24, 251, -2, 24, 114, 6251 }, // U+01FA
    { 15, 25, 237, 1, 24, 94, 6365 }, // U+01FB
    { 26, 24, 358, -2, 24, 156, 6459 }, // U+01FC
    { 21, 21, 349, 1, 20, 111, 6615 }, // U+01FD
    { 17, 26, 292, 1, 24, 111, 6726 }, // U+01FE
    { 15, 22, 234, 0, 20, 83, 6837 }, // U+01FF
    { 17, 24, 251, -2, 24, 102, 6920 }, // U+0200
    { 14, 21, 237, 1, 20, 74, 7022 }, // U+0201
    { 18, 24, 251, -2, 24, 108, 7096 }, // U+0202
    { 14, 21, 237, 1, 20, 74, 7204 }, // U+0203
    { 15, 24, 217, 0, 24, 90, 7278 }, // U+0204
    { 13, 21, 223, 1, 20, 69, 7368 }, // U+0205
    { 15, 24, 217, 0, 24, 90, 0 }, // U+0206
    { 13, 21, 223, 1, 20, 69, 90 }, // U+0207
    { 12, 24, 153, -1, 24, 72, 159 }, // U+0208
    { 10, 20, 120, -1, 20, 50, 231 }, // U+0209
    { 13, 24, 153, -1, 24, 78, 281 }, // U+020A
    { 11, 20, 120, 0, 20, 55, 359 }, // U+020B
    { 17, 25, 292, 1, 24, 107, 414 }, // U+020C
    { 13, 21, 236, 1, 20, 69, 521 }, // U+020D
    { 17, 25, 292, 1, 24, 107, 590 }, // U+020E
    { 13, 21, 236, 1, 20, 69, 697 }, // U+020F
    { 15, 24, 248, 0, 24, 90, 766 }, // U+0210
    { 12, 20, 169, 0, 20, 60, 856 }, // U+0211
    { 15, 24, 248, 0, 24, 90, 916 }, // U+0212
    { 13, 20, 169, 0, 20, 65, 1006 }, // U+0213
    { 17, 25, 277, 1, 24, 107, 1071 }, // U+0214
    { 14, 21, 242, 1, 20, 74, 1178 }, // U+0215
    { 17, 25, 277, 1, 24, 107, 1252 }, // U+0216
    { 14, 21, 242, 1, 20, 74, 1359 }, // U+0217
    { 14, 25, 212, 0, 19, 88, 1433 }, // U+0218
    { 12, 20, 190, 0, 14, 60, 1521 }, // U+0219
    { 15, 24, 213, 1, 18, 90, 1581 }, // U+021A
    { 10, 23, 164, 1, 17, 58, 1671 }, // U+021B
    { 18, 24, 252, -2, 19, 108, 1729 }, // U+021C
    { 15, 20, 202, -2, 14, 75, 1837 }, // U+021D
    { 18, 24, 280, 0, 24, 108, 1912 }, // U+021E
    { 14, 25, 242, 0, 25, 88, 2020 }, // U+021F
    { 6, 5, 0, -11, 20, 8, 0 }, // U+0300
    { 8, 5, 0, -6, 20, 10, 8 }, // U+0301
    { 11, 5, 0, -4, 20, 14, 18 }, // U+0302
    { 11, 4, 0, -11, 19, 11, 32 }, // U+0303
    { 9, 3, 0, -3, 18, 7, 43 }, // U+0304
    { 11, 4, 0, -3, 22, 11, 50 }, // U+0305
    { 10, 5, 0, -3, 20, 13, 61 }, // U+0306
    { 5, 5, 0, 0, 20, 7, 74 }, // U+0307
    { 9, 4, 0, -2, 19, 9, 81 }, // U+0308
    { 6, 7, 0, -8, 21, 11, 90 }, // U+0309
    { 7, 6, 0, -1, 21, 11, 101 }, // U+030A
    { 12, 5, 0, -3, 20, 15, 112 }, // U+030B
    { 11, 5, 0, -3, 20, 14, 127 }, // U+030C
    { 5, 8, 0, 0, 20, 10, 141 }, // U+030D
    { 9, 6, 0, -2, 20, 14, 151 }, // U+030E
    { 11, 5, 0, -12, 20, 14, 165 }, // U+030F
    { 9, 7, 0, -2, 22, 16, 179 }, // U+0310
    { 10, 5, 0, -3, 20, 13, 195 }, // U+0311
    { 7, 7, 0, -2, 18, 13, 208 }, // U+0312
    { 7, 7, 0, -2, 18, 13, 221 }, // U+0313
    { 4, 7, 0, 0, 18, 7, 234 }, // U+0314
    { 7, 7, 0, -2, 18, 13, 241 }, // U+0315
    { 6, 5, 0, -5, 0, 8, 254 }, // U+0316
    { 8, 5, 0, -6, 0, 10, 262 }, // U+0317
    { 6, 6, 0, -5, 0, 9, 272 }, // U+0318
    { 6, 6, 0, -5, 0, 9, 281 }, // U+0319
    { 8, 7, 126, 2, 19, 14, 290 }, // U+031A
    { 8, 7, 0, -2, 20, 14, 304 }, // U+031B
    { 5, 7, 0, -2, 0, 9, 318 }, // U+031C
    { 7, 5, 0, -6, -1, 9, 327 }, // U+031D
    { 6, 5, 0, -5, -1, 8, 336 }, // U+031E
    { 6, 6, 0, -5, 0, 9, 344 }, // U+031F
    { 7, 3, 0, -6, -2, 6, 353 }, // U+0320
    { 8, 8, 0, -6, 2, 16, 359 }, // U+0321
    { 6, 8, 0, -3, 2, 12, 375 }, // U+0322
    { 5, 5, 0, -12, -1, 7, 387 }, // U+0323
    { 9, 4, 0, -7, -1, 9, 394 }, // U+0324
    { 7, 6, 0, -6, 0, 11, 403 }, // U+0325
    { 6, 5, 0, 1, -1, 8, 414 }, // U+0326
    { 7, 6, 0, -5, 0, 11, 422 }, // U+0327
    { 6, 7, 0, -5, 0, 11, 433 }, // U+0328
    { 5, 8, 0, -4, 0, 10, 444 }, // U+0329
    { 10, 5, 0, -7, -1, 13, 454 }, // U+032A
    { 10, 4, 0, -7, -1, 10, 467 }, // U+032B
    { 11, 5, 0, -7, 0, 14, 477 }, // U+032C
    { 11, 5, 0, -8, 0, 14, 491 }, // U+032D
    { 10, 5, 0, -7, 0, 13, 505 }, // U+032E
    { 10, 5, 0, -7, -1, 13, 518 }, // U+032F
    { 12, 4, 0, -8, -1, 12, 531 }, // U+0330
    { 9, 3, 0, -7, -2, 7, 543 }, // U+0331
    { 12, 2, 0, -8, -2, 6, 550 }, // U+0332
    { 13, 6, 0, -9, 0, 20, 556 }, // U+0333
    { 12, 4, 0, -6, 9, 12, 576 }, // U+0334
    { 11, 4, 0, -6, 9, 11, 588 }, // U+0335
    { 20, 4, 0, -10, 9, 20, 599 }, // U+0336
    { 10, 8, 0, -5, 11, 20, 619 }, // U+0337
    { 16, 21, 0, -8, 19, 84, 639 }, // U+0338
    { 4, 7, 0, -2, 0, 7, 723 }, // U+0339
    { 10, 5, 0, -7, -1, 13, 730 }, // U+033A
    { 10, 6, 0, -7, 0, 15, 743 }, // U+033B
    { 10, 4, 0, -7, -1, 10, 758 }, // U+033C
    { 7, 6, 0, -1, 20, 11, 768 }, // U+033D
    { 6, 8, 0, -1, 22, 12, 779 }, // U+033E
    { 12, 6, 0, -3, 25, 18, 791 }, // U+033F
    { 6, 5, 0, -2, 20, 8, 809 }, // U+0340
    { 7, 5, 0, 0, 20, 9, 817 }, // U+0341
    { 12, 4, 0, 3, 19, 12, 826 }, // U+0342
    { 5, 6, 0, 0, 20, 8, 838 }, // U+0343
    { 14, 5, 0, -4, 20, 18, 846 }, // U+0344
    { 6, 5, 0, -4, -1, 8, 864 }, // U+0345
    { 12, 6, 0, -4, 20, 18, 872 }, // U+0346
    { 12, 6, 0, -8, 0, 18, 890 }, // U+0347
    { 8, 6, 0, -6, 0, 12, 908 }, // U+0348
    { 6, 5, 0, -5, -1, 8, 920 }, // U+0349
    { 10, 6, 0, -3, 20, 15, 928 }, // U+034A
    { 11, 10, 0, -3, 24, 28, 943 }, // U+034B
    { 11, 7, 0, -3, 22, 20, 971 }, // U+034C
    { 10, 6, 0, -7, 0, 15, 991 }, // U+034D
    { 5, 6, 0, -4, 0, 8, 1006 }, // U+034E
    { 18, 18, 0, -9, 18, 81, 1014 }, // U+034F
    { 5, 6, 0, 0, 20, 8, 1095 }, // U+0350
    { 4, 7, 0, 3, 22, 7, 1103 }, // U+0351
    { 10, 7, 0, -3, 22, 18, 1110 }, // U+0352
    { 5, 6, 0, -4, 0, 8, 1128 }, // U+0353
    { 5, 5, 0, -4, -1, 7, 1136 }, // U+0354
    { 5, 5, 0, -4, -1, 7, 1143 }, // U+0355
    { 10, 5, 0, -6, -1, 13, 1150 }, // U+0356
    { 5, 7, 0, 2, 21, 9, 1163 }, // U+0357
    { 5, 5, 0, 0, 20, 7, 1172 }, // U+0358
    { 6, 6, 0, -5, 0, 9, 1179 }, // U+0359
    { 10, 6, 0, -7, 0, 15, 1188 }, // U+035A
    { 5, 6, 0, 0, 20, 8, 1203 }, // U+035B
    { 20, 5, 0, -11, -1, 25, 1211 }, // U+035C
    { 20, 5, 0, -8, 19, 25, 1236 }, // U+035D
    { 14, 3, 0, -5, 18, 11, 1261 }, // U+035E
    { 14, 3, 0, -9, -1, 11, 1272 }, // U+035F
    { 21, 4, 0, -8, 19, 21, 1283 }, // U+0360
    { 20, 6, 0, -7, 22, 30, 1304 }, // U+0361
    { 21, 6, 0, -13, 0, 32, 1334 }, // U+0362
    { 7, 7, 0, -1, 22, 13, 1366 }, // U+0363
    { 7, 7, 0, -1, 22, 13, 1379 }, // U+0364
    { 5, 9, 0, 0, 24, 12, 1392 }, // U+0365
    { 7, 7, 0, -1, 22, 13, 1404 }, // U+0366
    { 7, 6, 0, -1, 21, 11, 1417 }, // U+0367
    { 6, 7, 0, 0, 22, 11, 1428 }, // U+0368
    { 8, 9, 0, -1, 24, 18, 1439 }, // U+0369
    { 7, 9, 0, -1, 24, 16, 1457 }, // U+036A
    { 10, 7, 0, -3, 22, 18, 1473 }, // U+036B
    { 6, 7, 0, 0, 22, 11, 1491 }, // U+036C
    { 5, 8, 0, 0, 23, 10, 1502 }, // U+036D
    { 6, 6, 0, 0, 21, 9, 1512 }, // U+036E
    { 8, 6, 0, -2, 21, 12, 1521 }, // U+036F
    { 15, 24, 212, 0, 24, 90, 0 }, // U+0400
    { 15, 24, 212, 0, 24, 90, 90 }, // U+0401
    { 15, 19, 284, 2, 18, 72, 180 }, // U+0402
    { 15, 24, 201, 0, 24, 90, 252 }, // U+0403
    { 16, 20, 242, 1, 19, 80, 342 }, // U+0404
    { 14, 20, 212, 0, 19, 70, 422 }, // U+0405
    { 9, 18, 123, 0, 18, 41, 492 }, // U+0406
    { 11, 24, 124, 0, 24, 66, 533 }, // U+0407
    { 14, 24, 128, -5, 18, 84, 599 }, // U+0408
    { 25, 19, 387, -1, 18, 119, 683 }, // U+0409
    { 23, 18, 374, 0, 18, 104, 802 }, // U+040A
    { 15, 18, 291, 2, 18, 68, 906 }, // U+040B
    { 18, 24, 251, 0, 24, 108, 974 }, // U+040C
    { 18, 24, 280, 0, 24, 108, 1082 }, // U+040D
    { 18, 25, 236, 0, 24, 113, 1190 }, // U+040E
    { 18, 22, 270, 0, 18, 99, 1303 }, // U+040F
    { 17, 18, 251, -2, 18, 77, 1402 }, // U+0410
    { 15, 18, 236, 0, 18, 68, 1479 }, // U+0411
    { 16, 18, 246, 0, 18, 72, 1547 }, // U+0412
    { 15, 18, 201, 0, 18, 68, 1619 }, // U+0413
    { 21, 22, 289, -3, 18, 116, 1687 }, // U+0414
    { 15, 18, 212, 0, 18, 68, 1803 }, // U+0415
    { 27, 18, 362, -2, 18, 122, 1871 }, // U+0416
    { 15, 20, 228, 0, 19, 75, 1993 }, // U+0417
    { 18, 18, 280, 0, 18, 81, 2068 }, // U+0418
    { 18, 24, 280, 0, 24, 108, 2149 }, // U+0419
    { 18, 18, 251, 0, 18, 81, 2257 }, // U+041A
    { 19, 19, 279, -1, 18, 91, 2338 }, // U+041B
    { 23, 18, 348, 0, 18, 104, 2429 }, // U+041C
    { 18, 18, 274, 0, 18, 81, 2533 }, // U+041D
    { 17, 20, 287, 1, 19, 85, 2614 }, // U+041E
    { 18, 18, 270, 0, 18, 81, 2699 }, // U+041F
    { 16, 18, 236, 0, 18, 72, 2780 }, // U+0420
    { 16, 20, 238, 1, 19, 80, 2852 }, // U+0421
    { 14, 18, 209, 2, 18, 63, 2932 }, // U+0422
    { 18, 19, 238, 0, 18, 86, 2995 }, // U+0423
    { 21, 20, 352, 1, 19, 105, 3081 }, // U+0424
    { 20, 18, 243, -2, 18, 90, 3186 }, // U+0425
    { 18, 22, 279, 0, 18, 99, 3276 }, // U+0426
    { 15, 18, 264, 2, 18, 68, 3375 }, // U+0427
    { 25, 18, 394, 0, 18, 113, 3443 }, // U+0428
    { 25, 22, 398, 0, 18, 138, 3556 }, // U+0429
    { 15, 18, 280, 2, 18, 68, 3694 }, // U+042A
    { 23, 18, 351, 0, 18, 104, 3762 }, // U+042B
    { 15, 18, 238, 0, 18, 68, 3866 }, // U+042C
    { 16, 20, 244, 0, 19, 80, 3934 }, // U+042D
    { 25, 20, 395, 0, 19, 125, 4014 }, // U+042E
    { 18, 18, 247, -2, 18, 81, 4139 }, // U+042F
    { 15, 15, 232, 0, 14, 57, 4220 }, // U+0430
    { 14, 21, 226, 1, 20, 74, 4277 }, // U+0431
    { 14, 15, 221, 0, 14, 53, 4351 }, // U+0432
    { 13, 15, 185, -1, 14, 49, 4404 }, // U+0433
    { 14, 21, 230, 0, 20, 74, 4453 }, // U+0434
    { 13, 15, 209, 0, 14, 49, 4527 }, // U+0435
    { 26, 15, 382, -1, 14, 98, 4576 }, // U+0436
    { 12, 15, 199, 0, 14, 45, 4674 }, // U+0437
    { 14, 15, 238, 1, 14, 53, 4719 }, // U+0438
    { 14, 21, 237, 1, 20, 74, 4772 }, // U+0439
    { 16, 14, 224, 0, 14, 56, 4846 }, // U+043A
    { 16, 15, 243, -1, 14, 60, 4902 }, // U+043B
    { 19, 14, 309, 0, 14, 67, 4962 }, // U+043C
    { 15, 14, 235, 0, 14, 53, 5029 }, // U+043D
    { 14, 15, 228, 0, 14, 53, 5082 }, // U+043E
    { 14, 14, 238, 0, 14, 49, 5135 }, // U+043F
    { 16, 20, 242, -1, 14, 80, 5184 }, // U+0440
    { 12, 15, 188, 0, 14, 45, 5264 }, // U+0441
    { 22, 14, 358, 0, 14, 77, 5309 }, // U+0442
    { 17, 20, 213, -2, 14, 85, 5386 }, // U+0443
    { 18, 25, 297, 0, 19, 113, 5471 }, // U+0444
    { 17, 14, 208, -2, 14, 60, 5584 }, // U+0445
    { 14, 18, 245, 1, 14, 63, 5644 }, // U+0446
    { 14, 14, 232, 1, 14, 49, 5707 }, // U+0447
    { 22, 15, 358, 1, 14, 83, 5756 }, // U+0448
    { 22, 18, 365, 1, 14, 99, 5839 }, // U+0449
    { 15, 15, 250, 0, 14, 57, 5938 }, // U+044A
    { 20, 15, 320, 0, 14, 75, 5995 }, // U+044B
    { 13, 15, 220, 0, 14, 49, 6070 }, // U+044C
    { 12, 15, 190, 0, 14, 45, 6119 }, // U+044D
    { 20, 15, 322, 0, 14, 75, 6164 }, // U+044E
    { 16, 14, 220, -2, 14, 56, 6239 }, // U+044F
    { 13, 21, 209, 0, 20, 69, 6295 }, // U+0450
    { 13, 20, 209, 0, 19, 65, 6364 }, // U+0451
    { 14, 25, 239, 0, 19, 88, 6429 }, // U+0452
    { 14, 21, 185, -1, 20, 74, 6517 }, // U+0453
    { 12, 15, 188, 0, 14, 45, 6591 }, // U+0454
    { 12, 15, 182, 0, 14, 45, 6636 }, // U+0455
    { 9, 20, 116, 0, 20, 45, 6681 }, // U+0456
    { 10, 19, 114, 0, 19, 48, 6726 }, // U+0457
    { 13, 26, 115, -4, 20, 85, 6774 }, // U+0458
    { 22, 15, 343, -1, 14, 83, 6859 }, // U+0459
    { 21, 15, 335, 0, 14, 79, 6942 }, // U+045A
    { 14, 19, 239, 0, 19, 67, 7021 }, // U+045B
    { 16, 20, 222, 0, 20, 80, 7088 }, // U+045C
    { 14, 21, 237, 1, 20, 74, 7168 }, // U+045D
    { 17, 26, 213, -2, 20, 111, 7242 }, // U+045E
    { 14, 19, 238, 1, 14, 67, 7353 }, // U+045F
    { 23, 18, 354, 2, 18, 104, 0 }, // U+0460
    { 21, 14, 323, 1, 14, 74, 104 }, // U+0461
    { 14, 18, 251, 1, 18, 63, 178 }, // U+0462
    { 20, 15, 344, 0, 14, 75, 241 }, // U+0463
    { 24, 20, 355, 0, 19, 120, 316 }, // U+0464
    { 19, 15, 300, 0, 14, 72, 436 }, // U+0465
    { 18, 18, 268, -2, 18, 81, 508 }, // U+0466
    { 16, 14, 232, -2, 14, 56, 589 }, // U+0467
    { 22, 18, 370, 0, 18, 99, 645 }, // U+0468
    { 20, 14, 334, 0, 14, 70, 744 }, // U+0469
    { 21, 18, 292, -2, 18, 95, 814 }, // U+046A
    { 17, 14, 232, -2, 14, 60, 909 }, // U+046B
    { 26, 18, 394, 0, 18, 117, 969 }, // U+046C
    { 22, 14, 331, 0, 14, 77, 1086 }, // U+046D
    { 16, 28, 238, -1, 22, 112, 1163 }, // U+046E
    { 15, 23, 210, -2, 17, 87, 1275 }, // U+046F
    { 21, 18, 331, 2, 18, 95, 1362 }, // U+0470
    { 19, 25, 323, 1, 19, 119, 1457 }, // U+0471
    { 17, 20, 292, 1, 19, 85, 1576 }, // U+0472
    { 13, 15, 234, 1, 14, 49, 1661 }, // U+0473
    { 16, 18, 260, 2, 18, 72, 1710 }, // U+0474
    { 14, 14, 218, 1, 14, 49, 1782 }, // U+0475
    { 16, 24, 260, 2, 24, 96, 1831 }, // U+0476
    { 14, 20, 218, 1, 20, 70, 1927 }, // U+0477
    { 32, 25, 500, 1, 19, 200, 1997 }, // U+0478
    { 28, 20, 442, 1, 14, 140, 2197 }, // U+0479
    { 18, 22, 303, 1, 20, 99, 2337 }, // U+047A
    { 14, 17, 253, 1, 15, 60, 2436 }, // U+047B
    { 24, 27, 405, 1, 26, 162, 2496 }, // U+047C
    { 20, 23, 346, 1, 22, 115, 2658 }, // U+047D
    { 23, 23, 354, 2, 23, 133, 2773 }, // U+047E
    { 21, 19, 325, 1, 19, 100, 2906 }, // U+047F
    { 16, 25, 245, 1, 19, 100, 3006 }, // U+0480
    { 12, 20, 194, 1, 14, 60, 3106 }, // U+0481
    { 13, 17, 244, 1, 16, 56, 3166 }, // U+0482
    { 10, 5, 0, -10, 19, 13, 3222 }, // U+0483
    { 10, 4, 0, -10, 19, 10, 3235 }, // U+0484
    { 5, 6, 0, -7, 20, 8, 3245 }, // U+0485
    { 5, 6, 0, -7, 20, 8, 3253 }, // U+0486
    { 11, 4, 0, -3, 23, 11, 3261 }, // U+0487
    { 30, 27, 0, -15, 20, 203, 3272 }, // U+0488
    { 28, 28, 0, -14, 21, 196, 3475 }, // U+0489
    { 20, 30, 328, 0, 24, 150, 3671 }, // U+048A
    { 15, 25, 252, 1, 20, 94, 3821 }, // U+048B
    { 14, 18, 235, 0, 18, 63, 3915 }, // U+048C
    { 12, 20, 227, 1, 19, 60, 3978 }, // U+048D
    { 16, 18, 244, 0, 18, 72, 4038 }, // U+048E
    { 15, 20, 238, -1, 14, 75, 4110 }, // U+048F
    { 16, 22, 204, 0, 22, 88, 4185 }, // U+0490
    { 14, 18, 184, 0, 18, 63, 4273 }, // U+0491
    { 15, 18, 202, 0, 18, 68, 4336 }, // U+0492
    { 14, 14, 185, -1, 14, 49, 4404 }, // U+0493
    { 15, 25, 266, 0, 18, 94, 4453 }, // U+0494
    { 13, 21, 229, 0, 14, 69, 4547 }, // U+0495
    { 26, 24, 368, -2, 18, 156, 4616 }, // U+0496
    { 26, 19, 384, -1, 14, 124, 4772 }, // U+0497
    { 15, 26, 228, 0, 19, 98, 4896 }, // U+0498
    { 12, 21, 199, 0, 14, 63, 4994 }, // U+0499
    { 18, 24, 275, 0, 18, 108, 5057 }, // U+049A
    { 16, 19, 245, 0, 14, 76, 5165 }, // U+049B
    { 18, 18, 251, 0, 18, 81, 5241 }, // U+049C
    { 15, 14, 235, 1, 14, 53, 5322 }, // U+049D
    { 18, 18, 245, 0, 18, 81, 5375 }, // U+049E
    { 16, 19, 231, 0, 19, 76, 5456 }, // U+049F
    { 18, 18, 280, 2, 18, 81, 5532 }, // U+04A0
    { 18, 14, 259, 0, 14, 63, 5613 }, // U+04A1
    { 18, 24, 306, 0, 18, 108, 5676 }, // U+04A2
    { 16, 19, 268, 0, 14, 76, 5784 }, // U+04A3
    { 22, 18, 308, 0, 18, 99, 5860 }, // U+04A4
    { 20, 14, 284, 0, 14, 70, 5959 }, // U+04A5
    { 24, 25, 413, 0, 18, 150, 6029 }, // U+04A6
    { 20, 21, 346, 0, 14, 105, 6179 }, // U+04A7
    { 17, 21, 292, 1, 19, 90, 6284 }, // U+04A8
    { 14, 15, 245, 1, 14, 53, 6374 }, // U+04A9
    { 16, 26, 245, 1, 19, 104, 6427 }, // U+04AA
    { 12, 21, 194, 1, 14, 63, 6531 }, // U+04AB
    { 14, 24, 212, 2, 18, 84, 6594 }, // U+04AC
    { 23, 19, 370, 0, 14, 110, 6678 }, // U+04AD
    { 15, 18, 226, 2, 18, 68, 6788 }, // U+04AE
    { 14, 20, 205, 1, 14, 70, 6856 }, // U+04AF
    { 17, 18, 226, 0, 18, 77, 6926 }, // U+04B0
    { 16, 20, 205, -1, 14, 80, 7003 }, // U+04B1
    { 20, 24, 276, -2, 18, 120, 7083 }, // U+04B2
    { 16, 19, 239, -1, 14, 76, 7203 }, // U+04B3
    { 19, 24, 335, 2, 18, 114, 7279 }, // U+04B4
    { 16, 19, 273, 1, 14, 76, 7393 }, // U+04B5
    { 16, 24, 299, 2, 18, 96, 7469 }, // U+04B6
    { 13, 19, 256, 2, 14, 62, 7565 }, // U+04B7
    { 15, 18, 271, 2, 18, 68, 7627 }, // U+04B8
    { 13, 14, 242, 2, 14, 46, 0 }, // U+04B9
    { 16, 18, 271, 0, 18, 72, 46 }, // U+04BA
    { 14, 19, 242, 0, 19, 67, 118 }, // U+04BB
    { 20, 20, 312, 0, 19, 100, 185 }, // U+04BC
    { 16, 15, 264, 0, 14, 60, 285 }, // U+04BD
    { 20, 25, 312, 0, 19, 125, 345 }, // U+04BE
    { 16, 19, 264, 0, 14, 76, 470 }, // U+04BF
    { 12, 18, 153, -1, 18, 54, 546 }, // U+04C0
    { 27, 24, 362, -2, 24, 162, 600 }, // U+04C1
    { 26, 21, 382, -1, 20, 137, 762 }, // U+04C2
    { 18, 25, 277, 0, 18, 113, 899 }, // U+04C3
    { 16, 21, 248, 0, 14, 84, 1012 }, // U+04C4
    { 20, 24, 304, -1, 18, 120, 1096 }, // U+04C5
    { 17, 19, 264, -1, 14, 81, 1216 }, // U+04C6
    { 18, 25, 280, 0, 18, 113, 1297 }, // U+04C7
    { 15, 21, 247, 0, 14, 79, 1410 }, // U+04C8
    { 19, 24, 306, 0, 18, 114, 1489 }, // U+04C9
    { 16, 19, 270, 0, 14, 76, 1603 }, // U+04CA
    { 15, 24, 269, 2, 18, 90, 1679 }, // U+04CB
    { 13, 19, 238, 2, 14, 62, 1769 }, // U+04CC
    { 23, 24, 378, 0, 18, 138, 1831 }, // U+04CD
    { 21, 19, 335, 0, 14, 100, 1969 }, // U+04CE
    { 12, 18, 153, -1, 18, 54, 2069 }, // U+04CF
    { 18, 24, 251, -2, 24, 108, 2123 }, // U+04D0
    { 14, 21, 237, 1, 20, 74, 2231 }, // U+04D1
    { 17, 23, 251, -2, 23, 98, 2305 }, // U+04D2
    { 14, 20, 237, 1, 19, 70, 2403 }, // U+04D3
    { 26, 18, 358, -2, 18, 117, 2473 }, // U+04D4
    { 21, 15, 349, 1, 14, 79, 2590 }, // U+04D5
    { 16, 24, 217, 0, 24, 96, 2669 }, // U+04D6
    { 14, 21, 223, 1, 20, 74, 2765 }, // U+04D7
    { 16, 20, 264, 0, 19, 80, 2839 }, // U+04D8
    { 13, 15, 223, 0, 14, 49, 2919 }, // U+04D9
    { 16, 24, 264, 0, 23, 96, 2968 }, // U+04DA
    { 13, 20, 223, 0, 19, 65, 3064 }, // U+04DB
    { 27, 23, 362, -2, 23, 156, 3129 }, // U+04DC
    { 26, 20, 382, -1, 19, 130, 3285 }, // U+04DD
    { 15, 24, 228, 0, 23, 90, 3415 }, // U+04DE
    { 13, 20, 199, 0, 19, 65, 3505 }, // U+04DF
    { 16, 19, 222, -1, 18, 76, 3570 }, // U+04E0
    { 16, 21, 219, -2, 14, 84, 3646 }, // U+04E1
    { 18, 22, 280, 0, 22, 99, 3730 }, // U+04E2
    { 14, 19, 242, 1, 18, 67, 3829 }, // U+04E3
    { 18, 23, 280, 0, 23, 104, 3896 }, // U+04E4
    { 14, 20, 242, 1, 19, 70, 4000 }, // U+04E5
    { 17, 24, 292, 1, 23, 102, 4070 }, // U+04E6
    { 13, 20, 236, 1, 19, 65, 4172 }, // U+04E7
    { 17, 20, 292, 1, 19, 85, 4237 }, // U+04E8
    { 13, 15, 236, 1, 14, 49, 4322 }, // U+04E9
    { 17, 24, 292, 1, 23, 102, 4371 }, // U+04EA
    { 13, 20, 236, 1, 19, 65, 4473 }, // U+04EB
    { 16, 24, 244, 0, 23, 96, 4538 }, // U+04EC
    { 12, 20, 190, 0, 19, 60, 4634 }, // U+04ED
    { 18, 23, 236, 0, 22, 104, 4694 }, // U+04EE
    { 17, 24, 208, -2, 18, 102, 4798 }, // U+04EF
    { 18, 24, 236, 0, 23, 108, 4900 }, // U+04F0
    { 17, 25, 208, -2, 19, 107, 5008 }, // U+04F1
    { 18, 25, 236, 0, 24, 113, 5115 }, // U+04F2
    { 18, 26, 208, -2, 20, 117, 5228 }, // U+04F3
    { 15, 23, 262, 2, 23, 87, 5345 }, // U+04F4
    { 14, 19, 231, 1, 19, 67, 5432 }, // U+04F5
    { 15, 24, 201, 0, 18, 90, 5499 }, // U+04F6
    { 13, 19, 185, 0, 14, 62, 5589 }, // U+04F7
    { 23, 23, 351, 0, 23, 133, 5651 }, // U+04F8
    { 20, 20, 322, 0, 19, 100, 5784 }, // U+04F9
    { 15, 25, 202, 0, 18, 94, 5884 }, // U+04FA
    { 14, 21, 185, -1, 14, 74, 5978 }, // U+04FB
    { 20, 25, 276, -2, 18, 125, 6052 }, // U+04FC
    { 17, 21, 240, -2, 14, 90, 6177 }, // U+04FD
    { 20, 18, 244, -2, 18, 90, 6267 }, // U+04FE
    { 17, 14, 212, -2, 14, 60, 6357 }, // U+04FF
    { 17, 24, 251, -2, 18, 102, 0 }, // U+1EA0
    { 14, 20, 237, 1, 14, 70, 102 }, // U+1EA1
    { 17, 25, 251, -2, 25, 107, 172 }, // U+1EA2
    { 14, 22, 237, 1, 21, 77, 279 }, // U+1EA3
    { 22, 25, 251, -2, 25, 138, 356 }, // U+1EA4
    { 17, 22, 237, 1, 21, 94, 494 }, // U+1EA5
    { 17, 25, 251, -2, 25, 107, 588 }, // U+1EA6
    { 14, 22, 237, 1, 21, 77, 695 }, // U+1EA7
    { 20, 26, 251, -2, 26, 130, 772 }, // U+1EA8
    { 16, 23, 237, 1, 22, 92, 902 }, // U+1EA9
    { 18, 27, 251, -2, 27, 122, 994 }, // U+1EAA
    { 14, 24, 237, 1, 23, 84, 1116 }, // U+1EAB
    { 18, 30, 251, -2, 24, 135, 1200 }, // U+1EAC
    { 14, 26, 237, 1, 20, 91, 1335 }, // U+1EAD
    { 18, 26, 251, -2, 26, 117, 1426 }, // U+1EAE
    { 14, 23, 237, 1, 22, 81, 1543 }, // U+1EAF
    { 18, 26, 251, -2, 26, 117, 1624 }, // U+1EB0
    { 14, 23, 237, 1, 22, 81, 1741 }, // U+1EB1
    { 18, 27, 251, -2, 27, 122, 1822 }, // U+1EB2
    { 14, 23, 237, 1, 22, 81, 1944 }, // U+1EB3
    { 18, 27, 251, -2, 27, 122, 2025 }, // U+1EB4
    { 14, 24, 237, 1, 23, 84, 2147 }, // U+1EB5
    { 18, 30, 251, -2, 24, 135, 2231 }, // U+1EB6
    { 14, 26, 237, 1, 20, 91, 2366 }, // U+1EB7
    { 15, 24, 217, 0, 18, 90, 2457 }, // U+1EB8
    { 13, 20, 223, 1, 14, 65, 2547 }, // U+1EB9
    { 15, 25, 217, 0, 25, 94, 2612 }, // U+1EBA
    { 13, 22, 223, 1, 21, 72, 2706 }, // U+1EBB
    { 16, 23, 217, 0, 23, 92, 2778 }, // U+1EBC
    { 14, 20, 223, 1, 19, 70, 2870 }, // U+1EBD
    { 19, 25, 217, 0, 25, 119, 2940 }, // U+1EBE
    { 17, 22, 223, 1, 21, 94, 3059 }, // U+1EBF
    { 15, 25, 217, 0, 25, 94, 3153 }, // U+1EC0
    { 13, 22, 223, 1, 21, 72, 3247 }, // U+1EC1
    { 18, 26, 217, 0, 26, 117, 3319 }, // U+1EC2
    { 16, 23, 223, 1, 22, 92, 3436 }, // U+1EC3
    { 15, 27, 217, 0, 27, 102, 3528 }, // U+1EC4
    { 13, 24, 223, 1, 23, 78, 3630 }, // U+1EC5
    { 15, 30, 217, 0, 24, 113, 3708 }, // U+1EC6
    { 13, 26, 223, 1, 20, 85, 3821 }, // U+1EC7
    { 12, 25, 153, -1, 25, 75, 3906 }, // U+1EC8
    { 10, 21, 120, 0, 21, 53, 3981 }, // U+1EC9
    { 12, 24, 153, -1, 18, 72, 4034 }, // U+1ECA
    { 10, 26, 120, -1, 20, 65, 4106 }, // U+1ECB
    { 17, 25, 292, 1, 19, 107, 4171 }, // U+1ECC
    { 13, 20, 236, 1, 14, 65, 4278 }, // U+1ECD
    { 17, 26, 292, 1, 25, 111, 4343 }, // U+1ECE
    { 13, 22, 236, 1, 21, 72, 4454 }, // U+1ECF
    { 20, 26, 292, 1, 25, 130, 4526 }, // U+1ED0
    { 17, 22, 236, 1, 21, 94, 4656 }, // U+1ED1
    { 17, 26, 292, 1, 25, 111, 4750 }, // U+1ED2
    { 13, 22, 236, 1, 21, 72, 4861 }, // U+1ED3
    { 19, 27, 292, 1, 26, 129, 4933 }, // U+1ED4
    { 16, 23, 236, 1, 22, 92, 5062 }, // U+1ED5
    { 17, 28, 292, 1, 27, 119, 5154 }, // U+1ED6
    { 13, 24, 236, 1, 23, 78, 5273 }, // U+1ED7
    { 17, 30, 292, 1, 24, 128, 5351 }, // U+1ED8
    { 13, 26, 236, 1, 20, 85, 5479 }, // U+1ED9
    { 21, 25, 309, 1, 24, 132, 5564 }, // U+1EDA
    { 18, 21, 261, 1, 20, 95, 5696 }, // U+1EDB
    { 21, 25, 309, 1, 24, 132, 5791 }, // U+1EDC
    { 18, 21, 261, 1, 20, 95, 5923 }, // U+1EDD
    { 21, 26, 309, 1, 25, 137, 6018 }, // U+1EDE
    { 18, 22, 261, 1, 21, 99, 6155 }, // U+1EDF
    { 21, 24, 309, 1, 23, 126, 6254 }, // U+1EE0
    { 18, 20, 261, 1, 19, 90, 6380 }, // U+1EE1
    { 21, 25, 309, 1, 19, 132, 6470 }, // U+1EE2
    { 18, 22, 261, 1, 16, 99, 6602 }, // U+1EE3
    { 17, 24, 277, 1, 18, 102, 6701 }, // U+1EE4
    { 14, 20, 242, 1, 14, 70, 6803 }, // U+1EE5
    { 17, 26, 277, 1, 25, 111, 6873 }, // U+1EE6
    { 14, 22, 242, 1, 21, 77, 6984 }, // U+1EE7
    { 23, 25, 310, 1, 24, 144, 7061 }, // U+1EE8
    { 20, 21, 284, 1, 20, 105, 0 }, // U+1EE9
    { 23, 25, 310, 1, 24, 144, 105 }, // U+1EEA
    { 20, 21, 284, 1, 20, 105, 249 }, // U+1EEB
    { 23, 26, 310, 1, 25, 150, 354 }, // U+1EEC
    { 20, 22, 284, 1, 21, 110, 504 }, // U+1EED
    { 23, 24, 310, 1, 23, 138, 614 }, // U+1EEE
    { 20, 20, 284, 1, 19, 100, 752 }, // U+1EEF
    { 23, 25, 310, 1, 19, 144, 852 }, // U+1EF0
    { 20, 22, 284, 1, 16, 110, 996 }, // U+1EF1
    { 15, 24, 226, 2, 24, 90, 1106 }, // U+1EF2
    { 17, 26, 208, -2, 20, 111, 1196 }, // U+1EF3
    { 15, 24, 226, 2, 18, 90, 1307 }, // U+1EF4
    { 17, 20, 208, -2, 14, 85, 1397 }, // U+1EF5
    { 15, 25, 226, 2, 25, 94, 1482 }, // U+1EF6
    { 17, 27, 208, -2, 21, 115, 1576 }, // U+1EF7
    { 15, 23, 226, 2, 23, 87, 1691 }, // U+1EF8
    { 17, 25, 208, -2, 19, 107, 1778 }, // U+1EF9
    { 0, 0, 200, 0, 0, 0, 0 }, // U+2000
    { 0, 0, 400, 0, 0, 0, 0 }, // U+2001
    { 0, 0, 200, 0, 0, 0, 0 }, // U+2002
    { 0, 0, 400, 0, 0, 0, 0 }, // U+2003
    { 0, 0, 133, 0, 0, 0, 0 }, // U+2004
    { 0, 0, 100, 0, 0, 0, 0 }, // U+2005
    { 0, 0, 67, 0, 0, 0, 0 }, // U+2006
    { 0, 0, 220, 0, 0, 0, 0 }, // U+2007
    { 0, 0, 115, 0, 0, 0, 0 }, // U+2008
    { 0, 0, 66, 0, 0, 0, 0 }, // U+2009
    { 0, 0, 40, 0, 0, 0, 0 }, // U+200A
    { 0, 0, 0, 0, 0, 0, 0 }, // U+200B
    { 0, 0, 0, 0, 0, 0, 0 }, // U+200C
    { 0, 0, 0, 0, 0, 0, 0 }, // U+200D
    { 7, 22, 0, -1, 18, 39, 0 }, // U+200E
    { 7, 22, 0, -6, 18, 39, 39 }, // U+200F
    { 8, 4, 129, 0, 9, 8, 78 }, // U+2010
    { 8, 4, 129, 0, 9, 8, 86 }, // U+2011
    { 14, 4, 220, 0, 11, 14, 94 }, // U+2012
    { 12, 4, 192, 0, 9, 12, 108 }, // U+2013
    { 24, 4, 384, 0, 9, 24, 120 }, // U+2014
    { 24, 4, 384, 0, 9, 24, 144 }, // U+2015
    { 10, 25, 220, 2, 19, 63, 168 }, // U+2016
    { 12, 6, 160, -3, 0, 18, 231 }, // U+2017
    { 7, 7, 87, 1, 18, 13, 249 }, // U+2018
    { 7, 7, 87, 1, 18, 13, 262 }, // U+2019
    { 7, 7, 112, -2, 3, 13, 275 }, // U+201A
    { 5, 7, 86, 2, 18, 9, 288 }, // U+201B
    { 12, 7, 173, 1, 18, 21, 297 }, // U+201C
    { 12, 7, 173, 1, 18, 21, 318 }, // U+201D
    { 13, 7, 199, -2, 3, 23, 339 }, // U+201E
    { 10, 7, 173, 2, 18, 18, 362 }, // U+201F
    { 11, 19, 206, 2, 19, 53, 380 }, // U+2020
    { 14, 19, 206, 0, 19, 67, 433 }, // U+2021
    { 8, 8, 150, 1, 13, 16, 500 }, // U+2022
    { 8, 10, 141, 1, 14, 20, 516 }, // U+2023
    { 6, 5, 200, 2, 4, 8, 536 }, // U+2024
    { 12, 5, 230, 0, 4, 15, 544 }, // U+2025
    { 19, 5, 333, 0, 4, 24, 559 }, // U+2026
    { 6, 5, 129, 1, 9, 8, 583 }, // U+2027
    { 0, 0, 240, 0, 0, 0, 591 }, // U+2028
    { 0, 0, 240, 0, 0, 0, 591 }, // U+2029
    { 7, 20, 0, -1, 16, 35, 591 }, // U+202A
    { 7, 20, 0, -6, 16, 35, 626 }, // U+202B
    { 6, 22, 0, -3, 18, 33, 661 }, // U+202C
    { 6, 22, 0, -3, 18, 33, 694 }, // U+202D
    { 6, 22, 0, -3, 18, 33, 727 }, // U+202E
    { 0, 0, 66, 0, 0, 0, 760 }, // U+202F
    { 29, 20, 487, 1, 19, 145, 760 }, // U+2030
    { 38, 20, 632, 1, 19, 190, 905 }, // U+2031
    { 8, 7, 113, 1, 18, 14, 1095 }, // U+2032
    { 14, 7, 205, 1, 18, 25, 1109 }, // U+2033
    { 20, 7, 297, 1, 18, 35, 1134 }, // U+2034
    { 7, 7, 113, 1, 18, 13, 1169 }, // U+2035
    { 13, 7, 205, 1, 18, 23, 1182 }, // U+2036
    { 19, 7, 297, 1, 18, 34, 1205 }, // U+2037
    { 9, 9, 141, -2, 3, 21, 1239 }, // U+2038
    { 9, 12, 130, 0, 13, 27, 1260 }, // U+2039
    { 8, 12, 130, 0, 13, 24, 1287 }, // U+203A
    { 21, 20, 338, 0, 19, 105, 1311 }, // U+203B
    { 15, 19, 224, 0, 18, 72, 1416 }, // U+203C
    { 11, 20, 184, 2, 19, 55, 1488 }, // U+203D
    { 12, 4, 200, 2, 22, 12, 1543 }, // U+203E
    { 14, 6, 214, -2, 0, 21, 1555 }, // U+203F
    { 13, 6, 214, 2, 20, 20, 1576 }, // U+2040
    { 14, 17, 154, -3, 11, 60, 1596 }, // U+2041
    { 29, 24, 461, -1, 20, 174, 1656 }, // U+2042
    { 8, 4, 130, 0, 9, 8, 1830 }, // U+2043
    { 17, 18, 50, -7, 18, 77, 1838 }, // U+2044
    { 11, 22, 132, -1, 18, 61, 1915 }, // U+2045
    { 11, 22, 132, -2, 18, 61, 1976 }, // U+2046
    { 23, 20, 362, 1, 19, 115, 2037 }, // U+2047
    { 19, 20, 301, 1, 19, 95, 2152 }, // U+2048
    { 20, 20, 298, 0, 19, 100, 2247 }, // U+2049
    { 13, 14, 213, 1, 14, 46, 2347 }, // U+204A
    { 14, 23, 249, 2, 19, 81, 2393 }, // U+204B
    { 14, 13, 256, 1, 14, 46, 2474 }, // U+204C
    { 14, 13, 256, 1, 14, 46, 2520 }, // U+204D
    { 13, 13, 217, -1, 8, 43, 2566 }, // U+204E
    { 7, 18, 114, 0, 14, 32, 2609 }, // U+204F
    { 17, 26, 214, -2, 20, 111, 2641 }, // U+2050
    { 16, 26, 217, -1, 20, 104, 2752 }, // U+2051
    { 11, 20, 169, 0, 19, 55, 2856 }, // U+2052
    { 24, 6, 400, 1, 10, 36, 2911 }, // U+2053
    { 14, 6, 214, -3, 0, 21, 2947 }, // U+2054
    { 14, 14, 230, 0, 13, 49, 2968 }, // U+2055
    { 12, 20, 224, 1, 19, 60, 3017 }, // U+2056
    { 23, 7, 354, 1, 18, 41, 3077 }, // U+2057
    { 19, 20, 340, 1, 19, 95, 3118 }, // U+2058
    { 19, 20, 341, 1, 19, 95, 3213 }, // U+2059
    { 5, 20, 110, 1, 19, 25, 3308 }, // U+205A
    { 16, 21, 286, 1, 20, 84, 3333 }, // U+205B
    { 20, 20, 331, 0, 19, 100, 3417 }, // U+205C
    { 5, 20, 112, 1, 19, 25, 3517 }, // U+205D
    { 5, 20, 114, 1, 19, 25, 3542 }, // U+205E
    { 0, 0, 89, 0, 0, 0, 3567 }, // U+205F
    { 0, 0, 240, 0, 0, 0, 3567 }, // U+2060
    { 0, 0, 240, 0, 0, 0, 3567 }, // U+2061
    { 0, 0, 240, 0, 0, 0, 3567 }, // U+2062
    { 0, 0, 240, 0, 0, 0, 3567 }, // U+2063
    { 0, 0, 240, 0, 0, 0, 3567 }, // U+2064
    { 0, 0, 240, 0, 0, 0, 3567 }, // U+2066
    { 0, 0, 240, 0, 0, 0, 3567 }, // U+2067
    { 0, 0, 240, 0, 0, 0, 3567 }, // U+2068
    { 0, 0, 240, 0, 0, 0, 3567 }, // U+2069
    { 6, 22, 0, -3, 18, 33, 3567 }, // U+206A
    { 6, 22, 0, -3, 18, 33, 3600 }, // U+206B
    { 6, 22, 0, -3, 18, 33, 3633 }, // U+206C
    { 6, 22, 0, -3, 18, 33, 3666 }, // U+206D
    { 6, 22, 0, -3, 18, 33, 3699 }, // U+206E
    { 6, 22, 0, -3, 18, 33, 3732 }, // U+206F
    { 9, 12, 152, 2, 22, 27, 0 }, // U+2070
    { 6, 12, 98, 1, 19, 18, 27 }, // U+2071
    { 10, 12, 152, 1, 22, 30, 45 }, // U+2074
    { 10, 12, 152, 1, 22, 30, 75 }, // U+2075
    { 9, 12, 152, 2, 22, 27, 105 }, // U+2076
    { 10, 12, 152, 2, 22, 30, 132 }, // U+2077
    { 10, 12, 152, 1, 22, 30, 162 }, // U+2078
    { 9, 12, 152, 2, 22, 27, 192 }, // U+2079
    { 9, 8, 150, 2, 19, 18, 219 }, // U+207A
    { 9, 2, 150, 2, 16, 5, 237 }, // U+207B
    { 8, 6, 161, 3, 18, 12, 242 }, // U+207C
    { 6, 15, 89, 3, 23, 23, 254 }, // U+207D
    { 7, 15, 89, 0, 23, 27, 277 }, // U+207E
    { 10, 9, 157, 1, 16, 23, 304 }, // U+207F
    { 10, 12, 152, -1, 8, 30, 327 }, // U+2080
    { 9, 12, 152, -1, 8, 27, 357 }, // U+2081
    { 10, 12, 152, -2, 8, 30, 384 }, // U+2082
    { 10, 12, 152, -2, 8, 30, 414 }, // U+2083
    { 10, 12, 152, -2, 8, 30, 444 }, // U+2084
    { 10, 12, 152, -1, 8, 30, 474 }, // U+2085
    { 10, 12, 152, -1, 8, 30, 504 }, // U+2086
    { 10, 12, 152, -1, 8, 30, 534 }, // U+2087
    { 9, 12, 152, -1, 8, 27, 564 }, // U+2088
    { 9, 12, 152, -1, 8, 27, 591 }, // U+2089
    { 8, 8, 150, 0, 6, 16, 618 }, // U+208A
    { 8, 2, 150, 0, 3, 4, 634 }, // U+208B
    { 8, 6, 161, 0, 5, 12, 638 }, // U+208C
    { 7, 15, 89, 0, 10, 27, 650 }, // U+208D
    { 7, 15, 89, -3, 10, 27, 677 }, // U+208E
    { 10, 9, 154, -1, 6, 23, 704 }, // U+2090
    { 9, 9, 142, -1, 6, 21, 727 }, // U+2091
    { 9, 9, 154, -1, 6, 21, 748 }, // U+2092
    { 12, 9, 139, -3, 6, 27, 769 }, // U+2093
    { 9, 9, 142, -1, 6, 21, 796 }, // U+2094
    { 10, 12, 178, -1, 9, 30, 817 }, // U+2095
    { 11, 12, 157, -1, 9, 33, 847 }, // U+2096
    { 6, 12, 102, -1, 9, 18, 880 }, // U+2097
    { 15, 9, 256, -1, 6, 34, 898 }, // U+2098
    { 9, 9, 157, -1, 6, 21, 932 }, // U+2099
    { 10, 12, 155, -2, 6, 30, 953 }, // U+209A
    { 8, 9, 134, -1, 6, 18, 983 }, // U+209B
    { 7, 11, 106, -1, 8, 20, 1001 }, // U+209C
    { 14, 19, 229, 1, 19, 67, 0 }, // U+20A0
    { 16, 21, 221, 0, 19, 84, 67 }, // U+20A1
    { 16, 20, 229, 0, 19, 80, 151 }, // U+20A2
    { 15, 18, 220, 0, 18, 68, 231 }, // U+20A3
    { 17, 19, 220, -1, 19, 81, 299 }, // U+20A4
    { 22, 20, 362, 0, 17, 110, 380 }, // U+20A5
    { 16, 18, 232, 0, 18, 72, 490 }, // U+20A6
    { 22, 19, 342, 0, 18, 105, 562 }, // U+20A7
    { 23, 19, 358, 0, 18, 110, 667 }, // U+20A8
    { 20, 18, 291, 0, 18, 90, 777 }, // U+20A9
    { 22, 18, 346, 0, 18, 99, 867 }, // U+20AA
    { 17, 23, 238, 0, 19, 98, 966 }, // U+20AB
    { 16, 20, 220, 0, 19, 80, 1064 }, // U+20AC
    { 17, 18, 229, 0, 18, 77, 1144 }, // U+20AD
    { 16, 18, 212, 0, 18, 72, 1221 }, // U+20AE
    { 25, 25, 404, 0, 19, 157, 1293 }, // U+20AF
    { 17, 25, 236, -2, 19, 107, 1450 }, // U+20B0
    { 16, 18, 229, 0, 18, 72, 1557 }, // U+20B1
    { 17, 22, 276, 1, 20, 94, 1629 }, // U+20B2
    { 18, 18, 240, -2, 18, 81, 1723 }, // U+20B3
    { 15, 20, 228, 0, 19, 75, 1804 }, // U+20B4
    { 16, 21, 245, 1, 19, 84, 1879 }, // U+20B5
    { 18, 18, 270, 0, 17, 81, 1963 }, // U+20B6
    { 19, 21, 274, -1, 19, 100, 2044 }, // U+20B7
    { 14, 18, 212, 1, 18, 63, 2144 }, // U+20B8
    { 14, 18, 220, 1, 18, 63, 2207 }, // U+20B9
    { 14, 19, 220, 0, 18, 67, 2270 }, // U+20BA
    { 16, 20, 257, 1, 19, 80, 2337 }, // U+20BB
    { 20, 18, 326, -1, 18, 90, 2417 }, // U+20BC
    { 16, 18, 233, -1, 18, 72, 2507 }, // U+20BD
    { 18, 21, 245, -1, 21, 95, 2579 }, // U+20BE
    { 14, 24, 220, 0, 21, 84, 2674 }, // U+20BF
    { 8, 4, 129, 0, 9, 8, 0 }, // U+2212
    { 24, 26, 285, -3, 20, 156, 0 }, // U+FB00
    { 21, 26, 268, -3, 20, 137, 156 }, // U+FB01
    { 21, 26, 268, -3, 20, 137, 293 }, // U+FB02
    { 29, 26, 400, -3, 20, 189, 430 }, // U+FB03
    { 29, 26, 400, -3, 20, 189, 619 }, // U+FB04
    { 23, 26, 303, -3, 20, 150, 808 }, // U+FB05
    { 23, 21, 353, 0, 20, 121, 958 }, // U+FB06
    { 23, 23, 400, 1, 19, 133, 0 }, // U+FFFD
};

static const EpdUnicodeInterval notosans_12_bolditalicIntervals[] = {
    { 0x0, 0x0, 0x0 },
    { 0xD, 0xD, 0x1 },
    { 0x20, 0x7E, 0x2 },
    { 0xA0, 0x17F, 0x61 },
    { 0x1A0, 0x1A1, 0x141 },
    { 0x1AF, 0x1B0, 0x143 },
    { 0x1C4, 0x21F, 0x145 },
    { 0x300, 0x36F, 0x1A1 },
    { 0x400, 0x4FF, 0x211 },
    { 0x1EA0, 0x1EF9, 0x311 },
    { 0x2000, 0x2064, 0x36B },
    { 0x2066, 0x2071, 0x3D0 },
    { 0x2074, 0x208E, 0x3DC },
    { 0x2090, 0x209C, 0x3F7 },
    { 0x20A0, 0x20BF, 0x404 },
    { 0x2212, 0x2212, 0x424 },
    { 0xFB00, 0xFB06, 0x425 },
    { 0xFFFD, 0xFFFD, 0x42C },
};

static const EpdFontGroup notosans_12_bolditalicGroups[] = {
    { 0, 3015, 6327, 97, 0 },
    { 3015, 2612, 7582, 96, 97 },
    { 5627, 2362, 8160, 90, 193 },
    { 7989, 1106, 3633, 38, 283 },
    { 9095, 2802, 8118, 70, 321 },
    { 11897, 995, 2381, 26, 391 },
    { 12892, 1145, 1760, 112, 417 },
    { 14037, 3293, 8132, 96, 529 },
    { 17330, 3988, 8168, 89, 625 },
    { 21318, 2757, 6979, 71, 714 },
    { 24075, 1656, 8092, 73, 785 },
    { 25731, 459, 2004, 17, 858 },
    { 26190, 1899, 4208, 111, 875 },
    { 28089, 779, 1227, 42, 986 },
    { 28868, 1707, 2976, 32, 1028 },
    { 30575, 10, 8, 1, 1060 },
    { 30585, 419, 1166, 7, 1061 },
    { 31004, 97, 138, 1, 1068 },
};

static const uint16_t notosans_12_bolditalicKernLeftCodepoints[] = {
    0x0020, 0x0022, 0x0026, 0x0027, 0x0028, 0x002C, 0x002D, 0x002E, 0x0041, 0x0042, 0x0043, 0x0044,
    0x0045, 0x0046, 0x004B, 0x004C, 0x004F, 0x0050, 0x0051, 0x0052, 0x0054, 0x0055, 0x0056, 0x0057,
    0x0058, 0x0059, 0x005A, 0x005B, 0x005F, 0x0061, 0x0062, 0x0063, 0x0065, 0x0066, 0x006B, 0x006F,
    0x0070, 0x0072, 0x0074, 0x0076, 0x0077, 0x0078, 0x0079, 0x007B, 0x00A1, 0x00AB, 0x00BB, 0x00BF,
    0x00C0, 0x00C1, 0x00C2, 0x00C3, 0x00C4, 0x00C5, 0x00C6, 0x00C7, 0x00C8, 0x00C9, 0x00CA, 0x00CB,
    0x00D0, 0x00D2, 0x00D3, 0x00D4, 0x00D5, 0x00D6, 0x00D8, 0x00D9, 0x00DA, 0x00DB, 0x00DC, 0x00DD,
    0x00DE, 0x00E0, 0x00E1, 0x00E2, 0x00E3, 0x00E4, 0x00E5, 0x00E6, 0x00E8, 0x00E9, 0x00EA, 0x00EB,
    0x00EF, 0x00F0, 0x00F2, 0x00F3, 0x00F4, 0x00F5, 0x00F6, 0x00F8, 0x00FD, 0x00FE, 0x00FF, 0x0100,
    0x0101, 0x0102, 0x0103, 0x0104, 0x0105, 0x0106, 0x0108, 0x010A, 0x010C, 0x010E, 0x010F, 0x0110,
    0x0112, 0x0113, 0x0114, 0x0115, 0x0116, 0x0117, 0x0118, 0x0119, 0x011A, 0x011B, 0x0129, 0x012B,
    0x012E, 0x0136, 0x0137, 0x0138, 0x0139, 0x013B, 0x013D, 0x013E, 0x013F, 0x0141, 0x014C, 0x014D,
    0x014E, 0x014F, 0x0150, 0x0151, 0x0152, 0x0153, 0x0155, 0x0157, 0x0159, 0x0162, 0x0163, 0x0164,
    0x0165, 0x0166, 0x0167, 0x0168, 0x016A, 0x016C, 0x016E, 0x0170, 0x0172, 0x0174, 0x0175, 0x0176,
    0x0177, 0x0178, 0x0179, 0x017B, 0x017D, 0x01A0, 0x01A1, 0x01AF, 0x01B0, 0x01D0, 0x01FA, 0x01FB,
    0x01FC, 0x01FD, 0x01FE, 0x01FF, 0x020B, 0x021A, 0x021B, 0x0402, 0x0403, 0x0404, 0x0405, 0x0408,
    0x0409, 0x040A, 0x040B, 0x040C, 0x040E, 0x0410, 0x0411, 0x0412, 0x0413, 0x0414, 0x0416, 0x0417,
    0x041A, 0x041E, 0x0420, 0x0421, 0x0422, 0x0423, 0x0424, 0x0425, 0x0426, 0x0429, 0x042A, 0x042C,
    0x042D, 0x042E, 0x0430, 0x0431, 0x0432, 0x0433, 0x0434, 0x0435, 0x0436, 0x0437, 0x0438, 0x0439,
    0x043A, 0x043B, 0x043C, 0x043D, 0x043E, 0x043F, 0x0440, 0x0441, 0x0442, 0x0443, 0x0444, 0x0445,
    0x0446, 0x0447, 0x0448, 0x0449, 0x044A, 0x044B, 0x044C, 0x044D, 0x044E, 0x044F, 0x0450, 0x0451,
    0x0452, 0x0453, 0x0454, 0x0455, 0x0457, 0x0458, 0x0459, 0x045A, 0x045B, 0x045C, 0x045D, 0x045E,
    0x045F, 0x0460, 0x0461, 0x0462, 0x0463, 0x0464, 0x0466, 0x0467, 0x0468, 0x0469, 0x046E, 0x046F,
    0x0472, 0x0473, 0x0474, 0x0475, 0x0476, 0x0477, 0x0478, 0x0479, 0x047A, 0x047B, 0x047C, 0x047D,
    0x047E, 0x047F, 0x0480, 0x048A, 0x048B, 0x048C, 0x048D, 0x048E, 0x048F, 0x0490, 0x0491, 0x0492,
    0x0493, 0x0495, 0x0496, 0x0497, 0x0498, 0x0499, 0x049A, 0x049B, 0x049C, 0x049D, 0x049E, 0x049F,
    0x04A0, 0x04A1, 0x04A2, 0x04A3, 0x04A4, 0x04A5, 0x04A7, 0x04A9, 0x04AA, 0x04AC, 0x04AD, 0x04AE,
    0x04AF, 0x04B0, 0x04B1, 0x04B2, 0x04B3, 0x04B4, 0x04B5, 0x04B6, 0x04B7, 0x04BB, 0x04BC, 0x04BD,
    0x04BE, 0x04BF, 0x04C1, 0x04C2, 0x04C4, 0x04C5, 0x04C6, 0x04C9, 0x04CA, 0x04CD, 0x04CE, 0x04D0,
    0x04D1, 0x04D2, 0x04D3, 0x04D5, 0x04D7, 0x04D8, 0x04D9, 0x04DA, 0x04DB, 0x04DC, 0x04DD, 0x04DE,
    0x04DF, 0x04E6, 0x04E7, 0x04E8, 0x04E9, 0x04EA, 0x04EB, 0x04EC, 0x04ED, 0x04EE, 0x04EF, 0x04F0,
    0x04F1, 0x04F2, 0x04F3, 0x04F5, 0x04F6, 0x04F7, 0x04F9, 0x04FA, 0x04FB, 0x04FC, 0x04FD, 0x04FE,
    0x04FF, 0x1EA0, 0x1EA1, 0x1EA2, 0x1EA3, 0x1EA4, 0x1EA5, 0x1EA6, 0x1EA7, 0x1EA8, 0x1EA9, 0x1EAA,
    0x1EAB, 0x1EAC, 0x1EAD, 0x1EAE, 0x1EAF, 0x1EB0, 0x1EB1, 0x1EB2, 0x1EB3, 0x1EB4, 0x1EB5, 0x1EB6,
    0x1EB7, 0x1EB8, 0x1EB9, 0x1EBA, 0x1EBB, 0x1EBC, 0x1EBD, 0x1EBE, 0x1EBF, 0x1EC0, 0x1EC1, 0x1EC2,
    0x1EC3, 0x1EC4, 0x1EC5, 0x1EC6, 0x1EC7, 0x1ECC, 0x1ECD, 0x1ECE, 0x1ECF, 0x1ED0, 0x1ED1, 0x1ED2,
    0x1ED3, 0x1ED4, 0x1ED5, 0x1ED6, 0x1ED7, 0x1ED8, 0x1ED9, 0x1EDA, 0x1EDB, 0x1EDC, 0x1EDD, 0x1EDE,
    0x1EDF, 0x1EE0, 0x1EE1, 0x1EE2, 0x1EE3, 0x1EE4, 0x1EE6, 0x1EE8, 0x1EE9, 0x1EEA, 0x1EEB, 0x1EEC,
    0x1EED, 0x1EEE, 0x1EEF, 0x1EF0, 0x1EF1, 0x1EF2, 0x1EF3, 0x1EF4, 0x1EF5, 0x1EF6, 0x1EF7, 0x1EF8,
    0x1EF9, 0x2013, 0x2014, 0x2015, 0x2018, 0x2019, 0x201A, 0x201C, 0x201D, 0x201E, 0x2039, 0x203A,
    0x207D, 0x208D, 0xFB00,
};

static const uint8_t notosans_12_bolditalicKernLeftClassIds[] = {
      1,   2,   3,   2,   4,   5,   6,   5,   7,   8,   9,  10,  11,  12,  13,  14,
     10,  15,  10,  16,  17,  18,  19,  19,  13,  20,  21,   4,  22,  23,  24,  25,
     24,  26,  27,  24,  24,  28,  29,  30,  30,  27,  30,   4,  31,  32,  33,  34,
      7,   7,   7,   7,   7,   7,  11,   9,  11,  11,  11,  11,  10,  10,  10,  10,
     10,  10,  10,  18,  18,  18,  18,  20,  15,  23,  23,  23,  23,  23,  23,  24,
     24,  24,  24,  24,  35,  24,  24,  24,  24,  24,  24,  24,  30,  24,  30,   7,
     23,   7,  23,   7,  23,   9,   9,   9,   9,  10,  36,  10,  11,  24,  11,  24,
     11,  24,  11,  24,  11,  24,  37,  35,  38,  13,  27,  27,  14,  14,  14,  36,
     14,  14,  10,  24,  10,  24,  10,  24,  11,  24,  28,  28,  28,  17,  29,  17,
     39,  17,  29,  18,  18,  18,  18,  18,  18,  19,  30,  20,  30,  20,  21,  21,
     21,  40,  41,  42,  43,  35,   7,  23,  11,  24,  10,  24,  35,  17,  29,  44,
     45,  46,  47,  48,  44,  44,  49,  50,  51,  52,  53,  54,  45,  55,  50,  54,
     50,  56,  57,  46,  45,  51,  58,  50,  55,  55,  44,  44,  56,  56,  59,  60,
     61,  62,  63,  62,  64,  61,  59,  59,  65,  59,  59,  59,  66,  67,  66,  64,
     67,  68,  66,  65,  69,  59,  59,  69,  70,  59,  70,  66,  66,  59,  62,  62,
     71,  62,  64,  72,  73,  74,  70,  70,  67,  65,  59,  75,  59,  51,  76,  77,
     70,  46,  52,  78,  52,  78,  54,  61,  56,  66,  51,  76,  51,  76,  68,  68,
     56,  66,  56,  66,  51,  76,  46,  55,  63,  77,  70,  57,  66,  79,  80,  81,
     82,  83,  84,  85,  54,  61,  84,  85,  50,  64,  50,  64,  50,  64,  55,  63,
     81,  80,  83,  66,  46,  79,  63,  86,  87,  86,  87,  84,  85,  55,  63,  55,
     63,  83,  88,  62,  88,  62,  50,  64,  64,  55,  63,  55,  63,  55,  63,  52,
     23,  52,  23,  62,  62,  56,  66,  56,  66,  50,  64,  54,  61,  56,  66,  56,
     66,  56,  66,  56,  66,  51,  68,  51,  68,  51,  68,  59,  79,  80,  59,  81,
     82,  84,  85,  50,  85,   7,  23,   7,  23,   7,  23,   7,  23,   7,  23,   7,
     23,   7,  23,   7,  23,   7,  23,   7,  23,   7,  23,   7,  23,  11,  24,  11,
     24,  11,  24,  11,  24,  11,  24,  11,  24,  11,  24,  11,  24,  10,  24,  10,
     24,  10,  24,  10,  24,  10,  24,  10,  24,  10,  24,  40,  41,  40,  41,  40,
     41,  40,  41,  40,  41,  18,  18,  42,  43,  42,  43,  42,  43,  42,  43,  42,
     43,  20,  30,  20,  30,  20,  30,  20,  30,   6,   6,   6,   2,   2,   5,   2,
      2,   5,  32,  33,  89,  90,  26,
};

static const uint16_t notosans_12_bolditalicKernRightCodepoints[] = {
    0x0021, 0x0022, 0x0026, 0x0027, 0x0029, 0x002C, 0x002D, 0x002E, 0x003A, 0x003B, 0x003F, 0x0041,
    0x0043, 0x0047, 0x0049, 0x004A, 0x004F, 0x0051, 0x0053, 0x0054, 0x0055, 0x0056, 0x0057, 0x0058,
    0x0059, 0x005A, 0x005D, 0x0061, 0x0063, 0x0064, 0x0065, 0x0066, 0x0067, 0x006A, 0x006D, 0x006E,
    0x006F, 0x0070, 0x0071, 0x0072, 0x0073, 0x0074, 0x0075, 0x0076, 0x0077, 0x0079, 0x007A, 0x007D,
    0x00AB, 0x00BB, 0x00C0, 0x00C1, 0x00C2, 0x00C3, 0x00C4, 0x00C5, 0x00C6, 0x00C7, 0x00D2, 0x00D3,
    0x00D4, 0x00D5, 0x00D6, 0x00D8, 0x00D9, 0x00DA, 0x00DB, 0x00DC, 0x00DD, 0x00DF, 0x00E0, 0x00E1,
    0x00E2, 0x00E3, 0x00E4, 0x00E5, 0x00E6, 0x00E7, 0x00E8, 0x00E9, 0x00EA, 0x00EB, 0x00F1, 0x00F2,
    0x00F3, 0x00F4, 0x00F5, 0x00F6, 0x00F8, 0x00F9, 0x00FA, 0x00FB, 0x00FC, 0x00FD, 0x00FF, 0x0100,
    0x0101, 0x0102, 0x0103, 0x0104, 0x0105, 0x0106, 0x0107, 0x0108, 0x0109, 0x010A, 0x010B, 0x010C,
    0x010D, 0x010F, 0x0111, 0x0113, 0x0115, 0x0117, 0x0119, 0x011B, 0x011C, 0x011D, 0x011E, 0x011F,
    0x0120, 0x0121, 0x0122, 0x0123, 0x0127, 0x0129, 0x0135, 0x0138, 0x0144, 0x0146, 0x0148, 0x014B,
    0x014C, 0x014D, 0x014E, 0x014F, 0x0150, 0x0151, 0x0152, 0x0153, 0x0155, 0x0157, 0x015B, 0x015D,
    0x015F, 0x0161, 0x0162, 0x0163, 0x0164, 0x0165, 0x0166, 0x0167, 0x0168, 0x0169, 0x016A, 0x016B,
    0x016C, 0x016D, 0x016E, 0x016F, 0x0170, 0x0171, 0x0172, 0x0173, 0x0174, 0x0175, 0x0176, 0x0177,
    0x0178, 0x0179, 0x017A, 0x017B, 0x017C, 0x017D, 0x017E, 0x01A0, 0x01A1, 0x01AF, 0x01B0, 0x01FA,
    0x01FB, 0x01FC, 0x01FD, 0x01FE, 0x01FF, 0x0219, 0x021A, 0x021B, 0x0402, 0x0404, 0x0405, 0x0408,
    0x0409, 0x040B, 0x040E, 0x0410, 0x0414, 0x0416, 0x0417, 0x041B, 0x041E, 0x0421, 0x0422, 0x0423,
    0x0424, 0x0425, 0x0427, 0x042A, 0x042D, 0x042F, 0x0430, 0x0431, 0x0432, 0x0433, 0x0434, 0x0435,
    0x0436, 0x0437, 0x0438, 0x0439, 0x043A, 0x043B, 0x043C, 0x043D, 0x043E, 0x043F, 0x0440, 0x0441,
    0x0442, 0x0443, 0x0444, 0x0445, 0x0446, 0x0447, 0x0448, 0x0449, 0x044A, 0x044B, 0x044C, 0x044D,
    0x044E, 0x044F, 0x0450, 0x0451, 0x0452, 0x0453, 0x0454, 0x0455, 0x0457, 0x0458, 0x0459, 0x045A,
    0x045B, 0x045C, 0x045D, 0x045E, 0x045F, 0x0460, 0x0461, 0x0462, 0x0465, 0x0466, 0x0467, 0x0469,
    0x046D, 0x046E, 0x046F, 0x0470, 0x0471, 0x0472, 0x0473, 0x0474, 0x0475, 0x0476, 0x0477, 0x0478,
    0x0479, 0x047A, 0x047B, 0x047C, 0x047D, 0x047E, 0x047F, 0x0480, 0x0481, 0x048B, 0x048C, 0x048D,
    0x048F, 0x0491, 0x0492, 0x0495, 0x0496, 0x0497, 0x0498, 0x0499, 0x049B, 0x049D, 0x049E, 0x049F,
    0x04A0, 0x04A1, 0x04A3, 0x04A5, 0x04A7, 0x04A8, 0x04A9, 0x04AA, 0x04AB, 0x04AC, 0x04AD, 0x04AE,
    0x04AF, 0x04B0, 0x04B1, 0x04B2, 0x04B3, 0x04B4, 0x04B5, 0x04B6, 0x04B7, 0x04B8, 0x04B9, 0x04BB,
    0x04BC, 0x04BD, 0x04BE, 0x04BF, 0x04C1, 0x04C2, 0x04C4, 0x04C5, 0x04C6, 0x04C8, 0x04CA, 0x04CB,
    0x04CC, 0x04CE, 0x04D0, 0x04D1, 0x04D2, 0x04D3, 0x04D4, 0x04D5, 0x04D7, 0x04D8, 0x04D9, 0x04DA,
    0x04DB, 0x04DC, 0x04DD, 0x04DE, 0x04DF, 0x04E3, 0x04E5, 0x04E6, 0x04E7, 0x04E8, 0x04E9, 0x04EA,
    0x04EB, 0x04EC, 0x04ED, 0x04EE, 0x04EF, 0x04F0, 0x04F1, 0x04F2, 0x04F3, 0x04F4, 0x04F5, 0x04F7,
    0x04F9, 0x04FA, 0x04FC, 0x04FD, 0x04FE, 0x04FF, 0x1EA0, 0x1EA1, 0x1EA2, 0x1EA3, 0x1EA4, 0x1EA5,
    0x1EA6, 0x1EA7, 0x1EA8, 0x1EA9, 0x1EAA, 0x1EAB, 0x1EAC, 0x1EAD, 0x1EAE, 0x1EAF, 0x1EB0, 0x1EB1,
    0x1EB2, 0x1EB3, 0x1EB4, 0x1EB5, 0x1EB6, 0x1EB7, 0x1EB9, 0x1EBB, 0x1EBD, 0x1EBF, 0x1EC1, 0x1EC3,
    0x1EC5, 0x1EC7, 0x1ECC, 0x1ECD, 0x1ECE, 0x1ECF, 0x1ED0, 0x1ED1, 0x1ED2, 0x1ED3, 0x1ED4, 0x1ED5,
    0x1ED6, 0x1ED7, 0x1ED8, 0x1ED9, 0x1EDA, 0x1EDB, 0x1EDC, 0x1EDD, 0x1EDE, 0x1EDF, 0x1EE0, 0x1EE1,
    0x1EE2, 0x1EE3, 0x1EE4, 0x1EE5, 0x1EE6, 0x1EE7, 0x1EE8, 0x1EE9, 0x1EEA, 0x1EEB, 0x1EEC, 0x1EED,
    0x1EEE, 0x1EEF, 0x1EF0, 0x1EF1, 0x1EF2, 0x1EF3, 0x1EF4, 0x1EF5, 0x1EF6, 0x1EF7, 0x1EF8, 0x1EF9,
    0x2013, 0x2014, 0x2015, 0x2018, 0x2019, 0x201A, 0x201C, 0x201D, 0x201E, 0x2026, 0x2039, 0x203A,
    0x207E, 0x208E, 0xFB00,
};

static const uint8_t notosans_12_bolditalicKernRightClassIds[] = {
      1,   2,   3,   2,   4,   5,   6,   5,   7,   7,   8,   9,  10,  10,  11,  12,
     10,  10,  13,  14,  15,  16,  16,  17,  18,  19,   4,  20,  21,  21,  21,  22,
     23,  24,  25,  25,  21,  25,  21,  25,  26,  27,  25,  28,  28,  28,  29,   4,
     30,  31,   9,   9,   9,   9,   9,   9,  32,  10,  10,  10,  10,  10,  10,  10,
     15,  15,  15,  15,  18,  24,  21,  20,  20,  20,  20,  20,  20,  21,  21,  21,
     21,  21,  25,  21,  21,  21,  21,  21,  21,  25,  25,  25,  25,  28,  28,   9,
     20,   9,  20,   9,  20,  10,  21,  10,  21,  10,  21,  10,  21,  21,  21,  21,
     21,  21,  21,  21,  10,  23,  10,  23,  10,  23,  10,  23,  33,  34,  24,  25,
     25,  25,  25,  25,  10,  21,  10,  21,  10,  21,  10,  21,  25,  25,  26,  26,
     26,  26,  14,  27,  14,  27,  14,  27,  15,  25,  15,  25,  15,  25,  15,  25,
     15,  25,  15,  25,  16,  28,  18,  28,  18,  19,  29,  19,  29,  19,  29,  10,
     21,  15,  25,   9,  20,  32,  20,  10,  21,  26,  14,  27,  35,  36,  37,  38,
     39,  35,  40,  41,  42,  43,  44,  39,  36,  36,  35,  40,  45,  43,  46,  35,
     44,  47,  48,  49,  48,  50,  51,  48,  52,  50,  53,  53,  54,  55,  54,  54,
     48,  54,  54,  48,  54,  56,  48,  57,  53,  58,  53,  53,  59,  53,  53,  52,
     54,  60,  48,  48,  61,  50,  48,  62,  63,  64,  55,  54,  61,  54,  53,  65,
     53,  66,  67,  68,  69,  41,  70,  69,  69,  44,  50,  46,  69,  71,  72,  66,
     67,  66,  67,  71,  72,  71,  72,  71,  72,  66,  67,  71,  72,  69,  68,  61,
     69,  69,  68,  69,  43,  50,  44,  50,  69,  69,  68,  61,  73,  59,  69,  69,
     69,  71,  72,  71,  72,  35,  69,  74,  75,  74,  75,  43,  52,  73,  59,  46,
     58,  46,  58,  69,  76,  77,  76,  77,  43,  52,  69,  78,  70,  69,  69,  46,
     58,  69,  41,  79,  41,  79,  41,  79,  72,  80,  50,  80,  50,  43,  52,  44,
     50,  69,  69,  71,  72,  71,  72,  71,  72,  44,  52,  40,  56,  40,  56,  40,
     56,  46,  58,  69,  53,  68,  43,  52,  43,  52,   9,  20,   9,  20,   9,  20,
      9,  20,   9,  20,   9,  20,   9,  20,   9,  20,   9,  20,   9,  20,   9,  20,
      9,  20,  21,  21,  21,  21,  21,  21,  21,  21,  10,  21,  10,  21,  10,  21,
     10,  21,  10,  21,  10,  21,  10,  21,  10,  21,  10,  21,  10,  21,  10,  21,
     10,  21,  15,  25,  15,  25,  15,  25,  15,  25,  15,  25,  15,  25,  15,  25,
     18,  28,  18,  28,  18,  28,  18,  28,   6,   6,   6,  81,   2,   5,  81,   2,
      5,   5,  30,  31,  82,  83,  22,
};

static const uint16_t notosans_12_bolditalicKernRowOffsets[] = {
        0,     2,    32,    35,    50,    65,    78,    84,    85,    88,    96,    97,   100,   102,   109,   115,
      116,   132,   134,   146,   160,   163,   164,   165,   168,   169,   171,   172,   177,   179,   182,   185,
      192,   200,   204,   205,   211,   213,   214,   219,   226,   232,   246,   254,   270,   299,   309,   314,
      316,   323,   342,   371,   395,   409,   423,   439,   452,   468,   487,   488,   504,   514,   522,   527,
      535,   545,   561,   570,   582,   600,   619,   628,   633,   641,   643,   655,   657,   664,   676,   700,
      704,   722,   726,   734,   741,   743,   758,   760,   763,   764,   765,
};

static const uint8_t notosans_12_bolditalicKernSparseCols[] = {
     70,  71,   8,  13,  15,  17,  19,  20,  22,  24,  25,  33,  34,  36,  38,  39,
     40,  41,  42,  43,  45,  49,  54,  55,  60,  62,  64,  68,  69,  71,  77,  78,
     13,  15,  17,  11,  21,  23,  34,  37,  38,  41,  42,  43,  44,  55,  60,  62,
     63,  64,   9,  13,  14,  15,  17,  34,  44,  45,  57,  58,  65,  70,  72,  73,
     75,  13,  34,  39,  41,  42,  45,  54,  55,  56,  57,  58,  64,  72,   1,   9,
     11,  13,  15,  17,   4,   2,   9,  29,   4,   8,  13,  15,  16,  17,  18,  36,
     11,   4,   7,   8,   9,  29,   1,   9,  13,  14,  15,  17,  29,   2,   4,   8,
     16,  18,  29,  29,   2,   4,   5,   7,   8,   9,  13,  19,  20,  22,  24,  25,
     27,  28,  29,  30,   4,   8,   2,   4,   7,   8,   9,  19,  20,  22,  24,  25,
     29,  30,   2,   4,   7,   8,   9,  19,  20,  22,  24,  25,  28,  29,  30,  31,
      2,   9,  29,  11,   1,   1,  27,  28,   1,   1,   3,  20,   1,   4,  19,  20,
     22,   1,   3,   1,   4,   7,  11,  13,  17,  13,  15,  17,  34,  39,  45,  72,
     13,  15,  17,  34,  39,  42,  45,  72,  11,  13,  15,  17,   3,   0,   1,   3,
      7,  32,  80,   3,  33,  11,   0,   1,   3,   7,  80,   7,  12,  13,  15,  16,
     17,  20,   1,  21,  25,  26,  27,  80,   1,   4,   7,   8,  10,  12,  13,  15,
     16,  17,  19,  20,  24,  80,   1,   4,   7,  21,  25,  26,  27,  80,   1,   3,
      4,  34,  35,  39,  42,  44,  45,  46,  51,  55,  57,  58,  64,  80,   3,   4,
      5,   6,  30,  34,  35,  38,  40,  41,  43,  44,  46,  47,  49,  50,  51,  52,
     53,  54,  55,  56,  57,  58,  59,  60,  61,  62,  64,  29,  35,  37,  44,  45,
     47,  50,  57,  70,  75,   4,  44,  45,  57,  80,  37,  63,   1,  34,  39,  45,
     57,  58,  80,   3,   4,   5,  29,  35,  37,  41,  44,  45,  47,  50,  52,  55,
     57,  58,  62,  64,  70,  75,   4,   5,   6,  29,  30,  35,  38,  40,  41,  44,
     46,  47,  48,  49,  50,  52,  53,  54,  57,  59,  60,  61,  62,  69,  70,  71,
     75,  76,  77,   1,  34,  35,  37,  38,  39,  44,  45,  47,  48,  50,  52,  54,
     55,  57,  58,  64,  65,  67,  72,  73,  75,  79,  80,   1,  35,  40,  42,  44,
     45,  51,  55,  56,  57,  58,  64,  75,  80,   4,  34,  36,  39,  40,  42,  43,
     44,  45,  46,  51,  57,  65,  73,   3,  34,  35,  37,  38,  40,  41,  42,  44,
     45,  54,  55,  57,  58,  63,  64,   4,  34,  39,  40,  42,  43,  45,  46,  57,
     65,  69,  72,  73,   4,   5,  29,  34,  38,  39,  40,  41,  42,  43,  46,  47,
     50,  54,  69,  77,   3,   4,   6,  34,  36,  38,  39,  40,  41,  42,  43,  45,
     46,  54,  65,  69,  72,  73,  77,  34,   1,   4,  34,  39,  42,  45,  49,  51,
     55,  56,  57,  58,  59,  61,  64,  80,   4,  34,  45,  49,  51,  55,  57,  58,
     59,  64,   1,  34,  45,  47,  50,  55,  57,  64,   1,   4,  34,  42,  56,  34,
     45,  47,  50,  54,  57,  71,  76,   4,   5,  34,  45,  47,  48,  50,  52,  57,
     80,   1,   4,  34,  39,  42,  45,  49,  51,  55,  56,  57,  58,  59,  61,  64,
     80,   1,  34,  42,  45,  55,  57,  58,  64,  80,   4,   5,  34,  38,  40,  42,
     47,  50,  54,  59,  69,  80,   1,   3,  34,  37,  38,  40,  41,  42,  44,  45,
     52,  54,  55,  57,  58,  63,  64,  80,   1,  34,  35,  38,  39,  41,  45,  48,
     51,  52,  55,  56,  57,  58,  64,  66,  74,  76,  80,   1,  34,  37,  55,  57,
     58,  63,  64,  80,  34,  39,  47,  50,  57,   1,   3,  34,  39,  42,  60,  62,
     80,  37,  63,   4,   5,  34,  38,  40,  42,  47,  50,  54,  59,  69,  80,   4,
     69,   1,  34,  45,  58,  65,  72,  73,   1,  55,  57,  58,  59,  64,  66,  68,
     71,  74,  76,  78,   4,   5,  29,  30,  34,  40,  44,  49,  51,  55,  57,  58,
     59,  61,  64,  66,  68,  69,  70,  71,  74,  75,  76,  77,   4,   5,  69,  71,
      4,   5,  34,  40,  44,  49,  51,  57,  60,  61,  68,  69,  70,  71,  72,  75,
     76,  77,   4,  66,  69,  71,   1,  55,  57,  58,  64,  66,  74,  76,  37,  44,
     57,  58,  70,  75,  76,  57,  71,   4,  40,  44,  49,  57,  59,  60,  68,  69,
     70,  71,  76,  77,  78,  79,   4,  69,  34,  65,  73,  81,  82,
};

static const int8_t notosans_12_bolditalicKernSparseValues[] = {
      -8,   -8,  -28,    8,    8,    4,  -16,  -24,  -12,  -12,  -12,   26,    8,   12,  -20,   12,
     -28,  -24,   12,   16,    8,    4,  -12,    8,   16,   16,    8,   -4,  -28,  -24,  -24,   -8,
     -24,  -16,  -24,   36,   16,   16,   12,   44,   -4,   16,    8,   12,   -8,   12,   16,   12,
      36,   12,  -20,  -28,   -8,  -24,  -24,  -24,  -16,  -32,  -24,  -20,  -24,  -20,  -28,  -24,
     -24,  -16,  -16,   -8,   -4,   -8,  -20,   -4,   -4,   -4,   -8,   -8,   -4,  -16,  -28,   -8,
      30,  -20,   -4,  -12,   -8,   -4,   -8,   -8,  -16,   -8,  -12,   -4,   -8,   -4,   -4,   -4,
      24,  -24,    8,   -8,   -8,   -8,  -32,   -8,  -16,   -4,   -8,  -16,  -16,   -8,  -52,  -20,
      -8,   -4,   -4,   -4,   -8,  -24,  -16,    8,  -20,   -8,    4,  -32,  -28,  -28,  -20,  -24,
      -8,  -16,  -24,  -16,   -8,   -4,   -4,  -20,    8,   -4,   -4,   -8,   -8,   -4,   -4,   -4,
     -16,   -8,  -12,  -24,    8,  -12,   -8,  -20,  -20,   -8,  -12,  -16,   -8,  -16,  -16,   -8,
      -8,   -4,   -4,   43,   -4,   -4,   -8,   -4,    8,   24,   16,   -8,   16,  -46,   -8,   -8,
      -4,    8,    8,   16,  -16,    8,   24,   -8,   -4,  -16,   -8,  -16,  -16,   -4,   -8,  -12,
     -24,  -16,  -16,  -24,   -8,   -8,  -24,  -16,   40,  -20,   -4,  -12,   16,   24,   30,   35,
      32,   28,   14,   16,   46,   20,   15,   23,   31,   15,    7,   12,    8,   12,   16,   12,
      24,    8,    8,   16,    8,   16,   20,   24,    8,  -16,   20,   -8,   12,    8,   28,   32,
      24,   32,   -8,    4,   -4,    8,    8,   -4,    8,   20,    8,   20,   20,   20,  -32,   -4,
      -8,  -28,   -4,   -8,   -4,   -4,  -32,   -4,   -4,  -12,  -12,  -24,  -12,  -28,   12,  -24,
     -16,   -8,  -16,    4,   -8,  -24,  -20,  -24,    4,  -14,   -4,  -28,   -8,  -38,   -7,  -12,
     -12,  -28,   -6,   -8,  -15,   -6,  -12,   20,  -12,    8,  -11,   -8,   -4,    8,   -8,   -4,
      -4,   -4,   -8,   -8,   -8,   -4,   -4,   -8,   -6,   -4,   20,   12,  -32,  -28,   -8,  -32,
     -12,  -20,  -20,    8,   -4,  -12,   -8,  -10,    8,    4,  -16,   -8,   -4,   -8,   -4,   -4,
     -12,   -4,    4,   -4,   -8,  -20,  -32,   -8,   -8,  -16,   -8,   -8,  -30,  -30,  -28,  -12,
     -12,  -12,   -8,   -4,  -19,   -4,   -8,  -22,   -8,   -4,   22,   -8,    8,  -16,   -4,   -8,
      -8,  -12,  -20,  -28,  -24,  -16,   12,    8,  -10,  -16,  -36,   -4,   -4,   -4,   -4,    6,
     -12,  -24,  -24,  -12,  -16,   -8,  -20,  -24,  -20,   -8,  -28,   -8,   -4,   -4,   -4,   -4,
      -8,   -4,  -12,   -4,  -12,  -16,  -12,   -8,   -8,   -8,   -8,   -4,   -4,   -4,   -4,   -4,
      -4,   -8,   -4,   -4,   -4,   -4,   -4,   16,   -4,   -4,   48,   12,    6,   12,    4,   -4,
     -12,   16,   12,  -16,   -8,   40,   12,  -16,  -16,  -16,   -8,  -10,   -4,   -8,   -4,   -4,
      -4,   -4,   -4,   -4,  -52,   -4,   -4,   -8,  -20,  -12,  -20,  -20,  -12,   -4,   -4,   -4,
      -4,  -16,  -20,  -24,   -8,  -16,   -4,  -20,   -4,   -8,  -22,   -8,   -6,  -16,   -8,   -8,
     -12,   -8,   -4,   -4,   -8,  -12,   -8,  -12,   -4,   -8,  -42,  -12,   -4,  -12,   -4,   -8,
     -16,   -8,   -8,   -8,   -4,   -4,  -16,   -8,   -8,  -24,   -4,   -4,   -4,  -12,   -8,   -4,
       2,  -12,   -4,  -20,   -4,   -4,   -4,   -8,   -4,   -8,   -4,   -8,   -8,   -4,   -4,  -16,
      -4,   -8,   -8,    4,   -8,   -8,   -8,   -4,   -8,   -7,   -4,   -8,   -4,   -8,   -6,   -4,
       4,   -4,   -8,  -28,  -12,   -4,  -12,   -4,   -8,  -16,   -8,   -8,   -8,   -4,   -4,  -16,
      -8,  -12,  -16,   -4,   -8,  -20,   -8,   -8,  -20,  -16,  -16,   -4,   -6,  -12,   -4,   -4,
     -10,  -10,  -20,   -4,   -8,    8,   -8,   16,  -20,   52,   16,    8,   16,    8,   -8,  -16,
      -4,    8,    4,   -8,   -8,   30,    4,  -12,  -24,  -36,  -12,    6,   -5,    2,  -48,   -4,
      -6,   -4,  -24,   -2,  -28,  -28,  -24,   -8,  -12,   -8,  -36,  -12,  -36,   34,  -16,   -8,
      -8,   10,  -16,  -16,  -12,   -8,   -4,   -4,   -8,   16,   12,   10,    8,    4,   15,    4,
      16,   32,   12,  -16,   -4,  -11,  -12,   -4,   -4,  -10,  -10,  -20,   -4,   -8,    8,  -16,
      -8,  -16,  -16,  -24,   -8,  -12,  -20,  -12,  -28,  -12,  -12,  -20,   12,  -12,   -8,   -4,
      -8,   -8,   -8,   -8,  -24,  -16,  -24,  -16,    4,  -20,  -16,   -8,   -8,  -16,  -20,  -16,
     -12,  -24,  -16,   -8,  -20,  -24,   -8,  -28,  -16,  -20,  -28,  -20,  -20,   -8,  -12,   -4,
     -20,   -8,    8,  -24,  -12,   -8,   -8,  -20,    8,  -12,  -12,  -20,   -8,  -16,    8,   -8,
     -12,  -16,  -12,   20,  -12,   -8,  -28,   -8,  -32,  -20,   -8,   -8,   -8,   -8,   88,  -12,
     -16,   -8,   -8,  -12,   -8,   -4,   -4,  -24,  -24,  -12,  -16,  -16,   -8,    8,  -12,  -20,
      -8,  -20,  -16,  -16,  -16,   -4,  -16,   -4,   -8,   -4,   -4,   13,   15,
};

static const EpdLigaturePair notosans_12_bolditalicLigaturePairs[] = {
    { 0x00660066, 0xFB00 }, // f f -> U+FB00
    { 0x00660069, 0xFB01 }, // f i -> U+FB01
    { 0x0066006C, 0xFB02 }, // f l -> U+FB02
    { 0xFB000069, 0xFB03 }, // U+FB00 i -> U+FB03
    { 0xFB00006C, 0xFB04 }, // U+FB00 l -> U+FB04
};

static const EpdFontData notosans_12_bolditalic = {
    notosans_12_bolditalicBitmaps,
    notosans_12_bolditalicGlyphs,
    notosans_12_bolditalicIntervals,
    18,
    34,
    27,
    -8,
    true,
    notosans_12_bolditalicGroups,
    18,
    nullptr,
    nullptr,  // kernLeftClasses: built-in fonts use the split arrays below
    nullptr,  // kernRightClasses
    notosans_12_bolditalicKernLeftCodepoints,
    notosans_12_bolditalicKernLeftClassIds,
    notosans_12_bolditalicKernRightCodepoints,
    notosans_12_bolditalicKernRightClassIds,
    nullptr,  // kernMatrix: built-in fonts use the sparse form below
    notosans_12_bolditalicKernRowOffsets,
    notosans_12_bolditalicKernSparseCols,
    notosans_12_bolditalicKernSparseValues,
    471,
    471,
    90,
    83,
    notosans_12_bolditalicLigaturePairs,
    5,
};
