/**
 * generated by fontconvert.py
 * name: notoserif_14_bolditalic
 * size: 14
 * mode: 2-bit  compressed: true
 * Command used: fontconvert.py notoserif_14_bolditalic 14 ../builtinFonts/source/NotoSerif/NotoSerif-BoldItalic.ttf --2bit --compress --pnum --zopfli
 */
#pragma once
#include "EpdFontData.h"

static const uint8_t notoserif_14_bolditalicBitmaps[42838] = {
    0xA5, 0x59, 0x3F, 0xAC, 0xDF, 0xD6, 0x75, 0xFE, 0x48, 0x5A, 0x62, 0xD3, 0x8B, 0xE6, 0x6A, 0xB0,
    0x87, 0xC4, 0x8D, 0xD8, 0xD9, 0xB6, 0x1E, 0x97, 0x00, 0x2D, 0x8A, 0xA7, 0xDC, 0x9B, 0x06, 0x6D,
    0x86, 0x0C, 0xD1, 0x60, 0x75, 0x75, 0xD7, 0x7A, 0xA8, 0x56, 0xA3, 0x7D, 0xCF, 0xA4, 0x93, 0x21,
    0x43, 0x07, 0x6B, 0xC9, 0xDC, 0x0C, 0x1E, 0x1A, 0x15, 0xA8, 0x3A, 0x78, 0x50, 0x8A, 0x67, 0xF3,
    0xA6, 0x06, 0xDA, 0x21, 0x43, 0x68, 0x17, 0x46, 0x80, 0x76, 0xA1, 0x5B, 0x15, 0x2E, 0xE0, 0xC1,
    0x17, 0x05, 0xDB, 0xD0, 0x12, 0xC9, 0xD3, 0xFB, 0x1D, 0x3E, 0xEA, 0xA7, 0x57, 0xBF, 0x20, 0x06,
    0x4A, 0xFD, 0xF8, 0x91, 0x8F, 0x17, 0xF7, 0xFC, 0xBB, 0xE7, 0x7E, 0xE7, 0x90, 0x82, 0x04, 0x48,
    0x0B, 0xF1, 0x99, 0x20, 0x5B, 0x91, 0x2F, 0xC8, 0x67, 0x14, 0x13, 0x8A, 0x11, 0x45, 0x44, 0x31,
    0xA0, 0xEC, 0x51, 0x06, 0x98, 0x16, 0x19, 0x78, 0x5C, 0x01, 0x9A, 0x80, 0x4E, 0x7F, 0x8D, 0x07,
    0x80, 0xFA, 0xFD, 0x15, 0xEE, 0x1F, 0x16, 0xB8, 0xEF, 0xCD, 0x70, 0xDF, 0x9A, 0xE0, 0xD2, 0xD4,
    0xD3, 0x34, 0xF7, 0xA4, 0xE8, 0xF1, 0xA0, 0x08, 0xD8, 0x8E, 0xF8, 0x12, 0x90, 0xC5, 0x63, 0x20,
    0x1F, 0x5E, 0x03, 0x8A, 0xF0, 0x36, 0x21, 0x02, 0xE5, 0x4F, 0x23, 0x4A, 0x11, 0xF1, 0x0A, 0xA8,
    0x38, 0xE1, 0x46, 0xD9, 0x02, 0xC7, 0xD6, 0x13, 0x00, 0xBC, 0x76, 0x1D, 0x70, 0x22, 0xD3, 0x06,
    0xD9, 0x70, 0x02, 0xE4, 0xFD, 0x83, 0x7D, 0x3E, 0xC1, 0xBC, 0x31, 0x00, 0x36, 0xEF, 0xB1, 0x1F,
    0x86, 0xC0, 0xB9, 0x57, 0xE5, 0x21, 0x27, 0xAF, 0x80, 0xBC, 0x24, 0xC8, 0x96, 0x97, 0x9A, 0xE4,
    0xDF, 0xEF, 0xB9, 0xE4, 0xE7, 0xD7, 0x9F, 0x45, 0x26, 0xC9, 0x0A, 0x48, 0x4C, 0xD0, 0xAC, 0x09,
    0x2A, 0x09, 0x40, 0xCE, 0xBF, 0x33, 0x19, 0x71, 0x35, 0xFF, 0x39, 0x9D, 0x79, 0x8F, 0xF0, 0xFD,
    0x04, 0x3F, 0xF8, 0x76, 0x84, 0xFB, 0xC4, 0x0E, 0xB0, 0x22, 0x2D, 0xB2, 0x2E, 0x09, 0xC6, 0x6F,
    0x01, 0xC0, 0xD7, 0x08, 0x2F, 0x11, 0x9E, 0xC1, 0x93, 0xA3, 0xEB, 0x71, 0x03, 0xC5, 0xFF, 0x8C,
    0x38, 0x86, 0x0D, 0x33, 0x46, 0xD4, 0x7E, 0xCE, 0x07, 0x38, 0xCC, 0x65, 0x40, 0x83, 0xD9, 0x02,
    0xEF, 0x66, 0xF3, 0x11, 0xB0, 0xE4, 0xE3, 0x49, 0xC2, 0x22, 0xC6, 0xAF, 0xFA, 0xA5, 0xFC, 0xF7,
    0x0F, 0x24, 0xBE, 0x6B, 0xFF, 0xE9, 0x2F, 0x87, 0xC9, 0x75, 0xB6, 0x0A, 0xB3, 0x79, 0x78, 0xD3,
    0xF9, 0x19, 0x78, 0x90, 0x26, 0x22, 0x8B, 0xAF, 0x27, 0x2C, 0xFA, 0x77, 0xB3, 0x09, 0xA6, 0x4D,
    0x13, 0x51, 0x71, 0x62, 0x52, 0xF1, 0x8E, 0x49, 0xB1, 0x86, 0x7B, 0xC5, 0x67, 0x11, 0xD5, 0x02,
    0x1E, 0x1E, 0xFB, 0x71, 0x67, 0x05, 0xDD, 0xEA, 0x02, 0x50, 0x4E, 0xB6, 0x07, 0x6C, 0x34, 0xC3,
    0x01, 0xF5, 0xC9, 0x58, 0xB7, 0x40, 0xB9, 0xAC, 0x00, 0x0A, 0x19, 0x9E, 0x7B, 0x19, 0xA5, 0x78,
    0x37, 0xA3, 0x93, 0xE0, 0xDA, 0x62, 0x71, 0xC3, 0x29, 0xEC, 0x58, 0x8D, 0x33, 0xEA, 0xC1, 0x2C,
    0x23, 0x5C, 0x5F, 0x48, 0x4C, 0x08, 0x09, 0xC4, 0xA6, 0x87, 0x1B, 0xE0, 0x92, 0xEA, 0x31, 0x93,
    0x19, 0x46, 0xEE, 0x7F, 0x2C, 0x77, 0x33, 0x59, 0x73, 0x19, 0x90, 0xD1, 0x0E, 0x17, 0x5C, 0x68,
    0xDA, 0x06, 0x0D, 0x4E, 0x71, 0x92, 0x0C, 0xE5, 0x91, 0x01, 0xA8, 0x3D, 0x73, 0x0E, 0x66, 0x04,
    0xEA, 0x1E, 0xE8, 0x5A, 0x64, 0x02, 0x14, 0x0B, 0x60, 0x66, 0xC0, 0x4E, 0x40, 0x15, 0x41, 0xC1,
    0x94, 0x4F, 0x35, 0xE8, 0xC2, 0xE1, 0x14, 0x5E, 0xDB, 0xED, 0x6C, 0x02, 0xB5, 0x50, 0x0C, 0x5D,
    0x02, 0x33, 0x18, 0x98, 0x01, 0xFC, 0x36, 0x80, 0x7D, 0x69, 0x6C, 0x7B, 0x3E, 0x38, 0x43, 0xF5,
    0x42, 0xB8, 0x50, 0x9E, 0x12, 0x3E, 0x2F, 0x59, 0x4F, 0x1A, 0xE4, 0x91, 0xD3, 0xA8, 0xCB, 0x0C,
    0x0B, 0x00, 0x87, 0x17, 0x06, 0x10, 0x70, 0x2D, 0xF0, 0x75, 0x3C, 0x75, 0x98, 0x1E, 0x5F, 0x36,
    0x01, 0xF5, 0x77, 0x5A, 0xD4, 0xFF, 0x6A, 0xDA, 0x4C, 0xBA, 0xF0, 0xAA, 0x48, 0x68, 0x3E, 0x1D,
    0x70, 0x7A, 0x63, 0xC5, 0xB5, 0xE3, 0xC6, 0xE3, 0xE4, 0x3A, 0x30, 0x3F, 0xB3, 0xD9, 0xF7, 0x9B,
    0xB4, 0xF1, 0xE2, 0xF9, 0xDC, 0x2B, 0x3F, 0xF4, 0x4E, 0xA4, 0x7F, 0xE1, 0xFE, 0xBD, 0x16, 0xF6,
    0xF3, 0xE3, 0x99, 0x2F, 0x47, 0x3B, 0x9B, 0x39, 0x9F, 0x31, 0xE6, 0xF1, 0xF9, 0x70, 0x8A, 0x34,
    0xE7, 0x36, 0x1A, 0xF1, 0x8D, 0xE0, 0xD5, 0x7B, 0xB8, 0xE2, 0xEB, 0xC1, 0x45, 0x17, 0xEB, 0x80,
    0xFD, 0x18, 0x81, 0x8C, 0x41, 0xE8, 0xC1, 0x8D, 0x0D, 0x6E, 0xB3, 0x0A, 0xC0, 0x4D, 0x00, 0x27,
    0x00, 0xA6, 0x6D, 0x38, 0x1F, 0x00, 0xEE, 0x45, 0xD3, 0x6E, 0xBA, 0x8E, 0x00, 0x1C, 0x03, 0xBA,
    0x78, 0x97, 0x0F, 0xAB, 0x84, 0x33, 0x00, 0x7F, 0x82, 0xED, 0x60, 0x0E, 0xC1, 0xC9, 0x00, 0x29,
    0xA6, 0x22, 0x59, 0x58, 0x8E, 0xD9, 0x62, 0x63, 0xB6, 0x54, 0x43, 0xB6, 0xB8, 0x3E, 0x9D, 0x21,
    0x5F, 0x9A, 0x90, 0xCF, 0x5D, 0x5B, 0xCC, 0x9D, 0x2F, 0x66, 0xF1, 0xE5, 0x24, 0x30, 0xA3, 0xC0,
    0xC6, 0x74, 0x0E, 0x1D, 0xEA, 0xD0, 0x78, 0xE7, 0x5D, 0x58, 0x51, 0x3D, 0x9E, 0x50, 0x48, 0x0F,
    0x3C, 0xAB, 0x94, 0x13, 0x90, 0x49, 0x80, 0x91, 0x90, 0xAD, 0x69, 0xF6, 0x24, 0x3E, 0x1F, 0x04,
    0x9A, 0x3C, 0xF9, 0x0A, 0x14, 0x3C, 0x17, 0xA0, 0x9C, 0xB7, 0xD3, 0x4C, 0xDB, 0x02, 0xD9, 0xB8,
    0xAD, 0x5B, 0xCD, 0x73, 0x00, 0x53, 0xF7, 0x05, 0x79, 0xD4, 0x3A, 0x91, 0x00, 0x3D, 0x72, 0x99,
    0x90, 0x54, 0xD1, 0xEC, 0x40, 0x8A, 0xF3, 0xAE, 0x47, 0x87, 0x04, 0x8E, 0x6B, 0x7D, 0x05, 0x4D,
    0x7B, 0x9E, 0x34, 0xD9, 0x0C, 0x90, 0x1F, 0x01, 0xCB, 0xA9, 0x8E, 0x8F, 0x26, 0x7A, 0xDC, 0xD3,
    0x3A, 0x68, 0xEE, 0x7D, 0x99, 0xEC, 0x79, 0x03, 0x55, 0x9B, 0x9D, 0x91, 0xB9, 0x66, 0xC2, 0x84,
    0x86, 0xB0, 0x1D, 0xD9, 0x13, 0x6D, 0x8D, 0x6A, 0xC3, 0xAE, 0xED, 0x48, 0xD3, 0x59, 0x33, 0x91,
    0x2E, 0xC1, 0x2C, 0x29, 0x37, 0x84, 0x9B, 0x55, 0xEE, 0x72, 0x3F, 0xAB, 0xA6, 0x05, 0xEA, 0x28,
    0x8D, 0xC6, 0x55, 0xA6, 0x67, 0xED, 0xD3, 0x9F, 0xAE, 0x2D, 0x93, 0xA2, 0xBE, 0x1A, 0x51, 0x89,
    0xF4, 0xC8, 0x65, 0x55, 0xCE, 0x56, 0xE7, 0x96, 0x4D, 0x52, 0x35, 0x03, 0x2E, 0x9D, 0x8C, 0xE8,
    0xCF, 0x26, 0x98, 0xEF, 0x8E, 0xB8, 0x6E, 0x23, 0x4E, 0xAA, 0x88, 0x58, 0x0F, 0x45, 0xEF, 0x7A,
    0x93, 0x42, 0x7E, 0x04, 0x17, 0x4E, 0x6F, 0x77, 0x1F, 0x8A, 0xC8, 0x7A, 0xEF, 0x9E, 0xFC, 0x18,
    0xD8, 0x03, 0x2C, 0xC0, 0x7D, 0x2E, 0xAA, 0x44, 0xEA, 0xE0, 0x0A, 0xEF, 0x70, 0x7A, 0xFB, 0x15,
    0xE0, 0x6D, 0x58, 0x20, 0xE2, 0x8A, 0x66, 0x11, 0x94, 0x93, 0x8B, 0x7F, 0x79, 0x2B, 0x01, 0x59,
    0x33, 0xFF, 0x61, 0x37, 0x00, 0xA8, 0x46, 0x6C, 0xBB, 0x08, 0xE6, 0x1C, 0x9E, 0x21, 0x1C, 0x73,
    0x85, 0xDE, 0x41, 0x35, 0xA0, 0x43, 0x13, 0x28, 0x93, 0x2E, 0x3F, 0x04, 0x57, 0x7D, 0x3F, 0xB2,
    0x6E, 0x04, 0xCC, 0xE3, 0x95, 0xDB, 0x4D, 0x80, 0x15, 0x1D, 0x0B, 0xD6, 0x29, 0xCA, 0x09, 0xD7,
    0x38, 0x1D, 0xA8, 0x08, 0xF5, 0xBF, 0xFD, 0x04, 0x70, 0x9F, 0x92, 0x9F, 0xC6, 0x7A, 0x40, 0x13,
    0xD2, 0x50, 0xD3, 0xDA, 0x31, 0x81, 0x19, 0xD1, 0x11, 0x1A, 0xAF, 0xCF, 0x12, 0xB8, 0x50, 0xF7,
    0xA8, 0x7A, 0xD7, 0xC2, 0x3C, 0x5A, 0x95, 0xFC, 0x95, 0x30, 0xD4, 0x66, 0x69, 0x15, 0xB4, 0x3A,
    0x99, 0x0F, 0x6F, 0xAF, 0xB0, 0xD4, 0x67, 0x59, 0x1F, 0x9F, 0x81, 0x55, 0x67, 0x34, 0x03, 0xFC,
    0x85, 0xCC, 0xA0, 0x57, 0x9B, 0x31, 0x3D, 0x36, 0x62, 0x40, 0xC7, 0xC1, 0x65, 0x1F, 0x34, 0x87,
    0xC1, 0x7D, 0x67, 0xEE, 0xC5, 0xEA, 0xF1, 0x02, 0x88, 0xEF, 0xC8, 0x50, 0xCE, 0xE7, 0x4B, 0x9A,
    0x9D, 0xA0, 0xF1, 0x39, 0x5D, 0x85, 0x50, 0x44, 0xF7, 0x0B, 0x92, 0x8F, 0x70, 0xE3, 0x92, 0xA1,
    0x56, 0x19, 0x48, 0xE0, 0x23, 0x5C, 0x30, 0x33, 0x9A, 0xB4, 0x9B, 0xD0, 0xF9, 0x1D, 0x1A, 0x5F,
    0x4C, 0x1C, 0x88, 0xB0, 0x9F, 0x75, 0x17, 0x13, 0x62, 0xCB, 0xF8, 0x9E, 0x52, 0x26, 0xA0, 0x7B,
    0x63, 0xA1, 0x4A, 0x01, 0x67, 0xA2, 0x24, 0x98, 0x89, 0x30, 0x42, 0x78, 0x47, 0xC8, 0x05, 0xC5,
    0x52, 0xAD, 0x94, 0xB2, 0x00, 0xCD, 0x3F, 0xEF, 0xBE, 0x2A, 0x83, 0xD3, 0xE1, 0xDF, 0x60, 0x34,
    0x6E, 0x32, 0x1A, 0x0E, 0x5C, 0xA2, 0x4F, 0xB8, 0xF3, 0x84, 0xEE, 0xDF, 0x02, 0xC9, 0xA3, 0x58,
    0xF9, 0x8F, 0x5B, 0xE5, 0x70, 0x5C, 0xD1, 0xCD, 0xD6, 0x85, 0xC6, 0x43, 0xF9, 0xC4, 0x0D, 0xE7,
    0xBF, 0xAA, 0xC5, 0xE7, 0x8F, 0x5B, 0x5C, 0x69, 0x33, 0xD3, 0x40, 0x86, 0x7A, 0x62, 0x9A, 0x3D,
    0x4F, 0x9D, 0xFB, 0xF8, 0xB6, 0x09, 0xEB, 0xA0, 0xF9, 0x5E, 0x0F, 0xF4, 0x69, 0x23, 0x6B, 0xAF,
    0x7F, 0x92, 0x20, 0xB4, 0x4C, 0x28, 0x43, 0xE8, 0x46, 0x2B, 0x7B, 0xCE, 0x7B, 0xEE, 0xF6, 0x6D,
    0x65, 0x5A, 0x9E, 0x78, 0xEA, 0x78, 0xE1, 0xDE, 0xBD, 0xBB, 0x7C, 0xC6, 0xF1, 0xDF, 0x01, 0x54,
    0x93, 0x23, 0x77, 0xEA, 0xF4, 0x76, 0x4B, 0x61, 0xAD, 0x20, 0xB6, 0xE7, 0x03, 0x5A, 0x86, 0xA6,
    0xA7, 0x78, 0x55, 0xF3, 0x0D, 0x00, 0x9C, 0xB7, 0x25, 0xEF, 0x02, 0xBB, 0x4A, 0xA8, 0x07, 0x37,
    0xB8, 0x50, 0x47, 0x9E, 0xA6, 0xAD, 0xF7, 0xFA, 0x46, 0x56, 0xF3, 0xBA, 0x47, 0xB9, 0x4B, 0x28,
    0x9F, 0x61, 0x8D, 0x7B, 0xF4, 0xC8, 0xF6, 0x1B, 0x91, 0x55, 0x24, 0x8E, 0x8D, 0xD0, 0xF6, 0xD4,
    0xE9, 0xEE, 0xAA, 0xFC, 0x4F, 0x64, 0x5B, 0x8D, 0xE7, 0x7B, 0xF5, 0x38, 0x1B, 0xB7, 0x2A, 0x78,
    0x42, 0xB2, 0x7A, 0x39, 0xD9, 0x62, 0x7A, 0x23, 0x53, 0x85, 0xAA, 0x4D, 0x9D, 0x9A, 0xF5, 0x35,
    0x96, 0x62, 0xB4, 0xDE, 0xE5, 0x53, 0x11, 0xAD, 0x7F, 0xBD, 0x18, 0x79, 0x79, 0xC7, 0xC4, 0x32,
    0x5D, 0xCE, 0xD8, 0x1F, 0x58, 0x9C, 0xD9, 0xC1, 0x0C, 0x15, 0x2F, 0xB6, 0x3F, 0xC2, 0x99, 0x89,
    0x55, 0x9F, 0xDA, 0x8D, 0x62, 0xFC, 0xDD, 0x61, 0xC4, 0xEB, 0x99, 0x7C, 0x24, 0x24, 0xC7, 0x17,
    0xFC, 0x0B, 0x40, 0xE5, 0x81, 0x73, 0x42, 0xDC, 0xC9, 0xB1, 0x05, 0x58, 0xDE, 0x03, 0x50, 0x7D,
    0xF6, 0xC7, 0x8B, 0x1A, 0x48, 0x06, 0xDB, 0x8F, 0xDD, 0x01, 0xA7, 0xD8, 0x8C, 0x44, 0x21, 0xE6,
    0xCC, 0x1B, 0x65, 0x27, 0xC0, 0xFC, 0x80, 0x0E, 0x54, 0x25, 0xF1, 0xA6, 0xE2, 0x49, 0xA1, 0xA1,
    0x21, 0xE6, 0x83, 0x72, 0xFD, 0xA3, 0xBF, 0x49, 0x68, 0x45, 0x04, 0xA8, 0x90, 0x0B, 0x83, 0x9E,
    0x25, 0x3C, 0xD3, 0x78, 0x8E, 0x80, 0xF8, 0x62, 0x64, 0xC5, 0xA8, 0x57, 0xBC, 0x28, 0x0F, 0x1B,
    0xF1, 0x4E, 0x99, 0x78, 0xBD, 0x8B, 0x84, 0xC2, 0x2A, 0xB1, 0x96, 0xC2, 0x25, 0xCD, 0xC5, 0xA3,
    0x9C, 0x33, 0x69, 0x61, 0x14, 0xED, 0xC4, 0x27, 0x76, 0x2C, 0x84, 0x01, 0x67, 0xED, 0xAF, 0x35,
    0x3D, 0x9C, 0x48, 0x9B, 0x70, 0xA8, 0xC7, 0x84, 0xBD, 0xE5, 0x8A, 0x07, 0x5D, 0xB7, 0x50, 0x26,
    0x14, 0xBD, 0x97, 0x96, 0xCF, 0xC5, 0xDB, 0x89, 0x26, 0x35, 0x91, 0x53, 0x25, 0xA0, 0x3B, 0x14,
    0x00, 0x4A, 0x1B, 0x90, 0xCB, 0xFD, 0x39, 0xA9, 0x48, 0x13, 0x5D, 0x48, 0x3E, 0x89, 0xCF, 0xE7,
    0xE4, 0x54, 0x3E, 0xA8, 0xAF, 0x96, 0xA0, 0x74, 0xC9, 0x2C, 0x81, 0x3B, 0xC0, 0x70, 0x11, 0x94,
    0xF4, 0x46, 0x64, 0x9C, 0x51, 0x7A, 0x23, 0x77, 0xEF, 0x20, 0x13, 0x59, 0x54, 0x85, 0x12, 0xA8,
    0xBA, 0xBA, 0x39, 0xAC, 0x25, 0x32, 0x97, 0xC0, 0x1C, 0x6E, 0x86, 0xE4, 0x30, 0x85, 0x9B, 0x99,
    0x69, 0x65, 0xB7, 0xDF, 0x48, 0x31, 0x95, 0x62, 0x1D, 0x89, 0x2E, 0xE1, 0xA4, 0x9B, 0x32, 0x61,
    0xCF, 0x87, 0x24, 0xE8, 0xA8, 0x6F, 0x01, 0xDA, 0x06, 0xF2, 0xD7, 0xE6, 0x42, 0x87, 0xCD, 0xA2,
    0x0E, 0x8F, 0xEA, 0x70, 0x4B, 0x87, 0x1F, 0x6E, 0xDA, 0xC5, 0x9F, 0x23, 0x0B, 0x15, 0xA8, 0xBD,
    0x02, 0xB5, 0x5F, 0x07, 0xB5, 0x7F, 0x05, 0x54, 0x01, 0x50, 0xFB, 0xEE, 0x34, 0x45, 0x78, 0xC0,
    0x29, 0xAA, 0xA3, 0xD4, 0xAE, 0xFB, 0x96, 0xD8, 0x11, 0xA9, 0xFA, 0x16, 0xC3, 0x8D, 0x48, 0xED,
    0x59, 0xA4, 0xF6, 0x72, 0x50, 0xED, 0x3D, 0xB5, 0x4B, 0xD8, 0xB4, 0xB7, 0x1B, 0x52, 0x7B, 0xED,
    0x0F, 0xDA, 0xAD, 0x6A, 0xFF, 0xD2, 0xA5, 0xDA, 0x23, 0xD1, 0xA9, 0x04, 0xF7, 0xE8, 0x9E, 0xBF,
    0x5C, 0xBB, 0x62, 0xAB, 0xE8, 0x95, 0x52, 0x75, 0xAA, 0x3A, 0xDD, 0xC9, 0x88, 0xC3, 0xF1, 0x3C,
    0xFF, 0xCA, 0x44, 0x04, 0x9A, 0x58, 0x81, 0xD2, 0x12, 0xD2, 0x30, 0x0D, 0xDD, 0x29, 0x8D, 0xD2,
    0x45, 0xFF, 0x9C, 0x09, 0xE7, 0x98, 0x89, 0x04, 0x37, 0x64, 0x9D, 0xB4, 0xDB, 0x52, 0x10, 0x23,
    0x47, 0x6B, 0xFE, 0x0E, 0xAB, 0x64, 0x16, 0x34, 0x24, 0xFB, 0x4F, 0x24, 0xD0, 0x94, 0x05, 0x7B,
    0x0D, 0x6D, 0x64, 0x62, 0xEE, 0xDF, 0x91, 0xB1, 0x96, 0x89, 0x91, 0x28, 0x34, 0xEF, 0x79, 0xC7,
    0x58, 0x50, 0xBF, 0x92, 0x2B, 0x2D, 0xE4, 0x9D, 0xA6, 0x82, 0xB2, 0x0D, 0xEF, 0x34, 0xA6, 0xA3,
    0x46, 0x44, 0x36, 0xD2, 0x72, 0xBC, 0xF4, 0x3B, 0x7D, 0x39, 0xED, 0xD0, 0x79, 0x07, 0x09, 0xBC,
    0xA3, 0x6F, 0xC2, 0x8B, 0xE7, 0x5D, 0x2E, 0xDC, 0x90, 0x0C, 0x4D, 0xDA, 0x85, 0x8C, 0x4D, 0xB2,
    0x06, 0x20, 0x34, 0x32, 0x5E, 0xE8, 0xDA, 0xF6, 0x2E, 0x5B, 0xC9, 0x8E, 0x7A, 0x23, 0x4F, 0xD5,
    0xA8, 0x4A, 0x9A, 0xA7, 0x1B, 0xF5, 0x96, 0xF2, 0x35, 0xEC, 0xF5, 0x26, 0x76, 0xF3, 0x93, 0x30,
    0x82, 0x62, 0xD5, 0x43, 0x15, 0xAC, 0x92, 0x55, 0xB4, 0xCA, 0xDE, 0x9B, 0x85, 0x8B, 0xBB, 0x8A,
    0x0A, 0x0E, 0x1D, 0x18, 0x44, 0xA1, 0x05, 0x6D, 0x27, 0x6C, 0x4B, 0x4C, 0xC1, 0x84, 0x83, 0xE0,
    0xBD, 0xE6, 0xEB, 0xFC, 0xBF, 0x10, 0xCA, 0x78, 0x88, 0xCD, 0x94, 0x86, 0x99, 0x4F, 0x77, 0x35,
    0xF5, 0xAB, 0x41, 0x0D, 0xAA, 0xBD, 0xCE, 0x3C, 0x53, 0xA3, 0xF2, 0xA8, 0x66, 0x99, 0xA0, 0x86,
    0x7D, 0x03, 0x6A, 0x1A, 0xC5, 0xA2, 0xFE, 0x25, 0x55, 0x30, 0xE4, 0x4F, 0x5F, 0x3E, 0x92, 0x56,
    0x8D, 0x94, 0xCD, 0xCC, 0xAE, 0x57, 0x43, 0x9B, 0xA8, 0xA6, 0xBA, 0x91, 0x17, 0x5F, 0xCF, 0x6A,
    0xA9, 0x5D, 0x34, 0x30, 0xA5, 0x6E, 0xC5, 0x31, 0xA3, 0x4F, 0x5F, 0x38, 0x3A, 0xE3, 0xAF, 0x89,
    0xCE, 0xB3, 0x8C, 0xCE, 0x31, 0xA3, 0xF3, 0x00, 0xA4, 0x5A, 0x36, 0x08, 0x91, 0x49, 0x12, 0xBB,
    0x04, 0x03, 0x1A, 0x32, 0xA9, 0xAE, 0x6F, 0x40, 0xC5, 0x35, 0x66, 0xD2, 0x33, 0xE3, 0xA4, 0x47,
    0xC3, 0xB5, 0x4E, 0x86, 0x3F, 0xE6, 0x7A, 0xDF, 0x1F, 0xB2, 0x8F, 0xB9, 0xE6, 0x77, 0x86, 0xE2,
    0x67, 0xBC, 0x56, 0xD1, 0xBC, 0xC9, 0xB4, 0xAB, 0xA2, 0xA5, 0x25, 0x47, 0x36, 0x1E, 0x71, 0xA9,
    0x6E, 0xDA, 0xF1, 0x98, 0xF6, 0x1C, 0xDB, 0xF1, 0x81, 0x5E, 0xCD, 0x14, 0x69, 0xD5, 0x89, 0x79,
    0xDC, 0xD3, 0xB0, 0x07, 0xA5, 0x04, 0xDA, 0x36, 0x96, 0xE2, 0xE9, 0x68, 0x2C, 0x04, 0xD2, 0xF2,
    0xBA, 0x68, 0x8E, 0xC4, 0x62, 0xD2, 0x0C, 0x7C, 0x54, 0xC4, 0x2D, 0x05, 0xF3, 0x61, 0x8B, 0xC5,
    0x82, 0x42, 0x22, 0x1A, 0x49, 0x97, 0x21, 0x9D, 0x9E, 0x65, 0xBE, 0x54, 0xDF, 0xF4, 0x72, 0x02,
    0x98, 0x66, 0xC0, 0x03, 0xC0, 0xBE, 0x12, 0xC1, 0xCA, 0x6B, 0x27, 0x44, 0x2D, 0x4B, 0x59, 0x04,
    0x8E, 0x12, 0x9D, 0x0E, 0xC9, 0xBA, 0x4C, 0xF2, 0x1E, 0x8C, 0xC7, 0xF7, 0xF5, 0xD2, 0xBC, 0x17,
    0x58, 0x7A, 0xDD, 0xC7, 0x01, 0x69, 0x6A, 0xFD, 0xB8, 0x05, 0x46, 0x58, 0x66, 0x51, 0x84, 0x11,
    0xF0, 0x52, 0x08, 0x90, 0x2B, 0x63, 0x25, 0xA3, 0xB4, 0x5A, 0x76, 0x02, 0xBC, 0x83, 0x27, 0x47,
    0x4D, 0xF3, 0x73, 0x11, 0xDD, 0x0C, 0x5C, 0x2D, 0x17, 0x74, 0x37, 0x71, 0xB9, 0x8B, 0x55, 0x2B,
    0x8E, 0x56, 0x1F, 0x4B, 0xEC, 0xAB, 0x91, 0x58, 0x47, 0x3E, 0x77, 0x4F, 0x90, 0x9C, 0x91, 0xD0,
    0x27, 0xCC, 0x05, 0x09, 0xC9, 0xBF, 0x3B, 0xEF, 0xDB, 0x91, 0xBF, 0x5A, 0xFF, 0xEC, 0x5A, 0x72,
    0xC6, 0xA2, 0x6A, 0x7B, 0xEC, 0x7D, 0x47, 0x23, 0x8F, 0x3C, 0x71, 0xCB, 0x17, 0xC3, 0x65, 0x5B,
    0x94, 0x36, 0x66, 0x6D, 0x57, 0x14, 0xED, 0x74, 0xC0, 0x6A, 0x54, 0x77, 0xA2, 0x5A, 0x1B, 0x69,
    0x98, 0x7B, 0x24, 0x43, 0x42, 0x59, 0x41, 0xF3, 0xBE, 0x00, 0x77, 0xFE, 0xA7, 0x72, 0xE7, 0x8C,
    0x5F, 0x11, 0x87, 0x72, 0xA5, 0xCB, 0xD4, 0x25, 0x9C, 0x7E, 0x21, 0x0E, 0xD3, 0x65, 0x71, 0x90,
    0x0D, 0xDB, 0x2F, 0x12, 0x07, 0xC3, 0xCE, 0xF9, 0x62, 0x1C, 0xA8, 0x20, 0xA1, 0x1C, 0x30, 0x17,
    0x7F, 0x70, 0xC0, 0x7D, 0x46, 0x64, 0x60, 0x0E, 0x35, 0x76, 0xE1, 0xAC, 0x42, 0xB4, 0xCE, 0xB0,
    0xD2, 0xCE, 0x44, 0xA3, 0x68, 0x27, 0xC5, 0x91, 0x0D, 0x46, 0x15, 0xB7, 0x58, 0x99, 0x2D, 0x4A,
    0xFD, 0xBE, 0xC3, 0xDD, 0xFB, 0xE2, 0x75, 0x7F, 0xB7, 0x74, 0x61, 0xA3, 0xBA, 0xA6, 0x57, 0x17,
    0xA2, 0xEE, 0xED, 0x91, 0x2E, 0x54, 0x33, 0x63, 0x65, 0xC4, 0xA7, 0x58, 0x65, 0x5D, 0xBB, 0xB7,
    0xF4, 0xC9, 0x9C, 0xFA, 0x31, 0xB7, 0xBB, 0x6F, 0x02, 0x56, 0xF0, 0x5D, 0x1B, 0x75, 0xC8, 0x57,
    0x7C, 0x65, 0x0B, 0x70, 0xA6, 0x66, 0xCB, 0xA4, 0x41, 0xF6, 0x74, 0x92, 0x8C, 0xB4, 0xFD, 0xAD,
    0x04, 0xB0, 0xE0, 0xAA, 0xC6, 0x46, 0x5F, 0x3A, 0x7C, 0x9A, 0xDD, 0x85, 0x7C, 0x86, 0x1B, 0xCA,
    0x09, 0xD5, 0x7A, 0x7F, 0xD8, 0xDF, 0x22, 0x3C, 0x60, 0x24, 0x1D, 0xDE, 0x12, 0x61, 0xDB, 0x26,
    0xD4, 0xA8, 0xD0, 0x85, 0x0A, 0x37, 0x20, 0xE1, 0xBA, 0x32, 0xC3, 0xD7, 0xF6, 0xB5, 0xCD, 0xB6,
    0xC0, 0x1D, 0x82, 0x48, 0x15, 0xCA, 0x3E, 0x8A, 0x33, 0xD1, 0x10, 0x7F, 0x75, 0x21, 0x26, 0x5E,
    0x55, 0xDD, 0x56, 0x04, 0x5A, 0xD9, 0x4A, 0x89, 0xB5, 0x4C, 0x46, 0x06, 0xAE, 0xC8, 0xA9, 0x8A,
    0x3F, 0x51, 0xF1, 0x0F, 0x54, 0xFC, 0xA8, 0xE2, 0x23, 0xC5, 0x67, 0x11, 0x26, 0xE1, 0x40, 0xF1,
    0x79, 0xC2, 0x11, 0x45, 0x4F, 0xFE, 0x2F, 0x02, 0xC5, 0x97, 0x81, 0xE2, 0xB7, 0xD7, 0x0F, 0xEB,
    0xC9, 0x72, 0x16, 0xC4, 0x2A, 0xE1, 0x40, 0x36, 0xA8, 0xC7, 0x6C, 0x52, 0xBD, 0x03, 0x5D, 0xD9,
    0x3C, 0x22, 0x38, 0x19, 0x2B, 0x09, 0x8D, 0x0C, 0xCF, 0x4B, 0x6B, 0x56, 0x64, 0x13, 0x6B, 0x42,
    0x1E, 0xB5, 0xB6, 0xF6, 0x44, 0x13, 0x68, 0x8F, 0x55, 0xD7, 0x8F, 0x14, 0x4F, 0x34, 0x18, 0x13,
    0xF1, 0x9B, 0xCA, 0xD8, 0xDF, 0xEA, 0x89, 0xDF, 0x09, 0xC4, 0x37, 0x29, 0xB4, 0xFB, 0x5B, 0x10,
    0xCF, 0x88, 0xCD, 0xA4, 0xB8, 0x45, 0xA0, 0x57, 0x0C, 0x8A, 0x9B, 0xF6, 0x88, 0xB7, 0xC8, 0x19,
    0xC9, 0x80, 0xA4, 0xBA, 0x5B, 0xB5, 0x98, 0x4F, 0x30, 0x3D, 0x6F, 0xD8, 0xDD, 0xB4, 0xB4, 0x87,
    0xDD, 0x1C, 0x78, 0x53, 0xCD, 0xB4, 0x81, 0x6B, 0xBB, 0xE0, 0x26, 0x6F, 0x48, 0x7D, 0x67, 0x7A,
    0xF3, 0xCB, 0x15, 0x23, 0xCD, 0xCB, 0xFF, 0x6B, 0xCD, 0x23, 0x6F, 0x8A, 0x0F, 0xA4, 0xE8, 0x79,
    0x63, 0x7E, 0x2A, 0x26, 0xD0, 0x5A, 0x0B, 0xB1, 0x9E, 0x37, 0x47, 0x90, 0x57, 0xC0, 0x9B, 0x63,
    0xC8, 0x29, 0x00, 0xC8, 0x03, 0x88, 0x5A, 0x2B, 0x11, 0xDD, 0xA8, 0x37, 0xC3, 0xB9, 0xCD, 0x12,
    0xD0, 0x0C, 0x7A, 0xD3, 0x9E, 0x5B, 0x2E, 0xDB, 0x2B, 0x31, 0xA3, 0xB9, 0x18, 0x56, 0x06, 0x2E,
    0x60, 0xCB, 0xB4, 0x64, 0x88, 0x21, 0x7D, 0x31, 0xD0, 0xE3, 0xC1, 0xB4, 0xBA, 0xE8, 0x47, 0x9A,
    0x01, 0x93, 0x8A, 0xB7, 0xAB, 0xCA, 0xE4, 0x2C, 0x30, 0x67, 0x89, 0xCA, 0xD7, 0xFA, 0x50, 0x85,
    0x56, 0xDB, 0xD8, 0x49, 0x47, 0x21, 0x59, 0xD4, 0xA4, 0x29, 0x43, 0x3D, 0x72, 0x08, 0x76, 0xE6,
    0x90, 0xD6, 0xC4, 0x6C, 0x56, 0x12, 0xAE, 0x57, 0xDC, 0x91, 0x1E, 0x4E, 0x20, 0x32, 0x30, 0x9E,
    0x35, 0x57, 0xF3, 0x47, 0xB5, 0xAE, 0x66, 0xBE, 0xF5, 0x48, 0xCA, 0xD3, 0x65, 0xD0, 0x6A, 0xEA,
    0xD9, 0x07, 0x1C, 0xA9, 0x3B, 0x27, 0x4A, 0x64, 0x91, 0xB6, 0xBE, 0xD7, 0xD3, 0xD4, 0x5F, 0xB4,
    0xC4, 0x4F, 0xD5, 0x8A, 0x65, 0xCF, 0xE4, 0x4B, 0x3B, 0xB9, 0x81, 0xD8, 0x10, 0xBF, 0x2A, 0x8F,
    0x38, 0x28, 0xB2, 0x05, 0x44, 0xA4, 0x47, 0xA5, 0x58, 0xB7, 0x85, 0xB4, 0x38, 0x52, 0x23, 0x8F,
    0x51, 0xCD, 0x09, 0xF7, 0x88, 0xF6, 0x4F, 0x9C, 0x36, 0xAB, 0x8A, 0xA6, 0x57, 0x87, 0x70, 0xEF,
    0x83, 0x76, 0x1B, 0xDC, 0xF3, 0xE7, 0x58, 0x37, 0xFE, 0x89, 0x0E, 0x4E, 0x0C, 0x41, 0xB1, 0xB5,
    0xE8, 0x11, 0x4E, 0x11, 0x9B, 0x05, 0x31, 0xCD, 0xBB, 0x85, 0xEA, 0xB2, 0x8E, 0x8B, 0xA7, 0x76,
    0x5B, 0x7A, 0xEE, 0x5F, 0x83, 0xF6, 0xC6, 0xAD, 0x98, 0x2F, 0x69, 0xDE, 0x22, 0x0E, 0xA2, 0x78,
    0x4A, 0x48, 0x6F, 0xD4, 0xAC, 0xC8, 0x6F, 0xA7, 0xE3, 0xB5, 0x74, 0x9C, 0x1C, 0x6F, 0xC7, 0xCD,
    0x1B, 0x37, 0x6E, 0x1C, 0x5D, 0xBF, 0x7E, 0xFD, 0x4B, 0x4F, 0xCC, 0xB8, 0x22, 0xE7, 0xBA, 0x5D,
    0x38, 0xE8, 0x97, 0x76, 0xD7, 0x7D, 0xE9, 0xE7, 0x3E, 0xC3, 0x53, 0x75, 0xEB, 0x79, 0xA9, 0x1B,
    0x4C, 0xC8, 0x74, 0xBE, 0xCA, 0x7E, 0xDE, 0x50, 0x17, 0x29, 0x30, 0x6C, 0xE3, 0x3F, 0x89, 0x40,
    0x1C, 0x91, 0x0D, 0xAF, 0xA1, 0x08, 0xC7, 0x28, 0xC3, 0x51, 0x1A, 0xB6, 0xA8, 0x60, 0xDA, 0x9B,
    0xE9, 0xC9, 0x09, 0xF2, 0xE1, 0x59, 0xE0, 0x56, 0xFA, 0x28, 0xF0, 0xA3, 0xEE, 0x3C, 0x66, 0xB7,
    0xD1, 0x84, 0xAA, 0x2F, 0x63, 0x36, 0xE2, 0x1A, 0xAE, 0xAE, 0x7F, 0xA4, 0x2F, 0x39, 0x3E, 0x13,
    0xF6, 0x42, 0x73, 0x02, 0x2D, 0xDB, 0x15, 0x3B, 0x10, 0xD7, 0xF3, 0x83, 0x4C, 0x60, 0xA1, 0x0D,
    0x26, 0x41, 0xCB, 0x4A, 0xD0, 0x56, 0xE3, 0xC6, 0xEA, 0x5D, 0x7B, 0x3F, 0xA2, 0xF9, 0xE0, 0xE7,
    0xA3, 0x77, 0xF2, 0x5D, 0x09, 0x76, 0x61, 0x95, 0xF3, 0xFB, 0xAB, 0x7F, 0xB9, 0xF1, 0x8E, 0x36,
    0x5F, 0xFF, 0xA7, 0x3F, 0x6D, 0x09, 0xDF, 0x9E, 0x90, 0x89, 0x13, 0x64, 0xEB, 0xDF, 0x4B, 0xA2,
    0xED, 0xD0, 0x85, 0x42, 0x7C, 0x93, 0x80, 0x0A, 0x97, 0x04, 0x54, 0x18, 0x54, 0xA1, 0x1D, 0x21,
    0x5A, 0x7E, 0x68, 0x15, 0x6B, 0x9F, 0xE1, 0x3B, 0x43, 0x35, 0xC0, 0xAD, 0xD2, 0xE2, 0xB4, 0xD3,
    0x17, 0x75, 0x28, 0xD5, 0xD2, 0x97, 0x98, 0x2D, 0x76, 0x2C, 0xD3, 0x3F, 0x1B, 0x8B, 0x58, 0x0F,
    0xB9, 0xFF, 0xDC, 0x72, 0x3C, 0xF9, 0x06, 0x9F, 0xC6, 0xA2, 0xF5, 0x95, 0xAC, 0xC8, 0x65, 0x7C,
    0xFA, 0x33, 0x53, 0xC1, 0x50, 0x65, 0xDD, 0xC5, 0xFE, 0x91, 0xC0, 0x89, 0x57, 0x17, 0x69, 0x0F,
    0x31, 0x2B, 0x9F, 0xC4, 0xAC, 0xFE, 0xFF, 0xC4, 0x8C, 0xB6, 0xBB, 0xDD, 0x76, 0x9B, 0x6C, 0xB7,
    0x63, 0x3D, 0xD8, 0xE8, 0x82, 0xEB, 0x9B, 0x7F, 0x64, 0xC1, 0x1C, 0x21, 0x1F, 0xFE, 0x5A, 0xDB,
    0xB3, 0x97, 0x89, 0x6E, 0xEB, 0xFE, 0xEF, 0xF4, 0xCC, 0x71, 0x9B, 0xD0, 0xCC, 0xB6, 0xBD, 0x58,
    0xA6, 0xEE, 0x3C, 0xBA, 0x4B, 0x2F, 0x75, 0x91, 0x9A, 0xFF, 0xF6, 0x17, 0xA9, 0xFA, 0xE2, 0xFB,
    0x62, 0x8B, 0x8B, 0x15, 0x71, 0xC3, 0x7C, 0x25, 0x16, 0x1B, 0x5E, 0xAC, 0x88, 0xC4, 0xA7, 0x2B,
    0x62, 0x24, 0xD6, 0x3D, 0xB1, 0xA1, 0xB0, 0x17, 0xD7, 0x03, 0xA5, 0xE8, 0x43, 0x0E, 0xFF, 0x87,
    0xBE, 0x12, 0xC9, 0x5F, 0x01, 0x36, 0x36, 0x7F, 0xC8, 0x04, 0x27, 0xE5, 0xBA, 0x56, 0x17, 0xCF,
    0x37, 0x2D, 0xB1, 0xF3, 0xC4, 0x55, 0x99, 0x8B, 0x6A, 0x2C, 0xCD, 0x47, 0x75, 0x3B, 0x01, 0xCE,
    0x08, 0xD9, 0xA2, 0xA8, 0x3D, 0x0D, 0x44, 0x66, 0x3A, 0x21, 0x2B, 0x60, 0x3E, 0xBB, 0xBF, 0x71,
    0x78, 0xC2, 0x0E, 0xE7, 0xB8, 0x50, 0x58, 0x39, 0xED, 0x9F, 0x48, 0xAE, 0xB2, 0x0D, 0xF9, 0x62,
    0xB9, 0xFB, 0x07, 0x0B, 0x32, 0xA9, 0xC5, 0xE7, 0xF2, 0xE7, 0xD2, 0xE6, 0xD2, 0x4B, 0x28, 0xA4,
    0x95, 0x56, 0x7B, 0x77, 0xB6, 0x4F, 0x9E, 0x3D, 0x26, 0xEC, 0xA4, 0x89, 0x91, 0xAF, 0xB0, 0x71,
    0xDF, 0x51, 0x5B, 0x8A, 0x0C, 0xC5, 0x7A, 0x2D, 0xE5, 0x89, 0x8C, 0x4D, 0xD8, 0xB4, 0x3C, 0xA3,
    0x6F, 0xBB, 0x4C, 0xA8, 0x96, 0x4D, 0xE2, 0x9F, 0xEE, 0x9F, 0xF2, 0x7E, 0x0C, 0xB7, 0x6E, 0x75,
    0x91, 0x3F, 0x33, 0x9F, 0x7F, 0xEB, 0xA8, 0xB6, 0xF7, 0xE7, 0xED, 0xBB, 0x63, 0x0F, 0xF7, 0x91,
    0x77, 0xD2, 0xB2, 0x44, 0xF8, 0x4B, 0xBE, 0xB9, 0x5D, 0xBD, 0x8B, 0xFD, 0xC8, 0xEF, 0xDD, 0xD5,
    0xF7, 0x05, 0xF5, 0xAA, 0xD9, 0x77, 0x85, 0xEE, 0x88, 0xCB, 0x09, 0x72, 0xB9, 0x94, 0x20, 0xA9,
    0x7C, 0x7F, 0x75, 0x7E, 0x91, 0x71, 0x1D, 0xBF, 0x68, 0xDC, 0xEE, 0xBD, 0x95, 0x49, 0x72, 0x3B,
    0x17, 0x08, 0xF2, 0x35, 0x63, 0xB1, 0x2A, 0xFB, 0xA4, 0xA6, 0xF6, 0x49, 0xCF, 0x3B, 0xAC, 0x0E,
    0xDB, 0x77, 0xB1, 0x04, 0xDC, 0x63, 0x36, 0xA6, 0xC9, 0x55, 0x74, 0x43, 0xD2, 0xE8, 0x22, 0xF7,
    0xFC, 0x9C, 0xF4, 0x1A, 0xF2, 0x04, 0xC3, 0x04, 0x54, 0x29, 0xDE, 0xE2, 0x33, 0xFE, 0x40, 0xFA,
    0x5A, 0x69, 0xF2, 0x16, 0x29, 0x33, 0x3D, 0x1D, 0xAC, 0x3D, 0x52, 0x61, 0xFF, 0xCF, 0xE0, 0xF7,
    0xD1, 0x08, 0xEA, 0x49, 0xA3, 0xB5, 0x07, 0xBB, 0x9C, 0x72, 0xF6, 0x19, 0x6E, 0xB5, 0x5C, 0xC6,
    0xC7, 0xF2, 0xFB, 0x12, 0x4A, 0xF9, 0x9E, 0x0C, 0x5D, 0xBA, 0xE4, 0x12, 0xBA, 0x60, 0x16, 0x5A,
    0xDE, 0xDA, 0x39, 0x29, 0x12, 0x6F, 0x47, 0x7D, 0x49, 0xAB, 0x22, 0xDF, 0x2B, 0xB4, 0x25, 0xD6,
    0x26, 0xDD, 0x4C, 0xEC, 0x56, 0x7A, 0x1D, 0x75, 0x81, 0x17, 0xF2, 0x6D, 0xCA, 0x80, 0x67, 0x3B,
    0x5E, 0x64, 0x94, 0xB6, 0x8E, 0x90, 0x7E, 0x57, 0xFB, 0xD7, 0xE5, 0x44, 0xA5, 0x02, 0xAA, 0x44,
    0x29, 0x6F, 0x88, 0x2F, 0x25, 0x13, 0x98, 0x25, 0x81, 0xBD, 0x48, 0xC8, 0x75, 0x2C, 0xB5, 0xAD,
    0xD5, 0x30, 0x24, 0x20, 0x3F, 0xF2, 0x55, 0xEA, 0x5A, 0xB2, 0x4D, 0x22, 0x73, 0x91, 0x71, 0xBE,
    0x86, 0x44, 0xEB, 0xCA, 0x84, 0xF9, 0x6A, 0xE6, 0x64, 0xCF, 0x62, 0xD3, 0x9D, 0x1B, 0x72, 0x71,
    0x7D, 0x2E, 0x89, 0x63, 0xD7, 0x2E, 0x9D, 0xF4, 0x51, 0x5A, 0x33, 0x77, 0xAD, 0x1D, 0x3B, 0x7E,
    0xDB, 0xED, 0x9B, 0x40, 0x36, 0x49, 0x16, 0x6A, 0x36, 0x5E, 0xBD, 0xF7, 0xCD, 0x15, 0x46, 0xDE,
    0x94, 0x00, 0xF9, 0xB3, 0xAE, 0x87, 0xFC, 0x9D, 0x9A, 0x5D, 0x25, 0x68, 0xAB, 0x98, 0xD1, 0xF1,
    0x9C, 0x6E, 0xD3, 0xDB, 0x41, 0x7D, 0xDD, 0x89, 0x4F, 0xF3, 0x7F, 0x85, 0x9D, 0xD8, 0xCE, 0xC9,
    0xFD, 0xF3, 0xFF, 0x76, 0xA9, 0xE2, 0x2D, 0xA0, 0xDE, 0x18, 0x95, 0x70, 0x60, 0x54, 0xEE, 0x3B,
    0x6D, 0x92, 0xFF, 0x17, 0x7D, 0x93, 0x01, 0x84, 0x15, 0x5F, 0x14, 0xC6, 0xBF, 0x37, 0xE3, 0xFF,
    0x1F, 0x5C, 0xBA, 0x8B, 0x25, 0x0A, 0x0F, 0x80, 0x27, 0x3B, 0x00, 0x61, 0xDF, 0xDE, 0x4B, 0x08,
    0x0B, 0x8B, 0x02, 0xB0, 0x00, 0x2C, 0x02, 0x21, 0xDA, 0xDC, 0x21, 0x00, 0xB4, 0x00, 0x80, 0xB0,
    0xD8, 0x1E, 0x14, 0xC2, 0x22, 0x66, 0x02, 0x10, 0x8C, 0x00, 0xA0, 0x21, 0x25, 0xC0, 0xC1, 0x55,
    0xC3, 0xDE, 0xB9, 0xA7, 0x73, 0x9A, 0x17, 0x6D, 0xE8, 0x98, 0xF3, 0xE3, 0xDD, 0x77, 0xCF, 0x77,
    0xCF, 0x7C, 0xF7, 0x0C, 0xFE, 0xCF, 0x87, 0x1E, 0x81, 0xD9, 0x2F, 0xB8, 0x60, 0x94, 0x49, 0x60,
    0x63, 0x99, 0xB1, 0xA4, 0x72, 0x82, 0xEB, 0xCB, 0x84, 0xD0, 0x55, 0x09, 0x6D, 0x67, 0x04, 0x8D,
    0x1D, 0xC1, 0xCD, 0x32, 0x0A, 0x1C, 0xC9, 0xDA, 0x6B, 0x42, 0xF8, 0xF8, 0x89, 0xE0, 0xF8, 0x78,
    0x80, 0x9D, 0xEA, 0x1E, 0xF0, 0xAE, 0x03, 0x30, 0xA3, 0x11, 0x04, 0x2F, 0x68, 0x15, 0xFC, 0x4D,
    0x91, 0xB0, 0xBA, 0x30, 0xD1, 0xA5, 0x90, 0xAA, 0x74, 0x95, 0xAA, 0xFC, 0x3E, 0x55, 0x8C, 0x68,
    0x32, 0xBC, 0x4D, 0x80, 0xE8, 0x43, 0xE4, 0x51, 0x13, 0xE0, 0x06, 0xC9, 0x7E, 0xCE, 0xD0, 0x01,
    0xAD, 0x24, 0xAB, 0xE4, 0xED, 0xEC, 0xC1, 0xED, 0x50, 0x8E, 0x96, 0x0C, 0x55, 0x64, 0x62, 0xD9,
    0x9B, 0x09, 0xA8, 0xB8, 0x47, 0x21, 0xFA, 0x08, 0x0C, 0x18, 0xFE, 0x55, 0x71, 0x00, 0xD7, 0x05,
    0xD4, 0x5D, 0xF0, 0xAE, 0x71, 0x5F, 0xB3, 0x2C, 0x47, 0x60, 0x17, 0x1A, 0x30, 0x0D, 0x96, 0x1E,
    0x41, 0xEA, 0x2E, 0x1C, 0xA7, 0x9B, 0xF9, 0x41, 0x95, 0x20, 0x8F, 0x49, 0xDA, 0x85, 0x8D, 0xE2,
    0x00, 0x6A, 0xD2, 0x2E, 0xF4, 0xE9, 0xE1, 0xE8, 0xAC, 0xE6, 0xDE, 0x64, 0xE0, 0x08, 0xAB, 0x0D,
    0x56, 0x8D, 0xCB, 0x6A, 0xCD, 0x24, 0xAE, 0x48, 0x15, 0x7B, 0x85, 0x14, 0x2F, 0x58, 0xCA, 0xAF,
    0x99, 0x58, 0x93, 0x48, 0xD6, 0x83, 0x4D, 0x22, 0x54, 0x2B, 0x9E, 0x8E, 0x70, 0xDF, 0x3F, 0xA4,
    0x1D, 0xC7, 0x87, 0x4C, 0x36, 0x95, 0xDC, 0xC0, 0x63, 0x07, 0xAB, 0x73, 0x3C, 0x43, 0x18, 0x7F,
    0xAB, 0x88, 0xF3, 0x4E, 0x51, 0x43, 0x34, 0xF6, 0x50, 0x4C, 0x58, 0xA3, 0xC8, 0x38, 0x85, 0xFC,
    0x17, 0x05, 0x0B, 0x02, 0xB8, 0xEC, 0x04, 0xD6, 0x0B, 0x1E, 0xA9, 0xCD, 0x49, 0x10, 0x48, 0xD1,
    0x61, 0x8E, 0x93, 0x97, 0x78, 0x88, 0xD3, 0x96, 0xC0, 0xC8, 0x36, 0x4A, 0x69, 0x2B, 0x8D, 0x31,
    0x9C, 0x89, 0x15, 0xE3, 0xC0, 0x44, 0xD3, 0xFA, 0xB5, 0x89, 0x37, 0x5A, 0x7F, 0x6A, 0xE2, 0x9D,
    0xE0, 0xDF, 0x9A, 0xF1, 0x6E, 0xF0, 0x64, 0xC6, 0x37, 0xE1, 0x5E, 0x6F, 0xC6, 0x21, 0xDC, 0x6F,
    0xCC, 0x55, 0x17, 0x5E, 0xC0, 0xB0, 0x0F, 0xEF, 0x84, 0x08, 0x11, 0xD5, 0x84, 0x30, 0xA0, 0x1A,
    0x11, 0x1A, 0xCC, 0xB1, 0xD8, 0x34, 0xC5, 0x79, 0x21, 0xEE, 0x44, 0x38, 0x12, 0x53, 0x2D, 0xAD,
    0xF5, 0x2E, 0x23, 0x50, 0xE5, 0x01, 0xD0, 0x37, 0x44, 0xC1, 0xBA, 0x91, 0xFD, 0xF6, 0xA7, 0xD5,
    0xEB, 0x5C, 0xEB, 0x1D, 0x5F, 0xD6, 0x84, 0x82, 0xC4, 0xF3, 0xBA, 0xB3, 0xD9, 0x07, 0x5F, 0xB1,
    0xC7, 0xAD, 0x0B, 0xD4, 0x1E, 0x4E, 0x0E, 0xEA, 0x44, 0x42, 0xA9, 0x96, 0x76, 0x52, 0xAF, 0x04,
    0x7B, 0xDB, 0x08, 0x1B, 0x0B, 0xBD, 0xE4, 0x3D, 0x61, 0xE8, 0xF6, 0x85, 0xAE, 0xBF, 0x54, 0x0E,
    0x24, 0xAC, 0x3F, 0xF7, 0x42, 0xFB, 0xA3, 0x51, 0xB2, 0x00, 0x66, 0x52, 0x56, 0xA3, 0xB2, 0x24,
    0xA5, 0xE9, 0x94, 0xB5, 0x57, 0x4E, 0x0A, 0x13, 0x55, 0x91, 0x3B, 0xE5, 0x28, 0x40, 0xB1, 0xD9,
    0xBC, 0xAA, 0x98, 0x27, 0xF3, 0xE5, 0x78, 0xB4, 0xDE, 0x91, 0x45, 0xAB, 0x5D, 0x78, 0xE9, 0x6A,
    0x9E, 0x56, 0x47, 0xD8, 0x2E, 0xED, 0x88, 0x2F, 0x8F, 0x65, 0x29, 0x3A, 0x2A, 0xA8, 0x65, 0x26,
    0x66, 0x1E, 0x66, 0x7B, 0x98, 0x64, 0xFF, 0xD1, 0xF5, 0xE9, 0xD6, 0x1C, 0xFE, 0x9A, 0x6E, 0x2F,
    0xB3, 0x0D, 0xB4, 0xC3, 0x7C, 0xBA, 0xE8, 0xA1, 0xCC, 0x92, 0x3A, 0xDC, 0x09, 0x30, 0xDB, 0x54,
    0x19, 0x1B, 0xB7, 0xA9, 0xFB, 0xB4, 0xDF, 0x93, 0x06, 0xA0, 0x7F, 0x05, 0x34, 0x96, 0x19, 0xF8,
    0x4F, 0xED, 0x6F, 0xFF, 0xF8, 0xA0, 0xD8, 0xAB, 0xAF, 0x28, 0xE6, 0xD4, 0x23, 0x35, 0x65, 0xED,
    0x0C, 0x70, 0x3A, 0x6A, 0x83, 0x58, 0x37, 0x1F, 0xB7, 0xA4, 0xEB, 0xDF, 0x66, 0xE8, 0xB7, 0x32,
    0x7A, 0x41, 0x1E, 0x61, 0x92, 0x46, 0xA4, 0x4A, 0x43, 0xA6, 0x8D, 0x5C, 0x5E, 0xD0, 0x7E, 0xFD,
    0x7C, 0x78, 0x22, 0x2D, 0x5E, 0xAA, 0x45, 0xD8, 0xC5, 0x4F, 0xCD, 0x98, 0x01, 0x84, 0x27, 0x59,
    0x7E, 0xC7, 0x3F, 0xAF, 0x6A, 0x67, 0x2A, 0xB6, 0xC4, 0x1B, 0x6C, 0xE3, 0xEE, 0x72, 0x57, 0xC1,
    0x61, 0xED, 0xCE, 0x76, 0x01, 0x0C, 0xE9, 0xEE, 0x7A, 0xB7, 0x47, 0x0E, 0x8B, 0x69, 0xA4, 0x03,
    0x8B, 0x0D, 0x40, 0xF6, 0x24, 0x03, 0x30, 0xA1, 0xA7, 0xAB, 0xEE, 0x16, 0x0B, 0xD8, 0x09, 0x09,
    0x01, 0x31, 0x58, 0x44, 0x2F, 0x66, 0xC9, 0x62, 0xE2, 0xA6, 0xA7, 0x6A, 0x0C, 0x09, 0x82, 0xAB,
    0xDD, 0xBB, 0x73, 0x08, 0x52, 0x9B, 0xEC, 0x65, 0xE2, 0x06, 0xF3, 0xE2, 0xDE, 0x25, 0xB5, 0xBD,
    0x55, 0xF5, 0x4B, 0xFD, 0x9E, 0xFB, 0xFB, 0x9B, 0x24, 0x9B, 0x10, 0xC6, 0xF5, 0x9B, 0x7A, 0x9F,
    0xD7, 0xF3, 0xFB, 0xBF, 0x7A, 0xDF, 0xEF, 0xFB, 0x75, 0xBD, 0xF7, 0x7F, 0xD5, 0x14, 0x8E, 0xBA,
    0xA3, 0xED, 0x95, 0xA5, 0x23, 0x16, 0xAE, 0xC2, 0x1E, 0x1C, 0xC3, 0xA8, 0x57, 0x12, 0x48, 0x03,
    0x99, 0x27, 0xF7, 0x58, 0x4F, 0xE1, 0x29, 0x07, 0xAA, 0x81, 0x7A, 0x20, 0x96, 0x1C, 0xB0, 0xC0,
    0x8D, 0xDB, 0xE4, 0x32, 0x51, 0xDD, 0x5D, 0x58, 0xF6, 0x24, 0x9D, 0xAE, 0xCD, 0xF9, 0x78, 0xF3,
    0x7D, 0xEB, 0x3F, 0xA2, 0xF4, 0x1F, 0x52, 0x0D, 0x7E, 0xAD, 0x03, 0xD5, 0xC7, 0x3D, 0xD5, 0x27,
    0x1D, 0xD5, 0x2F, 0xBA, 0xDF, 0x2E, 0xFE, 0xE3, 0xE1, 0x90, 0xCB, 0xD3, 0xDE, 0x88, 0x38, 0x8A,
    0x3F, 0x03, 0x8B, 0xD6, 0x4D, 0x29, 0x17, 0x47, 0x22, 0x6D, 0x4F, 0x1E, 0x0A, 0x8F, 0x1D, 0x54,
    0xBC, 0xB7, 0x3D, 0x65, 0x77, 0x99, 0x15, 0x6C, 0xD0, 0x43, 0x2A, 0x12, 0xC8, 0x14, 0xD8, 0x81,
    0x0D, 0x7A, 0xA0, 0xE8, 0x80, 0xCA, 0x01, 0xB7, 0x00, 0xF3, 0xC5, 0x67, 0x89, 0xCB, 0x45, 0xA4,
    0xA9, 0x44, 0x16, 0x5E, 0xA6, 0x0E, 0x80, 0x81, 0x2B, 0x2B, 0x8E, 0xDF, 0xBE, 0xEE, 0xD6, 0x30,
    0xF6, 0xE3, 0x99, 0x82, 0x7D, 0x5E, 0x5B, 0xB9, 0x87, 0x5D, 0x5B, 0x4B, 0xC1, 0x2E, 0xB6, 0x39,
    0x43, 0x3F, 0xBF, 0xD5, 0xBE, 0xD7, 0x68, 0x7F, 0x2B, 0x9F, 0xCA, 0x50, 0xC8, 0x9F, 0x4A, 0x9F,
    0xCE, 0x54, 0x24, 0x0B, 0xC7, 0x98, 0x85, 0x00, 0x62, 0x06, 0x90, 0xB4, 0x83, 0xF6, 0x0D, 0x07,
    0xF5, 0x75, 0xA0, 0xBA, 0xAF, 0x08, 0x50, 0x8A, 0x0C, 0x8A, 0x1E, 0xAA, 0x1E, 0x5E, 0x69, 0x7F,
    0xDE, 0xD0, 0x8A, 0x74, 0x20, 0x0D, 0x20, 0x0E, 0x8C, 0xE2, 0x55, 0xF9, 0x57, 0x68, 0x65, 0x02,
    0xFC, 0xB6, 0xFC, 0x01, 0x00, 0x77, 0xFC, 0xB6, 0x00, 0x90, 0x48, 0xC0, 0x3E, 0x56, 0x1B, 0x0B,
    0x27, 0x9C, 0x70, 0xC6, 0x1E, 0x0F, 0x80, 0xDA, 0x41, 0xA5, 0x66, 0x16, 0xD2, 0x9F, 0x4A, 0x9F,
    0x75, 0xAD, 0xCF, 0xBB, 0x7C, 0xCC, 0x07, 0x33, 0x65, 0x33, 0x53, 0x22, 0x7D, 0xA0, 0x3D, 0x1F,
    0x28, 0xA4, 0x89, 0xAA, 0x54, 0xCD, 0x0B, 0x14, 0xCD, 0x3E, 0xB6, 0xA9, 0xB1, 0xAE, 0x76, 0x25,
    0xD5, 0xCF, 0x26, 0x72, 0x19, 0x60, 0x07, 0x80, 0xB3, 0xD4, 0x4B, 0x16, 0x96, 0xCC, 0xDF, 0x4C,
    0x7A, 0x80, 0x28, 0xFE, 0x39, 0x50, 0x9E, 0xB7, 0x3D, 0xCC, 0x24, 0x23, 0xE9, 0x00, 0x07, 0xE4,
    0x4D, 0x3D, 0x59, 0x57, 0xA4, 0xBF, 0xAC, 0xD3, 0xEE, 0xB5, 0xBC, 0x2B, 0x92, 0x7E, 0xCF, 0xBA,
    0xDF, 0x30, 0xC3, 0xB5, 0x02, 0xF0, 0x37, 0xCB, 0xFF, 0xCA, 0x18, 0xF7, 0x7B, 0xB6, 0xC1, 0x0C,
    0xFB, 0xB6, 0x4B, 0x93, 0xBE, 0x48, 0x43, 0x91, 0x76, 0xD6, 0xB5, 0xEB, 0x38, 0x69, 0x7F, 0xC9,
    0x95, 0x98, 0x11, 0x33, 0xB1, 0x7A, 0xBA, 0x3B, 0xC0, 0x65, 0x59, 0x00, 0x2E, 0x29, 0xDA, 0xBF,
    0xC8, 0xFE, 0x65, 0x2A, 0x1E, 0x8E, 0xD5, 0xEB, 0xA1, 0x4E, 0xC3, 0x83, 0xD4, 0x2F, 0xB9, 0x6F,
    0xBF, 0xE6, 0xEB, 0x5F, 0x9C, 0x17, 0xDF, 0x1B, 0x79, 0xD1, 0xDD, 0xA1, 0x4C, 0x07, 0xA6, 0x75,
    0xD8, 0x50, 0x53, 0x7C, 0x3A, 0x53, 0x3D, 0x1A, 0xA9, 0xDE, 0x0D, 0x94, 0x6B, 0x6B, 0x1F, 0x4E,
    0x64, 0xFD, 0x19, 0xE9, 0x70, 0x00, 0xBE, 0x60, 0xE7, 0xE8, 0x48, 0x9F, 0x84, 0xFE, 0x95, 0xD3,
    0x0F, 0x7A, 0x48, 0xFE, 0x5B, 0xDD, 0x39, 0xA2, 0x16, 0x57, 0x0B, 0x6F, 0x9F, 0xF2, 0x7F, 0xE4,
    0xE0, 0x3D, 0x19, 0xD6, 0x1C, 0x64, 0xFF, 0x7E, 0xB6, 0xE6, 0xC0, 0x78, 0xCD, 0x81, 0xF1, 0x76,
    0xCD, 0xC1, 0xFA, 0x33, 0xFE, 0xA6, 0xF1, 0xBB, 0xCA, 0x2F, 0xC6, 0xC8, 0x01, 0xBF, 0xC6, 0x03,
    0x7E, 0xED, 0x73, 0x7F, 0xCD, 0x81, 0xF1, 0x07, 0x6B, 0x0E, 0x92, 0x50, 0x7C, 0xBB, 0xB3, 0xD7,
    0x97, 0xFC, 0xE9, 0x9A, 0x03, 0xF8, 0xF2, 0x1C, 0x94, 0x22, 0x53, 0x25, 0x32, 0x02, 0xD9, 0x42,
    0x21, 0xDD, 0x7E, 0xDA, 0x1F, 0x27, 0xC3, 0x7A, 0xED, 0xA5, 0x43, 0xF5, 0x66, 0x67, 0xC5, 0x99,
    0xF7, 0xE1, 0x45, 0xC0, 0x3E, 0x5B, 0x77, 0xDE, 0xFA, 0x73, 0x17, 0xE7, 0x7B, 0xF7, 0xB4, 0xD9,
    0xC6, 0xB7, 0x75, 0x53, 0xB4, 0x8F, 0x56, 0x80, 0x1B, 0xC1, 0x7C, 0x3E, 0xA7, 0xFE, 0xC4, 0xF4,
    0x0F, 0x60, 0xC2, 0x04, 0xB2, 0x8E, 0x5D, 0x08, 0x2F, 0x64, 0xDD, 0xCB, 0xE5, 0xE9, 0xBD, 0x4A,
    0xC2, 0x2B, 0xA7, 0x77, 0x36, 0x3D, 0xCF, 0x52, 0x5F, 0x73, 0xE7, 0x04, 0x26, 0xBE, 0x36, 0x50,
    0xF7, 0x9A, 0x21, 0xA6, 0xAB, 0x4C, 0x07, 0x66, 0x2C, 0x9F, 0xFA, 0x6C, 0x71, 0x1C, 0x91, 0x2E,
    0xE4, 0x23, 0x45, 0xCF, 0x09, 0x5C, 0x01, 0xBE, 0x7A, 0x27, 0xF9, 0x2B, 0x28, 0x87, 0x4C, 0x67,
    0x3B, 0xE4, 0xCA, 0xDE, 0x8E, 0x50, 0x77, 0x36, 0x40, 0xDB, 0x15, 0x1E, 0xA4, 0x89, 0x74, 0xA5,
    0x92, 0x6A, 0xC0, 0xAC, 0xEC, 0x49, 0x84, 0xBA, 0xD3, 0x01, 0x65, 0xA5, 0x98, 0x95, 0x99, 0xBC,
    0xD1, 0x3E, 0x24, 0x6F, 0xE7, 0x4A, 0xB0, 0x45, 0x28, 0x47, 0xAC, 0x71, 0x06, 0x0A, 0x00, 0xCA,
    0xC8, 0xCA, 0x45, 0x0E, 0x91, 0x5E, 0x59, 0x34, 0x6C, 0x4A, 0x26, 0x22, 0x5D, 0x21, 0xE7, 0xB3,
    0xAB, 0x64, 0xF0, 0x7C, 0x29, 0x0A, 0x45, 0xAE, 0x30, 0x1F, 0xAC, 0x20, 0xF9, 0xFF, 0x63, 0xCD,
    0xD5, 0xEC, 0xA8, 0x07, 0xE9, 0x40, 0xF3, 0xE1, 0xAA, 0xAE, 0xEE, 0xEB, 0xAE, 0x74, 0x9A, 0x9E,
    0x01, 0x33, 0x42, 0x0B, 0x95, 0x5E, 0xD5, 0x1C, 0x7D, 0xDB, 0x86, 0xB6, 0x59, 0x9F, 0x94, 0x17,
    0x63, 0x90, 0x03, 0xB8, 0x05, 0xF7, 0x61, 0x82, 0x49, 0xFB, 0xBF, 0xBA, 0x34, 0x6F, 0x9F, 0xAE,
    0x7D, 0x6E, 0xE7, 0x5F, 0x84, 0xF2, 0xE1, 0x54, 0x31, 0x3D, 0x60, 0x9A, 0xCD, 0x34, 0xAF, 0x6B,
    0x26, 0x1B, 0xAA, 0xF5, 0xDE, 0xCF, 0x49, 0x6E, 0xBF, 0x4C, 0xE2, 0x4B, 0x18, 0x0B, 0xA7, 0x2B,
    0x86, 0xD6, 0x0E, 0xD4, 0xDF, 0x09, 0xD4, 0x6F, 0x78, 0x96, 0x62, 0x48, 0xC7, 0xCA, 0xE5, 0xFD,
    0x19, 0xC5, 0xB7, 0x02, 0xFB, 0x69, 0x07, 0x85, 0xC3, 0x3A, 0x04, 0x76, 0xB1, 0x2D, 0x1C, 0xF3,
    0x9B, 0x15, 0x04, 0x38, 0x21, 0x1D, 0xE0, 0x8C, 0xBC, 0x53, 0x0F, 0x05, 0x30, 0xB1, 0x0F, 0x8C,
    0xDC, 0x4B, 0xBD, 0x19, 0x8D, 0xB7, 0x43, 0x12, 0xD2, 0xBE, 0xEA, 0xBF, 0xBB, 0x5C, 0x6F, 0x7E,
    0xD0, 0x9F, 0x9E, 0xDE, 0x48, 0x7E, 0xD8, 0xC1, 0x71, 0x6E, 0x57, 0x86, 0xAB, 0xB6, 0x21, 0xF1,
    0x7F, 0x73, 0xE3, 0x36, 0x59, 0x27, 0x32, 0x62, 0xDD, 0x51, 0x7D, 0xC8, 0x01, 0x54, 0x3A, 0x5A,
    0x22, 0x8D, 0xF1, 0x5C, 0x3E, 0x6D, 0x54, 0x7D, 0x17, 0x44, 0x75, 0x55, 0x3D, 0xA8, 0x7A, 0x32,
    0xA8, 0x7A, 0xD6, 0xA9, 0xBA, 0x75, 0xDA, 0xFF, 0x40, 0xD5, 0xD7, 0x16, 0x46, 0xF3, 0x6F, 0x72,
    0xDB, 0x8C, 0xE9, 0x3F, 0x3C, 0xF6, 0x49, 0xC8, 0xDF, 0xFB, 0xFE, 0xF8, 0xDD, 0xE5, 0xAD, 0xFC,
    0xF5, 0x70, 0x7A, 0x7A, 0x8B, 0xD4, 0xC3, 0xA8, 0x76, 0x13, 0x4F, 0x81, 0xDE, 0x7F, 0x0F, 0x74,
    0xEB, 0xB9, 0x42, 0x49, 0xC1, 0x1D, 0x8E, 0x79, 0x70, 0xDA, 0x13, 0x10, 0xE9, 0xD2, 0x81, 0xD3,
    0x55, 0x3D, 0x16, 0xDA, 0x61, 0x95, 0x4C, 0x7F, 0x39, 0x91, 0xAD, 0x71, 0x95, 0x34, 0xDD, 0xAC,
    0x92, 0x26, 0x4A, 0xBE, 0xD9, 0x9B, 0xF8, 0xA4, 0xA6, 0x3D, 0x64, 0x21, 0x6F, 0xC0, 0x8C, 0x05,
    0xD3, 0x9E, 0x19, 0xF7, 0xD3, 0xF1, 0x56, 0x1A, 0x46, 0x1B, 0xAA, 0xBB, 0x9F, 0xF8, 0xDD, 0x90,
    0x2F, 0x59, 0xF7, 0xD7, 0x1E, 0xEC, 0xEB, 0x8F, 0x56, 0x96, 0xB9, 0xA6, 0xEF, 0x78, 0xF7, 0xCD,
    0xCF, 0x20, 0x54, 0xBA, 0x83, 0x0F, 0x3B, 0x6F, 0xFD, 0x58, 0xED, 0xD9, 0x8E, 0x22, 0x8A, 0x1E,
    0x60, 0x74, 0x8D, 0xFD, 0x11, 0x18, 0x81, 0x44, 0x5C, 0x6C, 0x39, 0x63, 0x5B, 0x3C, 0x10, 0x20,
    0x09, 0x50, 0xFA, 0xD8, 0xC5, 0x8E, 0x50, 0x0D, 0x50, 0x77, 0x20, 0xDD, 0x4B, 0x48, 0x53, 0x36,
    0xD2, 0x54, 0x5D, 0xDB, 0xD5, 0x5D, 0xF5, 0x33, 0x71, 0x56, 0x66, 0xF8, 0x43, 0x07, 0x70, 0xA4,
    0x30, 0xA2, 0xA4, 0x76, 0xCA, 0xA2, 0x53, 0xAA, 0x31, 0xE0, 0x70, 0x2B, 0x63, 0xFD, 0x76, 0xD1,
    0xD4, 0x41, 0x29, 0xCA, 0xE4, 0xC9, 0x08, 0xA4, 0x7F, 0xAF, 0xCC, 0xDF, 0x9D, 0x80, 0x22, 0x53,
    0xEE, 0x47, 0x1E, 0xA7, 0x33, 0x10, 0x94, 0x6B, 0xFA, 0x16, 0x48, 0xCF, 0x3F, 0x58, 0x69, 0x45,
    0x04, 0x0A, 0x12, 0x81, 0x83, 0x28, 0x7F, 0x7F, 0xA5, 0x23, 0x80, 0xB8, 0x34, 0x60, 0xA4, 0x2B,
    0x17, 0x5E, 0x95, 0xCF, 0x6A, 0x71, 0x95, 0x8C, 0x00, 0x97, 0x0E, 0xB7, 0x2B, 0xB7, 0x75, 0x80,
    0x99, 0x01, 0xB2, 0x18, 0x30, 0x5C, 0x14, 0x9F, 0xE6, 0xF7, 0x00, 0xEC, 0xAC, 0x2C, 0x45, 0xF9,
    0xA0, 0x74, 0x90, 0x84, 0xBC, 0x03, 0xE3, 0x8C, 0xBB, 0x20, 0x3E, 0x5F, 0x20, 0xEA, 0x36, 0x1F,
    0x82, 0x91, 0x73, 0x0F, 0xE9, 0x13, 0xE9, 0x57, 0x36, 0xE2, 0x88, 0x1F, 0x5F, 0x10, 0x9F, 0xB1,
    0x98, 0xD1, 0x76, 0x90, 0x4C, 0x76, 0x88, 0xEC, 0x01, 0x9F, 0x37, 0x00, 0x5C, 0x14, 0x9F, 0x97,
    0x9B, 0xA8, 0x3E, 0x2A, 0x6F, 0xEE, 0x29, 0x3F, 0xFC, 0xBA, 0xF2, 0xA3, 0xAB, 0xDB, 0xF8, 0xAF,
    0xCB, 0x5B, 0x2E, 0x22, 0xF3, 0xB6, 0x25, 0xF9, 0xC7, 0x11, 0x15, 0xC8, 0xDE, 0x0B, 0x1C, 0x03,
    0xB6, 0xF0, 0xB1, 0xDD, 0x2F, 0x3D, 0xDF, 0x04, 0xEE, 0x45, 0xA3, 0x18, 0x5F, 0x0D, 0x00, 0x69,
    0x57, 0xF5, 0x00, 0xD6, 0xD5, 0xB2, 0x00, 0xBB, 0xB4, 0xB1, 0x3D, 0x46, 0x1A, 0x80, 0xCF, 0x8F,
    0x62, 0x9B, 0x8A, 0x88, 0x53, 0x95, 0x9F, 0xFC, 0xBE, 0x00, 0xD1, 0x21, 0xC6, 0xB1, 0x4F, 0xBA,
    0x90, 0xF6, 0x8C, 0xA4, 0x33, 0x59, 0x97, 0x04, 0xB2, 0x99, 0x42, 0x3D, 0xDE, 0x95, 0x78, 0x4C,
    0x37, 0x12, 0xEF, 0x8C, 0x85, 0x52, 0x06, 0x12, 0xB9, 0x3B, 0x61, 0xC3, 0xDA, 0xAD, 0xEA, 0xD2,
    0x19, 0x71, 0xC9, 0x94, 0x2E, 0x24, 0x43, 0xCC, 0x8A, 0x55, 0x14, 0x01, 0x28, 0x3D, 0x50, 0x6D,
    0x31, 0x3C, 0x0B, 0x0F, 0x94, 0x01, 0xA3, 0x77, 0x64, 0x2E, 0x97, 0xDB, 0x37, 0x30, 0x71, 0xFE,
    0x2A, 0x41, 0xFA, 0x63, 0x56, 0x04, 0x20, 0x99, 0xD8, 0x6C, 0xA8, 0x13, 0x10, 0x33, 0xD6, 0xDE,
    0x06, 0xD8, 0x71, 0xCA, 0x5F, 0x4D, 0xDE, 0xB3, 0xB9, 0x01, 0xEE, 0x47, 0xBE, 0xC4, 0xA6, 0xD4,
    0x71, 0x02, 0x91, 0x3A, 0xD9, 0x8A, 0x38, 0xC5, 0x95, 0x13, 0xDF, 0x80, 0x7C, 0xE2, 0x2B, 0x60,
    0x47, 0x58, 0x19, 0xD8, 0xD8, 0xA7, 0xD4, 0xEE, 0x54, 0x12, 0x39, 0x6C, 0xA5, 0xEA, 0x4E, 0xD9,
    0x46, 0x4A, 0xC7, 0x21, 0x48, 0x83, 0x07, 0x71, 0xC6, 0x93, 0x08, 0xD9, 0xA0, 0xB7, 0x4A, 0x4F,
    0xBB, 0xB2, 0x63, 0xB3, 0xE9, 0xA8, 0x1A, 0x50, 0x78, 0x65, 0xD5, 0x28, 0x63, 0x80, 0xC3, 0x0B,
    0xE1, 0x73, 0x9B, 0xD0, 0xB6, 0x07, 0x12, 0xF1, 0x40, 0xFE, 0x69, 0x50, 0x01, 0x77, 0x1C, 0xD3,
    0xF9, 0xD2, 0x45, 0xF1, 0x09, 0xD1, 0xD5, 0x04, 0x54, 0xDF, 0x8F, 0x7C, 0x5D, 0xB9, 0x4B, 0xD4,
    0xE1, 0x82, 0xE4, 0x53, 0xB3, 0x59, 0x78, 0xC8, 0x02, 0x98, 0x09, 0xB8, 0xB5, 0xDD, 0xB8, 0x6B,
    0x19, 0xD7, 0x1A, 0xD4, 0x15, 0xE9, 0x1C, 0x1D, 0xA9, 0x9F, 0xE8, 0x46, 0xBD, 0xA8, 0x93, 0xD2,
    0xC7, 0x1A, 0x3D, 0x54, 0x7D, 0xD4, 0x8F, 0xEA, 0xA2, 0xB5, 0x51, 0x5D, 0x55, 0xA5, 0x94, 0xCF,
    0x68, 0x25, 0x6C, 0x0E, 0x0B, 0xE9, 0xB2, 0x99, 0x4E, 0xD9, 0x45, 0x4D, 0x50, 0xAB, 0x5B, 0xD9,
    0xA8, 0xAB, 0xDD, 0xA2, 0x72, 0x94, 0x8E, 0xDA, 0x2A, 0xAE, 0x08, 0xDB, 0xF5, 0xAB, 0xD8, 0x2E,
    0xDD, 0x7E, 0x93, 0x83, 0x56, 0x21, 0x11, 0x8D, 0xC2, 0x11, 0x8D, 0x44, 0x27, 0x1B, 0x2B, 0x3A,
    0xF9, 0xB6, 0x8F, 0x8F, 0x51, 0xFE, 0x4F, 0x81, 0xD2, 0xDD, 0xD7, 0x07, 0xE8, 0x39, 0xCE, 0x1D,
    0x8A, 0x66, 0xA2, 0x7A, 0x38, 0xC7, 0xFA, 0x0D, 0xEE, 0x01, 0x3C, 0x37, 0xBD, 0x5A, 0xE4, 0x76,
    0xA4, 0x8E, 0xB9, 0x24, 0xD2, 0x91, 0xCD, 0xD4, 0x83, 0x8E, 0x5D, 0x7A, 0x1D, 0xBD, 0x18, 0xB1,
    0x7A, 0xA9, 0x82, 0x9D, 0x28, 0x94, 0xA9, 0xC8, 0xF0, 0x2B, 0x8E, 0xAA, 0x54, 0xAC, 0xEC, 0x29,
    0xBD, 0xAA, 0x55, 0x5E, 0xF5, 0xEA, 0x5E, 0x15, 0xF5, 0x6A, 0x54, 0x4E, 0x5C, 0x3E, 0xAB, 0x6E,
    0x1D, 0xE2, 0x93, 0xD5, 0xD0, 0x8A, 0xA6, 0x78, 0xFB, 0x18, 0xB5, 0x8D, 0x27, 0x1E, 0x10, 0x06,
    0xE2, 0x09, 0xA1, 0x03, 0x32, 0x27, 0x6E, 0xDB, 0x27, 0x16, 0xEA, 0x99, 0x54, 0x56, 0x1D, 0x59,
    0x9B, 0x61, 0xAD, 0x8E, 0x7D, 0xC8, 0xA4, 0x63, 0x2F, 0x36, 0x1C, 0x43, 0x5E, 0x0F, 0xF1, 0xAC,
    0xFD, 0x96, 0x27, 0x80, 0xB5, 0x23, 0x3E, 0x7E, 0xDD, 0x19, 0x0F, 0xBB, 0xEB, 0x14, 0x07, 0xD8,
    0x37, 0x92, 0xF4, 0xB0, 0x87, 0xBC, 0x13, 0x9B, 0xFA, 0x51, 0x07, 0xC7, 0x54, 0x8F, 0x3B, 0xB8,
    0x47, 0xF9, 0x45, 0x03, 0x01, 0xAB, 0xEA, 0x9E, 0x5C, 0xD0, 0x26, 0x15, 0x48, 0x3C, 0x31, 0x77,
    0xE7, 0xB0, 0x40, 0x2B, 0x70, 0x06, 0xB0, 0xC3, 0x76, 0x51, 0x15, 0xBD, 0x32, 0xF3, 0x4A, 0x33,
    0x3E, 0xBB, 0x7B, 0x43, 0x29, 0x0D, 0x24, 0x22, 0xF1, 0xF7, 0x95, 0x2E, 0x50, 0x75, 0x88, 0x43,
    0x40, 0xBA, 0x54, 0x87, 0xEC, 0xB2, 0x49, 0x47, 0xB2, 0xCA, 0xBE, 0x08, 0xCA, 0xD2, 0x6B, 0xBC,
    0xDA, 0x10, 0xE9, 0xAA, 0x01, 0xC4, 0xAD, 0x4C, 0x84, 0x95, 0xBA, 0x1F, 0x6C, 0x7E, 0x5F, 0x36,
    0xE8, 0x55, 0xC6, 0xFF, 0xB6, 0x0D, 0x89, 0x3C, 0x99, 0xA3, 0x6C, 0x74, 0x75, 0x08, 0xDB, 0x3D,
    0x3C, 0x9F, 0x94, 0xC5, 0xB0, 0x7D, 0x57, 0x1D, 0x15, 0xB8, 0x8B, 0xE4, 0x76, 0xFB, 0xDA, 0xD0,
    0x01, 0x59, 0xFC, 0xA0, 0x78, 0xE4, 0x81, 0x13, 0x42, 0xEC, 0x73, 0xE5, 0x42, 0xB9, 0x35, 0x91,
    0xC5, 0x70, 0x15, 0xA8, 0x97, 0x7B, 0xC0, 0xB9, 0x78, 0x30, 0x43, 0x15, 0x3B, 0x99, 0x0B, 0x96,
    0xDB, 0x58, 0x2A, 0x33, 0x02, 0xF5, 0xB7, 0xA7, 0x0D, 0xD9, 0xC5, 0x03, 0x70, 0xC1, 0xDC, 0x5E,
    0xE3, 0xB7, 0x4E, 0x38, 0x29, 0xBE, 0x37, 0x66, 0x8F, 0x07, 0xA3, 0x5B, 0x08, 0x2B, 0xD7, 0x9F,
    0xD7, 0xC8, 0x1A, 0xBF, 0xC6, 0xD7, 0xD9, 0x16, 0xC8, 0x9D, 0xDE, 0xFF, 0x97, 0xD1, 0xF6, 0xB4,
    0xB5, 0x9D, 0x44, 0xDB, 0x59, 0xB4, 0x6D, 0xA3, 0xED, 0xBD, 0x68, 0xFB, 0x23, 0xB5, 0x6D, 0x06,
    0xB5, 0x9D, 0x76, 0x6A, 0xD8, 0xA2, 0x7C, 0x2D, 0xDA, 0xBE, 0x19, 0x6D, 0x7B, 0xB5, 0xFD, 0xCF,
    0xBD, 0xDA, 0x7E, 0xE2, 0xD4, 0xF6, 0x12, 0x6D, 0x4F, 0x5B, 0xDB, 0x69, 0xB4, 0x9D, 0x3D, 0x55,
    0xDB, 0xF6, 0x99, 0x24, 0x1F, 0x45, 0x8A, 0x03, 0x35, 0xA1, 0xB4, 0xBD, 0x32, 0xF1, 0xCA, 0x6D,
    0xD7, 0x52, 0xE6, 0x4C, 0x7C, 0x29, 0x63, 0x2E, 0x83, 0x5A, 0xBD, 0x45, 0x22, 0x70, 0x4C, 0x2A,
    0x70, 0x4F, 0x33, 0x46, 0x3C, 0xD4, 0xE2, 0x55, 0xD1, 0x78, 0xF2, 0x95, 0x03, 0x76, 0x24, 0x59,
    0x19, 0x48, 0x7B, 0x0A, 0x4F, 0xDA, 0x69, 0x4A, 0xB3, 0xB8, 0x15, 0xE7, 0x8D, 0x26, 0xD9, 0x3A,
    0xAA, 0x1E, 0x8B, 0xB2, 0x40, 0x23, 0xFB, 0x50, 0x06, 0x33, 0x82, 0x15, 0x19, 0xC0, 0x48, 0xF4,
    0x66, 0x14, 0xDB, 0x77, 0xCB, 0xB0, 0x3D, 0x32, 0x3C, 0x50, 0x24, 0x81, 0xD8, 0xE9, 0x82, 0xB9,
    0x3D, 0x52, 0xA8, 0x3E, 0xE4, 0xD2, 0x01, 0xE5, 0xBB, 0x3D, 0x70, 0x66, 0x7C, 0x4C, 0xED, 0xE1,
    0xC5, 0x72, 0xBB, 0xF9, 0xCB, 0x37, 0xB0, 0xE4, 0xCA, 0x39, 0x72, 0xFB, 0x27, 0xF0, 0x0B, 0xE5,
    0x76, 0xE7, 0x50, 0x59, 0xF7, 0x4A, 0x51, 0xA4, 0xA3, 0x32, 0x8F, 0x81, 0x4B, 0x6C, 0x4A, 0xA5,
    0x56, 0xBB, 0x5A, 0xEE, 0x94, 0xD2, 0xE4, 0x0B, 0xC9, 0xA8, 0x0E, 0x53, 0x4F, 0x2A, 0xAA, 0x9E,
    0x88, 0xEA, 0x1A, 0x71, 0xBB, 0x80, 0x34, 0xC7, 0x40, 0xDB, 0x79, 0xA0, 0x7E, 0xD4, 0x03, 0xD5,
    0x4F, 0x1B, 0xE5, 0x53, 0x80, 0x62, 0x56, 0xDA, 0x91, 0xED, 0x21, 0x76, 0xFB, 0xB6, 0xAD, 0x76,
    0x81, 0x5A, 0xF9, 0x55, 0x39, 0x8F, 0x59, 0x92, 0xFF, 0xE1, 0x34, 0x98, 0xCD, 0x0A, 0x59, 0x20,
    0x5F, 0x44, 0x93, 0x52, 0x8C, 0xD8, 0xA0, 0x67, 0x19, 0xDD, 0x05, 0x4A, 0xBF, 0xA2, 0x8A, 0x18,
    0xD6, 0x9E, 0x55, 0x9F, 0x4F, 0xBA, 0x75, 0x8D, 0xB4, 0x5D, 0x3D, 0x20, 0x22, 0x6E, 0xC5, 0xFB,
    0x5F, 0x72, 0x1A, 0x84, 0x23, 0x88, 0xB1, 0x00, 0x18, 0xF9, 0x8E, 0x4A, 0xA5, 0x13, 0x02, 0xE4,
    0x63, 0x6C, 0x6C, 0x88, 0x4D, 0xE1, 0xB5, 0x49, 0x5A, 0x5F, 0x08, 0xA4, 0x32, 0xC8, 0xCF, 0xC1,
    0xD4, 0x3F, 0x9A, 0x89, 0xF3, 0x9E, 0x62, 0xF3, 0x77, 0xB1, 0x69, 0xDF, 0x89, 0x41, 0x79, 0x47,
    0x1A, 0x6D, 0xBE, 0x25, 0x01, 0x8C, 0x50, 0x4D, 0x51, 0x3F, 0x8F, 0x07, 0xB3, 0xE8, 0x24, 0x9D,
    0x77, 0x8D, 0xA8, 0x5C, 0x6D, 0x16, 0xC8, 0xA6, 0x3A, 0x99, 0x21, 0x9F, 0xAA, 0x27, 0xA3, 0xA6,
    0x2C, 0x97, 0x3E, 0x8A, 0x5F, 0x89, 0xE2, 0x44, 0x97, 0x03, 0xDB, 0x1D, 0x87, 0xD6, 0x29, 0x7F,
    0x67, 0x66, 0x9B, 0x4A, 0xD8, 0x71, 0x9B, 0x7E, 0xB9, 0x07, 0x92, 0x11, 0xE0, 0xD6, 0x33, 0xA7,
    0xAE, 0xCB, 0xCB, 0xEF, 0xC6, 0x77, 0x0F, 0x67, 0x24, 0x91, 0x55, 0x7D, 0x45, 0xDC, 0x4E, 0x0B,
    0x9F, 0x6A, 0xFA, 0x52, 0x4D, 0x9F, 0x6E, 0x80, 0x5D, 0xBE, 0xA2, 0xB1, 0x23, 0xD2, 0x14, 0x61,
    0x85, 0x9E, 0x04, 0x9B, 0xBB, 0x9E, 0xFA, 0x93, 0x1F, 0x06, 0x57, 0xC9, 0x75, 0xE9, 0xEC, 0x9C,
    0x2D, 0xE0, 0x38, 0xDC, 0x24, 0x32, 0x9D, 0x9F, 0x39, 0xE3, 0x9F, 0x01, 0x1C, 0x3E, 0x5F, 0xDD,
    0x1D, 0x00, 0xE9, 0xE2, 0xEF, 0x04, 0xEC, 0x8F, 0x3C, 0x54, 0x8C, 0xF1, 0xAD, 0xF0, 0x39, 0xEA,
    0x2A, 0x21, 0x1B, 0x73, 0xB0, 0x72, 0x17, 0x0E, 0xDA, 0x19, 0xAE, 0xE5, 0x01, 0xC0, 0x3D, 0x4F,
    0xDD, 0xED, 0x77, 0x7C, 0xFC, 0x72, 0x8F, 0x78, 0xCD, 0x0C, 0x00, 0x3C, 0x57, 0xDD, 0xAF, 0x00,
    0x26, 0xE6, 0xF9, 0x63, 0xBF, 0xA2, 0x51, 0x74, 0x5E, 0x63, 0x3D, 0xF0, 0xC7, 0xCF, 0x51, 0x5C,
    0x07, 0xE5, 0x46, 0xDC, 0x11, 0x1E, 0x8B, 0xA0, 0x03, 0xF7, 0xE2, 0x52, 0xBD, 0x7F, 0x1D, 0x21,
    0x18, 0x41, 0x5C, 0xA1, 0xEB, 0x5F, 0xA2, 0x40, 0x3A, 0xAB, 0xC4, 0x7C, 0x23, 0xA8, 0x88, 0x88,
    0x53, 0x99, 0xF9, 0x10, 0x15, 0x1A, 0x41, 0xA5, 0x26, 0x58, 0x83, 0x3F, 0x98, 0xF8, 0xE6, 0x2A,
    0xF7, 0x48, 0xF8, 0x88, 0x6A, 0x5D, 0xA5, 0xE2, 0xB1, 0x73, 0x3C, 0x1A, 0xE1, 0x50, 0x55, 0x2E,
    0x8B, 0x4E, 0xC5, 0x9B, 0xD9, 0x86, 0x6C, 0xFD, 0x67, 0x7D, 0xEA, 0xCB, 0x21, 0x71, 0x55, 0xC7,
    0xF6, 0x35, 0xAC, 0xD1, 0xAA, 0xC3, 0x69, 0x6C, 0xFD, 0xCC, 0x5B, 0x57, 0x88, 0x2E, 0xEF, 0x00,
    0x7F, 0x02, 0x3C, 0x00, 0xEA, 0x06, 0x6C, 0x07, 0x45, 0x43, 0x21, 0x50, 0x8C, 0x6C, 0xDF, 0xC1,
    0xF3, 0x00, 0xC9, 0xB3, 0xEF, 0xE0, 0x51, 0xB7, 0xDA, 0xE8, 0xDA, 0x55, 0xD7, 0x86, 0x72, 0xB0,
    0xBE, 0xEA, 0xAA, 0xBE, 0xFE, 0x5B, 0x71, 0xAD, 0x04, 0xE4, 0x27, 0xFF, 0x8B, 0xEE, 0x25, 0xF8,
    0x4F, 0xCD, 0x94, 0x01, 0x87, 0x1D, 0x57, 0x18, 0x86, 0x9F, 0x3B, 0x93, 0xED, 0x90, 0xC1, 0x59,
    0x24, 0xD0, 0x92, 0x01, 0xA8, 0xA5, 0x1D, 0x28, 0x8A, 0x26, 0x33, 0x00, 0x14, 0x16, 0xEE, 0xAF,
    0x69, 0x9B, 0x7B, 0xD2, 0x5F, 0xD0, 0x7F, 0x10, 0x80, 0x74, 0xD1, 0x16, 0x45, 0x90, 0x9A, 0x89,
    0x52, 0x28, 0x3A, 0x45, 0x01, 0xB8, 0x69, 0x51, 0x80, 0x53, 0x46, 0x3A, 0x95, 0x99, 0xF9, 0xFA,
    0xBD, 0x76, 0x5C, 0x55, 0x28, 0x91, 0xA5, 0xC7, 0xDC, 0xC7, 0x72, 0xD7, 0xF7, 0x9C, 0xF7, 0xBD,
    0x67, 0x0E, 0xB0, 0x07, 0xF2, 0xC5, 0x11, 0x46, 0x47, 0x1D, 0x1D, 0xDF, 0x01, 0x5C, 0xB2, 0xAD,
    0xB7, 0xAC, 0x85, 0xC6, 0x12, 0xBB, 0x25, 0x8C, 0x14, 0xA3, 0x23, 0x24, 0x47, 0x7D, 0x0C, 0x89,
    0xA6, 0x6F, 0x06, 0x0E, 0x3F, 0x58, 0x4B, 0x67, 0x23, 0xD8, 0x2F, 0x38, 0xA2, 0xA3, 0x13, 0x0E,
    0x7D, 0xD6, 0xD2, 0xA4, 0xD0, 0x52, 0xD9, 0x0A, 0x99, 0x49, 0x71, 0x06, 0xD7, 0xDA, 0x9D, 0xF5,
    0x14, 0x36, 0x50, 0x7D, 0x9F, 0x78, 0xC8, 0xE8, 0xC6, 0xF3, 0x93, 0xD0, 0x7D, 0xD2, 0xC9, 0x26,
    0x99, 0x5C, 0x52, 0xC9, 0x24, 0x91, 0x3C, 0xD2, 0xC8, 0x22, 0x89, 0x1C, 0xAE, 0x90, 0x61, 0x13,
    0xC8, 0x9E, 0x8D, 0x74, 0xF9, 0xE4, 0x9F, 0x91, 0xFB, 0xD9, 0x11, 0xE0, 0x4D, 0xCD, 0xBF, 0xDB,
    0xE2, 0xB9, 0x43, 0xC2, 0x47, 0xF3, 0x0C, 0x6E, 0x01, 0x5C, 0x7C, 0x49, 0xB3, 0x52, 0x2C, 0x14,
    0xB3, 0x9E, 0x72, 0x26, 0x4C, 0x6A, 0xB5, 0x4A, 0xD4, 0xFE, 0x1C, 0x69, 0xFC, 0x19, 0x68, 0x5E,
    0xB4, 0x8D, 0xC5, 0xB0, 0x40, 0x0B, 0xBB, 0xBD, 0xCA, 0x57, 0x91, 0x51, 0xB5, 0x5F, 0xBE, 0xE6,
    0x1C, 0x6D, 0xA8, 0x1B, 0x32, 0x4B, 0xE5, 0x8B, 0xB1, 0x6E, 0x3F, 0xBD, 0xC3, 0x1D, 0xE0, 0xF6,
    0x55, 0x1B, 0x2C, 0xEE, 0xAC, 0xDD, 0x19, 0xFE, 0x64, 0x46, 0xBE, 0xBA, 0x6D, 0x9B, 0x59, 0x4E,
    0xD7, 0x63, 0x9D, 0x97, 0xC1, 0x8E, 0xB9, 0xB5, 0x9C, 0x6F, 0xAD, 0x79, 0x69, 0xDE, 0x99, 0x2A,
    0xE3, 0x75, 0xF7, 0xA3, 0x55, 0xB7, 0xEF, 0x52, 0xBD, 0x1C, 0xDD, 0xFD, 0x05, 0x85, 0x45, 0xEA,
    0xC7, 0x03, 0x1F, 0x14, 0x09, 0xF2, 0x89, 0x77, 0x5E, 0xCD, 0x98, 0x2D, 0xF9, 0x52, 0xAE, 0x61,
    0xCC, 0xD7, 0xDA, 0xFD, 0x8D, 0xEF, 0xDF, 0xBB, 0x5E, 0xBB, 0x3E, 0x5F, 0x2D, 0xE6, 0x8B, 0xC5,
    0x62, 0xEE, 0x62, 0x39, 0x1D, 0xFA, 0x2A, 0x35, 0x83, 0xD3, 0x8C, 0x42, 0xFD, 0x2B, 0x1B, 0x72,
    0x14, 0x53, 0x09, 0xC1, 0xBE, 0x86, 0x07, 0xDD, 0x02, 0x1F, 0x96, 0x23, 0x9C, 0xEC, 0x17, 0x4F,
    0x8A, 0x89, 0x66, 0x69, 0x8C, 0x62, 0x79, 0xE5, 0xB0, 0x47, 0xD6, 0x16, 0xB6, 0x33, 0xCA, 0xC5,
    0x11, 0xE6, 0xCC, 0x90, 0xD9, 0x53, 0xE4, 0x8B, 0xE7, 0x28, 0x66, 0x8F, 0x21, 0x0C, 0xA5, 0xA3,
    0xF7, 0x84, 0x87, 0x3E, 0xCC, 0xE7, 0x5D, 0x5F, 0x5A, 0xB2, 0x98, 0x59, 0x04, 0xCE, 0x51, 0xCF,
    0x4A, 0x4C, 0x99, 0x20, 0x9B, 0x80, 0xCF, 0x80, 0x5B, 0xDB, 0xB9, 0x5A, 0x5B, 0x0E, 0x96, 0xB2,
    0xB5, 0x9C, 0xCB, 0x29, 0x5F, 0x82, 0xFF, 0xD5, 0x1C, 0xB3, 0x2D, 0x57, 0xBE, 0xE5, 0x2A, 0x3C,
    0x57, 0xE9, 0xB9, 0xC2, 0xD8, 0xF5, 0xF5, 0x96, 0x6B, 0x25, 0x3F, 0xE5, 0x62, 0x0F, 0x64, 0x86,
    0xD2, 0x39, 0xC2, 0xE0, 0x68, 0xE0, 0xFA, 0xDB, 0x93, 0x46, 0x1E, 0x24, 0x42, 0x26, 0xA4, 0x42,
    0x2E, 0x24, 0x43, 0x36, 0x3A, 0x41, 0x3E, 0x24, 0x44, 0x46, 0xA4, 0x44, 0x4E, 0x24, 0x95, 0xF5,
    0x34, 0x58, 0xC1, 0x6C, 0x70, 0x73, 0xA2, 0xFC, 0x75, 0xA4, 0x6E, 0x9F, 0xA1, 0x53, 0xF4, 0xA6,
    0x72, 0xFD, 0xF7, 0xEF, 0x75, 0x43, 0xB9, 0x80, 0x2A, 0xCE, 0x34, 0xCF, 0x17, 0x9A, 0x47, 0x33,
    0xF7, 0xF8, 0x16, 0xE0, 0x8D, 0xE5, 0xBA, 0x8D, 0xE6, 0x5F, 0x7F, 0x4A, 0x4E, 0xEB, 0xEE, 0x7E,
    0xDF, 0x36, 0x66, 0xC3, 0xC5, 0xD5, 0x55, 0x84, 0x6D, 0x9D, 0xFE, 0xB7, 0x87, 0xB2, 0x85, 0x6D,
    0x15, 0x3D, 0xBB, 0xEE, 0x31, 0x54, 0xB6, 0x40, 0xF7, 0xB9, 0x79, 0xFE, 0xCC, 0xDA, 0x7C, 0x2E,
    0x2C, 0x86, 0x29, 0x58, 0x1F, 0xC6, 0xFB, 0x5D, 0x5F, 0xA5, 0xA7, 0x16, 0xEB, 0x3F, 0x8E, 0x16,
    0x9B, 0xDF, 0x9F, 0x9B, 0xCF, 0xCE, 0x8C, 0x7A, 0xD1, 0xC9, 0x9D, 0xF4, 0x3E, 0x8E, 0x55, 0xA2,
    0x34, 0x8B, 0x04, 0x0D, 0xB9, 0x7F, 0x76, 0x8A, 0x7F, 0x76, 0xE9, 0x08, 0x89, 0xED, 0x38, 0xED,
    0x66, 0x07, 0x0F, 0x84, 0xB3, 0x4D, 0x7F, 0x71, 0xC5, 0x45, 0x6C, 0x56, 0x2F, 0xB7, 0x58, 0xE8,
    0x62, 0x31, 0x63, 0xAD, 0x40, 0x39, 0xEB, 0x3D, 0x99, 0xFE, 0xF5, 0x9E, 0xB8, 0xAD, 0x3E, 0x06,
    0xBD, 0x2C, 0xB5, 0xF0, 0xC9, 0x44, 0xF3, 0xF2, 0xC7, 0xF9, 0xBC, 0xB1, 0x8F, 0x2D, 0x85, 0x39,
    0xB7, 0xC8, 0x76, 0x8F, 0xEC, 0x5B, 0xD7, 0x99, 0x23, 0x97, 0x33, 0x1C, 0x1D, 0x75, 0xAB, 0x7D,
    0xDD, 0xAC, 0xF7, 0x4C, 0x8E, 0x26, 0x39, 0x6C, 0x84, 0x7C, 0x9C, 0x21, 0xC4, 0x07, 0x8A, 0x7B,
    0xEB, 0x46, 0xBD, 0x5A, 0xC5, 0xB1, 0x51, 0xD9, 0x87, 0xD6, 0xE3, 0x1E, 0xA0, 0x88, 0xEF, 0xA1,
    0x75, 0xC3, 0xDE, 0xBD, 0x90, 0xAF, 0x62, 0x39, 0x8A, 0x55, 0x2F, 0x3E, 0x14, 0xB8, 0x3C, 0xF9,
    0xDF, 0x7E, 0xA2, 0xFE, 0x9B, 0x85, 0x43, 0x4F, 0xB1, 0x8A, 0x32, 0xF6, 0xEC, 0x44, 0xB0, 0x36,
    0x44, 0x67, 0x0C, 0x40, 0xD7, 0xBF, 0xEF, 0x3C, 0xF4, 0x1F, 0x39, 0x9B, 0xE1, 0xA9, 0x78, 0x4C,
    0xCE, 0xFA, 0xB7, 0xC1, 0x19, 0xFE, 0x8C, 0xA2, 0x21, 0xE1, 0x22, 0x16, 0x93, 0x98, 0x27, 0xB1,
    0x94, 0xDC, 0x4D, 0xE2, 0x72, 0xDA, 0x53, 0x67, 0xBD, 0x38, 0xB1, 0x2D, 0xB7, 0x4E, 0x52, 0x8C,
    0x8E, 0x6A, 0x14, 0x92, 0xA3, 0x76, 0xB8, 0x4A, 0xF8, 0x79, 0x85, 0xC3, 0x4F, 0xD6, 0x73, 0xF8,
    0xAA, 0x1B, 0xE8, 0xBE, 0xF1, 0xAF, 0x6C, 0xA8, 0x1C, 0xB1, 0x4A, 0x3B, 0x6B, 0xAB, 0xA4, 0xF3,
    0x9F, 0x72, 0xDD, 0x0E, 0xF9, 0x42, 0xD3, 0xE7, 0xB3, 0x8A, 0x55, 0xA7, 0x5E, 0xE7, 0x4A, 0x98,
    0x8A, 0x59, 0x37, 0x4D, 0xA2, 0x32, 0x6B, 0x7D, 0xFA, 0x25, 0x5E, 0x27, 0x8A, 0x23, 0xF4, 0x72,
    0x0B, 0xDD, 0x5F, 0x0E, 0x5B, 0x1D, 0xFF, 0xBC, 0x2C, 0xD0, 0x75, 0x71, 0xE2, 0x3D, 0xD4, 0x00,
    0xFC, 0xFF, 0x9A, 0xFC, 0x1B, 0xCD, 0x59, 0x37, 0xB4, 0xA4, 0xC8, 0x15, 0xBD, 0xC0, 0x7C, 0x71,
    0x8E, 0x08, 0x4A, 0x66, 0xBD, 0x23, 0x95, 0x27, 0x94, 0x1F, 0x4A, 0x36, 0xD5, 0xBA, 0x7F, 0x14,
    0x4E, 0xAC, 0x68, 0x43, 0x79, 0x41, 0xB6, 0xE9, 0x44, 0x0A, 0xE5, 0xBD, 0xF7, 0xF6, 0x8F, 0x40,
    0xDE, 0x4B, 0xAC, 0x4F, 0x59, 0x97, 0xC8, 0x56, 0x80, 0x8E, 0x7A, 0x75, 0x1A, 0x9E, 0xEA, 0x3E,
    0x9A, 0x5F, 0xE3, 0xED, 0x37, 0x5D, 0xD3, 0x5C, 0x98, 0xD3, 0x4D, 0xBD, 0x7B, 0x2F, 0x55, 0xEF,
    0x55, 0xF1, 0x01, 0x88, 0xD4, 0x8A, 0xD6, 0xE3, 0xEE, 0x2E, 0xF6, 0x9B, 0x71, 0xC4, 0x52, 0xB1,
    0x1A, 0x88, 0x42, 0x8C, 0xFF, 0xBE, 0xF2, 0x98, 0xFC, 0x91, 0x98, 0x3D, 0xBC, 0xF6, 0x98, 0xA7,
    0xC4, 0xB7, 0x2A, 0x7E, 0x24, 0x19, 0x3D, 0x0E, 0xC4, 0xB8, 0x4F, 0x26, 0x20, 0xF9, 0xDF, 0x57,
    0x3D, 0x1A, 0x11, 0x01, 0x72, 0xC4, 0x1E, 0x4F, 0x22, 0xF2, 0xB8, 0xE7, 0xD1, 0x62, 0x00, 0xC4,
    0x26, 0x83, 0xBF, 0x6E, 0x8B, 0x09, 0xAF, 0x96, 0xE7, 0x2A, 0xB1, 0xA5, 0xAC, 0x60, 0x18, 0x2A,
    0x17, 0x07, 0xEC, 0xEC, 0xDE, 0x8B, 0xB9, 0xBD, 0x68, 0x7A, 0xB7, 0x45, 0x25, 0x62, 0x23, 0x89,
    0x05, 0xC9, 0xDA, 0x83, 0x19, 0x7C, 0x88, 0xDC, 0xF9, 0x68, 0x65, 0x97, 0xAC, 0x51, 0xB5, 0x9E,
    0x43, 0xD3, 0x66, 0x1E, 0x6A, 0xB3, 0x82, 0xD4, 0xF9, 0xE0, 0xC1, 0x2B, 0x68, 0xEA, 0x6F, 0x3A,
    0x54, 0x8F, 0xFE, 0x75, 0xF0, 0x9D, 0xBF, 0x47, 0x5A, 0x33, 0xA6, 0x13, 0x60, 0xA1, 0x3D, 0xBF,
    0x04, 0x14, 0xEE, 0x92, 0xD6, 0xE3, 0x99, 0x53, 0x35, 0x25, 0x0B, 0xA8, 0x6A, 0x45, 0x8C, 0xEC,
    0x76, 0x18, 0x72, 0xC2, 0xFF, 0x83, 0xC1, 0x47, 0x3C, 0x3C, 0x39, 0x00, 0xA9, 0xF4, 0x40, 0x2C,
    0x24, 0x77, 0x13, 0x0E, 0xD7, 0x9F, 0xE3, 0x54, 0x0D, 0xE0, 0x47, 0x84, 0xB4, 0x23, 0xE6, 0x35,
    0xB1, 0xB0, 0x8A, 0x2D, 0x31, 0x17, 0x62, 0x3A, 0x1E, 0x82, 0x78, 0x0D, 0x59, 0xB0, 0xFB, 0x8F,
    0x12, 0x46, 0xC2, 0x44, 0xA8, 0x48, 0xCB, 0xDF, 0xCB, 0xB6, 0x4B, 0x48, 0x26, 0x62, 0x36, 0x04,
    0x5A, 0x1F, 0x23, 0xD0, 0xBD, 0xA5, 0x15, 0xF3, 0xE3, 0xFA, 0xE6, 0x1A, 0x9E, 0x15, 0xE9, 0x96,
    0x2D, 0xAD, 0x11, 0x1B, 0xAF, 0x79, 0x7B, 0xDC, 0x43, 0x5D, 0x83, 0x51, 0x9C, 0x3B, 0x2F, 0x16,
    0xDF, 0x03, 0xF6, 0x17, 0xA0, 0x23, 0x16, 0xDE, 0x38, 0xBD, 0x37, 0xB5, 0xC8, 0xE4, 0xF4, 0x43,
    0x40, 0x24, 0x32, 0x6E, 0xC2, 0x86, 0x11, 0x42, 0xB2, 0x34, 0x1E, 0xA9, 0x2A, 0xA0, 0xBE, 0x93,
    0xF3, 0x04, 0x58, 0x06, 0x10, 0xC7, 0x53, 0x25, 0x0E, 0xD1, 0x68, 0x06, 0xA4, 0x43, 0x3A, 0xC0,
    0xB8, 0xC4, 0xA1, 0xE8, 0x63, 0xEB, 0x19, 0x53, 0x3B, 0xA1, 0x21, 0x48, 0xBD, 0x40, 0x43, 0xA8,
    0x5A, 0xFE, 0xC4, 0x19, 0x8B, 0x5C, 0x26, 0x86, 0xA1, 0x84, 0x9D, 0x10, 0x37, 0xE2, 0x4F, 0x53,
    0x69, 0x81, 0xFC, 0x97, 0x8E, 0x06, 0x0D, 0xF4, 0xE7, 0x25, 0xC1, 0x1E, 0x75, 0x47, 0xCD, 0x51,
    0x6F, 0xD4, 0x1A, 0x75, 0x86, 0xC6, 0x50, 0x1B, 0x6D, 0x59, 0x5C, 0x29, 0x03, 0xF4, 0xE7, 0x82,
    0x5B, 0xEC, 0x50, 0x37, 0x68, 0x86, 0x7A, 0xA1, 0x21, 0x16, 0x27, 0x6E, 0xB6, 0x80, 0x74, 0x88,
    0xC5, 0x21, 0x7B, 0x66, 0x40, 0x61, 0xF7, 0x70, 0x13, 0x6E, 0x5A, 0x1C, 0xA0, 0x01, 0xD4, 0x4F,
    0xF9, 0x54, 0x4F, 0xF1, 0xD4, 0x4E, 0xE9, 0x54, 0x4E, 0x21, 0x3C, 0x28, 0x9B, 0xAA, 0x29, 0x9A,
    0x9A, 0x29, 0x99, 0x8A, 0x19, 0x80, 0x40, 0x2F, 0x55, 0xB5, 0x5E, 0xE1, 0x7D, 0xD0, 0x76, 0x3C,
    0x82, 0x31, 0xD3, 0x95, 0x0D, 0xFD, 0x57, 0x82, 0xED, 0xE0, 0x04, 0x9F, 0xE0, 0x29, 0xB7, 0x67,
    0x80, 0xEC, 0xB1, 0x01, 0x48, 0xA4, 0x5B, 0x72, 0xD3, 0xEE, 0xB1, 0x08, 0xE6, 0xD3, 0x2C, 0xB0,
    0x07, 0xF3, 0x5B, 0xA7, 0x63, 0x2E, 0x11, 0x00, 0x0F, 0x1E, 0x98, 0x60, 0x02, 0x4F, 0xC6, 0x72,
    0x9E, 0xA7, 0x8F, 0x6A, 0x1E, 0x94, 0x7E, 0x19, 0xE5, 0x08, 0xAA, 0x99, 0x90, 0x4E, 0x2B, 0x4E,
    0x4C, 0x13, 0xB1, 0xB4, 0xCC, 0x55, 0x15, 0x67, 0x3B, 0x65, 0x66, 0x6B, 0x16, 0x19, 0x33, 0x7F,
    0x06, 0x0A, 0xCA, 0x15, 0x0B, 0x47, 0x2C, 0x3D, 0xAE, 0x28, 0x3A, 0xF7, 0xD8, 0xA1, 0x70, 0x24,
    0x58, 0x3A, 0x52, 0xAC, 0x3A, 0x48, 0xAB, 0x9F, 0x9A, 0x13, 0x5A, 0x6C, 0x36, 0x22, 0x16, 0x66,
    0xE7, 0x42, 0x58, 0xCD, 0x1B, 0x91, 0xE7, 0x10, 0x5A, 0x22, 0x6E, 0x22, 0xBB, 0xA6, 0xA7, 0xC9,
    0x28, 0x1F, 0x75, 0xCA, 0xED, 0x97, 0x9D, 0x9E, 0x7E, 0x61, 0x01, 0x8A, 0xA5, 0x39, 0x23, 0x05,
    0x68, 0x1A, 0xA5, 0x98, 0x39, 0x59, 0xAC, 0x79, 0xD2, 0x64, 0x4A, 0xE7, 0x99, 0x4E, 0x31, 0x27,
    0x54, 0xCC, 0x29, 0x95, 0xA6, 0x65, 0x3C, 0x69, 0x5A, 0x85, 0x26, 0x56, 0x3D, 0xE9, 0xA3, 0xD2,
    0xE4, 0x8A, 0x39, 0xBD, 0x02, 0x9A, 0x60, 0x81, 0x39, 0xC5, 0x6A, 0x85, 0xB9, 0x6E, 0x97, 0x12,
    0x91, 0x7E, 0xC6, 0x83, 0x70, 0x89, 0x1E, 0xA9, 0x43, 0x2A, 0x0E, 0xD8, 0x6D, 0x9E, 0x00, 0xE6,
    0x24, 0xBA, 0xCC, 0xE1, 0x3B, 0x27, 0xB1, 0xBC, 0xC7, 0x53, 0x4C, 0x04, 0xD9, 0x6A, 0xBF, 0xB8,
    0xF4, 0xDE, 0x8B, 0xF2, 0x3A, 0x2A, 0xAB, 0x61, 0x48, 0xE4, 0xC4, 0xB0, 0xCA, 0x51, 0x1F, 0xC4,
    0x6E, 0xD0, 0xC7, 0x28, 0x41, 0x37, 0x72, 0xD0, 0x8D, 0x7B, 0x40, 0x37, 0x6E, 0x07, 0xD4, 0x68,
    0xBA, 0x11, 0xAA, 0x85, 0x88, 0xFA, 0xAB, 0x48, 0x15, 0x94, 0xB1, 0x64, 0x6C, 0x34, 0x44, 0x5A,
    0x71, 0xAF, 0xEA, 0x71, 0x14, 0x14, 0x39, 0xBA, 0x91, 0xF6, 0xEA, 0x46, 0x47, 0x65, 0xFA, 0x68,
    0x64, 0x50, 0x62, 0x0B, 0x21, 0xCE, 0x97, 0x72, 0x99, 0x2F, 0x66, 0x30, 0xCE, 0x0C, 0x45, 0x6F,
    0x5C, 0xD9, 0x96, 0x5D, 0xF5, 0x1B, 0xB1, 0x8D, 0x0C, 0x90, 0x27, 0xAE, 0x9C, 0x20, 0x98, 0xE9,
    0x5F, 0x0B, 0xD5, 0xFB, 0xDE, 0x5E, 0xB5, 0x93, 0x51, 0x2A, 0xA1, 0x50, 0x6E, 0x81, 0x76, 0xD2,
    0xBC, 0x07, 0x1F, 0x80, 0xF9, 0xB8, 0x43, 0x26, 0x1D, 0x12, 0x76, 0x48, 0xE6, 0x07, 0xE5, 0x03,
    0x6E, 0x22, 0xC4, 0x42, 0x4C, 0x66, 0x9C, 0x88, 0xF8, 0xD2, 0x96, 0x38, 0xA0, 0x04, 0x45, 0xB3,
    0xB7, 0x3F, 0x02, 0xB1, 0x83, 0x72, 0xE0, 0x98, 0xD5, 0xE1, 0x0C, 0x21, 0xE9, 0x89, 0xA6, 0x25,
    0xE6, 0x33, 0x76, 0x44, 0x23, 0xC4, 0x78, 0x3A, 0x00, 0xAD, 0xEC, 0x90, 0x6B, 0xAB, 0xF5, 0xE6,
    0x18, 0x37, 0xAB, 0xE6, 0x42, 0x4B, 0x94, 0xBA, 0x5C, 0xF0, 0x0B, 0x2D, 0x51, 0x40, 0x26, 0xED,
    0xFE, 0x88, 0x88, 0x1E, 0xDC, 0x9A, 0xD9, 0xB0, 0xC3, 0xA2, 0xCE, 0x9A, 0xAE, 0x25, 0x5D, 0x2B,
    0xFA, 0xEE, 0x41, 0xCE, 0x86, 0x9B, 0x15, 0x37, 0xDA, 0xC9, 0xD1, 0x3C, 0xE6, 0x40, 0xE3, 0x56,
    0x74, 0x29, 0xAC, 0x4B, 0x71, 0x27, 0xEF, 0x89, 0x44, 0x84, 0x7A, 0x63, 0x69, 0xA9, 0x48, 0xF3,
    0x3A, 0x2A, 0x4D, 0xED, 0x1F, 0xA5, 0x31, 0x97, 0x5D, 0x3E, 0x47, 0x5E, 0x52, 0xD9, 0x47, 0x8D,
    0xD4, 0x73, 0xA9, 0x20, 0x3A, 0x7E, 0x5B, 0xF0, 0x13, 0x6A, 0x6D, 0x36, 0xA2, 0xA2, 0xD4, 0xBF,
    0x93, 0x55, 0x21, 0xE3, 0x32, 0x69, 0xF9, 0x5C, 0x42, 0x84, 0x62, 0x22, 0xFE, 0x8C, 0x3B, 0x91,
    0xD8, 0x65, 0x2D, 0x77, 0x89, 0x91, 0x85, 0x9A, 0xCC, 0x6F, 0x9F, 0xD7, 0xD9, 0x23, 0x9F, 0xE4,
    0xDE, 0xA9, 0x7A, 0x17, 0x37, 0x05, 0x65, 0x0D, 0x94, 0xB5, 0x2E, 0x32, 0x6C, 0x55, 0x13, 0x1B,
    0x4B, 0x9C, 0x48, 0xEE, 0x29, 0x1D, 0x08, 0xD2, 0x93, 0xBA, 0xFA, 0xBB, 0x47, 0x88, 0x46, 0x45,
    0x2D, 0x8D, 0x10, 0xD1, 0x02, 0xCB, 0x02, 0x99, 0xBD, 0xF0, 0x4D, 0x61, 0x67, 0xF0, 0xD8, 0x60,
    0x83, 0x23, 0x3B, 0x4B, 0x57, 0xA4, 0x2C, 0x1D, 0x1F, 0xCF, 0x0B, 0x60, 0xD3, 0x4D, 0x23, 0x0C,
    0xDE, 0xE2, 0x31, 0x7B, 0x82, 0xB6, 0xA4, 0xE2, 0xC2, 0x3A, 0x85, 0xC2, 0xB6, 0xC8, 0xE1, 0x7B,
    0xAF, 0xBC, 0x11, 0xDF, 0x32, 0x87, 0xC3, 0x18, 0xB6, 0xB3, 0xAB, 0x8A, 0x16, 0x61, 0xBD, 0xBF,
    0x5D, 0x0E, 0xE3, 0x5E, 0x42, 0xCA, 0x08, 0xFC, 0x15, 0x51, 0xAF, 0xE3, 0x4F, 0x41, 0xDB, 0x56,
    0x3A, 0xBC, 0x3D, 0xEE, 0xB1, 0x25, 0x03, 0x31, 0x3D, 0xBB, 0x84, 0x20, 0xFC, 0x64, 0xC9, 0x6C,
    0xAF, 0x53, 0x3C, 0x43, 0x88, 0xD6, 0xE1, 0xB6, 0xE8, 0xDE, 0x6D, 0x74, 0x98, 0xA9, 0x2D, 0x78,
    0x87, 0x72, 0x22, 0x62, 0x2C, 0x88, 0x89, 0xA6, 0xB7, 0x90, 0xDF, 0x94, 0xBD, 0xAC, 0xF8, 0x6E,
    0xE6, 0x21, 0x19, 0x0A, 0x7F, 0x4A, 0x26, 0x16, 0x2E, 0xDA, 0x9F, 0x4C, 0x1C, 0x5B, 0xBC, 0x42,
    0xB6, 0xE6, 0x15, 0x1D, 0xCD, 0x78, 0x1A, 0x78, 0x85, 0x7C, 0xE0, 0x15, 0x83, 0xCB, 0xA0, 0x05,
    0x4A, 0x1C, 0xE8, 0x78, 0xC9, 0x53, 0xC7, 0x2B, 0x5D, 0xBB, 0x77, 0x2C, 0x52, 0xBC, 0x82, 0xB4,
    0xCB, 0x7E, 0x4C, 0x78, 0xB2, 0xBC, 0x8A, 0x45, 0x67, 0x58, 0x21, 0xCF, 0xF9, 0xB7, 0x44, 0x68,
    0x64, 0xF0, 0x6C, 0x54, 0x82, 0x0A, 0x58, 0xE8, 0x8F, 0x25, 0xA9, 0x9B, 0x3A, 0x10, 0x4F, 0xE9,
    0x5C, 0x44, 0xD9, 0x7C, 0xBC, 0x17, 0xBE, 0xC9, 0x78, 0xFB, 0x88, 0x48, 0x0A, 0xB1, 0xB1, 0x7C,
    0x88, 0xDB, 0x85, 0x4E, 0xDA, 0x44, 0x6A, 0xA9, 0x13, 0x81, 0xD4, 0x5E, 0x91, 0xD8, 0x6C, 0x1D,
    0x09, 0xC7, 0x9E, 0x87, 0x21, 0x9E, 0x60, 0xDC, 0xB2, 0xFE, 0x2F, 0x36, 0x9B, 0x80, 0xE9, 0x25,
    0x65, 0x97, 0x78, 0x3E, 0xED, 0x1C, 0xE5, 0xC4, 0xE5, 0x8D, 0xCA, 0xD4, 0xA8, 0x58, 0xD8, 0x5C,
    0x74, 0x6A, 0xDC, 0x3D, 0x35, 0xDE, 0x7B, 0x14, 0x46, 0x5D, 0x68, 0xC5, 0x4E, 0xF3, 0x84, 0x85,
    0x11, 0xE9, 0x16, 0x2B, 0xEC, 0xBD, 0x88, 0x24, 0x63, 0xA5, 0x2E, 0xC5, 0x26, 0xD3, 0x7F, 0xE8,
    0x42, 0xBB, 0x58, 0x31, 0xED, 0x5B, 0xB1, 0xBE, 0x16, 0x2B, 0x60, 0x19, 0x78, 0x65, 0x80, 0x5C,
    0xBE, 0x01, 0x9C, 0x6C, 0xD6, 0xC0, 0x07, 0x28, 0x12, 0xB0, 0x61, 0x58, 0x11, 0x06, 0xD0, 0x1F,
    0x0F, 0xE3, 0x92, 0xAA, 0x32, 0x02, 0x7D, 0xA1, 0x2B, 0xE1, 0x25, 0x81, 0x02, 0x7D, 0x21, 0x9C,
    0xF7, 0x48, 0x15, 0x66, 0x31, 0xA0, 0x13, 0xA0, 0x0F, 0xA0, 0x0B, 0x0C, 0xC8, 0x7E, 0x33, 0x18,
    0xF9, 0x26, 0x5E, 0xD7, 0x8C, 0x78, 0x43, 0xB6, 0xDA, 0x67, 0xF1, 0xE2, 0xAF, 0xD0, 0x8A, 0x9A,
    0xCE, 0xF9, 0x03, 0x3C, 0xF4, 0x76, 0x32, 0x22, 0x21, 0xF2, 0x21, 0x1D, 0xDE, 0x62, 0x78, 0x0C,
    0x3C, 0xDF, 0xCB, 0x79, 0x19, 0x76, 0x0B, 0x46, 0x06, 0x1E, 0xDC, 0x42, 0x2D, 0xC2, 0xA8, 0xEB,
    0xFC, 0x4E, 0x96, 0x0E, 0x28, 0x88, 0x52, 0x78, 0x50, 0x0D, 0xC5, 0x84, 0x77, 0x11, 0x3C, 0x6A,
    0xEA, 0x20, 0x0F, 0xAA, 0x50, 0x11, 0x85, 0xB8, 0x52, 0xFA, 0x9B, 0x77, 0xC9, 0xFA, 0x55, 0x5F,
    0xE6, 0x98, 0x4F, 0x47, 0x9D, 0x7B, 0x6B, 0xF6, 0x3C, 0x6F, 0x94, 0xF3, 0x39, 0xB5, 0xF5, 0xEC,
    0x93, 0xA3, 0xE6, 0x69, 0x5B, 0x4A, 0x6D, 0x46, 0x95, 0xCA, 0x85, 0x01, 0x97, 0x05, 0xE6, 0x89,
    0x41, 0x87, 0x83, 0x96, 0xAE, 0x9B, 0x70, 0x48, 0x74, 0xB9, 0xB1, 0xBA, 0x07, 0xDF, 0xF3, 0xDB,
    0x2A, 0x23, 0x1D, 0x6D, 0xA2, 0x4B, 0xD7, 0xC1, 0xFB, 0x50, 0xB8, 0xE1, 0x47, 0xF3, 0xEB, 0x65,
    0x53, 0x03, 0x05, 0x0F, 0xDD, 0x04, 0x83, 0xC4, 0x98, 0xCD, 0xD9, 0x45, 0xD5, 0x73, 0xA2, 0xDC,
    0x61, 0xB1, 0x8C, 0x11, 0x23, 0x75, 0x24, 0x36, 0xE2, 0x0C, 0x63, 0x5F, 0xC9, 0x44, 0x32, 0xAA,
    0x81, 0x23, 0x43, 0x65, 0x70, 0x58, 0x18, 0xE9, 0xBD, 0xDA, 0x78, 0x60, 0xDF, 0x25, 0xF4, 0x63,
    0x51, 0xF2, 0x37, 0x17, 0xBE, 0x94, 0x0B, 0x0B, 0x86, 0x43, 0x51, 0x79, 0x9D, 0x66, 0xF3, 0x56,
    0xCF, 0xA4, 0x91, 0x9E, 0x64, 0xB2, 0x91, 0x7C, 0x78, 0x33, 0xFB, 0x30, 0xCA, 0x4A, 0x49, 0xCD,
    0x7D, 0xCD, 0xFD, 0x91, 0xDE, 0xC2, 0x8E, 0xE4, 0x36, 0xA7, 0x52, 0x3D, 0x54, 0x37, 0x5B, 0xB2,
    0x25, 0x59, 0x1E, 0xA2, 0x16, 0x90, 0x2E, 0xD4, 0x54, 0x32, 0x27, 0x71, 0xDA, 0x3A, 0xF3, 0xF7,
    0x81, 0x29, 0x81, 0x46, 0x2C, 0x19, 0x41, 0x03, 0x87, 0x7D, 0x0F, 0x63, 0x84, 0x1D, 0xCE, 0x57,
    0x27, 0x22, 0x9A, 0x9E, 0x78, 0x13, 0x6B, 0xAE, 0xD8, 0x6C, 0x15, 0x79, 0x59, 0x6B, 0xDF, 0xBF,
    0x59, 0x79, 0xA7, 0xE3, 0xD3, 0x58, 0x9A, 0x77, 0x26, 0xFA, 0xCA, 0xA7, 0xCA, 0x29, 0x11, 0x97,
    0x32, 0x77, 0xF9, 0xFE, 0x67, 0xE8, 0x7C, 0x88, 0xAA, 0x35, 0x2B, 0x4F, 0xD2, 0x47, 0x91, 0xDA,
    0x2B, 0x13, 0x5B, 0x78, 0xF0, 0x6E, 0x45, 0x82, 0xB2, 0x8F, 0x3D, 0x74, 0xC9, 0xE4, 0x3D, 0x7B,
    0x87, 0xBF, 0x51, 0x1E, 0xF6, 0x56, 0x8C, 0xA4, 0xE5, 0x83, 0x29, 0x33, 0x82, 0x03, 0x68, 0xEE,
    0x4C, 0xED, 0x0E, 0xAA, 0x2B, 0x56, 0x58, 0xDE, 0x41, 0x53, 0xF7, 0xFC, 0xE2, 0xD0, 0x3C, 0xCA,
    0x3C, 0x8F, 0x3D, 0xDD, 0x1B, 0x5E, 0x3C, 0x1D, 0xA6, 0x97, 0x4C, 0x87, 0x21, 0x13, 0x5E, 0x31,
    0x1D, 0x7A, 0xFD, 0x04, 0xA8, 0xBD, 0x17, 0xE6, 0xD9, 0xD5, 0x42, 0x99, 0xF7, 0x7F, 0x58, 0xD8,
    0xC7, 0x73, 0x60, 0xDB, 0xB9, 0x97, 0x31, 0x18, 0x8D, 0x79, 0x3B, 0x5E, 0xF1, 0x4D, 0x6F, 0x57,
    0x2C, 0xEF, 0x41, 0xD9, 0xE2, 0xAF, 0x9C, 0x56, 0x2D, 0xA1, 0xBC, 0x2E, 0xC0, 0x31, 0x0E, 0x21,
    0x5C, 0x2A, 0x38, 0xE1, 0x4A, 0xD2, 0xBA, 0x8D, 0x96, 0x57, 0x0B, 0xFF, 0x37, 0x6C, 0x0C, 0xAA,
    0xC4, 0xD2, 0x22, 0x9E, 0x58, 0x82, 0x7A, 0xB5, 0xA9, 0xB0, 0xDA, 0xDB, 0x9E, 0xF6, 0x17, 0x3B,
    0xED, 0x31, 0x6B, 0xB5, 0xCF, 0x93, 0xD0, 0x5E, 0xE7, 0x3D, 0xDC, 0x7F, 0x19, 0x96, 0xD5, 0xF5,
    0xEC, 0xD3, 0xD3, 0x52, 0x2B, 0x71, 0x99, 0xCD, 0x6B, 0x3A, 0xB5, 0xAF, 0x72, 0xAA, 0x81, 0x71,
    0x39, 0x08, 0xE8, 0x81, 0xC0, 0x8C, 0x3A, 0x3C, 0x53, 0xA9, 0x39, 0x3C, 0x23, 0xB2, 0x3B, 0xAF,
    0x4D, 0x08, 0x0B, 0x40, 0x90, 0x09, 0xC5, 0xB6, 0x44, 0x44, 0x8A, 0x57, 0xB7, 0x32, 0xF9, 0xCA,
    0xE7, 0x22, 0x49, 0x64, 0x88, 0x05, 0x82, 0x78, 0x8A, 0xB8, 0x92, 0x48, 0x3B, 0xEF, 0x5A, 0x61,
    0xBD, 0x4E, 0x3E, 0x8A, 0x69, 0xFE, 0xCB, 0x9A, 0x07, 0xBE, 0xBF, 0x35, 0xAE, 0x69, 0xBD, 0xC8,
    0xB2, 0xF7, 0xD6, 0x95, 0x9C, 0x7C, 0xB9, 0x8E, 0x66, 0xB1, 0x2C, 0xC7, 0x16, 0xA1, 0x95, 0x2A,
    0x95, 0x57, 0x6B, 0x82, 0x23, 0xF0, 0xFB, 0x3B, 0xBE, 0x12, 0x7F, 0xE5, 0x73, 0x05, 0x43, 0x26,
    0x0C, 0x99, 0x1C, 0x40, 0xC8, 0x9B, 0x09, 0x94, 0x13, 0xD3, 0xF4, 0x8C, 0xA1, 0x72, 0xAB, 0xD3,
    0xF3, 0x5A, 0x47, 0xFB, 0x70, 0x85, 0xD1, 0x7E, 0x13, 0x47, 0xFB, 0x5B, 0x18, 0xEB, 0x47, 0x1C,
    0x70, 0x74, 0x2D, 0x71, 0x85, 0x88, 0xB8, 0xC6, 0x43, 0x4F, 0x2A, 0xCA, 0x84, 0x44, 0x52, 0xE6,
    0xD2, 0x9A, 0xD5, 0x50, 0x5B, 0x2E, 0x35, 0x52, 0x2D, 0xFC, 0xF6, 0xAA, 0x0A, 0x7F, 0x7E, 0x5E,
    0x0A, 0x0E, 0x7F, 0x43, 0xF0, 0xC7, 0x23, 0x94, 0x33, 0x4F, 0xF7, 0xC8, 0x1E, 0xA5, 0xC0, 0xF3,
    0xB6, 0x2A, 0x59, 0xBF, 0x6C, 0x54, 0x72, 0x6C, 0x0C, 0xFF, 0x3F, 0xCD, 0x99, 0x01, 0xA4, 0x27,
    0xD7, 0xF5, 0xC7, 0x3F, 0x33, 0xF3, 0xDE, 0x0E, 0xFF, 0xF9, 0xCB, 0x5D, 0xEC, 0x6A, 0xD3, 0xB4,
    0x19, 0x28, 0x58, 0xCD, 0x0E, 0x40, 0xE8, 0xEE, 0xCE, 0x6D, 0x83, 0x94, 0xA2, 0x0F, 0xEF, 0x81,
    0x20, 0x00, 0xB4, 0x14, 0x00, 0xFA, 0x36, 0x33, 0x15, 0x04, 0x45, 0x02, 0x2D, 0x80, 0x20, 0x88,
    0x40, 0x8A, 0xE0, 0xE1, 0x6D, 0xE6, 0x46, 0x4A, 0x50, 0x74, 0x12, 0xB4, 0x80, 0x0E, 0xD2, 0xB6,
    0xDA, 0x92, 0xDB, 0x9A, 0x36, 0x93, 0xDD, 0x99, 0x39, 0xFD, 0x9D, 0xE3, 0xBD, 0xDF, 0x3E, 0x2B,
    0x4D, 0x97, 0xEC, 0xEB, 0xBE, 0x91, 0xDF, 0xF7, 0xDC, 0x79, 0xF2, 0x9B, 0x7B, 0xBF, 0x9F, 0x73,
    0xE7, 0xFC, 0xE6, 0xCC, 0x02, 0x89, 0x4C, 0x34, 0x23, 0xE5, 0x48, 0x19, 0xA9, 0x22, 0xF5, 0x40,
    0xDD, 0xD3, 0x04, 0xBA, 0x40, 0xD7, 0x22, 0x2D, 0xE2, 0x13, 0x21, 0x15, 0xB2, 0x95, 0x6C, 0x21,
    0x9B, 0xC9, 0x67, 0x8A, 0x99, 0x62, 0xB9, 0x9C, 0x4B, 0x4C, 0xA5, 0xE5, 0x0A, 0x40, 0x11, 0x71,
    0x3D, 0xA5, 0xE7, 0x16, 0xF6, 0x87, 0x46, 0xA6, 0xDA, 0x6F, 0x74, 0xEC, 0xD0, 0x6F, 0xCE, 0x90,
    0x2F, 0x49, 0x84, 0x7C, 0x4E, 0x03, 0xFA, 0x7D, 0xC0, 0x4D, 0xA6, 0xA3, 0x6A, 0x69, 0x5A, 0x45,
    0xD5, 0x3A, 0x9A, 0x0E, 0xA6, 0xBD, 0x6A, 0x13, 0x54, 0xBB, 0xA0, 0x97, 0x96, 0xC0, 0x0D, 0x90,
    0x96, 0x23, 0x10, 0xCF, 0x68, 0x6B, 0x8B, 0x54, 0x22, 0x12, 0xE9, 0x36, 0x3A, 0x60, 0x17, 0x94,
    0x97, 0xA7, 0x5C, 0x9E, 0x8F, 0x89, 0xFC, 0x20, 0x24, 0xE2, 0x48, 0xE5, 0xAB, 0xBA, 0x10, 0xF5,
    0xA0, 0x0E, 0x28, 0xF4, 0x33, 0xD9, 0x22, 0x6C, 0x09, 0x65, 0xD4, 0xE9, 0x6D, 0x5A, 0x9B, 0xB4,
    0x0E, 0x36, 0x2D, 0x9D, 0x7E, 0x3E, 0x54, 0x43, 0x50, 0x4D, 0x90, 0x78, 0xCC, 0x9D, 0xCA, 0x68,
    0xDE, 0xD4, 0x9A, 0xCA, 0x8C, 0x5E, 0xD5, 0x7C, 0x99, 0x2D, 0xF6, 0x28, 0xC7, 0x6C, 0xA1, 0x8A,
    0xF9, 0x4A, 0x1D, 0xF3, 0x85, 0x7A, 0x48, 0xDE, 0xC0, 0x1C, 0x99, 0x21, 0xF5, 0x63, 0x76, 0xCC,
    0x8D, 0x99, 0x31, 0x2F, 0x66, 0x65, 0xEB, 0xA4, 0x94, 0x96, 0x5C, 0x3C, 0x89, 0x7D, 0x50, 0xBB,
    0x9F, 0x63, 0x64, 0x17, 0x37, 0x35, 0xC1, 0x8D, 0x5D, 0x5F, 0xC6, 0x2E, 0x54, 0xF1, 0xDA, 0xA3,
    0x31, 0xF2, 0x75, 0x70, 0xFF, 0x9C, 0xA0, 0x94, 0x1E, 0xAA, 0xE5, 0x24, 0x39, 0x89, 0x0C, 0x50,
    0xE8, 0x9F, 0x9E, 0x78, 0x68, 0x23, 0x5F, 0xB0, 0xD3, 0x7E, 0x45, 0x37, 0x23, 0x13, 0xD2, 0xE6,
    0x42, 0x25, 0x7C, 0xFB, 0x0B, 0x77, 0x1A, 0x57, 0xF7, 0x2C, 0x34, 0xBD, 0x05, 0x31, 0xCD, 0x26,
    0x0B, 0x45, 0x6F, 0x61, 0x97, 0xFB, 0x47, 0xB3, 0x90, 0x49, 0x54, 0xD7, 0x99, 0x0C, 0x64, 0xE2,
    0xB9, 0x09, 0xB9, 0x2D, 0xD6, 0xC2, 0x21, 0x14, 0xCD, 0xC0, 0x11, 0xB8, 0x17, 0x23, 0x23, 0x38,
    0x37, 0x11, 0xA1, 0xCC, 0xE7, 0x24, 0xC2, 0xF5, 0x6C, 0x4D, 0x07, 0xB8, 0x99, 0x48, 0xDA, 0xA3,
    0x06, 0x5F, 0xB6, 0xD0, 0xBC, 0x1F, 0xE0, 0x90, 0xFA, 0x4F, 0x01, 0x8E, 0xA8, 0xEE, 0xB5, 0x30,
    0xE2, 0xC4, 0x43, 0xA4, 0x10, 0x34, 0x64, 0x02, 0x69, 0xB4, 0x74, 0x55, 0x77, 0x61, 0x85, 0x4E,
    0xE0, 0x0E, 0x00, 0x07, 0xC6, 0x03, 0xC8, 0x0C, 0xF3, 0x00, 0xD4, 0xC0, 0x89, 0x41, 0xB8, 0xF6,
    0x66, 0x3E, 0x51, 0x2F, 0xB5, 0x90, 0x2F, 0xF7, 0x36, 0x22, 0x3F, 0x15, 0x9F, 0x4B, 0x22, 0x14,
    0xCB, 0x46, 0xDC, 0x9C, 0x6E, 0x64, 0xCC, 0x56, 0xCA, 0x68, 0xFB, 0x2B, 0x9F, 0xA9, 0x07, 0x95,
    0xBE, 0xD8, 0x48, 0x70, 0x13, 0x4D, 0x70, 0xF3, 0xE5, 0x2E, 0x14, 0x12, 0xA5, 0x55, 0x72, 0x70,
    0xF9, 0x42, 0xA2, 0x78, 0xE0, 0xA8, 0xBD, 0x85, 0x77, 0x4D, 0x99, 0x4C, 0x93, 0x88, 0x05, 0x7F,
    0x7E, 0x60, 0xEC, 0xA8, 0xC2, 0x69, 0x16, 0x6E, 0xAB, 0x8C, 0x2A, 0x7B, 0x27, 0x53, 0xDB, 0xE4,
    0x69, 0x74, 0x01, 0x60, 0x6E, 0x54, 0xE9, 0x66, 0xEE, 0x17, 0x2B, 0xAE, 0xFA, 0x0B, 0xBD, 0xE5,
    0x12, 0x76, 0x21, 0x0F, 0x15, 0x64, 0x71, 0x86, 0x44, 0x22, 0x20, 0xBD, 0x2E, 0xFC, 0x3C, 0xB7,
    0x9C, 0xFA, 0x38, 0xAD, 0x28, 0x50, 0x58, 0x20, 0xB3, 0x00, 0x27, 0x61, 0x7C, 0xEB, 0x8D, 0x72,
    0x20, 0x1D, 0x64, 0x94, 0x99, 0xAA, 0x2D, 0x3F, 0xFD, 0x64, 0xE6, 0x59, 0x4A, 0xB1, 0x5A, 0x54,
    0xCE, 0xF6, 0xDD, 0x6A, 0xB4, 0x50, 0xC7, 0xC2, 0xC2, 0x60, 0x15, 0x56, 0xCB, 0x9D, 0x15, 0x1F,
    0x17, 0x35, 0xB4, 0xA5, 0x79, 0xF2, 0xD5, 0x49, 0x18, 0xD4, 0x26, 0x55, 0xF4, 0xCA, 0xA3, 0x92,
    0x40, 0xB6, 0x52, 0xAC, 0xD8, 0xE1, 0x2F, 0xEA, 0xCD, 0x70, 0x7C, 0x16, 0x4D, 0x32, 0x59, 0xC8,
    0xA2, 0x05, 0xD7, 0xAB, 0x3E, 0x21, 0xDE, 0x4E, 0xA6, 0xCF, 0x4B, 0xD9, 0x7B, 0x0F, 0x9B, 0xB2,
    0x69, 0x9B, 0xB2, 0x91, 0x2E, 0x94, 0x11, 0x69, 0xAB, 0x68, 0x64, 0xE1, 0xEC, 0x0F, 0x54, 0x6B,
    0x0C, 0xE1, 0x47, 0xB3, 0x9E, 0x0D, 0x00, 0x95, 0xD8, 0xFF, 0x28, 0x7A, 0x72, 0xF5, 0xC0, 0x73,
    0x7A, 0x54, 0xD2, 0x42, 0x2A, 0x32, 0x61, 0x93, 0x42, 0x1D, 0x10, 0x8F, 0x80, 0x04, 0x3D, 0xED,
    0x42, 0x3E, 0x5B, 0xCE, 0x54, 0xFB, 0x72, 0x54, 0xD5, 0x39, 0xBB, 0x50, 0x6F, 0x55, 0x82, 0x2E,
    0x40, 0xFC, 0x46, 0x53, 0x61, 0xA3, 0xD9, 0xAA, 0x9A, 0xCF, 0x54, 0x11, 0x37, 0xEA, 0x7F, 0x95,
    0x9D, 0x76, 0x2D, 0xA9, 0xFC, 0x75, 0xB1, 0x69, 0xFB, 0xED, 0x8D, 0xEA, 0x64, 0xA4, 0x94, 0xC8,
    0xEE, 0x81, 0x9D, 0x72, 0x69, 0xF5, 0x34, 0x12, 0xD3, 0xB5, 0x98, 0x8B, 0x29, 0x5B, 0xDC, 0x66,
    0x54, 0x0F, 0xA9, 0xD4, 0x7D, 0x2A, 0x4D, 0xC8, 0xD6, 0x6E, 0xF3, 0x91, 0x36, 0x5F, 0xA4, 0x2D,
    0xE6, 0xAE, 0x75, 0xA3, 0xFE, 0x6C, 0xD6, 0x7D, 0x13, 0x4A, 0x59, 0xC9, 0x64, 0x3C, 0xA9, 0xC6,
    0x3B, 0x56, 0x20, 0xAE, 0xF3, 0x0E, 0x50, 0xFE, 0x22, 0xDA, 0x34, 0x01, 0x2C, 0x8D, 0xB6, 0xC7,
    0x2F, 0x12, 0x81, 0x1D, 0x76, 0x70, 0xDC, 0xC0, 0xFD, 0x76, 0x24, 0x17, 0xBD, 0x46, 0x6B, 0x36,
    0x1E, 0x19, 0x0D, 0xAE, 0xEE, 0x7A, 0x60, 0xAD, 0x02, 0x64, 0x53, 0x03, 0x14, 0xFD, 0x0C, 0x94,
    0xCF, 0x0D, 0x3A, 0x7D, 0x72, 0xA1, 0xF6, 0x83, 0x2D, 0xD6, 0xD6, 0x9A, 0x4E, 0x35, 0xE4, 0xC3,
    0x0C, 0xE5, 0x77, 0x87, 0x33, 0xEB, 0x34, 0x28, 0x4A, 0x05, 0xC5, 0x82, 0x72, 0x41, 0xC1, 0xA0,
    0x64, 0x50, 0x34, 0x28, 0x1B, 0x3A, 0x15, 0xA5, 0x83, 0xE2, 0x41, 0xF9, 0xA0, 0x80, 0x50, 0x42,
    0x28, 0x22, 0x63, 0xB4, 0x65, 0xBD, 0x65, 0x20, 0x22, 0x81, 0x54, 0x83, 0xB4, 0xCA, 0x41, 0xA8,
    0x5A, 0xEA, 0xB0, 0x89, 0xCE, 0x23, 0xEA, 0xC7, 0xA9, 0xE4, 0x0B, 0xFF, 0xA7, 0x3E, 0x14, 0x09,
    0x6E, 0xA6, 0x30, 0xA6, 0xA3, 0xDD, 0xE6, 0xE6, 0x55, 0x2F, 0x53, 0x47, 0xCA, 0x93, 0x78, 0x7A,
    0xB3, 0xD6, 0xA7, 0x71, 0x38, 0x89, 0xBD, 0x45, 0x9A, 0xC0, 0x15, 0xAA, 0x48, 0x17, 0x38, 0x52,
    0x4A, 0x12, 0x18, 0xF5, 0xE2, 0xD2, 0x66, 0x51, 0x49, 0x89, 0x48, 0x3C, 0x59, 0xDE, 0xA0, 0xB4,
    0xB6, 0x30, 0x9E, 0xFA, 0x4C, 0x71, 0xFC, 0x5D, 0xC4, 0xA7, 0x6B, 0x2E, 0xB1, 0x09, 0xF9, 0x9C,
    0x49, 0xA8, 0x83, 0xD3, 0xE7, 0xAF, 0x3A, 0x54, 0x8A, 0xA5, 0x6B, 0x15, 0x4C, 0x22, 0x86, 0xE6,
    0xC5, 0x49, 0xE1, 0x88, 0xF4, 0x7A, 0xED, 0x75, 0x1F, 0x05, 0xB4, 0x80, 0x22, 0xB2, 0x10, 0xAA,
    0x95, 0xFF, 0x57, 0x4C, 0xD2, 0x1E, 0x2A, 0xA8, 0x46, 0x46, 0x32, 0xF9, 0xD8, 0x49, 0x6F, 0xB0,
    0xEC, 0xF6, 0x21, 0x39, 0x00, 0x14, 0x02, 0xE0, 0xA2, 0x6A, 0xDD, 0xAA, 0xDE, 0x61, 0x9B, 0x4B,
    0x3B, 0x1A, 0x91, 0xD7, 0x4C, 0x17, 0xC8, 0x56, 0xAD, 0xD9, 0x9A, 0x91, 0x60, 0xCE, 0x02, 0x85,
    0xA9, 0x9B, 0x4C, 0xC7, 0x44, 0x5A, 0xCA, 0x68, 0x55, 0x36, 0x2A, 0xCE, 0xFA, 0xAE, 0x4E, 0x59,
    0x8B, 0x00, 0xF5, 0x87, 0xA2, 0x69, 0x0F, 0xD2, 0xEA, 0x0A, 0xBB, 0x00, 0x12, 0x9A, 0x1E, 0xA4,
    0xB5, 0x5D, 0xE7, 0x2B, 0x6B, 0x2A, 0xCA, 0x99, 0x4A, 0xFE, 0x5C, 0x88, 0xEF, 0x64, 0x4E, 0xBA,
    0x16, 0x76, 0xF7, 0x30, 0xF2, 0x4D, 0x0B, 0xBA, 0x82, 0x08, 0x89, 0x07, 0xAB, 0xC4, 0xC5, 0x58,
    0xCF, 0xCD, 0x9C, 0xCF, 0xF7, 0xE6, 0x7C, 0x7D, 0x6F, 0xCE, 0x85, 0xB1, 0x58, 0xF1, 0x6E, 0xC6,
    0x72, 0x58, 0x8E, 0x0F, 0x34, 0x17, 0xFD, 0xFD, 0x67, 0x72, 0x69, 0x1F, 0xBF, 0xB3, 0xB3, 0x47,
    0x67, 0x3A, 0xAB, 0x24, 0xA3, 0x6A, 0xD6, 0xAB, 0x9A, 0xD3, 0xF4, 0xAD, 0xB6, 0xF3, 0x99, 0x7C,
    0x20, 0x81, 0xE6, 0x37, 0xDD, 0x46, 0xFE, 0x56, 0x6E, 0x24, 0x3A, 0x4F, 0x37, 0xEC, 0x80, 0x04,
    0xCC, 0x8F, 0xF5, 0x2A, 0x3A, 0x91, 0x9A, 0x51, 0x59, 0x4C, 0x1E, 0x6C, 0x92, 0xCE, 0x1E, 0x6E,
    0x50, 0x09, 0x40, 0x05, 0x70, 0xF3, 0x4C, 0x6D, 0xBD, 0x62, 0x77, 0xD5, 0xAD, 0x64, 0x02, 0xCA,
    0x9F, 0x0D, 0x40, 0x21, 0xED, 0xB6, 0x02, 0x27, 0xFB, 0x17, 0x64, 0x7B, 0xEC, 0xB1, 0xC7, 0x94,
    0x45, 0x6E, 0x95, 0x81, 0x4A, 0xC0, 0xCD, 0xB6, 0x63, 0x1E, 0xC9, 0xF6, 0xB0, 0x2B, 0xD9, 0xDF,
    0xC1, 0xD0, 0x1A, 0xC6, 0xFE, 0x6C, 0xAB, 0x93, 0xCA, 0x67, 0x50, 0xDD, 0x93, 0x96, 0xCE, 0x37,
    0x81, 0x95, 0xBA, 0x4F, 0x16, 0xAA, 0x90, 0xAE, 0x3C, 0x89, 0xFA, 0x24, 0xB1, 0xF4, 0xC8, 0x04,
    0x74, 0xE2, 0xA1, 0x92, 0x01, 0x72, 0xB1, 0x73, 0xCB, 0xC8, 0xC2, 0x25, 0xAB, 0xB0, 0x3E, 0x5D,
    0xE9, 0x7C, 0xB2, 0xD0, 0x85, 0xD4, 0x9E, 0x19, 0x26, 0xCA, 0xF5, 0x6D, 0xAD, 0xC1, 0xAB, 0xCE,
    0xE8, 0xB7, 0x2D, 0x8C, 0xA5, 0xD4, 0x45, 0xA0, 0x6A, 0xED, 0x76, 0x3D, 0x7B, 0xB7, 0x3E, 0xB5,
    0x7A, 0x90, 0x6E, 0x20, 0x9B, 0x5C, 0xA4, 0x88, 0xF9, 0x46, 0xC6, 0xAC, 0xA7, 0xB0, 0x7D, 0xA0,
    0xB4, 0x53, 0x99, 0x2D, 0x6B, 0x96, 0xD1, 0x80, 0xF9, 0xBD, 0x45, 0x1D, 0x68, 0xA8, 0x36, 0xE2,
    0xEB, 0x96, 0xFA, 0x8F, 0x2B, 0x14, 0x67, 0x4A, 0xAB, 0x71, 0x28, 0x27, 0xA0, 0x99, 0x21, 0x99,
    0x5F, 0x82, 0x7C, 0x28, 0x95, 0x43, 0xF2, 0x78, 0x40, 0x1C, 0x40, 0x62, 0x1D, 0x7A, 0xA0, 0xFC,
    0x60, 0xE0, 0x76, 0x12, 0xD9, 0xE3, 0xF2, 0x29, 0x01, 0x05, 0xA0, 0xFE, 0xD5, 0xBE, 0xBA, 0x57,
    0xF3, 0xEA, 0xDD, 0xAC, 0x37, 0x62, 0xC6, 0xD5, 0xB7, 0xDA, 0x56, 0xD7, 0x6A, 0x5A, 0x3D, 0x9B,
    0xE5, 0x2B, 0xFC, 0xAF, 0x2D, 0x15, 0xFE, 0xF4, 0x56, 0xCC, 0x47, 0xC0, 0x6E, 0xB9, 0x74, 0xB4,
    0x7E, 0x41, 0xC5, 0x3F, 0x02, 0x53, 0x37, 0x80, 0x06, 0xA8, 0x02, 0x38, 0xFB, 0xE0, 0xC4, 0xE3,
    0xA6, 0xD3, 0x46, 0x2B, 0x1B, 0xCA, 0x96, 0x64, 0x7A, 0x17, 0xE8, 0x26, 0xA0, 0x8E, 0xD6, 0x5E,
    0x3D, 0x96, 0xEC, 0xEE, 0x70, 0x95, 0x92, 0x3B, 0xB8, 0xF7, 0xC7, 0x13, 0x87, 0x1E, 0xF6, 0x79,
    0x54, 0xD9, 0x2D, 0x44, 0x44, 0xBC, 0x53, 0xC5, 0xB5, 0x4D, 0xA8, 0x28, 0xE9, 0x42, 0xC9, 0x33,
    0x48, 0x78, 0xDA, 0xDE, 0xA6, 0x7C, 0x03, 0x10, 0x6F, 0xAE, 0xCC, 0xBD, 0x69, 0x26, 0xA6, 0xAB,
    0x6A, 0xBE, 0x98, 0xCE, 0xF0, 0x50, 0x6F, 0xD5, 0x2E, 0x99, 0x37, 0x27, 0x02, 0xA0, 0x17, 0x3F,
    0xB9, 0x75, 0x29, 0x87, 0xFB, 0xAD, 0x46, 0x61, 0x1B, 0x40, 0x82, 0xEA, 0xCA, 0x76, 0x13, 0x2A,
    0xC6, 0x1E, 0xCA, 0x40, 0x22, 0x7F, 0xB1, 0x6B, 0xEC, 0xCA, 0xCF, 0x49, 0x84, 0xFF, 0xF8, 0x5A,
    0xCA, 0x9D, 0x79, 0xBF, 0xE6, 0xE6, 0x6F, 0x9A, 0x6F, 0x7B, 0x24, 0xFD, 0x18, 0xD2, 0x09, 0x12,
    0x4D, 0x72, 0x0D, 0x34, 0x50, 0xCF, 0x56, 0xFF, 0xB0, 0x4D, 0xB0, 0x6D, 0xB6, 0xE7, 0x66, 0xDB,
    0x6A, 0x9B, 0x81, 0x6D, 0xF9, 0xE1, 0xB1, 0xD3, 0xDB, 0xBE, 0x77, 0xCA, 0x23, 0x14, 0x81, 0xE2,
    0x55, 0x28, 0xBF, 0x67, 0x5E, 0x72, 0x79, 0x93, 0x5A, 0x66, 0xBE, 0xB2, 0xEE, 0x93, 0xCF, 0x5B,
    0x1E, 0x9F, 0xFB, 0xAE, 0x71, 0x5B, 0xF3, 0xE3, 0x6B, 0xF6, 0xF0, 0x6A, 0x2D, 0xEA, 0xDE, 0x97,
    0x73, 0x97, 0x8B, 0xAC, 0x90, 0xBC, 0xB0, 0xEE, 0x7F, 0x29, 0x77, 0x0F, 0x91, 0xF1, 0x4A, 0x26,
    0x6A, 0x19, 0xFF, 0x7B, 0xC6, 0xAD, 0x96, 0x25, 0x60, 0x5B, 0xCD, 0x6A, 0xC0, 0x7A, 0x04, 0xDC,
    0xB5, 0xC2, 0xD2, 0x2B, 0x00, 0xB6, 0x15, 0x9C, 0x4A, 0x96, 0x5C, 0x62, 0x25, 0x53, 0x21, 0x83,
    0xDE, 0x72, 0xB7, 0x6D, 0xAE, 0x43, 0x33, 0x77, 0x64, 0xA9, 0x1B, 0x2D, 0x75, 0x51, 0xE7, 0x4D,
    0x22, 0xC5, 0x46, 0x07, 0x9D, 0x37, 0xDD, 0xE8, 0x48, 0xD6, 0x2B, 0xE1, 0x2C, 0xA8, 0xB9, 0x3C,
    0xA8, 0xB9, 0xA2, 0x55, 0xCE, 0xCE, 0x2B, 0x69, 0x87, 0x6A, 0x69, 0xE4, 0x6F, 0x42, 0x35, 0x26,
    0x93, 0xB9, 0x1E, 0xD4, 0x95, 0x18, 0x4F, 0xBF, 0x6D, 0xED, 0xD2, 0x35, 0x0B, 0x14, 0xF2, 0x7B,
    0x8F, 0x7B, 0x5B, 0xE0, 0x19, 0xF5, 0xB9, 0xFD, 0x8D, 0xBB, 0xF6, 0x16, 0xD7, 0xDA, 0x7A, 0xA5,
    0x09, 0xF9, 0x42, 0xD7, 0xE6, 0x33, 0xE2, 0x55, 0x28, 0xE6, 0x44, 0x70, 0xD3, 0x03, 0xFD, 0x77,
    0x31, 0x53, 0x0D, 0x4E, 0x2B, 0x4D, 0xA5, 0xF2, 0x93, 0x89, 0xFA, 0x5F, 0xBF, 0x9E, 0x2F, 0xD7,
    0xF2, 0x7D, 0x89, 0x6E, 0xCE, 0xA4, 0xC5, 0xDB, 0x9C, 0x9D, 0xF2, 0x42, 0x4C, 0x0F, 0x0E, 0x2E,
    0x14, 0x93, 0x5C, 0xE6, 0x13, 0x49, 0x0E, 0xF6, 0xCF, 0x15, 0xC2, 0x65, 0x3C, 0x70, 0x94, 0xF6,
    0xC0, 0x4B, 0x2F, 0x04, 0xA0, 0x16, 0x00, 0x37, 0xAB, 0xE2, 0x2F, 0x14, 0x96, 0x84, 0x1D, 0xC8,
    0xDB, 0x67, 0x20, 0xFF, 0xC3, 0xF1, 0x69, 0x2B, 0x28, 0x3D, 0xB0, 0xC3, 0xB9, 0x52, 0x4A, 0x5E,
    0x03, 0x28, 0x67, 0xD5, 0x1B, 0x4F, 0xAB, 0x3E, 0xEB, 0xEE, 0x8F, 0xAB, 0x59, 0xF5, 0xD2, 0x70,
    0xA1, 0x58, 0xF1, 0xE4, 0xE9, 0x6F, 0x74, 0xF6, 0xE1, 0x00, 0x59, 0x1B, 0x21, 0x0B, 0x11, 0x12,
    0x03, 0xF6, 0xE3, 0x73, 0x06, 0xB6, 0x7F, 0x15, 0xC8, 0x47, 0x01, 0xDC, 0x47, 0x13, 0x50, 0xE7,
    0x03, 0x70, 0xEC, 0x3C, 0xB0, 0xB7, 0x73, 0xB1, 0x50, 0xED, 0x7E, 0x67, 0x1F, 0xEA, 0x57, 0x46,
    0x78, 0xD7, 0xF5, 0x24, 0x53, 0x0D, 0x59, 0x7F, 0x0C, 0xC9, 0xB9, 0x56, 0xA0, 0xC7, 0xEC, 0xDD,
    0xDA, 0x1A, 0x2A, 0x15, 0xEE, 0x98, 0xCE, 0xA6, 0xAB, 0x69, 0x37, 0xA9, 0x56, 0xF1, 0x5C, 0xCC,
    0x27, 0xE3, 0xB6, 0x09, 0xF5, 0x40, 0x8D, 0x4A, 0xAB, 0xA7, 0xCB, 0xF6, 0x27, 0x94, 0x03, 0x53,
    0x50, 0x34, 0xB0, 0xED, 0x5D, 0x80, 0xEA, 0x95, 0x1E, 0x6C, 0xD9, 0x49, 0xB4, 0x68, 0x3D, 0xE1,
    0x99, 0xA3, 0x96, 0xC8, 0x1B, 0x74, 0x42, 0x23, 0x43, 0x32, 0xD1, 0xAD, 0xCA, 0x31, 0x9B, 0xD4,
    0x72, 0xBE, 0x28, 0x4D, 0xD7, 0x92, 0x2D, 0xB8, 0x99, 0x12, 0x1D, 0x94, 0x33, 0xD7, 0x51, 0xE2,
    0xF5, 0xC2, 0x4D, 0x1B, 0x34, 0x0B, 0xC7, 0x36, 0xF8, 0x74, 0x65, 0x84, 0x54, 0xD2, 0x7F, 0xAC,
    0x69, 0xD4, 0x41, 0xF6, 0x91, 0x64, 0xBD, 0x0E, 0x8A, 0xF7, 0xA4, 0x08, 0x4A, 0xD3, 0x21, 0xCE,
    0xEB, 0xE0, 0x3A, 0xF2, 0x22, 0x3A, 0xB8, 0x81, 0xDC, 0x06, 0x90, 0x23, 0xE4, 0xD8, 0x06, 0x91,
    0x6E, 0xB4, 0xC1, 0x40, 0x13, 0x6D, 0x10, 0x68, 0x06, 0x1B, 0xB4, 0xD4, 0xC1, 0x06, 0x27, 0x0C,
    0xB6, 0x4F, 0xE1, 0x66, 0x37, 0x13, 0x6B, 0xC4, 0x3F, 0x1A, 0x81, 0x8A, 0xE3, 0x6D, 0x9B, 0x0E,
    0xF0, 0xC3, 0xD7, 0x39, 0xE0, 0xB0, 0x8B, 0x08, 0xAB, 0x76, 0xDA, 0x74, 0xF6, 0xE6, 0xAB, 0x2E,
    0xC6, 0x5C, 0xB8, 0x55, 0x8C, 0x45, 0xE7, 0x6F, 0x16, 0xE3, 0x13, 0x9D, 0x3F, 0x2C, 0xC6, 0x6F,
    0x35, 0xFE, 0x9D, 0x62, 0x7A, 0xB6, 0xF1, 0xB1, 0x98, 0x7E, 0xD9, 0x3C, 0xD7, 0x17, 0xD3, 0xD0,
    0x3C, 0xDF, 0x16, 0xF7, 0x42, 0xF3, 0x2A, 0x85, 0xF8, 0xE6, 0x78, 0xA3, 0x34, 0xB6, 0xE1, 0x9A,
    0x81, 0x7C, 0xA2, 0x69, 0x01, 0xEE, 0xF7, 0x82, 0x54, 0xE3, 0xF6, 0x11, 0x31, 0x9D, 0x5E, 0xB2,
    0x0D, 0x54, 0x72, 0xA6, 0x21, 0x34, 0xEC, 0x95, 0x84, 0x46, 0x5E, 0xAF, 0xA4, 0x2D, 0x56, 0xD2,
    0x49, 0x01, 0x66, 0x91, 0x4C, 0xC8, 0x03, 0xBA, 0x4D, 0x3C, 0x89, 0xF8, 0xEB, 0xE6, 0xFA, 0x10,
    0xE8, 0x42, 0x04, 0x9A, 0xF7, 0x7B, 0xA0, 0xFE, 0x5D, 0xAB, 0xFA, 0x09, 0x40, 0xB9, 0xA8, 0xBA,
    0xE9, 0x8B, 0xFE, 0xC1, 0xBA, 0x51, 0xFD, 0x9A, 0xDC, 0x05, 0x2A, 0x11, 0xE0, 0xDF, 0xCD, 0xD3,
    0x81, 0x86, 0xDD, 0x40, 0x14, 0xC6, 0xF1, 0x7F, 0x92, 0x56, 0x10, 0x4C, 0xB1, 0x85, 0x85, 0x3C,
    0x40, 0xD9, 0xBC, 0xC0, 0x6A, 0xF2, 0x08, 0x45, 0x17, 0x40, 0x01, 0x5A, 0x50, 0x28, 0x60, 0x35,
    0xF3, 0x28, 0x05, 0xB4, 0x0B, 0xA0, 0x28, 0x5A, 0x77, 0x28, 0x0A, 0x10, 0x85, 0x02, 0x2C, 0x55,
    0x00, 0x1D, 0x84, 0x46, 0x25, 0x39, 0x9D, 0xCF, 0x5C, 0x6B, 0x29, 0xC0, 0x62, 0xCF, 0x75, 0x7F,
    0x98, 0xE3, 0x7E, 0x73, 0x9C, 0x6B, 0x80, 0x87, 0x43, 0x82, 0x3E, 0x4A, 0x9B, 0x13, 0xD5, 0xBC,
    0x26, 0x9D, 0x7F, 0xAA, 0x66, 0xFA, 0x1C, 0xEB, 0xF4, 0x3D, 0xDD, 0x40, 0xBF, 0x31, 0x06, 0xEA,
    0x5D, 0x96, 0x86, 0x0B, 0x14, 0x12, 0x6C, 0x70, 0x3E, 0xE9, 0x1D, 0x70, 0x08, 0x67, 0xC9, 0x31,
    0x9C, 0x2B, 0x78, 0xFA, 0x24, 0xAF, 0x95, 0xDF, 0xFD, 0x9C, 0x94, 0xFC, 0xC7, 0x4B, 0x4B, 0xD0,
    0x6C, 0xB2, 0x5E, 0x64, 0x15, 0x65, 0x13, 0x64, 0x37, 0xC8, 0x4D, 0x34, 0xB3, 0x12, 0x2D, 0xC8,
    0x85, 0x5B, 0xB5, 0x36, 0x13, 0x94, 0xAB, 0xBB, 0x46, 0x2A, 0xF9, 0x63, 0xED, 0xB9, 0x5D, 0xBD,
    0xC5, 0xCE, 0xC2, 0x68, 0xEF, 0x3A, 0xF3, 0xCD, 0x4E, 0xB9, 0x50, 0xED, 0xBA, 0xA6, 0x32, 0xEA,
    0x3C, 0xFE, 0x40, 0x61, 0x83, 0x86, 0x35, 0x7F, 0x89, 0x06, 0x8F, 0xC9, 0xF1, 0xAB, 0xC2, 0xFA,
    0x1F, 0x5E, 0xFE, 0x4E, 0xD0, 0x6E, 0xD2, 0x2D, 0xB2, 0x9D, 0x65, 0x17, 0x65, 0x9F, 0xBD, 0x96,
    0xA3, 0x3C, 0xB5, 0xBF, 0x6A, 0x9A, 0x91, 0xEB, 0x42, 0x54, 0xF9, 0xD7, 0x51, 0x76, 0x5E, 0x7E,
    0x11, 0x3C, 0x13, 0xA0, 0x9E, 0x99, 0x4D, 0xB4, 0x92, 0xCE, 0x57, 0xE6, 0x39, 0xA3, 0x31, 0x38,
    0xA7, 0x5D, 0xE5, 0x98, 0xFF, 0x9D, 0x49, 0x61, 0x36, 0x24, 0x9B, 0x1D, 0x85, 0xAD, 0xF2, 0xD8,
    0x0C, 0x37, 0x4D, 0x97, 0x9B, 0xCB, 0xB1, 0x79, 0x4E, 0x91, 0x9A, 0x97, 0x6A, 0xB2, 0xE0, 0x36,
    0xAA, 0x59, 0x13, 0x5A, 0xA4, 0x97, 0x40, 0x71, 0x01, 0xF5, 0x9A, 0x47, 0xEC, 0x3D, 0xAC, 0x37,
    0xC3, 0x95, 0x57, 0x57, 0x1F, 0x6A, 0xB3, 0xAD, 0xF9, 0xF5, 0x62, 0x71, 0x43, 0x1F, 0x1D, 0x87,
    0xA0, 0x95, 0x51, 0xEF, 0xDA, 0x47, 0xDE, 0x40, 0x3E, 0x7A, 0x54, 0x6F, 0xBC, 0x49, 0x47, 0x73,
    0x1F, 0xCB, 0x78, 0x30, 0x8B, 0x66, 0xA6, 0x95, 0x3C, 0x46, 0x65, 0x1E, 0x19, 0x90, 0x83, 0x7C,
    0x25, 0xE0, 0xBE, 0xEC, 0xE0, 0x24, 0x0F, 0x56, 0xE8, 0x6B, 0xC0, 0x4B, 0x54, 0x77, 0xB3, 0x83,
    0xFC, 0x8A, 0xDC, 0xF0, 0x36, 0xD9, 0x7C, 0x5F, 0x92, 0x95, 0x8E, 0x29, 0xF2, 0x56, 0x2E, 0xEE,
    0xC9, 0x0E, 0x1E, 0x70, 0x42, 0xCB, 0x67, 0xDC, 0xB7, 0x48, 0x6D, 0x81, 0xCA, 0x80, 0xE7, 0x77,
    0xB4, 0x03, 0x0A, 0x25, 0x31, 0x9A, 0x87, 0xC2, 0x5E, 0x4F, 0x50, 0xAD, 0x2E, 0xD9, 0xAC, 0xCE,
    0xE7, 0x88, 0xE4, 0x2C, 0xDB, 0x28, 0x3B, 0xA9, 0xA7, 0x25, 0x27, 0x64, 0x90, 0xA3, 0xE4, 0x20,
    0x31, 0x8F, 0x1C, 0x90, 0xA2, 0x90, 0x94, 0x52, 0x4F, 0x5D, 0x6E, 0xB2, 0x5E, 0x65, 0x93, 0xFD,
    0xFF, 0xAA, 0x49, 0x8E, 0x0A, 0x7B, 0xB2, 0xE7, 0x5B, 0xE5, 0x3F, 0xD5, 0x59, 0x01, 0xA4, 0x27,
    0xD7, 0xF5, 0xFE, 0x66, 0xE6, 0xBF, 0x3B, 0xEC, 0x60, 0x16, 0x1B, 0xFE, 0x36, 0x18, 0x08, 0x2A,
    0xA9, 0x0C, 0x00, 0xEC, 0xDB, 0xB9, 0x69, 0xB5, 0x45, 0x91, 0x45, 0x5F, 0x01, 0x0A, 0x40, 0x20,
    0x00, 0xE8, 0xEE, 0xCE, 0xB4, 0x45, 0x51, 0x74, 0xA1, 0x00, 0xBA, 0x28, 0x36, 0xBF, 0x62, 0x8B,
    0x60, 0x69, 0x76, 0x67, 0x58, 0x40, 0xD0, 0x69, 0xA8, 0xA2, 0xC8, 0xA4, 0x52, 0x29, 0x8B, 0xDC,
    0x32, 0x6D, 0x66, 0x37, 0x33, 0x73, 0xBA, 0xDF, 0x37, 0xF7, 0xF7, 0xDE, 0xAF, 0x4F, 0xA4, 0x85,
    0x4D, 0x76, 0x6F, 0xF2, 0xBE, 0x3B, 0x66, 0xF6, 0xCD, 0x39, 0xE7, 0xBB, 0xE7, 0x9E, 0x73, 0xBF,
    0x79, 0xE0, 0x88, 0x9C, 0xA6, 0xCC, 0x03, 0xA5, 0x35, 0xB9, 0x47, 0x6C, 0x36, 0x65, 0x1E, 0xF9,
    0x98, 0xAC, 0xC9, 0x80, 0xAA, 0x83, 0x7D, 0xBB, 0x83, 0x01, 0xF6, 0x21, 0x92, 0x15, 0x68, 0x27,
    0xA4, 0x33, 0x50, 0x77, 0xC8, 0x39, 0xF5, 0x28, 0x46, 0x4D, 0xA5, 0x07, 0xDA, 0x0E, 0xD5, 0xE9,
    0x64, 0x4F, 0xA7, 0x01, 0x30, 0xC7, 0x29, 0x36, 0x70, 0x4A, 0x56, 0x4E, 0x7A, 0x43, 0x49, 0x1B,
    0xE0, 0x4F, 0x39, 0x80, 0x77, 0xDA, 0x06, 0x88, 0xED, 0xD1, 0x02, 0xD0, 0x95, 0x1E, 0x1C, 0xD7,
    0x10, 0xC6, 0xFF, 0x09, 0x1F, 0x08, 0x0D, 0x38, 0xBF, 0x3A, 0x03, 0x6A, 0xF3, 0x57, 0x11, 0xAF,
    0xD9, 0x7C, 0x05, 0xD9, 0x94, 0xAC, 0x1E, 0xB9, 0x8F, 0xAD, 0x41, 0x35, 0xC8, 0x5A, 0x4F, 0xAC,
    0x3B, 0x39, 0x2D, 0xB4, 0x26, 0x5D, 0x88, 0xD9, 0x0C, 0xB4, 0x4D, 0x3E, 0xF2, 0x3E, 0xDD, 0xAE,
    0xFA, 0xBA, 0x03, 0x0A, 0x5B, 0x01, 0x24, 0x36, 0x02, 0xC0, 0x25, 0xEC, 0xC7, 0x39, 0x21, 0x8A,
    0xAE, 0xB4, 0x25, 0x5D, 0xAA, 0xBE, 0xB4, 0x29, 0x9B, 0x8B, 0x2E, 0x36, 0x87, 0xEB, 0xF9, 0xD3,
    0x09, 0x4F, 0x27, 0x97, 0x18, 0x70, 0xEF, 0x06, 0x64, 0x64, 0x00, 0xAD, 0x8C, 0x0A, 0x29, 0xF2,
    0x40, 0xF6, 0x74, 0x1A, 0x80, 0x7C, 0x42, 0xDC, 0x2B, 0xDC, 0xA4, 0x07, 0x0A, 0x8F, 0xA4, 0x13,
    0x07, 0x69, 0x07, 0xB2, 0x95, 0x35, 0x22, 0x26, 0x77, 0x74, 0x07, 0x39, 0x34, 0x15, 0xD0, 0xCD,
    0x23, 0x12, 0x32, 0x46, 0x13, 0x80, 0xDC, 0x6C, 0x00, 0x10, 0x99, 0xB9, 0xD3, 0xC5, 0xD3, 0xB8,
    0x48, 0x88, 0x67, 0x62, 0x32, 0xBF, 0xBA, 0xC3, 0xAB, 0x3F, 0x9D, 0xAB, 0x15, 0x75, 0x37, 0xA7,
    0x0B, 0xDA, 0x66, 0x4C, 0x67, 0xD8, 0xF7, 0x7A, 0xE2, 0x8A, 0x6C, 0x8E, 0xEC, 0x16, 0xF2, 0x29,
    0x36, 0x68, 0x99, 0xE9, 0x4E, 0xB2, 0xD0, 0x1B, 0x32, 0x53, 0x0E, 0xF9, 0x4C, 0xB3, 0xA5, 0xF0,
    0xC7, 0x13, 0x50, 0xFD, 0xEB, 0xFD, 0xF9, 0x22, 0x2A, 0xFB, 0xBE, 0x79, 0xE4, 0x73, 0x62, 0x0D,
    0xE0, 0x64, 0x2F, 0x8C, 0x6B, 0xA7, 0xCB, 0xF4, 0x5E, 0xE2, 0x11, 0x46, 0x55, 0x74, 0x08, 0xA3,
    0x34, 0x84, 0xA1, 0xA4, 0x09, 0x23, 0xBA, 0x86, 0xC3, 0x51, 0x9B, 0xDD, 0x02, 0x5A, 0xB3, 0x15,
    0x35, 0x01, 0x46, 0x4C, 0xD6, 0xD8, 0x3A, 0xCC, 0x28, 0x66, 0xD2, 0x5A, 0x0F, 0x91, 0x47, 0xED,
    0x49, 0x6D, 0xE9, 0xE3, 0x01, 0xD6, 0x93, 0xDE, 0x62, 0x4A, 0x7A, 0x7A, 0x95, 0x4F, 0xFC, 0x1F,
    0xD9, 0xCA, 0xB0, 0x64, 0x89, 0x31, 0x14, 0xDB, 0x65, 0xED, 0x19, 0xA0, 0x2E, 0xAD, 0x17, 0xE5,
    0xF9, 0x84, 0xC4, 0x9C, 0x18, 0x2E, 0x26, 0xE4, 0xEB, 0xC6, 0x79, 0xE9, 0xF5, 0x5B, 0x4C, 0xF0,
    0x4A, 0xB6, 0x94, 0xCF, 0x75, 0x1F, 0x59, 0x07, 0xE5, 0xB4, 0x75, 0x89, 0xB9, 0xB8, 0x87, 0x35,
    0xB1, 0x21, 0x5F, 0xB8, 0x8E, 0xE6, 0xB2, 0x05, 0xE5, 0x84, 0x8C, 0xF9, 0x50, 0x8F, 0x68, 0x3D,
    0x8A, 0xA6, 0x34, 0xB3, 0x26, 0x32, 0x33, 0x73, 0xAD, 0xD9, 0xC7, 0x88, 0x79, 0x79, 0xBA, 0x5A,
    0xFB, 0x0C, 0x3B, 0x8A, 0xC7, 0x10, 0x7A, 0xF9, 0x66, 0x1F, 0x22, 0xCF, 0xCD, 0x85, 0xC0, 0xB3,
    0x05, 0x5B, 0xDC, 0x88, 0x7E, 0x80, 0x2D, 0x6C, 0x70, 0x28, 0xEA, 0xF3, 0xBB, 0xDD, 0x9D, 0x2D,
    0xE8, 0xDC, 0x6C, 0xDA, 0x62, 0xCE, 0x7F, 0x55, 0xFB, 0x2D, 0xE4, 0x42, 0xBB, 0x92, 0x11, 0x7F,
    0x33, 0xB2, 0x66, 0x1F, 0xF0, 0x7A, 0x12, 0xEF, 0x7C, 0x12, 0xAE, 0x3F, 0x89, 0xB6, 0x3F, 0x09,
    0xD6, 0xED, 0x63, 0x5D, 0x71, 0x31, 0x84, 0x3A, 0xC3, 0x87, 0x48, 0x7D, 0x34, 0x6C, 0x81, 0xD6,
    0x7D, 0xDA, 0x2B, 0x4E, 0x98, 0x59, 0xA7, 0x30, 0x23, 0x5E, 0x41, 0xC3, 0x31, 0x2F, 0x12, 0xF3,
    0x18, 0xB3, 0x1E, 0x88, 0xDA, 0x01, 0xF7, 0x2B, 0xB7, 0xB1, 0x5C, 0x2D, 0xD8, 0x38, 0x2E, 0xC7,
    0x70, 0x71, 0x4E, 0xD9, 0xD0, 0x36, 0x44, 0x9C, 0x5F, 0xAC, 0xB9, 0xBC, 0xDB, 0xDD, 0x26, 0x1F,
    0xAE, 0x32, 0x1B, 0x22, 0x8B, 0x0D, 0x57, 0x8F, 0xAD, 0x4B, 0xE7, 0xD8, 0x70, 0x3D, 0x32, 0xA7,
    0xC4, 0xFD, 0x5D, 0xBA, 0xA2, 0x64, 0xEE, 0x32, 0xB6, 0xAA, 0x4F, 0x66, 0x28, 0x8C, 0x2E, 0x9D,
    0x15, 0x48, 0xDB, 0x71, 0xF3, 0x99, 0xE3, 0x6E, 0x9F, 0xB0, 0x6D, 0x7E, 0x72, 0x33, 0xC1, 0x59,
    0x53, 0x79, 0x54, 0x3E, 0xE9, 0xDA, 0xE6, 0xAE, 0x47, 0xDB, 0xA5, 0x4D, 0xFD, 0xC1, 0x1F, 0xC6,
    0x37, 0xCC, 0x15, 0xAE, 0xB2, 0x37, 0xED, 0xA1, 0x19, 0x17, 0x37, 0x5D, 0x53, 0x5E, 0x28, 0x92,
    0x90, 0xA4, 0x13, 0x23, 0x1C, 0x50, 0xDB, 0xC8, 0x8B, 0x5E, 0x8C, 0x92, 0x1B, 0xBD, 0x5E, 0x15,
    0x8D, 0xC6, 0x51, 0x6C, 0x3B, 0x5F, 0x39, 0x47, 0x83, 0xA2, 0x5D, 0x8F, 0x75, 0x51, 0xF0, 0xA2,
    0xEE, 0xF5, 0x58, 0xE1, 0xA3, 0x0A, 0x99, 0xA6, 0xC7, 0xB0, 0x46, 0x34, 0x01, 0xE6, 0xF4, 0x58,
    0x51, 0xF0, 0xF1, 0xA5, 0xD8, 0xB6, 0x34, 0xBC, 0x92, 0xE8, 0xA2, 0xC1, 0x3D, 0x79, 0x60, 0x0E,
    0x23, 0x79, 0x88, 0x0D, 0x89, 0x57, 0x79, 0x35, 0x33, 0xAF, 0x4A, 0x67, 0x66, 0xDA, 0xD2, 0x1A,
    0x72, 0x05, 0x08, 0x1E, 0x20, 0x38, 0xA8, 0x51, 0x75, 0xC4, 0x60, 0x93, 0xE3, 0xD1, 0x0C, 0x0D,
    0x56, 0x8B, 0xFD, 0x38, 0xE7, 0x88, 0x72, 0x8E, 0x5C, 0xA0, 0xDE, 0xA8, 0x40, 0x1D, 0x98, 0xB8,
    0xEC, 0x36, 0x22, 0x10, 0x78, 0xC0, 0x46, 0xC3, 0x85, 0x5D, 0x23, 0xD3, 0xB9, 0x35, 0x24, 0x41,
    0xE1, 0xC8, 0x03, 0x73, 0x72, 0x20, 0x32, 0x31, 0xB0, 0x6F, 0x13, 0x7C, 0x97, 0xE2, 0x67, 0x48,
    0x75, 0xA7, 0x77, 0x29, 0x7A, 0xCE, 0x0C, 0x3E, 0x9B, 0xB7, 0xD8, 0xF3, 0x69, 0x0B, 0x3D, 0x1F,
    0xB7, 0xC8, 0x0B, 0xBF, 0x05, 0x5E, 0xFA, 0x2D, 0x6E, 0x91, 0x29, 0x77, 0x0F, 0x62, 0x14, 0xE3,
    0x87, 0xA1, 0xD2, 0xBC, 0xC6, 0xDD, 0xE0, 0x72, 0xDB, 0x87, 0x0A, 0x55, 0x58, 0x93, 0x4D, 0xA9,
    0xB9, 0x7C, 0x66, 0xCA, 0x4D, 0x91, 0x21, 0xBE, 0x15, 0x1B, 0xE4, 0x20, 0xBD, 0x8B, 0x76, 0xB7,
    0xD3, 0x39, 0x11, 0xD1, 0xD5, 0x90, 0x4D, 0x4F, 0x41, 0x89, 0x98, 0x8F, 0xA8, 0xBB, 0xC2, 0x6F,
    0xFD, 0xC5, 0x9A, 0x6A, 0x80, 0xB9, 0xAA, 0x87, 0xA1, 0xEA, 0x22, 0x43, 0xCD, 0x32, 0xA1, 0x96,
    0xD4, 0xFE, 0x31, 0x59, 0x50, 0x1B, 0xF7, 0xF5, 0xC4, 0x54, 0x75, 0xD9, 0xA4, 0x24, 0x22, 0x78,
    0xB0, 0x16, 0x07, 0x5F, 0x2F, 0xD3, 0xD1, 0x92, 0x0F, 0xEB, 0x05, 0x89, 0xFD, 0x63, 0x4B, 0x41,
    0x24, 0xF6, 0x91, 0x72, 0xD0, 0x1C, 0x8E, 0xC4, 0x6F, 0x4A, 0x72, 0xC8, 0xAC, 0xAE, 0xAE, 0x8B,
    0xDB, 0xAC, 0x1E, 0x70, 0x4F, 0x57, 0xF9, 0x8F, 0x3C, 0xC6, 0x2D, 0x11, 0xF3, 0x09, 0x5E, 0xAC,
    0x14, 0xE9, 0x1C, 0x79, 0xD9, 0x78, 0x3D, 0x59, 0xE3, 0x41, 0x29, 0x78, 0x14, 0x59, 0xDC, 0x93,
    0x67, 0x5C, 0x81, 0xFD, 0x8C, 0xA5, 0x8E, 0x57, 0xF5, 0xC3, 0x4E, 0x7C, 0x5D, 0x47, 0xF5, 0x09,
    0xC3, 0x00, 0xDF, 0xFA, 0x79, 0x23, 0x3A, 0x46, 0xD6, 0x2C, 0x65, 0xA4, 0x47, 0x66, 0x1B, 0x3B,
    0x1E, 0x89, 0x29, 0x19, 0x62, 0xCF, 0xC5, 0x51, 0x52, 0x3E, 0x01, 0x56, 0x6C, 0x59, 0x09, 0xDC,
    0x3F, 0xCD, 0x46, 0xC6, 0x1C, 0x46, 0xE1, 0x35, 0x85, 0xE8, 0x0F, 0x97, 0xEB, 0x30, 0x37, 0xA3,
    0x4F, 0x67, 0x9C, 0x66, 0xE7, 0xD9, 0x6E, 0xAD, 0x05, 0x17, 0x53, 0xBE, 0x0E, 0x44, 0x0D, 0x75,
    0xE0, 0x49, 0x29, 0x2A, 0x9A, 0xB0, 0x67, 0x09, 0x81, 0xA4, 0x0B, 0x3B, 0xB7, 0x71, 0x54, 0x58,
    0xB3, 0x51, 0xA4, 0x3C, 0x25, 0x43, 0x91, 0x05, 0x82, 0x62, 0x0B, 0xFC, 0xC4, 0x6B, 0xA0, 0x87,
    0xC1, 0x8A, 0x9D, 0x64, 0x09, 0xE4, 0x30, 0x54, 0x71, 0xC3, 0x48, 0x45, 0x0D, 0x03, 0x15, 0x33,
    0x8C, 0x53, 0xC4, 0xE4, 0x3E, 0xF0, 0x52, 0xF8, 0x40, 0x4B, 0xE9, 0x03, 0x2B, 0xD5, 0x70, 0x1A,
    0xC4, 0x99, 0xF8, 0xDB, 0xB3, 0x7B, 0x54, 0xEC, 0x1F, 0xA6, 0x2E, 0xAC, 0x27, 0x86, 0x43, 0xCC,
    0x61, 0x72, 0x27, 0x76, 0xE6, 0x57, 0xEE, 0xE0, 0xEC, 0x78, 0xF5, 0x4E, 0x3A, 0xE1, 0xAD, 0x3B,
    0xA8, 0x96, 0xCA, 0xD0, 0xB2, 0xE5, 0x7E, 0xAE, 0xC2, 0x9F, 0xDA, 0x4F, 0xCC, 0x65, 0x9C, 0x23,
    0xE3, 0xA2, 0x65, 0x0B, 0x67, 0x76, 0x99, 0x2D, 0x00, 0x15, 0xE3, 0xD2, 0xEB, 0x1C, 0xC1, 0x65,
    0x2B, 0x7D, 0x3A, 0x33, 0x8C, 0x6A, 0xE0, 0xDC, 0xA3, 0xEA, 0xB3, 0x59, 0x3D, 0xA6, 0xCB, 0x27,
    0x75, 0x98, 0x2E, 0x9F, 0x2F, 0x5A, 0xC3, 0x02, 0x6D, 0xDE, 0x9C, 0x1A, 0x4C, 0x63, 0x5B, 0x67,
    0x8C, 0xCE, 0xB8, 0x99, 0x9C, 0x29, 0x27, 0x21, 0x53, 0xE2, 0xB0, 0x47, 0xD3, 0xF5, 0xF0, 0x10,
    0x32, 0xA5, 0xE4, 0xEE, 0x66, 0xD9, 0x90, 0x3D, 0x3D, 0x29, 0x26, 0xA2, 0xBA, 0x4B, 0x18, 0xB9,
    0x17, 0xB7, 0xC2, 0x7A, 0x24, 0x1A, 0x31, 0x7E, 0x34, 0xD1, 0xDA, 0xFB, 0xC4, 0xEC, 0xE7, 0xAA,
    0xE1, 0x32, 0x79, 0x24, 0xBC, 0x4E, 0x37, 0x42, 0x89, 0x1D, 0xB8, 0xE2, 0xC9, 0x93, 0xDF, 0xAA,
    0x53, 0x9B, 0x01, 0x85, 0x9C, 0xBD, 0x2A, 0xA6, 0xDF, 0x53, 0x6D, 0x1B, 0x01, 0x73, 0x09, 0x5B,
    0x44, 0x57, 0xAE, 0x78, 0xCD, 0x3E, 0xAE, 0xD9, 0xC7, 0x26, 0x9C, 0x63, 0x86, 0xE6, 0xCD, 0x4D,
    0x20, 0xFD, 0xEB, 0x04, 0xA6, 0x25, 0xC0, 0xEE, 0x0C, 0x1C, 0x23, 0x8C, 0xF3, 0xEB, 0x77, 0x9D,
    0xFA, 0x9E, 0x7A, 0x5E, 0x42, 0x86, 0x45, 0xAF, 0xB8, 0x55, 0x8F, 0x53, 0x7F, 0x53, 0x6F, 0x53,
    0x5F, 0x53, 0x4F, 0x53, 0x3F, 0x53, 0x2F, 0x63, 0x1F, 0x53, 0x0F, 0xEB, 0xD8, 0xBF, 0xB6, 0xDE,
    0x15, 0xEC, 0xBA, 0x9B, 0x40, 0xF6, 0xC1, 0x17, 0xDB, 0x0D, 0xE5, 0xDC, 0xC6, 0x93, 0xDA, 0xB6,
    0xE7, 0x3C, 0x23, 0xE4, 0x27, 0x85, 0xA9, 0x20, 0x94, 0x7E, 0x0F, 0xD5, 0x40, 0xE8, 0xF7, 0x49,
    0xDA, 0x12, 0x4C, 0xD0, 0x10, 0x5C, 0x58, 0xC8, 0xD2, 0x3E, 0xE6, 0xA6, 0x1F, 0x99, 0x95, 0x97,
    0xAE, 0x46, 0x53, 0xF1, 0x8B, 0x21, 0xB3, 0x26, 0x31, 0x9E, 0x6B, 0x98, 0x78, 0xEF, 0x70, 0xB9,
    0xD2, 0x85, 0x16, 0xD3, 0x99, 0x26, 0x73, 0x1D, 0x68, 0x0A, 0xAF, 0x13, 0x0A, 0x33, 0x49, 0x79,
    0xF4, 0x91, 0xAB, 0xAC, 0xC9, 0x17, 0xC0, 0x49, 0x13, 0xBC, 0x04, 0x92, 0x7F, 0x9F, 0xAE, 0x3D,
    0xF4, 0x61, 0x3B, 0x43, 0xDB, 0x1C, 0x00, 0x5F, 0x1C, 0x46, 0x69, 0xD2, 0x16, 0x8C, 0x50, 0x5C,
    0x4A, 0xD6, 0x38, 0xA9, 0x9A, 0xA0, 0x0F, 0x36, 0x4D, 0xB3, 0x49, 0x9A, 0x4D, 0xD1, 0x6C, 0x82,
    0xA6, 0x3A, 0x41, 0xEB, 0x36, 0x35, 0x23, 0x31, 0x13, 0xB4, 0x8C, 0xA4, 0x4C, 0x50, 0x32, 0x12,
    0x32, 0x41, 0xC7, 0x48, 0xC6, 0xEC, 0x55, 0x8C, 0x12, 0xF3, 0x7F, 0x5B, 0x79, 0x27, 0x4D, 0x23,
    0x49, 0x43, 0x45, 0xB3, 0x50, 0xD0, 0xD0, 0x4A, 0x6C, 0x9B, 0x9C, 0xA9, 0xD5, 0x34, 0x08, 0xD2,
    0x32, 0x92, 0x32, 0x52, 0x32, 0x6A, 0x34, 0xD2, 0x31, 0x94, 0x31, 0x41, 0xC5, 0x5C, 0x3A, 0x38,
    0x6A, 0x5E, 0x8F, 0x75, 0xF4, 0xC8, 0x7B, 0x72, 0x25, 0x7E, 0xB2, 0xE5, 0x3F, 0x0F, 0xE1, 0xD4,
    0x37, 0xE6, 0x29, 0x6F, 0x6C, 0xA0, 0xBA, 0xB9, 0x01, 0x89, 0x1B, 0x48, 0xDB, 0x28, 0x27, 0x46,
    0x55, 0x73, 0x1F, 0x84, 0x8D, 0x74, 0x8D, 0x64, 0xCD, 0x10, 0x54, 0x8D, 0x44, 0x4D, 0xD0, 0x34,
    0x92, 0x34, 0x41, 0xD1, 0x48, 0xD0, 0x10, 0x8B, 0xBD, 0x9C, 0x91, 0x9A, 0x09, 0x62, 0x26, 0x68,
    0x99, 0xC8, 0x81, 0xC8, 0x39, 0xED, 0x4A, 0x87, 0xC4, 0x2F, 0xDA, 0x99, 0xA1, 0x1B, 0x73, 0xA9,
    0x35, 0x28, 0x6D, 0x1A, 0x29, 0x1B, 0x09, 0x1B, 0x2A, 0x1A, 0x47, 0x90, 0xAA, 0xA1, 0xA8, 0x39,
    0xDC, 0x2E, 0x52, 0x34, 0x12, 0x34, 0xD2, 0x33, 0x92, 0x33, 0x52, 0x33, 0x12, 0x33, 0xD2, 0x32,
    0x41, 0xCA, 0x9C, 0x3B, 0x26, 0x11, 0x85, 0xEC, 0x5D, 0xDE, 0xDD, 0xC6, 0x7E, 0x1C, 0xC5, 0x6A,
    0xC1, 0xA9, 0x67, 0x59, 0x11, 0x7E, 0x23, 0x6A, 0x9E, 0x2B, 0xC6, 0x76, 0x3B, 0xAE, 0xB7, 0x01,
    0xD1, 0xF1, 0x3E, 0x93, 0xD2, 0xFE, 0x06, 0x90, 0x0F, 0x0F, 0x80, 0xAC, 0xBF, 0xCF, 0x7F, 0x78,
    0xE9, 0x99, 0x72, 0x17, 0x46, 0xE6, 0x89, 0x79, 0x47, 0xAC, 0x08, 0xB8, 0xF7, 0x42, 0x30, 0x18,
    0x76, 0xE0, 0x0A, 0x20, 0x9E, 0xC4, 0x1E, 0xC3, 0xF8, 0xEA, 0x69, 0x3C, 0xA7, 0x8D, 0x9A, 0xBF,
    0xC1, 0x14, 0x4C, 0xFE, 0xD2, 0x9D, 0xB6, 0xC0, 0x3B, 0x2F, 0x46, 0x22, 0xDE, 0xBA, 0xE0, 0x80,
    0xF1, 0x2A, 0xFD, 0x53, 0xAD, 0xE9, 0x83, 0x5C, 0x48, 0x3B, 0xD2, 0xD8, 0x7F, 0xB5, 0xD9, 0x58,
    0x75, 0x00, 0xAD, 0x12, 0x13, 0x4F, 0xC4, 0xBB, 0x2F, 0x06, 0x8D, 0xAC, 0x43, 0xC9, 0xC4, 0xCB,
    0x99, 0x70, 0x15, 0x5F, 0x4B, 0x36, 0xBE, 0xFC, 0x18, 0x30, 0xEB, 0x92, 0x7F, 0xD6, 0x3E, 0xA1,
    0xF0, 0x61, 0xC8, 0xFB, 0x9F, 0x97, 0x6D, 0x8E, 0xEC, 0xD3, 0x39, 0x9B, 0xF3, 0xA9, 0xF0, 0xB9,
    0xAF, 0xFA, 0x62, 0xA8, 0x3A, 0xFE, 0xD7, 0xA2, 0xFC, 0x6C, 0x46, 0x66, 0x3D, 0x82, 0x5E, 0x7E,
    0xE9, 0xD8, 0x91, 0x6D, 0xDE, 0xC0, 0x5B, 0xBB, 0x06, 0xFB, 0x31, 0x66, 0x0D, 0x10, 0xCD, 0x05,
    0x85, 0xED, 0x44, 0xC4, 0xED, 0xF3, 0xCF, 0xC7, 0x01, 0x2D, 0xDE, 0xBD, 0x03, 0xA4, 0xB6, 0xB0,
    0x9C, 0xEE, 0x0F, 0x10, 0x79, 0x33, 0x03, 0x45, 0x37, 0x03, 0x39, 0xE1, 0x1C, 0x2E, 0x3E, 0xBB,
    0xA3, 0xDA, 0x97, 0xB0, 0x16, 0xF2, 0x38, 0x1B, 0x4F, 0x31, 0xBE, 0xF5, 0x7C, 0xB0, 0x76, 0x7E,
    0x77, 0x07, 0xC8, 0x8C, 0xE4, 0x88, 0x35, 0xA5, 0x66, 0x4B, 0xB0, 0x00, 0xBC, 0xF7, 0x6C, 0x59,
    0x03, 0xCC, 0x5C, 0x98, 0xA1, 0x11, 0xFA, 0x61, 0x18, 0x99, 0x99, 0x2D, 0x07, 0x73, 0xFC, 0xE1,
    0x04, 0x52, 0x90, 0xFE, 0x72, 0x94, 0x04, 0xCC, 0x0B, 0xAF, 0xF9, 0xA8, 0xF4, 0x78, 0x85, 0xCD,
    0x6B, 0xA3, 0x32, 0xF2, 0x9B, 0x1C, 0x4B, 0xBA, 0x4D, 0x8D, 0xE5, 0xAE, 0xB6, 0x15, 0xC0, 0xEB,
    0x68, 0x35, 0x5F, 0x87, 0x69, 0x85, 0x1E, 0x1F, 0x6B, 0x4E, 0x6C, 0xF3, 0x22, 0xFB, 0xD3, 0x0F,
    0x0D, 0x08, 0x1C, 0x46, 0x94, 0x9D, 0xC9, 0xCA, 0x0A, 0x31, 0x21, 0x59, 0x90, 0x76, 0xB1, 0x2A,
    0x49, 0x41, 0x16, 0xEF, 0x9A, 0x59, 0x53, 0xD9, 0xF6, 0xA5, 0x30, 0xB0, 0xC8, 0x69, 0xC2, 0xFE,
    0x58, 0x72, 0x4A, 0x1C, 0xDE, 0xD6, 0x19, 0xFD, 0x13, 0x33, 0x90, 0xBC, 0xDE, 0x5C, 0x42, 0x8E,
    0x78, 0x04, 0x8C, 0x0C, 0xE6, 0x0A, 0xCF, 0xA3, 0xA1, 0x48, 0x4C, 0x16, 0x55, 0x84, 0xB7, 0x47,
    0x89, 0x2C, 0x73, 0xA4, 0x72, 0xB9, 0x06, 0x92, 0x39, 0x81, 0x53, 0x45, 0x3B, 0x6D, 0xF3, 0xFB,
    0x19, 0xAF, 0x3C, 0xA5, 0xF4, 0xA1, 0xE1, 0x5D, 0x54, 0xF6, 0x86, 0x99, 0x47, 0xBE, 0x6C, 0x07,
    0x66, 0x07, 0x1C, 0x58, 0x7F, 0x99, 0xE9, 0x44, 0x2F, 0xA1, 0xA2, 0xD2, 0xB1, 0x9C, 0x59, 0xC7,
    0xE8, 0x6B, 0x7D, 0x03, 0xB8, 0xC1, 0x88, 0xC2, 0xB7, 0xB0, 0xA0, 0x12, 0x50, 0xEE, 0x73, 0x52,
    0x18, 0x19, 0xCF, 0xD0, 0x51, 0x6B, 0xCD, 0xF6, 0x09, 0x92, 0xE8, 0x51, 0xF9, 0xDC, 0xAC, 0x29,
    0xFD, 0x85, 0xF6, 0x89, 0xCB, 0x75, 0x33, 0x5B, 0x50, 0xF7, 0x3C, 0x43, 0x5B, 0xA7, 0xA2, 0x7C,
    0x98, 0x3D, 0x35, 0xDF, 0xFA, 0x37, 0x73, 0x88, 0xCD, 0x7E, 0xCD, 0xA4, 0xAF, 0xBF, 0x03, 0x94,
    0x5D, 0xD5, 0x00, 0x55, 0xC3, 0xA2, 0x5F, 0xBB, 0xBA, 0x21, 0xB6, 0x8E, 0xB8, 0xD2, 0xF0, 0x9F,
    0x25, 0x60, 0x6C, 0xA0, 0x5B, 0x4A, 0x89, 0xF7, 0x08, 0xD1, 0x22, 0xD4, 0xA7, 0x57, 0x98, 0x58,
    0xD7, 0x8A, 0x66, 0x8F, 0xEF, 0x1A, 0x5F, 0x06, 0x03, 0xDA, 0xC8, 0xCC, 0x3F, 0xC5, 0xDD, 0x7A,
    0x1B, 0xB5, 0x4B, 0x27, 0xBA, 0x63, 0x3D, 0x70, 0xDE, 0x1E, 0x63, 0x7F, 0xA8, 0x0F, 0xBA, 0x0A,
    0x29, 0x85, 0x95, 0xCE, 0xF5, 0xFB, 0x83, 0x3D, 0x8E, 0xBF, 0x0A, 0xF6, 0x24, 0x90, 0x74, 0xF1,
    0xDF, 0xD8, 0x93, 0x44, 0xD6, 0x27, 0xFA, 0xFD, 0xD7, 0xF9, 0xD2, 0x82, 0x4D, 0x49, 0xE4, 0xAF,
    0x85, 0x61, 0x04, 0x5C, 0xF0, 0x85, 0x0C, 0x47, 0x4E, 0x6D, 0x31, 0x19, 0xB6, 0x73, 0xE5, 0xD4,
    0x12, 0xD1, 0xCE, 0x38, 0xA5, 0x06, 0x2F, 0x39, 0xE0, 0x40, 0xC5, 0xD6, 0xE6, 0xA8, 0x63, 0x39,
    0xB1, 0xAA, 0x0C, 0x20, 0xB5, 0xA5, 0x63, 0xEB, 0x92, 0x5F, 0xD9, 0x1C, 0x7B, 0x29, 0xDA, 0xAC,
    0xE3, 0xA4, 0x13, 0x0B, 0x0A, 0x3F, 0x8B, 0xF2, 0xCF, 0xE4, 0x73, 0x65, 0x76, 0x38, 0x7D, 0x64,
    0x8D, 0xF4, 0xAD, 0x6D, 0x0A, 0x57, 0x7A, 0xC4, 0xBA, 0xDA, 0x6F, 0xFB, 0x68, 0xE4, 0xE4, 0xCA,
    0x19, 0xD0, 0x1F, 0x04, 0xA4, 0x75, 0x53, 0x6B, 0xA8, 0x76, 0x23, 0xC9, 0x61, 0x86, 0x10, 0x79,
    0x5A, 0x9B, 0x2B, 0xBE, 0x87, 0x96, 0xAA, 0xF1, 0xE0, 0x63, 0x6A, 0xBA, 0x9D, 0x02, 0x24, 0xA2,
    0xCF, 0x28, 0xE9, 0x86, 0xF0, 0xAD, 0xDD, 0x6F, 0x22, 0x4B, 0x6C, 0x8C, 0x0D, 0x86, 0x78, 0x8D,
    0xF8, 0x1D, 0x3F, 0xED, 0x91, 0x2C, 0xA5, 0x43, 0x3A, 0xDF, 0x07, 0xB2, 0x75, 0x2B, 0xDA, 0x40,
    0xBE, 0x58, 0x83, 0xDC, 0xB7, 0x1D, 0x0A, 0x16, 0xAE, 0xD2, 0x57, 0x1E, 0xD5, 0x50, 0xCC, 0xFC,
    0x04, 0x63, 0xAE, 0xEE, 0x22, 0x73, 0xCF, 0x85, 0x28, 0x96, 0x1C, 0x85, 0x56, 0x40, 0x6B, 0x03,
    0x54, 0x10, 0x36, 0xBA, 0xB3, 0x12, 0x69, 0x5E, 0xAA, 0x98, 0xA2, 0x98, 0x9A, 0x98, 0x92, 0x98,
    0x8A, 0x98, 0x82, 0x98, 0x7A, 0x98, 0x72, 0x98, 0x6A, 0x98, 0x62, 0x98, 0x5A, 0x98, 0x75, 0x90,
    0x4A, 0x98, 0x42, 0x98, 0x3A, 0x58, 0x32, 0xF8, 0x26, 0xC0, 0xF5, 0x4E, 0x07, 0x1E, 0x9C, 0x36,
    0x95, 0xC2, 0xD5, 0xD9, 0x88, 0x28, 0xCC, 0xCB, 0x25, 0x1F, 0x6A, 0xED, 0x0B, 0xC6, 0x4D, 0x6E,
    0x13, 0x72, 0x1B, 0xE5, 0xFA, 0x33, 0xE7, 0x4A, 0x7D, 0x76, 0xE4, 0x7D, 0xFD, 0x19, 0xA7, 0x92,
    0xC3, 0xE3, 0x69, 0xE5, 0xD0, 0x7E, 0xF1, 0x1B, 0xD4, 0xDC, 0xC4, 0xF7, 0x8F, 0xDF, 0x76, 0xF0,
    0xDC, 0x73, 0x7E, 0xDB, 0x71, 0xF4, 0xFF, 0x08, 0x40, 0x34, 0x42, 0x2F, 0x26, 0x48, 0x71, 0xAD,
    0x27, 0x62, 0xC7, 0x9C, 0xE0, 0x0A, 0xE1, 0x3E, 0xA2, 0x2D, 0xE1, 0xB7, 0xB3, 0x40, 0xF5, 0xA4,
    0xF5, 0x48, 0x6D, 0x75, 0x61, 0xE3, 0xA8, 0x34, 0x24, 0x7D, 0xD1, 0x20, 0x1E, 0x1F, 0x00, 0xD0,
    0xAB, 0xEA, 0xE1, 0xB0, 0x20, 0xBC, 0xB5, 0xDB, 0x71, 0x1F, 0x5A, 0x07, 0x33, 0x6B, 0xB0, 0x1C,
    0x3F, 0x40, 0x34, 0x60, 0x44, 0xDC, 0x49, 0xE4, 0x15, 0xFB, 0x52, 0x25, 0x51, 0x90, 0xFF, 0x5D,
    0x09, 0x41, 0xDA, 0xEB, 0xAD, 0x40, 0xEC, 0x79, 0x4E, 0x0E, 0xE1, 0xFF, 0x79, 0x4F, 0x9F, 0xAE,
    0x17, 0x16, 0x60, 0xD3, 0x77, 0xCD, 0x47, 0x2C, 0x6B, 0x36, 0xEC, 0xBD, 0x8A, 0x7D, 0xCE, 0xDD,
    0x5E, 0x9F, 0xEC, 0x76, 0x7F, 0xB0, 0xDB, 0x11, 0xEF, 0x6E, 0x85, 0x46, 0x71, 0xB0, 0xDD, 0x05,
    0x6D, 0x73, 0xF8, 0xE1, 0x2C, 0x32, 0x00, 0x87, 0x7F, 0x6D, 0xF8, 0xD2, 0xCF, 0x72, 0xA7, 0x5F,
    0xE4, 0xFA, 0x50, 0x3D, 0x5E, 0xB3, 0x7D, 0xA1, 0xF9, 0x37, 0xCD, 0x58, 0x01, 0xA4, 0x27, 0xD7,
    0xF5, 0xFE, 0x66, 0x26, 0xEF, 0x0D, 0x06, 0xF7, 0x61, 0x83, 0xFD, 0xC7, 0x7F, 0x07, 0x02, 0x92,
    0x36, 0x03, 0x00, 0xFB, 0xF6, 0xDE, 0xA4, 0xDA, 0xA2, 0xE8, 0x62, 0xB7, 0x50, 0x04, 0x00, 0xE8,
    0x02, 0xAC, 0x74, 0x93, 0x99, 0x34, 0xAA, 0x08, 0x5A, 0x2A, 0x0A, 0x34, 0x45, 0x91, 0x6E, 0xB1,
    0x45, 0xB0, 0x34, 0x9B, 0x99, 0x74, 0x69, 0x10, 0x64, 0x12, 0xD2, 0x02, 0x32, 0xD5, 0x4D, 0x13,
    0x5D, 0xE4, 0x86, 0xAB, 0x66, 0x77, 0x67, 0xE6, 0x74, 0xBE, 0x33, 0xD7, 0xFB, 0xFD, 0xFA, 0xAC,
    0x80, 0x2C, 0x3B, 0xF6, 0xF7, 0xCD, 0xDD, 0x79, 0x33, 0x77, 0xCE, 0xF7, 0xDD, 0x73, 0xCE, 0xB9,
    0x73, 0x50, 0x8B, 0xFC, 0x0A, 0x68, 0x45, 0x16, 0xD4, 0x04, 0x08, 0x31, 0x5B, 0x52, 0xE9, 0x30,
    0xA1, 0x9C, 0x90, 0xCF, 0xA8, 0x87, 0xC4, 0xA3, 0xF6, 0xC8, 0x27, 0x54, 0x3E, 0x1D, 0x20, 0x3D,
    0x8A, 0x09, 0xE5, 0x98, 0xF5, 0x99, 0x34, 0x30, 0x23, 0xFF, 0xA1, 0x58, 0x00, 0x13, 0x60, 0x26,
    0xA0, 0x9A, 0x80, 0x52, 0x87, 0x7C, 0x0A, 0x95, 0xE7, 0x90, 0x4F, 0xC1, 0x7A, 0xDE, 0x9B, 0x89,
    0x03, 0xEC, 0x80, 0x72, 0x84, 0x59, 0x00, 0xD8, 0x9E, 0xF7, 0xF0, 0x29, 0xD4, 0x1D, 0xEF, 0xE1,
    0x53, 0x68, 0x3B, 0xD4, 0x7D, 0x22, 0x1D, 0x80, 0x15, 0xA4, 0xCB, 0xC4, 0xA5, 0x3D, 0xA4, 0x49,
    0x05, 0x66, 0x46, 0xD6, 0x41, 0x5C, 0x31, 0xA3, 0x1A, 0x51, 0x74, 0xA9, 0xA0, 0x0E, 0x68, 0x3D,
    0xCA, 0xA6, 0x12, 0x91, 0x26, 0x59, 0x41, 0x5C, 0x2B, 0x72, 0x07, 0x29, 0x87, 0x88, 0x34, 0x79,
    0x28, 0x4B, 0x1E, 0x91, 0x24, 0x0F, 0xE5, 0xA8, 0x23, 0xA5, 0xA8, 0x23, 0x65, 0x78, 0x78, 0xFD,
    0xFA, 0x5B, 0x1B, 0x41, 0x23, 0x32, 0x6E, 0xFC, 0xCC, 0x1B, 0xB5, 0xDF, 0xE8, 0x95, 0xA8, 0xFB,
    0x8D, 0xDD, 0xB7, 0x12, 0x69, 0x10, 0xC9, 0x2D, 0x27, 0xDC, 0xA6, 0x13, 0x6A, 0xFE, 0x84, 0x59,
    0x7F, 0x42, 0xCC, 0x21, 0xF2, 0x5A, 0x70, 0x14, 0x69, 0x4D, 0xF0, 0x91, 0x95, 0x4F, 0x86, 0x8D,
    0x54, 0xDD, 0xE7, 0xBD, 0x72, 0xC2, 0x0A, 0x9D, 0x52, 0x4A, 0x38, 0xC2, 0xEE, 0xC8, 0xC4, 0x43,
    0x8F, 0xA4, 0x55, 0x12, 0xAA, 0x28, 0x51, 0xF5, 0x3C, 0x3D, 0x68, 0x1B, 0x22, 0x0E, 0x67, 0x69,
    0xFE, 0xEF, 0xFA, 0xF5, 0xDF, 0x51, 0x0F, 0x67, 0x45, 0x86, 0x44, 0x52, 0xC1, 0x85, 0xCB, 0xD2,
    0xE5, 0xD3, 0x3A, 0xB8, 0x96, 0x88, 0x33, 0x21, 0x5B, 0xF0, 0xA7, 0x7C, 0x41, 0xE5, 0xB3, 0x19,
    0xE4, 0x66, 0xFB, 0x6C, 0x82, 0xD2, 0x58, 0xEF, 0x52, 0x22, 0x6D, 0x57, 0x4C, 0x20, 0x97, 0xB6,
    0x31, 0x23, 0x75, 0x84, 0x34, 0xD4, 0x66, 0x84, 0x93, 0xC6, 0x7A, 0x58, 0x9F, 0x75, 0x6D, 0x73,
    0xC3, 0xA3, 0xED, 0xF2, 0xA6, 0xFE, 0xF8, 0xC3, 0xF0, 0xBC, 0xB8, 0xD2, 0x59, 0xF9, 0xA1, 0xDC,
    0x16, 0xE1, 0x42, 0xE6, 0x4B, 0xCE, 0x01, 0x1C, 0x2E, 0x22, 0x1E, 0xC9, 0x25, 0xA2, 0x19, 0x77,
    0x44, 0x5A, 0x42, 0x12, 0x14, 0xDD, 0x8E, 0xF8, 0x53, 0x12, 0xA0, 0x6A, 0xF0, 0xEE, 0x54, 0x3A,
    0xDE, 0x4D, 0x49, 0x1B, 0xD4, 0x94, 0x13, 0x2F, 0xAB, 0x41, 0xA0, 0xAE, 0xA0, 0x47, 0x12, 0x2B,
    0x4F, 0xB4, 0x11, 0x13, 0x91, 0xCE, 0x0E, 0x49, 0x2B, 0xCD, 0xB6, 0x64, 0x44, 0x1A, 0x1D, 0x17,
    0x4D, 0x57, 0x94, 0x17, 0x8B, 0x99, 0x2B, 0x97, 0xCA, 0x5D, 0x0A, 0x5F, 0x89, 0xCE, 0x7A, 0x86,
    0x00, 0x1C, 0x5C, 0xDC, 0x4D, 0x5B, 0x37, 0xC4, 0x99, 0x90, 0x0D, 0xFB, 0xD6, 0xD6, 0xBC, 0xE5,
    0x33, 0x71, 0x74, 0xC7, 0x37, 0x01, 0xE3, 0xEB, 0xEF, 0x02, 0x55, 0x67, 0x1B, 0xC0, 0x36, 0xB6,
    0x03, 0x6A, 0x57, 0x37, 0xC4, 0xD6, 0x11, 0x35, 0x28, 0xFE, 0x4E, 0xAB, 0x8D, 0x70, 0x9E, 0xF2,
    0x32, 0x00, 0xBC, 0x43, 0x48, 0x66, 0xC5, 0xCD, 0x9D, 0x45, 0x78, 0x4F, 0x4B, 0x87, 0x2E, 0xEE,
    0xDD, 0x10, 0x4E, 0x06, 0xA1, 0x5C, 0x11, 0x67, 0x4E, 0x96, 0x8F, 0x34, 0x99, 0xD1, 0x77, 0x28,
    0xF7, 0xD4, 0x18, 0x19, 0xAD, 0x8C, 0x3A, 0x08, 0x15, 0x07, 0xF4, 0xD9, 0x4C, 0xB6, 0x40, 0xE0,
    0x98, 0x83, 0x89, 0x63, 0x0D, 0x03, 0x8E, 0x41, 0x85, 0x39, 0xE6, 0x20, 0x70, 0xAC, 0x82, 0x72,
    0x0C, 0x9D, 0x5D, 0x82, 0x95, 0x00, 0x2B, 0x22, 0xBE, 0xE6, 0x60, 0xE0, 0xCA, 0x0B, 0xD7, 0x6F,
    0x1D, 0x73, 0x4A, 0xBA, 0x7F, 0xCF, 0x29, 0xE9, 0xFD, 0x74, 0x1A, 0x48, 0xF4, 0x1E, 0x48, 0xB3,
    0x0E, 0x38, 0x25, 0xDD, 0xA8, 0x2B, 0x03, 0x52, 0xE1, 0xFD, 0x5C, 0x05, 0xB9, 0x83, 0xEA, 0x3E,
    0x6F, 0x94, 0x80, 0x5C, 0x16, 0x44, 0xC9, 0xB1, 0x3B, 0x72, 0x69, 0xDA, 0x40, 0x6A, 0xEF, 0x8B,
    0xAA, 0xF6, 0xE9, 0x0B, 0x42, 0x09, 0x47, 0x08, 0xF5, 0xA4, 0xDF, 0x01, 0x6D, 0xAF, 0xEE, 0x2F,
    0x7C, 0x73, 0x7C, 0x1D, 0x7D, 0x96, 0x23, 0xBE, 0x4A, 0x1C, 0x49, 0x27, 0x02, 0x9E, 0x68, 0x6B,
    0x36, 0x93, 0x33, 0x7F, 0x26, 0xA8, 0x02, 0xD5, 0xA0, 0xFC, 0xDB, 0x86, 0xEC, 0xD3, 0x85, 0xDC,
    0xBD, 0x09, 0x7A, 0xE2, 0x8C, 0xA8, 0x1E, 0xA8, 0x56, 0x56, 0x17, 0x85, 0xE4, 0xF7, 0x22, 0xAE,
    0xDD, 0x3F, 0xD1, 0x06, 0x75, 0xDC, 0x2F, 0xB6, 0xFB, 0xA7, 0x7D, 0x8F, 0xE7, 0x7B, 0xF5, 0x10,
    0x45, 0x58, 0x47, 0x44, 0xD1, 0xE1, 0xB4, 0xE3, 0xD7, 0xB3, 0x06, 0x7D, 0x2D, 0xEB, 0x69, 0xD0,
    0x74, 0x7A, 0x4C, 0x25, 0x3A, 0x9C, 0xDF, 0x4E, 0xD7, 0x80, 0xA2, 0x1E, 0x70, 0x13, 0x30, 0x2F,
    0x7A, 0x04, 0xC0, 0x98, 0x11, 0x1E, 0x28, 0xF3, 0x29, 0xF1, 0xC0, 0x73, 0xD9, 0x92, 0x0E, 0xC0,
    0x71, 0x22, 0x69, 0x0F, 0x9C, 0x87, 0xBC, 0xA6, 0xA7, 0xFA, 0x76, 0x07, 0x5C, 0x83, 0xFD, 0xBC,
    0x03, 0x6E, 0xAE, 0x9C, 0x1A, 0x20, 0xC0, 0x50, 0x4E, 0x8F, 0x42, 0xC0, 0x13, 0x97, 0x34, 0xF5,
    0xAA, 0x5A, 0x75, 0x1F, 0x58, 0xE8, 0x7C, 0xC0, 0xAD, 0x18, 0x06, 0xAA, 0x1A, 0x52, 0x02, 0xDE,
    0x25, 0x94, 0x8E, 0x86, 0x63, 0x3B, 0x9E, 0x79, 0x2B, 0x1F, 0x61, 0x67, 0x2B, 0xC8, 0xE7, 0x07,
    0x2B, 0xC8, 0xAB, 0xE2, 0x72, 0x49, 0x04, 0xC5, 0xBC, 0x82, 0x61, 0xD6, 0xD1, 0x8C, 0x53, 0xFA,
    0x8C, 0x09, 0x30, 0x9F, 0x60, 0x07, 0x42, 0x5F, 0xAC, 0x40, 0xFF, 0xA8, 0x3B, 0x33, 0x1D, 0xAD,
    0x2E, 0x23, 0x9E, 0xD9, 0xB2, 0x01, 0x70, 0x84, 0xBD, 0xD8, 0xEB, 0x88, 0x0B, 0x21, 0x0B, 0xC4,
    0xA2, 0x21, 0x1E, 0x38, 0x62, 0xED, 0x89, 0xE1, 0x2A, 0x71, 0x38, 0x4F, 0xF4, 0x8A, 0x6D, 0xD8,
    0x65, 0x03, 0x21, 0x26, 0x5F, 0x12, 0xB3, 0x0F, 0x79, 0xBD, 0x78, 0x7D, 0x24, 0x07, 0xF5, 0xFA,
    0xE3, 0x9C, 0x78, 0x93, 0xE9, 0x2F, 0xA1, 0x7D, 0xC8, 0x7A, 0x7A, 0x4A, 0xA1, 0xC5, 0xC4, 0x68,
    0x0A, 0xBA, 0xA0, 0xB2, 0x5C, 0x53, 0xCF, 0x0A, 0xF4, 0xAA, 0x2C, 0x20, 0x91, 0xAE, 0x5A, 0xF0,
    0xAC, 0xDC, 0xA9, 0xC5, 0x6D, 0x31, 0xF7, 0xA4, 0x8B, 0xB6, 0x42, 0xF8, 0x22, 0x5E, 0x32, 0x5D,
    0xF4, 0x69, 0x9C, 0x05, 0xF8, 0x08, 0x90, 0x7D, 0xE4, 0x57, 0x68, 0x08, 0x9D, 0xE7, 0xB5, 0x1E,
    0xC0, 0x4F, 0x10, 0x8F, 0xC3, 0xE5, 0x7B, 0x4E, 0xF3, 0xB6, 0xE6, 0xEC, 0xEC, 0x7F, 0x95, 0xD3,
    0x1C, 0xAD, 0xF9, 0x59, 0xA3, 0x4B, 0xF3, 0xB2, 0xE6, 0x64, 0xCD, 0xC7, 0x9A, 0x8B, 0x99, 0x87,
    0x35, 0x07, 0x77, 0xCC, 0xBF, 0xFB, 0xB9, 0x97, 0xD6, 0xF1, 0x90, 0x86, 0x88, 0x34, 0x3A, 0x64,
    0xE1, 0x89, 0x71, 0x3D, 0x35, 0xF5, 0xED, 0x1D, 0x14, 0x41, 0xE6, 0xBD, 0x73, 0xFA, 0xE9, 0x08,
    0xAA, 0x95, 0xFF, 0x32, 0xD0, 0x13, 0x61, 0x4A, 0xAF, 0xE7, 0xE3, 0xCA, 0xE3, 0x69, 0xAA, 0x48,
    0xBD, 0xA9, 0x23, 0x03, 0x85, 0x0C, 0xB7, 0x24, 0x6F, 0x5C, 0x4D, 0x31, 0xF1, 0x1C, 0x5A, 0x3D,
    0x5F, 0x8B, 0x56, 0xDC, 0xBB, 0xAC, 0xE7, 0x8C, 0x25, 0x9D, 0x6F, 0xF9, 0xE4, 0x47, 0xA2, 0xB6,
    0x50, 0xEE, 0x84, 0x9E, 0xCF, 0xA8, 0xED, 0x31, 0x6A, 0xD8, 0x76, 0x69, 0x60, 0xE2, 0x2A, 0x29,
    0xFB, 0x0D, 0x96, 0x4D, 0x2B, 0x89, 0xC4, 0x27, 0x71, 0x99, 0x80, 0x74, 0x21, 0xA2, 0x18, 0x37,
    0x4A, 0x3D, 0x11, 0x17, 0x14, 0xD5, 0xA1, 0x76, 0x2A, 0xE3, 0xCA, 0xC8, 0x24, 0xF9, 0xB9, 0x08,
    0xA8, 0x74, 0x2F, 0x2E, 0xA3, 0xA0, 0xAB, 0xA4, 0x21, 0x11, 0x88, 0x5B, 0xF5, 0x5E, 0x20, 0xAA,
    0x78, 0x36, 0x53, 0xF3, 0xF9, 0x4A, 0xA0, 0xEA, 0xB2, 0xD5, 0xC3, 0xF9, 0x22, 0xA8, 0xFC, 0x08,
    0x9E, 0xAC, 0x66, 0xEA, 0xE6, 0xCF, 0x13, 0x9E, 0x5E, 0xF5, 0xBF, 0x2D, 0x78, 0x1B, 0x56, 0x9E,
    0x17, 0xF1, 0xDC, 0xCC, 0x54, 0x64, 0xE8, 0x80, 0x8B, 0xBB, 0x6C, 0x10, 0x93, 0x6D, 0x39, 0xEC,
    0x32, 0xC1, 0x48, 0x80, 0x8B, 0xA2, 0x3B, 0xE6, 0xDD, 0xDF, 0x02, 0xA9, 0x16, 0x01, 0x5D, 0x7F,
    0xD8, 0x2E, 0x65, 0x5A, 0x43, 0xAE, 0xBB, 0x0A, 0xD3, 0xD2, 0x0B, 0xCE, 0x33, 0x6C, 0xF0, 0x76,
    0xDD, 0x97, 0x21, 0x19, 0xEA, 0xBE, 0x62, 0x41, 0xEE, 0xAC, 0x37, 0x20, 0x7E, 0x1B, 0xAC, 0x7F,
    0x57, 0x21, 0xCE, 0x0E, 0x3E, 0x15, 0xD8, 0x7F, 0xD2, 0xAD, 0xED, 0x5D, 0xC7, 0x7D, 0xD0, 0xA2,
    0xA9, 0x5E, 0xB3, 0x5F, 0x4E, 0xDE, 0xC8, 0xE4, 0xEE, 0x0C, 0xE4, 0x5F, 0xD2, 0x1B, 0x4D, 0x34,
    0x76, 0xDF, 0x71, 0x98, 0xE3, 0x92, 0x25, 0x06, 0xE0, 0x9E, 0x5B, 0x23, 0xEF, 0x90, 0xB4, 0x6F,
    0x02, 0xA5, 0xB0, 0x00, 0xFC, 0x4C, 0x90, 0x2E, 0x29, 0xC5, 0xCC, 0xA5, 0xE1, 0xCE, 0xAA, 0x33,
    0xE1, 0xB8, 0xED, 0x4A, 0x7F, 0x53, 0x9A, 0xEA, 0xAB, 0x41, 0x1A, 0xFB, 0xF9, 0x7B, 0x0C, 0x97,
    0x54, 0x50, 0xCD, 0xCC, 0x05, 0x63, 0xC1, 0x4C, 0x5C, 0x32, 0x0B, 0x71, 0xBF, 0xC9, 0x49, 0x8E,
    0x0F, 0x76, 0x6E, 0xF8, 0xA4, 0xE6, 0x1E, 0xFB, 0xBA, 0xA7, 0x5E, 0x7F, 0xA1, 0x4A, 0xB9, 0x67,
    0x4A, 0x4A, 0x42, 0xA5, 0x6B, 0xBA, 0x57, 0x2E, 0xCC, 0x5E, 0xF5, 0xAF, 0x03, 0x51, 0x88, 0xE9,
    0x5D, 0xAD, 0x82, 0x1F, 0x10, 0x8B, 0x5F, 0x4C, 0x60, 0xA6, 0xDC, 0x45, 0xFD, 0x35, 0xCD, 0xCB,
    0x81, 0x98, 0x6A, 0x2D, 0xCB, 0xEE, 0xFF, 0x31, 0x46, 0x7D, 0x74, 0x43, 0x5C, 0xD0, 0xF2, 0xF1,
    0xCE, 0xD7, 0xC6, 0xFE, 0x25, 0x6A, 0xB4, 0x54, 0x2C, 0xF6, 0x66, 0x00, 0xCA, 0xD7, 0x3C, 0x90,
    0xF7, 0x7C, 0x81, 0x3B, 0xF3, 0xC8, 0x03, 0x9B, 0xC4, 0x62, 0x8D, 0x22, 0xDE, 0xBA, 0xE2, 0x00,
    0xF8, 0xBC, 0xE1, 0xDB, 0x13, 0xF7, 0x58, 0xE8, 0x83, 0x27, 0x62, 0x81, 0xD4, 0xDA, 0x06, 0xF3,
    0xB7, 0x00, 0x9C, 0xC3, 0x55, 0x5E, 0x3F, 0x7A, 0x94, 0xFA, 0x1C, 0x38, 0xC6, 0x9B, 0xF9, 0x6A,
    0x56, 0xC7, 0xAD, 0x01, 0x60, 0xAA, 0x1A, 0xE6, 0x84, 0x7C, 0xF3, 0xE0, 0x13, 0x79, 0x6A, 0x26,
    0x92, 0x88, 0x0C, 0x13, 0x68, 0xAA, 0xD1, 0xB2, 0x77, 0x4E, 0x03, 0xF6, 0x6C, 0xDC, 0xB6, 0x32,
    0x70, 0x76, 0x3B, 0x4E, 0xDE, 0x0E, 0xBB, 0xE1, 0x16, 0xCE, 0xFD, 0xAE, 0x60, 0xB5, 0x44, 0xB2,
    0xD6, 0x64, 0x01, 0x4F, 0x71, 0x12, 0xAD, 0xB0, 0xF9, 0xC0, 0x47, 0xA5, 0x47, 0xBB, 0x62, 0xB7,
    0x16, 0xD8, 0x4B, 0x28, 0xBC, 0x20, 0x9D, 0xAC, 0xC3, 0x2D, 0xD3, 0xA1, 0xCA, 0x06, 0x1C, 0xF0,
    0x31, 0x0A, 0x23, 0x0E, 0x56, 0x7C, 0x32, 0x9B, 0x90, 0x07, 0x13, 0x8C, 0x37, 0xA1, 0x1A, 0x8C,
    0xB7, 0x9D, 0xED, 0xEB, 0xBF, 0x8A, 0xE3, 0xF6, 0x49, 0x3E, 0xE1, 0x0B, 0x98, 0x83, 0xF8, 0xEA,
    0xD4, 0x59, 0x6F, 0x5C, 0x29, 0x0B, 0x52, 0x09, 0x24, 0x79, 0x92, 0xFD, 0xA8, 0x0B, 0x23, 0x55,
    0x15, 0xF8, 0x31, 0xAD, 0xBB, 0x9A, 0xF6, 0xFC, 0xE3, 0x63, 0xA2, 0x03, 0xFD, 0x81, 0x37, 0xD2,
    0x4B, 0xD4, 0x49, 0xCE, 0xE1, 0x26, 0x5D, 0xE4, 0x9B, 0xD2, 0x21, 0xB9, 0xF4, 0x24, 0x35, 0x6E,
    0xB0, 0x94, 0x1D, 0x6C, 0xEE, 0x61, 0xDE, 0x0B, 0x48, 0xDC, 0x51, 0x64, 0x3E, 0x72, 0xD7, 0x1C,
    0x77, 0x89, 0xCA, 0x98, 0x7C, 0x95, 0x2D, 0xB9, 0x92, 0x69, 0xE5, 0xF5, 0xA7, 0x1C, 0xC9, 0x90,
    0xFC, 0xC8, 0x4E, 0xF8, 0x6B, 0xC8, 0x8B, 0xAC, 0x74, 0x6F, 0x4B, 0x7B, 0x98, 0xBD, 0x98, 0xBB,
    0xCA, 0xDB, 0x23, 0xF2, 0x61, 0x42, 0x12, 0xEC, 0x2E, 0x67, 0x5D, 0xFF, 0x3D, 0x20, 0xE3, 0x36,
    0x6F, 0xE9, 0xF9, 0x7B, 0xF8, 0xDC, 0x24, 0x13, 0xE7, 0x86, 0xFC, 0x1C, 0x10, 0x16, 0x83, 0xB0,
    0xDB, 0x7B, 0xA1, 0x1E, 0x94, 0x60, 0xFE, 0xD9, 0x04, 0x83, 0xF3, 0x38, 0xC0, 0x99, 0x47, 0xC5,
    0x07, 0x09, 0xDF, 0x96, 0xC8, 0x98, 0x7D, 0xF6, 0x4E, 0xE1, 0xD6, 0x3C, 0xCD, 0xE5, 0x7A, 0xE6,
    0x0F, 0xB0, 0x0B, 0xBD, 0x24, 0x9F, 0xF8, 0x8F, 0xF9, 0x7C, 0xE4, 0x0B, 0xCA, 0xED, 0x4B, 0x6B,
    0xE0, 0xE4, 0xFC, 0x54, 0xF8, 0x87, 0xB3, 0xD2, 0x98, 0x19, 0x70, 0x40, 0xB2, 0x3A, 0x3C, 0x90,
    0x87, 0x16, 0x40, 0xC2, 0x05, 0x01, 0x5E, 0xD1, 0x9A, 0x52, 0x7E, 0xC7, 0xF3, 0xD2, 0x5E, 0x6E,
    0xD3, 0xFA, 0x99, 0x8A, 0x8C, 0xBB, 0x42, 0x48, 0xB3, 0x84, 0x46, 0xF2, 0xBF, 0x5A, 0x08, 0xA1,
    0x85, 0x10, 0x2C, 0x84, 0x44, 0x52, 0x62, 0x09, 0x8C, 0xA8, 0x85, 0x10, 0x5A, 0x08, 0x49, 0x67,
    0xC5, 0x6C, 0x21, 0x6A, 0x43, 0x40, 0x0B, 0x61, 0xD8, 0x15, 0xC2, 0x94, 0x85, 0x90, 0xAF, 0xA5,
    0x03, 0xD3, 0x8E, 0x9D, 0xD7, 0xBC, 0x4B, 0xAF, 0xF9, 0xBE, 0x47, 0xB1, 0xE7, 0x35, 0x87, 0x0B,
    0xA3, 0xC5, 0xA7, 0x4B, 0x31, 0x15, 0x63, 0x36, 0x9B, 0x75, 0x64, 0x87, 0x54, 0x6C, 0x9F, 0x4A,
    0xBD, 0xDA, 0xD7, 0xAE, 0x3F, 0x69, 0xF2, 0x59, 0x9A, 0x62, 0xE2, 0xDE, 0xA2, 0xED, 0x2A, 0xBF,
    0xFA, 0x6B, 0x47, 0xAF, 0xCC, 0x24, 0xEC, 0x6F, 0xB7, 0x90, 0x90, 0x29, 0x0A, 0x7D, 0x71, 0xF9,
    0x1B, 0xCF, 0x1C, 0x0C, 0xE2, 0x99, 0xC7, 0x49, 0x8D, 0xAF, 0x89, 0xD1, 0x6F, 0x44, 0x0D, 0xFA,
    0xC6, 0x65, 0xDD, 0x3D, 0x6F, 0xBE, 0xC1, 0x9A, 0x8A, 0xBA, 0x50, 0x4D, 0x5E, 0x38, 0xE5, 0x1B,
    0xDA, 0xF8, 0x21, 0x72, 0xCF, 0xBE, 0x64, 0xE2, 0xE8, 0x85, 0xD2, 0x21, 0x9F, 0x88, 0x05, 0x91,
    0xBE, 0x48, 0x0C, 0x14, 0xB7, 0xF4, 0xEA, 0xCC, 0x9E, 0x51, 0x60, 0xEF, 0x93, 0x92, 0x15, 0xC1,
    0x8A, 0x1F, 0x89, 0xA3, 0x68, 0xD2, 0x50, 0xA2, 0xCD, 0xFF, 0xEB, 0x1E, 0x5A, 0x5C, 0x28, 0x54,
    0x15, 0x28, 0x54, 0x39, 0xA1, 0x92, 0x2F, 0x0A, 0x66, 0x9A, 0x29, 0x69, 0x1B, 0x96, 0x16, 0x16,
    0x16, 0x96, 0x15, 0x16, 0x15, 0x96, 0x14, 0x2D, 0x28, 0xFA, 0x39, 0x54, 0x04, 0x3B, 0xD5, 0x53,
    0x3E, 0x3D, 0x98, 0xF2, 0xE5, 0xBD, 0x29, 0x17, 0x84, 0x62, 0x81, 0x33, 0x31, 0xFC, 0xCA, 0xB0,
    0x1F, 0x76, 0xA7, 0x42, 0xAF, 0xF9, 0x3A, 0x8F, 0x38, 0x1F, 0x3D, 0xE2, 0xF1, 0xD0, 0x00, 0xB1,
    0xA8, 0xA0, 0x12, 0x87, 0x0B, 0x2F, 0x76, 0x78, 0x3B, 0x63, 0x92, 0xFF, 0x66, 0x34, 0x88, 0x5B,
    0xBF, 0xF7, 0x75, 0xBF, 0xF9, 0xF1, 0x44, 0x9F, 0xF0, 0xFA, 0xE5, 0x39, 0x56, 0xC4, 0x33, 0x07,
    0xBB, 0x98, 0x98, 0x73, 0xF1, 0x95, 0x8C, 0x85, 0x0C, 0xDC, 0x23, 0xBF, 0x1C, 0x3F, 0xD6, 0x32,
    0x01, 0x6E, 0x6A, 0xFA, 0x0B, 0x14, 0x05, 0x9E, 0xA2, 0x24, 0x9E, 0xA2, 0x24, 0x03, 0x6D, 0x48,
    0x57, 0x0C, 0xC8, 0x7A, 0xA6, 0xAA, 0xAC, 0xA3, 0x35, 0xB9, 0x36, 0xF2, 0x8A, 0x86, 0x56, 0x19,
    0x47, 0x9B, 0x0C, 0x88, 0xA5, 0xDA, 0x79, 0x0C, 0x54, 0x21, 0x61, 0xE8, 0x89, 0x0C, 0x5C, 0x1D,
    0x4A, 0x86, 0x84, 0xA0, 0x4E, 0x9B, 0x4D, 0xB5, 0x03, 0xE6, 0xB2, 0x03, 0x6C, 0x31, 0x00, 0xE6,
    0x55, 0x8F, 0x98, 0x28, 0x28, 0xC8, 0x75, 0x3C, 0xD3, 0xD8, 0x45, 0xBF, 0x25, 0xD0, 0x36, 0x5C,
    0x20, 0x47, 0x40, 0x31, 0x25, 0x02, 0x33, 0x9E, 0xFA, 0x46, 0xD6, 0xD6, 0x84, 0xE1, 0x87, 0x72,
    0x45, 0xF8, 0xE9, 0x08, 0xFB, 0x9F, 0x0F, 0xA6, 0x23, 0x2B, 0x3F, 0x10, 0x6F, 0x26, 0x36, 0x67,
    0x1D, 0x74, 0x66, 0x85, 0x4C, 0x88, 0xA5, 0x74, 0x0F, 0xA9, 0xEC, 0x8F, 0x8D, 0x4A, 0x3C, 0x11,
    0x6A, 0xBD, 0x3C, 0x02, 0x6B, 0x19, 0x01, 0xD6, 0x42, 0x02, 0xB0, 0x94, 0x3C, 0x4A, 0x95, 0x78,
    0xA4, 0x72, 0x8F, 0xED, 0x1C, 0xF6, 0x88, 0x5C, 0xDD, 0x61, 0x81, 0xED, 0x93, 0x19, 0x55, 0x97,
    0x2E, 0x38, 0xAB, 0x62, 0x20, 0x76, 0xA4, 0x47, 0x00, 0x2D, 0xAD, 0xAE, 0x48, 0x20, 0xDF, 0xFE,
    0xAF, 0x1D, 0xBB, 0x19, 0x87, 0x9A, 0x2D, 0x5D, 0xBA, 0xA0, 0x75, 0xC9, 0x8C, 0xB6, 0x4B, 0xF9,
    0xDE, 0x7C, 0x44, 0xB9, 0xDC, 0x60, 0x3E, 0x5D, 0x62, 0x5F, 0x62, 0xAF, 0xCD, 0xA3, 0x4E, 0xCB,
    0xC7, 0x13, 0x7F, 0x22, 0xC4, 0x53, 0x8B, 0x83, 0xB4, 0x43, 0x36, 0x1A, 0x5F, 0xF8, 0xDC, 0x17,
    0x21, 0xEB, 0x0B, 0xD6, 0x68, 0x61, 0x27, 0x92, 0xB9, 0x5B, 0x18, 0xF7, 0x1A, 0x0E, 0x17, 0x60,
    0xBB, 0x1A, 0x55, 0x57, 0x3B, 0xDB, 0xD8, 0x7F, 0x2D, 0x28, 0xF6, 0xCB, 0x06, 0xF7, 0xE5, 0x14,
    0x92, 0x76, 0x76, 0x94, 0x91, 0x8F, 0xAD, 0x87, 0x33, 0x44, 0x98, 0xA6, 0xEE, 0x2A, 0x94, 0x6C,
    0xBD, 0x81, 0xDF, 0x83, 0xE7, 0xD8, 0x11, 0x6A, 0xFE, 0x9F, 0x24, 0x9D, 0xF2, 0xDD, 0x74, 0xD9,
    0x79, 0x50, 0xEC, 0x10, 0xCE, 0x8A, 0x13, 0xB1, 0x20, 0xEE, 0xB6, 0x7C, 0x0F, 0x6B, 0xB6, 0x1E,
    0x2A, 0x6B, 0x23, 0x82, 0x53, 0x07, 0xE9, 0x93, 0x7F, 0x14, 0x80, 0x0A, 0x9C, 0x6A, 0x77, 0xA5,
    0x34, 0xBC, 0x07, 0x4A, 0x76, 0xED, 0xFE, 0xAD, 0x73, 0x1C, 0xC8, 0x1B, 0x34, 0x8C, 0x3F, 0x9A,
    0xF6, 0xF0, 0xFD, 0x4B, 0xDC, 0xC3, 0x98, 0xE9, 0x69, 0xD5, 0x23, 0x95, 0xE6, 0x44, 0x93, 0xC2,
    0x6F, 0xDF, 0xA7, 0xA5, 0x63, 0x01, 0xDD, 0x49, 0x15, 0x17, 0xB5, 0x58, 0x5A, 0x0F, 0xDB, 0xB3,
    0xE7, 0xD4, 0xF0, 0x53, 0x02, 0x2B, 0x58, 0x42, 0xA4, 0x57, 0xA9, 0x73, 0x3A, 0x68, 0x83, 0x20,
    0xA7, 0xD6, 0xC5, 0xAF, 0xE5, 0xA4, 0xBD, 0xD7, 0xF6, 0xF4, 0x5F, 0x42, 0xAB, 0xD0, 0xC5, 0x3F,
    0xE8, 0x13, 0xB9, 0xF0, 0xF9, 0x31, 0xF6, 0x74, 0xAE, 0x30, 0x2F, 0x32, 0x39, 0xB7, 0xEB, 0x2F,
    0x26, 0xEC, 0xA4, 0xBD, 0x03, 0x98, 0x07, 0xAC, 0xDB, 0x0D, 0xB7, 0xD9, 0x2C, 0xB1, 0xAF, 0x70,
    0x96, 0xB3, 0x20, 0x03, 0x08, 0xC8, 0x35, 0xF6, 0x06, 0x0E, 0x79, 0xA9, 0xBC, 0xE1, 0x81, 0x27,
    0x8A, 0x11, 0x14, 0x20, 0xFE, 0x95, 0x10, 0xFF, 0x6B, 0x08, 0x55, 0xA0, 0x29, 0xEA, 0xAA, 0x0E,
    0x49, 0x3B, 0x02, 0x76, 0x71, 0xC0, 0x4B, 0x51, 0xE6, 0x8B, 0xDB, 0xCB, 0x43, 0x3E, 0xF0, 0x74,
    0xAB, 0x6A, 0x00, 0xDE, 0x41, 0x44, 0x39, 0xEE, 0x1A, 0xDD, 0x3C, 0x76, 0x2D, 0xE4, 0x2B, 0x5B,
    0x03, 0x39, 0xB6, 0x8F, 0x63, 0xF3, 0x38, 0xB6, 0x8E, 0x63, 0xE3, 0x38, 0xB6, 0x8D, 0x4D, 0x88,
    0x09, 0x9D, 0xA3, 0xAD, 0x61, 0x8C, 0xAD, 0x5D, 0x8C, 0xAD, 0x59, 0x1C, 0x5B, 0xC5, 0xB1, 0x51,
    0x1C, 0xDB, 0xC4, 0xAA, 0x5B, 0x4C, 0xF6, 0xC2, 0x53, 0xEC, 0xD9, 0x52, 0x4A, 0x6E, 0x38, 0x9F,
    0xDD, 0xF6, 0x9C, 0xDC, 0xC5, 0x46, 0x0A, 0x23, 0x09, 0xBC, 0x42, 0xF3, 0x69, 0x3C, 0x4D, 0xDF,
    0x19, 0x9E, 0xCB, 0x10, 0x65, 0x47, 0xAD, 0xD0, 0x9D, 0xAC, 0x4E, 0x43, 0x78, 0x61, 0x46, 0x22,
    0x95, 0xB8, 0x54, 0x5E, 0x92, 0x86, 0xED, 0x9E, 0x2E, 0x93, 0x46, 0x9A, 0x4C, 0xC0, 0xFD, 0x08,
    0xC4, 0xED, 0xA7, 0x97, 0x74, 0x81, 0xF1, 0x27, 0x39, 0x86, 0xC0, 0x3E, 0xF7, 0x91, 0xED, 0x33,
    0x09, 0x75, 0xB7, 0xBD, 0xE5, 0x09, 0xFC, 0x17, 0x6D, 0x95, 0x01, 0x84, 0x24, 0xD9, 0xFD, 0xC7,
    0x3F, 0x55, 0xBD, 0xBD, 0xD5, 0xB3, 0x75, 0x3B, 0xAF, 0xFD, 0xAF, 0x9B, 0xBF, 0xDD, 0xDD, 0xAE,
    0xC5, 0xE1, 0x6C, 0xB6, 0xBB, 0x06, 0x8B, 0x09, 0x55, 0xFD, 0x1E, 0x42, 0x00, 0x29, 0xDC, 0x38,
    0xB2, 0xB8, 0x41, 0xC0, 0xE6, 0x92, 0x34, 0x16, 0x9D, 0xE8, 0xE9, 0xAE, 0x80, 0x00, 0x34, 0x44,
    0x00, 0x16, 0xC1, 0x5D, 0x87, 0xCC, 0xA2, 0xC3, 0x84, 0x99, 0xAD, 0x27, 0x4B, 0xC4, 0x81, 0x02,
    0xE0, 0x90, 0xCA, 0xE5, 0x90, 0x00, 0x2F, 0x14, 0x2A, 0xA7, 0xA6, 0x5F, 0xAA, 0x66, 0x76, 0x87,
    0x93, 0x74, 0x7D, 0xDF, 0xAF, 0xDE, 0xF3, 0x7E, 0xBF, 0xEF, 0xF7, 0xF9, 0xF5, 0xEB, 0x6F, 0x0F,
    0x95, 0xD4, 0x41, 0xE1, 0x19, 0x2A, 0x06, 0x0C, 0x15, 0x56, 0x75, 0x2E, 0xF1, 0x0D, 0xA1, 0x62,
    0x00, 0x0C, 0x15, 0x59, 0xEE, 0x5A, 0xE3, 0x7F, 0x55, 0x86, 0xEA, 0x7C, 0xC0, 0x00, 0x10, 0xE5,
    0xBE, 0xDC, 0x2D, 0x96, 0xB6, 0x32, 0x81, 0xC1, 0x51, 0xA1, 0x2D, 0xA4, 0x2D, 0x86, 0x47, 0x4A,
    0xDA, 0xBC, 0x41, 0x33, 0xE9, 0xD3, 0x8F, 0x30, 0xE1, 0xC7, 0x79, 0x60, 0xB5, 0xB7, 0x83, 0x84,
    0x2E, 0x52, 0x67, 0x79, 0xA6, 0x1F, 0x03, 0x48, 0xB7, 0x5C, 0x75, 0xAA, 0x06, 0x63, 0xA7, 0x80,
    0xC0, 0x4C, 0xEB, 0xFE, 0x39, 0xB5, 0x57, 0x08, 0xEE, 0x70, 0x5B, 0xC9, 0x72, 0x1B, 0x99, 0x27,
    0x26, 0x5A, 0x55, 0xFE, 0x9A, 0x8F, 0xBA, 0xCA, 0xAD, 0x65, 0xEA, 0x99, 0x1D, 0xE2, 0x4F, 0x25,
    0x53, 0x2F, 0x67, 0xE0, 0x40, 0x42, 0x72, 0xEE, 0x1A, 0x19, 0xE8, 0xC0, 0x22, 0x6A, 0x9C, 0x04,
    0x08, 0x98, 0x30, 0x26, 0x26, 0x02, 0x08, 0x84, 0x1A, 0x09, 0x26, 0x01, 0xF1, 0x84, 0x68, 0xCC,
    0xB0, 0xC9, 0x08, 0xDF, 0x54, 0x88, 0xBF, 0xD5, 0x74, 0xCC, 0x12, 0xEA, 0x40, 0x5D, 0x11, 0xBD,
    0xC4, 0xAD, 0x5A, 0xF4, 0x8D, 0x3A, 0x73, 0xF3, 0xE5, 0x33, 0x2D, 0x2D, 0x7E, 0x05, 0x00, 0xB8,
    0x56, 0x09, 0xAB, 0xC3, 0xDF, 0x14, 0x11, 0xA6, 0x4F, 0xC2, 0x8F, 0x3A, 0x65, 0xA0, 0x62, 0x4E,
    0xC8, 0x94, 0xD5, 0x99, 0x0E, 0x01, 0xB7, 0x10, 0x95, 0xA8, 0xBD, 0xDA, 0xA9, 0x1C, 0xD3, 0xC9,
    0xA5, 0x7A, 0x01, 0xF8, 0x69, 0x58, 0xAC, 0x8A, 0x4C, 0x5F, 0xB0, 0x20, 0x22, 0x48, 0xDD, 0xB4,
    0xCD, 0xF3, 0xFF, 0x2B, 0x6F, 0xC8, 0x4A, 0x07, 0xB9, 0x67, 0x9C, 0x8A, 0x01, 0x47, 0xB8, 0x16,
    0xAF, 0x22, 0xC8, 0x99, 0x42, 0x1F, 0x1C, 0xED, 0x36, 0x1A, 0x1F, 0xA7, 0x1D, 0x05, 0x77, 0x79,
    0x40, 0x68, 0xE2, 0xE4, 0x29, 0x00, 0x48, 0xAB, 0x1B, 0xE0, 0x37, 0x48, 0x11, 0x0A, 0x01, 0x01,
    0xEC, 0xE1, 0x28, 0x61, 0x82, 0xD2, 0x37, 0x1D, 0x73, 0xBF, 0x11, 0x07, 0x94, 0xAF, 0x27, 0x2A,
    0x22, 0x22, 0xC4, 0x07, 0xE5, 0x36, 0x94, 0xDF, 0xF9, 0x5A, 0x96, 0xC3, 0x64, 0x65, 0x7C, 0xF6,
    0xB9, 0x8B, 0x87, 0x47, 0x56, 0x9C, 0xAE, 0xEF, 0xD2, 0x03, 0xB2, 0x6A, 0x98, 0xB0, 0xC7, 0x88,
    0x31, 0x4D, 0xD1, 0xB4, 0x92, 0xE6, 0x5E, 0x0A, 0x73, 0xB6, 0xBC, 0xA2, 0xC4, 0x16, 0x59, 0x7E,
    0x4F, 0x39, 0x84, 0xF9, 0xAA, 0x58, 0xE5, 0xA1, 0x02, 0x42, 0x55, 0xCB, 0x5F, 0xB6, 0x18, 0xB1,
    0xBD, 0xBD, 0x0E, 0xAB, 0xF9, 0x78, 0xFB, 0x70, 0x3E, 0x96, 0xF5, 0x9D, 0x35, 0x08, 0x23, 0x74,
    0x48, 0xCC, 0x00, 0xA0, 0x70, 0x2B, 0xE7, 0x35, 0x92, 0x95, 0xAC, 0x65, 0xE1, 0x16, 0x81, 0x9A,
    0x72, 0x41, 0x86, 0xAC, 0x83, 0x92, 0x38, 0x5A, 0x9C, 0x6D, 0x43, 0xBB, 0x93, 0x76, 0x17, 0x31,
    0x9E, 0xF1, 0xE0, 0x98, 0x1E, 0x70, 0x30, 0x3B, 0x98, 0x99, 0x42, 0x66, 0xFA, 0x56, 0x97, 0x3E,
    0xC9, 0xC2, 0x35, 0x52, 0x5C, 0x7D, 0xDD, 0x97, 0x38, 0x09, 0x0C, 0x71, 0xAC, 0xF6, 0x6C, 0x1E,
    0xBC, 0x31, 0x4B, 0xCA, 0x3E, 0xFD, 0x06, 0x91, 0x53, 0x4C, 0x9F, 0xE9, 0xD0, 0xA6, 0xFE, 0x25,
    0x24, 0x00, 0xDE, 0x8E, 0xD0, 0xAA, 0xE9, 0x27, 0x7A, 0xDB, 0xD1, 0x09, 0x0A, 0x05, 0x5E, 0xED,
    0x2B, 0x61, 0x4F, 0x99, 0x64, 0x97, 0x1C, 0xFA, 0x15, 0xA0, 0x90, 0x36, 0x5F, 0x59, 0xDD, 0x5C,
    0x5C, 0x00, 0x69, 0xAD, 0x5E, 0x35, 0x03, 0x20, 0xB4, 0x36, 0x6F, 0xD7, 0x00, 0xC3, 0xA3, 0x23,
    0x32, 0x6B, 0xD3, 0xA3, 0xE6, 0x8D, 0x02, 0xBF, 0x12, 0x04, 0xF6, 0xA7, 0x4C, 0xB3, 0x9A, 0x17,
    0x41, 0x09, 0xA8, 0x36, 0x27, 0xB3, 0xBB, 0xCD, 0xE6, 0xF3, 0xE1, 0x51, 0xF3, 0x69, 0x58, 0xEC,
    0xEE, 0xF9, 0x66, 0xB3, 0xF9, 0x0C, 0x80, 0xBB, 0xF0, 0x1A, 0xBF, 0x24, 0x53, 0x57, 0x81, 0x33,
    0x00, 0x00, 0x07, 0xC0, 0x57, 0x80, 0x00, 0x88, 0x01, 0xE6, 0x00, 0x06, 0x70, 0x73, 0xC0, 0xD3,
    0xEF, 0x36, 0x27, 0x00, 0x11, 0xC0, 0x16, 0x70, 0x0C, 0xD0, 0xD1, 0x80, 0x9F, 0x7E, 0xAB, 0x7C,
    0x71, 0x53, 0x5E, 0xDC, 0x94, 0x2B, 0x60, 0x74, 0x53, 0x7E, 0xA3, 0xCE, 0x2D, 0x02, 0x7C, 0xD5,
    0x49, 0xBD, 0x34, 0x64, 0xCE, 0x87, 0xDC, 0x39, 0x64, 0x3F, 0xE6, 0x64, 0x65, 0xEB, 0xE7, 0x9B,
    0xCF, 0xEE, 0x6C, 0x36, 0x6A, 0x7F, 0xF3, 0x3B, 0xF5, 0x80, 0x0E, 0x4F, 0xF0, 0x98, 0x6E, 0x4E,
    0x79, 0xBC, 0xF9, 0x1C, 0x20, 0xF8, 0x32, 0xFF, 0xEE, 0x1F, 0x5F, 0xCD, 0x66, 0x33, 0xFA, 0xF4,
    0x1E, 0x05, 0x85, 0xD0, 0xA1, 0x3E, 0xD0, 0x6F, 0xAF, 0x1D, 0x31, 0x13, 0xC4, 0xD5, 0x73, 0x7E,
    0xDD, 0x3C, 0xD5, 0x36, 0xB2, 0x7D, 0x03, 0x57, 0x8D, 0x6C, 0x86, 0x1A, 0x2A, 0x99, 0x0B, 0xD3,
    0x29, 0x39, 0xE7, 0x16, 0x47, 0x38, 0x16, 0xAF, 0x46, 0x14, 0x48, 0x18, 0xF0, 0x3F, 0xDA, 0x6C,
    0x00, 0x45, 0x17, 0x99, 0x4A, 0x7D, 0x3F, 0xF5, 0xD5, 0x09, 0xC0, 0x6D, 0x20, 0xD0, 0xC8, 0xF0,
    0x54, 0x65, 0x52, 0xEA, 0x2C, 0x96, 0xE9, 0xF8, 0x70, 0x04, 0x7D, 0xE8, 0x26, 0x61, 0x2E, 0x73,
    0xA9, 0x65, 0xD9, 0x9C, 0xAF, 0xD1, 0x0B, 0xAC, 0x65, 0x8C, 0xE0, 0x90, 0x7D, 0x3E, 0x60, 0x8F,
    0x66, 0x5D, 0x84, 0xCD, 0xE0, 0xED, 0x19, 0x57, 0x37, 0x67, 0x44, 0x08, 0x15, 0x08, 0x26, 0x82,
    0x38, 0x20, 0x9A, 0xB0, 0x32, 0x59, 0xD1, 0xC9, 0x9B, 0x47, 0x03, 0xE0, 0xE4, 0x78, 0xF6, 0x4D,
    0x1A, 0xD8, 0xBF, 0xAA, 0x69, 0xB6, 0xE3, 0xC5, 0xAA, 0x02, 0x03, 0x00, 0x78, 0x29, 0x08, 0x7D,
    0x3D, 0xEE, 0x28, 0x9C, 0xDF, 0x7A, 0x69, 0x7B, 0xE3, 0x9A, 0x3B, 0x4E, 0x74, 0xBF, 0xE4, 0x18,
    0x60, 0x0A, 0x64, 0xC0, 0x12, 0x18, 0x00, 0x80, 0x5B, 0x79, 0x4A, 0xD8, 0x4F, 0xAE, 0xF3, 0x82,
    0x9A, 0xBE, 0xB3, 0xC6, 0x5D, 0x77, 0x11, 0xF5, 0x08, 0x69, 0x6B, 0xE6, 0x8D, 0xC6, 0xB1, 0x9F,
    0xE3, 0x38, 0xEC, 0x3F, 0xBB, 0x36, 0x01, 0x7A, 0x3D, 0x00, 0xF0, 0x5B, 0x17, 0x27, 0xA0, 0xED,
    0xFB, 0x4A, 0x4B, 0x2D, 0xF3, 0xEB, 0x38, 0x03, 0x68, 0x62, 0x17, 0xF2, 0x63, 0xBE, 0x38, 0x60,
    0x4D, 0x4F, 0xFD, 0x1F, 0xF0, 0x1E, 0x1D, 0xE0, 0x18, 0x12, 0x8E, 0x9B, 0xF8, 0x72, 0xFD, 0x36,
    0x33, 0x87, 0x83, 0x7C, 0xA6, 0xA0, 0x9F, 0xCF, 0xDA, 0xDD, 0x9C, 0x76, 0x17, 0x7A, 0xB8, 0x6D,
    0x95, 0x7A, 0x1F, 0x1E, 0x39, 0x5F, 0x3C, 0x25, 0xBD, 0xE6, 0xBC, 0xAE, 0xFA, 0x45, 0xFA, 0x38,
    0x7D, 0xDC, 0x28, 0xAE, 0x9A, 0x5E, 0x2B, 0xB6, 0x84, 0xA9, 0x57, 0x48, 0x55, 0x42, 0x6B, 0xE7,
    0x6A, 0xCE, 0x2B, 0xB6, 0xC4, 0xF4, 0x6E, 0x3C, 0x35, 0x0F, 0xBF, 0xDF, 0x7A, 0x2A, 0x67, 0x50,
    0x5F, 0xE1, 0x98, 0xBE, 0xFA, 0x79, 0x11, 0xEA, 0x20, 0x5D, 0x16, 0x8F, 0xD6, 0x3C, 0xBA, 0x6D,
    0x32, 0x95, 0xA9, 0xFB, 0x05, 0xB3, 0x35, 0xAF, 0x09, 0x8C, 0x6F, 0x96, 0xEA, 0x25, 0x09, 0xEB,
    0x0B, 0x4C, 0xF0, 0x55, 0xE9, 0xFF, 0xBD, 0x5A, 0x7A, 0x9F, 0xBE, 0x14, 0xFB, 0x7B, 0x88, 0xB4,
    0xA3, 0x3B, 0xDA, 0xD3, 0x92, 0x0F, 0xE8, 0x22, 0xAF, 0xBC, 0xE9, 0x9E, 0x82, 0x61, 0x1E, 0xFF,
    0xC5, 0xBF, 0x5C, 0x15, 0xEF, 0x2F, 0xBC, 0xEF, 0x81, 0xFF, 0xAB, 0x7C, 0xBA, 0xDB, 0xBE, 0x38,
    0x3C, 0x7C, 0xF1, 0xF4, 0x30, 0xBE, 0xD8, 0x8A, 0x2F, 0x8B, 0x07, 0x1C, 0x22, 0xCD, 0xE3, 0x82,
    0x9C, 0x14, 0x6E, 0x7E, 0x4F, 0x45, 0x0C, 0xF8, 0x69, 0x90, 0xE3, 0x5C, 0xD2, 0xB1, 0xD6, 0x16,
    0xF0, 0x33, 0xFB, 0x6F, 0x00, 0x80, 0x63, 0x80, 0x97, 0x0B, 0xA0, 0xA3, 0x43, 0xD5, 0x6C, 0xE1,
    0x7F, 0x73, 0xF4, 0xE3, 0x0A, 0xA7, 0xC9, 0x4C, 0xA1, 0xBB, 0x59, 0x83, 0x6C, 0xE6, 0x66, 0xD5,
    0x86, 0xD6, 0x04, 0x54, 0xD8, 0xCC, 0x4A, 0xF9, 0x6E, 0x99, 0x00, 0x00, 0x8E, 0xFD, 0x27, 0x78,
    0xA9, 0x6F, 0x1B, 0xEE, 0x80, 0xF0, 0xD7, 0x99, 0xB5, 0x97, 0x2C, 0x70, 0x32, 0x5B, 0x92, 0x80,
    0xF3, 0x5C, 0x01, 0x3F, 0xDC, 0xAD, 0x81, 0xFB, 0x4D, 0xAD, 0x02, 0xFB, 0xCD, 0xC6, 0x1A, 0xBC,
    0xAF, 0xE1, 0x76, 0xCD, 0x04, 0x60, 0xCA, 0x00, 0xA0, 0x0B, 0x80, 0x6A, 0xD9, 0xF5, 0x95, 0x4E,
    0x1B, 0x72, 0xC0, 0x05, 0x00, 0x47, 0x8D, 0x16, 0x87, 0xD1, 0x76, 0x6E, 0xB6, 0xFF, 0x2A, 0x4F,
    0x4E, 0x80, 0xC4, 0x5B, 0x3C, 0x7C, 0x12, 0x6F, 0x63, 0xA2, 0x5B, 0xA2, 0x00, 0x46, 0x7B, 0x83,
    0x38, 0x8A, 0xE6, 0xDB, 0x25, 0x4E, 0x32, 0x5A, 0x44, 0xE3, 0xC6, 0xC5, 0xA3, 0xED, 0x36, 0xCC,
    0x61, 0x70, 0x8B, 0x78, 0x4C, 0x14, 0xB5, 0x98, 0xCF, 0xF9, 0x43, 0xC5, 0xC9, 0x14, 0x80, 0xC4,
    0xFF, 0xF4, 0x61, 0x2F, 0x22, 0x7A, 0x47, 0x21, 0x19, 0x39, 0x3F, 0xF9, 0xB6, 0x8C, 0xD0, 0x78,
    0x29, 0xFE, 0x47, 0x88, 0x53, 0xC4, 0x0F, 0x18, 0x09, 0xC6, 0x23, 0xA2, 0x86, 0x2D, 0x48, 0x81,
    0xC1, 0x60, 0xC0, 0xF4, 0xE2, 0x9C, 0x38, 0x6E, 0xC9, 0x5B, 0xF6, 0x39, 0xDB, 0xED, 0x19, 0xE6,
    0xD5, 0x92, 0xE1, 0x20, 0xF8, 0xBD, 0xE8, 0xBD, 0xFD, 0x17, 0xC2, 0x51, 0xBE, 0x0A, 0x93, 0x77,
    0xAB, 0x50, 0xB5, 0xA7, 0x8A, 0x9E, 0x8C, 0xDF, 0x7B, 0xF8, 0xFF, 0xA3, 0x03, 0xB1, 0x16, 0x0A,
    0xBA, 0x8E, 0xF2, 0xFE, 0x8C, 0xFB, 0x0F, 0x30, 0xB8, 0x25, 0x7B, 0x0B, 0x3E, 0x9C, 0xF2, 0x1F,
    0xDD, 0x98, 0x3F, 0x8C, 0xE5, 0x56, 0x15, 0xC6, 0xAF, 0x9F, 0x93, 0xB1, 0x92, 0x27, 0x71, 0x29,
    0x20, 0x42, 0x8A, 0x12, 0x37, 0x28, 0x05, 0x51, 0xC6, 0x3D, 0xCC, 0xC4, 0x0E, 0x48, 0xA4, 0xA0,
    0xD9, 0x22, 0x2B, 0x8A, 0x34, 0xD4, 0x34, 0xD3, 0x52, 0x2C, 0xB1, 0x93, 0x86, 0x82, 0x82, 0x29,
    0xE8, 0x68, 0x52, 0x42, 0x28, 0x96, 0x22, 0xC5, 0x16, 0x11, 0x36, 0xA1, 0xA0, 0xA0, 0x88, 0x09,
    0x05, 0x65, 0x0C, 0x2C, 0x0A, 0x90, 0x22, 0x46, 0xF2, 0x82, 0x77, 0x64, 0xFB, 0x70, 0x7E, 0xE7,
    0x4C, 0x66, 0x32, 0x4B, 0x02, 0x8A, 0x20, 0xDA, 0x15, 0x4F, 0xEB, 0xEF, 0xCC, 0x3E, 0xDB, 0xF7,
    0x7E, 0xE7, 0x3B, 0x7F, 0xEE, 0xBD, 0x2F, 0x84, 0xCF, 0x57, 0x41, 0x3F, 0xC5, 0x00, 0xEE, 0x47,
    0x70, 0x37, 0x83, 0xE1, 0x86, 0xE1, 0x43, 0x86, 0x7C, 0x6A, 0x11, 0xA9, 0x42, 0x6B, 0xB8, 0x5F,
    0x43, 0xA1, 0x8F, 0x2F, 0x21, 0x07, 0xC1, 0x38, 0x87, 0x47, 0x14, 0x27, 0x9E, 0xCC, 0x0D, 0x8B,
    0x11, 0x2C, 0x45, 0x1A, 0xC3, 0x4A, 0xB1, 0xB7, 0x71, 0x3A, 0xB0, 0x35, 0x14, 0xC7, 0x26, 0x7C,
    0x36, 0x24, 0xFA, 0xC4, 0xA8, 0x18, 0x92, 0x31, 0xA4, 0x12, 0xB2, 0x21, 0x9C, 0x88, 0x48, 0x1F,
    0x14, 0xEC, 0xA9, 0xC3, 0x04, 0x8A, 0xED, 0xF3, 0xF3, 0x05, 0xBE, 0x94, 0xDA, 0x0C, 0xE1, 0xC1,
    0x60, 0xB8, 0xC7, 0x54, 0x11, 0x0C, 0x79, 0x23, 0x5D, 0x1D, 0x0E, 0xF5, 0xB5, 0x3C, 0x1C, 0x07,
    0xA9, 0x9E, 0x0C, 0x47, 0xFA, 0xDA, 0x13, 0x2A, 0xAD, 0x30, 0x5A, 0xEA, 0xB8, 0x3D, 0x76, 0x2D,
    0x84, 0x4C, 0x64, 0x35, 0x94, 0x06, 0x9E, 0xD2, 0xC1, 0xB3, 0x1E, 0xC0, 0x72, 0x80, 0xA7, 0xA2,
    0xF2, 0x74, 0xAC, 0x7B, 0xFE, 0x90, 0x4E, 0x1F, 0xD0, 0x91, 0x1E, 0x95, 0xB3, 0x42, 0x3D, 0x93,
    0xAD, 0x3C, 0x65, 0xBC, 0xE4, 0x05, 0x30, 0xCE, 0x60, 0xD1, 0x83, 0x2D, 0x90, 0xCC, 0x86, 0xD5,
    0x15, 0x95, 0xF4, 0x9E, 0x61, 0xB6, 0x86, 0x5A, 0x71, 0x09, 0x4F, 0x9A, 0x4A, 0x87, 0xF6, 0xFE,
    0x13, 0x86, 0xF7, 0xAA, 0xE4, 0x38, 0x80, 0xFF, 0x46, 0x25, 0x90, 0xA9, 0x92, 0x4B, 0x47, 0x55,
    0xA5, 0x3F, 0x2B, 0x8A, 0x2C, 0x3E, 0xBF, 0x7F, 0xD5, 0xE0, 0xF3, 0xA4, 0x83, 0xEB, 0xB4, 0x6D,
    0x93, 0x2E, 0xEA, 0x4F, 0x3A, 0xA7, 0x6B, 0xD8, 0x9D, 0xC6, 0xC5, 0xA7, 0x3E, 0x9F, 0xB9, 0x3C,
    0x7B, 0xAD, 0xF2, 0xE8, 0xD4, 0x7F, 0xBA, 0x1E, 0x90, 0xE0, 0x0A, 0x0C, 0xCE, 0x2D, 0x09, 0xC5,
    0x1C, 0xF6, 0x21, 0x4A, 0xF5, 0x52, 0x48, 0x6D, 0xAA, 0x5A, 0xB8, 0xAF, 0x0A, 0xFB, 0x27, 0x69,
    0x37, 0x75, 0x91, 0x40, 0x95, 0x9D, 0x7A, 0x51, 0x57, 0x51, 0x85, 0x0C, 0xB1, 0x57, 0x78, 0xE4,
    0x9C, 0xB9, 0x58, 0x82, 0xAD, 0x0C, 0xC8, 0xFF, 0xA3, 0x8C, 0x04, 0x0C, 0x36, 0xF5, 0x16, 0x78,
    0x59, 0x61, 0x47, 0x70, 0x83, 0xE8, 0x20, 0x0E, 0xAB, 0x92, 0x4C, 0x17, 0x7D, 0xF6, 0xA6, 0x72,
    0x80, 0xA4, 0x2B, 0x5D, 0xAB, 0x6B, 0xAD, 0x8E, 0x97, 0x6D, 0xE8, 0xCA, 0xE5, 0x9A, 0xC6, 0x09,
    0xD7, 0xDC, 0xB3, 0x92, 0x6B, 0x40, 0x4D, 0xB4, 0x74, 0x25, 0x85, 0xAB, 0x21, 0xD3, 0xF4, 0x42,
    0x3F, 0xA4, 0x52, 0xA2, 0x50, 0xD9, 0x37, 0xAF, 0x87, 0xFC, 0x6D, 0x0D, 0xF8, 0x9B, 0x3A, 0xDF,
    0xCB, 0x93, 0xBB, 0xF5, 0x29, 0xCD, 0x95, 0x90, 0xD7, 0x3B, 0x2B, 0x8C, 0x7C, 0x0E, 0x0A, 0xE3,
    0x45, 0x38, 0x06, 0x07, 0xD7, 0xDF, 0xC3, 0x2F, 0x06, 0x0D, 0x80, 0x00, 0x80, 0x25, 0x7A, 0x6A,
    0xB0, 0x01, 0xA8, 0x9A, 0x2D, 0xA8, 0x08, 0x44, 0x83, 0xF9, 0x6A, 0x9C, 0x6D, 0xCC, 0x8E, 0xF7,
    0x1B, 0x57, 0xDC, 0x83, 0x1B, 0xBC, 0xBE, 0x88, 0xA0, 0x5A, 0x26, 0x89, 0x55, 0x31, 0x05, 0x2C,
    0x6E, 0x31, 0x86, 0xBF, 0xAB, 0xD9, 0xEB, 0x89, 0x79, 0x7C, 0x9E, 0x9A, 0x47, 0xB0, 0xB3, 0x46,
    0x26, 0x42, 0x85, 0xDC, 0x52, 0x0B, 0x8F, 0x31, 0x91, 0xE7, 0x45, 0xC7, 0x53, 0x0B, 0xF5, 0x1D,
    0xB5, 0xA4, 0x4F, 0xA6, 0x7D, 0xBA, 0x61, 0xF7, 0x9D, 0xDB, 0xD8, 0x64, 0x2B, 0xF7, 0x4B, 0x38,
    0x4B, 0xF3, 0x94, 0xA8, 0x55, 0x8F, 0xCA, 0x55, 0x99, 0xE7, 0x6B, 0x28, 0x67, 0x08, 0x8D, 0xDA,
    0x39, 0x53, 0x91, 0x4D, 0x87, 0xFB, 0x50, 0x3C, 0xF8, 0x9E, 0x98, 0x10, 0x16, 0xE2, 0x12, 0xDD,
    0x73, 0x5C, 0x76, 0x3B, 0xB9, 0xFF, 0xC8, 0xCA, 0x7F, 0x0A, 0x2C, 0xB5, 0x8E, 0x2D, 0xEE, 0x5C,
    0xAF, 0xEF, 0x78, 0x5F, 0x12, 0x99, 0xAD, 0x00, 0xE4, 0x3D, 0xA9, 0x70, 0xAE, 0xED, 0xDA, 0x0E,
    0xE7, 0xA4, 0x51, 0x8F, 0x5B, 0xB3, 0xA3, 0x52, 0x54, 0xC5, 0xB1, 0xCD, 0x4E, 0x54, 0x09, 0xFD,
    0x8F, 0xDA, 0xBA, 0x4F, 0x04, 0xE9, 0xA5, 0xA3, 0x53, 0xAD, 0x99, 0x10, 0xDB, 0x9B, 0x8C, 0x27,
    0xF2, 0x37, 0xE5, 0x5B, 0xFD, 0x17, 0xFD, 0x6A, 0xFB, 0xD7, 0x7E, 0xD5, 0x3B, 0xE2, 0x43, 0xDD,
    0xE1, 0x4E, 0x0B, 0x9A, 0x7A, 0x03, 0x99, 0x51, 0x83, 0xDA, 0xAF, 0x12, 0xB9, 0x9D, 0xCB, 0xB6,
    0x13, 0x6B, 0x2F, 0xD7, 0x01, 0x9F, 0x21, 0x9B, 0xC1, 0xD8, 0x83, 0x25, 0x10, 0x3E, 0xF7, 0xE1,
    0xFC, 0x6E, 0x37, 0x53, 0x73, 0x45, 0xCB, 0xA2, 0x67, 0xDE, 0x32, 0x80, 0x96, 0xE9, 0xE9, 0x80,
    0x86, 0xB1, 0x41, 0xC1, 0x67, 0x2D, 0x9B, 0x16, 0x53, 0xCF, 0x71, 0x03, 0x7F, 0x2B, 0x8C, 0xF3,
    0xA6, 0x54, 0x24, 0xAC, 0x58, 0xEE, 0xB7, 0xBD, 0x62, 0x53, 0x8F, 0x01, 0xF1, 0x40, 0x12, 0x5D,
    0x1D, 0x8D, 0x2B, 0x4A, 0x65, 0xD2, 0x88, 0x98, 0x17, 0xDE, 0x56, 0xD5, 0x88, 0x99, 0xD0, 0xBA,
    0x29, 0x1A, 0x33, 0x59, 0x6F, 0x26, 0x54, 0xC0, 0x05, 0xDD, 0x52, 0x66, 0xF8, 0x16, 0x32, 0x41,
    0x38, 0x15, 0xB8, 0x12, 0x0C, 0x4C, 0xB6, 0x7A, 0xE4, 0xA1, 0xAE, 0x62, 0x2D, 0xB0, 0x4E, 0x64,
    0x86, 0xF6, 0xFE, 0x9D, 0x89, 0x4A, 0x2D, 0x72, 0x2B, 0xD6, 0xA5, 0x18, 0x61, 0x3E, 0x96, 0x6A,
    0xEA, 0x77, 0x08, 0x78, 0x68, 0x37, 0xCB, 0x70, 0x99, 0x2D, 0xC1, 0x85, 0x7C, 0xB0, 0x6A, 0x13,
    0x8C, 0x55, 0x60, 0x2A, 0x7C, 0x81, 0x07, 0x4F, 0xCB, 0x6D, 0x4A, 0xB9, 0x66, 0x68, 0xFB, 0xB0,
    0x6A, 0xFD, 0x4C, 0xA3, 0x38, 0xED, 0x7A, 0xC5, 0xED, 0x84, 0x4A, 0xF5, 0x9B, 0x0F, 0x5F, 0xB0,
    0xAF, 0x21, 0xDD, 0xD5, 0xD2, 0x17, 0xD2, 0x44, 0x65, 0x3E, 0x43, 0x37, 0x1D, 0xE1, 0x9E, 0x75,
    0xA6, 0x4E, 0xC5, 0xF8, 0x85, 0x95, 0xFB, 0x0D, 0xB0, 0x63, 0x84, 0xFA, 0x6D, 0x2B, 0xE0, 0x3F,
    0x76, 0xA0, 0x95, 0x68, 0x2E, 0xC1, 0xCB, 0x1C, 0x9C, 0xC1, 0x6C, 0x34, 0xEC, 0x09, 0xED, 0x49,
    0x63, 0x0F, 0x06, 0x70, 0x01, 0xF3, 0x11, 0x4C, 0x2E, 0xE3, 0x2D, 0x23, 0x02, 0x7A, 0x57, 0x63,
    0x29, 0xA7, 0x77, 0x78, 0x6F, 0x63, 0x38, 0x2E, 0x33, 0x13, 0x09, 0xC7, 0x85, 0x56, 0x7A, 0x61,
    0x4A, 0x5B, 0x2C, 0xF5, 0x42, 0x2B, 0xBD, 0xD0, 0x4A, 0x2F, 0xB4, 0xE2, 0xF2, 0xE8, 0xA3, 0x15,
    0x97, 0x98, 0x3F, 0x88, 0xA7, 0xD7, 0xCE, 0xBB, 0xA0, 0x37, 0x42, 0xFD, 0x0C, 0x01, 0x14, 0xB8,
    0xB5, 0x1E, 0xE7, 0xB2, 0x72, 0x63, 0x18, 0x8E, 0xDD, 0x1C, 0x85, 0x2B, 0x09, 0x9B, 0x0F, 0x97,
    0xCB, 0x65, 0x0B, 0x26, 0x02, 0xA6, 0x04, 0x37, 0x64, 0x6F, 0x81, 0xD1, 0x24, 0x39, 0xDC, 0x83,
    0x47, 0xD6, 0x10, 0x6F, 0x65, 0x0B, 0x01, 0x52, 0xA4, 0x0D, 0xE1, 0xEF, 0x5F, 0x7F, 0xAA, 0x18,
    0xAD, 0xD8, 0x8A, 0xEB, 0xDF, 0x54, 0x3C, 0x32, 0x62, 0x33, 0x2C, 0x93, 0x11, 0x4C, 0xC1, 0xEA,
    0x64, 0x0B, 0x4F, 0xA3, 0x54, 0x28, 0x75, 0x9A, 0x9A, 0xE7, 0x5B, 0x05, 0xE2, 0xF6, 0x12, 0x6A,
    0x1D, 0x03, 0x47, 0xA8, 0xA5, 0x30, 0x5D, 0x34, 0x5C, 0xEF, 0x2F, 0x2B, 0xCD, 0x85, 0x1A, 0xED,
    0x59, 0x11, 0x3B, 0x2B, 0x5B, 0xBD, 0x2F, 0x06, 0x4D, 0x31, 0x52, 0x1A, 0x0A, 0xEA, 0x7D, 0x2A,
    0x3B, 0x69, 0x4E, 0x68, 0x9F, 0x62, 0xBD, 0xB4, 0xA6, 0x83, 0xB4, 0x42, 0x82, 0xAF, 0xF9, 0xEA,
    0x8D, 0xD1, 0x20, 0xCE, 0xC0, 0x94, 0x6E, 0x3A, 0x91, 0xCE, 0x5C, 0x8C, 0xC5, 0xE8, 0x8B, 0xB7,
    0x43, 0x5F, 0x2B, 0xC9, 0x4E, 0xD9, 0xB4, 0x5D, 0xA4, 0x79, 0x00, 0x4D, 0x5C, 0x74, 0xA2, 0x7C,
    0xD6, 0x89, 0xCA, 0x29, 0x95, 0x44, 0x06, 0xD4, 0x6F, 0xF4, 0xBA, 0x7D, 0xDF, 0x37, 0x2B, 0xA5,
    0xD8, 0x5F, 0x85, 0x77, 0xE2, 0x74, 0x50, 0xC1, 0xD5, 0xD0, 0x53, 0xCD, 0xD8, 0xB6, 0x80, 0x65,
    0x82, 0x45, 0x29, 0x5B, 0x30, 0xBE, 0xC0, 0xE5, 0x4E, 0xEA, 0x19, 0xD7, 0xFC, 0xC8, 0xC9, 0xDD,
    0x70, 0x76, 0xDE, 0xE6, 0x13, 0x4F, 0xD3, 0xD4, 0xD3, 0x34, 0xEB, 0x8C, 0x61, 0x6C, 0x8C, 0x62,
    0xE1, 0x1C, 0xBF, 0x6B, 0x24, 0xA3, 0x18, 0x87, 0xDC, 0x0D, 0x1B, 0xBB, 0x9D, 0x1A, 0xC8, 0xCD,
    0x9E, 0x81, 0x93, 0x67, 0xE0, 0x18, 0xBE, 0xE3, 0xE6, 0x5B, 0x98, 0xD3, 0xFB, 0xBD, 0x5F, 0x2F,
    0xE5, 0x7B, 0xA2, 0xFF, 0x88, 0xFE, 0xD7, 0x65, 0x7B, 0x5E, 0x86, 0x90, 0xCE, 0x38, 0x8E, 0x64,
    0x2C, 0x15, 0x3B, 0x57, 0xA4, 0xEE, 0xAC, 0x25, 0x1C, 0x92, 0x79, 0x95, 0xC9, 0x28, 0x8D, 0xFA,
    0x8D, 0x22, 0xF2, 0x9C, 0x11, 0xDA, 0xFF, 0x46, 0xBE, 0x61, 0x3C, 0x50, 0xC0, 0x23, 0x6A, 0x45,
    0x09, 0x8F, 0x5F, 0x6E, 0x46, 0x3D, 0x95, 0xAF, 0xAD, 0xBE, 0xB4, 0x6E, 0xD9, 0xE2, 0xFA, 0xCF,
    0xFB, 0xC5, 0xC2, 0x52, 0x8E, 0x91, 0xB4, 0x84, 0x79, 0x9C, 0x29, 0x70, 0x8D, 0x20, 0x0D, 0xB7,
    0xD1, 0x67, 0x43, 0x31, 0xE1, 0x50, 0xAD, 0xDF, 0x6F, 0x55, 0xAD, 0x39, 0xD9, 0xEF, 0xD5, 0xED,
    0xC7, 0xBD, 0x61, 0xF2, 0xE4, 0x6A, 0x91, 0xA7, 0x75, 0xB0, 0xBC, 0xF2, 0xF8, 0x86, 0x56, 0xCF,
    0x00, 0xAE, 0x97, 0x49, 0xE4, 0x5D, 0x64, 0xE6, 0x0D, 0xBE, 0x3F, 0x10, 0xD7, 0xC8, 0xA4, 0x03,
    0xFA, 0x03, 0xA0, 0xA8, 0x18, 0xA7, 0x61, 0xCD, 0xEE, 0x95, 0x51, 0xBE, 0xB5, 0x8B, 0x3E, 0x2A,
    0xA7, 0xF4, 0xDF, 0x07, 0x78, 0xD9, 0xA0, 0x3C, 0x26, 0x16, 0x0E, 0x8D, 0x1F, 0x2B, 0x87, 0x2F,
    0x1D, 0x38, 0xB8, 0x82, 0x90, 0x7F, 0x90, 0x97, 0xBE, 0xFB, 0xBC, 0x79, 0xF0, 0x65, 0x24, 0x69,
    0xBD, 0x6B, 0xC6, 0x4A, 0x1F, 0x53, 0xE3, 0xF9, 0x93, 0xEB, 0x64, 0xBE, 0x6B, 0xC5, 0x1C, 0x7B,
    0xBB, 0x3A, 0xC2, 0x4D, 0x2F, 0x0C, 0xDB, 0xB1, 0xB6, 0x98, 0x11, 0x37, 0xA9, 0x33, 0x92, 0x6A,
    0x37, 0x04, 0x6B, 0x42, 0xBD, 0x75, 0xAD, 0x7D, 0xB7, 0xC3, 0xC4, 0x26, 0x35, 0xAE, 0x01, 0xF3,
    0x94, 0x98, 0xD4, 0x25, 0x7D, 0x59, 0x0D, 0x01, 0x39, 0x0D, 0xC5, 0xB0, 0xA3, 0x3A, 0x93, 0x8B,
    0x50, 0x71, 0x62, 0x5D, 0xF4, 0x56, 0x1F, 0xA2, 0x0A, 0x95, 0xA9, 0x2D, 0x24, 0xA8, 0xD5, 0x86,
    0x44, 0xB8, 0xDA, 0x31, 0xFC, 0x83, 0x78, 0xD5, 0x63, 0x62, 0xB6, 0x18, 0xD3, 0x5F, 0x13, 0xB1,
    0x62, 0xCC, 0x7E, 0xA0, 0xF6, 0x30, 0x9F, 0x6C, 0x15, 0x3B, 0xCE, 0xA7, 0x43, 0x9A, 0xC8, 0x51,
    0x9C, 0x8F, 0xF2, 0xD1, 0xEC, 0xEB, 0xB8, 0x75, 0x23, 0x2E, 0x16, 0xBE, 0x5B, 0x71, 0xEB, 0x71,
    0x6C, 0xDA, 0x4B, 0xC7, 0x81, 0x61, 0xDC, 0x0B, 0xAE, 0xE9, 0x52, 0xB7, 0x59, 0x08, 0x87, 0x6C,
    0xB1, 0xE0, 0x0D, 0xE9, 0x9C, 0xA8, 0x3D, 0xB9, 0x9B, 0x8E, 0x8F, 0x6B, 0x07, 0x96, 0x2D, 0xED,
    0x09, 0x02, 0xF1, 0x3B, 0x3F, 0xDF, 0xD4, 0x72, 0x9B, 0x08, 0x66, 0xE7, 0xB9, 0xB4, 0x60, 0x3E,
    0x38, 0xEB, 0x44, 0xCC, 0xC4, 0x5F, 0x48, 0x7B, 0x7E, 0xE8, 0x81, 0x8E, 0xB7, 0x0A, 0x33, 0x76,
    0xFA, 0x41, 0x64, 0xE6, 0x87, 0x4A, 0xDB, 0x79, 0x88, 0xCC, 0x40, 0xC2, 0x0F, 0x43, 0x5E, 0xCD,
    0xFC, 0x75, 0xB9, 0x19, 0x18, 0x4E, 0x3C, 0xA5, 0x5A, 0x99, 0x2E, 0x8F, 0xB0, 0x5B, 0x85, 0x5C,
    0x0C, 0x5F, 0x0C, 0xF0, 0x68, 0x89, 0x81, 0xBD, 0x69, 0xC7, 0x1D, 0x69, 0xF6, 0x0B, 0x08, 0x29,
    0xD1, 0xB5, 0x15, 0xB4, 0x5C, 0x69, 0x1C, 0xEB, 0x81, 0x5E, 0x54, 0xF7, 0x4C, 0x01, 0x6E, 0x20,
    0xC9, 0x79, 0x7E, 0xF6, 0x77, 0x17, 0x20, 0xCB, 0xFA, 0x48, 0x73, 0xB9, 0x69, 0x7B, 0x2D, 0x8D,
    0xA5, 0x9F, 0x6B, 0xF9, 0xDB, 0xDC, 0x6B, 0x31, 0x83, 0xC6, 0xFC, 0x13, 0xEC, 0x94, 0xCA, 0xFF,
    0xD9, 0x4E, 0x09, 0x71, 0x5E, 0x45, 0x1C, 0x93, 0xA2, 0x96, 0x33, 0xEA, 0x84, 0xBF, 0xD9, 0x1A,
    0x18, 0x91, 0x74, 0x33, 0x14, 0xD8, 0xEC, 0xC0, 0x09, 0xCC, 0x27, 0xBE, 0x29, 0x48, 0x04, 0xEB,
    0xD2, 0x10, 0xA9, 0x3D, 0x56, 0xD0, 0x90, 0xBB, 0x1F, 0xB5, 0x5E, 0x27, 0x9F, 0xF0, 0xC7, 0x85,
    0xF8, 0x9F, 0x7E, 0x5C, 0xB8, 0x3C, 0x79, 0x02, 0x9F, 0xFC, 0xC7, 0x85, 0xAB, 0xA7, 0xA8, 0xB6,
    0xAF, 0x7D, 0x29, 0xE3, 0x14, 0xD5, 0xE8, 0x29, 0x4A, 0x65, 0x7B, 0xC2, 0x59, 0xDF, 0x7B, 0x96,
    0x32, 0x5C, 0x41, 0x52, 0x19, 0x81, 0xAE, 0xEE, 0x98, 0x2F, 0xD6, 0xE6, 0xF1, 0x9E, 0x6D, 0xCD,
    0x81, 0x9C, 0x71, 0x53, 0xE4, 0xC1, 0xD8, 0xAF, 0x63, 0xAF, 0x5F, 0x57, 0x44, 0x72, 0x4C, 0xD2,
    0xDE, 0xC1, 0x98, 0x82, 0x7C, 0x27, 0xD6, 0xBD, 0xE5, 0x7D, 0x25, 0x26, 0x8D, 0xBC, 0xAC, 0x62,
    0xAD, 0xAA, 0x4A, 0xDB, 0xF9, 0x86, 0x6F, 0x28, 0xC7, 0x9D, 0x1A, 0xED, 0x15, 0xE9, 0xA6, 0xA6,
    0x1E, 0xD2, 0x15, 0xD3, 0x63, 0x86, 0x9A, 0xEE, 0xD0, 0xF6, 0x25, 0xE5, 0x45, 0x09, 0xB1, 0xB9,
    0xAC, 0xE2, 0x12, 0xA7, 0x9C, 0xC1, 0xDE, 0xDF, 0xA8, 0xC6, 0x9A, 0xC3, 0xAC, 0x69, 0xE3, 0xB3,
    0x62, 0x88, 0x0A, 0xE6, 0x61, 0x27, 0x96, 0xCB, 0xA2, 0xDD, 0x47, 0xCD, 0x1C, 0xA5, 0xD1, 0x30,
    0x74, 0xBB, 0xD9, 0xA4, 0xA0, 0xF7, 0xEB, 0xF0, 0xB1, 0xB1, 0xD7, 0x9F, 0x0D, 0x98, 0xE9, 0x16,
    0x26, 0xDF, 0x46, 0x4C, 0x94, 0xCE, 0x1D, 0x0B, 0x97, 0x91, 0x23, 0x0B, 0x30, 0xA5, 0xDF, 0x9B,
    0xDB, 0x9E, 0x5B, 0xCA, 0xDF, 0x9A, 0xB1, 0x99, 0x22, 0x58, 0x9B, 0x7F, 0xC3, 0xF4, 0xD4, 0xB9,
    0x22, 0x7B, 0xF8, 0xCD, 0xBA, 0x70, 0x2D, 0x41, 0xA4, 0xBF, 0xF7, 0x8C, 0xB3, 0xF7, 0x33, 0xCE,
    0xFE, 0x3E, 0x9C, 0x71, 0xA6, 0x8B, 0x33, 0x0E, 0xFC, 0xDD, 0xA4, 0xC3, 0x15, 0xD3, 0xBB, 0xE9,
    0xCC, 0x24, 0x8D, 0x7A, 0x3E, 0xD7, 0x32, 0x17, 0x32, 0x69, 0x53, 0x4C, 0x05, 0x75, 0x48, 0xB7,
    0xD5, 0xFE, 0x59, 0x63, 0x76, 0x3F, 0xBC, 0x2D, 0x7B, 0x57, 0xCE, 0x15, 0x17, 0x98, 0x47, 0xA2,
    0xAB, 0xAF, 0xBC, 0xCF, 0xAA, 0x28, 0x26, 0xC5, 0x63, 0x3F, 0x84, 0xFC, 0xC7, 0xD6, 0xFA, 0xCE,
    0xB0, 0x90, 0xDB, 0x3C, 0xE2, 0x01, 0xFF, 0xBB, 0xC8, 0x5B, 0x7E, 0x2A, 0xF8, 0x83, 0xC8, 0xF7,
    0x65, 0x0B, 0x97, 0x7B, 0x39, 0x26, 0x2E, 0x7C, 0x9D, 0xF4, 0x56, 0xCA, 0xDB, 0xD6, 0x4E, 0x19,
    0x0D, 0x36, 0x75, 0x8F, 0x04, 0x30, 0x6A, 0x7D, 0x1B, 0xCF, 0xE3, 0x9D, 0xAF, 0x9E, 0xBC, 0x48,
    0x4D, 0xFA, 0x8B, 0xEA, 0x09, 0xDA, 0x26, 0xC2, 0x50, 0xC8, 0xBB, 0x13, 0x8B, 0xA8, 0xBF, 0x48,
    0x6C, 0xEC, 0x45, 0x86, 0x82, 0xB1, 0xBA, 0x4F, 0x59, 0x24, 0xF6, 0x62, 0x61, 0x7F, 0x39, 0x07,
    0x04, 0x77, 0x0E, 0xE7, 0x9A, 0x0B, 0x15, 0x8C, 0xE1, 0x13, 0xFE, 0x3F, 0x3C, 0x92, 0x2B, 0x1E,
    0xF9, 0x67, 0xBB, 0xF8, 0x8B, 0xDA, 0xBA, 0x3C, 0x33, 0xFB, 0xE7, 0xE8, 0x23, 0xFE, 0xFA, 0xA2,
    0x95, 0xEE, 0x4A, 0x77, 0xD3, 0xA4, 0x79, 0x59, 0x9D, 0x3E, 0xC4, 0xB7, 0x63, 0xDC, 0x3A, 0xBA,
    0xF7, 0x87, 0x44, 0x56, 0x88, 0x48, 0x0A, 0xC5, 0xB9, 0xA0, 0x48, 0xE2, 0xA2, 0x74, 0x8D, 0x69,
    0x46, 0xF3, 0x30, 0x50, 0xBA, 0x75, 0xCF, 0x22, 0xD0, 0x21, 0xCA, 0x2F, 0xDA, 0xFE, 0x71, 0xDA,
    0x75, 0x79, 0x7E, 0xB4, 0xD4, 0x62, 0x92, 0x85, 0x22, 0x54, 0x3B, 0x23, 0x39, 0xD9, 0x66, 0xDA,
    0x30, 0x2B, 0x96, 0x39, 0xD1, 0xC5, 0xEC, 0xC4, 0x92, 0x86, 0xD0, 0x7E, 0x8F, 0x9C, 0xC4, 0x96,
    0x2C, 0x00, 0x33, 0x12, 0xB7, 0x3D, 0xCF, 0x94, 0x7D, 0x39, 0xF2, 0x4C, 0xAD, 0xC7, 0x68, 0x54,
    0x6B, 0xD5, 0x96, 0x6A, 0x05, 0x3B, 0x04, 0x3B, 0x59, 0x97, 0xBD, 0x6F, 0x1D, 0x35, 0xF5, 0xED,
    0x7C, 0xDD, 0xD2, 0xAD, 0x0F, 0xA4, 0x92, 0x0E, 0x41, 0x57, 0xB6, 0x40, 0x6C, 0x19, 0x4B, 0x59,
    0x9C, 0xA7, 0x91, 0x84, 0x21, 0x53, 0x3B, 0x38, 0xB1, 0xCB, 0x43, 0x3D, 0x7C, 0x9C, 0x8C, 0x31,
    0x31, 0x1A, 0xC6, 0xE1, 0xE3, 0x0F, 0xF5, 0xCC, 0x78, 0x79, 0xA8, 0xF7, 0xCF, 0xCE, 0x36, 0xE4,
    0x67, 0x2A, 0x7D, 0xDB, 0x14, 0x43, 0x10, 0x26, 0xD8, 0x98, 0xEF, 0x19, 0x64, 0x47, 0x01, 0x60,
    0x3B, 0x07, 0x5E, 0x4E, 0x00, 0x16, 0x8F, 0x0B, 0x98, 0x2D, 0x09, 0x0F, 0x90, 0xA4, 0xA8, 0x42,
    0x6D, 0xA7, 0x1E, 0xE5, 0x43, 0x3E, 0x9D, 0xB5, 0x94, 0xFF, 0x56, 0xF9, 0xC1, 0xE1, 0xEA, 0x6F,
    0xD8, 0xAB, 0xB9, 0xC9, 0x6F, 0xF4, 0x8C, 0x5D, 0xF6, 0xC5, 0xC8, 0xBC, 0xA4, 0xA8, 0xDA, 0xD4,
    0x1A, 0x4C, 0x9C, 0xFD, 0x38, 0x11, 0xA7, 0x38, 0x91, 0x84, 0x28, 0x8C, 0x55, 0x45, 0xB1, 0xB8,
    0x3F, 0x9C, 0xDB, 0xDE, 0x07, 0x61, 0xB0, 0x55, 0x39, 0xA8, 0xD5, 0x57, 0x5B, 0xB5, 0x8C, 0x27,
    0x58, 0x13, 0x44, 0x95, 0x2F, 0xD1, 0xA4, 0xA6, 0x89, 0x26, 0xE2, 0x85, 0x62, 0x23, 0xA7, 0xE7,
    0x9B, 0x79, 0x65, 0xEC, 0xBB, 0x2C, 0x27, 0x9C, 0x98, 0x39, 0x68, 0x11, 0xDA, 0x56, 0x1F, 0x34,
    0xEB, 0x59, 0x06, 0x7C, 0x4B, 0xEB, 0xC3, 0x07, 0x1F, 0x5D, 0x0D, 0x83, 0xBB, 0xB1, 0x68, 0xED,
    0x30, 0xB6, 0x27, 0xE2, 0xBD, 0xF7, 0x30, 0x2E, 0xA0, 0xD2, 0x7E, 0xD1, 0x42, 0xBB, 0xF9, 0x09,
    0x76, 0x41, 0x46, 0xE5, 0x66, 0x01, 0x6E, 0x07, 0xAF, 0x44, 0xD2, 0xD8, 0xFC, 0x53, 0x53, 0xAC,
    0x07, 0xB2, 0x71, 0x2B, 0x8A, 0xD8, 0x60, 0xAF, 0x34, 0x7E, 0x5C, 0x95, 0x8A, 0xA2, 0xF7, 0x7A,
    0x27, 0x7E, 0x1C, 0x4F, 0x6C, 0x95, 0x1D, 0x52, 0x14, 0xD1, 0x5B, 0x75, 0xAF, 0xB7, 0xEA, 0x2E,
    0x02, 0xB9, 0x42, 0xFF, 0x15, 0x2D, 0xE6, 0xDF, 0xBF, 0xBB, 0x5C, 0x2B, 0xE4, 0x57, 0x1A, 0x81,
    0x8D, 0x32, 0xA8, 0xF4, 0x8C, 0xCF, 0xA7, 0xD1, 0xEB, 0x45, 0xD2, 0x14, 0xC5, 0xFC, 0x17, 0x85,
    0x55, 0x27, 0x3B, 0xBB, 0xC6, 0x76, 0x83, 0x35, 0x0F, 0xB7, 0x32, 0xFD, 0xFE, 0x90, 0x44, 0x3D,
    0x5E, 0xE8, 0x10, 0x68, 0x57, 0xB3, 0xA2, 0xB7, 0x3D, 0xD0, 0x5D, 0x80, 0xF6, 0x14, 0x05, 0x02,
    0xD1, 0xD0, 0x3F, 0x1A, 0xF5, 0xAA, 0xE8, 0x4A, 0x0D, 0xC9, 0x99, 0x7C, 0x70, 0x7C, 0x76, 0x91,
    0xDB, 0x53, 0xAB, 0xCD, 0x2D, 0xDD, 0xD2, 0x25, 0x95, 0xFD, 0x94, 0x6E, 0x51, 0x6B, 0x9B, 0x9F,
    0x93, 0x4A, 0xD9, 0x28, 0xE0, 0x86, 0xFC, 0x50, 0x17, 0xE6, 0x52, 0xDD, 0x28, 0xFB, 0x38, 0xE7,
    0xAA, 0xD4, 0x7E, 0x6B, 0xFB, 0x44, 0x36, 0x4F, 0xAE, 0x93, 0xBB, 0x3A, 0xA2, 0x74, 0x99, 0xC6,
    0xE6, 0x20, 0x68, 0x2A, 0xDB, 0xA5, 0x73, 0x11, 0x81, 0x93, 0xDB, 0x96, 0xC8, 0x7C, 0xE3, 0x9B,
    0x7F, 0xAE, 0x5D, 0x90, 0x3E, 0x0F, 0xB5, 0xBA, 0xB7, 0x97, 0xC1, 0x7F, 0xD0, 0x7B, 0xF8, 0x05,
    0x85, 0x9A, 0xDB, 0x5F, 0x6E, 0x47, 0xAF, 0x3B, 0xEF, 0x41, 0x36, 0x8A, 0x2F, 0x51, 0xBC, 0xBD,
    0xBF, 0xAB, 0xD0, 0x8A, 0x8E, 0xB1, 0xA5, 0x6C, 0xFC, 0x13, 0x69, 0xA2, 0x97, 0x9B, 0x86, 0x81,
    0x56, 0x1D, 0x1C, 0xFA, 0xDD, 0x16, 0x7C, 0x73, 0xA3, 0x11, 0xA0, 0x3F, 0xB1, 0x9E, 0xE7, 0x7D,
    0x88, 0x6B, 0x5B, 0x51, 0x7A, 0x4C, 0x79, 0xE9, 0xFF, 0x1C, 0xB6, 0x6C, 0x55, 0xFF, 0x57, 0xF5,
    0x7F, 0x75, 0xFF, 0xB5, 0x85, 0xDC, 0x69, 0x7B, 0x4E, 0xA6, 0xE5, 0x5F, 0xAE, 0x85, 0xDA, 0x57,
    0x7F, 0xD2, 0xE1, 0x34, 0x9F, 0xD3, 0x7E, 0xAF, 0x0C, 0x12, 0x59, 0x7D, 0x90, 0x93, 0x3E, 0xF9,
    0x89, 0x1D, 0xFB, 0xE6, 0x74, 0x4D, 0x64, 0xC9, 0x7E, 0xA7, 0x43, 0x65, 0xE3, 0x9A, 0xED, 0xB6,
    0x6C, 0x89, 0xDD, 0x1B, 0x4A, 0x5E, 0x07, 0xEC, 0x5E, 0x55, 0xBB, 0x9F, 0x4B, 0xA2, 0x2C, 0x71,
    0x52, 0x16, 0x44, 0x5A, 0x24, 0x5C, 0xDA, 0xDD, 0x5A, 0x0C, 0x66, 0x97, 0xA2, 0x57, 0xFB, 0x50,
    0x3A, 0x97, 0xD8, 0xE3, 0x6C, 0x2C, 0x3B, 0x09, 0xCD, 0xCF, 0x63, 0x5F, 0x77, 0xED, 0x2B, 0x5D,
    0xDD, 0x56, 0x6D, 0x53, 0xAA, 0xCB, 0x64, 0x5E, 0xBE, 0x9D, 0xD7, 0x89, 0xC7, 0x21, 0x15, 0xE9,
    0xF6, 0x63, 0x39, 0x44, 0xCD, 0xDF, 0x4C, 0x2F, 0x67, 0x5D, 0x37, 0x1C, 0x4E, 0x39, 0xA7, 0x7A,
    0x04, 0xEA, 0xEE, 0x0B, 0x7A, 0xBD, 0xA1, 0x11, 0x59, 0x29, 0xCC, 0x1F, 0x6D, 0xDE, 0xD2, 0x34,
    0x04, 0x5F, 0xFA, 0x71, 0xF8, 0x76, 0x55, 0x2F, 0x3A, 0x70, 0x04, 0xD0, 0xD7, 0xCF, 0x12, 0xFE,
    0x4B, 0xE3, 0x98, 0xAE, 0xC0, 0xA2, 0xDE, 0xA2, 0x6A, 0x1F, 0x81, 0x7C, 0xA6, 0xF3, 0x4C, 0x0A,
    0x37, 0x15, 0xDE, 0x7D, 0x6B, 0xD6, 0xAC, 0x89, 0xD2, 0x17, 0x73, 0x26, 0x70, 0xB3, 0xE4, 0x26,
    0xA2, 0xCD, 0x67, 0x42, 0xC8, 0xBB, 0xA3, 0xA0, 0x39, 0xC8, 0x99, 0x05, 0x22, 0x4C, 0xC9, 0xE7,
    0xD3, 0x99, 0xF7, 0xD1, 0xD7, 0x9E, 0x7B, 0xED, 0xD5, 0x5C, 0xBE, 0x2A, 0xD4, 0x64, 0x1B, 0x14,
    0xE6, 0xB0, 0xDB, 0x76, 0x43, 0xD0, 0x18, 0x37, 0x0A, 0x25, 0x2C, 0x58, 0x87, 0x84, 0x5E, 0x35,
    0xB7, 0x0A, 0xAC, 0x1B, 0x71, 0xB4, 0x03, 0x61, 0xEE, 0xC7, 0x1A, 0x16, 0x38, 0xA9, 0x74, 0x2D,
    0x6F, 0xAB, 0x7F, 0x02, 0xC5, 0x59, 0x01, 0xA4, 0x26, 0x59, 0x76, 0x3E, 0x55, 0x35, 0xF3, 0x4A,
    0xBA, 0xC8, 0x1D, 0x4C, 0x82, 0x7D, 0xD9, 0x2E, 0x08, 0xA2, 0x93, 0x99, 0x82, 0x45, 0xF0, 0xBA,
    0x6F, 0xCD, 0x74, 0x62, 0xB0, 0xD8, 0xC6, 0x8E, 0x21, 0xB0, 0x20, 0xC4, 0x40, 0x43, 0x30, 0x62,
    0x66, 0xAA, 0x66, 0x67, 0x25, 0x18, 0xF4, 0x83, 0x80, 0x45, 0x1A, 0x1D, 0x7A, 0xDE, 0x32, 0xBD,
    0x48, 0xE8, 0xF0, 0xD2, 0xF7, 0x76, 0x37, 0x19, 0x34, 0xA6, 0x76, 0x27, 0x0B, 0x82, 0xAD, 0x9D,
    0x8C, 0xDD, 0x64, 0x47, 0xF4, 0x4D, 0xF6, 0xB6, 0xAD, 0xEE, 0xA9, 0xAA, 0x93, 0xEF, 0xBB, 0xF5,
    0xFF, 0xAD, 0x27, 0x43, 0x96, 0x35, 0x63, 0xEF, 0xBC, 0xFA, 0xCE, 0xFD, 0x5F, 0xDD, 0x77, 0xEE,
    0x39, 0xDF, 0x39, 0xF7, 0x9C, 0xDB, 0xFF, 0xC8, 0xC1, 0xC9, 0xC9, 0x35, 0x31, 0xAA, 0x93, 0x48,
    0xAC, 0xA3, 0x48, 0xA8, 0xC3, 0x06, 0xD9, 0xD0, 0x8C, 0x52, 0x78, 0x3B, 0x6C, 0x50, 0xF6, 0x9D,
    0x97, 0xAA, 0x75, 0x5E, 0x8C, 0xB8, 0x5E, 0x2E, 0x88, 0xB6, 0xD9, 0x02, 0xB0, 0xB3, 0xE8, 0x77,
    0x6C, 0x10, 0x5D, 0x9A, 0x41, 0x20, 0x45, 0x32, 0x81, 0xD2, 0x5E, 0xCE, 0x5D, 0x85, 0xDA, 0x41,
    0x5C, 0x10, 0xD1, 0x31, 0xD3, 0x11, 0x22, 0x14, 0x3A, 0x50, 0x54, 0xD0, 0x92, 0xDD, 0x0F, 0x35,
    0x34, 0x16, 0x1F, 0xC4, 0x23, 0x07, 0x71, 0x6F, 0xBA, 0xA9, 0xBD, 0x94, 0xEF, 0x4C, 0x41, 0x5B,
    0xA9, 0x5E, 0xD2, 0x41, 0x45, 0x4C, 0xA1, 0x6F, 0x41, 0x5C, 0x28, 0x34, 0x57, 0xC9, 0x96, 0x62,
    0x29, 0x56, 0xB1, 0x73, 0x3E, 0xE5, 0xFA, 0xAC, 0x0D, 0x59, 0xC8, 0x75, 0xC2, 0x96, 0x83, 0x40,
    0x27, 0xC7, 0x53, 0x72, 0xE6, 0xA4, 0xFD, 0xCA, 0x71, 0x0D, 0x93, 0x46, 0xAC, 0xB7, 0x03, 0xA0,
    0xF3, 0xF9, 0x2A, 0xCE, 0x17, 0x0B, 0x4C, 0x06, 0x68, 0x5B, 0xAA, 0xAA, 0x54, 0x04, 0x33, 0xE5,
    0x80, 0x08, 0x95, 0x26, 0xE0, 0x55, 0x4D, 0x68, 0x42, 0xB1, 0x3E, 0x63, 0xC7, 0x42, 0x23, 0x1C,
    0x56, 0x9F, 0x94, 0x4A, 0xAE, 0xC7, 0x22, 0x0D, 0xF9, 0x51, 0x2C, 0x2E, 0xE6, 0x0C, 0x0A, 0x26,
    0xA8, 0x32, 0x51, 0xB4, 0x6F, 0x02, 0xC0, 0x8E, 0x09, 0x32, 0x6D, 0xB7, 0x4D, 0x07, 0xDA, 0x39,
    0x14, 0xB3, 0xD8, 0x11, 0x2B, 0x9B, 0x50, 0x8F, 0x52, 0x2D, 0xE0, 0x2C, 0xA3, 0x12, 0x79, 0x5A,
    0x04, 0x96, 0xC2, 0xAE, 0x5A, 0x6B, 0xED, 0x73, 0x7D, 0x53, 0x7D, 0xAE, 0xA3, 0x03, 0xF8, 0xCE,
    0x17, 0x4A, 0x73, 0x57, 0x98, 0x5B, 0xCE, 0xD8, 0xA3, 0x02, 0xC0, 0xD2, 0x0C, 0x10, 0x69, 0x2E,
    0xEC, 0x93, 0x9A, 0xB0, 0xB3, 0x34, 0xDF, 0x2C, 0x1D, 0x92, 0xA5, 0xF9, 0xC9, 0x5B, 0xB7, 0xA4,
    0xD4, 0x77, 0x48, 0xFA, 0x7B, 0xA0, 0xDD, 0xFD, 0x43, 0x03, 0x18, 0x11, 0x54, 0xF5, 0x06, 0xD0,
    0xD6, 0x11, 0x8A, 0x6A, 0xF0, 0x96, 0xFE, 0x5C, 0xE0, 0xE8, 0xB2, 0xD9, 0xE9, 0x3C, 0x77, 0x93,
    0x6A, 0xC6, 0x2F, 0xCC, 0x7A, 0x39, 0x32, 0x1F, 0x7A, 0xAC, 0xBC, 0x24, 0x00, 0x81, 0xF7, 0x23,
    0xC0, 0x26, 0xE0, 0x56, 0xDD, 0x23, 0x80, 0x53, 0x80, 0x64, 0xEE, 0x38, 0x71, 0xA3, 0xC5, 0x02,
    0x66, 0x96, 0x6A, 0xCA, 0x26, 0x13, 0xA4, 0x6D, 0x02, 0xD7, 0x73, 0xF9, 0xF6, 0x74, 0x94, 0xFC,
    0x1C, 0xC4, 0xD7, 0x53, 0xE9, 0x2B, 0xE8, 0xCF, 0x74, 0x21, 0x19, 0xE4, 0x02, 0xE1, 0x69, 0xC9,
    0x06, 0xC2, 0x4E, 0x3E, 0xAE, 0x38, 0x38, 0x36, 0xEA, 0x64, 0x61, 0x6A, 0xEF, 0x46, 0x06, 0x04,
    0x2E, 0x40, 0xAC, 0xE4, 0x79, 0x48, 0xB6, 0x76, 0xBE, 0x9A, 0x33, 0x0A, 0xC4, 0x91, 0x74, 0x99,
    0x98, 0xE2, 0x0B, 0x86, 0x66, 0x7A, 0x4A, 0x41, 0x37, 0xB9, 0xF6, 0x4F, 0x10, 0x06, 0x88, 0xD9,
    0x0E, 0x88, 0x46, 0x17, 0x84, 0x23, 0xC3, 0xB6, 0x62, 0x7A, 0xB3, 0xE5, 0x49, 0xDB, 0x30, 0x82,
    0xD5, 0x40, 0x22, 0x06, 0xAA, 0xF6, 0x0C, 0x5D, 0x0F, 0x73, 0x0D, 0x19, 0x38, 0x2B, 0xA0, 0xFF,
    0x08, 0x30, 0xBD, 0x26, 0x20, 0x09, 0x1A, 0xCA, 0x15, 0x0E, 0x15, 0xEA, 0x99, 0x1D, 0xD4, 0xB6,
    0x02, 0x64, 0x26, 0x44, 0x3C, 0xF9, 0x08, 0xA8, 0xF1, 0xD2, 0xAA, 0x00, 0xE6, 0x3D, 0x83, 0x99,
    0xEC, 0xC6, 0xEF, 0xB4, 0x80, 0x52, 0x23, 0x97, 0x7D, 0xC4, 0xD7, 0xD6, 0x4F, 0x40, 0xD7, 0x5F,
    0x02, 0x6A, 0x2B, 0x44, 0xAE, 0x78, 0xA4, 0x97, 0x7B, 0xE9, 0x54, 0x35, 0x64, 0x5A, 0xE8, 0xDF,
    0xCD, 0x05, 0x02, 0x54, 0xCE, 0x26, 0x96, 0x90, 0x26, 0x54, 0xC0, 0x66, 0x34, 0x53, 0xB1, 0xD8,
    0x01, 0xEE, 0xCF, 0x40, 0xF8, 0xDB, 0xF9, 0x3A, 0x54, 0x40, 0xBC, 0x89, 0x1D, 0x48, 0xAB, 0x83,
    0x1D, 0xD2, 0x7F, 0xC1, 0x79, 0xD7, 0xD7, 0xAA, 0x3F, 0x5D, 0x61, 0xBE, 0x72, 0xF3, 0x4B, 0xFA,
    0xA7, 0xFB, 0xAD, 0x24, 0x23, 0x9A, 0x62, 0x01, 0x36, 0xE5, 0x04, 0xAC, 0xEF, 0x8F, 0x42, 0x47,
    0x5B, 0xBE, 0x3C, 0xE9, 0x0F, 0xAE, 0x15, 0x0A, 0xFD, 0xD2, 0x8D, 0x16, 0x2B, 0xC2, 0x29, 0x16,
    0x3F, 0x0C, 0x00, 0x1D, 0xE8, 0x49, 0x4B, 0x36, 0xE8, 0x39, 0xA1, 0xD4, 0x9E, 0x2F, 0xE0, 0xFF,
    0x79, 0xC6, 0x1D, 0x61, 0x94, 0x3C, 0x34, 0x51, 0x2E, 0x7B, 0x83, 0x48, 0xB5, 0x46, 0xDB, 0x73,
    0xD7, 0xE5, 0xD5, 0xB6, 0x63, 0xA0, 0x0C, 0x81, 0x91, 0x7C, 0xE2, 0x3C, 0xF2, 0x28, 0x12, 0x66,
    0xB0, 0x86, 0xF8, 0xC1, 0x2D, 0x42, 0x3D, 0x09, 0xDC, 0x89, 0x80, 0x1B, 0x80, 0x9F, 0x7D, 0x10,
    0x07, 0xAB, 0x46, 0xC7, 0x66, 0x2A, 0x97, 0x21, 0x6B, 0x25, 0xF7, 0x3B, 0xCE, 0x93, 0x31, 0x75,
    0x22, 0x7E, 0x22, 0xB4, 0x80, 0xAF, 0x89, 0x9C, 0x7B, 0x17, 0x5B, 0x5A, 0x26, 0x50, 0x99, 0xEA,
    0x00, 0xB7, 0x4C, 0x50, 0xCD, 0xC8, 0x1F, 0x92, 0x48, 0x98, 0xA5, 0x5A, 0x6F, 0xCC, 0xF0, 0x45,
    0x11, 0x95, 0x57, 0xBF, 0x41, 0x05, 0x26, 0x3E, 0x86, 0xA9, 0xDD, 0x39, 0x9C, 0x7C, 0x95, 0x67,
    0x04, 0x7E, 0x9C, 0xB4, 0xE7, 0x8E, 0x93, 0x27, 0x30, 0x93, 0xEA, 0xAC, 0x87, 0xC2, 0xCF, 0xE5,
    0x65, 0x5F, 0xEF, 0xF3, 0x92, 0x7B, 0xC2, 0x2F, 0x2E, 0xA2, 0x67, 0x53, 0x2A, 0x15, 0x4D, 0x2C,
    0x17, 0x7A, 0x17, 0x0C, 0x85, 0x06, 0xA4, 0x4C, 0xF7, 0xCB, 0x0F, 0x1E, 0xFE, 0x72, 0x79, 0x86,
    0x3E, 0xDE, 0xD5, 0x50, 0xCF, 0xA5, 0x66, 0xEA, 0xB3, 0x16, 0x9B, 0x3E, 0xF5, 0xE5, 0x6F, 0xFB,
    0xB5, 0x6D, 0xDB, 0xB8, 0x6D, 0xFB, 0xFD, 0xB4, 0xAD, 0x04, 0xE1, 0x28, 0x47, 0x62, 0xA6, 0x03,
    0x45, 0xA5, 0x9E, 0x02, 0x61, 0xE5, 0xA8, 0x87, 0x24, 0xBE, 0xCA, 0x23, 0x7D, 0x72, 0x55, 0x6A,
    0xD5, 0x20, 0xCD, 0xDF, 0x5E, 0x1E, 0xD0, 0x2B, 0xB0, 0xE0, 0x88, 0x59, 0xF5, 0x4C, 0xC3, 0x35,
    0xEE, 0xE7, 0x88, 0x17, 0x33, 0xB0, 0x58, 0x0E, 0x17, 0x56, 0x9D, 0xC7, 0xD1, 0xDF, 0xA7, 0x40,
    0x35, 0x97, 0x8C, 0x02, 0x2A, 0x91, 0x38, 0x66, 0x53, 0x76, 0x09, 0xE1, 0xB8, 0x2E, 0x72, 0x72,
    0xDD, 0x21, 0x30, 0x3A, 0x19, 0x60, 0x1D, 0xCD, 0xC4, 0xC8, 0x30, 0x36, 0x75, 0x30, 0x41, 0x58,
    0x69, 0x1F, 0xFD, 0xBD, 0xD8, 0xB1, 0x51, 0xF5, 0x48, 0xF8, 0xB1, 0x0B, 0x16, 0xB2, 0xE6, 0x31,
    0x00, 0x2F, 0xCE, 0x83, 0x9D, 0xA8, 0xBD, 0xF5, 0x75, 0x00, 0xE2, 0xBD, 0x7E, 0xA7, 0x7E, 0xA8,
    0xDE, 0x2D, 0xB9, 0x2E, 0x62, 0x23, 0x6B, 0x51, 0x46, 0x6E, 0x05, 0xC4, 0x0A, 0x77, 0xA8, 0x28,
    0xB9, 0x07, 0x77, 0x78, 0xF4, 0x2E, 0x3D, 0x1A, 0x9A, 0xD0, 0x05, 0x12, 0x98, 0x1E, 0x9F, 0x64,
    0xC4, 0x8E, 0xC1, 0x3C, 0x64, 0x05, 0xDF, 0x2A, 0x9A, 0x5C, 0x9E, 0x98, 0x42, 0xAD, 0xE1, 0x4A,
    0x8F, 0x22, 0x84, 0x1D, 0x77, 0x5A, 0xA2, 0x58, 0x45, 0xFA, 0x2A, 0xAD, 0x4D, 0x35, 0xF2, 0x0F,
    0x10, 0xBA, 0x53, 0x71, 0xED, 0x92, 0x21, 0x6C, 0xDF, 0x9D, 0xA4, 0xA1, 0xBB, 0x97, 0x48, 0x61,
    0x9B, 0xB3, 0x06, 0x6B, 0xDB, 0x68, 0x04, 0x5B, 0xAC, 0xB0, 0x10, 0x05, 0x03, 0x98, 0xAF, 0x15,
    0x5B, 0x02, 0x6A, 0x40, 0xCC, 0xB4, 0x45, 0x11, 0x08, 0x10, 0xA5, 0x2A, 0x04, 0x7B, 0x1B, 0xBB,
    0x1F, 0x0D, 0x23, 0xAD, 0x11, 0x62, 0x11, 0x1A, 0x02, 0x42, 0xEB, 0x60, 0x51, 0x14, 0x48, 0x53,
    0x60, 0xAF, 0x1E, 0xD1, 0x94, 0x5A, 0xA4, 0xC1, 0xD6, 0x96, 0x60, 0x39, 0xE1, 0x40, 0x1F, 0xE1,
    0x77, 0x0C, 0x9D, 0xFA, 0x5D, 0x1F, 0x25, 0xF8, 0x94, 0x5C, 0xD8, 0xC6, 0xF5, 0xE2, 0x06, 0x6D,
    0x61, 0x18, 0xA0, 0xF9, 0x54, 0xE1, 0xC3, 0x47, 0x00, 0xBD, 0xB3, 0x4A, 0xA6, 0x17, 0x57, 0xF8,
    0x5D, 0xA0, 0x3B, 0xC3, 0xCA, 0xA9, 0x8B, 0xA2, 0x43, 0x96, 0x5A, 0xE8, 0xD3, 0x70, 0xA8, 0xC2,
    0x26, 0x05, 0x6B, 0xDD, 0x2D, 0x3C, 0xCD, 0x56, 0x0D, 0x9F, 0xEC, 0x20, 0x6B, 0xB9, 0xB0, 0xBC,
    0x55, 0x48, 0x5C, 0x96, 0x31, 0x18, 0x19, 0xED, 0x03, 0x37, 0x58, 0x45, 0xA6, 0xFE, 0xE7, 0xA5,
    0xAD, 0x83, 0xF0, 0x09, 0x72, 0x5C, 0x4F, 0xC5, 0xF0, 0x64, 0x07, 0x49, 0xA3, 0xEE, 0x67, 0x69,
    0xFC, 0x8A, 0x07, 0xFE, 0xCA, 0x4D, 0xE1, 0xF8, 0x22, 0xF5, 0x17, 0x1A, 0xA8, 0x6C, 0xDF, 0x04,
    0x0F, 0xDC, 0xA3, 0x63, 0x92, 0x8D, 0xA9, 0xE3, 0x21, 0xD0, 0x9E, 0xF0, 0xD2, 0x0A, 0x68, 0xF8,
    0x97, 0xFF, 0xC4, 0xAE, 0x3E, 0xA0, 0x97, 0x6B, 0x4F, 0x48, 0x75, 0x67, 0xDF, 0xD0, 0xAB, 0xCF,
    0x35, 0xF4, 0x65, 0x6B, 0x55, 0x76, 0x24, 0x0C, 0xD5, 0x67, 0xEB, 0xCE, 0x13, 0x2D, 0xD8, 0xC3,
    0x1E, 0x65, 0x15, 0x5A, 0xE8, 0x59, 0x2B, 0xC4, 0x6F, 0x6E, 0x49, 0xDA, 0xD0, 0x12, 0x7C, 0x9C,
    0x76, 0x2F, 0x98, 0x86, 0x0F, 0x79, 0xCC, 0xD0, 0xD2, 0xDC, 0x70, 0x40, 0x05, 0x7C, 0xA8, 0x23,
    0x57, 0xBC, 0xFB, 0x58, 0xCA, 0x85, 0xBF, 0xA1, 0xFD, 0x34, 0x9F, 0x4F, 0x8E, 0x88, 0xD5, 0xD2,
    0xE9, 0x02, 0xCF, 0xF0, 0xE2, 0xD9, 0x5F, 0xD1, 0xE0, 0x1F, 0x5D, 0x4B, 0xD9, 0x6C, 0xC7, 0xFF,
    0xBF, 0xC1, 0xCB, 0xE1, 0xDA, 0x8A, 0x43, 0x5A, 0xCE, 0x65, 0x28, 0xA6, 0x22, 0x94, 0x53, 0xD6,
    0x97, 0x2B, 0x19, 0x1D, 0x25, 0xAD, 0xE9, 0xE0, 0x52, 0xA9, 0x9E, 0x96, 0x9C, 0x85, 0x1F, 0x16,
    0x31, 0xB4, 0xAD, 0xED, 0x9B, 0x9F, 0x32, 0x9D, 0xA7, 0x64, 0x07, 0x1F, 0x85, 0xE1, 0x2D, 0x6D,
    0xBF, 0x2E, 0x69, 0xF0, 0xAC, 0x76, 0x33, 0x4F, 0x6A, 0x05, 0x9C, 0x48, 0x56, 0x1D, 0xF8, 0xD3,
    0x8C, 0x0C, 0x91, 0x65, 0x27, 0x4F, 0x3F, 0xB7, 0xD9, 0x88, 0x9B, 0x89, 0xBC, 0x64, 0xD2, 0x9A,
    0xF7, 0x43, 0xF3, 0x6F, 0xB1, 0xB9, 0x17, 0xCE, 0xBC, 0x78, 0xFC, 0x6B, 0xEB, 0xA1, 0x63, 0xBB,
    0xAB, 0x0D, 0xBD, 0x87, 0xED, 0x5F, 0x91, 0xFD, 0xE0, 0xD9, 0xE5, 0xC1, 0x25, 0xCF, 0xDB, 0x43,
    0x67, 0x97, 0xED, 0x29, 0xFF, 0x4F, 0x5D, 0x31, 0x61, 0x0B, 0xF0, 0x67, 0x6E, 0x4C, 0x7E, 0x53,
    0xE9, 0x18, 0x94, 0xED, 0x76, 0x71, 0x38, 0xE3, 0xE3, 0xB8, 0x3F, 0xA3, 0x27, 0xEF, 0x5D, 0x83,
    0x30, 0x3C, 0xA5, 0x18, 0xB1, 0x49, 0x22, 0xEC, 0x04, 0xB5, 0x48, 0x36, 0x50, 0x11, 0x6F, 0xEE,
    0x3F, 0xBF, 0x46, 0xD1, 0x29, 0x39, 0xEE, 0xDD, 0x6D, 0xE5, 0x25, 0x3E, 0x5D, 0x59, 0x8D, 0x68,
    0x0B, 0x71, 0x21, 0x89, 0x6C, 0xA1, 0x18, 0xEC, 0x8C, 0x4D, 0x9D, 0x47, 0x14, 0x2D, 0xC8, 0x6F,
    0x86, 0x8D, 0xFF, 0x8D, 0xFE, 0x33, 0xEC, 0x39, 0x42, 0xC7, 0x68, 0x1F, 0xEB, 0xC1, 0x26, 0x1C,
    0x05, 0x1B, 0x6B, 0x72, 0x50, 0x5B, 0x88, 0xF5, 0x65, 0x7D, 0x99, 0x9D, 0x18, 0x63, 0x92, 0x6A,
    0xFD, 0x9E, 0x7E, 0x4F, 0x85, 0x3D, 0x27, 0xD3, 0x7D, 0x63, 0x32, 0x21, 0x89, 0x3A, 0x89, 0x96,
    0xD7, 0xD1, 0x5C, 0xE9, 0xBF, 0x7E, 0x77, 0x26, 0x05, 0x8D, 0x8E, 0xC2, 0x71, 0xE9, 0x4B, 0x3C,
    0x7C, 0xBF, 0xE2, 0x36, 0x8D, 0x01, 0x1F, 0xE0, 0x0B, 0xA0, 0x8A, 0x80, 0xC6, 0x03, 0xDE, 0x7C,
    0xC2, 0x2A, 0x30, 0xF2, 0xC2, 0xC9, 0xD5, 0x5A, 0x5F, 0xD4, 0x40, 0x1A, 0x04, 0x30, 0x81, 0x89,
    0x7C, 0x64, 0x65, 0xEE, 0x01, 0x36, 0x71, 0xD0, 0xD2, 0x52, 0x0F, 0xFF, 0x1D, 0x20, 0x92, 0x78,
    0x46, 0xAA, 0x0E, 0x35, 0x2B, 0xB1, 0x49, 0x87, 0x9E, 0xD4, 0x67, 0xAE, 0xDD, 0xEE, 0x85, 0x75,
    0xD8, 0xEF, 0x98, 0xCF, 0x00, 0x79, 0x83, 0x40, 0x7B, 0x38, 0xBE, 0x88, 0x9B, 0xD3, 0xD4, 0xB2,
    0xBD, 0x0F, 0xCD, 0x54, 0xAA, 0xA4, 0xD6, 0xBE, 0x15, 0xE3, 0x62, 0x2C, 0x90, 0x22, 0xC1, 0xF0,
    0xD2, 0x77, 0xCA, 0xC8, 0x8E, 0xBC, 0xA9, 0x4A, 0x1A, 0xBF, 0xB1, 0xDB, 0xF2, 0x17, 0xEA, 0xEF,
    0x2B, 0xF4, 0x77, 0x84, 0xBF, 0xE5, 0xB8, 0xDF, 0xA4, 0x1B, 0x00, 0xAE, 0x05, 0xFC, 0xB3, 0x60,
    0x7C, 0x5F, 0xF6, 0x83, 0x11, 0x40, 0xD3, 0x9C, 0x6C, 0x52, 0xBB, 0xE8, 0xC2, 0x38, 0xAD, 0xC5,
    0x0A, 0x21, 0xCC, 0x55, 0x84, 0x70, 0xCD, 0x92, 0x58, 0x20, 0x10, 0x33, 0x9A, 0x07, 0x31, 0x25,
    0x91, 0x87, 0x24, 0x8A, 0x11, 0xC2, 0xC6, 0xD2, 0x0B, 0x12, 0x31, 0x22, 0x27, 0xF4, 0x2D, 0x8D,
    0xB5, 0x88, 0xBE, 0xFD, 0x41, 0x3C, 0x8F, 0x7D, 0xDF, 0xB9, 0x12, 0x6F, 0x42, 0xFC, 0x38, 0x5D,
    0xA5, 0xDD, 0x6C, 0xD4, 0x43, 0x4C, 0x46, 0x5B, 0x88, 0x60, 0x56, 0x81, 0xF0, 0xA9, 0x19, 0x74,
    0x7D, 0x85, 0x15, 0x87, 0xC3, 0xC1, 0x35, 0x39, 0x75, 0x28, 0xA2, 0xD9, 0xFA, 0xAD, 0x08, 0xAF,
    0x6F, 0x15, 0x13, 0xF0, 0x8D, 0x62, 0x46, 0xA6, 0xBC, 0x9E, 0x13, 0x4F, 0x73, 0x14, 0x69, 0x89,
    0xD9, 0x82, 0xFF, 0x42, 0xB6, 0xE4, 0x4B, 0x31, 0x64, 0x4B, 0xB9, 0xC2, 0x82, 0xE5, 0xEC, 0x6A,
    0x44, 0xD6, 0xD7, 0xD6, 0xE7, 0x80, 0x61, 0xC5, 0xBE, 0xEA, 0x19, 0x62, 0x9E, 0x0E, 0x46, 0x83,
    0xBB, 0x59, 0xB8, 0xC9, 0x6A, 0xCF, 0x68, 0xED, 0x72, 0xDF, 0xA8, 0x6A, 0x4F, 0x68, 0xEB, 0x72,
    0x36, 0xED, 0x73, 0xD5, 0x6C, 0x18, 0x5A, 0x01, 0xE8, 0x43, 0x49, 0x57, 0x22, 0x90, 0x60, 0x23,
    0xA3, 0x3F, 0x81, 0x9C, 0x14, 0x01, 0x40, 0xE7, 0x01, 0xCE, 0x9B, 0x09, 0xEA, 0x9B, 0x08, 0xE8,
    0xC6, 0x3F, 0xA4, 0x2A, 0xAB, 0xFA, 0x31, 0xA2, 0xCA, 0xCB, 0xA0, 0x5D, 0x18, 0xF1, 0x72, 0xF9,
    0x94, 0x08, 0x66, 0x5A, 0xA0, 0x60, 0x5E, 0x91, 0x51, 0x31, 0x73, 0x4E, 0x8C, 0x85, 0xEA, 0x08,
    0x26, 0xF5, 0xC6, 0xDC, 0x20, 0xD0, 0xC5, 0xCA, 0x1E, 0x99, 0xAB, 0x1D, 0x12, 0xFA, 0x12, 0xBF,
    0xE9, 0x7C, 0xB1, 0x94, 0x0B, 0xAF, 0x5F, 0x2E, 0xC2, 0x97, 0x0E, 0xCF, 0x13, 0x87, 0x94, 0xA3,
    0x63, 0x19, 0xD2, 0x88, 0x09, 0xC0, 0x7D, 0xB2, 0x26, 0xD7, 0x4A, 0x6E, 0x03, 0x64, 0xF0, 0x38,
    0x99, 0x59, 0x77, 0x57, 0xA6, 0x2C, 0x19, 0xB9, 0x46, 0x2F, 0xB1, 0x80, 0x23, 0xE5, 0x1A, 0x47,
    0xCD, 0x0B, 0x33, 0x47, 0xA3, 0x18, 0xA9, 0x1A, 0x71, 0x12, 0x38, 0xA1, 0xE7, 0x1C, 0xBC, 0x18,
    0x52, 0x92, 0x81, 0x6D, 0xE2, 0xF6, 0x13, 0x25, 0x27, 0x1C, 0xDA, 0xB3, 0x05, 0xB0, 0xBA, 0xB7,
    0x70, 0x39, 0xF7, 0x92, 0x03, 0x75, 0xA8, 0x7B, 0x69, 0xC0, 0x8E, 0x53, 0x15, 0x40, 0xDC, 0x4C,
    0xDE, 0x97, 0x5F, 0x39, 0x77, 0x22, 0x99, 0x1B, 0xEC, 0x2A, 0x46, 0x67, 0xDE, 0xDB, 0x2F, 0x2E,
    0xE5, 0x8C, 0x28, 0x03, 0x91, 0x03, 0x73, 0x35, 0x21, 0x51, 0x2E, 0x99, 0x68, 0xC2, 0x16, 0x33,
    0xB8, 0x45, 0x64, 0x6C, 0x52, 0xE3, 0x27, 0xDA, 0xA1, 0x21, 0xF2, 0x36, 0x7A, 0xCC, 0xF8, 0x14,
    0xA9, 0x44, 0xAA, 0x87, 0xBB, 0x2E, 0x39, 0x98, 0xB5, 0xC4, 0x32, 0x12, 0x37, 0x9B, 0xED, 0x4C,
    0xEC, 0x12, 0xFE, 0x62, 0x01, 0xE4, 0x1F, 0x11, 0x8B, 0x3B, 0x5C, 0x6F, 0xBE, 0xAD, 0xC0, 0x3A,
    0x23, 0x5A, 0x25, 0x3A, 0x65, 0xEE, 0xFE, 0xCF, 0x0C, 0x8D, 0xC5, 0x87, 0x93, 0xEB, 0xA5, 0xBC,
    0x1B, 0x59, 0xF6, 0x5E, 0x0A, 0x9D, 0x97, 0xE7, 0xAB, 0xD0, 0x0D, 0xF2, 0xBA, 0x19, 0xED, 0x20,
    0x93, 0x19, 0x50, 0x6F, 0x43, 0x3D, 0xD8, 0xD0, 0xCC, 0xF5, 0x6D, 0x5D, 0xBA, 0xB9, 0xB9, 0xAB,
    0x2B, 0xF4, 0xB3, 0xB9, 0x27, 0x9A, 0x6A, 0x6E, 0x74, 0x81, 0xFB, 0xFC, 0x23, 0x9B, 0xE0, 0x08,
    0x28, 0xFC, 0x56, 0x4D, 0x7B, 0x3A, 0xE7, 0xE5, 0xE8, 0x16, 0xB4, 0xDE, 0x5C, 0x50, 0x3B, 0xC3,
    0x6C, 0xC7, 0xE2, 0x07, 0xC8, 0x90, 0xEA, 0x0E, 0xE0, 0x32, 0xB6, 0x5E, 0xDD, 0xBF, 0x3F, 0xD0,
    0x35, 0x05, 0x9C, 0xE7, 0x1B, 0x93, 0x91, 0xBC, 0x33, 0xF2, 0xBB, 0x5A, 0x54, 0xCE, 0x78, 0xDC,
    0x6E, 0x62, 0x2C, 0x26, 0x3C, 0x6A, 0xCF, 0xDB, 0x61, 0x6B, 0xCC, 0x47, 0xE4, 0x8A, 0x93, 0xD8,
    0x6C, 0x2D, 0x3A, 0x0B, 0x80, 0x2D, 0xF2, 0x1A, 0xE8, 0x30, 0x47, 0x24, 0xAB, 0x52, 0xDB, 0x2B,
    0x13, 0x89, 0x95, 0xF3, 0x69, 0x02, 0xAB, 0x4E, 0xED, 0xD7, 0x67, 0x46, 0x5E, 0x62, 0x47, 0xF5,
    0xDA, 0xE7, 0xA3, 0xE3, 0x04, 0x01, 0xF7, 0x2B, 0xEF, 0x01, 0x2A, 0xA6, 0x5F, 0x60, 0x0B, 0x4B,
    0x49, 0x36, 0x17, 0x40, 0xFD, 0x89, 0xDE, 0x99, 0x6B, 0x1D, 0x9C, 0xFE, 0x42, 0xEF, 0xCE, 0x56,
    0x07, 0x04, 0x5C, 0xCE, 0xF5, 0x62, 0x57, 0x66, 0x0E, 0x12, 0x95, 0x29, 0x42, 0x63, 0x8B, 0xFB,
    0x23, 0x85, 0xA9, 0x03, 0x2D, 0x3E, 0x6B, 0x02, 0xCD, 0x3C, 0xC2, 0x63, 0xB6, 0x86, 0x5B, 0x53,
    0xCC, 0x6C, 0x6A, 0xF7, 0x7E, 0x06, 0x31, 0x56, 0xDF, 0xF8, 0x70, 0x61, 0x59, 0x34, 0x77, 0x57,
    0xD8, 0x78, 0x54, 0xDF, 0x61, 0xEB, 0x3E, 0x6D, 0x10, 0x3C, 0xF7, 0x2F, 0x8B, 0x7D, 0x47, 0x47,
    0xBD, 0xB2, 0xDA, 0x6F, 0xE9, 0xB8, 0xF9, 0x34, 0xED, 0x05, 0xDB, 0x7F, 0x01, 0x47, 0xA9, 0x9F,
    0xE4, 0x44, 0x69, 0x18, 0x79, 0xD4, 0x98, 0x54, 0xC3, 0xF3, 0x00, 0x21, 0x5A, 0x79, 0x0A, 0xFB,
    0x63, 0xE2, 0x81, 0x23, 0xC1, 0xD2, 0xA5, 0xBF, 0xCE, 0xB5, 0x66, 0xAA, 0x94, 0x73, 0x33, 0xAE,
    0x24, 0xB2, 0x19, 0x94, 0x34, 0x5A, 0xAF, 0x64, 0xCA, 0x7A, 0xC7, 0xFB, 0x4D, 0xD7, 0x23, 0x36,
    0x8A, 0x00, 0x75, 0x2D, 0xB8, 0xD0, 0xB6, 0xF3, 0xCD, 0x5C, 0xE9, 0x68, 0x63, 0x37, 0xD4, 0x1A,
    0xE0, 0x5D, 0x76, 0x72, 0x72, 0x72, 0x1D, 0xBA, 0xA8, 0x32, 0xD3, 0x97, 0x5F, 0x09, 0x8C, 0xA6,
    0xE9, 0xA9, 0xE2, 0x02, 0x73, 0x64, 0x9C, 0x80, 0xD5, 0xA7, 0x03, 0x6F, 0x07, 0xDC, 0xD5, 0x7C,
    0xBA, 0x52, 0x3F, 0xF8, 0x43, 0x4E, 0x5F, 0x9C, 0x11, 0x12, 0x45, 0x0D, 0x47, 0x81, 0xA8, 0xA6,
    0xC6, 0xF3, 0xAB, 0x93, 0x7A, 0xBC, 0x1C, 0xBA, 0xD5, 0x20, 0x37, 0x75, 0x3D, 0x98, 0x99, 0x1F,
    0x54, 0xAE, 0x9E, 0x09, 0x52, 0x6C, 0x33, 0x46, 0x65, 0x15, 0x7A, 0x9B, 0x22, 0x26, 0x74, 0x98,
    0xB3, 0xAE, 0xA7, 0xCF, 0x4C, 0x12, 0xA8, 0xF2, 0xFB, 0xEB, 0x5B, 0xDD, 0x72, 0x46, 0x7E, 0xDE,
    0xD8, 0x35, 0xEF, 0x62, 0x89, 0xFB, 0x12, 0xC1, 0x12, 0x49, 0x3A, 0x39, 0xFC, 0x96, 0x2A, 0x51,
    0x77, 0xB7, 0x70, 0x7B, 0x7B, 0x35, 0x21, 0x25, 0x8B, 0xFB, 0x36, 0x67, 0xCC, 0x16, 0xCD, 0x97,
    0x2A, 0x30, 0x5D, 0x78, 0xDB, 0x2E, 0x63, 0xCA, 0x97, 0x19, 0xB3, 0x29, 0x25, 0x4C, 0x2C, 0xA7,
    0x62, 0x4A, 0x19, 0x03, 0x6A, 0xD8, 0xF4, 0xF4, 0x23, 0xF5, 0x37, 0xD6, 0x17, 0xB5, 0x47, 0xCE,
    0x80, 0x3E, 0x6D, 0x9D, 0x47, 0xD2, 0x9C, 0x03, 0x67, 0xAD, 0x5D, 0xB9, 0x6F, 0xBA, 0xF8, 0x34,
    0x0F, 0x5E, 0x7E, 0x93, 0x0E, 0x60, 0x8F, 0x09, 0x12, 0x3F, 0xE5, 0x40, 0x37, 0xF2, 0x05, 0xB6,
    0xD3, 0x74, 0x45, 0xEF, 0x33, 0xCA, 0xD1, 0x4A, 0x0D, 0x74, 0xF7, 0x83, 0xB0, 0xD8, 0xDA, 0xF7,
    0xA3, 0xA4, 0xAF, 0x91, 0xDE, 0x9E, 0x98, 0x3F, 0xA3, 0x7B, 0x7B, 0x4E, 0xA1, 0xD3, 0x8B, 0xAC,
    0xEF, 0x60, 0x90, 0x5F, 0xDC, 0xBD, 0xAF, 0x95, 0xFE, 0x40, 0x7B, 0xBD, 0x32, 0x19, 0x1D, 0xE1,
    0x4C, 0x36, 0x1E, 0x20, 0x1A, 0x13, 0x0F, 0xCD, 0x85, 0x5B, 0x28, 0xC2, 0x9C, 0x64, 0x6E, 0xE1,
    0xBF, 0xA0, 0xC9, 0xB2, 0xC7, 0x67, 0xE5, 0xAE, 0x8E, 0xF0, 0x3C, 0x81, 0x2C, 0x02, 0x58, 0xA1,
    0x32, 0xED, 0xE5, 0xCC, 0x0D, 0x90, 0x06, 0x5D, 0xE9, 0x1F, 0x0E, 0x80, 0x0C, 0x56, 0x91, 0x9C,
    0xCF, 0x42, 0x0F, 0xE0, 0x8B, 0x12, 0x4B, 0xFE, 0x2C, 0xD5, 0xCA, 0xB5, 0x65, 0xC6, 0x42, 0x8F,
    0xA4, 0x7B, 0xDA, 0x61, 0x14, 0xFB, 0x82, 0xCE, 0x70, 0x08, 0x90, 0xBF, 0x2B, 0xDC, 0x47, 0x5A,
    0xA8, 0xA3, 0xAC, 0x7C, 0xD7, 0x4A, 0xF1, 0x13, 0x6D, 0xA1, 0x9D, 0xF7, 0x49, 0x42, 0x77, 0x9F,
    0xD1, 0x66, 0xE4, 0x97, 0x8C, 0x41, 0x27, 0x80, 0xA3, 0xDD, 0x65, 0xAC, 0x61, 0x6A, 0x9F, 0xE3,
    0x3A, 0x9A, 0xCC, 0x84, 0xD8, 0x43, 0x35, 0xED, 0xE2, 0xFE, 0xBB, 0x3C, 0x9E, 0xA9, 0x29, 0xFE,
    0xEB, 0x66, 0x06, 0xE1, 0xB0, 0xA7, 0x19, 0x81, 0x66, 0x04, 0x98, 0x51, 0x50, 0x41, 0xAA, 0xA8,
    0x8D, 0xCE, 0xCD, 0x4A, 0x31, 0xD9, 0x65, 0xFB, 0xEE, 0x66, 0xA8, 0xD2, 0x77, 0x37, 0x3E, 0x5D,
    0x91, 0xDD, 0xEE, 0x8A, 0xBC, 0xFF, 0x2A, 0xF3, 0xF1, 0x57, 0x38, 0x5C, 0x04, 0x81, 0x45, 0x33,
    0x45, 0x28, 0x27, 0x26, 0x61, 0x00, 0x85, 0xD5, 0xC3, 0x26, 0x38, 0xF6, 0x12, 0xD6, 0x7D, 0x98,
    0xC3, 0xAF, 0x59, 0x68, 0x83, 0xDF, 0x76, 0xA4, 0x20, 0x71, 0x49, 0x68, 0x12, 0x87, 0xFA, 0x1F,
    0x14, 0x56, 0x67, 0xE0, 0x7E, 0xC4, 0x3D, 0x64, 0x01, 0x90, 0x13, 0x8A, 0x04, 0xA3, 0x1C, 0x8E,
    0xE5, 0x0F, 0x47, 0x9D, 0xAA, 0x7B, 0xD3, 0x8D, 0xD9, 0xDC, 0x9B, 0xAB, 0xD9, 0xF8, 0xC5, 0x4C,
    0x75, 0x7F, 0x1E, 0xC7, 0xBB, 0x7F, 0xBE, 0x0E, 0xB6, 0xFD, 0x2A, 0x40, 0x9E, 0x6B, 0xC6, 0x4E,
    0xFE, 0xC8, 0x8E, 0x4E, 0x8E, 0xEC, 0xB0, 0xCA, 0x5F, 0xDA, 0x71, 0x91, 0x60, 0xFF, 0x7B, 0x29,
    0x7D, 0xAD, 0x8B, 0x6B, 0x2B, 0x46, 0x24, 0x53, 0x3D, 0x06, 0x81, 0xD3, 0x8E, 0xDE, 0x27, 0xF2,
    0xA0, 0x26, 0x34, 0xFB, 0x8C, 0xD8, 0x0F, 0xF2, 0x4F, 0xD7, 0xA6, 0x7D, 0x3B, 0xB6, 0x9E, 0xF1,
    0x57, 0xD6, 0x46, 0x7E, 0xE4, 0x57, 0xD8, 0xFB, 0x9E, 0x8B, 0xE2, 0xF1, 0xE0, 0x1A, 0xB0, 0x49,
    0x27, 0xC2, 0xAE, 0x4E, 0xD5, 0xDB, 0x50, 0x12, 0x47, 0xF9, 0x73, 0x6D, 0x81, 0xE0, 0x1B, 0x58,
    0xAC, 0xC4, 0x92, 0xB5, 0x12, 0x5A, 0xF9, 0xD3, 0xF0, 0x23, 0x49, 0xCA, 0xF5, 0x93, 0x25, 0x6D,
    0x3B, 0x3C, 0xBE, 0x4C, 0x1C, 0x20, 0xC3, 0x3A, 0x0D, 0xF9, 0x5A, 0xC1, 0xF3, 0x62, 0x31, 0x98,
    0xA1, 0x87, 0xA9, 0xFD, 0x51, 0xAE, 0x9D, 0x7E, 0xB2, 0xBA, 0x4F, 0x74, 0xD5, 0xFE, 0x95, 0x85,
    0xCD, 0x1D, 0xD1, 0x8B, 0x0E, 0xA9, 0x6E, 0x87, 0x0E, 0x3E, 0xAF, 0x52, 0x68, 0x4C, 0x4D, 0xDC,
    0x42, 0x56, 0x23, 0x7B, 0x51, 0x17, 0x2B, 0xD6, 0x75, 0xC6, 0xB8, 0x08, 0xC7, 0xBC, 0x8E, 0x78,
    0x01, 0x9A, 0x16, 0x6B, 0x71, 0x2C, 0x68, 0xE0, 0x51, 0xC2, 0x9B, 0x3C, 0x01, 0x12, 0x88, 0x2F,
    0x92, 0x0F, 0xBD, 0xE8, 0x89, 0x5F, 0xEF, 0x89, 0x57, 0x52, 0x48, 0xDF, 0x4B, 0x78, 0x4A, 0xEC,
    0x62, 0xC2, 0x40, 0xB4, 0x43, 0x42, 0x9F, 0xB0, 0x05, 0x9C, 0xBB, 0x26, 0x72, 0xB3, 0x9B, 0xA4,
    0x44, 0xC2, 0x89, 0xF9, 0x2F, 0x24, 0xD0, 0x05, 0x01, 0xBC, 0x2E, 0x30, 0x22, 0x20, 0xD5, 0x33,
    0xF0, 0xB2, 0x16, 0x1E, 0x3B, 0x55, 0x3D, 0xC0, 0x70, 0x87, 0xB3, 0x84, 0x23, 0xC2, 0x4D, 0x6E,
    0x12, 0x84, 0xF4, 0x12, 0xFC, 0xE3, 0x2F, 0xB3, 0x5F, 0x20, 0x3B, 0xF5, 0x87, 0xE9, 0x2C, 0x84,
    0x05, 0x98, 0x4F, 0x16, 0x28, 0xA7, 0xA6, 0x07, 0x3E, 0x9B, 0xB5, 0xC2, 0xF1, 0x9B, 0x76, 0x5E,
    0xBE, 0xF9, 0x34, 0x84, 0x33, 0x2C, 0xBE, 0x7F, 0xC3, 0xB6, 0x76, 0x7B, 0x62, 0x62, 0xBF, 0xC1,
    0xE8, 0x3E, 0x05, 0xF8, 0xD2, 0xF8, 0x79, 0x62, 0x5C, 0x5E, 0x77, 0x93, 0x52, 0x99, 0x57, 0x1C,
    0x3C, 0xC9, 0x94, 0x3C, 0x99, 0xD8, 0x8B, 0x23, 0x53, 0x92, 0xC1, 0x51, 0xB0, 0xE7, 0x9F, 0xB9,
    0x0E, 0x33, 0xAA, 0x99, 0x0D, 0x95, 0xF5, 0xC0, 0xB0, 0x03, 0xA4, 0x02, 0x51, 0x47, 0xCC, 0x58,
    0x0C, 0xFA, 0x26, 0x60, 0x96, 0xA9, 0xD4, 0xAD, 0x0D, 0x52, 0xA4, 0x99, 0x70, 0xC6, 0x96, 0xFA,
    0x7C, 0x4A, 0x71, 0xFE, 0xE5, 0x11, 0x67, 0x15, 0xB3, 0xFB, 0x26, 0x67, 0x50, 0xD4, 0xF9, 0xC0,
    0x59, 0x0D, 0xBC, 0xC3, 0x6B, 0x3C, 0x3F, 0xD8, 0xF7, 0x3D, 0xCF, 0xA1, 0xF3, 0xA9, 0xA9, 0xA7,
    0xCA, 0x24, 0xCD, 0xC2, 0x68, 0xDC, 0x00, 0x61, 0xF5, 0x4C, 0xDF, 0xB4, 0xDF, 0x9D, 0xD5, 0x8C,
    0xA1, 0x37, 0x83, 0xEC, 0x46, 0xDD, 0x13, 0xB7, 0xFA, 0xBB, 0x1B, 0xD9, 0xFC, 0xF8, 0xE5, 0xB8,
    0x9B, 0xA8, 0xEE, 0x33, 0xC2, 0x7D, 0x9C, 0x04, 0x92, 0xE1, 0xD5, 0xE3, 0x3C, 0x8A, 0xD3, 0x41,
    0x03, 0x6F, 0xF4, 0x26, 0x34, 0x90, 0xD5, 0xC4, 0x86, 0x2D, 0x33, 0x2B, 0x20, 0xA5, 0x1D, 0x0B,
    0xFC, 0x4E, 0xA6, 0x6E, 0x40, 0x07, 0x9B, 0x25, 0x38, 0x4F, 0x99, 0x41, 0xE2, 0x38, 0xCE, 0x85,
    0xD7, 0xDE, 0xF0, 0x0B, 0xBE, 0x1E, 0x32, 0xE6, 0xAB, 0x21, 0x43, 0x21, 0x5B, 0xCF, 0xC3, 0x4B,
    0x24, 0x83, 0xBE, 0x86, 0x94, 0x70, 0xBD, 0xA4, 0x52, 0xCC, 0xE4, 0x1B, 0xE0, 0xD1, 0x48, 0xD6,
    0xB7, 0xDB, 0x75, 0x27, 0xDB, 0x38, 0xDD, 0x44, 0x1E, 0x37, 0x59, 0xED, 0xEB, 0x75, 0x4B, 0xAC,
    0x74, 0x06, 0x52, 0xEE, 0x1C, 0xFD, 0x0B, 0x42, 0xB6, 0x12, 0x1B, 0x6A, 0xCB, 0x95, 0xBA, 0xCD,
    0x83, 0x05, 0x0B, 0xAC, 0x7F, 0x86, 0xFB, 0xB6, 0xE0, 0x95, 0xE1, 0x64, 0x01, 0x07, 0x46, 0x93,
    0xB0, 0x8E, 0xC4, 0x26, 0x10, 0x2D, 0xB0, 0x09, 0x44, 0x1B, 0xEC, 0x08, 0x1C, 0x89, 0x9D, 0x27,
    0xBA, 0x84, 0xCA, 0xD8, 0xF0, 0x80, 0x44, 0xA9, 0xD8, 0xC2, 0x6F, 0x35, 0x23, 0xB7, 0xD2, 0x96,
    0xDB, 0xC6, 0xC7, 0x26, 0xF0, 0xB8, 0xEC, 0x07, 0xF3, 0xFA, 0x80, 0x25, 0xB6, 0x63, 0xFB, 0x5B,
    0xFF, 0x6A, 0xDD, 0xFD, 0x4F, 0xCB, 0xDD, 0xFF, 0xAF, 0x74, 0x3D, 0x6D, 0xEB, 0x3B, 0x0F, 0x70,
    0x80, 0x56, 0xFB, 0x4C, 0x31, 0xCF, 0x95, 0x79, 0xB8, 0x6C, 0xFF, 0xEE, 0xB4, 0x3F, 0x6A, 0xC8,
    0x16, 0x2F, 0xF3, 0xDB, 0x45, 0x86, 0x5E, 0xFF, 0x96, 0x6C, 0xE3, 0x56, 0x4B, 0xE4, 0x9B, 0x34,
    0x31, 0xAA, 0x9E, 0xF2, 0x2C, 0x5B, 0x38, 0x8F, 0x7D, 0xFD, 0xB4, 0xA4, 0x61, 0x09, 0x5C, 0xB0,
    0x93, 0xBF, 0xB7, 0x93, 0x57, 0xE5, 0xC9, 0xD1, 0x4D, 0x4C, 0x32, 0x9E, 0x8B, 0x8C, 0x8A, 0x9A,
    0xA1, 0xBB, 0x38, 0x57, 0x81, 0x66, 0xBE, 0x14, 0x8B, 0x09, 0xA6, 0xD9, 0x02, 0x59, 0x00, 0xC3,
    0x7E, 0x5F, 0xAE, 0x22, 0xC6, 0xF3, 0x76, 0x3A, 0xCC, 0xB4, 0x49, 0xB2, 0x49, 0xD9, 0x04, 0xCA,
    0x72, 0xB1, 0x49, 0x56, 0x8B, 0x1D, 0x29, 0xCD, 0xFC, 0x59, 0xD9, 0x44, 0xCA, 0x1D, 0xDB, 0x67,
    0xB0, 0xF7, 0x88, 0xF5, 0x35, 0x1B, 0x09, 0xF4, 0x74, 0x7D, 0xA1, 0x62, 0x16, 0xE4, 0x46, 0xBD,
    0xC0, 0x39, 0xFD, 0x61, 0xBA, 0xEC, 0xBB, 0x55, 0xBA, 0x95, 0x97, 0x87, 0x96, 0x3F, 0xA9, 0xEA,
    0x25, 0xCC, 0x94, 0x19, 0xCC, 0x75, 0x03, 0x37, 0xF8, 0xEB, 0xC4, 0xC1, 0x6F, 0x9F, 0x39, 0xA4,
    0xD8, 0x9F, 0x06, 0xB3, 0x89, 0x2A, 0xA1, 0xFC, 0xB1, 0x7C, 0x6E, 0x1C, 0x2E, 0xD2, 0xC0, 0x11,
    0xD5, 0xB7, 0x54, 0xDB, 0x62, 0xAE, 0xEF, 0xCE, 0x8D, 0x37, 0xC1, 0xDC, 0x0D, 0x66, 0xAC, 0x47,
    0x93, 0x05, 0x13, 0x6C, 0xD2, 0x1E, 0x10, 0x2D, 0xE6, 0x91, 0xDB, 0x09, 0xEA, 0x6D, 0x46, 0x6D,
    0x53, 0xB5, 0xA3, 0xE0, 0xA5, 0xAC, 0x95, 0x2D, 0xA4, 0xC5, 0x40, 0xD2, 0xC6, 0x3A, 0x56, 0x0B,
    0x13, 0x5E, 0x35, 0x82, 0xDC, 0x31, 0x75, 0xD1, 0xA7, 0x52, 0x3F, 0xFB, 0x5F, 0xBD, 0x58, 0x41,
    0x8C, 0x1E, 0x47, 0x56, 0xFE, 0xBA, 0x6B, 0xBD, 0x4D, 0xDC, 0x22, 0x35, 0x07, 0x6B, 0x59, 0x65,
    0xC0, 0xCD, 0x01, 0x71, 0x70, 0xEC, 0xF4, 0x1E, 0xF6, 0x10, 0xD0, 0x8C, 0xAB, 0x61, 0x0F, 0x1C,
    0x38, 0x60, 0xAD, 0xB4, 0x42, 0x62, 0x25, 0xC2, 0x85, 0x03, 0x1B, 0xB1, 0xC3, 0xD1, 0x88, 0x89,
    0xBA, 0x77, 0x73, 0xE4, 0x60, 0xDF, 0xB9, 0xF8, 0xE0, 0x43, 0x32, 0x08, 0x39, 0x42, 0x59, 0xE1,
    0xC3, 0x38, 0x5D, 0x51, 0x8E, 0x2B, 0x48, 0xAF, 0x02, 0x70, 0xD8, 0x43, 0x4A, 0x30, 0x5A, 0x60,
    0x7D, 0x48, 0x99, 0x6D, 0x27, 0x6D, 0xA7, 0xBA, 0x1E, 0xFD, 0x5E, 0xA9, 0xE4, 0x99, 0x78, 0x03,
    0x9B, 0x68, 0xA1, 0x3C, 0xF3, 0x7D, 0x35, 0xFF, 0xEF, 0xEE, 0x7E, 0xEF, 0x7B, 0xAF, 0xEA, 0xBD,
    0x6A, 0xE0, 0xFC, 0xD1, 0xD1, 0x2D, 0x00, 0xFA, 0xCE, 0x7D, 0x0B, 0xE0, 0x19, 0x55, 0x76, 0x38,
    0x3B, 0xEA, 0x19, 0x66, 0xAA, 0x16, 0x13, 0x36, 0xD2, 0x2B, 0xAD, 0x30, 0xAE, 0x8A, 0x2A, 0x6E,
    0x84, 0x58, 0x12, 0x5A, 0x8F, 0x58, 0x08, 0xAD, 0x1B, 0x35, 0x1E, 0x01, 0xD4, 0x6D, 0xB4, 0x08,
    0x95, 0x5E, 0x48, 0xB9, 0x8D, 0xCC, 0x5C, 0x59, 0xD0, 0x30, 0xCE, 0x7A, 0x00, 0x7D, 0x87, 0xE6,
    0x06, 0xA0, 0x57, 0xDF, 0x9D, 0xF7, 0x81, 0xF1, 0x2F, 0x6F, 0xCC, 0x77, 0x37, 0x7A, 0x5F, 0x3F,
    0xF2, 0x1B, 0x05, 0x4D, 0x76, 0xA3, 0x45, 0x53, 0xB7, 0x91, 0xD7, 0x11, 0x1B, 0xD9, 0x7A, 0x01,
    0xD0, 0x0F, 0xB5, 0x07, 0x50, 0x1C, 0x1D, 0xBD, 0xB6, 0x21, 0x11, 0x7F, 0x66, 0x6F, 0x7D, 0x05,
    0xA7, 0xC7, 0xEE, 0xF4, 0xC5, 0xDB, 0x38, 0x1E, 0xBD, 0x5A, 0x8A, 0xF8, 0xD2, 0xAC, 0x02, 0xDE,
    0x52, 0xCB, 0x86, 0xAF, 0xA8, 0x50, 0x06, 0x1C, 0x96, 0x8C, 0xC7, 0x65, 0x28, 0x56, 0xCC, 0xC5,
    0xBA, 0xFD, 0xF3, 0xC5, 0x5A, 0xAE, 0x6A, 0x2A, 0xD6, 0x2A, 0x56, 0x16, 0xEB, 0xC5, 0xA8, 0x81,
    0x78, 0x3D, 0x5E, 0xD9, 0xD0, 0xC7, 0xBB, 0x00, 0x59, 0x72, 0x1B, 0x82, 0x06, 0x20, 0x20, 0x22,
    0x8F, 0x96, 0x1C, 0x4A, 0xBA, 0x13, 0xA0, 0xE7, 0x6A, 0x85, 0xB1, 0x6A, 0x05, 0x75, 0x65, 0x50,
    0x11, 0xA5, 0xAB, 0x02, 0x4B, 0xCA, 0xD0, 0xCC, 0x00, 0x8B, 0x03, 0x98, 0x27, 0xE0, 0xCE, 0x82,
    0x07, 0xD0, 0xCE, 0xF9, 0x8A, 0x9A, 0x6E, 0x76, 0x28, 0x89, 0x25, 0x68, 0x69, 0x60, 0x2F, 0x3B,
    0x06, 0x00, 0x25, 0x83, 0x12, 0x60, 0x33, 0x0E, 0xE8, 0x16, 0x40, 0xE4, 0x81, 0x2F, 0x52, 0x87,
    0x9E, 0x36, 0x47, 0x36, 0x53, 0xB6, 0x7F, 0xDA, 0x2B, 0xDF, 0xBA, 0xB2, 0x33, 0x16, 0xE8, 0x2D,
    0x6B, 0x07, 0xD0, 0x90, 0x7E, 0xC7, 0x21, 0x7D, 0x66, 0xFC, 0x0E, 0x1A, 0xF2, 0x28, 0xC9, 0x27,
    0x33, 0xCC, 0x04, 0x3C, 0x75, 0x41, 0xCE, 0x85, 0x62, 0x02, 0xD4, 0x84, 0x17, 0x6B, 0x8B, 0xFE,
    0x25, 0x80, 0x23, 0x52, 0xB0, 0x09, 0x2C, 0xC1, 0x7F, 0x85, 0x1D, 0x35, 0xBD, 0xB8, 0x5F, 0x0F,
    0x30, 0xEF, 0x03, 0x55, 0x04, 0xD2, 0xB5, 0x33, 0xCA, 0x07, 0x01, 0x6A, 0xFA, 0x32, 0xEA, 0x01,
    0xA8, 0x70, 0x6A, 0x1C, 0xB6, 0x14, 0x88, 0x96, 0x05, 0xD8, 0x81, 0x8C, 0x66, 0x79, 0x9E, 0xD6,
    0x3E, 0xBE, 0x35, 0x0E, 0x17, 0x01, 0x7C, 0xF9, 0xDE, 0xFC, 0xC6, 0x1E, 0x9E, 0x81, 0x81, 0xC6,
    0xB3, 0x78, 0x33, 0xE7, 0xE1, 0x0A, 0x18, 0x7A, 0x84, 0x57, 0x76, 0xA9, 0x7B, 0x13, 0x07, 0x38,
    0x3D, 0x8A, 0x1C, 0x96, 0x8A, 0xAC, 0x30, 0x9E, 0x2D, 0x9C, 0x30, 0x7E, 0x01, 0xD7, 0x70, 0x7A,
    0x3C, 0x37, 0x00, 0xD8, 0x12, 0x04, 0x24, 0xB2, 0x47, 0x14, 0xFF, 0x78, 0x08, 0xE0, 0x37, 0x76,
    0x51, 0x0E, 0xBF, 0x0C, 0xE0, 0x2B, 0xAA, 0xC3, 0x67, 0x19, 0xE7, 0x6F, 0x26, 0xBA, 0x65, 0x02,
    0x33, 0x4C, 0xF8, 0xDE, 0x9F, 0x32, 0xE3, 0x7B, 0x7F, 0x38, 0x9D, 0x67, 0xC6, 0xAD, 0x1A, 0x9F,
    0x69, 0x9C, 0xEB, 0xD8, 0xA3, 0x6B, 0x9C, 0xFA, 0x2C, 0xCD, 0x8A, 0xE2, 0xF1, 0x5D, 0x00, 0x57,
    0x0F, 0x50, 0xDA, 0xCB, 0x00, 0xFE, 0xEC, 0x13, 0x16, 0x5E, 0x48, 0x84, 0x32, 0x87, 0xAB, 0xBE,
    0x9F, 0x45, 0x80, 0x13, 0xC6, 0x17, 0xF0, 0xD4, 0xD0, 0x79, 0x72, 0x31, 0x4F, 0xF6, 0xF3, 0x64,
    0x2F, 0x79, 0x04, 0x1C, 0xE7, 0xFF, 0x19, 0xE4, 0x16, 0xB5, 0xC5, 0x0E, 0x8A, 0x15, 0x50, 0x0E,
    0x29, 0xB3, 0x4B, 0x2F, 0x6B, 0x12, 0xC0, 0x02, 0xE0, 0x8A, 0x78, 0x8B, 0x9F, 0x79, 0xFC, 0x71,
    0xA2, 0xAF, 0xA2, 0x5F, 0x92, 0x74, 0xD3, 0x6E, 0xD6, 0x10, 0x87, 0x29, 0xAE, 0x7F, 0x83, 0xCF,
    0x3E, 0x44, 0xF5, 0xEB, 0x1C, 0x5C, 0x16, 0x65, 0x65, 0x53, 0x07, 0x31, 0x57, 0x3C, 0x40, 0xDF,
    0xC1, 0xB0, 0x07, 0xAC, 0xDB, 0x55, 0x14, 0x3E, 0xFB, 0x2E, 0x86, 0xCB, 0x73, 0x65, 0xDC, 0xCD,
    0x13, 0x9F, 0x27, 0x39, 0x8F, 0x92, 0x9C, 0x6A, 0xC6, 0xE5, 0x44, 0x33, 0xD3, 0xFA, 0xCD, 0x09,
    0x00, 0x28, 0x32, 0xE2, 0x4B, 0xA7, 0x72, 0xAE, 0xA7, 0xC5, 0xD0, 0xB2, 0xD1, 0xDC, 0x6E, 0xA4,
    0xA2, 0xAC, 0xE0, 0x6A, 0xE5, 0x19, 0xAA, 0x20, 0x69, 0x5D, 0x07, 0xB4, 0x01, 0xD0, 0x0B, 0x46,
    0xA6, 0xB9, 0xA4, 0x05, 0x68, 0x7C, 0xFD, 0xEE, 0x0C, 0xB4, 0xBE, 0x65, 0xD3, 0x8D, 0x3F, 0x6E,
    0xFD, 0x46, 0xFF, 0xEA, 0x0D, 0xD3, 0x0F, 0x2D, 0xAF, 0xD9, 0xFE, 0x03, 0x59, 0xB6, 0x63, 0x90,
    0x55, 0x4B, 0x1E, 0x23, 0x93, 0x05, 0x31, 0x75, 0xA0, 0x01, 0x25, 0xC9, 0xFE, 0xD1, 0xD2, 0xC9,
    0xF3, 0xF4, 0x63, 0x8C, 0x34, 0xF7, 0x44, 0x90, 0xF1, 0x02, 0x4E, 0xFB, 0xBB, 0x08, 0x96, 0x5E,
    0x48, 0x39, 0xA1, 0x7A, 0x42, 0x1E, 0x45, 0x87, 0x6B, 0x68, 0x6C, 0x31, 0xA1, 0xB5, 0xF5, 0x00,
    0xFD, 0xF0, 0x1E, 0x50, 0x91, 0x3B, 0x95, 0x7C, 0x97, 0x8E, 0x70, 0x69, 0x30, 0x11, 0xBD, 0xAD,
    0x56, 0x8C, 0x43, 0xC5, 0x55, 0x80, 0x01, 0x75, 0x28, 0x08, 0x7A, 0x29, 0x37, 0x98, 0x55, 0x44,
    0xE3, 0xD5, 0x8A, 0xD6, 0xB3, 0xC7, 0x4E, 0x07, 0x18, 0xD7, 0x32, 0xFC, 0xC5, 0x02, 0xF3, 0xE1,
    0xF7, 0xC3, 0x8E, 0xA1, 0xDF, 0x25, 0xAF, 0x83, 0x22, 0x87, 0x0E, 0xBF, 0x64, 0x01, 0xD9, 0x3B,
    0xD0, 0x48, 0x52, 0x30, 0xDC, 0x63, 0x08, 0x40, 0x1E, 0x67, 0x76, 0x46, 0xD6, 0xFE, 0xF7, 0xE3,
    0x37, 0x00, 0xA2, 0x28, 0xA2, 0x0A, 0xB0, 0xAE, 0x0C, 0x33, 0xF2, 0x6E, 0x4C, 0xFF, 0x09, 0x18,
    0x22, 0x0B, 0xE3, 0x7A, 0x0F, 0x33, 0xB5, 0x33, 0x7A, 0xDB, 0x2C, 0x18, 0xAD, 0x5E, 0x40, 0x3C,
    0xA3, 0xA1, 0x99, 0xB9, 0x62, 0xF9, 0x92, 0x40, 0x53, 0x4B, 0x44, 0xDD, 0x48, 0x74, 0x02, 0x50,
    0x7A, 0x60, 0x49, 0xE9, 0x71, 0x23, 0x11, 0x5E, 0x8E, 0xAF, 0x73, 0x1C, 0x51, 0x4B, 0x04, 0xD3,
    0x83, 0x1A, 0xA2, 0xA1, 0x79, 0x3C, 0xCE, 0xEC, 0xA3, 0x71, 0x75, 0x30, 0x53, 0x2D, 0xDC, 0xFA,
    0x66, 0xD6, 0x91, 0x5C, 0x49, 0x31, 0xAD, 0xF3, 0x9E, 0x1E, 0x0B, 0xD2, 0xCC, 0x37, 0xAC, 0x57,
    0xCE, 0x0C, 0xC9, 0x8F, 0xC0, 0x61, 0xAB, 0x05, 0xF5, 0xF2, 0x04, 0x9B, 0x87, 0xDF, 0x25, 0xA0,
    0x7D, 0xF0, 0x5E, 0xE4, 0x94, 0xA0, 0xB0, 0xE1, 0x63, 0x72, 0x1B, 0x4A, 0xE2, 0xF5, 0x13, 0xA7,
    0xE4, 0x68, 0x9F, 0x05, 0x40, 0xF6, 0x19, 0xC6, 0x01, 0x8C, 0x5D, 0xD6, 0x08, 0x2D, 0xFD, 0x07,
    0xD8, 0xEE, 0xC0, 0xBB, 0xE0, 0xD1, 0x6F, 0x45, 0xD4, 0x74, 0x83, 0x33, 0xE6, 0xDB, 0xE3, 0x04,
    0x7A, 0xA3, 0xF5, 0xA0, 0xA9, 0xF1, 0xEC, 0xBF, 0x2F, 0xB8, 0x70, 0x4B, 0x81, 0x97, 0x62, 0xAF,
    0xA4, 0xC6, 0x05, 0x0E, 0x70, 0xD8, 0xA1, 0xAE, 0x0E, 0x7F, 0x1E, 0xA1, 0x97, 0x36, 0x40, 0xD3,
    0xE8, 0xD9, 0x61, 0x8B, 0xC6, 0x7F, 0x7D, 0x42, 0xEB, 0x30, 0x49, 0x56, 0x4A, 0x35, 0x41, 0xCF,
    0x30, 0x3E, 0xCA, 0x4B, 0x83, 0x47, 0x2D, 0xA8, 0x4F, 0x65, 0xE1, 0x2B, 0x22, 0x41, 0xC8, 0xC8,
    0xCA, 0xB2, 0x10, 0x82, 0x01, 0x39, 0x8C, 0xAC, 0x6E, 0x0E, 0x24, 0x1A, 0xC1, 0xD6, 0x33, 0x9A,
    0x84, 0x4E, 0x70, 0x42, 0x7E, 0x2A, 0x46, 0x41, 0x4A, 0xF8, 0xB4, 0x10, 0x27, 0x22, 0xC4, 0x0C,
    0x19, 0x7F, 0x94, 0x56, 0x7A, 0xE1, 0x38, 0xFD, 0x2F, 0x1D, 0xDD, 0x99, 0x38, 0x41, 0xAA, 0xF8,
    0x0D, 0x4E, 0xE2, 0x14, 0xDE, 0xE5, 0x54, 0x78, 0x3D, 0xD0, 0x7E, 0x7A, 0xDD, 0x14, 0x3F, 0xA8,
    0x43, 0x42, 0x56, 0x4F, 0xBC, 0x69, 0xE5, 0x46, 0x8D, 0x78, 0x73, 0xF1, 0x13, 0xDE, 0x78, 0xB6,
    0x6B, 0x7C, 0x7C, 0x0B, 0xA8, 0x89, 0xFC, 0xE7, 0xF1, 0x26, 0x87, 0x55, 0x3A, 0xBA, 0xD7, 0x34,
    0x11, 0xE7, 0xCE, 0x71, 0x41, 0x38, 0x2C, 0x08, 0xD7, 0xCB, 0x88, 0x1D, 0x96, 0xF5, 0xE5, 0x78,
    0x1B, 0x44, 0xCB, 0x99, 0x64, 0xD5, 0xFE, 0xAC, 0x47, 0x9F, 0xCF, 0x7A, 0xB4, 0x0F, 0xAF, 0x41,
    0xD6, 0x55, 0xB7, 0xE1, 0xC3, 0xD1, 0xB3, 0xF5, 0x3A, 0xB0, 0xF5, 0x6A, 0x65, 0xEB, 0x15, 0xB1,
    0xF5, 0x25, 0xE3, 0x20, 0xD8, 0x6D, 0x58, 0x12, 0x14, 0xB1, 0xF5, 0x8A, 0xD8, 0xFA, 0x2A, 0xE6,
    0x68, 0xEF, 0x40, 0x07, 0x14, 0x9E, 0x8D, 0x52, 0x33, 0xFA, 0x09, 0x2A, 0x14, 0x34, 0x70, 0xC3,
    0xB5, 0x8A, 0x85, 0x53, 0xDE, 0x91, 0x2F, 0x6D, 0xFD, 0xAB, 0x21, 0xF2, 0xD5, 0x5A, 0xFA, 0x2A,
    0x14, 0xDB, 0x2F, 0x6E, 0xE5, 0x58, 0x69, 0x7A, 0x24, 0x99, 0xD9, 0xFA, 0xD6, 0x1B, 0xA7, 0xE7,
    0xCD, 0xA0, 0xC5, 0xD8, 0x7A, 0xE9, 0xAD, 0x5E, 0x78, 0xB1, 0xD3, 0xF0, 0x24, 0x9A, 0x57, 0x60,
    0xA6, 0xB7, 0x30, 0x0E, 0x63, 0x49, 0x30, 0xAC, 0x10, 0x6B, 0xAC, 0x5D, 0x49, 0xD4, 0x35, 0x0E,
    0x66, 0x29, 0x29, 0x76, 0xA3, 0xC7, 0xD5, 0x63, 0xB4, 0xAE, 0x7C, 0xEC, 0xF1, 0x6B, 0x2F, 0xC0,
    0xD8, 0xCA, 0x4E, 0x80, 0xDE, 0x26, 0x1A, 0x48, 0x13, 0xA9, 0x81, 0xD5, 0xD0, 0x0F, 0x5C, 0x80,
    0xA0, 0xEC, 0xD8, 0x89, 0x38, 0xA5, 0x23, 0x65, 0xC1, 0xE3, 0x11, 0x1D, 0x74, 0xCC, 0xBB, 0x44,
    0xC9, 0x89, 0xF1, 0x47, 0xB1, 0x97, 0x9E, 0x96, 0x7E, 0x7B, 0x15, 0x55, 0x55, 0x54, 0xA1, 0x4E,
    0x0D, 0xA4, 0x0A, 0xB2, 0x0A, 0xDA, 0xB9, 0x5A, 0x58, 0x3E, 0xF4, 0xAE, 0x9E, 0x25, 0xE0, 0x64,
    0xF5, 0xCC, 0x59, 0xA0, 0xA8, 0xD3, 0x1E, 0x64, 0x71, 0xB0, 0x96, 0x63, 0xEC, 0xFA, 0x47, 0x18,
    0x4F, 0x14, 0x51, 0xA7, 0xD7, 0xDC, 0x14, 0x04, 0xC6, 0x33, 0xBB, 0xE6, 0xF1, 0x53, 0x25, 0xEE,
    0xCD, 0xA7, 0x6A, 0x1D, 0xB7, 0x97, 0x27, 0xB8, 0xD4, 0x15, 0x1C, 0x25, 0x42, 0xDF, 0x35, 0xE4,
    0xAA, 0x7F, 0xA6, 0x61, 0xC4, 0x58, 0xFB, 0xF3, 0xE8, 0x2D, 0x95, 0x41, 0xCD, 0x1C, 0xE2, 0xB8,
    0x99, 0x26, 0xB1, 0x5E, 0xB5, 0x2F, 0x39, 0xF4, 0x3F, 0x58, 0x9B, 0x94, 0xBB, 0xF7, 0xE3, 0x38,
    0xC9, 0x24, 0x7B, 0xDA, 0xBF, 0xBA, 0x98, 0x94, 0xCA, 0x5F, 0x9B, 0x79, 0xB2, 0x0F, 0xAA, 0x3C,
    0x4F, 0xD6, 0x32, 0xD4, 0xDE, 0xB8, 0x12, 0xC4, 0xCD, 0x6B, 0x3B, 0x37, 0x18, 0xEF, 0x4C, 0xDA,
    0x69, 0x8A, 0xDC, 0xA0, 0x35, 0x53, 0x49, 0x2B, 0xD0, 0x49, 0xE5, 0xDD, 0x63, 0x3C, 0x53, 0xA8,
    0x97, 0xEC, 0xE9, 0x9C, 0x58, 0xDD, 0xF1, 0x48, 0x13, 0xCA, 0x05, 0xEC, 0x5B, 0x9D, 0x10, 0x37,
    0xCA, 0x8B, 0xEC, 0x98, 0x1D, 0xA8, 0xEB, 0x6D, 0x19, 0xD1, 0xBA, 0x22, 0x6C, 0x00, 0x8E, 0x6A,
    0x5E, 0x6F, 0xA3, 0x4D, 0xAB, 0xEA, 0xB9, 0x91, 0x1D, 0x94, 0x9B, 0x34, 0x29, 0x2E, 0xB9, 0xDC,
    0x80, 0xBA, 0xBD, 0x0D, 0x70, 0x8F, 0xFF, 0x24, 0xFE, 0x62, 0xB4, 0x75, 0xD8, 0x6E, 0x3C, 0x7A,
    0x54, 0xB2, 0x00, 0x6A, 0x9B, 0xEB, 0xA8, 0xF2, 0x19, 0xFE, 0x8A, 0x81, 0x6C, 0x2E, 0x9A, 0x6D,
    0xDC, 0xD4, 0x1D, 0x5D, 0xB5, 0xE8, 0xB9, 0xF2, 0xF5, 0x52, 0x7A, 0xC9, 0x5A, 0x0F, 0x4E, 0x76,
    0xF6, 0xF7, 0xAF, 0x49, 0x96, 0xFE, 0x17, 0xD0, 0x4E, 0x87, 0x68, 0xDD, 0xBA, 0x31, 0xC1, 0xD8,
    0xFE, 0x47, 0x84, 0x5D, 0x5A, 0x52, 0x77, 0xA3, 0x39, 0x47, 0xAD, 0xFC, 0x96, 0x07, 0x16, 0x8A,
    0x64, 0x51, 0x48, 0xCF, 0x51, 0x44, 0xA6, 0xB9, 0x4E, 0x6B, 0xB8, 0xBD, 0x23, 0x8B, 0xF8, 0xF0,
    0x17, 0x65, 0x15, 0x7B, 0x59, 0x64, 0xE5, 0x24, 0x7B, 0x6A, 0x35, 0x30, 0xCD, 0x3A, 0xAD, 0xE4,
    0xFD, 0xB4, 0x94, 0xE7, 0x14, 0xB8, 0x55, 0xE8, 0xDF, 0x49, 0x68, 0xA2, 0x41, 0x2C, 0x1A, 0xAD,
    0x88, 0xD4, 0x3B, 0x71, 0xC7, 0x78, 0xA6, 0xA1, 0x9D, 0x99, 0x3A, 0x16, 0x8A, 0x4B, 0xFD, 0x2A,
    0x1B, 0x6C, 0x45, 0x37, 0x79, 0x87, 0x2D, 0xC8, 0x81, 0x47, 0x3B, 0x31, 0x8A, 0xC1, 0x10, 0x89,
    0x84, 0x86, 0x44, 0x5D, 0xA2, 0x27, 0x7D, 0xFA, 0x11, 0x76, 0xA7, 0x96, 0xD0, 0x7B, 0x45, 0xC5,
    0xC7, 0x5E, 0xC5, 0xEA, 0x6D, 0xA7, 0x56, 0x0D, 0xA8, 0xB0, 0xCF, 0x4E, 0xCC, 0x40, 0xCD, 0x5B,
    0xB8, 0xA6, 0xC8, 0xE6, 0xD3, 0x00, 0xED, 0x7B, 0xAE, 0x41, 0xC6, 0xA1, 0x75, 0xAD, 0x87, 0x71,
    0x7A, 0x81, 0x99, 0xEA, 0xC8, 0x91, 0xA6, 0x21, 0x3F, 0x43, 0x8B, 0x25, 0x0C, 0x6F, 0x01, 0xF8,
    0x38, 0x00, 0xA0, 0x85, 0x9F, 0x77, 0x13, 0x90, 0x3E, 0x6D, 0x40, 0x4B, 0x73, 0x49, 0x13, 0xCB,
    0xC6, 0x9D, 0xB4, 0x5A, 0xD1, 0xA8, 0x0E, 0x2A, 0x60, 0x4F, 0xEA, 0xD1, 0xC4, 0xAB, 0xA5, 0x7E,
    0xF4, 0x03, 0xF6, 0x5B, 0x7F, 0xF8, 0x8E, 0x65, 0xFA, 0xC9, 0xF7, 0x3B, 0x56, 0xEF, 0xA3, 0x15,
    0x4C, 0x92, 0x01, 0x68, 0xEF, 0x93, 0x05, 0xB7, 0x6A, 0xC6, 0x31, 0xBD, 0x2B, 0xB5, 0xAA, 0xFF,
    0x07, 0x29, 0x5C, 0xE3, 0xDF, 0xEB, 0x20, 0xB2, 0xD5, 0x42, 0x5D, 0x15, 0x25, 0xB3, 0x38, 0x7E,
    0xCF, 0xD3, 0x09, 0xEB, 0xD5, 0xD3, 0x8C, 0xDE, 0xB3, 0x0A, 0xE5, 0xD2, 0xB2, 0xA0, 0x8A, 0x60,
    0xEE, 0xA9, 0xB8, 0x73, 0xF7, 0xB2, 0x5A, 0xFF, 0xD6, 0x41, 0x85, 0x8F, 0x2C, 0xAA, 0x40, 0xAC,
    0xC2, 0xCA, 0x2A, 0x90, 0xDD, 0xAC, 0x21, 0xB7, 0xD9, 0xF2, 0xBE, 0x47, 0xF3, 0x93, 0x1B, 0x73,
    0x6E, 0xB0, 0xF8, 0x70, 0x3A, 0x29, 0x1A, 0x7A, 0x8B, 0xB4, 0x1E, 0x25, 0x2F, 0x52, 0x7A, 0xB8,
    0x53, 0xE9, 0xF1, 0xCD, 0xF5, 0x1A, 0xA7, 0x07, 0x91, 0x13, 0xCF, 0x96, 0x94, 0x1E, 0x73, 0x4A,
    0x0F, 0xFF, 0xBF, 0xA7, 0x87, 0x3D, 0x93, 0x1E, 0x83, 0xA4, 0x07, 0xB7, 0x50, 0x42, 0x29, 0x3D,
    0x70, 0x26, 0x3D, 0x5C, 0x4A, 0x0F, 0x8F, 0x6C, 0x96, 0x22, 0xC7, 0x32, 0x4C, 0x48, 0x25, 0xEF,
    0xDC, 0xF8, 0x4F, 0xE2, 0x98, 0x08, 0xC5, 0xD0, 0xED, 0x4E, 0x05, 0x27, 0x44, 0xC9, 0x09, 0x51,
    0xFE, 0x1C, 0x12, 0x82, 0xAD, 0xA0, 0x05, 0x23, 0xCC, 0x46, 0x15, 0x0D, 0x57, 0x15, 0xA1, 0xB9,
    0xD3, 0x1D, 0xAA, 0x88, 0xBD, 0xF3, 0xB8, 0x5B, 0xAD, 0x98, 0x81, 0x37, 0xAA, 0x50, 0x38, 0x59,
    0x30, 0xCA, 0x8A, 0x30, 0xBA, 0x63, 0x9A, 0xA5, 0x75, 0x69, 0x1E, 0x2E, 0xE9, 0x36, 0x91, 0xC9,
    0x7C, 0x48, 0x1D, 0x93, 0x4B, 0x91, 0x9F, 0xFA, 0xE4, 0x8A, 0x24, 0xC0, 0x68, 0x93, 0x14, 0xB6,
    0x99, 0x99, 0x06, 0x1D, 0xE4, 0x68, 0x5F, 0xAF, 0x12, 0x72, 0x76, 0xBD, 0x67, 0x53, 0x1C, 0x97,
    0x6F, 0x34, 0xB6, 0x21, 0xC2, 0xE8, 0xDA, 0x92, 0xCA, 0x8F, 0xFD, 0x3E, 0x27, 0xFF, 0xB4, 0x27,
    0xCE, 0xEE, 0x54, 0x61, 0x4F, 0x8C, 0xF1, 0x8C, 0xE4, 0x20, 0x0E, 0x33, 0x3E, 0xA0, 0x8E, 0x23,
    0xC4, 0xF2, 0xB7, 0x5E, 0xBA, 0x12, 0x67, 0x64, 0x63, 0x96, 0xE3, 0x83, 0xD5, 0x11, 0x60, 0xBF,
    0xBB, 0x9F, 0xE9, 0x58, 0xC2, 0x33, 0xD4, 0x1B, 0xA5, 0x3E, 0xA1, 0x66, 0x9A, 0x79, 0x86, 0x66,
    0xA3, 0x59, 0x84, 0xA3, 0x39, 0xED, 0xED, 0xA9, 0x6D, 0x48, 0xCF, 0xE2, 0x19, 0x07, 0x4F, 0x8E,
    0x25, 0x96, 0x67, 0x20, 0x9B, 0xFB, 0xA2, 0x9F, 0x7E, 0x2C, 0x39, 0x49, 0xC7, 0x92, 0x25, 0xBF,
    0x6C, 0x3A, 0x75, 0x10, 0x29, 0xCE, 0x92, 0x13, 0x2A, 0x27, 0x9C, 0x3D, 0x73, 0x70, 0x1D, 0x5E,
    0xA5, 0x2F, 0xC5, 0xC8, 0x40, 0x43, 0xBD, 0x80, 0x3A, 0x3D, 0x17, 0xC4, 0xE9, 0x43, 0x68, 0x88,
    0x0B, 0x89, 0x1C, 0x3C, 0xA4, 0x8D, 0x9D, 0xAA, 0xC0, 0xD7, 0x48, 0x2F, 0xBB, 0xFE, 0xEA, 0x76,
    0x0D, 0xCD, 0xDC, 0x92, 0x78, 0xDE, 0x99, 0x19, 0x0A, 0x06, 0x25, 0xD2, 0x5A, 0xE0, 0x59, 0xB6,
    0xBE, 0x21, 0xFE, 0xFC, 0x35, 0x24, 0xD9, 0x68, 0x16, 0xDD, 0x98, 0x59, 0xB8, 0xA8, 0x7C, 0x52,
    0xAE, 0xF0, 0x49, 0xBA, 0x8D, 0x93, 0x76, 0x2E, 0x8B, 0x97, 0xD5, 0xCB, 0xF2, 0x65, 0xFD, 0xB2,
    0x80, 0x59, 0xC1, 0x2C, 0x61, 0xD6, 0x30, 0x8B, 0x98, 0x55, 0xCC, 0x32, 0x26, 0x1D, 0x91, 0x85,
    0xCC, 0x4A, 0x66, 0x29, 0x45, 0x9A, 0xA3, 0xD7, 0x58, 0x1B, 0x0A, 0x22, 0xCE, 0xB1, 0xA8, 0x73,
    0x28, 0xF2, 0x5C, 0x17, 0x7D, 0x76, 0x44, 0xA0, 0xA4, 0x50, 0x92, 0x28, 0x69, 0x94, 0x44, 0x4A,
    0x2A, 0x25, 0x99, 0x92, 0x4E, 0x60, 0xA1, 0x3C, 0x58, 0xA9, 0x21, 0xBF, 0x76, 0xE8, 0x89, 0xDD,
    0xC8, 0x93, 0x93, 0x54, 0x24, 0x73, 0xFB, 0x9E, 0x7A, 0x77, 0x46, 0x51, 0x80, 0x51, 0xE7, 0x3E,
    0x3E, 0xB7, 0x8F, 0xC8, 0xDD, 0x7C, 0x6E, 0x22, 0x7D, 0xEE, 0x23, 0x7D, 0x6E, 0x25, 0x1D, 0x77,
    0x93, 0xA9, 0xD1, 0xEE, 0x27, 0xBD, 0x88, 0x34, 0x6C, 0x10, 0x6B, 0xC3, 0x6D, 0x65, 0x14, 0x71,
    0x68, 0x50, 0x94, 0xD4, 0xE9, 0x64, 0xD2, 0x15, 0x32, 0x39, 0xD5, 0x62, 0x9E, 0x1C, 0xD0, 0x89,
    0x8A, 0xAC, 0xD0, 0xF6, 0xC3, 0x97, 0xCB, 0x48, 0x16, 0x61, 0x27, 0x59, 0x94, 0x3A, 0x4E, 0x00,
    0xA9, 0xE9, 0x94, 0x49, 0x10, 0x81, 0x91, 0x5B, 0x4F, 0xB0, 0xC8, 0x93, 0x70, 0x6E, 0x40, 0xB7,
    0x7E, 0x5B, 0xE2, 0xC8, 0xA1, 0x67, 0x5B, 0xE4, 0xF0, 0x2B, 0x08, 0xD4, 0x8B, 0x88, 0x3C, 0x97,
    0x91, 0x51, 0x11, 0x9F, 0xAC, 0x36, 0x9C, 0x5B, 0x5F, 0x85, 0x2A, 0x18, 0x57, 0x05, 0x15, 0xCD,
    0x54, 0x2F, 0x25, 0x19, 0xAB, 0x37, 0xEC, 0x2D, 0x1F, 0xFF, 0x47, 0xCB, 0x47, 0x2F, 0x1A, 0x5A,
    0x9F, 0xC4, 0x54, 0xF9, 0x2C, 0x84, 0x7A, 0x90, 0x45, 0x68, 0x5B, 0xCF, 0xD8, 0xDB, 0xBC, 0xFC,
    0x73, 0x8D, 0x15, 0x35, 0x53, 0x66, 0x7C, 0xE0, 0xF8, 0x91, 0x6C, 0x63, 0xEA, 0xBA, 0xA8, 0xAB,
    0x25, 0x38, 0x3D, 0x59, 0x3E, 0x5E, 0x6A, 0xAF, 0x17, 0xB5, 0xEA, 0xB9, 0x99, 0xEB, 0xA0, 0x37,
    0x7B, 0xF4, 0xA2, 0x67, 0xE3, 0x1B, 0xCF, 0xD8, 0x6E, 0x6C, 0x1C, 0xB3, 0x71, 0xF9, 0x1F, 0xEF,
    0x63, 0xAD, 0x63, 0x9B, 0x9A, 0x07, 0xC4, 0x0D, 0xC3, 0x47, 0x9C, 0xE2, 0x35, 0x79, 0x14, 0x74,
    0x9F, 0x06, 0x5E, 0xCD, 0xC4, 0x2F, 0x9E, 0x2E, 0xEC, 0xD2, 0x93, 0x76, 0x6B, 0x00, 0x3F, 0x0E,
    0xEC, 0x3D, 0x6A, 0xB6, 0xA5, 0x71, 0x0D, 0x75, 0xC6, 0x8E, 0x2F, 0xD9, 0xFE, 0xED, 0xA8, 0xDD,
    0xF8, 0x6A, 0xD0, 0x7E, 0xFC, 0x5A, 0x68, 0x1C, 0xFD, 0x8E, 0xC0, 0x62, 0xA6, 0xED, 0x4F, 0x63,
    0xFB, 0x77, 0xC2, 0xB8, 0xF5, 0x92, 0xB4, 0x42, 0x47, 0xF2, 0x28, 0x89, 0xC8, 0xA1, 0xE8, 0xEE,
    0x0C, 0xFF, 0x57, 0x6F, 0x5F, 0x0B, 0xBE, 0xA2, 0xEA, 0x6A, 0xBA, 0x79, 0x80, 0x82, 0x28, 0x55,
    0xA8, 0xDC, 0x55, 0x0A, 0x84, 0x0C, 0xBF, 0xBE, 0xE4, 0xEB, 0xCE, 0x01, 0x9F, 0xE3, 0xED, 0xEB,
    0xF6, 0x9D, 0xD7, 0x1D, 0xC7, 0xAD, 0xA4, 0x19, 0xB8, 0xCA, 0x06, 0xB0, 0xB1, 0x1D, 0xD0, 0x0C,
    0x38, 0xD7, 0x77, 0xA8, 0xD7, 0x94, 0x5C, 0x35, 0x11, 0x37, 0xF3, 0x8C, 0xD0, 0x43, 0x6F, 0x5B,
    0x34, 0xD8, 0x72, 0x03, 0x57, 0x40, 0xF6, 0x22, 0xF6, 0x40, 0xC3, 0xAF, 0x48, 0x60, 0x73, 0x63,
    0x8A, 0x52, 0x50, 0x31, 0x7E, 0x9E, 0x63, 0x34, 0x3B, 0x13, 0x91, 0xAB, 0x2E, 0x0A, 0x41, 0x18,
    0xC1, 0xAB, 0x82, 0xFB, 0x82, 0x7B, 0x19, 0xCF, 0x8E, 0x4B, 0xAF, 0x57, 0x4B, 0x19, 0x61, 0x56,
    0x13, 0x35, 0x0D, 0xD5, 0xFA, 0x31, 0xFD, 0x26, 0xD9, 0x8A, 0xBE, 0x4B, 0x6E, 0xDC, 0xA8, 0x24,
    0x3B, 0xDA, 0x7A, 0x2D, 0x49, 0xAA, 0x9F, 0x8A, 0xB2, 0x47, 0x4B, 0xDC, 0x1A, 0xCF, 0x09, 0x29,
    0xAF, 0x85, 0x4A, 0x82, 0x71, 0xF5, 0xC2, 0xC7, 0xCE, 0x49, 0xBE, 0x35, 0x56, 0xA8, 0xB7, 0x8D,
    0x57, 0xF1, 0xC2, 0xC8, 0x44, 0x0B, 0x67, 0x21, 0x68, 0x39, 0x73, 0x7A, 0xF1, 0xA7, 0x2B, 0x47,
    0xED, 0x18, 0x35, 0xD9, 0x44, 0x1D, 0x13, 0xFE, 0x04, 0x86, 0x7C, 0x4B, 0xB6, 0xA7, 0x5B, 0x2D,
    0x0D, 0x75, 0x44, 0x99, 0x0A, 0x9F, 0x67, 0xC1, 0x2A, 0x2B, 0x9D, 0x49, 0xC7, 0xFB, 0x29, 0x97,
    0x76, 0x1A, 0x0E, 0xC1, 0xC1, 0x93, 0xAE, 0xED, 0x9D, 0x89, 0x65, 0xF8, 0x97, 0x81, 0xF1, 0x03,
    0xD1, 0x6D, 0xCD, 0x4A, 0x7E, 0xFA, 0xAB, 0x88, 0x9E, 0xF1, 0x39, 0x7A, 0x9C, 0x76, 0x7B, 0x96,
    0xE7, 0x36, 0x5E, 0x41, 0xBF, 0xE4, 0x97, 0x62, 0x2A, 0xC0, 0x30, 0xB4, 0xBC, 0xBC, 0x5F, 0x40,
    0xB9, 0x62, 0x9F, 0x17, 0xCA, 0x21, 0xCB, 0x3E, 0x03, 0xC4, 0x65, 0x48, 0x4E, 0x8D, 0xA4, 0xBB,
    0x0D, 0xBE, 0xCD, 0xE6, 0x04, 0x00, 0xBD, 0x67, 0x48, 0x4D, 0xF8, 0x93, 0xDE, 0x28, 0x41, 0x7E,
    0x1D, 0x76, 0x02, 0x28, 0x5A, 0xF0, 0xF3, 0x76, 0xB8, 0x59, 0x18, 0x88, 0x36, 0x3A, 0x77, 0xC0,
    0xFB, 0xF4, 0xFF, 0xAF, 0xC3, 0x86, 0x68, 0xC0, 0x25, 0xFA, 0x71, 0xF7, 0xE9, 0x0E, 0x43, 0xD3,
    0x5A, 0x93, 0x45, 0x43, 0x0B, 0x9F, 0xE0, 0x0B, 0xB2, 0x05, 0x7F, 0x4A, 0x93, 0x72, 0xE9, 0xFC,
    0x2C, 0x2E, 0x79, 0x76, 0x18, 0xED, 0x72, 0xCC, 0xA4, 0xA3, 0x67, 0xE2, 0xAB, 0xF2, 0xDA, 0x61,
    0xEA, 0x98, 0x2A, 0x51, 0x17, 0x4D, 0xFA, 0xEE, 0x70, 0x74, 0x52, 0x23, 0xC4, 0xE9, 0xCA, 0x4A,
    0x53, 0xDB, 0xA4, 0x9D, 0xE6, 0x50, 0x9A, 0xDA, 0x22, 0xA0, 0x26, 0xA0, 0x8D, 0x38, 0xA0, 0x09,
    0x86, 0x40, 0x3F, 0xF5, 0xE8, 0x53, 0x9D, 0xA5, 0x33, 0x27, 0x20, 0x7E, 0xC0, 0xD1, 0x50, 0xDE,
    0x2E, 0x69, 0xAA, 0x67, 0x18, 0xDF, 0x74, 0xD0, 0xDC, 0x76, 0xEB, 0x65, 0x06, 0xAA, 0xE8, 0xD8,
    0xB4, 0x54, 0xF8, 0x21, 0xA5, 0x3F, 0xFD, 0xA9, 0x39, 0x15, 0xF6, 0x39, 0x0C, 0x77, 0x5B, 0x8F,
    0xD2, 0xEB, 0x05, 0xAD, 0xD5, 0xB1, 0xEB, 0xBB, 0x4A, 0x1C, 0xD1, 0x02, 0x67, 0x5E, 0xA3, 0xA6,
    0xA3, 0xCF, 0x9C, 0x8E, 0x3E, 0x35, 0x11, 0x3D, 0x24, 0x72, 0x7A, 0xE3, 0x07, 0x44, 0x93, 0xFE,
    0x0E, 0x95, 0x5E, 0x07, 0x34, 0x25, 0x15, 0xBE, 0x99, 0x71, 0x45, 0x51, 0xE1, 0x1A, 0x8F, 0xCB,
    0x2A, 0x16, 0x13, 0xA7, 0x7A, 0xB5, 0xA6, 0xA8, 0x4B, 0x93, 0x30, 0xA5, 0xAD, 0xA5, 0x9F, 0xD8,
    0xCC, 0x94, 0x96, 0x9A, 0x03, 0xBA, 0x71, 0xC3, 0x3C, 0xA4, 0xE5, 0x41, 0x9D, 0x70, 0x41, 0x29,
    0x63, 0x4A, 0xE1, 0x29, 0x29, 0xDE, 0x5B, 0xCE, 0x4C, 0xB9, 0x56, 0x8A, 0x1D, 0x59, 0x79, 0xC4,
    0x2E, 0xF1, 0xB8, 0x09, 0x23, 0x2C, 0x22, 0x4A, 0x39, 0x3B, 0xAD, 0x26, 0xEA, 0xCC, 0x03, 0xCE,
    0x28, 0x59, 0xE3, 0xD4, 0x69, 0xF2, 0xE8, 0xF6, 0x73, 0x37, 0xB9, 0xDB, 0x37, 0xEE, 0x6A, 0xE3,
    0x67, 0x33, 0xED, 0xB5, 0x7E, 0xEE, 0xED, 0x75, 0xE3, 0xFC, 0x68, 0x77, 0xCC, 0x74, 0x6D, 0x1C,
    0xF8, 0xBE, 0xBC, 0x95, 0x0B, 0x8E, 0xB6, 0x24, 0xE4, 0xAE, 0x82, 0x0B, 0x27, 0x08, 0xCD, 0xCA,
    0xB6, 0xFF, 0x1D, 0xE3, 0x0F, 0xDF, 0x8B, 0x17, 0x40, 0xC4, 0x29, 0xD7, 0x2F, 0xC5, 0x86, 0x05,
    0x70, 0x21, 0x6D, 0x44, 0x9E, 0xA1, 0x14, 0xAC, 0x1C, 0x24, 0x34, 0x8C, 0x92, 0x48, 0xC5, 0xEB,
    0x5C, 0x29, 0x88, 0x7C, 0x4F, 0x6E, 0x24, 0x57, 0x47, 0x68, 0xE9, 0x8E, 0xF4, 0xC2, 0x93, 0xD4,
    0x23, 0x36, 0x9E, 0x27, 0xAD, 0x47, 0xC3, 0xE1, 0xE7, 0x89, 0x71, 0x82, 0x13, 0x9A, 0xA5, 0x20,
    0x0B, 0x4D, 0xC4, 0xEA, 0x50, 0xDC, 0x10, 0x7F, 0xD0, 0xA5, 0x1B, 0x3F, 0x5D, 0x03, 0x22, 0x63,
    0x25, 0x78, 0x87, 0x6E, 0xF1, 0x97, 0x24, 0x46, 0x35, 0x2E, 0xBF, 0xDC, 0xCF, 0x19, 0xA8, 0x18,
    0x39, 0x0D, 0x33, 0xE6, 0xE6, 0xFA, 0xA6, 0x21, 0x98, 0x89, 0x5B, 0x06, 0xAB, 0x72, 0x87, 0xCD,
    0x47, 0x56, 0xEA, 0x18, 0x50, 0x87, 0x6A, 0x03, 0x1A, 0x09, 0x8A, 0x3E, 0x8A, 0xC0, 0xEB, 0x12,
    0x39, 0x15, 0x00, 0x54, 0x02, 0xEB, 0x4E, 0x5A, 0x95, 0x28, 0x68, 0x7E, 0xBA, 0xB9, 0x66, 0x13,
    0xA4, 0xB9, 0xD6, 0xB2, 0x8E, 0xB9, 0x87, 0x5A, 0x7A, 0x5A, 0x5A, 0x9A, 0xB9, 0x53, 0x23, 0x54,
    0xC4, 0x4E, 0x54, 0xAB, 0xFC, 0x04, 0xFE, 0xA9, 0xF9, 0xE7, 0x0B, 0x22, 0xD6, 0x65, 0x11, 0x6B,
    0xAF, 0xD9, 0x30, 0xBC, 0xD8, 0x7A, 0xE8, 0xF5, 0xAB, 0xC6, 0xA3, 0x4A, 0x6D, 0x42, 0x4A, 0x95,
    0x2F, 0xCD, 0xB2, 0x49, 0x3A, 0x7E, 0x44, 0x31, 0xD1, 0x86, 0xA5, 0x95, 0xA5, 0xF3, 0xB6, 0x88,
    0x55, 0x32, 0x3E, 0x79, 0x0D, 0xBC, 0x15, 0x2F, 0x7C, 0xAB, 0x33, 0x11, 0x5C, 0xB8, 0x40, 0x9D,
    0x54, 0x24, 0x81, 0x3A, 0x7C, 0x3D, 0x42, 0x2F, 0xFF, 0xB6, 0x6E, 0xF0, 0x1E, 0x2F, 0x70, 0x0A,
    0x50, 0x0C, 0x78, 0xF9, 0xC6, 0x02, 0xA8, 0x1B, 0xF3, 0x06, 0xBF, 0x37, 0x4B, 0x3D, 0xE8, 0x36,
    0xA0, 0x29, 0xEF, 0x22, 0x3B, 0x72, 0x5E, 0x00, 0x23, 0x7F, 0xAD, 0xE8, 0x7F, 0x2E, 0xC8, 0xE7,
    0xB8, 0x01, 0x78, 0x9C, 0x5A, 0x0F, 0xA2, 0x0E, 0xE6, 0x51, 0x49, 0x96, 0xA3, 0xCF, 0x38, 0xA5,
    0xA3, 0x40, 0x3A, 0x08, 0xA4, 0x63, 0x40, 0x3A, 0x04, 0x14, 0x9F, 0x7C, 0x97, 0x7A, 0xD2, 0x92,
    0x93, 0x2E, 0xD7, 0xFF, 0x37, 0xDD, 0x58, 0x31, 0xAC, 0xDE, 0xC8, 0x71, 0xFE, 0xC8, 0x95, 0x45,
    0xC0, 0x44, 0xBC, 0x2A, 0x04, 0xC4, 0xB1, 0x12, 0x31, 0x85, 0x0B, 0xE3, 0x1C, 0x89, 0x3D, 0xF0,
    0x9E, 0x77, 0x95, 0x0B, 0x9C, 0xC2, 0x85, 0xAF, 0xB0, 0x12, 0x20, 0x55, 0xEA, 0x34, 0x4A, 0x91,
    0x42, 0x48, 0xE4, 0x23, 0x93, 0xC6, 0xA5, 0xD5, 0xBB, 0x88, 0xCA, 0x58, 0x2E, 0x5E, 0xA3, 0x42,
    0x40, 0x24, 0x73, 0x8D, 0x03, 0xD2, 0x5C, 0x11, 0xC6, 0x81, 0x91, 0x52, 0x04, 0x6C, 0xC3, 0x81,
    0x55, 0x78, 0x0F, 0x58, 0x45, 0xBC, 0x77, 0x24, 0x27, 0xFC, 0x86, 0x8F, 0xF8, 0xFF, 0x67, 0x04,
    0x70, 0x71, 0x27, 0x9C, 0x90, 0x39, 0xFD, 0xDF, 0x50, 0xFA, 0x75, 0x9A, 0x9D, 0x6F, 0x67, 0xBE,
    0x19, 0x3E, 0xD0, 0x0A, 0x19, 0x80, 0x4C, 0x7A, 0x00, 0x8D, 0x42, 0x00, 0xD0, 0x11, 0xA4, 0x25,
    0xFC, 0xE9, 0x8C, 0x4C, 0x6A, 0xF1, 0xB9, 0xFC, 0xBD, 0xB4, 0xB9, 0xF4, 0x12, 0x8C, 0xB4, 0xD2,
    0x1A, 0x81, 0xB4, 0xC5, 0x0C, 0xF1, 0xE5, 0x94, 0x09, 0xEC, 0x98, 0xAF, 0x90, 0xF2, 0x05, 0x36,
    0x9A, 0x05, 0x55, 0x34, 0x33, 0x6A, 0x82, 0x1B, 0xCC, 0x72, 0xCD, 0xF5, 0x46, 0x52, 0x13, 0xB6,
    0x28, 0x57, 0xB0, 0x1B, 0xEE, 0x89, 0xE7, 0x01, 0x78, 0x82, 0x7A, 0xB0, 0x09, 0xE8, 0xDA, 0x72,
    0x42, 0x26, 0x28, 0x26, 0x98, 0x09, 0xE5, 0xF4, 0x0D, 0x3B, 0xC2, 0x8E, 0xCF, 0xAA, 0x84, 0x3A,
    0x4E, 0x75, 0xCC, 0x24, 0x74, 0xDD, 0xAB, 0xB3, 0x19, 0xB5, 0x88, 0x3C, 0x04, 0xBA, 0x5F, 0x02,
    0x2B, 0xF6, 0xBF, 0x8D, 0xCD, 0x40, 0x74, 0x11, 0x19, 0x50, 0x8F, 0x28, 0x01, 0x2B, 0x77, 0x3A,
    0xC0, 0x88, 0x4C, 0x1A, 0x56, 0xFF, 0xD6, 0x7B, 0x84, 0xAC, 0x7B, 0x08, 0x54, 0x32, 0x02, 0xCD,
    0xBB, 0x13, 0xB2, 0xD9, 0xCC, 0xF5, 0xBB, 0x93, 0x99, 0x9C, 0x4D, 0xC5, 0x0A, 0xB1, 0x8A, 0xB5,
    0x7C, 0xD4, 0x85, 0x42, 0x64, 0x06, 0xDC, 0x2F, 0xFD, 0x0A, 0x3D, 0x56, 0x60, 0x80, 0x3A, 0xA2,
    0x85, 0x1D, 0x8B, 0xC0, 0x14, 0x5A, 0xA0, 0x9B, 0x01, 0x64, 0xFE, 0x73, 0x4F, 0xAF, 0xD1, 0xF4,
    0xEC, 0xAC, 0xB7, 0x1B, 0x89, 0x66, 0x50, 0x0C, 0xC4, 0x62, 0xC3, 0x16, 0x6A, 0x9F, 0x31, 0x05,
    0x32, 0xEF, 0xDF, 0x54, 0x0C, 0x60, 0xB1, 0xC3, 0x4D, 0xC2, 0x1F, 0x11, 0x68, 0x8D, 0x8C, 0xEB,
    0x27, 0xC1, 0x2C, 0x80, 0x99, 0x41, 0x3E, 0x50, 0x4E, 0x80, 0x1D, 0x01, 0xF2, 0x54, 0x25, 0xFD,
    0xA7, 0xF5, 0xE3, 0x06, 0x06, 0xD4, 0xBA, 0xD4, 0xB2, 0x14, 0x7E, 0x18, 0xCA, 0x23, 0x17, 0xA0,
    0x96, 0x5F, 0xA0, 0x93, 0x84, 0x4B, 0xF6, 0x14, 0x83, 0xFA, 0x6C, 0x62, 0xCE, 0x34, 0x39, 0xDB,
    0x43, 0x8F, 0xD8, 0xEC, 0x0B, 0x1E, 0xC7, 0xE6, 0xE4, 0x7B, 0xB2, 0xFE, 0x8A, 0x70, 0xF2, 0x4D,
    0x59, 0xFE, 0x5C, 0x06, 0x98, 0x91, 0x14, 0x2F, 0x00, 0x46, 0x34, 0x7D, 0xCE, 0x10, 0x0F, 0xD0,
    0x84, 0x82, 0xC9, 0xDF, 0x46, 0x17, 0x2A, 0xCF, 0xE4, 0xBC, 0xB4, 0xDF, 0xDD, 0x68, 0x95, 0x3B,
    0xCA, 0x75, 0xF9, 0x1F, 0xF2, 0xAD, 0x1E, 0x20, 0xA3, 0x22, 0xDB, 0x45, 0x89, 0x88, 0x7E, 0x25,
    0x1F, 0x2C, 0xCC, 0x0C, 0x46, 0xDE, 0x9D, 0x99, 0x2A, 0xCA, 0xA5, 0x98, 0x98, 0x37, 0xAA, 0xB1,
    0x9C, 0x0A, 0xE5, 0x2E, 0xDA, 0xC9, 0x08, 0x98, 0xA6, 0xB6, 0x14, 0x72, 0xF1, 0x55, 0xCA, 0xA4,
    0x45, 0xB9, 0xA0, 0x4E, 0xCC, 0xBE, 0x19, 0x73, 0x59, 0x7C, 0x33, 0xA2, 0xEB, 0x4B, 0x11, 0x7F,
    0x63, 0xD4, 0x4C, 0x2F, 0xDA, 0xAA, 0xC2, 0x1F, 0xAA, 0x77, 0xED, 0x7D, 0xF5, 0xF5, 0xCB, 0x41,
    0xBD, 0x65, 0x29, 0xEE, 0x45, 0x7F, 0x28, 0xD0, 0x3E, 0xFB, 0x21, 0xEA, 0x21, 0x97, 0xD1, 0xCC,
    0x99, 0x4C, 0xC5, 0x7F, 0xCD, 0x66, 0x2A, 0xE2, 0x5C, 0xE4, 0xEB, 0xB9, 0x6C, 0x78, 0x86, 0x4C,
    0x8A, 0xA9, 0x0E, 0x8F, 0x56, 0x5F, 0x8E, 0x4E, 0xD5, 0xC0, 0xA6, 0xCE, 0x03, 0x99, 0xAC, 0x86,
    0x83, 0xCF, 0xE7, 0x7A, 0x50, 0x3F, 0xD5, 0xBD, 0x00, 0x57, 0xCC, 0xE8, 0xE8, 0x4F, 0x8B, 0xE8,
    0x82, 0xA0, 0xFD, 0xB1, 0xED, 0x9B, 0xD0, 0xFD, 0x53, 0x68, 0x3A, 0xDF, 0xB5, 0x4E, 0xDA, 0x9A,
    0xB2, 0x51, 0x2D, 0x17, 0xBD, 0xE2, 0xB5, 0x1E, 0xB2, 0x85, 0x2E, 0x95, 0xE2, 0x59, 0x15, 0xF5,
    0x19, 0x50, 0xCC, 0x78, 0xF0, 0x7B, 0x5A, 0x1B, 0x11, 0x2C, 0x8F, 0xBC, 0x07, 0x58, 0x6B, 0x2D,
    0x5D, 0xB2, 0x9A, 0x6D, 0x3C, 0xA5, 0xAB, 0x5F, 0xA5, 0x0B, 0x9E, 0x3D, 0xDD, 0xAB, 0x2E, 0xD2,
    0xF5, 0x56, 0x9B, 0x21, 0x98, 0x59, 0x05, 0xED, 0x82, 0xD5, 0x5C, 0x5D, 0xBB, 0x39, 0xBF, 0x31,
    0x0C, 0xB3, 0x15, 0x12, 0x5D, 0x27, 0xA9, 0x58, 0x40, 0x2B, 0x67, 0x00, 0xD7, 0xC0, 0x7F, 0x25,
    0x4B, 0xE4, 0x5E, 0x2B, 0x62, 0x58, 0xDD, 0xC4, 0xFB, 0x40, 0x2E, 0x67, 0x33, 0xF6, 0x76, 0xDB,
    0x99, 0xFD, 0xCA, 0x63, 0xDC, 0xE8, 0x6B, 0x41, 0x13, 0x8D, 0x64, 0x9F, 0x44, 0xB3, 0x14, 0x3F,
    0x19, 0xCC, 0x6C, 0xF9, 0x3F, 0x9D, 0x32, 0x97, 0x04, 0x94, 0xB2, 0x78, 0xD8, 0xA5, 0x1B, 0x60,
    0x53, 0x39, 0x52, 0x2F, 0xA7, 0x0B, 0xBD, 0x1C, 0xCC, 0x02, 0xA7, 0xD0, 0xAF, 0xA0, 0x27, 0xD7,
    0xFC, 0xB5, 0x39, 0xAC, 0xB7, 0x09, 0x75, 0x5B, 0x0F, 0xA8, 0x43, 0x17, 0x60, 0x65, 0x01, 0xF2,
    0x43, 0x81, 0x05, 0xA0, 0x3E, 0xEF, 0xF4, 0x5C, 0x7D, 0x1D, 0xB5, 0xDB, 0x79, 0x56, 0xBA, 0x5E,
    0xFB, 0x5D, 0x75, 0xBD, 0xF4, 0x1D, 0x9D, 0x85, 0xD0, 0xDD, 0xDC, 0x24, 0xFE, 0x16, 0x94, 0xB7,
    0x93, 0x4C, 0x00, 0xE0, 0x7E, 0xAE, 0x8E, 0x2A, 0x0E, 0x64, 0x83, 0xBA, 0xBC, 0xD7, 0xE2, 0x34,
    0x41, 0x0F, 0x63, 0x3D, 0x6B, 0xF6, 0x6B, 0xB5, 0xB6, 0xEB, 0xFB, 0x13, 0x2A, 0x2A, 0x47, 0xCA,
    0xBB, 0xE5, 0x11, 0x0F, 0xCE, 0x5A, 0xA7, 0xE5, 0x03, 0x0E, 0xA2, 0x03, 0xBB, 0xB9, 0xCA, 0xAB,
    0x73, 0x8A, 0x78, 0x8E, 0x83, 0x15, 0xF2, 0x08, 0xA8, 0x25, 0x02, 0xDF, 0xAD, 0x56, 0x88, 0xCC,
    0x61, 0x70, 0x03, 0xF2, 0xE0, 0x7A, 0x26, 0x11, 0x50, 0xF8, 0x26, 0xC0, 0xA2, 0x6B, 0xF1, 0x25,
    0x48, 0xAB, 0xA7, 0xD6, 0x33, 0xFF, 0xED, 0xD3, 0x15, 0xCE, 0x63, 0x26, 0x7F, 0x26, 0x3D, 0x64,
    0x6E, 0x5A, 0x34, 0x13, 0xFB, 0x3B, 0xF1, 0xFC, 0x71, 0x57, 0xBF, 0x52, 0xF3, 0x6E, 0x0F, 0xC1,
    0x59, 0x74, 0x6E, 0xD3, 0xA1, 0x5A, 0x46, 0x16, 0x9D, 0x11, 0x16, 0x1D, 0x9F, 0x48, 0x3A, 0x33,
    0x2E, 0x57, 0xB7, 0xC9, 0x52, 0x49, 0x97, 0x34, 0xE3, 0x2A, 0xF1, 0x49, 0x35, 0x3A, 0xED, 0xCD,
    0xCD, 0xBA, 0x70, 0x74, 0x3D, 0x9F, 0xD0, 0x04, 0x3E, 0xA1, 0x0B, 0x7C, 0x22, 0xD7, 0x1D, 0x5D,
    0x0B, 0xA1, 0xF3, 0x7C, 0xCA, 0x85, 0x4F, 0x2C, 0xBA, 0x6C, 0x2B, 0xBA, 0x8D, 0x75, 0x0D, 0x8E,
    0x2B, 0x1A, 0x15, 0x0F, 0x60, 0xE9, 0x66, 0x90, 0x10, 0x2C, 0xDB, 0x78, 0xEE, 0x5E, 0x8A, 0x57,
    0x71, 0x49, 0xA0, 0x5D, 0x27, 0xBC, 0xF3, 0x18, 0xEF, 0xB4, 0x6E, 0x81, 0x0B, 0xC5, 0x8C, 0x86,
    0x97, 0xD4, 0x11, 0xA4, 0x2D, 0x47, 0x88, 0xB7, 0x89, 0xF3, 0x59, 0x44, 0xA8, 0x48, 0x0B, 0xEA,
    0xAD, 0xD4, 0x56, 0x70, 0x7D, 0x31, 0xC1, 0x85, 0x72, 0x42, 0x13, 0xEC, 0x88, 0x2E, 0xD8, 0x04,
    0x69, 0x2D, 0x83, 0x55, 0x84, 0x7A, 0xC0, 0x17, 0x99, 0x47, 0x4D, 0xCE, 0xDD, 0x1D, 0x61, 0xD4,
    0x09, 0xB8, 0x2A, 0x0F, 0xDF, 0x02, 0xF6, 0xB2, 0x8D, 0xBD, 0xAF, 0xCB, 0xAF, 0xC9, 0x5E, 0x23,
    0x02, 0xB5, 0xDB, 0x04, 0x52, 0xA7, 0x36, 0x2A, 0xE6, 0x11, 0x87, 0x21, 0x88, 0xB2, 0x27, 0x7E,
    0x7A, 0xDA, 0x0A, 0xD2, 0x56, 0xCC, 0x7F, 0xCC, 0xC9, 0x98, 0x28, 0x28, 0x8C, 0xF2, 0xFB, 0xDA,
    0x6B, 0x7B, 0xA9, 0xA1, 0x06, 0x80, 0xF7, 0x09, 0xD3, 0x5E, 0x73, 0x51, 0x24, 0x36, 0x32, 0x74,
    0x32, 0x94, 0x0B, 0xEC, 0xA4, 0x9D, 0x3D, 0xF2, 0x41, 0xF9, 0x21, 0xF1, 0x6C, 0xF3, 0x48, 0x9E,
    0x5C, 0xE4, 0x83, 0x1B, 0x14, 0x7B, 0x54, 0x63, 0x26, 0x41, 0x4F, 0xC4, 0x69, 0xBB, 0xAC, 0x88,
    0xBF, 0xF2, 0x6C, 0x60, 0xE5, 0x82, 0xA8, 0xC9, 0x2A, 0x9A, 0x85, 0x58, 0x28, 0x9E, 0xB1, 0xB3,
    0x32, 0xE5, 0x39, 0x9F, 0xF5, 0xCB, 0xA8, 0xD8, 0x2B, 0x1E, 0x6D, 0x03, 0xA5, 0xC7, 0x31, 0x35,
    0x0F, 0x9D, 0x1C, 0x09, 0x91, 0xF2, 0xA3, 0xFB, 0x8B, 0xF8, 0x0B, 0x28, 0x04, 0xA5, 0x74, 0x54,
    0xCF, 0xD7, 0x0B, 0xF0, 0x43, 0x55, 0xAB, 0x4B, 0x92, 0x85, 0x8C, 0x82, 0x64, 0x78, 0x60, 0x33,
    0xEA, 0x0D, 0xEC, 0xEC, 0x94, 0x2A, 0xE2, 0x9E, 0x80, 0xDD, 0x1A, 0x0E, 0x39, 0x2D, 0xA9, 0xA0,
    0xE5, 0x6D, 0x56, 0xEF, 0x58, 0x54, 0xD2, 0xA3, 0x99, 0x57, 0xDF, 0xF5, 0xF8, 0x84, 0x8B, 0xC2,
    0xD9, 0x90, 0xFD, 0x8A, 0x05, 0x75, 0x6F, 0x30, 0x1F, 0xD2, 0x57, 0xB1, 0xFC, 0x3E, 0x2B, 0xAB,
    0x8A, 0x96, 0xA5, 0x75, 0xDB, 0xC6, 0xDB, 0xAC, 0xDF, 0x53, 0x9B, 0x4E, 0xA8, 0x22, 0x27, 0x36,
    0x3D, 0x55, 0x5F, 0x8E, 0x91, 0xE5, 0xF5, 0xA0, 0xFC, 0xA4, 0x67, 0x7D, 0x3D, 0x2D, 0x24, 0xB0,
    0xC0, 0x52, 0x21, 0xAA, 0x8A, 0x51, 0x57, 0x5A, 0xFA, 0x59, 0x97, 0x8B, 0x68, 0x46, 0x2D, 0xB2,
    0x73, 0x13, 0xB7, 0x2A, 0xCB, 0x87, 0xBD, 0xCC, 0x80, 0x53, 0x5C, 0x2A, 0x34, 0x8C, 0x38, 0x2E,
    0x35, 0x66, 0x7A, 0x2C, 0x7B, 0x6A, 0x5F, 0x7C, 0xDC, 0xE2, 0x9D, 0x47, 0xB0, 0x2C, 0xE8, 0x08,
    0x48, 0x9F, 0xC9, 0x40, 0x67, 0xA4, 0xA7, 0x90, 0x97, 0x5D, 0x0F, 0xF3, 0x62, 0xA8, 0x9A, 0x00,
    0xF3, 0xCF, 0xF1, 0xA4, 0x0B, 0x28, 0xBF, 0x1D, 0x9F, 0x48, 0x0B, 0x6B, 0x3F, 0x1A, 0xC4, 0xE3,
    0xA6, 0x7D, 0x1D, 0x04, 0xF8, 0x93, 0x52, 0xD8, 0x89, 0x27, 0xC5, 0x92, 0x0B, 0xFE, 0xFA, 0x49,
    0x31, 0xE5, 0x0B, 0xCE, 0xA3, 0x49, 0x46, 0xAE, 0x48, 0x30, 0x43, 0x2E, 0x53, 0xC7, 0x4B, 0xED,
    0xC6, 0x6D, 0xC9, 0xB9, 0xA4, 0xC5, 0xC5, 0x25, 0x2D, 0xAE, 0x77, 0x2D, 0x7E, 0xC3, 0x5B, 0xD9,
    0x35, 0xA5, 0xEB, 0xEF, 0x00, 0x74, 0xD9, 0xC0, 0x30, 0xBF, 0x09, 0x8C, 0xBE, 0xE0, 0xB7, 0xB6,
    0x65, 0xD8, 0x48, 0x74, 0x8A, 0x4D, 0x22, 0x0A, 0x31, 0x7F, 0xA9, 0xB5, 0xF3, 0x21, 0xB1, 0xFC,
    0x9E, 0x6E, 0x4B, 0x05, 0xF1, 0x54, 0xF1, 0x81, 0x56, 0x5C, 0x22, 0xE6, 0x83, 0x9E, 0xFC, 0xFC,
    0x47, 0x2B, 0x6A, 0xE3, 0xA2, 0xD2, 0xC3, 0x7C, 0x43, 0x5B, 0xE3, 0x99, 0xB6, 0x49, 0xE2, 0x11,
    0x4D, 0x42, 0x26, 0xA1, 0x5E, 0xF0, 0x75, 0xF9, 0x45, 0x23, 0x9E, 0x3A, 0x86, 0x8C, 0x1D, 0x51,
    0x78, 0x94, 0xF1, 0x26, 0x1B, 0x67, 0xDA, 0x87, 0xEB, 0x75, 0xEC, 0x76, 0x75, 0xF9, 0xA6, 0x47,
    0x23, 0xE2, 0x33, 0xE1, 0xCA, 0x30, 0xE9, 0x0B, 0xCF, 0xFE, 0xAE, 0xE3, 0x7A, 0x33, 0xED, 0x1A,
    0x52, 0xB2, 0x51, 0xEC, 0x08, 0x69, 0xAB, 0xB4, 0x82, 0x8B, 0xE8, 0xDA, 0xB3, 0x88, 0xE6, 0xA7,
    0xFF, 0x9E, 0xBC, 0x93, 0x6F, 0x4B, 0xB0, 0x33, 0x3B, 0xD3, 0x1F, 0xED, 0x62, 0xD9, 0xC8, 0x4B,
    0xC9, 0x27, 0x3B, 0x28, 0xF6, 0x00, 0xA2, 0xF6, 0x08, 0xDE, 0x16, 0x7E, 0x68, 0x2E, 0xDB, 0xDE,
    0x11, 0x2E, 0xE0, 0x96, 0x5E, 0xE7, 0x9B, 0xE6, 0xA7, 0x14, 0x91, 0xF9, 0xC8, 0xE7, 0x2F, 0x46,
    0x30, 0xB1, 0xE2, 0xFB, 0x89, 0xDD, 0xC7, 0xF6, 0x57, 0x7F, 0x5A, 0x47, 0x7C, 0x95, 0xBB, 0xFF,
    0x46, 0x50, 0xC6, 0x5E, 0x3F, 0xEC, 0x3F, 0xB0, 0xBE, 0x91, 0x65, 0xDB, 0xDC, 0xD5, 0x3F, 0x80,
    0x28, 0xBF, 0x1F, 0xDF, 0x55, 0x6F, 0x44, 0xC4, 0x33, 0xCA, 0xCF, 0xFE, 0x42, 0x80, 0x8D, 0x19,
    0x56, 0xE7, 0xA9, 0x8E, 0xB6, 0x1E, 0x23, 0x3B, 0xA2, 0x08, 0x79, 0xE2, 0x64, 0xAB, 0xC8, 0xCD,
    0x99, 0x88, 0xB4, 0x4E, 0x74, 0x05, 0xF6, 0x6B, 0xF2, 0xB8, 0x47, 0x72, 0xE4, 0x57, 0x22, 0x20,
    0x01, 0xBD, 0x78, 0xC3, 0x3C, 0xBB, 0x56, 0x07, 0x89, 0xF8, 0x8A, 0x1B, 0x95, 0x28, 0x11, 0x9B,
    0x9C, 0xCE, 0xF7, 0x12, 0xC9, 0x10, 0xF1, 0xA4, 0x63, 0x7E, 0x0F, 0x24, 0x64, 0x04, 0x9D, 0x63,
    0x82, 0x5D, 0xFB, 0xAF, 0x13, 0xBE, 0xBA, 0xD2, 0xF2, 0x81, 0xE0, 0x09, 0x9C, 0xDC, 0x11, 0x89,
    0xB0, 0x33, 0x6A, 0x1E, 0xD8, 0x1F, 0x6F, 0xF2, 0xB6, 0xFD, 0x12, 0x8F, 0x1C, 0x4E, 0xF8, 0x7C,
    0x1E, 0x95, 0x2C, 0x4D, 0xEE, 0x3B, 0x38, 0x6A, 0x6E, 0x06, 0x52, 0x64, 0x4A, 0x0E, 0x9A, 0x88,
    0x36, 0xF9, 0x4D, 0x6D, 0xF3, 0x3F, 0xD8, 0x1A, 0x7D, 0xC5, 0x44, 0xAC, 0x14, 0x6B, 0x65, 0xC5,
    0x6D, 0xA8, 0x7C, 0x6E, 0x6C, 0x36, 0x81, 0xD8, 0x29, 0x4A, 0x80, 0x9E, 0x1D, 0x91, 0xB5, 0x93,
    0x45, 0x32, 0x57, 0x0C, 0x3A, 0xE1, 0x7B, 0x74, 0x2B, 0x06, 0x3D, 0x6E, 0x19, 0x4A, 0xD8, 0xFE,
    0x16, 0xEC, 0x79, 0xA2, 0xA4, 0x1F, 0x3A, 0xEB, 0xAA, 0x78, 0x38, 0x89, 0xD9, 0x6C, 0x53, 0x91,
    0x6C, 0xB2, 0xD1, 0xA6, 0x7A, 0xB0, 0xD1, 0x05, 0xD7, 0x37, 0xFF, 0x26, 0x9E, 0x32, 0x22, 0x3F,
    0x63, 0x00, 0x52, 0xC2, 0xD0, 0xB9, 0x77, 0xD1, 0xFA, 0x4A, 0x16, 0xE4, 0x92, 0x80, 0x2F, 0x80,
    0xA6, 0x49, 0x0F, 0xD0, 0xDB, 0xCD, 0xE7, 0xBF, 0x94, 0x60, 0x7A, 0x74, 0x43, 0xCE, 0x7E, 0xD9,
    0xB3, 0xB1, 0xE3, 0x25, 0xA8, 0xC6, 0x35, 0xB4, 0x24, 0x74, 0xE7, 0x5D, 0x2A, 0x17, 0xB8, 0xA8,
    0xC3, 0xB6, 0xE1, 0xBA, 0xD1, 0x05, 0x48, 0xCB, 0x99, 0x8E, 0xAE, 0xD5, 0x39, 0x5F, 0x45, 0xD4,
    0xE7, 0xD2, 0xA2, 0xD0, 0x56, 0xD0, 0x88, 0x37, 0x3E, 0x06, 0x44, 0x82, 0x79, 0xD5, 0x44, 0xE3,
    0xED, 0x98, 0x91, 0xC9, 0xFD, 0x73, 0x43, 0xA6, 0x4C, 0x7E, 0x33, 0x95, 0x93, 0x1D, 0xAB, 0x68,
    0xA3, 0xEB, 0xAB, 0xC1, 0x05, 0xFE, 0xD7, 0xA1, 0x7E, 0x3D, 0xA1, 0x94, 0xFE, 0xE8, 0xFA, 0x4C,
    0xAC, 0x5A, 0x14, 0xC9, 0x85, 0x0D, 0xF2, 0xA1, 0x02, 0xED, 0x73, 0x49, 0x8A, 0xE6, 0xF2, 0x84,
    0xC6, 0x8C, 0xFA, 0xD9, 0x5B, 0xFC, 0x33, 0x4D, 0x78, 0x97, 0x3C, 0x5D, 0xC9, 0x77, 0xD5, 0xC3,
    0x2E, 0x7C, 0xB4, 0x74, 0xD0, 0xBE, 0xFF, 0x4F, 0x2F, 0xE9, 0xBB, 0xD9, 0xF0, 0x5C, 0x7D, 0x1D,
    0x96, 0x0B, 0x3F, 0xAB, 0xB7, 0xFE, 0x3E, 0x76, 0x7B, 0xFB, 0x5E, 0xD2, 0x0F, 0x83, 0xCA, 0x4C,
    0x55, 0x0F, 0x33, 0x56, 0x01, 0xD9, 0x50, 0x7A, 0x1C, 0x2C, 0x97, 0x59, 0x35, 0x83, 0xE5, 0xE6,
    0x22, 0x84, 0x64, 0x2C, 0xAC, 0xD3, 0x5B, 0x04, 0xA0, 0x8E, 0xBB, 0x82, 0x88, 0x47, 0x26, 0x23,
    0xB4, 0x83, 0x29, 0x01, 0x50, 0xDD, 0x53, 0x65, 0x21, 0xF4, 0x57, 0x09, 0xB5, 0xE7, 0xBF, 0xD3,
    0x52, 0x10, 0x7B, 0x23, 0xA8, 0x96, 0x6E, 0x62, 0x75, 0x3F, 0x3C, 0xFA, 0xE1, 0xCD, 0x73, 0x13,
    0x21, 0x45, 0xC2, 0x52, 0x44, 0xDC, 0xCF, 0xFB, 0x03, 0x69, 0x1F, 0xEB, 0xDE, 0x59, 0x46, 0x37,
    0xD8, 0x50, 0xC7, 0x62, 0xFD, 0x6C, 0x91, 0x9B, 0x16, 0x6E, 0x04, 0xDC, 0xAC, 0x01, 0x19, 0xEF,
    0xCB, 0xEB, 0xE7, 0x19, 0xBA, 0x30, 0x43, 0xDA, 0xEE, 0x07, 0x8B, 0xEE, 0x2E, 0xAA, 0x9C, 0x4E,
    0x24, 0x6E, 0xD0, 0x50, 0xCA, 0x9E, 0xDF, 0xBD, 0xE7, 0x11, 0xF1, 0x0C, 0x88, 0x79, 0xDC, 0x37,
    0xFC, 0x53, 0x72, 0xC2, 0x14, 0x0A, 0x69, 0x09, 0xE3, 0xBE, 0x76, 0xE7, 0x02, 0x4D, 0x53, 0xE1,
    0x84, 0xF0, 0x1C, 0x99, 0x40, 0x90, 0x2F, 0xDB, 0x08, 0x74, 0xE7, 0x5D, 0xE4, 0x1E, 0xEF, 0x2F,
    0xB2, 0xF9, 0x9B, 0xC7, 0x8F, 0x5B, 0x74, 0xE4, 0x8E, 0x83, 0x05, 0xF3, 0xDD, 0x1F, 0x23, 0x1B,
    0x90, 0x90, 0x6F, 0xC5, 0xAC, 0xA2, 0xF0, 0x6C, 0xDF, 0xE5, 0xEC, 0x7F, 0x6B, 0xED, 0x2A, 0x57,
    0x7A, 0x96, 0x71, 0x5F, 0xBB, 0xCD, 0x31, 0x7C, 0x99, 0x7F, 0xF6, 0x9C, 0xDF, 0xEA, 0x4B, 0xA4,
    0x90, 0x5D, 0xF7, 0x72, 0xD9, 0x54, 0x85, 0xC6, 0x48, 0xEA, 0x3C, 0xDD, 0xDD, 0xBB, 0xC7, 0xF3,
    0x22, 0x71, 0xEE, 0x77, 0x32, 0xD4, 0x92, 0x98, 0x92, 0x11, 0x1D, 0x13, 0x66, 0x51, 0x57, 0xCC,
    0x1A, 0xB4, 0xDA, 0x5E, 0xEC, 0x9A, 0xD5, 0xB1, 0x01, 0x46, 0x5E, 0x71, 0xF9, 0x22, 0x81, 0xC2,
    0x53, 0xE9, 0x9A, 0x38, 0xD5, 0x74, 0xFF, 0x19, 0xA9, 0x58, 0xCD, 0x8B, 0xD6, 0x51, 0xCD, 0x16,
    0xBD, 0x09, 0x19, 0xF5, 0xB2, 0x39, 0x24, 0x82, 0xEE, 0x1E, 0x42, 0xA7, 0xB7, 0x62, 0x44, 0xFF,
    0xE0, 0x9E, 0x0C, 0xEB, 0x06, 0x02, 0x7D, 0x63, 0x1A, 0xC9, 0xEE, 0x74, 0x01, 0xD9, 0xDD, 0xEF,
    0x5C, 0x7E, 0x85, 0xE3, 0x38, 0xDD, 0x64, 0x4D, 0x3C, 0x01, 0xC7, 0x3F, 0x94, 0x3E, 0xFC, 0x3C,
    0xBA, 0x9C, 0x50, 0x0F, 0x76, 0x82, 0x1B, 0x6A, 0xC2, 0x3F, 0x8C, 0x70, 0xFF, 0xF3, 0xE1, 0x74,
    0xCD, 0xC9, 0xB7, 0x44, 0x5B, 0xBA, 0x85, 0xE7, 0xBA, 0x7A, 0x79, 0x2B, 0xD3, 0x72, 0x3F, 0xB8,
    0x6C, 0xD8, 0xC5, 0xE9, 0xAD, 0x26, 0x4B, 0xAD, 0x18, 0x1C, 0x60, 0x63, 0xE3, 0x61, 0x87, 0x06,
    0x28, 0xDA, 0x5B, 0x50, 0x7B, 0xF3, 0xDC, 0xE9, 0xAA, 0xA8, 0x6B, 0xE2, 0x8E, 0xB7, 0x11, 0x71,
    0xD9, 0x74, 0x91, 0xC9, 0x85, 0xA7, 0xD5, 0x40, 0x70, 0x01, 0xCC, 0x0C, 0x90, 0xC0, 0xDF, 0xEA,
    0xDB, 0x38, 0x9A, 0x60, 0x89, 0x7D, 0x95, 0x88, 0x24, 0x88, 0xDA, 0xB2, 0xA3, 0x04, 0x92, 0x24,
    0x7E, 0xC5, 0x5C, 0xB0, 0xA2, 0x59, 0x88, 0xC5, 0x44, 0xAD, 0xB1, 0x89, 0xBF, 0x6A, 0xFD, 0x6D,
    0xD7, 0x22, 0x97, 0x97, 0x33, 0xC3, 0x1E, 0x7E, 0xFA, 0xAF, 0x56, 0xB5, 0x13, 0xDC, 0x4F, 0x66,
    0xB8, 0x7F, 0xE4, 0x2A, 0xF4, 0xE4, 0x68, 0x9F, 0xE5, 0xBE, 0x14, 0xF3, 0xA5, 0x9C, 0xCA, 0xD1,
    0xCC, 0x76, 0x7D, 0x72, 0x43, 0x2E, 0xAE, 0xCF, 0xA5, 0x09, 0x66, 0xE9, 0xD6, 0x8F, 0xB4, 0xC5,
    0x2C, 0x6D, 0x39, 0x71, 0xC9, 0xEB, 0x42, 0x1D, 0x5D, 0xDF, 0x84, 0x4A, 0x78, 0xFD, 0x09, 0xB8,
    0xFE, 0x29, 0x33, 0x95, 0xD5, 0x82, 0x23, 0x7E, 0xDA, 0x4C, 0x7F, 0x57, 0x36, 0x22, 0x4B, 0xF7,
    0xEB, 0x1F, 0xFD, 0xEE, 0x6C, 0xDE, 0xF4, 0xDD, 0x1E, 0x32, 0x7E, 0x93, 0x77, 0xFB, 0x99, 0xB2,
    0x91, 0x27, 0xCE, 0xC3, 0xB1, 0x56, 0xF8, 0x3F, 0xE6, 0xE1, 0x88, 0x6D, 0xC7, 0xEA, 0xDA, 0x7A,
    0x80, 0xF0, 0xC8, 0x0B, 0x15, 0xE1, 0xD6, 0x26, 0xD6, 0xC5, 0x4C, 0x58, 0x2E, 0x40, 0x64, 0x46,
    0x46, 0x00, 0xEC, 0x84, 0x1D, 0x46, 0x9D, 0x9B, 0x57, 0xC1, 0xC6, 0xF3, 0x68, 0x74, 0x1E, 0xC2,
    0xF5, 0xDC, 0xDE, 0x2F, 0x4F, 0x10, 0xB5, 0xA9, 0x18, 0x30, 0x97, 0x51, 0x3F, 0x4F, 0x4D, 0x38,
    0xCC, 0xC3, 0x11, 0x46, 0xC4, 0x73, 0x35, 0xDB, 0xE6, 0x61, 0x15, 0xF7, 0x97, 0x7A, 0x38, 0x49,
    0x24, 0x63, 0x7F, 0xB1, 0xFF, 0x1A, 0x1C, 0xE7, 0xA1, 0x9F, 0xB3, 0x05, 0xDD, 0x0F, 0xC6, 0xED,
    0x2A, 0x95, 0x51, 0x11, 0xBF, 0xE3, 0xD1, 0xAC, 0x68, 0xA8, 0x7A, 0xA1, 0x91, 0xBE, 0x96, 0xD6,
    0x2E, 0x30, 0x23, 0xD3, 0x32, 0x91, 0xB7, 0x55, 0x04, 0x18, 0x81, 0xF5, 0x14, 0xA8, 0x5A, 0x07,
    0xEE, 0x03, 0x62, 0xD0, 0xFA, 0xF9, 0xA9, 0x2E, 0x03, 0x3F, 0x0F, 0x44, 0x86, 0x40, 0x25, 0xD0,
    0xAC, 0x15, 0x47, 0x62, 0x11, 0x15, 0x7B, 0x00, 0xD7, 0xEF, 0xB5, 0xFA, 0x17, 0x41, 0x9C, 0x88,
    0x55, 0x24, 0x66, 0xD8, 0xCC, 0xC8, 0xBC, 0xE3, 0x61, 0x3C, 0x00, 0x5F, 0xF9, 0x17, 0xD4, 0x1E,
    0x6E, 0xA6, 0x7A, 0x16, 0x0B, 0x91, 0xB2, 0x16, 0x90, 0x29, 0x42, 0xBC, 0x6D, 0x79, 0x2C, 0x0B,
    0x96, 0xE4, 0x6D, 0xDD, 0x3F, 0x4E, 0x74, 0x47, 0x79, 0x4A, 0x1C, 0x18, 0xA2, 0xFE, 0x39, 0xE3,
    0xDB, 0xD7, 0x2D, 0x51, 0xE3, 0x97, 0x33, 0xB1, 0x18, 0x89, 0x26, 0x12, 0xCB, 0x40, 0xAC, 0x3D,
    0x71, 0x26, 0x94, 0x09, 0x40, 0x27, 0x81, 0x38, 0xE2, 0xF2, 0x48, 0xD9, 0x47, 0x89, 0x6E, 0x50,
    0x87, 0x92, 0x79, 0xBB, 0xF8, 0x3C, 0xF4, 0x0F, 0xB4, 0x83, 0x76, 0xBC, 0x89, 0xA7, 0x50, 0x7B,
    0x0B, 0x19, 0xCE, 0xDE, 0x63, 0x51, 0xDA, 0x8F, 0x54, 0x09, 0x3E, 0xE0, 0xF7, 0xEF, 0x97, 0x3D,
    0x80, 0xA4, 0xCB, 0x93, 0xBF, 0xFE, 0x36, 0x31, 0xFC, 0xBF, 0xA5, 0x92, 0x01, 0x84, 0x1E, 0x47,
    0x1C, 0xC5, 0xDF, 0xEE, 0x36, 0xF7, 0xD1, 0xC1, 0x04, 0x14, 0x2D, 0x5D, 0x00, 0x82, 0x5B, 0x00,
    0x2A, 0x67, 0xA6, 0x05, 0x80, 0x16, 0x28, 0x00, 0x00, 0x57, 0x1C, 0x40, 0x68, 0xD8, 0x45, 0x81,
    0xC2, 0xA1, 0x00, 0x38, 0xA4, 0x5C, 0x3E, 0x08, 0x14, 0x41, 0x6A, 0x07, 0x00, 0xB0, 0x50, 0x00,
    0x96, 0x06, 0x55, 0xC8, 0x60, 0xE9, 0x34, 0x76, 0xF7, 0x75, 0x9E, 0xF9, 0x34, 0x89, 0xA8, 0x46,
    0xF2, 0xB7, 0xDF, 0xEF, 0xDD, 0xEE, 0x38, 0xF3, 0xDE, 0x9B, 0x01, 0x70, 0xE7, 0xCB, 0x6F, 0x32,
    0xDD, 0x8F, 0x31, 0x73, 0x6F, 0x03, 0x50, 0x2F, 0x0E, 0xC0, 0x61, 0x4A, 0x99, 0x15, 0xB4, 0xA8,
    0xC1, 0xA7, 0xB7, 0xE8, 0x3C, 0xDC, 0x86, 0x3E, 0xE0, 0xB0, 0x8B, 0x35, 0x61, 0x03, 0x2A, 0x11,
    0xA0, 0xB7, 0x43, 0xE6, 0x60, 0x01, 0x8C, 0xE1, 0x3C, 0xB3, 0x0F, 0xF7, 0x33, 0xDD, 0xF4, 0x54,
    0x9C, 0x63, 0x66, 0xF7, 0xFB, 0x94, 0x69, 0xFF, 0x1A, 0x44, 0x66, 0xC0, 0x6C, 0xE2, 0x21, 0x89,
    0x4D, 0x14, 0x4D, 0x10, 0x3B, 0x2F, 0x6E, 0x82, 0x59, 0x32, 0x46, 0x06, 0x31, 0xE1, 0xD5, 0x54,
    0x49, 0xDB, 0x36, 0x6B, 0x3B, 0x65, 0x26, 0x19, 0xAF, 0x66, 0xE3, 0xF1, 0xFA, 0x38, 0xA6, 0x9E,
    0xA9, 0xE3, 0x72, 0xC5, 0xE7, 0x0D, 0x71, 0x20, 0x9A, 0x1D, 0x87, 0x0D, 0x7A, 0x56, 0x3D, 0x46,
    0x0F, 0x6C, 0x82, 0xCD, 0x5C, 0xF4, 0x47, 0x9B, 0xB9, 0xA2, 0x8B, 0xB0, 0x1B, 0x5C, 0xC4, 0x81,
    0x2F, 0x38, 0xA3, 0x22, 0x39, 0x01, 0x9F, 0xFC, 0x94, 0x43, 0x43, 0xF1, 0x44, 0x16, 0x2A, 0x4B,
    0x45, 0x9F, 0x59, 0x8B, 0xE8, 0xF8, 0x1C, 0xF2, 0xBB, 0xA0, 0x8C, 0x99, 0x1C, 0x60, 0xE7, 0x31,
    0x63, 0xCA, 0x30, 0xC3, 0x05, 0x5E, 0xCD, 0xBD, 0xC7, 0xB8, 0xF4, 0x6E, 0x07, 0x87, 0x6C, 0x89,
    0xFE, 0xB0, 0x56, 0x84, 0x00, 0xB3, 0xD6, 0x3B, 0x6C, 0x6A, 0x36, 0x61, 0x85, 0xD9, 0x9F, 0xAC,
    0x68, 0xC8, 0x15, 0xB8, 0xFC, 0x3A, 0x01, 0x32, 0x2B, 0x08, 0xC9, 0x67, 0x50, 0x25, 0x10, 0x00,
    0xEE, 0x02, 0x3D, 0x49, 0x5F, 0xA8, 0xC0, 0x0E, 0x0A, 0xDC, 0x41, 0x81, 0x5B, 0x28, 0xF0, 0xE7,
    0x50, 0x54, 0x64, 0x2E, 0x62, 0x1B, 0xC5, 0x4E, 0x84, 0x2B, 0x9C, 0x21, 0x4E, 0xE2, 0x7F, 0x64,
    0xC6, 0x29, 0x33, 0xA0, 0xCC, 0x7F, 0x64, 0x8E, 0xB2, 0xA7, 0x5D, 0xC4, 0x2A, 0x89, 0x58, 0x04,
    0xC4, 0xB7, 0xA8, 0xA9, 0x8F, 0xC7, 0xA3, 0x42, 0x11, 0xE8, 0xA7, 0x2E, 0x23, 0xB4, 0x42, 0x36,
    0x37, 0x0E, 0x1F, 0x9D, 0x76, 0xA1, 0x57, 0xBB, 0xA7, 0x8D, 0x14, 0x26, 0x63, 0x13, 0x56, 0xED,
    0x24, 0x18, 0x5E, 0x9F, 0xF2, 0xA3, 0x09, 0xFA, 0x28, 0xD8, 0xE1, 0x74, 0x87, 0xBE, 0xA0, 0x12,
    0xE8, 0x3F, 0xCE, 0x6E, 0xF0, 0xC6, 0xD8, 0xF0, 0x2B, 0x34, 0x6D, 0xD8, 0xDF, 0x50, 0xE3, 0x1F,
    0xE0, 0xED, 0xE9, 0x19, 0xD1, 0x71, 0xC5, 0xC8, 0x39, 0x6B, 0x82, 0xD9, 0xCB, 0x79, 0x9B, 0x55,
    0x0A, 0xA9, 0xDC, 0xA9, 0xD6, 0xA2, 0x0B, 0x54, 0x3A, 0xDA, 0x45, 0x6B, 0xE5, 0x56, 0x48, 0x1D,
    0xE9, 0x6D, 0x52, 0xC1, 0xE3, 0x64, 0x17, 0x55, 0xEC, 0x62, 0xBB, 0x40, 0xD9, 0x17, 0x1D, 0xC0,
    0x98, 0xD5, 0x65, 0xA5, 0x74, 0x56, 0x09, 0x5D, 0x74, 0x93, 0x2E, 0x98, 0x8B, 0x7D, 0xC8, 0x8A,
    0x71, 0x1A, 0x03, 0x1A, 0x9E, 0xD1, 0x33, 0xE0, 0x8A, 0xDC, 0x3E, 0xCB, 0xE5, 0x93, 0xBC, 0x76,
    0xAA, 0xFF, 0x34, 0xAE, 0x4A, 0xE2, 0x57, 0xEB, 0xBF, 0x3C, 0x47, 0xC4, 0xEB, 0x73, 0x79, 0x0B,
    0x1C, 0x6F, 0xC7, 0x15, 0x60, 0xB2, 0xAB, 0x8C, 0xDA, 0x24, 0xDB, 0x32, 0xD5, 0x46, 0x1B, 0x75,
    0x1F, 0xDA, 0x97, 0x3F, 0xC3, 0xCD, 0x1D, 0x19, 0xB2, 0xCD, 0xB9, 0x8F, 0x2E, 0x6B, 0xBB, 0xF4,
    0xC1, 0x05, 0x9B, 0xC6, 0xD0, 0x07, 0xBB, 0x70, 0x70, 0xA1, 0x8D, 0x99, 0x79, 0x9D, 0x3F, 0xB4,
    0x7F, 0x33, 0x8C, 0x5B, 0xCD, 0x0D, 0x6E, 0xC1, 0x1D, 0xA0, 0x7A, 0xCF, 0xAB, 0x58, 0x8F, 0x2F,
    0x6F, 0x00, 0x43, 0xC6, 0x0F, 0xBC, 0x8A, 0xB8, 0x2F, 0xA0, 0x1C, 0xE8, 0x2F, 0xC2, 0xF7, 0x51,
    0x1C, 0x27, 0xF1, 0x9E, 0xCF, 0xF8, 0xF8, 0x78, 0xBC, 0xB5, 0xE4, 0x9A, 0x1B, 0x7E, 0x56, 0x11,
    0x0F, 0xF3, 0xEF, 0x41, 0xBD, 0xE3, 0xAE, 0x0E, 0xF1, 0xBB, 0xFD, 0x11, 0xC8, 0x24, 0x9B, 0x28,
    0xED, 0x00, 0x36, 0x16, 0x93, 0xDD, 0xEE, 0xE1, 0xB4, 0xAF, 0x45, 0xF9, 0x29, 0xC8, 0x06, 0xA8,
    0xCB, 0xB3, 0x6B, 0x7D, 0xE3, 0x66, 0x18, 0xD0, 0x32, 0x19, 0x0E, 0xA8, 0x18, 0x74, 0x24, 0xE0,
    0xD4, 0xCC, 0x0A, 0x32, 0x1B, 0x19, 0x77, 0xF1, 0x1C, 0xF2, 0x9C, 0x9E, 0x49, 0xEC, 0x1E, 0x25,
    0xA6, 0x24, 0x6B, 0x88, 0x22, 0x5E, 0x72, 0x28, 0x41, 0xDB, 0xB2, 0xF6, 0x70, 0x9C, 0x33, 0xAB,
    0xE8, 0xA2, 0x96, 0x42, 0xB7, 0x68, 0x09, 0x76, 0xD5, 0x12, 0xE4, 0xA2, 0x5A, 0x61, 0x28, 0x93,
    0xB8, 0xE2, 0x0C, 0x47, 0xA8, 0x4B, 0x68, 0x8A, 0x54, 0xB3, 0x88, 0x66, 0x12, 0xEB, 0x17, 0x01,
    0x92, 0xB2, 0x13, 0x1E, 0x03, 0xD5, 0x71, 0xA8, 0x1F, 0xD5, 0x9C, 0xCC, 0x02, 0x17, 0x5B, 0x0F,
    0x1B, 0x2F, 0xD4, 0x80, 0xEE, 0xF4, 0x3E, 0xCB, 0xD3, 0x70, 0xAA, 0x3B, 0xB7, 0x76, 0x7A, 0xB5,
    0x3A, 0x95, 0x0B, 0x1D, 0xD6, 0xD3, 0x2E, 0xA2, 0x8E, 0x36, 0xA1, 0x0B, 0x76, 0xF7, 0xBD, 0x3F,
    0x30, 0xC8, 0xA5, 0xFC, 0x1B, 0x7F, 0x2A, 0xCB, 0x8C, 0x40, 0xF1, 0x5B, 0xDF, 0x7C, 0x70, 0x55,
    0x67, 0x4F, 0xF8, 0xE7, 0xA0, 0x17, 0x32, 0x40, 0xFA, 0xDE, 0x55, 0x4D, 0xA5, 0xAA, 0xF9, 0xFF,
    0x0A, 0xF8, 0x96, 0xBF, 0xF9, 0x9A, 0xE4, 0xF0, 0x8E, 0x05, 0xF8, 0x7F, 0x00, 0xD5, 0x97, 0x45,
    0xB4, 0xE4, 0x5A, 0x15, 0x86, 0xBF, 0x24, 0xEF, 0x92, 0xF7, 0x5E, 0x16, 0x9C, 0xE7, 0xD2, 0x56,
    0x23, 0x5C, 0x82, 0x3B, 0xE4, 0xE0, 0xC3, 0xE7, 0x53, 0xDC, 0xE6, 0x13, 0xEC, 0xD2, 0x09, 0xEE,
    0x70, 0x87, 0x8C, 0x70, 0x77, 0x77, 0x48, 0x70, 0x87, 0xE0, 0x0E, 0xF5, 0x16, 0x3D, 0x42, 0x33,
    0x08, 0x6B, 0xD5, 0x6A, 0xAA, 0x6A, 0x53, 0xFF, 0xE9, 0xD3, 0x82, 0x5B, 0xDF, 0x7B, 0xD3, 0x25,
    0x5F, 0x79, 0xED, 0x7D, 0xBE, 0xFB, 0xDF, 0x9C, 0x5D, 0x80, 0x1B, 0x00, 0xAA, 0xC0, 0x7A, 0x14,
    0x4D, 0x4C, 0x7F, 0xBB, 0x00, 0xB2, 0xAF, 0x8B, 0xC5, 0x8B, 0x96, 0xC0, 0x2C, 0x17, 0x1F, 0x14,
    0xB8, 0x9D, 0xAD, 0x80, 0x51, 0x4C, 0xE7, 0xD9, 0x1A, 0xB2, 0xE3, 0xEF, 0xDC, 0xD0, 0x99, 0x19,
    0xCC, 0x48, 0x0D, 0x1E, 0x4C, 0x62, 0xF0, 0xA9, 0x0D, 0x3D, 0x23, 0x98, 0xCF, 0x46, 0x12, 0xEB,
    0xCA, 0x35, 0x77, 0xB4, 0x63, 0xB5, 0xF9, 0xCA, 0x16, 0xC4, 0xD3, 0x65, 0x81, 0xE6, 0x81, 0x34,
    0x50, 0x9F, 0x04, 0x9E, 0x2A, 0xDC, 0x62, 0xFD, 0x48, 0x4F, 0x6D, 0xE6, 0x13, 0x4B, 0x8D, 0x6C,
    0xB9, 0x81, 0x1B, 0xB3, 0x35, 0xB3, 0x21, 0x5B, 0x51, 0xF5, 0xD9, 0x92, 0xBA, 0xCB, 0x97, 0xB4,
    0x5D, 0xB1, 0x41, 0xE3, 0x16, 0x58, 0x33, 0x1B, 0x37, 0xA8, 0x06, 0xDA, 0xE6, 0xBD, 0x03, 0xF5,
    0x77, 0xBF, 0x3D, 0xFA, 0xCA, 0xAE, 0xB1, 0xCE, 0xAD, 0xF2, 0x35, 0x78, 0xAE, 0x85, 0x2D, 0x80,
    0xAA, 0x03, 0xDA, 0x1E, 0xA8, 0x75, 0xEF, 0x00, 0x84, 0x7A, 0x0B, 0x71, 0xB6, 0x16, 0xCF, 0xAF,
    0x44, 0x1E, 0x2C, 0xA4, 0x4B, 0x31, 0xEB, 0x02, 0x1B, 0x11, 0x98, 0x84, 0xBF, 0xB6, 0x81, 0xE4,
    0xCF, 0x73, 0xE0, 0xA1, 0x03, 0x90, 0xE9, 0x5E, 0xD9, 0x00, 0x0F, 0x04, 0xB8, 0xAF, 0xB0, 0x6B,
    0x22, 0xC3, 0x17, 0x7B, 0x91, 0x32, 0xDC, 0x7F, 0xD3, 0x76, 0x90, 0xB2, 0xDA, 0x09, 0x3E, 0x6A,
    0x31, 0x19, 0x5D, 0x23, 0x23, 0x4D, 0xDA, 0xF0, 0xB7, 0xDE, 0x82, 0xB8, 0x68, 0x2E, 0xAA, 0x8B,
    0xEE, 0xA2, 0xBC, 0x68, 0x2F, 0xEA, 0x8B, 0xFE, 0xA2, 0xC0, 0x68, 0x30, 0x2A, 0x8C, 0x0E, 0xA3,
    0xC4, 0x68, 0x31, 0x6A, 0x8C, 0x1E, 0x09, 0x22, 0x39, 0x61, 0x92, 0x13, 0x2A, 0x39, 0xC3, 0xE5,
    0x9B, 0xA2, 0xBE, 0xF6, 0x1A, 0x4F, 0x6A, 0x3F, 0x86, 0xE2, 0x47, 0x73, 0x7D, 0xC5, 0x42, 0x19,
    0xBD, 0x6C, 0x57, 0x3D, 0x5E, 0x4D, 0x90, 0xE2, 0xC5, 0xFC, 0x4B, 0x6A, 0x24, 0x79, 0xED, 0x32,
    0x3A, 0x8C, 0x0A, 0x83, 0xC1, 0x29, 0xE4, 0x2E, 0xDD, 0x01, 0x92, 0x50, 0xF9, 0xE9, 0xAD, 0x87,
    0x03, 0xD6, 0xED, 0xA5, 0x2A, 0xE0, 0x63, 0x42, 0xF2, 0x2B, 0x11, 0x77, 0x2A, 0x76, 0x6E, 0xF9,
    0xBA, 0x69, 0x0A, 0x03, 0x66, 0x1D, 0x70, 0x9B, 0x39, 0x90, 0xF6, 0xC4, 0x80, 0x7D, 0x65, 0x4F,
    0xAD, 0xCD, 0x9A, 0xC7, 0x02, 0xF5, 0x71, 0x09, 0xF8, 0x93, 0x75, 0x80, 0x3F, 0x40, 0x70, 0x47,
    0x70, 0xC7, 0x64, 0xDD, 0x01, 0xD9, 0xE2, 0x56, 0xFA, 0xE4, 0xA7, 0xE1, 0x48, 0xB1, 0x00, 0xC2,
    0x92, 0x94, 0xBD, 0x74, 0x8F, 0xB3, 0x97, 0xDC, 0x28, 0xBA, 0x95, 0x58, 0x9A, 0xF8, 0x99, 0x52,
    0x6D, 0x8C, 0x45, 0x07, 0x89, 0x4F, 0xFC, 0x74, 0x9C, 0xC1, 0x56, 0x60, 0xDD, 0x89, 0x76, 0x06,
    0xEF, 0x20, 0x70, 0x39, 0xF1, 0x89, 0xCC, 0xE6, 0xE0, 0xBE, 0x37, 0x40, 0xB5, 0xFB, 0x0E, 0xE3,
    0xDE, 0xDB, 0xFF, 0xA3, 0xBD, 0x97, 0x2D, 0x2F, 0x96, 0x20, 0x15, 0xC2, 0x45, 0xDF, 0x11, 0x3F,
    0x94, 0x37, 0x40, 0xD5, 0x86, 0x17, 0x97, 0x62, 0x72, 0x2D, 0xD3, 0x10, 0x9D, 0xBC, 0x8E, 0xB8,
    0xE5, 0x3A, 0x0F, 0x5B, 0x57, 0x5D, 0xA4, 0x3B, 0x03, 0xE4, 0x72, 0x9A, 0x9A, 0x47, 0x3E, 0x77,
    0x53, 0x67, 0x14, 0x8A, 0x6B, 0xC4, 0xAC, 0x3B, 0x17, 0xAC, 0x05, 0x69, 0x8C, 0xC2, 0x36, 0xB0,
    0x75, 0xFE, 0x3E, 0x58, 0xE3, 0x46, 0x21, 0xAC, 0x87, 0xE4, 0xF0, 0x39, 0x94, 0xB8, 0x03, 0x1E,
    0x78, 0x40, 0x07, 0x64, 0x42, 0x88, 0xDD, 0xA1, 0x7D, 0x10, 0x58, 0xEC, 0x3C, 0x56, 0x12, 0x8E,
    0x0F, 0x61, 0x0C, 0xE8, 0xA5, 0xEE, 0x42, 0xC4, 0x64, 0xE2, 0x02, 0x01, 0x92, 0xD5, 0x85, 0x90,
    0xD9, 0x0A, 0x8A, 0x22, 0x74, 0x17, 0x0E, 0x4C, 0xFB, 0x60, 0xF1, 0x22, 0x3C, 0x30, 0x64, 0x1D,
    0xF0, 0xE9, 0xC7, 0x04, 0x67, 0x06, 0x30, 0x5B, 0x88, 0x89, 0x9F, 0x90, 0x33, 0x38, 0x2F, 0xD0,
    0x04, 0xBD, 0x5B, 0x04, 0x35, 0x1E, 0x5E, 0xD4, 0xCB, 0x8E, 0x6D, 0x70, 0x3F, 0x1C, 0xF7, 0xD0,
    0x61, 0x68, 0xAA, 0xF5, 0x80, 0x35, 0x44, 0x3C, 0x1B, 0x50, 0x21, 0xF3, 0x91, 0xD9, 0x9A, 0x0A,
    0xF2, 0x15, 0xB3, 0x0D, 0x97, 0x1C, 0x81, 0x62, 0xC9, 0xD5, 0xE0, 0x16, 0x41, 0xED, 0x18, 0x94,
    0x07, 0x96, 0x7A, 0x3B, 0xD5, 0x09, 0xCE, 0x4F, 0xED, 0x55, 0x71, 0x17, 0x6D, 0x03, 0xAD, 0xE3,
    0xDA, 0x50, 0x69, 0x90, 0xAF, 0x64, 0x90, 0xC7, 0x7C, 0xAE, 0x8F, 0x5A, 0x4F, 0xBB, 0x61, 0x07,
    0xF0, 0xB7, 0x7F, 0xBA, 0xF2, 0x0C, 0x16, 0x4D, 0xF0, 0x61, 0x9E, 0xCA, 0x86, 0x64, 0xE5, 0xC6,
    0x7C, 0x74, 0xA3, 0x1B, 0xDC, 0x58, 0xCE, 0xDD, 0x50, 0x75, 0x55, 0x5F, 0x7F, 0xC9, 0x7C, 0x6B,
    0x23, 0xF6, 0x83, 0x50, 0x88, 0xB6, 0x51, 0x0B, 0xA9, 0xAF, 0x06, 0xE7, 0x67, 0xB6, 0x26, 0xB5,
    0x11, 0xB6, 0x00, 0x0F, 0xC5, 0x08, 0x6E, 0x19, 0x16, 0xA3, 0x36, 0x80, 0xE4, 0x33, 0x62, 0xF6,
    0xC7, 0x06, 0x48, 0x8B, 0x0E, 0xC0, 0x05, 0xD6, 0x02, 0x63, 0xE0, 0x10, 0x38, 0x0D, 0x53, 0x89,
    0xA9, 0xDD, 0x8E, 0xD0, 0xAC, 0x6B, 0xE0, 0x33, 0xB1, 0xC1, 0x39, 0x9C, 0x2D, 0x53, 0xF1, 0xE4,
    0xC6, 0x23, 0x40, 0xB5, 0xDE, 0x06, 0x8E, 0x86, 0x6C, 0x0F, 0xE5, 0x09, 0x69, 0x13, 0xF1, 0x91,
    0x84, 0xC4, 0xDC, 0x99, 0x6A, 0xFD, 0x29, 0x3E, 0x61, 0x23, 0xA1, 0xBD, 0xE4, 0xEC, 0x7A, 0x78,
    0x1D, 0xC4, 0xB1, 0xE5, 0x1D, 0x2E, 0x4C, 0xD1, 0xAF, 0x06, 0x8A, 0x9F, 0xF5, 0x40, 0x95, 0xCA,
    0xFB, 0x13, 0x79, 0xE2, 0x34, 0x6C, 0x10, 0x47, 0xAC, 0x1E, 0x5A, 0x07, 0x99, 0x7D, 0x1F, 0xDC,
    0x97, 0x7B, 0x38, 0x9A, 0x8C, 0x70, 0x2D, 0x17, 0x71, 0xDA, 0x8C, 0xD4, 0x20, 0x37, 0x48, 0x0E,
    0xB2, 0x83, 0xF4, 0x20, 0x3F, 0x48, 0x10, 0x32, 0x14, 0x14, 0x05, 0x47, 0x41, 0x52, 0xB0, 0x84,
    0x34, 0x21, 0x4F, 0x41, 0x54, 0x34, 0x95, 0x36, 0x81, 0x83, 0xC8, 0xF8, 0x0E, 0xF1, 0x0E, 0xD6,
    0x4C, 0x54, 0x55, 0xBA, 0x13, 0x5B, 0xFD, 0x50, 0x0B, 0x57, 0x5A, 0x27, 0x4D, 0xB2, 0x24, 0x49,
    0x67, 0x33, 0x3C, 0x07, 0xBD, 0xF8, 0x80, 0x5E, 0x4C, 0xC5, 0x77, 0xB8, 0x46, 0xD6, 0x5E, 0x3E,
    0xDD, 0x08, 0x95, 0x0D, 0x70, 0xEF, 0x3E, 0xCE, 0x4C, 0xAD, 0xF3, 0x64, 0xF6, 0x95, 0x3D, 0xCC,
    0x11, 0xE9, 0xB1, 0x0B, 0x88, 0x3F, 0x60, 0x39, 0x12, 0xF6, 0xF6, 0xF3, 0x92, 0x1D, 0xE4, 0x4E,
    0x48, 0x27, 0x9B, 0x29, 0x00, 0xF2, 0xF1, 0x96, 0x38, 0xFB, 0x14, 0x77, 0xD6, 0x57, 0x27, 0x1E,
    0x5A, 0xC8, 0x76, 0x2D, 0x5F, 0x97, 0x7B, 0xB1, 0xED, 0x83, 0x97, 0x41, 0x5E, 0x6E, 0x1E, 0x81,
    0xD2, 0x6F, 0x73, 0xEA, 0xB7, 0xE9, 0xB9, 0xB1, 0xBD, 0x73, 0x13, 0x9A, 0xA4, 0xC8, 0xAD, 0x67,
    0xF6, 0xF9, 0x81, 0xA3, 0x44, 0x57, 0xBB, 0xB9, 0xF5, 0xD7, 0x9E, 0xC4, 0xE6, 0xF0, 0xBC, 0x01,
    0xB2, 0x39, 0x21, 0xFA, 0x0F, 0x04, 0xEE, 0x4B, 0xB4, 0xB6, 0xD8, 0x5C, 0x47, 0x19, 0x23, 0x5B,
    0x05, 0x5B, 0x14, 0xF1, 0x0B, 0xE4, 0x49, 0x96, 0xB4, 0x06, 0x5D, 0xE5, 0x47, 0x76, 0xE4, 0x46,
    0x66, 0x4C, 0xD7, 0x46, 0x4E, 0x48, 0x4D, 0x2A, 0x8F, 0xA1, 0x3E, 0x41, 0x3D, 0x26, 0xBF, 0x9D,
    0xF3, 0xB0, 0x39, 0x79, 0x4F, 0xE9, 0x55, 0xF0, 0x9E, 0x00, 0x77, 0x78, 0x3B, 0xD5, 0x9A, 0x7C,
    0xA5, 0x32, 0xF9, 0x52, 0x85, 0xDC, 0x42, 0x65, 0x66, 0x83, 0x0A, 0x94, 0x73, 0x95, 0xA8, 0x7A,
    0xAA, 0x9B, 0x7D, 0x65, 0x8D, 0x5B, 0x81, 0xDF, 0xB5, 0x0E, 0xF1, 0x90, 0x2F, 0xFE, 0xC6, 0xD6,
    0x56, 0xF8, 0x78, 0x3D, 0xA7, 0xEE, 0x39, 0xE0, 0x01, 0xE0, 0xC2, 0x77, 0x78, 0x67, 0x4D, 0xA2,
    0x21, 0x95, 0xC4, 0x48, 0x4D, 0x9D, 0x64, 0xAB, 0xD8, 0x7F, 0xB1, 0x20, 0x2C, 0x61, 0xC3, 0x6B,
    0x9D, 0xCD, 0x33, 0xF3, 0x5C, 0x04, 0x50, 0x75, 0xB4, 0xE1, 0x72, 0x17, 0xE2, 0x49, 0xE5, 0xC3,
    0x71, 0xD1, 0x42, 0xE3, 0x5A, 0x4E, 0xD5, 0xA9, 0x33, 0x53, 0x9F, 0x7A, 0xD8, 0x76, 0xF9, 0x52,
    0xBD, 0x3B, 0xB1, 0x9F, 0x8D, 0x62, 0x39, 0xE8, 0xF9, 0xEA, 0x14, 0xAD, 0xD3, 0x1A, 0xCD, 0x6F,
    0x98, 0x1A, 0x1B, 0x66, 0x6B, 0x31, 0x5F, 0x6A, 0xFD, 0x6A, 0x63, 0xA4, 0xD4, 0x43, 0xA5, 0x24,
    0xB5, 0xDF, 0xAE, 0x42, 0xD9, 0x1E, 0xE0, 0x5A, 0x01, 0x2F, 0x14, 0xA3, 0x38, 0x5B, 0x04, 0x8E,
    0x62, 0xD1, 0x13, 0xE6, 0x71, 0x4F, 0x6D, 0x43, 0xBA, 0x2E, 0x96, 0xC5, 0x22, 0x5B, 0xB9, 0xCD,
    0xBD, 0x6A, 0x9E, 0x5A, 0xD5, 0xA7, 0x56, 0x6F, 0x3A, 0x6C, 0x37, 0x57, 0x6B, 0xF2, 0x95, 0x35,
    0xC5, 0xB2, 0x6D, 0xDC, 0xD8, 0x76, 0xE5, 0xB0, 0x89, 0x67, 0xA7, 0x10, 0x66, 0xD2, 0x7A, 0x19,
    0x68, 0xF5, 0xC9, 0x1A, 0x32, 0x0B, 0x57, 0xF8, 0x18, 0x00, 0x71, 0xFE, 0xEC, 0x80, 0xF4, 0x51,
    0x7D, 0xA8, 0xD8, 0x89, 0xA5, 0xE7, 0xD4, 0x7B, 0xDE, 0x37, 0x29, 0x53, 0x31, 0xC6, 0x28, 0xC7,
    0x0A, 0x32, 0x59, 0x7F, 0xEA, 0x9F, 0x47, 0x61, 0x3E, 0x5B, 0xBE, 0xFE, 0x66, 0xFA, 0x2A, 0xC2,
    0xF4, 0xF5, 0xE3, 0xD3, 0x87, 0xFF, 0x24, 0x1E, 0xFE, 0x27, 0xE6, 0xE6, 0x6D, 0x71, 0x0E, 0xAA,
    0x5F, 0xD4, 0x90, 0xD8, 0x4F, 0x20, 0xFF, 0xF5, 0x00, 0xA5, 0xFF, 0xD4, 0x99, 0xC7, 0x64, 0xF9,
    0x91, 0x20, 0x64, 0x08, 0x29, 0x42, 0x8E, 0x90, 0x24, 0x64, 0x09, 0x69, 0xA2, 0x15, 0x24, 0x0A,
    0x99, 0x42, 0xAA, 0x90, 0x2B, 0x24, 0x0B, 0xD9, 0x0A, 0xBA, 0xA2, 0xAF, 0x64, 0x87, 0x58, 0x1B,
    0xF8, 0x50, 0x9C, 0xC1, 0xBA, 0x49, 0x0B, 0x0B, 0x13, 0xEB, 0x08, 0x3C, 0xB0, 0x6E, 0xB8, 0xC0,
    0x7A, 0xC9, 0x92, 0x2B, 0xA9, 0x3A, 0x9B, 0x41, 0x3A, 0xD8, 0x88, 0xF7, 0x3F, 0x63, 0x12, 0x2B,
    0xC2, 0xD2, 0xBF, 0x31, 0xF5, 0x38, 0xB9, 0x1E, 0xB8, 0x7A, 0x00, 0x38, 0x95, 0xA9, 0x1F, 0xEC,
    0x61, 0xA6, 0xFE, 0xDD, 0x3C, 0x36, 0xF1, 0x7C, 0xFD, 0x05, 0xD5, 0xD6, 0x01, 0xA7, 0xE4, 0xF6,
    0x1A, 0xC7, 0xF1, 0x6F, 0x92, 0xBD, 0x37, 0x97, 0xB8, 0x72, 0x70, 0x0A, 0x45, 0x07, 0x80, 0xB5,
    0xBB, 0x81, 0x02, 0xCE, 0x6E, 0x52, 0x8B, 0x45, 0xE1, 0xA0, 0xFB, 0x36, 0x0A, 0x0A, 0xDA, 0xB3,
    0x3B, 0xD1, 0x57, 0xB0, 0xEF, 0xA0, 0x05, 0x54, 0xA1, 0x05, 0x1C, 0x54, 0x27, 0x2C, 0xA0, 0x10,
    0xA0, 0x80, 0x46, 0x77, 0x29, 0x16, 0xE7, 0x8F, 0x68, 0x63, 0x9B, 0xC9, 0xD3, 0xFC, 0x3C, 0x19,
    0x41, 0xAB, 0x40, 0xA7, 0x67, 0xA2, 0xFD, 0xC6, 0xEC, 0xE4, 0x24, 0xCF, 0x7C, 0xE6, 0x9F, 0x11,
    0xD0, 0x16, 0xEF, 0x33, 0x48, 0xED, 0x06, 0xF2, 0x6C, 0x04, 0xB8, 0x04, 0xB6, 0x35, 0x44, 0xD6,
    0x42, 0xFA, 0x2A, 0x40, 0x51, 0x7D, 0x07, 0xE7, 0x9C, 0xE3, 0xDB, 0x7F, 0xA7, 0x0A, 0xB6, 0x16,
    0x88, 0xA7, 0x6C, 0x24, 0x1B, 0x92, 0x3D, 0x79, 0x88, 0x27, 0xCA, 0x2E, 0x36, 0xCA, 0x76, 0xCE,
    0xB6, 0x49, 0x26, 0x76, 0x8A, 0xD5, 0xE9, 0x7E, 0x4E, 0x36, 0xB2, 0xAB, 0xF3, 0x9E, 0x5D, 0x53,
    0x04, 0xCA, 0x76, 0xDB, 0xB0, 0xB1, 0x09, 0x12, 0xEB, 0xE1, 0x70, 0xDE, 0xA7, 0x4A, 0x64, 0x0D,
    0x1A, 0xA7, 0x05, 0x36, 0x2F, 0x03, 0xF0, 0x9C, 0x5E, 0x43, 0x71, 0xC6, 0x61, 0x2B, 0xAC, 0x86,
    0xD8, 0x6C, 0x80, 0xBC, 0x4F, 0x26, 0x28, 0x1B, 0xAC, 0xC2, 0xC0, 0x74, 0x49, 0x76, 0x4D, 0x3A,
    0x32, 0xCF, 0x90, 0xAB, 0xED, 0xA6, 0x57, 0x8B, 0xA0, 0x7F, 0x2F, 0x97, 0xEA, 0xC8, 0xB2, 0x9B,
    0x5B, 0xCD, 0x8D, 0x8D, 0xB9, 0xC9, 0xA4, 0xA6, 0x23, 0x45, 0x20, 0xEF, 0xF5, 0x5F, 0xA1, 0x97,
    0xEC, 0x6A, 0x62, 0x7B, 0xB3, 0x47, 0x97, 0x6D, 0x9D, 0x47, 0x5B, 0xA5, 0x64, 0xBD, 0xBA, 0x19,
    0x50, 0x7B, 0x35, 0x6B, 0x55, 0xDE, 0xA9, 0xC0, 0x5A, 0x62, 0x0B, 0x64, 0x3F, 0xF7, 0xF2, 0x73,
    0x3E, 0xC7, 0x93, 0x9D, 0xE8, 0x24, 0x27, 0x38, 0xB9, 0x89, 0x4D, 0x6A, 0x42, 0x93, 0x99, 0xC8,
    0x24, 0x26, 0x30, 0x79, 0x89, 0x4B, 0x5A, 0x3A, 0x8B, 0x28, 0x22, 0xE9, 0x99, 0xFF, 0xCF, 0x35,
    0xDA, 0xA2, 0x8F, 0x54, 0xFC, 0x4B, 0x64, 0xD3, 0xA9, 0x94, 0x95, 0xCA, 0xA0, 0x68, 0xEA, 0xC8,
    0x5F, 0x67, 0x01, 0x31, 0xE6, 0x01, 0x39, 0xCE, 0xAF, 0x04, 0x99, 0x74, 0x48, 0xF2, 0x71, 0x83,
    0x28, 0x7F, 0x22, 0x91, 0xE5, 0x80, 0x63, 0xE2, 0x9A, 0x38, 0x27, 0xEE, 0x89, 0x83, 0xE2, 0xA2,
    0x38, 0x29, 0x6E, 0xBA, 0xA0, 0x2E, 0xAA, 0x0B, 0xEB, 0xE2, 0xBA, 0xC0, 0xBA, 0xEC, 0x4A, 0x2B,
    0xDB, 0x75, 0x29, 0xC4, 0xA6, 0xA6, 0x83, 0x9A, 0xB7, 0x6A, 0xC9, 0x1D, 0x24, 0xF0, 0x3D, 0xDA,
    0x0C, 0x61, 0x1A, 0xE2, 0x7C, 0x84, 0x40, 0x2F, 0xB4, 0x18, 0xA7, 0xA0, 0xD5, 0x68, 0x35, 0x62,
    0x05, 0xC1, 0x82, 0x68, 0x35, 0xA9, 0x2A, 0x5E, 0x55, 0x50, 0x22, 0x06, 0x21, 0x83, 0x98, 0x41,
    0xD0, 0x38, 0xB5, 0x63, 0xEB, 0xEB, 0x54, 0x74, 0x12, 0x97, 0x6D, 0x55, 0xD2, 0xE0, 0xEA, 0x0B,
    0xED, 0xF9, 0x49, 0xD0, 0x6A, 0x61, 0xA2, 0xC3, 0x7C, 0x50, 0x29, 0x0F, 0x2A, 0xCF, 0x10, 0xED,
    0x9D, 0xA3, 0xD3, 0x2E, 0x17, 0x4C, 0x6E, 0x64, 0x4B, 0xFC, 0xA4, 0x75, 0x43, 0x97, 0x2E, 0x5C,
    0xF4, 0x5A, 0x81, 0x6F, 0x4F, 0x42, 0x78, 0xD9, 0x74, 0x00, 0xD1, 0x1B, 0x41, 0xF3, 0x58, 0x25,
    0x69, 0xD5, 0xA2, 0x56, 0x2F, 0x90, 0xF6, 0xFB, 0x47, 0xD7, 0x8E, 0x14, 0xD8, 0x74, 0xF7, 0xB4,
    0xDB, 0x4E, 0x92, 0xE5, 0xAD, 0x05, 0xBD, 0xD5, 0x95, 0xAD, 0x1F, 0x73, 0x1A, 0xCC, 0x95, 0x92,
    0x0D, 0x39, 0x7A, 0xE7, 0x63, 0xE0, 0xD1, 0x6E, 0x04, 0x3E, 0xD9, 0x04, 0xD1, 0x46, 0xD5, 0xB1,
    0x69, 0xE1, 0x94, 0x96, 0x67, 0x32, 0xAA, 0x64, 0x7B, 0xDF, 0xF9, 0xAB, 0xF8, 0xB5, 0xAA, 0x4D,
    0x84, 0x70, 0x64, 0x42, 0xBF, 0xE8, 0xAE, 0x52, 0xAD, 0x41, 0xAD, 0xD5, 0xE7, 0x4A, 0x61, 0xFB,
    0xD4, 0x42, 0x31, 0x7B, 0xDA, 0x7C, 0xBD, 0x8A, 0x67, 0x62, 0xE0, 0x8A, 0x64, 0xEE, 0xB5, 0x2C,
    0xE8, 0xD1, 0xF5, 0x82, 0x3E, 0x7E, 0x14, 0xC8, 0xE6, 0x76, 0xE4, 0x03, 0xF1, 0xDC, 0x9E, 0x64,
    0xC6, 0x0D, 0x24, 0x8D, 0xA8, 0x52, 0x99, 0x92, 0x69, 0x72, 0xF2, 0x59, 0xB4, 0x25, 0x47, 0xDD,
    0xC8, 0x93, 0x87, 0x50, 0xF4, 0xD1, 0x00, 0xB9, 0x59, 0x07, 0x91, 0x59, 0x85, 0xBE, 0xDA, 0x75,
    0xC2, 0x6D, 0xFD, 0x97, 0x13, 0xDE, 0xFD, 0x9A, 0xBB, 0x75, 0x39, 0xCD, 0x06, 0xF3, 0x1C, 0xBB,
    0x3A, 0x1D, 0xB1, 0x4A, 0x21, 0x1B, 0x23, 0x23, 0x1F, 0x62, 0x43, 0x0B, 0x81, 0x4D, 0x48, 0xF6,
    0x14, 0x21, 0x1B, 0x29, 0xBA, 0x7C, 0xA4, 0xEC, 0x0A, 0xE5, 0xB3, 0x81, 0xF2, 0xD7, 0x1F, 0xC6,
    0xB3, 0xD2, 0x3E, 0xB4, 0x90, 0x8F, 0x89, 0xD5, 0x54, 0x9C, 0x41, 0xE4, 0xF7, 0x2B, 0x68, 0x66,
    0x0D, 0xA8, 0x97, 0xF5, 0xFA, 0xC3, 0x9D, 0xEF, 0xD4, 0xFF, 0x15, 0x2A, 0x2A, 0xD1, 0xA8, 0x26,
    0x2D, 0x6A, 0xA3, 0xDE, 0x16, 0x3F, 0xDF, 0x74, 0x28, 0xFC, 0x1E, 0x80, 0x0F, 0x7A, 0x20, 0x0E,
    0xC0, 0x46, 0x83, 0xDE, 0x07, 0xB8, 0xA7, 0xFC, 0x53, 0x9C, 0xEB, 0x53, 0x52, 0xDE, 0xAF, 0xB3,
    0x1C, 0x56, 0x7A, 0xDC, 0xAB, 0x9A, 0xF5, 0x3F, 0xDA, 0x6B, 0x2A, 0xB1, 0xED, 0xCB, 0x56, 0x6E,
    0xE3, 0xA6, 0x11, 0xDC, 0x55, 0x3E, 0xEF, 0x98, 0x77, 0x55, 0x22, 0xBA, 0x67, 0xB2, 0xC3, 0x3A,
    0xE1, 0xD1, 0xB3, 0xE8, 0x2D, 0x7C, 0xC8, 0xAF, 0x65, 0x01, 0x5C, 0x04, 0x17, 0xC2, 0xC5, 0x70,
    0x41, 0x74, 0xC5, 0x03, 0xA3, 0x3B, 0x2E, 0x90, 0x07, 0xC9, 0x03, 0xE5, 0x6A, 0xF9, 0xB4, 0xD2,
    0x2B, 0x53, 0xFD, 0x7E, 0xCE, 0x3B, 0xB5, 0xD0, 0x27, 0xE5, 0x9C, 0x78, 0x04, 0xBD, 0x23, 0xC9,
    0xCF, 0x47, 0x51, 0x36, 0xA3, 0x2C, 0xEB, 0x5E, 0x8E, 0x4F, 0x5A, 0x75, 0x42, 0x9C, 0x2F, 0xDC,
    0xD3, 0x41, 0x5D, 0xD4, 0x49, 0xDD, 0xD4, 0x51, 0x5D, 0xD5, 0x59, 0x91, 0x6B, 0xC0, 0x61, 0x0F,
    0xB2, 0x4F, 0x15, 0xF0, 0x21, 0x29, 0x1B, 0x77, 0x6E, 0x9D, 0x36, 0xA8, 0x70, 0x79, 0x02, 0xB4,
    0x7F, 0xF3, 0x94, 0x74, 0x85, 0x3E, 0xEA, 0x9D, 0xE3, 0xD2, 0xAE, 0x97, 0xD7, 0xCD, 0xBE, 0xDE,
    0xED, 0xF8, 0x2E, 0x1A, 0x59, 0x6F, 0x78, 0x29, 0x9C, 0xC6, 0xE2, 0x5D, 0x6F, 0x3F, 0xFF, 0x2D,
    0xF0, 0x1F, 0x03, 0xE2, 0xE0, 0xB3, 0xAB, 0xF7, 0xA5, 0xCD, 0xBD, 0x63, 0x6B, 0xAF, 0x4F, 0x49,
    0x17, 0x7F, 0x7E, 0x4A, 0x6A, 0x7D, 0x64, 0xA2, 0x13, 0x62, 0x4E, 0xF6, 0x69, 0xAD, 0x23, 0xBE,
    0xD0, 0xB8, 0xBB, 0x09, 0xB8, 0xC8, 0x06, 0x7D, 0x54, 0xAA, 0x63, 0xD3, 0xC2, 0x69, 0xB8, 0xF9,
    0x2E, 0x0F, 0x2A, 0x9B, 0x7E, 0xDD, 0x41, 0xD6, 0x72, 0xD8, 0xCE, 0x94, 0xA3, 0x13, 0xAE, 0x93,
    0x15, 0x3D, 0x6A, 0x50, 0xB3, 0x17, 0x6A, 0x74, 0x09, 0x82, 0x52, 0xA3, 0xBD, 0xCA, 0x56, 0x61,
    0x53, 0xAB, 0xEB, 0xB2, 0x28, 0xF5, 0x30, 0xD0, 0x6C, 0xED, 0xCB, 0xC2, 0xEA, 0x6C, 0x22, 0x1E,
    0x64, 0x9D, 0x04, 0x12, 0x13, 0x60, 0x6C, 0x82, 0x8B, 0xAC, 0x7A, 0x00, 0x58, 0x7D, 0x05, 0xEC,
    0x9A, 0xA0, 0x93, 0xBD, 0x6C, 0xF5, 0xC7, 0x3F, 0xD6, 0xEA, 0x0D, 0x3A, 0xF1, 0x5E, 0xCD, 0x07,
    0x17, 0x5A, 0xE7, 0x29, 0xBD, 0x9D, 0xBA, 0x55, 0xDF, 0xB5, 0xB7, 0x7A, 0xD3, 0xCC, 0x57, 0xC1,
    0xE5, 0xFA, 0x31, 0x92, 0x41, 0x65, 0x54, 0x28, 0xD7, 0x45, 0x02, 0xFA, 0xB3, 0xAF, 0x28, 0x2A,
    0xCA, 0xFD, 0xCC, 0x4A, 0x3A, 0xA9, 0x1A, 0xAE, 0x21, 0x52, 0xC1, 0xAA, 0xBC, 0xD6, 0x88, 0x39,
    0x1A, 0x51, 0xE3, 0x6E, 0x9B, 0x0B, 0xF4, 0x65, 0x5F, 0xAB, 0x5D, 0xD0, 0x35, 0x5F, 0x69, 0xE8,
    0xFC, 0xB7, 0x5A, 0xB5, 0xF5, 0xB9, 0x37, 0x1D, 0xD4, 0xC4, 0xF9, 0x1A, 0xB5, 0xA8, 0xD4, 0xBD,
    0x92, 0xF5, 0x3A, 0xA3, 0x35, 0xEA, 0x70, 0x1B, 0xC4, 0xD6, 0x2D, 0x32, 0x35, 0x59, 0x0B, 0xD7,
    0xFF, 0x9A, 0xD5, 0x26, 0xC8, 0xAA, 0x0C, 0xB2, 0x52, 0x07, 0xB2, 0x5A, 0xC7, 0xBC, 0x06, 0x78,
    0x30, 0xAA, 0xE7, 0x0F, 0x55, 0xAE, 0xD6, 0x67, 0xAC, 0xB4, 0x56, 0x33, 0x85, 0x5B, 0x64, 0x5B,
    0x74, 0xEA, 0xA7, 0x83, 0x7A, 0xA6, 0x12, 0xF5, 0xEB, 0x2D, 0x9F, 0x2B, 0xFC, 0xFF, 0xB6, 0xAD,
    0xCC, 0x75, 0xB3, 0xAA, 0x83, 0xC4, 0x7E, 0x69, 0x20, 0xBD, 0xB1, 0x1A, 0x72, 0x5F, 0x29, 0x9C,
    0xDF, 0x1A, 0xE7, 0x33, 0x25, 0x9A, 0x62, 0x8D, 0x68, 0x6F, 0x34, 0xE2, 0x37, 0x06, 0xBC, 0x97,
    0xEC, 0xFD, 0xED, 0x5B, 0x67, 0xFB, 0x07, 0xB5, 0x97, 0x01, 0xA4, 0x25, 0xC7, 0x9A, 0xC7, 0x7F,
    0xDD, 0x3D, 0xB3, 0x6D, 0x6F, 0x6F, 0x52, 0x83, 0x3B, 0x98, 0xC9, 0x66, 0x7A, 0x11, 0xAC, 0x91,
    0xB9, 0x1D, 0xAC, 0x35, 0x38, 0xF7, 0x74, 0x65, 0x82, 0x65, 0xC3, 0xE6, 0xC2, 0x40, 0x60, 0x16,
    0x02, 0x63, 0xC9, 0x22, 0xEC, 0x60, 0x66, 0xBA, 0x08, 0xBB, 0x08, 0x32, 0x00, 0xD8, 0x65, 0x96,
    0x5D, 0x32, 0x77, 0x49, 0x60, 0x71, 0x5F, 0xCC, 0xBD, 0x55, 0x93, 0x41, 0xF0, 0xF0, 0xFA, 0x05,
    0x00, 0xD2, 0x5E, 0xF2, 0x3C, 0x2F, 0x41, 0x8A, 0xB4, 0xE8, 0x49, 0xFA, 0xF4, 0xF7, 0xAA, 0x9C,
    0x7B, 0xCE, 0x79, 0xD7, 0x4B, 0x26, 0x37, 0xE1, 0x7D, 0x55, 0xFF, 0x7F, 0xD5, 0xED, 0xFB, 0x55,
    0x7D, 0xDF, 0xBF, 0xCE, 0xF1, 0x9D, 0x6A, 0xEE, 0x7F, 0xAF, 0xC1, 0x4B, 0x7F, 0xF5, 0xD7, 0x7F,
    0x97, 0xB7, 0x79, 0x5B, 0xF6, 0x7F, 0xFF, 0x9F, 0xA9, 0xF9, 0xF1, 0x06, 0x89, 0xA1, 0xBB, 0x79,
    0xF0, 0xE1, 0xC1, 0xFD, 0xEE, 0xBF, 0xCD, 0x7D, 0x7E, 0xBC, 0x41, 0xAA, 0x0B, 0x76, 0x1E, 0xEC,
    0xBC, 0x5F, 0x6C, 0xA5, 0xFF, 0xC8, 0xD6, 0x8F, 0xB7, 0xF3, 0xD7, 0x69, 0x44, 0x37, 0xC2, 0xCD,
    0x7D, 0xFE, 0x78, 0x7E, 0x71, 0x7F, 0x7F, 0x9F, 0x5A, 0x44, 0xB8, 0xBC, 0xBF, 0xFF, 0x80, 0x38,
    0x0B, 0x98, 0x80, 0x38, 0x8F, 0xD6, 0xAF, 0x46, 0x80, 0xA7, 0x3D, 0x07, 0x6E, 0x65, 0xEE, 0xCF,
    0xD1, 0xCF, 0x5F, 0xBF, 0xBE, 0x17, 0xA2, 0x0D, 0x71, 0x04, 0xB0, 0x22, 0x5E, 0x44, 0x3A, 0x5E,
    0xC8, 0x7A, 0xA5, 0xE7, 0xDC, 0xC5, 0x6A, 0xEB, 0x1A, 0x57, 0x69, 0x48, 0xBB, 0x62, 0x28, 0xC6,
    0x7C, 0x4C, 0x06, 0x7C, 0xD6, 0x55, 0xFA, 0x2D, 0x20, 0xD1, 0x45, 0xAF, 0xC6, 0x62, 0x4C, 0x07,
    0xFA, 0xD4, 0x97, 0xEE, 0x0E, 0x10, 0x3E, 0x1E, 0x5F, 0xFB, 0xBA, 0xBD, 0xCB, 0x8C, 0x5D, 0x94,
    0x49, 0x1D, 0xF0, 0x42, 0x6A, 0xB2, 0xBE, 0xD2, 0x4A, 0xF7, 0xCC, 0xB3, 0x8E, 0xBB, 0x79, 0x87,
    0x7D, 0xB5, 0xC7, 0xFE, 0x72, 0xA4, 0xF9, 0x78, 0xA4, 0xBA, 0xD6, 0x03, 0x31, 0xC6, 0x0E, 0xC5,
    0x60, 0x4D, 0x31, 0x5A, 0x97, 0x8F, 0xB5, 0x4B, 0x06, 0xE5, 0xF0, 0x4A, 0x67, 0xDD, 0x9C, 0xE8,
    0xF3, 0x56, 0xAE, 0x01, 0x60, 0xEF, 0x2C, 0xF9, 0xD0, 0x1C, 0xFB, 0x35, 0x2E, 0x19, 0x4B, 0xC7,
    0xA0, 0x4C, 0xE2, 0x4B, 0x9E, 0x7B, 0xF4, 0x90, 0x18, 0x03, 0xA0, 0x30, 0x3B, 0xD4, 0x9D, 0xE8,
    0xE6, 0x37, 0xA2, 0xED, 0xE3, 0x89, 0xC3, 0xAC, 0xE7, 0x76, 0xDA, 0x32, 0x4B, 0x3C, 0xA5, 0x39,
    0x24, 0x35, 0xCF, 0xB3, 0xB6, 0xC2, 0x07, 0xB4, 0xA0, 0x5C, 0x80, 0x09, 0x80, 0x6D, 0x95, 0xE8,
    0x5A, 0xC4, 0x34, 0x22, 0xFA, 0x8D, 0x2B, 0x17, 0xE1, 0x2E, 0x30, 0x41, 0x22, 0x01, 0x8B, 0x80,
    0x31, 0x60, 0x80, 0xB4, 0x0F, 0xF0, 0x01, 0x1D, 0x64, 0x6D, 0x80, 0x0B, 0x30, 0x90, 0xEB, 0x00,
    0xA0, 0x00, 0x9E, 0xE5, 0x84, 0x55, 0x26, 0x12, 0x2B, 0xBA, 0x02, 0xC8, 0x91, 0x80, 0x88, 0x90,
    0x3C, 0xF9, 0xC5, 0xFB, 0xC0, 0xC8, 0x32, 0x02, 0x59, 0xA4, 0xC4, 0x03, 0xB4, 0x00, 0x0E, 0x48,
    0x1D, 0xCB, 0x38, 0xA8, 0x2E, 0x52, 0x1B, 0xC9, 0xC0, 0xCE, 0x8D, 0xD7, 0x1D, 0xB5, 0x48, 0xA0,
    0xAF, 0xC4, 0x70, 0x2E, 0x0A, 0x64, 0x0E, 0xCB, 0xDC, 0x99, 0x38, 0xB6, 0x7C, 0xA0, 0x12, 0x6A,
    0x31, 0x56, 0x5C, 0xEC, 0x71, 0x12, 0xB4, 0x52, 0x0E, 0x00, 0xF7, 0x60, 0x01, 0xD2, 0x22, 0x0B,
    0x44, 0x9C, 0x4C, 0x48, 0xC7, 0x04, 0x1D, 0x00, 0x17, 0x75, 0xED, 0x9A, 0x36, 0x7E, 0x2D, 0x2E,
    0xEA, 0xAD, 0x30, 0xAF, 0xBB, 0xA6, 0x0D, 0x70, 0x75, 0x5B, 0xE9, 0xD2, 0x9C, 0x21, 0x01, 0x5D,
    0x1B, 0xD5, 0xE6, 0xBD, 0x75, 0x95, 0x2F, 0x86, 0xC0, 0x9D, 0x1A, 0x6A, 0x5D, 0xBA, 0xDC, 0x03,
    0xC0, 0x59, 0x1A, 0x27, 0xA1, 0x35, 0x1A, 0x6E, 0xBE, 0xF7, 0xE1, 0x7B, 0xF7, 0x39, 0x5D, 0xBB,
    0xFC, 0xE0, 0xF2, 0xFB, 0x6C, 0x9D, 0xB2, 0xD1, 0x2C, 0x36, 0xED, 0x74, 0xF5, 0xA2, 0x59, 0xFC,
    0x2B, 0xCB, 0x76, 0xFA, 0x15, 0x3C, 0xB3, 0x6C, 0xA7, 0x5C, 0xB1, 0x36, 0xDB, 0x72, 0x05, 0x20,
    0xFB, 0xA6, 0x67, 0x06, 0xA0, 0xDC, 0x48, 0x0F, 0x50, 0xE9, 0x31, 0xED, 0x00, 0x6A, 0xC6, 0xDC,
    0x01, 0x34, 0x8C, 0x0A, 0x80, 0xA3, 0x64, 0xDC, 0x01, 0x60, 0x91, 0xF6, 0xB7, 0x97, 0x93, 0xCC,
    0xFB, 0x8B, 0x9A, 0xCB, 0x7A, 0x91, 0x7F, 0xF6, 0x89, 0xF8, 0x54, 0xFC, 0x91, 0xFA, 0xF8, 0x9D,
    0x6E, 0x28, 0x7E, 0x3D, 0xD4, 0x56, 0x95, 0x6E, 0x2C, 0xCD, 0x58, 0x7C, 0xBE, 0x5B, 0xEB, 0xB1,
    0x66, 0x84, 0x83, 0xC0, 0x0D, 0x23, 0x89, 0xBF, 0xCB, 0x18, 0x76, 0x23, 0x6B, 0x8F, 0x92, 0x61,
    0x91, 0x0C, 0x14, 0x26, 0xEC, 0x39, 0x66, 0x9E, 0x32, 0xEE, 0x19, 0x27, 0x33, 0x0E, 0x8B, 0x76,
    0x51, 0x38, 0x0E, 0xA8, 0x6F, 0xE8, 0xA6, 0xD2, 0x89, 0xA7, 0x5C, 0x50, 0x8E, 0x00, 0xE8, 0xD8,
    0x81, 0x3F, 0x55, 0xB4, 0x11, 0xC5, 0x09, 0x5D, 0x1B, 0x69, 0x9C, 0x50, 0xB7, 0x11, 0x78, 0x52,
    0xE3, 0x46, 0xE6, 0x49, 0xA5, 0xDC, 0xDC, 0x88, 0x4D, 0xA5, 0x5B, 0xEB, 0x55, 0x9F, 0xF4, 0x6B,
    0xC9, 0xD5, 0xCB, 0xC3, 0x5A, 0xF5, 0x46, 0x78, 0x94, 0xBC, 0xD1, 0x1E, 0x54, 0xAF, 0xE5, 0x8F,
    0x69, 0xBF, 0x3E, 0x81, 0xCD, 0x21, 0x84, 0x9E, 0x77, 0xEB, 0x73, 0x18, 0xD5, 0xE6, 0x28, 0x8E,
    0x2A, 0xD6, 0xA7, 0x51, 0x0D, 0x9B, 0x03, 0x49, 0x34, 0xF9, 0xA0, 0x7A, 0xE5, 0x55, 0x5B, 0x9A,
    0x8A, 0x39, 0x33, 0x20, 0x1F, 0xEA, 0x56, 0xF5, 0xB5, 0x53, 0xBE, 0xD1, 0xAA, 0xB5, 0x94, 0x66,
    0x41, 0xC5, 0xC8, 0x1C, 0xCF, 0x2C, 0xE9, 0xE0, 0xD8, 0x47, 0x08, 0x5E, 0x8F, 0x26, 0x82, 0xDF,
    0xB5, 0x91, 0xE0, 0x99, 0x0D, 0xD1, 0x37, 0xF3, 0xD1, 0x3B, 0x6F, 0xA3, 0x7F, 0xE1, 0xE2, 0x0A,
    0xA5, 0x59, 0x5A, 0xE3, 0x6A, 0x57, 0xB9, 0xD2, 0x29, 0x57, 0xB4, 0x59, 0x68, 0xD0, 0x7C, 0x34,
    0x11, 0xF7, 0xA8, 0x9C, 0x50, 0x3A, 0x8B, 0x72, 0x0D, 0x45, 0x5B, 0x93, 0xB5, 0x55, 0x80, 0x02,
    0x88, 0x3E, 0x31, 0x50, 0xA0, 0xE0, 0x95, 0xF7, 0xC1, 0x2D, 0xEB, 0x83, 0x5F, 0x3A, 0x04, 0xC7,
    0x64, 0x88, 0x9E, 0x81, 0x14, 0x07, 0xAC, 0xAC, 0x01, 0x31, 0xA9, 0xB8, 0xEC, 0xB3, 0xAE, 0xF8,
    0xC8, 0x2B, 0x33, 0x54, 0x3C, 0x9C, 0x33, 0x67, 0x4B, 0x53, 0xC1, 0x48, 0xD6, 0x53, 0x76, 0xD4,
    0x8E, 0xDA, 0x50, 0x39, 0x94, 0x23, 0x6F, 0xC9, 0x3A, 0xF0, 0xA4, 0xF7, 0x48, 0x3D, 0x0C, 0x30,
    0x82, 0x85, 0x46, 0xC7, 0x3E, 0x91, 0x0D, 0x14, 0x2D, 0xA5, 0x66, 0x17, 0x88, 0x23, 0xCF, 0x53,
    0xBB, 0x82, 0x4A, 0xC7, 0xC2, 0x12, 0x12, 0x71, 0x47, 0xA4, 0xFD, 0x56, 0x3A, 0xC0, 0x21, 0x45,
    0x07, 0x95, 0xAE, 0x0C, 0x61, 0xCD, 0x11, 0x6C, 0x5D, 0xFB, 0x66, 0xB8, 0x48, 0xED, 0x6C, 0x17,
    0x8B, 0x4E, 0x6D, 0x02, 0x3B, 0xDB, 0x36, 0xAE, 0xBC, 0xF6, 0x6D, 0xBF, 0x43, 0xF0, 0x3E, 0x04,
    0x2A, 0x53, 0x69, 0x38, 0x8A, 0x51, 0xD2, 0xE1, 0x6C, 0xFC, 0x78, 0xBB, 0xDA, 0x1D, 0x52, 0x99,
    0xB8, 0xFF, 0x25, 0x1A, 0x57, 0x68, 0x88, 0x2E, 0xC8, 0x47, 0x02, 0xF2, 0x76, 0xA4, 0x57, 0x26,
    0x12, 0xC9, 0x46, 0x92, 0x29, 0x50, 0xBA, 0xC8, 0x07, 0xD2, 0x31, 0xF7, 0x64, 0x43, 0x11, 0xA8,
    0x2F, 0x3A, 0x32, 0xAF, 0x1C, 0x59, 0xA7, 0xA2, 0x42, 0xA5, 0xC9, 0x9D, 0x82, 0xC2, 0x94, 0x90,
    0x70, 0x86, 0x55, 0x71, 0xDB, 0x86, 0xC6, 0x09, 0xD8, 0x47, 0xA2, 0xB1, 0x71, 0xF7, 0x46, 0x4F,
    0x6C, 0xAC, 0x90, 0x27, 0x34, 0xDF, 0x89, 0x11, 0x5D, 0x77, 0x13, 0xA5, 0xBF, 0x63, 0xDF, 0xF5,
    0x67, 0xAC, 0xF2, 0xD8, 0xD2, 0x73, 0x54, 0xB7, 0x3C, 0x6C, 0x0C, 0xD3, 0x02, 0xA4, 0x83, 0x05,
    0xD0, 0x03, 0x1E, 0xD8, 0x03, 0x80, 0x24, 0x8C, 0xC5, 0x00, 0x6A, 0x0C, 0x18, 0xA0, 0xF0, 0x00,
    0x50, 0x89, 0x8C, 0xB5, 0xC8, 0x00, 0x00, 0x33, 0x80, 0xFF, 0x2F, 0x81, 0xBC, 0x2D, 0x3E, 0x27,
    0xB1, 0x24, 0xCB, 0x6B, 0xC5, 0x73, 0x32, 0x69, 0x56, 0xF6, 0xFA, 0x74, 0x8F, 0xF8, 0x48, 0xC4,
    0x80, 0xFD, 0x76, 0x5F, 0x3C, 0x79, 0x0F, 0xE9, 0x48, 0xA9, 0x81, 0x8A, 0xED, 0xA5, 0x26, 0x48,
    0x1D, 0xE4, 0x06, 0x14, 0x70, 0xE9, 0x78, 0xFF, 0x5B, 0x80, 0x87, 0xA4, 0x83, 0x6C, 0xF5, 0xEF,
    0x80, 0xD2, 0xC1, 0x6E, 0x07, 0xB7, 0x3C, 0xF8, 0x5B, 0x24, 0xDD, 0x8C, 0xCC, 0x5D, 0x22, 0x37,
    0x0A, 0x15, 0xF8, 0x12, 0x99, 0x9B, 0xC5, 0x45, 0x6B, 0xAB, 0x34, 0xC0, 0xD5, 0x0A, 0x80, 0xA3,
    0x1D, 0x00, 0x9A, 0x7F, 0x89, 0x51, 0xC8, 0x27, 0x01, 0x92, 0xFF, 0x13, 0x89, 0x83, 0x58, 0x03,
    0x30, 0xFC, 0xDB, 0x00, 0xA0, 0xFD, 0x02, 0x20, 0xF1, 0x57, 0x81, 0xB3, 0xD7, 0x3C, 0xDB, 0x9C,
    0xC9, 0xBB, 0x73, 0x7F, 0x53, 0xA3, 0x72, 0xC7, 0xAD, 0x39, 0xD5, 0xC7, 0x46, 0x4F, 0xB3, 0x33,
    0xC5, 0x77, 0xA5, 0xAB, 0x6E, 0x1D, 0x61, 0xC5, 0xE5, 0x32, 0x35, 0xF2, 0xFB, 0x6B, 0x22, 0xFF,
    0x5B, 0x7F, 0xDA, 0xA7, 0x93, 0x6D, 0xAF, 0x5E, 0xB1, 0x2F, 0xB7, 0x5F, 0x8F, 0xEC, 0xC6, 0xFA,
    0x36, 0x72, 0x67, 0x8B, 0xCC, 0xBF, 0xC4, 0x1D, 0x48, 0xFD, 0x3A, 0x3B, 0x31, 0x75, 0xBC, 0x05,
    0x68, 0x2B, 0x88, 0xB0, 0xFE, 0xE5, 0x5D, 0xFF, 0x86, 0xDF, 0x06, 0xE8, 0x81, 0xB4, 0x03, 0x72,
    0x07, 0x28, 0x0D, 0xCC, 0x01, 0x1E, 0x02, 0x89, 0x07, 0xB2, 0x16, 0x28, 0x1C, 0x50, 0x02, 0xEC,
    0x02, 0x0C, 0x1C, 0x07, 0xCA, 0xBF, 0x67, 0x47, 0x00, 0x94, 0x78, 0xD4, 0xB4, 0x47, 0xE9, 0xA1,
    0x0A, 0xA8, 0xBB, 0x80, 0x16, 0x1A, 0x07, 0x36, 0xC2, 0x80, 0x44, 0x68, 0x12, 0x81, 0x54, 0x26,
    0x32, 0x79, 0x8F, 0x6C, 0x01, 0xD9, 0x08, 0x79, 0x40, 0x11, 0xA0, 0x86, 0x80, 0x9E, 0xB8, 0xCD,
    0x66, 0xAB, 0x08, 0x71, 0x5C, 0xDE, 0x37, 0x9B, 0x58, 0x67, 0xE5, 0x38, 0x40, 0xED, 0x36, 0x41,
    0x36, 0x01, 0x96, 0x41, 0x26, 0xC8, 0x62, 0x9C, 0x05, 0xE9, 0x07, 0x27, 0x03, 0xA0, 0x3C, 0xDF,
    0x9B, 0xAB, 0x38, 0x9A, 0x80, 0x9B, 0xFB, 0x9A, 0x95, 0x25, 0x36, 0xAC, 0x97, 0x01, 0x35, 0x89,
    0x2B, 0xBF, 0x13, 0x5D, 0x75, 0xF1, 0x1A, 0x61, 0x63, 0x4D, 0xF3, 0xD6, 0xD4, 0x6D, 0x1C, 0x1B,
    0x5D, 0xB7, 0x85, 0xA9, 0x7C, 0xB9, 0xCC, 0xA9, 0x8B, 0x9B, 0x2D, 0x21, 0x86, 0x44, 0x34, 0xA9,
    0x40, 0xB1, 0x80, 0x72, 0x00, 0xDB, 0x91, 0x48, 0x0B, 0x51, 0xFB, 0x00, 0xF4, 0x90, 0x79, 0xE0,
    0xF8, 0x6E, 0xC6, 0x1E, 0xA0, 0xD9, 0xC4, 0xD7, 0x11, 0xC7, 0xE7, 0xD2, 0x2D, 0xB7, 0xA8, 0x3D,
    0x94, 0x7D, 0x1C, 0x8F, 0xA5, 0xB4, 0xAC, 0x6D, 0x93, 0x75, 0xE5, 0x63, 0xCE, 0xB5, 0x8F, 0x19,
    0x2F, 0xF3, 0xAC, 0x5D, 0xE4, 0xC6, 0x15, 0x26, 0xB0, 0x86, 0xBA, 0xB3, 0x40, 0xE3, 0x8E, 0x88,
    0x59, 0x2E, 0x62, 0x8E, 0x8C, 0x60, 0x3B, 0x06, 0x58, 0x40, 0x1F, 0x7B, 0xE2, 0xC1, 0x93, 0x74,
    0xB0, 0x07, 0x7A, 0x9D, 0x55, 0xEC, 0xAA, 0x8F, 0xE1, 0xCB, 0x81, 0x2A, 0x70, 0x1F, 0x59, 0x85,
    0xDE, 0x71, 0xC2, 0xC4, 0xBD, 0x39, 0xE9, 0x58, 0xBA, 0x6C, 0x87, 0xBC, 0x36, 0xA8, 0x3E, 0x11,
    0xE5, 0xD5, 0x98, 0x4C, 0xAA, 0x2B, 0xC6, 0x74, 0x91, 0xB6, 0x81, 0x47, 0x50, 0x43, 0x36, 0x40,
    0xE9, 0xB3, 0x1E, 0x9A, 0x36, 0xF3, 0xA4, 0x42, 0xD6, 0x51, 0xF5, 0xE4, 0x2D, 0x4D, 0xAC, 0x62,
    0xDC, 0x81, 0xC2, 0x70, 0x1B, 0x12, 0x38, 0xC7, 0xBA, 0x92, 0xB1, 0x17, 0x35, 0x64, 0x23, 0x58,
    0x97, 0x2F, 0x56, 0xDC, 0xE8, 0xF8, 0x64, 0x63, 0x76, 0xDF, 0xF6, 0x56, 0xA4, 0x8F, 0xA8, 0x45,
    0x7C, 0x19, 0x90, 0x5C, 0xBF, 0xB6, 0xBC, 0x0D, 0xC7, 0xDD, 0x29, 0x56, 0x97, 0x6A, 0x0D, 0x25,
    0x50, 0x01, 0x73, 0x60, 0x17, 0x62, 0x50, 0x0E, 0x36, 0x45, 0x2E, 0x59, 0x7E, 0x58, 0x6B, 0x8B,
    0x35, 0x8B, 0x1B, 0x5F, 0xCA, 0x82, 0xEC, 0x91, 0xC8, 0xD3, 0x68, 0xE9, 0x32, 0x06, 0xFA, 0xF6,
    0x5E, 0xA0, 0x8E, 0x9F, 0x45, 0x1E, 0x6E, 0x3C, 0x7A, 0x02, 0x12, 0x8B, 0x37, 0x00, 0x7F, 0x21,
    0x32, 0x55, 0x22, 0x4F, 0x6A, 0xC9, 0x9C, 0x0D, 0x90, 0x88, 0xE3, 0x79, 0x13, 0x50, 0xCB, 0x2B,
    0xAD, 0x0A, 0x3E, 0xC9, 0xCD, 0xFD, 0x07, 0x56, 0xE4, 0xDE, 0x9B, 0x22, 0x43, 0xF0, 0x18, 0x03,
    0xA6, 0xB5, 0xF7, 0x72, 0xBE, 0xC8, 0x43, 0x82, 0xC1, 0xC7, 0x07, 0x57, 0x0D, 0x40, 0xDE, 0x52,
    0x04, 0x94, 0xFF, 0xE1, 0x28, 0x7F, 0xF7, 0x0F, 0x2E, 0x11, 0xEB, 0x2E, 0x8B, 0xB8, 0xFA, 0xAB,
    0x8E, 0xF9, 0xF3, 0x13, 0xE7, 0x76, 0x6B, 0xC3, 0xAE, 0x82, 0x43, 0xE0, 0x0C, 0x70, 0x90, 0x4D,
    0xB1, 0x25, 0x03, 0x27, 0x4C, 0x75, 0x95, 0xAF, 0xBB, 0xC6, 0xEC, 0x32, 0x63, 0x87, 0xC2, 0x61,
    0x58, 0x5A, 0x21, 0x03, 0x10, 0x42, 0x1A, 0xF2, 0x81, 0xA2, 0x47, 0x39, 0x58, 0x50, 0x43, 0xC0,
    0x36, 0x70, 0x96, 0x9F, 0x67, 0xCB, 0xB5, 0x73, 0xA0, 0xA2, 0x34, 0x70, 0x48, 0xDE, 0xC7, 0x8E,
    0x7C, 0x21, 0x2D, 0x3C, 0x27, 0x4F, 0x00, 0xCE, 0xB3, 0xB6, 0x52, 0xC3, 0x2C, 0xD2, 0xDD, 0x12,
    0x68, 0xFE, 0xAB, 0x3C, 0xAE, 0xED, 0xB1, 0xB2, 0x23, 0xD6, 0x1C, 0x57, 0x75, 0xDD, 0x4F, 0x40,
    0x3F, 0x83, 0xB4, 0x07, 0x38, 0x07, 0x64, 0x1E, 0xF2, 0xAC, 0x03, 0xF5, 0xD8, 0x41, 0xF1, 0xF5,
    0xBF, 0x3B, 0xB0, 0xB6, 0xE5, 0xB2, 0x95, 0x8E, 0x5A, 0x7A, 0xD8, 0xF9, 0x27, 0xAB, 0xE1, 0x52,
    0xE5, 0x60, 0x5E, 0x10, 0x28, 0x39, 0x96, 0x56, 0x99, 0xBE, 0x6E, 0x7D, 0xF3, 0x49, 0x57, 0x3F,
    0x6E, 0xB7, 0x5E, 0x71, 0x14, 0x06, 0xA5, 0x51, 0x50, 0xC1, 0x2E, 0xCC, 0xE0, 0x36, 0xF4, 0xE0,
    0x49, 0x3C, 0x59, 0x4B, 0xE6, 0xF6, 0xF2, 0xC7, 0xA3, 0x7A, 0x67, 0x54, 0xF9, 0x58, 0x66, 0x03,
    0x4B, 0x53, 0x7D, 0xE2, 0xEB, 0x29, 0xF1, 0xB3, 0xEA, 0xED, 0xEE, 0x56, 0x2E, 0xEE, 0x20, 0x11,
    0x7D, 0x6E, 0x79, 0x04, 0x7B, 0x40, 0x21, 0xD2, 0x81, 0xFD, 0xE2, 0x83, 0x89, 0xFC, 0xF3, 0x18,
    0x73, 0x07, 0xC8, 0xDA, 0xB7, 0x00, 0x7C, 0x8C, 0x97, 0xAA, 0xBF, 0x44, 0xBD, 0x56, 0x6A, 0xF5,
    0xAB, 0x3A, 0x56, 0x3C, 0xDE, 0xB0, 0xBF, 0xBD, 0x67, 0xC3, 0xA2, 0x23, 0xFB, 0x65, 0x97, 0x48,
    0x4F, 0xFE, 0xE9, 0x5D, 0xCA, 0x77, 0x2B, 0x9D, 0xAB, 0x67, 0x89, 0xFE, 0x9C, 0x05, 0xC8, 0xA3,
    0xE2, 0x61, 0x83, 0xF4, 0x3E, 0xC4, 0xDD, 0x37, 0x75, 0x39, 0x8E, 0x17, 0xD7, 0xB5, 0xAC, 0xE8,
    0x37, 0xBE, 0x79, 0x0F, 0x90, 0x8D, 0x75, 0x2B, 0xAF, 0x0E, 0xC5, 0x50, 0x3B, 0x51, 0x7D, 0xBC,
    0x57, 0x2E, 0x54, 0xA7, 0xE2, 0xC5, 0xB2, 0x74, 0xA5, 0x5B, 0x64, 0xBE, 0x32, 0xF1, 0x6A, 0xD9,
    0x55, 0xCB, 0xBB, 0xE5, 0x7C, 0x79, 0xB9, 0x9C, 0xB1, 0xB2, 0xE4, 0x7F, 0x80, 0x6C, 0x11, 0x69,
    0x5A, 0xCD, 0xD6, 0x5F, 0xBD, 0x46, 0xA3, 0x3A, 0x71, 0x94, 0x3E, 0x50, 0xAC, 0xD8, 0x28, 0x7F,
    0x61, 0x99, 0xC9, 0x1E, 0x31, 0xF6, 0x7A, 0x6D, 0xA4, 0x74, 0x64, 0x69, 0x3B, 0x90, 0xDF, 0xB3,
    0x66, 0xB5, 0x4C, 0xE2, 0x6C, 0x07, 0x8A, 0x16, 0x58, 0xFA, 0x9D, 0x08, 0x39, 0x02, 0xFC, 0x33,
    0x6C, 0xC7, 0x9D, 0xAD, 0x46, 0x1D, 0x2F, 0x8B, 0x71, 0x1B, 0xBD, 0x29, 0x89, 0x0D, 0x62, 0xC4,
    0x59, 0x73, 0xE1, 0x07, 0xBF, 0xAF, 0x56, 0xAF, 0xDE, 0x39, 0x9F, 0x1E, 0x69, 0x63, 0x9B, 0x7C,
    0xE5, 0x07, 0xF3, 0xDD, 0xD8, 0x53, 0x55, 0x5F, 0x48, 0xCD, 0xDF, 0x36, 0x99, 0xB3, 0x36, 0x73,
    0x12, 0xC7, 0xED, 0xCC, 0x6D, 0x93, 0x39, 0x22, 0xAC, 0x88, 0x44, 0x90, 0xB5, 0xAC, 0x9E, 0xCD,
    0x33, 0x77, 0x27, 0xFA, 0x46, 0xC4, 0x39, 0xD4, 0xDA, 0x3A, 0xEB, 0x1A, 0xB7, 0x12, 0xB8, 0x43,
    0xE3, 0xE2, 0x93, 0x1D, 0xBD, 0xAA, 0xD6, 0xCB, 0xBF, 0x6B, 0xB3, 0x3E, 0x0E, 0x13, 0xC5, 0x9E,
    0x8F, 0xC2, 0x8D, 0x35, 0x73, 0xE2, 0x1A, 0x6B, 0xC2, 0x5C, 0x5F, 0x38, 0xE1, 0x01, 0x9B, 0x97,
    0xD7, 0x9F, 0xF0, 0xAA, 0xFC, 0xCC, 0xB2, 0x9D, 0x76, 0x45, 0x3D, 0x56, 0x83, 0xF2, 0x79, 0x9B,
    0xB9, 0xD4, 0x9C, 0x6E, 0x45, 0xA2, 0x33, 0x97, 0xB7, 0xCA, 0x57, 0x43, 0x3D, 0x9E, 0x6E, 0x45,
    0x6A, 0x8A, 0xEE, 0xEA, 0x8B, 0x57, 0x5F, 0x2C, 0xBA, 0xD3, 0x45, 0x81, 0xC6, 0xFC, 0x34, 0xE5,
    0x7F, 0x00, 0x65, 0x54, 0x01, 0xA4, 0x5D, 0x37, 0x18, 0xFE, 0x4E, 0x32, 0x3D, 0x2C, 0x34, 0x85,
    0x41, 0xCB, 0xCB, 0x00, 0x5B, 0x47, 0x53, 0x0C, 0x1D, 0xED, 0x49, 0xDA, 0x61, 0x18, 0x5A, 0x6C,
    0xE0, 0xA1, 0x30, 0xD4, 0xD8, 0xDE, 0x00, 0x65, 0xEF, 0xDE, 0x9B, 0x6E, 0x6C, 0x18, 0xF6, 0x00,
    0x80, 0x16, 0x45, 0xDD, 0xB2, 0x87, 0x3D, 0xD6, 0xCD, 0xBD, 0x3D, 0xE9, 0x86, 0x01, 0x64, 0x56,
    0x8A, 0xA1, 0xE9, 0x56, 0x6B, 0xB7, 0xA2, 0x19, 0x69, 0x97, 0x56, 0xDA, 0x2C, 0xE7, 0xBC, 0x3E,
    0x7D, 0xD3, 0xFF, 0x7E, 0x39, 0x72, 0xBE, 0x93, 0xFF, 0x4F, 0xBE, 0xDF, 0x97, 0x0B, 0x00, 0x6B,
    0x8E, 0x3C, 0x88, 0xAD, 0xCB, 0xDC, 0x66, 0x61, 0xB2, 0xD4, 0x59, 0x21, 0xAB, 0x26, 0x75, 0x34,
    0x74, 0xD4, 0x2B, 0x66, 0xC5, 0x9A, 0x6E, 0x13, 0x88, 0x6B, 0x3D, 0x31, 0x80, 0xB2, 0xC2, 0x72,
    0x2B, 0x8C, 0xD4, 0x0A, 0x0A, 0x1D, 0xD4, 0x85, 0x03, 0x95, 0xCD, 0xA0, 0x19, 0x3C, 0xE1, 0x50,
    0xC4, 0xB7, 0x81, 0xFC, 0x14, 0xD8, 0xDB, 0x7E, 0x65, 0xF5, 0xB6, 0x2A, 0x4F, 0x5F, 0x39, 0x7D,
    0x1D, 0xDC, 0xA2, 0xF7, 0xCD, 0xFC, 0x42, 0x53, 0x12, 0xAD, 0x98, 0x6F, 0x31, 0x1C, 0xDE, 0x0B,
    0xF0, 0xA2, 0x57, 0x36, 0x3D, 0x68, 0xA8, 0x38, 0x4B, 0xC3, 0xA2, 0xF5, 0x6A, 0xD3, 0xB0, 0x47,
    0x18, 0x62, 0xE6, 0xE9, 0xAD, 0xC8, 0x6D, 0x90, 0x80, 0xAA, 0x6F, 0x45, 0x5F, 0xE5, 0xB6, 0x2E,
    0xC8, 0x15, 0xCC, 0x2D, 0xB8, 0xED, 0x66, 0x60, 0x11, 0xA2, 0x24, 0x59, 0x52, 0x37, 0x0F, 0x6F,
    0x36, 0x7E, 0x1F, 0xB5, 0xE0, 0xC0, 0x21, 0x60, 0x1D, 0x08, 0xA0, 0x1E, 0xCC, 0x42, 0x00, 0xAF,
    0x63, 0x88, 0xA6, 0x77, 0xED, 0x9F, 0x89, 0xDB, 0x2A, 0x32, 0xF1, 0x5B, 0xA1, 0x2D, 0x86, 0x16,
    0x23, 0x45, 0xDD, 0x34, 0xE4, 0xBA, 0x35, 0x0D, 0xD3, 0xD3, 0xF6, 0xD9, 0xD6, 0xBD, 0xA3, 0x0F,
    0xE2, 0xB0, 0xD2, 0x2C, 0x6A, 0x3B, 0x2A, 0xF8, 0x8D, 0x4C, 0x1E, 0x25, 0x90, 0xA1, 0xE8, 0x11,
    0x66, 0xBB, 0x35, 0x88, 0xDB, 0xC0, 0xD9, 0xE7, 0x50, 0x25, 0xCD, 0x4A, 0xDA, 0xCD, 0x00, 0xDB,
    0x64, 0x06, 0x50, 0x9F, 0x75, 0x8E, 0x31, 0x0E, 0xCE, 0x2F, 0x6D, 0x93, 0x20, 0x06, 0x12, 0x4D,
    0x42, 0xEB, 0xC1, 0x2D, 0xA4, 0x86, 0x02, 0xA6, 0xC0, 0x72, 0x17, 0x26, 0x40, 0x07, 0x48, 0x80,
    0x1B, 0x10, 0x8B, 0x21, 0x0C, 0x90, 0x76, 0x58, 0x61, 0x86, 0xCC, 0x11, 0x75, 0x5E, 0x31, 0x56,
    0x19, 0x33, 0x33, 0x68, 0x18, 0x88, 0x09, 0x86, 0x50, 0x5F, 0x06, 0x71, 0xAF, 0xAA, 0x4E, 0xE2,
    0x5A, 0x92, 0x27, 0xA2, 0xA2, 0xA1, 0x62, 0x4A, 0xC3, 0x84, 0x3E, 0x3E, 0xD3, 0x5C, 0x19, 0x25,
    0x1B, 0xFA, 0x47, 0xE0, 0xD7, 0x82, 0x3C, 0x1E, 0x15, 0x89, 0x53, 0x12, 0x97, 0x63, 0x4F, 0x6A,
    0xC3, 0x6B, 0xAB, 0xD7, 0x85, 0xEE, 0xA6, 0x60, 0x55, 0x32, 0xB3, 0x98, 0xD9, 0xF6, 0xBE, 0x69,
    0x85, 0x86, 0x04, 0xD4, 0x88, 0xE9, 0x78, 0xD0, 0x05, 0x90, 0xF1, 0xC6, 0x53, 0x73, 0x70, 0x6E,
    0xC6, 0x82, 0x9E, 0x3E, 0x4C, 0xAD, 0xCD, 0xD4, 0x66, 0x34, 0x11, 0xD4, 0x83, 0x6B, 0x4C, 0x40,
    0xFC, 0x3E, 0xAE, 0x0F, 0x4F, 0xE7, 0xA1, 0x2F, 0x7E, 0x3E, 0xDF, 0x78, 0xB6, 0xF2, 0x41, 0xAE,
    0xE6, 0x23, 0x75, 0x25, 0x49, 0x58, 0x75, 0x28, 0x06, 0x6D, 0x00, 0x89, 0x47, 0x48, 0xAC, 0x67,
    0x98, 0x6D, 0xBA, 0x03, 0x8F, 0x50, 0x5F, 0x07, 0x52, 0x04, 0x7C, 0xEA, 0x9B, 0x3B, 0xAE, 0xFD,
    0xCA, 0xED, 0xE5, 0xF6, 0xD8, 0xE9, 0xEB, 0xA5, 0xE4, 0xF7, 0xD7, 0x36, 0x20, 0x35, 0xE9, 0x1D,
    0xA9, 0x05, 0x4B, 0x26, 0x25, 0xD3, 0xBF, 0x17, 0x54, 0xBF, 0xD6, 0x02, 0xBC, 0x18, 0x7E, 0x39,
    0x80, 0xC6, 0x9A, 0x7E, 0x94, 0xC4, 0x63, 0x55, 0xF8, 0xA6, 0x65, 0x4F, 0x31, 0x9A, 0x3E, 0x92,
    0x98, 0x99, 0xDD, 0xE2, 0x66, 0x94, 0xD2, 0x1B, 0xF5, 0x8E, 0x1F, 0x7B, 0x52, 0xE1, 0x8F, 0x31,
    0x2B, 0x47, 0xD3, 0xAB, 0x12, 0x66, 0x25, 0xFC, 0x70, 0xD9, 0x7B, 0x6A, 0x35, 0xD3, 0x58, 0x01,
    0x8E, 0x02, 0x11, 0xC4, 0xA3, 0x1D, 0xED, 0xD6, 0x01, 0x67, 0x80, 0x1D, 0x21, 0xA3, 0x37, 0xDD,
    0x82, 0x85, 0x48, 0x8B, 0x23, 0xC5, 0x89, 0x93, 0xA1, 0xA3, 0x69, 0x9D, 0xA4, 0x09, 0x09, 0x6A,
    0xD5, 0x6D, 0x6F, 0xDD, 0x14, 0xC3, 0x7E, 0xF5, 0xE2, 0x78, 0x50, 0x4D, 0x1C, 0x40, 0xA2, 0x38,
    0x1F, 0xDA, 0x3B, 0x01, 0xED, 0x60, 0xD9, 0x4F, 0x84, 0xFE, 0x7E, 0x09, 0xE9, 0x81, 0xAD, 0xE7,
    0xE8, 0x4B, 0xAC, 0xD8, 0xCD, 0x00, 0x3B, 0x24, 0x50, 0x4A, 0xED, 0x67, 0xC0, 0x18, 0xF3, 0xF9,
    0x85, 0xB2, 0x3D, 0x6F, 0xF4, 0x8B, 0x06, 0x5B, 0x8E, 0xC8, 0x3B, 0x58, 0x00, 0x13, 0x0C, 0xBC,
    0xD0, 0x83, 0x1C, 0x68, 0xE0, 0x54, 0x65, 0x47, 0x8A, 0x8F, 0xEE, 0x62, 0x15, 0x6E, 0x00, 0xAF,
    0xB0, 0xBB, 0x0B, 0x35, 0x69, 0xA0, 0x3B, 0x60, 0x1F, 0x80, 0x0F, 0xDF, 0x1B, 0x2E, 0xD7, 0xB9,
    0xAA, 0x65, 0xF0, 0xD5, 0x92, 0xFA, 0x45, 0x6D, 0x84, 0x70, 0xD3, 0xEF, 0xEE, 0xCA, 0xCF, 0x23,
    0x3E, 0xD6, 0xED, 0x6F, 0x4E, 0x50, 0xDF, 0x31, 0x3B, 0x91, 0xBA, 0xBF, 0x8D, 0x0C, 0x2C, 0x1B,
    0xA8, 0x55, 0xB0, 0x84, 0xE1, 0xEB, 0x3D, 0x2F, 0x4E, 0x0C, 0xDD, 0x98, 0x8C, 0xC6, 0xCB, 0x34,
    0xD4, 0x74, 0xB5, 0xA6, 0xEB, 0xD7, 0x97, 0x37, 0xF6, 0xB7, 0xE1, 0xAD, 0x26, 0x79, 0x14, 0x83,
    0x19, 0x2A, 0x9A, 0xFB, 0x9A, 0x9E, 0xB4, 0x2B, 0xCC, 0x5F, 0x69, 0x23, 0xB9, 0x84, 0x95, 0x5E,
    0xBF, 0xCA, 0x87, 0x43, 0x36, 0x9B, 0x4E, 0x9C, 0xB7, 0x13, 0x6E, 0xB2, 0x44, 0x5E, 0x87, 0x74,
    0xD8, 0x73, 0x11, 0x68, 0xD3, 0x68, 0x1D, 0xD0, 0x50, 0xC7, 0x3F, 0x5B, 0xA0, 0xF7, 0x9E, 0xA0,
    0x8D, 0x4B, 0x30, 0xBF, 0x00, 0xB7, 0x79, 0x1C, 0xE2, 0x5C, 0x42, 0x35, 0x3E, 0x54, 0xF3, 0x58,
    0x77, 0xB8, 0xFA, 0x62, 0x5E, 0x98, 0x6B, 0xEA, 0x6B, 0x9E, 0xF3, 0x60, 0x3F, 0x6B, 0xF0, 0xFB,
    0xA3, 0xB3, 0x20, 0xBE, 0xB6, 0x90, 0xEF, 0x7A, 0x28, 0x1A, 0xD1, 0x61, 0x81, 0xFD, 0x1B, 0xC2,
    0x33, 0xC7, 0x6D, 0xFD, 0x19, 0xA1, 0x25, 0x54, 0xFD, 0x4D, 0xB1, 0xC4, 0x74, 0x43, 0x9A, 0x83,
    0x5F, 0xF8, 0x8F, 0x20, 0x6F, 0x3E, 0xEC, 0xC1, 0x7F, 0x7F, 0x22, 0xB5, 0xF8, 0x31, 0x49, 0xC8,
    0xAA, 0xB9, 0x26, 0x87, 0xAE, 0x3E, 0xFC, 0x14, 0xD3, 0xD6, 0x2D, 0xB1, 0x64, 0xAE, 0xDF, 0x58,
    0x54, 0xF7, 0xE9, 0x9A, 0x21, 0x6F, 0xBE, 0x78, 0x69, 0xFD, 0x92, 0x3E, 0x5C, 0x90, 0xB4, 0xE7,
    0xE2, 0x25, 0x90, 0x7F, 0x7B, 0x34, 0x49, 0x68, 0x92, 0x84, 0xA1, 0x41, 0x68, 0x1A, 0x24, 0x5A,
    0xAF, 0x50, 0x5B, 0x0F, 0xFE, 0x4B, 0xDC, 0x3E, 0xA3, 0x01, 0xA4, 0xAE, 0x03, 0x80, 0x0A, 0x00,
    0xBE, 0xD1, 0xED, 0x0D, 0xCF, 0x3F, 0x73, 0xDC, 0x81, 0x3D, 0x19, 0xAC, 0xF8, 0x92, 0xB0, 0x47,
    0x99, 0xED, 0xB8, 0x1E, 0x6E, 0xD9, 0xA9, 0xC6, 0x1D, 0xF8, 0x4B, 0xDE, 0xFD, 0xDF, 0xDF, 0xFB,
    0x07, 0xC2, 0xFD, 0x07, 0x7D, 0xD7, 0x01, 0xC4, 0x5E, 0x59, 0x7E, 0xC7, 0xF1, 0xEF, 0xBD, 0xA7,
    0x33, 0x77, 0x93, 0x6B, 0x72, 0x8A, 0xA9, 0xD5, 0x66, 0x76, 0x6F, 0x31, 0x65, 0xBA, 0x93, 0xE9,
    0xAD, 0xB6, 0x48, 0x79, 0x27, 0xE7, 0x6E, 0x8B, 0x62, 0xB5, 0xF3, 0x42, 0x5A, 0x54, 0xA5, 0x28,
    0xA8, 0xDA, 0xAC, 0x2E, 0x2C, 0x4D, 0x72, 0x6F, 0x0B, 0xA1, 0xA5, 0x16, 0x16, 0xC0, 0x94, 0x5D,
    0xCC, 0x24, 0xDA, 0x0C, 0x0D, 0x0D, 0x9D, 0xF6, 0x9E, 0x49, 0x54, 0x11, 0x9A, 0xDB, 0x46, 0x14,
    0x30, 0x77, 0x35, 0x3A, 0xB3, 0x69, 0x35, 0x67, 0xC7, 0x1D, 0x7B, 0x93, 0xDC, 0x7B, 0x7E, 0x3D,
    0xF7, 0x79, 0xDE, 0xD7, 0x6B, 0x95, 0xFE, 0xF1, 0xF9, 0x3E, 0x6F, 0x42, 0xCE, 0x91, 0x7B, 0xDF,
    0xF3, 0x9E, 0x97, 0xFD, 0x94, 0x1A, 0x81, 0xFE, 0xD6, 0x0C, 0x66, 0x31, 0x49, 0x1B, 0xCC, 0x08,
    0xD5, 0x08, 0xE0, 0xFC, 0xDE, 0x8B, 0x17, 0x2F, 0xD2, 0x76, 0x92, 0x92, 0xD5, 0x58, 0x6F, 0x0E,
    0x15, 0xAE, 0xAB, 0x87, 0x53, 0x38, 0xEF, 0x3C, 0xD8, 0x67, 0xED, 0xA3, 0x86, 0x5C, 0xD2, 0x00,
    0x59, 0xFF, 0x9D, 0x06, 0x10, 0x70, 0xE2, 0x15, 0xC8, 0x22, 0x77, 0xE0, 0x8B, 0xBA, 0x31, 0x81,
    0x93, 0x02, 0x47, 0x93, 0xDD, 0xEB, 0xC0, 0xDC, 0x07, 0xCE, 0xBE, 0x0B, 0x85, 0x34, 0xD0, 0xC6,
    0x76, 0xCA, 0xF5, 0x47, 0xED, 0x5C, 0xAC, 0xE7, 0xFF, 0x7E, 0xB2, 0xF3, 0x37, 0x3E, 0x19, 0xEB,
    0xF0, 0xD9, 0x3F, 0xE1, 0xBE, 0xFF, 0xB0, 0xA3, 0x7D, 0xF8, 0xCF, 0x0D, 0xED, 0xBD, 0x77, 0xA0,
    0xBF, 0xFF, 0xA5, 0xC4, 0xBF, 0x9C, 0x4B, 0xFC, 0xF7, 0x79, 0x68, 0x97, 0x0F, 0xC0, 0x4D, 0xA3,
    0xA1, 0x7E, 0xEE, 0x2B, 0x4A, 0x3D, 0x59, 0x31, 0x52, 0xC0, 0xBC, 0xFB, 0x3E, 0x94, 0x67, 0x00,
    0x7B, 0x0E, 0x38, 0xF5, 0x06, 0xC7, 0x43, 0xAD, 0x91, 0x5C, 0xB7, 0x16, 0xEC, 0x54, 0xAC, 0x38,
    0x6F, 0x56, 0xD4, 0xE4, 0x8B, 0x89, 0xE4, 0x63, 0xB1, 0x00, 0x76, 0xA3, 0x9A, 0xFE, 0xF0, 0x7A,
    0xDA, 0x41, 0xFF, 0xF1, 0xE4, 0x42, 0xFD, 0xA3, 0x39, 0x71, 0x37, 0xB8, 0xD1, 0x75, 0x24, 0x9A,
    0x44, 0x0B, 0x2E, 0xF4, 0x50, 0x4F, 0x31, 0xC3, 0x2E, 0x6B, 0xD1, 0x94, 0x5A, 0x2F, 0x93, 0x49,
    0xEB, 0x7E, 0x09, 0x78, 0x15, 0x70, 0xD2, 0xC2, 0xE5, 0x0D, 0xB3, 0x92, 0x58, 0xF8, 0x90, 0x62,
    0xE1, 0x0E, 0xE5, 0xC2, 0x1F, 0x60, 0x67, 0xC0, 0x4E, 0x1B, 0x01, 0xA8, 0x36, 0x6A, 0xAD, 0xE0,
    0x9E, 0xBF, 0x97, 0x18, 0x48, 0x78, 0x38, 0xAD, 0x27, 0x1D, 0x95, 0xD4, 0x81, 0x1A, 0x40, 0x40,
    0xB6, 0xF1, 0xA6, 0x3E, 0x85, 0x56, 0x0B, 0xC7, 0x53, 0xC7, 0x86, 0x5C, 0xFD, 0x40, 0x39, 0x55,
    0x01, 0x3B, 0xDA, 0x40, 0x35, 0xD8, 0x81, 0xDA, 0xBF, 0x4C, 0x82, 0x63, 0x06, 0x30, 0xD2, 0x44,
    0xB1, 0x81, 0x1D, 0xE1, 0xA5, 0x4B, 0x9F, 0x37, 0x58, 0x69, 0xE4, 0xA5, 0xCB, 0x8F, 0x1A, 0x70,
    0x0D, 0x70, 0x15, 0xC8, 0x5E, 0x3C, 0xCE, 0x9B, 0x52, 0x52, 0xE7, 0xA4, 0xC8, 0x1B, 0xB4, 0x13,
    0x90, 0x01, 0x5B, 0x1A, 0x00, 0x8A, 0x0E, 0x00, 0xBB, 0x93, 0xB7, 0xE0, 0x2B, 0xEF, 0x17, 0xF3,
    0xB5, 0x88, 0x5B, 0x5D, 0x94, 0xBA, 0x62, 0x7D, 0xA1, 0xE7, 0xF2, 0x85, 0xFE, 0x4C, 0x63, 0x9F,
    0x92, 0xCB, 0xF7, 0xBE, 0x5C, 0x73, 0xA1, 0xCE, 0x2E, 0x26, 0xA2, 0xC6, 0x4E, 0xBB, 0xC7, 0x50,
    0x85, 0x62, 0xC9, 0x44, 0x1D, 0xCA, 0x25, 0x17, 0x6E, 0xB4, 0xB3, 0x89, 0xB8, 0xC1, 0x6D, 0x7F,
    0xEB, 0x7C, 0xBB, 0xA5, 0xF5, 0x0A, 0x26, 0xBE, 0xDA, 0xDF, 0x7B, 0x1A, 0x8C, 0x26, 0x5D, 0xBF,
    0x15, 0xD0, 0x70, 0xBC, 0xF4, 0xDB, 0xFB, 0x7C, 0x6B, 0x9F, 0xBF, 0xDA, 0xA7, 0x5D, 0x31, 0x0A,
    0xB4, 0x4A, 0x19, 0x31, 0x6A, 0x78, 0x1B, 0x0A, 0x79, 0x0E, 0xF6, 0xB9, 0x02, 0x65, 0x3B, 0x72,
    0x07, 0xEC, 0xA5, 0xC0, 0x44, 0x76, 0xE9, 0xDD, 0xF5, 0xE2, 0xB3, 0xC6, 0x68, 0x1B, 0x9F, 0x7D,
    0xFD, 0x77, 0xF4, 0xDB, 0x9F, 0xC3, 0xDB, 0x99, 0xF2, 0x11, 0xAB, 0x6D, 0x9A, 0xD3, 0xF1, 0x86,
    0xF4, 0x04, 0xAE, 0xE0, 0x3E, 0xF1, 0x70, 0x87, 0xFA, 0x45, 0x07, 0x13, 0x56, 0x0D, 0x04, 0x4A,
    0xB1, 0xC5, 0x08, 0xF2, 0x40, 0x2E, 0xA8, 0x9F, 0x43, 0x84, 0x5E, 0xF0, 0x0F, 0x40, 0xAD, 0xD8,
    0xB0, 0xAB, 0x66, 0x80, 0x5C, 0x45, 0xDC, 0x37, 0x57, 0x03, 0x98, 0x88, 0xBA, 0xAD, 0xEB, 0xBE,
    0xC5, 0xD6, 0x43, 0x28, 0x97, 0xD4, 0x11, 0xEC, 0x92, 0xE9, 0xD7, 0x87, 0xD4, 0xD9, 0xA8, 0xF4,
    0xA9, 0x93, 0x5D, 0x5B, 0x41, 0xF5, 0x5C, 0x9F, 0x49, 0xFB, 0x7F, 0xDF, 0x75, 0xE0, 0x02, 0xB4,
    0x4D, 0xEA, 0x98, 0x0A, 0xB4, 0x03, 0xF4, 0x5B, 0x3D, 0x44, 0xA0, 0x3F, 0xAA, 0xF6, 0x3D, 0xAB,
    0x1F, 0x80, 0xFE, 0x1A, 0xA7, 0x08, 0x6E, 0x39, 0x79, 0xC6, 0xED, 0xD1, 0x7E, 0x69, 0x8F, 0x36,
    0x8C, 0x89, 0x65, 0x84, 0xDD, 0xD6, 0x8C, 0xF6, 0x1F, 0x96, 0xA3, 0x0F, 0xBB, 0x67, 0x77, 0x36,
    0x36, 0xBB, 0xDD, 0x65, 0xEA, 0x47, 0xEC, 0x64, 0x64, 0x66, 0x1B, 0xA8, 0x42, 0xB9, 0x94, 0xA1,
    0x0C, 0xD4, 0xA1, 0x9A, 0x6C, 0x28, 0x06, 0xDC, 0x0B, 0x75, 0x76, 0x05, 0x9C, 0x16, 0x0A, 0x0D,
    0xE0, 0x1E, 0x46, 0x72, 0x2D, 0xD0, 0xDE, 0x13, 0xF4, 0x82, 0xFE, 0x23, 0x35, 0x94, 0xEA, 0x90,
    0x57, 0xF7, 0x13, 0x49, 0xD4, 0xC9, 0x5F, 0xC0, 0x79, 0xD4, 0xB4, 0x43, 0x8F, 0xF3, 0xB9, 0x70,
    0xA1, 0x6F, 0x5C, 0x53, 0xEB, 0xD3, 0x6A, 0x75, 0xFF, 0x19, 0xE9, 0xB5, 0xBC, 0x1C, 0x4B, 0x4D,
    0xEC, 0xE7, 0x55, 0xB0, 0x5A, 0xF8, 0x79, 0x6A, 0xF9, 0x4A, 0x33, 0xD7, 0xA8, 0xD5, 0x65, 0x6A,
    0x88, 0xE4, 0x13, 0xE9, 0x43, 0x26, 0xCC, 0x08, 0x6A, 0x8C, 0x28, 0x3C, 0xA8, 0x29, 0x44, 0xD9,
    0x81, 0x3A, 0xAB, 0xC6, 0x36, 0xA0, 0xAE, 0x52, 0x53, 0xC3, 0x4F, 0xE9, 0xD1, 0x35, 0x7D, 0xE7,
    0xDA, 0x21, 0xBD, 0x76, 0x33, 0x6D, 0x7F, 0xF2, 0x79, 0xFF, 0xE8, 0xD9, 0x21, 0xF4, 0x77, 0x43,
    0x7B, 0x37, 0xB0, 0x6D, 0xDE, 0xBB, 0x7B, 0x03, 0xD0, 0xDE, 0xEF, 0xDC, 0xBF, 0x7B, 0xA0, 0x7D,
    0x80, 0xFB, 0xB8, 0x01, 0xDC, 0xFF, 0xE0, 0x9E, 0x02, 0xB8, 0x85, 0x7A, 0x05, 0x70, 0x33, 0xD5,
    0x02, 0xE0, 0x02, 0xD5, 0x0C, 0xE0, 0x46, 0x6C, 0x00, 0x70, 0x1E, 0x3B, 0x92, 0x16, 0x4D, 0x27,
    0xF2, 0x4B, 0x87, 0xAD, 0x34, 0x95, 0x53, 0x72, 0x4D, 0x76, 0x99, 0x36, 0xE9, 0xF7, 0x7E, 0x6D,
    0x6A, 0xFF, 0xF4, 0xB0, 0x4D, 0x5E, 0x9F, 0xFF, 0x7F, 0x29, 0xF7, 0x86, 0x4D, 0x9B, 0x7C, 0x76,
    0xB1, 0x1D, 0xDB, 0xEB, 0x92, 0xFC, 0xE6, 0x33, 0x8E, 0xC6, 0x28, 0x40, 0xD6, 0x8F, 0x80, 0x1B,
    0xE0, 0x62, 0xFF, 0x08, 0xA4, 0x15, 0x50, 0xB7, 0xD1, 0x70, 0x36, 0x26, 0x7A, 0x09, 0x13, 0x8D,
    0x28, 0x67, 0x13, 0xA9, 0x82, 0x59, 0x71, 0xA3, 0x59, 0x70, 0xBE, 0x58, 0xE8, 0x7D, 0x99, 0xE8,
    0xEC, 0x8C, 0xBA, 0x6A, 0x4A, 0xB8, 0x40, 0xDF, 0xDD, 0x0A, 0xB4, 0xFF, 0xF6, 0x60, 0x6A, 0x9C,
    0xDE, 0x91, 0xB7, 0x6B, 0x11, 0xA1, 0xE1, 0x10, 0x00, 0xBE, 0x72, 0xE3, 0xC6, 0xF7, 0x70, 0xD2,
    0x04, 0x9C, 0x4C, 0x15, 0x21, 0x93, 0x06, 0x8A, 0xA9, 0x0E, 0x54, 0x43, 0x15, 0x70, 0xDE, 0x0E,
    0xF4, 0xCD, 0x69, 0x10, 0x90, 0x6F, 0x54, 0x92, 0x4F, 0x9B, 0xBA, 0xD1, 0x51, 0x2C, 0x40, 0x1D,
    0xDF, 0x03, 0xA7, 0x05, 0xAA, 0xED, 0xD9, 0x94, 0x33, 0xC7, 0x2C, 0x80, 0x59, 0x78, 0x9D, 0x5C,
    0xDC, 0x06, 0x29, 0x40, 0xAD, 0x0E, 0x38, 0x04, 0x5A, 0xCD, 0xAD, 0x9A, 0x94, 0x69, 0x8B, 0x89,
    0x54, 0x23, 0x14, 0x2B, 0x75, 0x93, 0xB2, 0x70, 0x65, 0xFF, 0x8E, 0x07, 0xC0, 0xCE, 0xB6, 0xDB,
    0x32, 0x5D, 0x00, 0xA8, 0x7E, 0xB8, 0x00, 0xA7, 0x7B, 0xE9, 0xC6, 0xB7, 0xB1, 0x4A, 0x33, 0x80,
    0xFB, 0x0F, 0x41, 0xCA, 0xBF, 0xAA, 0x03, 0x5A, 0x2F, 0x0F, 0xF4, 0xBE, 0x1F, 0x00, 0xF9, 0x36,
    0x6C, 0xE9, 0xDC, 0xB4, 0xA5, 0xA9, 0x17, 0xC8, 0x85, 0x5D, 0xA1, 0xD6, 0xE3, 0x42, 0x1D, 0xBD,
    0xA6, 0xAC, 0xF7, 0x94, 0x4A, 0xD3, 0xD8, 0x4D, 0x6C, 0xD7, 0xFA, 0x9A, 0x8A, 0xDE, 0x57, 0xBC,
    0x85, 0xFC, 0x97, 0x39, 0x40, 0xDD, 0x97, 0x00, 0x7D, 0x0D, 0xC8, 0x14, 0x81, 0x5C, 0x23, 0x50,
    0x08, 0xA0, 0x8F, 0x5F, 0x00, 0xF3, 0x22, 0xAE, 0x90, 0x17, 0x1A, 0x61, 0xB7, 0x00, 0xF4, 0x33,
    0x60, 0x35, 0x01, 0x67, 0xAA, 0x4D, 0xEA, 0x00, 0xE0, 0x36, 0x5F, 0x56, 0x04, 0xAC, 0x04, 0x00,
    0x2F, 0xED, 0x43, 0x7D, 0xD4, 0x75, 0x9F, 0x2F, 0x2E, 0x00, 0x54, 0xD2, 0x00, 0xF0, 0xAC, 0x7E,
    0x38, 0x03, 0x74, 0xCE, 0x47, 0x00, 0xFA, 0xAE, 0x07, 0x40, 0xB8, 0xEE, 0xA8, 0x1E, 0xC8, 0x23,
    0x6E, 0x00, 0xCC, 0x4A, 0xBD, 0xEB, 0x42, 0xBD, 0xDB, 0x6F, 0xEA, 0xB0, 0xAF, 0xDB, 0x5A, 0xCE,
    0xA9, 0x3F, 0xD3, 0x60, 0x27, 0xDC, 0x47, 0x9A, 0xB0, 0x81, 0xF6, 0xFA, 0x67, 0x0B, 0x55, 0x40,
    0xEF, 0x0C, 0xB1, 0xD2, 0x88, 0x2A, 0xAF, 0x6B, 0xBD, 0x37, 0x4B, 0x3D, 0xC4, 0xDB, 0x6E, 0x2C,
    0x27, 0x37, 0xAC, 0x57, 0xFB, 0xD8, 0x0F, 0xEE, 0x47, 0x73, 0x3D, 0xD5, 0x91, 0x76, 0xBF, 0x35,
    0xFA, 0x06, 0x00, 0xC4, 0x8F, 0x35, 0x8B, 0xFB, 0x9A, 0x75, 0xDF, 0xFC, 0x3D, 0x8E, 0xA7, 0x8C,
    0x80, 0x7B, 0xEA, 0xA1, 0x2D, 0x07, 0x88, 0xC5, 0x98, 0x30, 0x09, 0x15, 0x3B, 0x06, 0x90, 0xF5,
    0xA0, 0x77, 0x3A, 0xE8, 0x9F, 0x36, 0xE0, 0x22, 0x89, 0x05, 0xA8, 0x66, 0x38, 0x67, 0x13, 0x57,
    0xED, 0x02, 0xAA, 0x23, 0x99, 0x24, 0x8C, 0x56, 0x35, 0xE5, 0x83, 0xA9, 0xF7, 0xF6, 0x37, 0xC6,
    0xD6, 0xBB, 0xDC, 0xBB, 0x11, 0xA8, 0x13, 0x87, 0x36, 0x60, 0x42, 0xA2, 0x08, 0x76, 0xC4, 0xCC,
    0x95, 0x27, 0x97, 0x1A, 0xB8, 0x3C, 0x43, 0xAB, 0xE7, 0xCD, 0xA6, 0xA6, 0xDD, 0xC9, 0xBB, 0x1E,
    0x1D, 0xBB, 0x99, 0xD2, 0x4C, 0xD9, 0xAD, 0x78, 0x43, 0x23, 0x76, 0xCE, 0xD4, 0xE4, 0xB7, 0xE2,
    0x4D, 0x8D, 0x46, 0x69, 0x46, 0xEA, 0x60, 0x22, 0xB8, 0x60, 0x97, 0xE4, 0x73, 0x8D, 0x49, 0x45,
    0xA0, 0x1D, 0x00, 0x7A, 0x0F, 0xA0, 0xBD, 0xDD, 0xCE, 0x06, 0xC8, 0x05, 0x50, 0xEB, 0x53, 0xA0,
    0xD7, 0xC2, 0xC9, 0x70, 0x00, 0x70, 0x56, 0x13, 0xBB, 0x85, 0xA1, 0x9C, 0xFF, 0x58, 0x1E, 0x37,
    0x7C, 0x90, 0x54, 0x17, 0xDA, 0x2E, 0x17, 0xE3, 0x55, 0x8A, 0x35, 0x1B, 0xC0, 0x2E, 0xB9, 0x87,
    0x6A, 0xDA, 0x4C, 0x1B, 0xE9, 0xC0, 0x05, 0xD3, 0x6C, 0x16, 0x92, 0x77, 0x63, 0xD9, 0xAB, 0x73,
    0xA3, 0xAD, 0x66, 0xDC, 0x78, 0xA6, 0x0A, 0xB8, 0xF0, 0x4A, 0x1D, 0xA8, 0xC3, 0x6B, 0x2E, 0x60,
    0xA7, 0x73, 0x6E, 0xA4, 0x5C, 0x0F, 0xDA, 0x81, 0x5C, 0x92, 0x3F, 0xBA, 0x16, 0xC1, 0x6D, 0x00,
    0x3E, 0xD8, 0x89, 0x0D, 0x00, 0xB8, 0x7D, 0xDA, 0x09, 0x00, 0xED, 0x92, 0xFF, 0xD7, 0x0C, 0x60,
    0xEE, 0xEF, 0x52, 0x5E, 0x5F, 0x00, 0xAA, 0x62, 0x97, 0xB7, 0xB7, 0x64, 0xDA, 0x86, 0xEC, 0xE6,
    0xF3, 0x9B, 0x7A, 0x1F, 0xF2, 0xD1, 0xC4, 0xE4, 0xF6, 0xD5, 0x7B, 0x18, 0xA5, 0x59, 0xA0, 0x22,
    0x17, 0x70, 0x81, 0x6C, 0xCB, 0x87, 0x29, 0x0D, 0x4C, 0x90, 0x62, 0x26, 0x32, 0x79, 0xEA, 0xC8,
    0x9B, 0x7A, 0x4C, 0xAB, 0xC6, 0x69, 0xE6, 0x78, 0xFA, 0x08, 0x94, 0xEA, 0x3D, 0x54, 0xA1, 0x0C,
    0x50, 0x0F, 0x45, 0xB2, 0xF2, 0xC5, 0x04, 0x2F, 0x37, 0x65, 0x12, 0xEA, 0x09, 0xBB, 0xBF, 0x4B,
    0xDC, 0xE8, 0xF5, 0x04, 0x72, 0x09, 0x6A, 0x49, 0x2B, 0x6E, 0xA7, 0xD1, 0x04, 0x14, 0x6A, 0x00,
    0x3B, 0xB3, 0x19, 0x76, 0x8E, 0x98, 0x9D, 0x16, 0xCA, 0xC0, 0x35, 0x30, 0xF1, 0x77, 0x17, 0x38,
    0x7E, 0xD3, 0x0F, 0x39, 0x99, 0xDB, 0x1C, 0xDF, 0x77, 0xB5, 0x60, 0xA7, 0x4F, 0x56, 0xDC, 0x47,
    0x0F, 0x57, 0xF4, 0x6B, 0x77, 0x17, 0x13, 0xF3, 0xBB, 0x63, 0xB1, 0x98, 0x0E, 0xBB, 0x51, 0x4D,
    0x45, 0x43, 0x1D, 0x4A, 0x70, 0xC1, 0x6E, 0x9C, 0x49, 0x8C, 0xAF, 0x6C, 0xBC, 0xB6, 0x71, 0x2E,
    0x11, 0x0E, 0xA0, 0x9E, 0xCE, 0x67, 0xD8, 0xE5, 0x57, 0xB6, 0xFB, 0xEE, 0xF4, 0xE3, 0xF7, 0xDD,
    0xC7, 0x40, 0xB6, 0xBF, 0xB3, 0xF6, 0x4D, 0x42, 0x0D, 0x6D, 0x27, 0xE8, 0x1B, 0x81, 0xBE, 0x1A,
    0x39, 0xAD, 0x9B, 0xFA, 0x9E, 0x95, 0x34, 0xE7, 0xD1, 0x2C, 0xE4, 0x6B, 0xB1, 0x60, 0x96, 0x62,
    0x4E, 0x94, 0x13, 0xC5, 0x62, 0x03, 0xE5, 0x9C, 0xB0, 0x53, 0x95, 0x08, 0xF5, 0x98, 0x70, 0x03,
    0xD5, 0xE8, 0x3C, 0xF5, 0x86, 0x1B, 0xDC, 0x80, 0xF3, 0x4E, 0xB4, 0xBE, 0x8A, 0x27, 0xF7, 0x4F,
    0xC8, 0xF5, 0x0C, 0xEA, 0x17, 0xEA, 0xE8, 0x9B, 0xD6, 0x13, 0x71, 0x43, 0xB6, 0x52, 0xFB, 0x3C,
    0xF2, 0xD3, 0xE4, 0x02, 0x32, 0x79, 0x40, 0x33, 0xD0, 0xAB, 0x39, 0xDA, 0x73, 0xB1, 0xFF, 0x7A,
    0x01, 0xEC, 0x7A, 0x74, 0x30, 0xFD, 0xE3, 0x1C, 0xF9, 0xE6, 0x83, 0xF3, 0x2B, 0x7F, 0xFB, 0x97,
    0xBF, 0xBA, 0xF0, 0x77, 0xBF, 0xF9, 0x27, 0x01, 0xF7, 0x37, 0xF2, 0xD8, 0x6D, 0x09, 0x7B, 0x30,
    0xC2, 0x99, 0xF3, 0x03, 0x9C, 0xFA, 0xD9, 0x0E, 0x4A, 0x49, 0xDE, 0x6E, 0x70, 0x3C, 0xD4, 0x92,
    0x1A, 0xF7, 0x34, 0xF6, 0x5C, 0x28, 0xE7, 0x9A, 0x2B, 0x76, 0xAA, 0xB8, 0x63, 0xA7, 0x2F, 0xF3,
    0xFB, 0x55, 0x38, 0x05, 0x75, 0x20, 0x31, 0x72, 0x72, 0xBF, 0x87, 0x76, 0xA3, 0xDF, 0x38, 0xFE,
    0xC9, 0x4A, 0x26, 0xE0, 0xEC, 0xFE, 0x7B, 0x36, 0x80, 0x91, 0xD4, 0xED, 0xC0, 0x08, 0xF6, 0xAF,
    0x22, 0xEA, 0xD8, 0x16, 0xE7, 0xF4, 0x4D, 0xFD, 0x00, 0x8C, 0x8E, 0x0F, 0xAD, 0x76, 0x81, 0x5A,
    0x03, 0xB8, 0x89, 0x23, 0xEA, 0x19, 0xB0, 0xCB, 0x46, 0x04, 0x0A, 0x01, 0x46, 0x0D, 0xE4, 0x27,
    0xFF, 0x2F, 0x75, 0x62, 0xBF, 0x5C, 0xAB, 0x11, 0xCC, 0x42, 0x62, 0xCE, 0xA0, 0x98, 0xBE, 0x0E,
    0xE5, 0x8B, 0x19, 0xAC, 0x1A, 0xA8, 0xA7, 0x2F, 0x60, 0xF4, 0xFD, 0x0F, 0x31, 0xB7, 0x9E, 0x8E,
    0x50, 0xAF, 0x40, 0x3F, 0xBC, 0x45, 0xA9, 0x4E, 0x9C, 0x69, 0x1B, 0x35, 0xF4, 0x4D, 0x9D, 0xA0,
    0x6A, 0x10, 0x35, 0x44, 0x2E, 0x90, 0x47, 0x3E, 0xA4, 0xD6, 0xCD, 0x70, 0x72, 0x9B, 0xA4, 0xDC,
    0x2D, 0x1B, 0x81, 0x83, 0x0A, 0xF8, 0x56, 0x09, 0x5C, 0xBD, 0x74, 0xF4, 0x2D, 0xD0, 0x54, 0x7A,
    0xD2, 0xFB, 0xEC, 0xF7, 0x28, 0x3C, 0xAF, 0x61, 0x3C, 0xE7, 0x9A, 0xC4, 0x85, 0xFB, 0x45, 0x87,
    0xD3, 0x25, 0xB8, 0xAA, 0x95, 0x7C, 0xFA, 0x6E, 0xA0, 0x0C, 0xC0, 0x85, 0x8D, 0x57, 0x03, 0xAF,
    0xC3, 0xCC, 0x6D, 0xE8, 0xD3, 0x42, 0x38, 0x8D, 0x47, 0x7B, 0xE6, 0x10, 0x80, 0x37, 0x4E, 0x0E,
    0x32, 0xAE, 0xEC, 0xBC, 0x03, 0xD0, 0x6B, 0x82, 0x52, 0x8A, 0xE0, 0xC6, 0x1F, 0x6E, 0xFB, 0xFF,
    0xEA, 0xD8, 0x76, 0xC4, 0x7C, 0x74, 0x3E, 0x5F, 0xCD, 0xE0, 0xBC, 0x59, 0x8C, 0x77, 0xBE, 0x98,
    0x37, 0xCB, 0xA9, 0xE8, 0xDA, 0xCE, 0x86, 0xB2, 0xE9, 0x1B, 0x1B, 0x2C, 0x7B, 0x45, 0x35, 0x56,
    0x88, 0x7A, 0xF8, 0x85, 0x2C, 0xE2, 0xFC, 0x5B, 0xF9, 0x9A, 0x3C, 0x30, 0x2B, 0xB8, 0xED, 0xF8,
    0xAE, 0xA5, 0x40, 0xB1, 0xDA, 0x85, 0x62, 0x31, 0x2B, 0xE5, 0x62, 0xE2, 0xFE, 0xCA, 0x64, 0x77,
    0x4C, 0xC5, 0x42, 0x15, 0xEC, 0x4C, 0x1D, 0x5C, 0xC8, 0xFB, 0x17, 0xEA, 0x0A, 0xE9, 0x31, 0xB8,
    0x01, 0x68, 0x3D, 0x58, 0xA9, 0xD9, 0x73, 0xF2, 0x82, 0xE4, 0xC7, 0xBF, 0x05, 0xE2, 0xB4, 0x00,
    0x64, 0x3F, 0x09, 0x9C, 0xFE, 0x45, 0xE0, 0xD4, 0x37, 0x80, 0xCB, 0x11, 0x8C, 0x34, 0x50, 0x2D,
    0x0A, 0xB8, 0x4F, 0x3F, 0x0E, 0xE8, 0xE7, 0x1E, 0x0C, 0x59, 0xFC, 0xA5, 0x3F, 0xC7, 0xAC, 0xBF,
    0xDC, 0x60, 0x96, 0x6F, 0x42, 0xB1, 0x7C, 0x17, 0xCA, 0x99, 0xFF, 0x83, 0x59, 0x80, 0x3C, 0xC2,
    0x7E, 0xC9, 0xA3, 0x1F, 0xD2, 0xF1, 0x10, 0x27, 0x4D, 0x1B, 0x81, 0x76, 0x03, 0xB2, 0x0C, 0x30,
    0x7F, 0x01, 0x14, 0xBF, 0x05, 0x4E, 0x11, 0x6A, 0xC9, 0x63, 0x96, 0x3A, 0x24, 0x6C, 0xA0, 0x98,
    0xCB, 0x89, 0x72, 0x4A, 0xD8, 0x60, 0xC3, 0xC6, 0x98, 0x70, 0x9E, 0x4A, 0x2B, 0xD4, 0x1B, 0xDB,
    0x91, 0x91, 0x70, 0x9E, 0xB6, 0x3B, 0xA6, 0x6F, 0x12, 0x62, 0x47, 0xDF, 0x65, 0x31, 0x13, 0x6F,
    0x4A, 0x0B, 0x4E, 0xFA, 0x36, 0x9C, 0x39, 0x07, 0xBC, 0x72, 0x00, 0x7C, 0xE1, 0x75, 0xF8, 0x5F,
    0x13, 0x0D, 0x65, 0xA8, 0xFF, 0xEF, 0x50, 0xFF, 0x9F, 0x21, 0x6B, 0x15, 0x03, 0x00, 0x9D, 0x94,
    0x21, 0x8C, 0xD4, 0x40, 0x14, 0x86, 0x5F, 0xB7, 0xA2, 0x62, 0x44, 0x4F, 0x70, 0x41, 0x20, 0xD6,
    0x07, 0x51, 0x6F, 0x68, 0x13, 0x7C, 0xB2, 0xE2, 0x2E, 0x08, 0xBC, 0xC6, 0xAB, 0x36, 0x78, 0x71,
    0xC1, 0x9C, 0x77, 0x70, 0x78, 0xBD, 0xF5, 0xAA, 0x04, 0x81, 0x2D, 0x06, 0xCB, 0x88, 0x5E, 0x52,
    0xC8, 0x74, 0x1E, 0xF3, 0xFF, 0x6F, 0x77, 0x92, 0x3B, 0x04, 0xE1, 0x10, 0xFC, 0x73, 0x62, 0xDE,
    0xEB, 0xF7, 0xCD, 0x7F, 0x27, 0xFC, 0x77, 0x8D, 0xFF, 0xF6, 0xD1, 0xA9, 0x4F, 0xA9, 0x47, 0xFD,
    0x16, 0x44, 0xCA, 0xAD, 0xD6, 0xF7, 0x29, 0xAB, 0xE0, 0xB4, 0xF0, 0x22, 0xF5, 0x5A, 0xA8, 0x48,
    0xCA, 0x65, 0xC7, 0x7C, 0xF7, 0xFB, 0xB3, 0x7E, 0x14, 0x29, 0x55, 0x55, 0x83, 0x48, 0xD1, 0xDF,
    0xBF, 0xDD, 0xAE, 0x44, 0xA4, 0x9D, 0x5C, 0x10, 0xE4, 0xE8, 0x56, 0x64, 0x3F, 0xD6, 0xCC, 0xE3,
    0x58, 0x2F, 0x48, 0x1D, 0xF6, 0x9E, 0xD9, 0x35, 0xC8, 0x42, 0xA5, 0x9D, 0x4F, 0x39, 0xA5, 0xDC,
    0xC5, 0x74, 0x33, 0x65, 0x19, 0xA5, 0x67, 0x6E, 0x72, 0x44, 0x56, 0x41, 0x74, 0x48, 0xE9, 0x52,
    0x76, 0xC8, 0x47, 0x9F, 0xB3, 0xF7, 0xE5, 0x86, 0x6C, 0xA6, 0x32, 0x70, 0xED, 0x50, 0x63, 0xFC,
    0xCB, 0x58, 0x29, 0xAE, 0xB7, 0x73, 0xF5, 0x2B, 0x85, 0xD1, 0x76, 0xBC, 0xA0, 0x1B, 0x42, 0x6F,
    0x15, 0x5B, 0xB7, 0x9D, 0x76, 0x58, 0x52, 0x44, 0x01, 0xAA, 0x1C, 0x38, 0x5A, 0x0C, 0xF4, 0xEE,
    0x13, 0x38, 0x33, 0x66, 0x30, 0x4A, 0x06, 0xE0, 0xC8, 0xB8, 0x10, 0x91, 0x68, 0x24, 0x24, 0xE0,
    0x9C, 0xF9, 0x88, 0x07, 0x3A, 0x52, 0x11, 0x8E, 0x6C, 0xFD, 0x17, 0xA2, 0xB5, 0x4A, 0xB2, 0xFD,
    0x0A, 0x30, 0x29, 0xBA, 0xBC, 0x9C, 0x93, 0x40, 0x25, 0x06, 0x25, 0x64, 0x12, 0x21, 0x92, 0x64,
    0x22, 0x31, 0x22, 0x1D, 0x49, 0x84, 0x00, 0xD1, 0x40, 0x22, 0xED, 0xEC, 0xF1, 0x48, 0x94, 0x02,
    0x44, 0x1F, 0x94, 0x44, 0x5F, 0x23, 0x89, 0x5E, 0x6F, 0x24, 0xAA, 0x8C, 0x88, 0x60, 0x7C, 0x35,
    0x7B, 0x34, 0x12, 0x59, 0x74, 0x7B, 0x4F, 0x94, 0x06, 0x01, 0x30, 0x10, 0x11, 0xAC, 0x64, 0x80,
    0xA8, 0xFD, 0x7E, 0x22, 0xEA, 0x48, 0xB4, 0x91, 0x48, 0xFE, 0x97, 0x48, 0xE4, 0xF2, 0xCA, 0x4A,
    0xB9, 0x53, 0x1D, 0xD8, 0xCA, 0x9F, 0xF7, 0x3A, 0x5B, 0x2D, 0xC7, 0xD6, 0x5B, 0x2F, 0x3B, 0xEC,
    0x24, 0xDB, 0x65, 0xAE, 0xC2, 0xA9, 0x9A, 0x77, 0x77, 0x83, 0x75, 0x13, 0xD7, 0x59, 0xCE, 0x6B,
    0xCC, 0x21, 0xA5, 0x76, 0xE4, 0xA4, 0x13, 0x92, 0xE2, 0x1E, 0x59, 0xCB, 0x48, 0x5A, 0x96, 0x89,
    0x2F, 0x88, 0x03, 0x89, 0xE7, 0x2A, 0xF0, 0x60, 0x0F, 0x4F, 0x6A, 0x18, 0xE2, 0x4B, 0xF2, 0xB0,
    0x61, 0x40, 0x38, 0x58, 0x51, 0x9D, 0xCE, 0xD6, 0xD4, 0x52, 0x3B, 0xF0, 0xAB, 0xC8, 0x45, 0xD6,
    0x9F, 0xCB, 0x9A, 0xDB, 0x9A, 0xEB, 0x9A, 0xFB, 0xFA, 0xA0, 0xB0, 0xB0, 0x71, 0x38, 0xDB, 0x88,
    0xEB, 0xD9, 0xC6, 0xF2, 0x97, 0x0D, 0x6F, 0x36, 0x28, 0x92, 0x36, 0xE0, 0x87, 0xBF, 0xA8, 0xE9,
    0x40, 0x1B, 0xA1, 0x1F, 0xCD, 0xC6, 0xE1, 0x38, 0x9E, 0x6D, 0x0C, 0x66, 0x83, 0x5A, 0x00, 0x53,
    0x9C, 0x6D, 0xE0, 0x40, 0x1B, 0xF4, 0x43, 0x1B, 0xF1, 0x64, 0xC3, 0xB4, 0x70, 0x00, 0x6D, 0xF0,
    0x40, 0x1B, 0xEC, 0x0F, 0x6D, 0xB8, 0x70, 0x61, 0x36, 0x2A, 0xF5, 0x66, 0x03, 0x95, 0x34, 0x1B,
    0xCF, 0x9E, 0x6E, 0xA3, 0xB8, 0x66, 0x34, 0xBA, 0xE2, 0x07, 0xBD, 0x8D, 0xC2, 0x7D, 0x2A, 0xC2,
    0x25, 0x6C, 0xBB, 0xE4, 0xB6, 0x63, 0x7C, 0x85, 0x3F, 0x54, 0x8D, 0x6F, 0x35, 0x60, 0xD2, 0xF3,
    0x78, 0xF5, 0xCF, 0xB6, 0xFB, 0xDC, 0x76, 0x79, 0xD8, 0x76, 0x7D, 0xDC, 0xF6, 0xF9, 0xC6, 0xDA,
    0x3E, 0x61, 0x79, 0x1D, 0x9F, 0xD4, 0xF6, 0x87, 0x44, 0xF1, 0x8D, 0x82, 0x68, 0x21, 0x8A, 0xF3,
    0x72, 0xC4, 0xB4, 0x59, 0x94, 0x01, 0xB0, 0x17, 0x3A, 0x83, 0x48, 0x8F, 0x20, 0x2A, 0xD7, 0xDA,
    0x27, 0x22, 0xE7, 0x2B, 0x5F, 0x05, 0x71, 0x4B, 0x39, 0x21, 0x36, 0xBA, 0xA8, 0x74, 0x82, 0x8B,
    0x9D, 0x06, 0x7E, 0x4E, 0xAF, 0xFC, 0x1C, 0xA7, 0x63, 0xE3, 0x49, 0xDB, 0xCE, 0xF2, 0x2A, 0x29,
    0x48, 0x28, 0xBD, 0x34, 0x8C, 0xAE, 0x1D, 0x5A, 0x7F, 0xD3, 0xFE, 0x88, 0xD2, 0xE8, 0xE4, 0x74,
    0x11, 0x17, 0xF9, 0x56, 0x72, 0x90, 0x3F, 0x62, 0x80, 0x03, 0x13, 0x40, 0xC9, 0x72, 0x68, 0x86,
    0x30, 0x10, 0x04, 0x51, 0x78, 0xC2, 0x8A, 0x08, 0xC4, 0xD1, 0x01, 0x25, 0xA4, 0x84, 0xE0, 0x69,
    0x08, 0x05, 0xD7, 0x01, 0x1E, 0x43, 0x23, 0x14, 0x71, 0x25, 0xC4, 0xD0, 0x41, 0x44, 0x04, 0x7B,
    0x8F, 0xDD, 0x2F, 0x63, 0x9E, 0xF8, 0xBF, 0xD9, 0xE3, 0xCA, 0x19, 0x97, 0x4C, 0xA1, 0x65, 0x66,
    0xD6, 0x4C, 0x7F, 0x79, 0x52, 0xD3, 0x14, 0x58, 0xEA, 0xE7, 0xD8, 0x82, 0xAA, 0x5B, 0x20, 0x5F,
    0x37, 0x97, 0x81, 0xC7, 0xB3, 0xC0, 0xCF, 0x68, 0x33, 0xAC, 0x85, 0xF5, 0x01, 0x6D, 0x62, 0x3B,
    0xC3, 0x01, 0x96, 0x11, 0xAE, 0x50, 0x07, 0x78, 0xD2, 0xA5, 0x40, 0x36, 0x29, 0x90, 0x45, 0x1A,
    0xBB, 0x51, 0xA5, 0xC1, 0x2D, 0x48, 0xBA, 0x5B, 0x50, 0xE0, 0x3B, 0x28, 0x30, 0x29, 0x30, 0x49,
    0xD2, 0x6D, 0xCF, 0x49, 0xD2, 0x1F,
};

static const EpdGlyph notoserif_14_bolditalicGlyphs[] = {
    { 0, 0, 0, 0, 0, 0, 0 }, // U+0000
    { 0, 0, 121, 0, 0, 0, 0 }, // U+000D
    { 0, 0, 121, 0, 0, 0, 0 }, // U+0020
    { 10, 22, 184, 2, 21, 55, 0 }, // !
    { 13, 9, 237, 4, 21, 30, 55 }, // "
    { 17, 21, 261, 0, 21, 90, 85 }, // #
    { 17, 26, 261, 0, 23, 111, 175 }, // $
    { 24, 23, 418, 2, 22, 138, 286 }, // %
    { 24, 23, 374, 0, 22, 138, 424 }, // &
    { 6, 9, 135, 4, 21, 14, 562 }, // '
    { 13, 28, 187, 1, 23, 91, 576 }, // (
    { 13, 28, 187, -2, 23, 91, 667 }, // )
    { 14, 13, 288, 4, 23, 46, 758 }, // *
    { 14, 13, 261, 1, 17, 46, 804 }, // +
    { 7, 10, 142, -1, 5, 18, 850 }, // ,
    { 9, 4, 145, 0, 10, 9, 868 }, // -
    { 6, 6, 142, 0, 5, 9, 877 }, // .
    { 15, 27, 134, -3, 23, 102, 886 }, // /
    { 16, 23, 261, 1, 22, 92, 988 }, // 0
    { 14, 21, 241, 0, 21, 74, 1080 }, // 1
    { 18, 22, 261, -1, 22, 99, 1154 }, // 2
    { 18, 23, 261, -1, 22, 104, 1253 }, // 3
    { 16, 21, 261, 0, 21, 84, 1357 }, // 4
    { 17, 22, 261, 0, 21, 94, 1441 }, // 5
    { 17, 23, 261, 1, 22, 98, 1535 }, // 6
    { 17, 21, 261, 1, 21, 90, 1633 }, // 7
    { 17, 23, 261, 0, 22, 98, 1723 }, // 8
    { 17, 23, 261, 0, 22, 98, 1821 }, // 9
    { 8, 17, 167, 1, 16, 34, 1919 }, // :
    { 10, 21, 167, -1, 16, 53, 1953 }, // ;
    { 14, 15, 261, 1, 18, 53, 2006 }, // <
    { 14, 9, 261, 1, 15, 32, 2059 }, // =
    { 14, 15, 261, 1, 18, 53, 2091 }, // >
    { 14, 23, 250, 2, 22, 81, 2144 }, // ?
    { 25, 26, 430, 1, 21, 163, 2225 }, // @
    { 23, 21, 351, -2, 21, 121, 2388 }, // A
    { 21, 21, 314, -1, 21, 111, 2509 }, // B
    { 20, 23, 312, 1, 22, 115, 2620 }, // C
    { 23, 21, 358, -1, 21, 121, 2735 }, // D
    { 21, 21, 295, -1, 21, 111, 2856 }, // E
    { 21, 21, 290, -1, 21, 111, 2967 }, // F
    { 22, 23, 372, 1, 22, 127, 3078 }, // G
    { 27, 21, 382, -1, 21, 142, 3205 }, // H
    { 15, 21, 187, -1, 21, 79, 3347 }, // I
    { 19, 28, 187, -5, 21, 133, 3426 }, // J
    { 25, 21, 346, -1, 21, 132, 3559 }, // K
    { 20, 21, 305, -1, 21, 105, 3691 }, // L
    { 31, 21, 444, -1, 21, 163, 3796 }, // M
    { 27, 21, 368, -1, 21, 142, 3959 }, // N
    { 22, 23, 370, 1, 22, 127, 4101 }, // O
    { 21, 21, 309, -1, 21, 111, 4228 }, // P
    { 22, 29, 367, 1, 22, 160, 4339 }, // Q
    { 22, 21, 330, -1, 21, 116, 4499 }, // R
    { 18, 23, 274, 0, 22, 104, 4615 }, // S
    { 21, 21, 305, 1, 21, 111, 4719 }, // T
    { 23, 22, 349, 2, 21, 127, 4830 }, // U
    { 22, 21, 326, 2, 21, 116, 4957 }, // V
    { 33, 21, 498, 2, 21, 174, 5073 }, // W
    { 26, 21, 342, -2, 21, 137, 5247 }, // X
    { 22, 21, 323, 2, 21, 116, 5384 }, // Y
    { 22, 21, 311, -1, 21, 116, 5500 }, // Z
    { 15, 27, 193, 0, 23, 102, 5616 }, // [
    { 4, 27, 134, 3, 23, 27, 5718 }, // <backslash>
    { 15, 27, 193, -2, 23, 102, 5745 }, // ]
    { 14, 14, 261, 1, 21, 49, 5847 }, // ^
    { 15, 3, 214, -3, -2, 12, 5896 }, // _
    { 7, 6, 156, 4, 23, 11, 5908 }, // `
    { 18, 17, 310, 1, 16, 77, 5919 }, // a
    { 17, 24, 291, 0, 23, 102, 5996 }, // b
    { 15, 17, 246, 1, 16, 64, 6098 }, // c
    { 18, 24, 310, 1, 23, 108, 6162 }, // d
    { 15, 17, 250, 1, 16, 64, 6270 }, // e
    { 22, 30, 189, -5, 23, 165, 6334 }, // f
    { 21, 24, 271, -2, 17, 126, 6499 }, // g
    { 19, 24, 306, 0, 23, 114, 6625 }, // h
    { 9, 24, 165, 1, 23, 54, 6739 }, // i
    { 15, 30, 158, -5, 23, 113, 6793 }, // j
    { 19, 23, 279, 0, 23, 110, 6906 }, // k
    { 9, 24, 165, 1, 23, 54, 7016 }, // l
    { 27, 18, 452, 1, 17, 122, 7070 }, // m
    { 19, 17, 314, 1, 16, 81, 7192 }, // n
    { 16, 17, 288, 1, 16, 68, 7273 }, // o
    { 18, 23, 291, -1, 16, 104, 7341 }, // p
    { 17, 23, 295, 1, 16, 98, 0 }, // q
    { 16, 16, 257, 1, 16, 64, 98 }, // r
    { 15, 17, 240, 0, 16, 64, 162 }, // s
    { 12, 21, 195, 1, 20, 63, 226 }, // t
    { 19, 17, 314, 1, 16, 81, 289 }, // u
    { 17, 17, 274, 0, 16, 73, 370 }, // v
    { 24, 17, 408, 1, 16, 102, 443 }, // w
    { 19, 16, 282, -1, 16, 76, 545 }, // x
    { 22, 23, 274, -5, 16, 127, 621 }, // y
    { 16, 16, 260, 0, 16, 64, 748 }, // z
    { 15, 27, 206, 1, 23, 102, 812 }, // {
    { 3, 30, 261, 7, 23, 23, 914 }, // |
    { 15, 27, 206, -2, 23, 102, 937 }, // }
    { 14, 7, 261, 1, 14, 25, 1039 }, // ~
    { 0, 0, 121, 0, 0, 0, 0 }, // U+00A0
    { 10, 22, 184, 0, 16, 55, 0 }, // U+00A1
    { 16, 21, 261, 1, 21, 84, 55 }, // U+00A2
    { 18, 23, 261, -1, 22, 104, 139 }, // U+00A3
    { 13, 13, 261, 2, 17, 43, 243 }, // U+00A4
    { 18, 21, 261, 1, 21, 95, 286 }, // U+00A5
    { 3, 30, 261, 7, 23, 23, 381 }, // U+00A6
    { 16, 27, 254, 0, 23, 108, 404 }, // U+00A7
    { 11, 5, 269, 5, 23, 14, 512 }, // U+00A8
    { 23, 23, 394, 1, 22, 133, 526 }, // U+00A9
    { 12, 10, 201, 2, 21, 30, 659 }, // U+00AA
    { 15, 12, 259, 1, 14, 45, 689 }, // U+00AB
    { 14, 8, 261, 1, 12, 28, 734 }, // U+00AC
    { 9, 4, 145, 0, 10, 9, 762 }, // U+00AD
    { 23, 23, 394, 1, 22, 133, 771 }, // U+00AE
    { 15, 2, 214, 2, 24, 8, 904 }, // U+00AF
    { 10, 10, 187, 3, 22, 25, 912 }, // U+00B0
    { 14, 17, 261, 1, 17, 60, 937 }, // U+00B1
    { 12, 14, 187, 1, 25, 42, 997 }, // U+00B2
    { 12, 14, 187, 1, 25, 42, 1039 }, // U+00B3
    { 9, 6, 152, 3, 23, 14, 1081 }, // U+00B4
    { 21, 23, 316, -1, 16, 121, 1095 }, // U+00B5
    { 17, 27, 293, 1, 23, 115, 1216 }, // U+00B6
    { 6, 5, 142, 2, 13, 8, 1331 }, // U+00B7
    { 9, 8, 155, 0, 1, 18, 1339 }, // U+00B8
    { 9, 13, 187, 2, 24, 30, 1357 }, // U+00B9
    { 12, 10, 190, 2, 21, 30, 1387 }, // U+00BA
    { 15, 12, 259, 0, 14, 45, 1417 }, // U+00BB
    { 23, 21, 412, 2, 21, 121, 1462 }, // U+00BC
    { 23, 21, 412, 2, 21, 121, 1583 }, // U+00BD
    { 24, 22, 412, 1, 22, 132, 1704 }, // U+00BE
    { 14, 22, 250, 0, 16, 77, 1836 }, // U+00BF
    { 23, 28, 351, -2, 28, 161, 1913 }, // U+00C0
    { 23, 28, 351, -2, 28, 161, 2074 }, // U+00C1
    { 23, 28, 351, -2, 28, 161, 2235 }, // U+00C2
    { 23, 28, 351, -2, 28, 161, 2396 }, // U+00C3
    { 23, 28, 351, -2, 28, 161, 2557 }, // U+00C4
    { 23, 26, 351, -2, 26, 150, 2718 }, // U+00C5
    { 32, 21, 463, -2, 21, 168, 2868 }, // U+00C6
    { 20, 29, 312, 1, 22, 145, 3036 }, // U+00C7
    { 21, 28, 295, -1, 28, 147, 3181 }, // U+00C8
    { 21, 28, 295, -1, 28, 147, 3328 }, // U+00C9
    { 21, 28, 295, -1, 28, 147, 3475 }, // U+00CA
    { 21, 28, 295, -1, 28, 147, 3622 }, // U+00CB
    { 15, 28, 187, -1, 28, 105, 3769 }, // U+00CC
    { 17, 28, 187, -1, 28, 119, 3874 }, // U+00CD
    { 16, 28, 187, -1, 28, 112, 3993 }, // U+00CE
    { 16, 28, 187, -1, 28, 112, 4105 }, // U+00CF
    { 23, 21, 358, -1, 21, 121, 4217 }, // U+00D0
    { 27, 28, 368, -1, 28, 189, 4338 }, // U+00D1
    { 22, 29, 370, 1, 28, 160, 4527 }, // U+00D2
    { 22, 29, 370, 1, 28, 160, 4687 }, // U+00D3
    { 22, 29, 370, 1, 28, 160, 4847 }, // U+00D4
    { 22, 29, 370, 1, 28, 160, 5007 }, // U+00D5
    { 22, 29, 370, 1, 28, 160, 5167 }, // U+00D6
    { 12, 13, 261, 2, 17, 39, 5327 }, // U+00D7
    { 22, 25, 370, 1, 23, 138, 5366 }, // U+00D8
    { 23, 29, 349, 2, 28, 167, 5504 }, // U+00D9
    { 23, 29, 349, 2, 28, 167, 5671 }, // U+00DA
    { 23, 29, 349, 2, 28, 167, 5838 }, // U+00DB
    { 23, 29, 349, 2, 28, 167, 6005 }, // U+00DC
    { 22, 28, 323, 2, 28, 154, 6172 }, // U+00DD
    { 20, 21, 298, -1, 21, 105, 6326 }, // U+00DE
    { 25, 30, 324, -5, 23, 188, 6431 }, // U+00DF
    { 18, 24, 310, 1, 23, 108, 6619 }, // U+00E0
    { 18, 24, 310, 1, 23, 108, 6727 }, // U+00E1
    { 18, 24, 310, 1, 23, 108, 6835 }, // U+00E2
    { 18, 24, 310, 1, 23, 108, 6943 }, // U+00E3
    { 18, 24, 310, 1, 23, 108, 7051 }, // U+00E4
    { 18, 25, 310, 1, 24, 113, 7159 }, // U+00E5
    { 25, 17, 411, 1, 16, 107, 7272 }, // U+00E6
    { 15, 23, 246, 1, 16, 87, 7379 }, // U+00E7
    { 15, 24, 250, 1, 23, 90, 7466 }, // U+00E8
    { 17, 24, 250, 1, 23, 102, 0 }, // U+00E9
    { 15, 24, 250, 1, 23, 90, 102 }, // U+00EA
    { 15, 24, 250, 1, 23, 90, 192 }, // U+00EB
    { 9, 24, 165, 1, 23, 54, 282 }, // U+00EC
    { 12, 24, 165, 1, 23, 72, 336 }, // U+00ED
    { 12, 24, 165, 0, 23, 72, 408 }, // U+00EE
    { 11, 24, 165, 1, 23, 66, 480 }, // U+00EF
    { 16, 24, 287, 1, 23, 96, 546 }, // U+00F0
    { 19, 24, 314, 1, 23, 114, 642 }, // U+00F1
    { 16, 24, 288, 1, 23, 96, 756 }, // U+00F2
    { 17, 24, 288, 1, 23, 102, 852 }, // U+00F3
    { 16, 24, 288, 1, 23, 96, 954 }, // U+00F4
    { 17, 24, 288, 1, 23, 102, 1050 }, // U+00F5
    { 16, 24, 288, 1, 23, 96, 1152 }, // U+00F6
    { 14, 15, 261, 1, 18, 53, 1248 }, // U+00F7
    { 18, 20, 288, 0, 18, 90, 1301 }, // U+00F8
    { 19, 24, 314, 1, 23, 114, 1391 }, // U+00F9
    { 19, 24, 314, 1, 23, 114, 1505 }, // U+00FA
    { 19, 24, 314, 1, 23, 114, 1619 }, // U+00FB
    { 19, 24, 314, 1, 23, 114, 1733 }, // U+00FC
    { 22, 30, 274, -5, 23, 165, 1847 }, // U+00FD
    { 18, 30, 291, -1, 23, 135, 2012 }, // U+00FE
    { 22, 30, 274, -5, 23, 165, 2147 }, // U+00FF
    { 23, 25, 351, -2, 25, 144, 0 }, // U+0100
    { 18, 21, 310, 1, 20, 95, 144 }, // U+0101
    { 23, 28, 351, -2, 28, 161, 239 }, // U+0102
    { 18, 24, 310, 1, 23, 108, 400 }, // U+0103
    { 23, 28, 351, -2, 21, 161, 508 }, // U+0104
    { 18, 23, 310, 1, 16, 104, 669 }, // U+0105
    { 21, 29, 312, 1, 28, 153, 773 }, // U+0106
    { 17, 24, 246, 1, 23, 102, 926 }, // U+0107
    { 20, 29, 312, 1, 28, 145, 1028 }, // U+0108
    { 16, 24, 246, 1, 23, 96, 1173 }, // U+0109
    { 20, 29, 312, 1, 28, 145, 1269 }, // U+010A
    { 15, 24, 246, 1, 23, 90, 1414 }, // U+010B
    { 20, 29, 312, 1, 28, 145, 1504 }, // U+010C
    { 16, 24, 246, 1, 23, 96, 1649 }, // U+010D
    { 23, 28, 358, -1, 28, 161, 1745 }, // U+010E
    { 25, 24, 310, 1, 23, 150, 1906 }, // U+010F
    { 23, 21, 358, -1, 21, 121, 2056 }, // U+0110
    { 20, 24, 310, 1, 23, 120, 2177 }, // U+0111
    { 21, 25, 295, -1, 25, 132, 2297 }, // U+0112
    { 15, 21, 250, 1, 20, 79, 2429 }, // U+0113
    { 21, 28, 295, -1, 28, 147, 2508 }, // U+0114
    { 15, 24, 250, 1, 23, 90, 2655 }, // U+0115
    { 21, 27, 295, -1, 27, 142, 2745 }, // U+0116
    { 15, 24, 250, 1, 23, 90, 2887 }, // U+0117
    { 21, 28, 295, -1, 21, 147, 2977 }, // U+0118
    { 15, 23, 250, 1, 16, 87, 3124 }, // U+0119
    { 21, 28, 295, -1, 28, 147, 3211 }, // U+011A
    { 16, 24, 250, 1, 23, 96, 3358 }, // U+011B
    { 22, 29, 372, 1, 28, 160, 3454 }, // U+011C
    { 21, 30, 271, -2, 23, 158, 3614 }, // U+011D
    { 22, 29, 372, 1, 28, 160, 3772 }, // U+011E
    { 21, 30, 271, -2, 23, 158, 3932 }, // U+011F
    { 22, 29, 372, 1, 28, 160, 4090 }, // U+0120
    { 21, 30, 271, -2, 23, 158, 4250 }, // U+0121
    { 22, 29, 372, 1, 22, 160, 4408 }, // U+0122
    { 21, 30, 271, -2, 23, 158, 4568 }, // U+0123
    { 27, 28, 382, -1, 28, 189, 4726 }, // U+0124
    { 19, 30, 306, 0, 29, 143, 4915 }, // U+0125
    { 27, 21, 382, -1, 21, 142, 5058 }, // U+0126
    { 19, 24, 306, 0, 23, 114, 5200 }, // U+0127
    { 17, 28, 187, -1, 28, 119, 5314 }, // U+0128
    { 13, 24, 165, 0, 23, 78, 5433 }, // U+0129
    { 15, 25, 187, -1, 25, 94, 5511 }, // U+012A
    { 10, 21, 165, 1, 20, 53, 5605 }, // U+012B
    { 16, 28, 187, -1, 28, 112, 5658 }, // U+012C
    { 11, 24, 165, 1, 23, 66, 5770 }, // U+012D
    { 15, 28, 187, -1, 21, 105, 5836 }, // U+012E
    { 10, 30, 165, 0, 23, 75, 5941 }, // U+012F
    { 15, 28, 187, -1, 28, 105, 6016 }, // U+0130
    { 9, 17, 165, 1, 16, 39, 6121 }, // U+0131
    { 27, 28, 374, -1, 21, 189, 6160 }, // U+0132
    { 19, 30, 323, 1, 23, 143, 6349 }, // U+0133
    { 20, 35, 187, -5, 28, 175, 6492 }, // U+0134
    { 17, 30, 158, -5, 23, 128, 6667 }, // U+0135
    { 25, 28, 346, -1, 21, 175, 6795 }, // U+0136
    { 19, 30, 279, 0, 23, 143, 6970 }, // U+0137
    { 19, 16, 279, 0, 16, 76, 7113 }, // U+0138
    { 20, 28, 305, -1, 28, 140, 7189 }, // U+0139
    { 14, 30, 165, 1, 29, 105, 7329 }, // U+013A
    { 20, 28, 305, -1, 21, 140, 7434 }, // U+013B
    { 11, 30, 165, -1, 23, 83, 0 }, // U+013C
    { 21, 21, 305, -1, 21, 111, 83 }, // U+013D
    { 15, 24, 165, 1, 23, 90, 194 }, // U+013E
    { 20, 21, 305, -1, 21, 105, 284 }, // U+013F
    { 14, 24, 216, 1, 23, 84, 389 }, // U+0140
    { 20, 21, 305, -1, 21, 105, 473 }, // U+0141
    { 12, 24, 165, -1, 23, 72, 578 }, // U+0142
    { 27, 28, 368, -1, 28, 189, 650 }, // U+0143
    { 19, 24, 314, 1, 23, 114, 839 }, // U+0144
    { 27, 28, 368, -1, 21, 189, 953 }, // U+0145
    { 19, 23, 314, 1, 16, 110, 1142 }, // U+0146
    { 27, 28, 368, -1, 28, 189, 1252 }, // U+0147
    { 19, 24, 314, 1, 23, 114, 1441 }, // U+0148
    { 26, 22, 410, 0, 21, 143, 1555 }, // U+0149
    { 27, 28, 356, -1, 21, 189, 1698 }, // U+014A
    { 17, 23, 304, 1, 16, 98, 1887 }, // U+014B
    { 22, 26, 370, 1, 25, 143, 1985 }, // U+014C
    { 16, 21, 288, 1, 20, 84, 2128 }, // U+014D
    { 22, 29, 370, 1, 28, 160, 2212 }, // U+014E
    { 16, 24, 288, 1, 23, 96, 2372 }, // U+014F
    { 22, 29, 370, 1, 28, 160, 2468 }, // U+0150
    { 18, 24, 288, 1, 23, 108, 2628 }, // U+0151
    { 29, 23, 463, 1, 22, 167, 2736 }, // U+0152
    { 26, 17, 421, 1, 16, 111, 2903 }, // U+0153
    { 22, 28, 330, -1, 28, 154, 3014 }, // U+0154
    { 16, 23, 257, 1, 23, 92, 3168 }, // U+0155
    { 22, 28, 330, -1, 21, 154, 3260 }, // U+0156
    { 18, 23, 257, -1, 16, 104, 3414 }, // U+0157
    { 22, 28, 330, -1, 28, 154, 3518 }, // U+0158
    { 16, 23, 257, 1, 23, 92, 3672 }, // U+0159
    { 19, 29, 274, 0, 28, 138, 3764 }, // U+015A
    { 17, 24, 240, 0, 23, 102, 3902 }, // U+015B
    { 18, 29, 274, 0, 28, 131, 4004 }, // U+015C
    { 15, 24, 240, 0, 23, 90, 4135 }, // U+015D
    { 18, 29, 274, 0, 22, 131, 4225 }, // U+015E
    { 15, 23, 240, 0, 16, 87, 4356 }, // U+015F
    { 18, 29, 274, 0, 28, 131, 4443 }, // U+0160
    { 16, 24, 240, 0, 23, 96, 4574 }, // U+0161
    { 21, 28, 305, 1, 21, 147, 4670 }, // U+0162
    { 13, 27, 195, 0, 20, 88, 4817 }, // U+0163
    { 21, 28, 305, 1, 28, 147, 4905 }, // U+0164
    { 16, 24, 195, 1, 23, 96, 5052 }, // U+0165
    { 21, 21, 305, 1, 21, 111, 5148 }, // U+0166
    { 13, 21, 195, 0, 20, 69, 5259 }, // U+0167
    { 23, 29, 349, 2, 28, 167, 5328 }, // U+0168
    { 19, 24, 314, 1, 23, 114, 5495 }, // U+0169
    { 23, 26, 349, 2, 25, 150, 5609 }, // U+016A
    { 19, 21, 314, 1, 20, 100, 5759 }, // U+016B
    { 23, 29, 349, 2, 28, 167, 5859 }, // U+016C
    { 19, 24, 314, 1, 23, 114, 6026 }, // U+016D
    { 23, 30, 349, 2, 29, 173, 6140 }, // U+016E
    { 19, 25, 314, 1, 24, 119, 6313 }, // U+016F
    { 23, 29, 349, 2, 28, 167, 6432 }, // U+0170
    { 19, 24, 314, 1, 23, 114, 6599 }, // U+0171
    { 23, 28, 349, 2, 21, 161, 6713 }, // U+0172
    { 19, 23, 314, 1, 16, 110, 6874 }, // U+0173
    { 33, 28, 498, 2, 28, 231, 6984 }, // U+0174
    { 24, 24, 408, 1, 23, 144, 7215 }, // U+0175
    { 22, 28, 323, 2, 28, 154, 7359 }, // U+0176
    { 22, 30, 274, -5, 23, 165, 0 }, // U+0177
    { 22, 28, 323, 2, 28, 154, 165 }, // U+0178
    { 22, 28, 311, -1, 28, 154, 319 }, // U+0179
    { 16, 23, 260, 0, 23, 92, 473 }, // U+017A
    { 22, 28, 311, -1, 28, 154, 565 }, // U+017B
    { 16, 23, 260, 0, 23, 92, 719 }, // U+017C
    { 22, 28, 311, -1, 28, 154, 811 }, // U+017D
    { 16, 23, 260, 0, 23, 92, 965 }, // U+017E
    { 22, 30, 189, -5, 23, 165, 1057 }, // U+017F
    { 27, 24, 393, 1, 23, 162, 0 }, // U+01A0
    { 21, 20, 313, 1, 19, 105, 162 }, // U+01A1
    { 26, 24, 398, 2, 23, 156, 267 }, // U+01AF
    { 24, 20, 363, 1, 19, 120, 423 }, // U+01B0
    { 44, 28, 669, -1, 28, 308, 543 }, // U+01C4
    { 39, 23, 619, -1, 23, 225, 851 }, // U+01C5
    { 34, 24, 571, 1, 23, 204, 1076 }, // U+01C6
    { 34, 28, 492, -1, 21, 238, 1280 }, // U+01C7
    { 30, 30, 463, -1, 23, 225, 1518 }, // U+01C8
    { 19, 30, 323, 1, 23, 143, 1743 }, // U+01C9
    { 38, 28, 555, -1, 21, 266, 1886 }, // U+01CA
    { 34, 30, 526, -1, 23, 255, 2152 }, // U+01CB
    { 29, 30, 471, 1, 23, 218, 2407 }, // U+01CC
    { 23, 28, 351, -2, 28, 161, 2625 }, // U+01CD
    { 18, 24, 310, 1, 23, 108, 2786 }, // U+01CE
    { 17, 28, 187, -1, 28, 119, 2894 }, // U+01CF
    { 12, 24, 165, 1, 23, 72, 3013 }, // U+01D0
    { 22, 29, 370, 1, 28, 160, 3085 }, // U+01D1
    { 17, 24, 288, 1, 23, 102, 3245 }, // U+01D2
    { 23, 29, 349, 2, 28, 167, 3347 }, // U+01D3
    { 19, 24, 314, 1, 23, 114, 3514 }, // U+01D4
    { 23, 31, 349, 2, 30, 179, 3628 }, // U+01D5
    { 19, 26, 314, 1, 25, 124, 3807 }, // U+01D6
    { 23, 32, 349, 2, 31, 184, 3931 }, // U+01D7
    { 19, 27, 314, 1, 26, 129, 4115 }, // U+01D8
    { 23, 32, 349, 2, 31, 184, 4244 }, // U+01D9
    { 19, 27, 314, 1, 26, 129, 4428 }, // U+01DA
    { 23, 32, 349, 2, 31, 184, 4557 }, // U+01DB
    { 19, 27, 314, 1, 26, 129, 4741 }, // U+01DC
    { 16, 17, 262, 0, 16, 68, 4870 }, // U+01DD
    { 23, 30, 351, -2, 30, 173, 4938 }, // U+01DE
    { 18, 26, 310, 1, 25, 117, 5111 }, // U+01DF
    { 23, 30, 351, -2, 30, 173, 5228 }, // U+01E0
    { 18, 26, 310, 1, 25, 117, 5401 }, // U+01E1
    { 32, 25, 463, -2, 25, 200, 5518 }, // U+01E2
    { 25, 21, 411, 1, 20, 132, 5718 }, // U+01E3
    { 22, 23, 372, 1, 22, 127, 5850 }, // U+01E4
    { 21, 24, 271, -2, 17, 126, 5977 }, // U+01E5
    { 22, 29, 372, 1, 28, 160, 6103 }, // U+01E6
    { 21, 30, 271, -2, 23, 158, 6263 }, // U+01E7
    { 25, 28, 346, -1, 28, 175, 6421 }, // U+01E8
    { 19, 29, 279, 0, 29, 138, 6596 }, // U+01E9
    { 22, 29, 370, 1, 22, 160, 6734 }, // U+01EA
    { 16, 23, 288, 1, 16, 92, 6894 }, // U+01EB
    { 22, 32, 370, 1, 25, 176, 6986 }, // U+01EC
    { 16, 27, 288, 1, 20, 108, 7162 }, // U+01ED
    { 19, 29, 283, 0, 28, 138, 7270 }, // U+01EE
    { 18, 30, 261, -1, 23, 135, 7408 }, // U+01EF
    { 18, 30, 158, -5, 23, 135, 7543 }, // U+01F0
    { 44, 21, 669, -1, 21, 231, 0 }, // U+01F1
    { 39, 21, 619, -1, 21, 205, 231 }, // U+01F2
    { 34, 24, 571, 1, 23, 204, 436 }, // U+01F3
    { 22, 29, 372, 1, 28, 160, 640 }, // U+01F4
    { 21, 30, 271, -2, 23, 158, 800 }, // U+01F5
    { 35, 22, 532, -1, 21, 193, 958 }, // U+01F6
    { 25, 29, 350, -3, 22, 182, 1151 }, // U+01F7
    { 27, 28, 368, -1, 28, 189, 1333 }, // U+01F8
    { 19, 24, 314, 1, 23, 114, 1522 }, // U+01F9
    { 23, 29, 351, -2, 29, 167, 1636 }, // U+01FA
    { 18, 31, 310, 1, 30, 140, 1803 }, // U+01FB
    { 32, 28, 463, -2, 28, 224, 1943 }, // U+01FC
    { 25, 24, 411, 1, 23, 150, 2167 }, // U+01FD
    { 22, 30, 370, 1, 28, 165, 2317 }, // U+01FE
    { 18, 25, 288, 0, 23, 113, 2482 }, // U+01FF
    { 23, 28, 351, -2, 28, 161, 2595 }, // U+0200
    { 18, 24, 310, 1, 23, 108, 2756 }, // U+0201
    { 23, 28, 351, -2, 28, 161, 2864 }, // U+0202
    { 18, 24, 310, 1, 23, 108, 3025 }, // U+0203
    { 21, 28, 295, -1, 28, 147, 3133 }, // U+0204
    { 15, 24, 250, 1, 23, 90, 3280 }, // U+0205
    { 21, 28, 295, -1, 28, 147, 3370 }, // U+0206
    { 15, 24, 250, 1, 23, 90, 3517 }, // U+0207
    { 15, 28, 187, -1, 28, 105, 3607 }, // U+0208
    { 13, 24, 165, -2, 23, 78, 3712 }, // U+0209
    { 16, 28, 187, -1, 28, 112, 3790 }, // U+020A
    { 12, 24, 165, 1, 23, 72, 3902 }, // U+020B
    { 22, 29, 370, 1, 28, 160, 3974 }, // U+020C
    { 16, 24, 288, 1, 23, 96, 4134 }, // U+020D
    { 22, 29, 370, 1, 28, 160, 4230 }, // U+020E
    { 16, 24, 288, 1, 23, 96, 4390 }, // U+020F
    { 22, 28, 330, -1, 28, 154, 4486 }, // U+0210
    { 16, 23, 257, 1, 23, 92, 4640 }, // U+0211
    { 22, 28, 330, -1, 28, 154, 4732 }, // U+0212
    { 16, 23, 257, 1, 23, 92, 4886 }, // U+0213
    { 23, 29, 349, 2, 28, 167, 4978 }, // U+0214
    { 19, 24, 314, 1, 23, 114, 5145 }, // U+0215
    { 23, 29, 349, 2, 28, 167, 5259 }, // U+0216
    { 19, 24, 314, 1, 23, 114, 5426 }, // U+0217
    { 18, 29, 274, 0, 22, 131, 5540 }, // U+0218
    { 15, 23, 240, 0, 16, 87, 5671 }, // U+0219
    { 21, 28, 305, 1, 21, 147, 5758 }, // U+021A
    { 13, 27, 195, 0, 20, 88, 5905 }, // U+021B
    { 19, 27, 286, -1, 22, 129, 5993 }, // U+021C
    { 17, 23, 238, -3, 16, 98, 6122 }, // U+021D
    { 27, 28, 382, -1, 28, 189, 6220 }, // U+021E
    { 19, 30, 306, 0, 29, 143, 6409 }, // U+021F
    { 7, 6, 0, -14, 23, 11, 0 }, // U+0300
    { 10, 6, 0, -10, 23, 15, 11 }, // U+0301
    { 12, 6, 0, -4, 23, 18, 26 }, // U+0302
    { 12, 6, 0, -14, 23, 18, 44 }, // U+0303
    { 10, 3, 0, -3, 20, 8, 62 }, // U+0304
    { 10, 3, 0, -2, 25, 8, 70 }, // U+0305
    { 11, 6, 0, -3, 23, 17, 78 }, // U+0306
    { 6, 5, 0, 0, 23, 8, 95 }, // U+0307
    { 11, 5, 0, -3, 23, 14, 103 }, // U+0308
    { 8, 8, 0, -11, 25, 16, 117 }, // U+0309
    { 8, 7, 0, -1, 24, 14, 133 }, // U+030A
    { 14, 6, 0, -4, 23, 21, 147 }, // U+030B
    { 11, 6, 0, -2, 23, 17, 168 }, // U+030C
    { 5, 6, 0, 0, 23, 8, 185 }, // U+030D
    { 9, 6, 0, -2, 23, 14, 193 }, // U+030E
    { 13, 6, 0, -14, 23, 20, 207 }, // U+030F
    { 10, 9, 0, -2, 26, 23, 227 }, // U+0310
    { 10, 6, 0, -3, 23, 15, 250 }, // U+0311
    { 7, 10, 0, -1, 21, 18, 265 }, // U+0312
    { 7, 10, 0, -2, 21, 18, 283 }, // U+0313
    { 6, 10, 0, -1, 21, 15, 301 }, // U+0314
    { 7, 10, 0, -2, 21, 18, 316 }, // U+0315
    { 7, 6, 0, -6, -1, 11, 334 }, // U+0316
    { 9, 6, 0, -7, -1, 14, 345 }, // U+0317
    { 6, 6, 0, -4, -1, 9, 359 }, // U+0318
    { 6, 6, 0, -5, -1, 9, 368 }, // U+0319
    { 10, 9, 175, 2, 23, 23, 377 }, // U+031A
    { 7, 8, 0, -2, 23, 14, 400 }, // U+031B
    { 6, 7, 0, -5, 0, 11, 414 }, // U+031C
    { 7, 5, 0, -6, -1, 9, 425 }, // U+031D
    { 7, 5, 0, -5, -1, 9, 434 }, // U+031E
    { 6, 6, 0, -5, -1, 9, 443 }, // U+031F
    { 7, 3, 0, -6, -2, 6, 452 }, // U+0320
    { 8, 8, 0, -8, 2, 16, 458 }, // U+0321
    { 6, 8, 0, -3, 2, 12, 474 }, // U+0322
    { 6, 5, 0, -14, -1, 8, 486 }, // U+0323
    { 12, 5, 0, -8, -1, 15, 494 }, // U+0324
    { 8, 7, 0, -6, -1, 14, 509 }, // U+0325
    { 7, 6, 0, -6, -1, 11, 523 }, // U+0326
    { 8, 8, 0, -6, 1, 16, 534 }, // U+0327
    { 8, 7, 0, -6, 0, 14, 550 }, // U+0328
    { 4, 6, 0, -4, 0, 6, 564 }, // U+0329
    { 12, 5, 0, -8, -2, 15, 570 }, // U+032A
    { 11, 5, 0, -7, -1, 14, 585 }, // U+032B
    { 11, 6, 0, -7, -1, 17, 599 }, // U+032C
    { 11, 6, 0, -8, -1, 17, 616 }, // U+032D
    { 10, 6, 0, -7, -1, 15, 633 }, // U+032E
    { 10, 6, 0, -7, -1, 15, 648 }, // U+032F
    { 13, 6, 0, -9, -1, 20, 663 }, // U+0330
    { 10, 3, 0, -7, -2, 8, 683 }, // U+0331
    { 14, 4, 0, -15, -2, 14, 691 }, // U+0332
    { 14, 6, 0, -15, -1, 21, 705 }, // U+0333
    { 13, 6, 0, -6, 11, 20, 726 }, // U+0334
    { 12, 3, 0, -6, 10, 9, 746 }, // U+0335
    { 20, 3, 0, -10, 10, 15, 755 }, // U+0336
    { 12, 9, 0, -6, 13, 27, 770 }, // U+0337
    { 17, 26, 0, -8, 23, 111, 797 }, // U+0338
    { 5, 7, 0, -4, 0, 9, 908 }, // U+0339
    { 12, 5, 0, -8, -2, 15, 917 }, // U+033A
    { 13, 6, 0, -9, -1, 20, 932 }, // U+033B
    { 10, 5, 0, -7, -1, 13, 952 }, // U+033C
    { 7, 6, 0, -1, 22, 11, 965 }, // U+033D
    { 6, 10, 0, 0, 26, 15, 976 }, // U+033E
    { 14, 6, 0, -3, 28, 21, 991 }, // U+033F
    { 8, 6, 0, -3, 23, 12, 1012 }, // U+0340
    { 9, 6, 0, -1, 23, 14, 1024 }, // U+0341
    { 13, 6, 0, -4, 23, 20, 1038 }, // U+0342
    { 6, 7, 0, 1, 24, 11, 1058 }, // U+0343
    { 13, 7, 0, -4, 23, 23, 1069 }, // U+0344
    { 7, 6, 0, -2, -1, 11, 1092 }, // U+0345
    { 13, 5, 0, -4, 22, 17, 1103 }, // U+0346
    { 14, 6, 0, -9, -1, 21, 1120 }, // U+0347
    { 9, 6, 0, -7, 0, 14, 1141 }, // U+0348
    { 6, 5, 0, -4, -2, 8, 1155 }, // U+0349
    { 13, 8, 0, -4, 24, 26, 1163 }, // U+034A
    { 13, 13, 0, -4, 29, 43, 1189 }, // U+034B
    { 13, 11, 0, -4, 28, 36, 1232 }, // U+034C
    { 10, 6, 0, -7, -1, 15, 1268 }, // U+034D
    { 6, 7, 0, -5, 0, 11, 1283 }, // U+034E
    { 22, 21, 0, -11, 21, 116, 1294 }, // U+034F
    { 6, 7, 0, -1, 23, 11, 1410 }, // U+0350
    { 5, 7, 0, 0, 24, 9, 1421 }, // U+0351
    { 11, 9, 0, -3, 26, 25, 1430 }, // U+0352
    { 6, 6, 0, -5, -1, 9, 1455 }, // U+0353
    { 6, 6, 0, -5, -1, 9, 1464 }, // U+0354
    { 6, 6, 0, -5, -1, 9, 1473 }, // U+0355
    { 12, 6, 0, -8, -1, 18, 1482 }, // U+0356
    { 6, 7, 0, -1, 24, 11, 1500 }, // U+0357
    { 6, 5, 0, 4, 23, 8, 1511 }, // U+0358
    { 8, 8, 0, -4, 0, 16, 1519 }, // U+0359
    { 11, 6, 0, -8, -1, 17, 1535 }, // U+035A
    { 7, 6, 0, -1, 23, 11, 1552 }, // U+035B
    { 23, 7, 0, -13, 0, 41, 1563 }, // U+035C
    { 23, 6, 0, -8, 23, 35, 1604 }, // U+035D
    { 19, 3, 0, -7, 20, 15, 1639 }, // U+035E
    { 19, 3, 0, -12, -2, 15, 1654 }, // U+035F
    { 25, 6, 0, -10, 23, 38, 1669 }, // U+0360
    { 25, 6, 0, -10, 25, 38, 1707 }, // U+0361
    { 19, 6, 0, -12, -1, 29, 1745 }, // U+0362
    { 8, 8, 0, -1, 25, 16, 1774 }, // U+0363
    { 8, 8, 0, -1, 25, 16, 1790 }, // U+0364
    { 4, 11, 0, 1, 28, 11, 1806 }, // U+0365
    { 8, 8, 0, -1, 25, 16, 1817 }, // U+0366
    { 9, 8, 0, -1, 25, 18, 1833 }, // U+0367
    { 8, 8, 0, -1, 25, 16, 1851 }, // U+0368
    { 8, 10, 0, -1, 27, 20, 1867 }, // U+0369
    { 9, 10, 0, -2, 27, 23, 1887 }, // U+036A
    { 13, 7, 0, -3, 25, 23, 1910 }, // U+036B
    { 8, 7, 0, -1, 25, 14, 1933 }, // U+036C
    { 6, 9, 0, 0, 26, 14, 1947 }, // U+036D
    { 8, 8, 0, -1, 25, 16, 1961 }, // U+036E
    { 9, 7, 0, -2, 25, 16, 1977 }, // U+036F
    { 21, 28, 305, -1, 28, 147, 0 }, // U+0400
    { 21, 27, 305, -1, 27, 142, 147 }, // U+0401
    { 22, 21, 384, 1, 21, 116, 289 }, // U+0402
    { 21, 28, 276, -1, 28, 147, 405 }, // U+0403
    { 20, 23, 307, 1, 22, 115, 552 }, // U+0404
    { 18, 23, 274, -1, 22, 104, 667 }, // U+0405
    { 15, 21, 187, -1, 21, 79, 771 }, // U+0406
    { 16, 27, 187, -1, 27, 108, 850 }, // U+0407
    { 18, 28, 184, -4, 21, 126, 958 }, // U+0408
    { 30, 22, 454, -2, 21, 165, 1084 }, // U+0409
    { 30, 21, 482, -1, 21, 158, 1249 }, // U+040A
    { 23, 21, 414, 1, 21, 121, 1407 }, // U+040B
    { 24, 28, 341, -1, 28, 168, 1528 }, // U+040C
    { 27, 28, 382, -1, 28, 189, 1696 }, // U+040D
    { 22, 29, 327, 2, 28, 160, 1885 }, // U+040E
    { 27, 27, 376, -1, 21, 183, 2045 }, // U+040F
    { 23, 21, 350, -2, 21, 121, 2228 }, // U+0410
    { 20, 21, 298, -1, 21, 105, 2349 }, // U+0411
    { 20, 21, 315, -1, 21, 105, 2454 }, // U+0412
    { 21, 21, 276, -1, 21, 111, 2559 }, // U+0413
    { 28, 27, 359, -3, 21, 189, 2670 }, // U+0414
    { 21, 21, 305, -1, 21, 111, 2859 }, // U+0415
    { 35, 21, 483, -2, 21, 184, 2970 }, // U+0416
    { 19, 23, 290, -1, 22, 110, 3154 }, // U+0417
    { 27, 21, 385, -1, 21, 142, 3264 }, // U+0418
    { 27, 28, 385, -1, 28, 189, 3406 }, // U+0419
    { 24, 21, 341, -1, 21, 126, 3595 }, // U+041A
    { 26, 22, 350, -2, 21, 143, 3721 }, // U+041B
    { 32, 21, 452, -1, 21, 168, 3864 }, // U+041C
    { 27, 21, 380, -1, 21, 142, 4032 }, // U+041D
    { 21, 23, 358, 1, 22, 121, 4174 }, // U+041E
    { 27, 21, 376, -1, 21, 142, 4295 }, // U+041F
    { 21, 21, 298, -1, 21, 111, 4437 }, // U+0420
    { 20, 23, 307, 1, 22, 115, 4548 }, // U+0421
    { 21, 21, 309, 1, 21, 111, 4663 }, // U+0422
    { 22, 22, 327, 2, 21, 121, 4774 }, // U+0423
    { 26, 23, 441, 1, 22, 150, 4895 }, // U+0424
    { 26, 21, 342, -2, 21, 137, 5045 }, // U+0425
    { 27, 27, 378, -1, 21, 183, 5182 }, // U+0426
    { 23, 21, 366, 2, 21, 121, 5365 }, // U+0427
    { 37, 21, 532, -1, 21, 195, 5486 }, // U+0428
    { 37, 27, 534, -1, 21, 250, 5681 }, // U+0429
    { 20, 21, 345, 1, 21, 105, 5931 }, // U+042A
    { 32, 21, 456, -1, 21, 168, 6036 }, // U+042B
    { 19, 21, 298, -1, 21, 100, 6204 }, // U+042C
    { 20, 23, 307, -1, 22, 115, 6304 }, // U+042D
    { 32, 23, 504, -1, 22, 184, 6419 }, // U+042E
    { 25, 21, 330, -2, 21, 132, 6603 }, // U+042F
    { 18, 17, 292, 0, 16, 77, 6735 }, // U+0430
    { 18, 24, 284, 1, 23, 108, 6812 }, // U+0431
    { 16, 17, 266, 0, 16, 68, 6920 }, // U+0432
    { 14, 17, 224, 0, 16, 60, 6988 }, // U+0433
    { 17, 24, 280, 0, 23, 102, 7048 }, // U+0434
    { 16, 17, 248, 0, 16, 68, 7150 }, // U+0435
    { 32, 17, 478, -1, 16, 136, 7218 }, // U+0436
    { 14, 17, 239, 0, 16, 60, 7354 }, // U+0437
    { 18, 17, 302, 1, 16, 77, 7414 }, // U+0438
    { 18, 24, 302, 1, 23, 108, 7491 }, // U+0439
    { 19, 16, 286, 0, 16, 76, 7599 }, // U+043A
    { 20, 17, 287, -2, 16, 85, 0 }, // U+043B
    { 27, 17, 404, -2, 16, 115, 85 }, // U+043C
    { 19, 17, 302, 0, 16, 81, 200 }, // U+043D
    { 17, 17, 280, 0, 16, 73, 281 }, // U+043E
    { 19, 17, 303, 0, 16, 81, 354 }, // U+043F
    { 19, 23, 290, -1, 16, 110, 435 }, // U+0440
    { 16, 17, 243, 0, 16, 68, 545 }, // U+0441
    { 28, 17, 442, 0, 16, 119, 613 }, // U+0442
    { 18, 24, 271, -1, 16, 108, 732 }, // U+0443
    { 24, 30, 388, 0, 23, 180, 840 }, // U+0444
    { 19, 16, 278, -1, 16, 76, 1020 }, // U+0445
    { 18, 23, 303, 1, 16, 104, 1096 }, // U+0446
    { 18, 17, 287, 0, 16, 77, 1200 }, // U+0447
    { 27, 17, 444, 1, 16, 115, 1277 }, // U+0448
    { 27, 23, 446, 1, 16, 156, 1392 }, // U+0449
    { 17, 17, 275, 0, 16, 73, 1548 }, // U+044A
    { 24, 17, 401, 1, 16, 102, 1621 }, // U+044B
    { 15, 17, 270, 1, 16, 64, 1723 }, // U+044C
    { 15, 17, 245, 0, 16, 64, 1787 }, // U+044D
    { 25, 17, 403, 0, 16, 107, 1851 }, // U+044E
    { 19, 17, 293, -1, 16, 81, 1958 }, // U+044F
    { 16, 24, 248, 0, 23, 96, 2039 }, // U+0450
    { 16, 24, 248, 0, 23, 96, 2135 }, // U+0451
    { 17, 31, 289, 0, 23, 132, 2231 }, // U+0452
    { 16, 24, 224, 0, 23, 96, 2363 }, // U+0453
    { 16, 17, 243, 0, 16, 68, 2459 }, // U+0454
    { 15, 17, 224, -1, 16, 64, 2527 }, // U+0455
    { 9, 24, 153, 1, 23, 54, 2591 }, // U+0456
    { 11, 24, 153, 1, 23, 66, 2645 }, // U+0457
    { 14, 31, 147, -4, 23, 109, 2711 }, // U+0458
    { 26, 17, 399, -2, 16, 111, 2820 }, // U+0459
    { 25, 17, 414, 0, 16, 107, 2931 }, // U+045A
    { 19, 24, 303, 0, 23, 114, 3038 }, // U+045B
    { 19, 23, 286, 0, 23, 110, 3152 }, // U+045C
    { 18, 24, 302, 1, 23, 108, 3262 }, // U+045D
    { 18, 31, 271, -1, 23, 140, 3370 }, // U+045E
    { 18, 23, 302, 1, 16, 104, 3510 }, // U+045F
    { 28, 22, 478, 2, 22, 154, 3614 }, // U+0460
    { 24, 16, 383, 0, 16, 96, 3768 }, // U+0461
    { 20, 21, 332, 0, 21, 105, 3864 }, // U+0462
    { 24, 17, 417, 1, 16, 102, 3969 }, // U+0463
    { 33, 23, 482, -1, 22, 190, 4071 }, // U+0464
    { 24, 17, 391, 1, 16, 102, 4261 }, // U+0465
    { 24, 21, 370, -2, 21, 126, 4363 }, // U+0466
    { 20, 16, 302, -2, 16, 80, 4489 }, // U+0467
    { 34, 21, 543, -1, 21, 179, 4569 }, // U+0468
    { 26, 16, 445, 1, 16, 104, 4748 }, // U+0469
    { 27, 21, 420, -2, 21, 142, 4852 }, // U+046A
    { 24, 16, 365, -2, 16, 96, 4994 }, // U+046B
    { 38, 21, 599, -1, 21, 200, 5090 }, // U+046C
    { 30, 16, 506, 1, 16, 120, 5290 }, // U+046D
    { 19, 32, 283, -1, 25, 152, 5410 }, // U+046E
    { 17, 27, 240, -2, 20, 115, 5562 }, // U+046F
    { 28, 21, 456, 3, 21, 147, 5677 }, // U+0470
    { 20, 30, 337, 2, 23, 150, 5824 }, // U+0471
    { 22, 23, 370, 1, 22, 127, 5974 }, // U+0472
    { 16, 17, 288, 1, 16, 68, 6101 }, // U+0473
    { 23, 21, 347, 2, 21, 121, 6169 }, // U+0474
    { 20, 17, 294, 0, 16, 85, 6290 }, // U+0475
    { 23, 28, 347, 2, 28, 161, 6375 }, // U+0476
    { 20, 24, 294, 0, 23, 120, 6536 }, // U+0477
    { 37, 29, 609, 1, 22, 269, 6656 }, // U+0478
    { 32, 23, 522, 1, 16, 184, 6925 }, // U+0479
    { 23, 25, 388, 1, 23, 144, 7109 }, // U+047A
    { 17, 20, 302, 1, 18, 85, 7253 }, // U+047B
    { 32, 32, 534, 1, 31, 256, 7338 }, // U+047C
    { 26, 28, 450, 1, 27, 182, 7594 }, // U+047D
    { 28, 26, 478, 2, 26, 182, 0 }, // U+047E
    { 24, 21, 383, 0, 21, 126, 182 }, // U+047F
    { 20, 29, 312, 1, 22, 145, 308 }, // U+0480
    { 15, 23, 246, 1, 16, 87, 453 }, // U+0481
    { 16, 20, 284, 1, 19, 80, 540 }, // U+0482
    { 12, 6, 0, -4, 22, 18, 620 }, // U+0483
    { 12, 6, 0, -4, 23, 18, 638 }, // U+0484
    { 4, 6, 0, 1, 23, 6, 656 }, // U+0485
    { 5, 6, 0, 0, 23, 8, 662 }, // U+0486
    { 13, 5, 0, -3, 27, 17, 670 }, // U+0487
    { 36, 34, 0, -18, 25, 306, 687 }, // U+0488
    { 36, 36, 0, -18, 26, 324, 993 }, // U+0489
    { 27, 35, 391, -1, 28, 237, 1317 }, // U+048A
    { 19, 30, 314, 1, 23, 143, 1554 }, // U+048B
    { 19, 23, 310, -1, 23, 110, 1697 }, // U+048C
    { 16, 20, 278, 1, 19, 80, 1807 }, // U+048D
    { 21, 21, 309, -1, 21, 111, 1887 }, // U+048E
    { 18, 23, 291, -1, 16, 104, 1998 }, // U+048F
    { 21, 25, 253, -1, 25, 132, 2102 }, // U+0490
    { 15, 20, 225, 1, 20, 75, 2234 }, // U+0491
    { 21, 21, 276, -1, 21, 111, 2309 }, // U+0492
    { 16, 16, 237, 0, 16, 64, 2420 }, // U+0493
    { 21, 29, 336, -1, 21, 153, 2484 }, // U+0494
    { 15, 23, 280, 1, 16, 87, 2637 }, // U+0495
    { 35, 28, 495, -2, 21, 245, 2724 }, // U+0496
    { 35, 23, 549, 0, 16, 202, 2969 }, // U+0497
    { 18, 29, 286, 0, 22, 131, 3171 }, // U+0498
    { 15, 23, 243, 0, 16, 87, 3302 }, // U+0499
    { 25, 28, 353, -1, 21, 175, 3389 }, // U+049A
    { 18, 23, 282, 0, 16, 104, 3564 }, // U+049B
    { 26, 21, 363, -1, 21, 137, 3668 }, // U+049C
    { 20, 17, 307, 0, 16, 85, 3805 }, // U+049D
    { 25, 21, 347, -1, 21, 132, 3890 }, // U+049E
    { 18, 24, 282, 0, 23, 108, 4022 }, // U+049F
    { 25, 21, 398, 2, 21, 132, 4130 }, // U+04A0
    { 22, 17, 344, 0, 16, 94, 4262 }, // U+04A1
    { 27, 28, 382, -1, 21, 189, 4356 }, // U+04A2
    { 19, 23, 319, 1, 16, 110, 4545 }, // U+04A3
    { 31, 21, 436, -1, 21, 163, 4655 }, // U+04A4
    { 24, 17, 382, 1, 16, 102, 4818 }, // U+04A5
    { 33, 29, 526, -1, 21, 240, 4920 }, // U+04A6
    { 24, 23, 427, 1, 16, 138, 5160 }, // U+04A7
    { 23, 24, 393, 1, 22, 138, 5298 }, // U+04A8
    { 18, 17, 319, 1, 16, 77, 5436 }, // U+04A9
    { 20, 29, 312, 1, 22, 145, 5513 }, // U+04AA
    { 15, 23, 246, 1, 16, 87, 5658 }, // U+04AB
    { 21, 28, 305, 1, 21, 147, 5745 }, // U+04AC
    { 27, 24, 452, 1, 17, 162, 5892 }, // U+04AD
    { 22, 21, 323, 2, 21, 116, 6054 }, // U+04AE
    { 17, 23, 274, 0, 16, 98, 6170 }, // U+04AF
    { 22, 21, 323, 2, 21, 116, 6268 }, // U+04B0
    { 17, 23, 274, 0, 16, 98, 6384 }, // U+04B1
    { 26, 28, 351, -2, 21, 182, 6482 }, // U+04B2
    { 19, 23, 282, -1, 16, 110, 6664 }, // U+04B3
    { 30, 28, 459, 1, 21, 210, 6774 }, // U+04B4
    { 23, 23, 372, 0, 16, 133, 6984 }, // U+04B5
    { 23, 28, 352, 2, 21, 161, 7117 }, // U+04B6
    { 19, 23, 305, 0, 16, 110, 7278 }, // U+04B7
    { 23, 21, 366, 2, 21, 121, 7388 }, // U+04B8
    { 18, 17, 287, 0, 16, 77, 7509 }, // U+04B9
    { 22, 21, 364, -1, 21, 116, 7586 }, // U+04BA
    { 19, 24, 306, 0, 23, 114, 0 }, // U+04BB
    { 23, 23, 383, 1, 22, 133, 114 }, // U+04BC
    { 20, 17, 311, 0, 16, 85, 247 }, // U+04BD
    { 23, 29, 383, 1, 22, 167, 332 }, // U+04BE
    { 20, 23, 311, 0, 16, 115, 499 }, // U+04BF
    { 15, 21, 187, -1, 21, 79, 614 }, // U+04C0
    { 35, 28, 483, -2, 28, 245, 693 }, // U+04C1
    { 32, 24, 478, -1, 23, 192, 938 }, // U+04C2
    { 25, 29, 340, -1, 21, 182, 1130 }, // U+04C3
    { 18, 23, 288, 0, 16, 104, 1312 }, // U+04C4
    { 26, 28, 345, -2, 21, 182, 1416 }, // U+04C5
    { 20, 23, 319, 0, 16, 115, 1598 }, // U+04C6
    { 27, 29, 382, -1, 21, 196, 1713 }, // U+04C7
    { 18, 23, 311, 1, 16, 104, 1909 }, // U+04C8
    { 27, 28, 391, -1, 21, 189, 2013 }, // U+04C9
    { 19, 23, 319, 1, 16, 110, 2202 }, // U+04CA
    { 23, 28, 352, 2, 21, 161, 2312 }, // U+04CB
    { 18, 23, 305, 0, 16, 104, 2473 }, // U+04CC
    { 31, 28, 454, -1, 21, 217, 2577 }, // U+04CD
    { 28, 23, 442, 0, 16, 161, 2794 }, // U+04CE
    { 15, 21, 187, -1, 21, 79, 2955 }, // U+04CF
    { 23, 28, 351, -2, 28, 161, 3034 }, // U+04D0
    { 18, 24, 310, 1, 23, 108, 3195 }, // U+04D1
    { 23, 28, 351, -2, 28, 161, 3303 }, // U+04D2
    { 18, 24, 310, 1, 23, 108, 3464 }, // U+04D3
    { 32, 21, 463, -2, 21, 168, 3572 }, // U+04D4
    { 25, 17, 411, 1, 16, 107, 3740 }, // U+04D5
    { 21, 28, 295, -1, 28, 147, 3847 }, // U+04D6
    { 15, 24, 250, 1, 23, 90, 3994 }, // U+04D7
    { 19, 23, 328, 1, 22, 110, 4084 }, // U+04D8
    { 16, 17, 262, 0, 16, 68, 4194 }, // U+04D9
    { 19, 29, 328, 1, 28, 138, 4262 }, // U+04DA
    { 16, 24, 262, 0, 23, 96, 4400 }, // U+04DB
    { 35, 28, 483, -2, 28, 245, 4496 }, // U+04DC
    { 32, 24, 478, -1, 23, 192, 4741 }, // U+04DD
    { 19, 29, 290, -1, 28, 138, 4933 }, // U+04DE
    { 15, 24, 239, 0, 23, 90, 5071 }, // U+04DF
    { 19, 22, 283, 0, 21, 105, 5161 }, // U+04E0
    { 18, 23, 261, -1, 16, 104, 5266 }, // U+04E1
    { 27, 25, 385, -1, 25, 169, 5370 }, // U+04E2
    { 19, 21, 314, 1, 20, 100, 5539 }, // U+04E3
    { 27, 28, 385, -1, 28, 189, 5639 }, // U+04E4
    { 19, 24, 314, 1, 23, 114, 5828 }, // U+04E5
    { 22, 29, 370, 1, 28, 160, 5942 }, // U+04E6
    { 16, 24, 288, 1, 23, 96, 6102 }, // U+04E7
    { 22, 23, 370, 1, 22, 127, 6198 }, // U+04E8
    { 16, 17, 288, 1, 16, 68, 6325 }, // U+04E9
    { 22, 29, 370, 1, 28, 160, 6393 }, // U+04EA
    { 16, 24, 288, 1, 23, 96, 6553 }, // U+04EB
    { 20, 29, 307, -1, 28, 145, 6649 }, // U+04EC
    { 15, 24, 245, 0, 23, 90, 6794 }, // U+04ED
    { 22, 26, 327, 2, 25, 143, 6884 }, // U+04EE
    { 22, 27, 274, -5, 20, 149, 7027 }, // U+04EF
    { 22, 29, 327, 2, 28, 160, 7176 }, // U+04F0
    { 22, 30, 274, -5, 23, 165, 7336 }, // U+04F1
    { 22, 29, 327, 2, 28, 160, 7501 }, // U+04F2
    { 23, 30, 274, -5, 23, 173, 0 }, // U+04F3
    { 23, 28, 366, 2, 28, 161, 173 }, // U+04F4
    { 18, 24, 287, 0, 23, 108, 334 }, // U+04F5
    { 21, 28, 276, -1, 21, 147, 442 }, // U+04F6
    { 17, 23, 237, -1, 16, 98, 589 }, // U+04F7
    { 32, 28, 456, -1, 28, 224, 687 }, // U+04F8
    { 24, 24, 401, 1, 23, 144, 911 }, // U+04F9
    { 21, 27, 276, -1, 21, 142, 1055 }, // U+04FA
    { 16, 22, 237, 0, 16, 88, 1197 }, // U+04FB
    { 26, 27, 346, -2, 21, 176, 1285 }, // U+04FC
    { 19, 22, 282, -1, 16, 105, 1461 }, // U+04FD
    { 26, 21, 342, -2, 21, 137, 1566 }, // U+04FE
    { 19, 16, 282, -1, 16, 76, 1703 }, // U+04FF
    { 23, 27, 351, -2, 21, 156, 0 }, // U+1EA0
    { 18, 22, 310, 1, 16, 99, 156 }, // U+1EA1
    { 23, 29, 351, -2, 29, 167, 255 }, // U+1EA2
    { 18, 26, 310, 1, 25, 117, 422 }, // U+1EA3
    { 25, 29, 351, -2, 29, 182, 539 }, // U+1EA4
    { 19, 25, 310, 1, 24, 119, 721 }, // U+1EA5
    { 23, 29, 351, -2, 29, 167, 840 }, // U+1EA6
    { 18, 25, 310, 1, 24, 113, 1007 }, // U+1EA7
    { 24, 30, 351, -2, 30, 180, 1120 }, // U+1EA8
    { 18, 26, 310, 1, 25, 117, 1300 }, // U+1EA9
    { 23, 31, 351, -2, 31, 179, 1417 }, // U+1EAA
    { 18, 28, 310, 1, 27, 126, 1596 }, // U+1EAB
    { 23, 34, 351, -2, 28, 196, 1722 }, // U+1EAC
    { 18, 29, 310, 1, 23, 131, 1918 }, // U+1EAD
    { 23, 30, 351, -2, 30, 173, 2049 }, // U+1EAE
    { 18, 26, 310, 1, 25, 117, 2222 }, // U+1EAF
    { 23, 30, 351, -2, 30, 173, 2339 }, // U+1EB0
    { 18, 26, 310, 1, 25, 117, 2512 }, // U+1EB1
    { 23, 31, 351, -2, 31, 179, 2629 }, // U+1EB2
    { 18, 27, 310, 1, 26, 122, 2808 }, // U+1EB3
    { 23, 31, 351, -2, 31, 179, 2930 }, // U+1EB4
    { 18, 28, 310, 1, 27, 126, 3109 }, // U+1EB5
    { 23, 34, 351, -2, 28, 196, 3235 }, // U+1EB6
    { 18, 29, 310, 1, 23, 131, 3431 }, // U+1EB7
    { 21, 27, 295, -1, 21, 142, 3562 }, // U+1EB8
    { 15, 22, 250, 1, 16, 83, 3704 }, // U+1EB9
    { 21, 29, 295, -1, 29, 153, 3787 }, // U+1EBA
    { 15, 26, 250, 1, 25, 98, 3940 }, // U+1EBB
    { 21, 28, 295, -1, 28, 147, 4038 }, // U+1EBC
    { 16, 24, 250, 1, 23, 96, 4185 }, // U+1EBD
    { 23, 29, 295, -1, 29, 167, 4281 }, // U+1EBE
    { 19, 25, 250, 1, 24, 119, 4448 }, // U+1EBF
    { 21, 29, 295, -1, 29, 153, 4567 }, // U+1EC0
    { 15, 25, 250, 1, 24, 94, 4720 }, // U+1EC1
    { 22, 30, 295, -1, 30, 165, 4814 }, // U+1EC2
    { 18, 26, 250, 1, 25, 117, 4979 }, // U+1EC3
    { 21, 31, 295, -1, 31, 163, 5096 }, // U+1EC4
    { 16, 28, 250, 1, 27, 112, 5259 }, // U+1EC5
    { 21, 34, 295, -1, 28, 179, 5371 }, // U+1EC6
    { 15, 29, 250, 1, 23, 109, 5550 }, // U+1EC7
    { 15, 29, 187, -1, 29, 109, 5659 }, // U+1EC8
    { 10, 26, 165, 1, 25, 65, 5768 }, // U+1EC9
    { 15, 27, 187, -1, 21, 102, 5833 }, // U+1ECA
    { 10, 29, 165, 0, 23, 73, 5935 }, // U+1ECB
    { 22, 28, 370, 1, 22, 154, 6008 }, // U+1ECC
    { 16, 22, 288, 1, 16, 88, 6162 }, // U+1ECD
    { 22, 30, 370, 1, 29, 165, 6250 }, // U+1ECE
    { 16, 26, 288, 1, 25, 104, 6415 }, // U+1ECF
    { 23, 30, 370, 1, 29, 173, 6519 }, // U+1ED0
    { 19, 25, 288, 1, 24, 119, 6692 }, // U+1ED1
    { 22, 30, 370, 1, 29, 165, 6811 }, // U+1ED2
    { 16, 25, 288, 1, 24, 100, 6976 }, // U+1ED3
    { 22, 31, 370, 1, 30, 171, 7076 }, // U+1ED4
    { 18, 26, 288, 1, 25, 117, 7247 }, // U+1ED5
    { 22, 32, 370, 1, 31, 176, 7364 }, // U+1ED6
    { 17, 28, 288, 1, 27, 119, 0 }, // U+1ED7
    { 22, 34, 370, 1, 28, 187, 119 }, // U+1ED8
    { 16, 29, 288, 1, 23, 116, 306 }, // U+1ED9
    { 27, 29, 393, 1, 28, 196, 422 }, // U+1EDA
    { 21, 24, 313, 1, 23, 126, 618 }, // U+1EDB
    { 27, 29, 393, 1, 28, 196, 744 }, // U+1EDC
    { 21, 24, 313, 1, 23, 126, 940 }, // U+1EDD
    { 27, 30, 393, 1, 29, 203, 1066 }, // U+1EDE
    { 21, 26, 313, 1, 25, 137, 1269 }, // U+1EDF
    { 27, 29, 393, 1, 28, 196, 1406 }, // U+1EE0
    { 21, 24, 313, 1, 23, 126, 1602 }, // U+1EE1
    { 27, 29, 393, 1, 23, 196, 1728 }, // U+1EE2
    { 21, 25, 313, 1, 19, 132, 1924 }, // U+1EE3
    { 23, 27, 349, 2, 21, 156, 2056 }, // U+1EE4
    { 19, 22, 314, 1, 16, 105, 2212 }, // U+1EE5
    { 23, 30, 349, 2, 29, 173, 2317 }, // U+1EE6
    { 19, 26, 314, 1, 25, 124, 2490 }, // U+1EE7
    { 26, 29, 398, 2, 28, 189, 2614 }, // U+1EE8
    { 24, 24, 363, 1, 23, 144, 2803 }, // U+1EE9
    { 26, 29, 398, 2, 28, 189, 2947 }, // U+1EEA
    { 24, 24, 363, 1, 23, 144, 3136 }, // U+1EEB
    { 26, 30, 398, 2, 29, 195, 3280 }, // U+1EEC
    { 24, 26, 363, 1, 25, 156, 3475 }, // U+1EED
    { 26, 29, 398, 2, 28, 189, 3631 }, // U+1EEE
    { 24, 24, 363, 1, 23, 144, 3820 }, // U+1EEF
    { 26, 29, 398, 2, 23, 189, 3964 }, // U+1EF0
    { 24, 25, 363, 1, 19, 150, 4153 }, // U+1EF1
    { 22, 28, 323, 2, 28, 154, 4303 }, // U+1EF2
    { 22, 30, 274, -5, 23, 165, 4457 }, // U+1EF3
    { 22, 27, 323, 2, 21, 149, 4622 }, // U+1EF4
    { 22, 23, 274, -5, 16, 127, 4771 }, // U+1EF5
    { 22, 29, 323, 2, 29, 160, 4898 }, // U+1EF6
    { 22, 32, 274, -5, 25, 176, 5058 }, // U+1EF7
    { 22, 28, 323, 2, 28, 154, 5234 }, // U+1EF8
    { 22, 30, 274, -5, 23, 165, 5388 }, // U+1EF9
    { 0, 0, 233, 0, 0, 0, 0 }, // U+2000
    { 0, 0, 467, 0, 0, 0, 0 }, // U+2001
    { 0, 0, 233, 0, 0, 0, 0 }, // U+2002
    { 0, 0, 467, 0, 0, 0, 0 }, // U+2003
    { 0, 0, 155, 0, 0, 0, 0 }, // U+2004
    { 0, 0, 117, 0, 0, 0, 0 }, // U+2005
    { 0, 0, 78, 0, 0, 0, 0 }, // U+2006
    { 0, 0, 261, 0, 0, 0, 0 }, // U+2007
    { 0, 0, 142, 0, 0, 0, 0 }, // U+2008
    { 0, 0, 77, 0, 0, 0, 0 }, // U+2009
    { 0, 0, 47, 0, 0, 0, 0 }, // U+200A
    { 0, 0, 0, 0, 0, 0, 0 }, // U+200B
    { 2, 23, 0, -1, 19, 12, 0 }, // U+200C
    { 8, 25, 0, -4, 21, 50, 12 }, // U+200D
    { 8, 25, 0, -1, 21, 50, 62 }, // U+200E
    { 8, 25, 0, -7, 21, 50, 112 }, // U+200F
    { 9, 4, 145, 0, 10, 9, 162 }, // U+2010
    { 9, 4, 145, 0, 10, 9, 171 }, // U+2011
    { 17, 3, 261, 0, 12, 13, 180 }, // U+2012
    { 16, 3, 233, -1, 9, 12, 193 }, // U+2013
    { 31, 3, 467, -1, 9, 24, 205 }, // U+2014
    { 31, 3, 467, -1, 9, 24, 229 }, // U+2015
    { 9, 30, 261, 4, 23, 68, 253 }, // U+2016
    { 15, 6, 192, -3, 0, 23, 321 }, // U+2017
    { 7, 10, 131, 3, 21, 18, 344 }, // U+2018
    { 7, 10, 131, 2, 21, 18, 362 }, // U+2019
    { 7, 10, 131, -1, 5, 18, 380 }, // U+201A
    { 6, 10, 131, 3, 21, 15, 398 }, // U+201B
    { 13, 10, 228, 3, 21, 33, 413 }, // U+201C
    { 14, 10, 228, 2, 21, 35, 446 }, // U+201D
    { 14, 10, 228, -1, 5, 35, 481 }, // U+201E
    { 13, 10, 228, 3, 21, 33, 516 }, // U+201F
    { 13, 27, 223, 2, 23, 88, 549 }, // U+2020
    { 17, 27, 223, -1, 23, 115, 637 }, // U+2021
    { 9, 10, 187, 2, 15, 23, 752 }, // U+2022
    { 10, 10, 233, 4, 15, 25, 775 }, // U+2023
    { 6, 5, 142, 2, 13, 8, 800 }, // U+2024
    { 14, 5, 275, 2, 13, 18, 808 }, // U+2025
    { 23, 6, 427, 1, 5, 35, 826 }, // U+2026
    { 6, 6, 142, 2, 11, 9, 861 }, // U+2027
    { 0, 0, 280, 0, 0, 0, 870 }, // U+2028
    { 0, 0, 280, 0, 0, 0, 870 }, // U+2029
    { 8, 22, 0, -1, 18, 44, 870 }, // U+202A
    { 8, 22, 0, -7, 18, 44, 914 }, // U+202B
    { 8, 25, 0, -4, 21, 50, 958 }, // U+202C
    { 8, 25, 0, -4, 21, 50, 1008 }, // U+202D
    { 8, 25, 0, -4, 21, 50, 1058 }, // U+202E
    { 0, 0, 77, 0, 0, 0, 1108 }, // U+202F
    { 35, 23, 608, 2, 22, 202, 1108 }, // U+2030
    { 47, 23, 796, 2, 22, 271, 1310 }, // U+2031
    { 8, 9, 135, 3, 21, 18, 1581 }, // U+2032
    { 14, 9, 242, 3, 21, 32, 1599 }, // U+2033
    { 21, 9, 348, 3, 21, 48, 1631 }, // U+2034
    { 6, 9, 135, 4, 21, 14, 1679 }, // U+2035
    { 13, 9, 242, 4, 21, 30, 1693 }, // U+2036
    { 19, 9, 348, 4, 21, 43, 1723 }, // U+2037
    { 12, 9, 205, -1, 2, 27, 1766 }, // U+2038
    { 9, 12, 165, 1, 14, 27, 1793 }, // U+2039
    { 9, 12, 165, 0, 14, 27, 1820 }, // U+203A
    { 22, 21, 382, 1, 21, 116, 1847 }, // U+203B
    { 17, 22, 294, 2, 21, 94, 1963 }, // U+203C
    { 15, 23, 270, 3, 22, 87, 2057 }, // U+203D
    { 15, 2, 214, 2, 24, 8, 2144 }, // U+203E
    { 23, 7, 0, -21, 0, 41, 2152 }, // U+203F
    { 25, 6, 0, -19, 25, 38, 2193 }, // U+2040
    { 14, 21, 210, -2, 21, 74, 2231 }, // U+2041
    { 28, 24, 467, 0, 23, 168, 2305 }, // U+2042
    { 9, 5, 169, 1, 13, 12, 2473 }, // U+2043
    { 18, 21, 29, -8, 21, 95, 2485 }, // U+2044
    { 15, 27, 193, 0, 23, 102, 2580 }, // U+2045
    { 14, 27, 193, -2, 23, 95, 2682 }, // U+2046
    { 30, 23, 497, 2, 22, 173, 2777 }, // U+2047
    { 23, 23, 394, 2, 22, 133, 2950 }, // U+2048
    { 23, 23, 393, 2, 22, 133, 3083 }, // U+2049
    { 15, 23, 285, 1, 17, 87, 3216 }, // U+204A
    { 17, 27, 293, 3, 23, 115, 3303 }, // U+204B
    { 16, 11, 288, 1, 16, 44, 3418 }, // U+204C
    { 16, 11, 288, 1, 16, 44, 3462 }, // U+204D
    { 14, 13, 234, 1, 17, 46, 3506 }, // U+204E
    { 8, 21, 167, 1, 16, 42, 3552 }, // U+204F
    { 21, 23, 359, 1, 22, 121, 3594 }, // U+2050
    { 17, 25, 234, -1, 23, 107, 3715 }, // U+2051
    { 12, 22, 205, 1, 21, 66, 3822 }, // U+2052
    { 14, 7, 261, 1, 14, 25, 3888 }, // U+2053
    { 23, 6, 0, -8, 0, 35, 3913 }, // U+2054
    { 14, 14, 252, 1, 17, 49, 3948 }, // U+2055
    { 15, 17, 294, 1, 16, 64, 3997 }, // U+2056
    { 28, 9, 454, 3, 21, 63, 4061 }, // U+2057
    { 19, 17, 357, 2, 16, 81, 4124 }, // U+2058
    { 19, 17, 357, 2, 16, 81, 4205 }, // U+2059
    { 5, 23, 142, 2, 22, 29, 4286 }, // U+205A
    { 19, 23, 357, 2, 22, 110, 4315 }, // U+205B
    { 16, 16, 325, 2, 16, 64, 4425 }, // U+205C
    { 6, 23, 142, 2, 22, 35, 4489 }, // U+205D
    { 5, 23, 142, 2, 22, 29, 4524 }, // U+205E
    { 0, 0, 104, 0, 0, 0, 4553 }, // U+205F
    { 0, 0, 280, 0, 0, 0, 4553 }, // U+2060
    { 0, 0, 280, 0, 0, 0, 4553 }, // U+2061
    { 0, 0, 280, 0, 0, 0, 4553 }, // U+2062
    { 0, 0, 280, 0, 0, 0, 4553 }, // U+2063
    { 0, 0, 280, 0, 0, 0, 4553 }, // U+2064
    { 0, 0, 280, 0, 0, 0, 4553 }, // U+2066
    { 0, 0, 280, 0, 0, 0, 4553 }, // U+2067
    { 0, 0, 280, 0, 0, 0, 4553 }, // U+2068
    { 0, 0, 280, 0, 0, 0, 4553 }, // U+2069
    { 8, 25, 0, -4, 21, 50, 4553 }, // U+206A
    { 8, 25, 0, -4, 21, 50, 4603 }, // U+206B
    { 8, 25, 0, -4, 21, 50, 4653 }, // U+206C
    { 8, 25, 0, -4, 21, 50, 4703 }, // U+206D
    { 8, 25, 0, -4, 21, 50, 4753 }, // U+206E
    { 8, 25, 0, -4, 21, 50, 4803 }, // U+206F
    { 12, 14, 187, 2, 25, 42, 0 }, // U+2070
    { 6, 14, 107, 2, 22, 21, 42 }, // U+2071
    { 12, 13, 187, 1, 24, 39, 63 }, // U+2074
    { 11, 13, 187, 2, 24, 36, 102 }, // U+2075
    { 11, 14, 187, 3, 25, 39, 138 }, // U+2076
    { 11, 13, 187, 3, 24, 36, 177 }, // U+2077
    { 11, 14, 187, 2, 25, 39, 213 }, // U+2078
    { 12, 14, 187, 2, 25, 42, 252 }, // U+2079
    { 11, 11, 187, 2, 22, 31, 294 }, // U+207A
    { 11, 2, 187, 2, 18, 6, 325 }, // U+207B
    { 11, 8, 187, 2, 21, 22, 331 }, // U+207C
    { 9, 18, 117, 3, 26, 41, 353 }, // U+207D
    { 9, 18, 117, -1, 26, 41, 394 }, // U+207E
    { 12, 10, 204, 2, 18, 30, 435 }, // U+207F
    { 11, 14, 187, 0, 11, 39, 465 }, // U+2080
    { 10, 13, 187, -1, 10, 33, 504 }, // U+2081
    { 12, 14, 187, -1, 11, 42, 537 }, // U+2082
    { 12, 14, 187, -1, 11, 42, 579 }, // U+2083
    { 12, 13, 187, -1, 10, 39, 621 }, // U+2084
    { 12, 13, 187, -1, 10, 39, 660 }, // U+2085
    { 11, 14, 187, 0, 11, 39, 699 }, // U+2086
    { 11, 13, 187, 1, 10, 36, 738 }, // U+2087
    { 12, 14, 187, -1, 11, 42, 774 }, // U+2088
    { 11, 14, 187, 0, 11, 39, 816 }, // U+2089
    { 11, 11, 187, 0, 8, 31, 855 }, // U+208A
    { 11, 2, 187, 0, 4, 6, 886 }, // U+208B
    { 11, 8, 187, 0, 7, 22, 892 }, // U+208C
    { 9, 18, 117, 1, 12, 41, 914 }, // U+208D
    { 10, 18, 117, -4, 12, 45, 955 }, // U+208E
    { 12, 10, 202, -1, 7, 30, 1000 }, // U+2090
    { 10, 10, 162, -1, 7, 25, 1030 }, // U+2091
    { 11, 10, 188, -1, 7, 28, 1055 }, // U+2092
    { 12, 10, 183, -2, 7, 30, 1083 }, // U+2093
    { 10, 10, 170, -1, 7, 25, 1113 }, // U+2094
    { 13, 14, 199, -2, 11, 46, 1138 }, // U+2095
    { 13, 14, 181, -2, 11, 46, 1184 }, // U+2096
    { 6, 14, 107, -1, 11, 21, 1230 }, // U+2097
    { 18, 10, 294, -1, 7, 45, 1251 }, // U+2098
    { 12, 10, 204, -1, 7, 30, 1296 }, // U+2099
    { 13, 14, 189, -3, 7, 46, 1326 }, // U+209A
    { 10, 10, 156, -2, 7, 25, 1372 }, // U+209B
    { 8, 12, 126, -1, 9, 24, 1397 }, // U+209C
    { 21, 22, 359, 1, 22, 116, 0 }, // U+20A0
    { 19, 25, 312, 1, 23, 119, 116 }, // U+20A1
    { 20, 23, 312, 1, 22, 115, 235 }, // U+20A2
    { 20, 21, 261, -1, 21, 105, 350 }, // U+20A3
    { 18, 23, 261, -1, 22, 104, 455 }, // U+20A4
    { 27, 24, 452, 1, 20, 162, 559 }, // U+20A5
    { 27, 21, 368, -1, 21, 142, 721 }, // U+20A6
    { 29, 22, 429, -2, 21, 160, 863 }, // U+20A7
    { 35, 22, 542, -1, 21, 193, 1023 }, // U+20A8
    { 34, 21, 498, 1, 21, 179, 1216 }, // U+20A9
    { 23, 18, 416, 2, 18, 104, 1395 }, // U+20AA
    { 20, 28, 310, 1, 23, 140, 1499 }, // U+20AB
    { 18, 23, 261, 0, 22, 104, 1639 }, // U+20AC
    { 25, 21, 346, -1, 21, 132, 1743 }, // U+20AD
    { 21, 21, 305, 1, 21, 111, 1875 }, // U+20AE
    { 32, 30, 517, -1, 24, 240, 1986 }, // U+20AF
    { 18, 29, 297, -2, 22, 131, 2226 }, // U+20B0
    { 23, 21, 316, -1, 21, 121, 2357 }, // U+20B1
    { 22, 25, 372, 1, 23, 138, 2478 }, // U+20B2
    { 25, 21, 351, -2, 21, 132, 2616 }, // U+20B3
    { 21, 23, 287, -1, 22, 121, 2748 }, // U+20B4
    { 20, 25, 312, 1, 23, 125, 2869 }, // U+20B5
    { 19, 22, 279, 0, 21, 105, 2994 }, // U+20B6
    { 18, 25, 261, 0, 22, 113, 3099 }, // U+20B7
    { 18, 21, 261, 1, 21, 95, 3212 }, // U+20B8
    { 17, 21, 261, 1, 21, 90, 3307 }, // U+20B9
    { 17, 21, 261, -1, 21, 90, 3397 }, // U+20BA
    { 18, 23, 305, 2, 22, 104, 3487 }, // U+20BB
    { 21, 20, 367, 0, 20, 105, 3591 }, // U+20BC
    { 20, 21, 275, -1, 21, 105, 3696 }, // U+20BD
    { 18, 24, 261, 0, 24, 108, 3801 }, // U+20BE
    { 19, 27, 261, -2, 24, 129, 3909 }, // U+20BF
    { 9, 4, 145, 0, 10, 9, 0 }, // U+2212
    { 31, 30, 340, -5, 23, 233, 0 }, // U+FB00
    { 25, 30, 320, -5, 23, 188, 233 }, // U+FB01
    { 26, 30, 331, -5, 23, 195, 421 }, // U+FB02
    { 34, 30, 472, -5, 23, 255, 616 }, // U+FB03
    { 35, 30, 484, -5, 23, 263, 871 }, // U+FB04
    { 28, 30, 353, -5, 23, 210, 1134 }, // U+FB05
    { 28, 24, 435, 0, 23, 168, 1344 }, // U+FB06
    { 27, 28, 467, 1, 23, 189, 0 }, // U+FFFD
};

static const EpdUnicodeInterval notoserif_14_bolditalicIntervals[] = {
    { 0x0, 0x0, 0x0 },
    { 0xD, 0xD, 0x1 },
    { 0x20, 0x7E, 0x2 },
    { 0xA0, 0x17F, 0x61 },
    { 0x1A0, 0x1A1, 0x141 },
    { 0x1AF, 0x1B0, 0x143 },
    { 0x1C4, 0x21F, 0x145 },
    { 0x300, 0x36F, 0x1A1 },
    { 0x400, 0x4FF, 0x211 },
    { 0x1EA0, 0x1EF9, 0x311 },
    { 0x2000, 0x2064, 0x36B },
    { 0x2066, 0x2071, 0x3D0 },
    { 0x2074, 0x208E, 0x3DC },
    { 0x2090, 0x209C, 0x3F7 },
    { 0x20A0, 0x20BF, 0x404 },
    { 0x2212, 0x2212, 0x424 },
    { 0xFB00, 0xFB06, 0x425 },
    { 0xFFFD, 0xFFFD, 0x42C },
};

static const EpdFontGroup notoserif_14_bolditalicGroups[] = {
    { 0, 3732, 8156, 83, 0 },
    { 3732, 646, 1138, 14, 83 },
    { 4378, 2759, 8126, 73, 97 },
    { 7137, 884, 2494, 23, 170 },
    { 8021, 2118, 8179, 60, 193 },
    { 10139, 2291, 8037, 59, 253 },
    { 12430, 445, 1308, 9, 312 },
    { 12875, 2767, 8170, 49, 321 },
    { 15642, 2734, 7007, 47, 370 },
    { 18376, 1416, 2263, 112, 417 },
    { 19792, 2996, 8131, 59, 529 },
    { 22788, 3865, 8185, 67, 588 },
    { 26653, 3560, 8158, 61, 655 },
    { 30213, 2805, 8060, 56, 716 },
    { 33018, 803, 1895, 13, 772 },
    { 33821, 1469, 8119, 55, 785 },
    { 35290, 1197, 5924, 35, 840 },
    { 36487, 2299, 5278, 111, 875 },
    { 38786, 994, 1573, 42, 986 },
    { 39780, 2300, 4322, 32, 1028 },
    { 42080, 14, 12, 1, 1060 },
    { 42094, 617, 1578, 7, 1061 },
    { 42711, 127, 196, 1, 1068 },
};

static const uint16_t notoserif_14_bolditalicKernLeftCodepoints[] = {
    0x0022, 0x0026, 0x0027, 0x0028, 0x002A, 0x002C, 0x002D, 0x002E, 0x0041, 0x0042, 0x0043, 0x0044,
    0x0045, 0x0046, 0x0047, 0x004A, 0x004B, 0x004C, 0x004E, 0x004F, 0x0050, 0x0051, 0x0052, 0x0053,
    0x0054, 0x0055, 0x0056, 0x0057, 0x0058, 0x0059, 0x005B, 0x005F, 0x0061, 0x0062, 0x0063, 0x0065,
    0x0066, 0x0068, 0x006B, 0x006D, 0x006E, 0x006F, 0x0070, 0x0071, 0x0072, 0x0073, 0x0076, 0x0077,
    0x0079, 0x007A, 0x007B, 0x00A1, 0x00AB, 0x00BF, 0x00C0, 0x00C1, 0x00C2, 0x00C3, 0x00C4, 0x00C5,
    0x00C6, 0x00C7, 0x00C8, 0x00C9, 0x00CA, 0x00CB, 0x00D0, 0x00D1, 0x00D2, 0x00D3, 0x00D4, 0x00D5,
    0x00D6, 0x00D8, 0x00D9, 0x00DA, 0x00DB, 0x00DC, 0x00DD, 0x00DE, 0x00DF, 0x00E0, 0x00E1, 0x00E2,
    0x00E3, 0x00E4, 0x00E5, 0x00E6, 0x00E7, 0x00E8, 0x00E9, 0x00EA, 0x00EB, 0x00F0, 0x00F1, 0x00F2,
    0x00F3, 0x00F4, 0x00F5, 0x00F6, 0x00F8, 0x00F9, 0x00FA, 0x00FB, 0x00FC, 0x00FD, 0x00FE, 0x00FF,
    0x0100, 0x0101, 0x0102, 0x0103, 0x0104, 0x0105, 0x0106, 0x0107, 0x0108, 0x0109, 0x010A, 0x010B,
    0x010C, 0x010D, 0x010E, 0x010F, 0x0110, 0x0112, 0x0113, 0x0114, 0x0115, 0x0116, 0x0117, 0x0118,
    0x0119, 0x011A, 0x011B, 0x011C, 0x011E, 0x0120, 0x0122, 0x0125, 0x0127, 0x0132, 0x0134, 0x0136,
    0x0137, 0x0138, 0x0139, 0x013B, 0x013D, 0x013E, 0x0141, 0x0143, 0x0144, 0x0145, 0x0146, 0x0147,
    0x0148, 0x0149, 0x014A, 0x014B, 0x014C, 0x014D, 0x014E, 0x014F, 0x0150, 0x0151, 0x0152, 0x0153,
    0x0154, 0x0155, 0x0156, 0x0157, 0x0158, 0x0159, 0x015A, 0x015B, 0x015C, 0x015D, 0x015E, 0x015F,
    0x0160, 0x0161, 0x0162, 0x0164, 0x0166, 0x0168, 0x0169, 0x016A, 0x016B, 0x016C, 0x016D, 0x016E,
    0x016F, 0x0170, 0x0171, 0x0172, 0x0173, 0x0174, 0x0175, 0x0176, 0x0177, 0x0178, 0x017A, 0x017C,
    0x017E, 0x01A0, 0x01A1, 0x01AF, 0x01B0, 0x01FA, 0x01FB, 0x01FC, 0x01FD, 0x01FE, 0x01FF, 0x0218,
    0x0219, 0x021A, 0x0400, 0x0401, 0x0402, 0x0403, 0x0404, 0x0405, 0x0406, 0x0407, 0x0408, 0x0409,
    0x040A, 0x040B, 0x040C, 0x040D, 0x040E, 0x040F, 0x0410, 0x0411, 0x0412, 0x0413, 0x0414, 0x0415,
    0x0416, 0x0417, 0x0418, 0x0419, 0x041A, 0x041B, 0x041C, 0x041D, 0x041E, 0x041F, 0x0420, 0x0421,
    0x0422, 0x0423, 0x0424, 0x0425, 0x0426, 0x0427, 0x0428, 0x0429, 0x042A, 0x042B, 0x042C, 0x042D,
    0x042E, 0x042F, 0x0430, 0x0431, 0x0432, 0x0433, 0x0434, 0x0435, 0x0436, 0x0437, 0x0438, 0x0439,
    0x043A, 0x043B, 0x043C, 0x043D, 0x043E, 0x043F, 0x0440, 0x0441, 0x0442, 0x0443, 0x0444, 0x0445,
    0x0446, 0x0447, 0x0448, 0x0449, 0x044A, 0x044B, 0x044C, 0x044D, 0x044E, 0x044F, 0x0450, 0x0451,
    0x0452, 0x0453, 0x0454, 0x0455, 0x0456, 0x0457, 0x0458, 0x0459, 0x045A, 0x045B, 0x045C, 0x045D,
    0x045E, 0x045F, 0x0460, 0x0461, 0x0462, 0x0464, 0x0465, 0x0466, 0x0468, 0x046A, 0x046C, 0x046E,
    0x046F, 0x0470, 0x0471, 0x0472, 0x0473, 0x0474, 0x0475, 0x0476, 0x0477, 0x0478, 0x0479, 0x047A,
    0x047B, 0x047C, 0x047D, 0x047E, 0x047F, 0x0480, 0x0481, 0x048A, 0x048B, 0x048C, 0x048E, 0x048F,
    0x0490, 0x0491, 0x0492, 0x0493, 0x0494, 0x0496, 0x0497, 0x0498, 0x0499, 0x049A, 0x049B, 0x049C,
    0x049D, 0x049E, 0x049F, 0x04A0, 0x04A1, 0x04A2, 0x04A3, 0x04A4, 0x04A6, 0x04AA, 0x04AB, 0x04AC,
    0x04AD, 0x04AE, 0x04AF, 0x04B0, 0x04B1, 0x04B2, 0x04B3, 0x04B4, 0x04B5, 0x04B6, 0x04B7, 0x04B8,
    0x04B9, 0x04BA, 0x04BB, 0x04BC, 0x04BD, 0x04BE, 0x04BF, 0x04C1, 0x04C2, 0x04C3, 0x04C5, 0x04C6,
    0x04C7, 0x04C9, 0x04CA, 0x04CC, 0x04CD, 0x04CE, 0x04D0, 0x04D1, 0x04D2, 0x04D3, 0x04D4, 0x04D5,
    0x04D6, 0x04D7, 0x04D8, 0x04D9, 0x04DA, 0x04DB, 0x04DC, 0x04DD, 0x04DE, 0x04DF, 0x04E0, 0x04E1,
    0x04E2, 0x04E3, 0x04E4, 0x04E5, 0x04E6, 0x04E7, 0x04E8, 0x04E9, 0x04EA, 0x04EB, 0x04EC, 0x04ED,
    0x04EE, 0x04EF, 0x04F0, 0x04F1, 0x04F2, 0x04F3, 0x04F4, 0x04F5, 0x04F6, 0x04F7, 0x04F8, 0x04F9,
    0x04FA, 0x04FB, 0x04FC, 0x04FD, 0x04FE, 0x04FF, 0x1EA0, 0x1EA1, 0x1EA2, 0x1EA3, 0x1EA4, 0x1EA5,
    0x1EA6, 0x1EA7, 0x1EA8, 0x1EA9, 0x1EAA, 0x1EAB, 0x1EAC, 0x1EAD, 0x1EAE, 0x1EAF, 0x1EB0, 0x1EB1,
    0x1EB2, 0x1EB3, 0x1EB4, 0x1EB5, 0x1EB6, 0x1EB7, 0x1EB8, 0x1EB9, 0x1EBA, 0x1EBB, 0x1EBC, 0x1EBD,
    0x1EBE, 0x1EBF, 0x1EC0, 0x1EC1, 0x1EC2, 0x1EC3, 0x1EC4, 0x1EC5, 0x1EC6, 0x1EC7, 0x1ECC, 0x1ECD,
    0x1ECE, 0x1ECF, 0x1ED0, 0x1ED1, 0x1ED2, 0x1ED3, 0x1ED4, 0x1ED5, 0x1ED6, 0x1ED7, 0x1ED8, 0x1ED9,
    0x1EDA, 0x1EDB, 0x1EDC, 0x1EDD, 0x1EDE, 0x1EDF, 0x1EE0, 0x1EE1, 0x1EE2, 0x1EE3, 0x1EE4, 0x1EE5,
    0x1EE6, 0x1EE7, 0x1EE8, 0x1EE9, 0x1EEA, 0x1EEB, 0x1EEC, 0x1EED, 0x1EEE, 0x1EEF, 0x1EF0, 0x1EF1,
    0x1EF2, 0x1EF3, 0x1EF4, 0x1EF5, 0x1EF6, 0x1EF7, 0x1EF8, 0x1EF9, 0x2013, 0x2014, 0x2015, 0x2018,
    0x2019, 0x201A, 0x201C, 0x201D, 0x201E, 0x2039, 0x207D, 0x208D, 0x2090, 0x2092, 0xFB00,
};

static const uint8_t notoserif_14_bolditalicKernLeftClassIds[] = {
      1,   2,   1,   3,   4,   5,   6,   5,   7,   8,   9,  10,  11,  12,  13,  14,
     15,  16,  17,  10,  18,  10,  19,  20,  21,  22,  23,  24,  25,  26,   3,  27,
     28,  29,  30,  30,  31,  28,  32,  28,  28,  29,  29,  33,  34,  35,  36,  37,
     38,  39,   3,  40,  41,  42,  43,  43,  43,  43,  43,  43,  11,   9,  11,  11,
     11,  11,  10,  17,  10,  10,  10,  10,  10,  10,  22,  22,  22,  22,  26,  10,
     35,  28,  28,  28,  28,  28,  28,  30,  30,  30,  30,  30,  30,  29,  28,  29,
     29,  29,  29,  29,  29,  28,  28,  28,  28,  38,  29,  38,   7,  28,  43,  28,
     43,  28,   9,  30,   9,  30,   9,  30,   9,  30,  10,  44,  10,  11,  30,  11,
     30,  11,  30,  11,  30,  11,  30,  13,  13,  13,  13,  28,  28,  14,  14,  15,
     32,  32,  16,  16,  45,  44,  16,  17,  28,  17,  28,  17,  28,  28,  14,  28,
     10,  29,  10,  29,  10,  29,  11,  30,  19,  34,  19,  34,  19,  34,  20,  35,
     20,  35,  20,  35,  20,  35,  21,  21,  21,  22,  28,  22,  28,  22,  28,  22,
     28,  22,  28,  22,  28,  24,  37,  26,  38,  26,  39,  39,  39,  46,  47,  48,
     49,   7,  28,  11,  30,  10,  29,  20,  35,  21,  50,  50,  51,  52,  53,  54,
     55,  55,  56,  57,  57,  58,  59,  55,  60,  55,  61,  62,  63,  52,  64,  50,
     59,  63,  55,  55,  59,  55,  55,  55,  65,  55,  66,  53,  52,  60,  67,  68,
     64,  55,  55,  64,  57,  55,  57,  65,  65,  55,  69,  70,  71,  72,  73,  74,
     75,  71,  69,  69,  76,  69,  69,  69,  77,  78,  77,  79,  78,  80,  77,  76,
     81,  69,  69,  81,  82,  69,  82,  77,  77,  69,  74,  74,  83,  72,  79,  84,
     69,  85,  86,  82,  82,  78,  76,  69,  80,  69,  65,  87,  57,  53,  72,  61,
     61,  88,  88,  63,  72,  89,  90,  65,  71,  60,  90,  60,  90,  91,  80,  65,
     71,  65,  71,  65,  87,  53,  72,  64,  81,  57,  66,  71,  92,  93,  92,  93,
     58,  59,  79,  63,  72,  59,  79,  59,  79,  59,  79,  59,  79,  64,  81,  92,
     58,  53,  72,  92,  81,  89,  90,  89,  90,  68,  76,  64,  81,  64,  81,  55,
     69,  58,  82,  94,  74,  94,  74,  59,  79,  58,  64,  81,  56,  64,  81,  81,
     64,  81,  61,  81,  61,  81,  50,  74,  50,  74,  65,  71,  65,  71,  59,  79,
     63,  71,  63,  95,  55,  81,  55,  81,  65,  71,  65,  71,  65,  71,  65,  77,
     60,  80,  60,  80,  60,  80,  55,  69,  92,  93,  55,  69,  92,  93,  68,  76,
     68,  96,  43,  28,  43,  28,  43,  28,  43,  28,  43,  28,  43,  28,  43,  28,
     43,  28,  43,  28,  43,  28,  43,  28,  43,  28,  11,  30,  11,  30,  11,  30,
     11,  30,  11,  30,  11,  30,  11,  30,  11,  30,  10,  29,  10,  29,  10,  29,
     10,  29,  10,  29,  10,  29,  10,  97,  46,  47,  46,  47,  46,  47,  46,  47,
     46,  47,  22,  28,  22,  28,  48,  49,  48,  49,  48,  49,  48,  49,  48,  49,
     26,  38,  26,  38,  26,  38,  26,  38,   6,   6,   6,  98,  99,   5,  98,  99,
      5,  41, 100, 101, 102, 103,  31,
};

static const uint16_t notoserif_14_bolditalicKernRightCodepoints[] = {
    0x0022, 0x0026, 0x0027, 0x0029, 0x002A, 0x002C, 0x002D, 0x002E, 0x003A, 0x003B, 0x003F, 0x0041,
    0x0042, 0x0043, 0x0044, 0x0045, 0x0046, 0x0047, 0x0048, 0x0049, 0x004A, 0x004B, 0x004C, 0x004D,
    0x004E, 0x004F, 0x0050, 0x0051, 0x0052, 0x0053, 0x0054, 0x0055, 0x0056, 0x0057, 0x0058, 0x0059,
    0x005A, 0x005C, 0x005D, 0x005F, 0x0061, 0x0062, 0x0063, 0x0064, 0x0065, 0x0067, 0x0068, 0x0069,
    0x006B, 0x006C, 0x006D, 0x006E, 0x006F, 0x0070, 0x0071, 0x0072, 0x0073, 0x0074, 0x0075, 0x0076,
    0x0077, 0x0078, 0x0079, 0x007A, 0x007D, 0x00A9, 0x00AE, 0x00BB, 0x00C0, 0x00C1, 0x00C2, 0x00C3,
    0x00C4, 0x00C5, 0x00C6, 0x00C7, 0x00C8, 0x00C9, 0x00CA, 0x00CB, 0x00CC, 0x00CD, 0x00CE, 0x00CF,
    0x00D0, 0x00D1, 0x00D2, 0x00D3, 0x00D4, 0x00D5, 0x00D6, 0x00D8, 0x00D9, 0x00DA, 0x00DB, 0x00DC,
    0x00DD, 0x00DE, 0x00E0, 0x00E1, 0x00E2, 0x00E3, 0x00E4, 0x00E5, 0x00E6, 0x00E7, 0x00E8, 0x00E9,
    0x00EA, 0x00EB, 0x00EC, 0x00ED, 0x00EE, 0x00EF, 0x00F0, 0x00F1, 0x00F2, 0x00F3, 0x00F4, 0x00F5,
    0x00F6, 0x00F8, 0x00F9, 0x00FA, 0x00FB, 0x00FC, 0x00FD, 0x00FE, 0x00FF, 0x0100, 0x0101, 0x0102,
    0x0103, 0x0104, 0x0105, 0x0106, 0x0107, 0x0108, 0x0109, 0x010A, 0x010B, 0x010C, 0x010D, 0x010E,
    0x010F, 0x0110, 0x0111, 0x0112, 0x0113, 0x0114, 0x0115, 0x0116, 0x0117, 0x0118, 0x0119, 0x011A,
    0x011B, 0x011C, 0x011D, 0x011E, 0x011F, 0x0120, 0x0121, 0x0122, 0x0123, 0x0124, 0x0125, 0x0126,
    0x0127, 0x0128, 0x0129, 0x012A, 0x012B, 0x012C, 0x012D, 0x012E, 0x012F, 0x0130, 0x0132, 0x0133,
    0x0134, 0x0136, 0x0137, 0x0138, 0x0139, 0x013A, 0x013B, 0x013C, 0x013D, 0x013E, 0x013F, 0x0140,
    0x0141, 0x0142, 0x0143, 0x0144, 0x0145, 0x0146, 0x0147, 0x0148, 0x0149, 0x014A, 0x014B, 0x014C,
    0x014D, 0x014E, 0x014F, 0x0150, 0x0151, 0x0152, 0x0153, 0x0154, 0x0155, 0x0156, 0x0157, 0x0158,
    0x0159, 0x015A, 0x015B, 0x015C, 0x015D, 0x015E, 0x015F, 0x0160, 0x0161, 0x0163, 0x0165, 0x0167,
    0x0168, 0x0169, 0x016A, 0x016B, 0x016C, 0x016D, 0x016E, 0x016F, 0x0170, 0x0171, 0x0172, 0x0173,
    0x0174, 0x0175, 0x0176, 0x0177, 0x0178, 0x0179, 0x017A, 0x017B, 0x017C, 0x017D, 0x017E, 0x01A0,
    0x01A1, 0x01AF, 0x01B0, 0x01FA, 0x01FB, 0x01FC, 0x01FD, 0x01FE, 0x01FF, 0x0218, 0x0219, 0x021B,
    0x021E, 0x0400, 0x0401, 0x0402, 0x0403, 0x0404, 0x0405, 0x0406, 0x0407, 0x0408, 0x0409, 0x040A,
    0x040B, 0x040C, 0x040D, 0x040E, 0x040F, 0x0410, 0x0411, 0x0412, 0x0413, 0x0414, 0x0415, 0x0416,
    0x0417, 0x0418, 0x0419, 0x041A, 0x041B, 0x041C, 0x041D, 0x041E, 0x041F, 0x0420, 0x0421, 0x0422,
    0x0423, 0x0424, 0x0425, 0x0426, 0x0427, 0x0428, 0x0429, 0x042A, 0x042B, 0x042C, 0x042D, 0x042E,
    0x042F, 0x0430, 0x0431, 0x0432, 0x0433, 0x0434, 0x0435, 0x0436, 0x0437, 0x0438, 0x0439, 0x043A,
    0x043B, 0x043C, 0x043D, 0x043E, 0x043F, 0x0440, 0x0441, 0x0442, 0x0443, 0x0444, 0x0445, 0x0446,
    0x0447, 0x0448, 0x0449, 0x044A, 0x044B, 0x044C, 0x044D, 0x044E, 0x044F, 0x0450, 0x0451, 0x0452,
    0x0453, 0x0454, 0x0455, 0x0456, 0x0457, 0x0458, 0x0459, 0x045A, 0x045B, 0x045C, 0x045D, 0x045E,
    0x045F, 0x0460, 0x0461, 0x0466, 0x046A, 0x046E, 0x0470, 0x0471, 0x0472, 0x0473, 0x0474, 0x0475,
    0x0476, 0x0477, 0x0478, 0x0479, 0x047A, 0x047B, 0x047C, 0x047D, 0x047E, 0x047F, 0x0480, 0x0481,
    0x048B, 0x048F, 0x0496, 0x0497, 0x0498, 0x0499, 0x049F, 0x04A0, 0x04A1, 0x04A8, 0x04A9, 0x04AA,
    0x04AB, 0x04AC, 0x04AE, 0x04AF, 0x04B0, 0x04B1, 0x04B2, 0x04B3, 0x04B4, 0x04B5, 0x04B6, 0x04B7,
    0x04B8, 0x04B9, 0x04C1, 0x04C2, 0x04C5, 0x04C6, 0x04CB, 0x04CC, 0x04CE, 0x04D0, 0x04D1, 0x04D2,
    0x04D3, 0x04D4, 0x04D5, 0x04D7, 0x04D9, 0x04DB, 0x04DC, 0x04DD, 0x04DE, 0x04DF, 0x04E0, 0x04E2,
    0x04E3, 0x04E4, 0x04E5, 0x04E6, 0x04E7, 0x04E8, 0x04E9, 0x04EA, 0x04EB, 0x04EC, 0x04ED, 0x04EE,
    0x04EF, 0x04F0, 0x04F1, 0x04F2, 0x04F3, 0x04F4, 0x04F5, 0x04F8, 0x04F9, 0x04FC, 0x04FD, 0x04FE,
    0x1EA0, 0x1EA1, 0x1EA2, 0x1EA3, 0x1EA4, 0x1EA5, 0x1EA6, 0x1EA7, 0x1EA8, 0x1EA9, 0x1EAA, 0x1EAB,
    0x1EAC, 0x1EAD, 0x1EAE, 0x1EAF, 0x1EB0, 0x1EB1, 0x1EB2, 0x1EB3, 0x1EB4, 0x1EB5, 0x1EB6, 0x1EB7,
    0x1EB8, 0x1EB9, 0x1EBA, 0x1EBB, 0x1EBC, 0x1EBD, 0x1EBE, 0x1EBF, 0x1EC0, 0x1EC1, 0x1EC2, 0x1EC3,
    0x1EC4, 0x1EC5, 0x1EC6, 0x1EC7, 0x1EC9, 0x1ECB, 0x1ECC, 0x1ECD, 0x1ECE, 0x1ECF, 0x1ED0, 0x1ED1,
    0x1ED2, 0x1ED3, 0x1ED4, 0x1ED5, 0x1ED6, 0x1ED7, 0x1ED8, 0x1ED9, 0x1EDA, 0x1EDB, 0x1EDC, 0x1EDD,
    0x1EDE, 0x1EDF, 0x1EE0, 0x1EE1, 0x1EE2, 0x1EE3, 0x1EE4, 0x1EE5, 0x1EE6, 0x1EE7, 0x1EE8, 0x1EE9,
    0x1EEA, 0x1EEB, 0x1EEC, 0x1EED, 0x1EEE, 0x1EEF, 0x1EF0, 0x1EF1, 0x1EF2, 0x1EF3, 0x1EF4, 0x1EF5,
    0x1EF6, 0x1EF7, 0x1EF8, 0x1EF9, 0x2013, 0x2014, 0x2015, 0x2018, 0x2019, 0x201A, 0x201C, 0x201D,
    0x201E, 0x2026, 0x203A, 0x207E, 0x208E,
};

static const uint8_t notoserif_14_bolditalicKernRightClassIds[] = {
      1,   2,   1,   3,   4,   5,   6,   7,   8,   8,   9,  10,  11,  12,  11,  11,
     11,  12,  11,  11,  11,  11,  11,  11,  11,  12,  11,  12,  11,  13,  14,  15,
     16,  17,  18,  19,  20,  21,   3,  22,  23,  24,  25,  25,  25,  26,  24,  27,
     24,  28,  29,  29,  25,  29,  25,  29,  30,  31,  32,  33,  34,  35,  36,  37,
      3,  38,  38,  39,  10,  10,  10,  10,  10,  10,  40,  12,  11,  11,  11,  11,
     11,  11,  11,  11,  11,  11,  12,  12,  12,  12,  12,  12,  15,  15,  15,  15,
     19,  11,  23,  23,  23,  23,  23,  23,  23,  25,  25,  25,  25,  25,  27,  27,
     27,  27,  25,  29,  25,  25,  25,  25,  25,  25,  32,  32,  32,  32,  36,  24,
     36,  10,  23,  10,  23,  10,  23,  12,  25,  12,  25,  12,  25,  12,  25,  11,
     25,  11,  25,  11,  25,  11,  25,  11,  25,  11,  25,  11,  25,  12,  25,  12,
     25,  12,  25,  12,  25,  11,  24,  11,  24,  11,  27,  11,  27,  11,  27,  11,
     27,  11,  11,  27,  11,  11,  24,  29,  11,  28,  11,  28,  11,  28,  11,  28,
     11,  28,  11,  29,  11,  29,  11,  29,  41,  11,  29,  12,  25,  12,  25,  12,
     25,  12,  25,  11,  29,  11,  29,  11,  29,  13,  30,  13,  30,  13,  30,  13,
     30,  31,  31,  31,  15,  32,  15,  32,  15,  32,  15,  32,  15,  32,  15,  32,
     17,  34,  19,  36,  19,  20,  37,  20,  37,  20,  37,  12,  25,  15,  32,  10,
     23,  40,  23,  12,  25,  13,  30,  31,  11,  42,  42,  43,  42,  44,  45,  42,
     42,  46,  47,  42,  43,  42,  42,  48,  42,  49,  42,  42,  42,  50,  42,  51,
     52,  42,  42,  42,  47,  42,  42,  44,  42,  42,  44,  43,  48,  53,  54,  42,
     55,  42,  42,  43,  42,  42,  52,  42,  56,  57,  58,  57,  59,  60,  57,  61,
     62,  63,  63,  64,  65,  65,  64,  57,  64,  66,  57,  64,  67,  57,  68,  63,
     69,  63,  63,  70,  63,  63,  61,  64,  71,  57,  57,  72,  59,  57,  73,  74,
     75,  76,  65,  64,  72,  64,  63,  67,  63,  77,  78,  49,  79,  52,  80,  63,
     77,  81,  80,  82,  80,  82,  77,  81,  77,  81,  77,  81,  77,  78,  77,  81,
     63,  66,  51,  61,  52,  61,  72,  83,  70,  77,  81,  77,  81,  83,  80,  82,
     80,  82,  54,  68,  83,  70,  55,  69,  55,  69,  51,  61,  50,  65,  55,  69,
     84,  49,  81,  49,  81,  85,  81,  81,  81,  81,  51,  61,  52,  61,  52,  42,
     63,  42,  63,  77,  81,  77,  81,  77,  81,  52,  61,  48,  67,  48,  67,  48,
     67,  55,  69,  42,  63,  54,  68,  54,  10,  23,  10,  23,  10,  23,  10,  23,
     10,  23,  10,  23,  10,  23,  10,  23,  10,  23,  10,  23,  10,  23,  10,  23,
     11,  25,  11,  25,  11,  25,  11,  25,  11,  25,  11,  25,  11,  25,  11,  25,
     86,  86,  12,  25,  12,  25,  12,  25,  12,  25,  12,  25,  12,  25,  12,  25,
     12,  25,  12,  25,  12,  25,  12,  25,  12,  25,  15,  32,  15,  32,  15,  32,
     15,  32,  15,  32,  15,  32,  15,  32,  19,  36,  19,  36,  19,  36,  19,  36,
      6,   6,   6,  87,   4,  88,  87,   4,  88,  88,  39,  89,  90,
};

static const uint16_t notoserif_14_bolditalicKernRowOffsets[] = {
        0,     8,    13,    23,    35,    56,    63,    81,    92,    93,   104,   107,   116,   121,   125,   132,
      141,   145,   151,   161,   170,   181,   187,   198,   210,   217,   231,   245,   252,   257,   260,   265,
      267,   269,   280,   284,   290,   296,   300,   305,   309,   314,   319,   337,   352,   355,   371,   382,
      401,   405,   412,   433,   459,   463,   472,   474,   482,   503,   534,   556,   587,   614,   636,   657,
      673,   693,   713,   739,   757,   773,   792,   807,   818,   830,   835,   845,   858,   877,   896,   905,
      925,   951,   966,   972,   979,   996,   999,  1000,  1003,  1005,  1006,  1009,  1018,  1026,  1030,  1032,
     1033,  1034,  1051,  1075,  1076,  1077,  1079,  1080,
};

static const uint8_t notoserif_14_bolditalicKernSparseCols[] = {
      9,  25,  26,  39,  48,  49,  64,  84,  13,  14,  15,  16,  18,  43,  45,  46,
     47,  49,  52,  64,  68,  74,  75,   1,   4,   6,   9,  39,  47,  48,  49,  64,
     80,  84,  87,  11,  13,  14,  15,  16,  18,  32,  33,  35,  42,  43,  46,  47,
     49,  52,  54,  66,  68,  69,  76,  82,  42,  47,  48,  49,  53,  54,  67,   0,
      1,   3,  11,  13,  14,  15,  16,  18,  24,  25,  31,  32,  33,  35,  37,  40,
     86,   3,   9,  13,  15,  16,  17,  18,  19,  33,  35,  39,   1,   0,   4,   6,
      9,  13,  15,  16,  17,  18,  39,  87,  15,  16,  18,   1,   4,   6,   9,  22,
     24,  25,  39,  87,  13,  15,  16,  18,  39,   4,   6,   9,  87,   1,  11,  24,
     25,  31,  33,  35,   0,   3,  13,  14,  15,  16,  18,  32,  86,   1,   4,   6,
     87,   1,   4,   6,   9,  39,  87,   1,   3,  11,  13,  14,  15,  16,  18,  33,
     35,   9,  13,  15,  16,  17,  18,  33,  35,  39,   1,   4,   6,   9,  11,  22,
     24,  25,  39,  40,  87,   1,   4,   6,   9,  39,  87,   1,   4,   6,   9,  11,
     22,  24,  25,  29,  39,  87,   1,   4,   6,   9,  11,  22,  24,  25,  29,  34,
     39,  87,  11,  12,  24,  25,  33,  35,  37,   1,   4,   6,   9,  11,  12,  22,
     24,  25,  29,  34,  36,  39,  87,  42,  43,  45,  47,  49,  52,  54,  56,  57,
     59,  66,  68,  69,  75,   0,  13,  15,  16,  18,  35,  86,  13,  15,  16,  18,
     35,  15,  16,  18,   0,   2,   3,  20,  86,  24,  25,  16,  18,   3,   4,   6,
     15,  16,  17,  18,  22,  24,  25,  87,   0,  15,  16,  18,   4,   6,  15,  16,
     18,  87,   4,   6,  15,  16,  18,  87,   4,   6,  16,  87,   3,  15,  16,  18,
     86,  13,  14,  15,  18,  42,  47,  48,  52,  54,  13,  14,  15,  16,  18,   0,
      1,   3,  11,  13,  14,  15,  16,  18,  24,  25,  31,  32,  33,  35,  37,  40,
     86,   0,   2,   3,   8,  10,  13,  14,  15,  16,  17,  18,  19,  23,  27,  86,
      3,  13,  15,   4,   6,   9,  13,  15,  16,  18,  22,  24,  25,  29,  30,  33,
     34,  35,  87,   3,   4,   6,  26,  28,  30,  31,  33,  35,  85,  87,   4,   6,
      9,  11,  14,  15,  18,  22,  23,  24,  25,  28,  29,  30,  31,  33,  35,  36,
     87,   3,  26,  28,  85,  42,  47,  52,  64,  69,  70,  83,   0,   2,   3,   7,
     21,  42,  45,  47,  48,  49,  50,  52,  53,  54,  55,  64,  66,  67,  68,  82,
     86,   3,   4,   5,   6,   7,  21,  38,  43,  44,  46,  48,  49,  52,  55,  56,
     58,  59,  62,  64,  66,  68,  70,  72,  73,  74,  87,  47,  52,  64,  67,  42,
     47,  48,  49,  52,  53,  54,  78,  82,  52,  64,  46,  48,  49,  52,  62,  64,
     73,  74,   0,   2,   3,   7,  21,  42,  45,  47,  48,  49,  50,  52,  53,  54,
     55,  64,  66,  67,  68,  82,  86,   0,   2,   3,   5,   7,  38,  42,  43,  44,
     45,  47,  51,  52,  54,  56,  58,  59,  61,  62,  64,  66,  68,  73,  74,  75,
     76,  77,  79,  81,  82,  86,   5,  38,  43,  44,  46,  49,  51,  52,  54,  56,
     57,  59,  62,  66,  68,  69,  73,  74,  76,  80,  83,  86,   2,   3,   4,   5,
      6,   7,  20,  21,  38,  43,  44,  46,  48,  49,  52,  55,  56,  58,  59,  60,
     61,  62,  63,  64,  67,  70,  72,  73,  74,  80,  87,   0,   3,   5,  38,  42,
     43,  44,  47,  49,  51,  52,  54,  56,  57,  59,  62,  64,  66,  68,  69,  72,
     73,  74,  76,  82,  83,  86,   3,   7,  21,  42,  44,  45,  47,  48,  49,  50,
     52,  53,  54,  55,  64,  65,  66,  67,  68,  69,  70,  86,   3,   7,  21,  42,
     44,  47,  48,  49,  50,  52,  53,  54,  64,  67,  69,  70,  78,  82,  83,  84,
     86,   2,  21,  43,  45,  52,  56,  58,  59,  61,  62,  64,  69,  70,  73,  74,
     75,   2,   4,   6,   7,  21,  42,  45,  46,  47,  48,  49,  50,  53,  54,  55,
     64,  67,  78,  82,  87,   2,   4,   6,   7,  21,  38,  46,  47,  48,  49,  50,
     51,  53,  54,  55,  64,  66,  67,  70,  87,   2,   3,   4,   6,   7,  21,  38,
     41,  42,  44,  45,  46,  47,  48,  49,  50,  51,  53,  54,  55,  64,  67,  70,
     78,  86,  87,   5,  38,  43,  44,  52,  54,  56,  58,  59,  62,  64,  66,  68,
     69,  73,  74,  76,  83,  41,  42,  46,  47,  48,  49,  50,  53,  54,  55,  60,
     64,  67,  68,  69,  70,   4,   6,  21,  42,  47,  48,  50,  53,  54,  60,  61,
     64,  66,  67,  68,  69,  70,  75,  87,   3,   4,   6,  42,  47,  54,  62,  64,
     66,  67,  68,  73,  74,  82,  87,   3,   4,   6,  42,  47,  54,  64,  67,  70,
     82,  87,   4,   6,  21,  47,  48,  50,  53,  54,  64,  67,  70,  87,  42,  47,
     54,  64,  67,  42,  47,  54,  55,  56,  59,  64,  66,  67,  80,   5,  42,  43,
     46,  47,  49,  51,  52,  54,  56,  57,  58,  59,   4,   6,  21,  42,  47,  48,
     50,  53,  54,  60,  61,  64,  66,  67,  68,  69,  70,  75,  87,   3,  41,  42,
     46,  47,  48,  49,  50,  53,  54,  55,  60,  61,  64,  66,  67,  68,  70,  86,
     42,  47,  54,  55,  56,  59,  64,  67,  80,   2,   4,   6,  21,  42,  46,  47,
     48,  49,  50,  51,  53,  54,  58,  60,  61,  64,  67,  70,  87,   2,   3,  21,
     38,  41,  42,  45,  46,  47,  48,  49,  50,  52,  53,  54,  55,  60,  61,  64,
     67,  68,  69,  70,  72,  75,  86,   0,   3,  42,  46,  47,  52,  54,  62,  66,
     68,  69,  70,  73,  74,  86,  42,  47,  54,  64,  68,  86,   4,   6,  42,  47,
     54,  67,  87,  41,  42,  46,  47,  48,  49,  50,  53,  54,  55,  60,  64,  67,
     68,  69,  70,  71,  54,  64,  70,  64,  54,  69,  83,  49,  64,  64,   4,   6,
     87,   4,   6,  43,  48,  49,  64,  76,  80,  87,   3,   4,   6,  48,  49,  64,
     80,  87,  47,  49,  64,  78,   3,  86,  80,  35,   9,  26,  35,  39,  46,  48,
     49,  62,  64,  66,  68,  71,  73,  74,  75,  80,  84,   9,  22,  24,  25,  29,
     39,  46,  47,  48,  49,  56,  59,  62,  63,  64,  65,  66,  68,  69,  71,  73,
     74,  75,  84,  88,  89,   0,  35,  35,
};

static const int8_t notoserif_14_bolditalicKernSparseValues[] = {
     -37,  -19,    9,  -56,  -37,  -37,  -28,  -56,  -19,   -5,  -23,  -19,  -21,   -9,   14,   -9,
       9,    5,   -9,   -9,   -5,   14,   19,   -9,  -56,  -56,  -23,  -37,   -9,  -23,  -33,  -23,
     -23,  -37,  -56,   -9,  -33,   -5,  -42,  -37,  -33,  -23,   -9,   -9,  -28,   -9,    5,   -9,
       9,  -14,  -61,   -9,  -33,  -33,   -9,  -33,  -19,   -9,   -5,   -5,   -5,  -19,   -9,  -37,
      -9,  -33,   -9,  -28,   -9,  -37,  -33,  -33,   -9,   -9,   -9,  -28,  -14,  -23,  -23,  -23,
     -42,   -9,   -9,   -9,  -19,  -14,   -9,  -19,   -9,   -5,   -9,  -14,   -9,  -14,   -9,  -19,
      -9,   -9,   -9,   -9,   -9,  -14,  -23,   -9,   -9,   -9,   -9,  -19,  -37,  -37,  -33,  -19,
     -19,  -19,  -51,  -37,   -9,   -9,   -9,   -9,   -9,   -9,   -9,   -9,   -9,   -9,   -9,   -9,
      -9,   -9,  -14,  -14,  -28,  -37,  -33,   -9,  -37,  -23,  -28,  -14,  -42,   -9,   -9,   -9,
      -9,   -9,  -56,  -56,  -23,  -37,  -56,   -9,   -9,   -9,   -9,   -5,  -14,  -14,  -14,   -9,
      -9,   -9,   -9,   -9,   -9,   -9,   -9,   -5,   -9,   -9,   -9,  -42,  -42,  -28,   -9,  -14,
     -14,  -14,  -37,   23,  -42,   -9,   -9,   -9,   -9,   -9,   -9,  -14,  -51,  -51,  -37,   -9,
     -28,  -28,  -28,  -19,  -61,  -51,  -14,  -42,  -42,  -28,   -9,  -23,  -28,  -28,  -14,   -9,
     -61,  -42,   -9,   -5,   -5,   -5,  -14,  -23,  -19,  -14,  -37,  -37,  -33,  -14,   -9,  -28,
     -33,  -33,  -28,   -5,   -5,  -42,  -37,  -19,   -9,   28,  -14,   23,  -19,  -51,   -9,   -9,
      -9,   19,  -37,   -9,   28,  -19,   -9,  -23,  -19,  -23,   -9,  -19,  -14,  -28,  -28,  -33,
      -9,  -23,  -23,  -33,   37,   42,   37,   47,   28,   -9,   -9,  -19,   -9,   14,  -98,  -98,
     -14,  -19,  -23,  -14,   -9,   -9,   -9,  -98,   -9,  -14,  -14,  -23,  -23,  -33,  -14,   -9,
     -14,  -33,  -33,  -33,   -9,   -9,  -14,  -33,  -42,  -42,   -9,  -42,   -9,  -19,  -14,  -14,
      -9,   -9,   -5,  -23,  -28,  -23,  -19,   -9,   -5,  -19,  -14,   -5,  -23,  -23,  -23,  -37,
      -9,  -33,   -9,  -28,   -9,  -37,  -33,  -33,   -9,   -9,   -9,  -23,  -14,  -23,  -23,  -23,
     -42,   14,   33,   19,   14,   23,   33,   33,   42,   33,   33,   47,   37,   42,   42,   14,
     -14,  -14,  -23,  -14,  -14,  -19,    9,    9,    9,    9,   -9,   -9,   -9,   -9,   -9,   -9,
      -9,   -9,  -14,    9,   -5,   -5,    5,    9,   14,    9,   14,   14,    5,   -5,  -14,  -14,
     -28,   -9,    5,   14,   14,  -23,    5,  -28,  -28,  -14,  -28,   -9,  -14,   -9,   -9,  -14,
     -14,    9,    5,    9,    5,   -9,   -9,   -7,   -9,   -9,   -9,   -9,  -79,   -9,  -37,   -5,
      -5,  -37,   -7,  -84,   -5,   -5,   -5,   -9,   -9,  -28,   -5,   -7,   -5,   -5,  -14,  -33,
     -70,   14,  -28,  -19,  -28,  -14,  -19,  -23,   -9,   -5,  -14,  -28,  -19,  -12,   -7,  -14,
      -5,  -14,    9,  -28,   19,    5,  -14,   -7,    9,    9,  -28,   -5,   -5,   -5,   -5,   -5,
      -5,   -5,   -5,  -12,   -5,  -14,   -9,   -9,   -5,   -9,   -9,   -9,   -7,   -9,   14,   -9,
      14,   14,  -47,   -9,  -23,   -5,   -5,  -37,   -7,  -42,   -5,   -5,   -5,   -9,   -9,  -28,
      -5,   -7,   -5,   -5,  -14,  -19,  -42,  -56,  -19,  -33,   -9,   -9,  -23,  -42,  -28,  -19,
     -14,  -65,  -19,  -37,  -61,   -9,   -5,   -9,   -5,   -9,   -9,  -19,  -23,   -9,   -9,   -9,
      -5,   -9,  -23,  -14,  -33,  -47,   -9,  -14,  -14,   -5,    5,    9,   -5,  -23,   -9,   -9,
      -5,   -9,   -5,   -5,  -14,  -14,   -5,    2,   -5,   -9,  -14,   -9,    5,   19,  -51,   -9,
     -51,   -9,    9,  -37,  -19,  -23,   -5,  -28,  -65,  -37,  -28,  -19,  -23,  -14,  -37,  -19,
      -5,   -5,   -9,  -56,   -5,   -9,  -19,   -5,   14,  -19,  -51,  -37,  -33,   -5,   -9,  -28,
     -14,   -5,  -37,    7,   -5,  -23,  -56,  -14,   -9,  -14,   -9,   -5,  -28,  -33,  -19,   -5,
      -9,   -9,   -9,  -28,  -19,  -42,   -5,   -9,   -5,  -12,   -5,  -14,  -14,   -5,   -9,   -5,
      -9,   -5,  -19,   -5,   -9,   -5,   -7,  -12,   -9,   -5,   -9,   -9,   -5,   -9,   -5,  -16,
      -5,  -23,   -5,   -7,   -7,   -5,   -5,  -23,   -9,   -5,   -9,   -5,   -9,   -9,   -9,  -14,
      -9,    5,   14,   -5,    9,   -9,   -7,   -5,   -7,   -5,   -5,   -5,   -5,   -5,   -5,    5,
       9,   -9,   -9,   -9,   -9,   -9,   -9,   -7,   -7,  -35,   -9,  -16,   -9,   -9,   -5,   -5,
     -19,   -5,   -9,   -9,   -9,   -9,  -56,  -56,   -9,  -19,   -5,  -23,   -9,  -23,  -33,  -19,
      -7,  -19,  -12,   -5,  -23,   14,   -5,   -5,  -56,   -9,   -5,  -14,  -14,  -14,  -19,   -5,
      -5,  -19,   -9,   -9,  -14,  -42,  -14,  -23,  -19,   -9,  -19,  -14,  -14,  -19,   -9,   -2,
      -9,  -14,  -14,   -9,   -9,   -9,   -5,  -19,   -9,   -7,   -5,   -7,   -2,   -5,   -5,   -7,
     -19,   -2,    9,   -9,  -14,   12,   -9,   23,  -19,   21,   23,   28,   19,  -23,   23,    5,
      14,    7,   -5,   -7,    2,   -9,   -9,   -9,  -19,  -47,   -9,   -5,   -7,  -16,   -5,   -5,
      -9,   -7,  -16,   -7,   -2,   -5,   -5,   -9,   -5,   -5,   -5,  -14,  -28,  -23,   -7,   -7,
      -5,   -7,   -7,   -7,   -7,   -9,   -5,    9,   -9,   -9,   -5,  -19,   -9,  -14,   -5,   -5,
      -9,   -9,   -9,   -9,   -9,  -23,   -9,   -5,   -5,   -7,  -14,   -7,   -7,   -9,   -5,  -19,
      -9,   -5,   -5,   -5,  -19,   -7,    2,   -5,   -5,   -5,    9,   -2,   -9,  -14,   -7,   -5,
       5,  -23,    9,   -5,   -5,  -23,   -9,   -2,   -5,   -9,   -9,   -9,   -9,  -19,  -33,   -9,
      -5,   -7,  -16,   -5,   -5,   -9,   -7,  -16,   -7,   -2,   -5,   -5,   -9,   14,   19,  -19,
      23,  -14,   23,   26,   28,   21,  -28,   23,   12,    2,   16,   -5,    7,   -9,    7,  -14,
      -5,  -19,   -7,    2,   -5,   -5,   -5,   -2,   -9,   -5,   -9,   -9,   -9,   -5,   -7,  -14,
      -9,   -9,   -5,   -9,   -5,  -14,   -5,   -9,   -5,  -33,  -16,   -5,   -9,   19,   -9,   37,
       7,   19,   -9,   28,   26,   -7,   28,   28,   33,   -5,   28,  -23,   30,   12,    5,   19,
      12,   -5,   -7,    9,    9,   14,   -9,  -33,  -28,  -33,    5,  -33,   -5,  -51,   -5,  -16,
     -21,  -23,   -5,   -5,   -5,  -28,   -9,  -47,  -26,  -14,   -5,   -9,   -9,   -9,   -9,  -28,
     -23,   -7,   -9,   12,  -12,   23,  -14,   21,   23,   28,   19,  -24,   23,    5,   14,    7,
      -5,   -7,    2,    5,   -9,  -23,   -9,  -19,   -9,  -14,  -14,  -28,  -33,  -33,  -42,  -42,
     -42,  -33,  -33,   -9,  -28,  -28,  -28,   -9,   -9,  -33,   14,  -33,  -33,  -28,  -19,  -28,
     -19,  -33,   -9,  -23,  -19,   -9,   -9,   -9,   -9,   -9,  -33,    5,    9,  -65,  -14,  -33,
     -28,    9,  -14,   33,   19,   14,   19,   19,   14,  -19,  -65,  -42,   -5,   -5,   -5,  -23,
     -65,  -19,    9,  -33,  -28,   -5,   -5,   19,   19,   -9,   19,   23,   28,   23,   23,   19,
      19,    9,  -65,   33,   37,  -14,   -7,   -7,
};

static const EpdLigaturePair notoserif_14_bolditalicLigaturePairs[] = {
    { 0x00660066, 0xFB00 }, // f f -> U+FB00
    { 0x00660069, 0xFB01 }, // f i -> U+FB01
    { 0x0066006C, 0xFB02 }, // f l -> U+FB02
    { 0xFB000069, 0xFB03 }, // U+FB00 i -> U+FB03
    { 0xFB00006C, 0xFB04 }, // U+FB00 l -> U+FB04
};

static const EpdFontData notoserif_14_bolditalic = {
    notoserif_14_bolditalicBitmaps,
    notoserif_14_bolditalicGlyphs,
    notoserif_14_bolditalicIntervals,
    18,
    40,
    32,
    -9,
    true,
    notoserif_14_bolditalicGroups,
    23,
    nullptr,
    nullptr,  // kernLeftClasses: built-in fonts use the split arrays below
    nullptr,  // kernRightClasses
    notoserif_14_bolditalicKernLeftCodepoints,
    notoserif_14_bolditalicKernLeftClassIds,
    notoserif_14_bolditalicKernRightCodepoints,
    notoserif_14_bolditalicKernRightClassIds,
    nullptr,  // kernMatrix: built-in fonts use the sparse form below
    notoserif_14_bolditalicKernRowOffsets,
    notoserif_14_bolditalicKernSparseCols,
    notoserif_14_bolditalicKernSparseValues,
    551,
    557,
    103,
    90,
    notoserif_14_bolditalicLigaturePairs,
    5,
};
