/**
 * generated by fontconvert.py
 * name: notoserif_16_bolditalic
 * size: 16
 * mode: 2-bit  compressed: true
 * Command used: fontconvert.py notoserif_16_bolditalic 16 ../builtinFonts/source/NotoSerif/NotoSerif-BoldItalic.ttf --2bit --compress --pnum
 */
#pragma once
#include "EpdFontData.h"

static const uint8_t notoserif_16_bolditalicBitmaps[50511] = {
    0xAD, 0x5A, 0x3D, 0x8C, 0xE5, 0xD6, 0x79, 0xBD, 0x8F, 0x8C, 0x96, 0x80, 0x58, 0x50, 0x85, 0xB6,
    0xB1, 0x00, 0x53, 0x65, 0x20, 0x44, 0xCB, 0x36, 0x85, 0x76, 0x48, 0x5B, 0x85, 0x0A, 0x15, 0x99,
    0x62, 0xC7, 0x29, 0x5C, 0xA8, 0x49, 0x25, 0x15, 0xD3, 0xA8, 0x48, 0x31, 0x12, 0x69, 0xB9, 0x50,
    0xE1, 0x42, 0xDB, 0xB8, 0x4A, 0x61, 0x17, 0x0A, 0x20, 0xAC, 0x80, 0x48, 0x85, 0x03, 0x6C, 0xB1,
    0x5A, 0x32, 0x76, 0xE9, 0x86, 0x8A, 0x0B, 0x01, 0x31, 0x10, 0x31, 0x96, 0x6C, 0x41, 0x16, 0x90,
    0xA5, 0x10, 0xAE, 0xCC, 0xB1, 0x48, 0xDE, 0x9C, 0x73, 0x3E, 0xBE, 0x9F, 0xD9, 0x9D, 0x95, 0x0D,
    0x27, 0xEF, 0xCD, 0xBB, 0xF7, 0x0D, 0xDF, 0xE5, 0xBD, 0xDF, 0xFD, 0x7E, 0xCE, 0xF7, 0x73, 0xE9,
    0xF2, 0xD1, 0xE5, 0x83, 0x2B, 0x7B, 0x57, 0x76, 0xAE, 0x6E, 0x5D, 0xDD, 0x38, 0x5F, 0x39, 0x5F,
    0x38, 0xEF, 0xDC, 0xE2, 0x36, 0x13, 0xFF, 0x82, 0xD1, 0x05, 0xBD, 0x0B, 0xF1, 0xD7, 0xBA, 0x4D,
    0xE1, 0xEC, 0x95, 0xB6, 0x2E, 0xEF, 0x75, 0x5F, 0xEF, 0xF2, 0x96, 0x57, 0xF2, 0xAE, 0x6E, 0xCA,
    0xCE, 0x37, 0x65, 0xE3, 0x8B, 0xB2, 0xF2, 0xAE, 0xFE, 0xCE, 0xE2, 0x6A, 0xDC, 0xFE, 0xC1, 0x66,
    0x74, 0x53, 0x30, 0xB8, 0x11, 0x93, 0x1C, 0x3B, 0xDE, 0xFF, 0x6C, 0x80, 0x1B, 0xAE, 0x87, 0x8D,
    0x73, 0x67, 0x31, 0x9A, 0xDB, 0x49, 0xE5, 0xDC, 0x90, 0xE0, 0x97, 0x3E, 0x75, 0x9B, 0xEF, 0xDD,
    0x2F, 0x6F, 0x84, 0xDE, 0xFB, 0x51, 0x8D, 0x8B, 0x9A, 0x3B, 0xCE, 0xC5, 0xD5, 0xE8, 0x5C, 0x52,
    0xF4, 0x58, 0x76, 0x83, 0x26, 0x0B, 0x3A, 0xDE, 0x0F, 0x0A, 0x30, 0xA4, 0x61, 0x53, 0x5D, 0x3D,
    0x7F, 0xE9, 0xC7, 0x9C, 0xC4, 0xB9, 0x4D, 0x9F, 0x39, 0x17, 0x74, 0x47, 0x0E, 0xE4, 0x5E, 0x77,
    0xB8, 0xFF, 0x0C, 0xF7, 0x37, 0xB7, 0x45, 0xF4, 0x31, 0x1B, 0xDC, 0xEB, 0x36, 0xA4, 0xF8, 0xF4,
    0x1C, 0xBF, 0x78, 0xDF, 0xB9, 0xFC, 0x93, 0x7B, 0x60, 0xC1, 0x9B, 0x6F, 0x8D, 0xCE, 0xC7, 0x2F,
    0x0E, 0xCE, 0xBF, 0x18, 0xF5, 0xCE, 0xBF, 0x85, 0xAD, 0xFA, 0xFF, 0xC6, 0xB0, 0x7A, 0xE1, 0xE6,
    0xC0, 0x15, 0x97, 0xF8, 0x01, 0x53, 0xFB, 0x19, 0xFF, 0x97, 0x5E, 0x4D, 0x75, 0xA5, 0xF8, 0x57,
    0x5F, 0x65, 0x55, 0x5F, 0x57, 0x79, 0xC3, 0xE6, 0xDF, 0xBA, 0xBA, 0xC8, 0xBF, 0x6C, 0xBD, 0x4B,
    0xFD, 0x47, 0x93, 0x8B, 0x38, 0xBB, 0x7B, 0xE5, 0x73, 0x8C, 0x8D, 0x70, 0xBF, 0x8B, 0xB9, 0xFB,
    0x98, 0x44, 0x3C, 0xEE, 0xF6, 0xAF, 0x0C, 0x9B, 0xBB, 0xED, 0x36, 0x8B, 0x07, 0xED, 0x2E, 0x1C,
    0xF2, 0x02, 0x3B, 0x4B, 0xBA, 0xAC, 0x01, 0x5B, 0xD2, 0x26, 0x6B, 0x52, 0xAC, 0x8E, 0x0E, 0x7B,
    0xC9, 0xB1, 0x08, 0xC6, 0x96, 0x45, 0xFE, 0x06, 0xB8, 0x50, 0xBB, 0xFC, 0x85, 0x96, 0x5D, 0x9D,
    0x54, 0x27, 0xE8, 0xE6, 0x2C, 0x06, 0xF3, 0x37, 0xD3, 0x59, 0xF6, 0xEB, 0x3E, 0x7F, 0xB3, 0x1F,
    0xEB, 0x70, 0x48, 0xFD, 0x1B, 0x5F, 0xCE, 0xE1, 0xB8, 0x79, 0x27, 0xFA, 0xF9, 0x14, 0x90, 0x85,
    0xCF, 0x8F, 0x21, 0xBA, 0xA3, 0x68, 0x60, 0x77, 0x27, 0xEE, 0x43, 0x6C, 0x68, 0x88, 0x7B, 0xEC,
    0x37, 0xEC, 0x92, 0x3E, 0xE9, 0xC0, 0xA9, 0xB8, 0x4F, 0x1A, 0x97, 0x16, 0x51, 0x9F, 0x17, 0xEE,
    0xC8, 0x85, 0xE7, 0xD8, 0x2D, 0x24, 0xC0, 0x9D, 0xE3, 0xF5, 0xD8, 0x21, 0xD9, 0x64, 0x89, 0xDB,
    0x78, 0xDF, 0x73, 0x7B, 0x73, 0x34, 0xA1, 0x4B, 0xC6, 0x40, 0xDD, 0x70, 0xB1, 0xE3, 0x6A, 0x2E,
    0x99, 0x62, 0x8E, 0x8C, 0xE7, 0x12, 0x32, 0x77, 0xA1, 0xD8, 0x88, 0xAE, 0x8D, 0x7C, 0x83, 0xB9,
    0xDA, 0x78, 0xA9, 0x02, 0x5F, 0x93, 0x86, 0x64, 0xCA, 0x26, 0xD0, 0x90, 0xF7, 0xC9, 0x92, 0x15,
    0xAE, 0x6C, 0x43, 0x5F, 0x62, 0x9B, 0xCD, 0x86, 0x77, 0x60, 0x6C, 0x3D, 0xA9, 0x83, 0xE2, 0x52,
    0x61, 0x13, 0x5C, 0x84, 0x0A, 0x66, 0x90, 0x47, 0x3E, 0x82, 0x18, 0x5C, 0xF1, 0x7E, 0xF0, 0x0B,
    0x09, 0x2B, 0x4A, 0x88, 0xCE, 0x34, 0xB6, 0x6C, 0xEB, 0xB6, 0x6E, 0xEA, 0xA2, 0x76, 0x77, 0xDD,
    0xEC, 0x26, 0x37, 0x9A, 0x2E, 0x3C, 0x0D, 0xCA, 0x7B, 0xAA, 0x2E, 0x86, 0x17, 0xD8, 0x04, 0x14,
    0x0C, 0x1B, 0x85, 0x29, 0x70, 0x85, 0x00, 0x97, 0x42, 0xCC, 0x1B, 0x2F, 0x24, 0x1E, 0x3F, 0x4D,
    0x26, 0x2B, 0xD8, 0x0B, 0x75, 0x9F, 0xCB, 0xEA, 0x53, 0x77, 0xFB, 0x4F, 0xB9, 0x7E, 0x30, 0xA3,
    0xCB, 0xA8, 0xAF, 0xF8, 0xC4, 0xB8, 0x27, 0xE4, 0x6E, 0x31, 0x9F, 0x4B, 0xC9, 0x33, 0x7C, 0x02,
    0x32, 0x0D, 0x83, 0xC8, 0xB6, 0x0D, 0x95, 0xA9, 0x06, 0x37, 0xC9, 0x19, 0xDE, 0xC9, 0xD9, 0xB3,
    0xE1, 0xE2, 0x27, 0x1F, 0x2E, 0xAE, 0x5C, 0xE3, 0x43, 0xED, 0xC2, 0x8E, 0x37, 0x20, 0x36, 0xDC,
    0x12, 0x3B, 0x1B, 0xB1, 0x1C, 0x06, 0x63, 0xE6, 0xB6, 0xE2, 0xC9, 0x66, 0x7D, 0x1D, 0xAB, 0x3C,
    0x21, 0xD1, 0x91, 0x25, 0x93, 0x0B, 0xAB, 0xC9, 0x25, 0xED, 0xE0, 0x92, 0xFB, 0xFD, 0xDF, 0x6C,
    0x96, 0xDF, 0x4D, 0x60, 0xE2, 0x9C, 0xFB, 0xE5, 0x9D, 0xFC, 0xEB, 0xC5, 0x65, 0x2F, 0xFC, 0xA4,
    0xFB, 0xAB, 0xF8, 0xCD, 0xD1, 0x25, 0x50, 0xB5, 0xAC, 0xAA, 0xDC, 0x53, 0xD5, 0x5E, 0xF2, 0xB4,
    0xD7, 0x4B, 0x3E, 0x9E, 0x8C, 0xC7, 0xE7, 0xEA, 0x4B, 0x3F, 0x3E, 0xBE, 0x74, 0x8C, 0x5E, 0xC1,
    0x18, 0xCD, 0xB1, 0x07, 0xA9, 0x0B, 0x04, 0x31, 0x42, 0xCD, 0xAA, 0x57, 0x65, 0x5F, 0x5D, 0xEE,
    0xDB, 0xD2, 0xB7, 0x2F, 0xDF, 0xC2, 0xC0, 0xAC, 0xA9, 0x3B, 0x8F, 0xB7, 0x34, 0x65, 0x15, 0x21,
    0x91, 0xC2, 0x11, 0x24, 0x5C, 0xC6, 0x6B, 0x47, 0x6C, 0xEE, 0xB0, 0xA1, 0x6E, 0x05, 0xD4, 0xAC,
    0xB0, 0xDB, 0x0D, 0xE3, 0x62, 0xE9, 0x6E, 0xD8, 0xD9, 0x76, 0xD8, 0x66, 0x37, 0x2C, 0xDA, 0x0F,
    0xE3, 0x94, 0x39, 0x47, 0xBC, 0xE6, 0xC4, 0x16, 0x0C, 0xA3, 0xB2, 0x87, 0x1A, 0xDB, 0x3E, 0xBC,
    0xF2, 0x75, 0x77, 0xF1, 0xB5, 0xF1, 0x9F, 0x12, 0x1A, 0x16, 0x32, 0x59, 0xD8, 0x99, 0x37, 0x81,
    0x07, 0x26, 0x42, 0xE4, 0x59, 0x07, 0xDE, 0x67, 0x7D, 0x32, 0xA0, 0x81, 0x26, 0x64, 0x3D, 0xA4,
    0x92, 0x77, 0x90, 0x45, 0xDE, 0x95, 0x40, 0xAF, 0x56, 0x0D, 0xA4, 0x54, 0x36, 0x68, 0x6A, 0x36,
    0xBE, 0x80, 0x2C, 0x81, 0x9D, 0x4D, 0x00, 0xF0, 0x6C, 0xC2, 0x09, 0x3F, 0x45, 0x40, 0xE8, 0x26,
    0xE9, 0xA1, 0x4A, 0x79, 0x43, 0xBC, 0xE2, 0x8A, 0xDC, 0xCC, 0x63, 0x52, 0x6C, 0xEA, 0x4F, 0x36,
    0xE9, 0x52, 0xEA, 0x87, 0xC0, 0x9F, 0x0E, 0xC1, 0x8C, 0x55, 0x3A, 0xA9, 0x49, 0x27, 0x13, 0xA1,
    0x2E, 0x6F, 0x3F, 0x1B, 0x50, 0xB8, 0xD5, 0x6B, 0x7E, 0xA2, 0xC5, 0x49, 0xED, 0xB7, 0x6A, 0x93,
    0xD8, 0x74, 0x19, 0xA0, 0x37, 0xF7, 0x5A, 0xC6, 0x19, 0xD0, 0x11, 0xCB, 0x06, 0x97, 0x8E, 0x30,
    0x82, 0xBC, 0x87, 0x45, 0xE4, 0x2D, 0x6E, 0xCD, 0x1B, 0x34, 0x69, 0x83, 0x9B, 0x37, 0x45, 0x22,
    0x53, 0x27, 0xD3, 0x32, 0x32, 0xAD, 0x04, 0x75, 0x1B, 0x2A, 0x3D, 0xED, 0x0B, 0x63, 0xD0, 0xDC,
    0x95, 0xF4, 0x39, 0xAA, 0x35, 0x96, 0xF7, 0xF0, 0x0C, 0x41, 0x17, 0x03, 0x75, 0xDA, 0xEC, 0xF7,
    0xB7, 0xEA, 0x66, 0x0F, 0xE7, 0x25, 0x9A, 0xAD, 0xA7, 0x39, 0xDD, 0x2D, 0x3E, 0x70, 0xF1, 0x0E,
    0x8B, 0x97, 0x8D, 0x16, 0xC7, 0xB7, 0xA7, 0x0A, 0x52, 0x2E, 0xB2, 0x65, 0x1D, 0x32, 0x87, 0xEF,
    0x6B, 0x83, 0xC2, 0xEA, 0x45, 0x18, 0xC3, 0xD5, 0x69, 0x2B, 0x32, 0x1C, 0xD0, 0x0F, 0x85, 0x2A,
    0xFB, 0xB4, 0x02, 0x83, 0xC0, 0x52, 0xDF, 0xE6, 0x2D, 0x2C, 0x28, 0x1B, 0x63, 0x4F, 0xEC, 0x00,
    0x49, 0x9E, 0xC8, 0x66, 0xEC, 0x95, 0xE1, 0xE8, 0xDE, 0x00, 0x33, 0x3B, 0x62, 0x15, 0xF8, 0x8C,
    0xE6, 0x39, 0x36, 0xF7, 0xC9, 0xCD, 0xDF, 0xD0, 0xC4, 0x7E, 0x01, 0x5E, 0xA6, 0x64, 0xE8, 0x73,
    0x21, 0x96, 0x1C, 0xC0, 0xD2, 0xB0, 0x03, 0x65, 0x71, 0x03, 0xCA, 0x32, 0x92, 0xF7, 0xFA, 0xC9,
    0xE9, 0x7C, 0x5C, 0x63, 0x5B, 0x3D, 0x9B, 0xD5, 0xC6, 0xAD, 0x29, 0xB7, 0x4B, 0x94, 0x14, 0x6E,
    0xCD, 0x26, 0x26, 0x1D, 0x20, 0x66, 0xC2, 0x62, 0xF8, 0x96, 0x71, 0xFB, 0x50, 0xE5, 0xC1, 0x3D,
    0x07, 0xAE, 0x51, 0x9F, 0x8F, 0x9D, 0x3C, 0x1A, 0x77, 0xBC, 0xF9, 0xF2, 0x84, 0xD4, 0x61, 0x82,
    0x70, 0xC1, 0x0D, 0xAE, 0x88, 0x09, 0x27, 0x14, 0xB2, 0xA4, 0x6D, 0xA2, 0x57, 0x83, 0x7F, 0xAF,
    0x11, 0x11, 0x5E, 0xA7, 0xE8, 0x6B, 0xCA, 0xBD, 0x6C, 0x01, 0x2D, 0x39, 0x51, 0x33, 0x16, 0x1E,
    0x5F, 0xDD, 0xAB, 0x75, 0x8A, 0x09, 0x04, 0xEE, 0xF1, 0x00, 0xFD, 0xCD, 0xDB, 0x64, 0x04, 0x44,
    0xC5, 0x03, 0xB0, 0x2A, 0x6E, 0x85, 0x66, 0x06, 0xF8, 0x06, 0xF0, 0xDF, 0x2A, 0x5C, 0xF6, 0x07,
    0x10, 0x9A, 0xFB, 0x7F, 0x9A, 0x81, 0xC3, 0xD4, 0xFF, 0x0E, 0x0B, 0x21, 0x30, 0x80, 0x2C, 0x77,
    0x0D, 0xF9, 0x5C, 0xB0, 0xA1, 0x75, 0x40, 0x71, 0x7A, 0x4C, 0x91, 0x0C, 0x40, 0xDC, 0x90, 0x14,
    0x98, 0xA3, 0xDD, 0x88, 0x6C, 0xEF, 0xE7, 0x80, 0x0D, 0x63, 0x80, 0x89, 0xCD, 0x00, 0x4B, 0x4C,
    0x3B, 0x58, 0x2D, 0xA4, 0x5E, 0xB8, 0xBA, 0x58, 0x41, 0x33, 0xE4, 0xF2, 0xC4, 0x57, 0x01, 0x2D,
    0x7E, 0x5C, 0x81, 0xD4, 0xE9, 0xC7, 0x79, 0xFB, 0xA3, 0xD4, 0x52, 0x51, 0x8A, 0x10, 0x45, 0x3F,
    0x2E, 0xBB, 0x2D, 0x90, 0x89, 0x59, 0xB7, 0xB7, 0x67, 0xD2, 0x91, 0x90, 0xA2, 0x9C, 0x96, 0x5B,
    0x37, 0x98, 0xC2, 0x57, 0x18, 0xEA, 0x0B, 0x35, 0xFA, 0x17, 0x33, 0xD6, 0x2D, 0x14, 0x3D, 0x1F,
    0x40, 0x4B, 0x46, 0x43, 0x89, 0x29, 0xC1, 0xD4, 0xD3, 0x14, 0x4F, 0xC1, 0x23, 0x50, 0x5D, 0xC1,
    0x01, 0x40, 0x9F, 0x11, 0x54, 0xB5, 0x58, 0xB6, 0xA4, 0xA1, 0xE7, 0x0D, 0xBF, 0x35, 0xE2, 0x4B,
    0xD6, 0x83, 0x4D, 0xF1, 0xF2, 0x1E, 0xEE, 0xA8, 0xFD, 0x4D, 0xAC, 0x7B, 0xBC, 0x23, 0xA1, 0x3C,
    0xA7, 0xAA, 0x41, 0x78, 0xD9, 0x00, 0xC6, 0x95, 0x0D, 0x36, 0x87, 0x25, 0x61, 0xDD, 0xF4, 0xA5,
    0x68, 0x46, 0x50, 0x9F, 0x50, 0xC9, 0xD4, 0xA4, 0x03, 0xAD, 0xA1, 0xA7, 0x4C, 0x31, 0xE5, 0x17,
    0xA0, 0xA3, 0xF6, 0xB8, 0xED, 0xA9, 0x4F, 0xB5, 0xD9, 0xBA, 0x59, 0x3D, 0xCF, 0x66, 0xE5, 0xC9,
    0x35, 0x47, 0x44, 0x21, 0x4F, 0xF2, 0xAA, 0xA4, 0xEB, 0x5D, 0x48, 0x3C, 0x30, 0xCC, 0x3D, 0xB9,
    0x5D, 0x9E, 0x1E, 0x25, 0xD0, 0x1F, 0xEF, 0x7C, 0xD2, 0x5D, 0xFA, 0x42, 0x04, 0x08, 0x73, 0xAA,
    0x0F, 0x22, 0x40, 0x67, 0xE6, 0x0E, 0x2B, 0xCD, 0xF4, 0x07, 0xEE, 0xED, 0xE2, 0xC5, 0x8B, 0x2F,
    0xC0, 0x00, 0x68, 0x8E, 0xBC, 0x30, 0x08, 0x7F, 0x1F, 0xC8, 0x1F, 0x91, 0x22, 0xF7, 0xB7, 0x87,
    0xE3, 0xE0, 0x1A, 0x18, 0xA2, 0x80, 0x91, 0xD4, 0x67, 0xE8, 0x2A, 0x35, 0x3A, 0x1D, 0x4D, 0xC8,
    0x72, 0xA7, 0xC3, 0xAA, 0xEA, 0x74, 0xB6, 0xC1, 0xB2, 0x5A, 0x53, 0x34, 0xD8, 0xBD, 0xCE, 0x9D,
    0x9C, 0x9C, 0x1C, 0x33, 0x8E, 0xF4, 0x7B, 0x30, 0xDB, 0xBD, 0x56, 0x7F, 0x35, 0xBE, 0x7C, 0xEB,
    0xD6, 0xDB, 0xDB, 0xC0, 0x50, 0x33, 0xB4, 0x86, 0x87, 0xC2, 0xCE, 0x78, 0x5A, 0xCD, 0x88, 0x2B,
    0xC5, 0x83, 0x2E, 0xF2, 0x47, 0x0C, 0x22, 0x76, 0x72, 0xB5, 0x65, 0x35, 0xC4, 0x62, 0xAF, 0x40,
    0x05, 0xF4, 0x07, 0x10, 0x9C, 0x8F, 0x75, 0x9B, 0x4E, 0x35, 0x40, 0x20, 0xAF, 0x92, 0xF9, 0xF1,
    0x62, 0x1B, 0x45, 0x10, 0xA9, 0x10, 0x2D, 0x04, 0x94, 0x30, 0xB0, 0x93, 0x98, 0xC5, 0x65, 0xC6,
    0xD5, 0x43, 0xED, 0x15, 0xC1, 0x31, 0x64, 0x52, 0xCC, 0xB1, 0xC6, 0x1E, 0xD2, 0x64, 0x7B, 0xBD,
    0xF2, 0xC7, 0xC2, 0xEC, 0x54, 0x3B, 0x03, 0x8D, 0x1B, 0x9A, 0x05, 0x49, 0x24, 0xBE, 0xD2, 0x14,
    0xE8, 0xC2, 0x16, 0x73, 0x6A, 0x08, 0xC4, 0xBE, 0x75, 0x13, 0x6C, 0x8E, 0x7A, 0xC6, 0x48, 0x47,
    0x88, 0x2F, 0xE3, 0x3E, 0x6B, 0x73, 0x0B, 0x30, 0x9B, 0x0C, 0x2E, 0xBE, 0xAC, 0x32, 0xF4, 0x79,
    0xE1, 0x19, 0x6D, 0xBA, 0x9C, 0x46, 0x5A, 0x65, 0xAE, 0x04, 0x4F, 0xF3, 0x22, 0x73, 0x35, 0x14,
    0x07, 0x71, 0xA7, 0xBB, 0x8B, 0xBE, 0x06, 0x14, 0xB1, 0xF7, 0x00, 0xA2, 0x32, 0x60, 0x3F, 0xBA,
    0x72, 0xE3, 0x03, 0x0F, 0x2F, 0x9C, 0xBB, 0xFA, 0x5E, 0x7A, 0xAF, 0xE5, 0x3D, 0x73, 0x44, 0x4C,
    0x6C, 0xA0, 0xD6, 0x37, 0x56, 0xC8, 0xDF, 0x7A, 0x03, 0x2A, 0xC0, 0xB4, 0xC6, 0x40, 0xA4, 0x39,
    0xA3, 0x20, 0xCF, 0xA9, 0x96, 0x66, 0xFB, 0x0A, 0x15, 0xAE, 0xDC, 0xBA, 0xB9, 0xF5, 0xAF, 0x85,
    0x45, 0x8A, 0xEA, 0x62, 0xFB, 0x35, 0xB1, 0xEE, 0x48, 0xD8, 0xE6, 0xCE, 0xAC, 0x1B, 0xD5, 0x05,
    0x3D, 0xE5, 0x06, 0xD7, 0x5D, 0x9B, 0xF3, 0x16, 0xBC, 0xA6, 0x85, 0xBA, 0xDC, 0x3C, 0xC0, 0x99,
    0x01, 0xEF, 0xA8, 0x8E, 0x40, 0x33, 0x70, 0x7E, 0x75, 0x08, 0x3C, 0xC9, 0x67, 0x44, 0x05, 0x62,
    0xBB, 0xC9, 0xEB, 0x03, 0xEB, 0xCC, 0x3F, 0x12, 0x73, 0x52, 0xF8, 0x20, 0x46, 0xAE, 0xBE, 0xAD,
    0x7D, 0x13, 0x13, 0x2B, 0x00, 0xD1, 0x9F, 0x3B, 0x25, 0x24, 0x2D, 0x66, 0xFC, 0x10, 0x32, 0x81,
    0x0D, 0x41, 0x6A, 0x90, 0x71, 0x3A, 0x93, 0x78, 0xB5, 0x9C, 0xC6, 0x5A, 0x30, 0x07, 0x11, 0x2C,
    0x3C, 0x18, 0xF4, 0x20, 0x59, 0xDE, 0xC5, 0xE6, 0xE4, 0x7B, 0x30, 0xF3, 0x7B, 0x64, 0xDB, 0xC4,
    0x98, 0x0E, 0x14, 0x30, 0x3B, 0x19, 0x68, 0x64, 0xF9, 0xD6, 0xD4, 0xD0, 0xE2, 0x16, 0x5C, 0xC7,
    0x42, 0xFA, 0x33, 0x43, 0x4D, 0x3D, 0xDD, 0x07, 0x66, 0x80, 0xFF, 0x58, 0xAA, 0x5D, 0xAC, 0xFE,
    0x14, 0x61, 0xDD, 0x78, 0x1A, 0xCF, 0xB4, 0x67, 0xCC, 0xC3, 0xBB, 0x10, 0x6E, 0xB4, 0xB4, 0x9B,
    0xB2, 0xA2, 0x94, 0xFE, 0x5A, 0x61, 0xB4, 0x6D, 0xD2, 0x29, 0xB2, 0x5E, 0xBD, 0xA9, 0xB1, 0x4B,
    0xB1, 0xE6, 0xEA, 0x41, 0x2F, 0x69, 0xED, 0x57, 0x1B, 0xC9, 0x7B, 0xDF, 0x77, 0xD9, 0xC2, 0x88,
    0x2C, 0xF6, 0x9F, 0xBF, 0xD7, 0x8A, 0xBD, 0x94, 0xB1, 0xD9, 0xDF, 0x55, 0xCB, 0x1C, 0xC8, 0x2B,
    0x31, 0x4B, 0x8E, 0xF5, 0xC3, 0x5A, 0x44, 0x82, 0x91, 0x05, 0xF9, 0x15, 0xAC, 0xE1, 0x2C, 0xE8,
    0x54, 0xD7, 0x09, 0x25, 0xB0, 0x4A, 0x64, 0x1D, 0xE3, 0x71, 0x74, 0x24, 0x99, 0x1D, 0xD3, 0x01,
    0x81, 0x0E, 0x47, 0xAA, 0x6B, 0xC9, 0x39, 0x32, 0x10, 0x7B, 0x58, 0xF7, 0xCC, 0x89, 0x4A, 0x92,
    0x24, 0xC3, 0x5B, 0x07, 0x97, 0x83, 0x13, 0xFF, 0x48, 0x64, 0x73, 0xCA, 0x11, 0x06, 0x13, 0x64,
    0x61, 0x61, 0x74, 0x02, 0xCF, 0x73, 0xB5, 0x18, 0x15, 0x4D, 0x9A, 0x74, 0x94, 0xDD, 0x8E, 0x9A,
    0x72, 0x50, 0x7B, 0x2C, 0x02, 0x9D, 0xE8, 0xB3, 0x74, 0x01, 0x8A, 0xB2, 0x9C, 0xDC, 0x70, 0xE6,
    0xC2, 0x21, 0x53, 0x02, 0x8C, 0x31, 0x37, 0x3B, 0x60, 0x6E, 0x7E, 0xC0, 0x38, 0x50, 0x15, 0x57,
    0x24, 0x3D, 0xD1, 0xC6, 0x33, 0x11, 0x5E, 0x8B, 0xA2, 0x85, 0x04, 0x51, 0x8E, 0x99, 0xBA, 0x5C,
    0xED, 0x9E, 0x1E, 0xE9, 0x18, 0xE1, 0x13, 0x94, 0x8C, 0x8F, 0xA6, 0x67, 0x36, 0xB3, 0xB9, 0xF5,
    0x8E, 0x20, 0x83, 0x54, 0xCD, 0x27, 0xC7, 0xDF, 0x48, 0x8F, 0x45, 0x53, 0xDB, 0x56, 0xF1, 0x8F,
    0x85, 0x28, 0x16, 0xA3, 0xEC, 0x5E, 0x57, 0xC4, 0xAD, 0x9A, 0xC2, 0x8C, 0x7C, 0x51, 0x8F, 0xC4,
    0x69, 0xA0, 0x3F, 0x93, 0xB3, 0x89, 0xA4, 0xC1, 0x49, 0x31, 0xA4, 0xA9, 0xFE, 0xA4, 0x8E, 0x5D,
    0x3D, 0xB9, 0x41, 0xBD, 0xF6, 0x33, 0xDA, 0x97, 0xFC, 0xA7, 0x12, 0x7C, 0xA1, 0x59, 0xC5, 0x9E,
    0x85, 0x23, 0x93, 0x85, 0x77, 0x61, 0x2A, 0xFA, 0x97, 0x09, 0x02, 0x2D, 0xB2, 0x49, 0x3A, 0x36,
    0x8A, 0x3F, 0xD5, 0x81, 0x8E, 0xBD, 0x41, 0x83, 0x06, 0xB7, 0x9E, 0x67, 0x1F, 0x60, 0x9E, 0x6C,
    0x91, 0x9A, 0x89, 0x04, 0x61, 0xEF, 0x68, 0xB0, 0x92, 0x0F, 0x16, 0x0C, 0x73, 0xFF, 0xDB, 0x9E,
    0x24, 0x93, 0x30, 0x29, 0x5B, 0x27, 0x79, 0x9E, 0x90, 0x03, 0x90, 0xA8, 0x57, 0x10, 0xB8, 0xDC,
    0x7A, 0x57, 0xBD, 0xB1, 0x9F, 0x73, 0xA9, 0xCF, 0x4D, 0x25, 0x4C, 0xE7, 0x6C, 0x73, 0x12, 0x83,
    0x6D, 0x40, 0x6A, 0x27, 0x3E, 0x78, 0x4B, 0x5D, 0xC9, 0xD5, 0x6C, 0x16, 0x5F, 0x55, 0x2C, 0x00,
    0x17, 0x13, 0x59, 0x85, 0xF6, 0x92, 0x7B, 0x59, 0x44, 0x67, 0x64, 0xDB, 0x02, 0xF2, 0x76, 0x9A,
    0x5A, 0x8D, 0x26, 0xD7, 0xCC, 0xC9, 0x2E, 0x10, 0x56, 0x23, 0x3E, 0x4B, 0xBA, 0xE2, 0xB2, 0x45,
    0x9A, 0xFD, 0x56, 0xB2, 0xB2, 0x5C, 0xEE, 0x47, 0x62, 0xDD, 0x07, 0x9E, 0x6B, 0x45, 0xC4, 0xE2,
    0x1F, 0x5C, 0x1B, 0x1F, 0xA1, 0x11, 0xCD, 0xAE, 0xDD, 0x18, 0xE8, 0x8A, 0xF3, 0x86, 0xD1, 0x87,
    0xCA, 0x77, 0x89, 0x0A, 0x4E, 0x7B, 0x2D, 0x58, 0x95, 0xEF, 0xCF, 0x51, 0x41, 0x5B, 0xAA, 0xDA,
    0x4F, 0xAF, 0xC9, 0x32, 0x6D, 0x4D, 0x43, 0xF2, 0xF3, 0xB5, 0x2A, 0xE1, 0x7F, 0x08, 0x8B, 0x01,
    0xE7, 0x5E, 0x40, 0x17, 0x18, 0x4E, 0x92, 0xC6, 0x45, 0x44, 0x06, 0x26, 0xF2, 0xB8, 0xD5, 0x3C,
    0x99, 0xB1, 0x72, 0x12, 0xA1, 0x4A, 0xF8, 0xE2, 0x25, 0x51, 0xB6, 0x37, 0x33, 0x08, 0x80, 0xD0,
    0xC5, 0xA7, 0xD4, 0x6A, 0x1C, 0xA9, 0x2F, 0x47, 0x11, 0x9D, 0x5B, 0xB6, 0x41, 0xB9, 0x31, 0x46,
    0x34, 0x31, 0xC7, 0x26, 0xE5, 0x88, 0x34, 0xFA, 0x4E, 0x39, 0x07, 0xB1, 0xA5, 0x13, 0x87, 0xA1,
    0x80, 0xE4, 0x71, 0xE9, 0xC5, 0x65, 0x0E, 0x35, 0x5D, 0x95, 0x80, 0x4D, 0xC2, 0x8F, 0x64, 0x64,
    0xF8, 0x67, 0x30, 0xF2, 0x52, 0x6C, 0x51, 0x96, 0xC3, 0x14, 0x16, 0x8C, 0x0C, 0x1B, 0x8A, 0x3C,
    0x6E, 0xA4, 0x77, 0x42, 0xD8, 0xB2, 0x20, 0xB6, 0x88, 0x20, 0x2F, 0x7A, 0x18, 0x67, 0x09, 0xEE,
    0xE8, 0xF7, 0x84, 0x78, 0x13, 0x95, 0x82, 0x59, 0x00, 0x81, 0x86, 0xCA, 0xFA, 0x35, 0x50, 0xE6,
    0x1E, 0xAE, 0x86, 0x5F, 0xCC, 0x2E, 0xFA, 0x98, 0x5F, 0x3E, 0x43, 0x0C, 0xFA, 0x13, 0xF2, 0xF4,
    0x23, 0xC4, 0xF3, 0x94, 0x46, 0xF4, 0x8B, 0xC5, 0x1D, 0x51, 0x8A, 0x4C, 0x89, 0xEE, 0xF0, 0x4B,
    0xF2, 0x43, 0xEF, 0x06, 0x4A, 0x34, 0x79, 0x1E, 0x11, 0x02, 0xDD, 0x70, 0x1A, 0x78, 0xF3, 0xCE,
    0xF8, 0xF2, 0x62, 0xC3, 0x6D, 0x67, 0x1B, 0xFF, 0x16, 0x33, 0x5F, 0x77, 0xB4, 0xF1, 0xFF, 0x22,
    0x46, 0x5C, 0x77, 0x5E, 0xE0, 0x01, 0x5F, 0xCD, 0x52, 0x60, 0xC1, 0x64, 0xDF, 0xF7, 0xE2, 0x05,
    0x7C, 0x5C, 0xB7, 0xFD, 0xC2, 0x44, 0x90, 0xD1, 0x64, 0x59, 0x51, 0x0C, 0xC8, 0x53, 0xCB, 0x90,
    0xD6, 0x5E, 0xFB, 0xEA, 0x7A, 0x28, 0xA9, 0xB1, 0x4A, 0x95, 0xD2, 0x8B, 0xAA, 0xCA, 0xD4, 0x89,
    0xD7, 0x81, 0x62, 0xBA, 0x5E, 0x79, 0x7E, 0xE0, 0x55, 0xDD, 0x04, 0x97, 0x27, 0xEB, 0x7F, 0xBD,
    0xA8, 0x42, 0x10, 0xFE, 0xCA, 0x2B, 0xFB, 0x8F, 0x7E, 0x8E, 0xD8, 0xBF, 0x61, 0x1C, 0x01, 0xFF,
    0xD4, 0xB0, 0x66, 0x50, 0x77, 0xAA, 0x67, 0x14, 0x90, 0x3C, 0xC3, 0x42, 0xE8, 0x60, 0xA2, 0xBA,
    0x4E, 0x32, 0xA5, 0x2A, 0x11, 0x24, 0x73, 0xA6, 0xC2, 0x43, 0xE4, 0x8F, 0x54, 0x2D, 0x08, 0xFD,
    0x6B, 0x0A, 0x39, 0xC8, 0x46, 0xAB, 0xA5, 0x4D, 0x56, 0x8E, 0x28, 0xD7, 0x9E, 0xFA, 0x4F, 0xBD,
    0x54, 0xE9, 0x89, 0x78, 0xC9, 0xD2, 0x0D, 0x93, 0xDE, 0x7D, 0xAC, 0x07, 0x3F, 0xFE, 0xA9, 0xF9,
    0x71, 0x86, 0xA6, 0x1B, 0xF3, 0x69, 0x74, 0xE5, 0x0C, 0x12, 0x88, 0x08, 0xC9, 0x44, 0x05, 0x49,
    0x66, 0xAA, 0x46, 0x32, 0x53, 0x1D, 0x92, 0x99, 0xF3, 0xA2, 0x1D, 0xA4, 0xCE, 0xE4, 0xFF, 0x4C,
    0x4F, 0x9D, 0x4E, 0x82, 0x17, 0xB5, 0xF9, 0x60, 0x99, 0xA8, 0x57, 0xF5, 0xAA, 0x56, 0xD9, 0xAB,
    0x54, 0xAC, 0x8D, 0xB9, 0x99, 0xDA, 0x23, 0x09, 0x55, 0x90, 0x52, 0x76, 0x7B, 0x3F, 0x2E, 0xF5,
    0xBA, 0xB1, 0xDA, 0xDA, 0xDB, 0xE6, 0xC6, 0x0B, 0xC5, 0x3C, 0x9D, 0x62, 0x1E, 0xF9, 0xDC, 0x8C,
    0xFE, 0xA8, 0x52, 0xB4, 0x53, 0x24, 0x8A, 0x7C, 0x12, 0xC5, 0x3C, 0xB8, 0x82, 0xE9, 0x88, 0xDD,
    0xF3, 0x8A, 0xE3, 0x35, 0x7D, 0x37, 0xF3, 0xEA, 0x94, 0x9E, 0x8E, 0x73, 0xDE, 0xFC, 0x06, 0x30,
    0xE8, 0x1E, 0xF6, 0x47, 0x95, 0xA0, 0xAB, 0xF8, 0x66, 0x5E, 0x95, 0x07, 0xBC, 0xC2, 0x72, 0xAA,
    0xE8, 0xA9, 0xDE, 0x71, 0x91, 0x57, 0xFD, 0x8E, 0x57, 0xD3, 0x01, 0xAF, 0xC6, 0xBF, 0x98, 0x57,
    0x9F, 0xCA, 0x7E, 0xAB, 0x83, 0xD6, 0x6C, 0xBC, 0xD9, 0x23, 0x5B, 0x39, 0x18, 0x2B, 0x77, 0xC6,
    0xBF, 0x8F, 0x24, 0x85, 0x1D, 0xA5, 0xBC, 0x7C, 0x4A, 0x8F, 0x5F, 0xC1, 0xF9, 0x91, 0x9F, 0x7E,
    0xD7, 0xD2, 0x1D, 0x82, 0xAB, 0x60, 0xE3, 0x8E, 0xAB, 0xF4, 0x91, 0xF3, 0xF7, 0xA4, 0xF5, 0x14,
    0x55, 0xBA, 0xD4, 0x34, 0xEC, 0xD1, 0x0A, 0x97, 0x4A, 0x3E, 0x7A, 0xAB, 0x99, 0x9A, 0x67, 0xA3,
    0xDA, 0xF8, 0xD6, 0xC2, 0xAD, 0x90, 0x91, 0x24, 0xD2, 0xF3, 0x8E, 0x5C, 0xAD, 0x67, 0x72, 0x55,
    0x79, 0x90, 0x95, 0x80, 0x6E, 0x32, 0x25, 0xA5, 0x73, 0x4F, 0x58, 0x80, 0xC1, 0xDA, 0xBE, 0x42,
    0x1A, 0x0A, 0x48, 0x45, 0x52, 0x5C, 0x21, 0xCA, 0xB7, 0x32, 0xC3, 0xB0, 0xAF, 0x98, 0xAF, 0xF9,
    0x30, 0x6F, 0x53, 0xCC, 0xA0, 0xD2, 0x89, 0x5C, 0x4E, 0x77, 0xA5, 0x82, 0xDC, 0x33, 0x4A, 0x06,
    0x19, 0x68, 0xDE, 0xD5, 0x2A, 0x86, 0x41, 0xA3, 0x1B, 0xD6, 0x70, 0xB1, 0xB5, 0x7B, 0xCC, 0x8A,
    0x38, 0x96, 0x49, 0xB1, 0x5C, 0xEE, 0x90, 0xA9, 0xCD, 0xDB, 0x7C, 0x78, 0xAA, 0xCF, 0x71, 0x63,
    0xD0, 0x5F, 0xC7, 0x26, 0x82, 0xFE, 0x0C, 0x9B, 0x08, 0xBA, 0x7F, 0x20, 0xD8, 0xDE, 0x7C, 0xC0,
    0x5B, 0xFC, 0x5F, 0x1D, 0x93, 0xB5, 0x02, 0xFD, 0xC4, 0x9C, 0xBE, 0x5A, 0x88, 0xC6, 0xB1, 0xB8,
    0xEC, 0x3D, 0x6B, 0xCC, 0x21, 0x11, 0xB5, 0x93, 0x7C, 0x63, 0x8B, 0x5B, 0x01, 0x0B, 0x5C, 0x09,
    0xA8, 0xA0, 0x0C, 0xC8, 0x56, 0x49, 0x6D, 0x99, 0xCC, 0xD6, 0x39, 0xB2, 0xEE, 0xBA, 0xAD, 0x77,
    0x66, 0x4B, 0xDD, 0x31, 0xBD, 0x1F, 0x4D, 0xF1, 0x47, 0xD3, 0x7C, 0xCB, 0x14, 0x37, 0x56, 0x66,
    0x26, 0x40, 0x81, 0x57, 0xA1, 0x15, 0x9B, 0x09, 0x47, 0x18, 0x92, 0xD2, 0x8F, 0xCC, 0x9B, 0xDA,
    0xA8, 0x5C, 0x73, 0x28, 0xE5, 0x4E, 0x56, 0x51, 0xC8, 0x8C, 0xDC, 0x7C, 0x4B, 0x6E, 0x43, 0x80,
    0x51, 0x5C, 0xD6, 0x48, 0x13, 0xD3, 0xC2, 0x62, 0x65, 0xE3, 0xDB, 0x6B, 0xD6, 0x8D, 0xD2, 0x4F,
    0x95, 0x55, 0xA1, 0x17, 0x9D, 0x0C, 0x50, 0x75, 0x50, 0x43, 0x3F, 0xAC, 0x9B, 0x9B, 0x6D, 0xBE,
    0x66, 0x86, 0x6A, 0x41, 0xDD, 0x97, 0x66, 0xB6, 0xFF, 0x23, 0x2B, 0xCD, 0xFE, 0xD0, 0xEC, 0x8F,
    0x09, 0xC0, 0x3A, 0x2B, 0x1A, 0x98, 0x3E, 0x19, 0xAF, 0xAD, 0xF4, 0xB2, 0x4D, 0x6A, 0x49, 0x67,
    0x50, 0x11, 0xF9, 0xC8, 0x60, 0x78, 0x68, 0x28, 0xA1, 0xA8, 0xED, 0x98, 0xD4, 0x92, 0xE0, 0x9C,
    0x95, 0x42, 0x7D, 0xA3, 0x92, 0x37, 0x22, 0x9B, 0xA1, 0xBF, 0x36, 0x40, 0x40, 0xCF, 0x25, 0x75,
    0x96, 0xFE, 0x6C, 0x1B, 0xD1, 0xBD, 0x41, 0xCE, 0xDD, 0x37, 0x70, 0x52, 0xAA, 0xEA, 0xC2, 0x92,
    0x92, 0x49, 0x9E, 0xDE, 0x37, 0x47, 0x00, 0xCD, 0x56, 0x1B, 0x3C, 0x4B, 0x26, 0xDB, 0x5C, 0x3B,
    0x02, 0x16, 0x48, 0x6F, 0xFD, 0xEF, 0x7D, 0x2C, 0x1C, 0x77, 0xF5, 0x27, 0x5D, 0x34, 0xAB, 0x8C,
    0x5C, 0x7E, 0x06, 0x6F, 0xA3, 0x5A, 0x72, 0x79, 0x0F, 0xAA, 0x6F, 0xCA, 0x41, 0x2B, 0xB4, 0xCC,
    0x87, 0xB6, 0xA9, 0x8D, 0xE7, 0xD3, 0x6A, 0xE7, 0x44, 0x76, 0xD3, 0x3F, 0xB9, 0x63, 0xBF, 0x2D,
    0x28, 0xAE, 0xDF, 0x62, 0x55, 0x3B, 0x95, 0xF8, 0x35, 0x25, 0x15, 0xD4, 0x4F, 0xC6, 0x11, 0x4C,
    0xA0, 0x28, 0x24, 0x9F, 0xAC, 0xE2, 0x8C, 0x6C, 0xF3, 0x8E, 0x45, 0xEF, 0x12, 0x08, 0xD4, 0xEA,
    0xC5, 0xC6, 0x22, 0x83, 0x8F, 0x2D, 0x99, 0xF6, 0xAB, 0x95, 0xAE, 0xA7, 0x34, 0x6B, 0x46, 0xB6,
    0x0D, 0xDF, 0xCC, 0x93, 0x73, 0xC1, 0x7B, 0x36, 0x2E, 0x4B, 0x8C, 0x80, 0x3B, 0xB1, 0xCC, 0x22,
    0x18, 0x0C, 0x9C, 0xA2, 0xD6, 0x80, 0x29, 0x2D, 0x36, 0xDA, 0xC8, 0xEB, 0x4A, 0xAC, 0x54, 0x55,
    0xB1, 0x98, 0x00, 0x49, 0xA6, 0x92, 0xA4, 0x26, 0x63, 0x9F, 0x49, 0xA1, 0x68, 0x0D, 0x80, 0x3B,
    0x55, 0x46, 0xD3, 0x5E, 0x0A, 0xB5, 0x4A, 0x86, 0xC1, 0x15, 0x6C, 0xE3, 0xC8, 0x60, 0x7B, 0x92,
    0xB6, 0x04, 0x56, 0xF4, 0x14, 0xDB, 0xF3, 0x41, 0x9C, 0x06, 0x34, 0x99, 0xDD, 0x9D, 0x99, 0x62,
    0x8C, 0x66, 0x97, 0xEB, 0x46, 0x9B, 0x83, 0xD4, 0xDF, 0xCC, 0x77, 0xB5, 0xDC, 0xD5, 0x74, 0x57,
    0xDB, 0xDD, 0x2A, 0x54, 0xB6, 0x66, 0x39, 0x12, 0xC9, 0xDA, 0x11, 0x7F, 0x48, 0x6F, 0x6C, 0x81,
    0x4E, 0x72, 0x5F, 0x79, 0x00, 0x88, 0xA4, 0xFF, 0x85, 0xEE, 0x28, 0x4A, 0x30, 0x89, 0x5D, 0xC3,
    0x3D, 0x5A, 0x2A, 0xB3, 0xC9, 0x65, 0xFA, 0x0A, 0x15, 0x76, 0xD8, 0xBD, 0x1B, 0x31, 0x1F, 0x70,
    0xF8, 0xC1, 0x11, 0x26, 0x68, 0x40, 0x76, 0xA7, 0x11, 0x3C, 0x37, 0xB5, 0xE8, 0x2B, 0x32, 0xF6,
    0x28, 0x56, 0x51, 0x78, 0x4F, 0xC2, 0x72, 0x23, 0xCC, 0x6D, 0x4E, 0x4E, 0x54, 0x86, 0x20, 0xC5,
    0xBF, 0x7D, 0x44, 0x50, 0x3F, 0xEE, 0x82, 0xDE, 0xFE, 0xE1, 0xA0, 0x5E, 0x05, 0x8F, 0xC3, 0x6A,
    0xEF, 0x2E, 0x5B, 0xB8, 0x98, 0x32, 0x2C, 0x6E, 0x2D, 0x70, 0x3D, 0x90, 0x2D, 0xD8, 0xEC, 0x4A,
    0x19, 0x96, 0x9F, 0x52, 0xE0, 0x98, 0xF9, 0x2A, 0x93, 0xC4, 0x27, 0x01, 0x51, 0x67, 0xEE, 0x39,
    0xBD, 0xAF, 0xAF, 0xEF, 0x23, 0x70, 0x8B, 0xEF, 0x0C, 0xD0, 0x66, 0xEF, 0xC4, 0xDE, 0xC5, 0xFA,
    0xAE, 0x92, 0x2A, 0xC6, 0x5B, 0x1B, 0xBB, 0x01, 0xEE, 0x2F, 0xEE, 0xB1, 0xFA, 0xE0, 0x94, 0x81,
    0x8B, 0x65, 0x07, 0x67, 0x5A, 0x97, 0x1C, 0x58, 0x6C, 0x1E, 0x71, 0x60, 0xA1, 0x03, 0xB9, 0xCB,
    0xA6, 0xB2, 0xA3, 0xB1, 0x67, 0x40, 0x77, 0x0D, 0x7E, 0x5F, 0x3D, 0x61, 0x6C, 0xDD, 0xEC, 0x4E,
    0x86, 0xA4, 0x13, 0xAA, 0x15, 0x53, 0xD5, 0x8E, 0x78, 0x8E, 0x73, 0x46, 0xDD, 0x1B, 0x81, 0xD4,
    0x9B, 0x9E, 0xE0, 0xDD, 0x41, 0x52, 0x21, 0x51, 0x0F, 0xFF, 0x0C, 0x04, 0x70, 0x19, 0xE0, 0x19,
    0x71, 0xFA, 0x88, 0x65, 0xD0, 0xF5, 0xF8, 0x53, 0xE7, 0x14, 0xCF, 0xDC, 0xBA, 0x75, 0xAB, 0x78,
    0xE6, 0x26, 0x0B, 0x8F, 0xF1, 0xA8, 0x90, 0xF2, 0xEE, 0x7A, 0xE6, 0x64, 0x26, 0x37, 0x9C, 0x6D,
    0x13, 0xED, 0xBA, 0x15, 0x0E, 0x14, 0x20, 0x51, 0x85, 0x5A, 0xD2, 0x8C, 0x16, 0x54, 0x63, 0xBF,
    0xAC, 0xEB, 0xB4, 0x6B, 0x55, 0x06, 0xFF, 0x32, 0xE9, 0xEF, 0x36, 0x2A, 0xCF, 0xD0, 0x28, 0xEB,
    0x16, 0x19, 0x35, 0x5A, 0x2A, 0x5D, 0xD9, 0x3D, 0x4B, 0x65, 0x39, 0xBF, 0xEF, 0xFF, 0x03, 0x13,
    0x7F, 0x08, 0x7E, 0xC2, 0x7C, 0xE9, 0xDC, 0x8F, 0x49, 0x17, 0x79, 0xAC, 0x20, 0xD6, 0x6D, 0xEA,
    0x5D, 0xE6, 0x77, 0xA9, 0xA6, 0x7C, 0x48, 0xD4, 0xFC, 0x25, 0x78, 0xE4, 0x3F, 0xC6, 0x48, 0x7F,
    0x3B, 0x99, 0xA0, 0xBE, 0x09, 0x8B, 0x43, 0xF1, 0x8C, 0x35, 0xD9, 0x40, 0x3B, 0x18, 0x55, 0x30,
    0x4E, 0x02, 0x32, 0xCE, 0x20, 0x35, 0xD1, 0x39, 0x16, 0x8F, 0x5F, 0x52, 0x46, 0xDD, 0x19, 0xDD,
    0x74, 0x36, 0x46, 0xAA, 0x46, 0x0C, 0xEE, 0xE8, 0x54, 0x00, 0x72, 0xBC, 0xDF, 0xFD, 0xA8, 0xCD,
    0x63, 0xB5, 0x37, 0x7C, 0x11, 0x2C, 0x56, 0x3F, 0xAF, 0x0B, 0x70, 0xFF, 0x83, 0x87, 0x88, 0xDA,
    0x69, 0xAE, 0x35, 0xEB, 0x31, 0xCD, 0xD3, 0x54, 0x8C, 0xF7, 0x01, 0x7D, 0x2F, 0xB0, 0x6A, 0xA3,
    0x1C, 0x6E, 0x7B, 0x3C, 0xC0, 0x14, 0xFF, 0x44, 0xC6, 0x27, 0x53, 0x7C, 0xE9, 0xA1, 0x2C, 0x49,
    0x0A, 0x6E, 0x1A, 0x2E, 0xFD, 0x08, 0x3C, 0x93, 0x96, 0xEC, 0xFF, 0x57, 0x18, 0xD7, 0x76, 0xC2,
    0xC8, 0xFC, 0x7F, 0x3D, 0x20, 0x8C, 0x6D, 0xE1, 0xF2, 0x32, 0x2E, 0x20, 0x8A, 0x13, 0xF3, 0x58,
    0xC8, 0xCF, 0xC5, 0xD2, 0xAF, 0x58, 0x8A, 0xE2, 0xEE, 0xEA, 0xCF, 0x8B, 0x43, 0x56, 0x80, 0x82,
    0x27, 0x48, 0xCC, 0xAB, 0xF0, 0x9A, 0xD1, 0x65, 0x5C, 0x70, 0x2F, 0x17, 0x82, 0x1B, 0x61, 0xEB,
    0x67, 0xAA, 0x2E, 0xFC, 0x40, 0x69, 0x6E, 0x31, 0x8B, 0x21, 0x37, 0x2F, 0x86, 0x39, 0xA7, 0x5E,
    0x97, 0x55, 0x11, 0x3C, 0x9D, 0x6F, 0x6C, 0x0D, 0xDE, 0x04, 0x72, 0x21, 0xE4, 0x5E, 0x03, 0x6F,
    0xAB, 0xEE, 0x5D, 0x9E, 0xF0, 0x5B, 0x2E, 0x1E, 0x3C, 0x9C, 0xA7, 0x3E, 0xC0, 0xFB, 0x5D, 0x5C,
    0x35, 0xEC, 0x4E, 0xD3, 0x9C, 0x6E, 0x2D, 0x97, 0xFD, 0x1A, 0xFB, 0x87, 0x33, 0x62, 0xB1, 0xEC,
    0x94, 0xF5, 0x39, 0x7F, 0x7E, 0xDB, 0x85, 0x53, 0x32, 0x3C, 0x0D, 0xA7, 0xC8, 0x2A, 0x7C, 0xDA,
    0xEB, 0x20, 0xBB, 0x55, 0xDB, 0xD0, 0x90, 0x73, 0x1E, 0x8C, 0xE0, 0x0A, 0x67, 0x4D, 0x79, 0x16,
    0xB7, 0x9E, 0x62, 0xC5, 0xBF, 0xBF, 0xB9, 0x3D, 0xFA, 0x75, 0xB3, 0x49, 0xE2, 0x9F, 0x0B, 0x15,
    0xFC, 0x17, 0x2B, 0x5E, 0x35, 0x4A, 0x1C, 0x80, 0xC8, 0x7F, 0x7C, 0x97, 0x51, 0x83, 0x32, 0x84,
    0xBA, 0xA0, 0xFF, 0x62, 0xC0, 0xD6, 0xF1, 0x64, 0x21, 0xE7, 0x89, 0x4D, 0x60, 0x89, 0xFA, 0xA8,
    0x93, 0xC4, 0x62, 0x35, 0x32, 0xB3, 0xB2, 0xD5, 0xCC, 0x2E, 0xA9, 0x9F, 0x5D, 0xCC, 0x5A, 0x94,
    0x28, 0x7C, 0xC4, 0x29, 0x64, 0x6E, 0xF0, 0xF1, 0x09, 0x03, 0x7A, 0x0A, 0x1E, 0xB1, 0x76, 0xA2,
    0x50, 0xC1, 0xD2, 0x24, 0x08, 0x03, 0xD2, 0x82, 0x30, 0x62, 0xE9, 0x25, 0x58, 0x68, 0xDA, 0x59,
    0x5A, 0xDB, 0x51, 0x5A, 0x10, 0x06, 0x06, 0x50, 0x47, 0xD1, 0x7E, 0xD5, 0x30, 0xB1, 0xF1, 0x6C,
    0xCD, 0x1B, 0x51, 0x2D, 0x1E, 0x2F, 0xF4, 0x24, 0x8F, 0x8A, 0xC4, 0x79, 0x75, 0xF0, 0xB0, 0x06,
    0x42, 0x0D, 0x44, 0x46, 0x88, 0xA8, 0x10, 0x02, 0x52, 0x56, 0x10, 0x14, 0x16, 0x02, 0x8C, 0x26,
    0x2A, 0xA4, 0x61, 0xF2, 0x4C, 0x95, 0x3B, 0xCC, 0x9C, 0xCD, 0xEF, 0x23, 0x65, 0x8E, 0x55, 0x49,
    0xC4, 0xEB, 0xED, 0x15, 0x75, 0xD7, 0x47, 0x21, 0xC2, 0x8B, 0x07, 0x29, 0x0C, 0x2E, 0xC4, 0x91,
    0x7C, 0xBC, 0x04, 0xCC, 0xED, 0x01, 0x85, 0x87, 0x4F, 0x9F, 0x1F, 0x00, 0xF4, 0xCB, 0xC0, 0xDC,
    0x1E, 0xC2, 0xE0, 0x83, 0x36, 0x4C, 0x91, 0xFE, 0x02, 0xD6, 0x97, 0x04, 0xBA, 0x96, 0x19, 0x35,
    0xE2, 0x3F, 0x96, 0x7A, 0x9B, 0x4C, 0x24, 0xBC, 0x4E, 0xA2, 0xBF, 0xAB, 0x42, 0x50, 0xCC, 0x4C,
    0xDF, 0xF3, 0xAC, 0xC4, 0x1E, 0xD5, 0x89, 0x15, 0x32, 0xC4, 0x9E, 0x2B, 0xF2, 0x31, 0x14, 0xA5,
    0x89, 0x7C, 0x2A, 0x64, 0x54, 0xCD, 0x66, 0x20, 0x00, 0xF0, 0xA4, 0xCD, 0x40, 0x62, 0x8B, 0x1C,
    0x8F, 0x9D, 0x1C, 0x27, 0xBE, 0xBF, 0xE2, 0xAD, 0x32, 0xAF, 0xEA, 0x3A, 0xE3, 0x51, 0x24, 0x53,
    0x17, 0xD9, 0xBD, 0xE3, 0xB5, 0xB1, 0x7B, 0x58, 0x93, 0xF8, 0xF5, 0x39, 0xAA, 0xFB, 0x6D, 0x0E,
    0x85, 0x58, 0xF6, 0x30, 0x7A, 0x0C, 0x70, 0xFD, 0x81, 0x6F, 0x53, 0x82, 0xEC, 0x8F, 0x78, 0x6E,
    0x8C, 0x79, 0xDE, 0xF3, 0xF7, 0xBF, 0xE0, 0xAC, 0x43, 0xFE, 0xF5, 0xF3, 0xEC, 0xDB, 0x7C, 0xD1,
    0x2A, 0x4D, 0x3E, 0x81, 0xB1, 0x20, 0x2F, 0x27, 0xAE, 0x80, 0xD8, 0x92, 0xB5, 0x12, 0xA6, 0x83,
    0x9D, 0x90, 0x9C, 0xE0, 0x45, 0x30, 0x77, 0x44, 0x79, 0xAE, 0xEE, 0x75, 0x32, 0x3D, 0x80, 0x1D,
    0x02, 0xC0, 0x6D, 0x8F, 0x49, 0x74, 0xC2, 0xCF, 0x04, 0x73, 0xF9, 0x59, 0xC9, 0x3A, 0x0B, 0xB6,
    0x46, 0xFC, 0x5B, 0x33, 0xD8, 0x83, 0x57, 0xEE, 0xBF, 0x43, 0x46, 0xF8, 0x17, 0x3D, 0x6B, 0x9D,
    0xA7, 0x9E, 0xC5, 0xE7, 0x9F, 0x65, 0x6C, 0x3B, 0xB5, 0xF0, 0x12, 0x4E, 0x14, 0x91, 0x9E, 0x5C,
    0x05, 0xFB, 0x7C, 0xAB, 0xCB, 0xA2, 0x48, 0x74, 0x48, 0xA3, 0xD7, 0x83, 0x89, 0xC3, 0xF6, 0x33,
    0x9E, 0xD8, 0x20, 0x3C, 0xA2, 0xB2, 0x8F, 0xEE, 0x00, 0xF4, 0xCC, 0xBB, 0x28, 0x04, 0xF5, 0x2D,
    0x75, 0x9A, 0xCF, 0x04, 0xCC, 0x2B, 0x96, 0xF6, 0xE2, 0xAA, 0x98, 0xCA, 0x7C, 0xB2, 0x87, 0x40,
    0x4A, 0x36, 0x35, 0x73, 0x4C, 0xDF, 0xD6, 0x3C, 0xE9, 0x2F, 0x3B, 0x25, 0xED, 0xE0, 0x87, 0xD2,
    0xE2, 0x03, 0x5C, 0x7D, 0x6C, 0x57, 0x45, 0x88, 0x90, 0x04, 0xB3, 0x72, 0xFB, 0x1B, 0x2A, 0x5C,
    0xF9, 0xD1, 0xC7, 0xD4, 0xC2, 0xFF, 0xA4, 0xBA, 0x96, 0x2A, 0x21, 0xF0, 0xA0, 0x95, 0x27, 0x13,
    0x6A, 0x21, 0xE7, 0x42, 0x69, 0x07, 0x95, 0x0B, 0x2D, 0x05, 0xC1, 0x64, 0x80, 0x67, 0x87, 0x3A,
    0xAD, 0xA5, 0xF0, 0x33, 0x9D, 0x5B, 0x94, 0xC8, 0x15, 0x17, 0x5A, 0x41, 0x22, 0x18, 0xB6, 0x52,
    0x6F, 0x3A, 0x3E, 0xB9, 0x47, 0xE1, 0x87, 0xF4, 0x78, 0xD5, 0x66, 0x3B, 0xC9, 0x3F, 0x10, 0x01,
    0x22, 0x8C, 0x3B, 0x76, 0xF8, 0x47, 0x97, 0x66, 0x1E, 0x65, 0xD9, 0x72, 0x41, 0xEE, 0x4C, 0xDE,
    0x4C, 0xCE, 0x4C, 0xBE, 0x4C, 0xAE, 0x4C, 0x9E, 0x4C, 0x8E, 0x0C, 0x89, 0x1C, 0xB5, 0xE4, 0x1A,
    0xD8, 0x77, 0xFE, 0x15, 0x70, 0xC7, 0x7F, 0x42, 0x1F, 0xF6, 0x3C, 0xA8, 0x3A, 0xD6, 0xB1, 0x78,
    0x3C, 0x6D, 0xC3, 0x25, 0x6B, 0x86, 0x2D, 0x88, 0x67, 0x96, 0x03, 0x37, 0xAB, 0x0E, 0x7C, 0x97,
    0xF9, 0xDA, 0xDF, 0xB1, 0x78, 0x70, 0x8D, 0x65, 0xB9, 0x57, 0x33, 0x7C, 0xEB, 0x52, 0x70, 0xA3,
    0xF9, 0x36, 0xA5, 0x6F, 0xB8, 0xC1, 0x3A, 0xC5, 0x61, 0x30, 0x7B, 0x10, 0xC7, 0x3E, 0x2A, 0x1A,
    0xD8, 0xD6, 0x72, 0x98, 0x00, 0xDF, 0x5B, 0x90, 0x85, 0x20, 0x6B, 0x0A, 0xA1, 0xBF, 0x3C, 0xB4,
    0xBF, 0x4B, 0x8E, 0xF2, 0x94, 0xA3, 0xDD, 0x3E, 0x48, 0x26, 0x4C, 0xCF, 0x94, 0xAE, 0x28, 0x05,
    0x46, 0xEA, 0x94, 0xCA, 0xB5, 0xF3, 0xCC, 0xBE, 0xAC, 0x22, 0xF0, 0xA3, 0x45, 0x9A, 0x99, 0x2D,
    0xB8, 0x25, 0x92, 0xAC, 0x75, 0x4A, 0x10, 0x36, 0xF6, 0x14, 0x10, 0x90, 0x92, 0xC7, 0x8C, 0xA9,
    0x52, 0x65, 0xEF, 0xBE, 0xEF, 0x4F, 0x2E, 0x62, 0xD2, 0x03, 0x4F, 0x7E, 0x1D, 0xC6, 0xAA, 0x8A,
    0x57, 0xD9, 0xDF, 0x7F, 0x5F, 0x35, 0x0F, 0x3E, 0x37, 0x41, 0x13, 0x06, 0x87, 0x18, 0x60, 0xC8,
    0xDE, 0x42, 0x59, 0x17, 0x6D, 0x6A, 0x3A, 0x38, 0x04, 0x7C, 0x14, 0xDE, 0xCB, 0x3A, 0x38, 0xD3,
    0xB8, 0xD1, 0x51, 0x16, 0xD3, 0x8A, 0x6C, 0x88, 0xF5, 0xCC, 0xDB, 0xB3, 0x2A, 0x63, 0x0E, 0xFE,
    0x77, 0x55, 0x0A, 0xE5, 0xF7, 0x05, 0x40, 0x9A, 0xD5, 0xE8, 0xE3, 0x9D, 0x75, 0x20, 0xEB, 0x48,
    0x3A, 0xF8, 0x56, 0x62, 0x95, 0x53, 0x90, 0x11, 0xF2, 0xB9, 0x81, 0x00, 0x4D, 0x11, 0xC0, 0xCC,
    0x8B, 0x90, 0xCF, 0x12, 0x84, 0x04, 0x29, 0x56, 0x83, 0x1B, 0x04, 0xB9, 0x08, 0xE7, 0xF8, 0x98,
    0xC0, 0x19, 0x0F, 0xB5, 0xB9, 0xC1, 0x5F, 0x71, 0x87, 0x5F, 0x48, 0xC8, 0x36, 0xE1, 0x56, 0x39,
    0xF7, 0x2F, 0xA4, 0x4E, 0x8F, 0xFF, 0x34, 0x18, 0x6B, 0x3D, 0x81, 0x40, 0x84, 0xCC, 0x86, 0x60,
    0x66, 0x34, 0x38, 0x3A, 0x76, 0xC8, 0x9B, 0xA6, 0x70, 0x76, 0x5F, 0xB3, 0x5B, 0x36, 0x5F, 0x4C,
    0x6E, 0x0C, 0x97, 0xF0, 0x97, 0xD3, 0xA6, 0x0F, 0x97, 0xE8, 0x47, 0x13, 0xC2, 0xEC, 0x25, 0x89,
    0xA7, 0xA8, 0x09, 0x97, 0x6F, 0xC7, 0x48, 0xB7, 0xC3, 0xE5, 0xB9, 0x68, 0x42, 0x06, 0xB6, 0xFC,
    0x63, 0x84, 0x24, 0x30, 0x5C, 0xFA, 0x68, 0xE2, 0x21, 0x0A, 0x80, 0x8B, 0x65, 0x95, 0x26, 0xB2,
    0xE3, 0x40, 0x46, 0x32, 0x50, 0xF0, 0xC8, 0x12, 0xBD, 0xCD, 0x9A, 0xEE, 0xE6, 0x0D, 0xA3, 0x2C,
    0x9D, 0xE9, 0xB0, 0x84, 0x8A, 0xB8, 0x55, 0x88, 0x4E, 0x99, 0x86, 0x3E, 0x93, 0xEB, 0xD7, 0x0D,
    0xFE, 0xA0, 0x88, 0x68, 0x16, 0xA5, 0x5C, 0x59, 0xD5, 0x6C, 0x97, 0xBC, 0xA5, 0x82, 0xBE, 0xA2,
    0xA4, 0x3B, 0x34, 0x72, 0xCB, 0x88, 0xCB, 0x8E, 0x73, 0xF3, 0xA1, 0xAC, 0xBD, 0xC7, 0x8B, 0xED,
    0x24, 0x21, 0xF1, 0x3A, 0x3D, 0x5D, 0x11, 0x40, 0xF0, 0x6D, 0x67, 0x3E, 0x79, 0x21, 0x2D, 0xC9,
    0xCD, 0x3D, 0x1D, 0x59, 0x66, 0x75, 0x66, 0x6A, 0xAF, 0xA5, 0xE6, 0x8D, 0x3D, 0x04, 0x69, 0x4F,
    0xA1, 0x2D, 0x91, 0x3D, 0x0B, 0xA9, 0xA7, 0xCB, 0x02, 0x15, 0x8C, 0x41, 0xF1, 0x9D, 0xC3, 0x64,
    0xDE, 0x6A, 0x0A, 0xF6, 0x18, 0x07, 0x1F, 0xCD, 0xD8, 0x47, 0x35, 0xF6, 0x30, 0x95, 0x63, 0x81,
    0x44, 0x3F, 0x11, 0x1B, 0x9E, 0xB0, 0xF8, 0xAB, 0xB4, 0x9B, 0x4F, 0x75, 0x8C, 0xA9, 0x72, 0x64,
    0xC7, 0xF3, 0xED, 0x36, 0x3C, 0xFF, 0x7B, 0x30, 0x14, 0x2C, 0xB5, 0xE3, 0xB8, 0x2B, 0xEB, 0x33,
    0x53, 0xDD, 0x5A, 0x93, 0x54, 0xB4, 0x28, 0x2B, 0x3D, 0xBC, 0x1E, 0xF1, 0x8C, 0x38, 0xA1, 0xEE,
    0xA6, 0xC0, 0x8A, 0x93, 0x52, 0xE7, 0xA3, 0xCE, 0x8E, 0x24, 0x9D, 0x3B, 0x11, 0x24, 0x70, 0xF4,
    0x6F, 0x0F, 0x33, 0xCD, 0x78, 0x9F, 0x64, 0xCE, 0xDF, 0x74, 0x24, 0x45, 0xD3, 0x51, 0xB6, 0xCD,
    0xE0, 0x19, 0x21, 0xEA, 0xB6, 0x64, 0x77, 0x78, 0xE0, 0x55, 0x1D, 0x4E, 0x1C, 0x5D, 0x32, 0xBB,
    0xFE, 0x8D, 0x58, 0x8C, 0x5E, 0x33, 0x71, 0x7A, 0xCF, 0xF1, 0x4F, 0xBD, 0xDC, 0xE6, 0xC6, 0x2A,
    0x51, 0x64, 0xA6, 0xFD, 0x8E, 0xAA, 0xE1, 0x51, 0x47, 0x66, 0x17, 0xB2, 0xEB, 0xB5, 0x69, 0xAD,
    0xF2, 0xB3, 0xA2, 0x5C, 0x7D, 0xBE, 0x52, 0xFA, 0x40, 0xEE, 0x9E, 0x3E, 0x90, 0x91, 0xED, 0x66,
    0xAF, 0xB7, 0x2C, 0x78, 0x45, 0x65, 0xEC, 0xF3, 0x0B, 0x46, 0x06, 0xD0, 0x4A, 0x09, 0x27, 0x99,
    0xCB, 0xDF, 0xEB, 0x72, 0x77, 0x3D, 0x1C, 0x5F, 0xE3, 0x69, 0x08, 0xF5, 0x09, 0xDE, 0x44, 0x4F,
    0xE5, 0xFC, 0x2F, 0xD5, 0x5B, 0xBF, 0x93, 0xDD, 0xD6, 0x75, 0x3E, 0x00, 0x48, 0xC2, 0x23, 0x64,
    0xE6, 0xB2, 0xA0, 0x9C, 0x89, 0x35, 0x63, 0xA4, 0x48, 0xA1, 0x30, 0x21, 0xF1, 0x0F, 0x70, 0x17,
    0x90, 0x5D, 0xA4, 0x48, 0x91, 0xCD, 0x0C, 0xB7, 0x52, 0xA1, 0x94, 0x1E, 0x65, 0x26, 0x9B, 0x22,
    0x85, 0x8A, 0x15, 0x81, 0xD8, 0x85, 0x8B, 0x14, 0x62, 0xE3, 0x2A, 0x85, 0xB7, 0x60, 0x41, 0x6F,
    0x0A, 0xAA, 0x50, 0xA1, 0x62, 0xB9, 0x40, 0xE2, 0x22, 0x65, 0xA0, 0xC9, 0xC4, 0x45, 0x5C, 0x08,
    0xD1, 0x58, 0x72, 0x94, 0x64, 0x22, 0xC8, 0x06, 0x6D, 0x90, 0xC2, 0xC3, 0xCD, 0xF7, 0x9D, 0x83,
    0xB7, 0x3F, 0xC8, 0xD5, 0x8C, 0xC7, 0x0E, 0xBD, 0xDC, 0xC7, 0x7D, 0xE7, 0xBE, 0x7D, 0x0B, 0xE0,
    0x9E, 0x73, 0xEE, 0x39, 0xDF, 0xF9, 0x71, 0x2F, 0x45, 0x44, 0x5C, 0x27, 0xD9, 0x28, 0x39, 0x7E,
    0x06, 0x49, 0x3B, 0x09, 0x64, 0x79, 0x39, 0x91, 0x54, 0x24, 0x17, 0xD9, 0x14, 0x39, 0x14, 0x59,
    0xF1, 0x27, 0x9C, 0x24, 0x9A, 0x24, 0x9E, 0x24, 0x99, 0xC4, 0x8D, 0x92, 0x8E, 0x92, 0x0D, 0xBC,
    0xAF, 0xEC, 0x71, 0x43, 0x54, 0x81, 0xC4, 0x24, 0x09, 0x48, 0xE8, 0x67, 0x3C, 0xC0, 0xFB, 0x4A,
    0xEA, 0xEF, 0xFB, 0x26, 0x9C, 0xBF, 0x5E, 0x36, 0xF1, 0x74, 0x23, 0xAF, 0xDC, 0x78, 0x6B, 0x53,
    0xB2, 0xFE, 0x16, 0x1E, 0xDD, 0xBF, 0x25, 0x52, 0x76, 0xEF, 0x8B, 0xD4, 0xDD, 0x7B, 0x20, 0x2D,
    0x1E, 0xE2, 0x49, 0xEA, 0x0F, 0x3A, 0xFC, 0xE1, 0xA3, 0xF6, 0x2B, 0x92, 0xFF, 0xB2, 0xBD, 0x85,
    0x87, 0xFC, 0x68, 0x94, 0xC4, 0x7B, 0xFE, 0xC5, 0x17, 0xF6, 0x74, 0x72, 0xB7, 0x90, 0xE5, 0x15,
    0xFB, 0x9F, 0x80, 0x96, 0x1E, 0x7C, 0x06, 0x3E, 0xF2, 0x60, 0x67, 0x0A, 0x70, 0x75, 0x32, 0x0A,
    0x3E, 0xBB, 0x81, 0xFC, 0x83, 0x6E, 0x29, 0x95, 0x53, 0x34, 0x7C, 0x30, 0xEF, 0x17, 0x12, 0x79,
    0x8F, 0xCB, 0x83, 0x37, 0x56, 0xDB, 0x7C, 0xD8, 0x24, 0xC7, 0x74, 0x24, 0x4D, 0xEC, 0xFA, 0x8E,
    0x34, 0x2B, 0x48, 0xDF, 0xBE, 0xCD, 0x7B, 0xBD, 0xFF, 0xDE, 0x81, 0x38, 0xDC, 0x0B, 0xFD, 0x81,
    0x76, 0xF2, 0xAA, 0xBC, 0xE2, 0x95, 0xA1, 0x2D, 0xE3, 0xEB, 0x2B, 0x22, 0x7F, 0x91, 0x67, 0x8F,
    0x46, 0xA8, 0xA2, 0x8F, 0x1F, 0xED, 0x34, 0x49, 0x13, 0xB7, 0xAE, 0x08, 0xBB, 0x54, 0x82, 0x9E,
    0x6F, 0x27, 0x61, 0xEF, 0x9A, 0xA8, 0x4D, 0xFA, 0xB4, 0xE1, 0x35, 0x79, 0xF9, 0x78, 0xFC, 0x1D,
    0x91, 0xBF, 0xD6, 0x49, 0xFD, 0x94, 0xF9, 0xC2, 0xF9, 0x29, 0xF7, 0x10, 0xAA, 0x89, 0xC0, 0x89,
    0xAF, 0x22, 0xF0, 0xE0, 0xF1, 0x18, 0x68, 0xA3, 0x71, 0xE0, 0xA4, 0x6C, 0x6E, 0xE2, 0xD2, 0xBC,
    0xDD, 0x25, 0xED, 0xC8, 0x66, 0xF6, 0x33, 0x2E, 0x47, 0xFA, 0xF3, 0x86, 0x1C, 0x7F, 0x81, 0x4B,
    0x2E, 0xBF, 0xE1, 0xB7, 0x75, 0x31, 0xC0, 0xD9, 0xD7, 0x1E, 0xCC, 0x3F, 0xE0, 0xF7, 0x94, 0xEA,
    0xE5, 0x9D, 0xD5, 0x6D, 0xEA, 0xCC, 0x43, 0xD0, 0xEB, 0xF5, 0x93, 0x7B, 0x7C, 0x02, 0x6F, 0xC5,
    0xAA, 0x90, 0x7A, 0xD2, 0x9C, 0x4B, 0xC8, 0x6B, 0x40, 0xB7, 0xC6, 0x93, 0x2F, 0x93, 0xEF, 0xE9,
    0xEF, 0x02, 0xCA, 0xCD, 0x75, 0x8A, 0xE6, 0xBA, 0x15, 0xD7, 0xBA, 0x5E, 0xB2, 0x26, 0xE9, 0x25,
    0xAF, 0xE2, 0x0E, 0x24, 0x2C, 0x24, 0x27, 0x5F, 0x99, 0xB2, 0xB8, 0xD2, 0x25, 0x6B, 0x25, 0xF8,
    0x05, 0xF4, 0x17, 0x75, 0x10, 0x33, 0xEA, 0x62, 0x5F, 0xC5, 0x3D, 0xA4, 0x82, 0xA1, 0x65, 0x4D,
    0xE4, 0xAB, 0xB4, 0x11, 0x3F, 0xA6, 0x05, 0xAE, 0xBB, 0x43, 0x8D, 0x70, 0xDA, 0x5A, 0x6F, 0x1E,
    0x6C, 0x71, 0x12, 0x81, 0x5E, 0x72, 0x09, 0x61, 0x88, 0x45, 0x84, 0x79, 0x1A, 0xCE, 0xD3, 0xE1,
    0xAE, 0x84, 0x16, 0x28, 0x0F, 0xF6, 0x20, 0xBF, 0x5C, 0xC2, 0xD4, 0x25, 0xFE, 0xE6, 0x0B, 0x7D,
    0x17, 0xA5, 0x9C, 0x7A, 0xED, 0xF8, 0xBB, 0x6A, 0x42, 0x7A, 0x47, 0xDE, 0xCA, 0x4E, 0xA3, 0x06,
    0x8F, 0xC7, 0x45, 0x7D, 0xB0, 0x2F, 0xB0, 0xF7, 0x26, 0xF3, 0xDD, 0xA6, 0xB8, 0x62, 0x8E, 0x86,
    0x54, 0x52, 0x4C, 0x36, 0xB8, 0xEA, 0x26, 0xFE, 0x7E, 0x37, 0x6E, 0x36, 0x30, 0xA1, 0x44, 0xCD,
    0xAD, 0xA4, 0x3D, 0x1E, 0xDA, 0xD3, 0xC3, 0x46, 0xA2, 0x97, 0x6C, 0xE2, 0x06, 0x89, 0x9B, 0x34,
    0x1A, 0xE4, 0x0F, 0x92, 0xCA, 0x15, 0x2B, 0x79, 0xCF, 0x15, 0x49, 0x53, 0xFA, 0x2E, 0x87, 0xE0,
    0x57, 0xE6, 0xE2, 0x40, 0x30, 0x17, 0x45, 0x01, 0xBB, 0x92, 0xB5, 0x94, 0xF7, 0x01, 0x59, 0x82,
    0x42, 0xBB, 0x63, 0xA3, 0xCA, 0x3E, 0xA9, 0x82, 0xB9, 0x6E, 0xE2, 0x3E, 0xAF, 0xD2, 0x36, 0x87,
    0x44, 0x90, 0xAC, 0xAA, 0xA5, 0xAC, 0x66, 0x29, 0x5F, 0xC3, 0xFB, 0x3B, 0x0F, 0x25, 0xFF, 0x1F,
    0xBF, 0x97, 0xF6, 0x65, 0x13, 0x40, 0x72, 0x09, 0xF6, 0x5E, 0x82, 0x23, 0x34, 0x39, 0x2D, 0x17,
    0x8F, 0x9F, 0xE3, 0x01, 0xCE, 0x01, 0x57, 0x4F, 0x87, 0xBA, 0x81, 0xAA, 0xB0, 0x56, 0x79, 0x0B,
    0xCB, 0x48, 0xF9, 0xC9, 0xE1, 0xA1, 0x12, 0x0D, 0x59, 0x23, 0xE1, 0xE8, 0xA0, 0x85, 0x89, 0xE6,
    0xF6, 0xAD, 0x60, 0x4F, 0x67, 0x87, 0x01, 0x0D, 0x7C, 0xBF, 0xBC, 0xBD, 0x4D, 0xE5, 0x9F, 0xF5,
    0x86, 0xBD, 0x60, 0x19, 0x5B, 0x2C, 0xEA, 0x9B, 0xFB, 0xD5, 0xAF, 0xA2, 0xDF, 0xCF, 0xB7, 0xB7,
    0xA8, 0xDF, 0x7F, 0x86, 0x81, 0x51, 0xBF, 0x87, 0xAF, 0xC3, 0x2B, 0x52, 0xD9, 0x08, 0xA8, 0x5F,
    0xD9, 0x90, 0x11, 0xFA, 0xE5, 0x00, 0xC5, 0xF2, 0x4B, 0x0E, 0x9B, 0xAF, 0x77, 0x50, 0xAC, 0xD0,
    0x58, 0x30, 0x6C, 0xE6, 0xD4, 0xAF, 0x6C, 0xB8, 0x0A, 0xFA, 0x95, 0x8D, 0xA4, 0x85, 0x7E, 0x65,
    0x23, 0xEA, 0xA9, 0xDF, 0x3B, 0xC1, 0x08, 0xFD, 0xFE, 0xD0, 0xB7, 0x1E, 0x17, 0xFD, 0xC7, 0x76,
    0xF1, 0xF2, 0xAF, 0xA4, 0x5F, 0x48, 0xB7, 0x4D, 0x83, 0xF7, 0xF2, 0xE6, 0xFE, 0xFE, 0xBE, 0x61,
    0x8B, 0x64, 0xBE, 0xBD, 0x13, 0xF7, 0x07, 0xC1, 0x30, 0x0A, 0xAC, 0x7C, 0xC0, 0x87, 0x1C, 0x9C,
    0x12, 0xD8, 0x16, 0xB4, 0xAC, 0xCE, 0x7C, 0x1F, 0x69, 0xEC, 0x8D, 0xEF, 0x6D, 0x9D, 0x79, 0xCD,
    0xF2, 0xC2, 0x94, 0x5B, 0xEB, 0x6B, 0x25, 0xB8, 0x4D, 0x35, 0x16, 0xB2, 0xC2, 0x2A, 0x4C, 0xAE,
    0x85, 0xA9, 0xB5, 0x72, 0x15, 0x06, 0x4D, 0x30, 0x96, 0x03, 0x55, 0x9B, 0xDE, 0xFB, 0x30, 0x28,
    0xA2, 0x2E, 0x2A, 0xD2, 0x7F, 0xDB, 0x01, 0x7B, 0x9E, 0x9E, 0x6A, 0x0F, 0xBB, 0x0C, 0x29, 0xA0,
    0xE9, 0x68, 0x2C, 0xE1, 0x10, 0x70, 0xB9, 0x2E, 0xA7, 0x07, 0x0B, 0xD1, 0x1B, 0x28, 0x2B, 0xF2,
    0x97, 0xF4, 0x21, 0xF2, 0x5D, 0xCB, 0x2E, 0xA0, 0xFD, 0x21, 0x96, 0xA2, 0xFE, 0xFB, 0x91, 0x22,
    0x9A, 0x02, 0xAE, 0xDF, 0x05, 0x0E, 0x87, 0x9E, 0xD8, 0x99, 0xB6, 0x84, 0x7F, 0x71, 0x13, 0x21,
    0xC1, 0x28, 0x40, 0x1F, 0x0F, 0x41, 0xC8, 0xF0, 0x0D, 0xA1, 0x9F, 0xB4, 0x0F, 0x80, 0x0E, 0x79,
    0x1F, 0x82, 0x96, 0x5D, 0x04, 0xCE, 0xEB, 0x96, 0x08, 0x0C, 0xC4, 0x52, 0x1A, 0xCF, 0x44, 0xAF,
    0x64, 0x05, 0x5A, 0x39, 0x04, 0x11, 0x5F, 0x65, 0x88, 0x23, 0xBE, 0x29, 0x49, 0x9F, 0xFC, 0xF7,
    0xFC, 0xAD, 0xE4, 0x33, 0xFF, 0x5D, 0x3F, 0xBA, 0xBF, 0x9B, 0x43, 0xDF, 0xBA, 0x6A, 0x4B, 0xAE,
    0x49, 0x5A, 0x1C, 0x03, 0x6D, 0xAE, 0x6A, 0x82, 0xD5, 0x90, 0x2A, 0x24, 0xE7, 0x6A, 0x69, 0x69,
    0x7B, 0xA4, 0xBA, 0x84, 0x7A, 0xCB, 0xFD, 0x13, 0x7F, 0xB7, 0xF4, 0xFD, 0x06, 0x56, 0x13, 0xF1,
    0xC5, 0x9F, 0x26, 0xFA, 0x5D, 0x49, 0x92, 0x93, 0xA4, 0x24, 0x31, 0x09, 0x30, 0xF8, 0x37, 0x24,
    0x21, 0xA6, 0x14, 0x78, 0x23, 0xE4, 0xEE, 0xC1, 0xDA, 0x9B, 0x7B, 0xD7, 0xEF, 0x5D, 0x29, 0x32,
    0x7C, 0xC4, 0x3F, 0xD8, 0x21, 0xC4, 0x91, 0xB7, 0x54, 0xE1, 0xD0, 0x15, 0x96, 0xD1, 0x35, 0x57,
    0xCB, 0x06, 0xD6, 0x9B, 0x0D, 0x6A, 0x70, 0x04, 0xBB, 0x3E, 0xFE, 0xA2, 0x8B, 0xDE, 0x81, 0x86,
    0x81, 0x98, 0x7A, 0x4D, 0x06, 0x7D, 0x16, 0xFC, 0x29, 0xB9, 0x72, 0x2F, 0xFB, 0xAD, 0xDC, 0xAB,
    0xCC, 0x50, 0x3B, 0x42, 0x8E, 0x24, 0xE6, 0xFA, 0x0D, 0xFF, 0x95, 0x00, 0x80, 0x5A, 0x01, 0x00,
    0x10, 0x00, 0x48, 0xC9, 0x7F, 0x3C, 0xC0, 0xAC, 0xA1, 0xB3, 0xAB, 0xB8, 0x7E, 0xEF, 0x0A, 0x3E,
    0x8C, 0x31, 0x34, 0xB5, 0xA2, 0xD5, 0xD4, 0x0C, 0x21, 0xF9, 0xB7, 0xE1, 0x7A, 0x80, 0x41, 0x3C,
    0xED, 0xC8, 0xF7, 0xEB, 0x1F, 0x62, 0x8D, 0x66, 0x04, 0xB9, 0x68, 0x84, 0x5A, 0x93, 0x0E, 0x33,
    0xA7, 0x44, 0xA3, 0x3F, 0x94, 0xBD, 0xE3, 0x58, 0x06, 0x14, 0x87, 0x2B, 0x6A, 0x70, 0x80, 0xC7,
    0x7E, 0xD6, 0x42, 0x70, 0x89, 0xFF, 0xAC, 0x11, 0xE2, 0x9F, 0xCA, 0x85, 0x27, 0x82, 0x75, 0xB2,
    0x59, 0xC9, 0xDB, 0x5C, 0xA7, 0x42, 0x68, 0x6A, 0xB9, 0x5A, 0x2C, 0xE4, 0x48, 0xDA, 0xA0, 0x80,
    0xC1, 0xA5, 0xE0, 0x1D, 0xEA, 0xC8, 0x01, 0xF2, 0x5F, 0xF5, 0x5B, 0x07, 0x50, 0x4B, 0xE9, 0x3F,
    0x1F, 0xA2, 0xCF, 0xC0, 0x6A, 0xD4, 0x39, 0xDC, 0x84, 0x47, 0xDD, 0xCA, 0x75, 0xFD, 0x7B, 0x02,
    0xF5, 0x66, 0xD4, 0xD6, 0x18, 0xA6, 0xE4, 0xBF, 0xFC, 0x1E, 0xE6, 0x64, 0x94, 0x14, 0x88, 0x14,
    0x30, 0xA4, 0x37, 0x12, 0x4C, 0xEA, 0x18, 0xBF, 0xBB, 0x2A, 0x38, 0x67, 0xEE, 0x8F, 0x9D, 0xEA,
    0x98, 0xEB, 0xF7, 0x95, 0x6B, 0xF8, 0x3D, 0xB9, 0x06, 0xBB, 0xE4, 0x9A, 0xEC, 0xA6, 0x0B, 0xBB,
    0x8D, 0xB2, 0x0B, 0xAE, 0x95, 0xDD, 0x42, 0xD9, 0xCD, 0x85, 0xD8, 0x0D, 0xAE, 0xDD, 0xDF, 0xDE,
    0x66, 0x06, 0x94, 0xC3, 0xDB, 0xC1, 0xF5, 0x41, 0xE9, 0xFA, 0xAF, 0xFA, 0x3F, 0x1F, 0x1E, 0x26,
    0x7D, 0xE9, 0x7F, 0xDE, 0xEF, 0xF2, 0xF1, 0x49, 0x73, 0x09, 0x2B, 0x47, 0xA3, 0x4D, 0x2B, 0xCD,
    0x97, 0xE8, 0x33, 0x93, 0x04, 0x03, 0x6D, 0x43, 0x18, 0xAA, 0x31, 0xE7, 0xA6, 0x54, 0x98, 0x33,
    0x18, 0x42, 0xCE, 0x99, 0x7C, 0xFC, 0x3A, 0xE7, 0x74, 0x0C, 0xAB, 0x23, 0x23, 0x73, 0xB1, 0x66,
    0xFA, 0xF2, 0x6D, 0x1D, 0x4A, 0xCF, 0x44, 0x27, 0x20, 0x04, 0x64, 0x45, 0x38, 0x80, 0x51, 0x44,
    0xBF, 0x77, 0x31, 0x4C, 0xEA, 0x11, 0x78, 0x2C, 0xD6, 0x8B, 0x5A, 0x00, 0x80, 0x2B, 0x18, 0xFC,
    0xD1, 0x4A, 0xE1, 0x01, 0x46, 0xF0, 0x50, 0x5D, 0xA4, 0x18, 0x65, 0xEB, 0x86, 0xE4, 0x51, 0x1F,
    0x0F, 0xB9, 0xD4, 0x49, 0x93, 0xF6, 0xF9, 0x8F, 0xA6, 0xB4, 0xC8, 0x7B, 0xC7, 0x68, 0xF3, 0x45,
    0x27, 0xB7, 0xE5, 0x20, 0xFA, 0x17, 0xDC, 0x0F, 0xA4, 0xA5, 0x2A, 0xA2, 0xEE, 0x16, 0x21, 0xC6,
    0x35, 0xC4, 0x7E, 0xC9, 0xC2, 0x27, 0xF5, 0x7F, 0x8A, 0xDC, 0x89, 0x35, 0x37, 0xC0, 0x4F, 0x59,
    0x50, 0x14, 0x9A, 0x23, 0xE6, 0xBC, 0xEC, 0x15, 0xCC, 0xDC, 0x02, 0x9A, 0xEB, 0x17, 0x1D, 0x92,
    0xF9, 0x43, 0xB9, 0xBC, 0xE9, 0xB2, 0xC1, 0x89, 0xBF, 0x6F, 0x2E, 0xEF, 0x43, 0x45, 0x54, 0x29,
    0x61, 0x6D, 0x8C, 0x38, 0x93, 0x39, 0x34, 0xCD, 0x0A, 0xB0, 0x53, 0xF8, 0x36, 0x1E, 0x7C, 0x9B,
    0x4C, 0x75, 0xE7, 0xA6, 0xB2, 0xCF, 0xC6, 0x6C, 0xF6, 0xDD, 0x15, 0x3F, 0x17, 0x72, 0x59, 0x75,
    0x74, 0xFD, 0xAE, 0x3E, 0xCB, 0xF2, 0x94, 0x25, 0x8D, 0x63, 0x52, 0xAA, 0xAF, 0xC3, 0x85, 0x11,
    0x79, 0xF6, 0x15, 0x98, 0x8A, 0x23, 0x1B, 0x12, 0x33, 0x13, 0x67, 0xC3, 0xA6, 0x67, 0x4A, 0x22,
    0xBB, 0x36, 0x8C, 0x3A, 0x84, 0x3D, 0xA1, 0x12, 0xB1, 0x45, 0x07, 0x04, 0x69, 0xCA, 0x9A, 0x16,
    0x3A, 0xE4, 0x96, 0xF0, 0xEE, 0x1A, 0x17, 0xA3, 0x0E, 0xA1, 0x42, 0xB7, 0xA6, 0x91, 0x83, 0xDA,
    0x25, 0x5C, 0x95, 0x16, 0xC1, 0x01, 0x0B, 0x93, 0x82, 0xC3, 0x87, 0x36, 0x4C, 0x8A, 0xA7, 0x64,
    0x39, 0x9D, 0x99, 0xFD, 0x40, 0xC7, 0x6D, 0x0D, 0x7C, 0xF4, 0xDE, 0x00, 0xCD, 0xE2, 0x66, 0x68,
    0x8C, 0xC6, 0x2B, 0x93, 0xC8, 0xC4, 0xCD, 0xCD, 0x4C, 0xDE, 0xBF, 0xC8, 0xF2, 0x5D, 0x37, 0x07,
    0xF5, 0xBD, 0xB1, 0x6B, 0x79, 0xF5, 0x47, 0x86, 0xEB, 0xC5, 0x43, 0x13, 0xEF, 0xE6, 0xC5, 0x95,
    0x2F, 0x30, 0xD4, 0x71, 0x53, 0xD4, 0x68, 0x36, 0xF4, 0x7D, 0x72, 0x78, 0xC7, 0x42, 0xF3, 0xA0,
    0x09, 0xAF, 0x6C, 0x85, 0x3F, 0xB9, 0xB8, 0xF2, 0x5D, 0x66, 0x38, 0x13, 0x8D, 0x37, 0x84, 0xA9,
    0x46, 0xF9, 0x2D, 0x1B, 0x6F, 0xEB, 0x77, 0x28, 0x5F, 0xF6, 0xBA, 0x30, 0xEB, 0x77, 0xB8, 0x94,
    0x93, 0xCA, 0x8B, 0xFB, 0x86, 0x42, 0x9C, 0x0B, 0x7A, 0x1B, 0xEC, 0x37, 0x33, 0xE4, 0xC8, 0x98,
    0x7F, 0x81, 0x5D, 0x0D, 0x0F, 0xD0, 0x8C, 0xFB, 0xF8, 0x43, 0x56, 0x77, 0x57, 0xD4, 0x06, 0x6F,
    0xE1, 0x0A, 0x75, 0x36, 0x60, 0xAD, 0xB0, 0x74, 0x0C, 0x3B, 0xF0, 0x7A, 0x40, 0xC9, 0xFF, 0x11,
    0x1F, 0x6E, 0xAB, 0xEC, 0x4B, 0x2C, 0xDD, 0x5C, 0x16, 0x0D, 0x01, 0xC3, 0x32, 0xCC, 0xA0, 0x8F,
    0xFD, 0xF6, 0x6D, 0x15, 0x09, 0x53, 0xAD, 0x34, 0xFD, 0x4D, 0xFC, 0xFE, 0x7D, 0x4E, 0x20, 0xCE,
    0x10, 0xAB, 0xDC, 0x7F, 0x30, 0xAD, 0x8B, 0x06, 0xFD, 0x10, 0x3D, 0xDA, 0xDE, 0xB1, 0x52, 0xBA,
    0x59, 0x27, 0x70, 0x05, 0x3F, 0x44, 0x9A, 0x62, 0xE6, 0x1A, 0x27, 0x27, 0x0D, 0x1C, 0x8E, 0xB5,
    0x1F, 0xAB, 0xCF, 0xB2, 0xCA, 0x3D, 0x0A, 0x2F, 0x56, 0xE6, 0xA5, 0x6F, 0x58, 0x5F, 0xEB, 0xFC,
    0x97, 0x49, 0x5E, 0xB1, 0x4A, 0x9F, 0x01, 0x34, 0x59, 0x85, 0x9A, 0x85, 0x22, 0x7C, 0x30, 0xC5,
    0xAA, 0x5B, 0x62, 0x67, 0x59, 0x31, 0xC6, 0xBC, 0xBA, 0xB0, 0x93, 0x1A, 0xBE, 0x8C, 0xC7, 0xD9,
    0xA3, 0xAA, 0xDD, 0x2A, 0x49, 0x2B, 0x74, 0xCF, 0xA0, 0xF6, 0x57, 0xBB, 0x92, 0xF7, 0xBE, 0x2B,
    0xD9, 0xAC, 0x11, 0xDD, 0x7F, 0xFA, 0xA0, 0xD5, 0x65, 0x82, 0x5E, 0x32, 0x2D, 0x49, 0xC3, 0x8F,
    0x55, 0x46, 0x7D, 0x74, 0x64, 0x35, 0x41, 0x6D, 0x7A, 0x20, 0x79, 0xCD, 0x56, 0x41, 0x99, 0xF0,
    0x16, 0xC0, 0x5E, 0xBA, 0xA7, 0xBA, 0x98, 0x9E, 0xB9, 0x21, 0x53, 0xA5, 0xC7, 0xCD, 0x69, 0xF7,
    0xC9, 0x54, 0x8D, 0xB9, 0x52, 0x64, 0xC9, 0xF1, 0xC4, 0x94, 0x5A, 0x98, 0x0D, 0x32, 0x81, 0xE0,
    0x02, 0x59, 0x34, 0xDD, 0x12, 0x5B, 0xA3, 0x58, 0x69, 0xA2, 0x0F, 0x76, 0x33, 0x17, 0xCB, 0xE9,
    0x3A, 0xA4, 0xF3, 0xFE, 0xBD, 0xB5, 0x3A, 0xB2, 0x13, 0xEA, 0xC8, 0x4F, 0x88, 0x5A, 0x77, 0xEC,
    0xB1, 0x40, 0x99, 0xAE, 0x20, 0xCD, 0x84, 0xEA, 0xAD, 0xB5, 0x24, 0x9A, 0x91, 0x47, 0xDB, 0x8A,
    0x03, 0xC8, 0xF7, 0x96, 0x8B, 0xD7, 0xCE, 0x6D, 0x51, 0xD8, 0x7A, 0x24, 0x4F, 0x23, 0xF8, 0x8B,
    0xC7, 0x7F, 0x78, 0xDF, 0xDC, 0xD6, 0x8A, 0x56, 0xF2, 0x3F, 0x33, 0xF3, 0x89, 0x06, 0xA6, 0x7D,
    0x09, 0xAA, 0xA6, 0x17, 0x9B, 0xFF, 0xA0, 0x08, 0x34, 0xB9, 0x65, 0xE2, 0xE9, 0xFA, 0xAC, 0x5B,
    0xD3, 0x84, 0xAD, 0x8F, 0x67, 0x5F, 0x2F, 0x1A, 0xFF, 0x6A, 0xFE, 0x6A, 0xFD, 0x56, 0x41, 0xD7,
    0x47, 0xA6, 0x7F, 0xDA, 0xF2, 0x33, 0x3A, 0x78, 0x4E, 0x47, 0x0B, 0xE9, 0x93, 0x64, 0x5A, 0x79,
    0xB6, 0xFC, 0x48, 0x79, 0x55, 0xA2, 0xFC, 0x2A, 0xBB, 0xEA, 0xF0, 0x4C, 0x2A, 0x8D, 0x28, 0xAB,
    0xCA, 0xA9, 0x32, 0xAA, 0x7C, 0x2A, 0x9B, 0x6A, 0xB8, 0xEA, 0xE7, 0x04, 0xCB, 0x90, 0xA4, 0x24,
    0xBE, 0xD4, 0x4B, 0x19, 0xAD, 0xE6, 0x5D, 0x77, 0x8B, 0x71, 0xAB, 0x6D, 0xAB, 0x69, 0xDF, 0x94,
    0x17, 0x82, 0x3F, 0x55, 0x60, 0xC6, 0x9B, 0xEB, 0x99, 0xA5, 0x7D, 0xA9, 0x4B, 0x5F, 0x01, 0x54,
    0x4F, 0x29, 0xF0, 0xBC, 0xF8, 0x53, 0xF3, 0x74, 0xB4, 0x45, 0xD7, 0xA3, 0x0E, 0x30, 0xD2, 0x3E,
    0x6B, 0x9A, 0xE7, 0xC5, 0x1F, 0xE6, 0xFD, 0xD4, 0xBA, 0x9B, 0xBC, 0x24, 0xF4, 0x1F, 0xD4, 0x1A,
    0x4E, 0x10, 0x3A, 0xC9, 0x49, 0x45, 0x8B, 0xA5, 0x3B, 0xE0, 0x2E, 0x1D, 0x3A, 0xE5, 0x02, 0xF1,
    0x20, 0xB6, 0x81, 0x9C, 0xD4, 0x7D, 0xF0, 0xC6, 0xBC, 0x8D, 0x21, 0xA2, 0x45, 0xFB, 0x3E, 0x7C,
    0x30, 0xDF, 0xE7, 0x95, 0xE4, 0xC8, 0x6B, 0x87, 0x24, 0xB0, 0x16, 0xC9, 0x12, 0x9D, 0xF8, 0xA0,
    0x92, 0xC1, 0x43, 0x79, 0x4B, 0x97, 0x10, 0x37, 0x68, 0xD5, 0xE3, 0x19, 0x4E, 0x9A, 0x1D, 0x5E,
    0xA1, 0xBD, 0x64, 0x72, 0x39, 0x5B, 0xD0, 0x5D, 0x12, 0xCA, 0x75, 0x46, 0xB9, 0x4E, 0x29, 0xD7,
    0x39, 0xA5, 0x0C, 0x99, 0xC1, 0xF1, 0x99, 0x59, 0x25, 0xE4, 0x84, 0x49, 0x60, 0x1E, 0x04, 0x52,
    0x7C, 0xEE, 0x54, 0xCB, 0xEC, 0x03, 0x05, 0xC8, 0xBF, 0xB5, 0x3E, 0xC5, 0x64, 0x2C, 0xEC, 0x22,
    0xE2, 0x02, 0xC7, 0x1F, 0xCF, 0xC2, 0x96, 0x5F, 0xF4, 0xAF, 0x6C, 0xAF, 0x41, 0xEF, 0xFF, 0xE4,
    0x2B, 0x1A, 0x54, 0xD2, 0x58, 0xCF, 0xD9, 0x55, 0xA8, 0xCB, 0xD8, 0xBB, 0x62, 0x25, 0x59, 0xB1,
    0xD4, 0xCA, 0x06, 0x76, 0xA1, 0x53, 0xF0, 0x97, 0x2E, 0xF1, 0x3F, 0xD3, 0x3A, 0x2F, 0xF6, 0xAC,
    0xF5, 0x36, 0xF0, 0xE4, 0xB7, 0x35, 0xC1, 0x09, 0x34, 0xFC, 0x1D, 0x2C, 0x61, 0x10, 0x22, 0x96,
    0xCB, 0xC8, 0xC8, 0x1A, 0x8E, 0xD6, 0xD0, 0x2D, 0xC1, 0xAE, 0xD3, 0x46, 0x7F, 0xC5, 0xC6, 0xC8,
    0x51, 0xBD, 0x67, 0xF0, 0x62, 0xD5, 0xDE, 0x52, 0xEC, 0x1D, 0x9E, 0x5D, 0xEA, 0xBD, 0xC2, 0x7D,
    0x80, 0x40, 0x33, 0x85, 0x64, 0x15, 0x98, 0xE6, 0x99, 0x1A, 0x30, 0x8B, 0x0A, 0xB5, 0xDC, 0xE4,
    0x12, 0xBA, 0x15, 0xCD, 0xC8, 0xAD, 0xB8, 0x0A, 0x6E, 0x45, 0x0E, 0x40, 0x99, 0x6C, 0xAD, 0x68,
    0x3B, 0x6E, 0xC5, 0xC8, 0x9F, 0x4E, 0x34, 0x8D, 0x4C, 0x69, 0x3E, 0x28, 0xED, 0x49, 0xEB, 0xAE,
    0xD6, 0x16, 0x3C, 0xAE, 0xC4, 0x03, 0xF1, 0xEC, 0x78, 0x66, 0x53, 0xCC, 0x8D, 0xB4, 0x0A, 0xB6,
    0x19, 0xD6, 0x79, 0x81, 0x72, 0x7B, 0x7B, 0xE1, 0xEB, 0xCD, 0x4A, 0xE3, 0x64, 0x75, 0x14, 0xEE,
    0x4D, 0x18, 0x6B, 0x6E, 0xBD, 0x75, 0x41, 0xA4, 0xF8, 0x9A, 0x85, 0x7C, 0xDD, 0x35, 0xD1, 0x65,
    0x4C, 0x86, 0x95, 0xF6, 0x4F, 0xD8, 0x7A, 0xB8, 0x43, 0xBC, 0xBF, 0x00, 0x52, 0x98, 0x43, 0x99,
    0x3B, 0x99, 0x33, 0x99, 0x2B, 0x99, 0x23, 0x3D, 0xEB, 0x46, 0x2F, 0xA6, 0x14, 0x97, 0x35, 0x0D,
    0x4E, 0x1B, 0xB6, 0x04, 0xF2, 0xB6, 0xAC, 0xD8, 0xD2, 0xAB, 0x2B, 0xC6, 0xD0, 0xFC, 0xCC, 0xFA,
    0xEB, 0x45, 0x94, 0xE2, 0x92, 0x48, 0x71, 0x03, 0x30, 0x93, 0x17, 0xAE, 0x73, 0x6D, 0x5E, 0x45,
    0x03, 0x9B, 0xA4, 0xA3, 0xF6, 0xB4, 0xB4, 0x7B, 0xE4, 0xD9, 0x90, 0x5C, 0x21, 0x8E, 0xE4, 0x45,
    0x5E, 0xB9, 0xF6, 0x26, 0xAE, 0xE5, 0x3D, 0x27, 0xC4, 0x1A, 0x29, 0xD9, 0x27, 0x9D, 0x4A, 0xD6,
    0x3C, 0x2D, 0x59, 0x4D, 0xC9, 0x80, 0x3B, 0x90, 0x2C, 0xFA, 0x90, 0x92, 0xB9, 0x77, 0x28, 0xD9,
    0x4D, 0x95, 0x6C, 0x57, 0x25, 0x1B, 0x28, 0x59, 0xD4, 0x51, 0xB2, 0xA4, 0xA2, 0x64, 0xA9, 0x4A,
    0xB6, 0xA1, 0x92, 0xB1, 0x1C, 0xF3, 0x1F, 0x75, 0x94, 0xEC, 0xA7, 0x8D, 0xB6, 0x29, 0x0B, 0x4A,
    0x36, 0xAB, 0x64, 0xD3, 0xB1, 0x64, 0xB6, 0x77, 0xE8, 0x1E, 0x50, 0xB2, 0x9B, 0x2A, 0xD9, 0xB5,
    0x93, 0x5E, 0x0F, 0x58, 0x6B, 0x4F, 0x76, 0x71, 0x62, 0x6B, 0x5A, 0x05, 0x4B, 0xD3, 0xEA, 0xC6,
    0x33, 0x6B, 0xC5, 0x4E, 0xBE, 0xD6, 0x3C, 0x1E, 0x62, 0x15, 0x11, 0x33, 0xA9, 0x4E, 0xCB, 0xCD,
    0xC4, 0xA2, 0x12, 0x80, 0x97, 0xE1, 0x08, 0xEE, 0xC6, 0x35, 0x4B, 0x2D, 0x30, 0xA6, 0x16, 0x1A,
    0x33, 0x8B, 0x8B, 0x9B, 0x36, 0x6C, 0x58, 0x80, 0xDC, 0xB5, 0x10, 0x79, 0x60, 0x41, 0x72, 0x34,
    0x3C, 0x1D, 0x2D, 0x50, 0x0E, 0x1A, 0x8E, 0x58, 0xE0, 0x62, 0x60, 0x08, 0x40, 0x95, 0x1A, 0x75,
    0x96, 0xC5, 0x35, 0x7A, 0x09, 0x9B, 0x9A, 0xF9, 0x2A, 0xA8, 0x35, 0x5D, 0xD6, 0x6A, 0x07, 0x6C,
    0xDD, 0x3D, 0x19, 0x9B, 0xD6, 0x4D, 0xAB, 0x75, 0x75, 0x6F, 0x92, 0xA5, 0x96, 0x42, 0x97, 0xC5,
    0x7A, 0xA5, 0x2E, 0xBC, 0x98, 0x4B, 0xF3, 0x71, 0xDD, 0xBB, 0xB2, 0x72, 0xF6, 0x73, 0x4B, 0x86,
    0xAB, 0x3B, 0xBA, 0x2B, 0xFC, 0x6C, 0x44, 0xBA, 0x70, 0x62, 0x5E, 0x32, 0xF3, 0x2D, 0x0B, 0xCB,
    0xCC, 0x2B, 0xCD, 0x33, 0xEA, 0xD7, 0xBC, 0x95, 0xB3, 0xAB, 0x2F, 0x69, 0xF0, 0x5C, 0xBC, 0xD5,
    0x0C, 0xF6, 0x8B, 0xE3, 0x52, 0xC7, 0x76, 0xC4, 0xD7, 0xFB, 0x4C, 0x4B, 0x2D, 0x1E, 0x0C, 0x67,
    0x15, 0x52, 0x81, 0x6D, 0xB6, 0x71, 0x23, 0x86, 0x6D, 0xA2, 0xB4, 0xD7, 0x0C, 0x8F, 0x5B, 0x11,
    0x44, 0xD3, 0x42, 0xB3, 0xBF, 0x4D, 0x4B, 0x3E, 0x27, 0xCD, 0x46, 0x43, 0xDD, 0x4F, 0xE8, 0xD9,
    0xAD, 0x87, 0x2C, 0xBA, 0xED, 0x97, 0x8D, 0x99, 0xF5, 0x25, 0x76, 0x2D, 0x18, 0x99, 0x29, 0xCD,
    0xFD, 0x89, 0xDE, 0x53, 0xB4, 0xEE, 0x98, 0xC9, 0x09, 0x2E, 0xAD, 0x22, 0x5B, 0x37, 0x59, 0x9C,
    0x39, 0x9A, 0x65, 0x80, 0x4E, 0x8F, 0x48, 0xAC, 0x07, 0xCB, 0xAC, 0x2D, 0xB5, 0xB6, 0xDC, 0xDA,
    0x92, 0x6B, 0x7C, 0xFE, 0x58, 0x33, 0x6B, 0xEA, 0x24, 0xF2, 0xFF, 0xC0, 0x9D, 0x7A, 0x48, 0xD4,
    0x72, 0x02, 0x4B, 0x6C, 0xD9, 0x81, 0x59, 0x51, 0xD9, 0x78, 0x3A, 0x28, 0x96, 0xA2, 0x5C, 0x53,
    0xEE, 0xFA, 0x21, 0x97, 0x1C, 0x0C, 0x65, 0x99, 0x2B, 0x97, 0x4F, 0x98, 0x07, 0xD4, 0xAA, 0xDA,
    0xA5, 0x75, 0xD2, 0xCA, 0x92, 0x6E, 0x5B, 0xBE, 0x7D, 0x54, 0x50, 0x01, 0x0D, 0xAD, 0xE7, 0xA1,
    0x8C, 0xE1, 0x29, 0x9A, 0xA6, 0xFB, 0x8A, 0x8A, 0x0F, 0xBD, 0xCA, 0x82, 0xCC, 0x88, 0xD8, 0x91,
    0xAC, 0xF4, 0x37, 0xBC, 0x1D, 0xAB, 0x55, 0xE0, 0x37, 0x4B, 0xD4, 0x29, 0x9B, 0xEF, 0x49, 0xB0,
    0x33, 0x6A, 0xDF, 0x2C, 0x1B, 0x54, 0x18, 0xE0, 0x73, 0x65, 0x43, 0xA3, 0xC7, 0x16, 0x6A, 0xCB,
    0xFC, 0xCB, 0x95, 0x32, 0x92, 0xF1, 0x5B, 0xDF, 0xC4, 0x5E, 0xE3, 0x12, 0xA3, 0x89, 0x6E, 0x54,
    0xB2, 0xEA, 0xFD, 0x66, 0x93, 0xF2, 0x99, 0xAE, 0x75, 0xAC, 0x7B, 0xD3, 0x2E, 0x65, 0x7E, 0xAE,
    0x15, 0x74, 0x3C, 0x27, 0xEB, 0xA6, 0xD2, 0x4A, 0x79, 0xE0, 0xBE, 0xC3, 0xA2, 0xE8, 0x74, 0x3C,
    0xB9, 0xF9, 0x60, 0xA8, 0x6E, 0x39, 0x9D, 0xD4, 0xB6, 0x22, 0xB5, 0x21, 0x84, 0xBC, 0xA4, 0xDD,
    0x85, 0xC4, 0x3A, 0x0D, 0x26, 0x7F, 0xAD, 0xCB, 0x69, 0x25, 0xD0, 0xD3, 0xED, 0x1D, 0x5C, 0x33,
    0xEC, 0xEA, 0x11, 0x0D, 0xDD, 0xA3, 0x55, 0x16, 0x8B, 0x6C, 0x60, 0xA0, 0x39, 0x5E, 0x88, 0x91,
    0xB1, 0x06, 0x1F, 0x60, 0xEB, 0xD6, 0xEC, 0xC2, 0xAF, 0x8C, 0x72, 0x5D, 0xA0, 0x5D, 0x2F, 0xFA,
    0x5A, 0xDD, 0xC6, 0xBA, 0xFD, 0xEA, 0xB8, 0x34, 0xDD, 0x0D, 0x6E, 0xEF, 0x3D, 0x7E, 0xE4, 0xFF,
    0x1D, 0x0F, 0xFE, 0x00, 0xB5, 0x37, 0x16, 0x8C, 0xB9, 0xDB, 0x96, 0x75, 0xD0, 0x96, 0x6C, 0x6E,
    0x39, 0xEB, 0xA1, 0x89, 0xE9, 0xEA, 0xB8, 0x81, 0xF3, 0xF5, 0xE2, 0xFC, 0x39, 0xB4, 0x1E, 0x99,
    0xED, 0xF9, 0x6A, 0xFF, 0x52, 0xCB, 0x5C, 0xAB, 0x73, 0x9F, 0x2E, 0x74, 0xCF, 0x87, 0xC3, 0x6B,
    0x8B, 0x05, 0xBC, 0x45, 0x5F, 0x7A, 0xC4, 0x14, 0xE9, 0x33, 0x1A, 0x9B, 0x23, 0x20, 0xE0, 0x8A,
    0xBF, 0x3A, 0x77, 0x1D, 0x06, 0x05, 0xA9, 0x6B, 0xD9, 0xDA, 0x4A, 0x3B, 0x1E, 0xBD, 0xC9, 0x94,
    0xBA, 0x26, 0xAB, 0xCE, 0x42, 0xF1, 0x73, 0xD0, 0x61, 0xA2, 0x09, 0xB7, 0xBA, 0xAC, 0x8C, 0x1A,
    0x3D, 0x7B, 0x3D, 0xD8, 0x35, 0x28, 0x3D, 0x3C, 0x3C, 0x6E, 0x35, 0x05, 0xC5, 0xB9, 0xFA, 0x8B,
    0x26, 0xAC, 0x9C, 0x39, 0x66, 0xA2, 0x87, 0xB9, 0x4B, 0x1A, 0x65, 0x0D, 0x98, 0x01, 0x46, 0x63,
    0x7E, 0x37, 0xC1, 0xD3, 0x35, 0xE9, 0x35, 0x38, 0xCB, 0x7B, 0x7C, 0x9F, 0x32, 0x89, 0x4C, 0x56,
    0xC6, 0x07, 0x4F, 0xCB, 0x81, 0x93, 0x4F, 0x16, 0x5E, 0x08, 0x30, 0xE4, 0x86, 0x80, 0x4C, 0x7E,
    0x68, 0xCF, 0xE4, 0xC8, 0x46, 0x87, 0xF1, 0x2A, 0xAE, 0xFB, 0x63, 0x04, 0x35, 0x64, 0xB4, 0x8F,
    0x87, 0xFC, 0xF1, 0x2B, 0x1D, 0x8B, 0xF9, 0x54, 0x53, 0x5D, 0xE6, 0xA2, 0x2B, 0xDB, 0xE5, 0xBE,
    0x5C, 0x1C, 0xAB, 0x65, 0x54, 0xCE, 0x70, 0xFF, 0xB7, 0x71, 0xC1, 0x0C, 0xBF, 0x8E, 0x27, 0x20,
    0x0F, 0x30, 0xF6, 0xA1, 0x1D, 0x38, 0xC8, 0xFB, 0xA3, 0x2E, 0x49, 0x27, 0x76, 0x1E, 0x64, 0x21,
    0x9D, 0x75, 0x4E, 0x7E, 0x9F, 0xE1, 0xF6, 0x5D, 0x49, 0xE7, 0x3F, 0x61, 0xAF, 0x82, 0x87, 0xB3,
    0xD4, 0xF5, 0x14, 0x0F, 0xF2, 0x6A, 0x7D, 0xB3, 0x16, 0xE7, 0xDC, 0x27, 0xBF, 0xC4, 0xA4, 0x96,
    0xAC, 0x2E, 0x31, 0x49, 0x81, 0x4F, 0x77, 0x2D, 0x0D, 0xF6, 0x14, 0xF5, 0x14, 0xF4, 0xC2, 0xF6,
    0xF4, 0x7E, 0xD0, 0x59, 0x9C, 0x32, 0x1A, 0x04, 0x5C, 0x49, 0x68, 0x2E, 0xEF, 0xA9, 0xC3, 0x5F,
    0xB0, 0x49, 0xA2, 0x7A, 0xFE, 0xB4, 0x38, 0xC9, 0x2E, 0xB8, 0xBF, 0x4A, 0x56, 0xFE, 0x46, 0xD2,
    0x55, 0x7C, 0x8A, 0xD3, 0xC5, 0x4A, 0x14, 0xDD, 0xCA, 0xA3, 0xFE, 0xDD, 0xEA, 0xEC, 0xFE, 0xDD,
    0xF3, 0x66, 0xE3, 0xA5, 0xBD, 0xF5, 0xBE, 0x03, 0x17, 0x2B, 0x1A, 0x6B, 0x75, 0xC6, 0x02, 0x5C,
    0x24, 0xD5, 0x6F, 0x8F, 0x0D, 0x2D, 0x16, 0xB5, 0x56, 0xD4, 0x52, 0x51, 0x2B, 0xC5, 0xB3, 0x0A,
    0xC5, 0xE7, 0xCB, 0x06, 0x56, 0x24, 0x1D, 0x18, 0xE0, 0xC3, 0x95, 0xEE, 0x8B, 0x24, 0xC5, 0x3A,
    0x73, 0x6C, 0x72, 0x9E, 0x15, 0xAA, 0x42, 0xE6, 0x8D, 0x4C, 0x78, 0xE0, 0x44, 0x48, 0x44, 0xDC,
    0x6A, 0x49, 0x01, 0x78, 0xCE, 0x74, 0x7D, 0xD4, 0x34, 0x5B, 0xBD, 0x0B, 0x17, 0x48, 0xB4, 0x55,
    0x8D, 0x8C, 0xE2, 0xAE, 0x46, 0x76, 0x76, 0x54, 0x78, 0x42, 0x93, 0x28, 0xF7, 0xF6, 0xC9, 0x94,
    0xB4, 0xD1, 0x37, 0x3D, 0x3D, 0xD4, 0x44, 0xC7, 0xD2, 0xA9, 0x78, 0xB6, 0x44, 0xCA, 0x59, 0x80,
    0xD7, 0x37, 0x43, 0x3B, 0x51, 0x86, 0x4E, 0xC2, 0x7C, 0x13, 0xF3, 0x68, 0xE3, 0x8C, 0x33, 0xD9,
    0xA9, 0xA8, 0x0A, 0x79, 0x7F, 0xE4, 0x07, 0xF7, 0xD1, 0x94, 0x17, 0x0F, 0x8F, 0xF6, 0xA8, 0x7F,
    0x6D, 0xE6, 0xB9, 0x91, 0x9A, 0x17, 0x3C, 0xB6, 0xE7, 0x35, 0xC7, 0xCE, 0xE5, 0xF0, 0xA9, 0x7C,
    0xFA, 0xFF, 0x91, 0x79, 0x03, 0xDA, 0x2E, 0x04, 0x6E, 0xCC, 0x3B, 0xD5, 0x92, 0xAD, 0x30, 0xFF,
    0x8A, 0x09, 0xA0, 0xEE, 0xAE, 0xE7, 0x41, 0x55, 0x75, 0x55, 0x04, 0x87, 0x2B, 0x9E, 0x88, 0xE9,
    0x3D, 0x90, 0xE9, 0x03, 0x88, 0xCC, 0x8C, 0x50, 0xD1, 0x2C, 0x25, 0x7A, 0x69, 0x71, 0xAD, 0x44,
    0xC1, 0xB5, 0x26, 0x92, 0x81, 0xD4, 0xDC, 0xDC, 0x44, 0x85, 0x8C, 0x7B, 0x50, 0xFA, 0xE3, 0x9E,
    0x6C, 0x4C, 0xF5, 0xD4, 0x6E, 0xB7, 0x18, 0x80, 0x61, 0xD4, 0xE9, 0x78, 0x39, 0x68, 0xBC, 0xEC,
    0xBF, 0x34, 0x5E, 0xE6, 0xFE, 0x35, 0x4F, 0x4E, 0xFE, 0xD4, 0x33, 0x3B, 0xDB, 0xD1, 0x2C, 0xF0,
    0xBD, 0x8C, 0xB4, 0x53, 0xDA, 0x80, 0x02, 0xBF, 0x73, 0x1E, 0x78, 0x52, 0xDC, 0x5F, 0xA7, 0xAD,
    0x76, 0x58, 0x0D, 0x1C, 0x81, 0x07, 0xB6, 0x62, 0x97, 0x63, 0x6A, 0xA7, 0xE9, 0x4F, 0x0B, 0xC5,
    0xE0, 0x82, 0xC2, 0x1E, 0x85, 0x17, 0x85, 0xAF, 0xE4, 0x2C, 0xF8, 0x3A, 0x9D, 0x6D, 0x28, 0xD0,
    0x66, 0x5E, 0x5B, 0xC4, 0x7A, 0xCE, 0x2D, 0xEF, 0x14, 0xE4, 0x55, 0x51, 0xD9, 0x91, 0xA2, 0x4A,
    0x12, 0x20, 0x6B, 0x49, 0x52, 0x53, 0x51, 0x1E, 0x8A, 0x0A, 0xA8, 0x28, 0xED, 0x91, 0xC4, 0x54,
    0x54, 0x36, 0x9E, 0xF4, 0x94, 0x05, 0xCC, 0x95, 0x11, 0x6D, 0x69, 0xD7, 0x8D, 0x9E, 0xF5, 0x59,
    0xFA, 0x06, 0xA7, 0x60, 0xE3, 0xB9, 0xB3, 0x71, 0xE5, 0xFE, 0xBA, 0xBC, 0xE0, 0x81, 0xA4, 0x60,
    0x05, 0x04, 0x89, 0x7B, 0x54, 0x3A, 0xAE, 0x8A, 0xDA, 0xDF, 0x22, 0x1B, 0xD7, 0xD6, 0x56, 0xA3,
    0x49, 0x96, 0xE6, 0x58, 0x6A, 0x32, 0x4F, 0x59, 0xCC, 0x73, 0x66, 0x43, 0xF7, 0x34, 0x74, 0xC7,
    0x4D, 0x0B, 0x05, 0x25, 0x49, 0xE7, 0x9A, 0x67, 0x73, 0xA8, 0xE7, 0x6C, 0x1B, 0xB2, 0x3E, 0x6B,
    0xA7, 0x96, 0x99, 0x9C, 0xCE, 0xD4, 0x4F, 0x1C, 0xD2, 0x3D, 0xEA, 0xCE, 0xC8, 0x95, 0xC2, 0xAE,
    0x5D, 0xDF, 0xB3, 0x24, 0x34, 0xBF, 0x27, 0xD6, 0x92, 0xAF, 0xE7, 0xDE, 0x7C, 0x95, 0x27, 0x16,
    0x85, 0x7E, 0x05, 0x0E, 0xCA, 0x89, 0x85, 0xE1, 0x94, 0xAC, 0xA2, 0x0F, 0x27, 0x37, 0xB9, 0x77,
    0xA6, 0x74, 0xCA, 0xDC, 0x94, 0x8D, 0xBB, 0x18, 0x1F, 0x0F, 0x60, 0xED, 0x8B, 0x36, 0x1F, 0x32,
    0x5F, 0x95, 0x7D, 0xEA, 0x99, 0xAE, 0x4C, 0x58, 0xA1, 0x64, 0x06, 0x34, 0x45, 0x3C, 0xB7, 0xA0,
    0x47, 0xDB, 0x32, 0xD6, 0xDA, 0xAF, 0xCA, 0x91, 0x25, 0x2D, 0xAD, 0xEF, 0xC0, 0x0A, 0xA2, 0xD2,
    0x0E, 0x4E, 0xA8, 0x21, 0x3D, 0xB5, 0xDD, 0x4A, 0xE4, 0x63, 0x2E, 0xA7, 0xC7, 0x46, 0x81, 0x80,
    0x3C, 0xE5, 0xC0, 0x04, 0x8B, 0x08, 0x98, 0x1A, 0x1D, 0xF5, 0x58, 0xEE, 0x40, 0x2C, 0xE4, 0xE1,
    0x81, 0xD3, 0xAE, 0xCF, 0x6D, 0x98, 0x31, 0xD0, 0x5D, 0x18, 0xA6, 0x55, 0xD9, 0x90, 0xD0, 0xE9,
    0xC7, 0x1B, 0xBA, 0x0B, 0x32, 0xF8, 0x4F, 0xAA, 0x14, 0x4B, 0xE3, 0x0B, 0xE0, 0x23, 0xAB, 0x8B,
    0xAD, 0x75, 0xB0, 0xBE, 0x7F, 0x9C, 0x6B, 0x5A, 0x71, 0xA7, 0x8C, 0x46, 0x56, 0x9C, 0x57, 0xE7,
    0xCF, 0x61, 0xF8, 0x83, 0x93, 0x7B, 0xD6, 0x64, 0xA8, 0xE6, 0x6A, 0x86, 0x23, 0x8F, 0x60, 0xC6,
    0xAD, 0x9D, 0x52, 0x39, 0x57, 0x0E, 0xAF, 0x32, 0xDC, 0x04, 0x13, 0x55, 0x16, 0xAD, 0xF8, 0x1F,
    0x28, 0x40, 0x47, 0xFD, 0x66, 0x38, 0xB3, 0x67, 0x74, 0x0E, 0xAB, 0xBC, 0x98, 0xE2, 0xB2, 0xCE,
    0xEB, 0xDE, 0xAC, 0x99, 0xA4, 0x2D, 0xF5, 0x33, 0x6B, 0xAD, 0x5D, 0x0B, 0x9E, 0xFE, 0xE4, 0xD9,
    0x1F, 0xDD, 0x99, 0xF4, 0x9D, 0x0E, 0xF0, 0x61, 0xB6, 0x37, 0xE9, 0xCF, 0x85, 0xC2, 0x75, 0x6E,
    0x0F, 0xDE, 0xB4, 0x9D, 0xC9, 0x5D, 0xEB, 0xD1, 0xE8, 0x66, 0xE5, 0x4A, 0x57, 0x07, 0xDE, 0x44,
    0x4B, 0x8F, 0x67, 0x0D, 0x27, 0x91, 0xD7, 0x2D, 0x93, 0x50, 0xB7, 0xCA, 0xE0, 0x16, 0x07, 0xC6,
    0x8A, 0xA9, 0x6A, 0x39, 0x5D, 0x59, 0x37, 0xC7, 0xE7, 0x48, 0x64, 0xE9, 0xBE, 0x85, 0xC6, 0xA6,
    0xEB, 0x8E, 0xFD, 0xE8, 0x6A, 0x3C, 0xDB, 0xB9, 0x51, 0xBD, 0x79, 0x67, 0xD9, 0x3C, 0xDC, 0xDE,
    0x36, 0x48, 0xB0, 0x43, 0xF8, 0xC7, 0x0D, 0x24, 0x6B, 0x4C, 0x58, 0x57, 0xC3, 0xE8, 0xB2, 0xA5,
    0xAF, 0x4D, 0x99, 0xFC, 0x67, 0xCC, 0x0A, 0xF2, 0x5F, 0x7E, 0x88, 0x3B, 0xF2, 0xFF, 0x65, 0xD2,
    0x51, 0xEA, 0x1E, 0x41, 0xDD, 0x87, 0xBA, 0x19, 0xAA, 0xB4, 0xD1, 0xDE, 0x3A, 0xE1, 0x0D, 0x7E,
    0x6F, 0x05, 0x50, 0x4C, 0xDF, 0x67, 0x82, 0x07, 0x8A, 0x8A, 0x83, 0x00, 0x66, 0x1D, 0x25, 0x20,
    0xE6, 0xCC, 0x3E, 0x89, 0xD3, 0x92, 0xC7, 0xE9, 0x9E, 0x6B, 0x3A, 0x5E, 0x13, 0xCB, 0x58, 0xD6,
    0x0D, 0x95, 0x93, 0x67, 0x08, 0x96, 0x93, 0x04, 0x6A, 0xE3, 0x7E, 0x7D, 0xA6, 0x77, 0x4B, 0x5B,
    0xFF, 0xD1, 0x68, 0xC5, 0xC7, 0xA4, 0x3B, 0x68, 0xEB, 0x61, 0x88, 0xFB, 0x2F, 0x69, 0x4C, 0x5E,
    0xC8, 0x95, 0xFB, 0x3F, 0xDD, 0x5B, 0x3D, 0x8C, 0x1D, 0xD5, 0x15, 0xBE, 0x33, 0x13, 0xFB, 0x49,
    0x3B, 0xC5, 0x50, 0xD8, 0x52, 0x64, 0x24, 0x86, 0x12, 0x39, 0x8A, 0xA7, 0x8F, 0xB0, 0x67, 0x00,
    0x29, 0x14, 0x29, 0xD8, 0xC2, 0x9B, 0x14, 0x51, 0x44, 0x43, 0x11, 0xA1, 0x08, 0x37, 0x14, 0x29,
    0x1C, 0xCF, 0x00, 0x45, 0x8A, 0x34, 0x6E, 0xE8, 0x5D, 0x10, 0xC9, 0x18, 0x29, 0x50, 0xA4, 0x30,
    0x12, 0xF6, 0x8C, 0xA0, 0x48, 0x91, 0xE6, 0x19, 0xA4, 0x44, 0x4A, 0x8A, 0x4C, 0x22, 0x04, 0x22,
    0x91, 0xE2, 0xA7, 0x68, 0xEC, 0x8C, 0xC9, 0xCC, 0xDC, 0x9C, 0xEF, 0x3B, 0x77, 0xDE, 0x9B, 0xF7,
    0x76, 0x0D, 0x06, 0xB1, 0xDE, 0x5D, 0x9E, 0xBD, 0xF7, 0xEE, 0xCF, 0xBC, 0x7B, 0xCF, 0xFD, 0xCE,
    0xB9, 0xE7, 0xFF, 0x19, 0x63, 0x22, 0xDB, 0x1B, 0x79, 0xC5, 0xB6, 0xC3, 0x94, 0xE8, 0xB4, 0xFE,
    0xF2, 0x6C, 0x86, 0x29, 0xD0, 0x29, 0xB4, 0x05, 0xA6, 0x48, 0xA7, 0x73, 0xB6, 0xC2, 0x74, 0x51,
    0xA7, 0x96, 0x93, 0xBF, 0x28, 0xE7, 0x78, 0x7E, 0xCE, 0x29, 0xAC, 0xF2, 0x1A, 0x1B, 0x64, 0x9C,
    0x52, 0x93, 0x2F, 0xF0, 0xBC, 0x49, 0x31, 0xB5, 0x9C, 0x7C, 0x6B, 0x6D, 0x83, 0xF5, 0x39, 0x45,
    0x95, 0x49, 0x5A, 0x3C, 0xCF, 0x29, 0x95, 0xEF, 0x84, 0xA4, 0x1B, 0x3A, 0xC9, 0xFF, 0xA8, 0x33,
    0x81, 0x4C, 0xF1, 0x60, 0x72, 0x3B, 0x9F, 0x59, 0x3B, 0x2F, 0x6D, 0x15, 0xCA, 0x84, 0xB7, 0x17,
    0x5C, 0x44, 0xA8, 0x94, 0xDF, 0x6F, 0x9C, 0xC1, 0xB7, 0xCD, 0x45, 0x9C, 0x12, 0xE7, 0x2B, 0xE7,
    0x69, 0x2B, 0xBF, 0xC8, 0x92, 0xC6, 0xCC, 0x06, 0x50, 0x20, 0x6B, 0xCA, 0x18, 0xB7, 0x46, 0x48,
    0x94, 0x6F, 0x84, 0x6C, 0x19, 0x65, 0x49, 0xF9, 0x51, 0x0E, 0x54, 0xD6, 0x1E, 0xC6, 0x79, 0x20,
    0xEB, 0x97, 0xB2, 0x65, 0x26, 0x63, 0x24, 0x63, 0x5E, 0x7F, 0x5F, 0xC6, 0xF4, 0xDE, 0x1D, 0xFB,
    0x17, 0x59, 0xF8, 0x96, 0x1D, 0x04, 0x9A, 0xAC, 0x94, 0x13, 0x6C, 0x9B, 0x63, 0xDC, 0xF3, 0x98,
    0xCE, 0xB1, 0x39, 0x43, 0xC0, 0x6E, 0xDD, 0x50, 0xDC, 0x5A, 0x05, 0xB3, 0xE6, 0x33, 0xBF, 0xCB,
    0x8E, 0x2A, 0xDE, 0x5E, 0xE6, 0x09, 0x7D, 0x41, 0x35, 0x13, 0x12, 0x82, 0x26, 0x29, 0xB8, 0x2E,
    0x88, 0x52, 0x11, 0x7A, 0xF4, 0xF2, 0x21, 0xE0, 0xC0, 0xD1, 0x40, 0x12, 0x5B, 0x71, 0x34, 0x97,
    0x94, 0x6A, 0xBD, 0x83, 0x41, 0xA3, 0x53, 0xAB, 0xD3, 0x70, 0xDE, 0xA1, 0xC8, 0x1F, 0xF3, 0xFA,
    0x60, 0x70, 0xBD, 0xB4, 0xA2, 0x2C, 0x22, 0xCD, 0x31, 0xE1, 0x4B, 0x38, 0xC6, 0x77, 0x0A, 0xE2,
    0x4B, 0x28, 0x15, 0x73, 0x73, 0xFA, 0x0A, 0x46, 0xE2, 0xA9, 0xDC, 0x98, 0x75, 0xAB, 0x37, 0x9F,
    0x99, 0xC8, 0x07, 0x39, 0xF6, 0x28, 0xB4, 0x91, 0x67, 0x71, 0x95, 0xC3, 0xDE, 0x97, 0x85, 0x94,
    0x5C, 0x52, 0x89, 0x15, 0xF3, 0x62, 0x26, 0x32, 0xF6, 0x84, 0x89, 0x54, 0x69, 0x71, 0xA9, 0x94,
    0x00, 0xA5, 0xA4, 0x89, 0x2C, 0x32, 0x25, 0x47, 0xBD, 0x61, 0xBB, 0x47, 0xFD, 0xAB, 0x3E, 0x89,
    0xF7, 0xBE, 0x63, 0x92, 0x41, 0x38, 0x2F, 0x67, 0xFC, 0xEC, 0xED, 0x39, 0x59, 0x9A, 0x41, 0x11,
    0x72, 0xD5, 0x93, 0x4A, 0xDB, 0xD6, 0x1B, 0x78, 0x16, 0xEF, 0x28, 0xE5, 0x6C, 0xFE, 0x80, 0x63,
    0x60, 0xBF, 0xA8, 0x58, 0x97, 0xF0, 0x96, 0x8C, 0x90, 0xA7, 0x5E, 0xB5, 0x99, 0x3C, 0x65, 0x0B,
    0x39, 0x6C, 0x99, 0x45, 0xAD, 0x48, 0x41, 0xD2, 0x8C, 0x4B, 0x70, 0x20, 0xFF, 0x88, 0x8A, 0x0E,
    0xB5, 0x92, 0xF4, 0x38, 0xCE, 0xF1, 0x8E, 0xC8, 0xC8, 0xB3, 0xA0, 0x07, 0xB7, 0xCC, 0x62, 0x33,
    0x4F, 0xB1, 0x3C, 0xC5, 0x3B, 0x05, 0x46, 0xC8, 0x5E, 0x38, 0x7B, 0xD8, 0xF4, 0x04, 0x3F, 0xA5,
    0xEC, 0x44, 0xD9, 0x51, 0x00, 0xF3, 0xF8, 0x55, 0x90, 0x8C, 0x2D, 0x73, 0xD9, 0xDD, 0xEB, 0xD3,
    0xCC, 0xCC, 0x16, 0x72, 0x75, 0xA2, 0x22, 0x98, 0x3F, 0x4C, 0x30, 0xB7, 0xC8, 0xBB, 0x74, 0x42,
    0xBF, 0x8E, 0xC9, 0x7C, 0x53, 0x1F, 0x1F, 0x66, 0x30, 0x21, 0x11, 0x31, 0x7E, 0x91, 0x76, 0xE3,
    0x86, 0x71, 0xBD, 0xCB, 0xA2, 0xEC, 0x37, 0x98, 0x5B, 0xC6, 0xBF, 0x0C, 0x7D, 0x09, 0x65, 0x10,
    0x2C, 0xCA, 0xA5, 0x7C, 0x1A, 0xBB, 0x58, 0xDE, 0xFE, 0x43, 0x0F, 0xE6, 0xF1, 0xCC, 0xBB, 0x22,
    0x8A, 0x58, 0x34, 0x53, 0xD0, 0xE4, 0x99, 0x90, 0x87, 0xCD, 0xA9, 0x6E, 0xF3, 0xF9, 0xC3, 0x04,
    0xD3, 0x2F, 0xCC, 0x1B, 0xB4, 0x45, 0x33, 0xD2, 0xDE, 0xA9, 0x6E, 0x2D, 0xD5, 0xA3, 0x49, 0xD5,
    0x36, 0x24, 0xCD, 0x2E, 0x1E, 0x27, 0xD6, 0x7E, 0x86, 0x07, 0xE4, 0x60, 0x35, 0x88, 0xBC, 0x55,
    0x12, 0x63, 0x31, 0x31, 0x99, 0xFC, 0x54, 0x00, 0x65, 0xD8, 0x41, 0x7A, 0x4A, 0x19, 0x30, 0x0A,
    0x2C, 0x41, 0x9A, 0xE9, 0x14, 0x0E, 0x9C, 0x80, 0x78, 0x49, 0xBB, 0x01, 0xDE, 0x01, 0x79, 0x79,
    0x92, 0xD3, 0x1C, 0x56, 0x0D, 0xF6, 0x42, 0x48, 0x77, 0x2C, 0xC3, 0x42, 0x39, 0x4E, 0xC0, 0x93,
    0xB9, 0x87, 0xF3, 0x06, 0x0F, 0xFB, 0x16, 0x18, 0x57, 0x17, 0xF0, 0x84, 0x50, 0xD4, 0xE2, 0x00,
    0x76, 0xD0, 0x9B, 0x77, 0x72, 0xC7, 0x9C, 0xE7, 0x89, 0x9E, 0xC1, 0x61, 0x9E, 0xB7, 0x34, 0x27,
    0x81, 0x0D, 0x01, 0xCE, 0xCC, 0x46, 0x38, 0xEE, 0x6C, 0x48, 0x68, 0x16, 0xC9, 0x7F, 0x52, 0x23,
    0xAB, 0xDD, 0xEE, 0xF4, 0x98, 0x9D, 0x71, 0x96, 0xCE, 0x99, 0x3A, 0x67, 0xEB, 0x9C, 0xB1, 0x73,
    0xD6, 0xCE, 0x99, 0x3B, 0x27, 0x59, 0xCE, 0xE0, 0x39, 0x8B, 0xE7, 0x4C, 0x9E, 0xB3, 0x79, 0xCE,
    0xE8, 0xC9, 0x23, 0x67, 0x30, 0xA9, 0xD9, 0x93, 0x7D, 0xFE, 0x0E, 0x9E, 0x38, 0xC3, 0x37, 0x7A,
    0x14, 0xDF, 0x08, 0xC8, 0xDE, 0xF3, 0xC3, 0x8E, 0x4C, 0xE2, 0x35, 0xF4, 0x02, 0xB2, 0xFF, 0xF6,
    0x70, 0x75, 0x7F, 0x40, 0x26, 0xC6, 0x19, 0x21, 0x56, 0x2F, 0xC8, 0x10, 0x60, 0x3D, 0x86, 0x2C,
    0x70, 0xFA, 0x6D, 0x7B, 0x65, 0x44, 0x97, 0xE3, 0x71, 0x7B, 0xBB, 0xE5, 0x1F, 0x5B, 0xAC, 0x2E,
    0x7B, 0xC8, 0x5B, 0x84, 0x02, 0xE1, 0x02, 0x5C, 0x09, 0xC2, 0x2A, 0x70, 0x3B, 0x27, 0xA2, 0xFA,
    0x52, 0x27, 0xE2, 0x0C, 0x9D, 0x88, 0xBB, 0x82, 0xA6, 0x82, 0xB9, 0xEE, 0x9C, 0x2D, 0xFD, 0xF5,
    0x62, 0x0F, 0x7F, 0x5D, 0x68, 0x10, 0x36, 0xA7, 0x1C, 0xE5, 0x94, 0x72, 0xBF, 0xB0, 0x09, 0x7C,
    0x9B, 0x42, 0x46, 0x40, 0xD2, 0x70, 0xDC, 0x9E, 0x9E, 0x8A, 0xF0, 0xCA, 0x49, 0x86, 0x9D, 0xF3,
    0xF0, 0x42, 0x2C, 0x9D, 0xAD, 0x6B, 0x6F, 0x8C, 0x0A, 0x24, 0x99, 0x28, 0x90, 0xA9, 0xDA, 0x17,
    0x54, 0xC3, 0x02, 0xD0, 0x47, 0x64, 0x5C, 0x42, 0xE0, 0x4B, 0x22, 0x3A, 0x00, 0x50, 0xE8, 0x01,
    0x92, 0xC9, 0xD8, 0x62, 0x83, 0x54, 0x6F, 0x4F, 0x65, 0x60, 0x8B, 0xA8, 0xF5, 0x20, 0x9B, 0x04,
    0x10, 0x72, 0x79, 0x17, 0x4C, 0x83, 0x40, 0x95, 0x9F, 0x65, 0x53, 0x8D, 0x20, 0x18, 0x3E, 0x02,
    0x6A, 0x5E, 0x36, 0x71, 0x3F, 0xDB, 0x43, 0x19, 0xA8, 0x97, 0x3D, 0xAB, 0x42, 0xA0, 0xF4, 0xF1,
    0x05, 0xE2, 0xC6, 0x53, 0xAA, 0xE2, 0x4A, 0x8A, 0xC3, 0x8D, 0x1B, 0xC9, 0x27, 0xF5, 0x41, 0x73,
    0x61, 0xA4, 0x9D, 0xA4, 0xAF, 0x53, 0xBE, 0xDF, 0x30, 0xDE, 0xD7, 0xDA, 0xA7, 0xD5, 0xE1, 0x06,
    0x50, 0x09, 0x57, 0x5B, 0xB2, 0x1C, 0x76, 0xBB, 0x28, 0xFB, 0x0D, 0xE0, 0xA1, 0x83, 0xC5, 0x45,
    0x4C, 0x37, 0x57, 0xF1, 0x92, 0x06, 0x25, 0x1A, 0x2D, 0x05, 0xC3, 0x0B, 0xAB, 0x58, 0x69, 0x19,
    0x2A, 0xED, 0x1F, 0x46, 0x8C, 0x66, 0x52, 0x00, 0x95, 0xF3, 0x04, 0xDC, 0xF6, 0x4F, 0x34, 0x14,
    0x4B, 0x2B, 0x46, 0xF7, 0x42, 0xFD, 0x0B, 0x75, 0x30, 0x9C, 0x87, 0x61, 0x1C, 0x95, 0xF3, 0xC3,
    0x2D, 0x88, 0x24, 0x3F, 0xA8, 0xC5, 0x48, 0xFB, 0x6D, 0x2A, 0x32, 0xC9, 0x73, 0x97, 0xF4, 0x3C,
    0xEB, 0x87, 0x7A, 0x93, 0x4F, 0x31, 0xA0, 0x84, 0x01, 0x94, 0xDF, 0x77, 0x8C, 0xC4, 0x06, 0xC6,
    0xA1, 0x08, 0x82, 0xCE, 0x99, 0x70, 0x23, 0xA1, 0x72, 0x9C, 0x06, 0xB1, 0x84, 0xBD, 0x16, 0xDB,
    0x24, 0x04, 0x8B, 0x05, 0x4B, 0x3A, 0xEC, 0x15, 0x75, 0xC0, 0x32, 0x6A, 0x80, 0x5C, 0x58, 0x7C,
    0xA9, 0xAB, 0x79, 0x72, 0xE7, 0xBC, 0xAC, 0x21, 0x58, 0xC8, 0xF8, 0xBC, 0xFD, 0x98, 0xB6, 0x3D,
    0xE3, 0xAA, 0xC4, 0x6F, 0xC0, 0x93, 0xD1, 0x80, 0x77, 0xC9, 0x52, 0xB2, 0x83, 0x1C, 0x52, 0x0C,
    0x5E, 0xD2, 0xD1, 0xD5, 0x54, 0xB3, 0x5A, 0xAC, 0x22, 0xCA, 0x6B, 0x19, 0x05, 0xB4, 0x62, 0x5A,
    0x02, 0x00, 0x26, 0x7F, 0xC0, 0x46, 0x37, 0x21, 0xCB, 0x5E, 0x63, 0x2E, 0xEA, 0x53, 0xDB, 0xE4,
    0x29, 0x01, 0xBD, 0x00, 0xC3, 0x6F, 0xEF, 0x5D, 0x37, 0x41, 0x17, 0x35, 0x8F, 0x0B, 0xD9, 0x21,
    0x98, 0xBB, 0xC0, 0x98, 0xCE, 0x39, 0x56, 0x11, 0xB2, 0x0E, 0x55, 0xBC, 0xC0, 0x6F, 0xC0, 0x94,
    0xF8, 0x0E, 0x76, 0x0C, 0x29, 0x65, 0xE1, 0x3F, 0x2F, 0x13, 0x1E, 0xBC, 0x7A, 0xE5, 0xD3, 0x6F,
    0x41, 0x82, 0x55, 0x3E, 0x5A, 0x50, 0x92, 0x03, 0xA4, 0xF0, 0xF3, 0xB7, 0xC4, 0xF1, 0x4B, 0xE9,
    0x7A, 0x94, 0x99, 0xEC, 0x60, 0x2C, 0x43, 0x0A, 0xD8, 0x72, 0x31, 0xF9, 0xE2, 0x73, 0x8C, 0x1E,
    0x82, 0xEF, 0x5C, 0x8D, 0xA5, 0x89, 0x62, 0x22, 0xE8, 0x42, 0xC6, 0xBF, 0xAC, 0x4C, 0xD4, 0xF7,
    0x36, 0x13, 0x41, 0x87, 0x93, 0x23, 0x27, 0xE4, 0x9F, 0x31, 0x67, 0xCD, 0x93, 0xD8, 0xE7, 0x29,
    0xC6, 0x51, 0x0C, 0x5E, 0x42, 0xF2, 0xC8, 0x7B, 0xD7, 0x1C, 0x21, 0x8E, 0x3C, 0xB0, 0xB5, 0x3B,
    0xDC, 0x77, 0xE4, 0x34, 0x47, 0xC5, 0x7F, 0x32, 0x9A, 0x75, 0x5F, 0xF1, 0x68, 0x70, 0xE4, 0x30,
    0xE3, 0x4C, 0x8B, 0xD9, 0xAF, 0xAC, 0x67, 0xC8, 0x6D, 0x22, 0x4D, 0xEC, 0xB9, 0xCB, 0xE1, 0x5E,
    0xBC, 0xCB, 0x41, 0xBD, 0xFA, 0x7B, 0x4A, 0x49, 0x2B, 0xB3, 0x29, 0x5F, 0x8E, 0x08, 0x47, 0x4E,
    0x3B, 0x0F, 0x54, 0x73, 0x14, 0x82, 0xA0, 0xC6, 0xD4, 0xD1, 0x3F, 0x34, 0xC4, 0x4E, 0x33, 0xE6,
    0xEB, 0xCD, 0xF5, 0xB5, 0x2C, 0xE5, 0xC4, 0x3C, 0xBF, 0x8A, 0x20, 0x4A, 0x0C, 0xF4, 0x33, 0x98,
    0x7D, 0x21, 0x22, 0x19, 0x54, 0x44, 0xC1, 0x38, 0xB0, 0x13, 0xE6, 0x16, 0x26, 0x3A, 0x6D, 0x34,
    0xF8, 0xC2, 0x7D, 0x1C, 0x67, 0x30, 0x1A, 0xEC, 0x64, 0x44, 0x58, 0xD3, 0x64, 0xEF, 0x20, 0x4E,
    0x15, 0xA3, 0xCD, 0x53, 0x89, 0xD9, 0x7E, 0x8B, 0x73, 0xC7, 0xA5, 0xB0, 0x16, 0xE7, 0x54, 0xAD,
    0xBE, 0x06, 0x86, 0x2A, 0x12, 0xB4, 0xFC, 0xCA, 0x76, 0xC6, 0x86, 0x94, 0x1E, 0x18, 0xF3, 0x1E,
    0x64, 0xCC, 0x99, 0x6B, 0x13, 0x90, 0x66, 0xC0, 0x49, 0x20, 0x8B, 0xAC, 0xE6, 0x47, 0x5E, 0x9C,
    0x5A, 0x20, 0x7A, 0x95, 0x1F, 0x35, 0xF4, 0x5D, 0xD4, 0x02, 0x3D, 0x69, 0x3C, 0x38, 0x11, 0xB2,
    0x0B, 0xE0, 0xF0, 0xCA, 0xFB, 0x38, 0x10, 0xEB, 0x6E, 0x04, 0x4E, 0x62, 0xFF, 0xCC, 0xF0, 0xF1,
    0x6F, 0x78, 0x87, 0xED, 0x22, 0xF8, 0x2D, 0x30, 0xF8, 0x42, 0x09, 0x12, 0xE0, 0xB6, 0x8A, 0x31,
    0x66, 0x12, 0xA4, 0x0B, 0xDD, 0x22, 0xFF, 0xE1, 0x30, 0x09, 0x31, 0x3B, 0x0A, 0x6E, 0x07, 0x27,
    0x40, 0x1E, 0x90, 0x7B, 0xE1, 0xC2, 0x4D, 0x19, 0xEF, 0x56, 0xF2, 0x40, 0x6E, 0x31, 0x26, 0x2A,
    0x0A, 0xD9, 0x83, 0x73, 0xE1, 0x27, 0xF6, 0xF5, 0x9D, 0xFC, 0xDE, 0x36, 0x32, 0x4E, 0x8C, 0xDC,
    0x7F, 0x6A, 0x77, 0x76, 0xCA, 0x3B, 0xD9, 0x41, 0x73, 0xE1, 0x8B, 0x11, 0x8E, 0xE8, 0x77, 0x6D,
    0xD9, 0xCF, 0xAF, 0x4E, 0x10, 0x3E, 0x29, 0xBB, 0xDA, 0x0F, 0xC1, 0x2F, 0xFB, 0x47, 0xE2, 0xFC,
    0xEF, 0x1C, 0x08, 0x37, 0xA4, 0xB0, 0x9E, 0x20, 0x5C, 0x7C, 0x33, 0x08, 0x33, 0x53, 0xE3, 0xDB,
    0x0C, 0x9E, 0xD8, 0x27, 0x0B, 0xD0, 0x34, 0x37, 0x67, 0x66, 0x82, 0xC1, 0x09, 0xF3, 0xEE, 0xC6,
    0x7D, 0x28, 0xC0, 0x86, 0x8C, 0x3C, 0x50, 0x4D, 0x4D, 0xA8, 0x58, 0x07, 0x20, 0x48, 0x1C, 0x08,
    0x13, 0x31, 0x22, 0x40, 0xCC, 0x3D, 0x70, 0xA0, 0xB6, 0xE3, 0xE9, 0xD3, 0x66, 0x2D, 0xE2, 0x61,
    0xCE, 0x8C, 0x22, 0x0B, 0xCE, 0xF8, 0x4C, 0xE6, 0xD0, 0xBD, 0x64, 0x20, 0x7E, 0x9E, 0xEB, 0x2E,
    0x22, 0xFB, 0x69, 0x1D, 0x97, 0xB6, 0x3A, 0x2B, 0x6A, 0x6E, 0x4A, 0x59, 0x64, 0x17, 0xFC, 0xE2,
    0x02, 0xF0, 0x2F, 0x41, 0x97, 0x7C, 0x79, 0x42, 0x9A, 0xCF, 0x90, 0x3E, 0x23, 0x5D, 0xF8, 0x9A,
    0x0D, 0x4A, 0x19, 0xDC, 0x75, 0x10, 0x17, 0xDA, 0x5F, 0x08, 0xB9, 0xAD, 0x6E, 0x79, 0xC2, 0x98,
    0x49, 0xFC, 0x1F, 0xAE, 0x27, 0x01, 0x0E, 0xE8, 0xF0, 0xB1, 0xED, 0x13, 0xDB, 0x2D, 0x4B, 0xB6,
    0xA9, 0xB0, 0xCE, 0x56, 0x01, 0xB2, 0x50, 0x99, 0x6C, 0x27, 0xFF, 0xE5, 0x44, 0xB2, 0x9B, 0xEC,
    0x15, 0xD1, 0x04, 0x08, 0xC3, 0x13, 0xDA, 0x1C, 0xD9, 0x24, 0xE9, 0xDF, 0x89, 0x6D, 0x1D, 0x32,
    0x80, 0x18, 0xA3, 0xF4, 0x59, 0xA5, 0xFE, 0x9B, 0xBF, 0x8A, 0xD2, 0xD7, 0xAB, 0x78, 0x07, 0x74,
    0x4E, 0xD4, 0x51, 0xA3, 0x2C, 0x96, 0x28, 0xEB, 0xA6, 0x2C, 0x0D, 0x41, 0x97, 0xB7, 0xBC, 0xB4,
    0xB2, 0xAB, 0x29, 0x12, 0x65, 0xCC, 0xBC, 0x15, 0xA4, 0x64, 0x93, 0xA1, 0x20, 0x22, 0xD2, 0x02,
    0x1C, 0x73, 0xE5, 0x20, 0x00, 0x69, 0x43, 0xD0, 0x20, 0x38, 0x08, 0x8E, 0x35, 0xCC, 0xA3, 0x1A,
    0xAE, 0x83, 0x12, 0xE4, 0x97, 0xC6, 0x10, 0x96, 0xB1, 0x24, 0xAB, 0x6A, 0x3A, 0xA0, 0xA6, 0x16,
    0x29, 0x15, 0xD4, 0xD8, 0x97, 0xC9, 0xC7, 0x0E, 0x5B, 0x44, 0xAB, 0xC8, 0x4B, 0x54, 0x38, 0xE4,
    0x1C, 0x5E, 0x01, 0xF3, 0xE8, 0xB6, 0xF2, 0x20, 0x08, 0x45, 0xB0, 0x2E, 0x0B, 0x22, 0xDB, 0x42,
    0xAE, 0x48, 0xB6, 0x08, 0x36, 0x28, 0xB8, 0x61, 0x24, 0xA0, 0x4B, 0x0A, 0xC4, 0xAE, 0xF8, 0xFF,
    0x89, 0x1C, 0x9F, 0xB0, 0x69, 0x61, 0x41, 0x93, 0xD9, 0xCB, 0xA3, 0xEC, 0x91, 0x76, 0x38, 0x20,
    0xB4, 0xBE, 0xBE, 0xA8, 0x0B, 0xC1, 0xBF, 0xB6, 0x70, 0x15, 0xAC, 0xFD, 0x11, 0x66, 0x90, 0x9D,
    0x6B, 0x0E, 0x97, 0x14, 0x80, 0x78, 0xAD, 0xEC, 0x32, 0xEB, 0xAA, 0xF9, 0xDB, 0x5A, 0x67, 0xD0,
    0x80, 0x83, 0xE0, 0x90, 0xB2, 0x19, 0x0F, 0x2B, 0x3B, 0xEA, 0xEC, 0x2C, 0x04, 0x35, 0x70, 0xC6,
    0x73, 0xF1, 0xE0, 0x49, 0xAB, 0x67, 0x4F, 0x1B, 0x3D, 0x7E, 0xAA, 0x29, 0x76, 0x6A, 0xE1, 0x5E,
    0x8F, 0x49, 0x1C, 0x5C, 0x02, 0xD8, 0x65, 0x80, 0x79, 0x5E, 0x90, 0x83, 0x23, 0x83, 0x1C, 0x9C,
    0x5A, 0x4D, 0x80, 0x59, 0xCE, 0x63, 0x55, 0x45, 0x9D, 0x62, 0xDD, 0x7E, 0x99, 0xE6, 0x1D, 0xDD,
    0x47, 0x39, 0xB0, 0x3E, 0x96, 0xDC, 0xD3, 0xC8, 0x20, 0x33, 0xA7, 0x90, 0x9B, 0xC5, 0xC6, 0x25,
    0xE5, 0x45, 0xBE, 0x91, 0x51, 0xFC, 0xB8, 0xBC, 0xD8, 0xCB, 0xCD, 0x11, 0xA0, 0x0B, 0xC2, 0x2D,
    0xA2, 0xA4, 0xD2, 0xE4, 0x10, 0x77, 0xB8, 0x2F, 0x25, 0x4B, 0xD1, 0x1F, 0x19, 0xB0, 0x64, 0x43,
    0xAC, 0x5E, 0x6E, 0x4B, 0x4E, 0x34, 0x38, 0x4C, 0xCA, 0x51, 0xB8, 0x02, 0x1B, 0x64, 0x6B, 0x39,
    0x86, 0xF0, 0x06, 0x87, 0xD8, 0x1E, 0x7D, 0xFD, 0x62, 0x59, 0x3F, 0x76, 0xB9, 0x8D, 0x61, 0x79,
    0x20, 0x75, 0x55, 0x42, 0xE7, 0xC3, 0xF9, 0x6F, 0xAA, 0x92, 0x57, 0x2D, 0x40, 0xCF, 0x90, 0x25,
    0xA8, 0x76, 0x56, 0x23, 0xD5, 0xE2, 0x2D, 0xD6, 0x4F, 0x13, 0xD2, 0xF5, 0x89, 0xB4, 0xE6, 0xCE,
    0xDC, 0xC5, 0x2A, 0x01, 0xE2, 0x04, 0x6D, 0x84, 0x73, 0x12, 0x6F, 0x28, 0xB0, 0xC1, 0x94, 0x9E,
    0xDD, 0x19, 0x97, 0x7E, 0x59, 0xA7, 0x58, 0xCF, 0xB5, 0xDC, 0x3F, 0xE3, 0xB2, 0xBE, 0xA1, 0xE7,
    0x36, 0xE1, 0xC2, 0xFD, 0xB2, 0xC4, 0x93, 0xF2, 0x91, 0xF4, 0x9E, 0x59, 0x95, 0x4E, 0xE3, 0x61,
    0xCC, 0x2B, 0x0D, 0x09, 0xD2, 0xAA, 0xA1, 0xF8, 0x18, 0x85, 0x3F, 0xCD, 0xC1, 0xD0, 0xA1, 0x50,
    0xAF, 0x22, 0x5D, 0xBF, 0x59, 0x93, 0x9A, 0xD4, 0x78, 0xB3, 0x74, 0x7B, 0x0C, 0xDE, 0xE4, 0xDE,
    0xAE, 0x5F, 0xDE, 0x61, 0x4C, 0x62, 0x4D, 0xEE, 0x6D, 0xBB, 0x24, 0xB1, 0x76, 0xEF, 0xCF, 0xED,
    0x98, 0x97, 0xC1, 0x2D, 0x7B, 0x4D, 0x8C, 0x88, 0x5C, 0xB2, 0x67, 0x65, 0xF2, 0x55, 0x2B, 0x01,
    0xCD, 0x81, 0x70, 0xFA, 0xEA, 0x18, 0x23, 0x85, 0x27, 0x1B, 0x24, 0xBA, 0x19, 0x53, 0x39, 0x36,
    0x50, 0xF6, 0x32, 0xB8, 0x88, 0x7A, 0x26, 0xC5, 0xA2, 0x81, 0x6A, 0x20, 0xB6, 0x64, 0x7D, 0x6C,
    0x73, 0x6E, 0xDD, 0x6A, 0xC1, 0xB3, 0xA1, 0xAB, 0x92, 0x2E, 0x22, 0x75, 0xC3, 0x42, 0xF5, 0xC2,
    0xE0, 0xA0, 0x88, 0x54, 0x07, 0xB4, 0xF6, 0x73, 0xEC, 0x8F, 0x0B, 0x25, 0x0E, 0x22, 0xEE, 0x93,
    0xD0, 0x89, 0xEB, 0x14, 0xDA, 0xDD, 0xD2, 0xAE, 0x57, 0x45, 0x63, 0x1A, 0xCD, 0xE2, 0xB1, 0x73,
    0x03, 0xFC, 0x71, 0xA2, 0xA4, 0x19, 0x8F, 0xAF, 0xEE, 0x19, 0xE7, 0xD0, 0xC9, 0xF3, 0x5C, 0xE8,
    0xB2, 0x55, 0x84, 0xE2, 0x4D, 0x95, 0xD0, 0x0B, 0xB9, 0x04, 0x40, 0x9E, 0x6E, 0xC7, 0xFA, 0x57,
    0x60, 0x11, 0xA2, 0xD3, 0x49, 0x84, 0xB4, 0xC2, 0x35, 0xB5, 0x80, 0x34, 0xEA, 0x12, 0x1A, 0x30,
    0xC8, 0x59, 0xDC, 0x82, 0xF4, 0xA4, 0x41, 0xA9, 0x25, 0x5D, 0x04, 0x56, 0xCB, 0x31, 0x63, 0xA3,
    0xC7, 0xDA, 0x2B, 0x9A, 0x54, 0xB4, 0xF5, 0x54, 0xDA, 0x61, 0xD2, 0xAE, 0xE2, 0xB4, 0x18, 0x54,
    0x55, 0x09, 0x69, 0xF3, 0x48, 0x9B, 0xB7, 0x9F, 0xB4, 0x51, 0x84, 0xDD, 0xF7, 0x9A, 0x38, 0xD4,
    0x7B, 0xC5, 0x5F, 0xCC, 0x8A, 0xBD, 0xCC, 0x8B, 0xDA, 0x17, 0x35, 0x30, 0xF7, 0xBD, 0x92, 0xC1,
    0x03, 0x5C, 0xC9, 0x3D, 0x93, 0xA0, 0x1E, 0xF5, 0x7C, 0x30, 0xC7, 0x8D, 0x08, 0x2A, 0xA8, 0xC2,
    0xB0, 0xA2, 0xDF, 0xCE, 0x62, 0x5E, 0x9E, 0x21, 0x09, 0x4A, 0x81, 0xA1, 0x95, 0xDE, 0xBA, 0xAA,
    0x0B, 0x40, 0x30, 0xAD, 0x92, 0x1D, 0x16, 0xE6, 0xD8, 0xCE, 0x36, 0xBD, 0xCC, 0xE3, 0x00, 0x85,
    0x31, 0xD0, 0xD4, 0xD3, 0xAC, 0xF6, 0xF6, 0x34, 0xA7, 0x4E, 0xC9, 0xE8, 0x98, 0x34, 0x2A, 0x36,
    0xE3, 0x17, 0x84, 0x27, 0xBF, 0x33, 0xA7, 0x16, 0x88, 0x06, 0x33, 0x71, 0x50, 0x0E, 0x13, 0x26,
    0xD3, 0x17, 0x7F, 0xF6, 0xFB, 0x55, 0x3E, 0x7E, 0xA6, 0xB9, 0x82, 0x62, 0x59, 0xFA, 0x37, 0x3B,
    0x3B, 0x88, 0xDF, 0x8D, 0xB9, 0x60, 0xF7, 0xF0, 0xCE, 0x3A, 0xA5, 0x25, 0x9D, 0x00, 0x91, 0x6F,
    0x7A, 0xEE, 0xA3, 0xF7, 0xBE, 0xC2, 0x93, 0x98, 0xF2, 0xEB, 0x67, 0xF2, 0x7D, 0xAF, 0x7E, 0xC3,
    0x31, 0xA7, 0x0C, 0x3B, 0xB4, 0xC9, 0xA8, 0x5B, 0x15, 0x17, 0x9A, 0x4C, 0x38, 0x31, 0x46, 0xF0,
    0x4C, 0xB0, 0x3F, 0x0B, 0x17, 0xBF, 0x0E, 0x17, 0x58, 0x3A, 0x22, 0xB3, 0x12, 0xE2, 0xF8, 0xDD,
    0x87, 0x8A, 0xA3, 0xC8, 0xD0, 0xC9, 0x4C, 0x84, 0x28, 0xAF, 0x44, 0x8A, 0x4A, 0x88, 0x11, 0xCE,
    0xF1, 0x21, 0x54, 0xC5, 0x07, 0xF3, 0x51, 0x41, 0x8F, 0xDE, 0xD5, 0x83, 0x28, 0xE8, 0x0D, 0x2D,
    0xBD, 0x58, 0xB7, 0x01, 0x1C, 0xEE, 0xCC, 0x9D, 0x85, 0xA1, 0x70, 0xA9, 0x3E, 0xF8, 0x1A, 0xE2,
    0xB5, 0x55, 0xB8, 0x18, 0x53, 0x60, 0xC9, 0xC7, 0x18, 0x53, 0xF6, 0x17, 0xBD, 0xF3, 0x4D, 0xC0,
    0xF2, 0x15, 0xAF, 0x96, 0x77, 0x25, 0xEC, 0x45, 0x19, 0x75, 0xB1, 0x8C, 0xB1, 0xFC, 0x0B, 0x9B,
    0x7D, 0xB9, 0x5A, 0x3E, 0x75, 0x61, 0xC2, 0x54, 0x15, 0xFD, 0x5A, 0x3E, 0xAF, 0x40, 0x26, 0xDD,
    0xAA, 0x38, 0xC1, 0x30, 0x6A, 0xEB, 0xEB, 0x5D, 0xAD, 0x07, 0xBF, 0x2A, 0xA2, 0x6D, 0xFF, 0x27,
    0x1E, 0x1C, 0x8A, 0xEF, 0xAC, 0xDD, 0xCB, 0xBE, 0x15, 0x9C, 0x37, 0xF3, 0x83, 0xAF, 0x70, 0x55,
    0xBC, 0x6B, 0xD9, 0x9A, 0x07, 0x19, 0xB9, 0xC0, 0x32, 0x71, 0xCE, 0x85, 0x33, 0x88, 0xA6, 0x31,
    0x7B, 0x26, 0xC4, 0x0A, 0x06, 0x52, 0x29, 0x37, 0xAE, 0x89, 0x9F, 0x8F, 0x54, 0x92, 0x30, 0xCE,
    0x6B, 0xB4, 0x6B, 0xC6, 0x5F, 0xA8, 0xD5, 0xE4, 0xFC, 0xD7, 0x81, 0x89, 0xC4, 0xE0, 0x23, 0x0B,
    0x38, 0xCC, 0xEC, 0x7D, 0x5B, 0xA0, 0x95, 0x34, 0xAC, 0x2C, 0x2B, 0x09, 0x51, 0x51, 0xD6, 0x50,
    0x1B, 0x51, 0x26, 0xC6, 0xBD, 0x40, 0x17, 0x6D, 0xD2, 0xA0, 0xC1, 0x4D, 0xC2, 0xC0, 0x2E, 0x66,
    0x62, 0x32, 0xEA, 0x13, 0x26, 0x07, 0x67, 0xF6, 0x1C, 0x33, 0xF7, 0x81, 0xFD, 0x15, 0xFB, 0x33,
    0x15, 0xF8, 0xF7, 0x5C, 0x23, 0x2A, 0x94, 0xB5, 0x9B, 0xD9, 0x31, 0x82, 0xB4, 0x24, 0x1D, 0xEB,
    0x82, 0xD6, 0xB1, 0x94, 0x59, 0xFB, 0x6C, 0xA8, 0xDB, 0xC7, 0xCE, 0x9A, 0x5C, 0xFB, 0x15, 0x57,
    0x7A, 0x2C, 0xDC, 0x30, 0x4D, 0xA9, 0x7D, 0x0A, 0xC6, 0x4D, 0x82, 0x08, 0xA4, 0x80, 0x2E, 0x58,
    0x94, 0xE4, 0x7E, 0x9F, 0x60, 0xAC, 0x39, 0x56, 0x74, 0xFC, 0x33, 0xB8, 0xFD, 0xD6, 0x5D, 0x8D,
    0x74, 0x4C, 0xBC, 0x44, 0x4C, 0xF9, 0x8A, 0x54, 0x5A, 0xA6, 0x5F, 0x5C, 0xFB, 0xD3, 0x74, 0xFC,
    0x14, 0x2D, 0xA7, 0x22, 0x86, 0xC8, 0xCC, 0xB4, 0xAB, 0x64, 0xD7, 0x51, 0x47, 0xD8, 0xEC, 0xE5,
    0x9D, 0xAC, 0x1A, 0xD6, 0xC6, 0x96, 0x80, 0xD4, 0xFD, 0xFD, 0xBD, 0x69, 0x3E, 0xF9, 0xE0, 0x70,
    0x77, 0xB1, 0x43, 0xBB, 0x22, 0x59, 0x7B, 0x5E, 0x59, 0xEF, 0x15, 0x54, 0xF0, 0x7A, 0xC4, 0x3D,
    0xF5, 0x82, 0x39, 0xC5, 0xF9, 0x9C, 0x56, 0xA6, 0x4D, 0xF2, 0x5A, 0xEB, 0xF2, 0x50, 0xB5, 0x99,
    0xB4, 0x20, 0x9B, 0x60, 0xF8, 0x36, 0xDE, 0x21, 0xEF, 0xB2, 0xF9, 0xB9, 0x8C, 0x2D, 0x1E, 0x30,
    0x37, 0xC9, 0xD6, 0x94, 0x07, 0x4E, 0xD4, 0x6A, 0xB6, 0x07, 0x7E, 0x87, 0xAE, 0x9B, 0x35, 0x0D,
    0xB7, 0x39, 0x2F, 0x4B, 0x18, 0xB9, 0x9B, 0x6F, 0x28, 0x8D, 0x5E, 0x9B, 0xDA, 0xE7, 0xD0, 0x0F,
    0x37, 0x0F, 0x6C, 0x2E, 0x74, 0x9E, 0x03, 0xA5, 0x5C, 0x55, 0x5C, 0xDC, 0x44, 0xE7, 0x8A, 0x9A,
    0x63, 0xA6, 0xF1, 0xBA, 0xA3, 0xD8, 0x38, 0x93, 0x68, 0x1C, 0xD5, 0x54, 0xDB, 0x8C, 0xDB, 0x41,
    0x79, 0xA5, 0xEA, 0x86, 0xB3, 0xD2, 0x8D, 0x59, 0x4D, 0x0E, 0x68, 0xFF, 0x54, 0x0B, 0xE3, 0x34,
    0x47, 0x76, 0x3C, 0xC5, 0xB7, 0x46, 0x17, 0xCC, 0xDC, 0xAD, 0x77, 0xAD, 0xEF, 0xAE, 0x9E, 0xB4,
    0xD2, 0x02, 0x8E, 0x05, 0xEA, 0x4C, 0x2E, 0xFB, 0xDE, 0xC7, 0x2C, 0xC7, 0x28, 0x3E, 0x94, 0x1E,
    0x0A, 0x0F, 0x65, 0x87, 0xA2, 0x43, 0x5E, 0x50, 0x70, 0xC8, 0x05, 0x8A, 0x0D, 0xF1, 0xA7, 0xD0,
    0x50, 0x66, 0x08, 0x3B, 0x31, 0x07, 0xE0, 0x45, 0xBA, 0x10, 0x1B, 0x99, 0x4B, 0xBC, 0xC8, 0x3E,
    0xB6, 0xF5, 0x7C, 0xD5, 0xD2, 0xA3, 0x22, 0x7F, 0xD9, 0x59, 0xC8, 0x52, 0xC0, 0x3D, 0xBD, 0xD7,
    0x3D, 0x63, 0xA8, 0x7E, 0xF5, 0x11, 0x9A, 0xC9, 0xEB, 0x51, 0xFB, 0xB1, 0xB6, 0xB9, 0xC2, 0x3B,
    0xF3, 0x54, 0x2E, 0x95, 0xD1, 0x49, 0x0B, 0xA3, 0x1C, 0x75, 0xD8, 0x27, 0xEA, 0x69, 0xD7, 0x7B,
    0x58, 0xF4, 0xA8, 0x07, 0x6C, 0x32, 0x36, 0x0C, 0x7F, 0xD1, 0xD4, 0xD8, 0xA3, 0x91, 0x35, 0xEE,
    0xA0, 0x40, 0x12, 0x8E, 0x69, 0xC3, 0x71, 0xC1, 0x94, 0xB6, 0x96, 0x5C, 0xAA, 0x1C, 0x99, 0x2C,
    0xE1, 0x1D, 0x5C, 0x41, 0x39, 0xA0, 0xDC, 0x34, 0x14, 0x01, 0xEB, 0x55, 0x9B, 0x2B, 0xD1, 0x3B,
    0x6F, 0x26, 0x59, 0xEC, 0x5D, 0xAD, 0x6C, 0xBE, 0xAB, 0x0C, 0xA2, 0x07, 0x04, 0xC9, 0x35, 0x89,
    0xCF, 0x42, 0x07, 0x5D, 0xBA, 0x60, 0xEA, 0x86, 0xE4, 0xE7, 0x18, 0x64, 0xD7, 0x1C, 0x43, 0x89,
    0xF4, 0x8D, 0x9D, 0x97, 0x73, 0x39, 0x5D, 0x5E, 0x93, 0x04, 0xA1, 0x20, 0x69, 0xE5, 0x4E, 0x4C,
    0x3A, 0x37, 0x8E, 0x65, 0xAB, 0x8F, 0xC3, 0x44, 0x59, 0xC4, 0x24, 0xE7, 0x25, 0xA2, 0xAC, 0x8D,
    0x9D, 0x94, 0x88, 0x97, 0xB2, 0xA3, 0x80, 0x1E, 0x53, 0xE5, 0xC1, 0x3C, 0xA8, 0xF4, 0x33, 0x2F,
    0x1E, 0x21, 0x64, 0x0A, 0x60, 0x3D, 0x55, 0xBE, 0xDF, 0x60, 0x9A, 0x53, 0xAF, 0x20, 0xF7, 0x95,
    0x7F, 0xC0, 0xA4, 0x21, 0x2A, 0xB6, 0x7E, 0x0B, 0xB3, 0x14, 0xD6, 0x29, 0x41, 0xBE, 0x7E, 0x14,
    0xC0, 0x34, 0x5B, 0x57, 0x5E, 0xC4, 0x45, 0xBE, 0x85, 0x73, 0xE5, 0xCF, 0x40, 0xBF, 0xF5, 0xC8,
    0x69, 0x07, 0x0B, 0xE4, 0x84, 0xC2, 0xE2, 0xE2, 0x5E, 0x6D, 0xEC, 0x8A, 0x2A, 0x61, 0x65, 0x7F,
    0x6A, 0xBD, 0x2A, 0x6D, 0x21, 0xAD, 0xD8, 0xB8, 0x93, 0xA1, 0x96, 0xC5, 0x91, 0xE8, 0x32, 0xDD,
    0x59, 0x53, 0x9B, 0x8A, 0xEB, 0x0D, 0x80, 0x0D, 0x11, 0x36, 0x84, 0x58, 0x31, 0x56, 0x90, 0x1D,
    0xCA, 0x23, 0xCC, 0x13, 0x00, 0xD5, 0x27, 0x77, 0x35, 0x44, 0xC2, 0x58, 0x36, 0x9E, 0x96, 0x73,
    0x65, 0x83, 0x4B, 0x46, 0x9B, 0x61, 0x45, 0x35, 0xFA, 0xDA, 0x01, 0x7C, 0x76, 0x4C, 0x16, 0x9F,
    0x58, 0x66, 0x89, 0xB5, 0x90, 0x58, 0x69, 0x62, 0x4E, 0x55, 0x19, 0x4B, 0x89, 0xAF, 0xEF, 0x30,
    0x22, 0x09, 0x58, 0xD7, 0x66, 0xBB, 0xF0, 0xB5, 0x37, 0xE9, 0x9A, 0x6B, 0xB8, 0x39, 0x96, 0x13,
    0xD7, 0xBF, 0xE9, 0x5C, 0x22, 0x51, 0x63, 0x2C, 0x79, 0x3B, 0x8C, 0x66, 0xED, 0x32, 0xAC, 0x01,
    0x8D, 0x23, 0x60, 0xA9, 0x5C, 0x3F, 0x40, 0x5A, 0x91, 0x05, 0x6C, 0xBA, 0x67, 0x77, 0x19, 0x61,
    0x74, 0x8C, 0x58, 0xC3, 0x98, 0x29, 0xAD, 0x84, 0x35, 0x4A, 0x18, 0x20, 0x6B, 0x5F, 0x41, 0xA2,
    0x1D, 0x39, 0x47, 0x31, 0x16, 0x82, 0x75, 0x8F, 0x1C, 0x96, 0xA0, 0xDD, 0xA1, 0xA3, 0x0B, 0x89,
    0x5D, 0x6D, 0x13, 0x56, 0x25, 0x2B, 0xF3, 0x5D, 0x39, 0x41, 0xCE, 0xEE, 0xAE, 0x8C, 0xA0, 0xDF,
    0xDB, 0x56, 0x3B, 0xE6, 0x7A, 0xE1, 0x39, 0x03, 0xFD, 0x85, 0xF9, 0x0E, 0xF0, 0x17, 0x81, 0xF8,
    0x25, 0x38, 0x60, 0x87, 0x1F, 0x36, 0x48, 0xCE, 0x7E, 0xC4, 0xD2, 0xA8, 0xA8, 0x54, 0x36, 0x2F,
    0x0B, 0x1F, 0x46, 0x27, 0xCC, 0x75, 0x7E, 0x69, 0xD6, 0xA8, 0x58, 0x36, 0x2D, 0x68, 0x15, 0xE4,
    0xB1, 0x6C, 0xAF, 0x76, 0x78, 0x6D, 0xD4, 0xF6, 0xED, 0x9C, 0x55, 0xD2, 0x2A, 0xEE, 0x81, 0xBA,
    0x04, 0x69, 0x12, 0xCB, 0x45, 0x76, 0x39, 0x22, 0x6C, 0x13, 0x5E, 0xA1, 0x32, 0x32, 0xB0, 0x5D,
    0x42, 0xE3, 0xD8, 0xFE, 0xC7, 0xB4, 0xB2, 0x10, 0xD8, 0x78, 0x40, 0xE7, 0xB2, 0x8A, 0x49, 0x8A,
    0x62, 0xAB, 0xDA, 0x15, 0x64, 0x1C, 0x07, 0x4D, 0x38, 0x42, 0x22, 0xB5, 0xF5, 0x5B, 0xCC, 0x8F,
    0x6C, 0xE8, 0xD9, 0x5A, 0x62, 0xB9, 0xA2, 0xEC, 0x25, 0x96, 0xCB, 0x10, 0x9B, 0x33, 0xBA, 0xA2,
    0x71, 0x51, 0x6B, 0x42, 0x14, 0xB2, 0xCD, 0x70, 0x2A, 0xB5, 0x4F, 0x23, 0xDF, 0xFE, 0x1C, 0x96,
    0x39, 0x53, 0x8A, 0x45, 0x7A, 0x39, 0x91, 0xEF, 0xEA, 0x58, 0x54, 0x48, 0xF5, 0x98, 0x61, 0xBB,
    0x3A, 0x13, 0x97, 0xD1, 0x7A, 0x2D, 0x65, 0x12, 0xE8, 0xDF, 0xEF, 0x03, 0x08, 0x87, 0x0F, 0x91,
    0xE9, 0x4B, 0x63, 0x00, 0xED, 0x4F, 0x52, 0xFF, 0xFF, 0xC6, 0x24, 0xD6, 0xDC, 0x5E, 0xA5, 0xB6,
    0x1B, 0xD8, 0xF7, 0x46, 0xA4, 0x23, 0xFD, 0xCF, 0xBF, 0x06, 0x93, 0xFE, 0xF7, 0x69, 0xF9, 0x6E,
    0xF0, 0x28, 0x8D, 0xDA, 0x16, 0xAF, 0x1F, 0xFC, 0xB0, 0x6B, 0xF9, 0xED, 0x07, 0x48, 0x6D, 0x4F,
    0xAA, 0x04, 0xED, 0xE8, 0xE8, 0xD3, 0xCF, 0xA7, 0x9B, 0x7F, 0x76, 0xE2, 0xE4, 0x6F, 0x65, 0xDE,
    0xE5, 0x55, 0x23, 0x67, 0xC9, 0x5C, 0xC1, 0x17, 0x37, 0x72, 0x1E, 0x2A, 0xD8, 0x9F, 0x40, 0x0D,
    0x28, 0x85, 0x7B, 0x15, 0xBF, 0xDF, 0x69, 0x85, 0x9C, 0xD9, 0x02, 0xE3, 0xDB, 0x87, 0x24, 0x88,
    0x63, 0xA6, 0x41, 0x33, 0x6A, 0x1A, 0x15, 0xA4, 0x93, 0x76, 0xDE, 0x5D, 0xF9, 0x85, 0xDC, 0x5E,
    0x66, 0xE2, 0x99, 0x79, 0x1C, 0x6C, 0x98, 0x57, 0xAC, 0xC7, 0x15, 0x08, 0xA3, 0x44, 0x37, 0xA1,
    0xD3, 0xA4, 0xF0, 0xB6, 0x97, 0xB5, 0x1B, 0x2E, 0x50, 0x0E, 0x7A, 0x8C, 0x7A, 0xE9, 0x9A, 0x39,
    0x7F, 0xA7, 0x54, 0x4D, 0x4C, 0xE1, 0x80, 0xDF, 0x7C, 0xBC, 0x80, 0xC8, 0x24, 0x34, 0x89, 0x79,
    0x05, 0x83, 0x82, 0x90, 0x61, 0xEE, 0x74, 0x66, 0x8A, 0xBE, 0x55, 0x41, 0xE9, 0xB6, 0x7E, 0x62,
    0x89, 0x79, 0x01, 0x27, 0x8E, 0xFC, 0x68, 0x63, 0x39, 0x77, 0x1F, 0x6C, 0xE4, 0xE7, 0x1A, 0x59,
    0xBC, 0x3D, 0xB3, 0x61, 0x38, 0x84, 0x9C, 0xF2, 0xF6, 0x60, 0xFC, 0x41, 0xAC, 0x45, 0xD0, 0x49,
    0x8C, 0x21, 0x8F, 0xDE, 0x84, 0xE8, 0xA1, 0x77, 0x97, 0x35, 0x10, 0xF6, 0x8A, 0x80, 0xAC, 0xC4,
    0x2E, 0x46, 0x33, 0x97, 0x76, 0xF4, 0xBE, 0x45, 0xFE, 0xE4, 0xF1, 0xBC, 0x98, 0xB5, 0x22, 0x59,
    0x22, 0x95, 0xC9, 0xC0, 0xEC, 0xCE, 0x30, 0x69, 0x25, 0xA5, 0x30, 0xB3, 0x4A, 0x8C, 0x7C, 0xDE,
    0x6F, 0x64, 0x85, 0xDE, 0x6F, 0x8C, 0x5F, 0x9B, 0xEB, 0x9B, 0x20, 0x12, 0x43, 0x42, 0x48, 0x04,
    0x09, 0x20, 0xF1, 0x23, 0x7C, 0x5A, 0x09, 0x6A, 0x46, 0xEC, 0x08, 0x1D, 0x91, 0x53, 0xE0, 0x88,
    0x5B, 0xAC, 0xD5, 0xD8, 0x9A, 0xA0, 0x11, 0x33, 0x42, 0x46, 0xC4, 0x08, 0x18, 0xF1, 0x22, 0x5C,
    0x8A, 0x96, 0x82, 0x45, 0xD5, 0x8D, 0xDB, 0xC9, 0x70, 0x61, 0x86, 0x8F, 0x2D, 0xB2, 0x61, 0x77,
    0xA3, 0x5F, 0x77, 0xDF, 0xB1, 0x3A, 0x40, 0x20, 0x58, 0xA2, 0xD3, 0x8F, 0x3A, 0x0D, 0xCB, 0xF8,
    0x06, 0xAA, 0xEE, 0x29, 0x3B, 0x7E, 0x68, 0x1A, 0x8F, 0xFD, 0x1F, 0xD5, 0x58, 0x3F, 0x8F, 0xDD,
    0x44, 0x10, 0x1F, 0xAF, 0xC9, 0x59, 0x8A, 0x8B, 0x4D, 0x01, 0x4D, 0x4E, 0x8A, 0x6B, 0x40, 0x89,
    0xBF, 0x40, 0x72, 0x6B, 0xF1, 0x09, 0xAE, 0x89, 0x28, 0xD2, 0x50, 0x50, 0x20, 0x1A, 0xDA, 0x14,
    0x0F, 0xEC, 0xD4, 0x29, 0xB8, 0x92, 0x2E, 0x57, 0x50, 0x84, 0x50, 0x40, 0x49, 0xA4, 0x23, 0x76,
    0x97, 0x82, 0xC6, 0xE2, 0x13, 0x58, 0x22, 0x22, 0x52, 0x28, 0xCE, 0x85, 0x23, 0x39, 0xC2, 0xF6,
    0xF2, 0x9B, 0x19, 0xFB, 0xDE, 0x4B, 0xEE, 0x22, 0x52, 0x24, 0x1C, 0xCF, 0x4F, 0x6F, 0xD6, 0x7E,
    0x6F, 0x3D, 0x3B, 0xF3, 0x9B, 0x3F, 0x3B, 0xB3, 0x44, 0x7C, 0xED, 0xFA, 0x8E, 0xA8, 0x3C, 0x9E,
    0xC8, 0x4C, 0x81, 0xA7, 0x70, 0x20, 0x4F, 0xD1, 0x40, 0x8F, 0x28, 0x9A, 0x68, 0x9F, 0x42, 0x5F,
    0x13, 0xC8, 0x88, 0x79, 0xDE, 0x57, 0x44, 0xA9, 0x6F, 0x89, 0x8C, 0xEF, 0xF1, 0xEC, 0x06, 0x4A,
    0xC8, 0x0E, 0xE4, 0x32, 0x4C, 0xCF, 0x8B, 0xA8, 0xA7, 0xBC, 0xB6, 0x2D, 0xA5, 0x13, 0x5E, 0x89,
    0xFC, 0x84, 0x19, 0x09, 0xB3, 0x4F, 0x0B, 0x26, 0x78, 0x8B, 0xC2, 0x6E, 0x21, 0x31, 0x1E, 0x63,
    0xE6, 0x1C, 0x4F, 0x22, 0xC2, 0x21, 0x7D, 0x48, 0x74, 0x14, 0x0C, 0x60, 0xCA, 0x7F, 0xA5, 0xBC,
    0x92, 0xF5, 0x3C, 0x71, 0xA4, 0xCD, 0x2B, 0xF7, 0x07, 0x60, 0x8D, 0xD5, 0xD3, 0xCE, 0x4E, 0x94,
    0x57, 0xA1, 0x27, 0x5F, 0x84, 0x13, 0x88, 0x81, 0xD8, 0x45, 0xB0, 0x4F, 0xFC, 0x26, 0xB1, 0x42,
    0x54, 0x32, 0x6B, 0xE7, 0x1B, 0x88, 0xE1, 0xC1, 0x18, 0xAF, 0xF1, 0x8F, 0xFC, 0x7F, 0xC2, 0x2B,
    0x1B, 0xDF, 0xEC, 0x14, 0x54, 0xB6, 0x69, 0x45, 0xAE, 0xCD, 0x41, 0x9A, 0xB2, 0x26, 0x57, 0xE7,
    0x2D, 0xB9, 0xCA, 0xF5, 0x81, 0xCF, 0xAC, 0x3F, 0x1E, 0x29, 0xF0, 0x3C, 0x17, 0x7C, 0x89, 0x76,
    0xB2, 0xE0, 0x90, 0xE2, 0xDA, 0xD6, 0x50, 0x21, 0xCF, 0xF0, 0xCF, 0xB8, 0xAC, 0x94, 0xD7, 0x9B,
    0x32, 0xBE, 0x3B, 0x38, 0x3F, 0x20, 0x46, 0x05, 0x57, 0x97, 0x0A, 0x75, 0xB5, 0xEB, 0x76, 0x5B,
    0x07, 0xF9, 0x4D, 0x7B, 0x83, 0x72, 0xD0, 0x15, 0x95, 0x8D, 0x69, 0x3E, 0x27, 0x5F, 0x9B, 0x03,
    0xAC, 0x20, 0x72, 0x09, 0x22, 0x81, 0x50, 0xE3, 0xD9, 0x16, 0xA1, 0xCF, 0x84, 0xF2, 0x9F, 0xD1,
    0x06, 0x55, 0x5B, 0x58, 0x41, 0x1C, 0x72, 0xB0, 0xFD, 0x84, 0xA6, 0xFD, 0x9A, 0xE6, 0xBD, 0xCA,
    0x20, 0x28, 0x0A, 0xCF, 0x2B, 0x74, 0x62, 0x64, 0x08, 0x22, 0xDC, 0x18, 0x13, 0xB5, 0x33, 0xED,
    0xB6, 0x32, 0xBF, 0x3E, 0x61, 0x4F, 0x74, 0x1D, 0x5F, 0x70, 0x09, 0xF1, 0x4D, 0x3A, 0x06, 0xB8,
    0x05, 0xBF, 0xF6, 0x42, 0xF9, 0x7C, 0x9F, 0x60, 0x01, 0x11, 0x17, 0x5F, 0x16, 0x98, 0xC5, 0x65,
    0x61, 0x59, 0x54, 0xFE, 0x02, 0x41, 0x71, 0x08, 0xFE, 0xB2, 0x98, 0xB1, 0xBF, 0x85, 0xDF, 0x27,
    0xCC, 0xC5, 0x5A, 0x0F, 0xC1, 0x56, 0x60, 0x85, 0x24, 0x29, 0x8B, 0x57, 0xD1, 0xA5, 0xBC, 0x80,
    0x03, 0x40, 0xAC, 0x27, 0x8C, 0xC0, 0x01, 0x7D, 0x01, 0xDA, 0x89, 0x5C, 0x63, 0x52, 0x8B, 0x37,
    0x31, 0x10, 0x4E, 0x14, 0x4E, 0xFA, 0x97, 0x1C, 0xED, 0xFF, 0x87, 0x33, 0xD1, 0x4D, 0x59, 0x85,
    0xD9, 0x0F, 0x33, 0xBE, 0xE1, 0x63, 0xAC, 0x6C, 0xBF, 0xC5, 0x32, 0xAE, 0xE0, 0xB5, 0x33, 0x99,
    0xCD, 0xAE, 0x05, 0x72, 0xCB, 0xDF, 0x9C, 0xE3, 0x47, 0x16, 0x11, 0x22, 0x0B, 0xC9, 0x0A, 0xAE,
    0x5B, 0xEC, 0x25, 0x24, 0x6F, 0x38, 0x38, 0xEA, 0x85, 0x88, 0x46, 0xE5, 0xF3, 0x9F, 0x4F, 0x02,
    0x88, 0x35, 0xD9, 0x7F, 0x2B, 0xB0, 0x5C, 0xFC, 0xD1, 0x3F, 0x2B, 0x84, 0x4F, 0xF5, 0x56, 0x60,
    0x79, 0x73, 0x77, 0x72, 0xDE, 0x67, 0x1F, 0xFB, 0x67, 0x6F, 0xE6, 0x4E, 0x17, 0x98, 0xB7, 0xC4,
    0x3D, 0x4B, 0x13, 0x56, 0x92, 0x4B, 0xEE, 0xB1, 0x59, 0xBF, 0x91, 0x44, 0x42, 0x5D, 0x22, 0x92,
    0xEE, 0x9B, 0x27, 0xF4, 0xCA, 0x85, 0x75, 0x60, 0x81, 0x2C, 0xF7, 0x1E, 0xD2, 0x64, 0x1C, 0xF1,
    0xB6, 0x01, 0xE3, 0x82, 0xE2, 0x4A, 0x7C, 0xC2, 0x16, 0xB2, 0xBC, 0xCD, 0x44, 0xF1, 0x44, 0x35,
    0x4F, 0x54, 0x86, 0x54, 0x75, 0xDF, 0xD3, 0xE1, 0x86, 0x62, 0xB0, 0x52, 0xF5, 0x8F, 0xD4, 0x6A,
    0xBD, 0x9A, 0x0C, 0x03, 0x72, 0x15, 0x71, 0xAE, 0x69, 0x28, 0x68, 0x65, 0x30, 0xAD, 0xD8, 0x2F,
    0x6C, 0xE4, 0x09, 0xCB, 0xF1, 0x94, 0xA4, 0x60, 0x1F, 0x0F, 0x4A, 0x45, 0xAE, 0x17, 0x6B, 0x20,
    0x8D, 0xAE, 0xD5, 0x53, 0x5D, 0xF1, 0xE2, 0x0D, 0xFE, 0x6B, 0x3C, 0x62, 0x74, 0x18, 0x82, 0xF8,
    0x0E, 0xDB, 0xFE, 0x02, 0xED, 0x66, 0xAF, 0xA8, 0x57, 0x01, 0x39, 0x50, 0xE0, 0x06, 0xAD, 0x20,
    0x27, 0x94, 0x12, 0xCA, 0xC2, 0x32, 0xED, 0x59, 0xB1, 0xB4, 0x63, 0xBD, 0x20, 0x29, 0xA6, 0x81,
    0x62, 0x02, 0x7C, 0x0C, 0x14, 0x3C, 0x13, 0xA4, 0xD7, 0x1A, 0x2A, 0x85, 0x30, 0x4A, 0xDA, 0xC5,
    0x6C, 0x9A, 0xFE, 0x2A, 0xDF, 0xFB, 0xCE, 0xFF, 0x59, 0x20, 0x3B, 0x03, 0xB6, 0xD8, 0x67, 0x48,
    0x88, 0xF0, 0xB9, 0x40, 0x62, 0x54, 0xF2, 0x2C, 0x02, 0x56, 0x12, 0x4C, 0xA9, 0xC3, 0x56, 0x63,
    0xAE, 0xFB, 0xCA, 0x42, 0xAB, 0x73, 0x47, 0xF8, 0x7D, 0x7C, 0x88, 0xB5, 0xBF, 0x2E, 0x12, 0x7C,
    0x22, 0xE1, 0x96, 0x28, 0xD0, 0xB1, 0xCA, 0x17, 0x3C, 0xA4, 0xAD, 0x87, 0x7D, 0x9F, 0xB3, 0x58,
    0xD0, 0x1A, 0x4E, 0x77, 0xE3, 0xAE, 0xD4, 0x0A, 0x92, 0xAB, 0x9D, 0x24, 0x9F, 0xB8, 0xA1, 0x73,
    0x37, 0x84, 0x19, 0xE7, 0xFD, 0x47, 0x76, 0xD4, 0x44, 0x32, 0x0F, 0x5D, 0x35, 0x92, 0x4B, 0xAF,
    0x85, 0x32, 0xD8, 0x9F, 0xAA, 0x75, 0xDA, 0xD4, 0xBC, 0xBC, 0xAD, 0xF6, 0x50, 0xC4, 0x73, 0xD1,
    0xB9, 0x97, 0x72, 0xB1, 0xB5, 0x6B, 0xFA, 0xE8, 0xD1, 0x3A, 0xF5, 0x07, 0xD9, 0x79, 0x5A, 0x85,
    0x1E, 0xEC, 0x1C, 0xB2, 0x71, 0xA6, 0xA4, 0x95, 0x0A, 0xC7, 0xB1, 0x05, 0x6C, 0x3D, 0x6D, 0x04,
    0xCB, 0xED, 0xB0, 0xDE, 0xFA, 0xF0, 0x30, 0xF7, 0x2F, 0xE3, 0x39, 0xEE, 0x59, 0xBD, 0xA4, 0xF1,
    0xA2, 0x1C, 0x6F, 0xC2, 0xBF, 0x46, 0x60, 0x14, 0x34, 0xF6, 0xBC, 0x77, 0x82, 0xAD, 0x01, 0x54,
    0x6B, 0xE0, 0xB9, 0x2C, 0xA6, 0x5C, 0xF1, 0x9A, 0x7B, 0x99, 0xB9, 0x0E, 0xF6, 0xDF, 0xE9, 0xB6,
    0x2B, 0x45, 0xCE, 0x5C, 0x7F, 0xFE, 0xC7, 0x88, 0x26, 0x22, 0xDE, 0xB0, 0x2E, 0xD7, 0x23, 0xCD,
    0xF7, 0x5A, 0xC6, 0x8F, 0x9F, 0x49, 0xF9, 0xAA, 0x5B, 0xAE, 0xFA, 0xF6, 0xCE, 0xFD, 0xC5, 0xF6,
    0xC9, 0xB4, 0xEE, 0xC9, 0xE6, 0x9B, 0x60, 0x9A, 0xD5, 0x85, 0xF6, 0x76, 0xDE, 0xD1, 0x6C, 0x61,
    0x1A, 0x3A, 0xFB, 0x42, 0x11, 0x49, 0x06, 0x1D, 0x98, 0x2F, 0xD8, 0xAA, 0x71, 0xCD, 0x99, 0x98,
    0xA5, 0x86, 0x45, 0xE3, 0x4E, 0x6A, 0x45, 0xD7, 0xF0, 0xCF, 0x7C, 0x07, 0xAC, 0xAD, 0x16, 0x71,
    0x10, 0x27, 0xE1, 0xE6, 0xAB, 0x0A, 0x70, 0xE7, 0xA4, 0xB2, 0x0C, 0x51, 0x1C, 0x7C, 0x2D, 0x95,
    0x66, 0x74, 0xDC, 0x89, 0x36, 0xBE, 0xB2, 0xF7, 0xFA, 0xA0, 0x93, 0xBB, 0x04, 0xD5, 0x5B, 0x2B,
    0x77, 0x7B, 0x76, 0x88, 0xB4, 0xB8, 0x5D, 0xD9, 0x81, 0x2D, 0x08, 0xAD, 0x7A, 0x3B, 0x58, 0x16,
    0xBA, 0xFC, 0xBD, 0x8D, 0xC7, 0x54, 0x34, 0xFD, 0xA3, 0x89, 0xC6, 0x3D, 0x51, 0xEC, 0x29, 0x8C,
    0xB1, 0x92, 0xBB, 0x63, 0x34, 0x99, 0xFD, 0xAC, 0xEC, 0x8C, 0x08, 0x76, 0x8C, 0xD0, 0x8B, 0x6E,
    0x8E, 0x2D, 0x23, 0xFA, 0xBA, 0x7E, 0x2E, 0xFD, 0xD9, 0x2A, 0x81, 0xE2, 0x02, 0x25, 0x82, 0x05,
    0x21, 0xF3, 0xC3, 0x9C, 0xDB, 0xE7, 0xF0, 0x91, 0x70, 0x9A, 0xB8, 0x5B, 0x01, 0xFE, 0xB1, 0x34,
    0x49, 0xD5, 0x29, 0xBC, 0xF2, 0x81, 0x2E, 0x1E, 0x9A, 0xBE, 0x1C, 0xC9, 0x76, 0xD1, 0x00, 0x4F,
    0x4E, 0x3B, 0x33, 0x46, 0x23, 0x2F, 0xC6, 0x03, 0x4A, 0xE2, 0x21, 0x1C, 0xE9, 0x6F, 0x1E, 0xA6,
    0xE0, 0xAF, 0x81, 0xFA, 0x70, 0x0A, 0x7F, 0x1B, 0x82, 0x36, 0x9C, 0xA2, 0xBB, 0x43, 0xD8, 0x84,
    0x93, 0x8D, 0x87, 0xA8, 0x0A, 0xA7, 0x2B, 0x31, 0x54, 0x0D, 0xA7, 0xEB, 0xD1, 0x90, 0x52, 0x38,
    0xDD, 0x8E, 0x86, 0x15, 0x86, 0x36, 0x1A, 0x3A, 0xD6, 0x23, 0xF2, 0x1C, 0x47, 0x55, 0xE4, 0x25,
    0x8E, 0x38, 0x78, 0xD0, 0x55, 0x47, 0xEA, 0x9A, 0x81, 0xCA, 0xF1, 0x40, 0xA4, 0x9D, 0x35, 0xD5,
    0x96, 0x8E, 0xDC, 0x5D, 0xC1, 0x62, 0x34, 0x8C, 0x35, 0x42, 0xE4, 0x97, 0x33, 0x8C, 0x8C, 0x90,
    0xE0, 0xB8, 0x35, 0x18, 0x98, 0x3D, 0x12, 0xA8, 0x61, 0x2B, 0xAB, 0x39, 0xD3, 0x4C, 0xFA, 0x04,
    0xC6, 0x1B, 0x12, 0xF0, 0x7A, 0xDC, 0x47, 0x08, 0x80, 0x62, 0x2B, 0xD7, 0x89, 0x79, 0xD2, 0x3E,
    0xD5, 0x86, 0x60, 0xA5, 0xF5, 0x78, 0xAF, 0x0D, 0x83, 0xFA, 0xA9, 0x4A, 0xA4, 0xDD, 0xD6, 0xDC,
    0x6E, 0x2D, 0x7B, 0xE3, 0xDC, 0x73, 0xDA, 0x79, 0x4F, 0x55, 0x7D, 0xD2, 0x71, 0x6E, 0xF0, 0xDA,
    0xF5, 0x20, 0x0A, 0xD2, 0xBF, 0x29, 0xD8, 0x9C, 0x56, 0x90, 0x23, 0x6C, 0x92, 0xE9, 0x86, 0x05,
    0xF0, 0x8D, 0x0C, 0xF0, 0xD7, 0x3C, 0x13, 0x2F, 0x70, 0x99, 0xA4, 0x16, 0xA7, 0xFB, 0xD8, 0x9E,
    0x76, 0x35, 0x2B, 0x15, 0x46, 0xDA, 0xB2, 0x91, 0x13, 0x0C, 0x02, 0x99, 0x33, 0x0B, 0x5A, 0x92,
    0x48, 0x9C, 0xC1, 0x4B, 0xA6, 0x35, 0x5E, 0xFC, 0x30, 0xF0, 0x47, 0x9A, 0x30, 0x34, 0xA7, 0xA8,
    0xD3, 0x51, 0x59, 0x9D, 0x4E, 0x2D, 0x46, 0x9B, 0x58, 0xAB, 0x33, 0x72, 0x46, 0xEE, 0x52, 0x34,
    0xA9, 0xDF, 0xCA, 0xCB, 0x5F, 0x4D, 0xD9, 0x52, 0xF2, 0xBF, 0x27, 0xEA, 0x15, 0xF2, 0x7E, 0x5E,
    0x09, 0x78, 0xF3, 0xE0, 0xB2, 0xFC, 0xF5, 0x21, 0xBB, 0x35, 0xD6, 0xBC, 0xFC, 0xBD, 0x82, 0xA0,
    0xCF, 0x1A, 0x95, 0xA1, 0xBE, 0xA9, 0xF9, 0x8D, 0xF3, 0xC8, 0xAB, 0x57, 0xC4, 0x8D, 0x6D, 0x06,
    0xA3, 0x4A, 0x07, 0x6D, 0x9F, 0x53, 0xCA, 0xB6, 0xAD, 0x38, 0x06, 0x79, 0x3A, 0x33, 0x4F, 0xD5,
    0x43, 0xAE, 0x61, 0x2D, 0x79, 0x3F, 0x55, 0xA1, 0x72, 0x2D, 0x52, 0x74, 0xF9, 0x13, 0x1F, 0xCA,
    0xD6, 0x12, 0x52, 0x79, 0xE6, 0x0C, 0xCD, 0x04, 0x23, 0xFB, 0x16, 0xCF, 0x40, 0x0D, 0x11, 0x78,
    0xD9, 0x5F, 0x22, 0x85, 0x95, 0x67, 0xC8, 0x31, 0x86, 0x08, 0xE6, 0x54, 0x30, 0x5C, 0x1F, 0x1D,
    0xCE, 0x6D, 0xBA, 0xE1, 0xE7, 0x88, 0x79, 0xCB, 0x99, 0xC6, 0xDE, 0xA6, 0x3A, 0xB0, 0x92, 0x6F,
    0xD0, 0xCC, 0xF9, 0x3A, 0x7C, 0xF1, 0x29, 0xA2, 0x1B, 0xF1, 0x4D, 0x71, 0x01, 0xFC, 0x76, 0xB4,
    0xFF, 0x67, 0x57, 0x32, 0x27, 0x7D, 0xB8, 0xE0, 0xBA, 0xF9, 0x7B, 0x54, 0xE0, 0x77, 0xCB, 0xFB,
    0x4F, 0x42, 0xEE, 0xC5, 0xCD, 0x1C, 0xB9, 0x1A, 0xED, 0x31, 0xD8, 0x89, 0x42, 0xE6, 0x80, 0xD6,
    0x4D, 0x3A, 0xA5, 0x2F, 0x0D, 0xB6, 0x7D, 0x8D, 0x07, 0x6D, 0x0F, 0xC2, 0x3B, 0xC5, 0xC9, 0xD9,
    0x48, 0xB7, 0xF8, 0x51, 0x7A, 0xAA, 0xC2, 0x7B, 0x97, 0x08, 0x63, 0x73, 0x64, 0x1F, 0x0E, 0x5B,
    0xDD, 0x95, 0x07, 0xD9, 0x27, 0x30, 0x83, 0xE6, 0x4D, 0x87, 0x96, 0x73, 0xD5, 0xED, 0x44, 0xF8,
    0x62, 0x16, 0x1C, 0x2C, 0xE7, 0xA9, 0x65, 0x06, 0x34, 0xCE, 0x3E, 0x4F, 0x7D, 0xA7, 0x3E, 0x4C,
    0x5F, 0x66, 0xA2, 0x81, 0xA4, 0xAA, 0xA7, 0x8C, 0x82, 0xBF, 0x33, 0xF1, 0x7B, 0xD9, 0x28, 0xC9,
    0xE7, 0xE0, 0xE5, 0xC3, 0xA9, 0x78, 0xE3, 0x70, 0x6A, 0x3E, 0xA2, 0xD2, 0xC3, 0x29, 0x49, 0xAE,
    0xAE, 0x5B, 0x9F, 0x81, 0x2A, 0x95, 0x53, 0xB5, 0xB9, 0x76, 0x52, 0xB0, 0x36, 0x4E, 0xC3, 0x02,
    0xC9, 0x49, 0x66, 0xE3, 0x90, 0x70, 0x3E, 0x2A, 0x7C, 0xDD, 0x52, 0xDD, 0x5C, 0x4E, 0x2C, 0xE9,
    0x2C, 0x9F, 0xD6, 0x6B, 0xFC, 0x03, 0xED, 0x5B, 0xBF, 0xB3, 0xDD, 0x46, 0x15, 0x5E, 0x49, 0xF1,
    0xD3, 0x8C, 0x55, 0x28, 0x45, 0x52, 0x10, 0x06, 0x44, 0x91, 0x82, 0x61, 0xB0, 0xF5, 0x0F, 0xC4,
    0x96, 0x48, 0x66, 0xA0, 0x48, 0xE3, 0x22, 0x0F, 0x8A, 0x14, 0xA6, 0x48, 0xC1, 0xA4, 0x71, 0x43,
    0x41, 0xE1, 0x44, 0x9A, 0xA4, 0xA0, 0x8C, 0x7B, 0x1A, 0x0A, 0x33, 0x43, 0x5E, 0x0A, 0x28, 0x52,
    0x84, 0x99, 0xC4, 0x12, 0xC9, 0x3F, 0x20, 0x0F, 0xD0, 0x40, 0x11, 0x01, 0x21, 0x99, 0x84, 0x02,
    0x15, 0x72, 0x46, 0x76, 0x74, 0xEF, 0x72, 0xBE, 0xEF, 0xEC, 0xEA, 0xEA, 0xBE, 0xF7, 0x60, 0x02,
    0x43, 0xE2, 0xE7, 0x04, 0x8F, 0x2D, 0xED, 0xF5, 0xBB, 0x5A, 0xED, 0xF9, 0xCE, 0xD9, 0xF3, 0xE3,
    0xDB, 0xF3, 0x8C, 0xC1, 0x9F, 0xC7, 0x8C, 0xFE, 0xA9, 0x5A, 0x63, 0xBE, 0x6A, 0xDF, 0x33, 0x4D,
    0x6B, 0x02, 0x6B, 0x2D, 0x3E, 0x27, 0x9B, 0xC0, 0xB6, 0x79, 0x6D, 0x8A, 0x41, 0xFE, 0x66, 0xC6,
    0xD8, 0xD6, 0xE4, 0xD3, 0x25, 0x13, 0xDA, 0xD2, 0xA4, 0xDB, 0xD1, 0xC4, 0xD6, 0x98, 0x14, 0xE3,
    0x8D, 0xE1, 0xBF, 0x6C, 0xD6, 0x7B, 0x31, 0xB9, 0xFB, 0xA8, 0xF7, 0x6A, 0xD0, 0x7B, 0x33, 0xE8,
    0x77, 0x6C, 0x6F, 0x4C, 0xEE, 0xEE, 0xF8, 0x0E, 0xEF, 0x83, 0xDE, 0x1B, 0xF7, 0x4F, 0x5E, 0x85,
    0xE7, 0xF0, 0x2A, 0xFC, 0x2C, 0xDE, 0xCA, 0x0A, 0xB3, 0xC9, 0xA4, 0x32, 0xB5, 0x49, 0xB6, 0xA6,
    0x92, 0xAF, 0xC8, 0x0F, 0x2D, 0x7E, 0x2C, 0x93, 0xD9, 0x51, 0x65, 0x78, 0xC6, 0xF8, 0x3F, 0x21,
    0xFF, 0x27, 0x9E, 0x71, 0x4D, 0x66, 0xF9, 0xEA, 0x14, 0xCD, 0xF2, 0x3D, 0xFB, 0xE4, 0x64, 0x6C,
    0x67, 0xDF, 0x1E, 0x22, 0x6B, 0x8A, 0x0F, 0xDA, 0x64, 0x63, 0x8A, 0xAD, 0x49, 0x67, 0x2C, 0x23,
    0x1F, 0x55, 0x4E, 0xFC, 0xAD, 0x78, 0x95, 0x75, 0x54, 0xBC, 0xE2, 0x6F, 0x27, 0xCF, 0xC9, 0x55,
    0x00, 0x91, 0x97, 0x63, 0x59, 0xC5, 0x80, 0x45, 0xE5, 0x53, 0x2E, 0x4B, 0x4A, 0xAC, 0xFC, 0x50,
    0x60, 0xC3, 0x2A, 0xCD, 0xB9, 0x72, 0x59, 0xC5, 0x37, 0xDD, 0x5D, 0x5E, 0x26, 0x88, 0xDA, 0xDB,
    0x82, 0xAA, 0xB5, 0x81, 0x2C, 0xC0, 0x44, 0xF2, 0x40, 0xDA, 0x36, 0x72, 0xAF, 0x4D, 0xD2, 0xBE,
    0x20, 0x77, 0xC1, 0xB1, 0x9E, 0xE4, 0x2E, 0x58, 0x3D, 0xDB, 0x13, 0xDB, 0x6C, 0x4B, 0x59, 0x4D,
    0x56, 0x2A, 0x7E, 0xB9, 0xCC, 0x24, 0x6B, 0x35, 0x97, 0xDD, 0xFD, 0x92, 0x51, 0x3C, 0xAF, 0x03,
    0x02, 0x59, 0xC5, 0x9B, 0x46, 0xF1, 0x04, 0x46, 0xC0, 0x13, 0x77, 0x60, 0x0F, 0x28, 0x44, 0x84,
    0x60, 0xD0, 0x7B, 0xC8, 0x7B, 0x67, 0xA2, 0x5E, 0x3F, 0x27, 0xAD, 0x7E, 0x2F, 0xAB, 0xF1, 0xDC,
    0x26, 0x68, 0xB0, 0xE2, 0xD4, 0x5A, 0x3C, 0x0E, 0x53, 0xB8, 0x41, 0x11, 0x82, 0x2B, 0x8B, 0x54,
    0xFA, 0xA4, 0x7C, 0x47, 0x51, 0x4F, 0xA7, 0xC2, 0xB6, 0xF1, 0x36, 0x19, 0xE5, 0x96, 0x6C, 0x22,
    0x81, 0xB6, 0x4E, 0xE7, 0xA8, 0x17, 0x89, 0xD2, 0x39, 0x6D, 0x45, 0xA0, 0x6C, 0x73, 0x0B, 0x72,
    0x65, 0x22, 0xB2, 0x88, 0x25, 0x38, 0x43, 0x2A, 0x2C, 0x10, 0xF0, 0x0F, 0x94, 0x05, 0xFA, 0x94,
    0x1B, 0x2C, 0x20, 0x9B, 0x02, 0x80, 0x99, 0x4F, 0x11, 0x6C, 0x20, 0x1F, 0x13, 0xDC, 0x8A, 0xE9,
    0x02, 0x3F, 0xD9, 0xD1, 0xBE, 0x5F, 0x63, 0x26, 0x68, 0x3E, 0xB1, 0x65, 0x01, 0x05, 0x5F, 0x31,
    0xC1, 0x0E, 0x72, 0x63, 0x1E, 0x5F, 0x4C, 0xDA, 0x00, 0xAB, 0x5B, 0xBB, 0x0F, 0xF9, 0x3B, 0xD3,
    0xEE, 0x43, 0x6A, 0xFB, 0xDD, 0x87, 0xD8, 0xD6, 0x2B, 0xF1, 0xB6, 0xE6, 0xDF, 0xFD, 0x11, 0x2B,
    0xFA, 0x10, 0xC8, 0x89, 0xF5, 0x0D, 0xD0, 0x2B, 0xE6, 0xB1, 0xFC, 0x10, 0xDA, 0xDB, 0x8D, 0xE8,
    0x69, 0x5B, 0xC6, 0x22, 0x81, 0x58, 0x8A, 0x2C, 0x30, 0x98, 0xB8, 0x45, 0x42, 0x5B, 0x87, 0xB6,
    0x15, 0xE4, 0x73, 0x99, 0x1B, 0xBA, 0xB6, 0x9D, 0x80, 0x58, 0xCD, 0xEE, 0x43, 0x1F, 0x89, 0x61,
    0x0D, 0x86, 0xDA, 0x6F, 0x78, 0x6F, 0x0D, 0x4D, 0x00, 0x1F, 0xF0, 0x3C, 0xED, 0x00, 0x1F, 0xF0,
    0xFC, 0xB2, 0x99, 0x9A, 0xC9, 0x59, 0x82, 0x3C, 0xCB, 0xE7, 0xFD, 0xF6, 0xE2, 0xF3, 0xFA, 0xA1,
    0xD3, 0xE7, 0x61, 0x20, 0xB0, 0xDD, 0x62, 0x63, 0xD4, 0x4A, 0x64, 0x39, 0xFA, 0x3C, 0x54, 0x20,
    0x8B, 0xD0, 0xE7, 0x61, 0x07, 0x89, 0xE5, 0xF3, 0x4F, 0xD0, 0x38, 0x64, 0x8E, 0xD4, 0xD2, 0xB4,
    0x64, 0xDA, 0x6A, 0xE4, 0xF3, 0x13, 0xA6, 0x0D, 0xB1, 0x1D, 0x26, 0x13, 0x4E, 0x98, 0xE9, 0x1A,
    0x9E, 0x17, 0x4B, 0x1A, 0x61, 0xDF, 0x16, 0x56, 0x4C, 0x3C, 0x04, 0xA2, 0x6D, 0x29, 0x72, 0xF0,
    0x83, 0xFF, 0xF3, 0xDC, 0x4A, 0x3D, 0x2F, 0x42, 0x3B, 0x0E, 0xCF, 0xFC, 0xA7, 0x32, 0xAF, 0x83,
    0x93, 0xBA, 0x71, 0x68, 0x26, 0x50, 0x8D, 0x82, 0xA9, 0x9A, 0x51, 0x2C, 0x9D, 0xAA, 0x08, 0xE5,
    0x6A, 0xDC, 0xA7, 0xF0, 0x5D, 0x0E, 0xC8, 0x8C, 0x63, 0xC5, 0x31, 0xFF, 0xC3, 0xD5, 0x8D, 0x87,
    0xF1, 0xF2, 0xE2, 0xA2, 0x9A, 0xE1, 0x09, 0xC5, 0x98, 0x20, 0x3E, 0x0E, 0x84, 0x76, 0x18, 0x96,
    0x3B, 0x08, 0x37, 0x2B, 0x04, 0xA7, 0x15, 0x80, 0xC3, 0x0A, 0xBF, 0x76, 0x05, 0x5F, 0x69, 0x16,
    0xF4, 0x36, 0x40, 0xD2, 0x81, 0x37, 0x61, 0xAF, 0x3A, 0xEC, 0x06, 0x33, 0x2F, 0xD0, 0xFD, 0xE1,
    0xFB, 0xD3, 0x0A, 0xB9, 0x71, 0x05, 0x1C, 0x71, 0x7B, 0xF4, 0xD0, 0x84, 0x37, 0x04, 0x38, 0x18,
    0x5D, 0x19, 0x8E, 0x11, 0xF6, 0xDD, 0x55, 0x91, 0x6A, 0x93, 0x77, 0xC6, 0xC9, 0xCA, 0x37, 0x42,
    0x52, 0x55, 0x30, 0x5C, 0x53, 0xC6, 0xED, 0x99, 0x6C, 0x16, 0x83, 0x9F, 0x9D, 0x6B, 0xB4, 0xFF,
    0x98, 0xF1, 0xB6, 0x09, 0xC8, 0xCF, 0x78, 0xD7, 0x24, 0xEE, 0x40, 0xD6, 0xB6, 0x3D, 0xB4, 0x83,
    0x78, 0xB6, 0x7C, 0x0C, 0x46, 0x59, 0x64, 0x8C, 0x3D, 0x1A, 0xEA, 0x36, 0x96, 0x51, 0x50, 0xA7,
    0x5B, 0x78, 0xE0, 0x4A, 0x9D, 0x37, 0xDC, 0x63, 0x67, 0x9C, 0xA3, 0x84, 0x06, 0xE8, 0x17, 0x71,
    0x85, 0xF0, 0x4D, 0x0F, 0x38, 0x52, 0x80, 0xDD, 0xC1, 0xC3, 0xC1, 0xDB, 0x37, 0x5D, 0x2C, 0x3F,
    0x91, 0x07, 0x86, 0xA6, 0x4B, 0x89, 0x57, 0xD8, 0x57, 0xFD, 0x45, 0x5B, 0xCA, 0x03, 0x71, 0x57,
    0xDC, 0xBD, 0x63, 0xFF, 0x98, 0xDA, 0xC3, 0xAB, 0x6D, 0x6E, 0xFF, 0x6C, 0xB7, 0xD0, 0x1C, 0x34,
    0xDE, 0x8C, 0xB2, 0x46, 0x99, 0xE0, 0x8A, 0x39, 0xB7, 0xDB, 0x7D, 0x35, 0x50, 0x1A, 0x61, 0x2B,
    0xA5, 0x8E, 0x42, 0x6E, 0xE5, 0x7C, 0x43, 0x3B, 0x71, 0xCE, 0x30, 0xE4, 0x8E, 0x86, 0x3B, 0x54,
    0x6D, 0x14, 0x6E, 0x7B, 0xAD, 0x47, 0x70, 0x8E, 0x31, 0x47, 0x08, 0x39, 0x09, 0xB7, 0x3D, 0x64,
    0xA1, 0xBA, 0x19, 0x82, 0x88, 0xD9, 0x62, 0x15, 0xAB, 0x11, 0xA7, 0xC7, 0x7B, 0x74, 0x7A, 0xBC,
    0x47, 0x27, 0x95, 0xD9, 0x83, 0x92, 0x93, 0xCA, 0xEC, 0x51, 0xC7, 0x49, 0x65, 0xF6, 0xA8, 0x05,
    0x1A, 0xB0, 0x83, 0xA4, 0xE5, 0xF4, 0xB0, 0xAA, 0x1A, 0xD3, 0xC3, 0x8E, 0xAA, 0x12, 0x93, 0xC2,
    0x02, 0x2C, 0x27, 0x6D, 0x38, 0x2A, 0x46, 0xAF, 0xBA, 0x62, 0xD9, 0x3E, 0xD5, 0x32, 0x6A, 0x16,
    0xF7, 0xE5, 0x37, 0x83, 0x46, 0x4B, 0xB3, 0xA7, 0xF5, 0x9D, 0x97, 0xCB, 0xD6, 0x5E, 0xED, 0xB1,
    0x72, 0x37, 0x0B, 0x11, 0xC5, 0xCA, 0x08, 0x28, 0x06, 0x8A, 0x67, 0x55, 0x3B, 0x38, 0xBD, 0xB8,
    0x7E, 0x93, 0xB9, 0x01, 0xD6, 0x45, 0x5D, 0xB8, 0x01, 0x85, 0xC6, 0xCF, 0x29, 0x33, 0x03, 0xD9,
    0xC6, 0x0F, 0x66, 0x67, 0x9D, 0xC4, 0x8E, 0x31, 0x6D, 0x76, 0x7E, 0x2C, 0xF7, 0x3E, 0x8C, 0xD2,
    0x72, 0x00, 0x04, 0xC5, 0xD2, 0x14, 0x40, 0x84, 0x0B, 0xE2, 0xE7, 0x32, 0x85, 0xA4, 0x65, 0xAA,
    0x00, 0xF4, 0x8A, 0xC1, 0x81, 0x27, 0x86, 0xA7, 0xD8, 0x89, 0x49, 0x2A, 0x74, 0x0B, 0x24, 0x7E,
    0x10, 0x78, 0x01, 0xC2, 0x3D, 0x01, 0xFC, 0x5E, 0x51, 0x84, 0xDC, 0x06, 0x49, 0xBC, 0xB7, 0x4A,
    0x64, 0x13, 0x9A, 0x73, 0x87, 0x57, 0x04, 0xAE, 0x14, 0xEE, 0xAC, 0x3F, 0x90, 0xAB, 0x65, 0x3E,
    0x20, 0x57, 0x59, 0x83, 0x40, 0xA4, 0x2F, 0xE0, 0x55, 0xD1, 0x12, 0xA8, 0x04, 0x0D, 0xC1, 0x81,
    0x57, 0x00, 0xC2, 0x2B, 0x5E, 0x23, 0x57, 0x51, 0x8C, 0xE0, 0x20, 0x62, 0x26, 0xCC, 0x3B, 0x04,
    0x01, 0xF8, 0x88, 0x99, 0xB9, 0xCD, 0x8C, 0xD8, 0x28, 0x03, 0x91, 0xCB, 0x25, 0x23, 0xE3, 0x5E,
    0x3E, 0x52, 0xDD, 0xE9, 0x2A, 0x68, 0xA9, 0x13, 0x31, 0xC5, 0x9A, 0xF0, 0xB6, 0x2B, 0xFE, 0xCD,
    0xF5, 0x22, 0x9A, 0xCA, 0xA5, 0x42, 0x29, 0xDC, 0x14, 0x87, 0xB2, 0x88, 0xAE, 0x11, 0x3D, 0xFF,
    0x8C, 0x2D, 0x5F, 0x20, 0x9B, 0xB3, 0x7F, 0xC5, 0x10, 0xFA, 0x0E, 0x65, 0x0D, 0xD6, 0x30, 0x8C,
    0xC8, 0xF6, 0x57, 0xC3, 0x9C, 0x90, 0x2B, 0x64, 0x0C, 0x52, 0x33, 0x86, 0xD0, 0x55, 0xF4, 0xA7,
    0x2D, 0xE2, 0x3F, 0x87, 0xBF, 0x13, 0xC1, 0x3A, 0x2A, 0x2E, 0x7E, 0xDB, 0xD6, 0x71, 0xAB, 0x41,
    0xBD, 0x95, 0x9D, 0xDB, 0x6A, 0xD2, 0x57, 0x37, 0x7D, 0x5A, 0xD3, 0x52, 0xD3, 0xB2, 0x18, 0x64,
    0x88, 0xDD, 0x95, 0x89, 0x74, 0x69, 0xC9, 0x85, 0x67, 0xF2, 0x22, 0xCD, 0x2B, 0x25, 0xB9, 0x49,
    0x37, 0xB9, 0x42, 0x78, 0x59, 0x20, 0xBA, 0xAC, 0x26, 0x77, 0x49, 0x5E, 0xAD, 0xC9, 0x91, 0x78,
    0xCE, 0x40, 0x56, 0x41, 0xE9, 0x10, 0x8D, 0x66, 0xB5, 0x37, 0x98, 0xC9, 0x6E, 0x28, 0x4E, 0x0C,
    0xC6, 0x25, 0x41, 0x09, 0xDE, 0x8F, 0xB9, 0xA7, 0xCC, 0x92, 0x0E, 0x94, 0xA7, 0x81, 0x8D, 0x0E,
    0x8B, 0x96, 0x9D, 0x9F, 0xF0, 0x3B, 0x6C, 0x34, 0x27, 0x37, 0x1B, 0x5D, 0x9C, 0x37, 0xA4, 0x25,
    0x41, 0x58, 0xEC, 0x45, 0x90, 0x5D, 0x9E, 0x52, 0x78, 0xFD, 0x9F, 0xF3, 0xF5, 0x6A, 0x32, 0xC5,
    0xBC, 0x87, 0x0E, 0x09, 0x79, 0xCF, 0xBC, 0x96, 0x88, 0x17, 0x9D, 0x07, 0xDC, 0x2C, 0x78, 0x9B,
    0x05, 0x6E, 0xE3, 0xD1, 0xCE, 0xE1, 0x56, 0x09, 0x36, 0x46, 0x8A, 0x35, 0x2C, 0x5F, 0xA1, 0x06,
    0x50, 0x8A, 0x34, 0x13, 0x73, 0x02, 0x0D, 0x98, 0x14, 0x67, 0x1D, 0x01, 0x66, 0x80, 0xA4, 0x28,
    0x03, 0x23, 0x05, 0x19, 0x7E, 0x42, 0x31, 0x4E, 0x67, 0x0F, 0x31, 0x46, 0x8A, 0x30, 0x36, 0xA1,
    0x02, 0x9C, 0x4F, 0x1E, 0x5F, 0x44, 0x3E, 0x85, 0x17, 0x16, 0xA9, 0xE8, 0x22, 0x18, 0x28, 0xB8,
    0x55, 0x7F, 0x12, 0xBA, 0x65, 0x2F, 0xEE, 0x46, 0xCB, 0x6E, 0xDC, 0xED, 0xC2, 0x9D, 0xCB, 0x8A,
    0x16, 0x54, 0xA3, 0x55, 0x56, 0xF6, 0xA3, 0xE3, 0x0F, 0xC4, 0x7E, 0x23, 0xC7, 0xFE, 0x7F, 0xC2,
    0xCD, 0xBF, 0x4B, 0xDB, 0x0A, 0xFB, 0x1D, 0x2B, 0x59, 0x96, 0xA4, 0x9C, 0xF6, 0x69, 0xC4, 0x39,
    0xD8, 0xD2, 0x35, 0x04, 0x41, 0x0C, 0x5E, 0x17, 0x01, 0x33, 0x0C, 0x7A, 0x19, 0xE4, 0x08, 0xC3,
    0x2D, 0x06, 0xA8, 0x71, 0x4A, 0xDD, 0x85, 0x12, 0xD6, 0x75, 0x2F, 0xA6, 0x4C, 0x5A, 0x45, 0x50,
    0x4D, 0x5B, 0xB1, 0x17, 0x67, 0x57, 0x1E, 0x64, 0x28, 0x2E, 0x58, 0x25, 0x8D, 0xB8, 0x5A, 0x6E,
    0x08, 0xDB, 0x42, 0x5A, 0x0E, 0xB4, 0x6C, 0x30, 0xF6, 0x83, 0xA7, 0x64, 0xC9, 0x88, 0x96, 0x16,
    0x03, 0x79, 0xB6, 0x98, 0x9C, 0x10, 0x12, 0x3A, 0xB6, 0x27, 0x5C, 0xB8, 0x37, 0xD8, 0x6C, 0x3A,
    0x6E, 0xA1, 0x1E, 0xE4, 0xC2, 0x63, 0x51, 0xB8, 0xAF, 0x7C, 0xC5, 0x1C, 0x00, 0xBA, 0xAC, 0x2C,
    0xF0, 0x83, 0xF4, 0xB6, 0x26, 0x05, 0x0A, 0x6C, 0xA4, 0x09, 0x53, 0xB0, 0x4E, 0x79, 0xCD, 0xA2,
    0x98, 0x72, 0xE5, 0xE5, 0x13, 0xFD, 0x4A, 0xAA, 0xB7, 0xCB, 0xAA, 0xBE, 0xEB, 0x7A, 0x9B, 0xD4,
    0xD9, 0x0D, 0x5C, 0x42, 0xD4, 0xF1, 0x96, 0xB4, 0xD4, 0x7F, 0x56, 0xF2, 0x56, 0x68, 0xB0, 0xBA,
    0xAE, 0xCB, 0xA5, 0x5B, 0x63, 0xC9, 0xC6, 0x90, 0xCC, 0x5B, 0xDA, 0xD2, 0xB0, 0xA4, 0xBE, 0xC1,
    0xAD, 0x50, 0x7F, 0xF5, 0x96, 0xDE, 0x66, 0x0A, 0x2E, 0x45, 0x1B, 0x02, 0x57, 0x25, 0xE9, 0x88,
    0x94, 0x58, 0x0D, 0x72, 0x02, 0x59, 0x7D, 0x58, 0x9B, 0x9B, 0x32, 0xC9, 0x20, 0x06, 0x67, 0x82,
    0x39, 0x6F, 0x99, 0x18, 0x51, 0x7C, 0x42, 0x95, 0x0F, 0xC7, 0xA4, 0x0A, 0xED, 0x28, 0x79, 0x57,
    0x86, 0x6C, 0x47, 0x33, 0x1D, 0x66, 0x39, 0x86, 0x19, 0x0E, 0xAB, 0xBF, 0xC1, 0x65, 0x36, 0x9A,
    0xD5, 0x68, 0x46, 0xA3, 0xD9, 0x8C, 0x66, 0x32, 0x9A, 0xC5, 0x68, 0x06, 0xC3, 0xEC, 0x45, 0x7E,
    0x7A, 0x01, 0xCA, 0x44, 0xD6, 0x22, 0x13, 0xDF, 0x96, 0xCA, 0x8F, 0xD9, 0x8A, 0x71, 0x99, 0xCA,
    0x41, 0x19, 0xFC, 0xDC, 0xC4, 0x7D, 0x22, 0x81, 0x6B, 0xAA, 0x10, 0x5D, 0x99, 0x06, 0x30, 0x73,
    0xEC, 0x8F, 0xD5, 0x12, 0xB5, 0xC6, 0x5D, 0xC6, 0x5C, 0xBA, 0x3F, 0x3A, 0x3E, 0xFA, 0xF2, 0xC8,
    0x7A, 0x83, 0xA7, 0x79, 0x24, 0x3E, 0xF7, 0x57, 0x93, 0xE0, 0x85, 0xDE, 0x2C, 0x9F, 0xBC, 0x07,
    0x23, 0xD4, 0xD5, 0xE0, 0xD3, 0x03, 0xC6, 0x71, 0xA8, 0x1B, 0x19, 0x27, 0x62, 0x24, 0x53, 0x0B,
    0x35, 0x0F, 0xD8, 0x06, 0x0C, 0x03, 0x56, 0x11, 0xB1, 0x5E, 0x29, 0x57, 0x7B, 0xA5, 0xE5, 0x3F,
    0x48, 0x1D, 0x32, 0xCB, 0xD2, 0x75, 0xC4, 0xAE, 0x22, 0x65, 0xC5, 0xAF, 0x1A, 0xA2, 0x55, 0x62,
    0x01, 0x08, 0xD4, 0x58, 0x43, 0xBE, 0xF9, 0x35, 0xDC, 0x1D, 0xF0, 0x00, 0x1A, 0xF0, 0x86, 0xC8,
    0x5E, 0x45, 0xD9, 0x19, 0x8A, 0x9A, 0xA1, 0xA1, 0x42, 0xA8, 0x28, 0x8D, 0xB3, 0x4D, 0x7B, 0x4C,
    0x5D, 0x60, 0x21, 0x94, 0x83, 0x50, 0x06, 0xC2, 0x6D, 0x3C, 0xB2, 0x0F, 0x74, 0x71, 0x33, 0x99,
    0x87, 0x8D, 0xF2, 0x0E, 0xCA, 0x3A, 0x68, 0x42, 0xAF, 0x8C, 0x83, 0xF2, 0x0D, 0xCA, 0x36, 0x28,
    0xD7, 0xA0, 0x4C, 0x83, 0xF2, 0x0C, 0xCA, 0x32, 0x28, 0xC7, 0xA0, 0x0C, 0x83, 0xF2, 0x0B, 0xCA,
    0x2E, 0x28, 0xB7, 0xE0, 0x98, 0x05, 0xC7, 0x2B, 0x90, 0x55, 0xA0, 0xCD, 0xD1, 0xE4, 0xD4, 0xE2,
    0x2C, 0x53, 0xBC, 0xF9, 0x84, 0xB9, 0xC1, 0x8B, 0x43, 0xAD, 0xA8, 0x4B, 0x2C, 0xAA, 0xDF, 0xA2,
    0x67, 0x99, 0x4B, 0x33, 0x63, 0x58, 0xA7, 0x34, 0x8C, 0xE8, 0x24, 0x18, 0xC8, 0x2F, 0xD0, 0x7F,
    0x90, 0x5D, 0x20, 0xB9, 0x40, 0x6E, 0x81, 0xD4, 0x02, 0xED, 0x5D, 0x89, 0x05, 0xE5, 0x15, 0xBE,
    0x69, 0xCE, 0x97, 0xBA, 0xB9, 0xB8, 0x35, 0xDF, 0x9E, 0x57, 0x19, 0x8B, 0x96, 0x7D, 0xB2, 0x84,
    0x53, 0x9C, 0x9F, 0xE4, 0x44, 0xB6, 0x24, 0xFB, 0x80, 0x84, 0x44, 0x9C, 0x56, 0xEF, 0xB8, 0x07,
    0x47, 0x3D, 0x68, 0x9E, 0x56, 0x6A, 0x96, 0xE6, 0x72, 0xB4, 0x85, 0x76, 0x70, 0xAC, 0x83, 0x23,
    0x1D, 0x1C, 0xE7, 0xE0, 0x28, 0x07, 0xC7, 0x38, 0x38, 0xC2, 0xC1, 0xF1, 0x0D, 0x8E, 0x6E, 0x70,
    0x6C, 0x83, 0x23, 0x1B, 0x1C, 0xD7, 0xE0, 0xA8, 0x06, 0xC7, 0x34, 0x38, 0xA2, 0xC1, 0xF3, 0x0C,
    0x8E, 0x66, 0x08, 0x6E, 0xD0, 0xE1, 0x4F, 0x08, 0x35, 0xE6, 0x56, 0xDA, 0xBB, 0x14, 0xD3, 0xD5,
    0xBF, 0x4A, 0x03, 0xED, 0x89, 0xD7, 0x62, 0x33, 0x83, 0x7F, 0x30, 0xA4, 0x1F, 0x8C, 0x96, 0x2D,
    0x60, 0x1D, 0xF4, 0x3A, 0x39, 0xEA, 0x41, 0x99, 0x07, 0x25, 0x1E, 0xD4, 0x81, 0x2B, 0xED, 0xA0,
    0xAC, 0x83, 0x92, 0x0E, 0xCA, 0x39, 0x28, 0xE5, 0xA0, 0x8C, 0x83, 0x12, 0x0E, 0x8E, 0x6F, 0x70,
    0x74, 0xC3, 0xC1, 0xD1, 0x91, 0x23, 0x4A, 0x68, 0xE3, 0xFA, 0xC9, 0xC7, 0x7F, 0x65, 0x7E, 0xF2,
    0x96, 0xAB, 0x2D, 0x5A, 0x75, 0x4E, 0xB5, 0xD2, 0x43, 0xE6, 0x91, 0x07, 0x56, 0x2D, 0x3E, 0xEC,
    0x70, 0x5F, 0xAC, 0x8B, 0x7A, 0x55, 0xDA, 0x14, 0xA3, 0x6C, 0x9F, 0x53, 0x14, 0x58, 0xBC, 0x06,
    0x63, 0xDC, 0xDD, 0x77, 0x45, 0x19, 0x73, 0xE4, 0x62, 0x9B, 0x26, 0x10, 0x6A, 0x3B, 0x89, 0xFA,
    0xE1, 0x8C, 0xDF, 0x38, 0xFF, 0xD0, 0x17, 0x5A, 0x5F, 0x8E, 0xA9, 0x23, 0x5B, 0x60, 0x98, 0x11,
    0x18, 0xBA, 0x8D, 0xA0, 0x3F, 0xBB, 0x5A, 0x8B, 0xEB, 0xA4, 0x26, 0xD5, 0x48, 0x3F, 0x17, 0xDC,
    0x53, 0xAD, 0xB9, 0x6A, 0xB6, 0xA8, 0xBF, 0xD0, 0xBB, 0xEC, 0x61, 0x2E, 0xFE, 0x52, 0x80, 0x9F,
    0xE5, 0x4F, 0x77, 0xC6, 0x71, 0x80, 0x26, 0xDE, 0x2C, 0xDF, 0x52, 0xAD, 0x45, 0x67, 0x4D, 0x6B,
    0x8F, 0x29, 0x59, 0x9C, 0x0E, 0xEB, 0xAD, 0x66, 0x66, 0xCF, 0xC5, 0x52, 0x6B, 0xE7, 0xBE, 0xC8,
    0x7B, 0xCD, 0x39, 0x99, 0x8A, 0x9B, 0x2C, 0x63, 0x38, 0x56, 0xB5, 0x90, 0x7D, 0x3F, 0xB3, 0x1E,
    0xD2, 0x98, 0x6B, 0xCC, 0x41, 0xC5, 0xA5, 0xC7, 0x77, 0xAE, 0xCD, 0x26, 0x29, 0x65, 0xF6, 0x87,
    0x56, 0x09, 0x28, 0x2B, 0x82, 0x1F, 0xC8, 0xE5, 0x9A, 0xA8, 0x25, 0xB4, 0x7F, 0x07, 0x87, 0xC1,
    0xFC, 0x39, 0x91, 0xE2, 0xA7, 0x95, 0x78, 0x6C, 0xDB, 0x0C, 0x29, 0x5A, 0x81, 0xFA, 0xA7, 0x91,
    0xFC, 0xF8, 0x13, 0x1C, 0x08, 0xB1, 0xD2, 0x70, 0xF0, 0x7C, 0x8A, 0x78, 0xE9, 0xAC, 0xC0, 0xDF,
    0xCA, 0xCD, 0x71, 0x9B, 0x78, 0x50, 0x0A, 0x14, 0x5F, 0xEF, 0x22, 0x42, 0x06, 0xD6, 0xF6, 0xFB,
    0x71, 0x32, 0x1A, 0x52, 0x64, 0xC2, 0x63, 0xD6, 0xF9, 0x6B, 0xD8, 0x27, 0xF5, 0xFD, 0x2E, 0x59,
    0x8E, 0x6B, 0x28, 0xB5, 0x7B, 0xC7, 0x20, 0x17, 0xF7, 0x68, 0x10, 0x57, 0xC9, 0x37, 0x6A, 0x3D,
    0x8F, 0x98, 0x07, 0x54, 0x43, 0xAA, 0x9B, 0x50, 0xFF, 0xE3, 0xF0, 0xB0, 0x64, 0x05, 0xBE, 0x73,
    0x60, 0xF9, 0xEA, 0x9A, 0xB6, 0xE6, 0xFE, 0x6B, 0x08, 0x85, 0xA0, 0xF5, 0xDC, 0xD3, 0x32, 0xF8,
    0x57, 0xC7, 0x55, 0x60, 0x42, 0xB7, 0x7B, 0x83, 0xBC, 0xE9, 0x0F, 0xB8, 0xA9, 0x9E, 0x90, 0xB5,
    0xBC, 0x85, 0xC1, 0x28, 0x03, 0x9C, 0x1F, 0x86, 0xBD, 0xAC, 0x08, 0x07, 0x88, 0xF1, 0x6F, 0x65,
    0x80, 0x8A, 0x27, 0x7D, 0xD2, 0xE9, 0xFA, 0xB2, 0xE7, 0x7C, 0xDF, 0x74, 0xDC, 0x4B, 0x30, 0xC4,
    0xF6, 0xF0, 0x19, 0xEA, 0x4C, 0x56, 0xC1, 0x7A, 0xB4, 0x4E, 0xEC, 0xD1, 0x2F, 0x8D, 0xF2, 0x4B,
    0xEA, 0x00, 0x8F, 0x7E, 0x35, 0xFB, 0x45, 0x70, 0x10, 0xDD, 0x39, 0xBC, 0xC6, 0x70, 0x20, 0xFE,
    0x54, 0xC9, 0x36, 0xD1, 0x99, 0x0C, 0xA2, 0x0E, 0x6E, 0x1A, 0x8E, 0xAC, 0x85, 0xC2, 0x44, 0xDF,
    0x69, 0x1B, 0xE9, 0x09, 0x4C, 0x55, 0x8B, 0x1B, 0x04, 0xFF, 0x8F, 0x28, 0xD0, 0x16, 0x24, 0x76,
    0x99, 0x7D, 0xF6, 0x6E, 0x66, 0x7F, 0xEF, 0x8E, 0x09, 0xFE, 0x90, 0xAA, 0x87, 0x7C, 0x87, 0x28,
    0xA8, 0xB2, 0x3C, 0x88, 0xC8, 0x6D, 0x04, 0xD7, 0x25, 0xCE, 0x34, 0xB4, 0x5A, 0xF0, 0x85, 0x56,
    0x15, 0xA5, 0x5E, 0x55, 0x7C, 0xD9, 0x46, 0x95, 0xA5, 0xEC, 0xAB, 0x7D, 0xDF, 0x29, 0x0C, 0x22,
    0x42, 0x65, 0x7F, 0x2B, 0xF5, 0x3C, 0x83, 0x7C, 0x83, 0xA8, 0x4D, 0xEF, 0xA9, 0xDC, 0x1F, 0x96,
    0xEF, 0x7D, 0x5B, 0x62, 0x85, 0x14, 0x75, 0x77, 0xC7, 0xE2, 0xEE, 0x57, 0x7B, 0x54, 0xC0, 0xF2,
    0xE6, 0x16, 0x0A, 0x0C, 0x09, 0xD1, 0x95, 0xBD, 0x83, 0x61, 0x73, 0x80, 0x03, 0x1E, 0x14, 0xE3,
    0x38, 0xEA, 0x2D, 0x1B, 0x72, 0x4D, 0xF9, 0xAC, 0x6C, 0x12, 0x09, 0xBD, 0x11, 0x51, 0x2D, 0xA9,
    0x15, 0x4E, 0xE5, 0x2C, 0x95, 0xDC, 0x51, 0xF0, 0xF4, 0x1C, 0x40, 0x6A, 0xDC, 0x47, 0x0F, 0x9F,
    0xB1, 0x5C, 0xA3, 0x5C, 0xAF, 0xDA, 0xF7, 0xF4, 0xE0, 0x8A, 0xB3, 0xCA, 0x9A, 0xC5, 0x5A, 0xA6,
    0x6A, 0x10, 0x25, 0x4D, 0x05, 0xE9, 0xD0, 0x9C, 0xEC, 0x9E, 0xAC, 0x29, 0x9F, 0xB9, 0x8F, 0x26,
    0xC7, 0x40, 0x18, 0xF3, 0xA8, 0x5F, 0x18, 0xBD, 0x75, 0x82, 0x2D, 0x65, 0xAF, 0x41, 0x0D, 0xF6,
    0xEE, 0x1B, 0x08, 0x55, 0xE3, 0x37, 0x64, 0x49, 0x09, 0xB6, 0x12, 0x3C, 0xBE, 0x29, 0x3A, 0x5E,
    0xE1, 0xF8, 0xE5, 0x2A, 0x9E, 0x5F, 0xFE, 0x07, 0xCC, 0x46, 0x76, 0x07, 0xB3, 0x25, 0x94, 0x38,
    0xF9, 0xE8, 0xC6, 0x12, 0xF4, 0x35, 0x71, 0xB1, 0xBF, 0x28, 0xA9, 0xAF, 0xAD, 0x1E, 0x9F, 0xB6,
    0xA4, 0x24, 0x24, 0xC2, 0xDE, 0x7B, 0x0D, 0x27, 0xA9, 0xAC, 0xF3, 0x9B, 0xF2, 0xF9, 0xE6, 0x5E,
    0x89, 0xC8, 0x2F, 0x52, 0x94, 0x68, 0x42, 0xA8, 0x3A, 0xD4, 0xB3, 0x39, 0x17, 0x1B, 0x5A, 0xA5,
    0x59, 0x49, 0xAF, 0x48, 0x60, 0x4D, 0x45, 0xF3, 0xD1, 0x88, 0x60, 0x1B, 0x58, 0x3D, 0xB3, 0x51,
    0x70, 0x8E, 0x39, 0xDC, 0xCF, 0x09, 0x6D, 0x92, 0x07, 0x03, 0xA8, 0xF9, 0x4F, 0x87, 0xB6, 0x96,
    0xF2, 0x5A, 0xC9, 0x6B, 0x21, 0xAF, 0x75, 0x7C, 0xE4, 0xCE, 0x11, 0xCE, 0x8A, 0x46, 0x0C, 0x22,
    0xBB, 0xCC, 0x24, 0x82, 0x97, 0xF8, 0xCF, 0xD3, 0x34, 0xE2, 0x8F, 0x75, 0x5F, 0xD4, 0xF3, 0x76,
    0x1E, 0xE6, 0x2E, 0xA7, 0x4F, 0x2E, 0x08, 0x9C, 0x72, 0xAE, 0x2E, 0x93, 0xBC, 0x6C, 0x91, 0xEE,
    0xD8, 0xEF, 0xC9, 0x2D, 0xD4, 0x53, 0x15, 0x38, 0xC7, 0xAD, 0x9E, 0xF3, 0x4E, 0x0C, 0x24, 0x49,
    0xC7, 0x2C, 0x24, 0x57, 0x4A, 0x4C, 0xCF, 0x92, 0x22, 0x3D, 0xD4, 0xA0, 0x5B, 0x4E, 0x37, 0x15,
    0x93, 0xE4, 0x2D, 0x5F, 0x97, 0x69, 0x61, 0x9A, 0xD9, 0x8A, 0xF9, 0xF3, 0x44, 0x52, 0xB0, 0x18,
    0x71, 0x3C, 0x08, 0x1E, 0x46, 0x8F, 0xE6, 0x12, 0x4B, 0x8E, 0x2C, 0xD6, 0xA3, 0x2F, 0x22, 0x8E,
    0x73, 0xD9, 0x9E, 0x4C, 0x99, 0xE5, 0x39, 0xB6, 0xFC, 0x23, 0x5B, 0xC6, 0xAF, 0xAA, 0x78, 0x2A,
    0x9D, 0x0A, 0xA7, 0xB2, 0xA9, 0x68, 0x90, 0x2C, 0x50, 0x97, 0x48, 0x6F, 0x17, 0x34, 0xF3, 0xEE,
    0x7C, 0x41, 0x4D, 0x48, 0x39, 0xDB, 0x62, 0x58, 0x99, 0x53, 0x5F, 0x81, 0x24, 0xEE, 0x40, 0xA2,
    0xDB, 0x16, 0x25, 0x9A, 0x78, 0x3B, 0x34, 0xDF, 0xD4, 0x2F, 0x42, 0xF8, 0x27, 0x29, 0x3B, 0xCA,
    0xD4, 0xC8, 0x16, 0x6C, 0x07, 0xC0, 0x0B, 0x13, 0x0A, 0x97, 0xD8, 0x0A, 0xB1, 0x6F, 0xCE, 0x19,
    0xE2, 0xD8, 0x7B, 0x33, 0x61, 0x99, 0xF9, 0x18, 0x93, 0x62, 0x46, 0xB6, 0x0C, 0x0F, 0xE6, 0xA3,
    0xD0, 0x19, 0x65, 0xD6, 0x02, 0xA5, 0xA5, 0xFB, 0x5D, 0xAE, 0xAC, 0x85, 0x9D, 0xBB, 0xC2, 0xDF,
    0x8A, 0x1A, 0xCB, 0xBD, 0x33, 0x97, 0xCF, 0x90, 0x60, 0xCB, 0xB0, 0x3B, 0x10, 0x15, 0xC9, 0x3A,
    0xF1, 0x94, 0x3D, 0xE6, 0xB9, 0xEE, 0xF6, 0x87, 0x78, 0xED, 0xB0, 0x78, 0x16, 0x0D, 0xB9, 0xA9,
    0xBB, 0x6E, 0xCE, 0x36, 0x7D, 0xF9, 0x9F, 0x82, 0x1C, 0xBA, 0x03, 0x76, 0x5E, 0xCA, 0xCF, 0x85,
    0xD9, 0xFC, 0xD4, 0xC0, 0x8B, 0xC7, 0x64, 0x56, 0x88, 0x2A, 0x2C, 0x7B, 0x87, 0x24, 0x38, 0x7F,
    0xAA, 0xB1, 0xF8, 0x84, 0x7F, 0x49, 0xD9, 0x3B, 0x90, 0xF1, 0x9A, 0x13, 0x93, 0xE2, 0xDE, 0x6B,
    0x1B, 0x78, 0x40, 0x78, 0x8F, 0xEB, 0x28, 0x21, 0xCD, 0x1B, 0xB2, 0xA9, 0x97, 0x7E, 0xB1, 0x44,
    0x19, 0x12, 0x3E, 0xBC, 0xBD, 0x41, 0x99, 0x31, 0x67, 0xF0, 0xAC, 0xA6, 0x18, 0xBA, 0x6F, 0x5D,
    0xF6, 0x32, 0xB9, 0x50, 0x71, 0x91, 0xE3, 0x86, 0xBB, 0xDD, 0x72, 0x87, 0x37, 0x6C, 0x85, 0xA8,
    0x46, 0x1C, 0xD1, 0x65, 0xF4, 0xAD, 0xA1, 0xE6, 0x2A, 0xE7, 0xAE, 0xAC, 0x5C, 0xA5, 0x76, 0x26,
    0xE5, 0x2F, 0x9F, 0xE6, 0x4B, 0x4E, 0x48, 0x51, 0x1A, 0xED, 0x6B, 0xD1, 0x8E, 0x96, 0xFC, 0xA3,
    0xD7, 0x66, 0x2F, 0xC5, 0x13, 0xAC, 0x4C, 0x9F, 0xD3, 0x6C, 0x4E, 0xA5, 0xD0, 0x54, 0x55, 0xA5,
    0x60, 0x89, 0x1A, 0xD1, 0x46, 0x45, 0x8A, 0xDA, 0x77, 0x38, 0x2C, 0xB2, 0xAC, 0x24, 0x5A, 0xFC,
    0x54, 0xC0, 0xAB, 0x4C, 0x8B, 0xE4, 0x95, 0x27, 0xDC, 0x45, 0x8B, 0xAC, 0x9E, 0xFA, 0xC6, 0x42,
    0x46, 0x78, 0xB8, 0x7B, 0x3B, 0x9E, 0x96, 0x34, 0x2D, 0x59, 0x5A, 0x92, 0xB4, 0xDA, 0xA3, 0xB4,
    0x47, 0xD1, 0xD2, 0x2D, 0xAA, 0x6F, 0x2C, 0xF6, 0x0F, 0x2B, 0x8A, 0x45, 0xBB, 0x8D, 0x3F, 0xAC,
    0xD0, 0xEA, 0x02, 0x97, 0x60, 0x75, 0x14, 0xB2, 0x7F, 0x1E, 0xB2, 0xF5, 0x27, 0x64, 0xAB, 0xA3,
    0x10, 0xBA, 0xFB, 0xD1, 0x9F, 0xB1, 0x68, 0x30, 0xC3, 0xE4, 0xE3, 0xFF, 0xBB, 0xB6, 0xFE, 0xFB,
    0xAE, 0x2D, 0x87, 0x9B, 0xA7, 0x64, 0x96, 0x5A, 0xD6, 0xA1, 0xE6, 0xCA, 0x28, 0x76, 0x67, 0xF9,
    0x4E, 0x91, 0x2F, 0x5F, 0x77, 0xD6, 0xC2, 0x8B, 0x7B, 0x7F, 0x79, 0xD5, 0x9A, 0x13, 0x07, 0xDC,
    0xB1, 0x3D, 0xA5, 0x83, 0xE0, 0x0B, 0xD6, 0x9D, 0x05, 0xB2, 0xBD, 0x5E, 0xAA, 0xFF, 0x84, 0x32,
    0x65, 0xFD, 0x8E, 0x11, 0x9B, 0xCC, 0x03, 0x91, 0x99, 0x8B, 0x14, 0xBB, 0x56, 0x1A, 0x95, 0x22,
    0x3F, 0x45, 0x8A, 0x07, 0x21, 0x33, 0x97, 0x0F, 0x2F, 0xD1, 0x63, 0x63, 0xF7, 0x3E, 0xA5, 0x23,
    0xE4, 0xB9, 0x7A, 0x90, 0x06, 0x43, 0x50, 0x50, 0x01, 0xB6, 0xE6, 0xAB, 0xD0, 0x5D, 0x31, 0x7A,
    0xDB, 0x2D, 0x86, 0xFD, 0x11, 0xD4, 0xA1, 0xA0, 0x73, 0xB7, 0x12, 0x95, 0x74, 0x7B, 0x78, 0x68,
    0xBB, 0x43, 0x49, 0x80, 0xB1, 0xBF, 0x6D, 0x0B, 0xC3, 0xCD, 0xB6, 0x47, 0xAF, 0xD9, 0xF6, 0x59,
    0xFB, 0x7B, 0xCC, 0x2F, 0x93, 0xB3, 0xFB, 0x64, 0xF2, 0x23, 0x14, 0xFE, 0x16, 0x1C, 0xA3, 0xEE,
    0x4F, 0xDF, 0x26, 0xAE, 0xAD, 0x51, 0x98, 0x15, 0x19, 0x8D, 0xEE, 0x74, 0xF9, 0x52, 0xAE, 0xFB,
    0x3C, 0xDE, 0xEA, 0xCE, 0xEE, 0xF0, 0x6C, 0x33, 0xE8, 0x79, 0x36, 0xDE, 0xA7, 0x87, 0xDA, 0xF9,
    0x2E, 0x13, 0x7B, 0x74, 0x9F, 0xA8, 0x91, 0x6C, 0xFF, 0x06, 0xFB, 0x4A, 0x2A, 0x8A, 0x9F, 0x7F,
    0x7C, 0xF7, 0x1A, 0x03, 0xC6, 0x27, 0x2D, 0x8F, 0xD4, 0x73, 0xEB, 0x9A, 0xD8, 0x36, 0xEE, 0x3E,
    0xB9, 0xFB, 0xA8, 0xF7, 0x6A, 0xD0, 0x7B, 0xA3, 0x6D, 0xD9, 0x58, 0x0A, 0x9F, 0xC3, 0x26, 0x9A,
    0x77, 0x18, 0x22, 0x58, 0x21, 0xFC, 0x84, 0xBA, 0x91, 0xF8, 0x0C, 0xF4, 0xA6, 0xAC, 0x03, 0x91,
    0x23, 0x81, 0x2F, 0xCF, 0xB2, 0x35, 0x53, 0x64, 0x26, 0xE5, 0x95, 0xCE, 0x6A, 0x67, 0x92, 0xCE,
    0x6B, 0x66, 0xA1, 0x96, 0x28, 0xCB, 0x7A, 0x6F, 0xAF, 0xA7, 0xC3, 0x77, 0x7D, 0xF8, 0xBB, 0xAF,
    0x72, 0x5D, 0x23, 0xA0, 0x0B, 0x05, 0xAE, 0x8B, 0xCF, 0x9D, 0xF6, 0xEB, 0x9F, 0xE7, 0x1D, 0xB9,
    0x58, 0x39, 0x5F, 0xEC, 0x4F, 0xAC, 0x63, 0xD7, 0x68, 0x13, 0xF8, 0x0E, 0x93, 0x0B, 0xA7, 0xF7,
    0x3B, 0xB3, 0x7F, 0xC9, 0x77, 0x2F, 0xF9, 0xDE, 0xA5, 0xA5, 0x73, 0xC9, 0xF7, 0x2D, 0xF9, 0xAE,
    0x25, 0xD7, 0x21, 0xE6, 0xDB, 0xC3, 0x7C, 0x6F, 0x98, 0x6F, 0x0C, 0xF3, 0x5D, 0x61, 0xBE, 0x25,
    0xCC, 0xF7, 0x83, 0xF9, 0x66, 0x30, 0xD7, 0xA3, 0xE4, 0x3B, 0x94, 0x7C, 0x7F, 0x92, 0xEF, 0x4E,
    0xF2, 0xBD, 0x49, 0xBE, 0x33, 0xC9, 0xF7, 0x25, 0xF9, 0xAE, 0x24, 0xDF, 0x93, 0xE4, 0x3B, 0x92,
    0x64, 0x9D, 0x47, 0x2B, 0x5A, 0xB2, 0x62, 0x68, 0xCA, 0x08, 0x44, 0xAC, 0x30, 0xBC, 0x7E, 0x4A,
    0x9F, 0x90, 0x36, 0x09, 0xB9, 0x0E, 0x21, 0x6D, 0x0F, 0xD2, 0xDE, 0x20, 0x6D, 0x0C, 0xD2, 0xAE,
    0x20, 0x6D, 0x09, 0x4A, 0xF7, 0x09, 0xF8, 0xC6, 0xB7, 0x01, 0x69, 0x0F, 0x90, 0x26, 0xFE, 0xBB,
    0xEB, 0x07, 0x25, 0x19, 0xA5, 0x92, 0x4D, 0x3F, 0x66, 0xE1, 0x1B, 0x7D, 0xA7, 0xA5, 0x8B, 0x16,
    0x2E, 0x79, 0xD2, 0x03, 0x3B, 0xDF, 0xC1, 0xEE, 0x4E, 0xC6, 0x7F, 0x63, 0x56, 0x84, 0x6A, 0x16,
    0xF3, 0xB1, 0x0B, 0x21, 0xBF, 0x79, 0x21, 0xE2, 0x2D, 0xFB, 0x59, 0xAB, 0x55, 0x8A, 0xFB, 0xA6,
    0xD3, 0x22, 0x5F, 0xF4, 0x82, 0x3E, 0x37, 0x69, 0xC3, 0xE0, 0xA0, 0x79, 0x73, 0xC7, 0x5B, 0xDA,
    0xD2, 0x1C, 0x33, 0x35, 0x93, 0xCB, 0x6A, 0x5F, 0x6F, 0xD2, 0xDC, 0x82, 0xD1, 0x75, 0xCD, 0xBA,
    0xEA, 0x53, 0xA9, 0xD7, 0xFA, 0x3F, 0xE6, 0x5C, 0xC3, 0x23, 0xEF, 0x38, 0x7C, 0x7B, 0x72, 0xC1,
    0xA5, 0x6A, 0xE1, 0xA1, 0xB5, 0x15, 0x8D, 0xBE, 0xE2, 0x56, 0x9E, 0x60, 0x0E, 0x66, 0x48, 0x49,
    0x54, 0xF2, 0x7A, 0xEB, 0xD6, 0xAE, 0xAE, 0x5E, 0x35, 0xFD, 0xDF, 0x1F, 0x2E, 0xD6, 0xC5, 0xBA,
    0x75, 0x57, 0x6C, 0xB2, 0xF4, 0x6A, 0xF9, 0x3C, 0xA9, 0xF2, 0xAB, 0x9C, 0xCC, 0x97, 0x8B, 0xA6,
    0x35, 0x07, 0xBF, 0xDC, 0x6F, 0x5B, 0xF3, 0xDE, 0xC7, 0x2D, 0xD3, 0x1F, 0x0E, 0x26, 0x27, 0xDA,
    0xD0, 0xCE, 0x38, 0x7D, 0x4B, 0x6F, 0x1A, 0xAC, 0x6A, 0x35, 0x3D, 0x5D, 0xD7, 0x7A, 0xFA, 0x27,
    0x7B, 0x92, 0x4C, 0x60, 0x03, 0xDE, 0xEF, 0xC9, 0x06, 0xB4, 0xC7, 0xD9, 0x80, 0x06, 0x6C, 0x80,
    0xB8, 0x34, 0x89, 0x0B, 0xD1, 0xBB, 0x60, 0x03, 0xD2, 0x57, 0xC0, 0x06, 0x5C, 0x24, 0x1B, 0x70,
    0x9D, 0x6C, 0xC0, 0x08, 0x36, 0x20, 0xEA, 0xC1, 0x06, 0x24, 0x35, 0xD8, 0x80, 0x8C, 0x6C, 0xC0,
    0x25, 0xB2, 0x01, 0x10, 0xD9, 0xFE, 0x85, 0x35, 0xF6, 0x07, 0x68, 0x36, 0xAC, 0xB0, 0xD6, 0xB2,
    0xD8, 0xBA, 0xD8, 0xB9, 0xB0, 0x01, 0x91, 0xD6, 0x8F, 0xBF, 0x02, 0x9C, 0x17, 0x69, 0x33, 0xCB,
    0x79, 0x8D, 0xEE, 0x47, 0xB5, 0x05, 0x0D, 0x0A, 0x55, 0xBD, 0x50, 0x06, 0x61, 0xEF, 0x7B, 0x09,
    0x8D, 0x7A, 0x5D, 0xD3, 0x6C, 0x75, 0xF7, 0x93, 0x8E, 0x60, 0x1B, 0x76, 0xCB, 0x90, 0x5E, 0x56,
    0x38, 0x99, 0x84, 0x77, 0x4E, 0x36, 0xD1, 0xBB, 0xC8, 0xAD, 0xD2, 0x57, 0x24, 0x03, 0x98, 0x73,
    0xB4, 0x34, 0x4F, 0xD7, 0x65, 0x31, 0xF9, 0xDD, 0x11, 0xFD, 0x94, 0x9F, 0x74, 0xF8, 0x45, 0x2B,
    0x5B, 0xE3, 0x3C, 0xD5, 0x6A, 0x92, 0x07, 0x20, 0x93, 0x6D, 0xC2, 0x02, 0x8B, 0x5E, 0x85, 0xD1,
    0x2F, 0xE7, 0xA1, 0xAA, 0xFF, 0xF5, 0xA9, 0xC7, 0x6E, 0xE8, 0x3A, 0x87, 0x06, 0xAB, 0x8B, 0x27,
    0x3A, 0x8D, 0x60, 0x93, 0x6A, 0x4A, 0x16, 0x69, 0xD1, 0x5B, 0xBE, 0xF1, 0xA0, 0xB6, 0x33, 0x1E,
    0x1D, 0xDC, 0x84, 0x1C, 0xE4, 0x33, 0xF2, 0xDB, 0xAC, 0x6C, 0x07, 0xB8, 0x8D, 0x70, 0x22, 0x5F,
    0xF3, 0xE6, 0xB1, 0x13, 0xE2, 0xFB, 0xE3, 0xED, 0xCE, 0x39, 0x40, 0x7B, 0x4D, 0x02, 0x95, 0xDE,
    0xFD, 0x48, 0x53, 0x63, 0xFE, 0x26, 0x9A, 0x14, 0x52, 0x17, 0x1E, 0x54, 0x0D, 0xB8, 0x33, 0xFC,
    0x5C, 0xBB, 0x12, 0xE1, 0xBE, 0xC2, 0x2D, 0xCE, 0x36, 0xA3, 0x0E, 0x09, 0x4A, 0x5C, 0xC7, 0xF7,
    0xFD, 0x74, 0xF6, 0xE0, 0xE6, 0xB7, 0x6A, 0xF4, 0x0C, 0xA0, 0x0C, 0x09, 0xB6, 0x3C, 0x9E, 0xAC,
    0x9E, 0x9A, 0x48, 0xE9, 0xF1, 0x97, 0x2C, 0xBA, 0x8B, 0x27, 0x88, 0x75, 0xB0, 0xBF, 0xBC, 0x4A,
    0xC6, 0x1C, 0xCF, 0xCC, 0x30, 0x98, 0x7F, 0x9B, 0x89, 0xEA, 0x60, 0x06, 0x2E, 0xB3, 0xBB, 0xDF,
    0x17, 0xB0, 0xBB, 0xC8, 0x2C, 0xE9, 0xFC, 0x33, 0xDC, 0x88, 0xC4, 0xEA, 0xE8, 0xA6, 0xAF, 0xBB,
    0x4E, 0xD2, 0xD9, 0x9E, 0xC8, 0x86, 0x13, 0x47, 0x21, 0xCE, 0x72, 0x3F, 0xD7, 0xE2, 0x9B, 0x25,
    0xF3, 0x96, 0x84, 0xCB, 0xC6, 0x84, 0x58, 0x7E, 0xB4, 0xC1, 0xEA, 0x2D, 0x16, 0x5F, 0x3C, 0x05,
    0x75, 0x60, 0xE9, 0xC7, 0x56, 0x1E, 0x58, 0x96, 0x53, 0x20, 0x05, 0x5E, 0x12, 0x7F, 0xB6, 0x35,
    0x92, 0x3B, 0xCE, 0x72, 0x49, 0xA7, 0x00, 0x10, 0x83, 0x75, 0x24, 0xE1, 0xF8, 0x31, 0x02, 0x0F,
    0x03, 0xC3, 0x87, 0xA5, 0xEB, 0x83, 0xE6, 0x45, 0x40, 0x7E, 0x18, 0x8B, 0xFB, 0xB1, 0xC9, 0x36,
    0xF1, 0xB0, 0x26, 0x19, 0x5D, 0xBA, 0xA0, 0x5E, 0xBC, 0x19, 0x16, 0xAE, 0x3E, 0xB9, 0xC7, 0xD0,
    0x58, 0x22, 0xD5, 0xFC, 0x9A, 0xF9, 0xFA, 0x99, 0x86, 0xD1, 0x19, 0x2A, 0xED, 0x14, 0x18, 0x85,
    0xF7, 0xC4, 0x4A, 0x63, 0x18, 0x69, 0x52, 0xEE, 0xD9, 0xE8, 0x67, 0x0B, 0x63, 0xF0, 0xEA, 0xF9,
    0x1B, 0xF2, 0x11, 0x71, 0xAF, 0x7A, 0x79, 0x76, 0x36, 0x18, 0xF7, 0x05, 0x72, 0x8E, 0xA4, 0xBC,
    0xFF, 0xED, 0xCD, 0xCF, 0x7F, 0xF7, 0xA6, 0xB8, 0x53, 0x29, 0xF3, 0x3B, 0x4B, 0x57, 0x4A, 0x47,
    0x7A, 0x3D, 0x5A, 0xFD, 0x32, 0x87, 0xD5, 0x7F, 0xE0, 0x40, 0x92, 0x53, 0x7A, 0x99, 0xF1, 0x32,
    0xBC, 0x0B, 0xFF, 0x2A, 0xFF, 0x5B, 0xC9, 0x9D, 0xBE, 0xAB, 0xF9, 0xB8, 0x65, 0x8D, 0xC1, 0x5F,
    0x37, 0x2B, 0xBD, 0x4A, 0xB2, 0x8D, 0x6B, 0x42, 0x0F, 0xB6, 0x12, 0xA4, 0xA2, 0x1E, 0x4D, 0x4A,
    0x75, 0xD4, 0xDE, 0x7F, 0x2C, 0xB8, 0x3C, 0xAC, 0x55, 0x16, 0x87, 0xB5, 0x61, 0x69, 0xF1, 0x6A,
    0x65, 0xFF, 0xD3, 0x56, 0x6F, 0xEF, 0xA5, 0x8A, 0xEE, 0x84, 0x97, 0xE2, 0xA9, 0xDD, 0x71, 0x2F,
    0x75, 0x36, 0x5B, 0xBD, 0x5F, 0x3D, 0xFF, 0x73, 0x79, 0xE2, 0x69, 0xD8, 0x01, 0x4E, 0x65, 0xD3,
    0x0E, 0x90, 0x0C, 0x38, 0x7D, 0x1C, 0xF7, 0x92, 0xD5, 0xCF, 0xB6, 0xD5, 0xFB, 0x9F, 0xD5, 0x56,
    0xBB, 0x8E, 0xE5, 0x44, 0x10, 0x2D, 0xDB, 0x9A, 0x6B, 0x69, 0x2D, 0xE4, 0x84, 0x09, 0xD0, 0x48,
    0xEB, 0x14, 0x21, 0xB1, 0x4E, 0x09, 0x76, 0xA6, 0x2D, 0xF8, 0x00, 0x26, 0xD8, 0x21, 0x21, 0x25,
    0x22, 0x21, 0x21, 0x5C, 0xC9, 0x66, 0xF9, 0x81, 0xF9, 0x04, 0x02, 0x02, 0x1E, 0x01, 0x39, 0x02,
    0xDC, 0xE2, 0x0B, 0xCC, 0x26, 0x84, 0x38, 0x40, 0x48, 0x40, 0xB0, 0x0E, 0x0C, 0x32, 0x23, 0xDB,
    0xC5, 0x39, 0xD5, 0xBE, 0x77, 0xEF, 0xEC, 0x0A, 0x91, 0xF1, 0xF0, 0xEE, 0x2D, 0x7B, 0xEC, 0xEE,
    0xEA, 0x53, 0xA7, 0xAA, 0x4E, 0xB7, 0x88, 0x9C, 0x54, 0x82, 0xAB, 0x1D, 0x60, 0x12, 0x9D, 0x61,
    0xB3, 0x9B, 0x05, 0x36, 0xAF, 0x2E, 0x60, 0xEF, 0xE2, 0xDF, 0xED, 0xEB, 0x4C, 0x7F, 0x14, 0x89,
    0x54, 0x15, 0x03, 0x97, 0x48, 0xBD, 0xB8, 0x81, 0xFF, 0xF1, 0x50, 0x4E, 0xB1, 0x56, 0x92, 0xCF,
    0x29, 0x3E, 0xE5, 0x4B, 0xBE, 0xD0, 0x16, 0x33, 0xAD, 0x9B, 0xCC, 0x8E, 0xB4, 0xF5, 0x40, 0xCB,
    0xE5, 0x8A, 0x59, 0x7B, 0x91, 0xD2, 0xAC, 0x1B, 0xCD, 0x0E, 0xB4, 0x6D, 0xDF, 0xC2, 0xAA, 0xC7,
    0x48, 0x38, 0x84, 0xEF, 0x74, 0x95, 0x62, 0x92, 0x7C, 0x92, 0x6C, 0x95, 0xBA, 0xC7, 0x4B, 0xC5,
    0x3A, 0x52, 0xEA, 0x48, 0x3C, 0x0F, 0x0C, 0x55, 0x74, 0x29, 0x74, 0x05, 0x43, 0x60, 0xF1, 0x4D,
    0x5B, 0x49, 0xDA, 0xE5, 0x8D, 0x64, 0x55, 0xDA, 0x1C, 0x81, 0x8F, 0x75, 0xE2, 0x44, 0x4C, 0xD7,
    0x4E, 0x7D, 0xA2, 0xE2, 0xFA, 0x6C, 0xC1, 0xB2, 0xF9, 0x0C, 0x53, 0x8E, 0x30, 0x16, 0x4D, 0x4D,
    0x03, 0x10, 0x35, 0x0D, 0xE0, 0x74, 0x18, 0xDE, 0x76, 0x08, 0xB6, 0xEE, 0x0D, 0x11, 0x00, 0x95,
    0x53, 0x09, 0x3C, 0xAA, 0x1D, 0xB8, 0x58, 0x65, 0x63, 0x31, 0xFA, 0xF4, 0xCE, 0x47, 0x84, 0x90,
    0x13, 0x59, 0xFD, 0x21, 0xE1, 0x14, 0x9E, 0x5F, 0xD3, 0xC1, 0xF1, 0xF3, 0x98, 0x35, 0xB7, 0xB8,
    0x04, 0x92, 0x9F, 0x11, 0x35, 0xE2, 0x61, 0x54, 0x5D, 0x3D, 0xC3, 0x99, 0x2F, 0x16, 0x3C, 0x37,
    0xF9, 0x8A, 0x6C, 0x54, 0xB9, 0x1E, 0xAC, 0xE0, 0x0D, 0x98, 0x05, 0xAD, 0x60, 0x01, 0x91, 0xE2,
    0x01, 0x30, 0xF3, 0xE5, 0x2D, 0x6D, 0xA4, 0x50, 0x72, 0x51, 0xAC, 0x2D, 0xAC, 0x01, 0x03, 0x9F,
    0x64, 0x1E, 0x81, 0x21, 0x0B, 0xF5, 0x80, 0x19, 0x08, 0x83, 0x79, 0xD1, 0x2E, 0xB1, 0xE0, 0x13,
    0xF5, 0x58, 0x30, 0xD2, 0xBE, 0x56, 0x6D, 0xDA, 0xA5, 0x05, 0x25, 0xD9, 0xB2, 0xFB, 0xF8, 0x5D,
    0xD0, 0x36, 0x3B, 0x2F, 0xF1, 0x92, 0x23, 0x41, 0x6D, 0x4A, 0x7F, 0x1F, 0xC0, 0x51, 0xEA, 0xCF,
    0x8F, 0x60, 0x3B, 0x7D, 0x5D, 0x1B, 0xA7, 0x6F, 0xD2, 0xCD, 0xBD, 0xB6, 0x4F, 0xF4, 0xFD, 0x12,
    0x4F, 0x7D, 0x01, 0x42, 0xFD, 0x5D, 0x80, 0x04, 0x15, 0x99, 0xB2, 0x84, 0x18, 0x7A, 0x6E, 0xC5,
    0x64, 0x54, 0x4C, 0x0C, 0x99, 0xD4, 0x38, 0x33, 0xC3, 0xDE, 0x20, 0xA7, 0x58, 0xAC, 0x0B, 0xCE,
    0x23, 0x2B, 0x47, 0x56, 0x0C, 0xD0, 0xD2, 0x41, 0x72, 0xD3, 0x92, 0x41, 0x9F, 0xD3, 0x6D, 0x95,
    0x55, 0xFF, 0x65, 0x06, 0x45, 0x4E, 0x19, 0x02, 0xAA, 0x02, 0x0C, 0xD0, 0xE1, 0xAF, 0xF0, 0x71,
    0x21, 0x0F, 0x45, 0x5E, 0x93, 0xFB, 0xFF, 0x0C, 0x83, 0xAF, 0x3C, 0xFA, 0xC4, 0x56, 0x78, 0xCC,
    0xF9, 0x92, 0x0F, 0x2D, 0x09, 0x4B, 0xA6, 0xD2, 0xF3, 0xCF, 0x39, 0xE3, 0x40, 0xB9, 0x17, 0x0F,
    0xCF, 0x74, 0x35, 0x29, 0x44, 0xEB, 0x54, 0x08, 0x06, 0xBD, 0x5D, 0x25, 0x88, 0x20, 0xEF, 0xC1,
    0x19, 0x3A, 0xC8, 0x93, 0x40, 0x41, 0x2F, 0x25, 0xEC, 0xEB, 0x8A, 0x14, 0x4A, 0x21, 0xE4, 0x90,
    0x37, 0x82, 0x2B, 0x03, 0xBC, 0x8B, 0x70, 0x3B, 0x67, 0x67, 0x0B, 0x63, 0x26, 0x8D, 0x5F, 0x05,
    0xAC, 0x53, 0x00, 0x3A, 0x91, 0x4B, 0x91, 0x91, 0x64, 0x4A, 0x34, 0xD8, 0x8D, 0x58, 0x00, 0x3D,
    0xB1, 0xCE, 0xE7, 0x72, 0x1C, 0x52, 0xA0, 0x51, 0xDC, 0x12, 0x31, 0xF3, 0xB9, 0xB2, 0x69, 0x29,
    0x39, 0xD7, 0x87, 0x4E, 0xFF, 0xDB, 0x4E, 0x1B, 0x9E, 0xA9, 0x13, 0xA7, 0x1E, 0x4D, 0x0B, 0x8B,
    0x1C, 0x21, 0x2A, 0xE0, 0x64, 0x55, 0xD0, 0x12, 0x2C, 0xED, 0xC4, 0xC0, 0xC0, 0x2D, 0xE2, 0x02,
    0x52, 0x53, 0x05, 0x86, 0x03, 0x66, 0x61, 0x51, 0x5D, 0xC5, 0xC4, 0xB4, 0x96, 0x53, 0x42, 0xA5,
    0x1B, 0x33, 0x0A, 0xDF, 0xF4, 0x2A, 0x9F, 0x75, 0xD4, 0x9F, 0x9A, 0x02, 0x7A, 0x82, 0x02, 0x80,
    0x38, 0x00, 0xCA, 0xE5, 0x56, 0xC4, 0xA7, 0xA1, 0xA0, 0xD5, 0x38, 0x4F, 0x83, 0x5C, 0xE5, 0xBF,
    0x10, 0x6B, 0xA8, 0x09, 0x41, 0x4D, 0xDC, 0xFF, 0x9F, 0x27, 0x42, 0x18, 0xAE, 0x7D, 0x0C, 0xE0,
    0x29, 0x70, 0xEB, 0x17, 0x9E, 0x29, 0xA0, 0xA3, 0xB8, 0x8B, 0xFA, 0x7F, 0x3F, 0x11, 0xBC, 0x6A,
    0xA0, 0x4E, 0x19, 0x41, 0x39, 0xA2, 0xAB, 0x6A, 0x8A, 0xBF, 0x36, 0xC9, 0x0A, 0x13, 0xC3, 0x6D,
    0x83, 0x68, 0x94, 0x2D, 0x62, 0x59, 0x6A, 0x57, 0x43, 0x0A, 0xE4, 0x05, 0x77, 0xC4, 0x94, 0x7B,
    0x8A, 0xB4, 0xFC, 0x5E, 0xB0, 0xB5, 0x63, 0xED, 0x77, 0x0D, 0x76, 0xCC, 0x92, 0x9B, 0x5F, 0x0D,
    0xC3, 0x1D, 0xC2, 0x75, 0xDC, 0x35, 0xBC, 0x03, 0x3A, 0xC8, 0xCD, 0x93, 0x85, 0x3C, 0x75, 0x47,
    0x2C, 0x49, 0xC1, 0x9E, 0xB3, 0x36, 0x74, 0x04, 0xF5, 0x35, 0xDF, 0x4D, 0x07, 0xFE, 0xB6, 0xBD,
    0x95, 0x09, 0x79, 0xB2, 0x4A, 0xBC, 0x46, 0x50, 0x2C, 0xE0, 0x82, 0x1C, 0xCB, 0x37, 0xDC, 0x00,
    0x2F, 0x85, 0xA5, 0x00, 0xB3, 0xD8, 0x1E, 0xE7, 0x29, 0x7D, 0xC3, 0xB6, 0xA1, 0x09, 0x62, 0x2D,
    0xC8, 0x8E, 0xAB, 0x30, 0xBC, 0x6E, 0xD2, 0x49, 0xEA, 0x0E, 0x02, 0x5E, 0xAE, 0x98, 0x92, 0x9A,
    0x88, 0x9E, 0x1E, 0xD6, 0x68, 0x99, 0x21, 0xC6, 0x13, 0xB1, 0x10, 0x63, 0x86, 0x9B, 0x74, 0x7B,
    0xDD, 0x45, 0x8A, 0x21, 0x84, 0xA5, 0x59, 0xD7, 0xB9, 0xF1, 0x0C, 0xDD, 0xE4, 0x86, 0x78, 0x38,
    0x47, 0x29, 0xC4, 0xC3, 0x43, 0xD4, 0x45, 0xDC, 0xBF, 0x03, 0xF1, 0x8B, 0xAF, 0x29, 0x84, 0x26,
    0xD1, 0xDE, 0x4A, 0xC2, 0xDB, 0xE6, 0xDA, 0xD8, 0x19, 0xC2, 0x04, 0x47, 0x43, 0xCD, 0x3F, 0xB5,
    0x2C, 0xD3, 0x4D, 0xCB, 0x82, 0x98, 0x59, 0x71, 0x86, 0xDA, 0xDC, 0xDB, 0x7A, 0x0A, 0x18, 0x8C,
    0x68, 0xF3, 0x79, 0xAB, 0x74, 0xEC, 0x85, 0xE9, 0x99, 0x98, 0x9B, 0xC8, 0x26, 0x25, 0xFD, 0xD3,
    0x6D, 0x43, 0xAC, 0x9F, 0x26, 0x0A, 0x1E, 0x5C, 0x8C, 0xCC, 0xC1, 0x00, 0x7F, 0xC3, 0x49, 0xFB,
    0xDB, 0xA5, 0xE9, 0x23, 0x9D, 0xE2, 0x47, 0xC0, 0x84, 0x4B, 0xB0, 0x84, 0xCA, 0x1F, 0x48, 0x66,
    0xB5, 0xD9, 0x8F, 0x30, 0x33, 0x7D, 0x1B, 0xEF, 0x57, 0x8C, 0x05, 0x47, 0x27, 0xC1, 0x3B, 0x52,
    0x22, 0x19, 0x8F, 0x31, 0x2C, 0x8D, 0xC6, 0x3A, 0x4D, 0x5E, 0x3C, 0x82, 0x98, 0xE9, 0x1F, 0x56,
    0x29, 0x6A, 0xBD, 0x8A, 0x43, 0x4E, 0x36, 0xB3, 0xEB, 0xA0, 0x52, 0x08, 0x90, 0x19, 0x41, 0x71,
    0x0F, 0x41, 0xBC, 0x83, 0x70, 0x07, 0xFE, 0x02, 0x43, 0x35, 0x5F, 0xBF, 0x67, 0x24, 0xDA, 0x6E,
    0x24, 0xD7, 0x26, 0xFF, 0xDB, 0xD7, 0x64, 0x63, 0xF7, 0x79, 0x5B, 0xC9, 0xB6, 0x5B, 0x48, 0xB1,
    0x1C, 0xF6, 0xCE, 0xA0, 0x3A, 0x05, 0x3F, 0xEE, 0xE8, 0x2C, 0x6A, 0x57, 0x3B, 0x33, 0xB1, 0x75,
    0xDD, 0xF5, 0x2D, 0x5E, 0x2B, 0x7E, 0xC5, 0xC0, 0x6C, 0xC5, 0x9C, 0x12, 0x59, 0x17, 0xD7, 0xA0,
    0x0B, 0x5D, 0x85, 0x04, 0x95, 0xC7, 0x7B, 0x0E, 0x01, 0x73, 0xCD, 0x74, 0xE1, 0x8C, 0x9E, 0xA9,
    0x02, 0x1F, 0x2F, 0x58, 0xAE, 0xA3, 0x80, 0xDB, 0x1F, 0x1B, 0x2B, 0x0B, 0x43, 0x69, 0x21, 0x18,
    0x3A, 0x62, 0x39, 0xC3, 0xAB, 0x1D, 0x99, 0xAA, 0x89, 0xE9, 0xCB, 0x2D, 0x73, 0x2F, 0xC9, 0xCE,
    0x4E, 0x47, 0x45, 0x65, 0xFD, 0x21, 0xF9, 0x77, 0x16, 0xCD, 0x5E, 0x38, 0x43, 0xFD, 0xDB, 0x4A,
    0x95, 0x3C, 0x7F, 0xA1, 0x66, 0x1F, 0x91, 0x35, 0xC8, 0xE7, 0x1B, 0xBC, 0xC7, 0x8C, 0x65, 0x0D,
    0x18, 0x58, 0x68, 0xCC, 0x36, 0x8B, 0x8C, 0x74, 0x91, 0x7F, 0x82, 0x66, 0x40, 0xFB, 0x3B, 0x11,
    0x52, 0x11, 0xC3, 0x46, 0xCF, 0x9D, 0xF7, 0xEA, 0x8A, 0x0B, 0x5A, 0x47, 0xB0, 0x1E, 0xD7, 0xCF,
    0x3E, 0xB7, 0xFB, 0x1C, 0xEA, 0x1C, 0xBE, 0xEC, 0x0E, 0x5F, 0x96, 0x01, 0xF8, 0x30, 0x1E, 0xE0,
    0xC3, 0x82, 0xA5, 0x82, 0x32, 0x7B, 0x80, 0x61, 0x35, 0x4F, 0x1D, 0x5F, 0x08, 0x03, 0xD2, 0xC5,
    0x13, 0x85, 0x6A, 0xCA, 0x33, 0x0B, 0x4A, 0x25, 0x57, 0x4B, 0xD5, 0xCB, 0x72, 0x87, 0x6E, 0xA4,
    0x66, 0xE8, 0xDF, 0xDA, 0x39, 0x5C, 0xC3, 0x99, 0x3C, 0xF4, 0x16, 0x42, 0xB9, 0x7A, 0x70, 0x38,
    0xA3, 0x47, 0xED, 0x51, 0xF3, 0x1C, 0xD7, 0x53, 0xB0, 0xB5, 0xD9, 0xED, 0x20, 0xFD, 0x3D, 0x35,
    0x42, 0x7F, 0xE0, 0x0C, 0x9D, 0x73, 0x9E, 0x90, 0x78, 0xDE, 0x05, 0x12, 0x93, 0x5D, 0x6F, 0xB2,
    0x5B, 0xFD, 0xA5, 0xEC, 0xEE, 0xC5, 0x17, 0x03, 0xD0, 0x40, 0x18, 0x40, 0xAD, 0x83, 0xFD, 0xDD,
    0x63, 0x40, 0xAD, 0xB4, 0xE5, 0xB2, 0x75, 0xE0, 0x9F, 0x75, 0x56, 0x4D, 0x8C, 0x1C, 0x47, 0x19,
    0x7D, 0x3D, 0xED, 0xD9, 0x8E, 0xB7, 0xE2, 0xD4, 0x1E, 0x66, 0x45, 0x64, 0x1B, 0x77, 0x0E, 0x46,
    0xB2, 0x36, 0x66, 0x8B, 0x83, 0x0F, 0x3E, 0xCC, 0x4C, 0x75, 0x40, 0x22, 0x07, 0x24, 0x32, 0x12,
    0x1E, 0x85, 0x5B, 0x2C, 0x91, 0x43, 0x64, 0x0E, 0xEB, 0x83, 0x0F, 0x7B, 0xD8, 0x6C, 0x17, 0x5C,
    0x72, 0x83, 0x45, 0x22, 0xA7, 0x1C, 0xB2, 0x87, 0x3D, 0x98, 0x0D, 0x12, 0x06, 0xF9, 0x30, 0x96,
    0x76, 0x77, 0x0A, 0x2C, 0x84, 0x90, 0x0F, 0x74, 0x14, 0x04, 0x07, 0x0E, 0x69, 0xC0, 0x22, 0x91,
    0x10, 0x52, 0x23, 0xB5, 0x94, 0x96, 0xE9, 0x99, 0xE2, 0x55, 0xCD, 0xAE, 0xFF, 0x04, 0x3D, 0xDD,
    0x3D, 0x33, 0xDD, 0xF5, 0x7D, 0xF5, 0xFD, 0xBC, 0xF7, 0xAA, 0x6E, 0xEC, 0xE8, 0x4A, 0xD6, 0x71,
    0x8B, 0x19, 0xD6, 0xB1, 0xB6, 0x03, 0x67, 0x3B, 0x0E, 0xA2, 0x41, 0x5A, 0x60, 0x08, 0xF8, 0x27,
    0x98, 0x56, 0xE8, 0xB8, 0x06, 0xE2, 0xDF, 0x2D, 0x94, 0xC9, 0xF1, 0x2E, 0x52, 0x44, 0x23, 0x40,
    0xCC, 0x62, 0xAB, 0xDC, 0x07, 0x56, 0x3B, 0x97, 0x4D, 0xD2, 0x39, 0x46, 0x51, 0x0D, 0xED, 0x1A,
    0x9E, 0xB9, 0xAB, 0xB4, 0xAB, 0x73, 0x7F, 0x56, 0x3D, 0xF4, 0xFA, 0xD8, 0xD2, 0xDF, 0xAC, 0x95,
    0xAB, 0xA4, 0x33, 0xD1, 0x3D, 0x2C, 0x1B, 0x5D, 0x4D, 0xF9, 0xD1, 0x16, 0x38, 0x85, 0x5E, 0x8E,
    0xB9, 0x7B, 0xCD, 0xF1, 0xCC, 0x19, 0x02, 0xD0, 0x1D, 0xE9, 0xF6, 0xDE, 0x6C, 0x65, 0x1B, 0xB3,
    0xA4, 0x96, 0x46, 0xA2, 0x0B, 0x51, 0xE6, 0xB3, 0x46, 0x55, 0xB2, 0x92, 0x47, 0x47, 0xAA, 0x89,
    0x32, 0xEC, 0x2F, 0xED, 0xC6, 0xB3, 0xB4, 0x4C, 0x6A, 0x6D, 0x64, 0x31, 0x87, 0xEE, 0xD4, 0x98,
    0x24, 0x16, 0x97, 0xB0, 0x9C, 0x29, 0xE4, 0x90, 0xBF, 0x69, 0x21, 0x5C, 0x85, 0xD8, 0x59, 0xC6,
    0x9D, 0xD1, 0x83, 0xCC, 0x52, 0xC6, 0xAC, 0x98, 0x50, 0x0F, 0xDD, 0x28, 0x4B, 0x13, 0xAB, 0x84,
    0x55, 0xD2, 0x0E, 0xA5, 0x19, 0xC8, 0xAC, 0xD7, 0xA5, 0xC7, 0x3D, 0xE4, 0xF7, 0x99, 0xDE, 0xC7,
    0x73, 0x88, 0x2A, 0xCF, 0x3A, 0x4D, 0x6A, 0x71, 0x90, 0x14, 0x58, 0x01, 0x5A, 0x44, 0x33, 0x44,
    0x2D, 0x46, 0x7B, 0xBD, 0x09, 0xEA, 0xED, 0x37, 0x99, 0x9A, 0x4D, 0x1D, 0xA2, 0x3D, 0x60, 0x95,
    0xFE, 0xAD, 0x74, 0x95, 0xFA, 0x67, 0x3D, 0x40, 0xB3, 0x89, 0x4D, 0xBC, 0x1C, 0xB5, 0xA2, 0x50,
    0xD8, 0xC6, 0x94, 0x85, 0x74, 0xC5, 0xB4, 0xF0, 0x49, 0x76, 0x4A, 0xD1, 0xCA, 0x99, 0x98, 0x75,
    0x66, 0x74, 0xD6, 0xC4, 0x55, 0x6E, 0x26, 0x4C, 0x74, 0xA9, 0x50, 0x95, 0xAE, 0xF3, 0x6A, 0x6A,
    0x0F, 0xB1, 0xC5, 0xD0, 0x52, 0x1B, 0x17, 0x8F, 0xC7, 0xCE, 0x4F, 0xC6, 0x6E, 0x84, 0xB1, 0x37,
    0x9E, 0x6E, 0xD2, 0x8D, 0x9D, 0xC8, 0xD9, 0x78, 0x0E, 0x59, 0x43, 0x59, 0x76, 0x03, 0x78, 0x1B,
    0x77, 0xD6, 0xAA, 0xBC, 0x42, 0x19, 0xD1, 0xC3, 0xCB, 0xE8, 0x63, 0xB8, 0x9B, 0x57, 0xB7, 0x70,
    0x87, 0xAF, 0x56, 0xC7, 0x23, 0x36, 0x61, 0xEA, 0x4A, 0x30, 0x1B, 0x16, 0x49, 0x58, 0x48, 0x9E,
    0x06, 0xA9, 0x2F, 0x0C, 0x6E, 0xC7, 0xF3, 0xC4, 0xC5, 0x0E, 0x47, 0x68, 0xCF, 0x95, 0xBE, 0xDF,
    0x6C, 0xAB, 0xD5, 0x66, 0x0B, 0x77, 0x31, 0x81, 0x86, 0x04, 0x2B, 0x40, 0xBF, 0x28, 0xF5, 0x5C,
    0xCF, 0xBA, 0xD7, 0xF4, 0xEC, 0xD5, 0xCF, 0x63, 0x93, 0x64, 0x09, 0x22, 0x1B, 0xDB, 0x2F, 0xFD,
    0x71, 0xDA, 0x9E, 0xDB, 0x11, 0x58, 0x86, 0x9E, 0xE7, 0x73, 0x24, 0x06, 0xC2, 0xB0, 0xD6, 0xDE,
    0x2A, 0xC5, 0x57, 0xB6, 0xA1, 0x5B, 0xE8, 0x1A, 0x4B, 0x7E, 0xA2, 0x75, 0x0C, 0x18, 0x56, 0x1F,
    0xDB, 0xDF, 0xD5, 0xAD, 0xAA, 0xF9, 0x08, 0x69, 0xC9, 0xE4, 0x6B, 0x5D, 0x2D, 0x67, 0x5D, 0xBE,
    0x57, 0x56, 0x67, 0xDA, 0x4E, 0x8D, 0xBF, 0x94, 0xD1, 0x21, 0x90, 0xA4, 0x81, 0x72, 0xE8, 0xCB,
    0x6C, 0x33, 0x31, 0x5B, 0xC2, 0xE8, 0x5F, 0x40, 0x12, 0x20, 0x23, 0xC4, 0xAD, 0xA8, 0x65, 0x91,
    0x1A, 0xDF, 0x4D, 0x7F, 0x6E, 0x02, 0x73, 0xB0, 0xDC, 0xAC, 0x20, 0x73, 0x5B, 0xC9, 0x09, 0x48,
    0xA8, 0x1A, 0xD1, 0x04, 0xB2, 0x80, 0xCE, 0x88, 0x88, 0x70, 0xFE, 0x89, 0xE0, 0x24, 0x66, 0x39,
    0x99, 0x87, 0x82, 0x07, 0xC3, 0x80, 0xD6, 0x67, 0xF7, 0xF7, 0x0D, 0x01, 0x6C, 0xF5, 0xFB, 0x1B,
    0xB6, 0x8F, 0xD8, 0xDE, 0x42, 0x6C, 0xAE, 0xA3, 0x83, 0x2B, 0x97, 0x4E, 0x5F, 0xE9, 0x9F, 0x19,
    0xCE, 0x0F, 0xD4, 0x1F, 0xCA, 0x50, 0xE1, 0xB3, 0x6C, 0xEA, 0x11, 0xD4, 0x7B, 0x0D, 0x24, 0x8B,
    0x29, 0x9C, 0x01, 0x5B, 0xB0, 0xE0, 0x47, 0xC0, 0x5A, 0x0D, 0x49, 0x7E, 0x68, 0xB3, 0x8D, 0x43,
    0x4E, 0x40, 0xD4, 0x33, 0x61, 0xFD, 0xF5, 0x26, 0x75, 0x95, 0x70, 0x96, 0xA8, 0xE7, 0xA3, 0xD8,
    0x99, 0xD4, 0x95, 0xFA, 0xA3, 0xEA, 0x00, 0xF5, 0x1D, 0x56, 0x98, 0x1C, 0x8A, 0xE7, 0x51, 0x29,
    0xDD, 0x9F, 0x0B, 0x35, 0x75, 0xB6, 0x2F, 0x1C, 0x7A, 0x8C, 0x3A, 0x70, 0xA8, 0x0E, 0x1C, 0xF2,
    0x54, 0x0A, 0x57, 0xCD, 0x38, 0x6F, 0xF3, 0x7F, 0xBB, 0x3A, 0x1E, 0x5F, 0xF3, 0xC5, 0xB9, 0xB1,
    0xBF, 0xBF, 0xEB, 0x9C, 0xAB, 0xC6, 0xE3, 0xF1, 0xE8, 0xFF, 0x39, 0x5A, 0xDB, 0xDF, 0xDF, 0xA1,
    0x6D, 0xC1, 0xB1, 0x86, 0xF6, 0x0B, 0x0F, 0xF4, 0xB1, 0xE6, 0x7F, 0x13, 0xBE, 0x30, 0xEC, 0x36,
    0x11, 0x33, 0x2D, 0x7C, 0x5D, 0x90, 0x13, 0x20, 0x8B, 0xAF, 0x00, 0xAA, 0x57, 0xB0, 0x38, 0x56,
    0xFC, 0xCD, 0x83, 0x30, 0xAA, 0x78, 0xF3, 0x18, 0xF5, 0x20, 0x82, 0xEF, 0x32, 0x82, 0x44, 0x10,
    0xBD, 0x3C, 0x6A, 0x5E, 0x1D, 0x3F, 0x22, 0x09, 0x2F, 0xE9, 0x9A, 0x65, 0xE0, 0x31, 0x78, 0xD6,
    0xBC, 0x7C, 0x6C, 0x9E, 0xFD, 0x6F, 0xF3, 0x30, 0xC1, 0x73, 0xE6, 0x07, 0x78, 0x12, 0x8F, 0x30,
    0xA2, 0x88, 0xCA, 0xA8, 0x8C, 0x0B, 0x65, 0x06, 0x04, 0x3B, 0x4C, 0x9F, 0x60, 0xF4, 0xAD, 0xF3,
    0x2D, 0x64, 0xBA, 0x86, 0xE9, 0xA2, 0xCB, 0xB2, 0x48, 0x96, 0xE7, 0xCB, 0x40, 0x75, 0x19, 0x28,
    0x79, 0x15, 0xBE, 0xCD, 0x4C, 0xDD, 0x24, 0x7F, 0xA5, 0x16, 0xB5, 0x57, 0x06, 0x67, 0x6E, 0x5E,
    0x7E, 0x31, 0xB8, 0x7C, 0xF1, 0x62, 0xDA, 0x10, 0x50, 0xE5, 0xA0, 0x5A, 0xC9, 0x7C, 0x14, 0xB2,
    0xF0, 0xF8, 0x48, 0x19, 0x85, 0xB0, 0xC2, 0x6C, 0x30, 0x7A, 0xBA, 0x1B, 0xD3, 0x9D, 0x63, 0x15,
    0x7F, 0x86, 0xC0, 0xAA, 0xF1, 0x35, 0xBD, 0xA8, 0xE4, 0xDE, 0xDA, 0xB3, 0xDC, 0x44, 0xE0, 0xA6,
    0x78, 0xCC, 0x4D, 0x76, 0x8B, 0xFC, 0xA2, 0xF4, 0x7D, 0x56, 0xA6, 0xEC, 0xCD, 0x20, 0x71, 0x59,
    0x0F, 0xF7, 0xBC, 0x54, 0x15, 0xBA, 0x14, 0x65, 0x6C, 0xD3, 0xEC, 0xEA, 0x22, 0x33, 0xCA, 0x58,
    0x37, 0x6E, 0x47, 0xEA, 0x77, 0x5F, 0x34, 0xFA, 0xC1, 0xDF, 0x5B, 0xFD, 0xE0, 0x7E, 0xAB, 0x7E,
    0xFC, 0x8D, 0x9A, 0xF4, 0xA2, 0x28, 0x52, 0x2B, 0x2A, 0x5D, 0xEA, 0x87, 0xBA, 0x4D, 0x4B, 0x46,
    0xB1, 0xA3, 0xD8, 0x57, 0xFD, 0xFE, 0x5B, 0x21, 0xF1, 0x2B, 0xC4, 0xEC, 0x2B, 0xE8, 0x64, 0x3E,
    0x3A, 0xF5, 0x2C, 0x46, 0xF6, 0xA6, 0xC4, 0x0E, 0xFF, 0x8F, 0xBA, 0xDD, 0x6C, 0xA1, 0x76, 0x5B,
    0x29, 0x0E, 0x14, 0x0E, 0x34, 0xAE, 0xAD, 0xE2, 0xEC, 0x6D, 0xDD, 0x92, 0xA4, 0x0D, 0x6A, 0xDF,
    0x1C, 0xE6, 0x3E, 0xAA, 0x88, 0xEC, 0xB2, 0x52, 0xEE, 0x1F, 0xE5, 0x90, 0xD5, 0xBA, 0x4B, 0xC6,
    0x8C, 0xEE, 0x11, 0x29, 0x37, 0x8F, 0xB1, 0x40, 0x85, 0x27, 0xFD, 0x16, 0x57, 0xC7, 0xB7, 0x0C,
    0x97, 0x22, 0xB7, 0x33, 0x49, 0x9C, 0xD7, 0x76, 0x57, 0xAC, 0x53, 0x6E, 0x2F, 0xF9, 0xA7, 0x94,
    0x18, 0xBF, 0x80, 0x78, 0x46, 0x2E, 0x7A, 0xC9, 0xE3, 0x08, 0x6F, 0xC7, 0xAE, 0xA8, 0x85, 0x1F,
    0xFB, 0x16, 0xC7, 0x46, 0x94, 0x66, 0x92, 0x82, 0x38, 0x1D, 0x25, 0xEE, 0xB5, 0xD2, 0xDB, 0xEB,
    0x0D, 0x67, 0xFA, 0x89, 0x5B, 0x54, 0x8D, 0x48, 0x8A, 0xAC, 0xE7, 0x8B, 0xAB, 0x2E, 0xBC, 0x69,
    0x5E, 0xE8, 0x1C, 0x17, 0xC9, 0xCA, 0x4A, 0x3D, 0x14, 0x96, 0x4B, 0x03, 0x45, 0x7D, 0x6A, 0x55,
    0x13, 0xCF, 0x5D, 0xA1, 0x9A, 0xC4, 0x55, 0x61, 0xE2, 0x93, 0xFB, 0x77, 0x7E, 0x0B, 0x39, 0xC2,
    0xAF, 0x7E, 0x44, 0xBA, 0xBF, 0x04, 0xAF, 0x84, 0xA7, 0x81, 0xEB, 0x01, 0x44, 0xA7, 0x31, 0x62,
    0x3A, 0x2F, 0x75, 0x8F, 0x47, 0x92, 0xBF, 0xB1, 0xAC, 0x18, 0x6B, 0x72, 0x6C, 0xBB, 0xEB, 0xDF,
    0x2E, 0xFB, 0x94, 0xCF, 0x9C, 0x58, 0x2D, 0x3C, 0xE0, 0x97, 0xDF, 0x26, 0x9A, 0xF0, 0xBD, 0xDF,
    0x3F, 0x99, 0xC5, 0xDF, 0x9D, 0x8F, 0xC1, 0x2D, 0x62, 0x30, 0xAC, 0xA5, 0x2A, 0xE2, 0x2A, 0x2D,
    0x0F, 0x51, 0x3C, 0xA5, 0xA6, 0x93, 0xA0, 0xA6, 0x01, 0xD0, 0xD3, 0x2C, 0x71, 0x65, 0xEA, 0x6A,
    0x1D, 0xB5, 0x5B, 0xF0, 0x1F, 0x2F, 0x5E, 0xF3, 0x63, 0x8C, 0x03, 0xFD, 0xAB, 0xAA, 0x16, 0x85,
    0xAC, 0x06, 0x93, 0x8B, 0x17, 0xF1, 0x02, 0x0E, 0xCE, 0xD5, 0xB9, 0xD1, 0x65, 0xA7, 0xC5, 0xF9,
    0x15, 0xC2, 0x49, 0x3D, 0x8C, 0xDB, 0xB4, 0xD9, 0xCE, 0xAE, 0xB3, 0x59, 0x1E, 0x45, 0x7D, 0xE8,
    0xF2, 0x5D, 0x24, 0xB5, 0x43, 0x5A, 0xFD, 0x27, 0x3B, 0xEC, 0x7C, 0x62, 0x76, 0xE3, 0x1F, 0xFA,
    0x9A, 0x67, 0xD2, 0x76, 0x16, 0x24, 0xB1, 0x9E, 0x63, 0xCB, 0x59, 0x5E, 0x72, 0xC9, 0x2D, 0xF5,
    0xA2, 0x17, 0xA7, 0x36, 0x71, 0xE1, 0x6B, 0x48, 0x3E, 0xB2, 0x6B, 0x8F, 0xCC, 0xF0, 0x5F, 0xC0,
    0x83, 0xAC, 0xF3, 0xB1, 0x7F, 0xBE, 0xF4, 0x93, 0x3D, 0x4A, 0xEE, 0x0C, 0x57, 0x87, 0x12, 0xB7,
    0xCE, 0x0B, 0x6C, 0x7E, 0x55, 0x60, 0x38, 0x3D, 0x82, 0xF8, 0x5B, 0xC3, 0xB7, 0x97, 0xFD, 0x74,
    0x4D, 0x5E, 0xB3, 0x16, 0x55, 0x50, 0x5D, 0x56, 0x2E, 0x78, 0x67, 0x62, 0xBE, 0xD9, 0x5C, 0x23,
    0x93, 0xF9, 0x4F, 0x57, 0xA7, 0xA4, 0x38, 0x51, 0xE7, 0xC5, 0x71, 0xC9, 0xCD, 0x77, 0x70, 0x72,
    0xDC, 0x0D, 0x2D, 0x35, 0x81, 0xED, 0xE4, 0x97, 0x09, 0x06, 0xE2, 0x51, 0x16, 0xD1, 0x20, 0x72,
    0x0B, 0x83, 0x73, 0xCE, 0x3D, 0x31, 0x08, 0x62, 0x65, 0x16, 0xF7, 0xDC, 0xDF, 0xB3, 0x20, 0x5C,
    0x08, 0xBF, 0xFD, 0x14, 0xCE, 0xE1, 0xB9, 0x23, 0xF7, 0xE6, 0xC2, 0x74, 0x9C, 0xF7, 0xA3, 0xE8,
    0xDD, 0x8F, 0x9A, 0xF9, 0xB5, 0x6E, 0x83, 0x3C, 0x08, 0x62, 0x42, 0x88, 0x3D, 0x6D, 0xB1, 0xEA,
    0x65, 0x28, 0x9A, 0x86, 0x79, 0xD3, 0x10, 0x45, 0xE4, 0x1E, 0x8D, 0xBF, 0xEF, 0xAC, 0xF0, 0xF0,
    0x4E, 0x2B, 0x15, 0xDE, 0x37, 0xEF, 0x84, 0xC1, 0xEF, 0x3C, 0xD6, 0x43, 0x6E, 0x36, 0xF2, 0xE0,
    0x7A, 0x1A, 0x6C, 0x28, 0x0F, 0xE3, 0x49, 0x78, 0x3E, 0x3A, 0x61, 0xCA, 0xDC, 0x88, 0xF7, 0x6C,
    0x2A, 0x48, 0x39, 0xC3, 0x25, 0xAC, 0xAF, 0xA0, 0x3F, 0xDC, 0x21, 0x09, 0x23, 0x56, 0xF3, 0x0D,
    0x5C, 0x90, 0x18, 0x1E, 0x60, 0x90, 0xF9, 0x88, 0xD2, 0x9F, 0xFB, 0xDD, 0x94, 0xC8, 0xBC, 0x20,
    0xE6, 0x0C, 0x7A, 0xB1, 0x54, 0x6E, 0x61, 0x3B, 0xE3, 0xF6, 0xA2, 0xF1, 0x43, 0x69, 0x7F, 0x20,
    0x31, 0x49, 0x31, 0x19, 0x60, 0x48, 0x91, 0xC8, 0x70, 0x24, 0xC8, 0x66, 0x0C, 0x52, 0x6C, 0x91,
    0xCA, 0x43, 0x4C, 0x0E, 0x31, 0xCD, 0x0D, 0xF7, 0x31, 0xD1, 0x3C, 0x78, 0xEF, 0x7A, 0xBF, 0x7D,
    0x3C, 0xF1, 0x8E, 0xA4, 0xE4, 0xCE, 0x82, 0xDA, 0xCA, 0x9D, 0xC3, 0x73, 0x61, 0xA9, 0x4F, 0x7D,
    0x58, 0x24, 0x6C, 0x12, 0x4E, 0xF1, 0xA1, 0x91, 0x7F, 0xB1, 0xF2, 0x75, 0x3F, 0x66, 0x5D, 0x66,
    0x03, 0x3F, 0xFB, 0x6E, 0x2F, 0xCA, 0xD4, 0xC6, 0x1B, 0x56, 0x7E, 0xFA, 0x59, 0x91, 0x7E, 0xEB,
    0x3E, 0x77, 0x4E, 0xAF, 0x73, 0xEB, 0x44, 0x1F, 0x1C, 0xD3, 0x57, 0xA2, 0xEC, 0x9D, 0xF2, 0xEF,
    0x21, 0x3F, 0xC8, 0xE4, 0x0F, 0x3C, 0xC8, 0xD7, 0x71, 0x3C, 0x3F, 0x17, 0xE7, 0x08, 0x82, 0xEB,
    0xCB, 0x22, 0x23, 0x6E, 0x9F, 0x70, 0x44, 0xF5, 0x63, 0x32, 0x03, 0x81, 0xF5, 0x04, 0xE9, 0x32,
    0xE4, 0x79, 0xC8, 0x9B, 0x5E, 0x2F, 0xB8, 0x19, 0x11, 0xBF, 0x2E, 0xE3, 0x4F, 0x32, 0xEE, 0xB6,
    0x38, 0xCE, 0x83, 0x69, 0x80, 0xCB, 0x2A, 0x5B, 0xE9, 0xE2, 0xBF, 0xE5, 0x5B, 0x3B, 0x8C, 0x1D,
    0xD7, 0x79, 0x3E, 0x73, 0x47, 0xE2, 0x04, 0x9A, 0x62, 0x8C, 0x80, 0x0A, 0x10, 0x1A, 0xD6, 0xB4,
    0x8E, 0x9D, 0x78, 0x9A, 0x14, 0x29, 0xC8, 0x9D, 0xA1, 0x54, 0xA8, 0x60, 0x91, 0x2D, 0xB8, 0x6E,
    0x58, 0xB0, 0x51, 0x11, 0x24, 0x41, 0xD6, 0x6D, 0x00, 0xD2, 0x73, 0x1D, 0x17, 0x2E, 0x52, 0x48,
    0x45, 0x9C, 0x56, 0x2A, 0x14, 0x20, 0x5A, 0x01, 0xA1, 0x0A, 0x15, 0x44, 0xBC, 0xD2, 0x8C, 0xE4,
    0x32, 0x45, 0xC6, 0x31, 0x0C, 0x03, 0x71, 0xA1, 0x51, 0x22, 0xCA, 0x48, 0x54, 0x68, 0x24, 0xCF,
    0x52, 0x97, 0xE4, 0xCC, 0x9C, 0xFC, 0xDF, 0xF7, 0xFF, 0x73, 0x1F, 0x4B, 0xD2, 0x0F, 0x39, 0xB2,
    0x42, 0x67, 0x41, 0x9E, 0x33, 0x7B, 0x1F, 0xE7, 0xFC, 0xCF, 0xEF, 0x7F, 0x9C, 0xB3, 0xCE, 0x05,
    0x47, 0x0E, 0x3F, 0x81, 0x2F, 0x38, 0x97, 0x35, 0xA7, 0xB4, 0xE1, 0x14, 0x75, 0x9C, 0xDC, 0xEB,
    0xEE, 0xF4, 0x4F, 0xE2, 0xE5, 0xA7, 0x70, 0x29, 0x26, 0xF9, 0xD5, 0x9F, 0x7C, 0x1D, 0x53, 0xD5,
    0xBA, 0x1C, 0xBF, 0x35, 0x6E, 0x0F, 0x53, 0xED, 0x2E, 0x60, 0xE5, 0xDA, 0x9D, 0xD5, 0x49, 0x7E,
    0x16, 0x7E, 0x89, 0x29, 0xD4, 0xED, 0x42, 0x7F, 0x84, 0xED, 0x23, 0x5D, 0x24, 0xF6, 0x47, 0xAF,
    0x60, 0xE9, 0x49, 0x77, 0x18, 0x75, 0x1A, 0x94, 0x20, 0x9D, 0xB2, 0x15, 0xA7, 0xBC, 0x77, 0x8B,
    0x56, 0xA6, 0xCE, 0x85, 0x42, 0x68, 0xD9, 0xB9, 0xB8, 0x06, 0x0D, 0x07, 0x87, 0xB5, 0xCB, 0x40,
    0xD1, 0xD2, 0xE5, 0x4A, 0x9F, 0xEC, 0xFB, 0xD2, 0x19, 0xEC, 0x18, 0x0D, 0x09, 0x78, 0x89, 0x87,
    0x8C, 0xD3, 0x2A, 0xC5, 0xB4, 0x78, 0xE9, 0x89, 0xE5, 0x23, 0xCA, 0x18, 0xE9, 0xEB, 0xF9, 0x5A,
    0x97, 0xDF, 0xAA, 0x4E, 0x0E, 0xBB, 0x3D, 0x21, 0x32, 0xEC, 0xAE, 0x09, 0x8D, 0x61, 0x7B, 0x2C,
    0x24, 0x86, 0xCD, 0x73, 0x32, 0x2E, 0x96, 0x46, 0xA0, 0xD2, 0x27, 0xE4, 0xED, 0x63, 0xAC, 0xE4,
    0x37, 0x10, 0x27, 0x1B, 0xF8, 0xEF, 0x56, 0x83, 0x8B, 0x27, 0x97, 0x8E, 0xA0, 0x2C, 0xF6, 0x20,
    0x4C, 0x46, 0xA1, 0x2B, 0xF2, 0x20, 0x4B, 0x9E, 0x85, 0x2A, 0xA1, 0x1D, 0xE3, 0x00, 0xD2, 0xE4,
    0x45, 0xDF, 0x05, 0x55, 0x27, 0xBB, 0x3F, 0xEF, 0x97, 0x42, 0xD0, 0xF3, 0x3D, 0x89, 0x3F, 0xF7,
    0xB2, 0xF2, 0xA0, 0x46, 0x63, 0x62, 0x51, 0x9E, 0x63, 0x7D, 0x2D, 0x29, 0x1E, 0x6C, 0x48, 0x6E,
    0x5B, 0xDE, 0x93, 0xCA, 0xFB, 0x9B, 0x2A, 0xEF, 0x0B, 0xBA, 0xD4, 0x79, 0x9D, 0xBE, 0xFC, 0x50,
    0x79, 0xAB, 0xBD, 0xEA, 0x14, 0xDB, 0xF4, 0x4B, 0xC9, 0x7B, 0x7B, 0x52, 0x2A, 0x2B, 0x4E, 0xC2,
    0x1D, 0x9C, 0x40, 0xD8, 0xAB, 0xB7, 0xC8, 0x3D, 0xE3, 0xEF, 0xE0, 0x13, 0x78, 0x31, 0xF2, 0x17,
    0x7D, 0xEB, 0xD2, 0x15, 0xBE, 0x56, 0x8A, 0x7D, 0xB4, 0x20, 0x30, 0xAB, 0x41, 0xD1, 0xEF, 0x1B,
    0x25, 0xAA, 0xF1, 0x94, 0x04, 0x64, 0x1C, 0x65, 0xB9, 0x15, 0xC7, 0x7E, 0xDE, 0x55, 0xC7, 0x72,
    0xEB, 0x39, 0x27, 0x6D, 0xF9, 0x30, 0x7F, 0xF7, 0x8F, 0x45, 0x48, 0x45, 0xD0, 0x0B, 0x93, 0xB7,
    0x0E, 0x85, 0x34, 0x4F, 0x8A, 0x52, 0xCF, 0xF5, 0x9E, 0xDC, 0xA2, 0x2D, 0x03, 0xC1, 0x0B, 0xEF,
    0xE5, 0x8B, 0xC9, 0x0A, 0x32, 0xC8, 0xDA, 0x85, 0x8C, 0x79, 0x1D, 0x78, 0x3A, 0xB6, 0x7C, 0xA1,
    0xAA, 0xDD, 0x3E, 0xA5, 0x8B, 0x2D, 0x75, 0x1B, 0x0A, 0x30, 0xF3, 0x1D, 0x75, 0x31, 0x52, 0xB2,
    0x7C, 0xA9, 0x24, 0xDF, 0xB1, 0x6F, 0x89, 0x0E, 0x14, 0x89, 0xDA, 0xA3, 0x78, 0x50, 0xAE, 0x63,
    0xC3, 0x51, 0x1F, 0x46, 0x57, 0x2D, 0xE5, 0xD3, 0x9E, 0xDA, 0xD3, 0x2F, 0x5D, 0x36, 0xFD, 0x36,
    0xD0, 0x2E, 0xEC, 0xB8, 0x77, 0xB6, 0x37, 0x25, 0x8B, 0x97, 0x82, 0xF5, 0x40, 0x7D, 0x52, 0x9B,
    0xD4, 0x65, 0xE4, 0x67, 0x3D, 0x52, 0x86, 0xD4, 0x21, 0x35, 0x48, 0xFD, 0x51, 0x7B, 0x14, 0x16,
    0x87, 0x12, 0xD4, 0x81, 0xC4, 0xCC, 0x3C, 0x04, 0xA6, 0xF1, 0x1C, 0x4C, 0x7F, 0x14, 0xAF, 0x5F,
    0xAC, 0x07, 0xF7, 0xF2, 0x99, 0xE5, 0xAE, 0xE9, 0x7D, 0x3E, 0xA4, 0x79, 0x91, 0x73, 0xA0, 0x7A,
    0xC2, 0xAA, 0xBA, 0xD6, 0xF8, 0x73, 0xD7, 0xEA, 0xE6, 0xB5, 0x68, 0x9C, 0x0F, 0xA0, 0xD4, 0x88,
    0x7C, 0x00, 0xA5, 0x0F, 0x25, 0x72, 0x5E, 0xE9, 0xF7, 0x28, 0x81, 0x69, 0x5E, 0x17, 0xAA, 0x37,
    0xF0, 0xAC, 0xE6, 0x87, 0x48, 0x60, 0x90, 0xEF, 0x85, 0xAD, 0xF9, 0x5F, 0xD8, 0x98, 0x07, 0x46,
    0xB5, 0xF9, 0x60, 0x5C, 0x9B, 0x17, 0x26, 0x4B, 0xF3, 0xC3, 0xA4, 0x30, 0x4F, 0x4C, 0x85, 0xD1,
    0xBB, 0xB4, 0x33, 0x08, 0x1D, 0x0C, 0xED, 0x89, 0xF0, 0x2A, 0x6C, 0x79, 0x5D, 0x28, 0x8A, 0xB0,
    0xC0, 0xB1, 0x50, 0xC5, 0x25, 0xC5, 0xA1, 0x7A, 0x6C, 0x22, 0x16, 0xAF, 0x0F, 0x21, 0x8C, 0x0C,
    0x0F, 0x51, 0x2B, 0x32, 0x58, 0xC8, 0x43, 0xD2, 0x00, 0xEC, 0xE4, 0xC3, 0x62, 0xD5, 0xBE, 0x91,
    0xDD, 0x4A, 0x59, 0xC1, 0xD7, 0xE2, 0x2C, 0xA5, 0x17, 0x49, 0xFC, 0x48, 0xB6, 0x28, 0x07, 0xB2,
    0x51, 0x83, 0x4D, 0x61, 0xE3, 0x3D, 0x11, 0xD3, 0xB6, 0xE2, 0xFF, 0x8D, 0x64, 0x88, 0xF2, 0xBF,
    0xAF, 0xF4, 0xC8, 0x90, 0xD1, 0x59, 0x45, 0x04, 0x0A, 0x11, 0x22, 0x5E, 0x05, 0x09, 0xAC, 0xD1,
    0x3B, 0x15, 0x33, 0x65, 0x86, 0x07, 0xEA, 0x02, 0xE4, 0xF2, 0x01, 0xA4, 0x50, 0x76, 0x21, 0x04,
    0x06, 0x88, 0x88, 0xF8, 0xE0, 0xE1, 0x12, 0xF2, 0xF9, 0xB7, 0xC4, 0x02, 0xC4, 0x58, 0xE4, 0xF3,
    0x00, 0xD1, 0x11, 0x9F, 0xCF, 0x06, 0xE8, 0x43, 0x44, 0x27, 0xBB, 0xA5, 0x78, 0xC0, 0x28, 0x1B,
    0x02, 0x74, 0x07, 0x6C, 0x28, 0x7A, 0xCB, 0x57, 0x4E, 0x3F, 0x2F, 0x9B, 0xC8, 0xBF, 0x64, 0x08,
    0x84, 0x28, 0x59, 0x2A, 0x1B, 0xAF, 0xC8, 0x02, 0xDE, 0x3F, 0xEB, 0x61, 0x49, 0x62, 0x54, 0x97,
    0xC4, 0xEF, 0x96, 0x16, 0x13, 0x34, 0x50, 0x88, 0xC8, 0x18, 0x15, 0x9C, 0x86, 0x05, 0x87, 0xB8,
    0x20, 0x91, 0x45, 0x03, 0x83, 0xB3, 0xC8, 0x70, 0x3F, 0x96, 0xEE, 0xBB, 0x39, 0x3A, 0x90, 0x83,
    0xDE, 0x59, 0x7C, 0xB0, 0x00, 0x01, 0x5A, 0x60, 0xF4, 0x42, 0x39, 0x26, 0xA1, 0x18, 0x86, 0x25,
    0x54, 0xC3, 0xB4, 0x84, 0xD4, 0x74, 0x6B, 0x62, 0x9C, 0x00, 0xB5, 0xC2, 0x05, 0x8C, 0x3F, 0xF7,
    0x35, 0xCC, 0x5F, 0x61, 0x65, 0x4E, 0x3B, 0x5C, 0xA4, 0x18, 0xED, 0x52, 0x45, 0x60, 0x40, 0x09,
    0x7F, 0xEC, 0xE5, 0x45, 0xEB, 0x1E, 0xF0, 0xA3, 0xFA, 0x9B, 0xD5, 0xA7, 0xDA, 0x2B, 0x5B, 0x55,
    0x5E, 0x55, 0xA8, 0xEE, 0x54, 0x87, 0x75, 0x68, 0x0A, 0x4B, 0x6A, 0x9D, 0x4B, 0xE5, 0xF7, 0x5B,
    0x83, 0x32, 0xFC, 0x6C, 0xA7, 0xF3, 0x8D, 0x4E, 0xC3, 0x07, 0x6D, 0x41, 0x78, 0xAE, 0x06, 0x85,
    0x6F, 0x85, 0xEE, 0x64, 0x54, 0x20, 0x4F, 0x06, 0xB5, 0xE7, 0x74, 0xA0, 0xA3, 0xD1, 0x60, 0x6B,
    0xBA, 0x68, 0xA0, 0xB1, 0xA2, 0xA7, 0xAB, 0x53, 0x5D, 0xBD, 0xFA, 0x7D, 0x3E, 0xD2, 0xF5, 0x8B,
    0x44, 0xBD, 0xBF, 0x30, 0x51, 0x3F, 0xF1, 0xB2, 0xDB, 0x0E, 0x4A, 0x2E, 0x1C, 0x8D, 0x35, 0x6F,
    0x73, 0x6E, 0x91, 0x32, 0x5E, 0x3E, 0x98, 0xFF, 0xA6, 0x12, 0xCD, 0x03, 0xBB, 0x60, 0x01, 0xE0,
    0x3F, 0xC6, 0xC2, 0xC2, 0x3F, 0x5D, 0x4F, 0xA8, 0xA1, 0xDB, 0xC3, 0x55, 0x46, 0xB3, 0xDC, 0x81,
    0x73, 0x00, 0xD4, 0x11, 0x22, 0x22, 0xCC, 0xB0, 0xBE, 0x6A, 0x45, 0xB0, 0x78, 0x13, 0x26, 0x1E,
    0xF9, 0xC5, 0x0A, 0x16, 0x1E, 0xFB, 0xB8, 0x81, 0x5D, 0x27, 0x53, 0x5E, 0xC0, 0xAC, 0x93, 0x71,
    0x70, 0x70, 0xFF, 0x44, 0x18, 0x02, 0xA3, 0xA9, 0xAC, 0x07, 0xC6, 0x33, 0xAF, 0x16, 0x24, 0x1A,
    0x26, 0x5F, 0x79, 0xAF, 0xE0, 0x23, 0xDF, 0x25, 0x14, 0x30, 0xBD, 0x28, 0xC0, 0xFF, 0x45, 0x84,
    0x3D, 0xE1, 0xFF, 0x69, 0x86, 0xBF, 0x75, 0xC0, 0x72, 0x21, 0xD8, 0xAB, 0x34, 0x2F, 0xF0, 0xCB,
    0xEB, 0x0A, 0x3E, 0xD4, 0x41, 0xEA, 0xEF, 0xE3, 0x3C, 0xF7, 0xA3, 0xA0, 0xA6, 0x4C, 0x83, 0x84,
    0x28, 0x59, 0xB9, 0x76, 0x29, 0x36, 0x92, 0xA9, 0x76, 0x50, 0x44, 0x56, 0x90, 0x1C, 0x26, 0x0E,
    0x2D, 0x0D, 0xA0, 0xEA, 0x16, 0x0A, 0xC2, 0x61, 0x4B, 0xF5, 0xD0, 0x0A, 0xB2, 0x21, 0x2D, 0xA8,
    0xC4, 0x3D, 0xD5, 0xED, 0xB1, 0xAA, 0xBC, 0x57, 0x0B, 0x50, 0x94, 0x9B, 0xFD, 0xA2, 0xD0, 0xDC,
    0x58, 0xF7, 0x57, 0x5D, 0x71, 0x45, 0xF7, 0x94, 0x42, 0x65, 0xA6, 0x1F, 0x4C, 0xFD, 0x8E, 0x36,
    0x8B, 0xB5, 0x9A, 0x7E, 0x00, 0x7E, 0x45, 0x4D, 0x6F, 0x93, 0x6F, 0xD9, 0x23, 0xB5, 0x6C, 0x92,
    0x1F, 0x45, 0xF8, 0x19, 0x54, 0x4D, 0x84, 0x1A, 0x9B, 0x03, 0x43, 0x1C, 0xC8, 0x14, 0xEA, 0x80,
    0x4C, 0xCB, 0x4E, 0x31, 0x1D, 0xDB, 0x42, 0xC5, 0x50, 0x43, 0x3C, 0xCF, 0x93, 0xC6, 0x81, 0x64,
    0x54, 0x75, 0xC8, 0xDA, 0x54, 0x07, 0x61, 0xA5, 0xA0, 0x7F, 0x52, 0x1D, 0xB2, 0x66, 0xB4, 0x3D,
    0x23, 0x9C, 0xD3, 0x4A, 0x4E, 0x0E, 0xAE, 0x4E, 0x4E, 0x71, 0x03, 0x26, 0x6B, 0xB3, 0xA3, 0xF2,
    0x28, 0x0E, 0xE3, 0x6B, 0x61, 0xBA, 0x5B, 0x74, 0xBB, 0xDE, 0xB9, 0x68, 0x4E, 0x69, 0x6A, 0xB1,
    0x93, 0x8E, 0x25, 0xBA, 0x4C, 0xA6, 0xD3, 0x05, 0x55, 0xEC, 0x4D, 0x4E, 0x41, 0x47, 0x01, 0x86,
    0x2D, 0xA7, 0xA8, 0xE6, 0x94, 0x2C, 0x39, 0x65, 0xAE, 0xC2, 0xBA, 0x17, 0x14, 0x59, 0x07, 0x7A,
    0xB8, 0xC4, 0x04, 0x95, 0x04, 0x09, 0x8C, 0x75, 0x4A, 0xBE, 0x7B, 0x80, 0x17, 0x33, 0x8D, 0x95,
    0xDF, 0xD4, 0x04, 0x6A, 0x20, 0xDF, 0xC1, 0x0A, 0xFA, 0x76, 0xD1, 0x8A, 0xF9, 0x54, 0xE5, 0xEB,
    0x88, 0x2E, 0x53, 0xC7, 0x88, 0x0C, 0x09, 0xE1, 0x33, 0xF5, 0xEA, 0x42, 0x27, 0x5F, 0x1F, 0x28,
    0xDE, 0x63, 0x0A, 0xF5, 0x98, 0x22, 0xBD, 0x49, 0x81, 0x3E, 0x77, 0x3A, 0x85, 0x56, 0xA0, 0x7F,
    0x81, 0x80, 0x31, 0x81, 0x8C, 0x48, 0xDE, 0x11, 0x88, 0x90, 0xEF, 0x89, 0x0E, 0x3C, 0xB5, 0x2B,
    0x71, 0x3A, 0xE5, 0x88, 0x6C, 0xB9, 0x25, 0x34, 0x34, 0xA2, 0xCD, 0x05, 0x63, 0x07, 0x02, 0x9E,
    0xEF, 0x0E, 0x47, 0xCA, 0xBC, 0x85, 0xC4, 0xEF, 0xA8, 0xBD, 0xFC, 0x97, 0x66, 0xC2, 0xC2, 0xA9,
    0xBF, 0x0D, 0xCF, 0xAC, 0x5A, 0x20, 0x90, 0x6F, 0x12, 0xAA, 0x58, 0x46, 0x40, 0x19, 0xD5, 0x9C,
    0x52, 0xC9, 0x54, 0x6D, 0x51, 0xC1, 0x0D, 0x5E, 0x95, 0x35, 0x23, 0x9A, 0x59, 0xEC, 0x6F, 0xC8,
    0x33, 0xE8, 0x69, 0x2D, 0x78, 0x24, 0x83, 0xC1, 0x32, 0xB0, 0x98, 0x41, 0x45, 0xFE, 0x95, 0xBD,
    0x01, 0x16, 0x62, 0xAA, 0xC4, 0x95, 0x93, 0x43, 0x06, 0x15, 0x8D, 0x28, 0xE0, 0xEE, 0x91, 0x49,
    0xCD, 0x13, 0x0D, 0x7C, 0x73, 0x00, 0x74, 0x6E, 0x3C, 0x38, 0xE4, 0x06, 0xC7, 0xB6, 0xE6, 0xCA,
    0x16, 0xED, 0x2D, 0x92, 0x77, 0xBA, 0x5E, 0xD8, 0x5A, 0xF8, 0x6E, 0x74, 0x8E, 0x6A, 0xB5, 0xB5,
    0xB8, 0xD6, 0xE4, 0x2A, 0x29, 0xB4, 0x8A, 0x49, 0x8D, 0xB3, 0xDC, 0x58, 0xBB, 0xA0, 0x89, 0x96,
    0x2C, 0xAF, 0x3C, 0x9A, 0x7F, 0x89, 0x5B, 0x90, 0x4B, 0x59, 0x56, 0x93, 0x2E, 0x45, 0x5F, 0xE0,
    0x12, 0x38, 0x7C, 0xBC, 0x3C, 0x38, 0xB8, 0x3A, 0xEE, 0x2B, 0x95, 0x88, 0xE2, 0xF3, 0x8C, 0x2D,
    0x65, 0x20, 0xE4, 0x27, 0x5A, 0x61, 0x82, 0x84, 0x6B, 0x9A, 0x5D, 0x89, 0x11, 0xEA, 0xDC, 0x5B,
    0x3C, 0xD8, 0x27, 0x26, 0x3D, 0x42, 0x35, 0xB8, 0x14, 0x17, 0xA5, 0x9F, 0x12, 0x46, 0x80, 0xAE,
    0xC2, 0x53, 0x0F, 0x68, 0x8D, 0x24, 0x07, 0xC1, 0xDB, 0x15, 0xA4, 0xB7, 0x18, 0x28, 0x5F, 0x91,
    0x1F, 0x7B, 0x0E, 0x4C, 0x21, 0x53, 0x16, 0x20, 0xB5, 0xC8, 0x92, 0x51, 0x3B, 0xEC, 0x92, 0x31,
    0xE0, 0xDE, 0x41, 0x9F, 0x0C, 0x11, 0xB1, 0x27, 0x18, 0xD2, 0x21, 0xD5, 0x7C, 0x54, 0xD2, 0xC9,
    0xAA, 0x5E, 0x5B, 0x03, 0x11, 0x29, 0x93, 0xD7, 0x14, 0xD0, 0xCB, 0x3E, 0xEF, 0xD4, 0x76, 0x7C,
    0x5B, 0x76, 0x34, 0x02, 0xC1, 0xF8, 0xAA, 0x65, 0xA9, 0x25, 0x36, 0xE9, 0x1B, 0xCD, 0x8B, 0x47,
    0x47, 0xFF, 0x42, 0x71, 0x04, 0x4F, 0xA3, 0x58, 0x91, 0xF1, 0x42, 0xAF, 0x21, 0xE8, 0x5D, 0x42,
    0xF3, 0xF2, 0xBA, 0x78, 0x3C, 0x9C, 0xA6, 0x92, 0x2F, 0x48, 0x24, 0xC5, 0xBF, 0x96, 0x19, 0x7D,
    0x36, 0xAC, 0x41, 0xB0, 0x82, 0x0F, 0xC5, 0x4C, 0xF3, 0x73, 0x96, 0x63, 0x55, 0xC3, 0x3C, 0xB1,
    0x26, 0x06, 0x14, 0x18, 0xCF, 0xED, 0x60, 0x8A, 0xBA, 0x48, 0x0A, 0x92, 0xBE, 0x42, 0xE8, 0xAB,
    0x46, 0x5D, 0xA7, 0xD9, 0x38, 0x42, 0x32, 0x6C, 0xEA, 0x4A, 0x11, 0x4C, 0x40, 0x3F, 0x17, 0x09,
    0xA0, 0x3E, 0xAF, 0xE9, 0xE1, 0x2D, 0xD3, 0xC6, 0x15, 0x4A, 0xB6, 0x84, 0x6A, 0x58, 0x68, 0xCC,
    0xDD, 0x94, 0x63, 0xBF, 0x0D, 0xA9, 0x83, 0xEC, 0xD8, 0xB8, 0x6F, 0x68, 0xAB, 0x4A, 0xC3, 0x50,
    0xDA, 0xA5, 0xA6, 0xFE, 0xC9, 0x62, 0x50, 0xFB, 0x5B, 0x98, 0x3A, 0x3D, 0xF2, 0xA9, 0x2F, 0x6B,
    0xCB, 0xDA, 0x4A, 0xCB, 0x1A, 0x95, 0xE5, 0x81, 0x37, 0x2C, 0xE6, 0x42, 0x02, 0x26, 0x96, 0x0B,
    0x28, 0x5A, 0xC5, 0xB5, 0x7E, 0x2F, 0x59, 0xAA, 0x93, 0x24, 0x85, 0x06, 0x94, 0xD4, 0xDC, 0x25,
    0xB3, 0x79, 0xCF, 0x62, 0xCA, 0x75, 0x03, 0xAD, 0x63, 0x73, 0x95, 0x95, 0xC2, 0x96, 0x24, 0x0E,
    0xC4, 0xAD, 0x50, 0xCB, 0x12, 0x94, 0x92, 0x74, 0xA8, 0xA4, 0xB1, 0xDA, 0x5A, 0x4B, 0x3A, 0xD4,
    0x91, 0x50, 0x5B, 0xE9, 0xB5, 0x6A, 0x97, 0x2A, 0x32, 0x87, 0x98, 0xF3, 0x4E, 0xE7, 0x60, 0xCB,
    0x8E, 0x28, 0x34, 0xC2, 0xAF, 0xFD, 0xEA, 0x30, 0xB0, 0x09, 0x23, 0xDC, 0x15, 0xF2, 0x05, 0xD0,
    0x7D, 0x4F, 0x9E, 0xBE, 0x47, 0xCA, 0x3F, 0x91, 0xDF, 0x7F, 0x46, 0x5A, 0x6F, 0x0B, 0x8C, 0xFC,
    0x14, 0x4F, 0xC1, 0x47, 0x02, 0x2D, 0xFF, 0xC2, 0xD8, 0x21, 0x4F, 0xC9, 0xA5, 0xC9, 0x72, 0xA1,
    0x94, 0x3C, 0x84, 0x8D, 0x6F, 0x2E, 0x90, 0x0B, 0x49, 0x8C, 0x9A, 0x63, 0xF2, 0x11, 0xD7, 0xBE,
    0xED, 0xC9, 0x41, 0x5C, 0x57, 0xFF, 0xD1, 0x2A, 0x0F, 0xCB, 0xEA, 0x67, 0xB5, 0x3E, 0x15, 0xE5,
    0xBD, 0x25, 0xF9, 0x49, 0xC1, 0x02, 0x83, 0x5A, 0xE6, 0xF2, 0x49, 0xC3, 0xDA, 0x1E, 0x2C, 0x99,
    0xE4, 0xED, 0x51, 0x5F, 0x35, 0x43, 0x99, 0x96, 0xD6, 0xCE, 0xBD, 0xE1, 0xB2, 0x26, 0x54, 0xD3,
    0x6C, 0xB2, 0xBA, 0x84, 0x17, 0xE5, 0x02, 0x8B, 0xAE, 0x62, 0x53, 0x08, 0x7E, 0x03, 0x28, 0x13,
    0x6E, 0xDF, 0x22, 0xA4, 0x89, 0xB9, 0x30, 0xAF, 0x43, 0x2E, 0x3B, 0xA9, 0xDD, 0x91, 0x68, 0xF8,
    0x8D, 0xFA, 0x0B, 0x05, 0x1F, 0x58, 0x4E, 0xCB, 0x5C, 0xB6, 0x57, 0xA4, 0xD3, 0x9C, 0xF6, 0xE8,
    0x08, 0x80, 0x1C, 0xF9, 0x39, 0x95, 0x3B, 0x3A, 0xA2, 0x9F, 0x4C, 0x9A, 0xD3, 0x62, 0x2D, 0xCB,
    0x65, 0x49, 0x5E, 0x6A, 0x39, 0x2D, 0x13, 0x9E, 0x2D, 0x7F, 0xE1, 0xAC, 0x76, 0x17, 0x99, 0xDF,
    0x24, 0xD4, 0x02, 0xFC, 0xA5, 0x87, 0xD2, 0x9E, 0x31, 0xCB, 0x76, 0x9B, 0x34, 0xBF, 0xF2, 0xCC,
    0x95, 0x2E, 0x22, 0xFF, 0x66, 0x36, 0x54, 0xB2, 0xE8, 0xA7, 0xCB, 0x87, 0x4C, 0x9D, 0xB0, 0x56,
    0xEC, 0x13, 0x26, 0x77, 0x20, 0x25, 0xF1, 0x19, 0xBB, 0x35, 0x80, 0x02, 0x71, 0x6D, 0x38, 0xE2,
    0x88, 0x31, 0x1D, 0xC0, 0x54, 0x36, 0xC0, 0xE6, 0xF3, 0x15, 0x9E, 0x35, 0xBA, 0x30, 0xB2, 0x68,
    0x96, 0x26, 0xE4, 0xA1, 0xAF, 0x8A, 0xA2, 0xBF, 0xC8, 0xB5, 0x7D, 0x87, 0xDC, 0x5C, 0xC1, 0xEC,
    0xEC, 0x3A, 0x60, 0x69, 0x9D, 0xE0, 0xB5, 0x4E, 0x90, 0x84, 0xFC, 0x17, 0xD4, 0x09, 0xF9, 0xA7,
    0xAB, 0x13, 0x82, 0x5F, 0xB1, 0x4E, 0x88, 0x4D, 0xB6, 0xAA, 0x62, 0x49, 0x69, 0xB5, 0x4E, 0x78,
    0xC6, 0xEA, 0x84, 0x67, 0x35, 0xFF, 0x66, 0x7B, 0x25, 0x55, 0x7F, 0xF6, 0xB7, 0x3D, 0xF9, 0x87,
    0xBC, 0x24, 0x6F, 0xA5, 0x1A, 0xB5, 0x40, 0x61, 0x27, 0x04, 0xCF, 0xB2, 0xA9, 0xAC, 0x27, 0x5B,
    0xB2, 0x01, 0x02, 0xA3, 0x94, 0xED, 0x2A, 0x00, 0xDE, 0x15, 0x59, 0x41, 0x7B, 0x88, 0x89, 0x66,
    0xA0, 0xC3, 0x26, 0xEF, 0xD0, 0xB4, 0x63, 0xA7, 0x67, 0xAA, 0x01, 0xBD, 0x5B, 0x67, 0x84, 0xBB,
    0xBD, 0xDA, 0x5F, 0xA3, 0x55, 0x3B, 0x6C, 0xB5, 0x61, 0xEF, 0xDF, 0xF6, 0xD7, 0x68, 0xD5, 0x9E,
    0x6A, 0xDB, 0xDF, 0x41, 0xDB, 0x5E, 0xAA, 0xD3, 0xEE, 0x1A, 0x6B, 0xD4, 0x63, 0xF4, 0x6A, 0xD0,
    0xB6, 0x6F, 0xD0, 0x9C, 0xF1, 0x86, 0xDB, 0xEB, 0x8C, 0x6D, 0xB7, 0xFE, 0xD8, 0x24, 0xD5, 0x0A,
    0x7C, 0xC9, 0xB8, 0x35, 0x3E, 0x44, 0x6E, 0x24, 0x5D, 0x3B, 0x9E, 0x19, 0xC7, 0x47, 0xAD, 0xA4,
    0x16, 0x29, 0x1E, 0x5C, 0xB6, 0xEC, 0x4A, 0xDF, 0x39, 0x84, 0xED, 0x6D, 0xEA, 0x8B, 0x73, 0x5A,
    0x4A, 0xC5, 0x06, 0x2B, 0xE5, 0x74, 0x75, 0x3C, 0x84, 0xB9, 0xB7, 0x09, 0xBA, 0x8C, 0x92, 0xB5,
    0xA5, 0x83, 0x26, 0x76, 0x28, 0xCB, 0x90, 0xF4, 0x65, 0x02, 0x84, 0x6D, 0xCE, 0x73, 0x0D, 0x0F,
    0xA7, 0xD5, 0x99, 0x90, 0xC0, 0x59, 0x12, 0x31, 0xDF, 0xB0, 0x7A, 0x13, 0x79, 0xE0, 0x4B, 0x62,
    0x35, 0x4B, 0x82, 0x85, 0x2C, 0x92, 0x4C, 0x81, 0x5F, 0xE6, 0xB0, 0xE2, 0xF7, 0xFD, 0xDF, 0x63,
    0xBF, 0xB9, 0x61, 0x7A, 0x46, 0xD2, 0xDC, 0x17, 0xB6, 0xC8, 0x72, 0x57, 0xFD, 0xBE, 0xB2, 0xAF,
    0x42, 0x09, 0x8E, 0x8E, 0x5E, 0x32, 0xD7, 0xAF, 0x4B, 0x8D, 0x1F, 0x75, 0x85, 0xF8, 0x02, 0x18,
    0xE8, 0xB4, 0x39, 0xCF, 0x74, 0x06, 0x94, 0xD9, 0xE9, 0x81, 0xC5, 0x65, 0x86, 0x75, 0xC0, 0x52,
    0xAD, 0xEB, 0xDF, 0xD0, 0x12, 0x5D, 0x6D, 0x4C, 0x16, 0x30, 0xB0, 0xF3, 0x56, 0xA3, 0xDB, 0xEF,
    0xA1, 0x25, 0x4F, 0xC9, 0x87, 0x2A, 0xB6, 0xDC, 0x32, 0xFC, 0x81, 0x39, 0xAE, 0x84, 0xC5, 0x48,
    0xA3, 0x6B, 0x1D, 0x5A, 0xA5, 0xA3, 0x61, 0x1D, 0x88, 0xD1, 0xB2, 0x3D, 0xC5, 0x85, 0x4B, 0x41,
    0x34, 0xF0, 0x57, 0xB1, 0x97, 0xF7, 0x29, 0x5A, 0x1C, 0xC1, 0xA7, 0x6C, 0x71, 0x24, 0xFF, 0x1B,
    0x2D, 0x8E, 0x7D, 0x2B, 0xB9, 0xFA, 0xAD, 0x16, 0x07, 0x13, 0x47, 0x8B, 0x0D, 0x96, 0x2F, 0x86,
    0xF3, 0x6C, 0x5D, 0x8D, 0xB0, 0xDE, 0x9D, 0x83, 0x35, 0x04, 0x1A, 0x02, 0x06, 0x96, 0xEC, 0x28,
    0x2C, 0x1B, 0x6B, 0xC6, 0x99, 0x31, 0x66, 0x7C, 0x19, 0x5B, 0x9C, 0x80, 0x4A, 0xFC, 0x70, 0xE4,
    0xE9, 0x6A, 0xA1, 0x6F, 0xBE, 0xE8, 0x71, 0x5A, 0xA7, 0x16, 0x54, 0xFA, 0x7B, 0xCC, 0x10, 0x0E,
    0xA2, 0xDD, 0x8A, 0xF9, 0xE7, 0x14, 0x66, 0x0A, 0x43, 0xB1, 0x16, 0x3F, 0x3C, 0xDC, 0xC0, 0xF8,
    0x13, 0xEF, 0x7F, 0x0A, 0x5E, 0x45, 0x45, 0xFF, 0xCA, 0xDF, 0x3A, 0x6A, 0x49, 0x92, 0xD7, 0x72,
    0x54, 0x45, 0x09, 0x7D, 0x84, 0x07, 0xD4, 0x33, 0x56, 0x19, 0xFB, 0xDA, 0xDE, 0x20, 0x85, 0x78,
    0xA3, 0xB5, 0x47, 0x2D, 0x8D, 0x85, 0x3B, 0x7B, 0x03, 0x1C, 0x82, 0x57, 0x68, 0x45, 0xB8, 0x0C,
    0xF5, 0x0D, 0x30, 0x65, 0x6F, 0x40, 0x87, 0x7C, 0xA3, 0x20, 0xF5, 0x7C, 0x43, 0x39, 0x88, 0x27,
    0x55, 0x52, 0x32, 0xD8, 0xC9, 0xA3, 0x76, 0x94, 0x07, 0xE5, 0x35, 0x5B, 0xCD, 0xFD, 0x65, 0xEB,
    0x5D, 0x90, 0xD9, 0xBC, 0xB7, 0x37, 0x9C, 0x91, 0xAD, 0x01, 0xF1, 0xE4, 0xA0, 0x94, 0x7F, 0xC3,
    0xDC, 0xC4, 0x62, 0x01, 0x98, 0xCF, 0x8F, 0xF5, 0xFF, 0x37, 0x39, 0xDC, 0x29, 0x36, 0x72, 0x68,
    0x37, 0x72, 0xD8, 0x74, 0xE9, 0xCA, 0x4D, 0x98, 0x4C, 0x37, 0x8F, 0xC9, 0xA6, 0xE3, 0xBA, 0x75,
    0x50, 0xBB, 0xFD, 0xB8, 0x09, 0xAE, 0x8F, 0x6B, 0x2C, 0x5B, 0x72, 0x23, 0xB1, 0xF4, 0xF7, 0x01,
    0x13, 0x7B, 0xE4, 0xFE, 0x1A, 0x19, 0x3F, 0x26, 0xCF, 0xCF, 0x3D, 0x20, 0x5A, 0xF1, 0x24, 0x28,
    0x26, 0x10, 0x26, 0xD3, 0x0D, 0x9E, 0x26, 0xE0, 0x53, 0x04, 0x66, 0x61, 0xC3, 0xFC, 0x67, 0x33,
    0x76, 0x7A, 0xDE, 0xB2, 0xE0, 0x19, 0x0B, 0x3B, 0x67, 0x0D, 0x1B, 0x61, 0x3F, 0x82, 0xEA, 0xC8,
    0x56, 0xB5, 0xEE, 0x9F, 0xB1, 0xF7, 0x50, 0x68, 0x88, 0xCB, 0xE9, 0x47, 0xBE, 0x9F, 0x4B, 0xC1,
    0x59, 0x75, 0x6E, 0xD6, 0x9C, 0x1D, 0x9F, 0x91, 0xC4, 0xE0, 0xF4, 0xD3, 0x1C, 0x6F, 0xB5, 0xA3,
    0x83, 0xE3, 0x15, 0x6A, 0x23, 0x44, 0xD1, 0x48, 0x65, 0x44, 0xFE, 0x90, 0x19, 0x0C, 0x78, 0xD1,
    0x4C, 0xCF, 0x69, 0xCF, 0x8D, 0xD9, 0x83, 0x7C, 0xA4, 0xEA, 0xA8, 0x13, 0xF6, 0x02, 0x69, 0x57,
    0xEC, 0x07, 0xD2, 0xAC, 0xD8, 0x13, 0x64, 0xFA, 0xC2, 0xC8, 0x52, 0x69, 0x28, 0x15, 0x14, 0x20,
    0xA1, 0xE8, 0x0F, 0xDA, 0xE9, 0xDE, 0x49, 0x39, 0xA2, 0xCD, 0xA0, 0x7D, 0x42, 0xCB, 0xC9, 0x85,
    0xD7, 0x8A, 0x35, 0x6E, 0x62, 0xD9, 0x85, 0xF2, 0xD4, 0xBB, 0xF5, 0x01, 0x9E, 0x6A, 0x7A, 0x2B,
    0x7F, 0xD8, 0xED, 0x5F, 0x4E, 0x4B, 0xE3, 0x43, 0x79, 0x50, 0xFA, 0x37, 0xFD, 0xC2, 0xAA, 0x7B,
    0x78, 0xFF, 0xB2, 0x9F, 0xFB, 0x97, 0x4A, 0xDB, 0x6E, 0xFF, 0x72, 0xDD, 0xF7, 0xA0, 0xB1, 0xF3,
    0x9C, 0xBB, 0xC7, 0xF9, 0x4E, 0xD5, 0x04, 0xD0, 0x1D, 0x7D, 0xA3, 0x64, 0x7D, 0x75, 0x6E, 0x4E,
    0xDE, 0x4E, 0x8F, 0x5F, 0x61, 0x51, 0x50, 0x6A, 0xEC, 0x36, 0x84, 0xF6, 0x1B, 0x9E, 0xD6, 0x7C,
    0x04, 0x05, 0x4F, 0xCC, 0x6A, 0x9E, 0x92, 0x69, 0xDF, 0x83, 0x85, 0x1C, 0xCA, 0x51, 0xF4, 0x67,
    0xD0, 0x39, 0x59, 0xA8, 0xC5, 0x07, 0xFB, 0xF7, 0x77, 0x00, 0x1C, 0x8F, 0x1E, 0x21, 0xB9, 0x84,
    0xCD, 0x56, 0xAD, 0xA2, 0xA9, 0xB8, 0xAA, 0x95, 0x14, 0x45, 0x63, 0x46, 0x13, 0x4D, 0x6A, 0x12,
    0xF2, 0xB1, 0x81, 0x18, 0x2D, 0xFB, 0x8B, 0x20, 0x02, 0x7D, 0x12, 0x7A, 0xF1, 0x24, 0xD4, 0xC8,
    0x12, 0x08, 0x97, 0xA1, 0x64, 0x99, 0xB5, 0x3D, 0xBD, 0xAA, 0x9F, 0x61, 0x7D, 0xB3, 0xE4, 0x77,
    0xD1, 0x95, 0xD5, 0x27, 0x89, 0xE1, 0xBE, 0x60, 0x19, 0x93, 0x8C, 0x11, 0x9F, 0xD0, 0x20, 0x8C,
    0x58, 0x93, 0x38, 0x3B, 0x0E, 0x05, 0xCE, 0x67, 0x2B, 0xF5, 0x0B, 0xC8, 0x31, 0xB4, 0xFA, 0x49,
    0x4F, 0x44, 0x51, 0xF1, 0x97, 0x68, 0x28, 0x80, 0x5B, 0xD6, 0xDA, 0x14, 0xB4, 0x56, 0xDB, 0xBC,
    0x5A, 0x20, 0x4F, 0x81, 0xF7, 0xB3, 0xEB, 0x3E, 0x6E, 0x0F, 0x7F, 0x41, 0xAD, 0xC7, 0xDA, 0xF1,
    0x2E, 0xA7, 0x2B, 0x8C, 0x37, 0x8D, 0x36, 0xB7, 0xC8, 0x74, 0xCC, 0x62, 0x05, 0xBB, 0xC3, 0xB2,
    0xE5, 0x31, 0xD5, 0x89, 0xD5, 0xCF, 0x44, 0x90, 0x89, 0xBC, 0x45, 0xEE, 0x46, 0x0B, 0x67, 0xD5,
    0x52, 0x45, 0x39, 0x4A, 0xB2, 0xA0, 0x50, 0x58, 0x5B, 0xF0, 0xA6, 0x81, 0x4E, 0xDA, 0xE9, 0x18,
    0x16, 0x4A, 0x2C, 0x98, 0x92, 0x0F, 0x86, 0x2C, 0xA0, 0x6B, 0x74, 0x39, 0x4A, 0x31, 0x40, 0x31,
    0x97, 0xEA, 0xBD, 0xC5, 0x56, 0x8F, 0x27, 0xF0, 0x77, 0xAE, 0x53, 0x5B, 0xB2, 0x75, 0xD9, 0x82,
    0x0E, 0x29, 0x1B, 0xF4, 0xA0, 0x74, 0x05, 0xB5, 0x67, 0xF3, 0x75, 0x94, 0x74, 0x50, 0xCD, 0xDB,
    0x88, 0xFE, 0x27, 0x7B, 0x2D, 0xA5, 0x01, 0x47, 0x68, 0x26, 0x0B, 0x28, 0xF9, 0x12, 0xC6, 0xF1,
    0xD8, 0xFF, 0x18, 0x0D, 0x99, 0x8A, 0x6D, 0x3C, 0xA4, 0xF0, 0x67, 0xD1, 0x48, 0xE3, 0xB9, 0x1C,
    0x32, 0xCC, 0x37, 0x91, 0x55, 0x8E, 0x50, 0xDD, 0x00, 0x91, 0x4A, 0xC9, 0xE0, 0x27, 0x91, 0xE6,
    0x2D, 0x3B, 0xA6, 0x63, 0xE7, 0x31, 0x79, 0x1B, 0x05, 0xF0, 0x55, 0x49, 0x82, 0xD2, 0xF2, 0x5B,
    0x62, 0x15, 0x28, 0xB1, 0x25, 0xFE, 0x4A, 0xF5, 0x87, 0x14, 0x12, 0x90, 0xDC, 0xF1, 0xD0, 0x96,
    0xD1, 0x03, 0xBD, 0x99, 0x96, 0x89, 0x64, 0x89, 0xEE, 0x46, 0x2E, 0xA9, 0x64, 0x91, 0xB7, 0xA1,
    0x08, 0xB9, 0x4B, 0x70, 0xE2, 0x0B, 0xAF, 0xA5, 0x45, 0x6E, 0x8E, 0xA8, 0x83, 0x6A, 0x32, 0x53,
    0x2D, 0xEB, 0x4A, 0x18, 0x01, 0x1F, 0x68, 0xE5, 0xC7, 0xE2, 0x93, 0x6D, 0x02, 0x90, 0xCC, 0x56,
    0x57, 0x26, 0xE8, 0xB9, 0xD1, 0x3B, 0x25, 0x79, 0x87, 0x8B, 0x3A, 0x40, 0x49, 0x02, 0x26, 0x87,
    0x0C, 0xDE, 0x00, 0x74, 0x45, 0x9B, 0x67, 0xB0, 0x4E, 0xE2, 0xDA, 0x1F, 0x32, 0x98, 0x8F, 0x5F,
    0x85, 0x27, 0x57, 0xC7, 0xB0, 0x80, 0xF9, 0xE0, 0xBF, 0xAC, 0x8F, 0xB3, 0x58, 0x18, 0xF1, 0x21,
    0xCF, 0x16, 0x78, 0x32, 0x0B, 0x7B, 0x63, 0x71, 0x57, 0xD3, 0x11, 0xDB, 0xAA, 0xFF, 0x62, 0x83,
    0xC3, 0xDC, 0x18, 0x76, 0x84, 0xBA, 0xE6, 0xF1, 0x23, 0xF6, 0x79, 0xE5, 0xA3, 0x4F, 0xDD, 0xF0,
    0x6B, 0x47, 0x55, 0x5C, 0xEB, 0xE6, 0xF2, 0x83, 0x70, 0x28, 0xDA, 0x3A, 0xE3, 0x5F, 0xA4, 0x60,
    0xD1, 0x8C, 0xA8, 0x06, 0x56, 0x80, 0x31, 0x2C, 0x2D, 0xC1, 0x49, 0x78, 0x86, 0x5E, 0x3D, 0xE3,
    0x19, 0x35, 0x0A, 0x9D, 0x76, 0xAC, 0xDA, 0x70, 0x8E, 0x0F, 0xEF, 0xF3, 0xCB, 0x4C, 0x50, 0x08,
    0x0E, 0x33, 0xCC, 0xA2, 0x23, 0x6C, 0x17, 0xA7, 0x45, 0x27, 0x5A, 0x87, 0x19, 0x7A, 0x14, 0x55,
    0x82, 0x6A, 0x6D, 0x8C, 0xFD, 0x28, 0xBA, 0x74, 0x05, 0x23, 0xBE, 0x5B, 0x0D, 0x26, 0xBF, 0xBB,
    0x7F, 0x37, 0x93, 0x69, 0xB4, 0x3E, 0x06, 0x83, 0xFF, 0x92, 0x2C, 0x72, 0x11, 0x06, 0xC7, 0x82,
    0x16, 0xB6, 0xBB, 0x0B, 0x25, 0xA0, 0x54, 0x68, 0xEA, 0x59, 0x40, 0x89, 0x7D, 0x8D, 0xE1, 0xFB,
    0x10, 0x7E, 0xDA, 0x4C, 0x61, 0x21, 0x0A, 0x68, 0xF3, 0x7A, 0x0C, 0x5C, 0x29, 0x2A, 0xAF, 0x8A,
    0x9B, 0x22, 0xC2, 0xA6, 0xAA, 0x19, 0xFF, 0xCA, 0xC6, 0xBF, 0xA5, 0x0F, 0xEF, 0xFA, 0xEF, 0x4F,
    0xF3, 0x75, 0x8B, 0x71, 0xE7, 0xA1, 0x7A, 0xDB, 0x47, 0x7C, 0x90, 0x34, 0x33, 0xD2, 0x76, 0x5E,
    0x38, 0xE1, 0x95, 0xAF, 0x05, 0x32, 0xE1, 0xA1, 0x5C, 0x0C, 0xF1, 0x10, 0x4E, 0x41, 0x5D, 0x45,
    0x3D, 0x34, 0x7C, 0xA9, 0x2E, 0x3F, 0x6C, 0x44, 0x80, 0xE2, 0xF3, 0x99, 0xD8, 0xD5, 0x0A, 0x09,
    0xA9, 0x92, 0x3B, 0x0B, 0xE6, 0x10, 0x15, 0x8C, 0x1F, 0xA2, 0x55, 0x3C, 0xC5, 0xE2, 0x13, 0x11,
    0x1C, 0x70, 0x3F, 0xD2, 0xC3, 0x7C, 0x1C, 0x3F, 0x68, 0x69, 0xDF, 0xA8, 0xAE, 0x92, 0xE1, 0x31,
    0xF9, 0x7F, 0x5D, 0xFE, 0x4F, 0xE2, 0x6E, 0x68, 0x5C, 0x54, 0xF7, 0x90, 0xFB, 0xAB, 0xBA, 0x73,
    0x01, 0x0B, 0x5C, 0xAF, 0x40, 0xF8, 0x8B, 0xBC, 0x5B, 0x7B, 0x65, 0x44, 0xAF, 0x14, 0x5D, 0x8A,
    0x1C, 0x75, 0x4C, 0x78, 0x6C, 0x87, 0x70, 0xC2, 0x56, 0x0B, 0xE2, 0xB3, 0x05, 0xF5, 0x05, 0xC7,
    0x88, 0x59, 0x32, 0x3B, 0x84, 0xDD, 0x05, 0xF6, 0xCC, 0x3E, 0xF2, 0x3F, 0x91, 0xB1, 0x96, 0x00,
    0x27, 0x78, 0x83, 0x7A, 0x75, 0x1F, 0xB9, 0x06, 0xA6, 0x2F, 0xB0, 0x7B, 0x87, 0x9E, 0x51, 0x8F,
    0xD4, 0x3C, 0x9A, 0x0E, 0x97, 0x80, 0x21, 0xCA, 0xE9, 0xF0, 0x85, 0xD3, 0x47, 0xC5, 0xBF, 0x69,
    0x0A, 0x73, 0xBF, 0xAC, 0x26, 0x19, 0x3C, 0xC0, 0x3D, 0x6F, 0x60, 0xD5, 0xD8, 0x53, 0xB6, 0x47,
    0xC5, 0x16, 0x8F, 0x3C, 0x0C, 0xCA, 0x6B, 0x35, 0x4C, 0x46, 0x9D, 0x74, 0x25, 0x08, 0x91, 0xF5,
    0x34, 0x73, 0x5C, 0xF9, 0xE8, 0x48, 0x0A, 0x4E, 0x3B, 0x90, 0xE5, 0x54, 0xA2, 0xAD, 0x4E, 0xA1,
    0x3E, 0xF4, 0xDE, 0x22, 0x89, 0x38, 0xD5, 0x1E, 0x21, 0xFF, 0x3C, 0xEB, 0xE8, 0x6B, 0x1C, 0x6F,
    0x32, 0x59, 0xE9, 0x39, 0x76, 0x50, 0x68, 0xD0, 0xC5, 0x08, 0x7F, 0x2D, 0x14, 0x1B, 0xC2, 0x28,
    0x5C, 0xCC, 0xF4, 0x24, 0x59, 0xE2, 0x6C, 0x21, 0x2F, 0x84, 0xC1, 0xAF, 0x7A, 0xB0, 0x29, 0x36,
    0x92, 0x8D, 0x2F, 0xE5, 0x28, 0xDF, 0xDA, 0x0C, 0xD5, 0x49, 0x11, 0x50, 0xD2, 0xB2, 0x23, 0xE2,
    0x1D, 0x0A, 0x95, 0x41, 0x0B, 0x77, 0xF9, 0x64, 0x62, 0x33, 0x3A, 0xD8, 0x12, 0x3B, 0xDC, 0x1E,
    0xE8, 0xF8, 0x9E, 0x77, 0xFF, 0x0C, 0x1A, 0x3E, 0xF1, 0x01, 0x5B, 0x9B, 0x1F, 0xFB, 0xF0, 0x87,
    0x9E, 0x7D, 0xCD, 0x4B, 0xDF, 0x91, 0x79, 0xF1, 0xAE, 0x7F, 0x1E, 0x14, 0x85, 0x8D, 0x7F, 0x03,
    0x34, 0xC5, 0xB5, 0x1F, 0x18, 0x58, 0x96, 0x55, 0xC7, 0x2B, 0x23, 0x45, 0x05, 0x64, 0x17, 0x6A,
    0x4A, 0x50, 0x28, 0xAB, 0xE7, 0x45, 0x3A, 0x7E, 0x43, 0x28, 0xDA, 0x03, 0x40, 0x0B, 0x4D, 0xE7,
    0x99, 0x49, 0x3B, 0xED, 0x95, 0x89, 0x78, 0x63, 0xF8, 0xAC, 0xC6, 0x81, 0x62, 0xAD, 0xD5, 0x90,
    0xDC, 0xC8, 0x46, 0x1B, 0xAD, 0x8E, 0xD4, 0x2A, 0xB3, 0x93, 0x84, 0x39, 0xE2, 0xAE, 0x6E, 0x03,
    0xEA, 0x33, 0xE0, 0xFD, 0x1D, 0xDE, 0xE2, 0x69, 0x03, 0xD1, 0x2A, 0x20, 0x7A, 0x62, 0x96, 0xD2,
    0x5B, 0x8E, 0x3B, 0x23, 0xCA, 0x38, 0x23, 0x4A, 0x83, 0xA8, 0x22, 0x12, 0xE4, 0xC6, 0x3B, 0xA8,
    0xC5, 0x56, 0x60, 0x36, 0x28, 0x74, 0x21, 0x12, 0xED, 0x40, 0x97, 0x82, 0x31, 0x50, 0x0B, 0x81,
    0xA5, 0xEA, 0xEE, 0x43, 0xAD, 0x9C, 0x49, 0x58, 0xEE, 0x71, 0x50, 0x10, 0xFA, 0xDC, 0xA3, 0x87,
    0xF4, 0x7A, 0x0E, 0xDE, 0x1A, 0xF0, 0x06, 0xD4, 0xE3, 0x55, 0x4C, 0xF6, 0xE2, 0xB6, 0xED, 0xB6,
    0x64, 0x63, 0x4B, 0x48, 0x9F, 0x79, 0xDB, 0x8C, 0x16, 0x01, 0x85, 0xB7, 0x1F, 0x93, 0x37, 0xC6,
    0x63, 0xBD, 0xF6, 0xB7, 0xDE, 0x38, 0xF4, 0x1D, 0x8B, 0xE7, 0x8F, 0x98, 0x5C, 0xFE, 0xE7, 0x07,
    0x68, 0x76, 0xBF, 0xC3, 0x6C, 0x63, 0x60, 0xAE, 0xC7, 0x7C, 0xA3, 0xEA, 0xB4, 0xCA, 0xD1, 0x02,
    0x47, 0xC7, 0x10, 0x19, 0xC6, 0x12, 0x47, 0x77, 0xBE, 0x60, 0xA2, 0xB4, 0xE3, 0x65, 0x39, 0x0B,
    0x6F, 0xA6, 0x3D, 0x1F, 0x6A, 0x7F, 0x83, 0xA8, 0xF2, 0xE4, 0x7C, 0xC0, 0x05, 0x6A, 0xD7, 0xC7,
    0xBA, 0xDB, 0xA3, 0xDE, 0x0F, 0xAA, 0xB6, 0x1A, 0x79, 0xC4, 0xF3, 0xD8, 0xA4, 0x2F, 0x5C, 0x68,
    0xE8, 0xCC, 0x6A, 0x91, 0xFE, 0xD7, 0xB4, 0x18, 0x3A, 0x75, 0x4F, 0xEE, 0xF4, 0x60, 0x78, 0xFE,
    0x87, 0x6B, 0x3C, 0xEF, 0x1E, 0x80, 0xE7, 0xB9, 0x25, 0xF1, 0xD0, 0x40, 0x5B, 0x79, 0xEA, 0xE0,
    0x63, 0x41, 0xD3, 0xD0, 0xBF, 0x96, 0xDF, 0x7B, 0x06, 0x73, 0x93, 0x8F, 0x3C, 0xB5, 0x5C, 0xE6,
    0xA8, 0x57, 0xA8, 0x0B, 0x30, 0x0D, 0x7F, 0x55, 0xE6, 0x2B, 0x24, 0x8C, 0xC0, 0x60, 0x90, 0x46,
    0x7B, 0x4B, 0xB4, 0xBF, 0xB4, 0x64, 0xA2, 0x12, 0xD0, 0x62, 0x81, 0x2B, 0x85, 0xBC, 0x59, 0xE2,
    0x6E, 0x26, 0x67, 0xC8, 0x6C, 0x7C, 0x0D, 0x87, 0x83, 0xB0, 0x79, 0x08, 0x16, 0xEA, 0x76, 0x6E,
    0xDD, 0x1F, 0x06, 0xF7, 0x75, 0x30, 0x88, 0x03, 0x86, 0xB8, 0x63, 0x10, 0x22, 0xA2, 0x39, 0x76,
    0xF7, 0xDF, 0x04, 0x73, 0x6F, 0x80, 0x7F, 0x9E, 0x74, 0xE3, 0x1E, 0x56, 0x80, 0x0B, 0x63, 0x0B,
    0x48, 0x3F, 0x44, 0x1E, 0x1A, 0x2F, 0x65, 0x48, 0x80, 0x93, 0x7F, 0x85, 0xA8, 0x3C, 0xB8, 0xED,
    0xBB, 0x8E, 0x2C, 0x03, 0x79, 0xEC, 0xCC, 0xBE, 0xDD, 0x35, 0x6B, 0xC5, 0xFD, 0xC1, 0x0D, 0xF6,
    0x52, 0xD1, 0x65, 0x9F, 0x66, 0x4D, 0xAD, 0x33, 0x93, 0x33, 0xAF, 0xD8, 0x15, 0x41, 0xBD, 0x17,
    0x7A, 0x89, 0x67, 0x37, 0x63, 0xA8, 0x97, 0xAB, 0x79, 0x9D, 0x27, 0x59, 0x6D, 0xDF, 0xE8, 0xE2,
    0xB7, 0xCF, 0x78, 0xFF, 0x89, 0xB7, 0xA2, 0x54, 0x92, 0xEF, 0xA6, 0x1C, 0x2B, 0x11, 0x03, 0x52,
    0xA6, 0x5E, 0x58, 0xAA, 0x9A, 0x6C, 0x45, 0xB1, 0xA5, 0xF3, 0xC4, 0xC4, 0x25, 0x5D, 0x51, 0x56,
    0xF0, 0x26, 0x3A, 0x38, 0x27, 0x78, 0x14, 0xCD, 0x4B, 0xF2, 0x1D, 0x7C, 0x33, 0x07, 0xD6, 0x21,
    0xDD, 0x49, 0xC4, 0x5C, 0x05, 0xCD, 0x4A, 0xA4, 0x12, 0xF0, 0xF8, 0x0A, 0x0E, 0x74, 0x83, 0xBD,
    0xF6, 0xB3, 0x79, 0xB7, 0xBF, 0x75, 0x87, 0x20, 0x07, 0xE5, 0x67, 0x1C, 0x0F, 0x8B, 0x93, 0x82,
    0x92, 0x4E, 0xDF, 0xD6, 0x1E, 0xB0, 0x66, 0x9F, 0x76, 0x3E, 0x8E, 0xB6, 0x0E, 0x0E, 0x6B, 0x57,
    0x80, 0x89, 0x6C, 0x08, 0x61, 0xC0, 0x23, 0x0E, 0xB9, 0xE3, 0x09, 0xDD, 0xCE, 0xC8, 0x5F, 0x5F,
    0xF7, 0xD5, 0xEC, 0x7E, 0xAC, 0xD6, 0x5D, 0x55, 0xB7, 0xEE, 0xC3, 0x45, 0x7C, 0x37, 0x79, 0x71,
    0x58, 0x77, 0xDC, 0x78, 0x8C, 0x16, 0x32, 0x9D, 0x87, 0xE6, 0xE1, 0xB2, 0x01, 0x1B, 0x52, 0x9F,
    0x4D, 0xBC, 0xBA, 0xC8, 0x78, 0xF5, 0x0E, 0xE3, 0x95, 0xDA, 0xEA, 0x3B, 0x04, 0xF8, 0xA7, 0x9C,
    0x9E, 0x95, 0xCD, 0xCD, 0xEE, 0x80, 0x84, 0x86, 0x5B, 0xB7, 0x7E, 0x92, 0x76, 0xAE, 0xF8, 0x33,
    0xDA, 0xF1, 0x1A, 0x75, 0x89, 0xB7, 0x88, 0x21, 0xD4, 0x86, 0x8D, 0x6B, 0xEC, 0x2D, 0x79, 0xF7,
    0x81, 0xA1, 0xE3, 0x55, 0x36, 0xB5, 0xF4, 0xB0, 0xEF, 0x5D, 0xBD, 0xED, 0x63, 0x6D, 0xEC, 0x62,
    0x6B, 0xFC, 0x77, 0xBE, 0xAE, 0x57, 0x2F, 0x67, 0xD4, 0xCD, 0x29, 0x07, 0x31, 0x13, 0xEE, 0xC6,
    0xD3, 0xF7, 0x54, 0x3B, 0xAF, 0x8E, 0x96, 0xC1, 0xDD, 0x50, 0xA6, 0x8D, 0xEB, 0x79, 0xE3, 0x83,
    0x3A, 0xCB, 0x97, 0x26, 0xFD, 0x92, 0xBC, 0x89, 0x2F, 0x91, 0x87, 0x4E, 0x2F, 0x5E, 0x42, 0x4A,
    0x05, 0x7B, 0xBE, 0x89, 0x2F, 0x98, 0x3B, 0xEF, 0xF9, 0xBF, 0xF9, 0x10, 0xA7, 0xAC, 0xE2, 0xF1,
    0x57, 0x25, 0xFE, 0xF8, 0x06, 0xB7, 0x14, 0xE4, 0x5D, 0xA1, 0x09, 0x02, 0x65, 0x84, 0x3F, 0xFB,
    0x79, 0xD1, 0xF5, 0x05, 0xA3, 0xEB, 0x75, 0xA3, 0xAB, 0x57, 0xBA, 0xC6, 0xD7, 0x2C, 0x37, 0xB2,
    0xFE, 0xA5, 0xDE, 0x88, 0x70, 0x0B, 0x83, 0xCE, 0xD4, 0xE6, 0xDC, 0x3A, 0xD0, 0xA5, 0x55, 0x56,
    0x6F, 0x1A, 0xF2, 0xBF, 0xE6, 0xF4, 0xA8, 0x05, 0xCE, 0xE2, 0xD2, 0xFF, 0xBE, 0x22, 0xE4, 0xB8,
    0xB4, 0x45, 0x0F, 0xA7, 0x70, 0x5F, 0x66, 0xF6, 0x49, 0x0F, 0x2E, 0x51, 0xDA, 0xA3, 0x88, 0x45,
    0x75, 0xDB, 0xE2, 0xAA, 0x2D, 0x1C, 0x2F, 0xEF, 0xC1, 0x23, 0x07, 0x38, 0x20, 0x8A, 0x2C, 0x5A,
    0xF2, 0x07, 0xDE, 0xCA, 0x00, 0x77, 0x59, 0x0F, 0x53, 0x23, 0xDC, 0xFD, 0xC0, 0x4E, 0x1D, 0xFB,
    0x5A, 0x15, 0x13, 0x14, 0x64, 0x38, 0xBC, 0x4A, 0xD4, 0xC4, 0x7A, 0x64, 0xA8, 0xAD, 0x62, 0x2D,
    0xC6, 0xD9, 0x62, 0x1E, 0x03, 0xDC, 0x6D, 0x8A, 0x3D, 0xFC, 0x5F, 0xD6, 0xFE, 0xB6, 0x96, 0x36,
    0x36, 0x7D, 0x67, 0xDA, 0x4C, 0x92, 0xC8, 0x42, 0x9E, 0xF1, 0x14, 0xF9, 0xBF, 0x8C, 0x7D, 0x25,
    0x15, 0xB3, 0xB8, 0x2B, 0x7A, 0x6F, 0x2D, 0xD1, 0xFD, 0xAC, 0xDE, 0x6F, 0x07, 0x25, 0x73, 0x27,
    0x67, 0xBE, 0x74, 0xCA, 0xAD, 0x63, 0x3B, 0xDB, 0x64, 0x96, 0xC0, 0x85, 0x60, 0xDA, 0xB8, 0x58,
    0xD5, 0xCF, 0x45, 0x14, 0x6B, 0x2A, 0x04, 0xFC, 0x82, 0x65, 0x03, 0x36, 0x91, 0x90, 0x84, 0xD3,
    0xA9, 0x4D, 0xF8, 0x38, 0xD4, 0x6B, 0x16, 0x12, 0xA7, 0x81, 0x60, 0x48, 0xAF, 0x1D, 0xF3, 0x6B,
    0xB7, 0x6F, 0x97, 0xB1, 0x6D, 0x60, 0x73, 0x4A, 0x3B, 0xE7, 0xF3, 0xDD, 0x6C, 0xE4, 0xD9, 0xB8,
    0x04, 0xBD, 0x72, 0x74, 0x21, 0x0F, 0x5C, 0xAA, 0x3E, 0xC0, 0xE5, 0x5A, 0x1E, 0x6C, 0x5C, 0xDE,
    0x8E, 0x50, 0x4B, 0x24, 0x22, 0x70, 0x44, 0xAA, 0xA3, 0x90, 0x70, 0x88, 0x4D, 0x90, 0x9D, 0x87,
    0x1E, 0x36, 0xB8, 0x8A, 0x50, 0x24, 0x88, 0xDC, 0x46, 0x04, 0x9E, 0x21, 0x19, 0x79, 0xA5, 0x38,
    0x41, 0x79, 0x68, 0x53, 0xDE, 0xA7, 0x5A, 0x57, 0x31, 0xEF, 0x94, 0x6A, 0xB5, 0xE3, 0x11, 0x07,
    0x7E, 0x77, 0xE8, 0x68, 0xA4, 0x2B, 0x41, 0xD1, 0xB2, 0x65, 0x71, 0x05, 0x93, 0xAD, 0x98, 0x47,
    0x54, 0x76, 0x68, 0x53, 0x6C, 0x5D, 0xF0, 0xC3, 0x55, 0xB5, 0x8C, 0x77, 0x86, 0x2A, 0xA6, 0x9E,
    0xEC, 0x96, 0x04, 0x34, 0xEF, 0x80, 0xC6, 0xAD, 0xA6, 0xED, 0x3C, 0xD3, 0xD0, 0x7C, 0x3C, 0x5C,
    0xAD, 0x9B, 0x7E, 0x0C, 0xC0, 0x92, 0x29, 0x75, 0x4E, 0xB3, 0x24, 0xF4, 0xC2, 0x5A, 0x76, 0x54,
    0x90, 0x83, 0x2E, 0xCB, 0xDB, 0x38, 0x12, 0x11, 0xC4, 0x2A, 0x07, 0x14, 0x25, 0xD8, 0x55, 0x04,
    0xBD, 0x78, 0x65, 0xDD, 0x47, 0x24, 0x8A, 0xE4, 0xF5, 0xDC, 0xB2, 0x0F, 0xBA, 0xED, 0xCC, 0xFF,
    0x33, 0xAE, 0xFE, 0x82, 0x42, 0xE8, 0x89, 0xBB, 0xA4, 0x71, 0x49, 0x2F, 0xDE, 0x92, 0x20, 0x47,
    0x8D, 0xDB, 0xA4, 0x3E, 0x7D, 0xCF, 0xE4, 0xB3, 0x25, 0x23, 0x38, 0xD8, 0x87, 0x05, 0x75, 0x88,
    0xAC, 0xF3, 0x5F, 0x06, 0x3C, 0x5E, 0xDD, 0xE2, 0xDD, 0x32, 0x1E, 0xC6, 0x74, 0xF3, 0x5F, 0x06,
    0x2C, 0x1F, 0x93, 0xE1, 0x69, 0xE4, 0x6C, 0x7F, 0x8A, 0xCE, 0xCB, 0x1E, 0x06, 0xD1, 0x79, 0x84,
    0x46, 0x56, 0x0C, 0xCB, 0x49, 0xE0, 0x53, 0x4C, 0x97, 0x89, 0x52, 0x4C, 0x25, 0x69, 0x0C, 0x4C,
    0x21, 0x99, 0x23, 0x23, 0x55, 0x29, 0x68, 0x6A, 0x44, 0x31, 0x5F, 0x9F, 0x72, 0x22, 0x7A, 0x2F,
    0xA3, 0x3E, 0x11, 0x03, 0xF1, 0xF5, 0x09, 0x6D, 0xFC, 0x6C, 0x8C, 0xE6, 0x68, 0x39, 0xF7, 0x53,
    0xF9, 0x0D, 0xB2, 0x08, 0x35, 0xDE, 0xDC, 0x91, 0x1A, 0xEA, 0x4F, 0xB6, 0x82, 0xD0, 0x94, 0x70,
    0xDA, 0x95, 0xB0, 0x8D, 0x06, 0x5B, 0x9E, 0xE7, 0x52, 0x87, 0x2B, 0x73, 0x2A, 0x85, 0xA8, 0x76,
    0xEE, 0x76, 0xCE, 0xDD, 0xDD, 0xD6, 0xA1, 0x43, 0xA1, 0x7F, 0x6E, 0xC1, 0x1E, 0xC5, 0xD6, 0xDF,
    0xC9, 0xFC, 0xB2, 0xE9, 0x24, 0xAF, 0x7D, 0x70, 0x38, 0xB9, 0xFC, 0xAB, 0xA6, 0x93, 0xB1, 0x1E,
    0x96, 0xC1, 0x15, 0x44, 0xF5, 0x68, 0xDC, 0x60, 0xB8, 0xA0, 0xF6, 0x1B, 0x6A, 0xFB, 0x99, 0xC8,
    0xA7, 0x27, 0xB1, 0x1D, 0x7E, 0x5F, 0x69, 0x2C, 0x7E, 0x02, 0xAC, 0xE6, 0x4E, 0xFC, 0x2F, 0x2F,
    0x22, 0x71, 0xD8, 0x26, 0xC1, 0xA9, 0x3B, 0x03, 0xEA, 0x34, 0x77, 0xF2, 0xCE, 0xB1, 0x89, 0xEA,
    0x79, 0x63, 0xA6, 0x5C, 0x6E, 0x17, 0xBD, 0x25, 0x12, 0x54, 0x6C, 0x23, 0x42, 0x8B, 0x79, 0xEB,
    0x20, 0xE1, 0x81, 0x81, 0xA8, 0x35, 0xD3, 0x06, 0xD9, 0xFA, 0xDF, 0x49, 0x9D, 0xF3, 0x46, 0xA9,
    0x38, 0xD7, 0xE2, 0x85, 0x3F, 0x13, 0x95, 0x48, 0x7C, 0xBA, 0x2D, 0xFF, 0x3F, 0x16, 0x8C, 0x6B,
    0xC7, 0xD3, 0xD5, 0xB4, 0x81, 0xB9, 0xBA, 0x20, 0x1B, 0x45, 0xA3, 0xFE, 0x67, 0x39, 0x37, 0x68,
    0x56, 0x8F, 0x5C, 0x8F, 0x5E, 0xBD, 0xFD, 0xFF, 0x04, 0x55, 0x4D, 0xAD, 0x07, 0x57, 0xDA, 0x90,
    0x78, 0x59, 0x57, 0xC0, 0xC9, 0x23, 0x5E, 0x8D, 0x76, 0xAE, 0x75, 0x31, 0xA3, 0x0A, 0xB5, 0x79,
    0xBC, 0x59, 0x05, 0x2A, 0xC6, 0x95, 0xB8, 0x75, 0x13, 0xAA, 0x66, 0x32, 0xB1, 0x60, 0xF7, 0x74,
    0x43, 0xD4, 0x4C, 0xD8, 0x03, 0x89, 0x6A, 0xF9, 0xE7, 0x4F, 0x5F, 0x05, 0x02, 0xAF, 0x4C, 0x90,
    0xA1, 0x5E, 0xC6, 0xB0, 0x2E, 0x2D, 0xF2, 0x60, 0xBB, 0x14, 0x79, 0xDE, 0x6E, 0xAD, 0x5E, 0xB3,
    0xF9, 0xA6, 0xFD, 0x9D, 0x42, 0x1F, 0xAB, 0x64, 0x3A, 0xBD, 0xF3, 0x10, 0x74, 0x0C, 0x1B, 0xAC,
    0xB5, 0xD9, 0xC9, 0x6D, 0x52, 0xDE, 0x8B, 0x8A, 0x59, 0xED, 0x09, 0xD3, 0x1A, 0x47, 0x58, 0x73,
    0xCB, 0x2C, 0x75, 0x6E, 0x8A, 0xE0, 0x82, 0x6A, 0x7A, 0x80, 0xF7, 0xB3, 0xF9, 0x37, 0xF0, 0x06,
    0x28, 0x7A, 0x73, 0x81, 0xB5, 0xAB, 0x35, 0xD7, 0xC2, 0x94, 0xAA, 0xA1, 0x67, 0xBC, 0x39, 0x63,
    0x27, 0xA5, 0x9C, 0x34, 0xE1, 0xB2, 0x8C, 0x4B, 0x44, 0x79, 0xE4, 0xEF, 0xBE, 0x62, 0x17, 0x49,
    0xDA, 0x64, 0x3C, 0xC0, 0xE1, 0x08, 0xB2, 0x0C, 0xC9, 0x2A, 0xAC, 0x09, 0xC8, 0x84, 0x64, 0x3D,
    0xA1, 0x32, 0x94, 0x00, 0x8B, 0x43, 0x6E, 0xF1, 0x71, 0x91, 0x6C, 0x79, 0xD7, 0xD7, 0xAC, 0xD6,
    0x94, 0xBF, 0x27, 0x0D, 0x63, 0x14, 0x64, 0x0C, 0x65, 0xB4, 0x4F, 0x4F, 0x9C, 0x51, 0xA0, 0x31,
    0xA4, 0x99, 0x4F, 0x1A, 0x04, 0x6B, 0x14, 0x6C, 0x1C, 0xD1, 0xC6, 0x11, 0x6E, 0x1C, 0xF1, 0xC6,
    0x11, 0x70, 0x1C, 0x11, 0xC7, 0x25, 0x7E, 0xAB, 0x44, 0x1F, 0xF8, 0x17, 0x37, 0x0F, 0x2B, 0x60,
    0xDB, 0x5F, 0x50, 0xC0, 0xFE, 0xF9, 0xD2, 0xB2, 0xCA, 0x90, 0x07, 0x22, 0xFD, 0x0C, 0x2B, 0x7F,
    0xBD, 0x6B, 0xBE, 0x9F, 0x59, 0x6B, 0xE6, 0x89, 0x7F, 0x64, 0xE6, 0x35, 0x6E, 0x5D, 0x7A, 0xE7,
    0x2D, 0x3C, 0x3B, 0x56, 0x3B, 0x7D, 0x31, 0xFE, 0xF3, 0x68, 0x9C, 0x9D, 0x45, 0xE3, 0x6C, 0x70,
    0x7F, 0x82, 0x2B, 0xB6, 0x9D, 0x10, 0x79, 0xA5, 0xD1, 0x8B, 0x6A, 0x2E, 0x7B, 0x6F, 0x8B, 0xB2,
    0xFF, 0x23, 0x15, 0xE6, 0x6F, 0x4A, 0x40, 0xBF, 0x43, 0x01, 0xFD, 0x11, 0x05, 0xF4, 0x06, 0x55,
    0x38, 0x6C, 0xCE, 0xD3, 0xAD, 0x35, 0xA1, 0xB7, 0x6E, 0x29, 0x9D, 0xF3, 0x3B, 0x7F, 0xDC, 0xC0,
    0x66, 0x47, 0xBC, 0x4A, 0xD1, 0x14, 0x90, 0xD2, 0xBD, 0x64, 0x32, 0x96, 0x4E, 0xBF, 0xCB, 0xFB,
    0xCC, 0x0B, 0x3F, 0x77, 0x48, 0xEC, 0x78, 0x06, 0x27, 0x03, 0xB0, 0xE2, 0xD1, 0x66, 0xD2, 0x2D,
    0xD2, 0x5E, 0xF1, 0x04, 0xA7, 0xE6, 0x1F, 0xB7, 0xCD, 0xB3, 0x90, 0x1E, 0x2B, 0xF1, 0x75, 0xA2,
    0xE4, 0xD7, 0xF8, 0xAB, 0x86, 0x4E, 0xE2, 0xE2, 0x05, 0xCC, 0xD7, 0xAB, 0x86, 0xA7, 0x41, 0xAB,
    0xEA, 0x07, 0x40, 0xB4, 0xDB, 0x5D, 0xF5, 0x43, 0x1C, 0x0E, 0xDE, 0x6B, 0xAA, 0x0F, 0x71, 0x37,
    0x4E, 0xEC, 0x9C, 0x8A, 0xF5, 0xB8, 0xB7, 0xC8, 0x3B, 0x23, 0xA5, 0xF5, 0xDD, 0x19, 0x22, 0xB3,
    0x6E, 0x3B, 0x5A, 0xA4, 0x68, 0x4C, 0x84, 0xBD, 0xC0, 0x4F, 0x55, 0x47, 0x83, 0xA4, 0xFF, 0x65,
    0x1D, 0x0E, 0xA2, 0xFE, 0x52, 0x0C, 0x41, 0x98, 0xC8, 0x85, 0x42, 0x89, 0x5E, 0x79, 0x23, 0xFA,
    0xC2, 0x14, 0x76, 0x3A, 0x09, 0xED, 0x45, 0xD6, 0xE2, 0x86, 0xBC, 0x04, 0x4E, 0x5C, 0x90, 0x2F,
    0x7C, 0x2B, 0x34, 0x56, 0xDF, 0xF6, 0x9D, 0x68, 0xB7, 0xFA, 0xDB, 0x17, 0x3B, 0x24, 0x2A, 0xFF,
    0x94, 0x7C, 0x0C, 0x4C, 0x5B, 0x25, 0xF7, 0xD0, 0x2C, 0xEC, 0x78, 0xC9, 0xA4, 0xD4, 0x34, 0xBF,
    0xD4, 0xE8, 0xAF, 0xF7, 0x13, 0x52, 0x3D, 0xA3, 0xD3, 0xC3, 0x4B, 0x9E, 0x20, 0x1D, 0xF8, 0x5B,
    0x97, 0x09, 0x64, 0x12, 0xB7, 0xEE, 0xF9, 0x0F, 0x64, 0x7C, 0xDA, 0x2F, 0x57, 0xEE, 0x29, 0x11,
    0x71, 0x3F, 0x27, 0x80, 0xA1, 0xFF, 0x07, 0xE6, 0xF3, 0x5B, 0x7F, 0xEC, 0x30, 0x2E, 0xF4, 0xE2,
    0xA1, 0xDE, 0x37, 0x91, 0x95, 0xF4, 0xD8, 0x72, 0xF7, 0x8F, 0x2F, 0xE6, 0xF3, 0x20, 0x51, 0x4E,
    0x9B, 0x7A, 0xA6, 0xAF, 0xBC, 0x5A, 0x3B, 0x6D, 0x75, 0xE1, 0x2E, 0xEA, 0x45, 0xB2, 0x4B, 0x9E,
    0x58, 0x7B, 0xE8, 0x09, 0xC0, 0xAF, 0x67, 0x9C, 0x5A, 0x85, 0xE3, 0x3A, 0xE5, 0x31, 0x18, 0x51,
    0x19, 0x6D, 0xA0, 0x93, 0x03, 0x80, 0x59, 0xEE, 0x99, 0xEA, 0x96, 0x77, 0xAB, 0x95, 0x66, 0x52,
    0x03, 0x51, 0x2D, 0x19, 0x69, 0x97, 0x02, 0x30, 0xDD, 0x3C, 0xC9, 0x8B, 0x48, 0x7E, 0x71, 0x56,
    0x24, 0x7A, 0x11, 0x2A, 0x70, 0x36, 0x14, 0xD9, 0xB5, 0x65, 0x89, 0x4B, 0xFF, 0x03, 0xD5, 0x5B,
    0x3F, 0xCC, 0xDD, 0xD6, 0x75, 0xBF, 0x24, 0x25, 0x31, 0x31, 0xD1, 0x52, 0x28, 0x6C, 0x34, 0xB1,
    0x92, 0x32, 0x43, 0x86, 0xB4, 0xA8, 0xCC, 0xA5, 0x83, 0x07, 0x49, 0xA4, 0x25, 0x20, 0x19, 0x3C,
    0x54, 0x08, 0x2C, 0x17, 0xA8, 0x87, 0x64, 0xF0, 0x64, 0xA3, 0xD1, 0x92, 0xC1, 0x6D, 0x3E, 0x99,
    0x4F, 0xF6, 0xE8, 0x21, 0x02, 0x5A, 0xAF, 0xB5, 0x07, 0x15, 0x48, 0x54, 0xA0, 0xD2, 0x90, 0x41,
    0x83, 0xA4, 0xCB, 0xD8, 0x63, 0x86, 0x50, 0x31, 0xDA, 0x00, 0x2D, 0x50, 0x31, 0x89, 0x1D, 0x20,
    0xC9, 0x20, 0x26, 0x66, 0x5C, 0x7E, 0x16, 0xC9, 0xDB, 0xF3, 0xFB, 0x9D, 0x4B, 0xBE, 0xF7, 0xC9,
    0x8A, 0x9D, 0xA6, 0x41, 0xD3, 0x7C, 0xB0, 0xEF, 0xBD, 0x7A, 0xEF, 0x91, 0xBC, 0xE7, 0x9C, 0xDF,
    0xF9, 0x7B, 0x0F, 0x8D, 0xE1, 0xDF, 0xC3, 0xF2, 0x7F, 0xEE, 0xDC, 0x46, 0x86, 0xDE, 0x98, 0xC2,
    0xB9, 0x32, 0x74, 0x6E, 0x36, 0x26, 0x74, 0xAD, 0xC9, 0xC6, 0xC8, 0x95, 0x26, 0x70, 0xB5, 0xA9,
    0xDA, 0x40, 0x7E, 0x12, 0xBA, 0x0D, 0x26, 0xF9, 0x4C, 0x3E, 0x8F, 0x9C, 0x31, 0xF2, 0x9F, 0x4C,
    0xE9, 0x64, 0xCC, 0x65, 0xAE, 0xB2, 0x91, 0xF7, 0x8C, 0x9D, 0x29, 0x7A, 0xAE, 0x92, 0xD9, 0x54,
    0x1D, 0x57, 0xE9, 0x7C, 0xCE, 0xFD, 0xF2, 0x5C, 0x89, 0x95, 0xC3, 0x5F, 0x23, 0xAB, 0x6C, 0xBE,
    0xE2, 0x7E, 0x7A, 0x65, 0x83, 0xD5, 0x88, 0xA7, 0xE0, 0x2F, 0x1F, 0x96, 0x55, 0xD1, 0xAF, 0xAB,
    0x6E, 0x59, 0xC9, 0xCD, 0x78, 0xA5, 0x31, 0xB6, 0x35, 0xB2, 0x43, 0xFC, 0xC9, 0x64, 0x3B, 0x13,
    0xC8, 0x0F, 0xE4, 0xAB, 0x62, 0x32, 0x49, 0x2D, 0x1B, 0x6D, 0x4C, 0xE6, 0x7E, 0x6C, 0x4B, 0x53,
    0x39, 0x27, 0x1B, 0x03, 0x41, 0x56, 0x56, 0xF2, 0x4F, 0xBD, 0x46, 0xFE, 0x9E, 0x32, 0xEB, 0x5F,
    0x2E, 0x77, 0x3F, 0xE6, 0x9A, 0x42, 0x26, 0xE7, 0xFA, 0xC8, 0x6D, 0xE2, 0x21, 0x1D, 0x43, 0x57,
    0x66, 0x5D, 0x22, 0x1C, 0x30, 0x45, 0x13, 0x0F, 0x32, 0xD9, 0x3A, 0x6A, 0xE2, 0xD9, 0x08, 0x03,
    0x84, 0x2C, 0xF9, 0x56, 0x26, 0x10, 0xD2, 0x2B, 0x41, 0x9D, 0x49, 0x47, 0xF9, 0x56, 0x48, 0x19,
    0x38, 0xE5, 0x3D, 0xA7, 0xA2, 0x93, 0x2B, 0x83, 0xB2, 0xE8, 0x84, 0x77, 0xF1, 0xA6, 0x90, 0xED,
    0xBF, 0x7D, 0xBE, 0xAC, 0x5A, 0xD9, 0xC8, 0x6C, 0x6C, 0x23, 0x77, 0x50, 0x3E, 0x3D, 0xA2, 0x1B,
    0xB1, 0xE0, 0x85, 0xF1, 0xC4, 0x46, 0x3A, 0x25, 0x4A, 0x70, 0x5A, 0x71, 0xE7, 0x45, 0x41, 0x76,
    0xEE, 0xE9, 0x34, 0xE4, 0x98, 0xC2, 0x2E, 0xC7, 0x5D, 0xA2, 0x26, 0x1B, 0xF0, 0xC3, 0x7F, 0x3D,
    0x8F, 0x29, 0x73, 0x0E, 0xC2, 0x28, 0xEC, 0x5D, 0x4C, 0x37, 0xAA, 0xAF, 0x63, 0xEA, 0xED, 0x93,
    0x22, 0xAB, 0xA8, 0x73, 0x22, 0x17, 0x13, 0xD7, 0x4E, 0x04, 0x65, 0xD2, 0x8B, 0x33, 0x44, 0x99,
    0x87, 0x13, 0xA6, 0x0B, 0x11, 0x65, 0x3E, 0x62, 0xDA, 0x84, 0x9C, 0xEA, 0xCA, 0xC5, 0x43, 0xEE,
    0x06, 0xEB, 0x92, 0xBE, 0xD0, 0x9B, 0x72, 0x2B, 0xB6, 0xE3, 0x5E, 0xF9, 0xE8, 0x3B, 0x78, 0x64,
    0xC2, 0x67, 0x64, 0x29, 0xC6, 0x93, 0xC9, 0x84, 0xC7, 0xE2, 0x39, 0xC2, 0x53, 0xE2, 0x04, 0x63,
    0xFC, 0xDD, 0x77, 0xE5, 0xEE, 0xE9, 0x5F, 0xFE, 0x42, 0xB8, 0x78, 0x2A, 0xFD, 0x81, 0x50, 0xB8,
    0x97, 0x35, 0x32, 0xF6, 0x79, 0xED, 0x9A, 0xA8, 0x2F, 0x6A, 0xD7, 0xE6, 0x63, 0xF1, 0x1D, 0x37,
    0x15, 0x63, 0xF5, 0x75, 0x79, 0x96, 0x20, 0x53, 0xF8, 0x8C, 0xFF, 0x81, 0x4C, 0xB9, 0xC9, 0x46,
    0x91, 0x29, 0x10, 0xAB, 0xF1, 0xF0, 0x0D, 0xE0, 0x54, 0xE3, 0x33, 0xF9, 0x49, 0x5E, 0xD5, 0x78,
    0x8E, 0xAC, 0x2E, 0x54, 0x0D, 0xF1, 0x28, 0x1C, 0x02, 0xDB, 0xB0, 0x0A, 0x3A, 0xEC, 0x1A, 0x32,
    0x89, 0x5A, 0x30, 0x0F, 0xFB, 0x4B, 0x6A, 0xAC, 0x04, 0x99, 0xE7, 0xCE, 0xBF, 0x0A, 0x98, 0x2A,
    0x32, 0x41, 0x91, 0x20, 0xF3, 0xCA, 0xEC, 0xEC, 0x00, 0x71, 0xCA, 0x4D, 0x1C, 0x80, 0x2D, 0x4C,
    0x0E, 0x3B, 0x07, 0xEA, 0xE4, 0xAA, 0xF8, 0xF6, 0xEC, 0x57, 0xE9, 0x1B, 0x13, 0x14, 0x40, 0x9E,
    0x93, 0x47, 0x23, 0xEE, 0x2A, 0xC8, 0x3C, 0x25, 0xAB, 0x99, 0x78, 0x1C, 0xE3, 0x11, 0x4C, 0x76,
    0x75, 0x30, 0x10, 0x44, 0xA1, 0xAB, 0xE3, 0x3E, 0xE9, 0x63, 0xB7, 0xA9, 0xDC, 0x54, 0xCD, 0x69,
    0x57, 0xB9, 0xCE, 0xBA, 0xD1, 0x4E, 0xA9, 0x4C, 0x1D, 0x80, 0x18, 0x3A, 0x10, 0x5B, 0x43, 0x89,
    0x48, 0x6F, 0x2A, 0x04, 0x81, 0xBC, 0xE3, 0xB2, 0x06, 0x21, 0x7B, 0xF2, 0x1D, 0xE6, 0xDE, 0xD6,
    0x20, 0x27, 0x6C, 0x85, 0x56, 0x79, 0x58, 0x5C, 0xCB, 0x0E, 0x08, 0x48, 0x40, 0x71, 0x99, 0x47,
    0x73, 0xC2, 0xCA, 0xBE, 0x85, 0x08, 0xA1, 0x61, 0x10, 0x12, 0x94, 0x02, 0x41, 0x65, 0x33, 0x73,
    0x4E, 0x2F, 0x4E, 0xB2, 0xE7, 0xA2, 0xCB, 0x5F, 0x1A, 0x13, 0x67, 0xAA, 0x1F, 0xB8, 0xB7, 0x46,
    0xD1, 0x11, 0xFB, 0x3D, 0x99, 0x2D, 0x80, 0x97, 0x7A, 0x86, 0x78, 0x8C, 0x8B, 0xAE, 0x9F, 0x3B,
    0xF7, 0x25, 0x30, 0x52, 0x88, 0xCF, 0x28, 0x0C, 0x63, 0x5E, 0xA4, 0x16, 0x96, 0xC1, 0x40, 0x54,
    0xD4, 0xB1, 0x02, 0xB5, 0x4D, 0x09, 0xE6, 0xAC, 0x2B, 0xD4, 0x12, 0x8C, 0x6A, 0x1B, 0x8E, 0x29,
    0xE2, 0xB1, 0x53, 0x7C, 0x5F, 0xDD, 0x73, 0xC4, 0x91, 0x7B, 0xC3, 0xA5, 0x3D, 0x6E, 0x17, 0xCD,
    0x89, 0xDC, 0x27, 0x9E, 0xA2, 0x09, 0x8F, 0x48, 0xC1, 0x3F, 0x3C, 0xAA, 0x17, 0x4D, 0x24, 0xBF,
    0xD3, 0x31, 0x02, 0x8F, 0x9B, 0x74, 0x88, 0xC0, 0xE1, 0x4D, 0xDA, 0x87, 0xD0, 0x70, 0x90, 0xE6,
    0xCA, 0x4A, 0x30, 0xEC, 0x4A, 0xD7, 0xDB, 0x36, 0x96, 0x19, 0xCA, 0x21, 0x5A, 0x0F, 0xB8, 0x38,
    0x9D, 0xEC, 0x3B, 0xE7, 0xCE, 0x6F, 0x28, 0x35, 0xEC, 0x39, 0xEB, 0xB9, 0xE5, 0x64, 0x4C, 0xA0,
    0x61, 0xD1, 0x9C, 0x97, 0x04, 0x34, 0x80, 0x1B, 0x58, 0xFE, 0x3E, 0x99, 0x1D, 0xD4, 0x27, 0xEF,
    0xEC, 0x9B, 0x78, 0x78, 0xEB, 0xDE, 0xC4, 0xB3, 0x6B, 0xF7, 0xD2, 0x2C, 0xBF, 0x7B, 0xC2, 0x9D,
    0xC6, 0x93, 0x43, 0x59, 0x08, 0x9A, 0x04, 0x77, 0x6E, 0x63, 0x45, 0x4F, 0x5A, 0xD7, 0xBB, 0x4B,
    0x85, 0xE0, 0xB8, 0x23, 0x7A, 0x3D, 0xE3, 0x00, 0xDF, 0x4C, 0x97, 0xC0, 0x2F, 0xD9, 0xD8, 0x10,
    0xC0, 0x20, 0x2F, 0x57, 0x11, 0x83, 0xA2, 0x9B, 0x0A, 0xE1, 0x40, 0xAC, 0xC6, 0xE0, 0x31, 0xAC,
    0x2C, 0xE5, 0xB2, 0x68, 0xC0, 0x74, 0x35, 0x30, 0x1D, 0x68, 0xA0, 0x9A, 0xA5, 0xFB, 0x83, 0x5A,
    0xD8, 0x73, 0xE7, 0x9E, 0x21, 0x7B, 0x3D, 0x90, 0xC1, 0x61, 0x20, 0xD9, 0x29, 0x93, 0x01, 0x65,
    0xF7, 0xF2, 0x0C, 0x3E, 0x0B, 0x26, 0x22, 0x17, 0x4D, 0xE9, 0xA0, 0x60, 0x9E, 0xE2, 0x29, 0xD1,
    0x65, 0x3A, 0x24, 0x64, 0x38, 0xE0, 0xDC, 0xE9, 0x52, 0xF0, 0x2C, 0xC2, 0x1C, 0xC0, 0x7E, 0x41,
    0x84, 0xAD, 0xD3, 0x1E, 0x12, 0x10, 0x44, 0xBB, 0x4D, 0xD6, 0xC9, 0x96, 0x01, 0x69, 0x31, 0x92,
    0x62, 0xE1, 0x0C, 0x30, 0x2D, 0x78, 0x17, 0x8E, 0x10, 0xD4, 0xAD, 0x48, 0xD9, 0x9C, 0x07, 0xAA,
    0x43, 0xEC, 0xA6, 0x16, 0x58, 0x47, 0xDC, 0x16, 0x6C, 0x8B, 0x7B, 0xF5, 0x9C, 0x25, 0xD5, 0xD0,
    0x0D, 0x52, 0x57, 0x35, 0x42, 0x27, 0x6D, 0x51, 0x27, 0x0C, 0x01, 0x91, 0xE9, 0x70, 0x93, 0x3E,
    0x44, 0x94, 0xA1, 0xF7, 0xE6, 0xD6, 0x51, 0x25, 0x9C, 0x92, 0x24, 0x10, 0xAE, 0xBE, 0x07, 0xE0,
    0x08, 0x69, 0xEE, 0x65, 0x97, 0x12, 0xE1, 0x0A, 0xA1, 0xA2, 0x03, 0x55, 0x31, 0x31, 0x2E, 0x6A,
    0xC9, 0x45, 0xDE, 0xA7, 0x93, 0x6C, 0xB8, 0xFA, 0xA1, 0x20, 0xDC, 0xBD, 0xE4, 0x1A, 0xFB, 0xD6,
    0x5C, 0xCA, 0xFD, 0x44, 0x91, 0xCC, 0x51, 0x73, 0x48, 0xF8, 0x76, 0x01, 0x1E, 0xCD, 0xE4, 0x67,
    0x60, 0x43, 0xD2, 0x3B, 0xB7, 0xD5, 0x95, 0xC9, 0xDF, 0x79, 0x77, 0x09, 0x4B, 0x18, 0xBF, 0x7C,
    0xC0, 0x47, 0x05, 0xFD, 0xA1, 0xD8, 0x1B, 0x51, 0xC6, 0x62, 0x83, 0xF1, 0x18, 0x08, 0x21, 0x7E,
    0x4A, 0xE3, 0x85, 0x45, 0x77, 0x18, 0x3C, 0xAD, 0xE6, 0x0A, 0x72, 0x3A, 0x62, 0x89, 0x79, 0xB5,
    0x9C, 0x72, 0x27, 0xDA, 0xF5, 0xF1, 0xC1, 0x23, 0x6D, 0xB9, 0xA1, 0x99, 0x3F, 0x02, 0x45, 0x7C,
    0x1E, 0x3E, 0x4C, 0x38, 0x20, 0x1B, 0xC9, 0xDF, 0xE6, 0x57, 0x25, 0x1D, 0xA2, 0x31, 0xDF, 0x94,
    0x51, 0xB0, 0xB5, 0x31, 0xC5, 0x4F, 0x85, 0xC7, 0xC2, 0x9C, 0x19, 0x04, 0x9D, 0x33, 0x19, 0xF5,
    0xED, 0xD0, 0xE2, 0xE4, 0xC4, 0x79, 0x89, 0x01, 0xEB, 0xF1, 0xD4, 0xC9, 0x3E, 0x2B, 0xD7, 0xF4,
    0x7E, 0x5B, 0xC5, 0x3D, 0xB9, 0xCA, 0xC2, 0x7C, 0x40, 0x8A, 0xC6, 0x62, 0x38, 0xAC, 0x36, 0x5E,
    0x6E, 0x74, 0xF8, 0x19, 0xC8, 0x01, 0x34, 0x3C, 0x6A, 0xC7, 0x85, 0x32, 0x1A, 0x5E, 0xB3, 0x0E,
    0xEA, 0x0C, 0xE5, 0x77, 0x8F, 0x8A, 0x98, 0x62, 0x37, 0x97, 0x26, 0x7B, 0x67, 0xD9, 0x61, 0x65,
    0x82, 0x2F, 0xCB, 0x90, 0x89, 0x91, 0xF9, 0x37, 0x21, 0x41, 0x74, 0x60, 0x32, 0xC1, 0x3F, 0x99,
    0xEB, 0x8B, 0xE7, 0x7D, 0x59, 0x54, 0xA2, 0x92, 0x07, 0x73, 0x61, 0x9D, 0x5C, 0x5E, 0x8A, 0x0F,
    0x77, 0x04, 0x02, 0xA4, 0x4A, 0x63, 0x97, 0x77, 0x78, 0xA2, 0x88, 0x0E, 0x91, 0x00, 0xA1, 0x41,
    0xB8, 0x01, 0xFD, 0x55, 0x8B, 0x1D, 0x01, 0x08, 0x0D, 0xD4, 0x47, 0x16, 0xA2, 0x2E, 0x13, 0x17,
    0xAE, 0x4E, 0x46, 0xBF, 0x00, 0xD0, 0x53, 0x89, 0x31, 0x36, 0xB0, 0x09, 0xF1, 0x24, 0x1B, 0xB6,
    0xF4, 0x1A, 0x7F, 0xEF, 0xFE, 0x8A, 0x92, 0xAA, 0xD4, 0xCA, 0x19, 0x73, 0xF8, 0xAA, 0xFB, 0xA6,
    0x6E, 0x0D, 0x37, 0x51, 0xCB, 0xB5, 0x2C, 0x54, 0x30, 0xBB, 0x8B, 0xDC, 0x2F, 0x62, 0xE7, 0xA3,
    0x92, 0x74, 0x59, 0xC8, 0x9D, 0x28, 0x9F, 0x94, 0x3E, 0xDC, 0x9B, 0x42, 0x7E, 0x42, 0x2B, 0x63,
    0xD4, 0x28, 0xEA, 0xF8, 0x22, 0xA5, 0x7D, 0x2B, 0xDF, 0x08, 0xF9, 0x53, 0xD1, 0x7E, 0xCD, 0x99,
    0xB1, 0x92, 0xB0, 0x21, 0x18, 0x13, 0x89, 0x45, 0xC2, 0x31, 0x94, 0x80, 0x22, 0x12, 0x03, 0x2E,
    0x36, 0x46, 0xC6, 0x74, 0x12, 0x31, 0x7E, 0x4B, 0x20, 0xDD, 0x99, 0x3E, 0x1D, 0xD3, 0xCE, 0x74,
    0xD9, 0x80, 0x31, 0x1F, 0xB2, 0x36, 0x6C, 0xF2, 0x21, 0x6F, 0xA2, 0x3A, 0x1B, 0x8A, 0x26, 0x2D,
    0xD3, 0xA9, 0xA8, 0x6F, 0x01, 0x32, 0x77, 0x07, 0x7A, 0xDF, 0x06, 0x64, 0xEE, 0xAF, 0xD2, 0x53,
    0xA0, 0x86, 0xCE, 0xAC, 0x70, 0x05, 0xFF, 0xBC, 0x71, 0xF1, 0x44, 0xAF, 0x84, 0xAA, 0xE5, 0x7E,
    0x1B, 0x57, 0x39, 0xF2, 0x1D, 0x31, 0x8A, 0xE0, 0x04, 0x01, 0x4D, 0x2D, 0x48, 0x06, 0x02, 0x52,
    0x7A, 0xBA, 0x94, 0xDE, 0x30, 0x9D, 0x80, 0x7D, 0xD9, 0xC1, 0xF0, 0x14, 0x46, 0x51, 0xB2, 0x74,
    0x12, 0x1E, 0xEF, 0x9F, 0x9F, 0xEC, 0x3E, 0x22, 0x13, 0x27, 0xFA, 0x83, 0xD1, 0x1C, 0x2A, 0x7A,
    0x60, 0xAB, 0xE8, 0x68, 0x9E, 0x5B, 0x0B, 0x5B, 0x5D, 0x57, 0x30, 0x92, 0x25, 0x0C, 0xD3, 0x0C,
    0xCE, 0x88, 0xF0, 0x10, 0x47, 0xB6, 0x06, 0x56, 0x04, 0x7E, 0x5E, 0x45, 0xB5, 0x0D, 0xE0, 0x42,
    0x37, 0x18, 0x0D, 0x15, 0x5C, 0x03, 0x13, 0x23, 0xE0, 0xA5, 0x53, 0x4B, 0x55, 0xE9, 0x65, 0x28,
    0xEE, 0x89, 0xD3, 0x87, 0x90, 0x3B, 0xBB, 0x8F, 0xA1, 0xFD, 0xA4, 0x3C, 0xAB, 0x91, 0x9F, 0x63,
    0xA8, 0x81, 0x21, 0x79, 0x9C, 0x3C, 0x4D, 0xF8, 0x37, 0x80, 0x65, 0x30, 0xCD, 0xB3, 0x17, 0x62,
    0x0E, 0x8A, 0xCF, 0x8B, 0xF1, 0x12, 0x93, 0xEC, 0xDA, 0x88, 0xAE, 0x19, 0xE1, 0x9C, 0x49, 0xBF,
    0xD7, 0x84, 0xA0, 0x5E, 0x23, 0xB6, 0x0B, 0x50, 0x86, 0xDA, 0x8C, 0x9C, 0x02, 0xFA, 0xB4, 0x26,
    0x6A, 0x39, 0xC5, 0x35, 0x03, 0x56, 0xA2, 0xC0, 0xB6, 0x99, 0x06, 0xB2, 0xA7, 0x74, 0xDA, 0x53,
    0x35, 0x57, 0x6D, 0xFF, 0x39, 0x0D, 0x43, 0xF1, 0x2E, 0x3D, 0x68, 0xFE, 0x5F, 0xB5, 0xAA, 0x08,
    0x01, 0x93, 0x51, 0x44, 0xD0, 0xA3, 0x1D, 0xC1, 0xA4, 0x1A, 0x3D, 0xA6, 0xDD, 0x56, 0x4A, 0xA2,
    0x3C, 0x26, 0x6B, 0xAB, 0x19, 0x0A, 0xCE, 0xC8, 0x03, 0x01, 0x68, 0x04, 0x86, 0x4A, 0x88, 0x00,
    0xB6, 0xCA, 0x2E, 0x44, 0xF4, 0x39, 0x55, 0xF7, 0x24, 0x37, 0x7B, 0x83, 0x23, 0x6E, 0x65, 0xDF,
    0xC0, 0x9D, 0xEC, 0x9B, 0xC0, 0x70, 0xF5, 0x1F, 0x78, 0x7C, 0x71, 0x07, 0x4F, 0x2F, 0x88, 0x89,
    0x82, 0x0F, 0x2D, 0xB8, 0xD5, 0x7C, 0xE7, 0x91, 0x47, 0x2E, 0xFF, 0x19, 0x28, 0x8B, 0xC6, 0x02,
    0xD7, 0x05, 0xB3, 0x6E, 0xA7, 0x8A, 0xF8, 0xC3, 0xAC, 0xE6, 0x55, 0x71, 0x7D, 0xDC, 0xDC, 0xF7,
    0xF7, 0x7B, 0xC3, 0xD7, 0xE7, 0x4E, 0x7F, 0x03, 0x57, 0xBF, 0xC1, 0xE8, 0xBE, 0xC5, 0xEF, 0xE3,
    0x5E, 0x8C, 0xBE, 0x09, 0xC6, 0x14, 0x04, 0x9F, 0x0C, 0xDB, 0x03, 0x74, 0xFD, 0x0E, 0x24, 0x70,
    0x90, 0xAD, 0x97, 0x56, 0xB5, 0x70, 0x83, 0x5F, 0x66, 0xFB, 0xEA, 0xC8, 0x70, 0xD7, 0x56, 0xF5,
    0x5F, 0xED, 0x80, 0xCF, 0xAB, 0xE8, 0x7E, 0xDB, 0x25, 0x65, 0x13, 0xF6, 0x39, 0x38, 0x02, 0x70,
    0x43, 0x96, 0xBD, 0xFC, 0x2A, 0x67, 0xF0, 0xC5, 0xE4, 0x0C, 0xA9, 0x5D, 0x25, 0x56, 0xC7, 0x14,
    0x50, 0x54, 0x59, 0xCA, 0xCF, 0xB2, 0x8D, 0x5D, 0x97, 0x25, 0x96, 0xB6, 0x13, 0x0D, 0xCC, 0x99,
    0xA2, 0xB9, 0x56, 0x14, 0xEB, 0x94, 0x2E, 0x61, 0xA3, 0xF7, 0xB0, 0x0C, 0xA8, 0xA7, 0x83, 0x1A,
    0x7A, 0x89, 0x07, 0x44, 0xB0, 0x96, 0x36, 0x5F, 0xDC, 0x77, 0x8B, 0x34, 0x4F, 0x2E, 0x0F, 0xDC,
    0x93, 0x34, 0x32, 0x8C, 0x5B, 0x5E, 0x63, 0xD0, 0x02, 0x7F, 0xE8, 0x6E, 0xC1, 0xB2, 0x30, 0x49,
    0x82, 0x47, 0x8A, 0x1C, 0x7D, 0x2B, 0x7D, 0xAA, 0xA6, 0x77, 0x15, 0x61, 0x48, 0xF3, 0x50, 0x6C,
    0x56, 0xBE, 0x54, 0xEB, 0x2A, 0xD8, 0x5A, 0xB5, 0xB8, 0xDF, 0xF2, 0x6D, 0x31, 0xDC, 0x47, 0x8F,
    0xB8, 0x55, 0x94, 0x2B, 0x03, 0x4D, 0x3E, 0x97, 0x07, 0xF9, 0x7C, 0x84, 0x98, 0x0D, 0xC5, 0xC4,
    0xB8, 0x49, 0xB2, 0x91, 0x78, 0x0E, 0x24, 0xA4, 0x28, 0x05, 0x94, 0x4E, 0xA8, 0x80, 0x4D, 0x31,
    0x88, 0xB0, 0x6D, 0x23, 0x8E, 0xF4, 0x96, 0x50, 0x20, 0x8B, 0xCE, 0xDC, 0x14, 0xDE, 0x59, 0xA4,
    0x1F, 0x23, 0x1C, 0x6D, 0x2B, 0x04, 0x0D, 0xCC, 0x68, 0xB3, 0x21, 0xEC, 0x90, 0xD0, 0x22, 0xAA,
    0x85, 0x0D, 0x14, 0x87, 0x35, 0x26, 0xB5, 0x6D, 0x44, 0x42, 0x62, 0xE3, 0x4B, 0xDB, 0x88, 0x7D,
    0x4A, 0xC6, 0x53, 0x22, 0x22, 0x11, 0x63, 0x3C, 0xED, 0xA9, 0x6D, 0x8B, 0x66, 0x04, 0x3E, 0x05,
    0x42, 0x39, 0x86, 0xFE, 0x00, 0x57, 0xAD, 0x01, 0x2C, 0xCD, 0x3A, 0x8C, 0x57, 0xB0, 0x38, 0xAF,
    0x70, 0xA1, 0x24, 0x5E, 0x70, 0x93, 0xD5, 0x7E, 0x61, 0x75, 0x2A, 0x8F, 0x79, 0xBE, 0xAC, 0x3E,
    0xCC, 0xEE, 0x2F, 0xC4, 0x2B, 0xED, 0xB6, 0x56, 0x3F, 0xC0, 0x08, 0x59, 0x3D, 0x4A, 0x32, 0x31,
    0x4B, 0x2A, 0xBA, 0xC7, 0x52, 0x06, 0x85, 0x08, 0x98, 0x42, 0x2D, 0x10, 0x00, 0x71, 0x21, 0x0C,
    0x3F, 0x27, 0xF8, 0x03, 0xD9, 0x1E, 0xB0, 0x1B, 0x2A, 0x86, 0xE4, 0x43, 0xE0, 0x47, 0xC4, 0x6F,
    0x39, 0x95, 0x1A, 0x28, 0x11, 0x28, 0x89, 0x4E, 0xE9, 0xA4, 0xD3, 0x08, 0x70, 0x40, 0xFE, 0xB8,
    0x40, 0x18, 0x4A, 0x18, 0xD4, 0x42, 0xFC, 0x27, 0x19, 0x05, 0xCC, 0xF6, 0x35, 0xDE, 0x9D, 0x31,
    0xBB, 0x28, 0xC0, 0x6C, 0x56, 0x2F, 0x67, 0xCC, 0xAD, 0x83, 0x52, 0x63, 0xB5, 0xA1, 0xC1, 0xAF,
    0x67, 0x9A, 0x20, 0xB1, 0xFF, 0x77, 0x2C, 0x34, 0x54, 0x22, 0xDF, 0x49, 0x9E, 0x24, 0xCF, 0x4A,
    0x47, 0x79, 0x52, 0x0A, 0x11, 0xA5, 0xE2, 0x88, 0x65, 0xB0, 0x28, 0x85, 0xC8, 0x90, 0x0F, 0xE2,
    0x2E, 0x8A, 0x5E, 0x86, 0xAA, 0x13, 0xF9, 0xDA, 0x1A, 0xE1, 0xC8, 0x26, 0x7F, 0xFF, 0x67, 0x33,
    0xD8, 0xDF, 0x83, 0x27, 0x1B, 0x6F, 0x35, 0xC2, 0xCD, 0xFD, 0x6A, 0xB9, 0xF0, 0xD2, 0xB9, 0x77,
    0xBC, 0xCA, 0xE9, 0x3E, 0xC5, 0x28, 0xE4, 0x2A, 0xA4, 0x23, 0xA7, 0x7F, 0xF0, 0x0D, 0x1F, 0xAB,
    0x2D, 0x32, 0x5A, 0x17, 0x66, 0xB1, 0x31, 0xF1, 0x72, 0xE3, 0x4F, 0xDC, 0xFF, 0x80, 0x59, 0x93,
    0x71, 0x61, 0x43, 0x9D, 0xC1, 0xB4, 0x66, 0x7D, 0x0E, 0xA7, 0x57, 0x8B, 0x3E, 0x48, 0x9A, 0x59,
    0x67, 0xD8, 0x6B, 0xDA, 0x56, 0xA5, 0xC4, 0xEF, 0x42, 0x6D, 0x5D, 0x28, 0xC5, 0x1F, 0x37, 0x47,
    0x94, 0x6A, 0x35, 0x7F, 0x1A, 0x94, 0x82, 0x7A, 0x6F, 0x02, 0x47, 0x5F, 0xBF, 0x11, 0x06, 0x74,
    0x3E, 0xE6, 0xF1, 0x8B, 0x62, 0xF4, 0xC5, 0x94, 0x62, 0xF0, 0x8B, 0xAA, 0xF7, 0xC8, 0x71, 0xDD,
    0xB2, 0x68, 0xF1, 0x15, 0x2A, 0x47, 0x35, 0xD4, 0xBB, 0x61, 0x78, 0x27, 0x2C, 0x95, 0x0C, 0x68,
    0x86, 0x1D, 0x93, 0xA7, 0x88, 0x4D, 0x4B, 0xDD, 0xD3, 0xD3, 0xFC, 0x34, 0x4D, 0x81, 0xEB, 0x99,
    0xE8, 0x4B, 0xDE, 0xB6, 0xD1, 0xDA, 0x48, 0x70, 0x56, 0x6B, 0x54, 0x44, 0xA8, 0x0F, 0xC8, 0xBC,
    0x2A, 0x16, 0xEE, 0xFD, 0x52, 0x39, 0x4A, 0x53, 0x1E, 0x74, 0x09, 0x15, 0x37, 0xB8, 0x74, 0xFD,
    0xAF, 0x0F, 0xEA, 0xF9, 0x32, 0xBF, 0xE0, 0xF5, 0xDF, 0xF3, 0xF2, 0xC8, 0x41, 0x06, 0x4A, 0xA4,
    0x1C, 0x68, 0xBD, 0x85, 0xF1, 0x44, 0xE5, 0x86, 0x94, 0xAE, 0x29, 0x1A, 0xC5, 0x9A, 0x6F, 0x24,
    0x68, 0x1C, 0xF3, 0xBA, 0x10, 0xC5, 0x0C, 0xFB, 0x6C, 0x53, 0xB4, 0x92, 0x3C, 0x96, 0x81, 0x60,
    0x51, 0x0B, 0x31, 0xDB, 0x59, 0xAD, 0x68, 0x85, 0xE8, 0x82, 0xA6, 0x48, 0x67, 0x21, 0xBF, 0x5E,
    0xE7, 0x8F, 0x11, 0xFA, 0x8D, 0x39, 0x01, 0x7B, 0x27, 0xD7, 0xDD, 0x02, 0xCE, 0x73, 0x31, 0x22,
    0x97, 0x2C, 0x8B, 0x49, 0xDF, 0xD1, 0xF8, 0x63, 0xD2, 0x54, 0x54, 0xB4, 0x58, 0x43, 0x49, 0x23,
    0xE9, 0x5D, 0xE9, 0x35, 0x8F, 0x37, 0xEB, 0x4E, 0xA4, 0xFC, 0x7C, 0xF3, 0xD9, 0xC3, 0x1F, 0x74,
    0x03, 0xE1, 0x8C, 0xBB, 0x27, 0x43, 0xC6, 0x4A, 0x5D, 0x26, 0xD1, 0x97, 0x58, 0xD9, 0x32, 0x9B,
    0xFF, 0x08, 0xC9, 0x58, 0x19, 0xC2, 0x44, 0xC1, 0xD7, 0xCA, 0x0C, 0x2B, 0x63, 0x66, 0xD1, 0x30,
    0x98, 0xD4, 0xC9, 0xCF, 0x23, 0xDC, 0x01, 0x33, 0x33, 0x18, 0xA8, 0x3A, 0xF2, 0xA1, 0x1E, 0x67,
    0x11, 0x66, 0x02, 0xC3, 0x2C, 0x56, 0x4F, 0x5C, 0x99, 0x98, 0x22, 0x71, 0x0F, 0xF4, 0x0E, 0xAE,
    0x39, 0x89, 0xF9, 0x82, 0x6D, 0xE0, 0x2D, 0xFA, 0xC1, 0xDE, 0x86, 0xBA, 0xBE, 0xD7, 0xD9, 0xB7,
    0x84, 0x09, 0xF9, 0xBD, 0xC6, 0xDE, 0xDD, 0x40, 0xE7, 0x10, 0xE7, 0x62, 0x36, 0x15, 0x04, 0x23,
    0xE0, 0x47, 0x2A, 0x82, 0x74, 0x88, 0xBC, 0x13, 0xBF, 0x56, 0x11, 0xE3, 0xCF, 0x5D, 0xB9, 0x72,
    0x49, 0x43, 0x73, 0x7C, 0xFC, 0xF8, 0x1F, 0x46, 0x20, 0xFA, 0x33, 0x1F, 0x0B, 0xEE, 0xA7, 0x34,
    0x13, 0xFF, 0xB4, 0x89, 0x7A, 0xCB, 0xC8, 0x7F, 0x7C, 0x46, 0x6E, 0x57, 0x47, 0x23, 0xD2, 0xBC,
    0x3A, 0x18, 0x85, 0xCE, 0x42, 0x88, 0x08, 0x50, 0xC4, 0x0B, 0x7B, 0x24, 0x38, 0x8D, 0x90, 0xC0,
    0x49, 0xC8, 0x2B, 0xF3, 0x56, 0x08, 0x11, 0x44, 0xB6, 0xA9, 0x84, 0x8E, 0x62, 0x7F, 0x84, 0x0C,
    0xFB, 0xB2, 0x43, 0xEC, 0x60, 0x5F, 0x79, 0xAD, 0x93, 0x5D, 0xD9, 0x7F, 0x49, 0x7F, 0x81, 0xC0,
    0x74, 0x48, 0xEF, 0xD5, 0xF4, 0x6F, 0xD8, 0x79, 0x55, 0x53, 0x5D, 0xAA, 0x25, 0x3E, 0x38, 0xBC,
    0x5A, 0xC5, 0x80, 0xE9, 0x69, 0x32, 0x85, 0x1A, 0x1D, 0xC3, 0xB8, 0x48, 0x6A, 0xD5, 0xC0, 0x20,
    0x0A, 0x82, 0xE4, 0xDA, 0xCF, 0xB1, 0x58, 0x6A, 0x7C, 0xA1, 0x54, 0x1D, 0xB9, 0x6A, 0x9A, 0xAA,
    0x99, 0xAA, 0x96, 0xAA, 0xD3, 0x07, 0x47, 0xFD, 0x56, 0x7F, 0xE9, 0x83, 0x00, 0x0D, 0xD6, 0xDD,
    0x4F, 0xAE, 0x51, 0xF1, 0x3B, 0xF2, 0x55, 0xAF, 0xF0, 0xB8, 0x5B, 0xEB, 0x89, 0x21, 0xED, 0x61,
    0xB4, 0x33, 0x5A, 0x16, 0xF3, 0xB4, 0x4E, 0xB8, 0x8D, 0xA3, 0x69, 0x3B, 0xAC, 0xB8, 0xB2, 0x10,
    0xB5, 0x4E, 0xC9, 0x9B, 0x6D, 0x29, 0x01, 0xF8, 0x4D, 0xC3, 0x1A, 0x23, 0x51, 0xCE, 0x81, 0xB2,
    0x22, 0xB8, 0x75, 0x68, 0x97, 0x9D, 0x91, 0x9C, 0x6C, 0xFE, 0x3C, 0xB6, 0x35, 0x2F, 0xF5, 0x14,
    0x32, 0x6C, 0x3B, 0x30, 0xB9, 0x7D, 0xD0, 0x0D, 0xBD, 0x59, 0x3B, 0x05, 0x6D, 0xBC, 0x81, 0x8C,
    0x09, 0x81, 0xFD, 0x8F, 0x90, 0xB3, 0x91, 0x1E, 0x7A, 0xF6, 0x4C, 0xEB, 0x9A, 0x42, 0xC1, 0x8D,
    0xAC, 0xF9, 0x84, 0x19, 0x82, 0x4D, 0x71, 0xA6, 0x23, 0xBE, 0xE8, 0x5A, 0x96, 0x9F, 0x15, 0x2C,
    0x40, 0xCA, 0xCF, 0x82, 0x41, 0x50, 0x1A, 0x75, 0x82, 0x9B, 0x18, 0x9F, 0x87, 0xF5, 0x41, 0xF8,
    0x24, 0xF5, 0xA3, 0x57, 0xAE, 0x22, 0x0A, 0xAD, 0xED, 0xB9, 0x73, 0x8C, 0x36, 0xD7, 0xC2, 0x78,
    0xEC, 0x36, 0x8F, 0x8A, 0x2E, 0x8A, 0x97, 0x68, 0x8B, 0xFD, 0xB0, 0xFD, 0x53, 0x31, 0x2D, 0x7F,
    0x22, 0x62, 0xBF, 0x6E, 0xBE, 0x65, 0x4E, 0x8A, 0xE1, 0x4C, 0xCA, 0xBC, 0x4E, 0x36, 0x89, 0x5C,
    0x23, 0x38, 0xBD, 0x52, 0x0A, 0xBD, 0xFB, 0x26, 0xBB, 0xEB, 0x86, 0x42, 0xF0, 0xF2, 0x39, 0x13,
    0x5C, 0x36, 0xDE, 0x7C, 0x2D, 0x38, 0x9D, 0xB7, 0x21, 0xA2, 0x5B, 0xDD, 0xC3, 0x57, 0xA3, 0x75,
    0x3F, 0x5F, 0x0E, 0xEE, 0x77, 0x1A, 0xFE, 0x72, 0x8E, 0x7A, 0x39, 0x01, 0x58, 0xD0, 0xDE, 0xA1,
    0x48, 0x68, 0xBE, 0xC5, 0xCB, 0x1F, 0x0F, 0x85, 0xB2, 0xD7, 0x79, 0xF9, 0x67, 0xCC, 0x25, 0xF3,
    0xBF, 0xFF, 0x5B, 0x72, 0x5E, 0x09, 0x06, 0xF5, 0x61, 0xD4, 0xDB, 0xBF, 0x8D, 0x75, 0xAF, 0x27,
    0xE3, 0xFA, 0x5A, 0xA0, 0x06, 0xFE, 0xAB, 0x41, 0xF3, 0x5B, 0x78, 0x5C, 0xF0, 0x0F, 0x1C, 0x2F,
    0xAF, 0x88, 0x56, 0x3D, 0x63, 0x39, 0xBC, 0xB8, 0x2A, 0x0F, 0xBD, 0xB6, 0x25, 0xF3, 0xEC, 0xAF,
    0x22, 0x33, 0xBC, 0xBC, 0x65, 0xF5, 0x1A, 0xC1, 0x99, 0x53, 0x57, 0x57, 0xA6, 0x5E, 0xDB, 0xB2,
    0xFA, 0xAC, 0xD9, 0x46, 0x73, 0xD7, 0xD6, 0x5D, 0xAC, 0xCE, 0x36, 0x5C, 0x57, 0xD1, 0x1A, 0xDB,
    0xC7, 0x4A, 0x68, 0xB4, 0xE4, 0xF4, 0x26, 0xD9, 0x2C, 0x2B, 0xF9, 0xEA, 0x21, 0xC1, 0xD9, 0x8D,
    0xC5, 0x5F, 0xB3, 0xEE, 0x33, 0xAC, 0x5A, 0xA8, 0xE1, 0x12, 0xFE, 0x79, 0x93, 0x2C, 0xC3, 0xF0,
    0x17, 0xBF, 0x31, 0xAF, 0x96, 0x38, 0xF4, 0xA6, 0xB1, 0x5E, 0x48, 0xF6, 0xED, 0x63, 0x1E, 0x5A,
    0x76, 0xD6, 0x62, 0x2C, 0x0A, 0x98, 0xBF, 0x05, 0xB1, 0x7C, 0x0A, 0xC3, 0x71, 0x5F, 0xA2, 0xD0,
    0x32, 0x3C, 0xC3, 0x68, 0x56, 0xF5, 0x19, 0x14, 0x4A, 0x2C, 0x16, 0xBC, 0x4E, 0x36, 0x9C, 0x22,
    0xF1, 0x0B, 0x93, 0x24, 0xDB, 0x69, 0x57, 0xAE, 0x79, 0x76, 0xAD, 0xCC, 0x4F, 0x57, 0x89, 0xA4,
    0xAB, 0x14, 0xD2, 0x9D, 0xC7, 0x1E, 0xA5, 0x95, 0x2B, 0x45, 0xCB, 0x40, 0x52, 0xA9, 0x77, 0xB2,
    0x9B, 0x8C, 0x97, 0x15, 0xF7, 0x7C, 0xA6, 0xB6, 0x9C, 0xE4, 0x3C, 0x7C, 0x5F, 0x4E, 0xF9, 0x12,
    0x22, 0x31, 0x51, 0xE7, 0x33, 0x98, 0x51, 0x6B, 0xCD, 0x67, 0x35, 0x81, 0x1A, 0x81, 0x6E, 0x58,
    0x77, 0x43, 0x89, 0x15, 0x5E, 0x07, 0x87, 0x33, 0x8E, 0xD1, 0x27, 0x92, 0x4F, 0x86, 0x9F, 0x19,
    0x66, 0xA1, 0xF0, 0x82, 0x65, 0x00, 0x1A, 0x30, 0xA6, 0x49, 0xC7, 0x18, 0xC7, 0x14, 0x72, 0x8F,
    0xEC, 0x09, 0x9D, 0x2F, 0xD0, 0x9E, 0xE6, 0xFB, 0x3D, 0xE7, 0xE2, 0x5E, 0x13, 0xE9, 0x29, 0x05,
    0xCF, 0xC5, 0x4C, 0x35, 0x69, 0xE5, 0x50, 0x1C, 0xBA, 0x1E, 0x81, 0xB4, 0x6A, 0xF8, 0xE5, 0x5E,
    0x1A, 0x0F, 0x37, 0xF0, 0x7B, 0xF0, 0x6D, 0x31, 0xD2, 0x17, 0xEB, 0x5C, 0xBA, 0xB5, 0xC3, 0x37,
    0xBC, 0x08, 0xFB, 0x83, 0x31, 0x60, 0xE2, 0x35, 0xCD, 0x83, 0x6E, 0xCD, 0x6D, 0x76, 0x12, 0x9B,
    0xCB, 0x80, 0x67, 0xD2, 0x83, 0x9B, 0x32, 0xEE, 0xA1, 0x88, 0xF5, 0xC7, 0x1D, 0x3D, 0x03, 0x7E,
    0xFB, 0xFC, 0xDB, 0x07, 0xC5, 0x5B, 0x20, 0x6B, 0xC1, 0x28, 0xDA, 0x1E, 0x21, 0xD3, 0x00, 0x5B,
    0x38, 0x82, 0x57, 0x5A, 0x7F, 0x8B, 0x51, 0x59, 0xA7, 0x19, 0x60, 0x4A, 0x56, 0x68, 0xCD, 0xB5,
    0x65, 0x55, 0x4D, 0xA2, 0x62, 0xF1, 0xAC, 0x42, 0xC9, 0x80, 0xE4, 0x3D, 0xEF, 0x13, 0x78, 0xBD,
    0xE1, 0x38, 0xD6, 0xAE, 0x77, 0x3F, 0xDE, 0x64, 0xAE, 0x71, 0x08, 0xE3, 0xCA, 0xC2, 0x41, 0xE3,
    0x02, 0xDD, 0xE8, 0x85, 0x6D, 0x48, 0x16, 0xF6, 0x5B, 0xFA, 0x98, 0x4A, 0x6B, 0x4E, 0xF2, 0xC8,
    0xD9, 0xAD, 0xB3, 0xB3, 0xF7, 0x3B, 0xB3, 0x8A, 0x5E, 0xEE, 0x79, 0xF7, 0xD3, 0x4B, 0xFE, 0xAC,
    0x67, 0x1D, 0xCD, 0x5A, 0xAE, 0x55, 0x7C, 0xA6, 0xF3, 0xAB, 0x5A, 0x91, 0xE3, 0x79, 0xCE, 0xD5,
    0x19, 0x52, 0x93, 0xF0, 0x93, 0xD5, 0xAA, 0xDA, 0x9F, 0x2E, 0xEA, 0xC9, 0x62, 0xC5, 0xD1, 0xB6,
    0xF8, 0x5C, 0x52, 0x54, 0x84, 0x45, 0x4D, 0xC2, 0xB3, 0x9A, 0xF3, 0x13, 0x4B, 0x83, 0x1D, 0x24,
    0x34, 0x2F, 0x5B, 0xA3, 0xC3, 0xE3, 0x66, 0xF4, 0x10, 0xAA, 0xF6, 0x41, 0xCA, 0xF3, 0x4E, 0x02,
    0x16, 0xEE, 0x83, 0x03, 0x0B, 0x69, 0x1C, 0x92, 0x59, 0x02, 0xB7, 0x14, 0x82, 0x4E, 0xE7, 0xAB,
    0x12, 0x84, 0x21, 0x8B, 0x16, 0x14, 0x8A, 0x67, 0xE9, 0xFD, 0x50, 0x33, 0xB3, 0x4E, 0x27, 0xA6,
    0x4D, 0xF0, 0x98, 0x16, 0xF0, 0xA6, 0xDD, 0x17, 0x48, 0x5F, 0xE6, 0xF1, 0x17, 0xCF, 0x81, 0x6E,
    0x6B, 0xEE, 0x5C, 0x00, 0xDA, 0x48, 0xCA, 0x23, 0x66, 0x56, 0x90, 0xDB, 0xC4, 0xA3, 0xD8, 0x91,
    0x10, 0x1E, 0xE5, 0x91, 0x9F, 0x95, 0x6F, 0xD3, 0xE9, 0x84, 0xFC, 0x32, 0x9D, 0x8E, 0x0B, 0x33,
    0x05, 0xBA, 0x50, 0x02, 0xB7, 0xE6, 0x3D, 0xC2, 0x02, 0x18, 0x44, 0x61, 0x41, 0x4B, 0xD7, 0xDD,
    0xAE, 0xDC, 0xDE, 0xF2, 0x3C, 0x54, 0xB7, 0x4B, 0xFC, 0x58, 0xE7, 0x56, 0x75, 0x8D, 0x5D, 0x2B,
    0x57, 0xC4, 0xEE, 0x87, 0x00, 0x6D, 0xF5, 0xFD, 0x3B, 0x28, 0x1F, 0xFC, 0x27, 0x8B, 0x08, 0x2C,
    0x05, 0xDA, 0x8E, 0x85, 0xFD, 0x56, 0xCB, 0xFB, 0x32, 0x6A, 0xBA, 0x1F, 0x20, 0x06, 0x45, 0x7A,
    0x18, 0x6B, 0x70, 0x4A, 0x90, 0x49, 0x70, 0x11, 0xCF, 0x7F, 0x20, 0x51, 0x5F, 0x32, 0xA7, 0xE2,
    0xB8, 0xD3, 0x39, 0xD6, 0x0A, 0xFF, 0xB4, 0xCA, 0x6E, 0x78, 0xF8, 0x04, 0xA3, 0x85, 0x4F, 0xFB,
    0x48, 0xC1, 0x8F, 0xD5, 0xCE, 0xA8, 0x85, 0x75, 0xB7, 0x75, 0xAB, 0xB4, 0x21, 0xBE, 0xCA, 0xDC,
    0x6F, 0x8D, 0x7B, 0xCC, 0x43, 0x19, 0x21, 0xB0, 0x60, 0xFA, 0xAA, 0xE4, 0x1D, 0x8C, 0x8F, 0xB6,
    0x60, 0x7A, 0x00, 0xA4, 0x76, 0xAA, 0xA2, 0xD9, 0xCE, 0x98, 0xEF, 0x04, 0x72, 0xBB, 0x9B, 0xFB,
    0xD5, 0xFC, 0x34, 0xFE, 0x40, 0x7A, 0x8D, 0x1F, 0x69, 0x00, 0x33, 0x1F, 0xFC, 0xC0, 0xE0, 0x16,
    0x60, 0x41, 0x01, 0xAB, 0x10, 0xB9, 0x57, 0x9F, 0xD2, 0x8D, 0xDD, 0x07, 0x2E, 0x6E, 0x2A, 0x9D,
    0x3E, 0x32, 0xB4, 0xBA, 0x2F, 0x60, 0x23, 0x0B, 0x78, 0x6F, 0xB9, 0xB9, 0xEC, 0x48, 0x62, 0x3C,
    0x61, 0x41, 0x30, 0x92, 0x05, 0x03, 0x9F, 0xD4, 0xF3, 0x29, 0xAF, 0x3F, 0x50, 0xAB, 0xCC, 0x72,
    0x98, 0x1B, 0x5E, 0x9D, 0xBF, 0xB9, 0x9E, 0x54, 0x7C, 0x04, 0x0B, 0x9A, 0x0F, 0x81, 0x14, 0x8E,
    0x73, 0x1A, 0x0E, 0xC2, 0xAA, 0x14, 0x2A, 0x88, 0xA8, 0xBC, 0x8E, 0x39, 0xB0, 0xE3, 0x40, 0x85,
    0x43, 0xB6, 0x59, 0x3D, 0x4C, 0x5E, 0x59, 0xF0, 0xA1, 0xD1, 0xE5, 0xFF, 0x8E, 0xD2, 0xC9, 0x57,
    0xF4, 0x2F, 0x19, 0x3D, 0xB6, 0xA0, 0xFD, 0xA0, 0xFF, 0x40, 0xA3, 0x41, 0xEF, 0xEB, 0xDF, 0x05,
    0xAB, 0x12, 0xF2, 0x21, 0x0A, 0x04, 0x23, 0xBE, 0xD2, 0xB1, 0x18, 0x41, 0x69, 0x31, 0x80, 0xD2,
    0xA2, 0x07, 0xA5, 0x07, 0x42, 0xFC, 0x46, 0xCC, 0x7C, 0xC8, 0xBD, 0x40, 0x25, 0x26, 0x3C, 0x0D,
    0x07, 0x68, 0x3D, 0xD3, 0xD9, 0x1A, 0x3B, 0x67, 0xC1, 0xE0, 0x9C, 0xF1, 0xBA, 0xCF, 0x41, 0xB4,
    0xBD, 0xC0, 0xAE, 0x73, 0x5A, 0xE7, 0x0F, 0x20, 0x01, 0xC0, 0xA6, 0x1F, 0x61, 0x29, 0x3E, 0x83,
    0x2A, 0xC2, 0xB8, 0xB0, 0xED, 0xA0, 0xF6, 0x43, 0x80, 0xD2, 0x94, 0xF0, 0x14, 0x59, 0xC9, 0xC6,
    0xAC, 0xB0, 0x4A, 0x68, 0xE3, 0x69, 0xDC, 0x71, 0x4D, 0x55, 0x83, 0x0E, 0xB0, 0xFA, 0x08, 0xD1,
    0x1B, 0x4B, 0xAA, 0x2E, 0x86, 0xE3, 0x58, 0x87, 0x30, 0x14, 0x2B, 0x3B, 0xA0, 0x80, 0x1A, 0x42,
    0xB9, 0x47, 0xF3, 0xE9, 0x74, 0x23, 0x7B, 0x4F, 0x9A, 0xDE, 0x1C, 0x8A, 0xE5, 0x03, 0x09, 0xDB,
    0x71, 0x53, 0xD4, 0xFA, 0x4E, 0xD2, 0xCC, 0xB7, 0xD1, 0xE4, 0x9D, 0x5A, 0x17, 0x8F, 0x3E, 0xCA,
    0xC2, 0x81, 0xAE, 0x3A, 0xB4, 0xBD, 0x74, 0x4C, 0x54, 0x6F, 0x8B, 0x74, 0xC8, 0x55, 0x25, 0xCE,
    0x2F, 0xC5, 0x11, 0x9E, 0x64, 0xD2, 0xE1, 0x15, 0xFB, 0x79, 0xB7, 0x24, 0x43, 0x3E, 0xDD, 0x46,
    0x21, 0xA9, 0x25, 0xF0, 0x84, 0x8C, 0xAA, 0xA1, 0x2E, 0xA6, 0x48, 0xFC, 0x28, 0xBA, 0x1C, 0x09,
    0x21, 0x19, 0x53, 0x81, 0x09, 0x14, 0xAD, 0x43, 0xD6, 0x07, 0x03, 0x1F, 0x33, 0xFD, 0x85, 0x84,
    0x2C, 0x8E, 0x2D, 0x45, 0x62, 0x92, 0xED, 0xBC, 0xCD, 0x64, 0x28, 0x5F, 0xE3, 0xF4, 0xF5, 0x08,
    0x68, 0xB7, 0x64, 0xB8, 0x5D, 0x0D, 0x0F, 0x58, 0x6D, 0xEB, 0x89, 0xDD, 0xC1, 0xB8, 0xA4, 0x14,
    0x1E, 0x80, 0x97, 0x22, 0xA3, 0x08, 0x35, 0xC3, 0x21, 0xFA, 0xA5, 0xED, 0x65, 0xE5, 0xE2, 0x31,
    0x2A, 0x05, 0x58, 0x68, 0xB5, 0x18, 0x03, 0x11, 0x40, 0x32, 0xA4, 0x7D, 0x38, 0x02, 0xD9, 0x69,
    0x9F, 0x75, 0x21, 0x5B, 0x15, 0xD2, 0x4E, 0x5B, 0x2E, 0x92, 0x31, 0xEB, 0x98, 0xDC, 0xE8, 0x59,
    0x68, 0x7D, 0x90, 0x43, 0xE9, 0x50, 0x34, 0xBA, 0xCA, 0xBA, 0xA2, 0x66, 0x78, 0x62, 0xF2, 0x56,
    0x44, 0x89, 0x4A, 0xA9, 0xE4, 0xC1, 0x76, 0x83, 0x95, 0x93, 0x90, 0xCA, 0xA2, 0xA4, 0x58, 0xBA,
    0xD3, 0x93, 0xFC, 0xAB, 0xDA, 0x3F, 0x5F, 0x56, 0xA8, 0xF1, 0x52, 0xDE, 0x19, 0x5A, 0x7C, 0x70,
    0x9E, 0x05, 0x8F, 0xCD, 0xCE, 0x94, 0xC7, 0x56, 0x22, 0x4E, 0xAE, 0xAB, 0x1B, 0x1F, 0xE4, 0x4B,
    0xBC, 0xF0, 0x20, 0x75, 0x0B, 0xE5, 0xC9, 0x7A, 0x16, 0x66, 0x9E, 0xDB, 0xC6, 0x28, 0x56, 0x9B,
    0x36, 0x60, 0xD9, 0x2B, 0x1C, 0xD3, 0x18, 0xBA, 0x06, 0xC3, 0x9A, 0x84, 0x71, 0xAC, 0x5C, 0xE6,
    0x07, 0x0C, 0xB0, 0xE6, 0x22, 0xB0, 0x2C, 0x87, 0x9F, 0xD6, 0x96, 0x04, 0x3C, 0xEA, 0x21, 0xAB,
    0xC5, 0x1E, 0x7D, 0x86, 0xCF, 0x89, 0x7B, 0x6F, 0x89, 0x1E, 0xE3, 0x68, 0x69, 0x05, 0x04, 0xE0,
    0x28, 0xB6, 0xC2, 0xBF, 0x0B, 0x10, 0xC2, 0xD5, 0x07, 0x86, 0x5A, 0x57, 0x38, 0xD2, 0xEF, 0x48,
    0x75, 0xDA, 0xA9, 0x18, 0x72, 0xFD, 0xB5, 0x71, 0x7B, 0xF7, 0x6D, 0x99, 0x48, 0xEE, 0x00, 0x3D,
    0xBD, 0xEB, 0x4C, 0x34, 0x0B, 0x8A, 0x20, 0xC5, 0x3A, 0xE2, 0x59, 0xE5, 0x53, 0x66, 0x31, 0xD3,
    0x8F, 0x9C, 0x67, 0x0D, 0x49, 0x68, 0x7D, 0x8E, 0x0C, 0x21, 0x38, 0x05, 0x50, 0x27, 0x8D, 0x00,
    0x61, 0xC6, 0x8A, 0x0E, 0xD0, 0xD5, 0x28, 0xA4, 0xBF, 0xCF, 0x02, 0xEE, 0xBC, 0x04, 0x40, 0xEC,
    0xA0, 0x60, 0x58, 0x14, 0xF5, 0x7E, 0x08, 0xEF, 0x76, 0xDB, 0x92, 0xA6, 0x6F, 0xD9, 0xA2, 0x52,
    0x8A, 0x65, 0x98, 0x19, 0xE6, 0x3A, 0xD4, 0xFF, 0xEA, 0xB0, 0x3F, 0x01, 0xE3, 0x16, 0xD7, 0x47,
    0x19, 0x14, 0xE8, 0x66, 0x1E, 0x53, 0x5E, 0xEE, 0xA9, 0x81, 0xEB, 0x69, 0x2F, 0x98, 0xD8, 0xA4,
    0x13, 0x83, 0xEA, 0x54, 0x1D, 0x67, 0xE6, 0xFC, 0x4E, 0x2B, 0x1A, 0xD0, 0x41, 0x13, 0xED, 0x9E,
    0xCA, 0x54, 0x68, 0x71, 0xAD, 0xEA, 0x34, 0xAC, 0x6D, 0x59, 0x41, 0x70, 0x8C, 0x98, 0x58, 0x41,
    0x52, 0x5F, 0x2A, 0x6C, 0x81, 0x91, 0x96, 0x28, 0x18, 0x66, 0x3A, 0xD5, 0x78, 0x21, 0x74, 0x07,
    0xCA, 0xCC, 0x85, 0xCF, 0xCB, 0x0E, 0x60, 0xEA, 0x84, 0x4E, 0x7B, 0x6B, 0xFE, 0xD6, 0xC0, 0x8C,
    0x20, 0x0A, 0x43, 0xE8, 0x90, 0x73, 0xBC, 0x99, 0x0A, 0x81, 0x17, 0xBB, 0x8F, 0xCB, 0x0D, 0xCF,
    0xB0, 0xBD, 0x47, 0xA9, 0xBB, 0x40, 0xAA, 0x66, 0xD5, 0x09, 0x56, 0xA4, 0x01, 0x83, 0x74, 0xE4,
    0x01, 0xE4, 0x88, 0xCD, 0x67, 0x03, 0xF6, 0x9E, 0xF7, 0x11, 0xA1, 0xB0, 0xD4, 0x66, 0xD0, 0x22,
    0xB0, 0x1C, 0xE0, 0x5E, 0xDF, 0x6A, 0xF1, 0x6E, 0x4C, 0x9A, 0xB5, 0x4B, 0x9A, 0xED, 0x4F, 0x8B,
    0x82, 0x6F, 0x28, 0x9B, 0xA0, 0x23, 0x3C, 0x70, 0x4C, 0x1C, 0xCE, 0x72, 0x5A, 0x76, 0x90, 0x41,
    0xFE, 0x37, 0x53, 0xB4, 0x6E, 0x6C, 0x82, 0xFE, 0x10, 0x0F, 0x58, 0x23, 0x75, 0x78, 0xC7, 0x99,
    0xFB, 0x44, 0x4E, 0xEB, 0x75, 0x32, 0x9F, 0xD4, 0x83, 0xD6, 0xC7, 0xAF, 0x2B, 0xBE, 0xFF, 0xAE,
    0xF3, 0x2A, 0xDD, 0x7A, 0x85, 0xF6, 0x7D, 0x00, 0x6A, 0x03, 0xB3, 0xFD, 0x1F, 0x91, 0x83, 0xF9,
    0x7B, 0x6F, 0x51, 0x4C, 0xC5, 0x2F, 0xBE, 0xCD, 0x2D, 0x15, 0xEF, 0xD6, 0x04, 0x7F, 0xE1, 0x3B,
    0xE1, 0xAA, 0x56, 0x81, 0xCA, 0x1A, 0xB5, 0x6A, 0x06, 0x4F, 0x6D, 0x28, 0x89, 0x9A, 0x82, 0x09,
    0x5D, 0xBD, 0xE5, 0xB0, 0xD8, 0x06, 0x8C, 0xAE, 0x63, 0x70, 0x86, 0x70, 0x38, 0xF9, 0xB6, 0xAC,
    0xFF, 0x31, 0x37, 0x62, 0x17, 0xFF, 0x66, 0x0F, 0x1B, 0x3D, 0xCE, 0xD4, 0x08, 0xC7, 0x7A, 0x31,
    0xDD, 0x60, 0xC2, 0xAD, 0x25, 0x93, 0xE5, 0x49, 0xFB, 0xBB, 0x4E, 0xC7, 0x52, 0x38, 0xFC, 0x45,
    0x38, 0xC6, 0xDE, 0x78, 0xDE, 0xB2, 0x42, 0x5F, 0x69, 0xD2, 0xE0, 0x76, 0x20, 0x5B, 0x2A, 0x64,
    0x0D, 0x21, 0xDB, 0x28, 0x64, 0x37, 0x80, 0xAC, 0x75, 0x13, 0x20, 0x2B, 0x5E, 0x76, 0x17, 0xB2,
    0xB3, 0x42, 0x76, 0x52, 0xC8, 0x4E, 0x0A, 0xD9, 0xF1, 0x41, 0x90, 0xED, 0x15, 0xB2, 0x9D, 0x42,
    0xB6, 0x3B, 0x00, 0xD9, 0x56, 0x21, 0xDB, 0x28, 0x64, 0x6B, 0x85, 0x6C, 0xAD, 0x90, 0xAD, 0x15,
    0xB2, 0xB3, 0x42, 0x76, 0x92, 0xDD, 0x96, 0xE6, 0xDC, 0x53, 0x14, 0xD2, 0x48, 0x63, 0x75, 0x7F,
    0x78, 0x97, 0xF2, 0x81, 0x0F, 0xB9, 0xF7, 0x2F, 0xAD, 0x25, 0x2B, 0x78, 0x52, 0xDC, 0x31, 0x61,
    0xB0, 0x9B, 0x73, 0xFC, 0x48, 0xAC, 0xC6, 0xBF, 0x31, 0x56, 0x7D, 0xBC, 0x14, 0xB2, 0x97, 0x02,
    0xA5, 0x7E, 0x93, 0x37, 0x16, 0x44, 0x94, 0x05, 0x4C, 0xDC, 0x90, 0x89, 0x4E, 0xE1, 0x84, 0xF4,
    0x10, 0x0E, 0xDA, 0x10, 0x44, 0x99, 0x67, 0x91, 0x5A, 0xE8, 0x61, 0xFF, 0xE6, 0x31, 0xD5, 0xC8,
    0x72, 0x4F, 0x91, 0x58, 0x76, 0x3A, 0x6B, 0xDE, 0xBE, 0xB4, 0x31, 0x24, 0xFE, 0xE0, 0x50, 0x4F,
    0xF1, 0xB1, 0x35, 0x1F, 0x11, 0x8D, 0xB1, 0xEF, 0x6B, 0xD1, 0x30, 0x59, 0x33, 0xA9, 0x6D, 0xA7,
    0xA6, 0x8A, 0x9E, 0xF6, 0x52, 0x9B, 0xBA, 0x3A, 0x9E, 0x58, 0xC2, 0x56, 0x41, 0x41, 0x60, 0xAC,
    0x8E, 0xB8, 0x6D, 0x19, 0xC0, 0x01, 0x7A, 0x68, 0x90, 0x12, 0x09, 0xD5, 0x99, 0x44, 0x24, 0x19,
    0x0A, 0xC9, 0xAE, 0x3E, 0x95, 0x6C, 0x84, 0x84, 0x7A, 0x38, 0x2C, 0x66, 0xC1, 0xBD, 0xD9, 0xD2,
    0xCA, 0xBF, 0xA2, 0x21, 0xFA, 0x57, 0x74, 0xBB, 0xB3, 0x06, 0xE9, 0x94, 0x7D, 0x3C, 0x53, 0x3C,
    0x09, 0xFB, 0x0E, 0x64, 0x62, 0x3C, 0x94, 0x8E, 0xF4, 0x1D, 0xE8, 0xE2, 0x44, 0x0F, 0x14, 0xD3,
    0x54, 0xE0, 0x13, 0x27, 0x5A, 0x38, 0x51, 0x9C, 0x7E, 0xA3, 0x8A, 0x41, 0xA1, 0x15, 0x03, 0xC6,
    0xB7, 0xCB, 0x0C, 0x8E, 0x54, 0x5A, 0x31, 0x60, 0xAC, 0x8B, 0x2E, 0xAC, 0xB5, 0x71, 0xAE, 0x66,
    0xFF, 0xD5, 0x3F, 0x6B, 0xC5, 0x40, 0x83, 0x58, 0xB9, 0x97, 0x56, 0x0C, 0x7A, 0x8D, 0xBD, 0xE4,
    0x1E, 0x5A, 0x31, 0xE8, 0x7C, 0xC5, 0xA0, 0xFD, 0x35, 0x2A, 0x06, 0xAD, 0xAF, 0x18, 0xB4, 0xCB,
    0x91, 0xAE, 0x57, 0xEA, 0xFB, 0x2A, 0x04, 0x4B, 0xC9, 0xC5, 0x87, 0x57, 0x6B, 0xB9, 0x45, 0xE6,
    0x5C, 0xFB, 0x24, 0x64, 0x44, 0x2A, 0xB6, 0x41, 0x23, 0xA1, 0x58, 0xB3, 0x25, 0x87, 0xF4, 0x99,
    0x24, 0xBB, 0x2F, 0x64, 0x37, 0xA8, 0x00, 0xAC, 0x9D, 0xAE, 0xAC, 0x00, 0xE8, 0xA9, 0x2C, 0x9A,
    0xC4, 0x7A, 0xDA, 0x9B, 0xCE, 0x8F, 0x4E, 0xC7, 0xF7, 0x70, 0xFC, 0x69, 0x5D, 0x6D, 0x1B, 0xB5,
    0x8C, 0x26, 0x78, 0x72, 0xB3, 0xAD, 0xFC, 0xEC, 0x74, 0xC0, 0x04, 0xF3, 0xAA, 0x6B, 0xA1, 0x76,
    0x75, 0x3C, 0xBA, 0x59, 0x64, 0xE2, 0x06, 0x2F, 0x14, 0x37, 0xA8, 0x54, 0xA6, 0x63, 0xBD, 0x17,
    0x4B, 0xD4, 0x7B, 0xB9, 0x84, 0x9D, 0x17, 0x4C, 0xD0, 0x79, 0x89, 0x04, 0xAF, 0xAF, 0xA2, 0x59,
    0x65, 0xB3, 0x0A, 0x67, 0x95, 0xCE, 0x36, 0x6A, 0x5A, 0xE4, 0xB3, 0x0A, 0x68, 0x95, 0xD0, 0x2A,
    0xA2, 0x55, 0x46, 0xAB, 0x90, 0x56, 0x29, 0xAD, 0x62, 0x5A, 0xE4, 0xB4, 0x0A, 0x6A, 0x95, 0xD4,
    0x56, 0x54, 0xE4, 0xB9, 0x1B, 0xB4, 0x0B, 0x6E, 0x20, 0xD7, 0xC3, 0x9E, 0x6C, 0x0F, 0x7A, 0xE5,
    0x78, 0xE7, 0x27, 0xE5, 0xBC, 0x67, 0xBD, 0xE7, 0xBD, 0x67, 0xBE, 0xE7, 0xBE, 0x67, 0xBF, 0xE7,
    0xBF, 0x17, 0x80, 0x97, 0x80, 0x17, 0x81, 0xA1, 0x0C, 0x36, 0xF8, 0xC2, 0x1F, 0x30, 0x06, 0xA5,
    0x4F, 0x89, 0x54, 0x73, 0x8A, 0x75, 0xB5, 0x6E, 0x9A, 0xFC, 0x55, 0x73, 0x07, 0x1E, 0x68, 0x40,
    0x05, 0xC3, 0x59, 0x78, 0x43, 0x51, 0xFA, 0x60, 0x08, 0xFC, 0xD0, 0xD4, 0x8E, 0x2D, 0x0E, 0xCD,
    0x92, 0x36, 0xF9, 0x48, 0x74, 0x5A, 0x57, 0xC8, 0xB8, 0x68, 0x4D, 0xC8, 0x5F, 0xE7, 0x55, 0x41,
    0x6E, 0x64, 0x7B, 0xB2, 0xDA, 0x77, 0x8D, 0x17, 0x68, 0x1C, 0xE3, 0x1D, 0x0A, 0xF2, 0x38, 0x52,
    0xD1, 0x25, 0x33, 0x9F, 0x69, 0xC9, 0xE5, 0x88, 0x35, 0x05, 0xC5, 0x27, 0x5A, 0x7D, 0xFC, 0x8D,
    0x98, 0x66, 0xB1, 0xEE, 0x21, 0x2C, 0x47, 0x0C, 0x20, 0x16, 0x54, 0x79, 0xDE, 0xA4, 0xAB, 0xF3,
    0x49, 0x57, 0x8D, 0xF7, 0x66, 0x34, 0x5D, 0xA8, 0x43, 0x1D, 0x6D, 0x39, 0xD1, 0xAC, 0xD7, 0x8E,
    0xF3, 0x76, 0xF1, 0x5B, 0xD9, 0xDA, 0x44, 0x11, 0x6F, 0xCB, 0x0B, 0x87, 0x57, 0x46, 0x76, 0xCA,
    0xC5, 0x8E, 0x05, 0xB4, 0xD9, 0xF8, 0x0A, 0x9A, 0x2F, 0x9E, 0x69, 0x5F, 0x2A, 0x53, 0x34, 0xCA,
    0x91, 0xF5, 0x33, 0x6C, 0x45, 0x32, 0x28, 0xFC, 0x0C, 0x55, 0x23, 0x9E, 0x6D, 0x4B, 0xAC, 0x35,
    0xF0, 0xD0, 0x9F, 0x2E, 0x54, 0xBC, 0x42, 0xE7, 0x27, 0x71, 0x8F, 0x98, 0x08, 0x12, 0x76, 0xBA,
    0xA5, 0x13, 0x1C, 0xD9, 0xD2, 0xA7, 0xE2, 0xFB, 0xED, 0x29, 0xB0, 0x17, 0x78, 0xF3, 0x90, 0x79,
    0xA8, 0x89, 0xB4, 0x9F, 0x3E, 0x9A, 0x63, 0x6D, 0xD7, 0x73, 0xC3, 0x07, 0x7A, 0x18, 0xFC, 0xF1,
    0xAA, 0x76, 0x4F, 0x08, 0x9F, 0x3F, 0xB5, 0x06, 0xD0, 0x10, 0xDD, 0x23, 0xEC, 0x48, 0x8D, 0xD9,
    0xCF, 0x67, 0xF2, 0x7B, 0x33, 0x76, 0x6D, 0x6F, 0x3B, 0x36, 0xEA, 0x6F, 0x24, 0xA3, 0x44, 0x2F,
    0x33, 0x12, 0xCB, 0x98, 0xBD, 0x0E, 0x5D, 0x3A, 0xCB, 0xF3, 0xAC, 0xF8, 0x5D, 0x41, 0x8D, 0x6B,
    0xE9, 0x1F, 0x74, 0x32, 0x98, 0x62, 0x9D, 0x70, 0x0B, 0x99, 0x64, 0xD3, 0x68, 0x14, 0x61, 0xF6,
    0x9C, 0x8C, 0x82, 0xCE, 0x6C, 0x40, 0xB7, 0x2E, 0x9B, 0xEA, 0xFD, 0x19, 0x5A, 0x77, 0x48, 0xD9,
    0x0B, 0xF2, 0x1E, 0x39, 0xE2, 0x05, 0x70, 0x78, 0xDD, 0x7C, 0xC0, 0x2F, 0x72, 0x3D, 0xBE, 0x6A,
    0x0E, 0x2D, 0x9D, 0x6B, 0x09, 0xDB, 0x04, 0xB2, 0x3E, 0x71, 0xEC, 0x68, 0x6E, 0xD1, 0x07, 0x26,
    0xD9, 0x8F, 0x64, 0x86, 0xB6, 0x46, 0xC3, 0x9F, 0x6C, 0x0D, 0xE3, 0x13, 0x1C, 0x4F, 0xA3, 0xA1,
    0xDF, 0x9D, 0x91, 0x6C, 0xB1, 0x71, 0xAF, 0x40, 0xA5, 0xAA, 0xEF, 0xC2, 0xA6, 0xE5, 0x6C, 0x61,
    0x70, 0xEE, 0x09, 0x6D, 0x1D, 0x46, 0x0D, 0xEE, 0xD8, 0xF4, 0x3B, 0x3D, 0xE4, 0xBB, 0x06, 0x77,
    0x14, 0x22, 0x90, 0xFA, 0xC9, 0xD5, 0x66, 0xDB, 0x02, 0x37, 0xAC, 0xB1, 0xAA, 0xCF, 0x5D, 0x6E,
    0xED, 0x8C, 0xF3, 0x36, 0x77, 0xD1, 0x07, 0xEF, 0x1C, 0x9A, 0xFE, 0x16, 0x0E, 0xF9, 0x3E, 0x83,
    0xBB, 0x5E, 0x13, 0xD3, 0xF9, 0x85, 0x6E, 0xB7, 0x59, 0x4E, 0x03, 0xB3, 0x35, 0x81, 0x61, 0xA3,
    0x49, 0x42, 0x57, 0xD9, 0x2C, 0x85, 0xB5, 0xA3, 0x8B, 0xE9, 0xED, 0xA9, 0x3D, 0x7D, 0xD1, 0x14,
    0xFD, 0xB1, 0xAE, 0x40, 0xA8, 0xD3, 0x9D, 0x94, 0x5B, 0x87, 0xDD, 0x1E, 0xEA, 0xB0, 0xED, 0xB3,
    0xC2, 0xD6, 0xF0, 0xD2, 0x87, 0x9C, 0x62, 0xDE, 0x5F, 0xF2, 0xFD, 0xF0, 0x2A, 0x5D, 0xBE, 0x53,
    0xA2, 0x62, 0xA4, 0x98, 0xAA, 0x21, 0xF2, 0x89, 0xB3, 0x2F, 0x30, 0xEC, 0x38, 0x27, 0xED, 0x9D,
    0xD5, 0x51, 0x4B, 0x12, 0xDB, 0x34, 0xF8, 0xAC, 0xA8, 0xEF, 0x45, 0xD7, 0xA0, 0xA3, 0xD5, 0xBD,
    0xC2, 0x9E, 0xD5, 0xC8, 0x5D, 0x75, 0xBF, 0xFC, 0x19, 0x8A, 0x9B, 0x7D, 0x71, 0xEF, 0x0C, 0xE6,
    0xA6, 0x60, 0x62, 0xE8, 0x6A, 0x54, 0x81, 0x4A, 0x34, 0x3D, 0xC0, 0xC2, 0xA3, 0xC3, 0xBE, 0xD3,
    0x17, 0x66, 0x18, 0x95, 0xB2, 0x3F, 0x48, 0x8C, 0x83, 0xF6, 0xAA, 0x4E, 0xC6, 0x1B, 0x01, 0x91,
    0x02, 0x1B, 0x7F, 0x58, 0x9D, 0xD6, 0x19, 0x2F, 0xA3, 0xB0, 0x6D, 0x5F, 0xCC, 0xCB, 0x7C, 0x5D,
    0x2D, 0x81, 0x1B, 0x68, 0x0A, 0x22, 0xD7, 0x1F, 0xAC, 0x38, 0x2C, 0x87, 0x57, 0xF7, 0x9D, 0x1B,
    0x1C, 0xAD, 0xFC, 0x2B, 0x34, 0xDE, 0x8A, 0xE5, 0xDE, 0xC0, 0x05, 0x4F, 0x41, 0xD5, 0x02, 0xA6,
    0x6D, 0x4E, 0xE0, 0xC5, 0x57, 0x2B, 0xB2, 0x8E, 0xC1, 0x71, 0x5A, 0xAB, 0x43, 0x28, 0x29, 0x89,
    0x53, 0x8A, 0x51, 0x9E, 0x7D, 0xB3, 0x30, 0x81, 0x1E, 0x80, 0x46, 0x73, 0x44, 0x75, 0x9C, 0xB9,
    0xB2, 0x7C, 0x4F, 0xF9, 0x3F, 0xA8, 0x48, 0xB4, 0xF0, 0xBA, 0xBC, 0xD3, 0x52, 0x6E, 0x13, 0x7B,
    0x2F, 0x34, 0x2F, 0xB5, 0xC5, 0x44, 0x7B, 0xD3, 0x96, 0x2F, 0xD5, 0xB7, 0x6E, 0x3B, 0x2D, 0xED,
    0x75, 0x29, 0xBA, 0xEB, 0xF2, 0x9E, 0x67, 0x13, 0xE0, 0x00, 0x5E, 0x01, 0xA0, 0x27, 0x0D, 0x11,
    0x50, 0xE2, 0x80, 0x7F, 0x13, 0x41, 0x2B, 0x59, 0x46, 0x94, 0x60, 0xC7, 0xA2, 0x3F, 0xC1, 0xD6,
    0x7B, 0x38, 0x19, 0x46, 0xB3, 0xD2, 0x5B, 0x68, 0x4B, 0xF8, 0x19, 0x6A, 0xDF, 0x6E, 0x39, 0x28,
    0x7E, 0x20, 0xF0, 0xDB, 0xA5, 0x66, 0xA9, 0x83, 0xA3, 0xEE, 0x9B, 0xFF, 0x43, 0x76, 0xC5, 0xCE,
    0xE7, 0x3A, 0xF8, 0xE7, 0x43, 0x57, 0xDD, 0x95, 0xF2, 0xFF, 0x11, 0xBB, 0x0A, 0x1F, 0x36, 0x77,
    0x1F, 0xC1, 0x2E, 0xB6, 0xA6, 0xE1, 0x14, 0x19, 0x4A, 0x57, 0xF1, 0x7D, 0x9E, 0x51, 0x3B, 0x2C,
    0xD1, 0xFA, 0x53, 0xEB, 0x9C, 0xFB, 0x13, 0xF2, 0x1B, 0x4A, 0x46, 0xE8, 0xB9, 0xF0, 0xA4, 0x47,
    0xCD, 0x1D, 0x6F, 0xBA, 0xBC, 0x17, 0x5F, 0x20, 0xEF, 0xFD, 0x36, 0xAA, 0x91, 0xFA, 0xBD, 0x32,
    0x23, 0xB9, 0xAB, 0xBF, 0xCB, 0xBD, 0xFF, 0xBF, 0x91, 0x68, 0xAF, 0x73, 0xAF, 0x7D, 0x0F, 0x71,
    0xA3, 0x69, 0x4B, 0x56, 0x06, 0x34, 0xB9, 0x2F, 0x32, 0x53, 0x41, 0xC7, 0x0C, 0x32, 0x2D, 0x04,
    0xC5, 0x19, 0x8C, 0x6C, 0x85, 0x64, 0xCE, 0x1F, 0x79, 0x2C, 0x35, 0x8C, 0xA5, 0x88, 0xB1, 0x54,
    0x31, 0x96, 0x32, 0xC6, 0x5A, 0x1B, 0xF3, 0x85, 0x0C, 0x26, 0xAE, 0x60, 0x8F, 0x44, 0x14, 0x2C,
    0x0C, 0x65, 0x23, 0x1A, 0xF0, 0x24, 0x3B, 0xE1, 0x9B, 0x1C, 0x29, 0x2B, 0xAF, 0xF9, 0xEA, 0xCA,
    0x8C, 0xDB, 0xA9, 0x95, 0xAB, 0xE9, 0xD7, 0xF7, 0xAA, 0xF8, 0xF2, 0x56, 0xCA, 0xF7, 0xAA, 0x0A,
    0xCA, 0xFD, 0x06, 0x54, 0x47, 0x09, 0x41, 0x19, 0x77, 0x40, 0x61, 0xCB, 0xFB, 0xC7, 0x7E, 0x7B,
    0x68, 0xA8, 0xAA, 0x4F, 0x2B, 0x7C, 0x94, 0x7D, 0x8D, 0x4B, 0x11, 0x63, 0x39, 0x66, 0xA7, 0x0D,
    0xCE, 0xB4, 0x53, 0xCC, 0x39, 0x21, 0xB3, 0xCE, 0x6F, 0xBB, 0xDB, 0xB7, 0xB8, 0x65, 0x81, 0xF0,
    0x29, 0x88, 0xF0, 0x64, 0xE8, 0x98, 0x87, 0x99, 0x3D, 0x79, 0xDA, 0x09, 0x00, 0xFB, 0x59, 0x51,
    0xDF, 0xCF, 0xF9, 0xB2, 0xB1, 0xD7, 0xE5, 0x78, 0xA9, 0xC6, 0x27, 0xB3, 0x5F, 0x00, 0x97, 0xB1,
    0xF3, 0xC8, 0xE4, 0x9E, 0xB5, 0x15, 0x7C, 0x59, 0x8C, 0xDE, 0x12, 0xFB, 0xEA, 0xD2, 0xB2, 0xE8,
    0xBC, 0x7D, 0x66, 0x87, 0x5F, 0xEF, 0x99, 0x41, 0x5D, 0xB4, 0xAD, 0xE7, 0x09, 0x60, 0x85, 0x7F,
    0x68, 0x06, 0xDF, 0x6A, 0xD7, 0x3E, 0xFD, 0xA1, 0xD5, 0xC5, 0xEA, 0xE1, 0x16, 0xF0, 0xAF, 0x8B,
    0x17, 0x3F, 0x50, 0xC3, 0x5C, 0x04, 0xB5, 0xD6, 0x9C, 0xD0, 0x1D, 0x06, 0xB6, 0x48, 0x74, 0x03,
    0xA6, 0x5C, 0x94, 0x9C, 0xF5, 0xC9, 0x39, 0x17, 0x17, 0x79, 0x2A, 0x9D, 0xD2, 0x33, 0xCE, 0x9C,
    0x90, 0x04, 0x5D, 0x08, 0x7C, 0x41, 0x26, 0xA4, 0x98, 0x9A, 0x19, 0x41, 0x11, 0x40, 0x9A, 0x9E,
    0x8B, 0x32, 0x2D, 0xD2, 0x09, 0x9E, 0x1B, 0x05, 0x99, 0x9E, 0xAE, 0x93, 0xE5, 0xC2, 0x26, 0x02,
    0x5C, 0x25, 0x10, 0x62, 0xF7, 0xA2, 0x1B, 0x8B, 0xFD, 0xD7, 0xD1, 0xB0, 0x9A, 0x3B, 0x14, 0xD5,
    0x4B, 0x96, 0x4D, 0x85, 0xA1, 0x5F, 0x6C, 0xFD, 0xDB, 0x1A, 0xBB, 0x19, 0x9C, 0xB6, 0x6A, 0x96,
    0x95, 0x6F, 0x77, 0x53, 0x24, 0xFA, 0xA6, 0xC1, 0xD7, 0x11, 0x4D, 0x22, 0xD8, 0xF5, 0x13, 0xBC,
    0xAD, 0x1D, 0x18, 0xB4, 0x5B, 0xCD, 0x8E, 0x64, 0x03, 0x91, 0x06, 0xE9, 0xFA, 0x2A, 0x1A, 0x36,
    0x0E, 0x71, 0xF2, 0xC8, 0x61, 0xB3, 0x44, 0xD6, 0x7A, 0x80, 0x88, 0xFA, 0x39, 0xDB, 0xF8, 0xDD,
    0x45, 0x14, 0x58, 0x11, 0x0A, 0x31, 0x19, 0x76, 0xAF, 0xB1, 0x17, 0xED, 0xEC, 0xC1, 0xC0, 0x73,
    0x37, 0xFE, 0x5C, 0xA3, 0x47, 0x4D, 0x15, 0x96, 0x97, 0x5C, 0x34, 0x68, 0x2E, 0x7C, 0xEC, 0x1C,
    0x78, 0x7D, 0xAA, 0x0E, 0x68, 0xD1, 0xAF, 0x2A, 0x09, 0xFE, 0x5A, 0x49, 0xAA, 0x1E, 0x53, 0xCF,
    0x68, 0x03, 0x93, 0xB5, 0xED, 0x79, 0x38, 0x05, 0xC2, 0x67, 0x80, 0xC6, 0x5E, 0x5A, 0x8A, 0x34,
    0xDB, 0xD1, 0x07, 0x15, 0xEF, 0xB1, 0x7B, 0xDC, 0x2B, 0xC6, 0xFF, 0x38, 0x49, 0xCD, 0x99, 0x9A,
    0x76, 0x42, 0xD8, 0x17, 0x58, 0xC7, 0xE8, 0x68, 0x18, 0x79, 0x02, 0x4E, 0xE6, 0x16, 0x9A, 0xA2,
    0x16, 0xDD, 0x92, 0x34, 0x45, 0x2E, 0xD8, 0x08, 0x7A, 0x63, 0x17, 0xD5, 0x94, 0x44, 0x54, 0x33,
    0xD4, 0x8C, 0x2F, 0x72, 0x4A, 0x4E, 0xF3, 0x4D, 0x97, 0x3B, 0xCF, 0xB0, 0xA0, 0xA8, 0x41, 0x5E,
    0xE5, 0xEE, 0x31, 0x7A, 0xFF, 0x8A, 0xFA, 0xC9, 0xE3, 0x6A, 0xF8, 0x4F, 0xA4, 0x7E, 0xA2, 0xFC,
    0x5F, 0x50, 0x81, 0x7C, 0xD6, 0x4B, 0x42, 0x1B, 0xC4, 0xB5, 0x10, 0xAA, 0x2F, 0xA3, 0xE4, 0x8C,
    0x28, 0x8A, 0xE5, 0x78, 0x3F, 0xE3, 0xA9, 0x17, 0x5F, 0xFF, 0xF2, 0x69, 0x2D, 0x5F, 0xB3, 0xF8,
    0x73, 0x1E, 0xEF, 0x9F, 0xC0, 0x2B, 0x84, 0xF3, 0xE3, 0xDC, 0x9E, 0xE3, 0x7E, 0xE8, 0x78, 0xEC,
    0xCF, 0x29, 0x3C, 0x1D, 0x7F, 0x48, 0x09, 0x9E, 0xF6, 0x2F, 0x8F, 0xFC, 0x3B, 0x65, 0xCA, 0x0D,
    0xD9, 0x7E, 0x09, 0x93, 0xB7, 0x32, 0xD7, 0x1F, 0xB5, 0x3B, 0x2F, 0xB5, 0x6A, 0xFC, 0xB6, 0x8D,
    0x03, 0xEE, 0x0B, 0x07, 0x1E, 0xA6, 0x25, 0x61, 0x0B, 0x5B, 0xAA, 0xF1, 0x7F, 0xEA, 0xDE, 0x41,
    0x2B, 0xBD, 0x50, 0x0B, 0x63, 0x8E, 0x93, 0x6D, 0x47, 0xC0, 0x61, 0x2A, 0xFA, 0x25, 0x63, 0xE4,
    0x1B, 0x98, 0xAA, 0x83, 0x6C, 0xD6, 0xA5, 0xA8, 0x73, 0x7D, 0x63, 0xAD, 0x18, 0x98, 0xDF, 0x4A,
    0xDC, 0xA7, 0xF9, 0xE1, 0x46, 0x93, 0xC3, 0x4D, 0xF0, 0xA1, 0x85, 0xBE, 0x07, 0x1C, 0x35, 0xFB,
    0xD7, 0x53, 0xBE, 0x0F, 0x7B, 0xEB, 0xEE, 0xE0, 0x0A, 0x37, 0x32, 0xBF, 0x45, 0x33, 0xB6, 0x3C,
    0x82, 0x1C, 0xAE, 0xB3, 0x85, 0xCF, 0x0F, 0x6E, 0x9D, 0x58, 0x1A, 0x28, 0xD8, 0x12, 0xBE, 0x94,
    0x4F, 0x64, 0x7C, 0x0F, 0x07, 0x74, 0x15, 0x8F, 0xE9, 0x7C, 0x26, 0x5E, 0x1E, 0x68, 0x36, 0xDF,
    0x37, 0xEB, 0xA9, 0x29, 0xDE, 0x5E, 0x6A, 0x99, 0xEE, 0xD0, 0x6A, 0x76, 0xF4, 0xC6, 0xBC, 0xD9,
    0x21, 0x2D, 0xC0, 0x16, 0x0A, 0x39, 0xAB, 0xA9, 0xF9, 0x2D, 0xBC, 0x1D, 0x2A, 0x97, 0x7C, 0x69,
    0x02, 0x95, 0x85, 0xBE, 0x42, 0x77, 0x44, 0xF4, 0xFA, 0xD2, 0x36, 0x1B, 0x2E, 0xFC, 0x34, 0xEC,
    0xA6, 0xC8, 0x7E, 0x5A, 0x5E, 0x8D, 0x70, 0x6C, 0x08, 0x42, 0x48, 0x72, 0x03, 0x7B, 0x78, 0xFF,
    0xF9, 0x5E, 0x77, 0xD4, 0x18, 0xDF, 0xEA, 0x77, 0x20, 0x47, 0x03, 0x4F, 0x27, 0xC5, 0x22, 0xA0,
    0x5C, 0xEB, 0xD1, 0x93, 0xD0, 0x17, 0x4D, 0x32, 0xDE, 0xC2, 0xD1, 0xC7, 0x66, 0x4A, 0x07, 0x34,
    0xA2, 0xE6, 0x3D, 0xDE, 0xE3, 0x72, 0xFB, 0x56, 0xCB, 0x4C, 0xF8, 0xF9, 0xFE, 0xD9, 0x6D, 0x0E,
    0xB4, 0x8C, 0x87, 0x28, 0x9F, 0xC7, 0x61, 0xA2, 0x3E, 0xCF, 0x77, 0xD7, 0x08, 0x2C, 0xAB, 0x85,
    0xF9, 0xB3, 0xE6, 0xF7, 0x8F, 0x5B, 0xE1, 0xF2, 0x02, 0xFB, 0x66, 0x37, 0xB4, 0xB8, 0x70, 0xE0,
    0x88, 0xED, 0xFA, 0xF6, 0x58, 0xF1, 0xBF, 0x01, 0xE5, 0x5A, 0xBF, 0x8F, 0xE5, 0xD4, 0x15, 0xBE,
    0xB6, 0x77, 0xB1, 0x82, 0x0B, 0x4F, 0x41, 0x90, 0x02, 0x52, 0x9C, 0x26, 0x0D, 0x0A, 0xEB, 0x36,
    0xC5, 0xEE, 0xD8, 0xB0, 0x52, 0x52, 0xD0, 0x8C, 0xA2, 0x1D, 0xA5, 0xA0, 0xA0, 0x49, 0x91, 0x44,
    0x91, 0xA6, 0x49, 0x41, 0x31, 0xBB, 0xF6, 0x92, 0x22, 0x25, 0xDB, 0xA5, 0x84, 0x82, 0x02, 0x76,
    0xA5, 0x90, 0x82, 0x62, 0xA5, 0xCC, 0xAE, 0x0D, 0xFC, 0x03, 0x4E, 0x9A, 0x48, 0x34, 0x98, 0x88,
    0x10, 0x05, 0x0A, 0x2C, 0xE1, 0x45, 0x1E, 0xD6, 0xF6, 0xCD, 0xF9, 0xBE, 0x73, 0xFD, 0xDE, 0x9B,
    0xD9, 0x59, 0x60, 0xB5, 0xFC, 0xC8, 0x92, 0x11, 0x9C, 0xEB, 0x7D, 0xCF, 0xCF, 0x3E, 0xBF, 0xCF,
    0x77, 0xCE, 0xBD, 0xC6, 0xE8, 0x9F, 0x57, 0x4D, 0x42, 0x23, 0x6B, 0x73, 0x63, 0x8A, 0xDA, 0xD6,
    0xC6, 0x58, 0x63, 0xEB, 0x2C, 0x98, 0x84, 0xDE, 0x8C, 0x46, 0x63, 0xCB, 0x29, 0x1E, 0x7C, 0xF9,
    0x2C, 0xED, 0xA3, 0xC9, 0x14, 0xF6, 0xB0, 0xEA, 0x71, 0x37, 0x6F, 0x3F, 0xDC, 0x91, 0x9F, 0x16,
    0x1D, 0x1E, 0x93, 0x2D, 0xF4, 0x94, 0x31, 0xE9, 0x60, 0x7E, 0x6A, 0x4C, 0x3C, 0xFF, 0xAC, 0x37,
    0x26, 0xB4, 0xB6, 0x95, 0x2F, 0x2A, 0xDC, 0x8F, 0x2F, 0xE4, 0x2F, 0x6E, 0x49, 0x6B, 0xD2, 0x92,
    0x34, 0x27, 0x35, 0x2B, 0x9A, 0x5A, 0x5B, 0x9A, 0x0C, 0x2F, 0xF1, 0xF1, 0x73, 0x0F, 0x6C, 0xF9,
    0xF2, 0x91, 0x10, 0xB9, 0x35, 0xB0, 0xC6, 0x91, 0x10, 0x24, 0x9A, 0xF1, 0x33, 0x48, 0x11, 0x8F,
    0x0B, 0x49, 0xC6, 0xE5, 0x75, 0x59, 0xBF, 0x70, 0x47, 0x46, 0x2B, 0xBC, 0x9C, 0x2C, 0xD9, 0x06,
    0x8F, 0x13, 0x52, 0x58, 0x0B, 0x06, 0xAD, 0xD3, 0x47, 0x6E, 0x72, 0xBD, 0x8A, 0xEB, 0xA0, 0xD6,
    0xAB, 0xA4, 0x89, 0xDD, 0x67, 0xC9, 0xE1, 0x4D, 0xA7, 0xB7, 0xC8, 0xF6, 0x8B, 0x06, 0x6F, 0xBA,
    0x2F, 0xEF, 0xFC, 0x4B, 0x6D, 0x57, 0xD8, 0x39, 0xB6, 0x83, 0x08, 0xD3, 0x55, 0xB8, 0xEA, 0x21,
    0x42, 0x68, 0x6B, 0x0A, 0x52, 0x41, 0x0A, 0x1F, 0xAC, 0x66, 0x10, 0x25, 0xEC, 0xA8, 0x11, 0xB9,
    0x4A, 0xF0, 0xE2, 0xA8, 0x16, 0xC9, 0x0A, 0x3C, 0x26, 0xE8, 0xE2, 0xC9, 0xA3, 0xEE, 0xBC, 0x3E,
    0x1E, 0x43, 0xEA, 0xCF, 0x1B, 0x93, 0x91, 0xB7, 0x99, 0x60, 0xAE, 0xE6, 0x4A, 0xB5, 0x29, 0x76,
    0x81, 0x44, 0xF2, 0x62, 0xF9, 0x8C, 0x52, 0x9A, 0xA2, 0xCF, 0xBA, 0x8A, 0xC6, 0xB1, 0x6D, 0xD1,
    0x51, 0x1B, 0x81, 0xAD, 0xAB, 0x36, 0x1B, 0x28, 0x84, 0xA8, 0x41, 0x75, 0x05, 0x7B, 0x53, 0x89,
    0xC5, 0x20, 0xEA, 0x8E, 0x2D, 0x7F, 0x20, 0x57, 0x50, 0x71, 0x00, 0x7E, 0xCB, 0x40, 0x0C, 0x20,
    0x9F, 0x87, 0xB6, 0x84, 0xDA, 0xC4, 0x6D, 0xAC, 0x15, 0xF7, 0x18, 0x79, 0x9B, 0x2C, 0xE9, 0x48,
    0x91, 0xB7, 0xCC, 0x8F, 0xB8, 0xFA, 0xBD, 0x79, 0x83, 0x17, 0xC1, 0xE0, 0xB7, 0x7A, 0x31, 0x3F,
    0xA7, 0xFA, 0xF4, 0xEC, 0xEC, 0xF4, 0xB3, 0xD7, 0xDE, 0x45, 0x6F, 0x83, 0x49, 0x3B, 0x53, 0xF5,
    0xF2, 0x60, 0xB1, 0x5D, 0x68, 0xA7, 0xE0, 0x03, 0x5B, 0x66, 0x5D, 0xD2, 0xCC, 0x41, 0x2E, 0xCE,
    0xD9, 0x66, 0xF5, 0xE4, 0x99, 0xA2, 0x29, 0x9A, 0x2A, 0xBF, 0x2E, 0x1C, 0x37, 0x55, 0x4D, 0xEB,
    0x15, 0x8D, 0x7D, 0x53, 0x2F, 0xDE, 0xB3, 0x6F, 0xF3, 0x1D, 0x62, 0x5B, 0x3B, 0x1D, 0xB9, 0xA8,
    0xDE, 0xB2, 0x21, 0x2F, 0xEC, 0x79, 0x1B, 0x92, 0x65, 0x1B, 0xCC, 0xF8, 0xE4, 0x8C, 0x27, 0x0B,
    0x2E, 0x0A, 0x7F, 0x8C, 0xC6, 0x60, 0xF6, 0xEA, 0x2A, 0x14, 0x6D, 0x07, 0xF6, 0x99, 0xBA, 0xF8,
    0xB8, 0x11, 0xAF, 0x12, 0x77, 0x4C, 0x67, 0x13, 0x8B, 0x2D, 0x27, 0xE3, 0xED, 0x38, 0x5F, 0xA1,
    0xAB, 0x86, 0x03, 0x9D, 0x35, 0x9B, 0xE9, 0xAE, 0x22, 0x9D, 0xE8, 0xCD, 0xEF, 0xCF, 0xC2, 0x65,
    0xC3, 0x7A, 0x4B, 0xD4, 0x97, 0xC7, 0xEA, 0xB6, 0x67, 0xD4, 0x71, 0xF7, 0xD5, 0x75, 0x7B, 0x3A,
    0x6F, 0xD0, 0xD2, 0x7D, 0x93, 0x52, 0x0D, 0x78, 0x05, 0x5E, 0x66, 0xA9, 0xA1, 0x64, 0x0C, 0xE1,
    0xF3, 0xA2, 0x0C, 0x78, 0xAD, 0x98, 0x0E, 0x6E, 0x2C, 0xFF, 0xC3, 0xAF, 0xC5, 0x99, 0xA1, 0x70,
    0xF9, 0x02, 0x8B, 0x75, 0x4B, 0x83, 0x05, 0xD6, 0xC9, 0x46, 0xBA, 0xB5, 0x18, 0x19, 0x8E, 0x5D,
    0xA8, 0xAB, 0xAA, 0x1B, 0xD0, 0xFB, 0xF7, 0xE5, 0xAE, 0x5A, 0x7C, 0x08, 0xBC, 0x19, 0x7F, 0x62,
    0xF8, 0x88, 0x4B, 0xF2, 0x46, 0xD1, 0x54, 0x4D, 0xDF, 0x3D, 0xE4, 0xED, 0xBB, 0x6B, 0xB3, 0x24,
    0xB6, 0x91, 0x4C, 0x20, 0x34, 0xB2, 0xB9, 0x88, 0x98, 0x92, 0xDE, 0x88, 0x45, 0xDC, 0xCB, 0xDD,
    0xF7, 0xE4, 0xF7, 0xE7, 0x1B, 0x88, 0xA7, 0xB2, 0x5E, 0xA2, 0x8C, 0xF6, 0x7D, 0x38, 0xD9, 0xEB,
    0x22, 0x4D, 0x34, 0x79, 0xF0, 0x9F, 0xD1, 0x88, 0xAB, 0x0A, 0x2D, 0x5A, 0x93, 0x0C, 0x14, 0x86,
    0x62, 0xC9, 0x7F, 0x85, 0xD2, 0x16, 0x94, 0x51, 0x6A, 0xD4, 0x95, 0x85, 0x19, 0x1F, 0xEE, 0x87,
    0x78, 0xB4, 0x88, 0x45, 0x49, 0x43, 0x26, 0xA1, 0x27, 0x47, 0xE4, 0xD4, 0xAB, 0x06, 0xB3, 0xF2,
    0xFE, 0xDC, 0xAD, 0xF8, 0x60, 0xDF, 0xD3, 0x27, 0xEC, 0x33, 0x75, 0x18, 0x73, 0x3D, 0x60, 0x16,
    0x32, 0x7D, 0xA0, 0xB1, 0xDE, 0x31, 0x7D, 0x18, 0xBF, 0x65, 0x06, 0x31, 0x01, 0x9F, 0x2C, 0xAB,
    0xC6, 0x81, 0x89, 0x4A, 0xA6, 0x12, 0xC9, 0x4E, 0x8C, 0x10, 0x93, 0xB8, 0xFC, 0x75, 0x46, 0x73,
    0x8A, 0x39, 0xEB, 0x92, 0xDE, 0xBE, 0x5B, 0x7B, 0xCD, 0x30, 0x9E, 0x63, 0x3F, 0x68, 0x28, 0xC0,
    0xA9, 0xA8, 0x86, 0x08, 0xE6, 0x6C, 0x9A, 0x33, 0x8D, 0x55, 0x33, 0xC2, 0x49, 0x0C, 0x38, 0xC2,
    0x34, 0xB5, 0xC9, 0xDA, 0x45, 0xE1, 0xAB, 0x74, 0x28, 0xBA, 0x77, 0x0A, 0xDF, 0x76, 0xEB, 0xE8,
    0x32, 0x8D, 0x0A, 0x2A, 0xF9, 0xC0, 0xE5, 0xA0, 0x6E, 0x6D, 0x1B, 0x0F, 0x29, 0x13, 0x1A, 0x97,
    0x47, 0xC5, 0x97, 0xE9, 0x37, 0xCC, 0x31, 0x67, 0x29, 0xEC, 0xF3, 0xA4, 0x7D, 0x38, 0x53, 0xEC,
    0x99, 0x42, 0x4F, 0x14, 0x55, 0x1E, 0x1D, 0x92, 0x46, 0xA5, 0x18, 0x44, 0xD2, 0xAF, 0x18, 0x64,
    0xEB, 0x0C, 0xE8, 0x1B, 0x17, 0x21, 0x28, 0x22, 0x7B, 0xFA, 0x8B, 0xED, 0xC4, 0xEC, 0x5D, 0x51,
    0x8B, 0xCA, 0x69, 0x9A, 0x67, 0x37, 0xB2, 0xB7, 0x32, 0x9B, 0x91, 0x4E, 0x9A, 0x9A, 0xC8, 0x64,
    0xCF, 0xE0, 0x78, 0xC1, 0x4A, 0xCE, 0x93, 0xE8, 0x38, 0x6F, 0x99, 0xFB, 0xC4, 0x51, 0x67, 0x4D,
    0xE8, 0x50, 0x2A, 0x0C, 0x03, 0xA5, 0xC2, 0x30, 0x50, 0x2A, 0xB8, 0x84, 0x32, 0x97, 0x15, 0x06,
    0x82, 0x52, 0x61, 0x20, 0x28, 0x35, 0x9E, 0x77, 0x77, 0xA1, 0x54, 0x9A, 0x58, 0x58, 0x48, 0xE6,
    0xAB, 0xD7, 0xB8, 0x8E, 0xF4, 0x67, 0x3C, 0x8B, 0xB6, 0x96, 0x67, 0xD1, 0xD6, 0xF2, 0x0C, 0x0A,
    0x2E, 0xCF, 0xA0, 0xAD, 0xE5, 0x19, 0xB4, 0xB5, 0xB0, 0x11, 0xCF, 0xEA, 0x61, 0xEA, 0xF9, 0x0D,
    0xCB, 0x06, 0x42, 0x06, 0x6C, 0x21, 0x66, 0x52, 0xA7, 0xEB, 0xCC, 0xA5, 0x79, 0xDA, 0x56, 0x44,
    0xAD, 0xE0, 0x52, 0x05, 0xDD, 0x52, 0xFE, 0x91, 0xAB, 0x4B, 0x15, 0xCE, 0x65, 0xB2, 0x59, 0xAB,
    0x42, 0x68, 0x67, 0xAD, 0x09, 0xA7, 0x73, 0x2D, 0x03, 0x70, 0xDD, 0x4C, 0x28, 0x8C, 0x5F, 0x86,
    0xC8, 0x13, 0xB9, 0xE8, 0x5F, 0x3E, 0x8C, 0x47, 0x47, 0xE5, 0x43, 0xD1, 0xBF, 0x70, 0x97, 0x6A,
    0x7D, 0xED, 0x29, 0x64, 0x87, 0xAF, 0x44, 0x0A, 0xF9, 0x4A, 0x22, 0x43, 0xBE, 0x92, 0xD7, 0xCB,
    0x3F, 0xE1, 0x37, 0x1B, 0xB4, 0x68, 0x11, 0x5B, 0x55, 0x43, 0x83, 0xAB, 0xC4, 0xA4, 0x1E, 0x5E,
    0x22, 0x56, 0x82, 0x6C, 0x49, 0x2D, 0xBF, 0x96, 0xE8, 0xA1, 0x1A, 0x19, 0x27, 0x1E, 0x82, 0xF3,
    0x1B, 0xB6, 0x51, 0x79, 0x6F, 0x36, 0x9A, 0x8E, 0xDA, 0x28, 0x9D, 0x68, 0xA3, 0x10, 0xA9, 0x5C,
    0x6C, 0x14, 0xA3, 0xEC, 0xE8, 0xDF, 0x81, 0x0B, 0x82, 0xFE, 0x58, 0x80, 0x34, 0x4B, 0x29, 0x77,
    0xC6, 0x74, 0xF1, 0x55, 0x7C, 0x0D, 0x36, 0x71, 0x96, 0x51, 0xFA, 0x69, 0x2D, 0x5F, 0x55, 0x52,
    0x67, 0x85, 0x69, 0x26, 0x1F, 0x6F, 0x6F, 0x23, 0xA0, 0x0F, 0xD6, 0xC1, 0x1C, 0xF4, 0xEB, 0x40,
    0x8E, 0xE5, 0xB7, 0xC0, 0x08, 0xB6, 0x71, 0x4B, 0x80, 0x3A, 0x3B, 0x80, 0x3D, 0xE4, 0x6E, 0x68,
    0x4B, 0x9E, 0x07, 0x65, 0xC9, 0xE7, 0xD0, 0x95, 0xA8, 0x35, 0x62, 0xB1, 0x81, 0x86, 0x98, 0x22,
    0x27, 0xDE, 0xC5, 0x05, 0x96, 0xE0, 0x5D, 0xB1, 0xBD, 0x5C, 0x59, 0xA6, 0x06, 0x4B, 0xB3, 0xDA,
    0x97, 0xA0, 0xD6, 0xD3, 0x3B, 0x9A, 0xDD, 0x14, 0x2A, 0xAD, 0x16, 0xE7, 0xF6, 0xCE, 0xEB, 0x35,
    0xB1, 0xB9, 0xC2, 0x41, 0x50, 0x66, 0xE0, 0x27, 0x5C, 0xDA, 0x45, 0x93, 0xF8, 0xBB, 0x71, 0x24,
    0x4F, 0x39, 0x2B, 0xE8, 0x8F, 0xBD, 0xF6, 0x68, 0x08, 0xD8, 0xBB, 0xAB, 0xDB, 0x42, 0xA7, 0xAA,
    0x74, 0xB9, 0xAE, 0xE0, 0x20, 0x50, 0x77, 0x60, 0x67, 0x38, 0x58, 0x75, 0xA5, 0xE0, 0xA3, 0xB4,
    0x38, 0x54, 0x4B, 0x71, 0x70, 0x28, 0x4E, 0x1C, 0x63, 0x22, 0xD0, 0xA4, 0xCF, 0x94, 0x2B, 0x6E,
    0xD4, 0x25, 0x7C, 0xF2, 0xC2, 0x52, 0x8B, 0xC4, 0xCC, 0x2C, 0xAF, 0x6C, 0x31, 0x4B, 0x89, 0x3D,
    0x05, 0xA3, 0x09, 0x81, 0x8F, 0x8E, 0x0A, 0x57, 0x3D, 0xB9, 0xF0, 0xF0, 0x34, 0xFF, 0xB6, 0x30,
    0xF8, 0xB1, 0x7C, 0x1A, 0x7C, 0x34, 0x99, 0xF0, 0x5D, 0x5C, 0xFC, 0x5B, 0x2A, 0xE6, 0x4B, 0x88,
    0x89, 0x7F, 0x08, 0xB3, 0x88, 0xAB, 0x50, 0xE0, 0xC6, 0x36, 0xB4, 0x15, 0xBD, 0x6D, 0xCD, 0x01,
    0x2E, 0xE2, 0x3F, 0x48, 0x81, 0x07, 0xDB, 0xF1, 0x79, 0xEB, 0x77, 0xE0, 0x3C, 0xF1, 0x6D, 0xD0,
    0x80, 0x6D, 0xB9, 0x78, 0x86, 0x48, 0x3B, 0xF5, 0xEC, 0x8B, 0x39, 0x2E, 0xB6, 0x3D, 0xFB, 0x67,
    0x56, 0x87, 0x73, 0x92, 0x6F, 0x19, 0x1D, 0xFB, 0xC6, 0x0E, 0x0C, 0x8F, 0x03, 0x63, 0x3B, 0xC6,
    0x07, 0x50, 0xC0, 0x72, 0x51, 0x33, 0x85, 0x8B, 0xFF, 0x95, 0x00, 0x6A, 0x85, 0x2D, 0x0B, 0x68,
    0x4A, 0xD8, 0x2E, 0xCF, 0x05, 0x76, 0x85, 0xAE, 0xCC, 0x45, 0x73, 0xB4, 0x7E, 0x00, 0x94, 0x1D,
    0x0D, 0x90, 0x55, 0x84, 0x28, 0xE4, 0x5C, 0x62, 0x24, 0xB0, 0x0A, 0x2A, 0x42, 0x0B, 0xDB, 0x00,
    0x7C, 0xC0, 0x3A, 0x72, 0xAB, 0x40, 0x9F, 0x98, 0xD5, 0x6B, 0x32, 0xDB, 0x58, 0xFF, 0x3A, 0x9B,
    0x1B, 0x60, 0xF7, 0x93, 0xD9, 0xDC, 0x92, 0xD5, 0xFB, 0xC4, 0x06, 0xFF, 0x04, 0xA2, 0xF8, 0xBB,
    0x85, 0x22, 0x4C, 0xF0, 0x96, 0x8D, 0xC1, 0x73, 0x78, 0xD9, 0x5E, 0x02, 0xCB, 0x71, 0x6E, 0x47,
    0x96, 0x6F, 0x11, 0x4A, 0x9C, 0x74, 0x4B, 0xC4, 0x05, 0xB2, 0x7A, 0xE3, 0xC0, 0x54, 0x48, 0x52,
    0x62, 0x8C, 0x4A, 0xBC, 0xF6, 0xD7, 0xF2, 0xC6, 0x8B, 0x12, 0x70, 0x63, 0x51, 0x9A, 0xE7, 0xC5,
    0x20, 0x8E, 0xE9, 0x47, 0x1D, 0xCF, 0xC1, 0xB1, 0xA0, 0x4E, 0x5C, 0x50, 0x67, 0x4E, 0x00, 0x87,
    0xD0, 0x51, 0x85, 0xBE, 0xB5, 0x3E, 0xC2, 0xCB, 0x3D, 0xD7, 0x42, 0x80, 0xB9, 0xB4, 0xD6, 0xAE,
    0xE6, 0xD6, 0x0D, 0xC5, 0x29, 0x14, 0xC4, 0x9F, 0x4F, 0x6A, 0x1B, 0x3C, 0x85, 0x28, 0x0E, 0xA9,
    0x44, 0xEA, 0xC8, 0xB1, 0x2E, 0xDB, 0x0A, 0x13, 0xF6, 0x75, 0x19, 0xD4, 0xF7, 0x3B, 0x06, 0x82,
    0x3A, 0x96, 0xB4, 0x0C, 0x0C, 0x91, 0x24, 0xE7, 0x92, 0x29, 0xAB, 0x0E, 0x9F, 0x10, 0x6D, 0x09,
    0xA7, 0x48, 0x63, 0x0C, 0xAC, 0x9E, 0x2A, 0x84, 0x70, 0x49, 0xCE, 0x25, 0x53, 0x79, 0x6F, 0xE8,
    0x32, 0x52, 0x05, 0x01, 0x4A, 0x87, 0xB4, 0x21, 0xB6, 0x91, 0xFC, 0xD1, 0x48, 0x46, 0x8B, 0xD0,
    0x61, 0x10, 0xE4, 0x2B, 0xC2, 0x57, 0x78, 0xAF, 0xD8, 0xDE, 0x01, 0xFB, 0x3B, 0x51, 0xBD, 0xD8,
    0x70, 0x9F, 0xB0, 0x16, 0xB1, 0xD5, 0x64, 0xA8, 0x00, 0xB9, 0x84, 0x8D, 0xB8, 0x44, 0x76, 0x34,
    0x9B, 0x6E, 0xE6, 0x51, 0xF9, 0xA7, 0x88, 0x58, 0xA1, 0x09, 0x91, 0x0F, 0x99, 0x04, 0x85, 0x09,
    0xE4, 0xC0, 0x58, 0x68, 0xD1, 0x3E, 0x89, 0x82, 0x74, 0x78, 0xCB, 0xBE, 0x23, 0x0F, 0xFE, 0x9B,
    0xBC, 0x59, 0x40, 0xA9, 0xA4, 0x0C, 0xB3, 0x63, 0x4E, 0x6B, 0xE9, 0x35, 0x8F, 0xA8, 0x3B, 0x57,
    0xCC, 0x53, 0xB5, 0x2B, 0xD4, 0x34, 0x4F, 0x96, 0xDF, 0xBC, 0x5B, 0xCB, 0xF6, 0x80, 0x58, 0xC0,
    0xCB, 0x4F, 0xB3, 0x62, 0xA4, 0xA8, 0xAC, 0xD2, 0x0F, 0x89, 0x77, 0x91, 0xC6, 0x75, 0x5A, 0x9E,
    0x24, 0xD5, 0xB7, 0x61, 0x01, 0x00, 0x5B, 0xF5, 0x88, 0xD5, 0x45, 0x5A, 0xB5, 0x0F, 0x11, 0x29,
    0x9D, 0x95, 0xC7, 0x33, 0x1A, 0x7A, 0xB9, 0xD8, 0x27, 0x0A, 0x97, 0x97, 0xA0, 0x30, 0x86, 0x6F,
    0xCA, 0xC5, 0x05, 0x08, 0xF7, 0xB4, 0x2A, 0xDD, 0x6C, 0x3B, 0x5B, 0x98, 0x03, 0x07, 0xDC, 0x3D,
    0x41, 0xEE, 0xBB, 0x17, 0x14, 0xB2, 0x6B, 0x5B, 0x17, 0x97, 0x91, 0xBD, 0xFA, 0x2A, 0x11, 0x9A,
    0x22, 0x31, 0x53, 0x5C, 0x7D, 0x7D, 0x5C, 0x98, 0x50, 0x3C, 0x7A, 0x6B, 0x77, 0x8F, 0xC5, 0x4D,
    0x00, 0xB9, 0x96, 0xB7, 0x84, 0x80, 0x46, 0xD2, 0xC9, 0x36, 0x23, 0x5B, 0x3E, 0x1F, 0x19, 0xDD,
    0x12, 0xB5, 0x9A, 0xFE, 0x8A, 0x32, 0x43, 0x97, 0x83, 0xB6, 0xA2, 0x90, 0xB6, 0x73, 0xE9, 0x2B,
    0x0C, 0x86, 0x1C, 0xD0, 0x68, 0x08, 0x0B, 0x8A, 0x4E, 0x0B, 0x08, 0x57, 0x35, 0xA9, 0x45, 0x3B,
    0x2F, 0xCD, 0x9E, 0xA4, 0x70, 0x2D, 0x63, 0xBE, 0x55, 0xDD, 0x06, 0x56, 0xBB, 0x1D, 0xC9, 0x7D,
    0xD4, 0xAF, 0x36, 0x3D, 0xF6, 0x03, 0xA7, 0x63, 0x88, 0x00, 0x2D, 0xFF, 0x0B, 0x33, 0x81, 0x26,
    0x50, 0x68, 0x29, 0x9A, 0xD6, 0x15, 0x09, 0x77, 0x4B, 0xEE, 0xFB, 0x89, 0xE4, 0x1C, 0xE9, 0x91,
    0x0E, 0xFB, 0xEC, 0xF0, 0x71, 0xE9, 0x9E, 0x6C, 0x9B, 0x00, 0x5F, 0x89, 0xCE, 0x7D, 0xAA, 0x60,
    0x67, 0x41, 0x9B, 0x3B, 0x18, 0x60, 0x04, 0x2D, 0xEA, 0x6E, 0xD4, 0x85, 0x35, 0x5A, 0xAF, 0x3D,
    0xE3, 0x72, 0x3A, 0xAA, 0xE8, 0x1D, 0x33, 0x0A, 0xCB, 0xFA, 0x67, 0x59, 0xFC, 0x9A, 0x70, 0x64,
    0x9A, 0x54, 0x90, 0x36, 0x30, 0x0C, 0x14, 0xA8, 0xED, 0x38, 0x60, 0xA9, 0x4D, 0x93, 0xB6, 0x4C,
    0x82, 0xF5, 0x2E, 0x10, 0xE9, 0xD1, 0x47, 0xAF, 0xBE, 0xB2, 0xC0, 0x08, 0x45, 0x11, 0xAA, 0x65,
    0xC5, 0x10, 0x3A, 0x25, 0x02, 0xB6, 0x2B, 0x89, 0xE8, 0x72, 0x36, 0xAB, 0x44, 0xED, 0x15, 0x9B,
    0xF3, 0x19, 0xA9, 0x13, 0x82, 0x80, 0x7D, 0x29, 0x4F, 0x72, 0x67, 0x27, 0x35, 0x5A, 0x78, 0xCF,
    0x1D, 0xEB, 0xC7, 0x38, 0xF7, 0x50, 0xB1, 0x13, 0xE6, 0xDC, 0x17, 0x44, 0x07, 0xB3, 0x14, 0xFD,
    0x10, 0xE3, 0xAA, 0x78, 0xF0, 0xE0, 0xDA, 0x40, 0x1B, 0x1D, 0x94, 0xFF, 0x29, 0x0C, 0x49, 0x03,
    0xFD, 0x27, 0x77, 0xB0, 0x41, 0x31, 0x7C, 0x2B, 0x5A, 0x15, 0xE6, 0x7E, 0x6F, 0x92, 0x29, 0xEC,
    0x8C, 0x46, 0x15, 0xBD, 0xD4, 0xCB, 0x37, 0xC2, 0x66, 0x56, 0x15, 0x89, 0x32, 0xAB, 0x0F, 0xC1,
    0xC6, 0x20, 0xEF, 0x34, 0x5E, 0x43, 0x50, 0x66, 0xB4, 0xEB, 0x70, 0x30, 0x64, 0xE9, 0x57, 0x8F,
    0xD1, 0x47, 0x2B, 0xA1, 0x11, 0xB1, 0x70, 0x75, 0xF8, 0x0B, 0x0C, 0x54, 0xA4, 0x69, 0x28, 0x13,
    0x82, 0x1E, 0x78, 0xDD, 0x0C, 0x4E, 0xD0, 0x17, 0x37, 0xEC, 0xF4, 0x1B, 0xA8, 0x4A, 0x03, 0x2F,
    0x63, 0xBF, 0x96, 0x30, 0x4F, 0xF8, 0x84, 0xEC, 0xCE, 0xC2, 0x3A, 0x3B, 0x61, 0x55, 0x93, 0x5A,
    0x12, 0xDE, 0xDA, 0x1B, 0x4D, 0x94, 0xCB, 0x83, 0x4E, 0x6D, 0x94, 0x34, 0xC6, 0xCC, 0x2F, 0x85,
    0xEC, 0x59, 0x38, 0xE5, 0x47, 0xF0, 0x44, 0x46, 0x7B, 0x84, 0x16, 0x3C, 0x1E, 0xE4, 0x05, 0x09,
    0x9A, 0x87, 0x4C, 0xDA, 0xD4, 0xBA, 0x92, 0x68, 0xBE, 0x3D, 0xB1, 0xC1, 0x57, 0x4F, 0x92, 0xBF,
    0x47, 0x44, 0x3D, 0xC6, 0xCC, 0x6C, 0xE6, 0x6C, 0x30, 0xAD, 0xE8, 0xE4, 0x8D, 0x27, 0x27, 0x98,
    0xFF, 0x45, 0x4D, 0x9D, 0x42, 0x11, 0x28, 0x8C, 0x7C, 0x69, 0x9F, 0x02, 0x60, 0x7E, 0x6A, 0xC6,
    0x3F, 0xA7, 0x3B, 0xB8, 0xFF, 0xBA, 0x95, 0x29, 0x4E, 0xB5, 0x24, 0x45, 0x41, 0x5A, 0x4B, 0x1B,
    0x92, 0x35, 0x45, 0x7D, 0xFC, 0x4A, 0xBE, 0xBD, 0xEB, 0x38, 0xF1, 0xFF, 0x79, 0xAE, 0xB8, 0xE3,
    0x34, 0xE9, 0x8D, 0xDA, 0x32, 0x99, 0x60, 0xD2, 0xF1, 0x1D, 0x2E, 0xB4, 0x69, 0xF1, 0x87, 0xA0,
    0xFF, 0x02, 0xBD, 0x3D, 0x38, 0x73, 0x45, 0x17, 0x7F, 0x15, 0x9D, 0xD5, 0xFA, 0xF3, 0x8A, 0xDE,
    0x34, 0x27, 0xC6, 0x9F, 0xA4, 0xCF, 0x2B, 0x9C, 0x88, 0xC9, 0xB7, 0xD9, 0x10, 0x59, 0xB3, 0x54,
    0xEC, 0x1A, 0x91, 0x57, 0xE4, 0xA0, 0x8F, 0x29, 0xF8, 0x75, 0xD8, 0x46, 0x13, 0x39, 0x86, 0x3E,
    0xE6, 0x09, 0x4D, 0x8B, 0x2A, 0x88, 0x5A, 0x5A, 0x93, 0xB7, 0x9B, 0x80, 0xCD, 0x2E, 0xE5, 0x0B,
    0x63, 0x72, 0x2D, 0xEE, 0x21, 0x34, 0xE3, 0x78, 0x40, 0xDA, 0x40, 0xB1, 0x78, 0x26, 0xB6, 0xED,
    0xE8, 0x26, 0x25, 0xC2, 0x08, 0x8F, 0xF4, 0x2E, 0xAC, 0x40, 0x18, 0x21, 0x18, 0x01, 0x18, 0xE1,
    0xD7, 0x49, 0xE0, 0x6B, 0x4F, 0x5E, 0xEA, 0x83, 0xF7, 0x70, 0x90, 0xD7, 0x44, 0x28, 0x98, 0x21,
    0xBB, 0x9D, 0x1D, 0x8E, 0xAC, 0xC8, 0x46, 0xDA, 0x12, 0x08, 0xC1, 0xFB, 0x9B, 0x85, 0x41, 0xF9,
    0xE2, 0x14, 0xC8, 0x45, 0x10, 0x36, 0x8E, 0x36, 0x47, 0x85, 0xBD, 0x8D, 0xE1, 0x05, 0x0D, 0xF3,
    0xFD, 0xC5, 0x81, 0x4B, 0xE4, 0x07, 0xCC, 0x32, 0x38, 0x25, 0xCC, 0x3E, 0xBB, 0x36, 0xA1, 0x1D,
    0x47, 0x23, 0xB4, 0xCF, 0x41, 0xD6, 0x75, 0x73, 0x69, 0xDD, 0x22, 0x69, 0x5B, 0xA4, 0x1D, 0xC5,
    0x7C, 0x65, 0x95, 0xDE, 0xBC, 0x67, 0x55, 0x39, 0x6E, 0xCF, 0xA3, 0x5F, 0x29, 0x10, 0xAA, 0x38,
    0xC3, 0xEB, 0x8A, 0x5E, 0xA6, 0xB3, 0x91, 0x0A, 0xA3, 0x19, 0x89, 0x14, 0x9F, 0xDC, 0xE0, 0x09,
    0xBE, 0x6E, 0x87, 0x9C, 0xDE, 0x59, 0xB8, 0xCA, 0x49, 0x99, 0xBB, 0x84, 0xA6, 0x1F, 0x5E, 0x1B,
    0x17, 0xAE, 0xCE, 0xB2, 0xB1, 0xF9, 0x95, 0xA2, 0x24, 0xE5, 0x4A, 0x3B, 0x1E, 0xE5, 0x8A, 0x83,
    0xE2, 0x80, 0x22, 0x0A, 0x57, 0xE5, 0x3A, 0x93, 0x1E, 0xD9, 0x8F, 0xE9, 0x8F, 0xD4, 0x61, 0x8F,
    0x54, 0x1E, 0x0B, 0x9C, 0x57, 0x32, 0x71, 0xD6, 0x80, 0xBB, 0x19, 0x87, 0x81, 0x31, 0xD3, 0xA7,
    0x57, 0x7D, 0xE6, 0xDA, 0x2C, 0xCD, 0xA3, 0x98, 0x1B, 0x2C, 0xEB, 0x09, 0x5E, 0x17, 0x13, 0x93,
    0x4E, 0xE0, 0xBF, 0x66, 0x24, 0xD8, 0x5E, 0x31, 0x73, 0xD5, 0xAA, 0x83, 0x21, 0xA5, 0xCF, 0x9A,
    0xF8, 0x91, 0x06, 0x80, 0x2D, 0xA4, 0x99, 0xC4, 0x8A, 0x06, 0x9B, 0x23, 0x72, 0xAC, 0xE2, 0x92,
    0x49, 0xC5, 0x29, 0x93, 0xB9, 0x99, 0x71, 0xDF, 0xC8, 0x1F, 0xD8, 0x4F, 0xDB, 0xA8, 0x61, 0x17,
    0x3D, 0x67, 0x39, 0xA7, 0x4B, 0xD3, 0xC8, 0xB6, 0x0B, 0x4D, 0x14, 0xE4, 0x4D, 0xAC, 0x8E, 0x57,
    0x53, 0xAB, 0xDD, 0x5D, 0x76, 0x6C, 0xBA, 0x54, 0xB8, 0xE9, 0x92, 0x45, 0x85, 0xCF, 0x61, 0xFC,
    0xA7, 0x2C, 0xD3, 0xA6, 0x7D, 0x5A, 0xFD, 0x94, 0x89, 0xCD, 0x5B, 0x68, 0x7D, 0x44, 0x38, 0x41,
    0x7F, 0xC8, 0xF2, 0x02, 0xB9, 0x31, 0xA8, 0x28, 0x39, 0xA8, 0xC8, 0x75, 0x5C, 0xA1, 0x55, 0x49,
    0x07, 0x15, 0x98, 0x0E, 0x11, 0x47, 0x2B, 0xBC, 0xD3, 0xE9, 0x76, 0x4C, 0x3E, 0x93, 0x01, 0x33,
    0xE8, 0x74, 0x00, 0xA6, 0x4B, 0xFB, 0x08, 0xC2, 0x0F, 0x4F, 0xE2, 0xDA, 0xF6, 0xF6, 0x83, 0x52,
    0x2A, 0x84, 0x28, 0x57, 0xF8, 0x82, 0x46, 0x76, 0x1C, 0xEE, 0x50, 0x64, 0x8F, 0x6D, 0xB2, 0x94,
    0xDC, 0x24, 0x5D, 0xD6, 0xB8, 0x55, 0x93, 0x71, 0x73, 0x32, 0xC2, 0xFF, 0x8E, 0xD8, 0x63, 0x0B,
    0x79, 0x5E, 0x92, 0xFC, 0xB0, 0x64, 0x78, 0x4D, 0xEF, 0xAB, 0xB4, 0x6F, 0xBE, 0x75, 0x0B, 0x9D,
    0x66, 0x25, 0xD7, 0x3A, 0x2D, 0x75, 0x1B, 0xC2, 0xD5, 0x15, 0x06, 0x9B, 0x65, 0x76, 0xA2, 0x49,
    0x1E, 0xC7, 0x9C, 0xD5, 0x63, 0x7C, 0x63, 0x13, 0xA4, 0x76, 0xFB, 0x1D, 0x78, 0xC7, 0x80, 0x72,
    0x2D, 0x95, 0x17, 0x53, 0xBA, 0x09, 0xE6, 0x88, 0x27, 0x54, 0xCD, 0x78, 0x42, 0x15, 0x15, 0x8A,
    0x06, 0x71, 0xA2, 0xBA, 0x27, 0xD4, 0xDA, 0x64, 0x84, 0xAA, 0x53, 0xD2, 0xAC, 0x27, 0xED, 0x88,
    0xB7, 0x5A, 0x98, 0xC2, 0xD6, 0x72, 0xA7, 0xCF, 0xFC, 0xA7, 0x33, 0xB4, 0x78, 0x70, 0x98, 0xC9,
    0xD7, 0x8D, 0x91, 0x54, 0x27, 0x29, 0x17, 0x56, 0x03, 0x8A, 0xA8, 0x8B, 0x05, 0x8A, 0x77, 0x92,
    0x58, 0x49, 0xA2, 0x36, 0xAE, 0xEF, 0x84, 0x75, 0x03, 0x51, 0x1D, 0xF0, 0xBA, 0x8E, 0xF0, 0x5A,
    0xEA, 0x90, 0x6D, 0x0D, 0xDB, 0x18, 0x4A, 0xC3, 0xCD, 0x1B, 0x61, 0xA2, 0x00, 0x11, 0x76, 0xB0,
    0xF7, 0x51, 0x35, 0x22, 0x6C, 0xD1, 0x92, 0x23, 0x61, 0x28, 0x1D, 0x24, 0x2F, 0x6E, 0xA0, 0xEC,
    0x0D, 0x28, 0x7B, 0x3F, 0x2A, 0x3A, 0xDC, 0xDD, 0x7D, 0x6E, 0x42, 0x15, 0xB6, 0x53, 0xF5, 0xD9,
    0xD5, 0xAB, 0xD5, 0x57, 0xA7, 0xA2, 0x2F, 0x2B, 0x3F, 0x08, 0x18, 0xE8, 0xE4, 0xFD, 0xF6, 0x5E,
    0xE5, 0xFF, 0x06, 0x9D, 0xE9, 0xEB, 0xD3, 0xD4, 0x57, 0xE8, 0x4C, 0xF7, 0xA5, 0xCC, 0x7B, 0x6C,
    0x59, 0x30, 0x2F, 0x25, 0x64, 0xC2, 0xE4, 0x85, 0x1D, 0x04, 0xDE, 0x22, 0x90, 0x89, 0xA5, 0xB1,
    0xC8, 0x91, 0x33, 0x1F, 0x5B, 0x0A, 0xEA, 0x71, 0xFA, 0xC4, 0x55, 0x44, 0x64, 0x81, 0x9E, 0xC1,
    0x51, 0x37, 0x0F, 0xD4, 0x32, 0xEC, 0xB9, 0xC9, 0x74, 0xE9, 0xE5, 0x4C, 0x43, 0x9C, 0xD4, 0x3B,
    0xC8, 0xC4, 0xF1, 0x4A, 0xD6, 0x73, 0x3F, 0xD4, 0x56, 0xDC, 0xDB, 0xD0, 0xDF, 0xEC, 0xAC, 0x5B,
    0x96, 0x1C, 0xDC, 0x94, 0x40, 0x71, 0xE8, 0x5B, 0x4E, 0x6E, 0x59, 0x88, 0xB5, 0x7A, 0x81, 0x4C,
    0xA2, 0xBF, 0x4D, 0xC8, 0x14, 0xE8, 0x70, 0xD3, 0x11, 0xEA, 0x3B, 0xB3, 0x9B, 0x63, 0x4E, 0x07,
    0x99, 0xC4, 0xAA, 0x4C, 0x8A, 0x16, 0x40, 0xA5, 0xFA, 0x88, 0x1D, 0xD4, 0xFB, 0x2B, 0xEF, 0x4F,
    0x74, 0x5E, 0x90, 0x2E, 0xCB, 0x70, 0x67, 0xEE, 0x9D, 0x88, 0xA3, 0x31, 0xB1, 0xB6, 0x06, 0x99,
    0x33, 0xE9, 0xB8, 0xB7, 0x29, 0xC2, 0x02, 0xF1, 0xA4, 0x39, 0xB5, 0x70, 0x49, 0x15, 0xC3, 0x0E,
    0xBE, 0x23, 0x8E, 0x29, 0x3A, 0x0E, 0xE2, 0xB3, 0x9E, 0x1E, 0x92, 0x8E, 0x49, 0x4E, 0x00, 0xC5,
    0xBD, 0x91, 0x78, 0x3A, 0xD8, 0x38, 0x5D, 0x11, 0xAA, 0x46, 0x75, 0x22, 0xA2, 0x43, 0x5B, 0xA8,
    0x76, 0x73, 0xA8, 0xAD, 0xC8, 0xE8, 0x87, 0xD5, 0xB2, 0xCB, 0xA0, 0xAC, 0x9B, 0x35, 0x78, 0x35,
    0x26, 0x5F, 0x73, 0x3C, 0x28, 0x66, 0xEF, 0x75, 0xE9, 0x8E, 0x8B, 0x04, 0x21, 0x30, 0xA6, 0xB6,
    0xBA, 0x95, 0x66, 0x5B, 0xDF, 0xD5, 0xAC, 0x42, 0x37, 0xAA, 0x18, 0xA5, 0x3D, 0x11, 0x98, 0xF8,
    0xDF, 0xB6, 0xE2, 0xBE, 0x7D, 0x7D, 0x15, 0x67, 0xC6, 0x93, 0x87, 0x67, 0x46, 0x13, 0x05, 0x0C,
    0x67, 0x4C, 0x5F, 0xDC, 0x8E, 0xB8, 0x70, 0xBF, 0xAD, 0xDC, 0xEB, 0x5E, 0x95, 0x9B, 0x6A, 0xAB,
    0x80, 0x46, 0xFB, 0xAC, 0x65, 0x37, 0x65, 0x72, 0xED, 0x8C, 0x59, 0x1F, 0x97, 0x31, 0x48, 0x0D,
    0x66, 0x2B, 0x9C, 0x37, 0x04, 0xD8, 0x5B, 0x26, 0xC8, 0xA7, 0xDC, 0xA8, 0x33, 0xE7, 0xA8, 0x93,
    0x6E, 0xB3, 0x5A, 0xD8, 0xFC, 0x9E, 0xF8, 0xF7, 0xE0, 0xD9, 0x8F, 0x93, 0x2D, 0x13, 0x0C, 0x6C,
    0x68, 0x83, 0x31, 0xEE, 0x37, 0x96, 0x3E, 0xEC, 0xEE, 0x22, 0xE7, 0x03, 0x6A, 0x54, 0xF3, 0xDB,
    0xA7, 0x5F, 0xE5, 0xC3, 0x9C, 0x98, 0x29, 0xC7, 0xCB, 0x1D, 0xA7, 0x03, 0x49, 0x49, 0xD5, 0x9C,
    0xF3, 0xDB, 0x07, 0xDF, 0xA8, 0xDE, 0x6B, 0x0F, 0xBF, 0xBC, 0x29, 0x60, 0xC1, 0x17, 0xD7, 0xBA,
    0x9F, 0xAE, 0xFB, 0x54, 0xD7, 0xC3, 0xF2, 0x3B, 0x62, 0xD4, 0xD3, 0x9F, 0x13, 0xA9, 0x99, 0xB9,
    0x79, 0xD7, 0x71, 0x0F, 0xB6, 0xE6, 0x3B, 0x49, 0xE2, 0x3F, 0x97, 0x05, 0xAD, 0x76, 0x36, 0x11,
    0xC1, 0x4B, 0x65, 0x27, 0x06, 0xE8, 0x09, 0xB2, 0x33, 0xDD, 0x23, 0x76, 0x10, 0xDB, 0x01, 0xFE,
    0xF5, 0x56, 0x71, 0xA8, 0x90, 0x3C, 0xB4, 0x74, 0x84, 0xC0, 0x36, 0x8F, 0x63, 0xC7, 0xCE, 0x1D,
    0x9A, 0x29, 0xEC, 0x6D, 0x30, 0xE1, 0xED, 0xEA, 0x54, 0xC0, 0xCD, 0x77, 0x5D, 0xE7, 0xBF, 0xCC,
    0xD4, 0x8F, 0xEE, 0x18, 0x67, 0xA3, 0x1A, 0x82, 0xB5, 0x2B, 0xD6, 0x65, 0x07, 0x08, 0x59, 0x03,
    0x34, 0x64, 0x60, 0x0A, 0xC5, 0x59, 0x81, 0x3E, 0x6A, 0x4F, 0x94, 0x0B, 0x27, 0x4F, 0xB2, 0x05,
    0xB7, 0x27, 0x1C, 0x37, 0xA7, 0xBD, 0x9B, 0xF7, 0x29, 0x0D, 0x17, 0xDC, 0x5E, 0xF0, 0x5C, 0x00,
    0xC5, 0xB9, 0x46, 0xFE, 0xD9, 0xAD, 0x55, 0xEF, 0xE9, 0xF6, 0xBA, 0x9B, 0x31, 0xE6, 0x1B, 0xF4,
    0x9D, 0xF5, 0x51, 0xB3, 0xAA, 0x57, 0xE5, 0xEB, 0xB4, 0x7B, 0x3A, 0x3E, 0xED, 0xF6, 0xC6, 0x63,
    0xD3, 0x6E, 0x63, 0x5E, 0x3E, 0x69, 0xDA, 0x3D, 0xAD, 0x95, 0x90, 0x6C, 0xD0, 0xCF, 0x99, 0x76,
    0x1F, 0x9D, 0x72, 0x2E, 0x1B, 0xD5, 0xEC, 0xC7, 0xEC, 0x06, 0xB3, 0xA6, 0xDA, 0xD8, 0xC1, 0xD4,
    0x33, 0x02, 0xE7, 0x8C, 0x9E, 0x31, 0x5A, 0x28, 0xF7, 0x8B, 0x74, 0xD3, 0x28, 0x1B, 0x02, 0xE0,
    0x07, 0x1F, 0xC8, 0xCF, 0x23, 0x69, 0x0D, 0xB7, 0x9B, 0xAA, 0x65, 0x3F, 0x52, 0xC7, 0xAC, 0x3C,
    0x1C, 0x75, 0xC2, 0x6E, 0xA7, 0xDB, 0xF2, 0x1C, 0x60, 0xBC, 0x61, 0xD9, 0xAF, 0x67, 0x38, 0x30,
    0xDC, 0x60, 0xAA, 0x2D, 0xF4, 0x9E, 0x19, 0x1B, 0x38, 0xBA, 0xC5, 0x2B, 0xE6, 0x48, 0xA5, 0x39,
    0x52, 0x57, 0xAA, 0xCB, 0xCB, 0x60, 0x80, 0x58, 0xC5, 0x7D, 0x3B, 0x7D, 0xE1, 0x10, 0x13, 0x3E,
    0x53, 0x2B, 0x3C, 0xE1, 0x4E, 0x06, 0xF7, 0x69, 0x8D, 0x8E, 0x70, 0x17, 0x69, 0x14, 0x46, 0xE9,
    0x16, 0x6B, 0xE9, 0x44, 0x0A, 0xF4, 0xF0, 0xCA, 0xB1, 0x2B, 0xE3, 0x6E, 0x09, 0x55, 0xC2, 0xB9,
    0x54, 0xA3, 0x05, 0x30, 0x37, 0x0D, 0x17, 0xDA, 0x3D, 0xB6, 0x86, 0x90, 0x5A, 0x7E, 0x43, 0xD3,
    0x89, 0x7B, 0xDB, 0x36, 0xD5, 0x7C, 0x20, 0x89, 0x90, 0x86, 0xC4, 0x80, 0x59, 0xE7, 0x99, 0x09,
    0xAF, 0x3A, 0xB5, 0x30, 0xA6, 0x9C, 0x6A, 0x65, 0xCB, 0x33, 0x34, 0x30, 0x80, 0xB4, 0xD8, 0x2D,
    0xAD, 0x1D, 0x5A, 0xA7, 0xF6, 0x5B, 0xC5, 0x44, 0x23, 0xC3, 0xCD, 0x5A, 0xEE, 0x3A, 0x88, 0x54,
    0x87, 0x62, 0x6C, 0x55, 0x56, 0xCE, 0x06, 0x32, 0xEC, 0x98, 0x29, 0xE2, 0x3E, 0xE9, 0xD6, 0x4B,
    0x08, 0xF8, 0x7C, 0xE2, 0x5F, 0x21, 0x52, 0x86, 0x18, 0xF8, 0x82, 0xF3, 0x2E, 0xE2, 0x19, 0x19,
    0x9E, 0xE1, 0x12, 0xA3, 0x73, 0xA9, 0xF4, 0xE0, 0x1A, 0x83, 0x89, 0x0B, 0x86, 0x4C, 0x22, 0xA1,
    0x45, 0x2D, 0x28, 0xD3, 0x21, 0xB2, 0xD8, 0xEC, 0x13, 0x80, 0xF8, 0x07, 0x44, 0x94, 0xBF, 0x2C,
    0x7F, 0x9C, 0xD7, 0x4B, 0x60, 0x89, 0xF2, 0xA3, 0x39, 0xB4, 0xBF, 0x8B, 0x6C, 0x25, 0xDD, 0xF0,
    0x80, 0x03, 0x65, 0x9E, 0x3C, 0x08, 0xA8, 0xF4, 0x91, 0xFB, 0x0C, 0x1C, 0x67, 0x09, 0xF9, 0xC8,
    0x7F, 0x7D, 0x7E, 0x6D, 0x35, 0x34, 0xBB, 0x9F, 0xC0, 0x39, 0x72, 0x68, 0x38, 0x01, 0xF9, 0xF1,
    0xA5, 0x75, 0x56, 0xD2, 0x67, 0x3E, 0x94, 0xBB, 0x29, 0x5B, 0x43, 0x22, 0x36, 0x94, 0xE2, 0x66,
    0x1B, 0x9E, 0xC8, 0x0B, 0x49, 0x4A, 0x17, 0x1F, 0xE5, 0xE6, 0xF6, 0xBD, 0xC6, 0xC7, 0xCC, 0xF2,
    0x70, 0xE4, 0x34, 0x80, 0x1E, 0x09, 0x60, 0xDB, 0x64, 0xDB, 0xE5, 0x24, 0x02, 0x0F, 0x92, 0xA0,
    0x7C, 0x3C, 0xFC, 0x5C, 0x89, 0xB7, 0x2D, 0x89, 0xC2, 0xBB, 0xE2, 0xD2, 0x63, 0x9D, 0xE9, 0x94,
    0xAF, 0x2E, 0xE8, 0xDF, 0xA3, 0x61, 0x41, 0x17, 0x3E, 0x59, 0x69, 0x65, 0xE5, 0x01, 0xBA, 0x64,
    0xD6, 0x63, 0x41, 0xB1, 0xD5, 0xB3, 0x2A, 0xA1, 0x7D, 0x46, 0xA7, 0xF0, 0xF6, 0x5D, 0xD7, 0x3B,
    0xB9, 0x88, 0x5A, 0x8E, 0x43, 0xB8, 0xD3, 0x9C, 0xC6, 0x9D, 0x7E, 0xF4, 0xDD, 0x59, 0xA8, 0xE8,
    0x63, 0xBD, 0x2F, 0x8D, 0x35, 0x16, 0x0F, 0x22, 0xCD, 0x33, 0xBD, 0x6E, 0xC3, 0x84, 0x8D, 0x6E,
    0xC4, 0x24, 0xB9, 0x47, 0x11, 0x2E, 0x71, 0x14, 0x63, 0x30, 0x59, 0xD6, 0x13, 0x30, 0x70, 0x9B,
    0x52, 0x94, 0x81, 0x7D, 0x4F, 0xD7, 0xC0, 0x45, 0xAE, 0xFA, 0x2E, 0x87, 0xA0, 0x55, 0xE7, 0xE6,
    0x07, 0xAE, 0x06, 0x66, 0x93, 0xD9, 0x3C, 0x3A, 0x64, 0x1E, 0x2A, 0x95, 0x4B, 0xCC, 0x16, 0xB1,
    0x33, 0x22, 0x71, 0x84, 0x02, 0x19, 0x4D, 0xD8, 0x60, 0x90, 0x12, 0xCB, 0xF3, 0x25, 0x29, 0x93,
    0xB3, 0xCE, 0xC9, 0x37, 0x6C, 0xAE, 0xF6, 0xA7, 0x88, 0x3C, 0x72, 0x63, 0xE2, 0x17, 0xB9, 0x8D,
    0x41, 0x3F, 0xE2, 0xF6, 0x2F, 0x04, 0xD1, 0x13, 0x6F, 0x3C, 0x4A, 0xEA, 0xA4, 0xDE, 0x27, 0xBD,
    0xBE, 0x3E, 0x7D, 0xF4, 0xA7, 0xCE, 0x2C, 0x79, 0x44, 0x73, 0x88, 0xF9, 0xCD, 0xD7, 0x60, 0x0D,
    0x6F, 0xD7, 0x1E, 0xEE, 0x3A, 0xDF, 0x9E, 0xF5, 0xDF, 0xD3, 0x85, 0xAF, 0xDA, 0x1A, 0xB9, 0xB3,
    0x46, 0x7E, 0x2F, 0x5A, 0xBD, 0x66, 0xE7, 0x57, 0x59, 0xDC, 0xC7, 0x2F, 0xAD, 0xD5, 0x92, 0x5A,
    0x1D, 0xA8, 0xD5, 0xC1, 0xFC, 0x17, 0xDD, 0x5B, 0x3F, 0x8F, 0xDC, 0xC6, 0x15, 0x7F, 0x24, 0xB5,
    0x47, 0xE4, 0x08, 0x98, 0x2A, 0xEE, 0x8A, 0x9C, 0x01, 0xB1, 0x49, 0x91, 0x08, 0xBE, 0xDB, 0x3E,
    0xD0, 0x89, 0x94, 0x1B, 0xB7, 0x57, 0x28, 0x55, 0x1A, 0x15, 0x69, 0x6C, 0x24, 0x40, 0x8A, 0x14,
    0x2E, 0x64, 0x91, 0x51, 0xBE, 0xC0, 0x7D, 0x03, 0xAB, 0xB8, 0xE2, 0xE0, 0xC2, 0x70, 0xA9, 0x00,
    0x92, 0x48, 0xE8, 0x13, 0xEC, 0x25, 0x85, 0x81, 0x54, 0x9B, 0xC0, 0x71, 0x10, 0xA4, 0xD0, 0x26,
    0xA0, 0x0D, 0x0A, 0x5A, 0xEE, 0xE4, 0xFD, 0x25, 0xB9, 0x2B, 0xC3, 0x49, 0x91, 0xDC, 0xF1, 0x76,
    0xB5, 0x98, 0xD9, 0x3D, 0xED, 0xCE, 0xBC, 0xF7, 0xFB, 0xCD, 0xBC, 0x7F, 0x33, 0x0B, 0x00, 0x9E,
    0xCB, 0x00, 0x1F, 0x81, 0x74, 0x91, 0x2B, 0xA8, 0x8B, 0xA5, 0xBB, 0xEB, 0x2A, 0xEA, 0x1E, 0x4A,
    0xD7, 0x70, 0xE7, 0x2F, 0xCA, 0x19, 0x7D, 0x7E, 0xC6, 0x5D, 0x54, 0xE5, 0x73, 0xEC, 0x92, 0x8C,
    0xBB, 0x14, 0xF2, 0x05, 0x7D, 0x1E, 0x52, 0xEA, 0x1A, 0xEE, 0x7C, 0xE7, 0x5C, 0x4D, 0xE3, 0x73,
    0x17, 0x57, 0x30, 0x6D, 0xE8, 0xF3, 0xDC, 0xA5, 0xF8, 0x6A, 0x09, 0xF0, 0x5C, 0x3A, 0x7C, 0xC6,
    0x4B, 0x08, 0xB0, 0x4B, 0x56, 0x90, 0xBB, 0x59, 0xE8, 0xDC, 0xAC, 0x74, 0x55, 0x84, 0x1D, 0x6C,
    0x3C, 0x76, 0x59, 0x58, 0x99, 0x0D, 0xA0, 0x5C, 0xEB, 0xD2, 0x62, 0xF3, 0xD3, 0x28, 0x43, 0xFD,
    0x10, 0x47, 0x75, 0x0E, 0xC7, 0x2E, 0x67, 0x69, 0x83, 0x7F, 0xC8, 0xA6, 0x35, 0x84, 0x2B, 0x92,
    0x10, 0xE7, 0xC4, 0x36, 0x69, 0x00, 0x55, 0xC0, 0x17, 0xA8, 0x16, 0xB6, 0x38, 0x25, 0xBE, 0x45,
    0x85, 0xCB, 0xB9, 0x47, 0xED, 0x2C, 0x40, 0x44, 0x4A, 0x14, 0x29, 0xC3, 0x36, 0xC6, 0x36, 0x9F,
    0x1F, 0x62, 0x9B, 0xBE, 0xFE, 0xC6, 0xFD, 0x09, 0x07, 0xBE, 0x70, 0x2B, 0x84, 0x2E, 0x2B, 0x51,
    0xC3, 0x13, 0x98, 0xF4, 0xF3, 0x9E, 0x52, 0x8B, 0x43, 0xE3, 0x63, 0xBA, 0xE4, 0x96, 0x5F, 0xC7,
    0xF3, 0x35, 0xF1, 0xCA, 0x42, 0x84, 0x64, 0xF9, 0xFD, 0x97, 0xB5, 0x7C, 0x57, 0xBA, 0x50, 0x95,
    0x12, 0x85, 0x1F, 0xCA, 0x17, 0x3E, 0x1E, 0x7E, 0xFB, 0x9A, 0x10, 0xE8, 0x9D, 0xB0, 0xFE, 0x2D,
    0xB5, 0xC7, 0x39, 0xB5, 0x37, 0x53, 0x21, 0x91, 0xB5, 0x65, 0x74, 0x22, 0x26, 0x3A, 0x62, 0x45,
    0x26, 0x57, 0x4E, 0xDF, 0x6D, 0xED, 0x9F, 0x73, 0xBB, 0x7F, 0x4F, 0x98, 0x70, 0x5F, 0x32, 0xB2,
    0xC1, 0x1B, 0x79, 0x9B, 0x5C, 0xB0, 0xE4, 0xF0, 0x08, 0xFF, 0xD1, 0x63, 0x48, 0xFF, 0x80, 0x1D,
    0xA3, 0xC7, 0xF8, 0x31, 0x82, 0x8C, 0x21, 0xA3, 0x48, 0x39, 0x32, 0x92, 0x8C, 0x25, 0xA3, 0xC9,
    0x78, 0x32, 0xA2, 0x8C, 0x29, 0xA5, 0xCA, 0xB8, 0x32, 0xB2, 0x8C, 0x2D, 0xA3, 0xCB, 0xF8, 0x32,
    0xC2, 0x94, 0x31, 0xA3, 0xCC, 0x38, 0x83, 0xB7, 0x77, 0x5D, 0x5C, 0xC9, 0xAC, 0xF8, 0xB9, 0xFA,
    0x29, 0x91, 0xD6, 0xE2, 0xD2, 0xF6, 0xDA, 0x17, 0x24, 0xDA, 0x7C, 0x8A, 0xAA, 0xDD, 0x42, 0x11,
    0xAF, 0x7C, 0xD3, 0xED, 0x08, 0xA6, 0x81, 0x6C, 0x2F, 0x6F, 0xB1, 0xCF, 0x98, 0x7F, 0x2C, 0x9A,
    0x84, 0xC2, 0x98, 0x12, 0xA6, 0x7C, 0xAD, 0xD3, 0x75, 0x9D, 0x6C, 0x21, 0x1B, 0x12, 0x78, 0xC6,
    0xED, 0x51, 0x42, 0x64, 0xEF, 0xE4, 0xA4, 0xD9, 0xE8, 0x48, 0xE9, 0x1F, 0x91, 0x98, 0xB4, 0x77,
    0x44, 0x68, 0xB8, 0x23, 0xDB, 0x8A, 0xFF, 0xE8, 0xFE, 0x58, 0xF4, 0x9B, 0x6A, 0x2B, 0x28, 0xFA,
    0x85, 0xC0, 0xCD, 0x32, 0xC7, 0x62, 0x2A, 0xFA, 0xDD, 0xB3, 0x3C, 0x1D, 0x31, 0x51, 0x61, 0x1B,
    0x54, 0x0C, 0xEA, 0x2B, 0x42, 0xF5, 0x56, 0xC4, 0x3A, 0xEC, 0xC1, 0x99, 0x98, 0x41, 0x31, 0x63,
    0xA2, 0xE3, 0xF6, 0xF0, 0xF5, 0x11, 0x3C, 0x20, 0x59, 0xFF, 0x8C, 0x23, 0x06, 0xFF, 0xA0, 0x3F,
    0x84, 0x45, 0xD9, 0xC7, 0x11, 0xBC, 0xBD, 0x60, 0xAC, 0xDB, 0xEB, 0xB6, 0x08, 0x2A, 0xE1, 0x43,
    0xC0, 0x76, 0x1F, 0xE2, 0xBF, 0x2C, 0x25, 0x6C, 0x60, 0xE7, 0xF5, 0x14, 0x8E, 0xDE, 0x8A, 0x89,
    0xAE, 0x67, 0xE0, 0xB7, 0xC3, 0x11, 0x95, 0x86, 0x51, 0x90, 0x6A, 0x27, 0x76, 0x25, 0x59, 0x8B,
    0xAA, 0x76, 0x79, 0xBD, 0xA6, 0x0C, 0x03, 0x82, 0x46, 0x21, 0x46, 0xCE, 0xCC, 0x25, 0x05, 0x89,
    0x11, 0x56, 0xA3, 0x0A, 0x11, 0x97, 0x83, 0x10, 0x71, 0xF9, 0x1D, 0x21, 0x22, 0x9C, 0x0B, 0x67,
    0xA2, 0x70, 0x20, 0xB8, 0xC4, 0xDA, 0x1E, 0x72, 0x77, 0xC1, 0x66, 0x35, 0xD4, 0x28, 0x52, 0xC3,
    0x89, 0xBD, 0xEB, 0xCB, 0xB8, 0x84, 0xBC, 0xCF, 0xC5, 0x93, 0x53, 0xF3, 0xF8, 0xFD, 0x8C, 0x7C,
    0x7B, 0x8C, 0xAD, 0xB7, 0x2A, 0x99, 0x57, 0x86, 0xEA, 0xDD, 0xD3, 0x11, 0x84, 0xFB, 0xDE, 0x93,
    0xA1, 0x5B, 0xB6, 0x40, 0xFD, 0xD6, 0x36, 0x33, 0x24, 0x01, 0xEF, 0x54, 0x5C, 0x3B, 0x89, 0xE8,
    0xFD, 0xF6, 0xF1, 0x88, 0x19, 0x82, 0x44, 0xEC, 0xE4, 0x4F, 0x25, 0x70, 0x07, 0xE9, 0x42, 0x51,
    0xE7, 0x1D, 0x21, 0xEA, 0xC6, 0xB6, 0x11, 0xC5, 0x49, 0x57, 0xC4, 0x24, 0xFC, 0xE0, 0x4E, 0xBF,
    0x32, 0x7D, 0xDE, 0x50, 0xBF, 0x1B, 0x35, 0x5D, 0x37, 0x05, 0xE8, 0x15, 0x07, 0x23, 0xA1, 0x04,
    0x23, 0xF1, 0x07, 0x4E, 0x72, 0xC3, 0xF3, 0x61, 0x6E, 0xB2, 0x6D, 0xDB, 0xEB, 0x20, 0x7B, 0x40,
    0x55, 0x81, 0xBF, 0xE2, 0x88, 0xDE, 0x1B, 0x87, 0x93, 0xF9, 0xB3, 0xBC, 0x0B, 0x46, 0xBC, 0xC2,
    0x1F, 0x31, 0x6B, 0x13, 0xE9, 0x13, 0x09, 0x38, 0xE2, 0x8B, 0xE7, 0x82, 0x70, 0x23, 0xB0, 0x8B,
    0x4F, 0xFB, 0x3C, 0xDB, 0x92, 0x60, 0x64, 0x3A, 0xFB, 0x8E, 0xF2, 0x93, 0xE4, 0xEB, 0xC8, 0x21,
    0xAB, 0x95, 0x79, 0x44, 0x56, 0x45, 0xD1, 0x46, 0x50, 0x4F, 0x0B, 0x16, 0x64, 0x6C, 0x1B, 0x8D,
    0x90, 0x9B, 0xF5, 0xE5, 0x34, 0xD1, 0x43, 0xCA, 0x0C, 0xA2, 0xC5, 0xD4, 0x91, 0x40, 0x29, 0xB7,
    0x3E, 0x22, 0xB2, 0x04, 0x9A, 0x8A, 0x84, 0x2B, 0xB0, 0x25, 0xCE, 0x6A, 0x6E, 0x4F, 0xB0, 0x95,
    0x2D, 0xC8, 0x24, 0xAE, 0x98, 0xC3, 0xD5, 0xCF, 0xEE, 0x13, 0x93, 0x8E, 0x01, 0xFD, 0xEC, 0xAC,
    0x8B, 0x75, 0x9A, 0x3E, 0x72, 0x93, 0x12, 0x86, 0xCE, 0x3E, 0x27, 0x5F, 0x82, 0x5A, 0xE1, 0xFA,
    0xC6, 0x76, 0xCA, 0x1B, 0xB9, 0x44, 0x22, 0x1C, 0x4A, 0x5E, 0x62, 0xDB, 0x6E, 0x20, 0x26, 0x05,
    0xB5, 0xD5, 0xA0, 0xE5, 0xF1, 0xFD, 0x27, 0x83, 0xB5, 0xD5, 0x30, 0xA6, 0x38, 0xF8, 0x63, 0x97,
    0xF9, 0x2B, 0x70, 0x05, 0xAA, 0xE0, 0x8A, 0xB8, 0xF1, 0x08, 0x5D, 0x94, 0x39, 0x5D, 0x10, 0xB6,
    0xDF, 0xE2, 0xFA, 0xCC, 0x29, 0x54, 0x2C, 0xFF, 0x9E, 0x29, 0x8F, 0xDC, 0x20, 0x14, 0x37, 0x49,
    0xC6, 0xDF, 0x40, 0xD2, 0x86, 0x0B, 0xE0, 0x95, 0xE0, 0x71, 0x48, 0xE9, 0xD9, 0x4A, 0xF6, 0x5B,
    0x53, 0x9B, 0xB3, 0xA5, 0x88, 0xDE, 0x7A, 0x67, 0xBA, 0x4A, 0x18, 0xC9, 0x92, 0xA5, 0x7A, 0x22,
    0xC5, 0xA2, 0xE5, 0x40, 0xF2, 0x99, 0xA5, 0x86, 0x16, 0x2D, 0x8C, 0x12, 0xF1, 0x09, 0x69, 0x4A,
    0xAB, 0x06, 0xBE, 0xA5, 0xC1, 0xB2, 0xA5, 0x05, 0xA3, 0x11, 0x8D, 0x41, 0xC9, 0x90, 0x18, 0xE1,
    0xBD, 0x4B, 0x03, 0xFD, 0xBE, 0xEC, 0x97, 0x6C, 0x41, 0x98, 0x7F, 0xBD, 0xE0, 0xC9, 0xF0, 0x8B,
    0x87, 0x21, 0x19, 0x8D, 0x3D, 0xF8, 0xFD, 0xC6, 0x56, 0x1D, 0x1B, 0xA0, 0xE4, 0x98, 0xC3, 0x95,
    0x37, 0xC7, 0x71, 0xBF, 0xC4, 0x8D, 0x8C, 0x16, 0x06, 0xEE, 0xD0, 0xDA, 0xD9, 0xF3, 0x9E, 0xAE,
    0xDB, 0xC5, 0xFF, 0xFB, 0xDA, 0xD5, 0xA2, 0x19, 0x47, 0x47, 0x93, 0x93, 0x63, 0xC9, 0xAB, 0x58,
    0x11, 0xD9, 0x6B, 0x41, 0x9D, 0x4A, 0x05, 0x90, 0x6B, 0x80, 0x93, 0xFE, 0x8B, 0x86, 0xAA, 0xC2,
    0xAA, 0xB8, 0x2A, 0xB0, 0x8A, 0xAC, 0x42, 0xAB, 0xD8, 0x2A, 0xB8, 0x8A, 0xAE, 0xC2, 0xAB, 0xF8,
    0x2A, 0xC0, 0x8A, 0xB0, 0x42, 0xDC, 0x25, 0x7A, 0x92, 0xE1, 0x09, 0xCA, 0x5D, 0xD9, 0x9F, 0x71,
    0x56, 0xA0, 0x05, 0x69, 0x85, 0x5A, 0xB1, 0x7E, 0xDB, 0x5E, 0x24, 0xEC, 0x42, 0xEE, 0xD2, 0xC0,
    0x0B, 0x1A, 0xB2, 0x7C, 0x4D, 0x26, 0xF9, 0x75, 0xCB, 0x1B, 0x91, 0xD4, 0x3C, 0x92, 0x48, 0x76,
    0x93, 0x01, 0xA1, 0x80, 0x39, 0x00, 0x26, 0x01, 0x98, 0x05, 0x60, 0x1A, 0x80, 0x79, 0x10, 0x22,
    0x84, 0x09, 0xA1, 0x42, 0xB8, 0x50, 0x87, 0x20, 0x2D, 0xD3, 0x21, 0x7C, 0x08, 0x21, 0xA0, 0xC5,
    0x71, 0xFE, 0xBC, 0x41, 0x7B, 0xD6, 0x1B, 0x09, 0xB8, 0x3B, 0xA1, 0x95, 0x12, 0x4B, 0xA6, 0xCB,
    0xCA, 0x08, 0x1F, 0x42, 0xC7, 0x80, 0x8D, 0x31, 0x1A, 0x69, 0xAF, 0xEE, 0x14, 0x39, 0x9E, 0xE2,
    0x37, 0x77, 0xCB, 0x46, 0xE1, 0x66, 0xB4, 0x37, 0xC0, 0xBE, 0x84, 0xB5, 0xAE, 0x13, 0xC9, 0xBA,
    0xF3, 0x3F, 0xCD, 0xFA, 0x34, 0x7A, 0x72, 0xF2, 0x48, 0x56, 0xFE, 0x17, 0xDB, 0xB6, 0xF2, 0xA9,
    0x10, 0x19, 0x70, 0x01, 0x84, 0x15, 0x3D, 0xD2, 0xB5, 0x5F, 0x36, 0xA7, 0x57, 0x4E, 0x85, 0x2B,
    0x38, 0x34, 0xA3, 0x2A, 0x62, 0xF0, 0x92, 0xE2, 0x3A, 0x0F, 0x0E, 0x84, 0x8C, 0xBE, 0xBA, 0x73,
    0xAD, 0xD6, 0xFC, 0x87, 0x80, 0xA0, 0xBA, 0x3F, 0xCC, 0x21, 0x7C, 0x85, 0xFF, 0x1B, 0x65, 0xAE,
    0x93, 0x94, 0xC6, 0xB8, 0xDA, 0xD5, 0xEF, 0x9F, 0x4B, 0x4C, 0xCD, 0x8A, 0xB1, 0x60, 0xAB, 0x29,
    0x87, 0xA5, 0x74, 0xEA, 0x16, 0x15, 0xFE, 0x7C, 0xDC, 0x0E, 0xF3, 0xBF, 0x8F, 0xF9, 0x76, 0x9F,
    0xD8, 0xE2, 0xA1, 0x2F, 0x06, 0x4D, 0x49, 0x80, 0x63, 0x88, 0x72, 0xF9, 0x6B, 0xFC, 0x7B, 0xC2,
    0x42, 0x2E, 0x29, 0xE7, 0xF4, 0x87, 0x5F, 0x3F, 0xB2, 0x62, 0x8A, 0xB7, 0xB4, 0xC2, 0x5F, 0xDC,
    0x97, 0xF7, 0x84, 0x8B, 0x82, 0xA8, 0x40, 0xDF, 0x43, 0xCE, 0x85, 0x88, 0x60, 0x1E, 0x28, 0xFC,
    0x51, 0xCB, 0xC2, 0x8D, 0xCC, 0x44, 0x12, 0xC4, 0xAD, 0x81, 0xC2, 0x0D, 0xC3, 0x2F, 0x07, 0x80,
    0xB5, 0x61, 0xCF, 0xD0, 0x97, 0x34, 0x19, 0xA7, 0x65, 0xE4, 0x85, 0x7C, 0x6A, 0x72, 0x46, 0x84,
    0xDD, 0x1D, 0x06, 0x7D, 0x79, 0x03, 0xDF, 0x2C, 0xE1, 0x84, 0xF3, 0x22, 0x0C, 0xF5, 0x30, 0x63,
    0xC2, 0x20, 0xF5, 0x86, 0x2C, 0xA1, 0x0A, 0x9F, 0x98, 0x6D, 0xA0, 0x10, 0x38, 0x3B, 0x3E, 0x31,
    0x4B, 0xC1, 0xC9, 0x71, 0x6A, 0x9C, 0x13, 0x9F, 0x98, 0xA8, 0xE0, 0x94, 0x98, 0xBD, 0xE0, 0x9C,
    0xD3, 0xF6, 0x8B, 0xC4, 0xCD, 0x23, 0x31, 0x85, 0x57, 0xA5, 0xCE, 0xFA, 0xFA, 0x91, 0x81, 0xBB,
    0xD1, 0x65, 0xED, 0xF8, 0xA7, 0x2C, 0xF6, 0x92, 0x46, 0x1F, 0x54, 0x60, 0x23, 0xB7, 0x88, 0xDD,
    0x82, 0x46, 0xC6, 0x21, 0x51, 0x5C, 0x57, 0x79, 0xA4, 0x77, 0x11, 0xAC, 0xAB, 0x8E, 0xFC, 0xE2,
    0x58, 0x91, 0xFB, 0x65, 0xE8, 0x1A, 0x9A, 0x7C, 0x4F, 0x93, 0x44, 0xCC, 0xA8, 0x4A, 0xCE, 0xD7,
    0x0E, 0x7A, 0xE3, 0xF7, 0xAE, 0xFB, 0x8A, 0x54, 0x27, 0xC1, 0xA2, 0x96, 0x20, 0x40, 0x2D, 0x28,
    0x9D, 0xA3, 0xCC, 0x94, 0x70, 0x88, 0x97, 0xA4, 0x7E, 0xDC, 0x92, 0x70, 0x71, 0x4B, 0x1A, 0xC7,
    0x2D, 0xAD, 0x69, 0x6C, 0x29, 0x81, 0x6D, 0x49, 0xDF, 0xB8, 0xA5, 0x5C, 0x2D, 0x59, 0x92, 0xC6,
    0x53, 0x6E, 0xD3, 0x9A, 0xDB, 0x05, 0xB5, 0xE5, 0x9C, 0xE0, 0x70, 0x15, 0x7E, 0x12, 0x07, 0xC4,
    0xB1, 0x51, 0x48, 0x54, 0x2E, 0x6E, 0x48, 0x54, 0x5C, 0xBC, 0x94, 0x12, 0x67, 0xC4, 0x46, 0xDD,
    0x85, 0xD3, 0x7A, 0xFE, 0x53, 0xF7, 0x5B, 0x4A, 0x36, 0xAE, 0xDC, 0x60, 0xD8, 0x39, 0x1D, 0xE4,
    0xA9, 0x0D, 0xF3, 0x48, 0xFB, 0x95, 0x16, 0x01, 0xA4, 0x73, 0x54, 0x5E, 0xF6, 0xCB, 0x82, 0x28,
    0x5F, 0xB0, 0x3A, 0x39, 0x35, 0x28, 0x45, 0x4E, 0x0D, 0xCA, 0x83, 0xE0, 0x61, 0xC2, 0x8E, 0xDA,
    0xE6, 0x73, 0x16, 0x09, 0x25, 0x9A, 0x36, 0x08, 0xF5, 0x60, 0xEF, 0x4C, 0x3A, 0x88, 0xB8, 0xE4,
    0x21, 0xC1, 0x11, 0x6D, 0x37, 0x4E, 0xFB, 0x7F, 0x32, 0x4C, 0xA9, 0xA4, 0xAA, 0x30, 0x1B, 0xA4,
    0x54, 0x01, 0x4B, 0x3E, 0x3D, 0x55, 0x3F, 0x87, 0x8F, 0xF7, 0x60, 0xE4, 0x88, 0xF3, 0xB5, 0x08,
    0x3E, 0xA5, 0x38, 0x7E, 0xD1, 0xDD, 0x89, 0x20, 0x63, 0xB0, 0xD3, 0x58, 0x59, 0x95, 0x7C, 0x7C,
    0x9F, 0xAB, 0x5F, 0x02, 0xF4, 0xBA, 0x4C, 0x59, 0x94, 0xFD, 0x13, 0x46, 0xB9, 0xFC, 0xD7, 0xAC,
    0x8B, 0x85, 0x21, 0x9A, 0xB7, 0x52, 0xA0, 0x9F, 0x4A, 0xCA, 0x37, 0x3C, 0xEF, 0x63, 0x94, 0x15,
    0x66, 0xC5, 0x59, 0x81, 0x16, 0xA4, 0x41, 0xA0, 0x06, 0xC1, 0x1A, 0x04, 0x6C, 0x10, 0xB4, 0x41,
    0xE0, 0x06, 0xC1, 0x1B, 0x04, 0x70, 0x10, 0xC4, 0x41, 0x20, 0x07, 0xC1, 0x5C, 0x3A, 0xDE, 0x91,
    0xC0, 0xFA, 0xF1, 0xE8, 0x82, 0x3B, 0x08, 0xF0, 0x8A, 0xBC, 0x42, 0x6F, 0xD8, 0x1B, 0xF8, 0xC3,
    0xF5, 0x2E, 0x2A, 0xC9, 0xED, 0x0A, 0x5A, 0xF7, 0x54, 0x21, 0x4D, 0x5B, 0xB2, 0x07, 0xAB, 0x9C,
    0x6F, 0xE0, 0x50, 0xD6, 0x10, 0x17, 0xC1, 0x6C, 0xB3, 0x56, 0xD3, 0x80, 0x32, 0xC1, 0x54, 0x00,
    0x73, 0x01, 0x4C, 0x86, 0xD6, 0x6A, 0x98, 0x0E, 0x7D, 0x32, 0x21, 0xC0, 0x8C, 0xA8, 0xC8, 0xCC,
    0x09, 0x30, 0x29, 0xC0, 0xAC, 0x00, 0xD3, 0x22, 0xBC, 0xAC, 0x27, 0x06, 0x42, 0x8D, 0x9C, 0x31,
    0xE8, 0xC5, 0xA0, 0x67, 0xFB, 0xB4, 0x72, 0x0E, 0xCB, 0x45, 0x27, 0x8A, 0xD0, 0x22, 0xAC, 0x0C,
    0x49, 0x19, 0xAF, 0xA9, 0x79, 0x66, 0xD9, 0x18, 0xC4, 0x64, 0x6E, 0x7C, 0xF6, 0x87, 0x04, 0x3A,
    0x63, 0xBE, 0x01, 0xF9, 0x65, 0xD8, 0x9C, 0xFE, 0x2A, 0x52, 0x28, 0xA7, 0x1B, 0x47, 0xBC, 0x05,
    0x48, 0xCE, 0xF2, 0x9F, 0x33, 0xDB, 0x00, 0xD7, 0x0D, 0xE8, 0x1F, 0x0E, 0x2A, 0xAC, 0x1F, 0x48,
    0x65, 0x95, 0x17, 0xFA, 0x27, 0xBC, 0xD0, 0x1F, 0x8C, 0x6F, 0xA1, 0x6B, 0xF1, 0xDF, 0x77, 0xF7,
    0xE6, 0x14, 0x06, 0xBC, 0xA9, 0xB8, 0xF2, 0x5F, 0x90, 0x15, 0xFC, 0x50, 0x8C, 0x52, 0x57, 0xA8,
    0xBC, 0x8E, 0x8C, 0x1C, 0x65, 0x3F, 0xC2, 0xAF, 0xD4, 0x35, 0xF8, 0x6F, 0x30, 0xAA, 0x08, 0xAA,
    0xDC, 0xCE, 0xA2, 0xD9, 0xE7, 0xA6, 0x57, 0xBA, 0x09, 0x0E, 0xD8, 0xC6, 0x70, 0xA5, 0xCF, 0xE7,
    0xAC, 0x34, 0xAA, 0x49, 0x9E, 0x69, 0x95, 0xB2, 0x5F, 0x8A, 0x37, 0x6A, 0xF7, 0xD7, 0x37, 0x8C,
    0xD9, 0x39, 0xB7, 0xEB, 0x88, 0xB9, 0xA3, 0x6B, 0x1D, 0x69, 0x86, 0x80, 0xC7, 0x57, 0x62, 0x75,
    0xBE, 0x27, 0xD2, 0x81, 0x8F, 0x0A, 0x4D, 0x56, 0xF4, 0x6A, 0xDB, 0x4A, 0x57, 0x4A, 0x0D, 0x6B,
    0x97, 0x5D, 0x07, 0x37, 0x42, 0x0F, 0x6C, 0xD4, 0x4A, 0xE8, 0x29, 0x2B, 0x21, 0x08, 0xDF, 0x33,
    0x45, 0xD3, 0x42, 0x48, 0x4A, 0xD4, 0x23, 0x1F, 0x8B, 0x4B, 0x5E, 0xD5, 0xE2, 0x93, 0xE9, 0xB5,
    0x38, 0x65, 0xF3, 0xCA, 0xE6, 0x96, 0xCD, 0x2F, 0x9B, 0x63, 0x36, 0xCF, 0x6C, 0xAE, 0xD9, 0x7C,
    0xB3, 0x39, 0x67, 0xF3, 0xCE, 0xE6, 0x9E, 0xCD, 0x3F, 0x9B, 0x83, 0x36, 0x0F, 0x6D, 0x2E, 0xBA,
    0xF3, 0xD1, 0x9D, 0x93, 0xEE, 0xE9, 0xDC, 0x3D, 0xEF, 0x53, 0xC7, 0xB2, 0xEA, 0x6A, 0x38, 0xC2,
    0x31, 0x26, 0xAF, 0xDC, 0x87, 0x4B, 0x3D, 0xED, 0x44, 0xD2, 0x82, 0x25, 0xB1, 0xF6, 0x7E, 0x43,
    0xB4, 0xBD, 0x5C, 0x10, 0x6F, 0x7F, 0xAB, 0x88, 0xB8, 0x15, 0x5B, 0xAC, 0xFA, 0x7F, 0x6E, 0xB1,
    0x6E, 0x6B, 0x70, 0xAC, 0x85, 0x9A, 0x8E, 0xA0, 0x60, 0xA9, 0x1A, 0xBC, 0xB0, 0x12, 0xE4, 0x56,
    0x33, 0x25, 0x3C, 0x71, 0xA2, 0xAB, 0x97, 0xDF, 0xA0, 0xCC, 0xFA, 0xCA, 0x6B, 0x58, 0x5D, 0x3D,
    0x53, 0x9A, 0x3D, 0x58, 0xFE, 0xD0, 0x65, 0x10, 0x56, 0x71, 0xD5, 0x2C, 0xC2, 0xF2, 0x08, 0xE8,
    0xEE, 0x4E, 0xBD, 0xB7, 0x9D, 0x7B, 0x4B, 0x2E, 0x66, 0xCB, 0x45, 0x29, 0xCE, 0x41, 0xEC, 0x62,
    0x36, 0x47, 0x40, 0x3B, 0x4D, 0x77, 0xBD, 0x03, 0x8D, 0x3F, 0xB1, 0x37, 0xB9, 0x52, 0xF6, 0x44,
    0x5A, 0xB2, 0xEB, 0x81, 0x5C, 0x49, 0x76, 0x9F, 0xB2, 0x6C, 0x8F, 0x34, 0xC5, 0xAF, 0xE5, 0x86,
    0x39, 0x9C, 0xF8, 0x5F, 0x6D, 0xB5, 0x45, 0xDC, 0xD3, 0xE3, 0xAF, 0xDA, 0x8E, 0xBF, 0x62, 0x06,
    0xEB, 0x48, 0x8F, 0xBF, 0x7E, 0x35, 0x82, 0x7D, 0xB6, 0xAD, 0xBE, 0x48, 0xB7, 0x8D, 0x16, 0x25,
    0xB5, 0xA2, 0x2F, 0x15, 0x3E, 0x3E, 0xD4, 0xD3, 0xFF, 0x3F, 0xEB, 0x63, 0x88, 0x51, 0x70, 0xB1,
    0x76, 0xC8, 0x9F, 0x6F, 0x1E, 0xF2, 0xA7, 0xC8, 0x0A, 0x6A, 0x9C, 0x3B, 0x87, 0x04, 0x65, 0x01,
    0x15, 0x63, 0xE7, 0x40, 0x77, 0x09, 0xA2, 0x8A, 0xEB, 0xBC, 0x71, 0xC1, 0x45, 0x39, 0x8C, 0xFF,
    0x48, 0xE1, 0x44, 0xEA, 0x67, 0x89, 0x60, 0x3F, 0x95, 0x30, 0xEB, 0xAE, 0x74, 0xC7, 0x42, 0xC4,
    0x43, 0x29, 0xD1, 0x3D, 0x13, 0x1A, 0x1A, 0x61, 0xA1, 0x91, 0x99, 0x6B, 0xE6, 0x81, 0x6E, 0xF5,
    0x61, 0x47, 0x77, 0x91, 0x50, 0xA3, 0x40, 0xC8, 0x89, 0x84, 0x1B, 0x3A, 0x8D, 0x4C, 0x5B, 0xAF,
    0x94, 0xD3, 0x91, 0x46, 0x4A, 0x0A, 0xA7, 0x43, 0x03, 0xB0, 0x16, 0xFF, 0xE8, 0xDD, 0x0C, 0xEB,
    0xAA, 0xC1, 0xEF, 0x37, 0x52, 0x57, 0xD1, 0xF5, 0x09, 0x47, 0xF8, 0xA2, 0x3E, 0x74, 0xB7, 0xC3,
    0x65, 0xDC, 0x92, 0x98, 0xD4, 0x36, 0xA4, 0x12, 0x22, 0x1E, 0xF1, 0x2D, 0x8B, 0x2E, 0xAD, 0x41,
    0x70, 0x62, 0xAE, 0x37, 0x24, 0x0D, 0xC5, 0x65, 0xD3, 0x26, 0xA0, 0x25, 0x5A, 0x47, 0x14, 0xE4,
    0x36, 0x87, 0xF4, 0xDA, 0xD5, 0xEE, 0xEB, 0x22, 0x41, 0x0A, 0x5D, 0x16, 0x61, 0x90, 0xB7, 0xA4,
    0x53, 0xDD, 0xFE, 0x7C, 0x23, 0x90, 0x2A, 0x75, 0x3B, 0x68, 0x87, 0x55, 0x6A, 0xCD, 0xC7, 0x42,
    0xFD, 0x71, 0x42, 0x28, 0x4E, 0x49, 0x3B, 0xF1, 0x96, 0xA0, 0x4B, 0xA9, 0x1E, 0x5E, 0x58, 0x53,
    0xA5, 0xAE, 0x19, 0x5B, 0xDE, 0xFD, 0xFE, 0xF0, 0xE1, 0x28, 0x27, 0xCD, 0x6F, 0xC8, 0x75, 0x3C,
    0xBE, 0xE5, 0x29, 0x7B, 0x49, 0x7E, 0xB6, 0x21, 0x66, 0xBD, 0x87, 0xF1, 0x6A, 0xF8, 0xFB, 0xAC,
    0x58, 0xFF, 0xD5, 0x8E, 0x86, 0x06, 0x76, 0xC5, 0x38, 0xCF, 0xD6, 0x6E, 0x7B, 0xD2, 0xE3, 0xC7,
    0x76, 0xA6, 0x25, 0xE4, 0x5C, 0x38, 0x60, 0x76, 0x66, 0x54, 0x1F, 0x46, 0x7A, 0xAA, 0x52, 0xF9,
    0xF9, 0x44, 0x09, 0x6A, 0x84, 0xA1, 0x9F, 0xCF, 0x85, 0xA2, 0x95, 0x72, 0x94, 0x75, 0x24, 0x19,
    0x4B, 0x46, 0x93, 0xF1, 0x64, 0x44, 0x19, 0x53, 0x46, 0x95, 0x71, 0x65, 0x64, 0x19, 0x5B, 0x46,
    0x97, 0xF1, 0x65, 0x84, 0x19, 0x63, 0x46, 0x59, 0xC7, 0xD9, 0x60, 0x8B, 0x49, 0x38, 0x67, 0x67,
    0x91, 0xB9, 0x6E, 0xAF, 0xC1, 0xF2, 0xA6, 0xC8, 0x40, 0x7F, 0x6E, 0xA3, 0x11, 0x6F, 0xDC, 0x30,
    0x63, 0x51, 0xCD, 0x94, 0x05, 0x0B, 0xE6, 0x2C, 0x98, 0x33, 0x69, 0x31, 0x25, 0x50, 0x49, 0xFB,
    0x82, 0x69, 0x43, 0x54, 0x84, 0x37, 0x25, 0x4E, 0x99, 0x53, 0xEA, 0x94, 0x3B, 0x25, 0x4F, 0xD9,
    0x53, 0xFA, 0x94, 0x3F, 0x25, 0x10, 0x84, 0x41, 0x50, 0x0A, 0x3B, 0x0E, 0x35, 0x73, 0x32, 0xA9,
    0x21, 0x59, 0x0C, 0xF3, 0x42, 0x3D, 0x6D, 0x01, 0xBB, 0xB8, 0xB2, 0xB5, 0x24, 0xCA, 0x3D, 0x78,
    0x5B, 0xC1, 0xBE, 0x9A, 0x94, 0x52, 0x43, 0x5C, 0xC1, 0x28, 0xAC, 0xC6, 0x4A, 0xA2, 0xFD, 0x7C,
    0x4E, 0xCD, 0x64, 0x67, 0x27, 0xCD, 0x50, 0x9A, 0xA5, 0x34, 0x53, 0x69, 0xB6, 0x92, 0x8C, 0xE5,
    0x36, 0xEE, 0x48, 0xB1, 0xA3, 0x6A, 0x48, 0xD5, 0x92, 0x9A, 0x29, 0xD5, 0x1B, 0xF3, 0x1A, 0x98,
    0x28, 0xA1, 0x81, 0x50, 0x8B, 0x68, 0x8E, 0x8E, 0xDA, 0xFF, 0x14, 0xC9, 0x27, 0x6F, 0x47, 0xF2,
    0xDB, 0x48, 0xE9, 0xBE, 0xAA, 0x54, 0xDD, 0x61, 0x87, 0xF3, 0x9A, 0x3E, 0x16, 0xBE, 0xE2, 0x5B,
    0xCC, 0xF1, 0x3D, 0x5E, 0xF6, 0x13, 0x38, 0xCA, 0x46, 0xBA, 0x3F, 0xB7, 0xD6, 0xF3, 0xAD, 0xFB,
    0x8A, 0xD8, 0xFC, 0xFF, 0x72, 0xFD, 0xBD, 0xD6, 0x12, 0xFF, 0x0D, 0xD5, 0x94, 0x31, 0x6E, 0xDC,
    0x30, 0x10, 0x45, 0x87, 0x22, 0x60, 0x16, 0x2A, 0xE8, 0x1B, 0xA8, 0x37, 0x10, 0xE8, 0x06, 0xA6,
    0x80, 0x5C, 0xC0, 0x8D, 0x0F, 0xE1, 0xCA, 0x17, 0x30, 0x40, 0xF9, 0x1C, 0x6E, 0x53, 0xA5, 0x4A,
    0x91, 0x22, 0x45, 0xE0, 0xD5, 0x11, 0xF6, 0x08, 0xAA, 0x5C, 0xB3, 0x50, 0xA1, 0x82, 0xAB, 0xF1,
    0xCC, 0x7C, 0x3B, 0xF6, 0x26, 0x5D, 0x3A, 0xB1, 0xD0, 0x83, 0x00, 0xF2, 0xF3, 0xFF, 0x19, 0x92,
    0x44, 0x32, 0xFC, 0xAC, 0x5F, 0x8A, 0x0B, 0xB0, 0x26, 0x9E, 0xC2, 0xD6, 0x2E, 0x82, 0xF6, 0xE4,
    0x8B, 0xE7, 0x31, 0x56, 0x3F, 0x7B, 0x1E, 0x62, 0x8D, 0x93, 0x67, 0xEA, 0x4E, 0xCF, 0xA4, 0xE0,
    0x23, 0x05, 0xA6, 0x5E, 0x56, 0xB5, 0x1B, 0xA5, 0x22, 0x38, 0x19, 0x62, 0xA5, 0x3C, 0x1B, 0x58,
    0xD0, 0xAD, 0x4E, 0x26, 0x52, 0xBF, 0x7A, 0x9E, 0x04, 0x4B, 0xAB, 0x48, 0xEB, 0x17, 0xFB, 0xE3,
    0x85, 0x5F, 0x46, 0x55, 0x62, 0x1E, 0xA8, 0xE5, 0x21, 0x55, 0x31, 0x70, 0x43, 0x6E, 0xA0, 0x3F,
    0xA3, 0x39, 0x19, 0x64, 0x27, 0x1D, 0x2D, 0x10, 0x36, 0x83, 0xFB, 0x06, 0x7C, 0xC7, 0x7C, 0x95,
    0x94, 0x91, 0x8E, 0xC8, 0x51, 0x0C, 0x1E, 0xA9, 0xE8, 0x17, 0xFD, 0x3D, 0x7A, 0x66, 0xC7, 0x4C,
    0x89, 0xB9, 0x11, 0x04, 0x59, 0xDD, 0x15, 0x6A, 0x04, 0x71, 0x22, 0x27, 0xE8, 0x45, 0x55, 0xAC,
    0x5F, 0xAB, 0xF2, 0x4C, 0xEA, 0x2C, 0x97, 0x46, 0x45, 0x53, 0x09, 0xBA, 0x45, 0x5A, 0xE2, 0xA8,
    0x32, 0x6B, 0xAF, 0x6A, 0x5D, 0x7D, 0xB0, 0x5D, 0xEB, 0x6A, 0x3E, 0xB7, 0x02, 0xD7, 0x66, 0x49,
    0x6A, 0x07, 0x9C, 0x45, 0x41, 0x86, 0x88, 0x7C, 0xB1, 0xC2, 0x93, 0xFD, 0x45, 0xE6, 0xF2, 0x01,
    0x0D, 0x08, 0xF0, 0x68, 0xCC, 0xC8, 0xD9, 0xA1, 0x6D, 0x01, 0x73, 0xE8, 0xE7, 0x3F, 0x01, 0xB5,
    0xD4, 0x9B, 0xCA, 0x1C, 0x1B, 0x35, 0xC0, 0xB3, 0x21, 0x17, 0xCA, 0x83, 0x86, 0xA0, 0xA4, 0x58,
    0x28, 0x59, 0x08, 0xCB, 0xD9, 0x55, 0x7A, 0x80, 0x99, 0x6A, 0xD6, 0x9C, 0x6A, 0xCB, 0x21, 0x98,
    0xAD, 0xE6, 0x61, 0xB2, 0x10, 0x51, 0xC3, 0x34, 0x7C, 0x0D, 0x4B, 0xBF, 0x51, 0x7A, 0x54, 0x99,
    0x61, 0xE9, 0x00, 0x83, 0x19, 0x36, 0x10, 0xB0, 0x59, 0x91, 0x13, 0x33, 0xB2, 0x26, 0xB9, 0x44,
    0x1B, 0x33, 0x16, 0xDF, 0x6F, 0xC3, 0xBE, 0xBA, 0x72, 0x7E, 0x98, 0xC6, 0xCF, 0x05, 0x78, 0x07,
    0xEA, 0x70, 0xB5, 0x83, 0xAE, 0x1C, 0x74, 0x79, 0x7E, 0x14, 0x6F, 0xD2, 0x15, 0x2D, 0xB7, 0x74,
    0x45, 0xCF, 0x9B, 0x76, 0xE5, 0xCE, 0x34, 0x0F, 0x23, 0xAA, 0x65, 0x62, 0xFE, 0xEB, 0xDB, 0xED,
    0x02, 0x22, 0xAE, 0xDC, 0xF3, 0xD9, 0x49, 0xFC, 0xB1, 0xC7, 0xAB, 0x46, 0x74, 0x8B, 0x60, 0x90,
    0x0B, 0x4F, 0x16, 0xD7, 0x05, 0x94, 0xB0, 0x3D, 0x7E, 0x9C, 0x5E, 0x22, 0xD4, 0x8E, 0xDE, 0x16,
    0xDE, 0xEC, 0xFC, 0xE2, 0xD1, 0xFB, 0xB3, 0x2B, 0x6F, 0xB4, 0x1D, 0x06, 0xBE, 0x37, 0x65, 0xD6,
    0xB9, 0x6E, 0xB6, 0xA7, 0xD9, 0x0D, 0x17, 0xF3, 0x7E, 0x9F, 0xD1, 0xFF, 0x0C, 0xB8, 0xCB, 0x6E,
    0xBE, 0x02, 0xB5, 0x58, 0x3F, 0x8C, 0x1D, 0x47, 0x1D, 0xFE, 0xED, 0x6E, 0x7C, 0x0B, 0x5E, 0xC9,
    0xE3, 0xE2, 0x82, 0x88, 0x2D, 0x65, 0x9B, 0x14, 0xC4, 0xB2, 0xB2, 0x0D, 0x85, 0x85, 0xEE, 0x6E,
    0x16, 0x45, 0x28, 0x85, 0x8B, 0x1C, 0xC2, 0x47, 0x24, 0x52, 0x90, 0x22, 0x05, 0x04, 0x09, 0x23,
    0x44, 0x61, 0xA1, 0x33, 0x3B, 0x04, 0x41, 0x8A, 0x08, 0xC9, 0x12, 0xA2, 0xA2, 0xE0, 0x8A, 0x14,
    0x91, 0x41, 0xCA, 0x15, 0x29, 0x28, 0xCE, 0xDE, 0x4D, 0x52, 0xA4, 0xA0, 0x59, 0x13, 0x85, 0x14,
    0x14, 0x59, 0x84, 0x02, 0x22, 0x4D, 0xC6, 0x61, 0x11, 0x1B, 0x7B, 0xDF, 0x0E, 0xDF, 0x37, 0xFB,
    0xF6, 0xDE, 0x7B, 0x67, 0x87, 0xD8, 0x89, 0xD8, 0x7D, 0x33, 0x6F, 0x77, 0x76, 0xE6, 0x37, 0x33,
    0xDF, 0xEF, 0xFF, 0xEC, 0xED, 0x7D, 0xCC, 0xB5, 0xFD, 0xCC, 0xE7, 0xCF, 0x9D, 0x3D, 0xB1, 0x1F,
    0x55, 0xAA, 0xC9, 0xBA, 0x1F, 0xFE, 0x32, 0x34, 0xF7, 0x76, 0x07, 0xB9, 0x54, 0x22, 0x56, 0x64,
    0x43, 0x4A, 0x27, 0xFB, 0x1B, 0xB2, 0xB7, 0x2F, 0x7B, 0x95, 0xEC, 0xC9, 0xA7, 0xFF, 0x6D, 0x8B,
    0x80, 0x66, 0x64, 0x44, 0x89, 0x68, 0x67, 0x4E, 0x44, 0x26, 0x7A, 0xDE, 0xC8, 0xEB, 0x46, 0xC2,
    0xCF, 0xF0, 0x0B, 0x72, 0xED, 0x1A, 0xED, 0xEA, 0xC2, 0xD5, 0xCF, 0x5D, 0x35, 0xCB, 0xCF, 0xC2,
    0x2B, 0x73, 0xCE, 0xB5, 0x1A, 0x95, 0x95, 0xC3, 0xCB, 0xBF, 0x16, 0xAB, 0x6D, 0x53, 0x3B, 0xAF,
    0xAE, 0x98, 0x3F, 0xB4, 0x72, 0xC7, 0xF5, 0x3F, 0xFA, 0x6C, 0xCB, 0x76, 0x17, 0xDA, 0xFF, 0xF7,
    0xCF, 0x4F, 0x95, 0x62, 0xE2, 0xCA, 0x57, 0xFE, 0xF5, 0xC1, 0x9D, 0x9D, 0x1D, 0xBF, 0xB2, 0xFC,
    0xB9, 0xAB, 0x57, 0xAF, 0x8A, 0xAC, 0x89, 0x94, 0x12, 0xB5, 0xA2, 0x8C, 0x64, 0xB9, 0x68, 0x23,
    0xBA, 0x11, 0x6D, 0xF9, 0x4B, 0x1B, 0x09, 0x30, 0xE0, 0x0F, 0x12, 0xB9, 0xF9, 0x4F, 0xF0, 0x2B,
    0x44, 0x2E, 0x4B, 0xD0, 0x49, 0x5A, 0xCB, 0xD6, 0x7C, 0x33, 0x61, 0x97, 0xCC, 0x92, 0x21, 0x1E,
    0x82, 0x41, 0x7A, 0xE9, 0xE2, 0x46, 0x9B, 0x1F, 0xA1, 0x75, 0xAD, 0xCE, 0x6C, 0x61, 0x4B, 0xEB,
    0xCC, 0x35, 0x39, 0x90, 0x4D, 0x49, 0x4D, 0x5C, 0x49, 0x8E, 0xF9, 0xBE, 0x28, 0x65, 0xD8, 0x47,
    0xAD, 0xAA, 0x95, 0xD9, 0xC2, 0x9C, 0xD7, 0x30, 0xE9, 0x80, 0x59, 0x9D, 0xD1, 0xD6, 0x55, 0x2C,
    0x69, 0x53, 0x98, 0x40, 0x1E, 0xC0, 0xD4, 0x61, 0x13, 0x39, 0xD5, 0xA1, 0xF4, 0x2C, 0xE2, 0xA2,
    0x5E, 0x0A, 0xCC, 0x7D, 0x39, 0xB4, 0x41, 0x17, 0xD7, 0x69, 0x5D, 0xE4, 0x5B, 0xD2, 0x1D, 0x82,
    0x8A, 0x75, 0x34, 0xF1, 0x90, 0x76, 0xB1, 0x4B, 0xA7, 0xFE, 0x9D, 0x5C, 0x0B, 0x5B, 0xE9, 0x23,
    0x1B, 0xD9, 0xB4, 0xE2, 0x3C, 0xE7, 0x82, 0x66, 0xEC, 0xDB, 0x84, 0x8D, 0xEA, 0xD3, 0x36, 0xEB,
    0x75, 0xA7, 0xBB, 0xC2, 0xEA, 0xBA, 0xA8, 0xB5, 0xFC, 0x04, 0x7B, 0xC2, 0x4A, 0x51, 0x27, 0x8D,
    0xAA, 0x43, 0x1B, 0xD6, 0x23, 0xE5, 0x0B, 0x22, 0xC1, 0x0C, 0x83, 0x7A, 0x4E, 0x82, 0x02, 0x46,
    0x12, 0xDD, 0xB0, 0x91, 0xC7, 0xBE, 0xF1, 0xF6, 0xEF, 0x81, 0x66, 0x8F, 0xD2, 0x7D, 0xE5, 0xFC,
    0xCF, 0x5F, 0x15, 0x05, 0x98, 0x35, 0x4A, 0x81, 0x52, 0xB2, 0x18, 0x02, 0x3C, 0x96, 0x6B, 0x28,
    0xFD, 0xBC, 0x50, 0x16, 0x40, 0x22, 0x60, 0xC1, 0x92, 0x38, 0x53, 0x54, 0xCD, 0x0B, 0x86, 0x84,
    0x39, 0xE7, 0x0D, 0xA8, 0x06, 0x31, 0xBB, 0xC6, 0x64, 0x66, 0xCC, 0xE5, 0x00, 0x45, 0xF9, 0xF1,
    0xF9, 0x5F, 0xBC, 0x2A, 0x05, 0x85, 0xB2, 0x64, 0xF5, 0xCF, 0x6F, 0x7F, 0x01, 0x24, 0x34, 0x47,
    0x14, 0x1C, 0xE7, 0x28, 0xCF, 0xD7, 0xF9, 0xBA, 0xC1, 0xEA, 0xCB, 0xAC, 0x7E, 0xC0, 0x6A, 0x9F,
    0x34, 0x3D, 0x39, 0x2E, 0x21, 0xEE, 0xE6, 0x84, 0xD7, 0xA3, 0x7A, 0x5D, 0xF4, 0xED, 0x0F, 0x3A,
    0x0A, 0x46, 0x27, 0xC5, 0xEF, 0x5E, 0x41, 0x1F, 0x45, 0x4A, 0x29, 0xAB, 0x8C, 0x95, 0x66, 0xF5,
    0x5C, 0x3E, 0x82, 0xE7, 0x72, 0xE5, 0xEA, 0xCC, 0x59, 0xED, 0xDA, 0x62, 0xFE, 0xC3, 0xB3, 0xCD,
    0x5C, 0x9D, 0xB8, 0x9C, 0x68, 0xF9, 0x49, 0x31, 0x44, 0xB7, 0x20, 0x09, 0xAD, 0x83, 0x5A, 0x75,
    0x50, 0x63, 0xDD, 0x51, 0xC2, 0xCE, 0x79, 0x22, 0x6B, 0x79, 0x66, 0x75, 0x8B, 0xDB, 0x26, 0x66,
    0x2D, 0x97, 0x67, 0x33, 0x1B, 0x0D, 0xBA, 0x4D, 0x9C, 0x2F, 0x36, 0x1E, 0x12, 0x13, 0x76, 0xA9,
    0x01, 0x56, 0xAA, 0xD6, 0x4D, 0x04, 0x09, 0xB1, 0x05, 0xA4, 0x61, 0xFC, 0xE3, 0x9B, 0xAE, 0xC0,
    0x8E, 0xAC, 0x86, 0x88, 0x9E, 0x1C, 0xE5, 0xBC, 0xA6, 0xB4, 0x91, 0x93, 0xFE, 0x95, 0x86, 0x48,
    0x3E, 0x93, 0x09, 0x5A, 0x18, 0x22, 0x6F, 0x82, 0xC8, 0x96, 0xF0, 0x33, 0xFF, 0x82, 0xDC, 0xAD,
    0x5C, 0xF7, 0x6E, 0x62, 0x9D, 0x7B, 0x6F, 0xA7, 0x16, 0xDE, 0x8D, 0xDC, 0xDF, 0xB8, 0x9D, 0xA7,
    0x25, 0xF6, 0x77, 0x72, 0x3F, 0xE3, 0x96, 0x2D, 0x59, 0xD6, 0xD1, 0x0E, 0x78, 0x89, 0x1C, 0x9C,
    0x97, 0x59, 0x5C, 0x51, 0xAB, 0xF3, 0x68, 0x04, 0x1B, 0xEE, 0xA2, 0x52, 0xA3, 0x11, 0x4D, 0xAB,
    0xAC, 0x4A, 0xE7, 0xF6, 0x0F, 0x8F, 0x9B, 0xF3, 0x47, 0xA3, 0xAB, 0xB9, 0xA2, 0x16, 0xB9, 0x7E,
    0x7E, 0x6E, 0x4C, 0x4B, 0xD1, 0x4F, 0xD4, 0xD3, 0x63, 0xA9, 0xCC, 0x8E, 0xC8, 0xB1, 0x1C, 0x8F,
    0xB3, 0x2C, 0x81, 0xB5, 0xA2, 0x24, 0x06, 0xFD, 0x6E, 0xF6, 0x17, 0x1B, 0x7F, 0x34, 0x13, 0xFD,
    0x82, 0xED, 0x4A, 0x5A, 0x8D, 0x02, 0x16, 0xED, 0xF9, 0x9B, 0xB3, 0xA8, 0xCB, 0x2A, 0x2D, 0xC1,
    0xCB, 0xF1, 0xEB, 0x7D, 0xD8, 0xE9, 0x9C, 0xE2, 0xA9, 0x1E, 0xEF, 0xA2, 0xAE, 0xA4, 0x85, 0x92,
    0xAD, 0xB8, 0x8D, 0x3A, 0xE7, 0x1F, 0x0F, 0x12, 0x1B, 0xB5, 0x83, 0xD7, 0xBF, 0x36, 0xB1, 0xB1,
    0x9D, 0xC9, 0x80, 0xB5, 0x37, 0xCA, 0xAA, 0x66, 0x16, 0x40, 0x0D, 0x92, 0x2A, 0xB1, 0xAA, 0x9A,
    0x51, 0xAF, 0xD3, 0x3C, 0xB6, 0x3A, 0x1F, 0xA8, 0x12, 0x5B, 0x12, 0x61, 0xD2, 0xE2, 0x22, 0x94,
    0xED, 0x00, 0x0A, 0xD5, 0x4A, 0x3A, 0x8C, 0x0B, 0x3D, 0x86, 0x92, 0xDF, 0x61, 0xEA, 0x17, 0x00,
    0xAD, 0x62, 0xB4, 0x0A, 0xD3, 0x2A, 0x52, 0xAB, 0x60, 0xAD, 0xE2, 0xB5, 0x0A, 0xD9, 0x2A, 0x6A,
    0xAB, 0xC0, 0xAD, 0x62, 0x17, 0x5C, 0x58, 0x86, 0x2F, 0x75, 0xCB, 0x08, 0x96, 0x17, 0xAB, 0x05,
    0x88, 0x61, 0xAF, 0xEA, 0x05, 0x8E, 0x51, 0x9B, 0x34, 0x0B, 0x28, 0xCF, 0xDB, 0xC4, 0x2E, 0xD0,
    0x54, 0x8D, 0x6A, 0x16, 0x80, 0xA6, 0x35, 0xDF, 0x26, 0x4C, 0xB1, 0x97, 0x7A, 0x01, 0x2B, 0xF6,
    0x52, 0x2D, 0x90, 0xCD, 0xAA, 0xCC, 0x2C, 0xC0, 0x25, 0xB3, 0x16, 0xF8, 0xA6, 0xD5, 0x6C, 0x09,
    0x62, 0xF5, 0x8F, 0x6E, 0x09, 0xE5, 0xD0, 0xD5, 0xCB, 0x40, 0xAF, 0x83, 0x43, 0xBD, 0xEA, 0x55,
    0x9B, 0x02, 0x39, 0x60, 0x02, 0x1B, 0x7D, 0x00, 0xA5, 0x44, 0x5B, 0x47, 0xFB, 0xAD, 0xDA, 0xCC,
    0xA6, 0x8D, 0xAE, 0xF1, 0x0D, 0x5F, 0x0B, 0xE1, 0x77, 0xF6, 0x38, 0x80, 0x5F, 0xD8, 0x9E, 0xF7,
    0x43, 0x2F, 0xF4, 0xD4, 0x96, 0x7D, 0x75, 0xCD, 0xDE, 0x44, 0x5A, 0x57, 0xC0, 0x14, 0x23, 0x4A,
    0x3F, 0xA6, 0xF7, 0xA3, 0x3A, 0x16, 0xB0, 0x6E, 0xDB, 0xDF, 0x65, 0x05, 0x9F, 0x50, 0x67, 0x35,
    0xF7, 0x9C, 0x34, 0x11, 0x6E, 0xD9, 0x2E, 0x2B, 0x67, 0x8A, 0x1A, 0x7E, 0xAA, 0x2E, 0xAA, 0x0C,
    0x74, 0x52, 0xCC, 0xAC, 0x9A, 0xB4, 0x82, 0xBF, 0xA8, 0xA2, 0x26, 0x41, 0x01, 0xAF, 0xB7, 0x83,
    0x1C, 0xFD, 0x7E, 0xEA, 0x72, 0xF4, 0x7C, 0x0D, 0x56, 0x0F, 0x7D, 0x9D, 0x61, 0xEF, 0xC2, 0xB0,
    0xBF, 0x36, 0x1C, 0x91, 0x19, 0x8E, 0x49, 0xFD, 0x28, 0xE5, 0xC7, 0x25, 0x15, 0x47, 0x42, 0xF3,
    0x1E, 0xCC, 0x47, 0x1F, 0x52, 0x02, 0x6A, 0x98, 0xF7, 0xF0, 0x56, 0x27, 0x91, 0xED, 0xE1, 0x93,
    0xAE, 0xC3, 0xBD, 0x68, 0xC9, 0x4C, 0x06, 0x1C, 0xE0, 0x68, 0xD6, 0xE0, 0xB3, 0xE9, 0x55, 0xE0,
    0xE6, 0x14, 0x5C, 0x76, 0x4D, 0x67, 0x03, 0xFB, 0x5B, 0x18, 0x8E, 0x06, 0x67, 0x92, 0x06, 0xE3,
    0x24, 0x18, 0x0D, 0x19, 0x30, 0x9E, 0x79, 0x37, 0xA4, 0xFD, 0xE7, 0xAC, 0xF1, 0x03, 0x2A, 0x38,
    0x6D, 0x0C, 0x47, 0x4F, 0x98, 0xFA, 0x47, 0x89, 0x7B, 0x02, 0xE9, 0x3C, 0x2B, 0x99, 0x95, 0x7D,
    0x20, 0x63, 0x3D, 0xE7, 0x20, 0x0F, 0x89, 0x25, 0xFE, 0x61, 0x1F, 0x90, 0x42, 0xE9, 0x3D, 0x61,
    0x56, 0x51, 0x4C, 0x12, 0x9B, 0x55, 0x72, 0x2C, 0xEC, 0xCB, 0x00, 0xD8, 0x94, 0x7D, 0xD2, 0xBB,
    0x2A, 0xB3, 0xAA, 0x87, 0x7B, 0x40, 0x3D, 0xB6, 0x9C, 0x0A, 0x7B, 0x87, 0x45, 0x24, 0x96, 0x7B,
    0x02, 0x5C, 0xD6, 0x87, 0x1C, 0xBD, 0x27, 0xE2, 0xD0, 0x9C, 0x8E, 0xFC, 0xC0, 0x1C, 0xE0, 0x5F,
    0x1B, 0x76, 0x1B, 0x8C, 0x3E, 0x60, 0xBC, 0x29, 0x5B, 0xA2, 0x3B, 0xE8, 0x16, 0xBC, 0x04, 0x8C,
    0x81, 0x45, 0x73, 0xD1, 0xA0, 0x2A, 0xEB, 0xA2, 0x21, 0x77, 0x20, 0xE4, 0x06, 0x3E, 0xD6, 0xE5,
    0xDC, 0x37, 0x83, 0x93, 0x01, 0x15, 0x74, 0x7A, 0xC6, 0x0A, 0xF4, 0x3B, 0xFC, 0x21, 0x54, 0x68,
    0x81, 0x02, 0xDC, 0x75, 0x54, 0xC3, 0x5F, 0x7B, 0x7C, 0x17, 0x97, 0x17, 0x67, 0xF8, 0x92, 0x96,
    0xD4, 0xDB, 0x71, 0x0A, 0xB0, 0x9C, 0x31, 0x42, 0x30, 0x45, 0x15, 0x0E, 0xB6, 0x3F, 0xF5, 0x7E,
    0xB1, 0x49, 0xA0, 0x01, 0x55, 0x04, 0xBE, 0x7E, 0xED, 0xEB, 0xCE, 0xA4, 0x17, 0x6F, 0xE2, 0x4B,
    0xE6, 0xAB, 0x3F, 0x01, 0xF6, 0xEC, 0x0D, 0xAC, 0x20, 0x7B, 0x91, 0xC8, 0x5C, 0xB4, 0xA3, 0xCB,
    0xC0, 0xEA, 0x27, 0xD7, 0xE9, 0xBD, 0xB3, 0xD7, 0xEE, 0xF5, 0x15, 0xCB, 0xC1, 0xB8, 0xC2, 0xC7,
    0x56, 0x12, 0xBB, 0xE9, 0x29, 0x9C, 0x4D, 0x5F, 0x7D, 0xB4, 0xC6, 0xF0, 0x51, 0x7C, 0xB4, 0xB6,
    0x31, 0x86, 0x2E, 0xDE, 0x2B, 0x2B, 0xC8, 0x0F, 0x86, 0x5F, 0xC7, 0x02, 0x7F, 0xFD, 0x20, 0x1D,
    0x36, 0xBB, 0xE1, 0xC3, 0x9A, 0x73, 0x57, 0x96, 0x27, 0xA0, 0x30, 0x49, 0x50, 0xFA, 0x56, 0x46,
    0xB8, 0x00, 0xC7, 0xBD, 0xBF, 0xF3, 0x3D, 0x67, 0x12, 0x06, 0x02, 0xD0, 0x06, 0x7E, 0x0F, 0xDB,
    0x67, 0x7D, 0xE7, 0xEF, 0xA0, 0x5C, 0x9A, 0x47, 0x26, 0xCD, 0x18, 0x8D, 0xC4, 0xD8, 0x06, 0x82,
    0x70, 0x79, 0x78, 0x1E, 0x4E, 0x5C, 0x5A, 0x04, 0x2E, 0x34, 0x6B, 0x34, 0x96, 0x0A, 0x94, 0xD2,
    0x5D, 0x6C, 0x0F, 0xFB, 0xDB, 0x85, 0x3D, 0x6B, 0x55, 0x1E, 0xD8, 0xB8, 0x8A, 0xEA, 0xA8, 0x8E,
    0xAB, 0xC0, 0x22, 0x92, 0x68, 0xD1, 0xBA, 0xBB, 0x39, 0x02, 0x30, 0x31, 0x20, 0x1C, 0xAD, 0x5B,
    0x12, 0x8E, 0x61, 0x71, 0xFA, 0xFA, 0x68, 0xDF, 0xB2, 0x0F, 0x1B, 0xBF, 0x96, 0x70, 0x78, 0x73,
    0xEC, 0x50, 0xB8, 0x7E, 0xFC, 0xBB, 0xF5, 0x92, 0xB7, 0x8B, 0xB7, 0x47, 0x74, 0xB6, 0x92, 0xC2,
    0x1B, 0x8A, 0x93, 0xEA, 0xC9, 0xF9, 0xC0, 0xC7, 0x47, 0xC3, 0xA1, 0x73, 0xE3, 0xA9, 0x9F, 0xCE,
    0x21, 0x08, 0x31, 0x66, 0x09, 0xCD, 0x4C, 0x14, 0xA8, 0xC7, 0x0D, 0x02, 0x86, 0x0F, 0xED, 0x23,
    0xAA, 0x6B, 0x3F, 0x17, 0x0F, 0x7F, 0xEE, 0x83, 0xD9, 0xCD, 0x99, 0xA7, 0x9E, 0xBA, 0x01, 0x81,
    0xCF, 0xCB, 0x60, 0xF2, 0xFB, 0xA4, 0x8E, 0x57, 0xD1, 0xE7, 0x8B, 0x5A, 0xFD, 0xEA, 0xDD, 0x66,
    0x5D, 0x3D, 0x89, 0xCE, 0x6F, 0xA2, 0xCF, 0xE3, 0x8D, 0x24, 0xAF, 0x21, 0x9C, 0xC9, 0xA1, 0x5A,
    0xD5, 0x33, 0x3E, 0x28, 0x3A, 0x5D, 0x1D, 0xA2, 0x7C, 0xEA, 0xEA, 0x9E, 0xF6, 0x31, 0x10, 0xB2,
    0x0A, 0xA4, 0x14, 0xE5, 0x18, 0x6D, 0x7B, 0x7E, 0x73, 0xF5, 0x3E, 0x16, 0x8F, 0x29, 0x56, 0x8C,
    0x0F, 0xA9, 0xB5, 0x0C, 0xA3, 0xC5, 0x6B, 0x25, 0x75, 0x14, 0x30, 0x70, 0xF1, 0xA9, 0x99, 0x24,
    0xE5, 0x60, 0x8A, 0xD4, 0xA2, 0xC5, 0x20, 0xE2, 0xB6, 0xB5, 0x4A, 0xB1, 0x9E, 0x3E, 0xEA, 0x43,
    0x8A, 0x12, 0x40, 0x64, 0x20, 0x47, 0x8E, 0x12, 0xF5, 0x1E, 0x08, 0xD3, 0x71, 0x29, 0x62, 0xA6,
    0xFA, 0xA9, 0x4A, 0x39, 0x6D, 0x46, 0xF2, 0xDA, 0x4E, 0x55, 0xC1, 0x8A, 0x16, 0x07, 0xEA, 0xC5,
    0x18, 0xF2, 0x3D, 0x4C, 0xC7, 0xA4, 0x21, 0x70, 0x6F, 0xE7, 0x90, 0x31, 0x43, 0x9A, 0xF9, 0x5C,
    0x40, 0x47, 0x79, 0x25, 0xE1, 0xE4, 0x08, 0xE1, 0x05, 0x75, 0x2F, 0xF9, 0xC3, 0x1E, 0x15, 0xC1,
    0x52, 0x90, 0xB7, 0xFD, 0xD2, 0x2E, 0x20, 0x08, 0x19, 0xE4, 0x58, 0x39, 0x1B, 0x07, 0xB0, 0xB0,
    0x3B, 0xD7, 0xA2, 0xDB, 0x71, 0x25, 0x2C, 0xD0, 0x6F, 0xBF, 0x0C, 0xC2, 0x88, 0xF2, 0x4D, 0x57,
    0x51, 0x0D, 0x83, 0xA7, 0xB0, 0x02, 0xCE, 0xCD, 0xC2, 0xE9, 0xB9, 0x37, 0x75, 0x37, 0x52, 0xD6,
    0xEF, 0xE7, 0x8C, 0x0F, 0x90, 0x1B, 0x4C, 0xBE, 0xA4, 0xF3, 0x41, 0x39, 0xE4, 0x60, 0x71, 0x23,
    0xCA, 0xB9, 0x26, 0xA0, 0x3E, 0x40, 0xFF, 0xBB, 0x78, 0x80, 0xFA, 0x95, 0x75, 0x0A, 0x57, 0x13,
    0xD2, 0xA8, 0xC0, 0xE3, 0x74, 0x81, 0xA3, 0xA9, 0x9E, 0x25, 0x2D, 0x1E, 0x8E, 0xE7, 0xAA, 0x0F,
    0xF6, 0x02, 0xAE, 0x87, 0x7B, 0xF4, 0x78, 0x70, 0xC1, 0x1E, 0x09, 0xA2, 0xC6, 0x65, 0xF8, 0xD6,
    0x02, 0xAD, 0xD9, 0x8C, 0x7A, 0x88, 0x68, 0x8F, 0xBE, 0x8C, 0x48, 0x30, 0xD0, 0xA0, 0xE1, 0x65,
    0xE6, 0x34, 0x32, 0xCB, 0x07, 0x08, 0xD9, 0x98, 0x0B, 0x1E, 0xB5, 0x09, 0xD3, 0x45, 0xFB, 0xCA,
    0x68, 0xC5, 0x93, 0xF0, 0xE8, 0xEB, 0x7E, 0xFE, 0x70, 0xD8, 0x42, 0x6B, 0x1A, 0x0E, 0xD3, 0x88,
    0x93, 0xAB, 0xFB, 0x8C, 0x9C, 0xE1, 0x2E, 0xD1, 0xD1, 0xEF, 0x71, 0xDC, 0x21, 0x80, 0xE3, 0xFE,
    0xC0, 0x39, 0xBF, 0xBB, 0x5E, 0xB8, 0x37, 0xD5, 0x79, 0xEE, 0x29, 0x2F, 0x0E, 0xAD, 0x1A, 0x65,
    0x81, 0xAE, 0x1E, 0x7B, 0x4A, 0x2B, 0xBF, 0xA3, 0xB4, 0xF2, 0xFB, 0x81, 0x18, 0x72, 0x37, 0xD9,
    0xB8, 0x17, 0x3D, 0xEE, 0x64, 0x73, 0xDC, 0xC7, 0xFA, 0x5D, 0x76, 0x40, 0x03, 0x87, 0xD5, 0x12,
    0x28, 0xAC, 0x9E, 0x46, 0x0E, 0x6F, 0xFC, 0xC3, 0x24, 0xD1, 0xEC, 0xCE, 0xA4, 0xB9, 0x5B, 0x73,
    0x1F, 0x71, 0x0D, 0x9A, 0xC2, 0x57, 0x58, 0xE8, 0x52, 0x23, 0xC5, 0x5F, 0x99, 0x1D, 0x4A, 0x79,
    0xC3, 0x11, 0x74, 0xF8, 0x56, 0xFE, 0x39, 0x73, 0xCA, 0xFF, 0xE5, 0x9E, 0xDF, 0x73, 0x3E, 0x00,
    0x09, 0x30, 0xC9, 0xC7, 0x75, 0x83, 0x5F, 0x27, 0xD8, 0x11, 0x76, 0x1E, 0x2A, 0xBA, 0x80, 0xD6,
    0x6B, 0x5B, 0x34, 0xDA, 0x2E, 0x9A, 0x2F, 0x18, 0xA3, 0xE0, 0x8E, 0x70, 0x0E, 0xB9, 0x6D, 0x56,
    0x7B, 0xAA, 0xC5, 0x28, 0x48, 0xE5, 0xE2, 0x0F, 0x4E, 0x53, 0x2F, 0xD4, 0xFE, 0x11, 0x46, 0x5D,
    0x34, 0xBC, 0xE6, 0xB0, 0xCA, 0x7D, 0x72, 0xCD, 0x84, 0x1B, 0xD8, 0xDD, 0x2A, 0x64, 0x52, 0xDA,
    0xCB, 0x93, 0x5A, 0x7B, 0xF5, 0xF5, 0x8A, 0xEF, 0x65, 0xC0, 0x2B, 0xB2, 0xD7, 0xF2, 0x68, 0x4A,
    0xEF, 0x10, 0x36, 0x79, 0x03, 0x7F, 0x98, 0x80, 0xC9, 0xA4, 0xE1, 0x2B, 0x94, 0xE0, 0x1C, 0x2E,
    0x78, 0xAB, 0x6F, 0x4E, 0x0F, 0xA5, 0xB3, 0x01, 0xD3, 0x31, 0x41, 0xD5, 0xB1, 0xEA, 0x57, 0xAB,
    0xEE, 0xB0, 0xB2, 0xAC, 0x1A, 0x56, 0xB9, 0x58, 0xD2, 0xB3, 0x9B, 0x9F, 0xBA, 0x0A, 0x48, 0x20,
    0x42, 0x4C, 0x47, 0xCF, 0xD9, 0xC9, 0x99, 0xBD, 0x33, 0x2F, 0x1D, 0x3A, 0x4D, 0x67, 0x89, 0xC1,
    0x15, 0xCC, 0xB5, 0x8B, 0x45, 0xA2, 0x2A, 0x57, 0x2B, 0xDF, 0xE6, 0xBF, 0x66, 0xAE, 0xB9, 0xCC,
    0xDC, 0x04, 0x5B, 0x80, 0x93, 0xDB, 0x9B, 0xA7, 0x6F, 0x50, 0xCC, 0xA7, 0x79, 0x6A, 0x11, 0x72,
    0xB9, 0xDC, 0x9B, 0xBD, 0x5B, 0xC5, 0xAF, 0x48, 0xEE, 0x35, 0x4D, 0xEE, 0x78, 0xA6, 0xF1, 0xD2,
    0x18, 0x37, 0x82, 0xF7, 0xF1, 0x57, 0x91, 0x3C, 0xDE, 0x40, 0x50, 0x79, 0xD3, 0x7E, 0x29, 0x1C,
    0xDE, 0x81, 0xF1, 0x67, 0x9E, 0x3E, 0xBC, 0xAC, 0x6F, 0x0F, 0x92, 0x3D, 0xF1, 0x4A, 0x73, 0x52,
    0xBD, 0x88, 0x18, 0x19, 0x61, 0x75, 0x66, 0x8C, 0x9C, 0x36, 0x8B, 0x58, 0x9B, 0x22, 0x14, 0xFA,
    0x1F, 0xA5, 0xEB, 0xEE, 0xBA, 0xC9, 0xE4, 0x1F, 0x26, 0x27, 0xEB, 0xE9, 0xE3, 0x79, 0x66, 0xE2,
    0x99, 0x03, 0x37, 0x07, 0xAF, 0x1C, 0x2C, 0x1F, 0x16, 0xC1, 0xF5, 0x1A, 0xEF, 0x79, 0x7B, 0x90,
    0xBD, 0x72, 0xCC, 0x19, 0xE6, 0xF3, 0x69, 0x43, 0xAB, 0x8D, 0xD4, 0xC0, 0xCB, 0xC3, 0xBA, 0x7C,
    0xAC, 0x09, 0xB8, 0xAF, 0x6B, 0xA4, 0x46, 0x75, 0x0D, 0x3B, 0xCE, 0xA2, 0x6C, 0xE0, 0xF2, 0x00,
    0xC1, 0x91, 0x26, 0x9A, 0x53, 0x64, 0xE0, 0x0F, 0x15, 0xC6, 0xF0, 0x86, 0x8A, 0x70, 0x82, 0x95,
    0xA6, 0xEF, 0xD4, 0xEF, 0x54, 0xFB, 0x12, 0xDF, 0xFE, 0x0D, 0xE3, 0x33, 0x48, 0x92, 0x73, 0xB7,
    0xF6, 0xC4, 0x7D, 0x00, 0x41, 0xBD, 0xF6, 0x30, 0x42, 0xCA, 0x93, 0x8F, 0xA5, 0xCC, 0x03, 0x28,
    0x9A, 0xD7, 0x43, 0x8C, 0xFD, 0xBE, 0x4C, 0x99, 0x10, 0x6D, 0x92, 0xA1, 0x05, 0xAE, 0x39, 0xE7,
    0xBF, 0xED, 0x59, 0x64, 0x40, 0x7F, 0xA7, 0x89, 0xA0, 0x6D, 0x05, 0xDE, 0x42, 0xC0, 0x81, 0xF8,
    0x6F, 0x1B, 0x79, 0x20, 0x79, 0x01, 0xF4, 0x14, 0x53, 0x19, 0x82, 0xBE, 0x40, 0x1D, 0xD9, 0x08,
    0xF4, 0x6D, 0x0B, 0x0A, 0xBD, 0x89, 0x72, 0x80, 0xF8, 0xB3, 0x83, 0x62, 0xCE, 0xCF, 0x59, 0xA8,
    0x1D, 0x54, 0x0E, 0xCE, 0x4D, 0xAD, 0xE0, 0xD1, 0x44, 0x3A, 0xDF, 0x2F, 0x45, 0x71, 0x77, 0x71,
    0xA6, 0xE2, 0xC3, 0x12, 0x8B, 0xF0, 0xF2, 0x86, 0xAB, 0xE2, 0xD7, 0x5C, 0x95, 0xA0, 0x28, 0xE3,
    0x16, 0x2A, 0x1E, 0x83, 0xE5, 0x30, 0xFF, 0x79, 0x26, 0xFA, 0x95, 0x46, 0xCB, 0x66, 0xD4, 0x5D,
    0xC6, 0x78, 0x30, 0x67, 0x97, 0x31, 0xEF, 0xC4, 0x84, 0xF5, 0x39, 0xE7, 0x86, 0xF9, 0xB1, 0x20,
    0x78, 0x3A, 0x6C, 0xCB, 0xE9, 0x7E, 0x74, 0xD3, 0xC5, 0xA8, 0x87, 0xCA, 0xBC, 0xEA, 0x05, 0xC1,
    0x78, 0x48, 0xE1, 0xDD, 0xA3, 0x9F, 0xD5, 0x95, 0x7A, 0xEB, 0x2D, 0x9B, 0xFC, 0xEB, 0x8F, 0x40,
    0xFE, 0x03, 0x73, 0x52, 0x33, 0xBE, 0x70, 0x03, 0xCB, 0x77, 0x2F, 0xCE, 0xBE, 0xC5, 0x43, 0x89,
    0xE8, 0x3F, 0xEF, 0xD6, 0xEA, 0x6F, 0xEF, 0xB4, 0xD1, 0x1B, 0x37, 0x30, 0xA0, 0x81, 0x59, 0xDA,
    0x5B, 0x24, 0x72, 0xB9, 0xB7, 0x5E, 0xCB, 0x95, 0x6F, 0x13, 0x9F, 0xDB, 0x09, 0xC5, 0x6C, 0xEE,
    0xA7, 0x8B, 0x43, 0xB7, 0xBD, 0x24, 0xB7, 0xE3, 0x21, 0xD3, 0x51, 0x02, 0xF3, 0xBD, 0xC7, 0x33,
    0x24, 0x4C, 0x1D, 0x82, 0x6C, 0x1E, 0x7A, 0xB5, 0xBA, 0x51, 0x1D, 0x92, 0xA1, 0xA6, 0x40, 0x34,
    0xCE, 0x74, 0xA8, 0xCC, 0x53, 0x9F, 0x9E, 0x38, 0xB0, 0x85, 0x29, 0xD1, 0xCC, 0x27, 0x45, 0xCC,
    0x8F, 0xB7, 0x98, 0x12, 0x21, 0x44, 0xF3, 0x89, 0x11, 0x33, 0x20, 0xDE, 0x4B, 0x26, 0x53, 0xFB,
    0xF9, 0xC7, 0x9C, 0x6D, 0xB9, 0x2E, 0xBC, 0x91, 0x7C, 0x00, 0xE5, 0x38, 0x3A, 0x3F, 0x24, 0x0C,
    0xD6, 0xE0, 0x58, 0x1B, 0xAE, 0x0A, 0x76, 0x14, 0xB5, 0x6F, 0xA9, 0x4E, 0xE1, 0xEB, 0x99, 0x4F,
    0xA6, 0x66, 0x8E, 0xE4, 0xDB, 0x74, 0xB4, 0x39, 0xA3, 0x84, 0x89, 0x9A, 0xCF, 0x95, 0x2A, 0x9F,
    0x35, 0xE5, 0xC1, 0x7C, 0xE6, 0x87, 0x46, 0x50, 0xAA, 0xA3, 0xD4, 0xC6, 0x96, 0x33, 0xF9, 0x32,
    0xB5, 0x32, 0x2F, 0x57, 0xA9, 0x05, 0x13, 0xB5, 0x69, 0x1F, 0x40, 0xA9, 0x29, 0x6D, 0xD9, 0x2C,
    0x99, 0xFF, 0xBB, 0x5C, 0x99, 0xB9, 0xB3, 0x57, 0x71, 0x8F, 0xBB, 0x5A, 0xBE, 0x88, 0xCB, 0xA3,
    0x23, 0x6A, 0xD5, 0x27, 0xA1, 0x76, 0x17, 0x4B, 0xF0, 0x89, 0x33, 0xA6, 0xF9, 0xA5, 0x10, 0x8B,
    0x3C, 0x48, 0xDA, 0xA2, 0x3A, 0x80, 0x60, 0xF0, 0xE9, 0x61, 0x39, 0x08, 0x9B, 0xB9, 0x93, 0x9A,
    0xAA, 0x62, 0x3A, 0xC0, 0xEE, 0x8E, 0x7C, 0x38, 0x85, 0xCE, 0x57, 0x8E, 0x10, 0xC8, 0xF2, 0x03,
    0xEA, 0x2A, 0x52, 0x5D, 0x1E, 0xC4, 0xD9, 0xEC, 0xF0, 0x8C, 0xE2, 0x78, 0xCE, 0x16, 0xB6, 0x1D,
    0x5F, 0xAC, 0xE0, 0xB0, 0x17, 0xF9, 0x95, 0x55, 0x45, 0x83, 0xBB, 0x66, 0x08, 0x7C, 0x2A, 0x47,
    0xCA, 0x8C, 0x37, 0x5D, 0x1D, 0xF3, 0xB8, 0x8F, 0x5F, 0x10, 0xCF, 0xE3, 0x4B, 0x31, 0xFF, 0xC2,
    0xE0, 0xF4, 0xA9, 0xB7, 0xC7, 0xC3, 0xAA, 0xA8, 0xBA, 0xCF, 0x83, 0xB4, 0xA7, 0xEB, 0x98, 0x77,
    0x73, 0x5F, 0x07, 0x62, 0xE5, 0xA0, 0xFB, 0xAC, 0x53, 0x36, 0x69, 0xA2, 0xEA, 0x5E, 0x47, 0x8D,
    0x07, 0x69, 0x41, 0x1E, 0x55, 0x71, 0xAD, 0x6C, 0xDA, 0xEA, 0xBE, 0x1C, 0xEE, 0x7D, 0x64, 0x88,
    0x14, 0xEF, 0xEC, 0xB9, 0xFD, 0x13, 0x1B, 0x1B, 0xCA, 0xDE, 0xFB, 0x9C, 0xD8, 0xA1, 0x79, 0xCA,
    0x7C, 0x1A, 0x64, 0xFE, 0x0B, 0xED, 0x55, 0xBF, 0x8F, 0xDC, 0x44, 0x14, 0xFE, 0xEC, 0xC9, 0x9E,
    0x25, 0x5C, 0xCC, 0x15, 0x5C, 0x93, 0x14, 0xEE, 0x4F, 0x02, 0x37, 0x74, 0x24, 0xCC, 0xE8, 0x28,
    0x69, 0xAE, 0xC8, 0x4A, 0x94, 0xD4, 0x0B, 0x52, 0x28, 0x28, 0x40, 0x8A, 0xD6, 0x0E, 0xFC, 0x01,
    0x2C, 0x35, 0x4D, 0x8A, 0x14, 0x97, 0x6D, 0x42, 0x41, 0x91, 0x22, 0xEB, 0x99, 0x08, 0x21, 0xDA,
    0x6D, 0xA8, 0x68, 0x46, 0x88, 0x1F, 0x12, 0x29, 0x18, 0x84, 0x25, 0x4C, 0xCE, 0xF6, 0xF0, 0x8D,
    0x37, 0x97, 0x5B, 0x05, 0x1A, 0x0A, 0x3A, 0x56, 0x33, 0xD6, 0x7A, 0x66, 0xDE, 0x9B, 0xEF, 0xBD,
    0xF7, 0x7D, 0xCF, 0x98, 0x69, 0x98, 0x4E, 0xB4, 0x1B, 0xE9, 0x96, 0x85, 0xAD, 0x54, 0x5D, 0x29,
    0x6D, 0x2A, 0x34, 0x06, 0x43, 0x83, 0xBE, 0x49, 0xFB, 0x46, 0xB4, 0xCB, 0xCC, 0xA9, 0xC2, 0xCA,
    0x11, 0xD0, 0xC8, 0xB6, 0xD2, 0x67, 0x5B, 0xE0, 0x48, 0x1B, 0x5B, 0xDA, 0xB2, 0x56, 0x5A, 0xA1,
    0x82, 0x41, 0x83, 0x11, 0xC6, 0x5D, 0xD5, 0xC0, 0x0C, 0x80, 0xAA, 0x81, 0xA0, 0x21, 0x02, 0x90,
    0x1B, 0xE0, 0x15, 0xCE, 0x2F, 0x47, 0xA4, 0xDB, 0x01, 0x79, 0xDD, 0xA3, 0x58, 0x8F, 0x2B, 0x15,
    0xC2, 0x16, 0xA2, 0x03, 0x44, 0x0B, 0x5C, 0xFB, 0x13, 0x30, 0x3C, 0x7B, 0xF1, 0x0B, 0xA1, 0xE6,
    0xD4, 0xE9, 0x2F, 0x0F, 0x20, 0x6C, 0x06, 0x41, 0xAF, 0xD9, 0x62, 0x05, 0x19, 0x3A, 0xCC, 0x92,
    0x21, 0x1E, 0xC0, 0x15, 0xDE, 0x79, 0x83, 0x77, 0x2A, 0x0C, 0x50, 0x9F, 0x77, 0xDC, 0x23, 0xA8,
    0x9B, 0xDC, 0x4A, 0xF8, 0x50, 0x01, 0x49, 0x57, 0x6A, 0xE1, 0x4B, 0x48, 0x2E, 0x17, 0x96, 0x4B,
    0x0F, 0x56, 0x50, 0x4F, 0x3A, 0x28, 0xDD, 0x13, 0xEF, 0xB0, 0x9B, 0x49, 0x0F, 0x95, 0x76, 0x28,
    0xDF, 0x72, 0xC8, 0x79, 0x25, 0x4E, 0xA7, 0xDB, 0x09, 0x4D, 0x85, 0x71, 0xB9, 0x7E, 0xF4, 0x05,
    0xDA, 0xD3, 0xD4, 0x21, 0xB3, 0x90, 0x1A, 0xAF, 0x02, 0xB7, 0x81, 0x16, 0x82, 0x67, 0x2D, 0x0A,
    0x8D, 0x37, 0x76, 0x58, 0x67, 0x34, 0x32, 0x23, 0x43, 0x51, 0x3A, 0xF3, 0x45, 0x9D, 0xFB, 0x52,
    0xE7, 0xAD, 0x82, 0x18, 0x19, 0x5B, 0xA0, 0x71, 0xE8, 0x51, 0x7E, 0x1C, 0x71, 0x06, 0x2C, 0x89,
    0x79, 0x19, 0x31, 0x9F, 0xF4, 0x97, 0x78, 0x8F, 0x74, 0x12, 0xDA, 0xDC, 0x6F, 0xA4, 0x5D, 0x32,
    0x9B, 0x31, 0xFF, 0x75, 0x55, 0x3E, 0x1E, 0x65, 0x18, 0x93, 0x7B, 0x3D, 0x88, 0x50, 0xB4, 0xEF,
    0x67, 0xEE, 0x21, 0xF7, 0x06, 0x24, 0x7A, 0xBA, 0xF2, 0xF6, 0xE5, 0x98, 0x6F, 0xE6, 0x21, 0x8C,
    0xEB, 0xF1, 0xFE, 0xFE, 0x22, 0x5E, 0xC6, 0x7C, 0x3E, 0xAD, 0xAF, 0xEF, 0xF3, 0xC9, 0xB1, 0x97,
    0xD9, 0xE7, 0xAF, 0x87, 0x48, 0x3D, 0x4A, 0xCB, 0xCA, 0xA5, 0x3D, 0x32, 0x0F, 0xE9, 0x62, 0xA2,
    0xCA, 0x9A, 0x29, 0x9A, 0x06, 0x2E, 0x86, 0x8E, 0x8B, 0xD2, 0x22, 0xDF, 0x22, 0x65, 0xB1, 0x3E,
    0x98, 0xAC, 0x89, 0xE4, 0xE1, 0xB4, 0x5D, 0xD4, 0x31, 0xC7, 0x39, 0xB3, 0xE2, 0xA3, 0x17, 0x8E,
    0x7C, 0x1A, 0x74, 0xC7, 0x75, 0xFA, 0xA7, 0xBD, 0x89, 0x71, 0x70, 0x87, 0x7E, 0x3E, 0x7C, 0x96,
    0xB4, 0x9B, 0x28, 0x7F, 0x0F, 0xC8, 0xC7, 0xAA, 0x66, 0xB6, 0x6A, 0xE9, 0x95, 0x96, 0x5B, 0x45,
    0x00, 0x15, 0x4D, 0x1A, 0xF2, 0x87, 0x55, 0xD5, 0x31, 0x6B, 0xC6, 0x1D, 0x81, 0xAC, 0xFA, 0x97,
    0x2C, 0x8D, 0xA5, 0xE4, 0x7D, 0x95, 0xCF, 0xCE, 0x9D, 0xF8, 0x74, 0x42, 0xC2, 0x00, 0xF6, 0xC3,
    0xAB, 0xC0, 0x71, 0x14, 0x4E, 0x55, 0x68, 0xF1, 0x9C, 0x35, 0x1A, 0x03, 0x01, 0xF7, 0x3C, 0xDD,
    0x72, 0x1E, 0x4E, 0xBC, 0xE1, 0xE6, 0x23, 0xB2, 0xD4, 0x03, 0x92, 0x0C, 0xD9, 0x24, 0x5A, 0x38,
    0xA1, 0x8B, 0x6F, 0x6F, 0xA1, 0x0C, 0x21, 0x52, 0xE5, 0x92, 0x05, 0x21, 0xB2, 0xA0, 0x22, 0xEB,
    0x54, 0x9D, 0xBA, 0xA8, 0x00, 0xDE, 0xC1, 0xD4, 0xC2, 0xB0, 0xD2, 0xEF, 0x92, 0x0D, 0x88, 0x79,
    0x37, 0xAC, 0x4F, 0x83, 0x0D, 0xD9, 0x67, 0xC8, 0xDA, 0x32, 0xB2, 0x60, 0x62, 0xDD, 0xFF, 0xAA,
    0xF9, 0xAF, 0x55, 0x73, 0xFD, 0x72, 0xCC, 0x97, 0x73, 0x13, 0xC2, 0xC2, 0xAC, 0xF7, 0x17, 0x77,
    0xAA, 0x89, 0xEB, 0xEB, 0xF5, 0x0B, 0xAA, 0x31, 0xFB, 0xAA, 0x39, 0x70, 0x91, 0x45, 0x43, 0x2C,
    0xC1, 0x4E, 0x32, 0x2C, 0x9B, 0x9A, 0x8A, 0xCD, 0x7A, 0x35, 0x53, 0x95, 0x9B, 0xE9, 0x7F, 0x35,
    0x69, 0x87, 0x07, 0x32, 0x07, 0xF8, 0x0B, 0x5F, 0x2F, 0xA8, 0x26, 0xF3, 0x97, 0x23, 0xAA, 0xC6,
    0xC7, 0xF5, 0x9D, 0x53, 0xDA, 0x0F, 0xC8, 0xDA, 0xA8, 0xA1, 0x8F, 0x76, 0xB6, 0xC7, 0x77, 0x90,
    0x3E, 0x0D, 0x3C, 0x41, 0x95, 0xD4, 0xCD, 0x54, 0xC5, 0x0A, 0x3D, 0x1A, 0xC6, 0x3B, 0x90, 0x15,
    0x43, 0xDE, 0xC1, 0x2C, 0x3A, 0xAD, 0x7E, 0x0B, 0x7A, 0xC6, 0x70, 0x70, 0x75, 0x95, 0x9E, 0xB7,
    0xF2, 0x71, 0x57, 0x9E, 0x74, 0x4A, 0x78, 0x73, 0xAB, 0x0E, 0xF7, 0x68, 0x42, 0x78, 0x5A, 0x9D,
    0xD8, 0x82, 0x54, 0x63, 0x2A, 0x8F, 0x79, 0xA6, 0x93, 0x76, 0x50, 0xBA, 0x61, 0x1F, 0x6F, 0xD0,
    0x8C, 0x18, 0x86, 0x24, 0x0A, 0xAA, 0xCA, 0x1D, 0xCF, 0x24, 0xA7, 0x48, 0xCE, 0x70, 0x37, 0x1D,
    0x59, 0xC2, 0x4A, 0x12, 0xFC, 0x7B, 0x44, 0x1F, 0xD5, 0xC0, 0x4A, 0x10, 0x2D, 0x5E, 0x27, 0x13,
    0xBF, 0x67, 0xBE, 0xED, 0x10, 0xAB, 0x55, 0x4F, 0x38, 0x17, 0x5A, 0x84, 0xF6, 0x25, 0xA2, 0x8A,
    0xB7, 0xF1, 0xBB, 0x30, 0xE4, 0x3F, 0xF4, 0xE5, 0x9D, 0x88, 0x41, 0xE5, 0xB6, 0x18, 0x41, 0x9F,
    0x92, 0x3B, 0xF1, 0x40, 0x9C, 0x51, 0x24, 0xA2, 0x5B, 0x40, 0xFC, 0x11, 0xEA, 0x6C, 0x50, 0x75,
    0xDE, 0x95, 0x64, 0xC4, 0xAE, 0x23, 0x48, 0x76, 0x84, 0xC2, 0x9A, 0x5D, 0xBC, 0xDA, 0x1C, 0xF2,
    0x6B, 0xE3, 0xA2, 0x5A, 0xFE, 0xC1, 0xFE, 0x2E, 0x21, 0x6F, 0x33, 0x7F, 0x83, 0x79, 0x64, 0x2E,
    0x7F, 0x26, 0xFF, 0x7E, 0xE5, 0x24, 0x9B, 0x8A, 0x6F, 0xD8, 0x7A, 0x3E, 0x21, 0x8B, 0x4F, 0x22,
    0x46, 0x33, 0xD1, 0x41, 0xB5, 0x99, 0xCF, 0x7C, 0xEE, 0xA4, 0x93, 0xDB, 0x62, 0xEF, 0x4B, 0xD6,
    0xC0, 0x1C, 0x56, 0x6E, 0x86, 0xE3, 0xCF, 0xCE, 0x0E, 0x56, 0xE5, 0x93, 0x51, 0xB5, 0xB2, 0x33,
    0x5F, 0x75, 0xD2, 0x9B, 0x37, 0x5B, 0xE2, 0xA0, 0x38, 0xEC, 0x90, 0x11, 0x5B, 0x4F, 0x80, 0x49,
    0x2F, 0x5D, 0x95, 0x76, 0x72, 0xDB, 0x88, 0x4E, 0xFE, 0x38, 0x88, 0x36, 0x1F, 0xA6, 0xD6, 0x48,
    0x5B, 0x94, 0xDF, 0xB1, 0x4E, 0x9D, 0x61, 0x8A, 0x9E, 0xE1, 0xB7, 0x64, 0xB0, 0x8E, 0xF7, 0xF7,
    0x93, 0x82, 0x9A, 0x64, 0xE0, 0x5B, 0xB0, 0x91, 0x76, 0x07, 0x67, 0xC7, 0xC8, 0xFA, 0x60, 0x93,
    0xF3, 0xDC, 0x25, 0xF4, 0x9E, 0xF6, 0x99, 0xA7, 0x33, 0x27, 0xBC, 0x64, 0x3C, 0xD2, 0xE6, 0xAE,
    0xD4, 0xD2, 0x35, 0x8C, 0xA5, 0x45, 0xF1, 0xF5, 0xD4, 0x8E, 0x23, 0xB3, 0x76, 0x33, 0x12, 0x6B,
    0xB1, 0x12, 0x3F, 0xB1, 0x86, 0xBD, 0xB4, 0xEF, 0xC8, 0x8E, 0xFD, 0xA3, 0x66, 0xDB, 0xBC, 0x92,
    0xFB, 0xEB, 0xC2, 0x2F, 0x85, 0x2B, 0x43, 0x1D, 0xD5, 0xFD, 0x5A, 0xE4, 0xE0, 0xB5, 0xA7, 0xA8,
    0xC2, 0xDF, 0xBA, 0xE1, 0xAE, 0xCD, 0xBF, 0x8D, 0xB2, 0x8B, 0x7D, 0xF6, 0x2F, 0x8D, 0x58, 0x31,
    0xAC, 0xDE, 0x56, 0x15, 0xBE, 0xB6, 0xFB, 0x9E, 0x51, 0x8C, 0x6A, 0x06, 0x8A, 0x50, 0x02, 0x31,
    0x03, 0x43, 0x55, 0x25, 0x75, 0x07, 0x86, 0x80, 0x5E, 0xE2, 0x1F, 0x31, 0x74, 0x88, 0x50, 0xDF,
    0x90, 0xA7, 0x0E, 0x15, 0x7A, 0x0C, 0x6C, 0x08, 0x1E, 0x43, 0x87, 0x08, 0xA5, 0xB5, 0x4B, 0x86,
    0x0E, 0x0C, 0x3C, 0x21, 0x05, 0x86, 0x0E, 0x0D, 0x52, 0x91, 0xDA, 0xBF, 0xC3, 0xDF, 0x21, 0xA0,
    0x20, 0x25, 0xB1, 0x4B, 0x86, 0x48, 0x74, 0xC0, 0x55, 0x28, 0x95, 0x60, 0xA8, 0x2B, 0x25, 0x0C,
    0xC9, 0x90, 0x5B, 0xE2, 0x12, 0xBF, 0x3C, 0xDB, 0x87, 0xEF, 0x3B, 0xD7, 0xFF, 0x9F, 0x44, 0x2D,
    0x12, 0x56, 0xDE, 0x39, 0x37, 0xBF, 0xED, 0x7B, 0xCF, 0x3D, 0xF7, 0x3B, 0xDF, 0x39, 0xC7, 0xC6,
    0xE8, 0xE5, 0xC9, 0x00, 0x99, 0x8A, 0x14, 0xC6, 0x48, 0x51, 0x56, 0x26, 0x18, 0x4D, 0x56, 0x98,
    0xA8, 0x37, 0xDF, 0x36, 0x26, 0x69, 0xF9, 0x48, 0x6A, 0x29, 0xB3, 0xE6, 0xE0, 0x7C, 0xFE, 0x66,
    0x56, 0x67, 0x22, 0x7D, 0x5E, 0x07, 0xB2, 0xD5, 0x67, 0x35, 0x9E, 0xBD, 0x04, 0x39, 0x98, 0x8B,
    0x59, 0x13, 0xF6, 0x7C, 0x1E, 0xEF, 0x99, 0x48, 0x16, 0xE3, 0xDC, 0x98, 0x52, 0x44, 0x30, 0xFF,
    0xF6, 0xDE, 0x16, 0xDE, 0x4E, 0xEC, 0xC3, 0x33, 0x79, 0xBB, 0x90, 0x75, 0xD0, 0x18, 0x93, 0xD7,
    0x61, 0x6D, 0x0E, 0xE0, 0xC9, 0xCA, 0xC4, 0x2A, 0x8D, 0x79, 0xEC, 0x31, 0x3E, 0x74, 0x64, 0x83,
    0xF2, 0xD8, 0x69, 0xCA, 0x3F, 0xF1, 0xB5, 0x9C, 0x86, 0x46, 0x42, 0x43, 0xF3, 0xFD, 0xAB, 0x52,
    0x79, 0x72, 0xED, 0x55, 0x81, 0x1D, 0x27, 0xE3, 0xBC, 0x8A, 0xC7, 0xC7, 0x0F, 0xE7, 0xB3, 0xA4,
    0x3F, 0x7A, 0xE4, 0x9B, 0x26, 0xED, 0x36, 0x8E, 0x61, 0xF6, 0xF6, 0xC5, 0x0B, 0x90, 0xD6, 0xE2,
    0xD5, 0xFC, 0x93, 0x8F, 0x6B, 0xC8, 0x7F, 0x5F, 0xC5, 0xEC, 0xF9, 0xDD, 0x57, 0xB1, 0xD1, 0x7C,
    0xFF, 0x39, 0xDA, 0x21, 0x8F, 0x53, 0x0E, 0x47, 0xCD, 0x57, 0x4D, 0x32, 0x6E, 0x98, 0x8B, 0x98,
    0xBE, 0x3B, 0x64, 0x8D, 0xEF, 0x0C, 0x11, 0x2E, 0xE8, 0x5F, 0xBF, 0x39, 0x33, 0x26, 0xB8, 0x8A,
    0x97, 0x4C, 0x78, 0x12, 0x43, 0x13, 0xC7, 0xCE, 0x71, 0x66, 0x8D, 0xE2, 0x10, 0x1F, 0xF2, 0xD4,
    0xAA, 0x68, 0xF0, 0xF1, 0x5A, 0x66, 0x8D, 0xD4, 0x06, 0x83, 0xB2, 0xF6, 0x65, 0x66, 0xF2, 0x22,
    0x84, 0x13, 0x9E, 0x34, 0x31, 0xBD, 0x6C, 0x92, 0x5E, 0xF7, 0xDF, 0x3D, 0xB1, 0xF9, 0x16, 0x2C,
    0xCC, 0xEF, 0x8A, 0xC9, 0x6D, 0x22, 0x32, 0x2B, 0x6D, 0xDC, 0xE5, 0x46, 0x9A, 0xC4, 0xBE, 0x04,
    0x99, 0xC2, 0x5A, 0x48, 0x9A, 0xD0, 0x64, 0x90, 0xA5, 0xCD, 0x68, 0xB3, 0xCD, 0x67, 0x7C, 0xB7,
    0x9C, 0xBD, 0x63, 0xD2, 0x51, 0x7C, 0x4B, 0x67, 0x2C, 0x6A, 0xB5, 0x76, 0xC6, 0x13, 0xEC, 0x38,
    0xF7, 0x13, 0xC6, 0x9D, 0xA6, 0x34, 0xD8, 0x9E, 0x88, 0x85, 0x6D, 0xD5, 0x4E, 0xC3, 0xA3, 0x8D,
    0x6A, 0x8C, 0x8B, 0xB0, 0xC2, 0x0B, 0x33, 0xC8, 0x40, 0x8C, 0x37, 0xA3, 0xC4, 0x85, 0x63, 0xE4,
    0xF6, 0xD4, 0xC4, 0x48, 0x4D, 0x8C, 0xC7, 0x39, 0x8E, 0x08, 0x27, 0x02, 0x53, 0x92, 0xBD, 0x2D,
    0xCE, 0xFF, 0x00, 0x0A, 0x07, 0xCA, 0xFB, 0x6F, 0xE8, 0x4D, 0xFC, 0xB4, 0x56, 0xDE, 0xDC, 0xC4,
    0x4F, 0x65, 0xCD, 0xBB, 0x7A, 0x7C, 0x9E, 0xCA, 0x4C, 0x8D, 0xCA, 0x55, 0x2E, 0xAF, 0x50, 0x6E,
    0x2C, 0xCF, 0xD1, 0x13, 0xAE, 0x1C, 0xF4, 0x1E, 0xEE, 0x47, 0x9D, 0xC1, 0x38, 0x6E, 0xCD, 0xA0,
    0x72, 0x53, 0xA5, 0x79, 0x44, 0xFA, 0x00, 0x14, 0x8D, 0xE5, 0x74, 0xDE, 0xF6, 0x40, 0x40, 0x11,
    0x6E, 0x66, 0xFD, 0xED, 0xF1, 0x2D, 0xB5, 0x04, 0xAF, 0x1E, 0x58, 0xDC, 0x7F, 0x93, 0xCF, 0x37,
    0x6A, 0x27, 0xCF, 0xCB, 0x5C, 0x39, 0xC5, 0x77, 0x45, 0xCE, 0x5D, 0x52, 0x70, 0x75, 0xEA, 0x92,
    0x06, 0xA7, 0x71, 0x48, 0xB7, 0xCD, 0xA5, 0x1E, 0xB9, 0x92, 0x49, 0x1F, 0x9F, 0xF4, 0xC5, 0x29,
    0x44, 0xEC, 0x26, 0xDE, 0x7C, 0x45, 0xAE, 0xDF, 0x19, 0xA0, 0x7F, 0x29, 0xC4, 0x75, 0x20, 0x0B,
    0x91, 0xDB, 0x52, 0x04, 0xD2, 0x66, 0xF2, 0x3D, 0xEA, 0x3A, 0x1B, 0x7D, 0xEA, 0x2A, 0xEB, 0xE9,
    0x61, 0x99, 0x65, 0x2D, 0xF6, 0x18, 0xF1, 0x88, 0xA1, 0x71, 0xFE, 0x79, 0x03, 0x28, 0xC4, 0x3D,
    0x7C, 0x15, 0x8E, 0xD4, 0x52, 0x45, 0x83, 0x49, 0x3A, 0xF8, 0x0B, 0xFF, 0x49, 0xF1, 0x70, 0x01,
    0x9D, 0xD9, 0x78, 0xD2, 0x89, 0x00, 0xD0, 0xD0, 0x99, 0xCC, 0xE2, 0xF1, 0x42, 0xDE, 0xEC, 0xE3,
    0x65, 0xB1, 0xE5, 0xFB, 0x77, 0xB9, 0x78, 0x61, 0x82, 0xDA, 0x19, 0x17, 0x17, 0x9F, 0x6F, 0xFB,
    0xF2, 0x4A, 0xF1, 0x6C, 0xA2, 0x68, 0xA8, 0x30, 0x6E, 0xE0, 0x0E, 0xFC, 0xF5, 0x3C, 0x01, 0x60,
    0xA3, 0xA5, 0x7B, 0x3A, 0x03, 0x2C, 0x61, 0xCE, 0xDE, 0xE9, 0x7F, 0x8E, 0x86, 0x81, 0x19, 0x5C,
    0x17, 0xAE, 0xE1, 0xBD, 0xF0, 0xA1, 0x9C, 0x7B, 0xE1, 0x03, 0xF5, 0x3D, 0xDD, 0xEF, 0x2F, 0x6E,
    0xC9, 0xFD, 0xC5, 0x2D, 0xAC, 0x3B, 0x83, 0xA9, 0x85, 0x59, 0xDB, 0x39, 0x97, 0xEF, 0xED, 0x9C,
    0xD3, 0xC0, 0x14, 0x19, 0xCD, 0x7A, 0x39, 0x5F, 0x48, 0x89, 0x83, 0x38, 0x81, 0xE3, 0x3E, 0xA1,
    0xF6, 0x04, 0xF2, 0x12, 0xF4, 0x19, 0xAC, 0xC8, 0x23, 0xBB, 0x04, 0x98, 0x50, 0x03, 0xAD, 0xF9,
    0xA4, 0x33, 0xFC, 0xF9, 0x9D, 0x63, 0x9B, 0x1C, 0xE6, 0xC6, 0x96, 0xE4, 0x51, 0x98, 0x90, 0x60,
    0x43, 0x78, 0xBC, 0xB1, 0xC4, 0xB4, 0x6E, 0x55, 0x3E, 0x16, 0x65, 0x11, 0x38, 0xBC, 0x73, 0xA0,
    0xD3, 0xA8, 0xA2, 0x1B, 0x07, 0x3D, 0xEE, 0xA5, 0x2E, 0xE2, 0x41, 0x11, 0x3E, 0x8B, 0xFB, 0x40,
    0xF1, 0x9E, 0xF4, 0x51, 0x05, 0xAB, 0xB0, 0x5E, 0x82, 0x68, 0x1D, 0x11, 0x57, 0xE5, 0x39, 0x20,
    0x7D, 0x5D, 0xFE, 0x2A, 0xF4, 0xAD, 0x8C, 0x31, 0x36, 0x00, 0xBD, 0xEB, 0x8D, 0x2E, 0x54, 0x7D,
    0x4C, 0x94, 0x62, 0x11, 0x10, 0x1C, 0xC2, 0x95, 0x78, 0x25, 0xA5, 0x38, 0x9D, 0x43, 0x87, 0x1D,
    0x83, 0xD3, 0x10, 0xC1, 0x86, 0x46, 0x01, 0x93, 0x19, 0xA9, 0x03, 0xBE, 0x54, 0xED, 0x49, 0xBB,
    0xA2, 0x8A, 0x74, 0xDA, 0x87, 0x86, 0x86, 0xDB, 0x09, 0x6C, 0x7C, 0xDF, 0xED, 0x85, 0xD6, 0xBB,
    0xDD, 0xD0, 0xEE, 0x4C, 0x43, 0x90, 0x96, 0xA7, 0x0F, 0x8F, 0xE8, 0x1A, 0xEC, 0x22, 0xEB, 0x03,
    0x29, 0x5B, 0xDD, 0x47, 0x1B, 0xB7, 0x71, 0xC7, 0x9D, 0xE4, 0x36, 0x6D, 0x60, 0x0C, 0x36, 0x8C,
    0x79, 0x9A, 0xC0, 0x62, 0xF4, 0x02, 0x68, 0xBC, 0xC5, 0xFE, 0x13, 0x22, 0x3E, 0x65, 0x80, 0x27,
    0x23, 0xA2, 0x39, 0xC6, 0xFF, 0xB0, 0xA7, 0xB2, 0xC1, 0x04, 0x23, 0x77, 0x95, 0x93, 0x22, 0x30,
    0x33, 0x80, 0xD6, 0xD2, 0xDB, 0x15, 0x27, 0x53, 0x7C, 0xD4, 0xA6, 0x6C, 0xE0, 0x85, 0x8B, 0x00,
    0x2E, 0x9C, 0x1D, 0x8F, 0x40, 0x4D, 0x06, 0x66, 0xAB, 0x23, 0xC1, 0xFE, 0xB3, 0xCA, 0x27, 0xF9,
    0xFE, 0x42, 0x4C, 0x59, 0x20, 0xCA, 0x5F, 0x91, 0x56, 0x6E, 0x8F, 0xA4, 0xFC, 0x59, 0x6A, 0xD3,
    0xE5, 0xB6, 0x8D, 0x39, 0xA5, 0x94, 0x5D, 0x99, 0xF3, 0xC4, 0x1E, 0x5C, 0x5B, 0xF9, 0x2D, 0xF6,
    0xDF, 0xD0, 0x5B, 0x41, 0xA7, 0xFE, 0x85, 0x25, 0xD8, 0x03, 0x7E, 0xE6, 0x08, 0xCB, 0x05, 0x56,
    0x7D, 0x0B, 0x1F, 0x84, 0xB5, 0x8E, 0x80, 0x92, 0xB8, 0xD2, 0x11, 0xA2, 0x3C, 0x21, 0x05, 0x5A,
    0x6F, 0x1F, 0x81, 0x48, 0x4F, 0xB6, 0xC1, 0xBD, 0xD1, 0xBC, 0xEC, 0x5C, 0xCA, 0x8B, 0x4E, 0x72,
    0x57, 0xCB, 0xBB, 0x49, 0x40, 0x9A, 0x24, 0x77, 0x9D, 0x08, 0x84, 0xA0, 0xC6, 0xE8, 0x92, 0x2F,
    0x27, 0x49, 0x50, 0x69, 0x87, 0xC8, 0x7B, 0x8E, 0xE7, 0x90, 0xEC, 0x59, 0x4F, 0x5E, 0xD7, 0x18,
    0xDA, 0x87, 0x65, 0x57, 0x74, 0x04, 0x9B, 0xC5, 0x31, 0x21, 0x7C, 0xE3, 0xA8, 0x35, 0x16, 0x77,
    0xCA, 0x64, 0x47, 0xB5, 0x96, 0x23, 0x22, 0xA1, 0xD2, 0x51, 0x37, 0x8D, 0xB0, 0xF8, 0x0D, 0x53,
    0x56, 0xCA, 0x12, 0x50, 0xB7, 0xDE, 0x96, 0x0A, 0x0A, 0x0E, 0xAE, 0x55, 0xA5, 0x56, 0x55, 0xF2,
    0x90, 0x3A, 0x3B, 0xFC, 0xFF, 0xCA, 0x98, 0xA5, 0x2A, 0x54, 0x89, 0x2A, 0x4F, 0x8C, 0x9C, 0x95,
    0xF9, 0x62, 0xA4, 0x22, 0xD1, 0xA9, 0xDA, 0xD5, 0x84, 0x40, 0xB2, 0xC4, 0xC1, 0x90, 0x87, 0xB7,
    0x1D, 0xDB, 0x8B, 0x23, 0x63, 0x17, 0x54, 0x70, 0xD4, 0x53, 0x0B, 0x39, 0x3F, 0xED, 0xC5, 0xC9,
    0x75, 0xB9, 0xD3, 0xE9, 0x4D, 0xE2, 0xBA, 0xCE, 0x5B, 0x85, 0x1D, 0xF2, 0xCD, 0x40, 0x89, 0x8D,
    0x02, 0x10, 0x48, 0x07, 0xE0, 0x7C, 0x26, 0xBB, 0x4A, 0xF1, 0x81, 0x7C, 0xD7, 0x78, 0x9A, 0xF5,
    0x48, 0x4E, 0xA0, 0x38, 0x2C, 0x58, 0xD6, 0x31, 0x33, 0x60, 0xF3, 0x34, 0x64, 0xB6, 0xF7, 0x1F,
    0xF9, 0x07, 0xA6, 0xFC, 0x18, 0xA8, 0x8B, 0x90, 0xF0, 0x5A, 0xB2, 0xEF, 0xDA, 0xA3, 0x54, 0x95,
    0x69, 0xDE, 0x7D, 0x6A, 0x3E, 0x9F, 0x3F, 0x48, 0x1A, 0xBE, 0xE6, 0x8C, 0x94, 0x58, 0x35, 0xE0,
    0xD9, 0x65, 0xCE, 0x40, 0x56, 0x10, 0xCD, 0x46, 0xC4, 0x70, 0x63, 0x76, 0xE9, 0x96, 0x55, 0x06,
    0x8A, 0x09, 0x04, 0x02, 0xBF, 0x5B, 0x6E, 0xD6, 0xC9, 0x4C, 0xE3, 0xCE, 0x65, 0xA6, 0xD0, 0xA5,
    0xBC, 0x87, 0xA4, 0x4B, 0x82, 0x2E, 0x2D, 0x92, 0xC8, 0x59, 0x0F, 0xDD, 0xD8, 0x21, 0xDE, 0x74,
    0xF1, 0xC8, 0x81, 0x7A, 0x99, 0x5F, 0xCF, 0xE2, 0x47, 0xCC, 0xF4, 0x2C, 0x14, 0x19, 0x55, 0x6A,
    0xCD, 0x7B, 0xA3, 0xC6, 0xAF, 0xAF, 0xEB, 0xCE, 0x90, 0x70, 0x39, 0x5D, 0xEA, 0x66, 0xED, 0xD5,
    0xE7, 0x4A, 0x69, 0xD1, 0x98, 0xC0, 0xCC, 0xB5, 0xED, 0xB1, 0xFC, 0x60, 0x4B, 0x13, 0x13, 0x2C,
    0x3A, 0xB0, 0x18, 0xE5, 0xFE, 0x9C, 0xB4, 0x93, 0x77, 0x8A, 0x4E, 0x25, 0x81, 0xAC, 0x4D, 0xC9,
    0x65, 0x4C, 0x0A, 0xCC, 0x9C, 0x36, 0xA2, 0x2A, 0x91, 0x47, 0x68, 0x5C, 0x13, 0x68, 0x95, 0x52,
    0x2B, 0xA3, 0xB3, 0xE6, 0x68, 0x89, 0x7E, 0xFC, 0x31, 0x0C, 0x99, 0x78, 0x74, 0xEA, 0x36, 0x55,
    0x89, 0xBA, 0xAD, 0x3D, 0x64, 0x33, 0x4C, 0xE5, 0xDB, 0xE3, 0x98, 0xC9, 0xB7, 0x67, 0x30, 0x91,
    0xDF, 0xFC, 0x88, 0x13, 0xC0, 0x7D, 0xF2, 0xF7, 0x46, 0xB1, 0x5B, 0x2F, 0x2B, 0x42, 0x5F, 0x5D,
    0x99, 0xD2, 0x57, 0xEB, 0x22, 0x11, 0x08, 0xF3, 0x43, 0x3A, 0x6E, 0x2D, 0x54, 0x3F, 0x44, 0xEA,
    0xAC, 0x72, 0xD0, 0x50, 0xA1, 0xA5, 0xE9, 0x36, 0xE5, 0x97, 0x52, 0x8D, 0x14, 0x27, 0x75, 0x23,
    0xB1, 0x96, 0x52, 0x89, 0xAB, 0xEC, 0x1E, 0xB9, 0xDE, 0x59, 0x0E, 0x02, 0xBB, 0xCA, 0xBF, 0x53,
    0x4E, 0x33, 0x5E, 0x3E, 0x65, 0xB5, 0x75, 0x4D, 0xED, 0x3A, 0xDB, 0x6F, 0x87, 0xD2, 0xFD, 0x78,
    0x21, 0xEA, 0x93, 0xE9, 0x95, 0xB8, 0x8D, 0xBA, 0x29, 0xCD, 0xD9, 0xA0, 0x9F, 0x50, 0xD4, 0xB8,
    0x93, 0x64, 0x6D, 0xE9, 0xBB, 0x3C, 0x0F, 0x70, 0x2C, 0x47, 0xAC, 0x1B, 0x1D, 0xBA, 0xA4, 0x98,
    0x46, 0xDE, 0x6A, 0x84, 0xBC, 0x3D, 0x8D, 0x70, 0x60, 0xFE, 0x6A, 0x84, 0x7F, 0x3F, 0x2D, 0x14,
    0x20, 0x81, 0x84, 0x04, 0x15, 0x2A, 0xA5, 0x60, 0x4C, 0xAE, 0x8F, 0x5A, 0x2D, 0x45, 0x7D, 0xF6,
    0xAE, 0x98, 0xF5, 0x05, 0x68, 0xAA, 0xCB, 0x0B, 0x04, 0x0A, 0x9E, 0x40, 0xB0, 0x62, 0x74, 0x09,
    0x09, 0x2D, 0xAB, 0x11, 0xA1, 0xE6, 0x62, 0x02, 0x66, 0x9E, 0xC9, 0xBB, 0x20, 0xAB, 0xB2, 0x14,
    0x8C, 0xF7, 0x3B, 0x93, 0xEE, 0x85, 0x3C, 0x3B, 0x17, 0xA5, 0x4B, 0xF8, 0xE9, 0x68, 0x58, 0x15,
    0x4C, 0xFD, 0x72, 0x14, 0xAD, 0x46, 0x71, 0xB7, 0xF2, 0xD6, 0x8A, 0x65, 0x0F, 0x9E, 0x7F, 0xC8,
    0xAF, 0x1E, 0x19, 0x1E, 0xC7, 0xCF, 0x37, 0x92, 0x46, 0xE1, 0x53, 0x95, 0x2A, 0x73, 0xFA, 0x64,
    0x92, 0xA5, 0xFA, 0xE7, 0x8A, 0xFA, 0x4B, 0x9F, 0xF9, 0x44, 0x4F, 0xF1, 0x6E, 0xAB, 0x27, 0x6A,
    0xF5, 0xE4, 0x6A, 0x9D, 0x07, 0x07, 0xF7, 0x05, 0x25, 0x8B, 0xC3, 0x01, 0x3D, 0x92, 0x29, 0x30,
    0xF2, 0x6B, 0xBC, 0x2B, 0x77, 0xC4, 0x55, 0xCB, 0x60, 0xF3, 0x7D, 0xC1, 0xA9, 0xC7, 0x57, 0x07,
    0xF0, 0x47, 0xF2, 0x4A, 0x47, 0xAA, 0x30, 0x36, 0x1C, 0x57, 0xC1, 0xF7, 0x98, 0x1E, 0x00, 0x62,
    0x17, 0x5E, 0x76, 0x72, 0x60, 0x96, 0xF5, 0x44, 0x8F, 0xAD, 0x74, 0xA0, 0x72, 0x75, 0xAC, 0xE6,
    0xC9, 0xCC, 0x55, 0xB5, 0xCC, 0x90, 0x8D, 0x4B, 0x8F, 0x78, 0xE2, 0xC7, 0x72, 0xAB, 0x1C, 0x77,
    0x8D, 0x46, 0x4C, 0x6D, 0x9E, 0x97, 0x73, 0x3B, 0xA3, 0x96, 0xB0, 0x58, 0xD3, 0x5B, 0x90, 0xFE,
    0x66, 0xAE, 0x4C, 0x29, 0xBC, 0xED, 0x71, 0x2B, 0xDF, 0x33, 0xAC, 0xBA, 0x98, 0x9F, 0x93, 0x3E,
    0x9C, 0x50, 0x38, 0xBA, 0xE8, 0xDD, 0x35, 0x2E, 0xA1, 0x1B, 0x97, 0xCF, 0x8D, 0x4B, 0xE7, 0x66,
    0xC9, 0xEA, 0x46, 0x26, 0x55, 0x3B, 0x54, 0xA8, 0xCA, 0x5D, 0xD6, 0x2E, 0x57, 0x25, 0xAD, 0xE7,
    0xCE, 0xC3, 0xC1, 0x14, 0x86, 0xF0, 0x16, 0xD3, 0xEA, 0x4F, 0x4B, 0x1C, 0x6E, 0x77, 0x24, 0x65,
    0xA5, 0xB7, 0x11, 0xA3, 0x18, 0x2C, 0x36, 0xE2, 0x16, 0x1E, 0x3C, 0x1D, 0xA1, 0x22, 0x31, 0x17,
    0xB4, 0xB4, 0x78, 0x47, 0xAB, 0x1E, 0xAB, 0x56, 0xB0, 0x0B, 0xB2, 0x5E, 0xC3, 0x52, 0xC2, 0xBF,
    0xB9, 0x75, 0x8A, 0x71, 0x2D, 0x03, 0xE4, 0x47, 0x72, 0x03, 0xF2, 0x2C, 0x70, 0xD3, 0x84, 0xCF,
    0x22, 0xA8, 0x9B, 0x48, 0x33, 0x7D, 0x1C, 0x33, 0xB3, 0xC7, 0x98, 0x2A, 0xED, 0x0F, 0x63, 0xE7,
    0x91, 0xFC, 0x04, 0x4B, 0xF9, 0x4A, 0xFB, 0x53, 0x1F, 0x67, 0x5E, 0x52, 0xD3, 0x4E, 0x9B, 0x47,
    0x60, 0x31, 0xC1, 0x59, 0x55, 0xE4, 0x2A, 0x90, 0xD8, 0xA9, 0x13, 0x2E, 0x3A, 0xCF, 0x38, 0xD5,
    0xA9, 0xF2, 0xAD, 0xD6, 0xF4, 0x41, 0xAD, 0x2A, 0xAA, 0xF2, 0xC6, 0x38, 0xC7, 0xF7, 0xDE, 0x94,
    0x6A, 0xCD, 0x65, 0xE7, 0xB5, 0x8E, 0x3E, 0x74, 0x8E, 0xB7, 0x93, 0x62, 0xC6, 0x26, 0x09, 0x20,
    0x5D, 0x53, 0x65, 0xAE, 0x9C, 0xBA, 0xEC, 0x54, 0xAF, 0x49, 0x86, 0xE7, 0x9E, 0x60, 0x3F, 0x82,
    0x54, 0x21, 0x75, 0x89, 0x62, 0x58, 0xA4, 0x5E, 0x41, 0x9B, 0x43, 0x5F, 0x17, 0x01, 0x86, 0x44,
    0x5F, 0x40, 0xF7, 0x83, 0xC2, 0x10, 0xC4, 0x10, 0x59, 0x4D, 0xB4, 0x9B, 0x46, 0x8D, 0x07, 0x17,
    0x2A, 0xCF, 0xF5, 0x2A, 0x99, 0x84, 0x21, 0xD6, 0x9E, 0x17, 0xF9, 0x74, 0x53, 0xAB, 0x02, 0xFB,
    0x94, 0xC8, 0xAD, 0xF9, 0x79, 0x5F, 0x79, 0x24, 0x74, 0x98, 0x1E, 0x1F, 0x04, 0x12, 0xDB, 0x8B,
    0x6F, 0x68, 0xC5, 0x79, 0xC1, 0x44, 0x2D, 0xB9, 0x08, 0x86, 0x25, 0x0D, 0xDC, 0x75, 0x9B, 0xD3,
    0x4F, 0x5D, 0xD5, 0x29, 0x67, 0x96, 0x36, 0xA6, 0xE6, 0xE9, 0xCF, 0xF4, 0x7D, 0xDF, 0xD1, 0xBE,
    0xEF, 0xB4, 0xF6, 0x7D, 0x17, 0xB4, 0xEF, 0xB3, 0xDA, 0xF7, 0x59, 0xED, 0xFB, 0x1A, 0x6E, 0xDB,
    0xAB, 0x79, 0xE2, 0x7E, 0xA5, 0x45, 0x8B, 0x96, 0x33, 0x81, 0x76, 0x76, 0xA1, 0x32, 0x79, 0x38,
    0xA3, 0x8C, 0x14, 0x79, 0xF1, 0x4A, 0x96, 0xF6, 0xB0, 0x22, 0xF3, 0xA8, 0xF6, 0x8C, 0x47, 0x0C,
    0xFB, 0xBE, 0x0D, 0xED, 0xFB, 0x86, 0xCF, 0xF4, 0x7D, 0x9F, 0xAA, 0x69, 0xF6, 0xA1, 0x5E, 0x46,
    0xA9, 0x31, 0xB5, 0xF1, 0x4A, 0xA2, 0xA5, 0x60, 0x55, 0xD4, 0xB0, 0x87, 0xCB, 0xEB, 0xCC, 0xBA,
    0x9A, 0xBD, 0x56, 0xBF, 0xA1, 0xDA, 0xA9, 0x78, 0xD0, 0xFA, 0x05, 0x80, 0x54, 0xC5, 0x36, 0xD1,
    0x68, 0xC1, 0x49, 0xE0, 0x04, 0x23, 0xC3, 0x37, 0x1C, 0x18, 0xCA, 0x61, 0x4F, 0x19, 0xF5, 0x24,
    0xAC, 0xB8, 0x67, 0xD3, 0x18, 0x77, 0x91, 0xF6, 0xFE, 0x2C, 0x1D, 0xB0, 0x94, 0x16, 0xC9, 0xF1,
    0x78, 0x0A, 0x92, 0x49, 0x13, 0x7C, 0xEC, 0xC2, 0xE9, 0xCB, 0x2B, 0xDB, 0x72, 0x04, 0x60, 0xC8,
    0xC3, 0x4A, 0x5B, 0x80, 0x39, 0xAF, 0x02, 0x2E, 0x85, 0xF9, 0x90, 0x3A, 0x7B, 0xF2, 0xF2, 0xA6,
    0xCB, 0xE3, 0x4A, 0x0A, 0xE5, 0xA8, 0x6C, 0xD0, 0x4C, 0x89, 0x26, 0x14, 0x4D, 0x81, 0x2E, 0x9C,
    0xEB, 0x25, 0xDB, 0x61, 0x6B, 0x1F, 0xE5, 0x89, 0xFD, 0xF9, 0xBD, 0x8F, 0x92, 0xE6, 0x0F, 0xD7,
    0xDF, 0x4B, 0xEA, 0x3F, 0x5E, 0xFB, 0x55, 0x56, 0xE4, 0xD7, 0x9E, 0x03, 0x1D, 0xDF, 0xC1, 0x3A,
    0x11, 0x5D, 0x15, 0x6E, 0x9F, 0x81, 0xDD, 0x87, 0x37, 0x60, 0xF0, 0xD1, 0x63, 0x46, 0x11, 0x3B,
    0x86, 0x14, 0xDE, 0xD6, 0xD6, 0x96, 0x3B, 0xE1, 0x03, 0xA8, 0x3D, 0xDE, 0x4C, 0x88, 0xA6, 0xF4,
    0x5F, 0xF2, 0x5A, 0x07, 0xAE, 0xFB, 0x6E, 0x7B, 0x1C, 0xD6, 0xB5, 0x67, 0xE0, 0x07, 0x7B, 0x3A,
    0x1C, 0x3D, 0xEB, 0xDA, 0xE4, 0x68, 0x58, 0x16, 0x4C, 0x2A, 0x12, 0xCD, 0xD9, 0xED, 0x92, 0x4E,
    0x1E, 0x88, 0xBC, 0x99, 0xD8, 0x24, 0xD1, 0x6A, 0x9B, 0x82, 0x4B, 0xB6, 0x91, 0x46, 0x89, 0xE6,
    0x71, 0xD7, 0x2F, 0x63, 0x2F, 0x6B, 0x5B, 0x72, 0x73, 0xC6, 0x6C, 0x5D, 0x1D, 0x9C, 0xCB, 0xFD,
    0xC2, 0x65, 0x60, 0x7D, 0x24, 0xC1, 0x9E, 0xBF, 0xA2, 0xC5, 0x98, 0x26, 0x7E, 0x4E, 0x5C, 0xEA,
    0x62, 0x5A, 0x23, 0x68, 0x12, 0x1E, 0xA7, 0x02, 0xD5, 0x45, 0xB6, 0x56, 0x06, 0x81, 0x3E, 0xE8,
    0x3E, 0xEF, 0x0C, 0xCB, 0x22, 0x4A, 0x4D, 0x98, 0x96, 0x54, 0x56, 0x00, 0xAA, 0xFC, 0x11, 0x80,
    0x0F, 0xE8, 0xA2, 0x80, 0xD5, 0x56, 0x32, 0x18, 0xA4, 0xC1, 0xFE, 0x10, 0x8E, 0x65, 0x0F, 0x0D,
    0x5F, 0xCC, 0x63, 0x48, 0xF4, 0x2D, 0x1B, 0x37, 0x91, 0x00, 0x45, 0x8F, 0xE7, 0x0D, 0x76, 0x9C,
    0xD5, 0x28, 0xE1, 0xD1, 0x07, 0xA0, 0x1E, 0x64, 0x59, 0x5F, 0x16, 0x08, 0x1E, 0x29, 0x42, 0x94,
    0x81, 0x45, 0xCA, 0x9E, 0x60, 0x74, 0x84, 0xF8, 0x20, 0x7F, 0x65, 0x5C, 0xF1, 0x32, 0x4B, 0xAA,
    0x36, 0x52, 0xF1, 0x9B, 0xB7, 0xCC, 0xB8, 0xD0, 0xE8, 0x87, 0x37, 0x32, 0x94, 0xCA, 0xDD, 0xDA,
    0x36, 0xF9, 0xE1, 0x30, 0xDB, 0xC5, 0xAF, 0xB3, 0xFF, 0x3E, 0xF2, 0xBB, 0x0A, 0x08, 0xBA, 0xF7,
    0x3E, 0x1A, 0x02, 0xB9, 0x5D, 0x9B, 0xCB, 0x57, 0x00, 0x91, 0xF6, 0x99, 0x81, 0x01, 0xBB, 0x69,
    0x5E, 0xE6, 0xFE, 0x5E, 0xB4, 0x2C, 0x23, 0x3B, 0xF2, 0x30, 0x5A, 0x6C, 0x42, 0x83, 0xCD, 0x1A,
    0x9D, 0x15, 0x69, 0xB0, 0x3B, 0xD4, 0xF9, 0xCA, 0x73, 0x81, 0xF2, 0x5B, 0xA8, 0x32, 0x52, 0xB9,
    0xFD, 0x37, 0x88, 0x1D, 0x32, 0x8F, 0xAF, 0x4D, 0x43, 0x3C, 0x24, 0x6C, 0xBA, 0x9B, 0xA7, 0x41,
    0x3B, 0x65, 0x75, 0x82, 0xC0, 0x9C, 0x1D, 0xF7, 0x11, 0x03, 0xE6, 0x8C, 0x2F, 0x88, 0x01, 0x74,
    0x0F, 0xC0, 0xE9, 0x45, 0xD4, 0x01, 0x83, 0x69, 0x83, 0x11, 0x09, 0xDA, 0x06, 0x43, 0xD4, 0x7B,
    0x36, 0xEC, 0xE3, 0xCE, 0xB7, 0x51, 0x1F, 0xB7, 0x41, 0x13, 0xF7, 0x49, 0x1B, 0xD4, 0x71, 0x87,
    0x9A, 0xA4, 0x8A, 0xDB, 0xD4, 0x86, 0x55, 0x62, 0xB3, 0x26, 0x2A, 0x10, 0x78, 0xAE, 0x9B, 0x4D,
    0xF5, 0xCB, 0x98, 0x2F, 0x7F, 0xD6, 0xB2, 0xB1, 0xC8, 0xAD, 0x76, 0x7D, 0x24, 0xD1, 0x59, 0xE6,
    0x8A, 0xED, 0x65, 0xC9, 0x1D, 0x92, 0xF1, 0x89, 0x36, 0xB6, 0x6E, 0x4C, 0x25, 0xA0, 0x92, 0x9D,
    0x41, 0xB1, 0x8B, 0xA2, 0xAF, 0x1C, 0x7F, 0xBF, 0xC4, 0x9D, 0x83, 0x5B, 0x44, 0x54, 0xB1, 0xE6,
    0xB2, 0xAB, 0x5C, 0x26, 0x9F, 0xF3, 0x65, 0xA6, 0x58, 0x4A, 0x5C, 0xBF, 0x56, 0xF9, 0xA1, 0xCA,
    0xF7, 0x1E, 0x7C, 0xA5, 0x29, 0x89, 0x93, 0x40, 0x5E, 0x27, 0xF7, 0xEE, 0xFF, 0x80, 0x05, 0xFC,
    0xBD, 0x27, 0x31, 0x2E, 0xAF, 0x1D, 0xC3, 0xEF, 0xF2, 0x97, 0x6F, 0xED, 0x62, 0xB6, 0xEF, 0x3F,
    0xC3, 0x47, 0xBE, 0xF8, 0x33, 0xCA, 0xAF, 0x9D, 0x5F, 0x7D, 0x46, 0xFA, 0xDF, 0x95, 0xB5, 0x2B,
    0xBB, 0x5C, 0x69, 0x66, 0x96, 0x61, 0xE3, 0x0A, 0xAD, 0x83, 0x73, 0xB6, 0x28, 0x2E, 0xEB, 0x67,
    0xEA, 0x9E, 0x5C, 0x25, 0xAE, 0x1F, 0x6A, 0x75, 0x63, 0x95, 0xDB, 0xAC, 0x86, 0x92, 0xF6, 0xB0,
    0x9A, 0x1D, 0x7C, 0x79, 0x8D, 0xDF, 0x18, 0x95, 0xA4, 0x96, 0x84, 0xA5, 0x72, 0x54, 0x09, 0xBF,
    0x21, 0xEE, 0xB5, 0xDE, 0x00, 0x61, 0x91, 0xAA, 0xC6, 0x85, 0x73, 0x10, 0x96, 0x4C, 0xEE, 0xD3,
    0x43, 0xC9, 0xC4, 0x90, 0xAC, 0xB5, 0xDC, 0x47, 0x4C, 0xFD, 0xA0, 0xC9, 0x0F, 0x93, 0x3D, 0x0B,
    0x47, 0x4A, 0xFD, 0x42, 0x83, 0x09, 0xC1, 0x9F, 0x30, 0xB6, 0x6C, 0x26, 0x3B, 0x73, 0xED, 0x9E,
    0xA6, 0xCF, 0x82, 0xD1, 0x49, 0xB3, 0xFC, 0x38, 0xF8, 0x5F, 0xB3, 0xFF, 0xFF, 0xC0, 0xFE, 0xFF,
    0x85, 0xFA, 0xFF, 0x17, 0xB2, 0x56, 0x35, 0x00, 0x00, 0xB5, 0x95, 0x31, 0x8E, 0xD4, 0x50, 0x0C,
    0x86, 0x9D, 0x44, 0x4B, 0x8A, 0x14, 0xD3, 0x2C, 0x0D, 0x14, 0x39, 0x42, 0x8E, 0x90, 0x39, 0xC2,
    0x22, 0x81, 0x90, 0x10, 0xD2, 0xF6, 0x2B, 0xA4, 0xE5, 0x04, 0x64, 0x8E, 0xB0, 0x3D, 0x0D, 0xC5,
    0x36, 0x5C, 0x82, 0x0C, 0x37, 0x48, 0x45, 0x3D, 0x15, 0x2D, 0x29, 0x32, 0x52, 0x56, 0xBC, 0x17,
    0x63, 0xFF, 0xF6, 0x4B, 0xA6, 0xA1, 0x83, 0x34, 0xB6, 0x26, 0x4E, 0x9E, 0xFD, 0xE5, 0xFF, 0x3D,
    0x44, 0x44, 0xCF, 0xE9, 0xD9, 0x57, 0x09, 0x54, 0xF2, 0xD4, 0xF1, 0x49, 0x92, 0xF6, 0xF7, 0xC2,
    0xB7, 0x93, 0x24, 0xFD, 0x77, 0x8E, 0xD5, 0x4C, 0x94, 0xF1, 0x9E, 0x43, 0x39, 0x12, 0x15, 0x4C,
    0x75, 0xC8, 0xF7, 0x96, 0xCC, 0x78, 0x68, 0xA1, 0x46, 0x4B, 0xE9, 0x9E, 0xE5, 0x9A, 0xF4, 0x8E,
    0x5E, 0x52, 0x9B, 0xDD, 0xC7, 0x77, 0xFD, 0xF9, 0x46, 0x6E, 0x49, 0x65, 0xAF, 0xEF, 0xD5, 0xCA,
    0x7E, 0xD0, 0xA4, 0x9D, 0x88, 0x8F, 0x48, 0xC6, 0x35, 0xC9, 0xF8, 0xA0, 0x49, 0x77, 0xCA, 0x79,
    0xAF, 0x49, 0x3F, 0x14, 0x96, 0xF0, 0x51, 0x4E, 0xBB, 0x4C, 0x32, 0x3E, 0xCA, 0xB1, 0x48, 0x0E,
    0x55, 0xD4, 0x44, 0x1E, 0xD9, 0x05, 0x4D, 0xA4, 0x60, 0x4D, 0xEA, 0x90, 0x1A, 0x44, 0xA7, 0x52,
    0x69, 0x9D, 0x4A, 0x81, 0x1C, 0xEB, 0x09, 0xFA, 0xAA, 0xA5, 0x2F, 0xEB, 0xE2, 0x44, 0x7E, 0xE6,
    0xA1, 0xC0, 0x09, 0xDD, 0x92, 0xF3, 0xE4, 0x6D, 0x2D, 0xB8, 0xA3, 0xD7, 0x0B, 0xE7, 0x05, 0x5A,
    0xCD, 0xB9, 0xD7, 0x83, 0xFA, 0x63, 0x13, 0x40, 0x4A, 0xB9, 0xE8, 0xE9, 0x0F, 0x08, 0xDE, 0x42,
    0x22, 0x34, 0x1A, 0x9F, 0x51, 0xE9, 0xBC, 0x51, 0x28, 0xCA, 0x66, 0x00, 0x19, 0xE5, 0xE0, 0x5C,
    0x1C, 0x46, 0x3B, 0xE6, 0x1A, 0x9C, 0x88, 0xF2, 0xD8, 0x20, 0x18, 0x02, 0x21, 0x51, 0x2D, 0x2B,
    0x07, 0xA5, 0x10, 0x71, 0x6A, 0xC5, 0x1F, 0x34, 0x94, 0x3C, 0xEB, 0xE1, 0x39, 0x0F, 0x3A, 0x3D,
    0x5D, 0x93, 0xC3, 0x49, 0xA1, 0xC6, 0x68, 0x0E, 0x81, 0x9C, 0xBF, 0x35, 0xDB, 0x9D, 0x68, 0x9D,
    0xF6, 0xF1, 0xCA, 0xC7, 0xC5, 0x38, 0x32, 0x2F, 0x4A, 0x64, 0xE0, 0x48, 0x36, 0x71, 0xBC, 0x20,
    0x9F, 0xC0, 0x27, 0xEE, 0xF7, 0x1C, 0x1A, 0x93, 0x45, 0x68, 0x4D, 0x15, 0xAF, 0x41, 0x5F, 0x06,
    0xC7, 0x19, 0xAA, 0x89, 0x93, 0x4B, 0x62, 0xB8, 0x50, 0x44, 0x8A, 0xDD, 0xC9, 0x84, 0xD1, 0x0F,
    0xA6, 0x8B, 0x24, 0x02, 0x8F, 0xD9, 0x1A, 0x0F, 0xC0, 0x2C, 0x45, 0x88, 0x98, 0xFE, 0x3D, 0x62,
    0xC1, 0x01, 0xED, 0x64, 0xFA, 0xB9, 0x94, 0xC3, 0xD5, 0x46, 0x60, 0x8D, 0x8E, 0x22, 0xB1, 0x70,
    0x18, 0x89, 0xC6, 0x25, 0x0E, 0xF1, 0x0B, 0xDD, 0x3D, 0xBA, 0x61, 0x1A, 0x46, 0xA1, 0x3A, 0xE6,
    0x07, 0xD4, 0x20, 0x96, 0x61, 0x82, 0xFC, 0xC5, 0x33, 0x11, 0xA3, 0x19, 0x91, 0x4F, 0x97, 0xAE,
    0xD9, 0x6C, 0x63, 0xBE, 0x61, 0x19, 0xD5, 0x8C, 0xA3, 0xEF, 0x83, 0x36, 0xCE, 0x6F, 0x75, 0x5C,
    0x58, 0x07, 0x3E, 0x80, 0x77, 0x30, 0x2A, 0x44, 0x52, 0x72, 0x62, 0x84, 0x71, 0xA1, 0x18, 0x78,
    0x41, 0xD5, 0x72, 0xC0, 0x54, 0x30, 0x10, 0x32, 0x30, 0xAA, 0xB7, 0x6C, 0x4E, 0x1E, 0xD2, 0x1E,
    0xEC, 0x41, 0xFD, 0x26, 0xE6, 0xA2, 0x76, 0x4C, 0x1F, 0xB3, 0x7D, 0xFA, 0xE2, 0xCD, 0x37, 0x32,
    0x9B, 0x94, 0xCB, 0x83, 0x95, 0xF4, 0xE2, 0x4E, 0xBA, 0xB9, 0xB0, 0xD2, 0xE6, 0xA5, 0xCD, 0x4C,
    0x9B, 0x9B, 0x56, 0x3B, 0x6D, 0x7E, 0xDA, 0x7C, 0xEE, 0x4C, 0xB3, 0xBB, 0x87, 0xEB, 0x95, 0x69,
    0x00, 0xD3, 0x28, 0x4C, 0xE7, 0x95, 0xE9, 0x94, 0x98, 0x76, 0x69, 0x11, 0xAD, 0x99, 0x49, 0xC9,
    0xE6, 0x51, 0x37, 0x81, 0xE9, 0x28, 0x72, 0xF2, 0x65, 0x24, 0x74, 0x8D, 0xE9, 0x2B, 0x95, 0x14,
    0x98, 0x42, 0x54, 0x28, 0x47, 0x1B, 0x60, 0x5A, 0xAC, 0x4C, 0x3D, 0x53, 0x51, 0x71, 0x62, 0xAA,
    0x46, 0x73, 0xA6, 0x31, 0x91, 0xDC, 0xE8, 0xEE, 0x42, 0x62, 0x6A, 0x74, 0x95, 0xA9, 0xEA, 0xDF,
    0x98, 0x36, 0x73, 0x62, 0xDA, 0xC4, 0x8F, 0xDE, 0x7C, 0x2D, 0x2A, 0xB1, 0xF2, 0x52, 0x7A, 0xF9,
    0x0F, 0x4C, 0x4D, 0xA4, 0xF2, 0xC5, 0xE0, 0x2B, 0xEA, 0xCE, 0xDD, 0x64, 0xC6, 0x41, 0xD7, 0x52,
    0x59, 0xB9, 0x5F, 0x11, 0x4B, 0x9F, 0xA6, 0x72, 0xDF, 0x56, 0x31, 0xEB, 0xF5, 0xB5, 0xBB, 0x50,
    0x61, 0x9D, 0xEF, 0xC2, 0x15, 0xB6, 0xF9, 0xBF, 0xF3, 0x6D, 0xF9, 0x57, 0xDF, 0x7E, 0xDE, 0x9B,
    0x6F, 0xD9, 0x76, 0xA7, 0xB6, 0xF1, 0x0F, 0x7C, 0x6B, 0x5B, 0x3B, 0xAD, 0x6D, 0x6A, 0x9E, 0x6E,
    0xF1, 0x8E, 0xDE, 0x39, 0xB2, 0xAD, 0xEB, 0x6C, 0xF1, 0x18, 0x09, 0xBF, 0x4B, 0xD4, 0xB3, 0x5F,
    0xF2, 0xA2, 0xAB, 0x8C, 0xFA, 0x5F, 0x9C, 0x8B, 0x3E, 0xF3, 0x25, 0x63, 0x5D, 0x65, 0x45, 0x90,
    0xE7, 0x84, 0x57, 0x19, 0xE8, 0x9B, 0xA2, 0x90, 0x76, 0x6F, 0x14, 0x41, 0xA1, 0x4C, 0x10, 0xA3,
    0x35, 0xA1, 0x0E, 0xC7, 0xA2, 0x67, 0xE3, 0x93, 0x8B, 0xB2, 0x8D, 0x57, 0x10, 0x14, 0x54, 0xCB,
    0x40, 0xCA, 0xAB, 0xDD, 0x97, 0x41, 0x79, 0x75, 0x87, 0x72, 0xD6, 0xE5, 0xDF, 0x0D, 0x3B, 0xF9,
    0x13, 0xF8, 0x79, 0x6C, 0x16, 0x79, 0x21, 0xAB, 0x1C, 0xA5, 0xA7, 0x36, 0x62, 0x09, 0x51, 0xB6,
    0xA7, 0x3F, 0x4D, 0x8F, 0xD1, 0x0D, 0xC3, 0x20, 0x0C, 0x44, 0x51, 0x19, 0xC0, 0x03, 0xF4, 0x83,
    0x11, 0x18, 0xC1, 0x8C, 0xD0, 0x8D, 0x32, 0x59, 0x05, 0x23, 0x30, 0x42, 0x46, 0xE0, 0x83, 0x4A,
    0xE9, 0x07, 0xBD, 0x1E, 0x46, 0x89, 0xE2, 0x9F, 0xB3, 0xEC, 0x67, 0xDD, 0xD9, 0xB9, 0xAB, 0x7C,
    0x5A, 0x2A, 0x75, 0xA9, 0xF6, 0xA5, 0x18, 0x6B, 0x0D, 0x18, 0x20, 0x80, 0x01, 0xFA, 0x7A, 0x1A,
    0x70, 0x38, 0xF7, 0x9E, 0xEB, 0x26, 0x45, 0x09, 0x48, 0x93, 0x3D, 0x10, 0xD0, 0x23, 0x34, 0x21,
    0x00, 0x60, 0x97, 0x31, 0xAF, 0x51, 0x05, 0x89, 0xD7, 0x28, 0x11, 0x55, 0xA9, 0x69, 0x43, 0xA7,
    0x8E, 0x07, 0xD0, 0x39, 0x6F, 0x81, 0x08, 0xB9, 0xB6, 0x4D, 0x27, 0xCE, 0xF2, 0x74, 0x56, 0xFC,
    0xD8, 0x9A, 0xAD, 0x19, 0x7B, 0x7C, 0xB3, 0x05, 0x41, 0x8D, 0x16, 0x4C, 0x4B, 0xEC, 0x2B, 0x76,
    0xB4, 0x5C, 0xFE, 0x93, 0xD3, 0x3D, 0xF7, 0xF5, 0xC7, 0xF9, 0xD7, 0xF9, 0xA7, 0xD5, 0x1F,
};

static const EpdGlyph notoserif_16_bolditalicGlyphs[] = {
    { 0, 0, 0, 0, 0, 0, 0 }, // U+0000
    { 0, 0, 139, 0, 0, 0, 0 }, // U+000D
    { 0, 0, 139, 0, 0, 0, 0 }, // U+0020
    { 11, 25, 211, 2, 24, 69, 0 }, // !
    { 14, 10, 271, 5, 24, 35, 69 }, // "
    { 19, 24, 298, 0, 24, 114, 104 }, // #
    { 19, 29, 298, 0, 26, 138, 218 }, // $
    { 27, 26, 478, 2, 25, 176, 356 }, // %
    { 26, 26, 427, 1, 25, 169, 532 }, // &
    { 6, 10, 155, 5, 24, 15, 701 }, // '
    { 15, 31, 213, 1, 26, 117, 716 }, // (
    { 15, 31, 213, -2, 26, 117, 833 }, // )
    { 16, 15, 330, 4, 26, 60, 950 }, // *
    { 15, 16, 298, 2, 20, 60, 1010 }, // +
    { 8, 12, 162, -1, 6, 24, 1070 }, // ,
    { 10, 4, 165, 0, 11, 10, 1094 }, // -
    { 6, 7, 162, 1, 6, 11, 1104 }, // .
    { 18, 31, 154, -4, 26, 140, 1115 }, // /
    { 18, 26, 298, 1, 25, 117, 1255 }, // 0
    { 16, 24, 275, 0, 24, 96, 1372 }, // 1
    { 20, 25, 298, -1, 25, 125, 1468 }, // 2
    { 20, 26, 298, -1, 25, 130, 1593 }, // 3
    { 19, 24, 298, 0, 24, 114, 1723 }, // 4
    { 19, 25, 298, 0, 24, 119, 1837 }, // 5
    { 19, 26, 298, 1, 25, 124, 1956 }, // 6
    { 20, 24, 298, 1, 24, 120, 2080 }, // 7
    { 19, 26, 298, 0, 25, 124, 2200 }, // 8
    { 19, 26, 298, 0, 25, 124, 2324 }, // 9
    { 9, 20, 191, 1, 19, 45, 2448 }, // :
    { 11, 25, 191, -1, 19, 69, 2493 }, // ;
    { 15, 18, 298, 2, 21, 68, 2562 }, // <
    { 15, 10, 298, 2, 17, 38, 2630 }, // =
    { 15, 18, 298, 2, 21, 68, 2668 }, // >
    { 16, 26, 285, 3, 25, 104, 2736 }, // ?
    { 29, 29, 491, 1, 24, 211, 2840 }, // @
    { 26, 24, 402, -2, 24, 156, 3051 }, // A
    { 24, 24, 358, -1, 24, 144, 3207 }, // B
    { 22, 26, 356, 2, 25, 143, 3351 }, // C
    { 26, 24, 410, -1, 24, 156, 3494 }, // D
    { 24, 24, 338, -1, 24, 144, 3650 }, // E
    { 24, 24, 331, -1, 24, 144, 3794 }, // F
    { 24, 26, 424, 2, 25, 156, 3938 }, // G
    { 31, 24, 437, -1, 24, 186, 4094 }, // H
    { 17, 24, 214, -1, 24, 102, 4280 }, // I
    { 22, 32, 214, -6, 24, 176, 4382 }, // J
    { 28, 24, 395, -1, 24, 168, 4558 }, // K
    { 22, 24, 349, -1, 24, 132, 4726 }, // L
    { 36, 24, 508, -1, 24, 216, 4858 }, // M
    { 30, 24, 420, -1, 24, 180, 5074 }, // N
    { 24, 26, 422, 2, 25, 156, 5254 }, // O
    { 24, 24, 354, -1, 24, 144, 5410 }, // P
    { 24, 33, 420, 2, 25, 198, 5554 }, // Q
    { 24, 24, 377, -1, 24, 144, 5752 }, // R
    { 20, 26, 312, 0, 25, 130, 5896 }, // S
    { 23, 24, 348, 2, 24, 138, 6026 }, // T
    { 25, 25, 398, 3, 24, 157, 6164 }, // U
    { 25, 24, 372, 2, 24, 150, 6321 }, // V
    { 37, 24, 569, 2, 24, 222, 6471 }, // W
    { 29, 24, 390, -2, 24, 174, 6693 }, // X
    { 25, 24, 370, 2, 24, 150, 6867 }, // Y
    { 25, 24, 355, -1, 24, 150, 7017 }, // Z
    { 17, 31, 221, 0, 26, 132, 7167 }, // [
    { 5, 31, 154, 3, 26, 39, 7299 }, // <backslash>
    { 16, 31, 221, -2, 26, 124, 7338 }, // ]
    { 17, 16, 298, 1, 24, 68, 7462 }, // ^
    { 17, 3, 245, -4, -2, 13, 7530 }, // _
    { 9, 6, 178, 4, 26, 14, 7543 }, // `
    { 21, 20, 355, 1, 19, 105, 7557 }, // a
    { 20, 27, 332, 0, 26, 135, 7662 }, // b
    { 17, 20, 282, 1, 19, 85, 7797 }, // c
    { 21, 27, 355, 1, 26, 142, 7882 }, // d
    { 17, 20, 285, 1, 19, 85, 8024 }, // e
    { 24, 34, 215, -5, 26, 204, 8109 }, // f
    { 23, 28, 309, -2, 20, 161, 8313 }, // g
    { 22, 27, 350, 0, 26, 149, 8474 }, // h
    { 11, 27, 189, 1, 26, 75, 8623 }, // i
    { 16, 34, 180, -5, 26, 136, 8698 }, // j
    { 22, 26, 318, 0, 26, 143, 8834 }, // k
    { 11, 27, 189, 1, 26, 75, 8977 }, // l
    { 31, 20, 517, 1, 19, 155, 9052 }, // m
    { 21, 20, 358, 1, 19, 105, 9207 }, // n
    { 19, 20, 330, 1, 19, 95, 9312 }, // o
    { 21, 27, 332, -1, 19, 142, 9407 }, // p
    { 20, 27, 336, 1, 19, 135, 9549 }, // q
    { 18, 19, 294, 1, 19, 86, 9684 }, // r
    { 17, 20, 274, 0, 19, 85, 9770 }, // s
    { 13, 23, 222, 2, 22, 75, 9855 }, // t
    { 21, 19, 359, 1, 18, 100, 9930 }, // u
    { 19, 20, 312, 0, 19, 95, 10030 }, // v
    { 28, 20, 467, 1, 19, 140, 10125 }, // w
    { 22, 18, 322, -1, 18, 99, 10265 }, // x
    { 25, 27, 312, -6, 19, 169, 10364 }, // y
    { 18, 18, 298, 0, 18, 81, 10533 }, // z
    { 17, 31, 236, 1, 26, 132, 10614 }, // {
    { 3, 34, 298, 8, 26, 26, 10746 }, // |
    { 17, 31, 236, -2, 26, 132, 10772 }, // }
    { 17, 8, 298, 1, 16, 34, 10904 }, // ~
    { 0, 0, 139, 0, 0, 0, 0 }, // U+00A0
    { 11, 25, 211, 0, 19, 69, 0 }, // U+00A1
    { 18, 24, 298, 2, 24, 108, 69 }, // U+00A2
    { 21, 26, 298, -1, 25, 137, 177 }, // U+00A3
    { 15, 16, 298, 2, 20, 60, 314 }, // U+00A4
    { 21, 24, 298, 1, 24, 126, 374 }, // U+00A5
    { 3, 34, 298, 8, 26, 26, 500 }, // U+00A6
    { 19, 30, 290, 0, 26, 143, 526 }, // U+00A7
    { 13, 6, 308, 5, 26, 20, 669 }, // U+00A8
    { 26, 26, 451, 1, 25, 169, 689 }, // U+00A9
    { 14, 12, 230, 2, 24, 42, 858 }, // U+00AA
    { 17, 14, 295, 1, 16, 60, 900 }, // U+00AB
    { 15, 10, 298, 2, 14, 38, 960 }, // U+00AC
    { 10, 4, 165, 0, 11, 10, 998 }, // U+00AD
    { 26, 26, 451, 1, 25, 169, 1008 }, // U+00AE
    { 17, 3, 245, 3, 28, 13, 1177 }, // U+00AF
    { 11, 11, 213, 4, 25, 31, 1190 }, // U+00B0
    { 15, 20, 298, 2, 20, 75, 1221 }, // U+00B1
    { 14, 16, 213, 1, 28, 56, 1296 }, // U+00B2
    { 13, 16, 213, 2, 28, 52, 1352 }, // U+00B3
    { 11, 6, 173, 3, 26, 17, 1404 }, // U+00B4
    { 24, 26, 361, -1, 18, 156, 1421 }, // U+00B5
    { 19, 30, 334, 2, 26, 143, 1577 }, // U+00B6
    { 7, 6, 162, 2, 15, 11, 1720 }, // U+00B7
    { 10, 9, 178, 0, 1, 23, 1731 }, // U+00B8
    { 11, 16, 213, 2, 28, 44, 1754 }, // U+00B9
    { 13, 12, 217, 2, 24, 39, 1798 }, // U+00BA
    { 17, 14, 295, 0, 16, 60, 1837 }, // U+00BB
    { 27, 26, 470, 2, 25, 176, 1897 }, // U+00BC
    { 27, 26, 470, 2, 25, 176, 2073 }, // U+00BD
    { 28, 26, 470, 1, 25, 182, 2249 }, // U+00BE
    { 15, 26, 285, 0, 19, 98, 2431 }, // U+00BF
    { 26, 32, 402, -2, 32, 208, 2529 }, // U+00C0
    { 26, 32, 402, -2, 32, 208, 2737 }, // U+00C1
    { 26, 32, 402, -2, 32, 208, 2945 }, // U+00C2
    { 26, 32, 402, -2, 32, 208, 3153 }, // U+00C3
    { 26, 32, 402, -2, 32, 208, 3361 }, // U+00C4
    { 26, 29, 402, -2, 29, 189, 3569 }, // U+00C5
    { 36, 24, 530, -2, 24, 216, 3758 }, // U+00C6
    { 22, 33, 356, 2, 25, 182, 3974 }, // U+00C7
    { 24, 32, 338, -1, 32, 192, 4156 }, // U+00C8
    { 24, 32, 338, -1, 32, 192, 4348 }, // U+00C9
    { 24, 32, 338, -1, 32, 192, 4540 }, // U+00CA
    { 24, 32, 338, -1, 32, 192, 4732 }, // U+00CB
    { 17, 32, 214, -1, 32, 136, 4924 }, // U+00CC
    { 19, 32, 214, -1, 32, 152, 5060 }, // U+00CD
    { 18, 32, 214, -1, 32, 144, 5212 }, // U+00CE
    { 18, 32, 214, -1, 32, 144, 5356 }, // U+00CF
    { 26, 24, 410, -1, 24, 156, 5500 }, // U+00D0
    { 30, 32, 420, -1, 32, 240, 5656 }, // U+00D1
    { 24, 33, 422, 2, 32, 198, 5896 }, // U+00D2
    { 24, 33, 422, 2, 32, 198, 6094 }, // U+00D3
    { 24, 33, 422, 2, 32, 198, 6292 }, // U+00D4
    { 24, 33, 422, 2, 32, 198, 6490 }, // U+00D5
    { 24, 33, 422, 2, 32, 198, 6688 }, // U+00D6
    { 14, 14, 298, 2, 19, 49, 6886 }, // U+00D7
    { 24, 28, 422, 2, 26, 168, 6935 }, // U+00D8
    { 25, 33, 398, 3, 32, 207, 7103 }, // U+00D9
    { 25, 33, 398, 3, 32, 207, 7310 }, // U+00DA
    { 25, 33, 398, 3, 32, 207, 7517 }, // U+00DB
    { 25, 33, 398, 3, 32, 207, 7724 }, // U+00DC
    { 25, 32, 370, 2, 32, 200, 7931 }, // U+00DD
    { 23, 24, 340, -1, 24, 138, 8131 }, // U+00DE
    { 27, 34, 371, -5, 26, 230, 8269 }, // U+00DF
    { 21, 27, 355, 1, 26, 142, 8499 }, // U+00E0
    { 21, 27, 355, 1, 26, 142, 8641 }, // U+00E1
    { 21, 27, 355, 1, 26, 142, 8783 }, // U+00E2
    { 21, 27, 355, 1, 26, 142, 8925 }, // U+00E3
    { 21, 27, 355, 1, 26, 142, 9067 }, // U+00E4
    { 21, 28, 355, 1, 27, 147, 9209 }, // U+00E5
    { 29, 20, 469, 1, 19, 145, 9356 }, // U+00E6
    { 17, 27, 282, 1, 19, 115, 9501 }, // U+00E7
    { 17, 27, 285, 1, 26, 115, 9616 }, // U+00E8
    { 19, 27, 285, 1, 26, 129, 9731 }, // U+00E9
    { 17, 27, 285, 1, 26, 115, 9860 }, // U+00EA
    { 17, 27, 285, 1, 26, 115, 9975 }, // U+00EB
    { 11, 27, 189, 1, 26, 75, 10090 }, // U+00EC
    { 14, 27, 189, 1, 26, 95, 10165 }, // U+00ED
    { 12, 27, 189, 1, 26, 81, 10260 }, // U+00EE
    { 13, 27, 189, 1, 26, 88, 10341 }, // U+00EF
    { 19, 27, 328, 1, 26, 129, 10429 }, // U+00F0
    { 21, 27, 358, 1, 26, 142, 10558 }, // U+00F1
    { 19, 27, 330, 1, 26, 129, 10700 }, // U+00F2
    { 20, 27, 330, 1, 26, 135, 10829 }, // U+00F3
    { 19, 27, 330, 1, 26, 129, 10964 }, // U+00F4
    { 19, 27, 330, 1, 26, 129, 11093 }, // U+00F5
    { 19, 27, 330, 1, 26, 129, 11222 }, // U+00F6
    { 15, 18, 298, 2, 21, 68, 11351 }, // U+00F7
    { 20, 22, 330, 0, 20, 110, 11419 }, // U+00F8
    { 21, 27, 359, 1, 26, 142, 11529 }, // U+00F9
    { 21, 27, 359, 1, 26, 142, 11671 }, // U+00FA
    { 21, 27, 359, 1, 26, 142, 11813 }, // U+00FB
    { 21, 27, 359, 1, 26, 142, 11955 }, // U+00FC
    { 25, 34, 312, -6, 26, 213, 12097 }, // U+00FD
    { 21, 34, 332, -1, 26, 179, 12310 }, // U+00FE
    { 25, 34, 312, -6, 26, 213, 12489 }, // U+00FF
    { 26, 29, 402, -2, 29, 189, 0 }, // U+0100
    { 21, 24, 355, 1, 23, 126, 189 }, // U+0101
    { 26, 32, 402, -2, 32, 208, 315 }, // U+0102
    { 21, 27, 355, 1, 26, 142, 523 }, // U+0103
    { 26, 32, 402, -2, 24, 208, 665 }, // U+0104
    { 21, 27, 355, 1, 19, 142, 873 }, // U+0105
    { 23, 33, 356, 2, 32, 190, 1015 }, // U+0106
    { 19, 27, 282, 1, 26, 129, 1205 }, // U+0107
    { 22, 33, 356, 2, 32, 182, 1334 }, // U+0108
    { 18, 27, 282, 1, 26, 122, 1516 }, // U+0109
    { 22, 33, 356, 2, 32, 182, 1638 }, // U+010A
    { 17, 27, 282, 1, 26, 115, 1820 }, // U+010B
    { 22, 33, 356, 2, 32, 182, 1935 }, // U+010C
    { 19, 27, 282, 1, 26, 129, 2117 }, // U+010D
    { 26, 32, 410, -1, 32, 208, 2246 }, // U+010E
    { 28, 27, 355, 1, 26, 189, 2454 }, // U+010F
    { 26, 24, 410, -1, 24, 156, 2643 }, // U+0110
    { 23, 27, 354, 1, 26, 156, 2799 }, // U+0111
    { 24, 29, 338, -1, 29, 174, 2955 }, // U+0112
    { 17, 24, 285, 1, 23, 102, 3129 }, // U+0113
    { 24, 32, 338, -1, 32, 192, 3231 }, // U+0114
    { 17, 27, 285, 1, 26, 115, 3423 }, // U+0115
    { 24, 31, 338, -1, 31, 186, 3538 }, // U+0116
    { 17, 27, 285, 1, 26, 115, 3724 }, // U+0117
    { 24, 32, 338, -1, 24, 192, 3839 }, // U+0118
    { 17, 26, 285, 1, 19, 111, 4031 }, // U+0119
    { 24, 32, 338, -1, 32, 192, 4142 }, // U+011A
    { 19, 27, 285, 1, 26, 129, 4334 }, // U+011B
    { 24, 33, 424, 2, 32, 198, 4463 }, // U+011C
    { 23, 34, 309, -2, 26, 196, 4661 }, // U+011D
    { 24, 33, 424, 2, 32, 198, 4857 }, // U+011E
    { 23, 34, 309, -2, 26, 196, 5055 }, // U+011F
    { 24, 33, 424, 2, 32, 198, 5251 }, // U+0120
    { 23, 34, 309, -2, 26, 196, 5449 }, // U+0121
    { 24, 33, 424, 2, 25, 198, 5645 }, // U+0122
    { 23, 34, 309, -2, 26, 196, 5843 }, // U+0123
    { 31, 32, 437, -1, 32, 248, 6039 }, // U+0124
    { 22, 33, 350, 0, 32, 182, 6287 }, // U+0125
    { 31, 24, 437, -1, 24, 186, 6469 }, // U+0126
    { 22, 27, 350, 0, 26, 149, 6655 }, // U+0127
    { 19, 32, 214, -1, 32, 152, 6804 }, // U+0128
    { 15, 27, 189, 0, 26, 102, 6956 }, // U+0129
    { 17, 29, 214, -1, 29, 124, 7058 }, // U+012A
    { 12, 24, 189, 1, 23, 72, 7182 }, // U+012B
    { 18, 32, 214, -1, 32, 144, 7254 }, // U+012C
    { 13, 27, 189, 1, 26, 88, 7398 }, // U+012D
    { 17, 32, 214, -1, 24, 136, 7486 }, // U+012E
    { 12, 34, 189, 0, 26, 102, 7622 }, // U+012F
    { 17, 32, 214, -1, 32, 136, 7724 }, // U+0130
    { 11, 19, 189, 1, 18, 53, 7860 }, // U+0131
    { 31, 32, 428, -1, 24, 248, 7913 }, // U+0132
    { 22, 34, 369, 1, 26, 187, 8161 }, // U+0133
    { 23, 40, 214, -6, 32, 230, 8348 }, // U+0134
    { 18, 34, 180, -5, 26, 153, 8578 }, // U+0135
    { 28, 32, 395, -1, 24, 224, 8731 }, // U+0136
    { 22, 34, 318, 0, 26, 187, 8955 }, // U+0137
    { 22, 18, 318, 0, 18, 99, 9142 }, // U+0138
    { 22, 32, 349, -1, 32, 176, 9241 }, // U+0139
    { 16, 33, 189, 1, 32, 132, 9417 }, // U+013A
    { 22, 32, 349, -1, 24, 176, 9549 }, // U+013B
    { 13, 34, 189, -1, 26, 111, 9725 }, // U+013C
    { 24, 24, 349, -1, 24, 144, 9836 }, // U+013D
    { 18, 27, 189, 1, 26, 122, 9980 }, // U+013E
    { 23, 24, 349, -1, 24, 138, 10102 }, // U+013F
    { 16, 27, 247, 1, 26, 108, 10240 }, // U+0140
    { 22, 24, 349, -1, 24, 132, 10348 }, // U+0141
    { 13, 27, 189, -1, 26, 88, 10480 }, // U+0142
    { 30, 32, 420, -1, 32, 240, 10568 }, // U+0143
    { 21, 27, 358, 1, 26, 142, 10808 }, // U+0144
    { 30, 32, 420, -1, 24, 240, 10950 }, // U+0145
    { 21, 27, 358, 1, 19, 142, 11190 }, // U+0146
    { 30, 32, 420, -1, 32, 240, 11332 }, // U+0147
    { 21, 27, 358, 1, 26, 142, 11572 }, // U+0148
    { 29, 25, 469, 0, 24, 182, 11714 }, // U+0149
    { 30, 32, 407, -1, 24, 240, 11896 }, // U+014A
    { 19, 27, 348, 1, 19, 129, 12136 }, // U+014B
    { 24, 30, 422, 2, 29, 180, 12265 }, // U+014C
    { 19, 24, 330, 1, 23, 114, 12445 }, // U+014D
    { 24, 33, 422, 2, 32, 198, 12559 }, // U+014E
    { 19, 27, 330, 1, 26, 129, 12757 }, // U+014F
    { 24, 33, 422, 2, 32, 198, 12886 }, // U+0150
    { 21, 27, 330, 1, 26, 142, 13084 }, // U+0151
    { 33, 26, 528, 2, 25, 215, 13226 }, // U+0152
    { 29, 20, 480, 1, 19, 145, 13441 }, // U+0153
    { 24, 32, 377, -1, 32, 192, 13586 }, // U+0154
    { 18, 26, 294, 1, 26, 117, 13778 }, // U+0155
    { 24, 32, 377, -1, 24, 192, 13895 }, // U+0156
    { 20, 27, 294, -1, 19, 135, 14087 }, // U+0157
    { 24, 32, 377, -1, 32, 192, 14222 }, // U+0158
    { 18, 26, 294, 1, 26, 117, 14414 }, // U+0159
    { 21, 33, 312, 0, 32, 174, 14531 }, // U+015A
    { 19, 27, 274, 0, 26, 129, 14705 }, // U+015B
    { 20, 33, 312, 0, 32, 165, 14834 }, // U+015C
    { 17, 27, 274, 0, 26, 115, 14999 }, // U+015D
    { 20, 33, 312, 0, 25, 165, 15114 }, // U+015E
    { 17, 27, 274, 0, 19, 115, 0 }, // U+015F
    { 20, 33, 312, 0, 32, 165, 115 }, // U+0160
    { 19, 27, 274, 0, 26, 129, 280 }, // U+0161
    { 23, 32, 348, 2, 24, 184, 409 }, // U+0162
    { 15, 30, 222, 0, 22, 113, 593 }, // U+0163
    { 23, 32, 348, 2, 32, 184, 706 }, // U+0164
    { 17, 27, 222, 2, 26, 115, 890 }, // U+0165
    { 23, 24, 348, 2, 24, 138, 1005 }, // U+0166
    { 15, 23, 222, 0, 22, 87, 1143 }, // U+0167
    { 25, 33, 398, 3, 32, 207, 1230 }, // U+0168
    { 21, 27, 359, 1, 26, 142, 1437 }, // U+0169
    { 25, 30, 398, 3, 29, 188, 1579 }, // U+016A
    { 21, 24, 359, 1, 23, 126, 1767 }, // U+016B
    { 25, 33, 398, 3, 32, 207, 1893 }, // U+016C
    { 21, 27, 359, 1, 26, 142, 2100 }, // U+016D
    { 25, 34, 398, 3, 33, 213, 2242 }, // U+016E
    { 21, 28, 359, 1, 27, 147, 2455 }, // U+016F
    { 25, 33, 398, 3, 32, 207, 2602 }, // U+0170
    { 22, 27, 359, 1, 26, 149, 2809 }, // U+0171
    { 25, 32, 398, 3, 24, 200, 2958 }, // U+0172
    { 21, 26, 359, 1, 18, 137, 3158 }, // U+0173
    { 37, 32, 569, 2, 32, 296, 3295 }, // U+0174
    { 28, 27, 467, 1, 26, 189, 3591 }, // U+0175
    { 25, 32, 370, 2, 32, 200, 3780 }, // U+0176
    { 25, 34, 312, -6, 26, 213, 3980 }, // U+0177
    { 25, 32, 370, 2, 32, 200, 4193 }, // U+0178
    { 25, 32, 355, -1, 32, 200, 4393 }, // U+0179
    { 19, 26, 298, 0, 26, 124, 4593 }, // U+017A
    { 25, 32, 355, -1, 32, 200, 4717 }, // U+017B
    { 18, 26, 298, 0, 26, 117, 4917 }, // U+017C
    { 25, 32, 355, -1, 32, 200, 5034 }, // U+017D
    { 18, 26, 298, 0, 26, 117, 5234 }, // U+017E
    { 24, 34, 215, -5, 26, 204, 5351 }, // U+017F
    { 30, 27, 450, 2, 26, 203, 0 }, // U+01A0
    { 24, 22, 357, 1, 21, 132, 203 }, // U+01A1
    { 29, 27, 455, 3, 26, 196, 335 }, // U+01AF
    { 27, 22, 415, 1, 21, 149, 531 }, // U+01B0
    { 51, 32, 765, -1, 32, 408, 680 }, // U+01C4
    { 45, 26, 707, -1, 26, 293, 1088 }, // U+01C5
    { 39, 27, 652, 1, 26, 264, 1381 }, // U+01C6
    { 39, 32, 563, -1, 24, 312, 1645 }, // U+01C7
    { 34, 34, 529, -1, 26, 289, 1957 }, // U+01C8
    { 22, 34, 369, 1, 26, 187, 2246 }, // U+01C9
    { 43, 32, 634, -1, 24, 344, 2433 }, // U+01CA
    { 39, 34, 600, -1, 26, 332, 2777 }, // U+01CB
    { 33, 34, 539, 1, 26, 281, 3109 }, // U+01CC
    { 26, 32, 402, -2, 32, 208, 3390 }, // U+01CD
    { 21, 27, 355, 1, 26, 142, 3598 }, // U+01CE
    { 19, 32, 214, -1, 32, 152, 3740 }, // U+01CF
    { 14, 27, 189, 1, 26, 95, 3892 }, // U+01D0
    { 24, 33, 422, 2, 32, 198, 3987 }, // U+01D1
    { 19, 27, 330, 1, 26, 129, 4185 }, // U+01D2
    { 25, 33, 398, 3, 32, 207, 4314 }, // U+01D3
    { 21, 27, 359, 1, 26, 142, 4521 }, // U+01D4
    { 25, 35, 398, 3, 34, 219, 4663 }, // U+01D5
    { 21, 30, 359, 1, 29, 158, 4882 }, // U+01D6
    { 25, 36, 398, 3, 35, 225, 5040 }, // U+01D7
    { 21, 31, 359, 1, 30, 163, 5265 }, // U+01D8
    { 25, 36, 398, 3, 35, 225, 5428 }, // U+01D9
    { 21, 31, 359, 1, 30, 163, 5653 }, // U+01DA
    { 25, 36, 398, 3, 35, 225, 5816 }, // U+01DB
    { 21, 31, 359, 1, 30, 163, 6041 }, // U+01DC
    { 17, 20, 299, 1, 19, 85, 6204 }, // U+01DD
    { 26, 34, 402, -2, 34, 221, 6289 }, // U+01DE
    { 21, 30, 355, 1, 29, 158, 6510 }, // U+01DF
    { 26, 34, 402, -2, 34, 221, 6668 }, // U+01E0
    { 21, 30, 355, 1, 29, 158, 6889 }, // U+01E1
    { 36, 29, 530, -2, 29, 261, 7047 }, // U+01E2
    { 29, 24, 469, 1, 23, 174, 7308 }, // U+01E3
    { 24, 26, 424, 2, 25, 156, 7482 }, // U+01E4
    { 23, 28, 309, -2, 20, 161, 7638 }, // U+01E5
    { 24, 33, 424, 2, 32, 198, 7799 }, // U+01E6
    { 23, 34, 309, -2, 26, 196, 7997 }, // U+01E7
    { 28, 32, 395, -1, 32, 224, 8193 }, // U+01E8
    { 22, 32, 318, 0, 32, 176, 8417 }, // U+01E9
    { 24, 33, 422, 2, 25, 198, 8593 }, // U+01EA
    { 19, 27, 330, 1, 19, 129, 8791 }, // U+01EB
    { 24, 37, 422, 2, 29, 222, 8920 }, // U+01EC
    { 19, 31, 330, 1, 23, 148, 9142 }, // U+01ED
    { 21, 33, 324, 0, 32, 174, 9290 }, // U+01EE
    { 21, 34, 298, -2, 26, 179, 9464 }, // U+01EF
    { 20, 34, 180, -5, 26, 170, 9643 }, // U+01F0
    { 51, 24, 765, -1, 24, 306, 9813 }, // U+01F1
    { 45, 24, 707, -1, 24, 270, 10119 }, // U+01F2
    { 39, 27, 652, 1, 26, 264, 10389 }, // U+01F3
    { 24, 33, 424, 2, 32, 198, 10653 }, // U+01F4
    { 23, 34, 309, -2, 26, 196, 10851 }, // U+01F5
    { 40, 25, 607, -1, 24, 250, 11047 }, // U+01F6
    { 29, 33, 399, -3, 25, 240, 11297 }, // U+01F7
    { 30, 32, 420, -1, 32, 240, 11537 }, // U+01F8
    { 21, 27, 358, 1, 26, 142, 11777 }, // U+01F9
    { 26, 33, 402, -2, 33, 215, 11919 }, // U+01FA
    { 21, 34, 355, 1, 33, 179, 12134 }, // U+01FB
    { 36, 32, 530, -2, 32, 288, 12313 }, // U+01FC
    { 29, 27, 469, 1, 26, 196, 12601 }, // U+01FD
    { 24, 34, 422, 2, 32, 204, 12797 }, // U+01FE
    { 21, 28, 330, 0, 26, 147, 13001 }, // U+01FF
    { 26, 32, 402, -2, 32, 208, 13148 }, // U+0200
    { 21, 27, 355, 1, 26, 142, 13356 }, // U+0201
    { 26, 32, 402, -2, 32, 208, 13498 }, // U+0202
    { 21, 27, 355, 1, 26, 142, 13706 }, // U+0203
    { 24, 32, 338, -1, 32, 192, 13848 }, // U+0204
    { 17, 27, 285, 1, 26, 115, 14040 }, // U+0205
    { 24, 32, 338, -1, 32, 192, 14155 }, // U+0206
    { 17, 27, 285, 1, 26, 115, 14347 }, // U+0207
    { 17, 32, 214, -1, 32, 136, 14462 }, // U+0208
    { 14, 27, 189, -2, 26, 95, 14598 }, // U+0209
    { 18, 32, 214, -1, 32, 144, 14693 }, // U+020A
    { 14, 27, 189, 1, 26, 95, 14837 }, // U+020B
    { 24, 33, 422, 2, 32, 198, 14932 }, // U+020C
    { 19, 27, 330, 1, 26, 129, 15130 }, // U+020D
    { 24, 33, 422, 2, 32, 198, 0 }, // U+020E
    { 19, 27, 330, 1, 26, 129, 198 }, // U+020F
    { 24, 32, 377, -1, 32, 192, 327 }, // U+0210
    { 18, 26, 294, 1, 26, 117, 519 }, // U+0211
    { 24, 32, 377, -1, 32, 192, 636 }, // U+0212
    { 18, 26, 294, 1, 26, 117, 828 }, // U+0213
    { 25, 33, 398, 3, 32, 207, 945 }, // U+0214
    { 21, 27, 359, 1, 26, 142, 1152 }, // U+0215
    { 25, 33, 398, 3, 32, 207, 1294 }, // U+0216
    { 21, 27, 359, 1, 26, 142, 1501 }, // U+0217
    { 20, 33, 312, 0, 25, 165, 1643 }, // U+0218
    { 17, 27, 274, 0, 19, 115, 1808 }, // U+0219
    { 23, 32, 348, 2, 24, 184, 1923 }, // U+021A
    { 15, 30, 222, 0, 22, 113, 2107 }, // U+021B
    { 23, 31, 327, -2, 25, 179, 2220 }, // U+021C
    { 19, 27, 271, -3, 19, 129, 2399 }, // U+021D
    { 31, 32, 437, -1, 32, 248, 2528 }, // U+021E
    { 22, 33, 350, 0, 32, 182, 2776 }, // U+021F
    { 8, 6, 0, -16, 26, 12, 0 }, // U+0300
    { 10, 6, 0, -11, 26, 15, 12 }, // U+0301
    { 13, 6, 0, -4, 26, 20, 27 }, // U+0302
    { 14, 6, 0, -16, 26, 21, 47 }, // U+0303
    { 11, 3, 0, -3, 23, 9, 68 }, // U+0304
    { 11, 3, 0, -2, 28, 9, 77 }, // U+0305
    { 12, 6, 0, -3, 26, 18, 86 }, // U+0306
    { 7, 6, 0, 0, 26, 11, 104 }, // U+0307
    { 12, 6, 0, -3, 26, 18, 115 }, // U+0308
    { 8, 9, 0, -12, 28, 18, 133 }, // U+0309
    { 8, 8, 0, -1, 27, 16, 151 }, // U+030A
    { 15, 6, 0, -4, 26, 23, 167 }, // U+030B
    { 13, 6, 0, -3, 26, 20, 190 }, // U+030C
    { 5, 7, 0, 0, 26, 9, 210 }, // U+030D
    { 10, 7, 0, -2, 26, 18, 219 }, // U+030E
    { 14, 6, 0, -15, 26, 21, 237 }, // U+030F
    { 11, 10, 0, -2, 30, 28, 258 }, // U+0310
    { 11, 6, 0, -3, 26, 17, 286 }, // U+0311
    { 8, 11, 0, -1, 24, 22, 303 }, // U+0312
    { 8, 11, 0, -2, 24, 22, 325 }, // U+0313
    { 7, 11, 0, -1, 24, 20, 347 }, // U+0314
    { 8, 11, 0, -2, 24, 22, 367 }, // U+0315
    { 8, 6, 0, -7, -2, 12, 389 }, // U+0316
    { 10, 6, 0, -8, -2, 15, 401 }, // U+0317
    { 7, 7, 0, -5, -1, 13, 416 }, // U+0318
    { 7, 7, 0, -5, -1, 13, 429 }, // U+0319
    { 10, 10, 199, 3, 26, 25, 442 }, // U+031A
    { 8, 9, 0, -3, 26, 18, 467 }, // U+031B
    { 6, 8, 0, -5, 0, 12, 485 }, // U+031C
    { 8, 6, 0, -7, -1, 12, 497 }, // U+031D
    { 8, 6, 0, -6, -1, 12, 509 }, // U+031E
    { 8, 7, 0, -6, -1, 14, 521 }, // U+031F
    { 8, 2, 0, -7, -3, 4, 535 }, // U+0320
    { 9, 9, 0, -9, 2, 21, 539 }, // U+0321
    { 7, 9, 0, -4, 2, 16, 560 }, // U+0322
    { 7, 6, 0, -16, -1, 11, 576 }, // U+0323
    { 13, 6, 0, -9, -1, 20, 587 }, // U+0324
    { 9, 8, 0, -7, -1, 18, 607 }, // U+0325
    { 8, 6, 0, -7, -2, 12, 625 }, // U+0326
    { 10, 9, 0, -7, 1, 23, 637 }, // U+0327
    { 9, 8, 0, -7, 0, 18, 660 }, // U+0328
    { 5, 7, 0, -5, -1, 9, 678 }, // U+0329
    { 14, 6, 0, -9, -2, 21, 687 }, // U+032A
    { 12, 5, 0, -8, -2, 15, 708 }, // U+032B
    { 13, 6, 0, -8, -2, 20, 723 }, // U+032C
    { 13, 6, 0, -9, -1, 20, 743 }, // U+032D
    { 12, 6, 0, -8, -1, 18, 763 }, // U+032E
    { 11, 6, 0, -8, -1, 17, 781 }, // U+032F
    { 14, 6, 0, -10, -1, 21, 798 }, // U+0330
    { 11, 3, 0, -8, -2, 9, 819 }, // U+0331
    { 15, 3, 0, -17, -3, 12, 828 }, // U+0332
    { 16, 7, 0, -17, -1, 28, 840 }, // U+0333
    { 14, 6, 0, -7, 13, 21, 868 }, // U+0334
    { 14, 3, 0, -7, 11, 11, 889 }, // U+0335
    { 24, 3, 0, -12, 11, 18, 900 }, // U+0336
    { 14, 9, 0, -7, 14, 32, 918 }, // U+0337
    { 19, 29, 0, -9, 26, 138, 950 }, // U+0338
    { 6, 8, 0, -5, 0, 12, 1088 }, // U+0339
    { 14, 6, 0, -9, -2, 21, 1100 }, // U+033A
    { 15, 7, 0, -10, -1, 27, 1121 }, // U+033B
    { 12, 5, 0, -8, -2, 15, 1148 }, // U+033C
    { 7, 7, 0, -1, 26, 13, 1163 }, // U+033D
    { 6, 11, 0, 0, 30, 17, 1176 }, // U+033E
    { 16, 7, 0, -4, 32, 28, 1193 }, // U+033F
    { 8, 6, 0, -3, 26, 12, 1221 }, // U+0340
    { 10, 6, 0, -1, 26, 15, 1233 }, // U+0341
    { 15, 6, 0, -5, 26, 23, 1248 }, // U+0342
    { 6, 7, 0, 1, 27, 11, 1271 }, // U+0343
    { 16, 8, 0, -5, 27, 32, 1282 }, // U+0344
    { 8, 7, 0, -2, -1, 14, 1314 }, // U+0345
    { 14, 6, 0, -4, 26, 21, 1328 }, // U+0346
    { 16, 7, 0, -10, -1, 28, 1349 }, // U+0347
    { 9, 7, 0, -7, -1, 16, 1377 }, // U+0348
    { 8, 6, 0, -5, -2, 12, 1393 }, // U+0349
    { 15, 9, 0, -4, 27, 34, 1405 }, // U+034A
    { 16, 15, 0, -5, 33, 60, 1439 }, // U+034B
    { 15, 12, 0, -5, 31, 45, 1499 }, // U+034C
    { 11, 7, 0, -8, -1, 20, 1544 }, // U+034D
    { 7, 8, 0, -6, 0, 14, 1564 }, // U+034E
    { 24, 24, 0, -12, 24, 144, 1578 }, // U+034F
    { 7, 8, 0, -1, 26, 14, 1722 }, // U+0350
    { 6, 9, 0, 0, 28, 14, 1736 }, // U+0351
    { 12, 10, 0, -3, 29, 30, 1750 }, // U+0352
    { 8, 7, 0, -6, -1, 14, 1780 }, // U+0353
    { 8, 7, 0, -6, -1, 14, 1794 }, // U+0354
    { 8, 7, 0, -6, -1, 14, 1808 }, // U+0355
    { 14, 7, 0, -9, -1, 25, 1822 }, // U+0356
    { 6, 9, 0, -1, 28, 14, 1847 }, // U+0357
    { 6, 6, 0, 5, 26, 9, 1861 }, // U+0358
    { 10, 9, 0, -5, 0, 23, 1870 }, // U+0359
    { 13, 7, 0, -9, -1, 23, 1893 }, // U+035A
    { 7, 8, 0, -1, 27, 14, 1916 }, // U+035B
    { 26, 7, 0, -15, -1, 46, 1930 }, // U+035C
    { 26, 7, 0, -9, 26, 46, 1976 }, // U+035D
    { 21, 3, 0, -8, 23, 16, 2022 }, // U+035E
    { 21, 4, 0, -13, -2, 21, 2038 }, // U+035F
    { 29, 7, 0, -12, 26, 51, 2059 }, // U+0360
    { 28, 7, 0, -11, 29, 49, 2110 }, // U+0361
    { 21, 7, 0, -13, -1, 37, 2159 }, // U+0362
    { 10, 8, 0, -2, 28, 20, 2196 }, // U+0363
    { 9, 8, 0, -1, 28, 18, 2216 }, // U+0364
    { 5, 11, 0, 1, 31, 14, 2234 }, // U+0365
    { 9, 8, 0, -1, 28, 18, 2248 }, // U+0366
    { 10, 8, 0, -1, 28, 20, 2266 }, // U+0367
    { 9, 8, 0, -1, 28, 18, 2286 }, // U+0368
    { 10, 11, 0, -2, 31, 28, 2304 }, // U+0369
    { 10, 11, 0, -2, 31, 28, 2332 }, // U+036A
    { 15, 8, 0, -4, 28, 30, 2360 }, // U+036B
    { 9, 8, 0, -1, 28, 18, 2390 }, // U+036C
    { 6, 10, 0, 1, 30, 15, 2408 }, // U+036D
    { 9, 8, 0, -1, 28, 18, 2423 }, // U+036E
    { 10, 8, 0, -2, 28, 20, 2441 }, // U+036F
    { 25, 32, 348, -2, 32, 200, 0 }, // U+0400
    { 25, 31, 348, -2, 31, 194, 200 }, // U+0401
    { 24, 24, 439, 2, 24, 144, 394 }, // U+0402
    { 25, 32, 316, -2, 32, 200, 538 }, // U+0403
    { 22, 26, 351, 1, 25, 143, 738 }, // U+0404
    { 21, 26, 312, -1, 25, 137, 881 }, // U+0405
    { 18, 24, 213, -2, 24, 108, 1018 }, // U+0406
    { 19, 31, 213, -2, 31, 148, 1126 }, // U+0407
    { 20, 32, 211, -4, 24, 160, 1274 }, // U+0408
    { 34, 25, 519, -2, 24, 213, 1434 }, // U+0409
    { 35, 24, 551, -2, 24, 210, 1647 }, // U+040A
    { 26, 24, 474, 2, 24, 156, 1857 }, // U+040B
    { 29, 32, 389, -2, 32, 232, 2013 }, // U+040C
    { 32, 32, 437, -2, 32, 256, 2245 }, // U+040D
    { 25, 33, 373, 2, 32, 207, 2501 }, // U+040E
    { 31, 31, 429, -2, 24, 241, 2708 }, // U+040F
    { 26, 24, 399, -2, 24, 156, 2949 }, // U+0410
    { 24, 24, 340, -2, 24, 144, 3105 }, // U+0411
    { 24, 24, 360, -2, 24, 144, 3249 }, // U+0412
    { 25, 24, 316, -2, 24, 150, 3393 }, // U+0413
    { 31, 31, 411, -3, 24, 241, 3543 }, // U+0414
    { 25, 24, 348, -2, 24, 150, 3784 }, // U+0415
    { 39, 24, 552, -2, 24, 234, 3934 }, // U+0416
    { 21, 26, 331, -1, 25, 137, 4168 }, // U+0417
    { 32, 24, 440, -2, 24, 192, 4305 }, // U+0418
    { 32, 32, 440, -2, 32, 256, 4497 }, // U+0419
    { 29, 24, 389, -2, 24, 174, 4753 }, // U+041A
    { 30, 25, 399, -2, 24, 188, 4927 }, // U+041B
    { 37, 24, 517, -2, 24, 222, 5115 }, // U+041C
    { 32, 24, 435, -2, 24, 192, 5337 }, // U+041D
    { 24, 26, 409, 1, 25, 156, 5529 }, // U+041E
    { 31, 24, 429, -2, 24, 186, 5685 }, // U+041F
    { 24, 24, 340, -2, 24, 144, 5871 }, // U+0420
    { 22, 26, 351, 1, 25, 143, 6015 }, // U+0421
    { 23, 24, 353, 2, 24, 138, 6158 }, // U+0422
    { 25, 25, 373, 2, 24, 157, 6296 }, // U+0423
    { 30, 26, 503, 1, 25, 195, 6453 }, // U+0424
    { 29, 24, 390, -2, 24, 174, 6648 }, // U+0425
    { 31, 31, 432, -2, 24, 241, 6822 }, // U+0426
    { 27, 24, 418, 2, 24, 162, 7063 }, // U+0427
    { 43, 24, 608, -2, 24, 258, 7225 }, // U+0428
    { 43, 31, 611, -2, 24, 334, 7483 }, // U+0429
    { 22, 24, 394, 2, 24, 132, 7817 }, // U+042A
    { 37, 24, 521, -2, 24, 222, 7949 }, // U+042B
    { 22, 24, 340, -2, 24, 132, 8171 }, // U+042C
    { 23, 26, 351, -1, 25, 150, 8303 }, // U+042D
    { 38, 26, 575, -2, 25, 247, 8453 }, // U+042E
    { 28, 24, 376, -2, 24, 168, 8700 }, // U+042F
    { 21, 20, 333, 0, 19, 105, 8868 }, // U+0430
    { 20, 27, 325, 1, 26, 135, 8973 }, // U+0431
    { 19, 20, 304, 0, 19, 95, 9108 }, // U+0432
    { 16, 20, 256, 0, 19, 80, 9203 }, // U+0433
    { 20, 27, 320, 0, 26, 135, 9283 }, // U+0434
    { 18, 20, 284, 0, 19, 90, 9418 }, // U+0435
    { 36, 20, 547, -1, 19, 180, 9508 }, // U+0436
    { 16, 20, 273, 0, 19, 80, 9688 }, // U+0437
    { 21, 19, 345, 1, 18, 100, 9768 }, // U+0438
    { 21, 27, 345, 1, 26, 142, 9868 }, // U+0439
    { 20, 18, 327, 1, 18, 90, 10010 }, // U+043A
    { 23, 19, 328, -2, 18, 110, 10100 }, // U+043B
    { 31, 19, 461, -2, 18, 148, 10210 }, // U+043C
    { 21, 19, 346, 1, 18, 100, 10358 }, // U+043D
    { 19, 20, 320, 0, 19, 95, 10458 }, // U+043E
    { 21, 20, 347, 1, 19, 105, 10553 }, // U+043F
    { 21, 27, 332, -1, 19, 142, 10658 }, // U+0440
    { 18, 20, 277, 0, 19, 90, 10800 }, // U+0441
    { 31, 20, 506, 1, 19, 155, 10890 }, // U+0442
    { 20, 28, 309, -1, 19, 140, 11045 }, // U+0443
    { 27, 34, 443, 0, 26, 230, 11185 }, // U+0444
    { 21, 18, 317, -1, 18, 95, 11415 }, // U+0445
    { 21, 26, 347, 1, 18, 137, 11510 }, // U+0446
    { 21, 19, 327, 0, 18, 100, 11647 }, // U+0447
    { 31, 19, 507, 1, 18, 148, 11747 }, // U+0448
    { 31, 26, 509, 1, 18, 202, 11895 }, // U+0449
    { 19, 19, 315, 0, 18, 91, 12097 }, // U+044A
    { 28, 19, 459, 1, 18, 133, 12188 }, // U+044B
    { 17, 19, 308, 1, 18, 81, 12321 }, // U+044C
    { 17, 20, 280, 0, 19, 85, 12402 }, // U+044D
    { 27, 20, 461, 1, 19, 135, 12487 }, // U+044E
    { 22, 20, 335, -1, 19, 110, 12622 }, // U+044F
    { 18, 27, 284, 0, 26, 122, 12732 }, // U+0450
    { 18, 27, 284, 0, 26, 122, 12854 }, // U+0451
    { 19, 35, 331, 1, 26, 167, 12976 }, // U+0452
    { 18, 27, 256, 0, 26, 122, 13143 }, // U+0453
    { 18, 20, 277, 0, 19, 90, 13265 }, // U+0454
    { 17, 20, 256, -1, 19, 85, 13355 }, // U+0455
    { 10, 27, 175, 1, 26, 68, 13440 }, // U+0456
    { 13, 27, 175, 1, 26, 88, 13508 }, // U+0457
    { 16, 35, 168, -5, 26, 140, 13596 }, // U+0458
    { 30, 19, 455, -2, 18, 143, 13736 }, // U+0459
    { 28, 19, 474, 1, 18, 133, 13879 }, // U+045A
    { 21, 27, 347, 1, 26, 142, 14012 }, // U+045B
    { 20, 26, 327, 1, 26, 130, 14154 }, // U+045C
    { 21, 27, 345, 1, 26, 142, 14284 }, // U+045D
    { 20, 35, 309, -1, 26, 175, 14426 }, // U+045E
    { 21, 26, 345, 1, 18, 137, 14601 }, // U+045F
    { 32, 25, 546, 2, 25, 200, 14738 }, // U+0460
    { 28, 19, 438, 0, 19, 133, 14938 }, // U+0461
    { 22, 24, 380, 0, 24, 132, 15071 }, // U+0462
    { 28, 20, 477, 1, 19, 140, 15203 }, // U+0463
    { 37, 26, 550, -1, 25, 241, 0 }, // U+0464
    { 27, 20, 447, 1, 19, 135, 241 }, // U+0465
    { 28, 24, 423, -2, 24, 168, 376 }, // U+0466
    { 24, 18, 345, -3, 18, 108, 544 }, // U+0467
    { 39, 24, 620, -1, 24, 234, 652 }, // U+0468
    { 30, 18, 509, 1, 18, 135, 886 }, // U+0469
    { 31, 24, 479, -2, 24, 186, 1021 }, // U+046A
    { 27, 18, 418, -2, 18, 122, 1207 }, // U+046B
    { 43, 24, 685, -1, 24, 258, 1329 }, // U+046C
    { 34, 18, 578, 1, 18, 153, 1587 }, // U+046D
    { 21, 37, 324, -1, 29, 195, 1740 }, // U+046E
    { 19, 31, 275, -2, 23, 148, 1935 }, // U+046F
    { 33, 24, 520, 3, 24, 198, 2083 }, // U+0470
    { 23, 34, 384, 2, 26, 196, 2281 }, // U+0471
    { 24, 26, 422, 2, 25, 156, 2477 }, // U+0472
    { 19, 20, 330, 1, 19, 95, 2633 }, // U+0473
    { 26, 24, 396, 2, 24, 156, 2728 }, // U+0474
    { 23, 20, 336, 0, 19, 115, 2884 }, // U+0475
    { 26, 32, 396, 2, 32, 208, 2999 }, // U+0476
    { 23, 27, 336, 0, 26, 156, 3207 }, // U+0477
    { 41, 33, 695, 2, 25, 339, 3363 }, // U+0478
    { 36, 27, 596, 1, 19, 243, 3702 }, // U+0479
    { 25, 29, 444, 2, 26, 182, 3945 }, // U+047A
    { 20, 22, 346, 1, 20, 110, 4127 }, // U+047B
    { 36, 37, 610, 2, 36, 333, 4237 }, // U+047C
    { 30, 32, 514, 1, 31, 240, 4570 }, // U+047D
    { 32, 30, 546, 2, 30, 240, 4810 }, // U+047E
    { 28, 24, 438, 0, 24, 168, 5050 }, // U+047F
    { 22, 33, 356, 2, 25, 182, 5218 }, // U+0480
    { 17, 27, 282, 1, 19, 115, 5400 }, // U+0481
    { 18, 22, 325, 1, 21, 99, 5515 }, // U+0482
    { 14, 7, 0, -5, 25, 25, 5614 }, // U+0483
    { 14, 6, 0, -5, 26, 21, 5639 }, // U+0484
    { 5, 6, 0, 1, 26, 8, 5660 }, // U+0485
    { 5, 6, 0, 0, 26, 8, 5668 }, // U+0486
    { 15, 5, 0, -4, 30, 19, 5676 }, // U+0487
    { 42, 38, 0, -21, 28, 399, 5695 }, // U+0488
    { 40, 40, 0, -20, 29, 400, 6094 }, // U+0489
    { 31, 39, 447, -1, 32, 303, 6494 }, // U+048A
    { 21, 34, 359, 1, 27, 179, 6797 }, // U+048B
    { 22, 26, 354, -1, 26, 143, 6976 }, // U+048C
    { 18, 23, 317, 1, 22, 104, 7119 }, // U+048D
    { 24, 24, 354, -1, 24, 144, 7223 }, // U+048E
    { 21, 27, 332, -1, 19, 142, 7367 }, // U+048F
    { 23, 29, 289, -1, 29, 167, 7509 }, // U+0490
    { 17, 23, 257, 1, 23, 98, 7676 }, // U+0491
    { 24, 24, 315, -1, 24, 144, 7774 }, // U+0492
    { 18, 18, 271, 0, 18, 81, 7918 }, // U+0493
    { 24, 33, 383, -1, 24, 198, 7999 }, // U+0494
    { 17, 26, 319, 1, 18, 111, 8197 }, // U+0495
    { 39, 31, 566, -2, 24, 303, 8308 }, // U+0496
    { 40, 27, 628, 0, 19, 270, 8611 }, // U+0497
    { 21, 33, 327, 0, 25, 174, 8881 }, // U+0498
    { 17, 27, 277, 0, 19, 115, 9055 }, // U+0499
    { 28, 31, 403, -1, 24, 217, 9170 }, // U+049A
    { 21, 27, 323, 0, 19, 142, 9387 }, // U+049B
    { 29, 24, 415, -1, 24, 174, 9529 }, // U+049C
    { 23, 20, 351, 0, 19, 115, 9703 }, // U+049D
    { 28, 24, 396, -1, 24, 168, 9818 }, // U+049E
    { 21, 27, 323, 0, 26, 142, 9986 }, // U+049F
    { 29, 24, 455, 2, 24, 174, 10128 }, // U+04A0
    { 25, 20, 393, 0, 19, 125, 10302 }, // U+04A1
    { 31, 31, 437, -1, 24, 241, 10427 }, // U+04A2
    { 22, 26, 364, 1, 18, 143, 10668 }, // U+04A3
    { 35, 24, 498, -1, 24, 210, 10811 }, // U+04A4
    { 27, 19, 436, 1, 18, 129, 11021 }, // U+04A5
    { 37, 33, 601, -1, 24, 306, 11150 }, // U+04A6
    { 28, 26, 488, 1, 18, 182, 11456 }, // U+04A7
    { 25, 27, 449, 2, 25, 169, 11638 }, // U+04A8
    { 21, 20, 365, 1, 19, 105, 11807 }, // U+04A9
    { 22, 33, 356, 2, 25, 182, 11912 }, // U+04AA
    { 17, 27, 282, 1, 19, 115, 12094 }, // U+04AB
    { 23, 31, 348, 2, 24, 179, 12209 }, // U+04AC
    { 31, 27, 517, 1, 19, 210, 12388 }, // U+04AD
    { 25, 24, 370, 2, 24, 150, 12598 }, // U+04AE
    { 19, 27, 312, 0, 19, 129, 12748 }, // U+04AF
    { 25, 24, 370, 2, 24, 150, 12877 }, // U+04B0
    { 19, 27, 312, 0, 19, 129, 13027 }, // U+04B1
    { 29, 31, 401, -2, 24, 225, 13156 }, // U+04B2
    { 22, 26, 322, -1, 18, 143, 13381 }, // U+04B3
    { 34, 31, 524, 2, 24, 264, 13524 }, // U+04B4
    { 27, 26, 426, 0, 18, 176, 13788 }, // U+04B5
    { 26, 31, 403, 2, 24, 202, 13964 }, // U+04B6
    { 22, 26, 348, 0, 18, 143, 14166 }, // U+04B7
    { 27, 24, 418, 2, 24, 162, 14309 }, // U+04B8
    { 21, 19, 327, 0, 18, 100, 14471 }, // U+04B9
    { 25, 24, 415, -1, 24, 150, 14571 }, // U+04BA
    { 22, 27, 350, 0, 26, 149, 14721 }, // U+04BB
    { 27, 26, 438, 1, 25, 176, 14870 }, // U+04BC
    { 22, 20, 355, 1, 19, 110, 15046 }, // U+04BD
    { 27, 32, 438, 1, 25, 216, 15156 }, // U+04BE
    { 22, 26, 355, 1, 19, 143, 0 }, // U+04BF
    { 17, 24, 214, -1, 24, 102, 143 }, // U+04C0
    { 39, 32, 552, -2, 32, 312, 245 }, // U+04C1
    { 36, 27, 547, -1, 26, 243, 557 }, // U+04C2
    { 28, 33, 388, -1, 24, 231, 800 }, // U+04C3
    { 21, 27, 328, 0, 19, 142, 1031 }, // U+04C4
    { 29, 31, 395, -2, 24, 225, 1173 }, // U+04C5
    { 23, 26, 365, 0, 19, 150, 1398 }, // U+04C6
    { 31, 33, 437, -1, 24, 256, 1548 }, // U+04C7
    { 21, 26, 356, 1, 18, 137, 1804 }, // U+04C8
    { 31, 31, 447, -1, 24, 241, 1941 }, // U+04C9
    { 22, 25, 364, 1, 18, 138, 2182 }, // U+04CA
    { 26, 31, 403, 2, 24, 202, 2320 }, // U+04CB
    { 21, 25, 348, 0, 18, 132, 2522 }, // U+04CC
    { 36, 31, 518, -1, 24, 279, 2654 }, // U+04CD
    { 32, 25, 505, 0, 18, 200, 2933 }, // U+04CE
    { 17, 24, 214, -1, 24, 102, 3133 }, // U+04CF
    { 26, 32, 402, -2, 32, 208, 3235 }, // U+04D0
    { 21, 27, 355, 1, 26, 142, 3443 }, // U+04D1
    { 26, 32, 402, -2, 32, 208, 3585 }, // U+04D2
    { 21, 27, 355, 1, 26, 142, 3793 }, // U+04D3
    { 36, 24, 530, -2, 24, 216, 3935 }, // U+04D4
    { 29, 20, 469, 1, 19, 145, 4151 }, // U+04D5
    { 24, 32, 338, -1, 32, 192, 4296 }, // U+04D6
    { 17, 27, 285, 1, 26, 115, 4488 }, // U+04D7
    { 22, 26, 374, 1, 25, 143, 4603 }, // U+04D8
    { 17, 20, 299, 1, 19, 85, 4746 }, // U+04D9
    { 22, 33, 374, 1, 32, 182, 4831 }, // U+04DA
    { 17, 27, 299, 1, 26, 115, 5013 }, // U+04DB
    { 39, 32, 552, -2, 32, 312, 5128 }, // U+04DC
    { 36, 27, 547, -1, 26, 243, 5440 }, // U+04DD
    { 21, 33, 331, -1, 32, 174, 5683 }, // U+04DE
    { 17, 27, 273, 0, 26, 115, 5857 }, // U+04DF
    { 21, 25, 324, 0, 24, 132, 5972 }, // U+04E0
    { 21, 26, 298, -2, 18, 137, 6104 }, // U+04E1
    { 32, 29, 440, -2, 29, 232, 6241 }, // U+04E2
    { 21, 24, 359, 1, 23, 126, 6473 }, // U+04E3
    { 32, 32, 440, -2, 32, 256, 6599 }, // U+04E4
    { 21, 27, 359, 1, 26, 142, 6855 }, // U+04E5
    { 24, 33, 422, 2, 32, 198, 6997 }, // U+04E6
    { 19, 27, 330, 1, 26, 129, 7195 }, // U+04E7
    { 24, 26, 422, 2, 25, 156, 7324 }, // U+04E8
    { 19, 20, 330, 1, 19, 95, 7480 }, // U+04E9
    { 24, 33, 422, 2, 32, 198, 7575 }, // U+04EA
    { 19, 27, 330, 1, 26, 129, 7773 }, // U+04EB
    { 23, 33, 351, -1, 32, 190, 7902 }, // U+04EC
    { 17, 27, 280, 0, 26, 115, 8092 }, // U+04ED
    { 25, 30, 373, 2, 29, 188, 8207 }, // U+04EE
    { 25, 31, 312, -6, 23, 194, 8395 }, // U+04EF
    { 25, 33, 373, 2, 32, 207, 8589 }, // U+04F0
    { 25, 34, 312, -6, 26, 213, 8796 }, // U+04F1
    { 25, 33, 373, 2, 32, 207, 9009 }, // U+04F2
    { 27, 34, 312, -6, 26, 230, 9216 }, // U+04F3
    { 27, 32, 418, 2, 32, 216, 9446 }, // U+04F4
    { 21, 27, 327, 0, 26, 142, 9662 }, // U+04F5
    { 24, 31, 315, -1, 24, 186, 9804 }, // U+04F6
    { 19, 26, 271, -1, 18, 124, 9990 }, // U+04F7
    { 37, 32, 521, -2, 32, 296, 10114 }, // U+04F8
    { 28, 27, 459, 1, 26, 189, 10410 }, // U+04F9
    { 24, 31, 315, -1, 24, 186, 10599 }, // U+04FA
    { 18, 25, 271, 0, 18, 113, 10785 }, // U+04FB
    { 29, 31, 396, -2, 24, 225, 10898 }, // U+04FC
    { 22, 25, 322, -1, 18, 138, 11123 }, // U+04FD
    { 29, 24, 390, -2, 24, 174, 11261 }, // U+04FE
    { 22, 18, 322, -1, 18, 99, 11435 }, // U+04FF
    { 26, 32, 402, -2, 24, 208, 0 }, // U+1EA0
    { 21, 27, 355, 1, 19, 142, 208 }, // U+1EA1
    { 26, 33, 402, -2, 33, 215, 350 }, // U+1EA2
    { 21, 29, 355, 1, 28, 153, 565 }, // U+1EA3
    { 29, 33, 402, -2, 33, 240, 718 }, // U+1EA4
    { 22, 29, 355, 1, 28, 160, 958 }, // U+1EA5
    { 26, 33, 402, -2, 33, 215, 1118 }, // U+1EA6
    { 21, 29, 355, 1, 28, 153, 1333 }, // U+1EA7
    { 28, 35, 402, -2, 35, 245, 1486 }, // U+1EA8
    { 21, 30, 355, 1, 29, 158, 1731 }, // U+1EA9
    { 26, 36, 402, -2, 36, 234, 1889 }, // U+1EAA
    { 21, 31, 355, 1, 30, 163, 2123 }, // U+1EAB
    { 26, 40, 402, -2, 32, 260, 2286 }, // U+1EAC
    { 21, 34, 355, 1, 26, 179, 2546 }, // U+1EAD
    { 26, 34, 402, -2, 34, 221, 2725 }, // U+1EAE
    { 21, 30, 355, 1, 29, 158, 2946 }, // U+1EAF
    { 26, 34, 402, -2, 34, 221, 3104 }, // U+1EB0
    { 21, 30, 355, 1, 29, 158, 3325 }, // U+1EB1
    { 26, 35, 402, -2, 35, 228, 3483 }, // U+1EB2
    { 21, 31, 355, 1, 30, 163, 3711 }, // U+1EB3
    { 26, 36, 402, -2, 36, 234, 3874 }, // U+1EB4
    { 21, 31, 355, 1, 30, 163, 4108 }, // U+1EB5
    { 26, 39, 402, -2, 32, 254, 4271 }, // U+1EB6
    { 21, 33, 355, 1, 26, 174, 4525 }, // U+1EB7
    { 24, 31, 338, -1, 24, 186, 4699 }, // U+1EB8
    { 17, 26, 285, 1, 19, 111, 4885 }, // U+1EB9
    { 24, 33, 338, -1, 33, 198, 4996 }, // U+1EBA
    { 17, 29, 285, 1, 28, 124, 5194 }, // U+1EBB
    { 24, 32, 338, -1, 32, 192, 5318 }, // U+1EBC
    { 18, 27, 285, 1, 26, 122, 5510 }, // U+1EBD
    { 26, 33, 338, -1, 33, 215, 5632 }, // U+1EBE
    { 22, 29, 285, 1, 28, 160, 5847 }, // U+1EBF
    { 24, 33, 338, -1, 33, 198, 6007 }, // U+1EC0
    { 17, 29, 285, 1, 28, 124, 6205 }, // U+1EC1
    { 25, 35, 338, -1, 35, 219, 6329 }, // U+1EC2
    { 20, 30, 285, 1, 29, 150, 6548 }, // U+1EC3
    { 24, 36, 338, -1, 36, 216, 6698 }, // U+1EC4
    { 18, 31, 285, 1, 30, 140, 6914 }, // U+1EC5
    { 24, 39, 338, -1, 32, 234, 7054 }, // U+1EC6
    { 17, 33, 285, 1, 26, 141, 7288 }, // U+1EC7
    { 17, 33, 214, -1, 33, 141, 7429 }, // U+1EC8
    { 12, 29, 189, 1, 28, 87, 7570 }, // U+1EC9
    { 17, 31, 214, -1, 24, 132, 7657 }, // U+1ECA
    { 12, 33, 189, 0, 26, 99, 7789 }, // U+1ECB
    { 24, 32, 422, 2, 25, 192, 7888 }, // U+1ECC
    { 19, 26, 330, 1, 19, 124, 8080 }, // U+1ECD
    { 24, 34, 422, 2, 33, 204, 8204 }, // U+1ECE
    { 19, 29, 330, 1, 28, 138, 8408 }, // U+1ECF
    { 25, 34, 422, 2, 33, 213, 8546 }, // U+1ED0
    { 22, 29, 330, 1, 28, 160, 8759 }, // U+1ED1
    { 24, 34, 422, 2, 33, 204, 8919 }, // U+1ED2
    { 19, 29, 330, 1, 28, 138, 9123 }, // U+1ED3
    { 24, 36, 422, 2, 35, 216, 9261 }, // U+1ED4
    { 21, 30, 330, 1, 29, 158, 9477 }, // U+1ED5
    { 24, 37, 422, 2, 36, 222, 9635 }, // U+1ED6
    { 19, 31, 330, 1, 30, 148, 9857 }, // U+1ED7
    { 24, 39, 422, 2, 32, 234, 10005 }, // U+1ED8
    { 19, 33, 330, 1, 26, 157, 10239 }, // U+1ED9
    { 30, 33, 450, 2, 32, 248, 10396 }, // U+1EDA
    { 24, 27, 357, 1, 26, 162, 10644 }, // U+1EDB
    { 30, 33, 450, 2, 32, 248, 10806 }, // U+1EDC
    { 24, 27, 357, 1, 26, 162, 11054 }, // U+1EDD
    { 30, 34, 450, 2, 33, 255, 11216 }, // U+1EDE
    { 24, 29, 357, 1, 28, 174, 11471 }, // U+1EDF
    { 30, 33, 450, 2, 32, 248, 11645 }, // U+1EE0
    { 24, 27, 357, 1, 26, 162, 11893 }, // U+1EE1
    { 30, 33, 450, 2, 26, 248, 12055 }, // U+1EE2
    { 24, 28, 357, 1, 21, 168, 12303 }, // U+1EE3
    { 25, 31, 398, 3, 24, 194, 12471 }, // U+1EE4
    { 21, 25, 359, 1, 18, 132, 12665 }, // U+1EE5
    { 25, 34, 398, 3, 33, 213, 12797 }, // U+1EE6
    { 21, 29, 359, 1, 28, 153, 13010 }, // U+1EE7
    { 29, 33, 455, 3, 32, 240, 13163 }, // U+1EE8
    { 27, 27, 415, 1, 26, 183, 13403 }, // U+1EE9
    { 29, 33, 455, 3, 32, 240, 13586 }, // U+1EEA
    { 27, 27, 415, 1, 26, 183, 13826 }, // U+1EEB
    { 29, 34, 455, 3, 33, 247, 14009 }, // U+1EEC
    { 27, 29, 415, 1, 28, 196, 14256 }, // U+1EED
    { 29, 33, 455, 3, 32, 240, 14452 }, // U+1EEE
    { 27, 27, 415, 1, 26, 183, 14692 }, // U+1EEF
    { 29, 33, 455, 3, 26, 240, 14875 }, // U+1EF0
    { 27, 28, 415, 1, 21, 189, 0 }, // U+1EF1
    { 25, 32, 370, 2, 32, 200, 189 }, // U+1EF2
    { 25, 34, 312, -6, 26, 213, 389 }, // U+1EF3
    { 25, 31, 370, 2, 24, 194, 602 }, // U+1EF4
    { 25, 27, 312, -6, 19, 169, 796 }, // U+1EF5
    { 25, 33, 370, 2, 33, 207, 965 }, // U+1EF6
    { 25, 36, 312, -6, 28, 225, 1172 }, // U+1EF7
    { 25, 32, 370, 2, 32, 200, 1397 }, // U+1EF8
    { 25, 34, 312, -6, 26, 213, 1597 }, // U+1EF9
    { 0, 0, 267, 0, 0, 0, 0 }, // U+2000
    { 0, 0, 533, 0, 0, 0, 0 }, // U+2001
    { 0, 0, 267, 0, 0, 0, 0 }, // U+2002
    { 0, 0, 533, 0, 0, 0, 0 }, // U+2003
    { 0, 0, 178, 0, 0, 0, 0 }, // U+2004
    { 0, 0, 133, 0, 0, 0, 0 }, // U+2005
    { 0, 0, 89, 0, 0, 0, 0 }, // U+2006
    { 0, 0, 298, 0, 0, 0, 0 }, // U+2007
    { 0, 0, 162, 0, 0, 0, 0 }, // U+2008
    { 0, 0, 89, 0, 0, 0, 0 }, // U+2009
    { 0, 0, 53, 0, 0, 0, 0 }, // U+200A
    { 0, 0, 0, 0, 0, 0, 0 }, // U+200B
    { 2, 26, 0, -1, 21, 13, 0 }, // U+200C
    { 8, 28, 0, -4, 23, 56, 13 }, // U+200D
    { 9, 28, 0, -1, 23, 63, 69 }, // U+200E
    { 9, 28, 0, -8, 23, 63, 132 }, // U+200F
    { 10, 4, 165, 0, 11, 10, 195 }, // U+2010
    { 10, 4, 165, 0, 11, 10, 205 }, // U+2011
    { 19, 4, 298, 0, 14, 19, 215 }, // U+2012
    { 19, 4, 267, -1, 11, 19, 234 }, // U+2013
    { 35, 4, 533, -1, 11, 35, 253 }, // U+2014
    { 35, 4, 533, -1, 11, 35, 288 }, // U+2015
    { 10, 34, 298, 5, 26, 85, 323 }, // U+2016
    { 18, 7, 219, -4, 0, 32, 408 }, // U+2017
    { 9, 11, 149, 3, 24, 25, 440 }, // U+2018
    { 9, 11, 149, 2, 24, 25, 465 }, // U+2019
    { 8, 12, 149, -1, 6, 24, 490 }, // U+201A
    { 7, 11, 149, 4, 24, 20, 514 }, // U+201B
    { 16, 11, 261, 3, 24, 44, 534 }, // U+201C
    { 16, 11, 261, 2, 24, 44, 578 }, // U+201D
    { 15, 12, 261, -1, 6, 45, 622 }, // U+201E
    { 15, 11, 261, 3, 24, 42, 667 }, // U+201F
    { 16, 30, 255, 2, 26, 120, 709 }, // U+2020
    { 19, 30, 255, -1, 26, 143, 829 }, // U+2021
    { 11, 12, 213, 2, 18, 33, 972 }, // U+2022
    { 12, 12, 267, 4, 18, 36, 1005 }, // U+2023
    { 7, 6, 162, 2, 15, 11, 1041 }, // U+2024
    { 16, 6, 314, 2, 15, 24, 1052 }, // U+2025
    { 27, 6, 488, 1, 5, 41, 1076 }, // U+2026
    { 7, 7, 162, 2, 13, 13, 1117 }, // U+2027
    { 0, 0, 320, 0, 0, 0, 1130 }, // U+2028
    { 0, 0, 320, 0, 0, 0, 1130 }, // U+2029
    { 9, 26, 0, -1, 21, 59, 1130 }, // U+202A
    { 9, 26, 0, -8, 21, 59, 1189 }, // U+202B
    { 8, 28, 0, -4, 23, 56, 1248 }, // U+202C
    { 8, 28, 0, -4, 23, 56, 1304 }, // U+202D
    { 8, 28, 0, -4, 23, 56, 1360 }, // U+202E
    { 0, 0, 89, 0, 0, 0, 1416 }, // U+202F
    { 41, 26, 694, 2, 25, 267, 1416 }, // U+2030
    { 54, 26, 909, 2, 25, 351, 1683 }, // U+2031
    { 8, 10, 155, 4, 24, 20, 2034 }, // U+2032
    { 16, 10, 276, 4, 24, 40, 2054 }, // U+2033
    { 23, 10, 398, 4, 24, 58, 2094 }, // U+2034
    { 6, 10, 155, 5, 24, 15, 2152 }, // U+2035
    { 14, 10, 276, 5, 24, 35, 2167 }, // U+2036
    { 21, 10, 398, 5, 24, 53, 2202 }, // U+2037
    { 14, 10, 235, -1, 2, 35, 2255 }, // U+2038
    { 9, 14, 188, 2, 16, 32, 2290 }, // U+2039
    { 10, 14, 188, 0, 16, 35, 2322 }, // U+203A
    { 24, 24, 437, 2, 24, 144, 2357 }, // U+203B
    { 20, 25, 335, 2, 24, 125, 2501 }, // U+203C
    { 17, 26, 309, 3, 25, 111, 2626 }, // U+203D
    { 17, 3, 245, 3, 28, 13, 2737 }, // U+203E
    { 27, 7, 0, -24, -1, 48, 2750 }, // U+203F
    { 28, 7, 0, -21, 29, 49, 2798 }, // U+2040
    { 16, 24, 240, -2, 24, 96, 2847 }, // U+2041
    { 32, 27, 533, 0, 26, 216, 2943 }, // U+2042
    { 11, 6, 193, 1, 15, 17, 3159 }, // U+2043
    { 20, 24, 33, -9, 24, 120, 3176 }, // U+2044
    { 17, 31, 221, 0, 26, 132, 3296 }, // U+2045
    { 16, 31, 221, -2, 26, 124, 3428 }, // U+2046
    { 33, 26, 568, 3, 25, 215, 3552 }, // U+2047
    { 25, 26, 450, 3, 25, 163, 3767 }, // U+2048
    { 27, 26, 448, 2, 25, 176, 3930 }, // U+2049
    { 17, 25, 325, 1, 19, 107, 4106 }, // U+204A
    { 19, 30, 334, 3, 26, 143, 4213 }, // U+204B
    { 19, 13, 329, 1, 19, 62, 4356 }, // U+204C
    { 19, 13, 329, 1, 19, 62, 4418 }, // U+204D
    { 16, 15, 268, 1, 19, 60, 4480 }, // U+204E
    { 9, 25, 191, 1, 19, 57, 4540 }, // U+204F
    { 24, 26, 411, 1, 25, 156, 4597 }, // U+2050
    { 19, 29, 268, -1, 26, 138, 4753 }, // U+2051
    { 13, 25, 234, 1, 24, 82, 4891 }, // U+2052
    { 17, 8, 298, 1, 16, 34, 4973 }, // U+2053
    { 26, 7, 0, -9, 0, 46, 5007 }, // U+2054
    { 16, 16, 288, 1, 20, 64, 5053 }, // U+2055
    { 17, 20, 336, 1, 19, 85, 5117 }, // U+2056
    { 31, 10, 519, 4, 24, 78, 5202 }, // U+2057
    { 22, 20, 407, 2, 19, 110, 5280 }, // U+2058
    { 22, 20, 407, 2, 19, 110, 5390 }, // U+2059
    { 6, 26, 162, 2, 25, 39, 5500 }, // U+205A
    { 22, 26, 407, 2, 25, 143, 5539 }, // U+205B
    { 19, 18, 372, 2, 18, 86, 5682 }, // U+205C
    { 7, 26, 162, 2, 25, 46, 5768 }, // U+205D
    { 6, 26, 162, 2, 25, 39, 5814 }, // U+205E
    { 0, 0, 118, 0, 0, 0, 5853 }, // U+205F
    { 0, 0, 320, 0, 0, 0, 5853 }, // U+2060
    { 0, 0, 320, 0, 0, 0, 5853 }, // U+2061
    { 0, 0, 320, 0, 0, 0, 5853 }, // U+2062
    { 0, 0, 320, 0, 0, 0, 5853 }, // U+2063
    { 0, 0, 320, 0, 0, 0, 5853 }, // U+2064
    { 0, 0, 320, 0, 0, 0, 5853 }, // U+2066
    { 0, 0, 320, 0, 0, 0, 5853 }, // U+2067
    { 0, 0, 320, 0, 0, 0, 5853 }, // U+2068
    { 0, 0, 320, 0, 0, 0, 5853 }, // U+2069
    { 8, 28, 0, -4, 23, 56, 5853 }, // U+206A
    { 8, 28, 0, -4, 23, 56, 5909 }, // U+206B
    { 8, 28, 0, -4, 23, 56, 5965 }, // U+206C
    { 8, 29, 0, -4, 24, 58, 6021 }, // U+206D
    { 8, 28, 0, -4, 23, 56, 6079 }, // U+206E
    { 8, 28, 0, -4, 23, 56, 6135 }, // U+206F
    { 12, 16, 213, 3, 28, 48, 0 }, // U+2070
    { 7, 16, 123, 3, 25, 28, 48 }, // U+2071
    { 14, 16, 213, 1, 28, 56, 76 }, // U+2074
    { 13, 16, 213, 2, 28, 52, 132 }, // U+2075
    { 13, 16, 213, 3, 28, 52, 184 }, // U+2076
    { 12, 16, 213, 4, 28, 48, 236 }, // U+2077
    { 13, 16, 213, 2, 28, 52, 284 }, // U+2078
    { 12, 16, 213, 3, 28, 48, 336 }, // U+2079
    { 12, 13, 213, 3, 26, 39, 384 }, // U+207A
    { 12, 3, 213, 3, 21, 9, 423 }, // U+207B
    { 12, 8, 213, 3, 23, 24, 432 }, // U+207C
    { 11, 21, 133, 3, 30, 58, 456 }, // U+207D
    { 10, 21, 133, -1, 30, 53, 514 }, // U+207E
    { 14, 12, 233, 2, 21, 42, 567 }, // U+207F
    { 12, 16, 213, 0, 12, 48, 609 }, // U+2080
    { 11, 16, 213, -1, 12, 44, 657 }, // U+2081
    { 14, 16, 213, -2, 12, 56, 701 }, // U+2082
    { 13, 16, 213, -1, 12, 52, 757 }, // U+2083
    { 14, 16, 213, -2, 12, 56, 809 }, // U+2084
    { 13, 16, 213, -1, 12, 52, 865 }, // U+2085
    { 13, 16, 213, 0, 12, 52, 917 }, // U+2086
    { 12, 16, 213, 1, 12, 48, 969 }, // U+2087
    { 13, 16, 213, -1, 12, 52, 1017 }, // U+2088
    { 12, 16, 213, 0, 12, 48, 1069 }, // U+2089
    { 12, 13, 213, 0, 10, 39, 1117 }, // U+208A
    { 12, 3, 213, 0, 5, 9, 1156 }, // U+208B
    { 12, 8, 213, 0, 7, 24, 1165 }, // U+208C
    { 10, 21, 133, 1, 14, 53, 1189 }, // U+208D
    { 11, 21, 133, -4, 14, 58, 1242 }, // U+208E
    { 13, 12, 230, -1, 8, 39, 1300 }, // U+2090
    { 11, 12, 186, -1, 8, 33, 1339 }, // U+2091
    { 12, 12, 214, -1, 8, 36, 1372 }, // U+2092
    { 15, 12, 210, -3, 8, 45, 1408 }, // U+2093
    { 12, 12, 195, -2, 8, 36, 1453 }, // U+2094
    { 15, 16, 227, -2, 12, 60, 1489 }, // U+2095
    { 15, 16, 207, -2, 12, 60, 1549 }, // U+2096
    { 7, 16, 123, -1, 12, 28, 1609 }, // U+2097
    { 20, 12, 336, -1, 8, 60, 1637 }, // U+2098
    { 14, 12, 233, -1, 8, 42, 1697 }, // U+2099
    { 14, 16, 216, -3, 8, 56, 1739 }, // U+209A
    { 11, 12, 178, -2, 8, 33, 1795 }, // U+209B
    { 9, 14, 145, -1, 10, 32, 1828 }, // U+209C
    { 24, 25, 411, 1, 25, 150, 0 }, // U+20A0
    { 22, 28, 356, 1, 26, 154, 150 }, // U+20A1
    { 22, 26, 356, 2, 25, 143, 304 }, // U+20A2
    { 22, 24, 298, -1, 24, 132, 447 }, // U+20A3
    { 21, 26, 298, -1, 25, 137, 579 }, // U+20A4
    { 31, 28, 517, 1, 23, 217, 716 }, // U+20A5
    { 30, 24, 420, -1, 24, 180, 933 }, // U+20A6
    { 32, 25, 490, -2, 24, 200, 1113 }, // U+20A7
    { 39, 25, 619, -1, 24, 244, 1313 }, // U+20A8
    { 38, 24, 569, 1, 24, 228, 1557 }, // U+20A9
    { 25, 20, 476, 3, 20, 125, 1785 }, // U+20AA
    { 23, 31, 354, 1, 26, 179, 1910 }, // U+20AB
    { 21, 26, 298, 0, 25, 137, 2089 }, // U+20AC
    { 28, 24, 395, -1, 24, 168, 2226 }, // U+20AD
    { 23, 24, 348, 2, 24, 138, 2394 }, // U+20AE
    { 37, 35, 590, -1, 28, 324, 2532 }, // U+20AF
    { 21, 33, 339, -2, 25, 174, 2856 }, // U+20B0
    { 26, 24, 361, -1, 24, 156, 3030 }, // U+20B1
    { 24, 29, 424, 2, 26, 174, 3186 }, // U+20B2
    { 28, 24, 402, -2, 24, 168, 3360 }, // U+20B3
    { 24, 26, 328, -1, 25, 156, 3528 }, // U+20B4
    { 22, 29, 356, 2, 26, 160, 3684 }, // U+20B5
    { 22, 25, 318, 0, 24, 138, 3844 }, // U+20B6
    { 20, 28, 298, 0, 25, 140, 3982 }, // U+20B7
    { 20, 24, 298, 1, 24, 120, 4122 }, // U+20B8
    { 19, 24, 298, 2, 24, 114, 4242 }, // U+20B9
    { 19, 24, 298, -1, 24, 114, 4356 }, // U+20BA
    { 19, 26, 348, 3, 25, 124, 4470 }, // U+20BB
    { 24, 23, 419, 0, 23, 138, 4594 }, // U+20BC
    { 23, 24, 315, -1, 24, 138, 4732 }, // U+20BD
    { 21, 27, 298, 0, 27, 142, 4870 }, // U+20BE
    { 21, 30, 298, -2, 27, 158, 5012 }, // U+20BF
    { 10, 4, 165, 0, 11, 10, 0 }, // U+2212
    { 35, 34, 389, -5, 26, 298, 0 }, // U+FB00
    { 28, 34, 366, -5, 26, 238, 298 }, // U+FB01
    { 29, 34, 379, -5, 26, 247, 536 }, // U+FB02
    { 39, 34, 540, -5, 26, 332, 783 }, // U+FB03
    { 39, 34, 552, -5, 26, 332, 1115 }, // U+FB04
    { 31, 34, 403, -5, 26, 264, 1447 }, // U+FB05
    { 32, 27, 496, 0, 26, 216, 1711 }, // U+FB06
    { 31, 32, 533, 1, 26, 248, 0 }, // U+FFFD
};

static const EpdUnicodeInterval notoserif_16_bolditalicIntervals[] = {
    { 0x0, 0x0, 0x0 },
    { 0xD, 0xD, 0x1 },
    { 0x20, 0x7E, 0x2 },
    { 0xA0, 0xFF, 0x61 },
    { 0x100, 0x17F, 0xC1 },
    { 0x1A0, 0x1A1, 0x141 },
    { 0x1AF, 0x1B0, 0x143 },
    { 0x1C4, 0x21F, 0x145 },
    { 0x300, 0x36F, 0x1A1 },
    { 0x400, 0x4FF, 0x211 },
    { 0x1EA0, 0x1EF9, 0x311 },
    { 0x2000, 0x2064, 0x36B },
    { 0x2066, 0x206F, 0x3D0 },
    { 0x2070, 0x2071, 0x3DA },
    { 0x2074, 0x208E, 0x3DC },
    { 0x2090, 0x209C, 0x3F7 },
    { 0x20A0, 0x20BF, 0x404 },
    { 0x2212, 0x2212, 0x424 },
    { 0xFB00, 0xFB06, 0x425 },
    { 0xFFFD, 0xFFFD, 0x42C },
};

static const EpdFontGroup notoserif_16_bolditalicGroups[] = {
    { 0, 5251, 11711, 97, 0 },
    { 5251, 4337, 13722, 96, 97 },
    { 9588, 4087, 16275, 95, 193 },
    { 13675, 1643, 6090, 33, 288 },
    { 15318, 4520, 16286, 78, 321 },
    { 19838, 1275, 3150, 18, 399 },
    { 21113, 1714, 2723, 112, 417 },
    { 22827, 5939, 16277, 100, 529 },
    { 28766, 6810, 16305, 91, 629 },
    { 35576, 4062, 12320, 65, 720 },
    { 39638, 2773, 16199, 81, 785 },
    { 42411, 439, 2009, 9, 866 },
    { 42850, 2883, 6680, 111, 875 },
    { 45733, 1016, 2066, 42, 986 },
    { 46749, 2861, 5466, 32, 1028 },
    { 49610, 15, 12, 1, 1060 },
    { 49625, 745, 1984, 7, 1061 },
    { 50370, 141, 256, 1, 1068 },
};

static const EpdKernClassEntry notoserif_16_bolditalicKernLeftClasses[] = {
    { 0x0022, 1 }, // "
    { 0x0026, 2 }, // &
    { 0x0027, 1 }, // '
    { 0x0028, 3 }, // (
    { 0x002A, 4 }, // *
    { 0x002C, 5 }, // ,
    { 0x002D, 6 }, // -
    { 0x002E, 5 }, // .
    { 0x0041, 7 }, // A
    { 0x0042, 8 }, // B
    { 0x0043, 9 }, // C
    { 0x0044, 10 }, // D
    { 0x0045, 11 }, // E
    { 0x0046, 12 }, // F
    { 0x0047, 13 }, // G
    { 0x004A, 14 }, // J
    { 0x004B, 15 }, // K
    { 0x004C, 16 }, // L
    { 0x004E, 17 }, // N
    { 0x004F, 10 }, // O
    { 0x0050, 18 }, // P
    { 0x0051, 10 }, // Q
    { 0x0052, 19 }, // R
    { 0x0053, 20 }, // S
    { 0x0054, 21 }, // T
    { 0x0055, 22 }, // U
    { 0x0056, 23 }, // V
    { 0x0057, 24 }, // W
    { 0x0058, 25 }, // X
    { 0x0059, 26 }, // Y
    { 0x005B, 3 }, // [
    { 0x005F, 27 }, // _
    { 0x0061, 28 }, // a
    { 0x0062, 29 }, // b
    { 0x0063, 30 }, // c
    { 0x0065, 30 }, // e
    { 0x0066, 31 }, // f
    { 0x0068, 28 }, // h
    { 0x006B, 32 }, // k
    { 0x006D, 28 }, // m
    { 0x006E, 28 }, // n
    { 0x006F, 29 }, // o
    { 0x0070, 29 }, // p
    { 0x0071, 33 }, // q
    { 0x0072, 34 }, // r
    { 0x0073, 35 }, // s
    { 0x0076, 36 }, // v
    { 0x0077, 37 }, // w
    { 0x0079, 38 }, // y
    { 0x007A, 39 }, // z
    { 0x007B, 3 }, // {
    { 0x00A1, 40 }, // U+00A1
    { 0x00AB, 41 }, // U+00AB
    { 0x00BF, 42 }, // U+00BF
    { 0x00C0, 43 }, // U+00C0
    { 0x00C1, 43 }, // U+00C1
    { 0x00C2, 43 }, // U+00C2
    { 0x00C3, 43 }, // U+00C3
    { 0x00C4, 43 }, // U+00C4
    { 0x00C5, 43 }, // U+00C5
    { 0x00C6, 11 }, // U+00C6
    { 0x00C7, 9 }, // U+00C7
    { 0x00C8, 11 }, // U+00C8
    { 0x00C9, 11 }, // U+00C9
    { 0x00CA, 11 }, // U+00CA
    { 0x00CB, 11 }, // U+00CB
    { 0x00D0, 10 }, // U+00D0
    { 0x00D1, 17 }, // U+00D1
    { 0x00D2, 10 }, // U+00D2
    { 0x00D3, 10 }, // U+00D3
    { 0x00D4, 10 }, // U+00D4
    { 0x00D5, 10 }, // U+00D5
    { 0x00D6, 10 }, // U+00D6
    { 0x00D8, 10 }, // U+00D8
    { 0x00D9, 22 }, // U+00D9
    { 0x00DA, 22 }, // U+00DA
    { 0x00DB, 22 }, // U+00DB
    { 0x00DC, 22 }, // U+00DC
    { 0x00DD, 26 }, // U+00DD
    { 0x00DE, 10 }, // U+00DE
    { 0x00DF, 35 }, // U+00DF
    { 0x00E0, 28 }, // U+00E0
    { 0x00E1, 28 }, // U+00E1
    { 0x00E2, 28 }, // U+00E2
    { 0x00E3, 28 }, // U+00E3
    { 0x00E4, 28 }, // U+00E4
    { 0x00E5, 28 }, // U+00E5
    { 0x00E6, 30 }, // U+00E6
    { 0x00E7, 30 }, // U+00E7
    { 0x00E8, 30 }, // U+00E8
    { 0x00E9, 30 }, // U+00E9
    { 0x00EA, 30 }, // U+00EA
    { 0x00EB, 30 }, // U+00EB
    { 0x00F0, 29 }, // U+00F0
    { 0x00F1, 28 }, // U+00F1
    { 0x00F2, 29 }, // U+00F2
    { 0x00F3, 29 }, // U+00F3
    { 0x00F4, 29 }, // U+00F4
    { 0x00F5, 29 }, // U+00F5
    { 0x00F6, 29 }, // U+00F6
    { 0x00F8, 29 }, // U+00F8
    { 0x00F9, 28 }, // U+00F9
    { 0x00FA, 28 }, // U+00FA
    { 0x00FB, 28 }, // U+00FB
    { 0x00FC, 28 }, // U+00FC
    { 0x00FD, 38 }, // U+00FD
    { 0x00FE, 29 }, // U+00FE
    { 0x00FF, 38 }, // U+00FF
    { 0x0100, 7 }, // U+0100
    { 0x0101, 28 }, // U+0101
    { 0x0102, 43 }, // U+0102
    { 0x0103, 28 }, // U+0103
    { 0x0104, 43 }, // U+0104
    { 0x0105, 28 }, // U+0105
    { 0x0106, 9 }, // U+0106
    { 0x0107, 30 }, // U+0107
    { 0x0108, 9 }, // U+0108
    { 0x0109, 30 }, // U+0109
    { 0x010A, 9 }, // U+010A
    { 0x010B, 30 }, // U+010B
    { 0x010C, 9 }, // U+010C
    { 0x010D, 30 }, // U+010D
    { 0x010E, 10 }, // U+010E
    { 0x010F, 44 }, // U+010F
    { 0x0110, 10 }, // U+0110
    { 0x0112, 11 }, // U+0112
    { 0x0113, 30 }, // U+0113
    { 0x0114, 11 }, // U+0114
    { 0x0115, 30 }, // U+0115
    { 0x0116, 11 }, // U+0116
    { 0x0117, 30 }, // U+0117
    { 0x0118, 11 }, // U+0118
    { 0x0119, 30 }, // U+0119
    { 0x011A, 11 }, // U+011A
    { 0x011B, 30 }, // U+011B
    { 0x011C, 13 }, // U+011C
    { 0x011E, 13 }, // U+011E
    { 0x0120, 13 }, // U+0120
    { 0x0122, 13 }, // U+0122
    { 0x0125, 28 }, // U+0125
    { 0x0127, 28 }, // U+0127
    { 0x0132, 14 }, // U+0132
    { 0x0134, 14 }, // U+0134
    { 0x0136, 15 }, // U+0136
    { 0x0137, 32 }, // U+0137
    { 0x0138, 32 }, // U+0138
    { 0x0139, 16 }, // U+0139
    { 0x013B, 16 }, // U+013B
    { 0x013D, 45 }, // U+013D
    { 0x013E, 44 }, // U+013E
    { 0x0141, 16 }, // U+0141
    { 0x0143, 17 }, // U+0143
    { 0x0144, 28 }, // U+0144
    { 0x0145, 17 }, // U+0145
    { 0x0146, 28 }, // U+0146
    { 0x0147, 17 }, // U+0147
    { 0x0148, 28 }, // U+0148
    { 0x0149, 28 }, // U+0149
    { 0x014A, 14 }, // U+014A
    { 0x014B, 28 }, // U+014B
    { 0x014C, 10 }, // U+014C
    { 0x014D, 29 }, // U+014D
    { 0x014E, 10 }, // U+014E
    { 0x014F, 29 }, // U+014F
    { 0x0150, 10 }, // U+0150
    { 0x0151, 29 }, // U+0151
    { 0x0152, 11 }, // U+0152
    { 0x0153, 30 }, // U+0153
    { 0x0154, 19 }, // U+0154
    { 0x0155, 34 }, // U+0155
    { 0x0156, 19 }, // U+0156
    { 0x0157, 34 }, // U+0157
    { 0x0158, 19 }, // U+0158
    { 0x0159, 34 }, // U+0159
    { 0x015A, 20 }, // U+015A
    { 0x015B, 35 }, // U+015B
    { 0x015C, 20 }, // U+015C
    { 0x015D, 35 }, // U+015D
    { 0x015E, 20 }, // U+015E
    { 0x015F, 35 }, // U+015F
    { 0x0160, 20 }, // U+0160
    { 0x0161, 35 }, // U+0161
    { 0x0162, 21 }, // U+0162
    { 0x0164, 21 }, // U+0164
    { 0x0166, 21 }, // U+0166
    { 0x0168, 22 }, // U+0168
    { 0x0169, 28 }, // U+0169
    { 0x016A, 22 }, // U+016A
    { 0x016B, 28 }, // U+016B
    { 0x016C, 22 }, // U+016C
    { 0x016D, 28 }, // U+016D
    { 0x016E, 22 }, // U+016E
    { 0x016F, 28 }, // U+016F
    { 0x0170, 22 }, // U+0170
    { 0x0171, 28 }, // U+0171
    { 0x0172, 22 }, // U+0172
    { 0x0173, 28 }, // U+0173
    { 0x0174, 24 }, // U+0174
    { 0x0175, 37 }, // U+0175
    { 0x0176, 26 }, // U+0176
    { 0x0177, 38 }, // U+0177
    { 0x0178, 26 }, // U+0178
    { 0x017A, 39 }, // U+017A
    { 0x017C, 39 }, // U+017C
    { 0x017E, 39 }, // U+017E
    { 0x01A0, 46 }, // U+01A0
    { 0x01A1, 47 }, // U+01A1
    { 0x01AF, 48 }, // U+01AF
    { 0x01B0, 49 }, // U+01B0
    { 0x01FA, 7 }, // U+01FA
    { 0x01FB, 28 }, // U+01FB
    { 0x01FC, 11 }, // U+01FC
    { 0x01FD, 30 }, // U+01FD
    { 0x01FE, 10 }, // U+01FE
    { 0x01FF, 29 }, // U+01FF
    { 0x0218, 20 }, // U+0218
    { 0x0219, 35 }, // U+0219
    { 0x021A, 21 }, // U+021A
    { 0x0400, 50 }, // U+0400
    { 0x0401, 50 }, // U+0401
    { 0x0402, 51 }, // U+0402
    { 0x0403, 52 }, // U+0403
    { 0x0404, 53 }, // U+0404
    { 0x0405, 54 }, // U+0405
    { 0x0406, 55 }, // U+0406
    { 0x0407, 55 }, // U+0407
    { 0x0408, 56 }, // U+0408
    { 0x0409, 57 }, // U+0409
    { 0x040A, 57 }, // U+040A
    { 0x040B, 58 }, // U+040B
    { 0x040C, 59 }, // U+040C
    { 0x040D, 55 }, // U+040D
    { 0x040E, 60 }, // U+040E
    { 0x040F, 55 }, // U+040F
    { 0x0410, 61 }, // U+0410
    { 0x0411, 62 }, // U+0411
    { 0x0412, 63 }, // U+0412
    { 0x0413, 52 }, // U+0413
    { 0x0414, 64 }, // U+0414
    { 0x0415, 50 }, // U+0415
    { 0x0416, 59 }, // U+0416
    { 0x0417, 63 }, // U+0417
    { 0x0418, 55 }, // U+0418
    { 0x0419, 55 }, // U+0419
    { 0x041A, 59 }, // U+041A
    { 0x041B, 55 }, // U+041B
    { 0x041C, 55 }, // U+041C
    { 0x041D, 55 }, // U+041D
    { 0x041E, 65 }, // U+041E
    { 0x041F, 55 }, // U+041F
    { 0x0420, 66 }, // U+0420
    { 0x0421, 53 }, // U+0421
    { 0x0422, 52 }, // U+0422
    { 0x0423, 60 }, // U+0423
    { 0x0424, 67 }, // U+0424
    { 0x0425, 68 }, // U+0425
    { 0x0426, 64 }, // U+0426
    { 0x0427, 55 }, // U+0427
    { 0x0428, 55 }, // U+0428
    { 0x0429, 64 }, // U+0429
    { 0x042A, 57 }, // U+042A
    { 0x042B, 55 }, // U+042B
    { 0x042C, 57 }, // U+042C
    { 0x042D, 65 }, // U+042D
    { 0x042E, 65 }, // U+042E
    { 0x042F, 55 }, // U+042F
    { 0x0430, 69 }, // U+0430
    { 0x0431, 70 }, // U+0431
    { 0x0432, 71 }, // U+0432
    { 0x0433, 72 }, // U+0433
    { 0x0434, 73 }, // U+0434
    { 0x0435, 74 }, // U+0435
    { 0x0436, 75 }, // U+0436
    { 0x0437, 71 }, // U+0437
    { 0x0438, 69 }, // U+0438
    { 0x0439, 69 }, // U+0439
    { 0x043A, 76 }, // U+043A
    { 0x043B, 69 }, // U+043B
    { 0x043C, 69 }, // U+043C
    { 0x043D, 69 }, // U+043D
    { 0x043E, 77 }, // U+043E
    { 0x043F, 78 }, // U+043F
    { 0x0440, 77 }, // U+0440
    { 0x0441, 79 }, // U+0441
    { 0x0442, 78 }, // U+0442
    { 0x0443, 80 }, // U+0443
    { 0x0444, 77 }, // U+0444
    { 0x0445, 76 }, // U+0445
    { 0x0446, 81 }, // U+0446
    { 0x0447, 69 }, // U+0447
    { 0x0448, 69 }, // U+0448
    { 0x0449, 81 }, // U+0449
    { 0x044A, 82 }, // U+044A
    { 0x044B, 69 }, // U+044B
    { 0x044C, 82 }, // U+044C
    { 0x044D, 77 }, // U+044D
    { 0x044E, 77 }, // U+044E
    { 0x044F, 69 }, // U+044F
    { 0x0450, 74 }, // U+0450
    { 0x0451, 74 }, // U+0451
    { 0x0452, 83 }, // U+0452
    { 0x0453, 72 }, // U+0453
    { 0x0454, 79 }, // U+0454
    { 0x0455, 84 }, // U+0455
    { 0x0456, 69 }, // U+0456
    { 0x0457, 85 }, // U+0457
    { 0x0458, 86 }, // U+0458
    { 0x0459, 82 }, // U+0459
    { 0x045A, 82 }, // U+045A
    { 0x045B, 78 }, // U+045B
    { 0x045C, 76 }, // U+045C
    { 0x045D, 69 }, // U+045D
    { 0x045E, 80 }, // U+045E
    { 0x045F, 69 }, // U+045F
    { 0x0460, 65 }, // U+0460
    { 0x0461, 87 }, // U+0461
    { 0x0462, 57 }, // U+0462
    { 0x0464, 53 }, // U+0464
    { 0x0465, 72 }, // U+0465
    { 0x0466, 61 }, // U+0466
    { 0x0468, 61 }, // U+0468
    { 0x046A, 88 }, // U+046A
    { 0x046C, 88 }, // U+046C
    { 0x046E, 63 }, // U+046E
    { 0x046F, 72 }, // U+046F
    { 0x0470, 89 }, // U+0470
    { 0x0471, 90 }, // U+0471
    { 0x0472, 65 }, // U+0472
    { 0x0473, 71 }, // U+0473
    { 0x0474, 60 }, // U+0474
    { 0x0475, 90 }, // U+0475
    { 0x0476, 60 }, // U+0476
    { 0x0477, 90 }, // U+0477
    { 0x0478, 91 }, // U+0478
    { 0x0479, 80 }, // U+0479
    { 0x047A, 65 }, // U+047A
    { 0x047B, 71 }, // U+047B
    { 0x047C, 65 }, // U+047C
    { 0x047D, 71 }, // U+047D
    { 0x047E, 65 }, // U+047E
    { 0x047F, 87 }, // U+047F
    { 0x0480, 53 }, // U+0480
    { 0x0481, 72 }, // U+0481
    { 0x048A, 64 }, // U+048A
    { 0x048B, 81 }, // U+048B
    { 0x048C, 57 }, // U+048C
    { 0x048E, 66 }, // U+048E
    { 0x048F, 71 }, // U+048F
    { 0x0490, 92 }, // U+0490
    { 0x0491, 93 }, // U+0491
    { 0x0492, 92 }, // U+0492
    { 0x0493, 93 }, // U+0493
    { 0x0494, 58 }, // U+0494
    { 0x0496, 59 }, // U+0496
    { 0x0497, 79 }, // U+0497
    { 0x0498, 63 }, // U+0498
    { 0x0499, 72 }, // U+0499
    { 0x049A, 59 }, // U+049A
    { 0x049B, 79 }, // U+049B
    { 0x049C, 59 }, // U+049C
    { 0x049D, 79 }, // U+049D
    { 0x049E, 59 }, // U+049E
    { 0x049F, 79 }, // U+049F
    { 0x04A0, 59 }, // U+04A0
    { 0x04A1, 79 }, // U+04A1
    { 0x04A2, 64 }, // U+04A2
    { 0x04A3, 81 }, // U+04A3
    { 0x04A4, 92 }, // U+04A4
    { 0x04A6, 58 }, // U+04A6
    { 0x04AA, 53 }, // U+04AA
    { 0x04AB, 72 }, // U+04AB
    { 0x04AC, 92 }, // U+04AC
    { 0x04AD, 81 }, // U+04AD
    { 0x04AE, 89 }, // U+04AE
    { 0x04AF, 90 }, // U+04AF
    { 0x04B0, 89 }, // U+04B0
    { 0x04B1, 90 }, // U+04B1
    { 0x04B2, 68 }, // U+04B2
    { 0x04B3, 76 }, // U+04B3
    { 0x04B4, 64 }, // U+04B4
    { 0x04B5, 81 }, // U+04B5
    { 0x04B6, 64 }, // U+04B6
    { 0x04B7, 81 }, // U+04B7
    { 0x04B8, 55 }, // U+04B8
    { 0x04B9, 69 }, // U+04B9
    { 0x04BA, 58 }, // U+04BA
    { 0x04BB, 82 }, // U+04BB
    { 0x04BC, 94 }, // U+04BC
    { 0x04BD, 74 }, // U+04BD
    { 0x04BE, 94 }, // U+04BE
    { 0x04BF, 74 }, // U+04BF
    { 0x04C1, 59 }, // U+04C1
    { 0x04C2, 79 }, // U+04C2
    { 0x04C3, 58 }, // U+04C3
    { 0x04C5, 64 }, // U+04C5
    { 0x04C6, 81 }, // U+04C6
    { 0x04C7, 56 }, // U+04C7
    { 0x04C9, 64 }, // U+04C9
    { 0x04CA, 81 }, // U+04CA
    { 0x04CC, 81 }, // U+04CC
    { 0x04CD, 64 }, // U+04CD
    { 0x04CE, 81 }, // U+04CE
    { 0x04D0, 61 }, // U+04D0
    { 0x04D1, 81 }, // U+04D1
    { 0x04D2, 61 }, // U+04D2
    { 0x04D3, 81 }, // U+04D3
    { 0x04D4, 50 }, // U+04D4
    { 0x04D5, 74 }, // U+04D5
    { 0x04D6, 50 }, // U+04D6
    { 0x04D7, 74 }, // U+04D7
    { 0x04D8, 65 }, // U+04D8
    { 0x04D9, 71 }, // U+04D9
    { 0x04DA, 65 }, // U+04DA
    { 0x04DB, 71 }, // U+04DB
    { 0x04DC, 59 }, // U+04DC
    { 0x04DD, 79 }, // U+04DD
    { 0x04DE, 63 }, // U+04DE
    { 0x04DF, 71 }, // U+04DF
    { 0x04E0, 63 }, // U+04E0
    { 0x04E1, 95 }, // U+04E1
    { 0x04E2, 55 }, // U+04E2
    { 0x04E3, 81 }, // U+04E3
    { 0x04E4, 55 }, // U+04E4
    { 0x04E5, 81 }, // U+04E5
    { 0x04E6, 65 }, // U+04E6
    { 0x04E7, 71 }, // U+04E7
    { 0x04E8, 65 }, // U+04E8
    { 0x04E9, 71 }, // U+04E9
    { 0x04EA, 65 }, // U+04EA
    { 0x04EB, 71 }, // U+04EB
    { 0x04EC, 65 }, // U+04EC
    { 0x04ED, 77 }, // U+04ED
    { 0x04EE, 60 }, // U+04EE
    { 0x04EF, 80 }, // U+04EF
    { 0x04F0, 60 }, // U+04F0
    { 0x04F1, 80 }, // U+04F1
    { 0x04F2, 60 }, // U+04F2
    { 0x04F3, 80 }, // U+04F3
    { 0x04F4, 55 }, // U+04F4
    { 0x04F5, 69 }, // U+04F5
    { 0x04F6, 92 }, // U+04F6
    { 0x04F7, 93 }, // U+04F7
    { 0x04F8, 55 }, // U+04F8
    { 0x04F9, 69 }, // U+04F9
    { 0x04FA, 92 }, // U+04FA
    { 0x04FB, 93 }, // U+04FB
    { 0x04FC, 68 }, // U+04FC
    { 0x04FD, 76 }, // U+04FD
    { 0x04FE, 68 }, // U+04FE
    { 0x04FF, 96 }, // U+04FF
    { 0x1EA0, 43 }, // U+1EA0
    { 0x1EA1, 28 }, // U+1EA1
    { 0x1EA2, 43 }, // U+1EA2
    { 0x1EA3, 28 }, // U+1EA3
    { 0x1EA4, 43 }, // U+1EA4
    { 0x1EA5, 28 }, // U+1EA5
    { 0x1EA6, 43 }, // U+1EA6
    { 0x1EA7, 28 }, // U+1EA7
    { 0x1EA8, 43 }, // U+1EA8
    { 0x1EA9, 28 }, // U+1EA9
    { 0x1EAA, 43 }, // U+1EAA
    { 0x1EAB, 28 }, // U+1EAB
    { 0x1EAC, 43 }, // U+1EAC
    { 0x1EAD, 28 }, // U+1EAD
    { 0x1EAE, 43 }, // U+1EAE
    { 0x1EAF, 28 }, // U+1EAF
    { 0x1EB0, 43 }, // U+1EB0
    { 0x1EB1, 28 }, // U+1EB1
    { 0x1EB2, 43 }, // U+1EB2
    { 0x1EB3, 28 }, // U+1EB3
    { 0x1EB4, 43 }, // U+1EB4
    { 0x1EB5, 28 }, // U+1EB5
    { 0x1EB6, 43 }, // U+1EB6
    { 0x1EB7, 28 }, // U+1EB7
    { 0x1EB8, 11 }, // U+1EB8
    { 0x1EB9, 30 }, // U+1EB9
    { 0x1EBA, 11 }, // U+1EBA
    { 0x1EBB, 30 }, // U+1EBB
    { 0x1EBC, 11 }, // U+1EBC
    { 0x1EBD, 30 }, // U+1EBD
    { 0x1EBE, 11 }, // U+1EBE
    { 0x1EBF, 30 }, // U+1EBF
    { 0x1EC0, 11 }, // U+1EC0
    { 0x1EC1, 30 }, // U+1EC1
    { 0x1EC2, 11 }, // U+1EC2
    { 0x1EC3, 30 }, // U+1EC3
    { 0x1EC4, 11 }, // U+1EC4
    { 0x1EC5, 30 }, // U+1EC5
    { 0x1EC6, 11 }, // U+1EC6
    { 0x1EC7, 30 }, // U+1EC7
    { 0x1ECC, 10 }, // U+1ECC
    { 0x1ECD, 29 }, // U+1ECD
    { 0x1ECE, 10 }, // U+1ECE
    { 0x1ECF, 29 }, // U+1ECF
    { 0x1ED0, 10 }, // U+1ED0
    { 0x1ED1, 29 }, // U+1ED1
    { 0x1ED2, 10 }, // U+1ED2
    { 0x1ED3, 29 }, // U+1ED3
    { 0x1ED4, 10 }, // U+1ED4
    { 0x1ED5, 29 }, // U+1ED5
    { 0x1ED6, 10 }, // U+1ED6
    { 0x1ED7, 29 }, // U+1ED7
    { 0x1ED8, 10 }, // U+1ED8
    { 0x1ED9, 97 }, // U+1ED9
    { 0x1EDA, 46 }, // U+1EDA
    { 0x1EDB, 47 }, // U+1EDB
    { 0x1EDC, 46 }, // U+1EDC
    { 0x1EDD, 47 }, // U+1EDD
    { 0x1EDE, 46 }, // U+1EDE
    { 0x1EDF, 47 }, // U+1EDF
    { 0x1EE0, 46 }, // U+1EE0
    { 0x1EE1, 47 }, // U+1EE1
    { 0x1EE2, 46 }, // U+1EE2
    { 0x1EE3, 47 }, // U+1EE3
    { 0x1EE4, 22 }, // U+1EE4
    { 0x1EE5, 28 }, // U+1EE5
    { 0x1EE6, 22 }, // U+1EE6
    { 0x1EE7, 28 }, // U+1EE7
    { 0x1EE8, 48 }, // U+1EE8
    { 0x1EE9, 49 }, // U+1EE9
    { 0x1EEA, 48 }, // U+1EEA
    { 0x1EEB, 49 }, // U+1EEB
    { 0x1EEC, 48 }, // U+1EEC
    { 0x1EED, 49 }, // U+1EED
    { 0x1EEE, 48 }, // U+1EEE
    { 0x1EEF, 49 }, // U+1EEF
    { 0x1EF0, 48 }, // U+1EF0
    { 0x1EF1, 49 }, // U+1EF1
    { 0x1EF2, 26 }, // U+1EF2
    { 0x1EF3, 38 }, // U+1EF3
    { 0x1EF4, 26 }, // U+1EF4
    { 0x1EF5, 38 }, // U+1EF5
    { 0x1EF6, 26 }, // U+1EF6
    { 0x1EF7, 38 }, // U+1EF7
    { 0x1EF8, 26 }, // U+1EF8
    { 0x1EF9, 38 }, // U+1EF9
    { 0x2013, 6 }, // U+2013
    { 0x2014, 6 }, // U+2014
    { 0x2015, 6 }, // U+2015
    { 0x2018, 98 }, // U+2018
    { 0x2019, 99 }, // U+2019
    { 0x201A, 5 }, // U+201A
    { 0x201C, 98 }, // U+201C
    { 0x201D, 99 }, // U+201D
    { 0x201E, 5 }, // U+201E
    { 0x2039, 41 }, // U+2039
    { 0x207D, 100 }, // U+207D
    { 0x208D, 101 }, // U+208D
    { 0x2090, 102 }, // U+2090
    { 0x2092, 103 }, // U+2092
    { 0xFB00, 31 }, // U+FB00
};

static const EpdKernClassEntry notoserif_16_bolditalicKernRightClasses[] = {
    { 0x0022, 1 }, // "
    { 0x0026, 2 }, // &
    { 0x0027, 1 }, // '
    { 0x0029, 3 }, // )
    { 0x002A, 4 }, // *
    { 0x002C, 5 }, // ,
    { 0x002D, 6 }, // -
    { 0x002E, 7 }, // .
    { 0x003A, 8 }, // :
    { 0x003B, 8 }, // ;
    { 0x003F, 9 }, // ?
    { 0x0041, 10 }, // A
    { 0x0042, 11 }, // B
    { 0x0043, 12 }, // C
    { 0x0044, 11 }, // D
    { 0x0045, 11 }, // E
    { 0x0046, 11 }, // F
    { 0x0047, 12 }, // G
    { 0x0048, 11 }, // H
    { 0x0049, 11 }, // I
    { 0x004A, 11 }, // J
    { 0x004B, 11 }, // K
    { 0x004C, 11 }, // L
    { 0x004D, 11 }, // M
    { 0x004E, 11 }, // N
    { 0x004F, 12 }, // O
    { 0x0050, 11 }, // P
    { 0x0051, 12 }, // Q
    { 0x0052, 11 }, // R
    { 0x0053, 13 }, // S
    { 0x0054, 14 }, // T
    { 0x0055, 15 }, // U
    { 0x0056, 16 }, // V
    { 0x0057, 17 }, // W
    { 0x0058, 18 }, // X
    { 0x0059, 19 }, // Y
    { 0x005A, 20 }, // Z
    { 0x005C, 21 }, // <backslash>
    { 0x005D, 3 }, // ]
    { 0x005F, 22 }, // _
    { 0x0061, 23 }, // a
    { 0x0062, 24 }, // b
    { 0x0063, 25 }, // c
    { 0x0064, 25 }, // d
    { 0x0065, 25 }, // e
    { 0x0067, 26 }, // g
    { 0x0068, 24 }, // h
    { 0x0069, 27 }, // i
    { 0x006B, 24 }, // k
    { 0x006C, 28 }, // l
    { 0x006D, 29 }, // m
    { 0x006E, 29 }, // n
    { 0x006F, 25 }, // o
    { 0x0070, 29 }, // p
    { 0x0071, 25 }, // q
    { 0x0072, 29 }, // r
    { 0x0073, 30 }, // s
    { 0x0074, 31 }, // t
    { 0x0075, 32 }, // u
    { 0x0076, 33 }, // v
    { 0x0077, 34 }, // w
    { 0x0078, 35 }, // x
    { 0x0079, 36 }, // y
    { 0x007A, 37 }, // z
    { 0x007D, 3 }, // }
    { 0x00A9, 38 }, // U+00A9
    { 0x00AE, 38 }, // U+00AE
    { 0x00BB, 39 }, // U+00BB
    { 0x00C0, 10 }, // U+00C0
    { 0x00C1, 10 }, // U+00C1
    { 0x00C2, 10 }, // U+00C2
    { 0x00C3, 10 }, // U+00C3
    { 0x00C4, 10 }, // U+00C4
    { 0x00C5, 10 }, // U+00C5
    { 0x00C6, 40 }, // U+00C6
    { 0x00C7, 12 }, // U+00C7
    { 0x00C8, 11 }, // U+00C8
    { 0x00C9, 11 }, // U+00C9
    { 0x00CA, 11 }, // U+00CA
    { 0x00CB, 11 }, // U+00CB
    { 0x00CC, 11 }, // U+00CC
    { 0x00CD, 11 }, // U+00CD
    { 0x00CE, 11 }, // U+00CE
    { 0x00CF, 11 }, // U+00CF
    { 0x00D0, 11 }, // U+00D0
    { 0x00D1, 11 }, // U+00D1
    { 0x00D2, 12 }, // U+00D2
    { 0x00D3, 12 }, // U+00D3
    { 0x00D4, 12 }, // U+00D4
    { 0x00D5, 12 }, // U+00D5
    { 0x00D6, 12 }, // U+00D6
    { 0x00D8, 12 }, // U+00D8
    { 0x00D9, 15 }, // U+00D9
    { 0x00DA, 15 }, // U+00DA
    { 0x00DB, 15 }, // U+00DB
    { 0x00DC, 15 }, // U+00DC
    { 0x00DD, 19 }, // U+00DD
    { 0x00DE, 11 }, // U+00DE
    { 0x00E0, 23 }, // U+00E0
    { 0x00E1, 23 }, // U+00E1
    { 0x00E2, 23 }, // U+00E2
    { 0x00E3, 23 }, // U+00E3
    { 0x00E4, 23 }, // U+00E4
    { 0x00E5, 23 }, // U+00E5
    { 0x00E6, 23 }, // U+00E6
    { 0x00E7, 25 }, // U+00E7
    { 0x00E8, 25 }, // U+00E8
    { 0x00E9, 25 }, // U+00E9
    { 0x00EA, 25 }, // U+00EA
    { 0x00EB, 25 }, // U+00EB
    { 0x00EC, 27 }, // U+00EC
    { 0x00ED, 27 }, // U+00ED
    { 0x00EE, 27 }, // U+00EE
    { 0x00EF, 27 }, // U+00EF
    { 0x00F0, 25 }, // U+00F0
    { 0x00F1, 29 }, // U+00F1
    { 0x00F2, 25 }, // U+00F2
    { 0x00F3, 25 }, // U+00F3
    { 0x00F4, 25 }, // U+00F4
    { 0x00F5, 25 }, // U+00F5
    { 0x00F6, 25 }, // U+00F6
    { 0x00F8, 25 }, // U+00F8
    { 0x00F9, 32 }, // U+00F9
    { 0x00FA, 32 }, // U+00FA
    { 0x00FB, 32 }, // U+00FB
    { 0x00FC, 32 }, // U+00FC
    { 0x00FD, 36 }, // U+00FD
    { 0x00FE, 24 }, // U+00FE
    { 0x00FF, 36 }, // U+00FF
    { 0x0100, 10 }, // U+0100
    { 0x0101, 23 }, // U+0101
    { 0x0102, 10 }, // U+0102
    { 0x0103, 23 }, // U+0103
    { 0x0104, 10 }, // U+0104
    { 0x0105, 23 }, // U+0105
    { 0x0106, 12 }, // U+0106
    { 0x0107, 25 }, // U+0107
    { 0x0108, 12 }, // U+0108
    { 0x0109, 25 }, // U+0109
    { 0x010A, 12 }, // U+010A
    { 0x010B, 25 }, // U+010B
    { 0x010C, 12 }, // U+010C
    { 0x010D, 25 }, // U+010D
    { 0x010E, 11 }, // U+010E
    { 0x010F, 25 }, // U+010F
    { 0x0110, 11 }, // U+0110
    { 0x0111, 25 }, // U+0111
    { 0x0112, 11 }, // U+0112
    { 0x0113, 25 }, // U+0113
    { 0x0114, 11 }, // U+0114
    { 0x0115, 25 }, // U+0115
    { 0x0116, 11 }, // U+0116
    { 0x0117, 25 }, // U+0117
    { 0x0118, 11 }, // U+0118
    { 0x0119, 25 }, // U+0119
    { 0x011A, 11 }, // U+011A
    { 0x011B, 25 }, // U+011B
    { 0x011C, 12 }, // U+011C
    { 0x011D, 25 }, // U+011D
    { 0x011E, 12 }, // U+011E
    { 0x011F, 25 }, // U+011F
    { 0x0120, 12 }, // U+0120
    { 0x0121, 25 }, // U+0121
    { 0x0122, 12 }, // U+0122
    { 0x0123, 25 }, // U+0123
    { 0x0124, 11 }, // U+0124
    { 0x0125, 24 }, // U+0125
    { 0x0126, 11 }, // U+0126
    { 0x0127, 24 }, // U+0127
    { 0x0128, 11 }, // U+0128
    { 0x0129, 27 }, // U+0129
    { 0x012A, 11 }, // U+012A
    { 0x012B, 27 }, // U+012B
    { 0x012C, 11 }, // U+012C
    { 0x012D, 27 }, // U+012D
    { 0x012E, 11 }, // U+012E
    { 0x012F, 27 }, // U+012F
    { 0x0130, 11 }, // U+0130
    { 0x0132, 11 }, // U+0132
    { 0x0133, 27 }, // U+0133
    { 0x0134, 11 }, // U+0134
    { 0x0136, 11 }, // U+0136
    { 0x0137, 24 }, // U+0137
    { 0x0138, 29 }, // U+0138
    { 0x0139, 11 }, // U+0139
    { 0x013A, 28 }, // U+013A
    { 0x013B, 11 }, // U+013B
    { 0x013C, 28 }, // U+013C
    { 0x013D, 11 }, // U+013D
    { 0x013E, 28 }, // U+013E
    { 0x013F, 11 }, // U+013F
    { 0x0140, 28 }, // U+0140
    { 0x0141, 11 }, // U+0141
    { 0x0142, 28 }, // U+0142
    { 0x0143, 11 }, // U+0143
    { 0x0144, 29 }, // U+0144
    { 0x0145, 11 }, // U+0145
    { 0x0146, 29 }, // U+0146
    { 0x0147, 11 }, // U+0147
    { 0x0148, 29 }, // U+0148
    { 0x0149, 41 }, // U+0149
    { 0x014A, 11 }, // U+014A
    { 0x014B, 29 }, // U+014B
    { 0x014C, 12 }, // U+014C
    { 0x014D, 25 }, // U+014D
    { 0x014E, 12 }, // U+014E
    { 0x014F, 25 }, // U+014F
    { 0x0150, 12 }, // U+0150
    { 0x0151, 25 }, // U+0151
    { 0x0152, 12 }, // U+0152
    { 0x0153, 25 }, // U+0153
    { 0x0154, 11 }, // U+0154
    { 0x0155, 29 }, // U+0155
    { 0x0156, 11 }, // U+0156
    { 0x0157, 29 }, // U+0157
    { 0x0158, 11 }, // U+0158
    { 0x0159, 29 }, // U+0159
    { 0x015A, 13 }, // U+015A
    { 0x015B, 30 }, // U+015B
    { 0x015C, 13 }, // U+015C
    { 0x015D, 30 }, // U+015D
    { 0x015E, 13 }, // U+015E
    { 0x015F, 30 }, // U+015F
    { 0x0160, 13 }, // U+0160
    { 0x0161, 30 }, // U+0161
    { 0x0163, 31 }, // U+0163
    { 0x0165, 31 }, // U+0165
    { 0x0167, 31 }, // U+0167
    { 0x0168, 15 }, // U+0168
    { 0x0169, 32 }, // U+0169
    { 0x016A, 15 }, // U+016A
    { 0x016B, 32 }, // U+016B
    { 0x016C, 15 }, // U+016C
    { 0x016D, 32 }, // U+016D
    { 0x016E, 15 }, // U+016E
    { 0x016F, 32 }, // U+016F
    { 0x0170, 15 }, // U+0170
    { 0x0171, 32 }, // U+0171
    { 0x0172, 15 }, // U+0172
    { 0x0173, 32 }, // U+0173
    { 0x0174, 17 }, // U+0174
    { 0x0175, 34 }, // U+0175
    { 0x0176, 19 }, // U+0176
    { 0x0177, 36 }, // U+0177
    { 0x0178, 19 }, // U+0178
    { 0x0179, 20 }, // U+0179
    { 0x017A, 37 }, // U+017A
    { 0x017B, 20 }, // U+017B
    { 0x017C, 37 }, // U+017C
    { 0x017D, 20 }, // U+017D
    { 0x017E, 37 }, // U+017E
    { 0x01A0, 12 }, // U+01A0
    { 0x01A1, 25 }, // U+01A1
    { 0x01AF, 15 }, // U+01AF
    { 0x01B0, 32 }, // U+01B0
    { 0x01FA, 10 }, // U+01FA
    { 0x01FB, 23 }, // U+01FB
    { 0x01FC, 40 }, // U+01FC
    { 0x01FD, 23 }, // U+01FD
    { 0x01FE, 12 }, // U+01FE
    { 0x01FF, 25 }, // U+01FF
    { 0x0218, 13 }, // U+0218
    { 0x0219, 30 }, // U+0219
    { 0x021B, 31 }, // U+021B
    { 0x021E, 11 }, // U+021E
    { 0x0400, 42 }, // U+0400
    { 0x0401, 42 }, // U+0401
    { 0x0402, 43 }, // U+0402
    { 0x0403, 42 }, // U+0403
    { 0x0404, 44 }, // U+0404
    { 0x0405, 45 }, // U+0405
    { 0x0406, 42 }, // U+0406
    { 0x0407, 42 }, // U+0407
    { 0x0408, 46 }, // U+0408
    { 0x0409, 47 }, // U+0409
    { 0x040A, 42 }, // U+040A
    { 0x040B, 43 }, // U+040B
    { 0x040C, 42 }, // U+040C
    { 0x040D, 42 }, // U+040D
    { 0x040E, 48 }, // U+040E
    { 0x040F, 42 }, // U+040F
    { 0x0410, 49 }, // U+0410
    { 0x0411, 42 }, // U+0411
    { 0x0412, 42 }, // U+0412
    { 0x0413, 42 }, // U+0413
    { 0x0414, 50 }, // U+0414
    { 0x0415, 42 }, // U+0415
    { 0x0416, 51 }, // U+0416
    { 0x0417, 52 }, // U+0417
    { 0x0418, 42 }, // U+0418
    { 0x0419, 42 }, // U+0419
    { 0x041A, 42 }, // U+041A
    { 0x041B, 47 }, // U+041B
    { 0x041C, 42 }, // U+041C
    { 0x041D, 42 }, // U+041D
    { 0x041E, 44 }, // U+041E
    { 0x041F, 42 }, // U+041F
    { 0x0420, 42 }, // U+0420
    { 0x0421, 44 }, // U+0421
    { 0x0422, 43 }, // U+0422
    { 0x0423, 48 }, // U+0423
    { 0x0424, 53 }, // U+0424
    { 0x0425, 54 }, // U+0425
    { 0x0426, 42 }, // U+0426
    { 0x0427, 55 }, // U+0427
    { 0x0428, 42 }, // U+0428
    { 0x0429, 42 }, // U+0429
    { 0x042A, 43 }, // U+042A
    { 0x042B, 42 }, // U+042B
    { 0x042C, 42 }, // U+042C
    { 0x042D, 52 }, // U+042D
    { 0x042E, 42 }, // U+042E
    { 0x042F, 56 }, // U+042F
    { 0x0430, 57 }, // U+0430
    { 0x0431, 58 }, // U+0431
    { 0x0432, 57 }, // U+0432
    { 0x0433, 59 }, // U+0433
    { 0x0434, 60 }, // U+0434
    { 0x0435, 57 }, // U+0435
    { 0x0436, 61 }, // U+0436
    { 0x0437, 62 }, // U+0437
    { 0x0438, 63 }, // U+0438
    { 0x0439, 63 }, // U+0439
    { 0x043A, 64 }, // U+043A
    { 0x043B, 65 }, // U+043B
    { 0x043C, 65 }, // U+043C
    { 0x043D, 64 }, // U+043D
    { 0x043E, 57 }, // U+043E
    { 0x043F, 64 }, // U+043F
    { 0x0440, 66 }, // U+0440
    { 0x0441, 57 }, // U+0441
    { 0x0442, 64 }, // U+0442
    { 0x0443, 67 }, // U+0443
    { 0x0444, 57 }, // U+0444
    { 0x0445, 68 }, // U+0445
    { 0x0446, 63 }, // U+0446
    { 0x0447, 69 }, // U+0447
    { 0x0448, 63 }, // U+0448
    { 0x0449, 63 }, // U+0449
    { 0x044A, 70 }, // U+044A
    { 0x044B, 63 }, // U+044B
    { 0x044C, 63 }, // U+044C
    { 0x044D, 61 }, // U+044D
    { 0x044E, 64 }, // U+044E
    { 0x044F, 71 }, // U+044F
    { 0x0450, 57 }, // U+0450
    { 0x0451, 57 }, // U+0451
    { 0x0452, 72 }, // U+0452
    { 0x0453, 59 }, // U+0453
    { 0x0454, 57 }, // U+0454
    { 0x0455, 73 }, // U+0455
    { 0x0456, 74 }, // U+0456
    { 0x0457, 75 }, // U+0457
    { 0x0458, 76 }, // U+0458
    { 0x0459, 65 }, // U+0459
    { 0x045A, 64 }, // U+045A
    { 0x045B, 72 }, // U+045B
    { 0x045C, 64 }, // U+045C
    { 0x045D, 63 }, // U+045D
    { 0x045E, 67 }, // U+045E
    { 0x045F, 63 }, // U+045F
    { 0x0460, 77 }, // U+0460
    { 0x0461, 78 }, // U+0461
    { 0x0466, 49 }, // U+0466
    { 0x046A, 79 }, // U+046A
    { 0x046E, 52 }, // U+046E
    { 0x0470, 80 }, // U+0470
    { 0x0471, 63 }, // U+0471
    { 0x0472, 77 }, // U+0472
    { 0x0473, 81 }, // U+0473
    { 0x0474, 80 }, // U+0474
    { 0x0475, 82 }, // U+0475
    { 0x0476, 80 }, // U+0476
    { 0x0477, 82 }, // U+0477
    { 0x0478, 77 }, // U+0478
    { 0x0479, 81 }, // U+0479
    { 0x047A, 77 }, // U+047A
    { 0x047B, 81 }, // U+047B
    { 0x047C, 77 }, // U+047C
    { 0x047D, 81 }, // U+047D
    { 0x047E, 77 }, // U+047E
    { 0x047F, 78 }, // U+047F
    { 0x0480, 77 }, // U+0480
    { 0x0481, 81 }, // U+0481
    { 0x048B, 63 }, // U+048B
    { 0x048F, 66 }, // U+048F
    { 0x0496, 51 }, // U+0496
    { 0x0497, 61 }, // U+0497
    { 0x0498, 52 }, // U+0498
    { 0x0499, 61 }, // U+0499
    { 0x049F, 72 }, // U+049F
    { 0x04A0, 83 }, // U+04A0
    { 0x04A1, 70 }, // U+04A1
    { 0x04A8, 77 }, // U+04A8
    { 0x04A9, 81 }, // U+04A9
    { 0x04AA, 77 }, // U+04AA
    { 0x04AB, 81 }, // U+04AB
    { 0x04AC, 83 }, // U+04AC
    { 0x04AE, 80 }, // U+04AE
    { 0x04AF, 82 }, // U+04AF
    { 0x04B0, 80 }, // U+04B0
    { 0x04B1, 82 }, // U+04B1
    { 0x04B2, 54 }, // U+04B2
    { 0x04B3, 68 }, // U+04B3
    { 0x04B4, 83 }, // U+04B4
    { 0x04B5, 70 }, // U+04B5
    { 0x04B6, 55 }, // U+04B6
    { 0x04B7, 69 }, // U+04B7
    { 0x04B8, 55 }, // U+04B8
    { 0x04B9, 69 }, // U+04B9
    { 0x04C1, 51 }, // U+04C1
    { 0x04C2, 61 }, // U+04C2
    { 0x04C5, 50 }, // U+04C5
    { 0x04C6, 65 }, // U+04C6
    { 0x04CB, 55 }, // U+04CB
    { 0x04CC, 69 }, // U+04CC
    { 0x04CE, 84 }, // U+04CE
    { 0x04D0, 49 }, // U+04D0
    { 0x04D1, 81 }, // U+04D1
    { 0x04D2, 49 }, // U+04D2
    { 0x04D3, 81 }, // U+04D3
    { 0x04D4, 85 }, // U+04D4
    { 0x04D5, 81 }, // U+04D5
    { 0x04D7, 81 }, // U+04D7
    { 0x04D9, 81 }, // U+04D9
    { 0x04DB, 81 }, // U+04DB
    { 0x04DC, 51 }, // U+04DC
    { 0x04DD, 61 }, // U+04DD
    { 0x04DE, 52 }, // U+04DE
    { 0x04DF, 61 }, // U+04DF
    { 0x04E0, 52 }, // U+04E0
    { 0x04E2, 42 }, // U+04E2
    { 0x04E3, 63 }, // U+04E3
    { 0x04E4, 42 }, // U+04E4
    { 0x04E5, 63 }, // U+04E5
    { 0x04E6, 77 }, // U+04E6
    { 0x04E7, 81 }, // U+04E7
    { 0x04E8, 77 }, // U+04E8
    { 0x04E9, 81 }, // U+04E9
    { 0x04EA, 77 }, // U+04EA
    { 0x04EB, 81 }, // U+04EB
    { 0x04EC, 52 }, // U+04EC
    { 0x04ED, 61 }, // U+04ED
    { 0x04EE, 48 }, // U+04EE
    { 0x04EF, 67 }, // U+04EF
    { 0x04F0, 48 }, // U+04F0
    { 0x04F1, 67 }, // U+04F1
    { 0x04F2, 48 }, // U+04F2
    { 0x04F3, 67 }, // U+04F3
    { 0x04F4, 55 }, // U+04F4
    { 0x04F5, 69 }, // U+04F5
    { 0x04F8, 42 }, // U+04F8
    { 0x04F9, 63 }, // U+04F9
    { 0x04FC, 54 }, // U+04FC
    { 0x04FD, 68 }, // U+04FD
    { 0x04FE, 54 }, // U+04FE
    { 0x1EA0, 10 }, // U+1EA0
    { 0x1EA1, 23 }, // U+1EA1
    { 0x1EA2, 10 }, // U+1EA2
    { 0x1EA3, 23 }, // U+1EA3
    { 0x1EA4, 10 }, // U+1EA4
    { 0x1EA5, 23 }, // U+1EA5
    { 0x1EA6, 10 }, // U+1EA6
    { 0x1EA7, 23 }, // U+1EA7
    { 0x1EA8, 10 }, // U+1EA8
    { 0x1EA9, 23 }, // U+1EA9
    { 0x1EAA, 10 }, // U+1EAA
    { 0x1EAB, 23 }, // U+1EAB
    { 0x1EAC, 10 }, // U+1EAC
    { 0x1EAD, 23 }, // U+1EAD
    { 0x1EAE, 10 }, // U+1EAE
    { 0x1EAF, 23 }, // U+1EAF
    { 0x1EB0, 10 }, // U+1EB0
    { 0x1EB1, 23 }, // U+1EB1
    { 0x1EB2, 10 }, // U+1EB2
    { 0x1EB3, 23 }, // U+1EB3
    { 0x1EB4, 10 }, // U+1EB4
    { 0x1EB5, 23 }, // U+1EB5
    { 0x1EB6, 10 }, // U+1EB6
    { 0x1EB7, 23 }, // U+1EB7
    { 0x1EB8, 11 }, // U+1EB8
    { 0x1EB9, 25 }, // U+1EB9
    { 0x1EBA, 11 }, // U+1EBA
    { 0x1EBB, 25 }, // U+1EBB
    { 0x1EBC, 11 }, // U+1EBC
    { 0x1EBD, 25 }, // U+1EBD
    { 0x1EBE, 11 }, // U+1EBE
    { 0x1EBF, 25 }, // U+1EBF
    { 0x1EC0, 11 }, // U+1EC0
    { 0x1EC1, 25 }, // U+1EC1
    { 0x1EC2, 11 }, // U+1EC2
    { 0x1EC3, 25 }, // U+1EC3
    { 0x1EC4, 11 }, // U+1EC4
    { 0x1EC5, 25 }, // U+1EC5
    { 0x1EC6, 11 }, // U+1EC6
    { 0x1EC7, 25 }, // U+1EC7
    { 0x1EC9, 86 }, // U+1EC9
    { 0x1ECB, 86 }, // U+1ECB
    { 0x1ECC, 12 }, // U+1ECC
    { 0x1ECD, 25 }, // U+1ECD
    { 0x1ECE, 12 }, // U+1ECE
    { 0x1ECF, 25 }, // U+1ECF
    { 0x1ED0, 12 }, // U+1ED0
    { 0x1ED1, 25 }, // U+1ED1
    { 0x1ED2, 12 }, // U+1ED2
    { 0x1ED3, 25 }, // U+1ED3
    { 0x1ED4, 12 }, // U+1ED4
    { 0x1ED5, 25 }, // U+1ED5
    { 0x1ED6, 12 }, // U+1ED6
    { 0x1ED7, 25 }, // U+1ED7
    { 0x1ED8, 12 }, // U+1ED8
    { 0x1ED9, 25 }, // U+1ED9
    { 0x1EDA, 12 }, // U+1EDA
    { 0x1EDB, 25 }, // U+1EDB
    { 0x1EDC, 12 }, // U+1EDC
    { 0x1EDD, 25 }, // U+1EDD
    { 0x1EDE, 12 }, // U+1EDE
    { 0x1EDF, 25 }, // U+1EDF
    { 0x1EE0, 12 }, // U+1EE0
    { 0x1EE1, 25 }, // U+1EE1
    { 0x1EE2, 12 }, // U+1EE2
    { 0x1EE3, 25 }, // U+1EE3
    { 0x1EE4, 15 }, // U+1EE4
    { 0x1EE5, 32 }, // U+1EE5
    { 0x1EE6, 15 }, // U+1EE6
    { 0x1EE7, 32 }, // U+1EE7
    { 0x1EE8, 15 }, // U+1EE8
    { 0x1EE9, 32 }, // U+1EE9
    { 0x1EEA, 15 }, // U+1EEA
    { 0x1EEB, 32 }, // U+1EEB
    { 0x1EEC, 15 }, // U+1EEC
    { 0x1EED, 32 }, // U+1EED
    { 0x1EEE, 15 }, // U+1EEE
    { 0x1EEF, 32 }, // U+1EEF
    { 0x1EF0, 15 }, // U+1EF0
    { 0x1EF1, 32 }, // U+1EF1
    { 0x1EF2, 19 }, // U+1EF2
    { 0x1EF3, 36 }, // U+1EF3
    { 0x1EF4, 19 }, // U+1EF4
    { 0x1EF5, 36 }, // U+1EF5
    { 0x1EF6, 19 }, // U+1EF6
    { 0x1EF7, 36 }, // U+1EF7
    { 0x1EF8, 19 }, // U+1EF8
    { 0x1EF9, 36 }, // U+1EF9
    { 0x2013, 6 }, // U+2013
    { 0x2014, 6 }, // U+2014
    { 0x2015, 6 }, // U+2015
    { 0x2018, 87 }, // U+2018
    { 0x2019, 4 }, // U+2019
    { 0x201A, 88 }, // U+201A
    { 0x201C, 87 }, // U+201C
    { 0x201D, 4 }, // U+201D
    { 0x201E, 88 }, // U+201E
    { 0x2026, 88 }, // U+2026
    { 0x203A, 39 }, // U+203A
    { 0x207E, 89 }, // U+207E
    { 0x208E, 90 }, // U+208E
};

static const int8_t notoserif_16_bolditalicKernMatrix[] = {
       0,    0,    0,    0,    0,    0,    0,    0,    0,  -43,    0,    0,    0,    0,    0,    0,    0,    0,    0,    0,    0,    0,    0,    0,    0,  -21,   11,    0,    0,    0,    0,    0,    0,    0,    0,    0,    0,    0,    0,  -64,    0,    0,    0,    0,    0,    0,    0,    0,  -43,  -43,    0,    0,    0,    0,    0,    0,    0,    0,    0,    0,    0,    0,    0,    0,  -32,    0,    0,    0,    0,    0,    0,    0,    0,    0,    0,    0,    0,    0,    0,    0,    0,    0,    0,    0,  -64,    0,    0,    0,    0,    0,
       0,    0,    0,    0,    0,    0,    0,    0,    0,    0,    0,    0,    0,  -21,   -5,  -27,  -21,    0,  -24,    0,    0,    0,    0,    0,    0,    0,    0,    0,    0,    0,    0,    0,    0,    0,    0,    0,    0,    0,    0,    0,    0,    0,    0,    0,    0,    0,    0,    0,    0,    0,    0,    0,    0,    0,    0,    0,    0,    0,    0,    0,    0,    0,    0,    0,    0,    0,    0,    0,    0,    0,    0,    0,    0,    0,    0,    0,    0,    0,    0,    0,    0,    0,    0,    0,    0,    0,    0,    0,    0,    0,
       0,    0,    0,    0,    0,    0,    0,    0,    0,    0,    0,    0,    0,    0,    0,    0,    0,    0,    0,    0,    0,    0,    0,    0,    0,    0,    0,    0,    0,    0,    0,    0,    0,    0,    0,    0,    0,    0,    0,    0,    0,    0,    0,  -11,    0,   16,  -11,   11,    0,    5,    0,    0,  -11,    0,    0,    0,    0,    0,    0,    0,    0,    0,    0,    0,  -11,    0,    0,    0,   -5,    0,    0,    0,    0,    0,   16,   21,    0,    0,    0,    0,    0,    0,    0,    0,    0,    0,    0,    0,    0,    0,
       0,  -11,    0,    0,  -64,    0,  -64,    0,    0,  -27,    0,    0,    0,    0,    0,    0,    0,    0,    0,    0,    0,    0,    0,    0,    0,    0,    0,    0,    0,    0,    0,    0,    0,    0,    0,    0,    0,    0,    0,  -43,    0,    0,    0,    0,    0,    0,    0,  -11,  -27,  -37,    0,    0,    0,    0,    0,    0,    0,    0,    0,    0,    0,    0,    0,    0,  -27,    0,    0,    0,    0,    0,    0,    0,    0,    0,    0,    0,    0,    0,    0,    0,  -27,    0,    0,    0,  -43,    0,    0,  -64,    0,    0,
       0,    0,    0,    0,    0,    0,    0,    0,    0,    0,    0,  -11,    0,  -37,   -5,  -48,  -43,    0,  -37,    0,    0,    0,    0,    0,    0,    0,    0,    0,    0,    0,    0,    0,  -27,  -11,    0,  -11,    0,    0,    0,    0,    0,    0,  -32,  -11,    0,    0,    5,  -11,    0,   11,    0,    0,  -16,    0,  -69,    0,    0,    0,    0,    0,    0,    0,    0,    0,    0,    0,  -11,    0,  -37,  -37,    0,    0,    0,    0,    0,    0,  -11,    0,    0,    0,    0,    0,  -37,    0,    0,    0,    0,    0,    0,    0,
       0,    0,    0,    0,    0,    0,    0,    0,    0,    0,    0,    0,    0,    0,    0,    0,    0,    0,    0,    0,    0,    0,    0,    0,    0,    0,    0,    0,    0,    0,    0,    0,    0,    0,    0,    0,    0,    0,    0,    0,    0,    0,  -21,    0,    0,    0,    0,  -11,   -5,   -5,    0,    0,    0,   -5,  -21,    0,    0,    0,    0,    0,    0,    0,    0,    0,    0,    0,    0,  -11,    0,    0,    0,    0,    0,    0,    0,    0,    0,    0,    0,    0,    0,    0,    0,    0,    0,    0,    0,    0,    0,    0,
     -43,  -11,    0,  -37,    0,    0,    0,    0,    0,    0,    0,  -11,    0,  -32,  -11,  -43,  -37,    0,  -37,    0,    0,    0,    0,    0,  -11,  -11,    0,    0,    0,    0,    0,  -11,  -32,  -16,    0,  -27,    0,  -27,    0,    0,  -27,    0,    0,    0,    0,    0,    0,    0,    0,    0,    0,    0,    0,    0,    0,    0,    0,    0,    0,    0,    0,    0,    0,    0,    0,    0,    0,    0,    0,    0,    0,    0,    0,    0,    0,    0,    0,    0,    0,    0,    0,    0,    0,    0,    0,    0,  -48,    0,    0,    0,
       0,    0,    0,  -11,    0,    0,    0,    0,    0,  -11,    0,    0,    0,  -11,    0,  -21,  -16,  -11,  -21,  -11,    0,    0,    0,    0,    0,    0,    0,    0,    0,    0,    0,    0,    0,   -5,    0,  -11,    0,    0,    0,  -16,    0,    0,    0,    0,    0,    0,    0,    0,    0,    0,    0,    0,    0,    0,    0,    0,    0,    0,    0,    0,    0,    0,    0,    0,    0,    0,    0,    0,    0,    0,    0,    0,    0,    0,    0,    0,    0,    0,    0,    0,    0,    0,    0,    0,    0,    0,    0,    0,    0,    0,
       0,  -11,    0,    0,    0,    0,    0,    0,    0,    0,    0,    0,    0,    0,    0,    0,    0,    0,    0,    0,    0,    0,    0,    0,    0,    0,    0,    0,    0,    0,    0,    0,    0,    0,    0,    0,    0,    0,    0,    0,    0,    0,    0,    0,    0,    0,    0,    0,    0,    0,    0,    0,    0,    0,    0,    0,    0,    0,    0,    0,    0,    0,    0,    0,    0,    0,    0,    0,    0,    0,    0,    0,    0,    0,    0,    0,    0,    0,    0,    0,    0,    0,    0,    0,    0,    0,    0,    0,    0,    0,
     -16,    0,    0,    0,  -11,    0,  -21,    0,    0,  -11,    0,    0,    0,  -11,    0,  -11,  -11,  -11,  -16,    0,    0,    0,    0,    0,    0,    0,    0,    0,    0,    0,    0,    0,    0,    0,    0,    0,    0,    0,    0,  -27,    0,    0,    0,    0,    0,    0,    0,    0,    0,    0,    0,    0,    0,    0,    0,    0,    0,    0,    0,    0,    0,    0,    0,    0,    0,    0,    0,    0,    0,    0,    0,    0,    0,    0,    0,    0,    0,    0,    0,    0,    0,    0,    0,    0,    0,    0,    0,  -11,    0,    0,
       0,    0,    0,    0,    0,    0,    0,    0,    0,    0,    0,    0,    0,    0,    0,  -11,  -11,    0,  -11,    0,    0,    0,    0,    0,    0,    0,    0,    0,    0,    0,    0,    0,    0,    0,    0,    0,    0,    0,    0,    0,    0,    0,    0,    0,    0,    0,    0,    0,    0,    0,    0,    0,    0,    0,    0,    0,    0,    0,    0,    0,    0,    0,    0,    0,    0,    0,    0,    0,    0,    0,    0,    0,    0,    0,    0,    0,    0,    0,    0,    0,    0,    0,    0,    0,    0,    0,    0,    0,    0,    0,
       0,  -21,    0,    0,  -43,    0,  -43,    0,    0,  -37,    0,    0,    0,    0,    0,    0,    0,    0,    0,    0,    0,    0,  -21,    0,  -21,  -21,    0,    0,    0,    0,    0,    0,    0,    0,    0,    0,    0,    0,    0,  -59,    0,    0,    0,    0,    0,    0,    0,    0,    0,    0,    0,    0,    0,    0,    0,    0,    0,    0,    0,    0,    0,    0,    0,    0,    0,    0,    0,    0,    0,    0,    0,    0,    0,    0,    0,    0,    0,    0,    0,    0,    0,    0,    0,    0,    0,    0,    0,  -43,    0,    0,
       0,    0,    0,    0,    0,    0,    0,    0,    0,    0,    0,    0,    0,  -11,    0,  -11,  -11,    0,  -11,    0,    0,    0,    0,    0,    0,    0,    0,    0,    0,    0,    0,    0,    0,    0,    0,    0,    0,    0,    0,  -11,    0,    0,    0,    0,    0,    0,    0,    0,    0,    0,    0,    0,    0,    0,    0,    0,    0,    0,    0,    0,    0,    0,    0,    0,    0,    0,    0,    0,    0,    0,    0,    0,    0,    0,    0,    0,    0,    0,    0,    0,    0,    0,    0,    0,    0,    0,    0,    0,    0,    0,
       0,    0,    0,    0,  -11,    0,  -11,    0,    0,  -11,    0,    0,    0,    0,    0,    0,    0,    0,    0,    0,    0,    0,    0,    0,    0,    0,    0,    0,    0,    0,    0,    0,    0,    0,    0,    0,    0,    0,    0,    0,    0,    0,    0,    0,    0,    0,    0,    0,    0,    0,    0,    0,    0,    0,    0,    0,    0,    0,    0,    0,    0,    0,    0,    0,    0,    0,    0,    0,    0,    0,    0,    0,    0,    0,    0,    0,    0,    0,    0,    0,    0,    0,    0,    0,    0,    0,    0,  -11,    0,    0,
       0,  -11,    0,    0,    0,    0,    0,    0,    0,    0,    0,  -11,    0,    0,    0,    0,    0,    0,    0,    0,    0,    0,    0,    0,  -11,  -11,    0,    0,    0,    0,    0,  -11,    0,  -16,    0,  -16,    0,    0,    0,    0,    0,    0,    0,    0,    0,    0,    0,    0,    0,    0,    0,    0,    0,    0,    0,    0,    0,    0,    0,    0,    0,    0,    0,    0,    0,    0,    0,    0,    0,    0,    0,    0,    0,    0,    0,    0,    0,    0,    0,    0,    0,    0,    0,    0,    0,    0,    0,    0,    0,    0,
     -32,    0,    0,  -43,    0,    0,    0,    0,    0,    0,    0,    0,    0,  -37,  -11,  -43,  -27,    0,  -32,    0,    0,    0,    0,    0,    0,    0,    0,    0,    0,    0,    0,    0,  -16,    0,    0,    0,    0,    0,    0,    0,    0,    0,    0,    0,    0,    0,    0,    0,    0,    0,    0,    0,    0,    0,    0,    0,    0,    0,    0,    0,    0,    0,    0,    0,    0,    0,    0,    0,    0,    0,    0,    0,    0,    0,    0,    0,    0,    0,    0,    0,    0,    0,    0,    0,    0,    0,  -48,    0,    0,    0,
       0,  -11,    0,    0,  -11,    0,  -11,    0,    0,    0,    0,    0,    0,    0,    0,    0,    0,    0,    0,    0,    0,    0,    0,    0,    0,    0,    0,    0,    0,    0,    0,    0,    0,    0,    0,    0,    0,    0,    0,    0,    0,    0,    0,    0,    0,    0,    0,    0,    0,    0,    0,    0,    0,    0,    0,    0,    0,    0,    0,    0,    0,    0,    0,    0,    0,    0,    0,    0,    0,    0,    0,    0,    0,    0,    0,    0,    0,    0,    0,    0,    0,    0,    0,    0,    0,    0,    0,  -11,    0,    0,
       0,  -11,    0,    0,  -64,    0,  -64,    0,    0,  -27,    0,    0,    0,    0,    0,    0,    0,    0,    0,    0,    0,    0,    0,    0,    0,    0,    0,    0,    0,    0,    0,    0,    0,    0,    0,    0,    0,    0,    0,  -43,    0,    0,    0,    0,    0,    0,    0,    0,    0,    0,    0,    0,    0,    0,    0,    0,    0,    0,    0,    0,    0,    0,    0,    0,    0,    0,    0,    0,    0,    0,    0,    0,    0,    0,    0,    0,    0,    0,    0,    0,    0,    0,    0,    0,    0,    0,    0,  -64,    0,    0,
       0,  -11,    0,  -11,    0,    0,    0,    0,    0,    0,    0,  -11,    0,  -11,   -5,  -16,  -16,    0,  -16,    0,    0,    0,    0,    0,    0,    0,    0,    0,    0,    0,    0,    0,    0,  -11,    0,  -11,    0,    0,    0,    0,    0,    0,    0,    0,    0,    0,    0,    0,    0,    0,    0,    0,    0,    0,    0,    0,    0,    0,    0,    0,    0,    0,    0,    0,    0,    0,    0,    0,    0,    0,    0,    0,    0,    0,    0,    0,    0,    0,    0,    0,    0,    0,    0,    0,    0,    0,    0,    0,    0,    0,
       0,    0,    0,    0,    0,    0,    0,    0,    0,  -11,    0,    0,    0,  -11,    0,  -11,  -11,  -11,  -11,    0,    0,    0,    0,    0,    0,    0,    0,    0,    0,    0,    0,    0,    0,   -5,    0,  -11,    0,    0,    0,  -11,    0,    0,    0,    0,    0,    0,    0,    0,    0,    0,    0,    0,    0,    0,    0,    0,    0,    0,    0,    0,    0,    0,    0,    0,    0,    0,    0,    0,    0,    0,    0,    0,    0,    0,    0,    0,    0,    0,    0,    0,    0,    0,    0,    0,    0,    0,    0,    0,    0,    0,
       0,  -11,    0,    0,  -48,    0,  -48,    0,    0,  -32,    0,  -11,    0,    0,    0,    0,    0,    0,    0,    0,    0,    0,  -16,    0,  -16,  -16,    0,    0,    0,    0,    0,    0,    0,    0,    0,    0,    0,    0,    0,  -43,   27,    0,    0,    0,    0,    0,    0,    0,    0,    0,    0,    0,    0,    0,    0,    0,    0,    0,    0,    0,    0,    0,    0,    0,    0,    0,    0,    0,    0,    0,    0,    0,    0,    0,    0,    0,    0,    0,    0,    0,    0,    0,    0,    0,    0,    0,    0,  -48,    0,    0,
       0,  -11,    0,    0,  -11,    0,  -11,    0,    0,  -11,    0,    0,    0,    0,    0,    0,    0,    0,    0,    0,    0,    0,    0,    0,    0,    0,    0,    0,    0,    0,    0,    0,    0,    0,    0,    0,    0,    0,    0,  -11,    0,    0,    0,    0,    0,    0,    0,    0,    0,    0,    0,    0,    0,    0,    0,    0,    0,    0,    0,    0,    0,    0,    0,    0,    0,    0,    0,    0,    0,    0,    0,    0,    0,    0,    0,    0,    0,    0,    0,    0,    0,    0,    0,    0,    0,    0,    0,  -11,    0,    0,
       0,  -16,    0,    0,  -59,    0,  -59,    0,    0,  -43,    0,  -11,    0,    0,    0,    0,    0,    0,    0,    0,    0,    0,  -32,    0,  -32,  -32,    0,    0,    0,  -21,    0,    0,    0,    0,    0,    0,    0,    0,    0,  -69,    0,    0,    0,    0,    0,    0,    0,    0,    0,    0,    0,    0,    0,    0,    0,    0,    0,    0,    0,    0,    0,    0,    0,    0,    0,    0,    0,    0,    0,    0,    0,    0,    0,    0,    0,    0,    0,    0,    0,    0,    0,    0,    0,    0,    0,    0,    0,  -59,    0,    0,
       0,  -16,    0,    0,  -48,    0,  -48,    0,    0,  -32,    0,  -11,    0,    0,    0,    0,    0,    0,    0,    0,    0,    0,  -27,    0,  -32,  -32,    0,    0,    0,  -16,    0,    0,    0,    0,  -11,    0,    0,    0,    0,  -69,    0,    0,    0,    0,    0,    0,    0,    0,    0,    0,    0,    0,    0,    0,    0,    0,    0,    0,    0,    0,    0,    0,    0,    0,    0,    0,    0,    0,    0,    0,    0,    0,    0,    0,    0,    0,    0,    0,    0,    0,    0,    0,    0,    0,    0,    0,    0,  -48,    0,    0,
       0,    0,    0,    0,    0,    0,    0,    0,    0,    0,    0,  -11,   -5,    0,    0,    0,    0,    0,    0,    0,    0,    0,    0,    0,   -5,   -5,    0,    0,    0,    0,    0,    0,    0,  -16,    0,  -27,    0,  -21,    0,    0,    0,    0,    0,    0,    0,    0,    0,    0,    0,    0,    0,    0,    0,    0,    0,    0,    0,    0,    0,    0,    0,    0,    0,    0,    0,    0,    0,    0,    0,    0,    0,    0,    0,    0,    0,    0,    0,    0,    0,    0,    0,    0,    0,    0,    0,    0,    0,    0,    0,    0,
       0,  -16,    0,    0,  -43,    0,  -43,    0,    0,  -37,    0,  -16,  -11,    0,    0,    0,    0,    0,    0,    0,    0,    0,  -32,    0,  -37,  -37,    0,    0,    0,  -32,    0,    0,    0,    0,   -5,    0,   -5,    0,    0,  -48,    0,    0,    0,    0,    0,    0,    0,    0,    0,    0,    0,    0,    0,    0,    0,    0,    0,    0,    0,    0,    0,    0,    0,    0,    0,    0,    0,    0,    0,    0,    0,    0,    0,    0,    0,    0,    0,    0,    0,    0,    0,    0,    0,    0,    0,    0,    0,  -43,    0,    0,
       0,    0,    0,    0,    0,    0,    0,    0,    0,    0,    0,    0,    0,    0,    0,    0,    0,    0,    0,    0,    0,    0,    0,    0,    0,    0,    0,    0,    0,    0,    0,    0,    0,    0,    0,    0,    0,    0,    0,    0,    0,    0,  -21,  -11,    0,   32,    0,  -16,    0,   27,    0,    0,  -21,    0,  -59,    0,  -11,  -11,    0,  -11,    0,    0,    0,    0,    0,    0,   21,    0,  -43,  -11,    0,    0,    0,    0,    0,   32,    0,    0,    0,    0,    0,    0,    0,    0,    0,    0,    0,    0,    0,    0,
     -21,    0,    0,    0,    0,    0,    0,    0,    0,    0,    0,    0,    0,  -11,    0,  -27,  -21,    0,  -27,    0,    0,    0,    0,    0,    0,    0,    0,    0,    0,    0,    0,    0,    0,    0,    0,  -11,    0,    0,    0,    0,    0,    0,    0,    0,    0,    0,    0,    0,    0,    0,    0,    0,    0,    0,    0,    0,    0,    0,    0,    0,    0,    0,    0,    0,    0,    0,    0,    0,    0,    0,    0,    0,    0,    0,    0,    0,    0,    0,    0,    0,    0,    0,    0,    0,    0,    0,  -21,    0,    0,    0,
       0,    0,    0,    0,    0,    0,    0,    0,    0,    0,    0,    0,    0,  -16,    0,  -32,  -32,    0,  -37,    0,    0,    0,    0,    0,    0,    0,    0,    0,    0,    0,    0,    0,    0,    0,    0,  -11,    0,    0,    0,    0,    0,    0,    0,    0,    0,    0,    0,    0,    0,    0,    0,    0,    0,    0,    0,    0,    0,    0,    0,    0,    0,    0,    0,    0,    0,    0,    0,    0,    0,    0,    0,    0,    0,    0,    0,    0,    0,    0,    0,    0,    0,    0,    0,    0,    0,    0,    0,    0,    0,    0,
       0,    0,    0,    0,    0,    0,    0,    0,    0,    0,    0,    0,    0,    0,    0,  -27,  -27,    0,  -37,    0,    0,    0,    0,    0,    0,    0,    0,    0,    0,    0,    0,    0,    0,    0,    0,    0,    0,    0,    0,    0,    0,    0,    0,    0,    0,    0,    0,    0,    0,    0,    0,    0,    0,    0,    0,    0,    0,    0,    0,    0,    0,    0,    0,    0,    0,    0,    0,    0,    0,    0,    0,    0,    0,    0,    0,    0,    0,    0,    0,    0,    0,    0,    0,    0,    0,    0,    0,    0,    0,    0,
      43,    0,   48,   43,    0,    0,    0,    0,    0,    0,    0,    0,    0,    0,    0,    0,    0,    0,    0,    0,   53,    0,    0,    0,    0,    0,    0,    0,    0,    0,    0,    0,    0,    0,    0,    0,    0,    0,    0,    0,    0,    0,    0,    0,    0,    0,    0,    0,    0,    0,    0,    0,    0,    0,    0,    0,    0,    0,    0,    0,    0,    0,    0,    0,    0,    0,    0,    0,    0,    0,    0,    0,    0,    0,    0,    0,    0,    0,    0,    0,    0,    0,    0,    0,    0,    0,   32,    0,    0,    0,
       0,    0,    0,    0,    0,    0,    0,    0,    0,    0,    0,    0,    0,    0,    0,    0,    0,    0,    0,    0,    0,    0,    0,    0,  -11,  -11,    0,    0,    0,    0,    0,    0,    0,    0,    0,    0,    0,    0,    0,    0,    0,    0,    0,    0,    0,    0,    0,    0,    0,    0,    0,    0,    0,    0,    0,    0,    0,    0,    0,    0,    0,    0,    0,    0,    0,    0,    0,    0,    0,    0,    0,    0,    0,    0,    0,    0,    0,    0,    0,    0,    0,    0,    0,    0,    0,    0,    0,    0,    0,    0,
       0,    0,    0,    0,    0,    0,    0,    0,    0,    0,    0,    0,    0,    0,    0,    0,  -21,    0,  -11,    0,    0,    0,    0,    0,    0,    0,    0,    0,    0,    0,    0,    0,    0,    0,    0,    0,    0,    0,    0,    0,    0,    0,    0,    0,    0,    0,    0,    0,    0,    0,    0,    0,    0,    0,    0,    0,    0,    0,    0,    0,    0,    0,    0,    0,    0,    0,    0,    0,    0,    0,    0,    0,    0,    0,    0,    0,    0,    0,    0,    0,    0,    0,    0,    0,    0,    0,    0,    0,    0,    0,
       0,    0,    0,   16, -112,    0, -112,    0,    0,    0,    0,    0,    0,    0,    0,  -16,  -21,  -27,  -16,    0,    0,    0,  -11,    0,  -11,  -11,    0,    0,    0,    0,    0,    0,    0,    0,    0,    0,    0,    0,    0,    0,    0,    0,    0,    0,    0,    0,    0,    0,    0,    0,    0,    0,    0,    0,    0,    0,    0,    0,    0,    0,    0,    0,    0,    0,    0,    0,    0,    0,    0,    0,    0,    0,    0,    0,    0,    0,    0,    0,    0,    0,    0,    0,    0,    0,    0,    0,    0, -112,    0,    0,
     -11,    0,    0,    0,    0,    0,    0,    0,    0,    0,    0,    0,    0,    0,    0,  -16,  -16,    0,  -27,    0,    0,    0,    0,    0,    0,    0,    0,    0,    0,    0,    0,    0,    0,    0,    0,    0,    0,    0,    0,    0,    0,    0,    0,    0,    0,    0,    0,    0,    0,    0,    0,    0,    0,    0,    0,    0,    0,    0,    0,    0,    0,    0,    0,    0,    0,    0,    0,    0,    0,    0,    0,    0,    0,    0,    0,    0,    0,    0,    0,    0,    0,    0,    0,    0,    0,    0,    0,    0,    0,    0,
       0,    0,    0,    0,  -27,    0,  -37,    0,    0,    0,    0,    0,    0,    0,    0,  -16,  -11,    0,  -16,    0,    0,    0,    0,    0,    0,    0,    0,    0,    0,    0,    0,    0,    0,    0,    0,    0,    0,    0,    0,    0,    0,    0,    0,    0,    0,    0,    0,    0,    0,    0,    0,    0,    0,    0,    0,    0,    0,    0,    0,    0,    0,    0,    0,    0,    0,    0,    0,    0,    0,    0,    0,    0,    0,    0,    0,    0,    0,    0,    0,    0,    0,    0,    0,    0,    0,    0,    0,  -37,    0,    0,
       0,    0,    0,    0,  -37,    0,  -37,    0,    0,    0,    0,    0,    0,    0,    0,  -11,  -11,    0,  -16,    0,    0,    0,    0,    0,    0,    0,    0,    0,    0,    0,    0,    0,    0,    0,    0,    0,    0,    0,    0,    0,    0,    0,    0,    0,    0,    0,    0,    0,    0,    0,    0,    0,    0,    0,    0,    0,    0,    0,    0,    0,    0,    0,    0,    0,    0,    0,    0,    0,    0,    0,    0,    0,    0,    0,    0,    0,    0,    0,    0,    0,    0,    0,    0,    0,    0,    0,    0,  -37,    0,    0,
       0,    0,    0,    0,  -48,    0,  -48,    0,    0,    0,    0,    0,    0,    0,    0,    0,  -11,    0,    0,    0,    0,    0,    0,    0,    0,    0,    0,    0,    0,    0,    0,    0,    0,    0,    0,    0,    0,    0,    0,    0,    0,    0,    0,    0,    0,    0,    0,    0,    0,    0,    0,    0,    0,    0,    0,    0,    0,    0,    0,    0,    0,    0,    0,    0,    0,    0,    0,    0,    0,    0,    0,    0,    0,    0,    0,    0,    0,    0,    0,    0,    0,    0,    0,    0,    0,    0,    0,  -48,    0,    0,
       0,    0,    0,  -11,    0,    0,    0,    0,    0,    0,    0,    0,    0,    0,    0,  -21,  -16,    0,  -16,    0,    0,    0,    0,    0,    0,    0,    0,    0,    0,    0,    0,    0,    0,    0,    0,    0,    0,    0,    0,    0,    0,    0,    0,    0,    0,    0,    0,    0,    0,    0,    0,    0,    0,    0,    0,    0,    0,    0,    0,    0,    0,    0,    0,    0,    0,    0,    0,    0,    0,    0,    0,    0,    0,    0,    0,    0,    0,    0,    0,    0,    0,    0,    0,    0,    0,    0,  -11,    0,    0,    0,
       0,    0,    0,    0,    0,    0,    0,    0,    0,    0,    0,    0,    0,  -11,   -5,  -27,    0,    0,  -32,    0,    0,    0,    0,    0,    0,    0,    0,    0,    0,    0,    0,    0,    0,    0,    0,    0,    0,    0,    0,    0,    0,    0,    0,    0,    0,    0,    0,    0,    0,    0,    0,    0,    0,    0,    0,    0,    0,    0,    0,    0,    0,    0,    0,    0,    0,    0,    0,    0,    0,    0,    0,    0,    0,    0,    0,    0,    0,    0,    0,    0,    0,    0,    0,    0,    0,    0,    0,    0,    0,    0,
       0,    0,    0,    0,    0,    0,    0,    0,    0,    0,    0,    0,    0,    0,    0,    0,    0,    0,    0,    0,    0,    0,    0,    0,    0,    0,    0,    0,    0,    0,    0,    0,    0,    0,    0,    0,    0,    0,    0,    0,    0,    0,  -27,    0,    0,    0,    0,  -21,  -11,    0,    0,    0,   -5,    0,  -21,    0,    0,    0,    0,    0,    0,    0,    0,    0,    0,    0,    0,    0,    0,    0,    0,    0,    0,    0,    0,    0,    0,    0,    0,    0,    0,    0,    0,    0,    0,    0,    0,    0,    0,    0,
       0,    0,    0,    0,    0,    0,    0,    0,    0,    0,    0,    0,    0,  -16,   -5,  -27,  -27,    0,  -27,    0,    0,    0,    0,    0,    0,    0,    0,    0,    0,    0,    0,    0,    0,    0,    0,    0,    0,    0,    0,    0,    0,    0,    0,    0,    0,    0,    0,    0,    0,    0,    0,    0,    0,    0,    0,    0,    0,    0,    0,    0,    0,    0,    0,    0,    0,    0,    0,    0,    0,    0,    0,    0,    0,    0,    0,    0,    0,    0,    0,    0,    0,    0,    0,    0,    0,    0,    0,    0,    0,    0,
     -43,  -11,    0,  -37,    0,    0,    0,    0,    0,    0,    0,  -11,    0,  -32,  -11,  -43,  -37,    0,  -37,    0,    0,    0,    0,    0,  -11,  -11,    0,    0,    0,    0,    0,  -11,  -27,  -16,    0,  -27,    0,  -27,    0,    0,  -27,    0,    0,    0,    0,    0,    0,    0,    0,    0,    0,    0,    0,    0,    0,    0,    0,    0,    0,    0,    0,    0,    0,    0,    0,    0,    0,    0,    0,    0,    0,    0,    0,    0,    0,    0,    0,    0,    0,    0,    0,    0,    0,    0,    0,    0,  -48,    0,    0,    0,
      16,    0,   37,   21,    0,    0,    0,    0,   16,    0,   27,    0,    0,   37,   37,   48,   37,   37,   53,   43,    0,    0,    0,   48,    0,    0,    0,   48,    0,    0,    0,    0,    0,    0,    0,    0,    0,    0,    0,    0,    0,    0,    0,    0,    0,    0,    0,    0,    0,    0,    0,    0,    0,    0,    0,    0,    0,    0,    0,    0,    0,    0,    0,    0,    0,    0,    0,    0,    0,    0,    0,    0,    0,    0,    0,    0,    0,    0,    0,    0,    0,    0,    0,    0,    0,    0,   16,    0,    0,    0,
       0,    0,    0,  -16,    0,    0,    0,    0,    0,    0,    0,    0,    0,  -16,    0,  -27,    0,    0,    0,    0,    0,    0,    0,    0,    0,    0,    0,    0,    0,    0,    0,    0,    0,    0,    0,    0,    0,    0,    0,    0,    0,    0,    0,    0,    0,    0,    0,    0,    0,    0,    0,    0,    0,    0,    0,    0,    0,    0,    0,    0,    0,    0,    0,    0,    0,    0,    0,    0,    0,    0,    0,    0,    0,    0,    0,    0,    0,    0,    0,    0,    0,    0,    0,    0,    0,    0,    0,    0,    0,    0,
       0,    0,    0,    0,  -16,    0,  -16,    0,    0,  -21,    0,    0,    0,   11,    0,   11,   11,    0,   11,    0,    0,    0,  -11,    0,  -11,  -11,    0,    0,    0,  -11,  -11,    0,    0,  -11,  -11,  -11,    0,    0,    0,    0,    0,    0,    0,    0,    0,    0,    0,    0,    0,    0,    0,    0,    0,    0,    0,    0,    0,    0,    0,    0,    0,    0,    0,    0,    0,    0,    0,    0,    0,    0,    0,    0,    0,    0,    0,    0,    0,    0,    0,    0,    0,    0,    0,    0,    0,    0,    0,  -16,    0,    0,
       0,    0,    0,   11,   -5,    0,   -5,    0,    0,    0,    0,    0,    0,    0,    0,    0,    0,    0,    0,    0,    0,    0,    0,    0,    0,    0,    5,    0,   11,    0,   16,   11,    0,   16,    0,   16,    0,    0,    0,    0,    0,    0,    0,    0,    0,    0,    0,    0,    0,    0,    0,    0,    0,    0,    0,    0,    0,    0,    0,    0,    0,    0,    0,    0,    0,    0,    0,    0,    0,    0,    0,    0,    0,    0,    0,    0,    0,    0,    0,    0,    0,    0,    0,    0,    0,    5,    0,   -5,    0,    0,
       0,    0,    0,    0,  -16,    0,  -16,    0,    0,  -32,    0,  -11,    0,    0,    5,   16,    0,    0,   16,    0,    0,    0,  -27,    5,  -32,  -32,    0,    0,  -16,  -32,  -11,  -16,    0,  -11,    0,  -11,  -16,    0,    0,    0,    0,    0,    0,    0,    0,    0,    0,    0,    0,    0,    0,    0,    0,    0,    0,    0,    0,    0,    0,    0,    0,    0,    0,    0,    0,    0,    0,    0,    0,    0,    0,    0,    0,    0,    0,    0,    0,    0,    0,    0,    0,    0,    0,    0,    0,    0,    0,  -16,    0,    0,
       0,    0,    0,   11,    0,    0,    0,    0,    0,    0,    0,    0,    0,    0,    0,    0,    0,    0,    0,    0,    0,    0,    0,    0,    0,    0,    5,    0,   11,    0,    0,    0,    0,    0,    0,    0,    0,    0,    0,    0,    0,    0,    0,    0,    0,    0,    0,    0,    0,    0,    0,    0,    0,    0,    0,    0,    0,    0,    0,    0,    0,    0,    0,    0,    0,    0,    0,    0,    0,    0,    0,    0,    0,    0,    0,    0,    0,    0,    0,    0,    0,    0,    0,    0,    0,    5,    0,    0,    0,    0,
       0,    0,    0,    0,    0,    0,    0,    0,    0,    0,    0,    0,    0,    0,    0,    0,    0,    0,    0,    0,    0,    0,    0,    0,    0,    0,    0,    0,    0,    0,    0,    0,    0,    0,    0,    0,    0,    0,    0,    0,    0,    0,  -11,    0,    0,    0,    0,  -11,    0,    0,    0,    0,   -8,    0,    0,    0,    0,    0,    0,    0,    0,    0,    0,    0,  -11,    0,    0,    0,    0,  -11,  -11,    0,    0,    0,    0,    0,    0,    0,    0,    0,    0,    0,    0,  -11,    0,    0,    0,    0,    0,    0,
     -91,    0,  -11,  -43,    0,    0,    0,   -5,    0,    0,    0,    0,    0,    0,    0,    0,    0,    0,    0,    0,    0,   -5,    0,    0,    0,    0,    0,    0,    0,    0,    0,    0,    0,    0,    0,    0,    0,    0,    0,    0,    0,    0,  -43,    0,    0,   -8,    0,  -96,   -5,   -5,   -5,    0,  -11,  -11,  -32,   -5,    0,    0,    0,    0,    0,    0,    0,    0,   -8,    0,   -5,   -5,  -16,    0,    0,    0,    0,    0,    0,    0,    0,    0,    0,    0,    0,    0,  -37,    0,    0,    0,  -80,    0,    0,    0,
       0,    0,    0,   16,  -32,  -21,  -32,  -16,    0,    0,    0,    0,    0,    0,    0,    0,    0,    0,    0,    0,    0,  -21,    0,    0,    0,    0,    0,    0,    0,    0,    0,    0,    0,    0,    0,    0,    0,    0,  -27,    0,    0,    0,    0,  -11,   -5,    0,  -16,    0,  -32,  -21,    0,    0,  -13,    0,    0,   -8,  -16,    0,   -5,  -16,    0,    0,   11,    0,  -32,    0,   21,    0,    5,    0,  -16,    0,   -8,   11,   11,    0,    0,    0,    0,    0,    0,    0,    0,    0,    0,    0,    0,  -32,    0,    0,
       0,    0,    0,    0,    0,    0,    0,    0,    0,    0,    0,    0,    0,    0,    0,    0,    0,    0,    0,    0,    0,    0,    0,    0,    0,    0,    0,    0,    0,    0,    0,    0,    0,    0,    0,    0,    0,    0,    0,    0,    0,    0,    0,    0,    0,    0,    0,   -5,    0,    0,    0,    0,   -5,    0,    0,    0,    0,    0,    0,    0,    0,    0,    0,    0,   -5,    0,    0,   -5,    0,    0,    0,    0,    0,    0,    0,    0,    0,    0,    0,    0,    0,    0,    0,    0,    0,    0,    0,    0,    0,    0,
       0,    0,    0,    0,    0,    0,    0,    0,    0,    0,    0,    0,    0,    0,    0,    0,    0,    0,    0,    0,    0,    0,    0,    0,    0,    0,    0,    0,    0,    0,    0,    0,    0,    0,    0,    0,    0,    0,    0,    0,    0,    0,   -5,    0,    0,    0,    0,   -5,   -5,   -5,    0,    0,  -13,   -5,  -16,    0,    0,    0,    0,    0,    0,    0,    0,    0,    0,    0,    0,    0,    0,    0,    0,    0,    0,    0,    0,    0,    0,    0,  -11,    0,    0,    0,  -11,    0,    0,    0,    0,    0,    0,    0,
       0,    0,    0,    0,    0,    0,    0,    0,    0,    0,    0,    0,    0,    0,    0,    0,    0,    0,    0,    0,    0,    0,    0,    0,    0,    0,    0,    0,    0,    0,    0,    0,    0,    0,    0,    0,    0,    0,    0,    0,    0,    0,    0,    0,    0,    0,    0,    0,    0,    0,    0,    0,   -5,    0,    0,    0,    0,    0,    0,    0,    0,    0,    0,    0,  -11,    0,    0,    0,    0,    0,    0,    0,    0,    0,    0,    0,    0,    0,    0,    0,    0,    0,    0,    0,    0,    0,    0,    0,    0,    0,
       0,    0,    0,    0,    0,    0,    0,    0,    0,    0,    0,    0,    0,    0,    0,    0,    0,    0,    0,    0,    0,    0,    0,    0,    0,    0,    0,    0,    0,    0,    0,    0,    0,    0,    0,    0,    0,    0,    0,    0,    0,    0,    0,    0,    0,    0,  -11,    0,  -11,   -8,    0,    0,  -11,    0,    0,    0,    0,    0,    0,    0,    0,    0,   16,    0,  -11,    0,    0,    0,    0,    0,    0,    0,    0,   16,   16,    0,    0,    0,    0,    0,    0,    0,    0,    0,    0,    0,    0,    0,    0,    0,
     -53,    0,  -11,  -27,    0,    0,    0,   -5,    0,    0,    0,    0,    0,    0,    0,    0,    0,    0,    0,    0,    0,   -5,    0,    0,    0,    0,    0,    0,    0,    0,    0,    0,    0,    0,    0,    0,    0,    0,    0,    0,    0,    0,  -43,    0,    0,   -8,    0,  -48,   -5,   -5,   -5,    0,  -11,  -11,  -32,   -5,    0,    0,    0,    0,    0,    0,    0,    0,   -8,    0,   -5,   -5,  -16,    0,    0,    0,    0,    0,    0,    0,    0,    0,    0,    0,    0,    0,  -21,    0,    0,    0,  -48,    0,    0,    0,
     -64,    0,  -21,  -37,    0,  -11,    0,  -11,    0,    0,    0,    0,    0,    0,    0,    0,    0,    0,    0,    0,    0,    0,    0,    0,    0,    0,    0,    0,    0,    0,    0,    0,    0,    0,    0,    0,    0,    0,  -27,    0,    0,    0,  -48,  -32,  -21,  -16,    0,  -75,    0,    0,    0,  -21,  -43,    0,  -69,    0,  -11,    0,   -5,  -11,    0,   -5,  -11,    0,  -11,    0,  -21,    0,  -27,    0,    0,    0,    0,  -11,  -11,  -11,   -5,  -11,    0,  -27,    0,  -16,  -37,    0,    0,    0,  -53,    0,    0,    0,
       0,    0,    0,    0,    0,  -11,    0,    0,    0,    0,    0,    0,    0,    0,    0,    0,    0,    0,    0,    0,    0,    0,    0,    0,    0,    0,    0,    0,    0,    0,    0,    0,    0,    0,    0,    0,    0,    0,  -16,    0,    0,    0,    0,  -16,   -5,    0,    5,    0,    0,   11,    0,   -5,  -27,    0,  -11,    0,  -11,   -5,    0,  -11,    0,    0,   -5,    0,    0,    0,   -5,    0,  -16,  -16,    0,    0,    0,   -5,    3,    0,   -5,    0,    0,    0,  -11,    0,    0,  -16,    0,    0,  -11,    0,    0,    0,
       0,    0,    5,   21,  -59,  -11,  -59,  -11,    0,    0,    0,    0,    0,    0,    0,    0,    0,    0,    0,    0,   11,  -43,    0,    0,    0,    0,    0,    0,    0,    0,    0,    0,    0,    0,    0,    0,    0,    0,  -21,    0,    0,    0,    0,  -27,   -5,    0,  -32,    0,  -75,  -43,    0,    0,  -32,    0,    0,  -21,  -27,    0,  -16,  -43,  -21,   -5,   -5,  -11,  -64,    0,    0,   -5,    0,    0,  -11,    0,  -21,   -5,   16,    0,    0,    0,    0,    0,  -21,    0,    0,    0,    0,    0,    0,  -59,    0,    0,
     -43,    0,    0,  -37,    0,   -5,    0,    0,    0,    0,    0,    0,    0,    0,    0,    0,    0,    0,    0,    0,    0,    0,    0,    0,    0,    0,    0,    0,    0,    0,    0,    0,    0,    0,    0,    0,    0,    0,  -11,    0,    0,    0,  -32,  -16,   -5,    0,    0,  -43,    0,    8,    0,   -5,  -27,    0,  -64,    0,  -16,  -11,    0,  -16,    0,    0,  -11,    0,   -5,    0,  -32,    0,  -37,  -21,    0,    0,   -5,  -11,  -11,    0,  -11,    0,    0,    0,    0,    0,  -32,  -21,    0,    0,  -48,    0,    0,    0,
       0,    0,    0,   -5,    0,    0,    0,  -11,    0,    0,    0,    0,    0,    0,    0,    0,    0,    0,    0,    0,    0,   -5,    0,    0,    0,    0,    0,    0,    0,    0,    0,    0,    0,    0,    0,    0,    0,    0,    0,    0,    0,    0,  -13,    0,   -5,  -16,    0,  -16,   -5,  -11,   -5,    0,  -11,   -5,  -21,   -5,    0,    0,    0,    0,    0,    0,    0,    0,  -11,   -5,   -8,  -13,  -11,   -5,  -11,    0,    0,    0,    0,    0,    0,    0,    0,    0,    0,    0,    0,    0,    0,    0,  -11,    0,    0,    0,
       0,    0,    0,   -5,    0,    0,    0,  -11,    0,    0,    0,    0,    0,    0,    0,    0,    0,    0,    0,    0,    0,   -5,    0,    0,    0,    0,    0,    0,    0,    0,    0,    0,    0,    0,    0,    0,    0,    0,    0,    0,    0,    0,  -19,    0,   -5,    0,    0,  -27,   -5,   -8,   -8,    0,   -5,   -5,  -27,    0,    0,    0,    0,    0,    0,    0,    0,    0,  -11,    0,    0,   -5,    0,  -11,   -5,    0,    0,    0,    0,    0,    0,    0,  -11,    0,    0,    0,  -11,  -11,  -16,    0,  -11,    0,    0,    0,
       0,    0,    5,    0,    0,    0,    0,    0,    0,    0,    0,    0,    0,    0,    0,    0,    0,    0,    0,    0,    0,   16,    0,    0,    0,    0,    0,    0,    0,    0,    0,    0,    0,    0,    0,    0,    0,    0,    0,    0,    0,    0,    0,   -5,    0,   11,    0,    0,    0,    0,    0,    0,  -11,    0,    0,    0,   -8,    0,   -5,   -8,    0,   -5,   -5,    0,   -5,    0,    0,    0,    0,   -5,   -5,    0,    0,   -5,    5,   11,    0,    0,    0,    0,    0,    0,    0,    0,    0,    0,    0,    0,    0,    0,
       0,    0,  -11,    0,  -11,    0,  -11,  -11,    0,    0,    0,    0,    0,    0,    0,    0,    0,    0,    0,    0,    0,  -11,    0,    0,    0,    0,    0,    0,    0,    0,    0,    0,    0,    0,    0,    0,    0,    0,    0,    0,    0,    0,  -11,    0,    0,   -8,   -8,  -40,  -11,  -19,  -11,    0,    0,  -11,   -5,   -5,    0,    0,    0,    0,    0,    0,    0,    0,  -21,    0,    0,   -5,    0,    0,    0,    0,    0,    0,    0,    0,    0,    0,  -11,    0,    0,    0,  -11,    0,    0,    0,    0,  -11,    0,    0,
       0,    0,  -11,    0,  -64,    0,  -64,  -11,    0,    0,    0,    0,    0,    0,    0,    0,    0,    0,    0,    0,    0,  -21,    0,    0,    0,    0,    0,    0,    0,    0,    0,    0,    0,    0,    0,    0,    0,    0,   -5,    0,    0,    0,    0,    0,    0,    0,  -27,  -11,  -27,  -37,  -21,   -8,    0,  -21,  -13,   -5,    0,    0,    0,    0,    0,    0,    0,    0,  -27,    0,   16,   -5,    0,    0,   -5,    0,    0,    0,    0,    0,    0,    0,    0,    0,    0,    0,    0,    0,    0,    0,    0,  -64,    0,    0,
       0,    0,  -11,   -5,  -16,    0,  -16,  -16,    0,    0,    0,    0,    0,    0,    0,    0,    0,    0,    0,    0,    0,  -21,    0,    0,    0,    0,    0,    0,    0,    0,    0,    0,    0,    0,    0,    0,    0,    0,   -5,    0,    0,   -5,  -21,    0,  -11,  -11,  -16,  -48,  -16,  -27,  -21,  -11,    0,  -21,  -16,  -16,    0,    0,    0,    0,    0,    0,    0,    0,  -21,    0,    0,  -11,    0,    0,   -3,    0,    0,    0,    0,    0,    0,    0,  -11,    0,    0,    0,    0,    0,    0,    0,  -16,  -16,    0,    0,
       0,    0,    0,    0,    0,  -11,    0,    0,    0,    0,    0,    0,    0,    0,    0,    0,    0,    0,    0,    0,    0,    0,    0,    0,    0,    0,    0,    0,    0,    0,    0,    0,    0,    0,    0,    0,    0,    0,  -11,    0,    0,    0,    0,  -11,   -5,    0,    0,    0,    0,    0,    0,    0,  -21,    0,  -11,    0,   -8,    0,   -5,   -8,    0,    0,   -3,    0,   -5,    0,   -5,    0,   -8,  -21,    0,    0,    0,   -3,   11,    0,  -11,    0,    0,    0,    0,    0,    0,  -16,    0,    0,    0,    0,    0,    0,
       0,    0,    0,    0,    0,    0,    0,    0,    0,    0,    0,    0,    0,    0,    0,    0,    0,    0,    0,    0,    0,    0,    0,    0,    0,    0,    0,    0,    0,    0,    0,    0,    0,    0,    0,    0,    0,    0,    0,    0,    0,   13,  -11,    0,    0,    0,   27,  -21,   24,   27,   32,    0,    0,   21,  -27,   27,    0,    0,    0,    0,    5,    0,    0,    0,   16,    0,    0,    8,   -5,   -8,    3,    0,    0,    0,    0,    0,    0,    0,    0,    0,    0,    0,    0,    0,    0,    0,    0,    0,    0,    0,
       0,    0,    0,    0,  -11,    0,  -11,    0,    0,    0,    0,    0,    0,    0,    0,    0,    0,    0,    0,    0,    0,  -11,    0,    0,    0,    0,    0,    0,    0,    0,    0,    0,    0,    0,    0,    0,    0,    0,    0,    0,    0,    0,  -21,    0,    0,    0,    0,  -53,  -11,    0,   -5,    0,    0,   -8,  -19,    0,    0,    0,    0,    0,   -5,   -5,    0,    0,  -11,    0,   -8,  -19,   -8,   -3,   -5,    0,    0,    0,    0,   -5,    0,    0,    0,    0,    0,    0,    0,    0,    0,    0,    0,  -11,    0,    0,
       0,    0,    0,   -5,   -5,    0,   -5,    0,    0,    0,    0,    0,    0,    0,    0,    0,    0,    0,    0,    0,    0,    0,    0,    0,    0,    0,    0,    0,    0,    0,    0,    0,    0,    0,    0,    0,    0,    0,    0,    0,    0,    0,  -16,    0,    0,    0,    0,  -32,    0,    0,    0,    0,    0,    0,  -27,    0,    0,    0,    0,    0,    0,    0,   -8,    0,   -8,    0,   -5,   -8,   -8,    0,    0,    0,    0,   -8,   -8,    0,    0,    0,    0,    0,    0,    0,  -11,    0,    0,    0,    0,   -5,    0,    0,
       0,    0,    0,   11,  -11,    0,  -11,    0,    0,    0,    0,    0,    0,    0,    0,    0,    0,    0,    0,    0,    0,    0,    0,    0,    0,    0,    0,    0,    0,    0,    0,    0,    0,    0,    0,    0,    0,    0,    0,    0,    0,    0,   -5,    0,    0,    0,    0,  -21,    0,    0,    0,    0,    0,    0,  -11,    0,    0,    0,    0,    0,    0,    0,    0,    0,  -16,    0,    0,   -5,    0,    0,   -5,    0,    0,    0,    0,    0,    0,    0,    0,    0,    0,    0,  -11,    0,    0,    0,    0,  -11,    0,    0,
       0,    0,    0,    0,  -11,    0,  -11,    0,    0,    0,    0,    0,    0,    0,    0,    0,    0,    0,    0,    0,    0,  -11,    0,    0,    0,    0,    0,    0,    0,    0,    0,    0,    0,    0,    0,    0,    0,    0,    0,    0,    0,    0,    0,    0,    0,    0,    0,  -27,  -11,    0,   -5,    0,    0,   -5,   -8,    0,    0,    0,    0,    0,    0,    0,    0,    0,  -16,    0,    0,   -8,    0,    0,   -8,    0,    0,    0,    0,    0,    0,    0,    0,    0,    0,    0,    0,    0,    0,    0,    0,  -11,    0,    0,
       0,    0,    0,    0,    0,    0,    0,    0,    0,    0,    0,    0,    0,    0,    0,    0,    0,    0,    0,    0,    0,    0,    0,    0,    0,    0,    0,    0,    0,    0,    0,    0,    0,    0,    0,    0,    0,    0,    0,    0,    0,    0,   -5,    0,    0,    0,    0,  -21,    0,    0,    0,    0,    0,    0,  -11,    0,    0,    0,    0,    0,    0,    0,    0,    0,   -5,    0,    0,   -5,    0,    0,    0,    0,    0,    0,    0,    0,    0,    0,    0,    0,    0,    0,    0,    0,    0,    0,    0,    0,    0,    0,
       0,    0,    0,    0,    0,    0,    0,    0,    0,    0,    0,    0,    0,    0,    0,    0,    0,    0,    0,    0,    0,    0,    0,    0,    0,    0,    0,    0,    0,    0,    0,    0,    0,    0,    0,    0,    0,    0,    0,    0,    0,    0,   -5,    0,    0,    0,    0,  -21,    0,    0,    0,    0,    0,    0,   -8,    3,   -5,    0,    0,   -5,    0,    0,    0,    0,   -5,    0,   11,   -3,    0,    0,    0,    0,    0,    0,    0,    0,    0,    0,    0,    0,  -11,    0,    0,    0,    0,    0,    0,    0,    0,    0,
       0,    0,    0,    0,    0,  -16,    0,    0,    0,    0,    0,    0,    0,    0,    0,    0,    0,    0,    0,    0,    0,    0,    0,    0,    0,    0,    0,    0,    0,    0,    0,    0,    0,    0,    0,    0,    0,    0,    0,    0,    0,    0,   -8,   -5,    0,    0,    5,  -27,    0,   11,    0,   -5,   -5,    0,  -27,    0,  -11,   -3,   -5,  -11,    0,    0,    0,    0,    0,    0,    0,    0,    0,    0,    0,    0,    0,    0,    0,    0,    0,    0,    0,    0,    0,    0,    0,    0,    0,    0,    0,    0,    0,    0,
       0,    0,    0,    0,  -11,    0,  -11,    0,    0,    0,    0,    0,    0,    0,    0,    0,    0,    0,    0,    0,    0,  -11,    0,    0,    0,    0,    0,    0,    0,    0,    0,    0,    0,    0,    0,    0,    0,    0,    0,    0,    0,    0,  -21,    0,    0,    0,    0,  -37,  -11,    0,   -5,    0,    0,   -8,  -19,    0,    0,    0,    0,    0,   -5,   -5,    0,    0,  -11,    0,   -8,  -19,   -8,   -3,   -5,    0,    0,    0,    0,   -5,    0,    0,    0,    0,    0,    0,    0,    0,    0,    0,    0,  -11,    0,    0,
       0,    0,    0,   16,    0,    0,    0,    0,    0,    0,    0,    0,    0,    0,    0,    0,    0,    0,    0,    0,    0,    0,    0,    0,    0,    0,    0,    0,    0,    0,    0,    0,    0,    0,    0,    0,    0,    0,    0,    0,    0,   21,  -21,    0,    0,    0,   27,  -16,   27,   29,   32,    0,    0,   24,  -32,   27,    0,    0,    0,    0,   13,    3,    0,    0,   19,    0,   -5,    8,  -11,    0,    8,    0,    0,    0,    0,    0,    0,    0,    0,    0,    0,    0,    0,    0,    0,    0,  -16,    0,    0,    0,
       0,    0,    0,    0,    0,    0,    0,    0,    0,    0,    0,    0,    0,    0,    0,    0,    0,    0,    0,    0,    0,    0,    0,    0,    0,    0,    0,    0,    0,    0,    0,    0,    0,    0,    0,    0,    0,    0,    0,    0,    0,    0,   -5,    0,    0,    0,    0,  -21,    0,    0,    0,    0,    0,    0,   -8,    3,   -5,    0,    0,   -5,    0,    0,    0,    0,   -5,    0,    0,   -3,    0,    0,    0,    0,    0,    0,    0,    0,    0,    0,    0,    0,  -11,    0,    0,    0,    0,    0,    0,    0,    0,    0,
       0,    0,   -5,    0,  -11,    0,  -11,    0,    0,    0,    0,    0,    0,    0,    0,    0,    0,    0,    0,    0,    0,  -11,    0,    0,    0,    0,    0,    0,    0,    0,    0,    0,    0,    0,    0,    0,    0,    0,    0,    0,    0,    0,   -5,    0,    0,    0,   -8,  -16,  -11,  -11,   -5,  -11,    0,   -5,  -16,    0,    0,    0,   -5,    0,  -11,   -5,    0,    0,  -37,    0,    0,  -19,    0,    0,   -5,    0,    0,    0,    0,    0,    0,    0,    0,    0,    0,    0,    0,    0,    0,    0,    0,  -11,    0,    0,
       0,    0,   21,  -11,    0,    0,    0,    0,    0,    0,    0,    0,    0,    0,    0,    0,    0,    0,    0,    0,    0,   43,    0,    0,    0,    0,    0,    0,    0,    0,    0,    0,    0,    0,    0,    0,    0,    0,    8,    0,    0,   21,  -11,    0,    0,   32,   29,   -8,   32,   32,   37,    0,   -5,   32,  -27,   35,    0,    0,    0,    0,   13,    5,    0,    0,   21,    0,    0,   13,   -5,   -8,   11,    0,   11,    0,    0,   16,    0,    0,    0,    0,    0,    0,    0,    0,    0,    0,  -11,    0,    0,    0,
     -37,    0,    0,  -32,    0,    0,    0,    0,    0,    0,    0,    0,    0,    0,    0,    0,    0,    0,    0,    0,    0,    0,    0,    0,    0,    0,    0,    0,    0,    0,    0,    0,    0,    0,    0,    0,    0,    0,    0,    0,    0,    0,  -37,    0,    0,    0,    5,  -37,    0,    0,    0,    0,   -5,    0,  -59,    0,    0,    0,    0,    0,    0,    0,   -5,    0,    0,    0,  -19,    0,  -24,  -27,   -5,    0,    0,   -5,   -5,    0,    0,    0,    0,    0,    0,    0,    0,    0,    0,    0,  -32,    0,    0,    0,
       0,    0,    0,    0,    0,    0,    0,    0,    0,    0,    0,    0,    0,    0,    0,    0,    0,    0,    0,    0,    0,    0,    0,    0,    0,    0,    0,    0,    0,    0,    0,    0,    0,    0,    0,    0,    0,    0,    0,    0,    0,    0,  -11,    0,    0,    0,    0,  -53,    0,    0,    0,    0,    0,    0,  -29,    0,    0,    0,    0,    0,    0,    0,    0,    0,  -16,    0,    0,    0,   -5,    0,    0,    0,    0,    0,    0,    0,    0,    0,    0,    0,    0,    0,    0,    0,    0,    0,  -11,    0,    0,    0,
       0,    0,    0,    0,  -11,    0,  -11,    0,    0,    0,    0,    0,    0,    0,    0,    0,    0,    0,    0,    0,    0,    0,    0,    0,    0,    0,    0,    0,    0,    0,    0,    0,    0,    0,    0,    0,    0,    0,    0,    0,    0,    0,  -11,    0,    0,    0,    0,  -32,    0,    0,    0,    0,    0,    0,  -27,    0,    0,    0,    0,    0,    0,    0,    0,    0,    0,    0,    0,   -8,    0,    0,    0,    0,    0,    0,    0,    0,    0,    0,    0,    0,    0,    0,    0,    0,    0,    0,    0,  -11,    0,    0,
       0,    0,    0,    0,    0,    0,    0,    0,    0,    0,    0,    0,    0,    0,    0,    0,    0,    0,    0,    0,    0,    0,    0,    0,    0,    0,    0,    0,    0,    0,    0,    0,    0,    0,    0,    0,    0,    0,    0,    0,    0,   13,  -13,    0,    0,    0,   27,  -16,   24,   27,   32,    0,    0,   21,  -27,   27,    0,    0,    0,    0,    5,    0,    0,    0,   16,    0,    0,    8,   -5,   -8,    3,    5,    0,    0,    0,    0,    0,    0,    0,    0,    0,    0,    0,    0,    0,    0,    0,    0,    0,    0,
       0,    0,    0,    0,    0,    0,    0,    0,    0,    0,    0,    0,    0,    0,    0,    0,    0,    0,    0,    0,    0,    0,    0,    0,    0,    0,    0,    0,    0,    0,    0,    0,    0,    0,    0,    0,    0,    0,    0,    0,    0,    0,    0,    0,    0,    0,    0,    0,    0,    0,    0,    0,    0,    0,  -11,    0,    0,    0,    0,    0,    0,    0,    0,    0,  -27,    0,    0,    0,    0,    0,  -11,    0,    0,    0,    0,    0,    0,    0,    0,    0,    0,    0,    0,    0,    0,    0,    0,    0,    0,    0,
       0,    0,    0,    0,    0,    0,    0,    0,    0,    0,    0,    0,    0,    0,    0,    0,    0,    0,    0,    0,    0,    0,    0,    0,    0,    0,    0,    0,    0,    0,    0,    0,    0,    0,    0,    0,    0,    0,    0,    0,    0,    0,    0,    0,    0,    0,    0,    0,    0,    0,    0,    0,    0,    0,    0,    0,    0,    0,    0,    0,    0,    0,    0,    0,  -21,    0,    0,    0,    0,    0,    0,    0,    0,    0,    0,    0,    0,    0,    0,    0,    0,    0,    0,    0,    0,    0,    0,    0,    0,    0,
       0,    0,    0,    0,    0,    0,    0,    0,    0,    0,    0,    0,    0,    0,    0,    0,    0,    0,    0,    0,    0,    0,    0,    0,    0,    0,    0,    0,    0,    0,    0,    0,    0,    0,    0,    0,    0,    0,    0,    0,    0,    0,    0,    0,    0,    0,    0,    0,    0,    0,    0,    0,    0,    0,  -11,    0,    0,    0,    0,    0,    0,    0,    0,    0,    0,    0,    0,    0,    0,  -16,    0,    0,    0,    0,    0,    0,    0,    0,    0,    0,    0,    0,    0,  -16,    0,    0,    0,    0,    0,    0,
       0,    0,    0,    0,    0,    0,    0,    0,    0,    0,    0,    0,    0,    0,    0,    0,    0,    0,    0,    0,    0,    0,    0,    0,    0,    0,    0,    0,    0,    0,    0,    0,    0,    0,    0,    0,    0,    0,    0,    0,    0,    0,    0,    0,    0,    0,    0,    0,    0,  -32,    0,    0,    0,    0,    0,    0,    0,    0,    0,    0,    0,    0,    0,    0,  -37,    0,    0,    0,    0,    0,    0,    0,    0,    0,    0,    0,    0,    0,    0,    0,    0,    0,    0,    0,    0,    0,    0,    0,    0,    0,
       0,    0,    0,    0,    0,    0,    0,    0,    0,    0,    0,    0,    0,    0,    0,    0,    0,    0,    0,    0,    0,    0,    0,    0,    0,    0,    0,    0,    0,    0,    0,    0,    0,    0,    0,    0,    0,    0,    0,    0,    0,    0,    0,    0,    0,    0,    0,    0,    0,    0,    0,    0,    0,    0,    0,    0,    0,    0,    0,    0,    0,    0,    0,    0,  -37,    0,    0,    0,    0,    0,    0,    0,    0,    0,    0,    0,    0,    0,    0,    0,    0,    0,    0,    0,    0,    0,    0,    0,    0,    0,
       0,    0,    0,    0,  -48,    0,  -48,    0,    0,    0,    0,    0,    0,    0,    0,    0,    0,    0,    0,    0,    0,    0,    0,    0,    0,    0,    0,    0,    0,    0,    0,    0,    0,    0,    0,    0,    0,    0,    0,    0,    0,    0,    0,    0,    0,    0,    0,    0,    0,    0,    0,    0,    0,    0,    0,    0,    0,    0,    0,    0,    0,    0,    0,    0,    0,    0,    0,    0,    0,    0,    0,    0,    0,    0,    0,    0,    0,    0,    0,    0,    0,    0,    0,    0,    0,    0,    0,  -48,    0,    0,
       0,    0,    0,    0,  -37,    0,  -37,    0,    0,    0,    0,    0,    0,    0,    0,    0,    0,    0,    0,    0,    0,    0,    0,    0,    0,    0,    0,    0,    0,    0,    0,    0,    0,    0,    0,    0,    0,    0,    0,    0,    0,    0,    0,  -11,    0,    0,    0,    0,  -32,  -32,    0,    0,    0,    0,    0,    0,    0,    0,    0,    0,    0,    0,    0,    0,  -32,    0,    0,    0,    0,    0,    0,    0,    0,    0,    0,    0,  -11,    0,    0,    0,  -11,    0,    0,    0,    0,    0,    0,  -37,    0,    0,
       0,    0,    0,   16,  -37,    0,  -37,    0,    0,    0,    0,    0,    0,    0,    0,    0,    0,    0,    0,    0,    0,    0,    0,    0,    0,    0,    0,    0,    0,    0,    0,    0,    0,    0,    0,    0,    0,    0,    0,    0,    0,    0,    0,    0,    0,    0,    0,    0,  -32,  -21,    0,    0,    0,    0,    0,    0,    0,    0,    0,    0,    0,    0,    0,    0,  -32,    0,    0,    0,    0,    0,    0,    0,    0,    0,    0,    0,    0,    0,    0,    0,  -21,    0,    0,    0,    0,    0,    0,  -37,    0,    0,
       0,    0,    0,    0,    0,    0,    0,    0,    0,    0,    0,    0,    0,    0,    0,    0,    0,    0,    0,    0,    0,    0,    0,    0,    0,    0,    0,    0,    0,    0,    0,    0,    0,    0,    0,    0,    0,    0,    0,    0,    0,    0,    0,    0,    0,    0,    0,  -11,    0,  -27,    0,    0,    0,    0,    0,    0,    0,    0,    0,    0,    0,    0,    0,    0,  -21,    0,    0,    0,    0,    0,    0,    0,    0,    0,    0,    0,    0,    0,  -11,    0,    0,    0,    0,    0,    0,    0,    0,    0,    0,    0,
       0,    0,    0,  -11,    0,    0,    0,    0,    0,    0,    0,    0,    0,    0,    0,    0,    0,    0,    0,    0,    0,    0,    0,    0,    0,    0,    0,    0,    0,    0,    0,    0,    0,    0,    0,    0,    0,    0,    0,    0,    0,    0,    0,    0,    0,    0,    0,    0,    0,    0,    0,    0,    0,    0,    0,    0,    0,    0,    0,    0,    0,    0,    0,    0,    0,    0,    0,    0,    0,    0,    0,    0,    0,    0,    0,    0,    0,    0,    0,    0,    0,    0,    0,    0,    0,    0,  -11,    0,    0,    0,
       0,    0,    0,    0,    0,    0,    0,    0,    0,    0,    0,    0,    0,    0,    0,    0,    0,    0,    0,    0,    0,    0,    0,    0,    0,    0,    0,    0,    0,    0,    0,    0,    0,    0,    0,    0,    0,    0,    0,    0,    0,    0,    0,    0,    0,    0,    0,    0,    0,    0,    0,    0,    0,    0,    0,    0,    0,    0,    0,    0,    0,    0,    0,    0,    0,    0,    0,    0,    0,    0,    0,    0,    0,    0,    0,    0,    0,    0,    0,    0,  -11,    0,    0,    0,    0,    0,    0,    0,    0,    0,
       0,    0,    0,    0,    0,    0,    0,    0,    0,    0,    0,    0,    0,    0,    0,    0,    0,    0,    0,    0,    0,    0,    0,    0,    0,    0,    0,    0,    0,    0,    0,    0,    0,    0,    0,  -11,    0,    0,    0,    0,    0,    0,    0,    0,    0,    0,    0,    0,    0,    0,    0,    0,    0,    0,    0,    0,    0,    0,    0,    0,    0,    0,    0,    0,    0,    0,    0,    0,    0,    0,    0,    0,    0,    0,    0,    0,    0,    0,    0,    0,    0,    0,    0,    0,    0,    0,    0,    0,    0,    0,
       0,    0,    0,    0,    0,    0,    0,    0,    0,  -37,    0,    0,    0,    0,    0,    0,    0,    0,    0,    0,    0,    0,    0,    0,    0,    0,    5,    0,    0,    0,    0,    0,    0,    0,    0,   11,    0,    0,    0,  -75,    0,    0,    0,    0,    0,    0,  -16,    0,  -37,  -32,    0,    0,    0,    0,    0,    0,    0,    0,    0,    0,    0,    0,   11,    0,  -16,    0,   37,    0,   21,    0,    0,   16,    0,   21,   21,   16,    0,    0,    0,    0,  -21,    0,    0,    0,  -75,    0,    0,    0,    0,    0,
       0,    0,    0,    0,    0,    0,    0,    0,    0,  -48,    0,    0,    0,    0,    0,    0,    0,    0,    0,    0,    0,    0,   -5,    0,   -5,   -5,    0,    0,    0,  -27,    0,    0,    0,    0,    0,    0,    0,    0,    0,  -75,    0,    0,    0,    0,    0,    0,  -21,   11,  -37,  -32,    0,    0,    0,    0,    0,    0,   -5,    0,    0,   -5,    0,    0,   21,   21,  -11,   21,   27,    0,   32,   27,    0,   27,    0,   21,   21,   11,    0,    0,    0,    0,    0,    0,    0,    0,  -75,    0,    0,    0,    0,    0,
       0,    0,    0,    0,    0,    0,    0,    0,    0,    0,    0,    0,    0,    0,    0,    0,    0,    0,    0,    0,    0,    0,    0,    0,    0,    0,    0,    0,    0,    0,    0,    0,    0,    0,    0,    0,    0,    0,    0,    0,    0,    0,    0,    0,    0,    0,    0,    0,    0,    0,    0,    0,    0,    0,    0,    0,    0,    0,    0,    0,    0,    0,    0,    0,    0,    0,    0,    0,    0,    0,    0,    0,    0,    0,    0,    0,    0,    0,    0,    0,    0,    0,    0,    0,    0,    0,    0,    0,   37,    0,
       0,    0,    0,    0,    0,    0,    0,    0,    0,    0,    0,    0,    0,    0,    0,    0,    0,    0,    0,    0,    0,    0,    0,    0,    0,    0,    0,    0,    0,    0,    0,    0,    0,    0,    0,    0,    0,    0,    0,    0,    0,    0,    0,    0,    0,    0,    0,    0,    0,    0,    0,    0,    0,    0,    0,    0,    0,    0,    0,    0,    0,    0,    0,    0,    0,    0,    0,    0,    0,    0,    0,    0,    0,    0,    0,    0,    0,    0,    0,    0,    0,    0,    0,    0,    0,    0,    0,    0,    0,   43,
     -16,    0,    0,    0,    0,    0,    0,    0,    0,    0,    0,    0,    0,    0,    0,    0,    0,    0,    0,    0,    0,    0,    0,    0,    0,    0,    0,    0,    0,    0,    0,    0,    0,    0,    0,   -8,    0,    0,    0,    0,    0,    0,    0,    0,    0,    0,    0,    0,    0,    0,    0,    0,    0,    0,    0,    0,    0,    0,    0,    0,    0,    0,    0,    0,    0,    0,    0,    0,    0,    0,    0,    0,    0,    0,    0,    0,    0,    0,    0,    0,    0,    0,    0,    0,    0,    0,    0,    0,    0,    0,
       0,    0,    0,    0,    0,    0,    0,    0,    0,    0,    0,    0,    0,    0,    0,    0,    0,    0,    0,    0,    0,    0,    0,    0,    0,    0,    0,    0,    0,    0,    0,    0,    0,    0,    0,   -8,    0,    0,    0,    0,    0,    0,    0,    0,    0,    0,    0,    0,    0,    0,    0,    0,    0,    0,    0,    0,    0,    0,    0,    0,    0,    0,    0,    0,    0,    0,    0,    0,    0,    0,    0,    0,    0,    0,    0,    0,    0,    0,    0,    0,    0,    0,    0,    0,    0,    0,    0,    0,    0,    0,
};

static const EpdLigaturePair notoserif_16_bolditalicLigaturePairs[] = {
    { 0x00660066, 0xFB00 }, // f f -> U+FB00
    { 0x00660069, 0xFB01 }, // f i -> U+FB01
    { 0x0066006C, 0xFB02 }, // f l -> U+FB02
    { 0xFB000069, 0xFB03 }, // U+FB00 i -> U+FB03
    { 0xFB00006C, 0xFB04 }, // U+FB00 l -> U+FB04
};

static const EpdFontData notoserif_16_bolditalic = {
    notoserif_16_bolditalicBitmaps,
    notoserif_16_bolditalicGlyphs,
    notoserif_16_bolditalicIntervals,
    20,
    45,
    36,
    -10,
    true,
    notoserif_16_bolditalicGroups,
    18,
    nullptr,
    notoserif_16_bolditalicKernLeftClasses,
    notoserif_16_bolditalicKernRightClasses,
    notoserif_16_bolditalicKernMatrix,
    551,
    557,
    103,
    90,
    notoserif_16_bolditalicLigaturePairs,
    5,
};
