/**
 * generated by fontconvert.py
 * name: notosans_18_italic
 * size: 18
 * mode: 2-bit  compressed: true
 * Command used: fontconvert.py notosans_18_italic 18 ../builtinFonts/source/NotoSans/NotoSans-Italic.ttf --2bit --compress --pnum
 */
#pragma once
#include "EpdFontData.h"

static const uint8_t notosans_18_italicBitmaps[53808] = {
    0xBD, 0x59, 0x3D, 0x93, 0xE5, 0x46, 0x15, 0xBD, 0x92, 0xD8, 0x11, 0xA0, 0xA2, 0x44, 0xE0, 0xA5,
    0x8A, 0x72, 0xA0, 0x9C, 0x44, 0x29, 0x01, 0x76, 0xCB, 0x45, 0x40, 0xBA, 0x81, 0x07, 0x07, 0x0E,
    0xF8, 0x01, 0x04, 0x93, 0x38, 0xF4, 0x8E, 0x04, 0x0E, 0x1C, 0xB2, 0x89, 0x63, 0x3B, 0x80, 0x2A,
    0xB3, 0x0E, 0x9C, 0x3A, 0x98, 0x1D, 0x89, 0x72, 0x40, 0x40, 0x60, 0xE1, 0x80, 0xC4, 0x81, 0x45,
    0x61, 0x02, 0xDB, 0x81, 0x55, 0x20, 0x97, 0xB5, 0x63, 0x7D, 0x70, 0xCE, 0x69, 0xBD, 0x8F, 0x99,
    0x1D, 0x1B, 0x17, 0x50, 0xCC, 0xCC, 0x6B, 0xBD, 0x79, 0x6A, 0x75, 0xDF, 0x8F, 0x73, 0xEF, 0x3D,
    0x7D, 0x9F, 0x25, 0xBD, 0xA5, 0xFA, 0xCB, 0x3A, 0xCB, 0x5A, 0xCB, 0x1B, 0x73, 0xF8, 0xAB, 0xCC,
    0x15, 0x56, 0x9A, 0xD5, 0x66, 0x97, 0x66, 0xB3, 0xD9, 0xC4, 0xBF, 0x60, 0xB4, 0x70, 0xB0, 0xA8,
    0xE7, 0x5F, 0x70, 0xCF, 0xFC, 0xCF, 0x49, 0x61, 0x79, 0x6B, 0xCE, 0xFF, 0x35, 0x76, 0xC7, 0x2C,
    0xAF, 0x66, 0xF7, 0xAB, 0xC9, 0x3D, 0x37, 0xB9, 0x70, 0x74, 0x61, 0x7F, 0x3F, 0xEA, 0x5F, 0x8E,
    0xBA, 0x8B, 0xA8, 0x7D, 0x27, 0x6E, 0x86, 0xB8, 0x32, 0x4B, 0xAA, 0x04, 0x63, 0x5A, 0xA5, 0x18,
    0xB3, 0x22, 0x2D, 0xF0, 0x04, 0x7E, 0xCD, 0x1C, 0x7E, 0xCD, 0x9E, 0xC1, 0xAF, 0xD9, 0x85, 0xBD,
    0x6C, 0xDC, 0xF2, 0xC2, 0xE2, 0x15, 0x3F, 0x73, 0xA2, 0xF1, 0xE4, 0xAD, 0xAB, 0xB7, 0xAE, 0xDE,
    0xB4, 0xA8, 0x8B, 0x3A, 0xB3, 0xA8, 0x8D, 0x5A, 0xB3, 0xB8, 0x89, 0x1B, 0x2C, 0xD6, 0xA4, 0xCD,
    0xB6, 0xE4, 0xDD, 0xB3, 0xD7, 0xCE, 0x5E, 0x2B, 0x6A, 0xCE, 0x6F, 0x39, 0xAC, 0x8D, 0xDD, 0xC7,
    0xEF, 0x61, 0x49, 0xA8, 0x62, 0x23, 0x7E, 0x2D, 0xE8, 0x83, 0xC1, 0x2C, 0xEC, 0xC3, 0xDE, 0xF6,
    0x4B, 0xC6, 0xAD, 0x94, 0xA2, 0x72, 0x01, 0x3E, 0x36, 0xDE, 0x33, 0xDE, 0x0A, 0xEA, 0xF5, 0x81,
    0xA5, 0xEB, 0x3A, 0x98, 0xFB, 0xEC, 0xD3, 0xDE, 0xD6, 0xA4, 0xBA, 0x67, 0x13, 0xB6, 0x0B, 0x46,
    0x28, 0x10, 0x8E, 0x19, 0x66, 0x8C, 0x54, 0x62, 0x7E, 0x16, 0x43, 0x3D, 0x53, 0x9D, 0x05, 0x43,
    0xBC, 0xE2, 0x59, 0x5B, 0xB9, 0xE7, 0xD5, 0x8A, 0x61, 0x28, 0xB9, 0x30, 0x8C, 0xAB, 0x21, 0xEC,
    0x30, 0x44, 0x5D, 0x69, 0xBF, 0x8D, 0xDE, 0x9F, 0xAD, 0xFE, 0x74, 0x1D, 0x0D, 0x82, 0xB7, 0xF6,
    0xF4, 0xFA, 0x18, 0x73, 0x69, 0x19, 0x3F, 0x64, 0x94, 0x29, 0xB7, 0x1B, 0x3F, 0x35, 0x96, 0x7E,
    0xD6, 0x22, 0x3C, 0x04, 0x9D, 0x92, 0xBF, 0x4F, 0x74, 0x4E, 0x56, 0xDD, 0xB7, 0xB8, 0xC3, 0xDC,
    0x67, 0x60, 0x13, 0xDC, 0x7D, 0x96, 0x36, 0xA5, 0xFE, 0x8F, 0x68, 0x80, 0xFB, 0x81, 0xE6, 0x5E,
    0xC0, 0x7F, 0x34, 0x04, 0x6D, 0x06, 0x4B, 0xE4, 0xCF, 0xDD, 0xB3, 0x31, 0x18, 0xCE, 0xB3, 0xC5,
    0xA6, 0xA8, 0x9F, 0xCA, 0xB5, 0x7A, 0x94, 0xBE, 0xDF, 0xCF, 0x59, 0x53, 0xAE, 0xAF, 0xBE, 0x3F,
    0x24, 0x4D, 0xBE, 0xA4, 0xAF, 0xF4, 0x71, 0x7B, 0xF2, 0x86, 0x8B, 0x65, 0x9F, 0x8B, 0xA4, 0x49,
    0x1A, 0x0B, 0x86, 0x94, 0x97, 0xA8, 0x83, 0xD5, 0x1B, 0x3A, 0x80, 0xC6, 0xCF, 0xE1, 0x83, 0xAC,
    0xC0, 0x76, 0x69, 0xE5, 0xB8, 0x76, 0x0A, 0x71, 0xB0, 0x59, 0xFA, 0x67, 0x08, 0xD8, 0xC2, 0x18,
    0x80, 0x59, 0x65, 0x21, 0x5C, 0xC2, 0x9F, 0xA7, 0x0E, 0xAA, 0xE4, 0xB4, 0x55, 0x40, 0xD5, 0x2D,
    0x5E, 0xCE, 0x20, 0x5D, 0xDA, 0x45, 0x03, 0xDD, 0x1A, 0x42, 0xE0, 0x4C, 0x63, 0x5E, 0x41, 0x3D,
    0x3C, 0x4E, 0xD9, 0xB3, 0x06, 0x68, 0xB5, 0xB4, 0xAD, 0x89, 0xA6, 0x2F, 0x68, 0xEC, 0x48, 0x76,
    0x8E, 0x69, 0x62, 0x2B, 0x39, 0x86, 0x6B, 0x59, 0xD9, 0x9B, 0xC9, 0x90, 0xB5, 0xE1, 0x98, 0xB7,
    0x49, 0x1F, 0xC1, 0xDE, 0xD1, 0x98, 0xC2, 0xD6, 0xC1, 0x9C, 0x37, 0x00, 0x75, 0x5D, 0x13, 0xD7,
    0x6E, 0x36, 0x6C, 0x9D, 0x0E, 0x44, 0x7A, 0x3E, 0x58, 0x59, 0x05, 0xF0, 0x95, 0x7B, 0x7C, 0x36,
    0xAF, 0x74, 0x76, 0x57, 0x56, 0xE1, 0xBA, 0x10, 0xDF, 0x77, 0xE8, 0x86, 0xBC, 0x72, 0x95, 0x2B,
    0x08, 0xD3, 0xFB, 0xC0, 0xD2, 0x85, 0xBD, 0x63, 0x03, 0x3F, 0xC5, 0xAD, 0x73, 0x48, 0x0F, 0x1F,
    0x53, 0xB6, 0xB4, 0xE5, 0x44, 0x13, 0x96, 0x97, 0xED, 0x63, 0x4C, 0x8B, 0x71, 0x2B, 0xE9, 0xFC,
    0xED, 0xAC, 0xD9, 0xA6, 0x14, 0x7E, 0x1A, 0x5F, 0xE5, 0xF6, 0x3A, 0xBF, 0xE5, 0x55, 0xDA, 0x61,
    0x1E, 0x77, 0xCB, 0x18, 0x3E, 0x58, 0x03, 0xE6, 0x17, 0x36, 0x81, 0x23, 0x6C, 0x34, 0x08, 0xD7,
    0x74, 0xB3, 0x09, 0xEF, 0xE7, 0x47, 0x4F, 0xE9, 0x55, 0xDC, 0xF2, 0x3A, 0xDA, 0xFD, 0xD2, 0x0B,
    0x4C, 0xAB, 0x50, 0x68, 0xDA, 0x9C, 0xFA, 0x24, 0x3B, 0x9D, 0x1A, 0x3F, 0xF5, 0xF2, 0x86, 0xAA,
    0x5E, 0xFB, 0x9D, 0x3B, 0xA9, 0x96, 0xA6, 0x71, 0xF8, 0x16, 0xE0, 0x87, 0x09, 0x88, 0x67, 0x37,
    0xFC, 0xC4, 0x80, 0xEA, 0x77, 0x10, 0x58, 0x67, 0x2B, 0x50, 0x10, 0x71, 0x48, 0xA6, 0x3B, 0x6F,
    0x98, 0x63, 0xBC, 0xCC, 0xC0, 0x36, 0x9C, 0x53, 0x61, 0x33, 0xE8, 0x15, 0x35, 0xC0, 0x8A, 0x15,
    0xB1, 0xE2, 0xAF, 0xD8, 0xA2, 0x51, 0x61, 0xFB, 0xB5, 0xC3, 0x8F, 0x1E, 0x2E, 0x0F, 0xDF, 0x28,
    0x11, 0xF0, 0x83, 0x86, 0x6F, 0xF0, 0x84, 0xB7, 0xD7, 0xA9, 0x2D, 0xE1, 0x14, 0x8D, 0x71, 0x9F,
    0x76, 0x69, 0x93, 0x17, 0xCF, 0xC2, 0xB5, 0xDF, 0x7D, 0xF8, 0x46, 0xBE, 0x0E, 0x6E, 0xED, 0xEF,
    0x9E, 0xDE, 0x3B, 0x29, 0xF2, 0xD6, 0xF1, 0xB7, 0xF9, 0x0E, 0x9F, 0xA0, 0xDE, 0xB2, 0x89, 0xB4,
    0x3F, 0xD2, 0x57, 0x08, 0xE6, 0xA2, 0xF4, 0xB6, 0xDC, 0xBD, 0xCD, 0x68, 0x36, 0xDB, 0xCB, 0xC0,
    0xDA, 0x36, 0x1A, 0xF7, 0x33, 0xE8, 0xBD, 0x6C, 0x3F, 0xA3, 0x36, 0x6F, 0x7F, 0x19, 0xDF, 0x6F,
    0x75, 0x34, 0xA3, 0xDA, 0x1C, 0xB5, 0xFD, 0x04, 0x35, 0x26, 0x21, 0x2F, 0xE2, 0xCE, 0xD5, 0x5A,
    0x59, 0x5D, 0xE5, 0x4D, 0xB0, 0x30, 0x70, 0x10, 0x6B, 0x3D, 0x56, 0xA7, 0x42, 0x18, 0x90, 0xD4,
    0xE3, 0x1E, 0x42, 0xC4, 0x3D, 0x16, 0x88, 0x99, 0x75, 0x92, 0xBE, 0x34, 0x3F, 0xA4, 0xDD, 0xE5,
    0x6E, 0x68, 0x17, 0x6E, 0x33, 0x53, 0x5E, 0x86, 0x45, 0xB5, 0x70, 0x2F, 0xDC, 0x58, 0x21, 0x54,
    0x30, 0xE3, 0x3D, 0x84, 0x76, 0x0D, 0xEB, 0xC4, 0xE3, 0xBA, 0xF5, 0xDB, 0x86, 0xCC, 0x3C, 0x76,
    0x57, 0xC2, 0x9C, 0xF3, 0x5F, 0xAC, 0x80, 0xC7, 0xD6, 0xD9, 0x92, 0x05, 0x41, 0xF4, 0xF9, 0x64,
    0xF9, 0xAF, 0x47, 0xFB, 0x1E, 0xED, 0xB1, 0x8B, 0x80, 0xE3, 0x28, 0x20, 0x82, 0x15, 0x09, 0x8D,
    0xD7, 0x6D, 0x87, 0xC7, 0x1D, 0x16, 0xE7, 0x03, 0x16, 0xF7, 0x78, 0x1C, 0x8E, 0x52, 0x06, 0x74,
    0xC6, 0x9E, 0x2B, 0xD3, 0xC1, 0xFA, 0xF6, 0xC4, 0x35, 0x43, 0xEC, 0x7E, 0x42, 0x91, 0x6D, 0x67,
    0xCB, 0xCD, 0x5E, 0x7E, 0x94, 0xFD, 0xB5, 0xAC, 0x85, 0xF2, 0x7E, 0xAC, 0xE5, 0x98, 0x4A, 0x30,
    0x85, 0xD6, 0x0D, 0x16, 0x7D, 0x3C, 0x6A, 0x7D, 0x7D, 0xCC, 0x0C, 0x63, 0xA1, 0x9E, 0x49, 0x35,
    0xDB, 0x29, 0x77, 0x69, 0x8B, 0x68, 0x3A, 0x3C, 0xEE, 0x58, 0x6E, 0xAC, 0x54, 0xB9, 0xA9, 0x35,
    0x6E, 0x3F, 0x67, 0x6B, 0xC1, 0x12, 0xD6, 0x23, 0xC5, 0x41, 0xC8, 0xAC, 0xC2, 0x5A, 0xDF, 0xF6,
    0x60, 0xF1, 0xF2, 0x5C, 0xEE, 0xB0, 0x73, 0x40, 0x06, 0x8C, 0x6C, 0x77, 0x6A, 0xC4, 0x01, 0xAB,
    0x80, 0x0A, 0xC8, 0xC9, 0x5B, 0xCB, 0x5E, 0x18, 0xE1, 0x49, 0xA8, 0xB8, 0x39, 0xB4, 0x12, 0xEF,
    0xC7, 0x90, 0xAE, 0x70, 0x1F, 0x9F, 0x2D, 0x94, 0x69, 0xA4, 0xA7, 0xF0, 0xD4, 0x1D, 0x5F, 0xAD,
    0x03, 0x29, 0x12, 0x79, 0x75, 0x24, 0xBD, 0xD3, 0x78, 0xC9, 0x31, 0x7C, 0x2C, 0x58, 0xFE, 0x83,
    0x6A, 0x66, 0xEF, 0x12, 0x7B, 0xEE, 0xA7, 0x1C, 0xE7, 0x98, 0x95, 0x71, 0xA4, 0xDB, 0x92, 0xCE,
    0x67, 0x02, 0xBA, 0xAE, 0xA4, 0xF3, 0xE0, 0x18, 0x44, 0x00, 0xDC, 0x82, 0x34, 0x80, 0x5B, 0x70,
    0x21, 0xA9, 0x83, 0xC9, 0x10, 0xAB, 0x0C, 0xE1, 0xC7, 0xBD, 0x82, 0xDB, 0x18, 0xC8, 0xC4, 0x42,
    0xF9, 0xE6, 0x54, 0x81, 0x1D, 0x69, 0x61, 0xA2, 0xB5, 0x26, 0x8A, 0x3D, 0x79, 0x8D, 0x84, 0x7D,
    0x66, 0x99, 0x7D, 0x5A, 0xD9, 0x12, 0xCE, 0x23, 0xAD, 0x76, 0xAA, 0xBA, 0xD1, 0x11, 0x09, 0x50,
    0xEB, 0xF7, 0x2F, 0xAC, 0x9C, 0x59, 0x36, 0x7B, 0x43, 0xB5, 0x4F, 0x0E, 0x87, 0x68, 0xAA, 0x8B,
    0x97, 0x0C, 0xA0, 0x29, 0x5F, 0xAB, 0x27, 0x8A, 0x0C, 0x06, 0x24, 0x49, 0xEF, 0x16, 0x7B, 0x94,
    0x9D, 0x10, 0xE3, 0x25, 0x86, 0x70, 0xBD, 0x1A, 0x2C, 0xA1, 0xE5, 0x72, 0xAE, 0x51, 0x16, 0x9B,
    0xDB, 0xC2, 0x1B, 0x21, 0xDF, 0x9D, 0x81, 0x26, 0xFC, 0x11, 0xC2, 0x67, 0x1F, 0x42, 0xF7, 0x1C,
    0x55, 0xBD, 0x70, 0x3D, 0xDC, 0x02, 0xDC, 0x64, 0x0D, 0xEC, 0x93, 0x36, 0x8E, 0xD0, 0x2F, 0xB7,
    0x21, 0xE3, 0xBF, 0xA8, 0x2B, 0x05, 0xD9, 0x4F, 0x05, 0x5C, 0xE5, 0x2D, 0x56, 0x4C, 0x1F, 0x9F,
    0x0D, 0x34, 0x06, 0x76, 0xAA, 0xB9, 0x09, 0xAB, 0x0F, 0xCA, 0xD1, 0xDA, 0x67, 0x1C, 0xF2, 0x55,
    0xA8, 0xBF, 0x2D, 0xBD, 0x04, 0x37, 0xD2, 0xCB, 0x61, 0xC6, 0x93, 0x29, 0xEA, 0x90, 0xC4, 0x0E,
    0x99, 0xE5, 0xBA, 0x46, 0x9A, 0x91, 0xB5, 0xB7, 0xE4, 0x1E, 0x89, 0x15, 0x13, 0xE6, 0xD9, 0x52,
    0x53, 0xBD, 0x84, 0x15, 0x14, 0x1B, 0x2F, 0x7C, 0x7C, 0xE6, 0x2E, 0x33, 0xDD, 0x7B, 0xC9, 0x85,
    0x4A, 0xE2, 0xD3, 0x35, 0x70, 0x4A, 0xFA, 0xE5, 0xB2, 0x95, 0xEA, 0x1C, 0xBA, 0x05, 0xEB, 0xEB,
    0xC0, 0xE7, 0x88, 0x88, 0xC0, 0x1E, 0xB5, 0x07, 0x4F, 0x49, 0x79, 0x2F, 0x39, 0x2C, 0xDB, 0x3B,
    0x57, 0xD5, 0x34, 0xB7, 0x6B, 0x02, 0x18, 0xE7, 0xF1, 0x2F, 0x26, 0x1A, 0xA2, 0xA7, 0xCF, 0x8B,
    0x3D, 0xAC, 0xC5, 0x1D, 0x48, 0x0E, 0xE8, 0xBD, 0x12, 0xC9, 0x10, 0x71, 0x9C, 0x37, 0x90, 0x26,
    0xED, 0x60, 0x86, 0xC4, 0xE7, 0xC1, 0xB4, 0xD9, 0x0D, 0xD9, 0x36, 0xA8, 0xD8, 0xA4, 0xBC, 0xEB,
    0x3A, 0xC8, 0xBF, 0xB6, 0xD1, 0xFA, 0xF6, 0x67, 0xD8, 0x66, 0x7D, 0xBD, 0xB1, 0x7C, 0xF4, 0x99,
    0xBD, 0xD8, 0xE9, 0x7D, 0xDD, 0xBA, 0x0C, 0x51, 0x2B, 0x5B, 0xBB, 0xFA, 0x25, 0xC4, 0x20, 0x54,
    0x81, 0x72, 0xD8, 0xC9, 0x93, 0xE2, 0x1F, 0x12, 0x58, 0x08, 0x42, 0x08, 0x4C, 0x83, 0x3E, 0x65,
    0x5F, 0xFF, 0x73, 0x83, 0x40, 0xB3, 0xCA, 0x04, 0x0F, 0x0C, 0x02, 0x21, 0xE1, 0x64, 0x3D, 0x6D,
    0x17, 0x14, 0xFF, 0x66, 0x89, 0xE7, 0x19, 0xD9, 0x48, 0x47, 0x30, 0x36, 0xF9, 0x7C, 0x4B, 0x86,
    0xE0, 0x14, 0x26, 0x17, 0x7E, 0xC2, 0xF7, 0x6D, 0x23, 0x08, 0xD9, 0x40, 0x5B, 0x91, 0x83, 0xCC,
    0xD7, 0xDE, 0x3C, 0xC0, 0x9B, 0x71, 0x97, 0x06, 0x4B, 0xA6, 0x93, 0xA7, 0x15, 0x49, 0xB5, 0xB0,
    0xC4, 0xDB, 0x56, 0xAA, 0x30, 0x89, 0x67, 0xE5, 0xC3, 0x6E, 0x3D, 0xFB, 0xFE, 0xDD, 0xD3, 0xD3,
    0xD3, 0x7B, 0x4C, 0x7F, 0xBD, 0x06, 0xFD, 0x7B, 0x9B, 0x8C, 0x87, 0x29, 0x1A, 0x34, 0xE7, 0xBE,
    0x79, 0x33, 0x1A, 0x03, 0x65, 0x93, 0x47, 0x02, 0x3D, 0xF9, 0x56, 0xD9, 0x97, 0xFB, 0xC6, 0xCC,
    0x67, 0x14, 0x8B, 0x02, 0xCA, 0xED, 0x22, 0x8F, 0x92, 0xF9, 0xFE, 0x4E, 0x57, 0xFF, 0x53, 0x2E,
    0xCC, 0x23, 0x6D, 0xBA, 0xD4, 0x43, 0x52, 0x31, 0xAB, 0x87, 0xD3, 0xA1, 0x9E, 0x88, 0xC4, 0x8C,
    0x1E, 0xE4, 0x0C, 0x69, 0xB8, 0x8C, 0x89, 0x91, 0x06, 0x62, 0x8E, 0x5F, 0x7C, 0x92, 0x8A, 0xFA,
    0x8D, 0xFE, 0x17, 0xD7, 0x1C, 0xA6, 0xA8, 0x70, 0xF8, 0xDC, 0xB5, 0x7E, 0xFA, 0x9D, 0xED, 0xD6,
    0xC3, 0x07, 0x1E, 0x8D, 0x82, 0xA7, 0x65, 0x5B, 0xA4, 0x42, 0x83, 0x64, 0xDA, 0x0A, 0xC6, 0xBA,
    0x0B, 0xBA, 0xC2, 0xA3, 0x0B, 0x18, 0x9C, 0x49, 0x42, 0x92, 0x16, 0xFB, 0xE5, 0xEB, 0x47, 0x71,
    0x17, 0xF5, 0x78, 0x7E, 0x88, 0xBA, 0xA4, 0x8D, 0xC7, 0x08, 0xC4, 0x95, 0x87, 0x1B, 0x5D, 0x91,
    0x26, 0x78, 0x97, 0x1C, 0x25, 0x69, 0xA3, 0x2E, 0x47, 0x0A, 0xC4, 0x9D, 0xCE, 0x21, 0xA7, 0xA6,
    0x4D, 0xDC, 0xF2, 0x9A, 0x55, 0x49, 0xC3, 0xAB, 0x2B, 0xC8, 0xC0, 0x91, 0xD5, 0x90, 0x3A, 0x71,
    0x0D, 0xD6, 0xE2, 0x1C, 0x88, 0xA8, 0x5F, 0x7C, 0xEF, 0x2F, 0x13, 0x3F, 0x59, 0x7F, 0x26, 0x2A,
    0x9E, 0x8C, 0xB8, 0xA1, 0x42, 0x6C, 0xBB, 0x94, 0xB1, 0x43, 0xB8, 0xAA, 0x5C, 0xE1, 0xB9, 0x97,
    0xFB, 0xDC, 0x5E, 0xA4, 0x79, 0x79, 0x08, 0xF3, 0x55, 0x71, 0x9D, 0x7D, 0xD4, 0x9D, 0x6E, 0x33,
    0xB7, 0x7A, 0x3A, 0x1D, 0x0A, 0x8B, 0x5C, 0x67, 0x4E, 0x49, 0xFA, 0x5C, 0xF9, 0x7A, 0x3A, 0xD7,
    0x44, 0xA7, 0xEC, 0xE2, 0x94, 0x5E, 0x9C, 0xF4, 0x77, 0xB6, 0xA5, 0x40, 0x48, 0xCB, 0x71, 0x61,
    0x4D, 0xD9, 0x2A, 0xCB, 0x7C, 0x7A, 0xD6, 0xE8, 0x08, 0xD8, 0x28, 0x01, 0x22, 0x30, 0x3F, 0x79,
    0xF8, 0x76, 0xC3, 0x69, 0x29, 0x73, 0x06, 0xC7, 0x99, 0x75, 0x89, 0x02, 0x24, 0x9D, 0xA7, 0x19,
    0xA9, 0x88, 0x06, 0x3D, 0x04, 0xBA, 0xD3, 0xC8, 0x87, 0xC9, 0x7A, 0xE5, 0x53, 0xE8, 0xE8, 0x9D,
    0xC2, 0xC4, 0x7B, 0x02, 0xF5, 0xB0, 0x85, 0xD3, 0x6A, 0x3C, 0xF7, 0xAA, 0x32, 0x28, 0x27, 0xEB,
    0x34, 0xD0, 0x10, 0x03, 0xC8, 0xF3, 0xB3, 0x68, 0xC1, 0x72, 0x7A, 0x36, 0xCA, 0xAF, 0x3C, 0xBF,
    0x30, 0xCF, 0x44, 0x8F, 0x4F, 0x41, 0x84, 0x18, 0x71, 0x3A, 0x12, 0x43, 0x00, 0xD8, 0x0F, 0x61,
    0xC8, 0x3A, 0x39, 0xCB, 0xC5, 0x33, 0x2D, 0x0B, 0x3D, 0xB0, 0x1E, 0x3C, 0x8F, 0xF5, 0x30, 0x13,
    0x1B, 0x96, 0xBD, 0x62, 0xA1, 0xE1, 0xB8, 0xA8, 0x54, 0x3E, 0x38, 0xC2, 0x96, 0x0A, 0x50, 0xC9,
    0xD4, 0x1F, 0x79, 0xAD, 0x17, 0x3B, 0xA9, 0x04, 0xB5, 0xAD, 0xFE, 0x7B, 0x8E, 0x12, 0x1D, 0x11,
    0x18, 0x25, 0x23, 0x0F, 0x2A, 0x9F, 0xEC, 0x37, 0x92, 0xA2, 0xA4, 0xED, 0x41, 0xB6, 0x8D, 0xE5,
    0xD1, 0xB8, 0x7D, 0x5E, 0x1D, 0xE6, 0xAB, 0xB0, 0x6D, 0xAB, 0xA1, 0xD2, 0x01, 0xF2, 0xD1, 0xFA,
    0x09, 0x78, 0x08, 0x2B, 0x78, 0xA3, 0xEC, 0xCA, 0x47, 0x4E, 0x0B, 0x21, 0xE1, 0x63, 0x33, 0x7F,
    0x1C, 0xA6, 0x3D, 0x17, 0x6F, 0xCF, 0x4A, 0xEA, 0x89, 0x06, 0x60, 0x15, 0xD8, 0x33, 0x61, 0xF2,
    0x27, 0x9E, 0x6A, 0xF3, 0xC5, 0xC1, 0x57, 0x07, 0x8E, 0x64, 0x74, 0x93, 0x62, 0x70, 0x12, 0xB3,
    0x1B, 0x23, 0x3F, 0xD2, 0x83, 0x83, 0x3F, 0x77, 0x10, 0x8F, 0x69, 0x4F, 0x7B, 0xE6, 0x6D, 0xAA,
    0x38, 0x23, 0x52, 0xD7, 0x82, 0xF6, 0x64, 0x82, 0x67, 0xC6, 0xCA, 0xAB, 0x13, 0x40, 0xD2, 0x29,
    0xDE, 0xC4, 0x77, 0x60, 0xBB, 0x2B, 0x2F, 0x21, 0xA4, 0x4A, 0x39, 0x64, 0x64, 0x06, 0x9E, 0x45,
    0xEC, 0x53, 0xBA, 0xDB, 0xB3, 0xC2, 0x7A, 0xCF, 0xBF, 0x04, 0xD8, 0xE5, 0xF4, 0xB4, 0x90, 0x97,
    0x43, 0x2E, 0x09, 0x1F, 0x9F, 0xFA, 0x52, 0x28, 0x7A, 0xA2, 0x00, 0x49, 0xF6, 0x5C, 0x4B, 0x71,
    0x93, 0xED, 0xA9, 0x86, 0x5F, 0x9D, 0x32, 0x38, 0xDA, 0xA5, 0x54, 0xE8, 0xFF, 0x87, 0x62, 0x4C,
    0x22, 0x6B, 0xD8, 0xDC, 0x8B, 0x41, 0xC4, 0x46, 0xCB, 0xC3, 0x87, 0xB7, 0x8B, 0xD1, 0xDE, 0x22,
    0xC6, 0xF5, 0xD5, 0x8F, 0xD0, 0x55, 0x08, 0x5D, 0xA3, 0x16, 0x1E, 0x88, 0xAE, 0xB0, 0xFF, 0x26,
    0xE8, 0xCA, 0x6E, 0x43, 0x97, 0x5B, 0x5B, 0xB6, 0x89, 0x56, 0xF2, 0x9A, 0x7A, 0x6D, 0x88, 0xAB,
    0xBC, 0xE2, 0xE8, 0x2A, 0x7F, 0xC0, 0x24, 0xBA, 0x4A, 0xCD, 0x2F, 0x85, 0xAE, 0x4B, 0xAD, 0x36,
    0x0B, 0x5D, 0x13, 0x29, 0x55, 0xAD, 0xCA, 0xC9, 0xFA, 0x99, 0xF8, 0x30, 0x10, 0xF5, 0x4A, 0xFC,
    0xB9, 0x52, 0x3E, 0x2F, 0xA4, 0x9A, 0x8F, 0x4D, 0x2A, 0x43, 0xF5, 0x6A, 0xDB, 0xF2, 0x84, 0x54,
    0x9C, 0xBD, 0x92, 0x93, 0x3E, 0x27, 0xA2, 0x2E, 0x3D, 0xB3, 0x9C, 0x3D, 0x8B, 0x81, 0x47, 0x5F,
    0x18, 0x14, 0xB9, 0xF0, 0x47, 0xE8, 0x2F, 0xB4, 0xE5, 0xDB, 0x9D, 0x6E, 0x63, 0x13, 0x1D, 0x65,
    0x1B, 0x99, 0x95, 0xAC, 0xA0, 0x93, 0x9E, 0xDB, 0x31, 0xFE, 0x2B, 0x65, 0xB8, 0xFC, 0x0A, 0x19,
    0xE0, 0x6C, 0x44, 0x3C, 0x5E, 0x27, 0xD4, 0x67, 0x3B, 0x4F, 0xDB, 0x8D, 0x33, 0x8C, 0x5E, 0x5F,
    0x73, 0x1C, 0xCA, 0x6F, 0x39, 0x0E, 0x6D, 0x4B, 0x9D, 0x28, 0x65, 0xF4, 0xB0, 0x9A, 0x9C, 0xE6,
    0x89, 0xF1, 0x9E, 0xA5, 0xEC, 0xA9, 0x8A, 0x87, 0xD1, 0xBC, 0x23, 0x2D, 0xCA, 0xCF, 0xFE, 0x50,
    0x79, 0x03, 0xCD, 0xFD, 0xB5, 0xE3, 0xC3, 0x11, 0xA4, 0xAB, 0x5D, 0x76, 0x38, 0xAC, 0x5E, 0x5F,
    0x5F, 0x7D, 0xBA, 0xB6, 0xBA, 0xAA, 0x86, 0x96, 0xE3, 0xC9, 0x49, 0x19, 0x83, 0x79, 0xD6, 0xEA,
    0xC3, 0x99, 0x0D, 0x7E, 0x85, 0x0C, 0xD8, 0x88, 0xC7, 0x48, 0x35, 0x1A, 0x31, 0xAE, 0xDC, 0x8B,
    0x80, 0x73, 0x05, 0x9F, 0x76, 0x02, 0x4A, 0xC9, 0x72, 0x6C, 0xB5, 0x0E, 0x5E, 0x4B, 0x32, 0xA8,
    0x45, 0x40, 0xF9, 0x26, 0x7E, 0x1C, 0x2C, 0xBE, 0xC1, 0xC3, 0xF2, 0x04, 0xCA, 0xC6, 0x0C, 0x3F,
    0x53, 0xFA, 0x88, 0x54, 0x0E, 0x6A, 0x79, 0xAB, 0x52, 0x9E, 0x94, 0x64, 0x7A, 0xAB, 0xB0, 0xDB,
    0x56, 0xCD, 0xE6, 0x40, 0xDF, 0xE2, 0xF4, 0x69, 0x1F, 0x0F, 0x97, 0x1E, 0xE8, 0x44, 0xDE, 0xAE,
    0x43, 0x93, 0xDD, 0xE2, 0x88, 0xDA, 0xFE, 0x3B, 0x9F, 0x22, 0xF2, 0x9C, 0x6F, 0x50, 0xA0, 0x26,
    0x8D, 0x9E, 0xD1, 0xA8, 0x5E, 0x3A, 0x70, 0x3D, 0x5E, 0x41, 0xA6, 0x73, 0x11, 0xB2, 0x5E, 0xB5,
    0x33, 0xFA, 0x12, 0x57, 0xD4, 0xCD, 0xF8, 0xD3, 0x4E, 0x9D, 0x92, 0xF4, 0xBD, 0xD6, 0xCE, 0x09,
    0xC4, 0xDF, 0x34, 0x76, 0x89, 0xAB, 0xC3, 0xEA, 0x33, 0xAE, 0x97, 0x58, 0x9D, 0x95, 0x75, 0x82,
    0x5A, 0x53, 0x6E, 0xE1, 0xE0, 0x8A, 0x60, 0xCC, 0x8B, 0x08, 0x15, 0x36, 0x1C, 0xB3, 0x22, 0x69,
    0x71, 0x7E, 0x1F, 0xB2, 0x2A, 0x03, 0xA1, 0x16, 0x8F, 0x80, 0x02, 0x24, 0xC3, 0xE7, 0xBC, 0x76,
    0x69, 0xC3, 0x44, 0x9C, 0xB4, 0xE9, 0x1F, 0xC6, 0x80, 0x4C, 0x22, 0x79, 0xB7, 0xA7, 0x9B, 0x9A,
    0xE4, 0x83, 0x16, 0x4A, 0x65, 0x4D, 0xFC, 0x21, 0xE8, 0x07, 0xE4, 0x8F, 0x57, 0xF6, 0x64, 0x1C,
    0xD2, 0x11, 0xFD, 0xEC, 0x48, 0x97, 0xC8, 0x9D, 0xE9, 0x79, 0x59, 0x90, 0x8D, 0xBE, 0xC6, 0x2B,
    0x1F, 0xCB, 0xC7, 0x62, 0xA2, 0xA3, 0xCC, 0x90, 0x7B, 0x3F, 0x38, 0xEF, 0x08, 0x77, 0xE9, 0x7D,
    0xE0, 0x64, 0xDD, 0x73, 0x9D, 0x7E, 0xEC, 0x91, 0xAF, 0xBE, 0x33, 0xA6, 0x41, 0xE3, 0x09, 0xCB,
    0x60, 0xD6, 0x84, 0x1D, 0x91, 0x2C, 0x58, 0x17, 0x90, 0x30, 0xC6, 0x90, 0x12, 0xF2, 0x3D, 0x04,
    0xC4, 0x76, 0x33, 0xDE, 0x62, 0x42, 0xC9, 0x0B, 0x24, 0x61, 0xA1, 0x6F, 0x2D, 0x7F, 0x55, 0x72,
    0x64, 0x7F, 0xEA, 0x78, 0x49, 0x3F, 0x68, 0x15, 0xD5, 0x9F, 0x35, 0xE2, 0x13, 0xAB, 0xAA, 0xBD,
    0x2E, 0xB4, 0xB2, 0x68, 0x32, 0x79, 0x4E, 0xB9, 0xEF, 0x18, 0x78, 0xA4, 0xAE, 0x1F, 0xF1, 0x73,
    0x02, 0xD8, 0x93, 0x0F, 0xA8, 0x81, 0x63, 0x1C, 0x8E, 0x30, 0xF0, 0xDA, 0xAA, 0xA2, 0x45, 0xF7,
    0xCF, 0x02, 0xFD, 0x22, 0xD4, 0xAF, 0x8A, 0xA2, 0x5A, 0xC1, 0x53, 0x2B, 0x51, 0xD6, 0x0A, 0x9F,
    0x55, 0xE3, 0xA2, 0x28, 0xD2, 0x18, 0xCC, 0x4C, 0x91, 0xE1, 0xC4, 0x31, 0x9A, 0xF8, 0x49, 0x3C,
    0x72, 0x4E, 0x2A, 0xB2, 0x92, 0x75, 0xC2, 0x3F, 0x3B, 0x2D, 0xE0, 0x66, 0x09, 0x7B, 0x29, 0x2C,
    0xC3, 0xAC, 0x6C, 0x6A, 0x0D, 0x83, 0xF6, 0x2A, 0xF8, 0xEE, 0xDA, 0x71, 0x19, 0xEE, 0x54, 0x86,
    0xD5, 0x2B, 0x7D, 0x7A, 0x96, 0x6D, 0x57, 0xDB, 0x5A, 0xF8, 0x4E, 0x7F, 0xA5, 0xFE, 0xAD, 0xF5,
    0x46, 0xAD, 0x1D, 0x42, 0x78, 0x25, 0x88, 0x43, 0xE5, 0xE2, 0x84, 0x6F, 0x7E, 0x5E, 0xAB, 0x33,
    0xB7, 0xD2, 0x4E, 0x5C, 0x2C, 0xBA, 0xFA, 0xDD, 0x9E, 0x16, 0xAA, 0xDE, 0x6C, 0x24, 0xC3, 0x8F,
    0x59, 0x73, 0x28, 0x09, 0xF9, 0x31, 0xD5, 0xB0, 0x27, 0xEA, 0xCE, 0xFF, 0xDB, 0x9E, 0xC3, 0x4D,
    0x7B, 0xAA, 0x73, 0x65, 0xDE, 0x9E, 0xB3, 0xEC, 0x39, 0xEC, 0x68, 0xCD, 0x66, 0xCF, 0x1F, 0xF8,
    0xEE, 0x84, 0xEF, 0x1D, 0xE9, 0x14, 0x74, 0x8D, 0x0F, 0x79, 0x6A, 0x1B, 0x3C, 0xFF, 0x84, 0xCD,
    0x27, 0xD9, 0x7C, 0x79, 0xD2, 0xE6, 0xC5, 0xC1, 0xE6, 0x4E, 0x36, 0xAF, 0x65, 0xF3, 0x85, 0x36,
    0x47, 0xBA, 0x23, 0xBF, 0x1D, 0x54, 0x8F, 0xC4, 0xF4, 0x74, 0x2E, 0x26, 0x61, 0x20, 0xD1, 0xA7,
    0xCD, 0x75, 0x34, 0x11, 0xAD, 0xF5, 0x14, 0x37, 0x15, 0x1D, 0xF5, 0x21, 0x92, 0x7B, 0xCA, 0xBA,
    0xE3, 0xAE, 0x99, 0x4F, 0x62, 0xDD, 0x2E, 0x89, 0xED, 0x1A, 0x4F, 0x0F, 0xB8, 0xE4, 0x4C, 0x51,
    0x27, 0x96, 0xF8, 0x77, 0xBC, 0x5A, 0xEB, 0x9E, 0x69, 0x1C, 0x06, 0xDF, 0x36, 0x6F, 0x7C, 0x1E,
    0xA2, 0x72, 0xFB, 0x93, 0x5E, 0xA9, 0xAC, 0xEE, 0xBB, 0xF3, 0x7B, 0xCB, 0xF8, 0xB2, 0xB0, 0xEF,
    0xA2, 0x78, 0xB7, 0xD8, 0x4B, 0x64, 0x65, 0xE5, 0x27, 0x47, 0xAD, 0x94, 0xC2, 0xD7, 0x73, 0xB2,
    0xB3, 0xA9, 0xDC, 0x0D, 0xE3, 0xCD, 0x9A, 0xF1, 0x3F, 0xAC, 0x48, 0xF3, 0x93, 0x15, 0xE9, 0xB0,
    0xBA, 0x80, 0x79, 0xAE, 0xE7, 0x96, 0xAD, 0xC1, 0xB8, 0x28, 0x8D, 0xAB, 0xC9, 0xE8, 0x53, 0xB9,
    0xEF, 0xD6, 0xFB, 0x94, 0xEE, 0x0F, 0x13, 0x07, 0x2A, 0x9A, 0x74, 0xBE, 0x15, 0x4E, 0xD9, 0x70,
    0x24, 0x53, 0x95, 0x48, 0x95, 0xDC, 0xC5, 0x0E, 0x2A, 0x5F, 0x2B, 0xD4, 0xC9, 0xB4, 0xE3, 0xC3,
    0x0C, 0xC7, 0x99, 0x82, 0x87, 0x3A, 0x04, 0xC4, 0x3A, 0xD5, 0xE7, 0xC8, 0x51, 0xEB, 0x5B, 0x6B,
    0xB3, 0xF9, 0x1E, 0x26, 0xFB, 0x68, 0xC3, 0x97, 0x9A, 0x5B, 0x79, 0xA5, 0x9E, 0x7F, 0xE1, 0xD3,
    0x92, 0x53, 0xE7, 0xCE, 0x89, 0x97, 0x61, 0x35, 0xAC, 0xB0, 0x31, 0xEC, 0x42, 0x5F, 0xD9, 0x09,
    0x07, 0x64, 0xDE, 0x32, 0x94, 0x50, 0x12, 0x28, 0xDD, 0xAA, 0x04, 0x36, 0xA2, 0xD1, 0x8D, 0xA4,
    0x6E, 0x29, 0x69, 0x4A, 0xD2, 0x66, 0x2C, 0x09, 0xD4, 0x89, 0x26, 0x8B, 0xFF, 0x4A, 0x73, 0xC5,
    0x7F, 0x53, 0x17, 0xEB, 0x0B, 0xDF, 0x88, 0x6B, 0x35, 0x36, 0x1A, 0x45, 0x09, 0x97, 0xC3, 0x39,
    0x6F, 0x96, 0x6F, 0x82, 0x69, 0x56, 0x8C, 0x44, 0xBC, 0x3A, 0x1E, 0x85, 0x66, 0x7D, 0x27, 0x95,
    0xF4, 0x4C, 0x2D, 0x48, 0xBE, 0xED, 0x6C, 0xE1, 0x97, 0x00, 0x02, 0x8B, 0xCE, 0x3F, 0x91, 0x9E,
    0xAB, 0x4B, 0xEC, 0xD1, 0xA9, 0xAD, 0x9C, 0xBE, 0xDB, 0xCB, 0x09, 0xD9, 0x2B, 0x3D, 0x1C, 0x70,
    0xC9, 0xD4, 0xAD, 0x6E, 0xD1, 0xB9, 0xE0, 0x8F, 0xB2, 0x14, 0xF5, 0x09, 0xAF, 0x13, 0xAA, 0x15,
    0x4A, 0x4B, 0x88, 0x13, 0x01, 0xA1, 0x1F, 0xE9, 0x6B, 0x1C, 0x2B, 0x93, 0x36, 0xE4, 0xD9, 0xB1,
    0x4C, 0x9B, 0xB0, 0x27, 0x11, 0xCB, 0xAB, 0xB0, 0x27, 0x83, 0x40, 0xB5, 0xFB, 0x1C, 0x3A, 0xA3,
    0x62, 0x86, 0x54, 0xC3, 0x5D, 0x58, 0xF0, 0x05, 0x0F, 0xE9, 0xA3, 0x6F, 0x22, 0x38, 0xE6, 0xD4,
    0x46, 0x07, 0x77, 0x9E, 0x7B, 0x29, 0xB4, 0x50, 0x4D, 0x28, 0xCF, 0xBB, 0x24, 0x47, 0x03, 0xF7,
    0x0A, 0x09, 0x00, 0x20, 0xF4, 0x05, 0x5E, 0x4C, 0x78, 0xEB, 0x47, 0xCE, 0xBB, 0x66, 0x98, 0xB0,
    0xE7, 0x04, 0x37, 0xD4, 0x1C, 0xDF, 0x4A, 0x7E, 0xCF, 0xA7, 0x8C, 0xB5, 0xF2, 0x49, 0xCF, 0x0E,
    0x64, 0x5A, 0x0D, 0x80, 0xFD, 0xB9, 0xD8, 0x7F, 0x39, 0xC8, 0x04, 0xE6, 0xAD, 0x2A, 0x44, 0xC7,
    0xBD, 0x20, 0x0E, 0x84, 0xF9, 0xD0, 0xD2, 0x76, 0xB5, 0x02, 0x82, 0x55, 0xAF, 0x17, 0x23, 0x97,
    0x4F, 0x3B, 0x09, 0x46, 0xB1, 0xA7, 0x3D, 0x27, 0xD1, 0x57, 0x50, 0xC4, 0xC8, 0xA8, 0x16, 0x3F,
    0x96, 0xCA, 0xE8, 0x6E, 0xC7, 0x6F, 0xE7, 0x6A, 0x2C, 0xAA, 0xA3, 0x29, 0x9E, 0x8E, 0x09, 0x63,
    0x99, 0x33, 0xE2, 0x37, 0x02, 0xE1, 0x40, 0xD6, 0xFC, 0x58, 0x9D, 0x09, 0xEA, 0xA0, 0x7E, 0x05,
    0x0F, 0x7D, 0xFE, 0x98, 0xF8, 0x95, 0x87, 0x93, 0x03, 0xA1, 0x1C, 0xAF, 0x35, 0x40, 0x95, 0xDF,
    0x07, 0xB5, 0x0A, 0x06, 0xDF, 0xB3, 0x3C, 0x34, 0xD3, 0xFD, 0x61, 0x73, 0x3D, 0x00, 0x29, 0x39,
    0x6A, 0xC0, 0x1F, 0x35, 0xD6, 0x9F, 0xEC, 0xCE, 0x1F, 0xDF, 0x9C, 0x8F, 0xCE, 0x26, 0xDF, 0xE0,
    0xA6, 0x44, 0x70, 0xEA, 0x5C, 0x94, 0xCA, 0xB6, 0xF0, 0xF9, 0xA8, 0xEF, 0x2E, 0xA2, 0x75, 0xD8,
    0x33, 0x36, 0xF6, 0xB8, 0x93, 0x8D, 0xB1, 0xA5, 0xCD, 0xED, 0x5F, 0xD1, 0x9D, 0x6F, 0x4D, 0xE7,
    0x23, 0xF2, 0xC7, 0x16, 0x51, 0xB8, 0x11, 0xBF, 0xDB, 0xC8, 0x9F, 0x96, 0xAA, 0x76, 0xE4, 0x8F,
    0x47, 0x54, 0xD3, 0xEB, 0x02, 0x0B, 0x3C, 0xC2, 0x82, 0xE7, 0xFA, 0xD2, 0x1B, 0x9C, 0xB7, 0xC8,
    0x0B, 0xD0, 0xB3, 0x8A, 0xAD, 0x1E, 0x10, 0xAF, 0x36, 0x69, 0xD9, 0xE8, 0xF1, 0xBF, 0xE1, 0x10,
    0x8C, 0xD8, 0x07, 0x47, 0xE6, 0x7F, 0x01, 0x9D, 0x57, 0xBF, 0x73, 0xDC, 0x54, 0x10, 0x5E, 0x49,
    0xE3, 0x5C, 0xA1, 0xE2, 0x51, 0x60, 0x1A, 0x0A, 0x51, 0x32, 0x34, 0xAA, 0x29, 0x38, 0x89, 0x9A,
    0xC6, 0x45, 0x9C, 0x86, 0x22, 0x0D, 0x55, 0x0A, 0xDC, 0x50, 0x72, 0x27, 0xFD, 0x09, 0xA9, 0x68,
    0x52, 0x40, 0x41, 0x83, 0xFF, 0x02, 0x66, 0xB0, 0x4F, 0xA2, 0xA2, 0x44, 0x0C, 0x13, 0x5A, 0x34,
    0x13, 0x3C, 0x14, 0x29, 0xA2, 0x61, 0xC4, 0x8C, 0x3C, 0x3C, 0xE9, 0xF1, 0x7D, 0xFB, 0xE4, 0xBB,
    0xB3, 0x63, 0x27, 0x81, 0x1B, 0xBF, 0xB5, 0x4F, 0x96, 0xF6, 0xC7, 0xB7, 0xBB, 0xDF, 0xAE, 0x24,
    0x74, 0xBD, 0x44, 0xAE, 0xD3, 0x23, 0x0B, 0x9C, 0xB8, 0x15, 0x31, 0x0D, 0x4E, 0xED, 0x4F, 0x52,
    0x8A, 0xA4, 0xB9, 0x48, 0xC6, 0x23, 0x22, 0x05, 0xCE, 0x1A, 0xE7, 0x1C, 0xC7, 0xFA, 0x13, 0xE0,
    0x84, 0x03, 0x4E, 0x2F, 0x12, 0x75, 0xFE, 0x2C, 0xDA, 0x57, 0xA8, 0xC2, 0x8F, 0x83, 0x26, 0x9C,
    0x6A, 0x82, 0x0A, 0xC1, 0x73, 0xAA, 0x44, 0x22, 0x7E, 0x5D, 0xE0, 0xBA, 0xC4, 0x3F, 0xE3, 0x66,
    0xF3, 0x09, 0x9E, 0x4A, 0x23, 0xA8, 0x59, 0x86, 0xD0, 0x79, 0x26, 0x30, 0x32, 0xE0, 0x17, 0xBE,
    0x2C, 0x69, 0x25, 0x95, 0x45, 0x23, 0xA6, 0x84, 0xEE, 0xB8, 0x4E, 0x72, 0x89, 0xDA, 0x8C, 0x4E,
    0xD0, 0x3B, 0xFB, 0xC1, 0xE9, 0xE9, 0x69, 0xE6, 0x9C, 0x2B, 0x9C, 0x9B, 0x1E, 0xC1, 0xF9, 0xA4,
    0x8E, 0x1B, 0x3C, 0xD1, 0xCB, 0x5B, 0x22, 0x87, 0xB4, 0xE4, 0xDA, 0xA5, 0x24, 0xCE, 0x9E, 0x4B,
    0x71, 0x71, 0x6E, 0x03, 0x27, 0x89, 0x8D, 0xAC, 0x98, 0x61, 0xD1, 0xCB, 0xA2, 0x37, 0x2D, 0xA0,
    0x48, 0x1A, 0x88, 0x14, 0xAA, 0xBB, 0xAC, 0x14, 0xD3, 0x22, 0x7E, 0xD3, 0x40, 0x24, 0x35, 0xDD,
    0xA7, 0x28, 0x4A, 0x08, 0x57, 0x66, 0x79, 0xE8, 0xF2, 0xAC, 0x8E, 0xA1, 0xE2, 0xEF, 0x2A, 0x13,
    0xE3, 0xEC, 0x52, 0x42, 0xD7, 0x7C, 0x24, 0xF2, 0x36, 0x63, 0xBB, 0x87, 0x38, 0x34, 0x7A, 0x3C,
    0x09, 0x91, 0x52, 0x64, 0xBC, 0x46, 0x40, 0x15, 0x51, 0x85, 0x54, 0x36, 0x72, 0x5F, 0x64, 0x8C,
    0x5D, 0x2E, 0xB6, 0x70, 0x8D, 0x8C, 0xE3, 0xC3, 0x2E, 0x70, 0x4D, 0xD4, 0x43, 0x79, 0x38, 0x00,
    0x97, 0x90, 0xFE, 0x85, 0x16, 0xFE, 0x85, 0x36, 0xEE, 0x28, 0x5A, 0x89, 0x06, 0xC0, 0x1B, 0xF5,
    0xD0, 0x1E, 0x75, 0x09, 0x3D, 0x85, 0x76, 0x78, 0x5A, 0xC3, 0x4A, 0xD6, 0xD0, 0x3F, 0xA8, 0x90,
    0xF5, 0xE6, 0x53, 0x2B, 0x67, 0x19, 0xF2, 0x3B, 0x18, 0x47, 0xC3, 0x47, 0x34, 0x77, 0x08, 0x19,
    0x3A, 0x20, 0x9D, 0x50, 0x54, 0x17, 0x9F, 0x4B, 0x40, 0xD8, 0x23, 0x66, 0x01, 0xEA, 0xE1, 0x72,
    0xFB, 0x2A, 0x97, 0xF7, 0x84, 0x5E, 0xD3, 0xFB, 0x1A, 0x3E, 0x36, 0x7E, 0x0A, 0x97, 0x1C, 0x22,
    0x90, 0x8A, 0xD6, 0x02, 0xB5, 0x36, 0xC3, 0xE0, 0x71, 0xF0, 0x5A, 0xBD, 0x5A, 0x49, 0xCB, 0xAD,
    0x12, 0xAF, 0x4F, 0xD1, 0x38, 0x04, 0x1C, 0x4C, 0x11, 0x8A, 0x2C, 0x75, 0x76, 0xA4, 0x83, 0xE7,
    0x96, 0x1E, 0x1A, 0x4B, 0x17, 0xE3, 0x81, 0x3E, 0x02, 0x0A, 0x4D, 0x94, 0x68, 0xA6, 0x44, 0x53,
    0x45, 0x3F, 0x01, 0x8C, 0x26, 0x4B, 0x34, 0x5B, 0x5A, 0x6D, 0x2A, 0x8B, 0x52, 0x34, 0x61, 0xA2,
    0x19, 0xC3, 0xC5, 0xB8, 0x12, 0x9F, 0x33, 0x9F, 0x34, 0x66, 0x6D, 0x25, 0x73, 0xDA, 0xE0, 0x43,
    0xCE, 0x2B, 0xC3, 0x8C, 0x50, 0xF1, 0xD4, 0xE5, 0xC1, 0x04, 0xF5, 0xD1, 0x00, 0x9F, 0x61, 0x2E,
    0xCB, 0x61, 0xA1, 0x80, 0x81, 0x70, 0x92, 0xF4, 0xB7, 0x6A, 0x40, 0x49, 0x23, 0xE8, 0xCC, 0x5D,
    0xC2, 0xDC, 0xFD, 0x5B, 0x10, 0x62, 0x9C, 0x70, 0xF4, 0x3D, 0x22, 0xC4, 0x76, 0x63, 0xBF, 0xED,
    0x23, 0x14, 0x9C, 0xF2, 0x36, 0x43, 0xE0, 0xA0, 0x85, 0xD8, 0x54, 0x39, 0xAF, 0x8C, 0x72, 0xD5,
    0x1C, 0xDA, 0x63, 0x80, 0xA5, 0xDF, 0xC9, 0xC2, 0xB1, 0xE5, 0x54, 0x57, 0xF0, 0xF0, 0x82, 0x8A,
    0xD8, 0x6F, 0x6F, 0x8E, 0x33, 0xCB, 0x8E, 0x1F, 0xED, 0x42, 0x6F, 0x4A, 0x9B, 0xFA, 0x36, 0x83,
    0x2C, 0x0A, 0x65, 0x88, 0x2B, 0xC9, 0xF6, 0xBE, 0x6E, 0xD0, 0x9B, 0x2A, 0x34, 0x5E, 0xA7, 0x96,
    0x54, 0x4D, 0xD6, 0x7A, 0x44, 0x0F, 0xF8, 0x8F, 0xC0, 0x0D, 0x06, 0x39, 0x72, 0x0E, 0x0D, 0x9B,
    0x5E, 0x9E, 0xC0, 0x8B, 0xA2, 0x8E, 0x70, 0xB3, 0x93, 0x90, 0x45, 0x2E, 0xC1, 0x88, 0xB2, 0xA6,
    0x7D, 0xA4, 0x17, 0x52, 0x4B, 0x9D, 0x79, 0xC6, 0x45, 0x2D, 0x76, 0x4A, 0xD8, 0x87, 0x41, 0xA3,
    0x32, 0x69, 0x29, 0x61, 0x02, 0xD7, 0x01, 0x9E, 0xE9, 0xA2, 0x17, 0xB5, 0x2C, 0xC6, 0x93, 0xDF,
    0x6B, 0x02, 0xC3, 0xB0, 0xAB, 0x9E, 0x61, 0x1F, 0xE4, 0x2F, 0x87, 0xAD, 0x01, 0x43, 0xBD, 0x7C,
    0x28, 0x71, 0x4F, 0x9F, 0x5D, 0xAB, 0x12, 0xB7, 0xDF, 0x73, 0x7F, 0xDC, 0xD6, 0xBD, 0xE5, 0x6B,
    0xBA, 0xB7, 0x64, 0xF7, 0x76, 0xEC, 0xDE, 0x9E, 0xDD, 0x3B, 0xA0, 0xD0, 0x22, 0x76, 0x2F, 0x04,
    0x2A, 0xB7, 0x47, 0x4C, 0x51, 0xCF, 0xD2, 0xED, 0x00, 0x5E, 0xDC, 0xC1, 0xE5, 0xB8, 0x65, 0x24,
    0x0D, 0xB4, 0x9B, 0x1A, 0xDA, 0xC1, 0x2E, 0x25, 0xBB, 0x17, 0xE5, 0x49, 0x76, 0xC9, 0xF2, 0x82,
    0x56, 0x36, 0xB4, 0x32, 0xAA, 0xD7, 0xF7, 0x7C, 0x4D, 0xD7, 0x74, 0xE5, 0x40, 0x76, 0x9F, 0x49,
    0xA3, 0xB1, 0x84, 0x0C, 0x59, 0x03, 0x4C, 0x11, 0xAD, 0x10, 0xBE, 0x58, 0xA1, 0x21, 0x52, 0xFA,
    0x50, 0xC6, 0xFA, 0xD7, 0x76, 0x50, 0x7D, 0x3E, 0xE7, 0x9F, 0xF9, 0x8C, 0x47, 0x33, 0x91, 0xCB,
    0x91, 0x5C, 0xFB, 0x28, 0x89, 0xCF, 0x44, 0x4E, 0x1C, 0x08, 0xC3, 0xFE, 0x3C, 0x28, 0x66, 0x44,
    0xC7, 0xEB, 0xF3, 0x20, 0x1A, 0x7C, 0xF1, 0x44, 0x77, 0x8D, 0x96, 0x3D, 0x55, 0x24, 0x21, 0xF6,
    0x39, 0x1E, 0xA9, 0x1E, 0xFF, 0x27, 0xE0, 0xD5, 0x2E, 0x6A, 0xC1, 0x02, 0x37, 0x58, 0xAE, 0x60,
    0x3E, 0x24, 0x08, 0x08, 0x3D, 0xEA, 0x53, 0x52, 0x23, 0xDA, 0x7C, 0xF1, 0x17, 0x7C, 0x8A, 0x9F,
    0xF7, 0xEC, 0xB0, 0x41, 0xFB, 0x1D, 0xA2, 0x1F, 0xA9, 0xBD, 0xA2, 0x76, 0x42, 0x92, 0xE3, 0x66,
    0xED, 0xEA, 0x8C, 0xEA, 0x0A, 0x16, 0xE0, 0x86, 0x31, 0x8C, 0x1A, 0x10, 0x1C, 0x9A, 0x31, 0xAC,
    0x6F, 0xC1, 0x50, 0xEF, 0x79, 0x3D, 0xF6, 0xF9, 0x2D, 0xD8, 0xDF, 0x97, 0x00, 0xB5, 0x63, 0x8D,
    0xCB, 0x53, 0x80, 0x80, 0xF2, 0xA9, 0x1D, 0xDA, 0xFF, 0xF2, 0xF2, 0xE4, 0xD7, 0xCB, 0xA2, 0x41,
    0x11, 0xC5, 0xCF, 0x6B, 0xD3, 0x86, 0x8E, 0x63, 0x31, 0x6E, 0xA3, 0x51, 0x16, 0x96, 0xBF, 0xAD,
    0xA7, 0x3F, 0x08, 0x98, 0x31, 0x0D, 0x05, 0x1B, 0xC1, 0x1B, 0x4C, 0x6A, 0x15, 0x30, 0xE9, 0x4D,
    0x67, 0xE5, 0x95, 0xFD, 0xD9, 0x09, 0x8D, 0x80, 0x6E, 0xE0, 0x8B, 0xFA, 0x82, 0x2F, 0x15, 0x1D,
    0x2A, 0xB4, 0x92, 0xAC, 0xF7, 0x0E, 0xF1, 0x68, 0x4D, 0x85, 0xDA, 0xC5, 0x8F, 0xF0, 0xDC, 0x02,
    0xB5, 0x9D, 0x61, 0x6A, 0x4A, 0x51, 0x3C, 0x19, 0x99, 0xAC, 0x49, 0xD0, 0x32, 0x13, 0x49, 0x75,
    0x62, 0x0A, 0xA7, 0x80, 0x75, 0xC8, 0x2E, 0xF6, 0xD3, 0x0A, 0xE8, 0x45, 0x1C, 0xA9, 0x10, 0xE4,
    0x6B, 0xAD, 0x7C, 0x33, 0x57, 0xBE, 0x69, 0x59, 0xF4, 0x4D, 0x4A, 0x0F, 0xFD, 0xC8, 0x2A, 0x75,
    0x8E, 0x70, 0x3A, 0x2B, 0xEF, 0xA6, 0x7E, 0x32, 0x55, 0x35, 0x94, 0x26, 0x6D, 0x44, 0xCE, 0x67,
    0x4E, 0x3B, 0xA5, 0x01, 0x3C, 0x8B, 0xEC, 0x96, 0x10, 0x08, 0x21, 0xEA, 0x20, 0x16, 0x5D, 0xC6,
    0xD1, 0x45, 0x36, 0xE7, 0x1E, 0x60, 0xD8, 0x44, 0x48, 0x6C, 0x4D, 0x92, 0x6E, 0xC1, 0x2D, 0x66,
    0x3A, 0x19, 0x48, 0x09, 0x28, 0xC2, 0x82, 0x7C, 0x17, 0xE4, 0x5B, 0x52, 0x32, 0x75, 0xC5, 0xCA,
    0xF8, 0xC9, 0x21, 0x5C, 0xF3, 0xF5, 0x53, 0x4E, 0xC5, 0x91, 0xD0, 0xA4, 0xBD, 0xA2, 0xD6, 0x6A,
    0xCE, 0x35, 0xF3, 0xE0, 0x36, 0x4A, 0xA5, 0xBA, 0x8D, 0x56, 0xE4, 0xA8, 0x25, 0x69, 0x29, 0x59,
    0x26, 0x95, 0xA2, 0x35, 0x89, 0x86, 0x2F, 0x4C, 0x17, 0x8D, 0x4A, 0x82, 0xC8, 0x9F, 0x23, 0x14,
    0x89, 0x9F, 0x91, 0x5E, 0x4C, 0xA3, 0x55, 0xD8, 0x1C, 0xDC, 0xE4, 0xEA, 0x3B, 0x58, 0xBA, 0xDA,
    0x23, 0xAD, 0xBD, 0xFD, 0x05, 0xB3, 0x71, 0xA5, 0xA3, 0x71, 0xB7, 0xBF, 0xC4, 0xFF, 0x63, 0x7F,
    0x89, 0xB8, 0xBF, 0x98, 0x8A, 0xB3, 0xB0, 0x60, 0x6B, 0x6C, 0x38, 0x09, 0x47, 0xDA, 0xB1, 0x57,
    0xA3, 0x40, 0x85, 0x52, 0x83, 0x4E, 0x03, 0x1D, 0x06, 0x3A, 0x05, 0x74, 0x57, 0xD0, 0x49, 0x80,
    0x2A, 0xB6, 0x89, 0x45, 0x01, 0x0F, 0x72, 0x39, 0x7D, 0x1B, 0x00, 0x67, 0x4E, 0x59, 0x6E, 0x74,
    0xA4, 0x15, 0x14, 0x81, 0xDE, 0xBB, 0xCF, 0x01, 0xDB, 0xFE, 0xBF, 0x41, 0x27, 0x9B, 0xED, 0xD8,
    0x3B, 0x66, 0x15, 0xF4, 0xE2, 0x9C, 0x8D, 0xA6, 0x07, 0x96, 0xA6, 0x17, 0x33, 0x97, 0x50, 0x1F,
    0xD0, 0xC5, 0x38, 0x81, 0x12, 0x98, 0xC4, 0x44, 0xC1, 0x03, 0xFC, 0xC2, 0x35, 0x84, 0xCB, 0x8B,
    0x9E, 0xE6, 0x31, 0x32, 0x35, 0x3D, 0x70, 0x25, 0x56, 0x41, 0x55, 0x25, 0xC7, 0xA2, 0x24, 0x2A,
    0x06, 0x27, 0x9D, 0x61, 0x86, 0x8F, 0xEF, 0x3A, 0x20, 0x81, 0xD4, 0xBC, 0x33, 0x1E, 0xEF, 0xF8,
    0x6B, 0x9F, 0xBB, 0xEE, 0xF0, 0x7D, 0x4B, 0x85, 0xFC, 0xFB, 0x02, 0x04, 0x0E, 0x17, 0x16, 0x74,
    0x63, 0xDE, 0x22, 0x94, 0x0E, 0x58, 0xFD, 0x20, 0x7F, 0x16, 0x6F, 0xCC, 0xD4, 0xDC, 0xE4, 0x7D,
    0x8A, 0x4C, 0xC9, 0x5F, 0x4B, 0x76, 0xE6, 0xFD, 0x82, 0x40, 0x54, 0x70, 0x0E, 0xF5, 0x3F, 0x12,
    0xC8, 0x51, 0xE2, 0x11, 0x5D, 0xB6, 0x04, 0xC9, 0x7D, 0x65, 0x2D, 0x06, 0x55, 0x8B, 0x99, 0xE8,
    0x3E, 0xEE, 0xF7, 0xF8, 0xDA, 0xB7, 0xC0, 0x9C, 0x6A, 0x3F, 0x47, 0xD8, 0xF3, 0x15, 0xFD, 0x1C,
    0x61, 0x00, 0x5D, 0x94, 0xD4, 0x3A, 0x3E, 0x95, 0x2E, 0x92, 0xD9, 0xB2, 0x69, 0x60, 0x2F, 0x66,
    0xCE, 0xE3, 0x5F, 0x48, 0x94, 0xCF, 0x88, 0xF4, 0x9F, 0x0C, 0xFD, 0x45, 0xC3, 0x5A, 0xAB, 0x29,
    0xF2, 0x79, 0x3F, 0x9F, 0x3F, 0xA3, 0xE8, 0x48, 0xF3, 0x84, 0xD4, 0x8D, 0x5C, 0xCD, 0x4C, 0x73,
    0x2E, 0xC9, 0x19, 0xEC, 0x9E, 0x4B, 0xF6, 0x25, 0x2C, 0x6F, 0x64, 0xB9, 0xD2, 0x30, 0xCE, 0x56,
    0xB8, 0x7D, 0x23, 0xC3, 0x0A, 0xD0, 0x6E, 0xC2, 0x6E, 0x05, 0x37, 0xD6, 0x51, 0x87, 0x1F, 0x59,
    0xC7, 0xCD, 0x12, 0x98, 0xAC, 0x4D, 0xBD, 0x04, 0x20, 0xEB, 0x24, 0x5F, 0xC2, 0xD3, 0x75, 0x26,
    0x4B, 0x44, 0xB2, 0x5E, 0xC9, 0x12, 0x7E, 0x2D, 0xCF, 0x64, 0x89, 0x45, 0x70, 0xD9, 0x33, 0x72,
    0xC9, 0xC0, 0x40, 0xBD, 0xEE, 0x14, 0xF8, 0x4B, 0x37, 0xBB, 0x66, 0xEB, 0x52, 0xA6, 0xE3, 0x0D,
    0x41, 0x39, 0x26, 0x8A, 0x8D, 0xB8, 0x20, 0x65, 0x70, 0x3B, 0x6E, 0x98, 0x52, 0x6D, 0x2C, 0xAB,
    0x31, 0x54, 0xBA, 0xDA, 0x64, 0xBA, 0xC8, 0x64, 0x7E, 0x6D, 0xA9, 0x75, 0x3B, 0x61, 0x29, 0x47,
    0xFF, 0xE8, 0x06, 0x4C, 0x14, 0x24, 0xFD, 0xD1, 0x6A, 0x03, 0x8E, 0xDA, 0x04, 0x85, 0x56, 0x9E,
    0x72, 0x8C, 0x52, 0x43, 0x3D, 0xB7, 0xEF, 0xBC, 0x03, 0x71, 0x55, 0xB9, 0x5A, 0x52, 0xB6, 0xF4,
    0x1F, 0x2B, 0x7F, 0xE8, 0xCA, 0xC8, 0x72, 0xE2, 0x66, 0xDB, 0xE9, 0xB4, 0xED, 0xFC, 0x80, 0x64,
    0x79, 0x85, 0x03, 0xCB, 0x35, 0x18, 0x58, 0x56, 0x81, 0xF7, 0x73, 0xD0, 0xD6, 0xB7, 0xDA, 0x08,
    0x56, 0x19, 0x78, 0xA3, 0x8B, 0x58, 0xD5, 0x6D, 0xBD, 0xE5, 0x4A, 0xBB, 0xE5, 0x88, 0x69, 0xB7,
    0xB7, 0xF9, 0x8D, 0x4D, 0x5B, 0xD3, 0x6F, 0xE5, 0x3F, 0x30, 0x79, 0x3A, 0x60, 0x71, 0x77, 0xBB,
    0xCB, 0xE1, 0xBC, 0xB3, 0x22, 0xBF, 0x87, 0xC7, 0xAA, 0x91, 0x44, 0x13, 0xF0, 0x36, 0xBA, 0xE6,
    0xDF, 0x01, 0xB2, 0xEB, 0xD7, 0xFB, 0x97, 0xAF, 0xD3, 0xE6, 0x62, 0x77, 0xFD, 0xE9, 0xF1, 0x11,
    0x16, 0x53, 0x4C, 0x0A, 0x15, 0xF8, 0xFF, 0xF7, 0x68, 0x97, 0xC1, 0x77, 0x29, 0xFC, 0xB8, 0xF3,
    0x6D, 0x71, 0x6F, 0x33, 0x00, 0xB4, 0x7C, 0x1D, 0xE1, 0xFA, 0x58, 0xE0, 0xF2, 0x49, 0xE7, 0xD7,
    0x34, 0xB9, 0x71, 0x6E, 0x36, 0xEA, 0x55, 0xB3, 0xEA, 0x77, 0x47, 0x1D, 0xBE, 0x43, 0xDF, 0x5F,
    0xBD, 0xC9, 0x07, 0xCF, 0x7C, 0x83, 0xE7, 0x27, 0x72, 0x49, 0xEE, 0xB1, 0x4D, 0xCA, 0x6B, 0x6F,
    0xAD, 0x7A, 0xF8, 0x7A, 0xB9, 0xBA, 0xFE, 0x02, 0xAC, 0x8C, 0x95, 0x61, 0x61, 0x8C, 0x7D, 0x98,
    0xC1, 0x74, 0xA4, 0x3E, 0x28, 0x61, 0xEC, 0x2D, 0x3B, 0x37, 0x55, 0x6D, 0x3C, 0xA8, 0x05, 0xC3,
    0x84, 0xDB, 0x6B, 0xFC, 0x2B, 0xF8, 0x8E, 0xC3, 0x00, 0xCB, 0xE7, 0x17, 0x40, 0xEF, 0x49, 0xBF,
    0xC2, 0x3B, 0x5A, 0x77, 0x04, 0x76, 0xD2, 0x44, 0xCB, 0xBF, 0xD5, 0x59, 0xBF, 0x8F, 0xDC, 0x68,
    0x19, 0x7E, 0x6D, 0x6F, 0x66, 0xC4, 0x59, 0xC8, 0x29, 0x12, 0x09, 0x72, 0x42, 0x6E, 0x28, 0xD0,
    0x81, 0xE2, 0x96, 0x22, 0x19, 0xFB, 0xA0, 0xA0, 0xDD, 0x82, 0x85, 0xE2, 0x8A, 0xBB, 0x82, 0x86,
    0x34, 0xF9, 0x07, 0x36, 0x6B, 0x53, 0x51, 0x92, 0xEE, 0xDA, 0x14, 0x57, 0xDC, 0xAD, 0x84, 0xD2,
    0x50, 0x04, 0x29, 0xBB, 0xB6, 0x74, 0x05, 0x05, 0xCD, 0xE8, 0xC4, 0x89, 0x82, 0x82, 0x91, 0x38,
    0x0A, 0x42, 0x71, 0x96, 0xCE, 0x80, 0x37, 0x78, 0xFC, 0xF1, 0x3C, 0xCF, 0x67, 0x67, 0x66, 0x2F,
    0x27, 0x4E, 0x87, 0x28, 0xB2, 0xB3, 0x33, 0xEF, 0x78, 0x3D, 0xF6, 0xF7, 0xBD, 0xCF, 0xFB, 0xE3,
    0x79, 0xDF, 0xEF, 0xB3, 0x05, 0x85, 0x25, 0xAD, 0xA5, 0xFE, 0xBD, 0xB1, 0x45, 0x61, 0xFE, 0x75,
    0xCD, 0xEC, 0xB6, 0xD9, 0xCA, 0xEC, 0xAE, 0xD9, 0xB1, 0xD9, 0x53, 0xB3, 0xC1, 0xAC, 0xB7, 0xA0,
    0xB7, 0xB0, 0xB3, 0xA8, 0xE5, 0x7B, 0xD9, 0x5A, 0xBC, 0xB1, 0x04, 0xEF, 0xB5, 0x65, 0x8D, 0xE5,
    0xFE, 0x5D, 0x4D, 0x03, 0xA4, 0xD3, 0x07, 0xA3, 0x84, 0xAE, 0xB7, 0xCC, 0x6D, 0xCD, 0x3D, 0x1B,
    0xA2, 0xD1, 0x0E, 0xE2, 0xCE, 0x78, 0x17, 0xEF, 0xB1, 0x1C, 0xF3, 0x95, 0xB8, 0xAA, 0xC6, 0x67,
    0xC4, 0x67, 0xBB, 0xF7, 0x19, 0xA7, 0xF3, 0x25, 0xAE, 0xC9, 0x37, 0xCB, 0x2A, 0x71, 0xAE, 0x8A,
    0x9C, 0x2B, 0xAC, 0x7C, 0x4F, 0x6A, 0x51, 0x2F, 0x2A, 0x66, 0x3F, 0xB6, 0xDD, 0xEB, 0x3E, 0x7E,
    0xC7, 0x84, 0x0E, 0x73, 0xC4, 0xE3, 0xE3, 0xD6, 0x08, 0xEA, 0x91, 0x4D, 0x6A, 0x95, 0xBA, 0xA4,
    0x96, 0x3C, 0x97, 0xDC, 0x4A, 0x0E, 0x14, 0x81, 0x64, 0xD8, 0x53, 0xFE, 0xF4, 0xE2, 0xA8, 0xE0,
    0x28, 0xAE, 0x31, 0xCC, 0xE8, 0x70, 0x73, 0xDC, 0xF2, 0x3C, 0xF0, 0xE2, 0x05, 0xBC, 0x94, 0x8D,
    0x60, 0x4A, 0x66, 0x1A, 0x3E, 0xDF, 0x0D, 0xB9, 0xEC, 0x74, 0x02, 0xF7, 0xF6, 0x92, 0x9D, 0x95,
    0x90, 0xAD, 0xD7, 0xF1, 0xFB, 0x66, 0xDF, 0xB3, 0x31, 0xEB, 0x6B, 0xFE, 0x34, 0x58, 0x72, 0x71,
    0xBF, 0xC5, 0x68, 0xB0, 0x68, 0x4A, 0x13, 0xE7, 0x04, 0xB5, 0x22, 0xBA, 0x15, 0x8F, 0x32, 0x9E,
    0x4B, 0xAB, 0xA0, 0x83, 0xCD, 0xA0, 0x44, 0xCA, 0x11, 0xCB, 0x7A, 0x1C, 0xED, 0x78, 0xF1, 0x70,
    0x65, 0xD7, 0xCD, 0x0E, 0x6C, 0xB9, 0xA6, 0x06, 0x70, 0x07, 0x00, 0x62, 0x14, 0x18, 0x2E, 0xEA,
    0x2C, 0x1C, 0x88, 0x05, 0x27, 0x81, 0x8B, 0x0A, 0x0F, 0xB2, 0xF7, 0x20, 0x1B, 0x9C, 0x49, 0xC9,
    0x95, 0xB0, 0xE6, 0xBC, 0xC3, 0x32, 0x61, 0x4A, 0xEF, 0x13, 0x47, 0xE2, 0x20, 0x5E, 0x7B, 0xEC,
    0x3E, 0x30, 0xCE, 0xB6, 0x95, 0xA4, 0x6D, 0x96, 0x02, 0x1F, 0xF3, 0xC2, 0x9B, 0x6F, 0x7F, 0x7C,
    0x68, 0x84, 0x04, 0x98, 0xB5, 0xC7, 0xE5, 0x4D, 0x90, 0x15, 0x3B, 0x43, 0x78, 0x79, 0x42, 0xF1,
    0x9D, 0x07, 0xFB, 0xAF, 0xBB, 0xB3, 0xB3, 0x6E, 0x5C, 0x3A, 0xFD, 0x00, 0x67, 0xEE, 0xC1, 0xB5,
    0x4B, 0x9A, 0x3D, 0xA3, 0xC8, 0x2B, 0xC4, 0xA3, 0x1C, 0x75, 0xF6, 0xC2, 0x65, 0x25, 0xE7, 0xC9,
    0x7A, 0xE9, 0x89, 0xC3, 0xBA, 0x6E, 0x81, 0x33, 0x1E, 0xA0, 0x5D, 0xB0, 0xB5, 0xB8, 0xC1, 0x45,
    0x70, 0xCC, 0x09, 0x21, 0x9F, 0xD1, 0x69, 0x83, 0x45, 0x5B, 0x58, 0x23, 0x70, 0x9F, 0xD2, 0x48,
    0x44, 0xB6, 0x60, 0x84, 0x58, 0xD9, 0xCC, 0x8E, 0x14, 0x20, 0x1C, 0x55, 0xF4, 0xE5, 0xF8, 0x13,
    0xFC, 0x2A, 0xD0, 0x99, 0xDB, 0x4C, 0x5A, 0x1E, 0xD8, 0xE1, 0x49, 0xD8, 0x9D, 0x47, 0xDD, 0x59,
    0xD4, 0x5E, 0xB7, 0x62, 0x17, 0x6B, 0xAF, 0xBB, 0x0B, 0x05, 0x0E, 0x3C, 0xAB, 0x81, 0x60, 0x6E,
    0x59, 0x74, 0x8A, 0xE9, 0xC1, 0x07, 0x49, 0xD8, 0xDA, 0xBD, 0x87, 0x4C, 0x97, 0x26, 0x72, 0xA3,
    0xC1, 0x8D, 0x45, 0x32, 0x6E, 0xE1, 0xDD, 0x14, 0xF0, 0x0E, 0x10, 0xC7, 0xB7, 0x75, 0x71, 0x8A,
    0x23, 0xDD, 0x60, 0x77, 0x2E, 0x7F, 0x17, 0x77, 0xAC, 0xFF, 0xDC, 0xB7, 0xFF, 0x7D, 0xBE, 0xFE,
    0xB6, 0x8C, 0x93, 0x72, 0xBC, 0x82, 0x19, 0x9B, 0x14, 0xD9, 0x5F, 0x7F, 0x8D, 0xF1, 0x97, 0x4D,
    0x0C, 0x1C, 0x3D, 0x23, 0xA2, 0xFE, 0x04, 0x4A, 0xE8, 0x72, 0x82, 0x55, 0x3E, 0xE1, 0x93, 0x7C,
    0x62, 0x0B, 0xC6, 0x41, 0xE8, 0x9E, 0x79, 0xAC, 0x99, 0x1B, 0x3D, 0xB0, 0x9B, 0x13, 0xC8, 0xC0,
    0x7D, 0x6B, 0xE9, 0x86, 0xF4, 0x17, 0xC3, 0xCA, 0xFA, 0x63, 0xEB, 0x9F, 0x58, 0xD7, 0x59, 0xDB,
    0x05, 0x6D, 0x17, 0x6D, 0xFA, 0x78, 0x7D, 0x56, 0xAE, 0xF3, 0xCF, 0x9A, 0xC5, 0x9B, 0x85, 0x05,
    0x0A, 0xF9, 0x26, 0x61, 0x3A, 0xE4, 0x04, 0xBF, 0x45, 0xD4, 0x45, 0x3D, 0xEC, 0x8F, 0x84, 0xC9,
    0xD6, 0x08, 0xBC, 0xB2, 0xA8, 0x19, 0x10, 0x23, 0xE3, 0xE4, 0x9C, 0x66, 0xC9, 0x99, 0x4C, 0x69,
    0x05, 0xED, 0x60, 0xA2, 0xA0, 0x63, 0x6C, 0x0D, 0x8C, 0xC4, 0x77, 0x82, 0x87, 0xF6, 0xC6, 0xE9,
    0xE9, 0xE9, 0x23, 0xE6, 0x4B, 0x27, 0x41, 0x45, 0xBE, 0x5C, 0x20, 0x64, 0x4F, 0x1F, 0x65, 0xAE,
    0xCB, 0x5D, 0x7B, 0xF3, 0xE8, 0xF0, 0xAB, 0x3B, 0xE9, 0xD6, 0x69, 0x21, 0x27, 0x65, 0xC8, 0x2F,
    0x3A, 0x89, 0x84, 0x45, 0x27, 0x65, 0x45, 0x29, 0x27, 0x65, 0x45, 0x2E, 0x27, 0x65, 0x45, 0x26,
    0xE7, 0xF0, 0x7F, 0xFF, 0x3D, 0xCA, 0x29, 0x19, 0x33, 0x59, 0xDF, 0x1B, 0xFF, 0xFD, 0x6E, 0x2B,
    0x27, 0x65, 0x3F, 0xE8, 0xE4, 0xA4, 0xAC, 0x18, 0xE4, 0xA4, 0xAC, 0x38, 0xF7, 0x4E, 0xC2, 0xFD,
    0x74, 0x52, 0x56, 0xA4, 0x0D, 0x9D, 0x94, 0x16, 0xF1, 0x47, 0xFF, 0x93, 0x93, 0x78, 0xCA, 0x39,
    0xB1, 0x0C, 0x2D, 0xF7, 0x81, 0x58, 0xCC, 0x55, 0x29, 0x4C, 0xF1, 0xE6, 0x00, 0x26, 0xE9, 0x99,
    0x2D, 0x29, 0x24, 0x8E, 0x57, 0x76, 0x06, 0x7C, 0x4B, 0x58, 0xE2, 0xC6, 0xCC, 0x9B, 0xC3, 0x97,
    0x89, 0x37, 0x4E, 0xC7, 0xCB, 0xDE, 0x18, 0xBE, 0xFC, 0xB6, 0xF7, 0x27, 0xCD, 0x3E, 0xEF, 0xC9,
    0xD7, 0x61, 0x7A, 0xA8, 0x69, 0x17, 0x60, 0x8B, 0x82, 0x04, 0x8A, 0x84, 0xB5, 0x04, 0x69, 0x9C,
    0x2A, 0x74, 0x75, 0x37, 0x79, 0x0C, 0x81, 0xC1, 0x6C, 0x0F, 0x3B, 0x4F, 0xB3, 0x39, 0x7C, 0xC1,
    0xCF, 0xCD, 0x23, 0x4F, 0xF5, 0xF5, 0x06, 0x61, 0x19, 0xAD, 0xCF, 0xC5, 0x31, 0x39, 0x8B, 0x41,
    0x30, 0x04, 0x6E, 0x0D, 0xD4, 0xBA, 0xBB, 0xF7, 0xEF, 0x2A, 0xEC, 0xC6, 0xFB, 0x2D, 0xD8, 0x7B,
    0x01, 0x52, 0x39, 0xB5, 0x00, 0xB4, 0xD8, 0xB3, 0xF0, 0x60, 0x6E, 0x50, 0xCD, 0xF5, 0x17, 0x11,
    0x82, 0x53, 0xB1, 0x8A, 0x18, 0x65, 0xC3, 0x03, 0x10, 0x01, 0x0E, 0x32, 0x31, 0x02, 0x9C, 0x80,
    0x83, 0x5C, 0xDE, 0x28, 0x35, 0x5B, 0xA9, 0xF7, 0xB9, 0xE4, 0x56, 0x65, 0x6A, 0x30, 0x45, 0xBC,
    0x38, 0x17, 0x84, 0x33, 0x70, 0x22, 0x04, 0x5A, 0x24, 0xD3, 0xE3, 0xDF, 0xBA, 0x03, 0xA9, 0xBD,
    0xF5, 0x19, 0xEA, 0xA5, 0x73, 0x1F, 0x22, 0x2C, 0xFE, 0x3C, 0x46, 0x9C, 0xEA, 0x70, 0x57, 0x45,
    0xAA, 0xBD, 0x2A, 0xB2, 0x47, 0xA1, 0xE5, 0x5E, 0xA9, 0x3A, 0x9F, 0x0A, 0xF3, 0xBD, 0xD3, 0xF7,
    0xC9, 0xB9, 0x03, 0x0B, 0xD3, 0x80, 0x9A, 0xF8, 0xF1, 0x31, 0xF8, 0xB9, 0xB9, 0x93, 0xBF, 0x10,
    0xE5, 0x7F, 0x15, 0xBB, 0xEB, 0x74, 0x5B, 0x42, 0x11, 0x51, 0xA0, 0x74, 0x42, 0x58, 0xF4, 0xFF,
    0x12, 0xD7, 0x40, 0xD5, 0x8E, 0x7F, 0x8C, 0xB5, 0xDF, 0x04, 0x6D, 0xD4, 0xC1, 0x03, 0x39, 0xFE,
    0xCE, 0xF3, 0x21, 0x5F, 0xDB, 0x2D, 0x16, 0xE2, 0x25, 0xE2, 0xF6, 0xDC, 0xEE, 0x3E, 0xB0, 0xEB,
    0x73, 0x83, 0x81, 0xDC, 0x43, 0x3A, 0x87, 0x6A, 0x30, 0x60, 0x24, 0x94, 0xB6, 0x65, 0xC3, 0x28,
    0xB9, 0x56, 0xF8, 0x2C, 0xAE, 0x96, 0x0E, 0xA9, 0xD2, 0xAF, 0xEC, 0xF8, 0xD8, 0x8E, 0x9F, 0xE8,
    0xDD, 0xD9, 0x13, 0x30, 0xD3, 0xD3, 0xB0, 0xCD, 0xDF, 0x6A, 0x52, 0x57, 0x04, 0xF0, 0x76, 0x01,
    0x46, 0x8A, 0x36, 0x09, 0xE9, 0x05, 0xF7, 0x06, 0x7D, 0x34, 0xD3, 0xCB, 0x09, 0xAB, 0x7C, 0x5E,
    0x90, 0xDF, 0x1B, 0x7A, 0xB3, 0x82, 0x70, 0xF8, 0x0B, 0x49, 0x57, 0xCB, 0x96, 0xCD, 0x4C, 0x93,
    0xD3, 0xDD, 0xB0, 0xF6, 0x03, 0x34, 0x3B, 0xD0, 0xFD, 0x1D, 0xD6, 0x8C, 0x4A, 0x95, 0x19, 0xDD,
    0x40, 0xCB, 0x20, 0x8B, 0xD7, 0xC9, 0xA7, 0x05, 0x9C, 0x96, 0xA4, 0x74, 0xD4, 0x41, 0x26, 0xDD,
    0x57, 0x0A, 0xD7, 0x95, 0xCA, 0xE4, 0x03, 0xF9, 0xF5, 0xA9, 0xBC, 0x38, 0x88, 0x9F, 0x7B, 0x0C,
    0x06, 0x2D, 0x71, 0xFF, 0x10, 0x74, 0x49, 0xB3, 0xEC, 0xC3, 0x16, 0x99, 0x8F, 0xFF, 0x4F, 0x6C,
    0xD5, 0x06, 0x87, 0x83, 0xFD, 0x13, 0x75, 0xAC, 0x8D, 0xFE, 0x42, 0xC8, 0xF1, 0x87, 0x50, 0xA3,
    0x4A, 0xA3, 0x35, 0xEE, 0x3F, 0x06, 0xFC, 0x33, 0xBB, 0x78, 0xFB, 0x0F, 0x41, 0x1F, 0xD2, 0xE9,
    0x98, 0xDF, 0xF5, 0x1C, 0x3C, 0x55, 0xAD, 0xCD, 0x54, 0x5F, 0x33, 0x4F, 0x08, 0xB3, 0x9E, 0x5E,
    0x51, 0xF3, 0x9A, 0x9A, 0x57, 0xD5, 0xBC, 0xAE, 0x52, 0x96, 0x3D, 0xD3, 0xCA, 0xB3, 0xE6, 0x8A,
    0x46, 0x9E, 0xF5, 0x65, 0xB7, 0x51, 0x48, 0x63, 0x15, 0xED, 0xDE, 0x86, 0x25, 0x82, 0x1B, 0x3A,
    0x96, 0xAE, 0x09, 0x3A, 0x10, 0x7E, 0xBA, 0x0E, 0xDB, 0xB4, 0xBA, 0x1E, 0x6D, 0xA2, 0x36, 0xA7,
    0x81, 0xA9, 0x37, 0x5D, 0x34, 0xE5, 0x29, 0x91, 0x63, 0x00, 0x0E, 0xE5, 0x53, 0x93, 0x0D, 0xC6,
    0x99, 0xF8, 0x8C, 0xA6, 0x44, 0x60, 0x47, 0x9E, 0xE1, 0xF6, 0xAE, 0x05, 0x1B, 0x9C, 0xA8, 0xC3,
    0x10, 0x82, 0xA3, 0xA3, 0x17, 0x59, 0x59, 0xE3, 0x82, 0xB0, 0x5D, 0xB2, 0xF3, 0x58, 0x6E, 0x94,
    0xEB, 0x62, 0x02, 0x9F, 0x19, 0x99, 0xEF, 0x08, 0x56, 0x1A, 0x17, 0x2E, 0xC5, 0xB8, 0xC8, 0x7F,
    0x11, 0x39, 0x40, 0x13, 0x04, 0x78, 0x60, 0x06, 0xA1, 0xAF, 0xA8, 0x0D, 0xC8, 0x0C, 0xF1, 0x7A,
    0xD9, 0x82, 0x17, 0xE0, 0xBA, 0x16, 0xDC, 0x80, 0x68, 0xDC, 0x80, 0x1F, 0x06, 0xFB, 0xF7, 0x7A,
    0xF1, 0x5E, 0xD8, 0x85, 0xFF, 0x6A, 0x38, 0x59, 0xFC, 0x3B, 0x92, 0x52, 0x93, 0xC6, 0x9A, 0xEF,
    0x2E, 0xE9, 0xE9, 0xCC, 0xBA, 0xA4, 0x60, 0x1C, 0xFD, 0xE3, 0xFE, 0x43, 0x4C, 0xB6, 0x24, 0x97,
    0xC1, 0x89, 0xEC, 0x7C, 0x32, 0xCF, 0x5C, 0x9C, 0xEC, 0xAE, 0x67, 0xBF, 0xE3, 0xA9, 0xB9, 0x61,
    0xBC, 0x16, 0xBE, 0x73, 0x4C, 0x60, 0xA0, 0xB4, 0xF5, 0x6D, 0xEF, 0x62, 0xAF, 0x83, 0xB8, 0x66,
    0x9E, 0xFA, 0x72, 0xDF, 0x28, 0x31, 0x38, 0xD9, 0x1D, 0xE7, 0xB8, 0x0C, 0x7D, 0x48, 0x44, 0x53,
    0xB5, 0x53, 0xA3, 0x3C, 0x35, 0xAE, 0xE7, 0xFB, 0x8D, 0x71, 0xB5, 0x68, 0xF2, 0xE7, 0xF5, 0x1A,
    0xD6, 0x03, 0xF7, 0x5D, 0xCC, 0x83, 0xBE, 0x56, 0x4D, 0xAC, 0x66, 0x9E, 0x4C, 0xE7, 0xA6, 0xD6,
    0x5B, 0x42, 0x34, 0xCB, 0xA6, 0xE6, 0x73, 0xAF, 0x50, 0xBF, 0x2E, 0x25, 0x13, 0xC9, 0x54, 0x9D,
    0x6C, 0xAE, 0xD6, 0xEB, 0x44, 0xC6, 0x1C, 0x4E, 0x74, 0x21, 0x75, 0x89, 0x3A, 0xCA, 0x98, 0x71,
    0xE0, 0xAB, 0x39, 0xD8, 0xCB, 0xD7, 0x54, 0xCA, 0x91, 0x5C, 0x06, 0x34, 0x90, 0xD1, 0xF6, 0xE8,
    0x7E, 0xC3, 0x9E, 0x0E, 0xFD, 0x5C, 0x22, 0x99, 0x3D, 0x3B, 0x7D, 0x2C, 0x5E, 0x05, 0xD3, 0xD6,
    0x6A, 0xBD, 0xB6, 0x6C, 0x06, 0xA8, 0x40, 0xBC, 0x41, 0xAF, 0xC6, 0x3C, 0x6C, 0x29, 0xD3, 0x35,
    0x25, 0x82, 0x59, 0x71, 0x03, 0xF3, 0xA8, 0xB6, 0x45, 0x52, 0xCE, 0xF7, 0xE3, 0xBE, 0xFB, 0xF6,
    0x5C, 0xE9, 0x31, 0x1E, 0x5E, 0x41, 0x5C, 0xF7, 0xA4, 0x28, 0xBB, 0x59, 0xAC, 0x36, 0xD4, 0x97,
    0xFE, 0x91, 0xCE, 0xCB, 0x99, 0x56, 0x80, 0xF5, 0x54, 0xB0, 0x6E, 0x5C, 0x39, 0x5C, 0x8B, 0x22,
    0x64, 0xA8, 0xE7, 0x5D, 0x4C, 0x64, 0xB5, 0x7B, 0x4C, 0x95, 0xBA, 0x92, 0xD1, 0x1B, 0x6E, 0x62,
    0xB9, 0xAB, 0xB0, 0x2F, 0x78, 0x79, 0x64, 0x13, 0xB4, 0x09, 0xDB, 0x04, 0x6E, 0x42, 0x37, 0xC1,
    0xF3, 0xF8, 0x26, 0x80, 0x13, 0xC2, 0x09, 0xE2, 0x84, 0x71, 0x02, 0x39, 0xA1, 0xF4, 0x30, 0x27,
    0x9C, 0x13, 0xD0, 0x09, 0xE9, 0x04, 0x75, 0xC2, 0x3A, 0x81, 0x9D, 0xD0, 0x7A, 0xB8, 0xE6, 0xF1,
    0x9A, 0x07, 0x6C, 0x1E, 0xB1, 0x79, 0xC8, 0xB6, 0xF3, 0xE5, 0x35, 0x35, 0x16, 0x6C, 0xF6, 0x30,
    0xCA, 0x9B, 0x92, 0x8A, 0xCC, 0x83, 0xBD, 0x86, 0xE3, 0x8A, 0x85, 0xE7, 0xCF, 0x65, 0x5D, 0x85,
    0x67, 0xF2, 0xEE, 0x46, 0x6B, 0x8E, 0x76, 0x27, 0x49, 0xAB, 0x16, 0xFF, 0x7D, 0xAD, 0xAE, 0x53,
    0xFE, 0xBC, 0x7E, 0x05, 0x31, 0xF2, 0xF6, 0xED, 0xBC, 0x64, 0x97, 0x8A, 0xE5, 0x7C, 0xB0, 0x9D,
    0xB6, 0x34, 0xA2, 0xC1, 0x77, 0x66, 0xB8, 0xAF, 0x9C, 0x1B, 0xC7, 0x7A, 0x6A, 0xC0, 0x9B, 0xA9,
    0x27, 0x2F, 0x0B, 0x1F, 0xA6, 0xD0, 0x72, 0x98, 0xA0, 0x07, 0x53, 0x34, 0x77, 0xE1, 0x56, 0xD5,
    0x2D, 0x69, 0xD9, 0xB8, 0xE9, 0xA6, 0xE9, 0x20, 0xAF, 0x96, 0x17, 0xFA, 0xC9, 0x1D, 0xBD, 0xD5,
    0xCE, 0x6B, 0x95, 0x8D, 0x37, 0xFA, 0x74, 0x10, 0x3F, 0x3F, 0x7D, 0xAC, 0x4D, 0x87, 0x74, 0x3D,
    0x73, 0x5E, 0xA5, 0xB2, 0xA0, 0x18, 0x55, 0xDF, 0x88, 0xD5, 0xAF, 0x0F, 0xF2, 0x68, 0x98, 0x0E,
    0x48, 0x91, 0x5A, 0xA2, 0xB3, 0x14, 0x68, 0x95, 0x4E, 0xBC, 0xBB, 0x6D, 0x08, 0xAD, 0x85, 0x47,
    0x0F, 0x75, 0xAD, 0xB9, 0x60, 0xC6, 0x91, 0x3D, 0x44, 0xAE, 0x49, 0x6B, 0x0D, 0x3B, 0xEE, 0x38,
    0xD7, 0x6F, 0x6A, 0x24, 0xED, 0x6E, 0x0F, 0xC4, 0xAB, 0x90, 0xCF, 0x1A, 0xED, 0xBA, 0xD7, 0xC2,
    0xA6, 0x8D, 0x9B, 0x59, 0x4E, 0xE7, 0xAB, 0xDD, 0xF5, 0xD9, 0x7A, 0x37, 0x5A, 0xBC, 0x65, 0xA9,
    0x8C, 0xDC, 0xB3, 0xBA, 0x91, 0xAA, 0xEC, 0x6F, 0xDC, 0xC8, 0x5B, 0x7E, 0xAB, 0xFB, 0xF6, 0xAA,
    0x58, 0xE0, 0x6D, 0x9E, 0xED, 0x49, 0xB9, 0x23, 0x97, 0x8A, 0x5E, 0x73, 0xBB, 0x55, 0xCD, 0x2A,
    0xAA, 0x00, 0x8A, 0x48, 0xBD, 0x47, 0xEE, 0xBE, 0x54, 0xFC, 0xD0, 0x93, 0x8F, 0xF4, 0xFF, 0xE8,
    0x77, 0x3B, 0x64, 0x5E, 0x59, 0x54, 0x2A, 0xE7, 0x2F, 0x26, 0xA8, 0x6D, 0x2A, 0xBD, 0x7E, 0x87,
    0x67, 0x3C, 0x3A, 0x2A, 0xE8, 0xA8, 0x8A, 0xDB, 0x44, 0x45, 0x44, 0x0F, 0x32, 0xC0, 0x7C, 0x3C,
    0x69, 0x56, 0x6D, 0x16, 0x49, 0x09, 0x35, 0x57, 0x7E, 0xE0, 0xDD, 0xE8, 0xD3, 0xD6, 0x90, 0x76,
    0x86, 0xBC, 0xDB, 0xB9, 0x6A, 0x8A, 0xFA, 0xB9, 0x76, 0xEB, 0x2A, 0x66, 0x45, 0xF0, 0x32, 0x55,
    0xBE, 0x32, 0x3A, 0x9F, 0x2A, 0x5C, 0xD9, 0x6F, 0xC9, 0x67, 0xBF, 0xE7, 0xCA, 0x95, 0xCD, 0x58,
    0x4F, 0xD2, 0x2B, 0x2E, 0x51, 0xC1, 0xAB, 0xA2, 0xB3, 0x98, 0x38, 0x67, 0x34, 0xE4, 0x5A, 0x0C,
    0xD0, 0xBC, 0x07, 0x2F, 0x13, 0xF3, 0x2B, 0xA2, 0x6E, 0xF8, 0xFE, 0xB4, 0x33, 0x79, 0x3E, 0xCD,
    0xCA, 0x76, 0x74, 0xD9, 0x5C, 0x0A, 0x88, 0x04, 0x44, 0x95, 0xE2, 0xB3, 0x70, 0x0F, 0x77, 0xBB,
    0xA8, 0x83, 0xBF, 0x8F, 0x49, 0x43, 0x05, 0xF4, 0xF1, 0x35, 0x4B, 0x1A, 0x50, 0x01, 0x2D, 0x23,
    0x1A, 0x3F, 0x3B, 0x27, 0xCF, 0xA7, 0x4E, 0xB4, 0xDC, 0xEB, 0x33, 0x31, 0xD4, 0x62, 0x24, 0x45,
    0xB4, 0xC8, 0x4B, 0x25, 0xD7, 0x1B, 0xD5, 0x9C, 0xD4, 0xE3, 0x1C, 0xAF, 0xDA, 0x42, 0xD3, 0xD2,
    0xE1, 0xB2, 0x21, 0xA9, 0x98, 0x34, 0xF3, 0xAA, 0xED, 0x99, 0x69, 0x98, 0x37, 0x5C, 0x95, 0xD4,
    0xDE, 0x42, 0x5F, 0xC9, 0x4C, 0x97, 0x9D, 0x70, 0x7E, 0xC9, 0x09, 0x0B, 0x4F, 0x6A, 0xAD, 0xCD,
    0x2A, 0xBF, 0xC6, 0xC9, 0x33, 0x8E, 0x5A, 0xF7, 0xE4, 0x64, 0x95, 0x83, 0x9C, 0x2A, 0xA3, 0xAB,
    0xBF, 0xE1, 0xB7, 0xAF, 0x5E, 0x35, 0x9D, 0xB5, 0x84, 0xC5, 0x6A, 0x0B, 0x23, 0xE3, 0xEE, 0xE5,
    0x86, 0xE6, 0x2D, 0x5E, 0x8E, 0xD3, 0x57, 0x44, 0xDD, 0xD8, 0xFD, 0xCD, 0x57, 0xD1, 0x4E, 0x8B,
    0xB9, 0x91, 0xA3, 0x2D, 0xB8, 0x14, 0xAB, 0xAC, 0x5C, 0xAB, 0x20, 0xB7, 0x1C, 0x0B, 0x8B, 0x9B,
    0x52, 0x31, 0x53, 0x4B, 0x8E, 0xEA, 0x0D, 0xB6, 0x92, 0x8C, 0xD5, 0xE1, 0xBB, 0xE3, 0x69, 0x15,
    0x0D, 0x25, 0x37, 0xFA, 0xFB, 0x9A, 0xF9, 0xD3, 0xAB, 0x68, 0x77, 0xD4, 0x39, 0x6E, 0xA9, 0x74,
    0xC2, 0x2D, 0x45, 0xD4, 0x0E, 0xAA, 0x9D, 0x37, 0xD4, 0xDB, 0x15, 0x50, 0x3C, 0x1A, 0xA9, 0x39,
    0x77, 0xB9, 0xAA, 0x05, 0x14, 0x62, 0x15, 0x2F, 0x7C, 0x2E, 0x41, 0xCB, 0xE7, 0x3E, 0x55, 0xBE,
    0x69, 0x5F, 0x53, 0x9F, 0xBD, 0xBE, 0xAD, 0xD2, 0x3A, 0xB2, 0xAF, 0x8E, 0x3E, 0x72, 0x0A, 0xE0,
    0x2A, 0x23, 0x8A, 0xE0, 0x0B, 0x1A, 0x34, 0x4E, 0x87, 0x25, 0x2E, 0xEB, 0x14, 0x77, 0x86, 0x7A,
    0x19, 0x2B, 0xF3, 0x8B, 0xD8, 0x7C, 0x2B, 0xAB, 0xE5, 0xE7, 0x32, 0x59, 0xEE, 0x37, 0x89, 0x4E,
    0xF0, 0xC1, 0xD1, 0x19, 0x7E, 0xE0, 0x06, 0x91, 0x76, 0xA3, 0x6D, 0xC0, 0x30, 0xB8, 0x6A, 0x00,
    0x84, 0x2D, 0xD7, 0x91, 0x9D, 0x71, 0x7B, 0x3E, 0xEC, 0xB9, 0x76, 0xC5, 0x71, 0xA8, 0x6D, 0x5A,
    0x6E, 0x54, 0xE3, 0x82, 0x92, 0x5F, 0x1B, 0x6D, 0xCC, 0x23, 0xB1, 0xB2, 0x5F, 0xF2, 0xE1, 0x00,
    0xA8, 0xD5, 0x6F, 0x4E, 0xFD, 0x49, 0x0D, 0x40, 0xFC, 0xA9, 0xB6, 0xA7, 0xB8, 0x5A, 0xE0, 0xAA,
    0x9A, 0x5F, 0xDA, 0x1C, 0x91, 0xBF, 0x5C, 0xF1, 0xE2, 0x91, 0xCA, 0xBC, 0x13, 0x37, 0xEE, 0xED,
    0x26, 0xF9, 0x5D, 0x26, 0xBF, 0xEF, 0x14, 0xF9, 0x72, 0x59, 0xBC, 0xC4, 0x7D, 0x9F, 0x98, 0x3A,
    0x85, 0xB9, 0x3D, 0x06, 0xEC, 0xBC, 0xE5, 0x9E, 0x39, 0xDA, 0x76, 0xC7, 0x76, 0x80, 0x1D, 0x55,
    0xB0, 0x55, 0xF2, 0x8F, 0x5A, 0x8A, 0x39, 0xD5, 0xAC, 0x5A, 0x31, 0x54, 0x2B, 0x88, 0x6A, 0x15,
    0x7B, 0x27, 0x39, 0xFA, 0xF6, 0x9B, 0x32, 0xD8, 0x92, 0x3B, 0xC2, 0x81, 0xD2, 0xB7, 0x54, 0xCB,
    0x9E, 0xD7, 0x24, 0xEA, 0xC6, 0xD2, 0x0D, 0xDB, 0x82, 0xB2, 0x49, 0xB8, 0xA0, 0x2F, 0xD0, 0x16,
    0xC4, 0x23, 0xDB, 0x02, 0x3A, 0xA9, 0xD6, 0x06, 0xEE, 0xEB, 0xBE, 0x4D, 0xBB, 0x39, 0x69, 0x7A,
    0xEB, 0xE1, 0xAE, 0xA1, 0xA8, 0x77, 0x4F, 0x71, 0xA6, 0xA6, 0xAE, 0x9A, 0xD7, 0xD8, 0x57, 0x13,
    0xDD, 0xE2, 0x91, 0x50, 0xF4, 0xBB, 0xF6, 0x66, 0x7B, 0x22, 0x70, 0xE4, 0x82, 0xA4, 0xE2, 0xFE,
    0xC4, 0x35, 0x6D, 0x31, 0x5C, 0x49, 0x74, 0x3F, 0xB3, 0x6F, 0x33, 0x0D, 0x8B, 0x27, 0xD4, 0xF9,
    0x39, 0xD3, 0xEB, 0x47, 0xA4, 0x92, 0xDB, 0xEA, 0x3B, 0x0F, 0xEC, 0xCA, 0x7A, 0xED, 0x30, 0xD0,
    0x23, 0x09, 0x7A, 0x27, 0xEA, 0x49, 0x53, 0x61, 0xAB, 0x64, 0x2B, 0x82, 0x2F, 0x5C, 0x00, 0x5E,
    0x9D, 0x5C, 0xB3, 0x3B, 0x5C, 0xF4, 0xF1, 0x39, 0x4E, 0x81, 0x49, 0x47, 0x10, 0x32, 0x74, 0x0A,
    0x07, 0xAD, 0x2E, 0xF8, 0x54, 0x2E, 0x1B, 0xE7, 0x68, 0xD5, 0x22, 0x2F, 0x77, 0x52, 0x03, 0xDC,
    0xDC, 0x43, 0xEB, 0x84, 0x8B, 0x30, 0xCC, 0x5D, 0x93, 0x0D, 0xB3, 0xE2, 0x1B, 0xE6, 0xC9, 0xF8,
    0xF2, 0xEB, 0xEB, 0xDE, 0x1E, 0x64, 0x28, 0xD4, 0x90, 0xDA, 0x5B, 0x84, 0xF5, 0x0D, 0xBC, 0xDE,
    0xE9, 0x99, 0x1D, 0x37, 0xD2, 0x9C, 0xB2, 0x81, 0x56, 0xA9, 0xB7, 0xAC, 0x22, 0xC1, 0x40, 0x5D,
    0xC0, 0xA3, 0x4E, 0x0F, 0xA3, 0xB1, 0x28, 0x23, 0x27, 0x57, 0x35, 0x2B, 0x42, 0x8D, 0xBF, 0xBC,
    0x02, 0x29, 0x38, 0x68, 0x0D, 0x5E, 0x1D, 0xF1, 0x85, 0x8B, 0xF8, 0x85, 0xD3, 0x5B, 0x50, 0x62,
    0xCD, 0x91, 0xCA, 0x40, 0xDB, 0xF6, 0xF9, 0x0F, 0x3B, 0x3E, 0x1D, 0xCA, 0x7F, 0xB5, 0x51, 0xBD,
    0x02, 0x9F, 0xA6, 0x1B, 0x3D, 0x34, 0x04, 0x0A, 0x60, 0x62, 0xA3, 0xEB, 0xCD, 0x84, 0x4A, 0x27,
    0x3B, 0xE5, 0xFE, 0xA9, 0x52, 0x1D, 0xCB, 0x52, 0x77, 0x76, 0xA6, 0xC2, 0xEB, 0x3F, 0xD5, 0x58,
    0x3D, 0x8F, 0xDD, 0x44, 0x14, 0x1D, 0x7B, 0x76, 0xB1, 0x14, 0x17, 0xB3, 0x05, 0x14, 0xA4, 0x31,
    0x05, 0x55, 0x8A, 0xF8, 0x0F, 0xC0, 0xDA, 0x81, 0x82, 0x36, 0x45, 0xBA, 0x14, 0x34, 0x14, 0x28,
    0x05, 0x69, 0x29, 0x60, 0xED, 0x9F, 0xB0, 0x05, 0xA2, 0xA1, 0x49, 0x41, 0x11, 0x2D, 0x45, 0x1A,
    0x8A, 0x48, 0xB0, 0xCF, 0x96, 0x28, 0x68, 0x2D, 0x50, 0x68, 0xB1, 0x04, 0x5B, 0x33, 0x80, 0x01,
    0xEF, 0xCA, 0x7E, 0xC3, 0x39, 0x77, 0xEC, 0xF7, 0x91, 0x0D, 0x91, 0x10, 0xE8, 0xAD, 0xF2, 0x12,
    0x5D, 0xBF, 0x7D, 0xB6, 0x67, 0xCE, 0xFD, 0x3A, 0xF7, 0xDE, 0x51, 0x2A, 0xFC, 0x5C, 0xE1, 0x13,
    0x0E, 0x94, 0xCA, 0xCB, 0x23, 0x91, 0xA9, 0x48, 0x53, 0x53, 0x06, 0xB9, 0xDA, 0xFA, 0x64, 0xF2,
    0x54, 0x01, 0xB9, 0x54, 0x0B, 0xC8, 0x11, 0x57, 0xBE, 0x3D, 0xE2, 0xD1, 0x21, 0xC0, 0x2A, 0x61,
    0x4F, 0xA9, 0xBB, 0xB0, 0xA7, 0xD4, 0x9D, 0x52, 0x91, 0xD5, 0x56, 0xA9, 0xD8, 0x46, 0x94, 0x6D,
    0x0C, 0x69, 0x1A, 0xD3, 0x72, 0x03, 0xD3, 0x28, 0x95, 0xD4, 0xDC, 0x28, 0xAD, 0x13, 0xC8, 0xAC,
    0x4C, 0x4B, 0xC8, 0x3C, 0xA3, 0xC4, 0x55, 0x61, 0x23, 0xCA, 0xA5, 0xC8, 0x11, 0xF7, 0x09, 0x37,
    0xAD, 0x55, 0xD4, 0xA9, 0xC4, 0xAA, 0xD4, 0x2A, 0xE3, 0xBE, 0x70, 0xB5, 0xD2, 0xCE, 0x11, 0x45,
    0xE1, 0x7E, 0x26, 0xE2, 0x3B, 0x13, 0xD4, 0x1B, 0x25, 0xA5, 0x5B, 0x2B, 0x49, 0x00, 0xB3, 0x5E,
    0x99, 0x3C, 0xF2, 0xB2, 0x7A, 0x51, 0xB5, 0xBB, 0x26, 0xCA, 0x65, 0xAD, 0xA8, 0x48, 0xBD, 0xF4,
    0x39, 0x75, 0x34, 0xCD, 0xC7, 0xA2, 0x46, 0x2A, 0xCA, 0xED, 0xBF, 0xA8, 0xDA, 0xE5, 0x44, 0x1E,
    0xB5, 0x69, 0xCE, 0x5D, 0xF9, 0x7E, 0xDC, 0x10, 0x7C, 0xA0, 0xF6, 0xD4, 0x33, 0x3E, 0x2F, 0x8E,
    0x5E, 0x37, 0xF2, 0x29, 0x22, 0x25, 0x20, 0x25, 0x1E, 0x25, 0x1C, 0x0F, 0x2F, 0x05, 0xE3, 0x11,
    0xB1, 0x43, 0x31, 0xDD, 0x63, 0x9B, 0xD8, 0x02, 0x43, 0xD2, 0x00, 0x4E, 0x56, 0xE2, 0xF9, 0x0A,
    0x60, 0x83, 0x11, 0xB8, 0x75, 0x0F, 0x23, 0x01, 0xBC, 0xB6, 0xB8, 0xA5, 0x2D, 0xA1, 0x74, 0x15,
    0x5E, 0x94, 0x50, 0x70, 0xDD, 0x1C, 0x1A, 0x15, 0xB7, 0x28, 0xB8, 0x35, 0x6D, 0x84, 0xD7, 0xC5,
    0x52, 0x62, 0xA8, 0x29, 0xF3, 0x69, 0x1E, 0x45, 0xEB, 0x60, 0x3F, 0x8A, 0x6E, 0x95, 0x2D, 0x71,
    0x23, 0x51, 0xA5, 0x68, 0x94, 0x59, 0xD0, 0x20, 0x2A, 0x73, 0x23, 0x05, 0x34, 0x2D, 0x1C, 0x76,
    0xA9, 0x54, 0xDC, 0x63, 0xD1, 0x90, 0x56, 0xC7, 0x6A, 0x58, 0x6F, 0xE4, 0xA2, 0x23, 0x16, 0x0D,
    0x06, 0xAC, 0x17, 0x52, 0xE8, 0x1E, 0x56, 0x37, 0x34, 0x7A, 0xD1, 0xC6, 0x17, 0x8F, 0x5C, 0x69,
    0x1C, 0x56, 0x81, 0x38, 0x9E, 0x16, 0x5E, 0xAF, 0x9E, 0xCF, 0x39, 0x5A, 0xCC, 0x16, 0xB9, 0x77,
    0x2C, 0x78, 0xC4, 0xAA, 0x7E, 0x63, 0xA8, 0x52, 0xA6, 0x80, 0x06, 0x5B, 0xD0, 0x77, 0x80, 0x1E,
    0xF3, 0x62, 0xE5, 0x82, 0x4D, 0xB8, 0x26, 0xBE, 0x16, 0x25, 0x35, 0x08, 0x97, 0x62, 0x6C, 0xD3,
    0xCB, 0x25, 0xF3, 0x1A, 0x09, 0x39, 0xA4, 0xA5, 0xB0, 0x43, 0x76, 0xCB, 0x5F, 0xBC, 0x55, 0x0A,
    0xE5, 0x72, 0xB1, 0x95, 0xA4, 0xD8, 0x42, 0xC9, 0x7B, 0xA3, 0xD2, 0x3E, 0xB2, 0xE8, 0x43, 0xAA,
    0x07, 0x98, 0xB4, 0x1A, 0x2E, 0x7A, 0xBA, 0x74, 0x82, 0x58, 0xDB, 0x92, 0x8F, 0x44, 0xF6, 0xFC,
    0xEE, 0x48, 0x0C, 0x8E, 0xCE, 0x30, 0x4D, 0xE1, 0x08, 0xA5, 0x96, 0x68, 0x10, 0x85, 0x27, 0x95,
    0x19, 0x65, 0x6A, 0xCD, 0x4A, 0x9E, 0xB3, 0x54, 0x35, 0xFA, 0x4B, 0xE7, 0x2F, 0xC7, 0xB3, 0x1D,
    0xD4, 0x6C, 0x1F, 0xB1, 0x94, 0xC4, 0x8F, 0x26, 0xC8, 0x40, 0x1E, 0x3C, 0x98, 0xED, 0xF5, 0x0A,
    0x7F, 0x77, 0xED, 0xA1, 0x4A, 0xDC, 0x70, 0xAA, 0x8A, 0xB3, 0xD3, 0x21, 0x70, 0x2A, 0x19, 0xF4,
    0x00, 0x5D, 0x10, 0xAB, 0x51, 0x07, 0x9B, 0x45, 0x36, 0x69, 0x20, 0x00, 0x22, 0x66, 0xF4, 0x18,
    0xE6, 0x9A, 0x69, 0x20, 0x92, 0x1A, 0x50, 0x32, 0x8A, 0xA2, 0x84, 0x70, 0x65, 0x96, 0x87, 0x2E,
    0xCF, 0xEA, 0x18, 0x4B, 0xFC, 0x51, 0x65, 0xF0, 0xD9, 0x70, 0xA8, 0x42, 0xD7, 0xBC, 0xB9, 0x0A,
    0xDB, 0x97, 0x1E, 0x50, 0xA9, 0x76, 0xD6, 0x65, 0x31, 0x07, 0x54, 0xD4, 0x48, 0xE2, 0x5E, 0x0D,
    0xAA, 0xF0, 0x21, 0x11, 0xD0, 0xAF, 0x89, 0x24, 0x23, 0x08, 0x25, 0xE8, 0x61, 0xB1, 0xA8, 0x85,
    0xC5, 0x00, 0x2A, 0xBF, 0x12, 0x54, 0xAF, 0xE2, 0x5F, 0xC0, 0xBF, 0xB5, 0x1B, 0x07, 0x15, 0x7D,
    0x87, 0xE0, 0x30, 0x39, 0x22, 0x72, 0x83, 0xAE, 0x77, 0x0B, 0xE8, 0x80, 0x86, 0x18, 0x68, 0x92,
    0x81, 0x54, 0xD8, 0xD3, 0x67, 0x07, 0xC1, 0x16, 0xC7, 0xEE, 0x16, 0x50, 0xC0, 0x60, 0x4F, 0x18,
    0xFF, 0x87, 0xF7, 0x21, 0x3E, 0x8C, 0x11, 0x52, 0x5F, 0x46, 0x10, 0x1F, 0xC5, 0x40, 0x9A, 0x91,
    0xC1, 0x8C, 0x64, 0x6B, 0x7E, 0x35, 0xF8, 0xB0, 0xDB, 0xFE, 0x6D, 0x44, 0x96, 0xAB, 0x3B, 0x66,
    0x69, 0xEA, 0x7E, 0xFD, 0xCB, 0x21, 0x69, 0xAB, 0xB3, 0x0B, 0x77, 0x56, 0x95, 0xD8, 0x39, 0x73,
    0xC8, 0x6C, 0x6C, 0x9E, 0xE0, 0x7F, 0x0D, 0x2A, 0x32, 0x1D, 0xFE, 0x06, 0x04, 0x63, 0x91, 0xBA,
    0x40, 0x01, 0x02, 0xE7, 0x13, 0x2A, 0x79, 0x52, 0x0D, 0x4C, 0x98, 0xD4, 0xB9, 0x96, 0x49, 0xED,
    0x59, 0x15, 0xD7, 0x4F, 0x3C, 0x1B, 0x54, 0x13, 0x0F, 0x3A, 0x7F, 0x0D, 0x9D, 0x27, 0xC7, 0x48,
    0xD8, 0x2F, 0xAB, 0x53, 0xBC, 0xF5, 0xBA, 0x4A, 0xCE, 0xC6, 0x6A, 0x79, 0x17, 0x41, 0xE4, 0xBA,
    0x0B, 0x32, 0x8D, 0x76, 0x65, 0x57, 0x80, 0x53, 0x09, 0x36, 0xB8, 0x2D, 0x78, 0x21, 0x43, 0x22,
    0x4C, 0x3C, 0xCC, 0x0F, 0x10, 0x7F, 0x34, 0x18, 0x6D, 0x18, 0x4B, 0x15, 0x6A, 0x57, 0xE4, 0x5E,
    0xCF, 0x29, 0xBC, 0xE6, 0xE0, 0x0D, 0x21, 0xBF, 0xC9, 0x73, 0x52, 0x18, 0xC6, 0xBB, 0x0D, 0x2B,
    0x1D, 0xBE, 0x57, 0xC2, 0x6D, 0xDC, 0xED, 0xE6, 0xEA, 0xE9, 0x74, 0xC5, 0x4D, 0x22, 0x58, 0x46,
    0x62, 0x3E, 0x16, 0x9D, 0x8B, 0x93, 0x1F, 0xAE, 0x6A, 0xD0, 0x62, 0xF5, 0x8A, 0x29, 0x67, 0xCE,
    0xD8, 0xF0, 0x6D, 0x4E, 0xF4, 0xFD, 0x84, 0xBE, 0x78, 0xE2, 0xF2, 0x00, 0xD5, 0xB7, 0x04, 0xE5,
    0xA6, 0x65, 0x44, 0x83, 0x62, 0xE1, 0x02, 0xE8, 0x41, 0xF1, 0xE9, 0x0F, 0x55, 0xCF, 0xE2, 0xD0,
    0x40, 0x60, 0x93, 0xEC, 0xCE, 0x33, 0xD0, 0x73, 0x07, 0xB8, 0xE0, 0x35, 0xA2, 0xB7, 0x44, 0x6F,
    0x27, 0xF4, 0xDE, 0x56, 0xBE, 0x6F, 0x64, 0xD1, 0x90, 0x22, 0x29, 0x05, 0x31, 0x16, 0xF3, 0xF0,
    0xED, 0x75, 0x03, 0xB2, 0x5B, 0x54, 0xD7, 0x48, 0xAF, 0x29, 0x5D, 0x55, 0xF4, 0xAC, 0x3D, 0xA7,
    0xEC, 0x8F, 0x32, 0x82, 0x82, 0xC5, 0xF6, 0xD6, 0x04, 0xBB, 0x5B, 0x54, 0x79, 0xC0, 0x5A, 0x97,
    0x94, 0x3E, 0xAB, 0x74, 0x4B, 0x13, 0xE5, 0xDB, 0x3D, 0xDA, 0x2E, 0x01, 0xA1, 0x06, 0xA1, 0x00,
    0xB3, 0x30, 0x9F, 0xCA, 0x4B, 0x26, 0x5F, 0x1B, 0x66, 0x29, 0xA1, 0x36, 0xF0, 0x2E, 0xEA, 0x12,
    0x9B, 0x11, 0xCB, 0x1E, 0x21, 0x96, 0x6E, 0x01, 0x18, 0x50, 0x15, 0x10, 0xFF, 0x28, 0xA9, 0xD8,
    0x82, 0x09, 0x28, 0x75, 0x7C, 0x31, 0xC5, 0xE7, 0xBD, 0x5C, 0x8A, 0x32, 0xF3, 0x85, 0xE9, 0x02,
    0x85, 0xA5, 0x65, 0x3B, 0xD8, 0xD0, 0x73, 0x39, 0xC5, 0xF2, 0xE0, 0x3B, 0x03, 0xDF, 0x6A, 0x4A,
    0x37, 0x22, 0x9D, 0x54, 0x6C, 0x7D, 0x14, 0x31, 0x07, 0x58, 0xB2, 0x99, 0x6B, 0xD2, 0x58, 0x96,
    0x5E, 0xB3, 0x6C, 0x6A, 0x75, 0x16, 0x73, 0x4A, 0x5C, 0x2F, 0x55, 0x01, 0x92, 0xB0, 0xFA, 0xCF,
    0x3E, 0xA9, 0xBF, 0x3E, 0x52, 0xD9, 0xC1, 0xAA, 0x3E, 0xFC, 0x07, 0x55, 0xD8, 0x41, 0xA3, 0xFB,
    0x61, 0x2F, 0x82, 0xEB, 0xD1, 0xE5, 0x8E, 0xFA, 0xFF, 0x56, 0x03, 0xEB, 0xEF, 0x71, 0xA2, 0xC4,
    0x58, 0x92, 0x7D, 0x8F, 0xC5, 0x0D, 0x1D, 0xA6, 0x49, 0x67, 0x09, 0x7B, 0x28, 0x57, 0xA1, 0x67,
    0x65, 0x45, 0x56, 0xA5, 0xE4, 0x98, 0xB6, 0x5E, 0x04, 0x27, 0x6F, 0xA1, 0x9D, 0x76, 0xBF, 0x75,
    0x70, 0xEE, 0xB2, 0x47, 0x6C, 0x14, 0x64, 0xF1, 0x84, 0x2C, 0x1E, 0x77, 0xD2, 0x6C, 0x67, 0x0C,
    0x3A, 0x6C, 0x19, 0xD9, 0x82, 0xB0, 0x0A, 0xE9, 0xAF, 0x08, 0xAA, 0x20, 0x22, 0xDC, 0x40, 0x9B,
    0x5E, 0x23, 0xD4, 0x92, 0xF3, 0xFB, 0xE8, 0x92, 0x49, 0xAF, 0x81, 0xB4, 0x8E, 0xFB, 0x42, 0x2B,
    0x2F, 0xE5, 0x21, 0xD1, 0x76, 0x2C, 0x2C, 0x95, 0x7B, 0x84, 0x5F, 0xBA, 0x02, 0x77, 0xC3, 0x36,
    0xEE, 0x37, 0x99, 0x67, 0xF6, 0x7D, 0x16, 0x11, 0x76, 0x86, 0xDA, 0x02, 0xF5, 0x8A, 0xCF, 0xA0,
    0x59, 0xC5, 0x6E, 0x57, 0x61, 0x55, 0xCA, 0x52, 0x24, 0x8D, 0x17, 0x88, 0x6F, 0x42, 0xF1, 0x0D,
    0xA2, 0x05, 0x5F, 0x10, 0xE8, 0x6C, 0xD3, 0x3B, 0x91, 0x96, 0x5F, 0x62, 0xF1, 0x16, 0x35, 0xB1,
    0xE2, 0xAD, 0x96, 0x56, 0xC4, 0x97, 0x54, 0xDC, 0x06, 0x72, 0x4D, 0x6B, 0xF1, 0x1C, 0xC9, 0xF3,
    0xE1, 0xAA, 0x57, 0x2F, 0xD4, 0xE5, 0x8E, 0x6F, 0xBB, 0xFC, 0x49, 0x96, 0xA5, 0x9E, 0xE0, 0x2B,
    0x51, 0x9D, 0x03, 0x42, 0x6C, 0x65, 0x40, 0xC0, 0xFA, 0xBA, 0xE3, 0x94, 0xD0, 0x61, 0x0D, 0xDD,
    0xB1, 0x55, 0xF5, 0xD6, 0xCB, 0x68, 0x3D, 0xE6, 0x0A, 0xD9, 0x04, 0xA1, 0x91, 0xD3, 0x7A, 0x35,
    0x53, 0xB2, 0x85, 0xD9, 0xCD, 0x12, 0xD6, 0xD3, 0xB4, 0x9E, 0xA2, 0x7D, 0xE6, 0xE3, 0x80, 0xEB,
    0xC7, 0x73, 0x19, 0xA8, 0xE6, 0xE9, 0x41, 0x3C, 0x27, 0xEC, 0xBD, 0xAF, 0xAE, 0x06, 0x95, 0x74,
    0xA0, 0x86, 0x4D, 0x70, 0x46, 0x40, 0xE3, 0x11, 0x41, 0xA1, 0xE3, 0x33, 0x65, 0x5C, 0x93, 0x22,
    0xF3, 0x2B, 0x41, 0xF5, 0x1E, 0x0A, 0x34, 0xE2, 0xFD, 0x31, 0x2A, 0xDF, 0x05, 0xFC, 0xFD, 0x0E,
    0x6E, 0xDF, 0xC4, 0xDC, 0xB2, 0x99, 0x77, 0xBB, 0x05, 0x74, 0x1B, 0x94, 0x18, 0x76, 0xA6, 0x9E,
    0x96, 0xB4, 0xF4, 0x59, 0x7E, 0xB9, 0xD9, 0xDB, 0x1D, 0xA0, 0xC7, 0xDC, 0x6D, 0x9C, 0x45, 0x30,
    0x7A, 0xAB, 0x6D, 0x7C, 0x6E, 0x9C, 0x9C, 0x9C, 0x3C, 0xC0, 0x94, 0xE9, 0x3A, 0x11, 0x97, 0xE6,
    0xFF, 0x61, 0x7B, 0x81, 0x61, 0x6B, 0x0C, 0x82, 0x32, 0x8F, 0xA1, 0x0C, 0x46, 0xE2, 0x54, 0xE6,
    0xD4, 0xB3, 0xAA, 0x81, 0x32, 0x29, 0x95, 0xA9, 0xA0, 0x0C, 0x18, 0xD6, 0x34, 0xFA, 0x77, 0x28,
    0x63, 0xBE, 0x81, 0x32, 0xE9, 0xDB, 0xD0, 0x63, 0x01, 0x65, 0x30, 0xB4, 0xDA, 0x4C, 0x5B, 0xD4,
    0x58, 0x53, 0xC7, 0x4D, 0x96, 0xE6, 0x50, 0x66, 0x49, 0x65, 0x06, 0x2A, 0x63, 0x39, 0x72, 0x9E,
    0xBF, 0x2B, 0xD5, 0xAA, 0x55, 0x0B, 0x2A, 0xF3, 0xC6, 0xFA, 0xA4, 0x2C, 0x78, 0x3A, 0x6B, 0xF3,
    0x7F, 0xC8, 0x5A, 0x3F, 0x6A, 0xEB, 0x1E, 0x74, 0xA0, 0x3B, 0x0A, 0x1B, 0xB3, 0x4B, 0x85, 0x75,
    0xE3, 0xD6, 0x90, 0x13, 0x48, 0x0C, 0x75, 0x4A, 0x01, 0x42, 0x48, 0x26, 0x73, 0x92, 0x69, 0x0B,
    0x2E, 0xBD, 0x60, 0xFA, 0x09, 0xE7, 0xC8, 0x60, 0x3A, 0xAA, 0x78, 0x04, 0x0B, 0x1D, 0x0E, 0xAA,
    0xFA, 0x74, 0x40, 0x57, 0xE9, 0xDA, 0x1E, 0x74, 0x7B, 0x0B, 0xF6, 0xF2, 0x7D, 0xCD, 0x53, 0x59,
    0xBB, 0x71, 0x04, 0x51, 0x6E, 0x35, 0x36, 0xBB, 0x45, 0xE5, 0xE7, 0xC6, 0x75, 0xD6, 0x2E, 0x08,
    0x2A, 0x65, 0x8D, 0x35, 0x5B, 0x59, 0xBB, 0x5B, 0x54, 0xBE, 0xB1, 0x79, 0x6E, 0x92, 0xEC, 0xD8,
    0x79, 0xFE, 0xEC, 0xE8, 0xDF, 0x1D, 0x67, 0xE2, 0x1E, 0x1E, 0x95, 0x64, 0xA5, 0x5C, 0x35, 0x08,
    0x90, 0xAC, 0xA1, 0x56, 0x4E, 0x2C, 0x2C, 0xA1, 0x68, 0x2B, 0x27, 0x64, 0x56, 0x4B, 0xBD, 0xE7,
    0xCA, 0xA8, 0xCA, 0x08, 0xD6, 0xA0, 0x67, 0x85, 0x0F, 0x7A, 0x69, 0xBE, 0x7A, 0x89, 0xE6, 0xC1,
    0x9F, 0x1A, 0x09, 0x84, 0x85, 0x24, 0x63, 0x25, 0x40, 0x0A, 0x01, 0x22, 0x7D, 0xF3, 0x74, 0x68,
    0x23, 0x19, 0xE0, 0xD3, 0x51, 0x4E, 0x94, 0xFC, 0xA8, 0xE1, 0x27, 0x87, 0xAF, 0xFC, 0xF1, 0x8A,
    0x3F, 0x6B, 0x69, 0x3D, 0xDC, 0xF7, 0xD7, 0x27, 0xD1, 0xFE, 0x2D, 0xAF, 0xA7, 0x74, 0xE0, 0xD3,
    0x0A, 0x52, 0x65, 0xE6, 0xA3, 0xA9, 0x96, 0xB5, 0xDC, 0x34, 0x3C, 0x20, 0x31, 0xDF, 0xB2, 0xB8,
    0x9B, 0x1F, 0x9F, 0x38, 0x99, 0x1B, 0x39, 0x51, 0x75, 0xD2, 0x01, 0x89, 0xA6, 0xBE, 0xA6, 0x16,
    0x39, 0x65, 0x25, 0x63, 0xC9, 0x42, 0x5A, 0x16, 0x3F, 0x6B, 0xF1, 0x1C, 0x47, 0x36, 0xAC, 0x64,
    0xC3, 0xE5, 0x5C, 0xB8, 0x47, 0x15, 0x91, 0xAD, 0x78, 0xAA, 0x17, 0xFD, 0x02, 0x0E, 0x54, 0xF1,
    0x4F, 0xCE, 0x71, 0x62, 0x44, 0xED, 0x87, 0x94, 0xCD, 0x45, 0x67, 0x7F, 0x94, 0x93, 0x96, 0xAB,
    0x2E, 0x75, 0x72, 0x87, 0xB7, 0x82, 0x1C, 0xB7, 0xF9, 0x09, 0x47, 0x28, 0x6F, 0x4F, 0xCD, 0xC7,
    0x99, 0xC6, 0xCB, 0xFA, 0x39, 0x47, 0x9B, 0x2F, 0x94, 0x07, 0xFF, 0x06, 0xD5, 0x59, 0xBF, 0x8F,
    0xEC, 0x56, 0x15, 0x3E, 0xB6, 0x99, 0xB1, 0x88, 0x0B, 0xA7, 0xC8, 0x93, 0x50, 0x10, 0x32, 0x45,
    0xAA, 0x00, 0x72, 0x1B, 0xA4, 0xE4, 0x5D, 0xFF, 0x07, 0x49, 0xB1, 0x43, 0x0A, 0x0A, 0x28, 0x28,
    0x92, 0x26, 0xDB, 0x50, 0x92, 0xB5, 0x25, 0x0A, 0xDA, 0xD7, 0xD0, 0x40, 0xF3, 0x8A, 0x14, 0xF0,
    0x9A, 0x47, 0x41, 0x41, 0xC1, 0x1B, 0x1B, 0xF1, 0x07, 0xE0, 0x06, 0x5A, 0x5C, 0xE4, 0x15, 0x24,
    0x45, 0x5C, 0x38, 0x92, 0xF7, 0xC5, 0xF6, 0xE5, 0x7C, 0xDF, 0x1D, 0x8F, 0x67, 0x67, 0x77, 0x23,
    0x90, 0xA2, 0x7D, 0x3B, 0xB3, 0xD2, 0x99, 0x1D, 0x7B, 0x7C, 0xEE, 0x77, 0xBE, 0x73, 0xEE, 0xF9,
    0x71, 0x47, 0x44, 0x1E, 0x6C, 0xCE, 0x44, 0xC4, 0xD8, 0x41, 0x65, 0x6E, 0x7B, 0xC1, 0x95, 0xF7,
    0xE4, 0xEA, 0xCB, 0xC7, 0x4D, 0x09, 0x29, 0x63, 0xCA, 0x64, 0x84, 0x34, 0xCF, 0x20, 0x2F, 0x2E,
    0x20, 0x87, 0x0B, 0x7E, 0xD1, 0xA8, 0x0C, 0x3A, 0xC8, 0xA8, 0x85, 0x8C, 0x2B, 0xC8, 0xB4, 0x30,
    0x99, 0xAA, 0x17, 0xC8, 0x49, 0x3F, 0x89, 0x37, 0x40, 0x06, 0xE3, 0xE6, 0xBC, 0x92, 0xD0, 0x5A,
    0x5B, 0x49, 0x4C, 0x99, 0x7E, 0xF6, 0xE4, 0x69, 0x85, 0xAF, 0xC5, 0xB5, 0x94, 0x02, 0xA9, 0x0B,
    0x45, 0x0D, 0x00, 0x44, 0x4D, 0xD0, 0x29, 0x88, 0x36, 0x6E, 0x21, 0x93, 0x1A, 0xD2, 0x54, 0xBA,
    0x9A, 0x7E, 0xDE, 0x28, 0x64, 0xCF, 0xDA, 0x46, 0x7C, 0x6B, 0x6B, 0x7C, 0xCC, 0x76, 0xC8, 0x1F,
    0x00, 0x8E, 0x6D, 0x1E, 0x4A, 0x62, 0x87, 0x67, 0x92, 0x3F, 0x7F, 0x36, 0x78, 0x56, 0x92, 0x21,
    0x18, 0x24, 0xEE, 0xC3, 0x4E, 0xC2, 0x2E, 0x6E, 0x9C, 0xB2, 0xB0, 0x4D, 0x2B, 0x40, 0x2E, 0x24,
    0x6E, 0xB8, 0xBC, 0x8A, 0x04, 0xD8, 0x0D, 0x44, 0x5E, 0xA8, 0xB0, 0x6A, 0x84, 0x6F, 0x33, 0x53,
    0x45, 0xAA, 0xE2, 0xCB, 0xD2, 0x28, 0xE4, 0xE1, 0xA1, 0xAE, 0x58, 0xBF, 0x23, 0xF2, 0x9A, 0x5B,
    0xEE, 0x2D, 0xF9, 0x9E, 0xCA, 0xB7, 0xE5, 0x1D, 0x90, 0xF3, 0x3B, 0x30, 0x95, 0xD8, 0x16, 0xD4,
    0xD9, 0x02, 0xB7, 0x5F, 0x95, 0x13, 0x23, 0xD6, 0xAB, 0xE5, 0x4F, 0xE2, 0xB5, 0x9E, 0xDE, 0x99,
    0xCE, 0x1B, 0x91, 0x52, 0x35, 0x49, 0x3A, 0x01, 0xD6, 0xCC, 0xF0, 0x5D, 0x53, 0x7C, 0xEF, 0x63,
    0x51, 0xEF, 0xD2, 0xD9, 0x0F, 0x09, 0xB7, 0x27, 0x66, 0x5E, 0x0E, 0x0E, 0xA4, 0xEF, 0x02, 0xA2,
    0x7C, 0x09, 0x2C, 0x76, 0xA0, 0xAF, 0x06, 0x6F, 0x58, 0xDC, 0xEC, 0xA1, 0xF2, 0x3F, 0x83, 0xBB,
    0x71, 0xBB, 0x44, 0xE8, 0x9B, 0xC4, 0x99, 0x13, 0x27, 0xFD, 0x1E, 0xD0, 0xA2, 0x08, 0x0A, 0x24,
    0xE5, 0xE5, 0x6F, 0x1D, 0x47, 0xF5, 0xDA, 0x4E, 0x4C, 0x26, 0xBA, 0x15, 0x03, 0xC7, 0xE7, 0x24,
    0xEB, 0x42, 0x4C, 0x43, 0x93, 0xA1, 0xD0, 0x73, 0xAA, 0x9C, 0x2B, 0x3B, 0xD9, 0xAF, 0x19, 0x3B,
    0xB5, 0x15, 0xA1, 0x38, 0xC9, 0xF5, 0x4D, 0xB6, 0xC8, 0xFC, 0x40, 0xEE, 0xAE, 0x17, 0xCB, 0xF7,
    0xD3, 0x7A, 0xD1, 0x16, 0x8D, 0xE2, 0x65, 0x0A, 0xE1, 0xB3, 0xB2, 0x42, 0xE8, 0x22, 0x76, 0x13,
    0x3B, 0xE1, 0x91, 0x5D, 0x7E, 0xA0, 0x71, 0xF0, 0x81, 0x37, 0x32, 0x54, 0x66, 0x04, 0x29, 0x6E,
    0xBE, 0xB6, 0xB7, 0xE7, 0xC1, 0x7B, 0x70, 0x98, 0xC5, 0xD3, 0x2A, 0xCA, 0xE7, 0x1F, 0x69, 0xAE,
    0x99, 0xE1, 0x47, 0x58, 0x29, 0x86, 0x65, 0x49, 0x35, 0x43, 0x27, 0x1E, 0xB3, 0x67, 0xF7, 0x40,
    0x64, 0x33, 0x4E, 0xC2, 0x8C, 0xC7, 0x9F, 0x92, 0xA1, 0x1A, 0xE8, 0xF4, 0x19, 0xCF, 0xE5, 0xDD,
    0x57, 0x1E, 0xD1, 0x10, 0x9A, 0x50, 0xF6, 0x8C, 0x64, 0xAE, 0xD4, 0x30, 0x7A, 0xB3, 0x38, 0x03,
    0x36, 0xEF, 0x44, 0x39, 0xA7, 0x71, 0x06, 0x5F, 0x2D, 0x15, 0x83, 0xDF, 0x73, 0x33, 0x5D, 0x40,
    0xAB, 0x86, 0xE3, 0x81, 0x59, 0x77, 0xCC, 0xB9, 0x4F, 0x70, 0xD4, 0x29, 0x09, 0x65, 0x4C, 0xD3,
    0xD6, 0x72, 0xE3, 0xEB, 0x54, 0xD8, 0xA6, 0x59, 0x5C, 0x32, 0xA9, 0x67, 0xBA, 0x8E, 0x4C, 0xBA,
    0x5B, 0xA2, 0xD7, 0x85, 0xFF, 0x58, 0x95, 0x37, 0x60, 0xD7, 0xEB, 0x72, 0x66, 0x15, 0x72, 0x94,
    0xD3, 0x1E, 0x43, 0xDB, 0x56, 0x27, 0x4A, 0xF7, 0x2B, 0x99, 0x1A, 0x17, 0xD6, 0x6A, 0x9B, 0x4F,
    0xD3, 0x68, 0x59, 0xD9, 0xCE, 0xAA, 0x56, 0x2F, 0x89, 0x73, 0xBF, 0x90, 0x4F, 0x50, 0x83, 0x22,
    0x28, 0x1D, 0x52, 0xE8, 0xBA, 0x20, 0x5D, 0xA6, 0x5F, 0xC2, 0x7D, 0x95, 0x5D, 0xA5, 0x3C, 0xB2,
    0xFF, 0x81, 0x42, 0x6B, 0x3B, 0xA2, 0x9C, 0x00, 0x67, 0xAD, 0x3A, 0xF5, 0xF1, 0xBC, 0x66, 0x51,
    0x6C, 0x01, 0x21, 0xEA, 0xB4, 0x92, 0xA2, 0x26, 0x94, 0x94, 0x13, 0xEB, 0xF3, 0x48, 0x39, 0x40,
    0x6A, 0x6D, 0x55, 0xB3, 0xFC, 0x1E, 0x77, 0x03, 0x27, 0x51, 0x38, 0x3B, 0x54, 0xC1, 0xA8, 0x0D,
    0x5B, 0x30, 0x0B, 0x5C, 0x69, 0x0D, 0x4F, 0x99, 0x0A, 0x71, 0x61, 0x33, 0xB5, 0x3C, 0x98, 0x60,
    0x7A, 0xD2, 0xEB, 0x82, 0x6B, 0xED, 0xEB, 0x8C, 0xBA, 0x3D, 0x83, 0xEC, 0x11, 0x07, 0x2F, 0x76,
    0x60, 0xD7, 0xC5, 0x87, 0x6E, 0xAB, 0xB2, 0x03, 0x48, 0xFE, 0x46, 0x7B, 0xD2, 0xBF, 0xD3, 0x57,
    0xE9, 0x6F, 0xE8, 0x38, 0xF3, 0xAE, 0xF3, 0xE5, 0xB7, 0xF9, 0x40, 0xEE, 0x4A, 0xED, 0xD6, 0x15,
    0x5B, 0x74, 0x0C, 0xA9, 0x1D, 0xF0, 0x70, 0xA9, 0x05, 0x57, 0xE0, 0x85, 0x98, 0x80, 0x25, 0xEA,
    0xE9, 0x09, 0x84, 0x12, 0x0B, 0x2F, 0x37, 0x10, 0xDE, 0x58, 0x7C, 0xE9, 0x11, 0xC0, 0x76, 0xCD,
    0x81, 0xB0, 0x04, 0xD3, 0x25, 0xC6, 0xBD, 0xE5, 0x05, 0xDF, 0xE0, 0x03, 0x96, 0x62, 0xDC, 0x88,
    0x4A, 0x60, 0x44, 0x39, 0x16, 0x57, 0x90, 0x11, 0x03, 0xF5, 0xC7, 0x07, 0xA5, 0xE6, 0x1B, 0xE2,
    0xFC, 0x07, 0xD3, 0x93, 0x22, 0x18, 0x74, 0xB7, 0x14, 0x41, 0xAF, 0x41, 0x9A, 0x7D, 0xD3, 0x9C,
    0x2F, 0xD9, 0x31, 0xA9, 0xE6, 0xDD, 0xA5, 0x7D, 0x13, 0x9A, 0x23, 0x8B, 0x31, 0x62, 0xB5, 0xC9,
    0xCF, 0x66, 0xB2, 0xC9, 0x75, 0x68, 0x9B, 0x71, 0x66, 0xBA, 0x7C, 0xBE, 0x1D, 0x76, 0x3C, 0x3B,
    0x9A, 0x1D, 0xCB, 0x8E, 0x64, 0xD5, 0xA7, 0xD2, 0x51, 0xEC, 0x18, 0x76, 0x04, 0x3B, 0x7E, 0x1D,
    0xBD, 0x8E, 0x5D, 0x47, 0xAE, 0xE3, 0x56, 0x2D, 0x28, 0x67, 0x66, 0x63, 0xDB, 0x3F, 0xDC, 0xF3,
    0xBA, 0xA3, 0x95, 0x13, 0x0E, 0x47, 0x9B, 0x12, 0xCC, 0x5E, 0x1D, 0x6F, 0x22, 0xF0, 0x1C, 0x43,
    0x24, 0x30, 0xC1, 0xED, 0xB9, 0xAB, 0xDB, 0x8D, 0x41, 0x53, 0xEE, 0x1B, 0x20, 0xC6, 0xDA, 0xA4,
    0x23, 0x86, 0x0E, 0x1C, 0xB6, 0xF0, 0x41, 0x52, 0x70, 0xB9, 0xD9, 0xB8, 0xF6, 0x81, 0xDD, 0x1D,
    0x28, 0x66, 0x78, 0xB8, 0xF4, 0x43, 0xAE, 0x96, 0xCD, 0xEC, 0xB4, 0x83, 0x55, 0x03, 0x4F, 0xAB,
    0x9F, 0xF4, 0xEB, 0x1E, 0x46, 0x16, 0xC5, 0x52, 0x40, 0x64, 0xF8, 0xB8, 0xCF, 0x15, 0x19, 0xEC,
    0xE9, 0x77, 0xB9, 0x22, 0xFF, 0xA7, 0xCD, 0x34, 0xD7, 0x19, 0x75, 0xAD, 0x2A, 0xD2, 0x85, 0x4C,
    0xA6, 0x6B, 0xE4, 0xAA, 0xDE, 0x57, 0xE7, 0xFD, 0xAB, 0xA4, 0x52, 0x25, 0xCC, 0x5E, 0xEA, 0x1A,
    0x67, 0x37, 0xE4, 0x8A, 0xC2, 0xD5, 0x82, 0xEF, 0x23, 0x57, 0xB4, 0xC8, 0x15, 0xED, 0x95, 0x5C,
    0xF1, 0x96, 0xFC, 0x48, 0xE4, 0x57, 0xFA, 0xA7, 0xE3, 0x4B, 0x0F, 0x9F, 0x21, 0x66, 0xD8, 0xAB,
    0xBE, 0x2A, 0xF7, 0x8F, 0xB5, 0x30, 0xF3, 0x35, 0x62, 0xAA, 0x50, 0x43, 0xF7, 0x52, 0xCB, 0x00,
    0x53, 0xAA, 0x6B, 0x99, 0x96, 0xF6, 0xE8, 0x6E, 0xF9, 0x93, 0xEF, 0xEC, 0x2D, 0xB6, 0x7B, 0xB3,
    0xDF, 0xB8, 0xD6, 0x3F, 0xDC, 0x13, 0xFE, 0x50, 0x1A, 0x76, 0xC5, 0x26, 0xDE, 0x3F, 0xE8, 0x5F,
    0xAD, 0x04, 0x77, 0xCA, 0xDF, 0x7D, 0xE1, 0x05, 0x3D, 0xB6, 0x30, 0x35, 0xEF, 0xD5, 0x04, 0xCD,
    0xFE, 0x3F, 0xE4, 0x73, 0xB1, 0xD9, 0x9D, 0x32, 0x84, 0x7E, 0xE9, 0x62, 0x1E, 0x28, 0x9D, 0x5D,
    0xB0, 0x26, 0xAA, 0xE6, 0x61, 0x2C, 0x44, 0xBC, 0xF9, 0xD3, 0xDE, 0x6F, 0x1F, 0xC8, 0xEB, 0xD4,
    0x8B, 0x22, 0x97, 0xFC, 0x1A, 0x66, 0x44, 0x5F, 0xD4, 0x7B, 0xF4, 0x3E, 0x79, 0x93, 0xB3, 0x9B,
    0xE2, 0xD2, 0x39, 0xC0, 0x79, 0x60, 0x4E, 0xF1, 0x87, 0x4D, 0xD3, 0x52, 0x49, 0x9D, 0x1F, 0x9C,
    0x23, 0x9C, 0x27, 0xE8, 0x0A, 0xA1, 0x2F, 0x84, 0xCE, 0x10, 0x7A, 0xC3, 0xB9, 0x63, 0x37, 0xFB,
    0x86, 0xAE, 0x97, 0x6A, 0x96, 0xFE, 0xEC, 0xB8, 0x9A, 0xEC, 0x17, 0x64, 0xED, 0xA1, 0x63, 0x66,
    0xCF, 0xAC, 0x0B, 0xEF, 0xB1, 0xFA, 0x42, 0x4D, 0xF6, 0x7A, 0x4E, 0xF0, 0xE3, 0x3C, 0xB5, 0xB2,
    0x03, 0x5A, 0x65, 0x2F, 0x69, 0xDF, 0xFB, 0x9F, 0x2C, 0x07, 0x12, 0x29, 0xA9, 0xD8, 0xBA, 0xE3,
    0x87, 0xA4, 0x80, 0x7D, 0x9A, 0xA2, 0xD0, 0xFF, 0x65, 0xD7, 0xFA, 0xDA, 0x8C, 0x96, 0xF5, 0x24,
    0xAB, 0x43, 0x5F, 0xEB, 0xB7, 0xFF, 0x4B, 0x5F, 0x9B, 0xDC, 0xD4, 0xD7, 0x1A, 0x8B, 0xC3, 0x80,
    0xDC, 0x56, 0x2A, 0x35, 0x62, 0xD0, 0xD1, 0xA6, 0x05, 0xA4, 0xE1, 0x91, 0x87, 0xC9, 0x60, 0x45,
    0xCE, 0xEF, 0xE7, 0xA4, 0x6B, 0x4B, 0x6D, 0x23, 0xFB, 0xDA, 0x41, 0x21, 0xBC, 0x28, 0x07, 0xF6,
    0xB5, 0x03, 0x23, 0xE1, 0xD1, 0x8E, 0x45, 0x7D, 0xFD, 0xD1, 0x9D, 0x59, 0xB8, 0x10, 0x01, 0xAE,
    0xF4, 0x1F, 0x58, 0x74, 0x0B, 0x87, 0xFA, 0x1D, 0x36, 0x89, 0xF6, 0xC5, 0x4B, 0x85, 0xA0, 0x17,
    0x3C, 0xDB, 0xC7, 0x2C, 0x67, 0x3A, 0xD8, 0xA5, 0x97, 0xE7, 0x1A, 0x30, 0x79, 0x15, 0x58, 0xE4,
    0x45, 0xA5, 0x5C, 0x7B, 0x15, 0x9D, 0xB9, 0xD5, 0x19, 0xBA, 0xAE, 0xDA, 0xA5, 0x52, 0x4B, 0xBE,
    0x5E, 0xD4, 0x34, 0xA4, 0x17, 0xD5, 0x35, 0x1A, 0x30, 0x31, 0x3B, 0x2E, 0x8D, 0x8D, 0x98, 0x52,
    0xFB, 0x54, 0x95, 0xCA, 0x8D, 0x5E, 0x57, 0x57, 0xC5, 0x6D, 0xF0, 0x85, 0x26, 0xFF, 0xF1, 0xFC,
    0xDF, 0x15, 0xDC, 0x81, 0x80, 0x29, 0x3B, 0x98, 0xB9, 0xCA, 0x0E, 0x23, 0x74, 0xBB, 0xC4, 0x26,
    0x0E, 0x6E, 0x7E, 0x8C, 0xEE, 0x09, 0xBE, 0x6E, 0x28, 0x33, 0xF8, 0xE0, 0x53, 0xE7, 0xC0, 0x4A,
    0x1A, 0xEC, 0x72, 0xEC, 0x73, 0xFF, 0xC5, 0x39, 0xCC, 0xE3, 0x7D, 0x31, 0x7C, 0xD8, 0xCB, 0xE4,
    0x34, 0x7D, 0xF7, 0x4B, 0xF9, 0xA1, 0xCA, 0xBF, 0xC8, 0x5F, 0x41, 0xC9, 0xEF, 0x3B, 0xEE, 0xAA,
    0x86, 0x7E, 0xE4, 0xED, 0x83, 0x5E, 0xE8, 0x14, 0xBD, 0x26, 0x1E, 0x0F, 0x4B, 0x5C, 0x7A, 0x89,
    0xBA, 0x25, 0xBD, 0x78, 0xC5, 0x6D, 0x83, 0xFB, 0x69, 0xEC, 0xB8, 0x37, 0x16, 0x06, 0x1C, 0x22,
    0x21, 0x22, 0xF9, 0xF9, 0xB1, 0x45, 0x27, 0xE9, 0xB5, 0xD3, 0xF2, 0x85, 0x3B, 0x2B, 0xA4, 0xBC,
    0x58, 0x5C, 0xE1, 0xB9, 0x92, 0x46, 0xB4, 0x21, 0x41, 0xCC, 0x4D, 0xA7, 0xEF, 0x46, 0x24, 0xCA,
    0xF4, 0xF8, 0x31, 0x9F, 0x43, 0xEA, 0xC9, 0xEF, 0xBB, 0xF5, 0x63, 0xBE, 0xC5, 0xCE, 0x1A, 0xE3,
    0x82, 0x73, 0xCC, 0xDD, 0x66, 0xE4, 0xC9, 0x72, 0x5C, 0x45, 0xEE, 0xD4, 0xE3, 0x5A, 0xEA, 0x64,
    0xC3, 0x92, 0x1E, 0x8F, 0xCE, 0x09, 0x1D, 0xC3, 0xCA, 0x5F, 0xCA, 0xEE, 0x74, 0x9E, 0x15, 0x78,
    0x74, 0xE8, 0x06, 0x5E, 0xC7, 0x81, 0xC2, 0xD6, 0xB1, 0x38, 0xBA, 0x7D, 0xAF, 0x1D, 0xC7, 0xFB,
    0x1D, 0x5B, 0x0E, 0xAD, 0xC9, 0xBE, 0x7B, 0x0B, 0xA6, 0x27, 0x4F, 0x9E, 0x36, 0xBC, 0x0D, 0x76,
    0x5A, 0xB6, 0x18, 0x9C, 0xE2, 0x2B, 0x36, 0x1E, 0x1A, 0x3A, 0x58, 0x5C, 0xD7, 0xBA, 0x15, 0xC3,
    0xF6, 0x16, 0x0C, 0xE2, 0xFF, 0x01, 0x16, 0xF0, 0xB7, 0x1D, 0x9E, 0x4A, 0x19, 0xA0, 0x51, 0xF5,
    0x51, 0xAD, 0xB1, 0x70, 0x50, 0xE3, 0x39, 0x28, 0x1F, 0x74, 0x9B, 0xC5, 0xF5, 0x83, 0x9C, 0xDC,
    0x71, 0xAE, 0xFD, 0xC6, 0x88, 0xB2, 0xAA, 0x33, 0x7B, 0x2B, 0xE3, 0xF8, 0xB3, 0xCE, 0xB3, 0x75,
    0xD0, 0xFB, 0x9C, 0xDC, 0x27, 0x1C, 0x99, 0xE8, 0xAC, 0xDC, 0xA9, 0xDF, 0x83, 0x0E, 0xC3, 0x32,
    0x66, 0xF7, 0xA8, 0x55, 0xDC, 0x11, 0x4E, 0xD1, 0xE2, 0x5A, 0xB5, 0xC7, 0x95, 0x6A, 0x4F, 0x2A,
    0xD5, 0x9E, 0x22, 0xFA, 0x0D, 0x7E, 0x04, 0x30, 0x59, 0x8E, 0x55, 0xB6, 0x58, 0x65, 0xA4, 0x39,
    0x37, 0xB2, 0x9E, 0xD2, 0xE2, 0x55, 0xFE, 0xDB, 0xCD, 0xA6, 0x3C, 0x4B, 0xC0, 0x9E, 0x1D, 0x52,
    0xF7, 0xF6, 0xA0, 0xDC, 0x6C, 0x7E, 0x32, 0x9E, 0xCD, 0xAC, 0x4F, 0x0B, 0xEB, 0xFD, 0x2D, 0xAC,
    0xBF, 0x38, 0x64, 0x3D, 0xBC, 0x8D, 0x75, 0xFC, 0x74, 0x51, 0x5D, 0xC7, 0xF0, 0xB5, 0x9E, 0xBF,
    0xC6, 0x66, 0xB5, 0x3B, 0x6D, 0x88, 0x90, 0x3E, 0x56, 0x39, 0x66, 0xFA, 0x7C, 0x1F, 0xC1, 0x63,
    0xA8, 0xB1, 0x3A, 0x68, 0x42, 0x90, 0x61, 0x7A, 0xDA, 0x7A, 0x5F, 0x35, 0x61, 0xE7, 0xE3, 0x34,
    0xE4, 0x2A, 0x9B, 0x38, 0x0A, 0x21, 0x9B, 0xE1, 0xCD, 0x6C, 0x66, 0x5F, 0xCB, 0xA6, 0xFC, 0x42,
    0x73, 0xB1, 0x36, 0xDD, 0xBA, 0xDB, 0xEC, 0xE7, 0x8D, 0xA4, 0xDF, 0xD5, 0x16, 0xFD, 0x6D, 0xCF,
    0x66, 0xC7, 0x3F, 0xF2, 0xC5, 0xC8, 0x27, 0x09, 0xC4, 0x9A, 0x39, 0x65, 0x99, 0x5A, 0x60, 0x96,
    0x37, 0xCC, 0x29, 0xC1, 0x0D, 0x2C, 0xFF, 0xD7, 0xD4, 0x72, 0x1C, 0x47, 0x87, 0xDA, 0xD7, 0xEE,
    0xC4, 0x94, 0x5D, 0x6A, 0xC3, 0x32, 0xF9, 0x28, 0x1E, 0xFD, 0xDA, 0xD8, 0xCF, 0xAB, 0x8F, 0x53,
    0x5B, 0xFC, 0x59, 0xB3, 0xCA, 0x15, 0xA0, 0xD3, 0xEE, 0xB9, 0xC1, 0x61, 0xE2, 0x89, 0x5D, 0xE7,
    0xB0, 0x84, 0xAD, 0x3B, 0x95, 0x04, 0x1A, 0x80, 0x01, 0x16, 0x40, 0x01, 0x08, 0x53, 0x38, 0x1C,
    0x66, 0x87, 0x62, 0xBB, 0x2F, 0x5A, 0xE8, 0xFA, 0x79, 0x96, 0x11, 0xA3, 0xFF, 0x5E, 0x2D, 0x07,
    0x1A, 0xF7, 0x87, 0x14, 0x05, 0xA5, 0x11, 0x9F, 0xDA, 0x69, 0xB5, 0x39, 0x5B, 0x68, 0x18, 0x01,
    0x02, 0x05, 0xA1, 0xC7, 0xCA, 0x01, 0x62, 0x04, 0xE6, 0x47, 0x4C, 0xA5, 0xC8, 0xAC, 0x15, 0x56,
    0x42, 0xC1, 0xC9, 0x78, 0x18, 0xC5, 0x45, 0xA0, 0x9D, 0xA7, 0x11, 0x51, 0xA1, 0x59, 0x2F, 0xBC,
    0x2C, 0x71, 0x4C, 0x3C, 0xED, 0x7E, 0xE5, 0x38, 0x3A, 0xD0, 0xBE, 0x1F, 0xC6, 0xFF, 0x17, 0xDD,
    0x59, 0xBF, 0xB3, 0xDC, 0x56, 0x15, 0xBE, 0x92, 0xE2, 0xA7, 0xC1, 0x9A, 0x41, 0x9E, 0xC1, 0x2E,
    0xE2, 0x14, 0xDB, 0x30, 0x0C, 0xD0, 0xE8, 0x1F, 0x08, 0xD6, 0x4E, 0xF8, 0x03, 0x70, 0x61, 0xA7,
    0x0D, 0x65, 0xC6, 0x14, 0x6E, 0x52, 0x26, 0x91, 0x3A, 0x0A, 0x9A, 0xD7, 0x50, 0xD1, 0xB8, 0x70,
    0x41, 0x68, 0x68, 0x29, 0xE2, 0x95, 0x26, 0x94, 0x29, 0xD8, 0x9E, 0x66, 0x0B, 0x7E, 0x0C, 0xA1,
    0xB0, 0xC8, 0x88, 0x41, 0x8F, 0x48, 0xBA, 0x7C, 0xDF, 0x77, 0xA4, 0x5D, 0xED, 0xFB, 0x81, 0x79,
    0x04, 0x4C, 0xCC, 0xCE, 0xD3, 0x95, 0x56, 0xEF, 0xDE, 0x73, 0xCF, 0x39, 0xDF, 0xB9, 0xE7, 0xD7,
    0x7E, 0xDD, 0x25, 0xEB, 0xD4, 0xAD, 0x5C, 0xFA, 0x87, 0x8D, 0x4B, 0x7C, 0xEF, 0x02, 0xBF, 0x73,
    0xEE, 0x35, 0x77, 0xF8, 0x8C, 0xB8, 0x06, 0x5C, 0xBD, 0x73, 0x01, 0xAE, 0xB0, 0x73, 0x2E, 0x6A,
    0x71, 0x35, 0xCE, 0xC5, 0xB8, 0x12, 0x5E, 0x58, 0x92, 0x6E, 0x71, 0xD5, 0xCE, 0xAD, 0x70, 0x65,
    0xA5, 0x73, 0x39, 0xAF, 0x35, 0x2E, 0x2C, 0x2D, 0x70, 0x6D, 0x26, 0x32, 0x2E, 0xC5, 0x26, 0x2B,
    0x5C, 0x27, 0xFE, 0xF4, 0x6A, 0xE2, 0xCB, 0x0D, 0xCE, 0x13, 0x9F, 0x37, 0x38, 0x47, 0x7C, 0x22,
    0x75, 0x82, 0x7B, 0xE1, 0x1B, 0x57, 0x51, 0x8E, 0xF7, 0x41, 0x92, 0x24, 0xB0, 0x24, 0xC5, 0xF4,
    0x15, 0x2F, 0x2C, 0x4D, 0xB1, 0x55, 0xDC, 0xCF, 0x02, 0xBE, 0x3E, 0x11, 0xF1, 0x13, 0xA1, 0xDB,
    0xEE, 0xE8, 0x13, 0x75, 0x5F, 0x8A, 0x9F, 0xF3, 0xA2, 0x05, 0xB8, 0xE2, 0xDA, 0x78, 0xB9, 0x87,
    0x7F, 0x7F, 0xCF, 0xD9, 0x3D, 0x07, 0xE9, 0xB4, 0x99, 0x37, 0x0D, 0xD7, 0xB6, 0xC9, 0x6A, 0x67,
    0x1B, 0x9D, 0x1C, 0xF3, 0xF4, 0x32, 0x75, 0xC8, 0xB7, 0x83, 0xEB, 0x83, 0x3E, 0xEC, 0xA2, 0x36,
    0x6A, 0xE2, 0x26, 0x69, 0x92, 0x5D, 0xBA, 0x4D, 0xEB, 0x55, 0x9D, 0x95, 0x79, 0x99, 0xAF, 0x73,
    0x2C, 0xDF, 0x70, 0x19, 0xB9, 0xDA, 0x88, 0xAF, 0x41, 0x9C, 0x0D, 0x5C, 0x4A, 0x96, 0x06, 0x17,
    0xF6, 0xE4, 0x0F, 0xAC, 0xE1, 0x2B, 0x18, 0xC3, 0x03, 0x58, 0xC3, 0x43, 0xAC, 0x11, 0x36, 0x84,
    0xAF, 0xE9, 0x8E, 0x5F, 0xC1, 0x26, 0xB8, 0x05, 0xA3, 0x78, 0x00, 0xAB, 0x78, 0x00, 0xA3, 0x78,
    0x80, 0x3D, 0x81, 0x6B, 0x30, 0x8C, 0xAF, 0x85, 0x38, 0xAF, 0xC4, 0xFB, 0x46, 0xDC, 0x0F, 0x7A,
    0xE8, 0x8F, 0x36, 0x84, 0x14, 0xC0, 0x0E, 0x72, 0x60, 0x07, 0x48, 0x12, 0x49, 0xB9, 0xB1, 0xC6,
    0x54, 0x72, 0xAD, 0xB6, 0x1C, 0x2B, 0xE8, 0x22, 0xF4, 0x04, 0x3F, 0xF4, 0xBD, 0xC6, 0xDD, 0x5E,
    0xCF, 0x27, 0x6B, 0xF7, 0x04, 0x9B, 0x83, 0x4C, 0xCE, 0x21, 0x2B, 0x41, 0xEA, 0x86, 0x73, 0xA7,
    0xEE, 0xDC, 0x67, 0x24, 0x9F, 0x03, 0xD9, 0xEC, 0x31, 0x09, 0x1C, 0xE4, 0x25, 0x44, 0xCC, 0xD7,
    0x98, 0x9E, 0x53, 0xB4, 0x82, 0xFB, 0x6E, 0x28, 0xE7, 0x40, 0xE9, 0x7A, 0x0A, 0x87, 0xA1, 0xC6,
    0xCC, 0x55, 0x1D, 0x4E, 0x84, 0xF3, 0x12, 0x33, 0xF3, 0x35, 0x66, 0xE6, 0x9C, 0x54, 0x70, 0xD8,
    0x70, 0xE6, 0x20, 0xDC, 0x04, 0x9C, 0x50, 0x13, 0x6C, 0x36, 0x14, 0xF3, 0x09, 0x15, 0xEB, 0xBE,
    0xE5, 0x50, 0x8A, 0xA5, 0x9B, 0x4F, 0x38, 0x66, 0x12, 0xB7, 0x80, 0x49, 0x40, 0x2F, 0x9C, 0x92,
    0xEC, 0x88, 0x77, 0xB6, 0x4E, 0x4B, 0x1A, 0x7A, 0x70, 0x5E, 0x90, 0x8C, 0x44, 0x8D, 0xB4, 0xD1,
    0x9E, 0xC6, 0x8D, 0xC6, 0xE1, 0x30, 0x06, 0x3A, 0x3E, 0xA1, 0x8D, 0x9D, 0xCE, 0x49, 0xAB, 0x71,
    0xA1, 0xE5, 0x64, 0xA1, 0xEB, 0x54, 0xBA, 0x96, 0x1C, 0x26, 0x88, 0x49, 0x22, 0x37, 0x71, 0xBC,
    0x61, 0x75, 0x61, 0xC3, 0xFE, 0xFC, 0x86, 0x51, 0x77, 0x20, 0x9F, 0x91, 0xBC, 0xF7, 0xB5, 0x46,
    0xAD, 0x6F, 0x97, 0x02, 0x05, 0x3F, 0x27, 0x3B, 0x83, 0xCE, 0x0C, 0x37, 0x7A, 0x5C, 0x82, 0x12,
    0xFC, 0x41, 0x4C, 0x7B, 0x80, 0xF8, 0xF7, 0x8F, 0x8E, 0xD5, 0x76, 0x3F, 0x5C, 0xA6, 0xF0, 0x3D,
    0x8F, 0xC5, 0x9E, 0xC3, 0x61, 0xE6, 0x4F, 0xEC, 0x49, 0x11, 0x62, 0x4E, 0xCA, 0x90, 0x2E, 0xA4,
    0x0A, 0x9E, 0xBF, 0x05, 0xE1, 0xCB, 0xA8, 0x93, 0xBB, 0x8A, 0xE4, 0x2A, 0xAE, 0xAF, 0x64, 0x62,
    0xC9, 0x96, 0x24, 0xB1, 0x0E, 0x8E, 0x81, 0x47, 0xA0, 0xE6, 0xE8, 0xB9, 0x2A, 0xEA, 0xB9, 0x8C,
    0x1A, 0xC8, 0x5D, 0xB6, 0x25, 0x47, 0x15, 0x88, 0x54, 0x21, 0x09, 0x8C, 0x09, 0x37, 0x1F, 0xF8,
    0xDA, 0xF5, 0x7C, 0x1D, 0x8C, 0x66, 0xDD, 0x1E, 0xCF, 0x91, 0xFF, 0x25, 0xF6, 0x8D, 0x06, 0x32,
    0x13, 0x35, 0xC4, 0x26, 0x6E, 0xCC, 0x43, 0x90, 0xEF, 0x74, 0x4B, 0x05, 0xCB, 0x96, 0xE7, 0xAD,
    0x6A, 0x4A, 0x0B, 0x36, 0x01, 0x14, 0x0F, 0x5F, 0x4D, 0x35, 0x60, 0x71, 0xB1, 0xF4, 0x56, 0x93,
    0xCF, 0x92, 0xC5, 0x25, 0xBB, 0x05, 0xD0, 0x82, 0xF5, 0x9E, 0xFE, 0xFB, 0xB1, 0xC6, 0x5B, 0x76,
    0xAC, 0xCA, 0x4B, 0x94, 0x70, 0x89, 0x9E, 0x27, 0x15, 0x63, 0x23, 0x1C, 0x2B, 0x1E, 0x96, 0x0A,
    0x7A, 0x0E, 0xE9, 0x47, 0xE8, 0x31, 0x5A, 0x30, 0x13, 0x35, 0x30, 0x97, 0xF8, 0x73, 0x30, 0x9D,
    0xFC, 0xB9, 0x25, 0xC6, 0x9D, 0xB9, 0x21, 0x97, 0xB6, 0x12, 0xA1, 0x22, 0x75, 0x50, 0xCD, 0xD7,
    0x72, 0x1E, 0x60, 0x3C, 0x27, 0x39, 0x9C, 0xC7, 0x16, 0xD4, 0x21, 0xF2, 0x30, 0x19, 0xD6, 0xFC,
    0xB9, 0x59, 0xEE, 0x19, 0xE2, 0xD7, 0x0F, 0x38, 0x10, 0x90, 0x50, 0xC2, 0xAE, 0xF7, 0xF3, 0x8E,
    0xB9, 0x0A, 0xFF, 0x3B, 0x5C, 0x85, 0x30, 0x5E, 0x82, 0x49, 0x47, 0x45, 0xD5, 0x0C, 0xC6, 0x47,
    0x70, 0x60, 0x83, 0x26, 0x62, 0x81, 0x62, 0x19, 0x7A, 0x17, 0x5E, 0xBD, 0x72, 0x5F, 0x2E, 0x40,
    0x78, 0xDF, 0xE1, 0x6A, 0x0B, 0x8F, 0x70, 0x20, 0x9F, 0x22, 0x5E, 0x4A, 0x11, 0x0D, 0x19, 0xCA,
    0xF0, 0x75, 0xF6, 0x22, 0x84, 0x75, 0x49, 0xE0, 0xAA, 0x14, 0x60, 0x30, 0x3E, 0xAE, 0x95, 0x4D,
    0xAC, 0xAF, 0xC8, 0x26, 0x5E, 0xAA, 0xFC, 0x0B, 0x1B, 0x61, 0x1A, 0x91, 0x4F, 0x06, 0xD2, 0x4D,
    0xE6, 0x21, 0x58, 0xEE, 0xBA, 0x7F, 0x79, 0xF3, 0xF8, 0x9A, 0xD1, 0x79, 0xB8, 0x9C, 0xD4, 0xFE,
    0xFC, 0x3D, 0x35, 0x79, 0x92, 0x89, 0x54, 0x86, 0x77, 0x6F, 0xCE, 0x67, 0x2E, 0xD9, 0xE2, 0xDF,
    0xE9, 0x36, 0xA2, 0x23, 0x49, 0x18, 0x59, 0x11, 0x00, 0xB2, 0x32, 0xE3, 0x26, 0x6F, 0x72, 0x97,
    0x5B, 0xD3, 0x91, 0xAB, 0xE6, 0x80, 0x72, 0xA9, 0x6B, 0x6B, 0x5F, 0xE8, 0xDA, 0xEC, 0x40, 0x1F,
    0x4E, 0x35, 0xF4, 0xC7, 0xA1, 0x75, 0xA6, 0xC1, 0x93, 0xF2, 0x5D, 0xCC, 0x43, 0xD4, 0xFB, 0x04,
    0x41, 0xEF, 0xD7, 0x88, 0x74, 0x3F, 0xC1, 0x01, 0xF8, 0x01, 0x4E, 0xC2, 0xD7, 0xBE, 0x2A, 0x26,
    0xF2, 0x4D, 0xEC, 0x39, 0x84, 0x5D, 0x30, 0x44, 0x6D, 0xD0, 0x63, 0xDF, 0x1F, 0x5E, 0xCB, 0x44,
    0xFE, 0xAD, 0x23, 0xF0, 0x3A, 0xE4, 0x2B, 0xE4, 0x34, 0x62, 0x5C, 0x49, 0x73, 0xFB, 0x7A, 0xF2,
    0x85, 0x0B, 0x73, 0x4A, 0xAE, 0x60, 0x54, 0x7C, 0xBC, 0x05, 0x3D, 0xE3, 0x45, 0x81, 0x0C, 0xA1,
    0xC2, 0xC6, 0x7E, 0xEB, 0x62, 0x26, 0x7A, 0x0C, 0x25, 0xB8, 0xBE, 0x75, 0xCE, 0x32, 0x49, 0x8A,
    0xF1, 0x21, 0xF5, 0x7E, 0xC4, 0x35, 0xAC, 0x3C, 0xAB, 0x83, 0x27, 0xC4, 0x01, 0xFF, 0x4E, 0x94,
    0xAF, 0x31, 0x34, 0x29, 0x28, 0x65, 0x8A, 0x0E, 0xF8, 0x03, 0x67, 0xC5, 0x7B, 0x24, 0xEF, 0x77,
    0xA1, 0x77, 0xAB, 0x9E, 0x8F, 0x48, 0x3F, 0xBE, 0xD1, 0xCE, 0xEB, 0x6C, 0xD1, 0xF1, 0x3A, 0x39,
    0x8F, 0xA7, 0x16, 0x82, 0xED, 0x98, 0xC9, 0x82, 0xE6, 0x5C, 0x60, 0xF2, 0xD0, 0x91, 0xE5, 0x65,
    0x17, 0x72, 0x16, 0x93, 0x38, 0x56, 0x94, 0x54, 0xD6, 0xD8, 0x49, 0xF6, 0xCC, 0x22, 0x59, 0x6E,
    0xA1, 0x2C, 0xDF, 0x58, 0x14, 0xCB, 0xA5, 0xC4, 0x0F, 0xC9, 0xAC, 0x73, 0xCF, 0x56, 0x8A, 0x6E,
    0x03, 0xA6, 0x7D, 0x08, 0xEC, 0x95, 0x6F, 0xB9, 0x3E, 0x66, 0x96, 0x16, 0x20, 0xD9, 0x55, 0xC6,
    0x0A, 0x53, 0x50, 0xCA, 0xDA, 0x5B, 0xCE, 0x3A, 0x58, 0xD2, 0x5A, 0xF0, 0xB6, 0x73, 0x39, 0xDE,
    0xC0, 0xBC, 0xB2, 0x1F, 0x37, 0x92, 0xE7, 0x53, 0x4B, 0x5C, 0x7F, 0xAB, 0xCC, 0x35, 0x79, 0x2E,
    0xF1, 0x22, 0xAF, 0xAC, 0x55, 0x37, 0x30, 0x0F, 0xDD, 0x13, 0x40, 0xBF, 0xDE, 0x9B, 0x1E, 0x5E,
    0x7E, 0x44, 0xE9, 0xFA, 0x39, 0xA5, 0xD1, 0x11, 0xCA, 0xE7, 0xC0, 0xB3, 0xC8, 0x50, 0x1E, 0x81,
    0xE9, 0x18, 0x46, 0x96, 0x33, 0xC5, 0x2E, 0x8A, 0x9F, 0x0D, 0xCC, 0x15, 0x46, 0x68, 0x9A, 0x43,
    0xC9, 0x01, 0x86, 0x1C, 0x00, 0xD2, 0x01, 0xD1, 0x08, 0xC6, 0x0B, 0xF6, 0x7B, 0x04, 0x93, 0xA8,
    0x43, 0x58, 0xC1, 0x00, 0xFD, 0xB7, 0x09, 0x41, 0x00, 0x70, 0x49, 0x43, 0x08, 0x76, 0x4C, 0xB0,
    0xB7, 0x19, 0x91, 0x40, 0x6E, 0x91, 0xD5, 0x8C, 0xF1, 0xF5, 0xAB, 0xAE, 0xCD, 0xA3, 0xCF, 0x77,
    0xED, 0xF6, 0xCC, 0x1D, 0x12, 0xC9, 0x29, 0x94, 0xBB, 0x68, 0x6B, 0xB6, 0x53, 0x1E, 0x5B, 0xD5,
    0x4B, 0x52, 0xF2, 0x22, 0x43, 0x7D, 0xBA, 0xF7, 0xA7, 0xBB, 0xBD, 0x17, 0x75, 0x53, 0x65, 0x38,
    0x25, 0x4C, 0xA8, 0x42, 0xDE, 0x55, 0x12, 0x65, 0xA9, 0x76, 0x6E, 0xD9, 0x74, 0x56, 0xE9, 0xE8,
    0xA4, 0x96, 0x25, 0xC7, 0x9D, 0x91, 0xBB, 0xFF, 0x7F, 0x76, 0x3C, 0xBE, 0xED, 0x6E, 0xAE, 0x19,
    0xCC, 0xE8, 0xEF, 0xD2, 0x4F, 0x28, 0x64, 0xFC, 0x9C, 0x8A, 0x8A, 0x54, 0xE8, 0x04, 0x8A, 0x55,
    0xEE, 0xC1, 0x42, 0xDC, 0x47, 0x74, 0x92, 0x84, 0xD0, 0x30, 0x34, 0x10, 0x0D, 0x45, 0x83, 0xD1,
    0x70, 0x14, 0x90, 0x5A, 0xAF, 0x6A, 0x91, 0x62, 0x10, 0x4B, 0x27, 0x30, 0x9D, 0xD0, 0x74, 0x82,
    0xD3, 0x09, 0x4F, 0x27, 0x40, 0xE5, 0xB9, 0x76, 0x2A, 0x4C, 0xB7, 0x4E, 0x98, 0x3A, 0x81, 0xEA,
    0x26, 0x54, 0x37, 0xFB, 0x96, 0xC9, 0x51, 0xA9, 0x32, 0x55, 0x9D, 0x73, 0x0D, 0x04, 0x5F, 0x97,
    0x7D, 0xBF, 0x29, 0xBC, 0xBB, 0x17, 0x7D, 0x8E, 0xD2, 0xE5, 0x76, 0xFC, 0xB7, 0xB3, 0x0A, 0x65,
    0xAF, 0x2F, 0xE9, 0x52, 0x07, 0x39, 0xD6, 0x4E, 0xDB, 0x68, 0x3F, 0x24, 0xF2, 0xAB, 0xFD, 0x66,
    0x73, 0x15, 0x9C, 0x2F, 0xAA, 0xE0, 0x42, 0xB2, 0x54, 0x6E, 0x12, 0xEA, 0xB8, 0xEC, 0x0E, 0x24,
    0x51, 0x28, 0x90, 0xC8, 0xCC, 0x7F, 0xC0, 0x18, 0x36, 0x07, 0x63, 0x88, 0x8E, 0x8C, 0x21, 0x38,
    0x36, 0x86, 0x67, 0xFF, 0xC4, 0x18, 0xD2, 0x23, 0x63, 0x88, 0x8F, 0x8C, 0x21, 0x34, 0x63, 0x70,
    0xC7, 0xC6, 0x60, 0xD5, 0xE1, 0x7C, 0x33, 0x45, 0x07, 0x66, 0xFA, 0x89, 0x54, 0x9D, 0x59, 0x8A,
    0x96, 0x79, 0x2B, 0x2F, 0x87, 0xA3, 0x33, 0xF0, 0x80, 0x3C, 0x83, 0x60, 0xCF, 0xBE, 0xC6, 0xD9,
    0xF0, 0x4E, 0x1B, 0xF8, 0x6D, 0xD4, 0x85, 0x7E, 0x1D, 0x76, 0xD1, 0x08, 0xD6, 0x23, 0x32, 0x4E,
    0xD0, 0xED, 0xF4, 0x26, 0xD3, 0xE9, 0x4D, 0x76, 0xEA, 0x44, 0xA8, 0x11, 0xA1, 0x3E, 0x84, 0x00,
    0x90, 0xFE, 0xA5, 0x1D, 0x62, 0x60, 0x2D, 0x88, 0x61, 0x59, 0x11, 0x0E, 0xFB, 0xB4, 0xA9, 0x9F,
    0x6D, 0x40, 0x91, 0x99, 0xAD, 0x85, 0x84, 0xFC, 0xC5, 0x56, 0x44, 0x3F, 0x7C, 0xA8, 0x92, 0x4C,
    0x6F, 0x3C, 0xED, 0x19, 0x6F, 0xCE, 0x1F, 0x5E, 0xFF, 0x3B, 0x95, 0xB6, 0x5E, 0x53, 0x30, 0x13,
    0x90, 0xE5, 0x50, 0x2A, 0x4E, 0x50, 0x47, 0xB4, 0x23, 0x96, 0x1E, 0x50, 0x84, 0x36, 0x19, 0x15,
    0x40, 0xBC, 0x4A, 0xEE, 0x4A, 0x71, 0xA4, 0x52, 0x24, 0xAD, 0x54, 0x5D, 0x79, 0x8D, 0xA3, 0x02,
    0xAE, 0xC6, 0x60, 0x28, 0xD6, 0xE4, 0x91, 0x63, 0xD4, 0xF3, 0x4D, 0xDC, 0x71, 0x4E, 0xDA, 0xD0,
    0x96, 0x57, 0x3B, 0x55, 0x96, 0x35, 0x4C, 0x25, 0xF0, 0xEB, 0x64, 0x70, 0xC9, 0x08, 0x5E, 0x3F,
    0x63, 0x31, 0x53, 0x79, 0x24, 0x0F, 0xEE, 0x0D, 0x2F, 0x29, 0xEE, 0xEC, 0x45, 0x91, 0x24, 0x12,
    0x64, 0x21, 0xC7, 0x1D, 0xD5, 0x9E, 0x1D, 0x81, 0xA1, 0x95, 0xFE, 0xBE, 0xAA, 0x71, 0xE6, 0x56,
    0x2C, 0x37, 0x93, 0x46, 0x8D, 0x1F, 0xA8, 0x39, 0x6A, 0xC1, 0x2C, 0x4A, 0x27, 0x98, 0x40, 0x4B,
    0x6F, 0xD0, 0x60, 0x88, 0x9B, 0x9C, 0x5A, 0x63, 0xB9, 0xC9, 0x9E, 0x45, 0x5A, 0xAB, 0xF7, 0x93,
    0xD3, 0x0A, 0x57, 0xBB, 0x70, 0x74, 0xE9, 0xF8, 0xB8, 0xE3, 0x8E, 0x90, 0xB5, 0xE0, 0x81, 0xB3,
    0xAA, 0x28, 0x2A, 0x03, 0x56, 0xB6, 0x35, 0xBD, 0x7B, 0x74, 0xC6, 0x5A, 0x37, 0xB0, 0xB6, 0x80,
    0x7A, 0x20, 0x17, 0x93, 0x87, 0x57, 0x44, 0xBD, 0x12, 0x4B, 0x52, 0x49, 0x28, 0x93, 0xC9, 0xDA,
    0x3A, 0xEE, 0x7F, 0xA3, 0x68, 0x94, 0x1B, 0x77, 0x4B, 0xB9, 0x36, 0x09, 0x9C, 0xD6, 0x62, 0x36,
    0x0F, 0x55, 0x90, 0x7C, 0xCC, 0xB2, 0x10, 0x81, 0x36, 0xD5, 0xD4, 0xF5, 0x6B, 0x97, 0xA4, 0x6C,
    0xD2, 0xBB, 0x29, 0x7E, 0xD2, 0xFC, 0xA4, 0xFA, 0x49, 0xF7, 0xA6, 0x7C, 0x67, 0xDA, 0xB7, 0x23,
    0x34, 0x5A, 0x7E, 0xE4, 0xAD, 0xA5, 0x54, 0x59, 0xA2, 0x54, 0x59, 0xAE, 0x58, 0x59, 0x03, 0xC1,
    0xDB, 0x6D, 0xB4, 0xAC, 0xD2, 0x6E, 0x58, 0x6E, 0x38, 0x38, 0x03, 0xC2, 0x19, 0x12, 0xCE, 0xA0,
    0x70, 0x86, 0x85, 0x75, 0x51, 0x6A, 0x67, 0x68, 0x38, 0x83, 0x63, 0xC6, 0x63, 0x02, 0x64, 0x46,
    0xC4, 0x20, 0x99, 0x35, 0x60, 0x0A, 0x30, 0xF9, 0x4D, 0x7C, 0x49, 0x1F, 0x36, 0xEA, 0x7E, 0x2C,
    0x65, 0xD7, 0x32, 0x21, 0x64, 0x10, 0x09, 0x23, 0x27, 0x90, 0x9C, 0x50, 0x9A, 0x1B, 0xA1, 0xC4,
    0xC9, 0x09, 0x28, 0x79, 0xC5, 0x56, 0x11, 0x92, 0xBD, 0x41, 0xA7, 0xE6, 0x20, 0xA7, 0x09, 0x2D,
    0x8D, 0x73, 0x53, 0x54, 0x80, 0x19, 0x62, 0x06, 0xD9, 0x84, 0x99, 0x81, 0x76, 0xD4, 0x34, 0x90,
    0x28, 0xF8, 0x8C, 0x02, 0x00, 0xB9, 0xBD, 0x10, 0xE0, 0x1D, 0x10, 0x48, 0x9D, 0x45, 0x3D, 0xEB,
    0x53, 0xDA, 0x22, 0x0A, 0xF9, 0xE4, 0xC9, 0x8A, 0xC9, 0x99, 0x6D, 0xA6, 0xDE, 0xDE, 0x30, 0xA5,
    0xAC, 0x83, 0xA5, 0xED, 0xC1, 0x08, 0x4F, 0x80, 0xB5, 0x21, 0xE8, 0xCD, 0x77, 0xF1, 0x7F, 0x06,
    0x97, 0x60, 0x72, 0x38, 0x02, 0x11, 0x4F, 0x77, 0x41, 0x8A, 0xF7, 0xC2, 0x14, 0xF3, 0x15, 0x24,
    0xF3, 0xDA, 0xF2, 0xA0, 0x6C, 0x6B, 0x20, 0x03, 0x15, 0x95, 0x93, 0x80, 0x45, 0x6C, 0x11, 0x17,
    0x3F, 0x9D, 0x14, 0x16, 0x97, 0x26, 0x4E, 0x73, 0x80, 0xC6, 0xDD, 0x58, 0xBB, 0xE0, 0x81, 0x69,
    0x3B, 0x87, 0x3F, 0x42, 0xF1, 0x12, 0x50, 0x1B, 0xD0, 0xF8, 0xA7, 0xC3, 0x3B, 0x0D, 0x74, 0x9E,
    0x3E, 0xDF, 0x46, 0x2D, 0x43, 0xBC, 0x5F, 0xCB, 0xE7, 0x23, 0x0A, 0xD8, 0x09, 0xE9, 0xC1, 0x12,
    0x75, 0xDF, 0xB9, 0x62, 0x4B, 0xED, 0x9F, 0xFD, 0xC8, 0x97, 0xCA, 0x50, 0xA0, 0x1E, 0x22, 0xE0,
    0xFD, 0xA9, 0x30, 0xF8, 0xAB, 0x65, 0xE9, 0x2A, 0x58, 0xF6, 0xF7, 0xB5, 0x75, 0x5C, 0x89, 0x45,
    0xA7, 0x0E, 0x73, 0x80, 0x55, 0x27, 0xC4, 0xA3, 0xF5, 0x3F, 0xAD, 0x48, 0x64, 0x5B, 0x10, 0x7A,
    0x60, 0x92, 0x90, 0x7F, 0xA2, 0x32, 0x79, 0xCA, 0x5F, 0x1C, 0x92, 0x86, 0xB8, 0x3D, 0xA4, 0x0B,
    0xF9, 0x22, 0x73, 0xBD, 0x7F, 0xE1, 0x10, 0xFD, 0x49, 0x8D, 0x4D, 0xC2, 0xAC, 0xF2, 0x0C, 0xDA,
    0x7A, 0x63, 0x54, 0xF0, 0x36, 0xE0, 0x14, 0x9E, 0xE6, 0x87, 0xB9, 0x63, 0x3E, 0x2A, 0x57, 0x50,
    0x96, 0xE0, 0x94, 0xF4, 0x20, 0x52, 0x65, 0xAD, 0x80, 0xDA, 0x92, 0x43, 0xD9, 0x3D, 0x95, 0x19,
    0x35, 0x56, 0xFB, 0x5A, 0xDA, 0xA0, 0xCE, 0xE0, 0x56, 0x7D, 0xFE, 0x9A, 0x4B, 0x2D, 0x1F, 0xC8,
    0x16, 0xE6, 0x87, 0x87, 0x55, 0x3D, 0x59, 0xE6, 0xBE, 0x3F, 0xF8, 0x68, 0x4E, 0xD2, 0x2C, 0x0A,
    0xEE, 0xE6, 0xCE, 0xC0, 0x07, 0x8B, 0xEC, 0x96, 0x53, 0x18, 0xA0, 0x57, 0xFC, 0x95, 0x80, 0x8A,
    0x3B, 0x1B, 0x9F, 0xDA, 0x0F, 0x51, 0xA1, 0x7A, 0x96, 0xE3, 0x5C, 0x1F, 0x49, 0x31, 0xC9, 0x95,
    0x6D, 0x87, 0x17, 0xF4, 0x11, 0x5F, 0x15, 0x95, 0x9D, 0x6F, 0xA9, 0xC6, 0x57, 0xB4, 0x54, 0xDF,
    0x77, 0x4B, 0x1D, 0xDE, 0xB8, 0x8F, 0xDD, 0x0B, 0x18, 0xF2, 0x5F, 0x20, 0x5B, 0xF4, 0xC7, 0xBF,
    0x9F, 0xC2, 0x54, 0x4B, 0x1D, 0x19, 0xC7, 0x74, 0x72, 0x22, 0xAE, 0xDF, 0x3C, 0xB2, 0xAB, 0x1A,
    0xDB, 0x9B, 0x17, 0x76, 0x7F, 0xAE, 0x59, 0xB7, 0x7C, 0x47, 0xC9, 0xFB, 0x8A, 0x79, 0xD2, 0x94,
    0xBC, 0x47, 0x5F, 0xEC, 0xE4, 0x05, 0x25, 0x8D, 0xBF, 0x90, 0xBC, 0xBF, 0x1A, 0x18, 0xDD, 0x65,
    0xA3, 0x27, 0x2D, 0x33, 0xB8, 0x83, 0x1D, 0x9B, 0xB2, 0x5F, 0xE8, 0x87, 0x17, 0xAA, 0x56, 0x25,
    0xD9, 0x9D, 0x97, 0x6E, 0xD6, 0xD6, 0x2B, 0x36, 0x42, 0xB3, 0x27, 0xB5, 0xB2, 0x37, 0x68, 0x8F,
    0x1B, 0xD7, 0xFC, 0x3C, 0x86, 0x0B, 0x93, 0x3F, 0x4B, 0xA9, 0xDD, 0x7C, 0xE7, 0x7E, 0xE5, 0x8A,
    0x72, 0x86, 0x63, 0x3C, 0x1E, 0x2C, 0x79, 0x52, 0x4B, 0xA2, 0x9D, 0x7F, 0x45, 0xB1, 0x9F, 0xC8,
    0xE4, 0xE1, 0x12, 0x65, 0x04, 0x36, 0xE9, 0xC0, 0x67, 0xBD, 0x7F, 0x32, 0xB2, 0xEF, 0x51, 0xD8,
    0xE2, 0x33, 0xF6, 0x82, 0x88, 0xEA, 0xCA, 0x8F, 0x60, 0xE8, 0x8E, 0x31, 0xF5, 0x68, 0xDE, 0xEA,
    0xE0, 0x20, 0x56, 0x17, 0x1D, 0x44, 0xF0, 0x50, 0x51, 0xB3, 0x65, 0xC4, 0x02, 0xBA, 0xE3, 0xDB,
    0xBD, 0xD9, 0x63, 0xBC, 0x6F, 0x44, 0x4A, 0xF6, 0x48, 0x99, 0xB7, 0x8C, 0xCB, 0xD8, 0x13, 0x67,
    0x7E, 0x8A, 0x25, 0x93, 0x6E, 0xD2, 0x49, 0xC9, 0xA7, 0x84, 0x79, 0x7C, 0x1B, 0xA7, 0x44, 0x69,
    0x88, 0xA8, 0xCF, 0xDE, 0xF8, 0x23, 0x89, 0x29, 0x0A, 0xEC, 0xF6, 0xFE, 0x86, 0xB5, 0x1D, 0xCC,
    0x06, 0xF1, 0xBD, 0xA5, 0xD3, 0xBE, 0xF5, 0xD5, 0x54, 0xE7, 0x3F, 0x00, 0xD5, 0x58, 0x3D, 0x8F,
    0xDC, 0x54, 0x14, 0xBD, 0xB6, 0x77, 0xD7, 0x62, 0x5D, 0x38, 0x45, 0x02, 0xD2, 0x46, 0xC2, 0x0D,
    0x55, 0x0A, 0xE6, 0x0F, 0xC0, 0xD8, 0xD0, 0xA4, 0xA0, 0x20, 0x45, 0x26, 0x35, 0x05, 0x05, 0xD0,
    0xD0, 0x50, 0x50, 0x64, 0x67, 0x2C, 0xF1, 0x07, 0xB6, 0xA2, 0xDE, 0x82, 0x82, 0x8F, 0x82, 0x86,
    0x22, 0x12, 0xBB, 0x33, 0x96, 0xF8, 0x03, 0x6E, 0xE8, 0x47, 0x0A, 0x69, 0x42, 0x81, 0x05, 0x46,
    0x99, 0x0D, 0xF6, 0x98, 0x7B, 0xCE, 0x7D, 0x9E, 0xD9, 0xD9, 0x4D, 0x42, 0x24, 0x94, 0x6C, 0xD6,
    0x92, 0xDF, 0x78, 0xFC, 0xF1, 0xDE, 0xB9, 0xE7, 0xDC, 0x77, 0xDF, 0xBD, 0x4F, 0xE4, 0x46, 0x2E,
    0x32, 0x29, 0xC4, 0xEB, 0x2A, 0x09, 0xFF, 0xAC, 0x25, 0x29, 0x1A, 0x19, 0xCB, 0x50, 0xAE, 0xC8,
    0x96, 0xE0, 0xF0, 0x46, 0x22, 0x83, 0xAE, 0x96, 0xAE, 0x6B, 0x82, 0xE5, 0x9D, 0x26, 0xA8, 0x45,
    0xC2, 0xCA, 0x9D, 0x7A, 0x1D, 0xB4, 0xFA, 0x4A, 0x57, 0x68, 0x17, 0x0B, 0x91, 0xA8, 0xD3, 0x0F,
    0xF0, 0x67, 0x50, 0x8A, 0xC4, 0x73, 0x77, 0x96, 0x07, 0x32, 0x28, 0x96, 0x77, 0xBA, 0xBC, 0xEB,
    0x3A, 0x76, 0x25, 0x23, 0xE9, 0x8F, 0xCF, 0xBB, 0x03, 0x09, 0xBA, 0xAE, 0x95, 0x58, 0xFB, 0x97,
    0x74, 0x2E, 0xF7, 0x64, 0x92, 0xA3, 0x13, 0x3C, 0x5C, 0x6E, 0x36, 0xBC, 0xA7, 0x48, 0x45, 0x52,
    0xED, 0x43, 0xBF, 0xD0, 0xC6, 0xEF, 0xE6, 0x62, 0x63, 0x4B, 0x84, 0x97, 0x3C, 0x7B, 0x09, 0x5D,
    0xA4, 0x6C, 0x8A, 0xD5, 0x95, 0x75, 0xFB, 0x85, 0x04, 0x4B, 0x99, 0x3C, 0x9C, 0x35, 0x32, 0xE9,
    0xF4, 0xDB, 0xA4, 0x5B, 0x66, 0x22, 0x09, 0x9E, 0xC5, 0xF8, 0x72, 0x80, 0xAB, 0xEB, 0xE8, 0xD3,
    0xAF, 0xFA, 0x06, 0xA6, 0x06, 0xB0, 0x2A, 0x58, 0xBE, 0x28, 0x42, 0xF6, 0xF5, 0xB5, 0x2F, 0xF5,
    0xD4, 0x6F, 0x65, 0xA6, 0x80, 0xE2, 0xDC, 0xCE, 0x41, 0x26, 0x89, 0x0E, 0x9A, 0xFC, 0x86, 0x81,
    0x3F, 0x91, 0x3D, 0x51, 0x61, 0x1A, 0xFD, 0x7F, 0x53, 0x07, 0x8B, 0xFF, 0xD0, 0x7E, 0x43, 0x0C,
    0x80, 0x21, 0x45, 0x6E, 0xC9, 0xE9, 0xE3, 0xD5, 0x20, 0xF6, 0x9A, 0x9E, 0x8A, 0x7A, 0x27, 0x97,
    0xB8, 0x50, 0x5B, 0xC2, 0xB9, 0x22, 0xF5, 0xFF, 0xC1, 0x20, 0x5D, 0xE9, 0x4C, 0x95, 0x6B, 0x3D,
    0x64, 0x10, 0x6B, 0x74, 0x00, 0x32, 0xB8, 0x15, 0x90, 0x4B, 0x66, 0x5D, 0x53, 0xF7, 0xD6, 0x92,
    0x61, 0x07, 0x8F, 0xC8, 0xF8, 0x1F, 0x2C, 0x93, 0x62, 0xD7, 0x94, 0x02, 0xA6, 0x05, 0x54, 0x0B,
    0xB8, 0xB6, 0xDE, 0xE9, 0x7E, 0x4A, 0x8B, 0xDE, 0x48, 0x56, 0x2D, 0x6C, 0x9C, 0x10, 0xC6, 0x4C,
    0x56, 0xC4, 0x50, 0x0F, 0x01, 0xE3, 0x3A, 0x22, 0x5B, 0x9F, 0x6D, 0xB0, 0x60, 0x5B, 0xB3, 0x05,
    0x30, 0x83, 0x27, 0x11, 0x46, 0xB5, 0xB1, 0x31, 0xB8, 0x1E, 0x49, 0x41, 0xAF, 0x2A, 0x56, 0xBE,
    0x25, 0x69, 0xB6, 0x6E, 0x9F, 0x39, 0xA0, 0xFC, 0xC4, 0x96, 0x1D, 0xFB, 0x1C, 0xCA, 0xB3, 0x77,
    0x52, 0xB6, 0x03, 0xB6, 0x63, 0xDE, 0xE0, 0xFB, 0x29, 0x87, 0x95, 0x1D, 0xB8, 0x4F, 0x66, 0xCF,
    0x53, 0xEB, 0xF7, 0x7A, 0xD7, 0xE5, 0x69, 0xD7, 0x65, 0xAF, 0xB7, 0x23, 0x9A, 0xE1, 0x2F, 0x0C,
    0x7C, 0xE0, 0xDC, 0x36, 0xAA, 0x0C, 0x3A, 0x20, 0xC7, 0x85, 0x81, 0x06, 0x58, 0x9C, 0x00, 0x0A,
    0x85, 0x07, 0x0F, 0x72, 0xE5, 0xA9, 0x50, 0x87, 0xD3, 0x50, 0x81, 0x6F, 0x0B, 0xFB, 0x66, 0x07,
    0x63, 0x1F, 0xD9, 0x89, 0xBE, 0x29, 0x1F, 0x0C, 0xDD, 0x5D, 0xA9, 0x1E, 0x54, 0x67, 0x54, 0xCF,
    0x4F, 0xAB, 0x4E, 0xE8, 0x2A, 0x40, 0x33, 0xE9, 0x9B, 0x85, 0x71, 0x4D, 0xAA, 0xC9, 0x34, 0x89,
    0x0E, 0x56, 0x5E, 0x00, 0xB8, 0x2B, 0x81, 0x0D, 0xB1, 0xF1, 0x3C, 0x58, 0x7B, 0x67, 0xD6, 0xB3,
    0x4B, 0x72, 0xA7, 0x2B, 0x6A, 0xDB, 0x5E, 0xC9, 0x27, 0xF5, 0xAE, 0xC7, 0xA7, 0xF6, 0x8E, 0xB7,
    0xE0, 0xAD, 0x9D, 0x9B, 0xA5, 0xC4, 0x1F, 0xE6, 0x32, 0x78, 0xED, 0x85, 0x71, 0x29, 0x57, 0xFF,
    0x9F, 0xF9, 0xFA, 0x45, 0x2D, 0xB3, 0x4E, 0x83, 0xF7, 0xF7, 0xB3, 0x87, 0x87, 0xCE, 0xF2, 0xA7,
    0x9A, 0xDF, 0x3C, 0xD3, 0x7C, 0xEF, 0x40, 0xAF, 0xB4, 0xCF, 0xA8, 0x30, 0xEC, 0x8A, 0x75, 0x47,
    0xE7, 0xB2, 0x4E, 0x95, 0x72, 0x7B, 0x36, 0xCA, 0xD8, 0xE3, 0xD4, 0x75, 0xD5, 0x02, 0x76, 0xAB,
    0x67, 0x23, 0x6F, 0x9C, 0xDC, 0xDE, 0xA4, 0x60, 0x7E, 0x8A, 0x02, 0x5C, 0x9F, 0x7C, 0xA4, 0xA6,
    0x56, 0x5C, 0x61, 0x64, 0xDB, 0x0D, 0x74, 0x88, 0xB8, 0xE2, 0x55, 0x98, 0x92, 0xBF, 0xEB, 0x7B,
    0x43, 0xF0, 0x21, 0x77, 0x19, 0x65, 0xAE, 0xC8, 0x99, 0x23, 0xA5, 0xA3, 0x4F, 0x28, 0x80, 0x8D,
    0xBF, 0xA4, 0x2D, 0x10, 0xAA, 0x31, 0x11, 0xD0, 0x06, 0xB5, 0x89, 0x61, 0x11, 0x39, 0xA0, 0x18,
    0x86, 0x07, 0x94, 0xC5, 0x25, 0x63, 0x6F, 0x01, 0x54, 0x49, 0x01, 0xF3, 0x06, 0x45, 0x42, 0x23,
    0x4D, 0x1A, 0x08, 0x93, 0x92, 0xB9, 0x09, 0xDB, 0x25, 0xDB, 0x16, 0x24, 0x28, 0x59, 0x3A, 0x83,
    0x35, 0xF8, 0x24, 0x95, 0x0C, 0x2A, 0x0D, 0x1D, 0x3F, 0x28, 0xD8, 0xC0, 0xC5, 0x8C, 0x0E, 0xB1,
    0xD9, 0xBB, 0x4D, 0xA0, 0x1F, 0xCB, 0x5B, 0x7A, 0x3F, 0xBB, 0xA7, 0xAF, 0x3C, 0xAE, 0x24, 0xF9,
    0x40, 0xE3, 0xE0, 0xDB, 0x70, 0xF7, 0xAD, 0x0D, 0x73, 0x14, 0x5F, 0xB0, 0x50, 0x60, 0x41, 0x8D,
    0xA6, 0x52, 0xAA, 0xC2, 0x4A, 0x51, 0x45, 0x73, 0x05, 0x15, 0x97, 0x8A, 0x49, 0x67, 0x0D, 0x1A,
    0x1D, 0x39, 0x29, 0x14, 0xC4, 0x20, 0x4F, 0x01, 0x70, 0x02, 0x64, 0x53, 0x48, 0xBA, 0x44, 0x24,
    0x68, 0x11, 0x6F, 0x5B, 0x89, 0x5A, 0x8D, 0xBD, 0xC3, 0x46, 0x66, 0x5F, 0x37, 0x1A, 0xE6, 0xBB,
    0xF9, 0x42, 0xC7, 0x7E, 0xAF, 0xEE, 0x57, 0x83, 0xED, 0x91, 0x8B, 0x75, 0xAB, 0x76, 0x7B, 0x74,
    0xFB, 0x72, 0x92, 0xEB, 0x8D, 0xD4, 0x03, 0xC3, 0x8E, 0xD3, 0x46, 0x03, 0x8C, 0x37, 0x1A, 0x5D,
    0x0C, 0xA5, 0x91, 0x84, 0x58, 0x9C, 0x33, 0xC4, 0xD8, 0xE8, 0x01, 0xE6, 0x57, 0xD8, 0xD9, 0x8A,
    0xC4, 0x39, 0xB4, 0x75, 0x49, 0x7D, 0x37, 0xC8, 0xBD, 0x52, 0x83, 0xBA, 0x86, 0xF5, 0xE0, 0xE4,
    0x47, 0xFD, 0x8C, 0xCE, 0xC2, 0xF5, 0xD5, 0xBB, 0x20, 0xDF, 0x95, 0x3D, 0xAE, 0x91, 0xA4, 0xD5,
    0xFF, 0x9B, 0xA1, 0xAA, 0x78, 0x67, 0xDD, 0x96, 0x68, 0xBD, 0xC7, 0x5C, 0x89, 0x67, 0x5C, 0xFA,
    0xBC, 0xCB, 0x1A, 0x36, 0x76, 0x0E, 0x80, 0x16, 0x96, 0x9C, 0x20, 0x11, 0xAC, 0x12, 0x7D, 0x32,
    0x47, 0x3A, 0x5A, 0xBD, 0x89, 0x88, 0x7B, 0x8C, 0xA5, 0xAD, 0xBE, 0x48, 0x25, 0x76, 0x0F, 0x3F,
    0xB3, 0x64, 0x86, 0x09, 0x48, 0xFA, 0x3E, 0x49, 0x6F, 0x43, 0xA6, 0xC9, 0x35, 0xF2, 0x54, 0x09,
    0x8B, 0x77, 0x4D, 0x82, 0x73, 0xC1, 0xDB, 0xC9, 0xE0, 0x74, 0xE8, 0xD7, 0x0F, 0x53, 0xC2, 0xA4,
    0xE8, 0xD7, 0x51, 0x13, 0xA3, 0x5F, 0x51, 0x5D, 0x5E, 0x6D, 0x7A, 0xF4, 0xEB, 0x8A, 0x29, 0x62,
    0x59, 0x74, 0x21, 0xA6, 0x89, 0x98, 0x28, 0x62, 0xAA, 0xF4, 0x0B, 0xAD, 0xE9, 0xE2, 0x84, 0x71,
    0xCA, 0x38, 0x69, 0x9C, 0x36, 0x4E, 0x1C, 0xA7, 0x8E, 0x93, 0xA7, 0xD7, 0xC7, 0x09, 0xD4, 0x2B,
    0x24, 0xFE, 0x37, 0x7B, 0x39, 0x80, 0xA0, 0x87, 0xA4, 0xC0, 0x7C, 0x4F, 0x99, 0x93, 0x35, 0xA1,
    0x62, 0xF0, 0xE7, 0x09, 0x5E, 0xCD, 0xCE, 0xCC, 0x7D, 0x2A, 0x44, 0x1B, 0x6A, 0x67, 0x09, 0x45,
    0x12, 0xAA, 0xE4, 0xF0, 0x1B, 0x7C, 0x0A, 0x25, 0x54, 0x4A, 0x28, 0x95, 0x83, 0x4E, 0xB1, 0x4C,
    0x2D, 0x93, 0xCB, 0xF4, 0x32, 0xC1, 0x4C, 0x31, 0x93, 0xCC, 0x34, 0x73, 0xA2, 0x39, 0xD5, 0x2E,
    0x81, 0xFB, 0x1F, 0x4B, 0x5F, 0x63, 0x31, 0xE7, 0xB0, 0x9A, 0x47, 0x07, 0xE2, 0xC4, 0x67, 0x51,
    0x26, 0x31, 0x73, 0xDB, 0xB0, 0x91, 0x0B, 0x58, 0x42, 0x91, 0x0B, 0x19, 0x98, 0xFD, 0x55, 0x56,
    0xBE, 0x58, 0x5D, 0x31, 0x97, 0x65, 0x19, 0xD4, 0xBB, 0x88, 0xFD, 0x46, 0x0E, 0xEB, 0xC0, 0xB2,
    0x75, 0x99, 0x59, 0xBE, 0xEE, 0x2F, 0x98, 0xA8, 0x4A, 0x54, 0x86, 0xAC, 0x0C, 0x34, 0x11, 0xCA,
    0xCE, 0xCD, 0x15, 0x88, 0xA3, 0x76, 0x78, 0x4D, 0xCB, 0x62, 0x26, 0xC0, 0x6F, 0xAA, 0xBF, 0x75,
    0xCB, 0x20, 0x17, 0x21, 0x93, 0xD6, 0xA4, 0x22, 0x2E, 0x5B, 0x4D, 0xA8, 0xB5, 0xC8, 0x2A, 0xA6,
    0x12, 0xFC, 0x35, 0x57, 0xB6, 0xA7, 0x12, 0xDE, 0x9F, 0xD3, 0xB8, 0xF8, 0x97, 0x8A, 0x82, 0x27,
    0x5F, 0x55, 0x8A, 0x73, 0x2A, 0x69, 0x50, 0xA9, 0xC0, 0x53, 0x19, 0x07, 0x10, 0x77, 0x2C, 0xAD,
    0xD2, 0x85, 0xDF, 0x26, 0x00, 0x63, 0x13, 0xBF, 0x0E, 0x2A, 0xE5, 0x6B, 0x82, 0xA7, 0xF0, 0xB8,
    0xA8, 0xF4, 0x2B, 0x05, 0x3C, 0x89, 0x0B, 0xBF, 0x52, 0xA6, 0xD2, 0x41, 0xEE, 0x57, 0xF0, 0xAF,
    0xD4, 0x62, 0x70, 0x3A, 0x16, 0xFF, 0x91, 0x0A, 0x96, 0x1E, 0x89, 0xF7, 0x68, 0xCE, 0xA8, 0xE5,
    0x81, 0x88, 0xB4, 0xB2, 0x92, 0x4C, 0x8B, 0x10, 0xAF, 0xCB, 0x08, 0x9A, 0xB9, 0x1C, 0xF8, 0xB1,
    0x9A, 0x46, 0x6E, 0xD8, 0x0F, 0x8B, 0x03, 0xF5, 0x03, 0x92, 0x10, 0xDF, 0xA7, 0xF8, 0xE9, 0x7B,
    0x8E, 0xD6, 0x23, 0x2B, 0x64, 0xB7, 0xCE, 0xD3, 0x12, 0x34, 0x64, 0x41, 0x1D, 0x01, 0x24, 0xA8,
    0x57, 0xC4, 0xE5, 0xB1, 0x24, 0x47, 0xEA, 0x62, 0xC7, 0x92, 0xDE, 0x55, 0x6D, 0xA7, 0x32, 0xDC,
    0x27, 0x01, 0x47, 0xFB, 0xFA, 0xFA, 0x54, 0x16, 0xFB, 0xEA, 0xDD, 0x53, 0xBF, 0xDA, 0xD7, 0x39,
    0xA8, 0xB6, 0x8F, 0x61, 0x7C, 0x54, 0x0E, 0xD5, 0x55, 0xC6, 0x71, 0x31, 0x54, 0x2D, 0xC6, 0x49,
    0x36, 0x54, 0x27, 0x1E, 0xA7, 0x32, 0x54, 0x83, 0xC7, 0xFB, 0x32, 0x54, 0xF7, 0x18, 0x1E, 0xC9,
    0x50, 0xBD, 0x72, 0x58, 0x73, 0x6E, 0xA9, 0x55, 0xA8, 0x88, 0xD5, 0xA8, 0xB4, 0xA2, 0x2D, 0x29,
    0x51, 0xEF, 0xE5, 0x7D, 0xB9, 0x85, 0xC5, 0x29, 0x00, 0x2F, 0x71, 0x81, 0xAF, 0x50, 0x74, 0x5D,
    0xB5, 0x14, 0xD7, 0x1D, 0x63, 0x4C, 0xB6, 0x14, 0xA9, 0xB6, 0x92, 0x1B, 0x55, 0x3A, 0x5E, 0x02,
    0xF7, 0x4C, 0x73, 0x05, 0x30, 0x53, 0x1B, 0x3C, 0x75, 0xBF, 0x39, 0xA2, 0x04, 0x66, 0x1B, 0x95,
    0x50, 0x19, 0x74, 0xEE, 0xD4, 0x3A, 0xE3, 0xBD, 0x13, 0x78, 0x12, 0x2B, 0x56, 0x2E, 0x82, 0x33,
    0x96, 0xBC, 0x9B, 0xA9, 0xFD, 0xF2, 0x09, 0xA9, 0xFD, 0x62, 0x23, 0xB5, 0x0F, 0x5D, 0x65, 0xB3,
    0x97, 0xAF, 0x8B, 0x44, 0x76, 0x47, 0xDC, 0xA4, 0x11, 0x53, 0x18, 0xE5, 0xE2, 0x26, 0x74, 0x2B,
    0xAD, 0x7C, 0x30, 0x8D, 0x9E, 0x30, 0xBD, 0x18, 0xC1, 0x2C, 0x7C, 0x61, 0x6A, 0x57, 0x98, 0xEC,
    0xCA, 0xEB, 0x14, 0xB9, 0x3F, 0x63, 0x49, 0x15, 0x30, 0x96, 0x60, 0x4C, 0xF5, 0xF7, 0x39, 0x0A,
    0x29, 0x44, 0x0B, 0x6F, 0xC1, 0x8A, 0x64, 0x41, 0xDC, 0x8D, 0xC1, 0xE5, 0x2C, 0x99, 0xB2, 0xAE,
    0x9D, 0x55, 0xAB, 0x0D, 0x08, 0xDB, 0x61, 0x70, 0x85, 0xF1, 0x72, 0x5D, 0x77, 0x5B, 0xAD, 0xCD,
    0xD2, 0xC7, 0xAA, 0xFC, 0x9F, 0xE1, 0x65, 0x32, 0x63, 0x5F, 0x13, 0xAB, 0x7C, 0x19, 0x80, 0xA3,
    0x32, 0x85, 0x51, 0x68, 0x8A, 0x14, 0x0B, 0xD2, 0x39, 0x5F, 0x7A, 0x75, 0x24, 0xE1, 0xD6, 0x9B,
    0xDB, 0x05, 0xB1, 0x2F, 0xCC, 0x4C, 0xDB, 0x3A, 0xB0, 0x02, 0xFF, 0xEA, 0x19, 0xF4, 0x9A, 0xFC,
    0xEA, 0xF0, 0x11, 0x5B, 0xEC, 0x61, 0x18, 0x23, 0x24, 0x80, 0x95, 0xAF, 0x6D, 0xE6, 0xD8, 0x36,
    0x45, 0xC4, 0xDE, 0x12, 0x7B, 0x58, 0x9C, 0x79, 0x18, 0x3E, 0xE5, 0x61, 0xBB, 0x7E, 0x18, 0x3F,
    0xC7, 0x43, 0x42, 0x40, 0x3B, 0x47, 0x29, 0x6A, 0xB3, 0x7A, 0xF7, 0xB0, 0x57, 0x89, 0xD4, 0xB4,
    0xBD, 0x61, 0x8C, 0xF1, 0x9B, 0x2E, 0x96, 0xE2, 0x93, 0x14, 0x59, 0xFD, 0xB5, 0x11, 0x1D, 0x00,
    0x14, 0x7A, 0x6D, 0x4F, 0x17, 0x07, 0x49, 0x37, 0xEF, 0xD7, 0xE7, 0xEF, 0x37, 0x3D, 0x2A, 0xBB,
    0xFF, 0xEB, 0xE8, 0x16, 0xC0, 0x54, 0xD6, 0x00, 0x77, 0x76, 0x6A, 0x47, 0xE6, 0xD4, 0xBE, 0xCC,
    0x8E, 0x3C, 0xE9, 0xB8, 0x0C, 0x14, 0x1F, 0xAC, 0x7C, 0x69, 0xE5, 0x50, 0x5E, 0x7E, 0x3E, 0xF5,
    0x7A, 0x19, 0xEC, 0xEE, 0x66, 0xBE, 0xEA, 0x1D, 0x62, 0xE9, 0xD5, 0x49, 0xC2, 0x79, 0xB0, 0xA4,
    0xF9, 0x93, 0x6A, 0x6D, 0xDB, 0xF6, 0xA5, 0xE3, 0xD8, 0x3F, 0x90, 0x6F, 0xC5, 0xAB, 0x91, 0x10,
    0x1D, 0x33, 0xE3, 0x01, 0x17, 0x09, 0xC6, 0x8C, 0xC9, 0x76, 0xF6, 0xF2, 0xDD, 0xD8, 0xFB, 0x8E,
    0x2C, 0x71, 0xAB, 0x73, 0xC6, 0x75, 0x74, 0xE9, 0xAD, 0xF7, 0x24, 0x9F, 0xB6, 0x1B, 0x59, 0x3E,
    0xC7, 0x6E, 0xA4, 0xFC, 0xE7, 0x6E, 0xA4, 0xDB, 0xFE, 0x5C, 0x9C, 0xDD, 0xFE, 0x0C, 0x9F, 0x7B,
    0x40, 0xD3, 0xD5, 0x86, 0xA2, 0x0C, 0x16, 0xBC, 0x67, 0xB6, 0x04, 0xC0, 0xA1, 0xE5, 0x5F, 0xDD,
    0x59, 0x3D, 0x8F, 0xE4, 0xC6, 0x11, 0x6D, 0x92, 0xD8, 0x23, 0x70, 0x13, 0x30, 0xD1, 0x02, 0x06,
    0x04, 0x79, 0x12, 0x05, 0x56, 0xC4, 0x5F, 0xE0, 0xE3, 0xE8, 0x1F, 0x6C, 0x70, 0x0B, 0x07, 0x4A,
    0x14, 0x1A, 0x4E, 0xF4, 0x0B, 0xB4, 0x64, 0xE6, 0x74, 0x03, 0xDB, 0x89, 0x93, 0x0B, 0x9C, 0x78,
    0x1D, 0x28, 0x75, 0xA0, 0x1D, 0x12, 0x4E, 0x9D, 0x8C, 0x03, 0x45, 0x4E, 0x26, 0xD0, 0x05, 0x56,
    0x22, 0x0A, 0x18, 0x41, 0xD4, 0x89, 0x64, 0xBB, 0xDE, 0x7B, 0xDD, 0x9C, 0x99, 0xDD, 0xBB, 0xD4,
    0xE7, 0xD3, 0x60, 0x8F, 0xDD, 0x37, 0xC3, 0x6E, 0x56, 0xBD, 0xAA, 0xAE, 0x8F, 0x47, 0xE7, 0xF0,
    0x79, 0xDA, 0x70, 0x70, 0x65, 0xE7, 0xDC, 0xCA, 0x7F, 0xED, 0x2A, 0x1B, 0xBD, 0xF7, 0xAE, 0xDE,
    0xB8, 0xDC, 0xC6, 0x6E, 0x76, 0x6E, 0x3D, 0xB8, 0xEA, 0x87, 0xC1, 0xB9, 0xBA, 0xB3, 0x3B, 0x76,
    0xF6, 0xB3, 0x73, 0x99, 0x7D, 0x9D, 0x8E, 0xCE, 0x25, 0x93, 0xCD, 0xED, 0x27, 0x67, 0xFF, 0x5F,
    0xF5, 0x8E, 0xBF, 0x15, 0x7B, 0x1B, 0x5B, 0x5B, 0xD6, 0x69, 0x2C, 0xC3, 0x58, 0x35, 0xFA, 0x9D,
    0xA3, 0xDD, 0x5F, 0x6D, 0x8E, 0x23, 0xF6, 0xB1, 0x27, 0x72, 0x4F, 0x8C, 0xD9, 0xA8, 0xEF, 0xF3,
    0x41, 0xF7, 0x17, 0xB6, 0x37, 0x24, 0x5B, 0xDB, 0xDE, 0xE5, 0x8E, 0xA2, 0xE0, 0xBB, 0xC4, 0xDB,
    0x3D, 0xAB, 0xC9, 0xAD, 0x6C, 0x1B, 0x97, 0xF9, 0x6F, 0x3C, 0x44, 0x71, 0xAD, 0x87, 0x94, 0xCE,
    0xBD, 0xEF, 0x27, 0xE9, 0x76, 0xE9, 0x1E, 0x7C, 0x3C, 0xAF, 0x33, 0x7E, 0x49, 0x46, 0x97, 0xFA,
    0xC1, 0x74, 0x28, 0xBD, 0xB7, 0x1D, 0xDB, 0x97, 0xAD, 0x6F, 0x92, 0x19, 0x3A, 0xDB, 0x77, 0xA6,
    0x92, 0xFD, 0x65, 0xBD, 0x2B, 0x76, 0x2E, 0x3B, 0x40, 0x23, 0xBB, 0x96, 0x0D, 0xAE, 0x26, 0x9D,
    0x7D, 0x6F, 0xD7, 0xDC, 0xAE, 0x54, 0xBE, 0xA2, 0xEA, 0xB8, 0x76, 0xF8, 0xDE, 0x6E, 0x33, 0x89,
    0x6B, 0xC8, 0x9C, 0xDA, 0x93, 0x8A, 0xF9, 0xB3, 0x01, 0x32, 0x7A, 0xA0, 0x53, 0x43, 0x5E, 0x97,
    0x6C, 0x16, 0x81, 0xD2, 0x17, 0x1A, 0xF3, 0x03, 0x36, 0x70, 0x37, 0xB6, 0x5D, 0x0D, 0x09, 0x6D,
    0xC3, 0xAD, 0x8D, 0x93, 0xED, 0x84, 0x25, 0x93, 0x09, 0x6E, 0x3A, 0x25, 0xA6, 0xA7, 0xC9, 0x6D,
    0x82, 0x37, 0x1C, 0x61, 0x81, 0x14, 0xBB, 0x1F, 0xF4, 0xCF, 0x44, 0x82, 0x70, 0xB4, 0x08, 0xE6,
    0xAB, 0xBD, 0xE6, 0xA6, 0x05, 0xAD, 0x53, 0x74, 0x9A, 0xC3, 0x42, 0x98, 0xC3, 0x42, 0x98, 0x03,
    0x69, 0x13, 0x9B, 0xC8, 0x63, 0x0E, 0x51, 0x30, 0xAF, 0xC3, 0x38, 0x87, 0x11, 0xB0, 0xDA, 0xEF,
    0x30, 0x16, 0xD6, 0x9A, 0xD0, 0xB6, 0xBE, 0x77, 0x25, 0x1C, 0x60, 0xE5, 0xFF, 0xE6, 0x61, 0xF0,
    0x14, 0x4E, 0x84, 0x4F, 0xED, 0x0F, 0x1C, 0x93, 0xE7, 0x0F, 0xAD, 0x20, 0x4F, 0xB1, 0xA5, 0xB4,
    0x96, 0xA1, 0x65, 0xB2, 0x67, 0x43, 0xBD, 0x31, 0x91, 0xB3, 0xEF, 0x27, 0x48, 0x9E, 0xD9, 0x5A,
    0x13, 0x3E, 0x37, 0x3D, 0x4D, 0xDE, 0xD5, 0x81, 0xE2, 0x06, 0xC9, 0x83, 0xE0, 0x85, 0xE4, 0xA6,
    0xF8, 0x1B, 0x49, 0xBF, 0x08, 0x0D, 0xB9, 0xB7, 0xF4, 0x3D, 0x13, 0x3D, 0x21, 0x80, 0xF4, 0x5C,
    0x1B, 0x56, 0x13, 0xDD, 0xE0, 0x19, 0x54, 0x68, 0xFF, 0x34, 0x62, 0xA8, 0xFC, 0x1E, 0xEE, 0x53,
    0xF8, 0x8F, 0x29, 0xF0, 0xD5, 0x99, 0xA8, 0x1F, 0x2D, 0x07, 0xC5, 0xEE, 0x68, 0xAA, 0xE5, 0xFB,
    0xD5, 0xBF, 0xC6, 0x65, 0x9E, 0xFD, 0xD4, 0x2F, 0xF3, 0x84, 0x20, 0x9C, 0xB9, 0x9B, 0x3E, 0xEF,
    0xB9, 0x37, 0x7F, 0x56, 0xFE, 0x3F, 0x80, 0xC3, 0xC3, 0x7F, 0x0B, 0x0F, 0xDC, 0x4A, 0xCE, 0xED,
    0x1B, 0x9C, 0x13, 0x1C, 0x47, 0x53, 0xF4, 0x89, 0xA7, 0x24, 0x6D, 0x03, 0x6D, 0xEB, 0x9D, 0x5B,
    0x4E, 0x11, 0x0E, 0x89, 0x4E, 0x8E, 0x23, 0x56, 0xB4, 0x79, 0x1D, 0x0E, 0x28, 0x4E, 0x4D, 0x1B,
    0xE6, 0x75, 0xC3, 0x25, 0xB4, 0x9F, 0x27, 0x1C, 0x9C, 0x63, 0xA9, 0x1B, 0x35, 0xC7, 0xD2, 0x24,
    0x7C, 0x07, 0xFB, 0xD0, 0xBD, 0x06, 0x2D, 0xCD, 0xC2, 0x1C, 0x4B, 0xE9, 0x6E, 0x07, 0x2D, 0x0D,
    0x2E, 0xC7, 0x47, 0xC3, 0xED, 0x4C, 0x1E, 0x9A, 0x76, 0xA5, 0x43, 0xCB, 0x73, 0x0F, 0xE3, 0x99,
    0x33, 0x13, 0x11, 0x98, 0xCE, 0x6F, 0xB8, 0x94, 0x47, 0x6B, 0xD6, 0x52, 0x58, 0xD5, 0x8E, 0xDF,
    0x9A, 0xCE, 0x51, 0x36, 0x4F, 0xEC, 0xC4, 0x70, 0x29, 0x01, 0xD8, 0x20, 0x38, 0x19, 0x0C, 0x36,
    0x1F, 0x18, 0xA8, 0x0C, 0x8C, 0xDA, 0xBF, 0xDA, 0x18, 0xE0, 0xFC, 0x35, 0x7C, 0x9E, 0x6E, 0xE2,
    0x89, 0x72, 0xF9, 0xAE, 0xE8, 0x02, 0xB2, 0xE9, 0xA1, 0x76, 0x01, 0x58, 0x37, 0x8F, 0x2E, 0xE0,
    0xEA, 0xEA, 0xDE, 0x45, 0x58, 0x11, 0x63, 0x02, 0xAA, 0x17, 0xEE, 0x08, 0xAA, 0x3B, 0x62, 0xEA,
    0x22, 0xA4, 0x7C, 0x5C, 0x1B, 0xA7, 0x11, 0xD0, 0xEB, 0x6B, 0xBF, 0xE0, 0x89, 0x7F, 0x61, 0x30,
    0x88, 0x22, 0x9A, 0xE6, 0xF4, 0x11, 0x4C, 0x53, 0xEB, 0x04, 0xCB, 0x00, 0x25, 0x2D, 0x21, 0x24,
    0xF3, 0xC3, 0x02, 0x24, 0x70, 0x3B, 0xC1, 0xF1, 0x04, 0x46, 0xA1, 0x48, 0x5B, 0x0A, 0x44, 0xAC,
    0x88, 0x18, 0xEE, 0xCE, 0x21, 0x0C, 0x08, 0x5E, 0x5F, 0x6F, 0x8E, 0x00, 0x76, 0x47, 0xFC, 0xE4,
    0xB2, 0x4F, 0x9A, 0xF4, 0xD6, 0xFD, 0x45, 0x06, 0x4A, 0xFB, 0x7C, 0x1F, 0xCC, 0x33, 0x96, 0x4D,
    0x30, 0x8E, 0xA2, 0x17, 0x03, 0xDC, 0x20, 0x6C, 0x36, 0x38, 0xFE, 0x01, 0xA5, 0x8B, 0x4D, 0x04,
    0x29, 0xC4, 0xDE, 0x6D, 0x38, 0x1D, 0x7E, 0x7F, 0x8F, 0xA7, 0x76, 0xE6, 0xD4, 0xE3, 0x64, 0x0F,
    0xB5, 0x59, 0xFB, 0xF2, 0x7E, 0x74, 0x97, 0xD7, 0x75, 0x93, 0x78, 0x57, 0xC8, 0x1B, 0x0D, 0xA2,
    0xD5, 0x40, 0xD0, 0x22, 0x00, 0x07, 0x40, 0x06, 0xA5, 0x4C, 0x1B, 0xFB, 0xC3, 0xCC, 0x94, 0x31,
    0x39, 0xE0, 0xA3, 0xCA, 0x27, 0x86, 0x4C, 0xAA, 0x8C, 0x81, 0x30, 0xD1, 0x4B, 0xA2, 0x8E, 0xEA,
    0x57, 0x04, 0x2A, 0x44, 0x33, 0xF3, 0xDE, 0x59, 0x52, 0xFA, 0x86, 0x88, 0x55, 0x9B, 0xD4, 0x6F,
    0x98, 0xB8, 0xAA, 0x6E, 0xD5, 0x0A, 0xAF, 0xF5, 0xF7, 0x6D, 0xE5, 0xAA, 0xAF, 0xAE, 0xAF, 0xCC,
    0x55, 0xC6, 0x67, 0xC8, 0x26, 0xBD, 0x45, 0xB3, 0xDD, 0xE7, 0x98, 0xED, 0x4F, 0x0F, 0xF0, 0x0A,
    0x77, 0xDF, 0xD3, 0x16, 0x66, 0x67, 0x44, 0xA0, 0x44, 0x83, 0x6D, 0x5D, 0xEA, 0x9C, 0x20, 0x10,
    0x65, 0x8A, 0xE9, 0x99, 0x42, 0xBA, 0x89, 0xDF, 0xEA, 0x68, 0xCE, 0x8A, 0x80, 0x93, 0x4E, 0xC5,
    0x48, 0xBC, 0x13, 0x99, 0x31, 0xE5, 0x89, 0x6D, 0xE0, 0x11, 0xB6, 0x45, 0x1C, 0x7A, 0xC2, 0x4A,
    0xF3, 0xB6, 0x74, 0x06, 0x83, 0x96, 0x0F, 0x9F, 0xE8, 0x04, 0x47, 0x19, 0xCA, 0x73, 0x19, 0xCC,
    0xD2, 0x90, 0xC1, 0xFC, 0x1E, 0x32, 0x98, 0x3A, 0xB9, 0x8C, 0xB5, 0x52, 0xF8, 0x2D, 0x76, 0x4B,
    0x01, 0xA0, 0xB0, 0xC2, 0x34, 0x25, 0x93, 0x8D, 0x1A, 0x76, 0x0F, 0x02, 0xD5, 0xA7, 0xD4, 0xDD,
    0x1E, 0x81, 0xB5, 0x59, 0x50, 0x7A, 0x50, 0xC6, 0xBF, 0x75, 0x72, 0x14, 0xE5, 0x77, 0x25, 0x91,
    0xE0, 0x0F, 0x76, 0x77, 0x2B, 0x8F, 0x9D, 0xE5, 0x53, 0x93, 0x9E, 0xCB, 0x3C, 0xD2, 0x24, 0xC1,
    0x20, 0x03, 0x17, 0x51, 0xE9, 0x5A, 0xC3, 0x96, 0x07, 0xC2, 0x4D, 0xD2, 0x7D, 0x92, 0xE0, 0x7A,
    0xB8, 0x2D, 0x2A, 0x8E, 0x0F, 0x47, 0x76, 0xEE, 0x08, 0x35, 0x64, 0x40, 0x66, 0x36, 0xDD, 0x35,
    0x1C, 0x6C, 0x11, 0x74, 0x0F, 0xDA, 0x16, 0xD2, 0x76, 0xDD, 0x45, 0x57, 0x76, 0x2E, 0x54, 0x26,
    0x8B, 0xC4, 0x8A, 0xDA, 0xA1, 0x86, 0x50, 0x65, 0xE1, 0xDA, 0x5B, 0x1E, 0x10, 0x6D, 0xF0, 0xC2,
    0x96, 0xA3, 0x70, 0xC0, 0xA5, 0x6A, 0x54, 0x13, 0xDC, 0x6A, 0x35, 0xBD, 0x9F, 0x8E, 0x4F, 0xDB,
    0x4C, 0x76, 0x27, 0xEC, 0x02, 0x1D, 0xAB, 0x26, 0x1D, 0x64, 0xD4, 0x4A, 0x3E, 0x61, 0xF2, 0x6D,
    0xE1, 0x0F, 0xD4, 0x6B, 0x94, 0x2F, 0xD0, 0x13, 0xE8, 0x07, 0xA5, 0x36, 0x66, 0xAD, 0xC1, 0x52,
    0x03, 0x7A, 0xE0, 0x42, 0xDB, 0x07, 0xCB, 0x53, 0x0D, 0x2A, 0x41, 0xD0, 0x79, 0xA9, 0x43, 0x62,
    0x70, 0x34, 0x22, 0x63, 0x1E, 0x13, 0x07, 0xC0, 0xCB, 0x77, 0xF8, 0xB9, 0xE8, 0xA3, 0x49, 0x2C,
    0x54, 0x60, 0x23, 0x13, 0xB8, 0x1C, 0x9D, 0x04, 0x76, 0xD5, 0xA4, 0x63, 0x6F, 0xB3, 0x6D, 0x34,
    0x4F, 0xC5, 0xDC, 0x8A, 0x93, 0x73, 0x63, 0xCF, 0xA8, 0x18, 0xB9, 0xEE, 0xD7, 0x5D, 0xB0, 0xD3,
    0x64, 0x0B, 0x6F, 0x68, 0xAA, 0x91, 0xF2, 0xC1, 0x5A, 0x63, 0x1E, 0x14, 0x4B, 0xE0, 0x83, 0xD4,
    0x2E, 0x1D, 0xD2, 0x21, 0x19, 0x43, 0x49, 0x35, 0xCA, 0x72, 0xB6, 0x68, 0x92, 0xF1, 0xEC, 0xFE,
    0x5A, 0x45, 0x96, 0x45, 0x9E, 0x4A, 0x25, 0x96, 0x39, 0x5B, 0xF9, 0xFB, 0x3E, 0x94, 0x56, 0xEB,
    0x7F, 0xEE, 0x29, 0xBC, 0xA5, 0xFE, 0x7F, 0xEF, 0x42, 0x9D, 0xB9, 0xFA, 0x96, 0x2E, 0x85, 0xCA,
    0xCC, 0x4B, 0xF8, 0x0D, 0x67, 0xCA, 0x85, 0x89, 0x97, 0xF0, 0x8E, 0x81, 0x72, 0x10, 0x34, 0xAD,
    0x52, 0xA1, 0x42, 0xD3, 0x21, 0xCE, 0xF2, 0xFE, 0x41, 0x6D, 0xE2, 0x54, 0x6B, 0xCA, 0x07, 0x62,
    0x7E, 0x49, 0xFC, 0xBC, 0xA4, 0xF6, 0xFD, 0x6B, 0x33, 0xF9, 0x87, 0x11, 0xE6, 0x39, 0xA0, 0xAC,
    0x92, 0x12, 0x52, 0x8F, 0x11, 0xE3, 0x4F, 0x23, 0xC4, 0x11, 0x61, 0x17, 0x01, 0x76, 0x11, 0x5F,
    0x13, 0x47, 0xF0, 0x02, 0x45, 0xA2, 0x0B, 0x17, 0x89, 0xC6, 0x17, 0xB6, 0xE6, 0x2A, 0x82, 0x16,
    0xEE, 0x42, 0x64, 0xE9, 0x32, 0x00, 0xD6, 0x9C, 0x52, 0xB8, 0xD2, 0x75, 0x6A, 0xBA, 0x5C, 0x40,
    0xB5, 0x8E, 0xA0, 0x6E, 0x23, 0xA6, 0x53, 0x84, 0x74, 0x8C, 0x88, 0x8E, 0x01, 0x50, 0x38, 0x2D,
    0xF1, 0xC4, 0x96, 0x84, 0x33, 0x84, 0x34, 0xBF, 0x09, 0x41, 0xAD, 0x3D, 0x02, 0xB7, 0xDA, 0x3F,
    0x9C, 0x14, 0x31, 0x7A, 0x14, 0x11, 0xC8, 0x32, 0x4E, 0xEA, 0x00, 0x68, 0x15, 0x2B, 0xA4, 0x2A,
    0x56, 0x53, 0xD5, 0x11, 0xD7, 0x5F, 0x84, 0x71, 0xFB, 0xA0, 0x9A, 0x9A, 0x16, 0xAC, 0x1F, 0x7F,
    0x7E, 0xC7, 0x8D, 0xAB, 0xDC, 0xB3, 0x7A, 0xAF, 0xD6, 0x76, 0x06, 0x80, 0x40, 0xFD, 0xE7, 0x09,
    0x27, 0xAD, 0x1D, 0xCC, 0x2E, 0x26, 0x9F, 0x19, 0x6F, 0x86, 0x78, 0x1E, 0x69, 0xA1, 0x60, 0x3A,
    0x9D, 0x71, 0x52, 0x67, 0x6C, 0x5E, 0x22, 0x43, 0x50, 0x75, 0x0B, 0x70, 0x29, 0x47, 0xF6, 0x04,
    0x15, 0xEB, 0x9D, 0x41, 0x46, 0xB1, 0x29, 0xCF, 0xAE, 0x2C, 0xB1, 0xC7, 0x94, 0x9E, 0x5D, 0xEC,
    0x95, 0x0A, 0xCC, 0xF0, 0x0C, 0xC7, 0x3C, 0xCA, 0x96, 0x87, 0x4A, 0xD4, 0xB8, 0x15, 0x3A, 0x83,
    0xAC, 0x3F, 0xF7, 0xB8, 0x08, 0x57, 0x1C, 0x23, 0x6A, 0x21, 0x42, 0x2D, 0xB1, 0x29, 0x68, 0x5F,
    0x4D, 0x67, 0x38, 0xFD, 0xCA, 0x2A, 0x1E, 0x00, 0x2B, 0x90, 0x8A, 0x7F, 0xD0, 0xB5, 0xF3, 0x6F,
    0xF7, 0x0A, 0xDF, 0x5C, 0x9A, 0x04, 0x9F, 0x7D, 0xFE, 0x1A, 0xB8, 0x52, 0xC1, 0x9E, 0x6B, 0x28,
    0x34, 0xAC, 0xF5, 0x88, 0xEA, 0x9E, 0xC3, 0xCD, 0x0D, 0x87, 0xF1, 0x46, 0xF7, 0x57, 0x3A, 0x37,
    0x1C, 0x56, 0x7D, 0x25, 0xF3, 0x56, 0x8A, 0xA5, 0x21, 0xFC, 0x84, 0xFE, 0x0E, 0x7E, 0x9D, 0x84,
    0x64, 0x34, 0x5D, 0x7F, 0x66, 0xEA, 0xE4, 0x2A, 0x35, 0x0A, 0x0D, 0xE5, 0x37, 0x77, 0x5F, 0x74,
    0x31, 0x77, 0xE3, 0x3C, 0x63, 0x98, 0x5C, 0xCC, 0xE9, 0x36, 0x84, 0x96, 0xA6, 0x50, 0x37, 0x83,
    0x1C, 0x8D, 0x40, 0xA8, 0x38, 0xEF, 0x92, 0x17, 0xEE, 0xB7, 0xCE, 0x0D, 0xA9, 0xDD, 0x73, 0xC3,
    0xAA, 0xA8, 0xB5, 0xC7, 0x16, 0x10, 0x9D, 0xE5, 0x5A, 0xB2, 0x94, 0xF1, 0x97, 0xAA, 0x41, 0x9E,
    0x59, 0xD5, 0x37, 0xDE, 0xBB, 0xDA, 0x2A, 0x0F, 0x2B, 0x3A, 0xD6, 0xA3, 0x19, 0xB7, 0x18, 0xCC,
    0x8C, 0xF9, 0x81, 0x55, 0x06, 0x0B, 0x0C, 0xD6, 0x16, 0x06, 0x78, 0xB1, 0xA7, 0x54, 0x2C, 0x26,
    0x58, 0x47, 0xB0, 0x84, 0x60, 0xF5, 0xC0, 0xC2, 0xC1, 0x6A, 0x06, 0xAF, 0x72, 0x81, 0x95, 0x82,
    0x15, 0x09, 0xBF, 0x0E, 0xF5, 0x81, 0xD5, 0x50, 0x2F, 0x5C, 0xB6, 0x37, 0x9F, 0x62, 0xCD, 0xC9,
    0x6A, 0x93, 0x75, 0xA6, 0xAB, 0x60, 0xD7, 0x8B, 0xF3, 0x36, 0xC8, 0xB3, 0x16, 0xB5, 0xCB, 0x13,
    0x7F, 0x1B, 0x82, 0xB6, 0xBC, 0x1B, 0xAB, 0x98, 0x16, 0x99, 0x14, 0x19, 0xA6, 0x74, 0xE9, 0xA3,
    0xE7, 0xD0, 0x5D, 0xE8, 0x2B, 0x27, 0x89, 0xE0, 0x41, 0x36, 0x38, 0x4F, 0x48, 0xCB, 0xEE, 0x4F,
    0x58, 0xFB, 0xDA, 0x09, 0xB1, 0xC2, 0xC6, 0x76, 0x79, 0x6A, 0x42, 0x17, 0x5D, 0x69, 0x47, 0x7A,
    0x72, 0xE9, 0x4F, 0xF6, 0x14, 0x64, 0x7D, 0x54, 0x03, 0xA7, 0xDD, 0xF3, 0x1C, 0xD6, 0x8E, 0x92,
    0x6B, 0x69, 0x3A, 0x63, 0xA3, 0x19, 0x9A, 0x4D, 0x36, 0x9A, 0xA1, 0xA9, 0x64, 0x4B, 0x16, 0x9B,
    0x4A, 0xB7, 0x34, 0x65, 0xE1, 0xF8, 0xA6, 0x0D, 0x4A, 0xCD, 0xB4, 0x57, 0x4A, 0xA7, 0xD0, 0x37,
    0x94, 0x50, 0xA5, 0xA5, 0x9A, 0x80, 0x8B, 0xCD, 0xA3, 0x46, 0xE9, 0x6B, 0x27, 0x9A, 0x22, 0x38,
    0x13, 0x28, 0x8A, 0x9E, 0x04, 0xC5, 0xC0, 0x52, 0x7A, 0x14, 0x39, 0x21, 0x6A, 0x42, 0xC4, 0x84,
    0x68, 0x09, 0x91, 0x12, 0xA2, 0x24, 0x44, 0x48, 0x88, 0x8E, 0x90, 0xB3, 0x8A, 0x8A, 0x10, 0x11,
    0x21, 0x1A, 0x42, 0x24, 0x84, 0x28, 0x08, 0x11, 0x10, 0xA2, 0x1F, 0x44, 0x3E, 0x88, 0x7A, 0x08,
    0xC4, 0x83, 0x68, 0x87, 0x40, 0x3A, 0x5C, 0x2E, 0xCA, 0x49, 0x37, 0xAA, 0x46, 0xCD, 0xA8, 0x18,
    0xF5, 0x3A, 0xAA, 0x75, 0xC9, 0x86, 0x79, 0x60, 0xBF, 0xE7, 0xC0, 0x41, 0x20, 0x06, 0xAD, 0xF7,
    0x64, 0x20, 0x48, 0x40, 0x30, 0x59, 0x92, 0x7E, 0x20, 0xFB, 0x40, 0xF2, 0x81, 0xDC, 0x43, 0x15,
    0x8E, 0x9F, 0xB9, 0x2A, 0x4F, 0x20, 0x5A, 0x60, 0xD2, 0x0E, 0x64, 0x1D, 0x48, 0x3A, 0x88, 0x73,
    0x60, 0xD1, 0x2E, 0xC6, 0xC1, 0x9A, 0xA3, 0x5B, 0x54, 0xAF, 0x6B, 0x1C, 0xC9, 0x7E, 0xEB, 0x44,
    0x28, 0x00, 0x91, 0xBD, 0xFA, 0xF0, 0xD7, 0x71, 0x26, 0xA4, 0x25, 0x44, 0x4A, 0x04, 0xF3, 0xCD,
    0xF4, 0x03, 0xD0, 0x11, 0xA3, 0x7C, 0x81, 0x1D, 0xCE, 0x41, 0x3E, 0xA1, 0x33, 0xAB, 0x3E, 0x46,
    0x14, 0x84, 0x08, 0x08, 0xD1, 0x0F, 0x6A, 0xE1, 0xD5, 0xC1, 0x8B, 0x78, 0x10, 0xED, 0xA0, 0x32,
    0x5D, 0xDD, 0xBB, 0x08, 0x07, 0xD1, 0x0D, 0x22, 0x1B, 0x44, 0x35, 0x88, 0x68, 0x28, 0x48, 0x33,
    0x64, 0xA1, 0x81, 0xA3, 0x3B, 0x88, 0x60, 0x48, 0x1B, 0x8B, 0x08, 0x99, 0x30, 0xC7, 0xE2, 0x2D,
    0xC9, 0x8A, 0xC3, 0x63, 0xCC, 0x75, 0x96, 0x32, 0x94, 0x87, 0xD9, 0x01, 0x17, 0xAC, 0xC9, 0x81,
    0xF4, 0x6A, 0x4F, 0x96, 0x81, 0x1C, 0x03, 0x19, 0x06, 0xF2, 0x0B, 0x82, 0x16, 0x52, 0x92, 0x59,
    0x20, 0xAF, 0x40, 0x56, 0x81, 0x9C, 0x02, 0x19, 0x05, 0xF2, 0x09, 0x64, 0x13, 0xC8, 0x25, 0x88,
    0x49, 0x38, 0xE5, 0x11, 0x52, 0xBA, 0x48, 0xC6, 0x6B, 0x7A, 0x77, 0xD7, 0x9C, 0x43, 0x9C, 0x75,
    0xBF, 0x64, 0xE1, 0x01, 0xB1, 0x2D, 0xEA, 0xE0, 0x88, 0x37, 0x1F, 0xBD, 0x9B, 0x56, 0xB0, 0x3E,
    0xF8, 0x0A, 0x07, 0xB4, 0x0F, 0x17, 0xFE, 0xF7, 0x08, 0x43, 0x5F, 0xA0, 0xE4, 0x63, 0xDD, 0x07,
    0x27, 0xDC, 0x5C, 0xBC, 0x2D, 0xA3, 0x5C, 0xD2, 0x1D, 0xEA, 0x66, 0x09, 0x8C, 0x0C, 0xB4, 0x21,
    0x09, 0xAF, 0x8F, 0xBE, 0x92, 0xCB, 0x34, 0x34, 0x4A, 0x30, 0xCD, 0xE6, 0x5D, 0x35, 0x8D, 0x7B,
    0x7A, 0x1B, 0x93, 0x44, 0x1D, 0xF3, 0x0B, 0x13, 0xCA, 0x2A, 0xFA, 0xA3, 0xC5, 0x9B, 0xE6, 0xC4,
    0x3E, 0xC9, 0xDB, 0xB2, 0x4F, 0x4C, 0x0E, 0xF9, 0x49, 0x72, 0xD8, 0x9E, 0x24, 0x87, 0xFE, 0x41,
    0x72, 0xC8, 0xBA, 0xF5, 0xA3, 0x03, 0xF4, 0xC1, 0x3B, 0x6A, 0xA5, 0xDE, 0x7D, 0xE9, 0xDC, 0x97,
    0x78, 0x72, 0x85, 0xAD, 0xD7, 0x3E, 0x16, 0x66, 0xF9, 0xC1, 0x3D, 0x3A, 0x4A, 0x87, 0xB7, 0x7E,
    0x94, 0x54, 0x67, 0x25, 0xE3, 0x49, 0x65, 0xAE, 0x36, 0x5A, 0x87, 0x68, 0xD5, 0xFD, 0x2C, 0xA3,
    0xDC, 0x5F, 0x9D, 0x5E, 0x6D, 0x04, 0x65, 0x8B, 0x86, 0x7C, 0x23, 0x7E, 0xDF, 0xFF, 0x7F, 0x85,
    0x3A, 0xCA, 0x5B, 0x5B, 0xDA, 0x49, 0x41, 0xFB, 0xA5, 0x3F, 0xFE, 0x66, 0x46, 0x2D, 0xE0, 0x17,
    0x9A, 0x86, 0x45, 0x50, 0x19, 0x2F, 0x17, 0x16, 0x10, 0xDF, 0x07, 0xB3, 0x0A, 0xBA, 0x30, 0xF7,
    0x7F, 0xAC, 0x5D, 0x71, 0xB0, 0xA7, 0x95, 0x68, 0xAD, 0xD9, 0xFE, 0xB3, 0x07, 0xAA, 0x36, 0x96,
    0x51, 0x4B, 0xAB, 0x55, 0xEC, 0x41, 0xB3, 0x23, 0x57, 0xFF, 0xB0, 0x6C, 0x28, 0xD4, 0x32, 0x17,
    0xA2, 0x93, 0x9E, 0xDE, 0xDD, 0x3D, 0x6E, 0x3D, 0xD6, 0xEE, 0xEF, 0x94, 0xE2, 0x63, 0xBA, 0x4E,
    0x25, 0x0F, 0xFA, 0xC0, 0xBD, 0xF8, 0x59, 0x35, 0x29, 0xEE, 0xF2, 0xFA, 0x39, 0x7A, 0x37, 0xBC,
    0xDD, 0x42, 0xA9, 0x75, 0x79, 0x96, 0x0E, 0xDD, 0x98, 0xED, 0xED, 0xE9, 0x24, 0x49, 0xC0, 0xAB,
    0x5D, 0x2D, 0x2F, 0x86, 0xFE, 0xA7, 0x3D, 0xCB, 0xA9, 0xD5, 0xDC, 0x1B, 0xAD, 0x16, 0xBA, 0xF1,
    0xF6, 0xAC, 0x17, 0x9F, 0xDF, 0xDC, 0x89, 0xBF, 0xF3, 0x56, 0xAB, 0x5F, 0x63, 0xB5, 0xA4, 0x8F,
    0x9D, 0x58, 0xBE, 0xB4, 0x63, 0x6E, 0xE3, 0xDE, 0x96, 0xD5, 0x28, 0xA7, 0xDE, 0xB5, 0x8D, 0x71,
    0x32, 0xC4, 0x9F, 0xAE, 0xDE, 0xF0, 0xB2, 0x09, 0x18, 0x4D, 0xF1, 0xB5, 0xCA, 0xA8, 0x45, 0x61,
    0x32, 0x05, 0xB2, 0x41, 0xED, 0x0F, 0x5B, 0xCD, 0x3A, 0xB2, 0x62, 0x6D, 0xA4, 0x70, 0xE6, 0x48,
    0xE1, 0x4C, 0xD1, 0x07, 0xC6, 0x60, 0xF0, 0x90, 0x05, 0xF2, 0x43, 0x3A, 0x5D, 0x5F, 0x63, 0x51,
    0x9F, 0xE9, 0x65, 0x60, 0xD9, 0x85, 0x49, 0xD5, 0xE4, 0x3F, 0xF2, 0x27, 0x7F, 0xFD, 0x49, 0x2F,
    0x46, 0x4D, 0x2F, 0x46, 0x11, 0x65, 0x35, 0x59, 0xBD, 0xBA, 0xFB, 0x62, 0x17, 0xDE, 0x0E, 0x8A,
    0x03, 0x11, 0xE9, 0x1F, 0xDE, 0x29, 0x43, 0xC0, 0x64, 0x0A, 0xD1, 0x2B, 0xBE, 0x2D, 0xD6, 0x0B,
    0x2F, 0xBC, 0xDF, 0x41, 0xE8, 0x27, 0x71, 0x1F, 0x5E, 0x67, 0xF7, 0xA7, 0x58, 0xF8, 0xF0, 0x46,
    0x32, 0x7C, 0xFD, 0xA0, 0x38, 0x85, 0xF9, 0x2E, 0xAE, 0xE0, 0x4A, 0xDD, 0xA1, 0x9D, 0xD0, 0x92,
    0x7D, 0xF7, 0x83, 0xBA, 0xB2, 0x57, 0xFE, 0x65, 0x8B, 0x37, 0x15, 0x95, 0x87, 0x26, 0xA3, 0x99,
    0xD4, 0x24, 0x83, 0xF7, 0x80, 0xB8, 0xB4, 0x27, 0x16, 0x20, 0x2B, 0x4D, 0xDC, 0x62, 0x97, 0x78,
    0x92, 0x3E, 0x5F, 0xB5, 0x23, 0xA5, 0x86, 0x4A, 0xE0, 0xF3, 0xBC, 0x04, 0xAE, 0xFE, 0xA0, 0x84,
    0xD1, 0x86, 0xEE, 0xDC, 0x6B, 0x4C, 0xBD, 0x5A, 0xF6, 0x9C, 0xEF, 0x61, 0xAA, 0xAE, 0xB4, 0x55,
    0x1F, 0xBA, 0xF5, 0xCB, 0xA9, 0x9D, 0x3F, 0x31, 0x8D, 0xFC, 0xE1, 0x15, 0x04, 0xCF, 0x7C, 0x73,
    0xA8, 0x41, 0x13, 0xBC, 0xA7, 0xA4, 0xFB, 0x5F, 0xDD, 0x59, 0x3D, 0x90, 0xDD, 0x56, 0x15, 0xBE,
    0x4F, 0xB2, 0x57, 0x33, 0xAB, 0x61, 0xE4, 0xC2, 0x6E, 0xC2, 0x0C, 0xA2, 0xA0, 0x72, 0xA3, 0x9A,
    0x19, 0x67, 0xAF, 0x20, 0x45, 0x5A, 0x17, 0xDE, 0xA1, 0x48, 0x41, 0x9B, 0x71, 0xE3, 0x86, 0x32,
    0xB1, 0x04, 0x14, 0x94, 0xB8, 0xA0, 0xA3, 0xC0, 0x85, 0x99, 0x09, 0x9B, 0xC2, 0xAD, 0x8B, 0x78,
    0xA5, 0x19, 0x4A, 0x9A, 0xD7, 0x98, 0x86, 0x82, 0x57, 0xE0, 0x82, 0xA4, 0x88, 0x00, 0x31, 0x68,
    0x37, 0xD2, 0xBB, 0x7C, 0xDF, 0x77, 0xAF, 0xDE, 0xD3, 0x3E, 0x9C, 0xC0, 0x4C, 0x18, 0x9C, 0xE0,
    0x4C, 0xAE, 0x64, 0x3D, 0xE9, 0xDE, 0x73, 0xBE, 0x73, 0xCE, 0x77, 0x7E, 0x6C, 0x8C, 0xFF, 0x73,
    0xE4, 0xB6, 0xA5, 0x31, 0x95, 0x73, 0x83, 0x89, 0x9C, 0x73, 0xBD, 0xC9, 0xB6, 0x26, 0xEA, 0x8C,
    0xDD, 0xF0, 0xC7, 0xA6, 0xC6, 0xB2, 0xDA, 0xF2, 0x36, 0x1E, 0xB9, 0x26, 0x3D, 0xD7, 0xAC, 0xE3,
    0x9A, 0xAF, 0xB9, 0x16, 0x2D, 0x57, 0xEB, 0xD7, 0xDA, 0x58, 0xB7, 0xB6, 0x25, 0xB6, 0x6B, 0xB1,
    0x36, 0xAE, 0xAD, 0xB0, 0x77, 0x51, 0x73, 0xB5, 0x35, 0x9E, 0x9C, 0x35, 0x4F, 0x6C, 0xBD, 0xC2,
    0x29, 0xB6, 0xC5, 0x61, 0x5D, 0x81, 0x1D, 0xB6, 0xDA, 0x6D, 0x32, 0xE9, 0x64, 0x56, 0x23, 0x44,
    0xB8, 0x6C, 0x70, 0x50, 0xE3, 0x1C, 0xD6, 0xD4, 0xB9, 0x47, 0xD8, 0xF5, 0x56, 0xC9, 0xBD, 0xAF,
    0x73, 0x5D, 0xB9, 0x21, 0xAB, 0xF9, 0x3C, 0x2F, 0x4D, 0x71, 0xF1, 0xA0, 0x82, 0xE0, 0x6D, 0xEC,
    0x8C, 0x71, 0x26, 0x82, 0xD4, 0xA3, 0x59, 0x4D, 0x26, 0x1E, 0xB8, 0x0F, 0xE4, 0xC4, 0x9A, 0x76,
    0x7C, 0x98, 0x6D, 0xF8, 0x30, 0x5B, 0x9B, 0xB8, 0xE7, 0x9A, 0x74, 0x5C, 0x33, 0xAD, 0xF9, 0x86,
    0x2B, 0x74, 0xC5, 0x3B, 0x6E, 0x6D, 0xD2, 0x3E, 0xF9, 0xB4, 0x35, 0xB1, 0x73, 0xBF, 0x6A, 0x71,
    0xD4, 0x54, 0x40, 0xFB, 0x62, 0x63, 0x75, 0xBC, 0xE5, 0xE9, 0xA7, 0xD5, 0x5D, 0x40, 0x00, 0xC1,
    0x25, 0x1B, 0xD6, 0xEB, 0x3F, 0x98, 0xEE, 0x9A, 0xEF, 0xE2, 0x3B, 0xBC, 0xE0, 0xDC, 0x46, 0x6B,
    0x49, 0x4C, 0xFF, 0x24, 0x6C, 0xA3, 0x47, 0xE6, 0x09, 0x3E, 0xEB, 0x13, 0xE2, 0xF5, 0x51, 0x4E,
    0x8C, 0x6C, 0x23, 0xD0, 0xC6, 0x3D, 0x8C, 0xAB, 0xD2, 0x5C, 0xFD, 0xF3, 0x3F, 0xB5, 0x88, 0xB1,
    0x25, 0xDE, 0x31, 0x95, 0xDE, 0xAF, 0x0C, 0x2D, 0x72, 0xFE, 0x1F, 0x5A, 0xE4, 0x5D, 0x73, 0x1B,
    0xEB, 0x89, 0xA1, 0x18, 0xC5, 0xDB, 0x14, 0x20, 0xFB, 0x94, 0x87, 0x26, 0x4E, 0xD2, 0x4D, 0x52,
    0xE6, 0xEE, 0x5E, 0xAF, 0xFF, 0xAA, 0x05, 0x5B, 0x59, 0xB0, 0x95, 0x05, 0x5B, 0x59, 0x70, 0x4D,
    0x0B, 0x66, 0x5D, 0x0C, 0x19, 0x92, 0xE9, 0xC1, 0x1F, 0x65, 0x47, 0x5A, 0xB0, 0xE9, 0xA9, 0xE6,
    0xF5, 0xD2, 0x4A, 0x88, 0x4A, 0xEB, 0xB9, 0x56, 0x49, 0x88, 0xED, 0xBF, 0xC0, 0x82, 0xC7, 0xB4,
    0xA1, 0x49, 0x5B, 0x6E, 0x14, 0x77, 0xFC, 0x6C, 0xF5, 0xD9, 0xC0, 0x1F, 0x9C, 0xAC, 0x51, 0xD1,
    0x1A, 0xE6, 0xD6, 0x81, 0x01, 0xD3, 0xB5, 0x89, 0x86, 0xE0, 0x64, 0x30, 0x3A, 0x90, 0xC5, 0xEA,
    0x08, 0x3B, 0x4D, 0x66, 0x4B, 0x28, 0x05, 0x7F, 0x22, 0xD4, 0x95, 0x69, 0x70, 0x58, 0x13, 0x51,
    0x92, 0x2D, 0x65, 0x30, 0x13, 0x1F, 0x9B, 0x91, 0x8F, 0x57, 0x5B, 0x02, 0x19, 0x49, 0x9E, 0xD8,
    0x3D, 0x6D, 0x89, 0x29, 0x36, 0x85, 0x1C, 0xC0, 0x03, 0x20, 0xD0, 0xAB, 0xD2, 0x0D, 0x80, 0xC1,
    0x51, 0xD4, 0x02, 0x38, 0x60, 0x9F, 0x70, 0x54, 0x4B, 0x4D, 0x21, 0x35, 0x1D, 0xA0, 0xE4, 0x5F,
    0x2D, 0x5F, 0xE3, 0x43, 0x08, 0xB5, 0x7A, 0x0C, 0xE3, 0x99, 0x01, 0x68, 0x9A, 0xF7, 0xE9, 0x95,
    0x72, 0xCA, 0x9C, 0x76, 0xCC, 0xFA, 0x2B, 0x1E, 0x79, 0x44, 0xFD, 0x32, 0x1A, 0x55, 0xCE, 0x4B,
    0x14, 0xB8, 0x23, 0x95, 0x08, 0x31, 0xE1, 0x01, 0x3D, 0xF7, 0x70, 0x62, 0xEB, 0x11, 0x67, 0xC1,
    0x6E, 0x0D, 0x8C, 0x07, 0x99, 0xA2, 0x01, 0xBA, 0xC6, 0x3D, 0x8E, 0x8F, 0x3B, 0x9C, 0x91, 0xFC,
    0x95, 0x3E, 0xF4, 0x09, 0xCE, 0xC8, 0x1C, 0xC5, 0xA6, 0x4B, 0x65, 0xBD, 0x84, 0x6E, 0xB8, 0x3B,
    0x76, 0xB5, 0x25, 0x65, 0x2D, 0x19, 0x95, 0xDC, 0xAE, 0xA2, 0x1F, 0x9C, 0xD3, 0xFA, 0x72, 0xC6,
    0x1D, 0xC2, 0x32, 0x0F, 0x82, 0x43, 0xE1, 0xE8, 0x00, 0xF0, 0x60, 0x2C, 0xDE, 0x6E, 0x4D, 0x3A,
    0x50, 0xFD, 0x98, 0x87, 0xC3, 0x97, 0x08, 0x0E, 0x80, 0xA5, 0x6F, 0x3A, 0x82, 0x66, 0x1A, 0xE9,
    0xD1, 0x28, 0x44, 0x1A, 0x69, 0xE2, 0xB4, 0x6E, 0xA5, 0x90, 0xD6, 0xD5, 0xC4, 0xE0, 0x88, 0x46,
    0xAE, 0xF1, 0xC8, 0x27, 0xC9, 0xC0, 0x77, 0xB2, 0x8E, 0x21, 0x92, 0x6F, 0x64, 0xB7, 0x96, 0x28,
    0xBA, 0x12, 0x21, 0x92, 0x6E, 0x61, 0x9C, 0x8F, 0xA9, 0x0E, 0x42, 0x04, 0x3F, 0x7D, 0xD3, 0xC9,
    0xAD, 0x1E, 0x4A, 0x4E, 0xC5, 0x66, 0x2C, 0x57, 0x49, 0x15, 0x8F, 0xD9, 0x62, 0x4D, 0xBD, 0xFF,
    0x4D, 0x0B, 0xCF, 0xB9, 0x25, 0x83, 0x63, 0xAF, 0x82, 0xAA, 0x35, 0x2F, 0x9B, 0x16, 0xA1, 0x9E,
    0xD3, 0xC6, 0x69, 0x47, 0x24, 0x3B, 0xC5, 0x00, 0x74, 0x00, 0xA6, 0x35, 0x16, 0x48, 0x17, 0x77,
    0x58, 0x92, 0x0E, 0xB6, 0x48, 0xB9, 0x64, 0x1B, 0x2E, 0x8C, 0x75, 0xC0, 0x49, 0x27, 0xC8, 0x37,
    0x08, 0xAC, 0x6C, 0xFB, 0x60, 0x60, 0x3C, 0x40, 0x92, 0x8A, 0xDC, 0x91, 0xD0, 0xC9, 0x0A, 0x9E,
    0xF8, 0x1E, 0x17, 0xA2, 0xB4, 0x92, 0xE5, 0xBD, 0x6F, 0x53, 0xBC, 0xAA, 0xDD, 0x49, 0xB5, 0x3A,
    0x3D, 0x95, 0x0B, 0xF2, 0x39, 0xE0, 0xAE, 0xF5, 0xE4, 0xD0, 0xE7, 0xFF, 0x3F, 0x2D, 0x22, 0xD5,
    0xA5, 0xB9, 0x14, 0x5F, 0xE8, 0xFD, 0xD5, 0x34, 0xD5, 0xBB, 0xE6, 0x0D, 0x71, 0xF2, 0x73, 0x86,
    0xEC, 0x4F, 0x7B, 0x71, 0x32, 0x37, 0x88, 0x49, 0x22, 0xB3, 0x66, 0xF7, 0x76, 0xAF, 0x67, 0x8E,
    0xEC, 0x92, 0xCB, 0x6C, 0x85, 0xD6, 0x99, 0xB8, 0x65, 0xA1, 0x90, 0x44, 0xDC, 0x3E, 0xDB, 0x64,
    0x8B, 0xC7, 0x3E, 0x09, 0x0D, 0xDE, 0xFA, 0x8F, 0xB4, 0x1B, 0x3F, 0x3D, 0xFE, 0x50, 0x67, 0x05,
    0xA9, 0x7C, 0x4A, 0xCA, 0xFC, 0xBA, 0xD9, 0xDF, 0x2F, 0x53, 0x15, 0x58, 0xF4, 0x09, 0xB0, 0x04,
    0x8A, 0xBF, 0x7E, 0xEA, 0x53, 0x0D, 0x4E, 0xC9, 0x95, 0x05, 0x43, 0xAA, 0xF1, 0x7A, 0x29, 0xD5,
    0xE4, 0xCC, 0x34, 0x4A, 0x34, 0xCA, 0x33, 0x5E, 0xDA, 0xBB, 0x4B, 0x57, 0xA4, 0x52, 0x5C, 0xB6,
    0xE6, 0xF8, 0xEC, 0xC3, 0x71, 0x4E, 0x91, 0x3A, 0xB0, 0x92, 0x37, 0xF1, 0xB3, 0x7E, 0x96, 0x44,
    0x6E, 0x36, 0xCD, 0x9A, 0x24, 0x74, 0x98, 0xD4, 0xE9, 0x56, 0xFA, 0x35, 0x66, 0xA6, 0xBC, 0x62,
    0x47, 0x83, 0xF9, 0x01, 0x21, 0x96, 0x81, 0x06, 0xE1, 0x00, 0x3F, 0x32, 0xE9, 0x68, 0xAA, 0x4B,
    0x28, 0x50, 0xD1, 0x5F, 0x8E, 0x7D, 0x1A, 0x11, 0xDD, 0x8E, 0x11, 0x73, 0x0C, 0xCF, 0x2C, 0xC8,
    0xEE, 0x19, 0xCF, 0x4C, 0x65, 0xCE, 0x2B, 0xD2, 0x7B, 0xA9, 0xFC, 0xF2, 0x8A, 0x73, 0xF6, 0x9C,
    0xBB, 0x24, 0x5E, 0xA6, 0x0C, 0xEE, 0xC4, 0x25, 0x1A, 0x66, 0x65, 0xA4, 0x64, 0x4C, 0x8B, 0xA9,
    0x00, 0x49, 0x37, 0x57, 0x36, 0x7E, 0xD5, 0xEE, 0x44, 0xB4, 0xE1, 0x76, 0x0D, 0xBF, 0x6F, 0x1E,
    0x79, 0xDB, 0xFE, 0x99, 0x2F, 0x3A, 0xC6, 0x52, 0xC6, 0x72, 0x44, 0x9E, 0xB2, 0xE6, 0x93, 0xAD,
    0xD2, 0x25, 0x83, 0xBD, 0x3D, 0x72, 0x75, 0x28, 0x4F, 0xB0, 0x5B, 0xB5, 0x0E, 0xFE, 0x81, 0x4D,
    0xE5, 0x31, 0xCA, 0x7B, 0x46, 0x59, 0x56, 0x9E, 0x55, 0x05, 0x09, 0x19, 0xB9, 0x4D, 0xB8, 0x67,
    0x2E, 0xDD, 0xFA, 0x7C, 0x2C, 0x39, 0x26, 0x7F, 0x2F, 0xBF, 0x1B, 0xFD, 0x3D, 0x3F, 0x5D, 0x85,
    0x67, 0xB4, 0x27, 0x55, 0xE5, 0xB7, 0xFC, 0x34, 0x0E, 0xF7, 0x2E, 0x28, 0x0E, 0xA3, 0xEB, 0x53,
    0xEA, 0x8F, 0xEF, 0x74, 0x34, 0x61, 0x60, 0x4E, 0x5E, 0x07, 0x34, 0x70, 0xBC, 0x4C, 0x4B, 0x50,
    0x6C, 0xEB, 0xFD, 0x9C, 0xB0, 0xB8, 0xD2, 0x7B, 0x3B, 0xA3, 0x77, 0xEB, 0x3F, 0xA5, 0xF9, 0x41,
    0x69, 0xB9, 0x5C, 0xB8, 0xA8, 0x8F, 0x10, 0x9F, 0xFA, 0x54, 0x00, 0x94, 0x24, 0x3E, 0xC0, 0x60,
    0x59, 0xB3, 0xE9, 0x1E, 0x18, 0xB8, 0xCB, 0x12, 0x84, 0xA4, 0x5F, 0x03, 0x86, 0xB3, 0x77, 0xF6,
    0xE1, 0xD6, 0x23, 0xE8, 0x6F, 0x67, 0x00, 0xCD, 0x1E, 0xBF, 0x3D, 0x7C, 0x66, 0x8F, 0x9E, 0x99,
    0xC1, 0xD3, 0xC6, 0xCD, 0x7C, 0x3B, 0x43, 0x77, 0x7A, 0xEA, 0x76, 0xC8, 0xF1, 0xFF, 0x70, 0xF1,
    0xC5, 0x94, 0x00, 0x41, 0x10, 0xCE, 0xB0, 0x41, 0x81, 0x05, 0x6A, 0x01, 0x34, 0x61, 0xEE, 0x31,
    0x63, 0xDC, 0x04, 0xC8, 0x88, 0xD0, 0x02, 0xB1, 0x05, 0x60, 0x1E, 0x2F, 0x59, 0xCD, 0xC3, 0x25,
    0x5F, 0x0B, 0x68, 0xAD, 0xAF, 0x82, 0x15, 0xB0, 0x22, 0xA7, 0xEE, 0xA0, 0x6A, 0xF7, 0x48, 0xB5,
    0xFB, 0x9A, 0xC3, 0xEC, 0x49, 0xD9, 0xCC, 0x6E, 0x6A, 0xF6, 0x8C, 0x61, 0x66, 0xAF, 0x9D, 0x61,
    0x32, 0x3B, 0x94, 0x8C, 0x59, 0xD4, 0x79, 0xA4, 0x69, 0x5F, 0xEB, 0x81, 0x01, 0x37, 0xCF, 0x79,
    0x6A, 0x0B, 0xF7, 0x1D, 0x27, 0x86, 0x67, 0x0B, 0xD6, 0x7E, 0x3E, 0x9A, 0x5B, 0xA7, 0x15, 0x5A,
    0x12, 0x93, 0x79, 0xBF, 0x03, 0x44, 0x0C, 0xCA, 0x68, 0xDC, 0x01, 0xD0, 0x13, 0x32, 0x2A, 0x05,
    0x6D, 0x72, 0x15, 0x9F, 0x54, 0x06, 0x72, 0xD0, 0x1B, 0x9D, 0xFE, 0x02, 0x64, 0xA2, 0xD1, 0x9B,
    0x6B, 0xAD, 0xC7, 0xB8, 0x83, 0xC8, 0x54, 0xDF, 0x0A, 0x28, 0x6A, 0x6F, 0xE5, 0xA7, 0x5B, 0x2F,
    0xA5, 0xAB, 0x85, 0x98, 0x2D, 0x23, 0xA7, 0x72, 0x10, 0x2F, 0xA5, 0x8D, 0xC7, 0x2B, 0xFF, 0x7B,
    0x63, 0x8D, 0x7D, 0x71, 0x7A, 0x97, 0xF5, 0xD1, 0x89, 0x67, 0xC3, 0xC8, 0xAD, 0xDF, 0xE7, 0x1D,
    0x2C, 0x70, 0x73, 0xC9, 0x15, 0xC7, 0x8F, 0x17, 0x2C, 0x5A, 0xEE, 0xB8, 0x40, 0x81, 0x1F, 0xF2,
    0xDB, 0x75, 0xF3, 0x35, 0x6D, 0x2F, 0x4C, 0xF4, 0xC1, 0x42, 0x80, 0xCD, 0x8E, 0x87, 0x95, 0xDB,
    0x4C, 0xE4, 0x83, 0xA1, 0xFC, 0x5A, 0xB7, 0x17, 0x68, 0x14, 0xC4, 0xDB, 0xD8, 0x7C, 0x15, 0x02,
    0x68, 0x0E, 0x24, 0xB1, 0xB8, 0x0A, 0x07, 0xEF, 0xE0, 0xA2, 0x71, 0x1B, 0x98, 0xBC, 0x52, 0x30,
    0x6E, 0x19, 0xFE, 0x90, 0x7D, 0xA2, 0x53, 0x61, 0x8B, 0x91, 0x27, 0x66, 0xAC, 0xBE, 0xB7, 0xA7,
    0xA7, 0x0F, 0xDA, 0x68, 0x10, 0xFB, 0xD4, 0x71, 0x1F, 0x89, 0x85, 0xE2, 0x3E, 0xBE, 0x3C, 0x3B,
    0x6B, 0xB0, 0x03, 0xF7, 0xAC, 0xA0, 0x7B, 0x2C, 0x26, 0x4E, 0x37, 0xDC, 0x13, 0x56, 0x59, 0x33,
    0xC0, 0x51, 0xC4, 0xB7, 0x99, 0xC4, 0xCA, 0x5B, 0x68, 0xBE, 0x62, 0x3D, 0x9F, 0xEB, 0xAA, 0xCA,
    0x1C, 0xD7, 0x8A, 0x62, 0xAD, 0x78, 0x28, 0x15, 0x77, 0x9F, 0x8C, 0x8A, 0xBA, 0x0A, 0x8E, 0x54,
    0x89, 0xD3, 0x02, 0x77, 0xDD, 0x5B, 0xB8, 0xDC, 0xB3, 0x54, 0xE4, 0x36, 0xF0, 0x25, 0x14, 0x2E,
    0x8E, 0x75, 0x42, 0xF4, 0xD9, 0x86, 0x29, 0x3F, 0xC2, 0x2F, 0x48, 0x87, 0xF1, 0xD6, 0xD3, 0xD1,
    0xA8, 0x0B, 0x6D, 0xCE, 0xB0, 0xF2, 0xA1, 0x46, 0xDB, 0xF3, 0xB2, 0xF6, 0x11, 0x26, 0x47, 0x12,
    0x23, 0x34, 0x9E, 0x04, 0x26, 0x3D, 0x8F, 0x7C, 0x8A, 0x49, 0xA4, 0x9B, 0x5C, 0xAC, 0xF2, 0x5E,
    0x7A, 0x4E, 0x7E, 0xE2, 0x5B, 0x2A, 0x15, 0xA0, 0x17, 0x65, 0x18, 0x57, 0x64, 0x1B, 0xB4, 0x27,
    0x74, 0xF5, 0xF8, 0x42, 0x94, 0x1C, 0xCB, 0x34, 0xB8, 0xC8, 0xB5, 0x12, 0x95, 0x1F, 0x3E, 0x69,
    0xCE, 0x45, 0xCB, 0xCC, 0x48, 0xE1, 0x12, 0x58, 0x29, 0x10, 0x51, 0x60, 0x21, 0x7B, 0x95, 0x7F,
    0x8C, 0xB9, 0x1F, 0xA8, 0xA9, 0x5E, 0x7E, 0x93, 0xFA, 0xFD, 0xE2, 0xC0, 0xEE, 0x83, 0xBF, 0xDC,
    0x38, 0x8C, 0x55, 0x1D, 0x9F, 0xA8, 0x91, 0xD4, 0xB8, 0x62, 0xD0, 0xD9, 0x85, 0x6F, 0xF6, 0xAC,
    0xEF, 0xF6, 0xEC, 0xB9, 0x6F, 0xF4, 0xAC, 0x44, 0x78, 0xC8, 0x1E, 0x0A, 0x31, 0x92, 0xAB, 0x01,
    0x9C, 0xF0, 0x1A, 0xEA, 0xDE, 0x11, 0xDB, 0xE0, 0xAD, 0x11, 0x86, 0x46, 0xD0, 0xB1, 0xEF, 0x63,
    0x6B, 0x06, 0x07, 0x19, 0xE9, 0x5F, 0x23, 0x7C, 0x0D, 0x82, 0x4C, 0xB8, 0xC5, 0x0B, 0x15, 0x2F,
    0xE0, 0x6B, 0x3C, 0x81, 0x90, 0xC5, 0xCF, 0x7C, 0x18, 0xFC, 0x4E, 0x71, 0x90, 0xFD, 0x61, 0xCD,
    0x13, 0x53, 0xC4, 0x00, 0x5D, 0x93, 0x19, 0xAF, 0xF4, 0x17, 0x46, 0x5E, 0x2D, 0xDD, 0x81, 0x61,
    0x35, 0xD7, 0x4D, 0xC7, 0xF5, 0x1C, 0xBA, 0x72, 0x5B, 0xF9, 0xB4, 0x1C, 0x1E, 0xA5, 0x1C, 0xFE,
    0x5C, 0xDB, 0x63, 0x04, 0xA1, 0x13, 0xF0, 0x9C, 0xCD, 0x41, 0x03, 0x55, 0xF5, 0xCB, 0x89, 0x05,
    0xC8, 0x96, 0x4D, 0x36, 0x16, 0x92, 0x26, 0x13, 0x1C, 0x69, 0x69, 0x62, 0x0C, 0x8F, 0x70, 0x93,
    0x68, 0x44, 0xC8, 0xC6, 0x03, 0xB3, 0xFC, 0x90, 0x90, 0xA9, 0x49, 0xD7, 0x6C, 0x8C, 0x53, 0x16,
    0xDE, 0xD9, 0x06, 0x62, 0x66, 0x6B, 0x66, 0xA1, 0x16, 0x3E, 0x50, 0xB4, 0x24, 0x2A, 0x21, 0x1F,
    0x89, 0xDB, 0x92, 0x61, 0xCF, 0x67, 0xD5, 0xD2, 0x02, 0xFA, 0x71, 0xF2, 0xC9, 0x99, 0xF6, 0x7C,
    0x33, 0xE1, 0x57, 0x77, 0xE2, 0xFD, 0x7A, 0x92, 0xD7, 0xFA, 0x55, 0x36, 0xD5, 0x9B, 0x8D, 0x3A,
    0x8B, 0xE9, 0xA1, 0xA2, 0xBD, 0x12, 0xFD, 0x5A, 0x13, 0x6A, 0x7C, 0x08, 0x61, 0xC5, 0x96, 0xF4,
    0x0E, 0x44, 0x4E, 0xC9, 0x44, 0xCD, 0xF8, 0x19, 0x85, 0xE0, 0x84, 0x38, 0x0D, 0xFD, 0x52, 0xA6,
    0xB5, 0xF8, 0xF8, 0xEC, 0x69, 0x1B, 0x12, 0x49, 0x23, 0x9B, 0x4F, 0x74, 0x02, 0x15, 0x3F, 0x1B,
    0x9F, 0x8F, 0xE9, 0x0B, 0x49, 0x97, 0x6B, 0x10, 0x40, 0x9D, 0xE2, 0xB9, 0xC0, 0xF2, 0x2C, 0x2D,
    0x35, 0xA9, 0x64, 0xD4, 0xED, 0x18, 0x7F, 0x33, 0xCB, 0xFA, 0x5E, 0xCE, 0x16, 0x28, 0x83, 0x14,
    0x7D, 0x8A, 0xE5, 0x59, 0xC6, 0x1F, 0xF8, 0xF2, 0x5C, 0x5B, 0xF8, 0xBE, 0x06, 0xB9, 0xF2, 0x04,
    0x2A, 0x8E, 0xCF, 0x4D, 0x85, 0x0C, 0x89, 0xE4, 0x98, 0x13, 0xF2, 0x8C, 0x68, 0x27, 0xBD, 0xB2,
    0xA1, 0x12, 0xA1, 0x72, 0xA0, 0x02, 0x54, 0x02, 0x2B, 0xE9, 0x29, 0xDF, 0x29, 0xD5, 0x29, 0xCB,
    0x29, 0xC1, 0x21, 0xB7, 0x39, 0x9F, 0xD6, 0x94, 0xD1, 0x90, 0xCC, 0xDE, 0x5C, 0xE6, 0xB1, 0xFB,
    0x33, 0x89, 0xBB, 0x70, 0x8D, 0xE6, 0x46, 0x3F, 0xED, 0x0E, 0xF3, 0xFF, 0xC9, 0xFC, 0xD1, 0xBF,
    0x86, 0xCA, 0xB2, 0xFC, 0x9F, 0xE6, 0xCA, 0x4C, 0x3B, 0x55, 0xF3, 0xCD, 0x14, 0x82, 0xD0, 0x37,
    0x91, 0x72, 0xCB, 0x10, 0xA7, 0xD9, 0xA6, 0x99, 0xEB, 0x8B, 0x50, 0x92, 0x55, 0x65, 0x68, 0x03,
    0xB7, 0xDE, 0x63, 0x21, 0x55, 0x18, 0x40, 0x24, 0x7D, 0x34, 0xA9, 0x0F, 0x44, 0x36, 0xF0, 0x3D,
    0x53, 0xD1, 0x86, 0x1B, 0x5B, 0x27, 0x17, 0xFA, 0xC9, 0x9D, 0xBE, 0xE3, 0x87, 0x7B, 0xCE, 0xF9,
    0x49, 0x51, 0x3C, 0xDF, 0xA4, 0x97, 0x67, 0x4F, 0xE7, 0x0E, 0x28, 0x9F, 0x93, 0xA8, 0xCF, 0xA9,
    0x81, 0xCF, 0xD4, 0xA1, 0x48, 0x40, 0x3F, 0x2E, 0x9A, 0x6B, 0x66, 0xE5, 0xEA, 0x4D, 0xE8, 0x8F,
    0x68, 0x66, 0xA7, 0x46, 0x69, 0x97, 0x29, 0xF7, 0x56, 0xCC, 0xD7, 0x57, 0x0B, 0xA3, 0xA0, 0xC9,
    0xEC, 0x11, 0x07, 0x13, 0x47, 0x58, 0xFC, 0xBA, 0xE6, 0x9A, 0x6D, 0xCF, 0xDA, 0xBF, 0x70, 0x7F,
    0xF9, 0x87, 0x6F, 0x69, 0x2F, 0xDD, 0xCB, 0x86, 0xA5, 0x91, 0x75, 0xD4, 0x70, 0xE4, 0x84, 0x28,
    0x6F, 0x99, 0x1D, 0x7B, 0xFC, 0x1D, 0x92, 0xC0, 0xDF, 0x6C, 0x89, 0xB3, 0xB2, 0xF5, 0xCA, 0xA9,
    0xE2, 0x7B, 0x81, 0x54, 0x4E, 0x6D, 0xA8, 0x2A, 0x79, 0xC8, 0x79, 0x45, 0xEC, 0x2F, 0x3C, 0x2F,
    0x36, 0xA1, 0x81, 0x71, 0xFE, 0x1A, 0x39, 0xDF, 0x77, 0x24, 0x2A, 0xFC, 0x6C, 0x5B, 0xE0, 0xAB,
    0xEF, 0x98, 0xFC, 0xE5, 0xD4, 0x6C, 0xDF, 0x81, 0xA6, 0xAE, 0xBF, 0xA4, 0xC6, 0xB1, 0xAB, 0xFB,
    0x8A, 0x65, 0xC1, 0xCD, 0x7D, 0xA7, 0xE4, 0xCB, 0x9E, 0xB9, 0x16, 0xF4, 0x85, 0x4F, 0x50, 0x32,
    0x30, 0x6A, 0x60, 0xE8, 0x5D, 0xF1, 0xF3, 0x0D, 0x3F, 0xA2, 0x20, 0xBC, 0x28, 0xBA, 0x1B, 0x3F,
    0xA4, 0x60, 0x17, 0x31, 0x98, 0xA2, 0x57, 0xAF, 0xCA, 0xC9, 0x17, 0xAB, 0xB9, 0x51, 0xEE, 0xD7,
    0x84, 0x3A, 0x61, 0x6B, 0x34, 0xC0, 0x72, 0x04, 0x9E, 0x3E, 0x42, 0xBE, 0xAD, 0x1B, 0x9E, 0xDC,
    0xE0, 0x3F, 0x5B, 0xC3, 0x25, 0x80, 0x0F, 0x72, 0xAB, 0xD2, 0x61, 0xB6, 0xD1, 0x05, 0x8F, 0x27,
    0x8E, 0xF6, 0xB8, 0x53, 0x45, 0x8E, 0x05, 0x2A, 0x6F, 0xF5, 0x24, 0x1D, 0xFB, 0x73, 0x8F, 0x1A,
    0x34, 0x47, 0x65, 0x51, 0x38, 0x85, 0x2B, 0x2A, 0xCF, 0x15, 0x20, 0xF1, 0x93, 0x0B, 0xE8, 0xAD,
    0xD1, 0x85, 0x55, 0x8F, 0x65, 0x9A, 0x54, 0xBE, 0x7C, 0xE7, 0x70, 0xC6, 0x28, 0x8B, 0x2B, 0x3C,
    0xF2, 0x5D, 0x13, 0x3B, 0x77, 0x3B, 0x0B, 0xFB, 0xDE, 0x32, 0xCF, 0x00, 0xF3, 0xC5, 0x48, 0x93,
    0x74, 0x1C, 0x52, 0xAC, 0x41, 0xA2, 0x05, 0x87, 0x14, 0x4D, 0x97, 0x76, 0x2B, 0x07, 0xAE, 0x8C,
    0xFF, 0xD6, 0x23, 0xD3, 0xFF, 0xB6, 0x2F, 0xEA, 0xE2, 0xAD, 0xCE, 0x96, 0xE7, 0x20, 0x15, 0x10,
    0x6C, 0x07, 0xFE, 0x4F, 0x36, 0x36, 0x6B, 0xD3, 0xB5, 0x2D, 0xCA, 0xAC, 0xB5, 0x64, 0x2D, 0xCB,
    0xE4, 0x9F, 0x77, 0x50, 0x2E, 0xBB, 0xF8, 0xE1, 0xE0, 0x0B, 0x9A, 0x73, 0x0E, 0x29, 0xEE, 0x2C,
    0x3C, 0xEA, 0xF6, 0xF7, 0x29, 0x9A, 0xFD, 0xB1, 0x08, 0xA9, 0x65, 0x25, 0x94, 0x70, 0xCE, 0x01,
    0xE7, 0x13, 0x71, 0x8E, 0x22, 0xD4, 0x9B, 0xE6, 0x70, 0xE8, 0xED, 0x63, 0x3E, 0xF1, 0x43, 0x06,
    0xDF, 0x7C, 0xF9, 0x20, 0x56, 0xB5, 0xF7, 0x50, 0x14, 0x3B, 0x7A, 0x8A, 0xB5, 0x87, 0x14, 0x4B,
    0xBE, 0xF1, 0xD3, 0x43, 0x16, 0x9A, 0x5F, 0x8A, 0x62, 0xE3, 0x03, 0x8A, 0x4D, 0x02, 0xC5, 0xAE,
    0x3E, 0x38, 0x86, 0x0B, 0x4E, 0x8A, 0x43, 0xBE, 0x63, 0xBF, 0xA7, 0x54, 0x0C, 0xE1, 0xE2, 0x35,
    0x87, 0x33, 0xE5, 0xF5, 0xD7, 0xC5, 0x9F, 0x62, 0xCF, 0x44, 0x44, 0x90, 0x8B, 0xE5, 0x4E, 0xCC,
    0x47, 0x1A, 0x16, 0xDD, 0x11, 0x4B, 0x5E, 0xFB, 0x7A, 0xE1, 0x8C, 0x64, 0xF5, 0x1B, 0x1E, 0x42,
    0x6A, 0x68, 0x10, 0x00, 0x28, 0x56, 0x50, 0xA2, 0x6F, 0x4C, 0xC7, 0x52, 0xBF, 0x7C, 0x1D, 0x10,
    0xDF, 0x8F, 0x9E, 0xE0, 0xFD, 0x9F, 0x90, 0x2B, 0x5A, 0x2A, 0xB0, 0x66, 0xFB, 0xDD, 0xA1, 0xBD,
    0x30, 0x03, 0x1B, 0xAC, 0x1B, 0x57, 0xC8, 0x34, 0x65, 0x47, 0xAF, 0xD1, 0x53, 0xCE, 0x24, 0xF4,
    0xB9, 0xB3, 0x9B, 0x66, 0x37, 0x3F, 0x13, 0xF8, 0xA8, 0xD7, 0x4B, 0x66, 0x8A, 0x3A, 0x52, 0xA1,
    0xCE, 0x14, 0xF2, 0xC5, 0xB3, 0x1B, 0xBF, 0xF1, 0x7E, 0x77, 0x36, 0x73, 0x96, 0x6C, 0x59, 0x31,
    0xCE, 0x8F, 0x1E, 0xDF, 0x2E, 0xFD, 0xD4, 0x7D, 0x35, 0xF2, 0x9B, 0x29, 0x61, 0x05, 0xCD, 0x8E,
    0x29, 0x2B, 0xE1, 0x1B, 0xAB, 0x7D, 0xEE, 0x65, 0xA7, 0xA5, 0x21, 0x66, 0x4E, 0xC6, 0xAF, 0x5E,
    0xB8, 0x12, 0xFC, 0x60, 0x6B, 0xF0, 0x43, 0x51, 0x27, 0x9D, 0x9F, 0xC3, 0x23, 0xE4, 0x5B, 0x54,
    0x4D, 0xC5, 0xEF, 0x1B, 0x9D, 0xB1, 0xC6, 0x72, 0x81, 0xED, 0xEE, 0xCD, 0x0A, 0xD9, 0x5D, 0xA6,
    0x51, 0x76, 0x05, 0xEC, 0xDF, 0x36, 0xD9, 0x84, 0xF4, 0x17, 0x2B, 0x3D, 0x35, 0x9A, 0x17, 0x7B,
    0xE2, 0x3E, 0xD3, 0x28, 0x84, 0x63, 0x04, 0x9E, 0xA9, 0x71, 0xDE, 0x33, 0xFA, 0xE9, 0x8D, 0x2B,
    0x5D, 0xED, 0x57, 0x03, 0x44, 0x63, 0xDE, 0x78, 0xCC, 0xFC, 0x3D, 0x29, 0x77, 0xD3, 0xF0, 0xB0,
    0x79, 0x66, 0x50, 0x36, 0x5D, 0x03, 0x82, 0xAF, 0x01, 0x3F, 0x5A, 0x15, 0xE1, 0x58, 0x47, 0x03,
    0xA4, 0x1F, 0x61, 0xD2, 0x13, 0xE4, 0xF3, 0xBC, 0x44, 0x96, 0x5A, 0x14, 0x43, 0xFC, 0x27, 0x15,
    0xD2, 0xC0, 0x11, 0x33, 0xE6, 0x36, 0x40, 0x33, 0xFA, 0xA9, 0x99, 0xC6, 0x3E, 0x7D, 0xF8, 0xBF,
    0xF3, 0x98, 0x10, 0x12, 0x22, 0x42, 0x40, 0x88, 0x07, 0xE1, 0x20, 0x1A, 0x6A, 0xDD, 0x03, 0xD0,
    0xE7, 0x66, 0xB7, 0xD5, 0xD1, 0x96, 0x75, 0x08, 0x32, 0x09, 0x8C, 0x78, 0x1F, 0x39, 0x88, 0x34,
    0xCF, 0xB0, 0x48, 0x41, 0xF1, 0x0A, 0x0A, 0xC6, 0xC4, 0x32, 0x24, 0xE2, 0xE1, 0x4B, 0x9D, 0x77,
    0x28, 0xBA, 0x37, 0x8A, 0xE1, 0xD8, 0x4C, 0xDD, 0x5A, 0xB2, 0x46, 0x52, 0xC9, 0xCA, 0xA4, 0x46,
    0xA6, 0x5F, 0x5D, 0x2D, 0x02, 0xC7, 0xC0, 0x87, 0x42, 0x62, 0xE1, 0x26, 0x07, 0x73, 0xD2, 0xFE,
    0xDF, 0xCE, 0x49, 0x0F, 0xDD, 0xE4, 0x15, 0xFF, 0xF2, 0xB5, 0xDB, 0x9D, 0xF8, 0x08, 0x20, 0x21,
    0x84, 0x64, 0xF8, 0x08, 0xEE, 0x31, 0xC2, 0xA3, 0xE1, 0xD0, 0x75, 0x61, 0xBE, 0x05, 0x07, 0xBA,
    0xB6, 0x9C, 0xC8, 0x7C, 0x9E, 0x85, 0x66, 0xB4, 0x5E, 0x85, 0x58, 0xED, 0x1D, 0xE5, 0x10, 0x31,
    0x6E, 0xF3, 0x4F, 0xD5, 0x56, 0xB1, 0x8E, 0xDD, 0x44, 0x14, 0xBD, 0xF6, 0x6C, 0x62, 0x29, 0x2E,
    0x4C, 0x91, 0x50, 0x24, 0x85, 0xFB, 0x48, 0xE0, 0x1F, 0x80, 0xD8, 0xF9, 0x03, 0x0A, 0x36, 0x94,
    0x34, 0x14, 0x28, 0x4D, 0x1A, 0x1A, 0xA4, 0x24, 0xF6, 0x27, 0xBC, 0x8A, 0x3A, 0x45, 0x0A, 0x08,
    0x05, 0x2D, 0x45, 0x58, 0xFB, 0x13, 0xDE, 0x27, 0xBC, 0x22, 0x11, 0x22, 0x95, 0x0B, 0x17, 0x5E,
    0x34, 0xF6, 0x70, 0xCE, 0x19, 0xEF, 0x4B, 0x96, 0x68, 0xE9, 0x00, 0xC5, 0xD2, 0xBB, 0x3B, 0x3B,
    0x9E, 0xB9, 0xF7, 0xDC, 0x73, 0xEF, 0x9C, 0xB1, 0xA5, 0xCF, 0xEF, 0x76, 0x66, 0x6E, 0x2E, 0x07,
    0x33, 0xF3, 0xF9, 0x01, 0xF6, 0xA9, 0x1B, 0x61, 0xAB, 0x64, 0x86, 0x2D, 0x86, 0xC7, 0xB0, 0x49,
    0x73, 0x62, 0x97, 0x9F, 0x3C, 0xBC, 0x82, 0x0D, 0x21, 0x98, 0x65, 0xB0, 0x83, 0x95, 0xB3, 0xD5,
    0xA3, 0xB5, 0x83, 0xE5, 0xB3, 0x61, 0xD2, 0xF9, 0xD4, 0x63, 0xDF, 0xE2, 0xE8, 0x64, 0xCD, 0xE9,
    0x30, 0x14, 0x74, 0xDE, 0x2B, 0x50, 0x5F, 0xC9, 0xD6, 0x1D, 0xE7, 0x65, 0xD7, 0xBA, 0xB9, 0xB0,
    0xC9, 0xD2, 0xC2, 0xA6, 0x9E, 0xD6, 0x79, 0xCE, 0x64, 0x33, 0xD7, 0x14, 0x63, 0x8D, 0x5D, 0xE5,
    0xA1, 0xDA, 0x1B, 0x02, 0x15, 0xA3, 0x25, 0xA1, 0xC9, 0x17, 0xCB, 0x57, 0x73, 0xE1, 0x4D, 0x40,
    0xA0, 0x3E, 0x04, 0xBC, 0xBA, 0x13, 0x16, 0x22, 0xBC, 0x85, 0x9F, 0x92, 0x8B, 0xB9, 0x29, 0x35,
    0x65, 0xA6, 0xC4, 0x8A, 0xEE, 0xF1, 0xA5, 0xB4, 0xB4, 0x9A, 0x3E, 0x2A, 0xA6, 0xD4, 0xBF, 0xEE,
    0x87, 0x64, 0x45, 0x28, 0xC0, 0xCF, 0x47, 0xA0, 0x77, 0x63, 0xB1, 0x37, 0x37, 0xC1, 0x91, 0x9B,
    0x2A, 0xB8, 0x9C, 0x80, 0xCA, 0x8D, 0x30, 0xD9, 0x58, 0x83, 0x0C, 0x9A, 0xE2, 0x40, 0x33, 0x60,
    0xAE, 0xEA, 0x80, 0xB3, 0xC5, 0xEE, 0x74, 0xB5, 0x62, 0x7D, 0x34, 0x03, 0x5E, 0x40, 0xF0, 0x76,
    0x15, 0x93, 0x0A, 0x77, 0xFD, 0x39, 0x6D, 0x1B, 0x38, 0x43, 0xF6, 0xCC, 0x1D, 0x72, 0xD8, 0x6C,
    0x70, 0xB0, 0x89, 0x59, 0xF3, 0x21, 0xB2, 0xBD, 0xA5, 0xC5, 0xAC, 0x90, 0x54, 0x17, 0x73, 0x52,
    0x4A, 0xEF, 0x64, 0xF4, 0x9F, 0x12, 0x7D, 0xF7, 0xFE, 0x8F, 0xEC, 0xE4, 0x81, 0x10, 0x8B, 0x7D,
    0x0F, 0x2B, 0x5F, 0x96, 0x4C, 0x05, 0x19, 0x79, 0xE9, 0x90, 0x80, 0xDD, 0x7C, 0x9F, 0xED, 0x3F,
    0xB8, 0x5E, 0xBE, 0xCA, 0x10, 0xC0, 0x6C, 0x39, 0xDC, 0x81, 0x4F, 0xE0, 0x01, 0x64, 0xEC, 0x6F,
    0x61, 0x8F, 0x83, 0xC6, 0x7A, 0xFD, 0x8B, 0x05, 0x18, 0x2C, 0x1A, 0x78, 0x30, 0x69, 0x89, 0xB7,
    0x6A, 0x42, 0xAE, 0xA4, 0x09, 0xC0, 0x30, 0x0D, 0x3B, 0x12, 0x02, 0xBB, 0x30, 0x1B, 0x59, 0xAC,
    0xFC, 0xC0, 0xC2, 0x21, 0xE5, 0x85, 0x29, 0x71, 0x6B, 0xC9, 0x8C, 0x00, 0xD9, 0x94, 0x9F, 0xD5,
    0x1A, 0x60, 0x52, 0x89, 0xF3, 0x15, 0x2A, 0x71, 0xBB, 0xFB, 0x49, 0xE9, 0x80, 0x93, 0x26, 0x25,
    0x57, 0x3E, 0xDF, 0xDB, 0xE7, 0xE9, 0x68, 0x27, 0xF6, 0x45, 0x4C, 0x21, 0xF9, 0xD2, 0x7C, 0xE9,
    0xCD, 0xB7, 0xB3, 0x9D, 0xAF, 0xCF, 0x13, 0x64, 0x92, 0x06, 0x10, 0x49, 0x0C, 0x88, 0x97, 0x4D,
    0xA4, 0x92, 0xD1, 0x15, 0x9B, 0x91, 0x19, 0x82, 0xF1, 0x8C, 0xA5, 0x27, 0x45, 0x35, 0x2B, 0x89,
    0xDF, 0x99, 0x29, 0x29, 0x3E, 0x0F, 0xC9, 0x53, 0x16, 0x26, 0x91, 0x03, 0x37, 0x58, 0xF7, 0x04,
    0xF6, 0x33, 0xFB, 0x04, 0xF6, 0x23, 0x3B, 0xF9, 0xC0, 0x58, 0x44, 0x42, 0x3B, 0xB5, 0x62, 0x8E,
    0x16, 0x2E, 0xBB, 0xDA, 0x3E, 0xB5, 0x02, 0x49, 0x9C, 0xFC, 0x6B, 0x0C, 0xDE, 0xD8, 0x3D, 0x34,
    0xF5, 0x30, 0x4F, 0xDA, 0xC4, 0x33, 0x99, 0x78, 0xF5, 0xE1, 0x6F, 0x9B, 0xE0, 0x92, 0xD9, 0x6B,
    0x60, 0xF2, 0xD2, 0x43, 0x37, 0x4F, 0xE5, 0x68, 0xDD, 0x5C, 0xB1, 0xBD, 0x3D, 0x5D, 0x26, 0x1E,
    0xEC, 0x58, 0x3A, 0xD3, 0xBA, 0x29, 0x9D, 0x69, 0xDD, 0x24, 0x56, 0x88, 0x6D, 0xCC, 0x84, 0x90,
    0x38, 0x8B, 0x3D, 0xE5, 0xA0, 0x18, 0x88, 0xB5, 0x1C, 0x18, 0xB4, 0x1A, 0x88, 0xB7, 0xEE, 0x84,
    0xB8, 0x11, 0x66, 0xA1, 0x6E, 0x65, 0x57, 0xD9, 0x85, 0xB9, 0x80, 0x5A, 0x40, 0x45, 0xC2, 0xE5,
    0x68, 0xD5, 0x88, 0x82, 0xFE, 0x0C, 0xFD, 0x89, 0x95, 0xC0, 0x51, 0x7F, 0x15, 0xA9, 0xBA, 0x2C,
    0xB5, 0x8C, 0x72, 0x46, 0x08, 0x75, 0x94, 0xDA, 0x97, 0xD4, 0xB4, 0x9B, 0xEF, 0xE4, 0x04, 0x90,
    0x6E, 0x06, 0x3A, 0x37, 0xD1, 0x8C, 0x60, 0x31, 0xE3, 0xB9, 0xCF, 0x0F, 0x40, 0x56, 0xEC, 0xE1,
    0xA3, 0x18, 0x2A, 0x1A, 0x84, 0x2F, 0xB7, 0x83, 0x4E, 0x94, 0x2D, 0xE1, 0x9D, 0xB1, 0x43, 0x56,
    0x83, 0x6A, 0x2C, 0x2C, 0x07, 0x14, 0x69, 0x41, 0x43, 0xDD, 0xF3, 0xD6, 0xFF, 0xE0, 0xBD, 0xD5,
    0xE1, 0x30, 0x03, 0xE3, 0x7D, 0xB0, 0xB0, 0x1D, 0x85, 0xDB, 0x3B, 0x89, 0x2C, 0x2B, 0xE0, 0x28,
    0x39, 0x0C, 0x80, 0xDC, 0x0A, 0x2B, 0x60, 0x4F, 0x28, 0x4D, 0x1F, 0x20, 0xDB, 0x68, 0x26, 0x4A,
    0x6D, 0x7F, 0x59, 0x6A, 0x3B, 0x49, 0x6D, 0xD2, 0xFC, 0x3F, 0x44, 0xF3, 0x79, 0x14, 0x76, 0x44,
    0xBB, 0xF0, 0xDC, 0x63, 0xCD, 0xC1, 0x7E, 0xB5, 0x56, 0xB7, 0x8E, 0x89, 0xD1, 0x4B, 0x46, 0x73,
    0x2D, 0xFB, 0xBF, 0x8E, 0x92, 0xA2, 0x9B, 0x81, 0xB7, 0x56, 0xCB, 0x6B, 0x2C, 0x97, 0x8A, 0xC7,
    0x45, 0x74, 0xA1, 0x7B, 0xAB, 0x1E, 0x8E, 0xA3, 0xE8, 0xF6, 0x3B, 0x42, 0x6B, 0xDF, 0xF4, 0x1E,
    0xEC, 0x60, 0x6F, 0x19, 0x56, 0x64, 0x7F, 0xEB, 0xC8, 0xC0, 0x0D, 0xAE, 0x2A, 0xBB, 0xAD, 0xB0,
    0x46, 0xB9, 0x32, 0x3A, 0x4F, 0x78, 0xE0, 0xA2, 0xEE, 0x27, 0xA7, 0xBC, 0x8B, 0x26, 0xDC, 0xAE,
    0xDE, 0xAD, 0x0F, 0x7C, 0xAC, 0xE8, 0xF6, 0xC3, 0xD8, 0xB1, 0xF2, 0xBC, 0xA1, 0x09, 0x2A, 0x27,
    0x1C, 0xFE, 0xC3, 0x4B, 0x51, 0x35, 0xD6, 0xF9, 0xDF, 0xA1, 0x66, 0xEB, 0x83, 0xD0, 0xF1, 0x82,
    0xA6, 0x2B, 0x3B, 0xDD, 0xC2, 0x3F, 0x8C, 0x47, 0x9F, 0xA7, 0x40, 0x6A, 0xC5, 0x5D, 0x0D, 0xCF,
    0x38, 0xF0, 0x60, 0xB1, 0x6F, 0x2F, 0xCC, 0x4C, 0x9D, 0xE3, 0x2D, 0xCC, 0x9A, 0xCD, 0xB1, 0x70,
    0x71, 0x8F, 0x80, 0x48, 0x6B, 0x14, 0x4C, 0x6A, 0x23, 0xB9, 0x91, 0xDE, 0x48, 0x70, 0x36, 0x42,
    0x9A, 0x4D, 0x6F, 0x28, 0xA0, 0x51, 0x75, 0xA2, 0xEC, 0xD0, 0x5C, 0xE9, 0xFD, 0xED, 0x93, 0x3E,
    0xB3, 0xA8, 0x67, 0x9B, 0x77, 0xBA, 0xBB, 0xC7, 0x17, 0x2F, 0x4D, 0xF2, 0xAE, 0xFB, 0xBD, 0x89,
    0x09, 0x54, 0x1B, 0xA1, 0x2B, 0xEF, 0xFF, 0xD0, 0x21, 0x97, 0xE6, 0xE3, 0xE5, 0xD4, 0xE2, 0xF9,
    0x88, 0xEE, 0xDD, 0xC6, 0xE1, 0x55, 0x2A, 0x59, 0x5D, 0xA8, 0x24, 0xC7, 0xAF, 0xD1, 0x7E, 0xA0,
    0x35, 0x23, 0xB5, 0x37, 0xDF, 0xC2, 0xE1, 0x7E, 0xED, 0xE9, 0x62, 0xB8, 0xC7, 0x47, 0x20, 0xF1,
    0xB9, 0xAE, 0x6A, 0xF7, 0x2C, 0xBC, 0x0B, 0x7F, 0xF6, 0x33, 0x93, 0xCB, 0x3C, 0x0F, 0x40, 0x12,
    0xAF, 0xAC, 0x77, 0xAC, 0x18, 0x90, 0x76, 0x6F, 0xE2, 0x6F, 0xED, 0x5E, 0xB7, 0x54, 0x43, 0x3F,
    0xB3, 0x8E, 0x17, 0x59, 0xE9, 0x7F, 0x67, 0xDF, 0x7D, 0x63, 0x41, 0xCD, 0xA1, 0x7E, 0x33, 0x7D,
    0x3E, 0x45, 0xBE, 0x37, 0x1B, 0x67, 0xE2, 0xDB, 0xB6, 0x39, 0x76, 0xB3, 0x53, 0xA8, 0x72, 0x56,
    0x15, 0x0E, 0x17, 0xEE, 0x93, 0xCD, 0xFD, 0x8E, 0x8D, 0xA6, 0x21, 0x61, 0x5B, 0x4F, 0x61, 0xB2,
    0xDD, 0x96, 0x4B, 0xA2, 0x9E, 0xE9, 0x89, 0x41, 0x07, 0xC8, 0xDC, 0xF9, 0xFD, 0xA0, 0xCF, 0x98,
    0xE8, 0x5F, 0x35, 0x8E, 0x45, 0xDE, 0xAC, 0xCA, 0x9C, 0xC6, 0x88, 0x93, 0xCE, 0xCA, 0x5E, 0x1E,
    0x14, 0x91, 0xE3, 0xE4, 0x55, 0x4C, 0x54, 0xD5, 0x8E, 0x85, 0x57, 0x79, 0x2E, 0xC6, 0x71, 0x5E,
    0xAD, 0x85, 0x6F, 0xA8, 0xE3, 0x69, 0x4C, 0x95, 0x4A, 0xE5, 0x45, 0xF0, 0x41, 0x2C, 0xAB, 0x5F,
    0xB9, 0xA2, 0x3E, 0xE7, 0xBB, 0xEF, 0x2F, 0x5A, 0x66, 0x67, 0x54, 0xA1, 0x74, 0xCC, 0xB4, 0xDB,
    0xAB, 0x19, 0xE3, 0xE7, 0x17, 0x96, 0x2A, 0x06, 0x75, 0x8C, 0xCF, 0xB5, 0xBF, 0x7D, 0x63, 0x31,
    0x30, 0x20, 0x56, 0x8D, 0x1A, 0x23, 0x5E, 0xCE, 0xAC, 0x31, 0xFF, 0xB4, 0xB1, 0x3B, 0x7A, 0xDB,
    0xC4, 0x51, 0xB5, 0x5F, 0x62, 0x73, 0x7B, 0xCD, 0xB3, 0x98, 0x67, 0x31, 0x99, 0x25, 0xE6, 0xB1,
    0x9E, 0x9E, 0x7E, 0x35, 0x31, 0x6F, 0x7E, 0x1C, 0xA4, 0xF1, 0x8F, 0x5B, 0x5F, 0xBC, 0xF8, 0xE5,
    0xA0, 0xD7, 0xFC, 0xA8, 0x8C, 0xCD, 0xC4, 0x9E, 0x42, 0x10, 0xB6, 0x24, 0x95, 0x6F, 0xAF, 0x58,
    0x57, 0x62, 0x38, 0xBB, 0x02, 0x43, 0xF2, 0xCC, 0xBE, 0x85, 0x92, 0xD0, 0xF5, 0x13, 0xED, 0x62,
    0x31, 0x4A, 0x52, 0x56, 0x4C, 0x6F, 0xBF, 0xF2, 0xC9, 0x60, 0xF7, 0x4F, 0xC7, 0x55, 0xA2, 0xD4,
    0xC6, 0xE3, 0x0A, 0x59, 0x5F, 0x72, 0x48, 0x39, 0xF4, 0x60, 0xB4, 0x65, 0xF9, 0x7A, 0x42, 0x3D,
    0xDD, 0x8C, 0x8F, 0x0E, 0x37, 0x43, 0xE2, 0x60, 0x3C, 0x55, 0x1C, 0x7A, 0x3E, 0xA1, 0x62, 0x19,
    0xA5, 0x3C, 0x7F, 0x4F, 0xCA, 0xA5, 0xE2, 0x1D, 0x12, 0x83, 0xF7, 0xFA, 0x28, 0xE5, 0x35, 0xD3,
    0x68, 0x89, 0xFE, 0xCC, 0xFE, 0x02, 0xCD, 0x56, 0x3F, 0x6C, 0x1C, 0x59, 0x19, 0xFF, 0xCD, 0x8C,
    0x9D, 0xB9, 0x78, 0x70, 0x66, 0x0B, 0x3B, 0x0A, 0xF9, 0x37, 0x14, 0x29, 0x82, 0x65, 0x33, 0x57,
    0x58, 0xC2, 0xC5, 0xDA, 0xF3, 0xE0, 0x0A, 0x2A, 0xC4, 0x22, 0x65, 0xB9, 0x02, 0x89, 0x4B, 0x91,
    0xE2, 0x62, 0x29, 0x8A, 0x91, 0x52, 0x2C, 0xC2, 0xF6, 0x3C, 0x5D, 0x45, 0x83, 0x58, 0x21, 0x3A,
    0x9A, 0x2D, 0x5C, 0x24, 0x2B, 0xA1, 0x4B, 0xE1, 0xC2, 0x85, 0xE3, 0x7D, 0x57, 0xD1, 0x0E, 0x42,
    0x82, 0x0E, 0x8D, 0xC4, 0x9D, 0x10, 0x3A, 0xDD, 0xDD, 0x08, 0x06, 0xB1, 0x91, 0x66, 0xF7, 0xF1,
    0xFB, 0xDE, 0xEE, 0x26, 0x44, 0x70, 0xA2, 0x65, 0xE6, 0xCD, 0xBC, 0xDD, 0xF7, 0xE7, 0x7B, 0xDF,
    0x9F, 0xDF, 0xF7, 0xFB, 0x66, 0x1F, 0x99, 0x4A, 0x4C, 0x54, 0x04, 0x15, 0x6A, 0xB4, 0xB0, 0xAF,
    0x60, 0xE1, 0x37, 0x88, 0x2A, 0x24, 0x06, 0x7B, 0xE0, 0x10, 0xB0, 0xD2, 0x07, 0xB2, 0x0A, 0x18,
    0xD5, 0xF0, 0xC7, 0x9C, 0x2B, 0x8E, 0x91, 0x21, 0x51, 0x6B, 0xF0, 0xE0, 0xF5, 0x31, 0x88, 0xA6,
    0x5E, 0x95, 0xD8, 0x4F, 0x8B, 0xBD, 0xC4, 0x9A, 0x43, 0xCF, 0xBA, 0x2D, 0xEB, 0xDD, 0x7B, 0x99,
    0x6D, 0x72, 0x3B, 0x5E, 0xEF, 0x76, 0xAE, 0x0F, 0x87, 0xCF, 0x32, 0x6B, 0x27, 0x7C, 0x1A, 0x4E,
    0xE1, 0x39, 0x76, 0xC6, 0x18, 0x5F, 0xFC, 0xBA, 0xCA, 0x6C, 0x11, 0x5B, 0x85, 0x0E, 0xBE, 0x8A,
    0x1C, 0x23, 0x95, 0xE3, 0x1A, 0x96, 0xD0, 0x39, 0xF6, 0xEB, 0x69, 0x50, 0xBF, 0x08, 0xAA, 0x16,
    0xD4, 0xBE, 0x1A, 0xD5, 0xEB, 0x63, 0x34, 0xDE, 0x38, 0xAD, 0x72, 0x75, 0x88, 0x9E, 0x1C, 0x98,
    0x4C, 0xB1, 0xF7, 0x9E, 0xEA, 0x85, 0x9A, 0xED, 0x30, 0xD2, 0xD9, 0x08, 0xF1, 0x04, 0x50, 0xC0,
    0x86, 0x7F, 0x82, 0x69, 0x54, 0xF9, 0xE3, 0xC4, 0x84, 0x65, 0x86, 0x58, 0x37, 0xD8, 0xF5, 0x4B,
    0xB4, 0x3C, 0x85, 0x13, 0x6C, 0x1C, 0xA1, 0x49, 0xBF, 0x53, 0xC5, 0x5F, 0x98, 0xD0, 0x22, 0xA0,
    0x22, 0x1D, 0xF8, 0xFD, 0xA0, 0x0A, 0xCB, 0xA8, 0x88, 0x4D, 0x6C, 0x12, 0x9D, 0xAA, 0x94, 0x66,
    0xAD, 0x63, 0xE5, 0x5B, 0x83, 0xE4, 0xDB, 0x55, 0xFA, 0x4E, 0x95, 0x05, 0x55, 0x16, 0x96, 0xC7,
    0x51, 0xF1, 0x70, 0x45, 0xEF, 0x53, 0x74, 0xF6, 0x41, 0x43, 0xA7, 0x4C, 0x68, 0x7F, 0x8E, 0xA0,
    0x4A, 0x14, 0xC6, 0x91, 0x71, 0xC2, 0xEF, 0x02, 0x53, 0xD7, 0x26, 0x78, 0x72, 0xE7, 0xEE, 0x19,
    0xCE, 0x8F, 0xDF, 0xAD, 0x33, 0x5B, 0x46, 0xCE, 0x36, 0xBA, 0x34, 0xB4, 0xF4, 0x4F, 0xB3, 0x87,
    0xF3, 0x43, 0xB4, 0x5B, 0x34, 0x31, 0xA1, 0x3B, 0x81, 0x17, 0x40, 0x83, 0x60, 0x8C, 0xB0, 0x42,
    0x5C, 0x22, 0x29, 0x90, 0x19, 0xAC, 0xD3, 0x8A, 0x1C, 0x0C, 0x01, 0x45, 0x31, 0x0A, 0x41, 0xED,
    0x66, 0x0D, 0x12, 0x8D, 0x14, 0x58, 0x93, 0x7D, 0xBC, 0x95, 0xDC, 0xA9, 0x4A, 0x78, 0xC7, 0x6A,
    0xF9, 0x7F, 0xEC, 0x18, 0x72, 0x3A, 0xD5, 0x31, 0x3D, 0xE2, 0x55, 0x8B, 0x00, 0x07, 0xB3, 0x00,
    0xEB, 0x45, 0x80, 0xA9, 0x50, 0x8A, 0xEB, 0x17, 0xC8, 0x26, 0xD8, 0xA0, 0x67, 0x0E, 0x81, 0x73,
    0xB8, 0x61, 0x7A, 0xE4, 0x59, 0x36, 0xC9, 0x9F, 0x9E, 0x63, 0xCC, 0xFF, 0xD7, 0x87, 0x4F, 0x33,
    0x09, 0x63, 0xE3, 0xE6, 0x39, 0x52, 0x03, 0x15, 0x28, 0xD6, 0xAF, 0x10, 0x94, 0x74, 0x27, 0x36,
    0x14, 0x72, 0x85, 0x91, 0x38, 0x83, 0xCA, 0x24, 0xB5, 0xD8, 0xB4, 0x0B, 0x77, 0xA9, 0xD8, 0x64,
    0x8C, 0xE0, 0x19, 0xEF, 0x3D, 0xCA, 0xF5, 0xDC, 0xE0, 0x42, 0xCC, 0xD5, 0x97, 0x2A, 0xB3, 0x3A,
    0xA7, 0xC3, 0x68, 0x8D, 0xD5, 0x23, 0xAB, 0x82, 0x02, 0xA1, 0x91, 0x16, 0xE9, 0xB9, 0x42, 0xCB,
    0x13, 0x95, 0x5A, 0x93, 0x59, 0x33, 0x3B, 0x90, 0x40, 0x58, 0xEF, 0x72, 0x97, 0xE1, 0x7A, 0xAC,
    0x28, 0x67, 0xB0, 0xA2, 0x6F, 0xC4, 0xB5, 0x74, 0xC8, 0x85, 0x38, 0x24, 0x6F, 0x90, 0xD7, 0x48,
    0xFB, 0x9C, 0x97, 0xF8, 0x8A, 0xF3, 0x72, 0x1C, 0x53, 0xBF, 0x7C, 0x9C, 0x8D, 0xA3, 0xDA, 0xC1,
    0x8E, 0xF7, 0x1A, 0x96, 0xD1, 0x4A, 0x55, 0x93, 0xB1, 0xA1, 0x59, 0x62, 0x4C, 0x4F, 0x10, 0x5B,
    0xA4, 0xEF, 0xE9, 0x76, 0x60, 0xA4, 0x85, 0x26, 0xFD, 0x50, 0x45, 0x53, 0x01, 0x99, 0x77, 0x22,
    0x98, 0x21, 0x5E, 0x68, 0x17, 0x5D, 0x57, 0x7B, 0x55, 0x50, 0x7B, 0x53, 0x17, 0x97, 0x8B, 0xAC,
    0xC9, 0x0A, 0xAF, 0x8E, 0x38, 0xB7, 0x87, 0x23, 0x9E, 0x93, 0x55, 0x09, 0xB3, 0xC6, 0xEF, 0x2F,
    0x30, 0x16, 0xEB, 0x85, 0x16, 0xEB, 0xCE, 0xFA, 0x98, 0x09, 0x91, 0xF0, 0x61, 0xA0, 0xCE, 0xF9,
    0x8C, 0x19, 0x8D, 0x7A, 0x57, 0xFC, 0xC9, 0xEB, 0x81, 0xAF, 0xDE, 0x3F, 0x8B, 0xD4, 0xE9, 0xD1,
    0xE3, 0x3F, 0x30, 0x4F, 0xAC, 0xB9, 0xD4, 0x7F, 0x48, 0x10, 0x7F, 0xFD, 0xC8, 0x6B, 0xD2, 0x50,
    0x40, 0x1C, 0x2D, 0x40, 0x2C, 0x3E, 0x1F, 0x19, 0x9F, 0x70, 0xFB, 0x7B, 0x95, 0xEA, 0xE6, 0x05,
    0x8E, 0x3A, 0x58, 0x62, 0x8A, 0xD1, 0xD1, 0x23, 0x49, 0xB1, 0x32, 0x9E, 0xC3, 0x50, 0x87, 0xB6,
    0x8E, 0x79, 0x98, 0x3A, 0x6A, 0x63, 0x8B, 0x30, 0xA4, 0x03, 0xFB, 0xF1, 0xC4, 0x2F, 0x32, 0xFB,
    0xA9, 0x39, 0x4A, 0xAD, 0x3E, 0xF5, 0xA7, 0xFF, 0x96, 0xBA, 0x6C, 0xB3, 0xD4, 0x1D, 0x6A, 0x1E,
    0x6F, 0x75, 0xCA, 0x97, 0x5A, 0x68, 0x6D, 0x8D, 0x7B, 0x2D, 0x77, 0xBB, 0xDD, 0xD9, 0x98, 0xBB,
    0x64, 0xDD, 0xEC, 0xB5, 0xDE, 0xED, 0xDE, 0xC3, 0x97, 0xC9, 0xDF, 0x98, 0xD3, 0x41, 0x3E, 0xA7,
    0x03, 0xD9, 0x61, 0x6D, 0x99, 0xBB, 0xAE, 0xD8, 0x1F, 0xCA, 0xA5, 0x05, 0xBA, 0x1E, 0x51, 0xCA,
    0x00, 0x96, 0xCC, 0xD7, 0x94, 0x48, 0xD2, 0xB8, 0xF9, 0xEA, 0xA8, 0x65, 0x77, 0x2C, 0x61, 0x0E,
    0x97, 0x4A, 0xBC, 0x8E, 0xDD, 0xDB, 0x09, 0xF4, 0x6A, 0x79, 0x07, 0xCE, 0x8D, 0x51, 0xE1, 0x16,
    0xEA, 0xFF, 0x8B, 0x85, 0x73, 0xDD, 0xA9, 0x77, 0x58, 0x78, 0xA5, 0x57, 0x06, 0x45, 0x6A, 0xF6,
    0xE6, 0xA3, 0xB1, 0x42, 0x9B, 0x69, 0x78, 0xB8, 0xC0, 0x02, 0xBD, 0x42, 0x0E, 0xB1, 0x33, 0x49,
    0xF4, 0x94, 0x60, 0x25, 0x06, 0xCE, 0x6E, 0x13, 0x23, 0xDF, 0x60, 0xDA, 0xED, 0x75, 0x7F, 0x20,
    0xB8, 0x28, 0xE9, 0xCD, 0xBE, 0x77, 0x72, 0x5D, 0x11, 0x47, 0xD5, 0x6E, 0xF2, 0xBB, 0xEA, 0x34,
    0x52, 0xF5, 0xE0, 0x12, 0xEE, 0x73, 0xDB, 0xE5, 0x50, 0x20, 0x1C, 0x4F, 0x11, 0xD6, 0x88, 0xC7,
    0xC8, 0x27, 0xE8, 0x39, 0xCC, 0x52, 0x03, 0x82, 0x3E, 0x78, 0x89, 0xB0, 0x90, 0x26, 0x99, 0x5B,
    0x89, 0xE6, 0x6C, 0x37, 0x4A, 0xF1, 0xF3, 0xDA, 0x42, 0xA7, 0x37, 0x22, 0x8D, 0x2F, 0x8D, 0xF4,
    0xFE, 0x9B, 0x35, 0x64, 0x08, 0x26, 0x04, 0x89, 0x8D, 0xAC, 0x96, 0x6A, 0x26, 0x82, 0x9C, 0x29,
    0x75, 0x22, 0x9E, 0xFA, 0x65, 0x4A, 0x30, 0xEC, 0x26, 0x56, 0xF7, 0xE6, 0x60, 0xA0, 0x26, 0xDA,
    0x16, 0x51, 0x11, 0x16, 0x92, 0x36, 0xF3, 0x8B, 0xC0, 0x5E, 0x0E, 0x6B, 0x95, 0x7E, 0xEF, 0xCF,
    0x55, 0xF6, 0x8B, 0xDF, 0x56, 0x59, 0x1A, 0x96, 0x4B, 0xBB, 0x9E, 0x63, 0xB3, 0x44, 0xB9, 0x04,
    0xEA, 0x30, 0xB5, 0x4A, 0x01, 0xA7, 0x12, 0x2D, 0x54, 0x36, 0x1C, 0x8E, 0x84, 0x67, 0x12, 0x61,
    0x8A, 0x54, 0x58, 0x65, 0x8F, 0x34, 0xB3, 0x60, 0x9E, 0xE4, 0x15, 0x7E, 0xD7, 0xDF, 0x34, 0x83,
    0x90, 0x9B, 0x62, 0x44, 0x28, 0xCE, 0xCC, 0xB8, 0xEE, 0x0D, 0x5E, 0x51, 0xFE, 0x71, 0x64, 0x5E,
    0xC4, 0xE6, 0xE9, 0x8A, 0xCE, 0x27, 0xA3, 0x66, 0xBF, 0x81, 0x10, 0x60, 0x2D, 0x99, 0xA9, 0xE1,
    0xFD, 0xB2, 0x1C, 0x44, 0xF6, 0xA3, 0x59, 0xC9, 0x23, 0x23, 0xB5, 0xF7, 0x58, 0xF2, 0x7A, 0x98,
    0x31, 0x29, 0x06, 0x10, 0x0E, 0x76, 0x0F, 0x4B, 0x0F, 0x1E, 0xE0, 0x41, 0x68, 0x55, 0x15, 0xDB,
    0xBF, 0x54, 0xE9, 0x0F, 0x6D, 0xD1, 0x86, 0x55, 0x6B, 0x74, 0xBF, 0x50, 0x95, 0x70, 0x95, 0x03,
    0xC6, 0xD2, 0x5C, 0x9D, 0x0B, 0xB4, 0x03, 0xFB, 0x49, 0x1D, 0xFD, 0xD1, 0x56, 0x31, 0x72, 0x87,
    0x1B, 0x12, 0x11, 0xF3, 0xF7, 0x9D, 0x22, 0xFD, 0x90, 0xE7, 0xF8, 0x52, 0x5A, 0x5B, 0xB3, 0x73,
    0x06, 0x9B, 0x08, 0x3F, 0xC9, 0xC5, 0xFA, 0x82, 0x96, 0xE9, 0xD0, 0x1C, 0xC2, 0xD3, 0xFD, 0xB9,
    0x20, 0x4F, 0x47, 0x45, 0x5A, 0x3D, 0xFE, 0x38, 0xD6, 0xB1, 0x12, 0x0E, 0xCF, 0xEB, 0xC0, 0x9A,
    0x64, 0x32, 0xEF, 0x7E, 0xD2, 0x41, 0x17, 0xCB, 0x8F, 0x7A, 0x6E, 0xE9, 0x56, 0xCF, 0xB9, 0x95,
    0xDD, 0x95, 0xF6, 0x73, 0x6C, 0x01, 0x57, 0xD6, 0x9E, 0x4B, 0x04, 0x8C, 0x34, 0xF8, 0x5A, 0x1A,
    0xDE, 0xE2, 0xC8, 0x1D, 0xB4, 0x6E, 0xB1, 0xEB, 0x2D, 0xF5, 0x44, 0xDD, 0xD6, 0x56, 0x4F, 0xB4,
    0x58, 0xDA, 0xEA, 0xB5, 0x45, 0xC8, 0x56, 0xEF, 0x0E, 0xBB, 0x6B, 0x5B, 0x73, 0x99, 0x77, 0xDC,
    0xCA, 0x6B, 0x90, 0x6E, 0x9B, 0xEA, 0x28, 0x69, 0x0B, 0x99, 0xDE, 0x77, 0xF1, 0x63, 0x85, 0xF9,
    0x79, 0xDC, 0x70, 0x77, 0xA6, 0x04, 0x5E, 0x77, 0x6F, 0xAA, 0xCB, 0x32, 0x8B, 0xBC, 0x88, 0xEA,
    0xB0, 0xCE, 0xCB, 0x09, 0x68, 0x62, 0x27, 0x2A, 0x53, 0xBD, 0x8B, 0x36, 0x6F, 0xD6, 0x78, 0x45,
    0x5C, 0x3C, 0x64, 0x86, 0xD0, 0x0D, 0xD5, 0xB1, 0x37, 0x3E, 0x43, 0xAF, 0x73, 0xB6, 0x46, 0xE6,
    0x60, 0xF9, 0xF1, 0xA4, 0x66, 0xA1, 0xD5, 0x3A, 0x3C, 0xCB, 0x9A, 0xB8, 0x4A, 0xAB, 0x51, 0xD3,
    0xDE, 0x71, 0xEE, 0x3E, 0xBF, 0x51, 0xE7, 0x3A, 0x47, 0x56, 0xFA, 0x63, 0xDC, 0x55, 0x44, 0x4A,
    0xDE, 0x8F, 0xC6, 0xFE, 0x38, 0xAD, 0x2F, 0xD4, 0x40, 0xBE, 0x23, 0x78, 0x22, 0x9D, 0xD6, 0xCF,
    0x54, 0x54, 0xE7, 0x26, 0xA8, 0xFF, 0x69, 0xD2, 0xEA, 0x6F, 0x25, 0xC1, 0x5B, 0x0D, 0x02, 0x73,
    0xFA, 0x16, 0xE7, 0x62, 0x1D, 0x98, 0xC0, 0x44, 0x94, 0x21, 0x59, 0xFF, 0xBA, 0x8C, 0xB0, 0x02,
    0xB2, 0x6E, 0x7D, 0xF3, 0x4F, 0x04, 0x15, 0x6E, 0xFC, 0x03, 0x31, 0x59, 0xEB, 0x10, 0x97, 0xBF,
    0x86, 0xA8, 0x1C, 0x49, 0xA8, 0xCA, 0xB3, 0xE4, 0xA3, 0xAA, 0x8A, 0xD5, 0xA9, 0x3C, 0x67, 0x89,
    0x71, 0x09, 0x1C, 0xD5, 0x23, 0xBD, 0x46, 0x5B, 0x7A, 0x18, 0x35, 0x76, 0x8C, 0x53, 0x56, 0xD4,
    0xC1, 0x2C, 0x01, 0xEF, 0x39, 0x6E, 0xF0, 0xEB, 0x54, 0xA0, 0x10, 0x97, 0x4C, 0x27, 0xC9, 0x96,
    0xD0, 0xF6, 0xF1, 0x98, 0xDF, 0x3B, 0x8E, 0x34, 0x81, 0x1B, 0x82, 0x61, 0x5E, 0x57, 0x9F, 0x51,
    0xF1, 0x59, 0x59, 0x59, 0x73, 0x6C, 0xE3, 0x35, 0x89, 0xD0, 0x63, 0x54, 0x45, 0xC2, 0x49, 0x39,
    0x2B, 0x44, 0x1F, 0x37, 0xB8, 0x94, 0x78, 0xB7, 0xB5, 0xE3, 0x94, 0xA9, 0x98, 0x7A, 0x75, 0x28,
    0xFB, 0x98, 0x17, 0xF7, 0x24, 0x93, 0xE4, 0x1B, 0x4D, 0x88, 0x9F, 0x7F, 0xFF, 0xDB, 0x18, 0xAE,
    0xFE, 0x8A, 0x5B, 0x2E, 0xC1, 0xB3, 0xF6, 0x63, 0xC9, 0x36, 0x0A, 0xB1, 0x7F, 0xED, 0x4E, 0x58,
    0x7B, 0xBD, 0x91, 0x48, 0x65, 0xC2, 0xF1, 0x87, 0xC6, 0x7F, 0x5C, 0x8F, 0xED, 0xCB, 0x19, 0x8F,
    0xC9, 0xD1, 0xA3, 0xE9, 0x70, 0x44, 0x82, 0xE0, 0xF1, 0xDE, 0xC8, 0x38, 0xAB, 0xE2, 0x52, 0x72,
    0x81, 0xBC, 0xF9, 0xC2, 0xAD, 0xAE, 0x67, 0x28, 0x9E, 0x93, 0x81, 0x96, 0xA3, 0xBB, 0xEF, 0x56,
    0x23, 0x57, 0x20, 0x26, 0xB3, 0xAE, 0x99, 0xCD, 0x95, 0xAE, 0xF3, 0x5F, 0x15, 0xA1, 0x8E, 0x0A,
    0x3F, 0x33, 0xB7, 0x43, 0xD6, 0x6D, 0xBD, 0x1D, 0xAA, 0x27, 0x11, 0x0E, 0x62, 0xEC, 0x1C, 0x23,
    0xF9, 0x99, 0xC0, 0xE6, 0x7C, 0x73, 0x75, 0x7B, 0x73, 0x54, 0x9E, 0xF2, 0x03, 0xB4, 0x77, 0x3F,
    0xE1, 0x56, 0x5F, 0xE0, 0x88, 0x10, 0x11, 0xAE, 0x60, 0x15, 0x5F, 0x61, 0x7D, 0xD9, 0x24, 0xCE,
    0x59, 0x2C, 0xC3, 0xCF, 0x71, 0x2B, 0x50, 0x3B, 0x14, 0x12, 0xE8, 0x27, 0x81, 0xDA, 0x8E, 0xB0,
    0xFB, 0x88, 0x41, 0x24, 0x74, 0xD4, 0xAA, 0x6F, 0x6E, 0x06, 0x7A, 0x93, 0xB3, 0x21, 0x38, 0xBE,
    0x7D, 0x1B, 0x3B, 0xBF, 0x71, 0xF2, 0xEF, 0x85, 0x9F, 0xDD, 0xC2, 0x0E, 0xF1, 0x7E, 0x80, 0x27,
    0xD8, 0x6D, 0x71, 0xB5, 0x90, 0x30, 0xDF, 0x05, 0xBE, 0x6F, 0xC2, 0xCF, 0xCD, 0x2D, 0xD1, 0x4A,
    0x6D, 0x87, 0x38, 0xA0, 0x56, 0xDC, 0xF5, 0x48, 0x76, 0x51, 0xF3, 0x90, 0x7E, 0x91, 0xB4, 0xC3,
    0x95, 0x2F, 0x54, 0x1C, 0x68, 0x9E, 0xFB, 0x4A, 0xF8, 0xC1, 0x15, 0xDC, 0x5F, 0x25, 0x5D, 0x7B,
    0x2A, 0xFA, 0xE9, 0x8F, 0xAA, 0xE8, 0x83, 0xF2, 0x20, 0xF6, 0xCD, 0xC1, 0x6A, 0xA0, 0x9F, 0xDF,
    0x0C, 0x54, 0xB9, 0x19, 0xA2, 0xD8, 0x89, 0x3C, 0xF3, 0xF6, 0x65, 0x4F, 0x7B, 0x4B, 0xE1, 0x51,
    0xA4, 0x63, 0x5A, 0x21, 0x36, 0x88, 0x16, 0x74, 0x0E, 0xE2, 0x4E, 0x3A, 0x78, 0x3D, 0xB2, 0x43,
    0xF2, 0x6C, 0x79, 0x72, 0xFC, 0xDB, 0xAB, 0xD8, 0xE6, 0xC8, 0x01, 0x76, 0x4A, 0x6C, 0x18, 0xE1,
    0xA2, 0xDB, 0xE2, 0x88, 0x96, 0x6F, 0x0A, 0xFC, 0x5E, 0xCB, 0xA7, 0x53, 0xCF, 0x7D, 0x9B, 0xFE,
    0x1C, 0x71, 0x84, 0xBB, 0x81, 0xFA, 0x17, 0xDD, 0x59, 0x31, 0x93, 0xDC, 0x58, 0x11, 0x7E, 0x33,
    0x3A, 0x5B, 0x85, 0x15, 0x88, 0x00, 0x53, 0x05, 0x57, 0x94, 0x7E, 0x82, 0x72, 0x02, 0x3F, 0x01,
    0x01, 0xE9, 0x25, 0x4B, 0x15, 0x10, 0x90, 0x10, 0x91, 0x6C, 0x42, 0x40, 0xC2, 0x6A, 0x8E, 0x84,
    0xD4, 0xC9, 0xE5, 0x04, 0x24, 0xB7, 0x89, 0x7F, 0x00, 0xE7, 0x91, 0x8A, 0x0B, 0x2F, 0x38, 0x51,
    0x14, 0xB1, 0x15, 0x5C, 0x82, 0x13, 0x14, 0x4C, 0x30, 0xEB, 0x93, 0xF4, 0xE8, 0xEF, 0xFB, 0x9E,
    0x66, 0x35, 0x5E, 0xDB, 0xF8, 0x80, 0xC0, 0x77, 0xEB, 0x75, 0x6B, 0x76, 0x46, 0xF3, 0x5E, 0xF7,
    0xD7, 0xDD, 0x5F, 0x77, 0x3F, 0x39, 0xF7, 0xFD, 0x9D, 0x73, 0x2E, 0xEF, 0x4D, 0x24, 0x83, 0x89,
    0xCD, 0xD1, 0x84, 0xFB, 0x04, 0xE2, 0x11, 0xC4, 0x7B, 0x6E, 0xF5, 0x93, 0x87, 0x30, 0xB9, 0x22,
    0x84, 0xD1, 0x95, 0x10, 0x1E, 0x5F, 0xF5, 0x15, 0x04, 0x3E, 0xAD, 0x21, 0xF6, 0x10, 0x33, 0xC4,
    0x04, 0x31, 0x62, 0xC9, 0xE9, 0xE2, 0xC2, 0x6D, 0x43, 0x08, 0x2E, 0xA1, 0xB8, 0xB1, 0x3F, 0x53,
    0xEC, 0x95, 0x51, 0x60, 0xEB, 0xBC, 0x83, 0x68, 0x4D, 0x14, 0x10, 0x25, 0xC4, 0x6A, 0xF5, 0x10,
    0x0E, 0xAE, 0x0E, 0x61, 0x70, 0x0D, 0x84, 0x73, 0x0F, 0xDC, 0x9F, 0xEC, 0xDD, 0x1F, 0x1F, 0x4C,
    0xFC, 0x04, 0x02, 0x9A, 0xBF, 0xE7, 0xAA, 0x77, 0x4E, 0x53, 0xDB, 0x3B, 0x0C, 0xFE, 0x24, 0xEE,
    0x2C, 0xD3, 0x2D, 0xCB, 0x68, 0x2D, 0x2E, 0xF3, 0xA3, 0x8A, 0xCB, 0x54, 0x58, 0xA6, 0x77, 0xCD,
    0x8B, 0xE6, 0x68, 0x4A, 0xA6, 0xA3, 0x29, 0xB9, 0x99, 0xA1, 0x64, 0xD8, 0x98, 0x68, 0xB6, 0xE6,
    0xA6, 0x26, 0x39, 0x44, 0x31, 0x43, 0xC9, 0xC9, 0x44, 0x32, 0xDA, 0xEA, 0xD9, 0x21, 0xEF, 0x7E,
    0xD8, 0x0C, 0x79, 0xEB, 0x43, 0x5B, 0xB4, 0x1E, 0xD6, 0xDD, 0x23, 0x36, 0x9B, 0x8F, 0x4D, 0xA4,
    0xC7, 0xC5, 0xDF, 0xD4, 0xF8, 0x29, 0xDE, 0x3F, 0xE0, 0xD3, 0xEA, 0x25, 0x4F, 0x8F, 0x27, 0xFC,
    0x8E, 0x6F, 0x8D, 0x1F, 0x04, 0x54, 0x73, 0xD0, 0x4A, 0xE2, 0xAB, 0xE1, 0x77, 0xBE, 0xFA, 0xF2,
    0x93, 0x05, 0xEC, 0x63, 0x90, 0xB6, 0x2E, 0x0D, 0x5F, 0x9A, 0x2C, 0x8F, 0x2E, 0x35, 0x84, 0xF0,
    0x65, 0x17, 0x20, 0x12, 0xEC, 0xEC, 0x52, 0x1A, 0x92, 0x0F, 0x6E, 0xD9, 0x48, 0xEB, 0x3B, 0xFF,
    0x0F, 0x73, 0x24, 0x50, 0x0D, 0x8B, 0xAC, 0xAF, 0xAF, 0x0D, 0x8C, 0x86, 0xAB, 0xAF, 0x65, 0x2D,
    0x49, 0x2C, 0xA8, 0x96, 0xF3, 0x5C, 0xA1, 0xD0, 0x9A, 0xE6, 0x84, 0xCA, 0x62, 0xE3, 0x79, 0x53,
    0x51, 0x1D, 0x93, 0x05, 0x55, 0x73, 0x0F, 0x6F, 0xD1, 0xBB, 0x0C, 0x1D, 0xC2, 0x67, 0x32, 0x0C,
    0x1B, 0x8B, 0xBC, 0xDE, 0xFD, 0x4E, 0xEB, 0x85, 0x73, 0xBC, 0xE6, 0x93, 0xEE, 0x34, 0xA3, 0x3C,
    0x10, 0x75, 0xE0, 0x17, 0xA0, 0x79, 0x0D, 0x14, 0x33, 0xDC, 0xB9, 0xD1, 0x4D, 0xBB, 0x13, 0x50,
    0xBB, 0x33, 0xC8, 0x82, 0xFB, 0xAD, 0x4B, 0x66, 0x57, 0x3F, 0xB7, 0xCD, 0x18, 0x32, 0xA6, 0x51,
    0x15, 0x15, 0x32, 0x9C, 0x0D, 0x65, 0xC3, 0xC0, 0x6E, 0xB7, 0x9B, 0x3D, 0xED, 0x6B, 0xB8, 0xF7,
    0x04, 0x67, 0xD9, 0xAF, 0x79, 0xCB, 0xDC, 0x64, 0xBF, 0x29, 0xC3, 0xD3, 0x7C, 0x64, 0xC0, 0xBD,
    0xF2, 0x7B, 0xF0, 0xC8, 0x0F, 0x1E, 0xD8, 0xAE, 0x16, 0xA7, 0xB5, 0x7D, 0xF0, 0xA8, 0xAC, 0xDC,
    0x77, 0xEE, 0xAD, 0x42, 0xA6, 0x95, 0x4F, 0x01, 0x39, 0xD4, 0x83, 0x76, 0x3E, 0x42, 0xDA, 0x44,
    0x83, 0x27, 0xC5, 0x08, 0xFE, 0x23, 0x4C, 0x10, 0x20, 0xF8, 0x8F, 0x18, 0x41, 0x88, 0x20, 0x42,
    0xE0, 0xB7, 0x37, 0x2D, 0x15, 0x03, 0xA3, 0xAC, 0x16, 0x00, 0xEA, 0xF3, 0x98, 0x99, 0x16, 0xA1,
    0x60, 0x7C, 0x29, 0x22, 0x87, 0xB3, 0x88, 0xCC, 0x5F, 0x15, 0x91, 0xE7, 0xF0, 0xD6, 0xA7, 0xD8,
    0xD8, 0xBF, 0x22, 0xD4, 0x21, 0x92, 0xE3, 0xB2, 0x5C, 0x69, 0xCB, 0x21, 0x46, 0x1D, 0x22, 0xCC,
    0x35, 0x87, 0x55, 0x04, 0x37, 0x20, 0x06, 0x7A, 0x3C, 0xBE, 0xD8, 0x04, 0x51, 0x19, 0x94, 0xE3,
    0x97, 0xA1, 0x20, 0x33, 0x04, 0x4A, 0x2A, 0x78, 0xD3, 0xE5, 0x85, 0xBD, 0x4F, 0xDD, 0xF0, 0xA7,
    0x22, 0xDA, 0xF4, 0xA5, 0xA2, 0xAE, 0x30, 0x0F, 0x7D, 0x14, 0x01, 0xF1, 0xE1, 0x46, 0x39, 0x64,
    0x71, 0xB0, 0x93, 0xAF, 0xAF, 0x2D, 0x20, 0xA0, 0xF9, 0xCC, 0x08, 0x9E, 0xF0, 0x0B, 0x7D, 0x47,
    0xFC, 0x26, 0xE3, 0x12, 0x03, 0x0C, 0x03, 0xFC, 0x8E, 0x0C, 0x86, 0x23, 0x7E, 0xC1, 0x26, 0x87,
    0xA8, 0x94, 0x62, 0xC3, 0x54, 0xB0, 0x17, 0x45, 0x8F, 0x94, 0xC8, 0xFA, 0x4D, 0xD3, 0xD6, 0x81,
    0x44, 0x11, 0x5C, 0x3D, 0xF1, 0xC5, 0xD1, 0xD5, 0x07, 0x17, 0xE3, 0xEF, 0x2C, 0x2C, 0x46, 0x81,
    0x4B, 0xCC, 0xCA, 0x78, 0x35, 0x88, 0xE9, 0x17, 0x43, 0x99, 0xAE, 0xF1, 0xD1, 0x3B, 0x75, 0x74,
    0x50, 0x13, 0x41, 0x9D, 0xA3, 0x9B, 0xA6, 0xE8, 0xA9, 0x51, 0x4B, 0x02, 0xBF, 0x60, 0xF6, 0x6E,
    0x79, 0x0D, 0x6D, 0xA2, 0xEB, 0x80, 0x35, 0x7C, 0x55, 0x8C, 0x58, 0xC3, 0x83, 0x0F, 0x07, 0x2E,
    0x39, 0x65, 0x11, 0x07, 0xAC, 0x31, 0xE1, 0xDA, 0x0A, 0x0E, 0xA9, 0xB5, 0x19, 0x4D, 0x2D, 0x58,
    0x3F, 0x4A, 0xAD, 0xEC, 0x20, 0xB5, 0xEA, 0x1E, 0x6A, 0xD9, 0xBA, 0x3B, 0xA8, 0x85, 0xA4, 0xDE,
    0x83, 0x8D, 0xC2, 0x63, 0x51, 0xBB, 0xF3, 0x2B, 0x19, 0xDD, 0x28, 0x1F, 0xCA, 0x6F, 0x92, 0x72,
    0x9D, 0xA4, 0x9C, 0xE6, 0xAB, 0x58, 0x2C, 0x76, 0x4E, 0xD5, 0x02, 0x3C, 0x3F, 0xC2, 0xD6, 0x2D,
    0x53, 0x13, 0xBC, 0x00, 0x96, 0x27, 0x52, 0x0D, 0x71, 0xDA, 0x13, 0xA5, 0x29, 0x4A, 0x58, 0x37,
    0x42, 0xDA, 0x0D, 0xB6, 0xA1, 0xDD, 0x60, 0x5B, 0xD9, 0x47, 0x66, 0x55, 0xB2, 0x38, 0x0A, 0x3F,
    0x2C, 0xEE, 0xE2, 0x0E, 0x85, 0x2E, 0xA1, 0x76, 0x99, 0xF4, 0xAA, 0xEE, 0x14, 0x78, 0xF9, 0xCB,
    0x96, 0xB3, 0x25, 0x8C, 0x46, 0xCB, 0x85, 0x04, 0x8C, 0xEF, 0x7C, 0xB5, 0x99, 0x00, 0x29, 0xEA,
    0x47, 0x4D, 0x97, 0xEC, 0xC9, 0x8D, 0x33, 0x49, 0x6C, 0xDA, 0x32, 0xAD, 0x01, 0xC1, 0x66, 0xBA,
    0xEC, 0xC0, 0x62, 0x60, 0xC7, 0x84, 0x99, 0x90, 0xDC, 0x40, 0x83, 0x74, 0x00, 0x04, 0xD9, 0x00,
    0x50, 0xB2, 0x1E, 0x77, 0xE6, 0x1D, 0xD4, 0xCC, 0x5B, 0x44, 0x64, 0xD1, 0xC2, 0x56, 0xDB, 0x6D,
    0x62, 0x68, 0x34, 0x0C, 0x0C, 0x71, 0x8F, 0xFD, 0x59, 0x13, 0xBF, 0x7D, 0x0C, 0x05, 0xF7, 0x1B,
    0xA9, 0xEA, 0x15, 0x67, 0x42, 0x36, 0x1A, 0xA5, 0x20, 0xB2, 0x9F, 0x98, 0x7D, 0xDF, 0x76, 0xEE,
    0xAE, 0x81, 0x58, 0x12, 0xDF, 0x32, 0xFC, 0xE1, 0x77, 0xD3, 0xD4, 0xDE, 0x48, 0x03, 0x37, 0x04,
    0x07, 0x63, 0xD3, 0x46, 0xA4, 0xB7, 0x97, 0x1B, 0x10, 0x32, 0xB6, 0xF4, 0x08, 0x18, 0xF3, 0xBF,
    0x31, 0x6B, 0xCA, 0x3F, 0xF0, 0x52, 0x27, 0x4C, 0x9D, 0x91, 0x89, 0x93, 0x1C, 0x12, 0xA4, 0x4D,
    0xD6, 0x9B, 0x61, 0xE9, 0x50, 0xB6, 0xA8, 0xC6, 0x43, 0x0D, 0xE7, 0x64, 0xFD, 0x44, 0x66, 0xFD,
    0xBB, 0xB0, 0xFD, 0xAC, 0xC7, 0xCE, 0xC5, 0x33, 0xA6, 0x71, 0x19, 0xAD, 0x9D, 0xB4, 0x33, 0x01,
    0x76, 0x7E, 0x60, 0x0E, 0xD4, 0x84, 0x18, 0x0E, 0x90, 0x03, 0xBF, 0xE7, 0x1E, 0xA8, 0x50, 0x16,
    0x3B, 0x26, 0x3D, 0xF9, 0xA9, 0x08, 0xFC, 0x2C, 0x8D, 0x1C, 0xF3, 0xF3, 0xEA, 0x8E, 0xD1, 0xA3,
    0x08, 0x0C, 0xFC, 0x3B, 0xF1, 0x55, 0xA2, 0x5D, 0x32, 0xA6, 0x09, 0x61, 0x35, 0x0D, 0xC0, 0x2D,
    0x60, 0xF7, 0x8A, 0xA0, 0xCE, 0x8C, 0x60, 0x26, 0x6B, 0xDE, 0x93, 0xE5, 0xD2, 0x81, 0x31, 0x9E,
    0xD0, 0x87, 0x66, 0x27, 0xB9, 0x68, 0x7B, 0x64, 0xD5, 0xDE, 0x1C, 0xC5, 0xCC, 0x23, 0x2B, 0xB1,
    0x9B, 0xA5, 0x4A, 0x23, 0x6F, 0xA8, 0x52, 0xC7, 0x8A, 0xAA, 0xAA, 0xE7, 0xB6, 0xD4, 0x59, 0xFD,
    0x88, 0x6D, 0xCB, 0x1B, 0xFF, 0x12, 0x5A, 0xB1, 0xA5, 0xBE, 0xAC, 0x35, 0x1E, 0xAE, 0x1C, 0x77,
    0x45, 0xBF, 0xED, 0xA9, 0xE9, 0xC4, 0xF5, 0x26, 0x28, 0x6E, 0x4A, 0x7A, 0x72, 0x72, 0x4D, 0x42,
    0x6D, 0x18, 0xE8, 0x33, 0x83, 0x61, 0x22, 0x9F, 0x8C, 0x30, 0x15, 0xA6, 0x64, 0x3D, 0xB2, 0x29,
    0xEF, 0x90, 0x08, 0x16, 0x79, 0xE0, 0xAB, 0x16, 0x51, 0x58, 0xEE, 0x08, 0xC5, 0x2E, 0x23, 0x12,
    0xB0, 0xCF, 0x73, 0xC3, 0xFA, 0xF5, 0x1B, 0x06, 0xB4, 0x47, 0x96, 0xBE, 0xC6, 0x7B, 0x8D, 0x68,
    0x9D, 0x58, 0x89, 0xD6, 0xDC, 0xF6, 0x70, 0x1B, 0x8D, 0x92, 0x69, 0x2F, 0x3B, 0xB6, 0xEA, 0x55,
    0x28, 0x73, 0xCA, 0x82, 0x50, 0x78, 0xF4, 0x62, 0xEE, 0xEA, 0x8A, 0x28, 0x5E, 0xF1, 0x46, 0x4F,
    0x98, 0x3D, 0x0B, 0x8C, 0x27, 0x04, 0x9E, 0x24, 0x82, 0xC8, 0xAF, 0x19, 0xFF, 0x33, 0x1C, 0x86,
    0x68, 0xDC, 0xB9, 0x64, 0xBA, 0xB8, 0x44, 0x83, 0x84, 0x12, 0x94, 0x53, 0x96, 0xCF, 0xAF, 0x9F,
    0xB4, 0x0C, 0xEA, 0x0E, 0x98, 0x98, 0x9C, 0x88, 0x00, 0x71, 0x50, 0xE1, 0x45, 0xB3, 0x64, 0x99,
    0xD9, 0x41, 0x22, 0x9D, 0x51, 0x7C, 0xD8, 0x21, 0x15, 0x94, 0x46, 0x73, 0xF3, 0xA9, 0x13, 0x52,
    0x57, 0xB4, 0xEA, 0x93, 0xE4, 0xF1, 0x69, 0x25, 0xC7, 0x58, 0xDB, 0xC4, 0x00, 0x93, 0xC8, 0x93,
    0x54, 0xDA, 0xA8, 0x7A, 0x74, 0x08, 0x39, 0x0B, 0x37, 0x66, 0x86, 0x12, 0x03, 0x38, 0xE7, 0xAC,
    0x70, 0x28, 0x6F, 0xBB, 0x48, 0x39, 0x35, 0x5A, 0x8F, 0x54, 0x0D, 0xDB, 0xE8, 0xD4, 0xDA, 0x18,
    0xCE, 0x37, 0xEA, 0x4E, 0xFF, 0xC9, 0xA8, 0xC7, 0x5B, 0xEC, 0xEF, 0xED, 0x0B, 0xEF, 0x07, 0x6A,
    0xA8, 0xEC, 0xB5, 0x08, 0xAE, 0xF9, 0xE7, 0x9E, 0x72, 0x56, 0x0D, 0x60, 0x26, 0xB1, 0xDC, 0x59,
    0xA3, 0x7F, 0x39, 0xB0, 0x76, 0xA0, 0x9D, 0x0B, 0x68, 0x45, 0x6E, 0x7E, 0x66, 0xAF, 0x55, 0xDF,
    0xB2, 0x81, 0x15, 0xAF, 0x27, 0xA3, 0x76, 0x48, 0x15, 0xF0, 0x2A, 0x13, 0xD7, 0xDE, 0x31, 0x0D,
    0xED, 0x06, 0x30, 0xC8, 0x80, 0xB5, 0xCD, 0x2E, 0x1F, 0x62, 0xBF, 0x8E, 0xA6, 0x5C, 0xD5, 0xEF,
    0x9D, 0xE9, 0x9F, 0x81, 0x7F, 0x47, 0x6E, 0xD0, 0x55, 0x81, 0x71, 0xDB, 0x49, 0x14, 0xB1, 0x91,
    0x28, 0x77, 0x71, 0x85, 0xEA, 0xB4, 0xD2, 0xD2, 0x58, 0x2D, 0xEB, 0x2D, 0x0D, 0xD0, 0xA2, 0xEE,
    0xA8, 0x71, 0x91, 0x4A, 0x9B, 0xAA, 0x6A, 0x86, 0x06, 0x17, 0x99, 0x42, 0xDA, 0x9B, 0x5F, 0x19,
    0xFC, 0x4B, 0x49, 0x02, 0x78, 0xBD, 0x96, 0x25, 0x95, 0xCF, 0xB2, 0x68, 0x1B, 0xAB, 0x7A, 0x7A,
    0x90, 0x5D, 0x45, 0xCF, 0x5B, 0x53, 0x15, 0x75, 0x54, 0xDC, 0x80, 0x40, 0xCC, 0x97, 0x6B, 0x2B,
    0x55, 0x74, 0x1D, 0x05, 0x85, 0x92, 0x80, 0xF8, 0xD1, 0x02, 0xDB, 0xDF, 0x2F, 0xC9, 0xF7, 0x8E,
    0x0C, 0xAE, 0x36, 0x68, 0x19, 0x2D, 0x6C, 0xD9, 0x80, 0xA1, 0xB3, 0x52, 0x45, 0x67, 0x56, 0x18,
    0xB3, 0xD9, 0xD2, 0xA8, 0x93, 0x1E, 0x2B, 0xCF, 0xC4, 0xCA, 0x68, 0x8A, 0xEC, 0xDB, 0xDA, 0x3F,
    0x6E, 0xD9, 0x15, 0x2D, 0xB7, 0x40, 0x2D, 0x6D, 0x64, 0x64, 0xF9, 0xE1, 0x24, 0xFA, 0xF5, 0x3F,
    0x15, 0x93, 0xCE, 0xCD, 0x93, 0x7E, 0x69, 0x35, 0x89, 0x8F, 0xC2, 0x1C, 0xDF, 0xBA, 0x99, 0xD5,
    0x0A, 0xE4, 0xFD, 0xA4, 0xA2, 0xE9, 0xDB, 0x51, 0x3D, 0x4A, 0x50, 0xED, 0x36, 0x47, 0x6C, 0x8F,
    0x74, 0x5C, 0x76, 0x48, 0x0E, 0x8C, 0xC4, 0xA2, 0x4F, 0x48, 0x9C, 0xA6, 0x9B, 0xD8, 0xD4, 0x52,
    0x0C, 0x9A, 0x72, 0xE6, 0x32, 0x4D, 0xC1, 0x2E, 0xC3, 0x92, 0xB9, 0xCB, 0xE8, 0xD0, 0xB0, 0xBE,
    0xE6, 0xFD, 0x52, 0x7E, 0xEE, 0x73, 0x4A, 0x2A, 0x99, 0xB0, 0x05, 0xF3, 0xE4, 0x5B, 0x2E, 0x95,
    0xDE, 0xF3, 0xAA, 0x24, 0x68, 0x06, 0x9B, 0x6F, 0xF9, 0x64, 0x7B, 0x1A, 0xEB, 0x36, 0x17, 0x4D,
    0xB7, 0x0C, 0x82, 0x39, 0x96, 0x71, 0xF7, 0x7E, 0xA1, 0x1B, 0x63, 0x43, 0xDC, 0xBB, 0x25, 0x59,
    0xCE, 0xA4, 0x9A, 0x32, 0x7D, 0x6A, 0xFC, 0xF6, 0x6B, 0x23, 0x27, 0xE3, 0x96, 0xE7, 0x4F, 0x82,
    0x8B, 0x09, 0x5B, 0xB2, 0x0B, 0x73, 0x0F, 0x3F, 0xF8, 0xFA, 0xF7, 0x06, 0xDB, 0xC7, 0xEE, 0xCF,
    0x88, 0x89, 0x3E, 0xCE, 0x3A, 0xF2, 0x68, 0x38, 0xAB, 0xA9, 0xF7, 0x1F, 0x7F, 0xB3, 0x1A, 0xA2,
    0xAF, 0x43, 0xBB, 0xDA, 0xB0, 0x44, 0x39, 0xF6, 0x0B, 0x1C, 0x5C, 0x34, 0xFE, 0x26, 0x9A, 0x80,
    0x39, 0x04, 0x0F, 0xA4, 0x29, 0x82, 0xE4, 0x62, 0x6D, 0x24, 0x3A, 0x3D, 0x2D, 0x84, 0x0E, 0xD6,
    0xEF, 0xC1, 0x51, 0x36, 0xE6, 0x41, 0x2F, 0xAF, 0x51, 0xA2, 0x16, 0xDB, 0xA8, 0xCA, 0x39, 0xC1,
    0x05, 0xEA, 0xAA, 0x55, 0x4B, 0xF6, 0xAA, 0x26, 0x93, 0x8B, 0x63, 0x43, 0x9C, 0x18, 0x38, 0x32,
    0x8C, 0xD4, 0x11, 0x1F, 0xD7, 0x2C, 0x6B, 0x18, 0xE6, 0x4C, 0x87, 0x5A, 0x77, 0x61, 0x90, 0xCB,
    0x86, 0xDB, 0x10, 0x39, 0xEA, 0x88, 0xA2, 0x20, 0x11, 0x18, 0xD2, 0xB4, 0xC7, 0xEA, 0x1F, 0x2C,
    0xC1, 0xF5, 0x13, 0xFB, 0xF2, 0x97, 0x3D, 0x5B, 0x98, 0xEC, 0x59, 0xE7, 0xAE, 0x7E, 0x6F, 0xDF,
    0xF9, 0xBC, 0x75, 0x4F, 0xAD, 0x8D, 0x29, 0x7F, 0x65, 0x28, 0x3D, 0x32, 0xD5, 0x6C, 0x3B, 0x34,
    0x34, 0x93, 0x29, 0x6E, 0x57, 0x23, 0xAC, 0xCA, 0xFE, 0xDB, 0x9E, 0xDE, 0xB4, 0x28, 0xAD, 0x3B,
    0xAA, 0xC1, 0x66, 0x66, 0x64, 0x63, 0xEF, 0x15, 0x55, 0xB1, 0x9B, 0xE1, 0x83, 0xCA, 0x9B, 0xDE,
    0x59, 0x9F, 0xEF, 0x9E, 0x9A, 0x5D, 0x59, 0x97, 0xEF, 0x46, 0x33, 0xC0, 0xE8, 0xF0, 0xAF, 0x60,
    0x27, 0xBB, 0x7E, 0x3A, 0xB0, 0x30, 0xE7, 0x9F, 0x75, 0x2C, 0xCD, 0xD9, 0xB3, 0x5D, 0x8A, 0xB2,
    0x9C, 0x91, 0xA4, 0xCC, 0xFD, 0x33, 0x39, 0x0A, 0xDD, 0x96, 0x81, 0x78, 0xC5, 0x5A, 0xDE, 0x61,
    0x98, 0xE2, 0x94, 0xF4, 0x32, 0xA2, 0xED, 0x09, 0x51, 0x39, 0x14, 0x81, 0xE6, 0xC5, 0x45, 0xB5,
    0x80, 0xDD, 0x0B, 0xD8, 0xF9, 0x16, 0x58, 0x4D, 0xD3, 0xB6, 0x39, 0xAA, 0xC5, 0x2F, 0xD5, 0x54,
    0x18, 0x22, 0x9C, 0x47, 0xAD, 0xF8, 0xBD, 0xB8, 0xBE, 0x7E, 0xD2, 0x39, 0x05, 0x0E, 0x11, 0x2D,
    0x5A, 0x56, 0x8E, 0x52, 0x5E, 0x2D, 0xE5, 0x55, 0xFF, 0x5F, 0xE8, 0xB0, 0xFC, 0x14, 0x60, 0xC3,
    0x0D, 0x9B, 0xAD, 0x2C, 0xFC, 0xCB, 0x32, 0xD8, 0x9B, 0x33, 0x3B, 0x50, 0x70, 0x3E, 0x80, 0x5D,
    0xD3, 0x03, 0x8A, 0x48, 0x72, 0x04, 0x8B, 0x6E, 0x47, 0xD4, 0x91, 0x0D, 0x49, 0x9F, 0x33, 0xAF,
    0x49, 0x6C, 0x65, 0xB2, 0xC2, 0xA7, 0xB5, 0x24, 0x4F, 0x35, 0x1A, 0x96, 0x97, 0x86, 0x4C, 0xDA,
    0x90, 0x49, 0x6B, 0x16, 0xBC, 0x9A, 0x9C, 0xCB, 0x23, 0x99, 0x1D, 0x32, 0x2A, 0xA0, 0x5A, 0x27,
    0x13, 0x62, 0xA4, 0x38, 0xE2, 0x70, 0x2C, 0xF0, 0x18, 0x44, 0x87, 0x63, 0x6C, 0x82, 0x2F, 0xE2,
    0x89, 0xE2, 0xD2, 0x56, 0xAA, 0xAF, 0x5C, 0x1A, 0xCB, 0x49, 0x66, 0x8E, 0x2E, 0xB6, 0xF0, 0xEC,
    0xE1, 0xC7, 0xD3, 0x90, 0x32, 0x9F, 0x82, 0x37, 0xE1, 0xD0, 0xBB, 0x8E, 0xE1, 0xA3, 0x1A, 0x8C,
    0x83, 0x8B, 0xE3, 0x2F, 0xB0, 0x4C, 0x23, 0xC6, 0xC3, 0xA9, 0xD9, 0x50, 0xFF, 0xCB, 0x8B, 0xC0,
    0x05, 0xD4, 0x8D, 0xA0, 0xDE, 0xBF, 0x95, 0x0E, 0xA6, 0xFC, 0x17, 0x6A, 0x38, 0x77, 0x54, 0x9D,
    0x93, 0x02, 0x72, 0xC1, 0x57, 0x5B, 0x25, 0xDD, 0xBC, 0x1C, 0xAD, 0xED, 0x97, 0x03, 0xB6, 0x79,
    0xE9, 0x95, 0x96, 0x53, 0x96, 0x84, 0xA7, 0x2C, 0xF9, 0x81, 0xAD, 0x66, 0x1F, 0x1B, 0xE3, 0x94,
    0x35, 0x28, 0x7B, 0xF1, 0x71, 0xF5, 0xD2, 0xC9, 0xC1, 0xFA, 0xCC, 0xA0, 0x5D, 0x9D, 0x46, 0xBE,
    0xA6, 0x07, 0xFF, 0xBF, 0x9D, 0x94, 0xDE, 0xD9, 0xAB, 0x5E, 0xED, 0xF5, 0xF6, 0x27, 0xA5, 0xD9,
    0x1B, 0x4F, 0x4A, 0xE1, 0xFD, 0xD1, 0x9F, 0xC4, 0xEA, 0xBC, 0x6E, 0xD5, 0x01, 0x1F, 0xFF, 0xC7,
    0x0E, 0xB8, 0x39, 0x6B, 0xE8, 0x36, 0xAF, 0xE8, 0xAF, 0xBF, 0x11, 0x53, 0xF1, 0xE9, 0x27, 0x1E,
    0xF9, 0x44, 0xD6, 0x56, 0xE5, 0xF9, 0x6E, 0xF3, 0xA2, 0x52, 0x03, 0x78, 0x10, 0xEA, 0xB6, 0x44,
    0xF8, 0xA2, 0xFC, 0x30, 0xB4, 0xC9, 0x6C, 0xA6, 0x95, 0x9D, 0xB5, 0xA0, 0x46, 0x96, 0x83, 0xDD,
    0x5D, 0x4B, 0xF3, 0x06, 0xF3, 0xE6, 0x0E, 0xB5, 0x1D, 0x06, 0xE0, 0xBC, 0xA9, 0x56, 0xB7, 0x5A,
    0x33, 0x86, 0x8D, 0x03, 0x78, 0x60, 0x59, 0x93, 0x49, 0x7B, 0x5F, 0x81, 0x75, 0x5B, 0xDF, 0xB2,
    0x77, 0x2D, 0xAC, 0x4C, 0x6E, 0xAD, 0x5B, 0x9F, 0xB2, 0xFE, 0x72, 0x14, 0x11, 0xF6, 0x6C, 0xB3,
    0x80, 0xD9, 0xFD, 0xE6, 0xC5, 0x07, 0xB7, 0x71, 0xB6, 0x18, 0x1D, 0x8F, 0x70, 0x64, 0x4C, 0x4C,
    0x56, 0x18, 0x12, 0x4E, 0x23, 0x85, 0x6D, 0xC7, 0x60, 0x1D, 0xE5, 0x78, 0xCD, 0xE0, 0xA6, 0x2D,
    0xDD, 0xEB, 0x45, 0x84, 0xE5, 0x1F, 0x89, 0x49, 0xF1, 0xB9, 0x72, 0x87, 0x0D, 0x9D, 0xA5, 0x82,
    0xBB, 0x8D, 0x77, 0x97, 0xE9, 0xA2, 0x49, 0xDB, 0x79, 0xB5, 0x8E, 0xB3, 0x57, 0x93, 0x49, 0x2D,
    0xAC, 0x3D, 0xE1, 0xA3, 0xB0, 0x2E, 0x57, 0x44, 0x71, 0xBB, 0x86, 0x78, 0xD2, 0x72, 0x26, 0x4D,
    0x22, 0xCA, 0x81, 0x62, 0xBE, 0x8D, 0x87, 0x74, 0x8A, 0x32, 0x9D, 0x4E, 0xC4, 0xD3, 0x02, 0x5A,
    0xF9, 0x26, 0x7E, 0x3B, 0xBA, 0x78, 0x48, 0xB1, 0xE2, 0xB7, 0x85, 0xD8, 0xCE, 0xF9, 0xED, 0x44,
    0x6C, 0x3A, 0xAB, 0x20, 0x3A, 0xA5, 0xF8, 0xCD, 0x9F, 0xF3, 0x9B, 0x5B, 0xF3, 0x5B, 0xD4, 0x61,
    0x5A, 0xEB, 0x80, 0x65, 0x91, 0x70, 0x1A, 0x4A, 0x70, 0x69, 0xC2, 0x72, 0x0C, 0x7D, 0x0A, 0x1F,
    0xF5, 0xEC, 0xE2, 0x84, 0x48, 0x43, 0xCB, 0xC5, 0x5A, 0x10, 0x9C, 0x6A, 0x94, 0x15, 0x0F, 0x59,
    0xF9, 0x8D, 0x9A, 0x8A, 0x34, 0x0C, 0xB7, 0xD9, 0xE9, 0x70, 0x55, 0x27, 0xBE, 0x3A, 0x58, 0x35,
    0x48, 0xB7, 0x9C, 0xB7, 0x12, 0x0E, 0xC1, 0x98, 0xC9, 0x78, 0x44, 0x59, 0xB2, 0x26, 0x5A, 0xC9,
    0xB8, 0xEC, 0x39, 0xDD, 0x75, 0xEC, 0x8B, 0xEC, 0xEB, 0xEF, 0xCF, 0x97, 0x2B, 0xD2, 0x2B, 0x5F,
    0x43, 0x7A, 0x77, 0x06, 0x85, 0x78, 0xF0, 0xA0, 0x69, 0x89, 0x48, 0x1E, 0x63, 0x15, 0xB0, 0x8D,
    0xCB, 0x36, 0x96, 0x09, 0xD3, 0x00, 0x78, 0x0E, 0xB1, 0x16, 0xB0, 0x43, 0x88, 0x05, 0xB9, 0x56,
    0x2D, 0xEE, 0x63, 0x45, 0xB0, 0xDB, 0xE6, 0xA5, 0x64, 0x88, 0xE1, 0xD1, 0xBD, 0x38, 0xDD, 0x16,
    0x5B, 0x2B, 0x23, 0xFF, 0x63, 0x84, 0x36, 0x7A, 0xB0, 0xC6, 0xDA, 0x3A, 0xB3, 0xB5, 0xB5, 0x55,
    0x40, 0x4C, 0x05, 0xDD, 0xA6, 0xF3, 0x04, 0xC5, 0xB1, 0x6E, 0x93, 0x0A, 0xDB, 0xF1, 0xED, 0x34,
    0xD5, 0x2C, 0xDC, 0xCB, 0x75, 0x7C, 0x36, 0xA8, 0x17, 0xDD, 0x1D, 0x93, 0xB7, 0x5C, 0x28, 0x7B,
    0xB3, 0xC9, 0x1C, 0xE1, 0xB4, 0x5F, 0xF3, 0xF6, 0x26, 0xEF, 0xB6, 0x2A, 0xC9, 0x6B, 0x93, 0x0F,
    0x31, 0xAA, 0x63, 0xFC, 0x7E, 0x15, 0x93, 0xFF, 0x83, 0xA6, 0x21, 0x5A, 0x18, 0x4D, 0x0E, 0x6D,
    0xB3, 0xBC, 0x58, 0x7A, 0x9F, 0xE5, 0x85, 0x02, 0xE5, 0x96, 0x50, 0x96, 0x70, 0x39, 0x45, 0x0C,
    0x4E, 0xD6, 0x8C, 0x01, 0xF1, 0xB4, 0x58, 0xE2, 0xA5, 0xA2, 0xD2, 0xBF, 0xEE, 0x79, 0xEC, 0x47,
    0x9C, 0xE3, 0x6F, 0xE2, 0x43, 0x15, 0x3E, 0x50, 0xE1, 0xC3, 0x14, 0x3E, 0x48, 0xC1, 0x61, 0x12,
    0x1F, 0xA0, 0xE0, 0x11, 0xCA, 0xC8, 0x07, 0x27, 0xEC, 0xE8, 0x13, 0x3C, 0x30, 0xE1, 0x61, 0x12,
    0x1F, 0x94, 0xF0, 0x44, 0x8D, 0x0F, 0x48, 0xF8, 0x70, 0xE4, 0xDF, 0xD5, 0x59, 0x3D, 0x8F, 0xE5,
    0x56, 0x19, 0x3E, 0xBE, 0x66, 0xD7, 0x22, 0x2E, 0x9C, 0x22, 0x91, 0x90, 0x28, 0x4C, 0x41, 0x81,
    0xB6, 0xC0, 0x0D, 0x2D, 0xB1, 0x11, 0x3F, 0x20, 0x5B, 0xEC, 0x2C, 0xC5, 0x14, 0xA1, 0x4E, 0x8A,
    0xFD, 0x03, 0xEC, 0xD8, 0x88, 0x92, 0x66, 0x9B, 0x34, 0x54, 0x14, 0x20, 0xC1, 0xAC, 0xD0, 0xFC,
    0x81, 0xEC, 0xB5, 0x45, 0x93, 0x82, 0xE6, 0x46, 0x02, 0x0A, 0x1A, 0x0C, 0x64, 0x40, 0x0A, 0x8D,
    0x45, 0x9C, 0xC4, 0x33, 0xEB, 0x0F, 0x9E, 0xE7, 0x79, 0x8F, 0xEF, 0x9D, 0x8F, 0x0D, 0x08, 0x09,
    0x6D, 0x60, 0x76, 0xF6, 0xD8, 0x73, 0xEF, 0xF5, 0x39, 0xEF, 0xC7, 0xF3, 0xBE, 0xCF, 0x73, 0xCE,
    0x75, 0x49, 0xE3, 0x9C, 0x4B, 0x2B, 0x97, 0xF2, 0x9A, 0x55, 0x2E, 0xE3, 0x35, 0x2F, 0x5C, 0x5E,
    0xF1, 0xAA, 0x5B, 0xE7, 0x4A, 0xDD, 0x3A, 0x57, 0xEB, 0xD6, 0xB9, 0xD9, 0xB9, 0x2D, 0xAF, 0x93,
    0x6E, 0x9D, 0x1B, 0x75, 0xEB, 0x02, 0x5E, 0x1F, 0x38, 0xB7, 0x19, 0x5C, 0xB0, 0x2C, 0xAD, 0x0B,
    0x07, 0xB7, 0x59, 0x96, 0xC9, 0x85, 0xBD, 0x0B, 0xE7, 0xA7, 0x8B, 0x8B, 0x3A, 0xDE, 0xD6, 0x15,
    0xAE, 0xF8, 0xCD, 0x9A, 0xB8, 0x75, 0x71, 0xE7, 0x92, 0x5D, 0xB2, 0x73, 0xB8, 0xC5, 0xB5, 0xC1,
    0x80, 0x5F, 0xD8, 0x82, 0xDB, 0xB4, 0xC9, 0x38, 0xE0, 0x73, 0x66, 0x56, 0x5E, 0x99, 0x59, 0x8B,
    0x99, 0x15, 0xCD, 0x32, 0x6B, 0x59, 0x06, 0x99, 0xB5, 0x2C, 0x3B, 0xDA, 0x52, 0x2F, 0x17, 0x66,
    0x8B, 0xF9, 0x25, 0xA7, 0xE4, 0x51, 0xE5, 0xBC, 0x2F, 0x72, 0x44, 0x5E, 0x6C, 0xBD, 0x2B, 0xF6,
    0x80, 0x2C, 0x97, 0xD9, 0x66, 0x33, 0x0C, 0x2E, 0x60, 0x6D, 0xD9, 0xC0, 0xD4, 0x74, 0x47, 0x3B,
    0x5B, 0x1A, 0xD9, 0xD2, 0xC2, 0x56, 0x96, 0xA6, 0xDE, 0xC6, 0xBC, 0xC1, 0xEC, 0x75, 0x21, 0x93,
    0x64, 0x8F, 0x8C, 0x91, 0x25, 0xFE, 0xE7, 0xAB, 0x0B, 0x97, 0xA9, 0xF9, 0xB2, 0x2B, 0x9F, 0xE3,
    0x13, 0xEE, 0x5B, 0x2E, 0xD2, 0xA2, 0xF0, 0x46, 0xF6, 0xD0, 0x32, 0x33, 0xD2, 0xEC, 0x35, 0xD3,
    0x0F, 0x63, 0x70, 0x74, 0xF4, 0xA8, 0x71, 0xF1, 0xB2, 0x2C, 0x58, 0x19, 0x63, 0xE5, 0x5E, 0x39,
    0x3D, 0xAD, 0xF5, 0x79, 0x79, 0xC5, 0x18, 0xAC, 0xDE, 0x04, 0x9A, 0x39, 0x1C, 0x39, 0x46, 0x3D,
    0xC7, 0xA4, 0xD3, 0x22, 0x8D, 0x7B, 0x15, 0xCE, 0x15, 0xAE, 0xFC, 0x08, 0x0E, 0xD2, 0x4A, 0xBC,
    0x9C, 0x2D, 0x33, 0x9F, 0x3F, 0x2A, 0xDC, 0xD5, 0x1F, 0xF8, 0x17, 0xD4, 0xB3, 0x2D, 0x9D, 0x30,
    0x26, 0xB4, 0xAA, 0xA4, 0x6F, 0x30, 0x32, 0x58, 0x2A, 0x78, 0x8A, 0x75, 0xB9, 0xC4, 0xC2, 0x88,
    0x72, 0x7E, 0x18, 0x5F, 0x22, 0x50, 0xB8, 0x69, 0x10, 0x59, 0x0C, 0x7C, 0x76, 0x96, 0x67, 0xB8,
    0x99, 0x64, 0x20, 0x62, 0x37, 0xCA, 0xC6, 0x64, 0x17, 0x4C, 0x0F, 0x27, 0xCD, 0x8F, 0x68, 0x8F,
    0xBA, 0x09, 0xED, 0x26, 0x6B, 0xC2, 0xCB, 0xA7, 0x83, 0x6E, 0xA2, 0x2E, 0x1C, 0x14, 0x96, 0xB8,
    0x0B, 0x7B, 0x45, 0x29, 0x6E, 0x75, 0x53, 0x63, 0x02, 0xBD, 0x35, 0xC3, 0x52, 0xDE, 0x00, 0x79,
    0x98, 0x09, 0x8F, 0xE3, 0x8F, 0xAC, 0x61, 0x00, 0x90, 0x30, 0x61, 0xC5, 0x65, 0x3B, 0x46, 0xA8,
    0xDC, 0xC1, 0x6A, 0xE6, 0x3E, 0x9B, 0xCF, 0x66, 0xE5, 0x1F, 0xB1, 0xEC, 0x0D, 0x03, 0xF5, 0x52,
    0x99, 0xD7, 0xC1, 0x7D, 0xBB, 0xBE, 0xCD, 0x74, 0x45, 0x44, 0x01, 0xF3, 0x89, 0x71, 0xD9, 0x61,
    0x81, 0x60, 0xE6, 0x32, 0xF0, 0x19, 0xF0, 0x26, 0xA2, 0x7B, 0xE1, 0xB9, 0xE3, 0x4A, 0x91, 0x46,
    0xDE, 0xF4, 0x44, 0x32, 0x3E, 0x03, 0x4F, 0x83, 0xA5, 0x20, 0x08, 0x6B, 0xA6, 0xCC, 0xA5, 0x1A,
    0x33, 0x26, 0xCE, 0x95, 0x04, 0xB2, 0xC1, 0x18, 0x9F, 0xA4, 0x29, 0x3D, 0xED, 0x48, 0x5B, 0xE2,
    0x30, 0x67, 0xAC, 0xF0, 0x26, 0x96, 0xDA, 0x4C, 0x0E, 0x2E, 0x45, 0x03, 0x17, 0x4C, 0x54, 0x3A,
    0x78, 0x33, 0x64, 0x2A, 0x5F, 0x67, 0x66, 0x97, 0xDD, 0x0F, 0x30, 0xE1, 0x30, 0xBA, 0xFA, 0x7C,
    0x1A, 0x61, 0x5C, 0x36, 0xC0, 0xF9, 0xA4, 0x27, 0x52, 0x3B, 0x56, 0x54, 0x87, 0xB0, 0xC7, 0x1D,
    0x82, 0x90, 0xB4, 0x58, 0x2F, 0xD9, 0xE5, 0x0C, 0x72, 0xC9, 0xB8, 0xB2, 0x6E, 0x2A, 0x0C, 0x75,
    0x81, 0x61, 0xC1, 0x10, 0xC2, 0x98, 0x2A, 0xA9, 0x5D, 0xF6, 0xC9, 0xF6, 0x0D, 0xE4, 0x7B, 0x78,
    0x8C, 0x57, 0x30, 0xBB, 0x7B, 0xCD, 0xC3, 0x81, 0xEB, 0xB9, 0x47, 0x84, 0x2A, 0xFC, 0x50, 0xC4,
    0x7E, 0x0E, 0xDB, 0x15, 0xB6, 0x44, 0x00, 0xCB, 0x9B, 0x03, 0x06, 0x85, 0xBE, 0x8D, 0xD0, 0x17,
    0xF6, 0x25, 0xFE, 0x8A, 0xFE, 0x41, 0xB7, 0xE3, 0xBF, 0x7F, 0x04, 0xF8, 0x27, 0x33, 0xFD, 0x4C,
    0x06, 0x06, 0x2B, 0x55, 0xF8, 0x90, 0x1F, 0x78, 0x96, 0xC9, 0x33, 0x18, 0xCB, 0xB1, 0x60, 0x40,
    0x73, 0xCB, 0x21, 0x56, 0x68, 0x9D, 0x4C, 0xF7, 0x5D, 0x29, 0x23, 0xCE, 0x00, 0x34, 0x78, 0xEC,
    0xE2, 0x8B, 0xB7, 0x06, 0x1A, 0x42, 0x80, 0xC2, 0xA8, 0xE2, 0x90, 0xC3, 0xD7, 0x71, 0x7F, 0x97,
    0x70, 0xCD, 0x68, 0x70, 0x7D, 0x5E, 0x57, 0x88, 0x26, 0xA0, 0xD5, 0x03, 0x30, 0x98, 0x10, 0x83,
    0x1A, 0x4B, 0xC3, 0xBA, 0x7D, 0xF7, 0x78, 0x62, 0x9E, 0x77, 0x04, 0x78, 0xEB, 0xCA, 0xA3, 0x63,
    0x25, 0x45, 0xED, 0xA5, 0xB4, 0x01, 0x2B, 0x23, 0x38, 0xC0, 0xAC, 0x4B, 0x2E, 0xF0, 0x6E, 0xA4,
    0xCA, 0xD1, 0x7A, 0xB6, 0xDC, 0x91, 0xC2, 0x83, 0xD7, 0x04, 0xE1, 0xF9, 0xE1, 0xB2, 0xEF, 0x31,
    0xFB, 0x6E, 0x43, 0x73, 0x5D, 0x3C, 0xB2, 0xC5, 0xB0, 0x9A, 0xF0, 0xAC, 0x6E, 0x62, 0x15, 0x41,
    0x7B, 0xBD, 0x43, 0x15, 0x16, 0xD1, 0xEF, 0xBB, 0xEC, 0xE2, 0x9D, 0xD6, 0xEA, 0x0F, 0x55, 0x82,
    0x57, 0xEF, 0xF0, 0x9D, 0xBB, 0xF5, 0x13, 0x4E, 0x30, 0x29, 0x19, 0x85, 0xFB, 0x32, 0xEB, 0xDA,
    0x97, 0x78, 0xC4, 0x41, 0x85, 0xA1, 0xF8, 0x07, 0x7E, 0x88, 0x96, 0x0F, 0x46, 0x78, 0x08, 0xA8,
    0x2C, 0xEF, 0xCE, 0x63, 0x88, 0x40, 0x8C, 0xF8, 0x64, 0x32, 0x22, 0x10, 0xD1, 0x80, 0xC0, 0x86,
    0x03, 0x03, 0xDF, 0x2B, 0xEE, 0x0A, 0x7B, 0xC9, 0xA8, 0x97, 0x1E, 0x2F, 0x39, 0x87, 0x12, 0xED,
    0x0D, 0x21, 0x41, 0x04, 0x81, 0xED, 0x8B, 0x47, 0x1D, 0x63, 0x80, 0x1E, 0xA1, 0xBE, 0x26, 0xAB,
    0x14, 0xF1, 0xC8, 0x22, 0xCE, 0x3E, 0x7C, 0xBE, 0xD0, 0x65, 0xF4, 0x88, 0x01, 0x03, 0x13, 0x59,
    0x00, 0x93, 0x08, 0x62, 0x83, 0x3C, 0xE4, 0xBF, 0xAF, 0x07, 0x8B, 0x78, 0xCE, 0x26, 0x59, 0xDE,
    0x5F, 0xA3, 0x75, 0x08, 0x99, 0xA2, 0x01, 0x68, 0x7C, 0x8D, 0x11, 0xEF, 0xF6, 0x11, 0xC7, 0xAB,
    0x77, 0xEE, 0xAF, 0x80, 0xE4, 0xC2, 0x0B, 0x73, 0xE9, 0xEA, 0xCE, 0x2D, 0xEC, 0x00, 0x11, 0x3E,
    0xF5, 0x10, 0x56, 0x56, 0xC9, 0xC5, 0x7D, 0xC2, 0x31, 0x2B, 0x04, 0xCC, 0x1C, 0xFF, 0x6C, 0xEA,
    0x22, 0x37, 0x78, 0x66, 0x45, 0xA9, 0xE0, 0xE0, 0x66, 0xBB, 0x19, 0xF4, 0xD6, 0xBB, 0xF3, 0xF7,
    0x0C, 0xCA, 0x8B, 0xD6, 0xBA, 0x72, 0x53, 0x3E, 0x9C, 0x8E, 0x5B, 0x11, 0xC6, 0x66, 0x88, 0x75,
    0x33, 0x85, 0xBD, 0x6E, 0x82, 0x31, 0xEC, 0x62, 0xC5, 0xBC, 0x8F, 0x3A, 0x05, 0x3F, 0xE9, 0xA2,
    0x96, 0x09, 0x78, 0xBD, 0x6E, 0xE2, 0xDD, 0x66, 0x7E, 0x80, 0x59, 0x68, 0x20, 0x49, 0x61, 0xE0,
    0x4D, 0x36, 0xB8, 0x3B, 0xFB, 0x5E, 0x13, 0x3C, 0x40, 0x97, 0x5D, 0xD8, 0xF8, 0xFA, 0x0D, 0x71,
    0x65, 0x9D, 0x7B, 0x32, 0x42, 0xA5, 0x7D, 0x68, 0x27, 0xF7, 0x6A, 0x44, 0x49, 0xDD, 0xBA, 0x50,
    0x40, 0x94, 0xE3, 0xD0, 0xFF, 0x8F, 0x3A, 0x14, 0x76, 0x3B, 0x1F, 0xD5, 0x0D, 0x6C, 0x05, 0x02,
    0x7B, 0x83, 0xA2, 0x5B, 0x39, 0x99, 0x73, 0x8C, 0x64, 0xE3, 0x11, 0xC0, 0xDF, 0x0C, 0xEA, 0x5A,
    0x22, 0x61, 0x75, 0x2E, 0xB8, 0x10, 0xA9, 0x53, 0xEC, 0xE9, 0x2C, 0x31, 0xCA, 0x45, 0x89, 0x81,
    0xD3, 0x0A, 0x6B, 0x54, 0x0B, 0x32, 0xBF, 0x61, 0x7F, 0x88, 0x11, 0xCF, 0x73, 0xEB, 0x0F, 0x27,
    0xEC, 0x3E, 0x8F, 0x7D, 0x7F, 0x08, 0xBB, 0x00, 0x0D, 0xB1, 0xDB, 0x70, 0x85, 0x58, 0x35, 0x80,
    0x98, 0x97, 0x04, 0x46, 0x70, 0x8D, 0x54, 0x5E, 0x9A, 0x41, 0xF6, 0x23, 0xBC, 0x22, 0xF1, 0x24,
    0xA9, 0x52, 0xE5, 0xB1, 0x15, 0xB5, 0x1A, 0x13, 0xC9, 0x92, 0x60, 0x24, 0x3D, 0x06, 0x23, 0x96,
    0x74, 0x9B, 0x99, 0x6C, 0x1A, 0x0A, 0xD0, 0xA1, 0x9A, 0x1C, 0x6A, 0xA1, 0x60, 0x31, 0xF0, 0xA1,
    0x98, 0xB4, 0x0F, 0x93, 0xE8, 0x5F, 0xC2, 0x2E, 0x42, 0xBE, 0x22, 0xD6, 0x2B, 0xCE, 0x03, 0xB0,
    0x8A, 0x0F, 0x0D, 0x64, 0xF6, 0x93, 0x09, 0x3C, 0xB9, 0x8D, 0xA7, 0x67, 0x1D, 0x8D, 0x20, 0x66,
    0xB6, 0xA4, 0x06, 0x18, 0x41, 0x86, 0x25, 0x64, 0xD9, 0xDC, 0xB3, 0x4A, 0xCD, 0xFD, 0x46, 0xF3,
    0x6B, 0x39, 0x1D, 0x3E, 0xBC, 0x15, 0x1D, 0x4F, 0x52, 0x67, 0x5C, 0xAC, 0x08, 0x44, 0xBB, 0xA8,
    0xF0, 0x77, 0x26, 0x3E, 0x5D, 0x8B, 0x8E, 0x00, 0x13, 0x51, 0xC3, 0xD5, 0x9F, 0x1C, 0xEB, 0x25,
    0xA8, 0x7C, 0x9A, 0x00, 0x00, 0xD2, 0x06, 0x30, 0x0D, 0x53, 0xD4, 0xBB, 0x09, 0xF1, 0xFF, 0xAC,
    0x73, 0x23, 0x1E, 0xFE, 0x18, 0x09, 0x44, 0x55, 0xBF, 0xDF, 0xF2, 0x92, 0xFE, 0x78, 0xB7, 0xE9,
    0xDF, 0x73, 0x39, 0xBC, 0xEC, 0x1E, 0xBB, 0x67, 0xBC, 0x7C, 0xDB, 0x8D, 0x28, 0xAD, 0xF6, 0x8D,
    0xB0, 0xCB, 0xAA, 0x78, 0x97, 0x47, 0xA0, 0x93, 0x78, 0x97, 0x25, 0x4D, 0xCE, 0xF4, 0xA0, 0xC4,
    0x70, 0x49, 0x6B, 0x92, 0x7F, 0x85, 0xC5, 0x10, 0xE4, 0x02, 0xED, 0x7D, 0x62, 0xC1, 0x63, 0x7A,
    0x78, 0x12, 0x93, 0xF4, 0x0F, 0x49, 0xE1, 0xAF, 0x8A, 0x5C, 0x9D, 0x95, 0xDE, 0xD5, 0xC2, 0xFC,
    0x56, 0xE3, 0x24, 0xDC, 0x8F, 0x1C, 0xC9, 0x80, 0xF3, 0x29, 0xA4, 0x00, 0xD2, 0xB1, 0xD8, 0x28,
    0xCA, 0x8D, 0x56, 0xCA, 0x45, 0xFB, 0x92, 0x6C, 0xD4, 0xAF, 0xA4, 0x63, 0x6A, 0x82, 0xD1, 0xCB,
    0x45, 0xDE, 0xD8, 0x82, 0xD7, 0xBA, 0x13, 0x72, 0xBB, 0xFC, 0xAE, 0x66, 0x1F, 0x4A, 0x5A, 0xF2,
    0x75, 0x87, 0x79, 0x42, 0xC2, 0x2E, 0xEC, 0xC9, 0x42, 0xBD, 0xF2, 0x80, 0x87, 0x42, 0xF6, 0xC2,
    0x88, 0xBD, 0x30, 0x6E, 0x95, 0x09, 0xB1, 0x10, 0x6D, 0xAF, 0xBC, 0xD6, 0x41, 0x83, 0x4B, 0xC8,
    0x40, 0x46, 0x40, 0xF5, 0x5C, 0x1C, 0xE8, 0x07, 0x9F, 0x02, 0x22, 0xDD, 0x1B, 0x19, 0x6C, 0x3E,
    0xA9, 0x9F, 0x82, 0xA4, 0x7B, 0x24, 0x6C, 0x69, 0xE0, 0x14, 0x0A, 0x79, 0x94, 0x96, 0x90, 0x8F,
    0x9B, 0x71, 0xAD, 0x83, 0x90, 0x25, 0x20, 0xFF, 0xA4, 0x25, 0x92, 0x55, 0x6C, 0x4A, 0x16, 0x37,
    0xA9, 0xAF, 0x83, 0x4C, 0x2A, 0xB8, 0x58, 0x95, 0x39, 0xD7, 0x83, 0xA1, 0x88, 0x5C, 0xF8, 0x27,
    0xB2, 0x6C, 0xF4, 0xB7, 0x4F, 0x6A, 0xEA, 0xC4, 0x82, 0x2C, 0x4B, 0x0F, 0x49, 0xD0, 0xC6, 0xB5,
    0xD2, 0xB1, 0xBC, 0xCF, 0x1A, 0xAF, 0x8E, 0xC8, 0xAC, 0x54, 0x06, 0x14, 0x69, 0xEC, 0xA2, 0x52,
    0x79, 0xB5, 0xF0, 0xBC, 0x90, 0xF1, 0x30, 0xD2, 0xD0, 0xA5, 0x89, 0x60, 0xE4, 0x73, 0x76, 0xFD,
    0xB0, 0x67, 0x75, 0x63, 0xC1, 0x59, 0x75, 0x5F, 0x78, 0xCA, 0x71, 0xD6, 0x16, 0x89, 0x6C, 0xAF,
    0xBC, 0xAF, 0xE9, 0xD7, 0xEC, 0x8A, 0x4E, 0x5D, 0xA9, 0x79, 0xDE, 0x53, 0xF3, 0x33, 0xA4, 0x79,
    0xA5, 0x2D, 0x35, 0x53, 0x4D, 0xF3, 0xB9, 0xAA, 0xFD, 0xC6, 0xB0, 0x12, 0x45, 0x41, 0xA2, 0x68,
    0x8C, 0x96, 0x8C, 0x9A, 0xEF, 0x58, 0x2A, 0xD0, 0x12, 0x1E, 0x28, 0x1B, 0x4D, 0x8C, 0xF8, 0x20,
    0x21, 0x5D, 0x8E, 0x6C, 0x9D, 0x9C, 0x1C, 0xF7, 0xF3, 0x5B, 0x1D, 0x98, 0x23, 0x7C, 0x4E, 0x4D,
    0xB9, 0x40, 0x87, 0x56, 0xBC, 0xB2, 0xB5, 0x84, 0x3D, 0xDC, 0x46, 0x62, 0x70, 0x95, 0xE0, 0x43,
    0x73, 0x1B, 0x4D, 0xEF, 0x99, 0xE8, 0x83, 0x1C, 0xF5, 0x00, 0xE4, 0x1F, 0xAD, 0xF5, 0x05, 0x81,
    0x50, 0xD2, 0x02, 0x5E, 0x1B, 0x16, 0xC1, 0x43, 0x8D, 0xA0, 0x58, 0xA4, 0xC2, 0x63, 0x5E, 0x18,
    0x22, 0x4B, 0x5F, 0x04, 0xA5, 0xEF, 0x19, 0xDB, 0xBD, 0xEC, 0x6E, 0x59, 0x01, 0x98, 0x91, 0xBA,
    0xAF, 0xF3, 0xBF, 0x82, 0x27, 0xA7, 0xF3, 0x02, 0xA9, 0xE7, 0x23, 0xE8, 0xB6, 0x33, 0x37, 0x5A,
    0x6A, 0x63, 0xC4, 0x0F, 0x9B, 0x19, 0x83, 0xA7, 0x66, 0xC6, 0x82, 0xE5, 0xA8, 0xD0, 0xBD, 0x77,
    0xC2, 0xA9, 0xDF, 0x53, 0x0D, 0x9E, 0x18, 0xD7, 0x75, 0x6B, 0x77, 0x58, 0x95, 0xDB, 0xD5, 0x3D,
    0xC4, 0x15, 0xFD, 0x66, 0xBB, 0x87, 0x4C, 0xF2, 0x64, 0x51, 0x42, 0xB4, 0xC1, 0xC8, 0x3E, 0xF4,
    0xF6, 0xBE, 0x52, 0xBD, 0x38, 0xC9, 0x7E, 0x74, 0xFB, 0x2C, 0x99, 0x8B, 0xD2, 0x40, 0x60, 0xBC,
    0x56, 0xD2, 0x85, 0xA4, 0x76, 0x09, 0x05, 0x13, 0x2C, 0x9B, 0x21, 0x6F, 0x22, 0x38, 0x01, 0xBC,
    0x77, 0x2C, 0x81, 0x94, 0xCA, 0xBF, 0x47, 0xB3, 0x69, 0x29, 0x4A, 0x28, 0xF5, 0x73, 0x0A, 0xFE,
    0xBE, 0x54, 0xEF, 0x2D, 0x49, 0xF4, 0x28, 0x4B, 0xBC, 0x8F, 0x0A, 0xE5, 0xFB, 0x2C, 0x07, 0x8A,
    0xB9, 0x1C, 0x6A, 0x2E, 0xE9, 0x4B, 0xC0, 0x09, 0x30, 0xA8, 0xB5, 0x09, 0xE5, 0x8E, 0x2B, 0xD3,
    0x4E, 0xCC, 0x76, 0x45, 0x46, 0xF6, 0xA1, 0x8D, 0xBD, 0xD1, 0x97, 0x73, 0x2F, 0x84, 0xF1, 0xEE,
    0xD0, 0x48, 0x4B, 0xC5, 0x06, 0xB4, 0x33, 0xD2, 0x5B, 0x46, 0x45, 0xA9, 0xC6, 0xE7, 0x09, 0xBF,
    0xB0, 0x63, 0xE0, 0x36, 0x9F, 0x2A, 0x64, 0x26, 0x19, 0x96, 0xDD, 0x61, 0x57, 0x27, 0x99, 0x1C,
    0x2A, 0x7C, 0xB1, 0x5E, 0x4F, 0xDF, 0xE7, 0x67, 0xCA, 0xEF, 0xF6, 0x2B, 0x0F, 0xC1, 0x9C, 0x51,
    0x0A, 0x6E, 0x2B, 0xDC, 0xE7, 0x54, 0xE6, 0x7E, 0x33, 0x78, 0x9B, 0x37, 0x87, 0xFF, 0x02, 0x6F,
    0x16, 0xD9, 0x79, 0x9D, 0xFF, 0x16, 0xBC, 0x99, 0x8F, 0xE8, 0x52, 0x68, 0xD7, 0xAF, 0x59, 0x30,
    0x6C, 0xD8, 0x2B, 0x49, 0xD3, 0x38, 0x56, 0xB6, 0x9F, 0xBB, 0x46, 0x7E, 0x73, 0x0D, 0x6E, 0x26,
    0x9A, 0x74, 0x61, 0x79, 0x6F, 0xC9, 0xCD, 0x20, 0xA9, 0xE5, 0xC9, 0x7A, 0x3C, 0x60, 0xC0, 0x52,
    0x16, 0x6E, 0x2E, 0xD6, 0x5D, 0x95, 0x0A, 0x81, 0xAF, 0x3E, 0xED, 0xB5, 0xFC, 0x86, 0x8B, 0xBB,
    0x41, 0x15, 0x9E, 0xAF, 0xC2, 0xD6, 0x36, 0x5F, 0xC9, 0xCE, 0x57, 0x61, 0x63, 0x6C, 0xA0, 0xEA,
    0x53, 0xE1, 0x59, 0x15, 0xE6, 0x95, 0x71, 0x02, 0xAA, 0xAF, 0xB1, 0x82, 0xE3, 0x16, 0x82, 0xFD,
    0x8D, 0x06, 0x53, 0xE8, 0x83, 0x52, 0x51, 0xF4, 0x52, 0xAB, 0x0B, 0x15, 0x39, 0xF6, 0x42, 0x65,
    0xF1, 0xCD, 0x11, 0xEA, 0xE2, 0x59, 0xFE, 0xD7, 0x71, 0xA4, 0x13, 0xE9, 0xD2, 0x0D, 0xD4, 0x18,
    0xD1, 0xF2, 0xC3, 0x7E, 0xED, 0x29, 0xFF, 0x63, 0xF6, 0x4E, 0xDE, 0xDE, 0xE5, 0xBE, 0xD9, 0x5B,
    0x77, 0xB2, 0xB7, 0x42, 0xB5, 0xCB, 0xDE, 0xA4, 0xF5, 0x4D, 0x66, 0xB7, 0xDF, 0xE3, 0xBB, 0x43,
    0xF9, 0xAE, 0x05, 0xEC, 0xBC, 0x3E, 0x75, 0x64, 0x2E, 0x54, 0x3D, 0xB2, 0x72, 0xEF, 0x6C, 0x0F,
    0x06, 0x3D, 0x6B, 0x83, 0xCE, 0x57, 0xFE, 0xF0, 0x4B, 0xB5, 0x71, 0x0A, 0x79, 0x7C, 0x3C, 0x2F,
    0x22, 0x6E, 0x9D, 0x50, 0x69, 0xA5, 0xD7, 0x59, 0xFE, 0xAE, 0x64, 0x7C, 0xB4, 0x17, 0xC8, 0xCE,
    0xC1, 0x22, 0x09, 0x9B, 0xF4, 0xE6, 0xCA, 0xDE, 0x61, 0xDF, 0x77, 0x12, 0xD3, 0x0A, 0xC9, 0x2E,
    0xB0, 0x33, 0x01, 0x01, 0x25, 0x95, 0xE0, 0x82, 0x7D, 0x02, 0x0B, 0xA6, 0xD1, 0xC5, 0x45, 0x97,
    0xA7, 0x12, 0x55, 0x94, 0x58, 0x35, 0xE7, 0x1C, 0x25, 0xAE, 0x50, 0xFD, 0x13, 0x7D, 0xAA, 0x9D,
    0xE4, 0x15, 0x75, 0x3E, 0xCF, 0x2E, 0x30, 0x13, 0xFF, 0xC2, 0x4C, 0x3C, 0x96, 0xE0, 0x3E, 0x70,
    0x47, 0xF5, 0xAE, 0x2D, 0x24, 0x8B, 0x08, 0x14, 0x4E, 0x0F, 0xC1, 0x1C, 0x74, 0x6F, 0x3D, 0x09,
    0xF0, 0xF5, 0xE7, 0xA1, 0x3B, 0xAC, 0xAD, 0xE3, 0x26, 0x74, 0x3F, 0x45, 0x18, 0x12, 0xDA, 0x21,
    0x2B, 0x52, 0xDA, 0x20, 0x0B, 0xB2, 0xB5, 0xE7, 0xDB, 0xAE, 0x55, 0xEC, 0x9A, 0xEE, 0xB7, 0x91,
    0xE1, 0x61, 0x1B, 0x29, 0xAE, 0x42, 0x2C, 0x22, 0x74, 0x45, 0x46, 0x27, 0x3E, 0xAF, 0x5B, 0x2B,
    0x09, 0xAE, 0xB7, 0xF1, 0xDB, 0x01, 0xA8, 0x85, 0xD3, 0xA7, 0x23, 0xCF, 0x49, 0xEC, 0xAC, 0x84,
    0xEF, 0xD1, 0x14, 0x1A, 0xC1, 0xEC, 0xA6, 0x0D, 0xCB, 0xF0, 0xE2, 0x78, 0x76, 0x3A, 0x15, 0x43,
    0x5A, 0x56, 0x3F, 0x18, 0x66, 0x48, 0xAB, 0x45, 0x0A, 0x2B, 0xE1, 0xB6, 0x11, 0xF9, 0x38, 0xAF,
    0x29, 0x47, 0x10, 0xBA, 0x56, 0x3C, 0x42, 0x9C, 0x12, 0xB1, 0x10, 0x22, 0xA1, 0xB5, 0x96, 0x98,
    0x97, 0xF8, 0xF2, 0xAC, 0xE5, 0x85, 0x59, 0x46, 0x8B, 0x66, 0xEA, 0xD0, 0x08, 0x1A, 0x1D, 0x2E,
    0xA4, 0xBC, 0x24, 0x6D, 0x46, 0xC4, 0xA2, 0x0D, 0x1B, 0xDD, 0x69, 0xA7, 0xC7, 0x96, 0x8C, 0xC7,
    0x17, 0x78, 0x1D, 0xCE, 0xC7, 0xCC, 0x4C, 0x40, 0x6F, 0x27, 0xDB, 0xFA, 0xBA, 0xEB, 0x11, 0x7E,
    0x44, 0x21, 0x40, 0x7D, 0xC7, 0x28, 0x9E, 0xCE, 0xE2, 0xF3, 0x49, 0x2C, 0x32, 0xA9, 0xF7, 0x4A,
    0xC1, 0x07, 0x1A, 0x37, 0x3A, 0x81, 0x92, 0x00, 0xBF, 0x7C, 0xDA, 0x39, 0xBF, 0x31, 0xD4, 0xDC,
    0x60, 0x6A, 0x06, 0x41, 0x87, 0x1F, 0x98, 0x81, 0x00, 0x2D, 0x49, 0xBC, 0x3C, 0x1A, 0xA9, 0x48,
    0xE3, 0x54, 0x3C, 0x12, 0xD8, 0xB9, 0x7A, 0xAC, 0x0B, 0x7E, 0xB1, 0x3F, 0x32, 0x13, 0x55, 0xA5,
    0x2C, 0x80, 0x98, 0xB8, 0x0E, 0x55, 0x2A, 0x7B, 0x68, 0xBE, 0xD4, 0xAD, 0xAD, 0x33, 0x52, 0x4A,
    0xA8, 0x42, 0x75, 0x2A, 0x02, 0xE3, 0x83, 0xEA, 0x95, 0x6B, 0xC2, 0xFE, 0xA5, 0x1A, 0x74, 0xB7,
    0xBA, 0x75, 0x9C, 0x1A, 0x13, 0x7E, 0x31, 0x41, 0x76, 0xA7, 0x3C, 0xBA, 0x7F, 0xF5, 0x38, 0x75,
    0x0A, 0x50, 0x0A, 0x53, 0x46, 0xA1, 0x8B, 0x8A, 0x0A, 0x2E, 0x2F, 0xD2, 0x6E, 0x83, 0x1D, 0x6E,
    0x1F, 0x52, 0x55, 0x85, 0x3C, 0x0A, 0x8E, 0xD8, 0x14, 0xE3, 0x83, 0xCC, 0xBD, 0x41, 0x29, 0x95,
    0x51, 0x0A, 0x61, 0x44, 0xA1, 0x4D, 0x14, 0xE8, 0xF4, 0x79, 0xCB, 0x55, 0xA6, 0xC3, 0xB9, 0xF3,
    0xE1, 0xC4, 0xD9, 0x28, 0x65, 0x2F, 0x1F, 0x13, 0xCA, 0x8B, 0x84, 0x74, 0x1B, 0xDB, 0x09, 0xEB,
    0xBD, 0xCA, 0x4B, 0x1B, 0x7D, 0xCE, 0x76, 0xE9, 0xCD, 0xEA, 0xFB, 0x61, 0xC3, 0xF8, 0x52, 0xCF,
    0x70, 0x7C, 0x06, 0x0F, 0x22, 0xF8, 0x57, 0xFF, 0x42, 0x04, 0x7F, 0x74, 0x5A, 0x31, 0x83, 0x0D,
    0x87, 0xEA, 0x96, 0xFE, 0xBD, 0x25, 0x82, 0x77, 0xCC, 0xE0, 0xCE, 0x67, 0xD0, 0xCA, 0xEC, 0x01,
    0xD7, 0xF9, 0x90, 0x9E, 0x85, 0xF3, 0x43, 0x6E, 0xBD, 0xBF, 0x14, 0x75, 0x16, 0x0A, 0x6A, 0x19,
    0xA4, 0x85, 0x22, 0xDF, 0xF1, 0x88, 0x02, 0x59, 0xF5, 0x7F, 0xF0, 0xAC, 0x41, 0xF5, 0xC4, 0xFF,
    0xBB, 0x27, 0xB0, 0x05, 0x31, 0xA9, 0x58, 0xA4, 0xD9, 0x7A, 0xCE, 0x70, 0xB7, 0xB0, 0xF3, 0x79,
    0xFE, 0xDE, 0xB9, 0x02, 0xCF, 0x59, 0xC9, 0xB1, 0x1D, 0x9C, 0xA7, 0xC2, 0xF5, 0x88, 0xB4, 0xF5,
    0x9B, 0x35, 0x4F, 0x71, 0xD5, 0x5E, 0x09, 0xFB, 0xFD, 0x9F, 0xFB, 0xC6, 0x57, 0x9C, 0x7B, 0x86,
    0x57, 0x26, 0xD6, 0x3D, 0x94, 0xEB, 0xD7, 0x5F, 0xBB, 0xB1, 0xA7, 0x2D, 0xCC, 0xE7, 0xD2, 0x23,
    0xEE, 0xCA, 0x69, 0x09, 0xFF, 0x6F, 0x7C, 0x4B, 0x0C, 0xBD, 0x7F, 0x71, 0xB7, 0x7A, 0x60, 0x59,
    0x27, 0x84, 0x49, 0x74, 0x9A, 0xC6, 0x0A, 0xFC, 0xA7, 0x86, 0x8C, 0xD0, 0x37, 0x54, 0xF7, 0xE4,
    0xFA, 0x82, 0x2F, 0x7C, 0xD2, 0x1B, 0xF0, 0x02, 0x23, 0x68, 0xC0, 0x2D, 0x23, 0x56, 0x03, 0x5E,
    0x30, 0x55, 0x69, 0xF1, 0x22, 0xE6, 0x18, 0xD6, 0xFA, 0xDA, 0xEA, 0xD9, 0xE1, 0x28, 0xCA, 0xC4,
    0xFA, 0xE9, 0x99, 0x09, 0x4B, 0x4F, 0xDE, 0x5B, 0x4F, 0xDE, 0x93, 0x5D, 0x49, 0x75, 0x95, 0x11,
    0x55, 0xFE, 0x93, 0x9F, 0xC9, 0x86, 0x9C, 0x98, 0x83, 0x1D, 0xFA, 0x4A, 0x02, 0xB6, 0xD4, 0x45,
    0xAA, 0x2C, 0xCC, 0x4E, 0x14, 0x88, 0x27, 0xC3, 0xC1, 0x8E, 0x17, 0x42, 0x9D, 0x43, 0xE8, 0xCB,
    0x1A, 0x1D, 0x9D, 0x44, 0xEC, 0xDE, 0x64, 0x87, 0xEE, 0x1D, 0xF6, 0x62, 0x90, 0x05, 0x1A, 0x89,
    0x8E, 0x1C, 0xEB, 0x9D, 0xEF, 0x3E, 0xFB, 0xA3, 0xE1, 0x43, 0x6E, 0xB6, 0x1E, 0x93, 0x93, 0x07,
    0xE8, 0x68, 0x66, 0xDA, 0x61, 0xDB, 0xB4, 0xBF, 0x9A, 0x0C, 0x1F, 0x8D, 0x48, 0xC9, 0x3D, 0xBC,
    0xA2, 0x3E, 0x24, 0xD8, 0x43, 0x5D, 0x01, 0x9C, 0xCB, 0xD3, 0xB3, 0xCB, 0xA7, 0xB2, 0x04, 0x96,
    0x2E, 0xD2, 0x4E, 0x8D, 0x1D, 0xA3, 0x24, 0xEC, 0xE0, 0x86, 0xA4, 0xDC, 0xEF, 0xFD, 0x6B, 0x7D,
    0x57, 0xD1, 0x39, 0x75, 0xFB, 0x68, 0x3A, 0x56, 0xBF, 0xDF, 0x30, 0x80, 0x0A, 0xB3, 0x3F, 0xE3,
    0x0F, 0xFE, 0xF3, 0x8E, 0x16, 0x93, 0x2D, 0x73, 0xD8, 0x35, 0x2E, 0x75, 0x17, 0x3C, 0x6F, 0xA3,
    0x5E, 0x5B, 0x45, 0xE8, 0xAF, 0x70, 0xE0, 0xE6, 0xB0, 0x8F, 0xBC, 0x1A, 0x8F, 0x5E, 0x2C, 0xC4,
    0xD5, 0xD1, 0x8A, 0x7F, 0xD3, 0xD1, 0xD8, 0x36, 0xD7, 0x7D, 0x89, 0x09, 0x35, 0x93, 0x63, 0xDA,
    0xBB, 0x39, 0x8B, 0x75, 0xE1, 0x6E, 0x95, 0xC2, 0x17, 0x73, 0xC2, 0xF5, 0xF6, 0xBE, 0xE7, 0x28,
    0x88, 0x11, 0xED, 0xDD, 0x74, 0x7B, 0x43, 0x5F, 0xFD, 0x62, 0x4E, 0xFD, 0xE2, 0x86, 0xF5, 0x16,
    0xEF, 0x58, 0x6D, 0x51, 0xCB, 0xCC, 0x86, 0x6A, 0xB8, 0xCE, 0xA0, 0x1A, 0xDC, 0x88, 0xDE, 0xFF,
    0xDB, 0x5E, 0xFB, 0x65, 0xC6, 0x32, 0xB8, 0x51, 0x20, 0xD7, 0x69, 0xED, 0x9E, 0x69, 0x25, 0x1D,
    0x50, 0x13, 0x3B, 0xB4, 0x5F, 0x5F, 0x34, 0x11, 0x2F, 0x49, 0xEB, 0x6F, 0xD2, 0x1D, 0xCF, 0xD0,
    0x88, 0x20, 0xAE, 0xCB, 0xA8, 0xE9, 0x0B, 0x5C, 0xDD, 0x14, 0xFE, 0x46, 0x07, 0x20, 0x74, 0x7C,
    0xD6, 0x41, 0x54, 0xEF, 0x74, 0x6E, 0xE8, 0xB2, 0x9E, 0x73, 0xB2, 0x5C, 0x7A, 0xDF, 0x8E, 0x90,
    0x42, 0x9E, 0x8A, 0x16, 0xC1, 0xF3, 0x41, 0xA7, 0x56, 0x55, 0xF8, 0xB1, 0xDA, 0x16, 0x5C, 0xF8,
    0xB3, 0x9A, 0x5E, 0xDE, 0x24, 0xBF, 0x1E, 0xF5, 0xFD, 0x5E, 0x93, 0x7D, 0x67, 0xD4, 0xD7, 0x69,
    0x4D, 0x69, 0xD1, 0x4A, 0x9B, 0xC9, 0x4D, 0x32, 0xED, 0x83, 0xC1, 0xCD, 0xD2, 0xCA, 0x7F, 0x41,
    0x23, 0x64, 0xEE, 0xE2, 0xCF, 0x5A, 0x57, 0xD2, 0xBB, 0x48, 0xEC, 0xAA, 0xC2, 0xC0, 0xAA, 0xD2,
    0x13, 0xFC, 0xEA, 0xB0, 0xF7, 0xE7, 0x06, 0xEB, 0xD6, 0xE9, 0x56, 0xFD, 0x95, 0xF6, 0x9D, 0x82,
    0xD5, 0xB2, 0x5D, 0xB7, 0xB6, 0xE5, 0x59, 0xB7, 0x3E, 0xC1, 0x68, 0x57, 0xA4, 0x4C, 0x57, 0x83,
    0xD4, 0x44, 0x77, 0x4A, 0x7E, 0xC3, 0xC7, 0xD3, 0x37, 0x7E, 0x17, 0x9C, 0xAA, 0x93, 0xCD, 0xC6,
    0x87, 0xF9, 0xD6, 0x66, 0x7E, 0x7C, 0xC2, 0x9C, 0x67, 0xC5, 0x90, 0xB3, 0x61, 0x66, 0x3F, 0xEA,
    0x72, 0x42, 0x3C, 0xFD, 0xCD, 0x2E, 0x7B, 0x93, 0xC5, 0xFA, 0xC7, 0x2A, 0x3D, 0xAB, 0x44, 0xD9,
    0x89, 0xCA, 0x79, 0xE4, 0x69, 0xAF, 0xDA, 0xBE, 0x24, 0xC4, 0x3F, 0x01, 0xCD, 0x59, 0x3F, 0xB0,
    0xE5, 0x54, 0x1D, 0x3E, 0x49, 0x76, 0x09, 0x92, 0xD1, 0x50, 0xB8, 0x16, 0x32, 0x18, 0x0B, 0x2B,
    0x46, 0x88, 0x85, 0x85, 0x05, 0x70, 0x02, 0x14, 0x16, 0x14, 0xBE, 0x82, 0x85, 0x62, 0x0B, 0x7A,
    0x0A, 0x5E, 0x43, 0xE7, 0xFA, 0x12, 0xB1, 0xB0, 0xB0, 0x70, 0x0B, 0xB0, 0xB1, 0xB1, 0xC0, 0x82,
    0xF7, 0x8A, 0xD7, 0x50, 0x58, 0xF8, 0x6E, 0x22, 0x14, 0x5B, 0x50, 0x18, 0x98, 0xB1, 0xB2, 0x30,
    0x80, 0x2B, 0xE3, 0x52, 0x90, 0x19, 0xAE, 0x43, 0xDE, 0x92, 0x3F, 0x7E, 0xDF, 0x77, 0x92, 0xDC,
    0xBB, 0xEC, 0xE2, 0xA8, 0xC3, 0x38, 0xE6, 0xED, 0x9E, 0x73, 0xEE, 0xBD, 0xC9, 0x39, 0xBF, 0x3F,
    0xDF, 0xEF, 0x6F, 0x4C, 0xD8, 0x18, 0x63, 0x62, 0x0D, 0x35, 0x87, 0xCA, 0x18, 0x3B, 0x4D, 0x13,
    0x87, 0x91, 0xC3, 0x80, 0xCF, 0x19, 0x7E, 0xC8, 0xF1, 0xDF, 0x94, 0x1C, 0x36, 0x1C, 0xC6, 0xCB,
    0x18, 0xA6, 0xA9, 0x33, 0x1E, 0x6F, 0xF6, 0xC7, 0xE3, 0xA9, 0x0A, 0x3A, 0x93, 0xD6, 0xC1, 0x16,
    0x9B, 0x05, 0xAD, 0x89, 0xDA, 0x90, 0x43, 0xD4, 0x60, 0xC0, 0xC6, 0x71, 0x83, 0x21, 0xA9, 0x93,
    0xCA, 0xE4, 0x55, 0x52, 0x85, 0x93, 0x49, 0xB9, 0x33, 0xB6, 0x6F, 0x30, 0x9C, 0x73, 0x43, 0xF3,
    0x02, 0x4F, 0x31, 0x36, 0x9C, 0x5A, 0xCD, 0xC9, 0xD4, 0x73, 0xCE, 0xF3, 0x5F, 0x0F, 0x3A, 0xB9,
    0x33, 0x23, 0x67, 0x3C, 0xE0, 0xE6, 0x62, 0x9E, 0x8D, 0xE1, 0xEF, 0x1E, 0x3E, 0xF0, 0x7E, 0xBF,
    0x37, 0xDE, 0x50, 0x5E, 0x33, 0x41, 0x6F, 0x7C, 0x9E, 0x00, 0x9A, 0x02, 0x12, 0x18, 0x6E, 0x0D,
    0x28, 0xCB, 0x0B, 0x10, 0x05, 0xE2, 0xD2, 0x2A, 0x6A, 0x0D, 0x96, 0x49, 0x05, 0xC6, 0xDD, 0x5C,
    0x73, 0x4E, 0x0B, 0x10, 0x88, 0x47, 0xF2, 0x2C, 0xC5, 0x3C, 0x3E, 0x0B, 0x29, 0x54, 0xE4, 0xB2,
    0x37, 0xB6, 0x30, 0x20, 0xB9, 0x16, 0xA1, 0xE6, 0x19, 0xB3, 0x77, 0x45, 0xF8, 0x32, 0x22, 0x0B,
    0x14, 0x1F, 0x8E, 0xAA, 0xB0, 0x1B, 0xBE, 0x98, 0x40, 0x20, 0x16, 0xE9, 0xB9, 0x89, 0xF0, 0x64,
    0x61, 0xCA, 0x4A, 0x5C, 0x65, 0xDE, 0xA4, 0xA7, 0x2C, 0x29, 0x14, 0x7F, 0x90, 0x8F, 0x71, 0xA2,
    0x95, 0x12, 0x20, 0x59, 0x90, 0xA7, 0xC5, 0xA0, 0xD3, 0x25, 0xEB, 0xF2, 0xD5, 0xCB, 0x90, 0x37,
    0x45, 0x2D, 0x85, 0xF8, 0xCB, 0x22, 0xB8, 0x75, 0x3C, 0x5D, 0xBE, 0x0C, 0x7A, 0xC0, 0x9C, 0xC4,
    0x41, 0xEE, 0xDC, 0x22, 0x5C, 0x16, 0xD1, 0x2C, 0x31, 0x12, 0x58, 0xBA, 0x45, 0x35, 0x2F, 0xA8,
    0x8E, 0x82, 0x0B, 0x9C, 0x68, 0xC5, 0x1C, 0x28, 0x4D, 0x3A, 0xE3, 0x4B, 0xE7, 0xD1, 0x74, 0x73,
    0x22, 0xA5, 0x3A, 0xCE, 0x01, 0x20, 0x9D, 0x86, 0x99, 0xED, 0xCB, 0xF3, 0x7C, 0xF1, 0x19, 0x29,
    0x80, 0x7C, 0x0F, 0x64, 0xBB, 0x82, 0x1A, 0xD2, 0xF3, 0x2B, 0x85, 0xD7, 0x6B, 0x6B, 0xBF, 0xA3,
    0x86, 0x40, 0x9E, 0xDF, 0x8B, 0x38, 0xD0, 0x49, 0xD2, 0x42, 0xF2, 0x1C, 0xDD, 0x3A, 0xBD, 0x75,
    0xFC, 0x1B, 0xC9, 0x0A, 0x3A, 0x8F, 0x39, 0x35, 0xA0, 0x8D, 0x08, 0xA4, 0x46, 0x2A, 0x91, 0xA3,
    0xC9, 0x16, 0xC2, 0xA6, 0xCD, 0x24, 0x22, 0x6B, 0xA2, 0x4E, 0x92, 0x0B, 0xA6, 0x67, 0xB7, 0x44,
    0xE3, 0x34, 0x6D, 0x49, 0x43, 0x3A, 0x35, 0xFB, 0xEA, 0x79, 0x7D, 0x96, 0x26, 0xCF, 0x95, 0xD0,
    0x43, 0x8D, 0xB1, 0xC6, 0xF4, 0x34, 0x13, 0xC8, 0xC8, 0xFD, 0x86, 0xA3, 0xD7, 0xF3, 0xA4, 0x60,
    0xCB, 0x31, 0x6C, 0x39, 0xC6, 0x37, 0x9E, 0xAF, 0xB9, 0x29, 0x77, 0x15, 0x50, 0xCD, 0x78, 0xFA,
    0x51, 0x8B, 0x1B, 0xD3, 0xA7, 0x00, 0xA2, 0x2D, 0xC7, 0xA8, 0xB5, 0xC4, 0x7B, 0x65, 0xC1, 0xA6,
    0x2D, 0x8E, 0x3C, 0x20, 0xC7, 0x9C, 0x81, 0xF3, 0x11, 0x42, 0xE8, 0xC1, 0x31, 0xFE, 0x82, 0x2D,
    0x3E, 0x0F, 0x51, 0x8B, 0xDF, 0x36, 0x49, 0xE5, 0x83, 0x5E, 0x5B, 0x40, 0x47, 0xF9, 0x2C, 0x3E,
    0x6F, 0xCA, 0x48, 0x5E, 0x46, 0x0C, 0x81, 0x8A, 0xF8, 0x2F, 0x38, 0x38, 0xFD, 0x25, 0x86, 0x9C,
    0x24, 0x0C, 0x60, 0xDB, 0xEB, 0x81, 0xB0, 0x60, 0x3C, 0x6D, 0x28, 0x28, 0x89, 0xA9, 0x35, 0xF6,
    0x17, 0x6F, 0x61, 0x8B, 0xF8, 0x2D, 0xB0, 0x1D, 0xBF, 0xD9, 0xF9, 0x7D, 0xF2, 0x72, 0x17, 0xB4,
    0xE9, 0x13, 0x7D, 0xD4, 0x58, 0xD3, 0x27, 0x15, 0x06, 0x5B, 0xE4, 0x66, 0xC8, 0xCD, 0x11, 0xC4,
    0x43, 0x80, 0x3E, 0x94, 0x39, 0x7C, 0x12, 0xC6, 0x09, 0x21, 0x5D, 0x69, 0xF6, 0x38, 0x43, 0xE5,
    0xC1, 0x67, 0x95, 0xD3, 0xF8, 0x47, 0xB5, 0x14, 0x1E, 0x5F, 0x6F, 0xA4, 0xEF, 0xF4, 0xE7, 0x8D,
    0x6C, 0x3E, 0x07, 0xC5, 0x94, 0xE4, 0xC0, 0x79, 0x00, 0x49, 0xFA, 0x7C, 0xF9, 0xB9, 0xF3, 0xE7,
    0xB6, 0x33, 0x28, 0xBB, 0x19, 0x93, 0x1D, 0x21, 0x59, 0x9E, 0xDC, 0xEA, 0x65, 0x6E, 0x61, 0xDD,
    0x13, 0x90, 0x43, 0x84, 0x39, 0x6C, 0x7D, 0x88, 0x18, 0x18, 0x69, 0x28, 0xE4, 0x0D, 0xC8, 0x89,
    0x9A, 0xA4, 0x38, 0x82, 0xF4, 0x92, 0x2A, 0xCD, 0x72, 0x90, 0x63, 0x0B, 0x8B, 0xC3, 0xD3, 0x2A,
    0x37, 0x9A, 0x8B, 0x81, 0x73, 0x66, 0x9F, 0xEC, 0xC1, 0x46, 0x5A, 0x58, 0x98, 0xF0, 0x19, 0x7F,
    0x05, 0x06, 0x7A, 0x31, 0x61, 0x16, 0x05, 0x53, 0x72, 0x83, 0x63, 0x06, 0xE7, 0x61, 0x82, 0xC8,
    0xA3, 0x3F, 0x57, 0x04, 0x5F, 0xFC, 0x76, 0x4D, 0x4A, 0xEC, 0x0F, 0x1B, 0x12, 0x92, 0x87, 0x32,
    0x77, 0xB2, 0x11, 0xDD, 0x3A, 0x19, 0x4F, 0xDA, 0xDB, 0xC0, 0x47, 0x4D, 0x26, 0xD7, 0xDF, 0xEF,
    0x48, 0xCA, 0xD3, 0xEF, 0xC0, 0x99, 0x15, 0x65, 0xF4, 0x0E, 0x4D, 0x1F, 0x74, 0x63, 0x7A, 0xB2,
    0xD3, 0x14, 0xB6, 0x09, 0x28, 0xCB, 0xE3, 0x3A, 0xCD, 0x36, 0x54, 0xA9, 0x85, 0xA0, 0x06, 0x90,
    0x29, 0x95, 0xE6, 0x13, 0xBD, 0x26, 0xDD, 0xC0, 0x32, 0x0D, 0x12, 0x60, 0xD8, 0x49, 0xBE, 0x84,
    0x2F, 0x4D, 0xAD, 0x90, 0x36, 0x08, 0xCD, 0xA8, 0x95, 0x1F, 0x80, 0x48, 0x5A, 0x79, 0x2F, 0x67,
    0xFA, 0x83, 0x33, 0xCF, 0x52, 0xC6, 0xE6, 0x10, 0xE8, 0x49, 0xB8, 0x26, 0x18, 0xD2, 0xEB, 0xF8,
    0x36, 0x6E, 0x6D, 0x31, 0x52, 0x85, 0x36, 0x2B, 0xB9, 0xB3, 0x4E, 0xCF, 0xF5, 0x07, 0x49, 0x94,
    0x10, 0x9C, 0x50, 0x68, 0xE9, 0xCC, 0x20, 0xC6, 0x0C, 0x4C, 0xF7, 0x32, 0x1F, 0x8F, 0x13, 0x70,
    0xD8, 0xF1, 0xA1, 0x82, 0x92, 0x81, 0xE8, 0x39, 0x15, 0x66, 0x45, 0xA4, 0x7C, 0x97, 0xD4, 0x09,
    0xD4, 0x8C, 0xC7, 0x27, 0xA4, 0xF3, 0x8C, 0x3B, 0x11, 0x1B, 0xB2, 0xC0, 0xA4, 0xD0, 0xFD, 0x51,
    0x2D, 0x02, 0x83, 0x4F, 0x68, 0xD4, 0xE6, 0x01, 0xD2, 0xA7, 0xC7, 0x89, 0xE6, 0xF3, 0x31, 0x27,
    0xC6, 0xEA, 0x81, 0x0F, 0xD8, 0xAC, 0xA7, 0xC5, 0x97, 0x46, 0xC0, 0x19, 0x3C, 0xA0, 0x15, 0xBC,
    0xFA, 0x5B, 0x1C, 0x0C, 0x97, 0xD0, 0x82, 0x1A, 0xA0, 0x82, 0x53, 0x5C, 0x85, 0x2D, 0x49, 0x2C,
    0x42, 0x52, 0x8A, 0x03, 0x82, 0x59, 0x3F, 0x75, 0xE8, 0x16, 0x49, 0x15, 0x2D, 0x0B, 0xE0, 0x81,
    0x0E, 0x32, 0x2D, 0x48, 0x99, 0xA4, 0x80, 0x47, 0xE8, 0x66, 0x2C, 0x43, 0x14, 0xBD, 0x6A, 0xCE,
    0x75, 0x5A, 0xEB, 0xD7, 0xB4, 0xC8, 0x33, 0x81, 0x25, 0xFE, 0xC3, 0x20, 0xDF, 0x6A, 0xA2, 0x0F,
    0xB7, 0xF2, 0xAD, 0x97, 0xAF, 0x2C, 0xF2, 0x95, 0xD2, 0x1C, 0x8E, 0x01, 0x22, 0x02, 0xF9, 0xC6,
    0x90, 0x36, 0x42, 0x32, 0x6C, 0x4B, 0x91, 0x63, 0xF0, 0x61, 0xD1, 0xC2, 0x72, 0xD0, 0x61, 0x41,
    0x30, 0xF3, 0x8F, 0x68, 0x06, 0x23, 0x01, 0x39, 0x00, 0xAD, 0x64, 0x05, 0xA8, 0xAE, 0xA2, 0x06,
    0x8B, 0xB4, 0xA2, 0xE0, 0xB9, 0x80, 0x4D, 0xC6, 0xB5, 0x4F, 0x0D, 0x8C, 0xF8, 0x99, 0x0B, 0x8F,
    0x48, 0xA6, 0xAB, 0x64, 0xEC, 0xA4, 0xCF, 0x5C, 0xAF, 0x71, 0x56, 0xC0, 0x20, 0x09, 0x00, 0xD8,
    0x1E, 0x34, 0x41, 0xD3, 0x03, 0xE9, 0x38, 0x8F, 0x0A, 0x24, 0x86, 0xB0, 0x84, 0x69, 0x64, 0x24,
    0x8D, 0xC6, 0x45, 0x74, 0x87, 0x1F, 0x6C, 0xE9, 0x5B, 0x8F, 0x4F, 0x26, 0xCE, 0x93, 0x7B, 0x1C,
    0x00, 0x3F, 0x1F, 0x11, 0x83, 0x68, 0x6D, 0x3D, 0x43, 0x31, 0x88, 0x82, 0xBB, 0xC0, 0xC3, 0x1B,
    0xAF, 0xC3, 0x43, 0xF6, 0xA7, 0x54, 0x07, 0xE6, 0xA7, 0x3A, 0x6A, 0x84, 0x30, 0x97, 0xB3, 0xCE,
    0x19, 0xCC, 0xE9, 0xB5, 0x20, 0x6F, 0xF2, 0x00, 0xA4, 0x47, 0xB5, 0xE8, 0x8C, 0x0A, 0x3A, 0x96,
    0xA0, 0xB1, 0x14, 0x5E, 0x37, 0xD2, 0x9D, 0x0A, 0x00, 0x26, 0x6F, 0x04, 0x86, 0xAD, 0x93, 0x29,
    0xDD, 0xEE, 0x47, 0x94, 0xE6, 0x96, 0x11, 0xC6, 0xCB, 0xE6, 0x28, 0x77, 0xDB, 0x58, 0xCF, 0x41,
    0xC9, 0x98, 0x19, 0x87, 0x72, 0xD1, 0xCF, 0x13, 0xEE, 0x84, 0x22, 0x46, 0x6E, 0xEF, 0x1F, 0x97,
    0x8A, 0x94, 0x61, 0x3F, 0x47, 0xC7, 0x35, 0x21, 0xB9, 0xCB, 0xE8, 0xDC, 0xBE, 0xEE, 0x49, 0x48,
    0xD5, 0x15, 0x66, 0x15, 0x25, 0x77, 0x8B, 0x68, 0xE8, 0x26, 0x1D, 0x5F, 0x59, 0x4F, 0x73, 0xBE,
    0x38, 0x77, 0xE9, 0xC7, 0xAD, 0x72, 0x94, 0xC9, 0x41, 0xF4, 0xA1, 0x83, 0xF2, 0x25, 0x73, 0x0F,
    0x71, 0x4D, 0xEE, 0x4D, 0xCF, 0xC8, 0xF3, 0x78, 0xFA, 0x0A, 0x37, 0xE0, 0xD6, 0x3D, 0xD9, 0x03,
    0xB5, 0x09, 0x01, 0x13, 0xDF, 0x38, 0x6C, 0xCC, 0x05, 0x17, 0xCF, 0xC3, 0x75, 0x88, 0xC8, 0xE3,
    0x21, 0x7D, 0xAD, 0xC0, 0xD5, 0x92, 0x9D, 0x61, 0x25, 0x34, 0x2D, 0x64, 0x4E, 0xCB, 0x8A, 0x99,
    0x96, 0x32, 0x84, 0x43, 0xFA, 0x0D, 0x39, 0x26, 0x3C, 0x65, 0xCF, 0x97, 0xDB, 0xCF, 0xD6, 0x07,
    0x73, 0xB2, 0x91, 0x28, 0x01, 0x3B, 0xFE, 0xED, 0xEF, 0xCC, 0x12, 0xFB, 0xD3, 0xCC, 0xA9, 0x33,
    0x0B, 0xBA, 0x88, 0x51, 0x06, 0x8E, 0xA5, 0xE1, 0xC4, 0x1C, 0x6C, 0x03, 0x82, 0xE0, 0x37, 0x47,
    0x50, 0x98, 0x30, 0x5A, 0xC7, 0x4D, 0x4A, 0xEC, 0xC5, 0xB5, 0x2D, 0xFC, 0x5E, 0x88, 0x08, 0x84,
    0x56, 0xE7, 0x0F, 0xF8, 0x90, 0xBC, 0x03, 0xB6, 0x2B, 0x21, 0x1D, 0x6C, 0x37, 0x30, 0x10, 0x37,
    0x70, 0x58, 0x16, 0x20, 0x87, 0xC3, 0x4A, 0xBA, 0xA4, 0x2A, 0x6B, 0x87, 0xB1, 0xD5, 0x43, 0x41,
    0xF5, 0xA3, 0x13, 0x65, 0x66, 0x76, 0xD2, 0x9D, 0xD5, 0xE2, 0x72, 0xC7, 0x45, 0x79, 0xC6, 0x69,
    0x72, 0x85, 0xFD, 0x7D, 0xD9, 0x2A, 0x92, 0xF9, 0x69, 0xBB, 0xB7, 0xC5, 0xD1, 0xDE, 0x06, 0xC3,
    0xF2, 0x38, 0xC3, 0xAB, 0xDF, 0xD1, 0x77, 0xF8, 0xE0, 0xDB, 0x47, 0x9A, 0x41, 0x93, 0x44, 0xA4,
    0xA9, 0x03, 0xC5, 0x1B, 0x9A, 0x62, 0x22, 0x3B, 0x4C, 0x41, 0x73, 0xD0, 0x31, 0xA1, 0x08, 0xB6,
    0x30, 0xC8, 0x2A, 0x68, 0x2D, 0x9D, 0x48, 0x9B, 0xE3, 0xC0, 0xA8, 0xC9, 0xE9, 0x1D, 0xEB, 0x52,
    0xF1, 0xA7, 0xA4, 0x1F, 0xCD, 0xF2, 0x6C, 0x83, 0xA4, 0xD2, 0xD6, 0x9B, 0x08, 0x09, 0xCD, 0x38,
    0x96, 0x8A, 0xBF, 0xC0, 0x83, 0x27, 0xFC, 0x18, 0x5F, 0x49, 0xAB, 0xD2, 0x19, 0x0A, 0x6A, 0x1D,
    0xA5, 0x73, 0xA7, 0xF4, 0xDB, 0x80, 0x1D, 0x57, 0xFB, 0x39, 0xE3, 0xF4, 0x57, 0x65, 0xCF, 0xB2,
    0x0E, 0xA5, 0x8C, 0x30, 0x67, 0xA8, 0xAB, 0x62, 0x66, 0x83, 0x2F, 0x03, 0x26, 0x0F, 0x48, 0x64,
    0xE5, 0x73, 0x47, 0x01, 0x6A, 0x92, 0xAD, 0x94, 0x8A, 0x7B, 0xA5, 0xA2, 0xC4, 0x64, 0x65, 0xDB,
    0x1A, 0xC7, 0x79, 0x24, 0x7C, 0x86, 0x5C, 0x91, 0x84, 0x63, 0xD0, 0xF3, 0x9B, 0xB0, 0x53, 0xC0,
    0x69, 0x99, 0x4D, 0x26, 0x0D, 0xFD, 0x61, 0x5E, 0x41, 0x7B, 0x48, 0x3D, 0x22, 0x84, 0xE3, 0x11,
    0x78, 0xBC, 0x49, 0xC5, 0xC1, 0x3A, 0x6A, 0x6A, 0x4F, 0xB2, 0xBD, 0x64, 0x96, 0xD1, 0xE7, 0x6F,
    0x29, 0x39, 0x2F, 0x6F, 0x94, 0x15, 0x44, 0x02, 0x04, 0x74, 0x60, 0x93, 0xFE, 0x70, 0x2B, 0x0F,
    0xC4, 0x9C, 0x79, 0x9B, 0xDE, 0x3C, 0x3E, 0xD9, 0x92, 0x8A, 0xD6, 0x0D, 0x19, 0x93, 0x23, 0x5A,
    0x38, 0x07, 0x40, 0x8B, 0x6E, 0xAA, 0x80, 0x60, 0x93, 0x06, 0x5B, 0x44, 0xE3, 0xA1, 0xF2, 0x72,
    0x66, 0x19, 0xB4, 0x23, 0xB8, 0x05, 0xA9, 0x37, 0xD9, 0x92, 0xEA, 0x92, 0xA3, 0x37, 0xBD, 0x81,
    0x27, 0x03, 0xBA, 0x39, 0x5A, 0x14, 0x83, 0x67, 0xCD, 0x91, 0xE1, 0x33, 0xD3, 0xA2, 0x70, 0x6E,
    0x9D, 0x58, 0x90, 0x0F, 0xC5, 0x48, 0x75, 0x50, 0xE7, 0x1C, 0x29, 0x2F, 0x7A, 0x3B, 0x23, 0x80,
    0x73, 0xCC, 0x15, 0xB2, 0x14, 0x75, 0xDF, 0x23, 0xE4, 0xC2, 0xF7, 0x29, 0xDE, 0xF0, 0x03, 0x99,
    0xEA, 0x67, 0x8D, 0xF2, 0xC4, 0x4A, 0x63, 0xB1, 0xE6, 0x8C, 0x81, 0x1C, 0x89, 0xBF, 0x73, 0xCC,
    0x24, 0xA7, 0xE3, 0xF1, 0x1C, 0xF2, 0x0C, 0xC3, 0xE0, 0x3C, 0x77, 0xCA, 0x68, 0x4A, 0x40, 0xB9,
    0x6A, 0x42, 0x47, 0x8B, 0xF1, 0x18, 0x09, 0x0D, 0x4E, 0xDF, 0x70, 0x60, 0x4C, 0x7B, 0x17, 0xA7,
    0x46, 0x3C, 0x34, 0xFC, 0x10, 0x67, 0x86, 0x1F, 0x57, 0xF3, 0x89, 0x3A, 0x50, 0xE7, 0xDD, 0x77,
    0xED, 0x05, 0xA5, 0x06, 0x54, 0x1E, 0x24, 0x5B, 0x2D, 0xD9, 0xA9, 0x39, 0x13, 0xC6, 0x52, 0x8F,
    0xA8, 0xBB, 0x68, 0xEE, 0x37, 0xB7, 0x5D, 0xFF, 0xFF, 0x02, 0x7C, 0xC1, 0x7F, 0x0D, 0x02, 0x7C,
    0x59, 0x27, 0x31, 0x00, 0xD7, 0x24, 0xB0, 0x4D, 0xC0, 0x65, 0x17, 0xE1, 0xB9, 0xFB, 0xBD, 0x6C,
    0x8F, 0x9D, 0xFF, 0x85, 0xA0, 0x6F, 0xBF, 0x9C, 0x55, 0xBA, 0x4B, 0xB6, 0xE9, 0x2E, 0x67, 0xA1,
    0xEE, 0x72, 0x76, 0xEA, 0x2E, 0x67, 0xAD, 0xF3, 0xED, 0x66, 0xA9, 0xE7, 0x8C, 0xB3, 0xDC, 0xD9,
    0x21, 0xCB, 0x7E, 0x03, 0xA5, 0x3E, 0xCE, 0x8A, 0x29, 0xE0, 0xC1, 0xC5, 0xBD, 0x92, 0x61, 0x7C,
    0xCE, 0x64, 0x4B, 0x04, 0x17, 0x86, 0x72, 0xAD, 0x51, 0x2A, 0x50, 0x61, 0x94, 0xE1, 0x24, 0xFF,
    0xEC, 0xD6, 0x2C, 0x2A, 0x9C, 0xF2, 0xDC, 0xDA, 0xCE, 0xE1, 0x62, 0xC0, 0x86, 0x1B, 0x17, 0xBF,
    0xB0, 0x1D, 0xCB, 0x0F, 0xAD, 0x41, 0xCF, 0x26, 0x70, 0x69, 0x27, 0xD3, 0xCF, 0x23, 0x2A, 0xD5,
    0xF9, 0x01, 0x73, 0xA4, 0x9C, 0x4C, 0xDE, 0x00, 0x25, 0x10, 0x4B, 0x00, 0xF9, 0x04, 0x63, 0x79,
    0xAF, 0xF3, 0x0C, 0x58, 0x53, 0x22, 0xF2, 0x0F, 0x26, 0x3D, 0x93, 0x3A, 0xE5, 0x25, 0x52, 0xB1,
    0xE9, 0x7C, 0x45, 0xD2, 0xBA, 0xBC, 0x6F, 0x58, 0x43, 0xB9, 0xF3, 0x1B, 0xC9, 0x9E, 0xAF, 0xDB,
    0x25, 0x96, 0x6B, 0x28, 0xD8, 0x05, 0xE8, 0x9D, 0xC4, 0x56, 0x1D, 0x6C, 0xD7, 0xE5, 0xB7, 0xE6,
    0x72, 0xCE, 0xE5, 0xC0, 0xBB, 0x6D, 0x92, 0x45, 0xE8, 0x97, 0xD6, 0x0D, 0x40, 0x98, 0x2A, 0x25,
    0xFA, 0x29, 0x65, 0x45, 0x9D, 0x9C, 0x55, 0xC4, 0x6C, 0x1F, 0xEE, 0x26, 0x69, 0xB0, 0xA2, 0xF7,
    0x77, 0x5D, 0x09, 0x55, 0xFF, 0x41, 0xAB, 0x30, 0x29, 0x07, 0x16, 0x30, 0xC2, 0xC9, 0x8B, 0x31,
    0xC3, 0x53, 0x41, 0xB4, 0x55, 0xC5, 0xAA, 0xC4, 0xCA, 0xE5, 0x45, 0x19, 0x93, 0xBE, 0x0E, 0xFB,
    0xC8, 0x9C, 0x3C, 0x04, 0x15, 0x15, 0x4A, 0x0D, 0x4B, 0x2D, 0xAD, 0x50, 0xF8, 0x3A, 0x8D, 0xE0,
    0xF1, 0xFE, 0x4C, 0xF2, 0x05, 0xBF, 0x3D, 0xC1, 0xDE, 0xF8, 0xE0, 0x76, 0x43, 0xD3, 0xA2, 0xDF,
    0x33, 0xB9, 0x72, 0x00, 0x39, 0x3F, 0x06, 0x08, 0x79, 0x40, 0x55, 0xFA, 0xC2, 0xBF, 0x5D, 0x19,
    0xDD, 0xAC, 0x29, 0xF9, 0x2A, 0xA0, 0xA0, 0x5B, 0x05, 0xD5, 0xAE, 0xB2, 0x99, 0xBB, 0x12, 0xE6,
    0xC7, 0xAB, 0x90, 0xF2, 0x55, 0xBA, 0x79, 0x73, 0x3B, 0xC6, 0x67, 0xD5, 0xD8, 0xC6, 0x01, 0xBE,
    0x9B, 0x95, 0x59, 0x38, 0x98, 0xE3, 0xDB, 0xE4, 0x7C, 0xFA, 0x98, 0x34, 0xD6, 0x0F, 0x11, 0xD0,
    0x93, 0x34, 0xE5, 0x0F, 0x0A, 0xE0, 0xA1, 0xAA, 0xEE, 0x4C, 0x27, 0x2F, 0xA5, 0x78, 0x91, 0xB8,
    0xFA, 0x3C, 0x75, 0x93, 0xB4, 0x6D, 0x0B, 0x61, 0xD4, 0x66, 0xAE, 0x6F, 0x94, 0x29, 0xB3, 0x2A,
    0x5D, 0x82, 0x35, 0xB9, 0x69, 0x14, 0x2C, 0xFD, 0x41, 0xF0, 0x50, 0x42, 0x21, 0xD5, 0x27, 0x2C,
    0xB8, 0x91, 0xF4, 0xB4, 0x17, 0xD9, 0x2F, 0x09, 0x87, 0xFC, 0x3A, 0x90, 0xC8, 0x44, 0xB8, 0x77,
    0x19, 0x4F, 0x23, 0xA2, 0x1D, 0x73, 0x33, 0xB3, 0xE5, 0x1D, 0x66, 0xEC, 0x42, 0x2D, 0x39, 0xF4,
    0x27, 0x75, 0x05, 0x60, 0xBD, 0x60, 0x11, 0x71, 0x27, 0x79, 0x9A, 0x19, 0xBA, 0x32, 0x23, 0x66,
    0x08, 0x90, 0x2B, 0x6B, 0xE0, 0x1E, 0x0A, 0xF3, 0x18, 0x28, 0x35, 0xF8, 0xBD, 0xBC, 0x26, 0x87,
    0xAD, 0x9D, 0x9D, 0x30, 0x13, 0x25, 0xA0, 0x26, 0x79, 0x6F, 0x5B, 0x66, 0x91, 0xBA, 0x4A, 0xCA,
    0x01, 0x72, 0x92, 0x10, 0xF5, 0x6B, 0xE8, 0x9F, 0xAF, 0x6F, 0x1E, 0x2C, 0x4E, 0x61, 0xD6, 0x02,
    0xEE, 0x76, 0x1D, 0xAE, 0xB0, 0x7E, 0xC0, 0x79, 0x95, 0xE8, 0xCD, 0x6B, 0x2F, 0x7E, 0x4E, 0x8D,
    0xE1, 0x0A, 0xFC, 0x65, 0xE1, 0x2D, 0xAA, 0x8B, 0x17, 0xB5, 0x5E, 0xF8, 0x1C, 0xA3, 0xC8, 0x41,
    0x43, 0xD2, 0x00, 0x09, 0xD5, 0x76, 0xCE, 0xF6, 0x2B, 0x2B, 0xA6, 0xB7, 0x61, 0xF6, 0x20, 0x13,
    0xC9, 0x5C, 0xFA, 0x2E, 0x33, 0x33, 0xB7, 0x9D, 0x0A, 0x7F, 0x98, 0x17, 0x33, 0x94, 0x64, 0x0C,
    0x6E, 0x11, 0xAF, 0x8B, 0x7A, 0xBE, 0x67, 0x41, 0x4B, 0x31, 0x77, 0xA4, 0x58, 0x33, 0xCE, 0xC9,
    0xB2, 0x5D, 0xC4, 0x2F, 0xCB, 0x98, 0x15, 0x1B, 0xA9, 0x4D, 0x90, 0xCB, 0x2E, 0x58, 0xD5, 0x28,
    0x05, 0x82, 0x7A, 0xF1, 0x13, 0xB6, 0x0A, 0xB7, 0x73, 0xFC, 0xC1, 0x41, 0x2C, 0xDC, 0x2A, 0x42,
    0x37, 0x95, 0x77, 0x2B, 0x0B, 0x38, 0x13, 0x6F, 0x6A, 0xFC, 0x89, 0x4C, 0x9C, 0x4E, 0xE3, 0x69,
    0x2F, 0xB9, 0x7D, 0xEA, 0x74, 0x9E, 0x4F, 0x59, 0xC9, 0x54, 0xDC, 0x78, 0x07, 0xFC, 0xE7, 0x24,
    0xE7, 0x64, 0x9A, 0x3B, 0x2F, 0x31, 0x1C, 0xD2, 0x47, 0x7B, 0x5B, 0x8F, 0x7D, 0x36, 0xEF, 0xA0,
    0xBF, 0x98, 0xCD, 0x4D, 0xC1, 0x5D, 0xE6, 0x68, 0x1E, 0x76, 0x93, 0x4B, 0x96, 0x83, 0xFA, 0x4E,
    0xE0, 0x5C, 0x52, 0xEF, 0x28, 0x9C, 0xDA, 0x04, 0x52, 0x4D, 0xA7, 0x36, 0x46, 0x02, 0x5E, 0xFE,
    0xAD, 0x8E, 0x9E, 0xDF, 0x6A, 0xA7, 0xA0, 0x97, 0xCC, 0xBC, 0x5E, 0x12, 0xF3, 0x7A, 0x27, 0xA6,
    0xDE, 0x09, 0xC9, 0x55, 0xEE, 0x5E, 0x2F, 0xB9, 0x08, 0x49, 0x03, 0xB1, 0x94, 0xB1, 0x23, 0xD1,
    0xA9, 0x1C, 0x67, 0xDA, 0xC9, 0xC6, 0x04, 0x10, 0xC5, 0x4A, 0xB7, 0xB1, 0x8C, 0xB6, 0xB6, 0x4A,
    0x6B, 0xD8, 0xD5, 0x94, 0xC5, 0xB7, 0xCA, 0xE9, 0x64, 0x94, 0x15, 0xAA, 0xA9, 0x3A, 0xA4, 0xD3,
    0x35, 0x04, 0xF9, 0xEC, 0xF6, 0x66, 0xE3, 0x9A, 0x64, 0x1B, 0x73, 0xEB, 0xF4, 0xC4, 0xE9, 0xAB,
    0xF9, 0xAA, 0xE7, 0xB4, 0x93, 0x5D, 0x30, 0x99, 0xB9, 0xCB, 0x95, 0x14, 0xF2, 0x20, 0x61, 0x0B,
    0x12, 0xE9, 0x6B, 0x41, 0x41, 0x21, 0x4F, 0x02, 0x1A, 0xDC, 0x22, 0xA9, 0xE9, 0xE9, 0xE8, 0xDD,
    0x19, 0x47, 0x19, 0xA3, 0x64, 0xC3, 0x5A, 0x64, 0xF3, 0x22, 0x97, 0xA6, 0xB7, 0xB3, 0xED, 0xC6,
    0x8A, 0x63, 0x54, 0xA7, 0x82, 0x18, 0x33, 0x0A, 0x75, 0x58, 0xB1, 0x98, 0x98, 0x1D, 0xB2, 0x1A,
    0xFF, 0x8C, 0x5C, 0x12, 0x69, 0x9F, 0xB0, 0x2C, 0xC6, 0x22, 0x7A, 0x9F, 0xD1, 0x9B, 0xD5, 0xC3,
    0x9B, 0x0A, 0x5F, 0x69, 0x95, 0x3E, 0xD1, 0xD3, 0xCD, 0x25, 0x88, 0xDC, 0x83, 0x37, 0xE7, 0x05,
    0xCA, 0x7A, 0xE3, 0x77, 0x3A, 0x33, 0x2A, 0x0F, 0x41, 0x00, 0x2F, 0x29, 0xE9, 0xE8, 0x53, 0x14,
    0x32, 0xA9, 0x1C, 0x15, 0xF6, 0x52, 0x08, 0x67, 0x98, 0xEA, 0xE7, 0x4C, 0x23, 0xA5, 0xD9, 0x30,
    0xEE, 0xC6, 0x9F, 0xF3, 0x78, 0x0F, 0x1D, 0x1F, 0xBF, 0x3E, 0x17, 0x4C, 0x82, 0xFE, 0x63, 0x61,
    0x75, 0x95, 0xF3, 0xF7, 0x83, 0xEC, 0x7B, 0xE6, 0x0B, 0x2F, 0xE6, 0x1C, 0xAE, 0xB1, 0xA2, 0xD8,
    0xEA, 0x7A, 0x0A, 0xF8, 0xA7, 0xFE, 0x0A, 0xFE, 0xE5, 0xAE, 0x0F, 0xE6, 0x66, 0xBF, 0x73, 0x33,
    0xEB, 0x65, 0xCE, 0x21, 0x2B, 0x2F, 0x18, 0x1A, 0xC8, 0x46, 0xF9, 0x34, 0x18, 0xC5, 0x8A, 0x58,
    0x72, 0xB3, 0xC6, 0x6E, 0xDC, 0xCE, 0x3F, 0x39, 0x62, 0xFD, 0x92, 0x66, 0x1D, 0x9B, 0x87, 0x26,
    0xFD, 0x59, 0x6B, 0xE9, 0x45, 0x92, 0xB7, 0xEB, 0xF4, 0x47, 0x35, 0x1B, 0x81, 0x45, 0x72, 0x4A,
    0xF7, 0x32, 0xB9, 0x86, 0x25, 0x8A, 0xDE, 0xD8, 0x35, 0x8A, 0xF6, 0x3C, 0x3F, 0xAE, 0x7B, 0xE4,
    0x64, 0x72, 0x86, 0xE3, 0x40, 0x79, 0x0A, 0x8E, 0xB9, 0xA7, 0x98, 0xFD, 0x7B, 0x59, 0xAC, 0x46,
    0xE0, 0xB2, 0x13, 0xE7, 0x64, 0x9C, 0x9D, 0x3B, 0xF4, 0x3A, 0xC3, 0xB6, 0x7B, 0xB5, 0xB7, 0xDD,
    0x2B, 0xDE, 0xF2, 0xBD, 0x71, 0xFE, 0xBE, 0xD8, 0xDD, 0xEF, 0x02, 0x8F, 0xDB, 0x2D, 0x72, 0x9D,
    0xA0, 0xE9, 0x66, 0xAD, 0x80, 0xA2, 0x16, 0xAE, 0xCB, 0x9A, 0xD2, 0x3B, 0xF7, 0xDE, 0x4B, 0x06,
    0xF6, 0xAA, 0x75, 0x57, 0xD4, 0xCD, 0xB1, 0xEE, 0xD2, 0x81, 0xDC, 0x9A, 0x2A, 0x6B, 0xDC, 0x75,
    0xE3, 0x45, 0x57, 0x16, 0x8B, 0x0D, 0x09, 0xC0, 0xF5, 0xA1, 0xAA, 0xE5, 0x00, 0xBB, 0x54, 0xCF,
    0x6E, 0xF7, 0xBD, 0x21, 0x5B, 0x7E, 0x4D, 0xF5, 0x8E, 0x63, 0x3C, 0x55, 0x3F, 0x81, 0x47, 0x8F,
    0x66, 0xC9, 0xD4, 0xFA, 0xE5, 0x60, 0xAA, 0xC2, 0x15, 0x75, 0xC1, 0x5D, 0xAA, 0x78, 0xDC, 0x24,
    0x5E, 0x0B, 0x77, 0xF4, 0xBD, 0x3C, 0x81, 0x2D, 0x4C, 0xE4, 0xA8, 0x72, 0x57, 0x7C, 0x2E, 0x17,
    0x71, 0x6A, 0x0E, 0x30, 0x45, 0xB2, 0x6C, 0x11, 0x6C, 0xBC, 0xEE, 0x07, 0x38, 0xE3, 0xDB, 0xE5,
    0x93, 0x34, 0xA8, 0xCF, 0x98, 0x91, 0xEA, 0x55, 0x42, 0xA9, 0x10, 0x4A, 0x0A, 0x36, 0xFC, 0xDC,
    0x23, 0x9F, 0x42, 0x05, 0x5B, 0xBB, 0x13, 0xA5, 0x1F, 0x7F, 0x2F, 0x7B, 0x62, 0x3C, 0x08, 0x59,
    0x5D, 0xB5, 0xCC, 0xBE, 0x98, 0x1C, 0x7C, 0x47, 0xDF, 0x7F, 0x9D, 0x28, 0xA9, 0xBE, 0x01, 0x4F,
    0x59, 0x0E, 0x41, 0x3B, 0x66, 0x5E, 0xBB, 0x98, 0xBD, 0xAD, 0x1E, 0x37, 0x8F, 0x99, 0x38, 0xF3,
    0x6B, 0x27, 0x8E, 0xBC, 0x48, 0x8A, 0x28, 0x7B, 0xC4, 0xBC, 0xB1, 0xC4, 0x1C, 0x14, 0xEA, 0x09,
    0x62, 0x93, 0xBD, 0x32, 0x6D, 0xAF, 0x9A, 0xC3, 0x2D, 0xF6, 0x73, 0xCE, 0x75, 0x57, 0x59, 0x84,
    0xBB, 0xC4, 0x2B, 0xDE, 0xE5, 0x63, 0x8F, 0x78, 0x2B, 0x06, 0x1F, 0x35, 0x2F, 0x7D, 0xB1, 0x15,
    0xE1, 0x04, 0xB3, 0x00, 0x31, 0x9D, 0x4B, 0x03, 0x3C, 0xF9, 0xD8, 0x73, 0x24, 0x28, 0x7A, 0x15,
    0x9E, 0xF8, 0x25, 0xC3, 0x4D, 0xBF, 0x86, 0x6D, 0xE6, 0x43, 0x2F, 0xDC, 0x11, 0xE5, 0xFE, 0xFD,
    0x6B, 0x09, 0xBC, 0x17, 0x69, 0x36, 0xB3, 0xBB, 0x6C, 0xD2, 0x39, 0x79, 0x0F, 0xA6, 0xEE, 0x51,
    0xDF, 0x71, 0x10, 0x65, 0x57, 0x5F, 0x32, 0x8E, 0x83, 0xD8, 0x3C, 0x68, 0xBE, 0x84, 0xEB, 0x60,
    0x4D, 0x48, 0xDD, 0xC9, 0xFE, 0x54, 0x2F, 0x1C, 0x87, 0x84, 0x85, 0x3B, 0x39, 0xCE, 0xAE, 0xEE,
    0x38, 0xFE, 0xEE, 0xBF, 0xD8, 0x4E, 0x2F, 0x04, 0xFE, 0x0B, 0xA9, 0x3F, 0xBC, 0x5B, 0x3E, 0xBA,
    0x5B, 0xFE, 0x7E, 0xB7, 0xEC, 0x76, 0x68, 0x9A, 0xD3, 0x0C, 0xE4, 0x9C, 0xFE, 0xBC, 0x0C, 0xAA,
    0x35, 0x91, 0x09, 0xD4, 0x27, 0x87, 0xA0, 0xCC, 0xF2, 0xAB, 0xDE, 0x5F, 0xC9, 0x36, 0xA3, 0x71,
    0x4D, 0x4E, 0xF3, 0x76, 0xB5, 0x33, 0xD7, 0xB5, 0x79, 0x84, 0xC3, 0x57, 0xEE, 0x9A, 0xAC, 0xFC,
    0x47, 0x1A, 0xC4, 0xC3, 0xE5, 0x35, 0xB3, 0xBC, 0xB5, 0xCA, 0x67, 0x6D, 0xC6, 0x63, 0x16, 0x4E,
    0x3B, 0xB1, 0x1C, 0xCE, 0x37, 0x3F, 0xD0, 0x98, 0x2F, 0xEB, 0x0A, 0x24, 0xF7, 0x68, 0xAF, 0x1F,
    0x59, 0xAD, 0xA6, 0x28, 0x6D, 0xCA, 0xF7, 0x24, 0xC3, 0xDA, 0xFB, 0xE1, 0x5B, 0xB3, 0xC1, 0xC9,
    0xF5, 0x5E, 0x27, 0xA0, 0x59, 0xDA, 0x28, 0xE2, 0x16, 0x1D, 0xF8, 0xBB, 0x9A, 0xC6, 0xDF, 0xF9,
    0xEE, 0x60, 0x47, 0x75, 0xB0, 0xAB, 0x97, 0xFC, 0x45, 0xF1, 0xF7, 0x15, 0x7A, 0x81, 0x85, 0xDC,
    0xAF, 0x17, 0x31, 0xF2, 0x4C, 0xF1, 0x3F, 0x0E, 0x5B, 0x97, 0x50, 0xBA, 0xB4, 0xEE, 0xFC, 0xCE,
    0x1A, 0xD6, 0x55, 0x73, 0x24, 0x3E, 0xAF, 0x96, 0x57, 0x3D, 0x2C, 0x68, 0xA6, 0xCA, 0xBD, 0xD2,
    0x53, 0xB1, 0x92, 0x7E, 0xCC, 0x48, 0x64, 0x72, 0x2B, 0x37, 0x3C, 0x28, 0xB8, 0x05, 0xDD, 0x11,
    0x59, 0x89, 0x9A, 0x8D, 0xD1, 0xFB, 0x95, 0xC1, 0xA8, 0xC6, 0xEC, 0xC9, 0x09, 0x63, 0x33, 0x3B,
    0x6C, 0x1E, 0xAB, 0x54, 0xB6, 0xD9, 0xD8, 0x50, 0xAC, 0x02, 0xBE, 0x43, 0xB5, 0x19, 0xA7, 0x66,
    0x24, 0x5E, 0xA2, 0x77, 0x7B, 0x3A, 0xCA, 0xF8, 0x3A, 0x1B, 0xF6, 0x26, 0xFE, 0xA3, 0xE8, 0x60,
    0x2E, 0x85, 0x29, 0x9D, 0xE4, 0x33, 0x19, 0xAF, 0x99, 0x02, 0xD0, 0x11, 0x8E, 0x0A, 0x53, 0xF8,
    0x86, 0x49, 0xAA, 0xED, 0xF6, 0x05, 0x14, 0x36, 0x66, 0x17, 0xA3, 0xCC, 0x9A, 0x7D, 0x9A, 0xB5,
    0x39, 0xBC, 0x96, 0xD8, 0xCA, 0xB8, 0x8D, 0x79, 0x4D, 0x9D, 0x4F, 0x0C, 0xEC, 0x0D, 0xD4, 0x89,
    0xDE, 0xE8, 0x54, 0xAE, 0x00, 0x80, 0x3B, 0xD8, 0xD7, 0x30, 0x68, 0x67, 0x87, 0x94, 0x7C, 0x80,
    0x0B, 0x95, 0x88, 0x38, 0x26, 0x6A, 0x40, 0x63, 0x5C, 0xAB, 0x95, 0x90, 0xAA, 0x9F, 0x50, 0xA8,
    0x23, 0xCA, 0xB6, 0x95, 0x51, 0x1B, 0x14, 0x92, 0xDA, 0x30, 0x5E, 0x8D, 0x8C, 0xA8, 0x03, 0xFB,
    0x07, 0x03, 0xA3, 0xDE, 0x68, 0x1E, 0xEF, 0x4D, 0xF9, 0xAB, 0x7E, 0x6A, 0xEC, 0xD4, 0x4E, 0x4D,
    0x3C, 0x3D, 0x81, 0x73, 0x0F, 0x5C, 0xCE, 0x9E, 0xAE, 0xD6, 0x71, 0xB6, 0x44, 0x19, 0x7F, 0x89,
    0x2D, 0x51, 0xBD, 0xF0, 0x47, 0x25, 0x79, 0x87, 0x7F, 0x3A, 0xD8, 0x7B, 0xBF, 0x77, 0xB1, 0x7C,
    0xF5, 0x60, 0xFF, 0x8D, 0xFB, 0xB8, 0x86, 0xC7, 0xD1, 0xBD, 0x06, 0xDE, 0xBA, 0x77, 0xB2, 0xC1,
    0x78, 0x32, 0xE9, 0x25, 0x0E, 0xBB, 0x21, 0x7C, 0xEF, 0x80, 0xB0, 0x48, 0x05, 0x34, 0xEE, 0x8D,
    0xFB, 0xCC, 0x51, 0x4A, 0x8E, 0xCA, 0x22, 0x2D, 0x42, 0xBD, 0xD5, 0xEF, 0x39, 0xD0, 0xA8, 0xFE,
    0x6E, 0xCC, 0x3F, 0x01, 0x95, 0x59, 0xBF, 0x8F, 0xE5, 0x56, 0x15, 0xBE, 0x7E, 0x66, 0xD7, 0x42,
    0x96, 0x30, 0x45, 0x06, 0x24, 0x52, 0xB8, 0x8D, 0x42, 0xE1, 0xBF, 0x00, 0xAE, 0xC9, 0x96, 0x14,
    0x3B, 0xC5, 0x4E, 0x22, 0x91, 0x96, 0x02, 0xA5, 0x60, 0xFE, 0x01, 0xB2, 0x76, 0x44, 0x91, 0x82,
    0x26, 0x4D, 0x68, 0x83, 0xD0, 0x22, 0xC1, 0x6C, 0x31, 0xFC, 0x01, 0xE4, 0xD9, 0x0A, 0x45, 0x0A,
    0x0A, 0xAC, 0x44, 0x4B, 0xCA, 0x58, 0x0A, 0x01, 0x91, 0x2D, 0x30, 0xD1, 0x0B, 0x7A, 0xB3, 0x6B,
    0xFB, 0x72, 0xBE, 0xEF, 0xDC, 0xFB, 0x7E, 0xCD, 0x9B, 0xDD, 0xF0, 0x34, 0xBE, 0xCF, 0xF3, 0x6C,
    0xDF, 0x73, 0xCE, 0x77, 0x7E, 0x1F, 0x9B, 0x97, 0x8D, 0x31, 0x95, 0x1C, 0x8D, 0x1C, 0xB3, 0x1C,
    0x93, 0x31, 0xD6, 0x39, 0x1E, 0xDF, 0x9D, 0xCE, 0x4C, 0xBC, 0x32, 0x7A, 0x0C, 0xC6, 0x24, 0x72,
    0xA4, 0xBD, 0x31, 0x59, 0x27, 0x47, 0x6B, 0x4C, 0x2E, 0x47, 0x81, 0xE3, 0xF1, 0x13, 0xDC, 0xDF,
    0xCB, 0xB1, 0xAA, 0x4C, 0x32, 0x2E, 0x8D, 0xD9, 0x39, 0xA2, 0xB1, 0x32, 0xF1, 0xDA, 0x7E, 0x7E,
    0x3E, 0xE4, 0xCE, 0xB5, 0xB1, 0x13, 0x02, 0x27, 0xA5, 0x6C, 0xE4, 0xFE, 0x25, 0xD4, 0x32, 0x79,
    0x4C, 0x36, 0x72, 0x6E, 0x8D, 0xED, 0x52, 0xB9, 0x56, 0xD4, 0xC6, 0x09, 0x0B, 0x25, 0x98, 0x92,
    0x75, 0x73, 0x22, 0xFC, 0x59, 0x63, 0x96, 0x64, 0x76, 0x5A, 0x74, 0x72, 0xCF, 0x18, 0x7F, 0x39,
    0xC9, 0xEE, 0x0B, 0x37, 0x9A, 0xC5, 0xF4, 0xAA, 0x1B, 0x4C, 0xEC, 0x9C, 0xAB, 0xB9, 0x0A, 0xBF,
    0x4F, 0x7E, 0x27, 0x0F, 0x09, 0xC7, 0xC2, 0xA4, 0xF0, 0xFC, 0x2D, 0xE5, 0x3A, 0xAC, 0xE0, 0x3C,
    0xAC, 0x42, 0xD0, 0x90, 0x82, 0x21, 0x05, 0x0F, 0x07, 0x3F, 0xB7, 0x4A, 0x08, 0xDA, 0x88, 0xF8,
    0xD9, 0x87, 0xE0, 0x3B, 0x7B, 0xEF, 0x91, 0x6C, 0x9D, 0x4F, 0xB8, 0xBB, 0x58, 0xE1, 0x49, 0xDB,
    0x03, 0x01, 0xDB, 0x62, 0xAD, 0x4A, 0xAE, 0xC4, 0x44, 0xF8, 0xB4, 0x35, 0xB1, 0x2C, 0xCD, 0x88,
    0x35, 0x1A, 0x01, 0xF1, 0x62, 0x8C, 0xCA, 0xD9, 0xC4, 0x63, 0xF6, 0xC1, 0x68, 0xE2, 0x29, 0xF9,
    0x64, 0x2D, 0xDC, 0xC6, 0xC2, 0x79, 0xF2, 0xF8, 0x1F, 0x4E, 0xF8, 0xFC, 0xCC, 0xB9, 0x52, 0x38,
    0x74, 0x33, 0xF8, 0xBC, 0x55, 0x94, 0x40, 0x59, 0xFE, 0x20, 0x42, 0x0B, 0x6A, 0xD1, 0x31, 0x3E,
    0x1B, 0xAE, 0x4B, 0xB3, 0x61, 0xDA, 0x6C, 0xA5, 0x2A, 0x76, 0xEE, 0xDE, 0x3C, 0x93, 0x3A, 0x12,
    0x70, 0x90, 0x48, 0x90, 0x1F, 0x9F, 0x07, 0x84, 0x12, 0x98, 0xB9, 0x4E, 0x5C, 0x47, 0x2C, 0x11,
    0xD7, 0xC5, 0x1A, 0x6B, 0xAC, 0xEB, 0x8A, 0xEB, 0x80, 0x35, 0xE1, 0x0A, 0x6B, 0x39, 0x86, 0x7C,
    0xF1, 0x3C, 0xE4, 0xED, 0xE6, 0xBF, 0x66, 0x43, 0x7C, 0xF2, 0x44, 0xC9, 0x32, 0x2D, 0x66, 0x3A,
    0x3B, 0x55, 0x36, 0xC8, 0x05, 0xC9, 0x93, 0x3A, 0x89, 0xA7, 0x43, 0x60, 0x80, 0x94, 0x61, 0xB0,
    0x4A, 0x9D, 0x64, 0x6D, 0x1D, 0x48, 0x6F, 0x49, 0x2D, 0xB7, 0x12, 0xA6, 0x40, 0x87, 0x10, 0x11,
    0xA1, 0x62, 0xFB, 0x5C, 0xF9, 0x0C, 0xEE, 0x08, 0xCC, 0xF7, 0xE7, 0x8B, 0xDA, 0x54, 0xB0, 0xC4,
    0x06, 0xEA, 0x24, 0x57, 0xC9, 0x96, 0xAB, 0x63, 0x0C, 0xDD, 0xB4, 0xBB, 0xC7, 0x02, 0xF6, 0x6C,
    0xA1, 0x33, 0x7B, 0xF1, 0x87, 0x6B, 0xAC, 0x8E, 0x41, 0x15, 0xDF, 0x99, 0xEE, 0xC9, 0x45, 0x28,
    0xB5, 0xC1, 0x92, 0xAC, 0xF6, 0x49, 0xDE, 0x08, 0x44, 0xE9, 0xE5, 0x9D, 0x21, 0xEF, 0x0C, 0x79,
    0xA7, 0xC3, 0xCB, 0x07, 0xF2, 0x1E, 0x10, 0x9F, 0x2F, 0x4A, 0xB3, 0x10, 0xD7, 0x57, 0xCF, 0x8B,
    0x57, 0xB7, 0x5D, 0x2D, 0x5A, 0xB0, 0x9D, 0x10, 0xCF, 0x06, 0x21, 0x9E, 0x0E, 0x42, 0x37, 0x5E,
    0x61, 0x59, 0xCB, 0xC6, 0xBA, 0x8C, 0xB2, 0xBB, 0x44, 0x85, 0x12, 0x0B, 0xEC, 0xA7, 0xF2, 0x1C,
    0x53, 0x6B, 0x64, 0xB6, 0x00, 0xB3, 0x95, 0x30, 0x12, 0x39, 0xF3, 0x0D, 0x23, 0xA1, 0x21, 0xBB,
    0x10, 0x1A, 0xC2, 0x63, 0x27, 0xDC, 0x82, 0xFA, 0x49, 0xE9, 0x01, 0x82, 0x86, 0x70, 0xCC, 0x17,
    0x0F, 0x80, 0x04, 0x8C, 0x61, 0x2F, 0x64, 0xFD, 0xF7, 0x01, 0xE4, 0xC3, 0xA3, 0x6D, 0xD6, 0x49,
    0x18, 0x6A, 0xD3, 0x55, 0x51, 0x83, 0xF8, 0x62, 0x84, 0x63, 0x5A, 0x86, 0xA8, 0x88, 0xA1, 0x6A,
    0x12, 0x17, 0x55, 0x73, 0xC6, 0x0E, 0x60, 0x06, 0xBC, 0xD8, 0xF6, 0x85, 0xC8, 0xD5, 0xC5, 0xE5,
    0x6C, 0x0A, 0x31, 0xBB, 0xD4, 0xD5, 0x4A, 0x57, 0x64, 0x4B, 0x7A, 0xB0, 0x2D, 0x7F, 0x72, 0x9E,
    0xF7, 0x22, 0x16, 0x4E, 0x2A, 0xF1, 0xD4, 0x09, 0x60, 0x3B, 0x30, 0x27, 0x80, 0xC7, 0xC0, 0xA9,
    0x2A, 0xF3, 0x36, 0x83, 0x74, 0xB6, 0x2D, 0x6A, 0xDB, 0x52, 0x1D, 0xB6, 0x74, 0xDC, 0x68, 0xB0,
    0x8B, 0x49, 0x3D, 0xC8, 0xA6, 0x74, 0xA2, 0xC5, 0x58, 0xE5, 0x9D, 0x7A, 0xDC, 0xB2, 0x52, 0x72,
    0xCD, 0x3C, 0x6F, 0xC5, 0xE5, 0xCD, 0xD3, 0xA4, 0x27, 0xE9, 0x57, 0xA3, 0x5E, 0x2A, 0x3E, 0x5A,
    0x7B, 0x97, 0xFD, 0xE5, 0x8A, 0x06, 0x1E, 0xCD, 0xF1, 0x40, 0xEB, 0x4A, 0xD6, 0xC9, 0xA0, 0x26,
    0x20, 0x1A, 0x49, 0x95, 0x8B, 0xAC, 0xA3, 0xDB, 0x0A, 0x83, 0x1D, 0x85, 0x9E, 0x60, 0x1A, 0xB2,
    0x91, 0x70, 0x20, 0x1A, 0x6A, 0x46, 0x68, 0x00, 0x21, 0x6E, 0x84, 0x40, 0x88, 0x78, 0x6B, 0x8F,
    0xB7, 0xFA, 0xF9, 0xDE, 0xC9, 0xE0, 0x4F, 0x92, 0x70, 0xA2, 0x9E, 0xBF, 0x71, 0xFB, 0x60, 0x77,
    0xE1, 0x73, 0xC6, 0xF5, 0xA4, 0x8C, 0x24, 0xF8, 0x15, 0xE5, 0xC2, 0xF5, 0x91, 0x08, 0x65, 0xCB,
    0x5C, 0x94, 0xFB, 0xEA, 0x2C, 0xF6, 0x56, 0x7D, 0x5E, 0xC2, 0xD8, 0x2C, 0x21, 0x94, 0x0B, 0xF7,
    0x17, 0x14, 0xD5, 0xD6, 0xEF, 0x2B, 0xCD, 0xA2, 0x1E, 0x29, 0x05, 0x4E, 0x94, 0x42, 0xF1, 0xB7,
    0xE9, 0xBC, 0xF5, 0xEE, 0xE2, 0x0E, 0x4E, 0xEE, 0x0C, 0x1A, 0x6A, 0x9A, 0x78, 0x20, 0x2C, 0x66,
    0x4E, 0x7A, 0xFE, 0x12, 0x8D, 0x72, 0xD2, 0x32, 0x80, 0xA5, 0x1D, 0x8D, 0x3E, 0x1F, 0xB2, 0x16,
    0x40, 0x9D, 0x34, 0x6D, 0xD6, 0xA6, 0x57, 0xF7, 0xC4, 0xA3, 0x4C, 0x5E, 0xC7, 0xA2, 0xF6, 0x6A,
    0x8D, 0x70, 0x2A, 0xC9, 0xE0, 0x64, 0x5F, 0xD2, 0xEB, 0x22, 0xA7, 0xDD, 0x8D, 0xB2, 0xE7, 0x1B,
    0x10, 0x6E, 0xC3, 0xA1, 0xC5, 0x9E, 0xB6, 0xF9, 0xEF, 0x9B, 0x26, 0xA1, 0x11, 0x44, 0xAA, 0x4C,
    0x77, 0x3C, 0xF8, 0x2A, 0x10, 0xF0, 0x95, 0xE8, 0xAC, 0xE9, 0xE0, 0xB9, 0x33, 0xF3, 0x28, 0x88,
    0xDF, 0xFA, 0x89, 0xB7, 0x03, 0x52, 0xA1, 0xBE, 0x3D, 0x7B, 0xBB, 0xAB, 0x02, 0xA7, 0x57, 0xC5,
    0x0E, 0x7F, 0x2A, 0x0E, 0x26, 0x01, 0xEB, 0x8B, 0x4B, 0x87, 0xF0, 0x01, 0x46, 0x0A, 0x47, 0x0B,
    0x7F, 0x91, 0xDC, 0xC7, 0xBA, 0xF6, 0x5B, 0x35, 0xEB, 0x39, 0x85, 0x8C, 0x09, 0x70, 0x3C, 0xEF,
    0x68, 0x36, 0xBA, 0x67, 0xA2, 0x06, 0x79, 0xDE, 0xAD, 0x16, 0x57, 0xAF, 0x0B, 0xB3, 0xD1, 0xE4,
    0x59, 0x1F, 0x35, 0x50, 0x09, 0xEB, 0x2F, 0x0B, 0xE3, 0x76, 0x02, 0xB9, 0x52, 0xFD, 0x1C, 0x8C,
    0xC5, 0x43, 0x70, 0x59, 0xC9, 0x7B, 0xFD, 0x7C, 0xD6, 0xB4, 0x08, 0x27, 0xE7, 0xE2, 0xF3, 0xE6,
    0x1C, 0xFC, 0x22, 0x17, 0xD7, 0xDB, 0x03, 0xD9, 0x51, 0x38, 0xCE, 0xD6, 0x5B, 0xD0, 0x05, 0x1A,
    0x41, 0x5C, 0xCD, 0x57, 0x76, 0x85, 0x11, 0x8B, 0xD5, 0xD6, 0x0B, 0xA6, 0x61, 0xF8, 0x95, 0x2D,
    0x41, 0xAC, 0xC2, 0xCF, 0xA6, 0xA1, 0xC7, 0x2D, 0xE9, 0x6E, 0x13, 0x63, 0xCD, 0x28, 0x09, 0x5C,
    0xB8, 0xC5, 0xCF, 0x0B, 0xC7, 0x84, 0xF2, 0x74, 0xA4, 0x91, 0x4F, 0x14, 0xBD, 0x21, 0x80, 0xB0,
    0x9F, 0xB4, 0x87, 0x6F, 0x66, 0xF4, 0x23, 0x75, 0xA2, 0xBC, 0x5D, 0x68, 0x1A, 0x75, 0x0C, 0x9B,
    0x15, 0xEB, 0x96, 0xC2, 0x61, 0xCD, 0x66, 0x44, 0xCE, 0x64, 0x27, 0x71, 0xFA, 0xF4, 0xB9, 0xDE,
    0x49, 0x9F, 0xD7, 0x12, 0xE7, 0xE6, 0x33, 0x41, 0x5D, 0x48, 0x40, 0x02, 0x5D, 0x83, 0x6A, 0x47,
    0x8A, 0x9D, 0xB5, 0xFC, 0x14, 0xAF, 0x44, 0xC9, 0x64, 0x2A, 0xF9, 0x52, 0xF6, 0x4B, 0x1F, 0x23,
    0xD0, 0x41, 0x1B, 0xD9, 0xBF, 0xC1, 0xDB, 0x5F, 0xE4, 0xDF, 0xFC, 0xCF, 0xD0, 0xE5, 0x5B, 0x90,
    0xBE, 0x46, 0xF5, 0x54, 0x0A, 0xEF, 0xD6, 0x08, 0xEB, 0x95, 0x20, 0xD7, 0x2E, 0xA1, 0xBC, 0x89,
    0xBA, 0xDF, 0x8D, 0xF2, 0x5C, 0xEE, 0x5F, 0x8B, 0xF2, 0x40, 0x77, 0x0D, 0x74, 0xB3, 0xA3, 0xE8,
    0xDE, 0x79, 0x0C, 0x74, 0x63, 0x07, 0x74, 0x63, 0x28, 0xB5, 0x49, 0xAE, 0xA1, 0x0B, 0xD0, 0xA3,
    0xD9, 0x11, 0x5D, 0x47, 0x74, 0xB9, 0xAE, 0xE6, 0x1D, 0x74, 0x2B, 0xA2, 0x0B, 0xB3, 0x96, 0x2A,
    0x88, 0xE8, 0x3E, 0x25, 0xBA, 0xBF, 0x3D, 0x82, 0x6E, 0x0B, 0x5E, 0xC5, 0x8A, 0x2B, 0x46, 0xAC,
    0x80, 0x96, 0x68, 0x63, 0x7C, 0x29, 0xEF, 0xA3, 0xF1, 0x17, 0x55, 0x1D, 0x8D, 0x6F, 0x4A, 0x3C,
    0x5F, 0x8B, 0xCB, 0xC6, 0x2B, 0x61, 0x2D, 0x1E, 0x84, 0xB3, 0xE4, 0x3F, 0x90, 0xE6, 0x9F, 0x83,
    0x77, 0x99, 0x1D, 0xB4, 0x3E, 0x04, 0x5A, 0xBF, 0x42, 0xB1, 0x76, 0x17, 0xF9, 0xF6, 0x2E, 0x82,
    0x5E, 0x26, 0x44, 0xAB, 0x5C, 0xA2, 0xF6, 0xF2, 0x96, 0x6C, 0x3C, 0xD1, 0x7E, 0xB7, 0x50, 0xB0,
    0xB8, 0xB4, 0x6D, 0x74, 0xFE, 0x48, 0xA0, 0x48, 0x9C, 0x13, 0x28, 0x24, 0xCF, 0x08, 0x33, 0xB7,
    0x9A, 0x77, 0x0F, 0x0D, 0x6D, 0xBE, 0x0E, 0x85, 0x1A, 0xDA, 0x6A, 0x6B, 0x68, 0x5F, 0xDD, 0x60,
    0x68, 0x1D, 0xD2, 0x86, 0x64, 0x91, 0x8D, 0xA1, 0x15, 0xFB, 0x50, 0xD8, 0x03, 0x28, 0x6E, 0xD7,
    0xD7, 0xCA, 0x8B, 0x14, 0x69, 0x13, 0x09, 0xD0, 0xDC, 0xAA, 0xCE, 0xCA, 0xFD, 0x22, 0x42, 0x1E,
    0x41, 0xAC, 0x87, 0x81, 0x49, 0x36, 0x5C, 0x00, 0xB2, 0x14, 0x90, 0x15, 0x80, 0x4C, 0x58, 0x4D,
    0xA4, 0xCC, 0x16, 0xC8, 0x90, 0x0F, 0xA1, 0xE0, 0x5D, 0x03, 0x1B, 0x0F, 0x0C, 0xAC, 0xDD, 0x18,
    0x98, 0x40, 0x86, 0x6C, 0x38, 0xC1, 0xFD, 0x2D, 0x54, 0x29, 0x6E, 0x80, 0x12, 0x7D, 0xE4, 0x57,
    0xA6, 0x89, 0x15, 0x59, 0xD0, 0xA7, 0x49, 0x9F, 0x24, 0x7D, 0x8A, 0x2C, 0x5A, 0x26, 0x48, 0x5B,
    0x6B, 0xF8, 0xBF, 0xA3, 0xC1, 0x9F, 0x97, 0x4C, 0xA5, 0xD1, 0x6D, 0xA9, 0x91, 0xD1, 0xA9, 0x63,
    0x4D, 0xB3, 0x96, 0xA4, 0x95, 0x7E, 0xF1, 0xE9, 0xC5, 0x9A, 0x29, 0x34, 0x5E, 0x31, 0xE0, 0xC5,
    0x03, 0xB3, 0x5D, 0x32, 0x30, 0x1E, 0xC9, 0x4F, 0x4E, 0x43, 0x36, 0x70, 0x16, 0x1E, 0xB0, 0x29,
    0xAA, 0xED, 0x81, 0xA0, 0x21, 0xBC, 0xCA, 0x2F, 0x1A, 0x6B, 0x35, 0x97, 0x48, 0xF4, 0x6F, 0x2B,
    0xD1, 0x56, 0x63, 0xDE, 0xB8, 0x1C, 0x70, 0x21, 0x19, 0x52, 0xF6, 0x43, 0x7C, 0xB2, 0x03, 0x37,
    0xD9, 0x47, 0xB8, 0x3F, 0xFB, 0x10, 0xE4, 0xF2, 0x4F, 0x09, 0xBD, 0xF2, 0xDF, 0xD0, 0xBD, 0xC8,
    0x77, 0xC5, 0xB8, 0xDB, 0xB0, 0xD6, 0x59, 0x72, 0xFF, 0x89, 0xD1, 0x7D, 0x84, 0x2E, 0x23, 0x56,
    0x9A, 0xB0, 0xAE, 0x1E, 0x31, 0x01, 0x37, 0x21, 0xCC, 0x22, 0xD4, 0x75, 0x74, 0x52, 0xE8, 0xD3,
    0xAA, 0x5A, 0x2B, 0x2D, 0xD0, 0x1A, 0x75, 0xDE, 0x59, 0x3D, 0x77, 0x52, 0xCD, 0xB2, 0xD7, 0xA0,
    0xB1, 0x2E, 0x35, 0xC4, 0x4C, 0x1A, 0x63, 0xE6, 0xB3, 0xB3, 0xD7, 0x56, 0xE2, 0xF2, 0xF2, 0x19,
    0xE0, 0x85, 0xF8, 0x8A, 0xE7, 0x8B, 0x8B, 0x4B, 0x92, 0x03, 0x91, 0x98, 0x96, 0xC6, 0x20, 0xA4,
    0x8D, 0x13, 0x18, 0x02, 0x71, 0xA1, 0x75, 0x23, 0x0F, 0x4B, 0xE5, 0x41, 0x20, 0x02, 0x0F, 0x82,
    0x51, 0xA5, 0x5F, 0x3B, 0x95, 0x81, 0x8F, 0x6A, 0x3E, 0x45, 0xFA, 0xBC, 0xE8, 0xB3, 0xA2, 0xFF,
    0xCA, 0x5B, 0x63, 0x0E, 0x42, 0x1F, 0xB6, 0x9D, 0x48, 0x6D, 0x04, 0x31, 0x15, 0x48, 0xE5, 0x01,
    0xBF, 0x23, 0x76, 0x97, 0x1F, 0x65, 0x73, 0x41, 0x32, 0x7D, 0x72, 0xF1, 0x10, 0xC5, 0x99, 0xD3,
    0x2A, 0x11, 0x56, 0xD6, 0x6E, 0x1B, 0x40, 0xF0, 0x4F, 0x65, 0x0B, 0x6D, 0xCB, 0xC6, 0x4A, 0x65,
    0x80, 0x08, 0x13, 0x25, 0x18, 0x49, 0x6A, 0xDC, 0xE6, 0xD8, 0xC5, 0x73, 0x9B, 0x1A, 0x2A, 0x07,
    0xE4, 0x80, 0x8C, 0x5B, 0x29, 0x34, 0x6E, 0x08, 0xD8, 0x04, 0x70, 0x82, 0x86, 0x82, 0x8A, 0x82,
    0x8E, 0x82, 0x92, 0x70, 0x8D, 0xC4, 0xBC, 0x9A, 0xBC, 0x9E, 0x82, 0xA2, 0x82, 0xA6, 0xA4, 0xA7,
    0xA5, 0xAA, 0x82, 0xAE, 0x82, 0xB2, 0x82, 0xB6, 0x82, 0xBA, 0x94, 0x9D, 0x5A, 0xAF, 0x81, 0xB4,
    0xD7, 0x18, 0xAF, 0x1D, 0xB2, 0x35, 0x1D, 0x61, 0x6B, 0x57, 0x01, 0x6E, 0xAD, 0x5F, 0x2B, 0xAA,
    0xE0, 0xE2, 0x37, 0xD7, 0x8D, 0x6A, 0x34, 0x5E, 0x0D, 0x5E, 0x0F, 0x5E, 0x11, 0x5E, 0x13, 0x5E,
    0x15, 0xBB, 0x46, 0x35, 0x18, 0xAF, 0x0D, 0xAF, 0x0E, 0xAF, 0x8F, 0xE3, 0x46, 0x35, 0xF9, 0xE4,
    0x84, 0xDD, 0xE8, 0x4C, 0x59, 0x38, 0x91, 0xA2, 0x89, 0xA5, 0x0F, 0x1F, 0x9A, 0x43, 0x3F, 0x39,
    0xF9, 0x96, 0x52, 0xBB, 0x53, 0x1B, 0x74, 0x59, 0x05, 0x75, 0x36, 0x41, 0xA3, 0xCB, 0xA0, 0xD4,
    0x29, 0xE8, 0x75, 0xF4, 0xA5, 0x11, 0x1E, 0xCD, 0x9E, 0x3C, 0xD0, 0x47, 0xD9, 0x6F, 0x20, 0x72,
    0x64, 0xEC, 0x70, 0x56, 0x20, 0x97, 0x4F, 0x7C, 0x54, 0x72, 0xB2, 0xE3, 0xA3, 0x22, 0x46, 0x55,
    0x03, 0x7C, 0xC6, 0xE2, 0xAC, 0x53, 0x19, 0xC2, 0x49, 0xCE, 0xC2, 0x72, 0x09, 0xB5, 0x78, 0x4E,
    0xB3, 0xCE, 0x73, 0x8A, 0x06, 0x80, 0xE4, 0xF2, 0xCE, 0x73, 0x9A, 0xB7, 0x9E, 0xD3, 0x22, 0x78,
    0x83, 0xF5, 0xCD, 0x06, 0xE2, 0x83, 0xD9, 0x29, 0x0C, 0xE5, 0xB6, 0x29, 0x94, 0x3E, 0x41, 0x69,
    0x95, 0x7A, 0xD9, 0xF2, 0xA1, 0xD6, 0xBD, 0xD2, 0x08, 0xFA, 0xCA, 0xAC, 0x72, 0xFD, 0xA6, 0x3A,
    0xDB, 0x7E, 0x3C, 0x80, 0x8E, 0x93, 0x00, 0xE9, 0x9E, 0x1E, 0x6A, 0x85, 0xE6, 0x7B, 0x28, 0xDF,
    0x46, 0xB1, 0x17, 0x1A, 0x28, 0xB9, 0xC8, 0x0A, 0xB9, 0x05, 0xA4, 0x04, 0x2D, 0x55, 0x0F, 0xA5,
    0x94, 0x19, 0xF3, 0x4A, 0x87, 0xD8, 0xF9, 0x77, 0xF4, 0x56, 0x22, 0x42, 0xB2, 0x16, 0xF9, 0x90,
    0xA9, 0x84, 0xF7, 0x42, 0xB2, 0xB0, 0x8E, 0x71, 0xA4, 0xCF, 0xA2, 0x27, 0x57, 0x44, 0x05, 0xC3,
    0x21, 0x6D, 0xB8, 0x04, 0x11, 0x55, 0x56, 0x08, 0xB7, 0x3A, 0x4C, 0x08, 0x21, 0x43, 0x83, 0xBE,
    0x76, 0x83, 0x2F, 0x18, 0x56, 0x2B, 0xF9, 0xA5, 0x37, 0x80, 0xB5, 0xB6, 0xAE, 0xEF, 0x1C, 0x04,
    0x0E, 0xF9, 0x69, 0x45, 0xE9, 0xE5, 0x7A, 0x42, 0xEB, 0xCB, 0xAF, 0xCC, 0xB7, 0x85, 0x6C, 0xE7,
    0xE1, 0x7B, 0x43, 0x3A, 0x3F, 0xB9, 0x32, 0x48, 0x80, 0x95, 0x4D, 0x44, 0x1E, 0xFB, 0xC1, 0xC8,
    0x3C, 0x34, 0xE5, 0xAD, 0xA4, 0x87, 0xB9, 0x40, 0x96, 0x9D, 0xAD, 0xF4, 0x88, 0xB2, 0x96, 0x22,
    0xBA, 0xAC, 0xC2, 0xCE, 0x5C, 0x95, 0xA9, 0xA4, 0x0F, 0xAC, 0xD2, 0x9F, 0xC9, 0x1A, 0x8B, 0x68,
    0xA9, 0xEC, 0x62, 0x6B, 0xE9, 0x71, 0x07, 0xDB, 0xA6, 0x43, 0xDE, 0x17, 0xD2, 0xF7, 0x8A, 0x11,
    0x48, 0xB6, 0x71, 0xD2, 0xB4, 0x2E, 0x04, 0xDA, 0xD8, 0x7D, 0x01, 0x1E, 0x1A, 0xE7, 0x9E, 0xFC,
    0xD1, 0xBC, 0xA8, 0xEE, 0x70, 0xF2, 0x8A, 0xA3, 0x5C, 0xDF, 0x2B, 0xB5, 0x8F, 0x4D, 0xF0, 0x2F,
    0xF3, 0xA4, 0x7B, 0x74, 0xAA, 0x9A, 0x15, 0xE6, 0xCE, 0xDF, 0xC9, 0x7A, 0x29, 0x45, 0xA5, 0x61,
    0x75, 0x53, 0xD1, 0xE6, 0xBD, 0xB0, 0x54, 0xB4, 0x4B, 0xC9, 0xB3, 0xA5, 0x2C, 0x95, 0x59, 0x4A,
    0x9F, 0x64, 0x26, 0x2B, 0x36, 0x2D, 0xD8, 0x56, 0x68, 0x66, 0xAB, 0x44, 0xCA, 0x42, 0x7B, 0xB7,
    0xCF, 0x7B, 0xEB, 0xDA, 0x74, 0x3A, 0x9F, 0xD1, 0x93, 0xCF, 0x0F, 0xB4, 0xAE, 0x8F, 0x4E, 0x8B,
    0xD5, 0x1E, 0x4C, 0xDA, 0x82, 0x54, 0xB4, 0x70, 0xF6, 0x4A, 0x52, 0xAB, 0xDE, 0xE6, 0x4C, 0x0B,
    0xE8, 0xD5, 0x9B, 0x56, 0x24, 0xDE, 0xB4, 0x1C, 0x41, 0x1D, 0xBE, 0xE5, 0x6A, 0x7D, 0x0B, 0xB1,
    0x31, 0x53, 0x3F, 0xCB, 0x29, 0xB7, 0xF6, 0x5A, 0xED, 0xFC, 0xE2, 0xEF, 0x69, 0x37, 0xFA, 0xF4,
    0xBB, 0x49, 0x6F, 0x1F, 0x95, 0x80, 0xA9, 0x69, 0x09, 0x13, 0x46, 0x8B, 0x6E, 0xC6, 0x23, 0x6F,
    0xF2, 0xB9, 0x1F, 0xA8, 0x05, 0xEC, 0xAC, 0x76, 0x3B, 0xF3, 0x2A, 0xC8, 0x5C, 0xB1, 0x5B, 0x35,
    0x9F, 0x9C, 0xFA, 0x1A, 0x33, 0xC7, 0xD2, 0x7C, 0xFE, 0x73, 0x8C, 0x10, 0xBC, 0x18, 0xDB, 0xF9,
    0xC2, 0x76, 0xF4, 0x62, 0x8F, 0x94, 0xC0, 0x76, 0xC3, 0x36, 0xF9, 0x25, 0xBB, 0xD9, 0xF4, 0x3A,
    0x91, 0xEA, 0xC0, 0x25, 0xE2, 0x2B, 0x0C, 0x2F, 0x65, 0x7B, 0xCD, 0xA5, 0x0B, 0x0B, 0xB6, 0x8E,
    0x71, 0x47, 0x32, 0xED, 0x0C, 0x71, 0xDC, 0x58, 0x85, 0x65, 0xED, 0xC7, 0x56, 0x63, 0x30, 0xF7,
    0x63, 0xB3, 0xAB, 0xEC, 0xF9, 0xB3, 0xAB, 0x63, 0x33, 0x99, 0x30, 0x26, 0xF3, 0xBB, 0xC3, 0xF3,
    0x59, 0x98, 0x6B, 0xAF, 0x76, 0x6C, 0xFA, 0x73, 0x50, 0xF8, 0xFB, 0xCF, 0x3D, 0x06, 0x8B, 0x51,
    0x9A, 0x2C, 0x54, 0x31, 0xC2, 0x76, 0x0B, 0xCD, 0x5C, 0x5D, 0x9D, 0x7F, 0x7C, 0x75, 0xDE, 0x45,
    0xAE, 0x4B, 0x1F, 0xB7, 0xB0, 0x4E, 0x31, 0x5D, 0x09, 0x05, 0xF1, 0x64, 0x12, 0xCC, 0x3E, 0x04,
    0x63, 0xB1, 0x93, 0xAC, 0xC7, 0x44, 0x44, 0x12, 0x70, 0x87, 0xA5, 0x17, 0xA2, 0x12, 0x2C, 0x32,
    0xF4, 0x0C, 0x5C, 0x84, 0xB4, 0x4E, 0x35, 0xA5, 0xE1, 0xE7, 0x5C, 0x53, 0xFA, 0xB2, 0x5A, 0x27,
    0xBD, 0x6C, 0x51, 0xF0, 0xCD, 0xB1, 0xEF, 0x12, 0xFF, 0x34, 0xAC, 0x1D, 0x19, 0x38, 0xDD, 0xE9,
    0x92, 0xF2, 0x35, 0x68, 0xC9, 0xC6, 0xAD, 0xD6, 0xD3, 0x61, 0xBF, 0x03, 0x0F, 0x7D, 0x77, 0x68,
    0xBB, 0x43, 0x69, 0x11, 0x82, 0x6A, 0x51, 0xDF, 0x67, 0x95, 0x68, 0x74, 0x04, 0x95, 0x62, 0x3C,
    0xC0, 0x30, 0x6D, 0xC1, 0x58, 0x23, 0xCF, 0x4B, 0x14, 0x10, 0x61, 0xD6, 0x26, 0x41, 0x93, 0x17,
    0x23, 0xAC, 0x71, 0x74, 0xB0, 0x58, 0x21, 0x65, 0x5F, 0x8D, 0xA1, 0xBE, 0xA1, 0x13, 0x37, 0x6D,
    0xB0, 0xF3, 0x9B, 0x46, 0x82, 0x3B, 0x33, 0xCA, 0x8D, 0xB2, 0xB7, 0x7D, 0x9E, 0xE5, 0x00, 0xA8,
    0xD4, 0x6C, 0x50, 0xB4, 0x01, 0x8F, 0x59, 0xD8, 0x96, 0x07, 0x73, 0xD4, 0xFD, 0x59, 0x8B, 0x61,
    0x1A, 0xD0, 0x93, 0xDC, 0xD1, 0xEA, 0x9D, 0x69, 0xB7, 0x84, 0xC4, 0xC8, 0xBB, 0x9F, 0x21, 0xD0,
    0xA1, 0xA7, 0x89, 0x9F, 0x06, 0x45, 0xB3, 0x0B, 0x5B, 0xCC, 0xC1, 0x0C, 0x0E, 0x88, 0xC7, 0xCF,
    0x9C, 0x47, 0x26, 0x18, 0x49, 0xB4, 0x31, 0x33, 0x1B, 0x6E, 0x6F, 0xF0, 0x78, 0xC4, 0xEE, 0x07,
    0x5B, 0x8C, 0xC4, 0x7B, 0x42, 0xA1, 0x0F, 0x0D, 0xD5, 0x30, 0x1B, 0x08, 0x6D, 0x29, 0xA6, 0x25,
    0x95, 0xE2, 0xC7, 0x2C, 0x82, 0xDF, 0xA3, 0xC9, 0x81, 0x15, 0x36, 0xEB, 0x21, 0x55, 0x31, 0x94,
    0xDC, 0x7A, 0xED, 0xAB, 0x7B, 0x9C, 0x35, 0x8C, 0xF4, 0x0E, 0x59, 0x5F, 0xBE, 0x44, 0xD6, 0xF5,
    0x5A, 0xDB, 0x9B, 0x49, 0xEF, 0x04, 0x97, 0x9D, 0xC1, 0x28, 0x38, 0x6C, 0x28, 0x10, 0xEB, 0x41,
    0xB6, 0xC6, 0x3C, 0x61, 0x01, 0x4D, 0xEC, 0xB0, 0xE2, 0xE9, 0xD1, 0x17, 0x37, 0x9C, 0x45, 0x68,
    0xD9, 0x4D, 0x20, 0xDE, 0xA7, 0xFC, 0x4B, 0x92, 0xBC, 0x4F, 0x32, 0xF7, 0x49, 0xC0, 0xBE, 0xCF,
    0x55, 0x8B, 0x08, 0x9D, 0x38, 0xF5, 0x1B, 0x0B, 0xB2, 0x0C, 0x01, 0x15, 0x03, 0xD5, 0x49, 0xF3,
    0x6E, 0x79, 0x30, 0xBE, 0x5E, 0x1E, 0x9F, 0x94, 0x1B, 0x5F, 0x21, 0x00, 0x76, 0x67, 0x3C, 0xC3,
    0xE0, 0x95, 0x68, 0x8C, 0xAA, 0x84, 0x49, 0x65, 0xAD, 0xD4, 0x8A, 0x14, 0x51, 0x53, 0xBC, 0x4D,
    0x0E, 0xF2, 0xBF, 0x6A, 0xCC, 0xD4, 0xF1, 0x63, 0xAA, 0x65, 0x40, 0x3C, 0xEE, 0x96, 0x00, 0xB9,
    0x52, 0xB5, 0x9A, 0xF6, 0x67, 0xAB, 0x59, 0x95, 0xC0, 0x25, 0x3A, 0x03, 0xCB, 0xBA, 0x4C, 0x43,
    0x1E, 0xC9, 0x35, 0x54, 0x65, 0x34, 0xEA, 0xE0, 0x45, 0xEB, 0x1B, 0x81, 0x6E, 0xE1, 0xB4, 0x37,
    0x93, 0x2F, 0xF0, 0xE1, 0xBA, 0x23, 0x75, 0xBA, 0x6A, 0xC6, 0xBF, 0x61, 0xF0, 0xF2, 0x87, 0xAF,
    0xEA, 0x30, 0x21, 0xB3, 0x42, 0xC2, 0x93, 0xAC, 0x7E, 0xE2, 0x4D, 0xF7, 0x44, 0xCF, 0x12, 0x0C,
    0xC8, 0xA1, 0x0E, 0x31, 0x9B, 0xF5, 0xB6, 0x92, 0xD1, 0x54, 0x81, 0x19, 0xB0, 0x44, 0xF0, 0x9E,
    0x8D, 0x32, 0x03, 0xE3, 0x67, 0xC0, 0xC3, 0xBE, 0xA5, 0x25, 0xF4, 0x44, 0x01, 0x1A, 0xF2, 0x6F,
    0xA9, 0x79, 0x49, 0x09, 0xF2, 0x64, 0x76, 0x43, 0xF9, 0x9E, 0x6C, 0xC7, 0x57, 0xE1, 0xCD, 0x44,
    0xAB, 0xE1, 0x39, 0x1E, 0x18, 0xA0, 0x13, 0x7E, 0xA1, 0x2C, 0x60, 0x35, 0xDB, 0x6B, 0x1D, 0xE8,
    0xAB, 0xC0, 0xD6, 0xD7, 0x80, 0xBE, 0x02, 0x0C, 0xF5, 0x1F, 0x84, 0x81, 0x0B, 0xF7, 0xC4, 0x20,
    0x54, 0x7E, 0x5A, 0xF7, 0xF9, 0xAA, 0xCF, 0xD7, 0x7C, 0x72, 0x73, 0x34, 0x6E, 0x4A, 0x54, 0x5F,
    0xED, 0xF9, 0xAA, 0x74, 0x36, 0xDE, 0x9A, 0xB9, 0xAD, 0xD6, 0xA3, 0xAC, 0x46, 0xB7, 0x3C, 0xA0,
    0xFA, 0x75, 0xA5, 0x7E, 0xF9, 0xFF, 0xCC, 0xEE, 0x0B, 0x20, 0x9F, 0x70, 0xC6, 0xDD, 0xAF, 0x50,
    0x5E, 0xAD, 0xF7, 0x87, 0xB6, 0xDB, 0xCC, 0x34, 0xC7, 0x2B, 0x59, 0xA7, 0x78, 0x10, 0x0F, 0xFC,
    0x3D, 0x22, 0x4D, 0x07, 0xB1, 0xB3, 0x56, 0x63, 0x36, 0x4E, 0x0A, 0x8D, 0xD7, 0x35, 0xC7, 0x2E,
    0x25, 0x63, 0xF6, 0xE6, 0x25, 0x1D, 0x69, 0x37, 0x24, 0x3D, 0x63, 0x5D, 0x30, 0x38, 0xC7, 0x5C,
    0xB3, 0x11, 0xBF, 0xDC, 0xC7, 0x0B, 0x9B, 0x5F, 0xAF, 0xE7, 0x53, 0x14, 0xA2, 0xA2, 0xC8, 0xDC,
    0x95, 0xA8, 0xC5, 0x4E, 0xF7, 0x5D, 0xFD, 0xC6, 0x77, 0x42, 0x8C, 0x44, 0x84, 0xA4, 0xA2, 0x13,
    0x35, 0xC4, 0x79, 0x26, 0xCC, 0xFA, 0xAE, 0x82, 0x7D, 0x33, 0xBA, 0xE7, 0x1A, 0x52, 0xF2, 0xAD,
    0x02, 0x57, 0xB6, 0xA2, 0xF2, 0x78, 0x45, 0x44, 0x1B, 0x6A, 0xB3, 0x31, 0x1C, 0x51, 0x3C, 0x7A,
    0xDD, 0xB5, 0x7E, 0x44, 0x2C, 0x65, 0x2C, 0x46, 0xC7, 0x17, 0xEF, 0xD8, 0xAF, 0xFB, 0x06, 0x2C,
    0x62, 0xE0, 0xD7, 0x75, 0xE1, 0xAE, 0xBF, 0xEA, 0xBA, 0x16, 0xC1, 0x8A, 0x9D, 0x32, 0x28, 0x7C,
    0x32, 0xFF, 0x6A, 0x24, 0xEB, 0x89, 0x34, 0x4B, 0xE7, 0x02, 0x08, 0xA3, 0x5E, 0xAE, 0x01, 0x6E,
    0x29, 0x4C, 0x38, 0xA9, 0xF6, 0x62, 0x27, 0x06, 0x9D, 0x23, 0x11, 0xCF, 0x4B, 0xF1, 0xFF, 0xB5,
    0x60, 0xEC, 0xEA, 0x71, 0x3F, 0xCF, 0x6F, 0x13, 0x0B, 0x0B, 0x0F, 0x2C, 0x29, 0x03, 0xEF, 0x8D,
    0x85, 0x82, 0xDF, 0xE0, 0xEB, 0xA0, 0x9B, 0xEF, 0xA1, 0xFB, 0x33, 0xA0, 0x6B, 0xFE, 0x44, 0x74,
    0xD7, 0x31, 0x70, 0x5D, 0x01, 0xDD, 0x08, 0x2F, 0x7B, 0x9A, 0xC5, 0x00, 0x74, 0x3F, 0x79, 0x7A,
    0x88, 0xEE, 0x65, 0xC7, 0x89, 0x16, 0x84, 0x33, 0x59, 0x0D, 0x74, 0xB3, 0xBA, 0xE2, 0x5C, 0x17,
    0x6C, 0xE5, 0x7B, 0xE8, 0x5E, 0x7B, 0xBF, 0xF8, 0x4C, 0xB4, 0x7E, 0x24, 0x99, 0xD9, 0xBE, 0xD2,
    0x0B, 0x5A, 0x71, 0x2F, 0x68, 0xDD, 0xF9, 0x58, 0xD0, 0x7A, 0xFB, 0xD3, 0x7D, 0xB4, 0x3A, 0xB8,
    0x0F, 0x3B, 0x2D, 0xCE, 0xCF, 0x80, 0xD6, 0x0F, 0x81, 0xD6, 0x4B, 0xFB, 0x6F, 0xE6, 0xD2, 0x67,
    0xBF, 0x23, 0xBE, 0x96, 0x86, 0xC2, 0xBB, 0x57, 0xBC, 0xCE, 0x98, 0x38, 0xAA, 0x66, 0x33, 0x15,
    0xB9, 0xF9, 0xA1, 0x93, 0xEC, 0x5B, 0x9A, 0xA6, 0x04, 0x29, 0xF6, 0x10, 0x58, 0xFF, 0x2F, 0xA8,
    0xC7, 0x43, 0x43, 0x96, 0x07, 0xFF, 0x07, 0xE5, 0x59, 0x3D, 0x93, 0xDC, 0x58, 0x15, 0x7D, 0x92,
    0x6C, 0x0B, 0xAC, 0x40, 0x0E, 0x76, 0x12, 0x08, 0x44, 0x40, 0x40, 0x6D, 0xA2, 0x5F, 0xC0, 0x3C,
    0x39, 0x22, 0x9D, 0xC0, 0xBD, 0x5B, 0xC5, 0x04, 0x26, 0x80, 0x2A, 0x8A, 0xC4, 0x09, 0xE9, 0xCC,
    0x6B, 0xC3, 0x0F, 0x60, 0x03, 0x76, 0x7F, 0x01, 0x24, 0xE3, 0x60, 0xF8, 0x01, 0x9E, 0x96, 0x76,
    0x09, 0x09, 0x68, 0x6A, 0xCB, 0x24, 0x04, 0xDB, 0xC5, 0xAE, 0x13, 0x6F, 0x80, 0x96, 0x12, 0xE5,
    0x9E, 0xB1, 0xA4, 0xC7, 0x39, 0xF7, 0x3E, 0xF5, 0xC7, 0xD8, 0x5E, 0x8A, 0x2A, 0x30, 0xB5, 0x4B,
    0x4F, 0x59, 0xAF, 0xAD, 0x6E, 0xBD, 0x77, 0xEE, 0xB9, 0xDF, 0xB7, 0xCD, 0xAD, 0xB9, 0x31, 0x26,
    0x6F, 0x70, 0x29, 0x78, 0x29, 0xF9, 0x5F, 0x2B, 0x97, 0x8A, 0x17, 0xFC, 0x33, 0x8E, 0x97, 0x85,
    0xB9, 0x67, 0xCC, 0x90, 0xF9, 0xB9, 0xE9, 0x9D, 0x6F, 0xCD, 0x30, 0xDC, 0xEF, 0x22, 0xBF, 0x4C,
    0xD6, 0xB1, 0xAF, 0x92, 0x75, 0x32, 0x1A, 0x5C, 0x7A, 0x93, 0x74, 0x69, 0x87, 0x4B, 0xD6, 0x9A,
    0xB4, 0xCD, 0x56, 0x26, 0x6B, 0xF3, 0xA5, 0xC9, 0x56, 0xD8, 0x3D, 0x5F, 0x62, 0xF7, 0xBC, 0xC1,
    0xEE, 0x45, 0x83, 0xDD, 0xCB, 0x06, 0xBB, 0xDB, 0xB9, 0xE5, 0x29, 0x8E, 0xA7, 0x2C, 0x78, 0xCA,
    0xC0, 0x53, 0xB6, 0xAF, 0xD4, 0xAF, 0xB9, 0xD4, 0xDE, 0x03, 0x49, 0xE2, 0xBD, 0x5F, 0x02, 0xE8,
    0x60, 0xCA, 0x16, 0x0F, 0x60, 0xDB, 0xCE, 0x18, 0x7C, 0x90, 0x74, 0x26, 0xC6, 0x73, 0x58, 0x12,
    0x7C, 0x3B, 0xED, 0x2C, 0xCE, 0xC6, 0xB9, 0x27, 0xF9, 0x0A, 0xB2, 0xB4, 0x17, 0x38, 0x35, 0xF2,
    0xCD, 0xA2, 0x6C, 0xA2, 0x73, 0x5F, 0x61, 0x27, 0x8F, 0x3D, 0x2D, 0x97, 0xB9, 0xB9, 0xE5, 0xFD,
    0xB3, 0xA3, 0x49, 0xBA, 0xD7, 0x2D, 0x95, 0x2C, 0xC2, 0x07, 0x96, 0x46, 0x96, 0xA2, 0x95, 0x05,
    0x50, 0xA2, 0xDF, 0x11, 0xD8, 0xB3, 0x9A, 0x37, 0xB0, 0x27, 0x97, 0xC2, 0x8F, 0xF2, 0xCC, 0x4C,
    0x9F, 0x3C, 0xA8, 0x36, 0x82, 0x94, 0x7E, 0xA4, 0x34, 0x4F, 0xBC, 0x21, 0x62, 0xC8, 0x0F, 0xC0,
    0xB6, 0x22, 0x5E, 0x5B, 0x9D, 0x80, 0xA7, 0xDA, 0x5C, 0x94, 0x0D, 0x3E, 0xA9, 0xDD, 0x07, 0xB5,
    0x82, 0x5C, 0x62, 0x37, 0x7F, 0xC9, 0x87, 0x8E, 0xB6, 0x98, 0x76, 0xAF, 0x8A, 0xAB, 0x5C, 0x9A,
    0x1F, 0x01, 0xCE, 0xE5, 0x71, 0xCB, 0xA3, 0x04, 0x45, 0xED, 0xF9, 0xC9, 0xCD, 0x23, 0xF3, 0x75,
    0xA1, 0x73, 0xD0, 0x27, 0x7B, 0xB9, 0x46, 0xBA, 0xC4, 0x22, 0x0F, 0xB1, 0xCA, 0xA2, 0xDB, 0xA4,
    0xED, 0xAE, 0xCC, 0xFF, 0x5B, 0xFE, 0xF1, 0xC1, 0xE4, 0x51, 0xEA, 0x4D, 0xEA, 0x4E, 0xE1, 0xE1,
    0xDA, 0xA8, 0x5B, 0x51, 0x76, 0xDF, 0xE3, 0xA8, 0x1E, 0x1C, 0xBE, 0x67, 0x0C, 0x51, 0x0E, 0x2A,
    0x2B, 0x05, 0xA5, 0x94, 0x14, 0x51, 0xFE, 0xB5, 0x2A, 0x20, 0x5C, 0x0B, 0x1E, 0xA5, 0x6E, 0x4B,
    0xAF, 0x2D, 0x1B, 0x3D, 0x86, 0x87, 0xD8, 0x70, 0x00, 0x37, 0x0E, 0x5B, 0xDD, 0xC2, 0x4A, 0x9F,
    0xAD, 0xFD, 0x4A, 0xCE, 0xFC, 0x9E, 0xF9, 0x96, 0xB2, 0x73, 0x12, 0x00, 0xE1, 0x81, 0xE0, 0x78,
    0xD6, 0x2B, 0xB7, 0x80, 0xA4, 0xDF, 0x35, 0xD1, 0x4F, 0xCC, 0x2B, 0x5F, 0x11, 0x2C, 0xA5, 0x13,
    0x74, 0x74, 0x7B, 0xB1, 0x9F, 0x81, 0x00, 0x0B, 0xE0, 0x3A, 0x25, 0x4A, 0x47, 0x40, 0x84, 0x3A,
    0x0A, 0x09, 0xF9, 0x32, 0xE9, 0x25, 0xD2, 0xE0, 0x8F, 0x14, 0x65, 0x88, 0x08, 0xC4, 0x8D, 0xAF,
    0x16, 0x4D, 0x5D, 0x89, 0x22, 0xCB, 0x87, 0x83, 0x6C, 0xBD, 0xB6, 0x3F, 0x50, 0xDD, 0x8E, 0xF5,
    0xB9, 0xC2, 0x80, 0x36, 0xC4, 0x5A, 0x62, 0x2F, 0xE6, 0x8B, 0xA7, 0x2E, 0x47, 0x27, 0xC4, 0xE6,
    0xAB, 0x41, 0x02, 0x17, 0xCC, 0xA9, 0xCF, 0x85, 0x70, 0x1F, 0xF5, 0xB4, 0x5A, 0x13, 0xF7, 0xF1,
    0x5A, 0x8C, 0x23, 0xEB, 0x92, 0x4E, 0x8C, 0xA5, 0x58, 0x25, 0xAD, 0x18, 0x8F, 0x9B, 0x03, 0x29,
    0xCF, 0xF2, 0x82, 0x14, 0x67, 0xF7, 0x44, 0x0A, 0xFE, 0x80, 0x0D, 0xBB, 0x80, 0x4C, 0x28, 0x0F,
    0xF4, 0x62, 0xEB, 0x9A, 0x31, 0xCB, 0xE4, 0x2B, 0x35, 0xB2, 0x28, 0x18, 0x5D, 0x1B, 0x77, 0xC1,
    0x08, 0xB3, 0x60, 0x71, 0x01, 0x21, 0x80, 0x8C, 0x13, 0x45, 0xD5, 0xBE, 0x2D, 0xCA, 0xF5, 0x66,
    0x65, 0x40, 0x2D, 0xB6, 0x86, 0x99, 0x53, 0xED, 0x4D, 0x0A, 0xCD, 0xBC, 0x33, 0x92, 0xA1, 0xCB,
    0x23, 0x5A, 0x45, 0x59, 0x89, 0x63, 0x58, 0xFC, 0x39, 0xB5, 0x1C, 0x2B, 0x50, 0xF1, 0x81, 0x53,
    0xCB, 0x2F, 0xAB, 0x85, 0xDA, 0xBE, 0x7D, 0x7F, 0x7C, 0xB7, 0x53, 0xB5, 0xA9, 0xDD, 0x6D, 0xDF,
    0xB8, 0x77, 0x86, 0x63, 0x81, 0x8C, 0xAF, 0x66, 0xF2, 0x66, 0x40, 0x5C, 0x5E, 0x89, 0xF7, 0x24,
    0xAD, 0x60, 0x46, 0xB0, 0x6E, 0xC5, 0x5D, 0xF2, 0x36, 0x5D, 0xD1, 0xDD, 0x0F, 0xEA, 0x26, 0x5B,
    0xC6, 0xE3, 0x3D, 0xEC, 0x42, 0x80, 0xF0, 0x1A, 0xB7, 0xE6, 0x9B, 0x72, 0x6D, 0x6E, 0xAA, 0x40,
    0x47, 0xD4, 0x1B, 0x95, 0x0E, 0x8E, 0xF2, 0x8E, 0xBC, 0x80, 0x26, 0x72, 0x54, 0x01, 0x3F, 0x03,
    0x87, 0xAD, 0x68, 0x08, 0x56, 0x4C, 0xDF, 0xF1, 0xB6, 0xA9, 0x79, 0xDB, 0x2C, 0x78, 0xDB, 0x0C,
    0xE2, 0x11, 0x3D, 0x6F, 0x47, 0xE3, 0xA8, 0xEA, 0x5C, 0x6B, 0x30, 0x82, 0x3B, 0xFA, 0x33, 0x78,
    0x1C, 0xF4, 0x52, 0x32, 0x7B, 0x98, 0x74, 0x4D, 0x8D, 0xC4, 0xBD, 0x18, 0xFA, 0x20, 0xD7, 0x51,
    0x8C, 0x7D, 0xBA, 0xD2, 0xE0, 0x47, 0x31, 0xF9, 0x51, 0xCC, 0x78, 0x24, 0x5D, 0x91, 0x30, 0x15,
    0x0B, 0x4D, 0x62, 0x6F, 0x62, 0x98, 0x53, 0x90, 0x71, 0x4B, 0x13, 0xE1, 0x4C, 0x9C, 0xF5, 0xAC,
    0x1E, 0xE5, 0xDC, 0x4E, 0x30, 0x54, 0xFB, 0xC1, 0x72, 0x40, 0xC4, 0x83, 0x55, 0x23, 0xCA, 0xF5,
    0xD0, 0x47, 0xD4, 0x63, 0x3B, 0x51, 0x33, 0x0C, 0xB4, 0x01, 0x40, 0x38, 0x6E, 0xFA, 0x77, 0xEC,
    0x9D, 0x7D, 0x4E, 0x57, 0x64, 0x54, 0xC9, 0x19, 0x2B, 0xF2, 0xCF, 0xEE, 0x93, 0x11, 0x9C, 0x0A,
    0x64, 0x02, 0xAC, 0xE6, 0xC5, 0x11, 0x9C, 0x23, 0x36, 0xB7, 0xC9, 0x72, 0xE2, 0xFA, 0xA3, 0x09,
    0x8E, 0x2E, 0x68, 0xC9, 0x3F, 0x8D, 0xEF, 0x1B, 0xC6, 0xC1, 0x3A, 0xFE, 0x86, 0xF8, 0x91, 0x73,
    0xE7, 0x74, 0x72, 0x43, 0xD1, 0xBB, 0xE0, 0xA5, 0x8E, 0xB9, 0x38, 0xD5, 0xF4, 0xC2, 0x88, 0x32,
    0x07, 0xB5, 0x50, 0xA5, 0x8B, 0xAC, 0x35, 0xB2, 0x27, 0xA9, 0x82, 0x0F, 0xD0, 0xD1, 0xC0, 0x29,
    0xE3, 0x95, 0x9A, 0x39, 0xBF, 0xE6, 0x34, 0xF1, 0x3B, 0x4D, 0xFD, 0x0B, 0x8D, 0x67, 0x83, 0xC6,
    0xAA, 0x41, 0x82, 0x82, 0x98, 0xDB, 0x42, 0x01, 0x0E, 0xE2, 0xEB, 0x51, 0xAF, 0x81, 0x68, 0xAD,
    0xB1, 0xA8, 0x93, 0x70, 0x04, 0xD8, 0xC4, 0x40, 0x8F, 0x59, 0x99, 0xB7, 0x05, 0xFA, 0x1C, 0x26,
    0x84, 0xC5, 0x58, 0x3C, 0x53, 0x8C, 0x34, 0x7A, 0x63, 0x1E, 0xAB, 0x0D, 0xED, 0x45, 0xED, 0xE0,
    0x3C, 0xEA, 0xB8, 0x53, 0x46, 0x70, 0x7B, 0x7E, 0xA3, 0xB1, 0x97, 0xCE, 0x95, 0x88, 0x8B, 0xE5,
    0x57, 0xF0, 0x48, 0x84, 0x19, 0x0D, 0x78, 0x94, 0x45, 0x28, 0x06, 0x40, 0x27, 0x04, 0x2C, 0x24,
    0x66, 0x6A, 0x12, 0xEB, 0x29, 0x36, 0xA5, 0xC8, 0x56, 0xBC, 0xE6, 0x0D, 0x65, 0x80, 0x8E, 0x68,
    0xA3, 0x15, 0x25, 0x70, 0x14, 0x20, 0x1A, 0x89, 0xE3, 0x01, 0x48, 0x43, 0x52, 0x6B, 0x09, 0x1B,
    0x27, 0xE4, 0x63, 0x08, 0x91, 0x9B, 0xBC, 0x13, 0x75, 0xDB, 0x3C, 0x93, 0x8A, 0x5A, 0xA4, 0x6C,
    0x12, 0x43, 0x84, 0x57, 0xC0, 0x2D, 0x45, 0x0E, 0x20, 0x22, 0xEB, 0x56, 0x43, 0xB3, 0xD3, 0xCF,
    0x6B, 0x13, 0x2C, 0x35, 0x40, 0x0D, 0x58, 0x79, 0x9F, 0xC0, 0x14, 0xB3, 0x80, 0xC6, 0x32, 0xCE,
    0x66, 0x70, 0xEB, 0xC8, 0x8B, 0x2F, 0xC7, 0xBA, 0x24, 0xE3, 0xD9, 0x19, 0x62, 0x21, 0x91, 0xE7,
    0xE2, 0x25, 0x3C, 0x9C, 0xE4, 0xE3, 0x10, 0xBA, 0x75, 0xD9, 0xC8, 0xE1, 0x38, 0xEB, 0xDF, 0xC2,
    0x30, 0xA5, 0xD2, 0xFE, 0x55, 0x4A, 0x59, 0x6D, 0x94, 0xA2, 0x5E, 0x63, 0xD2, 0xD1, 0x0F, 0x92,
    0x4F, 0xC5, 0x00, 0x83, 0xE3, 0xEC, 0x97, 0x19, 0xC3, 0x64, 0x3E, 0x56, 0xE4, 0x73, 0x41, 0x3C,
    0x95, 0x8E, 0xFB, 0xF7, 0x04, 0x8F, 0x9B, 0xC0, 0x8E, 0x53, 0xB3, 0xAB, 0xB3, 0x47, 0x70, 0x74,
    0xCF, 0x1D, 0x73, 0x11, 0x54, 0xC5, 0x52, 0xA9, 0x28, 0xCD, 0x8A, 0x56, 0x09, 0x99, 0x18, 0x9B,
    0x9B, 0x20, 0x91, 0x0A, 0xB4, 0xD8, 0x39, 0x6A, 0x93, 0x55, 0x17, 0x13, 0x8A, 0x49, 0x36, 0x12,
    0x1A, 0x55, 0x4C, 0x39, 0xF1, 0xC8, 0x92, 0x47, 0x51, 0x47, 0x5A, 0x0C, 0xE9, 0xEB, 0x3F, 0xA7,
    0xBC, 0xEE, 0xBF, 0xA6, 0x3C, 0x15, 0x96, 0x19, 0x83, 0x18, 0xC0, 0x16, 0x31, 0xF8, 0x50, 0xF3,
    0xA8, 0xF7, 0xA8, 0x35, 0x86, 0x7A, 0x63, 0x2A, 0xB9, 0xC6, 0x3D, 0xFD, 0xAE, 0xAF, 0x67, 0xF1,
    0x37, 0xA6, 0xAE, 0x51, 0x24, 0x18, 0xE4, 0x28, 0x05, 0xF3, 0x1A, 0x6F, 0x2A, 0x76, 0xCA, 0x25,
    0xA7, 0x5F, 0xB0, 0xC2, 0x95, 0x13, 0xAA, 0x6A, 0x31, 0xCB, 0x31, 0x64, 0x05, 0x12, 0xC4, 0x1C,
    0x4A, 0x84, 0x38, 0x3D, 0x5E, 0x4F, 0x75, 0x9D, 0xE8, 0xC2, 0x49, 0xD0, 0xAB, 0xA7, 0x2B, 0x1E,
    0xAF, 0x19, 0x38, 0x8C, 0x7B, 0x72, 0x8C, 0x40, 0x62, 0xA5, 0xA6, 0x80, 0x2C, 0x0F, 0xB0, 0xC9,
    0xD9, 0x7B, 0xF6, 0x4B, 0xCB, 0xB4, 0x71, 0x6B, 0x56, 0xAE, 0xDF, 0x5E, 0xEB, 0xF5, 0xE6, 0x76,
    0x88, 0x11, 0xFD, 0xB6, 0x32, 0x4D, 0x76, 0x24, 0x4C, 0xF6, 0xCB, 0x52, 0xC9, 0x9F, 0x2F, 0xF5,
    0x45, 0xD2, 0x12, 0x55, 0x92, 0xF0, 0x71, 0x2C, 0x74, 0xE1, 0x71, 0x49, 0x10, 0x44, 0xE7, 0xA0,
    0xCF, 0xBE, 0x18, 0x11, 0xE3, 0x7D, 0x87, 0x5C, 0xE4, 0x1F, 0xF6, 0x7B, 0x69, 0x43, 0x0E, 0x92,
    0x13, 0x68, 0x10, 0x11, 0x53, 0x46, 0x4C, 0x53, 0xBF, 0xF6, 0xA1, 0xE4, 0x7A, 0x29, 0x01, 0x24,
    0xDC, 0x0A, 0xDD, 0x99, 0x54, 0xC6, 0x50, 0x26, 0x37, 0xB3, 0xC8, 0x5F, 0x5C, 0x11, 0x03, 0xCB,
    0x81, 0x1B, 0x21, 0x63, 0x5C, 0xE0, 0xE1, 0x17, 0x58, 0x4F, 0xF1, 0xFC, 0xE7, 0x50, 0xEE, 0x21,
    0x1E, 0xFC, 0xE3, 0xD2, 0x9C, 0x52, 0xB3, 0xBF, 0x42, 0xD6, 0x60, 0x0B, 0x07, 0x11, 0x06, 0xAC,
    0x0B, 0x48, 0xD1, 0xD3, 0x8E, 0x40, 0x65, 0x5F, 0xA2, 0x3A, 0xB4, 0x55, 0xB4, 0x2E, 0x11, 0x66,
    0x2D, 0x08, 0x29, 0xAA, 0x6C, 0x09, 0x61, 0xBA, 0x62, 0x5E, 0x34, 0x0B, 0xE0, 0xC9, 0xE7, 0xAC,
    0x6A, 0xD2, 0x36, 0x6F, 0x4E, 0xB9, 0x82, 0x8B, 0x1E, 0xDC, 0x65, 0xCB, 0xFC, 0xC3, 0x75, 0xC4,
    0xEC, 0x95, 0xFD, 0xBE, 0x65, 0x99, 0xD1, 0x64, 0x7F, 0x59, 0x26, 0x4C, 0xAB, 0xE9, 0x27, 0x0D,
    0x4B, 0x83, 0x79, 0xEA, 0x2B, 0x26, 0xB2, 0x0A, 0xB4, 0xB0, 0x72, 0x37, 0x09, 0x49, 0x69, 0x2C,
    0x65, 0x45, 0xF4, 0x76, 0x94, 0x14, 0xF1, 0xDB, 0xEC, 0xC4, 0xEE, 0xA9, 0x6B, 0x98, 0xFA, 0x85,
    0x4D, 0x8B, 0x10, 0xE2, 0x9B, 0x24, 0xC7, 0x9D, 0xB6, 0x64, 0xF7, 0x85, 0x5C, 0x16, 0x63, 0x37,
    0xD8, 0x49, 0xAA, 0x0B, 0xB2, 0x02, 0x1A, 0x20, 0x53, 0x20, 0x1B, 0x3E, 0x87, 0x09, 0x3D, 0x36,
    0xC9, 0xF3, 0xA5, 0x39, 0x81, 0x93, 0x7C, 0xBA, 0x34, 0x3D, 0xBC, 0xE4, 0xD3, 0x55, 0xFC, 0xC5,
    0xDA, 0xA4, 0x1F, 0xAF, 0x92, 0xBF, 0xA2, 0x26, 0xFE, 0xA8, 0x85, 0x18, 0x26, 0xFF, 0xA8, 0xCD,
    0x7F, 0x89, 0xE5, 0x61, 0x6B, 0x59, 0x1F, 0xDF, 0xED, 0x4E, 0x60, 0xEF, 0x65, 0xD5, 0xF5, 0x88,
    0x3B, 0xA5, 0xB9, 0xEC, 0xC4, 0x4F, 0x5E, 0x80, 0x09, 0x73, 0x88, 0x23, 0x60, 0xFF, 0x27, 0xC8,
    0x3F, 0x38, 0xE1, 0x82, 0xC5, 0x60, 0x0F, 0xF4, 0xA7, 0x92, 0x46, 0x29, 0x81, 0x22, 0x4F, 0x56,
    0x9B, 0xB0, 0xB5, 0xE3, 0xF6, 0xA1, 0xB7, 0x32, 0x9B, 0x30, 0xF8, 0x66, 0xBB, 0x8A, 0x9F, 0x6A,
    0x53, 0xF1, 0x78, 0x9A, 0x16, 0x0C, 0x5A, 0x8E, 0x0A, 0xF0, 0x42, 0xBF, 0xF2, 0xCA, 0x56, 0x22,
    0x84, 0xA6, 0x54, 0x97, 0x5C, 0x97, 0x42, 0x5D, 0x8A, 0xD6, 0x87, 0xD7, 0xE9, 0xA9, 0xAA, 0xF1,
    0x54, 0xBF, 0x6F, 0xD5, 0xB9, 0xAC, 0xA6, 0x2A, 0xAB, 0x1C, 0x58, 0x0D, 0x7D, 0xE2, 0xBF, 0x4E,
    0xDD, 0x58, 0x4B, 0x44, 0x8D, 0x0C, 0xB0, 0x93, 0x19, 0xFD, 0x3C, 0xD5, 0x46, 0x22, 0xD7, 0xA5,
    0x7C, 0x76, 0x76, 0xDE, 0x88, 0x80, 0x94, 0xBB, 0x36, 0x21, 0xAA, 0x84, 0xC2, 0x93, 0x0B, 0xF9,
    0x01, 0x37, 0xB9, 0x52, 0xC4, 0xDE, 0x86, 0xD6, 0xD7, 0x28, 0x69, 0x11, 0x0B, 0x8C, 0xA8, 0x63,
    0x45, 0xD3, 0x93, 0x40, 0x69, 0xA9, 0x4B, 0x49, 0x8A, 0xD5, 0x6E, 0xD1, 0x9F, 0xF8, 0xD5, 0x21,
    0x35, 0x71, 0x61, 0xDC, 0xD3, 0x8B, 0x1E, 0x5E, 0x5D, 0xF4, 0xA8, 0x12, 0xF3, 0x35, 0xCB, 0xA7,
    0x0E, 0x56, 0x88, 0x0E, 0x68, 0x89, 0x0B, 0xF8, 0x86, 0x38, 0x8C, 0xA1, 0x02, 0x48, 0xD2, 0x00,
    0xDD, 0x8B, 0x17, 0xC7, 0x59, 0x09, 0xAA, 0xAA, 0x0A, 0x79, 0xD8, 0x36, 0x19, 0xB6, 0xF8, 0x47,
    0x6D, 0xA9, 0xE1, 0x43, 0xBA, 0xFA, 0xF7, 0x8D, 0x79, 0x4B, 0x8F, 0xBB, 0x69, 0xEE, 0x88, 0x2D,
    0x88, 0x3B, 0xDF, 0x95, 0xAB, 0xA1, 0x0A, 0x6E, 0xC8, 0xFD, 0xD7, 0xB1, 0xAF, 0xE4, 0x2B, 0xF7,
    0x4A, 0xBD, 0x32, 0xAF, 0xC4, 0x0B, 0xEF, 0x4A, 0xBB, 0xB2, 0xAE, 0xA4, 0x2B, 0xE7, 0x4A, 0xB9,
    0x0B, 0x09, 0x12, 0x4C, 0x2B, 0xDF, 0x4A, 0xB7, 0xB2, 0xAD, 0x64, 0x2B, 0xD7, 0x4A, 0xB5, 0x32,
    0x2D, 0x44, 0x2B, 0xCF, 0x4A, 0xB3, 0xB2, 0xAC, 0x24, 0x4F, 0x1C, 0xDF, 0x21, 0x95, 0x3D, 0x2C,
    0x5E, 0x9B, 0xBA, 0x35, 0x73, 0xDD, 0x9D, 0xE8, 0xA5, 0xBE, 0xEA, 0x0D, 0x52, 0x2C, 0xF2, 0x0C,
    0x53, 0xB3, 0xA5, 0xC9, 0x60, 0x7A, 0x33, 0x84, 0x18, 0x92, 0xF4, 0x9A, 0x48, 0x70, 0xA4, 0x9B,
    0x82, 0x4D, 0x3D, 0x45, 0x9B, 0x71, 0x1A, 0x86, 0x0C, 0x53, 0x8A, 0x9E, 0x8A, 0xB0, 0x50, 0x8D,
    0xA5, 0x5D, 0x3C, 0xCC, 0x66, 0xD2, 0x0F, 0xB0, 0x35, 0x92, 0x87, 0xC2, 0x1B, 0x3B, 0x4F, 0x2F,
    0xE5, 0x23, 0x3F, 0x3B, 0x96, 0x60, 0xC0, 0x42, 0x43, 0x5B, 0xD3, 0xE9, 0x0D, 0x72, 0xF4, 0xB9,
    0x44, 0x86, 0x62, 0x69, 0x42, 0x67, 0x3C, 0x0F, 0x31, 0xAE, 0x0E, 0xD5, 0x41, 0x34, 0x84, 0x4C,
    0xC7, 0x16, 0x49, 0xDE, 0x90, 0x5B, 0x27, 0x59, 0x7D, 0x25, 0x23, 0x22, 0x35, 0xF2, 0xD0, 0x4C,
    0x1E, 0x68, 0x8D, 0x97, 0xFA, 0xA6, 0xAB, 0x07, 0x5A, 0xF8, 0x17, 0xCF, 0x09, 0xA6, 0x7E, 0x7A,
    0xE5, 0x9F, 0xD6, 0x73, 0x90, 0x8D, 0x62, 0xBF, 0x64, 0xE3, 0x53, 0x48, 0x3F, 0xDB, 0xB2, 0x35,
    0x2C, 0x1B, 0xEC, 0x94, 0x33, 0x52, 0x03, 0x46, 0xBE, 0x8C, 0xF8, 0x0D, 0x53, 0x3C, 0xA9, 0x7B,
    0x41, 0x43, 0xA8, 0xCC, 0x74, 0x5E, 0x81, 0xD8, 0x5F, 0x6B, 0xE4, 0xAA, 0xC3, 0xC8, 0xD1, 0xEB,
    0x1A, 0x7B, 0x9D, 0x43, 0xA6, 0xD2, 0x59, 0xDB, 0xA6, 0xC4, 0x53, 0xDF, 0x35, 0xC5, 0xD3, 0xA1,
    0x1E, 0x8F, 0x59, 0x7F, 0x74, 0x57, 0x44, 0x9C, 0xF8, 0x79, 0xE7, 0x18, 0xE2, 0xDE, 0xD2, 0x06,
    0x75, 0x9A, 0x6F, 0x9C, 0x84, 0xA0, 0xB5, 0xD8, 0x8C, 0x35, 0x74, 0xA6, 0xF1, 0x52, 0x14, 0x42,
    0x09, 0xA0, 0x3D, 0xDC, 0xC8, 0x48, 0x45, 0x48, 0x45, 0xF3, 0xAF, 0x07, 0x37, 0x3B, 0x15, 0x01,
    0x6B, 0xBE, 0x4A, 0x34, 0x31, 0x0F, 0x03, 0x8A, 0x44, 0x94, 0xB4, 0x5B, 0x00, 0x68, 0xD2, 0xD1,
    0x4E, 0x5C, 0xBB, 0x9D, 0x50, 0xEE, 0x34, 0xDB, 0x14, 0x14, 0x0E, 0x94, 0x9E, 0x58, 0x9B, 0xBC,
    0xD0, 0xE3, 0x25, 0x2D, 0x42, 0x4D, 0xD2, 0x26, 0x6C, 0x41, 0xB1, 0x45, 0x24, 0xC1, 0xCB, 0x8D,
    0x7B, 0x23, 0x06, 0x4E, 0xBA, 0x62, 0x3E, 0x59, 0x50, 0x37, 0xEE, 0x89, 0xAF, 0xD0, 0xD6, 0xD8,
    0x39, 0xF2, 0x22, 0x92, 0x26, 0xF5, 0x20, 0x1D, 0x5F, 0xD1, 0xC4, 0xF0, 0xD2, 0x3F, 0xEB, 0x80,
    0x0B, 0x55, 0x1A, 0xC7, 0x5B, 0xF6, 0xDE, 0x24, 0xA0, 0xDD, 0x08, 0x2C, 0x76, 0x0C, 0xCD, 0x7D,
    0xC7, 0xE4, 0x03, 0x0C, 0x2D, 0x11, 0x1C, 0x32, 0xD5, 0x8A, 0xB6, 0xD5, 0x7E, 0x54, 0x93, 0xF6,
    0x0D, 0x5E, 0x1C, 0x7B, 0x58, 0x45, 0x5E, 0x85, 0x58, 0x6E, 0x33, 0xAC, 0xB6, 0x13, 0x69, 0xB7,
    0x53, 0x13, 0xAD, 0x77, 0xAE, 0xB8, 0x13, 0xFD, 0xEC, 0x51, 0xC7, 0x01, 0xA2, 0x64, 0x13, 0x5C,
    0x13, 0x7F, 0x35, 0xBB, 0xDF, 0xE6, 0x03, 0x77, 0x28, 0x57, 0x24, 0x89, 0xD6, 0x68, 0x1B, 0x36,
    0x86, 0x35, 0x07, 0xC6, 0xDA, 0xEC, 0xC3, 0xE2, 0x70, 0xA7, 0xE8, 0x78, 0x5A, 0x8D, 0x5C, 0x3A,
    0x9E, 0x83, 0xFA, 0x4C, 0xE0, 0x44, 0x7E, 0x67, 0x02, 0x1A, 0xDD, 0x13, 0x1F, 0x5D, 0xEA, 0xB8,
    0x21, 0xBE, 0x7C, 0x77, 0x24, 0x6F, 0x7E, 0x5F, 0xD8, 0x72, 0xBA, 0xDC, 0x74, 0x73, 0xF3, 0x6D,
    0x3E, 0x4E, 0x4D, 0xA6, 0xFE, 0x7D, 0x47, 0x73, 0xAE, 0xA9, 0x22, 0x4E, 0x0D, 0x63, 0x16, 0xE0,
    0x90, 0x05, 0x76, 0x8D, 0x24, 0xFE, 0xB4, 0x6E, 0xB4, 0x4F, 0x4F, 0xA4, 0x23, 0x3A, 0x08, 0x63,
    0x9F, 0x1B, 0x92, 0x9D, 0x25, 0x48, 0x2E, 0xB5, 0xCB, 0x3E, 0xE4, 0x7D, 0x73, 0xE3, 0x95, 0x83,
    0xB4, 0xAF, 0x08, 0x8B, 0xE6, 0x08, 0x61, 0x37, 0x66, 0xB5, 0x82, 0x2A, 0xAE, 0x91, 0x12, 0x0E,
    0x79, 0x6E, 0x2F, 0x14, 0xBF, 0x61, 0xA2, 0x77, 0xD2, 0x9A, 0x0D, 0x63, 0x05, 0xE3, 0x42, 0x3D,
    0x61, 0x0E, 0xB5, 0x5D, 0xE7, 0x77, 0x2A, 0xF3, 0xA5, 0xAF, 0xFF, 0xCB, 0x49, 0x26, 0x92, 0x68,
    0x15, 0xE6, 0x31, 0xA1, 0x8E, 0x8C, 0xD7, 0x61, 0x0A, 0x23, 0x3A, 0x96, 0xD7, 0xBE, 0x76, 0xBF,
    0x6E, 0x93, 0x4C, 0x38, 0xE4, 0x5B, 0xA2, 0xC7, 0xD3, 0x4D, 0x5A, 0x2E, 0x2A, 0x1D, 0x52, 0x5D,
    0x2B, 0x96, 0x6E, 0xC9, 0x4F, 0x07, 0x92, 0xB5, 0x18, 0x5E, 0x71, 0xC0, 0x37, 0x4D, 0xAA, 0x0A,
    0xD6, 0x34, 0xE0, 0x5F, 0x9D, 0x18, 0x42, 0x75, 0x45, 0xDF, 0x9C, 0xC1, 0xB5, 0x74, 0x58, 0x18,
    0xD2, 0xD0, 0xCD, 0x1F, 0x8E, 0x3B, 0xDD, 0x87, 0x2A, 0x25, 0x6D, 0xAF, 0x5F, 0xD5, 0xEB, 0xF5,
    0x53, 0x90, 0xF9, 0x63, 0xC3, 0xC8, 0xE0, 0x9E, 0x9D, 0x7B, 0xC9, 0x0D, 0x6B, 0x01, 0x45, 0xE3,
    0x39, 0xD0, 0x40, 0xC7, 0x08, 0x23, 0x81, 0x47, 0xE2, 0x8E, 0x84, 0x9D, 0x6B, 0x51, 0x87, 0x2E,
    0x8A, 0x88, 0xD3, 0xE8, 0xF0, 0x33, 0xBE, 0x3C, 0xEE, 0xCD, 0x34, 0x35, 0x1D, 0xA6, 0x5E, 0x49,
    0x74, 0x43, 0xD4, 0x6F, 0x13, 0xB4, 0x95, 0x59, 0xA0, 0xD8, 0xAA, 0x8C, 0x6F, 0xD3, 0x76, 0x4A,
    0x6A, 0x53, 0x57, 0x59, 0x11, 0xE0, 0x38, 0x83, 0x8B, 0x4A, 0xF8, 0x7A, 0x20, 0x2E, 0x3A, 0x9B,
    0x4A, 0xA5, 0x8A, 0x94, 0x79, 0x41, 0x2A, 0x34, 0x25, 0xC3, 0x56, 0x30, 0x1D, 0xF8, 0xF9, 0xED,
    0xB4, 0x36, 0xDF, 0xB9, 0x3D, 0x6E, 0xC3, 0x5B, 0xC6, 0x10, 0x89, 0xDD, 0xF8, 0xE8, 0xED, 0x47,
    0xEA, 0x37, 0xAE, 0x09, 0x45, 0xCE, 0x36, 0xA3, 0xEE, 0x64, 0x57, 0xBD, 0xAF, 0xE4, 0xC2, 0xBD,
    0x7E, 0x23, 0x7D, 0x5C, 0xFD, 0xDB, 0xF3, 0x3E, 0x94, 0x37, 0xD3, 0x2F, 0x4B, 0x07, 0xDB, 0xE0,
    0x40, 0xB0, 0x5A, 0x06, 0xDC, 0x3E, 0x7B, 0x34, 0x51, 0xA0, 0x1B, 0x31, 0x64, 0x0A, 0x49, 0xE2,
    0x85, 0x72, 0x82, 0x04, 0xB4, 0x61, 0x42, 0x98, 0x7A, 0x51, 0xAF, 0xBC, 0x1D, 0x37, 0xB6, 0xA0,
    0xF1, 0x6E, 0xF3, 0xDB, 0x6A, 0x71, 0xED, 0x57, 0xD6, 0x2A, 0x94, 0x14, 0x30, 0xA2, 0x9F, 0x9B,
    0x0C, 0x61, 0xF8, 0x0A, 0xC0, 0x1C, 0x15, 0x7A, 0xDB, 0x7F, 0x26, 0x90, 0x66, 0xB3, 0x23, 0x0D,
    0x15, 0x2B, 0xAD, 0xF0, 0x78, 0x70, 0x34, 0x9B, 0xBD, 0x14, 0xD0, 0xE8, 0xB0, 0x56, 0xBC, 0x9B,
    0x2D, 0x2B, 0x4E, 0xE4, 0xB8, 0x0E, 0x37, 0x52, 0x2E, 0x95, 0x74, 0xC4, 0x2C, 0x73, 0x6B, 0x39,
    0x6F, 0xB1, 0x30, 0x32, 0xD6, 0x1E, 0x48, 0x71, 0xD2, 0xF6, 0x32, 0x3C, 0xFE, 0x53, 0x2F, 0x95,
    0xFB, 0x2F, 0x64, 0x71, 0x90, 0x09, 0x7E, 0xD9, 0xCB, 0xCF, 0x80, 0x49, 0x17, 0xEA, 0x0E, 0x0E,
    0xE5, 0x51, 0x41, 0xCB, 0xEF, 0xBA, 0xCE, 0xC8, 0x2F, 0xBB, 0x32, 0x97, 0xCF, 0x3F, 0x96, 0x39,
    0x73, 0xFE, 0x87, 0x95, 0xD4, 0x78, 0x9F, 0x34, 0x12, 0x74, 0x74, 0x68, 0x66, 0x75, 0xB4, 0xC4,
    0xFE, 0x95, 0xBF, 0xF3, 0xB6, 0x42, 0x8C, 0x93, 0xF9, 0xBD, 0x54, 0x7B, 0xC3, 0x24, 0x50, 0xEA,
    0xA5, 0xC9, 0x06, 0xFA, 0x48, 0xEA, 0xDB, 0xE9, 0x25, 0x10, 0xD2, 0x56, 0x5C, 0x1C, 0x60, 0x33,
    0x96, 0xF2, 0xD7, 0x7F, 0x54, 0xE6, 0xC5, 0x86, 0x09, 0x4A, 0xB9, 0xF9, 0x51, 0x59, 0x2A, 0xBF,
    0x1A, 0x07, 0x81, 0x5E, 0xC4, 0x73, 0x5E, 0xB2, 0x01, 0xB6, 0x76, 0xD8, 0x9B, 0xFA, 0x03, 0xF4,
    0xEA, 0xD6, 0xAF, 0x38, 0x33, 0xB8, 0xDB, 0x85, 0x11, 0x73, 0xE8, 0x35, 0xD8, 0xCB, 0x69, 0x70,
    0x11, 0x13, 0x9D, 0xC2, 0xE3, 0x9D, 0xE8, 0x75, 0xE9, 0xE3, 0xAB, 0xCC, 0xFD, 0x3F, 0x01, 0xDD,
    0x58, 0xBB, 0x92, 0xD4, 0x56, 0x10, 0x6D, 0x49, 0x6C, 0x4D, 0x79, 0x15, 0x88, 0x00, 0x12, 0x13,
    0x28, 0x73, 0x3A, 0x89, 0x53, 0x73, 0xE5, 0x3F, 0x20, 0x60, 0x23, 0x07, 0xCE, 0xED, 0x60, 0xFF,
    0x00, 0x29, 0x73, 0x4A, 0xE4, 0x98, 0x80, 0x68, 0x08, 0xF8, 0x00, 0xC3, 0x4A, 0xFE, 0x02, 0xCF,
    0x27, 0xA8, 0xCA, 0xA6, 0xCA, 0xB5, 0x91, 0x82, 0x09, 0x04, 0x48, 0xBA, 0xEE, 0x73, 0xFA, 0x6A,
    0x34, 0x03, 0xB3, 0x2E, 0x17, 0x06, 0x57, 0x19, 0x15, 0xB4, 0x16, 0xED, 0x7D, 0x74, 0x9F, 0x73,
    0xBA, 0xFB, 0x5E, 0x44, 0x8A, 0x48, 0x24, 0xE9, 0xB2, 0x46, 0x92, 0x5D, 0xDE, 0xE0, 0xA7, 0x4A,
    0xF8, 0xED, 0xF8, 0x49, 0x76, 0x92, 0xF4, 0xAB, 0x4E, 0xDF, 0x30, 0x5D, 0xDA, 0xCA, 0xAA, 0xCB,
    0xB6, 0x92, 0xB6, 0x3A, 0x31, 0xDB, 0xEA, 0xC4, 0xAC, 0x59, 0xC3, 0xB8, 0x4A, 0xF2, 0xC6, 0x15,
    0xB2, 0xAE, 0x9C, 0x88, 0x2B, 0x4A, 0x91, 0x52, 0xAE, 0x44, 0x6A, 0x99, 0x24, 0x9A, 0x64, 0x94,
    0x04, 0x26, 0x1D, 0xC5, 0xCB, 0xFD, 0x41, 0xEA, 0x9F, 0x87, 0x41, 0x9C, 0x6F, 0x7B, 0xC9, 0xFC,
    0xB7, 0x3B, 0x91, 0x07, 0xB6, 0xD7, 0x03, 0xEC, 0x1E, 0xEF, 0x74, 0x65, 0xF3, 0x29, 0x38, 0x75,
    0xC2, 0x2B, 0x3E, 0xA9, 0xFF, 0x43, 0xAD, 0xF7, 0x5E, 0x64, 0xA5, 0xB6, 0x91, 0xBC, 0x17, 0xD7,
    0x49, 0xD9, 0x48, 0xDA, 0xEB, 0x3E, 0x92, 0x0C, 0xF1, 0x20, 0x12, 0x8D, 0x49, 0xAF, 0xC3, 0xA6,
    0xB4, 0xC3, 0xE0, 0xAC, 0x55, 0x5B, 0x63, 0x6D, 0xA9, 0xD7, 0xB4, 0x0E, 0x3B, 0x78, 0xDA, 0x49,
    0xFD, 0x0F, 0x36, 0x1A, 0x4B, 0xB5, 0xF1, 0x00, 0x9B, 0x0C, 0xF8, 0xB2, 0xEA, 0x31, 0x26, 0xEB,
    0x9C, 0xCE, 0xCA, 0xDB, 0xF5, 0x56, 0x03, 0x6C, 0xB2, 0x4E, 0x22, 0x5F, 0x68, 0x54, 0xE9, 0x24,
    0x89, 0xBF, 0xF6, 0xBA, 0x51, 0xED, 0xBD, 0xFE, 0xEA, 0x9E, 0x1F, 0xE1, 0xE1, 0xDD, 0x7D, 0x58,
    0x8C, 0xEA, 0x66, 0xA0, 0x31, 0x30, 0xC6, 0xF4, 0x35, 0xA2, 0xA9, 0x5F, 0xD5, 0x8D, 0x82, 0x96,
    0xB7, 0xEA, 0x79, 0xDA, 0xA5, 0xC0, 0x5D, 0x21, 0xB7, 0xD9, 0xBB, 0x75, 0xA5, 0x46, 0x1D, 0x4A,
    0x3A, 0x35, 0xAB, 0x4E, 0xD1, 0x4E, 0x61, 0xB2, 0x16, 0x26, 0x30, 0xD0, 0x28, 0xF8, 0x79, 0x1B,
    0x4F, 0x92, 0x4D, 0x97, 0xBD, 0x7A, 0xE6, 0x35, 0xEA, 0x72, 0xD2, 0x3D, 0xA2, 0xE2, 0x23, 0xC3,
    0xE7, 0x9D, 0xC7, 0x43, 0x3B, 0x05, 0x6B, 0xF0, 0x09, 0xE1, 0x93, 0x7F, 0x0F, 0xDF, 0x21, 0x36,
    0xC5, 0x8C, 0x4D, 0x06, 0x6C, 0x56, 0xC4, 0x66, 0x77, 0x80, 0xCD, 0xF5, 0xE6, 0xD9, 0x0E, 0x5E,
    0x74, 0x66, 0x8A, 0x13, 0xD8, 0x54, 0xC4, 0x46, 0x97, 0x48, 0x4F, 0x62, 0x13, 0x15, 0xB7, 0x80,
    0xCD, 0x56, 0x67, 0xA8, 0xBE, 0x69, 0x1B, 0xD8, 0x48, 0x6E, 0x7D, 0x0A, 0xF9, 0xFD, 0x07, 0xF8,
    0x2D, 0x79, 0xDE, 0x51, 0x7E, 0xF9, 0xDF, 0xCB, 0xEF, 0xD3, 0x43, 0x7C, 0x47, 0xF0, 0x7A, 0x99,
    0x00, 0x91, 0x49, 0xEB, 0x8B, 0xC8, 0xC0, 0x9F, 0x6F, 0x4B, 0x71, 0x8C, 0xF0, 0x3D, 0x8F, 0x49,
    0x16, 0x52, 0xF9, 0x16, 0xFE, 0x7D, 0x2D, 0x2B, 0x46, 0x06, 0x7C, 0xF5, 0x29, 0x39, 0x81, 0xB9,
    0x2B, 0x84, 0x53, 0xF2, 0x63, 0x1B, 0x5D, 0x5C, 0x5C, 0x2A, 0x1F, 0xA4, 0x27, 0x53, 0x5B, 0xC9,
    0xF9, 0x66, 0x53, 0x73, 0x3C, 0x73, 0x5D, 0xEB, 0x13, 0x9E, 0x89, 0xCC, 0x73, 0xE5, 0x64, 0x80,
    0x5D, 0xC1, 0x2B, 0x45, 0x9B, 0x9B, 0x34, 0xEA, 0x59, 0xAC, 0xB8, 0x94, 0xD7, 0x80, 0xB5, 0xD4,
    0xA8, 0x01, 0xD4, 0x84, 0xF9, 0x17, 0xFB, 0x80, 0x10, 0x0E, 0x82, 0x79, 0xA1, 0xEF, 0xC3, 0x40,
    0xCE, 0x34, 0x49, 0x75, 0x9A, 0x6E, 0xDE, 0xA4, 0xAF, 0xEA, 0x16, 0xD9, 0xAA, 0x9B, 0xF4, 0x20,
    0x57, 0xB7, 0xE4, 0xDF, 0x78, 0xF3, 0x6C, 0x50, 0x90, 0xF8, 0xD7, 0x7E, 0x07, 0x50, 0xB4, 0xDC,
    0x0A, 0xE4, 0x92, 0x37, 0xBA, 0x73, 0xF5, 0xFA, 0xBB, 0x49, 0xA5, 0xD6, 0x2B, 0x18, 0x5B, 0x89,
    0x58, 0x2E, 0xCF, 0x2E, 0x2E, 0xE8, 0xA3, 0x27, 0x14, 0x39, 0xA1, 0xD2, 0x8F, 0x0F, 0xDF, 0x2B,
    0x93, 0x08, 0x48, 0x2B, 0xF1, 0x68, 0x11, 0x5E, 0xD9, 0x0E, 0xA5, 0x39, 0xE2, 0x6C, 0x0F, 0xD0,
    0xA6, 0x90, 0x69, 0x69, 0x01, 0xA2, 0x8A, 0xDB, 0x44, 0xF5, 0xC3, 0x3D, 0x93, 0x81, 0x98, 0x10,
    0xC4, 0x2A, 0x11, 0x1C, 0x24, 0xDC, 0x71, 0xEF, 0x88, 0x5C, 0x7F, 0x65, 0x3B, 0x0D, 0x86, 0x26,
    0xC1, 0x93, 0xBA, 0x93, 0x00, 0xDF, 0x42, 0x52, 0xE0, 0x2D, 0x36, 0x12, 0x57, 0x3D, 0x5F, 0x6B,
    0x0E, 0xFC, 0xC5, 0x73, 0x60, 0x6D, 0x23, 0xEA, 0x9D, 0x2C, 0x0A, 0xDE, 0x47, 0x6B, 0xC1, 0xE6,
    0xB4, 0xEF, 0x85, 0xAA, 0x0A, 0x57, 0x4C, 0xA9, 0x54, 0x58, 0x75, 0x57, 0x9B, 0x15, 0x5B, 0x15,
    0x82, 0x53, 0x38, 0x59, 0x34, 0x09, 0x40, 0x87, 0xC8, 0x92, 0xCE, 0xA0, 0x06, 0xD0, 0x71, 0x0F,
    0x18, 0xA2, 0x1E, 0xC2, 0x89, 0x7A, 0x4A, 0xA3, 0x2F, 0x19, 0xD2, 0xB8, 0x04, 0x76, 0xB5, 0x5B,
    0xC2, 0xB2, 0xA8, 0x4A, 0x06, 0x55, 0x1E, 0x68, 0x68, 0x08, 0x3D, 0x53, 0x0C, 0x5F, 0x0D, 0x6E,
    0xCB, 0xD8, 0xB0, 0x62, 0xCD, 0xB5, 0xCA, 0xD6, 0xDC, 0xB5, 0x42, 0x13, 0x2A, 0x8D, 0xFA, 0x59,
    0x5A, 0x0C, 0xF7, 0xE5, 0x64, 0xB1, 0xF9, 0xBC, 0xD8, 0xFC, 0xE7, 0x45, 0xF6, 0xFF, 0xC8, 0xAC,
    0x9C, 0x3F, 0xFE, 0xC1, 0xEA, 0x0F, 0x3F, 0x3B, 0x9B, 0x34, 0xA4, 0x18, 0x1F, 0x77, 0x39, 0x26,
    0xA4, 0xCD, 0x37, 0xC6, 0xF3, 0xED, 0xCF, 0x93, 0x60, 0x39, 0x7F, 0x72, 0x04, 0x41, 0xCC, 0xA9,
    0x63, 0xDA, 0x2E, 0x10, 0xAC, 0x6E, 0x86, 0xC0, 0xF8, 0x0E, 0x84, 0x07, 0xC6, 0x03, 0xE5, 0x81,
    0xF3, 0x40, 0x7A, 0x60, 0x3D, 0xD0, 0x1E, 0x78, 0x0F, 0xC4, 0x07, 0xE6, 0x03, 0xF5, 0x33, 0xF7,
    0x81, 0xFC, 0xC0, 0xFE, 0x0C, 0xC1, 0xD5, 0x29, 0x08, 0x4C, 0x02, 0x41, 0x03, 0x26, 0x82, 0xA0,
    0x82, 0x20, 0x83, 0xA0, 0x03, 0x13, 0x42, 0x50, 0x42, 0x90, 0xC2, 0xA2, 0x85, 0x5B, 0x8C, 0xCF,
    0x45, 0x70, 0xAC, 0xA6, 0x7B, 0x8F, 0x62, 0x9B, 0x5D, 0x9C, 0x50, 0x3A, 0x7E, 0xB5, 0x2E, 0x12,
    0x52, 0x8D, 0x20, 0x4A, 0xEE, 0x51, 0x93, 0xF5, 0x89, 0xF1, 0x8F, 0x40, 0x47, 0x45, 0x82, 0xE6,
    0x36, 0x40, 0x02, 0x8A, 0x94, 0x92, 0xA5, 0x2B, 0xC3, 0xEE, 0xC4, 0xA1, 0xC5, 0xC3, 0x25, 0x9D,
    0x9E, 0xF5, 0x72, 0xD9, 0xB2, 0xFB, 0x69, 0xD3, 0xF0, 0x76, 0x32, 0x98, 0x2E, 0x9B, 0xA5, 0x5B,
    0xAE, 0x0F, 0x3A, 0xA1, 0x3B, 0x88, 0xF6, 0xA0, 0x2B, 0xCA, 0xB8, 0x57, 0xA5, 0x45, 0xCF, 0x1C,
    0x65, 0xBA, 0x66, 0x4D, 0x09, 0xF3, 0x08, 0xDF, 0xDE, 0x3F, 0x9C, 0x9F, 0xBE, 0x28, 0xE4, 0xB8,
    0x28, 0x38, 0x9C, 0x13, 0xCA, 0x4A, 0x8D, 0x2F, 0x5C, 0x91, 0x78, 0xFD, 0x90, 0x7B, 0x9C, 0x3D,
    0xAE, 0xB4, 0xC2, 0xF7, 0xA3, 0x36, 0xDB, 0xC7, 0xE3, 0xBC, 0x5D, 0x4C, 0xD3, 0xCF, 0xA0, 0xF3,
    0xA0, 0x40, 0x7A, 0xA9, 0x09, 0x3D, 0x2E, 0xA1, 0x29, 0x4C, 0xE8, 0x09, 0xA3, 0xB5, 0x7D, 0xC6,
    0xC4, 0x90, 0xDC, 0x3E, 0x20, 0xC6, 0x73, 0xB5, 0x8F, 0x66, 0x38, 0x5A, 0x3C, 0x39, 0xB5, 0x78,
    0xCB, 0x8C, 0x9A, 0x0D, 0x17, 0x3E, 0x58, 0x1D, 0xC8, 0x38, 0x2C, 0x55, 0x2E, 0x4B, 0x1D, 0xAF,
    0xF2, 0xCE, 0x52, 0xCB, 0x83, 0x1E, 0x8F, 0x46, 0x3E, 0x6D, 0x9E, 0x62, 0x5E, 0x1C, 0xBA, 0x3D,
    0xC6, 0x63, 0x78, 0x50, 0x3A, 0xB7, 0x05, 0xD1, 0xB9, 0xE5, 0x39, 0xF3, 0x11, 0x41, 0x21, 0xA6,
    0x72, 0x67, 0x09, 0xE7, 0x0F, 0xE6, 0x64, 0x27, 0xE6, 0x90, 0xAC, 0x3B, 0x21, 0xA3, 0x1E, 0x99,
    0x54, 0x1B, 0x23, 0x35, 0x2F, 0x5E, 0x04, 0x7F, 0x6E, 0xCB, 0xCD, 0x4F, 0xC6, 0xB0, 0xAB, 0x7D,
    0xE4, 0x14, 0x8D, 0x7A, 0xC1, 0xE2, 0xE0, 0x02, 0xCA, 0x65, 0x00, 0xBA, 0x0E, 0x58, 0x4F, 0x0B,
    0xD2, 0x53, 0x00, 0x7B, 0x26, 0x73, 0x7C, 0xC8, 0x80, 0x23, 0x1C, 0x08, 0x15, 0xF5, 0x18, 0x9C,
    0xE1, 0x7E, 0x39, 0x3D, 0xF3, 0xC2, 0x2B, 0xA6, 0xD4, 0x95, 0xBE, 0xF5, 0xCF, 0xBA, 0x51, 0x10,
    0x34, 0xAE, 0x6C, 0x6B, 0x65, 0x5E, 0xDF, 0x50, 0xD1, 0x2C, 0x24, 0xF5, 0x88, 0x5A, 0xD2, 0x71,
    0xE6, 0x96, 0xAB, 0xCC, 0x2D, 0x6F, 0x6E, 0xAD, 0x26, 0xBA, 0xC5, 0x03, 0x13, 0x4F, 0x6C, 0x5B,
    0xF8, 0x52, 0xFB, 0xD7, 0xB3, 0x9C, 0xED, 0xFC, 0x6B, 0x67, 0x61, 0xDD, 0x8F, 0x68, 0xAD, 0xDA,
    0x35, 0x13, 0xA1, 0xB8, 0xB1, 0xF7, 0x8E, 0xA6, 0x87, 0x61, 0xA9, 0xB6, 0x79, 0x43, 0xDE, 0xF3,
    0x86, 0xCC, 0xAF, 0x2B, 0xD2, 0xEE, 0x0A, 0x7B, 0xC9, 0xEA, 0xCD, 0x86, 0x29, 0x8C, 0x13, 0x63,
    0x0D, 0x9D, 0x0E, 0x0A, 0x4D, 0xB6, 0x8D, 0x71, 0x15, 0x56, 0xE7, 0x6B, 0x4B, 0xE3, 0x12, 0x79,
    0xAC, 0x2F, 0x5D, 0x09, 0xFF, 0xD2, 0x95, 0x50, 0xD1, 0xD9, 0xEA, 0x22, 0x1C, 0x8C, 0xD3, 0xD7,
    0xDF, 0xF3, 0x02, 0xAE, 0xA8, 0x41, 0x19, 0xB5, 0x2F, 0x40, 0xB4, 0x1D, 0x02, 0x81, 0xA1, 0xD6,
    0x9D, 0x84, 0x76, 0xC5, 0xBB, 0x88, 0x15, 0x25, 0x53, 0x1D, 0xC5, 0x6B, 0x34, 0x86, 0x33, 0xB1,
    0xE5, 0xBD, 0x7B, 0x37, 0xEF, 0xCF, 0xFD, 0xE6, 0x09, 0x0F, 0x56, 0x2D, 0xEF, 0x00, 0xDB, 0x39,
    0x53, 0xA2, 0x25, 0xEF, 0x4D, 0xE1, 0xA1, 0xF4, 0x31, 0x40, 0xD3, 0xF7, 0xF1, 0x86, 0x7E, 0xB1,
    0xB9, 0xB5, 0x06, 0x13, 0xDE, 0x4B, 0xDA, 0x17, 0x4B, 0x2D, 0xF9, 0xB1, 0x5F, 0x2A, 0x6E, 0xBD,
    0xB5, 0x4A, 0x79, 0xA0, 0xBC, 0x70, 0x60, 0xAF, 0x24, 0xBB, 0xDE, 0x14, 0x37, 0x26, 0xF6, 0x59,
    0x7D, 0x41, 0xAF, 0x0B, 0xBB, 0xB8, 0x44, 0xE3, 0x71, 0x36, 0xBE, 0x93, 0xD8, 0x6F, 0x2A, 0x54,
    0x0C, 0xDC, 0xA2, 0xFC, 0x7E, 0x15, 0x9A, 0xFB, 0xB3, 0x87, 0x5F, 0x61, 0xAE, 0xC3, 0x34, 0x87,
    0x70, 0xCE, 0xE6, 0x4A, 0x26, 0xBC, 0x6A, 0xB3, 0x1D, 0xEA, 0x7A, 0xB1, 0xE5, 0x2D, 0xEF, 0x08,
    0x83, 0x61, 0x3C, 0x1A, 0xA4, 0xA5, 0x55, 0x1A, 0x67, 0x80, 0xAD, 0x7F, 0x22, 0x56, 0xF9, 0x6F,
    0xC6, 0x82, 0xAF, 0xEC, 0xD6, 0x28, 0xCB, 0x35, 0x43, 0x52, 0x7B, 0xE5, 0xA6, 0x4A, 0x67, 0xC9,
    0x39, 0xD1, 0xA9, 0x98, 0xD7, 0xBE, 0x59, 0x9C, 0x4C, 0x00, 0x10, 0xC7, 0xED, 0x6A, 0x82, 0xAE,
    0xBB, 0xB0, 0x6C, 0xEC, 0xAC, 0x4D, 0xB6, 0x2A, 0x86, 0x2D, 0xEA, 0xBF, 0xF8, 0x86, 0x7E, 0x58,
    0x87, 0x0E, 0xF4, 0x4B, 0x6E, 0x15, 0xC1, 0x34, 0x1E, 0xAA, 0xFD, 0x17, 0xFE, 0x70, 0xFB, 0x7C,
    0x17, 0x0E, 0x67, 0x7B, 0x1A, 0x50, 0xAB, 0x99, 0xFE, 0x1E, 0x1E, 0x20, 0x6E, 0x3B, 0x57, 0x68,
    0xE2, 0x6C, 0x79, 0x9C, 0xC0, 0xD0, 0x81, 0x5E, 0xD7, 0xE4, 0xD3, 0x91, 0x4F, 0xD7, 0xEC, 0xDB,
    0x68, 0x04, 0x45, 0x49, 0xF2, 0x16, 0xDF, 0xB3, 0xDF, 0x99, 0x24, 0xBF, 0x0E, 0x8C, 0x60, 0x64,
    0x00, 0x25, 0xFD, 0x77, 0x7F, 0xC2, 0xFD, 0x75, 0x8F, 0x99, 0x59, 0x3F, 0x37, 0xC2, 0x59, 0x66,
    0x41, 0x6C, 0x3C, 0x3B, 0x3C, 0xE7, 0x71, 0x86, 0x91, 0x25, 0xE6, 0xFC, 0x83, 0x8F, 0x4D, 0xD1,
    0x97, 0xCF, 0xFD, 0xA6, 0x62, 0xF5, 0xF0, 0xE1, 0xA5, 0x51, 0xDE, 0xBD, 0x9C, 0x2E, 0x3E, 0x80,
    0xA2, 0x78, 0xA1, 0xA8, 0x37, 0x8A, 0x06, 0x83, 0x67, 0xB0, 0xA6, 0x34, 0x7D, 0x30, 0xD4, 0x9B,
    0xFA, 0xCD, 0x53, 0xFE, 0xEF, 0xC3, 0x8E, 0xB6, 0x3B, 0x05, 0xB5, 0x3B, 0x05, 0x75, 0x41, 0xA8,
    0x2B, 0x42, 0xDD, 0xC8, 0x5F, 0xE5, 0x99, 0x31, 0x6C, 0x1C, 0x45, 0x14, 0x86, 0xDF, 0xEC, 0x82,
    0x57, 0x78, 0x8B, 0x75, 0x91, 0x20, 0x10, 0x82, 0xA3, 0xA0, 0x00, 0x04, 0xBA, 0x36, 0x45, 0xEC,
    0xDD, 0x0E, 0x89, 0x26, 0x2E, 0xE2, 0xCA, 0x05, 0x14, 0x34, 0xB8, 0x71, 0x4B, 0x11, 0x65, 0x0F,
    0x51, 0xA4, 0x24, 0x35, 0x95, 0x0B, 0x0A, 0xE2, 0x26, 0x14, 0x14, 0x29, 0x62, 0xED, 0xF6, 0x34,
    0x27, 0x24, 0x42, 0xBB, 0x14, 0x08, 0x89, 0x6A, 0x8B, 0x8B, 0x74, 0x96, 0xF6, 0x6E, 0x78, 0xEF,
    0x7F, 0x6F, 0xEE, 0xF6, 0xB8, 0x10, 0x51, 0xD9, 0x67, 0xB3, 0x96, 0xDE, 0xF9, 0xEE, 0xD6, 0x3B,
    0x6F, 0xFE, 0x6F, 0xFE, 0x99, 0x37, 0x63, 0x22, 0x8A, 0x3A, 0xE2, 0x2B, 0x41, 0xCC, 0x10, 0x07,
    0x33, 0x89, 0xF9, 0x99, 0xC4, 0xFB, 0xF7, 0x25, 0x76, 0x12, 0xA3, 0x2E, 0xE7, 0x18, 0x4F, 0x24,
    0xA6, 0xAD, 0xC4, 0xAC, 0x96, 0x38, 0x1C, 0xE5, 0x05, 0x51, 0x49, 0x12, 0xE7, 0xFC, 0x8E, 0x5C,
    0x27, 0x31, 0x9E, 0x1D, 0x1C, 0xD7, 0x94, 0x78, 0xEF, 0x6B, 0xCA, 0x10, 0x87, 0x7F, 0x9D, 0x3E,
    0xAE, 0xE5, 0xB6, 0x6C, 0x4C, 0x15, 0x49, 0xE4, 0x86, 0xD2, 0x46, 0x12, 0x48, 0x9B, 0x78, 0xC2,
    0x49, 0xB4, 0x59, 0x2B, 0x71, 0x30, 0x96, 0x98, 0xD7, 0xDC, 0x5A, 0x4B, 0x2B, 0xD7, 0x6B, 0x88,
    0xD2, 0x12, 0xB7, 0xA8, 0x11, 0x9F, 0xBC, 0x81, 0x78, 0x53, 0xF2, 0xF3, 0xCD, 0x1E, 0x0D, 0x7C,
    0x77, 0x46, 0xE5, 0x1F, 0x67, 0x9D, 0xF3, 0x34, 0xE8, 0xE2, 0x8E, 0xB2, 0x69, 0x32, 0xA1, 0x64,
    0x92, 0x35, 0xFA, 0xF4, 0xA4, 0x1D, 0xD6, 0xD2, 0x87, 0x11, 0x65, 0x0D, 0xF2, 0xE1, 0x30, 0x90,
    0xCE, 0xE4, 0x12, 0xCA, 0x11, 0x07, 0xCF, 0xBD, 0x8A, 0x7C, 0x91, 0xD7, 0x29, 0x3F, 0xE2, 0x79,
    0x95, 0x73, 0x1F, 0xBA, 0x3D, 0x8A, 0xFC, 0x78, 0x97, 0xE8, 0xC6, 0x6A, 0x3E, 0x48, 0x07, 0xD9,
    0xE4, 0xCB, 0x5C, 0xE4, 0x09, 0x88, 0xE8, 0x41, 0x34, 0x91, 0xE8, 0x10, 0xB5, 0x4F, 0xE5, 0x58,
    0x22, 0x34, 0x26, 0x7C, 0x4C, 0x27, 0xCB, 0x6E, 0x6E, 0x3C, 0x93, 0xE8, 0x07, 0xC9, 0xCF, 0xF3,
    0xD3, 0xDD, 0x67, 0xB5, 0xB4, 0x5D, 0xA3, 0x69, 0x7E, 0x5B, 0x49, 0x3E, 0x53, 0x09, 0x75, 0x08,
    0x97, 0xC4, 0x26, 0x5C, 0x3A, 0x5A, 0x58, 0x30, 0xC4, 0x23, 0x95, 0xDF, 0xF9, 0x6F, 0x81, 0x27,
    0xF1, 0x9A, 0xE1, 0xE0, 0x9B, 0x86, 0x14, 0x88, 0xC2, 0x78, 0x48, 0xEF, 0xD1, 0x8B, 0x2E, 0x25,
    0x13, 0xD8, 0x04, 0x3A, 0x81, 0x4F, 0x20, 0x14, 0x18, 0x19, 0xA5, 0xC0, 0x29, 0x90, 0x0A, 0xAC,
    0x02, 0xAD, 0xC0, 0x2B, 0x10, 0x33, 0x66, 0x64, 0xD4, 0xC8, 0xB8, 0x91, 0x91, 0x23, 0x63, 0x47,
    0x46, 0x8F, 0x8C, 0x1F, 0x19, 0x41, 0x52, 0x86, 0x9A, 0xAC, 0xBC, 0x2A, 0x47, 0xFE, 0xAE, 0xD5,
    0x57, 0x65, 0x29, 0x8A, 0xF6, 0x1C, 0x76, 0x97, 0x02, 0x39, 0x4A, 0xF9, 0xFB, 0xB8, 0x1B, 0x72,
    0x26, 0xD9, 0xEC, 0x7D, 0x79, 0x3C, 0x4C, 0xD6, 0x65, 0x9C, 0x4A, 0x3C, 0x16, 0xA4, 0x8E, 0xA8,
    0xA0, 0x3E, 0x59, 0x45, 0xAB, 0x6C, 0x01, 0x97, 0x40, 0x97, 0x80, 0x97, 0xC0, 0x97, 0x00, 0x98,
    0x40, 0x98, 0x80, 0x98, 0xC0, 0xD8, 0x92, 0x07, 0x65, 0x02, 0x66, 0x02, 0x67, 0x02, 0x68, 0x02,
    0x69, 0x02, 0x6A, 0x65, 0xAD, 0xB0, 0x8D, 0xF6, 0x2A, 0x6E, 0xD3, 0x14, 0xA9, 0x25, 0xF5, 0x91,
    0x08, 0xF8, 0x3B, 0x5C, 0xA8, 0x94, 0x95, 0xB1, 0x12, 0x5E, 0xE7, 0xBB, 0xE9, 0x9E, 0xDB, 0x5F,
    0x8C, 0xE1, 0x5D, 0x24, 0xC7, 0xD2, 0xD2, 0xD6, 0x9D, 0x59, 0xC0, 0x23, 0x74, 0x00, 0xA7, 0xC7,
    0xE6, 0xC2, 0x3D, 0x97, 0xAA, 0x89, 0xB6, 0xCD, 0x14, 0xB7, 0xF5, 0xE5, 0x09, 0x7C, 0x87, 0xEF,
    0x9C, 0x7F, 0xD0, 0x73, 0x9D, 0x99, 0xCE, 0x3C, 0xF7, 0x42, 0xCB, 0x99, 0xDF, 0xCC, 0x6E, 0xE6,
    0x36, 0x33, 0x9B, 0x79, 0xCD, 0xAC, 0xA6, 0x4E, 0x33, 0xA3, 0x99, 0xCF, 0xCC, 0x66, 0xE6, 0x32,
    0x33, 0x99, 0x79, 0x4C, 0x2D, 0x66, 0x0E, 0x33, 0x83, 0x99, 0xBF, 0xCC, 0x5E, 0xE6, 0x2E, 0x33,
    0x97, 0x79, 0x4B, 0xAD, 0x65, 0xCE, 0x32, 0x63, 0x99, 0xAF, 0xCC, 0x56, 0x6B, 0xEB, 0x56, 0x8E,
    0xCE, 0xBE, 0x8E, 0xBE, 0x3A, 0xC4, 0xB7, 0xE4, 0x16, 0x19, 0xC5, 0x6C, 0xB0, 0x1B, 0x57, 0xC3,
    0x60, 0xD1, 0xF7, 0x4E, 0x66, 0x96, 0x81, 0xFF, 0x04, 0x13, 0x4E, 0x05, 0x5F, 0x7D, 0x15, 0xCD,
    0xE5, 0xBB, 0x1D, 0xFE, 0x01, 0x63, 0xD2, 0xA9, 0x75, 0xF4, 0x7F, 0x63, 0x3C, 0x1C, 0x67, 0xB2,
    0xD4, 0xCF, 0x39, 0x3D, 0xF7, 0xBC, 0xE2, 0xBF, 0x8B, 0x6A, 0xB3, 0x02, 0x12, 0xD5, 0x39, 0x45,
    0x67, 0x93, 0x15, 0xD2, 0xE3, 0x8D, 0x9C, 0x4A, 0x8F, 0x96, 0xE5, 0x4B, 0xAC, 0xCB, 0xCD, 0x6F,
    0xD2, 0x99, 0x1C, 0x45, 0xCC, 0x94, 0x9E, 0x72, 0xDC, 0x5F, 0x5B, 0x67, 0xAF, 0x51, 0x19, 0xA9,
    0xC5, 0x8D, 0xF4, 0x61, 0x20, 0xC3, 0xBB, 0xE4, 0x85, 0xD0, 0x4D, 0xB9, 0xB8, 0x49, 0x9A, 0xB8,
    0xB9, 0xD4, 0xE9, 0xF5, 0xA5, 0xE5, 0xA6, 0x2E, 0xE0, 0xAE, 0x5B, 0x96, 0x98, 0x19, 0x7C, 0xF8,
    0xB1, 0x84, 0x7B, 0x58, 0x34, 0xF6, 0xB0, 0x7E, 0x0C, 0xBD, 0x70, 0x4C, 0x3D, 0x0A, 0xD0, 0x2F,
    0xE9, 0xCA, 0x71, 0x8C, 0xA4, 0x50, 0x46, 0x99, 0x23, 0x15, 0x8A, 0xAC, 0x2E, 0x6E, 0xF4, 0xF0,
    0x84, 0xA2, 0xC6, 0xB5, 0xE4, 0xCE, 0x0F, 0xC5, 0xC6, 0x32, 0x76, 0x87, 0x48, 0xBB, 0xB8, 0xA4,
    0xFA, 0xD3, 0x69, 0x11, 0xA2, 0x73, 0x7E, 0xBB, 0x5C, 0x06, 0xE9, 0xA3, 0x97, 0xE2, 0x78, 0x74,
    0xE5, 0x70, 0x7C, 0x88, 0x9C, 0x0A, 0x54, 0x5C, 0x92, 0x46, 0x23, 0x38, 0x3E, 0xDF, 0x34, 0x1C,
    0xF4, 0x01, 0x62, 0x89, 0x25, 0x29, 0x82, 0xD4, 0xF1, 0x58, 0xD7, 0x0B, 0x89, 0xB7, 0xAE, 0x19,
    0x94, 0x48, 0xCA, 0x78, 0xF7, 0x18, 0xF9, 0xA1, 0x97, 0xF2, 0x96, 0x3F, 0x73, 0x5F, 0xD7, 0x9B,
    0x46, 0x26, 0x3A, 0xD1, 0xBA, 0x62, 0x8E, 0xBA, 0x62, 0xAF, 0xF2, 0xF0, 0x74, 0xB2, 0x52, 0x57,
    0xE8, 0xA5, 0x7C, 0x0C, 0x90, 0x11, 0x0A, 0x88, 0xD6, 0x19, 0x5D, 0xA7, 0xBA, 0x62, 0xC6, 0xE9,
    0x45, 0xA8, 0x2B, 0xE2, 0x5E, 0x5D, 0xC1, 0x53, 0xCC, 0x3E, 0x29, 0x4D, 0xC3, 0x49, 0x1E, 0x8B,
    0xF6, 0x10, 0xE2, 0xF5, 0xCA, 0x8A, 0xCD, 0xA8, 0x2B, 0x6E, 0xD1, 0xDB, 0xD8, 0x13, 0xC8, 0x67,
    0xF9, 0x77, 0x58, 0x5E, 0x71, 0x38, 0x92, 0x68, 0xBD, 0xB8, 0x43, 0xD7, 0xB6, 0xA2, 0xE0, 0x11,
    0xFE, 0x23, 0xAF, 0x02, 0x02, 0x6A, 0x7E, 0xDC, 0x88, 0xED, 0xEA, 0x40, 0xA9, 0xA0, 0xCD, 0x2B,
    0x26, 0x52, 0xEF, 0xE7, 0xA2, 0xCC, 0x9C, 0x73, 0xF1, 0x33, 0x61, 0x6E, 0xF3, 0x64, 0xBE, 0xB8,
    0x0F, 0x9D, 0xAB, 0xF4, 0xA4, 0x42, 0xCF, 0x1B, 0xF8, 0xB7, 0x83, 0x83, 0xC2, 0xB1, 0x9E, 0xA3,
    0x88, 0x43, 0x11, 0x9F, 0x1F, 0x1C, 0x60, 0x8C, 0xAB, 0x54, 0x72, 0xDC, 0xA0, 0xDB, 0x43, 0xAC,
    0xDC, 0x19, 0xF6, 0xE3, 0x78, 0xF0, 0xF2, 0xE9, 0xDE, 0x4F, 0x25, 0x4C, 0xA8, 0xF4, 0x7E, 0x45,
    0xDE, 0xAD, 0xC5, 0x4C, 0x9D, 0xD7, 0x21, 0x0D, 0x15, 0xFC, 0x66, 0x21, 0xC3, 0x6C, 0x2A, 0x43,
    0x89, 0x07, 0x5F, 0xF9, 0xAB, 0x2F, 0xDC, 0x9C, 0xC7, 0x6C, 0x3C, 0xE5, 0xDB, 0xC5, 0x4E, 0x05,
    0xB7, 0x56, 0x72, 0x43, 0xBC, 0x4F, 0x19, 0x3E, 0xAB, 0xF0, 0x78, 0x1E, 0xC7, 0xFE, 0x9C, 0x1F,
    0x72, 0x37, 0xF4, 0x25, 0x5F, 0xE8, 0x90, 0x4B, 0x13, 0x2C, 0xF1, 0xBB, 0x5C, 0xAC, 0x1F, 0xB6,
    0x8C, 0x43, 0xD2, 0xC0, 0x1C, 0xE9, 0xF6, 0xFF, 0x45, 0xB5, 0x72, 0x59, 0x82, 0xB9, 0x39, 0x92,
    0x19, 0x87, 0xDE, 0x46, 0x6D, 0xA8, 0x00, 0x2A, 0x79, 0xEE, 0x79, 0xA8, 0x04, 0xDC, 0xC3, 0xB0,
    0x5B, 0xDE, 0x10, 0x9D, 0xB7, 0x4F, 0x82, 0xB7, 0x5E, 0x2D, 0xC3, 0x6A, 0x81, 0xE6, 0x53, 0x71,
    0x5D, 0xD6, 0x84, 0x55, 0xE4, 0x9D, 0xE5, 0x7C, 0x72, 0xA1, 0xB2, 0x6F, 0x15, 0x11, 0xDF, 0x96,
    0x4F, 0xE4, 0x60, 0xC7, 0xFB, 0x63, 0x39, 0x47, 0xAD, 0x66, 0xB2, 0x8C, 0xA7, 0x93, 0x50, 0x68,
    0xF5, 0x2F, 0xC8, 0xAA, 0xBA, 0xAA, 0xB0, 0x2A, 0x80, 0x2D, 0xF5, 0x6A, 0x51, 0x3D, 0x29, 0x52,
    0x8B, 0x42, 0x5E, 0xD5, 0x57, 0x05, 0x86, 0xC2, 0x04, 0x89, 0x09, 0x1A, 0x13, 0x44, 0x56, 0x95,
    0xCD, 0xF9, 0xD0, 0xD9, 0xCE, 0x3B, 0xA0, 0xB4, 0x4A, 0x1D, 0x9A, 0xEA, 0x37, 0x28, 0x72, 0xAB,
    0xDE, 0x8B, 0x81, 0xFD, 0x05, 0xFF, 0x24, 0xBE, 0xE0, 0x09, 0xD7, 0xFF, 0xC9, 0xF3, 0xED, 0x21,
    0xAB, 0xB3, 0x4B, 0xDC, 0x4E, 0x6F, 0x53, 0x75, 0xF1, 0x23, 0x9B, 0x7A, 0x9A, 0xE8, 0x36, 0xE2,
    0x14, 0xA3, 0x37, 0xF2, 0x77, 0x0A, 0xC8, 0xAA, 0x9D, 0x7A, 0x80, 0xDE, 0x3E, 0x0D, 0x43, 0x79,
    0x7D, 0x3F, 0xAF, 0xFA, 0x1B, 0x00, 0x23, 0x60, 0xBA, 0x98, 0x24, 0xE1, 0x48, 0x36, 0xEF, 0x37,
    0x69, 0x1C, 0x0C, 0x84, 0x91, 0x50, 0x14, 0xC6, 0xC2, 0x60, 0x18, 0x0D, 0xC3, 0x11, 0x66, 0x62,
    0x05, 0x12, 0x4E, 0xA0, 0x14, 0x89, 0x31, 0x59, 0x34, 0xBE, 0x9A, 0x03, 0xB8, 0x18, 0x98, 0xFE,
    0x94, 0xA3, 0x8A, 0x60, 0xD8, 0x63, 0x87, 0x91, 0xB5, 0xB2, 0xE0, 0xE4, 0x13, 0x71, 0xC9, 0xAC,
    0x43, 0x8B, 0x38, 0xB9, 0x29, 0xC4, 0x14, 0xAF, 0xC8, 0x86, 0xB0, 0xCF, 0x4C, 0xA1, 0x29, 0x35,
    0x60, 0x23, 0x70, 0x23, 0x80, 0xC3, 0x12, 0x8F, 0x65, 0xA6, 0x24, 0x65, 0xA7, 0xF0, 0x94, 0x9E,
    0xE2, 0x53, 0x7E, 0xA6, 0x4D, 0xDE, 0x93, 0x0B, 0x0C, 0x15, 0xA2, 0x52, 0x34, 0x8C, 0xCA, 0xB1,
    0x0F, 0x72, 0x0F, 0x37, 0x42, 0x8E, 0xFA, 0x94, 0x33, 0xFA, 0x45, 0x54, 0x03, 0x3F, 0xD0, 0x13,
    0x76, 0xFF, 0x20, 0xB7, 0x19, 0x53, 0x11, 0xBC, 0xAC, 0x3C, 0xC1, 0xF6, 0x9E, 0xAC, 0xBA, 0x6F,
    0xE6, 0x13, 0x13, 0x1E, 0xBA, 0x43, 0xF6, 0x9E, 0xEA, 0x17, 0xED, 0x13, 0x1D, 0x17, 0xDB, 0xD3,
    0xDE, 0x01, 0xE7, 0x4F, 0x62, 0x15, 0x39, 0x33, 0x8F, 0xFC, 0xA7, 0x0B, 0xA3, 0xA8, 0x4F, 0x60,
    0x93, 0x75, 0x97, 0x5C, 0x81, 0x29, 0x2A, 0x5C, 0x1E, 0xF1, 0x50, 0x8F, 0xF4, 0x10, 0x8F, 0xE5,
    0x49, 0x2D, 0xBC, 0x33, 0xD9, 0xBF, 0x12, 0x9E, 0xD8, 0x3A, 0x89, 0x6A, 0xD9, 0x62, 0xC8, 0x0E,
    0x55, 0x77, 0x18, 0x4F, 0x92, 0xD9, 0x72, 0x7F, 0x71, 0x8A, 0x6A, 0xD3, 0x17, 0xD7, 0x8B, 0x5D,
    0x55, 0xDC, 0x66, 0x31, 0xCE, 0xB9, 0xB4, 0x7F, 0xC6, 0x9F, 0xA6, 0x61, 0xDA, 0xD3, 0xFF, 0x02,
    0xD1, 0x9A, 0xA9, 0x8A, 0x4B, 0x34, 0xD5, 0x29, 0x4E, 0x8D, 0x0B, 0x3B, 0x33, 0x1E, 0xFC, 0xCC,
    0x1D, 0x2E, 0x59, 0x07, 0xDE, 0xB1, 0x4E, 0xA5, 0x42, 0xDE, 0xD9, 0xB8, 0x89, 0xEA, 0x3F, 0xD4,
    0xA6, 0x7F, 0x03, 0xE5, 0x99, 0xB1, 0x92, 0xDC, 0x44, 0x10, 0x86, 0x7F, 0xAD, 0xCE, 0xBB, 0xE5,
    0x53, 0x20, 0x02, 0x5C, 0x65, 0x4C, 0x81, 0x08, 0x1C, 0xB8, 0xAE, 0xCA, 0xD6, 0x0B, 0xC0, 0x49,
    0x44, 0xA4, 0x0E, 0x5C, 0x45, 0x40, 0x42, 0xE0, 0xDC, 0x3C, 0x80, 0x39, 0xE9, 0x11, 0x2E, 0x22,
    0xBE, 0xC0, 0x01, 0x55, 0x0E, 0x48, 0x1D, 0xD8, 0xA7, 0x7D, 0x84, 0x25, 0x80, 0x78, 0x03, 0x48,
    0x20, 0x51, 0x20, 0x0A, 0x19, 0x56, 0x3B, 0xF4, 0xDF, 0x3D, 0x23, 0xED, 0xDA, 0x81, 0x89, 0x8E,
    0x3B, 0x4E, 0x55, 0x3B, 0xDA, 0xD5, 0x4A, 0x33, 0xDD, 0xFD, 0x75, 0xF7, 0x4C, 0x8F, 0x80, 0xC3,
    0x33, 0x00, 0x79, 0x2B, 0x4D, 0xD5, 0x03, 0xD1, 0xE6, 0x15, 0xB0, 0x58, 0x17, 0x40, 0x56, 0xA6,
    0x35, 0x0E, 0x10, 0xC1, 0x1F, 0xB7, 0x4A, 0x60, 0xE6, 0xE4, 0x96, 0xCC, 0x39, 0xB9, 0xF7, 0x27,
    0x57, 0x46, 0x5B, 0x14, 0x75, 0xDC, 0x23, 0xAF, 0x17, 0x2D, 0x8A, 0x32, 0x5D, 0xA1, 0x42, 0xB6,
    0x9C, 0x6D, 0x91, 0xFF, 0xDC, 0xF4, 0x28, 0x9C, 0x5B, 0x49, 0xF3, 0x1A, 0x28, 0x1E, 0xC9, 0xE3,
    0x05, 0xC6, 0xA6, 0x64, 0x53, 0x4B, 0x93, 0xAD, 0xF0, 0x09, 0xD2, 0xE1, 0xAB, 0x16, 0xB1, 0x73,
    0x22, 0x41, 0xE3, 0xE4, 0x6A, 0xF4, 0x30, 0x8C, 0x78, 0x73, 0xBC, 0xBB, 0xD2, 0x86, 0x3F, 0x6F,
    0xEB, 0x3F, 0xD9, 0x2F, 0x22, 0xF2, 0xE0, 0xAF, 0xB1, 0xD3, 0x13, 0x20, 0x11, 0xD1, 0xD2, 0x53,
    0xF9, 0x4F, 0x7E, 0x7E, 0x60, 0x1D, 0xA4, 0x6E, 0x23, 0xD2, 0x6E, 0x30, 0x77, 0x72, 0x7D, 0x2B,
    0x17, 0xF8, 0xC8, 0x86, 0x4A, 0x8A, 0x2A, 0x72, 0x7B, 0xDC, 0xF9, 0x8F, 0x8C, 0x2D, 0x2A, 0x20,
    0x59, 0xCB, 0x33, 0x2B, 0xF9, 0x2C, 0xA5, 0x1B, 0xF9, 0xE4, 0xFC, 0xD4, 0x26, 0x43, 0xE1, 0x47,
    0x3B, 0xC7, 0xD8, 0xD5, 0x5C, 0xCE, 0x95, 0xC8, 0xDD, 0x38, 0x79, 0xEE, 0xE8, 0x14, 0xC5, 0x06,
    0xB7, 0xC4, 0x7A, 0xC7, 0xC0, 0x2B, 0x4A, 0x93, 0x9F, 0xE2, 0x01, 0x70, 0x3F, 0x68, 0xB3, 0xD5,
    0x67, 0x36, 0x1C, 0x5C, 0xC6, 0x96, 0x61, 0x65, 0x54, 0x19, 0x34, 0x69, 0x39, 0xAC, 0x8C, 0x2A,
    0x83, 0xCA, 0x98, 0x32, 0x9C, 0x98, 0x46, 0x06, 0x2C, 0x74, 0xB8, 0x73, 0x93, 0xF9, 0x22, 0x15,
    0xF1, 0x47, 0x24, 0xB7, 0x8B, 0x6C, 0x48, 0xF9, 0x91, 0xCB, 0x33, 0x22, 0xC0, 0x63, 0x0E, 0x19,
    0xAB, 0x06, 0x18, 0x39, 0xE9, 0x0D, 0x7B, 0x1A, 0x04, 0xF1, 0x9B, 0xA0, 0xC1, 0xA8, 0xF6, 0xAE,
    0xE6, 0xFA, 0x90, 0x1D, 0x87, 0xEA, 0x11, 0xA6, 0xF9, 0xCD, 0xA9, 0xDF, 0xC4, 0x09, 0x68, 0x38,
    0x3A, 0xDC, 0x42, 0x5A, 0xE9, 0x5F, 0xFC, 0xAA, 0x45, 0xB5, 0xA4, 0x7D, 0xE5, 0x62, 0xBC, 0x99,
    0xD1, 0x0A, 0x83, 0x74, 0x2B, 0xCA, 0x50, 0x5C, 0x38, 0x0A, 0x8B, 0x86, 0x5A, 0xA3, 0xC9, 0xB5,
    0x55, 0x5F, 0x73, 0xDA, 0x6E, 0xD5, 0x9D, 0xB4, 0x8D, 0x06, 0x7A, 0xD5, 0x6C, 0xC3, 0x36, 0xDE,
    0xF0, 0xCA, 0xA2, 0xE7, 0x3D, 0x69, 0x5B, 0xD0, 0x6A, 0xEB, 0x5C, 0x64, 0xAB, 0x96, 0xA2, 0x7E,
    0xE4, 0xCA, 0x64, 0x40, 0xB2, 0x15, 0x27, 0xFD, 0x8D, 0xFE, 0xDF, 0xD0, 0xB1, 0xF1, 0xA1, 0x1B,
    0x34, 0x2A, 0x26, 0x61, 0xC5, 0x38, 0x30, 0x24, 0xEC, 0x76, 0x6A, 0xBD, 0xA1, 0x78, 0xA7, 0xC6,
    0x4F, 0x4E, 0x75, 0x9A, 0x5F, 0x9B, 0xA5, 0xC4, 0x4F, 0xB6, 0x16, 0xD1, 0x93, 0x56, 0x24, 0x8F,
    0x5B, 0x31, 0x46, 0xDC, 0x89, 0xDC, 0x71, 0x27, 0x26, 0x8C, 0x3B, 0x91, 0x28, 0x6E, 0xA5, 0x59,
    0xB4, 0x05, 0x49, 0x14, 0xB4, 0x32, 0x9B, 0xA5, 0x5C, 0xCB, 0x6B, 0x91, 0x51, 0x82, 0x6D, 0x2D,
    0xC1, 0x96, 0x6E, 0x9F, 0xF4, 0x8C, 0x1F, 0x51, 0xBB, 0x22, 0xCF, 0xA8, 0x0C, 0xF2, 0xCC, 0xF9,
    0x4D, 0x0D, 0x91, 0x8F, 0xCD, 0x0D, 0x0F, 0xAC, 0xB3, 0xF8, 0xD0, 0x1F, 0xB9, 0xC5, 0x54, 0x39,
    0x46, 0xE8, 0x42, 0x55, 0x33, 0x38, 0x69, 0xE9, 0xF9, 0x5C, 0x35, 0x26, 0x87, 0xCF, 0x82, 0x86,
    0x37, 0x9E, 0x70, 0x80, 0x94, 0x63, 0xE5, 0xEC, 0x9E, 0x56, 0x4A, 0xA8, 0x44, 0xC2, 0x4B, 0xC9,
    0x68, 0xAF, 0x8B, 0x27, 0x64, 0x47, 0xDC, 0x19, 0x13, 0x1A, 0x66, 0x7E, 0xA6, 0x04, 0xB2, 0x9E,
    0xD6, 0x43, 0xA5, 0x0E, 0x14, 0xF5, 0xC7, 0x6A, 0xF8, 0x95, 0xB2, 0xB8, 0xE9, 0x43, 0x71, 0xEF,
    0x30, 0x28, 0x46, 0xC5, 0x63, 0xF1, 0x5C, 0x3C, 0x18, 0x23, 0x03, 0x43, 0x03, 0x63, 0x03, 0x83,
    0x03, 0xA3, 0x63, 0x9E, 0xD2, 0x98, 0x9B, 0x34, 0x96, 0xA0, 0x9D, 0x9D, 0xB6, 0x96, 0x85, 0xED,
    0x24, 0x8F, 0x1B, 0x24, 0x18, 0x25, 0x18, 0x26, 0x18, 0x27, 0x18, 0x28, 0x18, 0x29, 0x18, 0x2A,
    0x18, 0xAB, 0x00, 0xCB, 0xD3, 0x0A, 0xB8, 0xA6, 0x18, 0xB2, 0xD4, 0xAF, 0x52, 0x21, 0xD3, 0xEE,
    0x4E, 0xC8, 0xAC, 0xE7, 0x0C, 0x75, 0x4E, 0x53, 0xCC, 0xBA, 0x42, 0x49, 0x12, 0xDC, 0xC1, 0xAE,
    0xFE, 0xDA, 0x85, 0xB2, 0x33, 0x78, 0x4A, 0x0F, 0x8A, 0x0F, 0xCA, 0x0F, 0x0A, 0x10, 0x4A, 0x10,
    0x8A, 0x10, 0xCA, 0x10, 0x0A, 0x11, 0x4A, 0x11, 0x8A, 0x11, 0xCA, 0x51, 0xDB, 0x25, 0x94, 0x24,
    0x14, 0xA5, 0xB1, 0x34, 0x98, 0x9E, 0xA6, 0xE1, 0xDC, 0xE3, 0x19, 0xAB, 0xF0, 0x30, 0xA2, 0x4F,
    0xE7, 0x94, 0xFC, 0xE3, 0x6C, 0x62, 0x69, 0x28, 0x8D, 0xE4, 0xDB, 0x20, 0xAF, 0x46, 0x68, 0x29,
    0xA5, 0x99, 0xEA, 0xA9, 0x8A, 0x7D, 0xCA, 0x29, 0xE2, 0x30, 0xEF, 0x3D, 0x24, 0x65, 0xA4, 0x88,
    0x0E, 0xF6, 0xF9, 0x5C, 0x68, 0x68, 0x9D, 0xDB, 0xE9, 0x87, 0xA5, 0x51, 0xB1, 0x93, 0xC6, 0xFB,
    0xFC, 0xEC, 0xDC, 0x22, 0xEC, 0x9B, 0x6B, 0x18, 0x61, 0x76, 0x38, 0x55, 0xEF, 0xCB, 0xE5, 0x64,
    0x1A, 0x26, 0xFF, 0xB4, 0x7D, 0xA1, 0xD1, 0xF6, 0xF0, 0x6A, 0x44, 0xDB, 0x51, 0xF9, 0x91, 0xFC,
    0x70, 0xDD, 0x53, 0xF9, 0xFF, 0x6F, 0xCA, 0xB2, 0xA8, 0x73, 0xB9, 0x2B, 0xB2, 0x15, 0xAB, 0x46,
    0x1E, 0xFE, 0x67, 0x91, 0xE7, 0x8F, 0xAA, 0xBE, 0x2F, 0xD6, 0x7F, 0xFD, 0x12, 0xF1, 0x8F, 0xAE,
    0x13, 0xB5, 0xB3, 0xB0, 0x8A, 0x62, 0x20, 0xE2, 0x52, 0x05, 0xA2, 0x61, 0x48, 0x15, 0x43, 0xA1,
    0xA1, 0x36, 0x9C, 0x68, 0x96, 0xE4, 0x44, 0x2C, 0xB2, 0x2D, 0xB9, 0x22, 0x89, 0xAE, 0x32, 0x8C,
    0x77, 0xAC, 0xFA, 0xD4, 0x00, 0xBA, 0xDA, 0x52, 0xF5, 0xA9, 0xBD, 0x2A, 0xAF, 0xBA, 0x1F, 0x4C,
    0xAA, 0x5F, 0xAA, 0xD5, 0x21, 0x8E, 0x6A, 0x9F, 0x28, 0xEC, 0xE4, 0x35, 0xD2, 0xD2, 0x62, 0x5C,
    0xA9, 0x84, 0xC5, 0xA2, 0x1C, 0xEF, 0x4F, 0xD6, 0x38, 0xF4, 0x4F, 0xB2, 0x3B, 0x72, 0xA4, 0x55,
    0x49, 0x52, 0xEC, 0xAD, 0x2C, 0xB7, 0x96, 0x35, 0xFF, 0xEC, 0x2D, 0x6D, 0xD2, 0xA6, 0x24, 0xBA,
    0x45, 0x48, 0x9C, 0x21, 0x73, 0x86, 0xD4, 0x19, 0x72, 0x67, 0x48, 0x9E, 0x21, 0x7B, 0x86, 0xF4,
    0x19, 0xF2, 0x67, 0x48, 0xA0, 0x21, 0x83, 0x86, 0x14, 0x1A, 0x72, 0x68, 0x48, 0xA2, 0x21, 0x8B,
    0x86, 0x34, 0x1A, 0xF2, 0x68, 0x48, 0xA4, 0x21, 0x93, 0x8E, 0xA9, 0x34, 0xE4, 0xD2, 0x31, 0x99,
    0x4E, 0xF4, 0xEF, 0x9C, 0xAA, 0x15, 0xD4, 0x1A, 0xCD, 0xE4, 0x06, 0xB6, 0x06, 0xD0, 0xF5, 0x26,
    0x2D, 0xEA, 0x42, 0xF9, 0x77, 0x4B, 0x8B, 0x20, 0xD7, 0xB3, 0x64, 0x76, 0x4E, 0xC6, 0x13, 0xCC,
    0xAE, 0x26, 0xE7, 0xFE, 0xC2, 0xD2, 0xE6, 0xEC, 0xD9, 0x3E, 0x52, 0x84, 0xF3, 0x89, 0x3F, 0xE7,
    0xD8, 0x67, 0xBC, 0x13, 0x9C, 0xD7, 0x89, 0xED, 0xF7, 0x01, 0xDA, 0xE8, 0xE6, 0xB9, 0x6A, 0x9F,
    0xD8, 0xA4, 0x69, 0x75, 0x72, 0x79, 0xB9, 0xD8, 0xFA, 0xAA, 0x6E, 0xAC, 0xEB, 0x26, 0x98, 0x59,
    0xB9, 0x17, 0xB0, 0x0B, 0xAF, 0x6C, 0x28, 0xBF, 0xD3, 0x72, 0xAC, 0xC2, 0xAF, 0x13, 0x63, 0xAD,
    0x10, 0xBD, 0xB1, 0xAC, 0x46, 0xF4, 0x41, 0xCB, 0xC9, 0xC9, 0xCA, 0x44, 0xAB, 0x13, 0x6D, 0xE1,
    0xC8, 0x4A, 0xF1, 0x52, 0xF1, 0x8E, 0x4E, 0xA1, 0xD3, 0x6B, 0xB2, 0x8D, 0x34, 0xE3, 0xE4, 0xEE,
    0x77, 0x55, 0xF4, 0x38, 0x73, 0xEA, 0xA5, 0x4F, 0x23, 0x13, 0xF7, 0x3D, 0x5C, 0xCF, 0xFC, 0xFC,
    0x18, 0x77, 0x79, 0x5B, 0xF9, 0x82, 0xAA, 0xFE, 0xC5, 0x7D, 0xAC, 0x2F, 0x68, 0xC4, 0x07, 0x68,
    0xFC, 0x82, 0xF6, 0x72, 0x45, 0xEF, 0x75, 0x9B, 0x3D, 0x11, 0x9C, 0x78, 0x77, 0x13, 0x04, 0x8B,
    0x6E, 0x7F, 0xAD, 0x11, 0xD5, 0x6F, 0x56, 0x62, 0x97, 0x8E, 0x9A, 0xDF, 0xB1, 0x54, 0x13, 0xDA,
    0x56, 0xB5, 0x4F, 0xB4, 0xB7, 0xC7, 0xA4, 0x7B, 0xA2, 0x5B, 0xAE, 0x5B, 0x2D, 0x4B, 0x07, 0x9D,
    0x56, 0x36, 0xDC, 0x16, 0x8D, 0x36, 0xB6, 0x83, 0xCB, 0x36, 0xEE, 0x6C, 0x27, 0x97, 0x86, 0x58,
    0xB4, 0x5C, 0x43, 0x24, 0xAD, 0xED, 0xE5, 0xEA, 0x36, 0xEC, 0x8A, 0x24, 0xD3, 0x25, 0x53, 0x76,
    0xB6, 0x4C, 0x75, 0x4F, 0x97, 0x4C, 0x8B, 0xDA, 0xF6, 0x75, 0xC9, 0xA5, 0x50, 0x11, 0x2A, 0x6D,
    0xAD, 0x92, 0x1C, 0xC8, 0x4B, 0x30, 0x0A, 0x75, 0xB1, 0x6B, 0xD6, 0x72, 0x9F, 0x3F, 0x75, 0xCF,
    0x25, 0x3D, 0x88, 0x2E, 0x94, 0xA2, 0xD2, 0xA5, 0x76, 0xF4, 0xE8, 0x4D, 0x1E, 0x66, 0xFD, 0x64,
    0xA7, 0x9D, 0xF4, 0xE5, 0x06, 0x6E, 0x2F, 0x37, 0xC4, 0x1D, 0x9B, 0x36, 0x59, 0xCB, 0xDD, 0x22,
    0x56, 0xB2, 0x16, 0xA9, 0xD2, 0x95, 0x08, 0x95, 0x2E, 0x73, 0x36, 0x32, 0x74, 0xE6, 0x97, 0xA3,
    0x94, 0xB0, 0xA2, 0x68, 0xE7, 0x74, 0xBE, 0x2D, 0x4B, 0xC5, 0x81, 0x6E, 0x3B, 0xD0, 0x5F, 0x1C,
    0x8E, 0x37, 0x68, 0xBE, 0xDB, 0x48, 0x9D, 0xEB, 0xD6, 0xBD, 0xC8, 0xF7, 0x79, 0xB7, 0xBB, 0xB9,
    0x7C, 0x17, 0x7E, 0xBF, 0x3B, 0x1A, 0xC6, 0x15, 0xD6, 0xD7, 0x7E, 0x3A, 0x53, 0xCF, 0x2A, 0xD4,
    0xCF, 0xF0, 0xD2, 0xB6, 0x5C, 0xA6, 0x65, 0x98, 0xBE, 0xD3, 0xF0, 0x54, 0x3E, 0xD5, 0x3F, 0xEF,
    0x8D, 0x9D, 0x5E, 0x19, 0x26, 0xFA, 0x76, 0x26, 0xE3, 0xE5, 0x1B, 0xD5, 0x38, 0xA3, 0x53, 0xFA,
    0xF9, 0x00, 0x1F, 0xDD, 0x29, 0x42, 0xF3, 0x9F, 0x10, 0x3A, 0x2A, 0xFF, 0x55, 0xAD, 0x70, 0xFC,
    0x76, 0xAD, 0x30, 0x3B, 0x1B, 0x43, 0x5E, 0x79, 0x88, 0x4D, 0x95, 0x88, 0x68, 0xA5, 0x4C, 0x24,
    0x02, 0xF5, 0x05, 0x85, 0x53, 0xFE, 0x91, 0xE4, 0x13, 0x25, 0xE3, 0x6A, 0x3D, 0x33, 0xD3, 0xED,
    0xBE, 0xFB, 0xE0, 0x80, 0x46, 0x68, 0x7A, 0x07, 0x62, 0x94, 0xCC, 0x4E, 0x14, 0xC4, 0x48, 0xD9,
    0xF7, 0xDC, 0xBF, 0x1B, 0x21, 0xA5, 0xF1, 0xDD, 0x48, 0x6D, 0xC6, 0x35, 0x66, 0xF0, 0xD4, 0xE0,
    0xB9, 0xC1, 0x93, 0x83, 0x67, 0x07, 0x4F, 0x8F, 0xB9, 0xFA, 0xB9, 0x4E, 0xB9, 0x33, 0xDB, 0x1E,
    0x22, 0x43, 0x4B, 0x63, 0x53, 0x64, 0xDD, 0xB1, 0x3C, 0x56, 0xD4, 0x3B, 0x0B, 0xCB, 0x99, 0x79,
    0xEE, 0x62, 0xBD, 0xBB, 0x48, 0x3B, 0xF0, 0x58, 0xF5, 0xF5, 0x98, 0xD5, 0x17, 0xCA, 0xB3, 0x2A,
    0x09, 0xF3, 0x8F, 0x81, 0xCA, 0xC5, 0xD2, 0x3D, 0xA9, 0x8A, 0x29, 0xC8, 0xB5, 0x53, 0x8D, 0xBC,
    0x72, 0x5E, 0xB7, 0xD4, 0x54, 0x53, 0x0D, 0x4B, 0x53, 0x70, 0xD4, 0xCB, 0xBF, 0xFE, 0x69, 0x54,
    0x90, 0xC8, 0x5E, 0x02, 0xC5, 0x76, 0x4A, 0x06, 0x45, 0x79, 0x4C, 0x2D, 0x95, 0x38, 0x8C, 0x39,
    0x3C, 0xF5, 0x89, 0x7B, 0xA8, 0x24, 0xE2, 0xFE, 0x5D, 0x95, 0x84, 0xCF, 0xE0, 0xD1, 0xB5, 0x24,
    0x1F, 0x59, 0x25, 0x01, 0x3F, 0xFB, 0x35, 0xD8, 0x99, 0x2B, 0x42, 0x70, 0xC4, 0x7E, 0x1D, 0x5E,
    0x5E, 0x0D, 0xF2, 0x28, 0xFC, 0x6B, 0xC2, 0x22, 0x20, 0x7F, 0xE5, 0xCF, 0xDF, 0xEE, 0xBB, 0x42,
    0xD6, 0xED, 0x69, 0x8B, 0xCF, 0xFC, 0xDF, 0xF7, 0xAE, 0x93, 0x07, 0xFC, 0x03, 0xE5, 0x56, 0x3D,
    0x8E, 0xD3, 0x40, 0x18, 0xFD, 0xC6, 0x16, 0x1B, 0xB1, 0x2E, 0xB2, 0x05, 0x48, 0x48, 0x14, 0x6E,
    0xA8, 0x10, 0xC2, 0x17, 0x60, 0xB1, 0xB9, 0x01, 0x05, 0x1D, 0xED, 0x1E, 0x82, 0x86, 0x75, 0x8E,
    0xB0, 0x15, 0xF5, 0x16, 0x74, 0x5C, 0x60, 0x25, 0x20, 0xCE, 0x11, 0x72, 0x04, 0x77, 0x14, 0x34,
    0x53, 0x18, 0xC9, 0x48, 0x49, 0x86, 0xF7, 0xDE, 0x97, 0x64, 0x97, 0xE5, 0x02, 0x89, 0xF0, 0xAE,
    0xFD, 0xC6, 0xCE, 0x78, 0xFC, 0x7E, 0xBE, 0x7C, 0xB1, 0xD9, 0xE9, 0x67, 0xE3, 0x36, 0xDD, 0x08,
    0x1E, 0xB4, 0x02, 0x2B, 0x1B, 0x41, 0xAD, 0xE3, 0xC9, 0xDA, 0xA7, 0xF4, 0x0E, 0xFE, 0xD1, 0x74,
    0x7F, 0xA1, 0x5C, 0xFA, 0xDC, 0x45, 0x3E, 0x58, 0x3E, 0xB6, 0xCD, 0x24, 0x5A, 0xFE, 0x6B, 0x6D,
    0x84, 0x34, 0x58, 0xD1, 0xDB, 0x24, 0xCD, 0x6C, 0xBA, 0xB4, 0x62, 0xC0, 0x2D, 0x0B, 0x8E, 0xAC,
    0x5C, 0x70, 0x64, 0x95, 0x43, 0x3D, 0xE3, 0x05, 0xAB, 0x1B, 0xAB, 0x66, 0x7A, 0x26, 0x46, 0xD6,
    0xEA, 0xDF, 0xE6, 0x66, 0x1D, 0x60, 0x63, 0x81, 0x04, 0xD7, 0x96, 0x3B, 0x14, 0xA4, 0x94, 0xEC,
    0xF5, 0x0A, 0xD0, 0x7D, 0x5A, 0x11, 0xEA, 0xD4, 0x8F, 0xE4, 0x95, 0xDE, 0x0C, 0xA4, 0xF3, 0xD6,
    0x85, 0x58, 0xB8, 0xB2, 0x2B, 0xF1, 0x5D, 0x67, 0xA2, 0x5B, 0xA7, 0x9F, 0x0B, 0xE2, 0xC7, 0x0A,
    0xAC, 0xB0, 0xDD, 0x64, 0xAE, 0xFC, 0xCC, 0x6E, 0xB7, 0xEC, 0xDA, 0x71, 0x32, 0xC8, 0x81, 0xCB,
    0x22, 0x8A, 0xCB, 0x06, 0x82, 0xE7, 0x7C, 0x7C, 0xBD, 0x30, 0xD1, 0x48, 0xA4, 0x62, 0x21, 0x8D,
    0x16, 0xC0, 0x20, 0xC3, 0x82, 0xC4, 0x1C, 0x34, 0x32, 0xEC, 0xB0, 0x43, 0x3B, 0x8C, 0xB0, 0x1C,
    0x3B, 0x56, 0xD1, 0x18, 0x8E, 0x68, 0x4C, 0x23, 0x68, 0x21, 0x2D, 0xD8, 0x9A, 0xB2, 0x73, 0xC5,
    0xFD, 0x00, 0x3F, 0x19, 0xD2, 0xF8, 0x98, 0x54, 0xB6, 0xCE, 0x08, 0x37, 0x5B, 0xA4, 0x15, 0xF8,
    0x3C, 0xA3, 0x09, 0xB8, 0x77, 0x42, 0xF9, 0x65, 0xB4, 0x0A, 0x8F, 0xB0, 0x22, 0x7D, 0x49, 0x94,
    0x9B, 0xA5, 0x94, 0x24, 0xA9, 0x4D, 0x83, 0xDB, 0xF2, 0x6E, 0xAB, 0xF5, 0x02, 0x7F, 0xE0, 0x95,
    0x9A, 0x28, 0xF3, 0x7E, 0x10, 0xAA, 0xF7, 0xBA, 0xE9, 0x95, 0x25, 0x66, 0xFD, 0xC8, 0x8E, 0x24,
    0xEA, 0xFF, 0x2D, 0xBA, 0xDB, 0x0A, 0x77, 0xC9, 0xD1, 0xB1, 0xB8, 0x87, 0xA1, 0xB1, 0xFB, 0xDB,
    0xD1, 0xC4, 0x69, 0xF6, 0xC4, 0x61, 0xEE, 0xE0, 0x4E, 0x98, 0x37, 0x24, 0x7B, 0x76, 0x27, 0x73,
    0x46, 0x67, 0xB6, 0xDA, 0xCF, 0xAD, 0xA4, 0x93, 0x5F, 0xF1, 0x70, 0x77, 0xB9, 0x4B, 0x9C, 0xAF,
    0x6A, 0x4E, 0x07, 0xD5, 0x22, 0x82, 0x76, 0xB9, 0x84, 0x84, 0x7A, 0x06, 0x39, 0x1D, 0x14, 0x06,
    0x30, 0xEC, 0xB1, 0xD6, 0xA4, 0x87, 0x7D, 0x79, 0xC4, 0x47, 0x79, 0x64, 0x42, 0x03, 0xB4, 0x84,
    0xDF, 0x5C, 0x5E, 0x29, 0x24, 0x7A, 0xDB, 0x31, 0x9E, 0x96, 0xEE, 0xAA, 0x6B, 0x52, 0xAD, 0x92,
    0x75, 0x7A, 0x9C, 0xCB, 0x9A, 0x52, 0x41, 0x39, 0x3D, 0x96, 0xD4, 0x2E, 0xA6, 0x4C, 0x7D, 0xD7,
    0x59, 0x3B, 0x6D, 0x72, 0xDB, 0x11, 0x77, 0xE6, 0xFF, 0x44, 0x07, 0x92, 0xA8, 0x15, 0xE4, 0x80,
    0x95, 0x98, 0x4B, 0x64, 0x48, 0x1C, 0xF4, 0x2A, 0x9F, 0x48, 0xFF, 0x51, 0xAF, 0x73, 0x56, 0xAD,
    0xEA, 0x39, 0xE6, 0xAA, 0x66, 0x3E, 0x33, 0x1B, 0x99, 0x7A, 0x18, 0x19, 0x58, 0xA0, 0x7A, 0xB3,
    0x51, 0xBC, 0x57, 0x4E, 0xD7, 0xAD, 0x53, 0x02, 0x9D, 0x28, 0xB6, 0xEA, 0x93, 0xAD, 0x88, 0xF8,
    0xCF, 0x82, 0xC4, 0x49, 0x93, 0x4B, 0xD9, 0x96, 0x58, 0xC5, 0x32, 0xFA, 0xAA, 0x5E, 0xD1, 0x69,
    0xAD, 0xB6, 0x3F, 0x28, 0xAB, 0xF7, 0xBD, 0x81, 0xF7, 0xB3, 0x88, 0xBD, 0xF0, 0x69, 0x84, 0x9D,
    0x1C, 0x9C, 0xBB, 0xA7, 0x62, 0xCF, 0xAE, 0x51, 0x44, 0xF5, 0x91, 0x25, 0x56, 0x83, 0xBB, 0x0F,
    0xFF, 0x76, 0x17, 0x67, 0xB3, 0x9D, 0x45, 0x41, 0x55, 0xC4, 0x43, 0xC6, 0xD3, 0xBA, 0xDF, 0x15,
    0xD3, 0x8D, 0x77, 0xF8, 0x03, 0x2B, 0x7D, 0x7B, 0xAE, 0x8E, 0x55, 0xCB, 0x93, 0xC7, 0xDF, 0x75,
    0xE9, 0x5C, 0xC7, 0x6F, 0x3C, 0x3C, 0x95, 0x9A, 0x4A, 0x73, 0x5E, 0xEA, 0xF2, 0x0B, 0x3B, 0xE2,
    0xAF, 0x81, 0xBF, 0x81, 0x4C, 0x37, 0x78, 0xFD, 0xA8, 0xF8, 0xEE, 0x71, 0x5E, 0xA2, 0xA9, 0x7E,
    0xE0, 0x5B, 0xC7, 0x99, 0x1D, 0x64, 0x67, 0x02, 0xDF, 0x6B, 0xBE, 0x10, 0x06, 0xD0, 0x07, 0x63,
    0xA8, 0x12, 0x65, 0xE7, 0x7C, 0x8F, 0xF4, 0xB1, 0x85, 0xF1, 0x07, 0xCD, 0x59, 0xBF, 0x8F, 0xE5,
    0x56, 0x15, 0x3E, 0x7E, 0xDE, 0x59, 0x2B, 0x6B, 0x29, 0xDE, 0x62, 0x37, 0x4A, 0x82, 0xB4, 0xA6,
    0x00, 0x89, 0xAC, 0xD8, 0x75, 0x1B, 0xA1, 0x99, 0xB1, 0x93, 0xFC, 0x01, 0x99, 0x22, 0x23, 0x24,
    0x28, 0x42, 0x11, 0x24, 0xD8, 0x66, 0xD2, 0x44, 0x8A, 0xD0, 0xCC, 0xB3, 0x93, 0x14, 0x14, 0x14,
    0x2C, 0x2D, 0x34, 0x5B, 0xA4, 0x48, 0x1E, 0x12, 0xA1, 0x48, 0xB1, 0x48, 0xEF, 0xCD, 0xBB, 0x0B,
    0x45, 0x8A, 0x14, 0x98, 0x44, 0x88, 0x12, 0x07, 0x42, 0x43, 0x83, 0x0B, 0xA3, 0x98, 0xE0, 0x67,
    0xF3, 0x7D, 0xE7, 0xDA, 0x7E, 0xEF, 0x4D, 0x92, 0xD5, 0x92, 0x1D, 0x21, 0x3C, 0xF6, 0xB5, 0xC7,
    0xF7, 0xDC, 0x73, 0xCF, 0xFD, 0xEE, 0xF9, 0xE9, 0x27, 0x07, 0x22, 0xEF, 0x8A, 0xDC, 0x90, 0x5B,
    0xEF, 0x24, 0x5D, 0x97, 0x95, 0xD7, 0xA4, 0x7C, 0x55, 0xCA, 0x3B, 0x52, 0xCA, 0xC3, 0x9E, 0x77,
    0x44, 0x9C, 0x44, 0xBC, 0x4C, 0xAE, 0x89, 0x4C, 0x67, 0xC9, 0xB2, 0x33, 0x37, 0x5C, 0xE3, 0x3F,
    0x67, 0x26, 0x6F, 0x18, 0x71, 0x1F, 0xFE, 0xCC, 0x2E, 0xCD, 0xEE, 0x44, 0x5D, 0x15, 0x77, 0xE5,
    0xD5, 0xC3, 0x83, 0xCD, 0xE7, 0xB8, 0xEB, 0xBA, 0x22, 0x45, 0x93, 0x2F, 0xD1, 0x98, 0x4B, 0xB3,
    0xD9, 0x2C, 0x89, 0xF0, 0x94, 0xB1, 0x23, 0xB9, 0x7A, 0x78, 0x78, 0x28, 0x7C, 0xC7, 0xE3, 0x4D,
    0xBE, 0xE7, 0x51, 0xC7, 0xFD, 0x43, 0xC5, 0x7E, 0x1E, 0x07, 0x0F, 0x42, 0xF3, 0x0D, 0x79, 0xEA,
    0x44, 0xF6, 0xFF, 0x97, 0xA7, 0xF4, 0x47, 0xC8, 0xB5, 0x44, 0xE3, 0x82, 0xD6, 0x07, 0x16, 0xDE,
    0x0A, 0x16, 0xBE, 0x12, 0x74, 0xBC, 0x20, 0xB2, 0x27, 0x73, 0xA7, 0x76, 0x2B, 0xAF, 0x0C, 0xF2,
    0xC8, 0xC4, 0xD9, 0x32, 0x01, 0x71, 0xEB, 0xAC, 0xDC, 0xC6, 0xAD, 0xFC, 0x22, 0x30, 0x61, 0x16,
    0xCB, 0x89, 0x80, 0xEE, 0x85, 0xFE, 0x1D, 0xE8, 0xF8, 0x6E, 0x2A, 0x73, 0x39, 0xC5, 0x91, 0xC6,
    0x71, 0x1C, 0xED, 0x80, 0x4B, 0x25, 0xF3, 0x49, 0xE9, 0xD4, 0x5E, 0xE1, 0x56, 0x81, 0xF1, 0xCA,
    0xC8, 0x04, 0x79, 0x9C, 0x44, 0x66, 0x29, 0x71, 0x86, 0xF9, 0x9E, 0x6D, 0xE4, 0xD0, 0x01, 0x97,
    0xD6, 0xAD, 0x9C, 0x95, 0x5F, 0xBA, 0x4D, 0x00, 0xBA, 0xD0, 0xF8, 0x45, 0x9C, 0x05, 0x26, 0x96,
    0x30, 0x5B, 0x48, 0x2C, 0x8D, 0x9C, 0x38, 0x25, 0x26, 0x3A, 0xE0, 0x6C, 0x07, 0xA0, 0xAB, 0x40,
    0x57, 0x82, 0x2E, 0xF7, 0xCB, 0x28, 0x03, 0x3F, 0xD0, 0x9D, 0x2A, 0xDD, 0xD4, 0xE1, 0x74, 0x85,
    0x2C, 0xBC, 0xB2, 0xF5, 0xCA, 0x53, 0x9C, 0x6E, 0x39, 0x75, 0xCB, 0xFD, 0x49, 0x19, 0x4F, 0xAA,
    0xD8, 0xA9, 0x22, 0xA9, 0x76, 0x04, 0x6C, 0xDE, 0x82, 0x8A, 0x35, 0x22, 0x13, 0x5E, 0x35, 0x2E,
    0x68, 0x9D, 0xCB, 0xAB, 0x90, 0x0B, 0xAE, 0xB9, 0x12, 0xD9, 0x3D, 0xAB, 0xBF, 0xF5, 0x8B, 0x9F,
    0xBF, 0x2B, 0x41, 0x22, 0x12, 0x10, 0x38, 0x5C, 0x11, 0x2E, 0x22, 0xB9, 0x87, 0xEB, 0x04, 0xD7,
    0x1C, 0x57, 0x63, 0x2F, 0xA7, 0xB6, 0xAC, 0xDC, 0xCA, 0xB2, 0xF2, 0x70, 0x05, 0xBC, 0x0A, 0x0C,
    0x2D, 0x08, 0xF0, 0xA5, 0xDB, 0xE4, 0x92, 0xB3, 0x31, 0x6C, 0x32, 0x32, 0x4C, 0x7A, 0xAE, 0x72,
    0x13, 0xC3, 0xDB, 0xD3, 0xA5, 0x71, 0xA9, 0x7A, 0x2E, 0x9E, 0xD0, 0x7D, 0x97, 0x1D, 0xE0, 0xA9,
    0xCC, 0x95, 0xBB, 0xB8, 0xDA, 0x94, 0x43, 0xE3, 0x91, 0x9D, 0x07, 0x76, 0x5F, 0xF7, 0xEE, 0xBD,
    0xC0, 0x2D, 0xAC, 0xB8, 0x85, 0xA5, 0x7C, 0xFF, 0xF9, 0x9D, 0x3B, 0x56, 0x64, 0xCB, 0x3D, 0xD6,
    0x1D, 0x66, 0xD3, 0x8E, 0xCD, 0x81, 0x04, 0x2B, 0x89, 0xBA, 0x24, 0xEE, 0xB2, 0xB4, 0x33, 0xF6,
    0xC4, 0x73, 0xD8, 0x89, 0xC7, 0x49, 0xC4, 0x87, 0xF0, 0xB9, 0x04, 0x35, 0x54, 0x06, 0x64, 0x79,
    0x44, 0x4C, 0x3E, 0x8E, 0x5B, 0x49, 0x73, 0x0A, 0x06, 0xC1, 0x77, 0x24, 0x36, 0x4B, 0xFE, 0x25,
    0x8F, 0xCB, 0xC5, 0x44, 0x0E, 0xA2, 0xDC, 0xAD, 0xE3, 0xDC, 0x6F, 0xE2, 0x3C, 0xA8, 0x63, 0xE3,
    0x97, 0x8F, 0xC0, 0x8C, 0xF9, 0x1E, 0x84, 0xE8, 0x6A, 0x24, 0xCD, 0xE2, 0xDC, 0x6B, 0x04, 0xF6,
    0x04, 0x22, 0xDE, 0x8C, 0x57, 0x49, 0x27, 0x20, 0xBB, 0x2D, 0x57, 0xE4, 0x22, 0xB8, 0xA5, 0x79,
    0x6A, 0xD2, 0xEC, 0x09, 0xB9, 0x35, 0xCB, 0x80, 0xC2, 0xC3, 0x7B, 0x92, 0xF1, 0xFC, 0xB5, 0x08,
    0x8C, 0x19, 0x3C, 0xCF, 0xC3, 0x81, 0xAC, 0x3D, 0x49, 0xDA, 0xE5, 0x9F, 0x7B, 0x9E, 0x8B, 0xD0,
    0xE0, 0xF3, 0xA3, 0x59, 0xF6, 0xB2, 0xC8, 0x78, 0xBE, 0x72, 0x98, 0x9C, 0x23, 0xF3, 0xEB, 0x33,
    0x28, 0xCF, 0xFA, 0xBC, 0x7A, 0x78, 0x6E, 0x92, 0x6F, 0x1C, 0xCB, 0xC2, 0x5A, 0x8C, 0xB8, 0x5D,
    0x6D, 0x6D, 0x45, 0xFC, 0xBF, 0x35, 0x32, 0xA9, 0xD4, 0x17, 0x65, 0x27, 0xE2, 0x15, 0x56, 0x49,
    0xF7, 0x24, 0xA0, 0x55, 0x80, 0x78, 0xDF, 0x6A, 0x2B, 0x0C, 0xEC, 0x44, 0x16, 0xFA, 0x34, 0x87,
    0xFD, 0xAB, 0x4A, 0x82, 0xC1, 0xDC, 0x2D, 0xFB, 0xA7, 0xC6, 0x0E, 0x80, 0x81, 0xD4, 0xD1, 0x33,
    0x74, 0x0D, 0x52, 0x3B, 0xD5, 0x34, 0x6C, 0x25, 0xE8, 0xA4, 0x71, 0xCB, 0x26, 0xA5, 0xE3, 0x36,
    0x8B, 0xE0, 0x83, 0x72, 0x15, 0x9A, 0x36, 0xC0, 0xEA, 0x7E, 0xFC, 0x41, 0xE5, 0xDF, 0xAB, 0xBD,
    0x3C, 0x6A, 0x83, 0x37, 0x4A, 0xEF, 0xC3, 0xD2, 0x2D, 0x2E, 0xDE, 0x89, 0xBD, 0xDC, 0xFB, 0xB0,
    0x80, 0xE1, 0xCB, 0xDC, 0x37, 0xFE, 0x7B, 0x39, 0x2C, 0xCA, 0x81, 0xA3, 0xF2, 0xDF, 0x37, 0x78,
    0x72, 0x8B, 0x20, 0x0B, 0x7E, 0x6F, 0x7C, 0x03, 0xE1, 0xF0, 0xF4, 0x53, 0x83, 0x29, 0x23, 0x09,
    0xB2, 0xF0, 0x79, 0xFC, 0x0B, 0xF1, 0x82, 0x2C, 0x0E, 0x4C, 0x44, 0x11, 0x82, 0xEC, 0x24, 0x30,
    0xFB, 0x34, 0xCA, 0xE0, 0x0F, 0x8D, 0xFF, 0x51, 0x23, 0x7E, 0x2E, 0x5E, 0x57, 0xBA, 0x30, 0x48,
    0x18, 0xFA, 0xA4, 0x33, 0x4E, 0x97, 0xAB, 0xB4, 0x57, 0x44, 0xAE, 0xCA, 0x99, 0x63, 0x04, 0x69,
    0x0B, 0xA7, 0x2D, 0xA8, 0xB6, 0xD0, 0xDA, 0x02, 0x6C, 0x0B, 0xB3, 0x2D, 0xD8, 0xB6, 0x90, 0xDB,
    0x02, 0x6F, 0x0B, 0xBF, 0x2D, 0x08, 0xB7, 0x50, 0xF4, 0xBB, 0x64, 0x0D, 0xE4, 0x16, 0x96, 0xA7,
    0x7E, 0xB1, 0x86, 0x13, 0x34, 0x23, 0xA2, 0x7F, 0xA9, 0xDC, 0x72, 0x04, 0xF5, 0xAF, 0x25, 0xE7,
    0xEB, 0x71, 0x55, 0x90, 0x07, 0x68, 0xFF, 0x94, 0xE3, 0x9F, 0x01, 0x5D, 0x85, 0x7A, 0x00, 0xF8,
    0x7D, 0xA2, 0x3D, 0x60, 0xFC, 0x13, 0x02, 0x3E, 0xC0, 0xEC, 0x9B, 0x30, 0x19, 0x91, 0xF6, 0x11,
    0x1C, 0x46, 0xB0, 0xBD, 0x72, 0xB1, 0xC6, 0x9B, 0x00, 0xAE, 0x21, 0xEF, 0x8A, 0x0D, 0xD4, 0x77,
    0x08, 0x5C, 0x46, 0x3F, 0xB8, 0xA2, 0xFB, 0xC7, 0x78, 0xE0, 0x89, 0x19, 0x42, 0x85, 0x7F, 0x97,
    0xBD, 0xAF, 0xD5, 0x92, 0xC2, 0x85, 0xAF, 0xBC, 0xD2, 0x01, 0x3E, 0x6E, 0x19, 0x26, 0x5E, 0x11,
    0x83, 0xE6, 0x18, 0x44, 0xB5, 0xEC, 0x23, 0x0C, 0xED, 0xBA, 0xB9, 0xD2, 0xC1, 0x37, 0x82, 0x12,
    0xEC, 0x40, 0x1B, 0x0B, 0xA9, 0x17, 0x42, 0xFA, 0x06, 0x4C, 0x63, 0x04, 0x14, 0x8C, 0xC1, 0x1A,
    0x31, 0x0A, 0xEB, 0xC1, 0x38, 0x84, 0x10, 0x8C, 0xBC, 0xC9, 0x9D, 0x8B, 0x92, 0x10, 0xC1, 0x0D,
    0xC1, 0xD0, 0xB8, 0x80, 0x01, 0xA4, 0x65, 0x04, 0x04, 0x9F, 0x2B, 0xC3, 0xD7, 0xAB, 0xE0, 0x5E,
    0x1D, 0x98, 0xC6, 0x33, 0x73, 0x37, 0xC7, 0xE8, 0xBD, 0x49, 0xB9, 0x2F, 0xE5, 0x35, 0xF4, 0x4E,
    0x05, 0xFD, 0x08, 0x73, 0xAF, 0x57, 0x10, 0xE6, 0x5E, 0x1D, 0x25, 0xA0, 0x0A, 0x32, 0xD0, 0x05,
    0x19, 0x28, 0x7D, 0x03, 0x5A, 0xCF, 0x80, 0x1A, 0xB2, 0x95, 0xD7, 0x26, 0x56, 0xD3, 0x74, 0x41,
    0x0C, 0x70, 0x2B, 0x84, 0x88, 0x3F, 0xC3, 0x99, 0x3F, 0x8F, 0x28, 0xE3, 0x27, 0x72, 0x8C, 0xCC,
    0xAA, 0x72, 0x31, 0x04, 0x49, 0x95, 0x99, 0xE4, 0x81, 0x38, 0xC5, 0x1E, 0xAD, 0xD6, 0xD1, 0x48,
    0x82, 0xD8, 0x94, 0x12, 0x1C, 0xB8, 0x66, 0xC4, 0xAA, 0x34, 0xA1, 0x62, 0x61, 0x91, 0x40, 0xC9,
    0x2F, 0x88, 0x18, 0xD5, 0x11, 0x4C, 0xBF, 0xC7, 0x08, 0xE0, 0xEA, 0x1B, 0xC7, 0x2A, 0xEC, 0x54,
    0x7A, 0x52, 0x72, 0x00, 0x2A, 0x8C, 0x84, 0xC0, 0x28, 0x4E, 0x18, 0x29, 0xAF, 0xAC, 0x95, 0xDD,
    0x51, 0xBA, 0x0B, 0x8C, 0xAB, 0x20, 0xDB, 0x23, 0x0D, 0xEE, 0x2D, 0xC9, 0x63, 0x0D, 0x6F, 0x2B,
    0x76, 0x62, 0xDB, 0x30, 0x12, 0x39, 0x82, 0x06, 0x21, 0x0D, 0x58, 0x20, 0xD0, 0xE8, 0xE7, 0xAC,
    0xB4, 0x1B, 0xF1, 0x2C, 0x61, 0x37, 0x63, 0x2A, 0xBB, 0x77, 0xC4, 0xFB, 0xA4, 0xC6, 0xD0, 0x38,
    0x73, 0xB0, 0xE9, 0x29, 0xA2, 0x09, 0xF9, 0x2E, 0x13, 0xDC, 0x3B, 0x2E, 0x24, 0x4C, 0xDC, 0x7F,
    0x57, 0x0C, 0xB3, 0x12, 0x7C, 0xB4, 0x52, 0x49, 0xE2, 0x2C, 0x4D, 0x6C, 0x34, 0xD4, 0x80, 0x0C,
    0xE6, 0x0C, 0xDA, 0x64, 0xCE, 0xDC, 0x40, 0xE7, 0x4E, 0xFB, 0x60, 0x09, 0x02, 0x74, 0xDF, 0x24,
    0x01, 0xBA, 0xD3, 0x04, 0x04, 0xD0, 0x31, 0xF0, 0x9F, 0x22, 0x6E, 0x51, 0xD2, 0xC7, 0xC9, 0xE8,
    0x09, 0x6B, 0xB4, 0x25, 0x48, 0x03, 0xDB, 0x10, 0xC5, 0xC2, 0x2F, 0x85, 0x99, 0x8A, 0x20, 0xF5,
    0x29, 0x20, 0x16, 0x41, 0xC9, 0x42, 0x22, 0xA3, 0x58, 0x47, 0x46, 0x98, 0x0B, 0xC9, 0x29, 0xD9,
    0xAC, 0x88, 0x4D, 0xC3, 0x69, 0x91, 0xCB, 0x10, 0xD9, 0x05, 0x01, 0x57, 0x55, 0xD5, 0xA6, 0x16,
    0x24, 0x41, 0x07, 0x1B, 0xAE, 0xE3, 0x62, 0xE2, 0x64, 0x88, 0xAE, 0xC8, 0x34, 0xE2, 0x3C, 0x1C,
    0x1A, 0x83, 0x84, 0x63, 0x87, 0x21, 0xD9, 0x7A, 0x97, 0x16, 0x86, 0xDC, 0xE5, 0x01, 0xF2, 0x02,
    0xFF, 0xE8, 0xBD, 0x5A, 0xE2, 0xDF, 0x36, 0x12, 0xBF, 0x86, 0xEB, 0x19, 0x4C, 0x84, 0x0C, 0x28,
    0x85, 0xA4, 0xA7, 0x10, 0x6F, 0x15, 0xE5, 0xD2, 0x74, 0x89, 0x20, 0x03, 0x74, 0xE0, 0xB6, 0x1C,
    0x04, 0xCB, 0x49, 0xDB, 0x27, 0x35, 0x36, 0x37, 0x62, 0x5A, 0xBE, 0x31, 0xB3, 0xCD, 0x66, 0x62,
    0x6E, 0x15, 0xEF, 0xC6, 0x1A, 0x98, 0x75, 0x4F, 0xC8, 0x62, 0x84, 0x69, 0xAF, 0x5C, 0x9F, 0xCD,
    0xDE, 0x96, 0xAF, 0xD2, 0x04, 0x11, 0x83, 0xE5, 0xE9, 0x57, 0xD1, 0x94, 0x50, 0x4C, 0x37, 0x87,
    0xD1, 0x85, 0x89, 0x5F, 0x60, 0x37, 0x27, 0x1D, 0xAD, 0x34, 0x22, 0xCE, 0xCE, 0xEC, 0x36, 0x53,
    0x54, 0xEC, 0x4F, 0xF7, 0xB3, 0x34, 0xA3, 0x81, 0xE6, 0x70, 0xB4, 0x4E, 0x79, 0x03, 0x7D, 0xEF,
    0x72, 0xEC, 0xD3, 0xCA, 0x65, 0xCB, 0x7B, 0xBA, 0xDC, 0x3C, 0x66, 0x69, 0xAC, 0x17, 0xAC, 0xD6,
    0x6B, 0xE6, 0xE4, 0x68, 0x96, 0xA4, 0x09, 0x12, 0xD5, 0x84, 0x39, 0x9C, 0x90, 0x8F, 0x1C, 0xB3,
    0xA1, 0x57, 0x9D, 0x50, 0x8D, 0xB8, 0x2E, 0xEA, 0x36, 0xE6, 0xE5, 0x80, 0x5D, 0x36, 0x77, 0x39,
    0x4B, 0x89, 0xEA, 0x66, 0x92, 0xBF, 0x4A, 0xAB, 0xD8, 0xE5, 0xF0, 0x5D, 0x26, 0x69, 0xBB, 0x9C,
    0x60, 0xAF, 0x9F, 0x79, 0xAD, 0xD5, 0x51, 0x36, 0x3E, 0x8D, 0x10, 0x0D, 0x1E, 0xF9, 0xC2, 0xE8,
    0xDB, 0xC3, 0x6C, 0x18, 0x19, 0xD5, 0xBB, 0xFD, 0xD3, 0x57, 0xBA, 0xF9, 0xB0, 0xA1, 0x11, 0x33,
    0x37, 0x3D, 0x26, 0xE3, 0x93, 0xBF, 0x62, 0x22, 0xA7, 0xBD, 0x47, 0x03, 0xE3, 0x36, 0x1C, 0x56,
    0x0E, 0x1F, 0xD0, 0x93, 0x95, 0x83, 0x33, 0x9F, 0xE4, 0xBE, 0x75, 0x79, 0x97, 0x25, 0x81, 0x13,
    0xEB, 0xF3, 0xBE, 0x49, 0xA2, 0x9E, 0xFF, 0x54, 0x86, 0xC4, 0x91, 0x99, 0x2B, 0xB3, 0xC7, 0xCB,
    0x7C, 0x72, 0x68, 0xF8, 0x7B, 0xCC, 0x34, 0xDD, 0x02, 0xDE, 0x6A, 0x99, 0x03, 0x1C, 0xAF, 0xF5,
    0x33, 0x39, 0x5A, 0x95, 0x14, 0xE6, 0x1F, 0x20, 0x41, 0x5A, 0x99, 0x43, 0xD8, 0xCE, 0x2A, 0x13,
    0xCB, 0x05, 0x98, 0x4D, 0xF5, 0x1D, 0xCC, 0xDF, 0xBD, 0xF6, 0x43, 0x99, 0x92, 0x9F, 0xFB, 0x09,
    0x34, 0xA6, 0xE1, 0x12, 0xC3, 0xDF, 0x15, 0x10, 0x89, 0x00, 0xA4, 0xCF, 0x52, 0xF9, 0x09, 0x4A,
    0x0B, 0x6D, 0xF6, 0x33, 0x66, 0xBD, 0xC7, 0xD0, 0x65, 0x47, 0xA3, 0xD7, 0x65, 0xA1, 0x25, 0x3E,
    0xA2, 0xF2, 0xBE, 0x84, 0xE2, 0xEA, 0x76, 0xD4, 0x15, 0x71, 0x87, 0x54, 0x44, 0x41, 0x74, 0xAA,
    0x51, 0xDC, 0x3E, 0xD6, 0x59, 0x70, 0xA7, 0x7D, 0x00, 0x1B, 0x3B, 0xFD, 0x5C, 0x86, 0x84, 0xBA,
    0x47, 0x7D, 0xBE, 0x31, 0xBE, 0xF8, 0x12, 0xE3, 0xB5, 0xD3, 0x46, 0x5E, 0x6F, 0x63, 0xBC, 0xED,
    0xEC, 0xA3, 0xAB, 0x83, 0x40, 0x33, 0xC1, 0xC5, 0x18, 0x3F, 0x64, 0xFC, 0x24, 0x26, 0x37, 0x92,
    0xF3, 0xA2, 0x63, 0xA1, 0x6E, 0xA8, 0x2F, 0xEB, 0x19, 0x70, 0xFA, 0xE5, 0xDB, 0x22, 0xAA, 0xE5,
    0x8D, 0xFA, 0x1A, 0x2D, 0x1E, 0xFA, 0xC2, 0x61, 0x60, 0xC5, 0x6D, 0x0C, 0x36, 0x59, 0x65, 0x3D,
    0x2B, 0x98, 0x68, 0xDC, 0x89, 0x5E, 0x98, 0x1F, 0x73, 0x43, 0x57, 0x78, 0x7D, 0xF1, 0xA8, 0x64,
    0x2D, 0x40, 0xDA, 0x0B, 0xB0, 0xD0, 0xB9, 0x75, 0xFE, 0x6E, 0x28, 0x82, 0x36, 0x05, 0x28, 0xEE,
    0xC3, 0xCA, 0xCE, 0x9D, 0x76, 0xEA, 0x5A, 0x36, 0x0A, 0x48, 0xFC, 0x73, 0xD4, 0x26, 0x54, 0x0F,
    0x5C, 0x45, 0xD0, 0x2E, 0xAB, 0xA0, 0x5B, 0x56, 0x7E, 0xE6, 0xD5, 0x5E, 0xE6, 0x0D, 0xD5, 0x56,
    0x63, 0x2B, 0xAF, 0xE1, 0x92, 0x8D, 0x67, 0x7A, 0x77, 0x5E, 0x7E, 0xBF, 0x16, 0xF8, 0x23, 0xF5,
    0x30, 0x4B, 0x4C, 0x8A, 0x72, 0xC8, 0x05, 0x5E, 0x2E, 0xE6, 0x08, 0x21, 0x67, 0x50, 0x59, 0x87,
    0xC3, 0xAB, 0xB5, 0x8A, 0x4D, 0x0C, 0x95, 0x4B, 0xD9, 0xD7, 0x73, 0x85, 0x7D, 0xA6, 0xCF, 0x72,
    0x0E, 0xE4, 0x33, 0x07, 0xFD, 0x97, 0xD3, 0xFB, 0x30, 0x16, 0x68, 0x71, 0xB1, 0xE1, 0xCB, 0x8A,
    0x35, 0xFB, 0x1D, 0xD9, 0xF0, 0x6B, 0xFD, 0x32, 0x97, 0xBA, 0x4A, 0xD4, 0x2E, 0x5C, 0x24, 0x6E,
    0x5C, 0xA3, 0xCA, 0x31, 0x69, 0x1C, 0x6A, 0xB4, 0xD3, 0x70, 0x9D, 0xEB, 0x9B, 0xAD, 0xDA, 0x6A,
    0xD6, 0x86, 0x0C, 0x0F, 0x54, 0xBA, 0x28, 0xD7, 0x60, 0x03, 0x4E, 0x94, 0x73, 0xA5, 0x48, 0x63,
    0x65, 0x81, 0x9D, 0x35, 0xB0, 0xEB, 0x02, 0xE4, 0x5C, 0x16, 0xF2, 0x1E, 0x8E, 0x89, 0xEC, 0xA2,
    0x62, 0x2B, 0xF7, 0xD5, 0xCF, 0x5B, 0xD0, 0x4B, 0xBA, 0x1E, 0x46, 0x7C, 0x2C, 0x81, 0x60, 0x61,
    0x35, 0xC4, 0x0D, 0x2C, 0x51, 0x80, 0xE9, 0x3A, 0x36, 0xA0, 0x00, 0xD0, 0xDC, 0xC1, 0xA0, 0x0C,
    0xB9, 0x1A, 0xDC, 0x5A, 0xA8, 0x51, 0x58, 0x04, 0x89, 0xAF, 0xC1, 0x9F, 0x9B, 0x81, 0xE8, 0xC4,
    0x3D, 0x8B, 0xFB, 0x5B, 0xA6, 0xAA, 0x42, 0x65, 0xC2, 0x5A, 0xA8, 0x4B, 0x08, 0x3C, 0x4B, 0xAE,
    0xC6, 0xA8, 0x6F, 0xE9, 0x18, 0xC1, 0xC4, 0x5B, 0xE9, 0xB6, 0xD2, 0x9D, 0xE2, 0x96, 0xDA, 0x35,
    0xAC, 0x54, 0xC1, 0xFA, 0x60, 0xD2, 0xAB, 0x19, 0xAB, 0x57, 0x6C, 0xCD, 0x66, 0x54, 0x19, 0x97,
    0xC2, 0xD5, 0x40, 0x01, 0x38, 0x3F, 0xD6, 0xA0, 0x9B, 0x82, 0x28, 0x6E, 0xD1, 0xA1, 0x18, 0x3B,
    0x83, 0xDF, 0x20, 0x88, 0xFC, 0xB6, 0xB2, 0xEC, 0x3F, 0xB0, 0x7C, 0xB7, 0x1C, 0x2C, 0x5A, 0xA3,
    0x3A, 0x65, 0xB5, 0x7E, 0xAF, 0xB1, 0x39, 0x84, 0xF4, 0x51, 0x3E, 0x1F, 0xDC, 0xB6, 0x96, 0xC5,
    0x2B, 0xB1, 0xBA, 0x69, 0x29, 0x34, 0xBF, 0x58, 0x0F, 0xE7, 0x0A, 0xAF, 0xCF, 0xDE, 0x3E, 0x60,
    0x44, 0x6B, 0x35, 0xAC, 0x99, 0xBD, 0x6F, 0xC3, 0x45, 0xEF, 0xA2, 0x58, 0xAF, 0xD8, 0x34, 0x63,
    0xB3, 0xBA, 0x6F, 0xB3, 0xA6, 0xD3, 0x61, 0xCA, 0xC0, 0xA0, 0xF9, 0x17, 0x72, 0x43, 0x23, 0xE7,
    0xD4, 0x8C, 0x9F, 0x73, 0x6A, 0x8F, 0x1F, 0x9F, 0x10, 0xF7, 0xFF, 0xC8, 0xAF, 0x19, 0xD9, 0xDD,
    0x94, 0xCD, 0x92, 0x4D, 0x77, 0xDF, 0x66, 0x39, 0x12, 0xEB, 0xB0, 0x88, 0x4D, 0x40, 0x56, 0x13,
    0x36, 0xF2, 0xD8, 0x6C, 0xF6, 0xE6, 0x00, 0xBB, 0x7E, 0x6E, 0xE8, 0x92, 0xDF, 0xBC, 0x88, 0x75,
    0xDC, 0x85, 0x4D, 0x94, 0x63, 0x53, 0x8F, 0x4D, 0xF3, 0x45, 0x8D, 0xF6, 0x56, 0xE3, 0x88, 0x42,
    0xBF, 0xBA, 0x2D, 0x09, 0xF1, 0xAD, 0xD9, 0xEC, 0x60, 0x88, 0xAF, 0xBA, 0x03, 0x71, 0xEF, 0x7D,
    0x35, 0x96, 0x46, 0x09, 0x82, 0x67, 0x5C, 0x1D, 0x33, 0x78, 0xDE, 0x85, 0xFE, 0x1C, 0x75, 0xEA,
    0x01, 0xD1, 0x04, 0x0D, 0xA2, 0x65, 0xCC, 0x70, 0xBB, 0xA2, 0xB1, 0xD4, 0xB0, 0x1F, 0x8D, 0x8C,
    0xC8, 0x74, 0xB1, 0xDD, 0x89, 0x6E, 0xFC, 0x84, 0x66, 0x32, 0x59, 0xB9, 0x2B, 0x8F, 0x66, 0xF9,
    0x39, 0x8E, 0x81, 0xA6, 0xD5, 0xC1, 0xFA, 0x4E, 0xF5, 0x6F, 0xAA, 0xD5, 0x95, 0x46, 0xF0, 0x5B,
    0x5C, 0x36, 0x30, 0xA5, 0x0F, 0xFC, 0xF8, 0xC5, 0x82, 0x1A, 0x85, 0x10, 0x43, 0x93, 0x3C, 0x16,
    0xE4, 0xD5, 0x48, 0x2E, 0x98, 0x80, 0x3C, 0x2A, 0xDF, 0xD4, 0xF6, 0xFF, 0xE6, 0xD0, 0xE4, 0x4B,
    0x6C, 0xDE, 0xA4, 0xE9, 0x97, 0x68, 0xFE, 0x25, 0x9A, 0x80, 0x89, 0x66, 0x60, 0x7D, 0x0A, 0x66,
    0x73, 0xB0, 0xD1, 0x47, 0x9C, 0xAE, 0x43, 0xA1, 0xB6, 0x97, 0xF5, 0x5B, 0xD4, 0x42, 0x53, 0xA7,
    0x2E, 0x27, 0x96, 0x47, 0x6D, 0x01, 0xE3, 0x65, 0x6E, 0xC0, 0x18, 0xA1, 0x6D, 0x54, 0x3E, 0x06,
    0xA3, 0x6A, 0xD4, 0xE1, 0x55, 0x73, 0xB5, 0xA5, 0x7D, 0x75, 0x10, 0xB1, 0xE6, 0x60, 0x0C, 0x20,
    0x8E, 0x35, 0xAD, 0xB5, 0xFD, 0x6E, 0x4F, 0xB8, 0x38, 0x33, 0xE1, 0x54, 0x27, 0x5C, 0x16, 0x76,
    0xC2, 0x72, 0x3D, 0xA1, 0x6F, 0x27, 0xAC, 0x38, 0xE1, 0x42, 0x13, 0x90, 0xFA, 0x58, 0x5D, 0xD2,
    0x7A, 0x42, 0x3F, 0xA1, 0x89, 0x9F, 0x9D, 0x30, 0x86, 0xE7, 0x59, 0x66, 0xBE, 0x59, 0xA2, 0x0C,
    0x63, 0x61, 0x70, 0x65, 0x8C, 0xCB, 0xFD, 0x07, 0x3D, 0xA7, 0x5A, 0xE7, 0xBC, 0x43, 0x38, 0x0F,
    0xFB, 0x08, 0xBA, 0xDF, 0x8B, 0xF8, 0x45, 0x64, 0xFA, 0xDD, 0x32, 0xC2, 0xA2, 0xA3, 0x62, 0xA1,
    0x5E, 0xD4, 0xD1, 0xB0, 0xA8, 0xC2, 0x00, 0x66, 0x3E, 0x85, 0x12, 0x7C, 0xFA, 0x0E, 0x9F, 0xA6,
    0xC4, 0xE3, 0xA8, 0x6B, 0x7F, 0xD9, 0x68, 0x4E, 0xA9, 0x8A, 0xAC, 0xC9, 0xAD, 0x1D, 0x60, 0xB3,
    0x0C, 0x6C, 0x0F, 0x1C, 0x33, 0x0A, 0x04, 0xE8, 0x2F, 0x03, 0x5B, 0xE5, 0xD3, 0xD2, 0x99, 0xCE,
    0xDE, 0x60, 0x12, 0xF9, 0xE8, 0x05, 0xCD, 0x31, 0x6D, 0xCA, 0x83, 0x66, 0x22, 0xF3, 0x89, 0xF8,
    0xA8, 0x0C, 0x51, 0xBD, 0xCE, 0x61, 0x3C, 0xCD, 0x9C, 0xFE, 0xBF, 0x63, 0xD0, 0x84, 0x93, 0x9F,
    0xBD, 0xD3, 0xFD, 0xFD, 0x2D, 0x7E, 0x8B, 0x6E, 0x68, 0x6D, 0x8D, 0xBE, 0xB3, 0xBD, 0xAB, 0x39,
    0x4B, 0xB6, 0x79, 0x8C, 0x95, 0x70, 0x6C, 0x32, 0x77, 0x93, 0x35, 0x53, 0x19, 0x73, 0xD9, 0xC1,
    0x61, 0xD2, 0x0A, 0x6C, 0x93, 0x3E, 0x88, 0x12, 0x6A, 0x04, 0x8D, 0xD4, 0xA3, 0xD2, 0xF1, 0xC6,
    0xE3, 0x17, 0xD0, 0x07, 0x3B, 0xF6, 0xB7, 0xA7, 0x5C, 0xF6, 0xD5, 0x16, 0xCA, 0xF0, 0x10, 0x65,
    0x37, 0xEA, 0x70, 0x16, 0x34, 0x28, 0xC4, 0xF1, 0xA4, 0x95, 0xB8, 0x57, 0xB0, 0x14, 0x47, 0x2D,
    0xAD, 0xB5, 0x78, 0x98, 0xB0, 0x18, 0xE7, 0x67, 0x62, 0x56, 0xE3, 0xC7, 0xB6, 0x1C, 0xAF, 0x59,
    0x8F, 0xDF, 0xD0, 0x22, 0xC1, 0x2E, 0xAB, 0x67, 0xDB, 0x4F, 0x31, 0xDE, 0xD2, 0x2F, 0x63, 0x73,
    0x36, 0x61, 0xF8, 0x9A, 0x2E, 0x53, 0x5A, 0xBD, 0x39, 0x9D, 0xBD, 0xB5, 0x61, 0x72, 0x06, 0xD4,
    0x07, 0x3F, 0xA6, 0xBD, 0x80, 0x5B, 0x72, 0xF6, 0x52, 0x3F, 0x6E, 0x6B, 0x6B, 0x35, 0x9B, 0xC8,
    0xCE, 0x6B, 0xB1, 0x06, 0xB9, 0x95, 0xA3, 0xEB, 0x11, 0x3F, 0x7D, 0x18, 0x6F, 0x72, 0x73, 0x88,
    0xB9, 0xC9, 0x96, 0x10, 0x83, 0x14, 0xF2, 0xD4, 0xC3, 0x30, 0xB7, 0xD0, 0xDC, 0x95, 0x1E, 0x29,
    0x2B, 0x3F, 0x8A, 0xD0, 0xE1, 0xFF, 0x4B, 0x7D, 0xA5, 0x40, 0xDD, 0x89, 0x4D, 0x9C, 0x47, 0x66,
    0xE7, 0x81, 0xF8, 0xC2, 0x19, 0x9C, 0xA1, 0xEE, 0x93, 0x7D, 0x73, 0xB6, 0xBD, 0xF8, 0xDF, 0xC9,
    0xCB, 0xCF, 0x13, 0x86, 0x23, 0xA3, 0xDC, 0xE6, 0x8D, 0x91, 0x3E, 0x5F, 0xEC, 0xD3, 0xB1, 0x07,
    0x3F, 0xA2, 0xCF, 0x48, 0x62, 0xDF, 0xF4, 0x12, 0xFF, 0x40, 0x36, 0x2B, 0x8F, 0x85, 0xDD, 0xE5,
    0x05, 0xF4, 0x16, 0xCE, 0x1B, 0xFA, 0x4F, 0x8C, 0x16, 0xD8, 0x8A, 0xFE, 0x26, 0xF6, 0x65, 0x4F,
    0x72, 0x66, 0xDC, 0xD6, 0x2D, 0xD5, 0xDF, 0xA5, 0x56, 0xCB, 0xAD, 0xDB, 0xFD, 0x06, 0x0C, 0xB7,
    0x06, 0xB7, 0xD3, 0x7E, 0xDA, 0xE1, 0xA6, 0xB2, 0x74, 0xDC, 0x9F, 0x85, 0x0D, 0xDD, 0xDB, 0xE3,
    0x4E, 0xFA, 0x4A, 0x99, 0x9F, 0xF9, 0x63, 0x13, 0x6E, 0xC1, 0xC3, 0xED, 0xE1, 0xDB, 0x27, 0x93,
    0x4D, 0x1B, 0x52, 0x4A, 0xBC, 0xDD, 0xD1, 0x34, 0x20, 0x35, 0x4B, 0x93, 0x1A, 0xFD, 0x39, 0x43,
    0x9E, 0x94, 0x54, 0x7F, 0x7A, 0x88, 0x33, 0x0B, 0xD0, 0xD8, 0x9B, 0x58, 0xCF, 0x90, 0x66, 0x43,
    0x2F, 0x3F, 0x74, 0x7F, 0x9A, 0x6D, 0x7E, 0x9D, 0xBE, 0xFA, 0xCF, 0xE4, 0x5C, 0x3F, 0xD1, 0xE7,
    0x2F, 0xCB, 0xFA, 0x7C, 0xE5, 0xFC, 0xBE, 0xA2, 0xC7, 0x9D, 0x89, 0xBA, 0x8C, 0x9F, 0x61, 0x5B,
    0x26, 0xEF, 0x4C, 0x9D, 0xCF, 0xF1, 0x17, 0x11, 0x4D, 0x04, 0x98, 0xBE, 0x34, 0xCC, 0xD7, 0x03,
    0xFE, 0xC4, 0xC3, 0xAF, 0xBC, 0xE7, 0xC3, 0xFC, 0x80, 0xD2, 0xFA, 0xBF, 0x92, 0x1B, 0x5E, 0x86,
    0x94, 0x34, 0x78, 0x51, 0x8B, 0x8F, 0x73, 0x92, 0x3C, 0x2D, 0xE4, 0xFA, 0xF6, 0x9B, 0x73, 0xDC,
    0xD0, 0xFF, 0x00, 0x6D, 0x56, 0xBF, 0x8F, 0xD4, 0x46, 0x14, 0xFE, 0xC6, 0x16, 0x6B, 0x05, 0x17,
    0x43, 0x11, 0xA4, 0x88, 0x48, 0xE7, 0x16, 0xAD, 0xC4, 0xBA, 0x4D, 0xB1, 0x5E, 0x3B, 0xA2, 0x48,
    0xBB, 0x05, 0x57, 0xD1, 0x50, 0x50, 0x44, 0x14, 0xA1, 0xA5, 0xF0, 0x61, 0x53, 0xA5, 0xCC, 0x35,
    0xA9, 0xAE, 0xB9, 0xE2, 0x0A, 0x30, 0x05, 0x52, 0x74, 0xC5, 0x46, 0x5A, 0x6E, 0x27, 0xF9, 0x07,
    0xE2, 0x44, 0x8A, 0x52, 0x50, 0xC4, 0x05, 0xA4, 0x48, 0x0A, 0x46, 0x91, 0x51, 0x0C, 0xF1, 0xAE,
    0xF3, 0xCD, 0xD8, 0x7B, 0x0B, 0xA7, 0xAC, 0xE7, 0xED, 0x8F, 0x67, 0xCF, 0x9B, 0x6F, 0xDE, 0x7B,
    0xDF, 0x37, 0x0B, 0xF0, 0x15, 0xD6, 0x40, 0xB7, 0x86, 0x5B, 0x67, 0xF0, 0xCB, 0x10, 0x52, 0x05,
    0x08, 0x92, 0x00, 0x21, 0x02, 0xCC, 0xF8, 0x6E, 0x2C, 0x42, 0x4C, 0x9B, 0xD1, 0x52, 0xBE, 0xB7,
    0x88, 0x9D, 0x1A, 0xE1, 0xEB, 0x0A, 0xB2, 0xCB, 0x21, 0x1E, 0x33, 0x46, 0x22, 0xB4, 0x53, 0x99,
    0x60, 0x6E, 0xEE, 0xE5, 0x7E, 0x22, 0x21, 0xB1, 0x87, 0x09, 0x9F, 0x9F, 0x72, 0xC6, 0x02, 0xB5,
    0xB9, 0x05, 0x99, 0x00, 0x31, 0xAD, 0x03, 0x1C, 0x9A, 0xFF, 0x1A, 0x08, 0x66, 0x40, 0x14, 0x01,
    0x75, 0x0A, 0xB7, 0x5A, 0xC2, 0x57, 0x0D, 0xC2, 0x6F, 0xD7, 0x49, 0xDC, 0x75, 0x39, 0x2D, 0x81,
    0xA3, 0x19, 0x92, 0x81, 0xDD, 0x12, 0x10, 0x9C, 0x5A, 0x14, 0x9C, 0xDE, 0x41, 0xBC, 0x2B, 0xFA,
    0x5B, 0x74, 0xBB, 0x0A, 0xF0, 0xFE, 0x4C, 0x88, 0x45, 0x63, 0x74, 0xD4, 0x70, 0x9D, 0x96, 0xB6,
    0x1C, 0xAC, 0xC5, 0x9C, 0x58, 0x1F, 0x3E, 0xAB, 0x90, 0x11, 0xEB, 0xE8, 0x04, 0x66, 0xED, 0x04,
    0x21, 0xD7, 0xDF, 0xEC, 0xC3, 0x65, 0x0C, 0x8F, 0xF3, 0x65, 0x4E, 0x28, 0x41, 0x89, 0x70, 0xD5,
    0x20, 0xFE, 0x99, 0xFB, 0xC3, 0x81, 0xDD, 0x6D, 0x64, 0x77, 0xBD, 0xE4, 0xEF, 0x06, 0xC1, 0x5F,
    0x1A, 0x7E, 0xA7, 0x20, 0x9E, 0x00, 0x97, 0x89, 0x43, 0x12, 0xC7, 0xE5, 0xE2, 0xAC, 0x5F, 0x4F,
    0xD4, 0x3D, 0x4E, 0x9F, 0xC1, 0x02, 0x06, 0x8B, 0xE9, 0x7E, 0x4E, 0x23, 0x1C, 0xBB, 0x06, 0x6F,
    0x49, 0xDE, 0x0A, 0xB9, 0x05, 0xEE, 0x18, 0x1F, 0x0F, 0x79, 0x17, 0x26, 0xEF, 0x3A, 0x23, 0x86,
    0x80, 0x53, 0x03, 0x7E, 0xCE, 0xE0, 0xBE, 0x61, 0xBC, 0xAE, 0x84, 0xCB, 0xB5, 0x82, 0xDF, 0x34,
    0x9F, 0x6F, 0x88, 0xA0, 0x1D, 0xAC, 0x41, 0x76, 0xA4, 0x11, 0x0C, 0x38, 0x10, 0x56, 0x8C, 0xD1,
    0x72, 0xCE, 0x19, 0xE3, 0xC7, 0xCC, 0x30, 0x6B, 0x67, 0x2F, 0x56, 0x2F, 0xC9, 0x20, 0xFF, 0xD8,
    0xC0, 0xEB, 0x0E, 0x80, 0xC7, 0x69, 0x0F, 0xC6, 0x24, 0xCD, 0xAF, 0x70, 0x6F, 0x95, 0x23, 0x5B,
    0x03, 0xE3, 0x43, 0xBA, 0xF5, 0x6E, 0x14, 0xEF, 0x8E, 0xBB, 0x4E, 0xEF, 0xBF, 0x99, 0xEF, 0x9C,
    0x73, 0xE6, 0xDC, 0x3A, 0xF7, 0xE7, 0xFD, 0x17, 0x5B, 0xCA, 0x9D, 0x13, 0x97, 0xED, 0x96, 0x96,
    0x10, 0xDA, 0x64, 0x80, 0x09, 0x60, 0x32, 0x43, 0x9B, 0x01, 0xD6, 0x95, 0x4B, 0xA7, 0xB6, 0x10,
    0xFD, 0x48, 0xED, 0xA0, 0x7F, 0xC2, 0x34, 0x01, 0x97, 0x18, 0xE8, 0x2E, 0xD8, 0x23, 0xC6, 0x15,
    0x5A, 0xD7, 0x85, 0xD1, 0x07, 0x9A, 0xD9, 0x69, 0xAD, 0xC9, 0x72, 0xBF, 0x44, 0x90, 0x98, 0x19,
    0xB7, 0x7A, 0x28, 0xCE, 0x8F, 0x1B, 0xB8, 0xBF, 0x77, 0x89, 0xDB, 0xF8, 0xCA, 0xAB, 0x7C, 0xC5,
    0x2B, 0x97, 0xB9, 0xB4, 0x4D, 0x68, 0x52, 0x31, 0xE1, 0xD5, 0x17, 0x73, 0x6A, 0xDB, 0x71, 0xFB,
    0xCA, 0x2A, 0xA6, 0xCE, 0xAB, 0x9F, 0x4B, 0x35, 0x0B, 0x92, 0x38, 0x44, 0x38, 0x43, 0xCC, 0x72,
    0xA7, 0x66, 0x44, 0x4B, 0xA4, 0x4C, 0x78, 0x2A, 0xEA, 0x99, 0xAB, 0xE3, 0x67, 0xA5, 0xEC, 0x12,
    0xC1, 0xDE, 0xB9, 0x26, 0x36, 0xFE, 0x3A, 0x7B, 0x9E, 0x2E, 0xAF, 0xB4, 0x68, 0x44, 0xCD, 0xA6,
    0xD7, 0xAE, 0x76, 0x2B, 0xAF, 0xF4, 0x95, 0x54, 0x32, 0xBF, 0x34, 0x14, 0x75, 0x03, 0xE7, 0x65,
    0x46, 0x52, 0x10, 0xA6, 0x6D, 0x7A, 0x6E, 0xC4, 0x76, 0x04, 0x33, 0xC0, 0x66, 0x24, 0xCB, 0x7A,
    0x1E, 0xB0, 0xCE, 0x9E, 0xEE, 0xFB, 0x25, 0x63, 0x11, 0x57, 0xB4, 0xFD, 0xFD, 0x61, 0x53, 0xF7,
    0x1B, 0xF6, 0x29, 0x1B, 0xFD, 0x65, 0x36, 0xC4, 0xD8, 0xC6, 0x61, 0x46, 0x57, 0xEC, 0xA6, 0x8E,
    0x26, 0x4C, 0xB3, 0x9B, 0xFD, 0x44, 0xD6, 0x7F, 0x85, 0x01, 0x1F, 0x1E, 0xD5, 0x88, 0xD9, 0x3C,
    0x23, 0xD3, 0x1C, 0x26, 0x4D, 0x5B, 0xC2, 0xB9, 0x86, 0x70, 0x1B, 0xBA, 0xF8, 0x6C, 0xBA, 0x23,
    0x9C, 0xCC, 0x0D, 0xE1, 0xDE, 0xEE, 0x08, 0xE7, 0x5E, 0x20, 0xDC, 0xB8, 0x48, 0x08, 0x2C, 0xC1,
    0xA6, 0xB0, 0xDD, 0x20, 0xB6, 0xB7, 0x49, 0x38, 0xAF, 0xAB, 0xE1, 0x1C, 0xB5, 0x43, 0xA7, 0x47,
    0x83, 0xA5, 0x16, 0xC7, 0xEC, 0xA9, 0x26, 0x0E, 0xD5, 0xE3, 0x18, 0x71, 0xED, 0x98, 0x7B, 0x31,
    0x84, 0x1B, 0x38, 0x62, 0x76, 0x13, 0x86, 0x25, 0xDD, 0xF5, 0x40, 0xB8, 0x25, 0x77, 0x90, 0xF2,
    0x62, 0xE2, 0xCD, 0x7C, 0x96, 0x3A, 0x7C, 0xBA, 0x13, 0x18, 0xA7, 0x28, 0x12, 0x9F, 0x18, 0x47,
    0xC5, 0x0A, 0x3D, 0x85, 0xB6, 0xA4, 0xD3, 0x1F, 0x92, 0xEE, 0xA0, 0xBF, 0xE5, 0x5C, 0x20, 0xDD,
    0x55, 0x9B, 0xD3, 0xCA, 0x61, 0xC1, 0xAB, 0x87, 0xBE, 0x0A, 0xA5, 0x0A, 0x7D, 0x15, 0xB9, 0x7F,
    0x37, 0x64, 0x9A, 0xD7, 0xA9, 0xF0, 0x6B, 0x7D, 0x20, 0x6A, 0xD6, 0xB4, 0x41, 0xD3, 0x8A, 0x3A,
    0xBB, 0xAD, 0xC3, 0x2E, 0x77, 0xB8, 0xEE, 0xFD, 0x43, 0xA7, 0x6B, 0xFC, 0x57, 0xAD, 0xCC, 0x67,
    0x54, 0xC3, 0x70, 0x18, 0x67, 0xC1, 0x8B, 0xB5, 0xDF, 0x2D, 0xC5, 0x09, 0x0B, 0x5A, 0x1B, 0x08,
    0x52, 0x15, 0x5D, 0xD2, 0x35, 0xB8, 0xC7, 0xA5, 0x3E, 0xB3, 0x0D, 0x6D, 0xC7, 0xF8, 0xEC, 0x71,
    0xDC, 0xB5, 0x57, 0x0F, 0xE6, 0xE7, 0x1E, 0x32, 0x7F, 0x5C, 0x58, 0xE7, 0xFE, 0xAD, 0xFE, 0x4B,
    0x5F, 0xEE, 0x71, 0x71, 0xD2, 0x3B, 0x71, 0xCD, 0xA6, 0xB1, 0x31, 0x51, 0xBD, 0xD2, 0x70, 0x29,
    0xD8, 0x72, 0xA9, 0x27, 0x52, 0x6B, 0x79, 0x7C, 0x3E, 0x96, 0xEF, 0x31, 0xCA, 0xD0, 0xE9, 0x13,
    0xCB, 0x19, 0x69, 0x33, 0xCC, 0xC9, 0x4C, 0xCD, 0xFB, 0x83, 0x1E, 0xFA, 0xCF, 0x23, 0xF6, 0xF0,
    0x7B, 0x46, 0xF5, 0xA2, 0x34, 0x16, 0x6C, 0xBB, 0x17, 0xEC, 0xD0, 0x15, 0x3D, 0xBD, 0xE6, 0x93,
    0x0C, 0x54, 0xF0, 0x29, 0x2D, 0xE5, 0xD3, 0x0D, 0x16, 0x6C, 0xE1, 0xA5, 0xCF, 0xF2, 0xB6, 0xD4,
    0xC3, 0x92, 0x02, 0x32, 0x4E, 0x9C, 0x4E, 0xFB, 0xAA, 0x0E, 0x70, 0x1A, 0x41, 0xA7, 0xB7, 0xCB,
    0xD5, 0x06, 0xDF, 0x27, 0x46, 0xF3, 0x17, 0xA6, 0x1E, 0x49, 0xD8, 0xA9, 0xD1, 0x5B, 0x72, 0xC7,
    0x3C, 0x26, 0xCB, 0x25, 0x4F, 0x93, 0x29, 0x26, 0x29, 0x26, 0x0B, 0xDC, 0xA8, 0x11, 0xD5, 0x48,
    0x79, 0x3E, 0x44, 0xAE, 0x0E, 0x98, 0xF1, 0xB7, 0xEC, 0x39, 0x91, 0x38, 0x15, 0x71, 0x6A, 0x6E,
    0xE8, 0x94, 0x00, 0x23, 0x56, 0x32, 0x54, 0x03, 0x87, 0x58, 0xE4, 0x7F, 0x14, 0xDC, 0x5F, 0xD8,
    0x18, 0x89, 0x51, 0xC6, 0x05, 0xBE, 0xC4, 0x75, 0x88, 0x82, 0xC2, 0x5C, 0x7D, 0x64, 0xDA, 0x61,
    0xD0, 0x18, 0x12, 0x5B, 0xBE, 0x6A, 0x0C, 0x1A, 0xA7, 0x4A, 0x7D, 0xC5, 0xE6, 0xF3, 0x5F, 0x02,
    0x77, 0x70, 0xDE, 0xC3, 0xCE, 0xD0, 0xE2, 0xEE, 0x0F, 0x27, 0x70, 0x7F, 0xA2, 0x48, 0x36, 0x14,
    0xE0, 0x92, 0x9A, 0x91, 0x1B, 0xD5, 0x30, 0xBA, 0xB1, 0x67, 0x75, 0x63, 0xA7, 0x1A, 0xE6, 0x18,
    0x5B, 0x50, 0xAD, 0xEE, 0xFC, 0x7F, 0x1C, 0x75, 0x89, 0x76, 0x00, 0xEF, 0x51, 0x0D, 0xFF, 0x0B,
    0x26, 0x9A, 0x70, 0x25, 0x91, 0x04, 0x2C, 0x57, 0xF8, 0x15, 0x77, 0xC1, 0x8A, 0x4C, 0xFD, 0x1C,
    0x29, 0x4F, 0xAB, 0x05, 0x27, 0xDD, 0xC5, 0xB1, 0x89, 0xA3, 0x85, 0x16, 0x95, 0x53, 0xBA, 0xCA,
    0x55, 0x3C, 0x36, 0xAD, 0x66, 0x05, 0xE7, 0xC7, 0xE6, 0x03, 0x3E, 0x25, 0x3E, 0x3F, 0x19, 0x1D,
    0xBB, 0xDF, 0xAC, 0xC3, 0xD6, 0x5B, 0x4C, 0x4E, 0x23, 0x42, 0x54, 0x13, 0x99, 0x07, 0xB8, 0x21,
    0x59, 0xE6, 0x29, 0x3F, 0x31, 0x9D, 0x98, 0x87, 0xCD, 0x8C, 0xC5, 0x94, 0x53, 0xC8, 0xEB, 0x53,
    0x68, 0x7E, 0x0A, 0xCD, 0x35, 0xC4, 0xA1, 0x78, 0xF4, 0x04, 0xEE, 0x0B, 0x8A, 0xE3, 0x5A, 0x2A,
    0x4F, 0x7B, 0xCA, 0x48, 0x15, 0xC5, 0xCA, 0x2C, 0xF5, 0x81, 0x40, 0x6E, 0x37, 0x7A, 0x9D, 0x17,
    0xE6, 0x63, 0xE0, 0x3B, 0xB2, 0xF7, 0xDF, 0x9B, 0x15, 0x5A, 0x42, 0xD4, 0xE0, 0xE9, 0x2E, 0xB4,
    0x5B, 0xD2, 0x94, 0x53, 0x79, 0x84, 0x6B, 0x45, 0xB6, 0xE2, 0xBF, 0x85, 0xAC, 0x85, 0xA4, 0xA0,
    0xED, 0x31, 0x27, 0x37, 0x60, 0x5B, 0xDC, 0xDA, 0x03, 0x7B, 0x48, 0x24, 0x1E, 0x4B, 0x9E, 0xCC,
    0xF7, 0x6C, 0xF9, 0x64, 0x09, 0xA7, 0xB5, 0x82, 0xC4, 0x44, 0x78, 0x39, 0x21, 0x50, 0xE0, 0xEE,
    0xB3, 0x2E, 0x10, 0x0C, 0x18, 0xFC, 0xBA, 0xDA, 0x5C, 0xFC, 0xDB, 0xB0, 0xA0, 0x46, 0x7F, 0x7A,
    0xF8, 0x1F, 0x85, 0x58, 0x3D, 0x8C, 0xE5, 0x56, 0x15, 0x3E, 0xB6, 0x33, 0x63, 0x29, 0x0F, 0x70,
    0xB3, 0x10, 0x25, 0x23, 0xE1, 0x3E, 0x48, 0xEB, 0x16, 0xD0, 0xCC, 0x5E, 0x27, 0x5B, 0xA4, 0xDD,
    0x62, 0x5F, 0xB6, 0x48, 0x91, 0x14, 0x54, 0x04, 0x69, 0x2A, 0x0A, 0xA4, 0xD9, 0xB5, 0x11, 0x12,
    0x14, 0x14, 0x6C, 0x13, 0x28, 0xD9, 0x22, 0x05, 0x79, 0x48, 0x4C, 0x03, 0x52, 0x8A, 0x99, 0x67,
    0x87, 0x94, 0x29, 0x62, 0x24, 0x56, 0x14, 0x29, 0x62, 0x29, 0x89, 0x22, 0x96, 0x62, 0x1D, 0xC5,
    0x83, 0x3C, 0xBB, 0xB6, 0x2F, 0xDF, 0x77, 0xAE, 0xFD, 0xE6, 0xCD, 0x2C, 0x08, 0xEF, 0xEA, 0xDC,
    0x37, 0xFE, 0xB9, 0xF7, 0xFC, 0x7C, 0xE7, 0x3B, 0xE7, 0x5E, 0x11, 0x5E, 0xBB, 0xB6, 0x16, 0x31,
    0xB6, 0x13, 0xB1, 0xBF, 0x6D, 0x24, 0xE8, 0x71, 0x2B, 0x6C, 0x20, 0x22, 0xDC, 0x96, 0xB8, 0x84,
    0x48, 0x72, 0x08, 0x93, 0xBE, 0xB4, 0xFA, 0x83, 0x91, 0xC4, 0xF6, 0x86, 0x6F, 0x67, 0x62, 0x44,
    0x32, 0xFC, 0xC3, 0x78, 0x0F, 0x22, 0x3F, 0xC5, 0x7B, 0x35, 0x3E, 0x8E, 0xAC, 0xB5, 0xA5, 0x4F,
    0x21, 0x2F, 0x8C, 0xAB, 0x54, 0x82, 0x16, 0x1F, 0x07, 0xCD, 0x2C, 0x42, 0xCE, 0xBA, 0xA8, 0x38,
    0xFF, 0xA3, 0xF7, 0xF8, 0xF6, 0x48, 0x31, 0x50, 0x91, 0xDB, 0x3B, 0x94, 0xED, 0x0D, 0x08, 0xAF,
    0xD9, 0xE7, 0x07, 0x67, 0x27, 0x5C, 0x9D, 0x4F, 0x39, 0x21, 0xB4, 0xB1, 0xBF, 0xC3, 0xEB, 0xD9,
    0xE3, 0xE0, 0xEF, 0xE2, 0xD9, 0x1B, 0x8B, 0x12, 0xDA, 0xEE, 0x47, 0xA9, 0x2C, 0x9A, 0x93, 0x18,
    0xB3, 0x54, 0xFC, 0x34, 0xF9, 0x80, 0x9F, 0x9A, 0x9B, 0x35, 0x3E, 0xCD, 0x82, 0x12, 0x8B, 0x17,
    0x8B, 0x0F, 0xB0, 0xF0, 0x3A, 0xBA, 0x89, 0x95, 0xC7, 0x38, 0x80, 0x41, 0x23, 0x3F, 0x95, 0x91,
    0x9F, 0xCA, 0x9A, 0x9F, 0x4A, 0xA1, 0xAB, 0x66, 0xBA, 0xAA, 0xE1, 0xA7, 0x12, 0xB7, 0xED, 0x8B,
    0x50, 0xD4, 0x72, 0xF1, 0x48, 0x65, 0xBC, 0x37, 0xDE, 0x17, 0xD1, 0x4F, 0x45, 0x3F, 0x15, 0xFD,
    0xF4, 0xF2, 0x15, 0xDB, 0xCF, 0xA1, 0x1A, 0x8C, 0xD2, 0x2F, 0x4D, 0x2B, 0x3F, 0x91, 0x02, 0xDE,
    0xF3, 0x46, 0x9A, 0xD3, 0xD1, 0xF4, 0xAB, 0xAE, 0xBD, 0xB6, 0xFB, 0xC0, 0xA4, 0x07, 0xA6, 0x31,
    0x72, 0x60, 0x6B, 0x38, 0xB4, 0x95, 0x42, 0x8A, 0x52, 0xD6, 0x02, 0x7B, 0xD7, 0x32, 0x52, 0xC0,
    0xAB, 0x6B, 0x0F, 0xA2, 0xF0, 0x3B, 0x1A, 0x05, 0x9B, 0xCC, 0x2F, 0x30, 0x4D, 0xF2, 0x21, 0x44,
    0xF4, 0xB4, 0x7E, 0x0E, 0x8B, 0x3D, 0xED, 0xE9, 0x22, 0xBC, 0x93, 0x41, 0x01, 0xF1, 0x6E, 0x53,
    0x97, 0xCC, 0x32, 0xB2, 0x85, 0x4A, 0xB8, 0x0F, 0x3E, 0x67, 0x6C, 0xC5, 0x53, 0xC9, 0xA9, 0xC4,
    0x05, 0xC7, 0x05, 0x66, 0x92, 0x1A, 0x7A, 0x59, 0x50, 0x41, 0x78, 0x54, 0xE5, 0xC3, 0xE5, 0x2D,
    0x1A, 0x66, 0x5B, 0x95, 0x5C, 0xF8, 0xD1, 0xEA, 0x01, 0x01, 0xC1, 0xA7, 0x46, 0xCD, 0xCE, 0x28,
    0x76, 0x8A, 0x25, 0x6F, 0x58, 0x9B, 0xAB, 0x4C, 0xE7, 0xA5, 0xFE, 0xD7, 0x82, 0x9B, 0xEB, 0x90,
    0xEF, 0xFA, 0xBA, 0xC0, 0x62, 0x3C, 0xC6, 0xB3, 0xB8, 0x16, 0x2E, 0x90, 0x6F, 0xA6, 0x86, 0x4F,
    0x78, 0xAD, 0x55, 0x2A, 0x58, 0x9C, 0x2D, 0xAF, 0x0F, 0xCB, 0x74, 0x32, 0xCE, 0x53, 0xC8, 0x49,
    0xD8, 0x5E, 0xB1, 0x25, 0xB0, 0x54, 0x25, 0x54, 0xFC, 0xEC, 0x1E, 0x3F, 0x5A, 0xCD, 0x9E, 0x77,
    0xA8, 0x9E, 0xF4, 0xD7, 0x29, 0xDD, 0xA7, 0xD0, 0x1C, 0xB9, 0x40, 0xD9, 0xD2, 0x83, 0x76, 0x52,
    0x35, 0xCA, 0xDD, 0x98, 0x4C, 0x3A, 0x1F, 0x4C, 0xA3, 0xAA, 0x21, 0xB7, 0xBD, 0x33, 0xB8, 0xBC,
    0x8F, 0xEC, 0x4D, 0x2E, 0xD3, 0x67, 0xF6, 0x23, 0x2A, 0x73, 0x7E, 0x7E, 0x68, 0xCF, 0xB3, 0xCA,
    0xB3, 0xD5, 0xC2, 0x96, 0x51, 0xED, 0x5B, 0xA8, 0x01, 0xD7, 0x06, 0x83, 0x84, 0x3D, 0xC7, 0x9E,
    0x4B, 0x46, 0x35, 0x04, 0x50, 0x11, 0x55, 0x14, 0xB5, 0x44, 0x25, 0x9C, 0x6F, 0x2A, 0x28, 0x09,
    0xF7, 0x67, 0x25, 0xD4, 0x8C, 0x4A, 0xC1, 0x64, 0x26, 0x8F, 0xCB, 0x00, 0xAE, 0x35, 0x69, 0x92,
    0x87, 0xB0, 0x08, 0x59, 0x98, 0x47, 0x05, 0xFD, 0x83, 0x3B, 0x19, 0x7D, 0x63, 0xE4, 0x6E, 0x41,
    0x53, 0x32, 0xE9, 0x46, 0x2A, 0xB6, 0xF6, 0x9B, 0x81, 0xCE, 0x1F, 0xC2, 0x0A, 0xE8, 0xE8, 0xFF,
    0x9F, 0x0D, 0x17, 0x17, 0x80, 0x8A, 0x57, 0xA1, 0x23, 0xE4, 0xA2, 0x97, 0x38, 0x97, 0xA8, 0x97,
    0x24, 0x95, 0x68, 0xA0, 0xBB, 0xA2, 0x53, 0xCA, 0xF8, 0x9E, 0x30, 0xDB, 0x6E, 0xC8, 0x5D, 0xB8,
    0xCC, 0xC8, 0xA9, 0xEC, 0x16, 0xC5, 0x6A, 0xBC, 0xCF, 0xEC, 0xB7, 0xB5, 0xCA, 0x0A, 0xF9, 0xF1,
    0x6A, 0x4B, 0xAF, 0xBC, 0xDA, 0x50, 0x02, 0xB2, 0xF4, 0xAA, 0x4D, 0x9D, 0x7C, 0xE1, 0xEC, 0xCD,
    0x4F, 0xBE, 0x40, 0xA0, 0x16, 0x1F, 0x21, 0x8D, 0xEB, 0xF0, 0xD3, 0x12, 0xD4, 0x10, 0x7E, 0x8A,
    0x05, 0xAB, 0x00, 0xD6, 0x45, 0xE5, 0x2C, 0xA9, 0x36, 0x65, 0x9C, 0xFA, 0xB0, 0x2A, 0x49, 0x7D,
    0xC6, 0x2A, 0x7E, 0xA2, 0xE0, 0x4B, 0x6C, 0x37, 0x85, 0x4C, 0x87, 0x57, 0xAC, 0x12, 0x95, 0x98,
    0x52, 0x71, 0xA3, 0xF0, 0x5D, 0xBB, 0x64, 0x1B, 0x30, 0x5C, 0xA3, 0xA5, 0x51, 0x75, 0x44, 0x9F,
    0x44, 0x55, 0xC7, 0x21, 0xF9, 0xA0, 0x23, 0x30, 0xB3, 0x5F, 0x9F, 0xDF, 0x0A, 0x5A, 0xCF, 0x16,
    0xB6, 0x09, 0xCE, 0x0E, 0x07, 0x58, 0x00, 0xBC, 0x34, 0xA0, 0x2A, 0x64, 0x71, 0x0A, 0xB2, 0x8A,
    0x1E, 0xDD, 0xE2, 0x6C, 0x9C, 0x10, 0xC1, 0xC0, 0x7F, 0x42, 0x88, 0x28, 0x02, 0x86, 0x08, 0x23,
    0xF8, 0x86, 0xD9, 0x60, 0x1C, 0x9C, 0x2E, 0x06, 0x62, 0xD7, 0xBC, 0xA3, 0xB0, 0x35, 0xA3, 0x82,
    0x2C, 0x1E, 0xD5, 0xC3, 0x1E, 0x32, 0x2A, 0xB4, 0xEF, 0xEA, 0xEF, 0x85, 0xD3, 0x9E, 0x2C, 0x53,
    0xBA, 0xAC, 0x3B, 0xD4, 0xEC, 0x8B, 0x4B, 0xE5, 0x0A, 0x8C, 0x0E, 0xCD, 0x49, 0x0E, 0x15, 0x6F,
    0x33, 0xEF, 0x82, 0x36, 0x81, 0x77, 0x0D, 0x9C, 0x07, 0x85, 0xB1, 0x48, 0xF8, 0xD5, 0x78, 0xA7,
    0xA2, 0xA5, 0x9F, 0xD1, 0x1D, 0x23, 0x88, 0x81, 0x48, 0x1E, 0x3C, 0x4B, 0x96, 0x40, 0x76, 0x8C,
    0x64, 0x1E, 0xE4, 0x47, 0xEB, 0x3B, 0x26, 0x05, 0x9E, 0xC8, 0xCB, 0xB0, 0x23, 0xAB, 0x31, 0x09,
    0x2D, 0xEB, 0x18, 0x09, 0xFC, 0x01, 0x68, 0x36, 0x4C, 0x1B, 0xE2, 0x94, 0x23, 0xBD, 0xC8, 0xE5,
    0x0D, 0x63, 0xD1, 0xF2, 0x6F, 0xA8, 0xD3, 0xE5, 0x5C, 0xA4, 0xF4, 0xFB, 0xE1, 0x0D, 0xB8, 0x30,
    0xF7, 0x7A, 0xE6, 0x8A, 0x49, 0xBD, 0x9E, 0x6A, 0xB9, 0x7C, 0x20, 0x3B, 0x02, 0x38, 0x7E, 0x03,
    0x97, 0x1B, 0x1A, 0xC0, 0x01, 0x0E, 0xED, 0x41, 0x87, 0x60, 0xD0, 0x4E, 0x2C, 0x61, 0xDD, 0x79,
    0x4F, 0xF3, 0x38, 0xF7, 0x3A, 0xFF, 0x5F, 0x79, 0x22, 0x5E, 0x17, 0x7C, 0x92, 0x1B, 0xF1, 0xDA,
    0xF0, 0xE3, 0xFC, 0x2E, 0x86, 0xE8, 0x37, 0x69, 0x8F, 0x21, 0x8E, 0x52, 0xC4, 0xA8, 0x4D, 0xA2,
    0x57, 0x5A, 0xC4, 0x9B, 0x97, 0x83, 0x91, 0x95, 0xEF, 0x3D, 0x19, 0x8F, 0x8F, 0xFF, 0x09, 0xC5,
    0xDB, 0x08, 0x73, 0x05, 0x5F, 0x35, 0x78, 0x55, 0x82, 0xAF, 0xEB, 0x18, 0xB4, 0x1C, 0x7C, 0x5D,
    0xC5, 0x08, 0x40, 0xF0, 0x65, 0x19, 0x03, 0xE5, 0xC1, 0xE3, 0x3C, 0x3E, 0xE2, 0x20, 0x71, 0x47,
    0x46, 0x90, 0x04, 0xA6, 0xC0, 0xD6, 0x04, 0x96, 0x21, 0x0B, 0x93, 0x5A, 0x31, 0x9F, 0x94, 0xCA,
    0x4F, 0x1C, 0x40, 0x74, 0x23, 0x48, 0xA3, 0xE2, 0x8A, 0x2D, 0x03, 0x9E, 0x90, 0xCE, 0x31, 0x1A,
    0x52, 0x51, 0xAC, 0x63, 0x92, 0x22, 0x31, 0x50, 0xFA, 0xE2, 0x1C, 0xE1, 0x3F, 0x25, 0x4C, 0x71,
    0xB3, 0x87, 0x3B, 0xA7, 0x31, 0xCE, 0xF1, 0xB0, 0x0F, 0xEB, 0x24, 0x5D, 0xC3, 0xB6, 0x45, 0x65,
    0xD2, 0x53, 0xD8, 0x11, 0x95, 0x06, 0x4E, 0xC0, 0x5B, 0xD3, 0x18, 0x97, 0xF7, 0xBC, 0x0E, 0xD0,
    0x8F, 0xF3, 0x53, 0x1F, 0x3C, 0x80, 0xB7, 0xF1, 0x29, 0x92, 0xC0, 0x70, 0x0A, 0xAC, 0x68, 0x3C,
    0x37, 0xE2, 0x2D, 0xB8, 0x2F, 0xCE, 0xD7, 0x7E, 0x0B, 0x40, 0x26, 0xE9, 0xA9, 0x42, 0xD1, 0xC0,
    0x45, 0x44, 0x20, 0xE7, 0xD2, 0x5A, 0x8C, 0xB9, 0x98, 0x26, 0xF7, 0xFC, 0x71, 0x55, 0xC0, 0xD4,
    0x53, 0xB2, 0x5F, 0x4D, 0x75, 0x58, 0x93, 0xDC, 0xE5, 0x3D, 0x90, 0x2D, 0x0E, 0x76, 0x7C, 0xEF,
    0xCA, 0x92, 0xA7, 0x54, 0x39, 0xD5, 0x5A, 0xF1, 0x96, 0x6F, 0x3E, 0x74, 0x35, 0x8D, 0x0E, 0xD9,
    0x49, 0x09, 0x74, 0xCF, 0x76, 0x04, 0x3A, 0x20, 0xCB, 0x21, 0x39, 0x3F, 0x24, 0x2F, 0x67, 0x9A,
    0xA5, 0x80, 0x0C, 0x57, 0x06, 0xCF, 0x78, 0x83, 0xBA, 0x93, 0xB4, 0x8F, 0xD9, 0x39, 0x60, 0x76,
    0xE5, 0x9F, 0x5A, 0xAB, 0x00, 0xF0, 0x46, 0x28, 0x61, 0xE0, 0xE2, 0x4C, 0x28, 0x37, 0x80, 0xF5,
    0xD5, 0xA6, 0x5A, 0x9F, 0x15, 0x4C, 0xB6, 0x26, 0x78, 0x4C, 0x4E, 0x1F, 0x0E, 0x3F, 0x66, 0x6C,
    0xEC, 0xA8, 0x0C, 0x56, 0xB4, 0x31, 0xB3, 0x7F, 0x47, 0x9E, 0xBD, 0x5E, 0x5E, 0xAD, 0xDE, 0x13,
    0xAD, 0x79, 0x83, 0x1B, 0x2E, 0x51, 0x5B, 0x46, 0x17, 0x84, 0x5A, 0x09, 0x13, 0x4D, 0xB6, 0xA2,
    0x0A, 0x73, 0xD5, 0x7A, 0x2A, 0xCE, 0xAA, 0xC9, 0x5C, 0x1F, 0xA6, 0xF2, 0x93, 0x2A, 0x1A, 0xE8,
    0x3D, 0xC5, 0x80, 0x7C, 0x7B, 0x5C, 0xDE, 0xBE, 0x5C, 0xD9, 0xDE, 0x1E, 0x57, 0xF7, 0x75, 0xB1,
    0x4A, 0x65, 0x39, 0x4F, 0xE6, 0x2A, 0x9E, 0xBF, 0xF5, 0xA6, 0xB8, 0x18, 0xA0, 0x23, 0x20, 0x5B,
    0x3C, 0x39, 0xCE, 0x35, 0xEB, 0x73, 0xBA, 0x5C, 0x9F, 0xEC, 0xA4, 0xAE, 0x39, 0xC2, 0x97, 0x4C,
    0xCA, 0x46, 0x91, 0xA6, 0x4C, 0x63, 0x35, 0xFF, 0x7B, 0x66, 0xFF, 0x42, 0xD3, 0x31, 0xA9, 0x18,
    0xF0, 0x22, 0x65, 0x57, 0x40, 0x5B, 0xC7, 0x85, 0xE6, 0x3C, 0x6F, 0x4B, 0xCF, 0xDB, 0x99, 0xD6,
    0xB1, 0x42, 0xEB, 0xD8, 0x1D, 0x7B, 0xFC, 0xF0, 0x16, 0x00, 0x4F, 0x02, 0x03, 0xF4, 0x6A, 0x99,
    0xB2, 0x1C, 0x35, 0x48, 0xE3, 0xA1, 0xC1, 0x29, 0x49, 0x50, 0xD3, 0x52, 0x25, 0xC1, 0x44, 0x5C,
    0xB1, 0xDE, 0xF0, 0x4F, 0xA3, 0x31, 0xC9, 0xD4, 0x43, 0xC4, 0x94, 0x2D, 0xC3, 0x0B, 0x99, 0x6F,
    0x4A, 0xEA, 0x96, 0xE3, 0x4C, 0x4A, 0x63, 0x8C, 0xB6, 0x4B, 0x59, 0x46, 0x59, 0x68, 0x95, 0xB5,
    0x4A, 0x6E, 0x56, 0x2D, 0x55, 0xA7, 0x64, 0xFD, 0x37, 0xE8, 0x80, 0x0E, 0x2C, 0x19, 0x7D, 0xF6,
    0x14, 0xEF, 0x84, 0x37, 0x95, 0x46, 0x42, 0x75, 0x49, 0xA4, 0x45, 0xB9, 0xA8, 0x35, 0x72, 0xBC,
    0x9D, 0x10, 0x11, 0x72, 0x43, 0x17, 0xBC, 0x76, 0x79, 0xC1, 0x8B, 0x7A, 0x3E, 0x5F, 0xBB, 0xD6,
    0xDE, 0x97, 0xA9, 0x44, 0x38, 0xDF, 0x27, 0xE3, 0xB1, 0xA3, 0xD9, 0x6F, 0xB2, 0xDF, 0x9B, 0x5E,
    0x73, 0x8A, 0xC8, 0xEE, 0x7D, 0xCF, 0xBD, 0x44, 0xF8, 0xB9, 0x1F, 0xE5, 0x34, 0x2D, 0x03, 0x91,
    0x4F, 0x5D, 0xC3, 0xB4, 0x68, 0x3A, 0xE3, 0x44, 0x2E, 0x7E, 0xB8, 0x47, 0xD9, 0xFC, 0x63, 0xCD,
    0xF7, 0xC9, 0xD9, 0x03, 0x95, 0x8C, 0xE1, 0x28, 0xA6, 0x69, 0x0A, 0xD6, 0xD6, 0x76, 0xCE, 0x1B,
    0x5F, 0xEB, 0xF8, 0x63, 0x0C, 0x5A, 0xBF, 0x47, 0xCC, 0xFD, 0x3E, 0xC4, 0x03, 0xE4, 0x46, 0xD8,
    0x41, 0x03, 0xE6, 0x7D, 0x0C, 0x9E, 0xF0, 0x70, 0x17, 0x1D, 0x21, 0xF8, 0xB7, 0x5B, 0xD4, 0x7B,
    0x56, 0xEB, 0x42, 0xC4, 0xD8, 0x26, 0x67, 0x87, 0xB5, 0xC2, 0x87, 0x2D, 0x57, 0xC4, 0xBE, 0xCF,
    0x64, 0xC3, 0x84, 0x74, 0x45, 0x12, 0xAE, 0x7B, 0xB3, 0x27, 0xD6, 0xF3, 0x8F, 0x41, 0xAE, 0x54,
    0x7D, 0x6F, 0xFE, 0xE1, 0xF0, 0xBA, 0x69, 0xD2, 0x9E, 0xE9, 0xD3, 0x3C, 0x2D, 0xAF, 0x0B, 0xED,
    0x88, 0xE2, 0x2F, 0x5B, 0xAD, 0xB8, 0x9D, 0xDA, 0x4D, 0x79, 0xD7, 0xA3, 0x3C, 0xF1, 0x78, 0xFF,
    0x44, 0x3F, 0xEC, 0x03, 0x46, 0xED, 0x44, 0x11, 0x70, 0xA2, 0x99, 0x7B, 0xA2, 0xD1, 0x39, 0xBD,
    0xAB, 0x9A, 0xE9, 0xB2, 0x46, 0x57, 0x30, 0xD5, 0x1C, 0x46, 0x4F, 0x03, 0xF8, 0xBC, 0xE2, 0x23,
    0xF6, 0xB5, 0x93, 0x7C, 0x8D, 0x01, 0x2F, 0x3E, 0x06, 0x03, 0x80, 0x9F, 0x48, 0xF4, 0x5F, 0x0F,
    0x2C, 0xC9, 0x7F, 0xED, 0x40, 0xCF, 0xF1, 0xCF, 0x59, 0xA5, 0x8D, 0x94, 0xBA, 0xAD, 0x90, 0x67,
    0xE5, 0x76, 0x23, 0xAB, 0x31, 0xF9, 0xA1, 0x22, 0xCF, 0x68, 0x9C, 0x93, 0xCF, 0xB5, 0xEC, 0x7E,
    0xEE, 0x32, 0x3C, 0x57, 0x59, 0x33, 0x64, 0x71, 0xA3, 0x65, 0xB6, 0x93, 0x9D, 0xEC, 0x9D, 0x3B,
    0x43, 0x1A, 0x6B, 0x3B, 0xF3, 0x92, 0x5D, 0xFD, 0x71, 0xCC, 0xE1, 0x48, 0x66, 0xCB, 0xA0, 0xDE,
    0xEA, 0xE9, 0xAA, 0x4C, 0xDB, 0x99, 0x42, 0x4B, 0x92, 0x2B, 0x1F, 0x90, 0xC8, 0xC0, 0xE0, 0xC9,
    0xF1, 0xA8, 0x74, 0xD3, 0x2A, 0x61, 0x32, 0xD7, 0xBF, 0x98, 0x30, 0xB5, 0xE1, 0x98, 0x4B, 0x9D,
    0xE8, 0xD5, 0x7E, 0xFA, 0x22, 0x66, 0x2E, 0x9A, 0xEA, 0xC2, 0x5D, 0x16, 0x26, 0xAE, 0xD9, 0x29,
    0x4F, 0xA3, 0x38, 0x8D, 0xD7, 0x51, 0x65, 0x4D, 0x7D, 0xA0, 0xC4, 0x72, 0xA0, 0x7B, 0x8D, 0x23,
    0x2D, 0x6B, 0x27, 0xDA, 0xD2, 0x76, 0x9A, 0xB3, 0xEC, 0xDD, 0x2B, 0x61, 0xEF, 0x5E, 0x7A, 0x34,
    0xAE, 0xF4, 0x29, 0xD1, 0x58, 0x59, 0xD4, 0x25, 0xC8, 0xD2, 0xA4, 0xD0, 0xB4, 0xCC, 0xD2, 0xB0,
    0x4C, 0xF2, 0x2C, 0x5D, 0x94, 0x26, 0x37, 0x29, 0x2A, 0x59, 0x8A, 0x26, 0x33, 0x45, 0x8B, 0x59,
    0xC6, 0xD0, 0x29, 0xA9, 0x12, 0x76, 0x19, 0xCD, 0x0D, 0x98, 0xBF, 0x18, 0x0E, 0x3C, 0xEE, 0x39,
    0xC6, 0xE3, 0x7E, 0x26, 0xDA, 0x85, 0x4B, 0xB6, 0x73, 0x55, 0x56, 0x21, 0xE4, 0x4D, 0xF8, 0x71,
    0x1C, 0xC8, 0x8E, 0x52, 0xED, 0x70, 0x10, 0x8C, 0xDD, 0x60, 0x9C, 0x95, 0x99, 0x43, 0xEA, 0x90,
    0xB9, 0xF7, 0x8D, 0xC3, 0xA1, 0x71, 0xB5, 0xC9, 0x4C, 0x7D, 0x39, 0x32, 0x37, 0x73, 0xC3, 0x8F,
    0xED, 0xAA, 0x78, 0x94, 0x6B, 0xB3, 0x93, 0x2B, 0x84, 0x51, 0x8B, 0xE5, 0xCE, 0xB0, 0x3C, 0x7C,
    0xA8, 0x6E, 0x61, 0x28, 0xDC, 0xC0, 0x78, 0x30, 0xFC, 0x00, 0x17, 0x87, 0xC2, 0x81, 0x61, 0x50,
    0x64, 0xF8, 0xAE, 0x34, 0x11, 0xEE, 0x48, 0x31, 0x72, 0x3F, 0x86, 0x58, 0x39, 0x52, 0x7B, 0xC8,
    0x4D, 0x1E, 0x70, 0x8B, 0x92, 0xEB, 0x56, 0x42, 0xDB, 0x07, 0x52, 0x89, 0x8F, 0xB6, 0x5E, 0x36,
    0x05, 0x62, 0xA6, 0xA0, 0x7C, 0xBB, 0x70, 0xEC, 0xAE, 0x56, 0x2B, 0x7B, 0xB9, 0x23, 0x96, 0x3D,
    0x92, 0x8F, 0xAF, 0xD5, 0x29, 0xA1, 0xB7, 0xB6, 0x3A, 0x62, 0x89, 0xCF, 0x97, 0xCB, 0xA5, 0x6B,
    0x57, 0x27, 0xC4, 0x6E, 0x83, 0x64, 0xBA, 0xDF, 0xCA, 0x2E, 0x77, 0x33, 0x2B, 0xC0, 0x78, 0x2A,
    0xD7, 0x89, 0x3D, 0xE7, 0x93, 0xE5, 0x7F, 0x83, 0x8A, 0xDB, 0x05, 0x56, 0xE2, 0xF6, 0xE3, 0xD1,
    0x98, 0xEC, 0x82, 0x2D, 0x6A, 0xEE, 0x75, 0x8B, 0xF4, 0x59, 0xA8, 0xBC, 0x3F, 0x43, 0x05, 0xAB,
    0xB7, 0xCF, 0x40, 0xA5, 0xD6, 0x9C, 0xA8, 0x54, 0x96, 0xB4, 0x2F, 0x54, 0xC9, 0xF4, 0x26, 0x54,
    0xF8, 0x0E, 0x77, 0xC5, 0x84, 0x8A, 0x28, 0x54, 0x38, 0xDB, 0x75, 0xC6, 0x6F, 0xB8, 0xE1, 0xA5,
    0x74, 0x5B, 0x51, 0xCE, 0x05, 0x72, 0x4F, 0x51, 0x2C, 0xAA, 0xB8, 0x83, 0x8A, 0x28, 0x54, 0x76,
    0x53, 0x0F, 0x4E, 0x89, 0x74, 0x81, 0x44, 0x74, 0x6A, 0xCD, 0x97, 0x91, 0x4E, 0xDD, 0x53, 0x1F,
    0x3A, 0x1C, 0x7C, 0x67, 0x58, 0x16, 0x4B, 0x74, 0x9C, 0x0C, 0x28, 0x32, 0x71, 0xD4, 0x60, 0x0D,
    0x1A, 0x39, 0x6D, 0x3B, 0x5C, 0xD7, 0xC1, 0x1C, 0x45, 0x8D, 0x53, 0x8B, 0x54, 0x96, 0xAC, 0x7A,
    0xB1, 0xCA, 0x24, 0x27, 0x37, 0x40, 0x67, 0xB5, 0x48, 0xA5, 0xFA, 0x18, 0x1D, 0xEF, 0xD9, 0x5B,
    0x80, 0x79, 0x08, 0x9E, 0xC3, 0xF6, 0xC9, 0xED, 0xFF, 0x76, 0x2E, 0xF3, 0xE0, 0x38, 0x35, 0x05,
    0xCD, 0x66, 0x97, 0x0D, 0xC2, 0xDA, 0xC5, 0x14, 0xFE, 0x20, 0x17, 0xCD, 0xC4, 0xB4, 0xA1, 0xBC,
    0x32, 0x04, 0x2E, 0x09, 0xFC, 0xA9, 0x1D, 0x9B, 0x3A, 0xE6, 0xAC, 0x9B, 0xF6, 0x00, 0xA9, 0x5B,
    0xC1, 0xDD, 0x4D, 0xDA, 0xED, 0xBC, 0xC1, 0xE4, 0xCF, 0xA7, 0x0F, 0x5E, 0x82, 0x56, 0xE6, 0x1F,
    0x7D, 0x51, 0x0E, 0xF2, 0xB3, 0xE1, 0xFA, 0x87, 0x18, 0x7E, 0xDA, 0xC6, 0xFE, 0xDF, 0x7A, 0xF9,
    0x41, 0x7D, 0xDD, 0xFF, 0x10, 0x6D, 0x76, 0xB5, 0x1F, 0x7C, 0x04, 0x34, 0xB7, 0xFB, 0x01, 0x66,
    0x09, 0x5C, 0x12, 0x84, 0xBF, 0xB7, 0xA4, 0xB9, 0x30, 0xFD, 0xCB, 0x9B, 0x0C, 0x88, 0x34, 0x11,
    0x17, 0x93, 0xE6, 0x5B, 0x6E, 0xFF, 0x61, 0x7B, 0xE2, 0xB3, 0x27, 0xCF, 0x5D, 0xDD, 0x0B, 0xD2,
    0xDD, 0x8D, 0xEE, 0x83, 0x0B, 0x6D, 0x25, 0x2F, 0x8E, 0x73, 0xB4, 0x73, 0xBC, 0x38, 0xCE, 0x50,
    0xC4, 0x2A, 0xB7, 0xB9, 0x83, 0x8D, 0x72, 0xCE, 0x04, 0xE5, 0xB5, 0x6C, 0xC3, 0x6A, 0xEB, 0x4D,
    0x11, 0x1A, 0xE6, 0xE2, 0xA3, 0xF4, 0x40, 0x88, 0x76, 0x54, 0xB7, 0xF5, 0x8F, 0x2D, 0xCF, 0x17,
    0xEC, 0x26, 0x97, 0x30, 0xE1, 0xCE, 0xF2, 0xF0, 0x8B, 0x54, 0x8F, 0x96, 0x62, 0xB7, 0xCF, 0x77,
    0xF3, 0xA7, 0xE2, 0xDE, 0xDB, 0xD3, 0x93, 0x0F, 0xEE, 0x57, 0x18, 0x1A, 0xBD, 0x3D, 0x7F, 0x39,
    0x69, 0xE6, 0xCE, 0x02, 0xDA, 0x0D, 0x19, 0x0D, 0x9B, 0x53, 0x05, 0x4D, 0x60, 0xDD, 0x32, 0x32,
    0xF5, 0xE7, 0x73, 0x8A, 0xAD, 0xD3, 0x0A, 0x7C, 0xFA, 0x16, 0xE5, 0x1E, 0x3B, 0xA6, 0x7F, 0x33,
    0x34, 0x91, 0xA6, 0x9C, 0xB6, 0x93, 0x91, 0x75, 0xDB, 0x85, 0x72, 0x2F, 0x97, 0x6B, 0xE6, 0x97,
    0x8C, 0x9F, 0xB9, 0x78, 0x1A, 0x6B, 0xC9, 0xD4, 0x9F, 0xF2, 0xE7, 0x51, 0xD9, 0x7D, 0xA0, 0x1F,
    0x68, 0xF6, 0x5A, 0xA5, 0x16, 0x12, 0x5F, 0x0B, 0x09, 0xFF, 0x2B, 0x0D, 0x61, 0x41, 0x34, 0x4C,
    0x8B, 0x86, 0xDB, 0xFC, 0x85, 0x86, 0x24, 0x52, 0x90, 0xB9, 0x65, 0x75, 0x73, 0x35, 0x5D, 0xE1,
    0xE0, 0xB6, 0xC1, 0x34, 0xE1, 0x40, 0x8D, 0x7D, 0x5F, 0xCB, 0x6D, 0xAB, 0xB2, 0x53, 0x39, 0x68,
    0x50, 0x18, 0xC2, 0xD1, 0xD1, 0x4D, 0xA5, 0x4D, 0x5B, 0xC3, 0x63, 0x00, 0xD4, 0x6C, 0x72, 0xEB,
    0x11, 0xF7, 0xF2, 0xB2, 0x2F, 0x77, 0x9F, 0xA3, 0x3C, 0xFA, 0x6E, 0x98, 0xEE, 0xCB, 0x49, 0x11,
    0x97, 0x47, 0x3C, 0x5A, 0xA9, 0xB1, 0x59, 0xFB, 0x55, 0xC3, 0x6C, 0x08, 0xCA, 0xAC, 0xA2, 0x7B,
    0x76, 0xB8, 0x5F, 0xDC, 0x94, 0xF0, 0xEF, 0x0F, 0x5B, 0x25, 0x0B, 0x4D, 0xAD, 0x4C, 0xA7, 0x7A,
    0x13, 0xCD, 0xC9, 0xDC, 0x8A, 0xB8, 0x17, 0xA6, 0xC6, 0x6A, 0xAE, 0x6D, 0xC3, 0x76, 0x2F, 0x32,
    0x75, 0x22, 0x53, 0xB5, 0x70, 0x21, 0xF0, 0xDE, 0x1E, 0x6F, 0x39, 0xF5, 0x47, 0x99, 0x3A, 0x4F,
    0x6C, 0xA2, 0xDF, 0x38, 0x2B, 0x78, 0x48, 0x12, 0xD5, 0xF0, 0x96, 0x4D, 0x99, 0xDC, 0xA0, 0x32,
    0xEE, 0x4C, 0xF1, 0x6D, 0x8C, 0x8D, 0x29, 0x77, 0x73, 0xB9, 0xDF, 0xC1, 0xA3, 0x20, 0xAE, 0x0E,
    0xFE, 0x64, 0x35, 0x5F, 0x70, 0xAF, 0x8C, 0x6D, 0x6F, 0x8D, 0xAE, 0x28, 0x6C, 0x14, 0x15, 0x8B,
    0xC6, 0x21, 0xA4, 0x9E, 0x86, 0xC4, 0xE1, 0x65, 0xC2, 0x8E, 0xE2, 0x28, 0x51, 0xD2, 0x7A, 0x57,
    0x37, 0xD2, 0x56, 0x7B, 0x10, 0xAB, 0x9B, 0x9A, 0xC3, 0x9E, 0x91, 0xC3, 0x26, 0x12, 0x8B, 0x60,
    0xC7, 0xC3, 0x94, 0x18, 0x14, 0x65, 0x83, 0x26, 0x05, 0x0F, 0x1C, 0xDC, 0x41, 0x83, 0x1E, 0xA7,
    0x94, 0x53, 0x37, 0x5F, 0x54, 0xCF, 0x17, 0x8F, 0x40, 0xDB, 0x91, 0x76, 0xE7, 0xDC, 0x57, 0xA4,
    0xB3, 0x67, 0xB6, 0x6A, 0xFE, 0xCB, 0x96, 0x3B, 0x8A, 0x6C, 0x6B, 0x47, 0xE1, 0x7C, 0x12, 0x3C,
    0x73, 0x86, 0x16, 0xCE, 0x1D, 0x9A, 0x9F, 0xFF, 0x48, 0xEF, 0x96, 0x0E, 0xB2, 0xA5, 0x3B, 0xC6,
    0xFB, 0x79, 0xE3, 0x58, 0xA5, 0xBD, 0xD8, 0xDD, 0x2D, 0xDC, 0x60, 0x6C, 0xF8, 0x98, 0x36, 0xFD,
    0x89, 0x2C, 0x1E, 0x0C, 0x07, 0x0B, 0xF6, 0x27, 0xAD, 0x0E, 0x71, 0xB5, 0xEF, 0x88, 0xFC, 0x28,
    0xD2, 0x1C, 0x7B, 0x5F, 0x4F, 0x48, 0xA5, 0xBD, 0xAE, 0x1B, 0x98, 0x07, 0x2F, 0x5E, 0x84, 0xED,
    0x52, 0xF4, 0xAE, 0x0C, 0xD3, 0xB3, 0xF1, 0x52, 0xF0, 0x5D, 0x69, 0x74, 0x89, 0x06, 0x55, 0xDA,
    0x89, 0x4F, 0xD5, 0xCF, 0x5A, 0x09, 0x1D, 0x42, 0x65, 0x1E, 0xD0, 0x0A, 0xFA, 0x54, 0x8C, 0xF5,
    0x20, 0xA6, 0xA6, 0x31, 0x14, 0x5C, 0xD8, 0xC7, 0x29, 0x33, 0xA2, 0x72, 0x87, 0x92, 0x71, 0xB9,
    0xC7, 0x53, 0x08, 0xB0, 0x23, 0xE2, 0x35, 0x12, 0xCF, 0x23, 0x97, 0x1B, 0x45, 0x0F, 0xC3, 0x46,
    0xBA, 0x6E, 0xE0, 0x52, 0xE3, 0xB2, 0xA8, 0xF4, 0x68, 0xD6, 0xA7, 0xEB, 0x83, 0xF3, 0xD7, 0xB5,
    0x5D, 0xD3, 0xC3, 0x89, 0xA8, 0xD6, 0xFA, 0x8F, 0x82, 0xB0, 0x20, 0x2E, 0x20, 0x4A, 0x87, 0x89,
    0xB8, 0xE2, 0xDE, 0x07, 0x2D, 0x91, 0xAF, 0x45, 0x7A, 0xA0, 0x5E, 0xEC, 0xF8, 0x10, 0x35, 0xAF,
    0x41, 0xB9, 0xF4, 0x6B, 0x1E, 0x24, 0x54, 0x2D, 0xFD, 0x0F, 0xCA, 0xFA, 0x0F, 0xE3, 0x5A, 0xB5,
    0x40, 0xFF, 0xFF, 0x17, 0xFB, 0xFF, 0x1F, 0x44, 0x43, 0x03, 0x00, 0xC5, 0x96, 0x31, 0x6E, 0xDB,
    0x40, 0x10, 0x45, 0x97, 0x12, 0x0C, 0x15, 0x2A, 0x58, 0xB9, 0xD6, 0x11, 0x78, 0x04, 0x12, 0xC9,
    0x05, 0xD4, 0xC8, 0xAD, 0x5D, 0xE7, 0x12, 0xD4, 0x11, 0xD4, 0xA4, 0x4F, 0x69, 0xE4, 0x10, 0x12,
    0x9D, 0x13, 0xF0, 0x08, 0x6C, 0xDC, 0xB3, 0x60, 0x00, 0x05, 0x58, 0x72, 0xF3, 0xFF, 0xCC, 0x70,
    0x57, 0xB1, 0x84, 0x18, 0x41, 0x0A, 0x2F, 0x3E, 0x30, 0xA3, 0xC5, 0x52, 0xFB, 0xF9, 0x34, 0xB3,
    0x2B, 0xE7, 0x5C, 0xF6, 0xBD, 0x82, 0x9C, 0x73, 0x79, 0x68, 0x21, 0x24, 0x65, 0x68, 0x20, 0x24,
    0xA7, 0xAA, 0x82, 0x90, 0x8C, 0x22, 0xAC, 0xF5, 0x14, 0xC6, 0xE2, 0x4C, 0x61, 0x2C, 0x07, 0xEA,
    0x32, 0xA9, 0x03, 0x06, 0xB2, 0x25, 0x63, 0xE8, 0xF1, 0xD0, 0xE3, 0xEB, 0xEE, 0xF1, 0x75, 0xCB,
    0x1D, 0x5A, 0x8A, 0x49, 0x43, 0x61, 0x6C, 0x1A, 0x0A, 0xA3, 0x68, 0x5C, 0xB1, 0x97, 0x64, 0xEF,
    0x4A, 0x49, 0xCA, 0x8A, 0x62, 0x22, 0xE2, 0x37, 0x8B, 0x30, 0x8E, 0x22, 0x8C, 0xC9, 0x7C, 0x45,
    0x83, 0x6E, 0x36, 0xF8, 0x37, 0xA7, 0x3D, 0x85, 0xB1, 0xEA, 0x29, 0x4D, 0xD6, 0x92, 0xAC, 0x3B,
    0xEA, 0xA6, 0x53, 0x1A, 0x94, 0xA4, 0xAE, 0x28, 0x52, 0xA2, 0x98, 0x78, 0x8A, 0x49, 0x47, 0xE9,
    0x50, 0xA4, 0x64, 0xFA, 0x24, 0x6B, 0x7F, 0x78, 0xE1, 0xF9, 0xD9, 0x8B, 0x59, 0x3A, 0xA2, 0xBD,
    0x83, 0x33, 0x73, 0x66, 0x6D, 0x0E, 0x75, 0x18, 0xB0, 0x3D, 0x08, 0xF6, 0xD8, 0x1C, 0xFC, 0xB6,
    0x84, 0x84, 0x19, 0x3A, 0xC8, 0x95, 0x14, 0x66, 0x88, 0x07, 0x33, 0xA5, 0x52, 0xAB, 0x95, 0xD9,
    0x51, 0x89, 0x4D, 0xCA, 0x6B, 0x54, 0x5A, 0x5E, 0x58, 0x65, 0x69, 0x73, 0xCC, 0x70, 0x2B, 0xCC,
    0x10, 0x05, 0x66, 0x08, 0x02, 0x33, 0xC4, 0x80, 0x19, 0x42, 0xC0, 0x0C, 0x11, 0x28, 0x21, 0xC3,
    0x62, 0x50, 0x0C, 0x89, 0x01, 0x51, 0x1C, 0x06, 0xC3, 0x50, 0x24, 0x10, 0x24, 0xF1, 0xAC, 0x24,
    0xBC, 0xAC, 0x7A, 0x51, 0x12, 0x9F, 0xCE, 0x62, 0xE6, 0xA6, 0x8B, 0xD9, 0x4C, 0xF7, 0x2E, 0x89,
    0xF2, 0x7D, 0x12, 0xE3, 0x25, 0x89, 0xEC, 0x83, 0x49, 0xA4, 0xB2, 0x88, 0x95, 0xD1, 0x44, 0x24,
    0x55, 0xAC, 0x8F, 0x54, 0x22, 0x74, 0xBA, 0xBD, 0xA8, 0xE2, 0x54, 0xC6, 0x17, 0x99, 0xB6, 0x9C,
    0x72, 0x62, 0xCF, 0x21, 0xB3, 0xA6, 0x33, 0x5A, 0xD0, 0xA6, 0x99, 0x8B, 0xD9, 0xAA, 0x27, 0x61,
    0x63, 0xCB, 0xC5, 0xCE, 0xAB, 0x63, 0xEB, 0x9D, 0x62, 0xEF, 0x4D, 0xB1, 0xF9, 0xC6, 0xD8, 0x7D,
    0x7E, 0x6E, 0xBF, 0xEC, 0x0F, 0xCB, 0xDA, 0x80, 0x46, 0xD4, 0x32, 0x35, 0x6F, 0x5C, 0xE7, 0x9F,
    0xB7, 0xBF, 0xA0, 0x9B, 0x00, 0xAF, 0x23, 0xE3, 0x84, 0x39, 0x91, 0x4E, 0xB0, 0x13, 0xEF, 0x88,
    0x3C, 0x51, 0x4F, 0xE0, 0xDF, 0xB2, 0x7F, 0x8E, 0xEC, 0xFD, 0x35, 0x7B, 0xAB, 0xC8, 0x54, 0x94,
    0xA9, 0x26, 0xAE, 0xED, 0x0F, 0xA9, 0x40, 0xDF, 0xB0, 0x6F, 0xAE, 0xD9, 0x17, 0xFF, 0xCC, 0xFE,
    0x18, 0xD9, 0x8F, 0xFF, 0xC1, 0xFE, 0x86, 0xF9, 0xF5, 0xC7, 0xB0, 0x97, 0xB8, 0x09, 0x73, 0xB9,
    0x4E, 0x12, 0x43, 0x75, 0xE2, 0x49, 0xBF, 0xF0, 0x7A, 0x07, 0xC0, 0x9D, 0xC6, 0x5E, 0xAF, 0x02,
    0x58, 0x92, 0x9B, 0x00, 0x6E, 0x64, 0xA3, 0xBC, 0x5D, 0x85, 0x20, 0x4C, 0x0B, 0x89, 0x9B, 0xE6,
    0x3E, 0xEC, 0x94, 0xE2, 0x68, 0x37, 0xC7, 0xA8, 0x17, 0x87, 0x9E, 0xFC, 0xA5, 0xDD, 0x00, 0xB5,
    0xB5, 0xCE, 0xC9, 0xDA, 0x65, 0xB2, 0xE3, 0x7F, 0xB4, 0x8E, 0xF6, 0xFA, 0xE6, 0x58, 0x2C, 0xEF,
    0x8D, 0xC5, 0xF2, 0xD6, 0xCB, 0xB3, 0xBE, 0x33, 0x1E, 0x92, 0x48, 0x50, 0x73, 0xFC, 0xF9, 0x4D,
    0x39, 0x85, 0x4E, 0x28, 0x2D, 0x2C, 0xBA, 0x7B, 0xBD, 0xD2, 0x2E, 0x8F, 0x04, 0xBB, 0xCD, 0xE6,
    0x3B, 0x0C, 0x6F, 0xAD, 0xE1, 0x34, 0x5A, 0x1C, 0x2C, 0x1E, 0x5C, 0x1C, 0x5F, 0x34, 0x5F, 0x07,
    0x5D, 0x53, 0x86, 0x20, 0x00, 0xEB, 0x7D, 0xDD, 0xAA, 0xF1, 0xBC, 0x53, 0xE3, 0x12, 0x33, 0x33,
    0xEC, 0xD4, 0x70, 0xB6, 0xF3, 0xB2, 0x77, 0x11, 0xFC, 0x22, 0xC0, 0x58, 0x08, 0x3E, 0x47, 0x5C,
    0x4E, 0x0F, 0xFE, 0xAE, 0xFE, 0x5A, 0x09, 0x83, 0xDA, 0x4E, 0xB3, 0x39, 0xA2, 0xA6, 0x56, 0x83,
    0x96, 0xD2, 0x72, 0x94, 0x6F, 0x76, 0x19, 0x10, 0x0B, 0xBF, 0xFA, 0xCC, 0x5F, 0x88, 0x6E, 0x8C,
    0x63, 0x68, 0x94, 0x63, 0xD1, 0x2A, 0xC7, 0xBC, 0x5B, 0x59, 0xD4, 0x0A, 0xCA, 0x5B, 0x72, 0x3C,
    0xC0, 0x04, 0x3F, 0x4F, 0x0F, 0x61, 0xBF, 0xFA, 0xF5, 0x04, 0x1B, 0x01, 0x2D, 0x32, 0xC0, 0x16,
    0x1E, 0xE6, 0xDF, 0x82, 0x1D, 0x96, 0xDE, 0x39, 0xF7, 0x1B, 0x4D, 0x8F, 0xBD, 0x0D, 0xC2, 0x30,
    0x14, 0x84, 0x2F, 0x76, 0x91, 0x82, 0x82, 0x11, 0xCC, 0x06, 0x1E, 0x01, 0x31, 0x07, 0x8B, 0xD0,
    0x25, 0xE3, 0x20, 0xB1, 0x02, 0x22, 0xD9, 0x84, 0xF4, 0x34, 0x94, 0x2E, 0x12, 0x1F, 0xF7, 0x6C,
    0x47, 0xC2, 0xF2, 0xCF, 0xE7, 0xA7, 0xEF, 0x9D, 0x6C, 0xE0, 0x6F, 0xDC, 0xDA, 0xD9, 0xE5, 0x06,
    0x3D, 0xC7, 0x0A, 0x81, 0x4B, 0x85, 0x81, 0xA9, 0x2A, 0x64, 0x6E, 0xCA, 0xA7, 0x4A, 0x61, 0x41,
    0x2C, 0xD2, 0x00, 0xF8, 0x54, 0x94, 0x96, 0xD4, 0xF3, 0x72, 0x87, 0x49, 0x81, 0xEF, 0x0C, 0x4B,
    0x1A, 0x48, 0x42, 0x49, 0x4A, 0x51, 0x8C, 0x66, 0x2F, 0x58, 0x75, 0x1B, 0x83, 0x60, 0xF1, 0x5A,
    0x67, 0xC1, 0x78, 0x24, 0x53, 0x34, 0x57, 0x0D, 0xDF, 0x03, 0xB9, 0x59, 0xC3, 0xEC, 0xE4, 0x7A,
    0xAB, 0x62, 0x2A, 0xB0, 0x02, 0x91, 0xF9, 0x21, 0x05, 0x90, 0x64, 0x0A, 0xE0, 0x0A, 0xD8, 0x7B,
    0xA6, 0xCD, 0x9B, 0x22, 0x29, 0x75, 0xA6, 0x48, 0x12, 0xCC, 0x06, 0x6E, 0x75, 0xAC, 0xFF, 0x7A,
    0x5D, 0xD7, 0x0A, 0xB1, 0x2A, 0x96, 0x34, 0x57, 0xD8, 0x15, 0xE0, 0xB9, 0xC3, 0xC9, 0xB6, 0x1F,
};

static const EpdGlyph notosans_18_italicGlyphs[] = {
    { 0, 0, 0, 0, 0, 0, 0 }, // U+0000
    { 0, 0, 156, 0, 0, 0, 0 }, // U+000D
    { 0, 0, 156, 0, 0, 0, 0 }, // U+0020
    { 11, 28, 157, 0, 27, 77, 0 }, // !
    { 12, 10, 235, 4, 27, 30, 77 }, // "
    { 24, 27, 388, 1, 27, 162, 107 }, // #
    { 19, 32, 331, 1, 29, 152, 269 }, // $
    { 26, 29, 479, 3, 28, 189, 421 }, // %
    { 24, 29, 404, 1, 28, 174, 610 }, // &
    { 5, 10, 132, 4, 27, 13, 784 }, // '
    { 13, 33, 174, 1, 27, 108, 797 }, // (
    { 13, 33, 174, -3, 27, 108, 905 }, // )
    { 19, 18, 331, 3, 29, 86, 1013 }, // *
    { 19, 19, 343, 2, 23, 91, 1099 }, // +
    { 8, 10, 154, -2, 5, 20, 1190 }, // ,
    { 11, 4, 188, 0, 12, 11, 1210 }, // -
    { 6, 6, 154, 0, 5, 9, 1221 }, // .
    { 19, 27, 214, -2, 27, 129, 1230 }, // /
    { 19, 29, 335, 2, 28, 138, 1359 }, // 0
    { 13, 27, 274, 3, 27, 88, 1497 }, // 1
    { 21, 28, 331, -1, 28, 147, 1585 }, // 2
    { 20, 29, 331, -1, 28, 145, 1732 }, // 3
    { 21, 27, 331, 0, 27, 142, 1877 }, // 4
    { 20, 28, 331, 0, 27, 140, 2019 }, // 5
    { 19, 29, 331, 1, 28, 138, 2159 }, // 6
    { 19, 27, 286, 2, 27, 129, 2297 }, // 7
    { 19, 29, 331, 1, 28, 138, 2426 }, // 8
    { 19, 29, 331, 1, 28, 138, 2564 }, // 9
    { 9, 22, 154, 0, 21, 50, 2702 }, // :
    { 11, 26, 154, -2, 21, 72, 2752 }, // ;
    { 19, 19, 343, 2, 23, 91, 2824 }, // <
    { 19, 11, 343, 2, 19, 53, 2915 }, // =
    { 19, 19, 343, 2, 23, 91, 2968 }, // >
    { 16, 29, 258, 2, 28, 116, 3059 }, // ?
    { 30, 31, 509, 1, 27, 233, 3175 }, // @
    { 23, 27, 337, -3, 27, 156, 3408 }, // A
    { 22, 27, 360, 1, 27, 149, 3564 }, // B
    { 22, 29, 352, 2, 28, 160, 3713 }, // C
    { 23, 27, 400, 1, 27, 156, 3873 }, // D
    { 20, 27, 308, 1, 27, 135, 4029 }, // E
    { 20, 27, 286, 1, 27, 135, 4164 }, // F
    { 23, 29, 407, 2, 28, 167, 4299 }, // G
    { 25, 27, 408, 1, 27, 169, 4466 }, // H
    { 16, 27, 194, -1, 27, 108, 4635 }, // I
    { 17, 35, 164, -6, 27, 149, 4743 }, // J
    { 24, 27, 337, 1, 27, 162, 4892 }, // K
    { 15, 27, 287, 1, 27, 102, 5054 }, // L
    { 31, 27, 505, 1, 27, 210, 5156 }, // M
    { 26, 27, 424, 1, 27, 176, 5366 }, // N
    { 24, 29, 433, 2, 28, 174, 5542 }, // O
    { 21, 27, 340, 1, 27, 142, 5716 }, // P
    { 24, 35, 433, 2, 28, 210, 5858 }, // Q
    { 21, 27, 344, 1, 27, 142, 6068 }, // R
    { 20, 29, 303, 0, 28, 145, 6210 }, // S
    { 20, 27, 301, 3, 27, 135, 6355 }, // T
    { 24, 28, 406, 2, 27, 168, 6490 }, // U
    { 22, 27, 331, 3, 27, 149, 6658 }, // V
    { 32, 27, 514, 4, 27, 216, 6807 }, // W
    { 25, 27, 316, -2, 27, 169, 7023 }, // X
    { 20, 27, 305, 3, 27, 135, 7192 }, // Y
    { 23, 27, 319, -1, 27, 156, 7327 }, // Z
    { 15, 33, 174, -1, 27, 124, 7483 }, // [
    { 8, 27, 214, 4, 27, 54, 7607 }, // <backslash>
    { 15, 33, 174, -3, 27, 124, 0 }, // ]
    { 20, 17, 343, 1, 27, 85, 124 }, // ^
    { 16, 3, 237, -4, -3, 12, 209 }, // _
    { 7, 7, 167, 5, 29, 13, 221 }, // `
    { 20, 22, 341, 1, 21, 110, 234 }, // a
    { 19, 30, 347, 1, 29, 143, 344 }, // b
    { 17, 22, 272, 1, 21, 94, 487 }, // c
    { 22, 30, 347, 1, 29, 165, 581 }, // d
    { 17, 22, 299, 1, 21, 94, 746 }, // e
    { 22, 38, 191, -5, 29, 209, 840 }, // f
    { 21, 30, 347, 0, 21, 158, 1049 }, // g
    { 19, 29, 347, 1, 29, 138, 1207 }, // h
    { 10, 28, 155, 1, 28, 70, 1345 }, // i
    { 16, 37, 155, -5, 28, 148, 1415 }, // j
    { 19, 29, 297, 1, 29, 138, 1563 }, // k
    { 10, 29, 155, 1, 29, 73, 1701 }, // l
    { 30, 21, 525, 1, 21, 158, 1774 }, // m
    { 20, 21, 347, 0, 21, 105, 1932 }, // n
    { 19, 22, 338, 1, 21, 105, 2037 }, // o
    { 21, 30, 347, -1, 21, 158, 2142 }, // p
    { 20, 30, 347, 1, 21, 150, 2300 }, // q
    { 16, 21, 239, 1, 21, 84, 2450 }, // r
    { 16, 22, 259, 0, 21, 88, 2534 }, // s
    { 13, 26, 199, 1, 25, 85, 2622 }, // t
    { 19, 22, 347, 2, 21, 105, 2707 }, // u
    { 19, 21, 280, 1, 21, 100, 2812 }, // v
    { 27, 21, 434, 2, 21, 142, 2912 }, // w
    { 22, 21, 290, -2, 21, 116, 3054 }, // x
    { 24, 30, 280, -4, 21, 180, 3170 }, // y
    { 18, 21, 267, -1, 21, 95, 3350 }, // z
    { 15, 33, 210, 0, 27, 124, 3445 }, // {
    { 4, 39, 331, 9, 29, 39, 3569 }, // |
    { 15, 33, 210, -2, 27, 124, 3608 }, // }
    { 19, 6, 343, 2, 16, 29, 3732 }, // ~
    { 0, 0, 156, 0, 0, 0, 0 }, // U+00A0
    { 11, 28, 157, -1, 21, 77, 0 }, // U+00A1
    { 16, 29, 331, 4, 28, 116, 77 }, // U+00A2
    { 23, 28, 331, -1, 28, 161, 193 }, // U+00A3
    { 17, 17, 331, 3, 22, 73, 354 }, // U+00A4
    { 22, 27, 331, 2, 27, 149, 427 }, // U+00A5
    { 4, 39, 331, 9, 29, 39, 576 }, // U+00A6
    { 18, 30, 292, 1, 29, 135, 615 }, // U+00A7
    { 11, 5, 332, 8, 28, 14, 750 }, // U+00A8
    { 29, 29, 499, 1, 28, 211, 764 }, // U+00A9
    { 12, 14, 203, 3, 28, 42, 975 }, // U+00AA
    { 17, 16, 286, 1, 18, 68, 1017 }, // U+00AB
    { 19, 11, 343, 2, 15, 53, 1085 }, // U+00AC
    { 11, 4, 188, 0, 12, 11, 1138 }, // U+00AD
    { 29, 29, 499, 1, 28, 211, 1149 }, // U+00AE
    { 17, 4, 236, 3, 32, 17, 1360 }, // U+00AF
    { 12, 13, 257, 2, 28, 39, 1377 }, // U+00B0
    { 19, 23, 343, 2, 23, 110, 1416 }, // U+00B1
    { 13, 17, 212, 2, 32, 56, 1526 }, // U+00B2
    { 12, 18, 212, 3, 33, 54, 1582 }, // U+00B3
    { 9, 7, 158, 4, 29, 16, 1636 }, // U+00B4
    { 22, 30, 351, -1, 21, 165, 1652 }, // U+00B5
    { 20, 34, 393, 3, 29, 170, 1817 }, // U+00B6
    { 5, 6, 154, 3, 16, 8, 1987 }, // U+00B7
    { 8, 9, 123, -4, 0, 18, 1995 }, // U+00B8
    { 9, 17, 212, 5, 32, 39, 2013 }, // U+00B9
    { 11, 14, 203, 3, 28, 39, 2052 }, // U+00BA
    { 17, 16, 286, 0, 18, 68, 2091 }, // U+00BB
    { 24, 28, 439, 3, 27, 168, 2159 }, // U+00BC
    { 26, 28, 483, 3, 27, 182, 2327 }, // U+00BD
    { 27, 29, 476, 2, 28, 196, 2509 }, // U+00BE
    { 15, 29, 258, -1, 21, 109, 2705 }, // U+00BF
    { 23, 36, 337, -3, 36, 207, 2814 }, // U+00C0
    { 24, 36, 337, -3, 36, 216, 3021 }, // U+00C1
    { 24, 36, 337, -3, 36, 216, 3237 }, // U+00C2
    { 25, 35, 337, -3, 35, 219, 3453 }, // U+00C3
    { 24, 35, 337, -3, 35, 210, 3672 }, // U+00C4
    { 23, 38, 337, -3, 38, 219, 3882 }, // U+00C5
    { 36, 27, 494, -3, 27, 243, 4101 }, // U+00C6
    { 22, 37, 352, 2, 28, 204, 4344 }, // U+00C7
    { 20, 36, 308, 1, 36, 180, 4548 }, // U+00C8
    { 20, 36, 308, 1, 36, 180, 4728 }, // U+00C9
    { 20, 36, 308, 1, 36, 180, 4908 }, // U+00CA
    { 20, 35, 308, 1, 35, 175, 5088 }, // U+00CB
    { 16, 36, 194, -1, 36, 144, 5263 }, // U+00CC
    { 18, 36, 194, -1, 36, 162, 5407 }, // U+00CD
    { 17, 36, 194, -1, 36, 153, 5569 }, // U+00CE
    { 17, 35, 194, -1, 35, 149, 5722 }, // U+00CF
    { 23, 27, 400, 1, 27, 156, 5871 }, // U+00D0
    { 26, 35, 424, 1, 35, 228, 6027 }, // U+00D1
    { 24, 37, 433, 2, 36, 222, 6255 }, // U+00D2
    { 24, 37, 433, 2, 36, 222, 6477 }, // U+00D3
    { 24, 37, 433, 2, 36, 222, 6699 }, // U+00D4
    { 24, 36, 433, 2, 35, 216, 6921 }, // U+00D5
    { 24, 36, 433, 2, 35, 216, 7137 }, // U+00D6
    { 17, 18, 343, 3, 22, 77, 7353 }, // U+00D7
    { 25, 31, 433, 2, 29, 194, 7430 }, // U+00D8
    { 24, 37, 406, 2, 36, 222, 0 }, // U+00D9
    { 24, 37, 406, 2, 36, 222, 222 }, // U+00DA
    { 24, 37, 406, 2, 36, 222, 444 }, // U+00DB
    { 24, 36, 406, 2, 35, 216, 666 }, // U+00DC
    { 20, 36, 305, 3, 36, 180, 882 }, // U+00DD
    { 20, 27, 340, 1, 27, 135, 1062 }, // U+00DE
    { 26, 38, 350, -5, 29, 247, 1197 }, // U+00DF
    { 20, 30, 341, 1, 29, 150, 1444 }, // U+00E0
    { 20, 30, 341, 1, 29, 150, 1594 }, // U+00E1
    { 20, 30, 341, 1, 29, 150, 1744 }, // U+00E2
    { 20, 29, 341, 1, 28, 145, 1894 }, // U+00E3
    { 20, 29, 341, 1, 28, 145, 2039 }, // U+00E4
    { 20, 32, 341, 1, 31, 160, 2184 }, // U+00E5
    { 29, 22, 492, 1, 21, 160, 2344 }, // U+00E6
    { 17, 30, 272, 1, 21, 128, 2504 }, // U+00E7
    { 17, 30, 299, 1, 29, 128, 2632 }, // U+00E8
    { 18, 30, 299, 1, 29, 135, 2760 }, // U+00E9
    { 17, 30, 299, 1, 29, 128, 2895 }, // U+00EA
    { 17, 29, 299, 1, 28, 124, 3023 }, // U+00EB
    { 9, 29, 155, 1, 29, 66, 3147 }, // U+00EC
    { 13, 29, 155, 1, 29, 95, 3213 }, // U+00ED
    { 12, 29, 155, 1, 29, 87, 3308 }, // U+00EE
    { 13, 28, 155, 1, 28, 91, 3395 }, // U+00EF
    { 20, 30, 342, 1, 29, 150, 3486 }, // U+00F0
    { 21, 28, 347, 0, 28, 147, 3636 }, // U+00F1
    { 19, 30, 338, 1, 29, 143, 3783 }, // U+00F2
    { 19, 30, 338, 1, 29, 143, 3926 }, // U+00F3
    { 19, 30, 338, 1, 29, 143, 4069 }, // U+00F4
    { 19, 29, 338, 1, 28, 138, 4212 }, // U+00F5
    { 19, 29, 338, 1, 28, 138, 4350 }, // U+00F6
    { 19, 18, 343, 2, 22, 86, 4488 }, // U+00F7
    { 20, 24, 338, 1, 22, 120, 4574 }, // U+00F8
    { 19, 30, 347, 2, 29, 143, 4694 }, // U+00F9
    { 19, 30, 347, 2, 29, 143, 4837 }, // U+00FA
    { 19, 30, 347, 2, 29, 143, 4980 }, // U+00FB
    { 19, 29, 347, 2, 28, 138, 5123 }, // U+00FC
    { 24, 38, 280, -4, 29, 228, 5261 }, // U+00FD
    { 21, 38, 347, -1, 29, 200, 5489 }, // U+00FE
    { 24, 37, 280, -4, 28, 222, 5689 }, // U+00FF
    { 24, 33, 337, -3, 33, 198, 0 }, // U+0100
    { 20, 27, 341, 1, 26, 135, 198 }, // U+0101
    { 24, 35, 337, -3, 35, 210, 333 }, // U+0102
    { 20, 29, 341, 1, 28, 145, 543 }, // U+0103
    { 23, 36, 337, -3, 27, 207, 688 }, // U+0104
    { 20, 30, 341, 1, 21, 150, 895 }, // U+0105
    { 22, 37, 352, 2, 36, 204, 1045 }, // U+0106
    { 17, 30, 272, 1, 29, 128, 1249 }, // U+0107
    { 22, 37, 352, 2, 36, 204, 1377 }, // U+0108
    { 17, 30, 272, 1, 29, 128, 1581 }, // U+0109
    { 22, 36, 352, 2, 35, 198, 1709 }, // U+010A
    { 17, 29, 272, 1, 28, 124, 1907 }, // U+010B
    { 22, 37, 352, 2, 36, 204, 2031 }, // U+010C
    { 18, 30, 272, 1, 29, 135, 2235 }, // U+010D
    { 23, 36, 400, 1, 36, 207, 2370 }, // U+010E
    { 28, 30, 368, 1, 29, 210, 2577 }, // U+010F
    { 23, 27, 400, 1, 27, 156, 2787 }, // U+0110
    { 24, 30, 347, 1, 29, 180, 2943 }, // U+0111
    { 20, 33, 308, 1, 33, 165, 3123 }, // U+0112
    { 17, 27, 299, 1, 26, 115, 3288 }, // U+0113
    { 20, 35, 308, 1, 35, 175, 3403 }, // U+0114
    { 18, 29, 299, 1, 28, 131, 3578 }, // U+0115
    { 20, 35, 308, 1, 35, 175, 3709 }, // U+0116
    { 17, 29, 299, 1, 28, 124, 3884 }, // U+0117
    { 20, 36, 308, 1, 27, 180, 4008 }, // U+0118
    { 17, 30, 299, 1, 21, 128, 4188 }, // U+0119
    { 21, 36, 308, 1, 36, 189, 4316 }, // U+011A
    { 19, 30, 299, 1, 29, 143, 4505 }, // U+011B
    { 23, 37, 407, 2, 36, 213, 4648 }, // U+011C
    { 21, 38, 347, 0, 29, 200, 4861 }, // U+011D
    { 23, 36, 407, 2, 35, 207, 5061 }, // U+011E
    { 21, 37, 347, 0, 28, 195, 5268 }, // U+011F
    { 23, 36, 407, 2, 35, 207, 5463 }, // U+0120
    { 21, 37, 347, 0, 28, 195, 5670 }, // U+0121
    { 23, 37, 407, 2, 28, 213, 5865 }, // U+0122
    { 21, 38, 347, 0, 29, 200, 6078 }, // U+0123
    { 25, 36, 408, 1, 36, 225, 6278 }, // U+0124
    { 19, 37, 347, 1, 37, 176, 6503 }, // U+0125
    { 28, 27, 408, 1, 27, 189, 6679 }, // U+0126
    { 19, 29, 347, 1, 29, 138, 6868 }, // U+0127
    { 19, 35, 194, -1, 35, 167, 7006 }, // U+0128
    { 14, 28, 155, 1, 28, 98, 7173 }, // U+0129
    { 17, 33, 194, -1, 33, 141, 7271 }, // U+012A
    { 12, 26, 155, 1, 26, 78, 7412 }, // U+012B
    { 18, 35, 194, -1, 35, 158, 7490 }, // U+012C
    { 13, 28, 155, 1, 28, 91, 0 }, // U+012D
    { 16, 36, 194, -1, 27, 144, 91 }, // U+012E
    { 13, 37, 155, -2, 28, 121, 235 }, // U+012F
    { 16, 35, 194, -1, 35, 140, 356 }, // U+0130
    { 8, 21, 155, 1, 21, 42, 496 }, // U+0131
    { 24, 35, 358, -1, 27, 210, 538 }, // U+0132
    { 19, 37, 310, 1, 28, 176, 748 }, // U+0133
    { 21, 44, 164, -6, 36, 231, 924 }, // U+0134
    { 19, 38, 155, -5, 29, 181, 1155 }, // U+0135
    { 24, 36, 337, 1, 27, 216, 1336 }, // U+0136
    { 19, 38, 297, 1, 29, 181, 1552 }, // U+0137
    { 19, 21, 297, 1, 21, 100, 1733 }, // U+0138
    { 15, 36, 287, 1, 36, 135, 1833 }, // U+0139
    { 15, 37, 155, 1, 37, 139, 1968 }, // U+013A
    { 15, 36, 287, 1, 27, 135, 2107 }, // U+013B
    { 13, 38, 155, -2, 29, 124, 2242 }, // U+013C
    { 19, 27, 287, 1, 27, 129, 2366 }, // U+013D
    { 16, 29, 173, 1, 29, 116, 2495 }, // U+013E
    { 16, 27, 287, 1, 27, 108, 2611 }, // U+013F
    { 13, 29, 178, 1, 29, 95, 2719 }, // U+0140
    { 16, 27, 287, 0, 27, 108, 2814 }, // U+0141
    { 11, 29, 155, 0, 29, 80, 2922 }, // U+0142
    { 26, 36, 424, 1, 36, 234, 3002 }, // U+0143
    { 20, 29, 347, 0, 29, 145, 3236 }, // U+0144
    { 26, 36, 424, 1, 27, 234, 3381 }, // U+0145
    { 20, 30, 347, 0, 21, 150, 3615 }, // U+0146
    { 26, 36, 424, 1, 36, 234, 3765 }, // U+0147
    { 21, 29, 347, 0, 29, 153, 3999 }, // U+0148
    { 22, 27, 394, 1, 27, 149, 4152 }, // U+0149
    { 26, 35, 424, 1, 27, 228, 4301 }, // U+014A
    { 19, 30, 347, 1, 21, 143, 4529 }, // U+014B
    { 24, 34, 433, 2, 33, 204, 4672 }, // U+014C
    { 19, 27, 338, 1, 26, 129, 4876 }, // U+014D
    { 24, 36, 433, 2, 35, 216, 5005 }, // U+014E
    { 19, 29, 338, 1, 28, 138, 5221 }, // U+014F
    { 26, 37, 433, 2, 36, 241, 5359 }, // U+0150
    { 22, 30, 338, 1, 29, 165, 5600 }, // U+0151
    { 32, 29, 515, 2, 28, 232, 5765 }, // U+0152
    { 31, 22, 520, 1, 21, 171, 5997 }, // U+0153
    { 21, 36, 344, 1, 36, 189, 6168 }, // U+0154
    { 17, 29, 239, 1, 29, 124, 6357 }, // U+0155
    { 21, 36, 344, 1, 27, 189, 6481 }, // U+0156
    { 19, 30, 239, -2, 21, 143, 6670 }, // U+0157
    { 21, 36, 344, 1, 36, 189, 6813 }, // U+0158
    { 18, 29, 239, 1, 29, 131, 7002 }, // U+0159
    { 20, 37, 303, 0, 36, 185, 7133 }, // U+015A
    { 17, 30, 259, 0, 29, 128, 7318 }, // U+015B
    { 20, 37, 303, 0, 36, 185, 7446 }, // U+015C
    { 16, 30, 259, 0, 29, 120, 0 }, // U+015D
    { 20, 37, 303, 0, 28, 185, 120 }, // U+015E
    { 16, 30, 259, 0, 21, 120, 305 }, // U+015F
    { 20, 37, 303, 0, 36, 185, 425 }, // U+0160
    { 18, 30, 259, 0, 29, 135, 610 }, // U+0161
    { 21, 36, 301, 2, 27, 189, 745 }, // U+0162
    { 13, 34, 199, 1, 25, 111, 934 }, // U+0163
    { 20, 36, 301, 3, 36, 180, 1045 }, // U+0164
    { 16, 30, 199, 1, 29, 120, 1225 }, // U+0165
    { 20, 27, 301, 3, 27, 135, 1345 }, // U+0166
    { 14, 26, 199, 0, 25, 91, 1480 }, // U+0167
    { 24, 36, 406, 2, 35, 216, 1571 }, // U+0168
    { 19, 29, 347, 2, 28, 138, 1787 }, // U+0169
    { 24, 34, 406, 2, 33, 204, 1925 }, // U+016A
    { 19, 27, 347, 2, 26, 129, 2129 }, // U+016B
    { 24, 36, 406, 2, 35, 216, 2258 }, // U+016C
    { 19, 29, 347, 2, 28, 138, 2474 }, // U+016D
    { 24, 39, 406, 2, 38, 234, 2612 }, // U+016E
    { 19, 32, 347, 2, 31, 152, 2846 }, // U+016F
    { 25, 37, 406, 2, 36, 232, 2998 }, // U+0170
    { 21, 30, 347, 2, 29, 158, 3230 }, // U+0171
    { 24, 36, 406, 2, 27, 216, 3388 }, // U+0172
    { 19, 30, 347, 2, 21, 143, 3604 }, // U+0173
    { 32, 36, 514, 4, 36, 288, 3747 }, // U+0174
    { 27, 29, 434, 2, 29, 196, 4035 }, // U+0175
    { 20, 36, 305, 3, 36, 180, 4231 }, // U+0176
    { 24, 38, 280, -4, 29, 228, 4411 }, // U+0177
    { 20, 35, 305, 3, 35, 175, 4639 }, // U+0178
    { 23, 36, 319, -1, 36, 207, 4814 }, // U+0179
    { 19, 29, 267, -1, 29, 138, 5021 }, // U+017A
    { 23, 35, 319, -1, 35, 202, 5159 }, // U+017B
    { 18, 28, 267, -1, 28, 126, 5361 }, // U+017C
    { 23, 36, 319, -1, 36, 207, 5487 }, // U+017D
    { 19, 29, 267, -1, 29, 138, 5694 }, // U+017E
    { 22, 38, 170, -5, 29, 209, 5832 }, // U+017F
    { 30, 30, 431, 2, 29, 225, 0 }, // U+01A0
    { 24, 25, 341, 1, 24, 150, 225 }, // U+01A1
    { 31, 30, 436, 2, 29, 233, 375 }, // U+01AF
    { 26, 25, 376, 2, 24, 163, 608 }, // U+01B0
    { 46, 36, 719, 1, 36, 414, 771 }, // U+01C4
    { 42, 29, 667, 1, 29, 305, 1185 }, // U+01C5
    { 39, 30, 614, 1, 29, 293, 1490 }, // U+01C6
    { 28, 35, 451, 1, 27, 245, 1783 }, // U+01C7
    { 28, 37, 442, 1, 28, 259, 2028 }, // U+01C8
    { 19, 38, 310, 1, 29, 181, 2287 }, // U+01C9
    { 37, 35, 588, 1, 27, 324, 2468 }, // U+01CA
    { 36, 37, 579, 1, 28, 333, 2792 }, // U+01CB
    { 32, 37, 502, 0, 28, 296, 3125 }, // U+01CC
    { 25, 36, 337, -3, 36, 225, 3421 }, // U+01CD
    { 20, 30, 341, 1, 29, 150, 3646 }, // U+01CE
    { 18, 36, 194, -1, 36, 162, 3796 }, // U+01CF
    { 14, 29, 155, 1, 29, 102, 3958 }, // U+01D0
    { 24, 37, 433, 2, 36, 222, 4060 }, // U+01D1
    { 19, 30, 338, 1, 29, 143, 4282 }, // U+01D2
    { 24, 37, 406, 2, 36, 222, 4425 }, // U+01D3
    { 19, 30, 347, 2, 29, 143, 4647 }, // U+01D4
    { 24, 40, 406, 2, 39, 240, 4790 }, // U+01D5
    { 19, 33, 347, 2, 32, 157, 5030 }, // U+01D6
    { 24, 41, 406, 2, 40, 246, 5187 }, // U+01D7
    { 19, 34, 347, 2, 33, 162, 5433 }, // U+01D8
    { 24, 42, 406, 2, 41, 252, 5595 }, // U+01D9
    { 20, 35, 347, 2, 34, 175, 5847 }, // U+01DA
    { 24, 41, 406, 2, 40, 246, 6022 }, // U+01DB
    { 19, 34, 347, 2, 33, 162, 6268 }, // U+01DC
    { 17, 22, 296, 0, 21, 94, 6430 }, // U+01DD
    { 25, 39, 337, -3, 39, 244, 6524 }, // U+01DE
    { 20, 33, 341, 1, 32, 165, 6768 }, // U+01DF
    { 25, 39, 337, -3, 39, 244, 6933 }, // U+01E0
    { 20, 33, 341, 1, 32, 165, 7177 }, // U+01E1
    { 36, 33, 494, -3, 33, 297, 7342 }, // U+01E2
    { 29, 27, 492, 1, 26, 196, 7639 }, // U+01E3
    { 23, 29, 407, 2, 28, 167, 0 }, // U+01E4
    { 21, 30, 303, 0, 21, 158, 167 }, // U+01E5
    { 23, 37, 407, 2, 36, 213, 325 }, // U+01E6
    { 21, 38, 347, 0, 29, 200, 538 }, // U+01E7
    { 24, 36, 337, 1, 36, 216, 738 }, // U+01E8
    { 19, 37, 297, 1, 37, 176, 954 }, // U+01E9
    { 24, 37, 433, 2, 28, 222, 1130 }, // U+01EA
    { 19, 30, 338, 1, 21, 143, 1352 }, // U+01EB
    { 24, 42, 433, 2, 33, 252, 1495 }, // U+01EC
    { 19, 35, 338, 1, 26, 167, 1747 }, // U+01ED
    { 21, 36, 317, 0, 35, 189, 1914 }, // U+01EE
    { 20, 38, 278, -3, 29, 190, 2103 }, // U+01EF
    { 20, 38, 155, -5, 29, 190, 2293 }, // U+01F0
    { 46, 27, 719, 1, 27, 311, 2483 }, // U+01F1
    { 41, 27, 667, 1, 27, 277, 2794 }, // U+01F2
    { 38, 30, 614, 1, 29, 285, 3071 }, // U+01F3
    { 23, 37, 407, 2, 36, 213, 3356 }, // U+01F4
    { 21, 38, 347, 0, 29, 200, 3569 }, // U+01F5
    { 32, 28, 539, 1, 27, 224, 3769 }, // U+01F6
    { 25, 37, 379, -1, 28, 232, 3993 }, // U+01F7
    { 26, 36, 424, 1, 36, 234, 4225 }, // U+01F8
    { 20, 29, 347, 0, 29, 145, 4459 }, // U+01F9
    { 24, 36, 337, -3, 36, 216, 4604 }, // U+01FA
    { 20, 37, 341, 1, 36, 185, 4820 }, // U+01FB
    { 36, 36, 494, -3, 36, 324, 5005 }, // U+01FC
    { 29, 30, 492, 1, 29, 218, 5329 }, // U+01FD
    { 25, 37, 433, 2, 35, 232, 5547 }, // U+01FE
    { 20, 31, 338, 1, 29, 155, 5779 }, // U+01FF
    { 23, 36, 337, -3, 36, 207, 5934 }, // U+0200
    { 20, 30, 341, 1, 29, 150, 6141 }, // U+0201
    { 24, 35, 337, -3, 35, 210, 6291 }, // U+0202
    { 20, 29, 341, 1, 28, 145, 6501 }, // U+0203
    { 20, 36, 308, 1, 36, 180, 6646 }, // U+0204
    { 17, 30, 299, 1, 29, 128, 6826 }, // U+0205
    { 20, 35, 308, 1, 35, 175, 6954 }, // U+0206
    { 17, 29, 299, 1, 28, 124, 7129 }, // U+0207
    { 16, 36, 194, -1, 36, 144, 7253 }, // U+0208
    { 14, 29, 155, -2, 29, 102, 7397 }, // U+0209
    { 17, 35, 194, -1, 35, 149, 7499 }, // U+020A
    { 13, 28, 155, 1, 28, 91, 7648 }, // U+020B
    { 24, 37, 433, 2, 36, 222, 0 }, // U+020C
    { 19, 30, 338, 1, 29, 143, 222 }, // U+020D
    { 24, 36, 433, 2, 35, 216, 365 }, // U+020E
    { 19, 29, 338, 1, 28, 138, 581 }, // U+020F
    { 21, 36, 344, 1, 36, 189, 719 }, // U+0210
    { 16, 29, 239, 1, 29, 116, 908 }, // U+0211
    { 21, 35, 344, 1, 35, 184, 1024 }, // U+0212
    { 16, 28, 239, 1, 28, 112, 1208 }, // U+0213
    { 24, 37, 406, 2, 36, 222, 1320 }, // U+0214
    { 19, 30, 347, 2, 29, 143, 1542 }, // U+0215
    { 24, 36, 406, 2, 35, 216, 1685 }, // U+0216
    { 19, 29, 347, 2, 28, 138, 1901 }, // U+0217
    { 20, 37, 303, 0, 28, 185, 2039 }, // U+0218
    { 16, 30, 259, 0, 21, 120, 2224 }, // U+0219
    { 20, 36, 301, 3, 27, 180, 2344 }, // U+021A
    { 13, 34, 199, 1, 25, 111, 2524 }, // U+021B
    { 24, 35, 345, -2, 28, 210, 2635 }, // U+021C
    { 21, 30, 298, -3, 21, 158, 2845 }, // U+021D
    { 25, 36, 408, 1, 36, 225, 3003 }, // U+021E
    { 19, 37, 347, 1, 37, 176, 3228 }, // U+021F
    { 7, 7, 0, -15, 29, 13, 0 }, // U+0300
    { 9, 7, 0, -9, 29, 16, 13 }, // U+0301
    { 13, 7, 0, -4, 29, 23, 29 }, // U+0302
    { 15, 6, 0, -16, 28, 23, 52 }, // U+0303
    { 12, 4, 0, -3, 26, 12, 75 }, // U+0304
    { 16, 4, 0, -4, 32, 16, 87 }, // U+0305
    { 11, 6, 0, -2, 28, 17, 103 }, // U+0306
    { 5, 5, 0, 1, 28, 7, 120 }, // U+0307
    { 11, 5, 0, -2, 28, 14, 127 }, // U+0308
    { 7, 9, 0, -11, 31, 16, 141 }, // U+0309
    { 9, 9, 0, -1, 31, 21, 157 }, // U+030A
    { 15, 7, 0, -3, 29, 27, 178 }, // U+030B
    { 12, 7, 0, -2, 29, 21, 205 }, // U+030C
    { 6, 11, 0, 0, 29, 17, 226 }, // U+030D
    { 11, 7, 0, -2, 29, 20, 243 }, // U+030E
    { 14, 7, 0, -19, 29, 25, 263 }, // U+030F
    { 12, 10, 0, -2, 32, 30, 288 }, // U+0310
    { 12, 6, 0, -3, 28, 18, 318 }, // U+0311
    { 9, 10, 0, -2, 27, 23, 336 }, // U+0312
    { 9, 10, 0, -2, 27, 23, 359 }, // U+0313
    { 5, 10, 0, 0, 27, 13, 382 }, // U+0314
    { 9, 10, 0, -2, 27, 23, 395 }, // U+0315
    { 7, 7, 0, -7, -1, 13, 418 }, // U+0316
    { 9, 7, 0, -6, -1, 16, 431 }, // U+0317
    { 9, 8, 0, -7, -1, 18, 447 }, // U+0318
    { 8, 8, 0, -7, -1, 16, 465 }, // U+0319
    { 12, 11, 196, 3, 29, 33, 481 }, // U+031A
    { 9, 9, 0, -2, 29, 21, 514 }, // U+031B
    { 6, 9, 0, -2, 0, 14, 535 }, // U+031C
    { 9, 7, 0, -8, -1, 16, 549 }, // U+031D
    { 9, 7, 0, -7, -1, 16, 565 }, // U+031E
    { 10, 8, 0, -8, -1, 20, 581 }, // U+031F
    { 10, 3, 0, -8, -3, 8, 601 }, // U+0320
    { 9, 11, 0, -8, 2, 25, 609 }, // U+0321
    { 7, 11, 0, -4, 2, 20, 634 }, // U+0322
    { 5, 5, 0, -16, -2, 7, 654 }, // U+0323
    { 12, 5, 0, -9, -2, 15, 661 }, // U+0324
    { 10, 9, 0, -8, 0, 23, 676 }, // U+0325
    { 7, 7, 0, 2, -2, 13, 699 }, // U+0326
    { 8, 9, 0, -7, 0, 18, 712 }, // U+0327
    { 7, 9, 0, -6, 0, 16, 730 }, // U+0328
    { 6, 11, 0, -6, -1, 17, 746 }, // U+0329
    { 16, 8, 0, -11, -1, 32, 763 }, // U+032A
    { 15, 5, 0, -10, -2, 19, 795 }, // U+032B
    { 12, 7, 0, -8, -1, 21, 814 }, // U+032C
    { 12, 7, 0, -9, -1, 21, 835 }, // U+032D
    { 12, 6, 0, -8, -2, 18, 856 }, // U+032E
    { 12, 6, 0, -9, -2, 18, 874 }, // U+032F
    { 14, 6, 0, -10, -2, 21, 892 }, // U+0330
    { 12, 4, 0, -9, -3, 12, 913 }, // U+0331
    { 17, 3, 0, -12, -3, 13, 925 }, // U+0332
    { 18, 9, 0, -12, 0, 41, 938 }, // U+0333
    { 14, 6, 0, -7, 13, 21, 979 }, // U+0334
    { 16, 4, 0, -8, 13, 16, 1000 }, // U+0335
    { 26, 3, 0, -13, 12, 20, 1016 }, // U+0336
    { 12, 9, 0, -6, 15, 27, 1036 }, // U+0337
    { 22, 32, 0, -11, 29, 176, 1063 }, // U+0338
    { 6, 9, 0, -3, 0, 14, 1239 }, // U+0339
    { 16, 8, 0, -11, -1, 32, 1253 }, // U+033A
    { 16, 8, 0, -11, -1, 32, 1285 }, // U+033B
    { 15, 5, 0, -10, -2, 19, 1317 }, // U+033C
    { 9, 9, 0, -1, 30, 21, 1336 }, // U+033D
    { 9, 12, 0, -1, 33, 27, 1357 }, // U+033E
    { 18, 9, 0, -4, 37, 41, 1384 }, // U+033F
    { 7, 7, 0, -2, 29, 13, 1425 }, // U+0340
    { 9, 7, 0, 1, 29, 16, 1438 }, // U+0341
    { 14, 6, 0, 6, 28, 21, 1454 }, // U+0342
    { 6, 8, 0, 1, 30, 12, 1475 }, // U+0343
    { 15, 8, 0, -4, 30, 30, 1487 }, // U+0344
    { 7, 6, 0, -5, -3, 11, 1517 }, // U+0345
    { 17, 7, 0, -5, 29, 30, 1528 }, // U+0346
    { 17, 9, 0, -11, 0, 39, 1558 }, // U+0347
    { 11, 7, 0, -8, -1, 20, 1597 }, // U+0348
    { 8, 7, 0, -6, -2, 14, 1617 }, // U+0349
    { 15, 8, 0, -4, 29, 30, 1631 }, // U+034A
    { 15, 14, 0, -4, 35, 53, 1661 }, // U+034B
    { 16, 11, 0, -4, 33, 44, 1714 }, // U+034C
    { 14, 8, 0, -10, -1, 28, 1758 }, // U+034D
    { 7, 9, 0, -6, 0, 16, 1786 }, // U+034E
    { 28, 27, 0, -14, 27, 189, 1802 }, // U+034F
    { 7, 8, 0, 0, 30, 14, 1991 }, // U+0350
    { 6, 9, 0, 4, 31, 14, 2005 }, // U+0351
    { 11, 10, 0, -2, 32, 28, 2019 }, // U+0352
    { 8, 8, 0, -6, -1, 16, 2047 }, // U+0353
    { 7, 8, 0, -6, -1, 14, 2063 }, // U+0354
    { 7, 8, 0, -5, -1, 14, 2077 }, // U+0355
    { 15, 8, 0, -9, -1, 30, 2091 }, // U+0356
    { 5, 9, 0, 4, 31, 12, 2121 }, // U+0357
    { 5, 5, 0, 1, 28, 7, 2133 }, // U+0358
    { 9, 8, 0, -7, -1, 18, 2140 }, // U+0359
    { 15, 8, 0, -10, -1, 30, 2158 }, // U+035A
    { 8, 8, 0, 0, 30, 16, 2188 }, // U+035B
    { 28, 8, 0, -16, -1, 56, 2204 }, // U+035C
    { 28, 8, 0, -11, 30, 56, 2260 }, // U+035D
    { 20, 4, 0, -7, 26, 20, 2316 }, // U+035E
    { 20, 4, 0, -13, -2, 20, 2336 }, // U+035F
    { 29, 6, 0, -11, 28, 44, 2356 }, // U+0360
    { 27, 8, 0, -10, 33, 54, 2400 }, // U+0361
    { 28, 8, 0, -18, -1, 56, 2454 }, // U+0362
    { 10, 9, 0, -1, 32, 23, 2510 }, // U+0363
    { 8, 9, 0, 0, 32, 18, 2533 }, // U+0364
    { 6, 12, 0, 1, 35, 18, 2551 }, // U+0365
    { 9, 9, 0, -1, 32, 21, 2569 }, // U+0366
    { 10, 9, 0, -1, 32, 23, 2590 }, // U+0367
    { 8, 9, 0, 0, 32, 18, 2613 }, // U+0368
    { 10, 12, 0, -1, 35, 30, 2631 }, // U+0369
    { 9, 12, 0, -1, 35, 27, 2661 }, // U+036A
    { 15, 9, 0, -4, 32, 34, 2688 }, // U+036B
    { 8, 9, 0, 0, 32, 18, 2722 }, // U+036C
    { 7, 11, 0, 1, 34, 20, 2740 }, // U+036D
    { 9, 9, 0, 0, 32, 21, 2760 }, // U+036E
    { 11, 9, 0, -2, 32, 25, 2781 }, // U+036F
    { 20, 36, 304, 1, 36, 180, 0 }, // U+0400
    { 20, 34, 304, 1, 34, 170, 180 }, // U+0401
    { 20, 28, 399, 3, 27, 140, 350 }, // U+0402
    { 20, 36, 283, 1, 36, 180, 490 }, // U+0403
    { 22, 29, 349, 2, 28, 160, 670 }, // U+0404
    { 20, 29, 303, 0, 28, 145, 830 }, // U+0405
    { 10, 27, 162, 1, 27, 68, 975 }, // U+0406
    { 13, 34, 163, 1, 34, 111, 1043 }, // U+0407
    { 17, 35, 164, -6, 27, 149, 1154 }, // U+0408
    { 36, 28, 556, -2, 27, 252, 1303 }, // U+0409
    { 32, 27, 552, 1, 27, 216, 1555 }, // U+040A
    { 21, 27, 408, 3, 27, 142, 1771 }, // U+040B
    { 24, 36, 338, 1, 36, 216, 1913 }, // U+040C
    { 25, 36, 412, 1, 36, 225, 2129 }, // U+040D
    { 25, 36, 337, 0, 35, 225, 2354 }, // U+040E
    { 24, 33, 397, 1, 27, 198, 2579 }, // U+040F
    { 23, 27, 342, -3, 27, 156, 2777 }, // U+0410
    { 21, 27, 331, 1, 27, 142, 2933 }, // U+0411
    { 21, 27, 352, 1, 27, 142, 3075 }, // U+0412
    { 20, 27, 283, 1, 27, 135, 3217 }, // U+0413
    { 30, 33, 413, -4, 27, 248, 3352 }, // U+0414
    { 20, 27, 304, 1, 27, 135, 3600 }, // U+0415
    { 36, 27, 481, -2, 27, 243, 3735 }, // U+0416
    { 21, 29, 313, -1, 28, 153, 3978 }, // U+0417
    { 25, 27, 412, 1, 27, 169, 4131 }, // U+0418
    { 25, 35, 412, 1, 35, 219, 4300 }, // U+0419
    { 24, 27, 338, 1, 27, 162, 4519 }, // U+041A
    { 28, 28, 403, -2, 27, 196, 4681 }, // U+041B
    { 31, 27, 503, 1, 27, 210, 4877 }, // U+041C
    { 25, 27, 405, 1, 27, 169, 5087 }, // U+041D
    { 24, 29, 418, 2, 28, 174, 5256 }, // U+041E
    { 25, 27, 400, 1, 27, 169, 5430 }, // U+041F
    { 21, 27, 328, 1, 27, 142, 5599 }, // U+0420
    { 22, 29, 349, 2, 28, 160, 5741 }, // U+0421
    { 20, 27, 314, 3, 27, 135, 5901 }, // U+0422
    { 25, 28, 337, 0, 27, 175, 6036 }, // U+0423
    { 27, 29, 473, 2, 28, 196, 6211 }, // U+0424
    { 25, 27, 322, -2, 27, 169, 6407 }, // U+0425
    { 25, 33, 406, 1, 27, 207, 6576 }, // U+0426
    { 21, 27, 374, 3, 27, 142, 6783 }, // U+0427
    { 35, 27, 571, 1, 27, 237, 6925 }, // U+0428
    { 35, 33, 581, 1, 27, 289, 7162 }, // U+0429
    { 20, 27, 381, 3, 27, 135, 7451 }, // U+042A
    { 29, 27, 476, 1, 27, 196, 0 }, // U+042B
    { 18, 27, 328, 1, 27, 122, 196 }, // U+042C
    { 22, 29, 352, 0, 28, 160, 318 }, // U+042D
    { 34, 29, 564, 1, 28, 247, 478 }, // U+042E
    { 24, 27, 346, -2, 27, 162, 725 }, // U+042F
    { 20, 22, 340, 1, 21, 110, 887 }, // U+0430
    { 21, 30, 332, 1, 29, 158, 997 }, // U+0431
    { 18, 22, 311, 1, 21, 99, 1155 }, // U+0432
    { 17, 22, 275, 0, 21, 94, 1254 }, // U+0433
    { 20, 30, 334, 1, 29, 150, 1348 }, // U+0434
    { 17, 22, 295, 1, 21, 94, 1498 }, // U+0435
    { 35, 22, 527, -1, 21, 193, 1592 }, // U+0436
    { 16, 22, 268, 0, 21, 88, 1785 }, // U+0437
    { 20, 22, 341, 1, 21, 110, 1873 }, // U+0438
    { 20, 29, 341, 1, 28, 145, 1983 }, // U+0439
    { 21, 21, 302, 0, 21, 111, 2128 }, // U+043A
    { 23, 22, 340, -2, 21, 127, 2239 }, // U+043B
    { 28, 21, 448, 0, 21, 147, 2366 }, // U+043C
    { 21, 21, 343, 0, 21, 111, 2513 }, // U+043D
    { 19, 22, 335, 1, 21, 105, 2624 }, // U+043E
    { 20, 21, 339, 0, 21, 105, 2729 }, // U+043F
    { 22, 30, 343, -2, 21, 165, 2834 }, // U+0440
    { 17, 22, 277, 1, 21, 94, 2999 }, // U+0441
    { 31, 21, 520, 0, 21, 163, 3093 }, // U+0442
    { 24, 30, 292, -4, 21, 180, 3256 }, // U+0443
    { 23, 38, 402, 1, 29, 219, 3436 }, // U+0444
    { 21, 21, 274, -2, 21, 111, 3655 }, // U+0445
    { 20, 27, 356, 1, 21, 135, 3766 }, // U+0446
    { 18, 21, 333, 2, 21, 95, 3901 }, // U+0447
    { 31, 22, 520, 1, 21, 171, 3996 }, // U+0448
    { 31, 27, 534, 1, 21, 210, 4167 }, // U+0449
    { 20, 22, 358, 1, 21, 110, 4377 }, // U+044A
    { 26, 22, 439, 1, 21, 143, 4487 }, // U+044B
    { 17, 22, 308, 1, 21, 94, 4630 }, // U+044C
    { 16, 22, 285, 1, 21, 88, 4724 }, // U+044D
    { 27, 22, 466, 1, 21, 149, 4812 }, // U+044E
    { 21, 21, 306, -2, 21, 111, 4961 }, // U+044F
    { 17, 30, 295, 1, 29, 128, 5072 }, // U+0450
    { 18, 29, 295, 1, 28, 131, 5200 }, // U+0451
    { 19, 38, 345, 1, 29, 181, 5331 }, // U+0452
    { 17, 30, 275, 0, 29, 128, 5512 }, // U+0453
    { 17, 22, 278, 1, 21, 94, 5640 }, // U+0454
    { 16, 22, 259, 0, 21, 88, 5734 }, // U+0455
    { 10, 28, 155, 1, 28, 70, 5822 }, // U+0456
    { 13, 28, 149, 0, 28, 91, 5892 }, // U+0457
    { 16, 37, 149, -5, 28, 148, 5983 }, // U+0458
    { 31, 22, 490, -2, 21, 171, 6131 }, // U+0459
    { 29, 22, 484, 0, 21, 160, 6302 }, // U+045A
    { 19, 29, 346, 1, 29, 138, 6462 }, // U+045B
    { 21, 29, 302, 0, 29, 153, 6600 }, // U+045C
    { 20, 30, 341, 1, 29, 150, 6753 }, // U+045D
    { 24, 37, 292, -4, 28, 222, 6903 }, // U+045E
    { 20, 29, 341, 1, 21, 145, 7125 }, // U+045F
    { 35, 28, 551, 3, 27, 245, 7270 }, // U+0460
    { 29, 21, 473, 2, 21, 153, 7515 }, // U+0461
    { 18, 27, 353, 2, 27, 122, 0 }, // U+0462
    { 29, 22, 501, 0, 21, 160, 122 }, // U+0463
    { 34, 29, 518, 1, 28, 247, 282 }, // U+0464
    { 26, 22, 416, 1, 21, 143, 529 }, // U+0465
    { 24, 27, 364, -3, 27, 162, 672 }, // U+0466
    { 20, 21, 320, -2, 21, 105, 834 }, // U+0467
    { 29, 27, 509, 1, 27, 196, 939 }, // U+0468
    { 25, 21, 439, 1, 21, 132, 1135 }, // U+0469
    { 28, 27, 400, -2, 27, 189, 1267 }, // U+046A
    { 25, 21, 361, -3, 21, 132, 1456 }, // U+046B
    { 35, 27, 553, 1, 27, 237, 1588 }, // U+046C
    { 29, 21, 482, 1, 21, 153, 1825 }, // U+046D
    { 22, 40, 323, -2, 32, 220, 1978 }, // U+046E
    { 19, 33, 272, -2, 25, 157, 2198 }, // U+046F
    { 27, 27, 445, 4, 27, 183, 2355 }, // U+0470
    { 23, 38, 434, 2, 29, 219, 2538 }, // U+0471
    { 24, 29, 433, 2, 28, 174, 2757 }, // U+0472
    { 19, 22, 338, 1, 21, 105, 2931 }, // U+0473
    { 23, 27, 340, 3, 27, 156, 3036 }, // U+0474
    { 19, 21, 270, 1, 21, 100, 3192 }, // U+0475
    { 23, 36, 340, 3, 36, 207, 3292 }, // U+0476
    { 19, 29, 270, 1, 29, 138, 3499 }, // U+0477
    { 45, 37, 713, 2, 28, 417, 3637 }, // U+0478
    { 40, 30, 618, 1, 21, 300, 4054 }, // U+0479
    { 25, 33, 445, 2, 30, 207, 4354 }, // U+047A
    { 20, 26, 350, 1, 23, 130, 4561 }, // U+047B
    { 33, 40, 575, 2, 39, 330, 4691 }, // U+047C
    { 28, 34, 479, 1, 33, 238, 5021 }, // U+047D
    { 35, 35, 551, 3, 34, 307, 5259 }, // U+047E
    { 29, 27, 473, 2, 27, 196, 5566 }, // U+047F
    { 22, 37, 352, 2, 28, 204, 5762 }, // U+0480
    { 17, 30, 272, 1, 21, 128, 5966 }, // U+0481
    { 20, 25, 365, 2, 24, 125, 6094 }, // U+0482
    { 15, 6, 0, -15, 27, 23, 6219 }, // U+0483
    { 14, 6, 0, -15, 28, 21, 6242 }, // U+0484
    { 6, 8, 0, -11, 30, 12, 6263 }, // U+0485
    { 5, 8, 0, -10, 30, 10, 6275 }, // U+0486
    { 15, 6, 0, -3, 34, 23, 6285 }, // U+0487
    { 44, 40, 0, -22, 30, 440, 6308 }, // U+0488
    { 42, 42, 0, -21, 31, 441, 6748 }, // U+0489
    { 26, 43, 427, 1, 35, 280, 7189 }, // U+048A
    { 19, 36, 350, 2, 29, 171, 7469 }, // U+048B
    { 18, 27, 332, 1, 27, 122, 7640 }, // U+048C
    { 16, 30, 314, 2, 29, 120, 0 }, // U+048D
    { 21, 27, 341, 1, 27, 142, 120 }, // U+048E
    { 21, 30, 347, -1, 21, 158, 262 }, // U+048F
    { 21, 33, 287, 1, 33, 174, 420 }, // U+0490
    { 17, 26, 234, 1, 26, 111, 594 }, // U+0491
    { 20, 27, 284, 1, 27, 135, 705 }, // U+0492
    { 17, 21, 234, 0, 21, 90, 840 }, // U+0493
    { 20, 37, 366, 1, 27, 185, 930 }, // U+0494
    { 16, 31, 299, 1, 21, 124, 1115 }, // U+0495
    { 35, 35, 499, -2, 27, 307, 1239 }, // U+0496
    { 34, 28, 509, -1, 21, 238, 1546 }, // U+0497
    { 21, 37, 313, -1, 28, 195, 1784 }, // U+0498
    { 16, 30, 268, 0, 21, 120, 1979 }, // U+0499
    { 24, 35, 366, 1, 27, 210, 2099 }, // U+049A
    { 19, 28, 317, 1, 21, 133, 2309 }, // U+049B
    { 24, 27, 345, 1, 27, 162, 2442 }, // U+049C
    { 20, 21, 291, 1, 21, 105, 2604 }, // U+049D
    { 24, 27, 337, 1, 27, 162, 2709 }, // U+049E
    { 19, 29, 292, 1, 29, 138, 2871 }, // U+049F
    { 25, 27, 382, 3, 27, 169, 3009 }, // U+04A0
    { 22, 21, 341, 1, 21, 116, 3178 }, // U+04A1
    { 25, 35, 412, 1, 27, 219, 3294 }, // U+04A2
    { 21, 28, 363, 1, 21, 147, 3513 }, // U+04A3
    { 31, 27, 454, 1, 27, 210, 3660 }, // U+04A4
    { 27, 21, 414, 1, 21, 142, 3870 }, // U+04A5
    { 34, 37, 600, 1, 27, 315, 4012 }, // U+04A6
    { 28, 31, 493, 1, 21, 217, 4327 }, // U+04A7
    { 24, 30, 433, 2, 28, 180, 4544 }, // U+04A8
    { 20, 23, 360, 1, 21, 115, 4724 }, // U+04A9
    { 22, 37, 352, 2, 28, 204, 4839 }, // U+04AA
    { 17, 30, 272, 1, 21, 128, 5043 }, // U+04AB
    { 20, 35, 301, 3, 27, 175, 5171 }, // U+04AC
    { 31, 28, 533, 1, 21, 217, 5346 }, // U+04AD
    { 20, 27, 305, 3, 27, 135, 5563 }, // U+04AE
    { 19, 30, 280, 1, 21, 143, 5698 }, // U+04AF
    { 22, 27, 305, 1, 27, 149, 5841 }, // U+04B0
    { 21, 30, 280, -1, 21, 158, 5990 }, // U+04B1
    { 25, 35, 348, -2, 27, 219, 6148 }, // U+04B2
    { 22, 28, 316, -1, 21, 154, 6367 }, // U+04B3
    { 27, 35, 469, 3, 27, 237, 6521 }, // U+04B4
    { 23, 28, 395, 1, 21, 161, 6758 }, // U+04B5
    { 21, 35, 388, 4, 27, 184, 6919 }, // U+04B6
    { 18, 28, 332, 2, 21, 126, 7103 }, // U+04B7
    { 21, 27, 386, 4, 27, 142, 7229 }, // U+04B8
    { 18, 21, 335, 2, 21, 95, 7371 }, // U+04B9
    { 21, 27, 386, 1, 27, 142, 7466 }, // U+04BA
    { 19, 29, 347, 1, 29, 138, 0 }, // U+04BB
    { 27, 29, 460, 2, 28, 196, 138 }, // U+04BC
    { 21, 22, 359, 1, 21, 116, 334 }, // U+04BD
    { 27, 36, 460, 2, 28, 243, 450 }, // U+04BE
    { 21, 28, 359, 1, 21, 147, 693 }, // U+04BF
    { 16, 27, 194, -1, 27, 108, 840 }, // U+04C0
    { 36, 35, 481, -2, 35, 315, 948 }, // U+04C1
    { 35, 29, 527, -1, 28, 254, 1263 }, // U+04C2
    { 24, 37, 382, 1, 27, 222, 1517 }, // U+04C3
    { 19, 31, 314, 1, 21, 148, 1739 }, // U+04C4
    { 27, 35, 396, -2, 27, 237, 1887 }, // U+04C5
    { 22, 28, 328, -2, 21, 154, 2124 }, // U+04C6
    { 25, 37, 409, 1, 27, 232, 2278 }, // U+04C7
    { 21, 31, 361, 1, 21, 163, 2510 }, // U+04C8
    { 25, 35, 415, 1, 27, 219, 2673 }, // U+04C9
    { 21, 28, 363, 1, 21, 147, 2892 }, // U+04CA
    { 21, 35, 386, 4, 27, 184, 3039 }, // U+04CB
    { 18, 28, 348, 3, 21, 126, 3223 }, // U+04CC
    { 31, 35, 511, 1, 27, 272, 3349 }, // U+04CD
    { 25, 28, 421, 1, 21, 175, 3621 }, // U+04CE
    { 16, 27, 194, -1, 27, 108, 3796 }, // U+04CF
    { 25, 35, 337, -3, 35, 219, 3904 }, // U+04D0
    { 20, 29, 341, 1, 28, 145, 4123 }, // U+04D1
    { 24, 35, 337, -3, 35, 210, 4268 }, // U+04D2
    { 20, 29, 341, 1, 28, 145, 4478 }, // U+04D3
    { 36, 27, 494, -3, 27, 243, 4623 }, // U+04D4
    { 29, 22, 492, 1, 21, 160, 4866 }, // U+04D5
    { 21, 35, 308, 1, 35, 184, 5026 }, // U+04D6
    { 19, 29, 299, 1, 28, 138, 5210 }, // U+04D7
    { 23, 29, 397, 1, 28, 167, 5348 }, // U+04D8
    { 17, 22, 296, 0, 21, 94, 5515 }, // U+04D9
    { 23, 36, 397, 1, 35, 207, 5609 }, // U+04DA
    { 18, 29, 296, 0, 28, 131, 5816 }, // U+04DB
    { 36, 35, 481, -2, 35, 315, 5947 }, // U+04DC
    { 35, 29, 527, -1, 28, 254, 6262 }, // U+04DD
    { 21, 35, 313, -1, 34, 184, 6516 }, // U+04DE
    { 17, 29, 268, 0, 28, 124, 6700 }, // U+04DF
    { 21, 28, 317, 0, 27, 147, 6824 }, // U+04E0
    { 20, 30, 278, -3, 21, 150, 6971 }, // U+04E1
    { 25, 33, 412, 1, 33, 207, 7121 }, // U+04E2
    { 19, 27, 347, 2, 26, 129, 7328 }, // U+04E3
    { 25, 35, 412, 1, 35, 219, 7457 }, // U+04E4
    { 19, 29, 347, 2, 28, 138, 0 }, // U+04E5
    { 24, 36, 433, 2, 35, 216, 138 }, // U+04E6
    { 19, 29, 338, 1, 28, 138, 354 }, // U+04E7
    { 24, 29, 433, 2, 28, 174, 492 }, // U+04E8
    { 19, 22, 338, 1, 21, 105, 666 }, // U+04E9
    { 24, 35, 433, 2, 34, 210, 771 }, // U+04EA
    { 19, 29, 338, 1, 28, 138, 981 }, // U+04EB
    { 22, 35, 352, 0, 34, 193, 1119 }, // U+04EC
    { 16, 29, 285, 1, 28, 116, 1312 }, // U+04ED
    { 25, 34, 337, 0, 33, 213, 1428 }, // U+04EE
    { 24, 35, 280, -4, 26, 210, 1641 }, // U+04EF
    { 25, 36, 337, 0, 35, 225, 1851 }, // U+04F0
    { 24, 37, 280, -4, 28, 222, 2076 }, // U+04F1
    { 25, 37, 337, 0, 36, 232, 2298 }, // U+04F2
    { 25, 38, 280, -4, 29, 238, 2530 }, // U+04F3
    { 21, 35, 374, 3, 35, 184, 2768 }, // U+04F4
    { 18, 28, 333, 2, 28, 126, 2952 }, // U+04F5
    { 20, 35, 287, 1, 27, 175, 3078 }, // U+04F6
    { 16, 28, 234, 1, 21, 112, 3253 }, // U+04F7
    { 29, 35, 476, 1, 35, 254, 3365 }, // U+04F8
    { 26, 29, 439, 1, 28, 189, 3619 }, // U+04F9
    { 21, 35, 284, 0, 27, 184, 3808 }, // U+04FA
    { 18, 29, 234, -1, 21, 131, 3992 }, // U+04FB
    { 25, 35, 316, -2, 27, 219, 4123 }, // U+04FC
    { 22, 29, 289, -2, 21, 160, 4342 }, // U+04FD
    { 25, 27, 316, -2, 27, 169, 4502 }, // U+04FE
    { 22, 21, 290, -2, 21, 116, 4671 }, // U+04FF
    { 23, 34, 337, -3, 27, 196, 0 }, // U+1EA0
    { 20, 28, 341, 1, 21, 140, 196 }, // U+1EA1
    { 23, 37, 337, -3, 37, 213, 336 }, // U+1EA2
    { 20, 32, 341, 1, 31, 160, 549 }, // U+1EA3
    { 29, 38, 337, -3, 38, 276, 709 }, // U+1EA4
    { 24, 32, 341, 1, 31, 192, 985 }, // U+1EA5
    { 23, 38, 337, -3, 38, 219, 1177 }, // U+1EA6
    { 20, 32, 341, 1, 31, 160, 1396 }, // U+1EA7
    { 28, 39, 337, -3, 39, 273, 1556 }, // U+1EA8
    { 22, 34, 341, 1, 33, 187, 1829 }, // U+1EA9
    { 26, 40, 337, -3, 40, 260, 2016 }, // U+1EAA
    { 21, 35, 341, 1, 34, 184, 2276 }, // U+1EAB
    { 24, 43, 337, -3, 36, 258, 2460 }, // U+1EAC
    { 20, 36, 341, 1, 29, 180, 2718 }, // U+1EAD
    { 24, 39, 337, -3, 39, 234, 2898 }, // U+1EAE
    { 20, 33, 341, 1, 32, 165, 3132 }, // U+1EAF
    { 24, 39, 337, -3, 39, 234, 3297 }, // U+1EB0
    { 20, 33, 341, 1, 32, 165, 3531 }, // U+1EB1
    { 24, 40, 337, -3, 40, 240, 3696 }, // U+1EB2
    { 20, 34, 341, 1, 33, 170, 3936 }, // U+1EB3
    { 26, 40, 337, -3, 40, 260, 4106 }, // U+1EB4
    { 21, 35, 341, 1, 34, 184, 4366 }, // U+1EB5
    { 24, 42, 337, -3, 35, 252, 4550 }, // U+1EB6
    { 20, 35, 341, 1, 28, 175, 4802 }, // U+1EB7
    { 20, 34, 308, 1, 27, 170, 4977 }, // U+1EB8
    { 17, 28, 299, 1, 21, 119, 5147 }, // U+1EB9
    { 20, 37, 308, 1, 37, 185, 5266 }, // U+1EBA
    { 17, 32, 299, 1, 31, 136, 5451 }, // U+1EBB
    { 21, 35, 308, 1, 35, 184, 5587 }, // U+1EBC
    { 19, 29, 299, 1, 28, 138, 5771 }, // U+1EBD
    { 25, 38, 308, 1, 38, 238, 5909 }, // U+1EBE
    { 23, 32, 299, 1, 31, 184, 6147 }, // U+1EBF
    { 20, 38, 308, 1, 38, 190, 6331 }, // U+1EC0
    { 17, 32, 299, 1, 31, 136, 6521 }, // U+1EC1
    { 23, 39, 308, 1, 39, 225, 6657 }, // U+1EC2
    { 21, 34, 299, 1, 33, 179, 6882 }, // U+1EC3
    { 22, 40, 308, 1, 40, 220, 7061 }, // U+1EC4
    { 20, 35, 299, 1, 34, 175, 7281 }, // U+1EC5
    { 20, 43, 308, 1, 36, 215, 7456 }, // U+1EC6
    { 17, 36, 299, 1, 29, 153, 0 }, // U+1EC7
    { 16, 37, 194, -1, 37, 148, 153 }, // U+1EC8
    { 12, 31, 155, 1, 31, 93, 301 }, // U+1EC9
    { 16, 34, 194, -1, 27, 136, 394 }, // U+1ECA
    { 12, 35, 155, -1, 28, 105, 530 }, // U+1ECB
    { 24, 35, 433, 2, 28, 210, 635 }, // U+1ECC
    { 19, 28, 338, 1, 21, 133, 845 }, // U+1ECD
    { 24, 38, 433, 2, 37, 228, 978 }, // U+1ECE
    { 19, 32, 338, 1, 31, 152, 1206 }, // U+1ECF
    { 27, 39, 433, 2, 38, 264, 1358 }, // U+1ED0
    { 23, 32, 338, 1, 31, 184, 1622 }, // U+1ED1
    { 24, 39, 433, 2, 38, 234, 1806 }, // U+1ED2
    { 19, 32, 338, 1, 31, 152, 2040 }, // U+1ED3
    { 26, 40, 433, 2, 39, 260, 2192 }, // U+1ED4
    { 22, 34, 338, 1, 33, 187, 2452 }, // U+1ED5
    { 24, 41, 433, 2, 40, 246, 2639 }, // U+1ED6
    { 20, 35, 338, 1, 34, 175, 2885 }, // U+1ED7
    { 24, 43, 433, 2, 36, 258, 3060 }, // U+1ED8
    { 19, 36, 338, 1, 29, 171, 3318 }, // U+1ED9
    { 30, 37, 431, 2, 36, 278, 3489 }, // U+1EDA
    { 24, 30, 341, 1, 29, 180, 3767 }, // U+1EDB
    { 30, 37, 431, 2, 36, 278, 3947 }, // U+1EDC
    { 24, 30, 341, 1, 29, 180, 4225 }, // U+1EDD
    { 30, 38, 431, 2, 37, 285, 4405 }, // U+1EDE
    { 24, 32, 341, 1, 31, 192, 4690 }, // U+1EDF
    { 30, 36, 431, 2, 35, 270, 4882 }, // U+1EE0
    { 24, 29, 341, 1, 28, 174, 5152 }, // U+1EE1
    { 30, 36, 431, 2, 29, 270, 5326 }, // U+1EE2
    { 24, 31, 341, 1, 24, 186, 5596 }, // U+1EE3
    { 24, 34, 406, 2, 27, 204, 5782 }, // U+1EE4
    { 19, 28, 347, 2, 21, 133, 5986 }, // U+1EE5
    { 24, 38, 406, 2, 37, 228, 6119 }, // U+1EE6
    { 19, 32, 347, 2, 31, 152, 6347 }, // U+1EE7
    { 31, 37, 436, 2, 36, 287, 6499 }, // U+1EE8
    { 26, 30, 376, 2, 29, 195, 6786 }, // U+1EE9
    { 31, 37, 436, 2, 36, 287, 6981 }, // U+1EEA
    { 26, 30, 376, 2, 29, 195, 7268 }, // U+1EEB
    { 31, 38, 436, 2, 37, 295, 7463 }, // U+1EEC
    { 26, 32, 376, 2, 31, 208, 0 }, // U+1EED
    { 31, 36, 436, 2, 35, 279, 208 }, // U+1EEE
    { 26, 29, 376, 2, 28, 189, 487 }, // U+1EEF
    { 31, 36, 436, 2, 29, 279, 676 }, // U+1EF0
    { 26, 31, 376, 2, 24, 202, 955 }, // U+1EF1
    { 20, 36, 305, 3, 36, 180, 1157 }, // U+1EF2
    { 24, 38, 280, -4, 29, 228, 1337 }, // U+1EF3
    { 20, 34, 305, 3, 27, 170, 1565 }, // U+1EF4
    { 24, 30, 280, -4, 21, 180, 1735 }, // U+1EF5
    { 20, 37, 305, 3, 37, 185, 1915 }, // U+1EF6
    { 24, 40, 280, -4, 31, 240, 2100 }, // U+1EF7
    { 20, 35, 305, 3, 35, 175, 2340 }, // U+1EF8
    { 24, 37, 280, -4, 28, 222, 2515 }, // U+1EF9
    { 0, 0, 300, 0, 0, 0, 0 }, // U+2000
    { 0, 0, 600, 0, 0, 0, 0 }, // U+2001
    { 0, 0, 300, 0, 0, 0, 0 }, // U+2002
    { 0, 0, 600, 0, 0, 0, 0 }, // U+2003
    { 0, 0, 200, 0, 0, 0, 0 }, // U+2004
    { 0, 0, 150, 0, 0, 0, 0 }, // U+2005
    { 0, 0, 100, 0, 0, 0, 0 }, // U+2006
    { 0, 0, 331, 0, 0, 0, 0 }, // U+2007
    { 0, 0, 154, 0, 0, 0, 0 }, // U+2008
    { 0, 0, 100, 0, 0, 0, 0 }, // U+2009
    { 0, 0, 60, 0, 0, 0, 0 }, // U+200A
    { 0, 0, 0, 0, 0, 0, 0 }, // U+200B
    { 0, 0, 0, 0, 0, 0, 0 }, // U+200C
    { 0, 0, 0, 0, 0, 0, 0 }, // U+200D
    { 9, 31, 0, -1, 26, 70, 0 }, // U+200E
    { 9, 31, 0, -8, 26, 70, 70 }, // U+200F
    { 11, 4, 188, 0, 12, 11, 140 }, // U+2010
    { 11, 4, 188, 0, 12, 11, 151 }, // U+2011
    { 18, 3, 331, 2, 15, 14, 162 }, // U+2012
    { 17, 4, 288, 0, 12, 17, 176 }, // U+2013
    { 35, 4, 576, 0, 12, 35, 193 }, // U+2014
    { 35, 4, 576, 0, 12, 35, 228 }, // U+2015
    { 12, 39, 331, 5, 29, 117, 263 }, // U+2016
    { 17, 9, 237, -4, 0, 39, 380 }, // U+2017
    { 8, 10, 104, 2, 27, 20, 419 }, // U+2018
    { 8, 10, 104, 2, 27, 20, 439 }, // U+2019
    { 8, 10, 146, -2, 5, 20, 459 }, // U+201A
    { 4, 10, 104, 4, 27, 10, 479 }, // U+201B
    { 15, 10, 215, 2, 27, 38, 489 }, // U+201C
    { 15, 10, 215, 2, 27, 38, 527 }, // U+201D
    { 15, 10, 256, -2, 5, 38, 565 }, // U+201E
    { 11, 10, 215, 4, 27, 28, 603 }, // U+201F
    { 15, 29, 282, 3, 29, 109, 631 }, // U+2020
    { 18, 29, 282, 1, 29, 131, 740 }, // U+2021
    { 9, 10, 226, 3, 19, 23, 871 }, // U+2022
    { 12, 12, 221, 2, 20, 36, 894 }, // U+2023
    { 5, 6, 300, 5, 5, 8, 930 }, // U+2024
    { 15, 6, 304, 0, 5, 23, 938 }, // U+2025
    { 25, 6, 461, 0, 5, 38, 961 }, // U+2026
    { 6, 6, 154, 2, 13, 9, 999 }, // U+2027
    { 0, 0, 360, 0, 0, 0, 1008 }, // U+2028
    { 0, 0, 360, 0, 0, 0, 1008 }, // U+2029
    { 9, 28, 0, -1, 23, 63, 1008 }, // U+202A
    { 9, 28, 0, -8, 23, 63, 1071 }, // U+202B
    { 10, 31, 0, -5, 26, 78, 1134 }, // U+202C
    { 10, 31, 0, -5, 26, 78, 1212 }, // U+202D
    { 10, 31, 0, -5, 26, 78, 1290 }, // U+202E
    { 0, 0, 100, 0, 0, 0, 1368 }, // U+202F
    { 38, 29, 676, 3, 28, 276, 1368 }, // U+2030
    { 50, 29, 872, 3, 28, 363, 1644 }, // U+2031
    { 9, 10, 132, 2, 27, 23, 2007 }, // U+2032
    { 16, 10, 233, 2, 27, 40, 2030 }, // U+2033
    { 22, 10, 335, 2, 27, 55, 2070 }, // U+2034
    { 7, 10, 162, 4, 27, 18, 2125 }, // U+2035
    { 12, 10, 254, 4, 27, 30, 2143 }, // U+2036
    { 18, 10, 347, 4, 27, 45, 2173 }, // U+2037
    { 15, 13, 239, -4, 4, 49, 2218 }, // U+2038
    { 10, 16, 172, 1, 18, 40, 2267 }, // U+2039
    { 10, 16, 172, 0, 18, 40, 2307 }, // U+203A
    { 29, 29, 502, 1, 28, 211, 2347 }, // U+203B
    { 20, 28, 296, 0, 27, 140, 2558 }, // U+203C
    { 16, 29, 259, 2, 28, 116, 2698 }, // U+203D
    { 17, 4, 236, 3, 32, 17, 2814 }, // U+203E
    { 20, 8, 325, -2, -1, 40, 2831 }, // U+203F
    { 19, 9, 325, 3, 30, 43, 2871 }, // U+2040
    { 18, 25, 205, -4, 16, 113, 2914 }, // U+2041
    { 40, 34, 671, 0, 29, 340, 3027 }, // U+2042
    { 10, 4, 172, 0, 12, 10, 3367 }, // U+2043
    { 23, 27, 78, -9, 27, 156, 3377 }, // U+2044
    { 15, 33, 174, -1, 27, 124, 3533 }, // U+2045
    { 15, 33, 174, -3, 27, 124, 3657 }, // U+2046
    { 32, 29, 516, 2, 28, 232, 3781 }, // U+2047
    { 25, 29, 415, 2, 28, 182, 4013 }, // U+2048
    { 27, 29, 415, 0, 28, 196, 4195 }, // U+2049
    { 19, 21, 312, 2, 21, 100, 4391 }, // U+204A
    { 20, 34, 359, 3, 29, 170, 4491 }, // U+204B
    { 19, 20, 383, 2, 21, 95, 4661 }, // U+204C
    { 19, 20, 383, 3, 21, 95, 4756 }, // U+204D
    { 19, 18, 331, -1, 10, 86, 4851 }, // U+204E
    { 8, 26, 154, 1, 21, 52, 4937 }, // U+204F
    { 24, 39, 325, -2, 30, 234, 4989 }, // U+2050
    { 22, 37, 331, 0, 29, 204, 5223 }, // U+2051
    { 14, 29, 223, 0, 28, 102, 5427 }, // U+2052
    { 33, 6, 600, 3, 14, 50, 5529 }, // U+2053
    { 20, 9, 325, -4, 0, 45, 5579 }, // U+2054
    { 20, 20, 343, 1, 19, 100, 5624 }, // U+2055
    { 17, 29, 310, 1, 28, 124, 5724 }, // U+2056
    { 28, 10, 435, 2, 27, 70, 5848 }, // U+2057
    { 28, 29, 493, 1, 28, 203, 5918 }, // U+2058
    { 29, 29, 497, 1, 28, 211, 6121 }, // U+2059
    { 6, 29, 133, 1, 28, 44, 6332 }, // U+205A
    { 22, 30, 392, 1, 29, 165, 6376 }, // U+205B
    { 28, 29, 478, 1, 28, 203, 6541 }, // U+205C
    { 6, 28, 161, 2, 27, 42, 6744 }, // U+205D
    { 6, 29, 161, 3, 28, 44, 6786 }, // U+205E
    { 0, 0, 133, 0, 0, 0, 6830 }, // U+205F
    { 0, 0, 360, 0, 0, 0, 6830 }, // U+2060
    { 0, 0, 360, 0, 0, 0, 6830 }, // U+2061
    { 0, 0, 360, 0, 0, 0, 6830 }, // U+2062
    { 0, 0, 360, 0, 0, 0, 6830 }, // U+2063
    { 0, 0, 360, 0, 0, 0, 6830 }, // U+2064
    { 0, 0, 360, 0, 0, 0, 6830 }, // U+2066
    { 0, 0, 360, 0, 0, 0, 6830 }, // U+2067
    { 0, 0, 360, 0, 0, 0, 6830 }, // U+2068
    { 0, 0, 360, 0, 0, 0, 6830 }, // U+2069
    { 10, 31, 0, -5, 26, 78, 6830 }, // U+206A
    { 10, 31, 0, -5, 26, 78, 6908 }, // U+206B
    { 10, 31, 0, -5, 26, 78, 6986 }, // U+206C
    { 10, 31, 0, -5, 26, 78, 7064 }, // U+206D
    { 10, 31, 0, -5, 26, 78, 7142 }, // U+206E
    { 10, 31, 0, -5, 26, 78, 7220 }, // U+206F
    { 13, 18, 212, 3, 33, 59, 0 }, // U+2070
    { 6, 18, 134, 3, 28, 27, 59 }, // U+2071
    { 13, 17, 212, 2, 32, 56, 86 }, // U+2074
    { 13, 17, 212, 3, 32, 56, 142 }, // U+2075
    { 13, 17, 212, 3, 32, 56, 198 }, // U+2076
    { 13, 17, 212, 4, 32, 56, 254 }, // U+2077
    { 13, 17, 212, 3, 32, 56, 310 }, // U+2078
    { 13, 17, 212, 3, 32, 56, 366 }, // U+2079
    { 11, 11, 203, 4, 28, 31, 422 }, // U+207A
    { 11, 3, 203, 4, 24, 9, 453 }, // U+207B
    { 11, 7, 203, 4, 26, 20, 462 }, // U+207C
    { 9, 21, 112, 4, 34, 48, 482 }, // U+207D
    { 9, 21, 112, 0, 34, 48, 530 }, // U+207E
    { 13, 14, 226, 2, 24, 46, 578 }, // U+207F
    { 12, 18, 212, -1, 13, 54, 624 }, // U+2080
    { 8, 17, 212, 1, 12, 34, 678 }, // U+2081
    { 13, 17, 212, -2, 12, 56, 712 }, // U+2082
    { 13, 18, 212, -2, 13, 59, 768 }, // U+2083
    { 13, 17, 212, -2, 12, 56, 827 }, // U+2084
    { 13, 17, 212, -2, 12, 56, 883 }, // U+2085
    { 13, 17, 212, -1, 12, 56, 939 }, // U+2086
    { 13, 17, 212, -1, 12, 56, 995 }, // U+2087
    { 12, 17, 212, -1, 12, 51, 1051 }, // U+2088
    { 12, 17, 212, -1, 12, 51, 1102 }, // U+2089
    { 11, 11, 203, -1, 8, 31, 1153 }, // U+208A
    { 11, 3, 203, -1, 4, 9, 1184 }, // U+208B
    { 11, 7, 203, -1, 6, 20, 1193 }, // U+208C
    { 9, 21, 112, 0, 14, 48, 1213 }, // U+208D
    { 9, 21, 112, -5, 14, 48, 1261 }, // U+208E
    { 13, 13, 221, -1, 9, 43, 1309 }, // U+2090
    { 11, 13, 194, -1, 9, 36, 1352 }, // U+2091
    { 12, 13, 220, -1, 9, 39, 1388 }, // U+2092
    { 14, 13, 188, -3, 9, 46, 1427 }, // U+2093
    { 11, 13, 194, -2, 9, 36, 1473 }, // U+2094
    { 13, 18, 262, 0, 14, 59, 1509 }, // U+2095
    { 13, 18, 210, 0, 14, 59, 1568 }, // U+2096
    { 7, 18, 141, 0, 14, 32, 1627 }, // U+2097
    { 20, 13, 377, 0, 9, 65, 1659 }, // U+2098
    { 13, 13, 226, -2, 9, 43, 1724 }, // U+2099
    { 14, 18, 226, -3, 9, 63, 1767 }, // U+209A
    { 10, 13, 185, -1, 9, 33, 1830 }, // U+209B
    { 8, 16, 130, -1, 12, 32, 1863 }, // U+209C
    { 20, 28, 331, 2, 28, 140, 0 }, // U+20A0
    { 21, 32, 331, 2, 29, 168, 140 }, // U+20A1
    { 20, 29, 331, 2, 28, 145, 308 }, // U+20A2
    { 22, 27, 331, 0, 27, 149, 453 }, // U+20A3
    { 23, 28, 331, -1, 28, 161, 602 }, // U+20A4
    { 30, 30, 525, 1, 25, 225, 763 }, // U+20A5
    { 22, 27, 331, 0, 27, 149, 988 }, // U+20A6
    { 26, 28, 442, 1, 27, 182, 1137 }, // U+20A7
    { 31, 28, 482, 0, 27, 217, 1319 }, // U+20A8
    { 27, 27, 372, 0, 27, 183, 1536 }, // U+20A9
    { 30, 27, 479, 1, 27, 203, 1719 }, // U+20AA
    { 25, 35, 347, 0, 29, 219, 1922 }, // U+20AB
    { 22, 29, 331, 1, 28, 160, 2141 }, // U+20AC
    { 24, 27, 337, 1, 27, 162, 2301 }, // U+20AD
    { 22, 27, 301, 1, 27, 149, 2463 }, // U+20AE
    { 36, 37, 582, 0, 28, 333, 2612 }, // U+20AF
    { 23, 37, 331, -2, 28, 213, 2945 }, // U+20B0
    { 22, 27, 331, 1, 27, 149, 3158 }, // U+20B1
    { 23, 32, 407, 2, 29, 184, 3307 }, // U+20B2
    { 26, 27, 337, -3, 27, 176, 3491 }, // U+20B3
    { 22, 29, 303, -1, 28, 160, 3667 }, // U+20B4
    { 22, 32, 352, 2, 29, 176, 3827 }, // U+20B5
    { 22, 26, 341, 1, 25, 143, 4003 }, // U+20B6
    { 27, 31, 394, -1, 28, 210, 4146 }, // U+20B7
    { 20, 27, 295, 2, 27, 135, 4356 }, // U+20B8
    { 19, 27, 331, 3, 27, 129, 4491 }, // U+20B9
    { 21, 28, 331, 0, 27, 147, 4620 }, // U+20BA
    { 24, 29, 402, 2, 28, 174, 4767 }, // U+20BB
    { 27, 27, 445, -1, 27, 183, 4941 }, // U+20BC
    { 24, 27, 349, -1, 27, 162, 5124 }, // U+20BD
    { 25, 31, 352, -1, 31, 194, 5286 }, // U+20BE
    { 20, 35, 331, 1, 31, 175, 5480 }, // U+20BF
    { 11, 4, 188, 0, 12, 11, 0 }, // U+2212
    { 34, 38, 383, -5, 29, 323, 0 }, // U+FB00
    { 28, 38, 346, -5, 29, 266, 323 }, // U+FB01
    { 28, 38, 346, -5, 29, 266, 589 }, // U+FB02
    { 40, 38, 538, -5, 29, 380, 855 }, // U+FB03
    { 40, 38, 538, -5, 29, 380, 1235 }, // U+FB04
    { 30, 38, 369, -5, 29, 285, 1615 }, // U+FB05
    { 30, 30, 458, 0, 29, 225, 1900 }, // U+FB06
    { 35, 35, 600, 1, 29, 307, 0 }, // U+FFFD
};

static const EpdUnicodeInterval notosans_18_italicIntervals[] = {
    { 0x0, 0x0, 0x0 },
    { 0xD, 0xD, 0x1 },
    { 0x20, 0x7E, 0x2 },
    { 0xA0, 0x17F, 0x61 },
    { 0x1A0, 0x1A1, 0x141 },
    { 0x1AF, 0x1B0, 0x143 },
    { 0x1C4, 0x21F, 0x145 },
    { 0x300, 0x36F, 0x1A1 },
    { 0x400, 0x4FF, 0x211 },
    { 0x1EA0, 0x1EF9, 0x311 },
    { 0x2000, 0x2064, 0x36B },
    { 0x2066, 0x2071, 0x3D0 },
    { 0x2074, 0x208E, 0x3DC },
    { 0x2090, 0x209C, 0x3F7 },
    { 0x20A0, 0x20BF, 0x404 },
    { 0x2212, 0x2212, 0x424 },
    { 0xFB00, 0xFB06, 0x425 },
    { 0xFFFD, 0xFFFD, 0x42C },
};

static const EpdFontGroup notosans_18_italicGroups[] = {
    { 0, 3479, 8109, 63, 0 },
    { 3479, 1779, 4015, 34, 63 },
    { 5258, 2756, 8027, 57, 97 },
    { 8014, 1806, 6227, 39, 154 },
    { 9820, 1971, 8187, 45, 193 },
    { 11791, 2477, 8141, 48, 238 },
    { 14268, 1795, 6285, 35, 286 },
    { 16063, 2633, 8134, 36, 321 },
    { 18696, 2907, 8148, 40, 357 },
    { 21603, 1283, 3568, 20, 397 },
    { 22886, 1825, 3108, 112, 417 },
    { 24711, 2708, 8053, 43, 529 },
    { 27419, 3217, 8156, 55, 572 },
    { 30636, 3608, 8190, 43, 627 },
    { 34244, 3267, 8111, 46, 670 },
    { 37511, 2920, 8190, 42, 716 },
    { 40431, 1606, 5127, 27, 758 },
    { 42037, 1502, 8026, 39, 785 },
    { 43539, 1626, 8034, 38, 824 },
    { 45165, 638, 2800, 13, 862 },
    { 45803, 2984, 7893, 111, 875 },
    { 48787, 1263, 2213, 42, 986 },
    { 50050, 2923, 5969, 32, 1028 },
    { 52973, 14, 12, 1, 1060 },
    { 52987, 655, 2178, 7, 1061 },
    { 53642, 166, 315, 1, 1068 },
};

static const EpdKernClassEntry notosans_18_italicKernLeftClasses[] = {
    { 0x0020, 1 }, // U+0020
    { 0x0022, 2 }, // "
    { 0x0026, 3 }, // &
    { 0x0027, 2 }, // '
    { 0x0028, 4 }, // (
    { 0x002C, 5 }, // ,
    { 0x002D, 6 }, // -
    { 0x002E, 5 }, // .
    { 0x0041, 7 }, // A
    { 0x0042, 8 }, // B
    { 0x0043, 9 }, // C
    { 0x0044, 10 }, // D
    { 0x0045, 11 }, // E
    { 0x0046, 12 }, // F
    { 0x004B, 13 }, // K
    { 0x004C, 14 }, // L
    { 0x004F, 10 }, // O
    { 0x0050, 15 }, // P
    { 0x0051, 10 }, // Q
    { 0x0052, 16 }, // R
    { 0x0054, 17 }, // T
    { 0x0055, 18 }, // U
    { 0x0056, 19 }, // V
    { 0x0057, 19 }, // W
    { 0x0058, 13 }, // X
    { 0x0059, 20 }, // Y
    { 0x005A, 21 }, // Z
    { 0x005B, 4 }, // [
    { 0x005F, 22 }, // _
    { 0x0061, 23 }, // a
    { 0x0062, 24 }, // b
    { 0x0063, 25 }, // c
    { 0x0065, 24 }, // e
    { 0x0066, 26 }, // f
    { 0x006B, 27 }, // k
    { 0x006F, 24 }, // o
    { 0x0070, 24 }, // p
    { 0x0072, 28 }, // r
    { 0x0074, 29 }, // t
    { 0x0076, 30 }, // v
    { 0x0077, 30 }, // w
    { 0x0078, 27 }, // x
    { 0x0079, 30 }, // y
    { 0x007B, 4 }, // {
    { 0x00A1, 31 }, // U+00A1
    { 0x00AB, 32 }, // U+00AB
    { 0x00BB, 33 }, // U+00BB
    { 0x00BF, 34 }, // U+00BF
    { 0x00C0, 7 }, // U+00C0
    { 0x00C1, 7 }, // U+00C1
    { 0x00C2, 7 }, // U+00C2
    { 0x00C3, 7 }, // U+00C3
    { 0x00C4, 7 }, // U+00C4
    { 0x00C5, 7 }, // U+00C5
    { 0x00C6, 11 }, // U+00C6
    { 0x00C7, 9 }, // U+00C7
    { 0x00C8, 11 }, // U+00C8
    { 0x00C9, 11 }, // U+00C9
    { 0x00CA, 11 }, // U+00CA
    { 0x00CB, 11 }, // U+00CB
    { 0x00D0, 10 }, // U+00D0
    { 0x00D2, 10 }, // U+00D2
    { 0x00D3, 10 }, // U+00D3
    { 0x00D4, 10 }, // U+00D4
    { 0x00D5, 10 }, // U+00D5
    { 0x00D6, 10 }, // U+00D6
    { 0x00D8, 10 }, // U+00D8
    { 0x00D9, 18 }, // U+00D9
    { 0x00DA, 18 }, // U+00DA
    { 0x00DB, 18 }, // U+00DB
    { 0x00DC, 18 }, // U+00DC
    { 0x00DD, 20 }, // U+00DD
    { 0x00DE, 15 }, // U+00DE
    { 0x00E0, 23 }, // U+00E0
    { 0x00E1, 23 }, // U+00E1
    { 0x00E2, 23 }, // U+00E2
    { 0x00E3, 23 }, // U+00E3
    { 0x00E4, 23 }, // U+00E4
    { 0x00E5, 23 }, // U+00E5
    { 0x00E6, 24 }, // U+00E6
    { 0x00E8, 24 }, // U+00E8
    { 0x00E9, 24 }, // U+00E9
    { 0x00EA, 24 }, // U+00EA
    { 0x00EB, 24 }, // U+00EB
    { 0x00EF, 35 }, // U+00EF
    { 0x00F0, 24 }, // U+00F0
    { 0x00F2, 24 }, // U+00F2
    { 0x00F3, 24 }, // U+00F3
    { 0x00F4, 24 }, // U+00F4
    { 0x00F5, 24 }, // U+00F5
    { 0x00F6, 24 }, // U+00F6
    { 0x00F8, 24 }, // U+00F8
    { 0x00FD, 30 }, // U+00FD
    { 0x00FE, 24 }, // U+00FE
    { 0x00FF, 30 }, // U+00FF
    { 0x0100, 7 }, // U+0100
    { 0x0101, 23 }, // U+0101
    { 0x0102, 7 }, // U+0102
    { 0x0103, 23 }, // U+0103
    { 0x0104, 7 }, // U+0104
    { 0x0105, 23 }, // U+0105
    { 0x0106, 9 }, // U+0106
    { 0x0108, 9 }, // U+0108
    { 0x010A, 9 }, // U+010A
    { 0x010C, 9 }, // U+010C
    { 0x010E, 10 }, // U+010E
    { 0x010F, 36 }, // U+010F
    { 0x0110, 10 }, // U+0110
    { 0x0112, 11 }, // U+0112
    { 0x0113, 24 }, // U+0113
    { 0x0114, 11 }, // U+0114
    { 0x0115, 24 }, // U+0115
    { 0x0116, 11 }, // U+0116
    { 0x0117, 24 }, // U+0117
    { 0x0118, 11 }, // U+0118
    { 0x0119, 24 }, // U+0119
    { 0x011A, 11 }, // U+011A
    { 0x011B, 24 }, // U+011B
    { 0x0129, 37 }, // U+0129
    { 0x012B, 35 }, // U+012B
    { 0x012E, 38 }, // U+012E
    { 0x0136, 13 }, // U+0136
    { 0x0137, 27 }, // U+0137
    { 0x0138, 27 }, // U+0138
    { 0x0139, 14 }, // U+0139
    { 0x013B, 14 }, // U+013B
    { 0x013D, 14 }, // U+013D
    { 0x013E, 36 }, // U+013E
    { 0x013F, 14 }, // U+013F
    { 0x0141, 14 }, // U+0141
    { 0x014C, 10 }, // U+014C
    { 0x014D, 24 }, // U+014D
    { 0x014E, 10 }, // U+014E
    { 0x014F, 24 }, // U+014F
    { 0x0150, 10 }, // U+0150
    { 0x0151, 24 }, // U+0151
    { 0x0152, 11 }, // U+0152
    { 0x0153, 24 }, // U+0153
    { 0x0155, 28 }, // U+0155
    { 0x0157, 28 }, // U+0157
    { 0x0159, 28 }, // U+0159
    { 0x0162, 17 }, // U+0162
    { 0x0163, 29 }, // U+0163
    { 0x0164, 17 }, // U+0164
    { 0x0165, 39 }, // U+0165
    { 0x0166, 17 }, // U+0166
    { 0x0167, 29 }, // U+0167
    { 0x0168, 18 }, // U+0168
    { 0x016A, 18 }, // U+016A
    { 0x016C, 18 }, // U+016C
    { 0x016E, 18 }, // U+016E
    { 0x0170, 18 }, // U+0170
    { 0x0172, 18 }, // U+0172
    { 0x0174, 19 }, // U+0174
    { 0x0175, 30 }, // U+0175
    { 0x0176, 20 }, // U+0176
    { 0x0177, 30 }, // U+0177
    { 0x0178, 20 }, // U+0178
    { 0x0179, 21 }, // U+0179
    { 0x017B, 21 }, // U+017B
    { 0x017D, 21 }, // U+017D
    { 0x01A0, 40 }, // U+01A0
    { 0x01A1, 41 }, // U+01A1
    { 0x01AF, 42 }, // U+01AF
    { 0x01B0, 43 }, // U+01B0
    { 0x01D0, 35 }, // U+01D0
    { 0x01FA, 7 }, // U+01FA
    { 0x01FB, 23 }, // U+01FB
    { 0x01FC, 11 }, // U+01FC
    { 0x01FD, 24 }, // U+01FD
    { 0x01FE, 10 }, // U+01FE
    { 0x01FF, 24 }, // U+01FF
    { 0x020B, 35 }, // U+020B
    { 0x021A, 17 }, // U+021A
    { 0x021B, 29 }, // U+021B
    { 0x0402, 44 }, // U+0402
    { 0x0403, 45 }, // U+0403
    { 0x0404, 46 }, // U+0404
    { 0x0405, 47 }, // U+0405
    { 0x0408, 48 }, // U+0408
    { 0x0409, 44 }, // U+0409
    { 0x040A, 44 }, // U+040A
    { 0x040B, 49 }, // U+040B
    { 0x040C, 50 }, // U+040C
    { 0x040E, 51 }, // U+040E
    { 0x0410, 52 }, // U+0410
    { 0x0411, 53 }, // U+0411
    { 0x0412, 54 }, // U+0412
    { 0x0413, 45 }, // U+0413
    { 0x0414, 55 }, // U+0414
    { 0x0416, 50 }, // U+0416
    { 0x0417, 54 }, // U+0417
    { 0x041A, 50 }, // U+041A
    { 0x041E, 56 }, // U+041E
    { 0x0420, 57 }, // U+0420
    { 0x0421, 46 }, // U+0421
    { 0x0422, 45 }, // U+0422
    { 0x0423, 51 }, // U+0423
    { 0x0424, 58 }, // U+0424
    { 0x0425, 50 }, // U+0425
    { 0x0426, 55 }, // U+0426
    { 0x0429, 55 }, // U+0429
    { 0x042A, 44 }, // U+042A
    { 0x042C, 44 }, // U+042C
    { 0x042D, 56 }, // U+042D
    { 0x042E, 56 }, // U+042E
    { 0x0430, 59 }, // U+0430
    { 0x0431, 60 }, // U+0431
    { 0x0432, 61 }, // U+0432
    { 0x0433, 62 }, // U+0433
    { 0x0434, 63 }, // U+0434
    { 0x0435, 62 }, // U+0435
    { 0x0436, 64 }, // U+0436
    { 0x0437, 61 }, // U+0437
    { 0x0438, 59 }, // U+0438
    { 0x0439, 59 }, // U+0439
    { 0x043A, 65 }, // U+043A
    { 0x043B, 59 }, // U+043B
    { 0x043C, 59 }, // U+043C
    { 0x043D, 59 }, // U+043D
    { 0x043E, 66 }, // U+043E
    { 0x043F, 67 }, // U+043F
    { 0x0440, 66 }, // U+0440
    { 0x0441, 64 }, // U+0441
    { 0x0442, 67 }, // U+0442
    { 0x0443, 68 }, // U+0443
    { 0x0444, 66 }, // U+0444
    { 0x0445, 65 }, // U+0445
    { 0x0446, 69 }, // U+0446
    { 0x0447, 59 }, // U+0447
    { 0x0448, 59 }, // U+0448
    { 0x0449, 69 }, // U+0449
    { 0x044A, 70 }, // U+044A
    { 0x044B, 59 }, // U+044B
    { 0x044C, 70 }, // U+044C
    { 0x044D, 66 }, // U+044D
    { 0x044E, 66 }, // U+044E
    { 0x044F, 59 }, // U+044F
    { 0x0450, 62 }, // U+0450
    { 0x0451, 62 }, // U+0451
    { 0x0452, 71 }, // U+0452
    { 0x0453, 62 }, // U+0453
    { 0x0454, 64 }, // U+0454
    { 0x0455, 72 }, // U+0455
    { 0x0457, 73 }, // U+0457
    { 0x0458, 74 }, // U+0458
    { 0x0459, 70 }, // U+0459
    { 0x045A, 70 }, // U+045A
    { 0x045B, 67 }, // U+045B
    { 0x045C, 65 }, // U+045C
    { 0x045D, 59 }, // U+045D
    { 0x045E, 75 }, // U+045E
    { 0x045F, 59 }, // U+045F
    { 0x0460, 51 }, // U+0460
    { 0x0461, 76 }, // U+0461
    { 0x0462, 77 }, // U+0462
    { 0x0463, 70 }, // U+0463
    { 0x0464, 46 }, // U+0464
    { 0x0466, 52 }, // U+0466
    { 0x0467, 78 }, // U+0467
    { 0x0468, 52 }, // U+0468
    { 0x0469, 78 }, // U+0469
    { 0x046E, 54 }, // U+046E
    { 0x046F, 61 }, // U+046F
    { 0x0472, 56 }, // U+0472
    { 0x0473, 66 }, // U+0473
    { 0x0474, 51 }, // U+0474
    { 0x0475, 76 }, // U+0475
    { 0x0476, 51 }, // U+0476
    { 0x0477, 76 }, // U+0477
    { 0x0478, 68 }, // U+0478
    { 0x0479, 68 }, // U+0479
    { 0x047A, 56 }, // U+047A
    { 0x047B, 66 }, // U+047B
    { 0x047C, 56 }, // U+047C
    { 0x047D, 66 }, // U+047D
    { 0x047E, 51 }, // U+047E
    { 0x047F, 76 }, // U+047F
    { 0x0480, 46 }, // U+0480
    { 0x048A, 55 }, // U+048A
    { 0x048B, 63 }, // U+048B
    { 0x048C, 77 }, // U+048C
    { 0x048D, 70 }, // U+048D
    { 0x048E, 57 }, // U+048E
    { 0x048F, 66 }, // U+048F
    { 0x0490, 79 }, // U+0490
    { 0x0491, 80 }, // U+0491
    { 0x0492, 81 }, // U+0492
    { 0x0493, 82 }, // U+0493
    { 0x0495, 83 }, // U+0495
    { 0x0496, 84 }, // U+0496
    { 0x0497, 85 }, // U+0497
    { 0x0498, 54 }, // U+0498
    { 0x0499, 61 }, // U+0499
    { 0x049A, 84 }, // U+049A
    { 0x049B, 85 }, // U+049B
    { 0x049C, 50 }, // U+049C
    { 0x049D, 64 }, // U+049D
    { 0x049E, 50 }, // U+049E
    { 0x049F, 64 }, // U+049F
    { 0x04A0, 50 }, // U+04A0
    { 0x04A1, 64 }, // U+04A1
    { 0x04A2, 55 }, // U+04A2
    { 0x04A3, 63 }, // U+04A3
    { 0x04A4, 81 }, // U+04A4
    { 0x04A5, 80 }, // U+04A5
    { 0x04A7, 83 }, // U+04A7
    { 0x04A9, 66 }, // U+04A9
    { 0x04AA, 46 }, // U+04AA
    { 0x04AC, 79 }, // U+04AC
    { 0x04AD, 63 }, // U+04AD
    { 0x04AE, 86 }, // U+04AE
    { 0x04AF, 87 }, // U+04AF
    { 0x04B0, 86 }, // U+04B0
    { 0x04B1, 87 }, // U+04B1
    { 0x04B2, 84 }, // U+04B2
    { 0x04B3, 85 }, // U+04B3
    { 0x04B4, 55 }, // U+04B4
    { 0x04B5, 63 }, // U+04B5
    { 0x04B6, 55 }, // U+04B6
    { 0x04B7, 63 }, // U+04B7
    { 0x04BB, 83 }, // U+04BB
    { 0x04BC, 88 }, // U+04BC
    { 0x04BD, 62 }, // U+04BD
    { 0x04BE, 88 }, // U+04BE
    { 0x04BF, 62 }, // U+04BF
    { 0x04C1, 50 }, // U+04C1
    { 0x04C2, 64 }, // U+04C2
    { 0x04C4, 64 }, // U+04C4
    { 0x04C5, 55 }, // U+04C5
    { 0x04C6, 63 }, // U+04C6
    { 0x04C9, 55 }, // U+04C9
    { 0x04CA, 63 }, // U+04CA
    { 0x04CD, 55 }, // U+04CD
    { 0x04CE, 63 }, // U+04CE
    { 0x04D0, 52 }, // U+04D0
    { 0x04D1, 23 }, // U+04D1
    { 0x04D2, 52 }, // U+04D2
    { 0x04D3, 23 }, // U+04D3
    { 0x04D5, 62 }, // U+04D5
    { 0x04D7, 62 }, // U+04D7
    { 0x04D8, 56 }, // U+04D8
    { 0x04D9, 66 }, // U+04D9
    { 0x04DA, 56 }, // U+04DA
    { 0x04DB, 66 }, // U+04DB
    { 0x04DC, 50 }, // U+04DC
    { 0x04DD, 64 }, // U+04DD
    { 0x04DE, 54 }, // U+04DE
    { 0x04DF, 61 }, // U+04DF
    { 0x04E6, 56 }, // U+04E6
    { 0x04E7, 66 }, // U+04E7
    { 0x04E8, 56 }, // U+04E8
    { 0x04E9, 66 }, // U+04E9
    { 0x04EA, 56 }, // U+04EA
    { 0x04EB, 66 }, // U+04EB
    { 0x04EC, 56 }, // U+04EC
    { 0x04ED, 66 }, // U+04ED
    { 0x04EE, 51 }, // U+04EE
    { 0x04EF, 68 }, // U+04EF
    { 0x04F0, 51 }, // U+04F0
    { 0x04F1, 68 }, // U+04F1
    { 0x04F2, 51 }, // U+04F2
    { 0x04F3, 68 }, // U+04F3
    { 0x04F5, 59 }, // U+04F5
    { 0x04F6, 79 }, // U+04F6
    { 0x04F7, 80 }, // U+04F7
    { 0x04F9, 59 }, // U+04F9
    { 0x04FA, 81 }, // U+04FA
    { 0x04FB, 82 }, // U+04FB
    { 0x04FC, 84 }, // U+04FC
    { 0x04FD, 85 }, // U+04FD
    { 0x04FE, 50 }, // U+04FE
    { 0x04FF, 85 }, // U+04FF
    { 0x1EA0, 7 }, // U+1EA0
    { 0x1EA1, 23 }, // U+1EA1
    { 0x1EA2, 7 }, // U+1EA2
    { 0x1EA3, 23 }, // U+1EA3
    { 0x1EA4, 7 }, // U+1EA4
    { 0x1EA5, 23 }, // U+1EA5
    { 0x1EA6, 7 }, // U+1EA6
    { 0x1EA7, 23 }, // U+1EA7
    { 0x1EA8, 7 }, // U+1EA8
    { 0x1EA9, 23 }, // U+1EA9
    { 0x1EAA, 7 }, // U+1EAA
    { 0x1EAB, 23 }, // U+1EAB
    { 0x1EAC, 7 }, // U+1EAC
    { 0x1EAD, 23 }, // U+1EAD
    { 0x1EAE, 7 }, // U+1EAE
    { 0x1EAF, 23 }, // U+1EAF
    { 0x1EB0, 7 }, // U+1EB0
    { 0x1EB1, 23 }, // U+1EB1
    { 0x1EB2, 7 }, // U+1EB2
    { 0x1EB3, 23 }, // U+1EB3
    { 0x1EB4, 7 }, // U+1EB4
    { 0x1EB5, 23 }, // U+1EB5
    { 0x1EB6, 7 }, // U+1EB6
    { 0x1EB7, 23 }, // U+1EB7
    { 0x1EB8, 11 }, // U+1EB8
    { 0x1EB9, 24 }, // U+1EB9
    { 0x1EBA, 11 }, // U+1EBA
    { 0x1EBB, 24 }, // U+1EBB
    { 0x1EBC, 11 }, // U+1EBC
    { 0x1EBD, 24 }, // U+1EBD
    { 0x1EBE, 11 }, // U+1EBE
    { 0x1EBF, 24 }, // U+1EBF
    { 0x1EC0, 11 }, // U+1EC0
    { 0x1EC1, 24 }, // U+1EC1
    { 0x1EC2, 11 }, // U+1EC2
    { 0x1EC3, 24 }, // U+1EC3
    { 0x1EC4, 11 }, // U+1EC4
    { 0x1EC5, 24 }, // U+1EC5
    { 0x1EC6, 11 }, // U+1EC6
    { 0x1EC7, 24 }, // U+1EC7
    { 0x1ECC, 10 }, // U+1ECC
    { 0x1ECD, 24 }, // U+1ECD
    { 0x1ECE, 10 }, // U+1ECE
    { 0x1ECF, 24 }, // U+1ECF
    { 0x1ED0, 10 }, // U+1ED0
    { 0x1ED1, 24 }, // U+1ED1
    { 0x1ED2, 10 }, // U+1ED2
    { 0x1ED3, 24 }, // U+1ED3
    { 0x1ED4, 10 }, // U+1ED4
    { 0x1ED5, 24 }, // U+1ED5
    { 0x1ED6, 10 }, // U+1ED6
    { 0x1ED7, 24 }, // U+1ED7
    { 0x1ED8, 10 }, // U+1ED8
    { 0x1ED9, 24 }, // U+1ED9
    { 0x1EDA, 40 }, // U+1EDA
    { 0x1EDB, 41 }, // U+1EDB
    { 0x1EDC, 40 }, // U+1EDC
    { 0x1EDD, 41 }, // U+1EDD
    { 0x1EDE, 40 }, // U+1EDE
    { 0x1EDF, 41 }, // U+1EDF
    { 0x1EE0, 40 }, // U+1EE0
    { 0x1EE1, 41 }, // U+1EE1
    { 0x1EE2, 40 }, // U+1EE2
    { 0x1EE3, 41 }, // U+1EE3
    { 0x1EE4, 18 }, // U+1EE4
    { 0x1EE6, 18 }, // U+1EE6
    { 0x1EE8, 42 }, // U+1EE8
    { 0x1EE9, 43 }, // U+1EE9
    { 0x1EEA, 42 }, // U+1EEA
    { 0x1EEB, 43 }, // U+1EEB
    { 0x1EEC, 42 }, // U+1EEC
    { 0x1EED, 43 }, // U+1EED
    { 0x1EEE, 42 }, // U+1EEE
    { 0x1EEF, 43 }, // U+1EEF
    { 0x1EF0, 42 }, // U+1EF0
    { 0x1EF1, 43 }, // U+1EF1
    { 0x1EF2, 20 }, // U+1EF2
    { 0x1EF3, 30 }, // U+1EF3
    { 0x1EF4, 20 }, // U+1EF4
    { 0x1EF5, 30 }, // U+1EF5
    { 0x1EF6, 20 }, // U+1EF6
    { 0x1EF7, 30 }, // U+1EF7
    { 0x1EF8, 20 }, // U+1EF8
    { 0x1EF9, 30 }, // U+1EF9
    { 0x2013, 6 }, // U+2013
    { 0x2014, 6 }, // U+2014
    { 0x2015, 6 }, // U+2015
    { 0x2018, 2 }, // U+2018
    { 0x2019, 2 }, // U+2019
    { 0x201A, 5 }, // U+201A
    { 0x201C, 2 }, // U+201C
    { 0x201D, 2 }, // U+201D
    { 0x201E, 5 }, // U+201E
    { 0x2039, 32 }, // U+2039
    { 0x203A, 33 }, // U+203A
    { 0x207D, 89 }, // U+207D
    { 0x208D, 90 }, // U+208D
    { 0xFB00, 26 }, // U+FB00
};

static const EpdKernClassEntry notosans_18_italicKernRightClasses[] = {
    { 0x0021, 1 }, // !
    { 0x0022, 2 }, // "
    { 0x0026, 3 }, // &
    { 0x0027, 2 }, // '
    { 0x0029, 4 }, // )
    { 0x002C, 5 }, // ,
    { 0x002D, 6 }, // -
    { 0x002E, 5 }, // .
    { 0x003A, 7 }, // :
    { 0x003B, 7 }, // ;
    { 0x003F, 8 }, // ?
    { 0x0041, 9 }, // A
    { 0x0043, 10 }, // C
    { 0x0047, 10 }, // G
    { 0x0049, 11 }, // I
    { 0x004A, 12 }, // J
    { 0x004F, 10 }, // O
    { 0x0051, 10 }, // Q
    { 0x0053, 13 }, // S
    { 0x0054, 14 }, // T
    { 0x0055, 15 }, // U
    { 0x0056, 16 }, // V
    { 0x0057, 16 }, // W
    { 0x0058, 17 }, // X
    { 0x0059, 18 }, // Y
    { 0x005A, 19 }, // Z
    { 0x005D, 4 }, // ]
    { 0x0061, 20 }, // a
    { 0x0063, 21 }, // c
    { 0x0064, 21 }, // d
    { 0x0065, 21 }, // e
    { 0x0066, 22 }, // f
    { 0x0067, 23 }, // g
    { 0x006A, 24 }, // j
    { 0x006D, 25 }, // m
    { 0x006E, 25 }, // n
    { 0x006F, 21 }, // o
    { 0x0070, 25 }, // p
    { 0x0071, 21 }, // q
    { 0x0072, 25 }, // r
    { 0x0073, 26 }, // s
    { 0x0074, 27 }, // t
    { 0x0075, 25 }, // u
    { 0x0076, 28 }, // v
    { 0x0077, 28 }, // w
    { 0x0079, 28 }, // y
    { 0x007A, 29 }, // z
    { 0x007D, 4 }, // }
    { 0x00AB, 30 }, // U+00AB
    { 0x00BB, 31 }, // U+00BB
    { 0x00C0, 9 }, // U+00C0
    { 0x00C1, 9 }, // U+00C1
    { 0x00C2, 9 }, // U+00C2
    { 0x00C3, 9 }, // U+00C3
    { 0x00C4, 9 }, // U+00C4
    { 0x00C5, 9 }, // U+00C5
    { 0x00C6, 32 }, // U+00C6
    { 0x00C7, 10 }, // U+00C7
    { 0x00D2, 10 }, // U+00D2
    { 0x00D3, 10 }, // U+00D3
    { 0x00D4, 10 }, // U+00D4
    { 0x00D5, 10 }, // U+00D5
    { 0x00D6, 10 }, // U+00D6
    { 0x00D8, 10 }, // U+00D8
    { 0x00D9, 15 }, // U+00D9
    { 0x00DA, 15 }, // U+00DA
    { 0x00DB, 15 }, // U+00DB
    { 0x00DC, 15 }, // U+00DC
    { 0x00DD, 18 }, // U+00DD
    { 0x00DF, 24 }, // U+00DF
    { 0x00E0, 21 }, // U+00E0
    { 0x00E1, 20 }, // U+00E1
    { 0x00E2, 20 }, // U+00E2
    { 0x00E3, 20 }, // U+00E3
    { 0x00E4, 20 }, // U+00E4
    { 0x00E5, 20 }, // U+00E5
    { 0x00E6, 20 }, // U+00E6
    { 0x00E7, 21 }, // U+00E7
    { 0x00E8, 21 }, // U+00E8
    { 0x00E9, 21 }, // U+00E9
    { 0x00EA, 21 }, // U+00EA
    { 0x00EB, 21 }, // U+00EB
    { 0x00F1, 25 }, // U+00F1
    { 0x00F2, 21 }, // U+00F2
    { 0x00F3, 21 }, // U+00F3
    { 0x00F4, 21 }, // U+00F4
    { 0x00F5, 21 }, // U+00F5
    { 0x00F6, 21 }, // U+00F6
    { 0x00F8, 21 }, // U+00F8
    { 0x00F9, 25 }, // U+00F9
    { 0x00FA, 25 }, // U+00FA
    { 0x00FB, 25 }, // U+00FB
    { 0x00FC, 25 }, // U+00FC
    { 0x00FD, 28 }, // U+00FD
    { 0x00FF, 28 }, // U+00FF
    { 0x0100, 9 }, // U+0100
    { 0x0101, 20 }, // U+0101
    { 0x0102, 9 }, // U+0102
    { 0x0103, 20 }, // U+0103
    { 0x0104, 9 }, // U+0104
    { 0x0105, 20 }, // U+0105
    { 0x0106, 10 }, // U+0106
    { 0x0107, 21 }, // U+0107
    { 0x0108, 10 }, // U+0108
    { 0x0109, 21 }, // U+0109
    { 0x010A, 10 }, // U+010A
    { 0x010B, 21 }, // U+010B
    { 0x010C, 10 }, // U+010C
    { 0x010D, 21 }, // U+010D
    { 0x010F, 21 }, // U+010F
    { 0x0111, 21 }, // U+0111
    { 0x0113, 21 }, // U+0113
    { 0x0115, 21 }, // U+0115
    { 0x0117, 21 }, // U+0117
    { 0x0119, 21 }, // U+0119
    { 0x011B, 21 }, // U+011B
    { 0x011C, 10 }, // U+011C
    { 0x011D, 23 }, // U+011D
    { 0x011E, 10 }, // U+011E
    { 0x011F, 23 }, // U+011F
    { 0x0120, 10 }, // U+0120
    { 0x0121, 23 }, // U+0121
    { 0x0122, 10 }, // U+0122
    { 0x0123, 23 }, // U+0123
    { 0x0127, 33 }, // U+0127
    { 0x0129, 34 }, // U+0129
    { 0x0135, 24 }, // U+0135
    { 0x0138, 25 }, // U+0138
    { 0x0144, 25 }, // U+0144
    { 0x0146, 25 }, // U+0146
    { 0x0148, 25 }, // U+0148
    { 0x014B, 25 }, // U+014B
    { 0x014C, 10 }, // U+014C
    { 0x014D, 21 }, // U+014D
    { 0x014E, 10 }, // U+014E
    { 0x014F, 21 }, // U+014F
    { 0x0150, 10 }, // U+0150
    { 0x0151, 21 }, // U+0151
    { 0x0152, 10 }, // U+0152
    { 0x0153, 21 }, // U+0153
    { 0x0155, 25 }, // U+0155
    { 0x0157, 25 }, // U+0157
    { 0x015B, 26 }, // U+015B
    { 0x015D, 26 }, // U+015D
    { 0x015F, 26 }, // U+015F
    { 0x0161, 26 }, // U+0161
    { 0x0162, 14 }, // U+0162
    { 0x0163, 27 }, // U+0163
    { 0x0164, 14 }, // U+0164
    { 0x0165, 27 }, // U+0165
    { 0x0166, 14 }, // U+0166
    { 0x0167, 27 }, // U+0167
    { 0x0168, 15 }, // U+0168
    { 0x0169, 25 }, // U+0169
    { 0x016A, 15 }, // U+016A
    { 0x016B, 25 }, // U+016B
    { 0x016C, 15 }, // U+016C
    { 0x016D, 25 }, // U+016D
    { 0x016E, 15 }, // U+016E
    { 0x016F, 25 }, // U+016F
    { 0x0170, 15 }, // U+0170
    { 0x0171, 25 }, // U+0171
    { 0x0172, 15 }, // U+0172
    { 0x0173, 25 }, // U+0173
    { 0x0174, 16 }, // U+0174
    { 0x0175, 28 }, // U+0175
    { 0x0176, 18 }, // U+0176
    { 0x0177, 28 }, // U+0177
    { 0x0178, 18 }, // U+0178
    { 0x0179, 19 }, // U+0179
    { 0x017A, 29 }, // U+017A
    { 0x017B, 19 }, // U+017B
    { 0x017C, 29 }, // U+017C
    { 0x017D, 19 }, // U+017D
    { 0x017E, 29 }, // U+017E
    { 0x01A0, 10 }, // U+01A0
    { 0x01A1, 21 }, // U+01A1
    { 0x01AF, 15 }, // U+01AF
    { 0x01B0, 25 }, // U+01B0
    { 0x01FA, 9 }, // U+01FA
    { 0x01FB, 20 }, // U+01FB
    { 0x01FC, 32 }, // U+01FC
    { 0x01FD, 20 }, // U+01FD
    { 0x01FE, 10 }, // U+01FE
    { 0x01FF, 21 }, // U+01FF
    { 0x0219, 26 }, // U+0219
    { 0x021A, 14 }, // U+021A
    { 0x021B, 27 }, // U+021B
    { 0x0402, 35 }, // U+0402
    { 0x0404, 36 }, // U+0404
    { 0x0405, 37 }, // U+0405
    { 0x0408, 38 }, // U+0408
    { 0x0409, 39 }, // U+0409
    { 0x040B, 35 }, // U+040B
    { 0x040E, 40 }, // U+040E
    { 0x0410, 41 }, // U+0410
    { 0x0414, 42 }, // U+0414
    { 0x0416, 43 }, // U+0416
    { 0x0417, 44 }, // U+0417
    { 0x041B, 39 }, // U+041B
    { 0x041E, 36 }, // U+041E
    { 0x0421, 36 }, // U+0421
    { 0x0422, 35 }, // U+0422
    { 0x0423, 40 }, // U+0423
    { 0x0424, 45 }, // U+0424
    { 0x0425, 43 }, // U+0425
    { 0x0427, 46 }, // U+0427
    { 0x042A, 35 }, // U+042A
    { 0x042D, 44 }, // U+042D
    { 0x042F, 47 }, // U+042F
    { 0x0430, 48 }, // U+0430
    { 0x0431, 49 }, // U+0431
    { 0x0432, 48 }, // U+0432
    { 0x0433, 50 }, // U+0433
    { 0x0434, 51 }, // U+0434
    { 0x0435, 48 }, // U+0435
    { 0x0436, 52 }, // U+0436
    { 0x0437, 50 }, // U+0437
    { 0x0438, 53 }, // U+0438
    { 0x0439, 53 }, // U+0439
    { 0x043A, 54 }, // U+043A
    { 0x043B, 55 }, // U+043B
    { 0x043C, 54 }, // U+043C
    { 0x043D, 54 }, // U+043D
    { 0x043E, 48 }, // U+043E
    { 0x043F, 54 }, // U+043F
    { 0x0440, 54 }, // U+0440
    { 0x0441, 48 }, // U+0441
    { 0x0442, 54 }, // U+0442
    { 0x0443, 56 }, // U+0443
    { 0x0444, 48 }, // U+0444
    { 0x0445, 57 }, // U+0445
    { 0x0446, 53 }, // U+0446
    { 0x0447, 58 }, // U+0447
    { 0x0448, 53 }, // U+0448
    { 0x0449, 53 }, // U+0449
    { 0x044A, 59 }, // U+044A
    { 0x044B, 53 }, // U+044B
    { 0x044C, 53 }, // U+044C
    { 0x044D, 52 }, // U+044D
    { 0x044E, 54 }, // U+044E
    { 0x044F, 60 }, // U+044F
    { 0x0450, 48 }, // U+0450
    { 0x0451, 48 }, // U+0451
    { 0x0452, 61 }, // U+0452
    { 0x0453, 50 }, // U+0453
    { 0x0454, 48 }, // U+0454
    { 0x0455, 62 }, // U+0455
    { 0x0457, 63 }, // U+0457
    { 0x0458, 64 }, // U+0458
    { 0x0459, 55 }, // U+0459
    { 0x045A, 54 }, // U+045A
    { 0x045B, 61 }, // U+045B
    { 0x045C, 54 }, // U+045C
    { 0x045D, 53 }, // U+045D
    { 0x045E, 65 }, // U+045E
    { 0x045F, 53 }, // U+045F
    { 0x0460, 66 }, // U+0460
    { 0x0461, 67 }, // U+0461
    { 0x0462, 68 }, // U+0462
    { 0x0465, 69 }, // U+0465
    { 0x0466, 41 }, // U+0466
    { 0x0467, 70 }, // U+0467
    { 0x0469, 69 }, // U+0469
    { 0x046D, 69 }, // U+046D
    { 0x046E, 44 }, // U+046E
    { 0x046F, 50 }, // U+046F
    { 0x0470, 46 }, // U+0470
    { 0x0471, 69 }, // U+0471
    { 0x0472, 71 }, // U+0472
    { 0x0473, 72 }, // U+0473
    { 0x0474, 66 }, // U+0474
    { 0x0475, 67 }, // U+0475
    { 0x0476, 66 }, // U+0476
    { 0x0477, 67 }, // U+0477
    { 0x0478, 71 }, // U+0478
    { 0x0479, 72 }, // U+0479
    { 0x047A, 71 }, // U+047A
    { 0x047B, 72 }, // U+047B
    { 0x047C, 71 }, // U+047C
    { 0x047D, 72 }, // U+047D
    { 0x047E, 66 }, // U+047E
    { 0x047F, 67 }, // U+047F
    { 0x0480, 71 }, // U+0480
    { 0x0481, 72 }, // U+0481
    { 0x048B, 69 }, // U+048B
    { 0x048C, 68 }, // U+048C
    { 0x048D, 61 }, // U+048D
    { 0x048F, 69 }, // U+048F
    { 0x0491, 69 }, // U+0491
    { 0x0492, 68 }, // U+0492
    { 0x0495, 69 }, // U+0495
    { 0x0496, 43 }, // U+0496
    { 0x0497, 50 }, // U+0497
    { 0x0498, 44 }, // U+0498
    { 0x0499, 50 }, // U+0499
    { 0x049B, 69 }, // U+049B
    { 0x049D, 69 }, // U+049D
    { 0x049E, 68 }, // U+049E
    { 0x049F, 61 }, // U+049F
    { 0x04A0, 73 }, // U+04A0
    { 0x04A1, 59 }, // U+04A1
    { 0x04A3, 69 }, // U+04A3
    { 0x04A5, 69 }, // U+04A5
    { 0x04A7, 69 }, // U+04A7
    { 0x04A8, 71 }, // U+04A8
    { 0x04A9, 72 }, // U+04A9
    { 0x04AA, 71 }, // U+04AA
    { 0x04AB, 72 }, // U+04AB
    { 0x04AC, 35 }, // U+04AC
    { 0x04AD, 69 }, // U+04AD
    { 0x04AE, 74 }, // U+04AE
    { 0x04AF, 75 }, // U+04AF
    { 0x04B0, 74 }, // U+04B0
    { 0x04B1, 75 }, // U+04B1
    { 0x04B2, 43 }, // U+04B2
    { 0x04B3, 52 }, // U+04B3
    { 0x04B4, 73 }, // U+04B4
    { 0x04B5, 59 }, // U+04B5
    { 0x04B6, 46 }, // U+04B6
    { 0x04B7, 58 }, // U+04B7
    { 0x04B8, 46 }, // U+04B8
    { 0x04B9, 58 }, // U+04B9
    { 0x04BB, 69 }, // U+04BB
    { 0x04BC, 76 }, // U+04BC
    { 0x04BD, 77 }, // U+04BD
    { 0x04BE, 76 }, // U+04BE
    { 0x04BF, 77 }, // U+04BF
    { 0x04C1, 43 }, // U+04C1
    { 0x04C2, 52 }, // U+04C2
    { 0x04C4, 69 }, // U+04C4
    { 0x04C5, 78 }, // U+04C5
    { 0x04C6, 70 }, // U+04C6
    { 0x04C8, 69 }, // U+04C8
    { 0x04CA, 69 }, // U+04CA
    { 0x04CB, 46 }, // U+04CB
    { 0x04CC, 58 }, // U+04CC
    { 0x04CE, 69 }, // U+04CE
    { 0x04D0, 41 }, // U+04D0
    { 0x04D1, 79 }, // U+04D1
    { 0x04D2, 41 }, // U+04D2
    { 0x04D3, 79 }, // U+04D3
    { 0x04D4, 41 }, // U+04D4
    { 0x04D5, 79 }, // U+04D5
    { 0x04D7, 72 }, // U+04D7
    { 0x04D8, 80 }, // U+04D8
    { 0x04D9, 50 }, // U+04D9
    { 0x04DA, 80 }, // U+04DA
    { 0x04DB, 50 }, // U+04DB
    { 0x04DC, 43 }, // U+04DC
    { 0x04DD, 52 }, // U+04DD
    { 0x04DE, 44 }, // U+04DE
    { 0x04DF, 50 }, // U+04DF
    { 0x04E3, 69 }, // U+04E3
    { 0x04E5, 69 }, // U+04E5
    { 0x04E6, 71 }, // U+04E6
    { 0x04E7, 72 }, // U+04E7
    { 0x04E8, 71 }, // U+04E8
    { 0x04E9, 72 }, // U+04E9
    { 0x04EA, 71 }, // U+04EA
    { 0x04EB, 72 }, // U+04EB
    { 0x04EC, 44 }, // U+04EC
    { 0x04ED, 52 }, // U+04ED
    { 0x04EE, 40 }, // U+04EE
    { 0x04EF, 56 }, // U+04EF
    { 0x04F0, 40 }, // U+04F0
    { 0x04F1, 56 }, // U+04F1
    { 0x04F2, 40 }, // U+04F2
    { 0x04F3, 56 }, // U+04F3
    { 0x04F4, 46 }, // U+04F4
    { 0x04F5, 58 }, // U+04F5
    { 0x04F7, 69 }, // U+04F7
    { 0x04F9, 53 }, // U+04F9
    { 0x04FA, 68 }, // U+04FA
    { 0x04FC, 43 }, // U+04FC
    { 0x04FD, 52 }, // U+04FD
    { 0x04FE, 43 }, // U+04FE
    { 0x04FF, 52 }, // U+04FF
    { 0x1EA0, 9 }, // U+1EA0
    { 0x1EA1, 20 }, // U+1EA1
    { 0x1EA2, 9 }, // U+1EA2
    { 0x1EA3, 20 }, // U+1EA3
    { 0x1EA4, 9 }, // U+1EA4
    { 0x1EA5, 20 }, // U+1EA5
    { 0x1EA6, 9 }, // U+1EA6
    { 0x1EA7, 20 }, // U+1EA7
    { 0x1EA8, 9 }, // U+1EA8
    { 0x1EA9, 20 }, // U+1EA9
    { 0x1EAA, 9 }, // U+1EAA
    { 0x1EAB, 20 }, // U+1EAB
    { 0x1EAC, 9 }, // U+1EAC
    { 0x1EAD, 20 }, // U+1EAD
    { 0x1EAE, 9 }, // U+1EAE
    { 0x1EAF, 20 }, // U+1EAF
    { 0x1EB0, 9 }, // U+1EB0
    { 0x1EB1, 20 }, // U+1EB1
    { 0x1EB2, 9 }, // U+1EB2
    { 0x1EB3, 20 }, // U+1EB3
    { 0x1EB4, 9 }, // U+1EB4
    { 0x1EB5, 20 }, // U+1EB5
    { 0x1EB6, 9 }, // U+1EB6
    { 0x1EB7, 20 }, // U+1EB7
    { 0x1EB9, 21 }, // U+1EB9
    { 0x1EBB, 21 }, // U+1EBB
    { 0x1EBD, 21 }, // U+1EBD
    { 0x1EBF, 21 }, // U+1EBF
    { 0x1EC1, 21 }, // U+1EC1
    { 0x1EC3, 21 }, // U+1EC3
    { 0x1EC5, 21 }, // U+1EC5
    { 0x1EC7, 21 }, // U+1EC7
    { 0x1ECC, 10 }, // U+1ECC
    { 0x1ECD, 21 }, // U+1ECD
    { 0x1ECE, 10 }, // U+1ECE
    { 0x1ECF, 21 }, // U+1ECF
    { 0x1ED0, 10 }, // U+1ED0
    { 0x1ED1, 21 }, // U+1ED1
    { 0x1ED2, 10 }, // U+1ED2
    { 0x1ED3, 21 }, // U+1ED3
    { 0x1ED4, 10 }, // U+1ED4
    { 0x1ED5, 21 }, // U+1ED5
    { 0x1ED6, 10 }, // U+1ED6
    { 0x1ED7, 21 }, // U+1ED7
    { 0x1ED8, 10 }, // U+1ED8
    { 0x1ED9, 21 }, // U+1ED9
    { 0x1EDA, 10 }, // U+1EDA
    { 0x1EDB, 21 }, // U+1EDB
    { 0x1EDC, 10 }, // U+1EDC
    { 0x1EDD, 21 }, // U+1EDD
    { 0x1EDE, 10 }, // U+1EDE
    { 0x1EDF, 21 }, // U+1EDF
    { 0x1EE0, 10 }, // U+1EE0
    { 0x1EE1, 21 }, // U+1EE1
    { 0x1EE2, 10 }, // U+1EE2
    { 0x1EE3, 21 }, // U+1EE3
    { 0x1EE4, 15 }, // U+1EE4
    { 0x1EE5, 25 }, // U+1EE5
    { 0x1EE6, 15 }, // U+1EE6
    { 0x1EE7, 25 }, // U+1EE7
    { 0x1EE8, 15 }, // U+1EE8
    { 0x1EE9, 25 }, // U+1EE9
    { 0x1EEA, 15 }, // U+1EEA
    { 0x1EEB, 25 }, // U+1EEB
    { 0x1EEC, 15 }, // U+1EEC
    { 0x1EED, 25 }, // U+1EED
    { 0x1EEE, 15 }, // U+1EEE
    { 0x1EEF, 25 }, // U+1EEF
    { 0x1EF0, 15 }, // U+1EF0
    { 0x1EF1, 25 }, // U+1EF1
    { 0x1EF2, 18 }, // U+1EF2
    { 0x1EF3, 28 }, // U+1EF3
    { 0x1EF4, 18 }, // U+1EF4
    { 0x1EF5, 28 }, // U+1EF5
    { 0x1EF6, 18 }, // U+1EF6
    { 0x1EF7, 28 }, // U+1EF7
    { 0x1EF8, 18 }, // U+1EF8
    { 0x1EF9, 28 }, // U+1EF9
    { 0x2013, 6 }, // U+2013
    { 0x2014, 6 }, // U+2014
    { 0x2015, 6 }, // U+2015
    { 0x2018, 81 }, // U+2018
    { 0x2019, 2 }, // U+2019
    { 0x201A, 5 }, // U+201A
    { 0x201C, 81 }, // U+201C
    { 0x201D, 2 }, // U+201D
    { 0x201E, 5 }, // U+201E
    { 0x2026, 5 }, // U+2026
    { 0x2039, 30 }, // U+2039
    { 0x203A, 31 }, // U+203A
    { 0x207E, 82 }, // U+207E
    { 0x208E, 83 }, // U+208E
    { 0xFB00, 22 }, // U+FB00
};

static const int8_t notosans_18_italicKernMatrix[] = {
       0,    0,    0,    0,    0,    0,    0,    0,    0,    0,    0,    0,    0,    0,    0,    0,    0,    0,    0,    0,    0,    0,    0,    0,    0,    0,    0,    0,    0,    0,    0,    0,    0,    0,    0,    0,    0,    0,    0,    0,    0,    0,    0,    0,    0,    0,    0,    0,    0,    0,    0,    0,    0,    0,    0,    0,    0,    0,    0,    0,    0,    0,    0,    0,    0,    0,    0,    0,    0,    0,  -12,  -12,    0,    0,    0,    0,    0,    0,    0,    0,    0,    0,    0,
       0,    0,    0,    0,    0,    0,    0,    0,  -42,    0,    0,    0,    0,   12,    0,   12,    0,    6,    0,  -24,  -36,    0,  -18,    0,  -18,  -18,    0,    0,    0,    0,    0,    0,    0,   42,   12,    0,   18,    0,  -30,   18,  -42,  -36,   18,   24,    0,   12,    0,    0,    0,    6,    0,    0,    0,    0,  -18,   12,    0,    0,    0,    0,   24,    0,   24,    0,   12,    0,    0,    0,   -6,  -42,    0,  -36,    0,    0,    0,    0,    0,  -36,  -12,    0,    0,    0,    0,
       0,    0,    0,    0,    0,    0,    0,    0,    0,    0,    0,    0,    0,  -36,    0,  -24,    0,  -36,    0,    0,    0,    0,    0,    0,    0,    0,    0,    0,    0,    0,    0,    0,    0,    0,    0,    0,    0,    0,    0,    0,    0,    0,    0,    0,    0,    0,    0,    0,    0,    0,    0,    0,    0,    0,    0,    0,    0,    0,    0,    0,    0,    0,    0,    0,    0,    0,    0,    0,    0,    0,    0,    0,    0,    0,    0,    0,    0,    0,    0,    0,    0,    0,    0,
       0,    0,    0,    0,    0,    0,    0,    0,    0,    0,    0,   54,    0,    0,    0,    0,    0,    0,    0,    0,    0,   24,    0,   24,    0,    0,    0,    0,    0,    0,    0,    0,    0,    0,   18,    0,    0,   66,   -6,    0,    0,   24,   12,   18,  -12,    0,    0,    0,    0,    0,    0,    0,    0,    0,    0,   18,    0,    0,    0,    0,   24,    0,   18,   54,   18,    0,    0,    0,    0,    0,    0,    0,    0,    0,    0,    0,    0,    0,    0,    0,    0,    0,    0,
       0,    0,    0,    0,    0,    0,    0,    0,    0,  -30,    0,    0,    0,  -42,  -12,  -36,    0,  -36,    0,    0,    0,    0,    0,    0,    0,    0,    0,    0,    0,    0,    0,    0,    0,    0,  -36,    0,    0,    0,    0,    0,    0,    0,    0,    0,  -24,  -48,    0,    0,    0,    0,    0,    0,    0,    0,    0,    0,    0,  -36,  -30,    0,    0,    0,    0,    0,    0,  -36,    0,    0,    0,    0,  -30,    0,  -42,  -36,    0,  -36,    0,    0,    0,    0,    0,    0,    0,
       0,    0,    0,    0,    0,    0,    0,    0,    0,    0,    0,    0,    0,  -24,    0,    0,    0,    0,    0,    0,    0,    0,    0,    0,    0,    0,    0,    0,    0,    0,    0,    0,    0,    0,  -24,    0,    0,    0,    0,  -12,    0,   -6,  -12,    0,    0,  -30,    0,    0,    0,    0,    0,    0,    0,    0,   -6,   -6,   -6,  -12,  -12,    0,    0,    0,    0,    0,   -6,    0,    0,    0,    0,    0,    0,    0,  -24,    0,    0,    0,    0,    0,    0,    0,    0,    0,    0,
       0,  -42,    0,    0,    0,    0,    0,    0,    0,  -12,    0,   45,    0,  -30,    0,   -6,    0,  -18,    0,    0,    0,    0,    0,    0,    0,    0,    0,    0,    0,    0,    0,    0,    0,    0,    0,    0,    0,    0,    0,    0,    0,    0,    0,    0,    0,    0,    0,    0,    0,    0,    0,    0,    0,    0,    0,    0,    0,    0,    0,    0,    0,    0,    0,    0,    0,    0,    0,    0,    0,    0,    0,    0,    0,    0,    0,    0,    0,    0,    0,    0,    0,    0,    0,
       0,    0,    0,    0,  -12,    0,    0,    0,    0,    0,    0,    0,    0,    0,    0,    0,    0,    0,    0,    0,    0,    0,    0,    0,    0,    0,    0,    0,    0,    0,    0,    0,    0,    0,    0,    0,    0,    0,    0,    0,    0,    0,    0,    0,    0,    0,    0,    0,    0,    0,    0,    0,    0,    0,    0,    0,    0,    0,    0,    0,    0,    0,    0,    0,    0,    0,    0,    0,    0,    0,    0,    0,    0,    0,    0,    0,    0,    0,    0,    0,    0,    0,    0,
       0,    0,   -6,    0,    0,    0,    0,    0,    0,  -12,    0,    0,    0,    0,    0,    0,    0,    0,    0,    0,    0,    0,    0,    0,    0,    0,    0,    0,    0,  -12,    0,    0,    0,    0,    0,    0,    0,    0,    0,    0,    0,    0,    0,    0,    0,    0,    0,    0,    0,    0,    0,    0,    0,    0,    0,    0,    0,    0,    0,    0,    0,    0,    0,    0,    0,    0,    0,    0,    0,    0,    0,    0,    0,    0,    0,    0,    0,    0,    0,    0,    0,    0,    0,
       0,    0,    0,    0,  -24,    0,    0,    0,  -12,    0,    0,    0,    0,  -18,    0,   -6,  -12,   -6,   -6,    0,    0,    0,    0,    0,    0,    0,    0,    0,    0,    0,    0,    0,    0,    0,    0,    0,   -6,    0,    0,    0,    0,    0,    0,    0,    0,    0,    0,    0,    0,    0,    0,    0,    0,    0,    0,    0,    0,    0,    0,    0,    0,    0,    0,    0,    0,    0,    0,    0,    0,    0,    0,    0,    0,    0,    0,    0,    0,    0,    0,    0,    0,    0,    0,
       0,    0,    0,    0,    0,    0,    0,    0,    0,    0,    0,   36,    0,    0,    0,    0,    0,    0,    0,    0,    0,    0,    0,    0,    0,    0,    0,    0,    0,    0,    0,    0,    0,    0,    0,    0,    0,    0,    0,    0,    0,    0,    0,    0,    0,    0,    0,    0,    0,    0,    0,    0,    0,    0,    0,    0,    0,    0,    0,    0,    0,    0,    0,    0,    0,    0,    0,    0,    0,    0,    0,    0,    0,    0,    0,    0,    0,    0,    0,    0,    0,    0,    0,
       0,    0,    0,    0,  -36,    0,    0,   12,  -12,    0,    0,    0,    0,    0,    0,    0,    0,    0,    0,    0,    0,    0,    0,    0,    0,    0,    0,    0,    0,    0,    0,    0,    0,    0,    0,    0,    0,    0,    0,    0,    0,    0,    0,    0,    0,    0,    0,    0,    0,    0,    0,    0,    0,    0,    0,    0,    0,    0,    0,    0,    0,    0,    0,    0,    0,    0,    0,    0,    0,    0,    0,    0,    0,    0,    0,    0,    0,    0,    0,    0,    0,    0,    0,
       0,    0,    0,    0,    0,    0,    0,    0,    0,  -12,    0,    0,    0,    0,    0,    0,    0,    0,    0,    0,    0,    0,    0,    0,    0,    0,    0,    0,    0,  -12,    0,    0,    0,    0,    0,    0,    0,    0,    0,    0,    0,    0,    0,    0,    0,    0,    0,    0,    0,    0,    0,    0,    0,    0,    0,    0,    0,    0,    0,    0,    0,    0,    0,    0,    0,    0,    0,    0,    0,    0,    0,    0,    0,    0,    0,    0,    0,    0,    0,    0,    0,    0,    0,
       0,  -48,    0,    0,    0,    0,    0,    0,    0,  -12,    0,    0,    0,  -24,   -6,  -12,    0,  -24,    0,    0,    0,    0,    0,    0,    0,    0,    0,    0,    0,  -24,    0,    0,    0,    0,    0,    0,    0,    0,    0,    0,    0,    0,    0,    0,    0,    0,    0,    0,    0,    0,    0,    0,    0,    0,    0,    0,    0,    0,    0,    0,    0,    0,    0,    0,    0,    0,    0,    0,    0,    0,    0,    0,    0,    0,    0,    0,    0,    0,    0,    0,    0,    0,    0,
       0,    0,  -12,    0,  -78,    0,    0,    0,  -30,    0,    0,    0,    0,    0,    0,    0,  -12,    0,   -6,    0,    0,    0,    0,    0,    0,    0,    0,    0,    0,   -6,    0,    0,    0,    0,    0,    0,    0,    0,    0,    0,    0,    0,    0,    0,    0,    0,    0,    0,    0,    0,    0,    0,    0,    0,    0,    0,    0,    0,    0,    0,    0,    0,    0,    0,    0,    0,    0,    0,    0,    0,    0,    0,    0,    0,    0,    0,    0,    0,    0,    0,    0,    0,    0,
       0,    0,    0,    0,    0,    0,    0,    0,    0,    0,    0,    0,    0,    0,    0,    0,    0,    0,    0,    0,    0,    0,    0,    0,    0,    0,    0,    0,    0,   -6,    0,    0,    0,    0,    0,    0,    0,    0,    0,    0,    0,    0,    0,    0,    0,    0,    0,    0,    0,    0,    0,    0,    0,    0,    0,    0,    0,    0,    0,    0,    0,    0,    0,    0,    0,    0,    0,    0,    0,    0,    0,    0,    0,    0,    0,    0,    0,    0,    0,    0,    0,    0,    0,
       0,    0,  -12,    0,  -36,  -24,    0,   12,  -30,  -12,    0,    0,    0,    6,    0,    0,    0,    0,    0,  -48,  -42,    0,  -42,    0,  -30,  -36,    0,  -12,  -24,  -36,  -24,    0,    0,    0,    0,    0,    0,    0,    0,    0,    0,    0,    0,    0,    0,    0,    0,    0,    0,    0,    0,    0,    0,    0,    0,    0,    0,    0,    0,    0,    0,    0,    0,    0,    0,    0,    0,    0,    0,    0,    0,    0,    0,    0,    0,    0,    0,    0,    0,    0,    0,    0,    0,
       0,    0,    0,    0,  -12,    0,    0,    0,   -6,    0,    0,    0,    0,    0,    0,    0,    0,    0,    0,    0,    0,    0,    0,    0,    0,    0,    0,    0,    0,    0,    0,    0,    0,    0,    0,    0,    0,    0,    0,    0,    0,    0,    0,    0,    0,    0,    0,    0,    0,    0,    0,    0,    0,    0,    0,    0,    0,    0,    0,    0,    0,    0,    0,    0,    0,    0,    0,    0,    0,    0,    0,    0,    0,    0,    0,    0,    0,    0,    0,    0,    0,    0,    0,
       0,    0,   -6,    0,  -30,    0,    0,   12,   -6,   -6,    0,    0,    0,    0,    0,    0,    0,    0,    0,  -12,  -12,    0,   -6,    0,   -6,   -6,    0,    0,    0,  -24,  -12,    0,    0,    0,    0,    0,    0,    0,    0,    0,    0,    0,    0,    0,    0,    0,    0,    0,    0,    0,    0,    0,    0,    0,    0,    0,    0,    0,    0,    0,    0,    0,    0,    0,    0,    0,    0,    0,    0,    0,    0,    0,    0,    0,    0,    0,    0,    0,    0,    0,    0,    0,    0,
       0,    0,  -18,    0,  -36,    0,    0,   12,  -18,  -12,    0,    0,    0,    0,    0,    0,    0,    0,    0,  -30,  -30,    0,  -12,    0,  -18,  -24,    0,    0,  -12,  -24,  -24,  -12,    0,    0,    0,    0,    0,    0,    0,    0,    0,    0,    0,    0,    0,    0,    0,    0,    0,    0,    0,    0,    0,    0,    0,    0,    0,    0,    0,    0,    0,    0,    0,    0,    0,    0,    0,    0,    0,    0,    0,    0,    0,    0,    0,    0,    0,    0,    0,    0,    0,    0,    0,
       0,    0,  -12,    0,    0,    0,    0,    0,    0,   -6,    0,    0,    0,    0,    0,    0,    0,    0,    0,    0,    0,    0,    0,    0,    0,    0,    0,    0,    0,   -6,    0,    0,    0,    0,    0,    0,    0,    0,    0,    0,    0,    0,    0,    0,    0,    0,    0,    0,    0,    0,    0,    0,    0,    0,    0,    0,    0,    0,    0,    0,    0,    0,    0,    0,    0,    0,    0,    0,    0,    0,    0,    0,    0,    0,    0,    0,    0,    0,    0,    0,    0,    0,    0,
       0,    0,    0,    0,    0,    0,    0,    0,    0,    0,    0,   54,    0,    0,    0,    0,    0,    0,    0,    0,    0,    0,    0,    0,    0,    0,    0,    0,    0,    0,    0,    0,    0,    0,    0,    0,    0,    0,    0,    0,    0,    0,    0,    0,    0,    0,    0,    0,    0,    0,    0,    0,    0,    0,    0,    0,    0,    0,    0,    0,    0,    0,    0,    0,    0,    0,    0,    0,    0,    0,    0,    0,    0,    0,    0,    0,    0,    0,    0,    0,    0,    0,    0,
       0,   -6,    0,    0,    0,    0,    0,    0,    0,    0,    0,    0,    0,    0,    0,    0,    0,    0,    0,    0,    0,    0,    0,    0,    0,    0,    0,    0,    0,    0,    0,    0,    0,    0,    0,    0,    0,    0,    0,    0,    0,    0,    0,    0,    0,    0,    0,    0,    0,    0,    0,    0,    0,    0,    0,    0,    0,    0,    0,    0,    0,    0,    0,    0,    0,    0,    0,    0,    0,    0,    0,    0,    0,    0,    0,    0,    0,    0,    0,    0,    0,    0,    0,
       0,   -6,    0,    0,    0,    0,    0,    0,    0,    0,    0,    0,    0,    0,    0,    0,    0,    0,    0,    0,    0,    0,    0,    0,    0,    0,    0,  -12,   -6,    0,    0,    0,    0,    0,    0,    0,    0,    0,    0,    0,    0,    0,    0,    0,    0,    0,    0,    0,    0,    0,    0,    0,    0,    0,    0,    0,    0,    0,    0,    0,    0,    0,    0,    0,    0,    0,    0,    0,    0,    0,    0,    0,    0,    0,    0,    0,    0,    0,    0,    0,    0,    0,    0,
       0,   12,    0,    0,    0,    0,    0,    0,    0,    0,    0,    0,    0,    0,    0,    0,    0,    0,    0,    0,    0,    0,    0,    0,    0,    0,    0,    0,    0,    0,    0,    0,    0,    0,    0,    0,    0,    0,    0,    0,    0,    0,    0,    0,    0,    0,    0,    0,    0,    0,    0,    0,    0,    0,    0,    0,    0,    0,    0,    0,    0,    0,    0,    0,    0,    0,    0,    0,    0,    0,    0,    0,    0,    0,    0,    0,    0,    0,    0,    0,    0,    0,    0,
       0,   36,    0,   24,    0,    0,    0,    0,    0,    0,    0,    0,    0,    0,    0,    0,    0,    0,    0,    0,    0,    0,    0,    0,    0,    0,    0,    0,    0,    0,    0,    0,    0,    0,    0,    0,    0,    0,    0,    0,    0,    0,    0,    0,    0,    0,    0,    0,    0,    0,    0,    0,    0,    0,    0,    0,    0,    0,    0,    0,    0,    0,    0,    0,    0,    0,    0,    0,    0,    0,    0,    0,    0,    0,    0,    0,    0,    0,    0,    0,    0,    0,    0,
       0,    0,    0,    0,    0,    0,    0,    0,    0,    0,    0,    0,    0,    0,    0,    0,    0,    0,    0,    0,  -12,    0,    0,    0,    0,    0,    0,    0,    0,    0,    0,    0,    0,    0,    0,    0,    0,    0,    0,    0,    0,    0,    0,    0,    0,    0,    0,    0,    0,    0,    0,    0,    0,    0,    0,    0,    0,    0,    0,    0,    0,    0,    0,    0,    0,    0,    0,    0,    0,    0,    0,    0,    0,    0,    0,    0,    0,    0,    0,    0,    0,    0,    0,
       0,   24,    0,    0,  -72,    0,    0,    0,    0,    0,    0,    0,    0,    0,    0,    0,    0,    0,    0,  -12,  -12,    0,   -6,    0,    0,    0,    0,    0,    0,    0,    0,    0,    0,    0,    0,    0,    0,    0,    0,    0,    0,    0,    0,    0,    0,    0,    0,    0,    0,    0,    0,    0,    0,    0,    0,    0,    0,    0,    0,    0,    0,    0,    0,    0,    0,    0,    0,    0,    0,    0,    0,    0,    0,    0,    0,    0,    0,    0,    0,    0,    0,    0,    0,
       0,   12,    0,   12,    0,    0,    0,    0,    0,    0,    0,    0,    0,    0,    0,    0,    0,    0,    0,    0,    0,    0,    0,    0,    0,    0,    0,    0,    0,    0,    0,    0,    0,    0,    0,    0,    0,    0,    0,    0,    0,    0,    0,    0,    0,    0,    0,    0,    0,    0,    0,    0,    0,    0,    0,    0,    0,    0,    0,    0,    0,    0,    0,    0,    0,    0,    0,    0,    0,    0,    0,    0,    0,    0,    0,    0,    0,    0,    0,    0,    0,    0,    0,
       0,   24,    0,    0,  -24,    0,    0,   12,    0,    0,    0,    0,    0,    0,    0,    0,    0,    0,    0,    0,    0,    0,    0,    0,    0,    0,    0,    0,    0,    0,    0,    0,    0,    0,    0,    0,    0,    0,    0,    0,    0,    0,    0,    0,    0,    0,    0,    0,    0,    0,    0,    0,    0,    0,    0,    0,    0,    0,    0,    0,    0,    0,    0,    0,    0,    0,    0,    0,    0,    0,    0,    0,    0,    0,    0,    0,    0,    0,    0,    0,    0,    0,    0,
       0,    0,    0,    0,    0,    0,    0,    0,    0,    0,    0,   36,    0,  -12,    0,    0,    0,   -6,    0,    0,    0,    0,    0,    0,    0,    0,    0,    0,    0,    0,    0,    0,    0,    0,    0,    0,    0,    0,    0,    0,    0,    0,    0,    0,    0,    0,    0,    0,    0,    0,    0,    0,    0,    0,    0,    0,    0,    0,    0,    0,    0,    0,    0,    0,    0,    0,    0,    0,    0,    0,    0,    0,    0,    0,    0,    0,    0,    0,    0,    0,    0,    0,    0,
       0,    0,    0,    0,    0,    0,    0,    0,    0,    0,    0,    0,    0,  -24,    0,  -12,    0,  -24,    0,    0,    0,    0,    0,    0,    0,    0,    0,    0,    0,    0,    0,    0,    0,    0,  -24,    0,    0,    0,    0,   -6,    0,    0,    0,    0,    0,  -12,    0,    0,    0,    0,    0,    0,    0,    0,    0,    0,    0,    0,    0,    0,    0,    0,    0,    0,    0,    0,    0,    0,    0,    0,    0,    0,  -18,    0,    0,    0,    0,    0,    0,    0,    0,    0,    0,
       0,    0,    0,    0,    0,    0,    0,    0,    0,    0,    0,    0,    0,  -36,    0,  -24,    0,  -24,    0,    0,    0,    0,    0,    0,    0,    0,    0,    0,    0,    0,    0,    0,    0,    0,  -36,    0,    0,    0,    0,  -12,    0,    0,  -12,    0,    0,  -36,    0,    0,    0,    0,    0,    0,    0,    0,    0,    0,    0,    0,    0,    0,    0,    0,    0,    0,    0,    0,    0,    0,    0,    0,    0,    0,  -24,    0,    0,    0,    0,    0,    0,    0,    0,    0,    0,
       0,    0,    0,    0,    0,    0,    0,    0,    0,    0,    0,   60,    0,  -30,    0,   -6,    0,  -18,    0,    0,    0,    0,    0,    0,    0,    0,    0,    0,    0,    0,    0,    0,    0,    0,    0,    0,    0,    0,    0,    0,    0,    0,    0,    0,    0,    0,    0,    0,    0,    0,    0,    0,    0,    0,    0,    0,    0,    0,    0,    0,    0,    0,    0,    0,    0,    0,    0,    0,    0,    0,    0,    0,    0,    0,    0,    0,    0,    0,    0,    0,    0,    0,    0,
       0,    0,    0,   24,    0,    0,    0,    0,    0,    0,    0,    0,    0,    0,    0,    0,    0,    0,    0,    0,    0,    0,    0,    0,    0,    0,    0,    0,    0,    0,    0,    0,    0,    0,    0,    0,    0,    0,    0,    0,    0,    0,    0,    0,    0,    0,    0,    0,    0,    0,    0,    0,    0,    0,    0,    0,    0,    0,    0,    0,    0,    0,    0,    0,    0,    0,    0,    0,    0,    0,    0,    0,    0,    0,    0,    0,    0,    0,    0,    0,    0,    0,    0,
      36,   42,    0,   50,    0,    0,    0,   48,    0,    0,    0,    0,    0,    0,    0,    0,    0,    0,    0,    0,    0,    0,    0,    0,    0,    0,    0,    0,    0,    0,    0,    0,   42,    0,    0,    0,    0,    0,    0,    0,    0,    0,    0,    0,    0,    0,    0,    0,    0,    0,    0,    0,    0,    0,    0,    0,    0,    0,    0,    0,    0,    0,    0,    0,    0,    0,    0,    0,    0,    0,    0,    0,    0,    0,    0,    0,    0,    0,    0,    0,   24,    0,    0,
       0,    0,    0,   24,    0,    0,    0,    0,    0,    0,    0,    0,    0,    0,    0,    0,    0,    0,    0,    0,    0,    0,    0,    0,    0,    0,    0,    0,    0,    0,    0,    0,    0,   66,    0,    0,    0,    0,    0,    0,    0,    0,    0,    0,    0,    0,    0,    0,    0,    0,    0,    0,    0,    0,    0,    0,    0,    0,    0,    0,    0,    0,    0,    0,    0,    0,    0,    0,    0,    0,    0,    0,    0,    0,    0,    0,    0,    0,    0,    0,    0,    0,    0,
       0,    0,    0,    0,    0,    0,    0,    0,    0,    0,    0,   30,    0,    0,    0,    0,    0,    0,    0,    0,    0,    0,    0,    0,    0,    0,    0,    0,    0,    0,    0,    0,    0,    0,    0,    0,    0,    0,    0,    0,    0,    0,    0,    0,    0,    0,    0,    0,    0,    0,    0,    0,    0,    0,    0,    0,    0,    0,    0,    0,    0,    0,    0,    0,    0,    0,    0,    0,    0,    0,    0,    0,    0,    0,    0,    0,    0,    0,    0,    0,    0,    0,    0,
       0,   24,    0,   36,    0,    0,    0,   12,    0,    0,    0,    0,    0,    0,    0,    0,    0,    0,    0,    0,    0,    0,    0,    0,    0,    0,    0,    0,    0,    0,    0,    0,    0,    0,    0,    0,    0,    0,    0,    0,    0,    0,    0,    0,    0,    0,    0,    0,    0,    0,    0,    0,    0,    0,    0,    0,    0,    0,    0,    0,    0,    0,    0,    0,    0,    0,    0,    0,    0,    0,    0,    0,    0,    0,    0,    0,    0,    0,    0,    0,    0,    0,    0,
       0,    0,    0,    0,    0,    0,    0,   18,    0,    0,    0,    0,   12,   18,    0,   24,   18,   36,    0,    0,   12,    0,    0,    0,    0,    0,    0,    0,    0,    0,    0,    0,    0,    0,    0,    0,    0,    0,    0,    0,    0,    0,    0,    0,    0,    0,    0,    0,    0,    0,    0,    0,    0,    0,    0,    0,    0,    0,    0,    0,    0,    0,    0,    0,    0,    0,    0,    0,    0,    0,    0,    0,    0,    0,    0,    0,    0,    0,    0,    0,    0,    0,    0,
       0,   12,    0,    0,    0,    0,    0,    0,    0,    0,    0,    0,    0,    0,    0,    0,    0,    0,    0,    0,    0,   24,    0,    0,    0,   12,   24,   30,    0,    0,    0,    0,    0,    0,    0,    0,    0,    0,    0,    0,    0,    0,    0,    0,    0,    0,    0,    0,    0,    0,    0,    0,    0,    0,    0,    0,    0,    0,    0,    0,    0,    0,    0,    0,    0,    0,    0,    0,    0,    0,    0,    0,    0,    0,    0,    0,    0,    0,    0,    0,   36,    0,    0,
       0,   12,    0,    0,  -24,    0,    0,   30,  -12,    0,   18,    0,   12,   42,    0,   48,   36,   48,    0,  -12,    6,    0,    0,    0,   -6,    0,    0,    0,    0,    0,    0,    0,    0,    0,    0,    0,    0,    0,    0,    0,    0,    0,    0,    0,    0,    0,    0,    0,    0,    0,    0,    0,    0,    0,    0,    0,    0,    0,    0,    0,    0,    0,    0,    0,    0,    0,    0,    0,    0,    0,    0,    0,    0,    0,    0,    0,    0,    0,    0,    0,   12,    0,    0,
       0,   12,    0,    0,   -6,    0,    0,   12,    0,    0,    0,    0,    0,    0,    0,    0,    0,    0,    0,    0,    0,   30,    0,    0,    0,   12,   30,   30,    0,    0,    0,    0,    0,    0,    0,    0,    0,    0,    0,    0,    0,    0,    0,    0,    0,    0,    0,    0,    0,    0,    0,    0,    0,    0,    0,    0,    0,    0,    0,    0,    0,    0,    0,    0,    0,    0,    0,    0,    0,    0,    0,    0,    0,    0,    0,    0,    0,    0,    0,    0,   30,    0,    0,
       0,  -48,    0,   -6,  -12,    0,    0,    0,    0,    0,    0,    0,    0,    0,    0,    0,    0,    0,    0,    0,    0,    0,    0,    0,    0,    0,    0,    0,    0,    0,    0,    0,    0,    0,  -42,   -6,    0,    0,    0,  -12,    0,    0,   -6,    0,   -6,  -48,   -6,    0,    0,    0,    0,   -6,    0,    0,    0,  -18,    0,  -18,  -36,    0,    0,    0,    0,    0,  -18,    0,    0,    0,    0,    0,    0,    0,    0,    0,    0,    0,    0,    0,    0,    0,  -42,    0,    0,
       0,    0,    0,   18,  -36,  -24,  -12,    0,    0,    0,    0,    0,    0,    0,    0,    0,    0,    0,    0,    0,    0,    0,    0,    0,    0,    0,    0,    0,    0,    0,  -24,    0,    0,    0,    6,  -12,    0,    0,  -36,    0,  -30,  -36,    0,    6,  -21,    0,   -6,  -42,    0,  -18,  -60,  -18,  -18,  -18,  -42,  -12,  -18,  -30,  -12,  -18,   30,  -18,   12,    0,  -24,    0,    0,    0,    0,    0,    0,    0,    0,    0,    0,    0,    0,    0,    0,    0,    0,    0,    0,
       0,    0,    0,    0,    0,    0,    0,    0,    0,    0,    0,    0,    0,    0,    0,    0,    0,    0,    0,    0,    0,    0,    0,    0,    0,    0,    0,    0,    0,  -12,    0,    0,    0,    0,    0,   -6,    0,   12,    0,    0,    0,    0,    0,    0,  -12,   -6,    0,   -6,    0,    0,   -6,    0,    0,    0,    0,    0,    0,  -12,    0,    0,    0,    0,    0,    0,    0,    0,    0,    0,    0,    0,  -12,    0,    0,    0,    0,  -12,    0,    0,    0,    0,    0,    0,    0,
       0,    0,    0,    0,   -6,    0,    0,    0,    0,    0,    0,    0,    0,    0,    0,    0,    0,    0,    0,    0,    0,    0,    0,    0,    0,    0,    0,    0,    0,    0,    0,    0,    0,    0,    0,    0,    0,    0,    0,    0,    0,    0,    0,    0,   -6,  -12,    0,    0,    0,    0,    0,    0,    0,    0,    0,    0,    0,   -9,    0,    0,    0,    0,    0,    0,    0,    0,    0,    0,    0,    0,    0,    0,    0,    0,    0,    0,    0,    0,    0,    0,   -6,    0,    0,
       0,    0,    0,    0,    0,    0,    0,    0,    0,    0,    0,    0,    0,    0,    0,    0,    0,    0,    0,    0,    0,    0,    0,    0,    0,    0,    0,    0,    0,    0,    0,    0,    0,    0,    0,    0,    0,   30,    0,    0,    0,    0,    0,    0,    0,    0,    0,    0,    0,    0,    0,    0,    0,    0,    0,    0,    0,    0,    0,    0,    0,    0,    0,   18,    0,    0,    0,    0,    0,    0,    0,    0,    0,    0,    0,    0,    0,    0,    0,    0,    0,    0,    0,
       0,  -48,    0,    0,    0,    0,    0,    0,    0,    0,    0,    0,    0,    0,    0,    0,    0,    0,    0,    0,    0,    0,    0,    0,    0,    0,    0,    0,    0,    0,    0,    0,    0,    0,  -42,    0,    0,    0,    0,  -12,    0,    0,    0,    0,    0,  -48,    0,    0,    0,    0,    0,    0,    0,    0,    0,    0,    0,  -18,  -30,    0,    0,    0,    0,    0,    0,    0,    0,    0,    0,    0,    0,    0,    0,    0,    0,    0,    0,    0,    0,    0,  -30,    0,    0,
       0,    0,    0,   12,   -6,  -18,    0,    0,    0,    0,    0,    0,    0,    0,    0,    0,    0,    0,    0,    0,    0,    0,    0,    0,    0,    0,    0,    0,    0,  -12,    0,    0,    0,    0,    0,  -15,    0,   12,    0,    0,    0,    6,    0,    0,  -24,  -12,    0,   -6,    0,    0,  -12,    0,   -6,    0,    0,   -6,    0,  -18,   -6,    0,    0,    0,    6,    0,   -6,    0,    0,    0,    0,    0,  -12,    0,    0,    0,    0,  -30,    0,    0,    0,    0,    0,    0,    0,
       0,    0,    0,    0,  -48,  -12,  -12,    0,    0,    0,    0,    0,    0,    0,    0,    0,    0,    0,    0,    0,    0,    0,    0,    0,    0,    0,    0,    0,    0,  -24,  -12,    0,    0,    0,    0,  -12,    0,    0,  -48,    0,  -48,  -42,    0,    0,  -18,    0,  -18,  -18,  -12,   -6,  -36,    0,   -6,  -12,  -30,    0,    0,  -12,    0,   -6,   30,  -12,   12,    0,    0,    0,    0,    0,    0,  -24,   -6,  -12,    0,    0,    0,  -12,  -18,  -30,    0,    0,    0,    0,    0,
       0,  -42,    0,    0,    0,    0,    0,    0,    0,    0,    0,    0,    0,    0,    0,    0,    0,    0,    0,    0,    0,    0,    0,    0,    0,    0,    0,    0,    0,    0,    0,    0,    0,    0,  -36,  -24,    0,   18,   12,  -12,    0,    0,    0,    0,  -24,  -54,    0,   -6,   -6,    0,   -6,    0,   -6,    0,   12,  -18,    0,  -36,  -36,    0,    0,    0,    0,    0,  -18,  -24,    0,  -12,    0,    0,    0,    0,  -30,  -36,    0,  -30,    0,    0,    0,  -12,  -42,    0,    0,
       0,  -12,    0,    0,    0,    0,    0,    0,    0,    0,    0,    0,    0,    0,    0,    0,    0,    0,    0,    0,    0,    0,    0,    0,    0,    0,    0,    0,    0,    0,    0,    0,    0,    0,    0,   -6,    0,    0,    0,    0,   -6,    0,   -6,    0,   -6,  -12,    0,    0,    0,    0,    0,   -6,    0,    0,    0,  -18,   -6,  -18,  -24,    0,    0,    0,    0,    0,  -18,    0,    0,    0,    0,    0,    0,    0,    0,    0,    0,  -12,    0,    0,    0,    0,  -12,    0,    0,
       0,    0,    0,    0,  -12,    0,    0,    0,    0,    0,    0,    0,    0,    0,    0,    0,    0,    0,    0,    0,    0,    0,    0,    0,    0,    0,    0,    0,    0,    0,    0,    0,    0,    0,  -12,    0,   -6,    0,    0,   -6,   -6,    0,   -6,   -6,   -6,  -12,   -6,    0,    0,    0,    0,   -6,    0,    0,    0,    0,    0,   -6,    0,    0,    0,    0,    0,    0,    0,   -6,    0,    0,    0,    0,    0,    0,    0,   -6,    0,    0,    0,    0,    0,    0,    0,    0,    0,
       0,    0,    0,   24,    0,    0,    0,    0,    0,    0,    0,    0,    0,    0,    0,    0,    0,    0,    0,    0,    0,    0,    0,    0,    0,    0,    0,    0,    0,    0,    0,    0,    0,    0,   -6,   -6,    0,   72,   18,    0,    9,   18,    6,    0,   -6,  -18,    0,    0,    0,    0,    0,    0,    0,    0,   24,   18,    0,  -24,  -12,    0,    0,    0,    0,   60,   18,    0,    0,    0,    0,    0,    0,    0,    0,    0,    0,    0,    0,    0,    0,    0,    0,    0,    0,
       0,    0,    0,    0,  -24,    0,    0,    0,    0,    0,    0,    0,    0,    0,    0,    0,    0,    0,    0,    0,    0,    0,    0,    0,    0,    0,    0,    0,    0,    0,    0,    0,    0,    0,  -24,    0,    0,    0,    0,  -24,  -12,    0,  -15,   -6,    0,  -12,   -6,    0,    0,    0,    0,    0,    0,    0,    0,    0,    0,   -6,    0,    0,    0,    0,    0,    0,    0,   -6,    0,    0,    0,   -6,    0,    0,   -6,   -6,    0,    0,    0,    0,    0,    0,    0,    0,    0,
       0,    0,    0,    0,  -78,   -6,    0,    0,    0,    0,    0,    0,    0,    0,    0,    0,    0,    0,    0,    0,    0,    0,    0,    0,    0,    0,    0,    0,    0,   -6,    0,    0,    0,    0,  -12,    0,    0,    0,  -30,  -18,  -30,  -30,  -18,   -6,    0,    0,   -6,   -6,    0,    0,   -6,    0,    0,    0,  -24,    0,    0,    0,    0,    0,    0,    0,    0,    0,    0,    0,    0,    0,    0,  -30,    0,    0,    0,    0,    0,    0,    0,  -36,    0,    0,    0,    0,    0,
       0,    0,    0,  -12,  -24,    0,   -6,    0,    0,    0,    0,    0,    0,    0,    0,    0,    0,    0,    0,    0,    0,    0,    0,    0,    0,    0,    0,    0,    0,    0,    0,    0,    0,    0,  -30,    0,   -6,    0,  -12,  -36,  -12,   -9,  -24,  -12,    0,  -12,  -18,    0,    0,    0,    0,    0,    0,    0,  -12,    0,    0,    0,    0,    0,    0,    0,    0,    0,    0,   -6,    0,    0,    0,   -6,    0,    0,  -12,  -18,    0,    0,    0,  -12,    0,    0,    0,    0,    0,
       0,    0,    0,    0,    0,    0,    0,    0,    0,    0,    0,    0,    0,    0,    0,    0,    0,    0,    0,    0,    0,    0,    0,    0,    0,    0,    0,    0,    0,    0,    0,    0,    0,    0,  -18,    0,    0,    0,    0,    0,    0,    0,    0,    0,    0,    0,    0,    0,    0,    0,    0,    0,    0,    0,    0,    0,    0,    0,    0,    0,    0,    0,    0,    0,    0,    0,    0,    0,    0,    0,    0,    0,    0,    0,    0,    0,    0,    0,    0,    0,    0,    0,    0,
       0,   -6,    0,    0,  -12,    0,    0,    0,    0,    0,    0,    0,    0,    0,    0,    0,    0,    0,    0,    0,    0,    0,    0,    0,    0,    0,    0,    0,    0,    0,    0,    0,    0,    0,  -66,    0,    0,    0,    0,  -18,    0,    0,   -6,    0,    0,  -18,    0,    0,    0,   -6,    0,  -12,    0,    0,    0,  -24,  -12,  -12,  -12,   -6,    0,   -6,    0,    0,  -24,    0,    0,    0,    0,    0,    0,    0,    0,    0,    0,    0,    0,    0,    0,    0,  -12,    0,    0,
       0,    0,    0,    0,  -12,    0,    0,    0,    0,    0,    0,    0,    0,    0,    0,    0,    0,    0,    0,    0,    0,    0,    0,    0,    0,    0,    0,    0,    0,    0,    0,    0,    0,    0,  -36,    0,    0,    0,    0,    0,    0,    0,    0,    0,    0,   -6,    0,    0,    0,   -6,    0,   -6,    0,    0,    0,  -18,    0,  -12,   -6,    0,    0,    0,    0,    0,  -18,    0,    0,    0,    0,    0,    0,    0,    0,    0,    0,    0,    0,    0,    0,    0,    0,    0,    0,
       0,   -6,    0,    0,    0,    0,    0,    0,    0,    0,    0,    0,    0,    0,    0,    0,    0,    0,    0,    0,    0,    0,    0,    0,    0,    0,    0,    0,    0,    0,    0,    0,    0,    0,  -30,    0,    0,    0,    0,    0,    0,    0,    0,    0,    0,   -6,    0,   -6,    0,    0,   -6,    0,    0,    0,    0,  -12,    0,   -6,    0,    0,    0,    0,    0,    0,  -12,    0,    0,    0,    0,    0,    0,    0,    0,    0,    0,    0,    0,    0,    0,    0,    0,    0,    0,
       0,   -6,    0,    0,  -12,    0,    0,    0,    0,    0,    0,    0,    0,    0,    0,    0,    0,    0,    0,    0,    0,    0,    0,    0,    0,    0,    0,    0,    0,    0,    0,    0,    0,    0,  -12,    0,    0,    0,    0,    0,    0,    0,   -6,    0,    0,    0,    0,    0,    0,    0,    0,    0,    0,    0,    0,    0,   -6,    0,    0,    0,    0,    0,    0,    0,    0,    0,    0,    0,    0,    0,    0,    0,    0,    0,    0,    0,    0,    0,    0,    0,    0,    0,    0,
       0,    0,    0,    0,    0,    0,    0,    0,    0,    0,    0,    0,    0,    0,    0,    0,    0,    0,    0,    0,    0,    0,    0,    0,    0,    0,    0,    0,    0,    0,    0,    0,    0,    0,  -24,    0,    0,    0,    0,    0,    0,    0,    0,    0,    0,   -6,    0,  -12,    0,    0,  -12,    0,    0,    0,    6,    0,    0,  -12,    0,    0,    0,    0,    0,    0,    0,    0,    0,    0,    0,    0,    0,  -12,    0,    0,    0,    0,  -12,    0,    0,    0,    0,    0,    0,
       0,    0,    0,    0,   -6,  -12,    0,    0,    0,    0,    0,    0,    0,    0,    0,    0,    0,    0,    0,    0,    0,    0,    0,    0,    0,    0,    0,    0,    0,    0,    0,    0,    0,    0,  -18,    0,    0,    0,    0,    0,    0,    0,    0,    0,    0,   -6,    0,  -12,   -6,    0,  -12,    0,   -9,    0,    0,    0,    0,   -6,    0,    0,    0,    0,    0,    0,    0,    0,    0,    0,    0,    0,    0,    0,    0,    0,    0,    0,    0,    0,    0,    0,    6,    0,    0,
       0,   -6,    0,    0,  -12,    0,    0,    0,    0,    0,    0,    0,    0,    0,    0,    0,    0,    0,    0,    0,    0,    0,    0,    0,    0,    0,    0,    0,    0,    0,    0,    0,    0,    0,  -42,    0,    0,    0,    0,  -18,    0,    0,   -6,    0,    0,  -18,    0,    0,    0,   -6,    0,  -12,    0,    0,    0,  -24,  -12,  -12,  -12,   -6,    0,   -6,    0,    0,  -24,    0,    0,    0,    0,    0,    0,    0,    0,    0,    0,    0,    0,    0,    0,    0,  -12,    0,    0,
       0,  -18,    0,    0,    0,    0,    0,    0,    0,    0,    0,    0,    0,    0,    0,    0,    0,    0,    0,    0,    0,    0,    0,    0,    0,    0,    0,    0,    0,    0,    0,    0,    0,    0,  -24,    0,    0,    0,    0,    0,    0,    0,   -6,    0,    0,  -12,    0,    0,    0,    0,    0,    0,    0,    0,    0,  -30,    0,  -12,  -12,    0,    0,    0,    0,    0,  -30,    0,    0,    0,    0,    0,    0,    0,    0,    0,    0,    0,    0,    0,    0,    0,  -24,    0,    0,
       0,    0,    0,    0,  -24,   -6,    0,    0,    0,    0,    0,    0,    0,    0,    0,    0,    0,    0,    0,    0,    0,    0,    0,    0,    0,    0,    0,    0,    0,    0,    0,    0,    0,    0,  -12,    0,    0,    0,  -18,    0,   -6,    0,   -6,    0,    0,    0,    0,  -18,    0,    0,  -18,    0,    0,    0,  -30,    0,    0,    0,    0,   -6,    0,    0,    0,    0,    0,    0,    0,    0,    0,  -12,    0,    0,    0,    0,    0,    0,    0,    0,    0,    0,   12,    0,    0,
       0,  -12,    0,   24,    0,    0,    0,    0,    0,    0,    0,    0,    0,    0,    0,    0,    0,    0,    0,    0,    0,    0,    0,    0,    0,    0,    0,    0,    0,    0,    0,    0,    0,    0,  -30,    0,    0,   78,   24,    0,   12,   24,   12,    0,  -12,  -24,    0,    0,    0,    0,    0,    0,   -6,    0,   12,    6,    0,  -12,  -12,    0,    0,    0,    0,   30,    6,    0,    0,    0,    0,    0,    0,    0,    0,    0,    0,    0,    0,    0,    0,    0,  -18,    0,    0,
       0,  -36,    0,    0,    0,    0,    0,    0,    0,    0,    0,    0,    0,    0,    0,    0,    0,    0,    0,    0,    0,    0,    0,    0,    0,    0,    0,    0,    0,    0,    0,    0,    0,    0,  -54,  -18,    0,    0,    6,    0,    0,    0,    0,    0,    0,  -72,    0,    0,   -6,    0,    0,   -9,   -6,    0,    0,  -36,   -3,  -42,  -42,    0,    0,    0,    0,    0,  -36,    0,  -12,    0,    0,    0,    0,    0,    0,    0,  -18,    0,  -12,    0,    0,    0,  -54,    0,    0,
       0,  -18,    0,    0,    0,    0,    0,    0,    0,    0,    0,    0,    0,    0,    0,    0,    0,    0,    0,    0,    0,    0,    0,    0,    0,    0,    0,    0,    0,    0,    0,    0,    0,    0,  -54,    0,    0,   48,    0,    0,    0,    0,    0,    0,    0,    0,    0,    0,    0,    0,    0,    0,    0,    0,    0,  -24,    0,  -12,  -12,    0,    0,    0,    0,   12,  -24,    0,    0,    0,    0,    0,    0,    0,    0,    0,    0,    0,    0,    0,    0,    0,  -24,    0,    0,
       0,    0,    0,    0,    0,    0,    0,    0,    0,    0,    0,    0,    0,    0,    0,    0,    0,    0,    0,    0,    0,    0,    0,    0,    0,    0,    0,    0,    0,    0,    0,    0,    0,    0,  -18,    0,    0,    0,    0,  -12,    0,    0,    0,    0,    0,    0,    0,   -6,    0,    0,   -6,    0,    0,    0,    0,    0,    0,  -12,    0,    0,    0,    0,    0,    0,    0,    0,    0,    0,    0,    0,    0,    0,    0,    0,    0,    0,    0,    0,    0,    0,    0,    0,    0,
       0,   24,    0,   18,    0,    0,    0,    0,    0,    0,    0,    0,    0,    0,    0,    0,    0,    0,    0,    0,    0,    0,    0,    0,    0,    0,    0,    0,    0,    0,    0,    0,    0,    0,   12,    0,    0,    0,    0,   12,    0,    0,    6,    0,    0,    0,    0,    0,    0,    0,    0,    0,    0,    0,    0,    0,    0,    0,    0,    0,   12,    0,    6,    0,    0,    0,    0,    0,    0,    0,    0,    0,    0,    0,    0,    0,    0,    0,    0,    0,   24,    0,    0,
       0,    0,    0,    0,    0,    0,    0,    0,    0,    0,    0,    0,    0,    0,    0,    0,    0,    0,    0,    0,    0,    0,    0,    0,    0,    0,    0,    0,    0,    0,    0,    0,    0,    0,    0,    0,    0,   48,    0,    0,    0,    0,    0,    0,    0,    0,    0,    0,    0,    0,    0,    0,    0,    0,    0,    0,    0,    0,    0,    0,    0,    0,    0,   18,    0,    0,    0,    0,    0,    0,    0,    0,    0,    0,    0,    0,    0,    0,    0,    0,    0,    0,    0,
       0,    0,    0,    0,  -24,   -6,    0,    0,    0,    0,    0,    0,    0,    0,    0,    0,    0,    0,    0,    0,    0,    0,    0,    0,    0,    0,    0,    0,    0,    0,    0,    0,    0,    0,  -24,    0,    0,    0,  -18,    0,   -6,    0,   -6,    0,    0,    0,    0,  -18,    0,    0,  -18,    0,    0,    0,  -30,    0,    0,    0,    0,   -6,    0,    0,    0,    0,    0,    0,    0,    0,    0,  -12,    0,    0,    0,    0,    0,    0,    0,    0,    0,    0,   12,    0,    0,
       0,    0,    0,    0,  -24,    0,    0,    0,    0,    0,    0,    0,    0,    0,    0,    0,    0,    0,    0,    0,    0,    0,    0,    0,    0,    0,    0,    0,    0,    0,    0,    0,    0,    0,    0,    0,    0,    0,    0,    0,    0,    0,    0,    0,    0,    0,    0,    0,    0,    0,    0,    0,    0,    0,    0,    0,    0,    0,    0,    0,    0,    0,    0,    0,    0,    0,    0,    0,    0,  -12,    0,    0,    0,    0,    0,    0,    0,    0,    0,    0,    0,    0,    0,
       0,  -24,    0,    0,    0,    0,    0,    0,    0,    0,    0,    0,    0,    0,    0,    0,    0,    0,    0,    0,    0,    0,    0,    0,    0,    0,    0,    0,    0,    0,    0,    0,    0,    0,  -24,    0,    0,    0,    0,    0,    0,    0,    0,    0,    0,  -36,    0,    0,    0,    0,    0,    0,    0,    0,    0,    0,    0,    0,  -12,    0,    0,    0,    0,    0,    0,  -18,    0,    0,    0,    0,    0,    0,  -30,  -18,    0,    0,    0,    0,    0,    0,    0,    0,    0,
       0,  -42,    0,    0,    0,    0,    0,    0,    0,    0,    0,    0,    0,    0,    0,    0,    0,    0,    0,    0,    0,    0,    0,    0,    0,    0,    0,    0,    0,    0,    0,    0,    0,    0,    0,    0,    0,    0,    0,    0,    0,    0,    0,    0,    0,    0,    0,    0,    0,    0,    0,    0,    0,    0,    0,  -18,    0,  -18,  -30,   18,    0,    0,    0,    0,  -18,    0,  -12,    0,   -6,    0,    0,  -12,    0,    0,  -12,    0,  -12,    0,  -12,    0,    0,    0,    0,
       0,    0,    0,    0,  -36,  -24,    0,    0,    0,    0,    0,    0,    0,    0,    0,    0,    0,    0,    0,    0,    0,    0,    0,    0,    0,    0,    0,    0,    0,  -36,  -24,    0,    0,    0,    6,    0,    0,    0,    0,    0,  -30,    0,    0,    0,  -24,    0,    0,    0,    0,  -12,    0,  -12,    0,    0,    0,  -24,    0,  -30,  -24,  -18,    0,  -36,    0,    0,  -24,    0,  -12,    0,  -30,  -36,  -12,  -42,    0,    0,  -24,  -30,  -42,  -30,    0,    0,    0,    0,    0,
       0,    0,    0,    0,  -30,  -12,    0,    0,    0,    0,    0,    0,    0,    0,    0,    0,    0,    0,    0,    0,    0,    0,    0,    0,    0,    0,    0,    0,    0,    0,    0,    0,    0,    0,    0,    0,    0,    0,    0,    0,    0,    0,    0,    0,    0,    0,    0,    0,    0,    0,    0,    0,    0,    0,    0,    0,    0,    0,    0,    0,    0,    0,    0,    0,    0,    0,    0,    0,    0,  -18,    0,   -6,    0,    0,    0,    0,    0,    0,    0,    0,    0,    0,    0,
       0,    0,    0,    0,  -30,  -12,    0,    0,    0,    0,    0,    0,    0,    0,    0,    0,    0,    0,    0,    0,    0,    0,    0,    0,    0,    0,    0,    0,    0,    0,    0,    0,    0,    0,   12,    0,    0,    0,    0,    0,  -36,    0,    0,    0,  -18,    0,    0,    0,    0,  -12,    0,  -12,    0,    0,    0,    0,    0,  -30,    0,    0,   12,  -18,    0,    0,    0,    0,    0,    0,  -18,  -30,  -12,  -24,   12,    0,    0,  -12,  -18,  -24,    0,    0,    0,    0,    0,
       0,    0,    0,    0,  -18,    0,    0,    0,    0,    0,    0,    0,    0,    0,    0,    0,    0,    0,    0,    0,    0,    0,    0,    0,    0,    0,    0,    0,    0,    0,    0,    0,    0,    0,    0,    0,    0,    0,    0,    0,    0,    0,    0,    0,    0,    0,    0,    0,    0,    0,    0,    0,    0,    0,    0,    0,    0,    0,    0,    0,    0,    0,    0,    0,    0,    0,   30,    0,    0,  -18,    0,  -12,    0,    0,    0,    0,    0,    0,    0,    0,    0,    0,    0,
       0,  -42,    0,    0,    0,    0,    0,    0,    0,    0,    0,    0,    0,    0,    0,    0,    0,    0,    0,    0,    0,    0,    0,    0,    0,    0,    0,    0,    0,    0,    0,    0,    0,    0,    0,    0,    0,    0,    0,    0,    0,    0,    0,    0,    0,    0,    0,    0,    0,    0,    0,    0,    0,    0,    0,  -12,    0,  -48,  -30,    0,    0,    0,    0,    0,  -12,    0,  -12,    0,    0,    0,    0,    0,    0,    0,  -12,    0,  -12,    0,    0,    0,    0,    0,    0,
       0,    0,    0,    0,    0,    0,    0,    0,    0,    0,    0,    0,    0,    0,    0,    0,    0,    0,    0,    0,    0,    0,    0,    0,    0,    0,    0,    0,    0,    0,    0,    0,    0,    0,    0,    0,    0,  127,    0,    0,    0,    0,    0,    0,  -18,    0,    0,    0,    0,    0,    0,    0,    0,    0,    0,    0,    0,  -24,  -12,    0,    0,    0,    0,    0,    0,    0,    0,    0,    0,    0,  -12,    0,    0,    0,    0,  -18,  -12,    0,    0,    0,    0,    0,    0,
       0,    0,    0,    0,    0,    0,    0,    0,    0,    0,    0,    0,    0,    0,    0,    0,    0,    0,    0,    0,    0,    0,    0,    0,    0,    0,    0,    0,    0,    0,    0,    0,    0,    0,    0,    0,    0,    0,    0,    0,    0,    0,    0,    0,    0,    0,    0,    0,    0,    0,    0,    0,    0,    0,    0,    0,    0,   -6,    0,    0,    0,    0,    0,    0,    0,    0,    0,    0,    0,    0,    0,   -6,    0,    0,    0,    0,    0,    0,    0,    0,    0,    0,    0,
       0,    0,    0,    0,  -36,    0,    0,    0,    0,    0,    0,    0,    0,    0,    0,    0,    0,    0,    0,    0,    0,    0,    0,    0,    0,    0,    0,    0,    0,    0,    0,    0,    0,    0,    0,    0,    0,    0,    0,    0,  -36,    0,    0,    0,  -18,    0,    0,    0,    0,  -24,    0,    0,    0,    0,    0,    0,    0,  -24,    0,  -12,   12,    0,    0,    0,    0,    0,    0,    0,  -18,  -30,  -12,  -30,    0,    0,    0,    0,  -24,  -24,  -24,   -6,    0,    0,    0,
       0,    0,    0,    0,  -24,    0,    0,    0,    0,    0,    0,    0,    0,    0,    0,    0,    0,    0,    0,    0,    0,    0,    0,    0,    0,    0,    0,    0,    0,    0,    0,    0,    0,    0,    0,    0,    0,    0,    0,    0,    0,    0,    0,    0,    0,    0,    0,    0,    0,    0,    0,    0,    0,    0,    0,    0,    0,    0,    0,    0,    0,    0,    0,    0,    0,    0,    0,    0,    0,   -6,    0,    0,    0,    0,    0,    0,    0,    0,    0,    0,    0,    0,    0,
       0,    0,    0,    0,    0,    0,    0,    0,    0,    0,    0,    0,    0,    0,    0,    0,    0,    0,    0,    0,    0,    0,    0,    0,    0,    0,    0,    0,    0,    0,    0,    0,    0,    0,  -12,    0,    0,    0,    0,    0,    0,    0,    0,    0,    0,    0,    0,    0,    0,    0,    0,    0,    0,    0,    0,    0,    0,    0,    0,    0,    0,    0,    0,    0,    0,   -6,    0,    0,    0,    0,    0,    0,    0,   -6,    0,    0,    0,    0,    0,    0,    0,    0,    0,
       0,    0,    0,    0,    0,    0,    0,    0,    0,    0,    0,    0,    0,    0,    0,    0,    0,    0,    0,    0,    0,    0,    0,    0,    0,    0,    0,    0,    0,    0,    0,    0,    0,    0,    0,    0,    0,    0,    0,    0,    0,    0,    0,    0,    0,    0,    0,    0,    0,    0,    0,    0,    0,    0,    0,    0,    0,    0,    0,    0,    0,    0,    0,    0,    0,    0,    0,    0,    0,    0,    0,    0,    0,    0,    0,    0,    0,    0,    0,    0,    0,   31,    0,
       0,    0,    0,    0,    0,    0,    0,    0,    0,    0,    0,    0,    0,    0,    0,    0,    0,    0,    0,    0,    0,    0,    0,    0,    0,    0,    0,    0,    0,    0,    0,    0,    0,    0,    0,    0,    0,    0,    0,    0,    0,    0,    0,    0,    0,    0,    0,    0,    0,    0,    0,    0,    0,    0,    0,    0,    0,    0,    0,    0,    0,    0,    0,    0,    0,    0,    0,    0,    0,    0,    0,    0,    0,    0,    0,    0,    0,    0,    0,    0,    0,    0,   30,
};

static const EpdLigaturePair notosans_18_italicLigaturePairs[] = {
    { 0x00660066, 0xFB00 }, // f f -> U+FB00
    { 0x00660069, 0xFB01 }, // f i -> U+FB01
    { 0x0066006C, 0xFB02 }, // f l -> U+FB02
    { 0xFB000069, 0xFB03 }, // U+FB00 i -> U+FB03
    { 0xFB00006C, 0xFB04 }, // U+FB00 l -> U+FB04
};

static const EpdFontData notosans_18_italic = {
    notosans_18_italicBitmaps,
    notosans_18_italicGlyphs,
    notosans_18_italicIntervals,
    18,
    51,
    41,
    -11,
    true,
    notosans_18_italicGroups,
    26,
    nullptr,
    notosans_18_italicKernLeftClasses,
    notosans_18_italicKernRightClasses,
    notosans_18_italicKernMatrix,
    471,
    471,
    90,
    83,
    notosans_18_italicLigaturePairs,
    5,
};
