/**
 * generated by fontconvert.py
 * name: notoserif_18_bold
 * size: 18
 * mode: 2-bit  compressed: true
 * Command used: fontconvert.py notoserif_18_bold 18 ../builtinFonts/source/NotoSerif/NotoSerif-Bold.ttf --2bit --compress --pnum
 */
#pragma once
#include "EpdFontData.h"

static const uint8_t notoserif_18_boldBitmaps[52496] = {
    0xC5, 0x59, 0xBF, 0x93, 0x1D, 0x47, 0x11, 0x9E, 0xDD, 0xC5, 0xB7, 0x55, 0xDA, 0x2A, 0x36, 0x41,
    0x14, 0x65, 0x01, 0x4B, 0x40, 0xCC, 0xFC, 0x03, 0x58, 0xB3, 0x90, 0x38, 0x55, 0xC0, 0x15, 0x81,
    0x03, 0x27, 0x8E, 0x9C, 0xDC, 0x3F, 0x70, 0xD2, 0x3E, 0xEC, 0x80, 0x80, 0xE4, 0x12, 0x47, 0x04,
    0x10, 0x88, 0x2A, 0x38, 0x07, 0xFA, 0x07, 0x24, 0xED, 0x62, 0x07, 0x84, 0xAC, 0x6D, 0xAA, 0x1C,
    0x38, 0x60, 0x8B, 0xD2, 0x05, 0x28, 0xF1, 0x14, 0x5A, 0x5B, 0x2B, 0x79, 0xF7, 0x35, 0xDF, 0xD7,
    0xBD, 0xEF, 0xDD, 0x49, 0x48, 0xC6, 0x14, 0x32, 0xBC, 0xBB, 0xEB, 0x9E, 0xDB, 0x9D, 0x1F, 0x3D,
    0x3D, 0xDD, 0x5F, 0x77, 0xCF, 0x0B, 0x4B, 0x58, 0xC2, 0xEC, 0xF5, 0xA7, 0x9A, 0xAA, 0xA9, 0x9C,
    0xCA, 0x11, 0x3F, 0xB1, 0x8C, 0x05, 0x7E, 0xF2, 0x98, 0x0F, 0xD9, 0x90, 0xD4, 0x0E, 0x9F, 0x83,
    0x93, 0x6A, 0x0E, 0x73, 0x58, 0xFC, 0x5C, 0x8E, 0xAE, 0x6E, 0x62, 0x18, 0xF9, 0x17, 0x22, 0x7F,
    0x7C, 0x0C, 0x83, 0x8F, 0xBE, 0xAF, 0x86, 0xAA, 0x2F, 0x87, 0xAA, 0x2B, 0xFB, 0xB2, 0xB3, 0x9F,
    0x83, 0xFA, 0xA0, 0x76, 0xE9, 0x50, 0x6C, 0x5C, 0x36, 0x94, 0x24, 0x55, 0xED, 0xF2, 0xBE, 0x72,
    0x2E, 0xEF, 0xBC, 0x73, 0x45, 0x17, 0x9C, 0x2B, 0xBB, 0xAB, 0xEE, 0xE5, 0x5B, 0xF7, 0xEF, 0xFE,
    0xDE, 0x8B, 0xC8, 0xAC, 0xC4, 0x79, 0x37, 0x3B, 0x17, 0xDC, 0xE4, 0xDC, 0x55, 0x37, 0x82, 0x24,
    0x20, 0xD7, 0xD3, 0xE8, 0xDC, 0x6D, 0x92, 0x39, 0x8B, 0x0E, 0xDD, 0x24, 0x2A, 0x79, 0xF3, 0xF1,
    0xAD, 0xFB, 0x27, 0x69, 0x2C, 0x3A, 0x97, 0xC6, 0xB2, 0x73, 0x59, 0x7C, 0xCE, 0x3A, 0xCE, 0xFD,
    0x90, 0xE4, 0x78, 0x47, 0x92, 0xBB, 0x27, 0x58, 0x43, 0xB6, 0x2E, 0x91, 0xBB, 0xB2, 0xC9, 0xE7,
    0xE3, 0xB6, 0x2B, 0xC7, 0xE3, 0xD0, 0x95, 0x91, 0x64, 0x3C, 0xFE, 0x91, 0x2B, 0x67, 0xF4, 0x2B,
    0xE5, 0x36, 0x26, 0x80, 0x4C, 0x2E, 0x13, 0x81, 0x26, 0x44, 0x20, 0x8B, 0xC7, 0x30, 0x97, 0x8A,
    0x74, 0xCE, 0x35, 0x32, 0x38, 0x77, 0x43, 0x62, 0x5E, 0x1F, 0x43, 0x11, 0x9B, 0x63, 0xE8, 0xA2,
    0x3B, 0xAE, 0x56, 0x32, 0x1C, 0x43, 0x29, 0xE3, 0x71, 0xD3, 0xE5, 0xC2, 0x11, 0x2D, 0xC7, 0x26,
    0x77, 0x9E, 0x10, 0xE3, 0x02, 0xB1, 0x4F, 0xC2, 0x4E, 0xAF, 0x70, 0x4D, 0x8C, 0xC0, 0xDA, 0xD5,
    0xD0, 0xD6, 0xD4, 0x44, 0xE8, 0x42, 0xC7, 0xDD, 0x37, 0x5D, 0xE8, 0x33, 0xF2, 0x8D, 0x1F, 0x8A,
    0x1E, 0x93, 0x82, 0x63, 0xDF, 0xE4, 0xD1, 0xD7, 0xC6, 0xB9, 0x5D, 0x3E, 0xBF, 0xB3, 0xF2, 0xD9,
    0x5D, 0xC3, 0x38, 0xFF, 0xE1, 0xE8, 0xA5, 0xC6, 0x3C, 0xEF, 0x47, 0xB9, 0x35, 0xF8, 0xBE, 0xF9,
    0xE5, 0x87, 0x4B, 0x31, 0x96, 0x9F, 0x49, 0xF9, 0xFE, 0x9C, 0xCD, 0xA9, 0x4C, 0xD5, 0xAB, 0x53,
    0x36, 0xBB, 0xCB, 0x75, 0x28, 0xA6, 0x74, 0xC1, 0xD0, 0x1B, 0xC5, 0x98, 0x42, 0x08, 0x87, 0x23,
    0x27, 0x4F, 0x26, 0xE3, 0x59, 0xB4, 0xE7, 0xF9, 0x60, 0xFD, 0xCA, 0x2E, 0x9F, 0x32, 0xF0, 0x6A,
    0x93, 0x61, 0x1E, 0x1E, 0x5C, 0xBA, 0xE4, 0xD8, 0xC4, 0x0D, 0x68, 0xEB, 0x16, 0xB4, 0x33, 0x53,
    0x61, 0xB5, 0x6D, 0xEE, 0xDA, 0x85, 0x8D, 0xB6, 0x5B, 0xE5, 0xA5, 0x48, 0x4F, 0x1E, 0xA6, 0x6A,
    0x24, 0x6F, 0x30, 0x2D, 0x79, 0xDB, 0xE7, 0xF3, 0xB3, 0x78, 0x13, 0xED, 0x3D, 0xFA, 0x47, 0x72,
    0xBF, 0x34, 0x9D, 0xCD, 0x63, 0xF3, 0xE5, 0x12, 0x13, 0x81, 0x38, 0x57, 0xC8, 0x55, 0xEB, 0xD8,
    0x1B, 0xCC, 0x41, 0xBC, 0xA8, 0xB4, 0x73, 0x21, 0xEF, 0x51, 0xCA, 0x29, 0x95, 0x07, 0xD4, 0xEB,
    0xE8, 0xE4, 0x0B, 0x2C, 0xDC, 0x8C, 0xB0, 0x86, 0xA8, 0xBC, 0xE4, 0x99, 0x82, 0x67, 0xE4, 0x01,
    0x7D, 0x84, 0xFD, 0x30, 0x86, 0x12, 0x57, 0x5B, 0x9E, 0xFC, 0x06, 0xE7, 0xF3, 0x97, 0xA3, 0x87,
    0xE8, 0x80, 0x7F, 0xE4, 0x17, 0x7C, 0xE0, 0xD1, 0xAB, 0x01, 0x77, 0x87, 0xCE, 0xC4, 0x6C, 0xD4,
    0x39, 0xE0, 0x1A, 0x7D, 0xD5, 0x57, 0xAB, 0x3B, 0xC0, 0x91, 0xF0, 0xCA, 0x41, 0x7D, 0xD8, 0x6C,
    0x33, 0x38, 0xE9, 0x32, 0x71, 0xC5, 0xD6, 0x95, 0x8B, 0xF3, 0x33, 0xD7, 0xC0, 0x72, 0x58, 0xB9,
    0xD5, 0x5F, 0x88, 0xB3, 0xFF, 0xB5, 0x27, 0x14, 0x72, 0xE2, 0x2F, 0x3A, 0x63, 0x08, 0x06, 0x62,
    0x78, 0x82, 0x45, 0x9B, 0x9E, 0x13, 0xE6, 0xD8, 0x5F, 0x0B, 0xD3, 0xC1, 0xF2, 0x30, 0x6E, 0xFE,
    0xD3, 0xF1, 0x71, 0xB1, 0xB0, 0x1B, 0xD6, 0x72, 0xED, 0x00, 0xB9, 0x74, 0x8A, 0x99, 0x53, 0x54,
    0x0B, 0xB7, 0x53, 0x09, 0x76, 0xFC, 0xC4, 0x2F, 0x1F, 0x6E, 0xA1, 0x58, 0x95, 0x09, 0x9D, 0x23,
    0x07, 0x4A, 0x07, 0x35, 0xE6, 0x10, 0x75, 0xE4, 0x6A, 0xD0, 0xC4, 0x60, 0xE7, 0x78, 0x70, 0x93,
    0x4A, 0xE7, 0xD1, 0xD1, 0x2C, 0xBF, 0x97, 0xC5, 0xEF, 0xBA, 0xF0, 0xF6, 0xB0, 0x75, 0xCD, 0x3F,
    0x3E, 0x16, 0x77, 0xA4, 0x86, 0x7F, 0xB4, 0xAD, 0x71, 0xDC, 0x72, 0x02, 0xFD, 0x7C, 0x2A, 0xF6,
    0x02, 0x5D, 0xEE, 0x5A, 0x67, 0x97, 0xC7, 0xDD, 0x04, 0x2F, 0xD1, 0x3C, 0xD2, 0xDF, 0xAE, 0x53,
    0x3D, 0x97, 0xBC, 0xF9, 0xEE, 0xE3, 0xD3, 0x4D, 0x0B, 0xBD, 0x77, 0x4A, 0xBE, 0xBC, 0xB3, 0xA3,
    0xD3, 0x00, 0xBD, 0x26, 0x60, 0xDC, 0x52, 0x2D, 0x50, 0xD1, 0xEC, 0xA6, 0x14, 0x68, 0x75, 0xC3,
    0xFD, 0x40, 0xCD, 0x48, 0xA6, 0xFD, 0xEF, 0xA5, 0x4D, 0x88, 0xCD, 0xD4, 0x4E, 0xCD, 0xE8, 0x87,
    0x04, 0xEF, 0xDE, 0x70, 0xF0, 0x3C, 0x80, 0x0F, 0xA6, 0xC0, 0x54, 0xD9, 0x00, 0x4C, 0x01, 0x98,
    0xC0, 0xE0, 0x1D, 0x40, 0x06, 0x10, 0xE3, 0x69, 0xEC, 0xC0, 0x28, 0x77, 0x5D, 0x5D, 0x75, 0xFE,
    0x8F, 0xBB, 0xDF, 0xDC, 0x39, 0x43, 0xA1, 0x26, 0x07, 0xB3, 0x4D, 0xE4, 0x63, 0xA9, 0x71, 0x5A,
    0xD2, 0xE1, 0x70, 0x9B, 0xA1, 0xC4, 0x01, 0xC4, 0x0A, 0x64, 0xD4, 0xA3, 0xA0, 0x81, 0xCC, 0x7A,
    0x76, 0x6A, 0x03, 0x4F, 0x92, 0xE5, 0xE9, 0x67, 0xB3, 0x11, 0x02, 0x3C, 0xBD, 0x85, 0xB3, 0xE8,
    0x7C, 0xB0, 0x87, 0x66, 0xD0, 0x35, 0x12, 0x79, 0x0B, 0xAE, 0xD1, 0xF2, 0x8C, 0x2A, 0xE2, 0x8E,
    0xD9, 0x2E, 0x8E, 0x17, 0x66, 0xDD, 0xF3, 0x19, 0x01, 0x06, 0xE4, 0xCA, 0x02, 0x12, 0x46, 0x92,
    0x1E, 0xE4, 0x92, 0x53, 0x97, 0x7D, 0x71, 0x24, 0x11, 0x5D, 0x32, 0x12, 0x64, 0x65, 0x54, 0x62,
    0x7A, 0x69, 0xD5, 0xD3, 0x84, 0xBB, 0x83, 0x99, 0x36, 0x31, 0x93, 0xBA, 0xED, 0x33, 0x1C, 0x3C,
    0x8C, 0xB1, 0x6B, 0x48, 0x3C, 0x49, 0x02, 0x95, 0x75, 0x84, 0xE8, 0x9A, 0xFE, 0x4F, 0x30, 0x20,
    0x7E, 0x55, 0xC4, 0x89, 0x40, 0x1B, 0xE0, 0xCB, 0x94, 0xCF, 0x15, 0x42, 0x14, 0x37, 0x1A, 0x78,
    0x6A, 0x02, 0xF4, 0x8F, 0xD9, 0xC4, 0xC8, 0x31, 0xE0, 0xC8, 0x02, 0x4E, 0x29, 0x9E, 0x47, 0x96,
    0x73, 0xB2, 0x93, 0xE5, 0x84, 0xB2, 0xCC, 0x26, 0x4B, 0x80, 0x2C, 0x9B, 0x86, 0xB2, 0xA8, 0x18,
    0x81, 0xA4, 0x20, 0xA1, 0x18, 0x1B, 0xA7, 0x1E, 0x47, 0xCF, 0x23, 0x12, 0x70, 0x2C, 0xA1, 0x59,
    0xEE, 0x39, 0x77, 0x59, 0x61, 0x2F, 0x67, 0xBF, 0x84, 0x87, 0xEE, 0x74, 0xFA, 0xD6, 0xC8, 0x2B,
    0x24, 0x0B, 0x9F, 0xD1, 0x5F, 0x07, 0xD9, 0x70, 0xAB, 0x9F, 0x1D, 0x49, 0x8D, 0xB8, 0xB8, 0x60,
    0x10, 0x24, 0x30, 0x27, 0xB1, 0xAD, 0x42, 0x9C, 0x5A, 0x91, 0xAF, 0x56, 0x43, 0x26, 0x6D, 0x94,
    0x3E, 0x24, 0x4D, 0x1F, 0xA8, 0x3A, 0x3E, 0x22, 0x2D, 0xDF, 0x26, 0xAD, 0x74, 0xD4, 0x55, 0xA5,
    0xB7, 0x49, 0x93, 0x91, 0x34, 0xA3, 0x5A, 0x61, 0xA9, 0xA4, 0xE5, 0x86, 0xD4, 0xEB, 0xFC, 0xCD,
    0xE1, 0x6B, 0xF2, 0x0E, 0x66, 0xC4, 0xA7, 0x36, 0xBA, 0x5B, 0xF7, 0x22, 0xCD, 0xB9, 0x5B, 0xC8,
    0xD0, 0x6B, 0x88, 0x94, 0x95, 0xE6, 0xEC, 0x5E, 0xEC, 0x49, 0xA9, 0xE4, 0x9D, 0xC3, 0xA3, 0xBA,
    0xC4, 0x1A, 0x4A, 0x36, 0x25, 0x47, 0x57, 0x6E, 0x4F, 0x98, 0x68, 0x78, 0x43, 0x52, 0x1C, 0xF8,
    0xF7, 0xAF, 0x35, 0xAA, 0x41, 0xD3, 0x65, 0xB7, 0xDA, 0x88, 0x33, 0x95, 0x19, 0xF9, 0x0E, 0xC9,
    0x75, 0xBE, 0x20, 0x0E, 0x76, 0x2D, 0x96, 0xAA, 0x9B, 0xB3, 0x66, 0xCB, 0x09, 0x46, 0x77, 0xC0,
    0xA9, 0x56, 0x6D, 0xF1, 0x93, 0xCA, 0x23, 0x5A, 0x34, 0x1E, 0xB6, 0x7D, 0x3B, 0x24, 0x7A, 0x82,
    0xC0, 0xB9, 0x58, 0x00, 0x4A, 0x7B, 0xF8, 0xC5, 0x37, 0x6B, 0xB5, 0x17, 0x4F, 0xCB, 0x0B, 0x4A,
    0xE2, 0xE5, 0xDA, 0x85, 0xCF, 0xA1, 0xF8, 0xA0, 0x1A, 0xD8, 0x62, 0x21, 0x00, 0x30, 0x61, 0xDD,
    0x31, 0xF5, 0xA1, 0x3F, 0x46, 0xE7, 0x27, 0x74, 0xF6, 0x93, 0x27, 0xC1, 0x04, 0x7E, 0xA2, 0x8B,
    0x8D, 0xC5, 0xAC, 0x06, 0x02, 0x57, 0x4A, 0x10, 0x1D, 0x3A, 0x28, 0x71, 0xCB, 0xBD, 0xAC, 0x2E,
    0xC6, 0xF9, 0xC6, 0x3D, 0x89, 0x46, 0xDE, 0x39, 0x6C, 0xFA, 0x57, 0x18, 0xE7, 0x7F, 0x4C, 0xE3,
    0x04, 0x11, 0xCD, 0x06, 0x28, 0x39, 0xAD, 0x88, 0x91, 0xD5, 0x69, 0xE4, 0x2B, 0xC7, 0x9D, 0x0D,
    0x07, 0x6A, 0x44, 0xA3, 0x5F, 0xCB, 0x33, 0xD0, 0x43, 0xE7, 0x80, 0x6C, 0xBB, 0x33, 0xF5, 0x52,
    0xED, 0x7D, 0xDC, 0xF9, 0x41, 0xA0, 0xE2, 0xDA, 0x6E, 0xF5, 0x08, 0xFB, 0x5C, 0xA1, 0x55, 0xF2,
    0xC8, 0x32, 0xF9, 0x09, 0x4C, 0x78, 0xB9, 0x80, 0x3A, 0x9E, 0xA8, 0xE3, 0x47, 0xB6, 0x22, 0x62,
    0x45, 0x88, 0xB0, 0xB4, 0xA6, 0xCF, 0x61, 0x98, 0x75, 0x42, 0x47, 0xB0, 0xEC, 0xA7, 0x64, 0xB4,
    0x05, 0x12, 0x6F, 0xF2, 0x6D, 0x25, 0x43, 0x89, 0xB8, 0x4A, 0xE5, 0x34, 0x33, 0x95, 0x33, 0x23,
    0xC6, 0x95, 0x8B, 0x91, 0x08, 0x69, 0xF0, 0xAC, 0x9A, 0xFD, 0x44, 0x24, 0xDA, 0x22, 0xA8, 0xD0,
    0x54, 0x10, 0xBC, 0x18, 0x5F, 0xD7, 0xB0, 0x49, 0x71, 0xF1, 0x28, 0xE1, 0x09, 0xE6, 0xF2, 0x6B,
    0x84, 0x9B, 0x39, 0x81, 0xF9, 0x4F, 0x10, 0x98, 0x61, 0xA8, 0xE7, 0xCC, 0x03, 0x63, 0x58, 0xDC,
    0x93, 0x51, 0x49, 0x60, 0x68, 0x64, 0xF4, 0x9C, 0xAA, 0x2D, 0x72, 0x19, 0x5A, 0xDD, 0x88, 0x59,
    0xF0, 0xF8, 0xE5, 0x9B, 0xE1, 0x5C, 0x01, 0xEA, 0xFA, 0xAA, 0x85, 0xBE, 0xA0, 0x16, 0x2A, 0xEC,
    0xA4, 0xAE, 0x3A, 0x68, 0xAC, 0xE4, 0x8E, 0x31, 0x6C, 0xE0, 0xE2, 0xB5, 0x59, 0xCE, 0x4B, 0xB5,
    0x47, 0x40, 0x68, 0xE6, 0x06, 0x87, 0x7C, 0x50, 0xBB, 0xA7, 0x3E, 0x97, 0x4E, 0xB0, 0x36, 0xDE,
    0x86, 0xC9, 0xC7, 0xE4, 0xDF, 0xF5, 0x65, 0x68, 0x41, 0xEF, 0x80, 0x1C, 0x3B, 0x1B, 0xB3, 0x98,
    0xF7, 0xCD, 0x66, 0x61, 0x94, 0xDE, 0x65, 0x43, 0x3C, 0x8F, 0x4A, 0xCD, 0x1C, 0xA4, 0xE0, 0x01,
    0x22, 0xE6, 0x5A, 0x03, 0x46, 0x07, 0x5D, 0xD4, 0xAB, 0x59, 0xEA, 0xF1, 0x11, 0x53, 0xEC, 0xA5,
    0x76, 0xB3, 0xA6, 0x79, 0x48, 0xB5, 0x68, 0x93, 0x06, 0xE1, 0xD9, 0x35, 0xB5, 0x93, 0x7E, 0xF3,
    0xF4, 0xF4, 0x74, 0x43, 0x27, 0xEE, 0x94, 0xB8, 0xE7, 0x7D, 0xDA, 0x7D, 0x97, 0x56, 0x0F, 0x87,
    0x1F, 0x46, 0x64, 0x77, 0xC7, 0x92, 0xB0, 0xDD, 0x0A, 0xA9, 0xAD, 0x30, 0xED, 0x9B, 0x2A, 0x9C,
    0x8A, 0xA9, 0x22, 0xEA, 0x43, 0xBE, 0xD6, 0x06, 0x87, 0xA8, 0x78, 0x3A, 0x56, 0x45, 0xBE, 0xBB,
    0x9F, 0xF9, 0x62, 0x4E, 0x88, 0xCE, 0x15, 0xDD, 0x3F, 0x2C, 0x85, 0x20, 0xE3, 0x01, 0x94, 0xB6,
    0x91, 0xF0, 0x8A, 0x5C, 0xAE, 0x3F, 0x18, 0x14, 0x31, 0x53, 0x23, 0xFD, 0x8A, 0x0B, 0x8A, 0x3F,
    0x25, 0xCD, 0xBE, 0x99, 0xD6, 0xE7, 0x0A, 0xBB, 0x85, 0xA6, 0x15, 0x4A, 0x86, 0xA7, 0x52, 0x4F,
    0xAD, 0x67, 0xB8, 0x11, 0x7A, 0x47, 0x78, 0x92, 0xA8, 0x77, 0x39, 0x3B, 0xBF, 0x6F, 0xDF, 0xD5,
    0x03, 0x3A, 0x30, 0xE8, 0x73, 0xCD, 0xA3, 0x43, 0xE2, 0x34, 0xB3, 0x49, 0xCD, 0x24, 0xD9, 0xB3,
    0x01, 0x44, 0x50, 0x99, 0x08, 0xF2, 0xA2, 0xD9, 0xE7, 0x90, 0xCE, 0xEE, 0xE0, 0xF1, 0x4B, 0x38,
    0xE1, 0x91, 0x81, 0x35, 0x19, 0xCB, 0x21, 0x5B, 0x60, 0x5E, 0x13, 0x52, 0xC0, 0x11, 0xC3, 0xA6,
    0xD0, 0xF9, 0x01, 0xCE, 0x3C, 0x87, 0xBA, 0xE9, 0xC8, 0x1B, 0xA8, 0x0B, 0xBE, 0x3A, 0xB7, 0x4E,
    0x36, 0xF0, 0xEF, 0xA9, 0x85, 0x41, 0x16, 0xA3, 0x9B, 0x00, 0x37, 0x5C, 0x62, 0x84, 0x35, 0xC3,
    0x36, 0x93, 0x48, 0x5E, 0xC5, 0x2C, 0xF2, 0xB9, 0x87, 0xFD, 0xDC, 0x85, 0xBF, 0xC3, 0x23, 0xBB,
    0xD6, 0xB5, 0x1F, 0x3C, 0x98, 0x02, 0xB2, 0xCA, 0x20, 0x7F, 0x24, 0x58, 0x31, 0x49, 0x83, 0x89,
    0xFB, 0xF5, 0x8C, 0xCB, 0x7E, 0x4D, 0x31, 0xD6, 0x30, 0xC6, 0x54, 0xDD, 0x31, 0xF7, 0xA1, 0xDE,
    0x52, 0x56, 0x33, 0x8F, 0x2C, 0xE4, 0xD3, 0x19, 0xF5, 0x9D, 0xD7, 0x38, 0x83, 0xCF, 0xE5, 0x35,
    0x6B, 0x5F, 0xCD, 0x25, 0xB5, 0x44, 0xDD, 0xF2, 0x62, 0xCB, 0xB4, 0xD7, 0x0C, 0xDE, 0xA2, 0x75,
    0xD9, 0x68, 0x82, 0xEE, 0x7C, 0x65, 0x3C, 0x68, 0x14, 0x46, 0x21, 0xA0, 0xA7, 0x83, 0x90, 0x53,
    0x18, 0x9F, 0x35, 0x40, 0x6A, 0xF0, 0xE9, 0x34, 0x4B, 0xB3, 0x89, 0x59, 0xD6, 0xA9, 0x2D, 0xF7,
    0x16, 0x13, 0xA1, 0xD2, 0x56, 0xA1, 0x4E, 0x44, 0x01, 0xC2, 0x6A, 0x43, 0xCD, 0xA1, 0xBC, 0x96,
    0x27, 0x7C, 0xE5, 0x34, 0xCF, 0xD5, 0x05, 0x66, 0x8B, 0x87, 0xC9, 0x6C, 0x86, 0x81, 0xB8, 0x0E,
    0x8E, 0x0C, 0x6C, 0xA6, 0xA4, 0xC8, 0xA6, 0x45, 0xCB, 0xC6, 0x3D, 0x87, 0x79, 0xFF, 0x41, 0x81,
    0x4F, 0x91, 0xE6, 0x7E, 0x2B, 0xDC, 0x1F, 0xC2, 0x0D, 0x0C, 0x0D, 0xC3, 0x40, 0x61, 0x67, 0xCF,
    0xA4, 0xF6, 0x36, 0x67, 0xCF, 0xE1, 0x88, 0xF5, 0xE3, 0x8A, 0x19, 0x10, 0x12, 0x4F, 0xAE, 0x10,
    0x1B, 0x7B, 0xFB, 0x75, 0x2C, 0x41, 0x7A, 0xD7, 0x4E, 0xA4, 0x8D, 0xD1, 0xF9, 0x9C, 0xDA, 0x73,
    0x19, 0x53, 0x76, 0x46, 0xB4, 0x38, 0x7B, 0xDD, 0x3C, 0x6F, 0xAB, 0x52, 0x9D, 0x5C, 0x70, 0xC9,
    0x7B, 0xDC, 0x1A, 0x63, 0x6B, 0xF3, 0xE8, 0x35, 0x66, 0x6D, 0x9D, 0x0A, 0x40, 0x47, 0x02, 0x8C,
    0xE2, 0xF0, 0xE8, 0x55, 0xA1, 0xA6, 0xFD, 0x7E, 0xCB, 0xD9, 0x21, 0xB4, 0xD3, 0x39, 0xB5, 0xE3,
    0x79, 0x1E, 0xBD, 0xD8, 0xD3, 0xC6, 0xAA, 0x1F, 0x98, 0x8E, 0x4D, 0xB3, 0x27, 0x8C, 0xC2, 0x29,
    0xD0, 0x1A, 0xE8, 0x0D, 0xB1, 0xE5, 0x5D, 0xA8, 0xB7, 0x52, 0x79, 0xB0, 0xED, 0x7B, 0x3C, 0xCA,
    0x9F, 0x29, 0x70, 0x3C, 0xAE, 0x4D, 0xA1, 0x0B, 0x35, 0x7E, 0xFF, 0x16, 0x7A, 0xE9, 0xD6, 0x46,
    0x75, 0x7D, 0xCC, 0x4A, 0x56, 0x89, 0xB2, 0x52, 0xD5, 0xC4, 0x3C, 0x88, 0x2C, 0xDB, 0xB1, 0xDE,
    0x18, 0xD5, 0xEC, 0xD2, 0x2F, 0x61, 0xD9, 0x8E, 0xF5, 0x17, 0x86, 0xAF, 0x93, 0xD9, 0x19, 0x52,
    0x72, 0x32, 0xBF, 0x75, 0xA6, 0x71, 0x93, 0x25, 0xA2, 0xD7, 0xD9, 0x11, 0xB6, 0xB3, 0xCA, 0xB9,
    0x6A, 0x9A, 0x58, 0x27, 0x0A, 0x8F, 0x82, 0x62, 0xFD, 0xFE, 0x29, 0xF3, 0x4B, 0xC8, 0xAA, 0xF3,
    0x95, 0x17, 0x68, 0xD1, 0x19, 0xC8, 0x3E, 0x8B, 0x2A, 0xCA, 0xA8, 0x39, 0xED, 0xE8, 0xF0, 0x9C,
    0x9E, 0x4F, 0xD2, 0x64, 0xD4, 0x8D, 0x19, 0x55, 0x5F, 0x60, 0x42, 0x76, 0x76, 0xF8, 0xBA, 0x26,
    0x9F, 0xB2, 0xD2, 0x17, 0x21, 0xA1, 0xD1, 0xB3, 0xC3, 0x6B, 0x4F, 0xC9, 0xD9, 0x7F, 0x25, 0x39,
    0x77, 0x54, 0xF1, 0x57, 0x5D, 0x4A, 0xD5, 0x17, 0x77, 0x74, 0xFF, 0x39, 0x12, 0x4B, 0x71, 0x45,
    0xEB, 0xE7, 0xED, 0xA1, 0xCC, 0xAA, 0x0B, 0xBF, 0x68, 0x66, 0x0C, 0x50, 0xA0, 0x51, 0x15, 0x5A,
    0x7E, 0x12, 0xA0, 0x69, 0x6E, 0xC9, 0xCE, 0xEA, 0x14, 0xC4, 0xF7, 0xF6, 0xB8, 0x9A, 0xE8, 0xBF,
    0xB2, 0x4B, 0xA7, 0xA7, 0x27, 0xC2, 0x4A, 0x5D, 0x06, 0xF4, 0x64, 0xAA, 0xC7, 0x01, 0x61, 0x51,
    0x0B, 0xD6, 0x9A, 0x47, 0x19, 0x6D, 0x18, 0x8C, 0xEB, 0x81, 0x31, 0x52, 0x84, 0x59, 0xE5, 0xB7,
    0x6A, 0xBE, 0x66, 0xEF, 0xD2, 0xE0, 0x05, 0xA1, 0x67, 0xAB, 0x70, 0x77, 0x68, 0x41, 0xB0, 0x6E,
    0x4D, 0xDD, 0xFA, 0xC7, 0xCD, 0x5E, 0xC1, 0x1F, 0x87, 0x12, 0x53, 0x12, 0xE5, 0xDD, 0x7F, 0xC1,
    0x2D, 0x08, 0x9F, 0xF3, 0xFF, 0x76, 0x3E, 0xE3, 0x3B, 0xF9, 0x72, 0xC5, 0x34, 0xC5, 0xB9, 0xCD,
    0xC5, 0xBF, 0xD6, 0x62, 0x7B, 0x97, 0xAF, 0x7B, 0x49, 0x5E, 0xE0, 0x1F, 0xE7, 0x33, 0x9C, 0xB5,
    0x35, 0x58, 0x2A, 0x95, 0x44, 0xEC, 0x06, 0x0E, 0x56, 0xD9, 0xCD, 0xC9, 0xD7, 0xFB, 0xB7, 0xB8,
    0xDD, 0x81, 0xAB, 0x15, 0xA9, 0xAF, 0x23, 0x2C, 0xE3, 0xD5, 0xEA, 0xE2, 0xEF, 0x89, 0xF4, 0x62,
    0x8C, 0x92, 0x36, 0xDB, 0x9A, 0x42, 0xFB, 0x68, 0xF8, 0xD4, 0x19, 0x50, 0xA8, 0x99, 0x33, 0x88,
    0x10, 0xEA, 0x47, 0x65, 0xA5, 0x95, 0xA8, 0xA1, 0x76, 0x56, 0x6C, 0x90, 0x7D, 0x64, 0xEC, 0x13,
    0x59, 0xBD, 0xBE, 0x33, 0xA6, 0x3D, 0x3F, 0xA7, 0x3B, 0x40, 0x27, 0x6A, 0x57, 0x28, 0x1A, 0x2C,
    0xF9, 0x09, 0x62, 0x93, 0x69, 0x7A, 0x8B, 0x48, 0xA3, 0xEB, 0x11, 0x53, 0x13, 0x03, 0x49, 0xCA,
    0x22, 0xF4, 0x91, 0xC8, 0x5A, 0x8E, 0x53, 0x56, 0x32, 0x91, 0x25, 0xED, 0xD4, 0xEA, 0x02, 0xB6,
    0x8C, 0x95, 0x11, 0xE9, 0x8A, 0x2E, 0x5F, 0x13, 0xBD, 0xA6, 0x74, 0x3C, 0xA7, 0x49, 0xD4, 0x43,
    0x8E, 0x6A, 0x62, 0x31, 0x7F, 0x06, 0x3E, 0x69, 0xBC, 0xC5, 0xA6, 0x0D, 0xFE, 0x65, 0x28, 0xAC,
    0xE6, 0x59, 0x78, 0x45, 0x66, 0x49, 0x82, 0x26, 0xD6, 0x15, 0x77, 0xFC, 0x90, 0x65, 0x5E, 0xAB,
    0x8D, 0xCE, 0x5D, 0x65, 0xE3, 0x33, 0xA8, 0xEE, 0x98, 0x8D, 0x11, 0x0B, 0xDC, 0xD6, 0x06, 0xC8,
    0xA4, 0x8D, 0x66, 0x4C, 0xA2, 0x36, 0xC2, 0x94, 0x5A, 0xC3, 0xCF, 0xD9, 0xA0, 0x8D, 0x6A, 0xC9,
    0x7B, 0x6D, 0x94, 0x52, 0x74, 0xDA, 0x28, 0xA4, 0xDC, 0x68, 0x23, 0x97, 0xD7, 0x6B, 0x6D, 0x64,
    0xF2, 0xA9, 0xD3, 0x46, 0x0A, 0x89, 0xB4, 0xC1, 0x0B, 0x42, 0x6D, 0x38, 0xD8, 0xA7, 0x35, 0x80,
    0x1F, 0xD6, 0xE0, 0xF5, 0x5B, 0x64, 0x62, 0x14, 0xF4, 0xD6, 0x0D, 0xA9, 0x99, 0x47, 0xAC, 0x99,
    0xA1, 0x7C, 0xDE, 0xE3, 0xE9, 0x06, 0xFB, 0xB2, 0x63, 0xC3, 0x2E, 0x27, 0xB6, 0xA2, 0xC1, 0x46,
    0x34, 0x1B, 0x6A, 0x90, 0x23, 0x40, 0x0F, 0x7E, 0xA3, 0x57, 0x90, 0x2C, 0x2E, 0x64, 0x65, 0x1D,
    0x19, 0x2F, 0x0C, 0xC1, 0x46, 0xE8, 0x82, 0x0C, 0xF0, 0x43, 0x86, 0x10, 0x45, 0x86, 0x90, 0x48,
    0x96, 0x6B, 0x51, 0x02, 0x59, 0x23, 0x19, 0xC0, 0x4E, 0x59, 0x98, 0x95, 0x55, 0xA2, 0xAC, 0x90,
    0xDF, 0x90, 0x61, 0x63, 0x64, 0x54, 0x2B, 0xAF, 0xC8, 0x5B, 0x63, 0xC1, 0x18, 0xA6, 0x63, 0x76,
    0x87, 0x94, 0x28, 0xD7, 0x8C, 0xA8, 0x36, 0xA8, 0x36, 0xD6, 0xD4, 0x17, 0x52, 0xEE, 0xDE, 0x92,
    0x2C, 0xAD, 0x39, 0x1E, 0xFD, 0x5C, 0x61, 0xA4, 0xA3, 0x0E, 0x98, 0xCC, 0xF3, 0xA2, 0x11, 0x2F,
    0x4A, 0xBD, 0x0E, 0xC4, 0x64, 0xEA, 0x5D, 0x78, 0xD1, 0x58, 0x96, 0xD5, 0x4E, 0x17, 0x19, 0x0D,
    0x13, 0xF0, 0xF3, 0x65, 0xAC, 0x1D, 0x2F, 0x0E, 0x68, 0x8C, 0xD9, 0x9C, 0x1B, 0xAF, 0x19, 0xDC,
    0x6E, 0x3D, 0x26, 0x8B, 0x78, 0x42, 0x58, 0x63, 0x01, 0x24, 0xE3, 0x01, 0x05, 0xF5, 0x9A, 0x76,
    0xD0, 0xA4, 0xEE, 0xB9, 0x35, 0xF1, 0xA0, 0x67, 0xFF, 0xFD, 0x3C, 0x93, 0x3B, 0xDB, 0x65, 0x72,
    0x9D, 0x66, 0x6C, 0x96, 0x8A, 0xC5, 0xF3, 0x6C, 0xEC, 0x39, 0x34, 0x59, 0x73, 0xBB, 0x4E, 0x7D,
    0x13, 0x27, 0x76, 0xD6, 0x2E, 0xE7, 0xB9, 0xDD, 0xEF, 0xBE, 0x9A, 0xEB, 0xEC, 0x42, 0x63, 0x7C,
    0x4E, 0x68, 0x7C, 0x31, 0xCA, 0x1E, 0xBF, 0x5E, 0x65, 0xC7, 0x8B, 0xCA, 0x36, 0x94, 0xB3, 0x84,
    0xDF, 0xEE, 0x99, 0xEC, 0x4A, 0x66, 0xCF, 0x2C, 0x87, 0x5F, 0x77, 0xBE, 0x0F, 0xD1, 0x41, 0xAE,
    0x59, 0x1F, 0xFB, 0xF7, 0x68, 0x7C, 0x2A, 0x3D, 0xBC, 0x22, 0x67, 0xB7, 0x98, 0x53, 0xCA, 0x90,
    0xAD, 0xE1, 0x43, 0x71, 0x70, 0x70, 0x96, 0x44, 0xD3, 0x1B, 0x9F, 0xC1, 0xC6, 0x0B, 0x3D, 0xD7,
    0xB0, 0x93, 0xDB, 0x65, 0x81, 0x2C, 0x6E, 0x3D, 0x2C, 0x26, 0x38, 0x2B, 0xFC, 0x36, 0x0A, 0xBF,
    0x43, 0xD0, 0x77, 0x43, 0xA5, 0xF0, 0x3B, 0x18, 0xFC, 0x0E, 0xB9, 0x45, 0xCD, 0x6C, 0xB7, 0xAC,
    0xC1, 0x6F, 0x3B, 0xEB, 0xE1, 0x19, 0xFC, 0x6E, 0x4A, 0xC5, 0xB6, 0x4D, 0xD2, 0xC6, 0xDD, 0x4D,
    0xC9, 0xA4, 0x1B, 0xD8, 0x64, 0xDB, 0x9F, 0x62, 0x22, 0x5E, 0x05, 0x79, 0x5E, 0x42, 0xF0, 0x52,
    0x43, 0x49, 0x87, 0x1A, 0xF8, 0x1B, 0x6B, 0x2D, 0xA9, 0x55, 0xAF, 0xA8, 0x1F, 0xA2, 0x99, 0x69,
    0x8E, 0xD1, 0x1A, 0xFE, 0x69, 0x02, 0x41, 0x19, 0x0B, 0xAD, 0x6B, 0x64, 0x4E, 0xA8, 0x7C, 0x5F,
    0xF3, 0x92, 0x04, 0x64, 0x46, 0xF9, 0x5C, 0x90, 0x94, 0x13, 0xCE, 0xC2, 0x47, 0xC8, 0xDF, 0xF6,
    0xCC, 0x52, 0xD6, 0x6C, 0x9B, 0x36, 0xDF, 0x58, 0x9D, 0xA0, 0x4C, 0x5C, 0x73, 0xBF, 0xDD, 0x9E,
    0xA2, 0xA2, 0xD1, 0xFB, 0x7A, 0x14, 0xEA, 0xCA, 0x6E, 0x93, 0xF9, 0x1D, 0x7B, 0x83, 0xEC, 0x92,
    0xD3, 0x53, 0x76, 0xFF, 0x13, 0x16, 0xAC, 0xF8, 0xD3, 0x5B, 0x3C, 0x6E, 0x7A, 0xDE, 0xB3, 0x86,
    0x50, 0x2A, 0x0B, 0x18, 0x0E, 0x65, 0xC9, 0xF5, 0xD6, 0xDB, 0x6A, 0xBE, 0xE0, 0xFE, 0x5F, 0xAC,
    0xB5, 0x2F, 0xAC, 0xE8, 0x69, 0x4C, 0x21, 0xB6, 0x2E, 0xD5, 0xD4, 0xF0, 0xEC, 0x28, 0x5A, 0x61,
    0xDC, 0x69, 0x5E, 0x6B, 0x5B, 0x3A, 0x34, 0xEF, 0xE6, 0xF7, 0x45, 0xAA, 0x7D, 0x20, 0x35, 0xCE,
    0x25, 0x15, 0xBB, 0x84, 0xD6, 0x42, 0xC3, 0x25, 0x66, 0xB2, 0x44, 0x60, 0xD1, 0xAF, 0x03, 0xB8,
    0x42, 0x36, 0x68, 0x66, 0xC2, 0xAF, 0xED, 0x98, 0x95, 0x76, 0x9A, 0xAF, 0x94, 0x1B, 0xF3, 0xF8,
    0x5A, 0x8B, 0xAD, 0x60, 0xB7, 0xBA, 0x37, 0xD4, 0xB3, 0x36, 0x77, 0xCC, 0xC1, 0x66, 0x75, 0xC2,
    0x0F, 0xAC, 0x98, 0xFB, 0x9B, 0x5A, 0xA3, 0x3C, 0x50, 0xD6, 0x3C, 0x54, 0xB7, 0x0B, 0x5F, 0x74,
    0x56, 0xB8, 0x77, 0xA6, 0xEC, 0x7A, 0x5F, 0xBA, 0xA9, 0x93, 0x6B, 0xB1, 0x6E, 0xB2, 0xEB, 0x35,
    0xA2, 0xDE, 0x67, 0xDC, 0x64, 0x49, 0xA9, 0xE6, 0x9C, 0x30, 0x43, 0x16, 0xB5, 0x56, 0xDE, 0x6B,
    0xE8, 0x37, 0x5F, 0xBD, 0x5E, 0x22, 0xFA, 0x6E, 0x4D, 0x27, 0x19, 0xD2, 0x74, 0x43, 0xAC, 0xB0,
    0x29, 0x2A, 0x36, 0x55, 0x62, 0xB5, 0x60, 0x17, 0xD8, 0xD5, 0xDA, 0x84, 0xA3, 0x7A, 0x74, 0xBA,
    0x61, 0xA5, 0x24, 0xBF, 0x4F, 0xBB, 0x63, 0xF5, 0xE4, 0x55, 0xEC, 0x7E, 0xB6, 0xA2, 0xF2, 0x7A,
    0x98, 0xB4, 0x89, 0x94, 0x6D, 0x0E, 0x33, 0x23, 0x15, 0x25, 0x9D, 0xAB, 0x25, 0xD5, 0x3B, 0x2D,
    0x41, 0x20, 0xDC, 0xEA, 0x17, 0x37, 0xB9, 0xBC, 0x15, 0x4B, 0xA1, 0xCE, 0x20, 0xC4, 0xFB, 0x48,
    0x39, 0x5E, 0xD5, 0x5B, 0x02, 0xF9, 0x13, 0xBC, 0xF6, 0x57, 0x7A, 0xB3, 0x25, 0x9F, 0x00, 0xE0,
    0xFF, 0xAC, 0x7B, 0x96, 0x4F, 0x01, 0xDC, 0x7F, 0x55, 0x44, 0x12, 0xAD, 0xEE, 0x6A, 0xAB, 0x9C,
    0xF9, 0xED, 0xC6, 0xDE, 0x0E, 0xCD, 0x16, 0x79, 0xBA, 0xFA, 0xB7, 0x16, 0xB9, 0x56, 0xE8, 0xEA,
    0x65, 0x50, 0x69, 0xA6, 0x5B, 0xEE, 0x9A, 0x5E, 0x2D, 0x95, 0x17, 0xB4, 0x83, 0x97, 0x78, 0x80,
    0x0A, 0x21, 0x47, 0x2A, 0xC9, 0xC0, 0x60, 0x46, 0xC2, 0xFC, 0x10, 0xB8, 0xC2, 0x0B, 0x26, 0xC4,
    0x9B, 0x52, 0xEF, 0xFE, 0x87, 0xA0, 0xA7, 0x15, 0x6F, 0xA8, 0x00, 0xB3, 0x55, 0xD4, 0x16, 0x04,
    0x2A, 0xBB, 0x40, 0x29, 0xED, 0x98, 0x32, 0xFB, 0x6F, 0xBD, 0x45, 0x29, 0xC5, 0xBE, 0xD5, 0x6C,
    0x54, 0x9A, 0x3B, 0x5E, 0xA3, 0xDC, 0x44, 0xB4, 0x42, 0x8D, 0xA4, 0x5D, 0xCB, 0x2E, 0x55, 0x63,
    0xAD, 0xF5, 0xFB, 0xC8, 0x16, 0xDB, 0x59, 0xE5, 0x10, 0x3D, 0xE3, 0x06, 0x78, 0x2F, 0xD0, 0x92,
    0xCC, 0x2B, 0xFB, 0x27, 0xBD, 0x58, 0x3B, 0x8F, 0xDC, 0x54, 0x14, 0x3E, 0xB6, 0x95, 0x58, 0x30,
    0x85, 0xAB, 0x8D, 0x44, 0x52, 0xB8, 0x0F, 0x85, 0x7F, 0x41, 0x62, 0x43, 0x83, 0x04, 0x05, 0x53,
    0xEC, 0x82, 0x44, 0x8A, 0x34, 0x54, 0x4B, 0x91, 0x86, 0x82, 0x22, 0xE0, 0x11, 0x2D, 0x05, 0x5B,
    0x44, 0x50, 0xD0, 0x50, 0x6C, 0x01, 0xD3, 0x6C, 0x43, 0x41, 0xB1, 0xD2, 0xB5, 0xA0, 0x4C, 0x11,
    0x0B, 0x10, 0x0D, 0x05, 0x6E, 0xA8, 0x63, 0x90, 0x91, 0xBC, 0xC4, 0xF6, 0xE1, 0xFB, 0xCE, 0xF5,
    0x6C, 0x26, 0x52, 0xB2, 0x81, 0x4D, 0x60, 0x35, 0x3E, 0xD7, 0x6B, 0xDF, 0xC7, 0x79, 0x7C, 0xE7,
    0x65, 0x55, 0x2D, 0x9C, 0xB6, 0xAA, 0xBA, 0x52, 0x6D, 0x53, 0x3D, 0x91, 0x58, 0x8B, 0x48, 0x5B,
    0x09, 0x47, 0x09, 0x39, 0x0C, 0x22, 0x18, 0xA2, 0x4E, 0xC4, 0xF5, 0x12, 0xB5, 0x22, 0xF9, 0x20,
    0x8B, 0x4A, 0x24, 0x9B, 0x24, 0x59, 0x89, 0x24, 0x2A, 0x99, 0x88, 0x2C, 0x74, 0x75, 0x1D, 0x43,
    0xA4, 0xD5, 0x31, 0x86, 0x40, 0x9B, 0x1E, 0x83, 0xE8, 0x1F, 0x2D, 0x87, 0xF2, 0x41, 0xC3, 0x21,
    0xD7, 0x8A, 0x43, 0xAA, 0x2B, 0x0E, 0x58, 0xF8, 0xEF, 0x86, 0xCC, 0x96, 0x27, 0xE0, 0xF4, 0x74,
    0x48, 0x41, 0xB5, 0xCE, 0x48, 0x9B, 0xEC, 0xAF, 0xF5, 0x11, 0xEE, 0x2B, 0xBC, 0x5A, 0x65, 0x05,
    0x66, 0x93, 0xAF, 0x7C, 0x24, 0xD5, 0x01, 0x34, 0xD0, 0xD6, 0x18, 0x6C, 0x8C, 0xDB, 0xCA, 0x18,
    0x29, 0xC8, 0xD5, 0xC4, 0xCD, 0xDD, 0x60, 0xFC, 0x76, 0x36, 0x85, 0x13, 0xE3, 0xF9, 0xB4, 0x95,
    0x9D, 0x6C, 0x52, 0x8C, 0x36, 0xA5, 0x97, 0xE0, 0xD0, 0x14, 0xD3, 0x45, 0x5A, 0x83, 0x26, 0x98,
    0x18, 0x75, 0x29, 0xA6, 0xC4, 0x5D, 0x3E, 0xED, 0xED, 0xDD, 0x6A, 0x4B, 0xF2, 0x33, 0xD3, 0xAB,
    0xEB, 0xAF, 0x4A, 0x1D, 0x4A, 0xBD, 0x53, 0x0E, 0x52, 0xF6, 0x52, 0x76, 0xCF, 0xE9, 0xD7, 0xDB,
    0x6F, 0x2A, 0xB0, 0x79, 0xAE, 0xC3, 0xBB, 0x22, 0xE0, 0x1F, 0x9A, 0xFF, 0x50, 0x04, 0x66, 0xC8,
    0x85, 0x52, 0xA7, 0x05, 0x0D, 0x94, 0x54, 0xB4, 0x56, 0x5C, 0x4B, 0xD4, 0xD0, 0x7A, 0x61, 0x2B,
    0x01, 0x84, 0xEC, 0xCF, 0xB1, 0xE0, 0x70, 0x7F, 0x7D, 0xE8, 0x74, 0x78, 0x07, 0xDA, 0x84, 0x30,
    0xF9, 0x73, 0xFE, 0x05, 0x3A, 0x38, 0x2A, 0x0A, 0x07, 0xBD, 0x4F, 0x3D, 0xD3, 0x1E, 0xC1, 0x68,
    0xE6, 0x30, 0x6B, 0xC0, 0x54, 0xC9, 0x3D, 0x18, 0x23, 0x7D, 0x03, 0x76, 0xC9, 0xC1, 0x9B, 0x5C,
    0x07, 0x6B, 0x10, 0xA1, 0x27, 0x73, 0x03, 0xF9, 0xFC, 0x88, 0xFC, 0xE6, 0xB2, 0xA8, 0x21, 0x09,
    0xA4, 0x48, 0x2A, 0xC0, 0x20, 0xAE, 0x21, 0x5B, 0x64, 0x28, 0x04, 0xFE, 0x54, 0x3B, 0x23, 0x3B,
    0x7B, 0x7B, 0x7B, 0xCB, 0xFD, 0x43, 0xC9, 0x00, 0xE5, 0x09, 0x30, 0x2F, 0xA4, 0x84, 0xD4, 0x98,
    0xB5, 0x94, 0x0B, 0x6B, 0x82, 0xC2, 0xE9, 0xC8, 0x93, 0xEF, 0xC3, 0xFC, 0x0B, 0x0D, 0x61, 0xE1,
    0xC5, 0x28, 0x40, 0x4E, 0x3C, 0xD0, 0x17, 0xE4, 0x2B, 0xA3, 0xB2, 0x45, 0x2F, 0x2B, 0x11, 0x41,
    0x83, 0x03, 0x32, 0x07, 0xA0, 0xD9, 0xC8, 0xE7, 0xB9, 0xCD, 0x87, 0xA5, 0x4E, 0x69, 0xDE, 0x07,
    0xF6, 0x9C, 0x20, 0xCB, 0xA6, 0x9B, 0x70, 0xA9, 0x84, 0x16, 0x2C, 0x80, 0x28, 0x50, 0xD9, 0xE1,
    0x86, 0x57, 0xD7, 0x04, 0x5D, 0x09, 0x74, 0x11, 0x7A, 0xA4, 0xA1, 0xD1, 0xE0, 0xC9, 0xF4, 0x72,
    0x01, 0xFA, 0x03, 0x2C, 0x13, 0xE8, 0xAF, 0x70, 0xE8, 0x40, 0xA7, 0xD7, 0xB4, 0x0A, 0x14, 0x87,
    0x35, 0x3C, 0x4F, 0x5B, 0x52, 0x07, 0xDA, 0x00, 0x3D, 0x1B, 0x5A, 0x1B, 0x37, 0xDB, 0x14, 0xCF,
    0xFB, 0x47, 0xE7, 0xF8, 0x55, 0x9D, 0xED, 0x30, 0x80, 0x8D, 0x58, 0x8F, 0xBE, 0xD0, 0xAA, 0xD4,
    0x37, 0xE1, 0x7E, 0x25, 0x34, 0x63, 0x6E, 0x4E, 0xAE, 0x03, 0xEA, 0x2D, 0x83, 0xDA, 0x02, 0x86,
    0x92, 0x58, 0x03, 0xAD, 0x92, 0x49, 0xB4, 0x4E, 0x07, 0x71, 0x15, 0xF4, 0xEC, 0x8A, 0xBC, 0x97,
    0x5D, 0x9C, 0x42, 0x43, 0x3C, 0x91, 0xD0, 0xEA, 0x19, 0x49, 0x3A, 0x49, 0x50, 0x25, 0x5A, 0xC4,
    0x75, 0xA4, 0xBF, 0xB9, 0x4A, 0xB0, 0x69, 0x01, 0x87, 0xE5, 0xA4, 0x3D, 0x1E, 0x19, 0xAE, 0xBF,
    0x36, 0x58, 0xD0, 0x79, 0x43, 0x67, 0x2E, 0x9C, 0x1A, 0x4D, 0x1E, 0x4B, 0x2F, 0xDE, 0x21, 0x75,
    0x0A, 0x1A, 0xA9, 0xFE, 0x3A, 0xC1, 0xAA, 0x9F, 0x61, 0x2D, 0xFE, 0x2D, 0x27, 0x1E, 0x88, 0x20,
    0x80, 0xB3, 0x11, 0xD2, 0xC0, 0x46, 0xBA, 0x45, 0x39, 0x61, 0x8B, 0xE6, 0x1B, 0xFA, 0x70, 0x8E,
    0xAD, 0xF2, 0x3B, 0x20, 0x4E, 0x39, 0xC5, 0xCE, 0x3F, 0x3F, 0xA0, 0x3D, 0xF5, 0x7B, 0xA5, 0x87,
    0x46, 0x0C, 0x18, 0x4B, 0xF2, 0x11, 0xEC, 0x9B, 0x86, 0x20, 0x02, 0x85, 0x89, 0xF4, 0x15, 0xD3,
    0x90, 0x6B, 0xA1, 0xA1, 0xB2, 0xE5, 0x0E, 0x3D, 0xB6, 0xF4, 0x64, 0x20, 0x4A, 0x67, 0x72, 0xB2,
    0xB7, 0xB7, 0xFB, 0x38, 0x0D, 0x51, 0xA0, 0x16, 0x61, 0x37, 0x6A, 0x23, 0x3D, 0xB9, 0xD5, 0x70,
    0xD3, 0x0A, 0x1A, 0xA2, 0xCB, 0xEC, 0x10, 0xC2, 0xB7, 0x4E, 0xA8, 0x1F, 0x18, 0x36, 0x1D, 0x4B,
    0x20, 0xAE, 0xCB, 0x00, 0xC1, 0x36, 0xAD, 0x71, 0xE0, 0x05, 0x68, 0xA2, 0xDD, 0xC0, 0x97, 0x04,
    0x07, 0x0D, 0x9E, 0xEC, 0xE8, 0x9F, 0xBB, 0x5B, 0x2F, 0x9E, 0x85, 0x18, 0x36, 0x10, 0x04, 0x3B,
    0x4F, 0xF8, 0xB7, 0x0F, 0x25, 0x7C, 0xFD, 0x2A, 0x7C, 0x8A, 0xB1, 0xB1, 0x0A, 0xE1, 0x5E, 0x37,
    0x57, 0xF1, 0x14, 0xE8, 0xEB, 0x92, 0xC0, 0x51, 0x2A, 0x52, 0x07, 0x7E, 0x41, 0x9B, 0x99, 0xFA,
    0x27, 0xFE, 0x2D, 0x5D, 0x10, 0xA1, 0x56, 0x3F, 0x57, 0x73, 0xD0, 0xC1, 0x3C, 0xFA, 0x00, 0x5B,
    0x1A, 0x06, 0x23, 0x3B, 0x62, 0x61, 0xF7, 0x0B, 0x43, 0x4B, 0x64, 0xEE, 0x48, 0x38, 0xC2, 0x2D,
    0x9C, 0x42, 0x33, 0xE9, 0xB4, 0x06, 0x54, 0xCA, 0x5A, 0x62, 0xE8, 0x7D, 0x25, 0x11, 0xF0, 0x09,
    0x3A, 0x1A, 0xF5, 0x47, 0x77, 0xB0, 0xE3, 0x5B, 0x80, 0xBE, 0xDF, 0x41, 0xDE, 0x9B, 0x0E, 0x36,
    0xEE, 0x38, 0xFB, 0xE3, 0xEC, 0x90, 0xB3, 0x47, 0xCE, 0x0E, 0xF8, 0xC4, 0xE1, 0xF2, 0x52, 0x66,
    0xBF, 0xF4, 0x8E, 0xC9, 0x41, 0x8F, 0x70, 0x1C, 0x5C, 0x93, 0x09, 0x06, 0xFE, 0xC5, 0x24, 0x82,
    0x21, 0xB4, 0xA1, 0x09, 0xB6, 0x87, 0xFA, 0x9C, 0x43, 0x43, 0xE7, 0x8D, 0xD4, 0xBC, 0x17, 0x56,
    0x7D, 0xC5, 0x5C, 0xD5, 0x06, 0xF9, 0xA8, 0x30, 0xEE, 0x42, 0x4C, 0xE0, 0x45, 0x85, 0xCA, 0x4B,
    0xF2, 0xC8, 0x1F, 0xE5, 0xE4, 0xE5, 0x19, 0x3B, 0xCF, 0x85, 0x38, 0xE9, 0xAD, 0xBE, 0xE2, 0x25,
    0xE9, 0x01, 0x33, 0x16, 0x22, 0x1D, 0x7E, 0x79, 0x2B, 0x17, 0x8B, 0xD3, 0xA3, 0x52, 0x45, 0xDE,
    0xEC, 0x98, 0x75, 0x9F, 0x25, 0x17, 0x3A, 0xC6, 0x37, 0xE8, 0xEF, 0xA6, 0x16, 0xB0, 0x31, 0x10,
    0x71, 0x8E, 0xF8, 0xE9, 0x69, 0xCE, 0x80, 0x09, 0xCA, 0xD8, 0x18, 0x31, 0x8A, 0xD6, 0x51, 0xCF,
    0xE7, 0x49, 0x63, 0x6F, 0x69, 0xB6, 0xDA, 0x99, 0x45, 0x47, 0xD2, 0x5F, 0xCC, 0x9E, 0xF7, 0xB5,
    0x30, 0x90, 0xD1, 0x9A, 0x7F, 0x19, 0xE0, 0x1A, 0x08, 0x84, 0x99, 0x25, 0xA3, 0x31, 0x8A, 0x13,
    0xDB, 0x41, 0x57, 0x78, 0x1E, 0x33, 0x7E, 0x76, 0xA1, 0x76, 0xD4, 0x8B, 0x53, 0xD2, 0x85, 0x92,
    0x5B, 0xF2, 0x9A, 0x99, 0x5D, 0xCE, 0xAB, 0xF3, 0x7F, 0x69, 0x13, 0x64, 0xAC, 0x03, 0x41, 0xD2,
    0x00, 0x3E, 0xBE, 0xD3, 0x31, 0x22, 0x40, 0x73, 0xBD, 0xAB, 0x16, 0xD6, 0x99, 0xC7, 0x8E, 0x4E,
    0x61, 0x1A, 0x9D, 0x22, 0x35, 0x24, 0x58, 0xED, 0x0E, 0xDB, 0x9D, 0xE2, 0x75, 0x0B, 0xAB, 0xFF,
    0xCD, 0xDD, 0xE6, 0x0C, 0x0F, 0xE8, 0x87, 0x98, 0x0E, 0x4E, 0x61, 0x1D, 0x58, 0x45, 0x28, 0x74,
    0x36, 0x8A, 0xB3, 0x91, 0x85, 0x09, 0x7C, 0x96, 0x62, 0x88, 0x36, 0x22, 0xCC, 0xFC, 0xFF, 0x2F,
    0xCE, 0x16, 0xEC, 0x2F, 0x0D, 0x81, 0x93, 0xCC, 0x00, 0x01, 0xA6, 0x00, 0xD6, 0xC4, 0xF2, 0x05,
    0xE2, 0x5B, 0x32, 0xF2, 0x26, 0xB1, 0x24, 0x82, 0xDC, 0x81, 0xF8, 0xBE, 0x78, 0x2A, 0xB5, 0x99,
    0x7E, 0x15, 0x96, 0x63, 0x13, 0xFF, 0x2A, 0x02, 0x9E, 0x5A, 0x46, 0x45, 0x3A, 0xF4, 0x15, 0x4B,
    0x02, 0xBE, 0x96, 0xB0, 0x64, 0x90, 0xEB, 0xAB, 0x08, 0xC6, 0xB9, 0x7E, 0x0A, 0xAE, 0xA0, 0x93,
    0x1B, 0xBA, 0x42, 0x70, 0x0E, 0x29, 0x01, 0x5C, 0xC7, 0x04, 0x30, 0x9B, 0x5A, 0xAA, 0xAF, 0xE7,
    0xD2, 0xE0, 0x2C, 0xDA, 0xCC, 0xA5, 0x84, 0x37, 0x07, 0x77, 0xF0, 0xBB, 0x4D, 0x37, 0x58, 0x74,
    0x30, 0xCE, 0x05, 0xB0, 0x83, 0xB9, 0xCE, 0x4E, 0xF1, 0x44, 0x87, 0xB3, 0x00, 0x04, 0x66, 0x4F,
    0x8A, 0x0D, 0xE3, 0xFB, 0x6B, 0x2B, 0xBE, 0x2E, 0x58, 0xBA, 0x74, 0x1A, 0xD1, 0x6E, 0xFA, 0xA3,
    0xF6, 0x3E, 0xA5, 0x3E, 0xB7, 0x64, 0x3D, 0x6E, 0x92, 0x35, 0xCB, 0x80, 0x9F, 0x95, 0x05, 0xA0,
    0xDE, 0x83, 0x91, 0xCA, 0x89, 0x39, 0x35, 0x58, 0x26, 0x67, 0x14, 0x12, 0x0C, 0x5A, 0x64, 0xD1,
    0xE9, 0x4F, 0xD6, 0x7E, 0x00, 0x6C, 0x2F, 0xAE, 0xD7, 0x87, 0x84, 0x5F, 0x91, 0xEB, 0xC7, 0xAC,
    0xE2, 0xEE, 0x92, 0xED, 0x7B, 0x8A, 0x8A, 0x76, 0x4C, 0x41, 0xFA, 0x84, 0x25, 0xDF, 0xC2, 0x94,
    0x6D, 0x8E, 0xB8, 0x21, 0xF5, 0xD3, 0x49, 0x23, 0xE6, 0xB6, 0x04, 0x16, 0x83, 0x32, 0x1F, 0x5E,
    0x3C, 0x24, 0xBB, 0x75, 0x32, 0xB9, 0x2E, 0x6F, 0x16, 0x43, 0x5E, 0x45, 0x43, 0x59, 0x85, 0x5D,
    0xD9, 0x04, 0x05, 0x1B, 0x94, 0x1C, 0x6B, 0xD0, 0x0F, 0x15, 0xE8, 0x8F, 0xE0, 0xA3, 0xB0, 0x81,
    0x55, 0x04, 0x6E, 0x7A, 0x01, 0xA2, 0xA2, 0x3E, 0x56, 0x27, 0xE1, 0xE4, 0x8A, 0x68, 0x2C, 0xEB,
    0x45, 0x8F, 0x5D, 0xDB, 0x98, 0x79, 0x6E, 0x07, 0x0A, 0x67, 0x4B, 0x97, 0x60, 0xFF, 0x0C, 0x57,
    0xEE, 0xA3, 0x06, 0xF6, 0x69, 0x39, 0xE7, 0x92, 0xFE, 0xB6, 0x3C, 0x4F, 0xD4, 0xB1, 0x32, 0x40,
    0xA7, 0x6F, 0xC0, 0x79, 0x07, 0x3E, 0xF0, 0xCF, 0xEE, 0x26, 0xF2, 0xE7, 0x0C, 0xB3, 0xF5, 0x66,
    0x88, 0x18, 0x6E, 0x6D, 0x4D, 0xF8, 0x4C, 0xBE, 0xB8, 0x19, 0xE6, 0xE0, 0x14, 0x79, 0x1E, 0xFC,
    0x80, 0x3E, 0xAD, 0x26, 0xA8, 0x26, 0x5F, 0xF0, 0xF4, 0x74, 0xD0, 0x05, 0xC2, 0x39, 0xAD, 0xB9,
    0xFB, 0x30, 0xFB, 0xA9, 0x4E, 0x0B, 0xED, 0x31, 0x2D, 0x26, 0xEC, 0x2A, 0x29, 0x57, 0x0C, 0x1D,
    0xB9, 0x30, 0x72, 0x5C, 0x37, 0xA9, 0x8E, 0x4D, 0xAE, 0xC1, 0x6A, 0x28, 0x56, 0x38, 0x5D, 0x68,
    0x3D, 0x31, 0x7B, 0x8C, 0x6C, 0x88, 0x6A, 0xC2, 0xC4, 0x74, 0xA9, 0xEC, 0x8E, 0x63, 0x4D, 0x0A,
    0xC6, 0xA1, 0x23, 0xC3, 0xFB, 0x64, 0xD8, 0xF7, 0x6D, 0xA4, 0xF5, 0x9B, 0xCE, 0xCA, 0x95, 0xB2,
    0xDB, 0x4A, 0xBF, 0x50, 0x38, 0x0E, 0x2A, 0xB5, 0xE2, 0x4D, 0xC9, 0x1B, 0xB6, 0xAC, 0x28, 0x84,
    0x99, 0x4D, 0x50, 0x07, 0xAF, 0x58, 0xE8, 0x50, 0xD2, 0x8A, 0x27, 0x9A, 0x90, 0x6C, 0x86, 0x1C,
    0xC4, 0x6C, 0xD0, 0xB4, 0xA1, 0xC6, 0x5B, 0x00, 0x6D, 0xEC, 0x91, 0xBA, 0xC4, 0x75, 0xE4, 0x21,
    0xEB, 0xD3, 0xAC, 0x27, 0x1B, 0xE9, 0x90, 0x25, 0x03, 0x9B, 0xF5, 0x64, 0xB8, 0x96, 0x8C, 0x6C,
    0xD7, 0x93, 0xF1, 0xF6, 0x62, 0xBA, 0xC6, 0x42, 0x7A, 0x3A, 0x8E, 0xF4, 0xB6, 0x75, 0x5B, 0x68,
    0x6B, 0x8F, 0x7D, 0x17, 0x1C, 0x5A, 0xD9, 0x16, 0x5A, 0xFF, 0x30, 0x7B, 0xED, 0xDC, 0xF1, 0x54,
    0x2C, 0x96, 0xC8, 0xFF, 0x4A, 0xF2, 0x6A, 0x8B, 0xF3, 0xBB, 0x56, 0xB4, 0x7E, 0xC2, 0x4E, 0x61,
    0x60, 0x55, 0x85, 0x14, 0x08, 0x99, 0xB3, 0x91, 0x25, 0x5A, 0xA2, 0x64, 0x18, 0x9E, 0x51, 0x59,
    0x38, 0xB4, 0xE5, 0xA6, 0x8A, 0xDC, 0x53, 0xF5, 0xEA, 0xC7, 0xDB, 0xF0, 0x77, 0x03, 0x7E, 0xED,
    0x70, 0x7C, 0xBA, 0xCA, 0x88, 0x6A, 0xFB, 0x06, 0x40, 0x77, 0xAD, 0x62, 0xC5, 0x7D, 0xEB, 0xBF,
    0x58, 0x78, 0xBA, 0x31, 0xDC, 0x90, 0x22, 0xF3, 0x6A, 0x0F, 0x6A, 0xD9, 0x16, 0x93, 0x0B, 0x98,
    0x09, 0x91, 0x91, 0xDD, 0x21, 0x02, 0x93, 0x25, 0x65, 0x53, 0x5A, 0x4B, 0x8D, 0x95, 0x2D, 0xD5,
    0x95, 0xF7, 0x09, 0xBF, 0x65, 0x0C, 0x54, 0x54, 0x3A, 0xA4, 0xE6, 0xE5, 0xB9, 0x75, 0x16, 0xD7,
    0x4C, 0x09, 0xC7, 0x32, 0x57, 0xB2, 0xF3, 0xC7, 0x81, 0x59, 0x03, 0xA5, 0xFF, 0xA0, 0x51, 0x6D,
    0x51, 0x2B, 0x6B, 0x9C, 0x15, 0x7E, 0x16, 0x27, 0x62, 0xB3, 0x70, 0xC6, 0x45, 0x2F, 0x5B, 0xA4,
    0xCB, 0xED, 0x73, 0xC3, 0xD5, 0xE5, 0xA9, 0xA9, 0xF9, 0x0D, 0xA3, 0x23, 0x69, 0x93, 0x3F, 0x51,
    0x74, 0x26, 0xB0, 0x74, 0x95, 0x14, 0x08, 0xE8, 0xA9, 0xEF, 0x65, 0xAC, 0xD6, 0x77, 0xED, 0x1C,
    0x0D, 0x28, 0x88, 0xFF, 0x14, 0x42, 0x8D, 0xF8, 0x6E, 0x00, 0xCC, 0x7C, 0x40, 0xB0, 0x7F, 0x1B,
    0xE3, 0x65, 0x8F, 0x97, 0x61, 0x9F, 0x4D, 0xEB, 0xA3, 0x9E, 0xF5, 0xB5, 0x27, 0x22, 0x97, 0xBE,
    0xB4, 0x18, 0x92, 0xA2, 0x30, 0xE2, 0x86, 0x04, 0x9B, 0x7B, 0xDA, 0x65, 0x4A, 0xB2, 0x4F, 0x20,
    0x44, 0x2B, 0xAF, 0x2B, 0x34, 0x0C, 0x65, 0xB7, 0x34, 0xF3, 0x94, 0xF5, 0x3C, 0x83, 0x67, 0x65,
    0xD3, 0xD2, 0xC7, 0xAF, 0xFD, 0xC3, 0x77, 0x87, 0x7F, 0xF2, 0xC7, 0x84, 0x49, 0x2F, 0xB9, 0x61,
    0x79, 0xBA, 0x99, 0x23, 0xC8, 0x19, 0x97, 0x9B, 0x2F, 0x44, 0x7C, 0x84, 0xAB, 0x42, 0x08, 0xD9,
    0xD0, 0xA4, 0x5D, 0x9A, 0x86, 0xB6, 0xA4, 0x39, 0xFB, 0x6A, 0xE4, 0x6D, 0x4A, 0x0B, 0xF5, 0x32,
    0x98, 0xC3, 0x82, 0x41, 0x87, 0xE8, 0x10, 0xB0, 0x3E, 0x0D, 0xBB, 0x3C, 0x9C, 0xA2, 0xF6, 0xBA,
    0xB8, 0xFB, 0xCD, 0x35, 0xEC, 0x5C, 0x7D, 0x68, 0x5F, 0x0C, 0xF8, 0xF7, 0x37, 0xE5, 0x59, 0xBD,
    0x8F, 0xDD, 0xC6, 0x11, 0x1F, 0x92, 0xD2, 0x11, 0x38, 0x16, 0x74, 0x71, 0x6A, 0x64, 0x44, 0x6C,
    0x12, 0x20, 0x51, 0xA1, 0x6D, 0x53, 0xE8, 0x6E, 0x37, 0x56, 0xE1, 0x56, 0x85, 0x9E, 0x03, 0xC4,
    0x85, 0x1A, 0x07, 0x48, 0xD4, 0x5C, 0x93, 0x22, 0xC5, 0xF3, 0x2D, 0x93, 0xBF, 0x40, 0x4D, 0xEA,
    0x5C, 0x61, 0x20, 0xD6, 0x73, 0xA1, 0x56, 0x40, 0xEE, 0x44, 0xC6, 0xFE, 0x07, 0xA8, 0x20, 0xE9,
    0x89, 0x44, 0x02, 0x02, 0xA5, 0x08, 0x81, 0x50, 0x08, 0xA5, 0x90, 0xDC, 0xFC, 0x66, 0x76, 0xDF,
    0xDD, 0x7B, 0x80, 0x25, 0x23, 0x89, 0x62, 0xC4, 0xD2, 0xFB, 0x98, 0xD9, 0x47, 0xEE, 0xC7, 0xFC,
    0x66, 0x66, 0x67, 0x86, 0xFB, 0x22, 0x93, 0xF7, 0x7A, 0xE4, 0xB7, 0x1A, 0x77, 0xEE, 0x12, 0x5E,
    0x91, 0x49, 0x5B, 0xBC, 0xBB, 0x0C, 0xEF, 0x9C, 0xDF, 0x3D, 0xDE, 0x43, 0x81, 0xB7, 0x1A, 0xF9,
    0x8D, 0xBE, 0x93, 0x9E, 0x88, 0xAE, 0x73, 0xE7, 0xE5, 0x9A, 0xBC, 0xEB, 0x1E, 0x13, 0x39, 0xE7,
    0x4C, 0xEA, 0x66, 0x57, 0xE7, 0xD3, 0xB2, 0x6A, 0xD5, 0xB8, 0xB4, 0xAD, 0xEE, 0x97, 0xBA, 0xB1,
    0xDD, 0x52, 0x9B, 0xAA, 0x43, 0x3F, 0x21, 0x6E, 0x9B, 0x9C, 0xDF, 0xB0, 0x3D, 0x88, 0x1E, 0x96,
    0x54, 0xAA, 0x69, 0x19, 0x37, 0xB9, 0x3B, 0x29, 0xEA, 0x14, 0x93, 0x96, 0x98, 0x79, 0x26, 0xDA,
    0x75, 0x77, 0x37, 0x97, 0xF4, 0x84, 0x5F, 0xB1, 0x9B, 0x0D, 0x15, 0xCE, 0xB5, 0x54, 0x3D, 0xB6,
    0x03, 0xB9, 0x5A, 0x8D, 0xB1, 0x33, 0x39, 0x08, 0xE5, 0x43, 0x02, 0xD2, 0x82, 0x70, 0x37, 0x03,
    0x78, 0x98, 0x0D, 0x0B, 0xD7, 0x44, 0x97, 0xDC, 0x1F, 0x17, 0xA4, 0x31, 0xBD, 0x27, 0xA4, 0x7A,
    0xDC, 0x28, 0x06, 0x90, 0xFC, 0x9C, 0xF0, 0xB5, 0xBC, 0x03, 0x51, 0x0D, 0x88, 0x36, 0x14, 0x13,
    0x16, 0xCB, 0x20, 0xD5, 0x5C, 0x61, 0x45, 0xE7, 0xD4, 0xEC, 0xDC, 0x74, 0x8D, 0x76, 0x5C, 0xFF,
    0x0E, 0xD1, 0x45, 0x23, 0xF2, 0x7C, 0x8B, 0xE8, 0x0A, 0xE9, 0xC3, 0xD9, 0x9A, 0x82, 0x05, 0x4F,
    0xA7, 0x0F, 0x07, 0xCA, 0xDA, 0x68, 0xA0, 0xBC, 0xA6, 0x13, 0xCA, 0x0D, 0x7D, 0x4C, 0x85, 0xA1,
    0x7D, 0x6E, 0x81, 0x94, 0xB8, 0x96, 0x35, 0x34, 0x52, 0x3A, 0xA4, 0x03, 0xC3, 0x98, 0x48, 0x57,
    0xAE, 0x32, 0x57, 0xA2, 0xBB, 0x57, 0xE8, 0x02, 0xE1, 0x53, 0xB9, 0xA1, 0x70, 0x65, 0xE5, 0x46,
    0x05, 0x68, 0xAE, 0x49, 0x67, 0xCA, 0x5C, 0x19, 0x8D, 0x94, 0x80, 0xF6, 0x80, 0x55, 0xC7, 0x90,
    0xD0, 0x35, 0x49, 0xC3, 0x1A, 0x4D, 0x01, 0xCD, 0x76, 0x98, 0x15, 0x9A, 0x2C, 0x18, 0xD1, 0x78,
    0xC0, 0x18, 0x26, 0xD6, 0x56, 0x3A, 0x3F, 0x00, 0x4D, 0x5C, 0xC7, 0xC4, 0xB9, 0x81, 0x58, 0xBB,
    0x23, 0x45, 0x0B, 0xF7, 0xEC, 0x16, 0x6B, 0xA5, 0x25, 0x6E, 0x3F, 0xB9, 0x19, 0xAE, 0x7B, 0xEA,
    0xAF, 0x6F, 0xD1, 0xC4, 0xB1, 0x5E, 0x2A, 0xC7, 0x6A, 0x14, 0xFA, 0xD1, 0xB8, 0xF5, 0xFA, 0x28,
    0x18, 0x66, 0xFB, 0xEA, 0x48, 0x17, 0x6F, 0xC9, 0xB0, 0x86, 0x92, 0xF9, 0x3E, 0xB4, 0xD1, 0xA5,
    0x23, 0x15, 0x4D, 0x3C, 0x91, 0xAA, 0x81, 0x06, 0x64, 0x60, 0x35, 0xC3, 0x94, 0x9D, 0x48, 0x0C,
    0x92, 0xA1, 0x2F, 0xE5, 0xD0, 0x08, 0x69, 0x8B, 0xA6, 0x4D, 0x21, 0x73, 0x45, 0x76, 0x06, 0xC9,
    0x9C, 0xB1, 0x35, 0x0C, 0xA9, 0x7B, 0xB2, 0x75, 0xE1, 0x8C, 0xAE, 0x33, 0xD7, 0xAB, 0x32, 0x72,
    0xCE, 0x1A, 0x52, 0xEC, 0x2F, 0xB1, 0x08, 0xAF, 0x46, 0x01, 0x4E, 0x11, 0x64, 0x67, 0x8D, 0x57,
    0xA4, 0x4B, 0xB2, 0xA4, 0x6B, 0x3A, 0x22, 0xDD, 0xD0, 0x44, 0x45, 0x1F, 0xC3, 0x3C, 0xEC, 0x3D,
    0x51, 0xE5, 0xCC, 0xDA, 0xA7, 0x2E, 0xA0, 0x87, 0x35, 0xB6, 0xA9, 0x6A, 0xDB, 0x60, 0x91, 0xDA,
    0xD6, 0x97, 0xE9, 0x32, 0x9D, 0xBD, 0x0E, 0x45, 0x03, 0xDE, 0x39, 0x49, 0x3D, 0xA7, 0xC3, 0x9E,
    0xA7, 0xA7, 0x68, 0xA6, 0x84, 0x6F, 0xA8, 0x32, 0x6B, 0x62, 0xD7, 0x66, 0x4D, 0x5E, 0x2A, 0x37,
    0x25, 0x9D, 0xC2, 0xB2, 0x55, 0xD4, 0x1F, 0x00, 0xE6, 0x01, 0x8D, 0x4B, 0xF4, 0xF9, 0x2E, 0x2D,
    0x4F, 0x52, 0xC6, 0xB9, 0x3F, 0x64, 0xCC, 0x0E, 0x86, 0xAC, 0x15, 0x96, 0xB7, 0x9B, 0xBF, 0xFC,
    0xBD, 0xD0, 0x73, 0x29, 0x73, 0x2F, 0xF7, 0x63, 0x98, 0x9E, 0x4E, 0x34, 0xCD, 0x54, 0xD0, 0x50,
    0x18, 0xFD, 0x02, 0x2B, 0xE4, 0x4D, 0xC6, 0xEB, 0xA1, 0xC7, 0x1E, 0x56, 0xC7, 0x2D, 0x91, 0x47,
    0x3F, 0x16, 0x8F, 0x06, 0x3A, 0x56, 0x24, 0x59, 0xF7, 0x5C, 0xA4, 0x5F, 0xC8, 0x6E, 0xC0, 0xBD,
    0x7F, 0xCE, 0x80, 0xE9, 0xA8, 0xA8, 0x19, 0xB8, 0x33, 0x31, 0x14, 0xA0, 0x5E, 0x38, 0x53, 0xE1,
    0xB7, 0xBC, 0x7F, 0x81, 0xF6, 0x5F, 0x5D, 0xA9, 0x67, 0xDD, 0xED, 0x1C, 0x5F, 0x3E, 0xA6, 0x5D,
    0x03, 0x1D, 0x68, 0xA8, 0x8F, 0x1E, 0x42, 0x73, 0xF1, 0x98, 0xB0, 0xD7, 0x62, 0x93, 0x14, 0x9D,
    0xEE, 0x48, 0xB7, 0x55, 0x43, 0x18, 0x5A, 0x53, 0x05, 0x95, 0x91, 0xEE, 0x6C, 0x83, 0x0D, 0xA4,
    0x3A, 0x4A, 0xC7, 0xAC, 0xA7, 0x68, 0x42, 0x67, 0x8C, 0x84, 0x2D, 0x95, 0xD1, 0xBC, 0x57, 0x2E,
    0xB2, 0xEF, 0xB0, 0x5F, 0x83, 0xDC, 0x59, 0xAD, 0xEE, 0xF3, 0xC6, 0xCC, 0xBF, 0x9A, 0x68, 0x37,
    0x9C, 0x7D, 0x5E, 0x62, 0x0F, 0x20, 0xC3, 0xCF, 0x79, 0xCB, 0x1E, 0xBF, 0x5F, 0xDD, 0x33, 0xB0,
    0xC7, 0xFB, 0xCE, 0xF5, 0x6C, 0x0F, 0x1B, 0x4D, 0xD4, 0xEF, 0x0B, 0x96, 0x93, 0x25, 0x98, 0xA6,
    0xE5, 0x03, 0x61, 0xFB, 0x83, 0x5C, 0x3C, 0xE8, 0xC1, 0x46, 0x61, 0xD8, 0x2E, 0xD7, 0x98, 0xD5,
    0xB0, 0x07, 0xE9, 0xBC, 0xA1, 0x03, 0xF4, 0x84, 0x45, 0xF6, 0x31, 0x0E, 0xAE, 0xB3, 0xE4, 0x59,
    0x26, 0x3A, 0x39, 0x90, 0x71, 0x43, 0xF1, 0x9E, 0x6B, 0xF5, 0x9F, 0xBA, 0xFC, 0xF3, 0xD5, 0xF1,
    0xEE, 0x6F, 0x9A, 0x84, 0x0D, 0x57, 0x94, 0x8C, 0x1A, 0x2E, 0x00, 0x15, 0xD1, 0xBB, 0x2F, 0xB1,
    0xC7, 0xD5, 0xD5, 0x6A, 0xF5, 0x09, 0x47, 0xA2, 0x9E, 0x5B, 0xC7, 0x3E, 0xAE, 0x41, 0x81, 0x70,
    0x62, 0xF5, 0x14, 0x66, 0x32, 0x16, 0x0E, 0xAB, 0xCC, 0x43, 0x7C, 0x99, 0x5B, 0x16, 0xF6, 0x11,
    0x4C, 0x27, 0xFB, 0x14, 0xAB, 0xDC, 0x81, 0x05, 0x63, 0x1E, 0x26, 0x4B, 0xBE, 0x8C, 0xDC, 0xF9,
    0xEC, 0xC5, 0x4A, 0x34, 0x5E, 0x0B, 0x79, 0x75, 0x67, 0xE2, 0xB8, 0x72, 0xFE, 0x82, 0x8D, 0x36,
    0xC7, 0xEE, 0x20, 0x1C, 0x2B, 0xAC, 0xAE, 0x7F, 0x39, 0x91, 0xFD, 0xC1, 0x4C, 0x0A, 0x0E, 0x17,
    0x45, 0xBC, 0xEF, 0x60, 0x67, 0xD6, 0x3A, 0x82, 0x1A, 0x04, 0x25, 0x3A, 0xE5, 0xD9, 0x62, 0x93,
    0x97, 0x89, 0xB1, 0x8B, 0xDB, 0x06, 0x83, 0xE5, 0xBB, 0x58, 0x2C, 0x80, 0xF0, 0x2E, 0x10, 0x0C,
    0x7E, 0x8E, 0xC8, 0x61, 0x0E, 0x36, 0x1A, 0x94, 0x05, 0x5F, 0x89, 0xE0, 0x4D, 0x11, 0xA7, 0x95,
    0x38, 0x38, 0x33, 0x55, 0xE6, 0x67, 0xF8, 0x22, 0xC0, 0xD3, 0xC3, 0x14, 0x41, 0x12, 0x26, 0xDF,
    0x59, 0xE1, 0xF2, 0xEA, 0x18, 0x8A, 0x4A, 0x38, 0xE0, 0x93, 0x6A, 0x09, 0xBB, 0x7F, 0x6F, 0x2D,
    0x71, 0xD5, 0xBD, 0xD6, 0x4F, 0x8F, 0xF0, 0xBA, 0xA6, 0x43, 0xC4, 0x74, 0x4A, 0x21, 0x04, 0xC0,
    0xE8, 0x91, 0x66, 0x37, 0xE5, 0xAE, 0x1E, 0xAB, 0x1E, 0xF1, 0x78, 0x94, 0x44, 0x30, 0x8A, 0x0C,
    0x93, 0x50, 0xE7, 0xA9, 0x84, 0x17, 0xC6, 0x04, 0xD9, 0xE4, 0xB6, 0x66, 0xEF, 0x44, 0x10, 0x94,
    0xDB, 0x1F, 0xB0, 0x82, 0xD9, 0x87, 0x5D, 0xCD, 0xB9, 0x65, 0x36, 0xDA, 0xCD, 0xF0, 0x33, 0xA6,
    0xC0, 0x05, 0xDA, 0xBC, 0x94, 0x6A, 0xA1, 0x4A, 0x68, 0x2E, 0x34, 0x11, 0x4A, 0x3F, 0x7A, 0xC8,
    0x94, 0x0E, 0xFE, 0x27, 0x94, 0x63, 0xD4, 0x43, 0x8E, 0x4D, 0x6A, 0x4E, 0xE1, 0x4C, 0x9E, 0xCA,
    0x2B, 0x22, 0xD5, 0xD9, 0xBE, 0x1A, 0xEC, 0xA0, 0xBB, 0xDD, 0x92, 0x6E, 0x52, 0xDC, 0x52, 0x32,
    0x70, 0xC6, 0x42, 0xB4, 0x66, 0xBC, 0x45, 0xF3, 0x9D, 0xAA, 0xD6, 0x08, 0x37, 0xD8, 0x0E, 0x97,
    0x11, 0x95, 0x81, 0xBB, 0xD4, 0xB6, 0xDC, 0x47, 0x70, 0x7E, 0xC5, 0xA7, 0x6A, 0x94, 0x73, 0x97,
    0x16, 0x8B, 0xA8, 0x7A, 0xCC, 0x9B, 0x08, 0xF6, 0xB6, 0x88, 0xCD, 0xAA, 0xAD, 0xEA, 0xA2, 0xAB,
    0xCA, 0xF3, 0x2F, 0x32, 0x42, 0xA7, 0x6B, 0xDD, 0xE0, 0x17, 0x2A, 0x08, 0xF8, 0xCF, 0x9D, 0x63,
    0xFA, 0x09, 0x7D, 0xCA, 0xB1, 0xEB, 0x08, 0xEA, 0xAE, 0x31, 0x55, 0xDE, 0x41, 0x0A, 0x09, 0x5E,
    0xC9, 0x8C, 0x3C, 0x14, 0xB9, 0x1B, 0xB0, 0x91, 0xFB, 0x1D, 0x4C, 0xE4, 0x3E, 0x47, 0x24, 0x74,
    0x28, 0x19, 0x92, 0x29, 0x1B, 0x29, 0xEB, 0x91, 0xFF, 0xF3, 0x56, 0x01, 0x5E, 0x89, 0xFC, 0xAF,
    0xD9, 0x9D, 0xF7, 0x88, 0x13, 0xD9, 0x55, 0xD6, 0x01, 0x57, 0x14, 0x24, 0x3E, 0x9E, 0x39, 0x6F,
    0xF3, 0x87, 0xD8, 0xE7, 0x31, 0xCC, 0xFA, 0xF3, 0x2A, 0xEC, 0xA2, 0xCA, 0x6F, 0x05, 0xE6, 0x79,
    0xED, 0x39, 0x6F, 0x0B, 0x89, 0x07, 0xE4, 0xF9, 0x69, 0xE0, 0xA3, 0xE7, 0x18, 0xBE, 0x62, 0x9E,
    0x74, 0x3C, 0x39, 0x72, 0x1D, 0xDC, 0x9B, 0x2B, 0x97, 0xBC, 0xCE, 0xB9, 0x5A, 0x99, 0x94, 0xB9,
    0xE6, 0xE8, 0xD2, 0xE2, 0x16, 0x82, 0x96, 0x38, 0xD6, 0x29, 0x75, 0xC2, 0xC7, 0xB8, 0x91, 0x42,
    0xA7, 0x4F, 0x4B, 0x27, 0x7B, 0x38, 0x17, 0xC7, 0xCB, 0x1A, 0xCD, 0xC9, 0x1E, 0xAB, 0x6B, 0x49,
    0xE8, 0xBC, 0x3A, 0x5F, 0xD7, 0xC1, 0x31, 0x4F, 0x19, 0x84, 0x91, 0xD5, 0x0B, 0xE7, 0xB7, 0xFC,
    0xC5, 0xC5, 0x4D, 0xC1, 0x77, 0x12, 0xBC, 0x76, 0x64, 0x7C, 0x46, 0x70, 0x59, 0xEC, 0x30, 0xC6,
    0x75, 0x1D, 0x5C, 0x70, 0x81, 0x0B, 0x2E, 0xCE, 0xBB, 0xC6, 0x73, 0xC1, 0x05, 0x7E, 0x1A, 0xF8,
    0xE8, 0x79, 0xDC, 0x7B, 0x8E, 0x00, 0xFC, 0x9C, 0x79, 0xF6, 0x88, 0x63, 0x90, 0x35, 0xF9, 0x17,
    0x63, 0xD1, 0x92, 0x2B, 0xD5, 0x8D, 0x21, 0xEF, 0xE0, 0xCA, 0x3A, 0x86, 0xD2, 0x61, 0xE6, 0x53,
    0x7A, 0x47, 0x8A, 0xAF, 0xD1, 0x6F, 0x11, 0x1E, 0x0E, 0xCB, 0xC9, 0xEA, 0x47, 0x82, 0x8B, 0x22,
    0xA9, 0xD2, 0x6A, 0x12, 0x87, 0x54, 0x2C, 0xC0, 0xB7, 0x05, 0xD7, 0x48, 0xDF, 0x67, 0x5C, 0xC9,
    0xB3, 0xC5, 0x03, 0xFE, 0x91, 0x32, 0x7E, 0x0C, 0x17, 0xCE, 0xEE, 0xB9, 0x58, 0xDC, 0xE2, 0xD8,
    0x83, 0x4A, 0x4C, 0xE2, 0x0F, 0xAF, 0xC0, 0x31, 0x88, 0xA7, 0xE3, 0x38, 0xC4, 0x2B, 0x70, 0x2C,
    0x12, 0x0F, 0x47, 0x3C, 0x12, 0x7C, 0x88, 0x49, 0x88, 0xE4, 0x12, 0x97, 0x18, 0x1F, 0xC7, 0xA6,
    0x23, 0x09, 0xD3, 0x73, 0xD8, 0xEA, 0x2E, 0xF2, 0x09, 0xA9, 0xBA, 0xD1, 0xC5, 0x9F, 0x12, 0x62,
    0xD5, 0xFB, 0x2D, 0x3C, 0x0B, 0xF1, 0x0A, 0x76, 0x1B, 0x39, 0x66, 0x15, 0x25, 0x02, 0x05, 0xE2,
    0x96, 0xA6, 0xDF, 0x8E, 0x1C, 0xBB, 0x8E, 0xA2, 0xBF, 0xCB, 0xC8, 0x31, 0xF9, 0x82, 0x79, 0x34,
    0x64, 0x37, 0x46, 0xB1, 0xDB, 0x95, 0x44, 0xAA, 0x96, 0xF6, 0xBA, 0xF0, 0xBC, 0x76, 0x5C, 0x9E,
    0x60, 0x75, 0xF0, 0x4E, 0xF0, 0xC9, 0xF5, 0xA3, 0xC0, 0xF1, 0x45, 0x3C, 0xF4, 0xC2, 0x87, 0x0D,
    0x78, 0x69, 0x11, 0x2A, 0x19, 0x09, 0x9E, 0x29, 0x9B, 0x30, 0xE3, 0xD4, 0xC8, 0x46, 0x24, 0xA9,
    0x86, 0x79, 0x37, 0x6C, 0xBE, 0x6E, 0x51, 0x08, 0x59, 0xD1, 0x19, 0xC9, 0x98, 0x54, 0x03, 0x0F,
    0xA8, 0xB9, 0x0C, 0x63, 0x97, 0xE1, 0x4B, 0x96, 0x61, 0x56, 0x6C, 0x4B, 0xF1, 0x16, 0x90, 0xBF,
    0x30, 0x41, 0x2A, 0x87, 0xBF, 0xD6, 0x7A, 0x40, 0x04, 0x2C, 0xA6, 0xCC, 0xD5, 0x89, 0xD4, 0xD5,
    0x87, 0x3E, 0xDE, 0xB1, 0x2C, 0xAB, 0xD2, 0x07, 0x07, 0xE7, 0xE3, 0x1D, 0xEA, 0x54, 0xCF, 0xF3,
    0x31, 0x74, 0x98, 0x42, 0x4F, 0x1B, 0xF8, 0xC5, 0x6D, 0x19, 0xA3, 0x80, 0x2E, 0x0E, 0x13, 0x24,
    0xBE, 0x26, 0xF5, 0x09, 0x90, 0xE7, 0x91, 0x2A, 0x00, 0xDC, 0xFA, 0x09, 0x55, 0xE1, 0xB9, 0xCE,
    0xFD, 0xC4, 0x47, 0xB9, 0x8F, 0xC3, 0x27, 0x99, 0xE7, 0x63, 0x22, 0x4F, 0x03, 0x51, 0x2F, 0x00,
    0x39, 0x4B, 0xC9, 0xC4, 0xB0, 0xBE, 0x4C, 0x0C, 0xFF, 0x92, 0x89, 0x61, 0x7D, 0x41, 0x5B, 0x38,
    0xEF, 0x3E, 0x2A, 0xD4, 0xC5, 0xB0, 0x83, 0x9A, 0xBC, 0x1D, 0x0A, 0xE7, 0x43, 0x7D, 0x1E, 0x82,
    0x00, 0xEB, 0x99, 0x75, 0xC8, 0x13, 0x27, 0xA2, 0xC1, 0x46, 0xD4, 0xC9, 0xF9, 0x82, 0x6D, 0xC8,
    0x9A, 0x59, 0xF3, 0x0D, 0xCD, 0xA4, 0xCE, 0xF3, 0x20, 0xAF, 0x7F, 0x26, 0x61, 0x7D, 0x84, 0xB0,
    0x3A, 0x07, 0x45, 0xDC, 0x7C, 0x3B, 0xF4, 0x12, 0x05, 0xB5, 0xAC, 0xF1, 0x64, 0x01, 0x87, 0xFA,
    0xB3, 0x97, 0xDF, 0x1A, 0x17, 0x72, 0xAC, 0x2A, 0xBD, 0x5A, 0x22, 0xF3, 0x36, 0xE8, 0x65, 0xB7,
    0xF4, 0x38, 0xED, 0xC0, 0xCF, 0x7C, 0x80, 0xE9, 0x6E, 0x8B, 0x3C, 0x52, 0xD2, 0x81, 0xB7, 0x56,
    0xE4, 0x4D, 0xEB, 0x6C, 0xBD, 0xA1, 0xCC, 0x5B, 0xE1, 0x2F, 0x17, 0xD6, 0x75, 0x5F, 0xD8, 0x28,
    0x78, 0x7E, 0x59, 0x73, 0x5F, 0x79, 0x05, 0x7F, 0xF9, 0x1E, 0x8A, 0x81, 0x2F, 0x7B, 0xBD, 0xB1,
    0xF1, 0xA5, 0x32, 0x01, 0x87, 0xC7, 0x93, 0x3F, 0x0A, 0x38, 0xE8, 0xC1, 0x36, 0x2F, 0x87, 0xB0,
    0xCF, 0xBA, 0x80, 0xFF, 0x2B, 0xF4, 0x70, 0x38, 0xFC, 0x5B, 0x7A, 0x18, 0xCE, 0xF5, 0x50, 0xFF,
    0x87, 0x7A, 0x98, 0xFF, 0x2B, 0x3D, 0x70, 0x6D, 0xED, 0x65, 0x97, 0x96, 0x48, 0x7F, 0xDB, 0xCD,
    0xAB, 0xFB, 0xD2, 0x2A, 0x0E, 0x47, 0x8A, 0xA5, 0xA5, 0xF9, 0xD4, 0x40, 0x5A, 0x1F, 0x9F, 0xB5,
    0x46, 0x6E, 0x49, 0x6E, 0xEC, 0x55, 0xC8, 0x57, 0xA8, 0x63, 0x42, 0x2B, 0x6D, 0xD6, 0xAD, 0xBC,
    0x5E, 0xB7, 0x94, 0x51, 0x61, 0xFB, 0x69, 0x81, 0x22, 0x1A, 0x39, 0x6B, 0x0D, 0x14, 0xEE, 0xE2,
    0x21, 0x2B, 0x8C, 0x48, 0x02, 0x5E, 0x86, 0xB7, 0x6E, 0x15, 0xBF, 0x5A, 0x04, 0x67, 0xD3, 0xB4,
    0xEE, 0x77, 0xE4, 0x5B, 0x4A, 0xC4, 0xE1, 0x96, 0x96, 0xDC, 0xEF, 0x5B, 0xAC, 0x05, 0x2D, 0x4F,
    0xDA, 0x9C, 0x55, 0xED, 0xB4, 0xF8, 0x80, 0x35, 0xD0, 0xE4, 0x02, 0x78, 0xA3, 0x75, 0xF6, 0x8C,
    0xC4, 0xE9, 0x39, 0x93, 0x2B, 0xF6, 0xF9, 0x87, 0xAE, 0x8E, 0xF8, 0xD3, 0xA4, 0x5C, 0x77, 0xB6,
    0x39, 0xB4, 0x6D, 0x9B, 0x82, 0x8F, 0x5F, 0x0C, 0xCF, 0xB9, 0x47, 0x5E, 0x96, 0x6A, 0x38, 0xA7,
    0x41, 0x9D, 0x2F, 0xA1, 0x9B, 0x3D, 0xFD, 0x58, 0xA9, 0x20, 0x02, 0x76, 0xB1, 0xE2, 0x5D, 0x2E,
    0x4C, 0xE2, 0x96, 0x4F, 0xA5, 0x50, 0xE4, 0x55, 0xEE, 0x33, 0x98, 0xB2, 0x10, 0x79, 0x10, 0xD7,
    0xB8, 0x74, 0x48, 0xFF, 0x20, 0x1A, 0x7E, 0xEC, 0x3D, 0xD0, 0x0B, 0x2D, 0xE1, 0x5E, 0xD7, 0x67,
    0xF4, 0xC7, 0xE2, 0x60, 0x95, 0xDC, 0xB5, 0xBC, 0xF2, 0x55, 0x29, 0x6F, 0xBC, 0xC2, 0xBC, 0x17,
    0xFA, 0x93, 0xBF, 0x30, 0x28, 0xEB, 0xB6, 0xF3, 0x28, 0x3F, 0xD1, 0xBA, 0x52, 0x34, 0x83, 0x07,
    0x86, 0xA7, 0xAB, 0xAA, 0xE6, 0xAD, 0x5A, 0xB0, 0x2A, 0x60, 0xD1, 0x73, 0x9A, 0xD5, 0xBE, 0x78,
    0xF9, 0x32, 0xDA, 0xFA, 0x50, 0x0C, 0xE0, 0x6B, 0xDA, 0xBE, 0xA4, 0xE7, 0x36, 0x8D, 0x7A, 0xA6,
    0xB1, 0xA7, 0x12, 0x22, 0x92, 0x2E, 0x71, 0x4F, 0x16, 0xB7, 0x3B, 0x91, 0x27, 0x50, 0x79, 0xD0,
    0x3D, 0x1B, 0x97, 0x48, 0x40, 0xF3, 0x75, 0x53, 0x21, 0x9B, 0x53, 0xCB, 0x16, 0xDF, 0xA3, 0x6F,
    0x12, 0xA2, 0xD5, 0x5D, 0x19, 0x20, 0xE7, 0x0D, 0xE2, 0xEF, 0xF9, 0x33, 0xDE, 0xDF, 0xAA, 0xB6,
    0xA5, 0x38, 0x70, 0xC3, 0x80, 0xCE, 0x52, 0xFA, 0x37, 0x00, 0x51, 0xC4, 0xC7, 0x8C, 0x78, 0x5A,
    0xE4, 0xA7, 0x15, 0xC5, 0x67, 0x62, 0x81, 0x16, 0x9D, 0xC2, 0x3A, 0x3B, 0xE5, 0xCE, 0x76, 0x1E,
    0xFE, 0xFF, 0x47, 0xC4, 0xDB, 0x88, 0xF7, 0xBF, 0xEC, 0x3B, 0x0E, 0xDA, 0x7C, 0x0E, 0x2E, 0xA7,
    0x91, 0x7E, 0xEB, 0x20, 0x9A, 0xE1, 0x81, 0xCD, 0xA1, 0xEE, 0x9F, 0xFC, 0x36, 0xB7, 0xAF, 0xF1,
    0x8B, 0xF9, 0x78, 0x5E, 0x1D, 0xD6, 0x90, 0x2A, 0x99, 0x1F, 0x65, 0x38, 0xCB, 0x28, 0xC8, 0xC0,
    0x5E, 0x32, 0x9D, 0xEF, 0x62, 0x3E, 0x89, 0xF6, 0x9A, 0xE4, 0x43, 0xF1, 0x56, 0x34, 0xF1, 0xBA,
    0xBE, 0x3C, 0x9F, 0xCF, 0x29, 0x7E, 0x0D, 0xBA, 0x7A, 0x2C, 0x47, 0x38, 0x11, 0x9F, 0xEF, 0x0F,
    0x95, 0xE1, 0x03, 0x02, 0x6D, 0xD2, 0x6E, 0x2F, 0x48, 0xF3, 0x75, 0xEA, 0xE5, 0x02, 0xEA, 0x1E,
    0x5B, 0x56, 0x7C, 0xF4, 0x5A, 0xF2, 0xD7, 0xD6, 0xCE, 0x5C, 0x46, 0x8D, 0xB3, 0xE1, 0x65, 0x5F,
    0x9B, 0x5E, 0xB0, 0xD6, 0x0B, 0xE3, 0xB3, 0xAB, 0x78, 0xCD, 0xD3, 0xFB, 0xD0, 0x15, 0x9C, 0x2B,
    0x12, 0xCF, 0x6C, 0x38, 0xFA, 0x33, 0x2B, 0x9C, 0xB0, 0xDC, 0x19, 0x66, 0xA9, 0xA4, 0x1C, 0xCE,
    0xE1, 0x9E, 0x35, 0x9E, 0xB5, 0xB1, 0x5F, 0x00, 0x73, 0x76, 0xE7, 0x2C, 0x5C, 0x0C, 0x5D, 0xB6,
    0x06, 0xD4, 0x1B, 0x93, 0xF1, 0x3F, 0x24, 0xB2, 0x82, 0x2C, 0xA4, 0x66, 0x61, 0xC8, 0x40, 0x22,
    0x4B, 0x87, 0x5E, 0x4F, 0x0E, 0xE5, 0x7F, 0x25, 0x91, 0x93, 0x99, 0xFC, 0xF9, 0x15, 0x0A, 0x6B,
    0x5F, 0x57, 0x87, 0xB2, 0x3A, 0x54, 0xD5, 0xA1, 0xA8, 0x4E, 0xCE, 0x6A, 0x6A, 0xB3, 0xA1, 0xE0,
    0x12, 0xEB, 0xCD, 0x4E, 0xD6, 0x73, 0x52, 0x24, 0xD9, 0x26, 0xE6, 0xEA, 0x82, 0xFF, 0x8F, 0x40,
    0xF7, 0x02, 0x30, 0x5D, 0x60, 0x35, 0xB3, 0x7F, 0x00, 0x04, 0x58, 0x0F, 0xAD, 0x30, 0x83, 0x5C,
    0xCC, 0x20, 0x25, 0x33, 0x68, 0x85, 0x19, 0x80, 0x30, 0x8B, 0x5D, 0xC7, 0x0C, 0xF9, 0x54, 0x98,
    0x1E, 0x85, 0x15, 0x4E, 0x58, 0xE6, 0x7E, 0xCD, 0x2C, 0x71, 0x7F, 0x63, 0x86, 0xD9, 0x99, 0x41,
    0x1E, 0x61, 0xDA, 0x33, 0x4C, 0xC7, 0x07, 0x27, 0xA8, 0x94, 0x52, 0x29, 0x94, 0x8C, 0x84, 0xDE,
    0xC0, 0xAC, 0xA1, 0xDD, 0x55, 0xA8, 0xED, 0xCC, 0x66, 0x09, 0xAC, 0x7D, 0x82, 0xCC, 0x7C, 0xA1,
    0x17, 0x85, 0x92, 0x66, 0x6F, 0xB3, 0x58, 0xAE, 0x24, 0x96, 0xC8, 0x5F, 0x5C, 0x58, 0xF3, 0xF9,
    0x0F, 0xC5, 0xD2, 0x35, 0x9F, 0x94, 0xF2, 0x5C, 0x48, 0xBD, 0x5C, 0x3E, 0xE0, 0xCB, 0xB9, 0x1E,
    0x29, 0x58, 0x4B, 0x59, 0x66, 0xAC, 0xAF, 0xD6, 0xC2, 0xB1, 0x42, 0x60, 0x5C, 0x2C, 0xC0, 0x8C,
    0xAF, 0x62, 0x55, 0xBF, 0x39, 0xC0, 0x7A, 0xE6, 0xE7, 0x2C, 0x95, 0x54, 0x82, 0xEB, 0xF5, 0x38,
    0xDD, 0xAB, 0x51, 0x4A, 0x42, 0x2E, 0x05, 0x5C, 0xBF, 0xC3, 0x82, 0x86, 0xBA, 0x2B, 0xF6, 0x35,
    0x05, 0x45, 0xB7, 0x3C, 0x8A, 0xCB, 0xF7, 0xE8, 0xBC, 0x2A, 0x59, 0x1F, 0x48, 0xF8, 0x4A, 0x21,
    0xF1, 0x86, 0x0E, 0xA5, 0xC2, 0xD6, 0x93, 0xE5, 0x1B, 0x81, 0x7D, 0xF7, 0x5E, 0x08, 0xE1, 0x1E,
    0xBA, 0x07, 0xED, 0xE4, 0x8F, 0xCE, 0x64, 0x4C, 0xD9, 0xF0, 0x59, 0x2B, 0x86, 0xBF, 0xB8, 0x65,
    0xF8, 0x37, 0x02, 0xFB, 0x4F, 0xE5, 0x68, 0x09, 0xD3, 0x2B, 0xA9, 0x0F, 0x9F, 0x5B, 0x5F, 0x74,
    0xB3, 0xC5, 0xD5, 0x7B, 0xFE, 0x7F, 0x43, 0xB2, 0x6D, 0x38, 0xCA, 0x7E, 0xA3, 0xB0, 0xFF, 0x0B,
    0xDD, 0x59, 0x3D, 0x8F, 0xDC, 0x64, 0x10, 0x7E, 0xBD, 0xCE, 0x9D, 0x95, 0xB3, 0x84, 0x53, 0x10,
    0xA4, 0x04, 0x24, 0xB7, 0x10, 0x84, 0xFC, 0x0B, 0x12, 0x1B, 0x21, 0x51, 0x1F, 0x52, 0x4E, 0x14,
    0x14, 0xB4, 0xE8, 0x9A, 0xFC, 0x01, 0x84, 0x9D, 0x7F, 0x70, 0x7D, 0x9A, 0x14, 0x14, 0xC9, 0x35,
    0xB4, 0x20, 0x05, 0xD9, 0xD0, 0x50, 0xA4, 0x71, 0xA0, 0xA0, 0xA0, 0xC0, 0x12, 0x04, 0x0A, 0x0A,
    0x2C, 0xE4, 0x48, 0x3E, 0xB0, 0x77, 0x98, 0xE7, 0x19, 0xEF, 0xDE, 0xDE, 0xE6, 0x12, 0x20, 0xA0,
    0xB0, 0x89, 0xEF, 0x3C, 0xB3, 0xEB, 0x8F, 0xF7, 0x7D, 0x66, 0xDE, 0x79, 0xE7, 0x6B, 0x9D, 0xCB,
    0xF4, 0xCF, 0x39, 0xBF, 0x0F, 0x3A, 0x65, 0xE1, 0x10, 0xF5, 0xC6, 0x06, 0x65, 0xC1, 0x10, 0xE2,
    0x9B, 0x77, 0x73, 0x76, 0xE0, 0xD6, 0x0F, 0xAF, 0x94, 0x5A, 0x59, 0x2C, 0x32, 0x57, 0x56, 0x1E,
    0xBD, 0x2B, 0x95, 0x9B, 0xE9, 0x59, 0xB6, 0x2E, 0x90, 0xCC, 0x25, 0x83, 0x8B, 0xF4, 0x86, 0x9E,
    0xC9, 0xA8, 0xE3, 0x89, 0x4B, 0x75, 0x40, 0xBD, 0x91, 0x2B, 0xF3, 0xA5, 0x2A, 0xFB, 0x55, 0x26,
    0x1D, 0x58, 0xFD, 0x38, 0x56, 0x76, 0xAB, 0x2F, 0xE4, 0xC6, 0x6C, 0xCC, 0x42, 0xE7, 0xC2, 0x0C,
    0xD3, 0x7C, 0xFA, 0x09, 0xB3, 0xEB, 0x6D, 0x97, 0xEB, 0x4B, 0xD2, 0x6D, 0x03, 0x68, 0x22, 0xA2,
    0xD7, 0x15, 0xA1, 0xFC, 0x48, 0xF4, 0x57, 0x17, 0x72, 0x9C, 0x75, 0xEE, 0x15, 0x97, 0x64, 0x2E,
    0x77, 0x71, 0xED, 0x8D, 0x2E, 0xE8, 0x82, 0xDE, 0x79, 0x63, 0xDC, 0x38, 0x97, 0x97, 0x85, 0xCA,
    0x07, 0xE9, 0xA8, 0x85, 0x58, 0xE5, 0xD0, 0x6B, 0x99, 0xF3, 0xE6, 0x71, 0xED, 0x02, 0xE8, 0x2B,
    0x6E, 0xF4, 0x8D, 0xB4, 0xD0, 0x77, 0x5F, 0xC0, 0x28, 0xC7, 0xC7, 0x2E, 0xA9, 0xDF, 0x50, 0x4D,
    0x37, 0x2A, 0xAA, 0x49, 0x8A, 0x53, 0xD4, 0x54, 0x9A, 0x9A, 0x84, 0x6A, 0x52, 0x70, 0x50, 0x53,
    0xF0, 0x2D, 0xD5, 0x14, 0x7D, 0x45, 0x71, 0xE3, 0xB7, 0xC8, 0xAE, 0x98, 0x9A, 0x3E, 0x34, 0x8D,
    0xF4, 0x64, 0x5E, 0x4B, 0xE6, 0x37, 0x64, 0x61, 0x45, 0x35, 0x45, 0x05, 0xD5, 0x94, 0x98, 0x9A,
    0x2E, 0x9B, 0x9A, 0xEE, 0x50, 0x4D, 0x63, 0x47, 0x35, 0x49, 0x6B, 0x6A, 0xAA, 0x4F, 0x51, 0x53,
    0x6A, 0x6A, 0xFA, 0xC8, 0xD4, 0xD4, 0x9B, 0x9A, 0x6E, 0x4E, 0x52, 0x1D, 0xDA, 0x07, 0x3C, 0x0E,
    0x7D, 0x0C, 0x26, 0xA4, 0xD8, 0xCD, 0x32, 0xB3, 0xAB, 0x95, 0x59, 0x47, 0xB6, 0xD4, 0x45, 0x2E,
    0x52, 0xC7, 0x32, 0x2A, 0x6B, 0x94, 0x05, 0x32, 0x3A, 0x4F, 0x67, 0x52, 0x10, 0x2E, 0x75, 0xFF,
    0x17, 0x83, 0x35, 0x7D, 0xA4, 0xD0, 0x54, 0x04, 0x5D, 0xD5, 0x74, 0xEE, 0x66, 0xFA, 0x29, 0x92,
    0xFB, 0xD7, 0x5A, 0x08, 0x24, 0x02, 0x21, 0xAE, 0xC9, 0x48, 0xFC, 0x7B, 0x26, 0xC6, 0xEC, 0xB0,
    0x30, 0x71, 0xC9, 0xB0, 0x68, 0x7A, 0x24, 0xA6, 0x8A, 0xDC, 0x84, 0x9E, 0xAF, 0x2E, 0xFE, 0xF3,
    0x24, 0xBB, 0x2D, 0xBC, 0x27, 0x9D, 0x69, 0x80, 0x0B, 0x1F, 0x3D, 0xA0, 0xB8, 0x49, 0x95, 0x42,
    0x21, 0xB9, 0x8B, 0xE0, 0x0D, 0x5E, 0x5C, 0x59, 0xF8, 0xE7, 0x44, 0x76, 0x3B, 0x54, 0x4C, 0xDC,
    0x4B, 0x9B, 0xBC, 0x5E, 0x61, 0x35, 0x2F, 0xEE, 0x64, 0x3B, 0xEB, 0xCE, 0xF1, 0x39, 0x91, 0x7D,
    0xFB, 0x90, 0xAB, 0x19, 0xD9, 0x16, 0x4F, 0x7A, 0x93, 0xAD, 0x21, 0x13, 0xDE, 0x9A, 0xF5, 0xEB,
    0xDB, 0xDD, 0xE9, 0x50, 0x59, 0x29, 0x2D, 0x1C, 0x9E, 0x48, 0x1B, 0xCB, 0x11, 0x1C, 0x9D, 0xAF,
    0x20, 0x66, 0xF0, 0x70, 0x2D, 0xA7, 0x55, 0xE6, 0x2B, 0x1C, 0xF5, 0x6B, 0x3E, 0xC0, 0x0D, 0x2E,
    0xD4, 0xD9, 0x93, 0xB9, 0x8B, 0x0A, 0xCE, 0x96, 0xC0, 0xE7, 0x4A, 0x71, 0x85, 0xD6, 0x56, 0xDD,
    0xA1, 0xED, 0x35, 0x9C, 0x49, 0x7E, 0x6B, 0x89, 0xE1, 0x0F, 0x82, 0x48, 0x09, 0x5A, 0x9D, 0x6B,
    0xB1, 0x02, 0xF3, 0xEF, 0xB3, 0x84, 0xAF, 0x47, 0xE6, 0xF2, 0x8C, 0x95, 0xD4, 0x83, 0x69, 0x23,
    0xA0, 0xBD, 0xCF, 0xA4, 0xB1, 0xF9, 0x49, 0x55, 0x1A, 0x50, 0xBD, 0xE3, 0xC9, 0xFD, 0x72, 0x8E,
    0xEB, 0x91, 0x64, 0x4A, 0x15, 0x27, 0x69, 0xAD, 0x54, 0x5F, 0x21, 0x6D, 0x57, 0x68, 0xB3, 0xA4,
    0xF6, 0xA4, 0xFA, 0x63, 0xBE, 0xAB, 0x23, 0xFC, 0xAE, 0x6A, 0xC0, 0x98, 0x35, 0x3E, 0x7F, 0xBC,
    0x98, 0xCB, 0xE6, 0x35, 0x0C, 0xB2, 0x82, 0xCA, 0xB9, 0x97, 0xE5, 0xC0, 0x22, 0xD9, 0x48, 0x47,
    0xF4, 0x36, 0xA4, 0x4F, 0x7B, 0xAE, 0x4B, 0xDE, 0xBA, 0x54, 0x15, 0xA4, 0xAF, 0xC2, 0x33, 0xE9,
    0x88, 0x71, 0x6F, 0x6C, 0xA0, 0x01, 0xAA, 0xBF, 0xCF, 0xA5, 0x0E, 0x85, 0x2C, 0x9D, 0xDF, 0x72,
    0x2F, 0x69, 0xC4, 0xA8, 0x31, 0x63, 0x8D, 0x41, 0x3C, 0xB9, 0xB7, 0x60, 0x95, 0x5D, 0x6C, 0x8C,
    0x8D, 0x64, 0x39, 0x11, 0xAA, 0x5D, 0x03, 0x6E, 0xED, 0xCB, 0x9C, 0x63, 0xE6, 0x10, 0xBF, 0xD6,
    0xE5, 0x52, 0xA9, 0xEA, 0x73, 0x33, 0xB0, 0x7B, 0xAD, 0x03, 0xFB, 0x66, 0x62, 0xBD, 0x93, 0x62,
    0x26, 0x5F, 0xCF, 0x67, 0xA2, 0x22, 0xD4, 0x80, 0xAD, 0x2C, 0x11, 0x33, 0x23, 0x0D, 0x30, 0xDE,
    0x21, 0xB3, 0x0B, 0xE1, 0xCA, 0xA6, 0x5C, 0xE6, 0x70, 0x30, 0x87, 0xC3, 0x47, 0xE8, 0x60, 0xDC,
    0xD6, 0xB1, 0x85, 0x6D, 0xD1, 0x2C, 0x4B, 0xC0, 0xF2, 0xE5, 0x57, 0x85, 0x1C, 0x0A, 0x42, 0x6A,
    0x38, 0x42, 0xF0, 0x60, 0xE0, 0x48, 0xB7, 0xA6, 0xF1, 0x8E, 0xE9, 0x45, 0x81, 0xF1, 0x09, 0x68,
    0x24, 0x07, 0x4A, 0x35, 0xE2, 0x2A, 0x4D, 0xF9, 0xBC, 0x26, 0x14, 0x4B, 0x9A, 0xF6, 0x1E, 0xAF,
    0xC3, 0x66, 0x93, 0xF9, 0xFB, 0xBA, 0x3A, 0x91, 0x0C, 0xA9, 0x64, 0xBA, 0x94, 0x4A, 0xDD, 0xF9,
    0xD5, 0x78, 0x10, 0x70, 0x1B, 0x44, 0xDC, 0x35, 0xA9, 0x99, 0x26, 0xD1, 0x8E, 0xEB, 0x91, 0x60,
    0x13, 0x30, 0x7B, 0x84, 0xEC, 0x53, 0xF3, 0x21, 0x0D, 0x2B, 0xFE, 0x01, 0x8A, 0xCE, 0xB3, 0x92,
    0x90, 0x93, 0x0A, 0x90, 0x8F, 0xF7, 0xF2, 0x26, 0x60, 0xDE, 0x29, 0x90, 0x9E, 0xE6, 0x3D, 0x72,
    0x29, 0x91, 0x1B, 0x35, 0x47, 0xAE, 0xD4, 0x6D, 0xA8, 0xDD, 0x39, 0xBF, 0x0E, 0xC7, 0x35, 0xCF,
    0xBB, 0x09, 0x98, 0xCF, 0x58, 0x42, 0xE4, 0x60, 0xBE, 0x72, 0x1D, 0x16, 0x32, 0xD1, 0x0C, 0x57,
    0x5E, 0x73, 0xAF, 0x6E, 0x20, 0x66, 0x77, 0x81, 0x46, 0xCD, 0x9C, 0x3E, 0xFC, 0x05, 0xB6, 0x11,
    0x65, 0x9F, 0x82, 0xBA, 0x0F, 0x8F, 0x3F, 0xFF, 0xD4, 0x2D, 0xED, 0xC7, 0xED, 0x6F, 0x16, 0xFE,
    0xAD, 0xDB, 0x99, 0x77, 0x3B, 0x03, 0x8A, 0x3E, 0x51, 0xD3, 0x06, 0x0E, 0x54, 0x26, 0x40, 0x22,
    0x9A, 0xB3, 0x01, 0x8B, 0x0E, 0x5C, 0x01, 0x4D, 0x0F, 0x58, 0x8A, 0xA7, 0x43, 0x12, 0x4E, 0x2C,
    0x2B, 0x5C, 0x51, 0x01, 0xD2, 0x4C, 0x8C, 0x03, 0xD9, 0x83, 0xBD, 0xBD, 0x5D, 0xC3, 0xE6, 0x26,
    0x74, 0x8E, 0xC8, 0xBA, 0x89, 0xAB, 0xC7, 0xCA, 0x80, 0x51, 0x7D, 0x6C, 0x0D, 0x94, 0xE2, 0x82,
    0x5A, 0x71, 0xFE, 0xAC, 0x01, 0xA2, 0xD2, 0xA8, 0x72, 0x1D, 0x01, 0x71, 0xA6, 0x81, 0x23, 0xC1,
    0x93, 0xE7, 0x33, 0x8B, 0xAE, 0x1E, 0x74, 0x96, 0x30, 0x31, 0xD0, 0x40, 0x19, 0x88, 0x27, 0x95,
    0xE6, 0x94, 0xEA, 0x5D, 0x07, 0x57, 0x56, 0xEA, 0xA7, 0x4B, 0x1D, 0x52, 0x9D, 0x23, 0xDD, 0xE1,
    0xA3, 0x09, 0x76, 0x2F, 0xAA, 0x1F, 0x94, 0x29, 0x9E, 0x4E, 0x96, 0x05, 0xEA, 0x97, 0x75, 0x5A,
    0x06, 0x61, 0x07, 0x4F, 0xED, 0xDC, 0x67, 0xCB, 0xD4, 0xD4, 0x0A, 0x36, 0xC0, 0xB7, 0x5A, 0x4F,
    0xC9, 0x59, 0x44, 0xFF, 0x08, 0x37, 0x98, 0xD1, 0x32, 0xD1, 0x63, 0x7E, 0xCF, 0xEC, 0x3E, 0x98,
    0x2F, 0x23, 0x3D, 0xF3, 0xFA, 0xA5, 0x6B, 0xF0, 0xF6, 0x89, 0xBE, 0xB7, 0x68, 0xEF, 0xCB, 0x9B,
    0x44, 0x5F, 0xB6, 0xFA, 0x56, 0xDE, 0x2A, 0xA0, 0xB4, 0x57, 0x7C, 0x46, 0x06, 0x94, 0x14, 0x13,
    0x39, 0xDA, 0xDB, 0xBB, 0x7A, 0x1A, 0x7A, 0xCC, 0xDD, 0x6A, 0xC0, 0xF7, 0xB5, 0xA0, 0x39, 0xBA,
    0xD6, 0x58, 0xA4, 0x8B, 0x19, 0xDF, 0xA0, 0x2F, 0xF3, 0xB5, 0x74, 0xB5, 0xF4, 0xB4, 0xCC, 0xBA,
    0x99, 0x73, 0x8F, 0x27, 0xBC, 0xEC, 0xD3, 0x45, 0x45, 0x6F, 0xCA, 0xCD, 0x40, 0x5F, 0x4A, 0x57,
    0x4A, 0x4F, 0xAA, 0x8E, 0xB4, 0x58, 0xF1, 0xA3, 0x4F, 0x17, 0xD5, 0x19, 0xAB, 0xC5, 0x64, 0xF2,
    0x39, 0xF2, 0x05, 0x08, 0xBE, 0xAE, 0xB9, 0x9D, 0xA7, 0x8A, 0xEA, 0xD2, 0x2D, 0x2B, 0x9F, 0x03,
    0x41, 0x50, 0x47, 0xBA, 0xA2, 0x06, 0x17, 0xB4, 0x27, 0x22, 0x64, 0xAC, 0x4A, 0xC4, 0xC9, 0x7D,
    0x95, 0x3F, 0xC9, 0x89, 0xB4, 0x64, 0x44, 0xA5, 0xDD, 0xE0, 0xA4, 0xD1, 0xC0, 0x66, 0x60, 0x32,
    0xB0, 0x18, 0x18, 0xCC, 0xB8, 0x5E, 0x9E, 0xD5, 0x3C, 0x7D, 0xCB, 0x6C, 0x9E, 0xE0, 0x6C, 0x98,
    0xA1, 0x69, 0x9E, 0x5F, 0xE0, 0x74, 0xFB, 0x37, 0x89, 0x1F, 0x25, 0x52, 0xF8, 0x40, 0x5C, 0x5C,
    0xA7, 0x45, 0xEE, 0xC2, 0x66, 0xB5, 0x2C, 0xFA, 0xCF, 0xE5, 0x9C, 0x8A, 0x30, 0xAD, 0x49, 0xAA,
    0xB4, 0x29, 0xEB, 0xB4, 0xCE, 0xAB, 0x9D, 0xEC, 0xE2, 0x89, 0x00, 0xF3, 0x9F, 0xCF, 0x69, 0x3A,
    0x2C, 0x8B, 0x10, 0x1E, 0x77, 0x44, 0xE9, 0x1F, 0x58, 0xE5, 0x40, 0xA7, 0x18, 0xF2, 0x73, 0xF2,
    0x0D, 0x36, 0xEC, 0x1B, 0xCE, 0x92, 0x56, 0x24, 0x47, 0xDE, 0x1E, 0xD6, 0x21, 0x11, 0x78, 0x4A,
    0x58, 0x13, 0x9A, 0x12, 0x9A, 0x43, 0xA3, 0x47, 0x24, 0x70, 0x38, 0x11, 0xDB, 0x1F, 0x46, 0xD1,
    0x31, 0xEA, 0x1F, 0x4B, 0xF5, 0x99, 0x39, 0xDB, 0x4C, 0x23, 0xDF, 0x65, 0x23, 0x45, 0x4B, 0x14,
    0x75, 0xF6, 0x70, 0xE7, 0xD6, 0x6F, 0x41, 0xF5, 0xB1, 0x2C, 0x67, 0x6E, 0x71, 0x73, 0x04, 0x56,
    0x57, 0x44, 0x72, 0xF4, 0xB9, 0x9B, 0xC0, 0x28, 0x3A, 0xCB, 0xB3, 0x2F, 0x3B, 0x64, 0xC3, 0x0F,
    0x1D, 0x17, 0x77, 0x51, 0x6A, 0x7C, 0x89, 0x27, 0x53, 0xB9, 0x8B, 0x32, 0x41, 0x9D, 0xFC, 0x27,
    0x3A, 0xBE, 0xFA, 0x7C, 0xF4, 0x4F, 0x3C, 0xC4, 0x0B, 0xB2, 0xC9, 0x28, 0x4E, 0xB0, 0xFA, 0x09,
    0x19, 0x6A, 0x05, 0x9D, 0xA8, 0x63, 0xF0, 0x13, 0xDD, 0xA0, 0x02, 0x3B, 0x03, 0xFB, 0xC7, 0x09,
    0xB3, 0xB7, 0xBF, 0x4B, 0x59, 0xE7, 0x56, 0xBC, 0x68, 0xFA, 0xA4, 0x25, 0x1A, 0xBB, 0x40, 0xAA,
    0xBF, 0x98, 0x2A, 0xB4, 0x7E, 0xDD, 0xA4, 0xFE, 0xFE, 0x6F, 0xA9, 0x1F, 0x85, 0x1A, 0xDF, 0xB2,
    0x15, 0xB0, 0x5B, 0x93, 0xFA, 0xAD, 0x8E, 0x7A, 0xD9, 0x8C, 0x62, 0xCA, 0x30, 0x88, 0xDA, 0xA7,
    0x39, 0x04, 0x04, 0xCA, 0x56, 0x23, 0x7D, 0x01, 0xB2, 0x25, 0xC7, 0xFE, 0xC1, 0x66, 0x61, 0x7E,
    0x44, 0xC2, 0x9C, 0x16, 0x96, 0x30, 0xC7, 0x6B, 0x09, 0xF3, 0x26, 0x60, 0xDE, 0x3E, 0x40, 0xC2,
    0xAC, 0x79, 0x88, 0x25, 0xCC, 0xCD, 0x7A, 0xC2, 0x6C, 0x4D, 0xAA, 0x73, 0x1B, 0xA5, 0xE7, 0x33,
    0xDC, 0x99, 0x56, 0x86, 0x48, 0x85, 0x8D, 0x6B, 0xB4, 0x2C, 0xE0, 0x42, 0x2E, 0x68, 0xEC, 0x5A,
    0xEB, 0x3D, 0x6F, 0x84, 0x3D, 0x23, 0x31, 0x61, 0x32, 0xD5, 0x2F, 0x08, 0x7A, 0x1A, 0xCE, 0x7B,
    0xB8, 0x57, 0xBE, 0x7F, 0x78, 0x78, 0x58, 0x94, 0x40, 0x5A, 0x2E, 0x8A, 0xF8, 0x13, 0x47, 0xB6,
    0x78, 0x77, 0x6D, 0xA8, 0xC5, 0xF1, 0x01, 0x44, 0x7E, 0xC7, 0x7C, 0x67, 0x33, 0xF5, 0x0A, 0x54,
    0xE4, 0x9C, 0x22, 0x2B, 0x48, 0x04, 0xED, 0x01, 0xE0, 0x05, 0x5F, 0xD9, 0x46, 0xEE, 0xFD, 0xEF,
    0x40, 0xA3, 0xBB, 0xA0, 0x31, 0x65, 0xB9, 0x42, 0x7A, 0x07, 0xF4, 0xA8, 0x03, 0x65, 0xFF, 0x21,
    0x61, 0xE0, 0xD7, 0xD4, 0x71, 0x5D, 0x64, 0x22, 0xB5, 0x2E, 0x83, 0x5F, 0x43, 0xE4, 0x6D, 0xB3,
    0x73, 0x04, 0xF3, 0x45, 0xD8, 0x67, 0xDF, 0xDD, 0x3C, 0x4F, 0x61, 0xAE, 0xC7, 0x84, 0x0B, 0xDB,
    0x87, 0x5A, 0xA1, 0xD3, 0x91, 0x4A, 0xAD, 0xFF, 0x0B, 0xE6, 0xA3, 0x8F, 0x40, 0x9F, 0x37, 0xFB,
    0x57, 0xBE, 0x72, 0xC1, 0x6C, 0x14, 0xB4, 0x61, 0xE0, 0x1E, 0x8D, 0x75, 0x4C, 0x6F, 0x4B, 0x99,
    0xB3, 0x0F, 0x26, 0x3D, 0xFC, 0x77, 0x28, 0x75, 0x29, 0xD6, 0x7D, 0x58, 0x95, 0x69, 0xEA, 0x6C,
    0x33, 0x4F, 0x56, 0xD1, 0xF9, 0x25, 0xB0, 0x0E, 0x57, 0x64, 0x81, 0x61, 0xCB, 0x3D, 0x1B, 0x12,
    0x5D, 0x34, 0x81, 0xD2, 0x71, 0x6A, 0xC9, 0x51, 0xA0, 0x91, 0x39, 0x73, 0xD8, 0x46, 0x0D, 0x13,
    0x7A, 0x9A, 0xD8, 0xD6, 0x29, 0x8B, 0xB4, 0x91, 0x12, 0x65, 0x93, 0x61, 0x45, 0x2D, 0x23, 0x47,
    0xDC, 0xAD, 0xB0, 0x8E, 0x17, 0x67, 0x07, 0xB3, 0xC2, 0x9D, 0x7E, 0x6C, 0xA6, 0xD5, 0xB1, 0xDA,
    0xB2, 0x92, 0xDB, 0xB7, 0x3E, 0x12, 0xF7, 0x54, 0xC2, 0x9C, 0x2E, 0xCF, 0xD6, 0x02, 0xE2, 0xB4,
    0x92, 0x43, 0x2C, 0x8D, 0x48, 0x1F, 0x63, 0xF3, 0x16, 0x1A, 0xF0, 0x43, 0x7D, 0x73, 0xE0, 0xCF,
    0x12, 0x03, 0x7E, 0x58, 0xF2, 0x3A, 0x36, 0xE7, 0x5A, 0x22, 0x61, 0x47, 0x30, 0xC0, 0xCF, 0x3A,
    0x7D, 0x84, 0x06, 0xEB, 0x80, 0xFE, 0x6A, 0x3C, 0xC4, 0x4C, 0xD8, 0x53, 0xC6, 0xE1, 0xCB, 0x9C,
    0xFC, 0x0E, 0x81, 0xF4, 0xCB, 0x0C, 0x6E, 0xCA, 0x2D, 0xAC, 0xD5, 0x6B, 0x7B, 0x7A, 0xA2, 0xD9,
    0x32, 0x58, 0x7B, 0x8C, 0x24, 0xC1, 0xB0, 0xFC, 0x1D, 0xE4, 0x75, 0xC6, 0xC9, 0x94, 0x92, 0x5C,
    0xA2, 0x51, 0x5D, 0x62, 0xFC, 0x4C, 0x29, 0x61, 0x42, 0x6A, 0xD2, 0x7A, 0x8F, 0xA6, 0x5A, 0x2D,
    0x78, 0x9A, 0x6A, 0x21, 0xDF, 0xFC, 0x1E, 0xA9, 0x8E, 0xC8, 0x7B, 0x10, 0x53, 0x9D, 0x5A, 0x8D,
    0x44, 0xC8, 0xB2, 0x22, 0xF6, 0x54, 0xB5, 0x58, 0x61, 0xFF, 0xB1, 0xFB, 0x2B, 0x6A, 0x4F, 0xDA,
    0x5B, 0x36, 0x82, 0x8D, 0x36, 0x7F, 0x0F, 0xED, 0x49, 0x9B, 0xE5, 0x6B, 0x6B, 0x6A, 0x72, 0xF6,
    0xD3, 0xB1, 0x19, 0xF2, 0x80, 0x8A, 0x29, 0xED, 0xC7, 0x3C, 0x52, 0xE7, 0xE9, 0x9F, 0xEA, 0xB3,
    0x89, 0xF1, 0x2B, 0x63, 0x9B, 0x36, 0xA4, 0x2D, 0x0A, 0x6D, 0x2C, 0xE4, 0x76, 0xB1, 0x93, 0x9D,
    0x62, 0x90, 0xCF, 0xD6, 0x3A, 0xFE, 0x09, 0xE5, 0x59, 0x31, 0x93, 0xDB, 0x54, 0x10, 0xDE, 0x27,
    0x71, 0xD6, 0x70, 0x2E, 0x94, 0x82, 0x2B, 0xB8, 0x14, 0x6A, 0xE1, 0x1A, 0xFF, 0x04, 0x29, 0x94,
    0x54, 0x2E, 0xCE, 0x34, 0x14, 0xD7, 0xA4, 0x80, 0x50, 0xE4, 0x17, 0x10, 0x79, 0xE0, 0x07, 0x70,
    0x05, 0x03, 0xED, 0x15, 0x29, 0x2E, 0xA6, 0xC8, 0x1F, 0x08, 0xC8, 0x33, 0x94, 0x14, 0x68, 0x28,
    0x68, 0xA3, 0x19, 0x48, 0x03, 0x45, 0x5C, 0x98, 0x19, 0x5D, 0xB0, 0xB5, 0xEC, 0xB7, 0xFB, 0x6C,
    0xC9, 0x77, 0xB9, 0xCC, 0x40, 0xC8, 0x05, 0x1F, 0x9E, 0x78, 0xBF, 0x8B, 0xFC, 0xB4, 0xDA, 0xFD,
    0xF6, 0xBD, 0x7D, 0xFB, 0x56, 0x44, 0x77, 0x26, 0x0F, 0x08, 0x9F, 0x9C, 0x9B, 0x0D, 0xDC, 0x1B,
    0x1D, 0x52, 0xF7, 0xE3, 0x78, 0xAA, 0x18, 0x70, 0xA9, 0x18, 0x72, 0xA5, 0x18, 0xF1, 0x4C, 0x31,
    0xE6, 0xB9, 0x61, 0xBE, 0x50, 0x1C, 0x24, 0x86, 0x69, 0xBC, 0x54, 0xBC, 0x17, 0xB3, 0xE2, 0xA3,
    0xBE, 0xE1, 0x22, 0xE4, 0x31, 0xD4, 0xCE, 0x43, 0x55, 0x1C, 0xCE, 0x4C, 0x71, 0x38, 0x23, 0x55,
    0xDC, 0x2F, 0x49, 0x15, 0xC7, 0x53, 0x2A, 0xA0, 0x38, 0x61, 0xE6, 0x1A, 0x6A, 0x05, 0xA1, 0x38,
    0x95, 0x3F, 0xA1, 0xF8, 0x1E, 0x7E, 0x12, 0x5C, 0xC2, 0x02, 0xA8, 0x95, 0x5B, 0x39, 0x23, 0xB7,
    0x80, 0x85, 0x53, 0x0A, 0x6B, 0x60, 0x49, 0xFD, 0x05, 0x2C, 0x9D, 0x13, 0x8B, 0x52, 0xD1, 0xB0,
    0x46, 0x3A, 0x50, 0xF7, 0x53, 0x75, 0xDA, 0x64, 0xD7, 0xF1, 0x9D, 0x49, 0x26, 0xB2, 0xE0, 0x25,
    0xB4, 0x3C, 0x15, 0x83, 0xFB, 0x1C, 0x88, 0xD6, 0xFE, 0x12, 0x46, 0x46, 0x0B, 0x35, 0xF1, 0xD4,
    0x0C, 0xED, 0xC8, 0x7D, 0x68, 0x0F, 0x18, 0x32, 0xE6, 0x63, 0x91, 0x62, 0xA9, 0xC8, 0x54, 0xC7,
    0xE7, 0x75, 0x2B, 0xD3, 0xDA, 0xE9, 0xF5, 0x10, 0x63, 0x9A, 0xA3, 0xA2, 0x96, 0xF1, 0x8B, 0x94,
    0xB3, 0x80, 0x67, 0x22, 0x69, 0xCF, 0x8C, 0xF8, 0x88, 0x76, 0x8D, 0x39, 0x1A, 0x58, 0x84, 0xB2,
    0xC2, 0x98, 0xE5, 0xA5, 0x67, 0xBE, 0xDE, 0x88, 0x0C, 0xBD, 0x41, 0xFF, 0x87, 0xC8, 0x9D, 0xD0,
    0xBB, 0x72, 0x57, 0x0D, 0x3D, 0xD4, 0xE0, 0x2E, 0x99, 0xBA, 0x0B, 0x7D, 0xCE, 0x4C, 0x9D, 0x83,
    0x8D, 0x74, 0x83, 0xFE, 0x5B, 0xB1, 0xBC, 0xA6, 0xB1, 0x50, 0x53, 0x33, 0xF3, 0xD0, 0x0C, 0xA6,
    0xD0, 0x1C, 0xA1, 0xBE, 0x39, 0x46, 0xF1, 0x0A, 0x57, 0xD7, 0xF9, 0x91, 0x67, 0xC0, 0xDF, 0x00,
    0x03, 0x5F, 0x77, 0x8C, 0xBE, 0xD5, 0x58, 0xA8, 0xE2, 0x44, 0x03, 0x95, 0x9A, 0x1C, 0x77, 0xFE,
    0x6E, 0x2A, 0x25, 0xB2, 0xD2, 0x28, 0x1E, 0xE3, 0xD2, 0xEE, 0x44, 0x7F, 0x50, 0x3F, 0x72, 0xB3,
    0x0A, 0x37, 0x84, 0xCB, 0xD6, 0x7F, 0x97, 0xB5, 0x13, 0xB1, 0xE0, 0x5F, 0xE1, 0x3E, 0x78, 0xCB,
    0xCF, 0x3E, 0xE4, 0xA9, 0xC3, 0xBF, 0x32, 0x92, 0xFF, 0x16, 0x55, 0x2C, 0x19, 0x28, 0x2F, 0x13,
    0xB9, 0x33, 0xCD, 0xA0, 0xF0, 0x2D, 0xB2, 0x89, 0x50, 0xD4, 0xAD, 0xB4, 0x29, 0x72, 0x99, 0xEC,
    0x8E, 0xB4, 0x7B, 0xCD, 0x30, 0x8D, 0xB3, 0x45, 0xF7, 0xB8, 0x2F, 0xF6, 0x05, 0x15, 0x58, 0x48,
    0x4A, 0x31, 0xE7, 0x1B, 0xA1, 0x38, 0x51, 0x7B, 0x1C, 0xC3, 0x36, 0x72, 0x9A, 0x01, 0x7B, 0x08,
    0x86, 0xDE, 0xA0, 0x93, 0x30, 0x85, 0xC7, 0xC2, 0x12, 0x05, 0xAA, 0x6F, 0xB8, 0x4E, 0x2F, 0x18,
    0x36, 0x90, 0x90, 0xC9, 0xCD, 0x3C, 0x8E, 0x58, 0xDC, 0x11, 0x2F, 0xB8, 0x94, 0x9B, 0x8A, 0xE9,
    0x40, 0x44, 0x96, 0xD6, 0x74, 0x28, 0xDC, 0x43, 0xC7, 0xA5, 0x42, 0x57, 0x2E, 0x44, 0xD2, 0x90,
    0x9B, 0xC6, 0x9C, 0x45, 0x65, 0xC8, 0x4F, 0x8A, 0x29, 0xE6, 0x57, 0x26, 0xD6, 0x61, 0xD0, 0x08,
    0x8F, 0xDB, 0x3F, 0xB5, 0x28, 0x18, 0x93, 0x08, 0x42, 0x83, 0xC0, 0x44, 0x73, 0x4C, 0xB0, 0x78,
    0x1A, 0xC8, 0xC0, 0x1D, 0xF0, 0xB6, 0x65, 0x6C, 0x07, 0x60, 0x31, 0xC2, 0x22, 0x8E, 0x31, 0xA5,
    0xD3, 0x1F, 0x44, 0x25, 0xBB, 0x25, 0x89, 0x3F, 0x29, 0xC8, 0xDE, 0x79, 0x3D, 0x6C, 0xF7, 0xD4,
    0xCB, 0x44, 0xBD, 0x19, 0x34, 0xAD, 0x8C, 0xD5, 0x4B, 0x77, 0x4C, 0xE7, 0x3E, 0xDB, 0x32, 0xB7,
    0xBF, 0xD3, 0xCC, 0x33, 0xF6, 0x94, 0xAB, 0x08, 0x31, 0xB7, 0xE9, 0xF6, 0xE6, 0xD6, 0x79, 0xA5,
    0x6C, 0xEF, 0x67, 0x92, 0xDC, 0x28, 0xAE, 0x22, 0x71, 0x36, 0x5C, 0x24, 0x48, 0xE4, 0x5C, 0x8C,
    0x75, 0x63, 0xA3, 0x95, 0x0A, 0xDA, 0x19, 0x6E, 0x1B, 0xDB, 0xC1, 0x09, 0x3C, 0x5B, 0x92, 0x54,
    0x2D, 0xF9, 0xE7, 0xA2, 0x61, 0xF0, 0x74, 0x0E, 0xAB, 0x4B, 0xDB, 0x5B, 0xFC, 0x44, 0xBB, 0x7A,
    0xB6, 0x77, 0xC7, 0xF4, 0x31, 0xB2, 0xFD, 0x5C, 0xF3, 0x99, 0x5B, 0xDA, 0x06, 0x55, 0x14, 0x96,
    0xE5, 0x75, 0x32, 0x50, 0x6C, 0xB5, 0xB0, 0x3B, 0xEC, 0x72, 0xCE, 0xCF, 0xE4, 0x37, 0x51, 0x86,
    0x5D, 0x2A, 0xE2, 0xDF, 0x1E, 0x8A, 0x13, 0xB2, 0xEB, 0x3A, 0x21, 0x4D, 0xC8, 0xC7, 0xF3, 0x01,
    0xB2, 0x9D, 0x02, 0xE4, 0xF1, 0x80, 0x48, 0x03, 0x03, 0x7F, 0x0D, 0x4A, 0x83, 0x0A, 0x10, 0xBC,
    0x00, 0xC2, 0x15, 0x94, 0x9D, 0xDB, 0xBD, 0x32, 0xA1, 0xDE, 0x9E, 0xA0, 0x0F, 0x92, 0x65, 0x09,
    0x90, 0x38, 0xA9, 0x2D, 0x33, 0x19, 0xF5, 0xE4, 0xAE, 0x04, 0xC7, 0xDB, 0x09, 0xD0, 0xC5, 0x1A,
    0x4C, 0x1E, 0xB8, 0x53, 0xD8, 0xDD, 0x84, 0xE2, 0x76, 0x50, 0x34, 0x51, 0xAD, 0x54, 0xE9, 0x36,
    0x15, 0x37, 0x71, 0x69, 0x30, 0x56, 0x78, 0x73, 0xCD, 0x41, 0xEF, 0x4B, 0x85, 0x82, 0x01, 0x21,
    0xF3, 0xE3, 0x06, 0x21, 0xFC, 0x0A, 0x05, 0xB3, 0x5C, 0xC9, 0x1B, 0xA5, 0x1C, 0x49, 0x59, 0xDC,
    0x47, 0x86, 0x90, 0x50, 0x24, 0x1B, 0xA0, 0xD3, 0x71, 0x03, 0xD2, 0x35, 0x74, 0x47, 0xDA, 0xED,
    0x5E, 0x99, 0xF8, 0x86, 0x14, 0xDF, 0xE7, 0x9F, 0xFF, 0x94, 0x78, 0xC8, 0x0E, 0xFF, 0x3D, 0xA2,
    0x97, 0x37, 0x21, 0xC0, 0x0D, 0xFF, 0xF5, 0x70, 0x08, 0xEB, 0x60, 0x5E, 0x74, 0xCE, 0x5A, 0xF0,
    0x17, 0x5F, 0x59, 0x38, 0xB4, 0xFA, 0x03, 0xB9, 0x12, 0x0C, 0xB2, 0x69, 0xBB, 0x62, 0x7D, 0xF2,
    0x90, 0x4F, 0x75, 0xB0, 0x84, 0x6A, 0x74, 0xD4, 0x1C, 0xFA, 0xEB, 0x6E, 0xA8, 0x34, 0x36, 0x22,
    0x85, 0x93, 0x1F, 0x1B, 0x10, 0x24, 0x1A, 0xE4, 0xD1, 0x12, 0x08, 0xA3, 0xCE, 0x78, 0x34, 0x52,
    0x4D, 0x1A, 0xEB, 0x5D, 0x99, 0xAE, 0x64, 0xB2, 0x1A, 0x6F, 0xF7, 0x42, 0x0F, 0x7B, 0xD2, 0x43,
    0xE3, 0xDC, 0x28, 0x37, 0xC6, 0x77, 0x27, 0x93, 0x31, 0x42, 0x63, 0x7B, 0x15, 0xE4, 0xCE, 0x68,
    0xD4, 0x59, 0x1D, 0xB2, 0x74, 0x21, 0x78, 0x2A, 0xC1, 0x98, 0x14, 0x53, 0x14, 0xA4, 0x89, 0x32,
    0x14, 0x77, 0x64, 0x5F, 0x25, 0xD1, 0xF3, 0x64, 0xA5, 0x92, 0x35, 0x80, 0x26, 0xAB, 0x4B, 0x46,
    0x6E, 0x4A, 0x37, 0xD7, 0x95, 0x63, 0x52, 0x0B, 0xE1, 0x70, 0x26, 0x2B, 0x7F, 0x74, 0x34, 0x53,
    0x7B, 0xBC, 0x94, 0x13, 0xDF, 0x04, 0xEB, 0x9B, 0xBD, 0x68, 0x8F, 0x7B, 0xEE, 0x8E, 0xA6, 0x9F,
    0x5A, 0x19, 0x17, 0xCF, 0x6F, 0x69, 0xFA, 0x29, 0x66, 0x92, 0x7E, 0xF2, 0x19, 0xA8, 0xA9, 0x85,
    0x2B, 0x13, 0x52, 0x34, 0x32, 0x7B, 0x71, 0x36, 0x1A, 0x1D, 0x3E, 0x2F, 0xFD, 0x20, 0x46, 0x33,
    0x99, 0x15, 0x30, 0xE2, 0xEC, 0x6E, 0x05, 0xA5, 0x48, 0x8E, 0x48, 0x9E, 0x7B, 0xF2, 0xA0, 0x7D,
    0x0A, 0x64, 0x06, 0x24, 0x92, 0x9D, 0x90, 0xF2, 0x51, 0x6D, 0x4A, 0x22, 0x1F, 0xEB, 0xE2, 0x6A,
    0xD3, 0xAE, 0xA3, 0x2D, 0x22, 0xF6, 0xBE, 0xF8, 0x24, 0x27, 0x07, 0x29, 0x57, 0xF2, 0x5B, 0x58,
    0xCA, 0x98, 0xB5, 0x09, 0xB6, 0x92, 0x50, 0x35, 0xAD, 0x4F, 0xA5, 0x57, 0xCB, 0x33, 0x25, 0xBA,
    0xD0, 0xF2, 0x0B, 0x5B, 0x5A, 0xAA, 0xF9, 0xBE, 0x97, 0x9D, 0x2F, 0x60, 0xFE, 0xF3, 0x3C, 0x6B,
    0xF1, 0x12, 0x58, 0xC9, 0x52, 0x7A, 0xE1, 0xF4, 0xC4, 0xF1, 0xF6, 0x66, 0xF1, 0x72, 0x95, 0x3C,
    0x6F, 0x03, 0x6F, 0xE4, 0x34, 0xF0, 0xBA, 0xC7, 0xD1, 0xC0, 0xF6, 0xF9, 0xCC, 0x3A, 0x2A, 0x2A,
    0xED, 0x94, 0xF7, 0xAC, 0xD4, 0x03, 0x32, 0x64, 0x4F, 0x58, 0x7D, 0x05, 0x2C, 0x56, 0x2B, 0x16,
    0x1F, 0x56, 0xE0, 0x6D, 0xC5, 0x62, 0x02, 0x6F, 0x07, 0x30, 0x42, 0xFB, 0x3B, 0x8D, 0x56, 0x25,
    0xEA, 0xA2, 0xD6, 0x64, 0xBF, 0x67, 0x98, 0x9D, 0x22, 0x6E, 0xCA, 0x2F, 0x07, 0xA8, 0xAA, 0xC4,
    0x07, 0xF8, 0x12, 0xCF, 0x60, 0x79, 0xD8, 0xE8, 0x0D, 0x76, 0x9A, 0xD6, 0xC3, 0x3E, 0xED, 0x0D,
    0xB7, 0x67, 0x56, 0xBB, 0xFB, 0x6D, 0x91, 0xF8, 0x19, 0x12, 0x87, 0x15, 0x89, 0xD5, 0xC5, 0x22,
    0xF1, 0x6A, 0xB3, 0x47, 0x6F, 0xE2, 0xFB, 0x32, 0x3A, 0x39, 0x6C, 0x5A, 0x50, 0xFE, 0x85, 0xE6,
    0x8E, 0xA5, 0x56, 0x8E, 0xE1, 0x5C, 0xE3, 0x25, 0x27, 0xFC, 0x9D, 0xCE, 0xE2, 0xBB, 0xAB, 0x5B,
    0x7A, 0x24, 0xEA, 0x2A, 0x9C, 0x56, 0x47, 0xBC, 0x50, 0xC2, 0xA4, 0x76, 0xC6, 0xB1, 0x23, 0x5E,
    0x6A, 0xFD, 0xDC, 0x5F, 0xE8, 0xD1, 0x2A, 0xD2, 0x5E, 0x05, 0x92, 0xBD, 0x15, 0xD8, 0xD8, 0x9F,
    0xDB, 0x3C, 0xE5, 0xAB, 0xF1, 0x8B, 0x20, 0x1B, 0xF1, 0xB1, 0x80, 0xEC, 0xC1, 0x95, 0x8C, 0xEC,
    0x49, 0x80, 0x71, 0x43, 0xBA, 0xD4, 0x62, 0x5D, 0x34, 0xA5, 0x06, 0x28, 0xD7, 0x05, 0xF0, 0x3C,
    0x01, 0xF4, 0xC5, 0x52, 0x54, 0x25, 0x95, 0xFE, 0x5E, 0x34, 0x19, 0x46, 0xC7, 0xD6, 0x17, 0x72,
    0x05, 0x37, 0xBA, 0x14, 0x46, 0xB4, 0x3A, 0x92, 0x4A, 0x0C, 0xA6, 0xEB, 0x7E, 0x87, 0x9E, 0x4A,
    0xF5, 0x58, 0xEA, 0xCF, 0xA5, 0xAD, 0xD3, 0x77, 0xE4, 0x3F, 0x0F, 0xDE, 0x13, 0xE5, 0x39, 0x18,
    0x0C, 0xF8, 0x29, 0x1F, 0x8D, 0xA3, 0xC6, 0xF1, 0xFB, 0x38, 0x2A, 0x8A, 0x0A, 0x91, 0x45, 0x89,
    0x46, 0x42, 0x51, 0x79, 0x69, 0x57, 0xEC, 0x57, 0x34, 0x78, 0xA6, 0xC2, 0xCC, 0xD7, 0xAC, 0x93,
    0x55, 0xDB, 0x0D, 0x28, 0x90, 0x6C, 0xC1, 0x5A, 0x2B, 0xA9, 0x5F, 0x5B, 0xDB, 0x08, 0x55, 0x7C,
    0xA8, 0x0B, 0xDA, 0x69, 0x65, 0x24, 0x46, 0x4B, 0xB8, 0x92, 0x66, 0x22, 0xE5, 0x53, 0x2E, 0xE5,
    0x98, 0x4C, 0x86, 0xB1, 0xAC, 0x06, 0xF4, 0x60, 0xC2, 0xA5, 0x4A, 0x7B, 0xF4, 0x5C, 0xC2, 0xF0,
    0x81, 0xB8, 0x61, 0x1A, 0xE8, 0x93, 0x06, 0xFB, 0x82, 0x3B, 0xA1, 0x77, 0xE0, 0xEA, 0x9C, 0x1E,
    0xB5, 0x11, 0x15, 0x0B, 0xE6, 0x76, 0x08, 0xA8, 0xEC, 0x91, 0xB6, 0x47, 0xDC, 0xA0, 0xEB, 0x15,
    0x5F, 0x6D, 0xA0, 0x0A, 0xC3, 0x9F, 0x76, 0x1A, 0xA8, 0xF5, 0x65, 0x0D, 0xD4, 0x2D, 0x8D, 0x2F,
    0xB9, 0x33, 0xDF, 0x6D, 0xF4, 0xCB, 0x38, 0xEB, 0x40, 0xE4, 0x3B, 0x97, 0xB7, 0xE9, 0xE2, 0xE7,
    0x1A, 0xC4, 0xD7, 0x59, 0x37, 0x93, 0xDB, 0x55, 0xDC, 0xB7, 0xBE, 0x24, 0x3F, 0xC7, 0xEB, 0x6D,
    0x8D, 0xEF, 0xF5, 0x09, 0xD7, 0xEA, 0x13, 0xD8, 0xFB, 0xB8, 0xD0, 0x6C, 0x8B, 0xE6, 0xDD, 0x2E,
    0x7A, 0x6C, 0x6F, 0x0F, 0x12, 0x4B, 0x48, 0x3E, 0xF5, 0x06, 0x4A, 0x44, 0xBF, 0x3C, 0xDF, 0xB5,
    0xD6, 0xD6, 0x11, 0xF1, 0xC6, 0x13, 0xB6, 0x36, 0xCC, 0x93, 0xF1, 0xC6, 0xFB, 0x92, 0xBE, 0x8F,
    0x4B, 0xF2, 0x8B, 0x7F, 0x3F, 0xE2, 0xDF, 0x89, 0x2D, 0x7D, 0x5D, 0x37, 0x3C, 0xD7, 0x71, 0xE7,
    0xAC, 0xB0, 0x02, 0x68, 0x6C, 0xAD, 0xA5, 0x39, 0xDD, 0x94, 0x2F, 0xC2, 0x82, 0xF2, 0xD9, 0x29,
    0x4E, 0x5F, 0x02, 0xB5, 0xB2, 0xEA, 0xE0, 0xCB, 0xEA, 0x33, 0x5C, 0xD9, 0x07, 0x7B, 0x23, 0x7B,
    0xD7, 0x32, 0xEE, 0x7E, 0x69, 0xF7, 0xD4, 0x5E, 0xBD, 0xB0, 0x7F, 0x75, 0x6B, 0x11, 0x1F, 0xE8,
    0x2B, 0xA0, 0xDA, 0x5A, 0x3A, 0xA5, 0x66, 0x76, 0xDF, 0x12, 0x3F, 0x30, 0x1A, 0x73, 0x2B, 0x63,
    0x7C, 0x35, 0xE3, 0xDF, 0x45, 0xB9, 0x17, 0xC3, 0xFE, 0x10, 0xF0, 0x13, 0x82, 0xEE, 0xF8, 0xB1,
    0x6F, 0xF1, 0x3D, 0x44, 0x81, 0xCC, 0x75, 0xA4, 0x36, 0xCF, 0x8C, 0x4A, 0x2D, 0xF1, 0x9C, 0x75,
    0x4A, 0xD6, 0x50, 0xFE, 0x43, 0xA8, 0x8C, 0x8A, 0xB9, 0xBE, 0xB7, 0x61, 0x29, 0xF6, 0xD0, 0x9B,
    0x50, 0x18, 0x30, 0x97, 0xF2, 0xAD, 0x52, 0xFF, 0x75, 0x32, 0xBB, 0x7A, 0xA8, 0xDB, 0xB0, 0x2A,
    0x31, 0x3B, 0xB0, 0xAA, 0xB1, 0x93, 0x79, 0x3C, 0xE0, 0x66, 0x32, 0xE1, 0xE6, 0x24, 0x67, 0x2B,
    0x38, 0xF7, 0x0A, 0x29, 0x09, 0xF9, 0x8F, 0xE1, 0xF9, 0x71, 0x2D, 0xFA, 0x53, 0xC3, 0x1A, 0x2F,
    0x1B, 0xF7, 0x37, 0xD1, 0xDB, 0xE7, 0xB4, 0xCF, 0xB9, 0xA0, 0xB4, 0xE3, 0x03, 0xBE, 0x7F, 0x01,
    0xDD, 0x59, 0xBD, 0x72, 0xDC, 0x54, 0x14, 0x3E, 0x92, 0xB0, 0x35, 0xE3, 0x2D, 0x04, 0x33, 0x71,
    0x91, 0xB8, 0x50, 0x6F, 0x98, 0xD1, 0x13, 0x30, 0x12, 0x3C, 0x81, 0x8B, 0xEC, 0x50, 0x50, 0xA4,
    0x65, 0xDC, 0xF0, 0x04, 0xB1, 0x96, 0x37, 0xF0, 0x1B, 0x90, 0x22, 0x85, 0xB3, 0x0D, 0x43, 0x1F,
    0xAC, 0x9D, 0x50, 0xD2, 0x28, 0x50, 0x50, 0xA4, 0x11, 0x4C, 0xC2, 0xD0, 0x40, 0xC4, 0x8C, 0x00,
    0x25, 0xD1, 0xEE, 0xE5, 0x7C, 0xDF, 0xD1, 0xAE, 0x77, 0x93, 0x4C, 0x12, 0x3B, 0xEB, 0xC4, 0x44,
    0x93, 0x7B, 0x3E, 0xC5, 0x92, 0xEE, 0x3D, 0xFF, 0xE7, 0xDC, 0xBB, 0xBB, 0xE3, 0x91, 0xE8, 0x95,
    0xBB, 0x12, 0xF0, 0xA1, 0x81, 0x6F, 0xE0, 0x19, 0xEC, 0xBB, 0xC7, 0x47, 0x0A, 0x85, 0x73, 0x53,
    0x85, 0x6D, 0xF7, 0xE0, 0xEA, 0xC9, 0x33, 0x85, 0x8D, 0x0C, 0x70, 0xD7, 0xB5, 0x80, 0x7B, 0xCE,
    0x01, 0x1E, 0x3A, 0x37, 0x52, 0xE8, 0x42, 0x37, 0x51, 0xA8, 0x03, 0x03, 0x4C, 0xEB, 0xB9, 0xCA,
    0x5B, 0x86, 0xF2, 0xB4, 0xA0, 0xDF, 0x55, 0x12, 0xB8, 0x46, 0xE7, 0x93, 0xD4, 0xB9, 0x4F, 0x74,
    0xC1, 0xDC, 0xC0, 0xBB, 0x29, 0xEF, 0x47, 0x4E, 0xBA, 0xD4, 0xFD, 0xD6, 0xEA, 0x9F, 0xEA, 0x2E,
    0x76, 0x55, 0xE3, 0x2B, 0x23, 0xF2, 0x1E, 0x58, 0x95, 0x44, 0xFF, 0xA6, 0x5F, 0xD4, 0x1E, 0xE4,
    0x28, 0x94, 0xDD, 0x7C, 0x8D, 0x43, 0xE7, 0xC3, 0xBC, 0xE9, 0x7C, 0x8D, 0xE7, 0xF0, 0xD2, 0x7A,
    0x27, 0xBC, 0xE0, 0x8A, 0x5D, 0xC3, 0x21, 0x18, 0xF9, 0x59, 0x86, 0xAD, 0x19, 0x3B, 0x57, 0x61,
    0xEC, 0x8E, 0xC7, 0x58, 0x9F, 0x63, 0x7B, 0x38, 0xE4, 0x1A, 0x6A, 0xB4, 0x89, 0xD3, 0x11, 0xEA,
    0x1A, 0xBE, 0x2A, 0xCE, 0x5B, 0xE3, 0xC0, 0x7C, 0x98, 0xD7, 0xF5, 0x6B, 0xEC, 0x8F, 0x6F, 0xA9,
    0x29, 0xA6, 0x1C, 0xDB, 0xC3, 0xAB, 0x0B, 0x39, 0xE1, 0x5B, 0x18, 0x81, 0x99, 0xF1, 0x0C, 0xC3,
    0xD6, 0x51, 0x3D, 0x8E, 0x30, 0xBE, 0x90, 0xAD, 0xEC, 0xBA, 0xC4, 0x59, 0x9A, 0x15, 0x6A, 0xD3,
    0x99, 0x44, 0xAE, 0x23, 0x2F, 0x73, 0xD5, 0xBE, 0x49, 0x99, 0x95, 0x17, 0xB9, 0x2D, 0x89, 0xE4,
    0xCA, 0x4B, 0xAA, 0x72, 0x47, 0x1A, 0x06, 0x8C, 0x9E, 0x13, 0x33, 0xAF, 0x5D, 0xFE, 0x37, 0x29,
    0x9F, 0xEC, 0xA8, 0x2C, 0xB9, 0x86, 0x74, 0x27, 0x12, 0x60, 0xB4, 0x3D, 0xBA, 0x3F, 0xF5, 0xFD,
    0x99, 0x06, 0xD5, 0x23, 0x91, 0x83, 0x8C, 0x7C, 0xFA, 0xFD, 0xF7, 0xA2, 0x9F, 0xC9, 0x65, 0x59,
    0xB9, 0xD6, 0xAD, 0x03, 0x89, 0x75, 0x8D, 0xE3, 0x9E, 0xAF, 0x76, 0x99, 0xAF, 0x3F, 0x5E, 0x99,
    0xAF, 0x37, 0xAA, 0xC7, 0xF3, 0xF1, 0x83, 0x3B, 0x3A, 0x37, 0xD6, 0xF8, 0x1E, 0x18, 0x32, 0x9F,
    0xDC, 0xEF, 0xD7, 0x9E, 0xF4, 0xEF, 0x8F, 0x2E, 0x1C, 0xFA, 0x3D, 0x82, 0x5F, 0xA0, 0xD9, 0xE0,
    0x04, 0x71, 0x3D, 0x8B, 0x19, 0x71, 0xE0, 0xCC, 0x76, 0xD1, 0xCC, 0x30, 0xED, 0xC4, 0xCA, 0x50,
    0xD3, 0xA7, 0x78, 0x7B, 0x3D, 0xF9, 0x1D, 0x54, 0xED, 0xBF, 0xC3, 0xAA, 0x91, 0xB6, 0x58, 0x33,
    0xEF, 0x8C, 0xC2, 0x0F, 0xD2, 0x06, 0x9E, 0xB0, 0x99, 0xC9, 0x33, 0x97, 0x5A, 0x48, 0x83, 0xD8,
    0x28, 0x2C, 0x55, 0xB4, 0x36, 0xC3, 0xFA, 0x68, 0xA5, 0x14, 0xB2, 0xA7, 0xA8, 0x0C, 0xA3, 0x39,
    0xA5, 0x34, 0xCB, 0x94, 0x12, 0xE5, 0xA4, 0x5A, 0xEA, 0xE6, 0x15, 0x77, 0x87, 0x12, 0x16, 0x14,
    0xBF, 0x38, 0x14, 0xD9, 0x3A, 0x82, 0xD4, 0x60, 0x5B, 0x15, 0x98, 0x94, 0x41, 0x3B, 0xA8, 0xA3,
    0xCA, 0xEB, 0x36, 0x44, 0x2E, 0x99, 0xBE, 0x5C, 0x17, 0xE9, 0xD0, 0xE7, 0x87, 0x12, 0xEB, 0x57,
    0xE7, 0x3E, 0xB4, 0xB6, 0x26, 0x53, 0x33, 0x0C, 0xEA, 0xA2, 0xB2, 0x0E, 0x5F, 0x44, 0x48, 0x2A,
    0x07, 0x22, 0xE3, 0x43, 0x74, 0x02, 0x1A, 0x03, 0x9D, 0x44, 0x7F, 0xCD, 0x24, 0x99, 0xE4, 0xD9,
    0xB1, 0x44, 0xE5, 0x25, 0xF1, 0xB2, 0xF5, 0xD5, 0xC5, 0x17, 0x8C, 0xA2, 0x26, 0x4F, 0xC8, 0xD1,
    0xD7, 0xD4, 0xA7, 0xD0, 0x0A, 0x80, 0x2F, 0x8B, 0xA5, 0xD2, 0x19, 0x30, 0xCA, 0x66, 0x19, 0xDC,
    0x25, 0xA9, 0xA9, 0xF8, 0x74, 0x42, 0xC8, 0x69, 0x06, 0x24, 0x1D, 0x85, 0xA0, 0x21, 0x44, 0x25,
    0x21, 0x65, 0x1B, 0x54, 0xCE, 0x68, 0xA9, 0x9F, 0x0C, 0xEE, 0x39, 0x02, 0xE3, 0x1F, 0xC0, 0x37,
    0xFF, 0x81, 0x35, 0xD5, 0x0B, 0xAC, 0x61, 0x2A, 0xF3, 0xA9, 0x7D, 0xEE, 0x6C, 0x32, 0xC6, 0x49,
    0x39, 0x60, 0xF8, 0x96, 0x81, 0xAB, 0xAD, 0xF1, 0xB1, 0x04, 0xA5, 0xCC, 0x06, 0xEC, 0x7A, 0x32,
    0x4C, 0x19, 0xBB, 0x16, 0xE0, 0x15, 0xED, 0x33, 0x3E, 0x3C, 0x36, 0x5D, 0x5A, 0xAC, 0x78, 0x16,
    0x2A, 0xBE, 0x45, 0x4A, 0x50, 0x5B, 0x3C, 0x95, 0xF6, 0x0C, 0x2F, 0xEE, 0xB2, 0x05, 0xB4, 0x0E,
    0x30, 0x21, 0xB5, 0xFE, 0xCF, 0x7B, 0x19, 0x4D, 0x5D, 0x4B, 0xDA, 0x90, 0xD5, 0x0C, 0xB4, 0xA5,
    0x10, 0x15, 0x9F, 0x52, 0x92, 0x02, 0x6F, 0xFE, 0x38, 0x9D, 0x6B, 0x03, 0xAD, 0x61, 0xD6, 0xAB,
    0xC4, 0x73, 0x8F, 0x29, 0x5F, 0xA5, 0xE2, 0x41, 0x11, 0x1D, 0xA8, 0xFA, 0xB2, 0xA9, 0x41, 0xFF,
    0x1E, 0xD2, 0x12, 0xBE, 0x6B, 0x2C, 0xDB, 0x81, 0xCE, 0xE3, 0x7F, 0x7E, 0xF9, 0x47, 0x14, 0x8A,
    0xB2, 0x85, 0x8C, 0x95, 0x88, 0x02, 0x46, 0xCC, 0xB8, 0x31, 0xF5, 0xB0, 0xB1, 0x1C, 0xDB, 0x29,
    0x63, 0x5B, 0x79, 0x0E, 0x5E, 0xC6, 0x33, 0x8D, 0x7C, 0x6F, 0x6A, 0x3C, 0xCB, 0x82, 0xE7, 0x27,
    0xCC, 0xC4, 0xBF, 0x98, 0x65, 0x0A, 0xF2, 0x9C, 0x4E, 0x41, 0x63, 0x70, 0x5E, 0x45, 0xAC, 0x27,
    0x01, 0x79, 0xFE, 0xCA, 0x91, 0xE7, 0x1D, 0xFD, 0x7A, 0x97, 0x7C, 0x16, 0x16, 0xC7, 0xE0, 0x2D,
    0xA0, 0x55, 0x06, 0xB4, 0x5D, 0x3C, 0x59, 0x65, 0x93, 0x95, 0x49, 0xC4, 0xFC, 0x66, 0xC0, 0xD4,
    0xC6, 0xFA, 0xC5, 0x0C, 0x7A, 0x2E, 0x74, 0x8F, 0xB4, 0x39, 0xA1, 0x5E, 0xCD, 0x2A, 0x56, 0x63,
    0xDD, 0xA0, 0x0E, 0xDD, 0x83, 0xE1, 0xB5, 0xDA, 0xE1, 0xEA, 0xA9, 0x78, 0x1A, 0xC8, 0x68, 0xEB,
    0x61, 0x90, 0x48, 0xA5, 0x48, 0xD5, 0x27, 0x54, 0x6F, 0xC8, 0x3A, 0xF0, 0x27, 0x78, 0x53, 0xC2,
    0xDA, 0x7B, 0xD6, 0x5A, 0x77, 0xFA, 0x9E, 0xE8, 0x82, 0x6B, 0x6C, 0xE5, 0xBA, 0x72, 0x83, 0x65,
    0xAA, 0x62, 0xA6, 0xA7, 0xF9, 0x53, 0xFA, 0xEA, 0x01, 0x9F, 0x5A, 0xA8, 0xEE, 0xC9, 0xDB, 0xD1,
    0xE5, 0x82, 0xC9, 0x7D, 0xBD, 0x45, 0xDD, 0x75, 0xD6, 0x67, 0xF9, 0xAD, 0xA5, 0x0F, 0x24, 0x0D,
    0xE8, 0x3B, 0xA9, 0xA0, 0xEF, 0xB4, 0x84, 0xBE, 0xD3, 0x11, 0x6B, 0x2B, 0xE7, 0xFA, 0x8E, 0xB4,
    0x7D, 0xCB, 0xFA, 0x56, 0xCD, 0xED, 0x8E, 0x10, 0xEA, 0x13, 0xD5, 0x5D, 0xAE, 0xB9, 0x5C, 0xC3,
    0x5A, 0xA5, 0x45, 0xC0, 0xDE, 0x65, 0xC4, 0x1F, 0x5A, 0x22, 0x3B, 0x27, 0x52, 0x09, 0x75, 0x4A,
    0xA5, 0x1A, 0x79, 0x5D, 0x17, 0x3D, 0xC8, 0x6C, 0xD3, 0xAC, 0xD4, 0xE7, 0x2E, 0xD8, 0xA8, 0x76,
    0x33, 0xA0, 0x97, 0xD7, 0xA3, 0xB2, 0xBE, 0x0E, 0xB0, 0x0C, 0xF8, 0x67, 0x56, 0x40, 0x32, 0x42,
    0x6E, 0xD4, 0xD5, 0x4A, 0xD6, 0x06, 0x92, 0x1C, 0xFF, 0xDD, 0xCC, 0xCE, 0x5B, 0x65, 0x1F, 0x81,
    0xFE, 0xCA, 0xDC, 0xED, 0x58, 0x9F, 0x1D, 0xEB, 0x72, 0xBB, 0x78, 0x27, 0x24, 0x4D, 0x49, 0x0B,
    0xD2, 0x6F, 0x5F, 0x53, 0x65, 0xA7, 0x8B, 0xCF, 0x9F, 0x33, 0xF0, 0x84, 0x3D, 0x8A, 0x67, 0x75,
    0x4F, 0xF7, 0x8C, 0xDA, 0x5F, 0xE8, 0xF8, 0x58, 0xC7, 0x07, 0xAF, 0x16, 0x9F, 0xC8, 0xBE, 0x28,
    0x22, 0xB6, 0xB1, 0x18, 0x58, 0x85, 0x8F, 0xAD, 0x11, 0x48, 0xAD, 0xB4, 0x1F, 0xCB, 0x22, 0x89,
    0x2C, 0xAA, 0xCA, 0x48, 0xB5, 0x38, 0x73, 0x5C, 0xD2, 0x85, 0x48, 0x49, 0x79, 0xE9, 0x43, 0x35,
    0xB0, 0xD7, 0x14, 0xE5, 0xD2, 0xC3, 0xF1, 0x0D, 0x61, 0x02, 0xF8, 0x57, 0x57, 0x56, 0x68, 0xD0,
    0x90, 0x29, 0x68, 0x85, 0x06, 0x24, 0x33, 0x42, 0xE4, 0x32, 0x80, 0x76, 0x77, 0x00, 0xDF, 0xD5,
    0x00, 0xED, 0xD9, 0x08, 0x69, 0x47, 0x88, 0x1D, 0x61, 0xE0, 0xBE, 0x06, 0x04, 0xEE, 0x21, 0x80,
    0xF2, 0xA3, 0x15, 0x33, 0x48, 0x0D, 0x74, 0x3A, 0xBF, 0x81, 0x99, 0xB3, 0x90, 0xFB, 0xB8, 0x8C,
    0x39, 0xB3, 0x87, 0x1C, 0xC9, 0xF1, 0xCA, 0xAD, 0xE5, 0x96, 0xBF, 0xB0, 0x8C, 0x6A, 0xE9, 0x2A,
    0x98, 0xDA, 0xEE, 0xA0, 0x3E, 0xE9, 0x6A, 0x96, 0x72, 0xED, 0x1E, 0x16, 0xB9, 0xA3, 0x1D, 0xA7,
    0xC2, 0x0F, 0x90, 0x30, 0x70, 0xEE, 0x1B, 0x3B, 0xA0, 0x5A, 0x9C, 0x4C, 0x11, 0xBC, 0x75, 0x1C,
    0x50, 0xBD, 0xF4, 0x9C, 0xEA, 0xFF, 0x6E, 0x87, 0xE7, 0xF7, 0x9A, 0x06, 0xE6, 0x89, 0x5E, 0xDF,
    0x6B, 0xDA, 0xA6, 0x2C, 0xA8, 0x56, 0xAC, 0x72, 0xD1, 0xCC, 0xF1, 0xF4, 0x65, 0x2D, 0xA5, 0x84,
    0xED, 0xB2, 0x4B, 0x45, 0x26, 0x83, 0x75, 0x6A, 0x92, 0xD8, 0x9B, 0xFD, 0x19, 0xCF, 0x91, 0x6C,
    0xB1, 0x81, 0xD6, 0x22, 0x88, 0x67, 0x25, 0xA7, 0x8C, 0x9E, 0x74, 0x16, 0xA1, 0xB5, 0x2C, 0x52,
    0x8F, 0xC8, 0x30, 0x7B, 0x47, 0xA2, 0x51, 0x25, 0x86, 0x9A, 0xC2, 0x1A, 0x07, 0x2F, 0xE2, 0x4F,
    0xAD, 0xEB, 0x76, 0x85, 0xB5, 0x32, 0xE6, 0x0C, 0xB1, 0x39, 0xC3, 0xC6, 0xD5, 0x0B, 0x1D, 0x8D,
    0xE1, 0xA1, 0xF1, 0x95, 0x34, 0x2B, 0x27, 0x0A, 0x0B, 0x8C, 0x2D, 0xB5, 0x48, 0xD8, 0xFF, 0x9F,
    0xBE, 0xBD, 0xAF, 0x7B, 0x18, 0xDD, 0x7D, 0x0D, 0xB0, 0x93, 0xD5, 0x4A, 0x90, 0xA8, 0x34, 0xC9,
    0x44, 0xAD, 0xA9, 0xFB, 0xF2, 0x03, 0xCD, 0xD5, 0x75, 0xE4, 0x34, 0xF1, 0xAA, 0x34, 0x03, 0x68,
    0x22, 0xC0, 0x96, 0x80, 0x38, 0x9A, 0x63, 0xB0, 0x0E, 0x0C, 0x81, 0x23, 0xD8, 0xAA, 0x0C, 0xAC,
    0x4E, 0x4E, 0xB1, 0xAD, 0xEE, 0xF1, 0x7C, 0xFC, 0x2B, 0x30, 0xFF, 0xF2, 0x7A, 0xFF, 0x2A, 0x5A,
    0xF3, 0xAF, 0x29, 0x21, 0x32, 0xFF, 0x0A, 0xCD, 0xBF, 0xFC, 0xDE, 0xB1, 0xDC, 0x8A, 0x63, 0xC5,
    0x06, 0x03, 0xF3, 0xAF, 0xC0, 0xFC, 0xCB, 0xEB, 0x1D, 0xAB, 0x30, 0xB0, 0x56, 0xB8, 0xDF, 0xBD,
    0xCD, 0x21, 0x31, 0x48, 0x65, 0x19, 0x8E, 0x97, 0x4D, 0x63, 0x27, 0x26, 0x92, 0x1E, 0xF6, 0x6E,
    0x66, 0x5E, 0x66, 0x4E, 0x66, 0x3E, 0x66, 0x2E, 0x66, 0x1E, 0x66, 0x0E, 0xB6, 0x68, 0xA9, 0xCC,
    0x53, 0x4E, 0xF9, 0xAF, 0xE2, 0xC6, 0xB7, 0xE1, 0x26, 0x58, 0x9D, 0xA9, 0xA4, 0x4B, 0x3D, 0x7F,
    0xBB, 0xEC, 0xDB, 0xAE, 0x8F, 0xD4, 0x0E, 0xB3, 0xBE, 0x64, 0x78, 0xD8, 0xC1, 0xD5, 0x4C, 0xFF,
    0xE0, 0x8F, 0xC7, 0x37, 0xF8, 0x22, 0x53, 0x46, 0x0F, 0x32, 0x1C, 0x2E, 0x55, 0x70, 0xAF, 0xE0,
    0x5C, 0xB1, 0xC3, 0x71, 0x8A, 0x14, 0x8F, 0x3E, 0xD3, 0xE9, 0x30, 0x71, 0x51, 0x73, 0xCE, 0xA4,
    0xE3, 0xB9, 0x98, 0x0E, 0x9C, 0xC0, 0xE8, 0xCE, 0x0C, 0x3E, 0xAC, 0x0F, 0x72, 0x86, 0xF0, 0x04,
    0x07, 0x05, 0x27, 0xE0, 0xA8, 0xFE, 0xF2, 0x45, 0x50, 0x34, 0xCB, 0x1F, 0xE4, 0x06, 0x36, 0xE7,
    0x48, 0xD7, 0xC2, 0x0A, 0xFD, 0x7A, 0xD8, 0x05, 0xEA, 0x5F, 0x20, 0x5E, 0xCE, 0x83, 0x9B, 0x4D,
    0xEB, 0x22, 0x99, 0x5E, 0x55, 0x94, 0xFB, 0xE4, 0x9E, 0x89, 0x00, 0xBF, 0x52, 0x08, 0x7F, 0xA3,
    0x98, 0xD3, 0xE5, 0xDF, 0x0A, 0xBC, 0xFD, 0x3D, 0x9E, 0x42, 0xCC, 0xE6, 0x1B, 0x6E, 0xF5, 0x10,
    0x95, 0x0E, 0x22, 0xA9, 0x3B, 0xAA, 0x7C, 0xD3, 0x5E, 0x4A, 0x65, 0x43, 0x83, 0x2C, 0x6D, 0x29,
    0xE6, 0x8B, 0x29, 0xDF, 0xB4, 0xAF, 0xF4, 0x73, 0x9D, 0xC4, 0x1E, 0x69, 0xEC, 0xA0, 0x87, 0xB0,
    0x1E, 0x73, 0x87, 0xBF, 0x6D, 0xC9, 0x36, 0x0B, 0xC0, 0x48, 0x6E, 0xB2, 0x6C, 0xC1, 0x51, 0x25,
    0x68, 0x43, 0xDB, 0xB5, 0x5B, 0x0A, 0x2F, 0xAC, 0xE5, 0xEA, 0x73, 0x9B, 0x2C, 0xD7, 0xC3, 0x77,
    0xC1, 0x3A, 0xF8, 0x3D, 0x43, 0xE4, 0x3A, 0xA3, 0x0D, 0xBF, 0xAF, 0xE0, 0x35, 0x68, 0x26, 0x62,
    0x07, 0x6D, 0xDD, 0xF7, 0xF2, 0x6F, 0x1B, 0x17, 0xC1, 0x5E, 0xB2, 0x75, 0x73, 0x17, 0x91, 0x93,
    0xD4, 0x2C, 0x3F, 0xF9, 0x84, 0xE1, 0xE5, 0x3E, 0xC5, 0x1B, 0xDE, 0x94, 0xA7, 0x42, 0x41, 0x13,
    0x31, 0x14, 0xB3, 0x8D, 0x77, 0xCC, 0x5E, 0xDE, 0x78, 0xF3, 0x16, 0x0E, 0x93, 0x22, 0x4C, 0xD0,
    0xC5, 0x35, 0xCE, 0xBF, 0x70, 0x9E, 0x90, 0x4E, 0x60, 0xBB, 0x9C, 0xC5, 0xEA, 0xD2, 0xD2, 0x26,
    0xE0, 0x42, 0xD8, 0x6B, 0xC9, 0x00, 0x8E, 0xA7, 0xA2, 0x31, 0x51, 0x9D, 0x0B, 0x46, 0x78, 0x3C,
    0x2E, 0x2A, 0x98, 0x41, 0xF3, 0xDF, 0xA0, 0x82, 0x21, 0x74, 0x96, 0xA0, 0x82, 0x6A, 0x78, 0x03,
    0x63, 0xF0, 0x06, 0xAA, 0xE3, 0x26, 0x20, 0x9F, 0xDF, 0x40, 0xB5, 0xAB, 0x37, 0x50, 0x3D, 0xF4,
    0x6E, 0x37, 0x38, 0x07, 0x5F, 0xBD, 0x59, 0x3C, 0xE2, 0x57, 0xCD, 0xD3, 0x9F, 0xE7, 0xF3, 0x9B,
    0xC5, 0x5A, 0x49, 0x7F, 0x73, 0xBB, 0xE7, 0x47, 0x3A, 0x18, 0x8B, 0x37, 0x81, 0xB9, 0x8E, 0xD7,
    0xD1, 0x60, 0x7F, 0x0F, 0x3F, 0xEF, 0x68, 0x32, 0xE7, 0xF8, 0xF3, 0x64, 0x7F, 0xD3, 0x9B, 0x4D,
    0xFE, 0x03, 0xDD, 0x59, 0xBF, 0x8F, 0xDD, 0x58, 0x15, 0x3E, 0xB6, 0x33, 0x63, 0x11, 0x4B, 0x98,
    0x22, 0xAC, 0xB4, 0xD9, 0xC2, 0x15, 0x12, 0x64, 0x0B, 0xFF, 0x05, 0x89, 0x2D, 0x28, 0x28, 0x28,
    0x76, 0x8A, 0x7D, 0x34, 0xB4, 0xDB, 0x30, 0x4D, 0x5A, 0x8A, 0x25, 0x7E, 0x9A, 0x96, 0x66, 0x0A,
    0x96, 0x86, 0x26, 0xC5, 0x14, 0xCB, 0x6B, 0xD2, 0x6C, 0x91, 0x62, 0x82, 0x2D, 0x51, 0x50, 0x50,
    0xAC, 0x25, 0x0A, 0x0A, 0x0A, 0x5C, 0x64, 0x28, 0x16, 0x09, 0x2C, 0xE4, 0x95, 0x9C, 0x8D, 0xED,
    0xC3, 0xF9, 0xBE, 0x7B, 0xDF, 0xBC, 0xC9, 0x28, 0x82, 0x8D, 0x20, 0x21, 0x33, 0xD6, 0xCC, 0x3D,
    0xF7, 0xF9, 0xC7, 0xBD, 0xE7, 0xD7, 0xFD, 0xCE, 0xB9, 0xE7, 0x4A, 0x70, 0x58, 0xCA, 0x3B, 0xBF,
    0x14, 0x91, 0x5C, 0xA7, 0x50, 0x75, 0x2D, 0x81, 0xAA, 0x7E, 0xA0, 0xDA, 0x4B, 0xA4, 0x65, 0xA5,
    0x7D, 0x3E, 0x49, 0xBA, 0xD8, 0xC3, 0x36, 0x9D, 0x25, 0xB3, 0xBE, 0x36, 0x89, 0x0A, 0x6E, 0xEA,
    0x3A, 0x56, 0x29, 0xD0, 0x29, 0x63, 0x2D, 0x8B, 0x51, 0x92, 0x5D, 0xC7, 0xAE, 0x4B, 0x9D, 0x4F,
    0x56, 0x2B, 0x71, 0xEF, 0xD8, 0x54, 0xBB, 0x0E, 0xC7, 0xC1, 0xE4, 0x1C, 0x59, 0x6E, 0x08, 0x66,
    0xD1, 0x56, 0xBE, 0x69, 0x2F, 0x48, 0xA1, 0x83, 0x3C, 0x30, 0x36, 0xD6, 0xB5, 0x2E, 0xBF, 0x9E,
    0x45, 0x6A, 0xD5, 0x1F, 0xA9, 0x8E, 0x62, 0x6F, 0x8C, 0xF6, 0x03, 0xDF, 0xAD, 0x44, 0x82, 0x03,
    0xC1, 0x75, 0x78, 0x42, 0x62, 0x7C, 0xDB, 0x15, 0xF2, 0xA1, 0xC4, 0x0B, 0xEF, 0xA5, 0x03, 0x49,
    0xCE, 0x7B, 0x72, 0x4B, 0x76, 0x97, 0x8D, 0xF8, 0x95, 0xF1, 0x01, 0x36, 0x6D, 0xFC, 0xF7, 0xF4,
    0xEC, 0x91, 0x7D, 0x18, 0x6A, 0x17, 0x69, 0x67, 0x7A, 0xE8, 0x30, 0x1A, 0xC9, 0x48, 0x52, 0xBF,
    0x94, 0x0C, 0x17, 0xDE, 0x0C, 0xDC, 0x77, 0xB1, 0x57, 0xA3, 0x8D, 0x09, 0xD2, 0x81, 0x9C, 0x81,
    0x33, 0x7B, 0x56, 0x8D, 0x24, 0x05, 0x9F, 0x75, 0x99, 0x92, 0xA4, 0xFC, 0xC0, 0xBE, 0x6B, 0x40,
    0xA2, 0xED, 0xB4, 0x03, 0x78, 0x91, 0x7A, 0x92, 0xD8, 0xEE, 0x14, 0x5A, 0xDA, 0x58, 0xEB, 0x54,
    0x7B, 0x90, 0xA0, 0xB6, 0xE1, 0x6E, 0x6E, 0x4C, 0x86, 0x0C, 0x42, 0x16, 0x10, 0xB1, 0x6E, 0x31,
    0x98, 0x75, 0x22, 0x9B, 0x43, 0x82, 0x72, 0x27, 0xE7, 0xED, 0xB2, 0xD0, 0x23, 0xED, 0x0B, 0xFD,
    0x83, 0x4E, 0x91, 0x7E, 0xAE, 0x53, 0xA0, 0x73, 0x66, 0xCD, 0x98, 0x8E, 0x81, 0xF6, 0x49, 0x1B,
    0x78, 0xE6, 0xCE, 0x9B, 0xF6, 0x3F, 0x37, 0xF6, 0x5E, 0x6C, 0x1C, 0x1A, 0x5F, 0xF6, 0xBB, 0x42,
    0x73, 0xC5, 0xB5, 0xF9, 0xE2, 0xB5, 0xFF, 0x29, 0x49, 0xE2, 0x7C, 0x27, 0x75, 0xCF, 0xB3, 0xF6,
    0xA2, 0x27, 0x15, 0xF2, 0x82, 0x43, 0xBD, 0x19, 0x25, 0x5F, 0xB8, 0xEE, 0x80, 0x8D, 0xAA, 0x81,
    0xE5, 0x61, 0x6B, 0x3A, 0xFB, 0x04, 0xEF, 0x27, 0xB3, 0x34, 0xFF, 0xF7, 0x24, 0x7C, 0x48, 0x86,
    0xC9, 0x79, 0xDA, 0x57, 0xF8, 0x24, 0x5A, 0xF8, 0x6A, 0xA0, 0x93, 0x5B, 0x04, 0x4E, 0xB6, 0x6F,
    0x1F, 0x5C, 0x93, 0x75, 0x11, 0x9C, 0x98, 0x29, 0x64, 0x96, 0xCA, 0xD4, 0x76, 0x34, 0x01, 0x2D,
    0x4C, 0x81, 0x09, 0x66, 0x8B, 0xB4, 0x71, 0x98, 0x21, 0x6F, 0xDA, 0x64, 0x9B, 0x63, 0x3F, 0x7B,
    0x8C, 0xF5, 0x99, 0x62, 0x7D, 0x16, 0x78, 0x50, 0xBF, 0x80, 0x48, 0xEF, 0x01, 0xDC, 0x20, 0x45,
    0xB4, 0x7C, 0xDF, 0x84, 0x1F, 0xA4, 0xEA, 0x73, 0x13, 0xB0, 0x2F, 0x7A, 0xC9, 0xD8, 0x34, 0xB6,
    0xCE, 0x6F, 0x00, 0x35, 0x31, 0xFC, 0xDA, 0x8B, 0x96, 0x02, 0xB5, 0x23, 0x02, 0xA3, 0xD9, 0xAD,
    0xB4, 0x9B, 0x36, 0x67, 0x00, 0x04, 0x37, 0xA9, 0x31, 0x93, 0x89, 0x05, 0x84, 0xCD, 0x4B, 0x43,
    0xD7, 0xCA, 0x9A, 0xA9, 0x6E, 0x24, 0x41, 0x93, 0x8E, 0x55, 0x2F, 0x79, 0x6F, 0x3A, 0xAF, 0x5B,
    0x1B, 0x45, 0xF1, 0xD5, 0x53, 0x93, 0xE1, 0x43, 0xEA, 0xE6, 0x37, 0xC4, 0x67, 0xA9, 0x61, 0x3A,
    0x9B, 0xC0, 0x0C, 0x93, 0x98, 0x6C, 0x7B, 0xDB, 0xF5, 0x71, 0x62, 0x46, 0xB0, 0xA8, 0xB0, 0xD4,
    0x43, 0xD1, 0x25, 0x53, 0xD1, 0x44, 0x53, 0xD5, 0x84, 0x43, 0xD5, 0x05, 0x65, 0x35, 0x83, 0xBD,
    0xCE, 0x82, 0x86, 0x96, 0x36, 0x6C, 0x17, 0x82, 0xB7, 0x0C, 0x56, 0xAF, 0x97, 0x6F, 0x18, 0x4F,
    0xC0, 0xF4, 0x5A, 0xC2, 0xA5, 0x2E, 0xA3, 0xB9, 0x6A, 0x93, 0xD1, 0x34, 0xD5, 0xC7, 0xE0, 0x1C,
    0x2E, 0x18, 0x6C, 0xD6, 0x50, 0x55, 0x0B, 0xB9, 0x4C, 0x82, 0xFC, 0x8F, 0xC6, 0x42, 0x55, 0x2E,
    0x12, 0x4C, 0x58, 0x76, 0x07, 0xE7, 0xF3, 0xBF, 0x4D, 0xBA, 0xBA, 0x6D, 0x58, 0x01, 0xC7, 0xB5,
    0xBB, 0xE1, 0x5C, 0x34, 0xF1, 0x90, 0xF6, 0x69, 0x13, 0x8E, 0xC6, 0xEA, 0xC1, 0x6B, 0xD5, 0xD5,
    0x5B, 0xA5, 0x08, 0x02, 0xE5, 0x33, 0xE2, 0x0A, 0x56, 0x59, 0x06, 0x54, 0x49, 0x7A, 0x8F, 0x9D,
    0xEF, 0xDE, 0xEF, 0x90, 0x61, 0xD8, 0x83, 0x6C, 0x7E, 0x4D, 0x0A, 0xC9, 0x6C, 0x89, 0xA5, 0x36,
    0x4B, 0x3A, 0xFB, 0x28, 0x68, 0x5C, 0xE3, 0xFF, 0x57, 0xD6, 0xC7, 0xE7, 0x80, 0xA0, 0x13, 0xB9,
    0xB9, 0x36, 0x9C, 0x24, 0x32, 0xD8, 0xAD, 0xEC, 0xF9, 0x28, 0xC4, 0x90, 0xCB, 0xC8, 0xF0, 0x16,
    0x39, 0x97, 0x41, 0xD9, 0xA7, 0x69, 0x17, 0xF7, 0xD1, 0x98, 0x1B, 0x1C, 0xD5, 0x6B, 0xA9, 0x16,
    0xB7, 0x2E, 0xF7, 0x0E, 0x5E, 0xEB, 0x42, 0xAC, 0x00, 0xFE, 0x8B, 0x23, 0x2A, 0xD5, 0x17, 0xF5,
    0xB2, 0x51, 0x83, 0x2B, 0x4B, 0xD4, 0x0A, 0x79, 0xE2, 0xC8, 0x29, 0x48, 0xBE, 0x25, 0x1F, 0x81,
    0xDC, 0x74, 0xB9, 0x9C, 0xBC, 0x11, 0x82, 0x25, 0x07, 0x3B, 0x2B, 0x43, 0xB3, 0x32, 0x9C, 0x79,
    0x22, 0x51, 0xC3, 0x67, 0xF1, 0x53, 0x17, 0xC5, 0xD5, 0xC7, 0x35, 0x1F, 0xB8, 0xDD, 0xC3, 0x82,
    0xBF, 0x3E, 0x61, 0x26, 0x2A, 0xEA, 0x72, 0xC5, 0x9A, 0x1F, 0x24, 0xF6, 0x42, 0x6A, 0x10, 0x94,
    0xB7, 0xC4, 0x69, 0x20, 0xBB, 0xE9, 0xB0, 0x87, 0x7E, 0xDE, 0xD1, 0xB3, 0x83, 0x40, 0xDD, 0xBD,
    0x57, 0xF9, 0x67, 0x66, 0xAA, 0xCB, 0x67, 0xC6, 0xEE, 0x60, 0x5C, 0xF6, 0x12, 0x3E, 0x75, 0x89,
    0x5A, 0x04, 0xFF, 0x41, 0x14, 0x47, 0x88, 0xB6, 0xFF, 0xEF, 0x98, 0x3F, 0x58, 0x4C, 0x93, 0x7C,
    0x74, 0xC6, 0xC7, 0x0A, 0xEA, 0x62, 0xAC, 0xAE, 0x68, 0x72, 0xF9, 0x87, 0x3A, 0x31, 0x9C, 0xDC,
    0x5B, 0x65, 0xEC, 0x5D, 0x08, 0xDF, 0x57, 0xDC, 0x76, 0x72, 0x7B, 0xBD, 0x35, 0x12, 0xF3, 0x15,
    0x0B, 0x92, 0x49, 0x3B, 0xC3, 0x22, 0xC8, 0xFD, 0xDB, 0x63, 0x1F, 0x3B, 0xA1, 0xD4, 0xF7, 0x95,
    0x19, 0x80, 0x35, 0xB0, 0xCB, 0xD7, 0x0B, 0xD0, 0xFF, 0x2E, 0x72, 0xBB, 0xFD, 0x83, 0x2E, 0x8F,
    0xC1, 0xDA, 0xE8, 0xD7, 0x35, 0x70, 0xE1, 0xB5, 0xA8, 0x74, 0x55, 0xCD, 0x80, 0x1C, 0x0C, 0x69,
    0x72, 0x6E, 0x6C, 0xCC, 0xF2, 0x7F, 0xA0, 0x52, 0x3A, 0x72, 0x4A, 0x18, 0xDA, 0x92, 0x57, 0xF4,
    0xE7, 0x3B, 0xFA, 0xC5, 0xB1, 0x3D, 0xEB, 0xEC, 0x59, 0xF9, 0xB5, 0xFD, 0x59, 0x10, 0x09, 0xC3,
    0x63, 0x86, 0xBC, 0x7C, 0x61, 0x38, 0xA8, 0xF4, 0x4F, 0xBD, 0x93, 0x0F, 0xAA, 0x1D, 0x89, 0xFF,
    0x41, 0x1F, 0xFA, 0xC5, 0xF8, 0xAD, 0x8B, 0xFE, 0xDA, 0x1A, 0x2C, 0x19, 0xB1, 0xC4, 0x6F, 0x8E,
    0x0D, 0xA0, 0x30, 0x03, 0xC6, 0x2C, 0xE4, 0xFF, 0x45, 0x2C, 0x7F, 0xB5, 0xCD, 0xA7, 0x54, 0xA6,
    0x5B, 0xA0, 0xE8, 0x22, 0xE1, 0x04, 0x75, 0x9E, 0xDD, 0x67, 0xB4, 0x50, 0xC6, 0x8B, 0xFB, 0xEA,
    0x54, 0xEE, 0xE2, 0xC6, 0x4F, 0x2D, 0x22, 0x20, 0x9C, 0xAC, 0xEF, 0x51, 0xF1, 0xCF, 0x9E, 0x70,
    0x53, 0x4D, 0x97, 0x2E, 0x98, 0x11, 0xCA, 0x5D, 0x6E, 0xD1, 0x5E, 0x7A, 0x15, 0xDA, 0xDA, 0xDF,
    0x96, 0x58, 0xFE, 0x13, 0x39, 0x3D, 0x87, 0x8E, 0x04, 0xFF, 0x1D, 0x71, 0xA3, 0x74, 0x91, 0xB3,
    0x9B, 0x23, 0x43, 0x0A, 0x62, 0x5B, 0x6B, 0x0A, 0xAC, 0xA3, 0xB9, 0xB5, 0xE1, 0x64, 0x5B, 0xC3,
    0x3A, 0x1F, 0x3A, 0xA6, 0x6E, 0x6E, 0xE8, 0x90, 0x19, 0xDD, 0x73, 0x4B, 0xF6, 0x56, 0xAB, 0xEB,
    0x65, 0xB8, 0xFD, 0x0D, 0xB2, 0x73, 0x33, 0x1C, 0x53, 0x75, 0x4F, 0x82, 0xD5, 0xAA, 0xBC, 0x12,
    0x36, 0xFA, 0xAE, 0xEC, 0x83, 0xD1, 0x7B, 0x92, 0x12, 0x34, 0xD7, 0x95, 0xB7, 0x98, 0x0B, 0x7B,
    0x93, 0xDB, 0xE8, 0x75, 0x7C, 0xF5, 0x86, 0x5C, 0x33, 0xC3, 0xAD, 0xE5, 0x21, 0xC1, 0x8D, 0x1B,
    0xDE, 0x78, 0x60, 0xB6, 0x19, 0xF9, 0x1D, 0x97, 0x73, 0x56, 0xC9, 0xDD, 0xFB, 0x52, 0x5E, 0x8D,
    0x15, 0x27, 0xEF, 0x8A, 0xAB, 0x5F, 0x51, 0x86, 0xE4, 0x6F, 0x4C, 0xAA, 0xD3, 0x72, 0x24, 0xB1,
    0xD0, 0xC2, 0x5F, 0x8F, 0x49, 0xFE, 0xCA, 0x67, 0x91, 0xB7, 0xED, 0xE1, 0x35, 0xB3, 0xAD, 0xEC,
    0xBB, 0x7C, 0xA6, 0x72, 0xB1, 0x6D, 0xE1, 0x46, 0x39, 0xE8, 0xD3, 0x92, 0xF5, 0x0D, 0x12, 0xFF,
    0x4B, 0xE6, 0xCA, 0xBD, 0xE9, 0xBE, 0xDE, 0x3F, 0xBE, 0x22, 0x96, 0xDE, 0x1C, 0x6D, 0xB8, 0x36,
    0x7F, 0xB0, 0xB0, 0x24, 0x93, 0xC0, 0xC6, 0xF1, 0xC8, 0x6D, 0x53, 0xDA, 0x31, 0xF9, 0xC9, 0xD7,
    0xBF, 0x75, 0xE5, 0x81, 0x5B, 0xD7, 0xCC, 0xB6, 0x77, 0x1E, 0x1E, 0x12, 0xAC, 0x3A, 0xAE, 0xD1,
    0xFA, 0x48, 0xA9, 0x88, 0x68, 0x62, 0x8E, 0xCB, 0x52, 0x5B, 0xD2, 0x65, 0x0D, 0x6B, 0x98, 0x7B,
    0x57, 0xC1, 0x9A, 0xC8, 0x95, 0x52, 0x5D, 0x90, 0x4E, 0x59, 0xC2, 0xB5, 0xAF, 0x4B, 0x19, 0x58,
    0xA0, 0xAF, 0xCD, 0xA2, 0xB6, 0xD5, 0x83, 0x7A, 0xDE, 0x08, 0xA9, 0x3C, 0xC1, 0xB4, 0xAC, 0xB1,
    0xC3, 0x38, 0xD8, 0x29, 0x3E, 0x40, 0x40, 0x40, 0x01, 0xC5, 0xB8, 0x3E, 0xFB, 0xC9, 0x08, 0x78,
    0x71, 0x20, 0x99, 0xFB, 0x4D, 0x4F, 0xEE, 0xB2, 0x12, 0x7A, 0x1B, 0xDF, 0xDB, 0xD6, 0x90, 0x77,
    0xC4, 0xDF, 0xD4, 0xBF, 0xBB, 0x80, 0xE2, 0xBF, 0x7B, 0xF6, 0xB6, 0x5A, 0x25, 0xF4, 0x65, 0x5B,
    0xBF, 0xD1, 0x73, 0xE8, 0x5F, 0x3B, 0x56, 0x7D, 0xFA, 0xA9, 0xFE, 0xE6, 0xF3, 0xC6, 0xF1, 0x4F,
    0x12, 0xBB, 0xA8, 0x61, 0x39, 0xC1, 0xB9, 0x64, 0xA9, 0x96, 0x3B, 0x21, 0x9B, 0xF3, 0x0A, 0xE9,
    0x07, 0xDB, 0x8A, 0x71, 0x30, 0x7B, 0xE5, 0x98, 0x7A, 0x7A, 0xAF, 0x43, 0x56, 0xDF, 0x6F, 0x5D,
    0x72, 0x5C, 0x9C, 0x85, 0xC8, 0x09, 0x0E, 0x45, 0x58, 0x5A, 0x08, 0x70, 0xE4, 0xA1, 0xDC, 0x61,
    0x84, 0xB6, 0x38, 0xCC, 0x7A, 0x90, 0x2B, 0x32, 0xCD, 0xE6, 0x0D, 0xBB, 0x28, 0x15, 0xE6, 0xAC,
    0x7F, 0xF2, 0xB4, 0x24, 0x2F, 0xB9, 0xE2, 0x70, 0x4C, 0x52, 0xB8, 0x8D, 0x4A, 0xE6, 0xBB, 0xE6,
    0x68, 0xB9, 0xBD, 0xF4, 0xC0, 0xC1, 0x65, 0x61, 0x4F, 0x9E, 0xB8, 0xB3, 0x95, 0x7B, 0xE6, 0x19,
    0x93, 0x0B, 0x82, 0x3F, 0x37, 0x7F, 0x98, 0xDC, 0x69, 0xC1, 0x54, 0x4C, 0xCC, 0xCE, 0x53, 0x95,
    0x29, 0x9B, 0x19, 0x3B, 0x13, 0x0D, 0x86, 0x74, 0x89, 0x18, 0x46, 0xF5, 0xC8, 0x9C, 0x38, 0xEA,
    0x68, 0xED, 0xDF, 0xF5, 0xB1, 0xFE, 0xB0, 0x65, 0xF7, 0xF7, 0xA6, 0xFD, 0x5F, 0x34, 0x8C, 0x4D,
    0x7F, 0x36, 0x7B, 0x7C, 0x4E, 0x4D, 0xE8, 0x3F, 0x9A, 0x40, 0xFF, 0xB2, 0xDE, 0xC6, 0x5B, 0x75,
    0xAA, 0xAA, 0x8D, 0xD4, 0x7A, 0xBE, 0xBF, 0xF3, 0xFB, 0xD4, 0x62, 0x71, 0xFF, 0x3E, 0x28, 0xFB,
    0xC0, 0x9C, 0x01, 0x2B, 0x9C, 0xFE, 0xD2, 0x5D, 0xD7, 0x55, 0x01, 0x9D, 0xC7, 0xB5, 0x5B, 0x33,
    0x78, 0x85, 0xB3, 0x22, 0xC8, 0xB1, 0x4B, 0x6F, 0xC9, 0x69, 0x5B, 0x90, 0xDF, 0x55, 0x07, 0x2F,
    0x43, 0x86, 0x5A, 0x82, 0x54, 0x69, 0x83, 0x4E, 0x85, 0x0E, 0xC2, 0xA6, 0x96, 0xF1, 0xC4, 0x62,
    0x95, 0xAE, 0xA3, 0x01, 0xDB, 0x49, 0xEB, 0x43, 0x05, 0xF4, 0x33, 0x28, 0xA0, 0x36, 0x4F, 0xEB,
    0x62, 0x9B, 0xBF, 0xEA, 0x13, 0xED, 0xB1, 0x87, 0x2A, 0x86, 0xB4, 0x1E, 0x90, 0x68, 0xE5, 0x63,
    0x96, 0x8F, 0x08, 0x3F, 0xD9, 0x94, 0xA7, 0x53, 0x4E, 0xEE, 0xEF, 0xA6, 0x33, 0x33, 0xFF, 0xF9,
    0xE3, 0x64, 0xB9, 0xCB, 0xD3, 0xA7, 0xD3, 0x48, 0x3F, 0xA6, 0x0C, 0x43, 0xA4, 0xA7, 0xEC, 0xD8,
    0xE6, 0x67, 0xA0, 0x0E, 0x7B, 0xB7, 0xD3, 0xDC, 0xA2, 0xB7, 0xCD, 0xDA, 0xF8, 0xCD, 0x81, 0x6D,
    0xEE, 0x5D, 0x7D, 0xC2, 0xFB, 0xA0, 0xF7, 0x3F, 0xEF, 0x7B, 0xCE, 0xEF, 0xBC, 0xCF, 0x79, 0x7F,
    0x7B, 0xC1, 0xD7, 0xE0, 0x65, 0xB5, 0xAB, 0x85, 0x1B, 0x1C, 0x65, 0xFA, 0xCC, 0x2C, 0x5A, 0xA2,
    0x72, 0x6E, 0x4E, 0x86, 0x69, 0x01, 0xCE, 0x38, 0xDC, 0x1B, 0xE8, 0x37, 0x90, 0xD7, 0x1C, 0x05,
    0xB2, 0xE5, 0x0B, 0x53, 0x48, 0xF3, 0x8A, 0x9C, 0x1E, 0xC1, 0x6D, 0x4C, 0xA4, 0xCD, 0xA9, 0xCB,
    0x20, 0x89, 0x03, 0xFA, 0x4F, 0xF2, 0x5A, 0x3D, 0xEF, 0x2E, 0xB0, 0x94, 0xB9, 0x35, 0x93, 0xAA,
    0xBC, 0x1A, 0xE1, 0x76, 0x50, 0x58, 0xEE, 0x3A, 0x27, 0x72, 0xF8, 0x90, 0xF3, 0xB0, 0xDC, 0xC1,
    0xEC, 0x35, 0xF9, 0x52, 0x89, 0x50, 0x28, 0xD6, 0x54, 0x92, 0xB4, 0x88, 0x87, 0x41, 0x79, 0x69,
    0x61, 0x4D, 0x99, 0x76, 0xB6, 0xD3, 0xCD, 0x78, 0x62, 0x10, 0x28, 0xD7, 0xCB, 0xC4, 0xCA, 0xCA,
    0x64, 0x42, 0x37, 0x01, 0xCE, 0x22, 0x5A, 0xDA, 0xB6, 0x87, 0x61, 0xAB, 0x1E, 0x56, 0x2D, 0x46,
    0xC0, 0x43, 0x3E, 0x41, 0xEA, 0x6C, 0xCA, 0xC0, 0xC4, 0x52, 0x70, 0x05, 0xDC, 0xE5, 0xEC, 0xA7,
    0x34, 0xD4, 0x78, 0xCE, 0x8F, 0x37, 0x54, 0xD5, 0xED, 0x4A, 0x48, 0xBE, 0x2D, 0xCF, 0xD1, 0x25,
    0xA0, 0x83, 0xC7, 0xF4, 0xD0, 0x1C, 0x1F, 0xBD, 0xCF, 0xFC, 0xAC, 0xA0, 0x0D, 0xEF, 0x1C, 0x5C,
    0xDC, 0xF8, 0x06, 0x73, 0x48, 0x1B, 0x6A, 0xB4, 0xEC, 0x48, 0xB8, 0x44, 0x5C, 0x17, 0x1F, 0xC9,
    0x89, 0xBC, 0x04, 0x3E, 0xAE, 0xB0, 0x61, 0x65, 0xE3, 0x2C, 0xEB, 0x80, 0x05, 0x03, 0x27, 0xF3,
    0xEE, 0x64, 0xCD, 0x95, 0xE2, 0x76, 0x5E, 0x9C, 0xA1, 0x26, 0xD2, 0xE6, 0x68, 0xBB, 0xFC, 0xAB,
    0xCD, 0x23, 0xEB, 0x37, 0x38, 0x2A, 0x36, 0x10, 0xCC, 0x29, 0x47, 0x31, 0xA3, 0x55, 0x54, 0x5A,
    0x78, 0x48, 0xE3, 0x13, 0xE1, 0xC4, 0xD5, 0x9E, 0xDD, 0xE1, 0x32, 0x6D, 0x51, 0x4F, 0x17, 0x1C,
    0xCA, 0x01, 0x9C, 0xE3, 0x8E, 0xC7, 0xCE, 0xBA, 0xCB, 0x1C, 0x71, 0x98, 0x75, 0x42, 0x45, 0x0E,
    0x00, 0x9D, 0x70, 0x00, 0xD2, 0x46, 0x03, 0x4E, 0xA2, 0xE2, 0xA1, 0x58, 0x56, 0xAB, 0xFB, 0x3D,
    0xAB, 0x3F, 0xBE, 0x35, 0x5B, 0x01, 0xA3, 0x62, 0x4C, 0x85, 0x92, 0xB3, 0xE4, 0xFD, 0xB6, 0x5E,
    0x35, 0x3B, 0x2C, 0xBA, 0x70, 0x41, 0x09, 0x03, 0x9A, 0x3E, 0xFD, 0xF2, 0xC7, 0xE6, 0xA4, 0x86,
    0x3F, 0x4D, 0x5A, 0x26, 0x86, 0xFE, 0xFE, 0xF8, 0x76, 0xF2, 0xE7, 0x70, 0xAC, 0xAC, 0x50, 0x3D,
    0xD4, 0x25, 0x41, 0xB2, 0x18, 0x9D, 0xEF, 0xFD, 0x0C, 0x51, 0xF0, 0x31, 0x22, 0xD4, 0x68, 0x0F,
    0xC3, 0x31, 0x5F, 0x36, 0x8F, 0x46, 0x30, 0xE3, 0x9A, 0x7F, 0x01, 0xD5, 0x92, 0x31, 0x4E, 0xC4,
    0x40, 0x0C, 0x45, 0x9D, 0x09, 0x28, 0x12, 0x29, 0xA6, 0xA6, 0x9A, 0x9E, 0x66, 0x8E, 0x30, 0x39,
    0x02, 0x4D, 0xB8, 0x46, 0x5A, 0xBA, 0xE4, 0x08, 0x1C, 0x82, 0x02, 0x6D, 0xB3, 0x2D, 0x5D, 0xB2,
    0x37, 0xC8, 0x11, 0xE6, 0x08, 0x29, 0x82, 0x34, 0xBB, 0x1B, 0x62, 0xBE, 0xBD, 0x41, 0x02, 0x7A,
    0x90, 0x70, 0xF1, 0x14, 0xC9, 0xF6, 0xF7, 0xCF, 0x4F, 0x88, 0xCA, 0x48, 0x28, 0xBF, 0x08, 0xC3,
    0xBB, 0x52, 0x9F, 0x5D, 0x12, 0x66, 0x4F, 0xF4, 0xAD, 0x1C, 0xA3, 0x46, 0x2F, 0x8C, 0xFE, 0xB4,
    0xDB, 0xE3, 0x79, 0x20, 0xCB, 0x9D, 0xAF, 0xC8, 0x33, 0x79, 0x95, 0x00, 0x79, 0x01, 0x33, 0x9E,
    0xB0, 0x91, 0xB3, 0x1C, 0x28, 0x79, 0xD0, 0xED, 0x4A, 0xF4, 0x57, 0x51, 0xEA, 0xF5, 0x0A, 0xCF,
    0x3A, 0x22, 0x83, 0x85, 0x8E, 0x40, 0x4B, 0xEC, 0xB0, 0x34, 0x5B, 0xB5, 0xC3, 0x89, 0xB2, 0x67,
    0x83, 0x11, 0x33, 0xE7, 0x3C, 0x82, 0x16, 0x83, 0xF9, 0xEC, 0x30, 0x52, 0xCC, 0x61, 0xAD, 0xEB,
    0x66, 0x6A, 0xC5, 0xCF, 0x46, 0xA2, 0x46, 0x8E, 0xC8, 0x55, 0x35, 0x70, 0x71, 0x81, 0x45, 0xA2,
    0x5B, 0xFA, 0x59, 0x16, 0x1B, 0xB3, 0x60, 0xB2, 0x6F, 0x0F, 0x1C, 0xED, 0x90, 0xF3, 0x60, 0xAB,
    0x92, 0xC9, 0x91, 0x5B, 0x3F, 0xA3, 0xE8, 0x55, 0x65, 0x14, 0x9F, 0x9D, 0xAC, 0x88, 0x3F, 0x71,
    0x16, 0x24, 0x21, 0xA8, 0x3F, 0x1A, 0x34, 0x5F, 0x0B, 0x34, 0x13, 0x9A, 0x26, 0xF9, 0x75, 0xB7,
    0x4F, 0x62, 0xE6, 0x02, 0xBA, 0x83, 0x7F, 0xEC, 0x8D, 0x25, 0x74, 0x8A, 0x14, 0xF0, 0x96, 0x66,
    0xD5, 0x20, 0xF8, 0x4B, 0xDC, 0xD7, 0xF7, 0xFF, 0x28, 0xE2, 0x17, 0xBA, 0xE9, 0xA8, 0xA7, 0x50,
    0x51, 0x38, 0xE0, 0x92, 0x3D, 0x2F, 0xDB, 0x05, 0xA3, 0x39, 0xD7, 0xD5, 0x5F, 0x47, 0x4C, 0xCD,
    0x51, 0x02, 0x80, 0x6B, 0x7F, 0xEC, 0x23, 0xB5, 0x93, 0x8F, 0xF8, 0x03, 0xDC, 0x00, 0x5C, 0x6D,
    0x1F, 0x5F, 0x90, 0xFD, 0x0E, 0xA2, 0x24, 0x8B, 0x94, 0x7B, 0xC9, 0x46, 0xF1, 0x01, 0xE5, 0x59,
    0x3B, 0x8F, 0xDD, 0xD6, 0x11, 0x1E, 0x92, 0xF0, 0x12, 0x10, 0x03, 0xB0, 0x12, 0x10, 0xAC, 0x0A,
    0xD6, 0xDE, 0xC2, 0xFC, 0x05, 0x31, 0x99, 0x7F, 0xB0, 0x85, 0x16, 0x2E, 0x52, 0xA8, 0xB5, 0xD5,
    0xEC, 0x2F, 0xB0, 0x79, 0x91, 0x5F, 0xB0, 0x45, 0x92, 0xD6, 0x2E, 0x5C, 0xC8, 0x37, 0x85, 0x9A,
    0x94, 0x8E, 0x0F, 0x93, 0x94, 0x69, 0x98, 0x26, 0xAD, 0x59, 0x58, 0x45, 0xD2, 0x88, 0x05, 0x91,
    0x30, 0x5E, 0x92, 0x93, 0x79, 0x1D, 0x3E, 0xAE, 0x36, 0x12, 0x0C, 0xCB, 0x88, 0xB3, 0x21, 0xEE,
    0x9E, 0xF9, 0xCE, 0xBD, 0x87, 0xE7, 0x31, 0x33, 0x67, 0x5E, 0x0B, 0xC0, 0xCF, 0x7B, 0xA0, 0x8F,
    0xAB, 0x21, 0x70, 0xD8, 0x00, 0x7D, 0x32, 0xC4, 0x19, 0x5C, 0x0B, 0xEE, 0x5F, 0x1F, 0x60, 0x9D,
    0xB7, 0x21, 0xD6, 0xE0, 0xBA, 0xB4, 0x89, 0xB1, 0x84, 0x7C, 0x4C, 0xEB, 0x74, 0x06, 0x48, 0xA7,
    0x1C, 0xF2, 0x09, 0x20, 0xC1, 0x11, 0x8A, 0x11, 0x20, 0xA6, 0xD7, 0x2A, 0xA2, 0x11, 0x8F, 0x1D,
    0xF6, 0x14, 0x7B, 0xA6, 0xCD, 0x1B, 0xA9, 0xEB, 0xF7, 0xEF, 0x55, 0x46, 0x75, 0xFE, 0x03, 0xAD,
    0xCD, 0xEB, 0xD1, 0xDA, 0xB3, 0xFE, 0x31, 0xCE, 0x6D, 0xCD, 0xAA, 0xA3, 0x23, 0x60, 0x7F, 0x46,
    0xD3, 0xD0, 0x97, 0xBC, 0x7F, 0x7A, 0x42, 0xC4, 0x6F, 0xE4, 0x6C, 0xC1, 0x63, 0xF0, 0xCF, 0x25,
    0x37, 0xD1, 0xC8, 0x6D, 0x3C, 0x43, 0xF0, 0xF4, 0x32, 0x46, 0x1A, 0x3F, 0x87, 0x18, 0x20, 0x62,
    0xFD, 0x55, 0x84, 0x65, 0xD5, 0x7D, 0x4C, 0xB3, 0xE7, 0xC3, 0x90, 0x8D, 0x90, 0x62, 0x97, 0x73,
    0x5B, 0x16, 0xDC, 0x42, 0x31, 0xF0, 0xA2, 0x6F, 0x68, 0x65, 0x24, 0xBF, 0x35, 0x13, 0x97, 0x80,
    0x26, 0xD1, 0x9F, 0x22, 0x3C, 0x38, 0xDA, 0xA4, 0xA3, 0x55, 0x00, 0x1E, 0xE1, 0xC4, 0x3B, 0x78,
    0xB8, 0x6C, 0x2B, 0x6C, 0x95, 0x26, 0x63, 0x85, 0xD8, 0x64, 0x73, 0x3A, 0x11, 0x6D, 0x33, 0x4C,
    0xE6, 0x33, 0x1A, 0x1A, 0xB8, 0x70, 0x06, 0xA4, 0xB7, 0x0B, 0x98, 0x8C, 0x8E, 0x4A, 0xC3, 0x5E,
    0xE9, 0x75, 0xA3, 0x94, 0xA6, 0x15, 0x5A, 0x1A, 0x85, 0x1F, 0x8E, 0xB2, 0xB8, 0x3E, 0x21, 0xCA,
    0x62, 0xFF, 0x3D, 0xD1, 0x62, 0x86, 0x90, 0xF9, 0x9A, 0xE2, 0x8B, 0xEB, 0x9E, 0x99, 0x4C, 0x0C,
    0x65, 0x69, 0xC0, 0xB5, 0x4A, 0x03, 0xE0, 0xAA, 0x5C, 0xCE, 0xFB, 0x53, 0xA3, 0xA8, 0x24, 0x20,
    0xF1, 0x2A, 0xAD, 0x0B, 0x6C, 0x2A, 0x6C, 0x1C, 0x53, 0xFA, 0xE4, 0x35, 0x69, 0x06, 0x7D, 0xB2,
    0x32, 0xC4, 0x86, 0x3E, 0x05, 0x0D, 0x69, 0x02, 0xFC, 0xCB, 0xA8, 0x94, 0x16, 0x10, 0xFA, 0x37,
    0x50, 0xDA, 0x7C, 0x27, 0x1A, 0x2A, 0x6D, 0x23, 0xD9, 0x27, 0x76, 0x46, 0xFB, 0x54, 0xA8, 0xC3,
    0x99, 0x8F, 0x0A, 0x05, 0x0E, 0xC8, 0xDB, 0x4C, 0xB0, 0x75, 0xB2, 0xDD, 0x55, 0x99, 0xF8, 0x79,
    0x70, 0x80, 0x8F, 0x96, 0x4E, 0xD4, 0x0B, 0x0B, 0xEC, 0x50, 0x73, 0xD2, 0xAD, 0xE3, 0x9C, 0x6B,
    0xD6, 0x4E, 0x6E, 0xE7, 0x95, 0x27, 0xC5, 0xCD, 0x74, 0xC1, 0x7E, 0x76, 0x51, 0x98, 0x6F, 0x4B,
    0x5E, 0x9D, 0x9E, 0x8E, 0x9B, 0x89, 0xDF, 0xA0, 0xA7, 0x8F, 0xF1, 0xEF, 0xCF, 0x49, 0x99, 0xD2,
    0xF9, 0xF8, 0x5B, 0xEC, 0x42, 0x3E, 0x56, 0x0F, 0x69, 0xCB, 0x57, 0x89, 0x0F, 0xC8, 0x7A, 0x48,
    0x3F, 0x62, 0x1D, 0xC8, 0x8D, 0xE6, 0x0E, 0xB5, 0xDC, 0x21, 0x75, 0xA6, 0x0E, 0x89, 0x8B, 0x3B,
    0x31, 0xD6, 0xD4, 0x71, 0xC2, 0x4F, 0xB9, 0x49, 0xC0, 0xD3, 0x68, 0xA7, 0x61, 0x21, 0xB6, 0xD6,
    0x69, 0x79, 0x0F, 0xB5, 0x74, 0x42, 0xEE, 0xD0, 0x2C, 0x6B, 0xA7, 0x40, 0x58, 0x3B, 0xAC, 0x10,
    0x4B, 0x07, 0x07, 0x58, 0x26, 0x08, 0x99, 0x9F, 0x7E, 0xEA, 0xD8, 0x84, 0x20, 0x8B, 0xA6, 0xCC,
    0x0F, 0xDB, 0x0E, 0x31, 0x07, 0xB4, 0x93, 0xD0, 0xB7, 0xAC, 0xD1, 0x1F, 0xEA, 0xAE, 0x69, 0x32,
    0x9A, 0xF9, 0x4B, 0xEE, 0xE4, 0xBC, 0x79, 0x9A, 0x6C, 0x0C, 0xD4, 0xEE, 0xC8, 0xF6, 0x46, 0xE1,
    0x41, 0x27, 0xDB, 0x0C, 0xC7, 0x98, 0xD4, 0x90, 0xDE, 0xCF, 0xF0, 0xD7, 0x57, 0x4F, 0x46, 0xE3,
    0x5B, 0xCE, 0x54, 0x3A, 0x37, 0xBE, 0xE3, 0xD9, 0xFE, 0x39, 0x0B, 0xD2, 0x9E, 0x19, 0x2A, 0xCF,
    0x76, 0x28, 0x7E, 0x49, 0x37, 0x4E, 0xDF, 0x86, 0xEC, 0xB6, 0x07, 0x63, 0x3A, 0x6B, 0x03, 0x18,
    0xCF, 0xE5, 0x04, 0xC6, 0x72, 0x52, 0x72, 0xDD, 0x7B, 0xB6, 0x68, 0xB6, 0x30, 0x7C, 0xC1, 0xCC,
    0x6F, 0x96, 0xA4, 0x9D, 0x3C, 0x5B, 0x71, 0x93, 0xBD, 0xF8, 0x40, 0x45, 0x47, 0xA7, 0xC9, 0x0E,
    0x64, 0x2F, 0x8C, 0x89, 0x19, 0x9F, 0xDD, 0xB0, 0x58, 0xDD, 0x95, 0xD3, 0xC3, 0x86, 0xD1, 0xDD,
    0x86, 0xCF, 0xF5, 0x86, 0xCD, 0x87, 0x0D, 0x97, 0x37, 0x4C, 0x1E, 0x57, 0x1E, 0x57, 0xBD, 0xDF,
    0x27, 0x4D, 0xD3, 0xC2, 0xEF, 0x8C, 0xC3, 0xFC, 0x4A, 0x6F, 0x0C, 0x4E, 0xB0, 0x0C, 0x7A, 0xE3,
    0x2F, 0x19, 0xB6, 0xB0, 0x37, 0xF6, 0x16, 0xF3, 0xF1, 0x79, 0x6F, 0xFC, 0xA9, 0x58, 0x29, 0x8D,
    0xB9, 0x8E, 0x31, 0x99, 0xB5, 0xE3, 0x17, 0x10, 0x7E, 0x06, 0x17, 0x6C, 0x6D, 0x51, 0xEC, 0x03,
    0xF3, 0x31, 0x74, 0x64, 0x10, 0x30, 0x1E, 0x98, 0x27, 0x19, 0xC1, 0xE2, 0xA5, 0xDC, 0x13, 0xB1,
    0xEB, 0xCC, 0x5B, 0x6F, 0xDE, 0x4B, 0x0F, 0x83, 0x2B, 0xF0, 0x50, 0x9E, 0xB3, 0x5F, 0x2D, 0xD0,
    0x21, 0x1B, 0x6B, 0x5A, 0x8D, 0x6E, 0x31, 0x7E, 0x6D, 0x30, 0xC1, 0xDF, 0xD0, 0x6A, 0xC5, 0x8B,
    0x5F, 0x20, 0x3B, 0xAB, 0x8A, 0x20, 0xCF, 0x46, 0x47, 0x26, 0xA5, 0x7F, 0x9F, 0x97, 0x24, 0x49,
    0xD1, 0x01, 0x7F, 0xC6, 0x94, 0x4C, 0x33, 0xEF, 0x81, 0x3C, 0x9C, 0x87, 0x22, 0xCA, 0x41, 0x56,
    0x33, 0x37, 0xA4, 0x3B, 0x03, 0x0F, 0x33, 0x3A, 0x84, 0x0D, 0x20, 0xE2, 0x5F, 0x13, 0xBB, 0x28,
    0x90, 0xED, 0x4A, 0xA7, 0x4B, 0x10, 0xFB, 0x83, 0x4E, 0x17, 0xA6, 0x09, 0xC2, 0x8E, 0x1A, 0x27,
    0xDE, 0x21, 0xEA, 0x12, 0xFC, 0xEB, 0x2D, 0x79, 0x1B, 0x62, 0x20, 0x5D, 0x5E, 0xFC, 0x13, 0x5B,
    0x19, 0xD2, 0x05, 0xDA, 0x6D, 0xE4, 0x61, 0x70, 0xB9, 0x31, 0x02, 0xB5, 0x30, 0xB8, 0x41, 0x8F,
    0xE8, 0x90, 0x6C, 0x65, 0xD9, 0x3D, 0x88, 0xFC, 0xD9, 0x70, 0xB1, 0x31, 0x03, 0x30, 0x5D, 0xF8,
    0x51, 0xA0, 0xCB, 0x05, 0xF5, 0xAF, 0xA2, 0xA0, 0xF3, 0x28, 0x14, 0xC4, 0xE7, 0x88, 0x04, 0x91,
    0x76, 0x5D, 0x3D, 0x11, 0x84, 0xCA, 0x8A, 0x1D, 0xF2, 0xBE, 0xE3, 0x75, 0xC8, 0xF6, 0x21, 0x51,
    0x40, 0x6D, 0x28, 0x5E, 0xAC, 0xEE, 0xB5, 0x57, 0x9F, 0x48, 0x98, 0x28, 0x68, 0x5E, 0xBD, 0xD3,
    0x57, 0xCB, 0xAF, 0xB5, 0x72, 0x9E, 0x00, 0x7A, 0xA0, 0x7C, 0x0F, 0xF1, 0x60, 0x6C, 0x7F, 0xBC,
    0xAE, 0xF5, 0x9F, 0x00, 0xB2, 0x15, 0xDE, 0x81, 0xD8, 0x83, 0xC8, 0x83, 0xF0, 0x7B, 0x81, 0x4B,
    0x0F, 0xFA, 0x53, 0x10, 0x74, 0x06, 0x42, 0x06, 0xCA, 0x62, 0x02, 0xCA, 0xE1, 0x50, 0xCE, 0x85,
    0xB8, 0x03, 0x27, 0x6C, 0x8B, 0xEE, 0x00, 0x07, 0xCF, 0xD0, 0x72, 0xEF, 0xC2, 0x02, 0x37, 0xFA,
    0x21, 0xC6, 0x80, 0xE8, 0x5B, 0x80, 0x8B, 0xE3, 0x01, 0x1E, 0xB1, 0x57, 0xA7, 0xFB, 0x91, 0x8B,
    0x3D, 0x09, 0xA5, 0x95, 0x8B, 0x26, 0x16, 0xE6, 0xAC, 0x14, 0x9F, 0x0C, 0x27, 0x6D, 0x8A, 0xC3,
    0xD2, 0x52, 0x58, 0xA8, 0x17, 0xF3, 0xED, 0xB5, 0x2D, 0xB5, 0x31, 0x49, 0xB3, 0x18, 0xE8, 0x3E,
    0x1D, 0x7C, 0xCB, 0xBB, 0xDE, 0xB5, 0xA2, 0x21, 0x55, 0xBF, 0xA8, 0x97, 0x6E, 0xEF, 0x91, 0x30,
    0xC1, 0x89, 0x22, 0xB9, 0x1B, 0xBA, 0xA1, 0x07, 0xB2, 0x31, 0x33, 0xD9, 0xF3, 0x01, 0xC5, 0x94,
    0x22, 0xC3, 0x98, 0x5F, 0xA8, 0x1A, 0x0A, 0xAC, 0x29, 0x7E, 0xA1, 0xD9, 0x72, 0x71, 0x68, 0x01,
    0x5B, 0xCB, 0xAC, 0x64, 0xEB, 0x13, 0x70, 0x68, 0xB1, 0xC0, 0xDA, 0xC3, 0x7F, 0xD2, 0xDE, 0x0C,
    0xF6, 0xB4, 0x41, 0x0F, 0xC9, 0x10, 0x7B, 0x48, 0xB6, 0xC5, 0x43, 0x72, 0x2F, 0x1E, 0x92, 0x5A,
    0x79, 0x48, 0xCE, 0xD6, 0x43, 0xB2, 0x0C, 0x0B, 0x2C, 0xC6, 0x05, 0x66, 0xB8, 0xC0, 0x04, 0x3F,
    0xF5, 0x30, 0xC2, 0x97, 0x1E, 0xD2, 0x8E, 0x3C, 0xA4, 0xF3, 0x2D, 0xB0, 0x58, 0x61, 0xAA, 0x90,
    0xA2, 0x50, 0x31, 0xD7, 0x04, 0x63, 0x09, 0xC8, 0x05, 0xF2, 0x6D, 0x85, 0x0D, 0xAC, 0x4A, 0xF5,
    0x90, 0xFA, 0xBC, 0x11, 0x56, 0xC3, 0x1A, 0x03, 0x2D, 0xF7, 0x7B, 0xBD, 0xD6, 0x26, 0x00, 0xBD,
    0xF5, 0xD3, 0x32, 0x94, 0x9D, 0xCF, 0x12, 0x65, 0xAD, 0x03, 0x3A, 0x93, 0x0F, 0x70, 0x0C, 0x25,
    0xE2, 0x21, 0x64, 0xD2, 0xA1, 0x54, 0xC7, 0x0B, 0xE7, 0xE1, 0x22, 0x1B, 0x58, 0x44, 0x03, 0x8B,
    0x64, 0xC0, 0x0B, 0xA6, 0x20, 0x9F, 0xAD, 0x72, 0xC9, 0x19, 0x89, 0x58, 0x02, 0x46, 0x2A, 0x15,
    0x46, 0x2A, 0x14, 0xD7, 0x79, 0x99, 0x30, 0x52, 0x91, 0x30, 0x52, 0x89, 0x08, 0x12, 0x81, 0x08,
    0x12, 0x79, 0x08, 0x12, 0x71, 0x08, 0x12, 0x69, 0x08, 0x12, 0x61, 0x08, 0x12, 0x59, 0x28, 0x2A,
    0x16, 0x94, 0x0A, 0xF2, 0x82, 0x70, 0x9D, 0x97, 0x83, 0xEB, 0xBC, 0x18, 0x0C, 0x55, 0xE5, 0x86,
    0x9D, 0xEE, 0xF5, 0xC6, 0xB4, 0x85, 0x35, 0x88, 0x39, 0xB1, 0x01, 0x14, 0xD5, 0x2F, 0xC3, 0x16,
    0x41, 0xCD, 0x0B, 0xC3, 0x33, 0xFF, 0x42, 0xE5, 0xED, 0xAB, 0x1B, 0x4E, 0x41, 0xE1, 0x17, 0x3A,
    0x2B, 0xE1, 0xAE, 0xE7, 0x5C, 0xDC, 0x5F, 0x81, 0x7F, 0xA4, 0x28, 0x2D, 0xC3, 0xBE, 0xC0, 0x3F,
    0x93, 0x44, 0x08, 0x90, 0xA3, 0x7F, 0x4E, 0xD2, 0x44, 0xB2, 0x1C, 0xA3, 0x38, 0x68, 0x02, 0x62,
    0xB7, 0xD8, 0x96, 0x74, 0xDE, 0xA8, 0xB4, 0xAF, 0x80, 0xE6, 0x2D, 0x81, 0x56, 0x2C, 0x07, 0x6D,
    0x83, 0x97, 0x23, 0x50, 0x20, 0xFE, 0x9C, 0x76, 0x56, 0xF4, 0x95, 0x07, 0xFE, 0x80, 0xFD, 0x29,
    0x13, 0x56, 0x6E, 0x74, 0x27, 0xDC, 0x0E, 0x3D, 0x8B, 0x33, 0xAF, 0xD6, 0xCE, 0x2B, 0x35, 0x59,
    0x97, 0x35, 0x3E, 0xE5, 0xD8, 0x14, 0x2C, 0x2E, 0x95, 0xE1, 0xB7, 0x83, 0x99, 0xE2, 0x6E, 0x2F,
    0xA0, 0xAB, 0x3D, 0x33, 0x03, 0xFB, 0xDE, 0xAF, 0xE3, 0x0D, 0xB4, 0x7F, 0x2F, 0x35, 0x47, 0x98,
    0x56, 0x7A, 0x03, 0xF3, 0x4C, 0x69, 0x91, 0xEA, 0x3A, 0x9F, 0x98, 0x89, 0xFF, 0x32, 0x51, 0x3A,
    0xAA, 0x13, 0x08, 0x7A, 0x5D, 0x90, 0x7D, 0x4A, 0x23, 0x54, 0xB5, 0x26, 0xD1, 0x7C, 0x94, 0xB3,
    0x0E, 0xCE, 0x13, 0xB9, 0xA4, 0x20, 0x6A, 0x92, 0x5B, 0xCC, 0x4D, 0x09, 0x24, 0x97, 0x0F, 0x38,
    0x81, 0x94, 0x48, 0x79, 0x32, 0x1F, 0x32, 0xAA, 0xFE, 0x06, 0x96, 0xD6, 0x47, 0x83, 0x96, 0x06,
    0x12, 0x29, 0x01, 0xF4, 0x62, 0x47, 0x90, 0xEF, 0xAE, 0x51, 0x63, 0x8B, 0x32, 0x45, 0x59, 0xA2,
    0x0C, 0x89, 0xBD, 0x73, 0x3D, 0x61, 0xC5, 0x3B, 0xC7, 0x52, 0xC2, 0xA9, 0x89, 0x7F, 0x7C, 0x29,
    0x36, 0x81, 0x35, 0x27, 0x99, 0x78, 0xDB, 0xB1, 0x26, 0xD5, 0xCF, 0x4C, 0x28, 0x6B, 0x7B, 0x8E,
    0x12, 0x9D, 0x70, 0x9B, 0xE2, 0x0D, 0xB5, 0xB9, 0xA4, 0xE1, 0x85, 0x8C, 0x27, 0x3B, 0xB5, 0xB4,
    0xEC, 0x55, 0xF8, 0xFB, 0x88, 0xC7, 0xCC, 0x4F, 0x48, 0xD5, 0x53, 0x1C, 0x0B, 0x36, 0xFE, 0x1D,
    0x5F, 0x55, 0xC9, 0xF7, 0x2F, 0x28, 0x22, 0xCE, 0xEB, 0xB4, 0x4D, 0xBA, 0xE2, 0x10, 0xCD, 0x96,
    0xD5, 0xB0, 0x62, 0x3C, 0xBC, 0xB4, 0xDC, 0x90, 0x07, 0xB3, 0x22, 0x4F, 0x7A, 0x59, 0xAA, 0xB7,
    0xF8, 0xE7, 0x06, 0xB1, 0x70, 0x85, 0xAD, 0xF1, 0x0C, 0xCE, 0x6E, 0xAA, 0x32, 0xAF, 0xB3, 0x06,
    0x21, 0xB9, 0x1D, 0x35, 0x1C, 0xE2, 0x13, 0x3F, 0x5C, 0xAF, 0x64, 0xC6, 0x86, 0x4E, 0xBE, 0xEF,
    0x75, 0x9F, 0xDF, 0xF9, 0x4F, 0xD7, 0xCC, 0xA4, 0xA0, 0x41, 0x6C, 0xB6, 0x8C, 0x39, 0xD6, 0x5C,
    0x39, 0x98, 0xD2, 0x4E, 0xF3, 0xE3, 0x5A, 0xAF, 0x7B, 0xB9, 0x09, 0x28, 0x76, 0xD9, 0xB0, 0x94,
    0xA7, 0x40, 0xAB, 0x53, 0xA0, 0xC5, 0x29, 0xD0, 0xDA, 0x14, 0x68, 0x69, 0xCA, 0x57, 0x86, 0xB4,
    0x30, 0x65, 0x75, 0xA3, 0xD2, 0xCA, 0x52, 0x56, 0x55, 0x32, 0x62, 0x35, 0xA7, 0xD7, 0x11, 0x2B,
    0x47, 0xD9, 0x0B, 0x56, 0x8C, 0xB2, 0x5A, 0x94, 0x95, 0xA2, 0x6C, 0x3D, 0x2B, 0x44, 0xA9, 0x2D,
    0x5A, 0xCA, 0x50, 0xAC, 0xEA, 0x9B, 0x22, 0x94, 0x1E, 0xE5, 0x99, 0xE8, 0xAB, 0x83, 0x82, 0xDA,
    0xFC, 0x0F, 0x7C, 0x8E, 0xF4, 0x76, 0x14, 0x4D, 0x5D, 0x23, 0x8B, 0x6D, 0x9D, 0x24, 0x78, 0x7A,
    0x29, 0x2A, 0x21, 0x69, 0x09, 0xBB, 0x21, 0xB2, 0xE9, 0x4E, 0x52, 0x30, 0x5A, 0x90, 0x0B, 0x54,
    0x93, 0x9D, 0xFB, 0x87, 0x2C, 0x50, 0x7D, 0xC4, 0x39, 0x1C, 0x89, 0xE6, 0x90, 0xB1, 0x88, 0xD2,
    0xD6, 0x95, 0x52, 0x3D, 0x9B, 0xD4, 0x9E, 0x0C, 0x5B, 0x3B, 0xB6, 0xD1, 0x1B, 0x29, 0x64, 0xA1,
    0xD5, 0xB1, 0xA6, 0x18, 0x35, 0x6F, 0xB5, 0xEA, 0xD1, 0x7F, 0x89, 0x58, 0xCD, 0x8A, 0x55, 0x62,
    0x5A, 0x2A, 0x56, 0x5C, 0xB0, 0xEA, 0xB4, 0x5E, 0x55, 0x8B, 0x63, 0x9B, 0x56, 0x03, 0x7A, 0xC1,
    0x26, 0x86, 0xDD, 0x99, 0x94, 0x72, 0xE2, 0xBE, 0xE0, 0x11, 0xE1, 0x8C, 0xDB, 0xB0, 0x43, 0xC3,
    0x44, 0x78, 0xE7, 0xF2, 0x15, 0x0F, 0xA6, 0x35, 0x2C, 0x4F, 0xB4, 0x92, 0xE5, 0x0B, 0x4F, 0xE6,
    0x50, 0xBE, 0x07, 0xD1, 0x59, 0xB4, 0x7A, 0x65, 0xC5, 0x2B, 0xAB, 0x5D, 0x59, 0xE9, 0xCA, 0x2A,
    0x57, 0x09, 0xE9, 0x32, 0xBE, 0x52, 0xB7, 0xCA, 0x50, 0x6E, 0x9A, 0x91, 0xF3, 0xE3, 0x71, 0xE3,
    0x84, 0x29, 0xAE, 0x91, 0xDA, 0x47, 0x5D, 0xF1, 0x71, 0x8B, 0x46, 0x49, 0x2D, 0x87, 0x7F, 0x50,
    0x9E, 0x9F, 0x1E, 0xF3, 0x5E, 0x48, 0x3A, 0xD6, 0x6A, 0xE5, 0x9E, 0xF8, 0x14, 0xF2, 0xE6, 0x8C,
    0x9D, 0x5D, 0xDA, 0x65, 0xE2, 0xD3, 0x7A, 0x25, 0xDA, 0x8B, 0x9B, 0xA4, 0x86, 0xBB, 0x9F, 0x1F,
    0xA9, 0xF8, 0x9F, 0x6A, 0x88, 0xAC, 0xBE, 0x31, 0x54, 0x55, 0x8E, 0x54, 0x87, 0x53, 0x0D, 0x0A,
    0xCE, 0x5F, 0xA7, 0x05, 0x42, 0x1E, 0xC0, 0xFD, 0xD4, 0x02, 0xB2, 0x60, 0x8F, 0xB7, 0xC1, 0xA9,
    0x3A, 0x25, 0xD8, 0x31, 0x29, 0x6E, 0xEE, 0x9B, 0x4E, 0xBC, 0x07, 0x09, 0x9F, 0x25, 0xAB, 0x25,
    0xB6, 0x8C, 0xFF, 0x71, 0x97, 0x65, 0x7F, 0x2A, 0xE1, 0xA7, 0xDD, 0x7E, 0xB3, 0x05, 0x7B, 0x9D,
    0xC8, 0xCA, 0xEC, 0x5E, 0xEA, 0xC4, 0x83, 0x32, 0xE4, 0x1B, 0x93, 0xB4, 0x29, 0x0B, 0x3E, 0x1C,
    0x2B, 0xB1, 0x94, 0xF6, 0x4F, 0x0D, 0x4B, 0x58, 0xCF, 0x3F, 0x17, 0x6F, 0x7D, 0x08, 0x4B, 0xD1,
    0x82, 0xF4, 0x0E, 0x9D, 0x68, 0x93, 0xE6, 0x7F, 0x49, 0x27, 0x8E, 0x6A, 0x25, 0x2A, 0x4B, 0x0F,
    0x34, 0x3B, 0x88, 0xC6, 0x5D, 0x81, 0xEC, 0xFF, 0xD7, 0x4E, 0x58, 0xAC, 0x6E, 0x49, 0x52, 0x3C,
    0x59, 0x8E, 0x65, 0xF2, 0xD4, 0x0C, 0x4E, 0x6D, 0xC0, 0x3D, 0xB2, 0x13, 0x67, 0x5F, 0x48, 0x14,
    0xCA, 0xF5, 0x09, 0xD2, 0xFE, 0xEC, 0x9B, 0x27, 0x48, 0x37, 0x9E, 0xA2, 0xDE, 0x9F, 0x58, 0xA9,
    0x40, 0x92, 0x5A, 0x49, 0x71, 0xA5, 0x76, 0x53, 0x0C, 0x17, 0xC7, 0xA3, 0xE3, 0xAA, 0x1A, 0x5A,
    0xD3, 0x73, 0x92, 0xDC, 0xD3, 0x10, 0x0A, 0x99, 0x5C, 0x97, 0x53, 0xCA, 0xD4, 0x66, 0x63, 0xC0,
    0x25, 0xD5, 0x98, 0x73, 0x24, 0x66, 0xF0, 0xB5, 0xCC, 0xF4, 0x78, 0xCF, 0x0A, 0xDC, 0x51, 0x9A,
    0x75, 0xC7, 0xAA, 0x1C, 0xDE, 0x57, 0x5B, 0x7D, 0xD0, 0xDC, 0xC1, 0xD5, 0x9A, 0x42, 0x57, 0x07,
    0x09, 0x54, 0x49, 0x03, 0xDF, 0xBD, 0x93, 0xC5, 0xF7, 0x33, 0x25, 0xFE, 0x37, 0xED, 0x59, 0x3B,
    0xAF, 0xDD, 0xC6, 0x11, 0x5E, 0x92, 0xD0, 0x25, 0x60, 0x16, 0xA7, 0xC9, 0x6D, 0x6E, 0x0A, 0xB6,
    0xB6, 0x1A, 0xFE, 0x02, 0x8B, 0x74, 0xD4, 0xA5, 0x52, 0x00, 0x5F, 0xAB, 0x48, 0xA1, 0x56, 0x76,
    0x0A, 0xFD, 0x81, 0x48, 0xA4, 0x7E, 0x41, 0x6E, 0x11, 0x27, 0x45, 0x8A, 0xA8, 0x48, 0x21, 0x9D,
    0x14, 0x6A, 0x5C, 0xA4, 0x10, 0x44, 0xDA, 0x29, 0x52, 0xB8, 0x21, 0x62, 0x20, 0x2E, 0x5C, 0x84,
    0x85, 0x85, 0x00, 0x69, 0xC4, 0x82, 0x49, 0x28, 0x89, 0xE4, 0x66, 0xBE, 0x6F, 0x96, 0x8F, 0x73,
    0xF5, 0xB0, 0x10, 0x18, 0x86, 0x9C, 0xE4, 0xE0, 0xDE, 0x9D, 0xE1, 0x6B, 0x77, 0xDE, 0x33, 0x3B,
    0x6B, 0x72, 0x3B, 0x19, 0x63, 0x74, 0x4C, 0x39, 0xEA, 0xEF, 0x1D, 0x73, 0x5D, 0x46, 0x9B, 0x59,
    0x8C, 0xEF, 0xD9, 0x05, 0xBF, 0x64, 0x6E, 0x9A, 0xC3, 0xDF, 0x85, 0x7D, 0x26, 0x63, 0x69, 0x47,
    0x63, 0x02, 0xFB, 0xD8, 0x16, 0x26, 0xB2, 0xBE, 0xAD, 0x4C, 0x34, 0x1A, 0xDB, 0x98, 0x70, 0x30,
    0xB6, 0x35, 0xE6, 0x2E, 0x47, 0xB3, 0x19, 0x4F, 0xAC, 0x8C, 0xBE, 0xC5, 0xB8, 0xB3, 0x67, 0x32,
    0x26, 0x23, 0xEE, 0xA7, 0x7C, 0x3F, 0xEF, 0xD7, 0x31, 0xED, 0x3D, 0xDE, 0x0F, 0xF0, 0xCE, 0x74,
    0xAD, 0xEC, 0xE5, 0xFD, 0x21, 0xB5, 0x99, 0x6F, 0x5B, 0x19, 0xCD, 0xF1, 0x21, 0x31, 0x33, 0x0B,
    0x33, 0xBC, 0xB8, 0xBF, 0x77, 0xF8, 0xC2, 0x3B, 0x0E, 0x0A, 0x85, 0xF8, 0xF9, 0x0E, 0x7A, 0x0E,
    0x1A, 0xA1, 0x9F, 0xBF, 0x1F, 0x1C, 0x7E, 0xE6, 0x2D, 0xEF, 0xD7, 0x84, 0x81, 0xF0, 0x86, 0x5F,
    0xA8, 0x1C, 0x09, 0x4D, 0x9D, 0xC2, 0x7C, 0x20, 0x4C, 0x62, 0x85, 0xE9, 0x6E, 0x24, 0xBC, 0xB5,
    0xB3, 0x84, 0x0F, 0x22, 0x85, 0xC2, 0x0E, 0x16, 0xF2, 0xBA, 0x80, 0x13, 0x07, 0xAD, 0x4E, 0x1C,
    0xB4, 0x86, 0x13, 0x47, 0xB5, 0x8A, 0x6A, 0x57, 0x99, 0x12, 0x13, 0xC7, 0x22, 0xA8, 0x1E, 0xD3,
    0x0A, 0xC4, 0xC4, 0xA9, 0x81, 0xBC, 0x64, 0x5A, 0x3C, 0x12, 0x38, 0x82, 0x02, 0x4C, 0x2B, 0x9F,
    0x8A, 0x50, 0xBC, 0x01, 0x14, 0x56, 0x26, 0xE8, 0x01, 0x6B, 0x13, 0x0D, 0xA0, 0xB4, 0x33, 0x90,
    0xB6, 0xCC, 0xB0, 0x40, 0xD1, 0xFB, 0x68, 0x0E, 0x47, 0xB3, 0x61, 0xDF, 0xB3, 0xD9, 0x22, 0x22,
    0x1D, 0xF5, 0x8E, 0x79, 0xFB, 0x8D, 0xD3, 0xFE, 0xD1, 0x7E, 0xEF, 0x14, 0x17, 0x59, 0xA7, 0xA2,
    0x0D, 0xE6, 0x9D, 0x9E, 0x66, 0xE7, 0xAC, 0xD6, 0xE2, 0xD7, 0x2D, 0x18, 0x84, 0x6B, 0xAE, 0xD9,
    0x69, 0x7F, 0x9F, 0x58, 0x7C, 0x63, 0x30, 0x3E, 0xB1, 0x34, 0x11, 0xD9, 0x11, 0xBB, 0xB9, 0x60,
    0x03, 0xB0, 0x81, 0xEA, 0x4B, 0x54, 0xCD, 0xA2, 0xB8, 0x19, 0x0B, 0xEB, 0x19, 0xDB, 0x55, 0x33,
    0x96, 0x64, 0x89, 0x93, 0x6D, 0x4A, 0x15, 0xD2, 0x12, 0x16, 0xAC, 0x37, 0xEE, 0xA9, 0x2F, 0x3C,
    0x0E, 0xCE, 0xBC, 0x54, 0xCF, 0x50, 0xEB, 0x8C, 0xC5, 0x1F, 0x9F, 0x3A, 0xE3, 0x82, 0xF6, 0x15,
    0xBB, 0xA5, 0x58, 0x42, 0x72, 0x80, 0xA5, 0xC6, 0xEB, 0x67, 0x0C, 0xDA, 0x17, 0x89, 0x9A, 0xDC,
    0xEC, 0x30, 0x8E, 0xA7, 0x1F, 0x40, 0xF3, 0xF5, 0x8E, 0x0C, 0x6F, 0x30, 0x59, 0x78, 0xBF, 0xBF,
    0xE3, 0x96, 0x6D, 0xB7, 0x50, 0xE4, 0x76, 0x65, 0xEB, 0xE9, 0xF7, 0x32, 0xEF, 0x5E, 0x06, 0x6D,
    0xF7, 0x89, 0xC8, 0x0E, 0xFA, 0xB6, 0xE2, 0x67, 0xD0, 0xB8, 0x15, 0x7B, 0x86, 0xCE, 0x45, 0x81,
    0x15, 0xB4, 0xDE, 0x43, 0xFD, 0xA2, 0xF7, 0xCE, 0x94, 0xAD, 0xEA, 0x7C, 0x03, 0x4F, 0xB8, 0x6E,
    0xEB, 0x5B, 0x85, 0xB0, 0x80, 0x7F, 0xC8, 0x4A, 0x6A, 0x03, 0xC6, 0x59, 0x81, 0xA1, 0x05, 0x74,
    0x0E, 0x0A, 0x2B, 0x19, 0x6C, 0x61, 0x30, 0x5E, 0x0D, 0x6B, 0xB0, 0x90, 0xF3, 0x74, 0xED, 0x6F,
    0xF6, 0x51, 0x59, 0x09, 0x1B, 0xB7, 0x65, 0x1E, 0xB1, 0x89, 0x27, 0x22, 0x53, 0x79, 0xF3, 0x58,
    0x68, 0x3C, 0xDD, 0xD0, 0x7D, 0x83, 0xC1, 0x20, 0x94, 0x77, 0xC4, 0xB7, 0xD2, 0xE9, 0x14, 0xB3,
    0x08, 0x2A, 0xEB, 0xC1, 0x0B, 0xC5, 0x43, 0xE1, 0x3B, 0xE2, 0x23, 0xB1, 0xA8, 0x21, 0xA4, 0x15,
    0x1A, 0x4F, 0x45, 0xA7, 0xAB, 0xE3, 0x57, 0x2A, 0x70, 0x6E, 0xFE, 0x1C, 0x10, 0x1A, 0x1A, 0x07,
    0xF0, 0x66, 0x39, 0xF1, 0x03, 0x99, 0x02, 0x2A, 0x13, 0x20, 0x7F, 0xA5, 0x3C, 0x03, 0x8B, 0xE4,
    0xD8, 0x9C, 0xE6, 0xE3, 0x95, 0x50, 0x56, 0x97, 0x07, 0xBE, 0xD0, 0x82, 0xC5, 0xCA, 0x29, 0xC3,
    0xDB, 0x3B, 0x35, 0x47, 0xAF, 0xB4, 0x13, 0x8D, 0x76, 0xE6, 0xE4, 0x23, 0xB9, 0x77, 0xEF, 0x47,
    0xF2, 0x49, 0x2E, 0x2F, 0x54, 0xBE, 0x08, 0xFF, 0x5A, 0x11, 0x4E, 0x9E, 0xFD, 0x31, 0xD4, 0x2B,
    0x2E, 0x27, 0x63, 0x59, 0x1B, 0x89, 0x3B, 0x65, 0xE3, 0x46, 0xBD, 0xA3, 0x4F, 0xA1, 0x1C, 0x09,
    0x08, 0xF6, 0xD7, 0x96, 0xEE, 0xCA, 0x20, 0x62, 0xCF, 0x0C, 0xCD, 0x45, 0x14, 0x4E, 0x46, 0xA2,
    0xDE, 0xB9, 0x8D, 0x78, 0x56, 0x40, 0xE7, 0xF4, 0x68, 0x7D, 0x42, 0x8A, 0xF8, 0x77, 0x3C, 0xED,
    0x85, 0xAD, 0xBC, 0x36, 0xA1, 0x30, 0x57, 0x1C, 0x5F, 0x95, 0x7C, 0x50, 0xA4, 0x62, 0x45, 0xB6,
    0xB8, 0x78, 0x7F, 0x3A, 0x2B, 0x85, 0x80, 0xDE, 0xA4, 0x4F, 0x4E, 0xB1, 0x2E, 0x67, 0x90, 0x55,
    0x7E, 0x07, 0xDB, 0xBA, 0x63, 0x4E, 0xE4, 0xC2, 0x1B, 0x4D, 0x49, 0x71, 0x5E, 0xA6, 0x58, 0x93,
    0xC7, 0xAD, 0x5A, 0x77, 0xAD, 0xF6, 0xA6, 0xCE, 0xBB, 0x55, 0xDA, 0x77, 0xA1, 0xB5, 0xB7, 0xF6,
    0xFB, 0xB3, 0x55, 0x6B, 0x47, 0xD6, 0x16, 0xD4, 0xDA, 0xB8, 0xD1, 0x1A, 0xFE, 0xE1, 0x9E, 0x02,
    0xB0, 0x9E, 0x80, 0xD7, 0xD7, 0x9A, 0xB0, 0x7E, 0xD1, 0x20, 0x18, 0x3F, 0x04, 0x29, 0x64, 0x5C,
    0xF9, 0x56, 0xB6, 0x43, 0x4D, 0x01, 0x6F, 0xA6, 0x7E, 0x4D, 0x30, 0x21, 0x17, 0x06, 0x23, 0x47,
    0x5D, 0xBA, 0x13, 0x35, 0x7C, 0x20, 0x6C, 0xEB, 0x0C, 0xE6, 0x67, 0xD3, 0xD9, 0xC2, 0xE4, 0xCC,
    0xA5, 0x63, 0xF3, 0x9C, 0x7E, 0x95, 0xD3, 0x95, 0x55, 0x92, 0x68, 0x3F, 0x83, 0xF1, 0x28, 0x40,
    0x72, 0xCA, 0xA7, 0x0C, 0x32, 0x4D, 0x40, 0x55, 0x6D, 0xD2, 0x8A, 0x20, 0x47, 0xCE, 0xA9, 0x91,
    0xCF, 0x04, 0x80, 0x0B, 0x01, 0xBB, 0x9A, 0x20, 0xCD, 0x08, 0x26, 0xA6, 0xA5, 0x2F, 0x14, 0x7C,
    0x65, 0x09, 0x2C, 0x92, 0x15, 0x00, 0xDF, 0xFC, 0x27, 0xA2, 0x89, 0x98, 0x0E, 0xF5, 0x63, 0xEB,
    0x7C, 0xD4, 0xCF, 0xAD, 0x4E, 0x26, 0xA4, 0x09, 0x88, 0x2C, 0xD7, 0x0B, 0x28, 0x93, 0xDA, 0x13,
    0x72, 0x40, 0x8B, 0x85, 0xAD, 0x89, 0x69, 0x89, 0xA9, 0xCB, 0x94, 0xB1, 0xED, 0x01, 0x3C, 0xB1,
    0x91, 0xB7, 0x0A, 0x09, 0x6E, 0x26, 0x6A, 0x11, 0x62, 0xFD, 0x21, 0x46, 0xCA, 0xB6, 0x65, 0x45,
    0x99, 0x33, 0x54, 0x33, 0x9E, 0x5F, 0x78, 0x1F, 0xF5, 0x47, 0xC1, 0xD4, 0x5A, 0x33, 0x79, 0xD7,
    0x4B, 0x05, 0xE1, 0x7D, 0xD3, 0x98, 0xDA, 0x9E, 0x63, 0x47, 0xAA, 0x32, 0x8C, 0x3D, 0xE9, 0x6D,
    0xF8, 0x94, 0x44, 0x97, 0x78, 0xF3, 0xCF, 0xE3, 0xCC, 0xB8, 0x27, 0x26, 0x93, 0x39, 0xEE, 0x3D,
    0xFB, 0x94, 0xAC, 0x20, 0x28, 0x81, 0x67, 0xF8, 0x4E, 0x9D, 0x58, 0xC7, 0xB1, 0xDC, 0x0F, 0x29,
    0x74, 0xDF, 0x76, 0x39, 0xAC, 0xDE, 0x62, 0x74, 0xA5, 0x89, 0xA1, 0x15, 0xD7, 0x5A, 0x75, 0x40,
    0xAC, 0xE5, 0x93, 0xAB, 0x32, 0x23, 0xB2, 0xBA, 0xC4, 0xEE, 0x50, 0x96, 0x90, 0xF4, 0xB2, 0x93,
    0x07, 0xF2, 0x0F, 0xCF, 0x90, 0xCF, 0x52, 0xD6, 0x17, 0xF4, 0x03, 0x29, 0x3B, 0xCA, 0x7E, 0x0B,
    0xE0, 0x6D, 0x52, 0x83, 0xBC, 0x0A, 0x94, 0xDD, 0xF6, 0x83, 0x5C, 0x81, 0xCE, 0x59, 0x24, 0x2C,
    0x69, 0xE6, 0xF5, 0x40, 0xA2, 0xDC, 0x41, 0x6D, 0x93, 0x77, 0x70, 0xE1, 0x23, 0x10, 0xEA, 0x12,
    0xA9, 0xE4, 0x93, 0xAF, 0x69, 0x6D, 0xAE, 0x14, 0xD3, 0x8A, 0x2D, 0xD5, 0xCC, 0x5F, 0xBA, 0xB4,
    0xEF, 0x80, 0xBB, 0xF9, 0xAC, 0xD2, 0x62, 0xB1, 0x5A, 0xAD, 0xD4, 0xFB, 0xE8, 0x0A, 0x75, 0x35,
    0xCD, 0x86, 0x24, 0xD2, 0x17, 0xBE, 0xC1, 0xEC, 0x00, 0xBF, 0x93, 0xC0, 0xA3, 0xFC, 0x6B, 0x44,
    0x48, 0x7B, 0x0A, 0xE0, 0xD5, 0x23, 0xDF, 0xD4, 0xAF, 0xE4, 0x73, 0x99, 0x44, 0x1F, 0x49, 0x1C,
    0x43, 0x56, 0x2C, 0x69, 0xAE, 0x3F, 0xD4, 0xF2, 0xEB, 0x21, 0x4B, 0x2E, 0x75, 0x54, 0x75, 0x21,
    0x7A, 0x50, 0xAC, 0xA3, 0xDE, 0x99, 0x3E, 0xA1, 0x1B, 0x77, 0xD4, 0x54, 0xB3, 0xE6, 0x6F, 0x97,
    0xB6, 0xE7, 0xEC, 0x7D, 0x90, 0xBC, 0xFF, 0x97, 0x55, 0x7A, 0x71, 0xBF, 0xE7, 0x2D, 0xBB, 0x8C,
    0xC7, 0xA7, 0x6B, 0x28, 0x7A, 0xE3, 0x14, 0xDE, 0x7C, 0xB3, 0xC2, 0xEF, 0x22, 0x02, 0x49, 0x70,
    0x94, 0x38, 0x60, 0x92, 0x1A, 0x1C, 0x45, 0xCF, 0x06, 0xAA, 0x9E, 0xEF, 0xE8, 0xE6, 0x64, 0xAD,
    0x79, 0x23, 0x86, 0xF9, 0xED, 0xA8, 0xE9, 0x6A, 0xF7, 0x35, 0x56, 0x13, 0xA9, 0x26, 0x92, 0x50,
    0x0B, 0x04, 0xF0, 0x5D, 0xE6, 0x48, 0xE1, 0x0C, 0x09, 0xC3, 0x36, 0xE3, 0xBA, 0x3F, 0x66, 0x9C,
    0x1F, 0xD9, 0xCD, 0x19, 0x98, 0x57, 0x32, 0xD4, 0x73, 0x03, 0xC2, 0x6D, 0x07, 0x13, 0xB9, 0xC7,
    0x31, 0xC9, 0xA8, 0xF7, 0x82, 0x2C, 0xAB, 0x48, 0x6B, 0x08, 0x21, 0x6F, 0x25, 0xCF, 0x20, 0xC3,
    0xB2, 0x92, 0x47, 0x80, 0xF6, 0x2C, 0xE5, 0xA0, 0xB9, 0x81, 0x7C, 0x3D, 0x34, 0x79, 0x66, 0xD2,
    0x4F, 0x61, 0x1E, 0xCF, 0x7A, 0xB7, 0xC5, 0xD2, 0xA8, 0x79, 0x50, 0xC5, 0xA3, 0x32, 0xE8, 0x39,
    0x44, 0xF3, 0xD0, 0xCA, 0xBE, 0x29, 0xAE, 0xA2, 0x02, 0x25, 0x6F, 0x26, 0x9B, 0xA2, 0x0B, 0x9A,
    0xF8, 0xE8, 0x42, 0x10, 0x15, 0x59, 0xF1, 0x07, 0xA3, 0xBB, 0x21, 0x88, 0x22, 0xC3, 0xD8, 0xCC,
    0x45, 0x01, 0x8B, 0x07, 0x96, 0xD6, 0x8C, 0xE0, 0xDB, 0x41, 0xC4, 0x13, 0x0F, 0x92, 0x94, 0x12,
    0x0C, 0x69, 0x97, 0x62, 0xA3, 0x16, 0x8F, 0x62, 0x5F, 0x21, 0xE9, 0xBF, 0x21, 0xB9, 0xF6, 0xAE,
    0x39, 0x3A, 0x4B, 0xB3, 0xA4, 0x8A, 0x9B, 0x52, 0xD4, 0x31, 0x0A, 0xCD, 0xBD, 0xEE, 0x76, 0x8E,
    0x57, 0xB2, 0x63, 0x59, 0x07, 0xFF, 0x5C, 0x2F, 0xFF, 0x96, 0xFF, 0x61, 0x5B, 0xDC, 0x57, 0xD5,
    0xB2, 0x95, 0xC9, 0x90, 0xBD, 0x0C, 0x4A, 0x00, 0x31, 0xB7, 0xA7, 0x99, 0x1A, 0x81, 0x6D, 0x31,
    0x8C, 0x5A, 0xAE, 0xD8, 0x2E, 0xB4, 0x7F, 0xBF, 0x8F, 0xCA, 0x62, 0xDA, 0xFF, 0x1E, 0xE5, 0x38,
    0xF3, 0x9E, 0x18, 0x44, 0x00, 0xAC, 0xA6, 0x15, 0xCB, 0x43, 0xC9, 0x78, 0x72, 0x21, 0x5A, 0x96,
    0x8B, 0x98, 0x19, 0x44, 0xEE, 0x65, 0x72, 0x91, 0x4E, 0xBC, 0x08, 0x6D, 0x85, 0x6D, 0x2A, 0x33,
    0x0C, 0xDD, 0xD8, 0x78, 0x9A, 0x74, 0xB8, 0xF5, 0xE4, 0x4E, 0x59, 0x2F, 0x1A, 0xD0, 0xA0, 0x69,
    0x1D, 0xC9, 0x15, 0xB3, 0xAC, 0x17, 0x2E, 0x1D, 0xEB, 0x45, 0x3E, 0x6C, 0x2E, 0x5C, 0xDA, 0xE6,
    0x04, 0xBE, 0xA6, 0x72, 0x9D, 0x3A, 0xD4, 0xF4, 0xAE, 0x8B, 0x22, 0x8F, 0xCF, 0xE4, 0x88, 0x33,
    0xBB, 0x54, 0x1A, 0xA1, 0x56, 0x13, 0x76, 0xAF, 0x2B, 0xD5, 0x06, 0x1B, 0x14, 0xF3, 0x00, 0x17,
    0x09, 0x88, 0x97, 0xC9, 0x06, 0x56, 0x19, 0x83, 0x92, 0x37, 0x50, 0x06, 0x2D, 0xC9, 0xF4, 0x87,
    0xD0, 0x3E, 0xBA, 0x21, 0xDF, 0xC7, 0xF6, 0xE3, 0xD3, 0x6B, 0x83, 0x93, 0x1B, 0xE2, 0x92, 0xE5,
    0xC5, 0xD9, 0x7C, 0xE1, 0xC4, 0xBB, 0xEC, 0x2A, 0xC7, 0xC5, 0x3E, 0x29, 0xDC, 0xB9, 0x6D, 0xE0,
    0xB9, 0xB2, 0xD3, 0x38, 0xD1, 0x2E, 0x78, 0x6C, 0x57, 0x7C, 0xE7, 0xA2, 0xD8, 0x2C, 0x57, 0x68,
    0xCC, 0x71, 0x18, 0xAF, 0x78, 0x1D, 0x3F, 0xBA, 0xAA, 0x2A, 0x12, 0xAA, 0xE3, 0x02, 0x4E, 0xA7,
    0xC2, 0x8A, 0xC1, 0xA3, 0xC3, 0x13, 0x44, 0xF2, 0x55, 0xA2, 0xFD, 0x46, 0xA0, 0xED, 0x46, 0x9E,
    0xD5, 0x46, 0x9C, 0xC5, 0x46, 0x9A, 0x1B, 0x61, 0x0E, 0xAB, 0x2C, 0xF3, 0x6E, 0xA6, 0xD3, 0x60,
    0x83, 0xF7, 0x89, 0x93, 0x24, 0x3E, 0xE9, 0x9C, 0x20, 0x25, 0x10, 0x78, 0x9D, 0x93, 0xA3, 0x84,
    0x3F, 0xBF, 0x73, 0x62, 0x4C, 0x65, 0x6F, 0xDD, 0x39, 0xF9, 0xA0, 0xC2, 0xED, 0x9C, 0x10, 0x4B,
    0xDD, 0x87, 0xFB, 0x6B, 0xA3, 0x26, 0x5C, 0xDB, 0x50, 0x7E, 0xB9, 0x76, 0xA4, 0xE2, 0x15, 0xDD,
    0xBD, 0x36, 0x7A, 0xF4, 0xCB, 0x05, 0x2D, 0x2D, 0x42, 0x3A, 0xB6, 0x13, 0x12, 0xBF, 0xFE, 0xEA,
    0xD0, 0xC8, 0xFE, 0x4A, 0x56, 0x4B, 0x1F, 0xFD, 0x54, 0x84, 0x2D, 0xC5, 0xAF, 0xA0, 0x60, 0x40,
    0x58, 0x16, 0xE3, 0xBE, 0xC4, 0x50, 0x35, 0x80, 0xC1, 0x77, 0xB9, 0x1B, 0xE8, 0x95, 0x86, 0xB2,
    0x9D, 0x51, 0xAA, 0xB2, 0xE7, 0x6A, 0xCC, 0x5F, 0x8A, 0x42, 0x38, 0x0E, 0x45, 0xF0, 0x70, 0x2F,
    0xA4, 0xBD, 0x99, 0x3F, 0x83, 0xDD, 0x29, 0x0A, 0x57, 0x6D, 0x75, 0x09, 0x11, 0xBF, 0xD7, 0xEA,
    0xC2, 0x32, 0x81, 0x8F, 0x3D, 0x62, 0xC9, 0x1C, 0x12, 0xB4, 0x91, 0xFD, 0xCB, 0x33, 0x49, 0xC5,
    0x22, 0x40, 0xEC, 0x99, 0xFF, 0xC8, 0x32, 0x14, 0x1D, 0x92, 0x29, 0x98, 0x51, 0x6F, 0xBB, 0x4D,
    0x3F, 0x51, 0x49, 0xA6, 0x6E, 0xEF, 0xD3, 0xAC, 0xAD, 0x1C, 0x14, 0xF2, 0x6B, 0x8A, 0x91, 0xF0,
    0xF8, 0xDF, 0xB5, 0xDF, 0x32, 0xB2, 0x00, 0xD3, 0x16, 0x5D, 0x30, 0xED, 0x96, 0x3E, 0x9F, 0x3F,
    0xAD, 0x45, 0x84, 0x97, 0x7D, 0xAF, 0xF7, 0x5B, 0xA8, 0x1D, 0xE4, 0xB2, 0xD0, 0x60, 0xF3, 0xA9,
    0x43, 0x91, 0xCE, 0xB4, 0x3E, 0xA0, 0x9C, 0x02, 0xDD, 0x76, 0x2D, 0x01, 0xF9, 0xDB, 0x41, 0x9B,
    0x15, 0xC5, 0xAF, 0x12, 0xB9, 0xD5, 0x07, 0x28, 0x5F, 0x58, 0x83, 0x7F, 0xB5, 0x46, 0x9A, 0xD7,
    0x47, 0xFD, 0x17, 0xA2, 0xF8, 0x67, 0xB8, 0x42, 0xF8, 0x6A, 0xF4, 0x93, 0x16, 0x56, 0x07, 0xE3,
    0x60, 0xD1, 0xA6, 0x85, 0xAD, 0xDB, 0xFB, 0xB8, 0xE6, 0x2C, 0x48, 0x7D, 0x7F, 0xDB, 0x1B, 0x16,
    0x55, 0x4B, 0x65, 0x61, 0x2F, 0x43, 0x15, 0xA1, 0xFD, 0xC5, 0x53, 0x9A, 0xF8, 0xE3, 0x8C, 0x59,
    0x6D, 0x44, 0xB9, 0xEB, 0x59, 0x16, 0x69, 0xBA, 0xFF, 0xAB, 0x3C, 0x26, 0x53, 0x02, 0x4F, 0xF9,
    0x73, 0xC0, 0xD7, 0xE8, 0xEB, 0x6B, 0x6A, 0x74, 0x20, 0x98, 0x41, 0xA1, 0x91, 0x33, 0xD3, 0xA0,
    0xA9, 0xF1, 0x52, 0x53, 0x65, 0x3C, 0xCC, 0x21, 0x03, 0xA0, 0xE4, 0xB4, 0x2E, 0x04, 0x47, 0x1A,
    0x71, 0x73, 0x26, 0xBB, 0x2F, 0x35, 0xB3, 0x69, 0x61, 0xA4, 0x1A, 0xF6, 0x66, 0x3F, 0xAE, 0x5F,
    0x01, 0x1A, 0x33, 0x97, 0x36, 0x8C, 0xB1, 0xD5, 0x0A, 0x8C, 0xB7, 0x3F, 0x53, 0x0F, 0xD5, 0x7E,
    0x75, 0xA2, 0x8E, 0x1A, 0x8E, 0x2E, 0xDD, 0xB8, 0x3E, 0xA5, 0x6B, 0x86, 0x67, 0x9B, 0x6D, 0x3A,
    0x3A, 0xBA, 0x93, 0x65, 0xCC, 0xB7, 0x2C, 0xC5, 0xF2, 0x9A, 0x85, 0x4D, 0x52, 0x40, 0x66, 0x26,
    0x16, 0x36, 0xAD, 0x03, 0x15, 0xC0, 0xBF, 0x84, 0x0A, 0x01, 0x1D, 0x0A, 0x1D, 0x01, 0xE2, 0xAB,
    0x00, 0x12, 0xE0, 0x00, 0x24, 0xBF, 0x01, 0x48, 0x5A, 0x89, 0x99, 0x25, 0x5A, 0x00, 0x89, 0x0C,
    0x04, 0xE9, 0x40, 0x10, 0x5B, 0x82, 0xC8, 0xFE, 0x16, 0x20, 0x10, 0xFD, 0x78, 0xB0, 0x28, 0xA4,
    0x15, 0xD0, 0x43, 0x90, 0x2A, 0x90, 0xE9, 0x7C, 0xD6, 0x71, 0x59, 0xC8, 0x7D, 0x4A, 0xC6, 0xC2,
    0xD4, 0x01, 0x29, 0x22, 0x35, 0x1C, 0xCC, 0x66, 0x6B, 0x5C, 0x3B, 0x38, 0x51, 0x11, 0x84, 0x2E,
    0x07, 0x4F, 0x2F, 0x6A, 0xF8, 0x9F, 0x5C, 0xC1, 0x22, 0x9F, 0xC1, 0xAF, 0x53, 0xFB, 0x39, 0x38,
    0x14, 0x07, 0xBE, 0xCF, 0x0C, 0x39, 0x04, 0xD4, 0x58, 0xAB, 0x8A, 0x6B, 0xD5, 0x3C, 0x9B, 0x03,
    0x50, 0xFF, 0x87, 0xA0, 0x51, 0x1F, 0xEA, 0xD8, 0xF3, 0xB6, 0xF6, 0x3D, 0x0B, 0x8B, 0x25, 0xD8,
    0x70, 0x31, 0x6F, 0xD3, 0x13, 0x57, 0x4F, 0xE4, 0xAE, 0xF1, 0xFD, 0xE4, 0xFC, 0x89, 0x45, 0xE1,
    0x5E, 0x77, 0x27, 0x14, 0x85, 0xAA, 0x7C, 0x67, 0xFE, 0x70, 0x08, 0x6F, 0x77, 0x07, 0x27, 0x19,
    0xE7, 0x4F, 0x36, 0xA2, 0xF9, 0x64, 0x43, 0x3B, 0xE3, 0x9B, 0x93, 0x0D, 0x15, 0xDC, 0x4D, 0x77,
    0xB2, 0x31, 0x84, 0x9A, 0x62, 0x7A, 0x6D, 0xE6, 0xF9, 0x9D, 0xEF, 0x4E, 0x36, 0xD4, 0x3A, 0xC3,
    0xC6, 0x9D, 0x68, 0xD4, 0x2F, 0x3D, 0xD1, 0x60, 0xA5, 0xFD, 0xF0, 0xF9, 0x93, 0x0C, 0xF8, 0xB8,
    0x9E, 0x64, 0x54, 0xEE, 0x24, 0xA3, 0x7D, 0xFE, 0x24, 0xC3, 0x89, 0x47, 0x85, 0xA3, 0xA2, 0x51,
    0xC1, 0xF4, 0xE7, 0x45, 0xA2, 0x8C, 0xED, 0x6E, 0xF7, 0x14, 0xC2, 0x83, 0x75, 0xA4, 0x80, 0xF4,
    0xE9, 0x2C, 0xBC, 0x97, 0x9C, 0x70, 0xE0, 0x34, 0x28, 0x9A, 0x78, 0xC2, 0xA1, 0x3D, 0xEB, 0x0F,
    0xBF, 0x8B, 0xF3, 0x2D, 0xED, 0xD1, 0x6F, 0x0E, 0xA1, 0x40, 0xD0, 0x52, 0xF1, 0x0C, 0x33, 0x96,
    0x2C, 0xC1, 0x2F, 0xCF, 0x0E, 0x8E, 0x73, 0xFE, 0x7F, 0xFE, 0xF1, 0xB2, 0xF3, 0x8F, 0xA5, 0x66,
    0x9A, 0x8B, 0x26, 0x53, 0x36, 0x66, 0x53, 0x36, 0x21, 0x2D, 0x6F, 0x0B, 0xA7, 0x73, 0x95, 0xD3,
    0xF7, 0xEF, 0x5C, 0x64, 0x2E, 0x11, 0x5D, 0xF1, 0xD6, 0x6E, 0x8E, 0x3E, 0x1D, 0xAB, 0xDA, 0x8B,
    0x40, 0x2A, 0xD0, 0xD2, 0x32, 0x68, 0x58, 0x6C, 0xFD, 0xA6, 0x52, 0xD7, 0x2D, 0x5E, 0xD0, 0x43,
    0x2A, 0xB5, 0x87, 0x64, 0xD9, 0x43, 0x12, 0x26, 0x58, 0xBC, 0x7D, 0xC9, 0x1E, 0xD2, 0xEE, 0x4F,
    0xEC, 0x05, 0xC5, 0x97, 0x09, 0x2E, 0x69, 0x0F, 0xE9, 0xE7, 0xDA, 0x2E, 0xEA, 0x09, 0xBC, 0x96,
    0x20, 0x68, 0x08, 0xA2, 0x8A, 0x3D, 0xA4, 0x5D, 0xC1, 0x1E, 0x52, 0xA2, 0x3D, 0xA4, 0x77, 0xB5,
    0x87, 0xF4, 0x80, 0x3D, 0xA4, 0xB1, 0x63, 0x0F, 0x49, 0x37, 0x19, 0x11, 0xB6, 0x21, 0xCF, 0xF5,
    0x90, 0x52, 0x55, 0xEE, 0x2D, 0xED, 0x21, 0xF5, 0x5A, 0x0A, 0xDC, 0x59, 0xBC, 0xE9, 0x6C, 0x09,
    0x1A, 0x21, 0x6D, 0x60, 0xA7, 0xF6, 0x5E, 0xAF, 0xAD, 0xA5, 0xD9, 0x6B, 0xAE, 0xA3, 0x49, 0xF4,
    0x93, 0x8E, 0xC1, 0xAA, 0x71, 0x7D, 0x65, 0x49, 0x36, 0x39, 0xD7, 0x46, 0x21, 0xCF, 0x63, 0x1E,
    0x21, 0x00, 0x5B, 0x89, 0x9E, 0x9C, 0xF7, 0xC1, 0x57, 0x18, 0x77, 0x9F, 0x63, 0x8C, 0xD9, 0xFD,
    0xB9, 0xC4, 0x11, 0x07, 0xC0, 0xE9, 0x93, 0x0E, 0xA3, 0x6D, 0xD0, 0x24, 0xE2, 0xC6, 0x03, 0x79,
    0xF1, 0x5C, 0x93, 0x88, 0xA5, 0x8C, 0xCF, 0x1A, 0x20, 0xA8, 0x11, 0x05, 0x8E, 0x68, 0x8A, 0xFF,
    0x06, 0xDD, 0x58, 0xBD, 0x72, 0xDD, 0x44, 0x14, 0x5E, 0x5D, 0xE1, 0x68, 0xB0, 0x0A, 0xA5, 0x70,
    0x52, 0xD8, 0x85, 0xFA, 0x34, 0xB7, 0xA6, 0xC9, 0x2A, 0xE1, 0x05, 0x5C, 0xC4, 0x43, 0x41, 0x91,
    0x86, 0x06, 0x37, 0xEE, 0x19, 0x88, 0x6E, 0xE0, 0x05, 0xCC, 0x1B, 0xB8, 0x08, 0x33, 0xC6, 0x4D,
    0x1A, 0x1A, 0x66, 0x42, 0x56, 0xD4, 0x14, 0x68, 0x78, 0x01, 0x6E, 0x11, 0x37, 0x69, 0x50, 0xA1,
    0x42, 0xC1, 0x92, 0x96, 0xEF, 0x3B, 0x67, 0xEF, 0xB5, 0xE2, 0x40, 0x18, 0x1C, 0x08, 0x49, 0x3C,
    0xD1, 0x39, 0x70, 0xA5, 0x3D, 0x7B, 0x7E, 0xBF, 0x73, 0x76, 0xCD, 0xFE, 0xFD, 0x93, 0xC2, 0xE0,
    0xCF, 0x2E, 0x7D, 0x45, 0x9E, 0xB7, 0xB6, 0x26, 0x4F, 0xFA, 0xAC, 0x21, 0x8F, 0x86, 0xB8, 0x23,
    0x37, 0xA5, 0xE9, 0x85, 0x6F, 0x98, 0x2D, 0x33, 0xFD, 0x8B, 0x74, 0x9D, 0x99, 0x79, 0x59, 0x67,
    0x62, 0xBF, 0x14, 0x9E, 0x78, 0x59, 0x6F, 0x32, 0xDF, 0x2A, 0x2F, 0x75, 0xFD, 0x3C, 0x57, 0x6E,
    0xB3, 0x41, 0xF8, 0xBD, 0xCC, 0x0B, 0x7F, 0x94, 0x2A, 0xEF, 0x63, 0xBF, 0xA0, 0xD8, 0x36, 0x16,
    0xC1, 0x71, 0xA3, 0x82, 0xE3, 0xC6, 0x88, 0xE0, 0xB4, 0x36, 0x22, 0x38, 0xAB, 0x8C, 0xA3, 0xE0,
    0xDC, 0x7B, 0x4F, 0x05, 0xE7, 0xE0, 0x14, 0x6C, 0xF1, 0x9F, 0x14, 0x7C, 0x8F, 0xAF, 0xC0, 0x07,
    0x6A, 0x40, 0xB1, 0x58, 0xEA, 0x0B, 0x13, 0xF5, 0xD4, 0xB0, 0x32, 0x34, 0x2A, 0x86, 0xE0, 0xB4,
    0xA7, 0xA6, 0xAD, 0xF1, 0x10, 0x0A, 0x09, 0x6B, 0x7E, 0xE3, 0xE8, 0x04, 0x5A, 0xCC, 0xDB, 0x12,
    0x7B, 0xA7, 0xFD, 0x1C, 0x3B, 0xC6, 0x43, 0xCA, 0x7D, 0xDC, 0x8C, 0xBB, 0xCC, 0x17, 0x8F, 0xC5,
    0x15, 0x1B, 0x6B, 0x37, 0x6C, 0x88, 0x1B, 0x9D, 0x1F, 0x28, 0xF7, 0x37, 0x98, 0x90, 0xFA, 0x19,
    0xF6, 0x49, 0x07, 0xAA, 0x9D, 0xF4, 0xA2, 0xF4, 0xB1, 0xAA, 0x3E, 0xA1, 0xDB, 0xDC, 0x6F, 0xE6,
    0x49, 0x33, 0x7F, 0x08, 0x0A, 0xDD, 0x41, 0xAD, 0x7C, 0x5F, 0x76, 0xE7, 0xD4, 0x76, 0x91, 0xFC,
    0x1E, 0xF3, 0x9B, 0xF1, 0xAE, 0xEB, 0xF0, 0x7D, 0x6F, 0x7D, 0x31, 0xF3, 0x0D, 0xA8, 0xB9, 0x16,
    0xB4, 0xF8, 0xD4, 0x04, 0xDF, 0x6B, 0x0C, 0x72, 0x1F, 0x7C, 0x7D, 0xA6, 0xBE, 0x7E, 0x8C, 0x28,
    0x8A, 0x8F, 0xCD, 0x5C, 0xF8, 0xD5, 0x89, 0x01, 0xEF, 0x6E, 0x2C, 0x83, 0x5B, 0xD4, 0x29, 0xEA,
    0x12, 0x7B, 0x36, 0x8A, 0x5C, 0xBA, 0xE3, 0x91, 0x38, 0xE3, 0xEA, 0x9B, 0x15, 0xCB, 0xCD, 0xE3,
    0x1B, 0x47, 0xCC, 0xBC, 0xBC, 0x65, 0x34, 0x68, 0x99, 0xF1, 0xB7, 0xE9, 0x0B, 0x5B, 0x39, 0x7A,
    0x6E, 0x39, 0x87, 0x63, 0xA3, 0x22, 0x2A, 0x82, 0xCA, 0x0E, 0xFB, 0xFA, 0x05, 0x89, 0xAF, 0x12,
    0xFF, 0xF4, 0xC4, 0x55, 0x74, 0x75, 0x5E, 0x45, 0xA0, 0xD9, 0x84, 0xA6, 0x42, 0x19, 0xE9, 0x17,
    0xE9, 0x52, 0xA8, 0x87, 0x07, 0x57, 0x74, 0xF9, 0x17, 0x5F, 0x3E, 0x4F, 0xA3, 0x96, 0x74, 0xA6,
    0x54, 0x42, 0x1C, 0x37, 0xB1, 0x3F, 0xDD, 0xBB, 0xDB, 0x88, 0x3E, 0x81, 0xDE, 0x38, 0x44, 0x45,
    0xCD, 0x1B, 0x57, 0x99, 0xAC, 0x43, 0x3D, 0xC5, 0x7D, 0x0A, 0xD3, 0x3C, 0xAB, 0xC9, 0x16, 0x8F,
    0xA7, 0xB0, 0x12, 0xED, 0x17, 0x4C, 0x01, 0x04, 0x15, 0xCB, 0x8A, 0xD8, 0xDF, 0xF2, 0x55, 0x36,
    0x1A, 0xD7, 0x20, 0xD7, 0xCA, 0x66, 0xDE, 0xC3, 0x7D, 0xB6, 0x0B, 0x04, 0x5E, 0xF3, 0x3E, 0x90,
    0x67, 0x7B, 0x7B, 0x77, 0x2C, 0xB3, 0x47, 0x89, 0x54, 0x29, 0x09, 0xD6, 0x9A, 0x26, 0xF5, 0x0B,
    0xEA, 0xF4, 0xEC, 0x60, 0x49, 0xA1, 0x15, 0xB2, 0x80, 0xBE, 0xBC, 0x46, 0xEF, 0x6D, 0x17, 0x62,
    0x46, 0x27, 0x19, 0xE2, 0x65, 0x81, 0xA7, 0x02, 0x8B, 0xBC, 0x62, 0x06, 0xA6, 0xA0, 0xEF, 0x99,
    0xB7, 0xC8, 0xCF, 0x9A, 0xED, 0x29, 0x65, 0x8A, 0x13, 0xA5, 0xF6, 0xA5, 0xF0, 0xA5, 0xEA, 0x77,
    0xD7, 0x79, 0xFE, 0x5A, 0xFD, 0xBC, 0x7F, 0x88, 0x9A, 0xB2, 0x1A, 0x7D, 0xBB, 0x44, 0xF4, 0x33,
    0x44, 0x7F, 0x8C, 0x25, 0xFA, 0xC3, 0x34, 0xFA, 0x8E, 0xCB, 0x64, 0x2D, 0x4B, 0x19, 0xB9, 0xBF,
    0x0C, 0x2E, 0xFB, 0xEF, 0x88, 0xEC, 0x21, 0xBB, 0xF9, 0xD5, 0xE6, 0xFB, 0x5F, 0x8B, 0xBA, 0xF8,
    0xBF, 0xAC, 0x55, 0x75, 0x1B, 0x13, 0x8D, 0x04, 0x1A, 0x6B, 0x86, 0x17, 0x7A, 0x60, 0xC9, 0x10,
    0x09, 0x21, 0x0C, 0x69, 0xC4, 0x5E, 0x8D, 0xAC, 0x14, 0x2A, 0x91, 0x6C, 0x4A, 0x10, 0xAC, 0x58,
    0x90, 0x05, 0x81, 0x39, 0xF3, 0x50, 0xC3, 0x9A, 0x2F, 0x4C, 0x5E, 0x6C, 0x85, 0x70, 0xD2, 0x6D,
    0x9A, 0x93, 0xAD, 0xD8, 0x13, 0xFD, 0x8B, 0x0F, 0xE5, 0x29, 0xAE, 0xEA, 0x1E, 0x4C, 0x30, 0x82,
    0x69, 0x2E, 0xBA, 0x8C, 0x02, 0xA3, 0x04, 0xD1, 0x29, 0x84, 0xD2, 0x1B, 0x7C, 0xE8, 0x90, 0xE8,
    0x52, 0x8F, 0xEE, 0x49, 0xDB, 0xF9, 0x44, 0x27, 0x57, 0xBE, 0x15, 0xA0, 0xFD, 0x4A, 0x3A, 0x4B,
    0x59, 0xB3, 0x46, 0x4D, 0xDE, 0x58, 0xF6, 0x95, 0xA4, 0xCD, 0xA4, 0x82, 0xFA, 0x58, 0xC0, 0x78,
    0x0B, 0x49, 0x7E, 0xDE, 0xD2, 0x9C, 0xD4, 0x0F, 0x5A, 0x0B, 0x11, 0xDF, 0x3D, 0xFB, 0x08, 0xFA,
    0x13, 0xCC, 0x5D, 0x03, 0xF9, 0x05, 0x53, 0x97, 0x89, 0x8B, 0x87, 0x9D, 0x06, 0x6D, 0xCB, 0x4A,
    0x13, 0x29, 0x4A, 0xED, 0x2D, 0xAE, 0x9B, 0x32, 0x46, 0x04, 0x06, 0xBD, 0x8C, 0xB9, 0x76, 0xBA,
    0xA0, 0x54, 0xA6, 0x32, 0x17, 0x73, 0xE9, 0x5B, 0xAB, 0xFD, 0xD8, 0x22, 0xF1, 0x0B, 0x1B, 0x58,
    0xC9, 0xD4, 0x6B, 0xAF, 0x50, 0xD1, 0xB9, 0x36, 0x2C, 0xB4, 0x91, 0x27, 0xA2, 0xFD, 0x1D, 0x10,
    0x9D, 0x45, 0x72, 0x26, 0x22, 0xBA, 0x4F, 0x0E, 0x1B, 0x67, 0x63, 0x22, 0xB3, 0x48, 0xC4, 0xEA,
    0xCA, 0x2B, 0x76, 0xB1, 0xA8, 0x38, 0x77, 0x7E, 0xB4, 0xBF, 0x2B, 0x5D, 0x74, 0x54, 0x9C, 0x41,
    0x87, 0xF4, 0x05, 0xEC, 0xA5, 0x91, 0xBD, 0x41, 0x79, 0xA3, 0x5B, 0xAB, 0xDD, 0x50, 0x0C, 0x0D,
    0x15, 0x85, 0x9C, 0xFE, 0x2D, 0x95, 0x2F, 0x75, 0x15, 0x96, 0x43, 0x88, 0xBE, 0x42, 0x83, 0x87,
    0x64, 0xAD, 0x5A, 0xB3, 0x23, 0xD5, 0x1E, 0x86, 0x91, 0xE8, 0x81, 0x8E, 0x08, 0x12, 0x28, 0xE4,
    0x4E, 0x2D, 0x66, 0xF1, 0x63, 0x13, 0xB7, 0x33, 0xB6, 0xFB, 0xB8, 0x36, 0x9D, 0x68, 0x8E, 0xCC,
    0x79, 0x97, 0xE2, 0x65, 0x58, 0xAC, 0x46, 0xCA, 0xD5, 0x48, 0xC1, 0x1A, 0x29, 0x59, 0x23, 0x45,
    0x6B, 0xCC, 0xE7, 0x28, 0x5B, 0x26, 0xE9, 0x1B, 0x15, 0x2F, 0x9D, 0x37, 0x4C, 0x32, 0x64, 0x12,
    0x12, 0x9F, 0xC8, 0x60, 0xE7, 0xEE, 0x4B, 0xB5, 0xCD, 0xAB, 0x92, 0x06, 0x25, 0x4D, 0x2E, 0xE3,
    0xE1, 0xEE, 0xBA, 0x1B, 0x8A, 0xA0, 0xDF, 0x0B, 0x01, 0x4E, 0xCA, 0xDA, 0xF1, 0xA7, 0x0F, 0x81,
    0x55, 0x00, 0x8C, 0x38, 0x60, 0x07, 0x7C, 0x20, 0xAC, 0x13, 0xE6, 0xFE, 0x94, 0xB5, 0x93, 0x2F,
    0x03, 0xE6, 0xC0, 0xFB, 0xE2, 0x8A, 0x41, 0x3D, 0x22, 0x48, 0x7D, 0x4A, 0x7F, 0xE2, 0x1D, 0x83,
    0x04, 0x66, 0xE5, 0xDD, 0x92, 0x83, 0x21, 0x58, 0x26, 0x0B, 0xB0, 0xAE, 0x22, 0x8B, 0x57, 0xDB,
    0x2A, 0x18, 0xBA, 0x5E, 0x26, 0x58, 0x0C, 0x57, 0x6C, 0xDE, 0x99, 0x74, 0xCA, 0x45, 0xE4, 0x1A,
    0x29, 0xAC, 0x9C, 0xFD, 0x48, 0xCA, 0x0A, 0x55, 0x05, 0xAB, 0xDD, 0xAD, 0x21, 0xD4, 0xD4, 0xB4,
    0xA4, 0xB6, 0x0B, 0xEB, 0xBF, 0xE4, 0x7C, 0xF6, 0x93, 0xC7, 0xDC, 0xF6, 0xB3, 0xEF, 0x23, 0x3F,
    0xE4, 0x20, 0x5D, 0xC6, 0x61, 0x2E, 0xAD, 0xA3, 0xA0, 0xDC, 0x9A, 0xFC, 0x03, 0x90, 0xB7, 0x5E,
    0xC0, 0x52, 0xF2, 0xFE, 0xCA, 0xA1, 0xBA, 0x75, 0xD4, 0x31, 0x5C, 0xC6, 0xE7, 0x44, 0x5F, 0xA5,
    0x75, 0x4A, 0x94, 0xCB, 0x16, 0x82, 0x72, 0x1B, 0x66, 0x82, 0x72, 0x6F, 0x75, 0x14, 0x2E, 0x0E,
    0x2C, 0x25, 0xF7, 0xFB, 0x01, 0x23, 0x0B, 0xD0, 0xC1, 0x4E, 0x07, 0x96, 0xD7, 0x16, 0x85, 0xED,
    0xA3, 0x7D, 0x86, 0x01, 0x93, 0x4A, 0xA3, 0x35, 0xD1, 0x4A, 0x4D, 0xC4, 0x52, 0x13, 0x65, 0x21,
    0xB1, 0xC9, 0x2B, 0x6B, 0x2E, 0xC0, 0x2E, 0x17, 0x63, 0xE0, 0x01, 0x83, 0x3F, 0x86, 0x04, 0x66,
    0x70, 0x0B, 0xAA, 0x64, 0xCD, 0xFF, 0xC5, 0x88, 0x6F, 0x38, 0x3E, 0x11, 0x1E, 0xE1, 0x55, 0x3B,
    0x1A, 0x0E, 0xDC, 0x99, 0x3F, 0x3D, 0xE0, 0x89, 0x56, 0xB0, 0xC6, 0x98, 0x03, 0x85, 0x01, 0xB3,
    0xC7, 0xFC, 0x3B, 0xDE, 0x26, 0x6E, 0xC7, 0x63, 0xD6, 0x8B, 0xCD, 0x1F, 0xCA, 0xAB, 0xB2, 0x12,
    0x1C, 0xC8, 0x6B, 0x2B, 0xF9, 0xD8, 0x64, 0x2F, 0xE0, 0x40, 0xF8, 0xB3, 0xBE, 0xC6, 0xBF, 0x15,
    0x03, 0xBE, 0x86, 0xFE, 0x3F, 0x53, 0x16, 0xBD, 0x1A, 0x53, 0x29, 0x4B, 0x19, 0xB2, 0x7C, 0xA3,
    0xAC, 0xCD, 0xC8, 0x9C, 0x1F, 0xC5, 0x60, 0xDF, 0x11, 0x8E, 0x53, 0xE0, 0x3A, 0x15, 0xBE, 0xB3,
    0x4E, 0x1B, 0xB3, 0x9E, 0xF1, 0xF1, 0x52, 0x6C, 0xD1, 0x29, 0x3F, 0x8C, 0xF9, 0x61, 0xCE, 0x9F,
    0x0E, 0xFA, 0xEF, 0x44, 0x34, 0x11, 0xCF, 0x07, 0x21, 0x2E, 0x46, 0xBB, 0x70, 0x35, 0xE9, 0xC2,
    0x8D, 0x00, 0x49, 0x52, 0x9B, 0x56, 0xBB, 0xF0, 0xEE, 0xDB, 0x11, 0x4D, 0x43, 0x84, 0xD3, 0x53,
    0xCB, 0x22, 0x1E, 0x6F, 0x03, 0x75, 0x5A, 0x1E, 0x58, 0x80, 0x2C, 0x0D, 0xEA, 0x35, 0x17, 0x52,
    0xD9, 0x16, 0xC1, 0x94, 0xC3, 0x89, 0x25, 0x86, 0xE6, 0xAC, 0xF0, 0x8C, 0x70, 0x1A, 0xCB, 0x15,
    0x03, 0x00, 0xB3, 0xE0, 0x8C, 0x41, 0x0D, 0xB8, 0x55, 0x2A, 0xB9, 0x01, 0x3C, 0x61, 0x8F, 0x9F,
    0x17, 0x68, 0x99, 0xE8, 0x78, 0x59, 0x8F, 0xE3, 0x4A, 0xDA, 0xCB, 0x99, 0xA5, 0xC4, 0x51, 0xBD,
    0x01, 0xD8, 0xB9, 0x3A, 0x63, 0xC7, 0x8F, 0xA4, 0xDF, 0x47, 0x6B, 0x95, 0x66, 0x1C, 0x4E, 0x05,
    0x1F, 0x12, 0x3A, 0x33, 0x0D, 0xB7, 0x1A, 0x46, 0x5A, 0xBD, 0x02, 0x18, 0x22, 0x01, 0x3C, 0xAF,
    0xB3, 0xD1, 0x61, 0x90, 0x4B, 0x7B, 0x5B, 0xC5, 0x7D, 0x59, 0xCD, 0xDA, 0x72, 0x19, 0x15, 0x25,
    0x83, 0x09, 0x20, 0xC2, 0x30, 0x51, 0x40, 0xFC, 0x72, 0x46, 0x1D, 0xE5, 0xE8, 0xE4, 0xC6, 0xF7,
    0xA1, 0xDB, 0x3D, 0x68, 0xED, 0xD0, 0x9E, 0x5C, 0x11, 0x0F, 0x65, 0x9D, 0x76, 0x80, 0xAA, 0x26,
    0xA1, 0x05, 0xD7, 0x42, 0xC8, 0x36, 0x8F, 0x38, 0x0B, 0xB3, 0x51, 0x43, 0xD0, 0x42, 0x52, 0x05,
    0x13, 0x39, 0x2F, 0x35, 0x98, 0xC6, 0x1C, 0xA5, 0x84, 0x79, 0x53, 0x3E, 0x75, 0xE3, 0x89, 0x37,
    0x8E, 0x93, 0x81, 0x05, 0xC8, 0x0A, 0x7B, 0x44, 0x36, 0x5F, 0xB1, 0x4F, 0xC8, 0x36, 0x57, 0xA7,
    0xBA, 0xD7, 0xC1, 0xEC, 0x10, 0x0A, 0x4E, 0xAF, 0xAC, 0x64, 0x60, 0x0A, 0xEC, 0xC2, 0xDF, 0xA6,
    0x66, 0x73, 0x16, 0x6E, 0xA1, 0xC2, 0x25, 0x97, 0xDE, 0x59, 0x59, 0xAD, 0xDC, 0x9B, 0xFA, 0xA5,
    0x9E, 0xCF, 0x58, 0xD4, 0x19, 0xA7, 0x34, 0x3C, 0x56, 0x0F, 0x16, 0xF0, 0x71, 0x43, 0xFF, 0x5D,
    0xF7, 0xA7, 0xBB, 0x97, 0x39, 0x98, 0x48, 0x29, 0xFA, 0xF1, 0x3B, 0xA8, 0xDB, 0x42, 0xCB, 0x66,
    0x9D, 0x97, 0xD4, 0x8D, 0x57, 0xA6, 0xD4, 0x4A, 0xAE, 0x0E, 0x0A, 0x55, 0x66, 0xEB, 0xBC, 0x49,
    0x3F, 0x21, 0xF8, 0xF8, 0xC2, 0x02, 0x4D, 0x6A, 0x94, 0x20, 0x3A, 0x20, 0xDB, 0x2F, 0x07, 0x4A,
    0xA4, 0x02, 0xC8, 0x4E, 0xC5, 0x1B, 0x22, 0x2D, 0x73, 0xD9, 0x47, 0xAE, 0xCD, 0xE6, 0x23, 0x3B,
    0xD4, 0x13, 0x3A, 0x08, 0x2F, 0x6F, 0x7E, 0xCC, 0x7C, 0x96, 0x46, 0xC7, 0xD6, 0x1D, 0xBC, 0xC7,
    0x6F, 0x2E, 0x12, 0x3B, 0xAE, 0xCE, 0xE7, 0xAE, 0x0B, 0x2B, 0x12, 0x91, 0xE7, 0x09, 0x01, 0x52,
    0x04, 0x0B, 0xB1, 0x02, 0x53, 0x36, 0x3E, 0xFA, 0x5E, 0x94, 0xBC, 0xFE, 0x8D, 0x8C, 0x1D, 0x4B,
    0xE0, 0x23, 0xFA, 0xB5, 0x6D, 0x38, 0x35, 0x56, 0x18, 0x47, 0x49, 0x2A, 0x21, 0x57, 0x16, 0xA2,
    0x95, 0xDC, 0xEC, 0x25, 0x0C, 0x59, 0x3E, 0x04, 0x95, 0x77, 0xF8, 0x93, 0xA3, 0xC0, 0x0F, 0x38,
    0x33, 0xEB, 0x27, 0x9C, 0xDD, 0xC3, 0x1D, 0x86, 0x5C, 0x73, 0x4C, 0x4E, 0xDD, 0x75, 0x30, 0x30,
    0x23, 0x12, 0xD3, 0x8C, 0x19, 0xD7, 0x1E, 0x60, 0x95, 0xCE, 0x01, 0x23, 0x7E, 0xFE, 0x4C, 0xA3,
    0x7A, 0x6C, 0x36, 0x17, 0xE2, 0xC3, 0x10, 0x66, 0xFB, 0xE3, 0xA8, 0x29, 0x70, 0xD6, 0x3D, 0x77,
    0x41, 0xB9, 0xBA, 0xB8, 0x34, 0x7B, 0xD3, 0xD6, 0xC4, 0x6A, 0x77, 0x7A, 0x6D, 0x23, 0x0F, 0xFB,
    0xFD, 0x4E, 0x98, 0x4A, 0xE2, 0x70, 0xD8, 0x8C, 0x75, 0x66, 0xB9, 0x24, 0x97, 0xFB, 0xA0, 0x09,
    0x7F, 0x55, 0x79, 0xCA, 0x57, 0xFA, 0x51, 0xDF, 0x44, 0x2F, 0x33, 0x17, 0xD3, 0x87, 0x4E, 0x39,
    0x16, 0xB8, 0x91, 0x3B, 0xFA, 0x59, 0x9F, 0x4B, 0x45, 0x78, 0x57, 0x4D, 0x30, 0x3F, 0xD7, 0xEA,
    0xDA, 0x90, 0x93, 0xE4, 0xC9, 0x62, 0x7D, 0x5F, 0xC1, 0x44, 0xA8, 0x27, 0x3E, 0x8B, 0x5E, 0xCE,
    0xB6, 0x77, 0xC9, 0x7E, 0x61, 0x55, 0x46, 0xFE, 0x57, 0x2F, 0xF3, 0x9E, 0x7F, 0x28, 0xF3, 0x5E,
    0xA7, 0xF3, 0x5E, 0xA3, 0xAE, 0x6C, 0x02, 0xAE, 0x47, 0x53, 0x76, 0xD9, 0x26, 0xB1, 0x54, 0x57,
    0xB4, 0x72, 0x61, 0xEA, 0xFD, 0x2D, 0x42, 0x98, 0xB2, 0x3F, 0x00, 0x85, 0x56, 0x31, 0x8C, 0xE4,
    0x48, 0x15, 0x7D, 0x6E, 0x4F, 0xB7, 0x01, 0x8B, 0xF5, 0x06, 0xD3, 0x62, 0x99, 0xE3, 0x54, 0x17,
    0x0C, 0xD2, 0x32, 0xBA, 0xC1, 0xC9, 0x05, 0x17, 0x4C, 0x77, 0x79, 0x75, 0x12, 0x1B, 0x20, 0xA4,
    0x0E, 0xA6, 0x45, 0xC6, 0x6E, 0x70, 0x01, 0x37, 0x08, 0x8D, 0xC8, 0x1A, 0x69, 0x66, 0x6C, 0x8E,
    0x80, 0x80, 0xA4, 0x45, 0x42, 0xC8, 0x04, 0x8B, 0x98, 0x6D, 0x82, 0xBD, 0x04, 0x69, 0x82, 0x9E,
    0x75, 0xA1, 0x0B, 0x08, 0x2E, 0xB1, 0x10, 0xD2, 0xA5, 0xD6, 0x4A, 0x17, 0x40, 0x82, 0x41, 0x5E,
    0xC9, 0x3B, 0xD8, 0x5D, 0xBC, 0x6F, 0xF7, 0xEC, 0xDC, 0xB2, 0xA3, 0xA5, 0xAA, 0xEC, 0xB2, 0xAB,
    0x7E, 0xD5, 0xFF, 0xF5, 0xFF, 0xFB, 0xFF, 0xD7, 0xCE, 0x19, 0xC2, 0x06, 0x9E, 0x85, 0x63, 0x13,
    0xE8, 0x0C, 0x5E, 0x01, 0x4C, 0xB0, 0x38, 0x85, 0xCD, 0x5D, 0x9B, 0xF8, 0x0D, 0x54, 0x01, 0x9D,
    0x60, 0x13, 0xC0, 0xC1, 0x29, 0x60, 0x4B, 0xB8, 0xB6, 0x86, 0xFF, 0xDC, 0x22, 0x34, 0x3A, 0x89,
    0x11, 0x64, 0x9B, 0x70, 0x22, 0x9C, 0x61, 0xD3, 0xB3, 0xC9, 0x48, 0xD9, 0xE7, 0xB5, 0xB6, 0xB6,
    0x1E, 0x7B, 0xB6, 0x38, 0x42, 0x9A, 0x01, 0x1B, 0x38, 0x58, 0x3C, 0x8E, 0x6D, 0xC3, 0x36, 0x9C,
    0xEE, 0x2F, 0x58, 0x4E, 0x2D, 0x4B, 0x71, 0xC0, 0xAF, 0xF9, 0x23, 0x6C, 0xD5, 0xD0, 0xE9, 0xBD,
    0x95, 0xB6, 0xB5, 0xB2, 0xA5, 0x6B, 0x0D, 0x19, 0xF9, 0xB9, 0xAE, 0xA5, 0x86, 0x55, 0x3F, 0x92,
    0xF5, 0xC2, 0x47, 0x67, 0xA9, 0x89, 0xF3, 0xD4, 0x68, 0x13, 0x9B, 0xAF, 0x45, 0x5B, 0x78, 0xEB,
    0x05, 0x62, 0x9B, 0x9C, 0x87, 0xE6, 0x9D, 0xC0, 0x40, 0x19, 0xA4, 0x91, 0x5B, 0xA1, 0x57, 0xA0,
    0x97, 0xC3, 0x79, 0x84, 0xC0, 0x42, 0x3F, 0x31, 0x47, 0x6E, 0xD6, 0x35, 0xFD, 0xC0, 0x28, 0x1B,
    0x71, 0xDC, 0x59, 0x7C, 0xEF, 0xB1, 0x6B, 0x83, 0xDA, 0xAF, 0x55, 0x11, 0x14, 0xDA, 0x84, 0x26,
    0x45, 0x8C, 0x9A, 0x3C, 0x27, 0xD8, 0x41, 0xEF, 0x34, 0x4C, 0x82, 0x2C, 0x28, 0xE2, 0xC4, 0x5D,
    0xAD, 0xA8, 0x8E, 0x1A, 0x48, 0x4B, 0x60, 0x38, 0xC1, 0xDD, 0xE3, 0xB6, 0x7C, 0x67, 0x90, 0x8C,
    0x7D, 0xF3, 0x3F, 0x6D, 0xF1, 0x8B, 0x05, 0x74, 0x6E, 0x13, 0x55, 0xE8, 0xCC, 0xAB, 0x54, 0xE1,
    0x34, 0x5E, 0x89, 0xD8, 0xA9, 0xD1, 0x6F, 0x75, 0x06, 0x84, 0x09, 0xF7, 0xC9, 0xA9, 0xB9, 0xA2,
    0xEB, 0xF9, 0x3F, 0x86, 0x6F, 0x74, 0xA4, 0x8C, 0xBA, 0xB4, 0x91, 0x6F, 0x85, 0x17, 0xF9, 0xF4,
    0x49, 0xFB, 0x11, 0x7C, 0x9B, 0x87, 0xB6, 0xA2, 0xB2, 0x9E, 0xE2, 0x29, 0x55, 0x33, 0xE1, 0xF0,
    0x57, 0x71, 0xE1, 0x56, 0x41, 0x12, 0x42, 0x47, 0x3A, 0x8B, 0x4B, 0x51, 0x8D, 0x2A, 0x07, 0xF3,
    0xC1, 0x5C, 0x55, 0x61, 0x1D, 0x36, 0xAA, 0xF1, 0x1A, 0x9E, 0xA1, 0xEA, 0x15, 0xA1, 0x39, 0xC1,
    0x6D, 0x0C, 0xE6, 0x21, 0x69, 0xE2, 0x9A, 0x94, 0x99, 0x46, 0x88, 0xC0, 0x50, 0x35, 0x17, 0xD8,
    0x10, 0x7A, 0xFD, 0x25, 0x7A, 0x77, 0x4D, 0x4F, 0x53, 0xEB, 0x1A, 0x41, 0x83, 0x9E, 0x05, 0x62,
    0x83, 0x20, 0x17, 0x7B, 0x2E, 0x4E, 0x69, 0x0C, 0xA2, 0x22, 0xA8, 0x04, 0x14, 0x29, 0xDA, 0xC3,
    0xCC, 0x51, 0x4C, 0x0B, 0x5B, 0x2C, 0x0A, 0xB0, 0x3E, 0xE4, 0xEB, 0x79, 0x64, 0x8B, 0xCB, 0x53,
    0xF9, 0x3D, 0x58, 0x9C, 0xA6, 0xB6, 0x64, 0x1B, 0xFE, 0xB0, 0x44, 0xEF, 0xB5, 0x86, 0x89, 0x9F,
    0xAB, 0x96, 0x79, 0xAF, 0x46, 0xED, 0x95, 0xB1, 0xF9, 0x88, 0xFB, 0x79, 0x59, 0x68, 0xC6, 0xD8,
    0x63, 0x1D, 0x43, 0x65, 0x3D, 0xA2, 0xC5, 0x35, 0x52, 0xBF, 0xF1, 0xB7, 0x74, 0x75, 0xF0, 0x98,
    0xEA, 0x5A, 0xA5, 0xAB, 0x6E, 0xA4, 0x97, 0xF4, 0x12, 0xE9, 0xAF, 0x46, 0x7A, 0xC9, 0x74, 0x6A,
    0xED, 0x62, 0x81, 0x6F, 0xF2, 0x84, 0x52, 0xC7, 0x38, 0x49, 0x9B, 0xB4, 0x8E, 0x8B, 0x7E, 0xF4,
    0x21, 0x2A, 0xD6, 0x73, 0x2C, 0x79, 0xEA, 0x78, 0xA5, 0x57, 0x41, 0xE3, 0x4C, 0xFC, 0xB9, 0xAE,
    0xA8, 0x92, 0x5A, 0x57, 0x83, 0xA4, 0x35, 0xCA, 0x1A, 0x53, 0x5A, 0x30, 0x95, 0x75, 0x98, 0x62,
    0xF1, 0x57, 0xD0, 0xD6, 0x1C, 0x7B, 0x6B, 0xE0, 0xD0, 0xBC, 0xA1, 0x4D, 0xA8, 0xAE, 0xAD, 0xD3,
    0x30, 0xD7, 0x34, 0xD9, 0x09, 0x15, 0x37, 0x01, 0x22, 0x50, 0x56, 0x6A, 0xD5, 0xB5, 0x91, 0x68,
    0x4C, 0x65, 0xDC, 0xEF, 0xDB, 0x04, 0xA8, 0x8D, 0x74, 0x05, 0xA7, 0x22, 0x82, 0x39, 0x20, 0x5E,
    0x13, 0xB7, 0xF3, 0xFA, 0x32, 0x53, 0x36, 0x1B, 0xD8, 0x64, 0xB3, 0xC3, 0x11, 0x86, 0xD3, 0x69,
    0x24, 0x3E, 0x20, 0x0F, 0x7D, 0xAF, 0x28, 0xE1, 0x14, 0x44, 0x47, 0xC1, 0xAD, 0x27, 0xF3, 0xED,
    0x41, 0xFE, 0xBE, 0x5F, 0x2C, 0x6F, 0x11, 0x03, 0xEA, 0xE3, 0xF2, 0xA9, 0xB8, 0x43, 0x12, 0x9A,
    0xA0, 0xB0, 0x64, 0xD7, 0x74, 0x50, 0x11, 0x28, 0x49, 0x21, 0x9C, 0x9C, 0xB5, 0x43, 0x06, 0x6B,
    0x87, 0x3C, 0x81, 0x9F, 0xC9, 0xD4, 0x48, 0x20, 0x46, 0xDB, 0x87, 0x5F, 0xA4, 0x51, 0x60, 0x6D,
    0x4B, 0xD3, 0xC2, 0x4F, 0xCA, 0xE1, 0xBC, 0x5B, 0xC3, 0x71, 0xF5, 0x8F, 0x34, 0xD2, 0x50, 0x89,
    0x40, 0x52, 0xA6, 0x9C, 0x17, 0xB8, 0xEB, 0x53, 0x05, 0xCA, 0x5E, 0xD6, 0x3A, 0xB5, 0xD5, 0x31,
    0x1D, 0xF9, 0xC7, 0x88, 0x5B, 0xA5, 0xD1, 0x7F, 0x3B, 0x47, 0xDE, 0x59, 0x9C, 0x4D, 0xA7, 0x62,
    0x80, 0xAE, 0xD0, 0x95, 0x1F, 0x5F, 0xFD, 0xA7, 0x96, 0x78, 0x5E, 0x97, 0xAB, 0x79, 0x1E, 0x77,
    0x1F, 0x8F, 0xB0, 0xE9, 0xDB, 0xE4, 0x78, 0x1D, 0x20, 0xAA, 0xB1, 0xDF, 0x06, 0x08, 0x23, 0x0E,
    0x2E, 0x25, 0xB6, 0xB2, 0xB3, 0x6C, 0xBD, 0x38, 0x5B, 0x2F, 0xD7, 0xED, 0x62, 0xB3, 0xEE, 0x76,
    0x24, 0x74, 0x2C, 0x44, 0x8E, 0xDB, 0x94, 0x92, 0x4A, 0xF0, 0xBB, 0x03, 0x79, 0x82, 0x5A, 0x62,
    0x8C, 0xD1, 0x2B, 0xAC, 0x68, 0x58, 0x9E, 0xFE, 0xEB, 0x78, 0x59, 0x1E, 0xF2, 0xA9, 0x3B, 0x7A,
    0x46, 0x07, 0xB8, 0x54, 0x80, 0x47, 0x9E, 0x0C, 0x1A, 0x50, 0x0C, 0x2E, 0x21, 0xA7, 0xC7, 0x7C,
    0x8E, 0x5E, 0x27, 0xF3, 0x6F, 0x20, 0xBB, 0xB8, 0x81, 0x2C, 0xBB, 0x99, 0xEC, 0xDD, 0x97, 0x22,
    0x1C, 0x13, 0x08, 0x7E, 0x0B, 0x62, 0xDF, 0xC4, 0xD1, 0x4C, 0xC4, 0x8F, 0xC4, 0xD8, 0x62, 0xF4,
    0x1A, 0x6E, 0x71, 0x05, 0x04, 0x2A, 0x70, 0x72, 0x05, 0x8C, 0xE7, 0xD3, 0x69, 0x0B, 0x88, 0xAB,
    0x47, 0xC6, 0x24, 0x72, 0x0E, 0xEE, 0x9D, 0xEA, 0xFF, 0x34, 0x7F, 0x3A, 0xF9, 0x51, 0xBE, 0xE7,
    0xE7, 0xEF, 0xFA, 0xC0, 0xFB, 0xDF, 0x1A, 0x1F, 0xAB, 0x92, 0xBE, 0x55, 0x1D, 0x1F, 0x6F, 0xDF,
    0x71, 0x12, 0x65, 0x46, 0x3C, 0xCC, 0x08, 0x62, 0x7A, 0x2F, 0x73, 0x33, 0x89, 0x33, 0x9B, 0xAF,
    0x18, 0xE3, 0x4A, 0x2C, 0xD1, 0xE6, 0x95, 0xF1, 0x24, 0x04, 0x54, 0x12, 0x02, 0x5C, 0x4E, 0xA7,
    0x89, 0x00, 0xBA, 0x0D, 0x01, 0xBD, 0x2E, 0x04, 0xD4, 0x08, 0x73, 0x81, 0xB2, 0x6C, 0xF4, 0x46,
    0x33, 0x86, 0x49, 0x9C, 0xC5, 0xB9, 0xCA, 0x85, 0xEF, 0x49, 0xCB, 0x85, 0x5A, 0x71, 0xA9, 0x31,
    0xB7, 0x41, 0xF8, 0xAB, 0xAA, 0xD1, 0x7F, 0xF9, 0xB7, 0x8D, 0x3F, 0x7B, 0x66, 0xF5, 0x67, 0x7F,
    0x5E, 0xF5, 0x83, 0xE4, 0x43, 0x38, 0xB4, 0x5D, 0x96, 0xE6, 0x69, 0x1E, 0xE7, 0x31, 0x83, 0x93,
    0x9F, 0xBF, 0xC9, 0x33, 0xFE, 0x1F, 0xC4, 0x6E, 0x0C, 0xCF, 0xC3, 0xFD, 0xB8, 0x89, 0x9B, 0xE1,
    0x05, 0xCD, 0x20, 0x15, 0xEF, 0x01, 0xFB, 0xCB, 0x0D, 0xCF, 0x96, 0xBB, 0xCA, 0xBE, 0x58, 0x4A,
    0xAA, 0xDA, 0x0B, 0x6C, 0x39, 0xA3, 0x7F, 0xB6, 0xE6, 0x93, 0x20, 0x3C, 0x98, 0xD3, 0x9C, 0x34,
    0xB1, 0xC0, 0x49, 0xF1, 0xF1, 0x68, 0xE6, 0x7D, 0x8C, 0x3C, 0x9B, 0x2D, 0x15, 0xE9, 0xB9, 0xA6,
    0x1C, 0x0F, 0x6C, 0x76, 0x24, 0x47, 0xF6, 0xF3, 0x8E, 0xAE, 0xA5, 0xE5, 0x1A, 0xAA, 0xED, 0x8D,
    0x2A, 0x7A, 0xB3, 0x17, 0xB8, 0x30, 0xC1, 0xA2, 0x60, 0x2E, 0x64, 0x0A, 0xF0, 0x91, 0xF7, 0xD0,
    0xBA, 0x1D, 0x7A, 0x09, 0x93, 0x55, 0xED, 0x65, 0x57, 0x35, 0x96, 0x44, 0xA9, 0x9A, 0x75, 0xF7,
    0xF3, 0x09, 0xA6, 0xE8, 0xFF, 0x74, 0xD6, 0x92, 0xEE, 0xCE, 0xDA, 0x48, 0xCD, 0xEE, 0xD6, 0xDE,
    0x27, 0xD8, 0x05, 0x6E, 0x6D, 0x7E, 0x22, 0x1B, 0x1B, 0x69, 0xDC, 0x48, 0x1A, 0xBE, 0xC2, 0x91,
    0x6D, 0xDC, 0x7E, 0x9B, 0xDD, 0x6C, 0x63, 0x26, 0x9C, 0x6F, 0xEF, 0xCE, 0x08, 0x4B, 0x6C, 0xEC,
    0xCE, 0xF6, 0x64, 0x93, 0xDD, 0xD9, 0x36, 0xBB, 0x3B, 0xBB, 0xEB, 0x3D, 0xB7, 0x5B, 0xCA, 0x3B,
    0x90, 0xEE, 0xBD, 0xF6, 0x8C, 0x72, 0xCC, 0xF5, 0x9E, 0xCE, 0x0F, 0xF0, 0xB3, 0x08, 0x6B, 0x7E,
    0x5C, 0x70, 0xB7, 0x13, 0x02, 0xD7, 0xDD, 0xAB, 0xE2, 0x8A, 0x4F, 0x9E, 0x50, 0x57, 0xCC, 0x93,
    0x4D, 0x98, 0xCD, 0x18, 0x4E, 0x1D, 0x66, 0x5D, 0x9D, 0x8C, 0x98, 0x05, 0x88, 0x5B, 0x7E, 0x3B,
    0x89, 0x98, 0x41, 0x02, 0x9B, 0xE4, 0x46, 0xC9, 0x91, 0x92, 0x2B, 0xDB, 0x00, 0x75, 0x43, 0x2E,
    0x15, 0x1F, 0x38, 0xB9, 0x10, 0x1F, 0x08, 0x5B, 0x1F, 0xE0, 0x00, 0x13, 0xA6, 0x2A, 0xE3, 0x28,
    0x66, 0x3E, 0xA6, 0x0A, 0xFA, 0xAF, 0x73, 0x94, 0x32, 0x93, 0x00, 0x99, 0xD1, 0x4B, 0x1A, 0x66,
    0x9E, 0x26, 0x2C, 0x54, 0xB5, 0x57, 0x9C, 0xE0, 0x7C, 0xC6, 0xB4, 0xB6, 0xB7, 0xCD, 0x5B, 0x41,
    0x68, 0x3C, 0xBA, 0xAC, 0xC7, 0x3B, 0x42, 0x4C, 0x65, 0x85, 0x49, 0x5A, 0xD8, 0xD2, 0x96, 0x71,
    0x31, 0x88, 0x98, 0xED, 0xDE, 0x29, 0x92, 0xD1, 0x1F, 0xCC, 0x5B, 0xAB, 0x68, 0xEB, 0x32, 0x3A,
    0xF9, 0x63, 0xB6, 0xFD, 0xAF, 0x84, 0x83, 0xCE, 0x64, 0xBF, 0x95, 0x76, 0x74, 0xF8, 0x5B, 0x33,
    0x0B, 0x7A, 0x99, 0x3C, 0x47, 0xEA, 0x83, 0x8C, 0x86, 0x36, 0x7E, 0xB1, 0xA2, 0x89, 0x77, 0x79,
    0x46, 0xDD, 0xC4, 0x35, 0xBB, 0x19, 0x1E, 0xEE, 0xB6, 0x72, 0x78, 0x89, 0xEA, 0x32, 0x52, 0x7B,
    0xF3, 0x02, 0x24, 0xC4, 0x47, 0x1D, 0x98, 0xB4, 0x5D, 0xA4, 0xBC, 0x11, 0x61, 0x40, 0x80, 0xBF,
    0x90, 0xB9, 0x2D, 0x7B, 0x19, 0x5D, 0xC7, 0xB6, 0x71, 0xFB, 0xF6, 0x4D, 0x70, 0xB5, 0xBE, 0x94,
    0xF8, 0x4D, 0x6F, 0xB3, 0x04, 0xF0, 0x21, 0x37, 0x0B, 0xC5, 0x33, 0x38, 0xD9, 0x63, 0x57, 0x09,
    0x4D, 0x7F, 0xF1, 0x7B, 0xBE, 0xDB, 0x48, 0x7A, 0xD6, 0x86, 0xD5, 0xFA, 0xCB, 0xDF, 0xDD, 0x7B,
    0x28, 0x6E, 0xB6, 0xFF, 0x92, 0x49, 0x2A, 0x9B, 0xE1, 0xC8, 0xE5, 0x14, 0x3F, 0xEA, 0x40, 0x68,
    0xFE, 0x7E, 0x58, 0x86, 0x99, 0x43, 0x37, 0xB4, 0xB9, 0x26, 0x47, 0x7E, 0x24, 0x77, 0x85, 0xF5,
    0xC1, 0xD9, 0xB5, 0x70, 0x94, 0xD5, 0x3E, 0x42, 0x27, 0xBB, 0xAC, 0xEC, 0x36, 0xE7, 0xD9, 0xBE,
    0x00, 0x7E, 0x62, 0x23, 0xAF, 0x95, 0xE7, 0x30, 0xEB, 0xCE, 0xEE, 0x96, 0xDF, 0xED, 0x16, 0x9D,
    0x5F, 0xAF, 0x77, 0xBA, 0x88, 0x5F, 0xB4, 0x0B, 0xAB, 0xF6, 0x5D, 0xB6, 0xE3, 0x6D, 0x7A, 0x73,
    0xD6, 0x7A, 0xE8, 0x4F, 0x30, 0xBE, 0xC0, 0x1E, 0x55, 0xC1, 0xAB, 0x8E, 0xC5, 0x52, 0xA3, 0xD2,
    0x58, 0xD2, 0x7A, 0x0F, 0x12, 0x67, 0x02, 0x75, 0x81, 0x91, 0xC2, 0x32, 0x88, 0x52, 0x1B, 0x2D,
    0x25, 0x12, 0x43, 0xDF, 0x87, 0xCF, 0xFC, 0x1C, 0x05, 0x89, 0x83, 0x21, 0xAD, 0x1A, 0x5C, 0x57,
    0xA3, 0x0B, 0xBA, 0xB9, 0xFF, 0x24, 0x09, 0x99, 0xF8, 0xDD, 0x7C, 0xEC, 0x16, 0x7C, 0xF3, 0x3B,
    0xF8, 0xBE, 0xE9, 0xAD, 0x30, 0xEC, 0x47, 0x71, 0x90, 0xF1, 0xF7, 0xBA, 0x79, 0x99, 0xFA, 0x5D,
    0xE6, 0x3D, 0x2B, 0x9D, 0x7D, 0x04, 0x4F, 0x30, 0x0E, 0x30, 0xDA, 0x10, 0x16, 0xC7, 0xAD, 0x65,
    0xC2, 0xFB, 0x18, 0xD0, 0x66, 0x3B, 0x89, 0xC0, 0xD6, 0x33, 0xCE, 0x7D, 0xA3, 0x52, 0x33, 0x0E,
    0xCC, 0xC8, 0xE7, 0xF5, 0x42, 0x1A, 0x3F, 0xC2, 0x07, 0x99, 0xFF, 0xAC, 0x5C, 0x88, 0xEC, 0x12,
    0x7C, 0x42, 0x0A, 0x94, 0x9A, 0xF0, 0xFE, 0xAB, 0x5C, 0xDC, 0x3C, 0xFD, 0xB4, 0x1C, 0xF6, 0x79,
    0x60, 0x9D, 0xFE, 0xB3, 0x82, 0xFA, 0x25, 0x93, 0x86, 0xFA, 0x20, 0x5F, 0xBE, 0xFE, 0x2A, 0x78,
    0xDD, 0xF9, 0x6B, 0x15, 0x63, 0xB3, 0x8F, 0x38, 0x8E, 0xD4, 0xAF, 0x23, 0xE6, 0x24, 0x85, 0x75,
    0x0B, 0xA3, 0x2E, 0xFB, 0x7B, 0x50, 0x93, 0x34, 0x57, 0x78, 0x59, 0xE7, 0x5E, 0x39, 0xBC, 0x37,
    0x89, 0x7F, 0x53, 0xAA, 0xC8, 0x04, 0x1F, 0x27, 0xDE, 0xA7, 0x91, 0xFB, 0x39, 0x7A, 0x97, 0x6D,
    0xA2, 0x3B, 0x87, 0x4C, 0x7D, 0x9E, 0xFB, 0x1C, 0x6C, 0x64, 0xA4, 0xF7, 0x14, 0x5E, 0x90, 0xBC,
    0xED, 0xE7, 0xE9, 0x83, 0xEA, 0xBF, 0xE5, 0x59, 0xBD, 0x8E, 0xE3, 0xD6, 0x19, 0xBD, 0x14, 0x3D,
    0x23, 0x60, 0x55, 0xB0, 0x09, 0x90, 0x62, 0x80, 0xB0, 0x75, 0x1A, 0xF3, 0x05, 0x9C, 0x25, 0x5D,
    0xA5, 0x75, 0xB1, 0x63, 0xB7, 0x79, 0x03, 0xBD, 0x80, 0xD7, 0x14, 0xEC, 0x32, 0xCD, 0x04, 0xC8,
    0x03, 0xA4, 0x48, 0xA5, 0x2D, 0xB6, 0x4D, 0xB1, 0x6B, 0xD2, 0xC9, 0x03, 0x44, 0x40, 0x90, 0x2A,
    0x0D, 0x8B, 0x75, 0x10, 0xBB, 0x09, 0x03, 0x70, 0x03, 0xCD, 0x9A, 0xD4, 0xCD, 0x39, 0xE7, 0xBB,
    0xE4, 0x50, 0xA3, 0x59, 0x24, 0x80, 0xC7, 0xC6, 0xAE, 0x23, 0x48, 0xDF, 0xF9, 0x46, 0xBA, 0xBC,
    0x7F, 0xDF, 0xDF, 0xB9, 0x77, 0x5C, 0xB9, 0x77, 0x78, 0x65, 0x3D, 0xE5, 0xD2, 0x53, 0x46, 0x7E,
    0x43, 0xC8, 0x77, 0xFA, 0xAA, 0x75, 0x47, 0xAF, 0xCA, 0xE3, 0xB5, 0xA1, 0xF0, 0xF5, 0x52, 0x72,
    0xE1, 0x77, 0x2E, 0xAB, 0x23, 0xC8, 0x64, 0x26, 0x57, 0x92, 0xEC, 0xEC, 0x54, 0x7E, 0x75, 0xF9,
    0x21, 0xA4, 0xF7, 0xDD, 0x24, 0xED, 0x9B, 0xD7, 0xB5, 0x1F, 0x65, 0xD4, 0x52, 0x2E, 0x24, 0xE3,
    0x96, 0xE3, 0x2E, 0xDB, 0xD8, 0xBF, 0xDA, 0x3E, 0x6D, 0x35, 0x9F, 0x20, 0xCF, 0xDC, 0x99, 0x66,
    0xCF, 0xF9, 0xE7, 0x6D, 0xDE, 0x4E, 0x52, 0xDF, 0xD8, 0xAF, 0x6F, 0xD7, 0x8A, 0x72, 0x81, 0x73,
    0xE5, 0x6D, 0x74, 0x79, 0x0F, 0xE1, 0x3E, 0x25, 0x66, 0xCE, 0x3D, 0x26, 0xA6, 0xCE, 0x7D, 0x12,
    0xF0, 0x5D, 0xE2, 0x03, 0xD9, 0xB2, 0xB7, 0xB5, 0x9E, 0xE2, 0xDA, 0x5F, 0x11, 0xD1, 0x5F, 0x1F,
    0x90, 0x3E, 0x90, 0x1F, 0x5C, 0xEA, 0x6B, 0xB5, 0x8B, 0x27, 0x6C, 0x84, 0x8B, 0x80, 0xD1, 0x2D,
    0x5C, 0x4C, 0xB8, 0x3B, 0x7A, 0x6E, 0x49, 0x6F, 0x2A, 0x0F, 0x6E, 0x8D, 0x7E, 0x53, 0x2E, 0x69,
    0x1F, 0x50, 0x4E, 0xB6, 0xFD, 0x1D, 0x84, 0x1E, 0xC1, 0x03, 0xFC, 0x22, 0xD1, 0xCC, 0xB2, 0x86,
    0xB2, 0x2C, 0x28, 0x7F, 0x72, 0x6C, 0x29, 0xA7, 0xC5, 0x17, 0x17, 0xFE, 0x9B, 0xAD, 0x2F, 0xF8,
    0x64, 0x2E, 0x99, 0xCE, 0x64, 0xB2, 0xA1, 0x7C, 0x50, 0x58, 0xBF, 0xDF, 0x9F, 0x5C, 0x7A, 0x06,
    0x07, 0x66, 0xD3, 0x8C, 0x72, 0x7C, 0xAD, 0xB9, 0x4A, 0x3A, 0xD3, 0xC6, 0x65, 0x87, 0x8F, 0xF1,
    0x0B, 0xDE, 0x15, 0xEC, 0x5B, 0xC3, 0x17, 0x97, 0xBE, 0x80, 0x4C, 0xB0, 0xDA, 0xAC, 0x4E, 0x0F,
    0xCE, 0xBD, 0xE3, 0xB2, 0x41, 0xB6, 0x18, 0x6E, 0x2C, 0x63, 0x12, 0x76, 0x3E, 0x98, 0xB5, 0xB9,
    0x83, 0xDB, 0xED, 0xF1, 0xAF, 0xD6, 0xDE, 0x9E, 0x65, 0x3F, 0xD8, 0x3B, 0xED, 0xE0, 0x8A, 0x3B,
    0xFB, 0xAB, 0x58, 0xDE, 0xE5, 0x30, 0x8F, 0x55, 0x0B, 0xB3, 0x7E, 0x43, 0x07, 0xE6, 0xBE, 0x71,
    0x17, 0x19, 0xF1, 0xD1, 0xE5, 0x38, 0xD7, 0x0B, 0xFE, 0xCD, 0xA9, 0xC6, 0x87, 0x0F, 0x7C, 0x93,
    0xEC, 0x31, 0xB9, 0xAC, 0x75, 0x59, 0x87, 0x98, 0x49, 0x18, 0x38, 0xC9, 0x2E, 0xEF, 0xC6, 0xE1,
    0x32, 0xF6, 0x9D, 0xF2, 0x81, 0xC4, 0xC3, 0x71, 0x62, 0xEF, 0x07, 0x99, 0x65, 0xC3, 0xCE, 0x1B,
    0xAA, 0x1D, 0x27, 0xC0, 0xF9, 0x55, 0xBD, 0x66, 0x97, 0x16, 0x2E, 0x19, 0x4A, 0xFC, 0x3E, 0x54,
    0x10, 0x7D, 0x55, 0xC3, 0xC2, 0x65, 0xEB, 0xD2, 0x16, 0xFD, 0x55, 0xBB, 0x84, 0x53, 0x8A, 0x18,
    0x31, 0x2E, 0x7A, 0xA4, 0x9E, 0x0A, 0xCE, 0xE4, 0x02, 0x5F, 0xD0, 0x9F, 0xB8, 0xCD, 0xF7, 0xF9,
    0xA1, 0xC1, 0x42, 0xB0, 0x6F, 0xCE, 0xE0, 0x58, 0x65, 0xED, 0x5D, 0xF5, 0xA5, 0x2F, 0xF8, 0xA1,
    0x7E, 0x76, 0xEC, 0x6C, 0x3F, 0xD8, 0x5C, 0xB0, 0x79, 0xFB, 0x84, 0x11, 0x58, 0xC2, 0x40, 0x19,
    0x6C, 0x99, 0x0E, 0xDF, 0xEF, 0x87, 0x5E, 0xC3, 0x94, 0x4F, 0x4F, 0x42, 0x01, 0x88, 0x30, 0x97,
    0x35, 0x9C, 0xB3, 0xC2, 0xD0, 0xD5, 0xD5, 0x18, 0x69, 0x9D, 0x39, 0xB7, 0x97, 0xBF, 0xD0, 0x99,
    0x0F, 0x8C, 0xC7, 0xC5, 0x3E, 0xF8, 0x5F, 0xD4, 0xBD, 0x56, 0x59, 0x9C, 0x2A, 0xED, 0x4C, 0x39,
    0x6C, 0xD1, 0x51, 0x4C, 0xB7, 0xA4, 0xFB, 0x98, 0x02, 0x17, 0xA2, 0xD2, 0x73, 0xAB, 0xA5, 0x38,
    0x8C, 0x6F, 0x4A, 0x89, 0x24, 0xD2, 0x50, 0xC1, 0x7B, 0x65, 0xCA, 0x00, 0xAF, 0xBC, 0xAD, 0x64,
    0x75, 0x68, 0x53, 0x06, 0xE5, 0x09, 0xFA, 0x84, 0x52, 0x75, 0x8C, 0x9F, 0xBC, 0xC7, 0x22, 0x15,
    0x4E, 0x87, 0xA7, 0xBE, 0xC6, 0x56, 0xA7, 0x5C, 0x10, 0x7C, 0x5D, 0xCA, 0xD5, 0x4D, 0x55, 0xC0,
    0xD2, 0x3F, 0x57, 0xDC, 0x71, 0xED, 0x7F, 0xB2, 0x74, 0xB8, 0xC4, 0x5C, 0xD2, 0x10, 0xF8, 0x0D,
    0x5C, 0xBF, 0x08, 0xE9, 0x7B, 0x75, 0x0F, 0x9A, 0x5E, 0x2F, 0x26, 0x0D, 0x73, 0x8E, 0x58, 0x00,
    0xFC, 0x13, 0x95, 0x11, 0xB5, 0x2B, 0x87, 0x51, 0x4B, 0xFD, 0xA8, 0x25, 0x93, 0xB6, 0x62, 0x04,
    0x05, 0x6D, 0x73, 0x87, 0x56, 0x9C, 0x3C, 0x81, 0x5E, 0xB8, 0x0E, 0x68, 0xCA, 0xD3, 0x08, 0x71,
    0x8D, 0x16, 0xD6, 0x8B, 0x19, 0x04, 0xED, 0x1F, 0xA1, 0x20, 0x78, 0x77, 0x53, 0x73, 0x66, 0x4A,
    0xA8, 0x3E, 0x53, 0xF9, 0x99, 0xEA, 0xCF, 0x54, 0x80, 0x66, 0x15, 0x68, 0x2A, 0x39, 0x77, 0x2A,
    0x56, 0x85, 0x34, 0xDA, 0x7E, 0x54, 0x94, 0xD2, 0x54, 0x88, 0x0A, 0x6B, 0xAC, 0xC4, 0x36, 0x95,
    0x96, 0xEF, 0xAA, 0xA0, 0x24, 0xA9, 0xA4, 0xC1, 0xFC, 0x5D, 0xCC, 0x45, 0x4F, 0x8A, 0x73, 0xE7,
    0xDB, 0xE2, 0x26, 0x9F, 0x06, 0x6E, 0xE4, 0x72, 0xCB, 0xEF, 0x9A, 0x8D, 0x5B, 0xD8, 0x77, 0x51,
    0x71, 0xC4, 0x23, 0x3E, 0xF3, 0x7E, 0x87, 0x99, 0xFF, 0x11, 0x40, 0x97, 0x29, 0x0F, 0x05, 0xF7,
    0x19, 0xD9, 0x94, 0x1B, 0x9F, 0xD7, 0x82, 0x52, 0xE6, 0x8F, 0x7A, 0x01, 0x1C, 0x9C, 0x00, 0x1F,
    0x26, 0xE4, 0x85, 0xE0, 0x0B, 0xF9, 0xC5, 0xDF, 0x7D, 0x70, 0x8F, 0x8D, 0xC1, 0xCE, 0xBE, 0xB4,
    0x07, 0x94, 0x30, 0xFD, 0xAE, 0xB2, 0x5E, 0xB0, 0x49, 0x04, 0x98, 0x55, 0x9D, 0x79, 0x0D, 0xA4,
    0x02, 0xE0, 0x77, 0x0B, 0x6F, 0xA3, 0x63, 0x5F, 0x39, 0x97, 0x6A, 0x90, 0xC1, 0x73, 0xE5, 0xB6,
    0x3A, 0xF1, 0x1D, 0x21, 0xAA, 0xBA, 0xC0, 0x49, 0xB8, 0x8C, 0x40, 0xF8, 0xB2, 0xBD, 0xE1, 0x72,
    0x08, 0xEB, 0xF3, 0x01, 0xB3, 0xDA, 0x9D, 0xBE, 0xB0, 0x78, 0x7A, 0x06, 0xB3, 0x59, 0x51, 0x86,
    0xAC, 0xB9, 0xF4, 0xD7, 0x21, 0xDB, 0x59, 0xF6, 0x8C, 0x42, 0xE6, 0x1B, 0x31, 0x0E, 0xB8, 0x0A,
    0x98, 0x05, 0x2C, 0x0D, 0xA3, 0x6B, 0xC3, 0xE5, 0xBF, 0x0C, 0x93, 0x2F, 0x0D, 0xF3, 0xF0, 0x7C,
    0x6F, 0xF8, 0x17, 0xA3, 0x50, 0xFE, 0x6F, 0x3B, 0x43, 0xF3, 0xF7, 0x05, 0xDC, 0xC7, 0x70, 0x1F,
    0xB0, 0x39, 0x19, 0x3F, 0x9A, 0xB2, 0x71, 0xA3, 0x6C, 0x1C, 0x5B, 0x0C, 0x14, 0xF3, 0x75, 0x38,
    0xF7, 0xCC, 0xBD, 0x47, 0x72, 0xD2, 0xD3, 0x7E, 0x2E, 0x1E, 0x44, 0x8B, 0x63, 0xFF, 0x81, 0x7C,
    0xC8, 0x0A, 0x2A, 0x2A, 0xE8, 0x8B, 0xDB, 0xFB, 0x61, 0xCF, 0x93, 0xBF, 0x6D, 0x50, 0x13, 0x53,
    0xEC, 0x04, 0xCA, 0x3E, 0x07, 0x89, 0x0E, 0x4E, 0x26, 0x81, 0xE5, 0x58, 0x58, 0x3A, 0x15, 0x4A,
    0xBA, 0x01, 0x32, 0x18, 0xB2, 0x1C, 0x36, 0x01, 0x74, 0x93, 0xAE, 0x57, 0xA4, 0x1B, 0x96, 0xD2,
    0x3A, 0x13, 0x35, 0xDA, 0xE5, 0x4A, 0x3E, 0xED, 0x73, 0x75, 0xDE, 0x19, 0x3D, 0x18, 0x3A, 0x8B,
    0x15, 0x59, 0x2C, 0x35, 0xFE, 0x91, 0x68, 0x62, 0xC6, 0xBA, 0x46, 0x4E, 0xC5, 0x41, 0xF5, 0x92,
    0x29, 0xDF, 0x59, 0xF6, 0xD6, 0xFE, 0xAE, 0xC7, 0x42, 0xC3, 0x0F, 0x47, 0x9B, 0x5A, 0x4E, 0xA2,
    0xB3, 0x5C, 0x28, 0x07, 0xBE, 0xB0, 0xD2, 0x55, 0x9B, 0xFD, 0x36, 0x6F, 0x02, 0x80, 0xB4, 0x7F,
    0x75, 0xF9, 0xB1, 0x02, 0x6F, 0xF6, 0xE2, 0x16, 0x34, 0xB3, 0xD3, 0xCC, 0xE8, 0xBE, 0x5F, 0x18,
    0x7C, 0x6A, 0xF0, 0x0B, 0x83, 0xF7, 0x25, 0x17, 0xA1, 0xA5, 0xE5, 0x07, 0x76, 0x60, 0x21, 0x91,
    0xD8, 0x4E, 0x4D, 0x98, 0xDA, 0x91, 0xC9, 0xE5, 0x21, 0x81, 0x3D, 0x34, 0x0E, 0xE6, 0x9E, 0x19,
    0x0B, 0x73, 0xBD, 0xE5, 0x8D, 0x68, 0x6F, 0x29, 0x7E, 0x01, 0xC6, 0xC7, 0x0E, 0xE3, 0xD6, 0x3A,
    0x5E, 0x36, 0xA2, 0xCA, 0x34, 0xB3, 0x3A, 0x1C, 0x31, 0x0D, 0xC9, 0x6F, 0xE2, 0xE2, 0x97, 0x97,
    0x25, 0x3B, 0x86, 0xC9, 0x49, 0x09, 0x5C, 0x6F, 0x09, 0x29, 0x12, 0x16, 0xAC, 0xC3, 0x74, 0x0F,
    0x17, 0x77, 0x9C, 0x29, 0x68, 0x95, 0xFE, 0x26, 0xA7, 0x68, 0x9C, 0xD1, 0x64, 0xC3, 0x4A, 0xA9,
    0xD4, 0xF6, 0x44, 0xC7, 0x1B, 0x8B, 0x31, 0x4B, 0x49, 0x92, 0xD9, 0x4C, 0x3E, 0xB8, 0xF3, 0xA0,
    0x02, 0xF7, 0x9D, 0x0E, 0x36, 0xAF, 0x2C, 0xB2, 0x12, 0xC5, 0x19, 0x56, 0xA4, 0x1C, 0xC3, 0xD8,
    0xC3, 0x41, 0x40, 0xB2, 0x9D, 0xC9, 0x66, 0xFA, 0x35, 0x96, 0xCF, 0xE0, 0x29, 0x1C, 0x6F, 0x50,
    0xF5, 0x8D, 0x5F, 0x18, 0xA7, 0xC0, 0x0C, 0xBF, 0x2E, 0x9C, 0x11, 0x0D, 0xD0, 0xFA, 0x4A, 0xB4,
    0xDE, 0x7C, 0x0C, 0x3B, 0xA5, 0xC7, 0x75, 0x34, 0x9A, 0x49, 0xFB, 0xC6, 0xDE, 0xE6, 0x08, 0xEB,
    0x81, 0xB1, 0x6F, 0x19, 0xC0, 0x53, 0xDF, 0x5D, 0x98, 0x97, 0xDA, 0x53, 0x55, 0xA7, 0xA3, 0x42,
    0x7F, 0xB7, 0x2C, 0x25, 0xAB, 0xBD, 0xF5, 0x0C, 0x7F, 0x5A, 0x9B, 0x3B, 0xD9, 0xBE, 0x5D, 0xBD,
    0x0D, 0x07, 0x8F, 0xD2, 0xF6, 0x4F, 0x33, 0x05, 0x5F, 0x3A, 0x80, 0x41, 0x5C, 0xC1, 0x05, 0xAD,
    0x86, 0x01, 0xE8, 0x41, 0xDD, 0x1C, 0xA2, 0x63, 0x68, 0x05, 0x8B, 0x23, 0x88, 0x03, 0x34, 0x06,
    0x3B, 0xC1, 0xD2, 0x60, 0x55, 0x0B, 0x92, 0x00, 0x1B, 0x01, 0xC9, 0x3E, 0x00, 0xB9, 0x8A, 0xF0,
    0xD0, 0xE0, 0xB9, 0x40, 0x6E, 0x7B, 0x70, 0x3F, 0xBD, 0xBE, 0xBC, 0x5C, 0xFB, 0x47, 0x9A, 0xA6,
    0xEF, 0x47, 0xE0, 0x9A, 0x70, 0x36, 0xB0, 0xC2, 0x6A, 0x11, 0xDA, 0x3F, 0xB3, 0x98, 0x32, 0xF8,
    0xC4, 0xE0, 0xFD, 0x3F, 0x18, 0xBC, 0x0D, 0x47, 0xF6, 0x3D, 0xE2, 0xB8, 0xC1, 0x3B, 0xF7, 0x7D,
    0xD0, 0x2E, 0xE8, 0x5D, 0x83, 0x5B, 0xD3, 0xE5, 0xC1, 0xB5, 0xB1, 0xF1, 0x9D, 0xAA, 0x29, 0xB4,
    0x14, 0x89, 0x01, 0xE7, 0x34, 0x68, 0xE4, 0x00, 0xF1, 0x9E, 0xDA, 0x60, 0x19, 0x1B, 0x9E, 0xAB,
    0x74, 0x53, 0x42, 0xB3, 0xCB, 0x98, 0xB4, 0xAE, 0xBA, 0x44, 0x29, 0x2A, 0x69, 0xAA, 0x2E, 0x57,
    0xD2, 0x4A, 0x5F, 0x56, 0x2F, 0xAB, 0x7A, 0xA4, 0x4E, 0x96, 0xA8, 0xCA, 0x91, 0xC4, 0x3B, 0xFF,
    0xB2, 0xBA, 0xD6, 0x79, 0x0C, 0xDE, 0x8D, 0x27, 0x06, 0x2B, 0x29, 0x55, 0x97, 0x79, 0x9D, 0x17,
    0xD9, 0x1F, 0x53, 0x15, 0x44, 0xD5, 0x31, 0xA7, 0xB0, 0x0A, 0x55, 0x5D, 0xAC, 0x93, 0xBC, 0x66,
    0xC0, 0x0E, 0x2B, 0x52, 0x69, 0xA7, 0xC3, 0x62, 0x47, 0xAD, 0xB2, 0x3B, 0x01, 0xCE, 0xF9, 0xA0,
    0xFA, 0x21, 0x52, 0x0D, 0xAB, 0x14, 0x5C, 0x2F, 0x0E, 0x81, 0x68, 0x4A, 0x2D, 0xAA, 0xFA, 0xE9,
    0x54, 0x7C, 0xED, 0x74, 0x0A, 0x65, 0xAD, 0xFF, 0x08, 0x3F, 0x97, 0xE0, 0x48, 0x83, 0x2B, 0x1B,
    0x26, 0xB8, 0x12, 0x41, 0xE4, 0x59, 0x64, 0x21, 0xCF, 0xC9, 0xC6, 0xB4, 0xAC, 0xE1, 0x86, 0x80,
    0x95, 0xED, 0x98, 0xA3, 0x97, 0xE3, 0x89, 0x84, 0xD4, 0xE8, 0x23, 0x5B, 0xA2, 0xE5, 0xE0, 0xD9,
    0x09, 0x98, 0x25, 0xF0, 0x5C, 0xA9, 0x31, 0x97, 0x5E, 0x15, 0xFC, 0x1E, 0xBF, 0xA0, 0x0D, 0x1C,
    0x0E, 0x23, 0xE6, 0xD7, 0x9C, 0x5A, 0xAA, 0x00, 0x8A, 0x8C, 0x6F, 0xEA, 0x54, 0xFC, 0xE3, 0xE5,
    0x32, 0x8F, 0xDD, 0xCF, 0x54, 0x91, 0x06, 0xBB, 0x60, 0x01, 0x3B, 0x10, 0xA9, 0x5D, 0xF8, 0xDF,
    0x54, 0x4D, 0xA8, 0xF8, 0x1B, 0xDB, 0xC0, 0xFD, 0xFF, 0x11, 0xC7, 0x7B, 0xBB, 0x89, 0x7B, 0xC8,
    0xF8, 0x3E, 0x24, 0x7E, 0xD5, 0x28, 0x92, 0x83, 0xD4, 0x92, 0xFB, 0x29, 0x2C, 0x8E, 0xA1, 0x9D,
    0x43, 0xFC, 0xDF, 0x01, 0x24, 0x95, 0xB0, 0x32, 0xC0, 0x06, 0xCC, 0x00, 0xC9, 0x8C, 0x50, 0x0A,
    0x78, 0xFC, 0x4E, 0x59, 0x41, 0x75, 0x3D, 0xC5, 0xF0, 0xCA, 0x3D, 0x73, 0x04, 0x12, 0x40, 0xCF,
    0x6B, 0x25, 0xC0, 0xD9, 0xE8, 0x58, 0x83, 0xB6, 0xAA, 0x15, 0x6F, 0xC3, 0x19, 0xAC, 0x5B, 0x1A,
    0x81, 0x23, 0x57, 0xD6, 0xDD, 0x12, 0xAF, 0x19, 0xC9, 0x71, 0xA8, 0x7C, 0x0B, 0x25, 0x2D, 0xA1,
    0xFC, 0x9B, 0x26, 0xE2, 0x0D, 0xE4, 0x4B, 0x6C, 0xCC, 0x43, 0x2A, 0x1D, 0x94, 0xC7, 0x52, 0xAA,
    0xBD, 0x7B, 0x26, 0x05, 0x0D, 0xF7, 0x52, 0xF2, 0x9E, 0x1F, 0x28, 0xD9, 0x61, 0xD1, 0x4A, 0x49,
    0x7D, 0xDC, 0x48, 0x49, 0xFC, 0x2F, 0x77, 0x52, 0x56, 0xFE, 0xD7, 0xB5, 0x94, 0xD8, 0xFF, 0x79,
    0x13, 0x94, 0x7F, 0xEA, 0x92, 0x13, 0x29, 0xD0, 0x9B, 0xC2, 0x95, 0x04, 0xA5, 0x0F, 0x4A, 0x35,
    0x2A, 0xB9, 0xEE, 0x46, 0x78, 0x43, 0xA2, 0x8B, 0x0B, 0x1C, 0x1A, 0xD2, 0x96, 0x96, 0xF3, 0xF4,
    0x14, 0x2C, 0x18, 0x46, 0x6B, 0x92, 0x9A, 0x4A, 0x65, 0xCC, 0xCC, 0x05, 0x72, 0x5D, 0x30, 0x96,
    0xEC, 0xA6, 0x49, 0x94, 0xF6, 0x1E, 0x50, 0x65, 0x71, 0x86, 0xF7, 0xD5, 0xAF, 0x21, 0x63, 0x69,
    0x65, 0x0C, 0xB3, 0x98, 0x7F, 0x66, 0x37, 0xA0, 0x2F, 0x9C, 0x25, 0xFB, 0x0D, 0x8B, 0x08, 0x6F,
    0x98, 0x78, 0x09, 0x9A, 0xD9, 0xF1, 0x3B, 0x21, 0x17, 0x2D, 0xF8, 0x49, 0x64, 0x71, 0x5D, 0x84,
    0xA2, 0xEF, 0x4C, 0x8E, 0xD0, 0xE4, 0x82, 0x56, 0xFC, 0x7A, 0x82, 0xF2, 0x2E, 0x38, 0x6E, 0x12,
    0x9E, 0x0B, 0xBD, 0x84, 0x3E, 0xC3, 0x08, 0x2B, 0x1B, 0x2F, 0x8C, 0x1E, 0xD9, 0x5C, 0x78, 0xF9,
    0xC5, 0x03, 0x6F, 0x12, 0xC2, 0xD5, 0xEE, 0x46, 0xA7, 0x32, 0x30, 0x7B, 0x91, 0xF6, 0x3D, 0xB1,
    0xE3, 0x4F, 0xFC, 0x06, 0x1D, 0x7F, 0x96, 0x24, 0x40, 0x0C, 0xA6, 0x5D, 0xB0, 0x40, 0x00, 0x72,
    0x6A, 0xBB, 0xBD, 0x6B, 0x94, 0x13, 0xC4, 0x88, 0x53, 0xE5, 0xCD, 0xA5, 0x38, 0x7B, 0x2C, 0x56,
    0xBE, 0x08, 0x9C, 0xBD, 0x39, 0xE1, 0xEC, 0xCD, 0xD4, 0xC6, 0x38, 0xBE, 0x6E, 0x9E, 0xC8, 0xDC,
    0xA3, 0xB1, 0x5E, 0x5E, 0xBB, 0xFF, 0x81, 0x2D, 0xD9, 0x8D, 0x99, 0x53, 0xEE, 0xD2, 0x7C, 0xDA,
    0x51, 0x7E, 0xA7, 0xAB, 0xF2, 0xFE, 0xE4, 0xAA, 0xFC, 0x44, 0xDE, 0xEF, 0x55, 0x79, 0xB8, 0x07,
    0x1B, 0xE1, 0xD5, 0x53, 0xBF, 0x05, 0x14, 0xE8, 0x2C, 0x2F, 0x72, 0xF6, 0x99, 0x15, 0x0F, 0x09,
    0xE9, 0x08, 0x3F, 0x27, 0x3C, 0x98, 0xC6, 0xFB, 0xE1, 0xA0, 0x54, 0x10, 0x26, 0x76, 0x86, 0x34,
    0xF8, 0x31, 0x5C, 0x46, 0xD0, 0x0C, 0x97, 0x8F, 0xC2, 0xB9, 0xDC, 0x1B, 0xA3, 0x3C, 0xAF, 0x78,
    0x45, 0x69, 0x0F, 0x1A, 0x9E, 0xAD, 0xFD, 0x65, 0x68, 0x22, 0x07, 0x0D, 0x41, 0x5C, 0xB3, 0xEE,
    0x27, 0x87, 0x73, 0x2C, 0x12, 0x26, 0xC7, 0x31, 0xA4, 0x24, 0xEF, 0xE3, 0x79, 0x04, 0x2B, 0xE4,
    0x1D, 0x32, 0x09, 0x2C, 0x7D, 0x05, 0x0A, 0x1A, 0x94, 0x41, 0xA9, 0x4D, 0x59, 0xBE, 0x5E, 0x41,
    0xE3, 0xE9, 0xA9, 0xA9, 0x9F, 0xA9, 0xE7, 0x69, 0xAC, 0x69, 0xF4, 0x69, 0x3E, 0xF2, 0x30, 0xCD,
    0x70, 0x9A, 0xF3, 0x64, 0x41, 0x17, 0x95, 0xFE, 0xB7, 0xB7, 0x56, 0xBA, 0xDD, 0xFE, 0x5E, 0xFF,
    0x7E, 0x61, 0x20, 0xF2, 0xFF, 0x81, 0x4D, 0xE6, 0xDB, 0x73, 0x4F, 0x2B, 0x5E, 0xB1, 0xC0, 0x44,
    0x83, 0xAE, 0x4A, 0x69, 0x41, 0x8C, 0x4E, 0xD3, 0x61, 0xF6, 0x34, 0x1D, 0x8C, 0x95, 0x19, 0xEF,
    0xD7, 0x8D, 0x47, 0xB5, 0xEF, 0x8F, 0xAC, 0xB4, 0x9B, 0x6D, 0x77, 0x6C, 0x7F, 0xD9, 0xD9, 0x52,
    0xA5, 0x96, 0x2D, 0x75, 0x05, 0xE1, 0x9E, 0x6B, 0x83, 0x17, 0xFB, 0x44, 0xF4, 0xBB, 0x55, 0xD3,
    0xA4, 0xD6, 0xB1, 0x00, 0xDC, 0x87, 0x51, 0x52, 0xD1, 0x05, 0x6C, 0x1E, 0x5C, 0x38, 0xFD, 0x70,
    0x57, 0xF1, 0x2C, 0xCD, 0x53, 0x5E, 0x00, 0x1F, 0x2E, 0x26, 0x94, 0xA1, 0x5C, 0xB8, 0x50, 0x0A,
    0xFF, 0x0C, 0x19, 0x4B, 0xCB, 0xE6, 0x8D, 0x45, 0xBB, 0x66, 0xFA, 0x6B, 0xB8, 0x12, 0x1B, 0x93,
    0x6D, 0x28, 0x79, 0x8B, 0xB1, 0xF4, 0x55, 0x01, 0xF3, 0x80, 0x59, 0xC0, 0x34, 0x60, 0x32, 0xA2,
    0xFB, 0x0F, 0xED, 0x59, 0x3D, 0x8F, 0x24, 0x57, 0x15, 0x7D, 0x55, 0xCD, 0x6E, 0x05, 0x15, 0x34,
    0x81, 0x07, 0x04, 0x2B, 0xB9, 0x12, 0x07, 0x08, 0x21, 0x3A, 0x25, 0x80, 0xAD, 0x02, 0x02, 0xD2,
    0x09, 0x66, 0x77, 0x03, 0x07, 0x9B, 0x10, 0x20, 0x92, 0xFD, 0x03, 0xC3, 0x54, 0xC1, 0x1F, 0xF0,
    0x26, 0xFE, 0x07, 0x80, 0xC4, 0x12, 0xD8, 0x21, 0xC1, 0xA2, 0x2A, 0x48, 0x1C, 0x10, 0xB8, 0xB4,
    0x62, 0x45, 0xE0, 0x80, 0x06, 0x3C, 0xB2, 0x04, 0x01, 0x85, 0x54, 0x96, 0x7B, 0xD6, 0x55, 0xF5,
    0x38, 0xE7, 0xDC, 0x57, 0xFD, 0x31, 0x9E, 0x59, 0x7B, 0x91, 0x58, 0x01, 0xA2, 0xD5, 0x7D, 0xEF,
    0x9D, 0xEE, 0x57, 0xEF, 0xDE, 0x77, 0xBF, 0xEF, 0x9B, 0xDA, 0xFB, 0xDF, 0x78, 0xEF, 0x8B, 0x3A,
    0xE0, 0xC4, 0x6F, 0xDC, 0x2D, 0xFF, 0xBE, 0x8B, 0x7C, 0xE7, 0x16, 0xBE, 0x71, 0xCE, 0xAF, 0x5F,
    0x10, 0x77, 0x97, 0x70, 0x6F, 0xB8, 0x1E, 0x5C, 0x42, 0x9C, 0xFB, 0x9F, 0xD7, 0xC4, 0x19, 0xB8,
    0x11, 0xC7, 0xDE, 0x7F, 0x40, 0xEC, 0x6E, 0x9C, 0x68, 0x1D, 0x5E, 0x2F, 0x8A, 0x53, 0xDF, 0x12,
    0x45, 0x94, 0x7F, 0xC6, 0x38, 0xCF, 0x1B, 0xDE, 0x6F, 0x40, 0x56, 0xF8, 0xBC, 0xEB, 0xFD, 0x40,
    0x32, 0x81, 0x34, 0xA5, 0x2F, 0x52, 0xA0, 0x18, 0x02, 0xAF, 0x46, 0xEC, 0xD1, 0xE2, 0x81, 0x96,
    0x64, 0x8C, 0xED, 0xFE, 0x37, 0xC8, 0x78, 0x26, 0x5B, 0x9C, 0xEF, 0xD9, 0xA3, 0x7A, 0x7A, 0xF4,
    0x4B, 0x9C, 0xD6, 0x6F, 0x5F, 0xD5, 0x1E, 0xF9, 0x7F, 0x45, 0x19, 0xB9, 0x55, 0xD4, 0x5F, 0x8B,
    0x9D, 0x76, 0x9A, 0x3D, 0xD2, 0x85, 0x57, 0xB4, 0x23, 0x5D, 0xBE, 0x23, 0xB3, 0x1D, 0xB9, 0xBC,
    0x92, 0x4C, 0x77, 0x64, 0xB2, 0x23, 0x19, 0x10, 0x1E, 0x1A, 0x86, 0xB6, 0x3D, 0x42, 0x86, 0x68,
    0xC4, 0x97, 0xA5, 0xAB, 0x7B, 0xA0, 0x33, 0x43, 0x3F, 0x32, 0x74, 0x6A, 0xE8, 0x2B, 0x86, 0xDC,
    0x65, 0xF4, 0xEC, 0x17, 0x42, 0xDE, 0xF7, 0x86, 0xBC, 0x7E, 0x4B, 0x15, 0x7C, 0x3D, 0xAD, 0xC8,
    0x95, 0xE4, 0x41, 0xD4, 0x0B, 0xD5, 0x9B, 0xAB, 0x50, 0xBF, 0xB7, 0x32, 0xB2, 0xE7, 0x12, 0xE9,
    0xED, 0x59, 0xED, 0x4D, 0xDE, 0x8D, 0xD0, 0x54, 0x90, 0x4D, 0x83, 0xF8, 0x93, 0xFF, 0x18, 0x91,
    0x88, 0x7D, 0xE9, 0x1F, 0x8A, 0xA3, 0x5B, 0x4D, 0xD2, 0x37, 0xF4, 0xF3, 0xC2, 0xC4, 0xB3, 0x9F,
    0x06, 0x82, 0xFA, 0x09, 0xC4, 0x10, 0xD6, 0x64, 0x3E, 0x10, 0x10, 0xCC, 0x08, 0xF8, 0xA7, 0x11,
    0xE0, 0x6B, 0x44, 0xB4, 0x23, 0xBA, 0x4B, 0xDF, 0xC4, 0x3B, 0xA2, 0x9D, 0x1F, 0xE7, 0x3E, 0xF8,
    0x73, 0xE9, 0x0B, 0xC8, 0x0C, 0x6F, 0x80, 0x1D, 0x10, 0x01, 0x34, 0x7D, 0x17, 0x0E, 0x38, 0xE9,
    0x80, 0x3A, 0xB2, 0x33, 0x8F, 0xB0, 0xC3, 0xDA, 0x49, 0x4D, 0xF2, 0x4F, 0x83, 0x3C, 0x94, 0x9D,
    0xC8, 0x8E, 0x63, 0x67, 0xB1, 0x83, 0xD8, 0x29, 0x4C, 0x3C, 0x93, 0xD6, 0x84, 0xDF, 0xD2, 0x71,
    0x80, 0xAD, 0x09, 0x6C, 0xD2, 0x9A, 0xA8, 0x92, 0xD3, 0x49, 0xC8, 0xF9, 0xF5, 0x80, 0xC2, 0x25,
    0x8C, 0x66, 0x58, 0xE1, 0xDB, 0xF8, 0x35, 0xEF, 0x5D, 0x3E, 0xB8, 0xB2, 0x73, 0xCB, 0xC9, 0xE5,
    0x6B, 0x1C, 0xA6, 0xC8, 0x98, 0x20, 0xAA, 0xA8, 0x0A, 0xA9, 0x34, 0x96, 0x90, 0x76, 0x9C, 0x19,
    0x32, 0x8D, 0xFB, 0x2D, 0x8C, 0xEE, 0xDC, 0xA5, 0x5F, 0xA8, 0x3C, 0x1C, 0xAE, 0xA4, 0xE4, 0x4A,
    0xC9, 0xAB, 0x0A, 0x4C, 0xAB, 0x92, 0xDE, 0xE0, 0xEA, 0x86, 0xBC, 0xEA, 0x8E, 0x7C, 0xF3, 0x91,
    0x0F, 0x2D, 0x25, 0x4F, 0x24, 0x17, 0xC2, 0x6E, 0x6E, 0xFF, 0x55, 0xF3, 0xA7, 0x07, 0x28, 0x3E,
    0xD2, 0x6E, 0xA2, 0x74, 0x4E, 0x0D, 0xAF, 0xA6, 0xBB, 0x10, 0x8C, 0x6C, 0xB8, 0xD3, 0xC6, 0x2C,
    0xD9, 0xBA, 0x6C, 0x34, 0xC3, 0x55, 0xD8, 0x94, 0x54, 0xAA, 0xE5, 0x45, 0x44, 0xAD, 0x48, 0x92,
    0x03, 0x0A, 0xD6, 0x75, 0xA6, 0x5D, 0x98, 0xD7, 0x49, 0x93, 0xE7, 0xE5, 0x18, 0x28, 0x05, 0x5D,
    0x4C, 0x4D, 0xEF, 0xA8, 0xF0, 0x2B, 0xB5, 0x9F, 0xCF, 0xEB, 0x76, 0xCF, 0xEE, 0xED, 0x97, 0x5D,
    0xC1, 0x6D, 0x27, 0x0B, 0xE5, 0x4B, 0xBD, 0xF9, 0x1A, 0xB4, 0x31, 0xEA, 0x1C, 0x5E, 0xE7, 0x58,
    0x10, 0x8D, 0x91, 0xA5, 0xE6, 0x26, 0xD5, 0x79, 0xE5, 0x57, 0xB5, 0xEF, 0xE7, 0x64, 0x73, 0x22,
    0x74, 0xB3, 0x96, 0xF2, 0xCD, 0xC8, 0x29, 0xE2, 0x10, 0xA1, 0x07, 0x51, 0xA0, 0x55, 0x57, 0x0E,
    0x42, 0xB5, 0x6C, 0xAB, 0x8D, 0xAF, 0x43, 0x61, 0x49, 0x78, 0x60, 0xE5, 0x85, 0xB8, 0xD9, 0x60,
    0xBA, 0xDF, 0x21, 0x18, 0x8A, 0xBF, 0xE1, 0x78, 0x44, 0xF0, 0x4C, 0x22, 0xB8, 0x1A, 0x51, 0x66,
    0xCF, 0x41, 0x25, 0xDA, 0x53, 0x9B, 0x45, 0x5E, 0x5B, 0x27, 0xB4, 0x10, 0xA4, 0xF2, 0x15, 0x8A,
    0x7B, 0x97, 0x5F, 0xB0, 0xC6, 0x77, 0x32, 0x72, 0x54, 0xC3, 0xDE, 0x89, 0xFF, 0xBB, 0x87, 0x02,
    0xA0, 0xA0, 0xE5, 0x40, 0x65, 0x6D, 0x1C, 0xD4, 0xF7, 0x2B, 0x27, 0xEF, 0x99, 0xC1, 0x97, 0x11,
    0x19, 0x31, 0xC3, 0x23, 0xF3, 0x6F, 0xFA, 0x35, 0xF6, 0xF4, 0xEB, 0x12, 0xEB, 0xD6, 0xCC, 0x47,
    0x6B, 0x65, 0x23, 0xA5, 0xB2, 0x72, 0x00, 0xAF, 0xDC, 0xBF, 0x55, 0xF7, 0x99, 0x1F, 0x4A, 0xBF,
    0xE0, 0x1F, 0xEE, 0x28, 0xE8, 0xEC, 0x55, 0x82, 0x2F, 0x8C, 0xE2, 0x3A, 0xAA, 0xD1, 0x18, 0x74,
    0xB0, 0x0D, 0x7B, 0x0D, 0xF8, 0x0D, 0x1C, 0x0B, 0x41, 0xB8, 0x9C, 0xD8, 0x2B, 0x64, 0xE4, 0xEB,
    0xE0, 0xB2, 0x4C, 0xC4, 0xB1, 0xBF, 0x70, 0xEE, 0x76, 0xC6, 0x35, 0xDF, 0xAA, 0x7F, 0x0C, 0x96,
    0x67, 0x93, 0x5B, 0x0D, 0x54, 0x18, 0x9C, 0x18, 0x62, 0xC0, 0xBC, 0x80, 0x30, 0x66, 0xD9, 0x33,
    0x78, 0x00, 0x93, 0x43, 0x98, 0xEB, 0xFB, 0x5C, 0x6B, 0x56, 0x5A, 0xBF, 0x1C, 0x68, 0xF2, 0x74,
    0xE4, 0x3E, 0x0B, 0x2D, 0x73, 0x92, 0x01, 0x52, 0x31, 0xCD, 0xBB, 0xA3, 0x62, 0x76, 0x7E, 0xE6,
    0xFF, 0x87, 0x82, 0x74, 0x91, 0xF3, 0x07, 0x21, 0x29, 0x54, 0x4E, 0xA1, 0xBE, 0x07, 0xF9, 0x0D,
    0xF6, 0x77, 0xFE, 0x9C, 0xF9, 0x5A, 0xE1, 0xE4, 0xCC, 0x6D, 0xE7, 0xF5, 0x91, 0x56, 0xCE, 0xEF,
    0xB5, 0xBE, 0xB1, 0xB4, 0x82, 0x94, 0x71, 0x7E, 0x1F, 0xC1, 0xA9, 0xF5, 0xC6, 0x71, 0xCB, 0xBC,
    0x17, 0xC0, 0x82, 0xD7, 0x7B, 0x2E, 0xEF, 0xF9, 0xF0, 0x25, 0xE0, 0x3E, 0x2B, 0x50, 0xB6, 0x8B,
    0x43, 0x3D, 0x6B, 0x0D, 0xB8, 0xD0, 0xB3, 0xB1, 0x7C, 0x18, 0x74, 0xAB, 0xA7, 0xF7, 0x71, 0x90,
    0x65, 0x05, 0xF5, 0x12, 0x8E, 0x5B, 0x58, 0x10, 0x66, 0x06, 0xA9, 0x40, 0xB7, 0x12, 0xCC, 0xF7,
    0xE0, 0x6D, 0xC1, 0x5F, 0x0B, 0x4A, 0xC9, 0xD1, 0x46, 0xD1, 0xD5, 0x13, 0xDE, 0xFB, 0xF0, 0xCE,
    0xFD, 0xE9, 0x44, 0x75, 0x7B, 0x08, 0x10, 0x27, 0xBD, 0x35, 0x30, 0x39, 0xC6, 0x03, 0x1D, 0xDD,
    0x05, 0xC8, 0x34, 0xE4, 0x1E, 0x2B, 0xDC, 0x4E, 0xDF, 0x26, 0xFC, 0x86, 0x73, 0xCC, 0x4A, 0x2B,
    0xCF, 0x3C, 0x03, 0x87, 0x4D, 0x7C, 0x44, 0x87, 0x45, 0xEA, 0xA1, 0x2B, 0xF4, 0x30, 0x6E, 0xBE,
    0x29, 0xE9, 0xEE, 0x02, 0x2C, 0xB3, 0x01, 0x5C, 0xDC, 0xB9, 0x73, 0xA2, 0x52, 0x5C, 0x0A, 0x70,
    0x63, 0x46, 0x08, 0xFB, 0x0B, 0xF7, 0x36, 0xF3, 0x74, 0x97, 0xF8, 0x8B, 0xB7, 0xD6, 0x66, 0x31,
    0x33, 0xFF, 0xD1, 0x5E, 0xF2, 0x2B, 0xFD, 0x9F, 0xBD, 0xFF, 0x0B, 0x8A, 0x76, 0x4E, 0x02, 0x6F,
    0xE8, 0xCF, 0xE5, 0xF0, 0xBB, 0x96, 0xDD, 0x00, 0x72, 0x5D, 0xCE, 0xBD, 0x1A, 0x10, 0x7C, 0x32,
    0x5D, 0x67, 0x63, 0x4C, 0x3E, 0x8B, 0x3E, 0x1B, 0x53, 0x39, 0xF1, 0x98, 0x8D, 0xEA, 0x41, 0x22,
    0xFF, 0x60, 0xAA, 0xD7, 0xB3, 0xAA, 0x3B, 0xF5, 0xC7, 0x56, 0xB2, 0xE1, 0x90, 0xD9, 0xC8, 0x5C,
    0x86, 0xE8, 0xC5, 0x62, 0x2F, 0x31, 0xB3, 0x71, 0xC9, 0xAE, 0x19, 0x25, 0x92, 0x91, 0xC9, 0xEC,
    0x84, 0x9D, 0xE1, 0x34, 0x2C, 0xAC, 0x23, 0xFB, 0x84, 0x0C, 0x1E, 0x8D, 0x4C, 0x0E, 0x7A, 0x42,
    0xFC, 0xAC, 0x57, 0x68, 0x8A, 0xDE, 0x27, 0x71, 0x13, 0xAB, 0x8F, 0x4E, 0x54, 0x61, 0xD0, 0x44,
    0x4D, 0x08, 0xB2, 0x92, 0x49, 0xB1, 0xAE, 0x18, 0x26, 0xE8, 0x1C, 0xDD, 0x2D, 0x86, 0x01, 0x03,
    0x8D, 0x00, 0x9A, 0x38, 0xA2, 0x54, 0x39, 0x99, 0xE5, 0xCA, 0x6F, 0xCC, 0xA0, 0x8C, 0x1A, 0x4A,
    0x5A, 0xBD, 0xCA, 0xC4, 0x59, 0x92, 0xE2, 0x0C, 0x52, 0xD4, 0xCC, 0xAA, 0x39, 0x23, 0x37, 0x95,
    0xEF, 0x1C, 0x1D, 0xEF, 0x29, 0x6A, 0x42, 0x11, 0x69, 0x0C, 0x55, 0x4A, 0xD0, 0x9D, 0x1C, 0x8E,
    0x39, 0xE4, 0x32, 0x4A, 0x0C, 0x65, 0x86, 0x4A, 0xA1, 0x27, 0x1B, 0xA1, 0xF7, 0xD6, 0x42, 0x60,
    0x48, 0x34, 0xD9, 0x03, 0xBD, 0xA1, 0xF5, 0xDE, 0x2E, 0xDA, 0xBA, 0xA3, 0x37, 0xC7, 0x6A, 0x8A,
    0xF7, 0xB8, 0xA3, 0x27, 0x3A, 0x8E, 0x18, 0x42, 0x69, 0x17, 0xD3, 0xD4, 0xCB, 0x6E, 0x41, 0xED,
    0x2E, 0x37, 0xC9, 0x20, 0xB5, 0xD7, 0x2A, 0x72, 0x75, 0x18, 0x4F, 0x8E, 0xDD, 0xE5, 0xD7, 0x7F,
    0xD4, 0x51, 0x66, 0x89, 0xE0, 0xF9, 0x82, 0x48, 0x05, 0xDD, 0xC2, 0x7A, 0x23, 0xE6, 0x99, 0x36,
    0x35, 0xF6, 0xCC, 0x36, 0xED, 0x99, 0xE2, 0x9C, 0x87, 0xF4, 0x1F, 0xD0, 0x8A, 0x36, 0x79, 0x59,
    0x4F, 0xE4, 0x9F, 0x18, 0x43, 0xBA, 0x9E, 0x6F, 0x59, 0x5C, 0xAC, 0x80, 0xCE, 0x8D, 0xCE, 0x52,
    0x27, 0x45, 0xCA, 0x06, 0x97, 0x88, 0xD9, 0x7B, 0x52, 0x88, 0x6C, 0x93, 0xC3, 0x10, 0x9B, 0xBB,
    0x2E, 0x2D, 0x39, 0x34, 0xF4, 0x9F, 0x54, 0x70, 0xF9, 0x49, 0x58, 0x5D, 0x86, 0x48, 0x1A, 0x80,
    0x2B, 0xC1, 0x5C, 0xBE, 0x57, 0x13, 0xDE, 0x9C, 0x08, 0x11, 0x74, 0x84, 0x03, 0xA2, 0xBB, 0xE0,
    0xF9, 0xC0, 0xBD, 0x25, 0xBC, 0x71, 0xC9, 0x2A, 0x2A, 0x8F, 0x63, 0xC9, 0x18, 0xCD, 0x3D, 0xA2,
    0xC1, 0xF3, 0xCB, 0x2A, 0xB2, 0xFA, 0xEC, 0xDC, 0xC7, 0x28, 0xF1, 0x1F, 0x03, 0x7F, 0x84, 0x7C,
    0xFA, 0x11, 0xF0, 0x87, 0x7E, 0xBD, 0xF8, 0x03, 0x70, 0x8F, 0x4E, 0xF1, 0x1D, 0xE2, 0xBA, 0x5F,
    0x7E, 0x8F, 0x38, 0x1F, 0xB2, 0x84, 0x78, 0x35, 0xDE, 0x16, 0x5E, 0xFA, 0xD3, 0x80, 0x07, 0x61,
    0x34, 0x37, 0xC2, 0x68, 0x04, 0x84, 0x63, 0x5A, 0xD9, 0x31, 0xF5, 0xA2, 0x1B, 0x40, 0xA2, 0x52,
    0x30, 0x21, 0x5B, 0x37, 0x39, 0xF8, 0x42, 0x9E, 0xE6, 0xB6, 0xB3, 0xF1, 0x20, 0x98, 0x0A, 0xA5,
    0xAA, 0x0A, 0x48, 0x36, 0x3D, 0x74, 0x9E, 0xF6, 0x3A, 0x74, 0x7E, 0x57, 0xC8, 0x0A, 0xD1, 0x8C,
    0x9E, 0xF7, 0x80, 0x50, 0xD8, 0x3A, 0x30, 0x3A, 0xE4, 0x8E, 0x9C, 0x59, 0x28, 0x69, 0xB2, 0xEA,
    0x7A, 0xE8, 0x07, 0x71, 0xAD, 0x46, 0x53, 0x85, 0x6F, 0xA5, 0xFC, 0x8C, 0xCC, 0xB9, 0x2B, 0xA3,
    0xBD, 0xBA, 0x43, 0x95, 0xCB, 0x4F, 0x42, 0xFB, 0xD5, 0x56, 0xDA, 0x53, 0xB6, 0x03, 0x77, 0xDB,
    0xA8, 0xDA, 0x76, 0x73, 0xE1, 0xCB, 0x58, 0xB2, 0x2D, 0x63, 0xEF, 0xD5, 0x51, 0x18, 0x29, 0xA0,
    0x98, 0x87, 0x5D, 0xCF, 0xDD, 0x97, 0xFB, 0x37, 0xA0, 0xB0, 0xB5, 0xB9, 0x34, 0xD5, 0x92, 0x8B,
    0xBB, 0x90, 0x15, 0xF8, 0xDA, 0x7F, 0x47, 0xD5, 0x16, 0x63, 0x36, 0x9A, 0x75, 0xFF, 0x3A, 0x6B,
    0xF1, 0x26, 0xB2, 0x60, 0x27, 0xC4, 0x53, 0x1A, 0xB3, 0xF2, 0x0D, 0x55, 0x9C, 0x0F, 0x33, 0x6C,
    0xF6, 0x60, 0x7B, 0x08, 0x37, 0xF3, 0x53, 0xB6, 0xC3, 0x46, 0xE3, 0x01, 0x76, 0x46, 0xEB, 0x89,
    0x09, 0x1E, 0x6D, 0xE7, 0x6F, 0x55, 0xBE, 0x1A, 0x70, 0xB7, 0x71, 0xF5, 0x2A, 0xD8, 0x2A, 0xE2,
    0xD6, 0xD6, 0xF5, 0x35, 0x33, 0x34, 0x53, 0xAE, 0xD4, 0x85, 0xFC, 0xCD, 0x57, 0x30, 0x04, 0x42,
    0x76, 0x74, 0xF5, 0x9A, 0xE5, 0xAF, 0x65, 0xF9, 0xAB, 0x60, 0x9F, 0x57, 0xAC, 0xCA, 0xD5, 0xD7,
    0x81, 0xC3, 0xF2, 0xC7, 0xC6, 0x38, 0x81, 0x6B, 0x9F, 0xD7, 0x8D, 0x5D, 0xD2, 0xAC, 0x54, 0x8E,
    0xEE, 0xEC, 0x8F, 0xC0, 0xC1, 0x64, 0xAE, 0xBC, 0xEB, 0x9F, 0x96, 0xEE, 0x14, 0x42, 0x66, 0x82,
    0x4B, 0x83, 0xC5, 0x6B, 0x80, 0x37, 0xDD, 0x73, 0x8E, 0xF3, 0x7C, 0x68, 0x87, 0xED, 0xCC, 0x41,
    0x0A, 0x1D, 0x76, 0x6E, 0xBD, 0x10, 0x52, 0x09, 0xE7, 0x3B, 0xC2, 0x25, 0xB5, 0x5B, 0xB1, 0x10,
    0xE6, 0x9A, 0x86, 0xCE, 0x94, 0x41, 0x1F, 0xAB, 0x87, 0x66, 0xEF, 0xBC, 0x41, 0x70, 0xE2, 0x5C,
    0x31, 0x36, 0x42, 0xBD, 0x5C, 0xB3, 0xBA, 0x71, 0x98, 0x4F, 0x3D, 0x07, 0xFD, 0x85, 0x7F, 0xA3,
    0x60, 0xDB, 0xF3, 0x47, 0x71, 0xD4, 0x20, 0x66, 0xD1, 0x5A, 0xAA, 0xD7, 0xC8, 0xD5, 0x6B, 0xAC,
    0x3A, 0xDD, 0x0B, 0x08, 0xA6, 0xED, 0xEE, 0x62, 0x60, 0x69, 0x3D, 0xA8, 0x2A, 0xC5, 0x24, 0x61,
    0x07, 0xC1, 0xCD, 0x56, 0x70, 0x67, 0xE6, 0x79, 0xC5, 0xA4, 0xFE, 0xE1, 0xA3, 0x2A, 0x0C, 0x4D,
    0x4D, 0x98, 0xF6, 0x0E, 0x2F, 0xC5, 0xE2, 0x4F, 0xC1, 0x5F, 0xF4, 0xBF, 0x77, 0xA1, 0x37, 0x08,
    0x2E, 0xE0, 0x35, 0xD1, 0x3C, 0x81, 0xEF, 0x70, 0x76, 0xC3, 0x3A, 0x4C, 0x5B, 0xEC, 0x05, 0x1A,
    0x1A, 0x1D, 0x59, 0xB9, 0xC9, 0xD0, 0xEC, 0x6F, 0x80, 0x19, 0xC6, 0x3D, 0x31, 0x42, 0xB8, 0x7B,
    0x3E, 0x9E, 0xD7, 0xCD, 0xCF, 0xCD, 0xFB, 0x2C, 0xC3, 0xBE, 0x49, 0xE0, 0x13, 0x83, 0xEF, 0x3B,
    0x94, 0xAC, 0x0C, 0x23, 0xEC, 0xCD, 0x20, 0x17, 0x56, 0xB4, 0x9F, 0xE9, 0x3C, 0x33, 0x4E, 0xEC,
    0x31, 0x1E, 0xE8, 0x00, 0x07, 0x3F, 0xFB, 0x9D, 0x1F, 0x0C, 0xC6, 0xD0, 0x2F, 0x32, 0x08, 0xEA,
    0x13, 0xEB, 0xC5, 0x18, 0x69, 0xC2, 0x59, 0x74, 0x54, 0xC1, 0xBB, 0xEA, 0x60, 0xE5, 0x1F, 0xB5,
    0xAC, 0xA8, 0x9E, 0x09, 0x4F, 0x9B, 0xB7, 0xD0, 0xD2, 0xFF, 0x20, 0x97, 0xB4, 0xA5, 0xAF, 0xAF,
    0x2A, 0xFE, 0x5C, 0x6A, 0x08, 0xE5, 0x0D, 0x01, 0x53, 0xF7, 0xD2, 0x77, 0xB5, 0xEF, 0x70, 0x04,
    0x83, 0xBB, 0x8C, 0x1D, 0x92, 0xC3, 0x4A, 0xA9, 0x49, 0x19, 0xE3, 0x65, 0xA4, 0x26, 0xE4, 0xC0,
    0xA7, 0x21, 0x23, 0x16, 0x01, 0xD9, 0x4D, 0x96, 0x85, 0x40, 0x6E, 0x68, 0x65, 0x68, 0x79, 0x15,
    0x4A, 0x8A, 0x79, 0x44, 0x87, 0xFA, 0x26, 0x83, 0x09, 0xAB, 0x15, 0xC7, 0x92, 0xE7, 0xBC, 0xE3,
    0x00, 0xD7, 0x9A, 0x5E, 0xA6, 0xB7, 0x00, 0xCB, 0x70, 0x55, 0x64, 0xB7, 0xBE, 0x8B, 0x6B, 0x60,
    0x1A, 0xBC, 0x72, 0xDA, 0xC2, 0xAD, 0x0E, 0x4B, 0xF6, 0xF4, 0xC3, 0x96, 0x88, 0x59, 0x3C, 0x1B,
    0xEB, 0x2D, 0xD0, 0x3E, 0x72, 0x06, 0x7F, 0x89, 0xC4, 0x96, 0x29, 0xB4, 0x7C, 0xCF, 0xBF, 0x79,
    0x7F, 0x56, 0xB0, 0x24, 0x0C, 0xC4, 0x7F, 0x8F, 0xF0, 0x27, 0xD7, 0x0A, 0x9F, 0xCE, 0x44, 0xB4,
    0x3D, 0xCE, 0x96, 0x78, 0x3C, 0x13, 0xA7, 0x33, 0xF1, 0xCD, 0x99, 0xF8, 0xDA, 0x5E, 0x86, 0x0F,
    0xC5, 0x99, 0xE8, 0x9E, 0x82, 0xFA, 0xD4, 0x4C, 0x7D, 0x88, 0x5E, 0x0B, 0x09, 0x6C, 0xE1, 0x9F,
    0x1E, 0x87, 0x96, 0xB0, 0x32, 0xD4, 0xCB, 0x37, 0x4A, 0x5D, 0x4C, 0xA8, 0xFB, 0x5B, 0x28, 0xB5,
    0x10, 0xA5, 0x07, 0x28, 0x7C, 0xC9, 0xF9, 0x22, 0xF1, 0x4F, 0xD5, 0x81, 0x5A, 0x36, 0x39, 0xB8,
    0x1E, 0x93, 0x34, 0x15, 0x81, 0x95, 0x84, 0xD2, 0x62, 0xD2, 0x6A, 0x62, 0x18, 0x60, 0x1B, 0x1B,
    0x67, 0xAF, 0x23, 0xCE, 0x8F, 0x03, 0xE1, 0xE7, 0xB8, 0x93, 0x49, 0x1B, 0x6B, 0x76, 0x03, 0x91,
    0xA2, 0xFC, 0x37, 0xA6, 0xF3, 0x9F, 0x5C, 0x47, 0x24, 0x5A, 0xA3, 0xE6, 0x38, 0x44, 0x6C, 0x39,
    0x59, 0x3B, 0x61, 0x73, 0x39, 0x89, 0x89, 0x9E, 0xB5, 0x2F, 0x79, 0xA8, 0x64, 0x71, 0xB8, 0x90,
    0x53, 0x9A, 0xBC, 0x02, 0x9E, 0x1F, 0xBB, 0xF9, 0xD2, 0xC1, 0xEC, 0x69, 0x37, 0x56, 0x76, 0x47,
    0x35, 0x5F, 0x28, 0xEC, 0xC3, 0xED, 0x1D, 0x9A, 0xC4, 0x30, 0x19, 0x4C, 0x00, 0x9B, 0xC3, 0x12,
    0xBB, 0x51, 0xE4, 0x97, 0x6D, 0xC6, 0x1E, 0x95, 0xCD, 0x1A, 0x3A, 0x9B, 0x22, 0x2B, 0x64, 0xBB,
    0x7D, 0xD0, 0xD2, 0xF2, 0x01, 0x98, 0xAE, 0xE6, 0x5F, 0xBF, 0xCE, 0x59, 0xAF, 0x66, 0x9F, 0xE8,
    0x8B, 0x14, 0x63, 0x63, 0x83, 0xFE, 0x22, 0xA7, 0x95, 0x52, 0x63, 0x14, 0x12, 0x0E, 0x6F, 0x8F,
    0x38, 0x22, 0x94, 0x36, 0xB0, 0xC4, 0xB4, 0x20, 0x4E, 0x9C, 0x82, 0xD2, 0xAD, 0xDE, 0x60, 0xDD,
    0x69, 0xDE, 0xB3, 0xDD, 0xC4, 0x58, 0xA4, 0x5B, 0x4E, 0x8C, 0x1D, 0xBA, 0x60, 0xD3, 0x10, 0xC2,
    0x4B, 0xA4, 0xF3, 0x80, 0xFD, 0x25, 0xDC, 0x5E, 0xC6, 0xF3, 0x73, 0x1C, 0xEE, 0xB9, 0x0F, 0xFE,
    0x28, 0xBB, 0x99, 0x4F, 0xE0, 0x5B, 0xCD, 0x72, 0x68, 0x74, 0xE1, 0x75, 0x25, 0x5F, 0x27, 0x5B,
    0xB7, 0xBA, 0x35, 0x5F, 0xC5, 0x32, 0xC1, 0x9F, 0x3F, 0x60, 0x4D, 0x28, 0xD8, 0xC0, 0x7A, 0x77,
    0x25, 0x4C, 0x7C, 0x05, 0x18, 0xFB, 0x0B, 0x7A, 0x76, 0xE9, 0x6D, 0xF8, 0x20, 0xCC, 0x37, 0x2B,
    0x5E, 0x5C, 0xF1, 0xDE, 0x01, 0x4D, 0x88, 0xD6, 0x34, 0xDB, 0xF5, 0x99, 0x2E, 0x07, 0x38, 0x47,
    0xA0, 0xC2, 0x3C, 0x24, 0x8C, 0x1E, 0x71, 0x12, 0x95, 0x33, 0xAC, 0xD8, 0x34, 0xA4, 0xA3, 0xDC,
    0x62, 0x7B, 0xBF, 0x15, 0x6D, 0xAF, 0x9A, 0x5E, 0xF2, 0xFD, 0xC6, 0xE7, 0x9D, 0x9B, 0x22, 0xDE,
    0xD5, 0x2E, 0xE8, 0x52, 0xDF, 0x65, 0xDA, 0x89, 0x11, 0x86, 0x3F, 0x70, 0xDF, 0x3F, 0x18, 0xBB,
    0x5E, 0xA6, 0x54, 0x5F, 0x95, 0xAE, 0x72, 0xD5, 0x98, 0x5B, 0xE1, 0xF6, 0x5E, 0x6D, 0x83, 0x60,
    0xEE, 0x6D, 0xF2, 0xB3, 0x69, 0x66, 0xF7, 0x3D, 0x20, 0xDD, 0xD2, 0xFF, 0x49, 0x51, 0xF4, 0x1E,
    0xA3, 0xD1, 0xFE, 0x33, 0x44, 0x33, 0x00, 0x76, 0xB1, 0xE6, 0xEB, 0x30, 0x28, 0xFD, 0xAB, 0xEF,
    0x85, 0x26, 0x77, 0x70, 0x2F, 0x66, 0xB8, 0x27, 0xC0, 0xEE, 0x5F, 0x09, 0x71, 0x28, 0x96, 0x95,
    0x8A, 0xA5, 0x6A, 0xF3, 0xB8, 0x3B, 0xC7, 0xCF, 0x74, 0x6B, 0xFC, 0xA8, 0x60, 0x53, 0x33, 0x3B,
    0x44, 0xA9, 0x3B, 0x56, 0x66, 0x8C, 0xCD, 0x81, 0x3B, 0xBC, 0xBC, 0x0B, 0xC0, 0xFD, 0xC9, 0xA2,
    0x99, 0x27, 0x8B, 0x92, 0xAE, 0x9D, 0x6B, 0xB2, 0x28, 0xCA, 0xAD, 0x25, 0xEB, 0x7E, 0xFE, 0x87,
    0x80, 0x81, 0xCD, 0xB5, 0x93, 0x45, 0x71, 0xCD, 0x64, 0x71, 0xE3, 0x84, 0x4D, 0x5C, 0xBB, 0x9C,
    0xEA, 0x3E, 0x5F, 0xA7, 0x43, 0xD9, 0x2C, 0xF0, 0x89, 0xFB, 0xBA, 0x8D, 0x8A, 0xFA, 0x82, 0x72,
    0xAD, 0x69, 0xE2, 0x62, 0x69, 0x37, 0xCE, 0x1B, 0x73, 0x8E, 0x7A, 0xFA, 0x1C, 0xB4, 0x79, 0x06,
    0xBD, 0x22, 0xCD, 0x4C, 0xDE, 0x2D, 0xC6, 0xBA, 0x4D, 0xD9, 0x31, 0xC2, 0x8D, 0xB0, 0x3B, 0xD3,
    0xDF, 0x59, 0xA1, 0xD3, 0xC5, 0x9A, 0x85, 0xD7, 0xD6, 0x95, 0x7F, 0xE9, 0xF2, 0xBD, 0x4E, 0xAB,
    0x4F, 0x1C, 0xC6, 0x66, 0xF7, 0x82, 0x1F, 0xDB, 0xBF, 0x53, 0x9A, 0xE7, 0xE7, 0x9F, 0xDD, 0x59,
    0xBF, 0x93, 0xE4, 0x56, 0x11, 0x7E, 0x1A, 0x71, 0x3B, 0x05, 0x2A, 0x4A, 0x0E, 0x7C, 0x50, 0xC5,
    0x06, 0xCA, 0x8F, 0x40, 0x29, 0xD1, 0x3D, 0x15, 0x0E, 0x9C, 0x6E, 0xC0, 0x9A, 0x2A, 0x1C, 0x5C,
    0x42, 0x64, 0x07, 0xFB, 0x0F, 0x70, 0x27, 0x61, 0x07, 0x04, 0x0E, 0xB8, 0x80, 0x2A, 0x87, 0x24,
    0x0E, 0xCC, 0x12, 0x6C, 0x4C, 0x71, 0x67, 0xC9, 0xDE, 0xC0, 0x81, 0x03, 0xCB, 0x76, 0x19, 0x07,
    0x0E, 0x2C, 0x53, 0x77, 0x50, 0x05, 0xC1, 0x0A, 0x5B, 0x60, 0xDD, 0x59, 0xA3, 0xE6, 0xFB, 0xBA,
    0x9F, 0x66, 0x66, 0x7D, 0x06, 0x7C, 0xAE, 0xA2, 0x8A, 0x62, 0x76, 0xE7, 0x75, 0xCF, 0x48, 0x7A,
    0xAF, 0xBB, 0x5F, 0xFF, 0xF8, 0xFA, 0x4D, 0x56, 0xDD, 0x75, 0xFE, 0x63, 0x29, 0xCA, 0x4F, 0xA4,
    0xC2, 0xBB, 0xF0, 0xEF, 0x88, 0x3B, 0x28, 0x9E, 0x74, 0xFB, 0xAF, 0x52, 0x5A, 0x7D, 0xAF, 0xF0,
    0x8E, 0xF0, 0x76, 0x8F, 0xF9, 0x8E, 0xF4, 0xD9, 0x1E, 0x73, 0x60, 0x0D, 0xBC, 0x5D, 0x76, 0xDB,
    0x95, 0x83, 0xAB, 0x47, 0xFE, 0xFB, 0x1E, 0xEB, 0x6D, 0x97, 0xCA, 0x64, 0xC0, 0xBF, 0xAB, 0x07,
    0xDE, 0xE0, 0x1F, 0xFF, 0x1F, 0x4F, 0x95, 0xBD, 0xAB, 0x7B, 0x27, 0xDD, 0x4A, 0x9A, 0x1B, 0x52,
    0xC8, 0xC6, 0xC9, 0xED, 0xED, 0xF4, 0xB1, 0xE0, 0x35, 0x38, 0x48, 0x63, 0xD4, 0xA5, 0xEF, 0xDF,
    0x10, 0x5E, 0x48, 0x9B, 0x6C, 0x43, 0x9A, 0x04, 0x9A, 0x3E, 0x4A, 0xE7, 0x63, 0xD2, 0x2A, 0x13,
    0x4C, 0x69, 0x14, 0x9A, 0x80, 0x6E, 0x56, 0xD2, 0xB9, 0xAC, 0xC0, 0x7D, 0x58, 0x36, 0x27, 0xA5,
    0xE8, 0x0E, 0xD4, 0x43, 0x41, 0xA3, 0x07, 0xB3, 0xD3, 0xEF, 0xF1, 0x28, 0xA8, 0xF4, 0x32, 0x39,
    0x3F, 0x3F, 0x2B, 0xAD, 0x0C, 0x2A, 0x51, 0x51, 0xB6, 0xA4, 0xF7, 0xDC, 0x15, 0xF7, 0x85, 0x57,
    0x29, 0xB3, 0x17, 0x31, 0x26, 0x57, 0x06, 0x86, 0x8C, 0xB1, 0xA0, 0xA3, 0x55, 0xA1, 0x22, 0x6F,
    0xFA, 0x4A, 0x0C, 0x5F, 0x73, 0x11, 0x18, 0xEA, 0x2E, 0xF7, 0x9F, 0x91, 0xF7, 0xEB, 0x4D, 0xB8,
    0x27, 0x95, 0xC0, 0x24, 0x0B, 0xB3, 0x96, 0xE2, 0x0B, 0x0C, 0x2E, 0x45, 0xCB, 0xCD, 0x2A, 0x06,
    0x1F, 0x37, 0x09, 0x31, 0xA1, 0x31, 0x58, 0xE2, 0xDA, 0x69, 0xB5, 0x78, 0x0D, 0x5E, 0x87, 0x46,
    0x22, 0x23, 0xCE, 0x48, 0xA9, 0x46, 0x5C, 0xC8, 0x77, 0xE4, 0xFE, 0x8F, 0x76, 0xD7, 0x40, 0xAE,
    0xD2, 0x21, 0xE4, 0x5D, 0x19, 0x49, 0x3E, 0x54, 0xB5, 0x45, 0x6A, 0x98, 0xDB, 0xC9, 0xB8, 0xA6,
    0x3E, 0xD2, 0xAB, 0x5A, 0xD2, 0x99, 0x3B, 0x06, 0xD2, 0x7E, 0x2D, 0x12, 0x19, 0x81, 0x42, 0x91,
    0xF9, 0xE8, 0xCF, 0xB1, 0x60, 0x20, 0x78, 0x5D, 0x7B, 0x55, 0x05, 0x1E, 0xB7, 0x02, 0xAE, 0x84,
    0xD2, 0xAD, 0x27, 0x75, 0x0B, 0x6E, 0xC4, 0x23, 0xBB, 0xA6, 0x7B, 0x35, 0xEA, 0x38, 0xD0, 0x4E,
    0x33, 0xD7, 0x88, 0x47, 0x3E, 0x9F, 0x74, 0x1C, 0x33, 0x6A, 0xD2, 0xDE, 0xD2, 0x19, 0x39, 0x8F,
    0xFC, 0x79, 0xB6, 0x2D, 0xB2, 0xFD, 0x69, 0x54, 0x79, 0xBD, 0x13, 0x12, 0x61, 0xAC, 0x27, 0x8E,
    0x5E, 0xF7, 0x2A, 0xD3, 0x4D, 0x48, 0xA5, 0x32, 0x47, 0xC0, 0x2A, 0x91, 0x4C, 0x18, 0x5D, 0xBE,
    0x71, 0xDF, 0x3A, 0xD5, 0xF5, 0x13, 0x15, 0xDC, 0x85, 0x9D, 0x77, 0xA5, 0x0A, 0xE9, 0xD2, 0xC1,
    0xBE, 0x9D, 0x4C, 0xC8, 0x27, 0xDD, 0x97, 0xF8, 0x5A, 0x8A, 0xC5, 0x8D, 0x54, 0xC1, 0x1E, 0x34,
    0x8D, 0x89, 0x72, 0x99, 0xAC, 0x8D, 0x64, 0x46, 0x4A, 0x25, 0xEF, 0x8E, 0x4A, 0x3E, 0xEC, 0x94,
    0x48, 0xA5, 0x64, 0xB6, 0x07, 0x06, 0x23, 0xDD, 0xDE, 0x2C, 0x3A, 0x75, 0x4F, 0xC3, 0xAF, 0xCC,
    0x7D, 0x76, 0xAB, 0x37, 0x2E, 0xAA, 0x56, 0x30, 0x46, 0xDA, 0xC6, 0x90, 0x3A, 0xEF, 0x62, 0x08,
    0x9D, 0xF5, 0x09, 0xC6, 0x54, 0x90, 0x1B, 0xF0, 0x28, 0x9D, 0xC1, 0x45, 0xC5, 0x65, 0x0D, 0xE0,
    0x4E, 0x6B, 0x19, 0x6D, 0x4C, 0x31, 0xBB, 0xAF, 0x62, 0x4C, 0xE5, 0x35, 0x71, 0xDD, 0xD2, 0xD5,
    0xEF, 0xD0, 0x77, 0xDC, 0xC4, 0x0D, 0x8D, 0x30, 0x8F, 0x9F, 0x56, 0x30, 0x70, 0xB6, 0x89, 0x21,
    0x54, 0x3A, 0xAF, 0x1B, 0xDA, 0x2E, 0x6D, 0x98, 0x27, 0x7E, 0x59, 0xD0, 0x80, 0x1F, 0xA9, 0xE7,
    0xCE, 0x3A, 0xB7, 0xE6, 0x81, 0x52, 0xAD, 0xE7, 0xD5, 0x1B, 0xF2, 0x5E, 0xCD, 0xAA, 0x63, 0xD2,
    0x5A, 0xF6, 0xD0, 0x6F, 0xD4, 0xFD, 0xBD, 0x7A, 0xFD, 0xAC, 0x49, 0x67, 0xD2, 0x71, 0xD4, 0x51,
    0x6F, 0xB7, 0x9D, 0x79, 0xF2, 0xD1, 0x40, 0x0F, 0x61, 0x1E, 0x82, 0x7C, 0x09, 0xF1, 0xFF, 0x02,
    0x09, 0x53, 0xAF, 0x98, 0x05, 0x3A, 0xBA, 0xBB, 0x98, 0xD7, 0x4B, 0xC8, 0x36, 0x6A, 0xD9, 0xD4,
    0x7C, 0x65, 0x6D, 0x9E, 0x13, 0xF7, 0xFB, 0x64, 0x65, 0x5E, 0x15, 0xB5, 0x7B, 0x4A, 0x14, 0x1A,
    0x1C, 0xD8, 0x20, 0xEC, 0x54, 0x8E, 0xD9, 0x61, 0x2D, 0xA4, 0x8A, 0x1A, 0x3A, 0xC3, 0x77, 0x33,
    0x29, 0x7E, 0x8F, 0x7D, 0xCE, 0x67, 0xDC, 0x54, 0x39, 0xD1, 0x4B, 0xAE, 0x5E, 0x6E, 0x72, 0xBE,
    0xE1, 0x4D, 0x09, 0x2E, 0x81, 0xCB, 0xC5, 0x31, 0xCE, 0x7D, 0xC5, 0x4B, 0xF1, 0xC2, 0x15, 0xDC,
    0x47, 0x5F, 0xF0, 0xA6, 0x08, 0x42, 0x7B, 0xA7, 0x97, 0x18, 0xB4, 0xCA, 0xB1, 0xC4, 0xBC, 0xC6,
    0x5D, 0x43, 0x32, 0x1D, 0xB8, 0xC7, 0xB8, 0x09, 0x8E, 0x10, 0x69, 0x84, 0xF5, 0xA9, 0x4C, 0xAB,
    0x41, 0xB9, 0xEC, 0x6C, 0x52, 0x1D, 0xEA, 0xC1, 0x67, 0x1B, 0xDD, 0xB8, 0x72, 0xBC, 0x95, 0xCE,
    0xDC, 0x77, 0x38, 0xC4, 0x94, 0x4A, 0x4E, 0xE5, 0xF3, 0xCD, 0x98, 0x48, 0x69, 0x35, 0xA9, 0x5F,
    0x8B, 0x85, 0x3B, 0xB7, 0x65, 0x34, 0xAE, 0x0D, 0x5B, 0x99, 0x70, 0x61, 0x35, 0x02, 0xF2, 0x64,
    0x64, 0x1B, 0xBB, 0x66, 0x8C, 0x92, 0xD1, 0xB4, 0xE6, 0x8E, 0xB2, 0x99, 0xA6, 0x8C, 0x37, 0x48,
    0x61, 0xEB, 0xD9, 0xC5, 0xF3, 0xF3, 0x7C, 0x1A, 0x82, 0x6A, 0x1E, 0x83, 0xC1, 0x50, 0x39, 0x22,
    0x28, 0x5E, 0xD2, 0xB1, 0x68, 0x36, 0x97, 0x4F, 0xAE, 0xA6, 0xCB, 0x66, 0x13, 0xA3, 0xF7, 0xAE,
    0x4B, 0x37, 0xAC, 0x93, 0x93, 0x4B, 0x10, 0xE6, 0x83, 0x1B, 0xB9, 0x80, 0xA7, 0x03, 0xC7, 0x52,
    0xD4, 0x54, 0x66, 0x85, 0x6C, 0x35, 0xC5, 0xCC, 0x65, 0xE7, 0x7F, 0xDD, 0xD0, 0x0B, 0xE5, 0xAD,
    0x73, 0xC9, 0xA8, 0xED, 0x45, 0x2C, 0xD7, 0xA9, 0xEB, 0xBC, 0x52, 0x15, 0xCA, 0x29, 0x52, 0xB1,
    0x31, 0x9B, 0x0A, 0xED, 0x11, 0x82, 0x96, 0x74, 0x2A, 0xB7, 0xE4, 0x1E, 0xCC, 0x3E, 0x58, 0xFE,
    0xE8, 0x8C, 0xB4, 0x96, 0xAA, 0xE9, 0x19, 0x0B, 0x79, 0x59, 0xFE, 0x54, 0x17, 0xEE, 0x26, 0xAE,
    0x65, 0x85, 0xFB, 0x19, 0x48, 0x5A, 0xB8, 0x9F, 0x82, 0x1C, 0x6C, 0x1F, 0x60, 0x8D, 0x7D, 0x58,
    0x58, 0xA9, 0x1D, 0x49, 0xEE, 0xD7, 0xA2, 0xD7, 0x12, 0x75, 0xBB, 0x96, 0xFE, 0xBD, 0xA2, 0x13,
    0x52, 0xFA, 0x36, 0xFA, 0x32, 0x12, 0xAE, 0xC5, 0x06, 0x3D, 0xE8, 0x10, 0xC8, 0x3A, 0x27, 0x62,
    0x35, 0x6C, 0x54, 0xB2, 0x2D, 0x37, 0x56, 0x6D, 0xBE, 0x1F, 0x32, 0x74, 0xBB, 0xAD, 0x38, 0xFF,
    0x6A, 0xBC, 0xAA, 0x35, 0xA7, 0xD6, 0x02, 0xF4, 0xBC, 0x3C, 0x7C, 0xF5, 0x3F, 0xDD, 0x1F, 0xC9,
    0xFD, 0x63, 0xCD, 0x3B, 0x58, 0x38, 0x92, 0x87, 0xC2, 0xBD, 0xA6, 0x48, 0x1A, 0x47, 0xAD, 0xD6,
    0x90, 0x6E, 0x6F, 0xE4, 0x3F, 0x5C, 0x12, 0x4A, 0xC2, 0xED, 0x69, 0xB4, 0x8D, 0x9A, 0xEE, 0xF6,
    0x5E, 0xB0, 0xD4, 0x4C, 0xF7, 0x07, 0x34, 0xBC, 0x5A, 0xBF, 0xE4, 0xCC, 0xB4, 0x3C, 0x2C, 0x55,
    0xCE, 0x9A, 0xBC, 0xD3, 0xD9, 0x69, 0xC9, 0x6D, 0xE8, 0x0F, 0xB1, 0x71, 0x25, 0x6F, 0x50, 0x8E,
    0xC6, 0x99, 0xC8, 0x31, 0x16, 0x10, 0x7A, 0xD1, 0xD6, 0x11, 0x23, 0x2E, 0xDC, 0x3C, 0xC2, 0xAD,
    0x17, 0x4E, 0x5F, 0xFD, 0x65, 0xAE, 0x5D, 0x7F, 0xC9, 0x13, 0xFB, 0xDC, 0x32, 0xF3, 0x6E, 0x8D,
    0xC8, 0xFC, 0x23, 0xC8, 0x12, 0x38, 0x20, 0x3A, 0x17, 0x2B, 0xC7, 0x72, 0x95, 0x9A, 0x1E, 0x50,
    0xAF, 0x76, 0xDC, 0xF0, 0x58, 0xE6, 0xB3, 0x8D, 0xE9, 0x5B, 0x53, 0x5F, 0xE5, 0x12, 0x73, 0x3E,
    0xBE, 0xAE, 0x1E, 0x05, 0xE6, 0x27, 0xBF, 0xA2, 0x41, 0xF4, 0x12, 0xA9, 0x9F, 0x19, 0x79, 0x44,
    0x75, 0x70, 0x7B, 0xCD, 0x5C, 0xD9, 0xA8, 0x52, 0x15, 0x4A, 0x11, 0x0E, 0x29, 0xEC, 0x4E, 0x80,
    0xF2, 0x4D, 0x67, 0x54, 0x77, 0xEC, 0x86, 0x1C, 0x1F, 0x05, 0x2D, 0x07, 0xEE, 0xDA, 0x99, 0x9C,
    0xBE, 0xC2, 0xEB, 0xA9, 0x5D, 0x5F, 0xEE, 0xDB, 0x52, 0x22, 0x9D, 0x45, 0xEF, 0x1F, 0xD8, 0x6E,
    0x3A, 0x00, 0x0E, 0xAC, 0x3B, 0x9F, 0x0C, 0x94, 0x03, 0xB9, 0xB9, 0x23, 0x3D, 0x50, 0x28, 0xC5,
    0xD2, 0xAF, 0xA4, 0xEE, 0x42, 0xFD, 0xB1, 0xD4, 0x18, 0x59, 0x8E, 0x08, 0x89, 0x1F, 0xF1, 0x74,
    0xB1, 0xB1, 0xBA, 0xFC, 0xF6, 0x6C, 0x95, 0xF8, 0x2D, 0x2B, 0xD0, 0xD9, 0xD3, 0x96, 0x66, 0x7D,
    0xB0, 0xF3, 0xAD, 0x50, 0xB1, 0xEF, 0x3A, 0xB3, 0xEC, 0x64, 0x13, 0x46, 0x01, 0xAB, 0x12, 0x22,
    0x6A, 0x25, 0xF9, 0x74, 0xF6, 0xA4, 0xC9, 0x7B, 0x73, 0xC6, 0x09, 0xD3, 0xF3, 0x59, 0x15, 0xCA,
    0x5E, 0x9C, 0x13, 0x4E, 0xE8, 0xE3, 0x79, 0x4D, 0x8B, 0x82, 0xEA, 0xC4, 0x77, 0xE3, 0x59, 0x37,
    0x6D, 0x02, 0x10, 0x61, 0x45, 0x0F, 0x34, 0x1E, 0x41, 0xB1, 0x5D, 0x89, 0x7E, 0xC6, 0xBF, 0x3C,
    0x85, 0xE7, 0xA5, 0x5B, 0xE8, 0xD6, 0x51, 0x73, 0xD3, 0xC2, 0xCF, 0xA1, 0x50, 0x29, 0xF9, 0x5C,
    0x45, 0x8F, 0xFE, 0xA1, 0x12, 0xC7, 0x7F, 0x53, 0xA7, 0x88, 0x15, 0xAE, 0xA0, 0x0A, 0x96, 0x06,
    0xAD, 0x15, 0x34, 0xE5, 0x26, 0xB4, 0x97, 0x0B, 0x3E, 0x7F, 0xB3, 0x54, 0xDD, 0xA7, 0xF2, 0x1C,
    0x12, 0x46, 0x03, 0x08, 0x92, 0x41, 0x5F, 0xBE, 0x8E, 0xE7, 0xE3, 0xAE, 0x6C, 0xF0, 0x7C, 0xD2,
    0x96, 0x0D, 0x2A, 0x48, 0xC6, 0x4F, 0x70, 0x95, 0xA9, 0x7C, 0x13, 0x49, 0x29, 0x10, 0x0D, 0x19,
    0x97, 0x8F, 0x6E, 0xC9, 0x58, 0xF4, 0xB1, 0x90, 0xAE, 0xCA, 0x79, 0x0B, 0x79, 0x24, 0x6C, 0xE7,
    0x22, 0xA6, 0xB2, 0xAB, 0x4F, 0x39, 0x2A, 0x1B, 0x7F, 0xB2, 0x65, 0xD7, 0x8A, 0x55, 0x94, 0x4D,
    0x1B, 0x8B, 0x04, 0x65, 0x0D, 0x64, 0x80, 0xCD, 0x0B, 0x16, 0x7B, 0x65, 0xBD, 0xF3, 0xD3, 0x36,
    0x68, 0x98, 0x37, 0x16, 0x56, 0x2C, 0x49, 0x44, 0x93, 0xBC, 0x24, 0x76, 0xEF, 0x6A, 0x90, 0x5F,
    0x50, 0x41, 0xB0, 0x71, 0x2F, 0x2F, 0x6A, 0xBD, 0x6D, 0xB8, 0xD8, 0x0B, 0x0A, 0x38, 0x1B, 0x68,
    0x09, 0x78, 0xD4, 0x2B, 0x8B, 0x75, 0x17, 0x36, 0xAF, 0xE0, 0xEE, 0xA3, 0x45, 0x8F, 0x93, 0xCA,
    0x4F, 0x16, 0xF2, 0x60, 0x01, 0xEE, 0xA8, 0x9B, 0x90, 0x9D, 0x19, 0x4A, 0x2C, 0x1E, 0x95, 0xC7,
    0x93, 0x22, 0x39, 0x60, 0x22, 0xC0, 0xEA, 0x04, 0xD6, 0x07, 0x76, 0x0F, 0x56, 0xB0, 0xC8, 0xF6,
    0x81, 0xA1, 0xA1, 0x62, 0x4D, 0xAA, 0x93, 0x89, 0x1C, 0x5F, 0x6C, 0x4C, 0xE0, 0xF5, 0x47, 0x41,
    0xF2, 0xF4, 0x4D, 0xD1, 0x54, 0xE2, 0xB2, 0xA7, 0x82, 0xD4, 0xB9, 0xC1, 0x85, 0xFB, 0xC7, 0xE5,
    0x33, 0x0A, 0x49, 0x42, 0xCE, 0x40, 0x38, 0xFD, 0x16, 0xA0, 0x5C, 0xA5, 0x85, 0x1B, 0xE4, 0x2A,
    0x2B, 0x2C, 0x8B, 0xFE, 0x86, 0x91, 0xF4, 0xAE, 0xA4, 0x9A, 0xA6, 0xD2, 0x37, 0xC4, 0xEA, 0x62,
    0xFA, 0x82, 0xC4, 0xCC, 0x19, 0x4D, 0xFE, 0x43, 0xB1, 0x6C, 0x5E, 0xF2, 0x1B, 0x84, 0xD5, 0xB9,
    0xFC, 0x51, 0xD0, 0x4D, 0x6D, 0x19, 0xE4, 0x0B, 0xB1, 0xED, 0x35, 0x86, 0x1B, 0x22, 0x7F, 0x39,
    0x3D, 0xAD, 0x2B, 0x4A, 0x8F, 0xA1, 0x5C, 0xB2, 0xB2, 0xEA, 0x09, 0xED, 0x62, 0xAD, 0x57, 0x30,
    0x97, 0xC1, 0x30, 0xE4, 0xCD, 0xAC, 0x0A, 0x15, 0xD9, 0x2F, 0x50, 0x38, 0xD8, 0x44, 0x3E, 0x31,
    0x30, 0x03, 0x87, 0x34, 0x0F, 0x3F, 0x94, 0x10, 0xCB, 0xA1, 0xA8, 0x60, 0x89, 0x0F, 0x24, 0xD7,
    0xB8, 0x82, 0xE4, 0x9A, 0x11, 0x32, 0xE0, 0x49, 0x8D, 0xA4, 0x7C, 0x5A, 0x8B, 0xB9, 0xC2, 0x80,
    0x94, 0xC3, 0x09, 0x6A, 0x40, 0x03, 0xB5, 0x2F, 0xA1, 0x06, 0xCB, 0xB7, 0x65, 0x23, 0xCD, 0xD7,
    0x64, 0x60, 0x0D, 0x4C, 0xC1, 0xFC, 0x04, 0x9E, 0xF9, 0x0C, 0x7C, 0x05, 0xEB, 0x63, 0x29, 0x80,
    0x5E, 0xC2, 0x61, 0xAC, 0x69, 0xCD, 0x45, 0x90, 0xCA, 0x14, 0xCE, 0xB7, 0x8A, 0x1F, 0x1F, 0x97,
    0x85, 0x6A, 0x42, 0x6C, 0xA3, 0xB0, 0x6D, 0x34, 0xAD, 0xD7, 0x9D, 0x05, 0x67, 0xD6, 0x18, 0x0C,
    0x31, 0x4D, 0xBF, 0x2B, 0x9B, 0x42, 0x3F, 0x5A, 0x6B, 0x95, 0xCF, 0xF2, 0xB9, 0x9A, 0x6C, 0xA8,
    0x3F, 0xB6, 0x8E, 0xA9, 0x36, 0x74, 0xDE, 0xD6, 0x5D, 0x49, 0x47, 0x68, 0xEA, 0xCE, 0x13, 0x47,
    0x54, 0x75, 0x07, 0xA1, 0x55, 0x2B, 0xC8, 0x9C, 0xA1, 0xA9, 0x18, 0x00, 0xB8, 0x04, 0x68, 0x08,
    0xAA, 0xF7, 0x6C, 0x38, 0xA8, 0x27, 0x03, 0x70, 0x15, 0x1C, 0x80, 0x5B, 0x14, 0x07, 0xDE, 0xEA,
    0xD6, 0xC3, 0xD3, 0xD3, 0xB3, 0xDE, 0x62, 0x90, 0xA1, 0x94, 0x36, 0x21, 0x6E, 0x20, 0xB0, 0x37,
    0xA7, 0xA2, 0x3D, 0xA8, 0x87, 0xF2, 0xAC, 0x6D, 0x4B, 0x6C, 0xB1, 0x56, 0x2E, 0xD1, 0x07, 0x11,
    0xD2, 0x25, 0x3E, 0x21, 0x78, 0xBE, 0x44, 0x30, 0x74, 0xBD, 0xB5, 0x0D, 0xEC, 0x54, 0x9D, 0x7C,
    0x1B, 0x81, 0xDD, 0x1E, 0x3F, 0x07, 0xEF, 0x90, 0xBF, 0x63, 0x27, 0x4D, 0x06, 0xC8, 0x84, 0xBF,
    0xCE, 0x02, 0x12, 0x1B, 0xD0, 0xD4, 0x16, 0x70, 0xD4, 0xB7, 0xF1, 0x83, 0x79, 0x3E, 0x52, 0x60,
    0x63, 0x6E, 0xAC, 0x4D, 0x7A, 0x63, 0x9E, 0x4C, 0xB7, 0xD2, 0x8A, 0xA1, 0x3C, 0xDA, 0x98, 0x66,
    0x6D, 0x3C, 0x0F, 0x19, 0x50, 0x29, 0x2A, 0x8D, 0x4B, 0x6C, 0x24, 0x2A, 0x23, 0xEB, 0xFD, 0x9A,
    0x0C, 0x3E, 0x0E, 0x1A, 0x99, 0x85, 0x82, 0xFA, 0x99, 0xA1, 0xF9, 0x80, 0x9B, 0x0B, 0x77, 0xBB,
    0x04, 0xFA, 0x89, 0x8E, 0xB5, 0xEF, 0xDB, 0x63, 0x19, 0xA1, 0x7E, 0x3E, 0x3E, 0x0E, 0x7A, 0x40,
    0xAE, 0xC5, 0x4C, 0x58, 0x6D, 0x1D, 0xAC, 0xC4, 0x1E, 0x70, 0x31, 0x52, 0xD9, 0xFB, 0xC5, 0x2E,
    0xF9, 0x34, 0x05, 0xB0, 0x72, 0x7C, 0x43, 0x1E, 0xEC, 0x59, 0x48, 0x67, 0x78, 0x78, 0x0A, 0x6F,
    0xB8, 0x08, 0x91, 0x8E, 0x16, 0xF3, 0x5C, 0x02, 0x6C, 0x78, 0x03, 0x7F, 0x8D, 0x55, 0xBE, 0x17,
    0x68, 0x2A, 0x73, 0xE3, 0xD5, 0x62, 0xB3, 0x94, 0x6C, 0xA9, 0x26, 0xE3, 0x71, 0x47, 0xE3, 0x89,
    0x54, 0x1A, 0x8F, 0x68, 0xE8, 0x72, 0x02, 0x9B, 0x73, 0xE9, 0x73, 0xBA, 0x4A, 0x43, 0xB6, 0x02,
    0xCB, 0x99, 0x3A, 0xE0, 0xD7, 0x68, 0x22, 0xD6, 0x2F, 0x89, 0xEA, 0xF3, 0x0B, 0x75, 0x67, 0x05,
    0x3E, 0xF7, 0xD4, 0x3F, 0x0B, 0xBF, 0x39, 0x80, 0x3F, 0xF2, 0xB8, 0x86, 0xB8, 0x7E, 0x54, 0x5B,
    0x97, 0x1C, 0x0E, 0xD5, 0xEA, 0xA1, 0xCF, 0xAA, 0xFB, 0xB0, 0x9F, 0x87, 0x8A, 0xFC, 0xB4, 0xB5,
    0x84, 0x69, 0x8E, 0x9F, 0xD5, 0x9A, 0xC3, 0x44, 0x6D, 0x37, 0x5B, 0x2D, 0xB4, 0xC0, 0x5D, 0x38,
    0xFD, 0x4E, 0xEB, 0x17, 0x71, 0xC9, 0xB3, 0x00, 0x67, 0xF4, 0xE0, 0x94, 0x40, 0xCC, 0xDF, 0xE3,
    0x06, 0x30, 0x4D, 0x00, 0xC8, 0x5E, 0x29, 0xC0, 0xD5, 0xA3, 0x6F, 0x0F, 0x65, 0x62, 0xE8, 0x21,
    0xE0, 0xE7, 0x67, 0x26, 0x36, 0xF6, 0x96, 0x2D, 0xD6, 0xAD, 0xFB, 0x1D, 0x0B, 0x26, 0x26, 0xD6,
    0x5A, 0xEB, 0xCF, 0x2A, 0xC6, 0xA8, 0xA2, 0xDB, 0x01, 0x4B, 0xD5, 0xC4, 0xE5, 0x08, 0x6E, 0x74,
    0xAA, 0x52, 0x65, 0x40, 0x7E, 0xD5, 0x41, 0xA3, 0xA9, 0x4A, 0x91, 0x05, 0x9D, 0xDE, 0x33, 0xF7,
    0x96, 0x04, 0x80, 0xD7, 0x6A, 0x2B, 0x5A, 0x45, 0x28, 0x57, 0xAA, 0x9B, 0x0E, 0xFA, 0x91, 0x38,
    0x2C, 0x42, 0x91, 0x85, 0xA4, 0x23, 0x34, 0x41, 0x6E, 0xF2, 0xF7, 0x29, 0x29, 0xA3, 0xBA, 0xD6,
    0xC8, 0x67, 0xFF, 0x54, 0x56, 0x27, 0xD2, 0x32, 0x59, 0x74, 0x89, 0x3C, 0xB8, 0xD1, 0xBA, 0xAB,
    0x6E, 0x5D, 0x04, 0x97, 0x6A, 0xF0, 0xED, 0x53, 0xB2, 0x29, 0xE5, 0x75, 0x63, 0x0E, 0xA5, 0x39,
    0xE4, 0x39, 0xD3, 0x3D, 0xF5, 0x4F, 0x8A, 0x15, 0x05, 0x5F, 0x2D, 0x1E, 0x8B, 0x71, 0x3B, 0xA6,
    0x55, 0x66, 0x7B, 0x4E, 0x44, 0x00, 0xC4, 0xE3, 0xA1, 0x99, 0x7D, 0x05, 0x8F, 0x87, 0xD8, 0xAD,
    0x4F, 0xE6, 0x27, 0xD0, 0xE7, 0x65, 0xF9, 0x83, 0xE6, 0xDA, 0xDA, 0x62, 0xD3, 0xB9, 0x83, 0x5A,
    0xE6, 0xDB, 0x97, 0x8E, 0x28, 0xFE, 0x1D, 0x13, 0x2F, 0xCC, 0x3A, 0x64, 0xEC, 0xC8, 0x0E, 0x4A,
    0xF6, 0x18, 0xA0, 0x3E, 0x03, 0x54, 0x8F, 0x4F, 0x9E, 0xC0, 0xCE, 0x54, 0x59, 0xC4, 0x7E, 0xB5,
    0xCA, 0x62, 0x56, 0xD9, 0x2A, 0x53, 0x80, 0x5D, 0x65, 0xAC, 0x33, 0x24, 0xC8, 0x5D, 0x24, 0x28,
    0x29, 0x24, 0xE9, 0x57, 0x20, 0xF6, 0x40, 0x6A, 0x8F, 0xE7, 0x6C, 0xF7, 0x33, 0x77, 0x9D, 0x07,
    0x31, 0x19, 0x0F, 0x20, 0xFC, 0x90, 0xB1, 0x13, 0xCD, 0xE4, 0xEC, 0xA4, 0x33, 0x54, 0x57, 0xE8,
    0xC6, 0x59, 0x15, 0x38, 0xF9, 0xDA, 0xAA, 0xEC, 0x5E, 0xF0, 0x9D, 0x56, 0x1B, 0x57, 0xB5, 0x77,
    0xFD, 0xE0, 0xC7, 0xD6, 0x72, 0x31, 0x94, 0xE8, 0x77, 0x08, 0x08, 0x46, 0x47, 0xAA, 0x67, 0x46,
    0x8C, 0x16, 0xC6, 0x0F, 0x2E, 0x94, 0x4A, 0x1A, 0x85, 0xF0, 0x24, 0xDF, 0x20, 0x41, 0xAF, 0x43,
    0xF4, 0xCF, 0x14, 0xA2, 0x84, 0xBB, 0xD8, 0xB2, 0x7A, 0x91, 0xA0, 0x9D, 0xFF, 0x0C, 0xA5, 0x64,
    0x08, 0x0F, 0x28, 0xE1, 0x2C, 0x31, 0xB3, 0x03, 0x27, 0xAB, 0x18, 0x7C, 0x08, 0x82, 0xB0, 0x1E,
    0xC3, 0xC1, 0x6A, 0x23, 0x1B, 0x19, 0x24, 0xC9, 0x03, 0x0A, 0x9A, 0x4B, 0x38, 0xD9, 0x94, 0x7B,
    0x2A, 0xBD, 0x75, 0xCD, 0xCF, 0x1D, 0x29, 0x7A, 0x0C, 0x27, 0x63, 0x2D, 0x93, 0x5F, 0x39, 0x68,
    0x6D, 0x9F, 0x18, 0x51, 0x94, 0x7E, 0xE2, 0x84, 0xDE, 0xC6, 0xF1, 0x88, 0xD5, 0x5E, 0x36, 0x89,
    0xE6, 0x5C, 0xCD, 0x2E, 0x27, 0x1C, 0xC7, 0x83, 0x0F, 0x38, 0x2A, 0x16, 0xD0, 0x3B, 0x73, 0x3D,
    0x6F, 0x40, 0x47, 0x9D, 0x6E, 0xC2, 0x47, 0x56, 0xBF, 0x5E, 0xFD, 0xB3, 0x61, 0x96, 0x51, 0xB0,
    0x7E, 0xD5, 0xBA, 0x62, 0x08, 0x3F, 0xDA, 0xC1, 0x9C, 0x67, 0x01, 0xBF, 0xA7, 0xE0, 0x32, 0xD6,
    0x04, 0x59, 0xAB, 0x49, 0xE3, 0xF1, 0xDB, 0x3C, 0x67, 0x70, 0xCC, 0xCB, 0x4E, 0xE1, 0xAB, 0x25,
    0x25, 0x3D, 0x4D, 0x40, 0x61, 0xD7, 0xC3, 0x20, 0x2C, 0x1C, 0xCE, 0x14, 0xEC, 0x58, 0x08, 0xB2,
    0x5F, 0xB7, 0x53, 0x04, 0x77, 0xD3, 0x8A, 0x77, 0x71, 0xC7, 0x5C, 0xBD, 0x9A, 0x82, 0xCB, 0x0F,
    0xE6, 0xE0, 0x6F, 0x58, 0x47, 0x21, 0xEF, 0x05, 0xFA, 0xA9, 0x85, 0x40, 0xF9, 0x59, 0x1B, 0xE0,
    0x82, 0xC5, 0x46, 0x1E, 0x3A, 0xA8, 0x2C, 0xC4, 0x43, 0x1A, 0xAA, 0x4C, 0x32, 0x87, 0xD0, 0xD9,
    0x84, 0x58, 0xDA, 0x21, 0xC3, 0x27, 0x34, 0x8D, 0xAE, 0x67, 0x25, 0x29, 0xA1, 0x49, 0x43, 0x1D,
    0x75, 0x6B, 0xAE, 0x68, 0xF4, 0xDD, 0xB5, 0xB4, 0x64, 0xC7, 0x27, 0x3C, 0x2D, 0x83, 0xFF, 0xAC,
    0xF4, 0xF0, 0x60, 0xE0, 0x79, 0x19, 0xB4, 0x5A, 0xAB, 0x97, 0x4D, 0x7A, 0xEC, 0x15, 0x0E, 0x50,
    0x12, 0x49, 0xF5, 0x78, 0x54, 0x4F, 0x1F, 0x30, 0xDB, 0x89, 0xC5, 0xF2, 0x6B, 0x26, 0xFE, 0xB4,
    0x4F, 0x02, 0xEC, 0xF1, 0xAA, 0xEA, 0xB5, 0xDB, 0x76, 0x6A, 0x9C, 0xF7, 0xB5, 0x61, 0xB8, 0xD1,
    0x8E, 0xD7, 0xE2, 0x4D, 0x62, 0x29, 0x58, 0xC2, 0xC1, 0xA5, 0x2F, 0x6C, 0xAE, 0x2B, 0x97, 0x8E,
    0xCF, 0xFE, 0x5F, 0xB7, 0xEA, 0xE0, 0x37, 0xDF, 0x7B, 0x45, 0x57, 0xB1, 0xA3, 0x38, 0xB4, 0x66,
    0x3A, 0x57, 0x63, 0x3F, 0x5A, 0x74, 0xBE, 0xD2, 0x03, 0xB9, 0x54, 0x97, 0x38, 0xFA, 0xE2, 0x71,
    0xE8, 0xFF, 0xD8, 0x16, 0xEF, 0xBF, 0xA2, 0x5D, 0xCF, 0xCF, 0x34, 0xB5, 0x05, 0xC0, 0x28, 0x66,
    0xB2, 0xFD, 0xAD, 0xA6, 0xD9, 0xD6, 0x00, 0xFD, 0x51, 0x22, 0x74, 0xA4, 0x4C, 0x25, 0xE5, 0xB0,
    0x6B, 0x4D, 0x7D, 0xF0, 0x69, 0xD2, 0x7C, 0xE3, 0x89, 0x57, 0x27, 0xE6, 0xA0, 0x6C, 0x36, 0x9E,
    0x69, 0x29, 0x13, 0x76, 0xF1, 0x5E, 0xDB, 0xBA, 0x54, 0xF4, 0xF0, 0xB0, 0x10, 0xE5, 0xE9, 0x08,
    0xDE, 0x05, 0x1E, 0x59, 0xE0, 0xD6, 0xC2, 0x23, 0x65, 0xDC, 0x59, 0x78, 0x2C, 0x33, 0x2D, 0x7C,
    0xB6, 0x89, 0xF4, 0xF7, 0x29, 0x4D, 0x22, 0x33, 0x8C, 0x65, 0xF3, 0xC3, 0x1C, 0xB0, 0x18, 0xF5,
    0xCD, 0xD8, 0x9F, 0x3D, 0xDD, 0x06, 0x79, 0x60, 0x98, 0x97, 0x9A, 0x45, 0xCE, 0x48, 0xDE, 0xAE,
    0x14, 0x93, 0xD0, 0x20, 0x72, 0x51, 0xA8, 0x5E, 0xD6, 0x9D, 0xA9, 0x47, 0x19, 0x5C, 0xD6, 0x8C,
    0x37, 0x28, 0x72, 0x50, 0xE8, 0x92, 0x9B, 0x7D, 0xD4, 0x03, 0x56, 0x76, 0x86, 0x64, 0x67, 0xF9,
    0x57, 0xF4, 0xB4, 0x24, 0xE9, 0x77, 0x66, 0x4D, 0x77, 0x5D, 0xBB, 0xCB, 0x9A, 0x1D, 0xEF, 0xF7,
    0xF8, 0x7A, 0xE7, 0x25, 0xAB, 0x79, 0xF7, 0xF5, 0xC9, 0x2E, 0x35, 0xA4, 0xB2, 0x9B, 0x32, 0xB5,
    0xE6, 0x28, 0x7A, 0xEE, 0x68, 0x7B, 0x1C, 0x20, 0x33, 0x51, 0x8F, 0x67, 0x33, 0x27, 0x04, 0x19,
    0xBD, 0x57, 0x58, 0x50, 0x03, 0x03, 0x16, 0x71, 0x48, 0xCC, 0xFC, 0x85, 0x68, 0x64, 0xA6, 0x4E,
    0x91, 0x90, 0xD1, 0xE1, 0x5B, 0xCD, 0xC1, 0x5D, 0x40, 0xF9, 0x9E, 0x09, 0x98, 0xED, 0x51, 0x47,
    0x23, 0x27, 0xEC, 0xA8, 0xE0, 0x5E, 0xCA, 0x1A, 0xF4, 0x37, 0xB6, 0xEE, 0xB3, 0x22, 0xB0, 0x7E,
    0xC8, 0xDD, 0xC2, 0x8E, 0xD7, 0x17, 0x36, 0x9B, 0x6E, 0x3A, 0x9B, 0x0C, 0xAB, 0xDC, 0x71, 0xA1,
    0xAC, 0x25, 0x33, 0x8C, 0x85, 0xD4, 0x9E, 0x4D, 0x76, 0xD8, 0xAE, 0xCF, 0xE8, 0xCF, 0x8F, 0x21,
    0xCF, 0xDB, 0x79, 0x9E, 0x25, 0x7B, 0xF5, 0x2F, 0xCB, 0xF8, 0xB5, 0xFA, 0xE3, 0x55, 0xB7, 0x60,
    0xAD, 0xE0, 0x8F, 0x3B, 0x03, 0xED, 0x6C, 0xB5, 0x97, 0x45, 0x93, 0x5D, 0xEB, 0x56, 0x6E, 0x8D,
    0xF6, 0xBC, 0x6C, 0xCD, 0x5D, 0xEF, 0x9E, 0x7A, 0xEE, 0x72, 0x74, 0x46, 0x9B, 0xE0, 0xE5, 0xE1,
    0x30, 0x70, 0xB4, 0x48, 0x60, 0x58, 0xD4, 0x7A, 0xE0, 0xB3, 0x92, 0x77, 0x36, 0xF0, 0x15, 0xD4,
    0xAD, 0x27, 0xD6, 0xC4, 0xAC, 0x1A, 0x11, 0xB9, 0xF6, 0xEB, 0x9D, 0xB7, 0x88, 0xD5, 0x5F, 0x23,
    0x64, 0xA8, 0x15, 0x26, 0x8F, 0x4A, 0xCA, 0xD1, 0x4E, 0x43, 0xA6, 0x7F, 0x47, 0xC2, 0x9D, 0xE1,
    0x39, 0x9D, 0xA5, 0x1E, 0xC2, 0x9C, 0x5C, 0x81, 0xDB, 0x30, 0x2B, 0x04, 0x4B, 0xB4, 0x1F, 0x29,
    0x28, 0x0B, 0xBF, 0xA9, 0x3F, 0x17, 0x73, 0x77, 0x51, 0xD0, 0x5A, 0x6B, 0x8B, 0xB1, 0xE8, 0x10,
    0x34, 0x42, 0xDA, 0xD9, 0xBD, 0x72, 0xFB, 0x29, 0x30, 0xA0, 0x11, 0xAB, 0xA9, 0xE8, 0xD7, 0xE5,
    0xD7, 0x37, 0xA6, 0x80, 0x07, 0x74, 0x9F, 0x0A, 0xAB, 0xC2, 0x10, 0xC1, 0x50, 0xE3, 0x32, 0xB6,
    0xDA, 0x51, 0xEF, 0xC6, 0x55, 0x18, 0x1B, 0xBB, 0xD3, 0x9E, 0xC2, 0x66, 0x63, 0x06, 0x4C, 0x95,
    0xF0, 0xD8, 0xF4, 0xEC, 0x6C, 0x52, 0x0B, 0x76, 0xDC, 0x7A, 0x75, 0x5E, 0x5D, 0xDD, 0x65, 0x5B,
    0xF3, 0xFF, 0x13, 0xCD, 0x59, 0x3F, 0xAC, 0xDD, 0x56, 0x19, 0x3F, 0xBE, 0x26, 0x71, 0xD5, 0x8B,
    0x6A, 0x86, 0xA4, 0x02, 0x02, 0x32, 0x43, 0x87, 0x52, 0xAA, 0x7A, 0x61, 0x60, 0x48, 0x63, 0xC3,
    0xCA, 0x40, 0x86, 0xA4, 0x48, 0x74, 0xA0, 0x03, 0x48, 0x94, 0x0E, 0x59, 0x18, 0x18, 0x92, 0xD8,
    0xA5, 0x03, 0x63, 0x33, 0x54, 0xCC, 0x1D, 0x5A, 0x09, 0xD2, 0x21, 0x0C, 0x1D, 0x90, 0xC8, 0x8B,
    0x4D, 0xAB, 0xAA, 0xC3, 0x1B, 0x70, 0x5B, 0x89, 0x0C, 0x1D, 0xF0, 0x90, 0x87, 0x44, 0x33, 0xC4,
    0x48, 0x46, 0x72, 0x82, 0xAF, 0x3F, 0xBE, 0xDF, 0xEF, 0x3B, 0xBE, 0xF7, 0xBE, 0x97, 0xF7, 0x42,
    0x69, 0x83, 0xC4, 0xD5, 0xCD, 0xF9, 0xBE, 0x5C, 0x1F, 0x9F, 0xF3, 0xFD, 0xFF, 0xF7, 0x9C, 0x73,
    0xC1, 0x1B, 0xCE, 0x7F, 0x12, 0x69, 0x3D, 0x96, 0x89, 0xBC, 0x6E, 0x58, 0x25, 0xD2, 0x1B, 0x36,
    0x2E, 0x66, 0xAC, 0x7F, 0xF4, 0xD1, 0x7E, 0xDE, 0x58, 0xCF, 0x2F, 0xA7, 0x6B, 0x2C, 0xDA, 0x60,
    0xE5, 0x8C, 0x3D, 0x33, 0x23, 0xEE, 0x4B, 0xEE, 0xC0, 0x27, 0x92, 0xC1, 0x2D, 0x64, 0xA5, 0x58,
    0x21, 0x92, 0x27, 0x22, 0x8D, 0xFE, 0xF7, 0x2F, 0x52, 0x67, 0x77, 0x8B, 0x41, 0x1F, 0xBA, 0xAA,
    0x29, 0xDA, 0x78, 0xE5, 0xF4, 0x9B, 0xB5, 0x45, 0xA3, 0x3F, 0xA4, 0xA3, 0xCB, 0x9A, 0xAC, 0x0E,
    0xA5, 0xCC, 0x46, 0x97, 0x96, 0x89, 0x62, 0xB5, 0x6E, 0x3D, 0xE1, 0x82, 0x7C, 0x21, 0x8D, 0x62,
    0xF8, 0x04, 0xD2, 0x56, 0xBD, 0xC7, 0x3A, 0x39, 0x1A, 0x73, 0x0F, 0xC4, 0xF6, 0xBD, 0x51, 0xCD,
    0x27, 0x77, 0xC5, 0x48, 0x6C, 0x21, 0xAD, 0x52, 0xE0, 0x8E, 0x39, 0x17, 0x4A, 0x03, 0x2C, 0x06,
    0x56, 0x27, 0x93, 0x8A, 0xB2, 0x74, 0x4B, 0xC9, 0x63, 0xC9, 0x95, 0x54, 0x95, 0x2B, 0x36, 0x04,
    0x7A, 0x92, 0xBE, 0x18, 0xC8, 0x74, 0xED, 0x9F, 0xF2, 0x16, 0x8E, 0x55, 0x7E, 0x9B, 0x0C, 0xFC,
    0x2A, 0x9B, 0x93, 0xEE, 0x87, 0x0C, 0xDC, 0xC9, 0xDC, 0xFE, 0x6D, 0x7F, 0x8A, 0x5B, 0xCE, 0x5F,
    0x28, 0x57, 0xBC, 0xCC, 0x44, 0x88, 0xC4, 0x7F, 0x9B, 0x91, 0x72, 0x69, 0xC8, 0xB1, 0x45, 0x7F,
    0xD2, 0x76, 0x87, 0xA3, 0x7F, 0x3D, 0x98, 0x11, 0x77, 0x71, 0x46, 0x7E, 0x7F, 0x9F, 0x86, 0x0E,
    0x7C, 0x82, 0x17, 0x9D, 0x3B, 0xFE, 0x1A, 0xF4, 0xAA, 0x94, 0x8A, 0xE8, 0x36, 0xB9, 0x33, 0x86,
    0xA2, 0x32, 0x0D, 0x25, 0x9C, 0xA2, 0x71, 0x39, 0xBA, 0xE5, 0x18, 0x4C, 0xD1, 0x10, 0x8A, 0x8B,
    0x47, 0xB7, 0x0A, 0xFB, 0x50, 0xF2, 0x74, 0x70, 0xBD, 0x7B, 0x7B, 0xA1, 0xBA, 0x1B, 0x4C, 0x52,
    0x75, 0xD6, 0x1F, 0x40, 0x9A, 0x07, 0x21, 0xEB, 0xB7, 0x06, 0xE3, 0xB6, 0x56, 0x55, 0xBB, 0x4E,
    0x6F, 0x2C, 0x55, 0xFB, 0xC1, 0xA0, 0x48, 0xAE, 0x5C, 0x46, 0x93, 0x8B, 0x21, 0xD1, 0xBD, 0x4A,
    0xBF, 0x23, 0x4D, 0xF4, 0x07, 0x22, 0x9D, 0x73, 0xA7, 0x64, 0x50, 0x09, 0x41, 0x76, 0x2A, 0x81,
    0x63, 0x67, 0x4D, 0x74, 0xA2, 0xA2, 0x9D, 0x6D, 0x7A, 0x65, 0xD8, 0xD3, 0x61, 0x7D, 0xDA, 0xB0,
    0x47, 0x82, 0xFC, 0xC4, 0xA1, 0xEC, 0xE7, 0x7A, 0x7B, 0xEE, 0x94, 0x5B, 0xE5, 0x33, 0x95, 0x1A,
    0x8A, 0xD3, 0x3B, 0x2B, 0xBD, 0x25, 0x5B, 0xA9, 0x3E, 0xF3, 0x3F, 0xAA, 0x54, 0xD2, 0x49, 0x37,
    0x95, 0x4E, 0xF8, 0xC8, 0x55, 0xF3, 0x26, 0xF8, 0x84, 0x6E, 0x5A, 0xEA, 0x23, 0xC5, 0x52, 0xA5,
    0x57, 0xDF, 0xCF, 0x4A, 0xA3, 0xD9, 0x63, 0x30, 0x54, 0x97, 0xE5, 0xD8, 0xA4, 0x86, 0xEA, 0x32,
    0xDA, 0x8D, 0x9A, 0x9D, 0x2B, 0x88, 0x2D, 0x14, 0xBB, 0x01, 0x01, 0x34, 0xA1, 0xDE, 0x33, 0xD2,
    0x9A, 0xD5, 0x4D, 0xA8, 0x47, 0xE9, 0x62, 0x19, 0x17, 0x3D, 0xB1, 0xE4, 0xDA, 0x18, 0x76, 0x70,
    0xD2, 0x3E, 0x4B, 0x56, 0xCB, 0x06, 0xEC, 0x0E, 0x97, 0xE3, 0x29, 0x86, 0x03, 0x66, 0xE3, 0x18,
    0x4B, 0x0A, 0x61, 0xA4, 0xAB, 0x61, 0x29, 0x85, 0x39, 0x78, 0x17, 0x09, 0x8D, 0x21, 0x96, 0x2E,
    0x94, 0xC1, 0x30, 0xBD, 0x04, 0x87, 0x28, 0x31, 0x35, 0xC8, 0xA2, 0x79, 0xE5, 0xAA, 0x05, 0xC3,
    0xF4, 0x6E, 0x4A, 0xE4, 0xE4, 0xF9, 0xF3, 0xE7, 0xBD, 0x18, 0xF9, 0xC3, 0x33, 0x3F, 0xDC, 0xBB,
    0x04, 0xF8, 0xC5, 0xA0, 0x7E, 0xFA, 0x10, 0x01, 0x9E, 0xE3, 0x7A, 0x56, 0x7D, 0x41, 0xAD, 0x23,
    0x5C, 0x55, 0x52, 0xAA, 0xDA, 0xC2, 0xE9, 0x25, 0xDC, 0xA6, 0x8C, 0x29, 0xF1, 0x14, 0xB0, 0xAB,
    0xBA, 0x40, 0x05, 0x55, 0x38, 0x55, 0x39, 0xC4, 0x0C, 0xE7, 0xAE, 0x1A, 0x77, 0xD9, 0x25, 0xA3,
    0x2B, 0x5A, 0xB7, 0x43, 0xB7, 0xEF, 0x54, 0x04, 0xCB, 0xC9, 0xA5, 0xBD, 0x63, 0x40, 0xC8, 0x86,
    0x00, 0x56, 0x98, 0x57, 0x60, 0x7E, 0x21, 0x2F, 0xCB, 0x18, 0x36, 0x4A, 0xE5, 0xBB, 0xB7, 0x57,
    0x4B, 0xA5, 0x59, 0x76, 0xDF, 0x95, 0x04, 0xD2, 0xB9, 0x13, 0xCA, 0x19, 0xC8, 0x66, 0x5A, 0x90,
    0xE5, 0x62, 0x0C, 0xC8, 0xA6, 0x9E, 0x46, 0x26, 0xD5, 0x2F, 0x65, 0xE3, 0x66, 0x95, 0xDC, 0x82,
    0x00, 0xC0, 0x5A, 0x71, 0xF7, 0x79, 0xA9, 0x03, 0x7C, 0x11, 0x6C, 0x5C, 0xD5, 0xC6, 0x6A, 0x40,
    0x45, 0x93, 0xA8, 0xF1, 0x64, 0x39, 0xBC, 0xFC, 0x84, 0x33, 0xFF, 0xB7, 0x78, 0x60, 0xAB, 0x45,
    0x89, 0xA3, 0xD6, 0xED, 0x9D, 0xF6, 0x6E, 0xC6, 0x35, 0x5D, 0x99, 0x06, 0x4C, 0xFA, 0x25, 0x6D,
    0xDE, 0x5E, 0x90, 0xB7, 0x5A, 0xA8, 0x0B, 0x01, 0x39, 0xE0, 0x8A, 0x60, 0x63, 0x61, 0xED, 0xD0,
    0xD5, 0x9E, 0x9A, 0x22, 0x95, 0x8B, 0xDA, 0xAF, 0xC1, 0xD5, 0x1C, 0x1E, 0xBC, 0xC2, 0x21, 0xAA,
    0x01, 0x51, 0xB6, 0x94, 0x1B, 0x69, 0x54, 0xBA, 0x15, 0x9C, 0xAB, 0xCA, 0x55, 0xEE, 0xE7, 0x1C,
    0xFD, 0xED, 0xE8, 0x05, 0xB4, 0xC2, 0x13, 0x1D, 0x22, 0x1B, 0xAC, 0x17, 0x37, 0xED, 0x5D, 0xC7,
    0xA1, 0x23, 0x8E, 0x1F, 0x67, 0xB6, 0xB2, 0x4F, 0xB9, 0xB8, 0x80, 0xF1, 0x09, 0x24, 0x2F, 0x5B,
    0xB7, 0x70, 0x6A, 0xB0, 0xCB, 0x56, 0x6D, 0x35, 0x5E, 0x15, 0x60, 0x08, 0x52, 0x49, 0x46, 0xF2,
    0x93, 0x43, 0x30, 0x2A, 0x92, 0xF8, 0x7D, 0xBD, 0x3A, 0xCD, 0x77, 0x1E, 0x53, 0x13, 0x79, 0x24,
    0x6B, 0x56, 0xA0, 0x65, 0x60, 0x2C, 0x06, 0x6D, 0xFD, 0x4C, 0x56, 0x56, 0xE9, 0x99, 0xC5, 0x52,
    0x9F, 0x8C, 0x1A, 0xE2, 0x02, 0x50, 0x4F, 0x07, 0x71, 0xAF, 0x1F, 0xC8, 0x39, 0xED, 0xC9, 0xF3,
    0x3F, 0xEE, 0x34, 0x70, 0x74, 0x2A, 0x97, 0x06, 0x5C, 0x3D, 0xC9, 0xDF, 0xCF, 0x23, 0x88, 0xD4,
    0x5F, 0xD5, 0xDF, 0xD5, 0xCC, 0x87, 0x4C, 0xF2, 0x31, 0xBB, 0x32, 0x07, 0xCD, 0xA4, 0xCC, 0xEA,
    0x33, 0xEE, 0xB4, 0x4B, 0xF2, 0x05, 0x5D, 0x23, 0xCD, 0xB3, 0x7A, 0x59, 0x87, 0x75, 0x92, 0x7F,
    0xC7, 0x1B, 0x7C, 0x0C, 0x57, 0x16, 0x79, 0xAD, 0x78, 0x4E, 0x64, 0x47, 0xB5, 0xF7, 0x33, 0x1E,
    0x88, 0xAD, 0xB7, 0x36, 0x57, 0xCF, 0x41, 0x08, 0x4A, 0x9B, 0xAA, 0x35, 0x1E, 0xD6, 0xCB, 0x75,
    0x28, 0x0E, 0xF3, 0xF0, 0xA8, 0xB0, 0x3C, 0xE7, 0x81, 0xD2, 0xBB, 0x29, 0x3D, 0xD9, 0x5C, 0x5B,
    0x8D, 0x3A, 0xF9, 0x0D, 0x4D, 0xEC, 0xCC, 0x8F, 0xF4, 0xA7, 0xD3, 0x8E, 0x31, 0xEE, 0x97, 0xEE,
    0x6D, 0x58, 0xEC, 0x97, 0x81, 0x7F, 0xC3, 0x3D, 0xE1, 0x1E, 0xDA, 0xE7, 0xA7, 0x33, 0xF2, 0x22,
    0x02, 0xC7, 0x9C, 0xCA, 0x9B, 0xC4, 0xC8, 0x01, 0x5D, 0xFD, 0xB3, 0x6E, 0x98, 0xB3, 0xFF, 0x75,
    0x4F, 0xCE, 0x9A, 0xAE, 0x87, 0xFF, 0x79, 0xD1, 0xF2, 0xD6, 0xEF, 0x48, 0x47, 0x6B, 0x24, 0xD4,
    0xA4, 0xC3, 0xC2, 0x56, 0x47, 0x3A, 0x8C, 0x84, 0x7E, 0x4D, 0xC7, 0x2F, 0x54, 0x42, 0x0F, 0xFC,
    0xA4, 0xFD, 0x96, 0xEE, 0xA6, 0x8D, 0x0A, 0xEE, 0x1D, 0xAE, 0xBB, 0x45, 0xBE, 0xD8, 0xE8, 0x2E,
    0x38, 0xBB, 0x79, 0x37, 0x6C, 0xB6, 0xCC, 0xAF, 0xDE, 0xE0, 0xF1, 0x16, 0x9E, 0x6C, 0xE1, 0xE9,
    0x7C, 0xCC, 0x15, 0xC4, 0x1D, 0x7F, 0x9E, 0xF2, 0x50, 0xCC, 0x1B, 0x46, 0xC3, 0x59, 0x59, 0xED,
    0xF0, 0x97, 0xE3, 0x0C, 0x68, 0xB6, 0xC1, 0xFC, 0x8C, 0xE5, 0x99, 0x0F, 0xEA, 0x09, 0x57, 0xD9,
    0xBA, 0xF4, 0xDB, 0x46, 0xCC, 0x43, 0x91, 0xFE, 0x13, 0x5B, 0x48, 0xB1, 0x37, 0x57, 0x87, 0x57,
    0x54, 0xEE, 0x9E, 0xA7, 0x6C, 0x52, 0xFA, 0x66, 0x5C, 0x29, 0x9A, 0xEB, 0xC5, 0xE0, 0x42, 0x83,
    0x74, 0xBB, 0xCE, 0xBB, 0x0F, 0xF9, 0xF3, 0x75, 0xD3, 0x0A, 0x79, 0x37, 0xC9, 0x24, 0x54, 0x68,
    0xC1, 0x9B, 0xAC, 0x44, 0x24, 0x29, 0x91, 0xF9, 0x54, 0xDC, 0xF8, 0x2D, 0x71, 0xEB, 0x22, 0x98,
    0x72, 0x94, 0xF3, 0xC7, 0x45, 0xB7, 0xA5, 0xA3, 0x7E, 0x4B, 0x47, 0x2F, 0xCC, 0xBC, 0x6E, 0x5D,
    0xBA, 0x8D, 0x3F, 0xBB, 0x85, 0x5F, 0x3C, 0x8C, 0xC2, 0xAF, 0xB8, 0x6F, 0x12, 0x4E, 0xA6, 0x2D,
    0x4D, 0xB7, 0x56, 0x54, 0x4B, 0x59, 0xD5, 0xBE, 0x82, 0xC9, 0x2D, 0x41, 0x0C, 0x87, 0xBC, 0xAD,
    0x31, 0x0C, 0x3B, 0x4A, 0x8D, 0x63, 0x39, 0xE0, 0x29, 0x35, 0xF7, 0x48, 0xEE, 0x52, 0xE9, 0x48,
    0x0A, 0x80, 0x01, 0xF1, 0x0D, 0x0C, 0x3D, 0x5C, 0x7A, 0x98, 0x7A, 0x58, 0x18, 0x0C, 0xEE, 0x1A,
    0x8C, 0xFE, 0x61, 0x30, 0xFE, 0x93, 0xC1, 0xCC, 0xBF, 0x3F, 0x1A, 0xFC, 0xA8, 0x33, 0xF8, 0x71,
    0x63, 0x10, 0x35, 0x03, 0xE0, 0xE4, 0xEF, 0x19, 0x3C, 0x6C, 0xEF, 0xBB, 0x7F, 0x86, 0x78, 0x16,
    0x09, 0xEA, 0x3B, 0x94, 0x98, 0xA4, 0xBF, 0xF5, 0xD0, 0x3B, 0xCB, 0xB2, 0xDE, 0xEF, 0x24, 0x89,
    0x77, 0x8A, 0xD9, 0x21, 0x66, 0x41, 0xCF, 0xBE, 0xE8, 0xFD, 0x33, 0x58, 0xC1, 0xF7, 0x02, 0xD4,
    0xCA, 0xCB, 0x6E, 0x01, 0x4F, 0x88, 0xBB, 0x10, 0x71, 0x37, 0x1E, 0xA2, 0x91, 0xBA, 0x66, 0x2E,
    0x0E, 0x2A, 0x7F, 0xCF, 0xD9, 0xFB, 0xC4, 0x5A, 0xC8, 0x14, 0x6B, 0x02, 0x35, 0x50, 0x6A, 0x3D,
    0x86, 0x4C, 0x03, 0xBA, 0x11, 0x59, 0x0E, 0x82, 0xC8, 0x40, 0x62, 0xA0, 0x20, 0xF8, 0x70, 0x20,
    0xF8, 0xB8, 0x25, 0x50, 0xFD, 0xB4, 0x0C, 0x1F, 0x04, 0xBD, 0x81, 0x76, 0xEB, 0x14, 0x1E, 0x8D,
    0x6A, 0xA6, 0x43, 0x05, 0xB0, 0xEF, 0xF6, 0xDA, 0xD7, 0xF7, 0x26, 0x80, 0x7C, 0x9B, 0x6F, 0x1F,
    0x0B, 0x6E, 0x18, 0xB0, 0xC4, 0xB2, 0xB0, 0x62, 0x3F, 0x54, 0x06, 0xAF, 0x5E, 0x79, 0x40, 0xC5,
    0xF0, 0x92, 0xDC, 0xFB, 0x2D, 0xCD, 0x47, 0xF7, 0x3F, 0x2E, 0x7B, 0xE7, 0x8E, 0xDE, 0xB9, 0x7F,
    0x45, 0x0B, 0x82, 0x15, 0x35, 0x45, 0x9B, 0x42, 0xE9, 0x6D, 0x88, 0x62, 0xA9, 0x55, 0x6D, 0x06,
    0xF8, 0x76, 0xD8, 0xB9, 0xB5, 0x06, 0x5B, 0xAB, 0x6A, 0x7D, 0x81, 0x52, 0xB6, 0x56, 0x91, 0x5D,
    0x10, 0x28, 0x5D, 0xCD, 0x44, 0x97, 0x69, 0xF6, 0xFB, 0x80, 0x1A, 0xB9, 0x7F, 0x3D, 0x49, 0x0A,
    0x2B, 0x96, 0xF0, 0x46, 0xF9, 0x51, 0x3B, 0xE7, 0x75, 0xEF, 0xBC, 0x51, 0x0B, 0x33, 0xBC, 0x67,
    0xC6, 0x19, 0xB1, 0xA8, 0x83, 0x85, 0xE3, 0xDB, 0x6E, 0xAD, 0xF8, 0x2A, 0x17, 0xA1, 0xB4, 0x09,
    0xCD, 0x4F, 0xAF, 0x29, 0xC8, 0xA9, 0xDE, 0xF8, 0x77, 0xD6, 0x52, 0x34, 0xD5, 0xBD, 0x6A, 0x45,
    0x87, 0xE0, 0x69, 0xE4, 0xBA, 0x61, 0x63, 0xD7, 0x90, 0xF7, 0x86, 0x66, 0xB2, 0x5E, 0xDB, 0xF9,
    0xAE, 0x8F, 0xDE, 0xC5, 0xCE, 0x8F, 0x6E, 0xA2, 0xD6, 0xFF, 0x40, 0x50, 0x50, 0xEF, 0xC9, 0x48,
    0xDA, 0xE0, 0x0A, 0x72, 0x2D, 0x07, 0xCD, 0x9A, 0x12, 0xB0, 0xDF, 0x2C, 0xA1, 0x39, 0x84, 0xA3,
    0x03, 0x15, 0x5E, 0x3B, 0xAF, 0xD6, 0x32, 0x66, 0xF2, 0x3D, 0xE5, 0x34, 0x93, 0x57, 0x05, 0x5D,
    0x86, 0x3C, 0x0F, 0x9B, 0x1D, 0x78, 0xBB, 0x96, 0xBB, 0xED, 0x46, 0x23, 0x15, 0x9D, 0xB6, 0xE8,
    0xFF, 0xD3, 0xDA, 0xBE, 0x80, 0x9D, 0xED, 0x40, 0xC3, 0xDF, 0xC1, 0x09, 0x5A, 0x0D, 0xE9, 0x69,
    0xD3, 0x05, 0xF0, 0xF2, 0x57, 0x72, 0xF1, 0x8E, 0xB9, 0xF8, 0xC9, 0x91, 0x14, 0x5E, 0xE2, 0x9A,
    0x72, 0xFD, 0xC2, 0x3E, 0x9A, 0x4F, 0xC9, 0xDD, 0x9C, 0xBA, 0x53, 0x4B, 0xFE, 0xF9, 0xD5, 0xAB,
    0x5E, 0xD5, 0x27, 0xD6, 0x01, 0xF1, 0xFA, 0x7A, 0x19, 0x69, 0xBF, 0xBA, 0x53, 0x46, 0x88, 0x7C,
    0x8C, 0xE4, 0x93, 0xAB, 0x6F, 0x30, 0x7D, 0x05, 0xFF, 0xDB, 0x85, 0x84, 0x52, 0xB6, 0x82, 0x4E,
    0x92, 0xCB, 0xFC, 0x61, 0x0C, 0x8A, 0xD7, 0x0B, 0x73, 0x74, 0x56, 0xC3, 0x3C, 0x6C, 0x09, 0xAD,
    0x48, 0xFF, 0xDC, 0x64, 0x90, 0x02, 0x9B, 0x0A, 0x94, 0x58, 0x6A, 0x88, 0x4C, 0x0D, 0x17, 0x0B,
    0x6A, 0xF7, 0x7B, 0x57, 0xA1, 0x54, 0xAD, 0x30, 0xD9, 0x32, 0x26, 0x5C, 0x63, 0x5B, 0xE1, 0x7E,
    0xEE, 0x78, 0x7E, 0x94, 0xD3, 0xBE, 0x45, 0x87, 0x11, 0xBA, 0xFA, 0x73, 0xFF, 0x85, 0xAB, 0x1F,
    0xD9, 0x5E, 0xCC, 0x72, 0x9A, 0x63, 0xA5, 0xE2, 0x5C, 0xE0, 0x3F, 0x30, 0xB0, 0x70, 0xBD, 0x2C,
    0xD6, 0x8B, 0x3F, 0xAA, 0xC0, 0x7B, 0x5C, 0x3E, 0x83, 0x28, 0x9C, 0xC9, 0xC2, 0x99, 0x30, 0x9C,
    0x49, 0xC3, 0x99, 0x20, 0xB6, 0xC1, 0xD2, 0xC0, 0x22, 0xF7, 0xE4, 0x1F, 0x05, 0xEE, 0xBD, 0xE9,
    0x43, 0xDA, 0x2D, 0x67, 0x51, 0xC2, 0x77, 0xDA, 0x0D, 0xB7, 0x28, 0x05, 0x6C, 0xCE, 0x47, 0x82,
    0x74, 0xB2, 0x1B, 0xC4, 0x03, 0x4A, 0xDB, 0xF7, 0xEF, 0x4B, 0xD3, 0x8C, 0x02, 0x88, 0x68, 0xC9,
    0x6C, 0xDC, 0x6E, 0x80, 0x65, 0xEF, 0x7C, 0xEE, 0xF5, 0x34, 0x86, 0xA3, 0xA5, 0x54, 0xCA, 0xD1,
    0x53, 0x6A, 0x92, 0x47, 0x97, 0x55, 0xC0, 0x37, 0xF5, 0xC7, 0x15, 0xA6, 0x05, 0xE8, 0xFC, 0x26,
    0x9B, 0xF7, 0x90, 0xD2, 0x63, 0xE7, 0xB6, 0x12, 0x93, 0x30, 0x41, 0x60, 0xD5, 0xD8, 0x13, 0xF5,
    0x0C, 0x1B, 0x5C, 0x03, 0xAE, 0xDA, 0xEA, 0x1C, 0x08, 0x84, 0xE7, 0xDC, 0x26, 0xD8, 0x30, 0xF0,
    0x68, 0x90, 0x73, 0x0C, 0x5D, 0x25, 0x43, 0x54, 0xBD, 0x0E, 0x81, 0xEB, 0x50, 0x11, 0x21, 0x47,
    0x75, 0xAC, 0x2B, 0xB0, 0xD6, 0xA6, 0x6B, 0xBF, 0xAA, 0x60, 0x4B, 0xA4, 0xAD, 0x04, 0x5D, 0xB2,
    0x4B, 0x1B, 0x74, 0x23, 0x59, 0x87, 0x5E, 0x39, 0x59, 0x5D, 0x58, 0xB1, 0x8D, 0xE6, 0x50, 0x42,
    0x83, 0xBA, 0x16, 0x52, 0x1C, 0xE8, 0x15, 0x8D, 0x96, 0x7F, 0xA9, 0x20, 0x01, 0x68, 0x67, 0x55,
    0xA2, 0xC5, 0x5B, 0x4A, 0x77, 0x46, 0x7D, 0x49, 0xDB, 0xF1, 0xF8, 0xC3, 0xEE, 0x6B, 0xDA, 0xA5,
    0x29, 0x96, 0x21, 0xF2, 0xF5, 0xC0, 0x2E, 0x59, 0x4C, 0x50, 0x6C, 0xB0, 0x22, 0x2A, 0xEB, 0x02,
    0xDE, 0x9E, 0x2A, 0x16, 0x5A, 0x75, 0x9F, 0xEB, 0xA5, 0x36, 0xA4, 0xA8, 0xB3, 0x2E, 0xA6, 0x78,
    0xC3, 0x2E, 0xEB, 0x2C, 0x37, 0x06, 0x53, 0x75, 0x6F, 0xE5, 0xA7, 0x9A, 0xE2, 0xEB, 0x89, 0x4A,
    0x7F, 0x63, 0x11, 0xA5, 0x4C, 0x66, 0x1D, 0x9B, 0x6F, 0x0D, 0xE2, 0xFA, 0xAE, 0x58, 0x33, 0x05,
    0x26, 0xD8, 0x51, 0xE1, 0x0E, 0xA8, 0x21, 0xC5, 0xF0, 0x81, 0xD6, 0xA2, 0x2A, 0x52, 0x5A, 0xA0,
    0xA1, 0xCA, 0x28, 0x1D, 0xCC, 0x36, 0x3A, 0xEC, 0xE1, 0x58, 0xA7, 0xC3, 0x7B, 0x09, 0x66, 0x1A,
    0x03, 0x0A, 0x2B, 0x31, 0x7E, 0x43, 0x99, 0xD4, 0xB8, 0x80, 0xE9, 0xED, 0xEB, 0x88, 0xB2, 0xC6,
    0x82, 0x4D, 0x43, 0x71, 0x63, 0x8D, 0x9D, 0xF9, 0x94, 0xD8, 0x33, 0x81, 0x85, 0xD2, 0x63, 0x2E,
    0x45, 0x12, 0x1D, 0x50, 0x7B, 0x68, 0x85, 0x21, 0xBD, 0x1A, 0x61, 0x71, 0xA1, 0x8C, 0xA5, 0x8C,
    0x6F, 0x77, 0xA7, 0x97, 0x35, 0x46, 0xA6, 0x81, 0x56, 0x7D, 0x50, 0x11, 0xE5, 0x3A, 0x28, 0x42,
    0xB1, 0x5E, 0x8C, 0xC4, 0xEA, 0xDA, 0x34, 0x92, 0x88, 0x22, 0x8A, 0x6F, 0xCB, 0xB5, 0xD2, 0xD7,
    0x95, 0x6C, 0x9C, 0x42, 0xB9, 0x2D, 0x95, 0xB5, 0xFD, 0x91, 0xD0, 0x88, 0x93, 0x29, 0x12, 0x4A,
    0x27, 0x1B, 0x31, 0x50, 0x68, 0x51, 0x45, 0x47, 0x42, 0xE3, 0x80, 0xE1, 0xB8, 0x62, 0xA0, 0x61,
    0x0A, 0x86, 0x60, 0xA0, 0x01, 0xDF, 0x5C, 0x48, 0x58, 0x24, 0x2B, 0x95, 0x06, 0x48, 0x2D, 0xE6,
    0x2E, 0x78, 0xB1, 0x6E, 0x87, 0x77, 0x66, 0xE4, 0xD2, 0x7D, 0xA5, 0xF3, 0x03, 0x90, 0x27, 0xE7,
    0x52, 0x5C, 0x6B, 0x5E, 0xF8, 0x8B, 0x6A, 0x3A, 0x96, 0xEF, 0xAA, 0x0E, 0xD2, 0x91, 0x83, 0xE2,
    0x1E, 0xBE, 0xE6, 0x95, 0xC3, 0xF5, 0x78, 0xE7, 0x07, 0x2E, 0x31, 0x65, 0xCF, 0xB9, 0x86, 0xA6,
    0x3C, 0xB6, 0x4F, 0x60, 0x0A, 0xE7, 0xA0, 0x8B, 0xC7, 0x18, 0xF6, 0x39, 0xEB, 0x1D, 0xB7, 0xC7,
    0x34, 0xDA, 0x26, 0x04, 0x90, 0x4A, 0x99, 0xE6, 0xD0, 0x7B, 0x55, 0x02, 0xD7, 0x17, 0xB1, 0xA2,
    0xA2, 0x86, 0x7D, 0x24, 0x13, 0x78, 0x57, 0x1A, 0x62, 0xA6, 0xE8, 0xC0, 0x06, 0x8F, 0xC1, 0x8D,
    0xAD, 0xBE, 0x8E, 0x6D, 0x86, 0x16, 0xA7, 0x9B, 0x35, 0xEE, 0x28, 0x6D, 0xF3, 0xD9, 0x4D, 0x0B,
    0xF9, 0xF8, 0x9B, 0x64, 0x0B, 0x6C, 0x54, 0x18, 0x81, 0xA9, 0x0A, 0x52, 0xB5, 0xAA, 0x32, 0x81,
    0xFB, 0x1E, 0xC7, 0x10, 0x1C, 0x0E, 0x07, 0x33, 0xC7, 0x7C, 0xCA, 0x82, 0xA6, 0x96, 0x7D, 0x4F,
    0x55, 0xAB, 0x79, 0x40, 0xA0, 0x54, 0x9E, 0x82, 0xBB, 0x17, 0x58, 0xAA, 0x5C, 0xFD, 0xBD, 0xE2,
    0xC4, 0xBC, 0x55, 0xB5, 0xA4, 0x20, 0x2D, 0xB2, 0x11, 0x74, 0x3F, 0x67, 0x60, 0xAB, 0xA6, 0x59,
    0x62, 0x73, 0xA9, 0xA0, 0x74, 0x5C, 0x11, 0x8F, 0x9B, 0xA6, 0x43, 0xC3, 0x1F, 0x32, 0x53, 0xB9,
    0x44, 0x2D, 0xD7, 0x63, 0x46, 0xBA, 0x80, 0x17, 0x7C, 0x9F, 0x31, 0x61, 0x0C, 0x31, 0x3F, 0x54,
    0x4F, 0xC6, 0x30, 0x37, 0x64, 0x7A, 0xAC, 0xE1, 0xAA, 0x18, 0x3F, 0x95, 0x04, 0x89, 0x0D, 0x7A,
    0x9F, 0x35, 0x30, 0x12, 0xDC, 0xEE, 0x7D, 0x34, 0xCE, 0xF9, 0x3F, 0x4B, 0xAB, 0xB5, 0xD8, 0x29,
    0x05, 0xA7, 0xA0, 0x35, 0x54, 0x81, 0x53, 0x18, 0xA9, 0x6B, 0xC4, 0x56, 0xDC, 0x80, 0x49, 0x17,
    0x08, 0x80, 0xAC, 0x6B, 0xC4, 0xED, 0x85, 0x8D, 0x6C, 0x43, 0x0E, 0x64, 0x48, 0x67, 0x2C, 0xBD,
    0xB0, 0x92, 0xEF, 0xB7, 0xBB, 0xFA, 0xA5, 0x81, 0xD0, 0xCF, 0xF8, 0xF7, 0x01, 0x77, 0x08, 0x50,
    0x8F, 0xD3, 0x70, 0x08, 0xA3, 0x01, 0xA8, 0xE0, 0xFA, 0xDD, 0xE2, 0x2E, 0x4B, 0xE1, 0xB0, 0x3D,
    0x0D, 0x01, 0xC7, 0x64, 0xB3, 0x49, 0x2D, 0x00, 0x9F, 0x31, 0x60, 0xFC, 0xFD, 0xAB, 0x33, 0xFE,
    0x26, 0xE3, 0x56, 0xB8, 0xF3, 0x03, 0xF8, 0x8D, 0x6E, 0x11, 0x4E, 0xB3, 0x1A, 0x63, 0xB3, 0xD1,
    0x64, 0xC3, 0xC3, 0x84, 0x19, 0x0C, 0xF3, 0x95, 0x88, 0x6E, 0x8D, 0x6B, 0x03, 0xEB, 0xF8, 0xF4,
    0x9F, 0x9F, 0xB9, 0xF8, 0xD9, 0xC4, 0xBE, 0x8E, 0xC8, 0x83, 0xD4, 0xB7, 0x4D, 0x07, 0x00, 0xF4,
    0xA7, 0x81, 0x1B, 0x02, 0x09, 0xE0, 0x95, 0x48, 0x25, 0x3D, 0x64, 0x16, 0x7F, 0xD0, 0x41, 0x82,
    0x49, 0xFE, 0x3A, 0xC0, 0x19, 0x10, 0xF1, 0x1E, 0x4A, 0xB3, 0x40, 0x76, 0x4B, 0xEA, 0x61, 0xF7,
    0x57, 0x24, 0x77, 0xF7, 0x15, 0xE6, 0xE9, 0xDD, 0x57, 0xC9, 0xC3, 0xEE, 0x35, 0x72, 0x74, 0x67,
    0xE5, 0xF5, 0x47, 0xC5, 0xDD, 0x91, 0xD1, 0x9E, 0x4D, 0xB6, 0x93, 0x1A, 0xDB, 0xFD, 0x35, 0x55,
    0xB5, 0xFB, 0x0A, 0xB3, 0xD1, 0xEE, 0xCB, 0x2C, 0x03, 0xDE, 0xCB, 0x99, 0x69, 0x6B, 0xCB, 0xB4,
    0xB5, 0xCD, 0xD5, 0x6B, 0xA4, 0xD8, 0x90, 0x55, 0x77, 0x63, 0x8A, 0x5B, 0x31, 0xF5, 0x9B, 0x2F,
    0x6A, 0xC7, 0x06, 0x11, 0x2C, 0x4D, 0x12, 0xA9, 0xE5, 0x5D, 0x8D, 0x79, 0x08, 0x47, 0x63, 0xAC,
    0xA7, 0xDC, 0x7C, 0x87, 0x74, 0xDE, 0x7C, 0x9F, 0x74, 0xDE, 0xFC, 0x33, 0xAD, 0xEE, 0xA6, 0x98,
    0x1E, 0x46, 0x4F, 0x67, 0x69, 0x7A, 0xE8, 0xED, 0x19, 0xC9, 0xBD, 0x79, 0x67, 0xB2, 0x17, 0x48,
    0xEE, 0x4D, 0x23, 0x17, 0x45, 0xBE, 0xB3, 0x1E, 0x06, 0x7A, 0x70, 0x95, 0xA9, 0x3F, 0x63, 0x01,
    0x88, 0xB0, 0xF1, 0x29, 0xFC, 0x41, 0x9F, 0xBD, 0xDC, 0xB3, 0x6C, 0x7A, 0xE5, 0xFF, 0xC4, 0x1F,
    0x3A, 0xAA, 0xBF, 0xEA, 0x9E, 0xBA, 0x5A, 0x5A, 0x61, 0xC1, 0x90, 0xF4, 0x2D, 0x03, 0x7E, 0x66,
    0x64, 0x35, 0x04, 0xB8, 0xED, 0xCD, 0xED, 0x87, 0xED, 0xF2, 0xA9, 0x81, 0x3F, 0xB0, 0xEA, 0xB7,
    0x5E, 0x9F, 0x3D, 0x61, 0xB3, 0x58, 0xED, 0x50, 0x66, 0xFB, 0xFD, 0x21, 0x3F, 0xDA, 0x1F, 0xC4,
    0xFB, 0x83, 0xD5, 0x7F, 0xDE, 0x1F, 0x0A, 0xF3, 0x87, 0xCC, 0xFC, 0x21, 0x91, 0x6D, 0x7F, 0x88,
    0x18, 0x6F, 0xBB, 0x85, 0xF9, 0x83, 0xF3, 0xFE, 0x70, 0x8A, 0x40, 0x69, 0xBB, 0xD0, 0x10, 0xEA,
    0xE3, 0xE2, 0x93, 0x0A, 0xE1, 0xAD, 0x2B, 0x10, 0xE0, 0xB5, 0xCC, 0xD8, 0x71, 0x85, 0x26, 0x6C,
    0xD7, 0x5C, 0x07, 0x54, 0x59, 0xFF, 0x01, 0x50, 0xCD, 0xFB, 0x27, 0x80, 0x36, 0x16, 0xEA, 0x2C,
    0x21, 0x16, 0xBE, 0xB4, 0x28, 0x3A, 0x6B, 0xBC, 0x8B, 0xCE, 0x5C, 0xA9, 0xF0, 0x45, 0xC5, 0x3C,
    0xA2, 0x28, 0xAC, 0xA0, 0xD0, 0xE7, 0xD9, 0xCA, 0xEF, 0x17, 0x83, 0x56, 0xF7, 0x15, 0x56, 0x48,
    0xE0, 0x5C, 0x4A, 0x4D, 0xEF, 0xA1, 0x28, 0x15, 0x72, 0x62, 0x5E, 0xF0, 0x0F, 0x4A, 0x4C, 0x40,
    0x0C, 0xB1, 0xC2, 0xE2, 0x01, 0xF9, 0xA7, 0xC5, 0x9F, 0x2D, 0x32, 0xF2, 0xE3, 0xC3, 0x2E, 0x6D,
    0x5E, 0x95, 0x3C, 0x11, 0x96, 0x99, 0xF2, 0x9B, 0xAB, 0x29, 0x4E, 0x85, 0xBB, 0x8C, 0x9E, 0xAD,
    0x7F, 0x4C, 0x33, 0x67, 0xC1, 0xE2, 0xE8, 0x22, 0xE8, 0xA8, 0xF9, 0x97, 0x8A, 0xCE, 0x26, 0x06,
    0x45, 0x77, 0xD9, 0xD3, 0x3F, 0xCE, 0xF4, 0x1B, 0x5F, 0xFF, 0x12, 0xCF, 0x6F, 0x75, 0x80, 0x8F,
    0x44, 0x66, 0x7E, 0x72, 0x93, 0x07, 0xF9, 0xA8, 0x7A, 0xDF, 0xEE, 0x8C, 0x20, 0x15, 0x85, 0x8D,
    0xFA, 0x40, 0x4D, 0xE8, 0xFD, 0xA0, 0xB2, 0x61, 0x54, 0x69, 0x4D, 0x4B, 0xEF, 0x4E, 0xD1, 0xFC,
    0x5A, 0xE7, 0x7D, 0xC8, 0x99, 0x71, 0x7E, 0x56, 0x28, 0xF6, 0x67, 0x8D, 0x35, 0xFC, 0xBC, 0xE7,
    0x19, 0x9C, 0xE9, 0x8B, 0x38, 0x3C, 0x63, 0xFF, 0x07, 0xFA, 0xEB, 0x19, 0xFA, 0xAC, 0x57, 0xEF,
    0xFF, 0x4B, 0x77, 0x7C, 0x00, 0xCE, 0xC3, 0xAA, 0xE8, 0x20, 0x2C, 0xFF, 0x0D, 0xD5, 0x59, 0x3B,
    0x8F, 0xDD, 0xC6, 0x15, 0x1E, 0x92, 0x58, 0x11, 0xC9, 0x05, 0xC2, 0x46, 0x88, 0x01, 0x6D, 0xC1,
    0x3E, 0x80, 0xCD, 0x36, 0x45, 0x56, 0xA4, 0x92, 0xC2, 0x45, 0x9A, 0x2D, 0xB4, 0x95, 0x0B, 0x37,
    0x6E, 0x03, 0xFD, 0x81, 0x38, 0xBC, 0x80, 0xFF, 0x80, 0x0A, 0x3B, 0x45, 0xEA, 0x14, 0xC9, 0xAA,
    0xD0, 0x1F, 0x90, 0x32, 0xB4, 0xB7, 0x4C, 0x11, 0x26, 0x80, 0xEA, 0x10, 0xB1, 0x94, 0x00, 0x72,
    0xC3, 0x04, 0x14, 0x70, 0x57, 0x22, 0x39, 0xF9, 0xBE, 0x73, 0x66, 0x78, 0xEF, 0x5D, 0xED, 0xEA,
    0x91, 0xC8, 0x79, 0x5C, 0xEC, 0xCE, 0x77, 0xF6, 0x2E, 0x39, 0x3C, 0xAF, 0x39, 0x2F, 0x1A, 0x23,
    0x9F, 0xDA, 0xB9, 0xCC, 0xB9, 0xD6, 0x43, 0xE2, 0xFA, 0xC8, 0x8D, 0x26, 0x72, 0x9D, 0xB1, 0x03,
    0xA0, 0x35, 0xB6, 0xBF, 0x0A, 0x9E, 0x9C, 0x08, 0xE0, 0x43, 0x78, 0x7E, 0xEA, 0xFA, 0xD7, 0xDC,
    0xE0, 0x41, 0xB6, 0x4E, 0xDD, 0xC0, 0x07, 0xED, 0x3F, 0x5D, 0x18, 0xB2, 0x0A, 0x85, 0x42, 0xA6,
    0xB0, 0xDA, 0x83, 0x74, 0x1F, 0x1A, 0xEB, 0x5C, 0x85, 0x5F, 0xD7, 0xE0, 0x77, 0x4D, 0x86, 0x5A,
    0x6C, 0x6F, 0x0E, 0xDD, 0x93, 0xBA, 0x8D, 0xF1, 0xB8, 0xC4, 0x35, 0x59, 0x1B, 0x29, 0x91, 0x06,
    0x22, 0x79, 0x89, 0x88, 0x2A, 0x4F, 0x18, 0xF3, 0x4A, 0x82, 0x9F, 0x7D, 0xE2, 0x4D, 0xEE, 0x7A,
    0x0B, 0x42, 0x79, 0x86, 0x70, 0x94, 0x22, 0x85, 0x5A, 0x8D, 0x97, 0x6B, 0xBD, 0x25, 0xC2, 0x47,
    0x35, 0xE7, 0xFA, 0x80, 0x62, 0xC0, 0x3E, 0xED, 0x45, 0xCD, 0x7D, 0xD2, 0xAB, 0xD6, 0xE3, 0x0B,
    0x68, 0x8E, 0x3D, 0x06, 0x33, 0x06, 0x3B, 0x06, 0x43, 0x9A, 0xED, 0xFF, 0x5F, 0x87, 0x62, 0xCE,
    0x60, 0xCF, 0x60, 0xD0, 0x05, 0xAD, 0x68, 0xC9, 0x91, 0x55, 0xA5, 0x5C, 0x45, 0x93, 0xB9, 0xA7,
    0xA7, 0xF7, 0x70, 0xA7, 0xA1, 0xB0, 0xAD, 0x4A, 0xAD, 0x7B, 0x7E, 0x7B, 0xE4, 0xD3, 0xCF, 0x17,
    0x52, 0x5C, 0x4D, 0xC9, 0x6F, 0xDC, 0xB4, 0x5C, 0x9B, 0x43, 0xAF, 0x9E, 0xA4, 0x09, 0xC2, 0x0E,
    0x6E, 0x58, 0xC8, 0x7A, 0x5C, 0xC8, 0x72, 0x5A, 0xC8, 0x62, 0x5E, 0xC8, 0xDC, 0xED, 0x92, 0xDE,
    0xF9, 0x4C, 0xE6, 0x00, 0xBD, 0x59, 0xE1, 0x3F, 0x20, 0xF1, 0xF8, 0xAF, 0xA8, 0x87, 0x7C, 0x8F,
    0x0C, 0x9F, 0x7C, 0x5E, 0xC8, 0x62, 0x52, 0xFC, 0xC0, 0x98, 0x72, 0x54, 0x12, 0xD7, 0x95, 0x1B,
    0x4F, 0x56, 0x62, 0x00, 0x21, 0x9B, 0x48, 0x25, 0x05, 0x39, 0xAC, 0x44, 0xC3, 0xF8, 0x94, 0xCE,
    0xF9, 0xBB, 0xA0, 0x6F, 0x77, 0x37, 0xEC, 0x7A, 0x70, 0x6C, 0x76, 0x3E, 0xB5, 0xD8, 0x64, 0x1D,
    0x08, 0xDC, 0x0A, 0xCF, 0x8B, 0xE8, 0x01, 0x14, 0x24, 0x92, 0x33, 0xF9, 0xC6, 0xC4, 0xA3, 0xDB,
    0x9E, 0xA0, 0x82, 0x3D, 0x31, 0xFA, 0x6B, 0x54, 0x33, 0x11, 0x43, 0xCC, 0x5A, 0x89, 0x98, 0x6C,
    0xB7, 0xBB, 0x3F, 0xC6, 0x75, 0x91, 0xFC, 0x18, 0xB8, 0xB0, 0x1B, 0xE8, 0xFE, 0xE2, 0xD9, 0x25,
    0xBD, 0x7E, 0x4B, 0x78, 0xD6, 0xB7, 0x84, 0x3A, 0x12, 0x4E, 0x87, 0x04, 0x84, 0x3C, 0x68, 0xA3,
    0xC4, 0x23, 0xE4, 0xA4, 0x94, 0xD8, 0x4D, 0x95, 0x3B, 0xDD, 0x51, 0x9D, 0xAE, 0x5C, 0xB8, 0xDB,
    0xCE, 0xBB, 0xEA, 0xB8, 0xE3, 0x36, 0xFE, 0xDF, 0xF2, 0x75, 0x3D, 0x57, 0x3F, 0x33, 0xEA, 0xE4,
    0xAA, 0x46, 0x3D, 0x78, 0x30, 0xA2, 0xB9, 0xF3, 0x58, 0x0C, 0x94, 0x52, 0x67, 0xB0, 0x4E, 0x3E,
    0xD3, 0xE9, 0x11, 0xD0, 0xFA, 0xB2, 0x37, 0x76, 0x03, 0xE6, 0x60, 0x27, 0x8B, 0x33, 0xD1, 0x15,
    0x23, 0x8C, 0x02, 0x2F, 0xC7, 0xC5, 0x6E, 0x80, 0x72, 0x61, 0x60, 0x45, 0x27, 0xD8, 0x78, 0xE4,
    0xDF, 0xD6, 0xFF, 0xDF, 0x6E, 0x78, 0xFD, 0x8C, 0xFD, 0x78, 0xFF, 0xC4, 0xFD, 0xB1, 0xDF, 0xC8,
    0xE7, 0xC9, 0xBE, 0x78, 0x7E, 0xBD, 0xA9, 0xE9, 0x50, 0x55, 0x31, 0xE2, 0xB9, 0xB8, 0x3A, 0x13,
    0xDB, 0xD9, 0xF3, 0x84, 0xFE, 0x0C, 0xDF, 0x73, 0x6E, 0x13, 0x83, 0x71, 0xEB, 0x8D, 0x1A, 0x9D,
    0xC4, 0xCE, 0xFB, 0xD8, 0xC1, 0xE7, 0x8B, 0x13, 0x5C, 0x93, 0x8B, 0xE1, 0x28, 0xB3, 0x3F, 0x1A,
    0x22, 0xA3, 0x8A, 0x38, 0x9A, 0xC3, 0x73, 0x6C, 0x04, 0x0E, 0xE8, 0xEC, 0x43, 0x3A, 0x41, 0xAE,
    0x72, 0xC8, 0xC6, 0x7C, 0x03, 0x75, 0xE6, 0x63, 0x3E, 0x02, 0x8A, 0x4D, 0x46, 0x28, 0x37, 0xD9,
    0xB4, 0xFC, 0x35, 0x28, 0x6C, 0xE4, 0x92, 0x7C, 0x94, 0x1B, 0xB2, 0x29, 0x9D, 0x71, 0x7B, 0xEA,
    0x7E, 0xEC, 0x6A, 0x3A, 0x46, 0x67, 0x83, 0xC7, 0xDD, 0xAA, 0xC0, 0x84, 0x86, 0xD1, 0x83, 0xE3,
    0xC3, 0xE0, 0xB9, 0xCB, 0xC7, 0xBA, 0xC7, 0x62, 0x0C, 0xF0, 0x54, 0x9F, 0x7F, 0x24, 0x6E, 0x1E,
    0x31, 0xB8, 0xE3, 0x3F, 0x5D, 0x06, 0xA6, 0xEB, 0x36, 0x87, 0x04, 0x65, 0xC5, 0xE3, 0x71, 0x9D,
    0xEA, 0xE7, 0x3D, 0x9B, 0xED, 0x0A, 0x07, 0x7A, 0xC5, 0xBA, 0x7B, 0xA5, 0xDE, 0xAB, 0xC7, 0x4C,
    0xCF, 0x1D, 0x8D, 0x6C, 0xEE, 0xAE, 0xC0, 0x69, 0xDC, 0xF1, 0xF4, 0xE6, 0x0C, 0x66, 0xF7, 0xE4,
    0x60, 0x93, 0x1F, 0xE8, 0xE5, 0x31, 0x3D, 0x85, 0x8B, 0x49, 0x64, 0xBF, 0x48, 0x8F, 0xDB, 0xBC,
    0x5D, 0xA3, 0x79, 0x67, 0xD7, 0x61, 0x11, 0x2B, 0x3A, 0x85, 0xA0, 0x85, 0x9B, 0x24, 0xEA, 0xAE,
    0x53, 0x07, 0xB1, 0x20, 0x0D, 0x4C, 0x3F, 0x1A, 0xDB, 0xC0, 0x5F, 0x6C, 0x05, 0x23, 0xDF, 0xD6,
    0x93, 0x7E, 0xF5, 0xC2, 0x5D, 0x8B, 0x51, 0x43, 0x46, 0xD4, 0x64, 0xAE, 0x4A, 0x71, 0xB6, 0x9E,
    0xD8, 0xC6, 0x88, 0xC9, 0x73, 0x7A, 0x72, 0x24, 0x92, 0xD4, 0xF2, 0x78, 0x1E, 0x89, 0xBC, 0x0D,
    0x29, 0xB5, 0x90, 0xF4, 0x82, 0xEF, 0x92, 0x79, 0x37, 0x12, 0xCC, 0x3E, 0x0E, 0x98, 0xFA, 0xA9,
    0x9D, 0x4F, 0xE1, 0x91, 0x7C, 0x42, 0x69, 0x1E, 0x2A, 0x3C, 0x20, 0x14, 0x01, 0x3E, 0x21, 0x7C,
    0x37, 0x30, 0xF1, 0x9F, 0x80, 0x72, 0xF2, 0x9C, 0x1A, 0xF5, 0xF1, 0x71, 0x0B, 0xB0, 0x84, 0x42,
    0xEC, 0x63, 0x9E, 0x87, 0x07, 0x7B, 0xF0, 0xF3, 0x3D, 0xF8, 0x51, 0xB0, 0x47, 0x29, 0xA7, 0xC4,
    0xAF, 0x95, 0xEB, 0xE0, 0x50, 0x08, 0x2A, 0x45, 0x75, 0x13, 0x6B, 0x5E, 0x1D, 0x61, 0xCD, 0xAA,
    0xEB, 0x58, 0x0F, 0x96, 0x60, 0xF3, 0x96, 0xAB, 0x06, 0x90, 0x44, 0xDC, 0xAE, 0x0E, 0xE1, 0x76,
    0x2D, 0xFF, 0xD0, 0x00, 0x25, 0x6B, 0x21, 0x6B, 0x2E, 0x6B, 0x76, 0xD9, 0xEA, 0xA4, 0xCE, 0xE9,
    0xB5, 0x08, 0xE8, 0x73, 0x77, 0x0E, 0x13, 0x56, 0xF4, 0xCD, 0x78, 0x42, 0x0C, 0xE8, 0x45, 0x76,
    0x00, 0xBD, 0x11, 0x5E, 0x9D, 0xF4, 0xE2, 0x24, 0x2B, 0x18, 0x19, 0xB1, 0x84, 0x9B, 0xC0, 0xA5,
    0x0B, 0x89, 0x6E, 0xEB, 0x9B, 0xC2, 0x4E, 0xF3, 0x40, 0x79, 0xD3, 0xB3, 0xF2, 0x0F, 0x89, 0x88,
    0xF5, 0x8B, 0x4E, 0x55, 0xD2, 0xA8, 0x92, 0xD7, 0xCB, 0x59, 0x78, 0x1B, 0x28, 0xE4, 0xF6, 0x4C,
    0x33, 0xBF, 0x07, 0x8D, 0xD5, 0x6E, 0x5E, 0xB9, 0x0D, 0xD6, 0xD4, 0x6D, 0x56, 0x8C, 0x2C, 0x6B,
    0x49, 0xA6, 0x60, 0xBF, 0x31, 0x37, 0x25, 0x06, 0x3D, 0x10, 0x9D, 0x41, 0x12, 0x64, 0x37, 0x30,
    0x56, 0x0F, 0x11, 0xE5, 0xD8, 0x50, 0x9A, 0x62, 0x4C, 0xC0, 0x1C, 0xA2, 0x09, 0x36, 0xCF, 0x66,
    0x0A, 0xB6, 0x72, 0x94, 0x2B, 0x71, 0x1F, 0x8B, 0x3C, 0xF7, 0x45, 0x1C, 0x71, 0x68, 0x8D, 0x6C,
    0x56, 0xBC, 0xA0, 0x16, 0xF9, 0xCA, 0xE1, 0x55, 0xAB, 0x5C, 0x13, 0x85, 0xE0, 0xD9, 0xF9, 0xF5,
    0xBF, 0xA8, 0xF0, 0xCA, 0xFB, 0x65, 0xBB, 0xC0, 0xFF, 0x8D, 0xC2, 0x4F, 0xEC, 0xF9, 0x6D, 0x29,
    0xF7, 0xF0, 0xD5, 0xA9, 0x9B, 0x7F, 0xF3, 0x16, 0x0A, 0x2F, 0x1C, 0x13, 0x61, 0x0F, 0x89, 0xBB,
    0xC2, 0xF5, 0xD7, 0xDC, 0x5C, 0xA5, 0xA8, 0x5C, 0xEC, 0x24, 0x91, 0xAC, 0x9C, 0x45, 0xD3, 0x48,
    0x94, 0x69, 0x47, 0x4E, 0x9A, 0x8C, 0xF1, 0x0B, 0xC7, 0x55, 0x76, 0xEA, 0x7F, 0xA1, 0x0C, 0x68,
    0x20, 0xD7, 0xF4, 0x9E, 0x6B, 0x4E, 0xCB, 0x54, 0xB7, 0x49, 0xC8, 0x70, 0xBD, 0x7E, 0xA9, 0x6E,
    0x51, 0x0B, 0xE3, 0x0F, 0x0B, 0x6A, 0x2C, 0xDE, 0x64, 0xD4, 0x7F, 0xDA, 0xCB, 0xA5, 0x59, 0x43,
    0x1B, 0x23, 0xBD, 0x18, 0x5E, 0x6A, 0xC1, 0xB3, 0xE7, 0xC3, 0xE1, 0xE1, 0x3C, 0xC2, 0x68, 0x3C,
    0x50, 0x59, 0xB8, 0xC9, 0x83, 0xD6, 0x08, 0xBE, 0x68, 0xF3, 0xF0, 0xA9, 0xC2, 0xD1, 0x65, 0xF0,
    0xFE, 0x1E, 0xD0, 0xCC, 0xBF, 0x47, 0x2C, 0xF3, 0x10, 0xE3, 0x57, 0x02, 0xC5, 0x28, 0xA9, 0x04,
    0x39, 0x69, 0x23, 0x4C, 0xD3, 0x2C, 0x90, 0xE4, 0x0F, 0x8D, 0x08, 0xAD, 0x66, 0xB6, 0xD3, 0x6E,
    0x78, 0x2C, 0xFD, 0x97, 0x22, 0x74, 0xFC, 0x77, 0x09, 0x3D, 0x69, 0xCB, 0x22, 0x1D, 0xB1, 0x45,
    0x72, 0x5B, 0xA9, 0x5E, 0x33, 0x53, 0x87, 0x4C, 0xF8, 0x19, 0xC4, 0x54, 0x37, 0x0F, 0xA0, 0x95,
    0xB9, 0x4F, 0xC2, 0x9E, 0xBD, 0xCB, 0xA0, 0xD8, 0x83, 0x5C, 0xB3, 0x47, 0xB3, 0xE4, 0x91, 0x3F,
    0x6A, 0x2A, 0x71, 0xCF, 0x6D, 0x4B, 0x53, 0x58, 0x1C, 0x96, 0xAC, 0x65, 0x4A, 0x7D, 0xC8, 0x0A,
    0x0F, 0x89, 0xBC, 0x82, 0xF7, 0xED, 0x52, 0x89, 0x50, 0x9F, 0x80, 0x8A, 0xD7, 0xA9, 0x9C, 0x01,
    0x5A, 0xE0, 0x7F, 0x95, 0x5A, 0x53, 0x49, 0xCF, 0x4E, 0x4E, 0x3E, 0xA2, 0xAA, 0x7D, 0xA7, 0xE3,
    0x76, 0xA9, 0x50, 0x7D, 0x2F, 0x99, 0x7F, 0x4B, 0x95, 0x97, 0x50, 0xC5, 0x25, 0x54, 0x7E, 0x09,
    0x55, 0x6A, 0xC7, 0x37, 0x2D, 0xF8, 0xA1, 0xFB, 0xB0, 0x87, 0x2D, 0xCB, 0xD4, 0xFD, 0x04, 0x9E,
    0x58, 0xDD, 0x44, 0xA5, 0x05, 0x17, 0xAE, 0x8E, 0x52, 0x77, 0x8B, 0x78, 0x1D, 0xDF, 0x1D, 0x03,
    0x85, 0xF9, 0x77, 0x89, 0xB9, 0xD0, 0x6D, 0xE4, 0x05, 0x8E, 0xF6, 0x04, 0x4F, 0xDC, 0x05, 0xA1,
    0xEB, 0x0B, 0x02, 0x5F, 0x85, 0x1F, 0x94, 0xDA, 0xE5, 0xD2, 0x87, 0xBE, 0x24, 0xA6, 0x08, 0xBC,
    0x39, 0xCA, 0x2D, 0xF6, 0x25, 0x52, 0xB4, 0xFC, 0xDB, 0x38, 0x28, 0x22, 0x5C, 0x09, 0x96, 0xEE,
    0x0B, 0x39, 0x2E, 0xB9, 0xAF, 0x45, 0x71, 0x9A, 0x5F, 0xC8, 0xF1, 0xB9, 0xF1, 0xDB, 0xD4, 0x77,
    0x56, 0x6F, 0x8B, 0x99, 0x06, 0x9B, 0xD8, 0x77, 0xBC, 0x01, 0x79, 0x68, 0x43, 0x7F, 0xE6, 0xB1,
    0xF0, 0x98, 0x7B, 0xCC, 0xAE, 0xC0, 0x55, 0xB5, 0x54, 0x6A, 0x33, 0x18, 0x6D, 0x3C, 0xA4, 0xAE,
    0x8B, 0x11, 0x9F, 0xA4, 0x53, 0xED, 0x25, 0xAC, 0xBF, 0x06, 0x90, 0x7F, 0x56, 0x7E, 0xA8, 0x40,
    0xB0, 0xC8, 0x0E, 0xBD, 0x24, 0x1E, 0xDF, 0x12, 0xBD, 0x02, 0x62, 0x8D, 0x99, 0xB5, 0xE6, 0xA3,
    0x3A, 0x8C, 0x6C, 0x6A, 0x85, 0xFC, 0xB2, 0x91, 0x4D, 0x7A, 0x19, 0x24, 0xAD, 0x55, 0xD3, 0x56,
    0x01, 0x91, 0x9D, 0xCC, 0xA1, 0x37, 0xB1, 0xB4, 0xED, 0x61, 0x18, 0x72, 0x35, 0x5E, 0xF7, 0x78,
    0xA4, 0xD8, 0x5F, 0xC0, 0x41, 0xD1, 0x8E, 0x47, 0xDE, 0xC4, 0xBF, 0xDB, 0x33, 0x31, 0x0C, 0xF2,
    0x37, 0x31, 0xD5, 0xC1, 0xA7, 0x7E, 0x4C, 0x70, 0xF4, 0x1A, 0x7C, 0xDF, 0x63, 0x18, 0x2B, 0x48,
    0x3F, 0xAF, 0x51, 0x58, 0x4C, 0x1A, 0x2D, 0x26, 0x86, 0x4E, 0x47, 0x34, 0x55, 0xBA, 0xA6, 0x6C,
    0x58, 0x5A, 0x0E, 0x9A, 0x2E, 0xFE, 0x7C, 0xF5, 0x19, 0xD7, 0xB3, 0x33, 0x8E, 0x1B, 0x74, 0xFD,
    0xFA, 0xCC, 0x49, 0xF9, 0xCE, 0x51, 0x83, 0xAC, 0x2B, 0x65, 0x32, 0x39, 0xBB, 0xB8, 0x7A, 0x26,
    0x56, 0x12, 0xDD, 0xAD, 0xA4, 0x60, 0xCB, 0x27, 0xCA, 0xB7, 0x2A, 0xA1, 0x8C, 0x8F, 0x8C, 0x8E,
    0x93, 0xB6, 0x4D, 0xEC, 0x1B, 0xC1, 0x5F, 0x29, 0xC9, 0x32, 0xDA, 0xF3, 0x5D, 0xFC, 0xC0, 0x04,
    0xCC, 0x4B, 0x32, 0xB7, 0x0B, 0x68, 0x42, 0xDF, 0x1C, 0x62, 0x05, 0x96, 0x50, 0x99, 0x8C, 0xEB,
    0xCE, 0x90, 0x2B, 0x3C, 0xFC, 0xE0, 0x74, 0xAD, 0xCE, 0xD5, 0x6A, 0x41, 0xD3, 0x86, 0xF1, 0xD0,
    0xB6, 0x39, 0xBD, 0x0A, 0x6E, 0x1C, 0x13, 0xFE, 0xC4, 0x4E, 0x20, 0x72, 0x7F, 0xF6, 0xED, 0xD9,
    0x7D, 0x19, 0xE7, 0x6C, 0x68, 0xFD, 0xC8, 0x49, 0x46, 0x07, 0xC4, 0x02, 0x5D, 0xB4, 0x0B, 0xED,
    0xBF, 0x08, 0x9D, 0x4E, 0xEC, 0x06, 0xFA, 0x2C, 0x42, 0xD6, 0x2D, 0x8D, 0x58, 0xB7, 0xB6, 0x81,
    0x5F, 0xE3, 0xC1, 0x1C, 0xDA, 0xAB, 0x4E, 0xE4, 0x79, 0x24, 0x0D, 0x27, 0xFA, 0x3D, 0x99, 0xF4,
    0xA0, 0xB3, 0x61, 0x2D, 0xC1, 0xA2, 0x28, 0x61, 0x3E, 0xB1, 0xE2, 0xFE, 0x07, 0x7A, 0x5C, 0xDB,
    0xF2, 0x96, 0xCC, 0xA1, 0x3A, 0xAB, 0x6C, 0xF7, 0xD6, 0x4B, 0x51, 0x7F, 0xA6, 0xAE, 0x5E, 0x6A,
    0xBC, 0xED, 0x57, 0x1E, 0xCD, 0x7B, 0xEE, 0xC9, 0xC9, 0xC9, 0xC9, 0xB1, 0xD9, 0xBA, 0x6A, 0xBB,
    0x87, 0xDE, 0x17, 0xB6, 0xC3, 0x13, 0xE7, 0xBB, 0x52, 0xE9, 0x7F, 0x2B, 0xA9, 0xB1, 0x4C, 0xD2,
    0x68, 0xF8, 0x2A, 0xA4, 0xBC, 0x9A, 0xEF, 0x89, 0x57, 0x5B, 0x5F, 0xE0, 0xAC, 0xC2, 0x28, 0xC9,
    0xCF, 0x91, 0xBE, 0xFF, 0x6B, 0x1F, 0xE6, 0xD6, 0x5A, 0xC9, 0x0D, 0x22, 0x0C, 0x3A, 0xD9, 0x1B,
    0x86, 0x71, 0xC6, 0x40, 0x04, 0x84, 0x28, 0x03, 0x09, 0xE0, 0xEB, 0x6B, 0x08, 0x80, 0xFA, 0x73,
    0x5D, 0x9F, 0x11, 0x1A, 0x65, 0xBF, 0x59, 0xF9, 0x49, 0xEA, 0x7B, 0xEE, 0x8B, 0x93, 0x93, 0x4A,
    0xF5, 0x60, 0xB6, 0xD0, 0xE8, 0x03, 0x9A, 0x30, 0xEB, 0xC9, 0xB4, 0x69, 0x2F, 0x25, 0x11, 0xFE,
    0x72, 0xD6, 0x7A, 0x77, 0xD4, 0x03, 0xA8, 0x0E, 0x71, 0x7B, 0x6F, 0x88, 0xE0, 0xA7, 0x1C, 0x21,
    0x5C, 0x05, 0x0B, 0x80, 0x37, 0x0E, 0x0F, 0xB6, 0x16, 0xD8, 0x68, 0x46, 0xBF, 0xC4, 0x02, 0xF1,
    0x62, 0x81, 0xEE, 0x5B, 0xB6, 0x80, 0x91, 0xD6, 0xC1, 0xC4, 0x57, 0x58, 0x20, 0x0C, 0xA7, 0xD6,
    0x66, 0x29, 0x9E, 0x97, 0x82, 0x1A, 0xDA, 0xF7, 0x3B, 0xFB, 0x00, 0x6C, 0x32, 0x3F, 0x13, 0x5C,
    0x5D, 0xC0, 0xB4, 0x79, 0xD7, 0x96, 0x3B, 0x7C, 0x33, 0xCB, 0x7D, 0x6F, 0xD7, 0x72, 0xBF, 0x9A,
    0x55, 0x96, 0x5D, 0xCB, 0x15, 0x73, 0x18, 0x3E, 0x09, 0x9F, 0x2A, 0x57, 0xD2, 0xEF, 0x42, 0xBC,
    0x0F, 0x9D, 0xE8, 0x85, 0x91, 0xA4, 0x61, 0xB8, 0xD3, 0xB9, 0xED, 0xBB, 0xFB, 0xE5, 0x7E, 0x32,
    0x86, 0xF4, 0xCF, 0xA0, 0x3B, 0x99, 0xEF, 0x84, 0x7A, 0xA5, 0x0A, 0x9A, 0xB6, 0xEB, 0xCC, 0x5B,
    0xB3, 0x6E, 0x0A, 0x4F, 0x95, 0xB3, 0xB7, 0xF8, 0x12, 0x02, 0x78, 0x68, 0x2E, 0x0C, 0xB8, 0x4A,
    0xB7, 0x61, 0xAF, 0x83, 0x9F, 0x92, 0xC9, 0x42, 0xA8, 0x43, 0xC6, 0x97, 0xC9, 0xDC, 0x99, 0x2B,
    0x63, 0x1B, 0x0E, 0xD7, 0xB3, 0x41, 0xC6, 0x37, 0xA0, 0x72, 0x76, 0x60, 0x3D, 0x29, 0x16, 0x0F,
    0x09, 0x27, 0x8C, 0xDA, 0x68, 0x4C, 0xA0, 0x62, 0xCD, 0xCD, 0xA0, 0x52, 0x6D, 0x7E, 0x1A, 0x3B,
    0xA8, 0x0B, 0x64, 0x9D, 0x1D, 0x74, 0xC4, 0x90, 0x3F, 0xB3, 0xCF, 0x6C, 0xB3, 0xCC, 0x3C, 0xFA,
    0x65, 0xF0, 0xA3, 0x63, 0xB1, 0x67, 0xF6, 0xDC, 0xAA, 0x3D, 0x7A, 0xDC, 0x31, 0xA9, 0xDB, 0xDA,
    0x41, 0x7A, 0x23, 0xD4, 0x97, 0xD8, 0x8F, 0x9E, 0x88, 0xC5, 0x0E, 0x6C, 0x1D, 0x10, 0xA4, 0x75,
    0x66, 0x29, 0xBD, 0x07, 0x38, 0x90, 0x7A, 0x62, 0x24, 0x57, 0x74, 0x55, 0x6C, 0x0A, 0x0A, 0x7F,
    0x27, 0xFA, 0x92, 0x00, 0xB1, 0x85, 0x9D, 0x18, 0x2C, 0xCE, 0x62, 0x43, 0x06, 0x2E, 0xF0, 0xB3,
    0x11, 0x97, 0x92, 0x8A, 0xF8, 0xE4, 0xE8, 0x6E, 0xA4, 0x29, 0x34, 0xEB, 0x12, 0x9D, 0x73, 0xE7,
    0x7D, 0xA2, 0xDE, 0x90, 0x0F, 0x7E, 0xC2, 0xB3, 0x72, 0x76, 0xF0, 0x95, 0x54, 0x78, 0x11, 0x12,
    0x5D, 0x1C, 0x1C, 0x2E, 0x95, 0xD2, 0x5F, 0x9C, 0xFB, 0x1A, 0x01, 0xB9, 0x24, 0x81, 0x1F, 0x36,
    0x35, 0x60, 0x83, 0x05, 0x4B, 0xCD, 0xE3, 0x5F, 0xCA, 0x64, 0x0C, 0x04, 0x65, 0x5D, 0x75, 0xF9,
    0x14, 0x0F, 0x32, 0xCE, 0xCB, 0xA7, 0x95, 0x1C, 0xA6, 0x29, 0x9F, 0x72, 0xED, 0xB4, 0xEE, 0xCC,
    0x56, 0x67, 0x38, 0x5E, 0x6D, 0xE2, 0xFA, 0xDA, 0x92, 0xE5, 0x93, 0xA8, 0xAA, 0xE4, 0xC5, 0x4E,
    0x5A, 0xDB, 0x7C, 0x12, 0x45, 0xB9, 0x3E, 0x9F, 0x78, 0x0A, 0xE0, 0x45, 0xD8, 0x59, 0x5C, 0x89,
    0xCF, 0x82, 0x5E, 0x72, 0x4A, 0xCF, 0xBE, 0xCD, 0xCD, 0xB1, 0xF4, 0xBA, 0x8D, 0x7B, 0x4C, 0xE2,
    0x9A, 0x93, 0x97, 0x59, 0xA8, 0x11, 0x39, 0x73, 0x58, 0xA9, 0x53, 0x17, 0x2C, 0x0D, 0xD0, 0xB3,
    0xFF, 0x54, 0x06, 0xDB, 0x63, 0x52, 0x71, 0x0C, 0x3A, 0x90, 0xA9, 0x86, 0xED, 0x39, 0x20, 0x95,
    0xD7, 0x47, 0x0D, 0x5B, 0x73, 0x40, 0x2E, 0x0C, 0x37, 0x47, 0x0A, 0x6A, 0xCF, 0x6F, 0x06, 0x5F,
    0xA1, 0xC8, 0x0D, 0xCF, 0xE9, 0x91, 0x11, 0xCF, 0x2F, 0x73, 0xA3, 0xAF, 0x0A, 0xFD, 0xEB, 0x8D,
    0x86, 0xBD, 0x66, 0xA4, 0x6F, 0x2D, 0x76, 0x40, 0x72, 0x38, 0x61, 0x1D, 0x2B, 0x24, 0x92, 0xCA,
    0xD7, 0xCA, 0x67, 0x80, 0xED, 0xEC, 0x42, 0x5A, 0xCC, 0x5C, 0x12, 0x1D, 0xC7, 0x5B, 0x9C, 0xE0,
    0xC1, 0xF1, 0x38, 0xB9, 0xB4, 0x9D, 0xBC, 0xB8, 0x28, 0xCF, 0x53, 0x5F, 0x8F, 0xCD, 0x1A, 0x86,
    0x44, 0xE1, 0x07, 0x21, 0x76, 0x47, 0x15, 0xFC, 0xD2, 0x14, 0x1B, 0xAE, 0x76, 0x44, 0xC1, 0x10,
    0x9F, 0x73, 0x1A, 0x9E, 0x74, 0x3F, 0x44, 0xF2, 0xCD, 0xC8, 0x76, 0x5B, 0x48, 0xEE, 0xBF, 0x29,
    0x2B, 0x87, 0x9D, 0xEE, 0xC5, 0xAC, 0x55, 0xCB, 0x86, 0x22, 0xDE, 0x27, 0xC3, 0x6D, 0xE2, 0x5F,
    0x2C, 0xC8, 0x8B, 0xAF, 0x7A, 0xC3, 0xB5, 0x1C, 0xB9, 0x16, 0xDC, 0x0D, 0x2E, 0x40, 0x05, 0xE7,
    0x13, 0x9F, 0x12, 0x56, 0x7D, 0x51, 0xE0, 0xC7, 0x8E, 0xD1, 0x9A, 0x23, 0x1D, 0x9C, 0x73, 0x04,
    0xD9, 0x5C, 0x18, 0xCF, 0x07, 0x2A, 0x20, 0x9B, 0x3F, 0x76, 0xE2, 0x0D, 0x74, 0x01, 0x1E, 0x55,
    0xED, 0xFA, 0x46, 0x7D, 0xCB, 0xC5, 0xB6, 0x42, 0xAA, 0x41, 0x9C, 0x49, 0xA6, 0x79, 0x58, 0xEB,
    0x65, 0x88, 0xF7, 0xA1, 0xDF, 0x85, 0xE4, 0xF5, 0x90, 0x76, 0x02, 0x2B, 0x05, 0x70, 0xB8, 0x03,
    0x88, 0x16, 0x84, 0x5A, 0xE0, 0x1E, 0xCC, 0xC2, 0x97, 0x0E, 0x4E, 0x26, 0xC5, 0xD4, 0x36, 0x5C,
    0xCF, 0x8D, 0xF2, 0x92, 0xA3, 0x64, 0x1D, 0xE6, 0xE6, 0x83, 0xDD, 0x59, 0x85, 0x9E, 0x32, 0x3F,
    0xCC, 0xD6, 0xA0, 0xE2, 0x07, 0xDC, 0x8C, 0x3D, 0x62, 0xDA, 0x7E, 0xB7, 0xDE, 0xD7, 0x33, 0x31,
    0xC6, 0x7A, 0x20, 0xB2, 0x47, 0x54, 0x4C, 0xC6, 0x81, 0x36, 0x12, 0x0E, 0xD7, 0xEC, 0xE5, 0x75,
    0x7D, 0x71, 0xCD, 0x2B, 0xAE, 0x85, 0xAC, 0xA5, 0xF8, 0x8C, 0xE5, 0x7A, 0x6D, 0xE6, 0x8A, 0x60,
    0xC8, 0x75, 0xC4, 0x41, 0xA8, 0xF8, 0x2A, 0xC5, 0x8D, 0x7C, 0xAF, 0xEB, 0x46, 0xE1, 0x5A, 0xF8,
    0x93, 0x53, 0xEB, 0x33, 0x84, 0x06, 0xBF, 0xAC, 0xDB, 0x66, 0xC2, 0x42, 0x03, 0x5E, 0xF3, 0x4F,
    0xDD, 0x59, 0xBD, 0x8E, 0xDC, 0xD6, 0x15, 0xBE, 0xE4, 0x48, 0x4B, 0x24, 0x2C, 0xE8, 0x22, 0x0B,
    0x24, 0x52, 0x10, 0x36, 0x29, 0xE2, 0x34, 0x7C, 0x82, 0x88, 0x74, 0x95, 0x56, 0x85, 0x46, 0x29,
    0xD5, 0x06, 0x6E, 0xF6, 0x05, 0x64, 0x73, 0xFC, 0x06, 0x6E, 0xDC, 0xAB, 0x48, 0x00, 0x6B, 0x1B,
    0xBF, 0x80, 0x21, 0xD2, 0x55, 0x5A, 0xC2, 0x29, 0x52, 0xB8, 0x21, 0x12, 0x09, 0x01, 0x92, 0x42,
    0x0C, 0xC0, 0x85, 0xB9, 0x11, 0xC9, 0x93, 0xEF, 0x3B, 0xE7, 0x72, 0x86, 0xA3, 0x9F, 0x55, 0x12,
    0x09, 0x86, 0x65, 0x4A, 0x7B, 0xBE, 0xB3, 0xB3, 0xE4, 0xE5, 0xB9, 0xE7, 0xFF, 0xDC, 0xA9, 0x44,
    0x8A, 0x4A, 0x64, 0x27, 0xFE, 0x27, 0x92, 0xDE, 0xDD, 0xC4, 0x4F, 0x28, 0xAD, 0xDB, 0x48, 0xE3,
    0x02, 0xC5, 0xFA, 0x0D, 0x90, 0xD7, 0x1A, 0xDF, 0x74, 0x3D, 0xC3, 0xD0, 0x23, 0xE5, 0x25, 0x52,
    0xF6, 0x35, 0xF2, 0x3A, 0xE0, 0xCE, 0xB9, 0xA0, 0xC0, 0xBD, 0x85, 0x73, 0x69, 0xED, 0x62, 0xC1,
    0x87, 0x59, 0xED, 0x92, 0x09, 0x98, 0x77, 0x2E, 0x1F, 0xF9, 0xFB, 0x14, 0x48, 0x07, 0x8C, 0xB9,
    0x02, 0x30, 0xA8, 0x64, 0xD0, 0xA7, 0x83, 0xAD, 0x3B, 0x5C, 0xA5, 0x48, 0x22, 0xD2, 0x02, 0x70,
    0x5F, 0xB3, 0xC1, 0x13, 0x32, 0xAA, 0x4C, 0x65, 0x0F, 0x68, 0xAE, 0x80, 0x27, 0xDB, 0xAA, 0x37,
    0x2D, 0x10, 0xFE, 0x7D, 0x2E, 0xAF, 0x7B, 0xC0, 0x83, 0x2E, 0xCD, 0x17, 0x01, 0xF0, 0xDA, 0x15,
    0xA8, 0x3C, 0xC7, 0x80, 0x0D, 0x04, 0x9D, 0xAB, 0x00, 0x1B, 0x48, 0xD6, 0x3A, 0x17, 0x0D, 0x01,
    0x95, 0xB0, 0x99, 0x22, 0x6E, 0x2A, 0x14, 0x99, 0x6D, 0x17, 0x8F, 0x75, 0x67, 0x77, 0x40, 0xAA,
    0xE7, 0x1C, 0x20, 0x7E, 0xA7, 0x1C, 0xA0, 0x51, 0x07, 0x88, 0x68, 0x07, 0x93, 0xBF, 0x5E, 0xD0,
    0xEC, 0x95, 0xEC, 0x3C, 0x16, 0x86, 0x99, 0xB7, 0x63, 0xEE, 0xF1, 0x91, 0xC7, 0xC9, 0x20, 0x1C,
    0x0D, 0x37, 0xE3, 0xC1, 0xE0, 0x73, 0x8A, 0x15, 0x3D, 0x84, 0xD2, 0xE1, 0xBF, 0x1A, 0x87, 0xDA,
    0x25, 0x34, 0xAF, 0x82, 0x27, 0x77, 0x15, 0x70, 0xAD, 0xE0, 0xAA, 0x07, 0x14, 0xFC, 0xD2, 0xFE,
    0x45, 0xF6, 0xDA, 0xDA, 0x83, 0x0A, 0x94, 0xDA, 0x8E, 0xB2, 0x62, 0xBD, 0x8F, 0xCA, 0x60, 0x36,
    0x87, 0x9D, 0xD6, 0x7B, 0xD8, 0x0C, 0x2E, 0x37, 0x95, 0xD0, 0x6F, 0xBE, 0x22, 0x46, 0x72, 0xE9,
    0x52, 0xB8, 0x00, 0x1D, 0x3E, 0xE2, 0xB2, 0x6F, 0x8C, 0xBD, 0x61, 0x35, 0x1A, 0xE6, 0xF2, 0x59,
    0x45, 0x4C, 0xCD, 0xE4, 0xF8, 0x50, 0xFE, 0xA9, 0xE2, 0xDF, 0xF8, 0x63, 0xE4, 0xB7, 0xF1, 0xBF,
    0x62, 0x42, 0x15, 0x31, 0x94, 0x45, 0x8E, 0xB1, 0x38, 0x32, 0xD8, 0xA6, 0xF7, 0xD8, 0x3D, 0x87,
    0xED, 0x31, 0x86, 0xED, 0x3A, 0xA6, 0xD7, 0x4A, 0x8E, 0xA4, 0x0D, 0x11, 0xF9, 0x9A, 0x4B, 0x3A,
    0xD8, 0xE1, 0xB5, 0x00, 0x87, 0x8C, 0x99, 0x39, 0xB8, 0xD7, 0x8E, 0xF1, 0x34, 0x10, 0x52, 0xA8,
    0xDC, 0xDE, 0x7D, 0x05, 0x84, 0x96, 0x62, 0x4A, 0xB3, 0xED, 0x02, 0x8D, 0x49, 0x65, 0x1B, 0x2B,
    0x4D, 0xC6, 0x8F, 0x0D, 0x3E, 0x3A, 0x82, 0xFB, 0x07, 0xD0, 0x64, 0x05, 0xA5, 0xB4, 0x22, 0x93,
    0xEA, 0x1B, 0x32, 0xCD, 0x4C, 0x66, 0x13, 0x83, 0x9E, 0xEA, 0xD3, 0xE4, 0x53, 0x40, 0x2E, 0x48,
    0xFC, 0x2D, 0x92, 0x41, 0x56, 0x29, 0x53, 0xBB, 0x5B, 0x64, 0x2E, 0xA0, 0xDE, 0xFB, 0x64, 0x7A,
    0x38, 0xDF, 0x97, 0xCA, 0x80, 0x0C, 0xCA, 0x94, 0x7D, 0xD0, 0x29, 0x93, 0x0F, 0xA1, 0x31, 0xD9,
    0xB8, 0x69, 0x95, 0x49, 0xA7, 0xA8, 0x51, 0x26, 0x91, 0xB8, 0x56, 0x26, 0x96, 0x64, 0xA7, 0x4C,
    0x24, 0xF7, 0x0A, 0x65, 0x36, 0xF2, 0xD4, 0x29, 0x13, 0x42, 0x22, 0x65, 0x02, 0x48, 0xA5, 0x0C,
    0x93, 0xA7, 0x31, 0xD5, 0xE0, 0x19, 0x64, 0x32, 0x30, 0x61, 0xCF, 0xBC, 0x8C, 0x84, 0x19, 0x8D,
    0x2E, 0x6B, 0x03, 0xDC, 0x86, 0xF0, 0x49, 0x1B, 0xD8, 0x67, 0x00, 0x93, 0xD4, 0x29, 0xB3, 0xA8,
    0xB7, 0xA4, 0xB7, 0xF0, 0xDE, 0xD4, 0x2E, 0x5E, 0x6C, 0x9B, 0x34, 0x9E, 0x49, 0xEB, 0x25, 0xEC,
    0xF7, 0x8C, 0xCF, 0x0B, 0xAE, 0x2A, 0x0E, 0x6E, 0x00, 0x1F, 0xCA, 0x64, 0x2A, 0xA9, 0xC1, 0x5C,
    0x26, 0xD5, 0x5B, 0x29, 0x3B, 0x55, 0x1B, 0xF9, 0x67, 0x52, 0x07, 0xCF, 0x80, 0x50, 0x5A, 0xF8,
    0x2D, 0xF0, 0x42, 0xDA, 0xCD, 0x5F, 0x80, 0xBD, 0x74, 0xF1, 0x9F, 0x88, 0x55, 0x9F, 0xFC, 0x96,
    0x98, 0x8F, 0x69, 0x44, 0xCC, 0xA6, 0x5B, 0x8A, 0x89, 0xDC, 0xF7, 0x38, 0x2A, 0x22, 0x65, 0x29,
    0x22, 0xAB, 0x2B, 0x86, 0xD2, 0x00, 0xA9, 0x8E, 0x1A, 0xA5, 0x09, 0x39, 0xA8, 0xDA, 0x25, 0x4C,
    0x39, 0x75, 0x8E, 0xF7, 0xCE, 0xC0, 0x5B, 0x4E, 0xCD, 0xAA, 0xD7, 0x97, 0x1E, 0xBD, 0xC3, 0x87,
    0xC3, 0xB1, 0xE3, 0x47, 0x5E, 0x0B, 0xC9, 0x82, 0x5E, 0x19, 0x59, 0x53, 0x59, 0x72, 0xAC, 0x23,
    0x9F, 0xDC, 0x83, 0xB7, 0xF8, 0xC3, 0xF5, 0xB8, 0xAE, 0x4F, 0xC0, 0xD0, 0xF2, 0x4F, 0xDD, 0x2F,
    0x7D, 0x62, 0x55, 0x55, 0x07, 0xB3, 0xE9, 0x3E, 0x10, 0x57, 0xA9, 0x0D, 0xE4, 0x99, 0x45, 0x6E,
    0xEA, 0xAB, 0xAC, 0xFB, 0x89, 0x3B, 0xBA, 0x02, 0x1F, 0xF7, 0xA1, 0xC5, 0x3D, 0x7C, 0xBB, 0xF5,
    0xF9, 0xA0, 0xF3, 0xF9, 0xC0, 0x36, 0x9C, 0x94, 0xA6, 0x88, 0x2C, 0x35, 0xCC, 0x13, 0x53, 0xD4,
    0xC7, 0x89, 0x98, 0xBA, 0x62, 0xC3, 0x71, 0x63, 0x55, 0xBD, 0xB7, 0xA6, 0x60, 0xD3, 0xD9, 0xC2,
    0xBE, 0x4C, 0xBA, 0xB8, 0xB1, 0x90, 0x4C, 0x6A, 0x7A, 0x9D, 0x65, 0x2E, 0x0A, 0x96, 0x01, 0x47,
    0xCB, 0xB3, 0xD9, 0x64, 0x71, 0x98, 0x8A, 0xD5, 0x0B, 0x7D, 0xC1, 0xC8, 0x18, 0x2B, 0x5C, 0x30,
    0x5A, 0xB7, 0xB1, 0xD1, 0x28, 0x6C, 0x5C, 0x3C, 0x3A, 0xAF, 0x0F, 0x2D, 0x4C, 0x7B, 0xF4, 0x6A,
    0x81, 0x52, 0x0A, 0x17, 0xCE, 0xAE, 0x64, 0x19, 0x73, 0x14, 0xCC, 0xD2, 0x59, 0x66, 0xCA, 0x58,
    0xA9, 0xE2, 0xFA, 0x79, 0xA1, 0xD1, 0x3D, 0x71, 0xDD, 0xA7, 0xB8, 0x33, 0x16, 0xA6, 0x9D, 0x78,
    0xA2, 0xD8, 0x08, 0x0E, 0x0A, 0xFD, 0xB9, 0xCF, 0x26, 0x07, 0x7A, 0x43, 0x34, 0x3D, 0x91, 0x26,
    0xF2, 0x29, 0x28, 0x64, 0x17, 0xED, 0x73, 0x58, 0x53, 0x86, 0x03, 0xCD, 0x87, 0x40, 0x3F, 0x67,
    0x7F, 0x91, 0xCD, 0xF7, 0x10, 0x85, 0xF0, 0xD1, 0x5C, 0x0A, 0xD4, 0x1E, 0x50, 0x77, 0x6A, 0x42,
    0x5C, 0x5B, 0x62, 0xC5, 0x17, 0x18, 0xF9, 0x44, 0x16, 0x54, 0x1B, 0x4A, 0x61, 0xBF, 0xBF, 0xEF,
    0x7E, 0xEF, 0x5E, 0x76, 0xFD, 0x40, 0x6D, 0x79, 0xCD, 0x2B, 0x45, 0xF6, 0xAA, 0xF0, 0x54, 0xD5,
    0xF1, 0xBE, 0xFB, 0xD5, 0x73, 0x6A, 0xF8, 0x5E, 0xD8, 0x52, 0xCB, 0x94, 0xE9, 0x5B, 0x39, 0x75,
    0xB8, 0x7B, 0x32, 0x9F, 0x7F, 0xA1, 0x5C, 0x7A, 0x36, 0xFA, 0x94, 0x92, 0x67, 0xD8, 0xB7, 0x72,
    0x1F, 0xED, 0xB9, 0x91, 0xDC, 0xA8, 0xAA, 0xCF, 0x96, 0x82, 0xDB, 0x2D, 0x5C, 0xD4, 0x2C, 0x5C,
    0x52, 0x2F, 0x5C, 0x56, 0x64, 0xD3, 0xD2, 0x70, 0x65, 0xBE, 0x64, 0x7F, 0xB9, 0xE7, 0x06, 0xE7,
    0xFF, 0x8A, 0x1C, 0xEE, 0x9F, 0xD8, 0x78, 0x1B, 0xD1, 0x24, 0x0B, 0x97, 0x7E, 0xB6, 0xF5, 0x8E,
    0x41, 0xCB, 0x8D, 0x4B, 0x3D, 0x24, 0x97, 0xA9, 0x38, 0xE4, 0x72, 0x17, 0x0C, 0x0B, 0x47, 0xCB,
    0xB1, 0xA7, 0x2F, 0x5D, 0x42, 0x3A, 0x6D, 0xEF, 0xD2, 0x6A, 0x4D, 0xA2, 0x1B, 0x5E, 0x71, 0xEE,
    0xFA, 0xC3, 0x22, 0x78, 0x58, 0x68, 0xF5, 0xCC, 0x74, 0x8E, 0x78, 0x2A, 0xEC, 0x90, 0x69, 0x17,
    0x81, 0x8F, 0xD1, 0x32, 0x50, 0x73, 0x4D, 0xDB, 0x0C, 0x34, 0xD2, 0xE7, 0xEC, 0x74, 0xD8, 0x5D,
    0x53, 0xDF, 0x2B, 0xBC, 0xA1, 0xEB, 0x75, 0xA1, 0x18, 0xD2, 0x4E, 0x17, 0xDB, 0xED, 0x6D, 0xB3,
    0x94, 0xF3, 0xB6, 0x72, 0x6A, 0xA7, 0xDE, 0x23, 0x44, 0x2C, 0x68, 0x31, 0x4C, 0x0F, 0x0D, 0x6D,
    0x26, 0xD4, 0xDF, 0x7C, 0xEF, 0xEF, 0xF2, 0xA4, 0xAA, 0x21, 0xDE, 0x27, 0x58, 0x07, 0x96, 0xBB,
    0xB4, 0x94, 0x70, 0x0A, 0x19, 0x39, 0x85, 0x9C, 0xB8, 0x1F, 0x71, 0xB9, 0x82, 0x85, 0x0D, 0x35,
    0x02, 0x6B, 0x96, 0x75, 0x06, 0x9A, 0xCF, 0x0C, 0x80, 0xC8, 0x9A, 0xFB, 0xEB, 0x7B, 0x87, 0xAB,
    0xC4, 0x37, 0xC3, 0x9A, 0xF5, 0xFF, 0x71, 0x5E, 0xD5, 0x0C, 0x94, 0xB4, 0x66, 0x8F, 0x99, 0xAC,
    0x68, 0xAC, 0xD4, 0xB9, 0x97, 0xD1, 0x56, 0xA9, 0x0D, 0x2D, 0x46, 0xDB, 0x57, 0xDC, 0x79, 0x4C,
    0x59, 0xE5, 0x1B, 0xD4, 0x71, 0xA5, 0x1A, 0xA0, 0x9B, 0x6E, 0x83, 0x21, 0xE8, 0x5E, 0x67, 0x3A,
    0x32, 0x6A, 0xF9, 0x90, 0xE9, 0x50, 0xB3, 0xA1, 0x25, 0x43, 0x35, 0x8D, 0xA5, 0xC2, 0x7D, 0x26,
    0x0C, 0x3E, 0x2C, 0xFC, 0x67, 0x54, 0xCC, 0x46, 0x3E, 0x90, 0x3A, 0x61, 0x37, 0x81, 0x4C, 0x51,
    0xD2, 0x03, 0xF3, 0x21, 0x1F, 0x3C, 0x81, 0xCF, 0x8B, 0x78, 0x72, 0xB9, 0xDD, 0xDE, 0xC9, 0xB9,
    0x90, 0x11, 0x9D, 0xF3, 0x48, 0xF0, 0xAC, 0xEB, 0x62, 0x4C, 0x8A, 0x90, 0xE9, 0xF2, 0xAC, 0xD5,
    0xBA, 0x85, 0x64, 0x40, 0x6F, 0x3C, 0xDD, 0x37, 0x04, 0x19, 0xD4, 0xAF, 0x91, 0xD7, 0x78, 0x67,
    0xCC, 0x30, 0x92, 0x89, 0xFB, 0x0D, 0xD3, 0x44, 0xFD, 0x9E, 0x25, 0x07, 0xE7, 0x02, 0x1F, 0xAA,
    0x1A, 0x52, 0x95, 0xF5, 0x73, 0xEA, 0xA3, 0xB9, 0xA7, 0x5B, 0x5C, 0xE5, 0xA8, 0xFB, 0x5D, 0x68,
    0xCF, 0xCF, 0x8D, 0x32, 0x43, 0x95, 0x23, 0x9F, 0x2B, 0x07, 0xF8, 0x05, 0x32, 0x16, 0x9F, 0x13,
    0x8D, 0x2A, 0x38, 0xEA, 0xCC, 0x2E, 0x33, 0x66, 0xCB, 0xCE, 0xEC, 0xC9, 0x0F, 0x61, 0xD4, 0x96,
    0x12, 0xCC, 0xC5, 0x22, 0xEC, 0xC9, 0x43, 0x35, 0x51, 0xCF, 0xD1, 0x75, 0x76, 0xE9, 0xE3, 0x33,
    0x29, 0x32, 0x66, 0xB0, 0x9F, 0x3B, 0xCB, 0x87, 0xEA, 0xA8, 0xA5, 0x77, 0x3C, 0xAA, 0xE2, 0xD7,
    0xE7, 0xE7, 0xD5, 0x50, 0x32, 0xF8, 0x8D, 0xA0, 0xD9, 0xEA, 0x39, 0x56, 0xA2, 0xC1, 0xC3, 0xCD,
    0x19, 0x5D, 0x3D, 0x1D, 0x03, 0xBE, 0x37, 0xA2, 0x13, 0x52, 0x2D, 0x67, 0xBA, 0xD2, 0x1D, 0x2D,
    0x06, 0xD7, 0xB4, 0x3B, 0xE5, 0xC8, 0x51, 0xD5, 0x5A, 0xBB, 0x94, 0x96, 0x35, 0x73, 0xDF, 0x0D,
    0xE4, 0xBD, 0xE3, 0xEB, 0x5D, 0xD1, 0xE2, 0x7B, 0x3A, 0x39, 0x61, 0x8E, 0xD8, 0xCC, 0xD1, 0x04,
    0xA9, 0x40, 0xC2, 0x99, 0x63, 0xC5, 0x1F, 0xF0, 0x6F, 0x75, 0x7D, 0xB7, 0xDA, 0xC6, 0xBB, 0xF6,
    0x6F, 0x4E, 0x9B, 0xCC, 0xB7, 0xAF, 0x79, 0x97, 0xB7, 0xCF, 0x73, 0x59, 0x9B, 0xFB, 0x76, 0xF7,
    0xA4, 0xF8, 0x71, 0xE1, 0x5E, 0x7E, 0xE5, 0x32, 0xE4, 0x3A, 0x24, 0xB4, 0xB9, 0x86, 0x08, 0xB9,
    0x9B, 0xD2, 0xB0, 0x21, 0x3F, 0x83, 0x2A, 0x2A, 0xAD, 0x98, 0x49, 0xAF, 0xA7, 0x23, 0xE0, 0xD8,
    0x37, 0xC7, 0xDA, 0x87, 0xA3, 0x5F, 0x61, 0x5A, 0x05, 0x37, 0x59, 0x57, 0x57, 0xF5, 0x56, 0x26,
    0x4A, 0x70, 0xD6, 0x73, 0xA6, 0x35, 0xFA, 0xDF, 0xDA, 0x7A, 0x4E, 0xE8, 0x5F, 0x1B, 0xEC, 0xF4,
    0xA2, 0xBA, 0xB0, 0x7E, 0x2F, 0xF7, 0xE3, 0x91, 0x8E, 0x39, 0x4B, 0x01, 0xBA, 0xA8, 0x2E, 0xAB,
    0xD1, 0xAC, 0x8F, 0x27, 0x26, 0xCD, 0xFF, 0x4D, 0xD5, 0x67, 0xA2, 0xE7, 0x30, 0x5C, 0x8F, 0x3E,
    0x05, 0x52, 0x61, 0xAE, 0xA8, 0xE9, 0x4B, 0x78, 0x9B, 0x3A, 0x4C, 0xAE, 0x12, 0xE8, 0xBC, 0x35,
    0x52, 0x2A, 0xCD, 0x0C, 0x3D, 0x39, 0xFC, 0xCE, 0xFE, 0x82, 0x32, 0xCF, 0x78, 0xB4, 0x66, 0x0A,
    0xE7, 0x30, 0x26, 0x45, 0xAE, 0x53, 0xD1, 0x28, 0x3A, 0x10, 0xB7, 0x81, 0xBE, 0xB9, 0x70, 0x7E,
    0x7E, 0x1C, 0x22, 0xEB, 0x41, 0xE2, 0x31, 0x19, 0x8F, 0x99, 0x68, 0x8C, 0xFD, 0x41, 0xD0, 0x83,
    0xE0, 0x53, 0x77, 0xE5, 0x55, 0xCA, 0x5F, 0x45, 0xFE, 0x86, 0xF4, 0x95, 0x93, 0xC1, 0x7F, 0xB6,
    0x77, 0x10, 0x83, 0x23, 0x5D, 0xE9, 0xD2, 0x49, 0xC7, 0xF5, 0xAC, 0x06, 0x33, 0xE9, 0x9C, 0x92,
    0x4E, 0x61, 0xAF, 0xBD, 0x7B, 0x3A, 0xD9, 0xD0, 0x32, 0xA5, 0x53, 0x6A, 0x6D, 0xF2, 0xD9, 0x5C,
    0xB5, 0xBE, 0x1E, 0xEE, 0x8F, 0xA5, 0x34, 0x25, 0x26, 0x92, 0x4E, 0xAA, 0xAA, 0x9C, 0x37, 0x8B,
    0xFA, 0x59, 0x3A, 0xA9, 0xA2, 0xA4, 0x4B, 0x27, 0x7F, 0x34, 0x82, 0x95, 0xB5, 0x25, 0xE7, 0xBB,
    0xA0, 0x97, 0x94, 0xBB, 0x77, 0x15, 0xF8, 0x19, 0x1E, 0xD6, 0x66, 0x08, 0xD9, 0xC7, 0x64, 0x4E,
    0x70, 0xB7, 0x0F, 0xE8, 0x1D, 0x07, 0x4E, 0x0B, 0x68, 0xD0, 0xFA, 0xD5, 0x01, 0x7D, 0xC6, 0x80,
    0x8E, 0x35, 0xA0, 0x33, 0xB9, 0x0B, 0x99, 0xE8, 0xCC, 0x93, 0x2B, 0x5B, 0x74, 0x1D, 0xDC, 0x29,
    0x64, 0xCA, 0x99, 0x4C, 0xDD, 0xC9, 0xCE, 0xFA, 0x2B, 0x6E, 0x7C, 0x49, 0xBC, 0x7A, 0x44, 0x05,
    0x01, 0x77, 0x2C, 0x57, 0x83, 0xF6, 0x80, 0x7A, 0x38, 0x77, 0xD7, 0x3C, 0xC2, 0xFA, 0x01, 0x6B,
    0xF7, 0x62, 0x6D, 0xF2, 0x22, 0xD9, 0x9D, 0xE8, 0x29, 0x40, 0xAE, 0x3C, 0xC6, 0x35, 0x7C, 0x8E,
    0xBF, 0xE0, 0x9E, 0xAA, 0xE1, 0x1B, 0xF3, 0x4B, 0x5A, 0x92, 0x3D, 0x1E, 0x47, 0x11, 0x2D, 0x81,
    0x76, 0x62, 0x47, 0xD3, 0x46, 0x3D, 0xDC, 0x17, 0x96, 0x44, 0x2F, 0x44, 0x12, 0x8D, 0xF0, 0xED,
    0xE0, 0x41, 0x78, 0x64, 0xC6, 0xD3, 0x3B, 0x2A, 0x05, 0x17, 0x83, 0xAB, 0x94, 0x4D, 0x3A, 0xEB,
    0xFC, 0x85, 0x14, 0x87, 0x8C, 0x71, 0xD3, 0x0E, 0x0B, 0x59, 0x2F, 0xB4, 0x99, 0x38, 0xA5, 0x55,
    0xD8, 0x4E, 0x81, 0x68, 0x6F, 0x39, 0xAB, 0x8C, 0x85, 0x1E, 0x32, 0xFE, 0x82, 0x79, 0xA0, 0x24,
    0x27, 0x05, 0x3E, 0xAB, 0x1A, 0xAA, 0x82, 0x29, 0x2F, 0xD6, 0xC3, 0x9F, 0xD3, 0xDB, 0xA6, 0xB7,
    0xF1, 0x88, 0x26, 0x6A, 0xD7, 0xE4, 0x31, 0x27, 0x35, 0x84, 0x4F, 0xB6, 0xE3, 0x99, 0xD5, 0x23,
    0x9E, 0x58, 0x59, 0x80, 0x99, 0x63, 0x64, 0xBB, 0xFD, 0x69, 0x55, 0x38, 0x15, 0xEA, 0x18, 0xB3,
    0xBE, 0x54, 0x9D, 0xC3, 0x7C, 0xD9, 0x6B, 0x3B, 0x16, 0xFB, 0xFB, 0x2E, 0x50, 0x9A, 0x15, 0x2A,
    0xD5, 0x8E, 0x3C, 0x42, 0x71, 0x43, 0xB9, 0xB8, 0x29, 0x18, 0x02, 0xC2, 0x33, 0x8E, 0x06, 0x95,
    0x81, 0x47, 0x4F, 0x5A, 0x00, 0x0F, 0xE7, 0x9D, 0x11, 0x45, 0x53, 0x12, 0x2F, 0xA4, 0x8B, 0xD9,
    0x40, 0xC4, 0x3B, 0xF6, 0x56, 0x05, 0xBC, 0xF8, 0xBA, 0x0D, 0x9E, 0x3A, 0x69, 0x6B, 0xC8, 0x3F,
    0x5A, 0x4E, 0xD1, 0xD8, 0x32, 0x73, 0x8B, 0x05, 0x69, 0xBB, 0xE4, 0xF6, 0x43, 0x09, 0x56, 0xA7,
    0x58, 0x13, 0x6C, 0x3B, 0x1D, 0xE1, 0x39, 0x19, 0x49, 0xDE, 0xE7, 0xEC, 0xE6, 0x53, 0x9E, 0x5B,
    0x46, 0x3E, 0x27, 0xD2, 0x6A, 0x48, 0xA6, 0x3E, 0x91, 0xC9, 0x11, 0x9E, 0x6E, 0xEF, 0xAC, 0x4C,
    0x5A, 0xD9, 0x61, 0x17, 0x5B, 0x9F, 0x82, 0x78, 0x53, 0x0F, 0xA8, 0x2E, 0x75, 0x00, 0x09, 0x75,
    0x5C, 0xB5, 0x83, 0xB6, 0x35, 0x6E, 0x3C, 0xC6, 0x1E, 0x33, 0x8F, 0xA5, 0x61, 0x70, 0x69, 0x18,
    0xFD, 0xCB, 0x30, 0xF9, 0xCA, 0x30, 0xF7, 0xCF, 0x8F, 0x86, 0x7F, 0xEE, 0x0C, 0xBF, 0x69, 0x0C,
    0xA5, 0x30, 0x9C, 0xFD, 0x7B, 0x06, 0x8F, 0xED, 0x0B, 0xEF, 0x5F, 0xD0, 0xE2, 0xB6, 0x83, 0x3C,
    0x3A, 0x4E, 0x17, 0xEB, 0x7D, 0xB8, 0xE0, 0xFC, 0xFC, 0x81, 0xC6, 0x8F, 0x74, 0x07, 0x70, 0x68,
    0x35, 0x5F, 0xCC, 0x44, 0x73, 0x62, 0x67, 0x5A, 0x89, 0x1D, 0x5B, 0x06, 0xCF, 0x1D, 0x5B, 0xAE,
    0x21, 0x32, 0x48, 0x0D, 0x4A, 0x85, 0xAF, 0x07, 0x85, 0x6F, 0x5A, 0x05, 0x88, 0x40, 0x98, 0xED,
    0x81, 0xDE, 0xA0, 0x5D, 0xAD, 0xA2, 0x4B, 0x77, 0x76, 0x6C, 0xD9, 0x1F, 0xBF, 0xBD, 0x5E, 0x7A,
    0x86, 0xA5, 0x6B, 0x58, 0xD2, 0xCC, 0xD2, 0x39, 0xB0, 0x97, 0xB5, 0x41, 0xF2, 0xC5, 0x64, 0xF3,
    0x83, 0xB6, 0xA6, 0x26, 0xA9, 0x7D, 0xED, 0x89, 0xAC, 0xE0, 0x44, 0x93, 0xC2, 0xC6, 0xAA, 0x0E,
    0x6A, 0xCE, 0x83, 0x57, 0x16, 0x9B, 0xEF, 0x93, 0x89, 0x8B, 0xF5, 0x56, 0x34, 0xE3, 0xEE, 0x4B,
    0x68, 0xB4, 0x6C, 0x25, 0x7C, 0xB1, 0x7C, 0x06, 0x95, 0xB6, 0x7F, 0xA9, 0x25, 0xEE, 0xEA, 0xF2,
    0x77, 0x5A, 0xBE, 0x6A, 0x76, 0x51, 0xCC, 0xAA, 0xC8, 0x14, 0x4C, 0xBD, 0xF8, 0x61, 0x65, 0x40,
    0xD6, 0xCA, 0x75, 0x18, 0x2F, 0x4A, 0x9B, 0xD1, 0xAB, 0x61, 0x0D, 0x4C, 0x30, 0xB0, 0xFB, 0x55,
    0x50, 0xF5, 0xEB, 0x07, 0x4A, 0x03, 0x5B, 0x73, 0x97, 0xE9, 0xFC, 0xBF, 0xBC, 0x8F, 0x69, 0x3F,
    0x1B, 0xF5, 0x20, 0x80, 0xCD, 0x9C, 0xF4, 0x27, 0x14, 0xD4, 0x4F, 0xAE, 0xF0, 0x84, 0xC3, 0x17,
    0x28, 0x47, 0x1D, 0xB1, 0xAC, 0x3A, 0x62, 0xF3, 0xEA, 0x9F, 0xBD, 0xE0, 0xD3, 0xC1, 0x87, 0xB7,
    0xB5, 0x2F, 0x9E, 0x6D, 0xB2, 0xB2, 0x9C, 0xDC, 0xE9, 0x26, 0x51, 0xC8, 0x46, 0x7E, 0x2D, 0x65,
    0xFB, 0xCE, 0x59, 0x1D, 0x38, 0xBA, 0xC4, 0xAF, 0xA5, 0x7A, 0xA7, 0x3D, 0x85, 0xC7, 0xD3, 0xD1,
    0xFF, 0x89, 0x39, 0x5F, 0xCF, 0xA4, 0x69, 0xA2, 0x9B, 0x76, 0x86, 0x78, 0xFA, 0x5A, 0xF5, 0x37,
    0x6F, 0xA4, 0x7E, 0xBD, 0xF6, 0x70, 0x95, 0xFA, 0xC7, 0x23, 0xF5, 0x4F, 0xFF, 0xA7, 0xFA, 0x5F,
    0xA6, 0xCE, 0xF2, 0xB5, 0xEA, 0x9C, 0xCF, 0xBF, 0x10, 0x6B, 0x4A, 0x17, 0xFA, 0x46, 0xEA, 0x7C,
    0xAB, 0xEE, 0xFF, 0x6E, 0xE9, 0xFF, 0x6D, 0xB8, 0xFF, 0x77, 0x6D, 0xAF, 0x75, 0x39, 0xFA, 0x6F,
    0x64, 0x3E, 0xA3, 0x02, 0x23, 0xFD, 0x66, 0x38, 0x9B, 0x3F, 0xE0, 0x31, 0x5B, 0xCF, 0x97, 0x9A,
    0xD8, 0x98, 0xC0, 0xD0, 0x73, 0xA5, 0x8D, 0xF6, 0x5C, 0x3B, 0xFF, 0xAD, 0xB3, 0x1D, 0x49, 0x86,
    0xDA, 0xF9, 0x2C, 0xB4, 0xD3, 0x76, 0x7E, 0xA1, 0xC1, 0xF6, 0xAE, 0x35, 0x6F, 0xBE, 0x96, 0x1F,
    0xEE, 0x84, 0xA5, 0xB4, 0x77, 0xAB, 0xD1, 0xF5, 0xC1, 0x32, 0xA5, 0x7E, 0x63, 0x8D, 0xDE, 0x4D,
    0x4F, 0x3C, 0xF8, 0xDE, 0x5C, 0xBF, 0xAB, 0x4E, 0x54, 0x9E, 0xC0, 0xC6, 0x02, 0xED, 0xDA, 0xFE,
    0x03, 0xDD, 0x57, 0xBD, 0x92, 0xDC, 0x44, 0x10, 0x6E, 0x49, 0xF6, 0xA9, 0xEA, 0x14, 0x88, 0x00,
    0x27, 0x26, 0x50, 0x6C, 0x53, 0x85, 0x9E, 0xC0, 0x48, 0x90, 0x90, 0x6E, 0xE0, 0xE3, 0x09, 0x08,
    0xFC, 0x12, 0x20, 0xE1, 0x94, 0xE4, 0x1E, 0x81, 0xE0, 0x8A, 0xBA, 0x5A, 0x02, 0x5E, 0xC0, 0x66,
    0x44, 0x4C, 0xC0, 0x3E, 0xC2, 0x06, 0x5C, 0x91, 0x8E, 0xAB, 0x14, 0x2C, 0x67, 0x49, 0xCD, 0xD7,
    0xDD, 0xA3, 0x3B, 0xED, 0xFD, 0x15, 0x57, 0xE0, 0xC0, 0x9E, 0xBD, 0xFB, 0xBA, 0x77, 0x35, 0x3F,
    0x5F, 0x77, 0x4F, 0xCF, 0xB4, 0xA8, 0x26, 0xA2, 0xCC, 0xE7, 0x9E, 0xF2, 0x5D, 0xD1, 0x07, 0xE8,
    0xF1, 0x35, 0x3E, 0x3E, 0x68, 0x69, 0xD1, 0x1E, 0xAD, 0x88, 0x52, 0xE6, 0x96, 0xCA, 0x89, 0x7B,
    0x6A, 0x36, 0xC5, 0x40, 0xAE, 0xCD, 0x98, 0x9A, 0x3A, 0xE1, 0xBA, 0x00, 0x74, 0x44, 0x4B, 0xD8,
    0x50, 0xC5, 0x33, 0x50, 0xBC, 0x7C, 0xFA, 0x19, 0xA0, 0x75, 0x98, 0x8C, 0xB8, 0xCE, 0x26, 0x72,
    0x5D, 0x39, 0x48, 0xB7, 0x2D, 0x65, 0x3C, 0x81, 0xCD, 0x23, 0x61, 0x44, 0xEB, 0xF5, 0xA9, 0x08,
    0xE6, 0x61, 0x21, 0x8E, 0x8E, 0x56, 0x17, 0x7C, 0x98, 0xB9, 0x6E, 0xD8, 0x43, 0xB4, 0x8E, 0xFB,
    0x82, 0xFF, 0xC6, 0x84, 0x75, 0xCA, 0x9E, 0xA2, 0x09, 0xCB, 0x41, 0x60, 0x04, 0x88, 0xC6, 0x3D,
    0x91, 0x1B, 0x28, 0xF1, 0x44, 0xD5, 0x48, 0xE9, 0x96, 0xA8, 0x64, 0xCA, 0x41, 0x24, 0x07, 0x6B,
    0x18, 0x98, 0x71, 0x57, 0x92, 0xF2, 0xAD, 0x48, 0x78, 0xFA, 0xD7, 0x3A, 0x79, 0xAF, 0xEB, 0x35,
    0x63, 0x2F, 0xA2, 0xC2, 0x74, 0x68, 0x05, 0x28, 0x92, 0x0C, 0xEC, 0x44, 0xA4, 0xAC, 0xEE, 0x49,
    0x58, 0xD9, 0x60, 0x51, 0x6D, 0xA3, 0xC0, 0x83, 0x74, 0xB0, 0xFE, 0x37, 0x0D, 0x0B, 0x1D, 0xCD,
    0x90, 0xC3, 0xF5, 0xBA, 0x96, 0x47, 0x32, 0x97, 0xE1, 0xC3, 0xA3, 0x23, 0xDA, 0x6B, 0x30, 0x1D,
    0x33, 0x30, 0xEF, 0x80, 0x39, 0xB7, 0x11, 0x83, 0x72, 0x4D, 0x83, 0xF8, 0x10, 0x08, 0xC7, 0x46,
    0x3D, 0x45, 0xBC, 0x11, 0x03, 0xD9, 0x27, 0x58, 0xAA, 0xF1, 0x29, 0x3C, 0x5E, 0xED, 0xC4, 0xC8,
    0x72, 0xC8, 0x31, 0x67, 0x31, 0x14, 0x42, 0x60, 0xAA, 0x94, 0xF6, 0x33, 0x65, 0xFD, 0x4A, 0xAD,
    0xDD, 0x99, 0xB1, 0x8A, 0x4A, 0xB6, 0x51, 0xAE, 0x55, 0xB7, 0x40, 0x0D, 0x87, 0xBB, 0x34, 0xD2,
    0x8C, 0x2B, 0x65, 0xD0, 0xA7, 0x6A, 0x5A, 0xC5, 0xD2, 0xE5, 0x69, 0x08, 0xCD, 0x47, 0xF8, 0xA0,
    0xEB, 0x18, 0x0F, 0xBA, 0x42, 0x32, 0xE9, 0x72, 0x2A, 0xE2, 0x29, 0x51, 0xFF, 0xBC, 0xA0, 0x13,
    0xA2, 0xAB, 0x56, 0x7E, 0x00, 0xD1, 0x44, 0x5F, 0xF1, 0x4C, 0x57, 0x61, 0xAE, 0x6A, 0xE3, 0x3A,
    0x71, 0xA7, 0x60, 0xD5, 0x35, 0xC0, 0xC3, 0xFA, 0x31, 0xDD, 0xD0, 0xDE, 0xB7, 0xF8, 0x1E, 0x9E,
    0x3E, 0xFD, 0x51, 0xFC, 0xD0, 0x57, 0xFA, 0x6C, 0xEB, 0xC4, 0x71, 0xCD, 0xF7, 0xEA, 0xB8, 0x29,
    0xD1, 0xA0, 0xEF, 0x32, 0x5D, 0x65, 0x15, 0xD5, 0x1F, 0x58, 0x7C, 0xD7, 0x2F, 0xD7, 0x18, 0xCC,
    0x5F, 0x61, 0x5C, 0x32, 0xE6, 0x70, 0x6E, 0xB6, 0x2B, 0xD0, 0x3D, 0xDF, 0x6A, 0xC4, 0xEB, 0x5F,
    0xD1, 0xE5, 0x63, 0x5A, 0xBD, 0xDF, 0xF1, 0x7D, 0x10, 0x78, 0x37, 0xB5, 0x33, 0xFE, 0x9D, 0x3E,
    0x26, 0xFE, 0xCD, 0x5C, 0xE8, 0x5A, 0xFB, 0xFE, 0x04, 0x9F, 0xEB, 0xCD, 0x31, 0xFA, 0x21, 0xD6,
    0xB3, 0x4C, 0x41, 0xF1, 0x13, 0xFE, 0x13, 0x16, 0x7A, 0x3B, 0xFF, 0xB1, 0xE2, 0xFD, 0xA4, 0xBF,
    0x22, 0x7B, 0x93, 0xD8, 0x25, 0xA9, 0xC8, 0x8A, 0x7F, 0x72, 0x22, 0x0B, 0xAC, 0x26, 0x32, 0x66,
    0xFE, 0x4B, 0x63, 0xF7, 0xF0, 0x79, 0x62, 0x31, 0xA4, 0xFB, 0xCA, 0x4C, 0x6E, 0x2C, 0x89, 0x33,
    0xAB, 0xA5, 0x41, 0xAA, 0xD1, 0x7A, 0x51, 0xDA, 0x25, 0x39, 0xA3, 0xDC, 0x95, 0xD7, 0x2E, 0xCB,
    0x0B, 0x6F, 0x0C, 0x15, 0x4F, 0x86, 0x29, 0x6F, 0xF0, 0x87, 0x35, 0xEE, 0xF8, 0x8B, 0x03, 0x6E,
    0x85, 0x0A, 0x4F, 0xBF, 0x00, 0x1B, 0x35, 0x2B, 0x0B, 0x46, 0x25, 0xB7, 0x60, 0xA6, 0x81, 0x74,
    0x3C, 0x19, 0x3A, 0x71, 0x46, 0x2D, 0xC0, 0x6D, 0xCA, 0xE7, 0x6B, 0x6E, 0x31, 0x27, 0x55, 0xD8,
    0x7C, 0x5B, 0xCA, 0x17, 0x98, 0x29, 0xC6, 0x75, 0xA4, 0xC3, 0xDF, 0x05, 0xC6, 0x8A, 0x89, 0x6E,
    0x4E, 0x0B, 0x90, 0x21, 0x45, 0x4E, 0x9D, 0x5D, 0x2A, 0xE6, 0x0B, 0xCC, 0x2C, 0xF1, 0xAE, 0xA1,
    0x6C, 0x49, 0x8C, 0xED, 0x15, 0x70, 0x00, 0xA4, 0x3D, 0xB2, 0x26, 0x16, 0x88, 0x2E, 0x00, 0x47,
    0x8E, 0xC4, 0xEE, 0xDF, 0xC3, 0x56, 0x12, 0xAA, 0xD7, 0x99, 0x5B, 0x81, 0x4E, 0x37, 0xFC, 0x9C,
    0x3B, 0x4A, 0xAE, 0xE8, 0x66, 0x6A, 0x0B, 0xD8, 0x0F, 0xB6, 0xA3, 0x70, 0x4C, 0xF0, 0x97, 0xE1,
    0x7C, 0xE1, 0x97, 0x1C, 0x7E, 0xF9, 0x22, 0x28, 0x4F, 0x70, 0xEB, 0xD1, 0xCD, 0x09, 0x23, 0xE1,
    0xE5, 0x1D, 0xCF, 0x8A, 0x12, 0x02, 0x99, 0x63, 0xF3, 0x5D, 0x39, 0x19, 0x59, 0x2A, 0xEE, 0xAD,
    0x9C, 0x9F, 0x04, 0x45, 0x8A, 0xAB, 0xA0, 0x0C, 0xA1, 0x4F, 0xC1, 0x41, 0x41, 0x16, 0x99, 0x02,
    0x9F, 0x9A, 0x82, 0x75, 0x4D, 0x89, 0x2E, 0x15, 0x7F, 0xE5, 0x97, 0xF8, 0x52, 0xD9, 0xCC, 0xC3,
    0x65, 0x1E, 0x7C, 0xC5, 0x51, 0x0D, 0xCE, 0x09, 0x9F, 0xF3, 0x08, 0x2B, 0x74, 0x17, 0xFA, 0x60,
    0xE0, 0xA4, 0x06, 0x6A, 0x91, 0x60, 0x2D, 0x94, 0x09, 0xD8, 0x21, 0x53, 0x3A, 0x86, 0x24, 0x0C,
    0x4A, 0x6C, 0x97, 0x09, 0xDA, 0xC9, 0xF5, 0x72, 0x61, 0xBF, 0xCD, 0xD1, 0x93, 0xFF, 0x5A, 0x15,
    0xB9, 0x52, 0x30, 0xD5, 0xD6, 0xBC, 0xA1, 0xD5, 0xE7, 0x5D, 0xCA, 0xD9, 0x2A, 0x28, 0x2C, 0x06,
    0x99, 0x32, 0x84, 0x3E, 0x05, 0x07, 0x25, 0x43, 0x74, 0x55, 0x49, 0x10, 0xDD, 0x5B, 0x94, 0x54,
    0xFB, 0x44, 0xE2, 0x04, 0x19, 0x15, 0xF3, 0x59, 0x33, 0x09, 0x8D, 0x79, 0xE7, 0x8A, 0x32, 0xD5,
    0xA2, 0xDC, 0x95, 0xA2, 0xC5, 0x32, 0x51, 0x3B, 0xC1, 0x83, 0x5B, 0x53, 0xF4, 0x67, 0x3E, 0x3F,
    0x35, 0xBE, 0x44, 0x5F, 0xF3, 0xD9, 0xF3, 0xFF, 0x9C, 0xA2, 0x7E, 0x46, 0x3C, 0x59, 0x60, 0xA2,
    0x17, 0x8B, 0xDC, 0xC8, 0x94, 0xBA, 0x8D, 0x5E, 0x44, 0x76, 0xFC, 0xE8, 0xB9, 0xF8, 0xCD, 0x22,
    0x14, 0xEC, 0x15, 0x60, 0x76, 0xE1, 0xF5, 0x62, 0x9B, 0x21, 0xBE, 0x80, 0xB0, 0x74, 0x23, 0xEB,
    0x28, 0xDC, 0x9D, 0xA2, 0x49, 0x48, 0xD1, 0xD0, 0x39, 0x50, 0x52, 0x50, 0x5A, 0xC2, 0x4A, 0x49,
    0xA5, 0xF6, 0x86, 0x51, 0x1B, 0xA3, 0x92, 0x25, 0x7A, 0x5E, 0x5E, 0x2D, 0x4A, 0xF6, 0x07, 0x70,
    0x7C, 0xCA, 0xC7, 0xE4, 0x46, 0xEC, 0x3A, 0x24, 0x38, 0xB6, 0x68, 0x2F, 0xD7, 0x86, 0x8E, 0x46,
    0x5D, 0x91, 0xEB, 0xD0, 0x6D, 0xA5, 0x7E, 0xF1, 0xDF, 0x69, 0x6E, 0x0E, 0xC3, 0x5E, 0x41, 0xB1,
    0x59, 0x54, 0x06, 0x89, 0x7D, 0x4B, 0xED, 0x59, 0x6E, 0x37, 0x71, 0xD5, 0xE8, 0xDE, 0x7D, 0x5D,
    0xB2, 0x96, 0x41, 0xB9, 0xDC, 0x98, 0xA9, 0xD7, 0xAE, 0x79, 0xA7, 0x7B, 0x12, 0xB7, 0xB1, 0x74,
    0x75, 0x52, 0xAD, 0x18, 0x0F, 0xA9, 0x07, 0xC4, 0xBA, 0x8D, 0x63, 0x8F, 0xF7, 0xAB, 0x31, 0x08,
    0x73, 0xE7, 0xB3, 0x3D, 0xF1, 0xAD, 0x89, 0x57, 0x8A, 0x6F, 0x2D, 0x3B, 0x6C, 0x61, 0x14, 0x0D,
    0x2A, 0x1E, 0xCF, 0x15, 0x17, 0x8C, 0xFE, 0x9D, 0xF5, 0xB5, 0xEA, 0x07, 0x96, 0x2A, 0x63, 0x20,
    0xE1, 0xD2, 0x0C, 0x7A, 0x52, 0x95, 0x63, 0xB4, 0x53, 0xD2, 0x89, 0xBA, 0x90, 0xFF, 0xE8, 0xEC,
    0x9A, 0xB3, 0x03, 0xC9, 0x96, 0xAE, 0x82, 0xE0, 0x50, 0xC4, 0x48, 0x97, 0xF8, 0x8D, 0x6E, 0x95,
    0x74, 0xE3, 0xE4, 0x84, 0x2A, 0xDA, 0x52, 0xFA, 0x54, 0x98, 0x47, 0x4A, 0x3F, 0xF1, 0xA1, 0xBC,
    0xD3, 0xE5, 0x30, 0xD3, 0x69, 0xA5, 0x37, 0x0B, 0x6D, 0xC5, 0x9E, 0x28, 0x03, 0x4B, 0xC5, 0xCF,
    0xA7, 0xE5, 0x8A, 0xA5, 0x19, 0x74, 0x70, 0xFC, 0x6E, 0xE2, 0xC7, 0x96, 0x2A, 0x41, 0xFC, 0x3F,
    0xF1, 0x9B, 0x16, 0xF1, 0x1B, 0x82, 0x58, 0x86, 0xC1, 0xA2, 0x10, 0x82, 0xE0, 0x34, 0x06, 0x16,
    0x02, 0x8B, 0x80, 0x05, 0x20, 0x92, 0xB3, 0x2B, 0xD1, 0x2A, 0x26, 0x09, 0xB5, 0x8C, 0x39, 0xDF,
    0xCA, 0x1A, 0x75, 0xBD, 0x79, 0xDE, 0x1C, 0x6F, 0x7E, 0x57, 0xB7, 0x9B, 0xD7, 0xCD, 0xDB, 0x86,
    0xFF, 0x00, 0xED, 0x99, 0xBF, 0x6F, 0xE4, 0x54, 0x10, 0xC7, 0xDF, 0xB3, 0x93, 0xB5, 0xB4, 0x2E,
    0x4C, 0x71, 0x69, 0x40, 0x60, 0x0A, 0x8A, 0xBB, 0x93, 0x60, 0xFF, 0x01, 0x82, 0x8D, 0x28, 0x68,
    0x29, 0xD8, 0xFA, 0x0A, 0x28, 0x22, 0x0A, 0x68, 0x28, 0x97, 0xD8, 0x7F, 0xC2, 0x76, 0x14, 0xD7,
    0xA4, 0xA0, 0x80, 0x34, 0xD4, 0x48, 0xE1, 0xD6, 0x97, 0xBF, 0x60, 0x05, 0x25, 0x8D, 0x25, 0x04,
    0x77, 0xBA, 0x2B, 0xCE, 0x39, 0x19, 0xE1, 0x93, 0xEC, 0x7D, 0xBC, 0xF9, 0xCE, 0xD8, 0x5E, 0x2B,
    0x41, 0x3A, 0x28, 0xA2, 0xDD, 0xDB, 0x58, 0xD1, 0x4C, 0x76, 0xFD, 0x3C, 0x9E, 0x99, 0xCF, 0xBC,
    0x9F, 0xAB, 0x94, 0x36, 0x99, 0xA2, 0xCB, 0x31, 0x4B, 0x68, 0xD7, 0xE4, 0xD0, 0x9E, 0x29, 0xA0,
    0x03, 0x53, 0xB2, 0x4E, 0x6A, 0xE8, 0x49, 0xC8, 0x3A, 0x0A, 0x1A, 0xE8, 0xE3, 0xC0, 0x40, 0x9F,
    0xF9, 0xAC, 0x6B, 0xD7, 0xA4, 0x56, 0xE9, 0xD2, 0x85, 0x61, 0xB7, 0x60, 0xC3, 0x6E, 0xA1, 0x60,
    0xD8, 0x5F, 0x2A, 0x18, 0x0E, 0x32, 0xB5, 0x20, 0xC3, 0xA1, 0x31, 0xA6, 0x22, 0xB3, 0x56, 0x93,
    0xE1, 0xC8, 0xFE, 0x4B, 0x86, 0x8F, 0xE9, 0x96, 0xD5, 0x0D, 0x79, 0x40, 0x66, 0xED, 0xA3, 0x26,
    0x56, 0xBA, 0x26, 0x0F, 0x33, 0xE5, 0x56, 0xA4, 0x97, 0xCA, 0xAF, 0xC9, 0xD3, 0x52, 0x19, 0x6B,
    0xD4, 0x5A, 0xE8, 0xF4, 0x15, 0xD7, 0x4F, 0x4A, 0xE2, 0x4B, 0xA1, 0x7D, 0x89, 0xDB, 0x13, 0xED,
    0x5A, 0xEB, 0xB8, 0x8E, 0x20, 0xF7, 0x4F, 0xE9, 0xE3, 0xC2, 0x34, 0x74, 0xE7, 0x99, 0x7D, 0xC6,
    0x37, 0x8E, 0x6D, 0xE9, 0x37, 0x14, 0x86, 0x57, 0x23, 0x88, 0xEF, 0x39, 0x94, 0x35, 0xF9, 0x3A,
    0xBD, 0xDF, 0x31, 0x24, 0x03, 0x33, 0xB7, 0xD2, 0xC6, 0x62, 0x65, 0x84, 0xF6, 0x49, 0xD5, 0xCB,
    0xA8, 0xD2, 0xF8, 0xDE, 0xA5, 0x36, 0xAB, 0x7B, 0x8B, 0xCA, 0xB6, 0xAF, 0x23, 0x13, 0x3B, 0xA6,
    0xB0, 0x52, 0x1D, 0x5C, 0x72, 0x9C, 0xDD, 0x66, 0xA7, 0xD9, 0x65, 0x71, 0xF8, 0x68, 0x10, 0x64,
    0x4B, 0xB1, 0xA3, 0xF6, 0x11, 0xD3, 0xD2, 0xBA, 0x96, 0xF0, 0x2B, 0xD6, 0x21, 0xD3, 0x55, 0x91,
    0x44, 0x7D, 0x28, 0x06, 0x6E, 0x0F, 0x93, 0xF6, 0x8A, 0x56, 0x87, 0xB3, 0x8A, 0xE1, 0x3C, 0xBD,
    0x33, 0xF4, 0xE8, 0x8D, 0x7B, 0x2E, 0x02, 0x71, 0x11, 0x56, 0x88, 0x20, 0x1F, 0x20, 0x35, 0x67,
    0xF0, 0x7B, 0xD6, 0xA7, 0x64, 0x53, 0x2A, 0xE3, 0xAE, 0x90, 0x4B, 0xE4, 0x73, 0xCD, 0x9C, 0x7E,
    0x29, 0xB8, 0xBA, 0x9F, 0xE3, 0x76, 0xF8, 0x2B, 0xF3, 0x48, 0xE2, 0x85, 0x34, 0x0A, 0xD3, 0xAB,
    0x3A, 0xC7, 0xAB, 0x3B, 0x0A, 0x1C, 0xC4, 0x7D, 0x99, 0x37, 0x14, 0xE0, 0xC3, 0x82, 0x1A, 0x3F,
    0xB7, 0xEE, 0x05, 0x8F, 0xF0, 0xAE, 0x74, 0x85, 0x5B, 0x13, 0xFB, 0xCD, 0x27, 0x4A, 0xC7, 0x9B,
    0xC4, 0xF9, 0x07, 0xF1, 0x65, 0x21, 0xBA, 0x85, 0xE7, 0x9D, 0x0B, 0xA7, 0x6F, 0x85, 0x4F, 0xF8,
    0xFB, 0x25, 0xCE, 0xD9, 0xEE, 0x70, 0x9E, 0xAE, 0x25, 0x69, 0x82, 0x14, 0x79, 0x0F, 0xC9, 0x0F,
    0xCD, 0xE9, 0x09, 0xFE, 0xDE, 0x74, 0xCE, 0x74, 0x89, 0x43, 0x81, 0x0C, 0xD0, 0x6F, 0x7E, 0xA3,
    0x86, 0x23, 0xF3, 0x99, 0xF4, 0xEF, 0x9C, 0xFB, 0xF7, 0x45, 0x7A, 0xD3, 0xBF, 0xBB, 0x8B, 0x93,
    0xF6, 0xD6, 0xCF, 0x24, 0xF7, 0x0E, 0xDB, 0x11, 0xDB, 0x31, 0xE7, 0x25, 0x3D, 0x78, 0x91, 0x6D,
    0x43, 0x5F, 0x57, 0xE3, 0x39, 0x3B, 0x94, 0xAC, 0x7C, 0xC0, 0xB2, 0x86, 0x39, 0xC7, 0x09, 0x22,
    0xD5, 0xF3, 0x51, 0x75, 0xE5, 0x5C, 0xDF, 0x32, 0xDC, 0xF1, 0x5A, 0x18, 0x21, 0x7D, 0x51, 0xE3,
    0x65, 0x48, 0x5D, 0xA6, 0x74, 0x45, 0x89, 0xD3, 0xB9, 0x57, 0xAD, 0xA5, 0x2C, 0xEB, 0x02, 0xDD,
    0x82, 0x8A, 0xD0, 0xA7, 0xE9, 0x80, 0x90, 0x2F, 0x64, 0x26, 0xDD, 0x68, 0xCF, 0x04, 0x1A, 0x19,
    0xF5, 0xD6, 0x03, 0xD8, 0x81, 0x5E, 0xDF, 0x63, 0x7D, 0x2C, 0xC3, 0x80, 0xB9, 0x5A, 0xFB, 0x2B,
    0xC9, 0xC7, 0x77, 0x6B, 0x69, 0xE5, 0x64, 0x70, 0x4A, 0x79, 0xFA, 0xE4, 0x8E, 0x63, 0x93, 0x99,
    0x6D, 0xE6, 0x0C, 0xF1, 0xB2, 0x7B, 0x01, 0x47, 0x0A, 0xDE, 0x93, 0x35, 0x7E, 0x20, 0x4B, 0x81,
    0xF7, 0x58, 0xCD, 0x6E, 0x4D, 0x98, 0x32, 0x81, 0x20, 0x6D, 0xEA, 0x41, 0x35, 0x38, 0x66, 0xAE,
    0x76, 0x69, 0x0E, 0x19, 0x9D, 0xC0, 0xEB, 0xBC, 0x5F, 0x60, 0x61, 0x06, 0x29, 0xDF, 0x3E, 0x84,
    0x35, 0x9A, 0x77, 0x93, 0xA7, 0xFC, 0xE6, 0x02, 0x79, 0x47, 0x9B, 0xD7, 0x36, 0x6C, 0x47, 0x10,
    0x2C, 0xA5, 0xD6, 0x05, 0xBA, 0x53, 0x8A, 0x77, 0xB2, 0x75, 0x99, 0xED, 0xDD, 0x50, 0x5F, 0xA3,
    0xCE, 0xBB, 0x27, 0x5E, 0x24, 0x7B, 0x88, 0x48, 0x23, 0x8E, 0xF2, 0x9D, 0xAD, 0xA2, 0xDE, 0x53,
    0xE2, 0xD1, 0xCA, 0xF9, 0x4D, 0xFA, 0xBA, 0x97, 0x0D, 0xFB, 0xBE, 0xAC, 0x22, 0x67, 0xB7, 0x6F,
    0xAA, 0xE0, 0xD2, 0x4C, 0xE2, 0x60, 0x7A, 0xF0, 0x7E, 0xA4, 0x14, 0xEA, 0x80, 0xD7, 0xD5, 0x48,
    0x27, 0x96, 0xE0, 0xE5, 0xD7, 0x5B, 0x55, 0x11, 0xA3, 0xF9, 0x3E, 0xAF, 0x06, 0x9B, 0x50, 0x08,
    0x73, 0x9C, 0xB3, 0x90, 0x49, 0xDC, 0x72, 0x4E, 0x06, 0x64, 0xDF, 0x57, 0xEF, 0x4A, 0x45, 0xF0,
    0x86, 0x23, 0x7C, 0x5A, 0x0F, 0xD6, 0x1A, 0xDA, 0xA4, 0xBB, 0x54, 0x11, 0xFB, 0x7C, 0x5C, 0x50,
    0x7E, 0xD0, 0x92, 0x54, 0x35, 0x02, 0x38, 0xF1, 0xF3, 0x2E, 0xF4, 0xCF, 0x71, 0x4A, 0x76, 0x86,
    0x8A, 0x88, 0xEE, 0x57, 0xF0, 0xA6, 0x40, 0xE8, 0x1B, 0x59, 0x11, 0x47, 0x6A, 0x2C, 0x1B, 0xC8,
    0xC9, 0x60, 0x7F, 0x10, 0x99, 0x46, 0x48, 0x55, 0x03, 0x92, 0x6A, 0x6F, 0xA7, 0xF6, 0x8E, 0xFF,
    0xF7, 0x84, 0xF8, 0x44, 0xDD, 0xB1, 0xB2, 0xC2, 0x40, 0xBA, 0xC2, 0xF1, 0x6A, 0x02, 0xFF, 0x26,
    0x9B, 0x5C, 0x0B, 0x2F, 0xBB, 0x8A, 0x5C, 0x18, 0xDA, 0x7D, 0x92, 0x30, 0x99, 0x67, 0x9E, 0x9C,
    0x2E, 0x32, 0x82, 0x14, 0x66, 0xDA, 0xCA, 0x60, 0x4D, 0xFA, 0x90, 0x54, 0x23, 0x97, 0x65, 0x0E,
    0x69, 0x6C, 0xEE, 0x5B, 0x99, 0xFF, 0x4B, 0xCB, 0xA1, 0xD4, 0x25, 0x49, 0x87, 0x25, 0x8A, 0xC3,
    0x2D, 0x5C, 0xF3, 0xC7, 0xF4, 0x5E, 0x01, 0x7F, 0x44, 0x0E, 0xD1, 0xBD, 0x81, 0x6C, 0x27, 0x9C,
    0xB6, 0xAA, 0x97, 0xFC, 0xCD, 0x18, 0x23, 0xFB, 0x17, 0x31, 0xC1, 0xA9, 0xB0, 0x3B, 0x8C, 0x5D,
    0xF3, 0xA1, 0xC9, 0x82, 0x95, 0x5A, 0x14, 0xB6, 0x5A, 0x93, 0x62, 0x52, 0xDB, 0x04, 0x46, 0x95,
    0x08, 0x9B, 0x37, 0x63, 0x44, 0xBC, 0x98, 0x4E, 0x3F, 0x8D, 0xC8, 0x16, 0x0B, 0x10, 0x26, 0x61,
    0x9F, 0x55, 0x85, 0x9D, 0x03, 0xC8, 0xB7, 0x17, 0x5F, 0xE5, 0xBC, 0xE5, 0x0C, 0xD1, 0xA5, 0x0E,
    0xBA, 0x9D, 0xC3, 0x97, 0xED, 0x9E, 0x93, 0x2A, 0x91, 0x05, 0xF7, 0xA6, 0x3B, 0xBD, 0xEB, 0x49,
    0x85, 0xB8, 0x69, 0x0E, 0xD2, 0x39, 0x0E, 0x73, 0xE3, 0xA8, 0x3F, 0xD8, 0x1D, 0x35, 0xFD, 0xE2,
    0x8E, 0x8F, 0x05, 0x46, 0x9D, 0xF5, 0x2D, 0x80, 0xE4, 0x50, 0x49, 0x05, 0x44, 0x2B, 0xF8, 0xB8,
    0x6C, 0x4F, 0xD9, 0x21, 0x70, 0xC6, 0x8E, 0x23, 0xF6, 0xD9, 0xE0, 0x80, 0xFD, 0x7A, 0x31, 0xD9,
    0x1D, 0xA1, 0xED, 0xA2, 0xE1, 0xCA, 0xF6, 0x63, 0x3B, 0x1E, 0xFE, 0x59, 0x22, 0xA9, 0xD6, 0xDB,
    0x3A, 0xA4, 0x48, 0x4B, 0xC7, 0x0C, 0xF6, 0xD3, 0xDB, 0x90, 0xF1, 0x71, 0xAA, 0x62, 0x5B, 0x53,
    0x2E, 0x85, 0x7A, 0x7F, 0x49, 0x23, 0x47, 0xE6, 0x16, 0x89, 0xCD, 0xE4, 0xD2, 0x6F, 0x06, 0xA3,
    0xFA, 0x75, 0x77, 0x87, 0x31, 0xBA, 0x68, 0x04, 0x79, 0x8C, 0xD1, 0x0D, 0x23, 0x74, 0x65, 0x17,
    0x9C, 0xFE, 0x05, 0x55, 0xFF, 0x24, 0xA3, 0x53, 0xFA, 0x07, 0x34, 0x01, 0x6C, 0x59, 0xCE, 0xBB,
    0x20, 0x93, 0xFF, 0xFE, 0x33, 0x03, 0x38, 0x30, 0x08, 0x90, 0x50, 0x40, 0xA1, 0xC0, 0x42, 0x01,
    0x86, 0x02, 0x8D, 0xB5, 0xBF, 0x5A, 0x81, 0x45, 0x2B, 0x09, 0x09, 0xE3, 0x68, 0x25, 0xE6, 0x5F,
    0x60, 0x61, 0x2E, 0x0A, 0x60, 0x14, 0x93, 0x61, 0x34, 0xC2, 0x06, 0x7E, 0xDF, 0x55, 0x3D, 0x19,
    0xDE, 0x2F, 0x38, 0x05, 0xA2, 0xFA, 0x0C, 0x5E, 0xF9, 0x7F, 0x09, 0x9D, 0x74, 0x2B, 0xE9, 0x4C,
    0xBB, 0xDF, 0x06, 0x70, 0x48, 0xE6, 0x9D, 0xD3, 0xD1, 0x20, 0x7E, 0x18, 0x00, 0x18, 0x70, 0x01,
    0x96, 0x9E, 0xCA, 0xB5, 0xF6, 0x8D, 0x7F, 0x00, 0xE5, 0x59, 0x41, 0x6F, 0xDC, 0x54, 0x10, 0x1E,
    0xDB, 0xE9, 0xAE, 0x14, 0x1F, 0xDC, 0x43, 0x7B, 0x80, 0x4A, 0xF8, 0xDC, 0x0B, 0xFE, 0x03, 0x10,
    0x1B, 0x38, 0x20, 0x6E, 0x39, 0x24, 0x82, 0x1B, 0x67, 0x7A, 0x48, 0xAE, 0x5C, 0x52, 0x5B, 0xFD,
    0x05, 0xB9, 0x73, 0x89, 0x04, 0x07, 0xC8, 0x6F, 0xA0, 0xB5, 0xC5, 0x2F, 0xD8, 0xF6, 0x17, 0x58,
    0xA2, 0x55, 0x24, 0x2E, 0x75, 0x61, 0x91, 0x1C, 0xC9, 0xBB, 0xC3, 0x37, 0x33, 0xCF, 0xBB, 0x4E,
    0x68, 0x1B, 0x28, 0x34, 0xDD, 0x64, 0xAD, 0x78, 0xDE, 0xC6, 0x7E, 0xF6, 0x9B, 0x79, 0xDF, 0x37,
    0x6F, 0x66, 0x9E, 0x89, 0x88, 0x32, 0x9C, 0x14, 0xCE, 0x44, 0x46, 0xFB, 0x22, 0x29, 0x56, 0x79,
    0x1F, 0x27, 0x37, 0x53, 0xA2, 0x80, 0xDB, 0x43, 0xF4, 0x78, 0x31, 0xC7, 0x85, 0xA4, 0x4A, 0xD1,
    0xFF, 0x11, 0x85, 0x13, 0x1A, 0x1E, 0x25, 0xE3, 0x28, 0x44, 0x70, 0x35, 0xE6, 0xDF, 0x8E, 0xCB,
    0xCA, 0xE7, 0x09, 0xC5, 0x95, 0x07, 0x19, 0x0D, 0x64, 0xA8, 0x92, 0xE8, 0x65, 0xB2, 0x56, 0xC9,
    0x3C, 0x5D, 0xC8, 0xFA, 0x15, 0x3D, 0xCF, 0x4A, 0x6F, 0x2A, 0xD2, 0x37, 0xD9, 0xC8, 0xB8, 0x41,
    0x13, 0xF0, 0xB3, 0xDD, 0xAF, 0x1B, 0xD5, 0xC7, 0xC9, 0x5E, 0xD3, 0xA8, 0x85, 0xF8, 0xE0, 0x21,
    0xC4, 0xC6, 0xC7, 0xF2, 0xFF, 0xCF, 0xE4, 0xF3, 0x2F, 0x0D, 0x8D, 0xF9, 0x45, 0x45, 0xD1, 0x49,
    0x47, 0x94, 0x16, 0xB0, 0x73, 0x46, 0x49, 0x41, 0xDB, 0xE4, 0x65, 0xF6, 0x90, 0x77, 0x0F, 0x3F,
    0x12, 0xC6, 0xA3, 0x78, 0x55, 0x16, 0xF0, 0x27, 0x5C, 0x45, 0x73, 0x2A, 0x9B, 0xB8, 0xA3, 0xBC,
    0x49, 0x3A, 0x4A, 0xDB, 0xB4, 0x75, 0xA2, 0x4B, 0xD1, 0xC5, 0x89, 0xD3, 0xDD, 0xDD, 0x9D, 0x54,
    0xC6, 0x33, 0xD1, 0xC9, 0xFC, 0x89, 0xC0, 0xB3, 0xD4, 0x84, 0x5C, 0x88, 0x9E, 0xA7, 0xFB, 0xB5,
    0xBC, 0xB4, 0xA2, 0x98, 0x05, 0x82, 0xDB, 0x18, 0x68, 0xF4, 0x03, 0x86, 0xC6, 0x70, 0x9F, 0xC1,
    0xFE, 0x9C, 0xC5, 0xCE, 0x2E, 0xE6, 0x82, 0xE8, 0xC8, 0x3B, 0x5D, 0xCE, 0xB8, 0x5A, 0x14, 0x88,
    0x4A, 0x57, 0x1E, 0x99, 0xD1, 0x21, 0xE6, 0x39, 0x9D, 0x8D, 0x2B, 0x9D, 0x08, 0x6F, 0x9A, 0x33,
    0x79, 0xF5, 0xB8, 0x75, 0x06, 0xF8, 0x98, 0x1B, 0xC0, 0x03, 0x73, 0xA3, 0x13, 0x5C, 0x4B, 0xB3,
    0xD7, 0xC0, 0xE3, 0x5D, 0x06, 0x3C, 0x74, 0x7C, 0xA8, 0xF6, 0x19, 0x00, 0xFA, 0xC0, 0x9F, 0x06,
    0x40, 0x0E, 0x90, 0x72, 0x8A, 0x60, 0xFE, 0xAD, 0x85, 0x6E, 0x57, 0xC8, 0x35, 0xEC, 0xB8, 0x53,
    0x88, 0xCC, 0xF5, 0xAA, 0xD2, 0xCB, 0x49, 0xBB, 0xB2, 0x29, 0x66, 0x79, 0xC7, 0x85, 0x98, 0x0E,
    0x1D, 0x42, 0x28, 0x43, 0xF1, 0xAF, 0x98, 0x84, 0x3C, 0x2B, 0xDF, 0xB1, 0xDB, 0xD8, 0xB1, 0xD7,
    0x53, 0x46, 0xF5, 0x0B, 0x64, 0x2A, 0x3C, 0xF9, 0x97, 0xEE, 0xF6, 0x74, 0xC2, 0x54, 0x43, 0xA5,
    0xF0, 0x41, 0x47, 0x1E, 0xE1, 0xB5, 0x3E, 0xCE, 0xB8, 0x11, 0x62, 0x11, 0x6D, 0x2D, 0xFB, 0x01,
    0xB6, 0xCA, 0x20, 0x9B, 0xE2, 0x99, 0x5A, 0xA7, 0xFC, 0xFF, 0x3A, 0xE5, 0x7D, 0xF2, 0x5E, 0x76,
    0x63, 0xF8, 0xF0, 0xEE, 0x08, 0x38, 0x44, 0x9F, 0xB7, 0x74, 0xC3, 0x87, 0xD1, 0x41, 0x6B, 0x3A,
    0xE5, 0xD0, 0xE9, 0x00, 0xCA, 0x7C, 0xB4, 0x84, 0x27, 0x87, 0xFE, 0x72, 0x8A, 0x65, 0xDE, 0x1B,
    0x9D, 0x36, 0x36, 0x16, 0x96, 0x42, 0xCE, 0xCB, 0xB4, 0x73, 0x61, 0xC4, 0x5E, 0xA6, 0xBA, 0xF8,
    0xAE, 0x0F, 0x09, 0x4A, 0xEF, 0x49, 0xC8, 0x39, 0x7F, 0xBD, 0xB2, 0xEB, 0xF4, 0xF6, 0xEC, 0x7F,
    0x95, 0x4E, 0x4A, 0x9A, 0xBB, 0xCB, 0x71, 0xBD, 0x52, 0xBD, 0x2A, 0x66, 0x16, 0x5F, 0x2F, 0x4F,
    0xBF, 0xC4, 0x7D, 0xE1, 0x59, 0x29, 0xB1, 0x23, 0x13, 0x82, 0x0A, 0x3D, 0x71, 0x26, 0x33, 0x71,
    0x0B, 0xA5, 0x2D, 0x6E, 0xE4, 0x9D, 0x90, 0xB0, 0x2A, 0xDB, 0x61, 0xC3, 0x1A, 0x54, 0x27, 0xAF,
    0x6B, 0xCA, 0xE9, 0xF0, 0x81, 0xDC, 0x1A, 0x7B, 0x67, 0x21, 0xCE, 0x80, 0x11, 0xDC, 0x78, 0xF8,
    0x25, 0xA3, 0xE3, 0x36, 0xE5, 0x78, 0x88, 0xA7, 0x23, 0x51, 0x34, 0xC1, 0x7C, 0x2B, 0xDB, 0xF9,
    0xA9, 0x6A, 0xBF, 0x33, 0x9C, 0x43, 0xFF, 0xA9, 0x85, 0xC2, 0xB9, 0x45, 0x7B, 0x1E, 0x36, 0xD1,
    0xCC, 0xCC, 0x3D, 0x32, 0x07, 0xDE, 0x16, 0xE7, 0x13, 0x93, 0x3D, 0x05, 0x30, 0xE0, 0x0C, 0x06,
    0x8B, 0x95, 0x1D, 0xC1, 0x8B, 0xD1, 0xD9, 0x0C, 0x87, 0x66, 0x11, 0x8B, 0xBF, 0x86, 0x17, 0x4A,
    0xED, 0x69, 0x4F, 0xE1, 0x71, 0xBC, 0xC4, 0x6E, 0x05, 0xA0, 0x62, 0x63, 0x6E, 0x87, 0x35, 0x48,
    0x9D, 0x9A, 0x6E, 0x0F, 0x74, 0xDE, 0xCB, 0x16, 0x2B, 0x9B, 0x52, 0xC3, 0x49, 0x32, 0x56, 0x9D,
    0x21, 0x49, 0x3C, 0x77, 0x4C, 0xD1, 0x5B, 0xDF, 0xC6, 0x1A, 0x10, 0x6F, 0x46, 0x16, 0x17, 0xE3,
    0xCA, 0xD0, 0xD4, 0x05, 0xC3, 0x9F, 0xDA, 0x7C, 0x34, 0x03, 0x9B, 0xAF, 0x11, 0xDE, 0x5E, 0x29,
    0x91, 0x4A, 0xD8, 0x4E, 0xBA, 0xDE, 0xE1, 0xBE, 0xAC, 0x78, 0xB8, 0xA1, 0x32, 0x54, 0xEB, 0x53,
    0x75, 0x81, 0x2D, 0x35, 0xFA, 0xC3, 0x81, 0xFD, 0x2F, 0x81, 0x3E, 0xBF, 0x7C, 0xE8, 0xBD, 0x1F,
    0xB5, 0x09, 0x0C, 0x28, 0xCD, 0x6D, 0xE2, 0x79, 0x24, 0xE0, 0xA5, 0xFC, 0x95, 0xE2, 0x9F, 0xC8,
    0xB5, 0xA0, 0x1D, 0x4B, 0x0F, 0x60, 0xDC, 0xD1, 0xF9, 0xE3, 0x9A, 0x78, 0xAE, 0x85, 0xB8, 0x54,
    0xE5, 0x43, 0x01, 0xE5, 0xB1, 0x0E, 0xF4, 0x3B, 0xE0, 0x8B, 0xFE, 0xE8, 0x14, 0x48, 0x44, 0x60,
    0x09, 0xC1, 0x98, 0xC5, 0x65, 0x0C, 0x5E, 0x09, 0x24, 0x47, 0x47, 0x43, 0x14, 0x7B, 0x8C, 0xB6,
    0xCC, 0x51, 0x47, 0xA9, 0xAD, 0xC2, 0x1C, 0x0F, 0x90, 0x0C, 0x6B, 0x9A, 0x5D, 0x47, 0x24, 0x77,
    0x6D, 0x69, 0xB2, 0xA5, 0x48, 0xCD, 0x1E, 0x3F, 0x56, 0xA3, 0xBE, 0xD7, 0x3C, 0x6C, 0xE5, 0x91,
    0x94, 0x63, 0xC3, 0x65, 0x48, 0x16, 0xCF, 0x4F, 0x9A, 0xE1, 0x1A, 0x3A, 0x3E, 0xE3, 0xA1, 0x5F,
    0xAC, 0x95, 0x87, 0xDA, 0x12, 0xA5, 0xC9, 0xB2, 0x16, 0x98, 0xB4, 0x61, 0xAB, 0xEA, 0x81, 0xC0,
    0xF5, 0x44, 0x07, 0x45, 0x91, 0x79, 0x15, 0x30, 0xBE, 0xA7, 0x2D, 0x32, 0x68, 0x29, 0x91, 0x43,
    0xB6, 0x22, 0xE7, 0x81, 0xC6, 0x91, 0x4D, 0x49, 0xF1, 0xFF, 0x16, 0x6B, 0x53, 0xCE, 0xD6, 0x07,
    0x6A, 0xAD, 0x57, 0xA5, 0x60, 0x9D, 0xC8, 0xE4, 0x3D, 0xC7, 0xE4, 0xB5, 0x39, 0x74, 0x47, 0xCD,
    0xBA, 0x5C, 0xB2, 0x2C, 0x53, 0x09, 0xAE, 0x8A, 0x53, 0x6F, 0xFE, 0xA4, 0x4D, 0xC2, 0x2E, 0x73,
    0x2A, 0x06, 0x68, 0x76, 0x6E, 0x41, 0xD6, 0xA4, 0xE1, 0x86, 0xD4, 0xB6, 0xEB, 0x9D, 0x14, 0x93,
    0x54, 0xBF, 0x56, 0x5E, 0x5A, 0xFD, 0x6B, 0x05, 0xF0, 0x02, 0xE0, 0xF8, 0x1F, 0x00, 0xBC, 0xCA,
    0x49, 0xF4, 0xFB, 0xC6, 0x05, 0x2B, 0xBC, 0x17, 0x85, 0x3F, 0x3A, 0x99, 0xDF, 0x07, 0x8E, 0xE4,
    0xA1, 0xBB, 0x2C, 0x86, 0xF6, 0x79, 0x23, 0x42, 0x82, 0x52, 0x42, 0x36, 0x38, 0x84, 0x13, 0x65,
    0x6D, 0xA4, 0x48, 0x6A, 0x63, 0x45, 0x34, 0x31, 0x5A, 0x44, 0x95, 0xE2, 0x34, 0x4B, 0x1C, 0x31,
    0x3A, 0xC7, 0x0C, 0x94, 0x76, 0x46, 0x0D, 0x72, 0x18, 0x2F, 0x5A, 0xC7, 0x80, 0x0B, 0x5B, 0x47,
    0x91, 0xC5, 0x73, 0x8E, 0x24, 0xEE, 0xFD, 0x05, 0x39, 0x9A, 0xF4, 0x3C, 0xE9, 0x89, 0x62, 0x7D,
    0xC5, 0x22, 0x47, 0x15, 0xE1, 0xCA, 0x9C, 0x06, 0x64, 0x59, 0xB2, 0x45, 0xB7, 0x7F, 0x02, 0x9D,
    0xB2, 0x31, 0x2F, 0xB6, 0x14, 0x29, 0xD5, 0xFA, 0xA2, 0x14, 0xEC, 0xE1, 0x22, 0x81, 0x4E, 0xDE,
    0x78, 0x2E, 0xE8, 0xA3, 0x17, 0xD0, 0xF7, 0x59, 0xD1, 0x7F, 0xA4, 0xEE, 0x7D, 0x20, 0xE8, 0xB7,
    0xAD, 0xA0, 0xCF, 0xB2, 0x13, 0x12, 0x71, 0xF6, 0x16, 0xD1, 0xDF, 0x3C, 0x36, 0xCD, 0xC7, 0xB6,
    0x4A, 0xBB, 0x0D, 0x11, 0xD1, 0xD9, 0x61, 0x18, 0xBA, 0xC4, 0xCC, 0xEB, 0x17, 0xEC, 0x5B, 0xEB,
    0x84, 0xA9, 0xA7, 0x88, 0xDA, 0x8E, 0xAA, 0xED, 0x39, 0x51, 0x68, 0x65, 0x92, 0x79, 0x7F, 0x2A,
    0x7B, 0x5A, 0x58, 0xF9, 0x56, 0x0A, 0xD3, 0xF3, 0x11, 0xB8, 0x2F, 0x77, 0xFB, 0x7A, 0x77, 0x51,
    0xF0, 0xBA, 0x8A, 0xB7, 0x2F, 0x79, 0xFB, 0x9A, 0xB7, 0x4F, 0xD8, 0x74, 0x51, 0x5B, 0x23, 0xFF,
    0xFD, 0x77, 0x35, 0xF1, 0xB6, 0xCC, 0xCD, 0x6A, 0xE1, 0xFE, 0x8D, 0xC4, 0x60, 0x9D, 0xAC, 0x44,
    0x15, 0xE6, 0x53, 0xAD, 0x26, 0x22, 0xB6, 0x4E, 0xC9, 0xA7, 0x9A, 0xAD, 0x51, 0x42, 0x79, 0xED,
    0x00, 0x5E, 0x2B, 0x7C, 0x47, 0x87, 0xF2, 0x41, 0x2B, 0xED, 0x02, 0xD9, 0x3E, 0xE4, 0xEF, 0x64,
    0x33, 0x4F, 0x63, 0x6E, 0x23, 0x29, 0x5A, 0x30, 0x09, 0xE7, 0x82, 0x29, 0xDD, 0x5C, 0x3D, 0x5F,
    0x5E, 0xAB, 0x18, 0x7A, 0x36, 0xE7, 0xEA, 0x93, 0xAE, 0x3E, 0xDD, 0x5A, 0xB4, 0x2E, 0xEF, 0x1A,
    0xEE, 0xCC, 0x6D, 0x2B, 0xF9, 0x57, 0x70, 0x25, 0xBE, 0x38, 0xB7, 0x92, 0x6F, 0x79, 0x31, 0xCF,
    0xD0, 0xD4, 0x68, 0xC6, 0x78, 0x85, 0x74, 0x97, 0xB0, 0x93, 0xD2, 0xBB, 0x6A, 0x04, 0xEB, 0xFB,
    0xA4, 0x94, 0x81, 0x45, 0xE9, 0x5C, 0x3F, 0x87, 0x44, 0xFC, 0x6C, 0xBF, 0x11, 0x3C, 0x6D, 0xCF,
    0x7E, 0xDF, 0x8C, 0x75, 0x7B, 0x17, 0xC3, 0x0F, 0x2D, 0xEE, 0x53, 0x4B, 0x9F, 0x0D, 0xDB, 0xE7,
    0x96, 0x65, 0x7E, 0x31, 0xD8, 0x3E, 0x4F, 0x79, 0x82, 0xBF, 0xBE, 0x41, 0x3F, 0xB7, 0x7F, 0xEF,
    0x5B, 0xE3, 0xFD, 0xB7, 0xC6, 0xDE, 0x52, 0xEB, 0xF0, 0xDC, 0x58, 0x33, 0x8D, 0x58, 0xEB, 0xB3,
    0xB9, 0x5A, 0xCA, 0xAD, 0xA4, 0xFE, 0x21, 0x6A, 0x08, 0xA1, 0xD6, 0x0E, 0xBD, 0x49, 0xE6, 0xFF,
    0x17, 0xE5, 0x57, 0x3D, 0x6E, 0xD4, 0x50, 0x10, 0x9E, 0x67, 0x27, 0x71, 0xE1, 0xC2, 0x29, 0x23,
    0x1A, 0xD7, 0x04, 0x09, 0x9F, 0x20, 0xF8, 0x89, 0x13, 0xA4, 0x20, 0x87, 0x80, 0x82, 0xBD, 0x01,
    0xEB, 0x23, 0x70, 0x84, 0x14, 0x29, 0x50, 0x4E, 0x40, 0x91, 0x60, 0x73, 0x03, 0x53, 0xD1, 0xBA,
    0x80, 0x82, 0xCE, 0x42, 0x5B, 0x6C, 0x84, 0xD7, 0xC3, 0xFC, 0x3D, 0x2F, 0xBB, 0x54, 0x11, 0x42,
    0xB0, 0xD9, 0xA7, 0xD5, 0xFB, 0xD6, 0x7F, 0xCF, 0x6F, 0xE6, 0x9B, 0x99, 0x6F, 0x0C, 0x60, 0x23,
    0xC2, 0x96, 0x21, 0xC5, 0x05, 0x43, 0xF6, 0x7C, 0x60, 0x70, 0x4E, 0x00, 0xE2, 0xA5, 0x40, 0xDE,
    0x0B, 0x94, 0x5E, 0xE0, 0x4C, 0x1F, 0x7C, 0x0C, 0xD3, 0x98, 0x23, 0xB6, 0x39, 0xAE, 0x08, 0x3A,
    0x82, 0x04, 0x57, 0xE0, 0x68, 0x55, 0xA4, 0xA7, 0x4A, 0xF8, 0x57, 0x50, 0x93, 0x3D, 0x6F, 0x68,
    0x6B, 0x64, 0xC8, 0x8A, 0x4E, 0x8C, 0x10, 0xD1, 0xBF, 0x0C, 0xBF, 0xCE, 0xE8, 0x72, 0x8C, 0x88,
    0x0D, 0xED, 0x7B, 0x46, 0x3B, 0xE5, 0x71, 0x21, 0x73, 0xF1, 0x45, 0x00, 0x47, 0xF1, 0x40, 0x3F,
    0x97, 0x23, 0x6F, 0x46, 0x97, 0x32, 0x3B, 0xB9, 0x06, 0xA9, 0xDE, 0x99, 0x36, 0x02, 0x49, 0x03,
    0xDB, 0xA3, 0xC4, 0x96, 0x7E, 0x01, 0x62, 0x6C, 0xE9, 0xC7, 0x3E, 0x89, 0x14, 0xDC, 0x9F, 0x81,
    0xAE, 0xD2, 0xF1, 0x9A, 0x64, 0xAD, 0xC2, 0x22, 0x63, 0xA8, 0x71, 0x14, 0xF3, 0x71, 0x89, 0xC8,
    0x9C, 0xB6, 0x35, 0x01, 0xBC, 0x08, 0x54, 0x5F, 0x57, 0xCA, 0x2A, 0x2A, 0x66, 0x6A, 0x0D, 0x14,
    0x0B, 0xA3, 0xD1, 0x0C, 0xB1, 0xD3, 0x70, 0x4E, 0x8F, 0x74, 0xFA, 0x37, 0x1D, 0x84, 0xE3, 0x31,
    0x33, 0x92, 0xD3, 0xF1, 0x88, 0x59, 0xAE, 0xA3, 0xD1, 0xFC, 0xBD, 0x32, 0x1C, 0x14, 0xA3, 0x85,
    0xE2, 0xCC, 0xC2, 0x60, 0x65, 0xBC, 0xF8, 0x89, 0x9F, 0xBF, 0x86, 0x46, 0xBC, 0x30, 0x7F, 0x0B,
    0x13, 0xF5, 0xC2, 0xFD, 0x02, 0x94, 0x7C, 0x09, 0xF9, 0x19, 0x9A, 0xA1, 0x17, 0x4A, 0x31, 0x9C,
    0xBE, 0x33, 0x3F, 0x98, 0x3F, 0xF4, 0x36, 0xCA, 0x10, 0x3D, 0x4C, 0x34, 0x19, 0x20, 0xA3, 0xD3,
    0x27, 0x84, 0x87, 0x7C, 0x8B, 0x9E, 0x72, 0xE6, 0x51, 0x87, 0x0D, 0x11, 0x3E, 0x27, 0xBF, 0x37,
    0xCA, 0x7D, 0xD1, 0x28, 0xF9, 0xB9, 0x8F, 0x84, 0xB7, 0x52, 0x69, 0xFC, 0x34, 0x28, 0x06, 0x5A,
    0xBF, 0x41, 0xA0, 0xF7, 0x3E, 0x18, 0x29, 0x6A, 0x20, 0x84, 0x48, 0x08, 0xA1, 0x10, 0x62, 0x21,
    0x04, 0x03, 0x45, 0x43, 0x27, 0xD1, 0x30, 0x85, 0xC3, 0xF5, 0xE5, 0xA6, 0xB9, 0xB9, 0xE6, 0x3C,
    0x39, 0xC8, 0x6E, 0xA8, 0xCD, 0x2F, 0xB9, 0xC5, 0x85, 0xF3, 0xFB, 0x14, 0x0F, 0x21, 0x1A, 0x0A,
    0x73, 0x4B, 0xBA, 0xC5, 0x35, 0x94, 0xE6, 0x96, 0xB4, 0xD7, 0x78, 0xE0, 0x7C, 0xD9, 0xE5, 0x78,
    0xD8, 0x52, 0x84, 0x20, 0x09, 0x41, 0x13, 0x26, 0x51, 0x08, 0xAA, 0x10, 0x64, 0x21, 0xE8, 0x42,
    0x10, 0x06, 0x56, 0x86, 0x7D, 0xAA, 0x1B, 0xA6, 0x1B, 0x26, 0x1C, 0x93, 0x72, 0x4C, 0xD2, 0x61,
    0xDA, 0x11, 0xC4, 0x23, 0xA8, 0x87, 0xC8, 0xC7, 0x89, 0xE9, 0xC7, 0x2E, 0xC7, 0x4D, 0xF4, 0x96,
    0x23, 0x9F, 0xFC, 0x30, 0xBA, 0x85, 0x76, 0x03, 0x9F, 0x25, 0x30, 0xC8, 0x5F, 0x12, 0x05, 0xCB,
    0x42, 0xC4, 0xD6, 0xF5, 0xA1, 0x90, 0xC2, 0xF1, 0x5E, 0xC5, 0xC7, 0x4B, 0x38, 0x10, 0xF9, 0xC0,
    0xEA, 0x99, 0xA4, 0x13, 0xDE, 0xDD, 0x8A, 0xBB, 0x10, 0x25, 0x9F, 0xCA, 0x44, 0xF3, 0xEC, 0x0C,
    0xEA, 0x56, 0xEB, 0x08, 0xEC, 0x7E, 0x1D, 0xD9, 0xAB, 0xBE, 0x21, 0x8C, 0xD7, 0xA1, 0x7E, 0x36,
    0xA6, 0xA3, 0x9D, 0x61, 0x1B, 0x48, 0xFC, 0xAD, 0x73, 0x7E, 0x28, 0x7C, 0x8B, 0xDD, 0x56, 0xD7,
    0x42, 0x5B, 0x99, 0xE3, 0x26, 0x66, 0x2B, 0x33, 0xF2, 0x72, 0xA3, 0x1B, 0x35, 0x2F, 0x95, 0x26,
    0x36, 0xAA, 0x31, 0x91, 0xAD, 0x31, 0x57, 0x17, 0x1F, 0xAE, 0xDF, 0x42, 0x2C, 0xF8, 0x1A, 0x7B,
    0x82, 0x0A, 0xB1, 0xCF, 0xF1, 0x8E, 0x12, 0xCB, 0xC7, 0xB4, 0xC3, 0x68, 0x45, 0x9E, 0xEF, 0x85,
    0x33, 0x82, 0x98, 0x96, 0xAB, 0x97, 0x10, 0x33, 0xB9, 0x83, 0x94, 0xDA, 0x62, 0x84, 0xAC, 0x62,
    0x3A, 0xA1, 0x10, 0x2B, 0x24, 0x1B, 0x63, 0x6C, 0x6E, 0xC4, 0xDF, 0x9D, 0x68, 0x1A, 0x7E, 0x97,
    0xCA, 0x35, 0xFF, 0xD1, 0x69, 0x17, 0xDF, 0xE8, 0xFE, 0x2B, 0xCD, 0x5B, 0xB8, 0x1F, 0x68, 0xD9,
    0xCB, 0x50, 0xBC, 0x66, 0xF0, 0xEA, 0x4A, 0x16, 0x1E, 0xD6, 0x7E, 0xB2, 0xA2, 0xA8, 0xBD, 0x77,
    0xD6, 0x59, 0x9F, 0xB5, 0x31, 0xA8, 0x50, 0xE4, 0xD8, 0x21, 0x2E, 0x69, 0xCE, 0xB0, 0x72, 0x48,
    0xBB, 0xF7, 0x94, 0x31, 0xDC, 0xC7, 0x0F, 0x1C, 0x6E, 0x54, 0x77, 0x89, 0x46, 0xB6, 0x95, 0xC8,
    0xA3, 0x25, 0xE6, 0x7D, 0x42, 0xCC, 0x95, 0xCB, 0x8C, 0xCD, 0x1E, 0xD8, 0xEA, 0x7C, 0xC8, 0xE5,
    0x8D, 0xA5, 0x14, 0xA2, 0x33, 0xB1, 0xFC, 0x46, 0xDE, 0xAE, 0x76, 0x8B, 0xF3, 0x51, 0x8D, 0xEF,
    0xD6, 0xCD, 0x8D, 0xCD, 0xB2, 0x9F, 0x7A, 0xAD, 0x61, 0xC9, 0x30, 0x7D, 0x36, 0x3C, 0x11, 0xFA,
    0x4A, 0xE4, 0x5B, 0x4E, 0xCF, 0x77, 0x9F, 0xA0, 0xED, 0x98, 0x7E, 0xBF, 0xF9, 0x9C, 0xFF, 0xE5,
    0xC8, 0x1A, 0x42, 0x77, 0xF5, 0xBF, 0x11, 0xC5, 0x89, 0xE8, 0x46, 0xDE, 0x65, 0x32, 0xF0, 0x5C,
    0x50, 0x26, 0x33, 0x51, 0x14, 0x70, 0x44, 0x14, 0xED, 0x57, 0x89, 0x9A, 0x46, 0xAA, 0x66, 0x15,
    0x9A, 0x89, 0x4F, 0x53, 0x59, 0xFD, 0x20, 0xEE, 0xA7, 0xEE, 0x76, 0xFD, 0x6D, 0x68, 0x29, 0x6C,
    0x0D, 0xE0, 0xD5, 0x43, 0x49, 0x4B, 0xF5, 0x65, 0x24, 0x82, 0x1C, 0xB7, 0x12, 0xE3, 0x5E, 0xBB,
    0xB8, 0x0F, 0x3C, 0x1D, 0x0D, 0xE1, 0xBB, 0x8F, 0x66, 0xBF, 0x9E, 0x77, 0x35, 0x45, 0x01, 0x1E,
    0x79, 0xA7, 0xCB, 0xF1, 0xFB, 0x63, 0x1C, 0x67, 0x15, 0xBF, 0x54, 0x5D, 0xF2, 0x51, 0xF4, 0x2D,
    0xF3, 0x85, 0xB1, 0xEC, 0x1F, 0x08, 0xC9, 0x47, 0xD2, 0xA7, 0x6A, 0x97, 0xAA, 0x3D, 0xAA, 0x74,
    0xA8, 0x4E, 0xFA, 0xD3, 0xA9, 0x3B, 0x3D, 0xDE, 0x65, 0x62, 0x7F, 0x02, 0xBD, 0x59, 0xBD, 0xAF,
    0x1D, 0x47, 0x15, 0x3F, 0xBB, 0x1B, 0xDF, 0x0D, 0x6F, 0x85, 0xD6, 0x85, 0x8D, 0x22, 0x9B, 0x64,
    0x53, 0x82, 0x91, 0xB3, 0x0D, 0x05, 0x45, 0xFC, 0x66, 0x9C, 0x14, 0x29, 0x52, 0xE4, 0x15, 0x7E,
    0x42, 0xA4, 0x80, 0x16, 0x9C, 0xC2, 0x69, 0x22, 0x45, 0x08, 0xBF, 0x5D, 0x94, 0x82, 0xF6, 0x15,
    0x48, 0x94, 0xB8, 0x70, 0x84, 0xF3, 0x8A, 0x98, 0x82, 0x22, 0x02, 0xFB, 0xED, 0x46, 0xF9, 0x03,
    0x58, 0x82, 0x00, 0x09, 0x8A, 0x2C, 0x60, 0x1A, 0x1A, 0x8F, 0xA2, 0x09, 0xD9, 0xD8, 0xBB, 0x77,
    0xF8, 0x9D, 0x33, 0xBB, 0xF7, 0xDE, 0x77, 0x9F, 0x3F, 0x40, 0x5C, 0xB3, 0xDA, 0x7B, 0x66, 0x76,
    0x77, 0xE6, 0x9C, 0x33, 0xE7, 0x9C, 0x39, 0x1F, 0x73, 0x77, 0xCC, 0x23, 0xAE, 0x53, 0x81, 0x3E,
    0x1F, 0x97, 0xC9, 0x77, 0x29, 0xEC, 0x28, 0xB0, 0x14, 0x0F, 0xF4, 0xDC, 0x7D, 0xFD, 0xAD, 0x4F,
    0x6B, 0x32, 0xB4, 0x81, 0x7B, 0x87, 0xE8, 0x57, 0x44, 0xE7, 0xE9, 0xF2, 0x4D, 0xED, 0x5C, 0x69,
    0x9E, 0x23, 0xF3, 0x36, 0x99, 0x6B, 0x1B, 0x40, 0x7C, 0x8D, 0x28, 0xD0, 0x14, 0x97, 0xF4, 0x1C,
    0xD1, 0xDE, 0x81, 0xAE, 0x5C, 0x7D, 0x3E, 0xAA, 0x93, 0x97, 0xEB, 0xF0, 0x9D, 0x9A, 0xA2, 0xFF,
    0xFD, 0x2E, 0x89, 0x48, 0xB9, 0x6E, 0x71, 0xAF, 0x3D, 0x2A, 0xE7, 0x9C, 0x15, 0x70, 0xEE, 0xE0,
    0xE0, 0xE0, 0xFA, 0xE9, 0x5D, 0x5C, 0xFC, 0xE8, 0x04, 0xC8, 0xA3, 0x00, 0xBE, 0x2E, 0xC9, 0x3B,
    0xBE, 0xBA, 0x65, 0x6F, 0xF1, 0x15, 0x02, 0x9A, 0xAE, 0x07, 0x8D, 0x5B, 0x7E, 0xFD, 0x3A, 0x5D,
    0xDB, 0x0E, 0xEC, 0xFF, 0xF3, 0x5E, 0x30, 0x55, 0x0A, 0x58, 0xB2, 0xC2, 0x6B, 0xD6, 0xF2, 0x4E,
    0x7A, 0xF4, 0x4C, 0xD0, 0x27, 0x77, 0x72, 0xBD, 0x4D, 0x87, 0xE4, 0x4A, 0x67, 0x9C, 0xA9, 0x8C,
    0x32, 0x5B, 0xE5, 0x6C, 0x3F, 0xEB, 0xF2, 0x3E, 0x1F, 0xB2, 0x01, 0x46, 0xD5, 0x53, 0x17, 0x99,
    0xBC, 0xDE, 0xA3, 0x93, 0xB4, 0xFE, 0x3E, 0x34, 0x59, 0xB3, 0x47, 0xCF, 0x53, 0x52, 0x2A, 0xCC,
    0xE4, 0xF9, 0xAE, 0x3C, 0xA4, 0x6D, 0xCA, 0x75, 0x62, 0x83, 0x9E, 0x4E, 0xD1, 0x33, 0x74, 0x2A,
    0xE8, 0xC3, 0x2E, 0xB9, 0x93, 0xB6, 0xB9, 0xCE, 0xF1, 0xE5, 0x2A, 0x28, 0xDD, 0x66, 0x5A, 0x4C,
    0xAD, 0xF5, 0x14, 0x99, 0xA6, 0x6A, 0xB7, 0xCA, 0x2D, 0x3D, 0xDB, 0x4F, 0x98, 0x82, 0xCD, 0x7B,
    0x05, 0x2A, 0xAA, 0xCF, 0x86, 0xAC, 0x8F, 0x87, 0xB8, 0xA7, 0x1E, 0xD8, 0xBA, 0xC0, 0x46, 0x86,
    0x39, 0x61, 0x5E, 0x98, 0x9B, 0x1D, 0xF0, 0x33, 0x5B, 0x1B, 0x9F, 0xAF, 0x8E, 0x07, 0x7F, 0x11,
    0x38, 0xF4, 0xE3, 0x9F, 0xC7, 0xF8, 0xA4, 0x64, 0x4E, 0x17, 0xBC, 0x1A, 0xE1, 0xA1, 0x64, 0x9E,
    0x6F, 0x0B, 0x6F, 0xE0, 0x11, 0x9C, 0x27, 0x6D, 0xD0, 0x07, 0x1D, 0xB8, 0x3F, 0x45, 0x5B, 0x30,
    0xD6, 0xD4, 0x2C, 0x7F, 0x49, 0x8B, 0x5F, 0x43, 0x14, 0xE3, 0x07, 0x63, 0xAB, 0x7E, 0xF1, 0xE7,
    0x79, 0xE5, 0x9C, 0xFC, 0x7E, 0xFD, 0xCA, 0x87, 0xEF, 0xCB, 0x77, 0x1E, 0x97, 0x41, 0x05, 0x79,
    0xE7, 0x5B, 0xFE, 0x1D, 0xC3, 0xB1, 0x82, 0x27, 0xAE, 0xFD, 0x2F, 0x7A, 0xC8, 0x8F, 0xAF, 0x55,
    0x3E, 0x78, 0x2E, 0xE6, 0xED, 0x44, 0xF5, 0x89, 0xEA, 0xFE, 0xDD, 0x05, 0xFD, 0x77, 0xE3, 0xFA,
    0x3B, 0x0B, 0xFA, 0xF9, 0x48, 0x97, 0x9F, 0x57, 0x71, 0x31, 0x3D, 0xF9, 0xDE, 0x2D, 0xF9, 0xC2,
    0x98, 0xC3, 0x6F, 0xFF, 0xE1, 0x70, 0xC2, 0x73, 0xF8, 0xB3, 0x3F, 0xCE, 0x85, 0x1F, 0xE6, 0x2F,
    0x6D, 0x97, 0x74, 0xF9, 0x3A, 0x49, 0x09, 0xDB, 0x54, 0x5B, 0x38, 0x5B, 0xB9, 0xCE, 0xB9, 0xDE,
    0xDF, 0xE8, 0x17, 0xBC, 0xAB, 0x4C, 0xEA, 0xEA, 0xE0, 0x5D, 0x19, 0xF9, 0x4D, 0xB6, 0x40, 0x8D,
    0x9F, 0x65, 0x4B, 0xD4, 0xF8, 0x59, 0xB6, 0x48, 0x18, 0xDF, 0x80, 0xB6, 0x21, 0x35, 0xE0, 0x3D,
    0x28, 0x5C, 0x10, 0xAC, 0x70, 0x09, 0x94, 0x9B, 0xC2, 0x56, 0x5D, 0xD1, 0xB1, 0x01, 0x06, 0x04,
    0xE1, 0xE7, 0x26, 0x70, 0xBA, 0xB0, 0x91, 0xAB, 0xAB, 0x0E, 0xA0, 0x60, 0xA0, 0x4C, 0xE8, 0xCA,
    0xAD, 0x92, 0x7E, 0x40, 0x5B, 0xFB, 0x74, 0x46, 0xD3, 0x39, 0x26, 0x50, 0xB5, 0xC4, 0x9F, 0xC9,
    0xE1, 0x63, 0x5B, 0xF4, 0xBE, 0x55, 0xFC, 0x1C, 0xB8, 0x26, 0x37, 0x54, 0x34, 0x54, 0x31, 0x4A,
    0xDC, 0x4F, 0xD1, 0x16, 0x2C, 0xA0, 0xE8, 0x40, 0xC8, 0xE6, 0x6D, 0x40, 0x97, 0x0F, 0x4A, 0xE7,
    0xEA, 0x8D, 0x38, 0x4C, 0x7F, 0xFF, 0x92, 0x08, 0x1B, 0x0B, 0x38, 0x37, 0xE1, 0xCB, 0x96, 0x4E,
    0xAD, 0x70, 0xCD, 0x03, 0xEF, 0x8D, 0x30, 0x0D, 0x3C, 0x3F, 0x3C, 0x28, 0xDF, 0x24, 0x5A, 0xDC,
    0x6F, 0xED, 0xEA, 0x0D, 0x22, 0x3F, 0x77, 0x00, 0x45, 0x2F, 0xEF, 0xD3, 0xBB, 0x1B, 0xE3, 0x7C,
    0xF5, 0x0A, 0x60, 0x61, 0x62, 0x4E, 0xB8, 0x12, 0x37, 0x27, 0xBA, 0xE5, 0xFB, 0x59, 0x5B, 0x69,
    0x1A, 0xDD, 0xB1, 0xAA, 0x55, 0x1D, 0x8E, 0xD3, 0x8A, 0x5A, 0x35, 0xD1, 0xD4, 0x2F, 0xF3, 0x96,
    0xED, 0x9D, 0xAF, 0x0A, 0xFD, 0xB4, 0x5E, 0xF4, 0x4D, 0xAE, 0x97, 0x7D, 0x45, 0xCB, 0x31, 0xB7,
    0x57, 0xFA, 0x3D, 0x87, 0x4B, 0x44, 0xB5, 0xA2, 0xCE, 0x3F, 0xB6, 0x39, 0xCC, 0xBD, 0x98, 0x33,
    0xAD, 0x8F, 0x8C, 0xBB, 0xD9, 0x86, 0xAE, 0xAA, 0xF3, 0xA6, 0xF8, 0xC9, 0xC7, 0x43, 0x62, 0xE3,
    0x2E, 0x6B, 0xD3, 0xCF, 0x5C, 0xFA, 0x51, 0x1F, 0xF5, 0xA9, 0x49, 0x61, 0xA7, 0x5D, 0xF6, 0x4A,
    0xC7, 0xFD, 0xC4, 0xD2, 0x69, 0xAD, 0x92, 0x2E, 0x1C, 0xB2, 0x36, 0x61, 0x6E, 0xF7, 0x12, 0x1B,
    0xCE, 0xF3, 0x16, 0xCE, 0x8C, 0xA8, 0x4F, 0x17, 0xFD, 0xA0, 0x5B, 0xF6, 0x23, 0xB3, 0x1C, 0x13,
    0xB7, 0xCB, 0xB9, 0x69, 0x1D, 0x77, 0xD1, 0x20, 0x38, 0x29, 0x2B, 0xA3, 0x91, 0x16, 0x56, 0x4F,
    0xE1, 0x10, 0x0B, 0x0F, 0x40, 0x4F, 0xC4, 0xBC, 0xCD, 0x2B, 0xAC, 0x14, 0xD3, 0x99, 0xE7, 0x6A,
    0x3E, 0x0A, 0x72, 0xC7, 0xFF, 0xD6, 0xAE, 0x55, 0xF9, 0xAE, 0xCB, 0x78, 0x5D, 0xCE, 0xEB, 0xB2,
    0x5E, 0x97, 0xF7, 0xBA, 0xCC, 0xD7, 0xE5, 0xBE, 0x2E, 0xFB, 0x75, 0xF9, 0xAF, 0xEB, 0xE0, 0x88,
    0x1E, 0x48, 0x7B, 0x5D, 0x94, 0xA3, 0x2E, 0x14, 0xF8, 0xAC, 0x86, 0x85, 0x3E, 0x02, 0xE8, 0x23,
    0x9A, 0xBB, 0x72, 0xD2, 0x89, 0x97, 0x7E, 0xDE, 0x4C, 0x7A, 0x41, 0x00, 0xB0, 0x47, 0x75, 0x23,
    0x5A, 0x33, 0x93, 0x7E, 0x52, 0x13, 0xF5, 0x18, 0x6D, 0x27, 0x1D, 0x65, 0x78, 0x56, 0x8D, 0xE8,
    0x4C, 0xF4, 0xB4, 0x7C, 0xF6, 0xBA, 0x5A, 0x3E, 0x7B, 0x7D, 0x2D, 0x9F, 0xBD, 0xCE, 0x96, 0xF8,
    0x26, 0xBD, 0x8D, 0xF4, 0x46, 0xDD, 0x4D, 0xFC, 0x4C, 0xFA, 0x13, 0x7E, 0x4D, 0xDE, 0x4C, 0x3A,
    0xF4, 0xEB, 0xA9, 0xCA, 0x85, 0x1E, 0x0B, 0xBF, 0xDE, 0x23, 0xBA, 0x3C, 0xA1, 0xA1, 0x2F, 0x9D,
    0x3A, 0x4A, 0x07, 0xCA, 0x7A, 0xF6, 0xFD, 0xF0, 0x8B, 0xAA, 0x26, 0x55, 0x92, 0x1A, 0xB5, 0xF9,
    0x92, 0x6B, 0x52, 0x07, 0x17, 0x9B, 0x0E, 0x91, 0xD3, 0x88, 0xBB, 0x0E, 0xA3, 0x10, 0xE6, 0x73,
    0x93, 0xF4, 0x18, 0x09, 0xFA, 0xAA, 0x44, 0x38, 0x50, 0x34, 0xE9, 0x48, 0x66, 0x54, 0x56, 0xE6,
    0xC0, 0xF3, 0xF3, 0x2C, 0xD7, 0xF0, 0xBC, 0xC0, 0xD5, 0x3C, 0x13, 0xCE, 0x9B, 0xE7, 0x86, 0x4E,
    0x66, 0x47, 0xBD, 0xCC, 0x8F, 0x3A, 0xC1, 0xB0, 0xB4, 0x03, 0xD5, 0x53, 0x3E, 0x30, 0x57, 0xF1,
    0x9C, 0x22, 0x07, 0x23, 0xC3, 0x9A, 0x60, 0x1B, 0x9A, 0x72, 0x49, 0xE4, 0x7A, 0xB0, 0x9C, 0x0F,
    0xCC, 0x3A, 0xE3, 0x8F, 0xE7, 0x81, 0x2B, 0x31, 0x0A, 0x51, 0xC6, 0xC1, 0x9E, 0x88, 0x51, 0x63,
    0x6C, 0xD6, 0x60, 0x34, 0x87, 0xBA, 0x71, 0x06, 0x18, 0xE2, 0x39, 0xBC, 0x20, 0xCF, 0x95, 0xCC,
    0x2B, 0x5A, 0x99, 0xA9, 0x8C, 0xCC, 0xCD, 0x0C, 0x79, 0xC6, 0x64, 0x7E, 0x6C, 0x05, 0x43, 0xB8,
    0x30, 0xDF, 0x33, 0xA0, 0xAE, 0x80, 0xB1, 0x02, 0xA3, 0xC8, 0xE5, 0xC2, 0xA1, 0xA7, 0xC8, 0xCE,
    0x29, 0x31, 0x05, 0xA5, 0x8D, 0x2A, 0xF3, 0x3A, 0xAB, 0x95, 0x4E, 0xDB, 0x8A, 0x62, 0x43, 0x5B,
    0x9A, 0x65, 0x78, 0x48, 0x61, 0x4F, 0x71, 0x47, 0x40, 0x8C, 0x89, 0xD8, 0x56, 0x15, 0x82, 0x9C,
    0x21, 0xE8, 0x15, 0xDB, 0x33, 0x80, 0x3A, 0x0A, 0x68, 0x47, 0x43, 0x11, 0xDF, 0x67, 0x45, 0x52,
    0x56, 0x73, 0x50, 0xC5, 0xF8, 0x68, 0x8E, 0x45, 0x6B, 0x30, 0x86, 0x1B, 0xB2, 0x8A, 0x06, 0xC2,
    0xB6, 0x85, 0xA0, 0x73, 0xD1, 0xCC, 0x29, 0x51, 0xE2, 0x07, 0x00, 0x5F, 0x26, 0x68, 0x24, 0x04,
    0x55, 0x08, 0x83, 0xD5, 0x8F, 0x06, 0xC0, 0xE2, 0x65, 0xA5, 0xC3, 0x21, 0x18, 0x42, 0x90, 0xC0,
    0x06, 0xE4, 0x3D, 0x0F, 0xDB, 0x60, 0xF3, 0x40, 0x17, 0x2F, 0xC0, 0x7B, 0x28, 0xC6, 0x50, 0xBD,
    0xCA, 0xA1, 0xB8, 0xC9, 0xEF, 0x36, 0x79, 0x5B, 0x21, 0x52, 0xEB, 0x02, 0x79, 0x10, 0xA8, 0x57,
    0xB6, 0x32, 0x09, 0x07, 0x5A, 0xD5, 0xE6, 0xAE, 0x51, 0xE6, 0x84, 0xAE, 0x5E, 0xB3, 0xB0, 0x97,
    0x70, 0x88, 0x78, 0x1E, 0xB0, 0x80, 0x3D, 0x46, 0xC8, 0xE1, 0x1A, 0x08, 0xB1, 0x22, 0xD0, 0xBB,
    0x21, 0x8C, 0x82, 0xBA, 0xB0, 0x81, 0xB8, 0xDE, 0x08, 0x67, 0xA9, 0x79, 0x96, 0xF9, 0xE4, 0x5C,
    0x83, 0xD7, 0x8C, 0x30, 0xCF, 0x09, 0x83, 0x80, 0x9E, 0x39, 0x86, 0x79, 0x08, 0x20, 0x01, 0x19,
    0x42, 0xBA, 0x07, 0xA9, 0x00, 0x0B, 0x76, 0x78, 0xCB, 0x40, 0x34, 0xE0, 0x39, 0x35, 0x40, 0x91,
    0x8C, 0xA0, 0x67, 0x49, 0x03, 0xB4, 0x00, 0x11, 0x03, 0xEC, 0xF0, 0x4B, 0x2B, 0xBB, 0x7F, 0xB6,
    0x4F, 0x37, 0x60, 0xD9, 0xC0, 0x22, 0x84, 0x84, 0xA4, 0x50, 0x13, 0xA4, 0x70, 0x09, 0x27, 0x27,
    0x37, 0x56, 0xB9, 0x3B, 0xD8, 0x6A, 0x92, 0x17, 0xAB, 0xF9, 0x45, 0x67, 0xA8, 0xEA, 0xD8, 0x0A,
    0xA1, 0xE9, 0x14, 0x4E, 0xFB, 0x53, 0xF7, 0x9A, 0xA3, 0xD9, 0xDF, 0x19, 0xC2, 0x1E, 0x19, 0x86,
    0x2E, 0x15, 0x98, 0x0D, 0xEC, 0x03, 0x73, 0xF6, 0xC1, 0xF3, 0xC2, 0x70, 0x5F, 0x32, 0x6B, 0xC7,
    0x0E, 0x9A, 0x7C, 0x92, 0xED, 0x37, 0x9D, 0x87, 0xDE, 0x33, 0x5E, 0x3A, 0xE6, 0x45, 0x6F, 0x30,
    0xC4, 0xDA, 0x65, 0x07, 0xB1, 0x7B, 0x4B, 0x05, 0x26, 0xF2, 0x26, 0x9A, 0x8F, 0x69, 0x96, 0x4F,
    0xD5, 0xAF, 0x2F, 0x0A, 0x95, 0x6B, 0xE7, 0xE5, 0x43, 0x5C, 0x66, 0x42, 0x28, 0x67, 0x69, 0x08,
    0x29, 0xB6, 0x1D, 0x49, 0xE5, 0x94, 0x3B, 0x40, 0x29, 0x05, 0x41, 0x60, 0xCA, 0x17, 0x62, 0xC2,
    0xEE, 0x9E, 0x5E, 0xA5, 0x7C, 0xC6, 0xB9, 0xEB, 0xE4, 0xBF, 0xBB, 0xFD, 0xB1, 0x66, 0x81, 0x18,
    0xDD, 0x3F, 0x88, 0xDE, 0xC0, 0xD6, 0x12, 0xD3, 0xBF, 0xD2, 0x78, 0xFC, 0x91, 0x7D, 0xC1, 0x4F,
    0x62, 0xCB, 0x93, 0xEE, 0x85, 0xC5, 0x9A, 0xD8, 0xF1, 0x89, 0x5F, 0x8F, 0xD8, 0x79, 0x27, 0xEC,
    0x0D, 0x52, 0x2D, 0x3C, 0x3D, 0x64, 0x98, 0xF1, 0x56, 0x84, 0x61, 0x2C, 0xAA, 0x9C, 0x87, 0x5C,
    0xC8, 0x78, 0x18, 0x4F, 0xB3, 0x40, 0x80, 0x34, 0xBD, 0x01, 0x36, 0x8C, 0xC6, 0x83, 0x65, 0x6C,
    0xB7, 0x18, 0xDB, 0x05, 0xC6, 0x96, 0x33, 0x36, 0xC1, 0x4F, 0xEF, 0x4D, 0x2B, 0x99, 0x4F, 0x9D,
    0xD1, 0xC9, 0x45, 0xE5, 0x2D, 0x29, 0xFB, 0x60, 0x27, 0xB7, 0x72, 0xF1, 0x4E, 0xE9, 0xF0, 0xB6,
    0x6B, 0xBC, 0x88, 0x65, 0xB1, 0xB8, 0xCE, 0xBA, 0x31, 0xD6, 0x5C, 0xF1, 0xE2, 0x81, 0xDC, 0x7F,
    0xE3, 0xC4, 0x67, 0xA4, 0xFD, 0x8F, 0x2A, 0xF9, 0x16, 0xB7, 0xB7, 0x32, 0x99, 0x1E, 0x51, 0x1F,
    0xEA, 0x55, 0x12, 0xB3, 0xEB, 0x20, 0x7A, 0x0E, 0x34, 0x62, 0x5E, 0x07, 0x68, 0x3C, 0x15, 0x99,
    0xA7, 0x48, 0xE7, 0xE5, 0xC9, 0x17, 0x22, 0x73, 0x9E, 0x6C, 0x56, 0x1A, 0xF5, 0xD1, 0x5F, 0x5D,
    0x30, 0x4F, 0x5F, 0xB5, 0xC5, 0xBF, 0xFE, 0xE2, 0x42, 0xF7, 0x5B, 0xD5, 0x9F, 0x65, 0x45, 0x20,
    0xA5, 0xBE, 0x43, 0xF9, 0xDC, 0x87, 0xCF, 0x99, 0x3C, 0x80, 0xA3, 0xE2, 0xDE, 0x27, 0xEE, 0x65,
    0xF7, 0x49, 0xD1, 0xAB, 0xDF, 0xFF, 0x0D, 0xFE, 0x32, 0x4D, 0xBA, 0x3C, 0x32, 0x17, 0xA8, 0xCB,
    0x2E, 0x9A, 0xA7, 0x23, 0xF3, 0x34, 0xED, 0x64, 0xE5, 0x49, 0xAF, 0x62, 0x5E, 0x8F, 0x08, 0x0F,
    0x9E, 0xEE, 0x34, 0x57, 0xA4, 0xAB, 0xA5, 0x6C, 0x77, 0xEE, 0xE0, 0xC6, 0x24, 0xF9, 0xED, 0x85,
    0xE4, 0xBB, 0x85, 0xE4, 0xDB, 0x85, 0x82, 0xCA, 0x27, 0x3D, 0x0C, 0x9C, 0x14, 0xAE, 0x2F, 0xDC,
    0x4F, 0x91, 0x7F, 0x23, 0x15, 0x2F, 0xEC, 0xE3, 0x6E, 0x1E, 0xDC, 0x3F, 0x7E, 0x64, 0x27, 0xF7,
    0x1C, 0xE9, 0x68, 0xAF, 0x5C, 0x7F, 0xF9, 0xE0, 0x7A, 0xE5, 0xFA, 0xD7, 0x61, 0xB7, 0x20, 0xA3,
    0x1E, 0x7F, 0x57, 0x5C, 0x9B, 0xFC, 0x47, 0x23, 0x71, 0x07, 0x32, 0xB8, 0x58, 0x2D, 0xDD, 0xE1,
    0x2C, 0x4A, 0x68, 0x6D, 0xAE, 0x29, 0xE3, 0x92, 0x1E, 0x7B, 0xC6, 0x88, 0x4B, 0x43, 0x4C, 0x40,
    0x14, 0xAD, 0x50, 0x9B, 0x94, 0xAE, 0xC5, 0x63, 0x85, 0x6C, 0xA1, 0x46, 0x9C, 0x81, 0x9B, 0xE3,
    0x9A, 0x03, 0x01, 0xD9, 0xD5, 0x33, 0x44, 0xE6, 0xF6, 0x0C, 0xF7, 0xD8, 0x7B, 0x70, 0x21, 0xE6,
    0x7B, 0x5C, 0xF2, 0xB1, 0xBB, 0x90, 0x47, 0x71, 0x01, 0xF2, 0xC8, 0x4E, 0xC6, 0x03, 0xC5, 0xDB,
    0xA4, 0x60, 0x2E, 0x40, 0xCD, 0x4F, 0x48, 0x78, 0x44, 0xC2, 0xB6, 0x98, 0x75, 0x62, 0xE7, 0x3C,
    0x96, 0x6D, 0x56, 0x6C, 0x44, 0x22, 0x72, 0xDC, 0x4E, 0x3D, 0xC9, 0xDD, 0x4E, 0x68, 0x7A, 0xF0,
    0x35, 0xE3, 0xED, 0xB0, 0xC5, 0x1A, 0xCC, 0x98, 0x8E, 0x32, 0x13, 0xC5, 0xCA, 0x2E, 0x7A, 0xDD,
    0x82, 0x0B, 0xD9, 0xB6, 0x62, 0xF3, 0xB2, 0x55, 0xB4, 0x54, 0x6A, 0x47, 0xC5, 0x53, 0x75, 0x22,
    0x9B, 0xAA, 0x13, 0xC1, 0x54, 0x9D, 0x48, 0x05, 0xA5, 0x1C, 0x8B, 0x04, 0x41, 0x85, 0xE5, 0xA1,
    0x8C, 0x08, 0x43, 0xC9, 0x72, 0xC6, 0xA6, 0xE1, 0x46, 0x2A, 0x3A, 0x11, 0x00, 0xE3, 0xE7, 0x58,
    0xDF, 0xCA, 0xD2, 0x11, 0xD1, 0x79, 0xDD, 0x68, 0x78, 0xD1, 0x58, 0x15, 0xAF, 0x18, 0x4D, 0x3C,
    0x36, 0xAD, 0x34, 0x63, 0x62, 0x73, 0x7C, 0x7D, 0x58, 0x1E, 0x2F, 0x0E, 0xA8, 0x79, 0x15, 0x85,
    0xF8, 0xF7, 0xD1, 0xCD, 0xF3, 0x92, 0x78, 0x41, 0x4C, 0x48, 0xAF, 0x2C, 0x06, 0xF5, 0xE8, 0x15,
    0x28, 0x49, 0x21, 0x61, 0x40, 0x5E, 0xCB, 0x59, 0xC4, 0x4B, 0xC8, 0x22, 0xFA, 0x0C, 0xF1, 0xD1,
    0xA0, 0x81, 0xC1, 0xD9, 0xBC, 0x87, 0x03, 0x53, 0x5D, 0xD6, 0x21, 0x1E, 0xAB, 0x5E, 0x14, 0x51,
    0x74, 0xE9, 0xD8, 0xB0, 0x8C, 0x9C, 0xE5, 0x26, 0x70, 0x92, 0xAC, 0x71, 0x26, 0x65, 0x64, 0x4D,
    0xCC, 0x3B, 0x84, 0x8B, 0x06, 0x59, 0x08, 0x2F, 0x21, 0xE8, 0xBD, 0xBA, 0x7A, 0xBF, 0xA9, 0x7A,
    0x49, 0x57, 0x8F, 0x87, 0x0A, 0x5E, 0xC9, 0x0D, 0x51, 0x13, 0x87, 0x0B, 0xF0, 0xCE, 0xC6, 0x02,
    0x3E, 0xB9, 0xC9, 0xFD, 0x13, 0xE8, 0x49, 0xC8, 0xD0, 0xB4, 0x88, 0x6F, 0xDB, 0x3B, 0xF4, 0x95,
    0x0F, 0xD8, 0xB9, 0xA3, 0x24, 0x1F, 0x0F, 0xA4, 0x3C, 0xC8, 0x38, 0x96, 0xC4, 0xCE, 0xDD, 0x47,
    0x26, 0x7B, 0x49, 0x9C, 0x72, 0xBC, 0xDC, 0xD1, 0x0C, 0xC4, 0xF5, 0x4B, 0xC6, 0x2D, 0x29, 0xA1,
    0x80, 0x3D, 0x06, 0x92, 0x65, 0xF7, 0x13, 0x08, 0xC4, 0x23, 0xD8, 0xC9, 0xB3, 0xAF, 0x60, 0x6A,
    0x26, 0x4C, 0x02, 0x50, 0x9D, 0x5F, 0x3E, 0x38, 0x78, 0x4F, 0xB3, 0x0B, 0x84, 0x7D, 0x7C, 0x83,
    0xE3, 0x0D, 0x96, 0x8E, 0xC8, 0xAB, 0x89, 0x61, 0x29, 0xB0, 0x7E, 0x24, 0xF4, 0x63, 0x38, 0xB1,
    0xE6, 0x62, 0x03, 0xB0, 0x63, 0xF8, 0x4F, 0xCD, 0xB0, 0xA4, 0x27, 0x02, 0xC3, 0x9E, 0x37, 0x56,
    0xC1, 0x89, 0x27, 0x55, 0x02, 0xC7, 0x8B, 0x0F, 0xFE, 0x60, 0x95, 0x9C, 0x38, 0x80, 0x9B, 0x9B,
    0x5F, 0xC0, 0x91, 0xF7, 0x10, 0x9E, 0x12, 0x58, 0x3C, 0x04, 0xAA, 0x15, 0x98, 0x01, 0xB6, 0xD0,
    0xA5, 0xA4, 0x1E, 0x2C, 0x94, 0x52, 0x50, 0x12, 0xEB, 0xA9, 0xA5, 0xB3, 0xF3, 0x9B, 0x9C, 0x4A,
    0x20, 0x79, 0x71, 0xAB, 0x50, 0x0B, 0x2C, 0x8F, 0x41, 0xFF, 0x1E, 0xF2, 0xE4, 0x32, 0x4C, 0x34,
    0x2D, 0x70, 0x5F, 0x62, 0xD5, 0x18, 0xA7, 0x58, 0x35, 0xCF, 0x46, 0xE6, 0xAB, 0xA4, 0xDE, 0x69,
    0x31, 0xE8, 0xD3, 0x3F, 0x39, 0xD8, 0x38, 0x0B, 0xF2, 0x0A, 0x1C, 0x1A, 0xF6, 0xEE, 0x3E, 0xA6,
    0xDC, 0x75, 0xFE, 0x03, 0x86, 0x1C, 0xFA, 0xC1, 0xDE, 0xA7, 0x08, 0x82, 0x13, 0x52, 0xD5, 0xA2,
    0xEC, 0xEA, 0x0A, 0xB8, 0x6A, 0x65, 0x67, 0xFA, 0xB8, 0x8D, 0x66, 0x56, 0xF5, 0xAA, 0xC7, 0x46,
    0x6F, 0x14, 0x62, 0x02, 0x52, 0xFB, 0x0E, 0xF6, 0xF2, 0xA5, 0x65, 0x95, 0xC7, 0xD9, 0x96, 0x84,
    0x61, 0xC8, 0xB6, 0xFA, 0x62, 0xB7, 0xF2, 0x16, 0x1B, 0xCE, 0xBD, 0x13, 0x2B, 0x4A, 0x89, 0xB8,
    0xC8, 0xA9, 0xF5, 0xE4, 0xCD, 0x9E, 0xD4, 0x25, 0xF6, 0x1C, 0x9B, 0xDC, 0xD3, 0x93, 0x13, 0x2D,
    0x55, 0x73, 0x8A, 0x1B, 0x72, 0xCD, 0x71, 0x27, 0xB8, 0xC2, 0x67, 0x62, 0xE0, 0xB3, 0x11, 0xBF,
    0x26, 0x39, 0x42, 0x70, 0x69, 0x0C, 0xFE, 0x9B, 0x14, 0xE8, 0xA6, 0xF1, 0x25, 0x6D, 0x5C, 0xAB,
    0x2E, 0xAD, 0xE1, 0xB3, 0x90, 0x64, 0xE7, 0x5A, 0x75, 0xA8, 0xB0, 0xDA, 0xED, 0x71, 0xDF, 0xF6,
    0x3E, 0x84, 0xF3, 0x7E, 0x65, 0x6A, 0xD1, 0x78, 0xF0, 0xC8, 0x3B, 0x94, 0x7F, 0x99, 0xF6, 0x82,
    0xE1, 0xDF, 0xD5, 0x71, 0x38, 0xFB, 0x23, 0x7B, 0xA6, 0x8C, 0x4C, 0x61, 0x22, 0x53, 0xD9, 0xB8,
    0x75, 0x48, 0xD2, 0x50, 0x31, 0xD4, 0x5C, 0x10, 0x05, 0xC8, 0x7E, 0xF1, 0x39, 0x71, 0x4D, 0x60,
    0x33, 0x67, 0x43, 0xAB, 0xC2, 0x79, 0x64, 0xB6, 0xA9, 0xBA, 0xDB, 0x5E, 0x80, 0xF8, 0xEA, 0xAB,
    0x10, 0xE7, 0xBA, 0x95, 0x5C, 0xF1, 0x39, 0x18, 0x1B, 0x01, 0x3B, 0xAB, 0xE2, 0xDE, 0xEE, 0xEB,
    0x90, 0x72, 0xC8, 0x7D, 0x94, 0xC1, 0xBE, 0x70, 0x3B, 0xA4, 0xCC, 0x9F, 0x22, 0xE8, 0xAF, 0x49,
    0x1B, 0x96, 0xDE, 0xD1, 0x5C, 0x64, 0xE6, 0x3F, 0xEC, 0x5E, 0x84, 0xB9, 0x58, 0x54, 0x5B, 0xDD,
    0x67, 0x98, 0x35, 0x7C, 0xCE, 0x0E, 0x1C, 0x2E, 0x62, 0xEF, 0xE7, 0xEE, 0x8D, 0x56, 0xB6, 0x8F,
    0x80, 0x93, 0x99, 0x2B, 0x77, 0xA8, 0xBA, 0xDF, 0x62, 0x13, 0x7F, 0xDE, 0xC3, 0x39, 0x5A, 0x54,
    0x22, 0xBF, 0xEB, 0x90, 0x45, 0xFE, 0xB8, 0x3B, 0xC5, 0x3B, 0x7B, 0x25, 0x72, 0x49, 0xC6, 0xBA,
    0x88, 0x78, 0x4B, 0x20, 0xEF, 0x66, 0xFE, 0xC8, 0x3C, 0x63, 0x87, 0xC6, 0x07, 0x98, 0x3E, 0x1A,
    0x17, 0x32, 0xA8, 0x93, 0xA3, 0x8E, 0xF5, 0x80, 0x9A, 0x77, 0xC7, 0x51, 0x71, 0x56, 0x0E, 0x79,
    0x8D, 0x75, 0x72, 0x3E, 0x8C, 0x95, 0x32, 0xF4, 0xE4, 0xAB, 0x52, 0x65, 0xC7, 0x6A, 0xB9, 0x30,
    0x63, 0xBD, 0x5C, 0x34, 0x63, 0xC5, 0x5C, 0xD5, 0x63, 0xCD, 0xEC, 0xA6, 0xAA, 0x79, 0x3E, 0xD5,
    0xCD, 0xFD, 0x11, 0xD1, 0x7A, 0x51, 0xA7, 0x3E, 0x65, 0xC9, 0xFD, 0xB7, 0x7C, 0x58, 0x6D, 0x32,
    0xFF, 0x72, 0x76, 0x6D, 0xF5, 0xA4, 0x06, 0x86, 0xD0, 0xC9, 0x52, 0xE0, 0xDF, 0x78, 0x59, 0xDC,
    0xF8, 0x27, 0x5E, 0x2E, 0x1A, 0x5E, 0x7A, 0xB8, 0x92, 0x08, 0x8D, 0xD3, 0xB3, 0x07, 0x51, 0x18,
    0xC9, 0x8E, 0x4C, 0xAC, 0xE6, 0x08, 0x39, 0xC7, 0xF6, 0xE1, 0xE1, 0x84, 0x92, 0x39, 0x1F, 0xE3,
    0x52, 0x70, 0x7D, 0xE5, 0x54, 0xC9, 0x3E, 0x9C, 0xD0, 0xF8, 0x72, 0x1C, 0xE2, 0x0F, 0xC6, 0xFD,
    0xF4, 0x11, 0x59, 0x71, 0x84, 0xD0, 0x48, 0x76, 0x64, 0x22, 0x98, 0x78, 0xCB, 0xDA, 0xC9, 0x9D,
    0xAD, 0x9E, 0x3E, 0x3D, 0xE8, 0xDA, 0xDA, 0x57, 0xB6, 0xC0, 0x58, 0xD5, 0xE5, 0x26, 0x38, 0xC6,
    0xE2, 0xA3, 0xA4, 0x1D, 0xB7, 0x8F, 0x71, 0x46, 0x92, 0xB6, 0xEC, 0x48, 0xF6, 0x05, 0xDE, 0x8A,
    0x07, 0x0A, 0xC8, 0x48, 0xCA, 0x37, 0xF3, 0x23, 0x1F, 0x7D, 0xFD, 0x97, 0xEA, 0x19, 0x5D, 0xB3,
    0xBE, 0x8A, 0xF2, 0x06, 0x5B, 0x36, 0xE4, 0x73, 0x91, 0xAB, 0x72, 0x3A, 0xC2, 0x7D, 0xFF, 0xDE,
    0xFB, 0x83, 0x55, 0xB8, 0xBB, 0x7B, 0x88, 0x70, 0x25, 0xFF, 0x6E, 0x8D, 0x70, 0x77, 0x77, 0x8F,
    0x03, 0xD8, 0xB1, 0x91, 0xC0, 0x00, 0x2F, 0x71, 0x1C, 0xB3, 0xC2, 0xD7, 0xDB, 0x0F, 0x51, 0xC1,
    0x09, 0xCD, 0xE7, 0xF2, 0xF2, 0xD6, 0x2C, 0xE3, 0xCC, 0xBA, 0x0A, 0x30, 0xD3, 0xC2, 0xC1, 0xE1,
    0x89, 0x25, 0x98, 0x34, 0xFE, 0x49, 0x59, 0xB6, 0x83, 0x19, 0x30, 0xF8, 0xA7, 0xAC, 0xF5, 0x7F,
    0x28, 0xC8, 0x57, 0x9B, 0x61, 0x26, 0x9F, 0x42, 0xDF, 0x2B, 0x57, 0x8F, 0x8E, 0x4F, 0x7F, 0xA6,
    0x37, 0x7A, 0x7E, 0xDE, 0xBC, 0x49, 0xCB, 0xFB, 0xAD, 0xCD, 0x1D, 0x71, 0x2B, 0xA4, 0xA1, 0x9C,
    0x71, 0xB0, 0x7D, 0xC3, 0x21, 0xF0, 0xA6, 0xDC, 0xE0, 0xDF, 0x15, 0xC4, 0x30, 0xB0, 0x8C, 0x19,
    0x76, 0xC8, 0xBB, 0x85, 0xFF, 0xDF, 0xD9, 0xD8, 0x5F, 0xC8, 0xE0, 0x36, 0x79, 0x9F, 0xCE, 0xC7,
    0xE5, 0x8B, 0x51, 0x9D, 0x7E, 0x8F, 0xA9, 0x6C, 0x8A, 0xF3, 0xA2, 0xA5, 0x73, 0x47, 0xDF, 0x6C,
    0x50, 0xA1, 0xFF, 0x06, 0xED, 0x55, 0x3D, 0x8F, 0xDC, 0x44, 0x18, 0x7E, 0xEC, 0x3D, 0xD6, 0x52,
    0x46, 0x68, 0xAE, 0xD9, 0x86, 0xC6, 0x0D, 0x0D, 0x88, 0x30, 0x35, 0xD2, 0xDD, 0x79, 0xC2, 0x2F,
    0xB8, 0x22, 0x2B, 0x0A, 0x0A, 0x6A, 0x56, 0x48, 0xDB, 0x50, 0x50, 0x44, 0x9A, 0x11, 0xBF, 0xE0,
    0x7E, 0x02, 0x45, 0x8A, 0x9C, 0x8B, 0x40, 0x11, 0x0A, 0x4E, 0xCA, 0x8E, 0x53, 0xD3, 0xF8, 0x27,
    0x18, 0x74, 0xA2, 0xB9, 0x22, 0x83, 0x30, 0x8A, 0xA5, 0xB3, 0x3D, 0x3C, 0xE3, 0xD5, 0x71, 0x9B,
    0xE4, 0x2E, 0x69, 0x28, 0x28, 0xE2, 0x9D, 0xC7, 0x3B, 0x5F, 0x7E, 0xE7, 0xFD, 0x7A, 0xDE, 0xC1,
    0xFA, 0x1C, 0xB3, 0x10, 0x20, 0x5A, 0x63, 0x73, 0xAF, 0x2A, 0xD5, 0xE4, 0x4D, 0x51, 0xE7, 0xFE,
    0x36, 0xA8, 0x46, 0xD5, 0xD2, 0x17, 0x95, 0xE8, 0x9C, 0x4D, 0xC3, 0x08, 0x7C, 0xFC, 0x03, 0xF8,
    0x64, 0x1E, 0xB2, 0x85, 0xF0, 0xD8, 0x3E, 0xCE, 0x43, 0xF9, 0x38, 0xBC, 0xB1, 0xC9, 0x0E, 0x2E,
    0x6C, 0x37, 0x9E, 0x02, 0xB3, 0x01, 0x10, 0x44, 0x4E, 0x1C, 0x12, 0x3F, 0x0F, 0x48, 0x7E, 0x1B,
    0x30, 0x7B, 0x36, 0x40, 0xDE, 0x1B, 0xF0, 0x69, 0x32, 0xC0, 0x84, 0xD0, 0x46, 0x80, 0xFD, 0x09,
    0x29, 0x3F, 0x2F, 0x82, 0xC7, 0x62, 0x79, 0x7C, 0xA7, 0x7C, 0x84, 0x3C, 0x0C, 0x13, 0x54, 0xF9,
    0x14, 0x77, 0xF1, 0x3E, 0x0E, 0x28, 0xF9, 0x60, 0x11, 0xB7, 0xB4, 0x28, 0x7E, 0x1C, 0xB7, 0xFB,
    0x11, 0xF4, 0x1E, 0xF1, 0x80, 0x18, 0x92, 0x00, 0xF7, 0xC5, 0x30, 0xAD, 0xCF, 0x4B, 0x0D, 0xA8,
    0x16, 0xE9, 0x38, 0x42, 0x34, 0x06, 0xB2, 0x3A, 0x82, 0xD2, 0xFB, 0x28, 0x38, 0x5D, 0xBC, 0xA7,
    0x79, 0x76, 0x07, 0x63, 0x47, 0x98, 0xE9, 0x57, 0xE8, 0x88, 0xF8, 0x53, 0x15, 0xF7, 0xD6, 0x23,
    0x9D, 0xD7, 0x01, 0x2B, 0x8B, 0x55, 0x59, 0xD2, 0xAA, 0xA0, 0x23, 0x36, 0xA5, 0xC3, 0x13, 0x1C,
    0xE1, 0x27, 0x3C, 0xE0, 0xB9, 0x3D, 0x75, 0x6E, 0x69, 0x27, 0x9D, 0x23, 0x6A, 0xF0, 0x00, 0x9E,
    0x67, 0x29, 0x9C, 0x4B, 0xE3, 0xD6, 0x9C, 0x59, 0xDC, 0x72, 0xCC, 0xF1, 0xBA, 0x8B, 0xC1, 0xB0,
    0xD2, 0xAB, 0x3A, 0x67, 0x20, 0x72, 0x4F, 0xB4, 0xAA, 0x92, 0xA3, 0xD3, 0x69, 0x3C, 0x87, 0x6E,
    0xCB, 0x2E, 0x03, 0xD7, 0x0C, 0x43, 0x20, 0xFF, 0x05, 0xC3, 0x52, 0x67, 0x3C, 0x17, 0xAB, 0x87,
    0x48, 0x9C, 0x85, 0xA0, 0x5D, 0xAA, 0xA2, 0x7D, 0xDA, 0x5D, 0xEB, 0x1D, 0xB5, 0xB6, 0x46, 0xAB,
    0x3F, 0x82, 0x16, 0xC1, 0x68, 0xEC, 0x47, 0x05, 0x0C, 0xB1, 0xC1, 0x27, 0xD4, 0xF1, 0x30, 0x6D,
    0x91, 0x3F, 0xAF, 0x31, 0x67, 0x48, 0xB0, 0x47, 0x1C, 0xBD, 0x8E, 0x10, 0x42, 0x15, 0xB1, 0x34,
    0x4B, 0xFD, 0xDA, 0xFA, 0x47, 0x3B, 0xEB, 0xCB, 0xA5, 0xBE, 0xEA, 0x97, 0x65, 0x69, 0xB1, 0xF3,
    0x5C, 0xCD, 0x5F, 0x8D, 0x05, 0x5D, 0x8C, 0xB4, 0x8F, 0x79, 0x91, 0xD7, 0x28, 0x2A, 0x14, 0x96,
    0xFE, 0x06, 0x15, 0x74, 0x3B, 0x8D, 0x43, 0x4E, 0xC6, 0xD5, 0x0A, 0x79, 0xC3, 0x6C, 0x9D, 0xFC,
    0xA6, 0x34, 0x52, 0x86, 0x09, 0x9F, 0xB1, 0x5B, 0xC5, 0xC9, 0x94, 0x93, 0x0C, 0xB5, 0xDB, 0xD9,
    0xFD, 0x6A, 0x9B, 0x44, 0x73, 0x0F, 0x33, 0xAC, 0x83, 0x6C, 0x62, 0x9C, 0x3F, 0xDC, 0x6A, 0x62,
    0x7E, 0x0F, 0x3A, 0xA7, 0x77, 0x45, 0x9F, 0x37, 0xA2, 0x95, 0x5E, 0xF8, 0x9B, 0x21, 0xB9, 0xE6,
    0x82, 0x1C, 0xA7, 0x8F, 0xFE, 0x0B, 0xFA, 0x7C, 0x40, 0x13, 0x6D, 0x16, 0x6C, 0x61, 0xEC, 0x21,
    0xF5, 0x7B, 0x43, 0x73, 0xB5, 0x0A, 0x61, 0xB1, 0x5C, 0xCE, 0xC3, 0x09, 0x54, 0xE8, 0x51, 0x7C,
    0x4F, 0x72, 0xDC, 0x1B, 0xA1, 0x68, 0x51, 0x92, 0xC4, 0x44, 0x67, 0x26, 0xCD, 0xDA, 0x6D, 0xA2,
    0xD1, 0x3B, 0x78, 0x1A, 0xF3, 0x2E, 0xD5, 0xD2, 0xCE, 0xB4, 0x59, 0x7E, 0xA5, 0xAF, 0x12, 0x94,
    0x01, 0x22, 0x27, 0x4E, 0x48, 0x9A, 0x6E, 0x2B, 0x83, 0x84, 0x50, 0x3B, 0xD9, 0x98, 0xB8, 0x1A,
    0x49, 0x38, 0xA7, 0xBC, 0x68, 0x65, 0x24, 0x8F, 0xD3, 0xDF, 0x12, 0x1D, 0xFB, 0x9B, 0xEC, 0x8A,
    0x38, 0xEF, 0x08, 0xFC, 0x8E, 0xC0, 0xFF, 0x17, 0x02, 0x27, 0x1B, 0x8B, 0xFC, 0x82, 0xD9, 0xF2,
    0x79, 0x8F, 0x3C, 0xE9, 0xA7, 0xB0, 0x24, 0x5F, 0x32, 0xA3, 0x2E, 0x23, 0x43, 0x06, 0x04, 0x8E,
    0x03, 0xA5, 0xBB, 0x98, 0xBD, 0x43, 0xB0, 0xA2, 0x59, 0xD9, 0xE4, 0xB1, 0x96, 0xA1, 0x2D, 0x9E,
    0xF5, 0x46, 0x8F, 0x8E, 0x76, 0x95, 0x21, 0x3E, 0x3C, 0x9D, 0x6E, 0xD5, 0x7B, 0x45, 0x7D, 0x57,
    0x86, 0x3E, 0x71, 0x27, 0xC9, 0x63, 0x0B, 0x79, 0x49, 0xA2, 0xC4, 0x24, 0x62, 0x18, 0x1C, 0x7B,
    0x61, 0x8B, 0x2A, 0xFE, 0xC7, 0x71, 0x9C, 0x8F, 0x33, 0xF2, 0x32, 0x92, 0xE7, 0x84, 0x79, 0xBD,
    0xB8, 0x5F, 0x84, 0xBC, 0xCB, 0xFA, 0xAC, 0x4A, 0x46, 0x49, 0x99, 0xDF, 0x20, 0x5E, 0x89, 0x90,
    0x84, 0xA2, 0x7A, 0x4F, 0x48, 0xD8, 0xBA, 0xB0, 0x19, 0x2B, 0x86, 0x39, 0x77, 0xC3, 0xEA, 0x61,
    0x79, 0x3A, 0x3F, 0xD3, 0x2A, 0x34, 0xDF, 0x65, 0xFD, 0x7E, 0x74, 0x0D, 0x33, 0x2B, 0x94, 0xE5,
    0xA4, 0x14, 0xA8, 0xDD, 0x40, 0xC3, 0xF2, 0xE7, 0x3E, 0xDD, 0xE8, 0x15, 0x2B, 0x86, 0x89, 0xA9,
    0xF8, 0x12, 0xCE, 0x20, 0x5E, 0x84, 0x4A, 0x0C, 0xAA, 0x11, 0x1D, 0xCB, 0xD4, 0x6D, 0xE5, 0x8B,
    0xF3, 0xEB, 0x51, 0x0E, 0xAB, 0x72, 0x7E, 0x7A, 0xB3, 0x9C, 0xE5, 0x7D, 0xE1, 0x4D, 0x2B, 0x7C,
    0xAE, 0x85, 0x3F, 0xE4, 0x98, 0x97, 0xFA, 0x5F, 0xBC, 0xB4, 0x59, 0x6B, 0x44, 0xE4, 0x97, 0x67,
    0xEE, 0xC5, 0xF2, 0xD5, 0x2A, 0xCA, 0x11, 0x94, 0x83, 0xAF, 0x29, 0xC7, 0xDC, 0x7E, 0xD7, 0xBF,
    0xDA, 0x5A, 0xAC, 0x47, 0x52, 0x0D, 0x8B, 0xE3, 0x4D, 0xF2, 0x0B, 0xCC, 0x8B, 0xF0, 0xEB, 0xA4,
    0x75, 0x5F, 0xD4, 0xD4, 0xBB, 0x95, 0x53, 0xE1, 0xE5, 0xDB, 0xBF, 0xF5, 0x3D, 0xD9, 0x21, 0xBB,
    0x68, 0xC9, 0x9D, 0x47, 0x8B, 0xE3, 0xB3, 0x28, 0xEB, 0xED, 0xF6, 0xFB, 0x6B, 0xFB, 0x17, 0xFA,
    0x14, 0xE6, 0x22, 0x54, 0x72, 0x2A, 0xF7, 0x82, 0x6B, 0x19, 0xDF, 0xB3, 0xEE, 0x1A, 0x1C, 0xC7,
    0xF9, 0x9E, 0xDF, 0x5D, 0x52, 0xF6, 0x9F, 0xE3, 0x4B, 0xBE, 0x5A, 0x0F, 0x91, 0xCE, 0x1A, 0x49,
    0xA9, 0xE5, 0x85, 0x57, 0x49, 0x5B, 0x80, 0xA5, 0x1F, 0x6A, 0x24, 0x3B, 0x1B, 0xB8, 0x6E, 0x2F,
    0xEB, 0x0F, 0xD0, 0x1F, 0xA1, 0x2B, 0x2E, 0xFC, 0x7C, 0x24, 0x5D, 0x01, 0x8F, 0x94, 0x2E, 0xF8,
    0x9B, 0x25, 0xA6, 0x7A, 0x83, 0x83, 0x66, 0xA1, 0xC6, 0xC6, 0xFE, 0x03, 0xA5, 0x58, 0x3D, 0x90,
    0xDD, 0xD4, 0x15, 0xBE, 0x92, 0xF0, 0x8A, 0xF0, 0x0A, 0xB9, 0xB0, 0x67, 0x18, 0xC8, 0xAC, 0x28,
    0xA8, 0x48, 0x6C, 0xB5, 0x29, 0x76, 0x2D, 0x91, 0x14, 0x14, 0x29, 0xB2, 0x85, 0xD7, 0x14, 0x29,
    0xDC, 0xA4, 0x89, 0x53, 0xB8, 0x75, 0x66, 0xCC, 0x48, 0x19, 0xCA, 0x14, 0xD9, 0x14, 0x54, 0x69,
    0x5C, 0x90, 0x19, 0xBC, 0x2E, 0x36, 0xC5, 0x16, 0x2E, 0x16, 0xEB, 0x19, 0x4F, 0x26, 0x45, 0x0A,
    0x3F, 0xC8, 0x40, 0x0A, 0x8A, 0x88, 0x1F, 0x0F, 0x03, 0x14, 0x08, 0x10, 0xA0, 0xDD, 0x95, 0x74,
    0xF2, 0x7D, 0xE7, 0x48, 0x6F, 0x77, 0xF9, 0x0D, 0x44, 0xF3, 0xE6, 0x9C, 0xF3, 0xA4, 0xFB, 0x73,
    0xEE, 0x3D, 0xE7, 0x7C, 0xE7, 0xDC, 0xEB, 0x9C, 0x3D, 0x8F, 0x4B, 0x4B, 0x26, 0x22, 0x99, 0x73,
    0xA1, 0x3C, 0x2D, 0x73, 0xE7, 0xA2, 0xCE, 0x95, 0x60, 0x49, 0xE3, 0x72, 0xBC, 0x4C, 0x6B, 0x77,
    0x06, 0x2D, 0xF2, 0x4A, 0xDB, 0x97, 0x13, 0x7B, 0x64, 0x7B, 0x7B, 0x7B, 0xAB, 0xAC, 0x62, 0xF4,
    0x5C, 0x94, 0x95, 0x27, 0x0F, 0x2E, 0x2F, 0xD0, 0xA4, 0x5C, 0x84, 0x15, 0x3A, 0x94, 0x8B, 0xA0,
    0x42, 0xF7, 0x72, 0xE1, 0x6F, 0x71, 0xB0, 0x05, 0x87, 0xCE, 0xC8, 0x9C, 0x0C, 0x72, 0x70, 0x93,
    0xD3, 0x8A, 0x0C, 0xF8, 0x7B, 0x4A, 0x1E, 0x5C, 0xD4, 0xF1, 0x16, 0xEE, 0x6B, 0x59, 0xA3, 0xCC,
    0x23, 0x93, 0x45, 0x00, 0xC6, 0xF9, 0x8E, 0x98, 0x7B, 0xF2, 0x51, 0x36, 0xBC, 0xBD, 0x46, 0xBA,
    0x7B, 0x8D, 0xF4, 0xB3, 0x5D, 0x76, 0x91, 0xDE, 0xB9, 0x19, 0x55, 0x73, 0xB9, 0xBC, 0x2D, 0xB5,
    0x27, 0xEF, 0xBC, 0x2A, 0x6D, 0x20, 0xCF, 0xBF, 0xF2, 0x51, 0x1B, 0x49, 0x70, 0xEF, 0x7E, 0x13,
    0x4B, 0xF8, 0xFC, 0xFD, 0x2A, 0xE9, 0x67, 0xCF, 0xFC, 0xDD, 0xA5, 0x7D, 0x34, 0x2B, 0x5C, 0xDA,
    0x45, 0xB3, 0x0C, 0x74, 0x35, 0xC2, 0x9A, 0xBB, 0xF3, 0x4A, 0xD7, 0x57, 0x49, 0xD7, 0xCE, 0x81,
    0xF6, 0x6B, 0xEB, 0xD8, 0x92, 0xE1, 0xDA, 0x1A, 0x27, 0xDF, 0x05, 0x8D, 0xA4, 0xBE, 0xE6, 0x9E,
    0x08, 0xA5, 0xDE, 0x75, 0xBB, 0xBE, 0x34, 0x75, 0x88, 0xF5, 0xCA, 0x41, 0x59, 0xAB, 0x6E, 0x73,
    0x17, 0x08, 0x75, 0x08, 0xFE, 0xF1, 0x3E, 0xF7, 0xF5, 0x79, 0x6C, 0xA7, 0x9B, 0x29, 0x8D, 0x9E,
    0x29, 0xDC, 0x97, 0x9E, 0x44, 0xF6, 0x1D, 0xDB, 0xA3, 0x57, 0x3C, 0x5C, 0x12, 0x6C, 0x5F, 0xED,
    0xF2, 0xC6, 0xC3, 0xDF, 0x04, 0x3A, 0x67, 0x2E, 0x6E, 0x66, 0x82, 0x8E, 0x8B, 0x08, 0xF4, 0x14,
    0x9A, 0x68, 0x9F, 0x9E, 0x34, 0x05, 0x7D, 0x24, 0x4B, 0xBB, 0xB4, 0x2B, 0xEB, 0xB4, 0x8B, 0x7B,
    0x69, 0xD2, 0x2E, 0x90, 0xBF, 0xB4, 0xA4, 0x01, 0xDE, 0x04, 0x83, 0x5F, 0xA4, 0x7D, 0xD0, 0xB3,
    0x3D, 0x69, 0x3C, 0x90, 0x62, 0x07, 0x94, 0xFE, 0xA2, 0xA7, 0x5D, 0xEE, 0xF5, 0xEE, 0x49, 0x5F,
    0xDE, 0xE9, 0xDD, 0x6D, 0x78, 0x41, 0x8F, 0x55, 0xA4, 0x22, 0x50, 0x60, 0xA6, 0xFA, 0x60, 0x49,
    0xD0, 0xCD, 0x79, 0x9B, 0x94, 0x44, 0x3A, 0x21, 0x09, 0xE5, 0x83, 0x5B, 0x1D, 0xD4, 0xF3, 0x48,
    0x9C, 0x92, 0x3D, 0x92, 0xEB, 0x24, 0xEE, 0xEB, 0xC9, 0xC1, 0x76, 0xE6, 0xA1, 0x6F, 0xE1, 0xC9,
    0x07, 0x94, 0x4E, 0x7C, 0xBD, 0x25, 0x07, 0x37, 0x38, 0x7C, 0xE3, 0x2E, 0xC9, 0x83, 0x8D, 0x13,
    0xDD, 0x16, 0xDC, 0x98, 0x5A, 0xFD, 0x73, 0x61, 0xC4, 0x9E, 0x19, 0xD5, 0xCA, 0xA1, 0xA1, 0x27,
    0xAF, 0x4A, 0x15, 0x88, 0xCB, 0xEB, 0x70, 0x80, 0xAB, 0xCE, 0x7A, 0x97, 0x56, 0x20, 0x49, 0x31,
    0xE3, 0x06, 0x29, 0x09, 0xB9, 0x61, 0x68, 0xE2, 0x30, 0xFC, 0x0B, 0x17, 0x39, 0x4A, 0x67, 0xC4,
    0xFC, 0x2C, 0x85, 0x47, 0x6F, 0x97, 0x07, 0x2F, 0xD9, 0x3B, 0x95, 0x5C, 0x4A, 0x4B, 0xD1, 0xF9,
    0x1D, 0x06, 0x78, 0x38, 0xC0, 0x64, 0x3F, 0x85, 0x55, 0x0F, 0xBA, 0x9C, 0x6D, 0xF2, 0x43, 0x91,
    0xF6, 0xF7, 0x70, 0xE1, 0x0A, 0x0D, 0xCE, 0x9A, 0x3E, 0xE1, 0x7C, 0x32, 0x66, 0x74, 0x24, 0x65,
    0x4B, 0x03, 0x8F, 0xFC, 0xB1, 0xAD, 0x0B, 0x8F, 0x31, 0xA2, 0xE4, 0x15, 0xE9, 0x73, 0x2A, 0x90,
    0xCA, 0x3F, 0xB9, 0xA3, 0xD0, 0xCD, 0x17, 0xD9, 0xE1, 0xAF, 0xC0, 0xA2, 0x61, 0xF4, 0x36, 0xC4,
    0xFA, 0x3D, 0xA9, 0x7D, 0xA9, 0x03, 0x93, 0x3C, 0xA9, 0x7C, 0x2C, 0x1F, 0x4C, 0x7F, 0x94, 0x16,
    0xF6, 0xFB, 0x61, 0x92, 0xBF, 0x94, 0x82, 0xA5, 0x14, 0x4E, 0x52, 0x35, 0xB3, 0x39, 0x02, 0x69,
    0x22, 0x4E, 0x5D, 0xD3, 0x29, 0x2E, 0x8B, 0xC0, 0x84, 0xDC, 0xF5, 0xDC, 0x24, 0x3C, 0xEB, 0x4B,
    0x27, 0xDE, 0x5B, 0x4A, 0xED, 0x24, 0x68, 0xD8, 0x9A, 0x74, 0x63, 0xF2, 0xF4, 0x8A, 0x2B, 0x2D,
    0x52, 0xD8, 0x3A, 0x50, 0xEB, 0x61, 0x13, 0x62, 0x34, 0x2B, 0x61, 0xA3, 0xB0, 0xA2, 0x49, 0x33,
    0x17, 0x2E, 0xC8, 0xE7, 0x23, 0xAF, 0x95, 0x3F, 0x87, 0x0E, 0xCA, 0xD3, 0xCE, 0x78, 0x2C, 0xE4,
    0xA5, 0xEE, 0x1E, 0x00, 0x68, 0xE4, 0xEE, 0x65, 0x4F, 0x9A, 0x19, 0xC6, 0x79, 0xCE, 0x95, 0x2D,
    0xBE, 0x5F, 0x91, 0xED, 0x72, 0xD8, 0x39, 0x28, 0xA6, 0xEF, 0x57, 0x86, 0xED, 0x5B, 0xF2, 0xE1,
    0x41, 0x81, 0xEF, 0xBE, 0xBC, 0xC7, 0x71, 0xE0, 0x5A, 0x87, 0xC6, 0x73, 0x31, 0x9E, 0x8C, 0x3C,
    0x1A, 0x79, 0x40, 0xFE, 0xF2, 0xE8, 0x8C, 0xA2, 0x40, 0x84, 0xDD, 0xA0, 0xF1, 0x46, 0x1E, 0xAB,
    0x67, 0xDE, 0x1C, 0x61, 0x54, 0x5D, 0xF4, 0x71, 0x79, 0x43, 0x71, 0xD5, 0x97, 0x79, 0x44, 0xEF,
    0x83, 0x37, 0x87, 0x62, 0x3C, 0x80, 0x89, 0x8D, 0x9B, 0x97, 0xFB, 0x47, 0xFC, 0xCC, 0xC8, 0xF7,
    0xC6, 0x76, 0x9D, 0xF1, 0x9F, 0x2B, 0x9F, 0xC9, 0x4C, 0x79, 0x0C, 0x27, 0x44, 0xC8, 0xBD, 0x21,
    0xB5, 0x90, 0x03, 0xB7, 0x77, 0x86, 0x97, 0x3C, 0x19, 0xB6, 0x08, 0xDB, 0xDE, 0x08, 0xDF, 0xFF,
    0x2B, 0xD7, 0xC9, 0x31, 0x6E, 0x08, 0xBB, 0x80, 0xB8, 0x11, 0xB9, 0x7A, 0x8B, 0x7D, 0x2E, 0x8E,
    0xCF, 0xA9, 0x0D, 0xFC, 0x7F, 0x7F, 0x34, 0xA5, 0x8C, 0xC8, 0x4B, 0xA7, 0x97, 0xD7, 0xCB, 0xC1,
    0xC4, 0x80, 0x0A, 0x9A, 0xBF, 0xFB, 0xE3, 0xDA, 0x26, 0x71, 0x31, 0x89, 0xEA, 0xBE, 0x37, 0xB3,
    0x49, 0x2C, 0x31, 0x8C, 0x89, 0x81, 0xEC, 0x0C, 0x26, 0xCE, 0xA3, 0xD6, 0x97, 0x71, 0x84, 0xB8,
    0x76, 0x2A, 0x42, 0x2D, 0x88, 0xDA, 0x20, 0x46, 0x60, 0xB7, 0x6E, 0x83, 0x2E, 0x24, 0xC4, 0xD9,
    0x4C, 0xE3, 0x06, 0x93, 0x45, 0x54, 0xC9, 0xC7, 0xA6, 0x2C, 0x88, 0x5B, 0x05, 0xDB, 0xA2, 0x01,
    0xBE, 0xB5, 0x14, 0xF3, 0x86, 0xD6, 0xD5, 0x11, 0xE0, 0x3E, 0x50, 0x5B, 0xC7, 0x55, 0x1C, 0x4D,
    0xA4, 0xE0, 0xAC, 0xE2, 0x56, 0x32, 0x5F, 0xC5, 0x50, 0x8A, 0xA4, 0x70, 0x2A, 0x42, 0x75, 0xE0,
    0x40, 0x49, 0x11, 0x11, 0x00, 0x6B, 0x0B, 0x96, 0x89, 0x14, 0xD7, 0x25, 0x8D, 0x3F, 0x68, 0xC6,
    0x4C, 0xE4, 0x4F, 0x9C, 0x82, 0xE2, 0x8A, 0xFC, 0xE1, 0x08, 0x9D, 0xDC, 0xA9, 0x8B, 0x8C, 0x6D,
    0xFC, 0xBF, 0x42, 0x25, 0xE6, 0x10, 0x2B, 0x8C, 0x49, 0x8F, 0x0F, 0x99, 0x15, 0x08, 0xF4, 0x64,
    0x8D, 0x1A, 0x62, 0x56, 0xAB, 0xE8, 0xA3, 0x0D, 0x5D, 0x37, 0x6F, 0x15, 0xF2, 0x66, 0x0B, 0xA6,
    0x1E, 0x15, 0x09, 0x29, 0xF4, 0xFB, 0xFF, 0x34, 0x2A, 0x02, 0xFA, 0x67, 0xF7, 0x5B, 0x17, 0x17,
    0xCC, 0x44, 0x2E, 0xFA, 0x63, 0xE7, 0x92, 0x8C, 0xEE, 0xEA, 0xE2, 0x67, 0x80, 0x7E, 0x80, 0xA4,
    0xCB, 0xB2, 0x79, 0xF5, 0xD9, 0x61, 0x33, 0xDF, 0xCC, 0x52, 0x99, 0x9E, 0xC5, 0x31, 0x91, 0xAB,
    0xBF, 0xEE, 0xE8, 0x5F, 0xEA, 0xD5, 0x7B, 0xD0, 0xC7, 0x8A, 0x80, 0xAA, 0x75, 0xE5, 0x5D, 0x35,
    0xAE, 0xD4, 0x48, 0xFE, 0xAF, 0xD5, 0x9A, 0x85, 0x3F, 0x46, 0xF4, 0xBF, 0xA3, 0x62, 0xFA, 0x79,
    0xE5, 0x92, 0x4F, 0xB5, 0x02, 0x48, 0x31, 0x4C, 0x7C, 0xB8, 0xB0, 0xA0, 0xA6, 0x01, 0xD4, 0xE2,
    0xF1, 0x91, 0x18, 0xC1, 0x0C, 0x33, 0x29, 0x0C, 0xAC, 0x33, 0xE6, 0x7F, 0x73, 0x99, 0x11, 0x8A,
    0xC1, 0x06, 0x9A, 0x0C, 0xC2, 0xD9, 0xCD, 0x4D, 0x6C, 0x97, 0x29, 0x0B, 0xD4, 0x29, 0xC8, 0x3B,
    0xF2, 0x83, 0xED, 0x1D, 0x21, 0xA7, 0x25, 0x9F, 0x56, 0xEE, 0xB0, 0xCB, 0xC6, 0xEF, 0x1E, 0xE7,
    0x57, 0xB6, 0x8C, 0xE7, 0xD5, 0xF7, 0xE5, 0xCE, 0xFB, 0x12, 0xF7, 0x25, 0x53, 0x0E, 0x25, 0x95,
    0xCF, 0x94, 0x6B, 0x6A, 0x30, 0xDE, 0x18, 0x1F, 0xB8, 0x1C, 0x7F, 0xFB, 0xA6, 0xAE, 0x89, 0x9E,
    0xE4, 0x5B, 0x28, 0x58, 0x76, 0xD6, 0xA0, 0x87, 0xF6, 0x2F, 0xB9, 0x31, 0xD3, 0x6C, 0x5E, 0x1E,
    0x2E, 0x8E, 0xEF, 0xBD, 0x0D, 0xD2, 0x7C, 0x88, 0xE8, 0x90, 0x72, 0x7F, 0xC0, 0x14, 0x6F, 0x60,
    0x04, 0xD8, 0x2F, 0x1F, 0x5C, 0x82, 0x69, 0x06, 0x1A, 0x3B, 0x01, 0x6D, 0x39, 0x9A, 0x51, 0x38,
    0x45, 0x74, 0x92, 0xA6, 0x13, 0x8D, 0xA7, 0xF6, 0xD6, 0x97, 0xE3, 0x08, 0xC7, 0x3C, 0x94, 0x0C,
    0x0E, 0x77, 0x0F, 0xFE, 0x99, 0x0F, 0x48, 0x28, 0x98, 0xF7, 0x4B, 0x65, 0x07, 0x2B, 0x0E, 0xC9,
    0x42, 0xA5, 0xDE, 0x26, 0x9E, 0xE9, 0x43, 0x89, 0xC5, 0xCD, 0x18, 0x61, 0xC9, 0x7E, 0xCE, 0xEA,
    0x0D, 0x40, 0x21, 0xC8, 0xA7, 0xD8, 0x9A, 0x10, 0x75, 0x85, 0x0B, 0x6B, 0x58, 0xD1, 0xE3, 0xCE,
    0xC0, 0xB4, 0x83, 0x41, 0x42, 0x43, 0xD2, 0xBA, 0xCB, 0xC3, 0xE6, 0x86, 0x2D, 0x1E, 0x52, 0x66,
    0x70, 0xA2, 0x44, 0xDB, 0x69, 0x0F, 0xC5, 0xC1, 0xC0, 0x42, 0xB7, 0x30, 0x34, 0xFD, 0x31, 0xB2,
    0xB7, 0xBB, 0x8E, 0x25, 0xFC, 0xBA, 0xB3, 0x79, 0x81, 0x0D, 0x04, 0xC9, 0x0D, 0xB8, 0x96, 0xD4,
    0xC0, 0x89, 0xD4, 0x98, 0x87, 0xD8, 0x89, 0x65, 0x0B, 0xD0, 0x4E, 0xCC, 0x42, 0x89, 0xE4, 0xA2,
    0x5A, 0x59, 0x3C, 0x57, 0x96, 0x3B, 0x65, 0xBD, 0x32, 0x16, 0x8B, 0x60, 0xD1, 0x42, 0x59, 0x5A,
    0x28, 0xE3, 0xB0, 0x96, 0x0B, 0xEA, 0x91, 0x6D, 0x82, 0xEF, 0x43, 0xE9, 0xBC, 0x2F, 0x19, 0x0E,
    0x79, 0x9B, 0x0E, 0xDA, 0x52, 0xC1, 0x05, 0xDD, 0x45, 0x87, 0x66, 0xDC, 0x83, 0xF9, 0x62, 0xF3,
    0x89, 0xCD, 0x9E, 0x63, 0x26, 0xE8, 0x92, 0xA2, 0x29, 0xDE, 0x44, 0x1A, 0x63, 0xD8, 0x9B, 0x81,
    0xCC, 0x5D, 0x1D, 0xE8, 0x2D, 0x30, 0x6C, 0x6E, 0x19, 0x3E, 0xFF, 0xA0, 0x1C, 0xB6, 0xC5, 0x95,
    0x6A, 0x26, 0xE4, 0x13, 0x65, 0x7B, 0x64, 0xC9, 0xC4, 0x7E, 0x43, 0xF6, 0x08, 0x23, 0xAA, 0x7B,
    0x5C, 0x03, 0x6B, 0xD0, 0xA0, 0xD1, 0xF2, 0x50, 0xA1, 0x8A, 0x2C, 0xEF, 0x2D, 0x8E, 0xBA, 0x15,
    0xFE, 0x41, 0x35, 0x02, 0x76, 0x27, 0xD1, 0x6C, 0xFC, 0x04, 0xD3, 0x2B, 0x63, 0x53, 0x7D, 0xD0,
    0x33, 0xF8, 0x8E, 0x8D, 0x89, 0x2E, 0xCF, 0x5D, 0x4B, 0x0C, 0xD3, 0x47, 0x96, 0xEA, 0x60, 0x74,
    0x18, 0x6D, 0xA9, 0x4D, 0x47, 0xC6, 0x11, 0x8E, 0x7C, 0xE5, 0xA8, 0xAA, 0x71, 0xE9, 0xB2, 0x7E,
    0xF5, 0x86, 0xE5, 0xCB, 0xB0, 0x9B, 0xA4, 0xAB, 0x62, 0x4A, 0x20, 0x09, 0x0E, 0xE5, 0x61, 0x3F,
    0xF6, 0xC9, 0x50, 0xA6, 0x59, 0xBF, 0x27, 0x01, 0x79, 0xF9, 0x62, 0xF2, 0xC0, 0x2C, 0xA9, 0x27,
    0xD1, 0xC5, 0xED, 0x54, 0xDB, 0x31, 0x35, 0xD9, 0xB4, 0x3D, 0x7F, 0x26, 0x76, 0xE6, 0x44, 0xD4,
    0xF0, 0x48, 0x4C, 0x3A, 0xF3, 0x2A, 0xCE, 0xD1, 0x1E, 0x89, 0xCD, 0x52, 0x84, 0x67, 0x4D, 0x6D,
    0x51, 0xD4, 0x46, 0xA3, 0x08, 0x15, 0xA3, 0xDE, 0xD3, 0xB3, 0x0C, 0x71, 0xAC, 0x9B, 0x11, 0x95,
    0x15, 0x96, 0xBB, 0xE4, 0x6D, 0x6C, 0x3A, 0x61, 0x39, 0x6D, 0xF3, 0x39, 0xD8, 0x25, 0xE8, 0x9D,
    0xD6, 0x52, 0x30, 0x4B, 0xE0, 0x4B, 0x59, 0x51, 0x4C, 0x77, 0xC4, 0xB0, 0x47, 0xE6, 0xEB, 0x01,
    0xE3, 0x8C, 0x09, 0xA7, 0xB8, 0x80, 0x34, 0x1A, 0x23, 0x42, 0xEE, 0x02, 0x33, 0xCA, 0x2F, 0x84,
    0x75, 0x29, 0xC6, 0x05, 0xFA, 0x21, 0xB0, 0xC3, 0xE5, 0xB6, 0x2C, 0xF5, 0xB1, 0xF5, 0x2D, 0xC5,
    0xE5, 0x0E, 0x72, 0x7D, 0xCB, 0xCA, 0xB1, 0x3D, 0xDA, 0xF7, 0x65, 0x35, 0xC5, 0x45, 0x4D, 0xCF,
    0xD9, 0xEC, 0x78, 0x48, 0x97, 0xAD, 0xC5, 0x35, 0xC7, 0x83, 0xFA, 0x18, 0xAA, 0x8E, 0x99, 0x47,
    0xEA, 0xC8, 0x68, 0x75, 0x44, 0xED, 0x7D, 0xC2, 0xD4, 0xD2, 0xB0, 0xDC, 0x4D, 0x5A, 0x1A, 0x36,
    0xEE, 0x4A, 0x85, 0xA9, 0x41, 0x11, 0xBC, 0x53, 0x6B, 0x34, 0x6E, 0x2C, 0xC2, 0x1F, 0x66, 0xDA,
    0x76, 0xAB, 0x1E, 0x57, 0x02, 0x8B, 0x32, 0x4E, 0x5F, 0x61, 0x99, 0x23, 0xEF, 0x49, 0xA7, 0x68,
    0xD2, 0x73, 0x99, 0xF7, 0x61, 0xBE, 0x7F, 0xCB, 0x2F, 0x61, 0xDA, 0x7B, 0xC0, 0x9D, 0x22, 0x7D,
    0xBA, 0xC3, 0xE6, 0xDC, 0x71, 0x7F, 0xD3, 0xFA, 0xE9, 0xB4, 0xB3, 0x6D, 0x28, 0xB5, 0x46, 0x23,
    0xEE, 0xB2, 0x60, 0x77, 0xC8, 0xA7, 0x29, 0xD3, 0x92, 0xA3, 0xCE, 0x80, 0x43, 0xC6, 0x9E, 0x9A,
    0x64, 0x05, 0xE1, 0x0E, 0xE7, 0xC6, 0x21, 0x2A, 0x55, 0x80, 0xF1, 0x64, 0xBF, 0xC4, 0xEA, 0xCA,
    0x86, 0xF5, 0x31, 0x03, 0xB2, 0xB2, 0x38, 0x36, 0xCA, 0xF5, 0x43, 0x5D, 0x46, 0x68, 0x73, 0xB6,
    0xDC, 0xDF, 0x64, 0xE3, 0x63, 0x5F, 0xD9, 0x9E, 0xBD, 0x98, 0x8F, 0xF2, 0xFD, 0xB2, 0xD7, 0x13,
    0x84, 0x16, 0x9D, 0x37, 0x0D, 0x39, 0xBE, 0x93, 0x96, 0x96, 0x27, 0x3B, 0x4D, 0x80, 0x5C, 0xBA,
    0x51, 0xC7, 0x85, 0xE9, 0xD3, 0x1C, 0x2F, 0x81, 0xAF, 0x6A, 0x62, 0x20, 0xC0, 0x72, 0xC3, 0x86,
    0x7D, 0x61, 0xE1, 0x55, 0x35, 0xC8, 0xDF, 0xD8, 0x97, 0x86, 0xBE, 0x2D, 0xAE, 0x01, 0x92, 0xA1,
    0x16, 0x68, 0xC2, 0x9A, 0x28, 0xDE, 0x78, 0x9A, 0xE9, 0x15, 0xBA, 0x5A, 0x3B, 0xFC, 0x1A, 0xC3,
    0xAA, 0xBE, 0x96, 0x0D, 0x38, 0x84, 0x1B, 0xF8, 0x56, 0x68, 0x79, 0x80, 0xDA, 0x87, 0x1D, 0x10,
    0xD6, 0x00, 0x6E, 0x9C, 0x05, 0x75, 0x30, 0x66, 0x87, 0x5E, 0x19, 0xE7, 0x63, 0x21, 0x81, 0xD9,
    0x53, 0x16, 0x7F, 0x15, 0x19, 0xE0, 0xBE, 0x45, 0x6B, 0x7C, 0xD4, 0xB5, 0x78, 0xA5, 0xE5, 0x36,
    0xB7, 0x7F, 0x62, 0x45, 0xCD, 0x14, 0xA5, 0x86, 0x3E, 0x85, 0xA5, 0xF8, 0xF9, 0x31, 0x16, 0x8F,
    0xE0, 0x63, 0xCE, 0xB9, 0x9E, 0x2A, 0xBB, 0x6E, 0x5E, 0xDB, 0x19, 0xDE, 0xB4, 0xEA, 0xD9, 0x1E,
    0x97, 0xEE, 0xCE, 0x3E, 0xFB, 0x19, 0xEA, 0x94, 0x8B, 0x86, 0x8E, 0x86, 0x95, 0xB0, 0x78, 0x64,
    0xF5, 0x71, 0x64, 0x65, 0x71, 0x52, 0x78, 0x7A, 0x82, 0x3F, 0xD6, 0x64, 0x70, 0x77, 0x68, 0x7E,
    0x3D, 0x98, 0x61, 0x8B, 0x5C, 0xA7, 0x1B, 0xE6, 0x75, 0x5A, 0x16, 0x05, 0x2D, 0x41, 0x53, 0x93,
    0x43, 0x8A, 0xD8, 0x94, 0x1A, 0xD9, 0xA4, 0x1D, 0xD9, 0x18, 0x21, 0x2B, 0xEA, 0x56, 0x5A, 0x90,
    0x61, 0xFF, 0x62, 0xAD, 0x0F, 0x03, 0x66, 0x62, 0x1C, 0x4A, 0x9D, 0xFE, 0x10, 0xE3, 0xAC, 0x06,
    0x74, 0xB5, 0x85, 0x06, 0x40, 0x81, 0x0A, 0x25, 0x97, 0x2D, 0x55, 0xA0, 0xD5, 0x3A, 0xAA, 0xA5,
    0x55, 0x39, 0x99, 0xE8, 0x61, 0x80, 0x09, 0xD0, 0xBE, 0xFE, 0x44, 0x60, 0x91, 0x17, 0xB5, 0x9C,
    0xD6, 0xB2, 0xE7, 0xB4, 0x46, 0x7B, 0xAA, 0x07, 0xD1, 0x74, 0x1E, 0x2A, 0x65, 0xE1, 0x53, 0xE2,
    0xFC, 0xA5, 0x28, 0x53, 0x2E, 0x58, 0x24, 0x25, 0x7A, 0x1B, 0xE2, 0x1B, 0x46, 0x9C, 0xD2, 0x1B,
    0x11, 0xA7, 0x46, 0xF0, 0xAA, 0x23, 0x5A, 0xCA, 0xBB, 0x76, 0xA9, 0x81, 0x95, 0x1F, 0x1C, 0xB2,
    0x28, 0xBD, 0xFB, 0x16, 0xCF, 0x6C, 0x5E, 0x55, 0x56, 0xD1, 0xE0, 0x55, 0xF9, 0x22, 0xEE, 0xBD,
    0x2A, 0xCD, 0xD2, 0xCE, 0xAB, 0xCE, 0xC0, 0x01, 0xD8, 0xAB, 0x6C, 0x8F, 0x28, 0x12, 0xE8, 0xB7,
    0xD0, 0xE3, 0x2D, 0xAD, 0x6F, 0xAA, 0x34, 0xE9, 0x49, 0x23, 0xCC, 0xE2, 0xB6, 0x66, 0xF2, 0x87,
    0xCA, 0x07, 0xAA, 0x7D, 0x5C, 0xC5, 0xAC, 0xDF, 0x0F, 0x09, 0x98, 0xAA, 0x0F, 0xCE, 0x21, 0xEF,
    0xB2, 0x06, 0x6A, 0x4E, 0xEA, 0x8C, 0xB5, 0x33, 0xF7, 0x8B, 0xD3, 0xBA, 0xFC, 0x9B, 0xA8, 0x27,
    0xE3, 0x41, 0xCE, 0x8E, 0x71, 0x0B, 0x7B, 0xF3, 0x5D, 0xBD, 0xBE, 0x3F, 0xD5, 0x62, 0xAE, 0x1C,
    0x6E, 0xCC, 0x58, 0x21, 0xC1, 0x27, 0xA0, 0xBB, 0xE6, 0xA1, 0x8B, 0x4B, 0xD7, 0x18, 0x46, 0xCF,
    0x90, 0x3F, 0x97, 0x6D, 0x80, 0xB3, 0x46, 0x07, 0x4F, 0x8A, 0x3A, 0x66, 0x1E, 0x25, 0x15, 0xFC,
    0xD6, 0xC3, 0x56, 0x64, 0x34, 0x43, 0x35, 0x16, 0x7E, 0xBE, 0x1E, 0x87, 0x4A, 0xEE, 0x42, 0x6C,
    0xB5, 0xB5, 0xDD, 0x4F, 0x75, 0xDC, 0x95, 0x5E, 0xB3, 0xB8, 0x46, 0xCC, 0xEC, 0xCD, 0x37, 0xEF,
    0xC9, 0x79, 0x91, 0x4F, 0x86, 0xB5, 0xDB, 0xCD, 0x27, 0xFD, 0xDA, 0x6E, 0xFD, 0x69, 0xB7, 0xBE,
    0x5B, 0x7F, 0xD1, 0xC6, 0x4D, 0xCD, 0xF3, 0x36, 0x8F, 0x2D, 0xEA, 0x53, 0xB7, 0x3F, 0x43, 0xE4,
    0xEC, 0xD6, 0x13, 0x39, 0xBD, 0xA1, 0x65, 0x10, 0xC6, 0x57, 0x3F, 0xCB, 0x9E, 0xDA, 0xC6, 0x73,
    0xA2, 0x8E, 0x4B, 0x8F, 0x7D, 0x4D, 0x5F, 0x97, 0xB7, 0xCA, 0x2C, 0xC5, 0x92, 0x53, 0xA5, 0x71,
    0x76, 0x41, 0xE9, 0x3A, 0x28, 0xEF, 0x23, 0x6C, 0xC5, 0xFF, 0x17, 0xAD, 0xF4, 0x34, 0x57, 0xDB,
    0xC4, 0xC5, 0x48, 0x39, 0xBB, 0x95, 0xC7, 0x67, 0xAF, 0xCA, 0x0B, 0x1B, 0x4E, 0x4F, 0x80, 0x3C,
    0xD1, 0xF0, 0xEA, 0xC2, 0x3D, 0xB5, 0x2D, 0x07, 0x37, 0xF4, 0xAB, 0x4A, 0xFA, 0x4E, 0xCF, 0x52,
    0xD8, 0xC7, 0xB9, 0x1D, 0xFA, 0xF5, 0x3A, 0x24, 0xD7, 0xF1, 0x06, 0x05, 0x93, 0x6C, 0x04, 0x16,
    0x6D, 0xE6, 0x6B, 0x12, 0x52, 0xDC, 0xCD, 0x07, 0x9D, 0x79, 0xC2, 0x9D, 0xD0, 0x4E, 0x7E, 0xA2,
    0x05, 0x12, 0x37, 0xAA, 0x9A, 0xA2, 0xDB, 0x76, 0x7F, 0x82, 0xEF, 0xDA, 0x28, 0xAB, 0xAB, 0xFC,
    0x63, 0xD1, 0x9A, 0x67, 0xDF, 0x8D, 0x33, 0x7A, 0x3A, 0x7A, 0x22, 0x75, 0x42, 0x43, 0x7E, 0x8E,
    0x09, 0x76, 0x73, 0x7D, 0xA5, 0x73, 0xAD, 0x48, 0xED, 0xBD, 0x48, 0x8F, 0x41, 0xF4, 0xDE, 0x29,
    0x6B, 0x60, 0xE8, 0x46, 0x5E, 0xAF, 0x50, 0xE5, 0xDA, 0xE5, 0x05, 0x69, 0xAA, 0x34, 0xD1, 0x37,
    0xA9, 0x9B, 0x68, 0xC3, 0x4B, 0x03, 0x69, 0xC3, 0x56, 0x37, 0x47, 0x61, 0x62, 0x99, 0xED, 0xC3,
    0x61, 0x3A, 0x2D, 0x41, 0xDB, 0x1D, 0xEE, 0xEB, 0x5A, 0xC0, 0x7D, 0x5D, 0xF3, 0xA8, 0xE7, 0x05,
    0x00, 0x79, 0x6F, 0x06, 0x9D, 0xAB, 0xE9, 0x09, 0x60, 0x7F, 0xBD, 0xDA, 0xB8, 0xDF, 0xE2, 0x94,
    0xD8, 0x2A, 0x16, 0x77, 0x4A, 0xF7, 0x40, 0x8B, 0xEC, 0xBA, 0x73, 0x5F, 0xFC, 0x6B, 0x7E, 0x9B,
    0x75, 0xF8, 0x5B, 0x0D, 0xE9, 0x61, 0x0D, 0x40, 0x7C, 0x99, 0x37, 0x28, 0xCD, 0xCF, 0x52, 0xBD,
    0x5F, 0x39, 0x63, 0x60, 0x89, 0x1E, 0x7B, 0x04, 0x96, 0xD3, 0xE8, 0xC2, 0x7D, 0x72, 0x01, 0xA6,
    0x4B, 0xDE, 0xBD, 0x5C, 0x2B, 0xFA, 0xD7, 0x9A, 0xAB, 0xE6, 0xCE, 0x6E, 0x63, 0xDC, 0x78, 0x60,
    0xB0, 0x53, 0x83, 0x5F, 0x7F, 0x33, 0xFB, 0xDD, 0xB0, 0xA5, 0x68, 0xA7, 0xD9, 0x2E, 0xD7, 0xB5,
    0x7A, 0xF2, 0x5A, 0x8D, 0x72, 0x0B, 0x75, 0x51, 0xCD, 0x0A, 0xAD, 0xF7, 0x6B, 0x66, 0xBB, 0xCE,
    0xE7, 0x25, 0x5D, 0xDC, 0xFA, 0x35, 0xF2, 0x08, 0x0E, 0xD1, 0x64, 0xA9, 0x32, 0x9C, 0xB9, 0x96,
    0xCC, 0x9F, 0x58, 0xF1, 0x43, 0x19, 0x32, 0xD8, 0x8B, 0x76, 0x51, 0x51, 0xE8, 0x4D, 0x0C, 0x15,
    0x29, 0xF4, 0x2C, 0x5D, 0xE0, 0xB0, 0x04, 0x1A, 0xC9, 0xB7, 0x52, 0x6D, 0x93, 0x68, 0x7B, 0x58,
    0xF1, 0x96, 0x7C, 0x64, 0x77, 0x8F, 0x58, 0xDE, 0xB3, 0xF2, 0x7A, 0x36, 0xE5, 0x05, 0xA3, 0x76,
    0xE1, 0x63, 0xF4, 0xAB, 0x5F, 0xED, 0x22, 0x64, 0xA6, 0x91, 0x73, 0xBC, 0xA5, 0x73, 0x8F, 0xFE,
    0x88, 0xF4, 0xDC, 0xEA, 0x11, 0x3D, 0x7F, 0xDE, 0x69, 0xF6, 0xDD, 0x52, 0x20, 0x61, 0x8E, 0xE8,
    0x63, 0xDE, 0x89, 0x9C, 0x5B, 0x4D, 0xEB, 0xB0, 0x3B, 0xB7, 0x0A, 0x20, 0x6A, 0xCF, 0xAD, 0x86,
    0x7D, 0x5C, 0x9F, 0x5B, 0x0D, 0x86, 0x14, 0xD4, 0x1F, 0xD2, 0x0A, 0xB4, 0x27, 0xF5, 0xDA, 0xBC,
    0x7A, 0xE8, 0x21, 0x97, 0x59, 0x69, 0x9D, 0x56, 0xC7, 0xA8, 0x5A, 0xC9, 0xEA, 0xEC, 0x48, 0x83,
    0x61, 0xA6, 0xAE, 0x10, 0x58, 0x95, 0x69, 0x19, 0x3D, 0x2F, 0x46, 0xDB, 0x8D, 0x89, 0xEC, 0x04,
    0x75, 0x1E, 0x4F, 0x02, 0xD1, 0xAF, 0x0A, 0x23, 0xB9, 0x18, 0x60, 0xF3, 0x30, 0xB6, 0x83, 0x33,
    0xE1, 0xC0, 0xDB, 0x2D, 0x20, 0xFD, 0x02, 0xA4, 0xAC, 0xBE, 0x4A, 0xEC, 0x6B, 0x11, 0x4A, 0xA8,
    0x65, 0x70, 0x43, 0x82, 0x4A, 0x71, 0x80, 0xA5, 0xD8, 0x64, 0xA1, 0x17, 0xB7, 0x24, 0x0D, 0x49,
    0x7B, 0x92, 0x34, 0xD3, 0xD7, 0x12, 0x41, 0x70, 0x49, 0xE6, 0xA5, 0x96, 0x79, 0x9A, 0x6E, 0x96,
    0x0A, 0x19, 0x71, 0x38, 0x70, 0x22, 0x88, 0x7B, 0xA0, 0xC1, 0x87, 0x38, 0xAE, 0x12, 0xF6, 0xE1,
    0x74, 0x65, 0x05, 0x43, 0xE6, 0x0B, 0x1C, 0x0E, 0x52, 0x1A, 0xF3, 0x8C, 0xE1, 0x41, 0xF9, 0x4D,
    0x44, 0xA3, 0x84, 0x45, 0x91, 0x5E, 0xB0, 0xF3, 0xC6, 0x3D, 0x44, 0x86, 0x7D, 0x50, 0xCE, 0xF5,
    0xA6, 0x0D, 0xC3, 0xF3, 0xFB, 0xE6, 0x71, 0xF4, 0x45, 0x6D, 0x60, 0x57, 0x17, 0x73, 0x25, 0x84,
    0xE7, 0xE2, 0xBF, 0xDB, 0xFF, 0xFF, 0xFF, 0xFF, 0x03, 0xFB, 0xE1, 0x04, 0x03, 0x08, 0x00, 0x00,
    0xCD, 0x94, 0x3D, 0x6E, 0xDB, 0x40, 0x10, 0x85, 0x87, 0x22, 0x2C, 0x22, 0x60, 0xC1, 0x4A, 0x8D,
    0x5C, 0xB0, 0x4E, 0xB5, 0x47, 0x58, 0x76, 0x69, 0x5D, 0x48, 0x48, 0x91, 0x43, 0xF8, 0x06, 0x21,
    0x8F, 0xE0, 0x1B, 0xA4, 0x49, 0x61, 0x04, 0x08, 0x7C, 0x01, 0x03, 0x2B, 0xC3, 0xA5, 0x1B, 0x02,
    0xB9, 0x00, 0x9B, 0x14, 0x71, 0x1A, 0x16, 0x0C, 0x40, 0x05, 0x4B, 0x4E, 0xDE, 0xEC, 0x50, 0x24,
    0x0C, 0xB8, 0x8C, 0xE3, 0x08, 0x12, 0xBF, 0x11, 0xB0, 0x7F, 0xEF, 0xED, 0x1B, 0x12, 0x9D, 0xED,
    0x68, 0x3D, 0x5E, 0xD1, 0x8A, 0xB9, 0x28, 0xD9, 0x53, 0xC6, 0x7C, 0xC7, 0x9F, 0x06, 0x32, 0xBD,
    0xFD, 0xC6, 0xE9, 0x40, 0xB6, 0x35, 0x0F, 0x63, 0xD2, 0x53, 0xD9, 0x6E, 0xB3, 0x21, 0x22, 0x72,
    0x2D, 0xE5, 0x03, 0x11, 0x31, 0xE8, 0x95, 0x06, 0xFF, 0x2D, 0x87, 0x4F, 0x71, 0xE2, 0x86, 0x7F,
    0xED, 0x6F, 0xC6, 0xFD, 0x93, 0x71, 0x2F, 0x4D, 0x39, 0xC7, 0x8A, 0x71, 0x54, 0x2E, 0xF0, 0xE3,
    0x9F, 0xCC, 0xE3, 0x4C, 0xA2, 0x35, 0xFF, 0xC0, 0x33, 0xC2, 0xE1, 0x1A, 0xA2, 0x84, 0xDF, 0x73,
    0x47, 0x32, 0x13, 0xE3, 0xC9, 0x76, 0x54, 0xE2, 0x5F, 0xD9, 0x92, 0x6D, 0x82, 0xC2, 0xB7, 0x14,
    0x40, 0xBA, 0x2E, 0x4D, 0xF2, 0xFC, 0x09, 0x22, 0xEE, 0xD2, 0xCF, 0x7B, 0xBF, 0x10, 0x20, 0x67,
    0x52, 0xA3, 0x22, 0xBA, 0x09, 0x22, 0xE5, 0xF1, 0x5A, 0xA5, 0x78, 0x95, 0xE2, 0x55, 0x8A, 0x0F,
    0x52, 0xAC, 0x57, 0x29, 0x3E, 0x68, 0x30, 0x8A, 0x65, 0x69, 0x68, 0xE8, 0x17, 0x40, 0xCA, 0x2E,
    0xFF, 0xB7, 0x52, 0xEE, 0x55, 0xCA, 0x7D, 0x90, 0x82, 0xF4, 0x45, 0x37, 0xBF, 0x0B, 0x0A, 0xF9,
    0x33, 0x41, 0x10, 0x12, 0x78, 0xE0, 0xEF, 0x0E, 0x77, 0x16, 0x32, 0x48, 0x86, 0x49, 0x53, 0x48,
    0xD9, 0x48, 0x9A, 0x43, 0xCA, 0x66, 0x55, 0xEB, 0x62, 0xC9, 0xC0, 0x9C, 0x82, 0x39, 0x8F, 0xCC,
    0xD5, 0x52, 0x85, 0x6B, 0x1B, 0xF7, 0x1F, 0xB8, 0x9A, 0x66, 0xC4, 0xAF, 0x5B, 0xE1, 0xA4, 0x09,
    0x57, 0x93, 0x31, 0x19, 0xD7, 0x7A, 0xBF, 0x03, 0xE2, 0xBA, 0x54, 0x44, 0xDB, 0xCF, 0x14, 0xB9,
    0xC7, 0x2F, 0x85, 0x38, 0x54, 0x19, 0xD1, 0x01, 0x1F, 0xDC, 0x1D, 0x1C, 0x42, 0x65, 0xBA, 0x1C,
    0x0E, 0xE5, 0xA8, 0x6C, 0x9B, 0xC1, 0xA1, 0x14, 0x95, 0x6B, 0xDF, 0x64, 0x61, 0xE5, 0xA9, 0x57,
    0x9F, 0xDB, 0x37, 0x9E, 0x7D, 0x79, 0x52, 0x4D, 0x0E, 0xC5, 0xFF, 0xA3, 0x43, 0xA4, 0x0E, 0x3D,
    0x30, 0xB7, 0xEA, 0x10, 0xAA, 0x2E, 0x38, 0x64, 0xF8, 0x0A, 0x37, 0x1E, 0x6B, 0x9B, 0x67, 0xE3,
    0x3B, 0xAE, 0x43, 0x1F, 0x38, 0x6D, 0x69, 0xE9, 0x6C, 0xB4, 0xBC, 0x15, 0xD4, 0x27, 0x94, 0x0A,
    0x24, 0x30, 0xE2, 0x3A, 0x45, 0xEC, 0x80, 0x4C, 0x71, 0xE6, 0x8E, 0xBB, 0x48, 0x87, 0xFC, 0x7D,
    0xF4, 0x40, 0x23, 0xAD, 0x99, 0x60, 0x6B, 0xCB, 0x5F, 0x1D, 0xD4, 0xE4, 0x3C, 0x08, 0x12, 0x0E,
    0xC1, 0xA5, 0x8D, 0x3C, 0x2E, 0xC7, 0x42, 0x90, 0x30, 0x1F, 0x85, 0xF9, 0xF1, 0x1C, 0x86, 0x40,
    0x55, 0x2D, 0xD3, 0x21, 0xEB, 0x40, 0xCF, 0xD2, 0x2A, 0xD7, 0xAE, 0x59, 0x81, 0x08, 0x4C, 0x77,
    0x8E, 0x36, 0x47, 0x5C, 0xBC, 0xB4, 0xBB, 0x6D, 0x52, 0x8F, 0x1B, 0xBE, 0xB0, 0x87, 0xD8, 0xCB,
    0xB8, 0xF2, 0x10, 0xF7, 0x81, 0x4D, 0x54, 0x04, 0x86, 0xF7, 0x3A, 0x8E, 0x27, 0x06, 0x82, 0x46,
    0x0C, 0x05, 0x53, 0x79, 0x65, 0xE2, 0x8B, 0x17, 0x4E, 0x18, 0x8F, 0xBC, 0x0D, 0xBA, 0x1F, 0x9A,
    0x14, 0xDC, 0x62, 0x84, 0xF0, 0x23, 0xEE, 0x40, 0xC8, 0xB4, 0x1A, 0xE5, 0xF6, 0xB8, 0x8A, 0x07,
    0xB1, 0xD8, 0xD5, 0x69, 0x8F, 0xA1, 0xB7, 0x96, 0xC3, 0xE2, 0x1E, 0xAA, 0x0A, 0x4C, 0xE9, 0x69,
    0x73, 0x81, 0x35, 0xF6, 0xF4, 0x07, 0x4D, 0x90, 0xB1, 0x0D, 0x83, 0x30, 0x14, 0x44, 0x0F, 0x53,
    0x50, 0xD0, 0xA6, 0x77, 0x36, 0x60, 0x04, 0xCA, 0x8C, 0x90, 0x55, 0xD2, 0xC1, 0x26, 0x59, 0x24,
    0x12, 0x8C, 0x90, 0x11, 0x18, 0x81, 0x22, 0x05, 0x52, 0x88, 0x2F, 0x77, 0x36, 0x91, 0xE2, 0xE2,
    0xFB, 0xC9, 0x7A, 0xFF, 0xFE, 0x97, 0x81, 0xBF, 0x73, 0x3B, 0xEE, 0x2A, 0x1D, 0xD0, 0x70, 0x2C,
    0x10, 0xB9, 0x14, 0x18, 0xB8, 0x15, 0x85, 0x4C, 0x87, 0xC2, 0x22, 0xC5, 0x27, 0xBA, 0x2C, 0x0D,
    0x38, 0xD5, 0x96, 0xAA, 0x0F, 0x12, 0x2C, 0x35, 0x7B, 0x45, 0x0C, 0x92, 0x62, 0x0A, 0x44, 0xBF,
    0x38, 0xE5, 0x2D, 0xD8, 0x9C, 0x42, 0x41, 0xCA, 0x29, 0x09, 0x13, 0xC7, 0x28, 0xD8, 0x41, 0x2E,
    0xBD, 0xE0, 0x55, 0x93, 0x5B, 0xE7, 0x01, 0x7A, 0x5E, 0x5B, 0x81, 0x1B, 0xE6, 0xA0, 0x52, 0xBB,
    0x51, 0x0D, 0xBC, 0xD8, 0x87, 0xA4, 0xBB, 0x14, 0xC0, 0x92, 0x14, 0x20, 0x64, 0xF0, 0x3E, 0x53,
    0xAA, 0xAD, 0x48, 0xD2, 0x1E, 0xAB, 0xA1, 0xD5, 0x84, 0xD9, 0x10, 0xBC, 0x59, 0x3E, 0xD3, 0x75,
    0x2F, 0xD0, 0x15, 0xC5, 0x49, 0x73, 0x81, 0xC0, 0xDF, 0xFF, 0x3C, 0x7E, 0x70, 0x76, 0xF9, 0x02,
};

static const EpdGlyph notoserif_18_boldGlyphs[] = {
    { 0, 0, 0, 0, 0, 0, 0 }, // U+0000
    { 0, 0, 156, 0, 0, 0, 0 }, // U+000D
    { 0, 0, 156, 0, 0, 0, 0 }, // U+0020
    { 8, 28, 229, 3, 27, 56, 0 }, // !
    { 15, 11, 305, 2, 27, 42, 56 }, // "
    { 20, 27, 339, 1, 27, 135, 98 }, // #
    { 19, 32, 339, 1, 29, 152, 233 }, // $
    { 32, 29, 544, 1, 28, 232, 385 }, // %
    { 29, 29, 481, 1, 28, 211, 617 }, // &
    { 7, 11, 174, 2, 27, 20, 828 }, // '
    { 12, 35, 241, 2, 29, 105, 848 }, // (
    { 12, 35, 241, 1, 29, 105, 953 }, // )
    { 17, 16, 301, 1, 29, 68, 1058 }, // *
    { 17, 17, 339, 2, 22, 73, 1126 }, // +
    { 8, 12, 176, 1, 6, 24, 1199 }, // ,
    { 11, 5, 186, 0, 13, 14, 1223 }, // -
    { 7, 7, 176, 2, 6, 13, 1237 }, // .
    { 11, 34, 173, 0, 29, 94, 1250 }, // /
    { 20, 29, 349, 1, 28, 145, 1344 }, // 0
    { 19, 27, 304, 0, 27, 129, 1489 }, // 1
    { 19, 28, 319, 1, 28, 133, 1618 }, // 2
    { 19, 29, 323, 1, 28, 138, 1751 }, // 3
    { 21, 27, 334, 0, 27, 142, 1889 }, // 4
    { 18, 28, 318, 1, 27, 126, 2031 }, // 5
    { 19, 29, 336, 1, 28, 138, 2157 }, // 6
    { 19, 27, 325, 1, 27, 129, 2295 }, // 7
    { 20, 29, 347, 1, 28, 145, 2424 }, // 8
    { 19, 29, 336, 1, 28, 138, 2569 }, // 9
    { 7, 22, 182, 2, 21, 39, 2707 }, // :
    { 7, 27, 182, 2, 21, 48, 2746 }, // ;
    { 17, 21, 339, 2, 24, 90, 2794 }, // <
    { 17, 11, 339, 2, 19, 47, 2884 }, // =
    { 17, 21, 339, 2, 24, 90, 2931 }, // >
    { 18, 29, 330, 1, 28, 131, 3021 }, // ?
    { 31, 33, 553, 2, 27, 256, 3152 }, // @
    { 29, 27, 452, 0, 27, 196, 3408 }, // A
    { 23, 27, 403, 1, 27, 156, 3604 }, // B
    { 22, 29, 401, 2, 28, 160, 3760 }, // C
    { 26, 27, 460, 1, 27, 176, 3920 }, // D
    { 23, 27, 392, 1, 27, 156, 4096 }, // E
    { 22, 27, 373, 1, 27, 149, 4252 }, // F
    { 26, 29, 462, 2, 28, 189, 4401 }, // G
    { 29, 27, 491, 1, 27, 196, 4590 }, // H
    { 14, 27, 241, 1, 27, 95, 4786 }, // I
    { 16, 36, 238, -1, 27, 144, 4881 }, // J
    { 27, 27, 440, 1, 27, 183, 5025 }, // K
    { 23, 27, 392, 1, 27, 156, 5208 }, // L
    { 34, 27, 571, 1, 27, 230, 5364 }, // M
    { 28, 27, 473, 1, 27, 189, 5594 }, // N
    { 26, 29, 472, 2, 28, 189, 5783 }, // O
    { 23, 27, 383, 1, 27, 156, 5972 }, // P
    { 26, 37, 472, 2, 28, 241, 6128 }, // Q
    { 26, 27, 427, 1, 27, 176, 6369 }, // R
    { 20, 29, 347, 1, 28, 145, 6545 }, // S
    { 25, 27, 392, 0, 27, 169, 6690 }, // T
    { 28, 28, 448, 0, 27, 196, 6859 }, // U
    { 27, 27, 419, 0, 27, 183, 7055 }, // V
    { 41, 27, 640, 0, 27, 277, 7238 }, // W
    { 28, 27, 440, 0, 27, 189, 7515 }, // X
    { 27, 27, 416, 0, 27, 183, 0 }, // Y
    { 23, 27, 400, 1, 27, 156, 183 }, // Z
    { 12, 34, 249, 3, 29, 102, 339 }, // [
    { 11, 34, 173, 0, 29, 94, 441 }, // <backslash>
    { 11, 34, 249, 1, 29, 94, 535 }, // ]
    { 19, 18, 335, 1, 27, 86, 629 }, // ^
    { 19, 3, 275, -1, -3, 15, 715 }, // _
    { 11, 7, 200, 1, 29, 20, 730 }, // `
    { 21, 22, 360, 1, 21, 116, 750 }, // a
    { 23, 30, 389, 0, 29, 173, 866 }, // b
    { 18, 22, 316, 1, 21, 99, 1039 }, // c
    { 23, 30, 389, 1, 29, 173, 1138 }, // d
    { 19, 22, 343, 1, 21, 105, 1311 }, // e
    { 18, 29, 244, 0, 29, 131, 1416 }, // f
    { 21, 31, 336, 0, 22, 163, 1547 }, // g
    { 25, 29, 400, 0, 29, 182, 1710 }, // h
    { 13, 29, 211, 0, 29, 95, 1892 }, // i
    { 11, 38, 207, -1, 29, 105, 1987 }, // j
    { 24, 29, 382, 0, 29, 174, 2092 }, // k
    { 13, 29, 211, 0, 29, 95, 2266 }, // l
    { 37, 21, 592, 0, 21, 195, 2361 }, // m
    { 25, 21, 400, 0, 21, 132, 2556 }, // n
    { 21, 22, 368, 1, 21, 116, 2688 }, // o
    { 23, 30, 387, 0, 21, 173, 2804 }, // p
    { 23, 30, 389, 1, 21, 173, 2977 }, // q
    { 20, 21, 314, 0, 21, 105, 3150 }, // r
    { 16, 22, 289, 1, 21, 88, 3255 }, // s
    { 15, 26, 243, 0, 25, 98, 3343 }, // t
    { 25, 22, 400, 0, 21, 138, 3441 }, // u
    { 23, 21, 364, 0, 21, 121, 3579 }, // v
    { 34, 21, 514, -1, 21, 179, 3700 }, // w
    { 24, 21, 388, 0, 21, 126, 3879 }, // x
    { 22, 30, 347, 0, 21, 165, 4005 }, // y
    { 19, 21, 317, 0, 21, 100, 4170 }, // z
    { 15, 34, 265, 1, 29, 128, 4270 }, // {
    { 3, 38, 339, 9, 29, 29, 4398 }, // |
    { 15, 34, 265, 1, 29, 128, 4427 }, // }
    { 19, 8, 339, 1, 17, 38, 4555 }, // ~
    { 0, 0, 156, 0, 0, 0, 0 }, // U+00A0
    { 8, 28, 229, 3, 21, 56, 0 }, // U+00A1
    { 18, 27, 339, 2, 27, 122, 56 }, // U+00A2
    { 20, 29, 335, 0, 28, 145, 178 }, // U+00A3
    { 17, 17, 339, 2, 22, 73, 323 }, // U+00A4
    { 21, 27, 339, 0, 27, 142, 396 }, // U+00A5
    { 3, 38, 339, 9, 29, 29, 538 }, // U+00A6
    { 17, 34, 326, 2, 29, 145, 567 }, // U+00A7
    { 14, 6, 346, 4, 29, 21, 712 }, // U+00A8
    { 28, 29, 507, 2, 28, 203, 733 }, // U+00A9
    { 14, 13, 252, 1, 27, 46, 936 }, // U+00AA
    { 17, 16, 332, 2, 18, 68, 982 }, // U+00AB
    { 17, 10, 339, 2, 15, 43, 1050 }, // U+00AC
    { 11, 5, 186, 0, 13, 14, 1093 }, // U+00AD
    { 28, 29, 507, 2, 28, 203, 1107 }, // U+00AE
    { 19, 3, 275, -1, 31, 15, 1310 }, // U+00AF
    { 13, 13, 240, 1, 28, 43, 1325 }, // U+00B0
    { 17, 22, 339, 2, 22, 94, 1368 }, // U+00B1
    { 13, 17, 240, 1, 31, 56, 1462 }, // U+00B2
    { 13, 17, 240, 1, 31, 56, 1518 }, // U+00B3
    { 11, 7, 200, 1, 29, 20, 1574 }, // U+00B4
    { 21, 30, 399, 3, 21, 158, 1594 }, // U+00B5
    { 22, 34, 376, 1, 29, 187, 1752 }, // U+00B6
    { 7, 7, 176, 2, 17, 13, 1939 }, // U+00B7
    { 10, 10, 200, 1, 1, 25, 1952 }, // U+00B8
    { 12, 17, 240, 1, 31, 51, 1977 }, // U+00B9
    { 15, 13, 262, 1, 27, 49, 2028 }, // U+00BA
    { 17, 16, 332, 2, 18, 68, 2077 }, // U+00BB
    { 31, 28, 504, 0, 27, 217, 2145 }, // U+00BC
    { 31, 28, 504, 0, 27, 217, 2362 }, // U+00BD
    { 30, 28, 504, 1, 27, 210, 2579 }, // U+00BE
    { 18, 29, 330, 2, 21, 131, 2789 }, // U+00BF
    { 29, 35, 452, 0, 35, 254, 2920 }, // U+00C0
    { 29, 35, 452, 0, 35, 254, 3174 }, // U+00C1
    { 29, 35, 452, 0, 35, 254, 3428 }, // U+00C2
    { 29, 35, 452, 0, 35, 254, 3682 }, // U+00C3
    { 29, 35, 452, 0, 35, 254, 3936 }, // U+00C4
    { 29, 33, 452, 0, 33, 240, 4190 }, // U+00C5
    { 37, 27, 596, 0, 27, 250, 4430 }, // U+00C6
    { 22, 37, 401, 2, 28, 204, 4680 }, // U+00C7
    { 23, 35, 392, 1, 35, 202, 4884 }, // U+00C8
    { 23, 35, 392, 1, 35, 202, 5086 }, // U+00C9
    { 23, 35, 392, 1, 35, 202, 5288 }, // U+00CA
    { 23, 35, 392, 1, 35, 202, 5490 }, // U+00CB
    { 15, 35, 241, 0, 35, 132, 5692 }, // U+00CC
    { 14, 35, 241, 1, 35, 123, 5824 }, // U+00CD
    { 15, 35, 241, 0, 35, 132, 5947 }, // U+00CE
    { 14, 35, 241, 1, 35, 123, 6079 }, // U+00CF
    { 26, 27, 460, 1, 27, 176, 6202 }, // U+00D0
    { 28, 35, 473, 1, 35, 245, 6378 }, // U+00D1
    { 26, 36, 472, 2, 35, 234, 6623 }, // U+00D2
    { 26, 36, 472, 2, 35, 234, 6857 }, // U+00D3
    { 26, 36, 472, 2, 35, 234, 7091 }, // U+00D4
    { 26, 36, 472, 2, 35, 234, 7325 }, // U+00D5
    { 26, 36, 472, 2, 35, 234, 0 }, // U+00D6
    { 17, 17, 339, 2, 22, 73, 234 }, // U+00D7
    { 26, 31, 472, 2, 29, 202, 307 }, // U+00D8
    { 28, 36, 448, 0, 35, 252, 509 }, // U+00D9
    { 28, 36, 448, 0, 35, 252, 761 }, // U+00DA
    { 28, 36, 448, 0, 35, 252, 1013 }, // U+00DB
    { 28, 36, 448, 0, 35, 252, 1265 }, // U+00DC
    { 27, 35, 416, 0, 35, 237, 1517 }, // U+00DD
    { 22, 27, 383, 1, 27, 149, 1754 }, // U+00DE
    { 26, 30, 424, 0, 29, 195, 1903 }, // U+00DF
    { 21, 30, 360, 1, 29, 158, 2098 }, // U+00E0
    { 21, 30, 360, 1, 29, 158, 2256 }, // U+00E1
    { 21, 30, 360, 1, 29, 158, 2414 }, // U+00E2
    { 21, 30, 360, 1, 29, 158, 2572 }, // U+00E3
    { 21, 30, 360, 1, 29, 158, 2730 }, // U+00E4
    { 21, 32, 360, 1, 31, 168, 2888 }, // U+00E5
    { 31, 22, 525, 1, 21, 171, 3056 }, // U+00E6
    { 18, 30, 316, 1, 21, 135, 3227 }, // U+00E7
    { 19, 30, 343, 1, 29, 143, 3362 }, // U+00E8
    { 19, 30, 343, 1, 29, 143, 3505 }, // U+00E9
    { 19, 30, 343, 1, 29, 143, 3648 }, // U+00EA
    { 19, 30, 343, 1, 29, 143, 3791 }, // U+00EB
    { 14, 29, 211, -1, 29, 102, 3934 }, // U+00EC
    { 14, 29, 211, 0, 29, 102, 4036 }, // U+00ED
    { 14, 29, 211, -1, 29, 102, 4138 }, // U+00EE
    { 14, 29, 211, -1, 29, 102, 4240 }, // U+00EF
    { 21, 30, 368, 1, 29, 158, 4342 }, // U+00F0
    { 25, 29, 400, 0, 29, 182, 4500 }, // U+00F1
    { 21, 30, 368, 1, 29, 158, 4682 }, // U+00F2
    { 21, 30, 368, 1, 29, 158, 4840 }, // U+00F3
    { 21, 30, 368, 1, 29, 158, 4998 }, // U+00F4
    { 21, 30, 368, 1, 29, 158, 5156 }, // U+00F5
    { 21, 30, 368, 1, 29, 158, 5314 }, // U+00F6
    { 17, 21, 339, 2, 24, 90, 5472 }, // U+00F7
    { 21, 24, 368, 1, 22, 126, 5562 }, // U+00F8
    { 25, 30, 400, 0, 29, 188, 5688 }, // U+00F9
    { 25, 30, 400, 0, 29, 188, 5876 }, // U+00FA
    { 25, 30, 400, 0, 29, 188, 6064 }, // U+00FB
    { 25, 30, 400, 0, 29, 188, 6252 }, // U+00FC
    { 22, 38, 347, 0, 29, 209, 6440 }, // U+00FD
    { 23, 38, 387, 0, 29, 219, 6649 }, // U+00FE
    { 22, 38, 347, 0, 29, 209, 6868 }, // U+00FF
    { 29, 32, 452, 0, 32, 232, 0 }, // U+0100
    { 21, 27, 360, 1, 26, 142, 232 }, // U+0101
    { 29, 35, 452, 0, 35, 254, 374 }, // U+0102
    { 21, 30, 360, 1, 29, 158, 628 }, // U+0103
    { 29, 36, 452, 0, 27, 261, 786 }, // U+0104
    { 21, 30, 360, 1, 21, 158, 1047 }, // U+0105
    { 22, 36, 401, 2, 35, 198, 1205 }, // U+0106
    { 18, 30, 316, 1, 29, 135, 1403 }, // U+0107
    { 22, 36, 401, 2, 35, 198, 1538 }, // U+0108
    { 18, 30, 316, 1, 29, 135, 1736 }, // U+0109
    { 22, 36, 401, 2, 35, 198, 1871 }, // U+010A
    { 18, 30, 316, 1, 29, 135, 2069 }, // U+010B
    { 22, 36, 401, 2, 35, 198, 2204 }, // U+010C
    { 18, 30, 316, 1, 29, 135, 2402 }, // U+010D
    { 26, 35, 460, 1, 35, 228, 2537 }, // U+010E
    { 28, 30, 389, 1, 29, 210, 2765 }, // U+010F
    { 26, 27, 460, 1, 27, 176, 2975 }, // U+0110
    { 23, 30, 389, 1, 29, 173, 3151 }, // U+0111
    { 23, 32, 392, 1, 32, 184, 3324 }, // U+0112
    { 19, 27, 343, 1, 26, 129, 3508 }, // U+0113
    { 23, 35, 392, 1, 35, 202, 3637 }, // U+0114
    { 19, 30, 343, 1, 29, 143, 3839 }, // U+0115
    { 23, 35, 392, 1, 35, 202, 3982 }, // U+0116
    { 19, 30, 343, 1, 29, 143, 4184 }, // U+0117
    { 23, 36, 392, 1, 27, 207, 4327 }, // U+0118
    { 19, 30, 343, 1, 21, 143, 4534 }, // U+0119
    { 23, 35, 392, 1, 35, 202, 4677 }, // U+011A
    { 19, 30, 343, 1, 29, 143, 4879 }, // U+011B
    { 26, 36, 462, 2, 35, 234, 5022 }, // U+011C
    { 21, 38, 336, 0, 29, 200, 5256 }, // U+011D
    { 26, 36, 462, 2, 35, 234, 5456 }, // U+011E
    { 21, 38, 336, 0, 29, 200, 5690 }, // U+011F
    { 26, 36, 462, 2, 35, 234, 5890 }, // U+0120
    { 21, 38, 336, 0, 29, 200, 6124 }, // U+0121
    { 26, 37, 462, 2, 28, 241, 6324 }, // U+0122
    { 21, 38, 336, 0, 29, 200, 6565 }, // U+0123
    { 29, 35, 491, 1, 35, 254, 6765 }, // U+0124
    { 25, 36, 400, 0, 36, 225, 7019 }, // U+0125
    { 31, 27, 491, 0, 27, 210, 7244 }, // U+0126
    { 25, 29, 400, 0, 29, 182, 0 }, // U+0127
    { 15, 35, 241, 0, 35, 132, 182 }, // U+0128
    { 15, 29, 211, -1, 29, 109, 314 }, // U+0129
    { 14, 32, 241, 1, 32, 112, 423 }, // U+012A
    { 13, 26, 211, 0, 26, 85, 535 }, // U+012B
    { 14, 35, 241, 1, 35, 123, 620 }, // U+012C
    { 13, 29, 211, 0, 29, 95, 743 }, // U+012D
    { 14, 36, 241, 1, 27, 126, 838 }, // U+012E
    { 13, 38, 211, 0, 29, 124, 964 }, // U+012F
    { 14, 35, 241, 1, 35, 123, 1088 }, // U+0130
    { 13, 21, 211, 0, 21, 69, 1211 }, // U+0131
    { 29, 36, 479, 1, 27, 261, 1280 }, // U+0132
    { 23, 38, 419, 0, 29, 219, 1541 }, // U+0133
    { 16, 44, 238, -1, 35, 176, 1760 }, // U+0134
    { 14, 38, 207, -1, 29, 133, 1936 }, // U+0135
    { 27, 36, 440, 1, 27, 243, 2069 }, // U+0136
    { 24, 38, 382, 0, 29, 228, 2312 }, // U+0137
    { 24, 21, 382, 0, 21, 126, 2540 }, // U+0138
    { 23, 35, 392, 1, 35, 202, 2666 }, // U+0139
    { 14, 36, 211, 0, 36, 126, 2868 }, // U+013A
    { 23, 36, 392, 1, 27, 207, 2994 }, // U+013B
    { 13, 38, 211, 0, 29, 124, 3201 }, // U+013C
    { 23, 27, 392, 1, 27, 156, 3325 }, // U+013D
    { 18, 29, 211, 0, 29, 131, 3481 }, // U+013E
    { 23, 27, 392, 1, 27, 156, 3612 }, // U+013F
    { 19, 29, 281, 0, 29, 138, 3768 }, // U+0140
    { 23, 27, 392, 1, 27, 156, 3906 }, // U+0141
    { 13, 29, 211, 0, 29, 95, 4062 }, // U+0142
    { 28, 35, 473, 1, 35, 245, 4157 }, // U+0143
    { 25, 29, 400, 0, 29, 182, 4402 }, // U+0144
    { 28, 36, 473, 1, 27, 252, 4584 }, // U+0145
    { 25, 30, 400, 0, 21, 188, 4836 }, // U+0146
    { 28, 35, 473, 1, 35, 245, 5024 }, // U+0147
    { 25, 29, 400, 0, 29, 182, 5269 }, // U+0148
    { 32, 27, 513, 0, 27, 216, 5451 }, // U+0149
    { 28, 36, 473, 1, 27, 252, 5667 }, // U+014A
    { 22, 30, 400, 0, 21, 165, 5919 }, // U+014B
    { 26, 33, 472, 2, 32, 215, 6084 }, // U+014C
    { 21, 27, 368, 1, 26, 142, 6299 }, // U+014D
    { 26, 36, 472, 2, 35, 234, 6441 }, // U+014E
    { 21, 30, 368, 1, 29, 158, 6675 }, // U+014F
    { 26, 36, 472, 2, 35, 234, 6833 }, // U+0150
    { 21, 30, 368, 1, 29, 158, 7067 }, // U+0151
    { 36, 29, 611, 2, 28, 261, 7225 }, // U+0152
    { 33, 22, 562, 1, 21, 182, 0 }, // U+0153
    { 26, 35, 427, 1, 35, 228, 182 }, // U+0154
    { 20, 29, 314, 0, 29, 145, 410 }, // U+0155
    { 26, 36, 427, 1, 27, 234, 555 }, // U+0156
    { 20, 30, 314, 0, 21, 150, 789 }, // U+0157
    { 26, 35, 427, 1, 35, 228, 939 }, // U+0158
    { 20, 29, 314, 0, 29, 145, 1167 }, // U+0159
    { 20, 36, 347, 1, 35, 180, 1312 }, // U+015A
    { 16, 30, 289, 1, 29, 120, 1492 }, // U+015B
    { 20, 36, 347, 1, 35, 180, 1612 }, // U+015C
    { 16, 30, 289, 1, 29, 120, 1792 }, // U+015D
    { 20, 37, 347, 1, 28, 185, 1912 }, // U+015E
    { 16, 30, 289, 1, 21, 120, 2097 }, // U+015F
    { 20, 36, 347, 1, 35, 180, 2217 }, // U+0160
    { 16, 30, 289, 1, 29, 120, 2397 }, // U+0161
    { 25, 36, 392, 0, 27, 225, 2517 }, // U+0162
    { 15, 34, 243, 0, 25, 128, 2742 }, // U+0163
    { 25, 35, 392, 0, 35, 219, 2870 }, // U+0164
    { 18, 30, 243, 0, 29, 135, 3089 }, // U+0165
    { 25, 27, 392, 0, 27, 169, 3224 }, // U+0166
    { 15, 26, 243, 0, 25, 98, 3393 }, // U+0167
    { 28, 36, 448, 0, 35, 252, 3491 }, // U+0168
    { 25, 30, 400, 0, 29, 188, 3743 }, // U+0169
    { 28, 33, 448, 0, 32, 231, 3931 }, // U+016A
    { 25, 27, 400, 0, 26, 169, 4162 }, // U+016B
    { 28, 36, 448, 0, 35, 252, 4331 }, // U+016C
    { 25, 30, 400, 0, 29, 188, 4583 }, // U+016D
    { 28, 38, 448, 0, 37, 266, 4771 }, // U+016E
    { 25, 32, 400, 0, 31, 200, 5037 }, // U+016F
    { 28, 36, 448, 0, 35, 252, 5237 }, // U+0170
    { 25, 30, 400, 0, 29, 188, 5489 }, // U+0171
    { 28, 36, 454, 0, 27, 252, 5677 }, // U+0172
    { 25, 30, 400, 0, 21, 188, 5929 }, // U+0173
    { 41, 35, 640, 0, 35, 359, 6117 }, // U+0174
    { 34, 29, 514, -1, 29, 247, 6476 }, // U+0175
    { 27, 35, 416, 0, 35, 237, 6723 }, // U+0176
    { 22, 38, 347, 0, 29, 209, 6960 }, // U+0177
    { 27, 35, 416, 0, 35, 237, 7169 }, // U+0178
    { 23, 35, 400, 1, 35, 202, 7406 }, // U+0179
    { 19, 29, 317, 0, 29, 138, 7608 }, // U+017A
    { 23, 35, 400, 1, 35, 202, 0 }, // U+017B
    { 19, 29, 317, 0, 29, 138, 202 }, // U+017C
    { 23, 35, 400, 1, 35, 202, 340 }, // U+017D
    { 19, 29, 317, 0, 29, 138, 542 }, // U+017E
    { 18, 29, 235, 0, 29, 131, 680 }, // U+017F
    { 30, 30, 506, 2, 29, 225, 0 }, // U+01A0
    { 24, 25, 402, 1, 24, 150, 225 }, // U+01A1
    { 32, 30, 512, 0, 29, 240, 375 }, // U+01AF
    { 29, 25, 467, 0, 24, 182, 615 }, // U+01B0
    { 52, 35, 860, 1, 35, 455, 797 }, // U+01C4
    { 47, 29, 778, 1, 29, 341, 1252 }, // U+01C5
    { 43, 30, 707, 1, 29, 323, 1593 }, // U+01C6
    { 38, 36, 613, 1, 27, 342, 1916 }, // U+01C7
    { 34, 38, 600, 1, 29, 323, 2258 }, // U+01C8
    { 23, 38, 419, 0, 29, 219, 2581 }, // U+01C9
    { 43, 36, 694, 1, 27, 387, 2800 }, // U+01CA
    { 39, 38, 680, 1, 29, 371, 3187 }, // U+01CB
    { 35, 38, 607, 0, 29, 333, 3558 }, // U+01CC
    { 29, 35, 452, 0, 35, 254, 3891 }, // U+01CD
    { 21, 30, 360, 1, 29, 158, 4145 }, // U+01CE
    { 15, 35, 241, 0, 35, 132, 4303 }, // U+01CF
    { 14, 29, 211, -1, 29, 102, 4435 }, // U+01D0
    { 26, 36, 472, 2, 35, 234, 4537 }, // U+01D1
    { 21, 30, 368, 1, 29, 158, 4771 }, // U+01D2
    { 28, 36, 448, 0, 35, 252, 4929 }, // U+01D3
    { 25, 30, 400, 0, 29, 188, 5181 }, // U+01D4
    { 28, 40, 448, 0, 39, 280, 5369 }, // U+01D5
    { 25, 33, 400, 0, 32, 207, 5649 }, // U+01D6
    { 28, 41, 448, 0, 40, 287, 5856 }, // U+01D7
    { 25, 35, 400, 0, 34, 219, 6143 }, // U+01D8
    { 28, 41, 448, 0, 40, 287, 6362 }, // U+01D9
    { 25, 35, 400, 0, 34, 219, 6649 }, // U+01DA
    { 28, 41, 448, 0, 40, 287, 6868 }, // U+01DB
    { 25, 35, 400, 0, 34, 219, 7155 }, // U+01DC
    { 19, 22, 343, 1, 21, 105, 7374 }, // U+01DD
    { 29, 39, 452, 0, 39, 283, 7479 }, // U+01DE
    { 21, 33, 360, 1, 32, 174, 0 }, // U+01DF
    { 29, 39, 452, 0, 39, 283, 174 }, // U+01E0
    { 21, 33, 360, 1, 32, 174, 457 }, // U+01E1
    { 37, 32, 596, 0, 32, 296, 631 }, // U+01E2
    { 31, 27, 525, 1, 26, 210, 927 }, // U+01E3
    { 26, 29, 462, 2, 28, 189, 1137 }, // U+01E4
    { 22, 31, 336, 0, 22, 171, 1326 }, // U+01E5
    { 26, 36, 462, 2, 35, 234, 1497 }, // U+01E6
    { 21, 38, 336, 0, 29, 200, 1731 }, // U+01E7
    { 27, 35, 440, 1, 35, 237, 1931 }, // U+01E8
    { 24, 36, 382, 0, 36, 216, 2168 }, // U+01E9
    { 26, 37, 472, 2, 28, 241, 2384 }, // U+01EA
    { 21, 30, 368, 1, 21, 158, 2625 }, // U+01EB
    { 26, 41, 472, 2, 32, 267, 2783 }, // U+01EC
    { 21, 35, 368, 1, 26, 184, 3050 }, // U+01ED
    { 21, 36, 370, 1, 35, 189, 3234 }, // U+01EE
    { 20, 38, 335, 0, 29, 190, 3423 }, // U+01EF
    { 14, 38, 207, -1, 29, 133, 3613 }, // U+01F0
    { 52, 27, 860, 1, 27, 351, 3746 }, // U+01F1
    { 47, 27, 778, 1, 27, 318, 4097 }, // U+01F2
    { 43, 30, 707, 1, 29, 323, 4415 }, // U+01F3
    { 26, 36, 462, 2, 35, 234, 4738 }, // U+01F4
    { 21, 38, 336, 0, 29, 200, 4972 }, // U+01F5
    { 42, 28, 686, 1, 27, 294, 5172 }, // U+01F6
    { 26, 37, 438, 0, 28, 241, 5466 }, // U+01F7
    { 28, 35, 473, 1, 35, 245, 5707 }, // U+01F8
    { 25, 29, 400, 0, 29, 182, 5952 }, // U+01F9
    { 29, 36, 452, 0, 36, 261, 6134 }, // U+01FA
    { 21, 37, 360, 1, 36, 195, 6395 }, // U+01FB
    { 37, 35, 596, 0, 35, 324, 6590 }, // U+01FC
    { 31, 30, 525, 1, 29, 233, 6914 }, // U+01FD
    { 26, 37, 472, 2, 35, 241, 7147 }, // U+01FE
    { 21, 31, 368, 1, 29, 163, 7388 }, // U+01FF
    { 29, 35, 452, 0, 35, 254, 0 }, // U+0200
    { 21, 30, 360, 1, 29, 158, 254 }, // U+0201
    { 29, 35, 452, 0, 35, 254, 412 }, // U+0202
    { 21, 30, 360, 1, 29, 158, 666 }, // U+0203
    { 23, 35, 392, 1, 35, 202, 824 }, // U+0204
    { 19, 30, 343, 1, 29, 143, 1026 }, // U+0205
    { 23, 35, 392, 1, 35, 202, 1169 }, // U+0206
    { 19, 30, 343, 1, 29, 143, 1371 }, // U+0207
    { 18, 35, 241, -3, 35, 158, 1514 }, // U+0208
    { 17, 29, 211, -4, 29, 124, 1672 }, // U+0209
    { 14, 35, 241, 1, 35, 123, 1796 }, // U+020A
    { 13, 29, 211, 0, 29, 95, 1919 }, // U+020B
    { 26, 36, 472, 2, 35, 234, 2014 }, // U+020C
    { 21, 30, 368, 1, 29, 158, 2248 }, // U+020D
    { 26, 36, 472, 2, 35, 234, 2406 }, // U+020E
    { 21, 30, 368, 1, 29, 158, 2640 }, // U+020F
    { 26, 35, 425, 1, 35, 228, 2798 }, // U+0210
    { 20, 29, 314, 0, 29, 145, 3026 }, // U+0211
    { 26, 35, 425, 1, 35, 228, 3171 }, // U+0212
    { 20, 29, 314, 0, 29, 145, 3399 }, // U+0213
    { 28, 36, 448, 0, 35, 252, 3544 }, // U+0214
    { 25, 30, 400, 0, 29, 188, 3796 }, // U+0215
    { 28, 36, 448, 0, 35, 252, 3984 }, // U+0216
    { 25, 30, 400, 0, 29, 188, 4236 }, // U+0217
    { 20, 37, 347, 1, 28, 185, 4424 }, // U+0218
    { 16, 30, 289, 1, 21, 120, 4609 }, // U+0219
    { 25, 36, 392, 0, 27, 225, 4729 }, // U+021A
    { 15, 34, 243, 0, 25, 128, 4954 }, // U+021B
    { 20, 34, 370, 2, 28, 170, 5082 }, // U+021C
    { 18, 30, 324, 1, 21, 135, 5252 }, // U+021D
    { 29, 35, 491, 1, 35, 254, 5387 }, // U+021E
    { 25, 36, 400, 0, 36, 225, 5641 }, // U+021F
    { 11, 7, 0, -18, 29, 20, 0 }, // U+0300
    { 11, 7, 0, -13, 29, 20, 20 }, // U+0301
    { 14, 7, 0, -18, 29, 25, 40 }, // U+0302
    { 16, 7, 0, -20, 29, 28, 65 }, // U+0303
    { 12, 4, 0, -6, 26, 12, 93 }, // U+0304
    { 18, 3, 0, -9, 31, 14, 105 }, // U+0305
    { 12, 7, 0, -6, 29, 21, 119 }, // U+0306
    { 8, 6, 0, -4, 29, 12, 140 }, // U+0307
    { 14, 6, 0, -7, 29, 21, 152 }, // U+0308
    { 10, 9, 0, -16, 31, 23, 173 }, // U+0309
    { 10, 9, 0, -5, 31, 23, 196 }, // U+030A
    { 16, 7, 0, -8, 29, 28, 219 }, // U+030B
    { 14, 7, 0, -19, 29, 25, 247 }, // U+030C
    { 4, 7, 0, -2, 29, 7, 272 }, // U+030D
    { 10, 7, 0, -5, 29, 18, 279 }, // U+030E
    { 16, 7, 0, -21, 29, 28, 297 }, // U+030F
    { 14, 12, 0, -7, 34, 42, 325 }, // U+0310
    { 12, 7, 0, -6, 29, 21, 367 }, // U+0311
    { 8, 12, 0, -4, 27, 24, 388 }, // U+0312
    { 8, 12, 0, -4, 27, 24, 412 }, // U+0313
    { 8, 12, 0, -4, 27, 24, 436 }, // U+0314
    { 8, 12, 0, -4, 27, 24, 460 }, // U+0315
    { 10, 7, 0, -5, -2, 18, 484 }, // U+0316
    { 10, 7, 0, -5, -2, 18, 502 }, // U+0317
    { 6, 7, 0, -3, -1, 11, 520 }, // U+0318
    { 6, 7, 0, -3, -1, 11, 531 }, // U+0319
    { 11, 11, 222, 0, 29, 31, 542 }, // U+031A
    { 8, 9, 0, -4, 29, 18, 573 }, // U+031B
    { 6, 9, 0, -3, 0, 14, 591 }, // U+031C
    { 8, 7, 0, -4, -1, 14, 605 }, // U+031D
    { 8, 7, 0, -4, -1, 14, 619 }, // U+031E
    { 8, 8, 0, -4, -1, 16, 633 }, // U+031F
    { 8, 3, 0, -4, -3, 6, 649 }, // U+0320
    { 8, 10, 0, -4, 2, 20, 655 }, // U+0321
    { 8, 10, 0, -4, 2, 20, 675 }, // U+0322
    { 8, 6, 0, -15, -2, 12, 695 }, // U+0323
    { 14, 6, 0, -7, -1, 21, 707 }, // U+0324
    { 10, 9, 0, -5, 0, 23, 728 }, // U+0325
    { 6, 7, 0, -3, -2, 11, 751 }, // U+0326
    { 10, 10, 0, -5, 1, 25, 762 }, // U+0327
    { 10, 9, 0, -5, 0, 23, 787 }, // U+0328
    { 4, 8, 0, -2, -1, 8, 810 }, // U+0329
    { 14, 7, 0, -7, -2, 25, 818 }, // U+032A
    { 12, 5, 0, -6, -2, 15, 843 }, // U+032B
    { 14, 7, 0, -7, -2, 25, 858 }, // U+032C
    { 14, 7, 0, -7, -2, 25, 883 }, // U+032D
    { 13, 7, 0, -7, -2, 23, 908 }, // U+032E
    { 13, 7, 0, -7, -2, 23, 931 }, // U+032F
    { 16, 7, 0, -8, -2, 28, 954 }, // U+0330
    { 12, 4, 0, -6, -3, 12, 982 }, // U+0331
    { 16, 4, 0, -8, -3, 16, 994 }, // U+0332
    { 16, 8, 0, -8, -1, 32, 1010 }, // U+0333
    { 16, 7, 0, -8, 14, 28, 1042 }, // U+0334
    { 16, 4, 0, -8, 13, 16, 1070 }, // U+0335
    { 26, 4, 0, -13, 13, 26, 1086 }, // U+0336
    { 16, 11, 0, -8, 16, 44, 1112 }, // U+0337
    { 16, 33, 0, -8, 29, 132, 1156 }, // U+0338
    { 6, 9, 0, -3, 0, 14, 1288 }, // U+0339
    { 14, 7, 0, -7, -2, 25, 1302 }, // U+033A
    { 14, 8, 0, -7, -1, 28, 1327 }, // U+033B
    { 12, 5, 0, -6, -2, 15, 1355 }, // U+033C
    { 8, 8, 0, -4, 29, 16, 1370 }, // U+033D
    { 6, 12, 0, -3, 33, 18, 1386 }, // U+033E
    { 16, 8, 0, -8, 36, 32, 1404 }, // U+033F
    { 10, 7, 0, -6, 29, 18, 1436 }, // U+0340
    { 10, 7, 0, -4, 29, 18, 1454 }, // U+0341
    { 16, 7, 0, -8, 29, 28, 1472 }, // U+0342
    { 6, 9, 0, -3, 31, 14, 1500 }, // U+0343
    { 16, 9, 0, -8, 30, 36, 1514 }, // U+0344
    { 8, 7, 0, 2, -2, 14, 1550 }, // U+0345
    { 14, 7, 0, -7, 29, 25, 1564 }, // U+0346
    { 16, 8, 0, -8, -1, 32, 1589 }, // U+0347
    { 10, 7, 0, -5, -2, 18, 1621 }, // U+0348
    { 8, 7, 0, -4, -2, 14, 1639 }, // U+0349
    { 16, 9, 0, -8, 30, 36, 1653 }, // U+034A
    { 16, 16, 0, -8, 37, 64, 1689 }, // U+034B
    { 16, 14, 0, -8, 35, 56, 1753 }, // U+034C
    { 12, 8, 0, -6, -1, 24, 1809 }, // U+034D
    { 8, 9, 0, -4, 0, 18, 1833 }, // U+034E
    { 28, 27, 0, -14, 27, 189, 1851 }, // U+034F
    { 8, 9, 0, -4, 30, 18, 2040 }, // U+0350
    { 6, 9, 0, -3, 31, 14, 2058 }, // U+0351
    { 14, 11, 0, -7, 33, 39, 2072 }, // U+0352
    { 8, 8, 0, -4, -1, 16, 2111 }, // U+0353
    { 8, 9, 0, -4, 0, 18, 2127 }, // U+0354
    { 8, 9, 0, -4, 0, 18, 2145 }, // U+0355
    { 16, 8, 0, -8, -1, 32, 2163 }, // U+0356
    { 6, 9, 0, -3, 31, 14, 2195 }, // U+0357
    { 7, 6, 0, 3, 29, 11, 2209 }, // U+0358
    { 10, 8, 0, -5, -1, 20, 2220 }, // U+0359
    { 14, 8, 0, -7, -1, 28, 2240 }, // U+035A
    { 8, 8, 0, -4, 30, 16, 2268 }, // U+035B
    { 30, 7, 0, -15, -1, 53, 2284 }, // U+035C
    { 30, 8, 0, -15, 30, 60, 2337 }, // U+035D
    { 24, 3, 0, -12, 26, 18, 2397 }, // U+035E
    { 24, 3, 0, -12, -3, 18, 2415 }, // U+035F
    { 32, 7, 0, -16, 30, 56, 2433 }, // U+0360
    { 32, 8, 0, -16, 32, 64, 2489 }, // U+0361
    { 24, 8, 0, -12, -1, 48, 2553 }, // U+0362
    { 9, 9, 0, -4, 32, 21, 2601 }, // U+0363
    { 9, 9, 0, -4, 32, 21, 2622 }, // U+0364
    { 7, 12, 0, -3, 35, 21, 2643 }, // U+0365
    { 10, 9, 0, -5, 32, 23, 2664 }, // U+0366
    { 11, 9, 0, -5, 32, 25, 2687 }, // U+0367
    { 9, 9, 0, -4, 32, 21, 2712 }, // U+0368
    { 11, 12, 0, -5, 35, 33, 2733 }, // U+0369
    { 11, 12, 0, -5, 35, 33, 2766 }, // U+036A
    { 17, 9, 0, -8, 32, 39, 2799 }, // U+036B
    { 9, 9, 0, -4, 32, 21, 2838 }, // U+036C
    { 7, 11, 0, -3, 34, 20, 2859 }, // U+036D
    { 11, 9, 0, -5, 32, 25, 2879 }, // U+036E
    { 11, 9, 0, -5, 32, 25, 2904 }, // U+036F
    { 23, 35, 392, 1, 35, 202, 0 }, // U+0400
    { 23, 35, 392, 1, 35, 202, 202 }, // U+0401
    { 30, 27, 494, 0, 27, 203, 404 }, // U+0402
    { 21, 35, 358, 1, 35, 184, 607 }, // U+0403
    { 23, 29, 395, 1, 28, 167, 791 }, // U+0404
    { 20, 29, 349, 1, 28, 145, 958 }, // U+0405
    { 13, 27, 236, 1, 27, 88, 1103 }, // U+0406
    { 13, 35, 236, 1, 35, 114, 1191 }, // U+0407
    { 15, 36, 237, -1, 27, 135, 1305 }, // U+0408
    { 36, 28, 584, 0, 27, 252, 1440 }, // U+0409
    { 37, 27, 620, 1, 27, 250, 1692 }, // U+040A
    { 33, 27, 533, 0, 27, 223, 1942 }, // U+040B
    { 27, 35, 438, 1, 35, 237, 2165 }, // U+040C
    { 29, 35, 494, 1, 35, 254, 2402 }, // U+040D
    { 27, 36, 420, 0, 35, 243, 2656 }, // U+040E
    { 28, 34, 482, 1, 27, 238, 2899 }, // U+040F
    { 29, 27, 449, 0, 27, 196, 3137 }, // U+0410
    { 22, 27, 383, 1, 27, 149, 3333 }, // U+0411
    { 24, 27, 416, 1, 27, 162, 3482 }, // U+0412
    { 21, 27, 358, 1, 27, 142, 3644 }, // U+0413
    { 28, 34, 451, 0, 27, 238, 3786 }, // U+0414
    { 23, 27, 392, 1, 27, 156, 4024 }, // U+0415
    { 39, 27, 621, 0, 27, 264, 4180 }, // U+0416
    { 21, 29, 373, 1, 28, 153, 4444 }, // U+0417
    { 29, 27, 494, 1, 27, 196, 4597 }, // U+0418
    { 29, 35, 494, 1, 35, 254, 4793 }, // U+0419
    { 27, 27, 438, 1, 27, 183, 5047 }, // U+041A
    { 28, 28, 450, 0, 27, 196, 5230 }, // U+041B
    { 35, 27, 581, 1, 27, 237, 5426 }, // U+041C
    { 29, 27, 488, 1, 27, 196, 5663 }, // U+041D
    { 27, 29, 463, 1, 28, 196, 5859 }, // U+041E
    { 28, 27, 482, 1, 27, 189, 6055 }, // U+041F
    { 22, 27, 383, 1, 27, 149, 6244 }, // U+0420
    { 23, 29, 395, 1, 28, 167, 6393 }, // U+0421
    { 25, 27, 403, 0, 27, 169, 6560 }, // U+0422
    { 27, 28, 420, 0, 27, 189, 6729 }, // U+0423
    { 33, 29, 566, 1, 28, 240, 6918 }, // U+0424
    { 28, 27, 439, 0, 27, 189, 7158 }, // U+0425
    { 29, 34, 484, 1, 27, 247, 7347 }, // U+0426
    { 29, 27, 471, 0, 27, 196, 0 }, // U+0427
    { 41, 27, 684, 1, 27, 277, 196 }, // U+0428
    { 41, 35, 687, 1, 27, 359, 473 }, // U+0429
    { 27, 27, 443, 0, 27, 183, 832 }, // U+042A
    { 35, 27, 591, 1, 27, 237, 1015 }, // U+042B
    { 22, 27, 383, 1, 27, 149, 1252 }, // U+042C
    { 22, 29, 395, 1, 28, 160, 1401 }, // U+042D
    { 38, 29, 647, 1, 28, 276, 1561 }, // U+042E
    { 27, 27, 420, -1, 27, 183, 1837 }, // U+042F
    { 20, 22, 356, 1, 21, 110, 2020 }, // U+0430
    { 21, 30, 363, 1, 29, 158, 2130 }, // U+0431
    { 22, 21, 363, 0, 21, 116, 2288 }, // U+0432
    { 19, 21, 302, 0, 21, 100, 2404 }, // U+0433
    { 23, 28, 375, 0, 21, 161, 2504 }, // U+0434
    { 19, 22, 338, 1, 21, 105, 2665 }, // U+0435
    { 34, 21, 530, 0, 21, 179, 2770 }, // U+0436
    { 17, 22, 304, 1, 21, 94, 2949 }, // U+0437
    { 25, 21, 407, 0, 21, 132, 3043 }, // U+0438
    { 25, 29, 407, 0, 29, 182, 3175 }, // U+0439
    { 24, 21, 372, 0, 21, 126, 3357 }, // U+043A
    { 23, 22, 375, 0, 21, 127, 3483 }, // U+043B
    { 32, 21, 511, 0, 21, 168, 3610 }, // U+043C
    { 25, 21, 404, 0, 21, 132, 3778 }, // U+043D
    { 21, 22, 364, 1, 21, 116, 3910 }, // U+043E
    { 25, 21, 398, 0, 21, 132, 4026 }, // U+043F
    { 23, 30, 388, 0, 21, 173, 4158 }, // U+0440
    { 18, 22, 314, 1, 21, 99, 4331 }, // U+0441
    { 21, 21, 334, 0, 21, 111, 4430 }, // U+0442
    { 23, 31, 363, 0, 21, 179, 4541 }, // U+0443
    { 29, 38, 486, 1, 29, 276, 4720 }, // U+0444
    { 24, 21, 389, 0, 21, 126, 4996 }, // U+0445
    { 25, 28, 401, 0, 21, 175, 5122 }, // U+0446
    { 24, 21, 396, 0, 21, 126, 5297 }, // U+0447
    { 35, 21, 569, 0, 21, 184, 5423 }, // U+0448
    { 36, 28, 572, 0, 21, 252, 5607 }, // U+0449
    { 25, 21, 398, 0, 21, 132, 5859 }, // U+044A
    { 33, 21, 526, 0, 21, 174, 5991 }, // U+044B
    { 21, 21, 343, 0, 21, 111, 6165 }, // U+044C
    { 18, 22, 314, 1, 21, 99, 6276 }, // U+044D
    { 32, 22, 517, 0, 21, 176, 6375 }, // U+044E
    { 23, 21, 366, 0, 21, 121, 6551 }, // U+044F
    { 19, 30, 338, 1, 29, 143, 6672 }, // U+0450
    { 19, 30, 338, 1, 29, 143, 6815 }, // U+0451
    { 22, 38, 379, 0, 29, 209, 6958 }, // U+0452
    { 19, 29, 302, 0, 29, 138, 7167 }, // U+0453
    { 18, 22, 314, 1, 21, 99, 7305 }, // U+0454
    { 16, 22, 288, 1, 21, 88, 7404 }, // U+0455
    { 13, 29, 211, 0, 29, 95, 7492 }, // U+0456
    { 13, 29, 211, 0, 29, 95, 0 }, // U+0457
    { 11, 38, 199, -1, 29, 105, 95 }, // U+0458
    { 31, 22, 501, 0, 21, 171, 200 }, // U+0459
    { 33, 21, 530, 0, 21, 174, 371 }, // U+045A
    { 25, 29, 396, 0, 29, 182, 545 }, // U+045B
    { 24, 29, 376, 0, 29, 174, 727 }, // U+045C
    { 25, 29, 407, 0, 29, 182, 901 }, // U+045D
    { 23, 39, 363, 0, 29, 225, 1083 }, // U+045E
    { 25, 28, 398, 0, 21, 175, 1308 }, // U+045F
    { 37, 28, 617, 0, 28, 259, 1483 }, // U+0460
    { 32, 21, 539, 0, 21, 168, 1742 }, // U+0461
    { 27, 27, 430, 0, 27, 183, 1910 }, // U+0462
    { 22, 29, 362, 0, 29, 160, 2093 }, // U+0463
    { 37, 29, 619, 1, 28, 269, 2253 }, // U+0464
    { 31, 22, 514, 0, 21, 171, 2522 }, // U+0465
    { 30, 27, 476, 0, 27, 203, 2693 }, // U+0466
    { 26, 21, 400, 0, 21, 137, 2896 }, // U+0467
    { 43, 27, 701, 1, 27, 291, 3033 }, // U+0468
    { 36, 21, 575, 0, 21, 189, 3324 }, // U+0469
    { 35, 27, 552, 0, 27, 237, 3513 }, // U+046A
    { 30, 21, 478, 0, 21, 158, 3750 }, // U+046B
    { 48, 27, 780, 1, 27, 324, 3908 }, // U+046C
    { 42, 21, 657, 0, 21, 221, 4232 }, // U+046D
    { 20, 41, 370, 2, 32, 205, 4453 }, // U+046E
    { 18, 34, 317, 1, 25, 153, 4658 }, // U+046F
    { 36, 27, 586, 0, 27, 243, 4811 }, // U+0470
    { 25, 38, 425, 0, 29, 238, 5054 }, // U+0471
    { 26, 29, 472, 2, 28, 189, 5292 }, // U+0472
    { 21, 22, 373, 1, 21, 116, 5481 }, // U+0473
    { 29, 27, 446, 0, 27, 196, 5597 }, // U+0474
    { 25, 21, 384, 0, 21, 132, 5793 }, // U+0475
    { 29, 35, 446, 0, 35, 254, 5925 }, // U+0476
    { 25, 29, 385, 0, 29, 182, 6179 }, // U+0477
    { 47, 37, 782, 2, 28, 435, 6361 }, // U+0478
    { 42, 30, 675, 1, 21, 315, 6796 }, // U+0479
    { 27, 33, 496, 2, 30, 223, 7111 }, // U+047A
    { 22, 26, 386, 1, 23, 143, 7334 }, // U+047B
    { 39, 41, 674, 2, 40, 400, 0 }, // U+047C
    { 34, 36, 578, 1, 35, 306, 400 }, // U+047D
    { 37, 33, 617, 0, 33, 306, 706 }, // U+047E
    { 32, 27, 539, 0, 27, 216, 1012 }, // U+047F
    { 22, 37, 401, 2, 28, 204, 1228 }, // U+0480
    { 18, 30, 316, 1, 21, 135, 1432 }, // U+0481
    { 20, 25, 365, 1, 24, 125, 1567 }, // U+0482
    { 14, 7, 0, -7, 28, 25, 1692 }, // U+0483
    { 16, 7, 0, -8, 29, 28, 1717 }, // U+0484
    { 6, 8, 0, -3, 30, 12, 1745 }, // U+0485
    { 6, 8, 0, -3, 30, 12, 1757 }, // U+0486
    { 16, 6, 0, -8, 34, 24, 1769 }, // U+0487
    { 48, 42, 0, -24, 31, 504, 1793 }, // U+0488
    { 46, 46, 0, -23, 33, 529, 2297 }, // U+0489
    { 30, 43, 495, 1, 35, 323, 2826 }, // U+048A
    { 26, 37, 407, 0, 29, 241, 3149 }, // U+048B
    { 23, 29, 383, 1, 29, 167, 3390 }, // U+048C
    { 22, 25, 362, 0, 25, 138, 3557 }, // U+048D
    { 22, 27, 383, 1, 27, 149, 3695 }, // U+048E
    { 23, 30, 387, 0, 21, 173, 3844 }, // U+048F
    { 20, 33, 329, 1, 33, 165, 4017 }, // U+0490
    { 17, 26, 275, 0, 26, 111, 4182 }, // U+0491
    { 21, 27, 355, 1, 27, 142, 4293 }, // U+0492
    { 19, 21, 305, 0, 21, 100, 4435 }, // U+0493
    { 25, 37, 431, 1, 27, 232, 4535 }, // U+0494
    { 22, 30, 369, 0, 21, 165, 4767 }, // U+0495
    { 40, 35, 649, 0, 27, 350, 4932 }, // U+0496
    { 36, 29, 575, 0, 21, 261, 5282 }, // U+0497
    { 21, 37, 370, 1, 28, 195, 5543 }, // U+0498
    { 18, 30, 317, 1, 21, 135, 5738 }, // U+0499
    { 27, 35, 454, 1, 27, 237, 5873 }, // U+049A
    { 25, 29, 398, 0, 21, 182, 6110 }, // U+049B
    { 28, 27, 453, 1, 27, 189, 6292 }, // U+049C
    { 26, 21, 403, 0, 21, 137, 6481 }, // U+049D
    { 26, 27, 432, 1, 27, 176, 6618 }, // U+049E
    { 25, 29, 385, 0, 29, 182, 6794 }, // U+049F
    { 32, 27, 498, 0, 27, 216, 6976 }, // U+04A0
    { 29, 21, 461, 0, 21, 153, 7192 }, // U+04A1
    { 29, 35, 491, 1, 27, 254, 7345 }, // U+04A2
    { 26, 29, 415, 0, 21, 189, 0 }, // U+04A3
    { 34, 27, 557, 1, 27, 230, 189 }, // U+04A4
    { 31, 21, 491, 0, 21, 163, 419 }, // U+04A5
    { 41, 37, 676, 1, 27, 380, 582 }, // U+04A6
    { 34, 30, 560, 0, 21, 255, 962 }, // U+04A7
    { 29, 30, 509, 2, 28, 218, 1217 }, // U+04A8
    { 25, 23, 429, 1, 21, 144, 1435 }, // U+04A9
    { 22, 37, 401, 2, 28, 204, 1579 }, // U+04AA
    { 18, 30, 316, 1, 21, 135, 1783 }, // U+04AB
    { 25, 35, 392, 0, 27, 219, 1918 }, // U+04AC
    { 21, 29, 340, 0, 21, 153, 2137 }, // U+04AD
    { 27, 27, 416, 0, 27, 183, 2290 }, // U+04AE
    { 23, 30, 364, 0, 21, 173, 2473 }, // U+04AF
    { 27, 27, 416, 0, 27, 183, 2646 }, // U+04B0
    { 23, 30, 364, 0, 21, 173, 2829 }, // U+04B1
    { 28, 35, 452, 0, 27, 245, 3002 }, // U+04B2
    { 25, 29, 388, 0, 21, 182, 3247 }, // U+04B3
    { 37, 35, 595, 0, 27, 324, 3429 }, // U+04B4
    { 32, 29, 521, 0, 21, 232, 3753 }, // U+04B5
    { 29, 35, 468, 0, 27, 254, 3985 }, // U+04B6
    { 26, 29, 409, 0, 21, 189, 4239 }, // U+04B7
    { 29, 27, 469, 0, 27, 196, 4428 }, // U+04B8
    { 24, 21, 396, 0, 21, 126, 4624 }, // U+04B9
    { 28, 27, 468, 1, 27, 189, 4750 }, // U+04BA
    { 25, 29, 400, 0, 29, 182, 4939 }, // U+04BB
    { 31, 29, 514, 0, 28, 225, 5121 }, // U+04BC
    { 25, 22, 423, 0, 21, 138, 5346 }, // U+04BD
    { 31, 36, 514, 0, 28, 279, 5484 }, // U+04BE
    { 25, 29, 422, 0, 21, 182, 5763 }, // U+04BF
    { 14, 27, 241, 1, 27, 95, 5945 }, // U+04C0
    { 39, 35, 621, 0, 35, 342, 6040 }, // U+04C1
    { 34, 29, 530, 0, 29, 247, 6382 }, // U+04C2
    { 26, 37, 437, 1, 27, 241, 6629 }, // U+04C3
    { 24, 30, 396, 0, 21, 180, 6870 }, // U+04C4
    { 28, 35, 451, 0, 27, 245, 7050 }, // U+04C5
    { 24, 29, 375, 0, 21, 174, 7295 }, // U+04C6
    { 29, 37, 492, 1, 27, 269, 0 }, // U+04C7
    { 26, 31, 415, 0, 21, 202, 269 }, // U+04C8
    { 30, 35, 491, 1, 27, 263, 471 }, // U+04C9
    { 25, 29, 404, 0, 21, 182, 734 }, // U+04CA
    { 29, 35, 468, 0, 27, 254, 916 }, // U+04CB
    { 25, 29, 409, 0, 21, 182, 1170 }, // U+04CC
    { 35, 35, 581, 1, 27, 307, 1352 }, // U+04CD
    { 32, 29, 511, 0, 21, 232, 1659 }, // U+04CE
    { 14, 27, 241, 1, 27, 95, 1891 }, // U+04CF
    { 29, 35, 452, 0, 35, 254, 1986 }, // U+04D0
    { 21, 30, 360, 1, 29, 158, 2240 }, // U+04D1
    { 29, 35, 452, 0, 35, 254, 2398 }, // U+04D2
    { 21, 30, 360, 1, 29, 158, 2652 }, // U+04D3
    { 37, 27, 596, 0, 27, 250, 2810 }, // U+04D4
    { 31, 22, 525, 1, 21, 171, 3060 }, // U+04D5
    { 23, 35, 392, 1, 35, 202, 3231 }, // U+04D6
    { 19, 30, 343, 1, 29, 143, 3433 }, // U+04D7
    { 24, 29, 436, 2, 28, 174, 3576 }, // U+04D8
    { 19, 22, 343, 1, 21, 105, 3750 }, // U+04D9
    { 24, 36, 436, 2, 35, 216, 3855 }, // U+04DA
    { 19, 30, 343, 1, 29, 143, 4071 }, // U+04DB
    { 39, 35, 621, 0, 35, 342, 4214 }, // U+04DC
    { 34, 29, 530, 0, 29, 247, 4556 }, // U+04DD
    { 21, 36, 376, 1, 35, 189, 4803 }, // U+04DE
    { 17, 30, 304, 1, 29, 128, 4992 }, // U+04DF
    { 21, 28, 370, 1, 27, 147, 5120 }, // U+04E0
    { 20, 30, 335, 0, 21, 150, 5267 }, // U+04E1
    { 29, 32, 494, 1, 32, 232, 5417 }, // U+04E2
    { 25, 26, 407, 0, 26, 163, 5649 }, // U+04E3
    { 29, 35, 494, 1, 35, 254, 5812 }, // U+04E4
    { 25, 29, 407, 0, 29, 182, 6066 }, // U+04E5
    { 26, 36, 472, 2, 35, 234, 6248 }, // U+04E6
    { 21, 30, 368, 1, 29, 158, 6482 }, // U+04E7
    { 26, 29, 472, 2, 28, 189, 6640 }, // U+04E8
    { 21, 22, 368, 1, 21, 116, 6829 }, // U+04E9
    { 26, 36, 472, 2, 35, 234, 6945 }, // U+04EA
    { 21, 30, 368, 1, 29, 158, 7179 }, // U+04EB
    { 22, 36, 395, 1, 35, 198, 7337 }, // U+04EC
    { 18, 30, 314, 1, 29, 135, 0 }, // U+04ED
    { 27, 33, 420, 0, 32, 223, 135 }, // U+04EE
    { 22, 35, 347, 0, 26, 193, 358 }, // U+04EF
    { 27, 36, 420, 0, 35, 243, 551 }, // U+04F0
    { 22, 38, 347, 0, 29, 209, 794 }, // U+04F1
    { 27, 36, 420, 0, 35, 243, 1003 }, // U+04F2
    { 22, 38, 347, 0, 29, 209, 1246 }, // U+04F3
    { 29, 35, 469, 0, 35, 254, 1455 }, // U+04F4
    { 24, 29, 396, 0, 29, 174, 1709 }, // U+04F5
    { 21, 35, 355, 1, 27, 184, 1883 }, // U+04F6
    { 19, 29, 305, 0, 21, 138, 2067 }, // U+04F7
    { 35, 35, 591, 1, 35, 307, 2205 }, // U+04F8
    { 33, 29, 526, 0, 29, 240, 2512 }, // U+04F9
    { 21, 35, 355, 1, 27, 184, 2752 }, // U+04FA
    { 19, 29, 305, 0, 21, 138, 2936 }, // U+04FB
    { 28, 35, 440, 0, 27, 245, 3074 }, // U+04FC
    { 25, 29, 388, 0, 21, 182, 3319 }, // U+04FD
    { 28, 27, 439, 0, 27, 189, 3501 }, // U+04FE
    { 24, 21, 388, 0, 21, 126, 3690 }, // U+04FF
    { 29, 35, 452, 0, 27, 254, 0 }, // U+1EA0
    { 21, 29, 360, 1, 21, 153, 254 }, // U+1EA1
    { 29, 38, 452, 0, 38, 276, 407 }, // U+1EA2
    { 21, 32, 360, 1, 31, 168, 683 }, // U+1EA3
    { 29, 37, 452, 0, 37, 269, 851 }, // U+1EA4
    { 21, 32, 360, 1, 31, 168, 1120 }, // U+1EA5
    { 29, 37, 452, 0, 37, 269, 1288 }, // U+1EA6
    { 21, 32, 360, 1, 31, 168, 1557 }, // U+1EA7
    { 29, 39, 452, 0, 39, 283, 1725 }, // U+1EA8
    { 21, 34, 360, 1, 33, 179, 2008 }, // U+1EA9
    { 29, 40, 452, 0, 40, 290, 2187 }, // U+1EAA
    { 21, 35, 360, 1, 34, 184, 2477 }, // U+1EAB
    { 29, 43, 452, 0, 35, 312, 2661 }, // U+1EAC
    { 21, 37, 360, 1, 29, 195, 2973 }, // U+1EAD
    { 29, 38, 452, 0, 38, 276, 3168 }, // U+1EAE
    { 21, 33, 360, 1, 32, 174, 3444 }, // U+1EAF
    { 29, 38, 452, 0, 38, 276, 3618 }, // U+1EB0
    { 21, 33, 360, 1, 32, 174, 3894 }, // U+1EB1
    { 29, 40, 452, 0, 40, 290, 4068 }, // U+1EB2
    { 21, 35, 360, 1, 34, 184, 4358 }, // U+1EB3
    { 29, 40, 452, 0, 40, 290, 4542 }, // U+1EB4
    { 21, 35, 360, 1, 34, 184, 4832 }, // U+1EB5
    { 29, 43, 452, 0, 35, 312, 5016 }, // U+1EB6
    { 21, 37, 360, 1, 29, 195, 5328 }, // U+1EB7
    { 23, 35, 392, 1, 27, 202, 5523 }, // U+1EB8
    { 19, 29, 343, 1, 21, 138, 5725 }, // U+1EB9
    { 23, 38, 392, 1, 38, 219, 5863 }, // U+1EBA
    { 19, 32, 343, 1, 31, 152, 6082 }, // U+1EBB
    { 23, 35, 392, 1, 35, 202, 6234 }, // U+1EBC
    { 19, 30, 343, 1, 29, 143, 6436 }, // U+1EBD
    { 23, 37, 392, 1, 37, 213, 6579 }, // U+1EBE
    { 21, 32, 343, 1, 31, 168, 6792 }, // U+1EBF
    { 23, 37, 392, 1, 37, 213, 6960 }, // U+1EC0
    { 19, 32, 343, 1, 31, 152, 7173 }, // U+1EC1
    { 23, 39, 392, 1, 39, 225, 0 }, // U+1EC2
    { 20, 34, 343, 1, 33, 170, 225 }, // U+1EC3
    { 23, 40, 392, 1, 40, 230, 395 }, // U+1EC4
    { 19, 35, 343, 1, 34, 167, 625 }, // U+1EC5
    { 23, 43, 392, 1, 35, 248, 792 }, // U+1EC6
    { 19, 37, 343, 1, 29, 176, 1040 }, // U+1EC7
    { 14, 38, 241, 1, 38, 133, 1216 }, // U+1EC8
    { 13, 31, 211, 0, 31, 101, 1349 }, // U+1EC9
    { 14, 35, 241, 1, 27, 123, 1450 }, // U+1ECA
    { 13, 37, 211, 0, 29, 121, 1573 }, // U+1ECB
    { 26, 36, 472, 2, 28, 234, 1694 }, // U+1ECC
    { 21, 29, 368, 1, 21, 153, 1928 }, // U+1ECD
    { 26, 39, 472, 2, 38, 254, 2081 }, // U+1ECE
    { 21, 32, 368, 1, 31, 168, 2335 }, // U+1ECF
    { 26, 38, 472, 2, 37, 247, 2503 }, // U+1ED0
    { 21, 32, 368, 1, 31, 168, 2750 }, // U+1ED1
    { 26, 38, 472, 2, 37, 247, 2918 }, // U+1ED2
    { 21, 32, 368, 1, 31, 168, 3165 }, // U+1ED3
    { 26, 40, 472, 2, 39, 260, 3333 }, // U+1ED4
    { 21, 34, 368, 1, 33, 179, 3593 }, // U+1ED5
    { 26, 41, 472, 2, 40, 267, 3772 }, // U+1ED6
    { 21, 35, 368, 1, 34, 184, 4039 }, // U+1ED7
    { 26, 43, 472, 2, 35, 280, 4223 }, // U+1ED8
    { 21, 37, 368, 1, 29, 195, 4503 }, // U+1ED9
    { 30, 36, 506, 2, 35, 270, 4698 }, // U+1EDA
    { 24, 30, 402, 1, 29, 180, 4968 }, // U+1EDB
    { 30, 36, 506, 2, 35, 270, 5148 }, // U+1EDC
    { 24, 30, 402, 1, 29, 180, 5418 }, // U+1EDD
    { 30, 39, 506, 2, 38, 293, 5598 }, // U+1EDE
    { 24, 32, 402, 1, 31, 192, 5891 }, // U+1EDF
    { 30, 36, 506, 2, 35, 270, 6083 }, // U+1EE0
    { 24, 30, 402, 1, 29, 180, 6353 }, // U+1EE1
    { 30, 37, 506, 2, 29, 278, 6533 }, // U+1EE2
    { 24, 32, 402, 1, 24, 192, 6811 }, // U+1EE3
    { 28, 35, 448, 0, 27, 245, 7003 }, // U+1EE4
    { 25, 29, 400, 0, 21, 182, 7248 }, // U+1EE5
    { 28, 39, 448, 0, 38, 273, 0 }, // U+1EE6
    { 25, 32, 400, 0, 31, 200, 273 }, // U+1EE7
    { 32, 36, 512, 0, 35, 288, 473 }, // U+1EE8
    { 29, 30, 467, 0, 29, 218, 761 }, // U+1EE9
    { 32, 36, 512, 0, 35, 288, 979 }, // U+1EEA
    { 29, 30, 467, 0, 29, 218, 1267 }, // U+1EEB
    { 32, 39, 512, 0, 38, 312, 1485 }, // U+1EEC
    { 29, 32, 467, 0, 31, 232, 1797 }, // U+1EED
    { 32, 36, 512, 0, 35, 288, 2029 }, // U+1EEE
    { 29, 30, 467, 0, 29, 218, 2317 }, // U+1EEF
    { 32, 37, 512, 0, 29, 296, 2535 }, // U+1EF0
    { 29, 32, 467, 0, 24, 232, 2831 }, // U+1EF1
    { 27, 35, 416, 0, 35, 237, 3063 }, // U+1EF2
    { 22, 38, 347, 0, 29, 209, 3300 }, // U+1EF3
    { 27, 35, 416, 0, 27, 237, 3509 }, // U+1EF4
    { 22, 30, 347, 0, 21, 165, 3746 }, // U+1EF5
    { 27, 38, 416, 0, 38, 257, 3911 }, // U+1EF6
    { 22, 40, 347, 0, 31, 220, 4168 }, // U+1EF7
    { 27, 35, 416, 0, 35, 237, 4388 }, // U+1EF8
    { 22, 38, 347, 0, 29, 209, 4625 }, // U+1EF9
    { 0, 0, 300, 0, 0, 0, 0 }, // U+2000
    { 0, 0, 600, 0, 0, 0, 0 }, // U+2001
    { 0, 0, 300, 0, 0, 0, 0 }, // U+2002
    { 0, 0, 600, 0, 0, 0, 0 }, // U+2003
    { 0, 0, 200, 0, 0, 0, 0 }, // U+2004
    { 0, 0, 150, 0, 0, 0, 0 }, // U+2005
    { 0, 0, 100, 0, 0, 0, 0 }, // U+2006
    { 0, 0, 339, 0, 0, 0, 0 }, // U+2007
    { 0, 0, 176, 0, 0, 0, 0 }, // U+2008
    { 0, 0, 100, 0, 0, 0, 0 }, // U+2009
    { 0, 0, 60, 0, 0, 0, 0 }, // U+200A
    { 0, 0, 0, 0, 0, 0, 0 }, // U+200B
    { 2, 29, 0, -1, 24, 15, 0 }, // U+200C
    { 10, 31, 0, -5, 26, 78, 15 }, // U+200D
    { 9, 31, 0, -1, 26, 70, 93 }, // U+200E
    { 9, 31, 0, -8, 26, 70, 163 }, // U+200F
    { 11, 5, 186, 0, 13, 14, 233 }, // U+2010
    { 11, 5, 186, 0, 13, 14, 247 }, // U+2011
    { 19, 3, 339, 1, 15, 15, 261 }, // U+2012
    { 20, 4, 300, -1, 12, 20, 276 }, // U+2013
    { 39, 4, 600, -1, 12, 39, 296 }, // U+2014
    { 39, 4, 600, -1, 12, 39, 335 }, // U+2015
    { 11, 38, 335, 5, 29, 105, 374 }, // U+2016
    { 17, 8, 247, -1, 0, 34, 479 }, // U+2017
    { 7, 12, 168, 2, 27, 21, 513 }, // U+2018
    { 8, 12, 168, 1, 27, 24, 534 }, // U+2019
    { 8, 12, 176, 1, 6, 24, 558 }, // U+201A
    { 7, 12, 168, 2, 27, 21, 582 }, // U+201B
    { 15, 12, 293, 2, 27, 45, 603 }, // U+201C
    { 16, 12, 293, 1, 27, 48, 648 }, // U+201D
    { 16, 12, 293, 1, 6, 48, 696 }, // U+201E
    { 15, 12, 293, 2, 27, 45, 744 }, // U+201F
    { 16, 34, 287, 1, 29, 136, 789 }, // U+2020
    { 16, 34, 287, 1, 29, 136, 925 }, // U+2021
    { 11, 13, 240, 2, 20, 36, 1061 }, // U+2022
    { 13, 13, 300, 3, 20, 43, 1097 }, // U+2023
    { 7, 7, 176, 2, 17, 13, 1140 }, // U+2024
    { 18, 7, 346, 2, 17, 32, 1153 }, // U+2025
    { 30, 7, 548, 2, 6, 53, 1185 }, // U+2026
    { 7, 7, 176, 2, 15, 13, 1238 }, // U+2027
    { 0, 0, 360, 0, 0, 0, 1251 }, // U+2028
    { 0, 0, 360, 0, 0, 0, 1251 }, // U+2029
    { 9, 28, 0, -1, 23, 63, 1251 }, // U+202A
    { 9, 28, 0, -8, 23, 63, 1314 }, // U+202B
    { 10, 31, 0, -5, 26, 78, 1377 }, // U+202C
    { 10, 31, 0, -5, 26, 78, 1455 }, // U+202D
    { 10, 31, 0, -5, 26, 78, 1533 }, // U+202E
    { 0, 0, 100, 0, 0, 0, 1611 }, // U+202F
    { 47, 29, 786, 1, 28, 341, 1611 }, // U+2030
    { 63, 29, 1038, 1, 28, 457, 1952 }, // U+2031
    { 9, 10, 151, 0, 27, 23, 2409 }, // U+2032
    { 18, 10, 295, 0, 27, 45, 2432 }, // U+2033
    { 27, 10, 439, 0, 27, 68, 2477 }, // U+2034
    { 9, 10, 151, 0, 27, 23, 2545 }, // U+2035
    { 18, 10, 295, 0, 27, 45, 2568 }, // U+2036
    { 27, 10, 439, 0, 27, 68, 2613 }, // U+2037
    { 15, 11, 264, 1, 2, 42, 2681 }, // U+2038
    { 9, 16, 212, 2, 18, 36, 2723 }, // U+2039
    { 9, 16, 212, 2, 18, 36, 2759 }, // U+203A
    { 27, 27, 491, 2, 27, 183, 2795 }, // U+203B
    { 17, 28, 377, 3, 27, 119, 2978 }, // U+203C
    { 21, 29, 370, 1, 28, 153, 3097 }, // U+203D
    { 19, 3, 275, -1, 31, 15, 3250 }, // U+203E
    { 30, 7, 0, -15, -1, 53, 3265 }, // U+203F
    { 32, 8, 0, -16, 32, 64, 3318 }, // U+2040
    { 17, 27, 270, 0, 27, 115, 3382 }, // U+2041
    { 36, 29, 600, 1, 29, 261, 3497 }, // U+2042
    { 11, 7, 217, 1, 17, 20, 3758 }, // U+2043
    { 17, 27, 37, -7, 27, 115, 3778 }, // U+2044
    { 12, 34, 249, 3, 29, 102, 3893 }, // U+2045
    { 11, 34, 249, 1, 29, 94, 3995 }, // U+2046
    { 37, 29, 640, 1, 28, 269, 4089 }, // U+2047
    { 27, 29, 506, 1, 28, 196, 4358 }, // U+2048
    { 27, 29, 509, 3, 28, 196, 4554 }, // U+2049
    { 19, 29, 366, 1, 22, 138, 4750 }, // U+204A
    { 22, 34, 376, 1, 29, 187, 4888 }, // U+204B
    { 21, 14, 370, 1, 21, 74, 5075 }, // U+204C
    { 21, 14, 370, 1, 21, 74, 5149 }, // U+204D
    { 17, 16, 301, 1, 21, 68, 5223 }, // U+204E
    { 8, 27, 182, 2, 21, 54, 5291 }, // U+204F
    { 27, 29, 462, 1, 28, 196, 5345 }, // U+2050
    { 17, 32, 301, 1, 29, 136, 5541 }, // U+2051
    { 15, 28, 242, 0, 27, 105, 5677 }, // U+2052
    { 19, 8, 335, 1, 17, 38, 5782 }, // U+2053
    { 30, 8, 0, -15, 0, 60, 5820 }, // U+2054
    { 18, 18, 324, 1, 22, 81, 5880 }, // U+2055
    { 19, 22, 378, 2, 21, 105, 5961 }, // U+2056
    { 36, 10, 582, 0, 27, 90, 6066 }, // U+2057
    { 25, 22, 459, 2, 21, 138, 6156 }, // U+2058
    { 25, 22, 459, 2, 21, 138, 6294 }, // U+2059
    { 7, 29, 182, 2, 28, 51, 6432 }, // U+205A
    { 25, 29, 459, 2, 28, 182, 6483 }, // U+205B
    { 21, 21, 418, 3, 21, 111, 6665 }, // U+205C
    { 7, 29, 182, 2, 28, 51, 6776 }, // U+205D
    { 7, 29, 182, 2, 28, 51, 6827 }, // U+205E
    { 0, 0, 133, 0, 0, 0, 6878 }, // U+205F
    { 0, 0, 360, 0, 0, 0, 6878 }, // U+2060
    { 0, 0, 360, 0, 0, 0, 6878 }, // U+2061
    { 0, 0, 360, 0, 0, 0, 6878 }, // U+2062
    { 0, 0, 360, 0, 0, 0, 6878 }, // U+2063
    { 0, 0, 360, 0, 0, 0, 6878 }, // U+2064
    { 0, 0, 0, 0, 0, 0, 6878 }, // U+2066
    { 0, 0, 0, 0, 0, 0, 6878 }, // U+2067
    { 0, 0, 0, 0, 0, 0, 6878 }, // U+2068
    { 0, 0, 0, 0, 0, 0, 6878 }, // U+2069
    { 10, 31, 0, -5, 26, 78, 6878 }, // U+206A
    { 10, 31, 0, -5, 26, 78, 6956 }, // U+206B
    { 10, 31, 0, -5, 26, 78, 7034 }, // U+206C
    { 10, 31, 0, -5, 26, 78, 7112 }, // U+206D
    { 10, 31, 0, -5, 26, 78, 7190 }, // U+206E
    { 10, 31, 0, -5, 26, 78, 7268 }, // U+206F
    { 15, 17, 240, 0, 31, 64, 0 }, // U+2070
    { 9, 19, 137, 0, 29, 43, 64 }, // U+2071
    { 15, 17, 240, 0, 31, 64, 107 }, // U+2074
    { 13, 17, 240, 1, 31, 56, 171 }, // U+2075
    { 13, 17, 240, 1, 31, 56, 227 }, // U+2076
    { 13, 17, 240, 1, 31, 56, 283 }, // U+2077
    { 15, 17, 240, 0, 31, 64, 339 }, // U+2078
    { 13, 17, 240, 1, 31, 56, 403 }, // U+2079
    { 13, 14, 240, 1, 29, 46, 459 }, // U+207A
    { 13, 3, 240, 1, 23, 10, 505 }, // U+207B
    { 13, 9, 240, 1, 26, 30, 515 }, // U+207C
    { 9, 23, 150, 2, 34, 52, 545 }, // U+207D
    { 10, 23, 150, -2, 34, 58, 597 }, // U+207E
    { 16, 14, 260, 0, 24, 56, 655 }, // U+207F
    { 15, 17, 240, 0, 13, 64, 711 }, // U+2080
    { 12, 17, 240, 1, 13, 51, 775 }, // U+2081
    { 13, 17, 240, 1, 13, 56, 826 }, // U+2082
    { 13, 17, 240, 1, 13, 56, 882 }, // U+2083
    { 15, 17, 240, 0, 13, 64, 938 }, // U+2084
    { 13, 17, 240, 1, 13, 56, 1002 }, // U+2085
    { 13, 17, 240, 1, 13, 56, 1058 }, // U+2086
    { 13, 17, 240, 1, 13, 56, 1114 }, // U+2087
    { 15, 17, 240, 0, 13, 64, 1170 }, // U+2088
    { 13, 17, 240, 1, 13, 56, 1234 }, // U+2089
    { 13, 14, 240, 1, 11, 46, 1290 }, // U+208A
    { 13, 3, 240, 1, 5, 10, 1336 }, // U+208B
    { 13, 9, 240, 1, 8, 30, 1346 }, // U+208C
    { 9, 23, 150, 2, 16, 52, 1376 }, // U+208D
    { 10, 23, 150, -2, 16, 58, 1428 }, // U+208E
    { 13, 13, 234, 1, 9, 43, 1486 }, // U+2090
    { 12, 13, 223, 1, 9, 39, 1529 }, // U+2091
    { 13, 13, 239, 1, 9, 43, 1568 }, // U+2092
    { 16, 13, 252, 0, 9, 52, 1611 }, // U+2093
    { 12, 13, 223, 1, 9, 39, 1663 }, // U+2094
    { 16, 18, 260, 0, 14, 72, 1702 }, // U+2095
    { 16, 18, 248, 0, 14, 72, 1774 }, // U+2096
    { 9, 18, 137, 0, 14, 41, 1846 }, // U+2097
    { 24, 13, 385, 0, 9, 78, 1887 }, // U+2098
    { 16, 13, 260, 0, 9, 52, 1965 }, // U+2099
    { 15, 18, 251, 0, 9, 68, 2017 }, // U+209A
    { 11, 13, 187, 0, 9, 36, 2085 }, // U+209B
    { 10, 16, 158, 0, 12, 40, 2121 }, // U+209C
    { 27, 28, 462, 1, 28, 189, 0 }, // U+20A0
    { 23, 32, 401, 1, 29, 184, 189 }, // U+20A1
    { 23, 29, 401, 1, 28, 167, 373 }, // U+20A2
    { 20, 27, 339, 1, 27, 135, 540 }, // U+20A3
    { 19, 29, 339, 1, 28, 138, 675 }, // U+20A4
    { 37, 30, 592, 0, 25, 278, 813 }, // U+20A5
    { 30, 27, 473, 0, 27, 203, 1091 }, // U+20A6
    { 32, 28, 540, 1, 27, 224, 1294 }, // U+20A7
    { 41, 28, 692, 1, 27, 287, 1518 }, // U+20A8
    { 42, 27, 640, -1, 27, 284, 1805 }, // U+20A9
    { 29, 23, 535, 2, 23, 167, 2089 }, // U+20AA
    { 23, 35, 389, 1, 29, 202, 2256 }, // U+20AB
    { 20, 29, 335, 1, 28, 145, 2458 }, // U+20AC
    { 28, 27, 440, 0, 27, 189, 2603 }, // U+20AD
    { 25, 27, 392, 0, 27, 169, 2792 }, // U+20AE
    { 42, 39, 664, 0, 31, 410, 2961 }, // U+20AF
    { 22, 37, 382, 0, 28, 204, 3371 }, // U+20B0
    { 24, 27, 383, 0, 27, 162, 3575 }, // U+20B1
    { 26, 33, 462, 2, 30, 215, 3737 }, // U+20B2
    { 28, 27, 452, 0, 27, 189, 3952 }, // U+20B3
    { 23, 29, 347, -1, 28, 167, 4141 }, // U+20B4
    { 22, 33, 401, 2, 30, 182, 4308 }, // U+20B5
    { 22, 28, 356, 0, 27, 154, 4490 }, // U+20B6
    { 20, 32, 339, 0, 28, 160, 4644 }, // U+20B7
    { 21, 27, 339, 0, 27, 142, 4804 }, // U+20B8
    { 19, 27, 335, 1, 27, 129, 4946 }, // U+20B9
    { 21, 27, 339, 0, 27, 142, 5075 }, // U+20BA
    { 23, 29, 392, 0, 28, 167, 5217 }, // U+20BB
    { 25, 26, 472, 2, 26, 163, 5384 }, // U+20BC
    { 21, 27, 354, 1, 27, 142, 5547 }, // U+20BD
    { 24, 29, 420, 1, 29, 174, 5689 }, // U+20BE
    { 19, 33, 339, 1, 30, 157, 5863 }, // U+20BF
    { 18, 28, 316, 1, 21, 126, 6020 }, // U+20C0
    { 18, 4, 344, 2, 15, 18, 0 }, // U+2212
    { 32, 29, 457, 0, 29, 232, 0 }, // U+FB00
    { 27, 29, 431, 0, 29, 196, 232 }, // U+FB01
    { 27, 29, 431, 0, 29, 196, 428 }, // U+FB02
    { 40, 29, 644, 0, 29, 290, 624 }, // U+FB03
    { 40, 29, 644, 0, 29, 290, 914 }, // U+FB04
    { 28, 30, 452, 0, 29, 210, 1204 }, // U+FB05
    { 31, 30, 521, 1, 29, 233, 1414 }, // U+FB06
    { 35, 35, 600, 1, 29, 307, 0 }, // U+FFFD
};

static const EpdUnicodeInterval notoserif_18_boldIntervals[] = {
    { 0x0, 0x0, 0x0 },
    { 0xD, 0xD, 0x1 },
    { 0x20, 0x7E, 0x2 },
    { 0xA0, 0x17F, 0x61 },
    { 0x1A0, 0x1A1, 0x141 },
    { 0x1AF, 0x1B0, 0x143 },
    { 0x1C4, 0x21F, 0x145 },
    { 0x300, 0x36F, 0x1A1 },
    { 0x400, 0x4FF, 0x211 },
    { 0x1EA0, 0x1EF9, 0x311 },
    { 0x2000, 0x2064, 0x36B },
    { 0x2066, 0x2071, 0x3D0 },
    { 0x2074, 0x208E, 0x3DC },
    { 0x2090, 0x209C, 0x3F7 },
    { 0x20A0, 0x20C0, 0x404 },
    { 0x2212, 0x2212, 0x425 },
    { 0xFB00, 0xFB06, 0x426 },
    { 0xFFFD, 0xFFFD, 0x42D },
};

static const EpdFontGroup notoserif_18_boldGroups[] = {
    { 0, 3316, 8157, 59, 0 },
    { 3316, 1913, 4925, 38, 59 },
    { 5229, 2659, 8178, 54, 97 },
    { 7888, 1959, 7717, 42, 151 },
    { 9847, 1753, 8082, 39, 193 },
    { 11600, 1826, 8055, 44, 232 },
    { 13426, 2089, 8138, 40, 276 },
    { 15515, 291, 855, 5, 316 },
    { 15806, 2175, 8150, 31, 321 },
    { 17981, 2564, 8113, 33, 352 },
    { 20545, 1834, 6329, 32, 385 },
    { 22379, 1771, 3129, 112, 417 },
    { 24150, 2236, 8058, 39, 529 },
    { 26386, 2620, 8101, 48, 568 },
    { 29006, 3221, 7923, 37, 616 },
    { 32227, 3066, 8038, 39, 653 },
    { 35293, 2611, 7922, 36, 692 },
    { 37904, 2497, 8141, 38, 728 },
    { 40401, 1169, 4054, 19, 766 },
    { 41570, 1174, 8067, 34, 785 },
    { 42744, 1353, 7981, 36, 819 },
    { 44097, 859, 5078, 20, 855 },
    { 44956, 2952, 8055, 111, 875 },
    { 47908, 920, 2457, 42, 986 },
    { 48828, 2951, 6493, 33, 1028 },
    { 51779, 13, 20, 1, 1061 },
    { 51792, 534, 1668, 7, 1062 },
    { 52326, 170, 315, 1, 1069 },
};

static const EpdKernClassEntry notoserif_18_boldKernLeftClasses[] = {
    { 0x0022, 1 }, // "
    { 0x0026, 2 }, // &
    { 0x0027, 1 }, // '
    { 0x002A, 3 }, // *
    { 0x002C, 4 }, // ,
    { 0x002E, 4 }, // .
    { 0x0040, 5 }, // @
    { 0x0041, 6 }, // A
    { 0x0042, 7 }, // B
    { 0x0044, 8 }, // D
    { 0x0045, 9 }, // E
    { 0x0046, 10 }, // F
    { 0x0047, 11 }, // G
    { 0x004B, 12 }, // K
    { 0x004C, 13 }, // L
    { 0x004E, 14 }, // N
    { 0x004F, 8 }, // O
    { 0x0050, 3 }, // P
    { 0x0051, 8 }, // Q
    { 0x0052, 15 }, // R
    { 0x0053, 16 }, // S
    { 0x0054, 17 }, // T
    { 0x0055, 18 }, // U
    { 0x0056, 19 }, // V
    { 0x0057, 20 }, // W
    { 0x0058, 21 }, // X
    { 0x0059, 22 }, // Y
    { 0x0061, 23 }, // a
    { 0x0062, 24 }, // b
    { 0x0065, 25 }, // e
    { 0x0066, 26 }, // f
    { 0x0067, 27 }, // g
    { 0x0068, 23 }, // h
    { 0x006B, 28 }, // k
    { 0x006D, 23 }, // m
    { 0x006E, 23 }, // n
    { 0x006F, 24 }, // o
    { 0x0070, 24 }, // p
    { 0x0072, 29 }, // r
    { 0x0073, 30 }, // s
    { 0x0076, 31 }, // v
    { 0x0077, 32 }, // w
    { 0x0079, 33 }, // y
    { 0x00A1, 34 }, // U+00A1
    { 0x00BF, 35 }, // U+00BF
    { 0x00C0, 36 }, // U+00C0
    { 0x00C1, 36 }, // U+00C1
    { 0x00C2, 36 }, // U+00C2
    { 0x00C3, 36 }, // U+00C3
    { 0x00C4, 36 }, // U+00C4
    { 0x00C5, 36 }, // U+00C5
    { 0x00C6, 9 }, // U+00C6
    { 0x00C8, 9 }, // U+00C8
    { 0x00C9, 9 }, // U+00C9
    { 0x00CA, 9 }, // U+00CA
    { 0x00CB, 9 }, // U+00CB
    { 0x00D0, 8 }, // U+00D0
    { 0x00D1, 14 }, // U+00D1
    { 0x00D2, 8 }, // U+00D2
    { 0x00D3, 8 }, // U+00D3
    { 0x00D4, 8 }, // U+00D4
    { 0x00D5, 8 }, // U+00D5
    { 0x00D6, 8 }, // U+00D6
    { 0x00D8, 8 }, // U+00D8
    { 0x00D9, 18 }, // U+00D9
    { 0x00DA, 18 }, // U+00DA
    { 0x00DB, 18 }, // U+00DB
    { 0x00DC, 18 }, // U+00DC
    { 0x00DD, 22 }, // U+00DD
    { 0x00DE, 8 }, // U+00DE
    { 0x00DF, 24 }, // U+00DF
    { 0x00E0, 23 }, // U+00E0
    { 0x00E1, 23 }, // U+00E1
    { 0x00E2, 23 }, // U+00E2
    { 0x00E3, 23 }, // U+00E3
    { 0x00E4, 23 }, // U+00E4
    { 0x00E5, 23 }, // U+00E5
    { 0x00E6, 25 }, // U+00E6
    { 0x00E8, 25 }, // U+00E8
    { 0x00E9, 25 }, // U+00E9
    { 0x00EA, 25 }, // U+00EA
    { 0x00EB, 25 }, // U+00EB
    { 0x00F0, 24 }, // U+00F0
    { 0x00F1, 23 }, // U+00F1
    { 0x00F2, 24 }, // U+00F2
    { 0x00F3, 24 }, // U+00F3
    { 0x00F4, 24 }, // U+00F4
    { 0x00F5, 24 }, // U+00F5
    { 0x00F6, 24 }, // U+00F6
    { 0x00F8, 24 }, // U+00F8
    { 0x00FD, 33 }, // U+00FD
    { 0x00FE, 24 }, // U+00FE
    { 0x00FF, 33 }, // U+00FF
    { 0x0100, 6 }, // U+0100
    { 0x0102, 36 }, // U+0102
    { 0x0104, 36 }, // U+0104
    { 0x010E, 8 }, // U+010E
    { 0x010F, 37 }, // U+010F
    { 0x0110, 8 }, // U+0110
    { 0x0112, 9 }, // U+0112
    { 0x0113, 25 }, // U+0113
    { 0x0114, 9 }, // U+0114
    { 0x0115, 25 }, // U+0115
    { 0x0116, 9 }, // U+0116
    { 0x0117, 25 }, // U+0117
    { 0x0118, 9 }, // U+0118
    { 0x0119, 25 }, // U+0119
    { 0x011A, 9 }, // U+011A
    { 0x011B, 25 }, // U+011B
    { 0x011C, 11 }, // U+011C
    { 0x011E, 11 }, // U+011E
    { 0x0120, 11 }, // U+0120
    { 0x0122, 11 }, // U+0122
    { 0x0125, 23 }, // U+0125
    { 0x0127, 23 }, // U+0127
    { 0x0129, 38 }, // U+0129
    { 0x0136, 12 }, // U+0136
    { 0x0137, 28 }, // U+0137
    { 0x0138, 28 }, // U+0138
    { 0x0139, 13 }, // U+0139
    { 0x013B, 13 }, // U+013B
    { 0x013E, 37 }, // U+013E
    { 0x0141, 13 }, // U+0141
    { 0x0143, 14 }, // U+0143
    { 0x0144, 23 }, // U+0144
    { 0x0145, 14 }, // U+0145
    { 0x0146, 23 }, // U+0146
    { 0x0147, 14 }, // U+0147
    { 0x0148, 23 }, // U+0148
    { 0x0149, 23 }, // U+0149
    { 0x014B, 23 }, // U+014B
    { 0x014C, 8 }, // U+014C
    { 0x014D, 24 }, // U+014D
    { 0x014E, 8 }, // U+014E
    { 0x014F, 24 }, // U+014F
    { 0x0150, 8 }, // U+0150
    { 0x0151, 24 }, // U+0151
    { 0x0152, 9 }, // U+0152
    { 0x0153, 25 }, // U+0153
    { 0x0154, 15 }, // U+0154
    { 0x0155, 29 }, // U+0155
    { 0x0156, 15 }, // U+0156
    { 0x0157, 29 }, // U+0157
    { 0x0158, 15 }, // U+0158
    { 0x0159, 29 }, // U+0159
    { 0x015A, 16 }, // U+015A
    { 0x015B, 30 }, // U+015B
    { 0x015C, 16 }, // U+015C
    { 0x015D, 30 }, // U+015D
    { 0x015E, 16 }, // U+015E
    { 0x015F, 30 }, // U+015F
    { 0x0160, 16 }, // U+0160
    { 0x0161, 30 }, // U+0161
    { 0x0162, 17 }, // U+0162
    { 0x0164, 17 }, // U+0164
    { 0x0165, 39 }, // U+0165
    { 0x0166, 17 }, // U+0166
    { 0x0168, 18 }, // U+0168
    { 0x016A, 18 }, // U+016A
    { 0x016C, 18 }, // U+016C
    { 0x016E, 18 }, // U+016E
    { 0x0170, 18 }, // U+0170
    { 0x0172, 18 }, // U+0172
    { 0x0174, 20 }, // U+0174
    { 0x0175, 32 }, // U+0175
    { 0x0176, 22 }, // U+0176
    { 0x0177, 33 }, // U+0177
    { 0x0178, 22 }, // U+0178
    { 0x01A0, 40 }, // U+01A0
    { 0x01A1, 41 }, // U+01A1
    { 0x01AF, 42 }, // U+01AF
    { 0x01B0, 43 }, // U+01B0
    { 0x01FA, 6 }, // U+01FA
    { 0x01FC, 9 }, // U+01FC
    { 0x01FD, 25 }, // U+01FD
    { 0x01FE, 8 }, // U+01FE
    { 0x01FF, 24 }, // U+01FF
    { 0x0218, 16 }, // U+0218
    { 0x0219, 30 }, // U+0219
    { 0x021A, 17 }, // U+021A
    { 0x0402, 44 }, // U+0402
    { 0x0409, 45 }, // U+0409
    { 0x040A, 45 }, // U+040A
    { 0x040E, 46 }, // U+040E
    { 0x0423, 46 }, // U+0423
    { 0x042A, 45 }, // U+042A
    { 0x042C, 45 }, // U+042C
    { 0x0431, 47 }, // U+0431
    { 0x043E, 48 }, // U+043E
    { 0x0440, 48 }, // U+0440
    { 0x0444, 49 }, // U+0444
    { 0x044D, 49 }, // U+044D
    { 0x044E, 49 }, // U+044E
    { 0x0457, 50 }, // U+0457
    { 0x0460, 51 }, // U+0460
    { 0x0462, 52 }, // U+0462
    { 0x0465, 53 }, // U+0465
    { 0x0466, 54 }, // U+0466
    { 0x0468, 54 }, // U+0468
    { 0x046A, 55 }, // U+046A
    { 0x046C, 55 }, // U+046C
    { 0x046E, 56 }, // U+046E
    { 0x046F, 24 }, // U+046F
    { 0x0472, 51 }, // U+0472
    { 0x0473, 48 }, // U+0473
    { 0x0474, 57 }, // U+0474
    { 0x0476, 57 }, // U+0476
    { 0x0478, 33 }, // U+0478
    { 0x0479, 58 }, // U+0479
    { 0x047A, 51 }, // U+047A
    { 0x047B, 48 }, // U+047B
    { 0x047C, 51 }, // U+047C
    { 0x047D, 24 }, // U+047D
    { 0x047E, 51 }, // U+047E
    { 0x0481, 53 }, // U+0481
    { 0x048C, 52 }, // U+048C
    { 0x048D, 24 }, // U+048D
    { 0x048E, 59 }, // U+048E
    { 0x048F, 48 }, // U+048F
    { 0x0490, 60 }, // U+0490
    { 0x0491, 61 }, // U+0491
    { 0x0493, 61 }, // U+0493
    { 0x0494, 62 }, // U+0494
    { 0x0496, 55 }, // U+0496
    { 0x0497, 63 }, // U+0497
    { 0x0498, 56 }, // U+0498
    { 0x0499, 48 }, // U+0499
    { 0x049A, 55 }, // U+049A
    { 0x049B, 63 }, // U+049B
    { 0x049C, 55 }, // U+049C
    { 0x049D, 63 }, // U+049D
    { 0x049E, 55 }, // U+049E
    { 0x049F, 63 }, // U+049F
    { 0x04A0, 55 }, // U+04A0
    { 0x04A1, 63 }, // U+04A1
    { 0x04A3, 64 }, // U+04A3
    { 0x04A4, 60 }, // U+04A4
    { 0x04A5, 61 }, // U+04A5
    { 0x04A6, 62 }, // U+04A6
    { 0x04A8, 51 }, // U+04A8
    { 0x04AB, 53 }, // U+04AB
    { 0x04AC, 60 }, // U+04AC
    { 0x04AD, 61 }, // U+04AD
    { 0x04B2, 65 }, // U+04B2
    { 0x04B3, 63 }, // U+04B3
    { 0x04B5, 64 }, // U+04B5
    { 0x04B7, 64 }, // U+04B7
    { 0x04BA, 62 }, // U+04BA
    { 0x04BC, 51 }, // U+04BC
    { 0x04BD, 48 }, // U+04BD
    { 0x04BE, 51 }, // U+04BE
    { 0x04BF, 48 }, // U+04BF
    { 0x04C3, 62 }, // U+04C3
    { 0x04C6, 64 }, // U+04C6
    { 0x04D0, 54 }, // U+04D0
    { 0x04D1, 23 }, // U+04D1
    { 0x04D2, 54 }, // U+04D2
    { 0x04D3, 23 }, // U+04D3
    { 0x04D4, 66 }, // U+04D4
    { 0x04D5, 48 }, // U+04D5
    { 0x04D6, 66 }, // U+04D6
    { 0x04D7, 48 }, // U+04D7
    { 0x04D8, 51 }, // U+04D8
    { 0x04D9, 48 }, // U+04D9
    { 0x04DA, 51 }, // U+04DA
    { 0x04DB, 48 }, // U+04DB
    { 0x04E0, 56 }, // U+04E0
    { 0x04E6, 51 }, // U+04E6
    { 0x04E7, 48 }, // U+04E7
    { 0x04E8, 51 }, // U+04E8
    { 0x04E9, 48 }, // U+04E9
    { 0x04EA, 51 }, // U+04EA
    { 0x04EB, 48 }, // U+04EB
    { 0x04ED, 48 }, // U+04ED
    { 0x04EE, 46 }, // U+04EE
    { 0x04EF, 58 }, // U+04EF
    { 0x04F0, 46 }, // U+04F0
    { 0x04F1, 58 }, // U+04F1
    { 0x04F2, 46 }, // U+04F2
    { 0x04F3, 58 }, // U+04F3
    { 0x04F6, 60 }, // U+04F6
    { 0x04F7, 61 }, // U+04F7
    { 0x04FB, 61 }, // U+04FB
    { 0x04FC, 65 }, // U+04FC
    { 0x04FD, 63 }, // U+04FD
    { 0x04FE, 65 }, // U+04FE
    { 0x04FF, 63 }, // U+04FF
    { 0x1EA0, 36 }, // U+1EA0
    { 0x1EA1, 23 }, // U+1EA1
    { 0x1EA2, 36 }, // U+1EA2
    { 0x1EA3, 23 }, // U+1EA3
    { 0x1EA4, 36 }, // U+1EA4
    { 0x1EA5, 23 }, // U+1EA5
    { 0x1EA6, 36 }, // U+1EA6
    { 0x1EA7, 23 }, // U+1EA7
    { 0x1EA8, 36 }, // U+1EA8
    { 0x1EA9, 23 }, // U+1EA9
    { 0x1EAA, 36 }, // U+1EAA
    { 0x1EAB, 23 }, // U+1EAB
    { 0x1EAC, 36 }, // U+1EAC
    { 0x1EAD, 23 }, // U+1EAD
    { 0x1EAE, 36 }, // U+1EAE
    { 0x1EAF, 23 }, // U+1EAF
    { 0x1EB0, 36 }, // U+1EB0
    { 0x1EB1, 23 }, // U+1EB1
    { 0x1EB2, 36 }, // U+1EB2
    { 0x1EB3, 23 }, // U+1EB3
    { 0x1EB4, 36 }, // U+1EB4
    { 0x1EB5, 23 }, // U+1EB5
    { 0x1EB6, 36 }, // U+1EB6
    { 0x1EB7, 23 }, // U+1EB7
    { 0x1EB8, 9 }, // U+1EB8
    { 0x1EB9, 25 }, // U+1EB9
    { 0x1EBA, 9 }, // U+1EBA
    { 0x1EBB, 25 }, // U+1EBB
    { 0x1EBC, 9 }, // U+1EBC
    { 0x1EBD, 25 }, // U+1EBD
    { 0x1EBE, 9 }, // U+1EBE
    { 0x1EBF, 25 }, // U+1EBF
    { 0x1EC0, 9 }, // U+1EC0
    { 0x1EC1, 25 }, // U+1EC1
    { 0x1EC2, 9 }, // U+1EC2
    { 0x1EC3, 25 }, // U+1EC3
    { 0x1EC4, 9 }, // U+1EC4
    { 0x1EC5, 25 }, // U+1EC5
    { 0x1EC6, 9 }, // U+1EC6
    { 0x1EC7, 25 }, // U+1EC7
    { 0x1ECC, 8 }, // U+1ECC
    { 0x1ECD, 24 }, // U+1ECD
    { 0x1ECE, 8 }, // U+1ECE
    { 0x1ECF, 24 }, // U+1ECF
    { 0x1ED0, 8 }, // U+1ED0
    { 0x1ED1, 24 }, // U+1ED1
    { 0x1ED2, 8 }, // U+1ED2
    { 0x1ED3, 24 }, // U+1ED3
    { 0x1ED4, 8 }, // U+1ED4
    { 0x1ED5, 24 }, // U+1ED5
    { 0x1ED6, 8 }, // U+1ED6
    { 0x1ED7, 24 }, // U+1ED7
    { 0x1ED8, 8 }, // U+1ED8
    { 0x1ED9, 24 }, // U+1ED9
    { 0x1EDA, 40 }, // U+1EDA
    { 0x1EDB, 41 }, // U+1EDB
    { 0x1EDC, 40 }, // U+1EDC
    { 0x1EDD, 41 }, // U+1EDD
    { 0x1EDE, 40 }, // U+1EDE
    { 0x1EDF, 41 }, // U+1EDF
    { 0x1EE0, 40 }, // U+1EE0
    { 0x1EE1, 41 }, // U+1EE1
    { 0x1EE2, 40 }, // U+1EE2
    { 0x1EE3, 41 }, // U+1EE3
    { 0x1EE4, 18 }, // U+1EE4
    { 0x1EE6, 18 }, // U+1EE6
    { 0x1EE8, 42 }, // U+1EE8
    { 0x1EE9, 43 }, // U+1EE9
    { 0x1EEA, 42 }, // U+1EEA
    { 0x1EEB, 43 }, // U+1EEB
    { 0x1EEC, 42 }, // U+1EEC
    { 0x1EED, 43 }, // U+1EED
    { 0x1EEE, 42 }, // U+1EEE
    { 0x1EEF, 43 }, // U+1EEF
    { 0x1EF0, 42 }, // U+1EF0
    { 0x1EF1, 43 }, // U+1EF1
    { 0x1EF2, 22 }, // U+1EF2
    { 0x1EF3, 33 }, // U+1EF3
    { 0x1EF4, 22 }, // U+1EF4
    { 0x1EF5, 33 }, // U+1EF5
    { 0x1EF6, 22 }, // U+1EF6
    { 0x1EF7, 33 }, // U+1EF7
    { 0x1EF8, 22 }, // U+1EF8
    { 0x1EF9, 33 }, // U+1EF9
    { 0x2018, 67 }, // U+2018
    { 0x2019, 68 }, // U+2019
    { 0x201A, 4 }, // U+201A
    { 0x201C, 67 }, // U+201C
    { 0x201D, 68 }, // U+201D
    { 0x201E, 4 }, // U+201E
    { 0x2026, 4 }, // U+2026
    { 0x207D, 69 }, // U+207D
    { 0x208D, 70 }, // U+208D
    { 0xFB00, 26 }, // U+FB00
};

static const EpdKernClassEntry notoserif_18_boldKernRightClasses[] = {
    { 0x0021, 1 }, // !
    { 0x0022, 2 }, // "
    { 0x0026, 3 }, // &
    { 0x0027, 2 }, // '
    { 0x0029, 4 }, // )
    { 0x002A, 5 }, // *
    { 0x002C, 6 }, // ,
    { 0x002E, 7 }, // .
    { 0x003A, 8 }, // :
    { 0x003B, 8 }, // ;
    { 0x003F, 9 }, // ?
    { 0x0040, 10 }, // @
    { 0x0041, 11 }, // A
    { 0x0042, 12 }, // B
    { 0x0043, 13 }, // C
    { 0x0044, 12 }, // D
    { 0x0045, 12 }, // E
    { 0x0046, 12 }, // F
    { 0x0047, 13 }, // G
    { 0x0048, 12 }, // H
    { 0x0049, 12 }, // I
    { 0x004A, 14 }, // J
    { 0x004B, 12 }, // K
    { 0x004C, 12 }, // L
    { 0x004D, 12 }, // M
    { 0x004E, 12 }, // N
    { 0x004F, 13 }, // O
    { 0x0050, 12 }, // P
    { 0x0051, 13 }, // Q
    { 0x0052, 12 }, // R
    { 0x0053, 15 }, // S
    { 0x0054, 16 }, // T
    { 0x0055, 17 }, // U
    { 0x0056, 18 }, // V
    { 0x0057, 19 }, // W
    { 0x0058, 20 }, // X
    { 0x0059, 21 }, // Y
    { 0x005A, 22 }, // Z
    { 0x005D, 4 }, // ]
    { 0x0061, 23 }, // a
    { 0x0062, 24 }, // b
    { 0x0063, 25 }, // c
    { 0x0064, 25 }, // d
    { 0x0065, 25 }, // e
    { 0x0067, 26 }, // g
    { 0x0068, 24 }, // h
    { 0x0069, 27 }, // i
    { 0x006B, 24 }, // k
    { 0x006C, 24 }, // l
    { 0x006D, 27 }, // m
    { 0x006E, 27 }, // n
    { 0x006F, 25 }, // o
    { 0x0070, 27 }, // p
    { 0x0071, 25 }, // q
    { 0x0072, 27 }, // r
    { 0x0073, 28 }, // s
    { 0x0074, 29 }, // t
    { 0x0075, 30 }, // u
    { 0x0076, 31 }, // v
    { 0x0077, 32 }, // w
    { 0x0078, 33 }, // x
    { 0x0079, 34 }, // y
    { 0x007A, 35 }, // z
    { 0x007D, 4 }, // }
    { 0x00AB, 36 }, // U+00AB
    { 0x00B7, 37 }, // U+00B7
    { 0x00BB, 36 }, // U+00BB
    { 0x00C0, 11 }, // U+00C0
    { 0x00C1, 11 }, // U+00C1
    { 0x00C2, 11 }, // U+00C2
    { 0x00C3, 11 }, // U+00C3
    { 0x00C4, 11 }, // U+00C4
    { 0x00C5, 11 }, // U+00C5
    { 0x00C6, 38 }, // U+00C6
    { 0x00C7, 13 }, // U+00C7
    { 0x00C8, 12 }, // U+00C8
    { 0x00C9, 12 }, // U+00C9
    { 0x00CA, 12 }, // U+00CA
    { 0x00CB, 12 }, // U+00CB
    { 0x00CC, 12 }, // U+00CC
    { 0x00CD, 12 }, // U+00CD
    { 0x00CE, 12 }, // U+00CE
    { 0x00CF, 12 }, // U+00CF
    { 0x00D0, 12 }, // U+00D0
    { 0x00D1, 12 }, // U+00D1
    { 0x00D2, 13 }, // U+00D2
    { 0x00D3, 13 }, // U+00D3
    { 0x00D4, 13 }, // U+00D4
    { 0x00D5, 13 }, // U+00D5
    { 0x00D6, 13 }, // U+00D6
    { 0x00D8, 13 }, // U+00D8
    { 0x00D9, 17 }, // U+00D9
    { 0x00DA, 17 }, // U+00DA
    { 0x00DB, 17 }, // U+00DB
    { 0x00DC, 17 }, // U+00DC
    { 0x00DD, 21 }, // U+00DD
    { 0x00DE, 12 }, // U+00DE
    { 0x00E0, 23 }, // U+00E0
    { 0x00E1, 23 }, // U+00E1
    { 0x00E2, 23 }, // U+00E2
    { 0x00E3, 23 }, // U+00E3
    { 0x00E4, 23 }, // U+00E4
    { 0x00E5, 23 }, // U+00E5
    { 0x00E6, 23 }, // U+00E6
    { 0x00E7, 25 }, // U+00E7
    { 0x00E8, 25 }, // U+00E8
    { 0x00E9, 25 }, // U+00E9
    { 0x00EA, 25 }, // U+00EA
    { 0x00EB, 25 }, // U+00EB
    { 0x00EC, 39 }, // U+00EC
    { 0x00ED, 27 }, // U+00ED
    { 0x00EE, 39 }, // U+00EE
    { 0x00EF, 39 }, // U+00EF
    { 0x00F0, 25 }, // U+00F0
    { 0x00F1, 27 }, // U+00F1
    { 0x00F2, 25 }, // U+00F2
    { 0x00F3, 25 }, // U+00F3
    { 0x00F4, 25 }, // U+00F4
    { 0x00F5, 25 }, // U+00F5
    { 0x00F6, 25 }, // U+00F6
    { 0x00F8, 25 }, // U+00F8
    { 0x00F9, 30 }, // U+00F9
    { 0x00FA, 30 }, // U+00FA
    { 0x00FB, 30 }, // U+00FB
    { 0x00FC, 30 }, // U+00FC
    { 0x00FD, 34 }, // U+00FD
    { 0x00FE, 24 }, // U+00FE
    { 0x00FF, 34 }, // U+00FF
    { 0x0100, 11 }, // U+0100
    { 0x0101, 23 }, // U+0101
    { 0x0102, 11 }, // U+0102
    { 0x0103, 23 }, // U+0103
    { 0x0104, 11 }, // U+0104
    { 0x0105, 23 }, // U+0105
    { 0x0106, 13 }, // U+0106
    { 0x0107, 25 }, // U+0107
    { 0x0108, 13 }, // U+0108
    { 0x0109, 25 }, // U+0109
    { 0x010A, 13 }, // U+010A
    { 0x010B, 25 }, // U+010B
    { 0x010C, 13 }, // U+010C
    { 0x010D, 25 }, // U+010D
    { 0x010E, 12 }, // U+010E
    { 0x010F, 25 }, // U+010F
    { 0x0110, 12 }, // U+0110
    { 0x0111, 25 }, // U+0111
    { 0x0112, 12 }, // U+0112
    { 0x0113, 25 }, // U+0113
    { 0x0114, 12 }, // U+0114
    { 0x0115, 25 }, // U+0115
    { 0x0116, 12 }, // U+0116
    { 0x0117, 25 }, // U+0117
    { 0x0118, 12 }, // U+0118
    { 0x0119, 25 }, // U+0119
    { 0x011A, 12 }, // U+011A
    { 0x011B, 25 }, // U+011B
    { 0x011C, 13 }, // U+011C
    { 0x011D, 25 }, // U+011D
    { 0x011E, 13 }, // U+011E
    { 0x011F, 25 }, // U+011F
    { 0x0120, 13 }, // U+0120
    { 0x0121, 25 }, // U+0121
    { 0x0122, 13 }, // U+0122
    { 0x0123, 25 }, // U+0123
    { 0x0124, 12 }, // U+0124
    { 0x0125, 24 }, // U+0125
    { 0x0126, 12 }, // U+0126
    { 0x0127, 24 }, // U+0127
    { 0x0128, 12 }, // U+0128
    { 0x0129, 40 }, // U+0129
    { 0x012A, 12 }, // U+012A
    { 0x012B, 39 }, // U+012B
    { 0x012C, 12 }, // U+012C
    { 0x012D, 39 }, // U+012D
    { 0x012E, 12 }, // U+012E
    { 0x012F, 27 }, // U+012F
    { 0x0130, 12 }, // U+0130
    { 0x0132, 12 }, // U+0132
    { 0x0133, 27 }, // U+0133
    { 0x0134, 14 }, // U+0134
    { 0x0136, 12 }, // U+0136
    { 0x0137, 24 }, // U+0137
    { 0x0138, 27 }, // U+0138
    { 0x0139, 12 }, // U+0139
    { 0x013A, 24 }, // U+013A
    { 0x013B, 12 }, // U+013B
    { 0x013C, 24 }, // U+013C
    { 0x013D, 12 }, // U+013D
    { 0x013E, 24 }, // U+013E
    { 0x013F, 12 }, // U+013F
    { 0x0140, 24 }, // U+0140
    { 0x0141, 12 }, // U+0141
    { 0x0142, 24 }, // U+0142
    { 0x0143, 12 }, // U+0143
    { 0x0144, 27 }, // U+0144
    { 0x0145, 12 }, // U+0145
    { 0x0146, 27 }, // U+0146
    { 0x0147, 12 }, // U+0147
    { 0x0148, 27 }, // U+0148
    { 0x014A, 12 }, // U+014A
    { 0x014B, 27 }, // U+014B
    { 0x014C, 13 }, // U+014C
    { 0x014D, 25 }, // U+014D
    { 0x014E, 13 }, // U+014E
    { 0x014F, 25 }, // U+014F
    { 0x0150, 13 }, // U+0150
    { 0x0151, 25 }, // U+0151
    { 0x0152, 13 }, // U+0152
    { 0x0153, 25 }, // U+0153
    { 0x0154, 12 }, // U+0154
    { 0x0155, 27 }, // U+0155
    { 0x0156, 12 }, // U+0156
    { 0x0157, 27 }, // U+0157
    { 0x0158, 12 }, // U+0158
    { 0x015A, 15 }, // U+015A
    { 0x015B, 28 }, // U+015B
    { 0x015C, 15 }, // U+015C
    { 0x015D, 28 }, // U+015D
    { 0x015E, 15 }, // U+015E
    { 0x015F, 28 }, // U+015F
    { 0x0160, 15 }, // U+0160
    { 0x0161, 28 }, // U+0161
    { 0x0162, 16 }, // U+0162
    { 0x0163, 29 }, // U+0163
    { 0x0164, 16 }, // U+0164
    { 0x0165, 29 }, // U+0165
    { 0x0166, 16 }, // U+0166
    { 0x0167, 29 }, // U+0167
    { 0x0168, 17 }, // U+0168
    { 0x0169, 30 }, // U+0169
    { 0x016A, 17 }, // U+016A
    { 0x016B, 30 }, // U+016B
    { 0x016C, 17 }, // U+016C
    { 0x016D, 30 }, // U+016D
    { 0x016E, 17 }, // U+016E
    { 0x016F, 30 }, // U+016F
    { 0x0170, 17 }, // U+0170
    { 0x0171, 30 }, // U+0171
    { 0x0172, 17 }, // U+0172
    { 0x0173, 30 }, // U+0173
    { 0x0174, 19 }, // U+0174
    { 0x0175, 32 }, // U+0175
    { 0x0176, 21 }, // U+0176
    { 0x0177, 34 }, // U+0177
    { 0x0178, 21 }, // U+0178
    { 0x0179, 22 }, // U+0179
    { 0x017A, 35 }, // U+017A
    { 0x017B, 22 }, // U+017B
    { 0x017C, 35 }, // U+017C
    { 0x017D, 22 }, // U+017D
    { 0x017E, 35 }, // U+017E
    { 0x01A0, 13 }, // U+01A0
    { 0x01A1, 25 }, // U+01A1
    { 0x01AF, 17 }, // U+01AF
    { 0x01B0, 30 }, // U+01B0
    { 0x01FA, 11 }, // U+01FA
    { 0x01FB, 23 }, // U+01FB
    { 0x01FC, 38 }, // U+01FC
    { 0x01FD, 23 }, // U+01FD
    { 0x01FE, 13 }, // U+01FE
    { 0x01FF, 25 }, // U+01FF
    { 0x0218, 15 }, // U+0218
    { 0x0219, 28 }, // U+0219
    { 0x021A, 16 }, // U+021A
    { 0x021B, 29 }, // U+021B
    { 0x0402, 41 }, // U+0402
    { 0x040B, 41 }, // U+040B
    { 0x040E, 42 }, // U+040E
    { 0x0416, 41 }, // U+0416
    { 0x0422, 41 }, // U+0422
    { 0x0423, 42 }, // U+0423
    { 0x0425, 41 }, // U+0425
    { 0x0427, 43 }, // U+0427
    { 0x042A, 41 }, // U+042A
    { 0x042F, 44 }, // U+042F
    { 0x0431, 45 }, // U+0431
    { 0x0436, 46 }, // U+0436
    { 0x0443, 47 }, // U+0443
    { 0x0445, 46 }, // U+0445
    { 0x0447, 48 }, // U+0447
    { 0x0451, 49 }, // U+0451
    { 0x0456, 50 }, // U+0456
    { 0x0457, 51 }, // U+0457
    { 0x045E, 47 }, // U+045E
    { 0x0460, 52 }, // U+0460
    { 0x0462, 16 }, // U+0462
    { 0x0466, 53 }, // U+0466
    { 0x046A, 54 }, // U+046A
    { 0x046E, 55 }, // U+046E
    { 0x0472, 52 }, // U+0472
    { 0x0473, 56 }, // U+0473
    { 0x0478, 52 }, // U+0478
    { 0x0479, 56 }, // U+0479
    { 0x047A, 52 }, // U+047A
    { 0x047B, 56 }, // U+047B
    { 0x047C, 52 }, // U+047C
    { 0x047D, 25 }, // U+047D
    { 0x047E, 52 }, // U+047E
    { 0x0480, 52 }, // U+0480
    { 0x0481, 56 }, // U+0481
    { 0x0496, 54 }, // U+0496
    { 0x0498, 55 }, // U+0498
    { 0x0499, 57 }, // U+0499
    { 0x04A0, 58 }, // U+04A0
    { 0x04A1, 59 }, // U+04A1
    { 0x04A8, 52 }, // U+04A8
    { 0x04A9, 56 }, // U+04A9
    { 0x04AA, 52 }, // U+04AA
    { 0x04AB, 56 }, // U+04AB
    { 0x04AC, 58 }, // U+04AC
    { 0x04AD, 59 }, // U+04AD
    { 0x04B2, 54 }, // U+04B2
    { 0x04B4, 58 }, // U+04B4
    { 0x04B5, 59 }, // U+04B5
    { 0x04B6, 60 }, // U+04B6
    { 0x04B7, 61 }, // U+04B7
    { 0x04B8, 43 }, // U+04B8
    { 0x04B9, 48 }, // U+04B9
    { 0x04C1, 41 }, // U+04C1
    { 0x04C2, 46 }, // U+04C2
    { 0x04CB, 60 }, // U+04CB
    { 0x04CC, 61 }, // U+04CC
    { 0x04D0, 53 }, // U+04D0
    { 0x04D2, 53 }, // U+04D2
    { 0x04D4, 38 }, // U+04D4
    { 0x04D5, 62 }, // U+04D5
    { 0x04D7, 56 }, // U+04D7
    { 0x04D8, 52 }, // U+04D8
    { 0x04D9, 62 }, // U+04D9
    { 0x04DA, 52 }, // U+04DA
    { 0x04DC, 41 }, // U+04DC
    { 0x04DD, 46 }, // U+04DD
    { 0x04E0, 55 }, // U+04E0
    { 0x04E1, 35 }, // U+04E1
    { 0x04E6, 52 }, // U+04E6
    { 0x04E7, 56 }, // U+04E7
    { 0x04E8, 52 }, // U+04E8
    { 0x04E9, 56 }, // U+04E9
    { 0x04EA, 52 }, // U+04EA
    { 0x04EB, 56 }, // U+04EB
    { 0x04EE, 42 }, // U+04EE
    { 0x04EF, 63 }, // U+04EF
    { 0x04F0, 42 }, // U+04F0
    { 0x04F1, 63 }, // U+04F1
    { 0x04F2, 42 }, // U+04F2
    { 0x04F3, 63 }, // U+04F3
    { 0x04F4, 43 }, // U+04F4
    { 0x04F5, 48 }, // U+04F5
    { 0x04FC, 54 }, // U+04FC
    { 0x04FE, 54 }, // U+04FE
    { 0x1EA0, 11 }, // U+1EA0
    { 0x1EA1, 23 }, // U+1EA1
    { 0x1EA2, 11 }, // U+1EA2
    { 0x1EA3, 23 }, // U+1EA3
    { 0x1EA4, 11 }, // U+1EA4
    { 0x1EA5, 23 }, // U+1EA5
    { 0x1EA6, 11 }, // U+1EA6
    { 0x1EA7, 23 }, // U+1EA7
    { 0x1EA8, 11 }, // U+1EA8
    { 0x1EA9, 23 }, // U+1EA9
    { 0x1EAA, 11 }, // U+1EAA
    { 0x1EAB, 23 }, // U+1EAB
    { 0x1EAC, 11 }, // U+1EAC
    { 0x1EAD, 23 }, // U+1EAD
    { 0x1EAE, 11 }, // U+1EAE
    { 0x1EAF, 23 }, // U+1EAF
    { 0x1EB0, 11 }, // U+1EB0
    { 0x1EB1, 23 }, // U+1EB1
    { 0x1EB2, 11 }, // U+1EB2
    { 0x1EB3, 23 }, // U+1EB3
    { 0x1EB4, 11 }, // U+1EB4
    { 0x1EB5, 23 }, // U+1EB5
    { 0x1EB6, 11 }, // U+1EB6
    { 0x1EB7, 23 }, // U+1EB7
    { 0x1EB8, 12 }, // U+1EB8
    { 0x1EB9, 25 }, // U+1EB9
    { 0x1EBA, 12 }, // U+1EBA
    { 0x1EBB, 25 }, // U+1EBB
    { 0x1EBC, 12 }, // U+1EBC
    { 0x1EBD, 25 }, // U+1EBD
    { 0x1EBE, 12 }, // U+1EBE
    { 0x1EBF, 25 }, // U+1EBF
    { 0x1EC0, 12 }, // U+1EC0
    { 0x1EC1, 25 }, // U+1EC1
    { 0x1EC2, 12 }, // U+1EC2
    { 0x1EC3, 25 }, // U+1EC3
    { 0x1EC4, 12 }, // U+1EC4
    { 0x1EC5, 25 }, // U+1EC5
    { 0x1EC6, 12 }, // U+1EC6
    { 0x1EC7, 25 }, // U+1EC7
    { 0x1EC9, 27 }, // U+1EC9
    { 0x1ECB, 27 }, // U+1ECB
    { 0x1ECC, 13 }, // U+1ECC
    { 0x1ECD, 25 }, // U+1ECD
    { 0x1ECE, 13 }, // U+1ECE
    { 0x1ECF, 25 }, // U+1ECF
    { 0x1ED0, 13 }, // U+1ED0
    { 0x1ED1, 25 }, // U+1ED1
    { 0x1ED2, 13 }, // U+1ED2
    { 0x1ED3, 25 }, // U+1ED3
    { 0x1ED4, 13 }, // U+1ED4
    { 0x1ED5, 25 }, // U+1ED5
    { 0x1ED6, 13 }, // U+1ED6
    { 0x1ED7, 25 }, // U+1ED7
    { 0x1ED8, 13 }, // U+1ED8
    { 0x1ED9, 25 }, // U+1ED9
    { 0x1EDA, 13 }, // U+1EDA
    { 0x1EDB, 25 }, // U+1EDB
    { 0x1EDC, 13 }, // U+1EDC
    { 0x1EDD, 25 }, // U+1EDD
    { 0x1EDE, 13 }, // U+1EDE
    { 0x1EDF, 25 }, // U+1EDF
    { 0x1EE0, 13 }, // U+1EE0
    { 0x1EE1, 25 }, // U+1EE1
    { 0x1EE2, 13 }, // U+1EE2
    { 0x1EE3, 25 }, // U+1EE3
    { 0x1EE4, 17 }, // U+1EE4
    { 0x1EE5, 30 }, // U+1EE5
    { 0x1EE6, 17 }, // U+1EE6
    { 0x1EE7, 30 }, // U+1EE7
    { 0x1EE8, 17 }, // U+1EE8
    { 0x1EE9, 30 }, // U+1EE9
    { 0x1EEA, 17 }, // U+1EEA
    { 0x1EEB, 30 }, // U+1EEB
    { 0x1EEC, 17 }, // U+1EEC
    { 0x1EED, 30 }, // U+1EED
    { 0x1EEE, 17 }, // U+1EEE
    { 0x1EEF, 30 }, // U+1EEF
    { 0x1EF0, 17 }, // U+1EF0
    { 0x1EF1, 30 }, // U+1EF1
    { 0x1EF2, 21 }, // U+1EF2
    { 0x1EF3, 34 }, // U+1EF3
    { 0x1EF4, 21 }, // U+1EF4
    { 0x1EF5, 34 }, // U+1EF5
    { 0x1EF6, 21 }, // U+1EF6
    { 0x1EF7, 34 }, // U+1EF7
    { 0x1EF8, 21 }, // U+1EF8
    { 0x1EF9, 34 }, // U+1EF9
    { 0x2018, 64 }, // U+2018
    { 0x2019, 5 }, // U+2019
    { 0x201A, 7 }, // U+201A
    { 0x201C, 64 }, // U+201C
    { 0x201D, 5 }, // U+201D
    { 0x201E, 7 }, // U+201E
    { 0x2026, 7 }, // U+2026
    { 0x2039, 36 }, // U+2039
    { 0x203A, 36 }, // U+203A
    { 0x207E, 65 }, // U+207E
    { 0x208E, 66 }, // U+208E
};

static const int8_t notoserif_18_boldKernMatrix[] = {
       0,    0,    0,    0,    0,    0,    0,    0,    0,    0,  -48,    0,    0,    0,    0,    0,    0,    0,    0,    0,    0,    0,    0,    0,  -12,  -36,    0,    0,    0,    0,    0,    0,    0,    0,    0,    0,    0,  -72,    0,    0,    0,    0,    0,    0,    0,    0,    0,    0,    0,    0,    0,    0,  -48,    0,    0,    0,    0,    0,    0,    0,    0,    0,    0,    0,    0,    0,
       0,    0,    0,    0,    0,    0,    0,    0,  -18,    0,    0,    0,    0,    0,    0,  -18,    0,  -24,  -24,    0,  -18,    0,    0,    0,    0,    0,    0,    0,    0,    0,    0,    0,    0,    0,    0,    0,    0,    0,    0,    0,    0,    0,    0,    0,    0,    0,    0,    0,    0,    0,    0,    0,    0,    0,    0,    0,    0,    0,    0,    0,    0,    0,    0,    0,    0,    0,
       0,    0,   -6,    0,    0,  -72,  -72,    0,    0,    0,  -30,    0,    0,    0,    0,    0,    0,    0,    0,    0,    0,    0,    0,    0,    0,    0,    0,    0,    0,    0,    0,    0,    0,    0,    0,    0,    0,  -48,    0,    0,    0,    0,    0,    0,    0,    0,    0,    0,    0,    0,    0,    0,  -30,    0,    0,    0,    0,    0,    0,    0,    0,    0,    0,    0,    0,    0,
       0,    0,    0,    0,    0,    0,    0,    0,  -54,    0,    0,    0,  -12,    0,    0,  -54,  -12,  -66,  -54,    0,  -48,    0,    0,    0,    0,    0,    0,    0,    0,    0,  -42,  -36,    0,  -30,    0,    0,    0,    0,    0,    0,    0,    0,    0,    0,    0,    0,    0,    0,    0,    0,    0,  -12,    0,    0,    0,    0,    0,  -54,  -42,  -48,  -30,    0,  -30,    0,    0,    0,
       0,    0,    0,    0,    0,    0,    0,    0,    0,    0,  -18,    0,    0,    0,    0,    0,    0,    0,    0,    0,   -6,    0,    0,    0,    0,    0,    0,    0,    0,    0,    0,    0,    0,    0,    0,    0,    0,    0,    0,    0,    0,    0,    0,    0,    0,    0,    0,    0,    0,    0,    0,    0,    0,    0,    0,    0,    0,    0,    0,    0,    0,    0,    0,    0,    0,    0,
       0,  -48,    0,    0,  -42,    0,    0,    0,  -36,    0,    0,    0,  -12,    0,    0,  -36,  -12,  -48,  -42,    0,  -42,    0,    0,    0,  -12,  -12,    0,    0,    0,  -12,  -36,  -18,    0,  -30,    0,    0,    0,    0,    0,    0,    0,    0,    0,    0,    0,    0,    0,    0,    0,    0,    0,    0,    0,    0,    0,    0,    0,    0,    0,    0,    0,    0,    0,  -42,    0,    0,
       0,    0,    0,    0,  -12,    0,    0,    0,  -12,    0,  -12,    0,    0,    0,    0,  -12,    0,  -24,  -18,  -12,  -24,  -12,    0,    0,    0,    0,    0,    0,    0,    0,    0,   -6,    0,  -12,    0,    0,    0,  -18,    0,    0,    0,    0,    0,    0,    0,    0,    0,    0,    0,    0,    0,    0,  -12,    0,    0,    0,    0,  -12,    0,    0,    0,    0,    0,    0,    0,    0,
       0,    0,    0,    0,    0,  -12,  -12,    0,  -12,    0,  -12,    0,    0,    0,    0,  -12,    0,  -12,  -12,  -12,  -18,    0,    0,    0,    0,    0,    0,    0,    0,    0,    0,    0,    0,    0,    0,    0,    0,  -30,    0,    0,    0,    0,    0,    0,    0,    0,    0,    0,    0,    0,    0,    0,  -12,  -12,    0,    0,    0,  -12,    0,    0,    0,    0,    0,    0,    0,    0,
       0,    0,    0,    0,    0,    0,    0,    0,    0,    0,    0,    0,    0,    0,    0,    0,    0,  -12,  -12,    0,  -12,    0,    0,    0,    0,    0,    0,    0,    0,    0,    0,    0,    0,    0,    0,    0,    0,    0,    0,    0,    0,    0,    0,    0,    0,    0,    0,    0,    0,    0,    0,    0,    0,    0,    0,    0,    0,    0,    0,    0,    0,    0,    0,    0,    0,    0,
       0,    0,  -12,    0,    0,  -72,  -72,    0,    0,  -24,  -42,    0,    0,    0,    0,    0,    0,    0,    0,    0,    0,    0,  -24,    0,  -24,  -24,    0,    0,    0,    0,    0,    0,    0,    0,    0,    0,    0,  -66,    0,    0,    0,    0,    0,    0,    0,    0,    0,    0,    0,    0,    0,    0,    0,    0,    0,    0,    0,    0,    0,    0,    0,    0,    0,    0,    0,    0,
       0,    0,    0,    0,    0,    0,    0,    0,  -12,    0,    0,    0,    0,    0,    0,  -12,    0,  -12,  -12,    0,  -12,    0,    0,    0,    0,    0,    0,    0,    0,    0,    0,    0,    0,    0,    0,    0,    0,  -12,    0,    0,    0,    0,    0,    0,    0,    0,    0,    0,    0,    0,    0,    0,    0,    0,    0,    0,    0,    0,    0,    0,    0,    0,    0,    0,    0,    0,
       0,    0,    0,    0,    0,    0,    0,    0,    0,    0,    0,    0,  -12,    0,    0,    0,    0,    0,    0,    0,    0,    0,    0,    0,  -12,  -12,    0,    0,    0,  -12,    0,  -18,    0,  -18,    0,    0,    0,    0,    0,    0,    0,    0,    0,    0,    0,    0,    0,    0,    0,    0,    0,    0,    0,    0,    0,    0,    0,    0,    0,    0,    0,    0,    0,    0,    0,    0,
       0,  -36,    0,    0,  -48,    0,    0,    0,  -42,    0,    0,    0,    0,    0,    0,  -42,    0,  -30,  -30,    0,  -36,    0,    0,    0,    0,    0,    0,    0,    0,    0,  -12,   -6,    0,  -18,    0,    0,  -12,    0,    0,    0,    0,    0,    0,    0,    0,    0,    0,    0,    0,    0,    0,    0,    0,    0,    0,    0,    0,    0,    0,    0,    0,    0,    0,  -48,    0,    0,
       0,    0,    0,    0,    0,    0,    0,    0,    0,    0,    0,    0,    0,    0,    0,    0,    0,    0,    0,    0,    0,    0,    0,    0,    0,    0,    0,    0,    0,    0,    0,    0,    0,    0,    0,   -6,    0,    0,    0,    0,    0,    0,    0,    0,    0,    0,    0,    0,    0,    0,    0,    0,    0,    0,    0,    0,    0,    0,    0,    0,    0,    0,    0,    0,    0,    0,
       0,    0,    0,    0,  -12,    0,    0,    0,  -12,    0,    0,    0,  -12,    0,    0,  -12,   -6,  -18,  -18,    0,  -18,    0,    0,    0,    0,    0,    0,    0,    0,    0,   -6,   -6,    0,  -12,    0,    0,    0,    0,    0,    0,    0,    0,    0,    0,    0,    0,    0,    0,    0,    0,    0,    0,    0,    0,    0,    0,    0,    0,    0,    0,    0,    0,    0,    0,    0,    0,
       0,    0,    0,    0,    0,    0,    0,    0,  -12,    0,  -12,    0,    0,    0,    0,  -12,    0,  -12,  -12,  -12,  -12,    0,    0,    0,    0,    0,    0,    0,    0,    0,    0,   -6,    0,  -12,    0,    0,    0,  -12,    0,    0,    0,    0,    0,    0,    0,    0,    0,    0,    0,    0,    0,    0,  -12,    0,    0,    0,    0,  -12,    0,    0,    0,    0,    0,    0,    0,    0,
       0,    0,   -6,    0,    0,  -54,  -54,    0,    0,  -18,  -36,    0,  -12,    0,    0,    0,    0,    0,    0,    0,    0,    0,  -18,    0,  -23,  -23,    0,   -3,    0,    0,    0,    0,    0,    0,    0,    0,    0,  -48,    0,    0,    0,    0,    0,    0,    0,    0,    0,    0,    0,    0,    0,    0,    0,    0,    0,    0,    0,    0,    0,    0,    0,    0,    0,    0,    0,    0,
       0,    0,    0,    0,    0,  -12,  -12,    0,    0,   -6,  -12,    0,    0,    0,    0,    0,    0,    0,    0,    0,    0,    0,    0,    0,    0,    0,    0,    0,    0,    0,    0,    0,    0,    0,    0,    0,    0,  -24,    0,    0,    0,    0,    0,    0,    0,    0,    0,    0,    0,    0,    0,    0,    0,    0,    0,    0,    0,    0,    0,    0,    0,    0,    0,    0,    0,    0,
       0,    0,  -18,    0,    0,  -66,  -66,    0,    0,  -30,  -48,    0,  -12,    0,    0,    0,    0,    0,    0,    0,    0,    0,  -36,    0,  -36,  -36,    0,  -24,    0,    0,    0,    0,    0,    0,    0,    0,    0,  -78,    0,    0,    0,    0,    0,    0,    0,    0,    0,    0,    0,    0,    0,    0,  -48,    0,    0,    0,    0,    0,    0,    0,    0,    0,    0,    0,    0,    0,
       0,    0,    0,    0,    0,  -54,  -54,    0,    0,  -30,  -42,    0,  -12,    0,    0,    0,    0,    0,    0,    0,    0,    0,  -38,    0,  -36,  -36,    0,  -30,    0,    0,    0,    0,    0,    0,  -18,    0,    0,  -78,    0,    0,    0,    0,    0,    0,    0,    0,    0,    0,    0,    0,    0,    0,    0,    0,    0,    0,    0,    0,    0,    0,    0,    0,    0,    0,    0,    0,
       0,    0,    0,    0,    0,    0,    0,    0,    0,    0,    0,    0,  -12,    0,   -6,    0,    0,    0,    0,    0,    0,    0,    0,    0,    0,    0,    0,    0,    0,    0,    0,  -18,    0,  -30,    0,    0,    0,    0,    0,    0,    0,    0,    0,    0,    0,    0,    0,    0,    0,    0,    0,    0,    0,    0,    0,    0,    0,    0,    0,    0,    0,    0,    0,    0,    0,    0,
       0,    0,   -6,    0,    0,  -48,  -48,    0,    0,  -24,  -42,    0,  -18,    0,  -12,    0,    0,    0,    0,    0,    0,    0,  -36,    0,  -42,  -42,    0,  -36,    0,    0,    0,    0,    0,    0,  -12,    0,    0,  -54,    0,    0,    0,    0,    0,    0,    0,    0,    0,    0,    0,    0,    0,    0,  -42,    0,    0,    0,    0,    0,    0,    0,    0,    0,    0,    0,    0,    0,
       0,  -24,    0,    0,    0,    0,    0,    0,    0,    0,    0,    0,    0,    0,    0,    0,    0,    0,    0,    0,    0,    0,    0,    0,    0,    0,    0,    0,    0,    0,    0,    0,    0,  -12,    0,    0,    0,    0,    0,    0,    0,    0,    0,    0,    0,    0,    0,    0,    0,    0,    0,    0,    0,    0,    0,    0,    0,    0,    0,  -18,  -12,    0,  -12,    0,    0,    0,
       0,    0,    0,    0,    0,    0,    0,    0,    0,    0,    0,    0,    0,    0,    0,    0,    0,  -36,  -36,    0,  -42,    0,    0,    0,    0,    0,    0,    0,    0,    0,    0,    0,    0,  -12,    0,    0,    0,    0,    0,    0,    0,    0,    0,    0,    0,    0,    0,    0,    0,    0,    0,    0,    0,    0,    0,    0,    0,    0,    0,  -18,    0,    0,  -12,    0,    0,    0,
       0,    0,    0,    0,    0,    0,    0,    0,    0,    0,    0,    0,    0,    0,    0,    0,    0,  -36,  -36,    0,  -36,    0,    0,    0,    0,    0,    0,    0,    0,    0,    0,    0,    0,    0,    0,    0,    0,    0,    0,    0,    0,    0,    0,    0,    0,    0,    0,    0,    0,    0,    0,    0,    0,    0,    0,    0,    0,    0,    0,    0,    0,    0,    0,    0,    0,    0,
       0,   48,    0,   54,   48,    0,    0,    0,    0,    0,    0,    0,    0,    0,    0,    0,    0,    0,    0,    0,    0,    0,    0,    0,    0,    0,    0,    0,    0,    0,    0,    0,    0,    0,    0,    0,    0,    0,   24,   24,    0,    0,    0,    0,    0,    0,    0,    0,    0,    0,    0,    0,    0,    0,    0,    0,    0,    0,    0,    0,    0,    0,    0,    0,    0,    0,
       0,    0,    0,    0,    0,    0,    0,    0,    0,    0,    0,    0,    0,    0,    0,    0,    0,    0,  -12,    0,    0,    0,    0,    0,    0,    0,    0,    0,    0,    0,    0,    0,    0,    0,    0,    0,    0,    0,    0,    0,    0,    0,    0,    0,    0,    0,    0,    0,    0,    0,    0,    0,    0,    0,    0,    0,    0,    0,    0,    0,    0,    0,    0,    0,    0,    0,
       0,    0,    0,    0,    0,    0,    0,    0,    0,    0,    0,    0,    0,    0,    0,    0,    0,    0,    0,    0,    0,    0,    0,    0,  -12,  -12,    0,    0,    0,    0,    0,    0,    0,    0,    0,    0,    0,    0,    0,    0,    0,    0,    0,    0,    0,    0,    0,    0,    0,    0,    0,    0,    0,    0,    0,    0,    0,    0,    0,    0,    0,    0,    0,    0,    0,    0,
       0,    0,    0,    0,   18,  -85,  -85,    0,    0,    0,    0,    0,    0,    0,    0,    0,    0,    0,    0,    0,    0,    0,  -12,    0,    0,    0,    0,    0,    0,    0,    0,    0,    0,    0,    0,    0,    0,    0,    0,    0,    0,    0,    0,    0,    0,    0,    0,    0,    0,    0,    0,    0,    0,    0,    0,    0,    0,    0,    0,    0,    0,    0,    0,    0,    0,    0,
       0,    0,    0,    0,    0,    0,    0,    0,    0,    0,    0,    0,    0,    0,    0,    0,    0,    0,    0,    0,  -36,    0,    0,    0,    0,    0,    0,    0,    0,    0,    0,    0,    0,    0,    0,    0,    0,    0,    0,    0,    0,    0,    0,    0,    0,    0,    0,    0,    0,    0,    0,    0,    0,    0,    0,    0,    0,    0,    0,  -12,    0,    0,    0,    0,    0,    0,
       0,    0,    0,    0,    0,  -30,  -42,    0,    0,    0,  -36,    0,    0,    0,    0,    0,    0,    0,    0,    0,    0,    0,    0,    0,    0,    0,    0,    0,    0,    0,    0,    0,    0,    0,    0,    0,    0,    0,    0,    0,    0,    0,    0,    0,    0,    0,    0,    0,    0,    0,    0,    0,    0,    0,    0,    0,    0,    0,    0,    0,    0,    0,    0,    0,    0,    0,
       0,    0,    0,    0,    0,  -42,  -42,    0,    0,    0,  -18,    0,    0,    0,    0,    0,    0,    0,    0,    0,    0,    0,    0,    0,    0,    0,    0,    0,    0,    0,    0,    0,    0,    0,    0,    0,    0,    0,    0,    0,    0,    0,    0,    0,    0,    0,    0,    0,    0,    0,    0,    0,    0,    0,    0,    0,    0,    0,    0,    0,    0,    0,    0,    0,    0,    0,
       0,    0,    0,    0,    0,  -54,  -54,    0,    0,    0,  -30,    0,    0,    0,    0,    0,    0,    0,    0,    0,    0,    0,    0,    0,    0,    0,    0,    0,    0,    0,    0,    0,    0,    0,    0,    0,    0,    0,    0,    0,    0,    0,    0,    0,    0,    0,    0,    0,    0,    0,    0,    0,    0,    0,    0,    0,    0,    0,    0,    0,    0,    0,    0,    0,    0,    0,
       0,    0,    0,    0,    0,    0,    0,    0,    0,    0,    0,    0,    0,    0,    0,    0,    0,  -18,  -12,    0,  -18,    0,    0,    0,    0,    0,    0,    0,    0,    0,    0,    0,    0,    0,    0,    0,    0,    0,    0,    0,    0,    0,    0,    0,    0,    0,    0,    0,    0,    0,    0,    0,    0,    0,    0,    0,    0,    0,    0,    0,    0,    0,    0,    0,    0,    0,
       0,    0,    0,    0,    0,    0,    0,    0,  -12,    0,    0,    0,    0,    0,    0,  -12,    0,  -30,  -30,    0,  -30,    0,    0,    0,    0,    0,    0,    0,    0,    0,    0,    0,    0,    0,    0,    0,    0,    0,    0,    0,    0,    0,    0,    0,    0,    0,    0,    0,    0,    0,    0,    0,    0,    0,    0,    0,    0,    0,    0,    0,    0,    0,    0,    0,    0,    0,
       0,  -48,    0,    0,  -42,    0,    0,    0,  -36,    0,    0,    0,  -12,    0,    0,  -36,  -12,  -48,  -42,    0,  -42,    0,    0,    0,  -12,  -12,    0,    0,    0,  -12,  -30,  -18,    0,  -30,    0,    0,    0,    0,    0,    0,    0,    0,    0,    0,    0,    0,    0,    0,    0,    0,    0,    0,    0,    0,    0,    0,    0,    0,    0,    0,    0,    0,    0,  -42,    0,    0,
      37,   47,    0,   76,   24,    0,    0,    0,   77,    0,    0,   30,    0,   36,    0,   30,   42,   48,   42,   42,   60,   24,    0,   54,    0,    0,    0,    0,    0,    0,    0,    0,    0,    0,    0,    0,    0,    0,    0,    0,    0,    0,    0,    0,    0,    0,    0,    0,    0,    0,    0,    0,    0,    0,    0,    0,    0,    0,    0,    0,    0,    0,    0,   16,    0,    0,
       0,    0,    0,    0,    0,    0,    0,    0,    0,    0,    0,    0,    0,    0,    0,    0,    0,    0,    0,    0,    0,    0,    0,    0,    0,    0,    0,    0,    0,    0,    0,    0,    0,    0,    0,    0,    0,    0,    0,   36,    0,    0,    0,    0,    0,    0,    0,    0,    0,    0,    0,    0,    0,    0,    0,    0,    0,    0,    0,    0,    0,    0,    0,    0,    0,    0,
      14,   26,    0,   51,    0,    0,    0,    0,   22,    0,    0,    0,    0,    0,    0,    0,    0,    0,    0,    0,    0,    0,    0,   25,    0,    0,    0,    0,    0,    0,    0,    0,    0,    0,    0,    0,    0,    0,    0,    0,    0,    0,    0,    0,    0,    0,    0,    0,    0,    0,    0,    0,    0,    0,    0,    0,    0,    0,    0,    0,    0,    0,    0,    4,    0,    0,
       0,    0,    0,    0,    0,  -12,  -12,   -6,   12,    0,  -24,    0,    0,    0,    0,   12,    0,   12,   12,    0,   12,    0,  -12,    0,  -12,  -12,   -6,  -12,   -6,    0,  -12,  -12,  -12,  -12,    0,    0,    0,    0,    0,    0,    0,    0,    0,    0,    0,    0,    0,    0,    0,    0,    0,    0,    0,    0,    0,    0,    0,    0,    0,    0,    0,    0,    0,    0,    0,    0,
       0,    0,    0,    0,   12,  -12,  -12,    0,    0,    0,    0,    0,    0,    0,    0,    0,    0,    0,    0,    0,    0,    0,    0,    0,    0,    0,   12,    0,   18,   12,   18,   18,    0,   18,    0,    0,    0,    0,    0,    0,    0,    0,    0,    0,    0,    0,    0,    0,    0,    0,    0,    0,    0,    0,    0,    0,    0,    0,    0,    0,    0,    0,    0,    0,    0,    0,
       0,    0,    0,    0,    0,  -12,  -12,   -6,    0,    0,  -36,    0,  -12,    0,    0,    0,    0,    0,    0,    0,    0,    0,  -30,    0,  -30,  -30,  -18,  -36,   -6,  -18,  -12,  -12,    0,  -12,  -18,    0,    0,    0,    0,    0,    0,    0,    0,    0,    0,    0,    0,    0,    0,    0,    0,    0,    0,    0,    0,    0,    0,    0,    0,    0,    0,    0,    0,    0,    0,    0,
       0,    0,    0,    0,   12,   -6,   -6,    0,    0,    0,    0,    0,    0,    0,    0,    0,    0,    0,    0,    0,    0,    0,    0,    0,    0,    0,   12,    0,   18,    0,   18,    0,    0,    0,    0,    0,    0,    0,    0,    0,    0,    0,    0,    0,    0,    0,    0,    0,    0,    0,    0,    0,    0,    0,    0,    0,    0,    0,    0,    0,    0,    0,    0,    0,    0,    0,
       0,  -34,    0,    0,    0,    0,    0,    0,   -2,    0,    0,    0,    0,    0,    0,   -2,    0,    0,    0,    0,    0,    0,    0,    0,    0,    0,    0,    0,    0,    0,    0,    0,    0,    0,    0,    0,    0,    0,    0,    0,    0,  -31,  -24,    0,    0,   -6,  -24,  -18,    0,    0,    0,    0,    0,    0,    0,    0,    0,  -18,    0,    0,    0,    0,    0,  -13,    0,    0,
       0,    0,    0,    0,    0,    0,    0,    0,    0,    0,    0,    0,    0,    0,    0,    0,    0,    0,    0,    0,    0,    0,    0,    0,    0,    0,    0,    0,    0,    0,    0,    0,    0,    0,    0,    0,    0,    0,    0,    0,    0,    0,    0,    0,    0,    0,    0,    0,    0,    0,    0,    0,    0,    0,    0,    0,    0,  -18,    0,    0,    0,    0,    0,    0,    0,    0,
       0,    0,    0,    0,    0,    0,    0,    0,    0,    0,    0,    0,    0,    0,    0,    0,    0,    0,    0,    0,    0,    0,    0,    0,    0,    0,    0,    0,    0,    0,    0,    0,    0,    0,    0,    0,    0,    0,    0,    0,    0,    0,    0,    0,    0,    0,    0,    0,  -33,  -11,    1,    0,    0,    0,    0,    0,    0,    0,    0,    0,    0,    0,    0,    0,    0,    0,
       0,    0,    0,    0,    0,    0,    0,    0,  -10,    0,    0,    0,    0,    0,    0,  -10,    0,    0,    0,    0,    0,    0,    0,    0,    0,    0,    0,    0,    0,    0,    0,    0,    0,    0,    0,    0,    0,    0,    0,    0,  -12,   -6,    0,    0,    0,    0,    0,    0,    0,    0,    0,    0,    0,    0,    0,    0,    0,  -18,    0,  -18,   -6,    0,    0,    0,    0,    0,
       0,    0,    0,    0,    0,    0,    0,    0,    0,    0,    0,    0,    0,    0,    0,    0,    0,    0,    0,    0,    0,    0,    0,    0,    0,    0,    0,    0,    0,    0,    0,    0,    0,    0,    0,    0,    0,    0,    0,    0,    0,    0,    0,    0,    0,    0,    0,    0,    0,    0,    0,    0,    0,    0,    0,    0,    0,  -18,    0,  -18,   -6,    0,    0,    0,    0,    0,
       0,    0,    0,    0,    0,    0,    0,    0,    0,    0,    0,    0,    0,    0,    0,    0,    0,    0,    0,    0,    0,    0,    0,    0,    0,    0,    0,    0,    0,    0,    0,    0,    0,    0,    0,    0,    0,    0,    0,    0,    0,    0,  -18,    0,    0,    0,    0,    0,    0,    0,    0,    0,    0,    0,    0,    0,    0,  -18,    0,  -18,   -6,    0,    0,    0,    0,    0,
       0,    0,    0,    0,    0,    0,    0,    0,    0,    0,    0,    0,    0,    0,    0,    0,    0,    0,    0,    0,    0,    0,    0,    0,    0,    0,    0,    0,    0,    0,    0,    0,    0,    0,    0,    0,    0,    0,    0,    0,    0,    0,   -6,    0,    0,    0,    0,    0,    0,    0,    0,    0,    0,    0,    0,    0,    0,    0,    0,    0,    0,    0,    0,   -2,    0,    0,
       0,    0,    0,    0,    0,  -12,  -12,    0,    0,    0,    0,    0,    0,    0,    0,    0,    0,    0,    0,    0,    0,    0,    0,    0,    0,    0,    0,    0,    0,    0,    0,    0,    0,    0,    0,    0,    0,  -30,    0,    0,    0,    0,    0,    0,    0,    0,    0,    0,    0,    0,    0,    0,  -12,  -12,    0,    0,    0,  -12,    0,  -12,    0,    0,    0,    0,    0,    0,
       0,  -18,    0,    0,  -30,    0,    0,    0,    0,    0,    0,    0,    0,    0,    0,    0,    0,    0,    0,    0,    0,    0,    0,    0,    0,    0,    0,    0,    0,    0,    0,    0,    0,    0,    0,    0,    0,    0,    0,    0,    0,    0,    0,    0,    0,    0,    0,    0,    0,    0,    0,    0,    0,    0,    0,    0,    0,  -18,    0,  -18,  -12,    0,    0,  -18,    0,    0,
       0,    0,    0,    0,    0,    0,    0,    0,    0,    0,    0,    0,    0,    0,    0,    0,    0,    0,    0,    0,    0,    0,    0,    0,    0,    0,    0,    0,    0,    0,    0,    0,    0,    0,    0,    0,    0,    0,    0,    0,    0,    0,    0,    0,    0,    0,    0,    0,    0,    0,    0,    0,    0,    0,    0,    0,    0,    0,    0,  -18,    0,    0,    0,    0,    0,    0,
       0,  -48,    0,    0,  -42,    0,    0,    0,  -36,    0,    0,    0,  -12,    0,    0,  -36,    0,  -48,    0,    0,  -42,    0,    0,    0,  -12,  -12,    0,    0,    0,  -12,    0,  -18,    0,  -30,    0,    0,    0,    0,    0,    0,    0,    0,    0,    0,    0,    0,    0,    0,    0,    0,    0,  -12,    0,    0,    0,    0,    0,  -36,  -24,  -54,  -24,    0,    0,  -42,    0,    0,
       0,    0,    0,    0,    0,    0,    0,    0,    0,    0,    0,    0,  -12,    0,    0,    0,    0,    0,    0,    0,    0,    0,    0,    0,  -12,  -12,    0,    0,    0,  -12,    0,  -18,    0,  -18,    0,    0,    0,    0,    0,    0,    0,    0,    0,    0,  -12,    0,    0,    0,    0,    0,    0,  -12,    0,    0,  -12,  -12,    0,    0,  -18,  -12,  -12,    0,  -12,    0,    0,    0,
       0,    0,    0,    0,    0,  -12,  -12,    0,    0,    0,    0,    0,    0,    0,    0,    0,    0,    0,    0,    0,    0,    0,    0,    0,    0,    0,    0,    0,    0,    0,    0,   -6,    0,  -12,    0,    0,    0,  -18,    0,    0,    0,    0,    0,    0,    0,    0,    0,    0,    0,    0,    0,    0,  -12,  -12,    0,    0,    0,    0,  -12,  -24,    0,    0,    0,    0,    0,    0,
       0,    0,    0,    0,    0,  -60,  -60,    0,    0,    0,    0,    0,  -12,    0,    0,    0,    0,    0,    0,    0,    0,    0,  -36,    0,  -36,  -36,    0,  -24,    0,    0,    0,    0,    0,    0,    0,    0,    0,  -78,    0,    0,    0,    0,    0,    0,    0,    0,    0,    0,    0,    0,    0,  -12,  -60,    0,  -12,  -24,  -18,    0,    0,    0,    0,  -24,    0,    0,    0,    0,
       0,    0,    0,    0,    0,  -54,  -54,    0,    0,    0,    0,    0,    0,    0,    0,    0,    0,    0,    0,    0,    0,    0,    0,    0,    0,    0,    0,    0,    0,    0,    0,    0,    0,    0,    0,    0,    0,    0,    0,    0,    0,    0,    0,    0,    0,    0,    0,    0,    0,    0,    0,    0,    0,    0,    0,    0,    0,    0,    0,    0,    0,    0,    0,    0,    0,    0,
       0,    0,    0,    0,    0,  -72,  -72,    0,    0,    0,    0,    0,    0,    0,    0,    0,    0,    0,    0,    0,    0,    0,    0,    0,    0,    0,    0,    0,    0,    0,    0,    0,    0,    0,    0,    0,    0,  -48,    0,    0,    0,    0,    0,    0,    0,    0,    0,    0,    0,    0,    0,    0,  -30,    0,    0,    0,    0,    0,    0,    0,    0,    0,    0,    0,    0,    0,
       0,    0,    0,    0,    0,  -54,  -54,    0,    0,    0,    0,    0,  -12,    0,    0,    0,    0,    0,    0,    0,    0,    0,  -18,    0,  -18,  -18,    0,   -6,    0,    0,    0,    0,    0,    0,    0,    0,    0,  -48,    0,    0,    0,    0,    0,  -12,    0,    0,    0,    0,    0,    0,    0,  -12,  -36,    0,    0,  -18,  -18,    0,    0,    0,    0,  -18,    0,    0,    0,    0,
       0,    0,    0,    0,   18,  -42,  -42,    0,    0,    0,    0,    0,    0,    0,    0,    0,    0,    0,    0,    0,    0,    0,    0,    0,    0,    0,    0,    0,    0,    0,    0,    0,    0,    0,    0,    0,    0,    0,    0,    0,    0,    0,    0,    0,    0,    0,    0,    0,    0,    0,    0,    0,  -18,    0,    0,    0,    0,    0,    0,    0,    0,    0,    0,    0,    0,    0,
       0,  -36,    0,    0,  -42,    0,    0,    0,  -42,    0,    0,    0,    0,    0,    0,  -42,    0,    0,    0,    0,    0,    0,    0,    0,    0,    0,    0,    0,    0,    0,    0,    0,    0,    0,    0,    0,    0,    0,    0,    0,    0,    0,    0,    0,    0,    0,    0,    0,    0,    0,    0,    0,    0,    0,    0,    0,    0,  -42,    0,  -42,    0,    0,  -18,    0,    0,    0,
       0,    0,    0,    0,    0,    0,    0,    0,    0,    0,    0,    0,    0,    0,    0,    0,    0,    0,    0,    0,    0,    0,    0,    0,  -12,  -12,    0,    0,    0,    0,    0,    0,    0,    0,    0,    0,    0,    0,    0,    0,    0,    0,    0,    0,    0,    0,    0,    0,    0,    0,    0,    0,    0,    0,    0,  -12,    0,    0,    0,    0,    0,  -12,    0,    0,    0,    0,
       0,    0,    0,   12,    0,    0,    0,    0,    0,    0,    0,    0,    0,    0,    0,    0,    0,    0,    0,    0,    0,    0,    0,    0,    0,    0,    0,    0,    0,    0,    0,    0,    0,    0,    0,    0,    0,    0,    0,    0,    0,    0,    0,    0,    0,    0,    0,    0,    0,    0,    0,    0,    0,    0,    0,    0,    0,    0,    0,    0,    0,    0,    0,    0,    0,    0,
       0,    0,    0,    0,    0,    0,    0,    0,    0,    0,    0,    0,  -12,    0,    0,    0,    0,    0,    0,    0,    0,    0,    0,    0,  -12,  -12,    0,    0,    0,  -12,    0,  -18,    0,  -30,    0,    0,    0,    0,    0,    0,    0,    0,    0,    0,    0,    0,    0,    0,    0,    0,    0,  -12,    0,    0,  -12,    0,    0,    0,  -24,  -12,    0,    0,  -18,    0,    0,    0,
       0,    0,    0,    0,    0,    0,    0,    0,    0,    0,    0,    0,    0,    0,    0,    0,    0,    0,    0,    0,    0,    0,    0,    0,    0,    0,    0,    0,    0,    0,    0,    0,    0,    0,    0,    0,    0,    0,    0,    0,    0,    0,    0,    0,    0,    0,    0,    0,    0,    0,    0,    0,    0,    0,    0,    0,    0,    0,  -12,    0,    0,    0,    0,    0,    0,    0,
       0,    0,    0,    0,    0,    0,    0,    0,    0,    0,  -42,    0,    0,    0,    0,    0,    0,    0,    0,    0,    0,    0,    0,    0,    0,    0,    0,    0,    0,    0,    0,    0,    0,    0,    0,    0,    0,  -84,    0,    0,    0,    0,    0,    0,    0,    0,    0,    0,    0,    0,    0,    0,  -42,    0,    0,    0,    0,    0,    0,    0,    0,    0,    0,    0,    0,    0,
       0,    0,    0,    0,    0,    0,    0,    0,    0,    0,  -60,    0,  -12,    0,    0,    0,    0,    0,    0,    0,    0,    0,  -18,    0,  -24,  -24,    0,  -30,    0,    0,    0,    0,    0,    0,    0,    0,    0,    0,    0,    6,    0,    0,    0,    0,    0,    0,    0,    0,    0,    0,    0,    0,    0,    0,    0,    0,    0,    0,    0,    0,    0,    0,    0,    0,    0,    0,
       0,    0,    0,    0,    0,    0,    0,    0,    0,    0,    0,    0,    0,    0,    0,    0,    0,    0,    0,    0,    0,    0,    0,    0,    0,    0,    0,    0,    0,    0,    0,    0,    0,    0,    0,    0,    0,    0,    0,    0,    0,    0,    0,    0,    0,    0,    0,    0,    0,    0,    0,    0,    0,    0,    0,    0,    0,    0,    0,    0,    0,    0,    0,    0,   47,    0,
       0,    0,    0,    0,    0,    0,    0,    0,    0,    0,    0,    0,    0,    0,    0,    0,    0,    0,    0,    0,    0,    0,    0,    0,    0,    0,    0,    0,    0,    0,    0,    0,    0,    0,    0,    0,    0,    0,    0,    0,    0,    0,    0,    0,    0,    0,    0,    0,    0,    0,    0,    0,    0,    0,    0,    0,    0,    0,    0,    0,    0,    0,    0,    0,    0,   47,
};

static const EpdLigaturePair notoserif_18_boldLigaturePairs[] = {
    { 0x00660066, 0xFB00 }, // f f -> U+FB00
    { 0x00660069, 0xFB01 }, // f i -> U+FB01
    { 0x0066006C, 0xFB02 }, // f l -> U+FB02
    { 0xFB000069, 0xFB03 }, // U+FB00 i -> U+FB03
    { 0xFB00006C, 0xFB04 }, // U+FB00 l -> U+FB04
};

static const EpdFontData notoserif_18_bold = {
    notoserif_18_boldBitmaps,
    notoserif_18_boldGlyphs,
    notoserif_18_boldIntervals,
    18,
    51,
    41,
    -11,
    true,
    notoserif_18_boldGroups,
    28,
    nullptr,
    notoserif_18_boldKernLeftClasses,
    notoserif_18_boldKernRightClasses,
    notoserif_18_boldKernMatrix,
    381,
    449,
    70,
    66,
    notoserif_18_boldLigaturePairs,
    5,
};
