/**
 * generated by fontconvert.py
 * name: notosans_16_bolditalic
 * size: 16
 * mode: 2-bit  compressed: true
 * Command used: fontconvert.py notosans_16_bolditalic 16 ../builtinFonts/source/NotoSans/NotoSans-BoldItalic.ttf --2bit --compress --pnum --zopfli
 */
#pragma once
#include "EpdFontData.h"

static const uint8_t notosans_16_bolditalicBitmaps[47270] = {
    0x95, 0x99, 0x01, 0xC4, 0x25, 0x59, 0x76, 0xC7, 0x6F, 0xBD, 0xB7, 0x3D, 0x8F, 0x2D, 0x52, 0x8B,
    0xED, 0x44, 0xA6, 0x49, 0x05, 0x01, 0x0D, 0x05, 0x00, 0xD6, 0xAD, 0x4C, 0x03, 0x16, 0xD3, 0x98,
    0x2F, 0x49, 0x2C, 0x1A, 0x02, 0x11, 0x7C, 0x00, 0x02, 0xAA, 0xB2, 0x41, 0x10, 0x64, 0x44, 0x02,
    0x82, 0x09, 0x82, 0x4C, 0x07, 0x0D, 0x81, 0x60, 0xF6, 0xD6, 0x64, 0x30, 0x08, 0xB6, 0x76, 0xC7,
    0x0A, 0x16, 0x53, 0x93, 0x9D, 0x64, 0xEC, 0x0C, 0xBA, 0xB2, 0xA9, 0x9D, 0xA9, 0xEE, 0xAD, 0xAA,
    0x93, 0xFF, 0xCF, 0xAD, 0xFB, 0xFA, 0xF9, 0xFA, 0x9B, 0xB1, 0x53, 0xFD, 0xEE, 0xEF, 0xF6, 0xAB,
    0xAA, 0x7B, 0xCF, 0xB9, 0xE7, 0x9C, 0x77, 0xCE, 0xAD, 0xFA, 0x9C, 0x9F, 0x5C, 0xA3, 0xCF, 0xE8,
    0xC2, 0xE0, 0xAC, 0x77, 0xD6, 0xE9, 0x93, 0x59, 0x9B, 0x59, 0x7D, 0x30, 0x77, 0xD4, 0x67, 0x73,
    0xC7, 0xD5, 0x9D, 0x16, 0x3E, 0xF9, 0xEC, 0xB2, 0x87, 0x2E, 0x1E, 0xE5, 0xE0, 0xBC, 0x06, 0xF1,
    0x71, 0xBE, 0x77, 0x77, 0x38, 0x63, 0x75, 0x35, 0x98, 0xF3, 0x3F, 0x52, 0x7B, 0x77, 0x73, 0xFE,
    0xFB, 0xAB, 0x6B, 0x5E, 0x5B, 0x5C, 0x73, 0x9C, 0x5D, 0x38, 0x4E, 0xEE, 0x9D, 0xE3, 0xA8, 0x71,
    0x55, 0xFB, 0x8E, 0xE8, 0xDB, 0x15, 0xFE, 0xFE, 0x22, 0x86, 0x03, 0xDC, 0x8E, 0x93, 0xB8, 0x9E,
    0x74, 0x4F, 0xB6, 0xE6, 0xA3, 0x3B, 0x99, 0x8E, 0xE1, 0x82, 0xBD, 0xCB, 0x27, 0xDF, 0x39, 0x57,
    0x0C, 0xBE, 0x16, 0xFB, 0x06, 0x25, 0xBA, 0xA0, 0x59, 0xB8, 0xBA, 0xB3, 0x11, 0x36, 0x77, 0x37,
    0xFC, 0xE1, 0xFA, 0x86, 0x73, 0x76, 0x31, 0xE5, 0x92, 0x8B, 0x87, 0xA5, 0x18, 0x9C, 0x3B, 0xCE,
    0x45, 0x2F, 0x4E, 0x55, 0xE7, 0x38, 0x58, 0x50, 0x36, 0x0A, 0x87, 0x41, 0xB8, 0x7E, 0xE6, 0x5C,
    0x6E, 0xA6, 0x35, 0x01, 0xC4, 0x66, 0xF6, 0xE1, 0x3F, 0x74, 0x07, 0x7B, 0xBD, 0x76, 0x07, 0x2B,
    0x9C, 0xF0, 0x96, 0xEE, 0x97, 0x10, 0xCD, 0x6F, 0x2D, 0xD2, 0x27, 0x46, 0xF0, 0x3D, 0x58, 0x2D,
    0x70, 0xF2, 0x97, 0xA6, 0xB9, 0x47, 0xEB, 0x7E, 0x2F, 0xFB, 0x5F, 0x6B, 0xFD, 0xDF, 0x7E, 0x61,
    0xB5, 0xDF, 0x75, 0x5C, 0x5C, 0xA5, 0x05, 0x49, 0xCE, 0xCF, 0x9D, 0x86, 0xB5, 0x42, 0x51, 0x03,
    0xF7, 0xE2, 0xA8, 0x34, 0xE1, 0x0F, 0x24, 0x62, 0x95, 0x21, 0xE4, 0x01, 0x73, 0xA7, 0xD9, 0x15,
    0xAB, 0xB9, 0x62, 0xD4, 0x27, 0xD4, 0x52, 0xBB, 0x1A, 0x42, 0xDD, 0xD4, 0x32, 0xBB, 0xD5, 0x92,
    0xEB, 0x3B, 0x3B, 0x2E, 0x74, 0xA6, 0x35, 0x62, 0xF9, 0xB2, 0x7F, 0xDB, 0xF9, 0xF7, 0x56, 0xFF,
    0xD7, 0xD6, 0xF9, 0xA7, 0x8B, 0x79, 0x1B, 0x2A, 0xFB, 0xC5, 0x12, 0x6C, 0x2C, 0xEC, 0xFD, 0xC9,
    0x5E, 0x9F, 0xB2, 0x7F, 0x2B, 0x3E, 0xDA, 0x72, 0x49, 0xF1, 0xFF, 0xBE, 0xD2, 0x85, 0xE3, 0x52,
    0x8C, 0x12, 0x46, 0x27, 0xEB, 0x1C, 0x97, 0x12, 0x49, 0xC7, 0xA5, 0xEA, 0x5D, 0xD5, 0x1F, 0x97,
    0xA6, 0x73, 0x4D, 0x2B, 0x3D, 0x6A, 0x67, 0x8E, 0x85, 0x23, 0x4C, 0x21, 0xC3, 0x91, 0x81, 0x78,
    0x84, 0x59, 0x90, 0xA3, 0xF0, 0x8D, 0xB1, 0x7C, 0xBF, 0x59, 0x2F, 0x0E, 0x7E, 0xD0, 0xED, 0x5D,
    0x64, 0xD3, 0x43, 0xE3, 0xEA, 0x27, 0x56, 0x8B, 0xB6, 0xE2, 0x45, 0x63, 0xB6, 0x46, 0xD1, 0x33,
    0x4A, 0x8C, 0x86, 0x30, 0x41, 0xE8, 0xFC, 0x62, 0x83, 0xB5, 0xCD, 0xE8, 0xBF, 0x30, 0x17, 0xFA,
    0x52, 0xB7, 0x5A, 0x9F, 0xDB, 0x22, 0x1E, 0x71, 0xCD, 0x78, 0xD2, 0xFC, 0xC1, 0x76, 0x5F, 0xE9,
    0x7C, 0x69, 0xF6, 0x74, 0x95, 0x7F, 0xB6, 0xDC, 0x9C, 0xBB, 0x53, 0x33, 0xF1, 0x50, 0x0D, 0xBE,
    0xF7, 0x9D, 0x6F, 0x9B, 0xBA, 0x71, 0xC1, 0x11, 0x79, 0xA1, 0x26, 0xA4, 0x09, 0x65, 0x57, 0x62,
    0x2E, 0x69, 0x64, 0xAD, 0xD6, 0xE5, 0x38, 0x4D, 0x90, 0xBB, 0x62, 0xBF, 0x54, 0x71, 0x79, 0xE0,
    0x16, 0x94, 0xD6, 0x48, 0x5A, 0x1B, 0x9B, 0x5D, 0xB4, 0x74, 0x8E, 0x7B, 0xFC, 0xDE, 0x64, 0x3A,
    0xFC, 0x45, 0x7B, 0xF1, 0x93, 0xC1, 0x70, 0x19, 0x81, 0x62, 0xA9, 0xD5, 0xE7, 0x91, 0xB4, 0xCB,
    0x19, 0x2E, 0xCF, 0x21, 0x19, 0x49, 0xDC, 0x8F, 0xA2, 0x07, 0x94, 0x5D, 0xCF, 0xCA, 0xA6, 0x75,
    0x70, 0x5B, 0xB6, 0x5F, 0xE2, 0x74, 0x25, 0xDD, 0xEF, 0xD6, 0x29, 0xC4, 0x19, 0x1C, 0xA5, 0x3A,
    0xA9, 0xF0, 0x1B, 0x6E, 0xC5, 0x3C, 0x84, 0x8D, 0xCD, 0x59, 0x5D, 0x19, 0x2E, 0x6B, 0x08, 0xE8,
    0x12, 0x84, 0xF5, 0x37, 0xEB, 0x83, 0x05, 0x99, 0x69, 0x69, 0x84, 0xD9, 0xCB, 0x42, 0x23, 0x5A,
    0xD5, 0x2C, 0xCC, 0x7D, 0x83, 0xC5, 0xCC, 0x5F, 0x81, 0xFB, 0xFF, 0xB2, 0x3D, 0x6E, 0x3D, 0x93,
    0xBE, 0xC0, 0x57, 0x8E, 0xC0, 0x4A, 0x2C, 0xAC, 0x3E, 0x2A, 0xDC, 0x57, 0x89, 0x75, 0xC5, 0xC4,
    0xBA, 0x3C, 0xB1, 0xE7, 0xEE, 0x6A, 0x31, 0x36, 0x2A, 0x8E, 0xBD, 0xF5, 0x8D, 0xBC, 0xCE, 0x51,
    0xF6, 0xCD, 0x18, 0xF4, 0xAF, 0xE9, 0xEF, 0x38, 0xBE, 0x4E, 0x02, 0xDE, 0xC2, 0x60, 0x58, 0x8B,
    0xD9, 0x5C, 0x74, 0x2A, 0xD3, 0x39, 0x26, 0xC4, 0xA7, 0xDC, 0xD1, 0xEF, 0x77, 0x64, 0x5F, 0x76,
    0x87, 0xE7, 0x0E, 0xEB, 0xB8, 0xA3, 0x8E, 0x77, 0x60, 0x6C, 0xCC, 0x7A, 0x79, 0xC7, 0xE5, 0x91,
    0x85, 0x94, 0x06, 0xBC, 0x69, 0x0C, 0x0B, 0xCE, 0xAC, 0x27, 0x54, 0xEB, 0xD0, 0xE7, 0x9B, 0x6B,
    0x86, 0x62, 0x15, 0xCA, 0x45, 0xA8, 0x66, 0xC1, 0x4F, 0x0A, 0x6A, 0x3F, 0x46, 0x58, 0xD7, 0x80,
    0x66, 0xC8, 0xC0, 0x41, 0x51, 0x3F, 0x68, 0x60, 0xA3, 0xC4, 0x17, 0x07, 0xFA, 0xB1, 0x5A, 0x98,
    0x78, 0xC2, 0x3D, 0x3D, 0x09, 0x8A, 0x48, 0x40, 0x19, 0x16, 0xEF, 0x70, 0xB5, 0xA4, 0xB9, 0x42,
    0x2D, 0x58, 0x77, 0x92, 0xF0, 0x4A, 0x6E, 0xF4, 0xAB, 0xD5, 0xD5, 0x7F, 0x99, 0x2B, 0x64, 0x54,
    0x47, 0x3B, 0x11, 0xF8, 0xAB, 0x1A, 0x81, 0x93, 0x82, 0x47, 0x8D, 0x8C, 0x23, 0x2D, 0x68, 0x92,
    0x17, 0x0D, 0x14, 0xD4, 0xAC, 0x8B, 0x2D, 0x1E, 0x81, 0xD1, 0x38, 0x32, 0xA5, 0xC6, 0x49, 0x56,
    0x68, 0x66, 0xF7, 0x3B, 0xAE, 0x5C, 0x14, 0x12, 0x4C, 0xC8, 0x6C, 0x4C, 0x27, 0x34, 0xA3, 0x60,
    0x3D, 0x82, 0x5B, 0x49, 0xC2, 0x84, 0x7E, 0xC6, 0xA0, 0x83, 0xF4, 0xC0, 0xAA, 0xD5, 0xCA, 0x9C,
    0x64, 0x65, 0x44, 0x14, 0x31, 0x1D, 0x98, 0x96, 0x2E, 0xD4, 0xC0, 0x05, 0x10, 0x8F, 0x57, 0x58,
    0xAC, 0x4E, 0x6A, 0x3C, 0x1A, 0x08, 0xBD, 0xFB, 0x8E, 0xD3, 0x5C, 0xDF, 0x42, 0x10, 0x5A, 0x83,
    0xE4, 0xB5, 0x7B, 0x9A, 0xAC, 0xB4, 0x85, 0xA8, 0x79, 0x93, 0x59, 0x07, 0x45, 0x64, 0x58, 0x1C,
    0x82, 0x71, 0xB8, 0x40, 0xA8, 0x81, 0xF8, 0x75, 0x70, 0xE5, 0xE6, 0xEC, 0x33, 0x8D, 0x60, 0x55,
    0x71, 0xF6, 0x6B, 0x43, 0xBF, 0xBB, 0x6A, 0x69, 0x59, 0x0D, 0xB0, 0x89, 0x11, 0x12, 0x99, 0x83,
    0x0A, 0x34, 0x86, 0xF5, 0x25, 0xFC, 0xB8, 0x36, 0x9D, 0x6C, 0x1A, 0x3A, 0x85, 0x08, 0x3F, 0xA2,
    0x8E, 0x32, 0xAA, 0x08, 0x3A, 0xAD, 0x12, 0x54, 0x4C, 0x12, 0x54, 0x31, 0xBF, 0x17, 0x46, 0x0F,
    0x1A, 0x80, 0x2B, 0x52, 0x68, 0x95, 0x2F, 0x22, 0x90, 0xF3, 0x5C, 0x2D, 0x41, 0x05, 0x3C, 0x85,
    0xC3, 0xFF, 0xF7, 0x55, 0xAD, 0x99, 0xD1, 0x04, 0xB0, 0x8A, 0x2C, 0xAE, 0xC7, 0x5A, 0x8A, 0xC5,
    0x0C, 0x56, 0xA0, 0xB3, 0x75, 0xCE, 0xF5, 0x23, 0x38, 0x24, 0xE8, 0x6B, 0x34, 0xC4, 0xBF, 0xBA,
    0x6A, 0xC3, 0xC4, 0x0B, 0x98, 0x80, 0xF4, 0xBE, 0x5C, 0x34, 0x47, 0x65, 0xBD, 0x46, 0x09, 0x25,
    0x97, 0x1B, 0x60, 0x13, 0x13, 0xB5, 0x31, 0x9A, 0x76, 0xAF, 0x4F, 0xFC, 0x42, 0x7F, 0x81, 0x7A,
    0x4F, 0x35, 0x9F, 0x47, 0x83, 0x66, 0xBB, 0xD6, 0xF4, 0x93, 0x04, 0x85, 0xE1, 0x28, 0x74, 0x82,
    0x81, 0xD0, 0x9D, 0x36, 0x81, 0x9F, 0x03, 0x51, 0xED, 0x37, 0x9B, 0x62, 0x4D, 0xCC, 0x59, 0x42,
    0x86, 0x06, 0x44, 0x35, 0x62, 0x6D, 0x39, 0x26, 0xCC, 0x27, 0x61, 0xCA, 0xAE, 0xAE, 0x42, 0x8A,
    0x2B, 0x74, 0x88, 0x8B, 0x29, 0x18, 0x52, 0x2E, 0x82, 0x9F, 0x84, 0x30, 0x60, 0x93, 0x6E, 0x8F,
    0xBC, 0xFC, 0x7C, 0x87, 0x84, 0xA5, 0xB0, 0x1C, 0x18, 0xCE, 0x1D, 0xB1, 0x5C, 0x9D, 0x87, 0xCF,
    0x2E, 0x1D, 0xFC, 0xBA, 0x58, 0x74, 0xCD, 0x6A, 0xB4, 0xE8, 0xE7, 0x36, 0x64, 0x14, 0x23, 0x79,
    0xD2, 0x03, 0x3F, 0xC8, 0x98, 0xF2, 0xB9, 0xBD, 0xAB, 0xAB, 0xE1, 0x57, 0xA6, 0xC1, 0x71, 0x44,
    0x4F, 0x88, 0x8E, 0x12, 0xAB, 0x80, 0x2B, 0xD7, 0x7C, 0xD3, 0xED, 0x52, 0xB2, 0xE9, 0x0F, 0x24,
    0x82, 0x0C, 0x68, 0x74, 0xC3, 0x39, 0xBF, 0xCA, 0x42, 0x15, 0x0E, 0x60, 0xC3, 0xC1, 0x30, 0x9C,
    0xA9, 0x16, 0x8F, 0x13, 0x5A, 0x7A, 0xA2, 0x18, 0x5F, 0x62, 0x83, 0xFA, 0x64, 0xD2, 0x5A, 0x16,
    0x17, 0x66, 0xA1, 0x9C, 0x84, 0xEA, 0x05, 0xE6, 0xA3, 0xCE, 0x6D, 0x8F, 0x74, 0x95, 0xDF, 0xD1,
    0xC9, 0x36, 0xF6, 0x70, 0x9F, 0x4B, 0xB5, 0x57, 0x1F, 0x08, 0x17, 0xFE, 0xAA, 0xF8, 0x21, 0x12,
    0x51, 0xC1, 0xFA, 0x98, 0xAF, 0x90, 0x23, 0xF4, 0xA9, 0x5A, 0xFD, 0x36, 0xF1, 0x75, 0xD8, 0x3F,
    0xAD, 0x63, 0xE4, 0xED, 0x47, 0xD9, 0x63, 0xD2, 0xC0, 0x87, 0xDF, 0x1F, 0x8E, 0xCB, 0xDE, 0x44,
    0x4A, 0xC5, 0x07, 0x49, 0x6C, 0xB9, 0xBE, 0xF4, 0x60, 0x8F, 0xB9, 0x91, 0xF1, 0xB5, 0xA0, 0x72,
    0x24, 0x8F, 0x91, 0xF1, 0xEB, 0x14, 0x82, 0xAD, 0x5A, 0xDE, 0x09, 0x41, 0xC8, 0x4D, 0x08, 0x5B,
    0xAD, 0xFF, 0x0C, 0x29, 0x1B, 0x61, 0xA2, 0x35, 0x39, 0xDE, 0xDB, 0x9B, 0x98, 0x8D, 0xEF, 0x55,
    0x74, 0x31, 0x16, 0x2D, 0x19, 0x96, 0x85, 0x2E, 0x4D, 0xE5, 0xEA, 0xFB, 0x8F, 0x1F, 0xBF, 0x5C,
    0x9D, 0xCE, 0xC7, 0xDD, 0xAB, 0xAB, 0xAB, 0xFA, 0xB6, 0xAB, 0xDF, 0x02, 0xDF, 0x01, 0xBE, 0x07,
    0xC8, 0xC1, 0xDF, 0x7B, 0xCC, 0xDE, 0x33, 0xCE, 0x86, 0xD5, 0xED, 0x9A, 0x1E, 0x40, 0x63, 0xAD,
    0xBE, 0xCD, 0x92, 0x6F, 0xAD, 0x94, 0x22, 0xCF, 0x6E, 0xB5, 0x30, 0x30, 0xD5, 0x79, 0x52, 0x8E,
    0x4C, 0x23, 0xCB, 0x28, 0x6F, 0x50, 0x3F, 0x16, 0xAD, 0x9F, 0xBE, 0x41, 0x42, 0x48, 0xD9, 0x39,
    0x23, 0xF1, 0x5B, 0xAB, 0x09, 0xC8, 0x42, 0x4C, 0x7F, 0xDE, 0xB1, 0xE4, 0xF3, 0x0D, 0xA7, 0x0C,
    0x7B, 0x2E, 0x9F, 0xD4, 0xE2, 0xE6, 0x00, 0xCF, 0x70, 0xFC, 0xD9, 0xCF, 0x61, 0x69, 0xA8, 0x42,
    0x2E, 0xDD, 0x88, 0xFF, 0xBF, 0xFF, 0x1E, 0x59, 0x9D, 0x9B, 0x07, 0x67, 0x64, 0xEB, 0xF1, 0xB0,
    0xB9, 0x3B, 0x0F, 0x4F, 0xF3, 0x69, 0xD6, 0x3D, 0x0F, 0xB4, 0x2D, 0x54, 0x44, 0xBD, 0xB6, 0x94,
    0xBD, 0x7F, 0x6E, 0xD9, 0x52, 0x75, 0xA1, 0x0D, 0xD9, 0xE2, 0x5B, 0x73, 0x9B, 0xBA, 0xD7, 0x56,
    0xB7, 0x1E, 0x96, 0xE6, 0xC1, 0x92, 0x2D, 0xDA, 0x2B, 0xB2, 0x7D, 0x3C, 0xCE, 0x74, 0x73, 0x3E,
    0xAA, 0x2B, 0xE6, 0x72, 0x68, 0x1E, 0x6C, 0xD7, 0x6B, 0xE8, 0xFC, 0xF7, 0x6D, 0x93, 0x47, 0x7C,
    0x17, 0x26, 0xB6, 0xC1, 0xFD, 0xAB, 0xED, 0xAB, 0x8A, 0x94, 0xD1, 0x71, 0xE4, 0x2B, 0x54, 0x94,
    0xF7, 0xD9, 0x0F, 0xB0, 0xA2, 0x14, 0x8B, 0x6A, 0x72, 0x3E, 0x0B, 0x9B, 0x1C, 0xFB, 0xE2, 0x08,
    0x13, 0x94, 0x55, 0x31, 0x72, 0x4C, 0xEB, 0xB0, 0xF8, 0x15, 0x2C, 0xBF, 0x80, 0xFE, 0x67, 0xB0,
    0xF9, 0x80, 0xE1, 0xF6, 0x9E, 0x98, 0xD9, 0x03, 0xF1, 0x68, 0x98, 0x4C, 0xF9, 0x98, 0x65, 0x2F,
    0x07, 0x23, 0x75, 0x41, 0x9C, 0x8C, 0x54, 0x68, 0xF0, 0x00, 0xEB, 0xA3, 0x5D, 0xFD, 0x81, 0xD5,
    0xE8, 0x66, 0x75, 0xB1, 0x88, 0x6D, 0x35, 0x41, 0x3F, 0x8A, 0xDD, 0x5E, 0x21, 0x0B, 0x7B, 0x5E,
    0x27, 0x8B, 0x56, 0x52, 0x38, 0xCD, 0xE6, 0x7F, 0xF9, 0xC8, 0x6A, 0x7E, 0xFD, 0x62, 0x33, 0xC0,
    0xD0, 0x1F, 0x99, 0x5F, 0xF9, 0x4F, 0xFC, 0xC9, 0xF5, 0x82, 0x03, 0x6C, 0x80, 0x1B, 0x2B, 0x89,
    0x19, 0xFC, 0xB1, 0x8D, 0x22, 0xDE, 0xD0, 0x6D, 0xE5, 0x2C, 0xCB, 0x40, 0x49, 0x8F, 0xF4, 0x93,
    0x98, 0x51, 0x17, 0x18, 0x8B, 0x40, 0x42, 0x22, 0x89, 0xBD, 0x30, 0x53, 0x69, 0x1F, 0x47, 0x0F,
    0xD7, 0xAE, 0x80, 0x69, 0x8D, 0x5B, 0xF6, 0x0E, 0x45, 0x58, 0x05, 0x5B, 0xD9, 0x22, 0x95, 0x44,
    0xEA, 0x33, 0x5C, 0x52, 0xB1, 0x23, 0xEA, 0xA0, 0x8F, 0x1C, 0x6F, 0x30, 0x9D, 0x8F, 0x77, 0x32,
    0x8A, 0x02, 0x7E, 0x2F, 0x89, 0x3A, 0x1A, 0x74, 0x91, 0x95, 0x3D, 0xE3, 0xFA, 0x1B, 0xF1, 0x26,
    0xC2, 0xAF, 0x44, 0xF3, 0x98, 0xF9, 0xCE, 0xB6, 0xBA, 0x66, 0x19, 0x23, 0x2A, 0x29, 0x06, 0x45,
    0x19, 0xD7, 0xFA, 0xF4, 0x1F, 0x71, 0xC8, 0x76, 0xB6, 0x3A, 0x43, 0x1D, 0xB3, 0xDD, 0x98, 0x62,
    0x86, 0x49, 0xC9, 0xF6, 0xB2, 0xD5, 0xC9, 0x48, 0xF6, 0xE5, 0xC6, 0x5A, 0x9A, 0x45, 0xFC, 0xAD,
    0xB8, 0x69, 0xD2, 0x64, 0x55, 0x32, 0xC3, 0xEC, 0xC4, 0xAD, 0x46, 0x1F, 0x74, 0x28, 0x41, 0xC5,
    0x69, 0xAE, 0x49, 0x97, 0xAB, 0x87, 0xCE, 0xA7, 0x4D, 0x05, 0xF2, 0x11, 0x03, 0x7E, 0x72, 0x55,
    0x67, 0xD8, 0x1B, 0xD4, 0xF8, 0x0B, 0x77, 0x3D, 0x16, 0x52, 0x72, 0x25, 0x52, 0x24, 0x1E, 0x2C,
    0x09, 0x37, 0x66, 0x17, 0xA6, 0xDB, 0xE4, 0x4E, 0x5F, 0x21, 0x57, 0xC8, 0xEC, 0xD3, 0xC7, 0x82,
    0x44, 0x46, 0xB9, 0xBB, 0xF0, 0xB7, 0x2F, 0xE5, 0x26, 0x91, 0x37, 0x77, 0x62, 0x7E, 0x4C, 0x48,
    0xC7, 0x3D, 0x5C, 0x92, 0xC5, 0x67, 0x6A, 0xB1, 0x8B, 0x61, 0x44, 0x6E, 0xBD, 0xD6, 0xE9, 0xC9,
    0x65, 0xE7, 0xD8, 0xA8, 0x6F, 0xC6, 0xC6, 0xE2, 0xAE, 0xAE, 0x1C, 0x95, 0xC6, 0x6A, 0x3F, 0x89,
    0x9A, 0x38, 0xF2, 0x95, 0x27, 0x9B, 0x28, 0x55, 0x62, 0x88, 0x2A, 0x36, 0x60, 0xB5, 0x40, 0xC5,
    0x46, 0x35, 0x23, 0x4A, 0x73, 0xA3, 0xBA, 0x74, 0x89, 0x2C, 0xA3, 0x1B, 0xC8, 0xF6, 0x54, 0x80,
    0x53, 0x8A, 0xF5, 0x2A, 0x4E, 0x11, 0x39, 0xEA, 0x24, 0xD4, 0xC9, 0x26, 0xBE, 0x74, 0xE8, 0x61,
    0x0C, 0x15, 0xD9, 0x85, 0xA8, 0x60, 0x2D, 0x90, 0x72, 0x05, 0x8F, 0xB0, 0x3D, 0x62, 0xAE, 0x9A,
    0xD8, 0xE0, 0x57, 0x2C, 0xE2, 0x1C, 0xB8, 0xC8, 0x6E, 0x30, 0xBF, 0x21, 0x70, 0x3C, 0x0B, 0x8C,
    0xCF, 0xA6, 0xB4, 0x06, 0x2F, 0xD9, 0xC7, 0xB7, 0x6F, 0xA0, 0x97, 0x97, 0x36, 0xD0, 0x34, 0x14,
    0xBB, 0xDC, 0x40, 0x13, 0xB5, 0xD4, 0x2A, 0xA6, 0x0A, 0x6A, 0xF8, 0x7C, 0x2F, 0x6A, 0x97, 0x2E,
    0x6E, 0x2F, 0x76, 0x68, 0x11, 0xA7, 0xCB, 0xD0, 0x7A, 0xD9, 0xBB, 0xC0, 0x27, 0x17, 0x7F, 0x45,
    0xEC, 0xBC, 0x3C, 0x7B, 0x2E, 0x7C, 0xFB, 0x7A, 0xDD, 0x37, 0x18, 0x8D, 0x8D, 0x40, 0xA3, 0xFC,
    0x33, 0x97, 0x0E, 0xF9, 0xA3, 0x5A, 0x10, 0xD4, 0x4C, 0x5A, 0x1F, 0x29, 0x03, 0x57, 0xB7, 0x62,
    0x61, 0x54, 0x30, 0xCF, 0xC0, 0x3E, 0x68, 0x64, 0xF8, 0x11, 0x43, 0xED, 0x7D, 0x66, 0xB7, 0x1F,
    0x6E, 0x08, 0x7B, 0x32, 0x43, 0xA6, 0x3D, 0x40, 0xBC, 0x3E, 0xC3, 0xA7, 0x0B, 0xEB, 0x29, 0x30,
    0x21, 0x7B, 0x23, 0x2D, 0xE6, 0x64, 0x50, 0x0E, 0x12, 0x55, 0xD3, 0x10, 0x28, 0xB2, 0xA1, 0x41,
    0xA0, 0x6B, 0x46, 0xE8, 0xA7, 0xDB, 0x1F, 0x56, 0xFC, 0x70, 0xAB, 0xAD, 0x33, 0xCD, 0xC6, 0x5A,
    0x6F, 0x3E, 0xF7, 0x14, 0x97, 0x6E, 0x33, 0x5B, 0xF8, 0xF1, 0xF1, 0xDB, 0xA3, 0x11, 0xA4, 0xEE,
    0xC4, 0x4E, 0x57, 0x13, 0x14, 0xA8, 0xA0, 0xBE, 0x52, 0xEF, 0x59, 0xF3, 0xDE, 0x87, 0xFD, 0xFF,
    0x46, 0x4E, 0x57, 0xAC, 0x6D, 0x64, 0x54, 0x6D, 0x6D, 0xE9, 0xAD, 0xE9, 0xF2, 0xCF, 0x37, 0xF5,
    0xD7, 0x5D, 0xF1, 0x7F, 0x9B, 0x74, 0xA8, 0xBA, 0x4A, 0xF5, 0x87, 0xDE, 0xBF, 0xBF, 0xB8, 0x83,
    0xFA, 0xF0, 0xDD, 0x45, 0x35, 0xBB, 0xEA, 0x4D, 0x6B, 0x39, 0xAE, 0xE5, 0x8F, 0xD7, 0x42, 0x59,
    0x7E, 0x29, 0x3F, 0x58, 0xCA, 0x49, 0x21, 0x55, 0xFE, 0x74, 0xAA, 0x46, 0x2D, 0xB3, 0x7C, 0x3A,
    0xD2, 0x4F, 0x85, 0xF5, 0x5A, 0x1F, 0x7D, 0xE7, 0xA5, 0xD6, 0x28, 0x05, 0x1B, 0xA9, 0xA5, 0x9E,
    0xC8, 0xF1, 0x3C, 0x17, 0xA2, 0x56, 0xAF, 0xD5, 0xA4, 0x47, 0x2C, 0xEE, 0x93, 0x2A, 0xDC, 0x46,
    0xBD, 0x89, 0x4A, 0x27, 0x9D, 0x5B, 0x5C, 0x9C, 0x19, 0x9A, 0x0F, 0x19, 0x8A, 0x3F, 0x19, 0x0F,
    0xE8, 0xFD, 0x68, 0x3A, 0xA2, 0xF6, 0xEB, 0xF3, 0x11, 0x6D, 0xF3, 0xE5, 0x84, 0xB2, 0xA7, 0x35,
    0xA7, 0x3B, 0x6E, 0x05, 0x2A, 0x1F, 0xA2, 0xC6, 0x99, 0xBD, 0x8E, 0xC2, 0xCE, 0xDE, 0x1A, 0x5D,
    0xAE, 0xEE, 0x43, 0x7E, 0x2F, 0x9A, 0x0E, 0xAD, 0x25, 0x03, 0x65, 0xD5, 0xA1, 0xAB, 0x63, 0xD7,
    0xC5, 0x2A, 0x0C, 0x4D, 0xD5, 0xB5, 0x74, 0x3C, 0x8E, 0xA4, 0xA3, 0x8C, 0x7B, 0x78, 0xC3, 0x1D,
    0xB1, 0x06, 0x88, 0xD2, 0x72, 0x95, 0x0F, 0x08, 0x36, 0x23, 0xD8, 0xE4, 0x7E, 0x45, 0x2A, 0x21,
    0xB7, 0x8A, 0x53, 0xB1, 0xC0, 0x72, 0x81, 0xD5, 0xCC, 0x79, 0x05, 0x06, 0x24, 0x7C, 0xA1, 0x0B,
    0x03, 0xB4, 0x5E, 0xE7, 0x15, 0x4C, 0x7E, 0xA6, 0x2A, 0x90, 0x83, 0xCC, 0x61, 0xBD, 0x95, 0x1C,
    0x64, 0x3A, 0x29, 0x0E, 0xA9, 0x3E, 0xC5, 0xB7, 0x4F, 0xEE, 0xDB, 0xA0, 0xB0, 0x67, 0x2F, 0xD7,
    0xA7, 0x2D, 0xD6, 0x72, 0x77, 0xAE, 0xE5, 0x07, 0x71, 0x2F, 0x42, 0x9D, 0x98, 0x8A, 0x50, 0x5B,
    0xC2, 0x4F, 0x6D, 0x95, 0xE8, 0x24, 0xA5, 0x87, 0x6C, 0x39, 0xEC, 0xED, 0x9A, 0x18, 0x4C, 0x99,
    0x14, 0x7E, 0x49, 0xC5, 0x1D, 0xCF, 0xFC, 0xDA, 0xB6, 0x3A, 0x45, 0x5B, 0x6D, 0x5F, 0xCF, 0x56,
    0x22, 0xB6, 0x9A, 0x48, 0xF7, 0x67, 0x5B, 0x85, 0xF5, 0x22, 0x5F, 0x4B, 0xBA, 0x88, 0x22, 0xB6,
    0x88, 0xEE, 0xD1, 0x06, 0x31, 0x86, 0x63, 0xA8, 0xE8, 0x6C, 0x80, 0x61, 0x84, 0xF7, 0xFF, 0x79,
    0xAF, 0xF4, 0xE5, 0x5E, 0x76, 0x27, 0x14, 0x26, 0xB1, 0x5E, 0x6F, 0x02, 0x6F, 0x43, 0x06, 0xA9,
    0x1A, 0xFA, 0xD3, 0x26, 0xDB, 0xE5, 0xA0, 0x58, 0x79, 0xF3, 0xB1, 0x90, 0xC2, 0xC7, 0x83, 0xD0,
    0xA5, 0xA7, 0x58, 0x32, 0x75, 0x2E, 0x5D, 0x56, 0x0A, 0xFB, 0x2A, 0x3B, 0x93, 0x25, 0x5A, 0xB6,
    0x40, 0x1D, 0x99, 0xA2, 0x97, 0xD1, 0x02, 0xAB, 0xF1, 0x20, 0x3D, 0xBF, 0x65, 0xF1, 0xE1, 0x20,
    0x3D, 0x33, 0x07, 0xC3, 0x58, 0xC3, 0xBD, 0x36, 0x43, 0x57, 0x0D, 0xDF, 0xC1, 0x57, 0xF6, 0xD2,
    0x02, 0x03, 0xF8, 0x95, 0xA0, 0xF8, 0xC8, 0x65, 0x66, 0x6A, 0x16, 0xA1, 0x4C, 0x35, 0xFD, 0x9C,
    0x82, 0xFF, 0x9C, 0xBC, 0xD8, 0xC8, 0xC3, 0x60, 0x04, 0x2D, 0x15, 0x75, 0xAF, 0x63, 0x25, 0x4B,
    0xA8, 0x80, 0x17, 0x06, 0xD0, 0xDF, 0x7D, 0xB4, 0x5D, 0xD5, 0xBF, 0x4E, 0x81, 0x6E, 0x40, 0xB8,
    0x2D, 0x85, 0x27, 0x9D, 0x8F, 0x97, 0x05, 0xE2, 0xB2, 0x36, 0x70, 0x4B, 0x48, 0xE1, 0x78, 0x11,
    0x94, 0x17, 0x35, 0x50, 0x37, 0xA6, 0xEA, 0x07, 0x19, 0x5C, 0x2E, 0x9C, 0xAC, 0x52, 0x0D, 0xBC,
    0x28, 0xB7, 0x9C, 0xA4, 0xDC, 0xCA, 0xBE, 0xA9, 0xE8, 0x36, 0x90, 0xAF, 0x71, 0x37, 0xD6, 0x4C,
    0xA7, 0xB8, 0xF7, 0xB4, 0xB4, 0xF1, 0xCD, 0xD3, 0x63, 0x45, 0xEB, 0xF6, 0x07, 0x49, 0x0A, 0xDF,
    0x6A, 0x9D, 0x26, 0x16, 0xAA, 0x89, 0x8C, 0x34, 0x0A, 0xA1, 0x17, 0xE4, 0x70, 0xF4, 0x6D, 0x50,
    0xB4, 0xE9, 0xA5, 0x06, 0xA9, 0x4C, 0xA8, 0x26, 0x01, 0x6F, 0x0E, 0x4D, 0x2F, 0x90, 0x41, 0x3E,
    0xD2, 0x82, 0xAA, 0x9F, 0x21, 0xE7, 0x93, 0x55, 0xF8, 0x8C, 0xFC, 0xFD, 0x74, 0x12, 0x6C, 0xC4,
    0x63, 0x3D, 0xE8, 0x40, 0x0D, 0xA2, 0xDC, 0x86, 0xCC, 0xA3, 0xDE, 0x10, 0xC7, 0xA6, 0x0D, 0x89,
    0xD8, 0xA3, 0xCB, 0xAC, 0xA6, 0x47, 0xAE, 0xB5, 0x39, 0x9B, 0x47, 0xF5, 0x9A, 0x25, 0x5F, 0xD4,
    0x57, 0xD6, 0x2B, 0x99, 0x85, 0xD6, 0x3F, 0x95, 0x22, 0xEA, 0x9B, 0x27, 0xE8, 0x12, 0x3A, 0xAB,
    0x7A, 0xA9, 0x13, 0xDE, 0x55, 0xCF, 0x8C, 0xEF, 0xAD, 0xEA, 0x6B, 0x17, 0xDE, 0x5F, 0xCA, 0x1F,
    0x93, 0x4B, 0xFF, 0x63, 0x2E, 0x3F, 0xD8, 0xD4, 0xFF, 0xCD, 0x58, 0xFE, 0xE7, 0xA2, 0xFE, 0xAD,
    0xA1, 0xFC, 0x50, 0x0E, 0x6E, 0x42, 0x57, 0x7E, 0x38, 0xA9, 0x27, 0x3B, 0x8C, 0xF4, 0x75, 0x69,
    0x3D, 0x3D, 0x19, 0x52, 0xFD, 0xAA, 0xBE, 0x26, 0xD4, 0xD4, 0x3B, 0xF5, 0xD3, 0x79, 0xBB, 0x45,
    0xEA, 0x22, 0xF0, 0x48, 0x80, 0x39, 0x9E, 0x22, 0x8B, 0xE0, 0x0F, 0x7C, 0x18, 0x1F, 0x6F, 0x5F,
    0x63, 0x0A, 0x0A, 0xAF, 0xA8, 0xCA, 0xBB, 0xD2, 0x05, 0x9B, 0xE9, 0x3C, 0xD2, 0xE8, 0xB8, 0x83,
    0x6A, 0x40, 0xD7, 0xC4, 0x0E, 0xFF, 0x30, 0x0B, 0xD7, 0x34, 0x3D, 0xA1, 0xA6, 0xE9, 0xA9, 0xA3,
    0x9A, 0xDE, 0x33, 0x4E, 0x71, 0x3B, 0x21, 0xA0, 0x8B, 0x52, 0x79, 0xF8, 0x41, 0x2F, 0x54, 0xF3,
    0x0B, 0x1A, 0xF1, 0x4B, 0x3F, 0xB1, 0x7E, 0xBC, 0x4A, 0x50, 0x8C, 0x1A, 0x4E, 0x2A, 0x91, 0xD2,
    0x9E, 0x3C, 0x54, 0x91, 0x80, 0xCA, 0x89, 0xC8, 0x9A, 0x9B, 0x31, 0xFA, 0x3F, 0xDF, 0x8C, 0x12,
    0x6B, 0xC8, 0x5E, 0x00, 0x32, 0xD0, 0x33, 0xED, 0x50, 0x40, 0xCD, 0x39, 0x77, 0x4B, 0x8C, 0x83,
    0xF3, 0x8F, 0xE7, 0xBC, 0x99, 0x4F, 0x64, 0x71, 0xF0, 0xEE, 0x55, 0xB3, 0x9C, 0x9F, 0x11, 0x33,
    0xCC, 0x84, 0x1D, 0x19, 0x66, 0xE9, 0x59, 0x05, 0x2B, 0xC3, 0xFD, 0x62, 0xF7, 0xE2, 0xE2, 0x0A,
    0x9B, 0xF9, 0xC6, 0x45, 0x96, 0x2B, 0x03, 0x6D, 0xD0, 0xC7, 0x8D, 0x32, 0x62, 0x77, 0x0A, 0x86,
    0x92, 0xBC, 0xF3, 0x51, 0x2B, 0x68, 0xCF, 0xDF, 0x8C, 0x7F, 0x40, 0xD8, 0xFF, 0x78, 0x70, 0xF9,
    0x4A, 0x3F, 0x48, 0x17, 0xD6, 0xA8, 0x31, 0xB4, 0x8C, 0x27, 0x3F, 0xB5, 0xE3, 0xAA, 0xB6, 0xA4,
    0xA7, 0x79, 0x35, 0x36, 0x3C, 0xB4, 0xD1, 0xBD, 0x98, 0x8A, 0x66, 0xAD, 0x5A, 0x8D, 0x27, 0xB5,
    0x54, 0xC7, 0x94, 0x9E, 0x0F, 0x72, 0xAA, 0x9E, 0xDB, 0x4A, 0x7D, 0xA4, 0x42, 0xFC, 0x4C, 0x4C,
    0x76, 0xD2, 0x47, 0xD1, 0xC4, 0x07, 0x39, 0x87, 0x15, 0x89, 0x6C, 0x00, 0xF6, 0x4F, 0xCD, 0xC7,
    0x45, 0x7F, 0x9C, 0xD4, 0x58, 0xC6, 0x2B, 0x01, 0xC1, 0x43, 0x5A, 0xC3, 0x97, 0xEB, 0x6F, 0x2F,
    0xE9, 0x8F, 0x3C, 0xC4, 0xDE, 0xD4, 0x3F, 0x4D, 0x13, 0xF7, 0x54, 0xB4, 0x96, 0x25, 0xA4, 0xD7,
    0x32, 0x65, 0x9F, 0x5E, 0xE0, 0x23, 0x3A, 0xB3, 0x09, 0x85, 0x98, 0xE9, 0x73, 0x62, 0xEF, 0xA3,
    0x85, 0xB1, 0x12, 0x12, 0x6A, 0x49, 0xDC, 0x5C, 0x83, 0x34, 0x5F, 0x9F, 0x26, 0xE7, 0x5B, 0xC9,
    0xA8, 0x3A, 0x4D, 0x5C, 0x76, 0xF7, 0x6B, 0xF7, 0xCD, 0x76, 0xDF, 0xD4, 0xCD, 0x7A, 0x8F, 0xF3,
    0xF0, 0xFE, 0x3F, 0xAA, 0x10, 0xCE, 0xA7, 0x25, 0x5B, 0xF9, 0x8B, 0xDA, 0xDF, 0xE1, 0x63, 0xD3,
    0xED, 0x41, 0x3B, 0x97, 0x43, 0xFC, 0xC3, 0xE2, 0x67, 0xD6, 0x17, 0x96, 0x59, 0xAF, 0x40, 0xE7,
    0x0D, 0x9A, 0xE0, 0x47, 0x47, 0x0C, 0x2B, 0x12, 0xA9, 0xF4, 0x3C, 0xBA, 0xF3, 0x0A, 0xF3, 0x04,
    0x0A, 0x09, 0x1E, 0x15, 0x25, 0x7E, 0xA3, 0x9A, 0x99, 0x50, 0xDA, 0x27, 0xB2, 0xAE, 0x7D, 0x77,
    0xDE, 0xDF, 0xE4, 0xDC, 0x79, 0xE3, 0xF2, 0x55, 0xEE, 0x4B, 0xE9, 0x7D, 0x00, 0xFD, 0x9F, 0x90,
    0x2F, 0x30, 0xFB, 0x53, 0x99, 0x01, 0x35, 0x32, 0x7B, 0x46, 0xD9, 0xEB, 0x78, 0xA2, 0xAA, 0x2B,
    0xC1, 0x09, 0x9B, 0x70, 0x5A, 0xA8, 0x97, 0x80, 0x7D, 0xD6, 0x20, 0x84, 0x3E, 0xD6, 0xBE, 0x95,
    0x8D, 0x8D, 0x3D, 0x31, 0xD4, 0x90, 0x42, 0x3F, 0x94, 0xBD, 0x9A, 0xBF, 0xB4, 0x2E, 0x6D, 0x64,
    0xFE, 0x34, 0xBE, 0x00, 0x0F, 0xA6, 0x6A, 0xC9, 0xBB, 0xD3, 0xFF, 0x99, 0x08, 0xF1, 0xB8, 0x1B,
    0x88, 0xCA, 0x34, 0xE9, 0x31, 0x65, 0x6F, 0x0D, 0x6D, 0xCA, 0x5A, 0x6F, 0xA1, 0x2D, 0x8D, 0xBC,
    0x48, 0xCE, 0xDC, 0xF6, 0xBF, 0xA4, 0xB9, 0xEC, 0x8D, 0x5B, 0x9F, 0x44, 0xD2, 0x62, 0x67, 0x59,
    0x57, 0x8B, 0x2D, 0xB7, 0x0A, 0xEB, 0x86, 0x64, 0xDD, 0x9F, 0xCA, 0xBA, 0x9B, 0xD4, 0x8D, 0xD6,
    0x9D, 0x92, 0x75, 0x05, 0xAC, 0x9B, 0xC5, 0xF7, 0xA2, 0x5A, 0x93, 0x16, 0x1B, 0x86, 0x1C, 0xEB,
    0x96, 0x97, 0xD6, 0x2D, 0xEC, 0x0B, 0xAC, 0xFB, 0x57, 0x13, 0xAB, 0xE2, 0xF8, 0x63, 0x36, 0x51,
    0x97, 0x7F, 0x0A, 0xA8, 0x8F, 0xF6, 0x17, 0xD6, 0xB2, 0x13, 0x6E, 0xCB, 0x59, 0x90, 0xC9, 0xAC,
    0xF6, 0xCF, 0x83, 0x71, 0xC7, 0x02, 0x7A, 0x17, 0xB6, 0x7F, 0xA2, 0x9E, 0x9E, 0xED, 0x3F, 0xBA,
    0xDF, 0x95, 0x8C, 0xEF, 0xED, 0xAF, 0xD6, 0x73, 0x40, 0xC9, 0xDA, 0x57, 0xAA, 0xEE, 0x21, 0x0C,
    0x26, 0x1C, 0x64, 0x80, 0xF4, 0x4A, 0xB1, 0xD8, 0xFE, 0xE8, 0x96, 0x0D, 0x1B, 0x43, 0x07, 0x9D,
    0x96, 0x20, 0x88, 0x07, 0xBE, 0x69, 0x9F, 0xB6, 0xA9, 0x78, 0x5F, 0x92, 0x04, 0xC7, 0x94, 0x75,
    0x4A, 0x6C, 0x89, 0x1B, 0x3C, 0xC1, 0x97, 0x77, 0x88, 0x88, 0x82, 0xD3, 0xCD, 0x1D, 0x62, 0x03,
    0x63, 0x82, 0x0B, 0x4C, 0x2F, 0xB6, 0x70, 0x73, 0x5C, 0xFC, 0x18, 0xFE, 0x3F, 0xA5, 0x94, 0x01,
    0xA4, 0x1D, 0xE7, 0x16, 0x85, 0xF7, 0x9C, 0xEB, 0xDD, 0x83, 0x83, 0xB9, 0x78, 0x40, 0x78, 0x07,
    0x00, 0x0F, 0x03, 0xE0, 0x81, 0x39, 0x3C, 0x40, 0xF0, 0x82, 0x00, 0x00, 0x5E, 0x68, 0x0B, 0x81,
    0x02, 0x30, 0xD3, 0x06, 0x50, 0x34, 0x28, 0x50, 0x04, 0x14, 0x02, 0x01, 0x00, 0xFA, 0x0F, 0x45,
    0x51, 0x18, 0x2D, 0xA0, 0xC8, 0x50, 0x14, 0x45, 0x87, 0x8E, 0xDE, 0x49, 0x32, 0x33, 0xAB, 0xDF,
    0xF2, 0x3B, 0x27, 0x2E, 0x97, 0x96, 0xFE, 0xCE, 0x5E, 0xFF, 0x64, 0xEE, 0xDE, 0x7B, 0xAD, 0xBD,
    0xF7, 0x9E, 0x44, 0x3C, 0x89, 0x88, 0x83, 0xBE, 0x59, 0xA2, 0xD6, 0xCF, 0x4B, 0x24, 0x69, 0x2E,
    0xF4, 0x56, 0xD3, 0x95, 0xBA, 0x66, 0xDA, 0x2B, 0xEA, 0xF1, 0xB0, 0x01, 0x25, 0x7F, 0x1F, 0x80,
    0xA6, 0x3F, 0xCE, 0x91, 0x3A, 0x40, 0x5D, 0x85, 0x27, 0x70, 0xA5, 0xF6, 0xB8, 0x1C, 0x74, 0x2A,
    0x95, 0x14, 0xA5, 0xA4, 0xD8, 0xEB, 0x76, 0x8B, 0x42, 0xDF, 0x6E, 0x4E, 0xBD, 0x02, 0xE5, 0x02,
    0x10, 0xF3, 0x71, 0x34, 0x53, 0x34, 0xD2, 0x60, 0xE8, 0x00, 0x3C, 0x1E, 0xF0, 0xAF, 0x88, 0x7F,
    0x3C, 0xB6, 0xDB, 0x6C, 0xB7, 0x09, 0xA8, 0x00, 0x58, 0xCF, 0xD0, 0x0C, 0x86, 0x1E, 0xA9, 0xE9,
    0x3B, 0xB5, 0xA1, 0x5F, 0x89, 0x91, 0x34, 0x16, 0x5A, 0xD3, 0xB4, 0xD3, 0x50, 0x59, 0xAE, 0xE1,
    0x64, 0x20, 0x66, 0xBF, 0x59, 0xF8, 0x7A, 0xD6, 0x0C, 0xA4, 0xBE, 0xB4, 0x66, 0xB2, 0xE3, 0x49,
    0x60, 0x5B, 0x03, 0xA7, 0x7A, 0xDC, 0x89, 0xEC, 0xC4, 0x44, 0x71, 0x8A, 0x72, 0x8A, 0x6A, 0x8E,
    0x7A, 0x8E, 0x6A, 0x8C, 0xEB, 0x53, 0xE4, 0x93, 0x7A, 0x22, 0xF8, 0x11, 0xB2, 0xD3, 0x09, 0xCF,
    0xFC, 0x83, 0x81, 0xFC, 0x24, 0xF6, 0x6F, 0xA6, 0x38, 0x34, 0xC3, 0xC9, 0x2F, 0xAB, 0x8D, 0x47,
    0x11, 0x57, 0x2B, 0xF5, 0x6F, 0xD9, 0xF6, 0x0B, 0x14, 0xCF, 0xE3, 0x72, 0xF0, 0xB6, 0xAF, 0xCD,
    0x01, 0x36, 0x53, 0x99, 0xCB, 0x06, 0x5B, 0x40, 0x87, 0x91, 0x26, 0x9B, 0x29, 0xCD, 0x09, 0xE3,
    0xC5, 0xCC, 0x7B, 0x49, 0x25, 0xA8, 0xD5, 0x63, 0x1D, 0xC6, 0xAB, 0x29, 0xF7, 0xF5, 0xDC, 0x58,
    0x3A, 0x7B, 0x26, 0xB6, 0xFF, 0x05, 0x4D, 0x6D, 0xEC, 0x8D, 0xA9, 0x3B, 0x28, 0xDC, 0xA2, 0xC5,
    0x98, 0x46, 0x84, 0x7C, 0xAA, 0x0E, 0x19, 0x0F, 0x65, 0x11, 0xC7, 0xC5, 0xD8, 0x8C, 0x46, 0x2B,
    0xDD, 0x4B, 0x2D, 0xA2, 0xFC, 0xEC, 0xD1, 0x0F, 0xC6, 0x66, 0x34, 0x61, 0x3D, 0x9B, 0xD0, 0xFE,
    0xD5, 0x58, 0xAE, 0xA6, 0xDA, 0xCB, 0xC8, 0x8C, 0x20, 0xDC, 0xA9, 0xB3, 0x36, 0x97, 0x70, 0xB7,
    0x73, 0xC8, 0xF8, 0x2B, 0x1D, 0x3F, 0xDE, 0xD7, 0xF1, 0xFF, 0xC7, 0x35, 0x4D, 0x4F, 0x07, 0xB5,
    0x8D, 0xD5, 0x57, 0xFA, 0x5E, 0x1B, 0x77, 0xD2, 0xAD, 0x14, 0x5E, 0x15, 0xFD, 0xA2, 0x13, 0xDB,
    0x52, 0x6B, 0xE7, 0x9B, 0x1A, 0x0B, 0xA7, 0x3F, 0xD5, 0x73, 0xA6, 0xB1, 0x38, 0xB3, 0xF8, 0x86,
    0xCA, 0x7B, 0xB1, 0x41, 0x86, 0x9E, 0xBD, 0x79, 0x51, 0x64, 0xFE, 0x99, 0xDB, 0x0A, 0xA6, 0x50,
    0xCB, 0x5D, 0x79, 0x8D, 0x78, 0xE9, 0x4D, 0x3A, 0xF1, 0xD2, 0xC1, 0xBC, 0xCC, 0x4B, 0x95, 0xFB,
    0xFB, 0x24, 0x8B, 0xB2, 0xA2, 0xC1, 0x72, 0xDE, 0xAF, 0x2D, 0xF0, 0x77, 0xD7, 0x36, 0x3E, 0xC4,
    0x8E, 0x82, 0x28, 0x69, 0x8D, 0x5D, 0xFE, 0xFC, 0xA8, 0xB3, 0xDC, 0x0A, 0xC2, 0x2C, 0xBA, 0x9E,
    0x0C, 0x23, 0xD0, 0x0C, 0x67, 0x48, 0x3D, 0xA9, 0x52, 0x0F, 0x73, 0x33, 0xEC, 0x49, 0x35, 0x1E,
    0x61, 0xDE, 0x44, 0x59, 0xD2, 0x98, 0xE7, 0x89, 0x48, 0xEF, 0x4F, 0xFE, 0x0C, 0xAE, 0xB9, 0x0E,
    0x63, 0x9A, 0x98, 0xEC, 0x6F, 0x5A, 0x40, 0x69, 0x33, 0xED, 0x0B, 0x31, 0xDF, 0xC5, 0x33, 0xA5,
    0x16, 0xD0, 0xC2, 0xC0, 0xC1, 0xD8, 0x74, 0xD6, 0x97, 0x8C, 0x30, 0xC2, 0x92, 0x1B, 0x08, 0x22,
    0xAB, 0x50, 0x5F, 0xCF, 0xC8, 0x7D, 0xAB, 0xD1, 0xAB, 0xA4, 0x3E, 0xAE, 0xB6, 0x44, 0xD0, 0x7E,
    0xAD, 0x16, 0x6F, 0x79, 0x61, 0x42, 0x9E, 0xA0, 0xBA, 0xA0, 0xB7, 0xFD, 0xFE, 0x0D, 0x8E, 0xE2,
    0x0B, 0xE0, 0xA8, 0x72, 0x8C, 0xA4, 0xD7, 0x68, 0x90, 0x28, 0xEB, 0x47, 0xF5, 0xEF, 0xBB, 0x50,
    0x9D, 0xBB, 0xD0, 0x1A, 0x28, 0xBB, 0x10, 0x1D, 0xA6, 0x8D, 0x74, 0x01, 0x18, 0x0E, 0x9B, 0xBB,
    0xB0, 0xE6, 0x2E, 0xD4, 0x02, 0x4A, 0xBD, 0x9E, 0xE9, 0xE5, 0xFF, 0x60, 0xBB, 0xB9, 0xFF, 0xFF,
    0x23, 0x20, 0x75, 0x80, 0x2E, 0x10, 0x1F, 0x44, 0x7A, 0x08, 0xDD, 0x53, 0x2C, 0xCD, 0x85, 0x44,
    0x57, 0xDE, 0xDC, 0x5C, 0xB9, 0x3C, 0xB5, 0xF7, 0x7F, 0xC4, 0xF3, 0xDD, 0x8F, 0x18, 0xCB, 0xE9,
    0x8B, 0xAF, 0x78, 0xD0, 0x44, 0x0E, 0xFA, 0xAB, 0xE9, 0xA0, 0x62, 0x74, 0xDC, 0xC1, 0xF1, 0xEA,
    0xC8, 0x35, 0xD3, 0x44, 0xD9, 0xA7, 0x43, 0x25, 0x5A, 0x44, 0x54, 0x1A, 0x1E, 0x51, 0xD0, 0xD7,
    0x5F, 0x32, 0x61, 0x31, 0x60, 0x6D, 0xF1, 0x54, 0x24, 0x7E, 0x1C, 0xF9, 0x94, 0x3D, 0x44, 0x1D,
    0x24, 0x18, 0xCA, 0x3D, 0xE7, 0x1A, 0x6B, 0xF0, 0xFD, 0xB7, 0x5E, 0x9E, 0x58, 0x77, 0x06, 0x70,
    0x47, 0x1F, 0xDA, 0xB0, 0x89, 0x30, 0x6B, 0x3B, 0xDB, 0x36, 0xD2, 0xA2, 0x31, 0x2A, 0xEC, 0x60,
    0xDA, 0x7F, 0xE6, 0xF4, 0x88, 0xC2, 0x17, 0xA8, 0x2E, 0x9B, 0x0C, 0x2C, 0xD4, 0x93, 0x37, 0xD9,
    0x73, 0x20, 0x5F, 0x1E, 0x46, 0xCB, 0xAE, 0x18, 0xFC, 0x01, 0x32, 0x2C, 0xEF, 0x3C, 0x30, 0x56,
    0x5E, 0x44, 0x11, 0xA8, 0x5B, 0x6F, 0xE3, 0x4F, 0x0B, 0xC5, 0xFD, 0x17, 0x1D, 0x8F, 0x22, 0x1F,
    0xFC, 0xA8, 0x12, 0x40, 0xFA, 0x90, 0x13, 0x28, 0x53, 0x55, 0x63, 0xB9, 0x00, 0xE4, 0x3E, 0x8E,
    0xF5, 0x08, 0xA4, 0x3E, 0xCA, 0x91, 0xEE, 0x94, 0xBF, 0x8B, 0x5A, 0x6E, 0x37, 0xE0, 0x9D, 0x97,
    0x4B, 0xB3, 0x61, 0x0C, 0x32, 0x0F, 0x06, 0x9A, 0xE1, 0x0D, 0x3E, 0x1F, 0xB5, 0xA5, 0xBF, 0x7D,
    0xB5, 0xD5, 0x0A, 0x09, 0x0C, 0x5C, 0xAD, 0xDA, 0x66, 0xDD, 0x89, 0x87, 0x6D, 0xA5, 0x4B, 0xE9,
    0x93, 0x75, 0x85, 0x31, 0x3D, 0x5B, 0xD6, 0x72, 0xE1, 0x9A, 0x57, 0x5A, 0x94, 0x3E, 0x1B, 0x57,
    0x78, 0xD3, 0xE7, 0x5C, 0x7D, 0x34, 0x2F, 0xFA, 0x95, 0x16, 0x37, 0xA9, 0x5B, 0x75, 0xE2, 0x6A,
    0x37, 0xCF, 0x4A, 0xA1, 0x95, 0x6B, 0x0B, 0x2D, 0x5C, 0x4B, 0x58, 0x4A, 0xCD, 0x35, 0x72, 0x4D,
    0x9E, 0xE0, 0xF9, 0xB8, 0xAC, 0x8E, 0x77, 0x07, 0x79, 0x04, 0xC7, 0xC5, 0xC3, 0xC0, 0x83, 0xD1,
    0xA4, 0xC1, 0x72, 0xD5, 0x1A, 0xE5, 0x3D, 0x21, 0x15, 0x47, 0x13, 0xB0, 0xD3, 0x08, 0xEE, 0x35,
    0x83, 0x47, 0x2D, 0xCE, 0xF3, 0x6E, 0x05, 0xF5, 0x83, 0xEC, 0xFE, 0x0C, 0x25, 0xEC, 0x11, 0xB1,
    0x24, 0x14, 0xE2, 0x66, 0x28, 0xEF, 0xF4, 0xD5, 0x68, 0x5E, 0x8F, 0xC6, 0x1A, 0xE4, 0xC1, 0x7B,
    0xE5, 0x8E, 0x34, 0xD7, 0xE8, 0x35, 0x2D, 0xA7, 0x7A, 0x34, 0xA6, 0xDE, 0xA8, 0x0E, 0x7C, 0x23,
    0x7F, 0xAF, 0x6F, 0x65, 0x76, 0x18, 0xB3, 0x06, 0x53, 0x8E, 0x46, 0x48, 0x8C, 0x1D, 0xE8, 0xBC,
    0x7E, 0x06, 0x58, 0x65, 0x00, 0x29, 0xC6, 0x66, 0x32, 0xE0, 0x68, 0xEC, 0x8C, 0x1B, 0x60, 0x39,
    0x97, 0xD3, 0x88, 0x3F, 0x24, 0x57, 0x2E, 0x41, 0xF7, 0xF2, 0x95, 0xC2, 0xD1, 0xE7, 0x60, 0xF5,
    0xCE, 0xDB, 0x92, 0xD6, 0xEF, 0xAB, 0xC5, 0xEF, 0xC7, 0xCB, 0x7B, 0xE4, 0x95, 0x9B, 0xDF, 0x4B,
    0xEC, 0x2E, 0xE0, 0x74, 0x43, 0x86, 0x88, 0x6B, 0x8F, 0x01, 0xA3, 0x89, 0x05, 0x66, 0x79, 0x57,
    0x2B, 0x45, 0x2C, 0xD9, 0x0E, 0xB3, 0x0B, 0xC5, 0xF2, 0xFE, 0x5F, 0x93, 0xF2, 0x08, 0x53, 0x95,
    0x87, 0x17, 0x0F, 0xE4, 0x29, 0x98, 0xEA, 0x84, 0xF9, 0xCE, 0xFF, 0xDE, 0x6D, 0x4E, 0x93, 0x0D,
    0x65, 0x58, 0x1F, 0x05, 0x16, 0x0D, 0x16, 0xF8, 0xA6, 0x3F, 0x39, 0x1F, 0xC5, 0xBF, 0x9E, 0x07,
    0x34, 0xD8, 0x0A, 0x95, 0xD3, 0xE5, 0xB4, 0xEF, 0x53, 0x5F, 0x14, 0x62, 0x7E, 0xDE, 0x72, 0xD3,
    0x3D, 0xCA, 0xBD, 0x2C, 0xD3, 0x4B, 0x04, 0xA3, 0x3F, 0x78, 0x5B, 0x6B, 0x95, 0x17, 0x85, 0xFE,
    0xE0, 0x9F, 0x92, 0x26, 0x2D, 0xD8, 0x94, 0xFF, 0x7C, 0xE3, 0x9D, 0x7A, 0x0C, 0x1C, 0xD5, 0x17,
    0x5D, 0x2D, 0xBD, 0x32, 0xA8, 0xFB, 0xCF, 0xB5, 0xD4, 0xDE, 0xC4, 0x03, 0xDC, 0x7D, 0xFE, 0x00,
    0xD5, 0x99, 0x01, 0xA4, 0xE7, 0x58, 0x7B, 0xC6, 0x9F, 0x24, 0xB3, 0x93, 0x9A, 0x20, 0x8B, 0xF9,
    0x7C, 0xF5, 0x15, 0x29, 0x80, 0xC1, 0x06, 0xA0, 0xD8, 0xEE, 0x49, 0x0D, 0x8A, 0xC5, 0x0C, 0xE6,
    0x6E, 0x01, 0x05, 0x85, 0x81, 0x01, 0x80, 0x76, 0x92, 0x5D, 0x14, 0xA0, 0xB7, 0x00, 0x60, 0x17,
    0xC5, 0xCC, 0x7F, 0xB1, 0xB0, 0xA8, 0x9A, 0x9D, 0xA4, 0x5D, 0x14, 0x20, 0x6B, 0x2D, 0x28, 0x36,
    0x74, 0x5A, 0xAA, 0xD8, 0xA3, 0xCD, 0xB6, 0xD9, 0x3B, 0x27, 0x79, 0xFA, 0x3E, 0x27, 0x37, 0x76,
    0xAE, 0x31, 0x6B, 0x29, 0xDC, 0x39, 0x93, 0xFC, 0x4E, 0xFE, 0x27, 0x39, 0xE7, 0x7D, 0xDE, 0x37,
    0xCE, 0x7B, 0x4E, 0xE6, 0xC2, 0x4A, 0x31, 0xA3, 0x0A, 0x70, 0x76, 0x2C, 0xA8, 0x3C, 0x12, 0x5C,
    0x16, 0xD7, 0xA1, 0xED, 0xD0, 0x77, 0x60, 0x03, 0x22, 0x21, 0x52, 0x22, 0xDB, 0x74, 0xE4, 0x2B,
    0xCA, 0xA0, 0xC3, 0xFA, 0xD5, 0x8B, 0xFA, 0xB9, 0x19, 0x47, 0x41, 0xDD, 0x00, 0x0E, 0x40, 0x7B,
    0x1F, 0x15, 0x57, 0xB4, 0x0C, 0x09, 0x19, 0x32, 0x7E, 0xF7, 0x65, 0x49, 0xA8, 0x97, 0xFA, 0xC0,
    0xF9, 0xCB, 0x73, 0x02, 0xDA, 0xE3, 0xD4, 0xEF, 0x39, 0x19, 0x1C, 0x39, 0x54, 0x76, 0xE6, 0x76,
    0xA2, 0xDF, 0x2E, 0x87, 0x03, 0xF0, 0x1C, 0xC0, 0x6D, 0xE0, 0x28, 0x09, 0x7F, 0x32, 0x96, 0x7A,
    0x0A, 0x8E, 0xEC, 0x80, 0x96, 0x04, 0xC0, 0xE9, 0x77, 0x40, 0xA2, 0x56, 0xA4, 0x6C, 0x22, 0x0D,
    0xC8, 0x7E, 0x66, 0xF2, 0x39, 0x4F, 0x8D, 0x35, 0x93, 0x0D, 0x32, 0x23, 0x76, 0xEE, 0xF2, 0x80,
    0x6A, 0x11, 0xEB, 0x59, 0x74, 0x5E, 0x8C, 0x83, 0xE5, 0x6C, 0xD4, 0x4C, 0x72, 0x8A, 0x1C, 0xE1,
    0x0E, 0xEA, 0xBE, 0x4A, 0x01, 0xFC, 0x11, 0xEA, 0x1F, 0x36, 0xEA, 0x81, 0x0D, 0x05, 0xB9, 0x20,
    0x5F, 0xAB, 0x19, 0x85, 0xCF, 0x16, 0x94, 0x53, 0x12, 0x2E, 0xE1, 0xD3, 0x80, 0x7C, 0xC9, 0x17,
    0x64, 0xEC, 0x67, 0xF9, 0x10, 0xE2, 0x30, 0x28, 0xFF, 0xFA, 0xEF, 0x9E, 0x21, 0x05, 0xFE, 0x10,
    0x85, 0x3D, 0xB0, 0xC5, 0x50, 0x67, 0xAB, 0x69, 0xC9, 0x36, 0x93, 0x92, 0x12, 0x1C, 0x12, 0x26,
    0x6C, 0xC0, 0xBB, 0x1B, 0xC0, 0x0F, 0x03, 0xD0, 0x7F, 0x3A, 0xCB, 0xF3, 0x49, 0x41, 0x18, 0x84,
    0x06, 0xB7, 0x7A, 0x3E, 0xD9, 0x07, 0xAD, 0xA4, 0xE0, 0x9D, 0x47, 0x3F, 0xDE, 0x07, 0x6A, 0x0F,
    0xFC, 0xAE, 0xBF, 0x38, 0x97, 0x21, 0x8F, 0x56, 0x5E, 0xFC, 0xA6, 0xFF, 0xB7, 0x06, 0xE8, 0x25,
    0x9E, 0x11, 0x9D, 0xA1, 0x7F, 0xB5, 0x20, 0x96, 0x87, 0xAF, 0x36, 0x3D, 0x04, 0x7E, 0x63, 0xC3,
    0xE5, 0xDC, 0x20, 0x2F, 0x1B, 0xB4, 0x17, 0xD4, 0x20, 0xB7, 0x00, 0x36, 0xC7, 0x48, 0xED, 0x62,
    0xA8, 0xF7, 0x77, 0xE2, 0x91, 0xB0, 0x37, 0x4F, 0x43, 0x29, 0x9F, 0xB3, 0x80, 0x62, 0x36, 0xE4,
    0xC1, 0x90, 0xF1, 0xDE, 0x8C, 0x54, 0x41, 0x44, 0xAB, 0xCE, 0xC5, 0x2E, 0x63, 0x34, 0xB8, 0x4B,
    0x7C, 0x29, 0x7D, 0x3D, 0xD9, 0x19, 0xA2, 0xC5, 0x19, 0xC0, 0x03, 0xC4, 0x52, 0x7D, 0x1C, 0xDC,
    0xD7, 0xAB, 0x8E, 0x4F, 0xC2, 0x0D, 0xBC, 0x8B, 0xA3, 0x3C, 0xE2, 0x39, 0xA4, 0x90, 0xAB, 0x54,
    0x4C, 0x49, 0xDF, 0x01, 0x76, 0x59, 0x4C, 0xC8, 0x7C, 0xF2, 0x17, 0xE9, 0x82, 0x7C, 0xA8, 0x38,
    0x7E, 0x85, 0xB2, 0x69, 0x39, 0x38, 0x54, 0x58, 0xD1, 0x54, 0xCD, 0x07, 0xE9, 0x0C, 0x94, 0xDD,
    0xFB, 0x99, 0x07, 0x8A, 0xE1, 0x2F, 0xF3, 0x09, 0xC8, 0xAD, 0x1A, 0x5F, 0xAF, 0xDE, 0xCF, 0x26,
    0x3D, 0xF2, 0xC7, 0x99, 0x57, 0x87, 0x3A, 0x59, 0xAC, 0x6A, 0xCA, 0x86, 0x9F, 0x0F, 0xB5, 0x35,
    0xD7, 0x1C, 0xFE, 0xCA, 0x0C, 0xA5, 0x4F, 0x93, 0x00, 0x3B, 0x50, 0x78, 0xA0, 0x3D, 0x47, 0x3B,
    0xC8, 0x3F, 0xF9, 0x00, 0xF4, 0x9C, 0x54, 0x25, 0xF7, 0x45, 0x5D, 0x6C, 0x95, 0xE4, 0xA2, 0xBC,
    0x20, 0xEA, 0x61, 0x83, 0xEB, 0x56, 0xB4, 0x08, 0xF1, 0xEC, 0x4D, 0x6F, 0x9F, 0xCD, 0x68, 0x7F,
    0xF0, 0xA8, 0x2F, 0x3C, 0x6E, 0xFE, 0xAD, 0x39, 0xF7, 0x7B, 0xF6, 0x0F, 0x95, 0x89, 0x46, 0x3B,
    0xB5, 0x13, 0xF8, 0x8F, 0x1C, 0x33, 0xDE, 0x65, 0x53, 0x6E, 0xA5, 0xF5, 0x5E, 0x9C, 0x75, 0xF1,
    0xBD, 0x47, 0x3F, 0xF5, 0x13, 0x9C, 0x77, 0xD6, 0x73, 0x76, 0x33, 0xAA, 0xA5, 0x5A, 0x50, 0xC6,
    0xF7, 0xB0, 0xE6, 0x2B, 0xB2, 0x17, 0xD9, 0x0B, 0x24, 0x48, 0x80, 0x3B, 0xA7, 0xD3, 0xA9, 0x73,
    0x24, 0x87, 0x9F, 0xA1, 0xD0, 0xBD, 0x19, 0x35, 0xBD, 0xE3, 0xE4, 0x38, 0xB6, 0xF1, 0x6D, 0xFD,
    0xAA, 0xD0, 0x9F, 0xDD, 0x8F, 0xA1, 0x27, 0xA1, 0xD0, 0x73, 0x0F, 0x7D, 0x28, 0x26, 0x0B, 0x3D,
    0x42, 0xE6, 0x2D, 0xF4, 0xAA, 0x2C, 0xF4, 0x08, 0xF9, 0x94, 0x5B, 0xB5, 0x3E, 0x1A, 0x54, 0x91,
    0x88, 0xD5, 0xA6, 0xD0, 0x23, 0xD4, 0x0A, 0x3D, 0x42, 0x39, 0x58, 0xE8, 0xAD, 0xFB, 0xA8, 0xD0,
    0x5B, 0x3F, 0x35, 0x87, 0x64, 0x51, 0xE8, 0x1F, 0xE0, 0xEC, 0xD7, 0x84, 0x5E, 0x6E, 0x3F, 0x75,
    0x64, 0x68, 0xED, 0x7C, 0x78, 0x3A, 0x3D, 0x89, 0xB9, 0xA2, 0x2B, 0xE5, 0x5A, 0x68, 0xFF, 0x64,
    0x7D, 0x8E, 0xE7, 0xCF, 0xD1, 0x1A, 0xED, 0xDA, 0x5A, 0x4A, 0xCE, 0x76, 0x17, 0x56, 0xB2, 0xE5,
    0x17, 0x70, 0xE7, 0xF3, 0xED, 0xB5, 0x58, 0xFE, 0x62, 0x0F, 0x89, 0x79, 0xC3, 0x2B, 0xD0, 0x8D,
    0x76, 0x43, 0x4A, 0x76, 0xC9, 0xC6, 0x01, 0xE7, 0x6E, 0x00, 0x74, 0xB6, 0x1D, 0x12, 0x02, 0x45,
    0xD8, 0x53, 0x28, 0x1B, 0x65, 0x65, 0x54, 0x24, 0x1C, 0xB7, 0x78, 0xC6, 0xF2, 0x4E, 0x83, 0x84,
    0x4B, 0x9C, 0xAB, 0xD9, 0xBF, 0x53, 0xDE, 0x03, 0x20, 0xF0, 0x67, 0x01, 0xE0, 0x84, 0x84, 0x1E,
    0xC8, 0x03, 0x90, 0x06, 0x34, 0x59, 0xC0, 0x3F, 0x3C, 0x5A, 0xD0, 0xC7, 0xE4, 0x60, 0xC3, 0x3F,
    0xD0, 0xC4, 0x3F, 0x4F, 0x38, 0x64, 0x94, 0x9D, 0x6A, 0x82, 0xEB, 0x10, 0x4B, 0xB4, 0xDB, 0x4E,
    0x28, 0x8D, 0xA3, 0xD8, 0x0F, 0xCA, 0x99, 0x1C, 0x50, 0xCF, 0x91, 0x3E, 0x61, 0x17, 0xD3, 0x55,
    0x63, 0xCC, 0xA8, 0xF4, 0x2E, 0xF6, 0x63, 0xBE, 0x01, 0x1C, 0x8A, 0x55, 0x2C, 0x23, 0xEB, 0x00,
    0x33, 0xD1, 0x06, 0xA4, 0x7C, 0x49, 0xA5, 0x43, 0xBE, 0x9C, 0xC5, 0x7F, 0xF1, 0xC8, 0x37, 0x7E,
    0xE8, 0x51, 0xAC, 0xB7, 0x77, 0x83, 0x47, 0x7A, 0x7E, 0x63, 0x92, 0x16, 0xE5, 0xF3, 0xD9, 0x59,
    0x93, 0x90, 0x9C, 0x0A, 0xA1, 0x12, 0x1C, 0x99, 0xED, 0x68, 0x85, 0xFE, 0x75, 0xEC, 0x37, 0x1C,
    0x0F, 0x54, 0x42, 0x21, 0x24, 0x02, 0x50, 0xFD, 0x7F, 0x11, 0x4B, 0x3D, 0xB6, 0xBE, 0xF7, 0xF4,
    0xED, 0xF0, 0x0E, 0xD2, 0x19, 0xB9, 0x5E, 0x0D, 0x10, 0x8F, 0xD6, 0x8E, 0x15, 0xEE, 0x05, 0x54,
    0x2A, 0x0F, 0xE9, 0x1F, 0x5B, 0x0E, 0x3D, 0x87, 0x0F, 0x5C, 0xF7, 0x6E, 0xDB, 0xA0, 0x6F, 0xF6,
    0x27, 0x93, 0x0D, 0xE9, 0x8A, 0x2C, 0xE8, 0x50, 0xE9, 0xC7, 0x8C, 0x73, 0xF9, 0x32, 0x54, 0xDF,
    0x04, 0xCB, 0x1B, 0xAE, 0x09, 0x2E, 0x09, 0x2E, 0x0D, 0xEE, 0x4F, 0x67, 0x47, 0x5F, 0x72, 0x48,
    0x7F, 0x02, 0x6E, 0xDB, 0xBF, 0x34, 0xA4, 0xC7, 0xC4, 0x67, 0x66, 0x63, 0x30, 0x25, 0x12, 0x7E,
    0xCC, 0x0E, 0x1C, 0x38, 0x28, 0x57, 0x8C, 0x89, 0x25, 0x92, 0x61, 0x4F, 0x24, 0x6B, 0xB9, 0xA2,
    0x8E, 0x89, 0x44, 0x39, 0xA4, 0x1D, 0xDA, 0x01, 0x25, 0x2A, 0x5C, 0x29, 0xD2, 0x99, 0x2D, 0x40,
    0xEF, 0x35, 0xD3, 0x72, 0x4E, 0xA8, 0xB4, 0x1C, 0xDA, 0xD9, 0xC1, 0xA4, 0x83, 0xC0, 0x7B, 0x6E,
    0x30, 0xAB, 0xB8, 0xE1, 0x86, 0x7C, 0x06, 0xD0, 0x76, 0xE5, 0x24, 0xC9, 0x8D, 0x1B, 0x00, 0xD0,
    0x2E, 0x54, 0x25, 0x2B, 0xD8, 0x80, 0xD9, 0x92, 0xB1, 0x49, 0xB6, 0xD2, 0x44, 0x9B, 0x87, 0xF5,
    0x58, 0x33, 0xF6, 0xE8, 0xB7, 0xFD, 0x99, 0x15, 0xC8, 0x42, 0xFE, 0x5F, 0x9A, 0xD6, 0x73, 0xF9,
    0xAD, 0x55, 0xD5, 0xE4, 0xEE, 0x5A, 0xE5, 0x86, 0x96, 0xEA, 0x8E, 0xDE, 0xAA, 0x74, 0xC5, 0xE9,
    0x8B, 0x0B, 0x45, 0x16, 0xA5, 0xD7, 0x01, 0x19, 0x7C, 0x93, 0xEA, 0x72, 0x57, 0x5D, 0xEF, 0xAA,
    0xDB, 0x57, 0x55, 0x67, 0xBB, 0xEA, 0x62, 0x57, 0x5D, 0x5D, 0x55, 0x8D, 0x07, 0x51, 0x51, 0xC5,
    0x41, 0xAA, 0x7B, 0x7A, 0xA9, 0x76, 0xF4, 0xA6, 0x7A, 0xF8, 0xFD, 0x72, 0x06, 0xDA, 0x26, 0xDA,
    0xDE, 0x76, 0x63, 0x01, 0x68, 0x07, 0x53, 0x8D, 0x84, 0x52, 0x8D, 0x22, 0xAA, 0xDE, 0x67, 0x2E,
    0xE4, 0xBA, 0xA9, 0xD6, 0x6E, 0xC7, 0x54, 0x17, 0x56, 0x49, 0x38, 0xD9, 0x01, 0xC7, 0x24, 0x16,
    0x13, 0xAA, 0x53, 0x97, 0x51, 0x3D, 0x90, 0x5E, 0x50, 0x9D, 0x64, 0x48, 0xAE, 0xA2, 0x8F, 0xE6,
    0x3E, 0x5A, 0x63, 0x7A, 0xE6, 0x24, 0xFB, 0xE0, 0x2C, 0xFB, 0xFB, 0x42, 0xAB, 0x29, 0x5E, 0xF8,
    0x58, 0x55, 0x63, 0x35, 0x3F, 0x7E, 0x14, 0x5C, 0xE7, 0x7C, 0xCB, 0x99, 0xA0, 0x55, 0x9F, 0xAC,
    0x99, 0xF9, 0xF0, 0x20, 0x5F, 0x0A, 0x4E, 0x0A, 0x5C, 0xF5, 0xFD, 0x18, 0xE3, 0xAA, 0xD1, 0xFA,
    0x26, 0x98, 0xD6, 0x64, 0xCB, 0x66, 0xAB, 0xB2, 0x90, 0x93, 0xB3, 0x3D, 0x51, 0x90, 0x1E, 0xF5,
    0x78, 0xEB, 0xC4, 0xCF, 0x14, 0x37, 0x30, 0x1E, 0x32, 0x78, 0x94, 0x9B, 0x0D, 0xE4, 0xA1, 0xC2,
    0x0C, 0x7A, 0xAB, 0x47, 0xA0, 0xEE, 0x70, 0xA5, 0x10, 0x48, 0x89, 0x98, 0xBB, 0xEA, 0x10, 0x1F,
    0xCB, 0x39, 0xA2, 0x22, 0xE0, 0x96, 0xBD, 0x07, 0x07, 0x9D, 0x09, 0x38, 0x55, 0x5D, 0xBF, 0xE7,
    0xC5, 0xB1, 0x22, 0xBB, 0x94, 0x71, 0xA6, 0x9C, 0x3A, 0x91, 0xA3, 0x28, 0x63, 0x8A, 0xB7, 0x98,
    0xCF, 0x62, 0xB2, 0x00, 0x57, 0x4B, 0x3F, 0x8B, 0x54, 0x7B, 0xCA, 0xA0, 0x07, 0x23, 0xCB, 0x97,
    0x62, 0xF5, 0xBF, 0xA2, 0xFB, 0x57, 0xB1, 0xFD, 0x76, 0x35, 0xF2, 0x6B, 0x63, 0xC2, 0xBB, 0x46,
    0xCD, 0x19, 0x29, 0x4D, 0x8D, 0x65, 0x90, 0xEA, 0x6A, 0x16, 0x1D, 0x69, 0xEC, 0x23, 0x29, 0xA6,
    0x62, 0x93, 0xF1, 0xEC, 0x23, 0x36, 0x31, 0xD3, 0x35, 0x65, 0x30, 0x76, 0xF5, 0x2C, 0x3A, 0x6F,
    0x1C, 0x0E, 0xCF, 0x80, 0x3B, 0x9F, 0x89, 0x9C, 0x20, 0x3B, 0x72, 0x46, 0x56, 0x80, 0x72, 0x16,
    0xAB, 0xE1, 0xBA, 0xEB, 0xBF, 0xF5, 0x14, 0x32, 0x49, 0x91, 0xEC, 0x24, 0x5F, 0x73, 0xA4, 0x5C,
    0x4A, 0x0F, 0xD4, 0x43, 0x36, 0x5F, 0xF7, 0xF8, 0xE3, 0xB6, 0x0C, 0x34, 0xCF, 0x64, 0xE0, 0x42,
    0xA9, 0x85, 0x9C, 0x81, 0xF2, 0x9F, 0xA8, 0xBC, 0x8D, 0xF7, 0x9A, 0x6B, 0xAF, 0x5F, 0x25, 0x94,
    0xA3, 0x22, 0x5F, 0x4F, 0xC6, 0x55, 0x4C, 0x43, 0xA5, 0xBB, 0xEF, 0x26, 0xB8, 0xD6, 0xFA, 0x8F,
    0x79, 0xEA, 0x36, 0xF1, 0x71, 0xDB, 0x18, 0x9F, 0x95, 0x5D, 0xA4, 0xAE, 0x5B, 0x6B, 0x39, 0xEE,
    0xE6, 0x2F, 0xAE, 0xBB, 0x2F, 0x19, 0xAD, 0x48, 0x7C, 0x79, 0x5C, 0x54, 0xBA, 0x88, 0x2E, 0x1C,
    0x17, 0xFD, 0x7F, 0xF2, 0xEC, 0x0C, 0xD2, 0xF1, 0xCF, 0xF2, 0x4A, 0x9D, 0x6C, 0x5C, 0x95, 0x62,
    0xD3, 0xD0, 0x90, 0xA0, 0xCB, 0x0B, 0x37, 0x57, 0xEB, 0xD9, 0x7D, 0xE9, 0xF7, 0x35, 0xE9, 0x21,
    0x33, 0xFB, 0x45, 0x6A, 0xB6, 0xE3, 0x45, 0x4E, 0xB8, 0x8B, 0xD3, 0xF9, 0x6E, 0x72, 0x02, 0x70,
    0xF9, 0x61, 0xAA, 0x4E, 0xC7, 0x57, 0x29, 0xE3, 0x85, 0x3A, 0x7D, 0x77, 0x76, 0xA9, 0x13, 0xC9,
    0xAE, 0x73, 0x43, 0x1A, 0x95, 0x56, 0x21, 0x8A, 0x6F, 0xCC, 0x64, 0xBC, 0x00, 0xFA, 0x09, 0x79,
    0xBC, 0x38, 0x4A, 0xA5, 0x7C, 0x9B, 0xC4, 0x87, 0x4A, 0xF1, 0x88, 0xD5, 0x96, 0x7C, 0x85, 0x84,
    0x13, 0x6E, 0x20, 0xD3, 0xE0, 0x52, 0x14, 0x47, 0x7E, 0xC3, 0x46, 0x6D, 0xA7, 0x7F, 0x8D, 0x73,
    0xE4, 0xFE, 0x64, 0x10, 0x4B, 0x36, 0x7F, 0x70, 0x98, 0xCA, 0x22, 0xB1, 0xB3, 0x8E, 0x5F, 0xFD,
    0x58, 0x85, 0x74, 0xA7, 0x9A, 0xE3, 0x82, 0x7A, 0xB0, 0x66, 0x17, 0x09, 0x71, 0x11, 0x71, 0xE7,
    0xFC, 0x30, 0x56, 0xCD, 0xC7, 0x7E, 0x32, 0x15, 0xF0, 0x95, 0x70, 0x94, 0xFD, 0xA3, 0x59, 0xA8,
    0xC9, 0x05, 0x2E, 0xE2, 0x47, 0x7B, 0x0B, 0xB1, 0x6B, 0x3B, 0x61, 0x5F, 0x95, 0xC0, 0x41, 0xF8,
    0x6E, 0xDF, 0x69, 0x76, 0x42, 0x93, 0x1A, 0x90, 0xF1, 0x74, 0x32, 0x28, 0x10, 0x9B, 0xCC, 0x48,
    0x60, 0x19, 0x11, 0x0E, 0x5C, 0x1D, 0x5D, 0x88, 0xCE, 0xDF, 0x7A, 0x72, 0x44, 0x20, 0x5A, 0x89,
    0xB9, 0x54, 0x1D, 0x73, 0x7F, 0x2D, 0xF4, 0xA5, 0xA7, 0x46, 0xD6, 0x07, 0xC0, 0x71, 0x02, 0xF8,
    0x37, 0xDE, 0xE4, 0xE5, 0x01, 0xC5, 0x94, 0x84, 0xEB, 0xA0, 0x2F, 0x96, 0x36, 0x9B, 0x01, 0x7E,
    0xB8, 0x18, 0xEE, 0x19, 0xFA, 0xC2, 0x03, 0x37, 0xD0, 0x5C, 0x03, 0x7D, 0xE9, 0x53, 0xC4, 0x6E,
    0x09, 0x1B, 0xA0, 0xEF, 0xF6, 0xCF, 0xE8, 0x62, 0xC4, 0x51, 0x1C, 0xD7, 0x78, 0xB6, 0xB1, 0xEF,
    0x8B, 0xF8, 0xAC, 0x2C, 0xC8, 0x40, 0x11, 0x34, 0xF2, 0x7E, 0x56, 0xCB, 0x3E, 0x95, 0x9C, 0x3F,
    0x4E, 0xA9, 0x7E, 0x75, 0xAB, 0x14, 0xE7, 0x76, 0xC1, 0x29, 0x0E, 0xD5, 0xDB, 0x29, 0x11, 0x40,
    0x72, 0xEA, 0xA4, 0xA0, 0xB9, 0xD4, 0x5C, 0xCD, 0xC7, 0x5C, 0x79, 0x8E, 0xA3, 0x1C, 0x3A, 0x76,
    0xA8, 0x7B, 0x94, 0x72, 0xC5, 0x5D, 0x21, 0x5C, 0x75, 0x77, 0x39, 0x66, 0xB7, 0xB4, 0x1C, 0x78,
    0x3D, 0x98, 0x82, 0xA4, 0x45, 0x6D, 0xFB, 0xE8, 0xBD, 0x20, 0x79, 0xC7, 0x3E, 0x48, 0xBF, 0x33,
    0x19, 0x2F, 0x7F, 0x22, 0xE0, 0xC6, 0xB6, 0xC3, 0x86, 0x6A, 0xB8, 0x0E, 0xFA, 0x54, 0xF2, 0xA9,
    0x05, 0x4A, 0xCF, 0xE6, 0x12, 0x53, 0x0F, 0x24, 0xB8, 0x71, 0x1D, 0xE2, 0x57, 0xF2, 0x3F, 0x8C,
    0x15, 0x39, 0xC9, 0x28, 0xC3, 0xB1, 0x96, 0xB9, 0x1F, 0x1F, 0xC5, 0x4F, 0xF1, 0x8C, 0x83, 0x06,
    0x34, 0xDA, 0x88, 0x1C, 0x8F, 0x0B, 0xE3, 0x54, 0x93, 0x4D, 0x3F, 0x39, 0x71, 0x34, 0x82, 0x63,
    0x2B, 0x0E, 0xBF, 0xE5, 0x83, 0x84, 0x83, 0xE9, 0xCE, 0xD8, 0x99, 0xF0, 0x9C, 0x28, 0x57, 0x54,
    0x9B, 0x54, 0xB7, 0xC1, 0xF8, 0x5B, 0xCE, 0x32, 0xC8, 0x11, 0xF5, 0xB1, 0x20, 0x2C, 0x30, 0x6E,
    0xC7, 0x7C, 0xBB, 0x2D, 0xF4, 0xDD, 0x63, 0x63, 0x1A, 0xF7, 0x56, 0xC8, 0x77, 0xB1, 0xC5, 0x37,
    0xF4, 0xD2, 0xDC, 0x55, 0x1D, 0xAE, 0x96, 0xB8, 0x70, 0xB8, 0xFD, 0x0B, 0xA0, 0x1D, 0x50, 0xB3,
    0x41, 0x3F, 0xC0, 0xB1, 0x83, 0xBC, 0xE0, 0xA0, 0xAA, 0xE5, 0x98, 0xB0, 0xB1, 0x6A, 0x4A, 0x08,
    0xF4, 0x5F, 0xF8, 0x94, 0x00, 0xFF, 0x7C, 0xCE, 0xB6, 0x38, 0xED, 0xB3, 0x15, 0x09, 0x8B, 0x90,
    0x07, 0xA4, 0xCC, 0xD7, 0x42, 0x55, 0xA6, 0xA5, 0x35, 0xDB, 0x52, 0x96, 0x0B, 0xB2, 0x35, 0xE1,
    0xBD, 0x19, 0x76, 0x9B, 0x9F, 0x7A, 0x14, 0x56, 0x7D, 0xEF, 0xA3, 0x4B, 0xB4, 0x6A, 0x89, 0xC9,
    0xAD, 0x9C, 0xAD, 0x32, 0x0D, 0x1E, 0x15, 0x4D, 0x83, 0xB5, 0x5B, 0xE5, 0x26, 0xAB, 0x3A, 0x55,
    0x05, 0xE5, 0xE0, 0xCD, 0x27, 0x38, 0xDE, 0x2A, 0x32, 0x8A, 0x78, 0x75, 0x19, 0x2A, 0xC5, 0x57,
    0x4B, 0xC5, 0x51, 0x61, 0xA0, 0xE6, 0xF1, 0xFE, 0x66, 0x8C, 0x03, 0xB8, 0xE6, 0x72, 0x67, 0x02,
    0x7D, 0x26, 0xDF, 0x7C, 0xA1, 0x5B, 0xBE, 0x5C, 0x8D, 0x73, 0x19, 0xC4, 0x2A, 0xB2, 0x5E, 0xD4,
    0xEE, 0x66, 0x31, 0x4E, 0xFA, 0xC8, 0x7E, 0x12, 0x39, 0x5A, 0x7B, 0xCA, 0xC1, 0x2D, 0x7A, 0x57,
    0x75, 0x40, 0x49, 0x3B, 0x9A, 0x76, 0x45, 0x41, 0x52, 0x8D, 0xE4, 0x74, 0xAC, 0x9F, 0x15, 0xE7,
    0xE3, 0xE5, 0xC4, 0xB4, 0xD0, 0x44, 0x07, 0x44, 0x19, 0x85, 0xFC, 0x85, 0x82, 0x2F, 0x6E, 0x78,
    0x3B, 0xBC, 0x78, 0xA8, 0xE4, 0x91, 0x70, 0x39, 0xF6, 0x80, 0xA8, 0xFE, 0x67, 0x8B, 0x4E, 0xF4,
    0x8D, 0x9C, 0xA8, 0xBB, 0xB7, 0xC2, 0x0B, 0xA0, 0x01, 0xF2, 0x35, 0xF3, 0xBA, 0xF1, 0xC3, 0x18,
    0x65, 0x0D, 0xC0, 0xE3, 0x4A, 0x8F, 0x3E, 0x4B, 0xFE, 0x1E, 0x6F, 0x89, 0x17, 0x47, 0xA6, 0x44,
    0xE9, 0xE3, 0xED, 0xC8, 0x72, 0x22, 0x80, 0x04, 0x78, 0x4B, 0xBC, 0xB8, 0x05, 0x8C, 0x75, 0x97,
    0xCD, 0xED, 0x54, 0x86, 0x6A, 0x71, 0x3E, 0xDF, 0x38, 0x24, 0xD2, 0xD7, 0xCA, 0xEC, 0x02, 0x70,
    0x53, 0xFF, 0xAE, 0x0C, 0xAD, 0xD9, 0xB2, 0x27, 0x86, 0x3C, 0x94, 0x48, 0x3C, 0x70, 0x65, 0xBF,
    0x31, 0x68, 0xE0, 0x6F, 0xA5, 0x82, 0x4A, 0x30, 0xAF, 0xFC, 0xBD, 0xA8, 0x5F, 0x52, 0x65, 0xB0,
    0x31, 0x93, 0x87, 0x4D, 0x41, 0x9F, 0x13, 0x35, 0xE5, 0x61, 0xFB, 0x85, 0x3C, 0x64, 0x3D, 0x57,
    0x4B, 0x16, 0x6A, 0x5F, 0xCF, 0x85, 0x97, 0x6F, 0xD5, 0x28, 0xB6, 0x9D, 0x48, 0x98, 0xD5, 0xFF,
    0x0E, 0x30, 0xDF, 0x5E, 0xCE, 0x89, 0x51, 0xE3, 0x34, 0x35, 0xBB, 0xE8, 0x21, 0x2E, 0x3D, 0x9C,
    0x23, 0xA7, 0x23, 0x3F, 0x7F, 0x2A, 0x0F, 0x4B, 0x3C, 0xC0, 0xCF, 0xE5, 0xE1, 0xB9, 0xE8, 0xBC,
    0x58, 0x47, 0x16, 0x8B, 0x98, 0x05, 0xBC, 0xB6, 0x35, 0xDE, 0x97, 0x9F, 0x7E, 0x48, 0xD9, 0x80,
    0x43, 0x76, 0x49, 0x35, 0x1A, 0xAD, 0x31, 0xAE, 0x14, 0x28, 0x56, 0xD1, 0xF4, 0xE7, 0x3B, 0x37,
    0x54, 0x41, 0x8D, 0xF5, 0xA2, 0x9F, 0xF5, 0x6C, 0x94, 0xBD, 0x6A, 0x31, 0xAA, 0xB1, 0x9D, 0xE0,
    0x66, 0xF4, 0x46, 0xAF, 0x15, 0xA9, 0x8D, 0xEC, 0x27, 0x3B, 0xCC, 0x2D, 0xB4, 0x73, 0x1E, 0x13,
    0x3F, 0x09, 0x79, 0xB1, 0x1E, 0xDF, 0xE7, 0x09, 0xD9, 0x1D, 0xFF, 0x89, 0x7F, 0xEC, 0x9D, 0x35,
    0xCE, 0xB1, 0x62, 0x6A, 0x81, 0x38, 0xBC, 0x28, 0xA6, 0xB7, 0xC3, 0x8B, 0xF4, 0x24, 0xC6, 0x2D,
    0x76, 0x5C, 0x7F, 0x10, 0x57, 0x28, 0xED, 0xB2, 0x17, 0x1C, 0xDB, 0xEC, 0xEB, 0xEE, 0xC5, 0x95,
    0x8D, 0xB8, 0x76, 0xE2, 0xE2, 0x3D, 0x51, 0x7B, 0xF1, 0x63, 0x33, 0x7E, 0xFD, 0xBD, 0xB8, 0x79,
    0x3A, 0xD6, 0x43, 0x37, 0x4B, 0xFC, 0xA0, 0x07, 0x8E, 0xBF, 0xD6, 0x1C, 0x45, 0xCD, 0xF5, 0xAC,
    0xC1, 0x7D, 0x3B, 0x29, 0xD9, 0x28, 0x55, 0xB9, 0x38, 0x8F, 0x35, 0x81, 0xAB, 0x59, 0x0A, 0x97,
    0x56, 0xDB, 0x0B, 0x0E, 0x28, 0x36, 0x36, 0xC8, 0x65, 0x36, 0x63, 0x10, 0x66, 0x20, 0xA5, 0xD7,
    0xC0, 0x83, 0xD0, 0x09, 0x8D, 0xDA, 0x64, 0x47, 0x78, 0xE3, 0xBE, 0xF1, 0xFF, 0x00, 0xD5, 0x98,
    0x01, 0xC4, 0x26, 0x45, 0x18, 0xC7, 0x9F, 0xDD, 0xBD, 0x6E, 0xB1, 0xD8, 0x20, 0xB8, 0xB0, 0x01,
    0x38, 0x58, 0x00, 0x70, 0x66, 0xEA, 0x00, 0x07, 0x87, 0x92, 0x04, 0x20, 0x5C, 0x70, 0x00, 0x10,
    0xBB, 0x81, 0x00, 0x0E, 0x01, 0x00, 0x0E, 0xF5, 0xC1, 0x01, 0x74, 0xD0, 0x4C, 0x85, 0x00, 0xB6,
    0x10, 0x84, 0x9B, 0x9C, 0xEB, 0xE8, 0x60, 0x64, 0xD3, 0x7E, 0x77, 0xB3, 0xFB, 0xEF, 0xF9, 0xCF,
    0xFA, 0xB6, 0xFB, 0x48, 0x42, 0xBD, 0xF4, 0x78, 0xE7, 0xF7, 0xF8, 0xAC, 0x7D, 0xFE, 0xFF, 0x77,
    0xDE, 0x9D, 0x67, 0x66, 0x3F, 0x69, 0x17, 0x11, 0xE9, 0x88, 0x7E, 0x56, 0x98, 0x0C, 0x9C, 0x13,
    0x18, 0x65, 0x00, 0xA2, 0x38, 0x60, 0x16, 0xF8, 0x61, 0x51, 0x74, 0xA9, 0x80, 0x6F, 0x15, 0x63,
    0x9B, 0x4A, 0xD8, 0x2E, 0x55, 0x10, 0xB3, 0x54, 0x28, 0x10, 0x6B, 0x00, 0xA1, 0x51, 0xF8, 0x16,
    0xD8, 0x44, 0x11, 0xA4, 0x5D, 0xED, 0xA5, 0xEA, 0xF1, 0x02, 0x8C, 0x77, 0x2C, 0xD9, 0x61, 0x65,
    0x02, 0xE5, 0xA4, 0x62, 0x0D, 0x91, 0x1A, 0x3F, 0xA8, 0xAE, 0xB4, 0x9B, 0x0C, 0x4C, 0x89, 0xF7,
    0xB0, 0x0C, 0x93, 0x16, 0x42, 0x60, 0x95, 0x06, 0x9E, 0xC9, 0x40, 0x44, 0x86, 0x00, 0xD6, 0x77,
    0xDF, 0xC1, 0x33, 0x7D, 0xCF, 0x5A, 0x82, 0xAF, 0xE1, 0x99, 0xBE, 0xE2, 0x35, 0x75, 0xEC, 0x54,
    0x48, 0x3D, 0xF7, 0xB0, 0xAA, 0xA3, 0x1A, 0x9E, 0xA9, 0xD8, 0x93, 0x68, 0xAA, 0xB7, 0x9C, 0x9A,
    0xF5, 0xC6, 0xBB, 0x18, 0x55, 0xD5, 0x00, 0xC2, 0x44, 0x83, 0x5D, 0xEA, 0x11, 0xB2, 0x87, 0xB7,
    0x2F, 0xBE, 0xCC, 0xF1, 0x4D, 0x90, 0x93, 0xC1, 0xB4, 0x27, 0xBF, 0x27, 0x92, 0xD3, 0x99, 0xA3,
    0x3C, 0x53, 0x50, 0x46, 0x24, 0x5B, 0x1B, 0x3C, 0xAB, 0x4C, 0x8A, 0x26, 0x28, 0x18, 0xC5, 0xA7,
    0x8A, 0x1E, 0x2D, 0xE7, 0xFB, 0x51, 0x2C, 0x01, 0x84, 0x1A, 0xCF, 0x30, 0xB5, 0x28, 0x30, 0x75,
    0x49, 0xE0, 0xFB, 0x45, 0xA1, 0x9A, 0x18, 0x4D, 0x2C, 0x60, 0x87, 0x50, 0x42, 0x86, 0xA0, 0x55,
    0x5D, 0xA8, 0x89, 0x3C, 0x5D, 0xFD, 0x2A, 0x66, 0x43, 0x12, 0x03, 0x45, 0x87, 0xA7, 0x8B, 0xD4,
    0xB8, 0xB5, 0x88, 0xBC, 0x2A, 0x39, 0xCE, 0xEE, 0xA9, 0x19, 0x5A, 0xAC, 0x69, 0xA6, 0x5D, 0xA8,
    0x19, 0x68, 0xC8, 0x9E, 0xD2, 0xC6, 0xF5, 0xFB, 0x0A, 0x97, 0x68, 0x65, 0x13, 0x69, 0x12, 0xAC,
    0xBA, 0x30, 0x5E, 0x9C, 0x6D, 0xA7, 0x53, 0xCE, 0x86, 0xDC, 0x96, 0x72, 0x2B, 0x66, 0x69, 0xF1,
    0x2C, 0x4A, 0xA7, 0x1A, 0x62, 0x6E, 0xC1, 0xCB, 0x0D, 0x79, 0x78, 0xCA, 0xD9, 0x60, 0x54, 0xB1,
    0xB7, 0xD2, 0x2C, 0x83, 0x97, 0x76, 0x71, 0x5E, 0x9A, 0xC8, 0x1F, 0xC4, 0x5E, 0x39, 0xA5, 0x8D,
    0x6E, 0x52, 0x60, 0x51, 0xB5, 0x73, 0x2E, 0x94, 0x78, 0x23, 0x83, 0x7F, 0xA6, 0x7C, 0x41, 0xD1,
    0xDD, 0x3B, 0xA1, 0x21, 0x6A, 0x7C, 0x90, 0x55, 0x1E, 0x61, 0x12, 0xE0, 0x11, 0x30, 0x97, 0x60,
    0xA4, 0x1A, 0x3F, 0x62, 0x6D, 0x53, 0xBB, 0x95, 0x88, 0x75, 0xCA, 0x3D, 0xA9, 0x49, 0xFD, 0x4C,
    0xD9, 0x44, 0xCD, 0x5F, 0x30, 0x53, 0x15, 0x98, 0xA8, 0x0B, 0x95, 0x9A, 0x2A, 0x3C, 0xBF, 0x2D,
    0x6E, 0x52, 0x6D, 0xA1, 0x3A, 0x93, 0xEA, 0x63, 0x2C, 0xAC, 0x3A, 0xC0, 0x93, 0xBB, 0xA3, 0x01,
    0x63, 0x6C, 0xF1, 0x54, 0x93, 0xAD, 0xF1, 0xC9, 0x63, 0x9C, 0x67, 0x27, 0xAF, 0x89, 0xC6, 0x1D,
    0xAB, 0xFE, 0x92, 0x38, 0x24, 0xAD, 0xB7, 0xD4, 0xF8, 0x79, 0x66, 0x89, 0x2E, 0xED, 0x4B, 0x5C,
    0x35, 0x65, 0xE0, 0x08, 0x2C, 0xBE, 0x8F, 0x81, 0x63, 0x2E, 0xB4, 0xAE, 0x1B, 0x3B, 0x2D, 0xDC,
    0xE8, 0x28, 0xB0, 0xED, 0x4B, 0x0D, 0x3A, 0xDC, 0xA4, 0x05, 0x42, 0x1E, 0x2D, 0x26, 0x1D, 0x6C,
    0x3D, 0xEC, 0x15, 0x9F, 0x5F, 0xF4, 0x8A, 0x02, 0xF6, 0xAF, 0x7B, 0x85, 0xBC, 0x67, 0xF5, 0x2F,
    0x2C, 0x7A, 0x11, 0x90, 0x82, 0x86, 0x2B, 0x7C, 0xAC, 0xE6, 0x57, 0xC1, 0xD8, 0x2D, 0x8A, 0x7E,
    0xAE, 0x61, 0xCD, 0x73, 0x07, 0x19, 0x80, 0x44, 0x4C, 0xE2, 0xB6, 0xFB, 0x59, 0x35, 0x7B, 0xCB,
    0x86, 0xDF, 0x10, 0xB3, 0xBD, 0x9F, 0x9F, 0xFC, 0x28, 0x0D, 0x51, 0xE4, 0x2E, 0xFC, 0x8A, 0xDD,
    0x7B, 0x45, 0x6E, 0xC8, 0x8A, 0x46, 0x5D, 0x4B, 0x97, 0x1B, 0xF8, 0xA4, 0xF8, 0x52, 0x4E, 0x69,
    0x23, 0xF7, 0x0A, 0x24, 0x5A, 0x59, 0xD9, 0xB1, 0x40, 0x17, 0xC3, 0xA8, 0x2E, 0x3A, 0x7F, 0x42,
    0x1B, 0x8C, 0x3A, 0x1A, 0x75, 0x30, 0x63, 0x24, 0xAC, 0xB4, 0xD1, 0x89, 0x14, 0x72, 0xE5, 0x64,
    0xB3, 0xC1, 0x6D, 0xA4, 0x54, 0x61, 0x6E, 0xCC, 0x9E, 0xCF, 0x4D, 0x1D, 0x24, 0x07, 0x0B, 0xC0,
    0xEB, 0xA7, 0xC0, 0x58, 0x52, 0x56, 0xF6, 0x4F, 0xBD, 0xF1, 0x91, 0x6A, 0x53, 0xFE, 0x2C, 0xA2,
    0x26, 0xFA, 0x59, 0x4C, 0xE4, 0x27, 0xAB, 0x7D, 0x78, 0xEF, 0xD8, 0xFF, 0xDA, 0xB4, 0xEF, 0x04,
    0xC6, 0xCA, 0x11, 0xB4, 0x05, 0x9F, 0x87, 0x16, 0xCE, 0xD2, 0x15, 0xE4, 0x18, 0x5A, 0x9D, 0xE5,
    0x79, 0x2B, 0x07, 0x15, 0x28, 0x41, 0x0D, 0x2A, 0xE4, 0x91, 0x65, 0xAE, 0x7D, 0xA6, 0xB5, 0x56,
    0x29, 0x01, 0x69, 0x92, 0xB3, 0x6C, 0xF5, 0x83, 0x6D, 0xC2, 0xBF, 0xAD, 0xC3, 0xA8, 0xE6, 0x7E,
    0x64, 0x1B, 0xE5, 0xA8, 0xA3, 0xB1, 0xEC, 0xA1, 0xFF, 0x81, 0x0E, 0xE3, 0x8B, 0x8A, 0x65, 0xEE,
    0x06, 0xAD, 0x03, 0x2D, 0x3C, 0xE8, 0x9D, 0x05, 0x92, 0x96, 0x00, 0x14, 0xBF, 0xB2, 0xA8, 0xC5,
    0x48, 0x59, 0x2F, 0xFD, 0x3A, 0xF8, 0x02, 0x70, 0xBE, 0xDE, 0xCF, 0x47, 0x0F, 0xE0, 0x4D, 0xAA,
    0x14, 0xB1, 0x84, 0x1F, 0x42, 0x01, 0xEF, 0xA6, 0x12, 0x23, 0xBC, 0x7A, 0x82, 0x57, 0x33, 0xF0,
    0x35, 0xD4, 0x6F, 0xBB, 0xCA, 0x70, 0xEE, 0x16, 0x31, 0x40, 0x94, 0x16, 0xF0, 0x2A, 0xA6, 0x3A,
    0xC7, 0x33, 0x79, 0x45, 0x75, 0x27, 0xA3, 0xBA, 0xDB, 0x2A, 0x15, 0x54, 0xBD, 0xFE, 0x09, 0xB3,
    0x34, 0xFE, 0x75, 0xEA, 0x32, 0xD8, 0x41, 0x5D, 0xA3, 0x36, 0xD0, 0x23, 0x08, 0x1C, 0x62, 0x81,
    0xD5, 0xCD, 0x25, 0x42, 0xAF, 0xF0, 0xFD, 0x5C, 0xC1, 0x12, 0x62, 0x62, 0xBD, 0x29, 0xF4, 0xFB,
    0x9B, 0xD0, 0x26, 0xAD, 0xAA, 0x50, 0xFD, 0x7C, 0xE6, 0xCB, 0x8D, 0x55, 0x6F, 0xDC, 0x5B, 0xB9,
    0x89, 0x17, 0xAD, 0x5C, 0xAE, 0xBE, 0xD4, 0xAA, 0x14, 0xE2, 0x28, 0x6B, 0xBC, 0xA2, 0x99, 0x14,
    0x39, 0xEE, 0xE8, 0xE8, 0x10, 0xF5, 0x22, 0xF2, 0x23, 0x00, 0xE1, 0x4E, 0x61, 0xDB, 0xAD, 0x80,
    0xCF, 0x3B, 0x85, 0x99, 0x89, 0xA8, 0x18, 0xC2, 0x05, 0xDC, 0xA4, 0x6A, 0x6E, 0x52, 0x73, 0x43,
    0xA8, 0x55, 0x2D, 0x76, 0x5B, 0xDE, 0x29, 0x8E, 0x55, 0xC1, 0xA9, 0x5F, 0xE5, 0x1F, 0xB4, 0xAA,
    0x53, 0xDA, 0xF8, 0xBB, 0x56, 0x75, 0x42, 0x1B, 0x3C, 0xD6, 0xD4, 0x6B, 0x19, 0xF7, 0x63, 0x4D,
    0x0F, 0x4C, 0x62, 0xF8, 0x08, 0x7C, 0x24, 0x0F, 0x4F, 0x39, 0x1B, 0x8C, 0x3A, 0x1C, 0x1D, 0x33,
    0xB2, 0x63, 0x86, 0xA3, 0x63, 0x9E, 0xCA, 0x46, 0x31, 0xD3, 0x46, 0xBA, 0x84, 0x72, 0x56, 0x30,
    0xAE, 0x9F, 0x9D, 0x9D, 0xE5, 0x8D, 0xDF, 0xFF, 0x89, 0xE3, 0x64, 0x28, 0x52, 0x5D, 0xBE, 0xAD,
    0x5A, 0x2E, 0x2E, 0xEC, 0x71, 0xED, 0xCD, 0x51, 0xFD, 0x22, 0x4F, 0x71, 0x10, 0x07, 0xB6, 0xDF,
    0x27, 0x98, 0xF6, 0x97, 0xA1, 0xAD, 0x46, 0x6C, 0x53, 0xAB, 0x58, 0x0C, 0x62, 0xB7, 0x38, 0x13,
    0xBB, 0xDF, 0x92, 0x89, 0xFD, 0x8B, 0x79, 0x08, 0x3D, 0x82, 0x9B, 0x3A, 0xAE, 0xF7, 0x0E, 0x15,
    0x46, 0xF6, 0x03, 0x1A, 0x4F, 0xD2, 0xB2, 0x9C, 0x01, 0xAC, 0xF4, 0x85, 0x0A, 0x71, 0xA2, 0xD8,
    0xF5, 0x09, 0xD8, 0x4B, 0x2F, 0x0F, 0xDD, 0xA4, 0x60, 0xFF, 0x3F, 0xA2, 0x82, 0x74, 0xB3, 0xA2,
    0x3F, 0x56, 0xB2, 0x22, 0xC9, 0x10, 0xF2, 0x4A, 0x56, 0xA8, 0xDA, 0xA2, 0xE8, 0xE7, 0x7C, 0x28,
    0x2B, 0x89, 0x0A, 0xD6, 0x84, 0x1A, 0x5C, 0xF3, 0x8A, 0xD8, 0xE7, 0x99, 0xD4, 0x1B, 0xF1, 0x3B,
    0xA7, 0xF3, 0x71, 0x92, 0x1A, 0x37, 0xD3, 0xF1, 0x9D, 0x8F, 0x97, 0x07, 0x55, 0xC9, 0x2D, 0xF2,
    0x78, 0x79, 0x38, 0xA5, 0x8D, 0x6B, 0xF7, 0x15, 0xFB, 0xBB, 0x1C, 0x5E, 0x7E, 0x79, 0x18, 0x6C,
    0x3B, 0x9D, 0xCC, 0xC6, 0xB1, 0xDB, 0xEC, 0xA7, 0x76, 0x85, 0xF3, 0x52, 0x1F, 0xA7, 0xF6, 0x13,
    0xDA, 0xC8, 0x3D, 0x58, 0xBA, 0x44, 0x9A, 0x48, 0xC2, 0x2B, 0xCA, 0x6D, 0x37, 0x28, 0x97, 0xC3,
    0x04, 0x71, 0x81, 0x84, 0x97, 0x2C, 0x27, 0xD4, 0x13, 0xF5, 0xC7, 0xCE, 0xD9, 0xC5, 0x36, 0x91,
    0xEA, 0x46, 0xDA, 0xD9, 0x44, 0xD2, 0x4D, 0x24, 0xBC, 0xF2, 0x1C, 0x3C, 0xE1, 0x3C, 0x07, 0x9F,
    0xBC, 0x17, 0x2B, 0x89, 0x85, 0x22, 0x88, 0x99, 0x21, 0x33, 0x8B, 0x63, 0x3C, 0xDE, 0x77, 0xB5,
    0xEE, 0xE1, 0x6F, 0x98, 0x09, 0x84, 0x4C, 0x4F, 0x6E, 0xBB, 0xA9, 0x8B, 0x7F, 0x08, 0x1C, 0xF6,
    0x0B, 0x8C, 0xC7, 0x43, 0xAF, 0x75, 0x0E, 0xD6, 0x5B, 0xE6, 0x7A, 0x95, 0x4E, 0x92, 0xA3, 0xCF,
    0x0D, 0x49, 0x09, 0x40, 0x55, 0xF0, 0x40, 0xD9, 0xAF, 0x15, 0xAC, 0x98, 0x25, 0x33, 0x96, 0x64,
    0xA8, 0x94, 0xC3, 0xC4, 0x1A, 0xCE, 0x93, 0xF0, 0x75, 0x66, 0xBB, 0x91, 0xEA, 0xAE, 0xC0, 0x64,
    0x16, 0x15, 0x04, 0xA2, 0x54, 0xCA, 0x49, 0xAA, 0xCD, 0xC1, 0xAA, 0x60, 0xBF, 0xAA, 0xD4, 0x5A,
    0x64, 0x41, 0x8A, 0xB7, 0x2F, 0xB1, 0x5B, 0xC8, 0x7E, 0x26, 0x4D, 0x3C, 0x78, 0x44, 0xFF, 0xD6,
    0xA2, 0x1C, 0xBE, 0x49, 0x4A, 0xF7, 0x2D, 0x39, 0xDC, 0x5C, 0xF2, 0xBE, 0x6D, 0xFF, 0x37, 0xBF,
    0xCB, 0x1F, 0xCD, 0x99, 0x01, 0xA4, 0xE5, 0xD8, 0x19, 0x80, 0xFF, 0xDC, 0xEC, 0xCC, 0xE5, 0x05,
    0x59, 0xB4, 0x96, 0x19, 0xA4, 0x00, 0x3B, 0x68, 0x00, 0x00, 0x39, 0x55, 0x14, 0x85, 0xC5, 0xBC,
    0x52, 0x05, 0x68, 0xB1, 0x45, 0x07, 0x0A, 0xA0, 0x49, 0x15, 0x45, 0xE1, 0xA2, 0x00, 0x74, 0xF0,
    0xD0, 0xBE, 0xD2, 0x07, 0x50, 0xB4, 0x4D, 0x58, 0x14, 0x85, 0x68, 0x15, 0x14, 0x0D, 0x1D, 0x5D,
    0xED, 0x62, 0x83, 0x8C, 0xB9, 0xF3, 0x9A, 0x9B, 0xBF, 0xFF, 0x77, 0xF2, 0x9B, 0xDB, 0xB9, 0x8F,
    0x52, 0xBB, 0x5E, 0xEF, 0xF1, 0xF2, 0x9D, 0xE7, 0x25, 0x39, 0xFF, 0xFF, 0x7F, 0xE7, 0xDE, 0x93,
    0x24, 0x4F, 0x44, 0x2E, 0x2F, 0x3F, 0x10, 0xD9, 0xA8, 0xF6, 0x22, 0xA9, 0x6A, 0xE7, 0x7C, 0xBB,
    0xB5, 0x13, 0xD4, 0xBD, 0x70, 0xE4, 0x6C, 0xDC, 0x46, 0xE6, 0xFF, 0x82, 0xC5, 0x2B, 0x58, 0xFD,
    0x0D, 0xD6, 0x7F, 0x3A, 0x18, 0xF5, 0x23, 0x63, 0xA2, 0x5F, 0x35, 0xA6, 0x9A, 0x2E, 0x76, 0xF8,
    0x61, 0x63, 0xCC, 0xE7, 0x8D, 0xDA, 0xE1, 0x13, 0xAC, 0x54, 0x8D, 0x6D, 0xA4, 0xC2, 0x0D, 0x0C,
    0xA9, 0x5E, 0x7E, 0x43, 0x43, 0x66, 0x27, 0x6A, 0xC8, 0x67, 0x63, 0x53, 0x4E, 0xB0, 0x1A, 0x8D,
    0x5D, 0xDB, 0x43, 0x49, 0x2E, 0x2F, 0x83, 0x64, 0xAA, 0x8D, 0xE4, 0xAA, 0x01, 0x78, 0x9A, 0xC9,
    0x4F, 0x0D, 0xA5, 0xE6, 0xA3, 0x0D, 0xFC, 0xD7, 0x91, 0x11, 0x87, 0xAD, 0x7E, 0xA2, 0x7D, 0xAE,
    0x89, 0xF6, 0xC5, 0x6C, 0xE7, 0x96, 0x7B, 0x83, 0x0D, 0xC6, 0x88, 0x89, 0x86, 0x7A, 0xB0, 0x5C,
    0xEA, 0x21, 0x55, 0x69, 0x87, 0x2D, 0xC8, 0x17, 0xA9, 0xC7, 0xF2, 0x20, 0xD5, 0x62, 0x05, 0x56,
    0x6A, 0x28, 0xF4, 0xE3, 0xBD, 0x95, 0xFB, 0x75, 0xAB, 0xFD, 0x5D, 0xA1, 0x6D, 0x76, 0xC9, 0x73,
    0xAB, 0x68, 0x4C, 0x47, 0xAB, 0x6E, 0xB9, 0x19, 0x5C, 0x18, 0x65, 0x04, 0xE3, 0xE3, 0x17, 0x72,
    0xD6, 0xF2, 0x2E, 0x9A, 0xCD, 0x4E, 0xF2, 0x2E, 0xEF, 0x25, 0xBF, 0x6D, 0x3B, 0x34, 0x06, 0x3B,
    0x9D, 0xC0, 0xCF, 0x76, 0xF7, 0xA9, 0xF1, 0xBC, 0xB4, 0x90, 0x04, 0x99, 0x48, 0x3E, 0xC0, 0xAA,
    0x83, 0x75, 0x80, 0xCE, 0x19, 0x56, 0x91, 0xD9, 0x5E, 0xEE, 0xC9, 0x54, 0x41, 0x1E, 0x2D, 0x81,
    0x08, 0x9C, 0xEE, 0xC1, 0x0C, 0xB4, 0xC7, 0x9A, 0x41, 0xDA, 0xE3, 0x77, 0x75, 0x73, 0x0D, 0xF3,
    0x05, 0x96, 0x7B, 0x58, 0xF7, 0x50, 0x03, 0x3B, 0x67, 0x39, 0x69, 0x85, 0xBE, 0xC0, 0xA8, 0x7F,
    0x85, 0x8C, 0xEE, 0x6F, 0x49, 0x7E, 0x2B, 0x89, 0x0E, 0xF2, 0x8E, 0xA4, 0x51, 0xCC, 0x56, 0x7D,
    0x58, 0x38, 0xC3, 0x62, 0x0F, 0xCB, 0x09, 0x56, 0x2B, 0xC7, 0x53, 0xFA, 0xDF, 0xD7, 0x23, 0x67,
    0x98, 0x6B, 0x78, 0xEC, 0xA1, 0x24, 0x8D, 0x14, 0x88, 0xC0, 0xD7, 0xEC, 0x7F, 0xEA, 0x45, 0x78,
    0x30, 0x4A, 0xF0, 0x0A, 0x34, 0xBC, 0x95, 0xFF, 0x87, 0x81, 0xE4, 0x67, 0x4B, 0xD5, 0x60, 0xD2,
    0xD1, 0xF5, 0xF7, 0xC9, 0x46, 0x26, 0xB5, 0xD9, 0x63, 0xAF, 0x69, 0xD4, 0x11, 0x03, 0x9E, 0xDE,
    0xA0, 0x8E, 0x98, 0x92, 0xC6, 0x0A, 0x6E, 0x1B, 0x29, 0x58, 0x48, 0x32, 0x90, 0x28, 0x61, 0x1F,
    0x04, 0xA1, 0x5D, 0xEF, 0xA2, 0xE7, 0x31, 0x26, 0x3E, 0xBD, 0xF9, 0x30, 0xEA, 0x57, 0x96, 0xF8,
    0x51, 0xA9, 0xCF, 0x5F, 0xA6, 0x17, 0x41, 0x0D, 0x94, 0xE0, 0x15, 0x50, 0x00, 0xF9, 0xDF, 0xAB,
    0xCC, 0x77, 0x22, 0x6D, 0x3F, 0x8E, 0x3A, 0x67, 0x9C, 0x58, 0xF8, 0x3E, 0x38, 0x7B, 0x99, 0x14,
    0x41, 0x09, 0xA4, 0xCE, 0x46, 0xF2, 0xA4, 0xEE, 0x16, 0x91, 0x88, 0x43, 0x14, 0x62, 0x10, 0x81,
    0xF8, 0x23, 0x1A, 0x71, 0x91, 0x87, 0xAC, 0xD6, 0x37, 0x7E, 0xC7, 0x1B, 0xDA, 0xB0, 0x86, 0x34,
    0x73, 0xE6, 0xCA, 0x3E, 0x94, 0x8B, 0x9D, 0xED, 0x6F, 0x6A, 0x53, 0x56, 0xFE, 0x71, 0x89, 0x39,
    0x92, 0x70, 0xA6, 0xF8, 0x4E, 0xB5, 0x39, 0x7F, 0x63, 0x5E, 0x04, 0x35, 0x50, 0x82, 0x57, 0x40,
    0x01, 0xE4, 0x7F, 0x9F, 0x1F, 0xBF, 0x27, 0xE1, 0xE1, 0x73, 0xCB, 0xAC, 0x2F, 0x7B, 0x4B, 0x62,
    0xD4, 0x80, 0x86, 0x43, 0xD4, 0xC8, 0xD8, 0xE8, 0x79, 0xAB, 0xE5, 0xFA, 0x8F, 0x68, 0x54, 0x07,
    0xCA, 0x21, 0x37, 0x64, 0x1A, 0x5F, 0x3E, 0x53, 0x8B, 0x33, 0x62, 0xD2, 0xE2, 0x1A, 0xDB, 0x5E,
    0xB4, 0xF7, 0x5F, 0xE0, 0x90, 0x38, 0x1B, 0xFB, 0xCB, 0x46, 0x83, 0xED, 0x4D, 0x55, 0x6C, 0x97,
    0xD1, 0x76, 0x6D, 0x17, 0x2A, 0xCF, 0x0E, 0xCC, 0x42, 0x7E, 0x90, 0x62, 0x61, 0x0A, 0xEA, 0xD9,
    0xF8, 0x9E, 0x4E, 0x04, 0xD4, 0x9E, 0x80, 0xCC, 0x1E, 0x22, 0x8C, 0x4B, 0x10, 0x5A, 0xF2, 0xF4,
    0x01, 0x42, 0xB7, 0x4B, 0x4E, 0xC2, 0xD9, 0xA1, 0x1C, 0xE3, 0xF4, 0x55, 0x5D, 0xEC, 0xEA, 0x40,
    0xB7, 0x3F, 0xF8, 0x6C, 0x72, 0x55, 0x62, 0x3A, 0x6D, 0xFC, 0x78, 0x5C, 0xAB, 0xAD, 0x75, 0xF1,
    0xDA, 0x44, 0xE1, 0x7F, 0x51, 0x2C, 0x2C, 0x64, 0x8A, 0x60, 0x3A, 0x3B, 0x9A, 0x2E, 0x5E, 0xA5,
    0xD6, 0x2E, 0x60, 0x36, 0x51, 0xDC, 0x5A, 0x1D, 0x0C, 0xD2, 0xA7, 0x0B, 0xDD, 0x90, 0xD1, 0xD5,
    0x63, 0x41, 0x34, 0xAE, 0x59, 0x74, 0x38, 0x42, 0xDB, 0x2B, 0x82, 0x6F, 0xF5, 0xC7, 0x04, 0x97,
    0x2F, 0x7C, 0x66, 0x99, 0x76, 0x78, 0x68, 0x87, 0x0A, 0xF6, 0x46, 0xDB, 0x5B, 0xC3, 0xEE, 0x3D,
    0x7D, 0xFA, 0xD9, 0x64, 0x42, 0x3B, 0x3D, 0xAA, 0x34, 0x3C, 0xBA, 0xD1, 0x5D, 0x4C, 0xAB, 0x87,
    0x98, 0x78, 0x72, 0x73, 0xDB, 0xF8, 0x97, 0x22, 0xD9, 0x21, 0xB1, 0x5C, 0x2A, 0xA3, 0x6A, 0x3B,
    0x48, 0x1A, 0x47, 0xCE, 0xCC, 0x63, 0xE7, 0x1A, 0xE3, 0x25, 0xDE, 0xED, 0xC1, 0xE0, 0xEE, 0xE2,
    0xB5, 0xDE, 0xCD, 0xD5, 0x88, 0x73, 0x6F, 0x68, 0x73, 0x6B, 0x2E, 0x2D, 0xD5, 0x1F, 0x4D, 0x47,
    0x65, 0xF1, 0x86, 0xBC, 0xD5, 0x89, 0x80, 0xE3, 0x8A, 0x63, 0xCB, 0x39, 0xAD, 0x00, 0x25, 0x65,
    0x55, 0x11, 0x2F, 0xED, 0x8C, 0xEA, 0xF8, 0xED, 0xE8, 0x0D, 0xDA, 0x81, 0x3F, 0x5F, 0x06, 0x16,
    0x85, 0x06, 0x84, 0x8D, 0xC1, 0x42, 0x5D, 0x5F, 0x1B, 0xDC, 0xC0, 0x2A, 0x20, 0x8F, 0x98, 0x1D,
    0x77, 0x46, 0x57, 0x52, 0x79, 0x70, 0x79, 0x29, 0xC7, 0xDB, 0x6D, 0xC3, 0x22, 0xDE, 0xBE, 0x19,
    0x6C, 0x18, 0x0C, 0x33, 0x3B, 0x31, 0x50, 0xAA, 0x3F, 0xD4, 0xC6, 0x06, 0xD5, 0xA6, 0xD8, 0x1B,
    0xCA, 0x69, 0xAB, 0xA1, 0xBA, 0x6D, 0x95, 0x23, 0x66, 0xD0, 0x4B, 0xBB, 0x5C, 0x79, 0xA2, 0xF5,
    0x00, 0x46, 0xF9, 0x92, 0x79, 0xF9, 0xD6, 0x48, 0xF0, 0x51, 0x32, 0x90, 0xA8, 0xF9, 0xF4, 0x6F,
    0xF0, 0x95, 0xAD, 0x25, 0x32, 0x8B, 0xE5, 0xA9, 0xBF, 0x9C, 0x5D, 0x4E, 0xC5, 0x7C, 0x3D, 0x7C,
    0x2D, 0x67, 0x20, 0xE7, 0x51, 0xB8, 0x68, 0xA4, 0x6C, 0x8A, 0x4E, 0x8A, 0x5B, 0x6D, 0xA2, 0x21,
    0xBF, 0x9B, 0xBD, 0xD9, 0xDD, 0x9F, 0x26, 0xFF, 0x04, 0xF1, 0xA1, 0xF3, 0x22, 0x40, 0x4A, 0x25,
    0xF2, 0xED, 0x73, 0xD0, 0x24, 0x09, 0xD1, 0x4B, 0xAF, 0xC4, 0x51, 0x11, 0xE9, 0x22, 0xDC, 0x97,
    0xA6, 0xFF, 0x67, 0xF9, 0x65, 0x63, 0x58, 0xFC, 0x46, 0x5E, 0xB6, 0x13, 0x27, 0x83, 0x2D, 0x91,
    0x52, 0x60, 0xF5, 0xDD, 0x93, 0x88, 0x37, 0x69, 0x64, 0x1C, 0x98, 0xF7, 0x24, 0x1D, 0xA1, 0x86,
    0x1C, 0x6C, 0x38, 0x24, 0xB9, 0x92, 0x27, 0xC1, 0x92, 0x4E, 0x14, 0x2B, 0x3F, 0x59, 0x97, 0xFB,
    0x31, 0x1E, 0xD7, 0xF9, 0x81, 0xC7, 0xE6, 0x6E, 0xBD, 0xFC, 0xB5, 0x7E, 0x6A, 0x87, 0xF8, 0x45,
    0xB0, 0xA7, 0xE6, 0x59, 0xE2, 0xD8, 0x25, 0x4B, 0xB4, 0x1C, 0x19, 0x24, 0x7A, 0x8E, 0xA2, 0xE1,
    0xC9, 0x7A, 0x8D, 0x6C, 0x38, 0x1F, 0x79, 0x37, 0xA0, 0x2B, 0x7F, 0x14, 0x36, 0x57, 0x52, 0x0C,
    0xC5, 0x60, 0xA6, 0xDB, 0xC6, 0xC6, 0xE2, 0xEE, 0x9D, 0xFD, 0xA2, 0xC3, 0xBD, 0x7E, 0x33, 0xBF,
    0xFB, 0x1C, 0x9B, 0x44, 0xF1, 0x95, 0xA1, 0x78, 0xA9, 0x9C, 0xD7, 0xB5, 0xE8, 0x95, 0xF2, 0xE4,
    0x8D, 0xCB, 0x63, 0x6E, 0xA3, 0x12, 0xBF, 0xD4, 0x28, 0x17, 0x19, 0xEC, 0x58, 0xD4, 0xF0, 0x4C,
    0x12, 0xAB, 0x2C, 0x79, 0x73, 0x3F, 0x17, 0x4E, 0xEF, 0xE7, 0x66, 0xB1, 0xA5, 0xBA, 0xDC, 0xA7,
    0x6A, 0x39, 0x4F, 0x46, 0xB3, 0xBE, 0xF2, 0xE1, 0xCD, 0x62, 0xC4, 0x61, 0x35, 0x71, 0x70, 0xB5,
    0x87, 0xE5, 0x0C, 0x73, 0x0D, 0xE5, 0x3E, 0x86, 0x9A, 0x6C, 0x64, 0xB2, 0x17, 0x88, 0xD9, 0x85,
    0x08, 0x5F, 0x14, 0xDA, 0xC5, 0x2F, 0x04, 0xB3, 0x06, 0x92, 0x49, 0x97, 0xAA, 0x93, 0x7C, 0xCA,
    0x47, 0x29, 0x9B, 0x2D, 0xB2, 0x69, 0xDF, 0x11, 0x64, 0x7E, 0x64, 0xA3, 0xEB, 0xC7, 0xDC, 0x0F,
    0xEB, 0x3E, 0xD1, 0x5B, 0xB5, 0x3C, 0xBA, 0x7A, 0xDA, 0x92, 0x45, 0x46, 0x12, 0x44, 0x1F, 0x0C,
    0x75, 0x6F, 0x82, 0xDB, 0xCE, 0xC0, 0x93, 0x72, 0x02, 0x52, 0x93, 0x3E, 0x67, 0x1A, 0x72, 0x6D,
    0x35, 0xDE, 0x60, 0x5A, 0x8D, 0xAF, 0x16, 0x2B, 0xFA, 0xF7, 0xFE, 0x65, 0xF3, 0x42, 0xED, 0x9C,
    0xEF, 0x4B, 0x3D, 0x31, 0x1B, 0x03, 0xE8, 0x0C, 0x0B, 0xE2, 0x06, 0x11, 0x5F, 0x91, 0xD7, 0x25,
    0x79, 0x5D, 0x93, 0x19, 0xCA, 0xDD, 0xFB, 0xB2, 0x7C, 0xF6, 0xBE, 0x79, 0xD3, 0x74, 0x25, 0xE9,
    0x98, 0x4E, 0xBC, 0x67, 0x1A, 0xFD, 0x1D, 0x9D, 0x6A, 0xF0, 0x97, 0x4C, 0xE7, 0xE4, 0x5B, 0x1E,
    0x44, 0x56, 0x3D, 0xAC, 0x47, 0xD8, 0x0E, 0xC7, 0x37, 0x10, 0x8F, 0xE4, 0xFC, 0x7D, 0xD3, 0x3E,
    0xA0, 0xE4, 0xE3, 0x2A, 0x0E, 0xF2, 0xBD, 0x21, 0xD9, 0x9D, 0x91, 0xEF, 0xB3, 0xB7, 0x48, 0x4B,
    0x14, 0xA6, 0x4B, 0xE4, 0x0C, 0xB3, 0x09, 0xE6, 0x3D, 0xF4, 0x45, 0x51, 0xDE, 0x07, 0x07, 0xF1,
    0x43, 0x32, 0x54, 0x17, 0xA3, 0xA1, 0x1C, 0xCE, 0xCD, 0xF7, 0x93, 0x2B, 0xA8, 0x1C, 0x99, 0xEA,
    0xC2, 0x49, 0x7B, 0x35, 0x56, 0x3D, 0x4F, 0xE8, 0xBF, 0x93, 0xA2, 0x93, 0x63, 0x63, 0xA7, 0x6C,
    0x0F, 0x0C, 0x89, 0xBA, 0x55, 0xE3, 0xCA, 0x91, 0x3F, 0x1A, 0x4B, 0x0B, 0x34, 0xF0, 0x4B, 0xDB,
    0x43, 0x7F, 0x08, 0xFA, 0xE7, 0x35, 0x0F, 0x8F, 0xCC, 0x67, 0x64, 0xB7, 0x89, 0x4C, 0x61, 0x93,
    0xAA, 0x6C, 0x34, 0xF0, 0xD4, 0xC3, 0xBB, 0x4C, 0xA3, 0xE4, 0x90, 0x51, 0xB7, 0x0B, 0xCC, 0x4E,
    0x02, 0x8E, 0xC7, 0x80, 0xFE, 0x52, 0x4D, 0x3B, 0xBF, 0x6B, 0xD6, 0x9F, 0x8D, 0x92, 0x1E, 0xB6,
    0x76, 0xF4, 0x90, 0x50, 0x11, 0x8D, 0x27, 0x4C, 0xF2, 0xE6, 0x65, 0xAA, 0xA1, 0x04, 0xD5, 0xE8,
    0x20, 0x3B, 0x43, 0x6F, 0xB3, 0xD1, 0xFE, 0x41, 0x1B, 0xD1, 0x4F, 0x75, 0x88, 0x53, 0x9F, 0xE8,
    0xA1, 0x9D, 0x36, 0x3A, 0x94, 0xCC, 0x08, 0x08, 0xC0, 0xCE, 0xD9, 0x2E, 0x06, 0x4B, 0xC9, 0xA7,
    0xC5, 0xD0, 0xF6, 0x39, 0xD3, 0x52, 0x4C, 0x86, 0x72, 0x4C, 0xFC, 0x85, 0x68, 0x35, 0xFA, 0x0B,
    0x51, 0x97, 0xC6, 0x44, 0x50, 0x99, 0x57, 0xF1, 0xB0, 0x5D, 0xAE, 0x6F, 0x96, 0x5D, 0xAE, 0xB4,
    0x61, 0xED, 0xFA, 0x0B, 0xBD, 0xBD, 0x6E, 0x6F, 0x1B, 0x77, 0x17, 0xE5, 0xD1, 0x61, 0x4F, 0x56,
    0x7D, 0xB2, 0x9A, 0x13, 0xEF, 0x56, 0x83, 0x82, 0x42, 0xEB, 0x56, 0x87, 0xB2, 0x4A, 0x74, 0x8B,
    0xAE, 0xD1, 0x3D, 0xBA, 0x48, 0xCF, 0xC1, 0x55, 0xBA, 0xCB, 0x53, 0x53, 0x9B, 0x76, 0xF9, 0xB9,
    0x6C, 0x55, 0xED, 0x44, 0xD5, 0xBD, 0x25, 0x7C, 0x7B, 0xE5, 0xAB, 0x5E, 0xDB, 0xD9, 0x5D, 0xB7,
    0x46, 0x5D, 0xED, 0x3A, 0xA3, 0x56, 0xEB, 0xEB, 0x76, 0x4C, 0xB5, 0xAF, 0x0C, 0x4D, 0x69, 0xC0,
    0x94, 0xFE, 0x57, 0x53, 0xD3, 0x5D, 0x53, 0xB4, 0x60, 0xAE, 0x52, 0x4B, 0x48, 0x3F, 0x35, 0x09,
    0xD4, 0xF8, 0x83, 0xC2, 0x6A, 0xFA, 0x4D, 0xF2, 0x6B, 0x39, 0x36, 0xDB, 0x71, 0x70, 0xD4, 0x4A,
    0x39, 0xFA, 0x42, 0x4E, 0x6F, 0x5C, 0x7D, 0xB5, 0x73, 0x50, 0xE0, 0xE9, 0xDC, 0xDF, 0xBD, 0x2D,
    0x76, 0x58, 0x62, 0xFE, 0x3E, 0x27, 0x8E, 0xDE, 0x02, 0x14, 0xD0, 0xDE, 0xDD, 0x2C, 0xB2, 0xCF,
    0xF4, 0x93, 0x91, 0xDB, 0xA1, 0xF2, 0x6B, 0xDA, 0x7D, 0x59, 0xBE, 0x77, 0xCC, 0xCB, 0xDF, 0xB9,
    0xB3, 0x31, 0xC8, 0x46, 0x03, 0x69, 0xF9, 0x46, 0x76, 0x24, 0x47, 0x46, 0xBE, 0xED, 0x49, 0x8C,
    0xBC, 0x48, 0x86, 0x2D, 0xE6, 0x73, 0x7C, 0x28, 0x75, 0x14, 0xBA, 0x9C, 0x41, 0xF5, 0xFC, 0x77,
    0x6A, 0xEB, 0x2F, 0xF4, 0x6C, 0x0B, 0x9F, 0x7B, 0xD5, 0x8F, 0xC4, 0x9F, 0x36, 0xA5, 0xBC, 0xD5,
    0xF0, 0x9F, 0x4F, 0x9B, 0xBF, 0xDA, 0x9D, 0x41, 0xFD, 0xFC, 0x83, 0x29, 0xEF, 0xB3, 0x81, 0x7F,
    0x2F, 0xE1, 0x61, 0xC3, 0xAC, 0x3C, 0x7B, 0xFE, 0xF9, 0xCF, 0x3E, 0xA5, 0xB1, 0x11, 0x9F, 0xE2,
    0x8E, 0x27, 0x53, 0xD8, 0x71, 0x80, 0xD3, 0x93, 0x7D, 0x80, 0xD3, 0x3C, 0xA8, 0x85, 0xA1, 0xA8,
    0x24, 0x16, 0x52, 0xAF, 0xFF, 0x74, 0xD8, 0x8E, 0x36, 0xCC, 0x60, 0x1B, 0x3D, 0xEB, 0x86, 0x6D,
    0x1B, 0x15, 0x6F, 0x3C, 0x71, 0xF3, 0x07, 0x96, 0x97, 0x58, 0xCC, 0x5B, 0x0F, 0xDB, 0xE4, 0xF2,
    0xBF, 0xE4, 0x21, 0xDA, 0xDC, 0x71, 0x42, 0x49, 0xAC, 0xD2, 0x19, 0xD7, 0x59, 0x56, 0xF0, 0xC6,
    0x37, 0xE6, 0x74, 0x8E, 0xA5, 0x7A, 0x4B, 0x90, 0x32, 0xAC, 0xF7, 0x5F, 0x2D, 0x83, 0xF7, 0xC7,
    0x3B, 0xAF, 0x7B, 0xF0, 0x25, 0x1C, 0xC2, 0x5E, 0xED, 0x12, 0xA6, 0x3D, 0x58, 0x80, 0xF8, 0x43,
    0x94, 0xEC, 0xC0, 0xD8, 0xFC, 0xEC, 0x2D, 0x00, 0xE3, 0x57, 0x23, 0x3F, 0x0C, 0x4C, 0x52, 0xDA,
    0x79, 0xC7, 0x98, 0x0C, 0x6F, 0x19, 0xBA, 0x05, 0xCF, 0x93, 0x6E, 0x7D, 0xDD, 0x47, 0xB6, 0xD9,
    0x71, 0xB1, 0x5E, 0xC7, 0x3D, 0xAE, 0xD9, 0xFC, 0xC6, 0xD0, 0x5E, 0x43, 0x15, 0x3B, 0xAF, 0x82,
    0x8E, 0x2C, 0x09, 0xAB, 0x9D, 0x97, 0xE4, 0x15, 0xD1, 0x59, 0x51, 0xC9, 0x9A, 0x03, 0x33, 0xDA,
    0xD2, 0x05, 0xAA, 0xF3, 0x55, 0x77, 0xBB, 0x76, 0xF9, 0x02, 0xDF, 0xAD, 0xA3, 0xF9, 0x9A, 0xDA,
    0xE9, 0xC6, 0xB5, 0xEB, 0x62, 0xF7, 0xFA, 0xE8, 0xFD, 0xDF, 0xD5, 0x99, 0x01, 0xA4, 0xEE, 0xE6,
    0x19, 0xC7, 0x9F, 0x7C, 0xB1, 0x13, 0x6E, 0x90, 0xE1, 0x1E, 0x68, 0x11, 0x00, 0x3A, 0x04, 0x00,
    0x58, 0xA2, 0x43, 0x51, 0xF4, 0xA2, 0x17, 0x40, 0xA1, 0x65, 0x1D, 0x1C, 0x00, 0xC3, 0x24, 0x36,
    0x00, 0xB8, 0x03, 0x50, 0xEC, 0xA2, 0xA3, 0xBD, 0x58, 0x01, 0x80, 0x25, 0x33, 0x14, 0xD0, 0x6C,
    0xC5, 0x00, 0x4D, 0xE9, 0xB0, 0x0D, 0x4B, 0x2D, 0x9D, 0x9C, 0xBB, 0x24, 0xCF, 0x9E, 0x9F, 0x27,
    0xAF, 0xCF, 0xF9, 0x7C, 0xE7, 0xEA, 0xAD, 0xED, 0xF4, 0xDE, 0xD7, 0x97, 0xFF, 0x7B, 0xDD, 0xE4,
    0x7D, 0x9F, 0xFF, 0xFF, 0xFF, 0xBC, 0x79, 0x9F, 0x24, 0x47, 0xA2, 0x4A, 0xEE, 0x8B, 0x64, 0x93,
    0x68, 0x25, 0xC5, 0x7C, 0xD0, 0x46, 0x4A, 0x50, 0x8A, 0x31, 0x52, 0x91, 0x8B, 0x4A, 0xDE, 0x95,
    0x1B, 0xAD, 0xED, 0xD3, 0x55, 0x44, 0xBB, 0x6C, 0xD9, 0x31, 0xD2, 0x26, 0x9F, 0xE5, 0xA0, 0x55,
    0x31, 0x49, 0xAC, 0xE2, 0x58, 0x8E, 0x3B, 0x26, 0x9B, 0xD4, 0x83, 0xD8, 0x90, 0xB6, 0x17, 0xBB,
    0x58, 0xBB, 0x80, 0x33, 0x98, 0xCF, 0x11, 0xA1, 0x26, 0x1B, 0x6D, 0x17, 0xDB, 0x08, 0x47, 0x1B,
    0x62, 0xE3, 0xAC, 0x39, 0x12, 0x50, 0x6C, 0x1C, 0x58, 0x82, 0xB9, 0x4E, 0xA0, 0x0E, 0xA0, 0x76,
    0x9C, 0x5C, 0x9D, 0xDD, 0x6B, 0x1F, 0x82, 0xCA, 0x45, 0xB1, 0x6E, 0x9C, 0x98, 0x95, 0x51, 0x43,
    0xD9, 0x19, 0x75, 0xC9, 0x7A, 0x39, 0x51, 0xD3, 0x81, 0x7A, 0x44, 0xF8, 0x08, 0x6A, 0x0C, 0x61,
    0x12, 0x30, 0xD1, 0xF3, 0x7C, 0x1C, 0xF3, 0x19, 0x2C, 0x40, 0x29, 0x27, 0x01, 0xC7, 0x80, 0xA8,
    0x71, 0xE3, 0x4E, 0x43, 0xDD, 0x12, 0x30, 0x05, 0xEF, 0x5F, 0x11, 0xA4, 0xD4, 0x85, 0xF1, 0x3A,
    0x82, 0xCA, 0x04, 0xE5, 0xB5, 0x1C, 0x9B, 0x5C, 0x3C, 0x21, 0x2C, 0x63, 0x5B, 0xED, 0x6C, 0x92,
    0xA2, 0x97, 0x74, 0xCE, 0x46, 0xC9, 0xFB, 0x03, 0x5C, 0x42, 0x23, 0x29, 0x90, 0x09, 0x00, 0x21,
    0x00, 0x52, 0x81, 0x0D, 0x00, 0x17, 0xA8, 0x00, 0x81, 0x0E, 0x80, 0x6E, 0x64, 0x07, 0xBD, 0x01,
    0x10, 0x7E, 0x63, 0x76, 0x35, 0x30, 0x9E, 0x40, 0x07, 0x04, 0x3B, 0x48, 0x77, 0xB1, 0x70, 0x75,
    0x3D, 0xD9, 0xE5, 0x91, 0x0E, 0x24, 0x5A, 0x1B, 0xC3, 0x4C, 0x49, 0x0F, 0x69, 0xAD, 0xFB, 0x76,
    0x34, 0x46, 0x7F, 0x62, 0xBC, 0x7E, 0x0A, 0x0B, 0xFD, 0x6C, 0x83, 0xD4, 0x27, 0x33, 0xA8, 0x23,
    0xB4, 0xC0, 0x58, 0x75, 0x06, 0xFF, 0xB9, 0xC0, 0x2C, 0x5B, 0xA1, 0x96, 0x6E, 0x30, 0x4A, 0x14,
    0x8C, 0xB5, 0x32, 0x3C, 0xB0, 0xBE, 0x58, 0x65, 0xF0, 0x53, 0x02, 0x4A, 0x3D, 0x82, 0xCE, 0xE8,
    0xD8, 0x92, 0x15, 0x4C, 0x3D, 0x9D, 0x23, 0x58, 0xF4, 0x60, 0xD9, 0x80, 0x97, 0x80, 0xFC, 0xE0,
    0x6D, 0x57, 0x01, 0xE6, 0x13, 0x58, 0x9C, 0x4B, 0x33, 0xD8, 0xFB, 0xBA, 0x4A, 0x15, 0x4F, 0x8B,
    0x05, 0x34, 0x5D, 0x91, 0xFE, 0x92, 0x0C, 0xE9, 0x9B, 0x0A, 0xF3, 0x7C, 0x01, 0xEB, 0x11, 0xC4,
    0xA9, 0x44, 0x71, 0x3E, 0x55, 0xFE, 0x9D, 0xA9, 0x0E, 0x20, 0x67, 0xB3, 0xB9, 0x9C, 0x09, 0xC8,
    0xF5, 0xC5, 0x88, 0xD2, 0x72, 0x4C, 0x14, 0x44, 0x63, 0x3D, 0xA0, 0xF1, 0x46, 0xCB, 0x9C, 0x9B,
    0xB3, 0xEA, 0xC1, 0xBA, 0x02, 0x37, 0x40, 0x10, 0x41, 0x7B, 0x26, 0xC3, 0x37, 0xD4, 0x7C, 0x76,
    0x86, 0xDB, 0xFF, 0x88, 0xA1, 0xAF, 0x53, 0x4E, 0x62, 0xDB, 0xEE, 0x91, 0xDA, 0x71, 0x73, 0x95,
    0xE2, 0xEF, 0xC9, 0x92, 0x0A, 0x70, 0xFB, 0x82, 0x05, 0x58, 0xB0, 0xC0, 0xB7, 0x59, 0xB0, 0xAA,
    0x8B, 0x14, 0x2C, 0xA0, 0x52, 0x75, 0x72, 0x10, 0xB9, 0xF7, 0x91, 0x2F, 0x54, 0x9B, 0x9D, 0xD9,
    0xE2, 0xC5, 0x06, 0x0F, 0x12, 0x32, 0xCF, 0x48, 0x68, 0xC1, 0x0A, 0x3E, 0x1C, 0xB0, 0x41, 0x07,
    0x43, 0xA0, 0xC2, 0x01, 0x1B, 0x78, 0xC0, 0x20, 0x1C, 0x10, 0x81, 0x07, 0x53, 0xF8, 0x34, 0xE7,
    0xA7, 0x92, 0xEC, 0xCC, 0x89, 0x72, 0xE0, 0xE4, 0x69, 0x0C, 0x28, 0x12, 0xE7, 0xD6, 0x18, 0x1C,
    0xE8, 0x44, 0x26, 0x02, 0x5D, 0xA4, 0x37, 0x0F, 0xC8, 0x66, 0x68, 0xCE, 0x91, 0xE9, 0xC5, 0x0C,
    0x7C, 0xC0, 0x89, 0x87, 0xD5, 0x59, 0x11, 0x4C, 0x9E, 0xAC, 0xA7, 0x22, 0x4E, 0x78, 0x8E, 0xE7,
    0x79, 0x9E, 0x99, 0x2A, 0x34, 0xA6, 0x44, 0x72, 0x36, 0xFA, 0xED, 0x56, 0x5A, 0xF4, 0x4B, 0x5F,
    0x03, 0x17, 0x1F, 0x59, 0x00, 0x36, 0x8C, 0x29, 0xE7, 0x7E, 0x2D, 0x3B, 0xA0, 0x32, 0x33, 0xDE,
    0xFF, 0xFF, 0xAD, 0x01, 0xF2, 0x7C, 0xF9, 0xC0, 0x4E, 0x97, 0xBD, 0x05, 0x6F, 0xD9, 0x33, 0x58,
    0xC4, 0x5F, 0xAF, 0x06, 0xFF, 0x9A, 0xC2, 0x8E, 0xD9, 0x9F, 0x0F, 0x7E, 0x8C, 0xFB, 0xEC, 0xE0,
    0xF9, 0xF9, 0xE5, 0xCD, 0xEC, 0xDF, 0x61, 0xF5, 0xDF, 0x27, 0xB8, 0x56, 0x91, 0xBE, 0xAE, 0xDD,
    0xC1, 0xA0, 0x89, 0x35, 0x52, 0x82, 0xBF, 0xFB, 0xDC, 0xCA, 0x9F, 0x67, 0x85, 0x3F, 0x38, 0xE8,
    0x4F, 0xD6, 0x58, 0xD3, 0x2D, 0xD6, 0x6C, 0xB3, 0x7E, 0x49, 0xB6, 0xE8, 0xD1, 0xB7, 0x5A, 0xE1,
    0xF1, 0x76, 0x5B, 0x52, 0x8E, 0xC2, 0xBF, 0xA9, 0x28, 0x7A, 0x1D, 0x30, 0x00, 0x14, 0x04, 0xAD,
    0x24, 0xD1, 0x69, 0xFF, 0xFF, 0x1C, 0xC8, 0x70, 0xFD, 0xE2, 0x5C, 0x9D, 0x52, 0x55, 0x36, 0xA9,
    0x8D, 0x3D, 0x6A, 0x75, 0x90, 0xE8, 0x6D, 0xC2, 0xF0, 0x9B, 0xD9, 0xBB, 0x0B, 0x16, 0x15, 0xBF,
    0x7A, 0x40, 0x5E, 0xFB, 0x95, 0x98, 0x27, 0xBA, 0x46, 0xBA, 0xA5, 0x3A, 0x58, 0xB0, 0x56, 0xA5,
    0xDC, 0xA4, 0x58, 0x25, 0x5D, 0xCE, 0x8C, 0xA3, 0xBD, 0xF2, 0x21, 0x48, 0x35, 0xA1, 0x41, 0xC8,
    0xC3, 0xA3, 0x6C, 0x06, 0x79, 0xCE, 0x38, 0x6D, 0x99, 0x09, 0x67, 0x71, 0x29, 0xB7, 0x1F, 0x35,
    0x9B, 0x67, 0x8F, 0xD2, 0x84, 0x68, 0x83, 0x32, 0xBA, 0x5A, 0x7B, 0xD6, 0x71, 0xAD, 0x43, 0xA4,
    0xA6, 0xFB, 0x93, 0x11, 0x75, 0xFA, 0xCE, 0x84, 0x71, 0xFA, 0xD6, 0x1C, 0xAF, 0x12, 0xE1, 0xF7,
    0x62, 0xAA, 0x93, 0x35, 0xA5, 0x8B, 0x37, 0xA3, 0x17, 0x6F, 0x07, 0x35, 0x8A, 0xB1, 0x49, 0x78,
    0x6B, 0x12, 0x3B, 0xAD, 0xBF, 0x19, 0x21, 0xAF, 0x5F, 0x8C, 0xB0, 0xAF, 0x75, 0x44, 0x01, 0x86,
    0x66, 0xA4, 0xDC, 0x38, 0x8C, 0xD8, 0x88, 0xA0, 0xCC, 0xBA, 0x72, 0xC0, 0x4F, 0xBA, 0x54, 0xAB,
    0x20, 0xCF, 0x8B, 0xA4, 0xF6, 0xEE, 0x30, 0x93, 0x9A, 0x82, 0x41, 0x42, 0x7B, 0xCF, 0xE8, 0xA5,
    0x70, 0x2F, 0x74, 0x10, 0x6D, 0x75, 0x8C, 0x74, 0x6D, 0xA7, 0x83, 0x0E, 0x85, 0x41, 0x57, 0x4C,
    0xB1, 0x56, 0x00, 0xB5, 0x60, 0x33, 0xB0, 0x7C, 0x97, 0x03, 0x54, 0x7A, 0x83, 0xB6, 0xCF, 0xA8,
    0xCA, 0xF9, 0x64, 0xC0, 0x43, 0x66, 0x53, 0x1A, 0x54, 0x25, 0x62, 0xEB, 0x21, 0xD6, 0x97, 0xC7,
    0xA9, 0x93, 0xA6, 0x1D, 0x18, 0x29, 0x28, 0x87, 0x0D, 0xA4, 0x90, 0xD0, 0xD2, 0xD1, 0x4B, 0x49,
    0x75, 0x07, 0xF6, 0x9D, 0x3C, 0x0C, 0xC0, 0x1D, 0x3B, 0xC3, 0x93, 0xC0, 0x76, 0x7C, 0x0E, 0x38,
    0x3C, 0x96, 0xF7, 0x05, 0x8E, 0x66, 0x17, 0xC4, 0x4D, 0xAC, 0xB5, 0xD6, 0x75, 0x94, 0x0A, 0x72,
    0x1B, 0xBC, 0xAC, 0x0B, 0xF9, 0xF0, 0xA1, 0xFC, 0xCC, 0x70, 0x3D, 0x20, 0x41, 0xF1, 0x22, 0x3C,
    0x42, 0x73, 0x56, 0x72, 0xCF, 0x50, 0x48, 0xC8, 0x9E, 0x11, 0x4F, 0x89, 0x90, 0x13, 0x89, 0x48,
    0x8A, 0x90, 0x15, 0xB0, 0x33, 0x24, 0x2F, 0xA0, 0xBF, 0xD8, 0x80, 0xA4, 0xC6, 0xC2, 0x92, 0x1B,
    0xB0, 0xED, 0xC3, 0x8B, 0xCD, 0x04, 0x5A, 0x7E, 0x20, 0x44, 0x82, 0x0C, 0x31, 0x61, 0x4F, 0x11,
    0x91, 0xBC, 0x66, 0x31, 0x1B, 0x78, 0x7C, 0x06, 0x45, 0x5C, 0xF4, 0xAE, 0xE4, 0x5F, 0x6E, 0xB9,
    0xE5, 0xF5, 0x0F, 0x6B, 0xAD, 0xDD, 0xE5, 0xEB, 0x9B, 0x1A, 0xAD, 0x58, 0xAF, 0x41, 0xED, 0x6A,
    0x0B, 0xAF, 0x15, 0xE1, 0x55, 0x08, 0xBF, 0xDE, 0x12, 0xDE, 0xF0, 0x5C, 0xF8, 0xBA, 0x07, 0xDB,
    0x2E, 0x21, 0x1D, 0x1D, 0x95, 0x38, 0xB3, 0xA3, 0xEC, 0x8E, 0x39, 0x95, 0xD3, 0x9C, 0x56, 0xF8,
    0x1D, 0x71, 0xBA, 0x1D, 0x0E, 0x9E, 0xD3, 0x58, 0x49, 0xA6, 0xE7, 0xF4, 0xCD, 0x85, 0x9C, 0x5A,
    0x32, 0x93, 0xC5, 0xBA, 0x78, 0x23, 0xA7, 0xEA, 0xC9, 0xDC, 0xC8, 0x38, 0xFA, 0xF4, 0x33, 0x72,
    0x2A, 0xF5, 0x17, 0xE4, 0x54, 0x4A, 0x4F, 0x66, 0xE1, 0xC9, 0xCC, 0xB5, 0xA7, 0xCB, 0x3C, 0xA7,
    0xA9, 0xE7, 0x34, 0xF6, 0x9C, 0xC6, 0x70, 0xE8, 0xDD, 0x2D, 0x4C, 0x03, 0x71, 0x8D, 0x96, 0xAF,
    0x60, 0xAD, 0x8B, 0x77, 0xA3, 0x77, 0xBE, 0x80, 0xAF, 0xEF, 0xE0, 0x5E, 0x3B, 0xAD, 0xF5, 0x05,
    0x35, 0x50, 0x67, 0x60, 0x34, 0x80, 0x49, 0xBA, 0x09, 0xB7, 0xFE, 0xC3, 0x87, 0x64, 0x56, 0x15,
    0xD2, 0xBA, 0x81, 0x7A, 0x7A, 0x6B, 0xE5, 0xBE, 0xDD, 0x2A, 0x73, 0xA8, 0x2A, 0x0B, 0x55, 0xF1,
    0x7E, 0x4D, 0xCC, 0x7A, 0xC8, 0x8F, 0x58, 0x51, 0x8F, 0x29, 0xA7, 0xFC, 0x51, 0x7B, 0xCA, 0x16,
    0x30, 0x07, 0xA7, 0x62, 0x36, 0x1C, 0xCB, 0x49, 0x40, 0x8A, 0x2E, 0x28, 0xED, 0x00, 0x6A, 0x5F,
    0xB2, 0x88, 0xBB, 0x72, 0xC6, 0x4F, 0xA3, 0x99, 0xA9, 0xFD, 0xAA, 0x7A, 0xA5, 0x5A, 0x2A, 0xFF,
    0xA9, 0xAC, 0x7B, 0xC3, 0x2A, 0xBC, 0x5E, 0xCB, 0xFD, 0x40, 0x1C, 0x3A, 0x01, 0xE0, 0xEE, 0xED,
    0x7D, 0x28, 0x7B, 0x81, 0x5E, 0xA1, 0xAD, 0x92, 0xE8, 0x3F, 0xB4, 0xCA, 0xB6, 0x48, 0x3B, 0x23,
    0x64, 0xB1, 0x26, 0x60, 0x34, 0xA8, 0x87, 0x00, 0x6D, 0x6F, 0x2E, 0xB6, 0x7D, 0x6C, 0xA1, 0x87,
    0x44, 0x8D, 0x62, 0x6E, 0xA6, 0x6F, 0x26, 0x39, 0x57, 0x25, 0xF1, 0xDA, 0x71, 0xDB, 0x11, 0xD7,
    0x4B, 0x91, 0xDC, 0x6B, 0xCC, 0xD5, 0x26, 0xEF, 0x0C, 0x9F, 0x6A, 0x15, 0x2C, 0x4C, 0x3C, 0xE3,
    0xBF, 0x7B, 0xF4, 0x32, 0x58, 0x78, 0xAF, 0xBA, 0x68, 0x24, 0xEF, 0xB2, 0x4E, 0xB2, 0xA7, 0x6D,
    0xE3, 0x0A, 0x62, 0x45, 0xE4, 0xD5, 0xA3, 0xBB, 0x33, 0x13, 0x37, 0x1F, 0x3F, 0xE1, 0x1F, 0xF5,
    0x9F, 0xD5, 0x50, 0xF4, 0x0D, 0x3C, 0x8C, 0xD7, 0x6C, 0x14, 0x2A, 0x54, 0xD9, 0x40, 0xA1, 0xF9,
    0x85, 0xE1, 0x19, 0x53, 0x83, 0xAB, 0x6E, 0x6B, 0xF0, 0xD5, 0x8D, 0x15, 0x77, 0x56, 0xDC, 0x5A,
    0x71, 0x6F, 0xC5, 0xCD, 0x15, 0x77, 0x57, 0x72, 0xEF, 0xDC, 0x5F, 0x71, 0x83, 0xF9, 0x31, 0xC0,
    0x2D, 0x16, 0xF7, 0x58, 0xDC, 0x64, 0x71, 0x97, 0xC5, 0x6D, 0xDE, 0x7D, 0xDE, 0x8D, 0x0E, 0x4E,
    0xBB, 0xD5, 0xC1, 0x6B, 0xCC, 0x0E, 0x2A, 0x4D, 0x4A, 0xF9, 0x25, 0xE7, 0xF4, 0x57, 0x2B, 0xB5,
    0x98, 0xCD, 0x3F, 0x99, 0x0A, 0x9E, 0x1C, 0x9B, 0x1F, 0x0B, 0x2D, 0x98, 0xEE, 0xAE, 0xBB, 0xED,
    0xEE, 0xBB, 0x1B, 0x2F, 0x38, 0xDF, 0x41, 0x5B, 0x3B, 0x28, 0x81, 0x23, 0x88, 0xF1, 0x01, 0x5B,
    0xFC, 0x37, 0xF4, 0x37, 0xDD, 0x44, 0xC5, 0x53, 0xE0, 0x39, 0xF0, 0x24, 0x78, 0x16, 0xF6, 0x34,
    0x84, 0x3C, 0x84, 0x56, 0xAB, 0x72, 0x36, 0x51, 0xEF, 0x4B, 0xA5, 0x35, 0x02, 0xAA, 0x56, 0x07,
    0x9D, 0x52, 0xB5, 0xBB, 0x2F, 0xD1, 0x26, 0xDE, 0xBC, 0xEE, 0xB2, 0xD1, 0xC0, 0x89, 0xBD, 0x26,
    0x98, 0xEB, 0x5E, 0x3F, 0x7C, 0x1B, 0x4E, 0xB9, 0xEA, 0x44, 0x11, 0x28, 0x08, 0xAD, 0x7B, 0xCF,
    0xCC, 0x4F, 0x9F, 0x3C, 0xDE, 0x25, 0xC8, 0x4E, 0x5F, 0x5C, 0x00, 0x7D, 0x2F, 0xDA, 0x61, 0xC1,
    0xE8, 0x7D, 0xB9, 0x44, 0x4A, 0x5F, 0xEC, 0xB4, 0xB2, 0x9D, 0x56, 0xEC, 0xB4, 0x76, 0xDA, 0xB2,
    0xBF, 0x36, 0xD2, 0xBF, 0xC7, 0x8F, 0x65, 0xC2, 0x16, 0xAB, 0x7A, 0xAD, 0x3A, 0xFB, 0xC5, 0x4B,
    0xAA, 0x1F, 0xE8, 0x96, 0xAE, 0xD9, 0x6A, 0x62, 0xE2, 0xAD, 0x98, 0x23, 0x1D, 0x92, 0xD5, 0x58,
    0xB0, 0xA8, 0xE9, 0xFE, 0xAE, 0x73, 0x3D, 0x44, 0xA4, 0xD3, 0xBB, 0xAA, 0xED, 0x0F, 0xFA, 0xF4,
    0x11, 0x9E, 0x2A, 0x06, 0x0D, 0x54, 0x72, 0x5C, 0x35, 0x1E, 0x95, 0xD9, 0xAA, 0xDF, 0x5C, 0x75,
    0xB9, 0xF3, 0x4A, 0x55, 0xAF, 0xAC, 0x8B, 0x74, 0x4E, 0x74, 0x33, 0x6B, 0x45, 0x2E, 0x8F, 0x9F,
    0xC4, 0xCC, 0x11, 0xB0, 0x98, 0xC0, 0xBA, 0x07, 0x15, 0x38, 0xF9, 0xDE, 0xC0, 0xC2, 0xFA, 0x1B,
    0x96, 0xAA, 0xF6, 0x08, 0xF6, 0xB7, 0x0C, 0x5D, 0x30, 0xF5, 0x6A, 0x03, 0x53, 0x43, 0x4F, 0x6D,
    0xDB, 0x7B, 0xB9, 0x4C, 0x37, 0x30, 0xA3, 0xDC, 0x75, 0xF5, 0x62, 0x88, 0xC7, 0x07, 0x18, 0xE1,
    0xD0, 0x2A, 0xE0, 0x42, 0x4D, 0x20, 0x49, 0xE9, 0x9A, 0x28, 0x64, 0x62, 0x70, 0x39, 0x68, 0x63,
    0x18, 0xED, 0xDF, 0xA5, 0x7A, 0xE8, 0xB5, 0x2C, 0xFF, 0xF0, 0x9B, 0x61, 0xC8, 0x2D, 0x9A, 0x42,
    0x36, 0x24, 0xD7, 0x5F, 0xD5, 0xA3, 0xF5, 0x48, 0xFA, 0xA7, 0x22, 0xED, 0x9B, 0x76, 0x56, 0xAF,
    0x80, 0x76, 0x86, 0x04, 0x77, 0xCD, 0xF5, 0x0F, 0x2D, 0x78, 0x0F, 0x83, 0xE6, 0x59, 0xAF, 0xC0,
    0xCF, 0x7C, 0x0B, 0xC5, 0x11, 0x37, 0xC4, 0xFD, 0xC0, 0x0E, 0x77, 0x03, 0x33, 0xDC, 0x0B, 0xAC,
    0x70, 0x27, 0x30, 0x22, 0xC2, 0x07, 0x6C, 0x18, 0x71, 0xA1, 0xC3, 0x04, 0xF7, 0x00, 0x0B, 0xDC,
    0x01, 0x0C, 0x70, 0xFD, 0xC8, 0xEF, 0x50, 0xDF, 0x23, 0x7E, 0x2C, 0x11, 0x1E, 0xA4, 0x87, 0x96,
    0x1E, 0x59, 0x42, 0xAB, 0xEC, 0xE0, 0x56, 0x1D, 0x6F, 0x70, 0xDB, 0x4D, 0xD3, 0xA9, 0xED, 0x24,
    0xFB, 0xB7, 0x1A, 0xFC, 0x47, 0x1B, 0xE8, 0x56, 0x46, 0xF7, 0xD7, 0x22, 0xE5, 0xCA, 0x88, 0x19,
    0x18, 0xCF, 0xBD, 0x34, 0x03, 0xCD, 0xF9, 0xD7, 0x76, 0xBC, 0x3A, 0xFD, 0x2A, 0xE8, 0x54, 0x46,
    0xA8, 0xF4, 0xE1, 0x8B, 0xE0, 0x65, 0xD8, 0x3C, 0xEE, 0x35, 0xF0, 0x22, 0x39, 0xE5, 0xE7, 0x8C,
    0xA5, 0xF0, 0x93, 0x3B, 0x62, 0x92, 0x82, 0x17, 0x7A, 0xA1, 0xBD, 0x26, 0x17, 0x8F, 0xCC, 0x5A,
    0x1E, 0xFA, 0xBE, 0x56, 0x58, 0x2F, 0x4C, 0x38, 0xE2, 0x4A, 0x7F, 0x37, 0x0B, 0xCD, 0x38, 0x3C,
    0x26, 0x3B, 0xC3, 0x9E, 0x0E, 0xDF, 0xE4, 0xA6, 0xDD, 0xEB, 0x63, 0x8B, 0xDA, 0x0D, 0x7E, 0x3A,
    0xE2, 0xD8, 0x20, 0x2D, 0x06, 0xE8, 0xF0, 0x6A, 0x83, 0x3C, 0x41, 0xA9, 0x43, 0xE4, 0xC9, 0x65,
    0x3C, 0x03, 0xFC, 0x6B, 0x41, 0xE6, 0x8A, 0xE0, 0x50, 0x2F, 0xE1, 0x79, 0x31, 0x03, 0x02, 0xD7,
    0x9F, 0x53, 0x62, 0x6A, 0xD5, 0x19, 0x18, 0x81, 0x46, 0x5E, 0xD5, 0x6B, 0xB9, 0xB1, 0x9D, 0x64,
    0xFB, 0x7E, 0x4B, 0x72, 0x88, 0x74, 0x63, 0x27, 0x89, 0x7E, 0xCB, 0xEC, 0x3A, 0x61, 0xCE, 0x22,
    0x31, 0x0E, 0xA5, 0x1A, 0x8D, 0x1E, 0x21, 0xDD, 0x00, 0xA8, 0xC4, 0xB0, 0x88, 0x54, 0xC3, 0x13,
    0x6A, 0xA2, 0xA8, 0xD4, 0xC1, 0x2D, 0x78, 0xC0, 0xCC, 0xBF, 0xFF, 0x40, 0x3B, 0xF4, 0x35, 0x06,
    0x36, 0xEE, 0x0A, 0x31, 0xFB, 0xBB, 0xDA, 0xBD, 0x8F, 0xC3, 0x3B, 0x19, 0xA7, 0xE3, 0xCD, 0xF2,
    0x96, 0xF1, 0xA1, 0xBF, 0xE8, 0xE2, 0xE9, 0x45, 0xF1, 0x2A, 0xA2, 0xEE, 0x26, 0x3A, 0xEC, 0x35,
    0xB5, 0xFE, 0x0B, 0x8B, 0xF6, 0xB0, 0x4A, 0x3C, 0x4B, 0x7B, 0x47, 0x5E, 0x7D, 0xEF, 0x46, 0x94,
    0x15, 0xA3, 0x1A, 0x27, 0xCA, 0xD6, 0xB1, 0x43, 0xD2, 0x02, 0xDA, 0x1B, 0x6C, 0xBB, 0x11, 0xF8,
    0x80, 0x0D, 0xB8, 0x80, 0x09, 0x4C, 0x8E, 0x05, 0x38, 0x80, 0x01, 0xE8, 0x47, 0xBE, 0x0F, 0xD3,
    0x81, 0x29, 0x91, 0x8E, 0x72, 0x84, 0x9B, 0x6E, 0x97, 0x6D, 0xE3, 0xA2, 0x6D, 0xD7, 0x52, 0xFA,
    0x91, 0x2B, 0x47, 0x25, 0x19, 0x9C, 0x2E, 0x1E, 0xCB, 0xC7, 0x12, 0x2F, 0xBC, 0x6E, 0x6F, 0x7C,
    0x0D, 0xD0, 0xF0, 0xB7, 0x19, 0x54, 0xBC, 0x20, 0x8B, 0xC7, 0x18, 0xBE, 0x62, 0xA9, 0x64, 0x37,
    0x2D, 0xFF, 0xB8, 0xD9, 0x78, 0x7F, 0x89, 0x1A, 0x30, 0xAD, 0xB9, 0xBB, 0xC5, 0x93, 0xAB, 0xEA,
    0x58, 0x00, 0xA5, 0xC1, 0x00, 0xF4, 0x97, 0xEF, 0x6C, 0x0F, 0xAB, 0x67, 0xFF, 0xDD, 0xCB, 0xA1,
    0x06, 0xDA, 0xDB, 0xFE, 0xAA, 0x06, 0xC4, 0xB7, 0x7D, 0xA0, 0x3E, 0x30, 0x53, 0xE2, 0xE5, 0x03,
    0xA9, 0x3B, 0xA0, 0x00, 0x58, 0x8F, 0x9B, 0x26, 0x04, 0x28, 0x21, 0x7B, 0xAE, 0xDB, 0x8E, 0x8C,
    0x75, 0xA5, 0x1D, 0x38, 0xFA, 0x23, 0x7D, 0x52, 0xC5, 0xB7, 0x7C, 0xB0, 0xCF, 0x2D, 0x06, 0xE9,
    0x2F, 0xC3, 0xB1, 0x91, 0xE8, 0x51, 0x0A, 0x3B, 0x28, 0x5A, 0xEC, 0x68, 0x09, 0x87, 0xEE, 0xB1,
    0x79, 0xAA, 0x55, 0x8F, 0x5E, 0x7E, 0xC5, 0x76, 0xCD, 0x4A, 0x2A, 0xBB, 0xB2, 0x97, 0xEC, 0x58,
    0x32, 0x74, 0xBA, 0x59, 0x32, 0xBE, 0x3F, 0x0F, 0x59, 0x49, 0x15, 0x03, 0x19, 0xA3, 0xFB, 0x37,
    0xB8, 0xEC, 0x73, 0xBE, 0x44, 0x7F, 0x8A, 0xDC, 0x6E, 0x3F, 0x87, 0x5F, 0x52, 0x02, 0x38, 0x26,
    0x58, 0x46, 0xED, 0xC1, 0xB4, 0xDB, 0x3E, 0xD9, 0x1F, 0xBF, 0xA3, 0x1D, 0x61, 0x33, 0xC4, 0x3E,
    0xFC, 0x0B, 0x55, 0xFF, 0xFE, 0x77, 0x92, 0x5F, 0xF8, 0x2D, 0xE7, 0x30, 0xC0, 0xAA, 0x97, 0x4B,
    0xFD, 0x6B, 0xF5, 0x7C, 0xF2, 0xFF, 0x0B, 0xD5, 0x94, 0x21, 0x90, 0xDD, 0x44, 0x1C, 0xC6, 0xBF,
    0xF7, 0x1E, 0x6D, 0x66, 0x2E, 0x22, 0x06, 0x10, 0x35, 0xF1, 0x2A, 0xDE, 0x34, 0x19, 0x10, 0xD8,
    0x33, 0xE7, 0x0D, 0x82, 0xC1, 0xE0, 0x0D, 0x49, 0xA7, 0x12, 0xD1, 0x33, 0xE8, 0x22, 0x4E, 0xD0,
    0x43, 0xD4, 0xCF, 0x30, 0xEC, 0x42, 0x05, 0x02, 0x41, 0x06, 0x04, 0x02, 0xD1, 0x30, 0x38, 0x10,
    0xAC, 0xC8, 0x0C, 0x69, 0xD9, 0xCD, 0x9F, 0xEF, 0x9B, 0xA4, 0x79, 0xD7, 0xD6, 0xDF, 0xDC, 0xED,
    0x4C, 0x7E, 0xDF, 0x7B, 0xBB, 0xB3, 0x9B, 0xEF, 0xFF, 0xED, 0x66, 0xA1, 0x76, 0x18, 0x81, 0x3C,
    0x00, 0x05, 0x9F, 0x2A, 0x60, 0x6F, 0x16, 0x0A, 0x3E, 0xA5, 0xD9, 0x70, 0x62, 0x7F, 0x9D, 0xC3,
    0x3A, 0xEC, 0xAC, 0xC1, 0xFB, 0xF6, 0x25, 0x6A, 0x33, 0x3E, 0x33, 0x5A, 0x4B, 0xC8, 0x12, 0xA7,
    0x45, 0x4E, 0x7B, 0xF5, 0xD8, 0xB7, 0x7C, 0x22, 0x72, 0x3E, 0x7B, 0x9B, 0x80, 0x3B, 0x60, 0x5B,
    0xA4, 0xED, 0x2B, 0xD2, 0xE6, 0x99, 0x6F, 0x33, 0x8B, 0xE4, 0x1F, 0x6E, 0x02, 0x32, 0x9F, 0x9F,
    0xE3, 0x6A, 0xDB, 0x59, 0x07, 0xE7, 0xF7, 0xD6, 0xC0, 0xFC, 0x61, 0xA5, 0x3A, 0x49, 0x76, 0x66,
    0x33, 0x67, 0x23, 0x4F, 0x22, 0xDF, 0x98, 0x2D, 0x9C, 0x51, 0x46, 0x75, 0x56, 0x93, 0xFE, 0x56,
    0xA3, 0x58, 0x07, 0x94, 0x93, 0xC8, 0xCE, 0x76, 0x40, 0x3D, 0xC2, 0x91, 0x01, 0xAE, 0x47, 0x2B,
    0xEA, 0xAF, 0x1B, 0x76, 0xE6, 0xD1, 0x8E, 0x99, 0x75, 0xAA, 0xCB, 0x80, 0xCA, 0x4C, 0x35, 0x99,
    0x8D, 0x72, 0xC2, 0x6E, 0xCA, 0x29, 0xA1, 0x76, 0x8A, 0xFD, 0xBC, 0x1B, 0x39, 0xF8, 0x77, 0x80,
    0x92, 0x41, 0xF5, 0x11, 0x67, 0xDF, 0xC7, 0xE7, 0xD8, 0x9A, 0x6C, 0x95, 0x23, 0x51, 0x05, 0x9A,
    0xAA, 0x43, 0x9E, 0x84, 0x48, 0x03, 0x74, 0xE4, 0x7A, 0xC2, 0x7C, 0x39, 0x11, 0xF4, 0x68, 0x5D,
    0x1D, 0xF6, 0x02, 0xAB, 0xAC, 0x07, 0x56, 0x52, 0x0F, 0x05, 0x11, 0x2A, 0x4E, 0x9C, 0x8D, 0x13,
    0xED, 0xDF, 0x88, 0xD2, 0xFE, 0x54, 0x95, 0x1F, 0x46, 0xBD, 0x5E, 0xED, 0xEC, 0x4C, 0x6A, 0x16,
    0xAE, 0x70, 0xB8, 0xF9, 0x01, 0x92, 0x67, 0x67, 0x0D, 0x32, 0xF6, 0x68, 0xB0, 0x11, 0xAE, 0x33,
    0xB6, 0x0B, 0x7C, 0x42, 0x0B, 0x11, 0x91, 0xB4, 0x6F, 0xA6, 0x2D, 0xBC, 0xDA, 0x3C, 0x79, 0xF7,
    0x05, 0x6E, 0x43, 0x84, 0x27, 0xDD, 0xFE, 0x1C, 0x45, 0x9F, 0x0F, 0x28, 0x5E, 0x3A, 0xBF, 0x84,
    0xB9, 0xB7, 0x19, 0xC0, 0x67, 0x5F, 0x5D, 0x67, 0x98, 0xFB, 0x49, 0x2C, 0xAC, 0x21, 0xEB, 0xA7,
    0x9E, 0xBC, 0x9F, 0x6D, 0x54, 0xCF, 0x36, 0xBA, 0x9F, 0x6E, 0x45, 0xB0, 0x28, 0x7B, 0xC2, 0x4D,
    0xFC, 0x9F, 0x12, 0x5D, 0x87, 0xFB, 0x2B, 0x76, 0x73, 0x5A, 0x07, 0x50, 0x9E, 0x5F, 0x67, 0xC4,
    0xBB, 0xCB, 0x93, 0xAF, 0xF9, 0x9A, 0xB9, 0x1C, 0x81, 0x62, 0xAA, 0x7B, 0xA0, 0xEA, 0x95, 0x68,
    0xFB, 0x41, 0x04, 0x30, 0x1D, 0x86, 0x5B, 0x11, 0xEB, 0xC9, 0xC5, 0xA7, 0x4C, 0xAD, 0x0A, 0x9C,
    0x80, 0xF6, 0x07, 0x03, 0x60, 0xD9, 0xC4, 0xB2, 0xA6, 0xA2, 0x07, 0xB2, 0xBE, 0x6A, 0x80, 0x37,
    0x43, 0x15, 0xAB, 0x00, 0xC5, 0x1A, 0x64, 0x4F, 0x54, 0xB0, 0x50, 0xB2, 0xBD, 0x68, 0x5E, 0x26,
    0xC9, 0x4A, 0xE1, 0x42, 0xE9, 0x8A, 0xAA, 0x5B, 0xF9, 0x82, 0x2C, 0x44, 0x25, 0xBC, 0x44, 0xBC,
    0x64, 0xBC, 0x84, 0xBC, 0xA6, 0x8C, 0xD3, 0x1B, 0x99, 0x5B, 0x3E, 0x12, 0xA8, 0xBC, 0xD8, 0x0A,
    0x98, 0x05, 0xD8, 0xC2, 0x51, 0x74, 0x22, 0x33, 0x22, 0xAE, 0xE9, 0x44, 0x6A, 0xB7, 0xD0, 0x36,
    0x44, 0xE2, 0xB3, 0x8F, 0xC4, 0x21, 0x0A, 0xC6, 0x81, 0x9D, 0x80, 0x96, 0x58, 0xDB, 0xBD, 0x8B,
    0x45, 0x5D, 0x12, 0x19, 0xA4, 0x49, 0xB8, 0x8B, 0xD6, 0x48, 0xAB, 0xA1, 0x5E, 0xCA, 0x6B, 0xB8,
    0xEC, 0x5B, 0x8D, 0x29, 0xB4, 0x9E, 0x86, 0xA8, 0xE6, 0x69, 0xDC, 0x3A, 0xA5, 0x66, 0x5E, 0x7B,
    0xE2, 0x77, 0xD6, 0x48, 0xB5, 0x49, 0xD6, 0xE5, 0xE6, 0xB3, 0x99, 0x5A, 0x58, 0x9F, 0x47, 0x6A,
    0x65, 0x7D, 0x31, 0xC1, 0x75, 0xF5, 0x3F, 0x7D, 0x35, 0x52, 0xDB, 0xA7, 0xBD, 0x76, 0xC0, 0x5B,
    0xD5, 0xD3, 0x9C, 0xFB, 0x9E, 0xAA, 0x15, 0x9F, 0x25, 0x6A, 0x03, 0xF7, 0x63, 0x2C, 0x7F, 0x31,
    0xC0, 0xFD, 0x34, 0x95, 0xBF, 0xCE, 0xD4, 0x47, 0xA1, 0xFC, 0x2D, 0x52, 0x1F, 0x0F, 0xE5, 0xF3,
    0x09, 0x68, 0x9D, 0x2F, 0x9F, 0x8F, 0x54, 0xEB, 0x4A, 0x0B, 0xD2, 0xA6, 0xB4, 0x5E, 0x8A, 0xD2,
    0x3C, 0x35, 0x51, 0x1B, 0x6A, 0xA4, 0x82, 0x3A, 0xA2, 0x98, 0x97, 0x7A, 0x2F, 0x1B, 0x09, 0xED,
    0x49, 0x2A, 0x0B, 0x12, 0xF7, 0xF3, 0xA8, 0xA1, 0x59, 0xB1, 0x21, 0x1B, 0x91, 0xDE, 0xAE, 0xBB,
    0x48, 0x68, 0x59, 0x76, 0x95, 0xA0, 0x6A, 0x6B, 0x4A, 0x67, 0x5D, 0x9B, 0xF6, 0xAA, 0x75, 0x4E,
    0x87, 0x19, 0xEE, 0x41, 0x4A, 0xDC, 0x56, 0xF7, 0x30, 0xA6, 0x22, 0x52, 0xA6, 0x54, 0xB2, 0xCE,
    0x2F, 0x42, 0x52, 0x99, 0x8F, 0x28, 0x3D, 0xDA, 0xC7, 0x7D, 0x72, 0x5E, 0xE6, 0x93, 0x35, 0x94,
    0x6E, 0x36, 0x59, 0x86, 0x25, 0xCA, 0x0C, 0x8B, 0x94, 0x08, 0x9B, 0x80, 0x9A, 0x12, 0x28, 0x23,
    0x6C, 0x80, 0xAE, 0x9B, 0x8E, 0xBE, 0xF4, 0x73, 0xA9, 0x96, 0x51, 0xEC, 0x6C, 0x9F, 0x70, 0x60,
    0xA2, 0x38, 0x36, 0xA7, 0x8F, 0x4E, 0xC7, 0x39, 0xB4, 0x03, 0x8C, 0xF9, 0x1E, 0x74, 0x8C, 0x32,
    0x63, 0x2F, 0x2D, 0x95, 0xA3, 0xBE, 0x89, 0xA9, 0x0D, 0x28, 0xA2, 0x79, 0xE4, 0xB3, 0x35, 0x5C,
    0xD3, 0x74, 0x4E, 0xA2, 0x30, 0x32, 0x01, 0xAD, 0xAE, 0x1D, 0x25, 0x3A, 0xA1, 0x51, 0x1F, 0x38,
    0xBA, 0x21, 0x9B, 0x89, 0x3C, 0x09, 0x91, 0x28, 0x84, 0xD5, 0x20, 0x57, 0xEB, 0xB1, 0x5A, 0x44,
    0xFB, 0xFB, 0xA4, 0x05, 0x98, 0xA8, 0x02, 0xFD, 0x0E, 0xAF, 0xB5, 0x5A, 0xDF, 0x9B, 0x68, 0xFE,
    0xCA, 0x05, 0x01, 0x54, 0x21, 0x9F, 0x81, 0x32, 0x14, 0x51, 0xAC, 0x74, 0xB9, 0x8E, 0x75, 0x10,
    0x5D, 0x2F, 0x9A, 0x27, 0x5F, 0xC8, 0x55, 0xFE, 0xD2, 0xF4, 0xC2, 0xFF, 0x92, 0x68, 0x13, 0xE4,
    0x2E, 0x40, 0x1C, 0x20, 0x7A, 0x52, 0xEB, 0xAE, 0xAE, 0x59, 0xAD, 0x58, 0x46, 0xB1, 0x1D, 0x05,
    0x1B, 0x20, 0x7A, 0x71, 0x5E, 0x4D, 0x6D, 0xAD, 0x7A, 0x10, 0xD9, 0xF1, 0x4C, 0xFB, 0x22, 0xD4,
    0x0F, 0xF9, 0xF7, 0x1D, 0x34, 0x37, 0x22, 0x6B, 0xDC, 0x7D, 0x72, 0xAC, 0xA5, 0x0E, 0xAB, 0x19,
    0xAD, 0x40, 0xE8, 0x48, 0xBC, 0xDE, 0x2A, 0x33, 0x5D, 0xBD, 0x1B, 0x55, 0xB4, 0xF8, 0xDE, 0x59,
    0x1B, 0xB7, 0xFB, 0x6A, 0xB7, 0xC6, 0xD6, 0x91, 0x85, 0x11, 0xA8, 0x8E, 0x51, 0x61, 0xCB, 0x74,
    0x1B, 0x4C, 0x62, 0x3B, 0xBD, 0x31, 0x98, 0x1B, 0x81, 0x72, 0x16, 0xF5, 0xAA, 0x0E, 0x8E, 0x6C,
    0x56, 0x12, 0x06, 0xB5, 0xCB, 0x73, 0x55, 0xEA, 0xB5, 0x71, 0x5A, 0x71, 0x22, 0xAA, 0x81, 0x68,
    0xAF, 0xE6, 0x2B, 0x97, 0x1E, 0x4E, 0x8B, 0x68, 0x36, 0x2E, 0x9F, 0xDA, 0x5A, 0xF4, 0x62, 0xCA,
    0xFA, 0xD5, 0x6F, 0x6E, 0xAF, 0xDC, 0xB6, 0x61, 0xEB, 0x6F, 0xB8, 0xEE, 0xBC, 0x14, 0x1F, 0x50,
    0x13, 0x5A, 0x6E, 0x58, 0xC0, 0xF6, 0xAE, 0x00, 0x6B, 0xD6, 0x43, 0x72, 0x24, 0xD4, 0x3E, 0xBE,
    0xE9, 0x09, 0xEE, 0x1A, 0xA2, 0x0C, 0x44, 0x3D, 0x0A, 0xE1, 0x15, 0xEE, 0x5E, 0x57, 0x82, 0x4F,
    0x70, 0x8F, 0x13, 0x5D, 0xE3, 0x9A, 0xF5, 0x33, 0x41, 0x69, 0x23, 0x59, 0x58, 0x4F, 0x66, 0xD6,
    0xDD, 0xE8, 0x04, 0x69, 0x7E, 0x77, 0x81, 0x22, 0x30, 0xC2, 0x6C, 0x6A, 0x3D, 0x67, 0x9A, 0x5E,
    0x1F, 0xE5, 0x24, 0x5C, 0x53, 0x82, 0xB8, 0x73, 0x4A, 0x58, 0x5A, 0xAF, 0x84, 0x42, 0x28, 0x67,
    0x1E, 0xBD, 0xEA, 0xB8, 0xA5, 0x03, 0xD1, 0x0A, 0xAE, 0x27, 0xCC, 0x6F, 0x38, 0xDE, 0x17, 0xCD,
    0x1B, 0xF7, 0x05, 0x71, 0xBC, 0x2F, 0x36, 0x94, 0x13, 0xB6, 0x85, 0xDF, 0x5E, 0xDD, 0xFA, 0xF5,
    0x7B, 0x54, 0xA1, 0x04, 0x88, 0x48, 0x38, 0x0D, 0xFE, 0x0F, 0xD5, 0x99, 0x01, 0xA4, 0x27, 0xD7,
    0xF5, 0xC7, 0xCF, 0xCC, 0x78, 0x3B, 0x64, 0x30, 0x7F, 0xFC, 0xA3, 0xBA, 0xC5, 0x00, 0x54, 0x60,
    0x00, 0x00, 0xBF, 0x21, 0x80, 0x20, 0xAF, 0xE4, 0x15, 0x8A, 0x42, 0x8A, 0x14, 0x16, 0x0A, 0xA0,
    0xF3, 0x03, 0x02, 0x10, 0x54, 0x00, 0xB2, 0x58, 0xC8, 0x83, 0x05, 0x00, 0x35, 0xA3, 0x8B, 0x00,
    0x32, 0x15, 0x05, 0x45, 0x86, 0xA4, 0xA2, 0x09, 0x3A, 0x98, 0x74, 0x27, 0x9B, 0x99, 0xF9, 0xF6,
    0x7E, 0x9C, 0xB9, 0xFA, 0x7E, 0xED, 0xA6, 0x4A, 0x75, 0x9B, 0xBD, 0xBC, 0x73, 0xCE, 0xCE, 0x6F,
    0xE6, 0xCE, 0x39, 0x9F, 0x7B, 0xEE, 0xB9, 0xF7, 0xCE, 0x1A, 0xED, 0xEA, 0x2D, 0xA4, 0x95, 0xAB,
    0x59, 0xAB, 0xA6, 0x5A, 0xAC, 0x90, 0xE6, 0x7A, 0xB6, 0x93, 0xB4, 0xB5, 0xA3, 0x89, 0xD6, 0xA7,
    0x9A, 0x0B, 0xED, 0x96, 0xEB, 0x1C, 0x2C, 0x2B, 0x77, 0x33, 0xF5, 0x56, 0xAD, 0x28, 0x3B, 0xCD,
    0x41, 0x0D, 0x76, 0x9A, 0x50, 0x16, 0x1E, 0xE1, 0x62, 0x37, 0xA0, 0x4C, 0x87, 0xEA, 0x2D, 0x71,
    0x95, 0xEA, 0x8C, 0xCA, 0x64, 0xA8, 0x02, 0x35, 0x58, 0xB9, 0x99, 0x75, 0x93, 0x9D, 0x56, 0x0B,
    0x7F, 0x89, 0x66, 0xB3, 0x5A, 0xE2, 0xD1, 0x32, 0xA8, 0xB3, 0x59, 0x26, 0x6D, 0x66, 0xF8, 0x37,
    0xA0, 0x92, 0x6B, 0x24, 0xAD, 0xD8, 0xA2, 0xEB, 0xEF, 0x58, 0xF0, 0xBC, 0xD2, 0x14, 0xBC, 0xE8,
    0xB4, 0x75, 0x43, 0x2A, 0x1E, 0xCD, 0xF5, 0x95, 0xB6, 0xE0, 0x6E, 0xA2, 0x01, 0x6F, 0xDD, 0x59,
    0xE4, 0x84, 0x24, 0x3A, 0x97, 0xF8, 0x9B, 0xE8, 0x1C, 0x64, 0xA6, 0x26, 0x5C, 0xC9, 0x65, 0xD6,
    0x4E, 0xD5, 0x1E, 0xFC, 0xD9, 0xB5, 0x9A, 0x55, 0xD2, 0x64, 0x80, 0xE9, 0xCD, 0x12, 0xF7, 0xE5,
    0xAA, 0xB1, 0xD8, 0x6E, 0x10, 0x46, 0x68, 0x89, 0x1A, 0xEB, 0x9E, 0xC8, 0xD2, 0xA0, 0xF5, 0x64,
    0xF7, 0x30, 0x3F, 0x5E, 0xD1, 0x89, 0x34, 0xA3, 0x53, 0x02, 0xCB, 0xF9, 0x69, 0xC3, 0x7F, 0x2E,
    0x11, 0x41, 0xD4, 0xFC, 0x64, 0xC4, 0x42, 0x68, 0x68, 0x82, 0xB3, 0x7A, 0x36, 0x34, 0x7E, 0x97,
    0x8B, 0xEB, 0x0A, 0xDD, 0x8E, 0xFC, 0x64, 0xD6, 0x81, 0xFF, 0x52, 0x77, 0x23, 0x9A, 0xD8, 0xB8,
    0x6F, 0xCE, 0xE1, 0xC8, 0x98, 0xF2, 0x1A, 0xF0, 0xD2, 0x1D, 0x11, 0x71, 0x3B, 0xCE, 0x35, 0x76,
    0x19, 0x15, 0x2F, 0xB9, 0xAB, 0x40, 0x63, 0xD5, 0xAC, 0x3E, 0xA8, 0xFA, 0x5B, 0xE1, 0xE7, 0x49,
    0x2B, 0x6E, 0x9E, 0x34, 0x5A, 0xB1, 0x5A, 0xFB, 0x0D, 0xFE, 0xF3, 0x6A, 0x94, 0x7A, 0xBC, 0x47,
    0xE1, 0xA1, 0xCE, 0xF4, 0x93, 0xBA, 0x02, 0xB1, 0x9D, 0x60, 0x8C, 0x2A, 0x65, 0xB0, 0xAE, 0x77,
    0x03, 0xB6, 0x36, 0x94, 0xBE, 0xC5, 0xBB, 0x4A, 0x9F, 0xA1, 0x72, 0xBD, 0x8E, 0xB2, 0x6B, 0x44,
    0x6C, 0xF7, 0xCF, 0xE9, 0x23, 0x34, 0xCC, 0xA6, 0x6A, 0x3A, 0xCC, 0x7C, 0xE9, 0x7A, 0xB7, 0x48,
    0x19, 0x94, 0x07, 0xB7, 0x46, 0x93, 0x2C, 0xFB, 0x8E, 0x56, 0xEA, 0xCF, 0x3C, 0x05, 0x90, 0x4A,
    0x1A, 0x2D, 0xC7, 0x74, 0x50, 0x85, 0xB8, 0x00, 0x3B, 0x12, 0x92, 0x54, 0xFF, 0xFA, 0x81, 0xCE,
    0x57, 0x37, 0x3F, 0xD3, 0x99, 0x70, 0x88, 0x91, 0x28, 0x3C, 0x91, 0xC8, 0x62, 0x20, 0x68, 0x08,
    0x6A, 0x8E, 0x73, 0x21, 0xD1, 0xE8, 0xE6, 0x68, 0x59, 0x78, 0x2A, 0x71, 0x93, 0xA7, 0x3C, 0xED,
    0xAC, 0x5E, 0x8D, 0xAC, 0xE1, 0xB1, 0x76, 0xB6, 0x38, 0x3F, 0x34, 0x62, 0x72, 0x3B, 0x6F, 0xF1,
    0xB4, 0x39, 0x17, 0xF2, 0xCC, 0xCF, 0x65, 0x35, 0xB8, 0xCA, 0xCD, 0xAA, 0xDD, 0xDA, 0xC5, 0xF3,
    0xA7, 0x5D, 0x79, 0x0A, 0xF3, 0x07, 0x9A, 0x79, 0x0A, 0x90, 0xD2, 0x40, 0x10, 0x33, 0xF1, 0xA8,
    0x29, 0x09, 0x8D, 0x78, 0x16, 0x8B, 0xE6, 0xDE, 0x70, 0x97, 0x78, 0x90, 0x16, 0xE0, 0xFE, 0x32,
    0x9A, 0x5B, 0xBA, 0x1D, 0x74, 0x4C, 0xE5, 0x6C, 0x4E, 0xC7, 0xA7, 0x22, 0x74, 0x18, 0xAE, 0x26,
    0x66, 0x16, 0x33, 0xC6, 0xE9, 0xF8, 0xC3, 0x4E, 0x87, 0xE6, 0x74, 0x4A, 0x7C, 0x70, 0x3A, 0x25,
    0x2F, 0x76, 0x3A, 0x95, 0xA2, 0x39, 0xDE, 0xBF, 0xD5, 0x18, 0xE9, 0x00, 0xEA, 0xA0, 0x53, 0x28,
    0xD2, 0x01, 0x54, 0xA4, 0xD3, 0x4E, 0x91, 0x0E, 0x3F, 0x1C, 0x74, 0x78, 0xEA, 0xA0, 0x53, 0xEE,
    0x91, 0x0E, 0x4F, 0x45, 0x3A, 0x3C, 0xE5, 0x74, 0xEC, 0xEF, 0x74, 0x32, 0x69, 0x37, 0xA7, 0x53,
    0x50, 0x6C, 0x9C, 0x8E, 0x9B, 0xD0, 0x01, 0x94, 0x67, 0x51, 0xF2, 0x56, 0xF2, 0xC8, 0x5E, 0xC3,
    0xCA, 0xF7, 0x64, 0x4F, 0x77, 0xF3, 0xC1, 0xD0, 0x9B, 0xF0, 0xE7, 0x15, 0x4C, 0x07, 0xB7, 0x6A,
    0xC7, 0x50, 0x2E, 0xEE, 0x89, 0xF9, 0x9C, 0xA5, 0x8F, 0xDF, 0xD4, 0x33, 0x1A, 0x60, 0xF5, 0x54,
    0xF0, 0x2A, 0xEB, 0xD4, 0x4D, 0xE0, 0xB1, 0x94, 0x71, 0x80, 0x8E, 0xE5, 0xFA, 0xA3, 0x86, 0x57,
    0x20, 0x42, 0x05, 0xA3, 0x76, 0xF6, 0x5E, 0xC5, 0x08, 0x8E, 0x69, 0xC5, 0xBF, 0x37, 0x28, 0x1B,
    0x99, 0x38, 0x1B, 0x16, 0x94, 0x46, 0x70, 0x27, 0xA2, 0x22, 0x05, 0x6B, 0x48, 0x05, 0x40, 0xB8,
    0x67, 0x3B, 0x1D, 0x50, 0x17, 0x8A, 0xDD, 0x78, 0x80, 0x2A, 0xB7, 0x41, 0xCF, 0x2B, 0x1D, 0xF9,
    0x4F, 0xC0, 0x5A, 0x73, 0x01, 0xA4, 0xD4, 0xD3, 0xA5, 0x10, 0x56, 0xAE, 0x77, 0x67, 0xC7, 0x61,
    0xFF, 0x6F, 0xB1, 0x51, 0x8B, 0x28, 0x79, 0xC4, 0xC5, 0xF0, 0x10, 0x55, 0x26, 0xDC, 0x88, 0x1A,
    0x4A, 0xCC, 0x72, 0x18, 0xE1, 0x94, 0x31, 0x1E, 0xB1, 0x46, 0xE0, 0x7F, 0xD4, 0xF4, 0xC1, 0x60,
    0xD3, 0x07, 0x5D, 0xF2, 0x6C, 0xEA, 0x9A, 0xAE, 0x70, 0x14, 0x8D, 0xEB, 0x74, 0x49, 0x1F, 0x74,
    0xC9, 0xB3, 0x74, 0x11, 0x35, 0x7D, 0xA0, 0x79, 0x96, 0x91, 0x5D, 0x33, 0xDC, 0x92, 0x96, 0xCC,
    0xE3, 0x9A, 0xA3, 0xA6, 0x0F, 0xF3, 0xF4, 0xA0, 0x81, 0x85, 0xF6, 0x93, 0xCE, 0x87, 0x08, 0xFC,
    0xAE, 0x87, 0x43, 0x37, 0x28, 0xF3, 0x9F, 0x2F, 0xDA, 0xFF, 0xB9, 0x4A, 0x77, 0xE7, 0xC1, 0xD0,
    0x54, 0xAE, 0x9D, 0xC7, 0xE6, 0x1C, 0xEC, 0x91, 0x6B, 0x1A, 0x3C, 0x68, 0xF0, 0xE0, 0x5E, 0x78,
    0xD4, 0x5E, 0x2B, 0xB8, 0x27, 0x6A, 0x62, 0x71, 0xDD, 0x70, 0x2F, 0x31, 0x71, 0xAF, 0x73, 0x50,
    0x1F, 0x35, 0x3C, 0xB8, 0x17, 0x1E, 0x17, 0xF1, 0xA3, 0xB9, 0x27, 0x6A, 0x78, 0x70, 0x2F, 0x3C,
    0xB8, 0x17, 0x0E, 0xFC, 0x16, 0x35, 0x2D, 0xEA, 0x98, 0xAA, 0xA7, 0xF9, 0xA2, 0x70, 0x7A, 0x72,
    0xA3, 0xFB, 0x43, 0xFB, 0xCF, 0xF5, 0xE2, 0x5B, 0x09, 0x92, 0x83, 0xEA, 0x4F, 0x4E, 0x90, 0x7D,
    0xF5, 0x8C, 0x3C, 0x4D, 0x89, 0x67, 0xC3, 0xDB, 0x1E, 0x33, 0x49, 0xE9, 0x6B, 0x0A, 0x6E, 0xA8,
    0xE7, 0xA5, 0x48, 0xBC, 0xAF, 0x16, 0x7C, 0xAF, 0x67, 0x3C, 0x46, 0x8A, 0xE7, 0x5C, 0xE6, 0x3B,
    0x4F, 0x17, 0x1B, 0x0C, 0x7C, 0x89, 0x71, 0x59, 0x2D, 0x2E, 0x93, 0xE3, 0x85, 0x0D, 0x75, 0x47,
    0x86, 0x14, 0x2F, 0xF4, 0xB1, 0x76, 0x19, 0x77, 0x0C, 0xC8, 0x13, 0xB2, 0xD2, 0x8C, 0xD4, 0x88,
    0x54, 0xEF, 0x29, 0x81, 0x24, 0x6F, 0x07, 0x3A, 0xAB, 0xE8, 0xA4, 0xA7, 0xAB, 0x9A, 0xE5, 0xBD,
    0xF7, 0x14, 0x3A, 0x1B, 0xDB, 0x0B, 0xAC, 0x1E, 0x6B, 0x37, 0x4A, 0x62, 0xA2, 0xA6, 0xD8, 0xB0,
    0x98, 0x7D, 0xBC, 0xA4, 0x7B, 0x3C, 0xA5, 0x6E, 0xE9, 0xE7, 0x73, 0xB6, 0xE3, 0x2A, 0xA5, 0x22,
    0xDB, 0x20, 0x96, 0xA8, 0x58, 0xF3, 0x15, 0xC4, 0xA9, 0xF2, 0xAD, 0x58, 0x3D, 0xE7, 0xB3, 0xBD,
    0xC4, 0xB2, 0x6C, 0x4F, 0x55, 0x2E, 0x44, 0x9C, 0x6D, 0x89, 0xDE, 0x9C, 0x89, 0x3A, 0xDC, 0xAD,
    0x0F, 0x26, 0xA2, 0x2D, 0x82, 0xF5, 0x29, 0x16, 0x9D, 0xB7, 0x9A, 0x12, 0xAC, 0x85, 0xF1, 0x81,
    0x42, 0x39, 0x07, 0xCB, 0x9D, 0x67, 0x39, 0x73, 0xE7, 0x27, 0x2B, 0xDD, 0x3A, 0xB1, 0xF2, 0xE0,
    0x32, 0x56, 0x11, 0x5C, 0x0E, 0xD6, 0xE5, 0x6C, 0x30, 0x2F, 0x98, 0x77, 0x67, 0x44, 0x9C, 0x13,
    0x71, 0x56, 0x44, 0xAB, 0x89, 0xD6, 0x8C, 0xFC, 0xAE, 0xD9, 0xC1, 0xF4, 0x70, 0xA2, 0xB9, 0x0E,
    0xA0, 0x85, 0x0E, 0x9E, 0xF9, 0x76, 0xE0, 0xB4, 0x87, 0xD0, 0xC4, 0x88, 0x30, 0xED, 0x60, 0x09,
    0x37, 0x47, 0x59, 0xCF, 0x4E, 0x12, 0x42, 0x0E, 0x92, 0xE4, 0x82, 0x63, 0x20, 0xE5, 0x18, 0x03,
    0x28, 0xA7, 0xC8, 0x58, 0x39, 0x44, 0xF5, 0xCE, 0x30, 0x18, 0x8E, 0x30, 0x40, 0x72, 0x82, 0x81,
    0x91, 0x03, 0xCC, 0x74, 0xF0, 0x0B, 0x86, 0xE3, 0x0B, 0x86, 0xD3, 0xCB, 0xF7, 0x03, 0x5E, 0xB1,
    0x1D, 0xEC, 0x18, 0x21, 0xD0, 0xF1, 0xEC, 0xE5, 0x7C, 0xC1, 0xC1, 0xCB, 0x99, 0x13, 0xA7, 0x0E,
    0x7D, 0x47, 0xA3, 0x8F, 0xC6, 0xE5, 0xBD, 0xB4, 0x26, 0x96, 0xD6, 0x58, 0x97, 0x2E, 0xC7, 0xA3,
    0x9A, 0x5D, 0xDF, 0x03, 0x52, 0x6C, 0xBF, 0xF0, 0xF7, 0x14, 0x3A, 0x33, 0xB1, 0x54, 0x6B, 0x24,
    0x59, 0xD4, 0x89, 0x04, 0x49, 0xB4, 0x75, 0x04, 0x9E, 0x6A, 0xAC, 0xE7, 0x84, 0x0D, 0x7C, 0x5F,
    0x33, 0x49, 0x32, 0x66, 0x59, 0x26, 0x9F, 0x5B, 0x41, 0xE4, 0xBB, 0x6B, 0x82, 0x64, 0xCA, 0x80,
    0x85, 0xF9, 0x59, 0x02, 0x34, 0x08, 0x30, 0x32, 0x47, 0x2B, 0x3A, 0x0B, 0xE1, 0xD6, 0x40, 0x0C,
    0x1A, 0xFE, 0xCC, 0x57, 0xF6, 0x77, 0x41, 0x84, 0x61, 0xC8, 0xD0, 0xB1, 0xC2, 0x21, 0x99, 0xE9,
    0xAE, 0x8F, 0xC8, 0x53, 0xD7, 0x47, 0xFA, 0xA0, 0xCD, 0xF5, 0x7A, 0xE8, 0x01, 0x79, 0xEF, 0xA1,
    0x7D, 0x68, 0x96, 0x31, 0xB6, 0x96, 0xEE, 0x35, 0x5D, 0xCA, 0xB7, 0xB3, 0x8A, 0x48, 0x2E, 0x5B,
    0x37, 0x23, 0x05, 0xBA, 0x54, 0xBE, 0x77, 0x44, 0x96, 0xBE, 0x9D, 0x7C, 0x8A, 0x3C, 0x7D, 0x86,
    0x6C, 0x3F, 0x21, 0xD1, 0xF5, 0x24, 0xC8, 0x44, 0xAF, 0x07, 0x99, 0x29, 0x63, 0x91, 0xDB, 0xD2,
    0x9D, 0xE2, 0x90, 0x0A, 0xD0, 0x48, 0xDF, 0xD6, 0x74, 0x42, 0x0A, 0x99, 0x06, 0x01, 0xBB, 0x9B,
    0x9F, 0xFA, 0x54, 0xF7, 0x14, 0xD0, 0xB9, 0x9E, 0x91, 0x5E, 0xBC, 0x8F, 0xB3, 0xCF, 0xFD, 0x73,
    0xF2, 0xC8, 0x77, 0xA7, 0xF9, 0xD2, 0x52, 0xAD, 0xC5, 0xDB, 0xD6, 0x98, 0x11, 0xBE, 0x11, 0x20,
    0x0E, 0x95, 0x1C, 0x5A, 0xC8, 0x45, 0x69, 0xE4, 0xC8, 0x32, 0x94, 0x4A, 0x34, 0x54, 0x14, 0xB7,
    0x1A, 0xEA, 0xA7, 0x89, 0xBE, 0xE1, 0x4C, 0x8E, 0x3B, 0xE1, 0x6E, 0xCC, 0x11, 0xE5, 0xCE, 0xE6,
    0x79, 0xF3, 0x73, 0xCA, 0x49, 0x41, 0x54, 0xFA, 0x62, 0xB1, 0x5C, 0x6F, 0x2C, 0xC7, 0xE4, 0xBB,
    0xDF, 0xA4, 0x0F, 0xAD, 0x1A, 0xEA, 0xD1, 0xCA, 0x59, 0x67, 0xCB, 0xB4, 0x43, 0x07, 0x46, 0x31,
    0x1F, 0x63, 0x32, 0x6E, 0x87, 0x68, 0x71, 0xB2, 0xD6, 0xE7, 0x60, 0x89, 0x85, 0xB3, 0xD8, 0x10,
    0x2B, 0x34, 0xA3, 0xF0, 0x9C, 0x27, 0x70, 0x1F, 0xEE, 0x28, 0x18, 0xF5, 0x38, 0xE4, 0xEA, 0x5D,
    0xF8, 0x5A, 0x56, 0x68, 0x3C, 0x7A, 0xEF, 0x10, 0xC2, 0x8B, 0x57, 0x02, 0xA5, 0x72, 0x2A, 0xE7,
    0x7C, 0x6D, 0xFB, 0x54, 0x22, 0x07, 0x7C, 0x20, 0x63, 0x73, 0x9A, 0xFC, 0xD1, 0x09, 0x8B, 0x03,
    0x6E, 0xC5, 0x3F, 0xBC, 0xC3, 0x39, 0x3C, 0xF2, 0xBF, 0x05, 0xC7, 0xF0, 0x0B, 0x67, 0xF8, 0x8B,
    0x59, 0xF8, 0x5A, 0x13, 0x12, 0xCA, 0xEA, 0xA1, 0x66, 0xF7, 0x31, 0x91, 0x79, 0xB9, 0x36, 0xA3,
    0x17, 0xDE, 0xC6, 0x11, 0xF1, 0xB2, 0x55, 0x5C, 0x49, 0x25, 0x3A, 0x8D, 0xFB, 0x22, 0xCA, 0xD3,
    0x96, 0x53, 0x9B, 0x46, 0xA3, 0x66, 0x9C, 0x03, 0xFD, 0x42, 0xBC, 0xA5, 0x84, 0xDE, 0x5C, 0xAE,
    0xC8, 0x0A, 0x39, 0xD7, 0x0B, 0xD7, 0x4F, 0xB3, 0x21, 0xF1, 0x02, 0x19, 0x86, 0x0C, 0xA9, 0x81,
    0xAA, 0x1F, 0x46, 0x76, 0x61, 0xCF, 0x5A, 0xAF, 0x1C, 0x05, 0x4A, 0x35, 0xED, 0x66, 0x85, 0x24,
    0x2E, 0x0A, 0x56, 0xE4, 0x5A, 0x5C, 0xA2, 0x58, 0x5A, 0xE3, 0x68, 0x8E, 0x8C, 0xE6, 0xDC, 0x7D,
    0xC7, 0x68, 0xBE, 0x83, 0xF3, 0xE2, 0x5D, 0xDA, 0x08, 0x40, 0x46, 0x52, 0x35, 0x25, 0x9B, 0xC8,
    0x6A, 0x25, 0x9F, 0x66, 0xC4, 0x14, 0x44, 0x3B, 0x46, 0xD1, 0x71, 0x00, 0xEE, 0x38, 0xFF, 0x72,
    0xFC, 0xF5, 0xD3, 0x2F, 0x49, 0xE5, 0x67, 0xDF, 0x42, 0xE0, 0xD7, 0x16, 0x8F, 0x88, 0xBE, 0x07,
    0xF6, 0xFD, 0x2F, 0x75, 0x38, 0x96, 0x37, 0xDF, 0xF3, 0x52, 0xEA, 0x2F, 0x1A, 0x03, 0xD7, 0xF5,
    0x0C, 0x1D, 0x2B, 0x90, 0x4B, 0x2E, 0x06, 0x19, 0x2E, 0xB2, 0x71, 0xA7, 0xEE, 0x20, 0x39, 0x01,
    0xBB, 0x64, 0xAB, 0xCA, 0xC5, 0x9A, 0x33, 0xB0, 0x9F, 0x80, 0xFD, 0xDC, 0x8B, 0xAC, 0x59, 0x18,
    0x29, 0x9B, 0x5D, 0x90, 0x13, 0x39, 0xD2, 0x22, 0xF9, 0x67, 0x37, 0xB2, 0x16, 0xFA, 0x89, 0x97,
    0x11, 0xC3, 0x27, 0x1C, 0x2F, 0xA4, 0x19, 0x4F, 0x74, 0x8E, 0x9F, 0x10, 0xC8, 0x3D, 0x66, 0x68,
    0x39, 0x19, 0xD9, 0x07, 0x2A, 0xAF, 0x41, 0x97, 0x09, 0x88, 0x5B, 0xD5, 0x1C, 0x44, 0x3D, 0x51,
    0x23, 0xA7, 0x62, 0x43, 0xB0, 0xDE, 0x1C, 0xA5, 0xD1, 0xEB, 0x21, 0x65, 0xD5, 0x98, 0xA6, 0x29,
    0x22, 0x44, 0xC9, 0x11, 0xD7, 0x0F, 0xB8, 0xA7, 0xA9, 0x06, 0xA6, 0x58, 0xE8, 0x9E, 0xAE, 0x7E,
    0xB0, 0xF5, 0x63, 0xED, 0xF5, 0xC5, 0x04, 0xDC, 0x91, 0x02, 0x72, 0x8B, 0x3C, 0xDA, 0x0F, 0x93,
    0xF7, 0xF0, 0xE8, 0x8D, 0xD9, 0x40, 0x8D, 0x54, 0x31, 0x91, 0x0F, 0x49, 0xF3, 0xFD, 0xC6, 0x6B,
    0xB7, 0xB7, 0x0F, 0x81, 0x3A, 0x1D, 0xE2, 0xF6, 0x96, 0x40, 0x28, 0xCE, 0x73, 0xDD, 0x38, 0xF2,
    0x62, 0xA1, 0x32, 0x4E, 0xA7, 0xE6, 0x45, 0xD2, 0x2E, 0xF6, 0xB8, 0x62, 0xC7, 0xAD, 0xB8, 0x1A,
    0x9C, 0x5E, 0x31, 0x7F, 0x0C, 0x6D, 0x08, 0x23, 0x4B, 0x68, 0x6F, 0x2F, 0x09, 0x6D, 0x7B, 0x15,
    0xDD, 0xE2, 0x2C, 0x97, 0xB3, 0x9D, 0x50, 0x67, 0x9F, 0xB1, 0x81, 0x71, 0x40, 0x5E, 0xCC, 0xA7,
    0xDE, 0xCA, 0xA9, 0x3D, 0x5B, 0x3E, 0x9E, 0x5E, 0x64, 0x82, 0xFF, 0xDA, 0xDA, 0xC6, 0xAC, 0xFE,
    0x1D, 0x49, 0x5D, 0x0A, 0x0F, 0x73, 0xF5, 0x78, 0x7E, 0x1B, 0x13, 0x1C, 0xE4, 0x77, 0x12, 0xBC,
    0x7C, 0x19, 0x90, 0x23, 0xDF, 0xB2, 0x74, 0xC9, 0x67, 0xB3, 0x9D, 0x55, 0xE5, 0xA4, 0xB8, 0x2D,
    0xB9, 0xBA, 0xFE, 0x5F, 0x67, 0xB9, 0x27, 0x76, 0x35, 0x21, 0x8B, 0x05, 0x99, 0xAE, 0x48, 0xFB,
    0xED, 0x9D, 0x2C, 0xC7, 0xF3, 0x03, 0xFC, 0xFE, 0x92, 0x64, 0xF9, 0x0D, 0xA6, 0xF0, 0xB2, 0xE3,
    0x6A, 0x4D, 0x1A, 0x95, 0xA3, 0xFF, 0x1E, 0x18, 0x57, 0x9E, 0xE5, 0x2E, 0x5E, 0x6C, 0x96, 0x27,
    0xEF, 0xE0, 0x94, 0x66, 0x1C, 0xDE, 0x10, 0xB2, 0xE4, 0x6B, 0x42, 0x0A, 0x36, 0x5E, 0x46, 0x71,
    0x4F, 0x6C, 0xCA, 0x83, 0xC8, 0x11, 0x95, 0xDE, 0x0F, 0x2F, 0xC2, 0xAF, 0xF8, 0xA2, 0x2D, 0x40,
    0x6A, 0x17, 0x10, 0x4C, 0x56, 0x12, 0xBB, 0xAF, 0xEF, 0x57, 0x76, 0xA7, 0x49, 0x2B, 0x52, 0xFC,
    0x00, 0xA4, 0xD8, 0xDE, 0xBE, 0xD7, 0xF0, 0xC9, 0xAE, 0xE2, 0xBB, 0xE1, 0x56, 0x8F, 0x0C, 0x3A,
    0x89, 0x69, 0xD7, 0x57, 0xDF, 0xD3, 0x5D, 0xF2, 0x9D, 0x45, 0x22, 0x7B, 0xCE, 0x22, 0xC1, 0xCC,
    0x09, 0xA2, 0x0B, 0x63, 0x39, 0x9D, 0x9E, 0xB3, 0x69, 0xFE, 0xE0, 0xBF, 0xB3, 0x69, 0x8E, 0x54,
    0x13, 0x5C, 0x72, 0xEF, 0x62, 0xF3, 0x09, 0x52, 0x4C, 0xC8, 0xD2, 0xE5, 0x88, 0x4C, 0x9B, 0xEF,
    0x2B, 0xE1, 0x04, 0xA4, 0x91, 0xF0, 0x18, 0x09, 0xD3, 0x8A, 0x1E, 0x7F, 0x46, 0xC4, 0x80, 0x7F,
    0xFD, 0x0B, 0x25, 0x6C, 0x57, 0x37, 0x37, 0x6E, 0x94, 0xD2, 0x3F, 0x19, 0xBB, 0x3D, 0xB7, 0x11,
    0x83, 0x7C, 0x8F, 0x19, 0x8D, 0x0A, 0xA3, 0x81, 0x69, 0x34, 0xBA, 0xAF, 0x74, 0xE3, 0x75, 0xE2,
    0xA3, 0xFD, 0x78, 0x08, 0x46, 0x44, 0xBC, 0x83, 0xC9, 0x80, 0xEB, 0x06, 0xBB, 0xF5, 0xED, 0xC6,
    0x17, 0xCE, 0x1A, 0x46, 0x20, 0x73, 0x83, 0x02, 0x20, 0x0C, 0xA6, 0xE5, 0x33, 0xA0, 0x95, 0x02,
    0xA0, 0xC5, 0xFF, 0x9E, 0xE2, 0x21, 0xA6, 0x30, 0x86, 0x0E, 0x23, 0xD5, 0x1F, 0x6E, 0x84, 0x41,
    0xB5, 0x8C, 0x7B, 0xE1, 0x14, 0x4F, 0xA9, 0x8D, 0x38, 0xDF, 0x50, 0x03, 0x31, 0xFC, 0x5B, 0x26,
    0x06, 0xAE, 0xDE, 0xDC, 0x34, 0x1E, 0xDD, 0xE0, 0xAA, 0x77, 0x45, 0x0F, 0x71, 0x50, 0x38, 0xE8,
    0x33, 0x2C, 0x9F, 0x6A, 0x30, 0xE9, 0x53, 0x69, 0x4E, 0x45, 0x5B, 0xF9, 0x50, 0xBC, 0x85, 0x88,
    0xF6, 0x54, 0x53, 0xBE, 0x56, 0x6B, 0xA2, 0xBE, 0x58, 0xEB, 0x99, 0x48, 0x56, 0x06, 0xE9, 0x4B,
    0xCD, 0x0C, 0x93, 0x34, 0x30, 0x50, 0xDA, 0xAD, 0x1D, 0x32, 0x3D, 0xBB, 0xB6, 0x8E, 0xAF, 0x31,
    0xC6, 0x70, 0xA1, 0x00, 0x70, 0x4E, 0x9A, 0xD3, 0x2E, 0xFD, 0xE9, 0x01, 0xA1, 0xE3, 0x75, 0xA9,
    0x2F, 0xF0, 0x39, 0xD7, 0xBB, 0x9F, 0xE9, 0x1B, 0x63, 0xE8, 0x5E, 0x35, 0x8B, 0xED, 0x47, 0x5C,
    0x4A, 0x84, 0xCF, 0x05, 0xF1, 0xC3, 0x85, 0x65, 0x63, 0x6F, 0x1E, 0x58, 0x42, 0x21, 0x34, 0x3E,
    0xFF, 0x03, 0xB0, 0x71, 0x10, 0xC8, 0xD5, 0xC2, 0xD8, 0x54, 0x6B, 0x2A, 0x35, 0xF5, 0x92, 0x05,
    0x49, 0xF1, 0xA3, 0xB8, 0xBA, 0xF4, 0xEF, 0x10, 0xF7, 0x1E, 0xEF, 0xA1, 0x28, 0x16, 0xE2, 0x9C,
    0x54, 0x8A, 0x38, 0xAE, 0x1E, 0x6C, 0x4D, 0xB9, 0xB3, 0x96, 0x14, 0xFA, 0xB2, 0x73, 0x82, 0x93,
    0x99, 0xCB, 0x8A, 0x4F, 0xF4, 0x87, 0x6B, 0x40, 0xB2, 0x42, 0x4F, 0x56, 0xAF, 0xD2, 0x9D, 0xB4,
    0x24, 0xFA, 0xAB, 0xC2, 0x4B, 0xCE, 0xED, 0x94, 0xF3, 0x8A, 0x72, 0x43, 0xF0, 0x09, 0xA7, 0x5A,
    0x02, 0x8A, 0x20, 0xBA, 0xDE, 0x69, 0x2D, 0x29, 0x27, 0xA4, 0x9C, 0xB0, 0x3B, 0x35, 0xA5, 0x1F,
    0x9D, 0x9E, 0x31, 0x52, 0x9F, 0xEC, 0xC4, 0xB1, 0x99, 0xBD, 0xF2, 0x78, 0x7F, 0x8F, 0x94, 0x1B,
    0x10, 0xFD, 0xB5, 0xB5, 0xB3, 0x75, 0xEF, 0x6B, 0xE4, 0x3D, 0x7D, 0x10, 0x3B, 0xEF, 0xFE, 0xFC,
    0xE2, 0xB8, 0x39, 0x52, 0x28, 0x74, 0x06, 0x03, 0x9D, 0x64, 0x5A, 0x0C, 0x6A, 0xA3, 0xD1, 0xFE,
    0x53, 0x98, 0xC8, 0x0A, 0xA4, 0xF6, 0x1C, 0x98, 0x60, 0x04, 0x29, 0x4B, 0x9D, 0x2F, 0xC6, 0xBE,
    0x30, 0xAF, 0xC8, 0x12, 0xFE, 0xBC, 0x4A, 0xFF, 0x02, 0xE6, 0xBD, 0xF7, 0xEC, 0x43, 0xCB, 0x96,
    0x7C, 0x3D, 0x3E, 0xC0, 0x08, 0x17, 0x5A, 0xC5, 0x8F, 0xA7, 0xFF, 0xC8, 0xFB, 0x8B, 0xC8, 0xFB,
    0x19, 0xBC, 0x7B, 0x56, 0x74, 0x16, 0xD9, 0x3D, 0xF2, 0x0E, 0xE2, 0xE0, 0x1D, 0x04, 0xBC, 0x13,
    0x44, 0x18, 0x99, 0x6A, 0x2D, 0xE0, 0xDD, 0xC9, 0x0E, 0xE8, 0x4F, 0xF7, 0x38, 0x7B, 0x8B, 0xED,
    0xCE, 0xF7, 0x86, 0x5F, 0xC1, 0xBB, 0x95, 0x46, 0x44, 0x1F, 0xC4, 0x0E, 0xB8, 0xBB, 0xC7, 0xFB,
    0xFE, 0xDF, 0x3C, 0xDE, 0x97, 0x0B, 0x1C, 0x48, 0x80, 0xD9, 0xEA, 0x99, 0xE1, 0x00, 0xDA, 0x19,
    0x4F, 0xC5, 0xEE, 0x89, 0xF8, 0xDA, 0xA1, 0xE3, 0x14, 0xFD, 0x7B, 0x9E, 0xD5, 0x47, 0x74, 0xA9,
    0x8F, 0x77, 0xFA, 0x7A, 0xBC, 0x5C, 0xAC, 0x0D, 0xF0, 0x5B, 0x90, 0x7F, 0x59, 0xF9, 0x20, 0x51,
    0x6E, 0x78, 0x5D, 0xEC, 0xB8, 0x9D, 0x0B, 0xC9, 0x06, 0x8A, 0x72, 0x1E, 0xBF, 0x55, 0x93, 0x6D,
    0xBC, 0xD0, 0xDA, 0x09, 0x19, 0x06, 0xE7, 0x6F, 0xDD, 0x58, 0x01, 0xC4, 0x26, 0xC7, 0x19, 0x9E,
    0xDD, 0x6D, 0xB2, 0xDC, 0x62, 0x83, 0xB4, 0xE5, 0x82, 0x29, 0x80, 0x43, 0x07, 0xA0, 0xE0, 0x76,
    0x2B, 0xB4, 0x08, 0x12, 0xF4, 0x2F, 0x15, 0x14, 0x84, 0xF6, 0xE0, 0x87, 0x42, 0x49, 0xED, 0xE6,
    0x8A, 0x00, 0x5C, 0x29, 0x00, 0x39, 0xFC, 0xB8, 0xFC, 0xC1, 0x01, 0x04, 0xD7, 0xEE, 0xEA, 0xA1,
    0x00, 0xAB, 0x51, 0x50, 0x64, 0xDB, 0x34, 0x4E, 0x1A, 0x74, 0xAB, 0x73, 0x6E, 0xEF, 0xBF, 0xD9,
    0x7D, 0xFB, 0x3E, 0xCF, 0xCE, 0xFA, 0x7C, 0x7F, 0xDD, 0x11, 0xB8, 0x5C, 0xBB, 0xB9, 0xEF, 0xB9,
    0xC9, 0xDC, 0xEE, 0xCC, 0xF3, 0x3C, 0xEF, 0xBC, 0xEF, 0xCC, 0x6E, 0x72, 0x66, 0xAE, 0x19, 0x93,
    0xAC, 0xE9, 0x6A, 0x8C, 0x91, 0x37, 0x66, 0xC5, 0x4A, 0x46, 0x45, 0x27, 0xAD, 0x62, 0x89, 0xEE,
    0x78, 0xBD, 0xF4, 0x23, 0x60, 0x39, 0x03, 0xAD, 0x07, 0x3A, 0x62, 0x35, 0x1D, 0xB0, 0x19, 0x89,
    0x03, 0xB0, 0xEB, 0x0B, 0xD1, 0x31, 0x7B, 0x17, 0x80, 0xDD, 0x64, 0x12, 0xB9, 0x29, 0xBD, 0x49,
    0xE5, 0x0D, 0xED, 0xCE, 0xC4, 0x06, 0x60, 0x33, 0x01, 0xB5, 0xDB, 0xE4, 0x82, 0x19, 0x0B, 0xB6,
    0x4B, 0x91, 0x11, 0xD8, 0x4C, 0x98, 0xB0, 0x9A, 0x31, 0x21, 0xEE, 0x77, 0x53, 0xB9, 0x60, 0xAA,
    0x5C, 0x80, 0x99, 0xD4, 0x3A, 0x61, 0x8A, 0x07, 0xE2, 0x65, 0x45, 0x67, 0x4E, 0x45, 0x02, 0x87,
    0x10, 0x68, 0xC1, 0x78, 0xB2, 0xE4, 0x32, 0x24, 0x3A, 0xA4, 0xE8, 0x33, 0xAD, 0x69, 0xA6, 0x82,
    0xCF, 0x73, 0x2C, 0x5F, 0x06, 0xA0, 0x25, 0xBA, 0x19, 0xFD, 0x95, 0x07, 0x42, 0x50, 0x43, 0xEC,
    0x46, 0xA0, 0x0C, 0xDA, 0xAF, 0x93, 0x29, 0x1B, 0x1D, 0x44, 0x45, 0x95, 0xA2, 0x7F, 0xEA, 0x66,
    0x01, 0x67, 0x41, 0x27, 0x49, 0x2B, 0xD6, 0x20, 0x42, 0x6B, 0x56, 0x40, 0xC6, 0x66, 0x39, 0x02,
    0x6D, 0x0F, 0x74, 0x03, 0x71, 0x65, 0x3F, 0x31, 0x27, 0xC6, 0xEB, 0xE7, 0x54, 0x82, 0x89, 0x65,
    0x81, 0x1A, 0x51, 0x6F, 0xBE, 0x94, 0xBA, 0x5C, 0x13, 0xE9, 0x95, 0xA7, 0x52, 0xF0, 0x80, 0x49,
    0xA1, 0x19, 0x77, 0xE8, 0x54, 0x60, 0xDB, 0x0D, 0x99, 0x32, 0x1A, 0x73, 0x51, 0xE6, 0x76, 0x35,
    0xD5, 0x2A, 0x41, 0x47, 0x92, 0x69, 0xB3, 0x35, 0x91, 0x05, 0xD3, 0xB6, 0x91, 0x58, 0x1A, 0x76,
    0x72, 0x39, 0x01, 0x3E, 0x66, 0x00, 0xD3, 0xB5, 0x87, 0xA0, 0x9F, 0x9C, 0x18, 0x9A, 0x49, 0x4E,
    0x2B, 0x71, 0x31, 0xBC, 0xFE, 0xBF, 0x5C, 0xA7, 0x50, 0xEA, 0x8C, 0xB0, 0xBE, 0x80, 0xE1, 0x40,
    0xB6, 0xD6, 0x26, 0xD1, 0x99, 0xD1, 0xBD, 0x67, 0x2B, 0xF9, 0xF5, 0x51, 0xD5, 0xD1, 0x55, 0x0A,
    0x64, 0x58, 0xA2, 0x13, 0x81, 0xF3, 0x0C, 0xD3, 0x37, 0x4F, 0xA0, 0x07, 0xBE, 0x2A, 0x16, 0x7C,
    0xAA, 0x9A, 0x81, 0x1C, 0x4C, 0x49, 0xA3, 0x5B, 0x6E, 0x71, 0x84, 0x40, 0x14, 0x58, 0xF4, 0x36,
    0xEF, 0x4F, 0x80, 0x88, 0x0C, 0xB0, 0x03, 0xB2, 0xCD, 0xFE, 0xEF, 0x91, 0x77, 0x75, 0x81, 0x70,
    0x54, 0xFB, 0x84, 0x2A, 0xE7, 0x35, 0x74, 0xE8, 0x08, 0x00, 0x93, 0x9E, 0x99, 0x1B, 0xD0, 0x9B,
    0x42, 0xBF, 0x94, 0x50, 0xDB, 0x70, 0x84, 0x8A, 0x37, 0xD9, 0xCB, 0xEB, 0xCB, 0x91, 0x73, 0x25,
    0x07, 0xBC, 0x76, 0x2E, 0x3E, 0xCE, 0x08, 0xA7, 0x18, 0xE3, 0x00, 0x6C, 0xA6, 0xD8, 0x4D, 0x59,
    0xB4, 0x84, 0x43, 0x8A, 0x27, 0xAE, 0xE0, 0x70, 0xCA, 0xFB, 0xB1, 0x24, 0x0F, 0x5A, 0x0E, 0x98,
    0xB0, 0x7F, 0xB7, 0xC0, 0x98, 0x5F, 0x9A, 0x66, 0x05, 0x3F, 0x09, 0xC4, 0x89, 0xC8, 0x42, 0x35,
    0x1F, 0x18, 0xA6, 0xB7, 0x75, 0x95, 0x64, 0x21, 0x0B, 0xFA, 0xB8, 0xC5, 0xAA, 0x95, 0x1E, 0x54,
    0xC1, 0x3D, 0x1C, 0x4B, 0xF1, 0x7B, 0xA9, 0x24, 0x34, 0x63, 0x04, 0xFA, 0x48, 0x02, 0x04, 0x92,
    0x48, 0xA5, 0x06, 0x90, 0xCD, 0x0E, 0x5C, 0xB1, 0xC5, 0x02, 0x61, 0xE1, 0x08, 0xEC, 0x7C, 0x34,
    0xFA, 0xC6, 0x73, 0x00, 0xF4, 0x00, 0xF4, 0x6F, 0x09, 0x21, 0x5F, 0x60, 0x28, 0x08, 0xB1, 0xC8,
    0x9C, 0x9C, 0x4D, 0x3A, 0x5C, 0x08, 0x3A, 0x2A, 0x45, 0xA6, 0xF1, 0x60, 0xAA, 0x87, 0xA7, 0xD2,
    0xBE, 0x74, 0xF2, 0xB6, 0xB4, 0x2C, 0xB6, 0xAC, 0xCB, 0xA4, 0x4B, 0x75, 0x81, 0xA4, 0x31, 0x47,
    0xE7, 0xC1, 0x1A, 0xFF, 0x87, 0x6C, 0x67, 0x73, 0xA4, 0xBF, 0x09, 0x9B, 0x78, 0x0A, 0x8A, 0x70,
    0x83, 0x0B, 0xD4, 0x85, 0xC7, 0x1A, 0x4F, 0x4D, 0xB8, 0x5D, 0x46, 0x34, 0x71, 0x3B, 0x67, 0xC9,
    0x57, 0x3C, 0x5D, 0x08, 0xA5, 0x22, 0xBC, 0x8E, 0x82, 0x17, 0xA3, 0x39, 0xD4, 0xCC, 0x9B, 0xE2,
    0x26, 0xE0, 0x29, 0x34, 0xBF, 0x2D, 0x9E, 0x4F, 0x41, 0x8F, 0x0C, 0x10, 0xE1, 0xA1, 0x47, 0x13,
    0x94, 0xD2, 0x2A, 0x54, 0x89, 0xBD, 0xB9, 0xD6, 0xBC, 0x6B, 0x8C, 0x3E, 0xF0, 0xA2, 0x0D, 0x87,
    0x75, 0xC6, 0x8B, 0x26, 0xF0, 0xA2, 0x07, 0x6C, 0x45, 0x0B, 0x4C, 0x74, 0xA0, 0xC4, 0x3C, 0x34,
    0xA0, 0xC4, 0xD8, 0xD4, 0x6F, 0xF7, 0xD6, 0x78, 0xF5, 0x5C, 0xC6, 0x44, 0x76, 0x23, 0xA2, 0xF8,
    0x42, 0x76, 0xED, 0x2E, 0xEC, 0xD2, 0x9B, 0x29, 0x2A, 0x47, 0xF7, 0x26, 0x5C, 0xFF, 0x44, 0xDD,
    0xE5, 0xBA, 0xCB, 0x76, 0x61, 0x57, 0xDD, 0x4C, 0x51, 0x34, 0xA3, 0x40, 0xCD, 0x19, 0xF2, 0x9B,
    0x92, 0x0B, 0xA4, 0x1C, 0x15, 0xB3, 0x45, 0xC1, 0x65, 0x54, 0x95, 0x70, 0xFB, 0x3E, 0x54, 0x3D,
    0x9A, 0xCB, 0x0B, 0x23, 0x5F, 0x6E, 0xCC, 0xBB, 0x3B, 0x5B, 0x23, 0xF9, 0xAD, 0xF3, 0x6C, 0xD8,
    0xD5, 0x4D, 0x05, 0x26, 0xE8, 0xA4, 0x9B, 0xE0, 0x41, 0x0A, 0x3F, 0x61, 0x41, 0x2E, 0x7F, 0x91,
    0xE1, 0x8A, 0xEA, 0x66, 0x61, 0x34, 0x69, 0x2C, 0x8E, 0x8C, 0x1F, 0xC9, 0xDA, 0x05, 0x6B, 0x13,
    0x8B, 0xC9, 0xB3, 0x51, 0x23, 0x82, 0x8D, 0xDA, 0x64, 0x52, 0x6C, 0x0F, 0x43, 0x2A, 0x4C, 0x38,
    0x2D, 0x9A, 0x2B, 0xB3, 0xB9, 0x1B, 0x8B, 0x15, 0xF7, 0xA2, 0x78, 0x2E, 0xB0, 0x87, 0x05, 0x14,
    0x6B, 0x97, 0x55, 0x20, 0x87, 0xEA, 0x52, 0x1E, 0xCD, 0x05, 0x1A, 0xB9, 0xBC, 0xEF, 0xA9, 0xD9,
    0xBC, 0x7A, 0xC8, 0xB6, 0xE4, 0x7C, 0xCF, 0x65, 0xF8, 0x78, 0x38, 0xB1, 0x34, 0x3D, 0xF0, 0xF7,
    0xE6, 0xD2, 0xF5, 0x9A, 0x3C, 0xD6, 0x67, 0xE0, 0x28, 0x73, 0xA1, 0x87, 0xA7, 0x88, 0xDC, 0x5A,
    0x9F, 0x6A, 0xB7, 0x37, 0x49, 0xAC, 0xC7, 0xF9, 0x36, 0xE0, 0x7A, 0x70, 0x4C, 0xE9, 0xEA, 0xF6,
    0xE1, 0x66, 0x25, 0x57, 0x57, 0x5E, 0x91, 0xAB, 0x05, 0xF8, 0xF2, 0xDD, 0x55, 0x11, 0x56, 0x57,
    0x1E, 0x37, 0x57, 0x33, 0xD0, 0x05, 0x60, 0x29, 0xB5, 0x63, 0xA4, 0xC4, 0xC7, 0x94, 0x34, 0x1B,
    0x5A, 0xC4, 0x4D, 0xAB, 0xB4, 0xE1, 0x75, 0xED, 0xB6, 0x81, 0x19, 0xB1, 0x2A, 0x64, 0x98, 0x96,
    0x35, 0xD3, 0x0E, 0x3B, 0xF1, 0x77, 0x58, 0xAB, 0xEE, 0xEB, 0xE8, 0xF2, 0x20, 0x68, 0x64, 0x64,
    0x4E, 0xE4, 0x82, 0x69, 0xD1, 0xF8, 0x1C, 0x2C, 0x0A, 0x90, 0xC0, 0xEC, 0xA3, 0x42, 0x33, 0x58,
    0x0D, 0x5F, 0xAF, 0x20, 0xBD, 0x9B, 0x13, 0x80, 0x2E, 0x39, 0x1B, 0x0A, 0xA4, 0x4C, 0xB7, 0x25,
    0xBF, 0x6A, 0x7C, 0xB4, 0xEA, 0x84, 0x7F, 0x3C, 0xAE, 0x37, 0xFA, 0xCC, 0x2F, 0x90, 0xB8, 0x8D,
    0xC8, 0x08, 0xE8, 0x15, 0x56, 0x18, 0xC7, 0x54, 0x54, 0x2D, 0x9B, 0x1B, 0xD4, 0x48, 0xB7, 0xD1,
    0xDE, 0x6A, 0x92, 0xF5, 0xB1, 0xE1, 0xF6, 0xC6, 0x7E, 0x62, 0xD4, 0xC6, 0x96, 0x20, 0xDA, 0x46,
    0x7E, 0x30, 0x95, 0x98, 0x1E, 0x7F, 0x3E, 0x41, 0x45, 0x60, 0x48, 0xB4, 0xB1, 0xC6, 0x86, 0xAE,
    0xDF, 0x14, 0x8D, 0x56, 0x79, 0x65, 0x72, 0xFE, 0x91, 0xD2, 0x46, 0x3A, 0xE1, 0x8F, 0x36, 0x98,
    0x43, 0x98, 0x16, 0xFF, 0xBA, 0x62, 0x36, 0x74, 0x42, 0x7F, 0x6C, 0x34, 0x5B, 0x43, 0x8C, 0x0C,
    0xB8, 0x2D, 0xDB, 0x22, 0xED, 0xD9, 0xA8, 0x49, 0x8A, 0xCB, 0x08, 0x0D, 0x07, 0x5D, 0xBC, 0x90,
    0x3B, 0xF1, 0xCA, 0x02, 0x76, 0x96, 0x3C, 0xA0, 0xB2, 0x16, 0x0B, 0x8C, 0x60, 0x75, 0x51, 0x1C,
    0x3A, 0x15, 0xAE, 0x53, 0xCE, 0x58, 0x0F, 0x76, 0x66, 0x63, 0xA6, 0x76, 0x20, 0xE6, 0xA0, 0x58,
    0x0D, 0x00, 0x48, 0xB0, 0x76, 0xA8, 0x58, 0x4D, 0x14, 0xC5, 0x5C, 0x6A, 0x35, 0xC1, 0x42, 0x5A,
    0xDD, 0x04, 0xC5, 0x54, 0x50, 0x19, 0x9C, 0xF4, 0x8A, 0x82, 0x09, 0xB9, 0x8F, 0x16, 0xDC, 0x7B,
    0x4A, 0x99, 0xE3, 0xD6, 0x46, 0xD7, 0x69, 0xF9, 0x33, 0xCE, 0xE3, 0x98, 0x0A, 0xB8, 0x9F, 0x93,
    0x99, 0x15, 0xEC, 0xE5, 0x8D, 0x9B, 0x46, 0x3B, 0x01, 0x4D, 0x1E, 0xF3, 0x7D, 0x36, 0x97, 0x2F,
    0xAC, 0xF7, 0x4A, 0x2D, 0x13, 0xE6, 0x8F, 0x93, 0x1A, 0x03, 0x56, 0xD2, 0x32, 0xA3, 0xA1, 0xA1,
    0xC5, 0x8E, 0x93, 0xE0, 0x4C, 0x2E, 0x48, 0x6A, 0xD3, 0xDD, 0x9D, 0x52, 0x44, 0xF1, 0xA7, 0x1E,
    0x6B, 0x56, 0xDE, 0x9C, 0xB3, 0x45, 0x23, 0x58, 0x84, 0x1C, 0xF2, 0xF2, 0xA5, 0xC0, 0x5F, 0xD9,
    0x8A, 0xD8, 0xAD, 0xA9, 0xA8, 0x8C, 0x6C, 0x49, 0xE4, 0x4D, 0xAF, 0xCE, 0x1A, 0xF9, 0x60, 0xC2,
    0x52, 0x92, 0x4F, 0x19, 0xAA, 0x06, 0xE6, 0xAA, 0x83, 0x70, 0xDA, 0xEB, 0x5F, 0x03, 0xB8, 0x5A,
    0x04, 0x0D, 0xA6, 0x2B, 0x07, 0x44, 0xA0, 0xC5, 0x5F, 0x05, 0x13, 0xF3, 0x46, 0xBB, 0x0B, 0xA7,
    0x07, 0xCC, 0x95, 0x8C, 0xEB, 0x91, 0xB0, 0x67, 0x4C, 0x57, 0x80, 0x3B, 0x42, 0x2C, 0x9D, 0x4C,
    0x89, 0x2C, 0x9D, 0x4F, 0x65, 0x74, 0x0A, 0xBD, 0xD3, 0xD4, 0xA9, 0x01, 0x3A, 0x02, 0x97, 0x4E,
    0xB1, 0xEC, 0xA9, 0xA3, 0xD0, 0x0D, 0x25, 0x52, 0xC7, 0x7A, 0x05, 0x87, 0xA5, 0x5B, 0x29, 0xD4,
    0x15, 0xC4, 0x36, 0xA3, 0x3E, 0x73, 0x38, 0x8D, 0x74, 0x20, 0x91, 0xAE, 0x34, 0xF4, 0x2D, 0xE0,
    0x95, 0x16, 0xD8, 0xCC, 0xC0, 0x75, 0x41, 0xF7, 0x74, 0xFD, 0x80, 0xF3, 0xEF, 0x80, 0x12, 0xC0,
    0x57, 0xB6, 0x33, 0x20, 0xE3, 0x4C, 0xB4, 0x8F, 0xD0, 0x5F, 0x7D, 0x06, 0xEC, 0xEE, 0x03, 0xE5,
    0xD7, 0x8A, 0x6A, 0xE1, 0x82, 0xA2, 0x00, 0x2C, 0x03, 0x8C, 0xB6, 0x33, 0x66, 0xAC, 0x2E, 0x3E,
    0x42, 0xA0, 0x44, 0x14, 0x05, 0x98, 0x00, 0x63, 0xBE, 0x14, 0x48, 0x25, 0x64, 0x8D, 0x06, 0xCD,
    0x79, 0x20, 0x9C, 0xC2, 0xA1, 0x15, 0xB8, 0x1F, 0x06, 0x65, 0xC0, 0xC0, 0x60, 0x7D, 0x9B, 0x9A,
    0xA2, 0xAB, 0x09, 0xE8, 0x64, 0x53, 0x50, 0x18, 0xDF, 0x45, 0xEB, 0x1E, 0x58, 0xCC, 0xA0, 0x35,
    0xF1, 0x88, 0x87, 0xDD, 0x82, 0xBB, 0x69, 0xA9, 0x8B, 0x5C, 0x63, 0xC8, 0x1D, 0x02, 0x47, 0xE6,
    0xA1, 0x94, 0x44, 0x06, 0x1B, 0x58, 0x77, 0x14, 0x74, 0xD2, 0x68, 0x5E, 0x33, 0xEE, 0xE6, 0x75,
    0x63, 0x0E, 0x28, 0x91, 0xA7, 0x6E, 0x61, 0xC5, 0xDF, 0xCE, 0x7C, 0x56, 0x1E, 0xCC, 0x26, 0xE7,
    0x1B, 0xEA, 0x2B, 0x3B, 0x9D, 0xAB, 0x67, 0xC0, 0xFD, 0xD8, 0x77, 0x38, 0xC8, 0x81, 0x10, 0x10,
    0x16, 0x06, 0xE0, 0xF6, 0x26, 0xF0, 0x94, 0x2B, 0x63, 0x31, 0xC1, 0x2D, 0x7B, 0xC3, 0xA2, 0x51,
    0xC3, 0x87, 0xBD, 0xD1, 0x7D, 0x29, 0x78, 0x3F, 0x60, 0x45, 0x8C, 0x0F, 0xC5, 0xDD, 0xB3, 0xC0,
    0x0A, 0xE6, 0x04, 0x21, 0x36, 0x2A, 0x6F, 0x97, 0x13, 0x84, 0x5B, 0x15, 0xB0, 0x9C, 0x43, 0x2F,
    0x1B, 0xA9, 0xCA, 0x65, 0x03, 0x45, 0xF9, 0xE2, 0xFC, 0xD6, 0x36, 0xE5, 0x18, 0xCF, 0x1E, 0xF0,
    0x9B, 0x21, 0xDB, 0x44, 0x48, 0x6C, 0xA4, 0x2C, 0x83, 0x9C, 0x92, 0x3B, 0x00, 0x33, 0x31, 0x25,
    0x53, 0x1B, 0xF6, 0xAA, 0xE5, 0xD9, 0xE0, 0x8A, 0xCB, 0xD1, 0x38, 0x6C, 0x1C, 0xF1, 0x4C, 0x8F,
    0xB9, 0xE9, 0x07, 0x59, 0x33, 0x29, 0xE2, 0xCB, 0x47, 0xBC, 0x18, 0xB4, 0x77, 0x18, 0xB6, 0x4F,
    0x51, 0x97, 0xE4, 0x53, 0x6E, 0xEE, 0xB8, 0x02, 0xB6, 0xF6, 0x45, 0xF5, 0x69, 0x9E, 0x4E, 0x79,
    0xB0, 0x21, 0x91, 0xBE, 0x08, 0x8E, 0xEB, 0x3F, 0x20, 0x88, 0xFF, 0x10, 0x8F, 0x30, 0xAA, 0x02,
    0x04, 0x52, 0x34, 0x76, 0x43, 0x26, 0x17, 0x6F, 0x69, 0xA6, 0xE4, 0xC2, 0x34, 0x28, 0x25, 0xDA,
    0xD1, 0x26, 0xB5, 0x86, 0x54, 0x3E, 0x3F, 0x85, 0x11, 0xD0, 0x50, 0xCA, 0x03, 0x28, 0xD0, 0xED,
    0xFB, 0x33, 0x79, 0xCC, 0xD0, 0xC6, 0x5D, 0xEF, 0xB0, 0x75, 0x1B, 0x3A, 0xBD, 0x6F, 0x20, 0x47,
    0x5B, 0x37, 0x4F, 0x40, 0x9F, 0x78, 0xDA, 0x31, 0xED, 0xA7, 0x56, 0xFA, 0xD6, 0xCD, 0x29, 0xAA,
    0x90, 0xF2, 0xC0, 0x67, 0x82, 0x42, 0x79, 0x8B, 0x4A, 0xC3, 0xCB, 0x67, 0x73, 0x17, 0x2F, 0x9F,
    0xE2, 0xBC, 0x9D, 0xB3, 0xE0, 0x26, 0xE7, 0x8B, 0x09, 0xAF, 0x9D, 0x76, 0x00, 0x36, 0x2D, 0x10,
    0x6B, 0xB1, 0xFA, 0x37, 0x5F, 0xED, 0x9E, 0xF8, 0x44, 0x11, 0xE3, 0xD4, 0x0E, 0x6C, 0x8D, 0xFE,
    0x89, 0x2F, 0x9F, 0x9E, 0x38, 0x22, 0x74, 0x08, 0xC1, 0x07, 0x48, 0xD9, 0x32, 0xEE, 0x14, 0x87,
    0x05, 0x0A, 0xDD, 0x71, 0x61, 0xA6, 0xC2, 0x05, 0x79, 0xB4, 0x18, 0xAF, 0x7E, 0xBF, 0x35, 0x79,
    0x3C, 0x82, 0x8F, 0xD8, 0xBA, 0xFB, 0x44, 0x3E, 0xC7, 0x74, 0x89, 0x52, 0x5E, 0x73, 0x99, 0xD4,
    0x76, 0x85, 0xB9, 0x92, 0xC9, 0xCE, 0x9D, 0xD2, 0x7C, 0xA8, 0x8E, 0xBB, 0x27, 0xBE, 0x19, 0x9D,
    0x8C, 0x38, 0x71, 0xB6, 0xD2, 0x5B, 0xC9, 0x40, 0xED, 0xAE, 0x80, 0x50, 0x30, 0x3C, 0x8F, 0x56,
    0xE0, 0xE4, 0x50, 0x75, 0xBE, 0x11, 0x8F, 0x42, 0x57, 0x6F, 0x2B, 0x0A, 0x03, 0xDF, 0xBD, 0x3F,
    0xC3, 0xCA, 0x3F, 0x90, 0xCA, 0xB0, 0xC2, 0xE8, 0xF1, 0xBB, 0xE6, 0xD2, 0xD5, 0x79, 0x20, 0x13,
    0x3B, 0x95, 0x00, 0xE6, 0xC4, 0xF2, 0x49, 0xB8, 0x54, 0x8D, 0x9A, 0x4F, 0x10, 0x1F, 0xB9, 0xAF,
    0x98, 0xC8, 0xEB, 0x8A, 0x99, 0x64, 0x2B, 0x56, 0x5A, 0xAA, 0x58, 0x06, 0xA8, 0xB6, 0x1E, 0x58,
    0x6D, 0x4B, 0x94, 0x28, 0xC0, 0x14, 0x58, 0x67, 0x72, 0xF2, 0x63, 0xA9, 0x11, 0xE4, 0xA7, 0xD7,
    0xA4, 0xF4, 0xCE, 0xB5, 0x5B, 0xBA, 0x41, 0x54, 0x23, 0x24, 0x68, 0x7F, 0x87, 0x77, 0x64, 0x77,
    0x53, 0xEF, 0x2E, 0xFA, 0x7B, 0xA4, 0xFB, 0xBC, 0xAA, 0xCE, 0xCB, 0x67, 0xC0, 0x46, 0x5A, 0xA8,
    0x65, 0x89, 0x94, 0x0E, 0x19, 0x3D, 0xE5, 0xC0, 0x21, 0x9D, 0x5E, 0x64, 0x1B, 0x8D, 0xF9, 0xD6,
    0x2D, 0x4C, 0xB2, 0x62, 0x74, 0x95, 0x50, 0x22, 0x55, 0xCA, 0xA1, 0xEC, 0x8D, 0xAD, 0x8B, 0xFE,
    0xF9, 0xD9, 0x78, 0xE3, 0xE6, 0x1D, 0xD5, 0xF1, 0x89, 0xD2, 0x70, 0x7F, 0x15, 0x55, 0x37, 0x75,
    0x4A, 0xC8, 0xA3, 0x1A, 0x7D, 0x4C, 0x1A, 0xFB, 0x55, 0xF2, 0x61, 0x80, 0x13, 0xB5, 0xB0, 0x22,
    0x3C, 0xD4, 0xE2, 0x0A, 0x51, 0x97, 0x5F, 0x9C, 0xB5, 0x4E, 0xD6, 0x09, 0x6A, 0x0A, 0xA0, 0x4E,
    0xE3, 0x76, 0x77, 0xFE, 0x5F, 0x2F, 0xCE, 0x84, 0x10, 0xE1, 0x78, 0x74, 0x82, 0xD7, 0x18, 0xEB,
    0x19, 0xA2, 0x08, 0xCD, 0xA0, 0x4B, 0xCE, 0xE9, 0x24, 0x2B, 0x96, 0x5C, 0x93, 0x79, 0xA3, 0x36,
    0xCD, 0x3B, 0xB7, 0x9F, 0xD4, 0xF1, 0x23, 0x40, 0xC3, 0xDD, 0x95, 0x11, 0x78, 0x4F, 0x5A, 0x1D,
    0x5E, 0x5A, 0x3B, 0xD3, 0xFE, 0x5C, 0xEA, 0xEA, 0xA2, 0x13, 0xDC, 0x11, 0x00, 0x83, 0xE9, 0xD6,
    0x33, 0x52, 0x26, 0x79, 0x96, 0x86, 0xEF, 0xA8, 0x4D, 0x6F, 0x4F, 0xF1, 0xB3, 0x10, 0x20, 0x51,
    0x05, 0xFB, 0x97, 0x92, 0xE4, 0x43, 0x32, 0x1C, 0x31, 0x09, 0x82, 0xF9, 0xCF, 0x60, 0x92, 0x90,
    0x28, 0x78, 0x73, 0xEF, 0x6B, 0xB7, 0x09, 0xD5, 0xEB, 0x16, 0x57, 0x35, 0x19, 0xE0, 0x1E, 0xD4,
    0xC1, 0xB6, 0x6A, 0xCD, 0x75, 0x35, 0xEA, 0xB9, 0xD9, 0x74, 0xE5, 0xEC, 0x46, 0xAD, 0xC1, 0xEA,
    0xB5, 0x9A, 0x0F, 0x08, 0x15, 0x23, 0x75, 0x08, 0x14, 0x12, 0x66, 0xE1, 0xAF, 0xA1, 0x84, 0xBF,
    0x53, 0x29, 0x84, 0x42, 0x67, 0x01, 0xF2, 0xF1, 0x67, 0x67, 0x1E, 0xA1, 0xE9, 0x5A, 0xFC, 0x71,
    0xFE, 0x98, 0x3B, 0xF8, 0x61, 0x03, 0x2E, 0x64, 0xE4, 0x50, 0x9D, 0xFE, 0xE0, 0xC5, 0xB5, 0x9B,
    0x1F, 0x9A, 0xEA, 0x6F, 0x62, 0xEC, 0x24, 0x26, 0xF7, 0x4D, 0x9B, 0x06, 0xDB, 0x9B, 0x7B, 0x39,
    0xD8, 0xE3, 0xC2, 0x3C, 0x5F, 0x69, 0x0E, 0xF5, 0x84, 0xF3, 0xA4, 0x52, 0x93, 0xEA, 0x4E, 0x77,
    0xB7, 0x1B, 0xAC, 0x05, 0x59, 0x03, 0x07, 0x5C, 0xEB, 0x7A, 0xE3, 0x4C, 0xA9, 0x5E, 0x1C, 0xE9,
    0x25, 0x90, 0x26, 0x25, 0x1F, 0x45, 0x17, 0xF0, 0xCC, 0xAF, 0x47, 0x11, 0x9E, 0xF1, 0x6D, 0x0A,
    0x1E, 0x70, 0x74, 0xBA, 0x00, 0x1B, 0x62, 0x69, 0xE4, 0x6A, 0x92, 0xBE, 0xD0, 0x5F, 0x39, 0xE8,
    0x7F, 0xED, 0xC1, 0x87, 0xCB, 0x3E, 0xEE, 0xFA, 0x0E, 0x1A, 0x8F, 0xAD, 0x2A, 0xE7, 0xCB, 0x76,
    0x45, 0x3E, 0x08, 0x38, 0x24, 0xE0, 0x35, 0x9E, 0x41, 0x8F, 0x19, 0xCA, 0xC0, 0x33, 0x47, 0x5F,
    0xF0, 0x0F, 0xD4, 0xAF, 0xC2, 0xAC, 0x3B, 0x5A, 0x63, 0xF2, 0x50, 0x0D, 0x26, 0x5D, 0x2C, 0x6E,
    0x28, 0x20, 0xF1, 0xF5, 0x59, 0x29, 0xB6, 0x1F, 0x3F, 0x9F, 0x4F, 0xCF, 0xAC, 0x31, 0x5C, 0x55,
    0x31, 0x8B, 0xB9, 0xAE, 0x62, 0x1E, 0x6B, 0x22, 0xA3, 0x1E, 0x5F, 0x57, 0x3A, 0x2F, 0xBC, 0x99,
    0x51, 0x04, 0x55, 0xE5, 0xF8, 0x37, 0xEE, 0x6B, 0xB6, 0xB7, 0x31, 0x35, 0x9E, 0x9B, 0x99, 0x57,
    0x7F, 0x73, 0xAE, 0x73, 0xFC, 0x0B, 0x0C, 0x7C, 0xD7, 0xEA, 0xE2, 0xC4, 0x71, 0x35, 0x94, 0x6A,
    0xD8, 0xAF, 0xB2, 0xF1, 0xA8, 0x60, 0x7F, 0x41, 0x9B, 0x07, 0x94, 0x54, 0xCF, 0x3D, 0x52, 0xDD,
    0x38, 0x5D, 0xB7, 0x4F, 0x35, 0x98, 0x09, 0x67, 0xE7, 0x55, 0xE7, 0x2F, 0x00, 0xE5, 0xA2, 0x14,
    0x9B, 0x80, 0xEA, 0xC9, 0x0D, 0xB9, 0xCF, 0x44, 0xE7, 0x54, 0xC0, 0x07, 0x8D, 0x42, 0xCD, 0x51,
    0xEF, 0xB5, 0x60, 0x67, 0xC2, 0x73, 0x42, 0x5B, 0x06, 0x28, 0x9A, 0xD5, 0x4D, 0x4D, 0x9D, 0x0E,
    0xF6, 0x56, 0x84, 0xF9, 0xCA, 0xED, 0xF3, 0xBA, 0x9C, 0xBB, 0x3E, 0x57, 0x5E, 0x09, 0x56, 0x5D,
    0x97, 0x4F, 0xC6, 0x25, 0x3E, 0xB2, 0xFA, 0x99, 0xE9, 0xDE, 0x50, 0x1F, 0x4E, 0xF5, 0xD7, 0xCD,
    0x09, 0x8F, 0xFF, 0x8F, 0x5F, 0xC9, 0x64, 0x40, 0x2C, 0xBE, 0x4A, 0x86, 0xE2, 0x42, 0x86, 0xE6,
    0x08, 0x90, 0x13, 0x44, 0xFD, 0xC9, 0x8A, 0x43, 0x7B, 0x67, 0x74, 0xDB, 0xBA, 0xFE, 0xF5, 0xFB,
    0xB0, 0x2D, 0x97, 0x4C, 0xF6, 0x8D, 0xCB, 0x01, 0xAA, 0xBA, 0xAA, 0x0F, 0x1B, 0x17, 0xED, 0xA0,
    0x1F, 0x34, 0x04, 0x8E, 0x18, 0x58, 0x62, 0xE0, 0x89, 0x81, 0x29, 0x70, 0xE5, 0x59, 0x5F, 0xE5,
    0xE7, 0xA7, 0xD4, 0xD5, 0xCD, 0xA0, 0x1B, 0x3F, 0xB8, 0x83, 0xF6, 0x7D, 0x3C, 0xE4, 0xFE, 0x84,
    0xE7, 0x71, 0x08, 0xC2, 0x29, 0xA8, 0x02, 0x81, 0xB9, 0x38, 0xCE, 0x3A, 0x7E, 0x20, 0xEB, 0x51,
    0x31, 0x21, 0x7A, 0x43, 0x74, 0x2A, 0x6A, 0x27, 0xBF, 0x79, 0x81, 0x40, 0xFC, 0x04, 0xB6, 0x21,
    0xBE, 0xA2, 0xA2, 0xD3, 0x6D, 0x9F, 0x1C, 0x3D, 0xF0, 0xF0, 0x31, 0x6A, 0x06, 0x91, 0x4A, 0x7D,
    0x51, 0xE4, 0xC7, 0xA8, 0x06, 0x88, 0xFF, 0xED, 0xF8, 0xE5, 0xBA, 0xF1, 0x39, 0x3F, 0xEC, 0x44,
    0x7F, 0xB0, 0xE9, 0x40, 0x3E, 0xF7, 0xDD, 0xFD, 0x7B, 0xC6, 0x76, 0x2A, 0x5F, 0xDD, 0xB4, 0x9F,
    0xCA, 0x7F, 0x88, 0xC5, 0xF0, 0x1E, 0x4F, 0xE5, 0xEF, 0x1E, 0xC8, 0x83, 0x96, 0xF5, 0x0A, 0x6E,
    0xFF, 0x9A, 0x02, 0x08, 0x4A, 0x80, 0x5F, 0x53, 0x14, 0x24, 0x7E, 0x8D, 0xF4, 0x3C, 0x53, 0xA6,
    0x00, 0x55, 0x59, 0x21, 0xFE, 0xD5, 0x58, 0x2A, 0x4C, 0x0E, 0x69, 0xC7, 0x7D, 0xFC, 0x11, 0x72,
    0xEF, 0x33, 0xA8, 0x7C, 0x5D, 0x27, 0x02, 0x0D, 0x9E, 0x93, 0xF6, 0xCA, 0xC4, 0x93, 0x52, 0xDC,
    0x91, 0xD2, 0x90, 0x04, 0xC5, 0xC9, 0xCC, 0xFF, 0x03, 0x66, 0xFE, 0x07, 0x6D, 0xD4, 0x21, 0xAC,
    0xE3, 0x46, 0x10, 0x06, 0xE0, 0xDF, 0xB6, 0xEE, 0x0C, 0x0C, 0x4C, 0x7A, 0xA4, 0x0F, 0x98, 0xB7,
    0x60, 0x71, 0xD1, 0x5A, 0x2A, 0x57, 0x0F, 0x5C, 0x71, 0x51, 0xF1, 0xC3, 0x87, 0x9E, 0x39, 0x2E,
    0x2B, 0x4D, 0xC9, 0x71, 0xDC, 0x5D, 0x5E, 0xB2, 0xBC, 0x64, 0xA5, 0x16, 0x95, 0x74, 0xC1, 0x4A,
    0xF5, 0xAB, 0x6C, 0xFF, 0x9D, 0x5F, 0x89, 0xA3, 0xA8, 0xBA, 0x91, 0xF6, 0x53, 0x1C, 0x67, 0x66,
    0x27, 0xB3, 0x4E, 0x80, 0xB7, 0x17, 0x00, 0x24, 0xD0, 0x91, 0x11, 0x83, 0x18, 0xD3, 0x98, 0x30,
    0x2E, 0x7D, 0xC2, 0x3D, 0x3A, 0x62, 0xAA, 0x86, 0x2B, 0xFD, 0x01, 0x5F, 0x86, 0x5D, 0x6C, 0x78,
    0xC9, 0xE3, 0x86, 0x90, 0x0C, 0xC6, 0x69, 0x35, 0x5C, 0x05, 0x17, 0x5F, 0x5A, 0xD1, 0x71, 0xF6,
    0xB9, 0x27, 0x7C, 0x1E, 0x8D, 0xE2, 0x2C, 0xF1, 0xA0, 0x25, 0xF2, 0x9F, 0x0D, 0x13, 0xFF, 0xD8,
    0xD0, 0xF3, 0xDB, 0x0D, 0x78, 0x8F, 0x33, 0x9A, 0x70, 0x40, 0x1D, 0x14, 0x78, 0x32, 0x23, 0xA8,
    0x17, 0xE6, 0xA7, 0xA5, 0x61, 0x04, 0xAC, 0xE4, 0x0D, 0x5D, 0x02, 0xAC, 0x86, 0x12, 0xE0, 0x75,
    0x3D, 0xB2, 0xE8, 0xF6, 0x0A, 0xE0, 0x65, 0x33, 0xA6, 0xDD, 0x18, 0xC5, 0x20, 0xAC, 0xC3, 0x8F,
    0x70, 0xD6, 0x30, 0xB9, 0x8A, 0x22, 0x16, 0x3C, 0xF1, 0x15, 0xC0, 0x3B, 0x9C, 0x11, 0xA2, 0x71,
    0xDD, 0x03, 0x40, 0xB7, 0x19, 0x7D, 0x35, 0x9A, 0x19, 0xF2, 0x17, 0x58, 0x5A, 0x6D, 0xC8, 0xAD,
    0x23, 0xEB, 0xC0, 0x46, 0x83, 0xC0, 0xA0, 0xAE, 0x19, 0xD1, 0x71, 0x85, 0xDD, 0xD3, 0x67, 0x22,
    0x7A, 0x26, 0x80, 0x19, 0x08, 0xF9, 0x3D, 0x42, 0xFA, 0xF5, 0x67, 0xC6, 0x40, 0x2E, 0x81, 0x07,
    0x9E, 0xD5, 0xFA, 0x07, 0x40, 0xD1, 0x6A, 0xF0, 0x07, 0xD0, 0x6F, 0xC0, 0x50, 0x00, 0x1B, 0x3C,
    0xDE, 0xCC, 0xC0, 0x44, 0xB2, 0x38, 0xE1, 0x8D, 0x2C, 0xD2, 0xBB, 0x1F, 0x8E, 0xEF, 0x67, 0x7D,
    0x13, 0x3C, 0x30, 0xAD, 0x86, 0xAB, 0x86, 0x2F, 0x27, 0x2F, 0x22, 0x64, 0x91, 0x0C, 0xC6, 0x1B,
    0xCD, 0x7D, 0x84, 0x76, 0x34, 0x02, 0x37, 0xFA, 0xE3, 0x3A, 0xA7, 0xC7, 0x18, 0x36, 0x63, 0x5C,
    0x8D, 0xA9, 0x18, 0x3E, 0x8A, 0x19, 0x8F, 0xD3, 0x52, 0xB3, 0x2E, 0x5E, 0xEF, 0x85, 0xEB, 0xB3,
    0xE3, 0x6D, 0x69, 0xB2, 0x5F, 0xF3, 0xD3, 0xDC, 0xE9, 0x7B, 0xED, 0x2A, 0xAC, 0x5E, 0xB5, 0xD4,
    0xAE, 0xAD, 0x0A, 0xB8, 0x02, 0xF8, 0x73, 0x1D, 0x3A, 0xF0, 0x02, 0x67, 0x6B, 0xD0, 0xC8, 0xBE,
    0x00, 0x14, 0xBD, 0x72, 0x56, 0x5B, 0x05, 0x70, 0x49, 0xBB, 0x3F, 0x6E, 0x0E, 0xBC, 0xE5, 0x0E,
    0x0D, 0x5C, 0x4F, 0xAC, 0x69, 0xC9, 0x66, 0x45, 0xF7, 0x0A, 0xBF, 0xA2, 0x9D, 0x31, 0x6D, 0x38,
    0x07, 0x04, 0x57, 0x65, 0x28, 0xC6, 0x13, 0xA3, 0x72, 0x09, 0x80, 0x5C, 0x21, 0x77, 0xF9, 0x3B,
    0xCD, 0x9F, 0x34, 0xA3, 0x73, 0x66, 0x8F, 0x36, 0x12, 0x9D, 0xEE, 0x62, 0xA0, 0x01, 0xA7, 0xAC,
    0x46, 0x15, 0xE0, 0x98, 0x55, 0x97, 0x33, 0x06, 0x95, 0x84, 0x27, 0x17, 0xF9, 0x27, 0xCC, 0x57,
    0x03, 0x1F, 0x05, 0x80, 0x37, 0x17, 0x9D, 0x00, 0x13, 0x06, 0xB5, 0xDA, 0x93, 0x1B, 0xBA, 0x7F,
    0x9F, 0x77, 0x34, 0xD0, 0xA4, 0x8C, 0x73, 0xF2, 0x6E, 0x55, 0xF1, 0x02, 0x3C, 0x73, 0x41, 0x77,
    0xFF, 0x7D, 0x76, 0x6B, 0x48, 0x68, 0xE0, 0xF3, 0xFD, 0xC0, 0xF3, 0x09, 0x93, 0x4A, 0x47, 0x60,
    0xA2, 0x5E, 0x58, 0xCD, 0x40, 0x0D, 0x95, 0xB3, 0x3A, 0xB9, 0x35, 0xF2, 0x0D, 0xA0, 0xF8, 0x72,
    0x6E, 0x2F, 0xC0, 0x94, 0x75, 0xB4, 0x43, 0x0D, 0x8B, 0xAA, 0x1F, 0xD0, 0x8E, 0x9B, 0x09, 0x66,
    0x3C, 0x84, 0x4E, 0x41, 0x9D, 0x4D, 0xAB, 0x8E, 0xD0, 0x55, 0xE9, 0xAF, 0x16, 0xBD, 0x69, 0xDA,
    0x9B, 0x2F, 0x59, 0x2F, 0x42, 0x92, 0x8C, 0xBA, 0xE4, 0x5F, 0x9F, 0x42, 0x6E, 0x68, 0x91, 0x24,
    0x63, 0x4B, 0xD9, 0xC9, 0xA5, 0x23, 0x5A, 0xCE, 0xFD, 0xA1, 0x47, 0x71, 0xD8, 0x4D, 0x8C, 0x52,
    0x55, 0xFB, 0x43, 0x0E, 0xFF, 0xDB, 0xB0, 0xE0, 0xBE, 0x61, 0x73, 0xC1, 0x57, 0x68, 0xF6, 0xF6,
    0x00, 0xF8, 0x9D, 0xC6, 0xAD, 0x7E, 0x9D, 0x46, 0x3E, 0x1E, 0x38, 0x07, 0xFD, 0xE1, 0xFE, 0xF8,
    0xD6, 0xCF, 0xFC, 0x42, 0xB2, 0x48, 0x3F, 0x02, 0xE1, 0x37, 0xCB, 0xE3, 0xDF, 0xCC, 0x20, 0x59,
    0x1A, 0xEE, 0xA1, 0xB6, 0xCC, 0xAE, 0x76, 0x8C, 0x62, 0x16, 0x96, 0x73, 0xFF, 0xD7, 0xCB, 0xE3,
    0x66, 0x89, 0x46, 0x48, 0x56, 0x9D, 0x71, 0xAA, 0x86, 0xB3, 0xC4, 0xC5, 0x1B, 0xB3, 0xFE, 0xFA,
    0xAC, 0xBA, 0xE5, 0xFC, 0x07, 0xBD, 0x95, 0x01, 0x84, 0x66, 0xD7, 0x15, 0xC7, 0x7F, 0xEF, 0xBD,
    0xFD, 0xE6, 0xA5, 0xFB, 0x24, 0x77, 0x31, 0xAB, 0xED, 0xD6, 0xEE, 0x5D, 0x04, 0xED, 0x44, 0xBE,
    0x07, 0x45, 0x30, 0xDF, 0xDC, 0x9B, 0x2E, 0x82, 0xD0, 0x7E, 0x64, 0xA7, 0x00, 0x4A, 0x8B, 0x64,
    0x94, 0x0D, 0x8A, 0x44, 0xBF, 0xDD, 0x77, 0x93, 0xA0, 0x08, 0x35, 0xAD, 0x06, 0x40, 0x07, 0x8B,
    0xF4, 0x0B, 0xB2, 0xAD, 0x60, 0xD4, 0xEC, 0xF7, 0x6E, 0xB3, 0x2A, 0x0A, 0xFA, 0x50, 0x0A, 0xE8,
    0xB3, 0x0D, 0x48, 0xC8, 0xBC, 0xF2, 0xF0, 0x92, 0xBC, 0xEF, 0x9D, 0xDE, 0x67, 0xBE, 0xA9, 0x81,
    0xA6, 0x40, 0xCF, 0xB9, 0xF7, 0xDC, 0x99, 0x7B, 0xCE, 0x39, 0xF7, 0x7E, 0xE7, 0xFC, 0xEF, 0x79,
    0x07, 0xAE, 0xA8, 0x4D, 0xA3, 0xDA, 0xA4, 0xA7, 0x67, 0xE9, 0x12, 0x71, 0xE9, 0x80, 0xEA, 0x30,
    0x15, 0x05, 0x70, 0xED, 0x5D, 0x28, 0x06, 0x22, 0x11, 0xD2, 0x75, 0xE9, 0x74, 0x93, 0x57, 0xC6,
    0x65, 0x35, 0x30, 0x4F, 0xD7, 0x49, 0xA3, 0xE5, 0xB4, 0x36, 0x22, 0xFE, 0x9E, 0x16, 0xBB, 0x88,
    0x8E, 0xB9, 0xBA, 0x7F, 0xBB, 0x90, 0xBE, 0x94, 0xAE, 0x94, 0x16, 0xA0, 0x10, 0x69, 0xC6, 0x59,
    0x86, 0xB9, 0xBF, 0xBF, 0x6F, 0x5F, 0x66, 0x87, 0x15, 0x05, 0xE5, 0x7B, 0x6B, 0x8C, 0xF4, 0x68,
    0xA9, 0x89, 0xFF, 0x68, 0x99, 0x60, 0xAA, 0xB2, 0x96, 0xBA, 0xF4, 0xDF, 0x04, 0xC8, 0x9F, 0xEF,
    0x8A, 0x47, 0x7D, 0xF9, 0x51, 0x5F, 0xDC, 0xEA, 0x2E, 0x61, 0x0F, 0x9C, 0xB4, 0xD2, 0xDF, 0xEA,
    0xE3, 0xFE, 0x5B, 0xAD, 0xA9, 0x0C, 0x90, 0x7D, 0x8C, 0x19, 0x58, 0x15, 0xF4, 0xCA, 0xF6, 0xDA,
    0xAE, 0x4A, 0xCC, 0x7A, 0xDC, 0xE4, 0xE0, 0xCD, 0xDF, 0x45, 0xF2, 0x62, 0x9F, 0xAC, 0x75, 0xA3,
    0x5A, 0xE3, 0x73, 0x3F, 0x70, 0x2F, 0x6A, 0xD9, 0xB1, 0x5B, 0x47, 0xB9, 0xCF, 0x2B, 0xD5, 0x88,
    0x4D, 0x65, 0x4D, 0x22, 0x2D, 0x91, 0x54, 0x6C, 0x1D, 0xAA, 0x4A, 0x79, 0xED, 0x83, 0xCE, 0x19,
    0x6B, 0x28, 0xD8, 0xE7, 0xB2, 0x7B, 0x57, 0x7D, 0xD8, 0xEB, 0x0F, 0xBB, 0xFC, 0xAD, 0xD6, 0xBC,
    0xD5, 0x98, 0x17, 0x1A, 0x60, 0xE7, 0x57, 0x4B, 0xF2, 0x7F, 0x09, 0xAA, 0x2D, 0x6D, 0xD2, 0x19,
    0x1F, 0xF5, 0xAA, 0xE2, 0x6E, 0x52, 0xB3, 0x0D, 0x25, 0x88, 0x7D, 0x59, 0xAE, 0x9D, 0x7C, 0x7B,
    0xEF, 0x1E, 0xBD, 0x91, 0x4E, 0x49, 0x1D, 0xAD, 0x2C, 0xD7, 0x0E, 0x49, 0xA4, 0x47, 0x89, 0x90,
    0x87, 0x19, 0xE2, 0xDB, 0x3D, 0xB4, 0x65, 0xB4, 0x27, 0x59, 0x93, 0x06, 0x5D, 0x87, 0x6E, 0x30,
    0x0D, 0x45, 0xC5, 0x55, 0x4B, 0x2C, 0x24, 0x63, 0xA2, 0x51, 0x41, 0xD5, 0x92, 0xD7, 0x18, 0x4F,
    0xE1, 0xD8, 0x07, 0xB1, 0xE2, 0xC4, 0x95, 0x81, 0x0B, 0x67, 0x02, 0x5F, 0xFD, 0x2A, 0xE3, 0x83,
    0x43, 0xD3, 0xE8, 0x26, 0xEB, 0x92, 0x9E, 0x87, 0xE1, 0x9F, 0x48, 0x7C, 0x22, 0x64, 0x3D, 0xE3,
    0x59, 0x0E, 0x60, 0xC1, 0x71, 0xD1, 0x96, 0x4D, 0xD4, 0x44, 0x35, 0x16, 0x14, 0x1A, 0xBD, 0xCE,
    0xFB, 0x19, 0xBB, 0x6C, 0x33, 0xD9, 0xBF, 0x6D, 0xA4, 0xDB, 0x59, 0xB6, 0xD0, 0x8C, 0x23, 0x6A,
    0x88, 0x6B, 0x92, 0x8A, 0xC4, 0x13, 0x3B, 0x0E, 0x1C, 0xE2, 0x23, 0x71, 0x89, 0x04, 0x1F, 0xCA,
    0x8E, 0xB2, 0xE2, 0x73, 0x00, 0xB0, 0xCA, 0x1B, 0x7F, 0x97, 0x93, 0xC0, 0x86, 0x1B, 0x00, 0xF3,
    0xA8, 0x8E, 0xEB, 0xA4, 0x2A, 0xD6, 0xE5, 0xFA, 0xEA, 0x3E, 0x46, 0x78, 0xE6, 0x8B, 0x4D, 0xA4,
    0x30, 0x80, 0x70, 0x85, 0x67, 0xBE, 0x30, 0xC3, 0xD7, 0xFF, 0x96, 0xFA, 0x2D, 0x0B, 0x85, 0x94,
    0x03, 0x07, 0x96, 0xD2, 0x21, 0x16, 0x21, 0x12, 0xE2, 0x81, 0x00, 0x16, 0xE9, 0x91, 0x26, 0x6C,
    0x87, 0xA4, 0x9A, 0xCA, 0x84, 0x53, 0x0A, 0x5F, 0xFA, 0x62, 0x30, 0x83, 0x1E, 0xE2, 0x77, 0xB3,
    0xCA, 0xB4, 0x81, 0x1B, 0x5D, 0x01, 0xA0, 0xDF, 0xE8, 0xCD, 0xA3, 0xF5, 0x38, 0xDE, 0xEC, 0x2F,
    0x71, 0x65, 0xC4, 0xCA, 0x7A, 0xC4, 0x4A, 0xA7, 0x6D, 0x77, 0x01, 0x2B, 0xAA, 0xCB, 0x1B, 0x53,
    0x15, 0x6E, 0xE0, 0x36, 0x71, 0x47, 0xD2, 0x91, 0x0A, 0x94, 0x36, 0x0C, 0x23, 0x98, 0x01, 0xF3,
    0x31, 0x69, 0xAB, 0x7D, 0x81, 0x8C, 0xDC, 0x96, 0x6D, 0xDE, 0x40, 0x7C, 0x94, 0x36, 0x59, 0x7D,
    0x8E, 0x1A, 0xE3, 0x8C, 0xBD, 0x1A, 0x12, 0xB6, 0x3F, 0xD7, 0x22, 0x75, 0xBE, 0x7C, 0xAF, 0x9A,
    0x92, 0xF8, 0x19, 0xA9, 0xDF, 0x25, 0x73, 0xDB, 0x44, 0x3C, 0x78, 0x32, 0xF1, 0x0F, 0xF6, 0x32,
    0x57, 0x88, 0xA0, 0x7F, 0xDD, 0xF1, 0x0A, 0x97, 0x0F, 0x8D, 0x2B, 0x7C, 0xFE, 0x58, 0x50, 0xD2,
    0x93, 0x4A, 0x43, 0x22, 0x1E, 0x76, 0xEE, 0x83, 0xF4, 0xC4, 0x32, 0x90, 0xF5, 0x62, 0x4D, 0x6D,
    0x7C, 0x69, 0x55, 0xB5, 0xC3, 0x65, 0x6B, 0x46, 0xEC, 0x7C, 0x22, 0xE4, 0xB2, 0x26, 0x93, 0x96,
    0x11, 0x5C, 0x63, 0x96, 0x52, 0xE9, 0xD0, 0x61, 0xCF, 0x7C, 0x29, 0x14, 0x81, 0xEF, 0x92, 0xF3,
    0x15, 0x2F, 0xD3, 0xC8, 0xDA, 0x48, 0x3F, 0x0E, 0x11, 0x61, 0x14, 0x61, 0x77, 0xFF, 0x36, 0x93,
    0x20, 0xB4, 0x48, 0x9F, 0x8B, 0x74, 0x6C, 0x68, 0x67, 0xB9, 0x3C, 0x1A, 0x1F, 0xEE, 0xC1, 0x72,
    0x79, 0x08, 0xD8, 0x6C, 0x9D, 0xD4, 0xB9, 0xBC, 0x5F, 0x8D, 0x21, 0x1F, 0x6A, 0xE1, 0x38, 0x84,
    0x04, 0xC6, 0x28, 0xED, 0xF9, 0x23, 0x0F, 0xC1, 0xE6, 0x9C, 0x51, 0x2E, 0x23, 0x79, 0x73, 0x71,
    0x71, 0x9C, 0xD3, 0xD3, 0x44, 0x3D, 0x6A, 0xA0, 0xEC, 0x53, 0xA9, 0x4C, 0x58, 0x6B, 0x8C, 0xE5,
    0x1B, 0x00, 0x70, 0x1B, 0x46, 0x35, 0x24, 0x2D, 0x90, 0x36, 0x80, 0xF2, 0x40, 0xEE, 0x00, 0x03,
    0xB0, 0xFA, 0xBF, 0x58, 0x80, 0xB2, 0xCA, 0xA7, 0x55, 0x52, 0xA5, 0x95, 0xF1, 0x05, 0x57, 0x98,
    0xC0, 0x5C, 0x11, 0xD5, 0x9A, 0xB8, 0x9E, 0x92, 0x54, 0x66, 0xF9, 0x9E, 0x1F, 0xF3, 0x11, 0x7E,
    0x37, 0x00, 0x4A, 0xA4, 0x56, 0x01, 0x02, 0x4F, 0x91, 0xF8, 0xEB, 0x61, 0x3E, 0x4B, 0xEA, 0x82,
    0xDE, 0x86, 0x5C, 0x92, 0xB6, 0x2B, 0xF2, 0xF2, 0xD4, 0xBD, 0xA6, 0x13, 0x1F, 0x20, 0xE1, 0x9E,
    0x78, 0x22, 0xDF, 0x53, 0x5D, 0xD6, 0xE8, 0xE6, 0x6E, 0x7F, 0xF3, 0x26, 0x3F, 0x4D, 0xFA, 0xD4,
    0x67, 0x2E, 0xF5, 0x49, 0x1D, 0x37, 0x21, 0xD3, 0xFE, 0x3B, 0x8C, 0x55, 0xC9, 0x45, 0x7A, 0x73,
    0xA1, 0x2A, 0xA1, 0x1A, 0x47, 0xE5, 0xA6, 0x2A, 0x3B, 0xE3, 0x1B, 0x6F, 0xB3, 0x2E, 0xEE, 0x79,
    0x18, 0x8D, 0x8D, 0x3B, 0xD4, 0x08, 0xDD, 0x62, 0x3C, 0x2B, 0xF8, 0x6F, 0x35, 0x2B, 0x5C, 0xD1,
    0xDC, 0x69, 0xD2, 0x46, 0x55, 0x99, 0x05, 0x22, 0xF1, 0xE4, 0x6F, 0xC9, 0x0F, 0xAA, 0xE2, 0xA3,
    0xC1, 0xD4, 0xE5, 0xDB, 0x9D, 0xA9, 0x4A, 0xD5, 0x18, 0x7F, 0x49, 0xFB, 0x4B, 0xA8, 0x5A, 0x57,
    0x79, 0x65, 0x3A, 0xD3, 0xAA, 0xE6, 0x3F, 0x18, 0x59, 0x2E, 0xFB, 0x19, 0x1C, 0xEF, 0x42, 0xBB,
    0x80, 0xE6, 0x0A, 0xCC, 0xFF, 0x17, 0x7E, 0xAE, 0x7D, 0xEF, 0xC8, 0xDC, 0x1A, 0xFB, 0x68, 0x91,
    0x35, 0x85, 0xAA, 0x57, 0xAA, 0x02, 0x8A, 0xBE, 0xEC, 0x68, 0x69, 0xC6, 0x0E, 0x40, 0x04, 0xD1,
    0x4B, 0x7F, 0xB2, 0x99, 0xBC, 0xE0, 0x02, 0x6E, 0xED, 0xCC, 0x0C, 0x3C, 0xF7, 0xFA, 0x7D, 0x78,
    0x95, 0x33, 0x8A, 0x00, 0xED, 0xC1, 0x6C, 0xE6, 0x65, 0xC8, 0xDA, 0xCC, 0x9A, 0xE1, 0x0E, 0x77,
    0x8B, 0x35, 0x4D, 0xDA, 0xC2, 0x4F, 0x20, 0x5A, 0x43, 0x3C, 0xCE, 0x1E, 0xB8, 0x02, 0xBC, 0x1C,
    0x1D, 0x26, 0xF2, 0x77, 0x9F, 0x89, 0x38, 0x15, 0x0F, 0x00, 0x24, 0x5D, 0x66, 0x95, 0xBC, 0xCF,
    0xF4, 0xCE, 0x9A, 0xDD, 0xB8, 0x06, 0x2C, 0xB1, 0xFF, 0xE0, 0xEC, 0x1D, 0xC9, 0x80, 0x7A, 0xA3,
    0x25, 0x7E, 0xDE, 0x9D, 0x1F, 0xEC, 0xB3, 0x3A, 0x6F, 0xC7, 0xD2, 0x28, 0xAB, 0x28, 0x7D, 0xDE,
    0x25, 0x83, 0x54, 0x79, 0x97, 0x4A, 0x03, 0xA0, 0xCE, 0xE5, 0x4B, 0x7F, 0x46, 0xCD, 0xF9, 0xC3,
    0x2F, 0x99, 0xF0, 0x14, 0x3C, 0x80, 0xAF, 0xC1, 0x8F, 0xE0, 0xE6, 0xF8, 0xC7, 0xFC, 0x55, 0x78,
    0x6A, 0xB2, 0xB1, 0x3C, 0x84, 0x44, 0x35, 0x15, 0xA4, 0x1B, 0xDF, 0xA3, 0x51, 0x7B, 0x99, 0x20,
    0x9F, 0xDC, 0x78, 0x6D, 0x22, 0xF0, 0xFB, 0xEF, 0x43, 0xC3, 0x8F, 0xFF, 0x82, 0xBA, 0x78, 0x96,
    0x8C, 0x77, 0x90, 0xB3, 0x3B, 0x40, 0x4B, 0x69, 0xB3, 0x3A, 0xAB, 0x4B, 0xD7, 0x9E, 0x95, 0xFC,
    0x42, 0xFF, 0xD5, 0x00, 0x57, 0x49, 0xA5, 0xD6, 0xD2, 0x9B, 0x77, 0xD6, 0x77, 0xD9, 0x3B, 0x59,
    0xED, 0x21, 0x8C, 0xE3, 0x35, 0x9E, 0xB8, 0xB9, 0xD7, 0xAB, 0x50, 0x59, 0xD3, 0x5D, 0x7F, 0x0E,
    0x98, 0xA7, 0x75, 0xE1, 0x7A, 0xC6, 0x70, 0x1C, 0xDD, 0x64, 0x0F, 0x5D, 0xC7, 0x6D, 0xD6, 0x1A,
    0xFB, 0x5D, 0x2C, 0xF0, 0x39, 0x3D, 0xA6, 0xEA, 0x49, 0x1F, 0x7F, 0x86, 0xFE, 0xE7, 0x5F, 0x59,
    0xA5, 0x6F, 0xDB, 0xA3, 0x2C, 0x71, 0x70, 0x03, 0xED, 0x32, 0x1F, 0x52, 0xE4, 0x0B, 0xB7, 0x62,
    0x7E, 0xF1, 0x53, 0x4E, 0x74, 0x48, 0x54, 0x31, 0xFD, 0x8C, 0x7C, 0x20, 0x6D, 0x51, 0x0B, 0xB6,
    0x9E, 0x06, 0x40, 0x3F, 0x5E, 0x73, 0xAF, 0x3C, 0xB5, 0x0F, 0xA6, 0x89, 0x6F, 0xAE, 0x27, 0x7E,
    0x5C, 0xEF, 0x85, 0xCA, 0x8F, 0xFB, 0xF0, 0x1C, 0x3F, 0xA3, 0x6C, 0xA4, 0xA1, 0x0E, 0xDE, 0xBC,
    0x02, 0x8C, 0x4D, 0xD3, 0x02, 0xC6, 0xE7, 0x35, 0x6C, 0x09, 0x4A, 0xDE, 0xF9, 0x61, 0xD9, 0x93,
    0x48, 0xA0, 0x1A, 0x0A, 0x91, 0x01, 0x88, 0x4A, 0x39, 0x3C, 0x77, 0x70, 0x85, 0x05, 0x0A, 0x67,
    0x6A, 0x48, 0x37, 0x0E, 0xDD, 0x99, 0x43, 0x05, 0xE5, 0x99, 0xC3, 0x56, 0x39, 0x1C, 0x8E, 0x60,
    0x3D, 0x43, 0xAB, 0xD4, 0xE5, 0xA8, 0x1D, 0x85, 0xBF, 0x16, 0xF6, 0xEE, 0xE7, 0x22, 0xD2, 0x9A,
    0x20, 0x1A, 0x33, 0x0A, 0x26, 0x00, 0xF3, 0x58, 0xE4, 0x90, 0xB8, 0x51, 0x22, 0xF2, 0xC9, 0xFB,
    0xF5, 0xA6, 0xC7, 0xDD, 0x63, 0x6B, 0x0C, 0x79, 0x0C, 0xD1, 0xF2, 0x08, 0x98, 0x2C, 0x7F, 0x03,
    0x44, 0x67, 0xA7, 0xE9, 0xB0, 0xF4, 0x20, 0xB2, 0x14, 0xB1, 0x49, 0xF0, 0x8E, 0xC4, 0xAB, 0x16,
    0xD0, 0x75, 0xEE, 0xCE, 0xFB, 0xCF, 0x39, 0x9D, 0x37, 0x42, 0xCD, 0x59, 0xE8, 0xAA, 0x18, 0xE5,
    0xD8, 0x5E, 0x03, 0xDD, 0x71, 0x00, 0x5C, 0x07, 0x36, 0x18, 0x27, 0xFB, 0xD4, 0xE6, 0x25, 0x33,
    0xCD, 0x62, 0xCA, 0xC9, 0x8C, 0x93, 0x13, 0x4C, 0xCF, 0x64, 0x1B, 0x20, 0x5E, 0xA3, 0x7E, 0xCB,
    0x54, 0x63, 0xD6, 0xCC, 0x2C, 0xB3, 0x4B, 0xE4, 0x3D, 0xD1, 0x9C, 0xD4, 0x66, 0x0E, 0x14, 0x9A,
    0x29, 0x33, 0x76, 0x59, 0x70, 0x3C, 0xC6, 0x22, 0xED, 0xF2, 0xD5, 0x4C, 0x2F, 0xF4, 0xF1, 0x74,
    0xB1, 0x30, 0xED, 0xC4, 0xDE, 0x50, 0xF6, 0x59, 0xC5, 0xAE, 0x66, 0x77, 0xCA, 0x62, 0xC6, 0x22,
    0x84, 0x3E, 0x39, 0x0B, 0x9D, 0x75, 0xF9, 0xFD, 0xE0, 0x15, 0xF8, 0xE4, 0x8A, 0x69, 0x26, 0x96,
    0xC4, 0x93, 0x7A, 0x32, 0x97, 0x9D, 0x9E, 0xDF, 0xE6, 0x06, 0xC7, 0xC1, 0x65, 0xB1, 0xB9, 0x4D,
    0x5C, 0x6D, 0xBE, 0xFB, 0xE9, 0xA9, 0xCD, 0x3E, 0xF5, 0xEA, 0x17, 0x5E, 0xA5, 0x5E, 0x67, 0x6E,
    0xAA, 0xEC, 0x4C, 0xB1, 0x3D, 0x01, 0x20, 0x2B, 0x72, 0xA7, 0x4E, 0xBF, 0xF4, 0xEA, 0xC5, 0x47,
    0x5E, 0xAB, 0x5B, 0x7E, 0x1A, 0x6C, 0x66, 0xC1, 0x68, 0x37, 0x58, 0x6D, 0x5F, 0x9A, 0x00, 0x6A,
    0xA1, 0xBB, 0x9C, 0x3D, 0x76, 0xC7, 0x5B, 0x73, 0x85, 0xC8, 0x26, 0x2E, 0x6F, 0xF3, 0x23, 0xCD,
    0x0D, 0x9E, 0x65, 0x86, 0xF1, 0x13, 0xFB, 0xC1, 0xF4, 0x83, 0xDD, 0xE3, 0xF6, 0xF5, 0xE6, 0xE7,
    0xDE, 0x38, 0xC3, 0x36, 0xE9, 0xA3, 0x3A, 0xF9, 0x87, 0x8B, 0x07, 0xE8, 0x49, 0x7A, 0xD4, 0x43,
    0x72, 0x3D, 0x9E, 0xF8, 0x6F, 0xCD, 0x99, 0x3F, 0xAC, 0xE4, 0xD4, 0x15, 0xC6, 0x3D, 0x33, 0x01,
    0x4B, 0x71, 0x61, 0x45, 0x62, 0x1B, 0x52, 0xB8, 0x0E, 0x8D, 0x9B, 0x34, 0xA9, 0x6C, 0x92, 0x22,
    0x25, 0xDB, 0x3C, 0x28, 0x52, 0xD0, 0x90, 0x9A, 0x9A, 0xEA, 0x8E, 0x44, 0x91, 0x96, 0x2A, 0x6D,
    0x1A, 0x8A, 0xB0, 0x14, 0xF4, 0x52, 0x22, 0x5B, 0x50, 0xA6, 0xC0, 0x09, 0x41, 0x29, 0x28, 0xB0,
    0x14, 0x14, 0x45, 0x50, 0x60, 0x09, 0xAF, 0xF0, 0x82, 0xED, 0x93, 0xF3, 0xFB, 0xEE, 0x78, 0xFD,
    0x34, 0xD9, 0x27, 0x6D, 0x81, 0xC4, 0x5A, 0xF3, 0xBE, 0x7B, 0xD7, 0xBE, 0x3E, 0xFF, 0xEF, 0x39,
    0xE7, 0x7A, 0x93, 0xE4, 0xA5, 0x77, 0x92, 0x24, 0xA9, 0x06, 0x87, 0x7C, 0x74, 0x48, 0x67, 0x87,
    0x23, 0x90, 0xFC, 0x15, 0xD8, 0xAE, 0xC2, 0x6C, 0x4E, 0x4A, 0xA0, 0x32, 0x9B, 0x80, 0x31, 0xA9,
    0x1E, 0xDE, 0xDC, 0x4F, 0x42, 0xEF, 0x4F, 0x9B, 0xCE, 0xC1, 0xDA, 0xC7, 0xF0, 0xE9, 0x4D, 0x72,
    0x30, 0xB3, 0xFA, 0xE8, 0x90, 0x9C, 0x22, 0x3C, 0x78, 0x2F, 0x49, 0x57, 0x7F, 0x98, 0x09, 0x16,
    0x18, 0xCE, 0x1B, 0x14, 0x40, 0x29, 0xC2, 0x1B, 0x75, 0x60, 0x80, 0xB3, 0x44, 0x49, 0x9D, 0x81,
    0xE5, 0x83, 0x53, 0x2D, 0x1C, 0x96, 0xC2, 0x99, 0xBE, 0xFB, 0xFC, 0xF9, 0xC7, 0x97, 0xAF, 0x30,
    0xFE, 0x5D, 0x82, 0xDC, 0xD0, 0x6D, 0xEE, 0xDF, 0x7B, 0x7D, 0x75, 0xDE, 0x7A, 0x79, 0xC3, 0x62,
    0xDA, 0xB1, 0x7C, 0xF8, 0x7B, 0x47, 0x5F, 0xDA, 0x0B, 0xFD, 0x5E, 0x30, 0x73, 0x96, 0xCD, 0x77,
    0x1F, 0x98, 0x63, 0x9B, 0x1A, 0x92, 0x9E, 0x2E, 0x58, 0x1F, 0xEC, 0xEC, 0xF3, 0xA3, 0xD5, 0x7E,
    0xDF, 0x27, 0xF9, 0xEA, 0x98, 0xBB, 0xAA, 0xA7, 0x35, 0xF7, 0x77, 0x53, 0xC7, 0xDE, 0x25, 0xCE,
    0xAD, 0x86, 0xF6, 0x7D, 0x20, 0xF9, 0xE9, 0x9F, 0x61, 0x03, 0x33, 0x19, 0x80, 0x47, 0x27, 0x74,
    0x4A, 0xC7, 0xDB, 0x5E, 0xCD, 0x31, 0xD8, 0x66, 0xBA, 0xDB, 0x56, 0xAB, 0x78, 0x29, 0x74, 0xFF,
    0x67, 0x3A, 0x97, 0xC4, 0x01, 0x6A, 0x47, 0x17, 0x0E, 0x61, 0x2E, 0x90, 0x5E, 0x5B, 0x0D, 0x98,
    0x36, 0x85, 0xCB, 0x31, 0x06, 0x99, 0x60, 0xBF, 0x4A, 0xFB, 0x02, 0x42, 0xE6, 0xF4, 0x72, 0x47,
    0xD9, 0xC2, 0xE9, 0xB8, 0x25, 0xFE, 0xE2, 0x4C, 0xFA, 0xE4, 0x27, 0x4E, 0xFB, 0x0C, 0x5D, 0x93,
    0xB0, 0xCB, 0x6E, 0xCC, 0x12, 0x73, 0x81, 0xB3, 0x5E, 0x8A, 0x38, 0x45, 0xF2, 0x57, 0x18, 0x0D,
    0x1E, 0x1D, 0x61, 0x75, 0x06, 0x35, 0x58, 0x9D, 0x84, 0x49, 0xC4, 0xC2, 0x1E, 0xF1, 0xFC, 0x06,
    0xD0, 0x75, 0x68, 0x56, 0xC9, 0x34, 0x44, 0x27, 0x35, 0xE6, 0xCA, 0x5B, 0x9F, 0x9E, 0x0F, 0x18,
    0xE1, 0x88, 0x50, 0x82, 0x43, 0x34, 0x0C, 0xDA, 0x35, 0xAB, 0x3C, 0xDA, 0xC2, 0x65, 0xE0, 0xB1,
    0x6C, 0xAF, 0xE0, 0x91, 0x55, 0x80, 0xEC, 0x32, 0x7B, 0x0B, 0x79, 0x82, 0x0B, 0x0C, 0x0C, 0xC0,
    0x39, 0xF9, 0xB9, 0x44, 0xB8, 0x17, 0x63, 0x04, 0x83, 0x55, 0xFE, 0x1B, 0xF8, 0x85, 0x1E, 0x27,
    0x20, 0x00, 0x3F, 0xF7, 0x80, 0x07, 0xC2, 0x89, 0x40, 0xC0, 0xE8, 0xD9, 0x0A, 0xD5, 0x7C, 0xE6,
    0x77, 0xF5, 0x9E, 0xAE, 0xF2, 0xB7, 0x7D, 0x12, 0x3E, 0x1E, 0x92, 0xE6, 0x73, 0x27, 0xF4, 0x4A,
    0x9F, 0xFC, 0x62, 0xDF, 0x35, 0xF2, 0x4F, 0x31, 0xCA, 0x3B, 0xAC, 0xE7, 0x0F, 0x66, 0x70, 0x83,
    0xD7, 0xF6, 0x87, 0xCF, 0x9D, 0x25, 0x0C, 0xE3, 0xDF, 0x2A, 0x77, 0xC3, 0x17, 0xAE, 0xFC, 0xC1,
    0x5A, 0x64, 0xCA, 0x61, 0x27, 0x85, 0x51, 0x6E, 0xC7, 0xCD, 0x66, 0xB7, 0xFA, 0x8E, 0xB8, 0x11,
    0xCC, 0x82, 0x3B, 0xE2, 0x26, 0x00, 0x4D, 0xFF, 0x84, 0xA8, 0xDC, 0x09, 0x0B, 0x20, 0xE2, 0x84,
    0x5F, 0x08, 0x0B, 0x3B, 0x6B, 0x06, 0xD0, 0x8D, 0xB5, 0x95, 0x3C, 0x1D, 0xAF, 0xD4, 0xCC, 0x20,
    0xA4, 0x90, 0x68, 0x63, 0x84, 0x5C, 0x4F, 0x8A, 0x47, 0xAF, 0x42, 0x1D, 0xD5, 0xE0, 0x20, 0x51,
    0xC4, 0x00, 0x5B, 0x31, 0x91, 0x34, 0xF0, 0x95, 0x30, 0x29, 0xBE, 0x64, 0x92, 0xE1, 0x5E, 0x24,
    0x73, 0x4A, 0xAB, 0xA4, 0x83, 0xA4, 0x84, 0x2B, 0xA6, 0xD4, 0xCE, 0x98, 0xB1, 0x1C, 0x8F, 0xCE,
    0x24, 0x5D, 0x9C, 0x36, 0x91, 0x94, 0xCF, 0x4E, 0x1B, 0x5D, 0x34, 0xC1, 0x5A, 0xD5, 0xE4, 0x4C,
    0x52, 0x4B, 0xEE, 0xD9, 0xE0, 0x4C, 0xDE, 0x34, 0x57, 0xA1, 0x27, 0x64, 0x67, 0xE9, 0xA2, 0x7C,
    0x13, 0x9C, 0xA6, 0x64, 0x0D, 0x93, 0x73, 0x83, 0xE7, 0x7E, 0x15, 0xD3, 0x66, 0x46, 0x59, 0x52,
    0xA1, 0xA1, 0x71, 0xE0, 0xB7, 0x8F, 0xA1, 0xDF, 0xD2, 0xE4, 0x66, 0x58, 0x7E, 0xB7, 0x46, 0xAE,
    0x77, 0x20, 0x6F, 0xEC, 0xBB, 0xA3, 0x46, 0x82, 0x90, 0x8B, 0x0C, 0x75, 0xF3, 0x9A, 0xBD, 0x66,
    0xBD, 0xFB, 0xD2, 0x65, 0x6D, 0xFA, 0x4C, 0x61, 0x19, 0x86, 0x6C, 0xC1, 0xB3, 0xA1, 0x8F, 0xD1,
    0xD9, 0x5C, 0x46, 0xEB, 0x10, 0x6B, 0x4E, 0xAD, 0x45, 0x2C, 0xE8, 0x20, 0x16, 0x74, 0x11, 0x07,
    0x95, 0x34, 0xAE, 0xF5, 0x0F, 0x94, 0x5C, 0xE5, 0x7D, 0x5B, 0xEF, 0x4A, 0xAE, 0xC9, 0x9E, 0x5C,
    0x49, 0xAB, 0x2E, 0x31, 0x98, 0x93, 0x5C, 0xC1, 0x14, 0xE4, 0x66, 0xA4, 0x9D, 0x3C, 0x38, 0x2B,
    0x72, 0x41, 0xA2, 0x56, 0x1B, 0x08, 0x6E, 0x1D, 0x18, 0x80, 0x5B, 0x57, 0x8E, 0xA2, 0xAC, 0xA8,
    0xE4, 0x00, 0xEB, 0xE5, 0xD6, 0xD6, 0xD1, 0x65, 0xC0, 0x30, 0x0B, 0x36, 0xAF, 0x46, 0xA4, 0x22,
    0xAC, 0xED, 0x43, 0x6D, 0xB9, 0xCF, 0x8C, 0xC0, 0xB1, 0x45, 0xB9, 0x71, 0x82, 0x5D, 0xC4, 0x66,
    0x76, 0x5C, 0x79, 0x29, 0x5D, 0x33, 0x6D, 0x40, 0x94, 0xC8, 0x67, 0x0F, 0x3E, 0x47, 0x27, 0x8C,
    0x90, 0x20, 0xAC, 0x60, 0x18, 0xF0, 0x2F, 0xCC, 0x41, 0xE4, 0x3F, 0x3E, 0x70, 0x40, 0x57, 0x86,
    0xE6, 0x0C, 0x56, 0x31, 0xDC, 0x7B, 0x30, 0x15, 0xEE, 0x97, 0xD7, 0xDA, 0x72, 0x65, 0x4F, 0x57,
    0x2B, 0x24, 0x70, 0x51, 0x7F, 0xA4, 0xC4, 0x76, 0x27, 0xC7, 0xD0, 0x52, 0x7D, 0x9A, 0xB6, 0x30,
    0xE7, 0xD7, 0x56, 0x5F, 0x3B, 0x9E, 0x9B, 0x3F, 0xF9, 0xB2, 0x97, 0x8D, 0x78, 0x3E, 0x2D, 0x2C,
    0xCE, 0x66, 0x5F, 0xBC, 0x16, 0x43, 0x68, 0xF9, 0xB7, 0x1B, 0x7F, 0x6E, 0x5A, 0x6B, 0xB3, 0xC5,
    0x7C, 0x71, 0xF6, 0xFD, 0x7A, 0x60, 0x5B, 0xCC, 0x07, 0x37, 0xB8, 0xF9, 0x5E, 0x70, 0x8F, 0xF7,
    0x6C, 0x0B, 0x6B, 0x1D, 0x2B, 0xF7, 0xC8, 0xE2, 0x98, 0x64, 0xCE, 0x50, 0x91, 0x73, 0xB9, 0x8E,
    0x4B, 0x82, 0x81, 0xD6, 0x83, 0xF2, 0xF7, 0xFB, 0x78, 0x21, 0x28, 0x05, 0x17, 0x72, 0xCB, 0x7E,
    0x61, 0x9D, 0x72, 0x72, 0xB2, 0xDA, 0x56, 0x35, 0x99, 0xC3, 0xCE, 0x31, 0xA8, 0x31, 0x59, 0x8C,
    0x84, 0xD0, 0x61, 0xD0, 0xAA, 0x2F, 0x54, 0x3D, 0xD8, 0x0E, 0xE5, 0x10, 0x7A, 0xFC, 0xAA, 0x5C,
    0xFE, 0x9D, 0xD5, 0x4A, 0x0F, 0xCA, 0x16, 0xB3, 0x88, 0x4E, 0xC2, 0x41, 0x86, 0xEC, 0x84, 0xAD,
    0x9E, 0x62, 0xD4, 0x72, 0xC5, 0xB0, 0x36, 0x0B, 0x07, 0x50, 0x0F, 0xC3, 0xAA, 0xA2, 0x52, 0x6F,
    0xBB, 0x32, 0x27, 0x53, 0x33, 0x51, 0x60, 0xEC, 0x4E, 0x52, 0xB6, 0x07, 0x9B, 0x8E, 0x89, 0xB5,
    0x5B, 0xE6, 0xDF, 0x93, 0xBF, 0xE3, 0x71, 0xEF, 0x08, 0xF6, 0x42, 0xE0, 0x98, 0xAD, 0x4C, 0xD8,
    0x75, 0x0A, 0xDA, 0xBD, 0x2E, 0xE8, 0x77, 0xBD, 0x8F, 0x22, 0x0E, 0xCA, 0xE7, 0xC8, 0xBF, 0x80,
    0x99, 0x70, 0xDF, 0x59, 0xFB, 0xD5, 0x4C, 0xA0, 0x81, 0xC7, 0x68, 0x08, 0x61, 0xF6, 0x3D, 0x98,
    0x7F, 0x0B, 0x56, 0xDF, 0x80, 0xE1, 0x13, 0x68, 0xD8, 0x47, 0x8E, 0x07, 0xFB, 0xCD, 0xCA, 0xC2,
    0xE3, 0x0A, 0x7D, 0x90, 0x30, 0xC5, 0xB6, 0x20, 0xEC, 0x7D, 0xB9, 0xD0, 0xC0, 0xE3, 0x25, 0xAB,
    0xDC, 0xDC, 0x58, 0x8D, 0x20, 0x9E, 0x3B, 0x67, 0xB0, 0x9C, 0x40, 0x5C, 0x63, 0x6C, 0x13, 0x47,
    0x35, 0x2E, 0x57, 0x3D, 0xDF, 0x75, 0xBB, 0x17, 0x6B, 0x8F, 0xE0, 0x4B, 0xE5, 0xAE, 0x15, 0x06,
    0xB8, 0xDE, 0x3C, 0xCA, 0xEC, 0x55, 0x1B, 0x4E, 0x24, 0x29, 0x62, 0x6C, 0xC8, 0x00, 0x67, 0x26,
    0x68, 0x7A, 0x12, 0x74, 0xE7, 0xD4, 0x9D, 0xB5, 0x83, 0xA8, 0x03, 0x67, 0xCA, 0xC2, 0x77, 0xB5,
    0x9A, 0xCD, 0x71, 0xEB, 0x41, 0xA4, 0x85, 0xF3, 0x7E, 0xDD, 0x6A, 0x2A, 0x83, 0x63, 0xE8, 0x41,
    0x6A, 0x82, 0x0A, 0xC2, 0x4A, 0xBF, 0xF9, 0xE6, 0xAC, 0xEC, 0x39, 0x80, 0x54, 0x03, 0x68, 0xD3,
    0x73, 0xDA, 0xE0, 0x88, 0xF3, 0xD3, 0x95, 0x70, 0x50, 0x9E, 0xC1, 0xF0, 0x25, 0xE8, 0xF7, 0x1D,
    0x0F, 0x97, 0x36, 0xB3, 0x87, 0x21, 0xC9, 0x03, 0x0A, 0xE0, 0x3B, 0x3F, 0x66, 0x03, 0x87, 0x36,
    0x13, 0x44, 0x34, 0x60, 0xD3, 0x31, 0x0E, 0x03, 0xA4, 0x6E, 0x1A, 0x1F, 0xB2, 0x59, 0xDE, 0xC0,
    0xA2, 0x9D, 0x68, 0x99, 0x0F, 0x05, 0xB9, 0x42, 0x54, 0xE2, 0x20, 0x79, 0x42, 0xAF, 0x94, 0x14,
    0x4D, 0xA6, 0xDD, 0x29, 0x41, 0x53, 0x83, 0xA4, 0x24, 0xF3, 0xA9, 0xDA, 0x0D, 0x85, 0x34, 0xD6,
    0x61, 0x68, 0x46, 0xE2, 0x3A, 0x37, 0xAE, 0xBE, 0x88, 0x43, 0xA9, 0xA1, 0x8B, 0x43, 0x2B, 0x61,
    0x35, 0x40, 0x2F, 0xF4, 0x52, 0x1D, 0x69, 0x9C, 0x9F, 0xB5, 0x50, 0xFF, 0xD1, 0x0F, 0x38, 0x19,
    0xD9, 0x00, 0x4F, 0x67, 0x0B, 0x13, 0xEB, 0xD9, 0x8F, 0x6C, 0x90, 0x16, 0x0F, 0x95, 0xAA, 0x14,
    0x8A, 0xFE, 0x7C, 0x51, 0x50, 0x57, 0x7D, 0x15, 0xBB, 0x7A, 0xCF, 0xA6, 0xD1, 0x1F, 0xE1, 0xEF,
    0x92, 0xA9, 0x18, 0x9B, 0x8F, 0xAC, 0x56, 0x23, 0x65, 0x9F, 0xAF, 0x5B, 0x57, 0xC3, 0x5A, 0x99,
    0x48, 0x6E, 0x2B, 0xB7, 0x49, 0x63, 0xD6, 0x8C, 0x72, 0xE3, 0xBF, 0xAD, 0x88, 0xBB, 0xF9, 0xA3,
    0x35, 0x8A, 0x6B, 0xE9, 0x22, 0x56, 0xE5, 0x92, 0xCD, 0x62, 0x1E, 0x26, 0x4A, 0x0C, 0x6B, 0x07,
    0x26, 0xC4, 0x6D, 0x9B, 0x4F, 0x08, 0x98, 0x5B, 0x2D, 0x7F, 0xC6, 0x2A, 0x81, 0xEC, 0x61, 0xC6,
    0xB5, 0x08, 0xC6, 0xA5, 0xA6, 0xF6, 0xA0, 0xA8, 0x15, 0x63, 0x45, 0xC9, 0x5B, 0x4E, 0x10, 0xF2,
    0x5B, 0x93, 0x27, 0xE0, 0xAD, 0xE7, 0x5E, 0xB5, 0x0E, 0x09, 0x6B, 0x07, 0x4A, 0x37, 0xB2, 0xBF,
    0x74, 0xC9, 0xBC, 0xB1, 0xA7, 0xDA, 0x41, 0x59, 0xF7, 0x0D, 0xD7, 0xF0, 0x1C, 0xBE, 0x34, 0xD3,
    0xE9, 0x09, 0x18, 0xE3, 0xFB, 0xC9, 0xBD, 0xFA, 0x99, 0xAD, 0x5E, 0x49, 0xD9, 0xE5, 0x83, 0x0B,
    0xD7, 0x97, 0x03, 0xE5, 0x85, 0x2C, 0x95, 0x49, 0xE6, 0x83, 0x4D, 0xCF, 0x72, 0xF5, 0x7D, 0xD6,
    0xBA, 0x99, 0xBD, 0x7D, 0xCF, 0x34, 0x6C, 0x1D, 0x7B, 0x11, 0x87, 0xD2, 0xDB, 0xF6, 0x3D, 0xC1,
    0x54, 0x31, 0xC1, 0x04, 0x12, 0x0C, 0xE2, 0x69, 0xB0, 0xF6, 0xB2, 0xB7, 0xE0, 0xEE, 0xA6, 0xC8,
    0x24, 0xA2, 0x54, 0x3D, 0xC5, 0x41, 0x49, 0x19, 0xC9, 0x60, 0x1F, 0x13, 0x32, 0xE1, 0x8A, 0x00,
    0x17, 0x39, 0x7E, 0x66, 0xB1, 0x62, 0x9B, 0xCE, 0x68, 0x95, 0x8A, 0x34, 0x56, 0xD3, 0x30, 0x69,
    0xD8, 0x2E, 0x8E, 0xE7, 0x19, 0xFA, 0xA0, 0x1F, 0x7B, 0x86, 0x40, 0xD7, 0xEA, 0xF3, 0xE3, 0xBF,
    0x86, 0xF2, 0xE1, 0xA3, 0xF9, 0xD8, 0x34, 0xE7, 0xE3, 0x4A, 0xC3, 0xEA, 0xE2, 0x32, 0x5A, 0x68,
    0xB3, 0x6F, 0x57, 0x1F, 0xAB, 0x36, 0xFF, 0x66, 0x49, 0x0E, 0x3E, 0x96, 0xFF, 0x9A, 0x5D, 0xE2,
    0xB2, 0xAD, 0xFE, 0x46, 0xBB, 0x5A, 0xB6, 0xCD, 0x2B, 0x3E, 0x2E, 0x65, 0x6B, 0xEE, 0xAA, 0xD3,
    0x5C, 0x7E, 0xB8, 0xE4, 0x5E, 0x58, 0xE6, 0xE2, 0x93, 0xB9, 0x18, 0xDC, 0x8F, 0xC5, 0x67, 0x63,
    0x39, 0xB8, 0x17, 0x8B, 0xAF, 0x07, 0xAF, 0x0E, 0xF9, 0x58, 0x58, 0xE7, 0x63, 0x31, 0x14, 0xD6,
    0x86, 0xCE, 0x47, 0x17, 0x30, 0xB8, 0x58, 0x3E, 0x52, 0x3B, 0x2B, 0xFC, 0x89, 0x58, 0x1D, 0x3D,
    0x7B, 0x2D, 0xBD, 0xB3, 0x19, 0x43, 0xC8, 0x0E, 0xC2, 0x21, 0x1A, 0x83, 0x9B, 0x5B, 0xDB, 0x02,
    0x5A, 0x1B, 0x91, 0x9B, 0xF6, 0xE5, 0x03, 0xEB, 0x0E, 0x4A, 0xC6, 0x47, 0xE1, 0x69, 0x47, 0x12,
    0xBC, 0xFB, 0x25, 0xDB, 0xFB, 0xEE, 0xEB, 0x8E, 0x3B, 0x5F, 0xEE, 0x64, 0xB8, 0x5D, 0x25, 0x75,
    0x50, 0x91, 0xB5, 0x7F, 0x43, 0xC0, 0x82, 0x8F, 0x52, 0x38, 0x76, 0x89, 0xA9, 0x1A, 0x87, 0x21,
    0xE3, 0x11, 0x49, 0x14, 0x9C, 0xC1, 0x62, 0x02, 0x21, 0x45, 0xDF, 0xB7, 0x61, 0xE8, 0xC1, 0xA6,
    0x03, 0x55, 0x39, 0x8E, 0x8E, 0x23, 0x07, 0xCB, 0x92, 0x5A, 0x83, 0x1B, 0xC3, 0x72, 0x49, 0xAD,
    0x68, 0x41, 0xA0, 0x9B, 0xEC, 0x13, 0xF7, 0xEF, 0x0B, 0x40, 0x61, 0xAA, 0x26, 0xC2, 0x8A, 0xA5,
    0x42, 0x15, 0x94, 0x70, 0x57, 0x8B, 0xD7, 0x3D, 0x6D, 0x8B, 0x27, 0x5B, 0xA5, 0x57, 0x2D, 0xDE,
    0x04, 0xEE, 0x3D, 0xE5, 0xC5, 0x4A, 0x20, 0x8A, 0xE4, 0xF6, 0x5F, 0x49, 0xA5, 0x9D, 0x81, 0x20,
    0xDB, 0x47, 0x93, 0x87, 0x61, 0x45, 0xE5, 0xCC, 0x54, 0x7D, 0xC1, 0xF6, 0xD2, 0xB6, 0x08, 0xF3,
    0x95, 0xBA, 0x59, 0x12, 0x65, 0x5F, 0x5D, 0xF4, 0x1D, 0x84, 0x2D, 0xB8, 0xA8, 0xD4, 0xD7, 0x4F,
    0xE8, 0x1A, 0x11, 0x03, 0x1C, 0xC1, 0x52, 0x88, 0x18, 0xC2, 0x1F, 0xE6, 0xFB, 0xCF, 0xF4, 0x24,
    0xCA, 0x3F, 0xC4, 0xF7, 0x9F, 0x02, 0x1D, 0x4B, 0x00, 0x97, 0xF5, 0x40, 0xC7, 0x81, 0xB3, 0xBE,
    0x5D, 0xCD, 0xEF, 0xFC, 0x40, 0xD1, 0x3F, 0xE5, 0x07, 0x8A, 0xAB, 0xAE, 0xEB, 0x99, 0x3D, 0xAC,
    0xEC, 0x57, 0x36, 0x83, 0xE8, 0xBF, 0xFB, 0xB7, 0x21, 0x94, 0x64, 0x4F, 0xE5, 0x2D, 0x4C, 0x75,
    0x04, 0x6D, 0x4C, 0xAD, 0xAB, 0xBA, 0x30, 0xE7, 0x2B, 0x22, 0xCF, 0x05, 0xE5, 0x2A, 0x5B, 0xCA,
    0x11, 0x35, 0x56, 0x72, 0xC3, 0x39, 0x5D, 0x7C, 0x20, 0xE7, 0xA2, 0xAD, 0x53, 0xAD, 0x54, 0x80,
    0xE6, 0x92, 0x4E, 0x23, 0x8C, 0xB9, 0x1F, 0x1C, 0x9E, 0xB7, 0x21, 0xB3, 0x3D, 0x71, 0x10, 0x9B,
    0x50, 0x56, 0xDA, 0x5F, 0xEB, 0xAD, 0x3B, 0x45, 0xF7, 0x38, 0x0C, 0x1A, 0x9E, 0xBB, 0x7F, 0x11,
    0x4F, 0x65, 0x44, 0x3B, 0x96, 0x4D, 0x83, 0xC7, 0x52, 0x35, 0xDA, 0x18, 0xDA, 0x7A, 0x0C, 0xF1,
    0xEB, 0xE8, 0x99, 0x3F, 0x28, 0xB8, 0xEC, 0xE3, 0x25, 0x6A, 0x24, 0xA2, 0x41, 0xE6, 0x50, 0x3E,
    0xD7, 0x50, 0xC7, 0x9B, 0x60, 0x42, 0x76, 0x81, 0x8A, 0x9E, 0x65, 0xAB, 0x75, 0x0A, 0x08, 0xBC,
    0xE0, 0xE4, 0x63, 0xC3, 0xD9, 0x3B, 0x1F, 0x2C, 0x5D, 0x4E, 0xE2, 0xAA, 0xE2, 0xB9, 0xF0, 0xA3,
    0x94, 0x6A, 0xAF, 0x0D, 0xDC, 0xBF, 0xEB, 0x28, 0x38, 0x3C, 0xE5, 0x51, 0xF0, 0xF0, 0x34, 0x47,
    0xC1, 0x98, 0x21, 0xAE, 0x8F, 0x82, 0x8A, 0x6F, 0xB0, 0xDF, 0x51, 0x9A, 0x40, 0x7C, 0x43, 0x45,
    0x2D, 0x94, 0x85, 0xFB, 0xA1, 0xFA, 0x70, 0xC5, 0x6B, 0xCB, 0x46, 0x7B, 0x4E, 0x9A, 0xAE, 0x72,
    0x12, 0xC8, 0x6F, 0x96, 0x96, 0xF6, 0xC7, 0x78, 0xA4, 0x71, 0xCC, 0x94, 0x41, 0x8F, 0x91, 0xF9,
    0x8B, 0xEF, 0x59, 0x7B, 0xB7, 0x08, 0xB0, 0xDA, 0x10, 0x56, 0xE0, 0xA2, 0x30, 0x90, 0x95, 0x5A,
    0xD8, 0xA8, 0xEC, 0xC4, 0x72, 0xC4, 0x9B, 0xB2, 0x9E, 0x4B, 0x1B, 0xEF, 0x1F, 0x99, 0x60, 0x49,
    0x48, 0x68, 0x01, 0x13, 0x2D, 0x80, 0x9C, 0x16, 0xB8, 0xF0, 0x5A, 0x40, 0xB8, 0x6B, 0x01, 0x2A,
    0x68, 0x01, 0x93, 0xB8, 0x40, 0xC1, 0x15, 0x55, 0x8B, 0x13, 0xC8, 0xB3, 0x40, 0x13, 0x2D, 0x80,
    0x4F, 0x5C, 0x10, 0x34, 0x91, 0x20, 0x97, 0x89, 0x5A, 0x00, 0x2E, 0x24, 0xD5, 0x88, 0xA4, 0x71,
    0x52, 0xEF, 0x13, 0xE9, 0xA5, 0x1C, 0x50, 0x6C, 0xEA, 0xB0, 0x7F, 0x3A, 0x69, 0x31, 0x44, 0x21,
    0xF7, 0x89, 0x16, 0xA0, 0x85, 0x16, 0x68, 0xE2, 0xEA, 0x24, 0x51, 0x1D, 0x09, 0xB9, 0x4F, 0xB4,
    0x12, 0x21, 0xA3, 0x3A, 0xBB, 0x16, 0xB7, 0xD4, 0x39, 0x6D, 0xEA, 0x68, 0x25, 0x5A, 0x68, 0xE5,
    0x6D, 0x2D, 0xF6, 0x09, 0x0B, 0x86, 0xC3, 0xAE, 0x97, 0x6D, 0x7A, 0xAD, 0x9B, 0x3A, 0xCB, 0x36,
    0x51, 0xF6, 0xD8, 0xD3, 0x48, 0xDC, 0xC4, 0x7B, 0x46, 0xD9, 0x93, 0xBA, 0x32, 0x2A, 0x04, 0xB9,
    0x23, 0xAC, 0x2E, 0xB8, 0x3A, 0xDE, 0x7B, 0xFD, 0xAE, 0x8A, 0xF3, 0x08, 0x2C, 0x49, 0x10, 0x4F,
    0xFA, 0xEF, 0x95, 0xAE, 0x90, 0x65, 0xB2, 0xBD, 0xC4, 0x81, 0x07, 0x5A, 0x40, 0xAC, 0x51, 0xD0,
    0x83, 0xBC, 0xDC, 0xCC, 0xF1, 0x3C, 0x2B, 0xEC, 0xD4, 0x65, 0x2A, 0xC9, 0x7D, 0xB1, 0x89, 0x1B,
    0x3A, 0x7C, 0x02, 0x39, 0x09, 0x1B, 0xFB, 0x9D, 0x7D, 0xC4, 0x12, 0x41, 0x19, 0xE6, 0xAC, 0x32,
    0x10, 0xD3, 0x77, 0x8C, 0x5C, 0xFB, 0x67, 0x1C, 0x21, 0x9F, 0x52, 0x5C, 0x4D, 0x4E, 0xD2, 0x87,
    0x89, 0x7C, 0x11, 0xC7, 0x3E, 0x87, 0xFF, 0xC1, 0x86, 0xC2, 0x47, 0xBE, 0x50, 0x14, 0x13, 0x4B,
    0xE9, 0x54, 0x58, 0x4A, 0xDA, 0x47, 0xE5, 0x70, 0x19, 0xAD, 0x0F, 0x83, 0xBE, 0x28, 0xD3, 0x73,
    0x17, 0x04, 0x13, 0x62, 0x61, 0x7B, 0xC4, 0x81, 0x8F, 0xC6, 0x95, 0x3C, 0x11, 0xE5, 0x47, 0xF8,
    0x3B, 0x2A, 0xD7, 0xF6, 0xDD, 0x04, 0x39, 0x25, 0xE4, 0x7E, 0xCA, 0x6D, 0x55, 0xFC, 0x5D, 0x76,
    0x07, 0x97, 0x66, 0x4C, 0x01, 0xE4, 0x19, 0x15, 0x07, 0x0E, 0x36, 0x3C, 0xF9, 0xBB, 0x09, 0xBE,
    0xD8, 0x8E, 0x83, 0xB0, 0x87, 0xA2, 0xB0, 0x93, 0x5F, 0x9C, 0xFB, 0xAF, 0x92, 0x26, 0x7A, 0x6F,
    0xDE, 0xEB, 0x7C, 0x16, 0x77, 0xF8, 0x63, 0xCC, 0x51, 0x09, 0x05, 0x97, 0x5B, 0x5F, 0x5E, 0xE6,
    0xFD, 0xAD, 0x72, 0xDA, 0x6B, 0xFE, 0xE3, 0x7A, 0xF7, 0xCB, 0xA4, 0xB8, 0x6C, 0xAE, 0xB8, 0x5C,
    0xD8, 0x43, 0x46, 0x74, 0xEF, 0xD5, 0xD7, 0x9F, 0x6B, 0x0F, 0x10, 0xC6, 0x40, 0xEA, 0x95, 0x14,
    0xF1, 0x92, 0x90, 0x93, 0x4E, 0x7C, 0x7F, 0x70, 0x15, 0xC3, 0xA2, 0xF3, 0xCE, 0x9A, 0xF8, 0x8F,
    0xA0, 0x9A, 0x95, 0xCD, 0x1B, 0xF5, 0x89, 0x0A, 0xAA, 0x30, 0xC4, 0xC9, 0xA7, 0xD6, 0x2B, 0x61,
    0xA2, 0x2C, 0x13, 0x19, 0x92, 0xC9, 0x69, 0x9F, 0xBC, 0x6F, 0x67, 0x25, 0xD2, 0x15, 0x07, 0x91,
    0x4B, 0x35, 0x51, 0x22, 0x25, 0x92, 0xCA, 0x99, 0x39, 0x3E, 0x1C, 0x35, 0xE9, 0x13, 0x53, 0x17,
    0xDC, 0x50, 0x63, 0x91, 0x54, 0xFD, 0xAE, 0xD2, 0xAC, 0x2C, 0xC4, 0x9E, 0x55, 0xC8, 0xAB, 0x8D,
    0xC5, 0xE7, 0x5C, 0x87, 0xFB, 0x71, 0xF8, 0x00, 0x1D, 0x0A, 0x03, 0x1B, 0x56, 0x1D, 0x15, 0xE8,
    0x54, 0x6B, 0x72, 0x31, 0xEF, 0xE4, 0x8B, 0x70, 0x8E, 0x99, 0x4B, 0x1B, 0x7E, 0x81, 0x7D, 0x66,
    0xB5, 0x24, 0x86, 0xD9, 0x41, 0x08, 0x85, 0x5A, 0x73, 0x62, 0xFA, 0x6D, 0xC3, 0x47, 0x78, 0xAA,
    0x9C, 0x33, 0xEC, 0x43, 0x5C, 0x24, 0x97, 0x68, 0x6E, 0x51, 0xC7, 0x10, 0xBB, 0x58, 0x55, 0xE5,
    0xE6, 0xE8, 0xA9, 0x37, 0xD4, 0xDC, 0xBD, 0x4D, 0x93, 0xFC, 0xD5, 0x94, 0x20, 0xCB, 0xC9, 0xFE,
    0x63, 0x43, 0xEA, 0xBC, 0x68, 0xD5, 0x43, 0x2F, 0x39, 0xC8, 0x2F, 0x1D, 0xB9, 0xB4, 0x25, 0x8F,
    0x02, 0x76, 0x56, 0x93, 0x54, 0x11, 0x8F, 0xD5, 0x94, 0x91, 0x70, 0x1A, 0x8B, 0x21, 0x92, 0xD9,
    0x23, 0xF6, 0xD3, 0x3F, 0x66, 0xB5, 0xE2, 0xDB, 0x75, 0x68, 0x7A, 0x82, 0x0D, 0xDB, 0x60, 0x3E,
    0x20, 0xD8, 0xBB, 0xFA, 0xAF, 0xBB, 0xD8, 0x63, 0x22, 0xB8, 0xEB, 0x5B, 0xBA, 0xD2, 0x8F, 0xF8,
    0xA4, 0xF6, 0xBD, 0xE2, 0xF7, 0x6B, 0xE7, 0xB1, 0xFA, 0xF3, 0x6A, 0xE2, 0xF3, 0xD1, 0xB0, 0x41,
    0xD3, 0x3B, 0xF3, 0x86, 0x33, 0xA5, 0x4E, 0x94, 0xA1, 0xD7, 0xFE, 0x64, 0x1F, 0xAC, 0xCD, 0x84,
    0x18, 0xE2, 0xD3, 0x5E, 0xA2, 0xE9, 0x39, 0x45, 0xD9, 0x8B, 0x8E, 0xA9, 0xC2, 0x16, 0xDB, 0xC5,
    0xB6, 0xA6, 0x6B, 0xFA, 0xD4, 0x74, 0xD2, 0x52, 0x9B, 0xE4, 0xEE, 0x2E, 0xD8, 0x1C, 0xEA, 0xD0,
    0x15, 0xAE, 0xD5, 0xC3, 0xDF, 0x19, 0xB1, 0x87, 0xAA, 0x34, 0xE2, 0xA3, 0xCF, 0xF2, 0x85, 0x13,
    0x00, 0xAA, 0x1E, 0x63, 0x6A, 0x53, 0xDD, 0x76, 0xFF, 0xFE, 0x0F, 0xCD, 0x58, 0x2D, 0xB0, 0xDD,
    0xD6, 0x76, 0x5E, 0x3A, 0xA7, 0xB1, 0x66, 0x22, 0xA0, 0x07, 0x5E, 0xC8, 0x7B, 0x40, 0xA4, 0xE8,
    0x91, 0xCD, 0x4B, 0xB6, 0xDA, 0x80, 0x80, 0x80, 0x5E, 0x90, 0x3B, 0x9D, 0xD6, 0xC0, 0x24, 0x05,
    0x0D, 0x31, 0x27, 0x91, 0xD2, 0x80, 0x80, 0x12, 0x83, 0x16, 0x15, 0x34, 0x20, 0x9D, 0x71, 0x6F,
    0xC0, 0x25, 0x25, 0x9D, 0xC9, 0x54, 0x4A, 0x0C, 0x0C, 0x02, 0x2A, 0x3B, 0xD3, 0x92, 0x80, 0x2A,
    0x8E, 0x4D, 0x62, 0xE0, 0x1D, 0x5B, 0x8D, 0x65, 0x67, 0x6B, 0x7F, 0x5D, 0xDF, 0x92, 0xCE, 0xF1,
    0xB1, 0x3B, 0x05, 0xED, 0x64, 0xDC, 0x2A, 0x57, 0xDF, 0x27, 0xE7, 0x1C, 0xAD, 0xBD, 0xFE, 0xF7,
    0xDA, 0x47, 0xB2, 0xBF, 0x10, 0x91, 0x06, 0x41, 0x04, 0x88, 0x84, 0x24, 0xF2, 0x4F, 0x05, 0x44,
    0x64, 0x4F, 0xC8, 0x09, 0xD7, 0x93, 0x48, 0xB1, 0x7E, 0x1A, 0x24, 0x07, 0x6A, 0x29, 0x71, 0x5F,
    0xC4, 0x25, 0x11, 0xF1, 0x13, 0x21, 0xC8, 0xAF, 0xC4, 0x2D, 0x57, 0x83, 0x54, 0xFC, 0x4A, 0x41,
    0xC8, 0xF8, 0x3D, 0x79, 0xA3, 0x16, 0x85, 0xF7, 0x14, 0x80, 0x81, 0x30, 0x8B, 0x74, 0x5C, 0xE3,
    0x0F, 0x2E, 0x29, 0x79, 0x87, 0x56, 0x11, 0xBD, 0x42, 0x37, 0x50, 0x91, 0x41, 0xDC, 0xD4, 0x8C,
    0x3B, 0xA4, 0x66, 0x2C, 0x80, 0x6E, 0xAC, 0xF0, 0x08, 0xA3, 0x8F, 0x7B, 0x0C, 0xBA, 0x06, 0x86,
    0x66, 0x14, 0xF4, 0xDD, 0xA0, 0x80, 0x3E, 0x43, 0x8B, 0x7E, 0x87, 0x1A, 0xBD, 0x6A, 0x8A, 0xBE,
    0x48, 0xA2, 0x5F, 0x8F, 0xD2, 0x3C, 0xEF, 0x26, 0xF1, 0xC0, 0x28, 0x25, 0xD0, 0xEA, 0x0A, 0xCF,
    0xA8, 0x81, 0xF0, 0xA2, 0xA9, 0x15, 0x02, 0x35, 0x88, 0x6A, 0x1E, 0xA0, 0x9A, 0xBE, 0x0D, 0x29,
    0xE3, 0x0E, 0xBA, 0xEC, 0x1E, 0x6A, 0x47, 0x91, 0x54, 0x00, 0xA2, 0x74, 0xC0, 0x24, 0xA0, 0x00,
    0xA4, 0xCF, 0x36, 0x0D, 0x69, 0x80, 0xAE, 0x21, 0x67, 0xD2, 0x2C, 0x57, 0x07, 0xF1, 0xB4, 0xA8,
    0x24, 0xA8, 0xBA, 0x62, 0xA6, 0x72, 0x09, 0x5E, 0xBF, 0xA9, 0x33, 0x8C, 0xD2, 0xF5, 0x39, 0xB5,
    0x8C, 0x82, 0xDE, 0xF1, 0x21, 0x09, 0xDA, 0x0E, 0xB5, 0x5C, 0x43, 0x86, 0x3F, 0xC4, 0x03, 0x7A,
    0x78, 0x87, 0x3D, 0x6A, 0xBA, 0xE1, 0x8F, 0x90, 0x53, 0x46, 0xA6, 0xFA, 0x94, 0xD1, 0x1E, 0xF4,
    0x8A, 0xE6, 0x21, 0xBD, 0xA6, 0xD3, 0x07, 0x2A, 0x8E, 0xC0, 0xD8, 0xA4, 0x72, 0x76, 0x7C, 0x28,
    0x63, 0x39, 0x55, 0xFC, 0xC8, 0xCD, 0xD5, 0x54, 0x45, 0x5D, 0x1F, 0xC1, 0x85, 0x12, 0x9F, 0x8A,
    0xA3, 0xDF, 0x0A, 0x04, 0xF1, 0xA8, 0xFD, 0xB8, 0xD7, 0x87, 0x66, 0xA6, 0x93, 0xBB, 0x20, 0x6F,
    0x09, 0xAF, 0x8C, 0x31, 0xFA, 0x8C, 0xC2, 0x87, 0x1C, 0x98, 0xF7, 0xC0, 0xB2, 0xBB, 0x5F, 0x25,
    0x5D, 0x45, 0x6F, 0xAA, 0x44, 0x8F, 0x22, 0x08, 0xF5, 0xA6, 0xA9, 0xE7, 0xFA, 0xA6, 0x54, 0xF3,
    0x7A, 0xFB, 0xF9, 0xC3, 0x0B, 0x4C, 0x0D, 0x30, 0xEA, 0xDD, 0x36, 0xF4, 0xF4, 0xB9, 0xAC, 0xD7,
    0xDE, 0x3C, 0x9A, 0xD4, 0xA3, 0xF9, 0x42, 0xB7, 0x2E, 0xD2, 0x8C, 0x65, 0xD4, 0xA5, 0x15, 0xBA,
    0xBE, 0x9A, 0xE9, 0x93, 0x89, 0x10, 0x34, 0x8C, 0x3E, 0x68, 0x18, 0x7D, 0xD8, 0x43, 0xBF, 0x94,
    0x13, 0x4A, 0x8D, 0x42, 0xF0, 0x0A, 0x09, 0xFA, 0x36, 0x9E, 0x46, 0x71, 0xF8, 0x3E, 0x32, 0x5A,
    0xBA, 0xEA, 0x99, 0x79, 0xB8, 0x7D, 0x53, 0xAD, 0x1B, 0xAA, 0x51, 0xAA, 0xD1, 0xF7, 0x6B, 0xA8,
    0x73, 0x24, 0x26, 0xEB, 0x0D, 0x05, 0x79, 0x3D, 0x6A, 0x6C, 0x17, 0xFA, 0x32, 0x11, 0x7D, 0x14,
    0x15, 0xA3, 0x1E, 0x62, 0x7C, 0x7B, 0x59, 0x83, 0xBB, 0x47, 0xB9, 0x88, 0xA2, 0x3A, 0x5E, 0x72,
    0x0B, 0x5C, 0x01, 0xA6, 0x53, 0xB9, 0x62, 0xC2, 0xA0, 0x38, 0x37, 0x74, 0xEB, 0xC4, 0x62, 0x72,
    0x93, 0x8B, 0xAC, 0xA8, 0x92, 0xC8, 0x7C, 0x34, 0x6D, 0x14, 0x87, 0x3D, 0xDA, 0x17, 0x76, 0xAD,
    0x06, 0xB3, 0xC6, 0x0A, 0xC3, 0x32, 0x7D, 0x0E, 0x0A, 0xDA, 0x83, 0x82, 0x18, 0x39, 0x47, 0x9B,
    0x29, 0x82, 0x82, 0x68, 0xB0, 0x34, 0x3D, 0xD1, 0xEC, 0x16, 0xB4, 0x6A, 0x78, 0x86, 0xDA, 0x05,
    0xB1, 0xC4, 0x17, 0xA8, 0x97, 0x46, 0x81, 0x3A, 0x47, 0x71, 0x62, 0x39, 0x82, 0x75, 0x26, 0x2F,
    0x5F, 0x88, 0x52, 0xA2, 0x27, 0x31, 0xA5, 0x95, 0x3C, 0x6B, 0x90, 0xF5, 0xD2, 0xEE, 0xB0, 0x08,
    0x50, 0xEF, 0x35, 0x83, 0x12, 0x34, 0x7F, 0x96, 0xBD, 0x52, 0xBE, 0x2C, 0xC5, 0xD3, 0x24, 0x45,
    0x4C, 0xE5, 0x93, 0x45, 0xD5, 0x4B, 0xEE, 0x1B, 0xA5, 0x29, 0xF9, 0xDB, 0x2A, 0x28, 0xA4, 0xEE,
    0xDD, 0x28, 0x55, 0x00, 0xCA, 0x59, 0xD5, 0xC5, 0x52, 0x4E, 0xAA, 0x03, 0x62, 0x15, 0x54, 0x61,
    0x4C, 0x2E, 0xA8, 0xC6, 0x08, 0x9E, 0xD4, 0x0D, 0xAA, 0xDC, 0xD1, 0xDB, 0xD1, 0x40, 0x7D, 0x5D,
    0xCD, 0x1A, 0xB2, 0xAD, 0x74, 0x37, 0x38, 0x6F, 0x02, 0xFD, 0xC2, 0xF6, 0x81, 0xA1, 0x04, 0x18,
    0x9C, 0x0B, 0x6C, 0xB1, 0x9E, 0x33, 0xDA, 0x7D, 0x08, 0xF3, 0x21, 0xD6, 0x49, 0xAD, 0xD5, 0xD4,
    0x10, 0xF9, 0xD3, 0x9A, 0xD1, 0x61, 0x66, 0x03, 0x22, 0x00, 0x6D, 0xFB, 0x37, 0x56, 0x86, 0x74,
    0x96, 0x0C, 0x0C, 0x8A, 0x0F, 0x2C, 0x89, 0xE0, 0x66, 0x7D, 0xD3, 0x4F, 0xFA, 0x81, 0x35, 0x26,
    0x42, 0xEF, 0x55, 0x72, 0xEB, 0xE6, 0x1C, 0x1A, 0x8D, 0xCB, 0xC4, 0xC0, 0xCC, 0x8C, 0x94, 0x2A,
    0xDE, 0xA4, 0xDA, 0x6A, 0x8D, 0xD7, 0xFB, 0x22, 0x28, 0xD8, 0x58, 0x3C, 0x86, 0x2C, 0x75, 0x08,
    0xDA, 0xA2, 0x3A, 0x85, 0x81, 0xEA, 0xB4, 0x6E, 0x55, 0x2C, 0x27, 0xA8, 0x4E, 0xFE, 0x45, 0xBA,
    0x0E, 0x25, 0x4D, 0xA8, 0x2C, 0x5D, 0x27, 0x4B, 0xD7, 0x8C, 0x76, 0xEC, 0x68, 0x02, 0xED, 0x18,
    0x14, 0xF4, 0xBA, 0x42, 0x1B, 0x42, 0xA7, 0x46, 0x94, 0x4F, 0x90, 0x14, 0x01, 0xA6, 0x04, 0xFE,
    0x56, 0x97, 0x74, 0xCB, 0x5E, 0x91, 0x5E, 0xE8, 0x55, 0xBC, 0xE1, 0x48, 0x6C, 0x06, 0x95, 0x27,
    0x1D, 0xBB, 0xA9, 0x58, 0x3B, 0x55, 0xCC, 0xB1, 0x25, 0x76, 0x86, 0xD1, 0x45, 0xF6, 0x38, 0x4C,
    0x96, 0x77, 0xA3, 0xC6, 0xB6, 0x63, 0xF6, 0x2D, 0x6E, 0xD1, 0xA5, 0x16, 0x9A, 0xC5, 0x1C, 0xD3,
    0xA5, 0x4E, 0x90, 0x39, 0xC6, 0x64, 0x26, 0xFA, 0xB0, 0xA1, 0x5D, 0x7F, 0xC6, 0x94, 0x4D, 0xE2,
    0xF5, 0x06, 0xE2, 0x1E, 0x0F, 0xBE, 0xC8, 0x99, 0xBF, 0x8B, 0xBD, 0x69, 0xEF, 0xF1, 0x2D, 0x1F,
    0x5E, 0xBE, 0xD5, 0xDF, 0x75, 0x85, 0xCB, 0xBE, 0x04, 0x15, 0x44, 0x6F, 0x1D, 0x89, 0x4B, 0xD3,
    0xA1, 0xB4, 0x19, 0x05, 0x6A, 0x5A, 0x0D, 0x8F, 0xAF, 0xB0, 0x08, 0x3D, 0xFB, 0x10, 0x60, 0xFF,
    0x07, 0xBE, 0x25, 0x0F, 0x3E, 0xA9, 0x65, 0xEA, 0x00, 0xCF, 0x7E, 0x4F, 0x2F, 0x4F, 0x0A, 0x79,
    0x5A, 0xD3, 0xC0, 0x5A, 0xC3, 0x3E, 0x89, 0x79, 0x3A, 0x37, 0x46, 0x5F, 0x30, 0x65, 0xD7, 0x84,
    0xA3, 0xDF, 0x5B, 0x65, 0xBA, 0xBE, 0x2E, 0x67, 0xB1, 0x66, 0x51, 0x4D, 0xF6, 0x32, 0x15, 0xB6,
    0x18, 0x30, 0x55, 0xF5, 0x65, 0xF2, 0x76, 0xF1, 0xFF, 0x04, 0x22, 0x06, 0x71, 0xE6, 0x71, 0x66,
    0x6B, 0x2D, 0x95, 0xA2, 0x28, 0x16, 0x34, 0x7B, 0x2E, 0x23, 0x91, 0x66, 0x97, 0xD1, 0x8F, 0x74,
    0x67, 0xD7, 0x13, 0x59, 0xF0, 0xF9, 0x02, 0x2B, 0xF8, 0x64, 0x18, 0x0D, 0x67, 0x43, 0x5D, 0x84,
    0x66, 0x19, 0xF6, 0x86, 0xF5, 0x61, 0xC7, 0x56, 0x77, 0x12, 0x9B, 0x48, 0x15, 0x10, 0x0C, 0x07,
    0xC3, 0x9A, 0x38, 0x6D, 0xDA, 0xBD, 0x55, 0x13, 0xBB, 0x9E, 0x08, 0x43, 0xAE, 0xC8, 0xB6, 0x60,
    0xE2, 0xB6, 0x0E, 0x7A, 0x10, 0x7A, 0x05, 0x5C, 0xB8, 0x01, 0x60, 0xDB, 0x13, 0x53, 0xE4, 0x51,
    0xC2, 0x58, 0x2E, 0xE5, 0xCC, 0x7A, 0x28, 0x27, 0x37, 0x69, 0x71, 0x84, 0x6A, 0x6E, 0x46, 0xA7,
    0xA8, 0x25, 0xAB, 0x88, 0xDE, 0x8F, 0x6E, 0x42, 0xDF, 0xE8, 0xBF, 0x14, 0xFB, 0x26, 0x74, 0x63,
    0xD7, 0x63, 0x68, 0x02, 0x3E, 0xD6, 0xCF, 0x12, 0xA5, 0x55, 0x0A, 0x91, 0xDD, 0xCC, 0x4A, 0x65,
    0xB3, 0x54, 0x88, 0x89, 0xC8, 0x36, 0xF6, 0x4A, 0x8A, 0xCD, 0xC7, 0x14, 0x63, 0x60, 0x8E, 0x57,
    0x37, 0x6A, 0x78, 0xD9, 0x3B, 0x13, 0x8D, 0x74, 0x96, 0x4E, 0x4D, 0xE0, 0x5B, 0xB4, 0xBE, 0x00,
    0xEA, 0x97, 0x3D, 0x99, 0x21, 0x1C, 0x3D, 0x59, 0xC2, 0x76, 0x50, 0xF3, 0x6D, 0xF3, 0x30, 0xF2,
    0xC3, 0xDB, 0x89, 0x1F, 0xBE, 0x0D, 0xB6, 0x69, 0x3A, 0xD7, 0x45, 0x06, 0xB0, 0x63, 0x30, 0x7F,
    0xB9, 0xED, 0x45, 0x9F, 0x12, 0xA0, 0xFC, 0x14, 0xC1, 0xE1, 0x1E, 0x46, 0xE6, 0xF1, 0xC0, 0x21,
    0xA3, 0x3F, 0xC4, 0x06, 0xED, 0x0A, 0xC7, 0xED, 0x55, 0x85, 0x52, 0xDE, 0x51, 0xA8, 0xD5, 0x3F,
    0x41, 0xFB, 0x58, 0x52, 0x28, 0x17, 0x05, 0xA7, 0xC0, 0x51, 0xA6, 0x81, 0xB5, 0xE9, 0x47, 0xB3,
    0x94, 0xB8, 0xA6, 0x3D, 0xFF, 0xCC, 0x59, 0x3E, 0x1C, 0xA1, 0x19, 0x0F, 0xD3, 0x17, 0xFA, 0xD3,
    0x8D, 0xD3, 0x44, 0x1F, 0xCA, 0x23, 0x5F, 0x6C, 0x01, 0x46, 0xC1, 0x32, 0xDC, 0x0C, 0xCC, 0x97,
    0xAD, 0x4C, 0xA2, 0x98, 0xAD, 0x5B, 0x79, 0xB4, 0x64, 0x2B, 0x8F, 0xF9, 0x58, 0x1E, 0x64, 0x05,
    0xE1, 0x58, 0xC7, 0x8A, 0x30, 0xEB, 0x31, 0x2A, 0x7B, 0xEC, 0xC9, 0xCF, 0x81, 0x47, 0xE0, 0x50,
    0xF5, 0x13, 0xD0, 0xF4, 0x1C, 0x5C, 0x90, 0x7C, 0x2F, 0xEA, 0x8C, 0x66, 0xF2, 0x6A, 0xFA, 0x99,
    0xCD, 0x70, 0xAF, 0x59, 0x3F, 0x32, 0xF5, 0x0B, 0x9B, 0x7E, 0xD8, 0xF4, 0xC3, 0xAA, 0x9F, 0x4B,
    0xA6, 0x9F, 0x15, 0x31, 0xF5, 0xCB, 0xA3, 0xD8, 0x55, 0x6C, 0x5C, 0x1E, 0x78, 0x5E, 0xF9, 0x8D,
    0xB3, 0x95, 0x3D, 0x26, 0x9B, 0xB9, 0x37, 0xF8, 0xA0, 0x7B, 0x25, 0x0C, 0x8F, 0x9E, 0x29, 0x00,
    0x3D, 0x61, 0xCC, 0xF0, 0x03, 0xC2, 0x61, 0x97, 0xAB, 0x66, 0x53, 0x77, 0xB3, 0xFE, 0xA3, 0x2E,
    0x64, 0xB0, 0x5E, 0x68, 0x2D, 0xDE, 0x12, 0xF8, 0xBD, 0x53, 0x17, 0x09, 0xBB, 0x79, 0x32, 0xCA,
    0x8D, 0x5A, 0xAA, 0xCA, 0x06, 0x16, 0x59, 0xDF, 0x46, 0x94, 0x9A, 0x52, 0x4D, 0xB9, 0x40, 0xC8,
    0x13, 0x29, 0x32, 0x9D, 0x53, 0xB7, 0x14, 0xD1, 0x46, 0x90, 0x32, 0x32, 0x65, 0x37, 0x5A, 0xAA,
    0xD9, 0xB2, 0xDC, 0x4D, 0x56, 0x62, 0x9E, 0xB3, 0x25, 0x82, 0x52, 0x09, 0x70, 0x93, 0xDE, 0x21,
    0x99, 0x2D, 0x1C, 0x87, 0x4F, 0x35, 0x31, 0x3D, 0x72, 0x02, 0x75, 0xA0, 0x6F, 0x36, 0xA8, 0x12,
    0x5A, 0x2E, 0x3A, 0x11, 0x74, 0xDD, 0xE7, 0x97, 0x56, 0x50, 0x96, 0xD1, 0x47, 0x60, 0x9C, 0xA7,
    0x6A, 0xE1, 0x5A, 0xCC, 0x63, 0x8C, 0xA7, 0x43, 0xF7, 0x5B, 0x67, 0xDA, 0x9B, 0x92, 0xE4, 0xEB,
    0xD6, 0x30, 0xEE, 0xFE, 0x06, 0x81, 0xF5, 0x7F, 0x1C, 0x54, 0x01, 0xBB, 0x33, 0x60, 0xCA, 0x2E,
    0x3A, 0xDB, 0x50, 0x6C, 0x90, 0xCF, 0xD0, 0x7F, 0x78, 0xC9, 0xC1, 0x15, 0xD2, 0x20, 0x32, 0xA6,
    0x8C, 0xE3, 0x36, 0xC1, 0x9B, 0xD3, 0x30, 0x93, 0x1C, 0x60, 0x83, 0x1D, 0xD0, 0xDA, 0xE4, 0x8E,
    0xDE, 0x46, 0x3B, 0xAA, 0xC6, 0x48, 0x28, 0x5D, 0x5D, 0x4C, 0x65, 0x98, 0xBF, 0x8C, 0xC6, 0x12,
    0x30, 0x47, 0xA5, 0xCB, 0xD9, 0xF6, 0xEE, 0x75, 0xF7, 0x56, 0xB2, 0x11, 0xA4, 0x8C, 0x16, 0xC3,
    0x02, 0x66, 0xEC, 0x1E, 0xA0, 0x6F, 0x33, 0x20, 0xD8, 0x11, 0x08, 0xE6, 0xBB, 0xCC, 0x74, 0xB1,
    0x27, 0x06, 0xB8, 0x00, 0xD2, 0xEA, 0xA2, 0xE6, 0xD9, 0xB5, 0xA8, 0xFA, 0x5B, 0x6E, 0x1B, 0x54,
    0xBA, 0x44, 0x60, 0x40, 0x28, 0xA0, 0x24, 0x14, 0x74, 0x51, 0xB5, 0xA8, 0x91, 0x4D, 0xB0, 0x51,
    0x8E, 0xAE, 0x69, 0xD1, 0x17, 0xE0, 0xD4, 0x14, 0xD9, 0x34, 0x26, 0x36, 0xF8, 0x37, 0x6F, 0x5A,
    0x83, 0x3D, 0xB6, 0x7B, 0x5B, 0x99, 0xF5, 0x26, 0x55, 0xAF, 0xF0, 0xBA, 0x8E, 0x4D, 0x45, 0xFF,
    0x85, 0x88, 0xFB, 0x2E, 0x29, 0xDC, 0x23, 0xDC, 0x5D, 0x38, 0xC8, 0xBC, 0xFF, 0x1A, 0x35, 0xB0,
    0xDA, 0xAC, 0xE6, 0x6D, 0x66, 0xB9, 0xD2, 0xA5, 0x9B, 0x62, 0x81, 0xB4, 0x30, 0xBE, 0xD9, 0x3D,
    0xFF, 0xF4, 0xD8, 0x23, 0x55, 0x2B, 0x7C, 0x4D, 0xF9, 0x1D, 0x86, 0x0C, 0xD8, 0xE6, 0xB7, 0xFD,
    0x36, 0xBF, 0x1D, 0x46, 0xB7, 0x74, 0xB2, 0x1F, 0x74, 0x27, 0xFB, 0xC1, 0x7F, 0xD7, 0xBA, 0x8F,
    0x15, 0x72, 0x2C, 0x0E, 0xA7, 0x50, 0x62, 0x26, 0x04, 0x02, 0x27, 0x82, 0x24, 0xBC, 0x2E, 0x6E,
    0x6C, 0x27, 0xE7, 0x3C, 0x1D, 0xBA, 0x8B, 0xA7, 0x6E, 0xCD, 0x56, 0x72, 0xAF, 0xE3, 0x50, 0xFF,
    0xEA, 0x1C, 0xB7, 0x7B, 0x75, 0x8E, 0x03, 0x6A, 0xA7, 0xB7, 0x67, 0xD3, 0xFC, 0x8F, 0xF3, 0x17,
    0xB3, 0xDC, 0xC9, 0x1C, 0x97, 0x9F, 0xCE, 0x71, 0x6F, 0xFC, 0x3D, 0xC3, 0x3B, 0xEE, 0x80, 0x39,
    0x07, 0x42, 0x99, 0xAE, 0xD0, 0x75, 0xAB, 0x3C, 0x3B, 0xEB, 0x4C, 0x6B, 0xB8, 0x1A, 0x70, 0xDD,
    0x9E, 0xC5, 0xCB, 0x68, 0xB4, 0x7A, 0xA7, 0xAB, 0xE8, 0x01, 0xD4, 0x56, 0x1B, 0x18, 0xAD, 0x09,
    0x52, 0x26, 0xCF, 0x11, 0x33, 0x8D, 0x71, 0xE1, 0xD8, 0x8E, 0x98, 0x11, 0xF6, 0xDB, 0x81, 0x3A,
    0x5F, 0xFF, 0x6C, 0x22, 0xA4, 0x1F, 0x0B, 0xDB, 0x2B, 0xEC, 0x8F, 0x69, 0x60, 0x5B, 0xC2, 0xBA,
    0x21, 0xF0, 0x4F, 0x7E, 0xF5, 0x7B, 0x22, 0xB1, 0x91, 0x6C, 0xE9, 0x64, 0x17, 0x21, 0x59, 0x4C,
    0xDA, 0x2A, 0x7E, 0xFF, 0xF4, 0x08, 0x68, 0xB7, 0xCA, 0x65, 0x5F, 0xA5, 0xCC, 0xE3, 0x9D, 0xD3,
    0xD1, 0xE6, 0x95, 0x93, 0x09, 0xF7, 0x95, 0x29, 0x97, 0x4B, 0x58, 0x7A, 0x59, 0x03, 0xCA, 0x37,
    0xBB, 0x79, 0x17, 0xF1, 0xB4, 0x11, 0xBC, 0xFA, 0x06, 0xEF, 0xFF, 0xF1, 0xE2, 0xA7, 0x23, 0x76,
    0xC3, 0x98, 0x8E, 0xD2, 0x59, 0x20, 0x5A, 0xE9, 0xE8, 0xE0, 0xFB, 0x2F, 0xED, 0xB3, 0x00, 0x39,
    0xDF, 0xB8, 0xD8, 0xD8, 0x0E, 0x38, 0xE4, 0xD9, 0x12, 0x96, 0x93, 0x6C, 0x24, 0x3B, 0x0D, 0x1C,
    0x6E, 0x50, 0x36, 0x0B, 0x47, 0x79, 0xAC, 0x60, 0x51, 0xEB, 0x5D, 0xBA, 0x04, 0xE7, 0x19, 0xDB,
    0x69, 0x65, 0x4B, 0xFF, 0xC3, 0x09, 0xE6, 0x70, 0x18, 0x63, 0x3E, 0xCD, 0x55, 0x12, 0x68, 0x10,
    0xA0, 0x80, 0x79, 0xCD, 0x3B, 0x0C, 0x6B, 0xEA, 0xFD, 0xFA, 0x50, 0xAE, 0xA7, 0x67, 0x41, 0x12,
    0x6D, 0xB2, 0xC6, 0x2A, 0x62, 0x53, 0x96, 0x59, 0xBF, 0x51, 0x33, 0x92, 0x2E, 0xF0, 0xFC, 0x33,
    0x33, 0x03, 0x68, 0x0B, 0xA3, 0xB1, 0x34, 0x0A, 0x76, 0x92, 0xF4, 0x53, 0x35, 0xF3, 0x38, 0x3C,
    0xBB, 0xC9, 0x36, 0xDB, 0xED, 0x88, 0xC5, 0x4A, 0xBD, 0x03, 0x25, 0x01, 0xEC, 0xE7, 0x27, 0x0F,
    0x1B, 0xCF, 0x0A, 0xCC, 0xEB, 0x04, 0xFD, 0xCB, 0xB7, 0x8E, 0xFC, 0x7F, 0xD1, 0x3A, 0xE4, 0x37,
    0x37, 0xB7, 0xE4, 0xB0, 0x75, 0x8E, 0xED, 0x3C, 0x8F, 0xC4, 0x72, 0x24, 0xCA, 0xFF, 0xCD, 0x0F,
    0x16, 0xBB, 0x7F, 0x38, 0x6A, 0x83, 0x96, 0x3A, 0x52, 0xBB, 0x6A, 0xA0, 0x72, 0xE3, 0xEB, 0xFC,
    0xA5, 0xE6, 0x03, 0xF9, 0x5D, 0x2D, 0xD2, 0xD5, 0x9D, 0x2A, 0xD1, 0x7C, 0x04, 0x6A, 0x82, 0x45,
    0x0E, 0x63, 0x53, 0xF6, 0xCF, 0x5B, 0x56, 0xFD, 0x3F, 0x3F, 0xB8, 0xBD, 0x36, 0x7F, 0xE5, 0x5C,
    0xF5, 0xD5, 0x23, 0x08, 0x75, 0xB8, 0xB0, 0x64, 0xB7, 0xEE, 0x38, 0xBA, 0x95, 0x83, 0xB2, 0xF5,
    0x49, 0x3F, 0x91, 0xBB, 0xC1, 0x4F, 0x0A, 0xCC, 0xAF, 0xA0, 0x6C, 0xEB, 0x0B, 0x7A, 0xAA, 0x40,
    0xDE, 0x86, 0xD7, 0x7E, 0x1B, 0xDD, 0xFB, 0xC2, 0xF4, 0xB7, 0x4A, 0x66, 0xD7, 0xE8, 0x4D, 0xA8,
    0xE3, 0xCB, 0xCA, 0x1E, 0x7D, 0x33, 0x2A, 0x77, 0xE8, 0xD1, 0xAB, 0xFD, 0xE8, 0xEE, 0x70, 0x5A,
    0xFC, 0x69, 0x69, 0xBE, 0x61, 0x18, 0x7E, 0x8E, 0xCD, 0xC3, 0xA4, 0x8C, 0xD9, 0x83, 0xA1, 0x80,
    0xBE, 0x30, 0x91, 0x47, 0x07, 0x86, 0x03, 0x43, 0x45, 0x0F, 0xE7, 0x2A, 0x9D, 0xCA, 0x6B, 0x00,
    0xCD, 0xBF, 0xDB, 0xB5, 0x9D, 0xD5, 0x9B, 0x81, 0x2A, 0x8C, 0x1D, 0x35, 0xE9, 0x06, 0x25, 0x8E,
    0x54, 0x1D, 0xF5, 0x41, 0x4B, 0x52, 0xC5, 0xBB, 0xDE, 0xC5, 0x3D, 0xD8, 0xBD, 0x62, 0xBE, 0x28,
    0x21, 0xD2, 0xCD, 0x5F, 0x22, 0x56, 0x93, 0xA8, 0x26, 0x36, 0x05, 0x7F, 0xFB, 0xF3, 0xD2, 0xA8,
    0x8A, 0x8F, 0x9E, 0x70, 0x9E, 0xF5, 0xB8, 0x0B, 0x88, 0x38, 0xFC, 0x25, 0x16, 0xEA, 0x97, 0xD9,
    0x46, 0x9E, 0xC4, 0xCA, 0x89, 0x11, 0xFA, 0x2F, 0x47, 0xB0, 0xDF, 0xE1, 0xF9, 0xCD, 0xF5, 0xAC,
    0xD6, 0x11, 0x00, 0xCC, 0x2C, 0x4E, 0xCB, 0x0E, 0xEB, 0x5F, 0xB5, 0x02, 0x26, 0x96, 0x64, 0x22,
    0xA0, 0x2E, 0xB8, 0xEF, 0xB1, 0x79, 0x99, 0xAA, 0x27, 0x31, 0xA7, 0x7B, 0x15, 0x2A, 0xDB, 0x7D,
    0x71, 0x14, 0x3A, 0x0A, 0xF0, 0x4C, 0x78, 0xFD, 0x39, 0xA1, 0x2B, 0xD6, 0xA0, 0x9A, 0xA7, 0x04,
    0x1D, 0x55, 0xCB, 0xB0, 0x74, 0xD6, 0x42, 0x47, 0x47, 0xA2, 0x3C, 0xF3, 0xDA, 0x4A, 0xD6, 0xFC,
    0xF2, 0x44, 0x32, 0x97, 0x59, 0xEF, 0x94, 0xE6, 0x41, 0x33, 0x59, 0xA7, 0xE2, 0x70, 0xCB, 0xDC,
    0x9B, 0xAA, 0x49, 0x49, 0xDB, 0x82, 0x46, 0x3F, 0x74, 0xEC, 0x9D, 0x7C, 0x41, 0xC9, 0x81, 0x43,
    0xB3, 0xE4, 0x27, 0xBD, 0xF3, 0x70, 0x95, 0x6A, 0x6C, 0x87, 0x9A, 0x99, 0x55, 0x01, 0xB6, 0xFF,
    0xDA, 0x24, 0x47, 0x53, 0x80, 0x60, 0x19, 0x32, 0xE6, 0x83, 0x65, 0x88, 0x48, 0xCD, 0x5C, 0x8B,
    0x66, 0xC4, 0xD0, 0x6C, 0x3D, 0xAF, 0x1B, 0x8D, 0xFF, 0x15, 0x0F, 0xCE, 0xCF, 0xD4, 0x0E, 0x5E,
    0xA3, 0xB1, 0x0D, 0x7A, 0xC6, 0xBD, 0xDA, 0xF0, 0x39, 0x7E, 0xB8, 0x68, 0x95, 0xF7, 0x6B, 0xCD,
    0xA5, 0x95, 0x8B, 0x65, 0x65, 0x06, 0xBB, 0x25, 0xD3, 0xAB, 0xC6, 0x82, 0x29, 0xFB, 0x47, 0xAA,
    0x45, 0x75, 0x6C, 0x2C, 0x20, 0xDB, 0x71, 0xC7, 0x98, 0x4B, 0xDC, 0x78, 0xE9, 0x74, 0x77, 0xE5,
    0xAF, 0xC5, 0xB2, 0x1E, 0x1C, 0x4D, 0xD8, 0x3A, 0x95, 0x9C, 0x1D, 0x1D, 0xDA, 0x26, 0x5D, 0x67,
    0x38, 0x31, 0x8A, 0x92, 0xAD, 0x60, 0x8A, 0x90, 0xCC, 0xCA, 0x7C, 0xD5, 0xBA, 0x58, 0x95, 0x2E,
    0xD3, 0xB5, 0x74, 0x5E, 0xAB, 0x0E, 0xC5, 0x62, 0x1E, 0x32, 0xAA, 0xA6, 0x1C, 0xF2, 0x6B, 0x6B,
    0x46, 0x0F, 0xE7, 0xD5, 0x3D, 0x24, 0x21, 0xA9, 0x6F, 0x2D, 0x98, 0xC7, 0x63, 0xA0, 0x5F, 0x88,
    0x9D, 0x21, 0x92, 0xC2, 0xCE, 0x30, 0x4F, 0xB0, 0x4E, 0x03, 0x93, 0x47, 0xF4, 0x81, 0xD8, 0x0C,
    0xD4, 0x05, 0xBD, 0x22, 0x1D, 0x46, 0x37, 0x11, 0x0B, 0x73, 0x5D, 0x69, 0xE8, 0x9F, 0x24, 0x4D,
    0xF2, 0xE6, 0xFB, 0xC5, 0xF7, 0x82, 0x5B, 0xD1, 0xAB, 0x9D, 0x9F, 0x28, 0xEE, 0x51, 0x68, 0xFF,
    0x2B, 0x52, 0x39, 0xF3, 0x07, 0xCB, 0x52, 0x43, 0xEF, 0xE6, 0x2A, 0xB8, 0xE0, 0xF5, 0xAE, 0x42,
    0x37, 0x10, 0xC5, 0x2E, 0x4B, 0x2E, 0xEA, 0x80, 0x40, 0x1D, 0x0C, 0x1D, 0x51, 0x0B, 0x68, 0xA2,
    0xB2, 0x5F, 0xDB, 0x4E, 0xFE, 0x8E, 0xE2, 0x1E, 0xEF, 0x44, 0x7E, 0xD1, 0x2A, 0xDB, 0xD0, 0x4E,
    0x3F, 0xE2, 0x1F, 0xFE, 0x9C, 0x44, 0xF0, 0x2F, 0x3F, 0x25, 0xC9, 0xF0, 0xC7, 0x8F, 0x39, 0x3D,
    0x54, 0x3F, 0x42, 0x63, 0xE8, 0x46, 0x58, 0x1F, 0x46, 0xAD, 0x2B, 0x0F, 0x68, 0x99, 0x55, 0xB6,
    0x5A, 0x35, 0x59, 0xD7, 0x65, 0xF8, 0x0A, 0x32, 0xC3, 0xB7, 0xB1, 0xF5, 0x0B, 0x3F, 0x4A, 0xF3,
    0xEF, 0x13, 0x1D, 0x20, 0xE0, 0xFA, 0x5D, 0x9F, 0xE1, 0x5D, 0x65, 0x36, 0xAB, 0x3C, 0x32, 0xAB,
    0xAE, 0x26, 0xE5, 0x35, 0x9B, 0x8E, 0xBC, 0x65, 0xD5, 0x62, 0xC3, 0x85, 0x71, 0xCA, 0xF0, 0x77,
    0x4F, 0x92, 0xE4, 0x9A, 0x4D, 0xEE, 0x31, 0x67, 0xCA, 0x3C, 0xB9, 0x7B, 0xD4, 0x49, 0xB5, 0x32,
    0xAE, 0x66, 0x7F, 0x47, 0x79, 0xD6, 0xA6, 0xF3, 0x25, 0x54, 0x2D, 0xFE, 0x16, 0x46, 0x6D, 0xD1,
    0xA3, 0x45, 0xED, 0x1F, 0x2B, 0xEA, 0x7F, 0xFE, 0x09, 0x04, 0xB5, 0xEA, 0x6F, 0x97, 0x75, 0x60,
    0x1F, 0xAD, 0x07, 0xD3, 0x7C, 0x4E, 0x4D, 0xB4, 0x5C, 0x97, 0x4B, 0xAA, 0x02, 0x77, 0x1B, 0xD9,
    0x25, 0x29, 0x27, 0x88, 0xED, 0x07, 0x4A, 0xE0, 0x55, 0x1F, 0x87, 0x1D, 0xA3, 0x32, 0x7D, 0x9E,
    0x80, 0xBE, 0x9C, 0x8A, 0x88, 0xA6, 0x2F, 0x43, 0xF5, 0x0C, 0xBE, 0xAF, 0x82, 0x7F, 0x9C, 0xFC,
    0xE0, 0xC6, 0xE6, 0x9B, 0xC5, 0x8F, 0x7E, 0xC4, 0x2D, 0x75, 0xA2, 0xBF, 0xAB, 0x8E, 0x77, 0xA1,
    0xB9, 0xA5, 0xB6, 0x57, 0x96, 0xE0, 0x00, 0x1D, 0x79, 0xB4, 0x99, 0x2E, 0x23, 0x8D, 0xF4, 0xCC,
    0x9F, 0xA0, 0xB5, 0x4E, 0x0A, 0xD9, 0x86, 0x00, 0x9B, 0x0B, 0x2C, 0xB8, 0x33, 0xFA, 0x63, 0xB6,
    0x89, 0x03, 0x89, 0xAF, 0xDB, 0x4F, 0x71, 0x26, 0xA4, 0x4A, 0x14, 0x49, 0x9D, 0xBF, 0x56, 0x6A,
    0xEE, 0xE0, 0x13, 0xDA, 0xF7, 0x15, 0xDE, 0x59, 0x74, 0xD5, 0x8F, 0x91, 0xD3, 0xB5, 0xFA, 0x5F,
    0x52, 0x19, 0x46, 0x65, 0xCC, 0x93, 0x51, 0xB1, 0x28, 0x1D, 0x4F, 0xD1, 0x46, 0xDB, 0x55, 0x99,
    0x5E, 0x6E, 0x2D, 0xA0, 0x35, 0x7D, 0x67, 0x0E, 0xC1, 0xFB, 0x58, 0x32, 0xB1, 0xD4, 0x3C, 0x6B,
    0x76, 0xAD, 0xD0, 0x2E, 0xD9, 0xA6, 0x1A, 0x6B, 0x65, 0x66, 0x13, 0xCD, 0x65, 0x22, 0xEE, 0x17,
    0x7F, 0x7B, 0x96, 0x3C, 0xFA, 0x5B, 0xB3, 0x7A, 0xB6, 0xB9, 0x15, 0x45, 0xD3, 0xF8, 0xE3, 0x28,
    0x7E, 0xC0, 0xDB, 0x51, 0x9A, 0x1E, 0x7B, 0xDB, 0xF9, 0xB7, 0x4A, 0xD5, 0xCE, 0x67, 0x0F, 0x54,
    0x09, 0x6B, 0x9D, 0x04, 0xFB, 0x88, 0xB6, 0xED, 0xD3, 0xF9, 0xF5, 0xC5, 0x1E, 0xC0, 0x0D, 0xDC,
    0xCE, 0xF9, 0xF5, 0x3A, 0xBA, 0xD3, 0xD6, 0xD6, 0x06, 0xB6, 0xE6, 0x76, 0xB2, 0xEE, 0x75, 0xDE,
    0xC0, 0xF2, 0x9F, 0xD7, 0x74, 0x78, 0x80, 0xF9, 0xCD, 0x04, 0x5B, 0xAE, 0xD9, 0x52, 0x7B, 0x64,
    0xF8, 0x2B, 0x0D, 0x9A, 0xF9, 0x46, 0xF3, 0x2B, 0x30, 0xDD, 0x16, 0x7B, 0x28, 0xA3, 0x65, 0x5A,
    0x10, 0x52, 0x35, 0x3B, 0x3E, 0xF8, 0x60, 0x0D, 0xB9, 0x9A, 0x1B, 0x2B, 0x4A, 0xD5, 0xB4, 0x1B,
    0xEC, 0xC1, 0x7E, 0x96, 0x65, 0xBB, 0xD7, 0xEC, 0xAB, 0xBB, 0xF1, 0xA5, 0x9F, 0x53, 0xFB, 0x75,
    0x71, 0xB4, 0x4A, 0x49, 0xB9, 0xDE, 0xD2, 0x5F, 0x1A, 0xEE, 0xCE, 0x3C, 0x7C, 0x0F, 0x5D, 0x6F,
    0xC9, 0xF7, 0x1D, 0x44, 0x18, 0x99, 0xA7, 0x51, 0x79, 0x53, 0x3E, 0x27, 0x27, 0x0B, 0xB6, 0x89,
    0xD1, 0x0C, 0xB4, 0x80, 0x94, 0x53, 0xF9, 0x63, 0xF2, 0xBD, 0x94, 0xC1, 0xDD, 0x23, 0x6B, 0x12,
    0xDE, 0x5A, 0x94, 0xDD, 0xA8, 0x1E, 0x56, 0xF6, 0x23, 0xD4, 0xF1, 0x83, 0xF8, 0xBB, 0xA9, 0x98,
    0xDD, 0x20, 0xCD, 0xAD, 0x45, 0x3B, 0xCA, 0x68, 0x3B, 0xC6, 0x6F, 0xD5, 0x6F, 0x95, 0xF5, 0xFA,
    0xE2, 0x1E, 0x6E, 0xD8, 0x48, 0x75, 0x6C, 0x29, 0xBF, 0xC5, 0x7D, 0x3E, 0x72, 0x49, 0x8B, 0xBC,
    0x61, 0x2F, 0xF9, 0xC4, 0x59, 0x6B, 0x57, 0x0B, 0xBF, 0x64, 0x5E, 0x3F, 0xCE, 0xC8, 0x74, 0xFE,
    0xF9, 0x75, 0xF0, 0xDF, 0xAB, 0xDB, 0x53, 0x6D, 0x12, 0x06, 0x7D, 0xBE, 0x30, 0xC9, 0x52, 0x2D,
    0xC4, 0x3C, 0x19, 0xE2, 0x05, 0x96, 0x49, 0x21, 0xEB, 0x16, 0x0E, 0xFC, 0xE6, 0x13, 0x3B, 0x23,
    0xDB, 0xB2, 0x0E, 0x54, 0xC4, 0xA7, 0xB3, 0xE3, 0x44, 0xDE, 0x8C, 0x44, 0x9F, 0x2E, 0x27, 0xC5,
    0x93, 0x7E, 0xB6, 0x23, 0x6E, 0xD7, 0x7F, 0x02, 0xCD, 0x58, 0x05, 0x8C, 0xE6, 0x48, 0x73, 0x2D,
    0xDB, 0xBB, 0xEB, 0x9C, 0xAC, 0x9C, 0x03, 0xC7, 0xE4, 0x13, 0x86, 0xD3, 0xE2, 0xF0, 0xDA, 0x61,
    0x71, 0x8E, 0xC5, 0x61, 0x66, 0xE6, 0xC4, 0x0E, 0x8B, 0x33, 0x11, 0x45, 0x18, 0x66, 0x66, 0x4E,
    0xEC, 0x30, 0x27, 0x7D, 0x24, 0x08, 0xFA, 0x98, 0xEF, 0x7C, 0x1A, 0xDF, 0x9E, 0x67, 0xC7, 0xF6,
    0x4B, 0xBD, 0xF2, 0x67, 0x7F, 0xDF, 0xEC, 0xE4, 0x67, 0x6C, 0xED, 0xBC, 0xEA, 0x1D, 0xD9, 0xDD,
    0xF5, 0x5E, 0x41, 0xB7, 0x47, 0x74, 0x3C, 0x20, 0x51, 0x1F, 0x4F, 0x22, 0x63, 0xA6, 0x50, 0x97,
    0x8D, 0x48, 0x39, 0x8B, 0xDC, 0x0E, 0x54, 0x92, 0x03, 0x9D, 0x38, 0xA0, 0x97, 0xF4, 0xA8, 0x1C,
    0xE4, 0x82, 0x64, 0x83, 0x88, 0x64, 0xBD, 0x48, 0x50, 0xB7, 0x12, 0xF2, 0x91, 0x08, 0xA3, 0x28,
    0xA0, 0x10, 0xB9, 0x04, 0x7D, 0x57, 0x6A, 0xBF, 0x02, 0xBC, 0x04, 0x5F, 0x87, 0x26, 0x00, 0x50,
    0xA4, 0xC0, 0xC4, 0x95, 0x8E, 0x24, 0xBF, 0x7A, 0x8F, 0x08, 0x77, 0xD9, 0xC1, 0x55, 0x7D, 0xD6,
    0xF6, 0xC9, 0x08, 0x21, 0x41, 0xC7, 0x07, 0x89, 0xBA, 0x54, 0x57, 0x59, 0x9F, 0x8C, 0x82, 0xCA,
    0x75, 0xE9, 0x18, 0xA0, 0xD8, 0x99, 0xBC, 0x4B, 0x87, 0x10, 0x92, 0xB7, 0x59, 0x1F, 0x41, 0x4A,
    0xEF, 0xBA, 0x68, 0x96, 0xBA, 0xC9, 0x3B, 0x7D, 0x05, 0x4D, 0xDE, 0xDA, 0x2B, 0x79, 0x6B, 0xCF,
    0x96, 0x3E, 0x1D, 0xF5, 0xD9, 0xB2, 0x4D, 0x07, 0x7D, 0x36, 0xEF, 0xB2, 0x3E, 0x9D, 0x24, 0x9F,
    0xBF, 0xEE, 0x8D, 0x7A, 0xA4, 0x3B, 0xDC, 0x2D, 0xA5, 0x69, 0xB8, 0x33, 0x94, 0xF7, 0xE2, 0x24,
    0x29, 0x34, 0x44, 0xC1, 0xCE, 0x54, 0x44, 0x5D, 0x90, 0x26, 0x84, 0x6C, 0x86, 0xE3, 0xE2, 0x3D,
    0x66, 0xF2, 0x6E, 0x31, 0xAD, 0x99, 0xD2, 0xCB, 0xC1, 0x32, 0xE7, 0x57, 0x8B, 0x10, 0xE0, 0xD3,
    0x50, 0x44, 0x08, 0x11, 0xA2, 0x88, 0xE7, 0x88, 0x26, 0x99, 0xA2, 0x99, 0x66, 0x34, 0x93, 0x8E,
    0xF1, 0x64, 0x46, 0xFF, 0x0F, 0xD5, 0x3E, 0xA5, 0x71, 0xFD, 0x46, 0x25, 0x9E, 0x69, 0xBA, 0x64,
    0x52, 0x43, 0x6D, 0xD4, 0xE8, 0xA4, 0xA7, 0x69, 0xEB, 0x4E, 0x69, 0xD6, 0xA7, 0x68, 0xA8, 0x2B,
    0x20, 0x92, 0x28, 0x0E, 0xF4, 0x04, 0x46, 0x22, 0xF8, 0xFF, 0x18, 0x45, 0x3B, 0x33, 0x2F, 0x66,
    0x32, 0x13, 0x2F, 0x46, 0x55, 0x3D, 0x18, 0x19, 0x3C, 0xDF, 0x62, 0xF0, 0x53, 0x5B, 0x3E, 0x37,
    0x11, 0xA1, 0x81, 0xF1, 0x01, 0xBC, 0xD4, 0x5D, 0x84, 0x42, 0x1D, 0x49, 0x20, 0x8A, 0xAA, 0x39,
    0xFD, 0x1E, 0x89, 0xE6, 0x4E, 0xBF, 0x68, 0x9F, 0x1F, 0x20, 0xD5, 0x2B, 0x5B, 0x22, 0xBC, 0x62,
    0x80, 0x26, 0xEF, 0xD5, 0xA1, 0xCA, 0x8D, 0xEA, 0xBA, 0xA4, 0x4A, 0x75, 0xD2, 0xC9, 0x29, 0x06,
    0x66, 0x1B, 0x5A, 0x11, 0x18, 0x91, 0x0C, 0xBD, 0xE8, 0xB8, 0x81, 0x20, 0x5F, 0x61, 0x9E, 0x75,
    0x24, 0x39, 0x59, 0x40, 0x25, 0xC6, 0x8F, 0xAB, 0x80, 0x93, 0xAE, 0x96, 0x0D, 0x4C, 0x8E, 0x8E,
    0x40, 0x57, 0xCB, 0x0D, 0xEA, 0x17, 0x7F, 0x05, 0x55, 0xED, 0x43, 0x26, 0x0B, 0xF3, 0xA9, 0xE3,
    0x5E, 0x73, 0x3D, 0x2E, 0x09, 0x99, 0x90, 0x56, 0x80, 0x89, 0x61, 0x2E, 0x96, 0xC8, 0xD5, 0x15,
    0x1A, 0x5D, 0xB8, 0x31, 0x6D, 0x1B, 0x8D, 0x6C, 0x6E, 0x58, 0xF7, 0x85, 0x22, 0x1A, 0x29, 0x1B,
    0x5D, 0x4B, 0x91, 0x6A, 0x96, 0x5E, 0xA3, 0x23, 0xB9, 0x66, 0x21, 0xD1, 0xF5, 0x44, 0x72, 0xD4,
    0x00, 0x79, 0x22, 0x1A, 0xC5, 0x27, 0x48, 0xC4, 0x3D, 0x05, 0x51, 0x7C, 0x6E, 0x22, 0xBE, 0x34,
    0x92, 0xC9, 0x6B, 0xFD, 0xCA, 0x47, 0x52, 0x78, 0xC3, 0xC6, 0xB0, 0x30, 0x94, 0x65, 0x04, 0x45,
    0xDE, 0xAA, 0xAE, 0x0A, 0x50, 0x08, 0x15, 0x54, 0xFB, 0xA7, 0x55, 0xFA, 0x59, 0x2C, 0x29, 0x1C,
    0x53, 0x22, 0x53, 0x7D, 0x15, 0x74, 0xD3, 0xB4, 0x43, 0x23, 0xE9, 0x15, 0x88, 0xA4, 0x6F, 0xCE,
    0x0A, 0xA7, 0x23, 0x73, 0x63, 0x20, 0x74, 0xA2, 0xB4, 0x5A, 0x42, 0x23, 0xC2, 0xF8, 0xC9, 0x6D,
    0x3F, 0xF5, 0x2B, 0x56, 0xF0, 0xA4, 0x9D, 0x0C, 0x25, 0x7F, 0x3D, 0x3A, 0x45, 0x99, 0x92, 0x56,
    0xF1, 0x72, 0xD8, 0xC9, 0xE1, 0x78, 0xBF, 0x93, 0xE7, 0x23, 0x7F, 0x4C, 0xFD, 0x77, 0xAF, 0x93,
    0x6C, 0x5F, 0x17, 0x12, 0x0D, 0xB9, 0x06, 0x73, 0x4C, 0xF5, 0xE1, 0xEF, 0x89, 0x48, 0xE0, 0x3D,
    0xAF, 0xA0, 0x9C, 0xAB, 0x1A, 0x1B, 0x56, 0x3A, 0x1C, 0xBB, 0xFA, 0xE1, 0x58, 0x8B, 0xC8, 0x06,
    0xA6, 0x78, 0xF7, 0x70, 0x80, 0x56, 0x8C, 0xA4, 0xB0, 0x1C, 0xA4, 0xA4, 0x1F, 0xE5, 0x52, 0x58,
    0x9C, 0xC2, 0xA7, 0x94, 0xB0, 0x77, 0x5D, 0x80, 0xC6, 0x74, 0xEC, 0x33, 0x16, 0x5F, 0x66, 0x53,
    0x6B, 0x91, 0x6E, 0xB0, 0x22, 0xEC, 0xD9, 0x28, 0x7A, 0x9B, 0x0E, 0xFA, 0xA0, 0x15, 0x9C, 0x4E,
    0x5D, 0x6F, 0xD3, 0xBA, 0x4D, 0x86, 0xBC, 0xB5, 0x29, 0x7C, 0x32, 0x32, 0x6E, 0xBD, 0xBA, 0xD9,
    0xC4, 0x23, 0x0F, 0x82, 0x81, 0x7B, 0xC7, 0x13, 0x44, 0xDC, 0x48, 0x6D, 0x23, 0xCC, 0xA6, 0x74,
    0x39, 0xE9, 0xD4, 0xF8, 0x03, 0x7C, 0x66, 0x90, 0x5D, 0x79, 0x86, 0xE6, 0xB2, 0xD5, 0x68, 0x68,
    0x44, 0xAC, 0x50, 0xD5, 0xC5, 0xB5, 0x5A, 0xC3, 0xBD, 0x3A, 0xEA, 0xE2, 0x3A, 0xC8, 0x65, 0x37,
    0xCA, 0x51, 0x36, 0x59, 0xBA, 0xFD, 0xD4, 0xEF, 0xA7, 0xB2, 0x4D, 0x9F, 0x96, 0xAD, 0xFE, 0x6D,
    0x30, 0x2B, 0x2C, 0xDB, 0xD8, 0x09, 0x74, 0x16, 0xA2, 0xB2, 0x76, 0x60, 0x15, 0x1E, 0xE3, 0x25,
    0xD6, 0xBA, 0x46, 0x37, 0x9D, 0xD5, 0x21, 0xCB, 0xBE, 0x6C, 0xB4, 0xA3, 0xC3, 0x0D, 0x64, 0xCD,
    0x99, 0xEA, 0x60, 0xCD, 0xC2, 0x31, 0xE2, 0x65, 0x6B, 0x33, 0x34, 0xCB, 0x2C, 0x7B, 0x5D, 0x7D,
    0xAF, 0x7D, 0x80, 0x2A, 0x3B, 0x86, 0xE8, 0x4C, 0xE5, 0x4E, 0xDF, 0x9C, 0xD8, 0xBF, 0x62, 0x30,
    0x1F, 0x28, 0x6C, 0xA6, 0xCB, 0xD3, 0xEF, 0x7C, 0x06, 0x3B, 0x58, 0x2B, 0x6B, 0x3F, 0x69, 0x44,
    0xC1, 0x4A, 0xA4, 0xA2, 0x20, 0xD3, 0xCA, 0x9F, 0xED, 0x25, 0x9E, 0x37, 0x21, 0x36, 0xF6, 0x6E,
    0x58, 0x67, 0x9B, 0x0C, 0xD8, 0x54, 0xC0, 0xA6, 0x22, 0x36, 0xE5, 0xD4, 0x61, 0x1B, 0xC1, 0xEF,
    0x11, 0xA3, 0x91, 0x58, 0x5A, 0x05, 0x03, 0xCC, 0x04, 0x3B, 0xE7, 0xA0, 0xA3, 0x8A, 0x70, 0xAA,
    0x27, 0x44, 0x82, 0xEF, 0x3B, 0x42, 0x9B, 0xCE, 0xFA, 0x66, 0xE7, 0x46, 0x4B, 0xAB, 0x9E, 0x58,
    0x76, 0xC4, 0xBA, 0x25, 0xC2, 0x1B, 0x36, 0x2B, 0x96, 0x86, 0x75, 0x4B, 0x84, 0x87, 0x67, 0xA6,
    0xD4, 0x2D, 0x93, 0xA4, 0xEC, 0x6F, 0x48, 0x21, 0xF9, 0x34, 0xD7, 0x13, 0x19, 0x63, 0xE0, 0xB6,
    0x96, 0x10, 0xE6, 0xAB, 0xC3, 0xD3, 0xDB, 0x09, 0x13, 0x0C, 0xB2, 0x1F, 0xD7, 0x11, 0x4A, 0xF3,
    0x72, 0x5C, 0x4E, 0x29, 0xBE, 0xE1, 0xF9, 0xB2, 0x76, 0xE4, 0x32, 0xA7, 0x6B, 0xAE, 0x57, 0xCF,
    0xB2, 0x21, 0xEF, 0x14, 0xCA, 0x96, 0xE0, 0xF5, 0x77, 0xBC, 0x40, 0xF4, 0xA5, 0xA7, 0xC7, 0xAD,
    0xBA, 0x94, 0x5F, 0xB9, 0x82, 0xC6, 0x91, 0x5E, 0x4A, 0xA6, 0x91, 0x91, 0xAE, 0x8D, 0x7F, 0xCF,
    0xBC, 0xDB, 0xA9, 0xF3, 0x41, 0x6B, 0xEE, 0x1D, 0x99, 0x4D, 0x31, 0x17, 0xB4, 0xD9, 0x4E, 0xBE,
    0x5B, 0x3F, 0xF6, 0x52, 0x25, 0x1C, 0xF9, 0x4E, 0xE0, 0x6C, 0x67, 0x13, 0x59, 0xC6, 0xA7, 0xEC,
    0xEC, 0x3D, 0x72, 0x30, 0x42, 0x65, 0x57, 0x0E, 0x0C, 0xF5, 0x1C, 0x01, 0x76, 0x0E, 0xA9, 0x6D,
    0x58, 0xED, 0xFA, 0xD3, 0xC6, 0xF0, 0xDF, 0x2C, 0x0F, 0x2B, 0x1F, 0x88, 0x58, 0x75, 0x8E, 0x4B,
    0x80, 0x2D, 0xC4, 0x46, 0xCC, 0xEC, 0x58, 0x9A, 0x35, 0x8E, 0x66, 0x17, 0x97, 0x1C, 0xED, 0x47,
    0x1E, 0xE9, 0x7B, 0x68, 0xC4, 0xF8, 0xAA, 0xAD, 0x75, 0x4A, 0xCB, 0x69, 0x0B, 0x4F, 0x0B, 0x5F,
    0xB7, 0x01, 0x83, 0xDB, 0x94, 0x1D, 0x2F, 0x13, 0x28, 0xF2, 0x29, 0x81, 0x2F, 0x67, 0x71, 0xE0,
    0x60, 0x01, 0x73, 0x74, 0xD4, 0xE6, 0xDF, 0x61, 0x3D, 0x7B, 0x0A, 0x70, 0x62, 0x9D, 0x50, 0x2E,
    0x8A, 0x8D, 0xC0, 0xD0, 0xC8, 0x30, 0x4B, 0x97, 0xA8, 0x79, 0x73, 0x38, 0xFC, 0x01, 0xFF, 0xC5,
    0xA6, 0x44, 0xB7, 0x3C, 0xB9, 0x18, 0x69, 0x0D, 0xE3, 0x66, 0x8D, 0xE6, 0x36, 0x82, 0x2F, 0x91,
    0x8B, 0x2A, 0xB2, 0x33, 0x17, 0x84, 0x27, 0x2E, 0x1A, 0xAA, 0x52, 0xA2, 0x4D, 0xF0, 0x52, 0xF1,
    0x89, 0xB0, 0xFB, 0x81, 0xD2, 0xA1, 0x0C, 0x8C, 0x71, 0x77, 0x68, 0xCA, 0x36, 0xFC, 0x15, 0x71,
    0x9D, 0x56, 0xEE, 0x2C, 0xB9, 0x9A, 0x78, 0x52, 0x53, 0xD3, 0x94, 0x6D, 0x69, 0x77, 0x3D, 0xCF,
    0x62, 0x53, 0xB6, 0xF9, 0x0C, 0x1D, 0x85, 0x23, 0xB2, 0xF8, 0xA6, 0x1C, 0x83, 0x84, 0xDC, 0xC4,
    0x0B, 0x69, 0xDD, 0x20, 0x07, 0x23, 0xE2, 0xA3, 0x3B, 0x2B, 0xB4, 0x6F, 0x9C, 0x7C, 0x0F, 0x6D,
    0xD8, 0x74, 0x1F, 0x2F, 0xE7, 0x46, 0x36, 0x08, 0x1B, 0x42, 0xEB, 0xCC, 0x9A, 0xA7, 0x65, 0xCB,
    0xEB, 0x4A, 0x4F, 0x5B, 0xFB, 0xBC, 0x57, 0xB0, 0xFB, 0xC5, 0xD2, 0x17, 0xD4, 0x82, 0xC7, 0x9C,
    0x59, 0xBB, 0xAD, 0xB1, 0x93, 0x92, 0x80, 0xFA, 0x69, 0xF7, 0xB5, 0x84, 0xCD, 0x5A, 0x6D, 0x8A,
    0xC6, 0x16, 0x75, 0x7C, 0x59, 0x6D, 0xAE, 0xBA, 0xB4, 0x64, 0xC8, 0x03, 0x94, 0xA1, 0xAE, 0x1F,
    0x46, 0x25, 0xEE, 0xCA, 0x54, 0x3E, 0x0A, 0xF5, 0xE3, 0x74, 0x2C, 0x5F, 0x9A, 0xD5, 0x62, 0xC8,
    0x97, 0xBB, 0x97, 0xBE, 0xD0, 0xD3, 0xB6, 0x8E, 0x2D, 0x46, 0xA9, 0x66, 0x68, 0xEC, 0xFC, 0xB1,
    0x63, 0x90, 0x8D, 0x69, 0xB2, 0x18, 0xFC, 0xCA, 0xAF, 0xFC, 0x4A, 0x21, 0x56, 0x84, 0xD5, 0x62,
    0x2C, 0x72, 0x7F, 0x64, 0x59, 0x5C, 0xDD, 0x7D, 0x8B, 0x5C, 0x33, 0x54, 0xE7, 0x45, 0x6E, 0x3A,
    0xDB, 0xD6, 0xF4, 0xB9, 0xF6, 0x6A, 0xD8, 0x26, 0x6B, 0x7A, 0x8E, 0x8A, 0x46, 0x29, 0xD6, 0x8D,
    0x1B, 0x23, 0xF0, 0xFE, 0x3D, 0xC6, 0x93, 0x1A, 0x8C, 0xE9, 0x28, 0xF5, 0x5F, 0x62, 0xCC, 0x7A,
    0x51, 0x9F, 0x47, 0xB2, 0xFA, 0xCF, 0xD3, 0xA9, 0x54, 0x32, 0xAF, 0x1D, 0xCF, 0xF6, 0x51, 0xF1,
    0x08, 0xC0, 0x74, 0xF8, 0x7E, 0x4C, 0x64, 0x12, 0xB0, 0x3E, 0xD3, 0xD9, 0xBA, 0x9B, 0xAE, 0x5F,
    0x37, 0x07, 0xB2, 0x33, 0xED, 0x02, 0x8B, 0x54, 0x6A, 0x98, 0x9B, 0xE3, 0xF5, 0x1C, 0xFC, 0xB9,
    0x04, 0xFA, 0xFC, 0x05, 0x51, 0x39, 0x85, 0x74, 0x15, 0xB8, 0x06, 0x71, 0x24, 0xAE, 0x95, 0x45,
    0xCC, 0x7B, 0xC3, 0xEE, 0x1C, 0xF6, 0x86, 0x03, 0xD1, 0x8D, 0x44, 0xD5, 0xEC, 0x02, 0x91, 0xD2,
    0x2E, 0x7D, 0x43, 0x00, 0x3E, 0xE5, 0x60, 0x6F, 0x94, 0x87, 0xD8, 0xEE, 0x7B, 0x2D, 0x9A, 0x0D,
    0x35, 0xF8, 0xFB, 0xC3, 0xED, 0x2B, 0x0A, 0xA5, 0xA0, 0x94, 0xAC, 0xFA, 0x87, 0x18, 0xCF, 0xF6,
    0x29, 0xCC, 0xB7, 0xDD, 0x39, 0x6C, 0x6B, 0xD9, 0x4A, 0xF5, 0xEE, 0x87, 0xF3, 0xB2, 0x0F, 0x24,
    0xC7, 0xAC, 0xAF, 0x4E, 0xD6, 0x0C, 0x03, 0x8C, 0xCC, 0x40, 0x16, 0x83, 0xFD, 0xD8, 0x8B, 0xF9,
    0xFA, 0xA2, 0x5F, 0xB7, 0xB7, 0x18, 0x5E, 0x16, 0x15, 0xE5, 0xCF, 0xD8, 0xAD, 0xF8, 0xFC, 0x53,
    0x76, 0x1F, 0xF1, 0x16, 0xCF, 0x55, 0x94, 0xBC, 0x56, 0x07, 0xFF, 0x2C, 0xF3, 0xB7, 0xC8, 0x10,
    0x54, 0xF9, 0xA7, 0xEB, 0x13, 0xEE, 0xD4, 0xD3, 0xE3, 0x66, 0x7D, 0x2C, 0x9F, 0x14, 0xFE, 0x4C,
    0x1F, 0x0B, 0x86, 0xB4, 0x92, 0xA8, 0x0B, 0x74, 0x11, 0x6F, 0xA5, 0x21, 0x67, 0x46, 0x5A, 0xDD,
    0xF6, 0x2B, 0x75, 0x53, 0x03, 0x0D, 0xEB, 0xED, 0xCF, 0xB7, 0x9E, 0x7A, 0x03, 0xF3, 0xB0, 0xB8,
    0x09, 0x76, 0xD3, 0xF6, 0xF9, 0x9C, 0xFA, 0xCB, 0x47, 0x89, 0xBF, 0x28, 0xB9, 0xAF, 0xFD, 0x5F,
    0x14, 0x7F, 0x26, 0x79, 0x91, 0x34, 0x6C, 0x35, 0x29, 0x3F, 0x61, 0xFA, 0xB0, 0x73, 0xFE, 0xB2,
    0x7D, 0x87, 0x52, 0xF9, 0x23, 0x32, 0xAF, 0x4A, 0xC0, 0xD7, 0xEA, 0xD1, 0x2F, 0xCB, 0x6D, 0x95,
    0x9C, 0x19, 0x74, 0xDE, 0x46, 0xB8, 0x1D, 0x86, 0x51, 0xF5, 0xED, 0xEB, 0x4C, 0x3E, 0x5C, 0x0E,
    0x07, 0xCF, 0x54, 0xE2, 0x83, 0x42, 0x51, 0x15, 0x2C, 0x5B, 0xAE, 0xAA, 0x3C, 0x92, 0xBC, 0xD4,
    0x4A, 0xD0, 0x5C, 0xAF, 0xB3, 0xEB, 0xE5, 0xB7, 0x44, 0x18, 0x76, 0xB9, 0x40, 0xFF, 0xDF, 0xE1,
    0x71, 0x7B, 0x6F, 0x26, 0x98, 0x17, 0xDD, 0xC8, 0xBD, 0xF9, 0xBD, 0xCC, 0x66, 0xE9, 0xA7, 0xB6,
    0x3E, 0xB6, 0xD9, 0x07, 0x72, 0x93, 0x77, 0x61, 0x58, 0xC2, 0x86, 0x4C, 0x2D, 0x8C, 0x96, 0xEF,
    0xEA, 0xBD, 0xBF, 0x8B, 0x5B, 0x48, 0x27, 0x41, 0x75, 0x9D, 0x75, 0xDC, 0xBB, 0xE5, 0xEC, 0xF8,
    0xDA, 0x82, 0x48, 0xDF, 0xF6, 0x5A, 0x3D, 0xFE, 0x47, 0xEB, 0xAC, 0xF8, 0x64, 0x39, 0x37, 0x82,
    0xFD, 0x95, 0x6C, 0x8B, 0x75, 0x5C, 0xED, 0xE3, 0x4D, 0x3C, 0x38, 0x0B, 0x43, 0x11, 0x27, 0x36,
    0x92, 0x4A, 0x72, 0x59, 0xFB, 0xFF, 0x47, 0xA8, 0x28, 0xBC, 0xFE, 0x76, 0x6B, 0x39, 0x04, 0xFD,
    0x56, 0x97, 0x84, 0xA4, 0xE5, 0x8C, 0x41, 0x0B, 0x39, 0xA1, 0xDF, 0xEF, 0xD0, 0xF8, 0xCE, 0xC2,
    0x4C, 0x72, 0x24, 0xE5, 0x4E, 0xF1, 0x99, 0xFF, 0x38, 0x98, 0xEC, 0x5F, 0x2B, 0x36, 0x6E, 0xF3,
    0xF2, 0xCE, 0x8E, 0x6A, 0x2D, 0xA7, 0xC8, 0xD6, 0xA8, 0xC5, 0xC8, 0xD8, 0xED, 0x6C, 0x47, 0xC6,
    0xB5, 0x72, 0xA9, 0x22, 0x19, 0x16, 0x5C, 0xDA, 0xC8, 0xA7, 0x6C, 0x0A, 0xDD, 0xB5, 0x29, 0xF4,
    0x01, 0xB4, 0x54, 0x68, 0x1D, 0x1F, 0xBB, 0xCD, 0x36, 0xE9, 0xB7, 0x33, 0xE9, 0x23, 0x2B, 0xF9,
    0x15, 0xC6, 0xD9, 0x87, 0xA0, 0x69, 0x63, 0x32, 0x73, 0xFC, 0x0A, 0xB5, 0x7E, 0xB4, 0x84, 0x1F,
    0x46, 0x3C, 0x38, 0x2C, 0xC1, 0xDE, 0x0A, 0x37, 0x5B, 0xEE, 0x95, 0xAE, 0x93, 0x4C, 0x0D, 0x3B,
    0x2E, 0xFB, 0x6C, 0x2B, 0x7C, 0x83, 0x4B, 0x42, 0xA4, 0x6C, 0x62, 0x9A, 0xBA, 0x49, 0x67, 0x35,
    0xA8, 0xF2, 0xE3, 0x59, 0x4D, 0x51, 0x3F, 0x3A, 0x49, 0x80, 0x4F, 0xC5, 0x8F, 0x8C, 0x6A, 0x22,
    0x24, 0xA3, 0x84, 0x0A, 0xE9, 0x20, 0xD1, 0x9C, 0x0D, 0x34, 0x13, 0x3F, 0x1C, 0x24, 0x1E, 0xD1,
    0x70, 0x93, 0x99, 0x7F, 0x84, 0xE1, 0x5D, 0x89, 0xAB, 0xA7, 0x18, 0x75, 0x75, 0xBB, 0xE5, 0x96,
    0xCF, 0xDC, 0xC3, 0x6F, 0x9B, 0x12, 0x3C, 0xC7, 0xA4, 0x86, 0xCF, 0x61, 0x27, 0x3D, 0x4B, 0x02,
    0x67, 0xFF, 0xC4, 0x30, 0x1F, 0x5E, 0x6F, 0xB3, 0x61, 0x9F, 0xDE, 0xD6, 0x00, 0x39, 0xE0, 0xB7,
    0x62, 0x8F, 0x78, 0xA2, 0xC4, 0xA3, 0x94, 0x2D, 0x4F, 0x60, 0x80, 0x7B, 0x2B, 0xB5, 0xE0, 0x37,
    0x7F, 0xEE, 0xCC, 0x51, 0x2E, 0xCB, 0x67, 0x4E, 0x67, 0x67, 0x56, 0x32, 0x11, 0xF8, 0x0E, 0x0F,
    0x22, 0xAF, 0xB0, 0xFB, 0xF8, 0x77, 0x3D, 0x79, 0x77, 0x21, 0x21, 0x42, 0xA1, 0x22, 0x43, 0x69,
    0xA4, 0xFC, 0xE4, 0x77, 0xFC, 0xE4, 0x07, 0x7E, 0x39, 0xC7, 0x29, 0xC6, 0x0C, 0x4F, 0xB1, 0x59,
    0x7F, 0x3A, 0x3A, 0xB9, 0x87, 0x9A, 0x0A, 0x59, 0x52, 0x3A, 0x05, 0xD8, 0x21, 0xBA, 0xF2, 0xB8,
    0xF4, 0x4B, 0xCA, 0x64, 0xD8, 0xF1, 0x08, 0xBE, 0xEE, 0xE4, 0x1E, 0x9E, 0x1A, 0xAA, 0x96, 0x5D,
    0xF4, 0x09, 0x97, 0x70, 0xF5, 0x68, 0x77, 0x48, 0xA0, 0x21, 0x3C, 0x53, 0x48, 0x00, 0xBB, 0x96,
    0x00, 0x06, 0x4D, 0x84, 0x5F, 0x05, 0xBF, 0x4A, 0xD0, 0xAA, 0xF7, 0xA5, 0x7A, 0xAF, 0x90, 0x2A,
    0xD0, 0x7B, 0xA8, 0xF7, 0xB1, 0x7A, 0xBF, 0x5C, 0x6B, 0xA8, 0x3A, 0x97, 0xCF, 0xED, 0xAA, 0x7A,
    0xE3, 0x3D, 0x96, 0x28, 0x6B, 0xD3, 0xE6, 0x1E, 0xB7, 0xE1, 0xC5, 0x9F, 0x12, 0x07, 0x30, 0xFE,
    0x68, 0xE5, 0xA3, 0xF0, 0x2B, 0xD5, 0xCE, 0xD9, 0x0D, 0x2C, 0x85, 0x93, 0xC9, 0x22, 0xB0, 0x01,
    0xE0, 0x25, 0xE3, 0xA1, 0xB7, 0xEC, 0x71, 0xF2, 0x79, 0x10, 0x2A, 0x74, 0x08, 0x43, 0x36, 0x89,
    0xDB, 0x5D, 0x1D, 0xDB, 0x5D, 0x2A, 0x5A, 0x73, 0x4D, 0x71, 0x42, 0xFE, 0xFC, 0xAD, 0x3D, 0xB0,
    0x7E, 0x5F, 0xE4, 0x6F, 0xE8, 0x2A, 0x62, 0x42, 0x2B, 0x97, 0x50, 0xB1, 0xF6, 0x44, 0x34, 0xF7,
    0x11, 0xFF, 0xFA, 0x18, 0x12, 0xE0, 0x07, 0x40, 0x7C, 0x09, 0x93, 0x49, 0x31, 0x50, 0x3D, 0x78,
    0xC3, 0x42, 0x62, 0xFC, 0xF2, 0xD7, 0x35, 0x74, 0x35, 0x2D, 0xE8, 0xE6, 0x05, 0x21, 0x0A, 0x71,
    0x9F, 0x38, 0xEE, 0xDC, 0xC9, 0xCE, 0xA0, 0x14, 0xBC, 0x9A, 0xD6, 0xBC, 0x15, 0x1D, 0x63, 0x54,
    0x34, 0x7F, 0x32, 0xFC, 0xA4, 0x7D, 0xBC, 0xD2, 0x1F, 0xD7, 0xD3, 0x93, 0xBC, 0x33, 0x6C, 0xF7,
    0x7F, 0x8D, 0xA8, 0x0D, 0xD1, 0x7C, 0x36, 0xF1, 0xAF, 0xFF, 0x73, 0x52, 0xFC, 0x67, 0x3B, 0x7F,
    0x1F, 0xB5, 0x88, 0x9D, 0xA2, 0x5B, 0x3D, 0x9C, 0xF9, 0x3D, 0x11, 0x4F, 0x0E, 0xF4, 0x30, 0xF8,
    0x9C, 0x96, 0x17, 0x97, 0xB8, 0xA1, 0x6F, 0xC1, 0xDB, 0xE1, 0x61, 0x80, 0x7D, 0x41, 0x44, 0xB3,
    0xE1, 0x44, 0x8C, 0x17, 0x6F, 0x15, 0x33, 0x43, 0xB7, 0x7E, 0xAF, 0xF5, 0xD4, 0xF3, 0xC1, 0x7B,
    0x14, 0xDF, 0xEA, 0xD5, 0xE3, 0xDC, 0x05, 0x84, 0x74, 0x56, 0x64, 0xE4, 0x19, 0x7A, 0x62, 0x4A,
    0x7C, 0x7B, 0xF5, 0xB4, 0x51, 0xEE, 0x2B, 0xC0, 0x80, 0x5D, 0x9D, 0x31, 0x05, 0xA5, 0x5A, 0x21,
    0xC0, 0x8B, 0xBF, 0xBC, 0xEC, 0x1C, 0xBD, 0x1D, 0x59, 0xB7, 0xD6, 0x8D, 0xED, 0xCA, 0xED, 0x08,
    0x1B, 0x3B, 0xEA, 0xB0, 0x25, 0xE5, 0x60, 0x22, 0x98, 0x06, 0xFB, 0x67, 0xF6, 0x65, 0x45, 0xE0,
    0x63, 0x2D, 0x1F, 0xF3, 0x0B, 0x94, 0x40, 0x23, 0x37, 0xE3, 0xC1, 0xE2, 0x70, 0xF3, 0xB3, 0x1E,
    0x9C, 0xDF, 0x7C, 0x1D, 0x6E, 0xB7, 0x4C, 0x63, 0xC0, 0xB5, 0x2A, 0xA9, 0x0F, 0x15, 0x60, 0xA9,
    0x55, 0x7C, 0xCC, 0x9E, 0xA8, 0x08, 0xC5, 0x8E, 0x2F, 0x77, 0xB3, 0xEE, 0x9D, 0x8C, 0xE7, 0x76,
    0x7B, 0x6B, 0xB4, 0x96, 0x4A, 0x3E, 0x47, 0x2B, 0xC0, 0x0F, 0xC9, 0xBE, 0x65, 0x14, 0x96, 0x7F,
    0x04, 0xF6, 0xBA, 0x7A, 0x50, 0x5A, 0x8E, 0xF7, 0xED, 0xD4, 0x60, 0x4A, 0x07, 0x25, 0x9A, 0x11,
    0x94, 0x56, 0x3A, 0x29, 0xA3, 0x74, 0x34, 0x58, 0xEF, 0xC2, 0x39, 0xD9, 0xA2, 0x93, 0x8A, 0x07,
    0x25, 0xE8, 0xB9, 0x05, 0x6F, 0xFF, 0x89, 0x1C, 0x6C, 0x9F, 0xB3, 0x35, 0x29, 0x1D, 0x84, 0x16,
    0xB3, 0x85, 0xF6, 0x4C, 0x43, 0x79, 0x80, 0x27, 0x2E, 0x6B, 0x80, 0x34, 0x8C, 0x5A, 0xCA, 0xCF,
    0xFE, 0x74, 0x48, 0x67, 0xC9, 0xFA, 0x18, 0xE2, 0xCE, 0xB6, 0x91, 0xB2, 0xDD, 0xA7, 0x83, 0x05,
    0xC3, 0x8D, 0x72, 0x29, 0xA8, 0x07, 0xEB, 0x98, 0x84, 0x86, 0x20, 0x0A, 0x4F, 0x6F, 0xD7, 0x0F,
    0x2E, 0xC7, 0xD8, 0x44, 0xE0, 0xA4, 0x6E, 0xE9, 0x45, 0xD6, 0x2F, 0x77, 0xA1, 0x4A, 0x5B, 0x3E,
    0x2C, 0x2C, 0x79, 0x67, 0x24, 0xF9, 0x07, 0x64, 0xE3, 0xA8, 0xA6, 0xAD, 0x5B, 0x8B, 0x6F, 0xC9,
    0x0F, 0x28, 0xE6, 0x5B, 0xFD, 0xF7, 0x10, 0x8B, 0x0B, 0xFE, 0x7D, 0x14, 0x73, 0x03, 0x75, 0xBF,
    0x7E, 0x0B, 0xAE, 0x49, 0x07, 0xCF, 0x89, 0xBB, 0x8A, 0x5D, 0x91, 0x1D, 0xC3, 0xF2, 0x22, 0xC0,
    0x5F, 0xEB, 0x81, 0x68, 0xCF, 0x7E, 0xF6, 0xB4, 0x04, 0x75, 0x4E, 0xC6, 0x64, 0xE1, 0x90, 0x8C,
    0xC6, 0xA8, 0x54, 0x1F, 0xC8, 0x2F, 0x80, 0x4F, 0x87, 0x10, 0xB3, 0x44, 0xF4, 0x54, 0x30, 0xE9,
    0xB3, 0x3C, 0x47, 0x18, 0xF4, 0x91, 0x54, 0xCA, 0xF1, 0xDA, 0x3F, 0xF2, 0xD8, 0xD2, 0xFB, 0x0A,
    0x34, 0x02, 0xE7, 0x26, 0xED, 0x41, 0x2D, 0x7E, 0x85, 0xCD, 0x6E, 0xD3, 0x7C, 0x68, 0xAD, 0x6D,
    0xE9, 0xBF, 0x81, 0xE7, 0x1C, 0x27, 0x93, 0xA0, 0x2A, 0x51, 0x85, 0x3F, 0x89, 0x00, 0x05, 0x4E,
    0x98, 0x98, 0x3C, 0xDB, 0xED, 0xBB, 0x2F, 0x84, 0x45, 0x80, 0xC6, 0x9C, 0x0F, 0xF5, 0xF4, 0xF9,
    0xCD, 0xD1, 0x26, 0x3A, 0x38, 0x89, 0x38, 0x59, 0x98, 0xFE, 0xE6, 0x5C, 0x73, 0x92, 0x68, 0x5E,
    0xD1, 0x41, 0x66, 0xD9, 0xC0, 0xB2, 0xE5, 0x71, 0xD0, 0xD3, 0xF7, 0xDB, 0xD0, 0xB9, 0x2E, 0xC5,
    0xAF, 0x4B, 0x0E, 0x9F, 0x6B, 0x28, 0x94, 0x1D, 0xCF, 0xD5, 0x90, 0x93, 0x81, 0x7E, 0x2A, 0xD3,
    0x8B, 0xC2, 0x61, 0xAF, 0xD9, 0xA4, 0x5F, 0x29, 0x77, 0xD7, 0x4E, 0xDC, 0x39, 0xA6, 0x1F, 0x59,
    0xAD, 0x97, 0x6C, 0x9C, 0x30, 0x05, 0xD1, 0x88, 0x42, 0x47, 0xE8, 0xE5, 0x3B, 0xA4, 0xB4, 0x02,
    0xDE, 0x8A, 0x8B, 0x40, 0xB9, 0x2E, 0x3E, 0x04, 0xCF, 0xF2, 0x2A, 0x14, 0x5A, 0x91, 0x9C, 0x6C,
    0x3E, 0x12, 0x96, 0x78, 0x96, 0x09, 0x68, 0x0E, 0x21, 0x44, 0xF3, 0xC5, 0x92, 0xA8, 0x62, 0x2F,
    0x02, 0xAC, 0xF4, 0x89, 0xD0, 0xDB, 0xFB, 0xBA, 0x6F, 0xBB, 0xDE, 0xFD, 0xC2, 0x81, 0x60, 0x02,
    0x29, 0x04, 0x18, 0x08, 0x1D, 0xA1, 0xDA, 0x3E, 0x36, 0x7E, 0x8E, 0x2A, 0xFA, 0x18, 0x18, 0x22,
    0x60, 0x0A, 0x9F, 0xCE, 0x66, 0xEB, 0x07, 0x96, 0xEF, 0xD9, 0xC8, 0xDB, 0x91, 0xD4, 0x56, 0x54,
    0x5E, 0x1E, 0xAC, 0x3B, 0x3A, 0xCC, 0x1F, 0xCA, 0xF9, 0xBD, 0xBF, 0x82, 0xBE, 0x04, 0x5A, 0x76,
    0x9A, 0x92, 0x27, 0xAA, 0x1E, 0x7D, 0x92, 0x7A, 0x7D, 0xB5, 0x5B, 0x7E, 0x52, 0x16, 0x00, 0x4B,
    0xC4, 0xDB, 0x8A, 0xAB, 0xA6, 0xAE, 0xE7, 0x02, 0x75, 0x67, 0x47, 0x5A, 0x23, 0x8C, 0x41, 0xA1,
    0x98, 0x4E, 0x14, 0x31, 0x1F, 0x58, 0x10, 0xDC, 0xA8, 0x7E, 0x98, 0x4C, 0x61, 0xF9, 0x8F, 0x7F,
    0x9F, 0xE8, 0x75, 0x3D, 0x10, 0xD1, 0x59, 0xE4, 0x5B, 0x46, 0xBB, 0xEC, 0x88, 0x79, 0x4F, 0x7F,
    0xB3, 0xD1, 0xC2, 0x3E, 0x31, 0xE6, 0xC9, 0x4C, 0x8C, 0x41, 0xE4, 0xE9, 0x99, 0x0D, 0x64, 0xE9,
    0x7A, 0xBB, 0xDF, 0x75, 0x3B, 0x2C, 0x29, 0x83, 0x1D, 0x09, 0x5C, 0x50, 0xDE, 0xCA, 0xD9, 0xC3,
    0xB6, 0x68, 0x83, 0x77, 0xB3, 0x99, 0x31, 0x70, 0x23, 0x51, 0xFD, 0x0C, 0xF0, 0x7D, 0x68, 0xF4,
    0xF5, 0x4F, 0x47, 0xA1, 0x98, 0x4E, 0xE6, 0xCF, 0x40, 0x24, 0x09, 0x6B, 0x0F, 0x92, 0xCC, 0xC4,
    0x74, 0x84, 0x27, 0xD2, 0xE7, 0x74, 0xA0, 0xCF, 0x59, 0xCF, 0x65, 0x5C, 0x9F, 0x82, 0x25, 0x96,
    0x60, 0xB0, 0x8E, 0xD3, 0xDB, 0xDD, 0xA3, 0xDF, 0xA7, 0x99, 0x33, 0xCC, 0x5B, 0x43, 0x4F, 0x2C,
    0x9B, 0x3D, 0x7E, 0x65, 0x61, 0xAA, 0xA6, 0x23, 0x55, 0xD5, 0x55, 0x5D, 0xFF, 0xC5, 0x3C, 0x54,
    0xBA, 0xAB, 0xA8, 0x14, 0x01, 0x21, 0x8E, 0xFA, 0xF4, 0x13, 0xA0, 0xAA, 0x8F, 0x98, 0xAA, 0x7F,
    0x8D, 0x62, 0x53, 0xF5, 0x37, 0x07, 0x22, 0xF5, 0xA4, 0x46, 0xE6, 0x7F, 0x47, 0x74, 0x07, 0xAA,
    0x3A, 0xAA, 0x3A, 0xE5, 0xA6, 0x67, 0x8E, 0x42, 0xF1, 0x32, 0x1A, 0xDD, 0xF0, 0xBB, 0x99, 0xB5,
    0xFD, 0x0D, 0x4A, 0x35, 0x5F, 0xFF, 0x1D, 0xFC, 0xE9, 0xB7, 0x31, 0xAD, 0xFE, 0x89, 0xBF, 0xC1,
    0x8F, 0x9A, 0x56, 0x9F, 0x67, 0x5A, 0x7D, 0x1D, 0x6C, 0x97, 0x69, 0x1F, 0x3B, 0xEE, 0x9E, 0x00,
    0x15, 0xB5, 0x52, 0xA4, 0x56, 0x0D, 0x91, 0xBF, 0xCF, 0x4E, 0xE8, 0xB8, 0xBB, 0x62, 0xF7, 0x8A,
    0xE3, 0xD7, 0x46, 0xE2, 0x3F, 0xCF, 0x8A, 0x4F, 0xFE, 0x00, 0xD8, 0x58, 0x42, 0x7B, 0x61, 0xE0,
    0xC6, 0x96, 0x57, 0x61, 0x3D, 0x7F, 0x2A, 0xCF, 0x1B, 0x86, 0x24, 0x06, 0xD2, 0x99, 0x2B, 0xB3,
    0x69, 0xE3, 0x64, 0xCB, 0xAB, 0x4D, 0x81, 0x79, 0x55, 0x20, 0x7C, 0x7B, 0xF2, 0x6A, 0x4A, 0x76,
    0x19, 0xB5, 0x60, 0xA5, 0x1B, 0xF2, 0x02, 0xC3, 0xBC, 0xF2, 0xE4, 0xBE, 0xE8, 0xC0, 0xD7, 0x2E,
    0x3E, 0x70, 0xCD, 0x3D, 0x45, 0xBD, 0xFA, 0x25, 0xCB, 0x07, 0xAE, 0x66, 0x78, 0xA9, 0xBE, 0xFA,
    0x73, 0x42, 0x02, 0xEF, 0xB9, 0xBC, 0x9A, 0x84, 0x79, 0x75, 0x78, 0xA7, 0x65, 0xD4, 0x60, 0x9F,
    0x9E, 0x4E, 0x0D, 0x5B, 0x3B, 0x9B, 0x47, 0xAF, 0x66, 0x24, 0x87, 0x1B, 0xBF, 0x8E, 0xB4, 0xE8,
    0x72, 0x0A, 0x3B, 0x7F, 0xDD, 0x48, 0xD3, 0x73, 0x6D, 0xE6, 0x91, 0xA7, 0x39, 0xB6, 0x8A, 0xE1,
    0xDF, 0xF4, 0xE8, 0x38, 0xA9, 0xD8, 0x69, 0x6C, 0xE6, 0x7F, 0x47, 0x59, 0xEB, 0x55, 0x29, 0xFC,
    0x08, 0xD4, 0x18, 0x07, 0x3A, 0xCE, 0x40, 0x59, 0x5F, 0x6F, 0x48, 0x40, 0xA8, 0xB4, 0x7D, 0x3E,
    0x50, 0x5E, 0x13, 0x2D, 0xB5, 0xC3, 0x86, 0x26, 0xD3, 0xF7, 0xFF, 0x0F, 0xD5, 0x59, 0x01, 0xC4,
    0x25, 0xD7, 0xD9, 0x9E, 0x99, 0xF9, 0x93, 0xCB, 0x3F, 0x98, 0x45, 0x02, 0x09, 0x06, 0x7E, 0x10,
    0xFE, 0x0C, 0x00, 0x60, 0x26, 0x0D, 0x82, 0xA0, 0x5B, 0xB2, 0xA1, 0x2D, 0x02, 0x2D, 0x9A, 0x62,
    0x01, 0x00, 0x73, 0x2B, 0x08, 0xA0, 0xA1, 0x05, 0xC0, 0x22, 0xA5, 0xBB, 0xC1, 0x02, 0x80, 0x3A,
    0x93, 0xAC, 0x36, 0x08, 0x32, 0xD9, 0x88, 0xA2, 0xC8, 0x69, 0x37, 0x49, 0xD8, 0x60, 0xA7, 0xD9,
    0x49, 0x72, 0xBF, 0xEC, 0xCC, 0x3C, 0x7D, 0x9F, 0xE7, 0x9C, 0xDB, 0x6F, 0x7A, 0xBF, 0x8F, 0xA0,
    0x1A, 0x7A, 0x65, 0x9E, 0x67, 0xF2, 0xED, 0xBD, 0xF3, 0xBE, 0xEF, 0x73, 0xDE, 0xF3, 0x9E, 0xF7,
    0x9C, 0x49, 0xF4, 0x69, 0x30, 0x27, 0xF0, 0x1D, 0xE6, 0x1C, 0xBD, 0xC3, 0xA1, 0x40, 0xF2, 0xAA,
    0x9B, 0xEA, 0x39, 0x49, 0xEA, 0xA9, 0x1B, 0xED, 0x9F, 0x47, 0x0C, 0x86, 0x0F, 0xB1, 0x4F, 0x92,
    0xEE, 0xC1, 0x6A, 0x3F, 0x70, 0x98, 0x89, 0x0F, 0x0E, 0x86, 0x78, 0x7F, 0x26, 0xBE, 0x67, 0x7F,
    0x4F, 0xF1, 0x1A, 0x92, 0x24, 0xC3, 0x0F, 0xEC, 0x9B, 0x39, 0x12, 0xF4, 0x44, 0xE7, 0x93, 0x7C,
    0x4D, 0xEC, 0x39, 0xBB, 0x25, 0x69, 0xEC, 0x07, 0xE5, 0x81, 0x77, 0xD5, 0x21, 0x29, 0x66, 0x7B,
    0x7E, 0x52, 0xCE, 0xF6, 0xFC, 0x88, 0xD5, 0xC1, 0x90, 0x7F, 0xEC, 0x3C, 0x6F, 0xDC, 0x60, 0xC8,
    0xA7, 0x34, 0x3E, 0xC1, 0x47, 0xD7, 0x9C, 0x4F, 0x01, 0x60, 0x10, 0xF6, 0x99, 0x30, 0xC7, 0xAD,
    0xB7, 0xB0, 0x37, 0x2B, 0x29, 0xDA, 0xDD, 0x6A, 0xA6, 0xDB, 0x62, 0xA1, 0xD1, 0x72, 0x8E, 0xB8,
    0x5B, 0x89, 0x85, 0x0C, 0x96, 0x00, 0x0D, 0x62, 0xA5, 0x41, 0x2C, 0x34, 0xA8, 0x38, 0x92, 0x72,
    0x83, 0xD5, 0x81, 0x58, 0x4F, 0xC4, 0x66, 0xDC, 0xA0, 0x27, 0x32, 0xEA, 0xC1, 0x9E, 0x6C, 0x5E,
    0xED, 0x56, 0xA2, 0x3D, 0x39, 0xC5, 0xBE, 0x9C, 0x69, 0x3A, 0xA0, 0x3D, 0x20, 0x47, 0x5B, 0x13,
    0x81, 0x29, 0xD9, 0x19, 0x8E, 0x49, 0x21, 0x2C, 0xD7, 0x5B, 0xCE, 0xD3, 0x8E, 0x1B, 0x28, 0x83,
    0x45, 0x56, 0x11, 0x69, 0x0D, 0xD8, 0x37, 0x63, 0x0A, 0xB4, 0xCD, 0x98, 0x01, 0x26, 0x40, 0x6E,
    0x68, 0x9F, 0x7C, 0x3D, 0xC7, 0xDD, 0x42, 0x2C, 0xB6, 0x2E, 0x1F, 0x88, 0xFF, 0xFB, 0x66, 0x50,
    0x15, 0x68, 0xA5, 0x2B, 0x59, 0x81, 0x42, 0xCE, 0x1F, 0xB9, 0x3A, 0xBB, 0x26, 0x56, 0x6C, 0x52,
    0x58, 0xD1, 0x88, 0xA3, 0xCA, 0x89, 0x74, 0x36, 0x0E, 0x4A, 0x47, 0xEE, 0x39, 0xA6, 0x81, 0x83,
    0xDE, 0x64, 0x2A, 0x9E, 0x24, 0xD4, 0x9C, 0x2C, 0xD5, 0x83, 0x5B, 0x47, 0xA6, 0x3E, 0x41, 0x7B,
    0xA9, 0x2A, 0x8F, 0xE3, 0x80, 0xCB, 0x8D, 0xC8, 0x51, 0xF0, 0x8D, 0xB8, 0x18, 0xA8, 0x2E, 0xD0,
    0x53, 0x5E, 0x23, 0xD3, 0xB7, 0x58, 0x6F, 0xB5, 0x12, 0x98, 0x9E, 0x30, 0x56, 0x5A, 0xA9, 0x44,
    0xD4, 0x38, 0x8A, 0x1C, 0x55, 0x0E, 0x32, 0xCB, 0x76, 0x37, 0x48, 0x19, 0x67, 0x54, 0x4D, 0x8C,
    0x91, 0x0E, 0x90, 0xA8, 0xF5, 0x3E, 0x50, 0x4B, 0x31, 0x32, 0x48, 0x4E, 0x00, 0xF4, 0xA6, 0x8A,
    0x5C, 0x47, 0x6E, 0x68, 0x85, 0xFC, 0xD5, 0xB5, 0x6E, 0x24, 0x8F, 0x12, 0x4D, 0x22, 0x7A, 0x79,
    0x4D, 0x4B, 0x12, 0xD1, 0x05, 0x96, 0x11, 0x9A, 0xC0, 0x1F, 0x5B, 0x2A, 0x95, 0x02, 0x0B, 0x95,
    0xA2, 0x8E, 0x4C, 0x57, 0xB2, 0x37, 0x96, 0xFF, 0xBB, 0x55, 0xF3, 0x64, 0x2E, 0x16, 0x8A, 0x56,
    0xCF, 0x41, 0xB4, 0x72, 0x31, 0xD6, 0x6D, 0xE4, 0x95, 0x22, 0x1E, 0x8C, 0xEB, 0x49, 0xC3, 0xBC,
    0x68, 0x2C, 0xC5, 0x51, 0x4F, 0x7D, 0xAA, 0xC8, 0x4D, 0xD4, 0xD5, 0x8D, 0xC4, 0xAB, 0x19, 0x3C,
    0x59, 0xC3, 0x18, 0x38, 0x09, 0x3C, 0x8B, 0x1D, 0x06, 0x71, 0x7A, 0x75, 0x33, 0x18, 0x74, 0x5A,
    0x5F, 0x8D, 0x34, 0x33, 0xA6, 0xFB, 0xB7, 0x8D, 0x94, 0xE7, 0x24, 0x65, 0x53, 0x6E, 0x34, 0x92,
    0x4C, 0xA1, 0xAB, 0x8C, 0xA1, 0xC1, 0xC2, 0x10, 0x3A, 0x68, 0xCC, 0x1C, 0xD0, 0x1B, 0xE1, 0x3E,
    0xBC, 0xB2, 0xDE, 0x8D, 0x1C, 0x0C, 0xCB, 0xF7, 0x7A, 0x4A, 0x99, 0xF0, 0x4C, 0xF9, 0xB6, 0x36,
    0xE2, 0x03, 0xC6, 0xCE, 0x8B, 0xE4, 0x41, 0x24, 0xE7, 0x89, 0xA9, 0x3C, 0xFF, 0xBF, 0x42, 0xD4,
    0xC8, 0x7F, 0x19, 0x12, 0x4D, 0xA4, 0x1A, 0x6D, 0x72, 0xF2, 0xE9, 0x94, 0x9D, 0x20, 0x86, 0x9F,
    0x00, 0x2B, 0x3D, 0xE5, 0xF7, 0x77, 0xD8, 0x3F, 0xD6, 0x5A, 0xB6, 0x98, 0xF4, 0xA6, 0x1A, 0x27,
    0x5C, 0x33, 0x95, 0x9A, 0x88, 0xD5, 0x19, 0xFA, 0xCE, 0x37, 0xA3, 0xEB, 0xDD, 0xD0, 0x0C, 0xAE,
    0xC7, 0xD0, 0xF5, 0x86, 0xBA, 0x84, 0x7B, 0xC3, 0x77, 0xC0, 0x58, 0xEE, 0x18, 0x0E, 0xEE, 0xBD,
    0xC5, 0x74, 0xEE, 0xAC, 0x1E, 0x36, 0x53, 0x03, 0x1B, 0x16, 0x38, 0xF4, 0x4A, 0xA7, 0xFB, 0x1A,
    0x62, 0xD0, 0x11, 0x80, 0xF2, 0xD6, 0x41, 0x77, 0xCA, 0xFC, 0xE3, 0x96, 0xA9, 0xE6, 0x83, 0xF8,
    0x19, 0x07, 0x66, 0x87, 0x8F, 0xE8, 0x50, 0x7A, 0xD3, 0xB2, 0xA0, 0x32, 0x47, 0xA6, 0x0E, 0x43,
    0x33, 0x02, 0x26, 0x0A, 0xCA, 0xB1, 0xFB, 0xEB, 0x5A, 0x8E, 0xEE, 0xEE, 0x5A, 0x19, 0x2C, 0xB5,
    0xB7, 0xFF, 0x6D, 0xFA, 0x66, 0xA4, 0xC3, 0x67, 0x58, 0x99, 0xB4, 0x4B, 0x5B, 0xA8, 0x40, 0x12,
    0x92, 0xC7, 0x5A, 0xE6, 0xE2, 0xE6, 0x53, 0xE1, 0x93, 0x30, 0xA1, 0xCD, 0x84, 0xB0, 0x91, 0x4B,
    0x6E, 0x4D, 0xFF, 0x90, 0xA4, 0xE6, 0xC6, 0xFF, 0x98, 0xAB, 0xBD, 0x64, 0x31, 0xA0, 0x2C, 0x97,
    0xD7, 0xC4, 0x80, 0xE3, 0x05, 0x9C, 0x84, 0xE1, 0x9B, 0xA1, 0x38, 0xA1, 0x7D, 0xFA, 0x68, 0x2A,
    0x17, 0x26, 0x01, 0x6B, 0x9C, 0x69, 0x68, 0x08, 0x49, 0xBD, 0x27, 0x56, 0xFD, 0x39, 0x36, 0xC4,
    0x12, 0x01, 0x5B, 0xE2, 0xB6, 0x42, 0xFC, 0xA2, 0x55, 0xD5, 0x76, 0x98, 0x33, 0xE0, 0xB0, 0xC3,
    0x67, 0x53, 0x09, 0x26, 0xBD, 0x3C, 0x90, 0x2F, 0x1D, 0x2F, 0xAA, 0x1A, 0xAF, 0x8E, 0xD7, 0x94,
    0xEE, 0x1B, 0xB8, 0x7D, 0x05, 0xEC, 0x0B, 0xBB, 0x52, 0x66, 0x41, 0x6D, 0x26, 0x4A, 0xD3, 0xA8,
    0xF0, 0x76, 0xB1, 0x6E, 0x8C, 0x16, 0xBB, 0xB7, 0xAB, 0x0F, 0xC5, 0x2B, 0x56, 0x82, 0xB1, 0x26,
    0x50, 0x2C, 0x4F, 0x18, 0x9E, 0x7C, 0x65, 0xBD, 0xD6, 0x4A, 0x99, 0x0D, 0x48, 0x22, 0x29, 0x24,
    0x39, 0x02, 0x78, 0x46, 0x49, 0x88, 0x55, 0x41, 0xA0, 0xBA, 0xA0, 0x19, 0x44, 0x48, 0x54, 0xC3,
    0xF6, 0x84, 0x96, 0x65, 0x8C, 0xC9, 0xAA, 0x3F, 0x12, 0xE4, 0x45, 0xB1, 0x6C, 0x0D, 0x05, 0x31,
    0x62, 0xCD, 0xFC, 0x59, 0xF2, 0xB8, 0xE5, 0x91, 0x2B, 0xB0, 0xEF, 0xEC, 0x9F, 0x50, 0xE3, 0x2E,
    0xC3, 0x82, 0xC3, 0x37, 0x60, 0x7D, 0x5E, 0x1C, 0xBE, 0x40, 0x9B, 0xD1, 0xED, 0x8C, 0xDC, 0xD7,
    0x73, 0x8A, 0x36, 0x47, 0xDB, 0x1C, 0x32, 0x72, 0xC2, 0x19, 0x47, 0x23, 0x62, 0xCE, 0x57, 0x9F,
    0xAF, 0x61, 0x79, 0xDA, 0x2D, 0x64, 0x2E, 0x6F, 0x34, 0xA8, 0xE9, 0xAB, 0x39, 0x6B, 0x5C, 0xB3,
    0x66, 0x96, 0xCC, 0xCB, 0x8C, 0xDC, 0x87, 0x1F, 0x73, 0xBE, 0x18, 0x9B, 0x91, 0x20, 0x1C, 0xF6,
    0x91, 0x5B, 0x51, 0x0A, 0x62, 0x0C, 0x58, 0x0B, 0x5A, 0xE4, 0x25, 0x70, 0xF6, 0xFB, 0xC4, 0x71,
    0x1D, 0x74, 0x03, 0xE7, 0x91, 0x4F, 0xF8, 0xF8, 0x9C, 0x33, 0x71, 0xC7, 0x0A, 0x23, 0xEB, 0x35,
    0xAB, 0x5F, 0xC7, 0x3A, 0x67, 0x36, 0x8A, 0xF5, 0x28, 0x57, 0x8E, 0x99, 0x30, 0xF1, 0xD9, 0x23,
    0x0D, 0x05, 0x81, 0x09, 0xE7, 0x02, 0x9F, 0x08, 0x4A, 0x88, 0x82, 0xEA, 0xA3, 0xA1, 0x72, 0xDE,
    0xC0, 0xC2, 0xF1, 0x19, 0xED, 0xAA, 0xA4, 0x15, 0x8B, 0x01, 0x8D, 0x5B, 0xA5, 0x32, 0x60, 0x91,
    0x1D, 0xDD, 0x60, 0x60, 0xCF, 0x2F, 0xBF, 0x86, 0x3D, 0xE0, 0x9B, 0xD5, 0x1E, 0xF5, 0x68, 0x36,
    0xC0, 0x81, 0x33, 0x67, 0x24, 0x0C, 0xB4, 0xD6, 0x13, 0xDA, 0x7F, 0xB1, 0x2B, 0x58, 0x2E, 0x4F,
    0x1B, 0x3A, 0x14, 0xBA, 0x97, 0x02, 0x6A, 0x5A, 0x16, 0x95, 0xD3, 0x03, 0xB1, 0x1B, 0xF9, 0x4F,
    0xF6, 0xC4, 0x54, 0x9D, 0x55, 0x82, 0xD7, 0xA1, 0xBE, 0x2B, 0xF4, 0x60, 0x5A, 0xCD, 0xA1, 0x7C,
    0x43, 0x4F, 0x94, 0xE4, 0x35, 0xFE, 0xB9, 0x16, 0x3C, 0x73, 0x7B, 0xBD, 0xA9, 0xEA, 0xB7, 0xF0,
    0x8B, 0x94, 0xCB, 0x09, 0x5F, 0x75, 0xDF, 0xBE, 0x19, 0x12, 0x54, 0x19, 0x4A, 0x44, 0x7F, 0x8E,
    0x71, 0x98, 0x8A, 0x55, 0x39, 0x61, 0x50, 0x1F, 0x94, 0x32, 0x19, 0xEC, 0xCB, 0x06, 0x5C, 0x98,
    0x33, 0xAE, 0x6C, 0x8C, 0x10, 0x8C, 0x0B, 0xCC, 0x4D, 0x5C, 0x1F, 0x0D, 0x34, 0xFF, 0x5C, 0x6F,
    0xA0, 0xA6, 0x11, 0xB4, 0xB3, 0xD0, 0xB9, 0x99, 0x30, 0xC9, 0x91, 0x89, 0x7E, 0x8C, 0x01, 0x6E,
    0xE1, 0xDB, 0x1B, 0x97, 0xCE, 0x10, 0xA6, 0x1F, 0x75, 0xE4, 0x02, 0x08, 0xCA, 0xA7, 0x98, 0x76,
    0x2C, 0xD5, 0xD2, 0x16, 0x3E, 0x34, 0x9C, 0x7D, 0xEC, 0x3E, 0x25, 0xCC, 0x42, 0x72, 0x38, 0x90,
    0x58, 0x8E, 0x45, 0xFD, 0x66, 0x85, 0x68, 0x40, 0x4C, 0x54, 0x8D, 0x54, 0x79, 0x8D, 0x0A, 0x12,
    0x25, 0xEB, 0xBC, 0x7C, 0x0C, 0x6D, 0x91, 0xA7, 0x1D, 0x4E, 0x9D, 0x83, 0xAC, 0x96, 0x98, 0x39,
    0x34, 0xA4, 0x66, 0xD6, 0xA0, 0x3B, 0x16, 0x8D, 0xE9, 0xB8, 0x5A, 0x6D, 0xC9, 0x8B, 0x3A, 0x91,
    0xF4, 0x55, 0x70, 0x5B, 0x92, 0x9D, 0x4C, 0x6D, 0xE0, 0x4E, 0x31, 0x96, 0x2B, 0x43, 0x94, 0xAD,
    0xB5, 0xD3, 0x8A, 0xAA, 0xE6, 0x2B, 0xF8, 0x09, 0x85, 0xA5, 0xA8, 0x52, 0x61, 0x0E, 0xE5, 0x11,
    0x24, 0xEC, 0x23, 0xD0, 0xCA, 0x3D, 0xB0, 0xDD, 0x78, 0x1B, 0x68, 0xED, 0x81, 0x00, 0xAB, 0x38,
    0x40, 0x57, 0x3B, 0x7C, 0x77, 0x1F, 0x59, 0x4D, 0xEA, 0x26, 0x6F, 0xA8, 0xEA, 0x0D, 0xD8, 0xD7,
    0x46, 0x1F, 0x60, 0xDF, 0x18, 0xBD, 0x83, 0x96, 0x64, 0x8B, 0x1D, 0xAB, 0xDF, 0xF3, 0x88, 0x1D,
    0x5E, 0xA0, 0x85, 0xA4, 0xE7, 0xA9, 0xCD, 0x8B, 0x5D, 0x5E, 0x6C, 0xEE, 0x62, 0xCB, 0x29, 0x3D,
    0x54, 0x9D, 0x49, 0xD2, 0x83, 0x84, 0x5E, 0x02, 0xA9, 0x71, 0xD2, 0xA8, 0xA3, 0xD7, 0xB8, 0x07,
    0x4A, 0xF1, 0x51, 0x58, 0x3E, 0x11, 0x68, 0x55, 0xA3, 0xC7, 0xDE, 0x82, 0x14, 0x26, 0x6F, 0xB9,
    0x25, 0xD9, 0x0B, 0x33, 0x4A, 0x74, 0xD9, 0x80, 0x68, 0x2A, 0xFC, 0x5D, 0xF1, 0x7C, 0x89, 0xB6,
    0x03, 0xEE, 0x21, 0x79, 0x06, 0xF7, 0x7F, 0xC3, 0xA5, 0x30, 0x36, 0xF5, 0xBB, 0x85, 0x58, 0xCC,
    0x6A, 0xED, 0x89, 0xA1, 0xB5, 0xE7, 0xD3, 0x73, 0x66, 0x9E, 0x70, 0x24, 0x82, 0x98, 0x09, 0x1F,
    0x04, 0x2F, 0x6F, 0xB3, 0xF2, 0xAE, 0x15, 0xB8, 0xE6, 0x70, 0xC6, 0xA7, 0xB1, 0xC6, 0xE5, 0xB3,
    0xA4, 0x17, 0x16, 0x51, 0x74, 0x61, 0x14, 0x3D, 0xEC, 0x8B, 0x88, 0x71, 0xB3, 0xC2, 0xDD, 0xD1,
    0xC5, 0x7D, 0x91, 0x50, 0xDA, 0x39, 0xA1, 0x04, 0x8C, 0xFA, 0xC1, 0x73, 0xE9, 0x02, 0x60, 0xD8,
    0x09, 0x1B, 0xC3, 0xBD, 0xA9, 0xF5, 0x19, 0x13, 0xE8, 0x4A, 0x0E, 0x39, 0xB2, 0xCD, 0x04, 0x61,
    0x58, 0x71, 0x4A, 0xAC, 0x44, 0x61, 0x85, 0xE5, 0xF2, 0x7D, 0x51, 0x48, 0x91, 0xFA, 0xC2, 0xEA,
    0xAF, 0x68, 0xD0, 0x57, 0x84, 0x3A, 0x34, 0x77, 0x6A, 0xED, 0x72, 0x03, 0xCF, 0x12, 0xE6, 0x0B,
    0x83, 0xB1, 0x5A, 0x93, 0xE6, 0xCC, 0x2D, 0xF4, 0x6B, 0x36, 0x23, 0x0F, 0x38, 0x85, 0x7E, 0x6D,
    0x8F, 0x7F, 0x69, 0xB3, 0x7C, 0x62, 0x24, 0x78, 0xC2, 0xC0, 0x3A, 0xD1, 0x27, 0x86, 0x04, 0x47,
    0xC0, 0x9E, 0xD0, 0xC6, 0x15, 0x25, 0x23, 0xA4, 0x37, 0x43, 0x16, 0x56, 0xEC, 0x95, 0xA5, 0x9C,
    0x84, 0xA3, 0x6E, 0x84, 0xDA, 0x16, 0x8D, 0x2B, 0xF5, 0xD4, 0x79, 0x9B, 0xD1, 0x6E, 0x18, 0x9B,
    0x11, 0x6F, 0xB3, 0x9D, 0xBA, 0x6B, 0xFF, 0x83, 0x87, 0x9F, 0x63, 0x90, 0x5E, 0x8E, 0x20, 0xB5,
    0x82, 0x58, 0x15, 0x4B, 0x49, 0xC9, 0x3C, 0xAF, 0xA8, 0x57, 0x4D, 0xA1, 0x9E, 0x3D, 0xAD, 0xDD,
    0x84, 0x10, 0x79, 0x37, 0x98, 0x5D, 0xC7, 0xC8, 0xB9, 0x1E, 0x0A, 0x7E, 0x64, 0x1A, 0xFC, 0xCD,
    0xA6, 0x63, 0x77, 0xEF, 0xCF, 0x16, 0xF9, 0xC3, 0x8F, 0xC1, 0xA0, 0xD7, 0x00, 0x15, 0x1E, 0x59,
    0xAB, 0xAF, 0xC8, 0xAF, 0xF3, 0x51, 0x15, 0xC3, 0x7F, 0x96, 0xDA, 0xFE, 0xBF, 0xA4, 0x6D, 0x02,
    0xF0, 0xD1, 0xDF, 0xD1, 0x7E, 0x9D, 0xD6, 0xEF, 0x3F, 0xC1, 0xC7, 0x86, 0x3D, 0x35, 0x84, 0x90,
    0x4B, 0xFF, 0x59, 0x81, 0x7D, 0x6E, 0x37, 0x44, 0xCE, 0xAC, 0x1D, 0x58, 0x55, 0x2D, 0x3F, 0xB5,
    0xF0, 0x5F, 0xB6, 0x57, 0x5E, 0x8E, 0xE9, 0x27, 0x8C, 0x53, 0xF9, 0xB1, 0x97, 0x14, 0xAF, 0x12,
    0xE1, 0x62, 0xBF, 0xD3, 0x79, 0xC2, 0xF0, 0x73, 0xF3, 0xE6, 0x3D, 0x4E, 0xE5, 0x07, 0xF0, 0xF4,
    0x65, 0x64, 0x27, 0x32, 0x65, 0xF0, 0xF5, 0x94, 0xA3, 0x27, 0xB4, 0x04, 0xFB, 0x8D, 0x5A, 0x0F,
    0xB3, 0xD7, 0x78, 0xED, 0xD5, 0xD4, 0x79, 0x84, 0x3C, 0xA2, 0x90, 0x6C, 0x34, 0x42, 0x1E, 0x69,
    0xD1, 0x51, 0x7F, 0x71, 0xFE, 0x79, 0x1A, 0x9E, 0xC4, 0x50, 0xC3, 0xFE, 0x2F, 0x74, 0x6B, 0x5A,
    0x6E, 0x56, 0xB5, 0x21, 0xD0, 0x40, 0xBC, 0x83, 0xDE, 0xC8, 0xBD, 0xC6, 0x6A, 0xD2, 0xE3, 0x05,
    0xB0, 0xEB, 0xC7, 0xFB, 0x6B, 0xEA, 0x90, 0x00, 0x52, 0xCA, 0x91, 0xA6, 0xA4, 0x86, 0x7E, 0x9D,
    0x3A, 0xE0, 0x0D, 0xC6, 0x26, 0xD1, 0x8F, 0x54, 0x45, 0x9A, 0x89, 0x14, 0x47, 0x84, 0xFD, 0xE3,
    0xBD, 0x8C, 0xAB, 0x4A, 0x07, 0x4A, 0x1C, 0x89, 0xFE, 0xAD, 0x5A, 0x6A, 0x9E, 0x0C, 0xEE, 0x3E,
    0xD5, 0xCA, 0x4D, 0x95, 0xEA, 0xD8, 0x0A, 0xAB, 0xC6, 0x0D, 0xE6, 0xA2, 0x39, 0xE5, 0x7A, 0xA7,
    0x7E, 0xCB, 0x55, 0x87, 0xCC, 0x10, 0xEB, 0x6D, 0xE5, 0x0B, 0x16, 0xC5, 0xE4, 0xE9, 0xD5, 0xEF,
    0x4E, 0x1B, 0xEE, 0x43, 0xF2, 0x84, 0x79, 0xB4, 0xBE, 0x3C, 0xD1, 0x13, 0x18, 0xE6, 0xC2, 0xC4,
    0xD1, 0x7F, 0x6E, 0xE4, 0xFE, 0xFB, 0xD4, 0x8A, 0x23, 0x1C, 0xBB, 0xEF, 0x62, 0x39, 0xAD, 0xF0,
    0xA4, 0xAD, 0x89, 0xEF, 0x5F, 0x57, 0xAE, 0x22, 0xC4, 0x41, 0xD8, 0x13, 0x3B, 0xA1, 0x13, 0x62,
    0x4F, 0xBC, 0x15, 0xB7, 0xA6, 0xBA, 0x3A, 0xCC, 0xA6, 0xD6, 0x27, 0x8A, 0x6D, 0xA7, 0xF5, 0x3D,
    0x2C, 0x00, 0x65, 0xB8, 0x14, 0x89, 0xD6, 0xC7, 0xF1, 0xFC, 0xEA, 0x7C, 0x98, 0xD1, 0xE8, 0x75,
    0xA5, 0x2A, 0xE2, 0x5E, 0x8F, 0x72, 0x76, 0x01, 0x87, 0x64, 0xFB, 0xC9, 0x96, 0x24, 0x08, 0x97,
    0xAE, 0x59, 0x6C, 0xAC, 0xF1, 0x56, 0xAC, 0x4E, 0x8E, 0xBE, 0x4B, 0x31, 0xF9, 0x76, 0xF1, 0x53,
    0xB0, 0xAF, 0xE6, 0x34, 0x8F, 0xBD, 0xBE, 0x8E, 0xEB, 0x2A, 0xB6, 0x25, 0xDA, 0xDE, 0xB3, 0x03,
    0x4F, 0x54, 0xD0, 0xCB, 0x45, 0x61, 0x36, 0xDE, 0x14, 0xA2, 0x8B, 0x8D, 0x77, 0x61, 0xEA, 0x77,
    0x1F, 0x84, 0xCE, 0x69, 0x72, 0x77, 0x42, 0xCB, 0xB6, 0xE0, 0xE3, 0xB8, 0xB0, 0xC8, 0x53, 0xE9,
    0x08, 0x89, 0x5B, 0x1F, 0x6F, 0x1C, 0xE0, 0xE8, 0x58, 0x8A, 0x7B, 0x50, 0x9E, 0xE4, 0xB8, 0xB3,
    0x86, 0xDA, 0x8A, 0xDD, 0x22, 0x53, 0xF5, 0x52, 0xCC, 0x32, 0xDE, 0x1D, 0xCA, 0x99, 0xEA, 0xA5,
    0x18, 0x79, 0xB3, 0x67, 0x77, 0x5D, 0x72, 0x3C, 0xB9, 0x3F, 0x0C, 0xE7, 0x3A, 0xF5, 0xCA, 0x45,
    0x89, 0x12, 0xA9, 0x56, 0xB9, 0x31, 0x2C, 0xAA, 0x8F, 0xDF, 0x08, 0x39, 0x33, 0x96, 0x63, 0xB8,
    0x99, 0x6A, 0x4F, 0x3E, 0x36, 0x7B, 0xCA, 0xC3, 0xA8, 0xC3, 0x2F, 0x3F, 0x31, 0xD8, 0xEC, 0x33,
    0x63, 0x7A, 0xA5, 0xF0, 0xEC, 0x0B, 0xD8, 0xED, 0x32, 0x91, 0x6A, 0xDE, 0xAC, 0xA6, 0x87, 0xB3,
    0x50, 0x5F, 0x41, 0x8A, 0xE7, 0xF0, 0x69, 0xA2, 0x1E, 0x40, 0xDD, 0x3E, 0x5B, 0x51, 0x65, 0x6F,
    0x8A, 0xE7, 0xA1, 0x70, 0xD2, 0x63, 0xAB, 0x92, 0x69, 0xE2, 0x6C, 0x6F, 0x72, 0x44, 0x35, 0x76,
    0x6B, 0x79, 0x60, 0xE1, 0x67, 0x07, 0x38, 0x85, 0xCA, 0x7A, 0xA8, 0x26, 0xCA, 0xF2, 0x14, 0xC6,
    0x7A, 0x2C, 0x71, 0x23, 0xA9, 0xB9, 0x23, 0x2A, 0x30, 0x26, 0x8D, 0x56, 0x54, 0xBB, 0xE9, 0xB8,
    0xEC, 0x30, 0xD2, 0x50, 0x61, 0xD2, 0x56, 0x73, 0x43, 0x67, 0x43, 0xFC, 0x6B, 0xAD, 0x11, 0x6C,
    0x34, 0x7C, 0x61, 0xEC, 0xC2, 0xC0, 0x75, 0x1A, 0x35, 0xA7, 0x21, 0xC3, 0xBB, 0x38, 0xF6, 0xCB,
    0x29, 0xDC, 0x81, 0x88, 0x49, 0x0E, 0x4A, 0x64, 0x60, 0x14, 0xF2, 0x68, 0xF1, 0x39, 0xB7, 0x28,
    0x41, 0x56, 0x2D, 0x14, 0x20, 0xE6, 0x11, 0x63, 0x5B, 0x54, 0xC7, 0xB6, 0x28, 0xE2, 0x0E, 0xD2,
    0x79, 0x73, 0x8A, 0xD0, 0x18, 0x5E, 0x49, 0x69, 0xA0, 0x01, 0xBC, 0x70, 0x4F, 0x5C, 0x13, 0xA2,
    0xC6, 0xE5, 0x25, 0x42, 0xF8, 0xB8, 0xDE, 0x6C, 0x51, 0xF0, 0x99, 0x68, 0x3E, 0xA7, 0xF8, 0x95,
    0x52, 0xF2, 0x05, 0xB4, 0x86, 0x0C, 0x28, 0x47, 0x73, 0x20, 0xC2, 0xAB, 0xAC, 0x0C, 0x1A, 0xD6,
    0x39, 0x64, 0x1B, 0x51, 0x67, 0x30, 0xCA, 0x13, 0x26, 0xC9, 0x70, 0x7E, 0xB0, 0x7C, 0x44, 0xFD,
    0x77, 0xBA, 0xFD, 0xC9, 0xE9, 0xD5, 0x1B, 0x15, 0x47, 0xD3, 0x61, 0x73, 0xD8, 0x2D, 0x0F, 0xBB,
    0x75, 0x3B, 0x73, 0x10, 0x1B, 0x27, 0x51, 0x15, 0xA8, 0x46, 0x08, 0xE8, 0xAB, 0x9F, 0x2E, 0xA4,
    0x51, 0xBD, 0x5E, 0xC7, 0x05, 0x8E, 0x56, 0x44, 0xEC, 0x93, 0x48, 0xFB, 0x5A, 0x62, 0xB7, 0xE6,
    0x8B, 0x44, 0x8B, 0xC4, 0x68, 0x56, 0x8E, 0xAD, 0xB6, 0xE2, 0x22, 0x79, 0x56, 0x1F, 0xB6, 0x47,
    0x97, 0xCE, 0x67, 0x12, 0x62, 0xC8, 0x70, 0xAD, 0xD5, 0x49, 0x38, 0xFA, 0xD0, 0x81, 0xB6, 0x60,
    0x73, 0xA1, 0xDE, 0xB4, 0xC0, 0xA2, 0xF4, 0x28, 0xB6, 0xB5, 0x53, 0x86, 0xE4, 0xD4, 0x66, 0x2F,
    0x92, 0xF1, 0x99, 0x94, 0xB1, 0x25, 0xFD, 0xE4, 0xAA, 0x02, 0xD2, 0xF2, 0x40, 0x4C, 0xE3, 0x21,
    0xCE, 0xE7, 0x60, 0xD4, 0xB9, 0xA1, 0x76, 0x84, 0xDC, 0xB7, 0x2C, 0x0A, 0x52, 0xC8, 0xE0, 0x9C,
    0x27, 0x72, 0x7E, 0x12, 0xAB, 0x89, 0xF1, 0xD5, 0xCC, 0x06, 0x5A, 0x65, 0xFF, 0xF3, 0xED, 0x0D,
    0x70, 0x37, 0x32, 0x68, 0xFB, 0xD7, 0x63, 0x30, 0xDC, 0x3F, 0x41, 0x37, 0xE4, 0xC5, 0x4A, 0xCC,
    0x97, 0x4D, 0xDB, 0xB9, 0xE9, 0x77, 0x9E, 0x79, 0x43, 0x21, 0xEC, 0x4E, 0xFA, 0xE3, 0xCB, 0xBA,
    0xE4, 0xD3, 0xFE, 0xF8, 0xFE, 0xAD, 0x4B, 0xDF, 0x1E, 0x10, 0x8F, 0x1D, 0xD1, 0xAA, 0x8E, 0x28,
    0xF4, 0x42, 0x97, 0x76, 0x44, 0xDB, 0x86, 0x5C, 0x58, 0x1F, 0xCE, 0x3B, 0xB2, 0x6E, 0x24, 0x32,
    0x47, 0xAE, 0xEE, 0xA8, 0xA8, 0xA3, 0x6C, 0xC4, 0x63, 0x02, 0x31, 0xE6, 0xED, 0xB2, 0x1C, 0xCE,
    0xBA, 0xF5, 0x1E, 0x41, 0xE7, 0x2C, 0xDA, 0x6A, 0x98, 0x1F, 0x82, 0xEA, 0xA0, 0x57, 0x08, 0xE1,
    0x74, 0xD8, 0x60, 0x2C, 0x08, 0x3A, 0xD7, 0x8E, 0x4D, 0x92, 0x41, 0x6C, 0xB6, 0x0D, 0x94, 0x12,
    0x3A, 0x8F, 0xE9, 0xFC, 0xC9, 0x61, 0x07, 0xE7, 0x49, 0x38, 0x1D, 0xC2, 0x44, 0x18, 0x09, 0xF4,
    0xEC, 0x2C, 0x7A, 0x11, 0x15, 0x65, 0x84, 0xC5, 0x76, 0xEB, 0x76, 0x71, 0x07, 0x77, 0x71, 0xEB,
    0xD6, 0xF8, 0xE3, 0x0B, 0x83, 0xA0, 0xAD, 0x48, 0x93, 0x54, 0x14, 0x5F, 0x16, 0xC4, 0x77, 0x05,
    0x7A, 0x55, 0xA0, 0xE5, 0x2F, 0xE4, 0x8F, 0x48, 0x1A, 0x8B, 0x8A, 0xF5, 0x9A, 0x54, 0x06, 0xE4,
    0x03, 0x56, 0xF9, 0x80, 0x20, 0x37, 0xE2, 0xA2, 0xBF, 0xD9, 0xC8, 0xD1, 0x8F, 0xF3, 0x53, 0x61,
    0x8E, 0x5D, 0xC8, 0x5F, 0xA2, 0xA2, 0xFE, 0x0F, 0xBF, 0xAE, 0xE9, 0x4F, 0x5F, 0xD7, 0xAC, 0xB2,
    0x7F, 0x61, 0x3B, 0x1D, 0x9B, 0xF4, 0xCD, 0xF1, 0xCA, 0xAD, 0x36, 0x68, 0x6E, 0x70, 0xBA, 0x5F,
    0x39, 0x48, 0xE9, 0xCE, 0x13, 0xA8, 0xB2, 0x23, 0x28, 0x85, 0xB5, 0xC3, 0xD3, 0x06, 0x4F, 0xDA,
    0x76, 0x27, 0xFB, 0x95, 0xB0, 0xB7, 0x0B, 0x40, 0x47, 0x24, 0x2A, 0x38, 0xAC, 0xE0, 0xA0, 0x12,
    0x1A, 0x68, 0x24, 0xB7, 0x47, 0x92, 0x71, 0x4B, 0x25, 0xE0, 0x89, 0x19, 0xE1, 0xDF, 0xDB, 0xCC,
    0xFD, 0x70, 0xBB, 0x99, 0xE3, 0x5E, 0x6E, 0xBB, 0xA1, 0xEB, 0x08, 0x2E, 0x6E, 0xE0, 0x4E, 0x77,
    0x71, 0x72, 0x3B, 0xBB, 0x29, 0xEB, 0xCC, 0x16, 0x0C, 0xEA, 0x58, 0x4A, 0xEA, 0x6D, 0x5C, 0x1B,
    0x37, 0xC6, 0x4D, 0x64, 0x17, 0xEF, 0x81, 0x96, 0x7B, 0xC4, 0x6C, 0x85, 0x0E, 0x9C, 0x72, 0x32,
    0xBA, 0xBE, 0xF8, 0x7A, 0x35, 0xBE, 0xDE, 0x97, 0x0F, 0x57, 0xB3, 0x51, 0xF7, 0xF5, 0x87, 0x8B,
    0xB8, 0x79, 0xD7, 0x06, 0xDD, 0xD8, 0xBD, 0x38, 0x9B, 0xC5, 0x7A, 0x00, 0x8F, 0x97, 0x96, 0xEA,
    0xEE, 0x52, 0xDA, 0xD0, 0xCF, 0xD5, 0x87, 0x73, 0x65, 0x83, 0x3F, 0x57, 0x7F, 0x99, 0xEA, 0xD1,
    0x44, 0xA8, 0x1E, 0x8C, 0xE4, 0x89, 0xA7, 0x9D, 0x5E, 0xDC, 0x37, 0x9F, 0x5E, 0xAD, 0x46, 0x73,
    0xB0, 0x0B, 0x0B, 0x33, 0x97, 0x85, 0xC6, 0x97, 0x8B, 0x12, 0x82, 0xD5, 0x1D, 0x51, 0xC3, 0xF4,
    0xE4, 0xA0, 0xB3, 0x58, 0x4E, 0xDE, 0xCE, 0x4C, 0x81, 0xBB, 0x31, 0x30, 0x06, 0xA2, 0x3E, 0x5C,
    0x69, 0x31, 0xF0, 0xB8, 0xA7, 0x14, 0x29, 0x76, 0xAC, 0x0C, 0x53, 0xAD, 0x07, 0xF6, 0x19, 0x56,
    0xE6, 0x5E, 0xBE, 0xAE, 0xF9, 0x82, 0xC4, 0xAE, 0xDD, 0x19, 0xCC, 0x7D, 0x94, 0x5F, 0x8A, 0xAA,
    0x7B, 0xAB, 0x75, 0x75, 0x68, 0xEE, 0xB0, 0xA1, 0x43, 0xF7, 0xFA, 0x6C, 0xAE, 0x3B, 0x14, 0x3C,
    0xC7, 0x74, 0x2B, 0x7B, 0x84, 0xD1, 0xCD, 0xE5, 0xFA, 0x66, 0xED, 0xDD, 0xA1, 0xC4, 0xD4, 0x78,
    0x1B, 0x4A, 0x8C, 0xCD, 0xD0, 0xF9, 0x1A, 0x3E, 0x38, 0xD7, 0x8B, 0x14, 0x8A, 0x22, 0xD9, 0xB4,
    0xE6, 0xDB, 0x9E, 0x9C, 0x6F, 0x1E, 0xBF, 0xAF, 0x3E, 0xB7, 0x98, 0xF2, 0xD9, 0xF0, 0x50, 0xE8,
    0x70, 0xEC, 0xF6, 0xA8, 0x36, 0x65, 0x38, 0x5D, 0x92, 0x83, 0x80, 0x13, 0x51, 0xBF, 0xCD, 0x30,
    0xD3, 0x69, 0x61, 0xF9, 0x88, 0x58, 0x7D, 0x43, 0x6C, 0xEE, 0x11, 0xBB, 0x0F, 0x19, 0x0D, 0x4C,
    0x27, 0xF6, 0x6B, 0xEA, 0x28, 0xF2, 0x95, 0x31, 0x66, 0x86, 0x2C, 0xC4, 0x9C, 0xC4, 0xC4, 0xF8,
    0xA6, 0x44, 0x08, 0x62, 0x46, 0x6C, 0x73, 0x5C, 0x7B, 0x59, 0x6B, 0x46, 0xA2, 0x6A, 0xA2, 0x15,
    0x9D, 0x18, 0xCA, 0x63, 0x08, 0x4C, 0x5D, 0xA8, 0x3A, 0x50, 0x83, 0xDA, 0x87, 0xCE, 0x33, 0xBC,
    0xDC, 0xBD, 0x7E, 0xEC, 0x38, 0xD3, 0xDF, 0xAA, 0x71, 0xB0, 0xAF, 0x38, 0x7C, 0xCC, 0x82, 0xC2,
    0x89, 0xFE, 0x05, 0x86, 0x12, 0x29, 0x86, 0x4A, 0x6D, 0xE7, 0x41, 0x65, 0xFE, 0x38, 0x17, 0x3B,
    0x7F, 0xDC, 0x10, 0x3B, 0xBF, 0x23, 0x94, 0x7C, 0xC3, 0x5E, 0xDB, 0x40, 0xAC, 0x98, 0x8F, 0x13,
    0xF2, 0x73, 0xF6, 0x6D, 0x2F, 0x9A, 0x0A, 0x57, 0xEC, 0xE9, 0xFF, 0x00, 0xD5, 0x98, 0x01, 0xC4,
    0x27, 0xC7, 0xDD, 0xC7, 0x67, 0xFF, 0x9B, 0x64, 0x79, 0x17, 0xFB, 0xE2, 0x8D, 0x97, 0x0B, 0xF6,
    0x05, 0x90, 0x17, 0x0B, 0x45, 0x0B, 0x66, 0xEF, 0x8E, 0x42, 0xD1, 0x43, 0x9F, 0x50, 0x41, 0xA0,
    0x45, 0x0A, 0x01, 0x50, 0xC8, 0xFE, 0xD3, 0x20, 0x28, 0x14, 0x4D, 0x0A, 0x68, 0x10, 0x34, 0x57,
    0x04, 0x00, 0x9A, 0xEC, 0xD6, 0x21, 0x80, 0x6E, 0xA5, 0x05, 0xC5, 0x6D, 0x7B, 0x89, 0x70, 0x41,
    0xB6, 0x6C, 0x64, 0xEF, 0x6E, 0x76, 0xBF, 0xFD, 0x7D, 0xEC, 0x3C, 0x6B, 0x3D, 0xCE, 0x55, 0x21,
    0x72, 0x23, 0xF7, 0xD9, 0x89, 0xFF, 0xEC, 0xCC, 0xF7, 0xFB, 0x9D, 0x9D, 0x99, 0xDD, 0xC7, 0x5D,
    0x96, 0x50, 0xF4, 0xCE, 0xA5, 0x6B, 0x35, 0x18, 0x17, 0x78, 0x0A, 0x65, 0xE7, 0x9C, 0xFB, 0xEF,
    0xC4, 0x5D, 0x29, 0xED, 0x04, 0x35, 0x1B, 0x4E, 0x0A, 0xC6, 0x4C, 0xB0, 0x78, 0x04, 0xCB, 0xAF,
    0xA1, 0xBF, 0x07, 0x9B, 0x4F, 0x16, 0xA3, 0xEE, 0x18, 0x13, 0xDD, 0x34, 0xA6, 0x4A, 0x57, 0x6B,
    0xBE, 0x9C, 0x8C, 0x45, 0x38, 0xC9, 0x9A, 0x4F, 0xD0, 0x4B, 0xC6, 0x56, 0x50, 0xF0, 0x04, 0xEB,
    0x54, 0x17, 0x2F, 0xA9, 0xCE, 0xED, 0x46, 0xD5, 0x45, 0x30, 0x9E, 0xAB, 0x09, 0xFA, 0xD1, 0xD8,
    0xB5, 0x3D, 0xDC, 0x24, 0xA5, 0x63, 0x55, 0xBB, 0x7C, 0x6E, 0x3A, 0x57, 0xCC, 0x6D, 0xE7, 0xF2,
    0xB1, 0xA9, 0x9D, 0xAB, 0x9F, 0x89, 0x82, 0x93, 0x5F, 0x1B, 0x2A, 0x15, 0xA3, 0x0D, 0x71, 0x77,
    0xA4, 0xEF, 0x21, 0xD3, 0x17, 0xEA, 0x0B, 0x25, 0xEA, 0xCB, 0x60, 0xBD, 0x54, 0xB3, 0xC1, 0xBA,
    0xA5, 0xEF, 0x44, 0x75, 0x33, 0x98, 0xAA, 0x66, 0x48, 0xE5, 0xDA, 0x21, 0x03, 0xC5, 0xEA, 0x9A,
    0xB1, 0x5A, 0x9C, 0x5F, 0xCD, 0xAA, 0x97, 0xA1, 0xD4, 0xE7, 0xB3, 0x19, 0xFF, 0xC1, 0x6C, 0x09,
    0x45, 0x0D, 0xB2, 0x72, 0x26, 0x88, 0xCB, 0x4A, 0x29, 0x5C, 0x10, 0xC7, 0x65, 0xA5, 0xFD, 0x42,
    0x17, 0x17, 0x28, 0xD2, 0xC7, 0x6B, 0xBC, 0x09, 0x7B, 0x56, 0xF2, 0x15, 0x87, 0xDC, 0x1D, 0x62,
    0xC5, 0x4F, 0xE5, 0x72, 0x71, 0xCB, 0x39, 0x46, 0x96, 0x46, 0x87, 0xDB, 0xAD, 0x72, 0x32, 0x99,
    0xA2, 0x62, 0xDA, 0xFC, 0xC3, 0xDB, 0xBF, 0xDA, 0x86, 0x1C, 0x1C, 0x2E, 0x25, 0xF5, 0x54, 0x1A,
    0x69, 0x0B, 0x47, 0xB1, 0x72, 0xD2, 0x5F, 0x2F, 0x44, 0xC5, 0x5C, 0x25, 0x9B, 0xCE, 0x95, 0x9C,
    0xAD, 0x6A, 0x11, 0x20, 0xBE, 0xB6, 0x21, 0xA9, 0x30, 0x15, 0x83, 0xF5, 0x2D, 0xC5, 0xEC, 0x7E,
    0xEA, 0x48, 0xEF, 0xAE, 0x75, 0x2C, 0xDD, 0x95, 0x6C, 0xCA, 0x28, 0x21, 0xD3, 0xDF, 0xB4, 0x98,
    0xDC, 0xF5, 0xA4, 0x31, 0x0B, 0x65, 0x48, 0xD4, 0xE5, 0xA1, 0x9A, 0x90, 0x19, 0xC8, 0xF2, 0xBE,
    0x26, 0xD2, 0x94, 0x7A, 0xF2, 0x94, 0x45, 0xD8, 0xA7, 0x7A, 0x78, 0xCB, 0xB5, 0xBD, 0xE9, 0x76,
    0xA4, 0xAA, 0xE8, 0xEE, 0x9C, 0xD4, 0x96, 0xAC, 0x3E, 0x7B, 0x0D, 0x5F, 0x48, 0x2A, 0xF4, 0x39,
    0x82, 0x32, 0xBD, 0x75, 0x4F, 0x0F, 0x48, 0xD8, 0x3D, 0xEF, 0x2E, 0xCB, 0x69, 0x71, 0x32, 0x5D,
    0x36, 0x2A, 0xEE, 0x7E, 0x1F, 0xE8, 0x4A, 0x13, 0x71, 0xE3, 0xEA, 0x58, 0x0A, 0x26, 0xCA, 0x95,
    0x90, 0x60, 0x66, 0x26, 0x42, 0xF0, 0x2B, 0x72, 0x35, 0x89, 0x0C, 0x3F, 0xC0, 0xB6, 0x87, 0xEA,
    0xA0, 0xE5, 0x54, 0xBB, 0x04, 0x15, 0x50, 0x35, 0x21, 0x89, 0xD8, 0x6E, 0xDF, 0x86, 0x34, 0xC9,
    0x56, 0xB8, 0xCD, 0x5C, 0xB1, 0x31, 0xEC, 0xBC, 0x32, 0x60, 0x24, 0x02, 0xFF, 0xEB, 0xDD, 0xE7,
    0xDE, 0x73, 0xC5, 0x98, 0x4F, 0x2E, 0x9F, 0xCA, 0x91, 0x84, 0x7B, 0x3A, 0xAF, 0x9D, 0xFB, 0xFF,
    0x4F, 0x5D, 0x2C, 0x3F, 0xAE, 0xAD, 0x63, 0xEE, 0x69, 0xA4, 0x6D, 0xFC, 0x54, 0x6F, 0xE8, 0x6C,
    0xA3, 0xE8, 0x5C, 0xCE, 0x86, 0x6A, 0xCA, 0x54, 0xFB, 0x87, 0xAD, 0x68, 0x11, 0x40, 0xEF, 0xDA,
    0xF5, 0xBD, 0xE8, 0xA1, 0x19, 0xC0, 0xE8, 0xFE, 0xCF, 0xF9, 0xF5, 0xE5, 0x11, 0x29, 0xA3, 0xCB,
    0x41, 0x22, 0xD2, 0x79, 0xB6, 0x76, 0xB1, 0xBC, 0x40, 0xAE, 0x98, 0x04, 0x23, 0x98, 0xDD, 0x03,
    0xD7, 0x84, 0x4B, 0x47, 0x39, 0x16, 0x53, 0x1D, 0x90, 0xFC, 0x4C, 0x72, 0xAF, 0x49, 0xE2, 0x11,
    0x59, 0x0B, 0xC3, 0xE2, 0xF5, 0xF6, 0x2B, 0xA1, 0x99, 0x5C, 0x19, 0xDA, 0xC1, 0xF9, 0xD9, 0xF2,
    0x6B, 0x47, 0x75, 0x27, 0xF5, 0x1A, 0x72, 0x75, 0xAC, 0xE7, 0xCB, 0xC5, 0xA2, 0xC1, 0x9C, 0xAE,
    0x2E, 0x2A, 0x48, 0x5E, 0xDD, 0x26, 0x0D, 0x55, 0x0B, 0xB0, 0xDE, 0xBF, 0xCA, 0x10, 0x98, 0x88,
    0x39, 0xB8, 0xC4, 0x73, 0x52, 0x97, 0xC8, 0x90, 0x81, 0x52, 0xEF, 0xE8, 0xEC, 0x27, 0x93, 0xE2,
    0x87, 0x0C, 0x98, 0x50, 0x3F, 0x35, 0xB3, 0xAB, 0x70, 0x50, 0xE0, 0xE5, 0xA4, 0x99, 0x31, 0xDC,
    0x5E, 0x9A, 0x94, 0xBD, 0x82, 0x55, 0xAA, 0x1F, 0x82, 0x7C, 0xE4, 0x69, 0x42, 0xC3, 0xB7, 0x20,
    0x88, 0x58, 0xD2, 0xE9, 0x09, 0x9B, 0xD7, 0x37, 0x97, 0xD5, 0x31, 0x31, 0x0A, 0x81, 0xC5, 0xCA,
    0xC4, 0x25, 0xA6, 0x47, 0x21, 0xC1, 0xC7, 0x95, 0x7C, 0x36, 0x0B, 0xEC, 0x22, 0xF9, 0x42, 0xC5,
    0xBC, 0xA6, 0x2B, 0x5B, 0xBC, 0x3A, 0x1B, 0xCD, 0x55, 0xA3, 0x29, 0xD9, 0xF6, 0x6F, 0x92, 0x75,
    0x6D, 0xE7, 0x07, 0xCF, 0x18, 0xCD, 0xE0, 0x87, 0x96, 0xAE, 0xFD, 0xD8, 0xFC, 0x19, 0x3F, 0x76,
    0x4F, 0x7B, 0x47, 0xB5, 0x63, 0x0A, 0x74, 0x77, 0x5B, 0x6C, 0x4C, 0x4C, 0x5C, 0xD4, 0x1A, 0xA9,
    0x54, 0x97, 0x95, 0x56, 0x6A, 0x51, 0x98, 0xE8, 0x9E, 0xCA, 0x40, 0xA0, 0xBA, 0xC3, 0x6E, 0x4A,
    0xDB, 0x6C, 0x61, 0x28, 0x57, 0x2D, 0x79, 0xC8, 0xC4, 0x50, 0x73, 0x11, 0x52, 0xD1, 0x76, 0xA4,
    0x72, 0xB6, 0xB6, 0x5D, 0x31, 0x23, 0xB0, 0x50, 0x5D, 0x4E, 0x04, 0x59, 0xAD, 0xA6, 0x14, 0xED,
    0x4D, 0x60, 0x8F, 0x40, 0xD8, 0xA1, 0x9C, 0xA6, 0xEA, 0xEC, 0x28, 0x59, 0x68, 0xBA, 0xCD, 0xF4,
    0x65, 0x25, 0x9B, 0xFC, 0xF6, 0x13, 0x93, 0x77, 0x2C, 0xAF, 0x02, 0x77, 0xAD, 0x4E, 0x34, 0x98,
    0xE9, 0x8C, 0x79, 0x0A, 0xEC, 0x92, 0x54, 0x56, 0xCB, 0xA3, 0x35, 0xAB, 0xAF, 0x28, 0xD1, 0x75,
    0x7D, 0x86, 0xF8, 0x93, 0x52, 0xBC, 0x9F, 0x74, 0x43, 0x6C, 0x34, 0x9C, 0x9D, 0xC2, 0x8E, 0x55,
    0xAC, 0x50, 0x39, 0x51, 0x99, 0x8E, 0x95, 0x54, 0x31, 0x8D, 0x6C, 0x2D, 0xE6, 0x6A, 0xDC, 0xCE,
    0x91, 0xA9, 0x9C, 0xF0, 0x3E, 0x97, 0x13, 0xB1, 0x5C, 0xD3, 0x58, 0x8D, 0x85, 0xDE, 0xB5, 0xE0,
    0x7A, 0x3F, 0xE6, 0xD6, 0xDA, 0xAB, 0xF6, 0x43, 0x6A, 0x95, 0x66, 0x76, 0x4D, 0x8F, 0xD3, 0x6D,
    0x97, 0x4D, 0xF6, 0xD9, 0xFD, 0x28, 0x1B, 0x6C, 0xD4, 0x62, 0xDC, 0xE0, 0x96, 0x62, 0xB8, 0xFA,
    0x42, 0xC0, 0xF2, 0x41, 0x57, 0xB7, 0x2F, 0x9F, 0xC9, 0xFD, 0x9C, 0x0E, 0x6D, 0x60, 0xA4, 0x96,
    0x73, 0x04, 0x59, 0x3E, 0xFB, 0x92, 0x7A, 0xE6, 0xAD, 0x36, 0x58, 0x4F, 0x9E, 0x19, 0x7D, 0x51,
    0x42, 0xB6, 0x88, 0x4E, 0xDD, 0x11, 0x36, 0x2B, 0x3F, 0x71, 0xB9, 0xCE, 0xCD, 0x7D, 0xB1, 0xD9,
    0x69, 0x01, 0xD3, 0x76, 0xBF, 0x7B, 0x7E, 0xD7, 0x98, 0x0F, 0x8D, 0x8D, 0x30, 0xAA, 0x06, 0xE6,
    0xBB, 0x5F, 0xCD, 0xC1, 0x76, 0x28, 0xF3, 0x7C, 0xBF, 0x47, 0x47, 0x36, 0x6C, 0xC6, 0xF3, 0x93,
    0xD2, 0xCB, 0xE9, 0xD3, 0x72, 0x25, 0x32, 0x90, 0x01, 0xD2, 0x69, 0x48, 0xAF, 0xA5, 0x67, 0x1A,
    0xBB, 0x0B, 0xA6, 0xFD, 0x28, 0x7E, 0x76, 0xAF, 0xDF, 0xD6, 0x84, 0x82, 0x01, 0x9C, 0x0D, 0x0F,
    0x9C, 0xB5, 0x8B, 0x8F, 0xE4, 0xEA, 0x4A, 0x50, 0xD1, 0xBF, 0x67, 0x92, 0x9E, 0xBF, 0xA0, 0x43,
    0xB3, 0x10, 0x77, 0x10, 0x4F, 0x2F, 0x98, 0x66, 0x6E, 0xCD, 0x15, 0x87, 0xB6, 0x02, 0x90, 0x89,
    0x7C, 0x59, 0xDD, 0xBE, 0x9E, 0x7B, 0x43, 0x0B, 0xA8, 0x25, 0xEA, 0xBE, 0x6B, 0xD2, 0x3B, 0xFF,
    0x50, 0xAA, 0x7D, 0xEC, 0x7D, 0xB2, 0xD4, 0x55, 0x1F, 0xB7, 0x90, 0x8A, 0x21, 0xFD, 0x8E, 0x17,
    0x91, 0xCA, 0xBD, 0x04, 0x1B, 0x0D, 0x72, 0x2A, 0xB8, 0x64, 0xD7, 0x53, 0xAC, 0x35, 0x27, 0xD5,
    0x04, 0x56, 0xEB, 0xEA, 0x35, 0x11, 0xC9, 0x95, 0x6D, 0x05, 0x24, 0x3A, 0xEF, 0xA2, 0x99, 0xD9,
    0x75, 0x3F, 0x77, 0x46, 0x70, 0xDE, 0x4E, 0xAB, 0x58, 0x92, 0x8B, 0x8B, 0x9A, 0x31, 0xB9, 0x27,
    0x8F, 0xE4, 0xD6, 0x43, 0x29, 0xC7, 0xB8, 0xC2, 0xFC, 0xCA, 0x23, 0x81, 0xA3, 0xE1, 0x84, 0xF0,
    0x3E, 0xA5, 0xDB, 0xAE, 0xB0, 0xEE, 0xDA, 0x0E, 0x65, 0xE6, 0xFA, 0x4B, 0xE3, 0xB9, 0xFD, 0xAD,
    0x35, 0xBB, 0xAE, 0x6A, 0x4C, 0x94, 0x2E, 0x34, 0xCE, 0x83, 0x35, 0x5E, 0xCB, 0xB1, 0xE9, 0xF8,
    0x7F, 0x5B, 0x51, 0xA1, 0xED, 0xD4, 0xE5, 0x8B, 0xAC, 0x71, 0xFE, 0x68, 0x4D, 0x54, 0x5B, 0xB4,
    0x89, 0x2C, 0x5B, 0xDE, 0x2E, 0x4B, 0x0D, 0x29, 0x33, 0xD3, 0x19, 0xBD, 0xEA, 0x8C, 0x08, 0x5D,
    0x6E, 0x03, 0x06, 0x57, 0x84, 0x4D, 0xF2, 0xA6, 0x18, 0xA9, 0xE0, 0x20, 0x36, 0xB5, 0xDB, 0x27,
    0x83, 0x6D, 0x5D, 0xA8, 0xCD, 0x17, 0x60, 0x2A, 0x07, 0xBB, 0xB3, 0xED, 0x0D, 0xEA, 0xCA, 0xD9,
    0x50, 0xA1, 0xD3, 0x8F, 0x27, 0x60, 0x59, 0x5D, 0xEE, 0xB9, 0x86, 0xD1, 0xCC, 0xFA, 0x15, 0x97,
    0xFA, 0x9A, 0xFD, 0xFF, 0x5E, 0xB0, 0xC1, 0x6E, 0xDA, 0xB8, 0xB7, 0x1C, 0xE5, 0xF0, 0xFA, 0xBA,
    0x1D, 0x01, 0xDB, 0x19, 0x10, 0x0F, 0x01, 0x36, 0x92, 0x6F, 0x73, 0x78, 0x57, 0xCF, 0xAF, 0x1C,
    0xED, 0x59, 0x3C, 0xBF, 0xBE, 0xF9, 0x18, 0xF3, 0xE1, 0x75, 0x47, 0x46, 0xDA, 0xC9, 0x66, 0x70,
    0xDC, 0x0D, 0xF6, 0x1C, 0xD5, 0xB3, 0x38, 0xE3, 0x02, 0x8C, 0x5F, 0x20, 0x9D, 0xE5, 0x99, 0xA9,
    0x67, 0x97, 0xD6, 0xC8, 0x52, 0x68, 0xC6, 0x5C, 0xCE, 0x71, 0x5A, 0x19, 0xA7, 0x22, 0xC0, 0x32,
    0xC0, 0x6A, 0x36, 0x8E, 0x7E, 0x72, 0x70, 0x64, 0x6D, 0xC1, 0x76, 0x80, 0xEA, 0xFD, 0xC4, 0xC2,
    0xF7, 0x33, 0xEB, 0xA9, 0xB2, 0xA0, 0x08, 0xB3, 0x6E, 0x96, 0x78, 0x86, 0xA5, 0xDB, 0xBB, 0xBA,
    0x31, 0xAE, 0x40, 0x2B, 0xFF, 0xB3, 0x2B, 0xCB, 0x06, 0x6F, 0x9A, 0x26, 0x1B, 0xBD, 0x60, 0x4B,
    0x2B, 0x86, 0x16, 0xFD, 0x7B, 0x98, 0xAF, 0x22, 0x5E, 0x8C, 0xC5, 0x46, 0x86, 0x74, 0xBE, 0x64,
    0xEA, 0x62, 0x4D, 0x2C, 0x42, 0x72, 0xF4, 0x13, 0x18, 0x0D, 0xCD, 0x70, 0x89, 0xD6, 0x3C, 0x9D,
    0xDB, 0x3E, 0x35, 0x11, 0x24, 0xDA, 0x8C, 0x25, 0x61, 0x2A, 0xEC, 0xAF, 0x87, 0x9D, 0x4B, 0xB4,
    0xEC, 0xEF, 0x24, 0x4F, 0x8E, 0x68, 0x3E, 0x11, 0x11, 0xA7, 0x05, 0x9B, 0x82, 0x3F, 0x44, 0x54,
    0x59, 0x44, 0xB0, 0x94, 0x95, 0xA9, 0x82, 0xA3, 0x3F, 0x92, 0xA0, 0x62, 0x44, 0xC6, 0x04, 0xB1,
    0x31, 0x22, 0xEB, 0xA4, 0x30, 0x4D, 0x44, 0xF4, 0xE8, 0x09, 0x11, 0x3D, 0xDE, 0xFF, 0x6F, 0xCC,
    0xFF, 0x82, 0xFF, 0xED, 0x23, 0x0E, 0x20, 0xB5, 0xD9, 0xD1, 0xDE, 0xBF, 0x8D, 0xFF, 0x93, 0xF9,
    0xEF, 0x53, 0xFC, 0x33, 0xD6, 0xDA, 0xFE, 0x1B, 0xFF, 0x5D, 0x30, 0xFA, 0x4F, 0x56, 0x78, 0x67,
    0x81, 0xBF, 0x08, 0xC6, 0x67, 0xE2, 0xC3, 0xF4, 0x6D, 0x4F, 0x8A, 0x92, 0xF7, 0x1F, 0xC5, 0x95,
    0x50, 0xFD, 0xD3, 0x50, 0x1E, 0x8E, 0xC6, 0x6F, 0x34, 0xCC, 0x64, 0xE6, 0x4F, 0x09, 0x69, 0xF0,
    0xFD, 0xCE, 0xB9, 0xEA, 0xD8, 0xDF, 0x12, 0xC3, 0xB1, 0xBC, 0x60, 0x9E, 0xA2, 0x1D, 0x68, 0x2D,
    0x1B, 0xA1, 0xF0, 0x7B, 0xAE, 0xE5, 0x07, 0x4E, 0xB2, 0xFD, 0x9B, 0x2B, 0x5F, 0x61, 0x16, 0x19,
    0x8F, 0x61, 0x64, 0x90, 0x30, 0xDC, 0x0E, 0xC3, 0xFD, 0xAE, 0x6A, 0x86, 0x7E, 0x84, 0x82, 0x36,
    0x3F, 0xEE, 0x3B, 0x7C, 0x36, 0xD2, 0x50, 0xB1, 0x39, 0x1C, 0xE2, 0xA9, 0x78, 0x7C, 0xCD, 0xA8,
    0xDE, 0x98, 0x5D, 0x73, 0x27, 0x38, 0xFE, 0xF9, 0x9B, 0xB3, 0x3D, 0x07, 0xFC, 0x64, 0x2D, 0x6E,
    0xB9, 0xE7, 0xB4, 0x72, 0x82, 0x74, 0xA9, 0x34, 0x9C, 0xDE, 0xA6, 0x6B, 0x76, 0x06, 0x4B, 0x90,
    0x7F, 0x12, 0xFF, 0xE6, 0x44, 0x9A, 0x92, 0xDB, 0x2D, 0xBF, 0x11, 0xF8, 0xC0, 0xA4, 0xBE, 0xFE,
    0x81, 0xCE, 0x8D, 0x64, 0x16, 0x03, 0x2F, 0x65, 0x6C, 0x66, 0x74, 0x78, 0xF1, 0x23, 0x63, 0x1B,
    0x83, 0x98, 0x20, 0x5D, 0x1E, 0x4A, 0x2A, 0xCC, 0x9C, 0x44, 0x5F, 0x89, 0x6A, 0x7A, 0xD3, 0x99,
    0xC3, 0x1A, 0x09, 0x35, 0xAF, 0x98, 0xB2, 0xDC, 0x7A, 0x52, 0xF2, 0x03, 0x32, 0xB6, 0x4D, 0xAA,
    0x1A, 0x1B, 0x8C, 0x4D, 0xE2, 0x94, 0x79, 0xB8, 0x9D, 0xE8, 0xDA, 0xFF, 0x7C, 0x93, 0x6A, 0x86,
    0x7B, 0x30, 0xB0, 0xE3, 0x57, 0x1A, 0x72, 0xEA, 0xA0, 0x29, 0x40, 0x8D, 0x50, 0xFC, 0xD8, 0xAC,
    0xFB, 0xFB, 0xE2, 0xAE, 0xBC, 0x89, 0xAD, 0x66, 0x88, 0xFE, 0x63, 0xF1, 0x03, 0x6A, 0x8D, 0x76,
    0xBB, 0x67, 0xA3, 0x37, 0xA6, 0x42, 0x1B, 0xB3, 0x59, 0x8E, 0x45, 0x80, 0xD5, 0xC4, 0x1E, 0xE8,
    0x47, 0xD8, 0xF6, 0x50, 0x68, 0x7E, 0x20, 0x34, 0x3F, 0x14, 0xAA, 0x1E, 0x2D, 0x70, 0xD7, 0x0C,
    0x07, 0x28, 0x64, 0xD1, 0x2F, 0xF5, 0xFD, 0x29, 0x89, 0x4F, 0x40, 0x33, 0x01, 0x0D, 0x30, 0xEA,
    0x8F, 0xA2, 0x8E, 0x12, 0x6F, 0xD0, 0xAA, 0x7D, 0x8B, 0x3B, 0xF4, 0x4B, 0xD8, 0x66, 0x93, 0x91,
    0x09, 0x7F, 0x0A, 0x66, 0x21, 0x96, 0xEA, 0x86, 0x75, 0xC4, 0xC3, 0x4A, 0xAB, 0x8F, 0x61, 0x73,
    0x73, 0x8E, 0x2E, 0x9E, 0xA2, 0x19, 0xB9, 0xFD, 0xFD, 0xDF, 0x71, 0x1B, 0xF1, 0xE5, 0xC1, 0x13,
    0xDC, 0xD0, 0xDA, 0x90, 0xFE, 0x3A, 0x83, 0xFD, 0x21, 0x1D, 0x9E, 0x8E, 0x19, 0x89, 0x2E, 0x8A,
    0xB0, 0xBB, 0x18, 0x5B, 0xCB, 0xC3, 0xBF, 0x81, 0x8B, 0x0F, 0x4F, 0xE3, 0x53, 0xB7, 0x46, 0x96,
    0x9C, 0x23, 0x6F, 0x2D, 0x47, 0x3E, 0xA3, 0x2A, 0xE3, 0x29, 0x94, 0xFD, 0x63, 0xFE, 0x58, 0x6C,
    0xDD, 0xDB, 0x44, 0xA4, 0xA2, 0x92, 0xAD, 0x30, 0x5F, 0xA8, 0x14, 0x61, 0xE3, 0xF6, 0x87, 0x02,
    0x2A, 0x25, 0x74, 0xD5, 0x64, 0x15, 0xC8, 0x7F, 0xC1, 0x79, 0xA3, 0xDE, 0x31, 0xE9, 0xA5, 0xE2,
    0xE1, 0xA2, 0x81, 0x83, 0x8A, 0x69, 0xB8, 0xF6, 0xBE, 0x50, 0xE7, 0x0E, 0xE4, 0x53, 0x05, 0x63,
    0xF5, 0x6E, 0x0C, 0xEE, 0x47, 0xC4, 0xE2, 0xF6, 0xAD, 0x3C, 0xC4, 0x33, 0xBD, 0x01, 0xFE, 0xCD,
    0x70, 0x75, 0x5D, 0xC4, 0x17, 0xD1, 0x04, 0x9C, 0xB6, 0xAF, 0x64, 0xD7, 0x80, 0xB6, 0xCF, 0x57,
    0x43, 0xB1, 0x18, 0x2A, 0xC3, 0x43, 0x5E, 0xBB, 0x65, 0xF0, 0xFA, 0xD2, 0x1C, 0xE8, 0x95, 0xC9,
    0x25, 0xB7, 0x08, 0xC4, 0xF9, 0x1D, 0xCD, 0xB0, 0x7F, 0xD1, 0x31, 0x43, 0xB4, 0x2E, 0x41, 0x25,
    0xCD, 0xDB, 0xE7, 0x1C, 0x7F, 0x90, 0xDC, 0x12, 0x6E, 0xFA, 0x63, 0x5B, 0x80, 0x2B, 0x50, 0xE3,
    0x0C, 0x4B, 0x3B, 0xB0, 0x45, 0x80, 0xD6, 0x67, 0xD8, 0x31, 0x1B, 0x4A, 0x59, 0xB5, 0x02, 0x5E,
    0x33, 0x98, 0x36, 0x4B, 0x8F, 0x11, 0x05, 0xE2, 0x40, 0xB1, 0xB4, 0x9C, 0xBD, 0x62, 0x01, 0x80,
    0x84, 0x33, 0xF5, 0x74, 0x65, 0xF0, 0xF5, 0x89, 0x83, 0x4F, 0x0C, 0xA6, 0x91, 0x71, 0x07, 0xC0,
    0x19, 0x6E, 0x30, 0x76, 0xFB, 0x68, 0x67, 0x50, 0x63, 0xCB, 0x5D, 0xE2, 0x7D, 0xC3, 0xA1, 0x14,
    0xDD, 0x87, 0xDB, 0x4C, 0xFC, 0x5D, 0x8E, 0xE2, 0xFF, 0xB1, 0x5D, 0xAB, 0x3F, 0x32, 0xE6, 0xE3,
    0xDE, 0xE9, 0x29, 0x28, 0x20, 0x43, 0x44, 0xE0, 0x0E, 0xD3, 0xDB, 0x32, 0xDA, 0xAF, 0x1C, 0xBC,
    0xB8, 0x67, 0x01, 0xD0, 0xC4, 0x6D, 0x5B, 0xC3, 0xE6, 0x4D, 0x7F, 0x89, 0x57, 0x4D, 0x38, 0x4C,
    0x24, 0x61, 0x92, 0x47, 0xAE, 0x2B, 0x96, 0xED, 0x6D, 0xAB, 0x08, 0x76, 0x4D, 0x34, 0x96, 0x76,
    0x5D, 0x79, 0x99, 0x9E, 0x69, 0xEA, 0x59, 0x90, 0xD6, 0x94, 0x2D, 0x85, 0x34, 0x9A, 0x78, 0xD5,
    0xD0, 0x8C, 0xAE, 0x9C, 0x33, 0x75, 0xED, 0xC0, 0xB4, 0xEB, 0x8C, 0x2C, 0x52, 0x45, 0x0E, 0xE3,
    0x88, 0xEB, 0x5A, 0x33, 0xCD, 0x7B, 0xC9, 0x86, 0x86, 0x0B, 0x9F, 0x00, 0x87, 0xCB, 0xD0, 0x1A,
    0xE3, 0xD7, 0xC0, 0xD5, 0x65, 0x86, 0x3D, 0x93, 0xC3, 0x25, 0xE3, 0xA2, 0x33, 0x93, 0xC3, 0xD7,
    0x5C, 0xC0, 0x2A, 0x17, 0x9A, 0x95, 0xEB, 0x5A, 0xA7, 0x42, 0xC0, 0x98, 0xAD, 0x5C, 0x02, 0x9F,
    0x74, 0x6B, 0xBB, 0xE4, 0x81, 0x37, 0xD4, 0x15, 0xE5, 0x43, 0x16, 0x2F, 0x8B, 0x59, 0xE3, 0x1B,
    0xCD, 0x9C, 0xF9, 0x89, 0xBF, 0xE9, 0x23, 0x78, 0xC4, 0x97, 0xD4, 0x7B, 0x56, 0xE2, 0x6A, 0xBF,
    0xC7, 0x37, 0xBD, 0x27, 0x3C, 0xD9, 0x8F, 0x59, 0x05, 0x80, 0x66, 0x03, 0xCD, 0xFA, 0x0D, 0x8D,
    0xD4, 0xB9, 0xFF, 0xD5, 0x45, 0x7D, 0x7C, 0xB8, 0x40, 0x11, 0xC0, 0xF6, 0x72, 0xB7, 0x5C, 0x3E,
    0xD9, 0x3B, 0xD8, 0x31, 0x8E, 0x8F, 0x77, 0x6B, 0xF0, 0xEA, 0x41, 0x07, 0x9C, 0x81, 0x16, 0x87,
    0x52, 0xC5, 0x31, 0xBB, 0x0D, 0x8D, 0x74, 0xBE, 0xB2, 0x16, 0xAE, 0xE9, 0xFE, 0xD9, 0x55, 0xB1,
    0xC5, 0x19, 0xD4, 0xEE, 0xF8, 0xF0, 0x5F, 0xC4, 0x43, 0xA2, 0x00, 0xBB, 0x34, 0xB6, 0xF7, 0x5D,
    0x2F, 0x60, 0xE0, 0x52, 0x23, 0x18, 0x40, 0x87, 0xA3, 0xE3, 0xD3, 0xCA, 0xC3, 0xC7, 0x36, 0x28,
    0x87, 0x5F, 0x76, 0xE0, 0x4C, 0x6C, 0x7B, 0x0C, 0xC6, 0x2D, 0x27, 0xDD, 0xD8, 0xF6, 0x80, 0x37,
    0xC5, 0x1D, 0xFA, 0x13, 0x77, 0xC7, 0x97, 0x2B, 0xE7, 0xE9, 0x39, 0xFA, 0xC4, 0x54, 0x6D, 0xC4,
    0x30, 0x05, 0xC1, 0xDC, 0xCE, 0x6F, 0x48, 0xE5, 0x52, 0x06, 0x26, 0xC1, 0xBA, 0xDF, 0x96, 0xC3,
    0xC0, 0x38, 0x27, 0x75, 0xE4, 0x99, 0xC9, 0x5C, 0x04, 0xC4, 0x71, 0xF1, 0x28, 0x9A, 0x49, 0x32,
    0xD3, 0xB4, 0x25, 0x36, 0x42, 0xE7, 0x8F, 0x17, 0x04, 0xEE, 0xA7, 0x84, 0x5D, 0xCE, 0xDB, 0x05,
    0x62, 0xE1, 0x4A, 0xF1, 0x63, 0x4A, 0x90, 0x53, 0x2E, 0x66, 0x0C, 0xA7, 0x45, 0xF0, 0x13, 0xB6,
    0xD5, 0x63, 0x97, 0xDB, 0x79, 0xA0, 0x30, 0x1B, 0x0E, 0xAF, 0xE8, 0x70, 0x53, 0x81, 0x32, 0xFC,
    0x11, 0x81, 0x3E, 0xD7, 0x85, 0xFD, 0x78, 0x47, 0xAA, 0x73, 0x9D, 0x8C, 0xD6, 0xA1, 0x48, 0x0E,
    0x32, 0x4D, 0x87, 0x2D, 0xBF, 0x80, 0x64, 0x4B, 0x17, 0x33, 0xD4, 0x08, 0xD5, 0xEF, 0x47, 0x1F,
    0x85, 0x79, 0x30, 0x89, 0x34, 0xCF, 0xC5, 0x0F, 0x57, 0xA6, 0xA3, 0x65, 0x3A, 0x74, 0x5D, 0xB8,
    0xBD, 0x32, 0x1D, 0x5F, 0xCE, 0x9B, 0xF5, 0x09, 0x4A, 0x74, 0xDC, 0x6E, 0x17, 0xA3, 0xBA, 0xFD,
    0x92, 0x42, 0xBA, 0x6E, 0xFB, 0xC7, 0x4C, 0x47, 0xB5, 0x4D, 0x47, 0x1C, 0x95, 0xE7, 0x87, 0xE9,
    0x58, 0xDD, 0x36, 0x1D, 0x6E, 0x9B, 0x8E, 0xFA, 0x3F, 0xCB, 0x13, 0x99, 0x92, 0xA6, 0xC8, 0xC4,
    0x38, 0xBA, 0xE4, 0x03, 0xAD, 0xEF, 0x5E, 0xCD, 0x73, 0x75, 0xE4, 0x89, 0x71, 0xB1, 0x33, 0x92,
    0x67, 0x87, 0x75, 0xEB, 0xED, 0x5F, 0xDD, 0x98, 0x01, 0xA4, 0xE5, 0xE8, 0x15, 0xC7, 0x7F, 0x49,
    0xCC, 0x5C, 0x7D, 0xC1, 0xB7, 0x18, 0xCA, 0x14, 0xB7, 0x00, 0x1D, 0x34, 0x00, 0x50, 0xFD, 0xBE,
    0xB6, 0x58, 0x2C, 0x66, 0xB0, 0x53, 0xAA, 0x50, 0x28, 0xBA, 0xE8, 0x02, 0xC0, 0x9A, 0xA4, 0x5B,
    0x94, 0x16, 0x7B, 0x51, 0x00, 0x3A, 0x18, 0xD5, 0x99, 0xA2, 0x00, 0x4A, 0x77, 0x92, 0x2A, 0x05,
    0x90, 0xCE, 0x2A, 0x80, 0x86, 0x2E, 0x45, 0xD1, 0xA8, 0xBB, 0x9A, 0x9D, 0x49, 0x72, 0xEA, 0x9C,
    0x1C, 0xEE, 0xD3, 0x37, 0x00, 0x7D, 0x73, 0xDF, 0x1E, 0x37, 0xFF, 0xC7, 0x95, 0xE4, 0x3B, 0xE7,
    0xF7, 0x3F, 0xE7, 0x26, 0xDF, 0x03, 0xDA, 0x23, 0x80, 0x4C, 0x40, 0x2E, 0x33, 0xB0, 0x33, 0x0D,
    0xAF, 0x54, 0xF7, 0xFF, 0x51, 0x8D, 0x7F, 0x57, 0xAD, 0x3F, 0x59, 0x00, 0xF9, 0xD3, 0x02, 0x99,
    0x7C, 0x67, 0x81, 0x42, 0x8A, 0x15, 0x76, 0x4B, 0xBE, 0x42, 0x98, 0x73, 0x81, 0xFD, 0x51, 0x35,
    0x8A, 0x08, 0xB4, 0xA6, 0xA2, 0x9A, 0xAB, 0xA6, 0x42, 0x1E, 0x7E, 0x57, 0x52, 0xB9, 0x80, 0xA4,
    0x30, 0x83, 0x34, 0xD5, 0x51, 0x35, 0x8E, 0x20, 0x5D, 0xDB, 0xAB, 0x72, 0x39, 0xF8, 0x58, 0xA5,
    0x90, 0x4D, 0x93, 0x29, 0x40, 0xBE, 0xE0, 0x01, 0xD9, 0x2F, 0x81, 0x4A, 0xC2, 0x48, 0x2B, 0x7F,
    0x1B, 0x75, 0xA1, 0x61, 0x27, 0xFF, 0x94, 0x3E, 0x48, 0x26, 0xFD, 0x7E, 0x46, 0xBA, 0x6A, 0x42,
    0xBA, 0x38, 0xDA, 0x42, 0x99, 0xA4, 0x7A, 0xC8, 0x85, 0x7A, 0x28, 0x84, 0x76, 0xD8, 0xA9, 0x84,
    0x95, 0x7A, 0xAC, 0x16, 0xE2, 0x2A, 0xB3, 0xA6, 0x3E, 0xB3, 0x97, 0x7F, 0x4C, 0xEC, 0xE4, 0x9D,
    0x09, 0xDE, 0xC2, 0x83, 0x47, 0x40, 0x26, 0x0D, 0xE4, 0x9B, 0x24, 0x60, 0xE5, 0x7F, 0xA3, 0x5A,
    0x4C, 0x45, 0xF5, 0x9E, 0x9D, 0x43, 0x6D, 0xDA, 0xAA, 0x68, 0xED, 0x10, 0x06, 0xD5, 0x8B, 0x06,
    0x8F, 0xB3, 0xB3, 0xE0, 0xEE, 0x01, 0xA8, 0x67, 0x95, 0x15, 0xC8, 0x54, 0x58, 0x80, 0x72, 0x06,
    0xAA, 0x41, 0x25, 0x5D, 0x33, 0xFF, 0xEC, 0xA9, 0x2A, 0xC5, 0x84, 0x16, 0x6A, 0x08, 0xE3, 0x1A,
    0x13, 0x20, 0x5B, 0x7F, 0xCC, 0x55, 0x67, 0x6C, 0x43, 0xCF, 0x95, 0x30, 0xBE, 0x06, 0xD8, 0x09,
    0x3B, 0x62, 0x67, 0xEC, 0x90, 0x9D, 0xB2, 0x63, 0x76, 0xCE, 0x0E, 0xDA, 0x49, 0x3B, 0x6A, 0x67,
    0xED, 0xB0, 0x9D, 0xB6, 0xE3, 0x76, 0xDE, 0x0E, 0x9C, 0x8D, 0x38, 0x1B, 0x72, 0x36, 0xE6, 0x6C,
    0xD0, 0xD9, 0xA8, 0x73, 0xA5, 0xF3, 0xCB, 0x49, 0x75, 0x3F, 0x40, 0x3D, 0xC5, 0x44, 0x26, 0xF3,
    0x6F, 0xA0, 0x58, 0x6C, 0xDD, 0x21, 0x1A, 0xFD, 0x7D, 0xC3, 0x25, 0x03, 0xDC, 0x01, 0xB3, 0x00,
    0xF3, 0x00, 0x33, 0x01, 0x73, 0x01, 0xB3, 0x01, 0xF3, 0x01, 0x33, 0x02, 0x73, 0x02, 0xB3, 0x62,
    0xF3, 0x62, 0x33, 0x63, 0x73, 0x63, 0xB3, 0x63, 0xF3, 0x63, 0x33, 0x64, 0x73, 0xC4, 0x2D, 0x71,
    0x4F, 0x6E, 0x3F, 0x71, 0x3F, 0x34, 0x66, 0x2D, 0x8C, 0x6F, 0xC6, 0x15, 0x37, 0xC4, 0xFD, 0x38,
    0xD9, 0x71, 0xAE, 0xBD, 0xEE, 0xF3, 0xC8, 0x6E, 0x04, 0xF2, 0x63, 0x3D, 0xC1, 0x0F, 0x65, 0x76,
    0xDC, 0x4A, 0xDB, 0x61, 0x5F, 0x67, 0xAF, 0xDF, 0x4D, 0xAA, 0xC4, 0x0D, 0xDD, 0x97, 0x07, 0x8C,
    0xF4, 0xA0, 0x7C, 0x94, 0xAA, 0x5A, 0xF3, 0x0D, 0x2E, 0x75, 0x7E, 0x6C, 0xBE, 0x28, 0x9D, 0xDF,
    0x6E, 0xDA, 0xA9, 0x96, 0xA6, 0xCA, 0xBE, 0x9E, 0x3E, 0x46, 0xA7, 0xE0, 0x07, 0x9A, 0xC4, 0x6A,
    0xA3, 0x51, 0x03, 0xF1, 0x0C, 0xA6, 0xC0, 0x83, 0xD8, 0x4C, 0x80, 0xBC, 0x1A, 0x21, 0x7F, 0x25,
    0x03, 0x14, 0xDD, 0xFB, 0x09, 0xB8, 0xF5, 0x2E, 0x40, 0x5C, 0x4E, 0x73, 0xB1, 0xD4, 0x49, 0xCD,
    0xDA, 0x77, 0xE7, 0x3D, 0x17, 0x77, 0x78, 0x40, 0x26, 0x3F, 0x1D, 0x28, 0x44, 0x7A, 0xCA, 0x3F,
    0x4B, 0xE2, 0x36, 0x77, 0x80, 0x7B, 0x4F, 0x00, 0x9B, 0x90, 0x75, 0x81, 0x30, 0xB6, 0x66, 0x44,
    0xBA, 0xCE, 0x09, 0xB9, 0x78, 0xAA, 0x1A, 0x65, 0x83, 0xDA, 0x68, 0x2A, 0xB1, 0x83, 0x30, 0xA9,
    0xFB, 0x55, 0x57, 0x1C, 0xB9, 0x14, 0x37, 0xFD, 0x0D, 0xC7, 0x89, 0xB7, 0xB3, 0x26, 0xBF, 0x42,
    0x39, 0x4B, 0xA2, 0x1A, 0x62, 0x47, 0x9D, 0x42, 0x7F, 0x6E, 0x2F, 0x41, 0xF7, 0x92, 0xEA, 0x73,
    0x20, 0xFB, 0xD6, 0xF4, 0x00, 0x8A, 0x4F, 0x5E, 0x8C, 0x50, 0x0C, 0xBB, 0x01, 0xF2, 0xD5, 0x06,
    0x5B, 0xEC, 0xAA, 0x38, 0x71, 0x13, 0x5C, 0x5A, 0x00, 0xED, 0xA7, 0x8B, 0x77, 0x5E, 0x1C, 0x08,
    0x3F, 0x2F, 0x3B, 0xCA, 0xBE, 0x6A, 0xD8, 0x89, 0xE0, 0x59, 0xBE, 0x7F, 0xE0, 0xAA, 0x09, 0xBF,
    0xFA, 0x7F, 0x99, 0xE0, 0x80, 0x43, 0x07, 0x64, 0x6F, 0xF7, 0x4A, 0xF8, 0x2F, 0xFF, 0x7E, 0x3D,
    0xE1, 0xFA, 0x46, 0x10, 0xAE, 0x55, 0x22, 0x70, 0x71, 0xFF, 0xC3, 0x03, 0xE1, 0xC3, 0x5F, 0xBC,
    0x71, 0xC2, 0xC5, 0x60, 0x3A, 0xAB, 0xF2, 0x01, 0x90, 0x7D, 0xDB, 0x3B, 0xF9, 0x86, 0x72, 0xCE,
    0xC0, 0x5F, 0x72, 0x6E, 0x8D, 0x40, 0x36, 0x2A, 0xEC, 0xF3, 0x68, 0x67, 0x8F, 0xD8, 0xFF, 0xC1,
    0x70, 0x1E, 0x21, 0xFF, 0x4C, 0x14, 0xF0, 0xE1, 0x6E, 0x82, 0x2C, 0xA1, 0xE0, 0x87, 0x5C, 0xC1,
    0xAF, 0xBF, 0x1B, 0x95, 0x92, 0x74, 0xBE, 0x2D, 0xB9, 0x01, 0x4F, 0xCF, 0x17, 0xA3, 0x3F, 0x3D,
    0xFF, 0x28, 0x09, 0x8B, 0x90, 0x8A, 0x9E, 0xD0, 0xEF, 0x3B, 0x4A, 0x91, 0x86, 0x42, 0x56, 0x45,
    0xFE, 0xF8, 0xFA, 0xF6, 0x52, 0x8A, 0x36, 0x7B, 0x0C, 0xBB, 0xB1, 0xD8, 0xA0, 0x0E, 0x68, 0x8E,
    0xA7, 0x6E, 0xFE, 0xCA, 0xA7, 0x7C, 0xA1, 0x9E, 0x9E, 0x17, 0x4D, 0x7E, 0x20, 0x74, 0xA1, 0x27,
    0xBC, 0x6C, 0x0D, 0x7B, 0x22, 0xDF, 0xB0, 0x1F, 0x38, 0xAB, 0xA7, 0x67, 0xB0, 0xEB, 0x54, 0x2A,
    0x91, 0x89, 0x68, 0xF2, 0xD9, 0xC3, 0x07, 0x68, 0xFD, 0xD4, 0x03, 0xA0, 0x0C, 0xD8, 0xCC, 0xFA,
    0xEB, 0xC3, 0x94, 0x89, 0x48, 0xA3, 0x92, 0x34, 0x67, 0x0A, 0x79, 0xF6, 0x6C, 0x03, 0xB0, 0x5B,
    0x01, 0xE5, 0x48, 0x30, 0x99, 0x5D, 0xAE, 0xDC, 0xDD, 0x26, 0xEE, 0x14, 0x65, 0x0F, 0xBE, 0x9A,
    0x0B, 0x54, 0x27, 0xE4, 0xDF, 0x4B, 0x50, 0xCA, 0x04, 0xB5, 0x08, 0xD9, 0xE6, 0xD8, 0x4F, 0xA4,
    0x09, 0x0B, 0xD2, 0xEC, 0x27, 0xB3, 0x6B, 0x27, 0x29, 0xBE, 0x6C, 0x45, 0xCF, 0x98, 0x55, 0x7A,
    0xDA, 0xF5, 0x89, 0xE7, 0x5D, 0x0F, 0x2A, 0x23, 0x5F, 0x25, 0xAE, 0xDF, 0x1F, 0x35, 0x97, 0x91,
    0x52, 0x25, 0x13, 0xC5, 0x71, 0x2B, 0xE1, 0xF1, 0x63, 0xBC, 0xCA, 0x5C, 0xC5, 0x80, 0x39, 0xA6,
    0x53, 0x94, 0xAB, 0x11, 0xEB, 0xE0, 0xC2, 0x6E, 0x5E, 0xA9, 0xC4, 0xCE, 0x3B, 0xA0, 0x38, 0x02,
    0xF9, 0xE3, 0x37, 0x0D, 0xF6, 0xDE, 0x01, 0x68, 0x27, 0x95, 0xD9, 0xDA, 0x52, 0x65, 0xD6, 0x21,
    0x9B, 0x80, 0xD8, 0xAB, 0x5C, 0x33, 0xDD, 0x5B, 0x40, 0x1C, 0x2A, 0x40, 0xD6, 0x56, 0x09, 0xCB,
    0x02, 0xC5, 0xA8, 0x49, 0x16, 0x7D, 0x79, 0xE0, 0x14, 0x0E, 0xCE, 0x6B, 0xDB, 0x8A, 0x23, 0x9A,
    0x1A, 0x3C, 0xA5, 0xE7, 0xEB, 0x7A, 0x0A, 0x0A, 0xD0, 0x09, 0x62, 0x08, 0x4D, 0x13, 0x06, 0xD1,
    0x28, 0xAA, 0xE2, 0x1C, 0x1D, 0x24, 0x61, 0xD3, 0xF9, 0xA4, 0x57, 0x17, 0x3C, 0x35, 0xEA, 0x03,
    0x76, 0x4B, 0xA1, 0xE5, 0xFD, 0x6B, 0xD0, 0x6F, 0x3B, 0x1E, 0xED, 0x25, 0xF1, 0x41, 0xF6, 0xFB,
    0xEB, 0xC5, 0xC8, 0x7B, 0x09, 0xBC, 0x2D, 0x0B, 0x29, 0x26, 0x83, 0xF5, 0x91, 0x19, 0xEA, 0x10,
    0xC2, 0x08, 0x14, 0x93, 0x75, 0xE2, 0xEB, 0xA8, 0x7A, 0x95, 0x5E, 0xA6, 0xD7, 0xE9, 0x64, 0x1D,
    0xAD, 0xB3, 0x75, 0xB8, 0x1B, 0x5D, 0xC7, 0xEB, 0x7C, 0x1D, 0xB0, 0x13, 0x76, 0xC4, 0xCE, 0xD8,
    0x21, 0x3B, 0x65, 0xC7, 0xEC, 0x84, 0xFD, 0xCF, 0xEB, 0x73, 0x70, 0xD8, 0xA7, 0x08, 0x23, 0xFE,
    0x43, 0xD0, 0x1E, 0x6B, 0x5D, 0x6C, 0x7E, 0x02, 0xE5, 0xE7, 0x8B, 0x8D, 0x5D, 0x0B, 0x3C, 0xA2,
    0x4A, 0x5C, 0x32, 0xC0, 0x1D, 0x30, 0x0B, 0x3C, 0x45, 0x33, 0x01, 0x73, 0x01, 0xB3, 0x01, 0xF3,
    0x01, 0x33, 0xC2, 0x9C, 0x30, 0xED, 0x31, 0x2F, 0xBC, 0x66, 0x07, 0x60, 0x76, 0x6C, 0x7E, 0x6C,
    0x86, 0x50, 0x9A, 0x9A, 0x25, 0xEE, 0x49, 0xF6, 0x14, 0xB7, 0x83, 0x58, 0x08, 0xEC, 0xEF, 0x4B,
    0xE3, 0x66, 0xA8, 0x15, 0x6E, 0xC4, 0x39, 0xFC, 0xD4, 0xEE, 0x7B, 0x7F, 0x1B, 0xD3, 0xB1, 0x3B,
    0xC2, 0xAF, 0x65, 0x76, 0x9A, 0x0A, 0xD3, 0x59, 0x5E, 0x63, 0x2B, 0xDF, 0x3E, 0xA8, 0x86, 0x23,
    0x8A, 0x72, 0x56, 0x65, 0x82, 0x9D, 0x94, 0xA3, 0xF5, 0x74, 0x72, 0x8A, 0x48, 0x18, 0x70, 0x8E,
    0xE7, 0xFD, 0x1B, 0xE1, 0xB1, 0x9A, 0x4A, 0x52, 0x0D, 0x8D, 0x6A, 0x05, 0xC8, 0xF8, 0x39, 0xE4,
    0x32, 0x3D, 0x86, 0xF2, 0xE5, 0x8C, 0x42, 0x7F, 0x8E, 0x51, 0xE7, 0x0D, 0x77, 0xB0, 0x47, 0x39,
    0x7C, 0x5D, 0xCF, 0x5C, 0xE0, 0xB9, 0x66, 0x70, 0x2C, 0x7B, 0xC8, 0x1E, 0x1A, 0x68, 0xB7, 0x02,
    0xB9, 0x3F, 0x9C, 0x4D, 0x43, 0xDF, 0xC9, 0xD4, 0xBB, 0xB7, 0x7B, 0x2D, 0xA8, 0x23, 0xFC, 0x4C,
    0xE0, 0x4B, 0xBC, 0x0B, 0xBC, 0xF7, 0x18, 0x32, 0x3D, 0x65, 0x67, 0x46, 0x0D, 0xAB, 0x43, 0xBE,
    0xBE, 0xD6, 0xCE, 0x9F, 0x25, 0x7F, 0x45, 0x88, 0x32, 0x80, 0x7C, 0x34, 0x52, 0x2C, 0xBB, 0x99,
    0x72, 0xC8, 0x66, 0xB8, 0x39, 0xAF, 0x5D, 0xA7, 0x7F, 0xB8, 0xC9, 0x02, 0x61, 0x12, 0x88, 0x7D,
    0xDD, 0xF0, 0x9C, 0x7D, 0x77, 0x7E, 0x6F, 0x66, 0x86, 0x7A, 0x86, 0xDF, 0xCE, 0x90, 0x6B, 0xD2,
    0xF3, 0x56, 0x5B, 0x4C, 0xF0, 0x35, 0x2C, 0xA2, 0x2C, 0x76, 0xD4, 0x46, 0xE5, 0x53, 0x0A, 0x31,
    0x76, 0x86, 0xAE, 0x9C, 0x21, 0xF8, 0xB1, 0x9F, 0xA0, 0x3A, 0xFA, 0xE5, 0x7E, 0x68, 0xAA, 0xBE,
    0x13, 0xD0, 0x43, 0x53, 0x28, 0x65, 0xB0, 0x5B, 0xB5, 0x32, 0xA3, 0x78, 0xB9, 0x7B, 0x80, 0xB8,
    0x40, 0x14, 0x78, 0x4B, 0x00, 0x81, 0xDB, 0x8A, 0xEE, 0xC8, 0x09, 0x19, 0x57, 0xEE, 0x93, 0xDB,
    0x90, 0xE3, 0xC7, 0x29, 0xA5, 0x30, 0xFB, 0x31, 0x5D, 0x4D, 0xA9, 0x1E, 0xAE, 0xA1, 0x1E, 0x8F,
    0xFC, 0xE8, 0xB7, 0xF2, 0xA3, 0x3C, 0xE2, 0xF1, 0x80, 0x62, 0xA1, 0x5C, 0x09, 0xAB, 0xAE, 0x97,
    0x1D, 0xB0, 0xD0, 0xB5, 0xE2, 0xA8, 0x9F, 0x7A, 0xD0, 0x35, 0xA4, 0xDB, 0x3E, 0x99, 0x34, 0xB9,
    0x36, 0x08, 0xFA, 0x59, 0x35, 0xD3, 0x72, 0x21, 0xCC, 0xFA, 0xD1, 0x0C, 0x2D, 0xF6, 0x8D, 0x5D,
    0x34, 0xD2, 0x0E, 0xC4, 0x86, 0x4B, 0xB1, 0x97, 0x5E, 0xED, 0x17, 0x4D, 0x42, 0xC4, 0x37, 0x73,
    0x1D, 0xB2, 0xEC, 0xA4, 0xCF, 0x64, 0x40, 0xC6, 0x42, 0x1A, 0xEA, 0xB1, 0x14, 0x2D, 0x30, 0xA8,
    0x0D, 0xC7, 0x30, 0xAB, 0xEE, 0x4D, 0xAB, 0x49, 0xBF, 0x8F, 0x86, 0xC1, 0x00, 0x98, 0xB6, 0x83,
    0xAA, 0xF4, 0xF1, 0xA8, 0xAD, 0x15, 0x27, 0x0A, 0x69, 0xAA, 0x99, 0x20, 0x04, 0x49, 0xF5, 0xA2,
    0xDD, 0x28, 0xFA, 0xA5, 0xC8, 0x00, 0xDA, 0xDF, 0x9A, 0x88, 0xD5, 0x7F, 0x87, 0x13, 0xA0, 0x09,
    0x50, 0x0E, 0x40, 0xD8, 0x74, 0x51, 0xDD, 0x4D, 0x9C, 0xE2, 0x47, 0x56, 0x83, 0x2E, 0x29, 0x0B,
    0x36, 0xC0, 0xBA, 0xD7, 0x4B, 0x61, 0xCD, 0xA4, 0xB3, 0xBD, 0x5E, 0x3C, 0xAA, 0x8C, 0x48, 0x57,
    0x0F, 0xB8, 0xB4, 0x7D, 0x26, 0x4D, 0xDB, 0x17, 0xBA, 0xF5, 0xDB, 0x09, 0xF5, 0xB8, 0x5F, 0xB7,
    0xBD, 0x9E, 0x8F, 0x8A, 0x39, 0xB7, 0x70, 0x79, 0x54, 0xAA, 0xE4, 0xA3, 0x92, 0xB9, 0x00, 0x2D,
    0x1E, 0xFF, 0x05, 0xDD, 0x98, 0x21, 0x8C, 0xDC, 0xDE, 0x11, 0xC6, 0xBF, 0xDD, 0xD5, 0xFD, 0x2D,
    0xC5, 0xC0, 0x05, 0x2D, 0xB9, 0x03, 0xC6, 0x3D, 0x62, 0x0E, 0x5A, 0x5B, 0x2D, 0x28, 0x2D, 0xF8,
    0x97, 0xE3, 0x96, 0x94, 0x4B, 0x55, 0x6C, 0x56, 0x1A, 0x8E, 0x0E, 0x9C, 0xAA, 0x34, 0xA4, 0x38,
    0xA0, 0xB1, 0xA5, 0x70, 0xD5, 0x1C, 0x39, 0x2A, 0x0C, 0xC8, 0x4B, 0xE5, 0xB6, 0x4E, 0x62, 0x7B,
    0xFA, 0x7E, 0x9A, 0x5D, 0x79, 0x75, 0xBC, 0x97, 0xBD, 0x1B, 0xF0, 0x9B, 0xDD, 0xB7, 0x67, 0x7B,
    0xE6, 0xFB, 0xFC, 0xE6, 0xBC, 0xAB, 0x53, 0xD8, 0x20, 0x38, 0xC1, 0x8F, 0x33, 0xDC, 0x43, 0x25,
    0x13, 0x2C, 0x07, 0x58, 0x57, 0xF0, 0xE7, 0xC0, 0x23, 0xB7, 0x5E, 0xDA, 0x9B, 0xCD, 0x52, 0x66,
    0x66, 0x52, 0x19, 0xD9, 0xC9, 0x96, 0xC4, 0xFA, 0x9D, 0x0D, 0xB2, 0x70, 0xB0, 0x46, 0x75, 0x48,
    0xF9, 0x28, 0x64, 0x4B, 0xE4, 0x98, 0xCD, 0x30, 0x87, 0x63, 0x31, 0xB1, 0x5E, 0x8E, 0x82, 0x41,
    0xAA, 0xA1, 0xDA, 0x01, 0x5A, 0x1F, 0xD7, 0xF7, 0xD6, 0x95, 0x93, 0xE2, 0x49, 0x8A, 0x59, 0x99,
    0x29, 0xB3, 0xAA, 0x5E, 0x94, 0x9A, 0x19, 0x8B, 0x46, 0xCD, 0x91, 0x15, 0x85, 0x8C, 0x8A, 0xF1,
    0x53, 0xA0, 0x3F, 0x34, 0xA7, 0x4E, 0x28, 0x4C, 0xBF, 0x5A, 0x4E, 0xCD, 0xDC, 0xB0, 0x56, 0xF6,
    0x40, 0xA7, 0xF8, 0xBD, 0x38, 0x9A, 0xAB, 0xDA, 0x42, 0x2B, 0xA6, 0xC4, 0x3E, 0x5A, 0x95, 0xAD,
    0x3B, 0xEB, 0xF2, 0x59, 0xD6, 0x95, 0x23, 0x08, 0x11, 0xF5, 0x70, 0x42, 0x1B, 0xBB, 0x6B, 0xDA,
    0xFE, 0x10, 0xCB, 0x19, 0x12, 0x53, 0x1D, 0xF2, 0x55, 0xE5, 0x6A, 0xB3, 0x72, 0xB3, 0xA0, 0x14,
    0x0D, 0x76, 0xC6, 0x65, 0xAF, 0x2A, 0x79, 0xBC, 0xB8, 0x83, 0x2A, 0x7A, 0xD1, 0x1F, 0x42, 0xEE,
    0xEC, 0xDF, 0x33, 0xFA, 0x1A, 0x54, 0x3E, 0x2C, 0xAE, 0x70, 0xAD, 0x87, 0xE1, 0x2A, 0x1F, 0x65,
    0x76, 0x9D, 0x4F, 0x42, 0xBB, 0xD2, 0x72, 0xA9, 0xE5, 0x5A, 0xCB, 0xC5, 0x96, 0xAB, 0x2D, 0x97,
    0x5B, 0xB9, 0x27, 0x17, 0x9C, 0x57, 0x24, 0x97, 0x5C, 0xAE, 0xB9, 0x5C, 0x74, 0xB9, 0xEA, 0x72,
    0xD9, 0xE5, 0xBA, 0x1F, 0x85, 0x3F, 0x2A, 0x7F, 0x94, 0xFE, 0xA4, 0xBD, 0x8B, 0xEF, 0xEA, 0x9F,
    0x47, 0x16, 0x60, 0xD1, 0x49, 0xED, 0x58, 0x53, 0xFF, 0x7C, 0x2F, 0xA5, 0x5F, 0x16, 0x8E, 0xE8,
    0xDB, 0xC8, 0x97, 0x2A, 0xAA, 0x73, 0x1F, 0xDC, 0x08, 0x77, 0xC2, 0xAD, 0x70, 0x2F, 0x84, 0x19,
    0x9D, 0x70, 0xA3, 0xA3, 0x3C, 0x18, 0x60, 0x3D, 0x6C, 0x6C, 0xB1, 0x44, 0x2D, 0x9E, 0x08, 0x53,
    0xE4, 0xAE, 0xB8, 0x2D, 0xEE, 0x8B, 0x1B, 0xE3, 0xCE, 0x9C, 0xAC, 0xB9, 0x6D, 0x60, 0xDE, 0xC1,
    0x74, 0x88, 0x2A, 0x68, 0xFF, 0xD9, 0x46, 0xF7, 0xC5, 0x6D, 0x39, 0x73, 0xE5, 0xD2, 0x6F, 0x7C,
    0xA1, 0x2C, 0xCA, 0x63, 0xCE, 0x21, 0xB4, 0xA3, 0xF4, 0x17, 0x9B, 0x5D, 0x74, 0xD7, 0x1C, 0xC9,
    0x1F, 0xF7, 0xC6, 0x7F, 0x0D, 0xE2, 0xA2, 0xBF, 0xFB, 0xA3, 0x2F, 0xE7, 0xA0, 0x45, 0x5B, 0xED,
    0xED, 0x73, 0x40, 0x7B, 0x9F, 0x3C, 0xF9, 0x87, 0x67, 0xB7, 0x0D, 0x56, 0x20, 0xAB, 0x60, 0xE6,
    0x77, 0x5B, 0x25, 0x59, 0x58, 0xE8, 0x65, 0xBA, 0x93, 0xD2, 0xAF, 0x34, 0x54, 0x9C, 0xB6, 0x84,
    0xBE, 0xEB, 0x96, 0xD8, 0x62, 0xB7, 0x1C, 0x3A, 0x3E, 0xFF, 0x14, 0x99, 0x7D, 0x32, 0x4A, 0xD9,
    0xE1, 0x91, 0x7E, 0x56, 0x89, 0x23, 0x82, 0xA8, 0x65, 0x64, 0xFD, 0x5F, 0xB3, 0xF0, 0xAC, 0xBD,
    0xFC, 0x4D, 0x02, 0x77, 0x55, 0x3C, 0xF0, 0x37, 0xBD, 0xB7, 0x9E, 0xFD, 0xD9, 0xA4, 0x17, 0xFA,
    0x91, 0x7F, 0x1B, 0x77, 0xB4, 0x35, 0xD2, 0x15, 0xF2, 0x0C, 0xAB, 0xDB, 0xF1, 0x98, 0xDB, 0x85,
    0x12, 0xE2, 0xCA, 0xB4, 0xCD, 0x9F, 0xFF, 0xAC, 0x48, 0xDB, 0xB5, 0x95, 0xB4, 0xAA, 0x68, 0x9E,
    0x80, 0xC0, 0x1E, 0xFB, 0x09, 0xA6, 0x2B, 0xCC, 0x9C, 0x0B, 0x4C, 0x26, 0x6D, 0x71, 0x7B, 0x1F,
    0x41, 0xF5, 0x07, 0x44, 0xC8, 0x26, 0xCA, 0xEC, 0xEB, 0x46, 0xEF, 0x94, 0x77, 0x8F, 0x3B, 0xA5,
    0x7C, 0x2C, 0xFA, 0x56, 0x38, 0x41, 0xAD, 0xB6, 0x78, 0xE1, 0x73, 0xAC, 0x9C, 0x20, 0xFB, 0x8B,
    0xB0, 0x06, 0x1E, 0x16, 0xA8, 0x24, 0x40, 0xE2, 0xEA, 0x47, 0x28, 0x94, 0xAE, 0xAD, 0xCA, 0x27,
    0xAE, 0x38, 0x16, 0x23, 0xEE, 0x2C, 0xD4, 0x47, 0x74, 0x7B, 0x1B, 0x53, 0x5B, 0x95, 0x58, 0x13,
    0x5F, 0x21, 0x91, 0x7C, 0x3F, 0xFB, 0x86, 0x46, 0x7F, 0xB9, 0x0D, 0x5C, 0xCC, 0x77, 0x33, 0x49,
    0xE6, 0x89, 0x16, 0x3C, 0xED, 0xAD, 0x21, 0x1D, 0x4C, 0xA4, 0x94, 0xD4, 0x23, 0xB6, 0xDA, 0xA0,
    0x12, 0x9B, 0x67, 0x6E, 0x6A, 0x15, 0x66, 0xD6, 0xFB, 0x7D, 0xD2, 0x08, 0xF7, 0x7C, 0xD0, 0xB2,
    0x26, 0xED, 0x7E, 0x2B, 0x8F, 0x37, 0x74, 0x14, 0x75, 0xC3, 0xBB, 0x45, 0x68, 0x3F, 0xC2, 0xB2,
    0x83, 0xEF, 0x58, 0x13, 0x8D, 0xE1, 0x4B, 0x3E, 0x61, 0x4C, 0x19, 0x70, 0xA6, 0xED, 0xB1, 0xC6,
    0x1A, 0xBC, 0x59, 0x84, 0x39, 0xFD, 0xFF, 0x69, 0x36, 0xDD, 0xDE, 0x41, 0x4E, 0x4B, 0x64, 0x93,
    0x4B, 0x3F, 0x1F, 0x27, 0x16, 0xA4, 0xCE, 0xA7, 0x6E, 0xC4, 0x0F, 0x7F, 0x85, 0x07, 0x83, 0x7B,
    0x28, 0xB5, 0xCD, 0x66, 0x44, 0xDA, 0x7F, 0x7F, 0x23, 0x3C, 0x98, 0x0D, 0x9E, 0x82, 0x48, 0x7F,
    0x23, 0x49, 0xA9, 0xA7, 0x6C, 0x80, 0xE2, 0xE0, 0xCD, 0x9D, 0xFB, 0xA7, 0x6B, 0x8B, 0x7F, 0xB3,
    0x90, 0x4D, 0x10, 0x79, 0xF8, 0x72, 0xB1, 0x7D, 0x55, 0xBA, 0x99, 0x60, 0xD9, 0x0B, 0xEA, 0x12,
    0x2C, 0xBA, 0x02, 0x75, 0x5F, 0x90, 0x6C, 0x7D, 0x27, 0x6F, 0x8C, 0xF4, 0xB9, 0xA5, 0xD8, 0xA4,
    0x4B, 0x5F, 0x3D, 0xFD, 0xA1, 0xA5, 0xF8, 0x22, 0x59, 0xF6, 0x81, 0x3F, 0xFC, 0x34, 0x48, 0x25,
    0x5A, 0xE8, 0x97, 0x37, 0x1C, 0xF3, 0x27, 0xBD, 0xBD, 0x00, 0x23, 0x9E, 0xB6, 0xBC, 0x44, 0x32,
    0x40, 0xF4, 0x23, 0x8A, 0x63, 0x1A, 0xB7, 0x6D, 0x7E, 0x1E, 0x17, 0x32, 0x9D, 0xF2, 0x66, 0xFB,
    0x5F, 0xDD, 0x3A, 0x7D, 0x6F, 0xB2, 0xEE, 0xC1, 0xD9, 0xDB, 0xA8, 0x7B, 0x25, 0xEB, 0x0E, 0x47,
    0xB2, 0x18, 0x19, 0x17, 0x93, 0x15, 0x09, 0xD3, 0x25, 0x92, 0x6E, 0x12, 0xE7, 0xAA, 0x7C, 0x66,
    0xB1, 0x98, 0x78, 0x5B, 0x8C, 0xB0, 0x0C, 0x34, 0x1A, 0x19, 0x17, 0xEB, 0x81, 0x76, 0xDA, 0xC8,
    0xC0, 0x05, 0x6B, 0xC8, 0xDB, 0x76, 0xC0, 0x9D, 0x7A, 0x8C, 0xF6, 0x62, 0xBB, 0xA1, 0x3F, 0x45,
    0x73, 0x27, 0x50, 0x89, 0x35, 0x0F, 0x54, 0x2F, 0x9A, 0xAD, 0x66, 0x73, 0x76, 0xB0, 0xAE, 0x74,
    0x1E, 0x54, 0x97, 0x8F, 0x11, 0x45, 0x88, 0xB5, 0x95, 0x21, 0x5D, 0xC0, 0xAC, 0x7A, 0xC8, 0xE6,
    0x78, 0x74, 0x84, 0x75, 0xF9, 0x14, 0x51, 0x8C, 0xB2, 0xA6, 0x0C, 0x7B, 0x10, 0x9B, 0x2D, 0xD1,
    0xB3, 0x1C, 0xB2, 0x88, 0x50, 0xAC, 0x48, 0x1A, 0x0F, 0xB4, 0xFF, 0xF2, 0x94, 0xF4, 0x4F, 0x9A,
    0xFD, 0xF5, 0x2C, 0x6D, 0xD5, 0xBC, 0x3C, 0xAA, 0xA5, 0xBD, 0x83, 0x1A, 0x56, 0x3D, 0x88, 0x84,
    0xE5, 0x48, 0x8A, 0xFD, 0xC1, 0x25, 0xCF, 0xA0, 0x8A, 0x4E, 0xA7, 0x83, 0x0E, 0x93, 0x78, 0x7D,
    0x77, 0xE9, 0x16, 0x5C, 0x33, 0x19, 0xCB, 0x05, 0x58, 0xC4, 0x4F, 0x80, 0x40, 0xE2, 0x3F, 0x0C,
    0x80, 0xE6, 0x51, 0x5D, 0xB8, 0x7E, 0xAD, 0xF3, 0x87, 0x1F, 0x7A, 0x72, 0x01, 0x2B, 0x2F, 0x60,
    0xF6, 0xE5, 0x74, 0x80, 0x1E, 0xBF, 0x03, 0xC2, 0x33, 0xFE, 0xAA, 0x7D, 0x6F, 0x68, 0x2A, 0x7B,
    0x8F, 0xAA, 0x92, 0xFD, 0x63, 0x26, 0xEF, 0xE8, 0x1E, 0xB9, 0x99, 0x06, 0x08, 0x8E, 0x24, 0x2E,
    0x39, 0xBB, 0xD8, 0xB3, 0xCB, 0xCE, 0x04, 0xE0, 0x23, 0x32, 0x4B, 0x3A, 0x8A, 0xEF, 0x5F, 0xB5,
    0x27, 0xCF, 0x39, 0xB9, 0x1E, 0xF8, 0x88, 0x22, 0x59, 0xDA, 0xB2, 0x1B, 0x21, 0xC0, 0xDD, 0x7C,
    0x34, 0x43, 0x47, 0x3B, 0x84, 0x21, 0x9C, 0x0E, 0x4B, 0x82, 0x77, 0xE7, 0xED, 0x9D, 0xED, 0xEC,
    0x37, 0xAF, 0xBC, 0xA7, 0x8E, 0x44, 0x51, 0xDB, 0x93, 0x60, 0xE9, 0xBD, 0xD7, 0x15, 0x17, 0x23,
    0x3C, 0x31, 0x41, 0xB0, 0xC7, 0x3A, 0x0C, 0xFA, 0x66, 0xC2, 0x22, 0x9B, 0x85, 0x49, 0x36, 0x08,
    0x9B, 0xBE, 0xD0, 0x22, 0xD5, 0x91, 0xAC, 0xA3, 0x41, 0x12, 0x4D, 0x50, 0x1F, 0x86, 0x91, 0xB0,
    0x2C, 0x26, 0x4C, 0x23, 0x65, 0xA4, 0x1A, 0xE3, 0xE4, 0xD6, 0xD1, 0xC8, 0xB7, 0x59, 0xC2, 0x3E,
    0x92, 0x1B, 0xB8, 0x6D, 0xA4, 0x5B, 0x6A, 0xDF, 0xEA, 0x52, 0xEE, 0x5E, 0x52, 0x82, 0x3B, 0x45,
    0x26, 0xFE, 0xFE, 0xAC, 0x4D, 0xDC, 0xBF, 0xF1, 0xE4, 0xCB, 0x9C, 0x84, 0x28, 0x3D, 0xE5, 0x6E,
    0x62, 0x12, 0x2E, 0xD3, 0xC4, 0x87, 0xE3, 0x8E, 0xDC, 0x93, 0x7C, 0xE4, 0x6D, 0x43, 0xCF, 0xC7,
    0xDE, 0xD6, 0xA6, 0x8F, 0x3E, 0x1F, 0x7E, 0xCF, 0xD1, 0x54, 0x1F, 0x99, 0x3E, 0x34, 0x49, 0x1C,
    0xE5, 0x83, 0x93, 0xF0, 0x94, 0xCC, 0xE7, 0x16, 0xE7, 0xCD, 0xE5, 0x5A, 0x7C, 0x05, 0x54, 0xF7,
    0xA5, 0xF7, 0xBA, 0xAE, 0x3E, 0xE4, 0x5D, 0x83, 0xE4, 0x83, 0x8D, 0x22, 0x77, 0x37, 0xCD, 0xB3,
    0x1E, 0xB6, 0xAE, 0xC8, 0x61, 0xDD, 0x07, 0xCA, 0xB2, 0x8F, 0xC1, 0x8F, 0xEA, 0x39, 0x49, 0xCA,
    0xB9, 0xF4, 0x0B, 0xBD, 0xBD, 0x5C, 0x13, 0x9F, 0xAB, 0x29, 0xDB, 0xF3, 0xAD, 0x5F, 0xC8, 0x75,
    0x3F, 0xE5, 0xDE, 0x73, 0xD9, 0xE8, 0x61, 0x5C, 0xF6, 0x44, 0x2D, 0xBC, 0x41, 0xEB, 0xCF, 0x92,
    0x6B, 0xF4, 0xF0, 0xA1, 0xF7, 0xFA, 0xDE, 0x0D, 0x91, 0x12, 0xB0, 0x5F, 0x59, 0xB4, 0xB3, 0x73,
    0x78, 0xB4, 0x9D, 0x8A, 0x11, 0xBD, 0x43, 0xD4, 0xC8, 0x7A, 0xCA, 0x6C, 0xCA, 0x90, 0x58, 0x5C,
    0x8D, 0x07, 0xE7, 0x23, 0xCF, 0x8F, 0x53, 0x1D, 0xE2, 0x99, 0xAC, 0x53, 0xBA, 0x5A, 0xA5, 0xC4,
    0x8C, 0x5D, 0x3E, 0x83, 0x91, 0xDB, 0x26, 0x60, 0x40, 0x07, 0x1A, 0x50, 0xB1, 0xC6, 0x8E, 0x38,
    0x01, 0xCD, 0xB8, 0x57, 0xC0, 0xEC, 0x45, 0x11, 0xD7, 0x77, 0xF2, 0x5B, 0xC4, 0xD7, 0xB7, 0x9F,
    0x09, 0xCD, 0xF5, 0x7F, 0x68, 0x0B, 0xCF, 0xA6, 0xD0, 0x3A, 0xD7, 0x34, 0x92, 0xB3, 0x17, 0x21,
    0x5D, 0xA5, 0x3C, 0x64, 0x33, 0xE4, 0x76, 0xCA, 0xC6, 0x32, 0xC0, 0xB6, 0x87, 0xD6, 0x45, 0x7E,
    0xA1, 0xAA, 0xF4, 0xAB, 0x51, 0xCC, 0xB7, 0x05, 0xDA, 0x74, 0xFC, 0x4D, 0x06, 0x0E, 0x82, 0xA8,
    0xC8, 0x79, 0x79, 0xBD, 0xFD, 0x34, 0x9B, 0xCF, 0xB0, 0x1E, 0x81, 0x0D, 0x82, 0x1D, 0x5C, 0xBD,
    0xA8, 0xEF, 0xA9, 0xE1, 0x16, 0x69, 0xEF, 0x77, 0xEC, 0x39, 0x8A, 0xFE, 0x62, 0x14, 0x2C, 0x2A,
    0x14, 0xB4, 0x0E, 0x05, 0x0D, 0x76, 0x70, 0x55, 0x5B, 0x1D, 0x15, 0xFC, 0x1F, 0xC4, 0xD0, 0xB1,
    0x71, 0xC4, 0x20, 0x10, 0x85, 0xE1, 0x5F, 0xBA, 0xF1, 0x11, 0x28, 0xA0, 0x04, 0x95, 0x40, 0x09,
    0x52, 0x67, 0xA8, 0x94, 0x4B, 0x5D, 0x05, 0x94, 0x40, 0x09, 0x94, 0x40, 0x40, 0x20, 0xDB, 0x1C,
    0xEB, 0x79, 0xA1, 0x2B, 0xF0, 0x06, 0x5F, 0xC0, 0x0E, 0x6F, 0xDE, 0x2C, 0x68, 0x9C, 0x9D, 0xA2,
    0xC0, 0x33, 0x55, 0xC0, 0x8B, 0x50, 0x60, 0xD1, 0x62, 0xBD, 0x81, 0xE5, 0x05, 0x68, 0x52, 0x26,
    0xF4, 0x54, 0x48, 0x2D, 0x56, 0xAC, 0x1C, 0xED, 0x61, 0xD7, 0xD1, 0x9C, 0x11, 0xBA, 0x1F, 0xEC,
    0x3D, 0xDC, 0xF8, 0x3B, 0x36, 0xFC, 0xB0, 0xCC, 0x36, 0xED, 0xC4, 0x99, 0xC1, 0xC3, 0x86, 0xE8,
    0xB0, 0x5A, 0x53, 0x70, 0x16, 0x97, 0x38, 0xF5, 0x86, 0xB6, 0x42, 0xB8, 0x09, 0x6C, 0x6F, 0x31,
    0x00, 0x2F, 0x60, 0xF9, 0x94, 0x0F, 0x2B, 0xC8, 0xA6, 0x17, 0x2F, 0x91, 0x10, 0x0B, 0x4A, 0x43,
    0xDE, 0xFC, 0x9D, 0xA3, 0x92, 0xAA, 0xB4, 0xCC, 0xD1, 0x56, 0xBB, 0x50, 0x6F, 0x08, 0x6D, 0x9B,
    0xB0, 0x37, 0x3F, 0x64, 0xE8, 0xE0, 0xFB, 0xD1, 0x64, 0x2A, 0x52, 0x2D, 0xFD, 0x97, 0x1A, 0x6E,
    0xDF, 0x06, 0xB8, 0x9F, 0xB7, 0x34, 0xE5, 0xAB, 0x82, 0xAC, 0xC8, 0x0C, 0x28, 0x17, 0x94, 0x0B,
    0xCA, 0x85, 0x7D, 0xC8, 0xD8, 0x85, 0x55, 0x64, 0x96, 0x13, 0x54, 0x4A, 0x02, 0x0B, 0x3A, 0xDE,
    0x45, 0xB2, 0x74, 0x62, 0x66, 0x2C, 0x3D, 0x0E, 0xD6, 0xFA, 0xAC, 0x00, 0xFF, 0x7E, 0x77, 0xF8,
    0x00, 0x42, 0xDD, 0x4F, 0xB0, 0x99, 0xF4, 0xD5, 0x26, 0xAC, 0x3D, 0x29, 0xBA, 0xBA, 0xD7, 0xEF,
    0x86, 0x4C, 0x58, 0x03, 0x00, 0xC5, 0x58, 0x3F, 0xAC, 0xE6, 0xC4, 0x11, 0xFF, 0xD9, 0x7B, 0xEF,
    0x8C, 0x62, 0x05, 0x5F, 0xC1, 0x45, 0xE2, 0x4E, 0x8A, 0xAB, 0x34, 0x28, 0xC1, 0x2D, 0xC5, 0x91,
    0x5D, 0xA0, 0x4C, 0xC1, 0x15, 0xEF, 0x05, 0x05, 0x8A, 0xA4, 0xA0, 0x80, 0x34, 0x49, 0x99, 0x02,
    0x58, 0x0B, 0xCA, 0x34, 0x34, 0xE9, 0xAF, 0x20, 0x12, 0x77, 0x14, 0x5C, 0x91, 0x82, 0x48, 0x70,
    0x6B, 0xA0, 0x48, 0xEB, 0x04, 0xD1, 0x3B, 0x12, 0xA9, 0x52, 0xB0, 0x09, 0x06, 0x39, 0x68, 0xED,
    0xC9, 0xCC, 0xAE, 0xBF, 0x33, 0x56, 0x3E, 0xBD, 0xDC, 0x71, 0x05, 0x63, 0xCF, 0x6F, 0x6D, 0xEF,
    0xFC, 0x5F, 0xBF, 0x6F, 0xD6, 0x0F, 0x1D, 0xE0, 0x81, 0x6B, 0x70, 0x84, 0xDB, 0xD7, 0x70, 0xE3,
    0x36, 0x6E, 0x74, 0xB8, 0x81, 0x6F, 0x7F, 0x5E, 0x07, 0xD0, 0x41, 0xB5, 0xA8, 0x00, 0x4D, 0xED,
    0xC3, 0xAA, 0x55, 0xAF, 0xB7, 0xF8, 0xA8, 0x45, 0xFE, 0x00, 0x67, 0x66, 0x1A, 0xF2, 0x9A, 0x06,
    0x4D, 0xBD, 0xA5, 0x1E, 0xC0, 0xFE, 0x16, 0x97, 0xCF, 0xCE, 0xCE, 0x8C, 0x26, 0xA2, 0xD6, 0x32,
    0x18, 0xC7, 0x10, 0x9F, 0xB1, 0x1C, 0x05, 0xBD, 0xF1, 0xD4, 0x90, 0x90, 0x5C, 0x1F, 0x19, 0xEF,
    0x61, 0x1E, 0x4C, 0x0B, 0xAC, 0xF9, 0x2E, 0xF9, 0x26, 0x1E, 0xC3, 0xC9, 0xD9, 0xD9, 0x69, 0x45,
    0x14, 0x6A, 0x66, 0xAC, 0xF4, 0xD8, 0xAD, 0x5B, 0x37, 0x34, 0x91, 0x97, 0x11, 0xBA, 0x85, 0x33,
    0x19, 0x41, 0x2D, 0x28, 0x02, 0xAA, 0x80, 0x7A, 0x84, 0xF6, 0xB8, 0x7C, 0x1D, 0x20, 0x93, 0x93,
    0x51, 0x84, 0x62, 0x46, 0x39, 0xA1, 0xF2, 0x68, 0x06, 0xE8, 0x0E, 0x97, 0x81, 0x9C, 0x10, 0x9F,
    0x8B, 0x7C, 0x35, 0xAE, 0xCF, 0x6D, 0x2B, 0x53, 0xB6, 0xB3, 0x9D, 0x8E, 0x47, 0xC3, 0x47, 0xDD,
    0x9D, 0x18, 0x68, 0x73, 0x07, 0x70, 0xD9, 0x82, 0x8C, 0x54, 0x80, 0x9A, 0xD9, 0x58, 0x11, 0x58,
    0xAD, 0x9A, 0x1A, 0xCF, 0xEE, 0x34, 0x6B, 0x7B, 0xD7, 0xB1, 0xCB, 0x33, 0x03, 0xD0, 0x33, 0x4B,
    0x4E, 0xC5, 0xA2, 0xA8, 0x0C, 0x2C, 0x34, 0x95, 0x53, 0xED, 0x2B, 0xAF, 0xFB, 0x66, 0x10, 0x93,
    0x8E, 0x3D, 0x9C, 0x81, 0xE7, 0xE7, 0x38, 0x3F, 0x57, 0x53, 0x15, 0xE2, 0xFC, 0xB0, 0xCE, 0x1B,
    0xDB, 0x12, 0xCB, 0x9C, 0xC2, 0x7E, 0x48, 0x89, 0x3B, 0x82, 0x4E, 0x6C, 0x1A, 0x9E, 0xAF, 0x7B,
    0x6B, 0xAA, 0x5E, 0x9B, 0x13, 0xC3, 0xB1, 0x66, 0xA7, 0x40, 0x19, 0xC0, 0x29, 0x30, 0x7B, 0xE6,
    0x81, 0xB9, 0x67, 0xEE, 0xA0, 0xDF, 0xFD, 0xA7, 0xB7, 0x44, 0x83, 0x23, 0xEA, 0xEF, 0xB8, 0x77,
    0x7A, 0x68, 0x00, 0x96, 0xF9, 0x0E, 0xF3, 0x9C, 0x38, 0x0B, 0x40, 0xCE, 0xAC, 0x98, 0x8B, 0x09,
    0x5C, 0xA4, 0xCD, 0x54, 0xCD, 0xDC, 0x30, 0x6B, 0x66, 0xE0, 0xB2, 0x11, 0xED, 0x8E, 0xC1, 0xB5,
    0x02, 0x46, 0x00, 0xC9, 0x5A, 0xFE, 0x87, 0xF9, 0x79, 0x28, 0x22, 0x42, 0x21, 0x50, 0x12, 0x2D,
    0x40, 0x3E, 0x01, 0x50, 0x02, 0xA5, 0x80, 0x58, 0x15, 0xB3, 0x29, 0xC4, 0x1F, 0x3D, 0xFB, 0xE9,
    0xAF, 0x20, 0x0B, 0x08, 0x2B, 0xE0, 0x88, 0x06, 0x5C, 0xD7, 0xC6, 0x00, 0x1A, 0x07, 0xC3, 0x74,
    0x80, 0x5C, 0x00, 0xD7, 0x51, 0x2D, 0xD0, 0xF2, 0xD6, 0x77, 0x8E, 0x7A, 0x47, 0x43, 0x3C, 0x7B,
    0xBE, 0x6D, 0xC8, 0x14, 0x33, 0x32, 0x40, 0x19, 0x14, 0xBD, 0xB8, 0x63, 0xC9, 0x8A, 0xBA, 0x8A,
    0x7C, 0x4D, 0x63, 0x43, 0xAD, 0x9E, 0xA0, 0x5B, 0xBC, 0x22, 0x36, 0x24, 0x1C, 0xDF, 0x4C, 0x9A,
    0x8F, 0xC6, 0xF3, 0xC2, 0x32, 0xD5, 0x7D, 0x1E, 0xAC, 0x2F, 0x17, 0xE7, 0xAB, 0xC8, 0xB6, 0x2F,
    0xC3, 0x09, 0x32, 0x91, 0x4D, 0xD3, 0xC5, 0x94, 0x2D, 0xB0, 0xBE, 0x0A, 0x8A, 0x8C, 0xF3, 0x4D,
    0x28, 0x0E, 0x03, 0x6C, 0x5F, 0x8F, 0x6A, 0x01, 0x4B, 0x9B, 0x68, 0xBB, 0x1E, 0xF4, 0x68, 0x47,
    0xCB, 0x8B, 0x79, 0x02, 0x20, 0xFE, 0xCE, 0x00, 0x37, 0x1E, 0xF8, 0x8C, 0xA1, 0x48, 0xEE, 0x50,
    0x2D, 0xF2, 0x07, 0x3E, 0x33, 0x43, 0x3B, 0xCA, 0xDB, 0x7B, 0x3B, 0x44, 0xEF, 0x1F, 0x67, 0x3D,
    0xE4, 0x18, 0x70, 0x7F, 0x7A, 0x67, 0x2F, 0xA0, 0x88, 0x47, 0x79, 0x3F, 0x7A, 0xD8, 0xA8, 0x19,
    0xD3, 0x8B, 0x8B, 0x8C, 0x66, 0x64, 0xB3, 0x5C, 0x29, 0xA2, 0xF8, 0xD2, 0x02, 0xD5, 0x4C, 0xE9,
    0xDD, 0x62, 0x74, 0xA6, 0xE9, 0xA2, 0xC2, 0xE0, 0x8C, 0x8D, 0x16, 0x74, 0x4F, 0x66, 0x41, 0xBC,
    0xEA, 0x48, 0x85, 0xC3, 0x55, 0xE9, 0xD3, 0xD5, 0x87, 0x4B, 0xDD, 0xDF, 0x04, 0x6E, 0x42, 0x7F,
    0x3C, 0xEB, 0xDF, 0x53, 0x57, 0x52, 0xA7, 0x3F, 0x0F, 0xA4, 0x69, 0x68, 0xC8, 0x37, 0xF4, 0xEF,
    0xE0, 0xC8, 0x5B, 0xF2, 0x15, 0xFD, 0x65, 0xA4, 0x67, 0x47, 0xFA, 0xD9, 0x98, 0xFD, 0xB9, 0xFA,
    0xFB, 0x52, 0x7E, 0x49, 0xE5, 0x08, 0xE8, 0x8F, 0xE6, 0xF2, 0xAB, 0x59, 0xAE, 0x9C, 0x0A, 0xD5,
    0x17, 0xA1, 0xF2, 0x1C, 0xDC, 0xE1, 0x4A, 0x4D, 0x2A, 0xD4, 0x5F, 0x84, 0xDA, 0xA3, 0xF2, 0x2A,
    0x34, 0x9F, 0x84, 0xA6, 0x47, 0xD3, 0xAB, 0x60, 0x3F, 0x0E, 0x56, 0x7E, 0x6C, 0x14, 0xD1, 0x33,
    0x44, 0x06, 0x84, 0x8C, 0x16, 0x3E, 0x21, 0xC1, 0xD9, 0x11, 0x76, 0x82, 0x50, 0x26, 0xA7, 0xD0,
    0x91, 0x32, 0xEC, 0x2A, 0xB1, 0x2B, 0xC6, 0xAE, 0x1E, 0xBB, 0x92, 0xEC, 0xAA, 0xB2, 0x2B, 0xCC,
    0xAE, 0x36, 0xBB, 0xF2, 0xEC, 0x2B, 0x84, 0x97, 0xB1, 0x15, 0x69, 0x5F, 0xA7, 0xAD, 0x54, 0xFB,
    0x6A, 0xED, 0x0A, 0xB6, 0xAB, 0xD9, 0x57, 0xCB, 0xDD, 0xB2, 0xF1, 0x29, 0x35, 0x5C, 0x2B, 0xB7,
    0x2F, 0x9E, 0xDC, 0x1C, 0xEA, 0x27, 0xE7, 0xB0, 0x96, 0x90, 0xCF, 0xF9, 0x1B, 0x55, 0x7C, 0x9A,
    0xA8, 0xDD, 0x0A, 0x49, 0xB4, 0xD5, 0x72, 0x5F, 0xCE, 0x2C, 0x66, 0x07, 0xD7, 0x4A, 0xC3, 0x98,
    0x51, 0xA4, 0xAE, 0xD0, 0x41, 0x1B, 0xDC, 0x89, 0x53, 0xB6, 0xE5, 0x49, 0x32, 0x19, 0xE5, 0x0B,
    0x14, 0x07, 0xC4, 0x22, 0x31, 0x80, 0x7A, 0x60, 0x31, 0x2D, 0x82, 0x16, 0x2C, 0x3A, 0xAF, 0xC2,
    0xCE, 0x88, 0xF8, 0x53, 0x04, 0x51, 0x50, 0x73, 0x54, 0x29, 0xA7, 0xA8, 0xB4, 0xAA, 0x35, 0x5D,
    0x54, 0xB4, 0x26, 0xAA, 0x52, 0x54, 0xCE, 0x82, 0x68, 0xA3, 0x19, 0xC4, 0x7B, 0x39, 0x4A, 0xB0,
    0x79, 0x00, 0x16, 0xC0, 0x02, 0x8D, 0x11, 0xC3, 0x3C, 0xA9, 0xFB, 0xE4, 0xB7, 0x1C, 0xA5, 0x1E,
    0xA1, 0x18, 0x59, 0x48, 0x89, 0x98, 0xAC, 0xBA, 0xC5, 0x9D, 0x28, 0xBA, 0x46, 0x21, 0xD2, 0xB6,
    0x63, 0x71, 0x1E, 0xCB, 0x51, 0x46, 0x51, 0x28, 0xBD, 0x68, 0xA8, 0x49, 0x54, 0xF2, 0x10, 0x75,
    0xE6, 0xA8, 0xF4, 0x1A, 0xF2, 0x16, 0x65, 0x17, 0xFB, 0x44, 0x8F, 0xD7, 0x06, 0x8C, 0x3E, 0xF7,
    0xBE, 0xE8, 0xC7, 0xAA, 0x7D, 0xAF, 0xC1, 0xEF, 0x9E, 0xC4, 0x2B, 0x78, 0x08, 0xA8, 0x0D, 0xEC,
    0x00, 0xEA, 0x14, 0x99, 0x6A, 0x41, 0x33, 0xC1, 0x79, 0x38, 0xE9, 0x75, 0xD0, 0x23, 0x6A, 0x2E,
    0x5D, 0x90, 0x0E, 0xAA, 0x3E, 0x8B, 0x55, 0x7D, 0x04, 0x79, 0xBA, 0x25, 0xE4, 0x52, 0x8E, 0x96,
    0x15, 0x59, 0x3A, 0x4B, 0xEA, 0x73, 0x54, 0x1F, 0x60, 0xD9, 0x27, 0x56, 0xBA, 0xCE, 0x9C, 0x4B,
    0xEE, 0x0F, 0x71, 0x28, 0x05, 0x3B, 0x40, 0xE3, 0x79, 0x70, 0x5D, 0xC5, 0x41, 0xA7, 0xC6, 0x7D,
    0xBD, 0x9C, 0x21, 0x76, 0x9A, 0x11, 0xE2, 0xD6, 0x49, 0x6B, 0x93, 0x29, 0x40, 0x91, 0x4C, 0x01,
    0xF4, 0xF9, 0x98, 0xC1, 0xB6, 0x9A, 0xFA, 0xBA, 0x97, 0xDF, 0x7C, 0xA3, 0xBD, 0xBC, 0x9B, 0xB1,
    0x21, 0x37, 0xD4, 0x35, 0xFE, 0x0A, 0x1C, 0xF9, 0x8B, 0x06, 0x39, 0x3D, 0x1B, 0x00, 0x94, 0xB3,
    0x22, 0x40, 0x0C, 0x52, 0x07, 0x31, 0xA8, 0x3D, 0xC4, 0x60, 0x15, 0x78, 0x2A, 0x9F, 0x14, 0xF1,
    0x14, 0x67, 0x41, 0x6D, 0xD5, 0x73, 0x2C, 0xDA, 0x28, 0x69, 0x2E, 0xDF, 0x07, 0x90, 0x4D, 0x60,
    0xD2, 0x63, 0xB9, 0xC0, 0x8E, 0x9C, 0x8F, 0xF5, 0x75, 0xE0, 0x8C, 0x18, 0xA8, 0xE7, 0xDC, 0xA8,
    0xD3, 0xA3, 0x80, 0xE7, 0xCC, 0x05, 0x8C, 0x1D, 0x72, 0xE9, 0x10, 0x8A, 0x38, 0x21, 0xB5, 0x48,
    0x15, 0xC5, 0x6A, 0xC1, 0xE2, 0xA6, 0x08, 0x19, 0xA1, 0x9C, 0x18, 0xB8, 0xCD, 0x9C, 0x62, 0xA3,
    0x7A, 0x28, 0x26, 0x68, 0xCF, 0xD6, 0x9D, 0xAF, 0x23, 0x04, 0xE8, 0xBE, 0x1A, 0x53, 0x8B, 0x89,
    0xE4, 0x16, 0xD4, 0xC4, 0x7E, 0x88, 0x06, 0x1E, 0x7D, 0x45, 0xBF, 0x1C, 0x2F, 0x10, 0x4B, 0x2C,
    0xD5, 0x98, 0xCD, 0x8D, 0xCF, 0x67, 0xC7, 0x7E, 0xA5, 0xE6, 0x0B, 0x14, 0x8D, 0xCC, 0x1D, 0x38,
    0x0F, 0x94, 0x81, 0x79, 0xC2, 0x8E, 0xAA, 0x41, 0xF2, 0x59, 0xD9, 0x33, 0xF3, 0xFD, 0x49, 0xDA,
    0x5D, 0xDD, 0xD4, 0x44, 0xC1, 0x32, 0xFF, 0xFA, 0xD6, 0xAD, 0xB7, 0x21, 0xF4, 0x5B, 0x20, 0x6F,
    0xFF, 0x04, 0x14, 0xED, 0x35, 0xA0, 0xC6, 0xE3, 0xC0, 0xFB, 0xA8, 0x3E, 0xBB, 0xEA, 0xA1, 0x48,
    0x0A, 0xF9, 0x9B, 0xFF, 0x80, 0xE9, 0x4C, 0x72, 0xA0, 0x01, 0x70, 0x34, 0xCB, 0x0E, 0xA0, 0x41,
    0xC9, 0xEE, 0xBB, 0x1F, 0xB2, 0x6E, 0xC7, 0x6A, 0x18, 0x2E, 0x31, 0x18, 0x24, 0x37, 0x68, 0x04,
    0x5E, 0x15, 0x90, 0xC0, 0x72, 0x0F, 0x48, 0xFF, 0x06, 0xAA, 0xEE, 0x30, 0xF9, 0x53, 0x81, 0xC0,
    0x9C, 0x8D, 0x0C, 0x6A, 0x60, 0x28, 0x45, 0xA2, 0x16, 0xD0, 0x72, 0xFB, 0x81, 0x97, 0x49, 0x06,
    0xE5, 0x47, 0xB0, 0xB7, 0xF7, 0x80, 0xAA, 0x7D, 0x1F, 0xD0, 0x78, 0x45, 0x6C, 0x3F, 0x89, 0x48,
    0x5B, 0x2B, 0xC9, 0x67, 0xAC, 0xA4, 0xC2, 0xFF, 0x5C, 0x3D, 0xA1, 0x46, 0x24, 0xB2, 0x6F, 0x78,
    0x24, 0x72, 0xE4, 0x4F, 0x0E, 0x57, 0x44, 0xAB, 0xB9, 0xBB, 0x57, 0xB0, 0xB4, 0x1C, 0x9E, 0x8D,
    0x8F, 0x22, 0x52, 0xB9, 0x1C, 0xEC, 0x35, 0x5F, 0xCE, 0x87, 0xAB, 0x61, 0x55, 0x78, 0xB1, 0xE8,
    0xC8, 0xBC, 0x28, 0x57, 0x64, 0xE0, 0x8C, 0x6B, 0xE5, 0x0A, 0xB8, 0xC4, 0xD7, 0xB8, 0x80, 0x05,
    0x0C, 0x0E, 0xA8, 0xCC, 0x2C, 0x79, 0x2C, 0x40, 0x3D, 0x06, 0xBE, 0x9A, 0xF8, 0x56, 0xD3, 0xFC,
    0x7C, 0xDB, 0xD0, 0xFC, 0xF3, 0xF6, 0x2A, 0x11, 0x75, 0xA5, 0x00, 0x6A, 0xA2, 0x56, 0xA0, 0x43,
    0x73, 0xF7, 0xCA, 0xCD, 0x31, 0x2E, 0x18, 0x45, 0x0E, 0xC8, 0xC9, 0x02, 0x55, 0xB0, 0x06, 0xE5,
    0xAC, 0x5B, 0x14, 0xA3, 0xEE, 0xA0, 0x26, 0x69, 0x08, 0x43, 0xD3, 0x03, 0xB7, 0xEB, 0x41, 0xEA,
    0x29, 0x61, 0x54, 0x6F, 0x62, 0xA3, 0x9A, 0x86, 0x26, 0x7E, 0x75, 0x68, 0xEA, 0x90, 0xA8, 0xEA,
    0x05, 0x75, 0xBC, 0x75, 0x02, 0x6B, 0x1B, 0x4E, 0x2D, 0xD8, 0x0B, 0xA6, 0x3E, 0x93, 0x1A, 0xCC,
    0xB2, 0x95, 0xB6, 0x1C, 0xD3, 0xCB, 0xBD, 0xE9, 0xD3, 0xB6, 0x16, 0xC5, 0xA6, 0x7F, 0x30, 0x2E,
    0xFA, 0xD9, 0xA6, 0x7F, 0x30, 0xDE, 0x0B, 0xDA, 0x16, 0x51, 0x8B, 0x3C, 0x4A, 0xE6, 0x4A, 0xF8,
    0xEB, 0x37, 0xD3, 0x6E, 0x75, 0x90, 0x9E, 0x26, 0x56, 0x12, 0x5B, 0x66, 0x29, 0x30, 0x99, 0xE4,
    0x50, 0xFA, 0x25, 0x05, 0xE4, 0xCC, 0x6A, 0x39, 0x4D, 0x9B, 0xDE, 0xF4, 0x67, 0x21, 0x11, 0xEE,
    0x37, 0xBE, 0x62, 0x4A, 0x98, 0x5A, 0x66, 0x03, 0xCB, 0x7C, 0xF9, 0x4C, 0x02, 0xA2, 0x11, 0x05,
    0xB3, 0xF8, 0xBE, 0xE8, 0x44, 0x7A, 0xD8, 0x1C, 0x1F, 0x75, 0xCA, 0xA7, 0xF0, 0x12, 0xFB, 0x35,
    0x5E, 0x10, 0xA7, 0x47, 0x77, 0xDB, 0x3B, 0x33, 0x0D, 0x75, 0xD0, 0x91, 0xDB, 0xE8, 0xF7, 0x40,
    0x99, 0x9B, 0x71, 0x91, 0x3E, 0x8B, 0x0B, 0xED, 0x68, 0x81, 0xFC, 0x0C, 0x10, 0x91, 0xE1, 0x7B,
    0xEF, 0xF8, 0x59, 0xD5, 0xEA, 0xF1, 0x55, 0x50, 0x77, 0x01, 0xF5, 0x78, 0x89, 0xC7, 0xB4, 0x63,
    0x90, 0x51, 0x7B, 0xF9, 0x4D, 0x66, 0xEE, 0x51, 0x12, 0x98, 0x5B, 0x68, 0x79, 0xAB, 0x24, 0x2E,
    0x11, 0x49, 0x3F, 0x15, 0x39, 0x73, 0xB5, 0x00, 0x2A, 0xBE, 0x7A, 0x29, 0xD4, 0x66, 0x90, 0x50,
    0x53, 0x68, 0xC7, 0x29, 0x55, 0xC1, 0x99, 0xD5, 0x4B, 0x17, 0x3B, 0x6F, 0x1E, 0x47, 0x1F, 0x47,
    0xD1, 0xCD, 0x68, 0xFD, 0xBB, 0x7F, 0x64, 0x9F, 0x4E, 0x41, 0x31, 0x9B, 0x8A, 0x62, 0x32, 0xEC,
    0x5C, 0x72, 0xA9, 0x02, 0x24, 0x95, 0x3A, 0x40, 0x32, 0xA9, 0x27, 0x48, 0x22, 0x92, 0x0A, 0xB4,
    0xD7, 0x1E, 0x92, 0x86, 0x0C, 0x9C, 0x45, 0x5C, 0xA5, 0x05, 0xB6, 0x8F, 0x39, 0xD8, 0x94, 0x82,
    0xEB, 0x62, 0x06, 0xD4, 0xC6, 0x04, 0xC8, 0xC4, 0xF8, 0x09, 0x91, 0xCE, 0x8E, 0xC4, 0xAE, 0x42,
    0x0C, 0xBD, 0x5C, 0x62, 0xE4, 0x95, 0x0C, 0x1E, 0xD5, 0x1C, 0xE3, 0x2E, 0x83, 0x84, 0xBD, 0x7D,
    0x10, 0xC4, 0x26, 0x90, 0xB9, 0x49, 0x44, 0x1B, 0x22, 0xC3, 0xA2, 0x96, 0x62, 0xAB, 0x93, 0xF8,
    0x41, 0x7D, 0x6D, 0xAC, 0x3F, 0x94, 0x3C, 0x0D, 0x52, 0xF8, 0xD8, 0x0A, 0x8D, 0x44, 0x97, 0x13,
    0x50, 0xC5, 0xEE, 0x06, 0x3B, 0x4B, 0x9C, 0x19, 0xAB, 0x29, 0xBE, 0x22, 0x83, 0x22, 0xB6, 0x50,
    0x19, 0xAA, 0xF4, 0x82, 0x54, 0x5E, 0x5C, 0x1F, 0xAF, 0x78, 0x93, 0x7C, 0x58, 0xA9, 0xBD, 0x07,
    0xF9, 0x34, 0xA4, 0x97, 0xC8, 0x76, 0x12, 0xB5, 0x9C, 0x89, 0x88, 0xC9, 0xDC, 0x05, 0x9C, 0x9D,
    0x3D, 0xB7, 0x40, 0xFC, 0x1C, 0x3E, 0xCD, 0x1A, 0x8F, 0xA8, 0x17, 0x8B, 0x96, 0xD6, 0x4A, 0x89,
    0x44, 0x79, 0x57, 0x42, 0x8B, 0x84, 0x3D, 0x48, 0x48, 0x12, 0xB1, 0xB1, 0xF0, 0xEB, 0x79, 0x0A,
    0x38, 0xA2, 0x51, 0x60, 0x11, 0x20, 0xF3, 0xBE, 0xAC, 0xE8, 0x5D, 0xE8, 0xEF, 0xC2, 0x10, 0x61,
    0x7B, 0xB6, 0x97, 0x13, 0xB5, 0x05, 0x0C, 0x23, 0x83, 0xC1, 0x03, 0xC1, 0x46, 0x12, 0x91, 0x57,
    0xC4, 0x50, 0x09, 0xB0, 0x9F, 0xA7, 0xBD, 0xDE, 0x83, 0x8D, 0x70, 0x64, 0xA2, 0x11, 0x60, 0x8D,
    0x77, 0x7C, 0x29, 0xBA, 0xB9, 0x00, 0xAE, 0xC8, 0x3F, 0x1D, 0x56, 0xC3, 0x83, 0xC0, 0xBC, 0x26,
    0x5D, 0x49, 0x1E, 0x07, 0xE8, 0x05, 0x86, 0xE3, 0xB0, 0xCE, 0x76, 0x77, 0xDE, 0x25, 0x6A, 0x45,
    0x17, 0x0C, 0x01, 0xDC, 0x6B, 0x25, 0x72, 0xE1, 0x6C, 0x39, 0x40, 0x1E, 0x80, 0x9F, 0x08, 0xE8,
    0x4F, 0x46, 0xC0, 0x4A, 0x37, 0xB2, 0xA2, 0x91, 0x39, 0x06, 0x68, 0x01, 0x9A, 0x7E, 0x00, 0x25,
    0x4D, 0xA7, 0x9E, 0x16, 0x06, 0xEF, 0x00, 0xD5, 0xDB, 0x16, 0x30, 0x9A, 0x01, 0xD2, 0x73, 0x4F,
    0x65, 0xC1, 0x0A, 0x42, 0x29, 0x28, 0x9D, 0xF9, 0x1C, 0x72, 0x2D, 0xA8, 0x15, 0x4C, 0x27, 0x1B,
    0x8A, 0x7B, 0x57, 0x5C, 0xDE, 0xFE, 0x7C, 0xA4, 0xC7, 0xA7, 0x26, 0x9F, 0xBA, 0x7C, 0x6A, 0xF3,
    0x88, 0x7D, 0x1E, 0xB1, 0xD1, 0x23, 0x75, 0xFA, 0xEF, 0x88, 0xE2, 0x66, 0x05, 0x71, 0xB7, 0x22,
    0xE1, 0xD4, 0x48, 0xFB, 0x95, 0xB4, 0x61, 0x49, 0x3B, 0x16, 0xD9, 0xB2, 0x6C, 0x7B, 0x03, 0x35,
    0x0B, 0x04, 0x81, 0x29, 0xED, 0x03, 0xD2, 0x16, 0x80, 0x68, 0x38, 0x81, 0x8B, 0xF5, 0x26, 0x5A,
    0x52, 0xBB, 0xCF, 0x69, 0xFC, 0x45, 0x6A, 0xF2, 0xCD, 0xBF, 0x04, 0x86, 0x05, 0x9C, 0x3C, 0x01,
    0x59, 0xEA, 0x5C, 0x97, 0xCE, 0x59, 0xC3, 0xBF, 0x4D, 0xD8, 0xD6, 0xD0, 0x7C, 0x73, 0x0D, 0x83,
    0xAC, 0xE1, 0x7C, 0xDE, 0x1A, 0xC6, 0xFE, 0x58, 0x0D, 0x8E, 0xFB, 0x36, 0x0D, 0xBA, 0x73, 0x83,
    0x6D, 0xB5, 0xB8, 0x05, 0x49, 0x2B, 0xDD, 0xFE, 0x89, 0x53, 0x1D, 0xBA, 0xD2, 0xDA, 0x91, 0x24,
    0x28, 0x92, 0x48, 0x44, 0x44, 0x78, 0x6D, 0x77, 0xBE, 0xE9, 0xEA, 0xC1, 0x7A, 0xB6, 0xE4, 0x6D,
    0xEB, 0xBC, 0x33, 0xBA, 0x8F, 0x3F, 0x18, 0x57, 0xBF, 0x96, 0xE8, 0x5F, 0x92, 0x97, 0xFD, 0x4D,
    0x20, 0x94, 0xC4, 0xF4, 0xC7, 0xAB, 0xA1, 0xA6, 0x48, 0xA3, 0xEE, 0xB2, 0x77, 0x79, 0xEC, 0xB5,
    0x94, 0x90, 0x28, 0xFD, 0x9C, 0xCB, 0x3F, 0xDB, 0x20, 0xDC, 0xC4, 0x1E, 0x23, 0x4D, 0x72, 0xC4,
    0x07, 0xA8, 0x0D, 0x6A, 0x59, 0x80, 0xC2, 0xDC, 0x06, 0x54, 0xC7, 0x59, 0x64, 0x58, 0x29, 0x30,
    0x9B, 0x70, 0x01, 0x6A, 0x08, 0x8F, 0xA3, 0x9C, 0x82, 0x33, 0x6A, 0x59, 0x62, 0xB3, 0x94, 0x3A,
    0x91, 0x8F, 0x15, 0xF2, 0x1B, 0xC0, 0xA6, 0x7D, 0xE5, 0x84, 0x5C, 0x56, 0xA2, 0x0C, 0x81, 0x8C,
    0xF2, 0x41, 0x03, 0x6D, 0x78, 0x68, 0xB5, 0x87, 0x53, 0x20, 0xC5, 0x21, 0x3F, 0xA2, 0x25, 0x25,
    0x2E, 0x16, 0x1C, 0x79, 0xE3, 0x2F, 0xC6, 0x6E, 0xB5, 0xDF, 0x00, 0x97, 0x2D, 0x8E, 0x50, 0xF6,
    0x96, 0xD8, 0xD8, 0xD9, 0x93, 0x67, 0xFC, 0x59, 0x5C, 0x4E, 0xBA, 0x87, 0x7B, 0x63, 0xAE, 0xBD,
    0x7C, 0x4F, 0xF2, 0xDD, 0x5F, 0x09, 0x6A, 0xAE, 0x3C, 0x3F, 0x42, 0x31, 0xE9, 0x8E, 0xE2, 0xE7,
    0xA5, 0x7D, 0x3D, 0xC4, 0x6F, 0x4C, 0x8A, 0xDB, 0x2E, 0xFD, 0x14, 0xDF, 0xC9, 0xD7, 0xA6, 0x1A,
    0xEB, 0xEE, 0xCE, 0x21, 0x5E, 0xA4, 0x90, 0x91, 0x3C, 0x6C, 0x83, 0xF8, 0xC2, 0xB1, 0xF0, 0x8F,
    0x64, 0x83, 0x47, 0x63, 0x12, 0x70, 0x9D, 0xE4, 0x03, 0x1A, 0x0E, 0x83, 0x97, 0xA1, 0x8F, 0xC9,
    0x35, 0x06, 0xE7, 0x90, 0xE4, 0x75, 0x4E, 0x2C, 0xF3, 0x26, 0x72, 0x62, 0x04, 0x52, 0xD7, 0xB0,
    0xC7, 0xFC, 0xB9, 0xBE, 0xEC, 0xEF, 0xC1, 0x1F, 0x56, 0x7F, 0xCB, 0xF1, 0xDC, 0x57, 0x7F, 0xE7,
    0xD3, 0xF7, 0x24, 0xB1, 0x2B, 0x48, 0x69, 0xAE, 0xB1, 0xF4, 0x87, 0x21, 0x3D, 0x5C, 0x45, 0x32,
    0xD3, 0x78, 0x3D, 0xF2, 0xE1, 0xEB, 0x1E, 0xE7, 0x50, 0xD9, 0xEA, 0x55, 0xEE, 0x62, 0x0B, 0x34,
    0xCC, 0x62, 0x2B, 0xE2, 0xB0, 0xA1, 0xED, 0x04, 0x4F, 0xCE, 0xAB, 0x26, 0xF3, 0x85, 0xB8, 0x7F,
    0x22, 0xA3, 0x47, 0xD9, 0x19, 0xA5, 0x7D, 0x51, 0xDA, 0x25, 0x49, 0x0C, 0x0E, 0xFF, 0x8F, 0x1E,
    0x37, 0x82, 0x6E, 0xE7, 0x7D, 0x7B, 0x72, 0x05, 0x91, 0x6E, 0xA6, 0x61, 0x11, 0x78, 0x04, 0x0B,
    0x73, 0x46, 0x58, 0x98, 0x15, 0xB5, 0x0B, 0xF3, 0x3A, 0xE4, 0x64, 0x16, 0x66, 0x7C, 0x80, 0x85,
    0x39, 0x29, 0xEC, 0x07, 0xF9, 0xF6, 0xA3, 0x5B, 0xB7, 0xDE, 0xD2, 0x24, 0x34, 0xED, 0x87, 0xA3,
    0x0A, 0x78, 0x99, 0x87, 0x97, 0x10, 0x4D, 0x1F, 0xFC, 0x99, 0x75, 0x48, 0x0F, 0x93, 0xC8, 0xDB,
    0x7B, 0xBD, 0x8D, 0x6A, 0xAF, 0x27, 0x39, 0x6A, 0xFF, 0xCD, 0x2F, 0xD3, 0xC3, 0xB3, 0xED, 0xCB,
    0xAD, 0xE4, 0x35, 0x95, 0x67, 0xCD, 0x78, 0xB1, 0x3D, 0x31, 0x76, 0x70, 0xDE, 0x79, 0x3B, 0x5C,
    0x31, 0xC0, 0xD5, 0x36, 0xDD, 0xE9, 0x5E, 0x16, 0xA3, 0xE9, 0x9C, 0x97, 0xA3, 0x89, 0x3B, 0x20,
    0xDD, 0x27, 0xB9, 0xAB, 0x2D, 0xD1, 0x73, 0x9F, 0xE6, 0xAD, 0x1C, 0xAA, 0xBB, 0xCF, 0x7F, 0x7A,
    0xBE, 0xD0, 0x17, 0x72, 0x0C, 0xE5, 0xFD, 0xE8, 0xB9, 0x45, 0x87, 0x66, 0xAA, 0x7C, 0x39, 0xA8,
    0xEE, 0x5E, 0xB5, 0x44, 0x4F, 0x3A, 0x92, 0xEA, 0x8A, 0xBE, 0xF2, 0xF5, 0xA8, 0x83, 0x5B, 0xEE,
    0x5D, 0x33, 0x6F, 0xCB, 0xE1, 0xC7, 0x4F, 0xDC, 0x7E, 0xF8, 0xDA, 0xB5, 0xCA, 0xAB, 0xEE, 0x3E,
    0x32, 0x6C, 0x9F, 0x6B, 0xBF, 0x4D, 0x65, 0xFE, 0x0B, 0x65, 0x95, 0x01, 0xA4, 0x1D, 0xC7, 0x1A,
    0xC7, 0x7F, 0xBB, 0xFB, 0xF2, 0x96, 0x2C, 0x16, 0x5C, 0xC8, 0xC3, 0x02, 0xBC, 0x04, 0x16, 0xC0,
    0x43, 0xDE, 0xCC, 0x4D, 0x00, 0x0F, 0x2F, 0xC8, 0x7D, 0x0F, 0x0F, 0x0F, 0x8A, 0x02, 0x01, 0x28,
    0x5A, 0xB3, 0x69, 0x00, 0x20, 0x0A, 0x50, 0x34, 0x25, 0xD0, 0x28, 0x17, 0x0A, 0xE5, 0xDE, 0x33,
    0x93, 0x14, 0x00, 0x3D, 0x4A, 0x05, 0x17, 0xDD, 0x06, 0x42, 0x82, 0x4C, 0xDB, 0x6D, 0xB3, 0xBD,
    0x99, 0xD9, 0xAF, 0xB3, 0xBB, 0x27, 0x47, 0xAE, 0xCE, 0xFE, 0xFF, 0xF7, 0x8E, 0xEF, 0xCC, 0x7C,
    0xF3, 0xDF, 0xFD, 0xFE, 0xDF, 0x2E, 0x07, 0x64, 0xE2, 0x4B, 0x09, 0xB5, 0xC4, 0xF6, 0xD9, 0xA4,
    0x1E, 0x4F, 0xE6, 0xEE, 0x64, 0x6F, 0x44, 0x49, 0x28, 0x82, 0x94, 0x41, 0xFE, 0x3D, 0x58, 0xF1,
    0x4A, 0x5C, 0x23, 0x64, 0xB7, 0xE0, 0xAB, 0x3C, 0x64, 0x23, 0xE4, 0x0F, 0x4A, 0x5F, 0xF5, 0xF5,
    0xB6, 0x76, 0x8D, 0x6B, 0x5D, 0xDB, 0x29, 0xAD, 0x30, 0x1C, 0xB1, 0x0E, 0xEB, 0xC8, 0xC5, 0x51,
    0x4A, 0x47, 0x23, 0x1A, 0x25, 0x10, 0x85, 0x62, 0x9C, 0xA8, 0x7E, 0x8C, 0xB4, 0x4F, 0x22, 0x4A,
    0xC4, 0xCD, 0xBC, 0x76, 0x3C, 0x69, 0xCA, 0x01, 0x2A, 0xCF, 0x6E, 0x90, 0x8B, 0x50, 0x2C, 0x9C,
    0x28, 0x7B, 0xA8, 0xB6, 0x50, 0xCB, 0x36, 0x71, 0xE0, 0xAF, 0xC7, 0x01, 0x8A, 0x3D, 0xF9, 0xFA,
    0xCE, 0x80, 0x95, 0x1E, 0x23, 0x7A, 0x91, 0x47, 0x76, 0x1B, 0x3B, 0x15, 0x12, 0xEB, 0xE9, 0xCB,
    0x76, 0x8B, 0xEA, 0x30, 0x66, 0x6B, 0x65, 0x90, 0xB3, 0x51, 0x8A, 0x30, 0xCD, 0x18, 0xED, 0x67,
    0x5E, 0x49, 0x5F, 0x8B, 0xE6, 0x36, 0x00, 0x8D, 0x88, 0x6E, 0x45, 0x98, 0x49, 0x1E, 0xA1, 0x1C,
    0xA1, 0xF6, 0x90, 0x12, 0x60, 0x3A, 0x78, 0x1B, 0x0E, 0xBB, 0x70, 0x0F, 0xC6, 0xB1, 0x8E, 0x4B,
    0x1A, 0x6C, 0x58, 0xF4, 0x96, 0xA3, 0xD5, 0xA5, 0x37, 0x3A, 0xFD, 0x27, 0x29, 0x00, 0xE9, 0xA9,
    0x64, 0xA0, 0x7D, 0x1E, 0x49, 0x4F, 0x15, 0x73, 0x98, 0x78, 0x2F, 0xA2, 0x24, 0x50, 0x4B, 0x0F,
    0x47, 0xC0, 0x01, 0xF9, 0xAC, 0x65, 0x6C, 0x9F, 0x07, 0xD5, 0x45, 0xA3, 0xA3, 0x39, 0x8C, 0xEA,
    0x2C, 0x2A, 0x09, 0xF5, 0x79, 0xA0, 0x18, 0xA9, 0xFD, 0x23, 0xD9, 0x8A, 0x68, 0x19, 0x97, 0xF5,
    0x1F, 0xC0, 0x87, 0x0B, 0x4E, 0x50, 0x32, 0x26, 0xA4, 0xF9, 0x0E, 0xEF, 0x63, 0x64, 0x48, 0x38,
    0x38, 0xBA, 0x05, 0x88, 0xF8, 0x04, 0xE0, 0xC2, 0xFC, 0x2A, 0x27, 0xF9, 0x50, 0xF4, 0xA9, 0x6C,
    0x5A, 0xF1, 0x4F, 0x3E, 0xE2, 0x84, 0xB0, 0xBB, 0x4E, 0xD2, 0x75, 0x3D, 0xC5, 0xAE, 0xC0, 0x7B,
    0x4B, 0xBE, 0xEB, 0xA0, 0xA0, 0xBD, 0x08, 0x45, 0x5A, 0x92, 0xF6, 0x71, 0x02, 0x23, 0xB9, 0xA7,
    0xEC, 0xA9, 0x1D, 0xED, 0x7C, 0x3C, 0xF9, 0xC7, 0x0F, 0xAA, 0x6F, 0x43, 0x3D, 0x4D, 0xB5, 0xDF,
    0xD4, 0x6E, 0xD3, 0xB8, 0xD3, 0x56, 0x07, 0x45, 0x50, 0x59, 0x30, 0xF9, 0xB8, 0x29, 0x86, 0xDB,
    0xA9, 0x46, 0x97, 0x34, 0x3B, 0xC7, 0x4D, 0xED, 0x4F, 0x93, 0xDA, 0x8A, 0x7A, 0x2C, 0x8B, 0xE9,
    0x26, 0x7B, 0x33, 0xDA, 0x9B, 0xC1, 0xFE, 0x6B, 0x34, 0xB3, 0xE3, 0xB6, 0xB5, 0xE8, 0x6C, 0xAD,
    0x50, 0x35, 0x62, 0x86, 0x5C, 0x7C, 0x23, 0xBE, 0x15, 0x5F, 0xFF, 0xBF, 0xFF, 0xCB, 0x5C, 0x5B,
    0xB7, 0x83, 0xE9, 0xB0, 0x1A, 0x01, 0x59, 0x2B, 0x72, 0x0B, 0x6C, 0xDC, 0x39, 0x48, 0x3A, 0x9C,
    0xE9, 0xC0, 0x68, 0x10, 0x28, 0x22, 0xD4, 0x03, 0x98, 0x2D, 0xB9, 0x2C, 0x79, 0x51, 0x12, 0x31,
    0x0B, 0xC3, 0xBE, 0xA2, 0x99, 0xAC, 0x15, 0xCD, 0x5F, 0x08, 0x60, 0x57, 0xFE, 0x77, 0xAD, 0x68,
    0x26, 0x7E, 0xB5, 0x42, 0xBE, 0x3A, 0x70, 0x73, 0x27, 0x60, 0xC5, 0x63, 0xA4, 0x63, 0x27, 0x17,
    0x32, 0xD1, 0x14, 0x02, 0x75, 0xA2, 0x9A, 0xC0, 0x4E, 0xE4, 0x31, 0x52, 0xFE, 0x1C, 0x68, 0xBE,
    0x09, 0xA8, 0x9B, 0x23, 0x56, 0x44, 0x27, 0xF2, 0xE8, 0xF8, 0x7C, 0xB5, 0x55, 0xD3, 0xB3, 0x1F,
    0x22, 0x5D, 0x26, 0xA2, 0x97, 0x4E, 0xF0, 0x2C, 0x2C, 0x17, 0x37, 0x05, 0xF2, 0x4F, 0x23, 0x64,
    0x53, 0x62, 0x5C, 0x6C, 0xF9, 0x8F, 0xFF, 0x05, 0x94, 0x78, 0xD4, 0xEE, 0xFC, 0xE5, 0x8F, 0x11,
    0x72, 0x99, 0xA8, 0xA6, 0x2F, 0x68, 0x3C, 0xB4, 0x0E, 0xD4, 0x71, 0x8F, 0x91, 0x11, 0xF3, 0x34,
    0x60, 0x0F, 0x13, 0xB3, 0x80, 0xC9, 0x03, 0xEA, 0x6C, 0xA4, 0x15, 0x4F, 0x25, 0x1D, 0xEC, 0xF4,
    0xD7, 0x22, 0xDD, 0xDC, 0x15, 0x89, 0xEB, 0x59, 0x45, 0x80, 0x6A, 0x58, 0x35, 0x2A, 0x07, 0x56,
    0x5F, 0x0C, 0xFB, 0x35, 0xFC, 0xEE, 0xF3, 0x5F, 0xB4, 0x07, 0xD3, 0x95, 0x83, 0xEA, 0x52, 0xCF,
    0x91, 0x2F, 0x1D, 0xE1, 0x29, 0x65, 0xA4, 0x79, 0x1D, 0x51, 0x4E, 0x50, 0x5D, 0xE2, 0x93, 0x89,
    0x56, 0x02, 0xD5, 0x85, 0x8E, 0xA8, 0x24, 0x34, 0xBF, 0x45, 0xE5, 0x26, 0xD5, 0x2D, 0x78, 0x3A,
    0xB5, 0x12, 0xAB, 0x7D, 0x47, 0xD8, 0xDE, 0x8A, 0xB6, 0x23, 0x07, 0x1A, 0xFC, 0x0E, 0x99, 0xDF,
    0xF9, 0x7C, 0x1F, 0xE1, 0x01, 0x22, 0x7D, 0xC2, 0xD1, 0x91, 0x06, 0xAC, 0xF8, 0x04, 0xE0, 0xC2,
    0xFC, 0xCA, 0xE2, 0xE6, 0x91, 0xC2, 0x53, 0x6D, 0xA9, 0x1D, 0x8D, 0xDE, 0x9B, 0x7C, 0xF1, 0xF9,
    0x8A, 0x65, 0x7E, 0x7D, 0x89, 0xB7, 0x70, 0x19, 0xF8, 0xFB, 0x3B, 0x1D, 0xD2, 0x24, 0xE8, 0x3D,
    0x2E, 0xF4, 0x49, 0x20, 0x1B, 0x96, 0xE4, 0x4B, 0xE6, 0xAB, 0x90, 0xC5, 0x6B, 0x95, 0x6C, 0x9A,
    0x37, 0x51, 0xDD, 0x0D, 0x26, 0x0B, 0x36, 0x9B, 0x1B, 0x63, 0x2A, 0xBD, 0x6D, 0xBC, 0x91, 0xBE,
    0x7D, 0xBD, 0xCD, 0x34, 0xD8, 0xFB, 0xA5, 0x0C, 0xCD, 0xB3, 0x51, 0x1D, 0x8E, 0xA6, 0x1C, 0xAC,
    0xF4, 0xF6, 0x77, 0x4E, 0xC1, 0xA2, 0x97, 0x57, 0xB1, 0x9B, 0x8B, 0x6C, 0xBB, 0x4A, 0x7C, 0xF3,
    0x32, 0xAD, 0x99, 0xF3, 0x6C, 0xB2, 0x70, 0x9A, 0x87, 0x58, 0x0C, 0xB6, 0x9A, 0x9B, 0x67, 0x7D,
    0x5D, 0xE7, 0x0F, 0x2F, 0xDF, 0xCF, 0x83, 0x72, 0x04, 0x0B, 0x36, 0x80, 0xF1, 0xA0, 0xB6, 0x60,
    0xE7, 0x06, 0xF0, 0x94, 0xBF, 0x0C, 0x34, 0xDF, 0x05, 0x92, 0x14, 0x00, 0xB2, 0xE5, 0xDC, 0xF2,
    0x3F, 0x01, 0x22, 0x97, 0x62, 0x29, 0xB1, 0x39, 0x0F, 0xEA, 0xC6, 0xA8, 0xCA, 0x35, 0xA7, 0x4E,
    0x39, 0x89, 0x40, 0x58, 0xB9, 0x7C, 0x0A, 0x7E, 0xDD, 0x35, 0xDB, 0x64, 0x75, 0x2A, 0xB6, 0x4E,
    0xC7, 0xEB, 0x7A, 0xAB, 0xA8, 0x9D, 0xA1, 0x71, 0x1B, 0x9A, 0x2E, 0xD2, 0xEA, 0x80, 0x22, 0x00,
    0xFC, 0x79, 0xFF, 0x70, 0xF9, 0x7E, 0x31, 0x9B, 0xC4, 0xC7, 0x45, 0x4F, 0xF5, 0x6A, 0x4B, 0x2D,
    0x5D, 0xA2, 0xA3, 0x39, 0xEB, 0x69, 0xEF, 0xF9, 0xA5, 0x61, 0x54, 0xB6, 0xDB, 0xBF, 0x21, 0x12,
    0xB2, 0x90, 0x8F, 0xC5, 0x50, 0xF8, 0xB7, 0x9F, 0xA1, 0xE5, 0x43, 0xD4, 0x29, 0x0D, 0xD9, 0xE7,
    0xA1, 0xEA, 0x8B, 0x97, 0xA2, 0xC6, 0xA4, 0xE8, 0x4D, 0x48, 0x92, 0x5C, 0x48, 0x9A, 0x0E, 0x43,
    0x12, 0x95, 0x8F, 0x49, 0x55, 0x31, 0xD4, 0x6E, 0x53, 0xF8, 0xA4, 0xAB, 0xF0, 0x49, 0x58, 0xD9,
    0xA7, 0xDF, 0xAA, 0x1E, 0x80, 0xFC, 0x93, 0x91, 0xE2, 0x95, 0x50, 0x4E, 0x96, 0xB4, 0x87, 0xBA,
    0x7F, 0xF7, 0x3E, 0x4E, 0xF7, 0xF7, 0xB1, 0xD7, 0xF2, 0xF0, 0x14, 0xDE, 0xCC, 0xCD, 0x6A, 0x5C,
    0x1E, 0x6A, 0x57, 0x0C, 0x89, 0xBE, 0x76, 0xA5, 0x6F, 0x5C, 0xCA, 0xDB, 0x55, 0xDE, 0x52, 0x4B,
    0xA4, 0xFE, 0x61, 0xA0, 0xB9, 0xAB, 0x69, 0x3B, 0x50, 0x3A, 0x11, 0x30, 0x40, 0x2E, 0x5D, 0x2D,
    0x7D, 0xF3, 0xBD, 0x6B, 0x1D, 0xCD, 0x40, 0x35, 0x91, 0x49, 0x47, 0xEB, 0x74, 0xDB, 0xCD, 0x06,
    0x4F, 0x35, 0xD0, 0x00, 0x99, 0xA7, 0xE8, 0xF9, 0xDB, 0xB9, 0x4E, 0xC1, 0x3B, 0x2F, 0x68, 0xDC,
    0x9C, 0x48, 0x69, 0x14, 0x98, 0x15, 0x03, 0x6A, 0x98, 0x17, 0xFF, 0x01, 0x75, 0x98, 0x01, 0xA4,
    0x26, 0xD7, 0x15, 0xC7, 0xCF, 0xF7, 0x4D, 0xF6, 0x8D, 0xBC, 0xA1, 0xB3, 0xD8, 0xB4, 0xB5, 0xA9,
    0x4E, 0x01, 0x24, 0x6D, 0x06, 0x0A, 0x48, 0x72, 0xA7, 0x09, 0x8A, 0xA0, 0x4B, 0xF7, 0xB5, 0x58,
    0x04, 0x8A, 0xD0, 0xD6, 0x16, 0x50, 0x24, 0xBD, 0xD3, 0x06, 0x8B, 0x22, 0x8B, 0xA4, 0x50, 0x58,
    0x6C, 0xD1, 0x0D, 0x16, 0x4A, 0x8A, 0xDD, 0xCC, 0x34, 0x0F, 0x10, 0x64, 0xBA, 0x15, 0x00, 0x3B,
    0xAB, 0x49, 0x43, 0x82, 0x37, 0x49, 0x67, 0x93, 0x79, 0x9B, 0x3B, 0xF7, 0xDF, 0xF3, 0x3F, 0x33,
    0xC3, 0x26, 0xF4, 0xB2, 0xBF, 0x33, 0xDE, 0x37, 0x73, 0xCF, 0x99, 0x73, 0xFF, 0xE7, 0xDC, 0x3B,
    0x2B, 0x36, 0x52, 0x7C, 0x20, 0xE2, 0x10, 0x44, 0x80, 0x51, 0x12, 0x60, 0x90, 0x0C, 0xD5, 0x05,
    0xC9, 0x83, 0x88, 0x14, 0xA3, 0xA2, 0x1C, 0x9E, 0xB8, 0x71, 0xDD, 0x0D, 0x0E, 0xA3, 0xEB, 0x3D,
    0x06, 0xD7, 0x37, 0x86, 0x5A, 0xDC, 0x80, 0x4A, 0x5C, 0xC4, 0x1B, 0x55, 0x01, 0xA0, 0xCE, 0x14,
    0xD5, 0x8E, 0x90, 0x34, 0x1E, 0x89, 0x24, 0x81, 0xD3, 0x13, 0x19, 0xA2, 0x48, 0xBE, 0x60, 0xD6,
    0x59, 0xE9, 0x4D, 0xE4, 0xDC, 0x19, 0xC5, 0xAD, 0x67, 0x15, 0xE3, 0xCB, 0x22, 0x8F, 0xC7, 0x20,
    0x7B, 0xE8, 0xCF, 0x05, 0xD1, 0x00, 0x61, 0x0F, 0xFC, 0x79, 0x4C, 0x71, 0x92, 0xF5, 0x39, 0x9E,
    0xCD, 0xAB, 0x32, 0x3C, 0x53, 0x88, 0x1B, 0xF5, 0x01, 0x3F, 0x8C, 0x4F, 0x4B, 0x73, 0x6F, 0xB8,
    0x25, 0xCD, 0xBF, 0xFA, 0x51, 0x70, 0xFC, 0xCF, 0x41, 0xF0, 0xEE, 0x71, 0x2F, 0x78, 0xEF, 0xD5,
    0x4E, 0xF4, 0x81, 0x56, 0x9A, 0x98, 0x57, 0xE2, 0xE7, 0xE2, 0x3B, 0xE2, 0xA0, 0xDE, 0x72, 0x22,
    0x25, 0x12, 0xE8, 0xFB, 0x26, 0x77, 0x46, 0x0D, 0x4A, 0x1F, 0x90, 0x5C, 0x1F, 0xD8, 0x86, 0xC7,
    0x55, 0x49, 0xE9, 0xBC, 0xE4, 0x8D, 0x00, 0xA6, 0x3D, 0xC6, 0x83, 0x21, 0x45, 0x2D, 0x67, 0x73,
    0x30, 0x1B, 0x41, 0x51, 0x4E, 0x0A, 0x37, 0x9C, 0x7F, 0xAE, 0xF3, 0x83, 0xFB, 0x49, 0xD7, 0xF4,
    0xCE, 0xB7, 0x4D, 0xE7, 0xD1, 0xA2, 0x6B, 0x3E, 0xA8, 0xD0, 0x36, 0xAD, 0xE8, 0x75, 0x25, 0xE8,
    0x20, 0x1A, 0xA4, 0xC2, 0x7F, 0x16, 0x99, 0xE1, 0xF8, 0xAB, 0x65, 0xE2, 0x9C, 0x48, 0x08, 0x69,
    0x98, 0xFB, 0xDD, 0x05, 0x91, 0xC5, 0x6F, 0xBE, 0x22, 0x2C, 0x28, 0x4E, 0x8F, 0x2E, 0x4A, 0x39,
    0x9A, 0xBB, 0x0D, 0xBE, 0x57, 0x34, 0x06, 0xA0, 0x15, 0xA6, 0xDD, 0x60, 0x69, 0xDF, 0xAB, 0x5B,
    0x49, 0x20, 0x2B, 0x1A, 0x28, 0x41, 0xDC, 0xC4, 0x5F, 0x85, 0x0B, 0xBA, 0xA2, 0x98, 0xB6, 0xA5,
    0xDD, 0xC6, 0x0E, 0xA7, 0xCA, 0x9C, 0x53, 0x32, 0x61, 0xF5, 0xFA, 0xB0, 0xA0, 0x3F, 0xCF, 0x1F,
    0x5B, 0xBD, 0xD4, 0xC9, 0xB7, 0x89, 0xE5, 0xE7, 0x78, 0xE3, 0x82, 0xD0, 0x65, 0x27, 0x7B, 0xA3,
    0xBC, 0x18, 0x8F, 0xAA, 0x75, 0xF6, 0xFD, 0xCD, 0x78, 0x43, 0x15, 0x60, 0x3A, 0xC8, 0x94, 0x0C,
    0x7D, 0x14, 0x72, 0x20, 0x6D, 0xB2, 0xD4, 0x26, 0x2B, 0x01, 0xF4, 0xC6, 0x4E, 0xDC, 0x46, 0xFE,
    0xFE, 0xF0, 0x70, 0xD5, 0x62, 0xDF, 0x5E, 0x23, 0x0D, 0x66, 0x7E, 0x91, 0x3C, 0xD0, 0xB4, 0x35,
    0x19, 0xFE, 0x68, 0xCA, 0x2D, 0x71, 0x82, 0xA8, 0xB6, 0x81, 0x0E, 0x8D, 0x6C, 0x6E, 0xF0, 0x09,
    0xF3, 0xD1, 0x3B, 0xEC, 0x69, 0xDB, 0x32, 0xEC, 0x50, 0x25, 0xA8, 0xDC, 0xB4, 0xA7, 0xD5, 0x58,
    0x14, 0x69, 0x5C, 0x6C, 0x36, 0x6B, 0x4A, 0x93, 0xC8, 0xF0, 0xD1, 0xA5, 0xB3, 0xDA, 0x04, 0x6D,
    0xA6, 0x76, 0xCA, 0xD0, 0xE6, 0x41, 0x53, 0x95, 0xA3, 0x56, 0x5B, 0x0E, 0x0E, 0x55, 0x3E, 0xE9,
    0x43, 0x1E, 0x55, 0x31, 0xAA, 0x05, 0xF4, 0x8F, 0xE2, 0xFF, 0xFD, 0x25, 0xEC, 0xED, 0xD2, 0x41,
    0x6C, 0xE4, 0xED, 0x62, 0x5D, 0xBD, 0xD8, 0x27, 0x08, 0x4B, 0x3C, 0x5F, 0xA3, 0x0C, 0x42, 0x41,
    0xAC, 0xDC, 0xCD, 0x22, 0x3E, 0xEC, 0x83, 0x72, 0x4E, 0x94, 0xCD, 0xED, 0x64, 0x12, 0x89, 0xB7,
    0xD3, 0x51, 0x0E, 0x81, 0x9B, 0x0F, 0x24, 0x87, 0x0E, 0x29, 0x14, 0x51, 0xF6, 0xC1, 0xE7, 0xBD,
    0x24, 0x93, 0x2F, 0x3A, 0x79, 0x32, 0xA2, 0x99, 0x2C, 0x63, 0x41, 0xBC, 0x72, 0x94, 0x7C, 0x70,
    0xEA, 0x31, 0x57, 0x45, 0x56, 0x92, 0x77, 0xAE, 0x51, 0x87, 0x6D, 0x09, 0x75, 0xD8, 0x96, 0x74,
    0xD5, 0x96, 0xB3, 0xB2, 0x2E, 0x94, 0xBE, 0x32, 0x2D, 0xE7, 0xB8, 0xBE, 0xC4, 0x05, 0x54, 0xAB,
    0xED, 0x68, 0x4B, 0x60, 0xA0, 0x75, 0xF7, 0x9B, 0xD1, 0x6C, 0x6F, 0x92, 0x11, 0xDF, 0xE5, 0xE1,
    0x90, 0xE2, 0xD0, 0xAC, 0x14, 0x2D, 0xD7, 0xB2, 0x98, 0xF8, 0x8E, 0xA8, 0xCB, 0xD1, 0x57, 0x6A,
    0xAB, 0xE6, 0x53, 0xCB, 0xFF, 0x9B, 0x9A, 0x7E, 0x98, 0x36, 0xEE, 0x22, 0x52, 0xEC, 0xF1, 0x71,
    0x95, 0x20, 0x6B, 0x2F, 0x51, 0xEF, 0x69, 0xFC, 0x8B, 0xF5, 0x05, 0xFE, 0xCB, 0xB6, 0x7F, 0xD3,
    0x22, 0x9F, 0x7C, 0xD4, 0x7F, 0xD3, 0x62, 0x0B, 0x5E, 0xCF, 0xBF, 0xD1, 0x14, 0xAB, 0xC5, 0x60,
    0x36, 0x53, 0xEB, 0x7A, 0xCA, 0x51, 0xC1, 0xF1, 0x98, 0xC5, 0x7D, 0x55, 0x69, 0x45, 0xB6, 0x5A,
    0xD4, 0xAB, 0xED, 0x68, 0xFD, 0x7F, 0x78, 0x37, 0xE3, 0xF6, 0xC3, 0xEE, 0x75, 0xC6, 0xCD, 0x25,
    0xEC, 0x68, 0x35, 0xDE, 0x61, 0x87, 0xDA, 0xFF, 0x17, 0xE8, 0x54, 0x22, 0xF8, 0x28, 0xA6, 0xED,
    0x1E, 0x97, 0xF0, 0x6E, 0x10, 0xC6, 0x8B, 0x17, 0x16, 0x1B, 0x33, 0x58, 0x91, 0x8E, 0x09, 0x7A,
    0xAA, 0xBA, 0xDF, 0xB1, 0x4A, 0x83, 0x1B, 0xC4, 0x47, 0xB5, 0x1A, 0x59, 0x0E, 0x8D, 0xBB, 0x1C,
    0x25, 0xA1, 0x34, 0x34, 0x72, 0x9D, 0xAC, 0x1C, 0xF3, 0xA9, 0xDA, 0x51, 0x1A, 0x79, 0xB8, 0x7D,
    0x69, 0xB1, 0x0D, 0x66, 0x8D, 0x3F, 0x53, 0x81, 0x4E, 0x9A, 0xCE, 0x34, 0x96, 0x8C, 0x90, 0xE3,
    0xA2, 0x69, 0xDB, 0xD5, 0xD9, 0xA0, 0x46, 0x13, 0xDC, 0xAB, 0xD1, 0xFC, 0x76, 0xBB, 0xB0, 0xD3,
    0x30, 0xDB, 0x7D, 0x48, 0x50, 0xBB, 0xDA, 0x4C, 0xA3, 0x3A, 0xC8, 0x4E, 0x6A, 0xA8, 0xC9, 0xEF,
    0xD6, 0xB3, 0x9A, 0xE2, 0xEE, 0x1F, 0x82, 0x24, 0xA1, 0xBC, 0xFC, 0xFC, 0xA4, 0xEA, 0x70, 0x97,
    0x7F, 0x3C, 0x8A, 0x03, 0xC7, 0x66, 0xBE, 0x75, 0x3A, 0xFB, 0x9B, 0xEF, 0x4B, 0xF2, 0xF9, 0xE4,
    0xCA, 0x56, 0x92, 0x2F, 0x46, 0x55, 0x8A, 0x9A, 0xC1, 0x79, 0x91, 0xE4, 0xCB, 0x9E, 0x5A, 0x49,
    0xD5, 0xCD, 0xBC, 0x98, 0x40, 0xA3, 0xB5, 0x42, 0x63, 0xC5, 0x6B, 0x95, 0x62, 0x0B, 0xE5, 0x7A,
    0xD3, 0xC7, 0x03, 0xD9, 0x45, 0xCE, 0xDD, 0xEF, 0xA3, 0x78, 0x76, 0x4A, 0x6B, 0xD9, 0x14, 0x70,
    0x53, 0x25, 0x51, 0x0D, 0x55, 0x90, 0xAA, 0x39, 0xBC, 0x86, 0x6C, 0xDA, 0x21, 0x1F, 0x90, 0x8F,
    0xFB, 0x58, 0xA8, 0x19, 0x92, 0xB9, 0xBC, 0x47, 0x13, 0xDC, 0x9D, 0x58, 0xF4, 0x6A, 0x8E, 0xE7,
    0xB2, 0x4F, 0x27, 0x7F, 0x1C, 0x5C, 0x97, 0x4D, 0xFE, 0x4A, 0x70, 0x6D, 0x3E, 0x36, 0x57, 0x26,
    0xDF, 0xEA, 0x53, 0x2F, 0x4C, 0x4D, 0xCD, 0xA7, 0x46, 0x54, 0xF6, 0x14, 0xA4, 0xBC, 0x13, 0x45,
    0xBD, 0xEA, 0x53, 0x1A, 0x8F, 0x9A, 0x78, 0xA3, 0xD1, 0x54, 0x1E, 0x83, 0x9A, 0x6D, 0xAE, 0x2C,
    0x1D, 0xF1, 0x05, 0x60, 0x12, 0x1B, 0x47, 0x84, 0x2E, 0xF0, 0xD6, 0xC1, 0x0E, 0xDE, 0x64, 0xCF,
    0xCD, 0x81, 0xD1, 0x38, 0x88, 0x1C, 0xBE, 0x19, 0xAF, 0x71, 0x8F, 0x9A, 0xD9, 0x56, 0x4C, 0x8A,
    0x78, 0x4D, 0xE9, 0x70, 0xA2, 0x53, 0x58, 0x5D, 0xED, 0xF1, 0x39, 0x06, 0xD1, 0xC4, 0xFB, 0x41,
    0x32, 0xCB, 0x44, 0x6E, 0x89, 0x20, 0x3B, 0x16, 0xB5, 0x6F, 0xC9, 0xA6, 0x65, 0xB7, 0x46, 0xAD,
    0xD7, 0x7B, 0x32, 0xB0, 0xCB, 0xE5, 0x68, 0x60, 0x9E, 0x94, 0x09, 0xE6, 0x68, 0x4D, 0x75, 0x56,
    0x9E, 0x91, 0xAF, 0x0D, 0x6F, 0xD1, 0x34, 0xC6, 0xC7, 0x8E, 0xD8, 0x4E, 0xB7, 0xB1, 0xC7, 0xB8,
    0x14, 0xA5, 0x12, 0x88, 0xFC, 0x03, 0x6C, 0x89, 0xEA, 0xDF, 0xB2, 0x40, 0x64, 0xDB, 0x95, 0x34,
    0x32, 0x4E, 0xDC, 0xDC, 0xBF, 0x68, 0x1E, 0xC3, 0xC6, 0x03, 0xBC, 0x7F, 0x71, 0x6B, 0xE0, 0x4F,
    0xE2, 0xE3, 0x9A, 0x2F, 0xB7, 0x75, 0xFA, 0xAD, 0xA5, 0x93, 0xDB, 0x3D, 0x3B, 0x74, 0x07, 0xE6,
    0x0A, 0xCA, 0xC6, 0xE8, 0x8C, 0x29, 0xE6, 0xAD, 0xE4, 0x58, 0xA4, 0xCD, 0xA0, 0xAF, 0xAA, 0x37,
    0x4B, 0x39, 0x6A, 0x72, 0xD4, 0x7B, 0x06, 0x51, 0x16, 0x41, 0xD9, 0x53, 0x36, 0xBE, 0x67, 0xDD,
    0x35, 0x77, 0xE8, 0x0C, 0xC7, 0x10, 0xE5, 0x7B, 0x3A, 0xC3, 0x37, 0x71, 0x32, 0x5F, 0x30, 0x65,
    0x0E, 0x2B, 0xBD, 0xB2, 0x97, 0xC4, 0x52, 0x9E, 0xC6, 0x3C, 0x70, 0x39, 0xC8, 0x3C, 0x64, 0x91,
    0x4C, 0x41, 0x26, 0xCA, 0x62, 0x4A, 0x50, 0xA9, 0xC3, 0x3D, 0x5A, 0x75, 0xB5, 0x33, 0x0A, 0x3A,
    0xDB, 0x6F, 0x42, 0x46, 0xE4, 0x8A, 0x89, 0x18, 0xCF, 0x70, 0x9F, 0xDA, 0x36, 0xC4, 0x1F, 0x10,
    0x91, 0xEF, 0xC0, 0xBD, 0x1F, 0xF5, 0x9A, 0xB9, 0x32, 0x9C, 0x95, 0x1D, 0xA6, 0xBF, 0x49, 0x46,
    0xC9, 0x14, 0x8D, 0x4E, 0xF5, 0xA8, 0x8B, 0x5B, 0x2E, 0x19, 0x7E, 0xC6, 0x0A, 0xF5, 0x7C, 0x85,
    0x57, 0x88, 0xEF, 0x11, 0x2A, 0xA8, 0x2D, 0x59, 0xDB, 0x38, 0x00, 0xEA, 0xAD, 0xF9, 0x84, 0xED,
    0x62, 0x6B, 0xAB, 0x6B, 0x1F, 0xFA, 0x46, 0x75, 0x80, 0x61, 0x5B, 0xEE, 0xB0, 0x98, 0xAE, 0x58,
    0x2E, 0x1A, 0xEE, 0x38, 0x1C, 0x68, 0xD3, 0xB8, 0x5C, 0xD4, 0x89, 0x5D, 0x70, 0xE7, 0xDA, 0x56,
    0x67, 0xF9, 0x8B, 0xED, 0x5D, 0x5C, 0x06, 0xDB, 0xBC, 0x28, 0x0F, 0xDB, 0xBD, 0x0A, 0x44, 0x49,
    0x67, 0x15, 0x9E, 0x7B, 0x00, 0xAB, 0x0D, 0x2D, 0xA1, 0xA6, 0xD2, 0x3C, 0x36, 0x03, 0x2A, 0x5F,
    0xE7, 0x61, 0x8F, 0x0E, 0xE2, 0x6A, 0xED, 0x53, 0xF8, 0x3D, 0xB8, 0x09, 0x00, 0xD8, 0x43, 0x40,
    0x6D, 0x69, 0x5E, 0x3F, 0x81, 0x75, 0x4C, 0x3B, 0x9B, 0x38, 0x1E, 0x93, 0xE2, 0xDA, 0x64, 0xD3,
    0xE9, 0x9C, 0x59, 0xEB, 0xD2, 0x36, 0xF2, 0x71, 0xBB, 0x18, 0xBE, 0x7E, 0x51, 0xF4, 0xEB, 0x45,
    0xB9, 0x5D, 0xB8, 0x8E, 0xDC, 0x46, 0x39, 0x2B, 0x76, 0xAB, 0xF4, 0x98, 0xCC, 0x0C, 0x4D, 0x2F,
    0x0C, 0x5F, 0x59, 0x4C, 0x64, 0x39, 0x96, 0x46, 0xD7, 0x91, 0xBE, 0xE5, 0x56, 0x80, 0x4A, 0x79,
    0x0A, 0x7A, 0x42, 0x30, 0x8E, 0xCA, 0xCC, 0x22, 0x4C, 0x39, 0xD9, 0xA3, 0x14, 0x86, 0x7C, 0x37,
    0xE1, 0xB5, 0xCB, 0x4D, 0x72, 0x5E, 0xB9, 0x07, 0x4C, 0x1E, 0xC1, 0xF7, 0x92, 0xDF, 0x1D, 0x95,
    0xEE, 0x4A, 0xEF, 0x06, 0x69, 0x92, 0x5A, 0x29, 0x3B, 0x21, 0x65, 0xA5, 0xEF, 0x49, 0x74, 0x0A,
    0x87, 0xD6, 0x58, 0x93, 0x51, 0xC8, 0x0F, 0x14, 0x25, 0xAE, 0x6F, 0xE5, 0x40, 0xD5, 0xB6, 0x46,
    0x8A, 0xFC, 0x1F, 0xCD, 0x20, 0x67, 0xF0, 0xBE, 0xBF, 0xBF, 0x6E, 0xD8, 0x64, 0x54, 0xEF, 0x9C,
    0x39, 0x31, 0xDA, 0x56, 0xBD, 0x32, 0x9B, 0x19, 0x67, 0x16, 0x2F, 0x2F, 0xCD, 0x61, 0x36, 0x0E,
    0x46, 0xBE, 0xE7, 0x83, 0xAB, 0x74, 0xB5, 0x05, 0x46, 0xF6, 0x8B, 0x58, 0xC8, 0x66, 0x61, 0x4B,
    0xEA, 0x38, 0x6F, 0x74, 0xC4, 0xE3, 0x38, 0x95, 0xF5, 0x5C, 0x96, 0x3D, 0x74, 0x9E, 0x6A, 0x10,
    0x2E, 0x57, 0x3B, 0xDC, 0x9F, 0x76, 0x92, 0xE0, 0x1D, 0x93, 0xFF, 0x9E, 0xBE, 0x62, 0xA2, 0x2C,
    0x42, 0xC2, 0x5C, 0x4F, 0xE9, 0x87, 0x47, 0x95, 0x1B, 0x33, 0xA0, 0x76, 0x23, 0xA3, 0x70, 0x83,
    0x52, 0x94, 0x9F, 0x90, 0xC5, 0xF3, 0x51, 0x59, 0xA6, 0xCA, 0xD1, 0xA9, 0x50, 0xCB, 0xE0, 0x78,
    0x30, 0xC2, 0xDB, 0xAA, 0x5E, 0x2B, 0x38, 0x49, 0x94, 0x3A, 0xB5, 0x92, 0x93, 0x22, 0xD6, 0x1A,
    0xC9, 0xA9, 0xA9, 0x76, 0x24, 0x77, 0xD7, 0x48, 0x56, 0x94, 0x09, 0x79, 0x50, 0x26, 0xC6, 0xCC,
    0x98, 0x1B, 0x4B, 0xA3, 0xBB, 0x3B, 0x2A, 0x9B, 0xF7, 0x48, 0xBC, 0xB6, 0xCC, 0x8C, 0x69, 0xA1,
    0x1E, 0x2E, 0x6F, 0xC6, 0x6B, 0xEC, 0x0B, 0x81, 0xD2, 0x50, 0x5A, 0xB6, 0xFB, 0x85, 0xDA, 0xE8,
    0x2E, 0x45, 0x1E, 0x83, 0xD3, 0x99, 0x39, 0x4F, 0x66, 0xCD, 0xF3, 0x52, 0x1A, 0x24, 0x37, 0xE7,
    0x6D, 0x39, 0xD0, 0x91, 0x0F, 0x1D, 0x7E, 0xD9, 0x0B, 0x89, 0x7E, 0x39, 0xFC, 0xE4, 0x57, 0xFD,
    0x28, 0x8F, 0xD8, 0x49, 0x99, 0xA0, 0xAF, 0xC3, 0x1B, 0x37, 0x9A, 0xD3, 0x12, 0xC0, 0x4C, 0x04,
    0x29, 0xD9, 0x4D, 0xF8, 0xC0, 0x2F, 0x81, 0x8F, 0xAF, 0x37, 0x7C, 0x7D, 0x62, 0x58, 0x6E, 0x1F,
    0x88, 0x91, 0x08, 0xF2, 0xEB, 0x65, 0x89, 0x33, 0x22, 0x21, 0xC4, 0xA3, 0xB7, 0x83, 0x3F, 0xC7,
    0x39, 0x82, 0x8A, 0xBE, 0x4C, 0x9D, 0xF2, 0x67, 0x47, 0xD0, 0xC7, 0x1E, 0x5F, 0x7C, 0x36, 0xA6,
    0x78, 0xB5, 0x3F, 0x9B, 0xC7, 0xB4, 0x97, 0x22, 0x64, 0x9D, 0xE6, 0x3F, 0x67, 0xCF, 0x53, 0xF8,
    0x3E, 0xAF, 0x55, 0x0C, 0x45, 0x25, 0xE8, 0x4A, 0x45, 0xEB, 0x64, 0xC3, 0xEF, 0x88, 0xDB, 0x8A,
    0xEE, 0x96, 0x48, 0x33, 0xB0, 0x21, 0xCF, 0xE1, 0xFF, 0x7C, 0x7F, 0xA4, 0x83, 0x28, 0x7A, 0xC5,
    0x41, 0x2D, 0xDB, 0x48, 0x46, 0x86, 0x94, 0x0D, 0x7B, 0x25, 0xB7, 0x6A, 0xBE, 0x51, 0x3E, 0x59,
    0x31, 0x21, 0xE4, 0xC6, 0x82, 0x9C, 0x0E, 0xF1, 0x71, 0xF3, 0xE0, 0x9A, 0xA0, 0xF6, 0x3D, 0x1B,
    0x55, 0xD3, 0xB1, 0x4B, 0xA1, 0x65, 0x76, 0x57, 0xD6, 0x92, 0x46, 0xFD, 0x45, 0xD2, 0x79, 0xAF,
    0xCC, 0xAC, 0x8B, 0xE7, 0x1B, 0xD7, 0x8E, 0x7E, 0x62, 0x5B, 0x08, 0xD4, 0xC9, 0x5E, 0xC9, 0xEA,
    0xB4, 0x8A, 0x3B, 0xF3, 0x70, 0x83, 0xCD, 0x18, 0xEC, 0xB6, 0x1F, 0xED, 0x61, 0x86, 0xE9, 0x32,
    0xF5, 0x54, 0x2F, 0xD3, 0x04, 0xE1, 0x28, 0xBE, 0x62, 0xF2, 0x79, 0x31, 0xEA, 0xDB, 0x1E, 0xE8,
    0x69, 0xF6, 0x58, 0x9B, 0x2E, 0xCC, 0x94, 0x68, 0xED, 0xC7, 0xC5, 0x50, 0x1C, 0xE7, 0x7F, 0x74,
    0xED, 0x25, 0xD7, 0x8B, 0xFB, 0xE8, 0x41, 0x54, 0xF3, 0x56, 0x44, 0xE3, 0x3A, 0x79, 0x6B, 0x9C,
    0x9D, 0xD7, 0xBC, 0x0F, 0xC1, 0x51, 0x2C, 0x71, 0xF2, 0x90, 0x55, 0xFD, 0x92, 0x9D, 0x80, 0x87,
    0xD0, 0xFC, 0x9D, 0xFB, 0xD6, 0x9C, 0x8E, 0x07, 0x9A, 0xC3, 0xE7, 0xAE, 0x5E, 0x5F, 0xA2, 0xC4,
    0x94, 0x61, 0xDB, 0x96, 0x88, 0xE1, 0xCC, 0xD1, 0xD1, 0xD1, 0xB2, 0xFE, 0x8F, 0xE9, 0x55, 0x65,
    0x85, 0x6A, 0xF0, 0x44, 0xA3, 0xA8, 0x1F, 0xFA, 0x58, 0xFB, 0xFA, 0x57, 0xA0, 0xA1, 0xDF, 0x7A,
    0x01, 0xDA, 0x15, 0xBB, 0xAF, 0xEE, 0x4D, 0x09, 0xA7, 0x4A, 0x17, 0xE8, 0x37, 0xD9, 0x81, 0xBD,
    0xAD, 0x75, 0x49, 0x3B, 0x9F, 0x00, 0x51, 0x4A, 0x26, 0xF0, 0xCC, 0xCF, 0xF0, 0x3A, 0x7F, 0xA0,
    0x06, 0xED, 0x53, 0x35, 0xAC, 0x0A, 0x6D, 0x4E, 0xCD, 0xCF, 0xE6, 0xB6, 0x9C, 0xB6, 0x24, 0x67,
    0x51, 0xEC, 0x01, 0x73, 0x64, 0x7E, 0x2D, 0x6D, 0x5B, 0x68, 0x99, 0xDD, 0xA8, 0xD8, 0xFE, 0x03,
    0xE1, 0xBC, 0xE2, 0x4B, 0x9B, 0x7A, 0x96, 0x03, 0x26, 0x2A, 0xE7, 0xF4, 0x05, 0xDA, 0x97, 0xE4,
    0xDC, 0x7A, 0xCE, 0x1A, 0xB5, 0x7B, 0xC5, 0x6A, 0x69, 0xB8, 0xCC, 0xAB, 0xFC, 0x94, 0x72, 0x48,
    0xA2, 0xB8, 0x5E, 0xAB, 0xD9, 0x77, 0x59, 0x10, 0xB4, 0x54, 0x4C, 0x9D, 0x87, 0x12, 0xEB, 0x17,
    0x32, 0x4B, 0xB5, 0x5C, 0x2A, 0x77, 0xD2, 0x30, 0x2E, 0xCA, 0x36, 0xD2, 0x40, 0x16, 0x20, 0x5D,
    0x51, 0x2B, 0x5F, 0xC9, 0x5B, 0xE5, 0xED, 0x9C, 0xD7, 0x78, 0x91, 0xB4, 0x92, 0x55, 0x5F, 0x6B,
    0xC9, 0x01, 0x92, 0x91, 0x95, 0x3C, 0x2B, 0xE2, 0x2B, 0x79, 0x45, 0x24, 0xAF, 0xE4, 0xD6, 0xF7,
    0x7F, 0xA8, 0x0C, 0x31, 0x14, 0x0C, 0x32, 0x7A, 0xE5, 0xDD, 0x93, 0x20, 0x12, 0x0F, 0xB3, 0x7E,
    0xF5, 0x52, 0xCE, 0xA4, 0x43, 0xA5, 0x95, 0xFC, 0xED, 0x06, 0xB6, 0x54, 0x18, 0x94, 0x05, 0xB9,
    0x49, 0xEE, 0x11, 0xB1, 0xB1, 0x8F, 0x66, 0x92, 0xAF, 0x98, 0x74, 0x36, 0x93, 0xAD, 0x8A, 0x5D,
    0xCD, 0xB4, 0xB4, 0x74, 0xF4, 0x8B, 0xDC, 0xE3, 0xA2, 0x35, 0xB4, 0x4B, 0xB0, 0x9D, 0x60, 0x72,
    0xF7, 0xC0, 0x23, 0x90, 0xEF, 0xF8, 0x19, 0x5B, 0xF9, 0x96, 0x45, 0x24, 0x8D, 0x1A, 0x9D, 0x10,
    0x75, 0x39, 0x64, 0x6A, 0xD8, 0xC8, 0xC3, 0x6E, 0x33, 0x9A, 0x4D, 0x9B, 0xD7, 0x77, 0x5C, 0x19,
    0xDE, 0x3B, 0x98, 0x76, 0xDC, 0xC3, 0xA6, 0x56, 0x7F, 0x71, 0xD9, 0x9E, 0x27, 0x63, 0x94, 0xED,
    0x7B, 0x7E, 0xBE, 0x64, 0xBA, 0x54, 0xA7, 0x4A, 0x51, 0xAA, 0x3C, 0xA9, 0xA5, 0x71, 0xA7, 0x2C,
    0x19, 0x05, 0x37, 0x0B, 0xD8, 0xED, 0xD6, 0xF1, 0x30, 0x5A, 0xD4, 0x1D, 0x39, 0xAF, 0x4A, 0xA1,
    0x0B, 0xC5, 0x01, 0xDE, 0xD8, 0xBE, 0xD5, 0xC8, 0x4A, 0xC4, 0x1B, 0xD3, 0xB8, 0xE5, 0xC4, 0x52,
    0xF2, 0xF0, 0xC8, 0xD3, 0x56, 0x59, 0x64, 0xB5, 0xF2, 0xA9, 0xBC, 0x52, 0x7A, 0x28, 0x0B, 0xBA,
    0x91, 0x86, 0x4C, 0x56, 0x97, 0xA7, 0x9E, 0xCA, 0x18, 0x9F, 0x3E, 0x2B, 0x7E, 0x1A, 0xB4, 0x39,
    0xE0, 0xD3, 0xE1, 0xEF, 0xCA, 0x3B, 0xFD, 0xA8, 0x31, 0x1C, 0x77, 0x23, 0x4B, 0x60, 0x93, 0xAF,
    0x24, 0xC6, 0xFD, 0xC6, 0x2D, 0x42, 0x65, 0xBB, 0x6D, 0xC1, 0x5B, 0x3F, 0xC9, 0x18, 0x74, 0xB9,
    0xED, 0xE4, 0x98, 0x56, 0x7A, 0x73, 0x6B, 0x83, 0x91, 0x29, 0x9E, 0x29, 0x88, 0xA7, 0xB8, 0x68,
    0x6F, 0x5B, 0x84, 0x35, 0x1F, 0xEB, 0x79, 0xFF, 0x20, 0xEE, 0x43, 0x8C, 0xE2, 0x3A, 0x37, 0x8A,
    0x6F, 0x15, 0x0D, 0x13, 0x8F, 0xD6, 0x2B, 0xFE, 0x84, 0x76, 0x07, 0x40, 0x14, 0x8C, 0xD1, 0x5A,
    0xF5, 0x4D, 0xA8, 0x50, 0x12, 0xEE, 0x6A, 0x9A, 0xE5, 0x8C, 0xC9, 0xCF, 0x15, 0x75, 0x3E, 0x25,
    0x44, 0x81, 0xAD, 0x94, 0x19, 0x93, 0xB9, 0xB0, 0x4C, 0x0F, 0xA3, 0xA2, 0x1F, 0x44, 0xF6, 0xF7,
    0x14, 0x52, 0x55, 0x22, 0xFF, 0x03, 0xD3, 0xFF, 0xFF, 0xC1, 0xFE, 0xFF, 0x03, 0xFB, 0xFF, 0x17,
    0xEA, 0xFF, 0x5F, 0x60, 0x60, 0x60, 0x00, 0x00, 0xD5, 0x93, 0x21, 0x6C, 0xDC, 0x40, 0x10, 0x45,
    0xBF, 0x7D, 0x6A, 0x4F, 0xEA, 0x81, 0x45, 0x21, 0x21, 0xE6, 0xC8, 0x1C, 0xC5, 0x2A, 0x28, 0x0E,
    0x48, 0xAB, 0xC2, 0x72, 0x55, 0x0A, 0x47, 0x76, 0x39, 0x29, 0x2A, 0xC7, 0x21, 0xA5, 0x05, 0x55,
    0xCF, 0xE5, 0xE4, 0x38, 0x32, 0x08, 0x0A, 0x32, 0x08, 0x30, 0x70, 0x3C, 0xFD, 0x5F, 0x7F, 0x5D,
    0xEB, 0x54, 0x14, 0x29, 0xA4, 0x96, 0x7C, 0x6F, 0xED, 0xB5, 0x3D, 0x33, 0xEF, 0x66, 0x00, 0xBC,
    0xBA, 0xC6, 0xC5, 0x35, 0x79, 0x8C, 0x22, 0x66, 0xA0, 0x8C, 0x65, 0x2F, 0xEE, 0xE3, 0x29, 0xC5,
    0x04, 0xA4, 0xF8, 0x5C, 0x2F, 0x9F, 0xC8, 0x19, 0x57, 0x23, 0x80, 0xEA, 0x11, 0x57, 0x03, 0x59,
    0x3F, 0xA2, 0x25, 0x8B, 0xD0, 0xD1, 0x23, 0x09, 0xD1, 0x65, 0x36, 0x78, 0x13, 0x0F, 0x77, 0xF1,
    0x00, 0x20, 0xFA, 0x82, 0x97, 0x62, 0x19, 0x10, 0xBB, 0x9D, 0xC8, 0x9B, 0xA4, 0xC2, 0x35, 0xFB,
    0x85, 0xE4, 0xC5, 0xE1, 0x29, 0x73, 0x26, 0x79, 0x33, 0xCD, 0xE2, 0x13, 0xD2, 0x44, 0xF2, 0x66,
    0x25, 0xA6, 0x59, 0x91, 0xB1, 0xA5, 0x33, 0x99, 0xB5, 0xD3, 0xD2, 0x45, 0x7B, 0x32, 0x8F, 0xA4,
    0x72, 0x8C, 0x5E, 0xE1, 0x4E, 0xBB, 0xE8, 0x54, 0x64, 0x1F, 0xD1, 0x88, 0x4D, 0x2C, 0x20, 0x17,
    0xC4, 0x9C, 0x1F, 0x3B, 0x91, 0xF6, 0x61, 0x1D, 0x07, 0xDB, 0x48, 0x96, 0x51, 0x11, 0x69, 0xF9,
    0xA8, 0x64, 0x78, 0xA7, 0xF8, 0x0A, 0xE7, 0x03, 0xA7, 0x23, 0x0F, 0x43, 0x3B, 0xAA, 0xFC, 0x53,
    0x3B, 0x08, 0x3D, 0xC3, 0x53, 0x42, 0xA7, 0xE8, 0x3C, 0x8D, 0x22, 0x3A, 0x9B, 0x68, 0xC0, 0xE5,
    0x8E, 0x28, 0xED, 0x81, 0xA7, 0xC1, 0xC2, 0x89, 0x45, 0x32, 0xB2, 0x03, 0x2D, 0x09, 0x9D, 0x86,
    0x02, 0xEB, 0x54, 0x60, 0xFD, 0x1B, 0xE3, 0x9A, 0x83, 0x96, 0x3A, 0x5A, 0x81, 0x01, 0x06, 0x81,
    0x15, 0x1B, 0x1D, 0x84, 0xC5, 0x4F, 0xDC, 0x03, 0x6B, 0xB5, 0xC5, 0x0D, 0xB4, 0x9D, 0xCE, 0xAA,
    0x4D, 0xAE, 0x56, 0x91, 0x6C, 0x3C, 0x8B, 0xE6, 0x92, 0x70, 0xB5, 0xC3, 0x73, 0xAB, 0xC5, 0xF3,
    0xAA, 0xAD, 0xA6, 0x97, 0xAF, 0x56, 0xBD, 0x5E, 0x60, 0xED, 0xF6, 0x7A, 0x58, 0xFB, 0x5D, 0xDF,
    0x72, 0xC7, 0xEB, 0x73, 0xEE, 0xF9, 0xAB, 0xD3, 0xDA, 0x66, 0xAF, 0x9B, 0xAD, 0xEF, 0x73, 0xE7,
    0x3B, 0xA6, 0x8E, 0xDF, 0x7F, 0xBB, 0xFE, 0x4B, 0x34, 0x79, 0xF5, 0x36, 0x90, 0x27, 0x40, 0x75,
    0x7A, 0x06, 0xF2, 0xAA, 0x74, 0xD1, 0x9E, 0x03, 0xD5, 0xED, 0x2D, 0x37, 0x5B, 0x93, 0x25, 0x78,
    0x2B, 0x4D, 0x5E, 0xD9, 0x81, 0xB7, 0x18, 0xDC, 0x33, 0xA1, 0xBC, 0xBC, 0xA5, 0x95, 0xB7, 0x94,
    0xA1, 0x56, 0x1E, 0x82, 0xBC, 0x75, 0xEC, 0x91, 0xB7, 0xE4, 0x26, 0x6F, 0x6D, 0x13, 0xB2, 0xCD,
    0xC8, 0x36, 0x25, 0xDB, 0x9C, 0x6C, 0x93, 0xB2, 0xCD, 0xCA, 0x36, 0x2D, 0x9B, 0x53, 0xFE, 0xD8,
    0x29, 0x4D, 0xFE, 0xEB, 0x54, 0x69, 0xD9, 0x69, 0x6B, 0xA7, 0x39, 0xB6, 0x9D, 0x86, 0x13, 0x74,
    0x16, 0x2F, 0xE9, 0x34, 0xFD, 0xB7, 0x4E, 0x8B, 0xF7, 0x8D, 0x80, 0x5B, 0x3F, 0x56, 0x46, 0xC4,
    0x40, 0x1E, 0xC8, 0x91, 0x4C, 0xF1, 0x4D, 0x44, 0x3D, 0xA3, 0x15, 0x95, 0xC0, 0x60, 0x1E, 0x49,
    0x5E, 0x94, 0x7A, 0x81, 0xB9, 0x54, 0xA4, 0x0C, 0xD5, 0x11, 0x27, 0xF1, 0x32, 0xEE, 0x3A, 0xB2,
    0xD3, 0x4C, 0xAE, 0x43, 0xB9, 0x4E, 0xA5, 0xE7, 0xD1, 0xA4, 0x0E, 0xD9, 0x91, 0x0C, 0xBB, 0x21,
    0x75, 0x21, 0x7A, 0x28, 0x37, 0xEA, 0xA7, 0x5A, 0x7E, 0xC8, 0x08, 0xAA, 0x98, 0xC8, 0x11, 0x89,
    0x54, 0x3A, 0xBB, 0xA0, 0x5B, 0x19, 0xBC, 0x70, 0x89, 0x3A, 0xD6, 0x3A, 0x4B, 0x0B, 0x42, 0x44,
    0x97, 0x09, 0xD3, 0x42, 0x5C, 0xCA, 0xB9, 0x8F, 0xFA, 0xDC, 0xC7, 0x9E, 0x7C, 0xDC, 0x7C, 0xF8,
    0x1F, 0x14, 0x47, 0x11, 0xC5, 0x77, 0x7B, 0x69, 0x63, 0x2A, 0x29, 0xAE, 0x88, 0x98, 0xE5, 0x63,
    0xC7, 0x97, 0xE4, 0xE3, 0x10, 0xEF, 0xC6, 0xCB, 0x78, 0xE8, 0x72, 0xC3, 0xE0, 0xB0, 0xE8, 0xCB,
    0xB2, 0xDC, 0x49, 0x01, 0xCF, 0x49, 0xE4, 0x5E, 0xF6, 0xD2, 0x46, 0xAF, 0x67, 0xB1, 0xE7, 0xBB,
    0xB3, 0x0B, 0x49, 0xA4, 0x3C, 0x8B, 0x0D, 0x59, 0x91, 0xBF, 0x3E, 0x44, 0x5F, 0xC5, 0x4F, 0x1C,
    0x59, 0x58, 0x8A, 0x99, 0x5C, 0x20, 0xDE, 0xC6, 0x3D, 0x4A, 0xE5, 0x7B, 0x03, 0xF9, 0xC0, 0x1F,
    0x55, 0x8F, 0xB1, 0x11, 0xC2, 0x50, 0x0C, 0x43, 0xCD, 0xB9, 0xA0, 0x74, 0x0F, 0x43, 0x64, 0x04,
    0x67, 0xB3, 0x30, 0x02, 0x1B, 0xE5, 0x8F, 0xE0, 0x11, 0x18, 0x81, 0x22, 0xB9, 0xA3, 0x48, 0x10,
    0x8A, 0x7E, 0xC1, 0xC5, 0xCD, 0x2B, 0xF4, 0xEE, 0x24, 0xDB, 0xFF, 0x7C, 0xEC, 0x8C, 0xEA, 0xCC,
    0xA5, 0x13, 0xBB, 0xE0, 0x80, 0x84, 0x00, 0x4A, 0xF1, 0xF3, 0x2E, 0xE1, 0x63, 0xB6, 0x13, 0x4E,
    0x26, 0x85, 0xD8, 0x6E, 0x8F, 0xA4, 0x90, 0x5F, 0xD4, 0x40, 0x01, 0xC0, 0x6B, 0xD8, 0xCD, 0xC9,
    0x96, 0x18, 0x83, 0xB4, 0x09, 0x95, 0xC0, 0x76, 0x01, 0x16, 0xF2, 0x7D, 0x25, 0xE3, 0xD0, 0x80,
    0x72, 0x28, 0x1B, 0x8D, 0x9C, 0x8E, 0xE6, 0x04, 0x18, 0xAB, 0x56, 0xC5, 0x8E, 0x75, 0xD6, 0x10,
    0xB4, 0xD4, 0xB0, 0x6C, 0xAC, 0xE1, 0x45, 0xCB, 0x3A, 0xE8, 0xEB, 0xCC, 0x58, 0xBB, 0xCF, 0x7F,
    0x44, 0x9D, 0xFF, 0xD4, 0xFD, 0x00,
};

static const EpdGlyph notosans_16_bolditalicGlyphs[] = {
    { 0, 0, 0, 0, 0, 0, 0 }, // U+0000
    { 0, 0, 139, 0, 0, 0, 0 }, // U+000D
    { 0, 0, 139, 0, 0, 0, 0 }, // U+0020
    { 11, 25, 153, 0, 24, 69, 0 }, // !
    { 13, 9, 242, 3, 24, 30, 69 }, // "
    { 22, 24, 344, 0, 24, 132, 99 }, // #
    { 19, 28, 294, 0, 26, 133, 231 }, // $
    { 27, 26, 456, 1, 25, 176, 364 }, // %
    { 23, 26, 378, 1, 25, 150, 540 }, // &
    { 6, 9, 136, 3, 24, 14, 690 }, // '
    { 13, 30, 181, 1, 24, 98, 704 }, // (
    { 14, 31, 182, -3, 25, 109, 802 }, // )
    { 17, 17, 291, 2, 26, 73, 911 }, // *
    { 17, 17, 305, 1, 20, 73, 984 }, // +
    { 9, 9, 153, -2, 4, 21, 1057 }, // ,
    { 10, 5, 172, 0, 11, 13, 1078 }, // -
    { 7, 7, 153, 0, 6, 13, 1091 }, // .
    { 19, 25, 226, -2, 24, 119, 1104 }, // /
    { 18, 26, 316, 1, 25, 117, 1223 }, // 0
    { 14, 24, 252, 1, 24, 84, 1340 }, // 1
    { 19, 25, 294, -1, 25, 119, 1424 }, // 2
    { 18, 26, 294, 0, 25, 117, 1543 }, // 3
    { 19, 24, 294, -1, 24, 114, 1660 }, // 4
    { 19, 25, 294, 0, 24, 119, 1774 }, // 5
    { 18, 26, 303, 1, 25, 117, 1893 }, // 6
    { 20, 24, 271, 0, 24, 120, 2010 }, // 7
    { 18, 26, 296, 0, 25, 117, 2130 }, // 8
    { 18, 26, 296, 1, 25, 117, 2247 }, // 9
    { 10, 20, 153, 0, 19, 50, 2364 }, // :
    { 12, 24, 153, -2, 19, 72, 2414 }, // ;
    { 17, 18, 305, 1, 21, 77, 2486 }, // <
    { 17, 11, 305, 1, 17, 47, 2563 }, // =
    { 17, 18, 305, 1, 21, 77, 2610 }, // >
    { 15, 26, 245, 2, 25, 98, 2687 }, // ?
    { 28, 28, 456, 1, 24, 196, 2785 }, // @
    { 21, 24, 335, -2, 24, 126, 2981 }, // A
    { 21, 24, 331, 0, 24, 126, 3107 }, // B
    { 21, 26, 327, 1, 25, 137, 3233 }, // C
    { 22, 24, 361, 0, 24, 132, 3370 }, // D
    { 20, 24, 290, 0, 24, 120, 3502 }, // E
    { 20, 24, 284, 0, 24, 120, 3622 }, // F
    { 22, 26, 368, 1, 25, 143, 3742 }, // G
    { 24, 24, 374, 0, 24, 144, 3885 }, // H
    { 16, 24, 204, -1, 24, 96, 4029 }, // I
    { 18, 32, 178, -6, 24, 144, 4125 }, // J
    { 24, 24, 327, 0, 24, 144, 4269 }, // K
    { 16, 24, 276, 0, 24, 96, 4413 }, // L
    { 30, 24, 469, 0, 24, 180, 4509 }, // M
    { 26, 24, 404, 0, 24, 156, 4689 }, // N
    { 23, 26, 390, 1, 25, 150, 4845 }, // O
    { 21, 24, 325, 0, 24, 126, 4995 }, // P
    { 23, 31, 390, 1, 25, 179, 5121 }, // Q
    { 20, 24, 331, 0, 24, 120, 5300 }, // R
    { 19, 26, 283, 0, 25, 124, 5420 }, // S
    { 19, 24, 284, 2, 24, 114, 5544 }, // T
    { 22, 25, 369, 2, 24, 138, 5658 }, // U
    { 20, 24, 315, 3, 24, 120, 5796 }, // V
    { 30, 24, 477, 3, 24, 180, 5916 }, // W
    { 25, 24, 325, -2, 24, 150, 6096 }, // X
    { 19, 24, 301, 3, 24, 114, 6246 }, // Y
    { 21, 24, 286, -1, 24, 126, 6360 }, // Z
    { 15, 30, 177, -1, 24, 113, 6486 }, // [
    { 9, 25, 226, 3, 24, 57, 6599 }, // <backslash>
    { 15, 30, 177, -3, 24, 113, 6656 }, // ]
    { 18, 16, 294, 0, 24, 72, 6769 }, // ^
    { 15, 3, 213, -4, -3, 12, 6841 }, // _
    { 8, 6, 173, 4, 26, 12, 6853 }, // `
    { 19, 20, 316, 1, 19, 95, 6865 }, // a
    { 19, 27, 317, 0, 26, 129, 6960 }, // b
    { 16, 20, 258, 1, 19, 80, 7089 }, // c
    { 20, 27, 317, 1, 26, 135, 7169 }, // d
    { 17, 20, 297, 1, 19, 85, 7304 }, // e
    { 21, 34, 199, -4, 26, 179, 7389 }, // f
    { 20, 27, 318, 0, 19, 135, 0 }, // g
    { 19, 26, 322, 0, 26, 124, 135 }, // h
    { 11, 26, 159, 0, 26, 72, 259 }, // i
    { 16, 34, 159, -5, 26, 136, 331 }, // j
    { 21, 26, 303, 0, 26, 137, 467 }, // k
    { 11, 26, 159, 0, 26, 72, 604 }, // l
    { 29, 19, 483, 0, 19, 138, 676 }, // m
    { 19, 19, 322, 0, 19, 91, 814 }, // n
    { 18, 20, 312, 1, 19, 90, 905 }, // o
    { 21, 27, 317, -2, 19, 142, 995 }, // p
    { 19, 27, 317, 1, 19, 129, 1137 }, // q
    { 16, 19, 225, 0, 19, 76, 1266 }, // r
    { 16, 20, 253, 0, 19, 80, 1342 }, // s
    { 14, 24, 219, 1, 23, 84, 1422 }, // t
    { 19, 20, 322, 1, 19, 95, 1506 }, // u
    { 18, 19, 273, 1, 19, 86, 1601 }, // v
    { 26, 19, 420, 2, 19, 124, 1687 }, // w
    { 22, 19, 285, -2, 19, 105, 1811 }, // x
    { 23, 27, 277, -3, 19, 156, 1916 }, // y
    { 17, 19, 250, -1, 19, 81, 2072 }, // z
    { 15, 30, 189, -1, 24, 113, 2153 }, // {
    { 4, 34, 294, 7, 26, 34, 2266 }, // |
    { 14, 30, 189, -2, 24, 105, 2300 }, // }
    { 17, 7, 305, 1, 15, 30, 2405 }, // ~
    { 0, 0, 139, 0, 0, 0, 0 }, // U+00A0
    { 11, 26, 153, -2, 19, 72, 0 }, // U+00A1
    { 16, 26, 294, 2, 25, 104, 72 }, // U+00A2
    { 22, 25, 294, -1, 25, 138, 176 }, // U+00A3
    { 17, 16, 294, 1, 20, 68, 314 }, // U+00A4
    { 20, 24, 294, 1, 24, 120, 382 }, // U+00A5
    { 4, 34, 294, 7, 26, 34, 502 }, // U+00A6
    { 17, 27, 259, 0, 26, 115, 536 }, // U+00A7
    { 12, 6, 295, 6, 26, 18, 651 }, // U+00A8
    { 26, 26, 444, 1, 25, 169, 669 }, // U+00A9
    { 13, 13, 202, 2, 25, 43, 838 }, // U+00AA
    { 18, 16, 302, 1, 17, 72, 881 }, // U+00AB
    { 17, 10, 305, 1, 14, 43, 953 }, // U+00AC
    { 10, 5, 172, 0, 11, 13, 996 }, // U+00AD
    { 26, 26, 444, 1, 25, 169, 1009 }, // U+00AE
    { 16, 4, 228, 3, 29, 16, 1178 }, // U+00AF
    { 12, 13, 226, 1, 25, 39, 1194 }, // U+00B0
    { 17, 21, 305, 1, 21, 90, 1233 }, // U+00B1
    { 14, 16, 202, 1, 29, 56, 1323 }, // U+00B2
    { 13, 16, 202, 2, 29, 52, 1379 }, // U+00B3
    { 10, 6, 172, 3, 26, 15, 1431 }, // U+00B4
    { 22, 27, 325, -2, 19, 149, 1446 }, // U+00B5
    { 18, 31, 349, 2, 26, 140, 1595 }, // U+00B6
    { 7, 7, 153, 2, 15, 13, 1735 }, // U+00B7
    { 9, 8, 109, -4, 0, 18, 1748 }, // U+00B8
    { 10, 16, 202, 3, 29, 40, 1766 }, // U+00B9
    { 12, 12, 196, 2, 24, 36, 1806 }, // U+00BA
    { 18, 16, 300, 0, 17, 72, 1842 }, // U+00BB
    { 25, 26, 445, 2, 25, 163, 1914 }, // U+00BC
    { 27, 26, 475, 2, 25, 176, 2077 }, // U+00BD
    { 27, 26, 460, 1, 25, 176, 2253 }, // U+00BE
    { 14, 25, 248, -1, 19, 88, 2429 }, // U+00BF
    { 21, 32, 335, -2, 32, 168, 2517 }, // U+00C0
    { 23, 32, 335, -2, 32, 184, 2685 }, // U+00C1
    { 23, 32, 335, -2, 32, 184, 2869 }, // U+00C2
    { 24, 32, 335, -2, 32, 192, 3053 }, // U+00C3
    { 22, 32, 335, -2, 32, 176, 3245 }, // U+00C4
    { 21, 34, 335, -2, 34, 179, 3421 }, // U+00C5
    { 33, 24, 477, -2, 24, 198, 3600 }, // U+00C6
    { 21, 33, 327, 1, 25, 174, 3798 }, // U+00C7
    { 20, 32, 290, 0, 32, 160, 3972 }, // U+00C8
    { 20, 32, 290, 0, 32, 160, 4132 }, // U+00C9
    { 20, 32, 290, 0, 32, 160, 4292 }, // U+00CA
    { 20, 32, 290, 0, 32, 160, 4452 }, // U+00CB
    { 16, 32, 204, -1, 32, 128, 4612 }, // U+00CC
    { 18, 32, 204, -1, 32, 144, 4740 }, // U+00CD
    { 18, 32, 204, -1, 32, 144, 4884 }, // U+00CE
    { 17, 32, 204, -1, 32, 136, 5028 }, // U+00CF
    { 22, 24, 361, 0, 24, 132, 5164 }, // U+00D0
    { 26, 32, 404, 0, 32, 208, 5296 }, // U+00D1
    { 23, 33, 390, 1, 32, 190, 5504 }, // U+00D2
    { 23, 33, 390, 1, 32, 190, 5694 }, // U+00D3
    { 23, 33, 390, 1, 32, 190, 5884 }, // U+00D4
    { 23, 33, 390, 1, 32, 190, 6074 }, // U+00D5
    { 23, 33, 390, 1, 32, 190, 6264 }, // U+00D6
    { 16, 16, 305, 2, 20, 64, 6454 }, // U+00D7
    { 23, 28, 389, 1, 26, 161, 6518 }, // U+00D8
    { 22, 33, 369, 2, 32, 182, 6679 }, // U+00D9
    { 22, 33, 369, 2, 32, 182, 6861 }, // U+00DA
    { 22, 33, 369, 2, 32, 182, 7043 }, // U+00DB
    { 22, 33, 369, 2, 32, 182, 7225 }, // U+00DC
    { 19, 32, 301, 3, 32, 152, 7407 }, // U+00DD
    { 20, 24, 320, 0, 24, 120, 0 }, // U+00DE
    { 27, 34, 351, -5, 26, 230, 120 }, // U+00DF
    { 19, 27, 316, 1, 26, 129, 350 }, // U+00E0
    { 19, 27, 316, 1, 26, 129, 479 }, // U+00E1
    { 19, 27, 316, 1, 26, 129, 608 }, // U+00E2
    { 19, 27, 316, 1, 26, 129, 737 }, // U+00E3
    { 19, 27, 316, 1, 26, 129, 866 }, // U+00E4
    { 19, 29, 316, 1, 28, 138, 995 }, // U+00E5
    { 28, 20, 465, 1, 19, 140, 1133 }, // U+00E6
    { 16, 27, 258, 1, 19, 108, 1273 }, // U+00E7
    { 17, 27, 297, 1, 26, 115, 1381 }, // U+00E8
    { 18, 27, 297, 1, 26, 122, 1496 }, // U+00E9
    { 18, 27, 297, 1, 26, 122, 1618 }, // U+00EA
    { 17, 27, 297, 1, 26, 115, 1740 }, // U+00EB
    { 10, 26, 159, 0, 26, 65, 1855 }, // U+00EC
    { 14, 26, 159, 0, 26, 91, 1920 }, // U+00ED
    { 14, 26, 159, 0, 26, 91, 2011 }, // U+00EE
    { 13, 26, 159, 0, 26, 85, 2102 }, // U+00EF
    { 18, 27, 308, 1, 26, 122, 2187 }, // U+00F0
    { 20, 26, 323, 0, 26, 130, 2309 }, // U+00F1
    { 18, 27, 315, 1, 26, 122, 2439 }, // U+00F2
    { 18, 27, 315, 1, 26, 122, 2561 }, // U+00F3
    { 18, 27, 315, 1, 26, 122, 2683 }, // U+00F4
    { 19, 27, 315, 1, 26, 129, 2805 }, // U+00F5
    { 18, 27, 315, 1, 26, 122, 2934 }, // U+00F6
    { 17, 17, 305, 1, 20, 73, 3056 }, // U+00F7
    { 19, 22, 312, 0, 20, 105, 3129 }, // U+00F8
    { 19, 27, 323, 1, 26, 129, 3234 }, // U+00F9
    { 19, 27, 323, 1, 26, 129, 3363 }, // U+00FA
    { 19, 27, 323, 1, 26, 129, 3492 }, // U+00FB
    { 19, 27, 323, 1, 26, 129, 3621 }, // U+00FC
    { 23, 34, 277, -3, 26, 196, 3750 }, // U+00FD
    { 21, 34, 318, -2, 26, 179, 3946 }, // U+00FE
    { 23, 34, 277, -3, 26, 196, 4125 }, // U+00FF
    { 22, 30, 335, -2, 30, 165, 0 }, // U+0100
    { 19, 25, 316, 1, 24, 119, 165 }, // U+0101
    { 23, 32, 335, -2, 32, 184, 284 }, // U+0102
    { 19, 27, 316, 1, 26, 129, 468 }, // U+0103
    { 21, 33, 335, -2, 24, 174, 597 }, // U+0104
    { 19, 28, 316, 1, 19, 133, 771 }, // U+0105
    { 21, 33, 327, 1, 32, 174, 904 }, // U+0106
    { 17, 27, 258, 1, 26, 115, 1078 }, // U+0107
    { 21, 33, 327, 1, 32, 174, 1193 }, // U+0108
    { 17, 27, 258, 1, 26, 115, 1367 }, // U+0109
    { 21, 33, 327, 1, 32, 174, 1482 }, // U+010A
    { 16, 27, 258, 1, 26, 108, 1656 }, // U+010B
    { 22, 33, 327, 1, 32, 182, 1764 }, // U+010C
    { 18, 27, 258, 1, 26, 122, 1946 }, // U+010D
    { 23, 32, 361, 0, 32, 184, 2068 }, // U+010E
    { 27, 27, 362, 1, 26, 183, 2252 }, // U+010F
    { 22, 24, 361, 0, 24, 132, 2435 }, // U+0110
    { 22, 27, 317, 1, 26, 149, 2567 }, // U+0111
    { 20, 30, 290, 0, 30, 150, 2716 }, // U+0112
    { 17, 25, 297, 1, 24, 107, 2866 }, // U+0113
    { 20, 32, 290, 0, 32, 160, 2973 }, // U+0114
    { 18, 27, 297, 1, 26, 122, 3133 }, // U+0115
    { 20, 32, 290, 0, 32, 160, 3255 }, // U+0116
    { 17, 27, 297, 1, 26, 115, 3415 }, // U+0117
    { 20, 33, 290, 0, 24, 165, 3530 }, // U+0118
    { 17, 27, 297, 1, 19, 115, 3695 }, // U+0119
    { 21, 32, 290, 0, 32, 168, 3810 }, // U+011A
    { 19, 27, 297, 1, 26, 129, 3978 }, // U+011B
    { 22, 33, 368, 1, 32, 182, 4107 }, // U+011C
    { 20, 34, 318, 0, 26, 170, 4289 }, // U+011D
    { 22, 33, 368, 1, 32, 182, 4459 }, // U+011E
    { 20, 34, 318, 0, 26, 170, 4641 }, // U+011F
    { 22, 33, 368, 1, 32, 182, 4811 }, // U+0120
    { 20, 34, 318, 0, 26, 170, 4993 }, // U+0121
    { 22, 33, 368, 1, 25, 182, 5163 }, // U+0122
    { 20, 34, 318, 0, 26, 170, 5345 }, // U+0123
    { 24, 32, 374, 0, 32, 192, 5515 }, // U+0124
    { 19, 33, 323, 0, 33, 157, 5707 }, // U+0125
    { 26, 24, 374, 0, 24, 156, 5864 }, // U+0126
    { 19, 26, 322, 0, 26, 124, 6020 }, // U+0127
    { 18, 32, 204, -1, 32, 144, 6144 }, // U+0128
    { 15, 26, 159, 0, 26, 98, 6288 }, // U+0129
    { 17, 30, 204, -1, 30, 128, 6386 }, // U+012A
    { 13, 24, 159, 0, 24, 78, 6514 }, // U+012B
    { 18, 32, 204, -1, 32, 144, 6592 }, // U+012C
    { 14, 26, 159, 0, 26, 91, 6736 }, // U+012D
    { 16, 33, 204, -1, 24, 132, 6827 }, // U+012E
    { 13, 35, 159, -2, 26, 114, 6959 }, // U+012F
    { 16, 32, 204, -1, 32, 128, 7073 }, // U+0130
    { 10, 19, 159, 0, 19, 48, 7201 }, // U+0131
    { 26, 32, 381, -1, 24, 208, 7249 }, // U+0132
    { 21, 34, 319, 0, 26, 179, 0 }, // U+0133
    { 22, 40, 178, -6, 32, 220, 179 }, // U+0134
    { 19, 34, 159, -5, 26, 162, 399 }, // U+0135
    { 24, 32, 334, 0, 24, 192, 561 }, // U+0136
    { 21, 34, 303, 0, 26, 179, 753 }, // U+0137
    { 21, 19, 303, 0, 19, 100, 932 }, // U+0138
    { 17, 32, 276, 0, 32, 136, 1032 }, // U+0139
    { 16, 33, 159, 0, 33, 132, 1168 }, // U+013A
    { 16, 32, 276, 0, 24, 128, 1300 }, // U+013B
    { 13, 34, 159, -2, 26, 111, 1428 }, // U+013C
    { 20, 24, 276, 0, 24, 120, 1539 }, // U+013D
    { 18, 26, 202, 0, 26, 117, 1659 }, // U+013E
    { 17, 24, 276, 0, 24, 102, 1776 }, // U+013F
    { 16, 26, 235, 0, 26, 104, 1878 }, // U+0140
    { 17, 24, 276, -1, 24, 102, 1982 }, // U+0141
    { 12, 26, 174, 0, 26, 78, 2084 }, // U+0142
    { 26, 32, 404, 0, 32, 208, 2162 }, // U+0143
    { 19, 26, 323, 0, 26, 124, 2370 }, // U+0144
    { 26, 32, 404, 0, 24, 208, 2494 }, // U+0145
    { 19, 27, 323, 0, 19, 129, 2702 }, // U+0146
    { 26, 32, 404, 0, 32, 208, 2831 }, // U+0147
    { 21, 26, 323, 0, 26, 137, 3039 }, // U+0148
    { 22, 24, 376, 0, 24, 132, 3176 }, // U+0149
    { 26, 31, 403, 0, 24, 202, 3308 }, // U+014A
    { 19, 27, 322, 0, 19, 129, 3510 }, // U+014B
    { 23, 31, 390, 1, 30, 179, 3639 }, // U+014C
    { 18, 25, 315, 1, 24, 113, 3818 }, // U+014D
    { 23, 33, 390, 1, 32, 190, 3931 }, // U+014E
    { 18, 27, 315, 1, 26, 122, 4121 }, // U+014F
    { 25, 33, 390, 1, 32, 207, 4243 }, // U+0150
    { 22, 27, 315, 1, 26, 149, 4450 }, // U+0151
    { 30, 26, 480, 2, 25, 195, 4599 }, // U+0152
    { 28, 20, 470, 1, 19, 140, 4794 }, // U+0153
    { 21, 32, 331, 0, 32, 168, 4934 }, // U+0154
    { 17, 26, 225, 0, 26, 111, 5102 }, // U+0155
    { 20, 32, 331, 0, 24, 160, 5213 }, // U+0156
    { 18, 27, 225, -2, 19, 122, 5373 }, // U+0157
    { 22, 32, 331, 0, 32, 176, 5495 }, // U+0158
    { 18, 26, 225, 0, 26, 117, 5671 }, // U+0159
    { 19, 33, 283, 0, 32, 157, 5788 }, // U+015A
    { 17, 27, 253, 0, 26, 115, 5945 }, // U+015B
    { 19, 33, 283, 0, 32, 157, 6060 }, // U+015C
    { 17, 27, 253, 0, 26, 115, 6217 }, // U+015D
    { 19, 33, 283, 0, 25, 157, 6332 }, // U+015E
    { 16, 27, 253, 0, 19, 108, 6489 }, // U+015F
    { 20, 33, 283, 0, 32, 165, 6597 }, // U+0160
    { 18, 27, 253, 0, 26, 122, 6762 }, // U+0161
    { 19, 32, 284, 2, 24, 152, 6884 }, // U+0162
    { 14, 31, 219, 1, 23, 109, 7036 }, // U+0163
    { 19, 32, 284, 2, 32, 152, 7145 }, // U+0164
    { 18, 27, 219, 1, 26, 122, 7297 }, // U+0165
    { 19, 24, 284, 2, 24, 114, 7419 }, // U+0166
    { 15, 24, 219, 0, 23, 90, 0 }, // U+0167
    { 22, 33, 369, 2, 32, 182, 90 }, // U+0168
    { 19, 27, 323, 1, 26, 129, 272 }, // U+0169
    { 22, 31, 369, 2, 30, 171, 401 }, // U+016A
    { 19, 25, 323, 1, 24, 119, 572 }, // U+016B
    { 22, 33, 369, 2, 32, 182, 691 }, // U+016C
    { 19, 27, 323, 1, 26, 129, 873 }, // U+016D
    { 22, 35, 369, 2, 34, 193, 1002 }, // U+016E
    { 19, 29, 323, 1, 28, 138, 1195 }, // U+016F
    { 24, 33, 369, 2, 32, 198, 1333 }, // U+0170
    { 22, 27, 323, 1, 26, 149, 1531 }, // U+0171
    { 22, 33, 369, 2, 24, 182, 1680 }, // U+0172
    { 19, 28, 323, 1, 19, 133, 1862 }, // U+0173
    { 30, 32, 482, 3, 32, 240, 1995 }, // U+0174
    { 26, 26, 420, 2, 26, 169, 2235 }, // U+0175
    { 19, 32, 301, 3, 32, 152, 2404 }, // U+0176
    { 23, 34, 277, -3, 26, 196, 2556 }, // U+0177
    { 19, 32, 301, 3, 32, 152, 2752 }, // U+0178
    { 21, 32, 286, -1, 32, 168, 2904 }, // U+0179
    { 18, 26, 250, -1, 26, 117, 3072 }, // U+017A
    { 21, 32, 286, -1, 32, 168, 3189 }, // U+017B
    { 17, 26, 250, -1, 26, 111, 3357 }, // U+017C
    { 22, 32, 286, -1, 32, 176, 3468 }, // U+017D
    { 19, 26, 250, -1, 26, 124, 3644 }, // U+017E
    { 20, 34, 191, -4, 26, 170, 3768 }, // U+017F
    { 28, 27, 412, 2, 26, 189, 0 }, // U+01A0
    { 24, 22, 343, 1, 21, 132, 189 }, // U+01A1
    { 29, 27, 413, 2, 26, 196, 321 }, // U+01AF
    { 27, 22, 379, 1, 21, 149, 517 }, // U+01B0
    { 43, 32, 647, 0, 32, 344, 666 }, // U+01C4
    { 41, 26, 604, 0, 26, 267, 1010 }, // U+01C5
    { 37, 27, 559, 1, 26, 250, 1277 }, // U+01C6
    { 29, 32, 453, 0, 24, 232, 1527 }, // U+01C7
    { 29, 34, 435, 0, 26, 247, 1759 }, // U+01C8
    { 21, 34, 319, 0, 26, 179, 2006 }, // U+01C9
    { 37, 32, 579, 0, 24, 296, 2185 }, // U+01CA
    { 36, 34, 561, 0, 26, 306, 2481 }, // U+01CB
    { 31, 34, 480, 0, 26, 264, 2787 }, // U+01CC
    { 24, 32, 335, -2, 32, 192, 3051 }, // U+01CD
    { 19, 27, 316, 1, 26, 129, 3243 }, // U+01CE
    { 19, 32, 204, -1, 32, 152, 3372 }, // U+01CF
    { 15, 26, 159, 0, 26, 98, 3524 }, // U+01D0
    { 23, 33, 390, 1, 32, 190, 3622 }, // U+01D1
    { 19, 27, 315, 1, 26, 129, 3812 }, // U+01D2
    { 22, 33, 369, 2, 32, 182, 3941 }, // U+01D3
    { 19, 27, 323, 1, 26, 129, 4123 }, // U+01D4
    { 22, 36, 369, 2, 35, 198, 4252 }, // U+01D5
    { 19, 30, 323, 1, 29, 143, 4450 }, // U+01D6
    { 22, 36, 369, 2, 35, 198, 4593 }, // U+01D7
    { 19, 31, 323, 1, 30, 148, 4791 }, // U+01D8
    { 22, 36, 369, 2, 35, 198, 4939 }, // U+01D9
    { 20, 31, 323, 1, 30, 155, 5137 }, // U+01DA
    { 22, 36, 369, 2, 35, 198, 5292 }, // U+01DB
    { 19, 31, 323, 1, 30, 148, 5490 }, // U+01DC
    { 18, 20, 297, 0, 19, 90, 5638 }, // U+01DD
    { 23, 35, 335, -2, 35, 202, 5728 }, // U+01DE
    { 19, 30, 316, 1, 29, 143, 5930 }, // U+01DF
    { 23, 34, 335, -2, 34, 196, 6073 }, // U+01E0
    { 19, 30, 316, 1, 29, 143, 6269 }, // U+01E1
    { 33, 30, 477, -2, 30, 248, 6412 }, // U+01E2
    { 28, 25, 465, 1, 24, 175, 6660 }, // U+01E3
    { 22, 26, 368, 1, 25, 143, 6835 }, // U+01E4
    { 20, 27, 317, 0, 19, 135, 6978 }, // U+01E5
    { 23, 33, 368, 1, 32, 190, 7113 }, // U+01E6
    { 20, 34, 318, 0, 26, 170, 7303 }, // U+01E7
    { 24, 32, 334, 0, 32, 192, 7473 }, // U+01E8
    { 21, 33, 303, 0, 33, 174, 0 }, // U+01E9
    { 23, 34, 390, 1, 25, 196, 174 }, // U+01EA
    { 18, 28, 315, 1, 19, 126, 370 }, // U+01EB
    { 23, 39, 390, 1, 30, 225, 496 }, // U+01EC
    { 18, 33, 315, 1, 24, 149, 721 }, // U+01ED
    { 21, 33, 296, -1, 32, 174, 870 }, // U+01EE
    { 21, 35, 292, -2, 26, 184, 1044 }, // U+01EF
    { 20, 34, 159, -5, 26, 170, 1228 }, // U+01F0
    { 43, 24, 647, 0, 24, 258, 1398 }, // U+01F1
    { 39, 24, 612, 0, 24, 234, 1656 }, // U+01F2
    { 35, 27, 567, 1, 26, 237, 1890 }, // U+01F3
    { 22, 33, 368, 1, 32, 182, 2127 }, // U+01F4
    { 20, 34, 318, 0, 26, 170, 2309 }, // U+01F5
    { 33, 25, 538, 0, 24, 207, 2479 }, // U+01F6
    { 23, 33, 344, -1, 25, 190, 2686 }, // U+01F7
    { 26, 32, 404, 0, 32, 208, 2876 }, // U+01F8
    { 19, 26, 323, 0, 26, 124, 3084 }, // U+01F9
    { 24, 32, 335, -2, 32, 192, 3208 }, // U+01FA
    { 20, 33, 316, 1, 32, 165, 3400 }, // U+01FB
    { 33, 32, 477, -2, 32, 264, 3565 }, // U+01FC
    { 28, 27, 465, 1, 26, 189, 3829 }, // U+01FD
    { 23, 33, 390, 1, 31, 190, 4018 }, // U+01FE
    { 19, 28, 312, 0, 26, 133, 4208 }, // U+01FF
    { 21, 32, 335, -2, 32, 168, 4341 }, // U+0200
    { 19, 27, 316, 1, 26, 129, 4509 }, // U+0201
    { 23, 32, 335, -2, 32, 184, 4638 }, // U+0202
    { 19, 27, 316, 1, 26, 129, 4822 }, // U+0203
    { 20, 32, 290, 0, 32, 160, 4951 }, // U+0204
    { 17, 27, 297, 1, 26, 115, 5111 }, // U+0205
    { 20, 32, 290, 0, 32, 160, 5226 }, // U+0206
    { 17, 27, 297, 1, 26, 115, 5386 }, // U+0207
    { 16, 32, 204, -1, 32, 128, 5501 }, // U+0208
    { 14, 26, 159, -2, 26, 91, 5629 }, // U+0209
    { 17, 32, 204, -1, 32, 136, 5720 }, // U+020A
    { 14, 26, 159, 0, 26, 91, 5856 }, // U+020B
    { 23, 33, 390, 1, 32, 190, 5947 }, // U+020C
    { 18, 27, 315, 1, 26, 122, 6137 }, // U+020D
    { 23, 33, 390, 1, 32, 190, 6259 }, // U+020E
    { 18, 27, 315, 1, 26, 122, 6449 }, // U+020F
    { 20, 32, 331, 0, 32, 160, 6571 }, // U+0210
    { 16, 26, 225, 0, 26, 104, 6731 }, // U+0211
    { 20, 32, 331, 0, 32, 160, 6835 }, // U+0212
    { 17, 26, 225, 0, 26, 111, 6995 }, // U+0213
    { 22, 33, 369, 2, 32, 182, 7106 }, // U+0214
    { 19, 27, 323, 1, 26, 129, 7288 }, // U+0215
    { 22, 33, 369, 2, 32, 182, 7417 }, // U+0216
    { 19, 27, 323, 1, 26, 129, 0 }, // U+0217
    { 19, 33, 283, 0, 25, 157, 129 }, // U+0218
    { 16, 27, 253, 0, 19, 108, 286 }, // U+0219
    { 19, 32, 284, 2, 24, 152, 394 }, // U+021A
    { 14, 31, 219, 1, 23, 109, 546 }, // U+021B
    { 23, 31, 335, -2, 25, 179, 655 }, // U+021C
    { 20, 27, 270, -3, 19, 135, 834 }, // U+021D
    { 24, 32, 374, 0, 32, 192, 969 }, // U+021E
    { 19, 33, 323, 0, 33, 157, 1161 }, // U+021F
    { 8, 6, 0, -14, 26, 12, 0 }, // U+0300
    { 10, 6, 0, -8, 26, 15, 12 }, // U+0301
    { 14, 6, 0, -5, 26, 21, 27 }, // U+0302
    { 15, 6, 0, -15, 26, 23, 48 }, // U+0303
    { 11, 4, 0, -3, 24, 11, 71 }, // U+0304
    { 15, 5, 0, -4, 29, 19, 82 }, // U+0305
    { 13, 6, 0, -3, 26, 20, 101 }, // U+0306
    { 6, 6, 0, 0, 26, 9, 121 }, // U+0307
    { 12, 6, 0, -3, 26, 18, 130 }, // U+0308
    { 8, 9, 0, -10, 28, 18, 148 }, // U+0309
    { 9, 8, 0, -1, 28, 18, 166 }, // U+030A
    { 16, 6, 0, -4, 26, 24, 184 }, // U+030B
    { 15, 6, 0, -4, 26, 23, 208 }, // U+030C
    { 6, 10, 0, 0, 26, 15, 231 }, // U+030D
    { 12, 7, 0, -3, 26, 21, 246 }, // U+030E
    { 14, 6, 0, -16, 26, 21, 267 }, // U+030F
    { 12, 9, 0, -3, 29, 27, 288 }, // U+0310
    { 13, 6, 0, -4, 26, 20, 315 }, // U+0311
    { 9, 9, 0, -2, 24, 21, 335 }, // U+0312
    { 9, 9, 0, -2, 24, 21, 356 }, // U+0313
    { 5, 9, 0, 0, 24, 12, 377 }, // U+0314
    { 9, 9, 0, -2, 24, 21, 389 }, // U+0315
    { 8, 6, 0, -7, -1, 12, 410 }, // U+0316
    { 10, 6, 0, -8, -1, 15, 422 }, // U+0317
    { 7, 8, 0, -6, 0, 14, 437 }, // U+0318
    { 8, 8, 0, -7, 0, 16, 451 }, // U+0319
    { 11, 10, 167, 2, 26, 28, 467 }, // U+031A
    { 10, 9, 0, -2, 26, 23, 495 }, // U+031B
    { 6, 9, 0, -2, 0, 14, 518 }, // U+031C
    { 8, 6, 0, -7, -1, 12, 532 }, // U+031D
    { 9, 6, 0, -7, -1, 14, 544 }, // U+031E
    { 8, 8, 0, -7, 0, 16, 558 }, // U+031F
    { 8, 3, 0, -7, -2, 6, 574 }, // U+0320
    { 9, 10, 0, -7, 2, 23, 580 }, // U+0321
    { 8, 10, 0, -4, 2, 20, 603 }, // U+0322
    { 7, 6, 0, -16, -2, 11, 623 }, // U+0323
    { 12, 6, 0, -9, -1, 18, 634 }, // U+0324
    { 9, 8, 0, -7, 0, 18, 652 }, // U+0325
    { 7, 6, 0, 2, -2, 11, 670 }, // U+0326
    { 9, 8, 0, -7, 0, 18, 681 }, // U+0327
    { 7, 9, 0, -6, 0, 16, 699 }, // U+0328
    { 7, 10, 0, -6, -1, 18, 715 }, // U+0329
    { 14, 7, 0, -10, -1, 25, 733 }, // U+032A
    { 13, 4, 0, -9, -2, 13, 758 }, // U+032B
    { 14, 6, 0, -9, -1, 21, 771 }, // U+032C
    { 14, 6, 0, -10, -1, 21, 792 }, // U+032D
    { 13, 6, 0, -9, -1, 20, 813 }, // U+032E
    { 13, 6, 0, -9, -1, 20, 833 }, // U+032F
    { 15, 6, 0, -10, -1, 23, 853 }, // U+0330
    { 12, 4, 0, -9, -2, 12, 876 }, // U+0331
    { 17, 3, 0, -11, -3, 13, 888 }, // U+0332
    { 16, 8, 0, -11, 0, 32, 901 }, // U+0333
    { 14, 6, 0, -7, 13, 21, 933 }, // U+0334
    { 15, 5, 0, -8, 11, 19, 954 }, // U+0335
    { 26, 5, 0, -13, 12, 33, 973 }, // U+0336
    { 12, 9, 0, -6, 14, 27, 1006 }, // U+0337
    { 20, 28, 0, -10, 26, 140, 1033 }, // U+0338
    { 6, 9, 0, -3, 0, 14, 1173 }, // U+0339
    { 14, 7, 0, -10, -1, 25, 1187 }, // U+033A
    { 14, 8, 0, -10, 0, 28, 1212 }, // U+033B
    { 13, 4, 0, -9, -2, 13, 1240 }, // U+033C
    { 8, 7, 0, -1, 26, 14, 1253 }, // U+033D
    { 8, 10, 0, -1, 29, 20, 1267 }, // U+033E
    { 15, 8, 0, -4, 33, 30, 1287 }, // U+033F
    { 8, 6, 0, -3, 26, 12, 1317 }, // U+0340
    { 10, 6, 0, 0, 26, 15, 1329 }, // U+0341
    { 14, 6, 0, 5, 26, 21, 1344 }, // U+0342
    { 6, 7, 0, 0, 26, 11, 1365 }, // U+0343
    { 18, 6, 0, -5, 26, 27, 1376 }, // U+0344
    { 7, 6, 0, -5, -2, 11, 1403 }, // U+0345
    { 16, 7, 0, -5, 26, 28, 1414 }, // U+0346
    { 16, 8, 0, -11, 0, 32, 1442 }, // U+0347
    { 11, 7, 0, -8, -1, 20, 1474 }, // U+0348
    { 7, 6, 0, -6, -2, 11, 1494 }, // U+0349
    { 13, 8, 0, -4, 26, 26, 1505 }, // U+034A
    { 13, 14, 0, -3, 32, 46, 1531 }, // U+034B
    { 14, 9, 0, -4, 29, 32, 1577 }, // U+034C
    { 13, 7, 0, -9, -1, 23, 1609 }, // U+034D
    { 7, 8, 0, -6, 0, 14, 1632 }, // U+034E
    { 24, 24, 0, -12, 24, 144, 1646 }, // U+034F
    { 6, 8, 0, 0, 27, 12, 1790 }, // U+0350
    { 6, 9, 0, 4, 29, 14, 1802 }, // U+0351
    { 12, 9, 0, -3, 29, 27, 1816 }, // U+0352
    { 8, 7, 0, -6, -1, 14, 1843 }, // U+0353
    { 6, 7, 0, -5, -1, 11, 1857 }, // U+0354
    { 7, 7, 0, -5, -1, 13, 1868 }, // U+0355
    { 13, 7, 0, -8, -1, 23, 1881 }, // U+0356
    { 6, 9, 0, 3, 28, 14, 1904 }, // U+0357
    { 6, 6, 0, 0, 26, 9, 1918 }, // U+0358
    { 9, 7, 0, -7, -1, 16, 1927 }, // U+0359
    { 13, 8, 0, -9, 0, 26, 1943 }, // U+035A
    { 7, 8, 0, 0, 27, 14, 1969 }, // U+035B
    { 26, 7, 0, -15, -1, 46, 1983 }, // U+035C
    { 26, 7, 0, -10, 26, 46, 2029 }, // U+035D
    { 18, 4, 0, -6, 24, 18, 2075 }, // U+035E
    { 19, 4, 0, -12, -1, 19, 2093 }, // U+035F
    { 27, 6, 0, -10, 26, 41, 2112 }, // U+0360
    { 27, 7, 0, -10, 29, 48, 2153 }, // U+0361
    { 27, 8, 0, -17, 0, 54, 2201 }, // U+0362
    { 9, 9, 0, -1, 29, 21, 2255 }, // U+0363
    { 9, 9, 0, -1, 29, 21, 2276 }, // U+0364
    { 5, 11, 0, 1, 31, 14, 2297 }, // U+0365
    { 8, 9, 0, -1, 29, 18, 2311 }, // U+0366
    { 9, 8, 0, -1, 28, 18, 2329 }, // U+0367
    { 7, 9, 0, 0, 29, 16, 2347 }, // U+0368
    { 10, 11, 0, -1, 31, 28, 2363 }, // U+0369
    { 9, 11, 0, -2, 31, 25, 2391 }, // U+036A
    { 14, 9, 0, -4, 29, 32, 2416 }, // U+036B
    { 7, 9, 0, 0, 29, 16, 2448 }, // U+036C
    { 7, 10, 0, 0, 30, 18, 2464 }, // U+036D
    { 8, 8, 0, 0, 28, 16, 2482 }, // U+036E
    { 10, 8, 0, -2, 28, 20, 2498 }, // U+036F
    { 20, 32, 283, 0, 32, 160, 0 }, // U+0400
    { 20, 32, 283, 0, 32, 160, 160 }, // U+0401
    { 21, 25, 379, 2, 24, 132, 320 }, // U+0402
    { 20, 32, 268, 0, 32, 160, 452 }, // U+0403
    { 21, 26, 323, 1, 25, 137, 612 }, // U+0404
    { 19, 26, 283, 0, 25, 124, 749 }, // U+0405
    { 11, 24, 164, 0, 24, 66, 873 }, // U+0406
    { 15, 32, 165, 0, 32, 120, 939 }, // U+0407
    { 18, 32, 170, -6, 24, 144, 1059 }, // U+0408
    { 34, 25, 516, -2, 24, 213, 1203 }, // U+0409
    { 31, 24, 499, 0, 24, 186, 1416 }, // U+040A
    { 21, 24, 388, 2, 24, 126, 1602 }, // U+040B
    { 24, 32, 334, 0, 32, 192, 1728 }, // U+040C
    { 24, 32, 373, 0, 32, 192, 1920 }, // U+040D
    { 23, 33, 315, 0, 32, 190, 2112 }, // U+040E
    { 23, 30, 359, 0, 24, 173, 2302 }, // U+040F
    { 21, 24, 335, -2, 24, 126, 2475 }, // U+0410
    { 20, 24, 315, 0, 24, 120, 2601 }, // U+0411
    { 21, 24, 328, 0, 24, 126, 2721 }, // U+0412
    { 20, 24, 268, 0, 24, 120, 2847 }, // U+0413
    { 27, 30, 385, -3, 24, 203, 2967 }, // U+0414
    { 20, 24, 283, 0, 24, 120, 3170 }, // U+0415
    { 35, 24, 483, -2, 24, 210, 3290 }, // U+0416
    { 20, 26, 303, 0, 25, 130, 3500 }, // U+0417
    { 24, 24, 373, 0, 24, 144, 3630 }, // U+0418
    { 24, 32, 373, 0, 32, 192, 3774 }, // U+0419
    { 24, 24, 334, 0, 24, 144, 3966 }, // U+041A
    { 26, 25, 372, -2, 24, 163, 4110 }, // U+041B
    { 30, 24, 463, 0, 24, 180, 4273 }, // U+041C
    { 24, 24, 366, 0, 24, 144, 4453 }, // U+041D
    { 23, 26, 383, 1, 25, 150, 4597 }, // U+041E
    { 24, 24, 360, 0, 24, 144, 4747 }, // U+041F
    { 21, 24, 314, 0, 24, 126, 4891 }, // U+0420
    { 21, 26, 317, 1, 25, 137, 5017 }, // U+0421
    { 19, 24, 278, 2, 24, 114, 5154 }, // U+0422
    { 23, 25, 318, 0, 24, 144, 5268 }, // U+0423
    { 28, 26, 470, 1, 25, 182, 5412 }, // U+0424
    { 25, 24, 324, -2, 24, 150, 5594 }, // U+0425
    { 23, 30, 372, 0, 24, 173, 5744 }, // U+0426
    { 21, 24, 352, 2, 24, 126, 5917 }, // U+0427
    { 34, 24, 526, 0, 24, 204, 6043 }, // U+0428
    { 33, 29, 530, 0, 24, 240, 6247 }, // U+0429
    { 21, 24, 373, 2, 24, 126, 6487 }, // U+042A
    { 30, 24, 468, 0, 24, 180, 6613 }, // U+042B
    { 19, 24, 317, 0, 24, 114, 6793 }, // U+042C
    { 21, 26, 325, 0, 25, 137, 6907 }, // U+042D
    { 33, 26, 526, 0, 25, 215, 7044 }, // U+042E
    { 24, 24, 330, -2, 24, 144, 7259 }, // U+042F
    { 19, 20, 309, 0, 19, 95, 7403 }, // U+0430
    { 19, 27, 301, 1, 26, 129, 7498 }, // U+0431
    { 18, 20, 295, 0, 19, 90, 7627 }, // U+0432
    { 17, 20, 247, -1, 19, 85, 0 }, // U+0433
    { 18, 27, 307, 1, 26, 122, 85 }, // U+0434
    { 17, 20, 279, 1, 19, 85, 207 }, // U+0435
    { 34, 20, 509, -1, 19, 170, 292 }, // U+0436
    { 16, 20, 265, 0, 19, 80, 462 }, // U+0437
    { 19, 20, 317, 1, 19, 95, 542 }, // U+0438
    { 19, 27, 316, 1, 26, 129, 637 }, // U+0439
    { 21, 19, 299, 0, 19, 100, 766 }, // U+043A
    { 21, 20, 324, -1, 19, 105, 866 }, // U+043B
    { 26, 19, 412, 0, 19, 124, 971 }, // U+043C
    { 20, 19, 314, 0, 19, 95, 1095 }, // U+043D
    { 19, 20, 303, 0, 19, 95, 1190 }, // U+043E
    { 19, 19, 317, 0, 19, 91, 1285 }, // U+043F
    { 21, 27, 322, -2, 19, 142, 1376 }, // U+0440
    { 16, 20, 250, 0, 19, 80, 1518 }, // U+0441
    { 29, 19, 477, 0, 19, 138, 1598 }, // U+0442
    { 23, 27, 284, -3, 19, 156, 1736 }, // U+0443
    { 23, 34, 396, 1, 26, 196, 1892 }, // U+0444
    { 22, 19, 278, -2, 19, 105, 2088 }, // U+0445
    { 19, 24, 326, 1, 19, 114, 2193 }, // U+0446
    { 17, 19, 309, 2, 19, 81, 2307 }, // U+0447
    { 29, 20, 477, 1, 19, 145, 2388 }, // U+0448
    { 29, 24, 487, 1, 19, 174, 2533 }, // U+0449
    { 19, 20, 334, 1, 19, 95, 2707 }, // U+044A
    { 26, 20, 427, 1, 19, 130, 2802 }, // U+044B
    { 17, 20, 294, 1, 19, 85, 2932 }, // U+044C
    { 15, 20, 254, 0, 19, 75, 3017 }, // U+044D
    { 27, 20, 430, 0, 19, 135, 3092 }, // U+044E
    { 20, 19, 293, -2, 19, 95, 3227 }, // U+044F
    { 17, 27, 279, 1, 26, 115, 3322 }, // U+0450
    { 17, 26, 279, 1, 25, 111, 3437 }, // U+0451
    { 19, 34, 318, 0, 26, 162, 3548 }, // U+0452
    { 18, 27, 247, -1, 26, 122, 3710 }, // U+0453
    { 16, 20, 250, 0, 19, 80, 3832 }, // U+0454
    { 15, 20, 243, 0, 19, 75, 3912 }, // U+0455
    { 11, 26, 155, 0, 26, 72, 3987 }, // U+0456
    { 13, 26, 153, 0, 26, 85, 4059 }, // U+0457
    { 16, 34, 154, -5, 26, 136, 4144 }, // U+0458
    { 29, 20, 458, -1, 19, 145, 4280 }, // U+0459
    { 27, 20, 446, 0, 19, 135, 4425 }, // U+045A
    { 19, 26, 318, 0, 26, 124, 4560 }, // U+045B
    { 21, 26, 295, 0, 26, 137, 4684 }, // U+045C
    { 19, 27, 316, 1, 26, 129, 4821 }, // U+045D
    { 23, 34, 284, -3, 26, 196, 4950 }, // U+045E
    { 19, 26, 317, 1, 19, 124, 5146 }, // U+045F
    { 31, 24, 472, 2, 24, 186, 5270 }, // U+0460
    { 27, 19, 431, 2, 19, 129, 5456 }, // U+0461
    { 18, 24, 335, 2, 24, 108, 5585 }, // U+0462
    { 27, 20, 459, 0, 19, 135, 5693 }, // U+0463
    { 31, 26, 473, 0, 25, 202, 5828 }, // U+0464
    { 26, 20, 400, 0, 19, 130, 6030 }, // U+0465
    { 23, 24, 357, -2, 24, 138, 6160 }, // U+0466
    { 21, 19, 309, -3, 19, 100, 6298 }, // U+0467
    { 29, 24, 493, 0, 24, 174, 6398 }, // U+0468
    { 27, 19, 446, 0, 19, 129, 6572 }, // U+0469
    { 27, 24, 389, -2, 24, 162, 6701 }, // U+046A
    { 22, 19, 309, -2, 19, 105, 6863 }, // U+046B
    { 34, 24, 525, 0, 24, 204, 6968 }, // U+046C
    { 29, 19, 442, 0, 19, 138, 7172 }, // U+046D
    { 22, 37, 318, -2, 29, 204, 7310 }, // U+046E
    { 20, 31, 279, -2, 23, 155, 0 }, // U+046F
    { 27, 24, 441, 3, 24, 162, 155 }, // U+0470
    { 25, 34, 431, 1, 26, 213, 317 }, // U+0471
    { 23, 26, 390, 1, 25, 150, 530 }, // U+0472
    { 18, 20, 312, 1, 19, 90, 680 }, // U+0473
    { 21, 24, 347, 3, 24, 126, 770 }, // U+0474
    { 19, 19, 291, 1, 19, 91, 896 }, // U+0475
    { 21, 32, 347, 3, 32, 168, 987 }, // U+0476
    { 19, 26, 291, 1, 26, 124, 1155 }, // U+0477
    { 43, 33, 666, 1, 25, 355, 1279 }, // U+0478
    { 38, 27, 589, 1, 19, 257, 1634 }, // U+0479
    { 23, 29, 404, 2, 26, 167, 1891 }, // U+047A
    { 19, 22, 338, 1, 20, 105, 2058 }, // U+047B
    { 31, 36, 540, 2, 35, 279, 2163 }, // U+047C
    { 27, 31, 461, 1, 30, 210, 2442 }, // U+047D
    { 31, 31, 472, 2, 31, 241, 2652 }, // U+047E
    { 27, 25, 433, 2, 25, 169, 2893 }, // U+047F
    { 21, 33, 327, 1, 25, 174, 3062 }, // U+0480
    { 16, 27, 258, 1, 19, 108, 3236 }, // U+0481
    { 18, 22, 325, 1, 21, 99, 3344 }, // U+0482
    { 13, 7, 0, -13, 25, 23, 3443 }, // U+0483
    { 14, 6, 0, -14, 26, 21, 3466 }, // U+0484
    { 6, 8, 0, -9, 27, 12, 3487 }, // U+0485
    { 7, 8, 0, -10, 27, 14, 3499 }, // U+0486
    { 14, 6, 0, -3, 31, 21, 3513 }, // U+0487
    { 38, 36, 0, -19, 27, 342, 3534 }, // U+0488
    { 38, 38, 0, -19, 28, 361, 3876 }, // U+0489
    { 27, 39, 438, 0, 32, 264, 4237 }, // U+048A
    { 20, 34, 335, 1, 27, 170, 4501 }, // U+048B
    { 18, 24, 314, 0, 24, 108, 4671 }, // U+048C
    { 17, 27, 303, 1, 26, 115, 4779 }, // U+048D
    { 21, 24, 325, 0, 24, 126, 4894 }, // U+048E
    { 21, 27, 317, -2, 19, 142, 5020 }, // U+048F
    { 21, 29, 271, 0, 29, 153, 5162 }, // U+0490
    { 18, 24, 245, 0, 24, 108, 5315 }, // U+0491
    { 20, 24, 270, 0, 24, 120, 5423 }, // U+0492
    { 18, 19, 247, -1, 19, 86, 5543 }, // U+0493
    { 20, 33, 355, 0, 24, 165, 5629 }, // U+0494
    { 17, 28, 306, 0, 19, 119, 5794 }, // U+0495
    { 35, 31, 490, -3, 24, 272, 5913 }, // U+0496
    { 34, 26, 512, -1, 19, 221, 6185 }, // U+0497
    { 20, 34, 303, 0, 25, 170, 6406 }, // U+0498
    { 16, 28, 265, 0, 19, 112, 6576 }, // U+0499
    { 23, 31, 366, 0, 24, 179, 6688 }, // U+049A
    { 21, 26, 326, 0, 19, 137, 6867 }, // U+049B
    { 24, 24, 335, 0, 24, 144, 7004 }, // U+049C
    { 21, 19, 314, 1, 19, 100, 7148 }, // U+049D
    { 24, 24, 327, 0, 24, 144, 7248 }, // U+049E
    { 21, 26, 308, 0, 26, 137, 7392 }, // U+049F
    { 25, 24, 374, 2, 24, 150, 7529 }, // U+04A0
    { 23, 19, 346, 1, 19, 110, 0 }, // U+04A1
    { 24, 31, 408, 0, 24, 186, 110 }, // U+04A2
    { 21, 26, 357, 0, 19, 137, 296 }, // U+04A3
    { 29, 24, 411, 0, 24, 174, 433 }, // U+04A4
    { 26, 19, 379, 0, 19, 124, 607 }, // U+04A5
    { 32, 33, 550, 0, 24, 264, 731 }, // U+04A6
    { 27, 28, 461, 0, 19, 189, 995 }, // U+04A7
    { 21, 27, 389, 2, 25, 142, 1184 }, // U+04A8
    { 18, 21, 327, 1, 19, 95, 1326 }, // U+04A9
    { 21, 34, 327, 1, 25, 179, 1421 }, // U+04AA
    { 16, 28, 258, 1, 19, 112, 1600 }, // U+04AB
    { 19, 31, 283, 2, 24, 148, 1712 }, // U+04AC
    { 30, 26, 494, 0, 19, 195, 1860 }, // U+04AD
    { 19, 24, 301, 3, 24, 114, 2055 }, // U+04AE
    { 18, 27, 273, 1, 19, 122, 2169 }, // U+04AF
    { 21, 24, 301, 1, 24, 126, 2291 }, // U+04B0
    { 20, 27, 273, -1, 19, 135, 2417 }, // U+04B1
    { 25, 31, 368, -2, 24, 194, 2552 }, // U+04B2
    { 22, 26, 319, -2, 19, 143, 2746 }, // U+04B3
    { 25, 31, 446, 2, 24, 194, 2889 }, // U+04B4
    { 21, 26, 364, 1, 19, 137, 3083 }, // U+04B5
    { 21, 31, 399, 3, 24, 163, 3220 }, // U+04B6
    { 18, 26, 341, 2, 19, 117, 3383 }, // U+04B7
    { 20, 24, 361, 3, 24, 120, 3500 }, // U+04B8
    { 18, 19, 322, 2, 19, 86, 3620 }, // U+04B9
    { 21, 24, 361, 0, 24, 126, 3706 }, // U+04BA
    { 19, 26, 323, 0, 26, 124, 3832 }, // U+04BB
    { 25, 26, 415, 1, 25, 163, 3956 }, // U+04BC
    { 22, 20, 352, 0, 19, 110, 4119 }, // U+04BD
    { 25, 32, 415, 1, 25, 200, 4229 }, // U+04BE
    { 22, 26, 352, 0, 19, 143, 4429 }, // U+04BF
    { 16, 24, 204, -1, 24, 96, 4572 }, // U+04C0
    { 35, 32, 483, -2, 32, 280, 4668 }, // U+04C1
    { 34, 27, 509, -1, 26, 230, 4948 }, // U+04C2
    { 23, 33, 369, 0, 24, 190, 5178 }, // U+04C3
    { 21, 28, 330, 0, 19, 147, 5368 }, // U+04C4
    { 26, 31, 405, -1, 24, 202, 5515 }, // U+04C5
    { 22, 26, 351, -1, 19, 143, 5717 }, // U+04C6
    { 24, 33, 374, 0, 24, 198, 5860 }, // U+04C7
    { 20, 28, 329, 0, 19, 140, 6058 }, // U+04C8
    { 25, 31, 408, 0, 24, 194, 6198 }, // U+04C9
    { 22, 26, 360, 0, 19, 143, 6392 }, // U+04CA
    { 20, 31, 359, 3, 24, 155, 6535 }, // U+04CB
    { 18, 26, 317, 2, 19, 117, 6690 }, // U+04CC
    { 31, 31, 504, 0, 24, 241, 6807 }, // U+04CD
    { 27, 26, 446, 0, 19, 176, 7048 }, // U+04CE
    { 16, 24, 204, -1, 24, 96, 7224 }, // U+04CF
    { 24, 32, 335, -2, 32, 192, 7320 }, // U+04D0
    { 19, 27, 316, 1, 26, 129, 7512 }, // U+04D1
    { 22, 32, 335, -2, 32, 176, 0 }, // U+04D2
    { 19, 27, 316, 1, 26, 129, 176 }, // U+04D3
    { 33, 24, 477, -2, 24, 198, 305 }, // U+04D4
    { 28, 20, 465, 1, 19, 140, 503 }, // U+04D5
    { 21, 32, 290, 0, 32, 168, 643 }, // U+04D6
    { 19, 27, 297, 1, 26, 129, 811 }, // U+04D7
    { 20, 26, 352, 1, 25, 130, 940 }, // U+04D8
    { 18, 20, 297, 0, 19, 90, 1070 }, // U+04D9
    { 20, 33, 352, 1, 32, 165, 1160 }, // U+04DA
    { 18, 27, 297, 0, 26, 122, 1325 }, // U+04DB
    { 35, 32, 483, -2, 32, 280, 1447 }, // U+04DC
    { 34, 27, 509, -1, 26, 230, 1727 }, // U+04DD
    { 20, 33, 303, 0, 32, 165, 1957 }, // U+04DE
    { 17, 27, 265, 0, 26, 115, 2122 }, // U+04DF
    { 20, 25, 296, -1, 24, 125, 2237 }, // U+04E0
    { 20, 28, 292, -2, 19, 140, 2362 }, // U+04E1
    { 24, 30, 373, 0, 30, 180, 2502 }, // U+04E2
    { 19, 25, 323, 1, 24, 119, 2682 }, // U+04E3
    { 24, 32, 373, 0, 32, 192, 2801 }, // U+04E4
    { 19, 27, 323, 1, 26, 129, 2993 }, // U+04E5
    { 23, 33, 390, 1, 32, 190, 3122 }, // U+04E6
    { 18, 27, 315, 1, 26, 122, 3312 }, // U+04E7
    { 23, 26, 389, 1, 25, 150, 3434 }, // U+04E8
    { 18, 20, 315, 1, 19, 90, 3584 }, // U+04E9
    { 23, 33, 389, 1, 32, 190, 3674 }, // U+04EA
    { 18, 27, 315, 1, 26, 122, 3864 }, // U+04EB
    { 21, 33, 325, 0, 32, 174, 3986 }, // U+04EC
    { 16, 27, 254, 0, 26, 108, 4160 }, // U+04ED
    { 23, 31, 315, 0, 30, 179, 4268 }, // U+04EE
    { 23, 32, 277, -3, 24, 184, 4447 }, // U+04EF
    { 23, 33, 315, 0, 32, 190, 4631 }, // U+04F0
    { 23, 34, 277, -3, 26, 196, 4821 }, // U+04F1
    { 24, 33, 315, 0, 32, 198, 5017 }, // U+04F2
    { 24, 34, 277, -3, 26, 204, 5215 }, // U+04F3
    { 21, 32, 349, 2, 32, 168, 5419 }, // U+04F4
    { 17, 26, 308, 2, 26, 111, 5587 }, // U+04F5
    { 20, 31, 268, 0, 24, 155, 5698 }, // U+04F6
    { 17, 26, 247, 0, 19, 111, 5853 }, // U+04F7
    { 30, 32, 468, 0, 32, 240, 5964 }, // U+04F8
    { 26, 27, 429, 1, 26, 176, 6204 }, // U+04F9
    { 20, 33, 270, 0, 24, 165, 6380 }, // U+04FA
    { 18, 28, 247, -1, 19, 126, 6545 }, // U+04FB
    { 25, 33, 368, -2, 24, 207, 6671 }, // U+04FC
    { 22, 28, 319, -2, 19, 154, 6878 }, // U+04FD
    { 25, 24, 325, -2, 24, 150, 7032 }, // U+04FE
    { 22, 19, 283, -2, 19, 105, 7182 }, // U+04FF
    { 21, 32, 335, -2, 24, 168, 0 }, // U+1EA0
    { 19, 27, 316, 1, 19, 129, 168 }, // U+1EA1
    { 21, 34, 335, -2, 34, 179, 297 }, // U+1EA2
    { 19, 29, 316, 1, 28, 138, 476 }, // U+1EA3
    { 28, 33, 335, -2, 33, 231, 614 }, // U+1EA4
    { 23, 29, 316, 1, 28, 167, 845 }, // U+1EA5
    { 22, 33, 335, -2, 33, 182, 1012 }, // U+1EA6
    { 19, 29, 316, 1, 28, 138, 1194 }, // U+1EA7
    { 26, 35, 335, -2, 35, 228, 1332 }, // U+1EA8
    { 21, 31, 316, 1, 30, 163, 1560 }, // U+1EA9
    { 23, 36, 335, -2, 36, 207, 1723 }, // U+1EAA
    { 19, 31, 316, 1, 30, 148, 1930 }, // U+1EAB
    { 23, 40, 335, -2, 32, 230, 2078 }, // U+1EAC
    { 19, 34, 316, 1, 26, 162, 2308 }, // U+1EAD
    { 23, 34, 335, -2, 34, 196, 2470 }, // U+1EAE
    { 19, 30, 316, 1, 29, 143, 2666 }, // U+1EAF
    { 23, 34, 335, -2, 34, 196, 2809 }, // U+1EB0
    { 19, 30, 316, 1, 29, 143, 3005 }, // U+1EB1
    { 23, 35, 335, -2, 35, 202, 3148 }, // U+1EB2
    { 19, 31, 316, 1, 30, 148, 3350 }, // U+1EB3
    { 23, 36, 335, -2, 36, 207, 3498 }, // U+1EB4
    { 19, 31, 316, 1, 30, 148, 3705 }, // U+1EB5
    { 23, 40, 335, -2, 32, 230, 3853 }, // U+1EB6
    { 19, 34, 316, 1, 26, 162, 4083 }, // U+1EB7
    { 20, 32, 290, 0, 24, 160, 4245 }, // U+1EB8
    { 17, 27, 297, 1, 19, 115, 4405 }, // U+1EB9
    { 20, 34, 290, 0, 34, 170, 4520 }, // U+1EBA
    { 17, 29, 297, 1, 28, 124, 4690 }, // U+1EBB
    { 21, 32, 290, 0, 32, 168, 4814 }, // U+1EBC
    { 19, 27, 297, 1, 26, 129, 4982 }, // U+1EBD
    { 25, 33, 290, 0, 33, 207, 5111 }, // U+1EBE
    { 23, 29, 297, 1, 28, 167, 5318 }, // U+1EBF
    { 20, 33, 290, 0, 33, 165, 5485 }, // U+1EC0
    { 17, 29, 297, 1, 28, 124, 5650 }, // U+1EC1
    { 23, 35, 290, 0, 35, 202, 5774 }, // U+1EC2
    { 21, 31, 297, 1, 30, 163, 5976 }, // U+1EC3
    { 20, 36, 290, 0, 36, 180, 6139 }, // U+1EC4
    { 18, 31, 297, 1, 30, 140, 6319 }, // U+1EC5
    { 20, 40, 290, 0, 32, 200, 6459 }, // U+1EC6
    { 18, 34, 297, 1, 26, 153, 6659 }, // U+1EC7
    { 16, 34, 204, -1, 34, 136, 6812 }, // U+1EC8
    { 13, 28, 159, 0, 28, 91, 6948 }, // U+1EC9
    { 16, 32, 204, -1, 24, 128, 7039 }, // U+1ECA
    { 12, 34, 159, -1, 26, 102, 7167 }, // U+1ECB
    { 23, 33, 390, 1, 25, 190, 7269 }, // U+1ECC
    { 18, 27, 315, 1, 19, 122, 7459 }, // U+1ECD
    { 23, 35, 390, 1, 34, 202, 0 }, // U+1ECE
    { 18, 29, 315, 1, 28, 131, 202 }, // U+1ECF
    { 27, 34, 390, 1, 33, 230, 333 }, // U+1ED0
    { 23, 29, 315, 1, 28, 167, 563 }, // U+1ED1
    { 23, 34, 390, 1, 33, 196, 730 }, // U+1ED2
    { 18, 29, 315, 1, 28, 131, 926 }, // U+1ED3
    { 25, 36, 390, 1, 35, 225, 1057 }, // U+1ED4
    { 21, 31, 315, 1, 30, 163, 1282 }, // U+1ED5
    { 23, 37, 390, 1, 36, 213, 1445 }, // U+1ED6
    { 18, 31, 315, 1, 30, 140, 1658 }, // U+1ED7
    { 23, 40, 390, 1, 32, 230, 1798 }, // U+1ED8
    { 18, 34, 315, 1, 26, 153, 2028 }, // U+1ED9
    { 28, 33, 412, 2, 32, 231, 2181 }, // U+1EDA
    { 24, 27, 348, 1, 26, 162, 2412 }, // U+1EDB
    { 28, 33, 412, 2, 32, 231, 2574 }, // U+1EDC
    { 24, 27, 348, 1, 26, 162, 2805 }, // U+1EDD
    { 28, 35, 412, 2, 34, 245, 2967 }, // U+1EDE
    { 24, 29, 348, 1, 28, 174, 3212 }, // U+1EDF
    { 28, 33, 412, 2, 32, 231, 3386 }, // U+1EE0
    { 24, 27, 348, 1, 26, 162, 3617 }, // U+1EE1
    { 28, 34, 412, 2, 26, 238, 3779 }, // U+1EE2
    { 24, 29, 348, 1, 21, 174, 4017 }, // U+1EE3
    { 22, 32, 369, 2, 24, 176, 4191 }, // U+1EE4
    { 19, 27, 323, 1, 19, 129, 4367 }, // U+1EE5
    { 22, 35, 369, 2, 34, 193, 4496 }, // U+1EE6
    { 19, 29, 323, 1, 28, 138, 4689 }, // U+1EE7
    { 29, 33, 413, 2, 32, 240, 4827 }, // U+1EE8
    { 27, 27, 379, 1, 26, 183, 5067 }, // U+1EE9
    { 29, 33, 413, 2, 32, 240, 5250 }, // U+1EEA
    { 27, 27, 379, 1, 26, 183, 5490 }, // U+1EEB
    { 29, 35, 413, 2, 34, 254, 5673 }, // U+1EEC
    { 27, 29, 379, 1, 28, 196, 5927 }, // U+1EED
    { 29, 33, 413, 2, 32, 240, 6123 }, // U+1EEE
    { 27, 27, 379, 1, 26, 183, 6363 }, // U+1EEF
    { 29, 34, 413, 2, 26, 247, 6546 }, // U+1EF0
    { 27, 29, 379, 1, 21, 196, 6793 }, // U+1EF1
    { 19, 32, 301, 3, 32, 152, 6989 }, // U+1EF2
    { 23, 34, 277, -3, 26, 196, 7141 }, // U+1EF3
    { 19, 32, 301, 3, 24, 152, 7337 }, // U+1EF4
    { 23, 27, 277, -3, 19, 156, 7489 }, // U+1EF5
    { 19, 34, 301, 3, 34, 162, 0 }, // U+1EF6
    { 23, 36, 277, -3, 28, 207, 162 }, // U+1EF7
    { 19, 32, 301, 3, 32, 152, 369 }, // U+1EF8
    { 23, 34, 277, -3, 26, 196, 521 }, // U+1EF9
    { 0, 0, 267, 0, 0, 0, 0 }, // U+2000
    { 0, 0, 533, 0, 0, 0, 0 }, // U+2001
    { 0, 0, 267, 0, 0, 0, 0 }, // U+2002
    { 0, 0, 533, 0, 0, 0, 0 }, // U+2003
    { 0, 0, 178, 0, 0, 0, 0 }, // U+2004
    { 0, 0, 133, 0, 0, 0, 0 }, // U+2005
    { 0, 0, 89, 0, 0, 0, 0 }, // U+2006
    { 0, 0, 294, 0, 0, 0, 0 }, // U+2007
    { 0, 0, 153, 0, 0, 0, 0 }, // U+2008
    { 0, 0, 89, 0, 0, 0, 0 }, // U+2009
    { 0, 0, 53, 0, 0, 0, 0 }, // U+200A
    { 0, 0, 0, 0, 0, 0, 0 }, // U+200B
    { 0, 0, 0, 0, 0, 0, 0 }, // U+200C
    { 0, 0, 0, 0, 0, 0, 0 }, // U+200D
    { 9, 28, 0, -1, 23, 63, 0 }, // U+200E
    { 9, 28, 0, -8, 23, 63, 63 }, // U+200F
    { 10, 5, 172, 0, 11, 13, 126 }, // U+2010
    { 10, 5, 172, 0, 11, 13, 139 }, // U+2011
    { 17, 5, 294, 1, 14, 22, 152 }, // U+2012
    { 16, 4, 256, 0, 11, 16, 174 }, // U+2013
    { 32, 4, 512, 0, 11, 32, 190 }, // U+2014
    { 32, 4, 512, 0, 11, 32, 222 }, // U+2015
    { 13, 34, 294, 3, 26, 111, 254 }, // U+2016
    { 16, 8, 213, -4, 0, 32, 365 }, // U+2017
    { 9, 9, 116, 1, 24, 21, 397 }, // U+2018
    { 9, 9, 116, 1, 24, 21, 418 }, // U+2019
    { 9, 9, 149, -2, 4, 21, 439 }, // U+201A
    { 6, 9, 115, 3, 24, 14, 460 }, // U+201B
    { 17, 9, 231, 1, 24, 39, 474 }, // U+201C
    { 16, 9, 231, 1, 24, 36, 513 }, // U+201D
    { 16, 9, 265, -2, 4, 36, 549 }, // U+201E
    { 13, 9, 231, 3, 24, 30, 585 }, // U+201F
    { 15, 26, 274, 3, 26, 98, 615 }, // U+2020
    { 17, 26, 274, 1, 26, 111, 713 }, // U+2021
    { 10, 11, 201, 2, 18, 28, 824 }, // U+2022
    { 11, 13, 188, 1, 19, 36, 852 }, // U+2023
    { 7, 7, 267, 3, 6, 13, 888 }, // U+2024
    { 16, 7, 307, 0, 6, 28, 901 }, // U+2025
    { 25, 7, 444, 0, 6, 44, 929 }, // U+2026
    { 7, 7, 172, 2, 13, 13, 973 }, // U+2027
    { 0, 0, 320, 0, 0, 0, 986 }, // U+2028
    { 0, 0, 320, 0, 0, 0, 986 }, // U+2029
    { 9, 26, 0, -1, 21, 59, 986 }, // U+202A
    { 9, 26, 0, -8, 21, 59, 1045 }, // U+202B
    { 8, 28, 0, -4, 23, 56, 1104 }, // U+202C
    { 8, 28, 0, -4, 23, 56, 1160 }, // U+202D
    { 8, 28, 0, -4, 23, 56, 1216 }, // U+202E
    { 0, 0, 89, 0, 0, 0, 1272 }, // U+202F
    { 39, 26, 649, 1, 25, 254, 1272 }, // U+2030
    { 51, 26, 843, 1, 25, 332, 1526 }, // U+2031
    { 10, 9, 151, 2, 24, 23, 1858 }, // U+2032
    { 18, 9, 274, 2, 24, 41, 1881 }, // U+2033
    { 25, 9, 396, 2, 24, 57, 1922 }, // U+2034
    { 9, 9, 151, 2, 24, 21, 1979 }, // U+2035
    { 17, 9, 274, 2, 24, 39, 2000 }, // U+2036
    { 24, 9, 396, 2, 24, 54, 2039 }, // U+2037
    { 12, 11, 188, -3, 3, 33, 2093 }, // U+2038
    { 10, 16, 174, 1, 17, 40, 2126 }, // U+2039
    { 10, 16, 173, 0, 17, 40, 2166 }, // U+203A
    { 27, 26, 451, 1, 25, 176, 2206 }, // U+203B
    { 20, 25, 299, 0, 24, 125, 2382 }, // U+203C
    { 15, 26, 245, 2, 25, 98, 2507 }, // U+203D
    { 16, 4, 267, 3, 29, 16, 2605 }, // U+203E
    { 17, 8, 286, -2, 0, 34, 2621 }, // U+203F
    { 18, 8, 286, 2, 27, 36, 2655 }, // U+2040
    { 17, 22, 205, -3, 14, 94, 2691 }, // U+2041
    { 38, 31, 615, -1, 26, 295, 2785 }, // U+2042
    { 10, 5, 173, 0, 11, 13, 3080 }, // U+2043
    { 22, 24, 67, -9, 24, 132, 3093 }, // U+2044
    { 15, 30, 177, -1, 24, 113, 3225 }, // U+2045
    { 15, 30, 177, -3, 24, 113, 3338 }, // U+2046
    { 30, 26, 483, 2, 25, 195, 3451 }, // U+2047
    { 25, 26, 402, 2, 25, 163, 3646 }, // U+2048
    { 26, 26, 397, 0, 25, 169, 3809 }, // U+2049
    { 17, 19, 284, 2, 19, 81, 3978 }, // U+204A
    { 18, 31, 332, 3, 26, 140, 4059 }, // U+204B
    { 18, 18, 342, 1, 19, 81, 4199 }, // U+204C
    { 18, 18, 342, 2, 19, 81, 4280 }, // U+204D
    { 17, 17, 289, -1, 9, 73, 4361 }, // U+204E
    { 9, 24, 152, 1, 19, 54, 4434 }, // U+204F
    { 22, 35, 286, -2, 27, 193, 4488 }, // U+2050
    { 20, 34, 289, -1, 26, 170, 4681 }, // U+2051
    { 14, 26, 225, 0, 25, 91, 4851 }, // U+2052
    { 32, 7, 533, 1, 13, 56, 4942 }, // U+2053
    { 17, 8, 286, -3, 0, 34, 4998 }, // U+2054
    { 19, 19, 306, 0, 18, 91, 5032 }, // U+2055
    { 16, 26, 298, 1, 25, 104, 5123 }, // U+2056
    { 30, 9, 471, 2, 24, 68, 5227 }, // U+2057
    { 26, 26, 453, 1, 25, 169, 5295 }, // U+2058
    { 26, 26, 454, 1, 25, 169, 5464 }, // U+2059
    { 7, 26, 146, 1, 25, 46, 5633 }, // U+205A
    { 22, 27, 381, 1, 26, 149, 5679 }, // U+205B
    { 27, 27, 442, 0, 25, 183, 5828 }, // U+205C
    { 7, 27, 150, 1, 26, 48, 6011 }, // U+205D
    { 6, 26, 152, 2, 25, 39, 6059 }, // U+205E
    { 0, 0, 118, 0, 0, 0, 6098 }, // U+205F
    { 0, 0, 320, 0, 0, 0, 6098 }, // U+2060
    { 0, 0, 320, 0, 0, 0, 6098 }, // U+2061
    { 0, 0, 320, 0, 0, 0, 6098 }, // U+2062
    { 0, 0, 320, 0, 0, 0, 6098 }, // U+2063
    { 0, 0, 320, 0, 0, 0, 6098 }, // U+2064
    { 0, 0, 320, 0, 0, 0, 6098 }, // U+2066
    { 0, 0, 320, 0, 0, 0, 6098 }, // U+2067
    { 0, 0, 320, 0, 0, 0, 6098 }, // U+2068
    { 0, 0, 320, 0, 0, 0, 6098 }, // U+2069
    { 8, 28, 0, -4, 23, 56, 6098 }, // U+206A
    { 8, 28, 0, -4, 23, 56, 6154 }, // U+206B
    { 8, 28, 0, -4, 23, 56, 6210 }, // U+206C
    { 8, 29, 0, -4, 24, 58, 6266 }, // U+206D
    { 8, 28, 0, -4, 23, 56, 6324 }, // U+206E
    { 8, 28, 0, -4, 23, 56, 6380 }, // U+206F
    { 12, 16, 202, 3, 29, 48, 0 }, // U+2070
    { 7, 16, 130, 2, 25, 28, 48 }, // U+2071
    { 14, 16, 202, 1, 29, 56, 76 }, // U+2074
    { 13, 16, 202, 2, 29, 52, 132 }, // U+2075
    { 12, 16, 202, 3, 29, 48, 184 }, // U+2076
    { 13, 16, 202, 3, 29, 52, 232 }, // U+2077
    { 13, 16, 202, 2, 29, 52, 284 }, // U+2078
    { 12, 16, 202, 3, 29, 48, 336 }, // U+2079
    { 11, 10, 201, 3, 25, 28, 384 }, // U+207A
    { 11, 3, 201, 3, 21, 9, 412 }, // U+207B
    { 10, 8, 215, 4, 24, 20, 421 }, // U+207C
    { 8, 19, 119, 4, 30, 38, 441 }, // U+207D
    { 9, 19, 119, 0, 30, 43, 479 }, // U+207E
    { 12, 12, 210, 2, 21, 36, 522 }, // U+207F
    { 12, 16, 202, -1, 11, 48, 558 }, // U+2080
    { 11, 16, 202, -1, 11, 44, 606 }, // U+2081
    { 13, 16, 202, -2, 11, 52, 650 }, // U+2082
    { 13, 16, 202, -2, 11, 52, 702 }, // U+2083
    { 13, 16, 202, -2, 11, 52, 754 }, // U+2084
    { 13, 16, 202, -2, 11, 52, 806 }, // U+2085
    { 13, 16, 202, -1, 11, 52, 858 }, // U+2086
    { 13, 16, 202, -1, 11, 52, 910 }, // U+2087
    { 13, 16, 202, -2, 11, 52, 962 }, // U+2088
    { 12, 16, 202, -1, 11, 48, 1014 }, // U+2089
    { 10, 10, 201, 0, 8, 25, 1062 }, // U+208A
    { 10, 3, 201, 0, 4, 8, 1087 }, // U+208B
    { 11, 8, 215, 0, 6, 22, 1095 }, // U+208C
    { 9, 19, 119, 0, 13, 43, 1117 }, // U+208D
    { 9, 19, 119, -4, 13, 43, 1160 }, // U+208E
    { 12, 12, 205, -1, 8, 36, 1203 }, // U+2090
    { 11, 12, 190, -1, 8, 33, 1239 }, // U+2091
    { 11, 12, 205, -1, 8, 33, 1272 }, // U+2092
    { 14, 12, 185, -3, 8, 42, 1305 }, // U+2093
    { 12, 12, 190, -2, 8, 36, 1347 }, // U+2094
    { 13, 16, 238, -1, 12, 52, 1383 }, // U+2095
    { 14, 16, 210, -1, 12, 56, 1435 }, // U+2096
    { 8, 16, 135, -1, 12, 32, 1491 }, // U+2097
    { 19, 12, 342, -1, 8, 57, 1523 }, // U+2098
    { 13, 12, 210, -2, 8, 39, 1580 }, // U+2099
    { 14, 16, 207, -3, 8, 56, 1619 }, // U+209A
    { 10, 12, 179, -1, 8, 30, 1675 }, // U+209B
    { 9, 15, 141, -1, 11, 34, 1705 }, // U+209C
    { 19, 25, 305, 1, 25, 119, 0 }, // U+20A0
    { 20, 28, 294, 1, 26, 140, 119 }, // U+20A1
    { 20, 26, 305, 1, 25, 130, 259 }, // U+20A2
    { 20, 24, 294, 0, 24, 120, 389 }, // U+20A3
    { 22, 25, 294, -1, 25, 138, 509 }, // U+20A4
    { 29, 27, 483, 0, 23, 196, 647 }, // U+20A5
    { 21, 24, 310, 0, 24, 126, 843 }, // U+20A6
    { 29, 25, 456, 0, 24, 182, 969 }, // U+20A7
    { 31, 25, 478, 0, 24, 194, 1151 }, // U+20A8
    { 27, 24, 388, 0, 24, 162, 1345 }, // U+20A9
    { 28, 24, 461, 1, 24, 168, 1507 }, // U+20AA
    { 23, 32, 317, 0, 26, 184, 1675 }, // U+20AB
    { 21, 26, 294, 0, 25, 137, 1859 }, // U+20AC
    { 23, 24, 305, 0, 24, 138, 1996 }, // U+20AD
    { 20, 24, 283, 1, 24, 120, 2134 }, // U+20AE
    { 33, 33, 539, 0, 25, 273, 2254 }, // U+20AF
    { 22, 33, 315, -2, 25, 182, 2527 }, // U+20B0
    { 21, 24, 305, 0, 24, 126, 2709 }, // U+20B1
    { 22, 29, 368, 1, 26, 160, 2835 }, // U+20B2
    { 23, 24, 320, -2, 24, 138, 2995 }, // U+20B3
    { 20, 26, 304, 0, 25, 130, 3133 }, // U+20B4
    { 20, 29, 326, 2, 26, 145, 3263 }, // U+20B5
    { 24, 24, 360, 0, 23, 144, 3408 }, // U+20B6
    { 25, 28, 366, -1, 25, 175, 3552 }, // U+20B7
    { 19, 24, 282, 1, 24, 114, 3727 }, // U+20B8
    { 18, 24, 294, 2, 24, 108, 3841 }, // U+20B9
    { 19, 25, 294, 0, 24, 119, 3949 }, // U+20BA
    { 21, 26, 343, 2, 25, 137, 4068 }, // U+20BB
    { 27, 24, 435, -1, 24, 162, 4205 }, // U+20BC
    { 21, 24, 310, -1, 24, 126, 4367 }, // U+20BD
    { 23, 28, 326, -1, 28, 161, 4493 }, // U+20BE
    { 19, 32, 294, 0, 28, 152, 4654 }, // U+20BF
    { 10, 5, 172, 0, 11, 13, 0 }, // U+2212
    { 32, 34, 380, -4, 26, 272, 0 }, // U+FB00
    { 28, 34, 357, -4, 26, 238, 272 }, // U+FB01
    { 28, 34, 357, -4, 26, 238, 510 }, // U+FB02
    { 39, 34, 533, -4, 26, 332, 748 }, // U+FB03
    { 39, 34, 533, -4, 26, 332, 1080 }, // U+FB04
    { 30, 34, 404, -4, 26, 255, 1412 }, // U+FB05
    { 31, 27, 471, 0, 26, 210, 1667 }, // U+FB06
    { 31, 32, 533, 1, 26, 248, 0 }, // U+FFFD
};

static const EpdUnicodeInterval notosans_16_bolditalicIntervals[] = {
    { 0x0, 0x0, 0x0 },
    { 0xD, 0xD, 0x1 },
    { 0x20, 0x7E, 0x2 },
    { 0xA0, 0x17F, 0x61 },
    { 0x1A0, 0x1A1, 0x141 },
    { 0x1AF, 0x1B0, 0x143 },
    { 0x1C4, 0x21F, 0x145 },
    { 0x300, 0x36F, 0x1A1 },
    { 0x400, 0x4FF, 0x211 },
    { 0x1EA0, 0x1EF9, 0x311 },
    { 0x2000, 0x2064, 0x36B },
    { 0x2066, 0x2071, 0x3D0 },
    { 0x2074, 0x208E, 0x3DC },
    { 0x2090, 0x209C, 0x3F7 },
    { 0x20A0, 0x20BF, 0x404 },
    { 0x2212, 0x2212, 0x424 },
    { 0xFB00, 0xFB06, 0x425 },
    { 0xFFFD, 0xFFFD, 0x42C },
};

static const EpdFontGroup notosans_16_bolditalicGroups[] = {
    { 0, 3485, 8156, 73, 0 },
    { 3485, 1171, 2617, 24, 73 },
    { 4656, 2542, 8119, 62, 97 },
    { 7198, 1348, 4643, 34, 159 },
    { 8546, 1960, 8036, 51, 193 },
    { 10506, 2365, 8137, 52, 244 },
    { 12871, 1123, 4224, 25, 296 },
    { 13994, 2670, 8075, 41, 321 },
    { 16664, 2756, 8074, 46, 362 },
    { 19420, 649, 1370, 9, 408 },
    { 20069, 1648, 2811, 112, 417 },
    { 21717, 2774, 8140, 51, 529 },
    { 24491, 3245, 8074, 60, 580 },
    { 27736, 3380, 8168, 50, 640 },
    { 31116, 3168, 8169, 49, 690 },
    { 34284, 2634, 7716, 46, 739 },
    { 36918, 1613, 8054, 46, 785 },
    { 38531, 1498, 8036, 40, 831 },
    { 40029, 232, 750, 4, 871 },
    { 40261, 2644, 6993, 111, 875 },
    { 42905, 1107, 2000, 42, 986 },
    { 44012, 2490, 5106, 32, 1028 },
    { 46502, 18, 15, 1, 1060 },
    { 46520, 616, 1916, 7, 1061 },
    { 47136, 134, 256, 1, 1068 },
};

static const uint16_t notosans_16_bolditalicKernLeftCodepoints[] = {
    0x0020, 0x0022, 0x0026, 0x0027, 0x0028, 0x002C, 0x002D, 0x002E, 0x0041, 0x0042, 0x0043, 0x0044,
    0x0045, 0x0046, 0x004B, 0x004C, 0x004F, 0x0050, 0x0051, 0x0052, 0x0054, 0x0055, 0x0056, 0x0057,
    0x0058, 0x0059, 0x005A, 0x005B, 0x005F, 0x0061, 0x0062, 0x0063, 0x0065, 0x0066, 0x006B, 0x006F,
    0x0070, 0x0072, 0x0074, 0x0076, 0x0077, 0x0078, 0x0079, 0x007B, 0x00A1, 0x00AB, 0x00BB, 0x00BF,
    0x00C0, 0x00C1, 0x00C2, 0x00C3, 0x00C4, 0x00C5, 0x00C6, 0x00C7, 0x00C8, 0x00C9, 0x00CA, 0x00CB,
    0x00D0, 0x00D2, 0x00D3, 0x00D4, 0x00D5, 0x00D6, 0x00D8, 0x00D9, 0x00DA, 0x00DB, 0x00DC, 0x00DD,
    0x00DE, 0x00E0, 0x00E1, 0x00E2, 0x00E3, 0x00E4, 0x00E5, 0x00E6, 0x00E8, 0x00E9, 0x00EA, 0x00EB,
    0x00EF, 0x00F0, 0x00F2, 0x00F3, 0x00F4, 0x00F5, 0x00F6, 0x00F8, 0x00FD, 0x00FE, 0x00FF, 0x0100,
    0x0101, 0x0102, 0x0103, 0x0104, 0x0105, 0x0106, 0x0108, 0x010A, 0x010C, 0x010E, 0x010F, 0x0110,
    0x0112, 0x0113, 0x0114, 0x0115, 0x0116, 0x0117, 0x0118, 0x0119, 0x011A, 0x011B, 0x0129, 0x012B,
    0x012E, 0x0136, 0x0137, 0x0138, 0x0139, 0x013B, 0x013D, 0x013E, 0x013F, 0x0141, 0x014C, 0x014D,
    0x014E, 0x014F, 0x0150, 0x0151, 0x0152, 0x0153, 0x0155, 0x0157, 0x0159, 0x0162, 0x0163, 0x0164,
    0x0165, 0x0166, 0x0167, 0x0168, 0x016A, 0x016C, 0x016E, 0x0170, 0x0172, 0x0174, 0x0175, 0x0176,
    0x0177, 0x0178, 0x0179, 0x017B, 0x017D, 0x01A0, 0x01A1, 0x01AF, 0x01B0, 0x01D0, 0x01FA, 0x01FB,
    0x01FC, 0x01FD, 0x01FE, 0x01FF, 0x020B, 0x021A, 0x021B, 0x0402, 0x0403, 0x0404, 0x0405, 0x0408,
    0x0409, 0x040A, 0x040B, 0x040C, 0x040E, 0x0410, 0x0411, 0x0412, 0x0413, 0x0414, 0x0416, 0x0417,
    0x041A, 0x041E, 0x0420, 0x0421, 0x0422, 0x0423, 0x0424, 0x0425, 0x0426, 0x0429, 0x042A, 0x042C,
    0x042D, 0x042E, 0x0430, 0x0431, 0x0432, 0x0433, 0x0434, 0x0435, 0x0436, 0x0437, 0x0438, 0x0439,
    0x043A, 0x043B, 0x043C, 0x043D, 0x043E, 0x043F, 0x0440, 0x0441, 0x0442, 0x0443, 0x0444, 0x0445,
    0x0446, 0x0447, 0x0448, 0x0449, 0x044A, 0x044B, 0x044C, 0x044D, 0x044E, 0x044F, 0x0450, 0x0451,
    0x0452, 0x0453, 0x0454, 0x0455, 0x0457, 0x0458, 0x0459, 0x045A, 0x045B, 0x045C, 0x045D, 0x045E,
    0x045F, 0x0460, 0x0461, 0x0462, 0x0463, 0x0464, 0x0466, 0x0467, 0x0468, 0x0469, 0x046E, 0x046F,
    0x0472, 0x0473, 0x0474, 0x0475, 0x0476, 0x0477, 0x0478, 0x0479, 0x047A, 0x047B, 0x047C, 0x047D,
    0x047E, 0x047F, 0x0480, 0x048A, 0x048B, 0x048C, 0x048D, 0x048E, 0x048F, 0x0490, 0x0491, 0x0492,
    0x0493, 0x0495, 0x0496, 0x0497, 0x0498, 0x0499, 0x049A, 0x049B, 0x049C, 0x049D, 0x049E, 0x049F,
    0x04A0, 0x04A1, 0x04A2, 0x04A3, 0x04A4, 0x04A5, 0x04A7, 0x04A9, 0x04AA, 0x04AC, 0x04AD, 0x04AE,
    0x04AF, 0x04B0, 0x04B1, 0x04B2, 0x04B3, 0x04B4, 0x04B5, 0x04B6, 0x04B7, 0x04BB, 0x04BC, 0x04BD,
    0x04BE, 0x04BF, 0x04C1, 0x04C2, 0x04C4, 0x04C5, 0x04C6, 0x04C9, 0x04CA, 0x04CD, 0x04CE, 0x04D0,
    0x04D1, 0x04D2, 0x04D3, 0x04D5, 0x04D7, 0x04D8, 0x04D9, 0x04DA, 0x04DB, 0x04DC, 0x04DD, 0x04DE,
    0x04DF, 0x04E6, 0x04E7, 0x04E8, 0x04E9, 0x04EA, 0x04EB, 0x04EC, 0x04ED, 0x04EE, 0x04EF, 0x04F0,
    0x04F1, 0x04F2, 0x04F3, 0x04F5, 0x04F6, 0x04F7, 0x04F9, 0x04FA, 0x04FB, 0x04FC, 0x04FD, 0x04FE,
    0x04FF, 0x1EA0, 0x1EA1, 0x1EA2, 0x1EA3, 0x1EA4, 0x1EA5, 0x1EA6, 0x1EA7, 0x1EA8, 0x1EA9, 0x1EAA,
    0x1EAB, 0x1EAC, 0x1EAD, 0x1EAE, 0x1EAF, 0x1EB0, 0x1EB1, 0x1EB2, 0x1EB3, 0x1EB4, 0x1EB5, 0x1EB6,
    0x1EB7, 0x1EB8, 0x1EB9, 0x1EBA, 0x1EBB, 0x1EBC, 0x1EBD, 0x1EBE, 0x1EBF, 0x1EC0, 0x1EC1, 0x1EC2,
    0x1EC3, 0x1EC4, 0x1EC5, 0x1EC6, 0x1EC7, 0x1ECC, 0x1ECD, 0x1ECE, 0x1ECF, 0x1ED0, 0x1ED1, 0x1ED2,
    0x1ED3, 0x1ED4, 0x1ED5, 0x1ED6, 0x1ED7, 0x1ED8, 0x1ED9, 0x1EDA, 0x1EDB, 0x1EDC, 0x1EDD, 0x1EDE,
    0x1EDF, 0x1EE0, 0x1EE1, 0x1EE2, 0x1EE3, 0x1EE4, 0x1EE6, 0x1EE8, 0x1EE9, 0x1EEA, 0x1EEB, 0x1EEC,
    0x1EED, 0x1EEE, 0x1EEF, 0x1EF0, 0x1EF1, 0x1EF2, 0x1EF3, 0x1EF4, 0x1EF5, 0x1EF6, 0x1EF7, 0x1EF8,
    0x1EF9, 0x2013, 0x2014, 0x2015, 0x2018, 0x2019, 0x201A, 0x201C, 0x201D, 0x201E, 0x2039, 0x203A,
    0x207D, 0x208D, 0xFB00,
};

static const uint8_t notosans_16_bolditalicKernLeftClassIds[] = {
      1,   2,   3,   2,   4,   5,   6,   5,   7,   8,   9,  10,  11,  12,  13,  14,
     10,  15,  10,  16,  17,  18,  19,  19,  13,  20,  21,   4,  22,  23,  24,  25,
     24,  26,  27,  24,  24,  28,  29,  30,  30,  27,  30,   4,  31,  32,  33,  34,
      7,   7,   7,   7,   7,   7,  11,   9,  11,  11,  11,  11,  10,  10,  10,  10,
     10,  10,  10,  18,  18,  18,  18,  20,  15,  23,  23,  23,  23,  23,  23,  24,
     24,  24,  24,  24,  35,  24,  24,  24,  24,  24,  24,  24,  30,  24,  30,   7,
     23,   7,  23,   7,  23,   9,   9,   9,   9,  10,  36,  10,  11,  24,  11,  24,
     11,  24,  11,  24,  11,  24,  37,  35,  38,  13,  27,  27,  14,  14,  14,  36,
     14,  14,  10,  24,  10,  24,  10,  24,  11,  24,  28,  28,  28,  17,  29,  17,
     39,  17,  29,  18,  18,  18,  18,  18,  18,  19,  30,  20,  30,  20,  21,  21,
     21,  40,  41,  42,  43,  35,   7,  23,  11,  24,  10,  24,  35,  17,  29,  44,
     45,  46,  47,  48,  44,  44,  49,  50,  51,  52,  53,  54,  45,  55,  50,  54,
     50,  56,  57,  46,  45,  51,  58,  50,  55,  55,  44,  44,  56,  56,  59,  60,
     61,  62,  63,  62,  64,  61,  59,  59,  65,  59,  59,  59,  66,  67,  66,  64,
     67,  68,  66,  65,  69,  59,  59,  69,  70,  59,  70,  66,  66,  59,  62,  62,
     71,  62,  64,  72,  73,  74,  70,  70,  67,  65,  59,  75,  59,  51,  76,  77,
     70,  46,  52,  78,  52,  78,  54,  61,  56,  66,  51,  76,  51,  76,  68,  68,
     56,  66,  56,  66,  51,  76,  46,  55,  63,  77,  70,  57,  66,  79,  80,  81,
     82,  83,  84,  85,  54,  61,  84,  85,  50,  64,  50,  64,  50,  64,  55,  63,
     81,  80,  83,  66,  46,  79,  63,  86,  87,  86,  87,  84,  85,  55,  63,  55,
     63,  83,  88,  62,  88,  62,  50,  64,  64,  55,  63,  55,  63,  55,  63,  52,
     23,  52,  23,  62,  62,  56,  66,  56,  66,  50,  64,  54,  61,  56,  66,  56,
     66,  56,  66,  56,  66,  51,  68,  51,  68,  51,  68,  59,  79,  80,  59,  81,
     82,  84,  85,  50,  85,   7,  23,   7,  23,   7,  23,   7,  23,   7,  23,   7,
     23,   7,  23,   7,  23,   7,  23,   7,  23,   7,  23,   7,  23,  11,  24,  11,
     24,  11,  24,  11,  24,  11,  24,  11,  24,  11,  24,  11,  24,  10,  24,  10,
     24,  10,  24,  10,  24,  10,  24,  10,  24,  10,  24,  40,  41,  40,  41,  40,
     41,  40,  41,  40,  41,  18,  18,  42,  43,  42,  43,  42,  43,  42,  43,  42,
     43,  20,  30,  20,  30,  20,  30,  20,  30,   6,   6,   6,   2,   2,   5,   2,
      2,   5,  32,  33,  89,  90,  26,
};

static const uint16_t notosans_16_bolditalicKernRightCodepoints[] = {
    0x0021, 0x0022, 0x0026, 0x0027, 0x0029, 0x002C, 0x002D, 0x002E, 0x003A, 0x003B, 0x003F, 0x0041,
    0x0043, 0x0047, 0x0049, 0x004A, 0x004F, 0x0051, 0x0053, 0x0054, 0x0055, 0x0056, 0x0057, 0x0058,
    0x0059, 0x005A, 0x005D, 0x0061, 0x0063, 0x0064, 0x0065, 0x0066, 0x0067, 0x006A, 0x006D, 0x006E,
    0x006F, 0x0070, 0x0071, 0x0072, 0x0073, 0x0074, 0x0075, 0x0076, 0x0077, 0x0079, 0x007A, 0x007D,
    0x00AB, 0x00BB, 0x00C0, 0x00C1, 0x00C2, 0x00C3, 0x00C4, 0x00C5, 0x00C6, 0x00C7, 0x00D2, 0x00D3,
    0x00D4, 0x00D5, 0x00D6, 0x00D8, 0x00D9, 0x00DA, 0x00DB, 0x00DC, 0x00DD, 0x00DF, 0x00E0, 0x00E1,
    0x00E2, 0x00E3, 0x00E4, 0x00E5, 0x00E6, 0x00E7, 0x00E8, 0x00E9, 0x00EA, 0x00EB, 0x00F1, 0x00F2,
    0x00F3, 0x00F4, 0x00F5, 0x00F6, 0x00F8, 0x00F9, 0x00FA, 0x00FB, 0x00FC, 0x00FD, 0x00FF, 0x0100,
    0x0101, 0x0102, 0x0103, 0x0104, 0x0105, 0x0106, 0x0107, 0x0108, 0x0109, 0x010A, 0x010B, 0x010C,
    0x010D, 0x010F, 0x0111, 0x0113, 0x0115, 0x0117, 0x0119, 0x011B, 0x011C, 0x011D, 0x011E, 0x011F,
    0x0120, 0x0121, 0x0122, 0x0123, 0x0127, 0x0129, 0x0135, 0x0138, 0x0144, 0x0146, 0x0148, 0x014B,
    0x014C, 0x014D, 0x014E, 0x014F, 0x0150, 0x0151, 0x0152, 0x0153, 0x0155, 0x0157, 0x015B, 0x015D,
    0x015F, 0x0161, 0x0162, 0x0163, 0x0164, 0x0165, 0x0166, 0x0167, 0x0168, 0x0169, 0x016A, 0x016B,
    0x016C, 0x016D, 0x016E, 0x016F, 0x0170, 0x0171, 0x0172, 0x0173, 0x0174, 0x0175, 0x0176, 0x0177,
    0x0178, 0x0179, 0x017A, 0x017B, 0x017C, 0x017D, 0x017E, 0x01A0, 0x01A1, 0x01AF, 0x01B0, 0x01FA,
    0x01FB, 0x01FC, 0x01FD, 0x01FE, 0x01FF, 0x0219, 0x021A, 0x021B, 0x0402, 0x0404, 0x0405, 0x0408,
    0x0409, 0x040B, 0x040E, 0x0410, 0x0414, 0x0416, 0x0417, 0x041B, 0x041E, 0x0421, 0x0422, 0x0423,
    0x0424, 0x0425, 0x0427, 0x042A, 0x042D, 0x042F, 0x0430, 0x0431, 0x0432, 0x0433, 0x0434, 0x0435,
    0x0436, 0x0437, 0x0438, 0x0439, 0x043A, 0x043B, 0x043C, 0x043D, 0x043E, 0x043F, 0x0440, 0x0441,
    0x0442, 0x0443, 0x0444, 0x0445, 0x0446, 0x0447, 0x0448, 0x0449, 0x044A, 0x044B, 0x044C, 0x044D,
    0x044E, 0x044F, 0x0450, 0x0451, 0x0452, 0x0453, 0x0454, 0x0455, 0x0457, 0x0458, 0x0459, 0x045A,
    0x045B, 0x045C, 0x045D, 0x045E, 0x045F, 0x0460, 0x0461, 0x0462, 0x0465, 0x0466, 0x0467, 0x0469,
    0x046D, 0x046E, 0x046F, 0x0470, 0x0471, 0x0472, 0x0473, 0x0474, 0x0475, 0x0476, 0x0477, 0x0478,
    0x0479, 0x047A, 0x047B, 0x047C, 0x047D, 0x047E, 0x047F, 0x0480, 0x0481, 0x048B, 0x048C, 0x048D,
    0x048F, 0x0491, 0x0492, 0x0495, 0x0496, 0x0497, 0x0498, 0x0499, 0x049B, 0x049D, 0x049E, 0x049F,
    0x04A0, 0x04A1, 0x04A3, 0x04A5, 0x04A7, 0x04A8, 0x04A9, 0x04AA, 0x04AB, 0x04AC, 0x04AD, 0x04AE,
    0x04AF, 0x04B0, 0x04B1, 0x04B2, 0x04B3, 0x04B4, 0x04B5, 0x04B6, 0x04B7, 0x04B8, 0x04B9, 0x04BB,
    0x04BC, 0x04BD, 0x04BE, 0x04BF, 0x04C1, 0x04C2, 0x04C4, 0x04C5, 0x04C6, 0x04C8, 0x04CA, 0x04CB,
    0x04CC, 0x04CE, 0x04D0, 0x04D1, 0x04D2, 0x04D3, 0x04D4, 0x04D5, 0x04D7, 0x04D8, 0x04D9, 0x04DA,
    0x04DB, 0x04DC, 0x04DD, 0x04DE, 0x04DF, 0x04E3, 0x04E5, 0x04E6, 0x04E7, 0x04E8, 0x04E9, 0x04EA,
    0x04EB, 0x04EC, 0x04ED, 0x04EE, 0x04EF, 0x04F0, 0x04F1, 0x04F2, 0x04F3, 0x04F4, 0x04F5, 0x04F7,
    0x04F9, 0x04FA, 0x04FC, 0x04FD, 0x04FE, 0x04FF, 0x1EA0, 0x1EA1, 0x1EA2, 0x1EA3, 0x1EA4, 0x1EA5,
    0x1EA6, 0x1EA7, 0x1EA8, 0x1EA9, 0x1EAA, 0x1EAB, 0x1EAC, 0x1EAD, 0x1EAE, 0x1EAF, 0x1EB0, 0x1EB1,
    0x1EB2, 0x1EB3, 0x1EB4, 0x1EB5, 0x1EB6, 0x1EB7, 0x1EB9, 0x1EBB, 0x1EBD, 0x1EBF, 0x1EC1, 0x1EC3,
    0x1EC5, 0x1EC7, 0x1ECC, 0x1ECD, 0x1ECE, 0x1ECF, 0x1ED0, 0x1ED1, 0x1ED2, 0x1ED3, 0x1ED4, 0x1ED5,
    0x1ED6, 0x1ED7, 0x1ED8, 0x1ED9, 0x1EDA, 0x1EDB, 0x1EDC, 0x1EDD, 0x1EDE, 0x1EDF, 0x1EE0, 0x1EE1,
    0x1EE2, 0x1EE3, 0x1EE4, 0x1EE5, 0x1EE6, 0x1EE7, 0x1EE8, 0x1EE9, 0x1EEA, 0x1EEB, 0x1EEC, 0x1EED,
    0x1EEE, 0x1EEF, 0x1EF0, 0x1EF1, 0x1EF2, 0x1EF3, 0x1EF4, 0x1EF5, 0x1EF6, 0x1EF7, 0x1EF8, 0x1EF9,
    0x2013, 0x2014, 0x2015, 0x2018, 0x2019, 0x201A, 0x201C, 0x201D, 0x201E, 0x2026, 0x2039, 0x203A,
    0x207E, 0x208E, 0xFB00,
};

static const uint8_t notosans_16_bolditalicKernRightClassIds[] = {
      1,   2,   3,   2,   4,   5,   6,   5,   7,   7,   8,   9,  10,  10,  11,  12,
     10,  10,  13,  14,  15,  16,  16,  17,  18,  19,   4,  20,  21,  21,  21,  22,
     23,  24,  25,  25,  21,  25,  21,  25,  26,  27,  25,  28,  28,  28,  29,   4,
     30,  31,   9,   9,   9,   9,   9,   9,  32,  10,  10,  10,  10,  10,  10,  10,
     15,  15,  15,  15,  18,  24,  21,  20,  20,  20,  20,  20,  20,  21,  21,  21,
     21,  21,  25,  21,  21,  21,  21,  21,  21,  25,  25,  25,  25,  28,  28,   9,
     20,   9,  20,   9,  20,  10,  21,  10,  21,  10,  21,  10,  21,  21,  21,  21,
     21,  21,  21,  21,  10,  23,  10,  23,  10,  23,  10,  23,  33,  34,  24,  25,
     25,  25,  25,  25,  10,  21,  10,  21,  10,  21,  10,  21,  25,  25,  26,  26,
     26,  26,  14,  27,  14,  27,  14,  27,  15,  25,  15,  25,  15,  25,  15,  25,
     15,  25,  15,  25,  16,  28,  18,  28,  18,  19,  29,  19,  29,  19,  29,  10,
     21,  15,  25,   9,  20,  32,  20,  10,  21,  26,  14,  27,  35,  36,  37,  38,
     39,  35,  40,  41,  42,  43,  44,  39,  36,  36,  35,  40,  45,  43,  46,  35,
     44,  47,  48,  49,  48,  50,  51,  48,  52,  50,  53,  53,  54,  55,  54,  54,
     48,  54,  54,  48,  54,  56,  48,  57,  53,  58,  53,  53,  59,  53,  53,  52,
     54,  60,  48,  48,  61,  50,  48,  62,  63,  64,  55,  54,  61,  54,  53,  65,
     53,  66,  67,  68,  69,  41,  70,  69,  69,  44,  50,  46,  69,  71,  72,  66,
     67,  66,  67,  71,  72,  71,  72,  71,  72,  66,  67,  71,  72,  69,  68,  61,
     69,  69,  68,  69,  43,  50,  44,  50,  69,  69,  68,  61,  73,  59,  69,  69,
     69,  71,  72,  71,  72,  35,  69,  74,  75,  74,  75,  43,  52,  73,  59,  46,
     58,  46,  58,  69,  76,  77,  76,  77,  43,  52,  69,  78,  70,  69,  69,  46,
     58,  69,  41,  79,  41,  79,  41,  79,  72,  80,  50,  80,  50,  43,  52,  44,
     50,  69,  69,  71,  72,  71,  72,  71,  72,  44,  52,  40,  56,  40,  56,  40,
     56,  46,  58,  69,  53,  68,  43,  52,  43,  52,   9,  20,   9,  20,   9,  20,
      9,  20,   9,  20,   9,  20,   9,  20,   9,  20,   9,  20,   9,  20,   9,  20,
      9,  20,  21,  21,  21,  21,  21,  21,  21,  21,  10,  21,  10,  21,  10,  21,
     10,  21,  10,  21,  10,  21,  10,  21,  10,  21,  10,  21,  10,  21,  10,  21,
     10,  21,  15,  25,  15,  25,  15,  25,  15,  25,  15,  25,  15,  25,  15,  25,
     18,  28,  18,  28,  18,  28,  18,  28,   6,   6,   6,  81,   2,   5,  81,   2,
      5,   5,  30,  31,  82,  83,  22,
};

static const uint16_t notosans_16_bolditalicKernRowOffsets[] = {
        0,     2,    32,    35,    50,    65,    78,    84,    85,    88,    96,    97,   100,   102,   109,   115,
      116,   132,   134,   146,   160,   163,   164,   165,   168,   169,   171,   172,   177,   179,   182,   185,
      192,   200,   204,   205,   211,   213,   214,   219,   226,   232,   246,   254,   270,   299,   309,   314,
      316,   323,   342,   371,   395,   409,   423,   439,   452,   468,   487,   488,   504,   514,   522,   527,
      535,   545,   561,   570,   582,   600,   619,   628,   633,   641,   643,   655,   657,   664,   676,   700,
      704,   722,   726,   734,   741,   743,   758,   760,   763,   764,   765,
};

static const uint8_t notosans_16_bolditalicKernSparseCols[] = {
     70,  71,   8,  13,  15,  17,  19,  20,  22,  24,  25,  33,  34,  36,  38,  39,
     40,  41,  42,  43,  45,  49,  54,  55,  60,  62,  64,  68,  69,  71,  77,  78,
     13,  15,  17,  11,  21,  23,  34,  37,  38,  41,  42,  43,  44,  55,  60,  62,
     63,  64,   9,  13,  14,  15,  17,  34,  44,  45,  57,  58,  65,  70,  72,  73,
     75,  13,  34,  39,  41,  42,  45,  54,  55,  56,  57,  58,  64,  72,   1,   9,
     11,  13,  15,  17,   4,   2,   9,  29,   4,   8,  13,  15,  16,  17,  18,  36,
     11,   4,   7,   8,   9,  29,   1,   9,  13,  14,  15,  17,  29,   2,   4,   8,
     16,  18,  29,  29,   2,   4,   5,   7,   8,   9,  13,  19,  20,  22,  24,  25,
     27,  28,  29,  30,   4,   8,   2,   4,   7,   8,   9,  19,  20,  22,  24,  25,
     29,  30,   2,   4,   7,   8,   9,  19,  20,  22,  24,  25,  28,  29,  30,  31,
      2,   9,  29,  11,   1,   1,  27,  28,   1,   1,   3,  20,   1,   4,  19,  20,
     22,   1,   3,   1,   4,   7,  11,  13,  17,  13,  15,  17,  34,  39,  45,  72,
     13,  15,  17,  34,  39,  42,  45,  72,  11,  13,  15,  17,   3,   0,   1,   3,
      7,  32,  80,   3,  33,  11,   0,   1,   3,   7,  80,   7,  12,  13,  15,  16,
     17,  20,   1,  21,  25,  26,  27,  80,   1,   4,   7,   8,  10,  12,  13,  15,
     16,  17,  19,  20,  24,  80,   1,   4,   7,  21,  25,  26,  27,  80,   1,   3,
      4,  34,  35,  39,  42,  44,  45,  46,  51,  55,  57,  58,  64,  80,   3,   4,
      5,   6,  30,  34,  35,  38,  40,  41,  43,  44,  46,  47,  49,  50,  51,  52,
     53,  54,  55,  56,  57,  58,  59,  60,  61,  62,  64,  29,  35,  37,  44,  45,
     47,  50,  57,  70,  75,   4,  44,  45,  57,  80,  37,  63,   1,  34,  39,  45,
     57,  58,  80,   3,   4,   5,  29,  35,  37,  41,  44,  45,  47,  50,  52,  55,
     57,  58,  62,  64,  70,  75,   4,   5,   6,  29,  30,  35,  38,  40,  41,  44,
     46,  47,  48,  49,  50,  52,  53,  54,  57,  59,  60,  61,  62,  69,  70,  71,
     75,  76,  77,   1,  34,  35,  37,  38,  39,  44,  45,  47,  48,  50,  52,  54,
     55,  57,  58,  64,  65,  67,  72,  73,  75,  79,  80,   1,  35,  40,  42,  44,
     45,  51,  55,  56,  57,  58,  64,  75,  80,   4,  34,  36,  39,  40,  42,  43,
     44,  45,  46,  51,  57,  65,  73,   3,  34,  35,  37,  38,  40,  41,  42,  44,
     45,  54,  55,  57,  58,  63,  64,   4,  34,  39,  40,  42,  43,  45,  46,  57,
     65,  69,  72,  73,   4,   5,  29,  34,  38,  39,  40,  41,  42,  43,  46,  47,
     50,  54,  69,  77,   3,   4,   6,  34,  36,  38,  39,  40,  41,  42,  43,  45,
     46,  54,  65,  69,  72,  73,  77,  34,   1,   4,  34,  39,  42,  45,  49,  51,
     55,  56,  57,  58,  59,  61,  64,  80,   4,  34,  45,  49,  51,  55,  57,  58,
     59,  64,   1,  34,  45,  47,  50,  55,  57,  64,   1,   4,  34,  42,  56,  34,
     45,  47,  50,  54,  57,  71,  76,   4,   5,  34,  45,  47,  48,  50,  52,  57,
     80,   1,   4,  34,  39,  42,  45,  49,  51,  55,  56,  57,  58,  59,  61,  64,
     80,   1,  34,  42,  45,  55,  57,  58,  64,  80,   4,   5,  34,  38,  40,  42,
     47,  50,  54,  59,  69,  80,   1,   3,  34,  37,  38,  40,  41,  42,  44,  45,
     52,  54,  55,  57,  58,  63,  64,  80,   1,  34,  35,  38,  39,  41,  45,  48,
     51,  52,  55,  56,  57,  58,  64,  66,  74,  76,  80,   1,  34,  37,  55,  57,
     58,  63,  64,  80,  34,  39,  47,  50,  57,   1,   3,  34,  39,  42,  60,  62,
     80,  37,  63,   4,   5,  34,  38,  40,  42,  47,  50,  54,  59,  69,  80,   4,
     69,   1,  34,  45,  58,  65,  72,  73,   1,  55,  57,  58,  59,  64,  66,  68,
     71,  74,  76,  78,   4,   5,  29,  30,  34,  40,  44,  49,  51,  55,  57,  58,
     59,  61,  64,  66,  68,  69,  70,  71,  74,  75,  76,  77,   4,   5,  69,  71,
      4,   5,  34,  40,  44,  49,  51,  57,  60,  61,  68,  69,  70,  71,  72,  75,
     76,  77,   4,  66,  69,  71,   1,  55,  57,  58,  64,  66,  74,  76,  37,  44,
     57,  58,  70,  75,  76,  57,  71,   4,  40,  44,  49,  57,  59,  60,  68,  69,
     70,  71,  76,  77,  78,  79,   4,  69,  34,  65,  73,  81,  82,
};

static const int8_t notosans_16_bolditalicKernSparseValues[] = {
     -11,  -11,  -37,   11,   11,    5,  -21,  -32,  -16,  -16,  -16,   34,   11,   16,  -27,   16,
     -37,  -32,   16,   21,   11,    5,  -16,   11,   21,   21,   11,   -5,  -37,  -32,  -32,  -11,
     -32,  -21,  -32,   48,   21,   21,   16,   59,   -5,   21,   11,   16,  -11,   16,   21,   16,
      48,   16,  -27,  -37,  -11,  -32,  -32,  -32,  -21,  -43,  -32,  -27,  -32,  -27,  -37,  -32,
     -32,  -21,  -21,  -11,   -5,  -11,  -27,   -5,   -5,   -5,  -11,  -11,   -5,  -21,  -37,  -11,
      40,  -27,   -5,  -16,  -11,   -5,  -11,  -11,  -21,  -11,  -16,   -5,  -11,   -5,   -5,   -5,
      32,  -32,   11,  -11,  -11,  -11,  -43,  -11,  -21,   -5,  -11,  -21,  -21,  -11,  -69,  -27,
     -11,   -5,   -5,   -5,  -11,  -32,  -21,   11,  -27,  -11,    5,  -43,  -37,  -37,  -27,  -32,
     -11,  -21,  -32,  -21,  -11,   -5,   -5,  -27,   11,   -5,   -5,  -11,  -11,   -5,   -5,   -5,
     -21,  -11,  -16,  -32,   11,  -16,  -11,  -27,  -27,  -11,  -16,  -21,  -11,  -21,  -21,  -11,
     -11,   -5,   -5,   58,   -5,   -5,  -11,   -5,   11,   32,   21,  -11,   21,  -61,  -11,  -11,
      -5,   11,   11,   21,  -21,   11,   32,  -11,   -5,  -21,  -11,  -21,  -21,   -5,  -11,  -16,
     -32,  -21,  -21,  -32,  -11,  -11,  -32,  -21,   53,  -27,   -5,  -16,   21,   32,   41,   47,
      43,   37,   18,   21,   62,   27,   20,   31,   42,   20,   10,   16,   11,   16,   21,   16,
      32,   11,   11,   21,   11,   21,   27,   32,   11,  -21,   27,  -11,   16,   11,   37,   43,
      32,   43,  -11,    5,   -5,   11,   11,   -5,   11,   27,   11,   27,   27,   27,  -43,   -5,
     -11,  -37,   -5,  -11,   -5,   -5,  -43,   -5,   -5,  -16,  -16,  -32,  -16,  -37,   16,  -32,
     -21,  -11,  -21,    5,  -11,  -32,  -27,  -32,    5,  -19,   -5,  -37,  -11,  -50,  -10,  -16,
     -16,  -37,   -7,  -11,  -20,   -7,  -16,   27,  -16,   11,  -15,  -11,   -5,   11,  -11,   -5,
      -5,   -5,  -11,  -11,  -11,   -5,   -5,  -11,   -8,   -5,   27,   16,  -43,  -37,  -11,  -43,
     -16,  -27,  -27,   11,   -5,  -16,  -11,  -13,   11,    5,  -21,  -11,   -5,  -11,   -5,   -5,
     -16,   -5,    5,   -5,  -11,  -27,  -43,  -11,  -11,  -21,  -11,  -11,  -39,  -39,  -37,  -16,
     -16,  -16,  -11,   -5,  -26,   -5,  -11,  -30,  -11,   -5,   30,  -11,   11,  -21,   -5,  -11,
     -11,  -16,  -27,  -37,  -32,  -21,   16,   11,  -14,  -21,  -48,   -5,   -5,   -5,   -5,    7,
     -16,  -32,  -32,  -16,  -21,  -11,  -27,  -32,  -27,  -11,  -37,  -11,   -5,   -5,   -5,   -5,
     -11,   -5,  -16,   -5,  -16,  -21,  -16,  -11,  -11,  -11,  -11,   -5,   -5,   -5,   -5,   -5,
      -5,  -11,   -5,   -5,   -5,   -5,   -5,   21,   -5,   -5,   64,   16,    8,   16,    5,   -5,
     -16,   21,   16,  -21,  -11,   53,   16,  -21,  -21,  -21,  -11,  -13,   -5,  -11,   -5,   -5,
      -5,   -5,   -5,   -5,  -69,   -5,   -5,  -11,  -27,  -16,  -27,  -27,  -16,   -5,   -5,   -5,
      -5,  -21,  -27,  -32,  -11,  -21,   -5,  -27,   -5,  -11,  -29,  -11,   -8,  -21,  -11,  -11,
     -16,  -11,   -5,   -5,  -11,  -16,  -11,  -16,   -5,  -11,  -55,  -16,   -5,  -16,   -5,  -11,
     -21,  -11,  -11,  -11,   -5,   -5,  -21,  -11,  -11,  -32,   -5,   -5,   -5,  -16,  -11,   -5,
       3,  -16,   -5,  -27,   -5,   -5,   -5,  -11,   -5,  -11,   -5,  -11,  -11,   -5,   -5,  -21,
      -5,  -11,  -11,    5,  -11,  -11,  -11,   -5,  -11,  -10,   -5,  -11,   -5,  -11,   -8,   -5,
       5,   -5,  -11,  -37,  -16,   -5,  -16,   -5,  -11,  -21,  -11,  -11,  -11,   -5,   -5,  -21,
     -11,  -16,  -21,   -5,  -11,  -27,  -11,  -11,  -27,  -21,  -21,   -5,   -7,  -16,   -5,   -5,
     -13,  -13,  -27,   -5,  -11,   11,  -11,   21,  -27,   69,   21,   11,   21,   11,  -11,  -21,
      -5,   11,    5,  -11,  -11,   39,    5,  -16,  -32,  -48,  -16,    9,   -6,    3,  -64,   -5,
      -8,   -5,  -32,   -3,  -37,  -37,  -32,  -11,  -16,  -11,  -48,  -16,  -48,   46,  -21,  -11,
     -11,   14,  -21,  -21,  -16,  -11,   -5,   -5,  -11,   21,   16,   14,   11,    5,   20,    5,
      21,   43,   16,  -21,   -5,  -15,  -16,   -5,   -5,  -13,  -13,  -27,   -5,  -11,   11,  -21,
     -11,  -21,  -21,  -32,  -11,  -16,  -27,  -16,  -37,  -16,  -16,  -27,   16,  -16,  -11,   -5,
     -11,  -11,  -11,  -11,  -32,  -21,  -32,  -21,    5,  -27,  -21,  -11,  -11,  -21,  -27,  -21,
     -16,  -32,  -21,  -11,  -27,  -32,  -11,  -37,  -21,  -27,  -37,  -27,  -27,  -11,  -16,   -5,
     -27,  -11,   11,  -32,  -16,  -11,  -11,  -27,   11,  -16,  -16,  -27,  -11,  -21,   11,  -11,
     -16,  -21,  -16,   27,  -16,  -11,  -37,  -11,  -43,  -27,  -11,  -11,  -11,  -11,  117,  -16,
     -21,  -11,  -11,  -16,  -11,   -5,   -5,  -32,  -32,  -16,  -21,  -21,  -11,   11,  -16,  -27,
     -11,  -27,  -21,  -21,  -21,   -5,  -21,   -5,  -11,   -5,   -5,   17,   20,
};

static const EpdLigaturePair notosans_16_bolditalicLigaturePairs[] = {
    { 0x00660066, 0xFB00 }, // f f -> U+FB00
    { 0x00660069, 0xFB01 }, // f i -> U+FB01
    { 0x0066006C, 0xFB02 }, // f l -> U+FB02
    { 0xFB000069, 0xFB03 }, // U+FB00 i -> U+FB03
    { 0xFB00006C, 0xFB04 }, // U+FB00 l -> U+FB04
};

static const EpdFontData notosans_16_bolditalic = {
    notosans_16_bolditalicBitmaps,
    notosans_16_bolditalicGlyphs,
    notosans_16_bolditalicIntervals,
    18,
    45,
    36,
    -10,
    true,
    notosans_16_bolditalicGroups,
    25,
    nullptr,
    nullptr,  // kernLeftClasses: built-in fonts use the split arrays below
    nullptr,  // kernRightClasses
    notosans_16_bolditalicKernLeftCodepoints,
    notosans_16_bolditalicKernLeftClassIds,
    notosans_16_bolditalicKernRightCodepoints,
    notosans_16_bolditalicKernRightClassIds,
    nullptr,  // kernMatrix: built-in fonts use the sparse form below
    notosans_16_bolditalicKernRowOffsets,
    notosans_16_bolditalicKernSparseCols,
    notosans_16_bolditalicKernSparseValues,
    471,
    471,
    90,
    83,
    notosans_16_bolditalicLigaturePairs,
    5,
};
